ticker,ratio,latest_close,latest_volume,baseline_volume,dollar_volume_M,avg_dollar_vol_10d_M,dollar_surge_x,signal_gap_%,intraday_chg_%,candle_signal,candle_shape,candle_pos,close_pos,candle_score,latest_date
FUSE,829.0,0.65,53476804,64511,34.76,0.06,620.4,0.9,12.0,중립,위꼬리양봉,전고점돌파,0.21,0.15,2026-09-28
NAMI,805.9,2.24,46477161,57672,104.11,11.68,8.9,54.1,-8.6,중립,팽이도지,전고점부근,0.41,-0.56,2026-09-28
KNDI,745.6,0.82,88485769,118674,72.56,0.05,1333.5,5.4,32.3,강한매수,양봉,전고점돌파,0.53,2.24,2026-09-28
WBUY,550.2,0.9,37865691,68825,34.08,0.09,372.1,25.6,-13.9,중립,음봉,잔구간,0.0,-0.65,2026-09-28
SOAR,437.2,0.319,999814732,2286920,318.74,4.58,69.5,111.0,-15.8,중립,음봉,전고점돌파,0.04,0.25,2026-09-28
LABT,229.9,1.15,35362747,153795,40.67,0.29,138.1,23.4,-44.2,강한매도,장대음봉,전저점이탈,0.05,-3.29,2026-09-28
GYGY,176.0,0.873,113658119,645772,99.17,3.74,26.5,63.6,-27.9,매도주의,장대음봉,잔구간,0.19,-1.185,2026-09-28
BEAG,149.9,10.69,14054074,93731,150.24,1.0,150.8,0.3,-0.5,강한매도,장대음봉,전저점이탈,0.0,-3.35,2026-09-28
SCYX,139.5,4.62,7784229,55820,35.96,0.32,113.2,4.8,0.4,중립,위꼬리양봉,수횡파,0.25,-0.7,2026-09-28
YMT,90.1,1.77,16078404,178481,28.46,0.41,69.6,-1.1,-1.1,중립,망치형,잔구간,0.59,0.555,2026-09-28
MIMI,86.4,0.902,27001844,312594,24.35,1.6,15.3,33.6,-12.4,매도주의,장대음봉,잔구간,0.01,-1.295,2026-09-28
BNKK,85.3,1.87,9080115,106411,16.98,0.13,129.5,0.7,21.4,강한매수,양봉,전고점돌파,0.51,2.21,2026-09-28
ONFO,71.5,1.06,5900987,82507,6.26,0.17,37.7,-0.6,17.2,강한매수,양봉,전고점돌파,0.85,2.62,2026-09-28
NIVF,49.6,0.345,13989456,282102,4.82,0.72,6.7,-18.1,-24.9,강한매도,장대음봉,전저점이탈,0.16,-3.16,2026-09-28
LFCR,29.9,6.52,4010506,133971,26.15,0.59,44.6,55.2,0.0,매수관심,팽이도지,전고점돌파,0.49,1.49,2026-09-28
MEDS,25.0,3.81,33436120,1338614,127.39,136.79,0.9,27.7,-4.0,중립,팽이도지,잔구간,0.31,-0.115,2026-09-28
VWAV,24.5,4.57,7548589,308139,34.5,2.11,16.3,-7.6,1.6,강한매수,양봉스프링,전저점부근,0.91,3.74,2026-09-28
INLF,19.3,5.23,1142943,59265,5.98,28.09,0.2,-15.5,21.3,강한매수,장대양봉,완만한상승,0.89,3.37,2026-09-28
DBRGpI,14.1,14.9,1094680,77886,16.31,3.61,4.5,-1.1,1.1,매수관심,장대양봉,잔구간,1.0,1.3,2026-09-28
FFAI,13.9,1.41,20317104,1458909,28.65,5.43,5.3,10.6,-20.8,매도주의,장대음봉,잔구간,0.15,-1.21,2026-09-28
AIFF,13.3,1.69,3716129,279328,6.28,30.7,0.2,-12.9,-3.4,중립,망치형,잔구간,0.58,0.55,2026-09-28
ACET,11.4,6.35,2148970,188887,13.65,2.21,6.2,-11.8,-20.2,강한매도,장대음봉,전저점이탈,0.06,-3.28,2026-09-28
SHMD,10.9,4.375,5348473,490631,23.4,6.97,3.4,7.1,-6.5,중립,음봉,완만한상승,0.02,-0.38,2026-09-28
DLXY,10.8,2.44,1899009,175144,4.63,60.43,0.1,22.0,-20.0,중립,음봉,잔구간,0.04,-0.625,2026-09-28
KITT,10.1,1.81,922963,91408,1.67,2.95,0.6,-12.5,-10.8,강한매도,장대음봉,전저점이탈,0.23,-3.07,2026-09-28
POCI,9.7,4.525,522542,53678,2.36,0.2,11.8,2.6,-4.7,중립,음봉,잔구간,0.11,-0.585,2026-09-28
XHLD,8.6,0.978,22924180,2674137,22.42,41.28,0.5,-1.1,-92.4,강한매도,장대음봉,전저점이탈,0.01,-3.34,2026-09-28
WYY,8.6,5.9,944160,109263,5.57,3.52,1.6,-1.1,9.1,중립,양봉,잔구간,0.85,0.56,2026-09-28
NEXR,8.2,1.55,1766157,214878,2.74,1.12,2.4,2.0,2.0,중립,양봉,잔구간,0.7,0.47,2026-09-28
BACC,8.0,10.48,437397,54405,4.58,2.17,2.1,-0.1,0.0,매도주의,위꼬리양봉,전저점부근,0.0,-0.85,2026-09-28
ONCO,7.6,1.11,22569939,2983138,25.05,8.48,3.0,15.5,-6.7,매도주의,위꼬리음봉,완만한상승,0.19,-0.97,2026-09-28
OCUL,7.4,7.655,15442389,2081198,118.21,23.86,5.0,-2.8,-18.4,강한매도,장대음봉,전저점이탈,0.22,-3.09,2026-09-28
FTMU,7.3,7.31,1880057,257249,13.74,3.43,4.0,-0.5,-0.4,매도주의,음봉,전저점이탈,0.47,-1.49,2026-09-28
IBTL,7.3,19.465,1443099,198447,28.09,7.11,3.9,-0.4,0.0,매수관심,팽이도지,전저점부근,0.57,0.83,2026-09-28
MX,7.2,3.79,6845804,951917,25.95,4.34,6.0,17.9,-2.6,중립,음봉,전고점돌파,0.35,0.62,2026-09-28
FTMA,7.0,8.48,1340159,190222,11.36,2.17,5.2,-0.5,-0.5,매도주의,음봉,전저점이탈,0.43,-1.53,2026-09-28
NAUT,6.4,1.11,4102486,644252,4.55,0.83,5.5,3.9,11.0,강한매수,장대양봉,전고점돌파,0.67,3.7,2026-09-28
LGO,6.4,0.503,2293265,360230,1.15,0.71,1.6,2.1,-7.7,매도주의,장대음봉,전저점부근,0.07,-1.77,2026-09-28
EWZS,6.2,12.817,1233743,200019,15.81,2.69,5.9,-2.0,-0.5,매도주의,음봉,전저점이탈,0.14,-1.88,2026-09-28
NCI,5.6,2.38,5027297,903760,11.96,11.14,1.1,0.0,-83.8,강한매도,장대음봉,전저점이탈,0.06,-3.28,2026-09-28
AZUL,5.5,6.87,324221,58596,2.23,2.22,1.0,-0.3,6.2,강한매수,장대양봉,전고점돌파,0.92,4.0,2026-09-28
SDEV,5.5,1.57,14831143,2714911,23.28,3.65,6.4,16.8,-9.8,중립,음봉,완만한상승,0.31,-0.03,2026-09-28
VIOT,5.2,1.59,769411,148787,1.22,0.8,1.5,4.4,12.8,강한매수,장대양봉,전고점돌파,1.0,4.1,2026-09-28
TGL,5.2,1.49,1165915,225312,1.74,2.33,0.7,2.0,-31.4,강한매도,장대음봉,전저점이탈,0.09,-3.24,2026-09-28
CANG,5.0,2.29,1567698,311787,3.59,1.57,2.3,10.5,8.5,중립,양봉,잔구간,0.73,0.49,2026-09-28
GNPX,4.8,2.81,568365,118413,1.6,1.22,1.3,3.6,-17.6,강한매도,장대음봉,전저점이탈,0.15,-3.17,2026-09-28
DPRO,4.2,5.595,3225611,774996,18.05,4.95,3.6,0.9,3.6,매수관심,양봉,수횡파,0.4,1.18,2026-09-28
CDZI,4.2,3.58,3268139,770326,11.7,2.86,4.1,-1.4,-0.6,중립,팽이도지,잔구간,0.27,-0.14,2026-09-28
AMPU,4.1,2.06,1012519,245923,2.09,0.49,4.2,24.6,-21.7,매도주의,장대음봉,잔구간,0.09,-1.245,2026-09-28
ENHA,4.1,1.53,2274170,559582,3.48,0.99,3.5,1.4,4.8,강한매수,양봉,전고점돌파,0.48,2.18,2026-09-28
NYXH,3.9,1.59,642579,166507,1.02,0.21,4.9,10.7,-0.9,매수관심,팽이도지,전고점돌파,0.3,1.26,2026-09-28
DBRGpJ,3.7,15.48,397959,108744,6.16,3.67,1.7,-0.2,0.8,매수관심,양봉,완만한상승,0.45,1.54,2026-09-28
SMJF,3.6,2.23,2067229,567997,4.61,1.19,3.9,1.1,37.8,강한매수,장대양봉,전고점돌파,0.97,4.06,2026-09-28
EVN,3.5,9.36,362390,102920,3.39,1.11,3.1,-0.4,-4.0,강한매도,장대음봉,전저점이탈,0.19,-3.12,2026-09-28
SEER,3.5,2.03,699069,200617,1.42,0.49,2.9,-0.5,6.8,강한매수,장대양봉,전고점돌파,0.81,3.87,2026-09-28
MGNX,3.5,4.06,1912863,548019,7.77,1.89,4.1,-0.3,8.8,강한매수,장대양봉,완만한상승,0.88,3.36,2026-09-28
OFAL,3.4,0.537,4959059,1445371,2.66,1.89,1.4,2.1,5.3,중립,양봉,잔구간,1.0,0.65,2026-09-28
NRO,3.4,2.58,647760,191008,1.67,0.53,3.2,0.0,-2.3,강한매도,장대음봉,전저점이탈,0.33,-2.95,2026-09-28
MOBI,3.4,8.83,687793,200288,6.07,3.55,1.7,-0.8,-1.8,매도주의,위꼬리음봉,잔구간,0.07,-1.01,2026-09-28
IMTX,3.3,8.5,1467544,442885,12.47,5.62,2.2,-0.2,1.8,매수관심,양봉,완만한상승,0.77,1.92,2026-09-28
HBR,3.3,16.54,700422,215016,11.58,2.08,5.6,25.2,3.2,중립,위꼬리양봉,전고점돌파,0.4,0.38,2026-09-28
VKI,3.3,7.63,668032,199664,5.1,1.44,3.5,-1.0,-3.2,매도주의,음봉,전저점이탈,0.39,-1.58,2026-09-28
AGEN,3.3,9.43,2766014,833270,26.08,7.35,3.5,2.0,8.3,강한매수,양봉,전고점돌파,0.77,2.52,2026-09-28
AMPX,3.3,9.6,15129894,4652054,145.25,43.35,3.4,11.6,-11.8,매도주의,장대음봉,잔구간,0.07,-1.26,2026-09-28
ENVX,3.2,2.555,17287050,5379834,44.17,18.31,2.4,-0.3,-10.7,강한매도,장대음봉,전저점이탈,0.19,-3.12,2026-09-28
ITG,3.2,7.065,1143756,355893,8.08,8.22,1.0,-1.2,-31.7,강한매도,장대음봉,전저점이탈,0.0,-3.35,2026-09-28
SPCG,3.1,16.27,2536319,809756,41.27,15.65,2.6,0.1,4.2,강한매수,양봉,전고점돌파,0.98,2.78,2026-09-28
XRPN,3.1,10.575,405370,130075,4.29,3.51,1.2,0.0,-0.0,매도주의,위꼬리음봉,잔구간,0.0,-1.05,2026-09-28
GMTL,3.1,9.16,324753,106369,2.97,1.42,2.1,-2.1,-7.3,강한매도,장대음봉,전저점이탈,0.03,-3.31,2026-09-28
MUJ,3.1,11.14,355658,114916,3.96,1.75,2.3,-1.0,-0.4,매도주의,팽이도지,전저점이탈,0.33,-0.95,2026-09-28
EIM,3.1,8.74,680031,217845,5.94,2.26,2.6,-0.3,-0.7,중립,음봉,잔구간,0.42,-0.4,2026-09-28
PWRL,3.0,10.76,425044,143484,4.57,1.66,2.8,-0.8,-1.5,매도주의,음봉,전저점이탈,0.46,-1.5,2026-09-28
PACB,3.0,1.71,21281906,6987795,36.39,9.96,3.7,-1.2,6.9,강한매수,양봉,전고점돌파,0.57,2.28,2026-09-28
IFN,3.0,10.65,339547,115007,3.62,1.48,2.4,-0.5,-1.7,강한매도,장대음봉,전저점이탈,0.25,-3.05,2026-09-28
MNTN,2.9,10.19,1487640,519017,15.16,7.83,1.9,-0.5,-6.9,강한매도,장대음봉,전저점이탈,0.2,-3.11,2026-09-28
MNOV,2.9,2.1,1618034,563213,3.4,4.75,0.7,-7.0,-12.5,매도주의,음봉,전저점이탈,0.54,-1.4,2026-09-28
LXRX,2.9,1.9,10893991,3807120,20.7,6.87,3.0,4.7,1.1,중립,팽이도지,잔구간,0.37,-0.08,2026-09-28
BSBR,2.9,5.71,4932289,1690330,28.16,15.45,1.8,-1.4,0.5,중립,양봉,잔구간,0.4,0.29,2026-09-28
FDUS,2.9,19.13,579826,201347,11.09,5.55,2.0,-0.2,0.1,중립,팽이도지,잔구간,0.44,-0.035,2026-09-28
TKC,2.9,5.1,3743947,1295034,19.09,10.29,1.9,-1.9,0.6,중립,양봉,잔구간,0.69,0.465,2026-09-28
III,2.9,5.37,539150,188642,2.9,1.25,2.3,-1.0,3.1,중립,양봉,잔구간,0.78,0.52,2026-09-28
OKUR,2.8,2.76,442229,158234,1.22,0.45,2.7,-1.0,-3.8,매도주의,음봉,전저점이탈,0.57,-1.37,2026-09-28
CHW,2.8,8.14,468688,166873,3.82,1.33,2.9,-0.4,-1.1,중립,음봉,잔구간,0.54,-0.325,2026-09-28
NDMO,2.8,8.66,838001,298996,7.26,3.54,2.1,-0.6,-1.1,매도주의,음봉,전저점이탈,0.43,-1.53,2026-09-28
AMC,2.7,3.29,72730963,26859354,239.28,84.46,2.8,-0.7,12.7,강한매수,장대양봉,전고점돌파,0.78,3.84,2026-09-28
NVTX,2.7,16.06,651237,244153,10.46,3.93,2.7,-2.3,-4.6,중립,음봉,잔구간,0.33,-0.45,2026-09-28
NZF,2.7,10.72,3156369,1184280,33.84,13.59,2.5,-0.8,-2.1,강한매도,장대음봉,전저점이탈,0.36,-2.92,2026-09-28
OIA,2.7,5.38,585667,214577,3.15,1.07,3.0,-1.1,-0.9,중립,망치형,전저점이탈,0.81,0.62,2026-09-28
INSE,2.6,3.99,695745,269373,2.78,1.39,2.0,-0.9,-11.9,강한매도,장대음봉,전저점이탈,0.12,-3.21,2026-09-28
DDI,2.6,13.09,448131,171642,5.87,2.64,2.2,-0.1,0.8,매수관심,양봉,완만한상승,0.58,1.7,2026-09-28
EXFY,2.6,2.15,1124565,434901,2.42,1.32,1.8,-1.4,-1.4,중립,망치형,전저점이탈,0.67,0.45,2026-09-28
KC,2.5,9.15,2701655,1074888,24.72,11.46,2.2,-2.1,-3.3,강한매도,장대음봉,전저점이탈,0.04,-3.3,2026-09-28
AFYA,2.5,12.04,794908,317906,9.57,5.13,1.9,-6.1,-1.4,강한매도,위꼬리음봉,전저점이탈,0.02,-2.83,2026-09-28
SPSK,2.5,17.4,377579,152966,6.57,25.02,0.3,-0.9,-0.3,매도주의,음봉,전저점이탈,0.25,-1.75,2026-09-28
YMM,2.5,8.2,11958129,4755266,98.06,35.2,2.8,0.2,0.6,매수관심,양봉,완만한상승,0.64,1.77,2026-09-28
DBVT,2.5,11.64,712947,285997,8.3,2.79,3.0,0.0,0.7,중립,위꼬리양봉,잔구간,0.18,-0.69,2026-09-28
CDT,2.5,1.9,1219518,483325,2.32,1.43,1.6,-6.2,1.3,강한매수,양봉스프링,전저점부근,0.86,3.68,2026-09-28
FAX,2.5,13.19,412427,165522,5.44,2.84,1.9,-0.8,-1.5,매도주의,음봉,전저점이탈,0.48,-1.47,2026-09-28
TRT,2.5,6.42,794185,323843,5.1,4.89,1.0,-2.8,6.3,매수관심,양봉,완만한상승,0.58,1.7,2026-09-28
IIM,2.5,10.67,553573,221001,5.91,2.15,2.7,-0.8,-2.2,매도주의,음봉,전저점이탈,0.37,-1.61,2026-09-28
ZUMZ,2.4,14.14,785947,326088,11.11,5.71,1.9,-1.0,7.3,매수관심,장대양봉,잔구간,0.73,1.14,2026-09-28
OIS,2.4,8.31,1250944,520137,10.4,4.75,2.2,1.6,-1.2,중립,음봉,완만한상승,0.2,-0.16,2026-09-28
JDZG,2.4,4.48,2377416,996757,10.65,4.46,2.4,0.0,3.9,매수관심,양봉스프링,전고점부근,0.97,1.61,2026-09-28
ASPI,2.4,2.6,8567631,3544536,22.28,13.59,1.6,-2.2,-9.1,강한매도,장대음봉,전저점이탈,0.25,-3.05,2026-09-28
ADAG,2.4,3.2,529852,217176,1.7,0.84,2.0,0.3,8.8,매수관심,장대양봉,잔구간,0.97,1.28,2026-09-28
VGM,2.4,8.72,1044293,435341,9.11,3.12,2.9,-0.4,-4.0,강한매도,장대음봉,전저점이탈,0.28,-3.01,2026-09-28
XERS,2.4,9.83,4463349,1865994,43.87,18.47,2.4,-0.5,8.6,강한매수,장대양봉,전고점돌파,0.83,3.9,2026-09-28
NU,2.4,12.23,143669840,60477072,1757.08,913.63,1.9,-7.8,-2.4,강한매도,장대음봉,전저점이탈,0.02,-3.33,2026-09-28
MUA,2.4,9.32,878951,363653,8.19,4.08,2.0,-0.6,-1.8,강한매도,장대음봉,전저점이탈,0.1,-3.23,2026-09-28
QTEX,2.3,0.688,3955757,1711811,2.72,1.28,2.1,0.0,-11.4,매도주의,음봉,전저점이탈,0.57,-1.37,2026-09-28
AHRT,2.3,5.9,2156980,948112,12.73,5.97,2.1,-0.5,0.3,강한매수,양봉스프링,전저점부근,0.84,3.66,2026-09-28
XMAX,2.3,8.76,935834,402319,8.2,4.68,1.8,-0.1,0.7,강한매수,양봉,완만한상승,0.88,2.06,2026-09-28
PLG,2.3,1.29,1538863,683930,1.99,1.3,1.5,-3.0,0.8,중립,팽이도지,전저점이탈,0.6,-0.63,2026-09-28
HMH,2.2,19.28,331430,150660,6.39,4.36,1.5,0.1,0.5,중립,팽이도지,잔구간,0.47,-0.02,2026-09-28
SPCF,2.2,15.56,2233326,1028117,34.75,19.72,1.8,-0.3,-4.1,강한매도,음봉,전저점이탈,0.02,-2.03,2026-09-28
SWMR,2.2,18.18,1374204,626185,24.98,34.45,0.7,-0.5,-11.8,강한매도,장대음봉,전저점이탈,0.03,-3.31,2026-09-28
UNIT,2.2,8.65,4202298,1936391,36.35,20.23,1.8,-1.5,-1.5,매도주의,음봉,전저점이탈,0.33,-1.65,2026-09-28
TCPC,2.2,3.98,1232961,562700,4.91,3.31,1.5,-0.2,-0.5,중립,망치형,잔구간,0.71,0.625,2026-09-28
BILI,2.2,15.14,5479267,2458329,82.96,41.52,2.0,2.7,-1.0,매도주의,장대음봉,완만한상승,0.06,-1.63,2026-09-28
AVPT,2.2,13.67,3553054,1620096,48.57,25.99,1.9,-1.8,7.1,강한매수,장대양봉,전고점부근,0.98,2.13,2026-09-28
NUV,2.2,8.15,3393315,1527814,27.66,10.99,2.5,-0.6,0.2,매수관심,양봉스프링,잔구간,1.0,1.05,2026-09-28
CHI,2.1,11.36,303458,141552,3.45,2.13,1.6,-0.2,-4.4,강한매도,장대음봉,전저점이탈,0.0,-3.35,2026-09-28
STDN,2.1,11.53,583033,280277,6.72,6.72,1.0,-1.5,-5.2,강한매도,장대음봉,전저점이탈,0.16,-3.16,2026-09-28
OTLK,2.1,0.621,6098392,2905001,3.79,2.5,1.5,-1.5,-1.4,중립,망치형,전저점이탈,0.55,0.31,2026-09-28
QTRX,2.1,3.52,1044649,494334,3.68,3.61,1.0,-0.6,8.3,강한매수,장대양봉,전고점돌파,0.65,3.68,2026-09-28
MARO,2.1,4.14,1329292,629420,5.5,2.53,2.2,0.0,-2.8,매도주의,장대음봉,잔구간,0.11,-1.235,2026-09-28
LYNX,2.1,12.27,614165,286761,7.54,5.08,1.5,-1.1,-3.5,강한매도,장대음봉,전저점이탈,0.1,-3.23,2026-09-28
ATII,2.1,10.685,317653,152474,3.39,5.7,0.6,-0.1,0.0,중립,양봉,잔구간,0.75,0.5,2026-09-28
TOYO,2.1,4.21,690576,334369,2.91,1.45,2.0,-5.8,0.0,강한매도,위꼬리양봉,전저점이탈,0.21,-2.1,2026-09-28
FOXF,2.1,18.74,943921,448852,17.69,8.93,2.0,1.1,-0.1,중립,팽이도지,잔구간,0.65,0.09,2026-09-28
NRK,2.1,9.12,951431,460669,8.68,4.91,1.8,-0.6,-1.8,강한매도,장대음봉,전저점이탈,0.0,-3.35,2026-09-28
CNTB,2.0,1.08,2464393,1253239,2.66,3.31,0.8,0.0,0.0,중립,팽이도지,잔구간,0.5,0.0,2026-09-28
CRESY,2.0,11.93,600404,306740,7.16,3.81,1.9,-0.2,-5.9,강한매도,장대음봉,전저점이탈,0.14,-3.18,2026-09-28
PAYP,2.0,16.0,982538,496878,15.72,8.98,1.8,-1.5,-1.7,매도주의,음봉,전저점이탈,0.15,-1.87,2026-09-28
PML,2.0,6.5,1802153,923943,11.71,5.33,2.2,-0.1,-0.8,매도주의,음봉,전저점이탈,0.29,-1.7,2026-09-28
PALI,2.0,1.5,8684938,4279305,13.03,7.98,1.6,0.0,3.4,중립,양봉,잔구간,0.7,0.47,2026-09-28
FWRD,2.0,15.27,923437,459436,14.1,7.81,1.8,-1.2,5.2,매수관심,장대양봉,잔구간,0.98,1.29,2026-09-28
ABOS,2.0,2.3,856379,433313,1.97,1.15,1.7,-0.9,3.6,매수관심,양봉,완만한상승,0.59,1.71,2026-09-28
FRGT,2.0,0.33,4371862,2159999,1.44,2.72,0.5,-2.8,-3.0,매도주의,위꼬리음봉,전저점부근,0.12,-1.21,2026-09-28
MHD,2.0,10.27,1806404,913731,18.55,8.85,2.1,-0.5,-2.0,강한매도,장대음봉,전저점이탈,0.28,-3.01,2026-09-28
NVG,2.0,10.48,2313120,1141776,24.24,13.22,1.8,-0.8,-2.1,강한매도,장대음봉,전저점이탈,0.29,-3.0,2026-09-28
PSLV,2.0,19.74,9779888,4973791,193.05,114.91,1.7,-5.0,-1.1,매도주의,음봉,전저점이탈,0.07,-1.97,2026-09-28
IMDX,1.9,3.18,590529,311386,1.88,1.31,1.4,-2.6,-16.8,강한매도,장대음봉,전저점이탈,0.04,-3.3,2026-09-28
SJT,1.9,3.72,1199531,628834,4.46,1.36,3.3,-0.9,9.7,강한매수,장대양봉,전고점돌파,0.83,3.9,2026-09-28
TSI,1.9,4.27,336967,181425,1.44,0.88,1.6,-0.2,0.9,강한매수,장대양봉,완만한상승,1.0,3.5,2026-09-28
IONZ,1.9,19.765,735126,392671,14.53,10.63,1.4,0.2,4.0,매수관심,양봉스프링,잔구간,0.99,1.045,2026-09-28
SHNY,1.9,7.79,2289478,1184582,17.84,10.26,1.7,-10.4,-1.8,매도주의,음봉,전저점이탈,0.19,-1.82,2026-09-28
OMDA,1.9,19.39,1762189,918167,34.17,32.93,1.0,-0.3,-1.1,매도주의,음봉,전저점이탈,0.5,-1.45,2026-09-28
PPLT,1.9,15.57,2625231,1407314,40.87,31.36,1.3,-3.0,-0.2,매도주의,팽이도지,전저점이탈,0.36,-0.92,2026-09-28
VCV,1.9,8.93,463468,244111,4.14,2.2,1.9,-1.0,-1.3,매도주의,음봉,전저점이탈,0.52,-1.43,2026-09-28
PK,1.9,15.72,4941197,2572313,77.68,48.1,1.6,1.4,0.5,매수관심,팽이도지,전고점돌파,0.59,1.61,2026-09-28
LPL,1.9,3.0,3988955,2069639,11.97,7.12,1.7,-0.3,1.0,중립,위꼬리양봉,완만한상승,0.32,-0.32,2026-09-28
GPRK,1.9,10.68,1551697,800577,16.57,8.95,1.9,1.0,-5.6,매도주의,장대음봉,잔구간,0.06,-1.265,2026-09-28
SVRA,1.9,5.07,4371598,2316765,22.16,9.43,2.3,-0.6,2.0,중립,양봉,잔구간,0.71,0.475,2026-09-28
IHS,1.9,8.38,827619,438062,6.94,4.99,1.4,0.1,-0.7,강한매도,장대음봉,전저점이탈,0.13,-3.19,2026-09-28
MUST,1.9,19.05,354870,189074,6.76,7.25,0.9,-0.3,-0.8,중립,음봉,전저점부근,0.53,0.09,2026-09-28
MLN,1.9,16.25,1097336,567200,17.83,11.45,1.6,-0.2,-0.5,매도주의,음봉,전저점이탈,0.6,-1.33,2026-09-28
MAT,1.9,13.34,7382657,3925195,98.48,62.47,1.6,0.0,0.4,중립,위꼬리양봉,완만한상승,0.28,-0.36,2026-09-28
NVTS,1.9,11.73,20601691,10783432,241.66,134.59,1.8,-0.8,-3.1,매도주의,장대음봉,잔구간,0.22,-1.17,2026-09-28
NMZ,1.9,8.77,2200379,1155250,19.3,11.77,1.6,-0.3,-2.4,강한매도,장대음봉,전저점이탈,0.15,-3.17,2026-09-28
YYY,1.9,10.48,710154,371259,7.44,6.82,1.1,-0.3,-0.9,강한매도,장대음봉,전저점이탈,0.17,-3.15,2026-09-28
NXP,1.9,13.01,644022,346496,8.38,4.07,2.1,-0.5,0.1,매수관심,양봉스프링,잔구간,0.78,0.92,2026-09-28
ECAT,1.8,14.01,574491,319137,8.05,8.55,0.9,-0.4,0.0,매수관심,양봉스프링,잔구간,0.77,0.91,2026-09-28
WSHP,1.8,6.34,357846,195970,2.27,1.16,2.0,0.0,4.6,중립,양봉,잔구간,0.8,0.53,2026-09-28
CTGO,1.8,16.95,542821,306876,9.2,8.93,1.0,-4.9,-4.0,강한매도,장대음봉,전저점이탈,0.01,-3.34,2026-09-28
SLI,1.8,1.83,3253618,1826078,5.95,4.27,1.4,-0.5,-1.1,중립,팽이도지,잔구간,0.55,0.03,2026-09-28
KDK,1.8,2.27,5885190,3229211,13.36,11.84,1.1,-0.4,-6.2,중립,음봉,잔구간,0.08,-0.6,2026-09-28
KYIV,1.8,12.76,596616,329656,7.61,3.82,2.0,-0.4,-1.8,강한매도,장대음봉,전저점이탈,0.35,-2.93,2026-09-28
FA,1.8,18.61,2232938,1213296,41.55,26.87,1.5,-1.2,-3.9,강한매도,장대음봉,전저점이탈,0.03,-3.31,2026-09-28
INTR,1.8,5.04,6703831,3700068,33.79,19.57,1.7,-2.3,1.0,중립,양봉,잔구간,0.54,0.375,2026-09-28
ALDX,1.8,1.16,1020512,564399,1.18,0.89,1.3,-2.1,-1.7,강한매도,위꼬리음봉,전저점이탈,0.14,-2.68,2026-09-28
ABCL,1.8,13.92,7832046,4356104,109.02,58.02,1.9,-2.0,11.9,강한매수,장대양봉,전고점돌파,0.83,3.9,2026-09-28
RBLU,1.8,4.08,716760,389157,2.92,2.46,1.2,-11.6,-9.3,강한매도,장대음봉,전저점이탈,0.02,-3.33,2026-09-28
FRVO,1.8,14.105,11690057,6658531,164.89,98.6,1.7,-0.0,-7.1,강한매도,장대음봉,전저점이탈,0.19,-3.12,2026-09-28
SPAL,1.8,15.95,1341593,763446,21.4,16.73,1.3,0.2,-4.3,강한매도,음봉,전저점이탈,0.03,-2.01,2026-09-28
SMU,1.8,16.13,604277,344516,9.75,13.11,0.7,-4.0,-7.8,강한매도,장대음봉,전저점이탈,0.09,-3.24,2026-09-28
PFFA,1.8,19.75,1723831,967857,34.05,20.42,1.7,-0.4,-0.8,강한매도,장대음봉,전저점이탈,0.08,-3.25,2026-09-28
MFM,1.8,4.87,919173,524411,4.48,2.34,1.9,-0.8,0.0,매수관심,양봉스프링,전저점이탈,0.79,1.1,2026-09-28
PFFD,1.8,17.64,1639558,913692,28.92,18.21,1.6,-0.6,-0.5,매도주의,음봉,전저점이탈,0.26,-1.74,2026-09-28
DLO,1.8,13.82,2611828,1441073,36.1,21.43,1.7,-1.2,-0.6,중립,음봉,잔구간,0.13,-0.57,2026-09-28
EC,1.8,16.7,2705040,1531498,45.17,25.9,1.7,2.1,-1.3,중립,음봉,완만한상승,0.14,-0.23,2026-09-28
THRY,1.8,1.605,944745,519681,1.52,1.54,1.0,-0.6,-9.8,강한매도,장대음봉,전저점이탈,0.03,-3.31,2026-09-28
BZUN,1.8,3.09,326361,182463,1.01,0.59,1.7,1.7,3.3,강한매수,양봉,완만한상승,0.95,2.14,2026-09-28
CABO,1.8,12.57,606562,339736,7.62,5.89,1.3,-1.1,-13.3,강한매도,장대음봉,전저점이탈,0.11,-3.22,2026-09-28
ALTG,1.8,5.78,462407,250740,2.67,1.31,2.0,-1.1,-6.0,매도주의,장대음봉,수횡파,0.19,-1.77,2026-09-28
GBTG,1.8,9.5,3938240,2191468,37.41,22.73,1.6,0.0,0.0,중립,팽이도지,전고점부근,0.5,-0.45,2026-09-28
FTNY,1.8,7.3,370004,206701,2.7,1.69,1.6,-0.3,-0.7,매도주의,음봉,전저점이탈,0.22,-1.79,2026-09-28
KBWD,1.8,11.194,644623,356343,7.22,5.11,1.4,0.1,-1.2,매도주의,장대음봉,전저점부근,0.32,-1.47,2026-09-28
BBAR,1.8,12.55,643374,350764,8.07,5.66,1.4,-1.1,-3.5,강한매도,장대음봉,전저점이탈,0.21,-3.1,2026-09-28
ASGI,1.8,19.05,431102,238695,8.21,8.76,0.9,-0.9,-0.2,중립,팽이도지,전저점부근,0.44,0.68,2026-09-28
MTLS,1.8,8.58,325540,184886,2.79,1.59,1.8,-1.1,2.9,강한매수,장대양봉,전고점부근,0.92,2.05,2026-09-28
ARIS,1.8,17.5,3088722,1678872,54.05,30.08,1.8,-6.3,-1.3,매도주의,음봉,전저점이탈,0.26,-1.74,2026-09-28
PTLO,1.8,3.52,2743005,1488334,9.66,5.66,1.7,-0.7,1.4,매수관심,양봉스프링,잔구간,0.96,1.025,2026-09-28
MMU,1.8,8.83,463945,263290,4.1,2.61,1.6,-0.8,-0.9,매도주의,음봉,전저점이탈,0.56,-1.38,2026-09-28
VLY,1.7,12.78,11951091,7159907,152.73,107.07,1.4,-0.3,-2.0,매도주의,장대음봉,전저점부근,0.19,-1.62,2026-09-28
WW,1.7,15.03,485845,277683,7.3,3.83,1.9,-2.5,7.4,강한매수,장대양봉,완만한상승,0.94,3.43,2026-09-28
XPRO,1.7,16.32,1078671,636619,17.6,13.86,1.3,1.0,-1.0,중립,음봉,잔구간,0.53,-0.33,2026-09-28
IKT,1.7,2.05,765110,457977,1.57,1.63,1.0,-0.5,0.0,강한매수,양봉스프링,전저점부근,0.88,3.71,2026-09-28
TNYA,1.7,0.59,6083975,3660236,3.59,1.92,1.9,-1.6,-1.7,매도주의,음봉,전저점이탈,0.53,-1.41,2026-09-28
CSQR,1.7,16.14,1937923,1126849,31.28,43.36,0.7,-1.2,-3.9,강한매도,장대음봉,전저점이탈,0.3,-2.99,2026-09-28
WEN,1.7,6.39,7823107,4618859,49.99,42.72,1.2,-0.6,-1.8,강한매도,장대음봉,전저점이탈,0.25,-3.05,2026-09-28
EVH,1.7,3.65,3397881,1948819,12.4,9.87,1.3,-1.1,2.2,매수관심,양봉,완만한상승,0.71,1.85,2026-09-28
AIOT,1.7,2.62,2587752,1516905,6.78,4.29,1.6,0.7,-7.1,강한매도,장대음봉,전저점이탈,0.26,-3.04,2026-09-28
FIP,1.7,2.89,1818891,1056506,5.26,4.93,1.1,3.0,-10.2,매도주의,장대음봉,잔구간,0.16,-1.205,2026-09-28
ALXO,1.7,1.39,1959125,1186318,2.72,2.16,1.3,0.8,5.3,중립,양봉,잔구간,0.62,0.42,2026-09-28
SSPC,1.7,9.53,19217608,11305730,183.14,114.44,1.6,0.3,4.2,강한매수,양봉,전고점돌파,0.99,2.79,2026-09-28
HGTY,1.7,13.53,480357,287870,6.5,5.13,1.3,-1.0,0.6,매수관심,양봉스프링,잔구간,0.83,0.95,2026-09-28
SPCH,1.7,9.36,28695906,16904501,268.59,200.09,1.3,-0.3,-4.0,강한매도,음봉,전저점이탈,0.03,-2.01,2026-09-28
FNKO,1.7,5.46,1379437,796122,7.53,5.82,1.3,-1.6,0.9,중립,팽이도지,잔구간,0.62,0.07,2026-09-28
RLJ,1.7,11.07,2487619,1433047,27.54,18.27,1.5,-0.2,-1.0,중립,망치형,잔구간,0.6,0.56,2026-09-28
ALIT,1.7,9.87,782636,467936,7.72,5.53,1.4,-1.8,-8.8,강한매도,장대음봉,전저점이탈,0.15,-3.17,2026-09-28
IVVD,1.7,0.95,11005181,6593933,10.45,5.75,1.8,4.5,-2.7,중립,음봉,완만한상승,0.14,-0.23,2026-09-28
SFIX,1.7,2.47,7432468,4492835,18.36,11.16,1.6,-1.5,16.4,매수관심,장대양봉,잔구간,0.96,1.275,2026-09-28
EXG,1.7,9.45,513558,298641,4.85,3.27,1.5,-0.1,-1.3,매도주의,장대음봉,전저점부근,0.17,-1.65,2026-09-28
GUT,1.7,5.86,314947,190660,1.85,1.55,1.2,0.0,-0.7,중립,음봉,전저점부근,0.3,-0.19,2026-09-28
FTCA,1.7,6.82,617663,363568,4.21,2.53,1.7,-0.4,-0.6,강한매도,장대음봉,전저점이탈,0.2,-3.11,2026-09-28
BLOX,1.7,13.8,553428,331004,7.64,4.55,1.7,-1.4,-1.6,중립,음봉,잔구간,0.0,-0.65,2026-09-28
MNTK,1.7,2.8,1155826,692779,3.24,2.49,1.3,-0.3,-4.1,매도주의,장대음봉,잔구간,0.4,-1.06,2026-09-28
BDJ,1.7,9.44,647379,379061,6.11,4.22,1.4,-0.5,-1.3,강한매도,장대음봉,전저점이탈,0.0,-3.35,2026-09-28
MMT,1.7,4.23,320868,186182,1.36,1.25,1.1,-0.5,-1.4,중립,음봉,잔구간,0.0,-0.65,2026-09-28
NXRT,1.7,19.84,1443722,864313,28.64,22.54,1.3,0.8,0.3,중립,팽이도지,잔구간,0.7,0.12,2026-09-28
NMCO,1.7,8.81,1056545,626810,9.31,4.98,1.9,-0.7,-2.2,강한매도,장대음봉,전저점이탈,0.13,-3.19,2026-09-28
NEOG,1.7,13.72,7572577,4510964,103.9,54.01,1.9,-0.1,-0.2,중립,망치형,잔구간,0.7,0.62,2026-09-28
NEA,1.7,9.72,4273117,2539599,41.53,26.55,1.6,-0.8,-2.0,강한매도,장대음봉,전저점이탈,0.26,-3.04,2026-09-28
MYI,1.7,9.58,1282726,745158,12.29,7.86,1.6,-0.9,-1.1,매도주의,음봉,전저점이탈,0.41,-1.56,2026-09-28
MQY,1.7,10.01,1629958,975190,16.32,11.37,1.4,-1.4,-0.1,중립,팽이도지,전저점이탈,0.65,-0.57,2026-09-28
LSPD,1.7,9.69,987589,566439,9.57,6.35,1.5,-0.6,-1.2,중립,음봉,잔구간,0.48,-0.36,2026-09-28
ASC,1.7,18.15,934800,564014,16.97,10.79,1.6,1.7,0.0,매수관심,팽이도지,완만한상승,0.61,1.03,2026-09-28
NMRA,1.7,0.692,3410716,2004063,2.36,1.71,1.4,-4.4,6.8,중립,양봉,잔구간,0.48,0.34,2026-09-28
SCZM,1.7,9.02,737507,427185,6.65,4.52,1.5,-7.2,2.5,중립,양봉,잔구간,0.76,0.505,2026-09-28
MH,1.7,12.5,1066359,641908,13.33,8.02,1.7,-1.3,-0.5,중립,팽이도지,전저점이탈,0.5,-0.75,2026-09-28
RA,1.7,11.54,405621,235663,4.68,3.64,1.3,-0.8,-0.7,강한매도,음봉,전저점이탈,0.0,-2.05,2026-09-28
RNXT,1.7,1.55,877000,528866,1.36,1.1,1.2,-0.6,-6.1,매도주의,장대음봉,잔구간,0.33,-1.1,2026-09-28
ANNX,1.7,4.01,5072611,2967411,20.34,13.06,1.6,5.8,4.2,중립,양봉,잔구간,0.8,0.53,2026-09-28
BUR,1.7,3.93,3855822,2319750,15.15,8.65,1.8,6.7,1.2,중립,팽이도지,잔구간,0.49,-0.005,2026-09-28
CEPU,1.6,12.07,373484,230389,4.51,4.02,1.1,-7.4,-1.1,강한매도,위꼬리음봉,전저점이탈,0.14,-2.68,2026-09-28
CMCO,1.6,16.37,630735,385022,10.33,7.54,1.4,-1.5,-1.3,중립,음봉,잔구간,0.41,-0.405,2026-09-28
AEO,1.6,17.31,9196105,5582384,159.18,86.76,1.8,0.1,4.3,강한매수,양봉,전고점돌파,0.77,2.52,2026-09-28
CX,1.6,9.53,13420667,8503975,127.9,84.3,1.5,0.8,-2.7,매도주의,장대음봉,잔구간,0.19,-1.185,2026-09-28
COLD,1.6,14.56,4076943,2519429,59.36,52.36,1.1,-0.6,-0.6,중립,팽이도지,잔구간,0.33,-0.1,2026-09-28
CNTN,1.6,2.69,1170562,739698,3.15,2.5,1.3,1.2,3.5,매수관심,양봉,완만한상승,0.68,1.82,2026-09-28
MSFD,1.6,10.03,1517399,923388,15.22,15.28,1.0,2.3,-1.0,중립,음봉,잔구간,0.35,-0.44,2026-09-28
MYN,1.6,8.77,501437,305059,4.4,3.1,1.4,-0.4,-1.3,매도주의,음봉,전저점이탈,0.39,-1.58,2026-09-28
NEWP,1.6,6.37,1111287,683869,7.08,6.9,1.0,-5.3,1.6,중립,양봉,잔구간,0.62,0.42,2026-09-28
NAD,1.6,9.87,4009667,2449982,39.58,21.69,1.8,-0.8,-1.5,매도주의,음봉,전저점이탈,0.37,-1.61,2026-09-28
NVDY,1.6,12.75,2256548,1375038,28.77,20.39,1.4,1.4,-0.1,매도주의,위꼬리음봉,완만한상승,0.18,-0.98,2026-09-28
BEZ,1.6,5.8,5651878,3442444,32.78,22.99,1.4,5.5,12.4,강한매수,장대양봉,완만한상승,0.88,3.36,2026-09-28
ATS,1.6,18.82,303121,192562,5.7,4.85,1.2,-0.5,-0.9,중립,음봉,잔구간,0.53,-0.33,2026-09-28
MITT,1.6,6.05,673444,410873,4.07,2.67,1.5,0.0,-1.0,중립,망치형,전저점이탈,0.67,0.45,2026-09-28
PLX,1.6,2.69,832815,528894,2.24,1.91,1.2,-0.4,-0.7,중립,망치형,잔구간,0.73,0.64,2026-09-28
PMM,1.6,5.51,332349,209996,1.83,1.06,1.7,-0.7,-0.4,강한매수,망치형,전저점부근,0.86,3.18,2026-09-28
JQC,1.6,4.69,1058534,652922,4.96,3.85,1.3,0.4,-0.8,매도주의,장대음봉,잔구간,0.33,-1.1,2026-09-28
REKR,1.6,0.39,2662199,1627616,1.04,0.74,1.4,-0.7,-2.8,중립,망치형,전저점이탈,0.68,0.47,2026-09-28
APLX,1.6,6.97,3043419,1856712,21.21,17.32,1.2,-3.7,-9.6,강한매도,장대음봉,전저점이탈,0.02,-3.33,2026-09-28
JCAP,1.6,19.32,332638,204136,6.43,5.46,1.2,-0.5,-0.2,중립,망치형,잔구간,0.77,0.66,2026-09-28
SGHT,1.6,9.27,468530,288508,4.34,2.09,2.1,-0.8,4.6,강한매수,장대양봉,전고점돌파,0.86,3.93,2026-09-28
RMIX,1.6,12.61,527898,321552,6.66,5.28,1.3,-1.2,-2.2,중립,음봉,잔구간,0.2,-0.53,2026-09-28
FLYW,1.6,17.3,2375253,1514712,41.09,23.77,1.7,-1.5,0.9,중립,팽이도지,잔구간,0.61,0.065,2026-09-28
GLNK,1.6,13.38,1145122,714014,15.32,6.87,2.2,5.6,2.8,강한매수,양봉,전고점돌파,0.73,2.48,2026-09-28
SPAX,1.6,9.53,2887081,1797689,27.51,17.85,1.5,-0.4,-3.9,매도주의,음봉,전저점이탈,0.05,-1.99,2026-09-28
SPCU,1.6,12.46,1605542,1002684,20.01,15.65,1.3,-0.2,-4.2,강한매도,음봉,전저점이탈,0.03,-2.01,2026-09-28
TLX,1.6,11.62,851000,539301,9.89,7.28,1.4,-0.1,1.6,매수관심,양봉,완만한상승,0.79,1.95,2026-09-28
TIC,1.6,8.73,1658991,1030315,14.48,14.62,1.0,-1.0,-0.8,중립,망치형,전저점이탈,0.62,0.39,2026-09-28
DMAC,1.6,8.32,362952,222800,3.02,1.56,1.9,-1.0,5.9,강한매수,장대양봉,전고점돌파,0.7,3.74,2026-09-28
ENTA,1.6,12.615,349328,211767,4.41,3.15,1.4,0.0,6.2,매수관심,장대양봉,잔구간,0.93,1.26,2026-09-28
LTRX,1.5,7.22,1704353,1135989,12.31,8.93,1.4,-1.5,4.5,강한매수,양봉,전고점돌파,0.51,2.21,2026-09-28
KIO,1.5,10.22,316616,205029,3.24,2.25,1.4,-0.4,-1.7,강한매도,장대음봉,전저점이탈,0.0,-3.35,2026-09-28
MORT,1.5,8.63,2612854,1760364,22.55,16.4,1.4,-0.7,-0.3,중립,팽이도지,전저점부근,0.48,0.73,2026-09-28
KBDC,1.5,13.03,553018,377245,7.21,5.31,1.4,0.0,-0.1,중립,팽이도지,잔구간,0.49,-0.005,2026-09-28
CLF,1.5,11.22,26450804,17948126,296.78,183.81,1.6,-3.6,-4.4,강한매도,장대음봉,전저점이탈,0.28,-3.01,2026-09-28
CIK,1.5,2.31,779521,536556,1.8,1.73,1.0,-0.4,-0.4,중립,음봉,전저점부근,0.4,-0.07,2026-09-28
AEG,1.5,8.8,6498412,4214886,57.19,41.75,1.4,0.0,-1.0,매도주의,장대음봉,잔구간,0.0,-1.3,2026-09-28
COUR,1.5,4.64,10052213,6605818,46.64,32.97,1.4,-2.0,-6.3,강한매도,장대음봉,전저점이탈,0.12,-3.21,2026-09-28
USA,1.5,5.83,1147281,781574,6.69,7.13,0.9,-0.3,-0.3,중립,음봉,잔구간,0.14,-0.565,2026-09-28
VFC,1.5,14.42,12662290,8685523,182.59,101.07,1.8,-1.3,3.2,강한매수,양봉,전고점돌파,0.7,2.44,2026-09-28
BLCO,1.5,16.95,418813,288147,7.1,5.08,1.4,-0.4,0.9,강한매수,양봉,완만한상승,0.92,2.1,2026-09-28
JRI,1.5,10.77,327360,219801,3.53,2.54,1.4,-0.2,-2.1,강한매도,장대음봉,전저점이탈,0.0,-3.35,2026-09-28
AEBI,1.5,10.78,505900,346909,5.45,3.81,1.4,-0.9,-1.1,중립,음봉,잔구간,0.56,-0.315,2026-09-28
BMBL,1.5,2.53,2592074,1709194,6.56,6.32,1.0,-0.4,-4.5,강한매도,장대음봉,전저점이탈,0.07,-3.27,2026-09-28
NFJ,1.5,15.14,376942,250088,5.71,4.63,1.2,-0.3,0.3,강한매수,양봉스프링,완만한상승,0.83,2.8,2026-09-28
HUMA,1.5,0.547,4959191,3419022,2.71,2.12,1.3,-1.3,-0.5,중립,팽이도지,잔구간,0.42,-0.05,2026-09-28
PAL,1.5,3.53,1884254,1237227,6.65,5.42,1.2,0.0,-4.1,강한매도,장대음봉,전저점이탈,0.05,-3.29,2026-09-28
IMUX,1.5,9.51,660501,439631,6.28,4.15,1.5,-0.3,2.0,매수관심,팽이도지,완만한상승,0.5,0.9,2026-09-28
NVD,1.5,3.61,109861996,73139105,396.6,299.19,1.3,-3.8,0.6,매수관심,양봉스프링,잔구간,0.82,0.94,2026-09-28
IVA,1.5,3.53,3484273,2251856,12.3,7.46,1.6,-3.0,8.0,강한매수,장대양봉,완만한상승,0.78,3.24,2026-09-28
ITRG,1.5,2.59,2013458,1355075,5.21,4.03,1.3,-4.4,-1.5,매도주의,음봉,전저점이탈,0.12,-1.91,2026-09-28
CRON,1.5,3.41,1134280,744842,3.87,2.57,1.5,-0.9,3.0,매수관심,장대양봉,잔구간,0.73,1.14,2026-09-28
QNC,1.5,2.2,1598279,1056601,3.52,3.2,1.1,0.0,17.0,강한매수,장대양봉,전고점돌파,0.97,4.06,2026-09-28
GDXY,1.5,10.07,1112798,724159,11.21,8.52,1.3,-3.9,-0.6,매도주의,음봉,전저점이탈,0.25,-1.75,2026-09-28
RDY,1.5,12.51,4029551,2760841,50.41,35.49,1.4,1.6,0.6,중립,위꼬리양봉,완만한상승,0.33,-0.3,2026-09-28
QTTB,1.5,9.23,1004914,672271,9.28,6.64,1.4,5.0,0.2,중립,팽이도지,잔구간,0.68,0.11,2026-09-28
AMCX,1.5,12.03,734633,500819,8.84,8.18,1.1,-0.8,-0.2,중립,팽이도지,잔구간,0.29,-0.125,2026-09-28
AGRO,1.5,10.07,759764,504372,7.65,7.06,1.1,0.9,-4.3,강한매도,장대음봉,전저점이탈,0.1,-3.23,2026-09-28
AIXC,1.5,1.66,1012779,684064,1.68,1.14,1.5,-0.6,-3.5,중립,음봉,잔구간,0.62,-0.28,2026-09-28
SSL,1.5,13.93,2336729,1553806,32.55,26.81,1.2,0.8,-1.5,매도주의,장대음봉,잔구간,0.16,-1.205,2026-09-28
SOFX,1.5,7.12,2384846,1593057,16.98,12.51,1.4,-3.1,-4.9,강한매도,장대음봉,전저점이탈,0.08,-3.25,2026-09-28
ETY,1.5,14.07,370621,249992,5.21,4.11,1.3,-0.1,-0.4,중립,음봉,잔구간,0.31,-0.465,2026-09-28
MIR,1.5,14.35,5380291,3678345,77.21,59.48,1.3,-0.8,-7.2,강한매도,장대음봉,전저점이탈,0.03,-3.31,2026-09-28
ZSQR,1.5,4.54,641787,441024,2.91,1.44,2.0,-1.9,22.4,강한매수,장대양봉,전고점돌파,0.81,3.87,2026-09-28
SKHZ,1.5,9.74,1876031,1285484,18.27,12.55,1.5,3.0,1.9,중립,양봉,잔구간,0.66,0.445,2026-09-28
SPDN,1.5,8.45,47927561,33005095,404.99,296.12,1.4,0.5,0.4,중립,양봉,잔구간,0.71,0.475,2026-09-28
ELVA,1.5,6.13,472848,310726,2.9,2.09,1.4,-1.6,-1.9,매도주의,음봉,전저점이탈,0.5,-1.45,2026-09-28
GPGI,1.5,11.63,1743686,1147623,20.28,15.88,1.3,-1.5,1.7,중립,양봉,잔구간,0.89,0.585,2026-09-28
CCC,1.5,6.62,19605098,13501978,129.79,99.98,1.3,-1.9,-2.2,중립,음봉,잔구간,0.23,-0.51,2026-09-28
TWI,1.5,7.0,867450,564013,6.07,3.68,1.7,-2.1,1.2,중립,양봉,잔구간,0.9,0.59,2026-09-28
PCQ,1.5,7.68,461016,314334,3.54,1.96,1.8,0.1,-2.3,강한매도,장대음봉,전저점이탈,0.33,-2.95,2026-09-28
GSBD,1.5,9.46,1065930,717452,10.08,7.86,1.3,-0.4,-0.4,강한매수,망치형,전저점부근,0.7,2.99,2026-09-28
GLAS,1.5,6.85,1585130,1064167,10.86,7.72,1.4,-0.4,1.2,매수관심,양봉스프링,잔구간,1.0,1.05,2026-09-28
PLUG,1.5,1.86,65340182,43409815,121.53,95.93,1.3,-1.5,-4.6,강한매도,장대음봉,전저점이탈,0.23,-3.07,2026-09-28
GOSS,1.5,11.52,516473,342749,5.95,3.51,1.7,-4.4,10.1,강한매수,장대양봉,완만한상승,0.78,3.24,2026-09-28
BRW,1.5,6.0,354202,229339,2.13,1.29,1.6,0.3,-1.6,강한매도,장대음봉,전저점이탈,0.09,-3.24,2026-09-28
UMH,1.5,15.55,792667,522048,12.33,11.89,1.0,0.3,0.6,매수관심,양봉,완만한상승,0.65,1.78,2026-09-28
BCYC,1.4,3.71,442525,320383,1.64,1.49,1.1,0.1,0.5,중립,팽이도지,잔구간,0.57,0.04,2026-09-28
XPER,1.4,5.48,495685,366654,2.72,1.92,1.4,-1.3,-0.2,중립,망치형,잔구간,0.92,0.75,2026-09-28
LBTYA,1.4,9.43,4589928,3233211,43.28,27.88,1.6,-0.2,0.0,중립,팽이도지,잔구간,0.51,0.005,2026-09-28
ABUS,1.4,4.86,11669573,8476284,56.71,34.68,1.6,-0.2,0.4,중립,양봉,잔구간,0.75,0.5,2026-09-28
WIW,1.4,7.91,562512,414626,4.45,3.75,1.2,-0.5,0.4,중립,양봉,잔구간,0.7,0.47,2026-09-28
CLDT,1.4,13.33,369748,260841,4.93,4.22,1.2,0.6,-0.7,중립,음봉,잔구간,0.23,-0.51,2026-09-28
CIFU,1.4,9.93,839576,607403,8.34,8.07,1.0,-4.8,-6.4,중립,음봉,전저점부근,0.1,-0.43,2026-09-28
RQI,1.4,11.0,756288,523552,8.32,7.72,1.1,-0.4,-1.1,강한매도,장대음봉,전저점이탈,0.0,-3.35,2026-09-28
SG,1.4,8.24,7947411,5746783,65.49,36.77,1.8,4.0,-3.9,중립,음봉,완만한상승,0.07,-0.32,2026-09-28
LYG,1.4,5.72,21442810,14822595,122.65,84.88,1.4,-0.5,-0.3,매도주의,위꼬리음봉,잔구간,0.18,-0.94,2026-09-28
MDU,1.4,18.53,2459389,1775902,45.57,42.31,1.1,0.3,-1.5,중립,음봉,잔구간,0.47,-0.37,2026-09-28
SES,1.4,0.532,22988784,16765343,12.23,12.77,1.0,-0.4,0.0,중립,위꼬리양봉,잔구간,0.19,-0.685,2026-09-28
DQ,1.4,10.9,850849,596759,9.27,7.83,1.2,-0.9,-4.1,강한매도,장대음봉,전저점이탈,0.06,-3.28,2026-09-28
SUPV,1.4,6.96,775055,553391,5.39,3.75,1.4,-1.1,-2.8,강한매도,장대음봉,전저점이탈,0.22,-3.09,2026-09-28
ANVS,1.4,1.38,1198608,870538,1.65,1.22,1.4,0.8,4.5,강한매수,양봉,전고점돌파,0.62,2.34,2026-09-28
SIDU,1.4,2.01,5057960,3734969,10.17,7.61,1.3,-0.5,-4.7,매도주의,장대음봉,잔구간,0.09,-1.245,2026-09-28
AGNC,1.4,9.46,46833622,32465002,443.05,472.28,0.9,-0.6,-1.0,매도주의,음봉,전저점이탈,0.12,-1.91,2026-09-28
DV,1.4,13.4,2442347,1695093,32.73,64.48,0.5,-0.4,0.3,매수관심,장대양봉,잔구간,0.8,1.18,2026-09-28
BURU,1.4,0.955,1201153,884365,1.15,1.92,0.6,2.0,-5.5,중립,음봉,잔구간,0.21,-0.525,2026-09-28
RGP,1.4,3.76,374036,267200,1.41,1.47,1.0,-0.7,0.0,중립,팽이도지,잔구간,0.47,-0.02,2026-09-28
RITM,1.4,9.08,8633788,6354210,78.39,55.64,1.4,-0.7,0.1,중립,팽이도지,잔구간,0.59,0.055,2026-09-28
STIM,1.4,2.555,958936,703834,2.45,4.55,0.5,-1.5,-5.4,강한매도,장대음봉,전저점이탈,0.09,-3.24,2026-09-28
FF,1.4,5.08,464915,342525,2.36,2.03,1.2,-0.4,-0.4,중립,팽이도지,잔구간,0.48,-0.01,2026-09-28
REM,1.4,18.69,1855841,1310983,34.69,25.99,1.3,-0.5,-0.6,중립,음봉,전저점부근,0.43,-0.03,2026-09-28
ASG,1.4,5.06,313020,219902,1.58,1.27,1.3,-0.6,-0.2,중립,망치형,잔구간,0.82,0.69,2026-09-28
PICS,1.4,8.32,507087,357538,4.22,3.08,1.4,-1.5,-2.8,매도주의,음봉,전저점이탈,0.23,-1.77,2026-09-28
TDOC,1.4,5.89,4150921,3009495,24.45,20.71,1.2,-0.7,-2.6,강한매도,장대음봉,전저점이탈,0.18,-3.13,2026-09-28
GNL,1.4,8.49,3176857,2210093,26.97,24.77,1.1,0.1,-0.8,매도주의,음봉,전저점이탈,0.4,-1.57,2026-09-28
STWD,1.4,14.32,5930664,4389660,84.93,70.4,1.2,-0.4,0.1,중립,팽이도지,잔구간,0.71,0.125,2026-09-28
GGN,1.4,5.29,758407,530911,4.01,2.59,1.5,-0.9,-1.5,강한매도,장대음봉,전저점이탈,0.06,-3.28,2026-09-28
PRCT,1.4,17.25,1749461,1262288,30.18,26.05,1.2,0.2,0.1,중립,팽이도지,잔구간,0.68,0.11,2026-09-28
VTRS,1.4,18.27,12377188,8543913,226.13,151.02,1.5,-0.4,2.9,강한매수,장대양봉,전고점돌파,0.88,3.96,2026-09-28
VMD,1.4,9.11,336516,248604,3.07,2.36,1.3,0.1,2.1,강한매수,장대양봉,전고점돌파,0.97,4.06,2026-09-28
NB,1.4,3.47,2828734,2082275,9.82,8.1,1.2,-0.4,-1.6,중립,음봉,잔구간,0.48,-0.36,2026-09-28
NHS,1.4,5.4,383226,272959,2.07,1.96,1.1,0.0,-1.3,강한매도,장대음봉,전저점이탈,0.3,-2.99,2026-09-28
BAK,1.4,1.49,2083163,1522921,3.1,2.59,1.2,-3.2,0.0,중립,위꼬리양봉,전저점부근,0.24,-0.56,2026-09-28
NOV,1.4,19.5,4070927,2815253,79.38,68.58,1.2,0.6,-2.4,강한매도,장대음봉,전저점이탈,0.13,-3.19,2026-09-28
CRCT,1.4,6.33,942000,661936,5.96,3.87,1.5,-0.7,3.8,강한매수,양봉,전고점돌파,0.74,2.49,2026-09-28
JBLU,1.4,4.22,21739883,16089079,91.74,76.75,1.2,-1.6,-2.5,강한매도,장대음봉,전저점이탈,0.15,-3.17,2026-09-28
HIO,1.4,3.27,974143,704343,3.19,2.5,1.3,0.0,-0.3,중립,망치형,잔구간,0.75,0.65,2026-09-28
TYGO,1.4,0.82,1235288,891242,1.01,1.0,1.0,0.0,-4.7,강한매도,장대음봉,전저점이탈,0.17,-3.15,2026-09-28
SXC,1.4,9.64,1349598,948303,13.01,9.75,1.3,-0.8,1.6,강한매수,장대양봉,완만한상승,1.0,3.5,2026-09-28
TAC,1.4,11.81,2210009,1529588,26.1,23.04,1.1,-0.3,2.8,중립,양봉,잔구간,0.7,0.47,2026-09-28
QS,1.4,4.56,16437478,12061808,74.95,59.06,1.3,-1.6,-5.6,강한매도,장대음봉,전저점이탈,0.07,-3.27,2026-09-28
FTMH,1.4,10.82,494427,356130,5.35,6.75,0.8,-0.3,-0.6,강한매도,장대음봉,전저점이탈,0.27,-3.03,2026-09-28
CAG,1.4,14.16,14645902,10191361,207.39,170.57,1.2,-0.4,-0.7,매도주의,음봉,전저점이탈,0.19,-1.82,2026-09-28
IVR,1.4,6.25,4008793,2778897,25.05,22.55,1.1,-2.5,0.0,중립,팽이도지,전저점이탈,0.5,-0.75,2026-09-28
OXLC,1.4,8.91,1181608,858670,10.53,9.48,1.1,-0.1,-0.2,중립,팽이도지,잔구간,0.33,-0.1,2026-09-28
OI,1.4,5.78,4908842,3445542,28.37,23.69,1.2,-1.4,0.0,매수관심,팽이도지,전저점부근,0.59,0.86,2026-09-28
IE,1.4,10.64,2950398,2081311,31.39,24.09,1.3,-4.4,5.3,강한매수,장대양봉,완만한상승,0.83,3.3,2026-09-28
OXSQ,1.4,1.27,1083686,782096,1.38,1.73,0.8,0.0,0.0,매수관심,팽이도지,완만한상승,0.5,0.9,2026-09-28
CV,1.4,6.92,352951,244369,2.44,2.6,0.9,-0.8,4.8,강한매수,장대양봉,전고점부근,0.95,2.09,2026-09-28
UIS,1.4,2.24,822397,590363,1.84,1.43,1.3,-2.2,-1.3,중립,망치형,전저점이탈,0.73,0.53,2026-09-28
NXH,1.4,3.09,3861451,2692170,11.93,9.3,1.3,-0.3,-5.2,강한매도,장대음봉,전저점이탈,0.33,-2.95,2026-09-28
ADTN,1.3,6.8,1855498,1388658,12.62,12.05,1.0,-0.7,-4.0,강한매도,장대음봉,전저점이탈,0.12,-3.21,2026-09-28
BBWI,1.3,16.19,8833113,6926920,143.01,118.06,1.2,-2.2,0.7,중립,팽이도지,전저점이탈,0.63,-0.59,2026-09-28
WFCpZ,1.3,16.84,493599,366755,8.31,9.02,0.9,-0.5,-0.2,매도주의,팽이도지,전저점이탈,0.38,-0.89,2026-09-28
WNC,1.3,12.65,1040175,771828,13.16,9.18,1.4,-1.5,-1.5,중립,팽이도지,잔구간,0.36,-0.085,2026-09-28
LI,1.3,11.71,3223705,2520862,37.75,35.56,1.1,1.7,0.1,중립,위꼬리양봉,완만한상승,0.16,-0.51,2026-09-28
MSDL,1.3,14.16,413228,316226,5.85,5.26,1.1,-0.4,-0.5,매도주의,음봉,전저점이탈,0.5,-1.45,2026-09-28
MQ,1.3,16.89,1282878,1014506,21.67,13.35,1.6,-0.3,-0.1,중립,팽이도지,잔구간,0.58,0.05,2026-09-28
KVYO,1.3,15.4,8985082,6959921,138.37,110.91,1.2,-1.5,-1.1,중립,망치형,잔구간,0.79,0.675,2026-09-28
XIFR,1.3,10.36,1252441,960720,12.98,9.3,1.4,-0.6,-1.2,중립,음봉,잔구간,0.41,-0.405,2026-09-28
BMM,1.3,4.99,413486,306503,2.06,3.45,0.6,-2.7,-0.6,중립,망치형,전저점이탈,0.74,0.54,2026-09-28
VRRM,1.3,2.99,6532750,5090597,19.53,32.14,0.6,-0.3,-7.4,강한매도,장대음봉,전저점이탈,0.07,-3.27,2026-09-28
VOXR,1.3,5.11,467218,370577,2.39,2.36,1.0,-4.6,-1.5,매도주의,음봉,전저점이탈,0.14,-1.88,2026-09-28
COHH,1.3,5.38,1334864,1047883,7.18,6.81,1.1,-3.6,-5.6,매도주의,음봉,전저점이탈,0.31,-1.68,2026-09-28
NFXL,1.3,13.72,2041620,1627565,28.01,24.06,1.2,1.1,-6.3,강한매도,장대음봉,전저점이탈,0.14,-3.18,2026-09-28
NEXN,1.3,8.78,447715,355193,3.93,3.91,1.0,-0.5,1.4,강한매수,양봉,완만한상승,0.98,2.18,2026-09-28
NKTX,1.3,2.67,810736,645435,2.16,1.77,1.2,0.0,-2.9,매도주의,장대음봉,잔구간,0.0,-1.3,2026-09-28
KOS,1.3,2.58,17888034,13456915,46.15,38.44,1.2,1.9,-4.4,매도주의,장대음봉,잔구간,0.12,-1.23,2026-09-28
UPWK,1.3,8.07,3471760,2659676,28.02,23.37,1.2,-1.3,0.4,중립,팽이도지,잔구간,0.73,0.14,2026-09-28
JBI,1.3,4.31,3155676,2372680,13.6,11.97,1.1,-1.2,3.6,강한매수,양봉,완만한상승,0.88,2.06,2026-09-28
AESI,1.3,12.3,4825228,3788022,59.35,49.98,1.2,2.2,-3.5,중립,음봉,잔구간,0.23,-0.51,2026-09-28
AEHG,1.3,8.7,1424707,1133147,12.39,9.66,1.3,-6.1,-5.0,중립,음봉,잔구간,0.54,-0.325,2026-09-28
CORD,1.3,3.06,13318158,10511397,40.75,39.48,1.0,3.1,2.3,중립,팽이도지,잔구간,0.64,0.085,2026-09-28
CRBP,1.3,6.92,932059,733270,6.45,14.28,0.5,-0.3,-2.8,강한매도,장대음봉,전저점이탈,0.13,-3.19,2026-09-28
VERX,1.3,11.06,1529256,1146028,16.91,17.11,1.0,-0.3,-2.5,매도주의,음봉,전저점이탈,0.5,-1.45,2026-09-28
GOOD,1.3,12.47,485095,367661,6.05,4.78,1.3,-0.2,0.0,중립,팽이도지,잔구간,0.5,0.0,2026-09-28
PDBC,1.3,19.37,6646861,4950716,128.75,111.25,1.2,0.0,-0.7,중립,음봉,잔구간,0.47,-0.37,2026-09-28
PCT,1.3,4.66,7584823,5820895,35.35,26.52,1.3,-2.7,-4.6,강한매도,장대음봉,전저점이탈,0.1,-3.23,2026-09-28
UA,1.3,4.24,3872156,2928033,16.42,12.25,1.3,-0.5,-2.5,매도주의,음봉,전저점이탈,0.27,-1.73,2026-09-28
CCCC,1.3,3.115,2778827,2084763,8.66,6.95,1.2,1.2,3.3,중립,양봉,잔구간,0.75,0.5,2026-09-28
PFLT,1.3,6.95,750150,599571,5.21,4.85,1.1,-0.1,-0.4,강한매수,망치형,전저점부근,0.67,2.95,2026-09-28
PERI,1.3,8.44,310257,231853,2.62,7.36,0.4,-0.3,-1.4,매도주의,음봉,전저점이탈,0.45,-1.51,2026-09-28
PLTZ,1.3,7.91,3674616,2738671,29.07,31.18,0.9,3.6,-1.1,중립,망치형,잔구간,0.61,0.565,2026-09-28
PMT,1.3,8.07,2241643,1785149,18.09,19.39,0.9,-0.5,-2.7,강한매도,장대음봉,전저점이탈,0.28,-3.01,2026-09-28
BSCV,1.3,15.765,568414,446374,8.96,9.52,0.9,-0.5,0.0,중립,팽이도지,전저점이탈,0.56,-0.68,2026-09-28
ONT,1.3,14.64,1125929,862717,16.48,11.87,1.4,-3.2,8.0,매수관심,장대양봉,잔구간,0.9,1.24,2026-09-28
NVA,1.3,5.34,567741,447428,3.03,3.74,0.8,-3.9,-0.7,중립,팽이도지,잔구간,0.48,-0.01,2026-09-28
JACK,1.3,13.7,641273,495324,8.79,7.58,1.2,-0.6,2.4,매수관심,양봉,완만한상승,0.51,1.61,2026-09-28
IRT,1.3,14.7,4052120,3158882,59.57,54.34,1.1,0.3,0.1,매수관심,팽이도지,완만한상승,0.71,1.15,2026-09-28
ADMA,1.3,10.12,3568403,2798366,36.11,34.38,1.1,0.0,7.9,강한매수,장대양봉,전고점돌파,0.95,4.04,2026-09-28
UTI,1.3,18.47,2569611,2014844,47.46,45.19,1.1,-0.4,-8.6,강한매도,장대음봉,전저점이탈,0.01,-3.34,2026-09-28
ITUB,1.3,7.99,21535257,17195726,172.07,165.36,1.0,-1.4,-0.1,매도주의,팽이도지,전저점이탈,0.31,-0.98,2026-09-28
ORBS,1.3,1.16,20514942,16125672,23.8,14.36,1.7,0.9,0.9,매수관심,팽이도지,완만한상승,0.45,0.84,2026-09-28
OSUR,1.3,3.95,848229,656893,3.35,2.63,1.3,-0.5,1.0,매수관심,양봉,완만한상승,0.37,1.44,2026-09-28
UPB,1.3,5.3,615402,491103,3.26,2.8,1.2,-0.4,-0.7,중립,망치형,잔구간,0.68,0.61,2026-09-28
ICLN,1.3,16.81,7863448,5973798,132.18,99.37,1.3,-0.9,-1.6,매도주의,장대음봉,전저점부근,0.03,-1.81,2026-09-28
HYT,1.3,7.77,1319608,1054433,10.25,10.13,1.0,-0.3,0.0,매수관심,양봉스프링,잔구간,0.78,0.92,2026-09-28
ORCX,1.3,17.19,2449154,1828782,42.1,49.78,0.8,-6.3,-0.2,중립,팽이도지,전저점부근,0.26,0.46,2026-09-28
PDO,1.3,11.67,1719920,1350251,20.07,17.67,1.1,-0.6,0.1,매수관심,양봉스프링,잔구간,0.94,1.015,2026-09-28
TLRY,1.3,4.02,3794877,2996305,15.26,13.36,1.1,-1.6,-1.1,중립,음봉,잔구간,0.33,-0.45,2026-09-28
PTA,1.3,17.09,339887,269240,5.81,5.44,1.1,-0.5,-1.2,강한매도,장대음봉,전저점이탈,0.15,-3.17,2026-09-28
GO,1.3,11.1,2096420,1579320,23.27,20.61,1.1,0.0,0.3,중립,위꼬리양봉,잔구간,0.23,-0.66,2026-09-28
PSEC,1.3,2.13,6262494,4717461,13.34,10.16,1.3,-1.1,-1.6,매도주의,음봉,전저점이탈,0.33,-1.65,2026-09-28
PREF,1.3,18.39,390116,303296,7.17,9.23,0.8,-0.2,-0.2,매도주의,음봉,전저점이탈,0.5,-1.45,2026-09-28
TRDA,1.3,6.22,442585,336773,2.75,2.02,1.4,-0.5,1.5,매수관심,양봉스프링,잔구간,0.94,1.015,2026-09-28
SOC,1.3,3.57,9351217,7460119,33.38,38.07,0.9,0.5,-8.5,강한매도,장대음봉,전저점이탈,0.09,-3.24,2026-09-28
BTG,1.3,5.28,24594838,19668830,129.86,106.16,1.2,-5.3,1.7,중립,양봉,잔구간,0.39,0.285,2026-09-28
FTCI,1.3,2.38,583391,444782,1.39,1.27,1.1,0.8,-11.2,매도주의,장대음봉,잔구간,0.16,-1.205,2026-09-28
TDAY,1.3,6.37,2280773,1697212,14.53,12.67,1.1,-0.5,-0.3,중립,망치형,잔구간,0.66,0.595,2026-09-28
FDMT,1.3,14.56,1557429,1241734,22.68,16.14,1.4,-0.8,1.4,매수관심,팽이도지,완만한상승,0.71,1.15,2026-09-28
RIG,1.3,5.28,53627270,41332885,283.15,261.53,1.1,0.6,-2.4,매도주의,장대음봉,전저점부근,0.0,-1.85,2026-09-28
AMPG,1.3,3.15,718326,558757,2.26,2.15,1.1,-0.3,-5.4,강한매도,장대음봉,전저점이탈,0.14,-3.18,2026-09-28
SSYS,1.3,8.4,726960,564031,6.11,5.26,1.2,-1.5,3.2,강한매수,장대양봉,전고점돌파,0.84,3.91,2026-09-28
RDTL,1.3,11.44,991091,734297,11.34,9.52,1.2,-0.6,-8.4,강한매도,장대음봉,전저점이탈,0.02,-3.33,2026-09-28
RNA,1.3,8.42,504915,394883,4.25,3.85,1.1,-1.0,2.6,매수관심,양봉,완만한상승,0.8,1.96,2026-09-28
EH,1.3,4.4,602230,478029,2.65,2.48,1.1,-0.2,-2.2,매도주의,장대음봉,잔구간,0.15,-1.21,2026-09-28
EVC,1.3,7.28,1373668,1029005,10.0,8.4,1.2,-0.7,-1.1,매도주의,음봉,전저점이탈,0.1,-1.93,2026-09-28
SABR,1.3,2.1,4854629,3798984,10.19,14.88,0.7,-1.4,-2.3,매도주의,장대음봉,전저점부근,0.15,-1.67,2026-09-28
EVLV,1.3,4.65,2642595,2059456,12.29,12.31,1.0,0.2,-3.1,강한매도,장대음봉,전저점이탈,0.23,-3.07,2026-09-28
EVV,1.3,8.37,1069693,810948,8.95,6.75,1.3,-0.5,-0.1,중립,팽이도지,전저점이탈,0.5,-0.75,2026-09-28
SONO,1.3,17.97,2542065,1999008,45.68,37.59,1.2,-2.3,1.2,중립,양봉,잔구간,0.6,0.41,2026-09-28
SRFM,1.3,1.19,10072156,7795865,11.99,9.4,1.3,1.4,5.8,강한매수,양봉,전고점돌파,0.92,2.7,2026-09-28
FLNA,1.3,0.853,2057239,1546558,1.76,10.56,0.2,-2.0,16.4,강한매수,장대양봉,완만한상승,0.79,3.25,2026-09-28
BXDC,1.3,18.13,3022812,2305894,54.8,70.4,0.8,-0.4,-4.6,강한매도,장대음봉,전저점이탈,0.15,-3.17,2026-09-28
SMMT,1.3,15.48,6151131,4831246,95.22,106.1,0.9,-0.7,-0.1,중립,팽이도지,전저점부근,0.47,0.71,2026-09-28
ALVO,1.3,6.15,1436374,1088396,8.83,8.51,1.0,-0.3,7.3,강한매수,장대양봉,전고점돌파,0.96,4.05,2026-09-28
ERIC,1.3,9.42,10718061,7953632,100.96,74.44,1.4,0.4,-1.6,강한매도,장대음봉,전저점이탈,0.29,-3.0,2026-09-28
BVS,1.3,14.02,588670,442420,8.25,6.1,1.4,0.0,1.5,강한매수,양봉,전고점돌파,0.84,2.61,2026-09-28
MFA,1.3,8.01,2164563,1710469,17.34,15.35,1.1,-0.9,-1.1,매도주의,음봉,전저점이탈,0.27,-1.73,2026-09-28
MAIA,1.3,1.18,1011106,773859,1.19,1.1,1.1,2.5,-4.1,강한매도,음봉,전저점이탈,0.0,-2.05,2026-09-28
MFIC,1.3,8.76,895098,708713,7.84,5.15,1.5,-0.6,-0.8,매도주의,음봉,전저점이탈,0.33,-1.65,2026-09-28
ACRE,1.3,4.11,713490,558593,2.93,2.19,1.3,-0.2,-1.7,매도주의,장대음봉,전저점부근,0.26,-1.54,2026-09-28
ABR,1.2,4.08,5455002,4719404,22.26,23.68,0.9,-0.7,2.0,중립,양봉,잔구간,0.91,0.595,2026-09-28
AAOX,1.2,8.76,11010952,9443293,96.46,90.46,1.1,-2.2,-6.7,중립,음봉,전저점부근,0.37,-0.11,2026-09-28
WBTN,1.2,10.95,306428,266284,3.36,4.37,0.8,-1.1,0.3,중립,팽이도지,잔구간,0.42,-0.05,2026-09-28
SKYQ,1.2,2.6,1089455,902952,2.83,13.0,0.2,3.9,-6.3,매도주의,장대음봉,잔구간,0.0,-1.3,2026-09-28
ERII,1.2,6.72,931383,789169,6.26,7.59,0.8,-0.4,-0.9,중립,음봉,잔구간,0.63,-0.27,2026-09-28
SKHL,1.2,10.58,1988912,1701833,21.04,18.57,1.1,-6.1,-4.3,매도주의,음봉,전저점이탈,0.35,-1.63,2026-09-28
EVEX,1.2,2.0,953992,807101,1.91,2.34,0.8,-1.4,-6.5,매도주의,장대음봉,잔구간,0.0,-1.3,2026-09-28
SAFE,1.2,12.21,679806,562300,8.3,8.36,1.0,-0.7,0.3,강한매수,양봉스프링,전저점부근,0.85,3.67,2026-09-28
SD,1.2,13.6,419733,354072,5.71,6.33,0.9,1.2,-3.1,강한매도,장대음봉,전저점이탈,0.0,-3.35,2026-09-28
SCO,1.2,19.93,8200352,6652487,163.43,146.05,1.1,-2.6,0.3,중립,팽이도지,잔구간,0.32,-0.11,2026-09-28
STLA,1.2,4.62,28687828,24315248,132.54,123.45,1.1,2.9,-2.4,매도주의,장대음봉,잔구간,0.19,-1.185,2026-09-28
RIVN,1.2,14.79,25152993,20425197,372.01,358.51,1.0,-1.4,-3.1,매도주의,장대음봉,전저점부근,0.06,-1.78,2026-09-28
RAMZ,1.2,14.22,430125,360422,6.12,5.84,1.0,4.4,2.5,중립,양봉,잔구간,0.45,0.32,2026-09-28
GERN,1.2,1.25,9974090,8358115,12.47,13.88,0.9,0.8,-1.6,중립,음봉,잔구간,0.6,-0.29,2026-09-28
RBBN,1.2,1.73,1228682,1017647,2.13,2.28,0.9,0.0,-3.9,매도주의,장대음봉,잔구간,0.26,-1.145,2026-09-28
ECX,1.2,1.13,1627812,1368734,1.84,2.05,0.9,-0.9,4.6,강한매수,장대양봉,완만한상승,0.79,3.25,2026-09-28
SSTK,1.2,4.06,1009233,812077,4.1,4.12,1.0,-1.4,-1.5,강한매수,망치형,전저점부근,0.75,3.05,2026-09-28
JPMpM,1.2,15.97,404288,336943,6.46,6.01,1.1,-0.3,0.0,강한매수,양봉스프링,전저점부근,0.79,3.6,2026-09-28
CODI,1.2,11.2,467374,401612,5.23,6.22,0.8,-1.4,1.0,중립,양봉,잔구간,0.44,0.315,2026-09-28
VKQ,1.2,8.55,392384,326543,3.35,3.09,1.1,-0.7,-1.2,매도주의,음봉,전저점이탈,0.56,-1.38,2026-09-28
VMO,1.2,8.37,649863,553109,5.44,4.27,1.3,-0.8,-2.2,강한매도,장대음봉,전저점이탈,0.24,-3.06,2026-09-28
VNET,1.2,5.98,4935925,4197205,29.52,27.61,1.1,-0.9,-9.1,강한매도,장대음봉,전저점이탈,0.02,-3.33,2026-09-28
DXD,1.2,17.74,4468353,3860084,79.27,59.3,1.3,1.4,0.0,강한매수,양봉스프링,완만한상승,0.78,2.74,2026-09-28
CNDT,1.2,1.57,1125434,955308,1.77,1.78,1.0,-0.6,-3.7,강한매도,장대음봉,전저점이탈,0.25,-3.05,2026-09-28
FISN,1.2,5.42,579476,494461,3.14,3.69,0.9,0.8,-14.0,강한매도,장대음봉,전저점이탈,0.02,-3.33,2026-09-28
ANGI,1.2,5.56,980443,804706,5.45,4.47,1.2,-0.6,3.2,강한매수,양봉,완만한상승,0.97,2.16,2026-09-28
MTUS,1.2,18.97,381463,314526,7.24,6.17,1.2,3.5,-2.7,중립,음봉,잔구간,0.39,-0.415,2026-09-28
MUC,1.2,9.67,867910,712977,8.39,6.88,1.2,-0.4,-1.1,강한매도,장대음봉,전저점이탈,0.35,-2.93,2026-09-28
RWM,1.2,14.29,44853356,38824785,640.95,469.85,1.4,0.6,0.1,매수관심,팽이도지,완만한상승,0.6,1.02,2026-09-28
EYE,1.2,16.12,2375963,2055624,38.3,44.94,0.9,-0.9,-1.6,중립,음봉,잔구간,0.3,-0.47,2026-09-28
EXK,1.2,8.96,9038565,7693385,80.99,74.81,1.1,-5.8,1.2,매수관심,양봉,전저점부근,0.56,1.52,2026-09-28
LAND,1.2,9.37,580458,502764,5.44,5.06,1.1,0.0,-1.2,매도주의,장대음봉,잔구간,0.32,-1.11,2026-09-28
KYN,1.2,13.78,343004,293152,4.73,4.32,1.1,-0.2,-0.1,중립,팽이도지,전저점부근,0.33,0.55,2026-09-28
LABD,1.2,7.18,26702495,22101659,191.72,144.17,1.3,0.9,-4.1,중립,음봉,잔구간,0.25,-0.5,2026-09-28
CWK,1.2,11.86,2128425,1832063,25.24,23.32,1.1,-1.3,-1.2,매도주의,음봉,전저점이탈,0.42,-1.55,2026-09-28
CYH,1.2,2.89,1267757,1064174,3.66,3.62,1.0,-1.4,-0.3,매도주의,위꼬리음봉,잔구간,0.0,-1.05,2026-09-28
ULCC,1.2,6.08,2717781,2362153,16.52,14.74,1.1,-0.8,-1.0,중립,팽이도지,잔구간,0.4,-0.06,2026-09-28
TSHA,1.2,4.99,6262455,5084060,31.25,24.83,1.3,-0.6,7.5,매수관심,장대양봉,잔구간,0.87,1.22,2026-09-28
TSSI,1.2,9.72,1027743,824528,9.99,9.08,1.1,-1.9,0.4,중립,위꼬리양봉,잔구간,0.33,-0.6,2026-09-28
HSLV,1.2,5.12,889831,740750,4.56,3.99,1.1,-4.5,0.4,중립,팽이도지,전저점이탈,0.67,-0.55,2026-09-28
BPRE,1.2,12.49,958438,825365,11.97,11.97,1.0,0.2,1.0,매수관심,양봉,완만한상승,0.57,1.68,2026-09-28
UAA,1.2,4.28,12694710,11027688,54.33,50.01,1.1,-0.7,-2.7,강한매도,장대음봉,전저점이탈,0.23,-3.07,2026-09-28
PEPG,1.2,2.59,740049,616487,1.92,1.7,1.1,-1.5,1.6,매수관심,팽이도지,전저점부근,0.7,0.99,2026-09-28
PGF,1.2,12.86,347259,288972,4.47,4.15,1.1,-0.3,-0.2,중립,망치형,전저점이탈,0.71,0.5,2026-09-28
HE,1.2,8.95,3404734,2852644,30.47,29.98,1.0,-0.7,-1.0,중립,망치형,전저점이탈,0.56,0.32,2026-09-28
GMRS,1.2,10.02,1086887,915681,10.89,19.29,0.6,0.0,-9.4,강한매도,장대음봉,전저점이탈,0.06,-3.28,2026-09-28
HUN,1.2,8.63,2273903,1960915,19.62,26.05,0.8,-0.7,-2.4,강한매도,장대음봉,전저점이탈,0.0,-3.35,2026-09-28
PAGS,1.2,8.9,2770555,2312074,24.66,27.98,0.9,-1.2,-0.4,매도주의,팽이도지,전저점이탈,0.39,-0.88,2026-09-28
HRL,1.2,19.97,5433575,4506452,108.51,94.26,1.2,0.0,1.3,매수관심,장대양봉,잔구간,0.96,1.275,2026-09-28
HPP,1.2,11.5,729771,597628,8.39,6.86,1.2,-0.9,-0.4,매도주의,위꼬리음봉,잔구간,0.24,-0.905,2026-09-28
AADX,1.2,12.05,1744470,1494957,21.02,29.14,0.7,-0.2,-4.4,강한매도,장대음봉,전저점이탈,0.06,-3.28,2026-09-28
LUMN,1.2,5.53,12932006,10566096,71.51,87.63,0.8,-1.1,-2.1,매도주의,음봉,전저점이탈,0.13,-1.89,2026-09-28
MEC,1.2,16.85,672742,575414,11.34,11.08,1.0,-0.9,-0.9,중립,음봉,잔구간,0.1,-0.59,2026-09-28
METQ,1.2,14.44,1449220,1183428,20.93,11.14,1.9,0.8,8.5,강한매수,장대양봉,완만한상승,0.93,3.42,2026-09-28
ACDC,1.2,4.49,1200401,1023275,5.39,6.53,0.8,1.0,-3.4,매도주의,장대음봉,잔구간,0.21,-1.175,2026-09-28
ACEL,1.2,11.01,449055,360386,4.94,3.9,1.3,0.1,-0.6,중립,음봉,잔구간,0.28,-0.48,2026-09-28
WWW,1.2,19.13,645420,558879,12.35,12.94,1.0,-0.3,0.6,중립,위꼬리양봉,완만한상승,0.45,-0.16,2026-09-28
CERT,1.2,9.13,2943636,2453796,26.88,24.54,1.1,-1.2,1.4,매수관심,양봉,완만한상승,0.5,1.6,2026-09-28
ASTL,1.2,4.35,647396,555217,2.82,3.03,0.9,-1.2,3.3,매수관심,양봉,완만한상승,0.68,1.82,2026-09-28
HYPD,1.2,3.915,744128,608171,2.91,2.12,1.4,-2.2,-0.9,중립,팽이도지,잔구간,0.25,-0.15,2026-09-28
HYMC,1.2,19.6,2276817,1822266,44.63,50.45,0.9,-5.7,-3.3,강한매도,음봉,전저점이탈,0.04,-2.0,2026-09-28
ONDL,1.2,5.805,1150151,977877,6.68,5.46,1.2,-3.0,4.4,매수관심,양봉,완만한상승,0.73,1.88,2026-09-28
ASLE,1.2,5.32,491171,393941,2.61,2.7,1.0,-0.9,-0.6,중립,망치형,전저점이탈,0.78,0.59,2026-09-28
IGR,1.2,11.73,406301,349524,4.77,4.25,1.1,-0.2,-1.2,강한매도,장대음봉,전저점이탈,0.0,-3.35,2026-09-28
UPBD,1.2,15.79,1132700,980167,17.89,16.28,1.1,-1.3,-0.6,강한매수,망치형,전저점부근,0.79,3.1,2026-09-28
HUYA,1.2,2.36,1013899,821299,2.39,2.23,1.1,-0.9,3.5,매수관심,양봉,완만한상승,0.67,1.8,2026-09-28
POET,1.2,7.41,9056438,7567931,67.11,59.59,1.1,-2.4,-2.3,중립,음봉,전저점부근,0.26,-0.24,2026-09-28
PHAT,1.2,7.35,1690908,1433531,12.43,11.55,1.1,0.0,0.7,강한매수,양봉스프링,완만한상승,0.77,2.72,2026-09-28
CSHR,1.2,5.12,430094,368550,2.2,3.02,0.7,0.9,-8.2,매도주의,장대음봉,잔구간,0.06,-1.265,2026-09-28
USOY,1.2,7.5,538593,450389,4.04,4.26,0.9,2.7,-1.8,중립,음봉,잔구간,0.38,-0.42,2026-09-28
ARCO,1.2,7.14,1527908,1223025,10.91,8.95,1.2,-0.1,-1.2,중립,음봉,전저점부근,0.29,-0.2,2026-09-28
GOOS,1.2,7.67,737241,609745,5.65,6.45,0.9,-1.1,1.9,매수관심,양봉,완만한상승,0.68,1.82,2026-09-28
TRTX,1.2,6.33,1856558,1496026,11.75,8.14,1.4,-2.1,-1.5,매도주의,음봉,전저점이탈,0.6,-1.33,2026-09-28
CRVS,1.2,11.87,1210421,1023160,14.37,18.0,0.8,0.3,1.8,중립,팽이도지,잔구간,0.71,0.125,2026-09-28
IONL,1.2,15.7,1076830,915935,16.91,12.97,1.3,-0.1,-4.0,매도주의,위꼬리음봉,잔구간,0.02,-1.04,2026-09-28
NRXP,1.2,2.87,736822,616776,2.11,2.58,0.8,-1.5,-2.7,강한매도,음봉,전저점이탈,0.0,-2.05,2026-09-28
TBCH,1.2,12.69,323449,267744,4.1,3.6,1.1,-0.3,-0.1,중립,팽이도지,수횡파,0.48,0.58,2026-09-28
PUSA,1.2,3.65,594746,476744,2.17,1.91,1.1,2.4,-4.2,매도주의,장대음봉,잔구간,0.0,-1.3,2026-09-28
TLS,1.2,4.06,696744,589684,2.83,3.2,0.9,2.2,-1.7,중립,음봉,잔구간,0.5,-0.35,2026-09-28
PFXF,1.2,17.51,708029,586680,12.4,11.43,1.1,-0.6,-0.6,매도주의,음봉,전저점이탈,0.4,-1.57,2026-09-28
ARR,1.2,13.98,4648075,3934615,64.98,72.42,0.9,-1.3,0.5,중립,팽이도지,잔구간,0.48,-0.01,2026-09-28
NXE,1.2,8.99,4448218,3708276,39.99,37.55,1.1,-2.1,-0.1,매도주의,팽이도지,전저점이탈,0.31,-0.98,2026-09-28
BKD,1.2,11.04,3785879,3151037,41.8,45.64,0.9,-0.9,0.3,중립,팽이도지,잔구간,0.5,0.0,2026-09-28
BIZD,1.2,12.87,2583860,2120092,33.25,27.63,1.2,-0.2,-0.1,중립,팽이도지,잔구간,0.68,0.11,2026-09-28
NKX,1.2,10.64,305482,246872,3.25,3.0,1.1,-0.5,-1.3,강한매도,장대음봉,전저점이탈,0.26,-3.04,2026-09-28
AEVA,1.2,14.27,1610414,1397771,22.98,22.03,1.0,-1.9,-5.2,강한매도,장대음봉,전저점이탈,0.09,-3.24,2026-09-28
LILAK,1.1,8.39,1449674,1316065,12.16,13.4,0.9,-0.1,-1.1,중립,음봉,수횡파,0.22,-0.44,2026-09-28
LILA,1.1,8.49,419201,372915,3.56,3.49,1.0,-0.6,0.7,중립,위꼬리양봉,완만한상승,0.25,-0.4,2026-09-28
SHO,1.1,11.3,1850251,1698498,20.91,22.41,0.9,0.3,0.7,강한매수,양봉,전고점돌파,0.79,2.55,2026-09-28
SGMT,1.1,9.94,1345965,1181484,13.38,12.79,1.0,-1.0,8.6,매수관심,장대양봉,잔구간,0.99,1.295,2026-09-28
XRAY,1.1,9.28,5676420,5014361,52.68,53.37,1.0,-0.9,-0.4,강한매수,망치형,전저점부근,0.92,3.25,2026-09-28
SABS,1.1,3.215,697922,641621,2.24,2.67,0.8,1.4,-3.6,강한매도,장대음봉,전저점이탈,0.38,-2.89,2026-09-28
MBC,1.1,6.96,3807905,3594965,26.5,29.14,0.9,-2.2,-1.6,중립,음봉,잔구간,0.42,-0.4,2026-09-28
LAR,1.1,5.41,1233611,1124106,6.67,9.06,0.7,-2.4,0.4,중립,팽이도지,전저점이탈,0.58,-0.65,2026-09-28
BUYW,1.1,14.47,504948,477555,7.31,8.34,0.9,0.0,-0.1,중립,망치형,잔구간,0.67,0.6,2026-09-28
BZ,1.1,14.18,7000917,6433356,99.27,160.94,0.6,-2.4,3.0,매수관심,장대양봉,잔구간,0.83,1.2,2026-09-28
MAMA,1.1,13.15,691837,604001,9.1,13.98,0.7,-0.7,-0.8,중립,망치형,잔구간,0.63,0.58,2026-09-28
SAN,1.1,14.22,8123104,7716762,115.51,107.13,1.1,-1.3,-0.1,중립,팽이도지,잔구간,0.34,-0.095,2026-09-28
CPNG,1.1,13.75,12342141,11240561,169.7,201.5,0.8,-0.6,-0.4,중립,망치형,전저점이탈,0.78,0.59,2026-09-28
NCLH,1.1,14.31,23498170,21782570,336.26,279.19,1.2,-1.1,-1.0,중립,음봉,잔구간,0.32,-0.46,2026-09-28
FNB,1.1,17.43,5590397,5107855,97.44,86.46,1.1,-0.1,-1.1,매도주의,장대음봉,잔구간,0.21,-1.175,2026-09-28
RGNX,1.1,7.47,1325849,1239533,9.9,11.79,0.8,-1.4,2.3,중립,양봉,잔구간,0.92,0.6,2026-09-28
REPL,1.1,12.56,1966732,1767382,24.7,24.39,1.0,-1.7,3.4,중립,양봉,잔구간,0.71,0.475,2026-09-28
FUN,1.1,11.54,2160978,2016029,24.94,24.86,1.0,-1.4,-5.0,강한매도,장대음봉,전저점이탈,0.03,-3.31,2026-09-28
FTCB,1.1,19.77,547633,484582,10.83,11.1,1.0,-0.6,-0.3,강한매도,장대음봉,전저점이탈,0.19,-3.12,2026-09-28
RAM,1.1,13.46,9019337,7863694,121.4,116.7,1.0,-5.0,-2.0,중립,망치형,잔구간,0.58,0.55,2026-09-28
STNE,1.1,9.27,4551737,4086261,42.19,41.99,1.0,-1.6,1.3,중립,양봉,잔구간,0.61,0.415,2026-09-28
AIB,1.1,1.65,1046233,928261,1.73,1.72,1.0,-1.8,-0.6,중립,팽이도지,잔구간,0.57,0.04,2026-09-28
BTCZ,1.1,2.955,20642493,19357234,61.0,76.52,0.8,1.2,0.5,매수관심,팽이도지,완만한상승,0.58,1.0,2026-09-28
BTDR,1.1,11.03,11574661,10551322,127.67,122.43,1.0,-1.2,-3.0,매도주의,음봉,전저점이탈,0.14,-1.88,2026-09-28
JOBY,1.1,6.11,22605894,21041737,138.12,150.38,0.9,-1.7,-1.6,중립,음봉,잔구간,0.42,-0.4,2026-09-28
JPC,1.1,6.76,2201551,2094510,14.88,15.61,1.0,-0.7,-0.1,중립,망치형,전저점이탈,0.87,0.69,2026-09-28
FPE,1.1,17.14,1496422,1361982,25.65,23.09,1.1,-0.4,-0.2,매도주의,음봉,전저점이탈,0.29,-1.7,2026-09-28
DSU,1.1,8.88,320456,291381,2.85,3.26,0.9,-0.3,-0.3,매도주의,위꼬리음봉,잔구간,0.0,-1.05,2026-09-28
VNM,1.1,17.09,382977,359201,6.55,8.13,0.8,-0.4,-0.6,강한매도,장대음봉,전저점이탈,0.06,-3.28,2026-09-28
VYGR,1.1,2.7,646077,614509,1.74,1.7,1.0,0.0,0.7,매수관심,양봉스프링,잔구간,0.75,0.9,2026-09-28
JKS,1.1,9.2,800156,725789,7.36,8.2,0.9,-0.9,-4.0,강한매도,장대음봉,전저점이탈,0.0,-3.35,2026-09-28
RPAY,1.1,3.75,444920,386967,1.67,1.59,1.0,-0.8,-0.3,중립,망치형,잔구간,0.73,0.64,2026-09-28
ANTX,1.1,5.01,318456,282079,1.6,1.32,1.2,0.2,2.5,매수관심,팽이도지,완만한상승,0.68,1.12,2026-09-28
KLC,1.1,2.01,586169,554362,1.18,1.33,0.9,0.5,-5.6,강한매도,장대음봉,전저점이탈,0.03,-3.31,2026-09-28
RYAM,1.1,8.15,885611,841426,7.22,7.01,1.0,-0.8,-4.1,매도주의,장대음봉,잔구간,0.03,-1.28,2026-09-28
KD,1.1,11.23,3964283,3622263,44.52,48.79,0.9,-1.7,-1.5,매도주의,음봉,전저점이탈,0.19,-1.82,2026-09-28
AMPY,1.1,4.19,577699,513836,2.42,2.42,1.0,2.1,-4.1,강한매도,장대음봉,전저점이탈,0.05,-3.29,2026-09-28
BB,1.1,8.8,30562278,27593926,268.95,168.8,1.6,-3.3,10.8,강한매수,장대양봉,완만한상승,0.84,3.31,2026-09-28
KODK,1.1,9.59,718698,640043,6.89,8.12,0.8,-0.1,0.9,중립,팽이도지,잔구간,0.55,0.03,2026-09-28
FBRT,1.1,6.71,2148693,2012280,14.42,23.73,0.6,-0.9,-2.9,매도주의,음봉,전저점이탈,0.09,-1.94,2026-09-28
SOUN,1.1,5.83,15054976,13853665,87.77,111.42,0.8,-1.8,-1.9,중립,음봉,전저점부근,0.0,-0.55,2026-09-28
SOFI,1.1,15.93,58726352,53642864,935.51,885.29,1.1,-1.6,-2.4,강한매도,장대음봉,전저점이탈,0.11,-3.22,2026-09-28
NAK,1.1,1.46,4791512,4400827,7.0,5.8,1.2,-1.4,5.8,강한매수,양봉,완만한상승,0.9,2.08,2026-09-28
VISN,1.1,6.09,6635258,5937334,40.41,58.44,0.7,-0.8,-1.3,매도주의,음봉,전저점이탈,0.51,-1.44,2026-09-28
KTUP,1.1,4.4,620901,577967,2.73,2.38,1.1,-2.3,-4.6,강한매도,장대음봉,전저점이탈,0.15,-3.17,2026-09-28
KSS,1.1,18.18,4533343,4177242,82.42,64.69,1.3,-1.2,2.8,매수관심,양봉,완만한상승,0.64,1.77,2026-09-28
FMC,1.1,9.21,4020873,3803523,37.03,43.43,0.9,-0.9,-3.0,강한매도,장대음봉,전저점이탈,0.19,-3.12,2026-09-28
ANGO,1.1,15.54,533567,500420,8.29,8.49,1.0,0.0,0.3,매수관심,팽이도지,완만한상승,0.61,1.03,2026-09-28
FLG,1.1,12.04,5929983,5563226,71.4,67.23,1.1,-0.7,-2.0,강한매도,장대음봉,전저점이탈,0.1,-3.23,2026-09-28
AOD,1.1,10.18,331996,302846,3.38,4.17,0.8,-0.3,-0.9,매도주의,장대음봉,전저점부근,0.18,-1.63,2026-09-28
EYPT,1.1,3.31,3296631,3081609,10.91,15.57,0.7,-1.1,-7.5,강한매도,장대음봉,전저점이탈,0.13,-3.19,2026-09-28
RXST,1.1,4.67,1023181,963788,4.78,4.43,1.1,0.2,0.0,중립,팽이도지,잔구간,0.35,-0.09,2026-09-28
WSE,1.1,11.5,2187940,1938109,25.16,21.62,1.2,-1.5,1.1,중립,양봉,잔구간,0.67,0.45,2026-09-28
WRD,1.1,5.53,2860925,2652334,15.82,16.58,1.0,3.6,-3.5,매도주의,장대음봉,잔구간,0.04,-1.275,2026-09-28
LBTYK,1.1,9.13,2185670,1941224,19.96,22.7,0.9,0.0,-1.4,중립,음봉,잔구간,0.15,-0.56,2026-09-28
ZVRA,1.1,11.3,751309,696756,8.49,10.14,0.8,-0.3,2.6,매수관심,장대양봉,잔구간,0.86,1.215,2026-09-28
WCMI,1.1,19.21,1066636,977158,20.49,19.17,1.1,-0.7,-0.1,중립,팽이도지,잔구간,0.5,0.0,2026-09-28
CION,1.1,7.07,329749,290573,2.33,2.42,1.0,-0.3,-1.0,중립,음봉,수횡파,0.25,-0.4,2026-09-28
BCRX,1.1,8.47,4354765,4066700,36.88,46.9,0.8,-0.4,-1.0,중립,음봉,잔구간,0.42,-0.4,2026-09-28
BCSF,1.1,11.13,564310,496627,6.28,6.46,1.0,-0.2,0.6,매수관심,양봉,완만한상승,0.65,1.78,2026-09-28
SMPL,1.1,9.6,2027820,1915261,19.47,23.93,0.8,-0.8,0.8,중립,위꼬리양봉,완만한상승,0.47,-0.14,2026-09-28
EOSU,1.1,4.51,475438,449204,2.14,2.38,0.9,-0.3,-5.6,매도주의,음봉,전저점이탈,0.44,-1.52,2026-09-28
EOLS,1.1,7.96,478232,418357,3.81,5.05,0.8,-0.9,0.8,중립,팽이도지,잔구간,0.57,0.04,2026-09-28
SLDB,1.1,7.28,1413513,1327382,10.29,13.92,0.7,-2.1,2.0,중립,양봉,잔구간,0.74,0.495,2026-09-28
GRNT,1.1,4.31,1241081,1137194,5.35,7.83,0.7,0.9,-3.8,강한매도,장대음봉,전저점이탈,0.05,-3.29,2026-09-28
GRFS,1.1,7.41,597123,521689,4.42,5.85,0.8,0.0,0.8,매수관심,양봉,완만한상승,0.52,1.62,2026-09-28
GOF,1.1,8.49,3078651,2717854,26.14,29.66,0.9,-1.1,0.4,중립,위꼬리양봉,잔구간,0.39,-0.565,2026-09-28
TRVI,1.1,14.4,1613733,1507176,23.24,25.19,0.9,-0.8,0.7,중립,팽이도지,잔구간,0.58,0.05,2026-09-28
NRGV,1.1,4.05,4134083,3773255,16.74,20.68,0.8,-1.1,-6.9,강한매도,장대음봉,전저점이탈,0.08,-3.25,2026-09-28
GDOT,1.1,12.31,496611,441373,6.11,6.35,1.0,-0.3,0.8,중립,위꼬리양봉,잔구간,0.36,-0.585,2026-09-28
TBLA,1.1,3.4,2266013,2031223,7.7,7.04,1.1,0.4,-2.7,매도주의,장대음봉,잔구간,0.17,-1.2,2026-09-28
DRVN,1.1,11.76,947985,880597,11.15,15.3,0.7,-0.4,-4.1,강한매도,장대음봉,전저점이탈,0.09,-3.24,2026-09-28
QID,1.1,13.29,44309243,40213081,588.87,525.58,1.1,1.1,1.1,중립,양봉,잔구간,0.49,0.345,2026-09-28
DHY,1.1,1.61,949789,882052,1.53,2.12,0.7,0.0,-0.6,중립,음봉,전저점부근,0.0,-0.55,2026-09-28
PUBM,1.1,18.41,839466,786514,15.45,14.53,1.1,-1.6,0.6,매수관심,양봉스프링,잔구간,0.95,1.02,2026-09-28
CRDU,1.1,8.85,7493720,7111943,66.32,54.71,1.2,-5.0,-12.9,매도주의,장대음봉,잔구간,0.18,-1.19,2026-09-28
GTM,1.1,3.59,5051143,4801273,18.13,23.82,0.8,-2.7,-1.6,매도주의,음봉,전저점이탈,0.55,-1.39,2026-09-28
GTE,1.1,9.65,533457,497987,5.15,5.81,0.9,2.1,-1.7,중립,음봉,완만한상승,0.0,-0.4,2026-09-28
GSM,1.1,3.99,895828,783422,3.57,4.14,0.9,-1.5,-0.5,중립,팽이도지,잔구간,0.37,-0.08,2026-09-28
PFN,1.1,6.2,750316,698785,4.65,4.78,1.0,-0.5,-0.3,중립,망치형,잔구간,0.67,0.6,2026-09-28
PFL,1.1,6.83,412055,369963,2.81,2.65,1.1,-0.1,-1.3,매도주의,장대음봉,잔구간,0.1,-1.24,2026-09-28
ARRY,1.1,3.83,6578305,5904642,25.19,28.07,0.9,-1.5,-3.5,중립,음봉,잔구간,0.24,-0.505,2026-09-28
IMPP,1.1,4.99,551911,520258,2.75,3.14,0.9,0.4,-2.0,중립,음봉,전저점부근,0.09,-0.44,2026-09-28
HLMN,1.1,7.11,1735536,1554560,12.34,16.51,0.7,-0.7,1.6,중립,양봉,잔구간,0.87,0.57,2026-09-28
NWBI,1.1,15.12,1049756,945395,15.87,20.23,0.8,0.0,-1.2,매도주의,장대음봉,잔구간,0.11,-1.235,2026-09-28
OBDC,1.1,10.77,3598842,3165428,38.76,33.61,1.2,-0.4,0.0,매수관심,양봉스프링,잔구간,0.86,0.965,2026-09-28
OBX,1.1,13.37,912961,843748,12.21,18.05,0.7,0.4,3.6,중립,양봉,잔구간,0.74,0.495,2026-09-28
TIGR,1.1,4.65,1779334,1656377,8.27,9.01,0.9,0.0,0.2,중립,팽이도지,잔구간,0.44,-0.035,2026-09-28
TNDM,1.1,16.42,2852542,2669929,46.84,43.53,1.1,-0.8,5.3,매수관심,장대양봉,잔구간,0.89,1.235,2026-09-28
IQI,1.1,8.7,357038,319734,3.11,2.66,1.2,-0.3,-2.5,강한매도,장대음봉,전저점이탈,0.0,-3.35,2026-09-28
IREG,1.1,7.89,767182,729508,6.05,6.32,1.0,-2.8,-8.4,강한매도,장대음봉,전저점이탈,0.0,-3.35,2026-09-28
AVEX,1.1,15.39,1107330,1045759,17.04,18.66,0.9,-1.2,-3.0,매도주의,장대음봉,전저점부근,0.07,-1.77,2026-09-28
PRTA,1.1,8.72,488859,435782,4.26,4.62,0.9,-0.5,5.7,중립,양봉,잔구간,0.82,0.54,2026-09-28
PRMB,1.1,19.49,3739576,3541717,72.88,79.67,0.9,-1.5,1.5,중립,양봉,잔구간,0.58,0.4,2026-09-28
PRVA,1.1,19.87,1399269,1242457,27.8,27.55,1.0,-0.2,1.0,중립,양봉,잔구간,0.6,0.41,2026-09-28
PSNL,1.1,16.32,1669452,1538293,27.25,36.21,0.8,-1.5,0.6,매수관심,팽이도지,수횡파,0.67,0.8,2026-09-28
TETH,1.1,13.36,1797420,1640926,24.01,22.61,1.1,-0.2,-0.6,중립,팽이도지,잔구간,0.29,-0.125,2026-09-28
THM,1.1,2.57,842386,767080,2.16,2.62,0.8,-4.3,-2.7,매도주의,장대음봉,잔구간,0.36,-1.085,2026-09-28
NOWL,1.1,6.81,4518914,4207291,30.77,35.52,0.9,-8.8,3.0,중립,양봉,전저점이탈,0.93,0.47,2026-09-28
USAS,1.1,4.5,4090472,3667418,18.41,20.01,0.9,-6.8,0.0,매도주의,팽이도지,전저점이탈,0.36,-0.92,2026-09-28
UVXY,1.1,17.08,8453972,7393942,144.39,143.51,1.0,1.4,0.0,매수관심,팽이도지,완만한상승,0.49,0.89,2026-09-28
AUR,1.1,5.29,46517352,41458326,246.08,237.04,1.0,-1.7,-10.9,강한매도,장대음봉,전저점이탈,0.01,-3.34,2026-09-28
URG,1.1,1.12,6980319,6409559,7.82,9.2,0.8,2.7,-3.4,매도주의,장대음봉,전저점부근,0.0,-1.85,2026-09-28
ADIG,1.1,18.53,745663,705125,13.82,15.73,0.9,-0.1,-5.1,매도주의,음봉,전저점이탈,0.26,-1.74,2026-09-28
UEC,1.1,9.21,9323210,8169143,85.87,91.84,0.9,-1.2,-1.0,중립,망치형,전저점이탈,0.65,0.43,2026-09-28
BSCW,1.1,19.585,335758,303903,6.58,11.21,0.6,-0.5,-0.0,중립,팽이도지,전저점이탈,0.5,-0.75,2026-09-28
IBTK,1.1,18.975,432724,399866,8.21,11.17,0.7,-0.3,0.0,중립,팽이도지,잔구간,0.52,0.01,2026-09-28
IMSR,1.1,4.12,1243176,1170917,5.12,7.16,0.7,-2.2,-2.1,매도주의,음봉,전저점이탈,0.4,-1.57,2026-09-28
OWL,1.1,9.15,17357104,16368441,158.82,174.48,0.9,-1.3,-0.5,중립,망치형,잔구간,0.63,0.58,2026-09-28
OSPN,1.1,17.88,592383,538085,10.59,13.44,0.8,-1.5,1.9,강한매수,양봉,완만한상승,0.86,2.03,2026-09-28
HPK,1.1,7.59,415719,372968,3.16,5.56,0.6,1.7,-1.3,중립,음봉,잔구간,0.07,-0.61,2026-09-28
UAMY,1.1,4.26,4647966,4417406,19.8,22.49,0.9,-2.0,-3.4,강한매도,장대음봉,전저점이탈,0.0,-3.35,2026-09-28
HITI,1.1,2.81,839009,793146,2.36,3.37,0.7,-1.1,1.8,중립,양봉,전고점부근,0.73,0.53,2026-09-28
HIX,1.1,3.52,690670,627540,2.43,1.77,1.4,0.0,-1.4,중립,음봉,잔구간,0.55,-0.32,2026-09-28
BRUN,1.1,16.24,1499772,1356216,24.36,40.83,0.6,-2.4,-0.7,중립,팽이도지,잔구간,0.29,-0.125,2026-09-28
ORCU,1.1,6.13,5587212,4928525,34.25,43.46,0.8,-6.3,-0.2,강한매도,위꼬리음봉,전저점이탈,0.23,-2.57,2026-09-28
UE,1.1,19.91,873631,761123,17.39,16.08,1.1,0.1,-0.1,매수관심,팽이도지,완만한상승,0.61,1.03,2026-09-28
BSCR,1.1,19.535,682190,641691,13.33,14.2,0.9,-0.0,-0.0,강한매도,위꼬리음봉,전저점이탈,0.25,-2.55,2026-09-28
PAX,1.1,10.06,1022375,969680,10.29,10.32,1.0,-1.0,-0.8,중립,음봉,잔구간,0.47,-0.37,2026-09-28
CYPH,1.1,3.31,26754914,23304779,88.56,72.25,1.2,-2.2,-17.9,매도주의,장대음봉,잔구간,0.14,-1.215,2026-09-28
PCN,1.1,10.6,714387,653095,7.57,7.42,1.0,-1.0,-0.7,중립,음봉,잔구간,0.43,-0.39,2026-09-28
DBI,1.1,6.29,687769,641419,4.33,5.31,0.8,-2.1,4.8,강한매수,양봉,완만한상승,0.93,2.12,2026-09-28
TTGT,1.1,3.78,345526,312768,1.31,1.11,1.2,-0.3,-1.0,중립,음봉,잔구간,0.48,-0.36,2026-09-28
TU,1.1,8.36,7497318,6606038,62.68,62.12,1.0,-1.3,-0.1,매도주의,팽이도지,전저점이탈,0.36,-0.92,2026-09-28
ACRS,1.1,5.43,2429167,2225897,13.19,17.37,0.8,-1.6,7.1,강한매수,장대양봉,완만한상승,0.92,3.4,2026-09-28
OGG,1.1,2.78,2105583,1860741,5.85,4.12,1.4,-2.2,2.6,매수관심,양봉,완만한상승,0.79,1.95,2026-09-28
OGN,1.1,13.73,1989673,1804599,27.32,30.38,0.9,0.1,-0.1,매도주의,장대음봉,완만한상승,0.33,-1.3,2026-09-28
OLN,1.1,16.05,2447689,2144273,39.29,41.98,0.9,0.0,-2.1,강한매도,장대음봉,전저점이탈,0.04,-3.3,2026-09-28
PATH,1.1,12.19,49586288,46307578,604.46,704.07,0.9,-3.8,1.7,매수관심,양봉스프링,전저점이탈,0.79,1.1,2026-09-28
ILPT,1.1,7.27,421336,367671,3.06,2.52,1.2,-1.8,0.4,중립,팽이도지,전저점이탈,0.53,-0.71,2026-09-28
IMMR,1.1,7.25,365629,342955,2.65,3.34,0.8,-1.0,0.6,중립,양봉,잔구간,1.0,0.65,2026-09-28
ASM,1.1,5.61,3146363,2982856,17.65,19.57,0.9,-4.4,-1.2,매도주의,음봉,전저점이탈,0.29,-1.7,2026-09-28
BETR,1.1,10.08,487661,464113,4.92,6.24,0.8,-1.0,-2.6,매도주의,음봉,전저점이탈,0.25,-1.75,2026-09-28
BIT,1.1,11.14,533816,472196,5.95,6.97,0.9,0.0,-0.8,매도주의,장대음봉,잔구간,0.07,-1.26,2026-09-28
XPOF,1.1,3.91,857438,750569,3.35,3.01,1.1,-1.0,0.8,강한매수,양봉스프링,수횡파,0.87,3.54,2026-09-28
BBD,1.1,3.35,27293279,24374969,91.43,85.93,1.1,-1.8,0.0,강한매도,위꼬리양봉,전저점이탈,0.23,-2.07,2026-09-28
WY,1.1,19.72,7771108,7347772,153.25,162.1,0.9,-0.0,-1.4,매도주의,음봉,전저점이탈,0.24,-1.76,2026-09-28
ZNTL,1.1,2.6,1273579,1120976,3.31,3.34,1.0,0.0,-3.7,강한매도,장대음봉,전저점이탈,0.23,-3.07,2026-09-28
XE,1.1,14.43,6033056,5359640,87.06,112.1,0.8,-0.5,-3.8,매도주의,음봉,전저점이탈,0.14,-1.88,2026-09-28
ACP,1.1,4.41,1074845,948310,4.74,6.72,0.7,-0.4,-1.1,강한매도,장대음봉,전저점이탈,0.0,-3.35,2026-09-28
ACI,1.0,11.64,7659616,7765342,89.16,106.35,0.8,-0.3,0.1,중립,팽이도지,잔구간,0.29,-0.125,2026-09-28
WVE,1.0,3.67,3546373,3565483,13.02,13.13,1.0,-0.3,-2.7,매도주의,음봉,전저점이탈,0.39,-1.58,2026-09-28
CHCT,1.0,14.31,337767,347494,4.83,5.47,0.9,-0.4,-0.3,중립,망치형,잔구간,0.59,0.555,2026-09-28
BIAF,1.0,7.41,481316,488894,3.57,34.48,0.1,-2.4,-4.3,중립,음봉,잔구간,0.19,-0.535,2026-09-28
BBDC,1.0,8.64,426572,441886,3.69,4.34,0.8,0.0,-0.3,중립,망치형,잔구간,0.57,0.54,2026-09-28
MNTS,1.0,4.03,553869,552400,2.23,2.62,0.9,-1.2,-3.6,강한매도,장대음봉,전저점이탈,0.17,-3.15,2026-09-28
MNRO,1.0,13.4,1172290,1125713,15.71,15.41,1.0,-1.7,-0.7,중립,팽이도지,잔구간,0.42,-0.05,2026-09-28
LWLG,1.0,5.0,2934144,2855518,14.67,14.27,1.0,-1.9,-4.0,매도주의,장대음봉,잔구간,0.19,-1.185,2026-09-28
LTBR,1.0,6.48,638323,649799,4.14,7.16,0.6,-1.3,-4.1,매도주의,장대음봉,전저점부근,0.07,-1.77,2026-09-28
LODE,1.0,2.42,1283073,1311460,3.11,4.18,0.7,0.0,-5.5,강한매도,장대음봉,전저점이탈,0.21,-3.1,2026-09-28
MLCO,1.0,4.67,1584123,1540337,7.4,9.69,0.8,-0.6,-0.6,중립,음봉,잔구간,0.19,-0.535,2026-09-28
MITK,1.0,17.22,611767,604542,10.53,11.8,0.9,-1.8,-0.7,중립,음봉,잔구간,0.54,-0.325,2026-09-28
AAOG,1.0,1.945,2959030,2861486,5.76,6.14,0.9,-3.3,-5.6,매도주의,음봉,전저점이탈,0.37,-1.61,2026-09-28
YMAX,1.0,7.63,1181052,1237197,9.01,9.71,0.9,-0.4,-1.4,매도주의,장대음봉,잔구간,0.08,-1.25,2026-09-28
AAPD,1.0,10.13,5558728,5605148,56.31,66.9,0.8,0.1,0.6,강한매수,양봉,완만한상승,0.87,2.04,2026-09-28
ORC,1.0,5.68,5354788,5379930,30.42,33.22,0.9,-0.9,0.4,매수관심,팽이도지,전저점부근,0.58,0.85,2026-09-28
OPEN,1.0,2.43,30377343,29151198,73.82,88.91,0.8,-1.2,-4.3,강한매도,장대음봉,전저점이탈,0.04,-3.3,2026-09-28
ASAN,1.0,8.64,8529087,8452104,73.69,100.88,0.7,-2.9,-1.4,중립,망치형,전저점이탈,0.64,0.42,2026-09-28
HR,1.0,17.98,5145994,5110338,92.52,87.31,1.1,0.4,-0.8,중립,음봉,잔구간,0.06,-0.615,2026-09-28
HOS,1.0,7.94,2190920,2096775,17.4,21.39,0.8,0.9,-3.9,강한매도,장대음봉,전저점이탈,0.05,-3.29,2026-09-28
OSG,1.0,4.1,466758,467225,1.91,2.32,0.8,-0.5,-1.7,중립,음봉,전저점부근,0.62,0.19,2026-09-28
DAPP,1.0,19.59,965799,945749,18.92,23.03,0.8,-1.3,-2.7,매도주의,장대음봉,잔구간,0.07,-1.26,2026-09-28
TSLT,1.0,12.81,1773571,1698923,22.72,27.16,0.8,-2.2,-5.9,강한매도,장대음봉,전저점이탈,0.04,-3.3,2026-09-28
TSLL,1.0,9.15,64167577,62584187,587.13,618.27,0.9,-2.2,-5.9,강한매도,장대음봉,전저점이탈,0.06,-3.28,2026-09-28
PBR.A,1.0,18.65,6906895,7095235,128.81,129.42,1.0,0.7,0.0,중립,위꼬리양봉,잔구간,0.22,-0.67,2026-09-28
UNCY,1.0,4.64,601475,624181,2.79,3.84,0.7,-0.7,-0.4,강한매수,망치형,수횡파,0.73,2.88,2026-09-28
DAKT,1.0,17.05,521802,501995,8.9,10.41,0.9,-0.6,0.8,중립,양봉,잔구간,0.55,0.38,2026-09-28
CYRX,1.0,17.38,732391,712389,12.73,11.42,1.1,-0.7,0.5,중립,팽이도지,잔구간,0.6,0.06,2026-09-28
CXM,1.0,4.98,2810399,2857174,14.0,17.0,0.8,-2.0,0.2,중립,팽이도지,전저점이탈,0.66,-0.56,2026-09-28
CURI,1.0,2.9,689538,704521,2.0,1.93,1.0,-0.6,-5.8,매도주의,장대음봉,잔구간,0.16,-1.205,2026-09-28
UGP,1.0,7.13,3858327,3733568,27.51,27.97,1.0,0.3,0.1,중립,위꼬리양봉,완만한상승,0.27,-0.38,2026-09-28
IMRX,1.0,4.16,598654,571408,2.49,2.97,0.8,-0.5,-2.1,강한매도,장대음봉,전저점이탈,0.28,-3.01,2026-09-28
HBAN,1.0,15.3,30524047,31394404,467.02,613.27,0.8,-0.6,-1.5,매도주의,장대음봉,잔구간,0.06,-1.265,2026-09-28
HAFN,1.0,9.13,2746952,2714547,25.08,29.73,0.8,2.5,-0.1,중립,팽이도지,잔구간,0.35,-0.09,2026-09-28
GTN,1.0,4.59,936280,984816,4.3,4.86,0.9,1.5,-1.3,매도주의,위꼬리음봉,완만한상승,0.11,-1.07,2026-09-28
GROY,1.0,3.03,1419503,1406322,4.3,4.74,0.9,-4.4,0.3,매도주의,위꼬리양봉,전저점이탈,0.37,-1.91,2026-09-28
PEB,1.0,18.73,1919987,1916964,35.96,41.01,0.9,0.7,1.0,중립,양봉,전고점부근,0.68,0.47,2026-09-28
HNST,1.0,5.3,1702645,1647840,9.02,9.73,0.9,-1.5,1.7,강한매수,장대양봉,완만한상승,0.93,3.42,2026-09-28
HNRG,1.0,14.39,611540,625565,8.8,11.81,0.7,-0.1,-2.1,중립,음봉,잔구간,0.38,-0.42,2026-09-28
ARLO,1.0,12.6,1174402,1209163,14.8,16.74,0.9,-1.2,-0.6,중립,망치형,전저점이탈,0.65,0.43,2026-09-28
ARKO,1.0,4.26,670027,644556,2.85,3.96,0.7,0.7,-1.2,중립,음봉,잔구간,0.29,-0.475,2026-09-28
NWG,1.0,18.34,3212084,3159094,58.91,65.43,0.9,-0.4,-0.4,매도주의,위꼬리음봉,잔구간,0.23,-0.91,2026-09-28
NVDQ,1.0,8.12,6562852,6251271,53.29,50.35,1.1,-3.9,0.5,매수관심,양봉스프링,잔구간,0.84,0.955,2026-09-28
NUVB,1.0,5.6,4592452,4379400,25.72,29.73,0.9,-1.0,-1.4,중립,음봉,잔구간,0.6,-0.29,2026-09-28
AVAT,1.0,1.67,2376634,2368115,3.97,6.81,0.6,-0.5,-8.7,중립,음봉,잔구간,0.19,-0.535,2026-09-28
TONX,1.0,3.98,533896,538142,2.12,1.44,1.5,6.9,4.2,매수관심,양봉,완만한상승,0.64,1.77,2026-09-28
TK,1.0,13.98,555484,540004,7.77,9.16,0.8,1.5,0.5,매수관심,팽이도지,완만한상승,0.5,0.9,2026-09-28
DHF,1.0,2.23,462175,474950,1.03,1.13,0.9,-0.9,0.5,중립,양봉,잔구간,0.5,0.35,2026-09-28
DEI,1.0,9.67,2913986,2979280,28.18,24.75,1.1,-0.1,-1.4,중립,음봉,잔구간,0.37,-0.43,2026-09-28
CCO,1.0,2.36,3981430,3890748,9.4,11.47,0.8,0.0,0.0,강한매수,양봉스프링,완만한상승,1.0,3.0,2026-09-28
TENX,1.0,1.85,2209344,2271118,4.09,5.51,0.7,0.0,2.2,매수관심,양봉,수횡파,0.63,1.46,2026-09-28
APPX,1.0,12.23,1882181,1947525,23.02,23.1,1.0,7.3,-8.3,매도주의,장대음봉,잔구간,0.07,-1.26,2026-09-28
PGY,1.0,17.0,2770605,2755403,47.1,58.07,0.8,-2.8,-0.7,중립,망치형,전저점이탈,0.67,0.45,2026-09-28
HBNC,1.0,19.04,569857,548063,10.85,11.82,0.9,0.1,-1.3,매도주의,장대음봉,잔구간,0.01,-1.295,2026-09-28
GILT,1.0,10.01,364814,359960,3.65,4.62,0.8,-0.9,-0.4,중립,팽이도지,잔구간,0.4,-0.06,2026-09-28
PROK,1.0,1.61,1814558,1749821,2.92,4.01,0.7,-1.3,1.9,매수관심,양봉,완만한상승,0.7,1.84,2026-09-28
AQN,1.0,5.01,4089369,3998334,20.49,26.0,0.8,-0.4,0.6,중립,양봉,잔구간,0.73,0.49,2026-09-28
ADNT,1.0,17.1,1055219,1054511,18.04,20.87,0.9,-0.9,-2.1,매도주의,장대음봉,잔구간,0.0,-1.3,2026-09-28
VALE,1.0,13.59,23178080,22435178,314.99,374.0,0.8,-1.7,1.6,매수관심,장대양봉,잔구간,0.75,1.15,2026-09-28
CRGY,1.0,12.98,5673386,5844693,73.64,109.13,0.7,1.4,-2.7,매도주의,장대음봉,전저점부근,0.11,-1.72,2026-09-28
USAR,1.0,14.415,13697457,13584448,197.45,205.41,1.0,-1.5,-3.5,강한매도,장대음봉,전저점이탈,0.07,-3.27,2026-09-28
ATEC,1.0,10.05,1706604,1682307,17.15,25.44,0.7,-1.2,0.5,매수관심,양봉스프링,잔구간,0.96,1.025,2026-09-28
GBDC,1.0,12.49,1252964,1280928,15.65,16.88,0.9,-0.5,0.7,중립,양봉,잔구간,0.81,0.535,2026-09-28
TALO,1.0,16.46,2152234,2062528,35.43,43.48,0.8,1.9,-1.9,매도주의,장대음봉,잔구간,0.25,-1.15,2026-09-28
DSL,1.0,9.91,968675,924166,9.6,8.1,1.2,-0.4,-0.7,중립,음봉,잔구간,0.47,-0.37,2026-09-28
DNP,1.0,9.72,1045803,998228,10.17,10.45,1.0,-0.6,-0.2,중립,팽이도지,잔구간,0.36,-0.085,2026-09-28
DNOW,1.0,16.14,1806403,1732144,29.16,39.05,0.7,0.4,0.9,강한매수,양봉,전고점돌파,0.78,2.54,2026-09-28
DNA,1.0,10.46,2122119,2078745,22.2,18.02,1.2,-2.7,0.8,중립,팽이도지,잔구간,0.53,0.02,2026-09-28
DJT,1.0,9.12,2936965,2801250,26.79,25.66,1.0,-1.0,0.8,중립,양봉,잔구간,0.73,0.49,2026-09-28
GAU,1.0,1.93,2462629,2410399,4.75,5.09,0.9,-4.9,-1.5,매도주의,음봉,전저점이탈,0.27,-1.73,2026-09-28
BLMN,1.0,7.91,2208149,2153806,17.47,20.09,0.9,-1.1,1.5,매수관심,양봉,완만한상승,0.59,1.71,2026-09-28
NMR,1.0,10.02,623474,596204,6.25,7.67,0.8,-0.3,-0.1,매도주의,위꼬리음봉,잔구간,0.08,-1.0,2026-09-28
AG,1.0,17.95,10087820,10275666,181.08,176.62,1.0,-6.0,0.5,중립,팽이도지,전저점이탈,0.52,-0.73,2026-09-28
AERO,1.0,15.71,347181,338500,5.45,6.24,0.9,-1.1,0.4,중립,위꼬리양봉,잔구간,0.25,-0.65,2026-09-28
NFGC,1.0,1.68,874430,898622,1.47,1.99,0.7,-4.6,0.6,중립,팽이도지,전저점이탈,0.67,-0.55,2026-09-28
NEXT,1.0,6.56,2455859,2510956,16.11,18.58,0.9,1.7,-1.6,매도주의,장대음봉,잔구간,0.22,-1.17,2026-09-28
NCMI,1.0,2.21,1790959,1728045,3.96,2.89,1.4,-0.9,-1.3,중립,망치형,잔구간,0.74,0.645,2026-09-28
JRVR,1.0,3.44,337137,352570,1.16,1.36,0.9,-0.8,-1.7,매도주의,음봉,전저점이탈,0.5,-1.45,2026-09-28
REI,1.0,1.31,2701661,2635569,3.54,6.44,0.5,1.5,-5.1,강한매도,장대음봉,전저점이탈,0.11,-3.22,2026-09-28
FSM,1.0,11.21,4157975,4012514,46.61,49.29,0.9,-5.3,1.3,중립,양봉,전저점이탈,0.6,0.07,2026-09-28
FSK,1.0,11.16,1429271,1431536,15.95,21.42,0.7,-0.4,-0.4,중립,음봉,잔구간,0.56,-0.315,2026-09-28
BTX,1.0,8.86,365286,350107,3.24,3.39,1.0,-0.3,-1.7,매도주의,장대음봉,잔구간,0.17,-1.2,2026-09-28
RCKT,1.0,2.61,2079367,2114342,5.43,7.31,0.7,-1.0,1.6,중립,양봉,잔구간,0.91,0.595,2026-09-28
RC,1.0,1.3,1702302,1639255,2.21,2.81,0.8,0.0,-2.3,매도주의,음봉,전저점이탈,0.38,-1.59,2026-09-28
QXO,1.0,12.12,23186325,23472793,281.02,259.9,1.1,-2.5,0.0,매수관심,양봉스프링,잔구간,0.77,0.91,2026-09-28
RGTZ,1.0,15.02,521337,503581,7.83,7.08,1.1,1.6,5.7,강한매수,장대양봉,완만한상승,0.9,3.38,2026-09-28
BTE,1.0,4.53,19495071,18646592,88.31,87.91,1.0,1.5,-1.5,매도주의,장대음봉,잔구간,0.19,-1.185,2026-09-28
AKR,1.0,19.26,982866,947967,18.93,25.57,0.7,-0.2,0.3,강한매수,양봉스프링,완만한상승,0.83,2.8,2026-09-28
DXC,1.0,10.35,2648272,2595713,27.41,32.99,0.8,-1.8,-1.1,매도주의,음봉,전저점이탈,0.3,-1.69,2026-09-28
BSM,1.0,14.46,331016,340683,4.79,6.32,0.8,0.9,-0.6,중립,음봉,완만한상승,0.37,0.04,2026-09-28
VXX,1.0,17.46,7978623,8233125,139.31,158.91,0.9,1.2,-0.3,매수관심,팽이도지,완만한상승,0.43,0.82,2026-09-28
VRA,1.0,4.15,322913,310915,1.34,7.14,0.2,-0.1,3.2,강한매수,장대양봉,완만한상승,0.76,3.21,2026-09-28
CLOV,1.0,4.33,3333112,3471511,14.43,21.47,0.7,-0.9,-2.7,매도주의,음봉,전저점이탈,0.24,-1.76,2026-09-28
FIGS,1.0,13.62,2517397,2467501,34.29,32.29,1.1,-1.1,2.6,강한매수,양봉,전고점돌파,0.69,2.43,2026-09-28
SSG,1.0,10.59,596737,613329,6.32,7.07,0.9,-0.5,1.4,중립,양봉,잔구간,0.62,0.42,2026-09-28
SRTA,1.0,5.23,654358,642623,3.42,3.73,0.9,-1.5,-0.4,중립,팽이도지,수횡파,0.58,0.7,2026-09-28
SPCM,1.0,16.22,830832,825835,13.48,13.21,1.0,-0.5,-4.0,강한매도,음봉,전저점이탈,0.04,-2.0,2026-09-28
EFC,1.0,12.2,1549578,1534874,18.9,19.41,1.0,-0.3,-1.0,중립,음봉,전저점부근,0.2,-0.31,2026-09-28
SOPH,1.0,8.49,547679,541374,4.65,6.79,0.7,-0.1,1.9,매수관심,양봉,완만한상승,0.62,1.74,2026-09-28
SNK,1.0,15.63,2308451,2240927,36.08,35.25,1.0,-0.1,4.2,매수관심,양봉,전고점부근,0.96,0.8,2026-09-28
SNAP,1.0,5.22,28220164,28728132,147.31,188.92,0.8,-2.4,-1.3,중립,음봉,전저점부근,0.15,-0.37,2026-09-28
AMTX,1.0,1.845,1053844,1095096,1.94,2.0,1.0,2.8,0.3,중립,팽이도지,완만한상승,0.32,0.68,2026-09-28
RKT,1.0,11.64,45497334,43504954,529.59,538.85,1.0,-2.6,-1.8,중립,음봉,잔구간,0.54,-0.325,2026-09-28
BBAI,1.0,2.66,12744923,12814789,33.9,43.01,0.8,-1.8,-3.3,강한매도,장대음봉,전저점이탈,0.0,-3.35,2026-09-28
AZ,1.0,5.34,323208,310080,1.73,2.02,0.9,-0.9,-1.1,중립,망치형,전저점이탈,0.55,0.31,2026-09-28
KRO,1.0,8.13,322182,326520,2.62,3.46,0.8,-1.2,-0.2,매도주의,위꼬리음봉,잔구간,0.23,-0.91,2026-09-28
KEP,1.0,11.07,777654,780735,8.61,9.88,0.9,1.2,-0.6,중립,음봉,완만한상승,0.2,-0.16,2026-09-28
AVTR,1.0,15.29,9436674,9881814,144.29,149.56,1.0,-1.0,1.3,중립,양봉,잔구간,0.65,0.44,2026-09-28
MVIS,1.0,1.46,1109192,1076325,1.62,2.55,0.6,0.0,-8.8,강한매도,장대음봉,전저점이탈,0.07,-3.27,2026-09-28
MUX,1.0,18.12,836997,811024,15.17,21.49,0.7,-5.5,0.8,중립,팽이도지,전저점부근,0.49,0.74,2026-09-28
MUD,1.0,9.19,5580155,5815495,51.28,55.58,0.9,0.4,2.2,중립,양봉,잔구간,0.59,0.405,2026-09-28
MTRX,1.0,9.63,534327,551799,5.15,5.17,1.0,-0.2,-0.9,중립,팽이도지,잔구간,0.28,-0.13,2026-09-28
MSTZ,1.0,2.6,62082983,64221683,161.42,145.71,1.1,1.4,0.4,매수관심,팽이도지,완만한상승,0.67,1.1,2026-09-28
F,1.0,12.38,45502022,47616934,563.32,668.05,0.8,-0.6,-2.0,강한매도,장대음봉,전저점이탈,0.24,-3.06,2026-09-28
CALY,1.0,14.31,1962238,1998132,28.08,38.52,0.7,-0.9,0.0,중립,팽이도지,잔구간,0.53,0.02,2026-09-28
CABA,1.0,2.0,5436991,5451806,10.87,15.79,0.7,-0.5,-2.9,강한매도,장대음봉,전저점이탈,0.22,-3.09,2026-09-28
RNW,1.0,6.84,1003812,1025215,6.87,9.01,0.8,0.1,-0.1,중립,음봉,완만한상승,0.0,-0.4,2026-09-28
LADR,1.0,8.99,1610260,1631777,14.48,14.51,1.0,-0.7,-0.3,강한매수,망치형,전저점부근,0.59,2.8600000000000003,2026-09-28
LAC,1.0,2.68,8652883,8692241,23.19,26.54,0.9,-1.5,-1.1,매도주의,음봉,전저점이탈,0.29,-1.7,2026-09-28
KYTX,1.0,6.82,997817,996718,6.81,7.83,0.9,-1.3,1.5,중립,양봉,잔구간,0.57,0.39,2026-09-28
KVUE,1.0,17.88,16029406,16831491,286.61,452.57,0.6,-0.4,0.8,중립,양봉,잔구간,0.92,0.6,2026-09-28
MRTN,1.0,12.92,737576,728975,9.53,13.11,0.7,0.0,0.4,매수관심,양봉스프링,잔구간,0.82,0.94,2026-09-28
MPT,1.0,3.5,8761276,9135591,30.66,44.39,0.7,-0.7,-1.3,중립,음봉,잔구간,0.1,-0.59,2026-09-28
MOMO,1.0,4.9,1067335,1114565,5.23,5.0,1.0,0.0,-1.8,매도주의,장대음봉,수횡파,0.09,-1.89,2026-09-28
BDTX,1.0,1.83,648334,679025,1.19,1.25,0.9,0.5,-3.2,매도주의,장대음봉,전저점부근,0.25,-1.55,2026-09-28
LCID,1.0,3.9,10228133,9932641,39.89,51.27,0.8,-1.0,-3.2,강한매도,장대음봉,전저점이탈,0.18,-3.13,2026-09-28
SIGA,1.0,3.46,645558,619923,2.23,2.22,1.0,-0.6,0.9,강한매수,양봉스프링,완만한상승,0.76,2.71,2026-09-28
SHOE,1.0,13.21,979879,1015451,12.94,18.75,0.7,0.3,1.3,중립,양봉,잔구간,0.67,0.45,2026-09-28
SB,1.0,8.25,1846941,1896748,15.24,15.82,1.0,0.6,0.7,중립,양봉,잔구간,0.69,0.465,2026-09-28
SATL,1.0,6.05,6126803,6064007,37.07,33.74,1.1,0.0,-1.9,중립,음봉,잔구간,0.14,-0.565,2026-09-28
RYN,1.0,18.79,3770638,3665625,70.85,72.7,1.0,-0.2,-0.3,중립,망치형,전저점이탈,0.68,0.47,2026-09-28
BITU,1.0,15.13,3964917,3954047,59.99,72.41,0.8,-1.2,-0.4,중립,팽이도지,잔구간,0.47,-0.02,2026-09-28
BITO,1.0,11.17,70840356,74457381,791.29,889.03,0.9,-0.6,-0.3,중립,팽이도지,잔구간,0.44,-0.035,2026-09-28
SMWB,1.0,7.59,506768,514806,3.85,4.6,0.8,-1.7,1.9,강한매수,양봉,완만한상승,0.86,2.03,2026-09-28
SMR,1.0,7.91,32945548,34536517,260.6,340.92,0.8,-2.5,-3.7,강한매도,장대음봉,전저점이탈,0.04,-3.3,2026-09-28
SMCY,1.0,5.38,957403,973047,5.15,6.7,0.8,-0.5,-2.2,중립,음봉,잔구간,0.4,-0.41,2026-09-28
SLRC,1.0,11.64,407343,407918,4.74,4.76,1.0,0.0,-0.9,중립,음봉,잔구간,0.5,-0.35,2026-09-28
ERY,1.0,9.29,18492497,18704645,171.8,189.18,0.9,-2.3,2.1,매수관심,장대양봉,잔구간,0.71,1.125,2026-09-28
BDN,1.0,2.82,1689119,1766929,4.76,5.74,0.8,-0.3,-1.1,매도주의,음봉,전저점이탈,0.46,-1.5,2026-09-28
WTI,1.0,3.58,3831580,3650812,13.72,16.09,0.9,2.2,-4.0,매도주의,장대음봉,전저점부근,0.14,-1.68,2026-09-28
WDI,1.0,11.82,397231,384051,4.7,4.89,1.0,-0.5,-0.3,중립,팽이도지,잔구간,0.48,-0.01,2026-09-28
CLNE,1.0,1.59,1086326,1087792,1.73,3.83,0.5,1.9,-2.5,매도주의,장대음봉,전저점부근,0.2,-1.61,2026-09-28
WCT,1.0,7.94,1096129,1054299,8.7,9.6,0.9,2.3,-2.1,중립,음봉,잔구간,0.26,-0.495,2026-09-28
BCAX,1.0,18.8,775256,798370,14.57,15.63,0.9,0.0,-2.1,강한매도,장대음봉,전저점이탈,0.31,-2.98,2026-09-28
BBN,1.0,14.32,302050,288005,4.33,5.05,0.9,-0.8,-0.2,매도주의,위꼬리음봉,잔구간,0.14,-0.965,2026-09-28
ZTO,1.0,19.67,4323741,4146999,85.05,78.31,1.1,0.8,0.1,매수관심,팽이도지,완만한상승,0.56,0.97,2026-09-28
WRN,0.9,2.24,951861,1041391,2.13,3.1,0.7,-4.7,1.4,중립,양봉,전저점이탈,0.64,0.12,2026-09-28
YDES,0.9,7.11,508320,596230,3.61,3.37,1.1,7.0,16.0,강한매수,양봉,전고점돌파,0.86,2.63,2026-09-28
AAL,0.9,13.52,63677737,74246723,860.92,1067.36,0.8,-2.1,-0.4,중립,팽이도지,잔구간,0.5,0.0,2026-09-28
ABEO,0.9,5.29,872883,1016529,4.62,9.01,0.5,-0.9,-1.1,매도주의,음봉,전저점이탈,0.48,-1.47,2026-09-28
WOOF,0.9,2.27,1860823,1997216,4.22,4.82,0.9,0.0,0.0,중립,팽이도지,전저점부근,0.31,0.52,2026-09-28
AAOZ,0.9,15.01,553331,587166,8.31,9.21,0.9,2.0,6.7,중립,양봉,잔구간,0.65,0.44,2026-09-28
XTND,0.9,3.61,1058402,1241618,3.82,4.95,0.8,0.8,-10.0,강한매도,장대음봉,전저점이탈,0.07,-3.27,2026-09-28
ACIC,0.9,9.26,331819,370612,3.07,2.9,1.1,-1.1,-0.4,매도주의,위꼬리음봉,잔구간,0.15,-0.96,2026-09-28
ACHV,0.9,7.75,1301101,1375522,10.08,12.38,0.8,-0.5,3.3,매수관심,양봉,완만한상승,0.82,1.98,2026-09-28
ACCO,0.9,4.32,540240,611167,2.33,3.15,0.7,0.2,0.0,강한매수,양봉스프링,완만한상승,0.9,2.88,2026-09-28
ADBG,0.9,3.46,2403397,2754230,8.32,10.57,0.8,-4.6,0.9,매수관심,양봉스프링,전저점이탈,0.9,1.23,2026-09-28
ZENA,0.9,1.38,1135000,1261810,1.57,2.37,0.7,-1.4,-1.4,매도주의,음봉,전저점이탈,0.33,-1.65,2026-09-28
YSWY,0.9,19.41,330695,388257,6.42,7.1,0.9,-0.4,0.8,중립,팽이도지,잔구간,0.61,0.065,2026-09-28
RPC,0.9,7.33,518102,571233,3.8,5.08,0.7,-1.1,-1.7,중립,음봉,잔구간,0.12,-0.58,2026-09-28
RLX,0.9,1.7,2442057,2586825,4.15,11.0,0.4,0.0,1.2,중립,양봉,잔구간,1.0,0.65,2026-09-28
VZLA,0.9,3.82,4296094,4527499,16.41,17.58,0.9,-4.8,1.6,매수관심,양봉,전저점부근,0.66,1.64,2026-09-28
VYX,0.9,6.83,2591338,2863903,17.7,24.88,0.7,-3.1,-0.3,중립,팽이도지,잔구간,0.33,-0.1,2026-09-28
MDXG,0.9,4.68,881298,1026927,4.12,6.36,0.6,-0.3,0.5,매수관심,팽이도지,완만한상승,0.74,1.19,2026-09-28
BIOA,0.9,7.18,800189,899584,5.75,6.74,0.9,0.9,1.0,중립,팽이도지,잔구간,0.47,-0.02,2026-09-28
BGS,0.9,3.06,1793626,1972458,5.49,6.74,0.8,0.5,-1.8,중립,음봉,잔구간,0.0,-0.65,2026-09-28
LZ,0.9,5.45,2658866,2952831,14.49,16.65,0.9,-1.2,-1.8,매도주의,음봉,전저점이탈,0.32,-1.67,2026-09-28
LXU,0.9,9.84,854115,912503,8.4,9.81,0.9,0.8,-1.3,중립,음봉,잔구간,0.13,-0.57,2026-09-28
LUNR,0.9,15.2,7712105,8211412,117.22,123.15,1.0,-1.9,-0.7,매도주의,위꼬리음봉,잔구간,0.09,-0.995,2026-09-28
LUNL,0.9,3.81,1391170,1584615,5.3,6.15,0.9,-1.0,-3.8,중립,음봉,잔구간,0.12,-0.58,2026-09-28
RARE,0.9,14.41,4939905,5491495,71.18,99.64,0.7,-1.2,0.6,매수관심,양봉스프링,잔구간,0.83,0.95,2026-09-28
QSI,0.9,0.795,1567026,1653316,1.25,1.33,0.9,-1.1,-3.6,매도주의,장대음봉,잔구간,0.0,-1.3,2026-09-28
LOMA,0.9,9.31,342654,381149,3.19,3.45,0.9,-0.6,0.2,중립,팽이도지,잔구간,0.67,0.1,2026-09-28
LOFF,0.9,15.75,1496147,1741042,23.56,32.66,0.7,-0.2,-4.0,강한매도,음봉,전저점이탈,0.04,-2.0,2026-09-28
VNDA,0.9,5.17,813075,912954,4.2,4.29,1.0,0.0,2.4,강한매수,양봉,완만한상승,1.0,2.2,2026-09-28
VIVO,0.9,3.94,379722,405983,1.5,1.34,1.1,-1.5,-3.0,중립,음봉,잔구간,0.13,-0.57,2026-09-28
COMP,0.9,9.1,17142098,19260613,155.99,179.41,0.9,-2.7,-0.3,중립,팽이도지,전저점부근,0.31,0.52,2026-09-28
BEKE,0.9,16.95,5921729,6639181,100.37,94.64,1.1,2.9,0.9,강한매수,양봉,전고점돌파,0.8,2.56,2026-09-28
CHWY,0.9,18.61,10771721,12418698,200.46,227.26,0.9,-0.4,2.3,중립,양봉,잔구간,0.81,0.535,2026-09-28
WB,0.9,6.47,640808,723327,4.15,6.72,0.6,-0.2,-0.2,매도주의,위꼬리음봉,전저점부근,0.0,-1.35,2026-09-28
GCTS,0.9,2.18,1436262,1526405,3.13,3.27,1.0,-2.2,0.0,중립,위꼬리양봉,잔구간,0.13,-0.72,2026-09-28
GCMG,0.9,12.92,437978,469737,5.66,7.92,0.7,-1.4,0.5,매수관심,양봉스프링,잔구간,0.85,0.96,2026-09-28
GAB,0.9,5.3,1508346,1663609,7.99,7.93,1.0,-0.4,0.0,중립,팽이도지,잔구간,0.3,-0.12,2026-09-28
FVRR,0.9,8.56,570497,662830,4.88,5.32,0.9,-1.2,1.3,강한매수,양봉,완만한상승,0.86,2.03,2026-09-28
QCML,0.9,18.93,624587,688764,11.82,13.8,0.9,-2.9,-11.6,매도주의,장대음봉,잔구간,0.05,-1.27,2026-09-28
PUMP,0.9,9.3,3690647,4195314,34.32,45.91,0.7,2.0,-4.9,강한매도,장대음봉,전저점이탈,0.02,-3.33,2026-09-28
LENZ,0.9,3.96,712696,771156,2.82,3.21,0.9,-0.6,1.8,강한매수,양봉스프링,완만한상승,0.89,2.87,2026-09-28
LBRT,0.9,18.95,4189073,4464184,79.38,74.46,1.1,3.5,-3.4,중립,음봉,완만한상승,0.3,-0.04,2026-09-28
BBOT,0.9,3.81,476625,531904,1.82,3.14,0.6,-1.0,-2.6,강한매도,장대음봉,전저점이탈,0.15,-3.17,2026-09-28
CLPT,0.9,15.31,478689,552425,7.33,8.04,0.9,-1.3,4.6,강한매수,양봉,완만한상승,0.91,2.09,2026-09-28
VIPS,0.9,12.47,2312860,2577190,28.84,33.85,0.9,0.0,0.7,매수관심,양봉,완만한상승,0.58,1.7,2026-09-28
LPTH,0.9,9.83,2119794,2429566,20.84,28.43,0.7,1.1,-2.6,매도주의,장대음봉,잔구간,0.12,-1.23,2026-09-28
PTON,0.9,4.8,9024515,9959410,43.32,44.17,1.0,-0.8,-1.6,중립,음봉,잔구간,0.36,-0.435,2026-09-28
PTEN,0.9,10.85,6503172,7217983,70.56,102.23,0.7,1.4,-1.9,매도주의,장대음봉,잔구간,0.11,-1.235,2026-09-28
GGB,0.9,4.78,9776665,10413574,46.73,56.58,0.8,-2.1,0.6,중립,양봉,잔구간,0.33,0.25,2026-09-28
GEVO,0.9,1.34,2876940,3228757,3.86,5.45,0.7,1.4,-5.6,강한매도,장대음봉,전저점이탈,0.11,-3.22,2026-09-28
EVMN,0.9,8.39,660788,737707,5.54,6.46,0.9,-1.1,-0.1,중립,망치형,잔구간,0.86,0.715,2026-09-28
CAL,0.9,12.53,438441,477610,5.49,6.78,0.8,-1.1,1.2,매수관심,양봉,완만한상승,0.52,1.62,2026-09-28
ETRA,0.9,11.32,537144,629171,6.08,17.77,0.3,-0.3,-1.7,중립,음봉,전저점부근,0.24,-0.26,2026-09-28
SBSW,0.9,10.14,5947608,6922748,60.31,66.62,0.9,-6.0,1.7,매수관심,양봉,전저점부근,0.81,1.82,2026-09-28
MRVI,0.9,7.63,1942349,2115594,14.82,16.98,0.9,-1.4,1.9,매수관심,양봉,완만한상승,0.82,1.98,2026-09-28
AES,0.9,14.87,6755902,7850917,100.46,119.78,0.8,-0.1,0.1,중립,위꼬리양봉,완만한상승,0.33,-0.3,2026-09-28
CRBU,0.9,1.23,818632,940086,1.01,1.54,0.7,0.8,-1.6,중립,음봉,잔구간,0.25,-0.5,2026-09-28
CORZ,0.9,16.52,9160451,10707492,151.33,203.89,0.7,-1.4,-3.3,강한매도,장대음봉,전저점이탈,0.1,-3.23,2026-09-28
ADT,0.9,6.19,8386958,9730330,51.92,62.41,0.8,-1.3,-2.1,매도주의,음봉,전저점이탈,0.18,-1.83,2026-09-28
UWMC,0.9,1.25,11337458,12254669,14.17,16.66,0.9,-1.6,4.2,강한매수,양봉,완만한상승,0.91,2.09,2026-09-28
CSIQ,0.9,10.42,1679824,1802582,17.5,21.78,0.8,-0.9,-2.6,강한매도,장대음봉,전저점이탈,0.19,-3.12,2026-09-28
CRNC,0.9,7.8,523509,559835,4.08,4.56,0.9,-1.5,-0.4,중립,팽이도지,잔구간,0.46,-0.025,2026-09-28
PRME,0.9,2.875,3682473,3909783,10.59,11.18,0.9,-1.7,0.9,매수관심,팽이도지,전저점부근,0.7,0.99,2026-09-28
PRLD,0.9,3.91,496450,564762,1.94,2.38,0.8,-0.8,1.7,중립,팽이도지,잔구간,0.73,0.14,2026-09-28
PRGO,0.9,15.1,2889415,3301055,43.63,46.64,0.9,-1.4,-0.7,중립,팽이도지,잔구간,0.38,-0.07,2026-09-28
PNNT,0.9,3.29,410769,444691,1.35,1.92,0.7,0.0,-0.9,중립,음봉,전저점부근,0.42,-0.05,2026-09-28
PLTK,0.9,2.13,831809,926562,1.77,2.69,0.7,0.0,0.0,중립,팽이도지,잔구간,0.67,0.1,2026-09-28
ARI,0.9,6.2,2699177,2861572,16.73,17.05,1.0,-0.3,-0.3,중립,팽이도지,잔구간,0.45,-0.03,2026-09-28
ARHS,0.9,9.63,1496067,1737199,14.41,13.29,1.1,-2.9,2.1,중립,양봉,잔구간,0.74,0.495,2026-09-28
ARDX,0.9,3.41,3318164,3611262,11.31,15.19,0.7,-0.6,0.3,중립,팽이도지,잔구간,0.54,0.025,2026-09-28
SBH,0.9,16.92,1156315,1288372,19.56,23.13,0.8,-0.2,-1.3,중립,음봉,잔구간,0.35,-0.44,2026-09-28
SBGI,0.9,12.81,427414,479371,5.48,6.76,0.8,0.0,0.2,중립,팽이도지,잔구간,0.4,-0.06,2026-09-28
RZLV,0.9,2.12,8737128,9480678,18.52,19.78,0.9,-1.1,-1.6,강한매도,음봉,전저점이탈,0.0,-2.05,2026-09-28
RZLT,0.9,4.18,1587555,1865011,6.64,6.97,1.0,-1.3,8.6,강한매수,장대양봉,전고점돌파,0.97,4.06,2026-09-28
SHC,0.9,18.45,1391401,1630071,25.67,42.37,0.6,-0.3,0.9,중립,양봉,잔구간,0.72,0.48,2026-09-28
ARDT,0.9,10.47,408687,463742,4.28,4.81,0.9,-0.4,-0.3,중립,팽이도지,잔구간,0.35,-0.09,2026-09-28
KRNY,0.9,9.17,438108,490198,4.02,5.27,0.8,-0.4,-1.6,강한매도,장대음봉,전저점이탈,0.1,-3.23,2026-09-28
KPLT,0.9,4.62,385035,421723,1.78,3.54,0.5,-1.0,-7.4,강한매도,장대음봉,전저점이탈,0.19,-3.12,2026-09-28
KOPN,0.9,4.75,2713743,2904969,12.89,17.63,0.7,-1.6,-3.3,매도주의,장대음봉,잔구간,0.04,-1.275,2026-09-28
KLRA,0.9,11.12,1433497,1677257,15.94,19.23,0.8,0.8,-1.6,중립,음봉,전저점부근,0.11,-0.42,2026-09-28
CTNT,0.9,3.6,1240226,1308188,4.46,17.16,0.3,-11.7,-13.7,강한매도,장대음봉,전저점이탈,0.11,-3.22,2026-09-28
TV,0.9,2.34,856470,915401,2.0,4.02,0.5,-0.4,-0.8,중립,음봉,잔구간,0.2,-0.53,2026-09-28
TTI,0.9,5.91,1492917,1574632,8.82,11.96,0.7,0.2,-3.0,매도주의,장대음봉,잔구간,0.0,-1.3,2026-09-28
TTD,0.9,12.34,23073499,24990795,284.73,464.06,0.6,-0.4,-1.7,매도주의,음봉,전저점이탈,0.4,-1.57,2026-09-28
KURA,0.9,10.61,1646315,1767778,17.47,21.38,0.8,-0.5,-0.9,중립,팽이도지,전저점이탈,0.53,-0.71,2026-09-28
APUS,0.9,6.39,858796,1003669,5.49,70.58,0.1,-12.7,0.9,매수관심,양봉스프링,잔구간,0.88,0.98,2026-09-28
SGHC,0.9,11.72,2463757,2805165,28.88,34.97,0.8,-0.1,-2.0,중립,음봉,잔구간,0.34,-0.445,2026-09-28
SFD,0.9,19.14,1980796,2242951,37.91,48.67,0.8,0.0,0.5,매수관심,팽이도지,완만한상승,0.66,1.09,2026-09-28
BXMT,0.9,12.41,2236960,2398113,27.76,38.22,0.7,-0.9,0.2,중립,팽이도지,잔구간,0.7,0.12,2026-09-28
BW,0.9,5.75,5504839,6315922,31.65,35.21,0.9,-1.4,-7.0,강한매도,장대음봉,전저점이탈,0.06,-3.28,2026-09-28
BV,0.9,10.26,985812,1080242,10.11,10.79,0.9,-1.0,-0.5,중립,팽이도지,잔구간,0.52,0.01,2026-09-28
ENRG,0.9,19.15,419231,461832,8.03,6.83,1.2,-0.6,-0.5,강한매도,장대음봉,전저점이탈,0.05,-3.29,2026-09-28
NAGE,0.9,2.98,411443,434867,1.23,1.31,0.9,-0.3,-2.0,중립,음봉,잔구간,0.31,-0.465,2026-09-28
NAC,0.9,10.27,1216146,1382388,12.49,16.47,0.8,-0.9,-1.6,매도주의,장대음봉,잔구간,0.0,-1.3,2026-09-28
CBAT,0.9,1.13,925060,1044397,1.05,1.17,0.9,4.0,-13.1,매도주의,장대음봉,잔구간,0.08,-1.25,2026-09-28
CAPR,0.9,8.71,2097251,2459286,18.27,24.01,0.8,-0.8,5.1,매수관심,장대양봉,잔구간,0.81,1.185,2026-09-28
DBRG,0.9,15.98,3900031,4109499,62.32,122.59,0.5,0.1,-0.1,매도주의,장대음봉,완만한상승,0.0,-1.7,2026-09-28
DAMD,0.9,9.02,5216163,5608783,47.05,43.71,1.1,1.8,5.2,중립,양봉,잔구간,0.64,0.435,2026-09-28
USGG,0.9,4.26,432947,499366,1.84,2.82,0.7,-3.6,-6.4,강한매도,장대음봉,전저점이탈,0.11,-3.22,2026-09-28
ALOY,0.9,8.42,1585306,1856607,13.35,19.1,0.7,-3.8,-1.6,중립,음봉,잔구간,0.17,-0.55,2026-09-28
ALMS,0.9,7.16,2245382,2565024,16.08,27.7,0.6,0.0,0.8,매수관심,양봉스프링,잔구간,0.85,0.96,2026-09-28
PLAY,0.9,6.41,2283387,2502428,14.64,35.32,0.4,-0.5,-2.7,강한매도,장대음봉,전저점이탈,0.12,-3.21,2026-09-28
PHK,0.9,4.07,1961452,2193052,7.98,8.1,1.0,-0.7,-0.7,중립,음봉,잔구간,0.31,-0.465,2026-09-28
HAYW,0.9,12.52,5063444,5648362,63.39,62.13,1.0,-0.5,-0.4,중립,팽이도지,잔구간,0.3,-0.12,2026-09-28
HAPN,0.9,14.9,1616652,1829852,24.09,28.06,0.9,-1.0,0.1,매수관심,팽이도지,전저점부근,0.68,0.97,2026-09-28
PDYN,0.9,5.28,816724,918561,4.31,5.34,0.8,-0.6,-1.5,매도주의,음봉,전저점이탈,0.17,-1.85,2026-09-28
SKDD,0.9,7.28,3653123,4004366,26.59,35.95,0.7,6.0,3.6,중립,양봉,잔구간,0.63,0.43,2026-09-28
SHIP,0.9,16.42,477154,509711,7.83,8.66,0.9,-1.2,0.1,매도주의,팽이도지,전저점이탈,0.41,-0.86,2026-09-28
SLDP,0.9,2.26,2893736,3141118,6.54,7.27,0.9,-1.3,-4.2,강한매도,장대음봉,전저점이탈,0.0,-3.35,2026-09-28
PDM,0.9,9.1,1219012,1324380,11.09,26.63,0.4,-0.1,-0.7,중립,음봉,잔구간,0.31,-0.465,2026-09-28
NIO,0.9,3.59,24066018,26811788,86.4,104.58,0.8,1.7,-1.4,중립,음봉,완만한상승,0.2,-0.16,2026-09-28
NG,0.9,6.65,4629805,5104579,30.79,47.45,0.6,-5.8,-1.0,매도주의,음봉,전저점이탈,0.19,-1.82,2026-09-28
NEXA,0.9,12.23,477029,535772,5.83,10.22,0.6,-3.3,1.7,중립,양봉,전저점이탈,0.72,0.21,2026-09-28
NCNO,0.9,18.6,1954289,2130920,36.35,48.22,0.8,-2.1,-2.2,강한매도,장대음봉,전저점이탈,0.16,-3.16,2026-09-28
TSDD,0.9,7.995,6673486,7212844,53.36,74.21,0.7,2.2,5.6,강한매수,장대양봉,전고점돌파,0.94,4.03,2026-09-28
TRX,0.9,1.22,3428057,3881580,4.18,6.83,0.6,-6.2,0.8,중립,팽이도지,잔구간,0.43,-0.04,2026-09-28
TROX,0.9,3.97,1690380,1849314,6.71,9.97,0.7,0.0,-1.5,중립,음봉,전저점부근,0.36,-0.12,2026-09-28
TRIN,0.9,17.5,676415,735422,11.84,15.56,0.8,-0.5,-0.4,중립,음봉,잔구간,0.42,-0.4,2026-09-28
TLK,0.9,13.23,732277,848375,9.69,12.8,0.8,-1.0,0.2,매수관심,양봉,전저점부근,0.57,1.53,2026-09-28
JFR,0.9,7.26,925844,988775,6.72,6.69,1.0,-0.7,-0.3,중립,팽이도지,잔구간,0.36,-0.085,2026-09-28
NAVN,0.9,19.98,3946339,4580943,78.85,104.46,0.8,-1.4,4.3,중립,양봉,잔구간,0.91,0.595,2026-09-28
BLZE,0.9,13.54,1594651,1823950,21.59,25.76,0.8,-1.1,3.8,매수관심,양봉,수횡파,0.89,1.77,2026-09-28
JBGS,0.9,10.17,1002018,1135702,10.19,15.13,0.7,0.1,-3.5,강한매도,장대음봉,전저점이탈,0.1,-3.23,2026-09-28
DGXX,0.9,4.22,3158764,3342664,13.33,11.84,1.1,-1.7,-6.4,매도주의,장대음봉,잔구간,0.07,-1.26,2026-09-28
DEFT,0.9,0.491,2469288,2714549,1.21,1.45,0.8,0.4,-2.8,중립,음봉,잔구간,0.23,-0.51,2026-09-28
DEC,0.9,13.57,679569,797231,9.22,14.59,0.6,0.3,-1.9,매도주의,장대음봉,잔구간,0.33,-1.1,2026-09-28
DCTH,0.9,15.81,304238,322512,4.81,6.44,0.7,1.0,0.4,강한매수,양봉스프링,완만한상승,0.93,2.92,2026-09-28
CDE,0.9,17.87,36929227,40486645,659.93,770.96,0.9,-5.5,-1.7,강한매도,음봉,전저점이탈,0.0,-2.05,2026-09-28
CCOI,0.9,7.43,1717745,1917684,12.76,22.85,0.6,-1.3,-2.1,중립,음봉,전저점부근,0.36,-0.12,2026-09-28
TFSL,0.9,16.45,593675,681208,9.77,12.19,0.8,0.0,-1.6,강한매도,장대음봉,전저점이탈,0.02,-3.33,2026-09-28
TE,0.9,3.57,19159923,21618696,68.4,81.65,0.8,-0.7,-4.9,강한매도,장대음봉,전저점이탈,0.0,-3.35,2026-09-28
NMRK,0.9,12.49,2155557,2432671,26.92,35.62,0.8,-1.6,-2.8,강한매도,장대음봉,전저점이탈,0.12,-3.21,2026-09-28
HLF,0.9,12.6,1197890,1354883,15.09,18.27,0.8,-0.4,0.8,중립,위꼬리양봉,완만한상승,0.26,-0.39,2026-09-28
HL,0.9,17.01,39831955,45579701,677.54,836.24,0.8,-5.7,-0.8,강한매도,위꼬리음봉,전저점이탈,0.09,-2.74,2026-09-28
HIMX,0.9,13.96,758305,834079,10.59,14.54,0.7,-0.3,-3.1,매도주의,장대음봉,잔구간,0.28,-1.13,2026-09-28
ALTO,0.9,3.67,889125,1021156,3.26,4.74,0.7,-0.3,-1.3,중립,음봉,전저점부근,0.58,0.15,2026-09-28
ALT,0.9,2.96,3359771,3844559,9.94,13.68,0.7,-0.7,-2.6,강한매도,장대음봉,전저점이탈,0.08,-3.25,2026-09-28
EOSE,0.9,3.07,25831247,29069204,79.3,108.41,0.7,-0.8,-2.2,매도주의,음봉,전저점이탈,0.38,-1.59,2026-09-28
PAYS,0.9,12.72,575986,652583,7.33,9.56,0.8,-0.8,1.2,강한매수,양봉,완만한상승,0.88,2.06,2026-09-28
PAYO,0.9,7.14,2600668,2826424,18.57,25.37,0.7,-0.1,-0.3,중립,음봉,잔구간,0.25,-0.5,2026-09-28
IRE,0.9,9.61,5015288,5839673,48.2,65.52,0.7,-3.1,-7.3,강한매도,장대음봉,전저점이탈,0.01,-3.34,2026-09-28
AUTL,0.9,1.86,1399645,1506259,2.6,2.8,0.9,-1.9,2.2,매수관심,양봉,완만한상승,0.7,1.84,2026-09-28
ATTO,0.9,17.65,403111,432681,7.11,9.86,0.7,-1.2,0.5,매수관심,팽이도지,전저점부근,0.72,1.01,2026-09-28
DSGN,0.9,12.36,433133,506490,5.35,11.7,0.5,-0.2,2.2,중립,양봉,잔구간,0.8,0.53,2026-09-28
DRTS,0.9,15.04,397839,452029,5.98,8.03,0.7,0.0,3.4,매수관심,장대양봉,잔구간,0.8,1.18,2026-09-28
DOLE,0.9,12.98,774052,839114,10.05,12.91,0.8,-0.1,0.1,중립,팽이도지,잔구간,0.38,-0.07,2026-09-28
TH,0.9,19.3,1732170,1988167,33.43,47.01,0.7,0.8,-7.0,매도주의,장대음봉,전저점부근,0.2,-1.61,2026-09-28
PACK,0.9,4.35,463753,498623,2.02,2.19,0.9,-1.6,0.7,매수관심,양봉스프링,잔구간,0.93,1.01,2026-09-28
OTF,0.9,10.22,1636618,1888450,16.73,20.56,0.8,-0.3,-0.6,중립,음봉,잔구간,0.53,-0.33,2026-09-28
OSS,0.9,8.91,521255,573426,4.64,5.91,0.8,-2.5,-1.5,중립,음봉,잔구간,0.28,-0.48,2026-09-28
SMCZ,0.9,4.47,2704098,3180938,12.09,15.38,0.8,1.9,4.4,매수관심,양봉,완만한상승,0.55,1.66,2026-09-28
SLN,0.9,11.2,710711,784191,7.96,10.79,0.7,-0.4,0.6,중립,팽이도지,잔구간,0.47,-0.02,2026-09-28
SPT,0.9,9.47,895539,960577,8.48,12.44,0.7,-1.8,1.1,강한매수,양봉스프링,전저점부근,0.79,3.6,2026-09-28
SVM,0.9,10.76,1698222,1860542,18.27,21.86,0.8,-4.4,-0.7,매도주의,팽이도지,전저점이탈,0.37,-0.91,2026-09-28
ARTV,0.9,7.05,437532,509430,3.08,5.4,0.6,-1.1,2.0,중립,양봉,잔구간,0.69,0.465,2026-09-28
NX,0.9,19.38,317852,373351,6.16,9.4,0.7,1.1,-2.9,매도주의,장대음봉,잔구간,0.16,-1.205,2026-09-28
NVCR,0.9,15.83,895992,1036352,14.18,17.77,0.8,-1.0,1.0,매수관심,양봉스프링,잔구간,0.9,0.99,2026-09-28
AVR,0.9,7.74,707188,810951,5.47,6.77,0.8,-0.8,1.4,중립,양봉,잔구간,0.93,0.61,2026-09-28
AIV,0.9,2.14,1729149,1834138,3.7,4.87,0.8,-0.5,-1.4,중립,음봉,잔구간,0.33,-0.45,2026-09-28
AIRS,0.9,1.88,788460,894636,1.48,2.01,0.7,-2.6,-1.6,중립,음봉,전저점부근,0.25,-0.25,2026-09-28
AIRJ,0.9,4.04,785180,865744,3.17,3.82,0.8,-1.7,0.5,강한매수,양봉스프링,전저점부근,0.86,3.68,2026-09-28
TDUP,0.9,2.2,1495461,1732376,3.29,6.36,0.5,-1.3,-0.9,중립,팽이도지,전저점부근,0.33,0.55,2026-09-28
IRWD,0.9,4.12,1962718,2080621,8.09,10.96,0.7,-1.0,0.7,중립,팽이도지,잔구간,0.62,0.07,2026-09-28
BRBS,0.9,3.83,654994,705411,2.51,5.28,0.5,-0.3,-0.3,중립,팽이도지,잔구간,0.25,-0.15,2026-09-28
BRBR,0.9,7.74,3198158,3543205,24.75,31.31,0.8,-1.5,-0.6,중립,팽이도지,잔구간,0.37,-0.08,2026-09-28
BORR,0.9,4.01,5196447,5860595,20.84,27.71,0.8,-0.5,-4.1,강한매도,장대음봉,전저점이탈,0.0,-3.35,2026-09-28
ELE,0.9,19.69,444740,502502,8.76,13.9,0.6,-4.7,-0.4,중립,팽이도지,잔구간,0.41,-0.055,2026-09-28
EGHT,0.9,2.225,1732854,1905908,3.86,3.85,1.0,-1.7,-1.5,중립,음봉,잔구간,0.33,-0.45,2026-09-28
OFIX,0.9,9.84,438097,506633,4.31,3.69,1.2,-1.2,5.5,강한매수,장대양봉,완만한상승,0.96,3.45,2026-09-28
OEC,0.9,5.87,400410,459860,2.35,2.79,0.8,-0.2,-0.2,중립,망치형,잔구간,0.79,0.675,2026-09-28
STUB,0.9,5.3,6941117,7431402,36.79,43.92,0.8,-0.7,-1.9,중립,음봉,잔구간,0.18,-0.54,2026-09-28
IEP,0.9,6.865,711300,822697,4.88,5.51,0.9,0.0,-1.4,강한매도,장대음봉,전저점이탈,0.05,-3.29,2026-09-28
INNV,0.9,8.89,725519,817882,6.45,10.38,0.6,-0.1,-1.1,매도주의,위꼬리음봉,잔구간,0.16,-0.955,2026-09-28
INN,0.9,5.82,960634,1025388,5.59,5.21,1.1,-0.5,1.9,강한매수,장대양봉,전고점돌파,0.79,3.85,2026-09-28
INDP,0.9,3.29,584286,672104,1.92,3.7,0.5,-1.8,-13.0,매도주의,장대음봉,잔구간,0.23,-1.16,2026-09-28
OMER,0.9,19.43,1026395,1202603,19.94,34.84,0.6,-1.2,-2.0,중립,음봉,잔구간,0.05,-0.62,2026-09-28
SWBI,0.9,14.03,408342,473588,5.73,7.9,0.7,-1.0,-0.6,매도주의,위꼬리음봉,잔구간,0.18,-0.94,2026-09-28
SVOL,0.9,16.34,349856,395078,5.72,5.78,1.0,-0.5,-0.9,매도주의,음봉,전저점이탈,0.15,-1.87,2026-09-28
ODD,0.9,17.6,780801,905225,13.74,25.95,0.5,-2.7,-2.9,매도주의,장대음봉,잔구간,0.27,-1.14,2026-09-28
OCTV,0.9,18.58,1976039,2093871,36.71,73.48,0.5,-2.4,1.1,중립,양봉,잔구간,0.8,0.53,2026-09-28
OCSL,0.9,12.0,319910,373815,3.84,5.36,0.7,-0.1,-0.7,중립,음봉,전저점부근,0.57,0.13,2026-09-28
EDD,0.9,5.58,319308,343279,1.78,2.2,0.8,-0.2,-0.2,중립,팽이도지,잔구간,0.63,0.08,2026-09-28
ECVT,0.9,10.04,917512,1071680,9.21,16.14,0.6,-0.5,-0.5,중립,팽이도지,전저점이탈,0.5,-0.75,2026-09-28
EAD,0.9,6.0,326383,365665,1.96,1.89,1.0,0.0,-0.7,중립,음봉,잔구간,0.27,-0.49,2026-09-28
DX,0.9,11.33,8153661,9271786,92.38,96.89,1.0,-0.7,0.6,중립,팽이도지,잔구간,0.51,0.005,2026-09-28
SRPT,0.9,18.8,2268390,2390460,42.65,56.88,0.7,-1.3,2.0,강한매수,양봉스프링,완만한상승,0.95,2.94,2026-09-28
WIT,0.9,1.62,6027320,6956317,9.76,13.26,0.7,-1.2,-0.6,중립,음봉,전저점부근,0.4,-0.07,2026-09-28
MAGN,0.9,11.91,378831,406095,4.51,4.52,1.0,-1.2,-0.7,중립,망치형,잔구간,0.61,0.565,2026-09-28
BITX,0.9,19.52,10360716,11988904,202.24,227.69,0.9,-1.2,-0.4,중립,팽이도지,잔구간,0.45,-0.03,2026-09-28
XPEV,0.9,9.95,5494437,6390669,54.67,66.74,0.8,-1.1,-0.6,매도주의,음봉,전저점이탈,0.08,-1.95,2026-09-28
CLB,0.9,10.03,620327,677358,6.22,7.3,0.9,0.8,-4.2,강한매도,장대음봉,전저점이탈,0.04,-3.3,2026-09-28
CIM,0.9,10.17,1544995,1631343,15.71,15.56,1.0,-0.4,-1.3,매도주의,음봉,전저점이탈,0.49,-1.46,2026-09-28
ABEV,0.9,2.87,13197276,14958061,37.88,51.95,0.7,-1.0,-0.3,강한매도,위꼬리음봉,전저점이탈,0.2,-2.61,2026-09-28
RKLZ,0.9,14.694,431645,496160,6.34,8.61,0.7,2.5,2.3,중립,양봉,잔구간,0.76,0.505,2026-09-28
RILY,0.9,5.49,436302,497977,2.4,3.65,0.7,-1.8,-2.1,매도주의,음봉,전저점이탈,0.35,-1.63,2026-09-28
REZI,0.9,18.22,1275216,1478885,23.23,44.15,0.5,-1.0,0.8,중립,양봉,잔구간,0.5,0.35,2026-09-28
REF,0.9,12.35,451550,481878,5.58,12.46,0.4,-0.6,0.4,중립,위꼬리양봉,잔구간,0.31,-0.615,2026-09-28
RDW,0.9,11.2,11867398,13668904,132.91,158.12,0.8,-2.7,-1.0,매도주의,위꼬리음봉,잔구간,0.05,-1.02,2026-09-28
CFFN,0.9,8.46,950617,1102177,8.04,10.13,0.8,-0.3,-2.2,강한매도,장대음봉,전저점이탈,0.09,-3.24,2026-09-28
ZIP,0.8,3.48,568410,700784,1.98,2.68,0.7,-1.7,0.9,매수관심,양봉스프링,잔구간,0.88,0.98,2026-09-28
RERE,0.8,3.85,432015,538202,1.66,2.18,0.8,0.0,-2.3,강한매도,장대음봉,전저점이탈,0.0,-3.35,2026-09-28
RES,0.8,5.73,1997984,2507254,11.45,14.25,0.8,1.2,-3.0,매도주의,장대음봉,잔구간,0.07,-1.26,2026-09-28
FPI,0.8,10.74,478905,636098,5.14,6.05,0.9,-0.3,-0.8,중립,음봉,잔구간,0.21,-0.525,2026-09-28
FRMI,0.8,4.26,13237280,16108772,56.39,92.34,0.6,-1.5,-4.3,강한매도,장대음봉,전저점이탈,0.1,-3.23,2026-09-28
AMTM,0.8,18.49,1191054,1426266,22.02,35.11,0.6,-1.0,-2.7,강한매도,장대음봉,전저점이탈,0.02,-3.33,2026-09-28
FCEL,0.8,16.14,4050043,4841274,65.37,90.82,0.7,-2.1,-0.1,중립,팽이도지,잔구간,0.67,0.1,2026-09-28
FJET,0.8,1.84,1411784,1798963,2.6,3.6,0.7,-1.6,2.8,중립,양봉,잔구간,0.5,0.35,2026-09-28
FLO,0.8,5.65,7011031,8420383,39.61,52.3,0.8,0.2,-1.7,매도주의,장대음봉,잔구간,0.29,-1.125,2026-09-28
GENB,0.8,14.91,1135539,1399212,16.93,23.84,0.7,0.0,-1.6,매도주의,음봉,전저점이탈,0.42,-1.55,2026-09-28
ZURA,0.8,4.1,1465036,1862098,6.01,8.34,0.7,-0.2,1.7,중립,양봉,잔구간,0.67,0.45,2026-09-28
CIEG,0.8,3.91,708935,899840,2.77,3.33,0.8,-3.8,-3.5,중립,음봉,잔구간,0.3,-0.47,2026-09-28
CIG,0.8,2.03,3661371,4584650,7.43,11.02,0.7,-1.9,0.5,매도주의,위꼬리양봉,전저점이탈,0.33,-1.95,2026-09-28
CLBT,0.8,11.07,2879048,3437154,31.87,34.54,0.9,-1.1,3.7,매수관심,장대양봉,잔구간,0.95,1.27,2026-09-28
XRPI,0.8,8.0,349142,415564,2.79,2.98,0.9,-2.9,-2.9,매도주의,장대음봉,잔구간,0.1,-1.24,2026-09-28
BITI,0.8,17.67,1381787,1719974,24.42,35.13,0.7,0.6,0.2,매수관심,팽이도지,완만한상승,0.55,0.96,2026-09-28
MBGL,0.8,17.76,3474658,4105099,61.71,81.87,0.8,-1.1,0.5,매수관심,양봉,전저점부근,0.89,1.92,2026-09-28
MBI,0.8,4.31,327919,436754,1.41,2.27,0.6,-0.9,-0.9,매도주의,음봉,전저점이탈,0.12,-1.91,2026-09-28
CGC,0.8,0.925,1476375,1810064,1.37,1.92,0.7,-0.2,-1.6,중립,음봉,잔구간,0.01,-0.645,2026-09-28
AI,0.8,10.41,3421128,4134789,35.61,49.11,0.7,-1.9,-0.4,중립,팽이도지,잔구간,0.62,0.07,2026-09-28
AIBZ,0.8,4.12,335616,400647,1.38,1.75,0.8,-1.2,2.0,중립,양봉,잔구간,0.48,0.34,2026-09-28
SRAD,0.8,12.48,1921702,2456006,23.98,33.16,0.7,-0.2,-5.5,매도주의,장대음봉,잔구간,0.04,-1.275,2026-09-28
SSP,0.8,2.69,424089,507830,1.14,2.06,0.6,0.4,-2.9,매도주의,음봉,전저점이탈,0.12,-1.91,2026-09-28
DUOT,0.8,8.99,401268,529344,3.61,5.19,0.7,-1.6,0.0,중립,팽이도지,잔구간,0.41,-0.055,2026-09-28
DYN,0.8,16.34,2306034,2916979,37.68,50.67,0.7,-1.1,3.0,강한매수,장대양봉,완만한상승,0.89,3.37,2026-09-28
EAF,0.8,9.96,733415,958355,7.3,8.25,0.9,-2.8,-7.6,매도주의,장대음봉,잔구간,0.02,-1.29,2026-09-28
ASPN,0.8,5.17,1077517,1297394,5.57,5.55,1.0,-0.8,-0.2,중립,팽이도지,잔구간,0.38,-0.07,2026-09-28
OKLL,0.8,9.64,1667370,2097581,16.07,25.76,0.6,-3.5,-1.5,매도주의,위꼬리음봉,전저점부근,0.18,-1.13,2026-09-28
OMAH,0.8,17.66,1185900,1562899,20.94,22.68,0.9,-0.9,-0.9,강한매도,장대음봉,전저점이탈,0.03,-3.31,2026-09-28
ONDS,0.8,7.68,53018004,68952964,407.18,537.44,0.8,-1.4,2.0,매수관심,양봉,완만한상승,0.67,1.8,2026-09-28
INDI,0.8,2.9,3710791,4506574,10.76,16.45,0.7,-1.2,-2.8,매도주의,장대음봉,전저점부근,0.19,-1.62,2026-09-28
INFY,0.8,10.52,13015997,17257689,136.93,171.83,0.8,-0.3,0.5,중립,양봉,잔구간,0.64,0.435,2026-09-28
BSCT,0.8,18.175,476590,581094,8.66,11.27,0.8,0.0,-0.3,강한매도,장대음봉,전저점이탈,0.21,-3.1,2026-09-28
ICL,0.8,5.02,889158,1162158,4.46,6.4,0.7,-1.2,-1.2,강한매도,장대음봉,전저점이탈,0.0,-3.35,2026-09-28
STLN,0.8,6.64,919193,1190212,6.1,11.64,0.5,-1.1,0.8,중립,팽이도지,잔구간,0.52,0.01,2026-09-28
ELDN,0.8,2.64,714550,929323,1.89,2.49,0.8,0.0,-0.4,중립,망치형,잔구간,0.85,0.71,2026-09-28
EMAT,0.8,3.2,997344,1188854,3.19,6.24,0.5,-2.5,2.6,중립,양봉,잔구간,0.8,0.53,2026-09-28
EMBC,0.8,5.93,680936,858840,4.04,5.61,0.7,-1.2,1.7,중립,양봉,전고점부근,0.77,0.57,2026-09-28
SPIR,0.8,11.74,469848,589642,5.52,8.84,0.6,-2.4,-0.4,매도주의,위꼬리음봉,잔구간,0.04,-1.025,2026-09-28
SPRY,0.8,4.13,949893,1233151,3.92,6.83,0.6,-0.5,1.7,중립,양봉,잔구간,0.68,0.46,2026-09-28
OPRT,0.8,8.28,642086,776532,5.32,6.48,0.8,-1.2,-2.0,매도주의,장대음봉,잔구간,0.14,-1.215,2026-09-28
OPTU,0.8,1.01,1678773,1981314,1.7,2.51,0.7,0.0,0.0,강한매수,양봉스프링,완만한상승,0.8,2.76,2026-09-28
IBRX,0.8,8.52,10413580,13096328,88.72,108.75,0.8,-0.6,1.5,중립,위꼬리양봉,완만한상승,0.36,-0.27,2026-09-28
BOBS,0.8,13.89,939096,1148107,13.04,17.57,0.7,-1.8,2.9,강한매수,양봉,완만한상승,0.92,2.1,2026-09-28
SUZ,0.8,8.57,2040189,2515808,17.48,22.89,0.8,-1.5,0.1,매도주의,위꼬리양봉,전저점이탈,0.32,-1.97,2026-09-28
SVC,0.8,6.57,959641,1202588,6.3,10.68,0.6,0.0,-0.3,중립,팽이도지,잔구간,0.57,0.04,2026-09-28
NTST,0.8,18.13,1391244,1744554,25.22,38.21,0.7,0.2,-0.6,중립,음봉,수횡파,0.45,-0.16,2026-09-28
NWL,0.8,5.44,4586397,5689808,24.95,33.37,0.7,-0.4,0.6,중립,팽이도지,잔구간,0.65,0.09,2026-09-28
OBE,0.8,10.67,579705,734105,6.19,11.45,0.5,2.5,-2.6,매도주의,장대음봉,잔구간,0.05,-1.27,2026-09-28
OCFC,0.8,16.72,918482,1196443,15.36,21.1,0.7,-0.4,-1.8,매도주의,장대음봉,전저점부근,0.16,-1.66,2026-09-28
ORIC,0.8,13.27,1515563,1856568,20.11,22.87,0.9,-0.2,1.0,중립,팽이도지,잔구간,0.53,0.02,2026-09-28
SLNH,0.8,1.18,5034525,6707919,5.94,8.83,0.7,-1.2,-2.1,중립,음봉,전저점부근,0.36,-0.12,2026-09-28
SNDG,0.8,10.08,4836628,5902905,48.75,58.67,0.8,-4.9,-2.4,중립,팽이도지,잔구간,0.53,0.02,2026-09-28
SNDQ,0.8,11.02,27995779,36280870,308.51,364.07,0.8,4.8,2.5,매수관심,팽이도지,완만한상승,0.49,0.89,2026-09-28
EDIT,0.8,2.51,2204438,2854899,5.53,11.42,0.5,-1.2,-1.6,중립,망치형,전저점이탈,0.69,0.48,2026-09-28
HSAI,0.8,15.59,982479,1277406,15.32,19.09,0.8,-1.5,-2.6,강한매도,장대음봉,전저점이탈,0.05,-3.29,2026-09-28
HSHP,0.8,17.33,411725,516931,7.14,10.76,0.7,-0.3,-0.9,중립,음봉,전저점부근,0.5,0.05,2026-09-28
HTGC,0.8,16.91,851473,1100597,14.4,21.2,0.7,-0.6,0.3,중립,팽이도지,잔구간,0.47,-0.02,2026-09-28
HTZ,0.8,1.69,9242519,10896877,15.62,23.93,0.7,-0.6,-2.3,매도주의,음봉,전저점이탈,0.12,-1.91,2026-09-28
PAR,0.8,13.64,807733,1049928,11.02,17.81,0.6,0.8,-3.8,강한매도,장대음봉,전저점이탈,0.24,-3.06,2026-09-28
TGB,0.8,8.8,5245393,6373087,46.16,48.53,1.0,-3.9,6.4,강한매수,장대양봉,완만한상승,0.88,3.36,2026-09-28
SWIM,0.8,6.21,600907,788507,3.73,5.22,0.7,-1.2,0.6,중립,팽이도지,잔구간,0.48,-0.01,2026-09-28
DLY,0.8,13.07,300359,381646,3.93,4.07,1.0,-0.2,-0.2,중립,팽이도지,잔구간,0.43,-0.04,2026-09-28
DRH,0.8,12.64,2217750,2627903,28.03,39.63,0.7,0.0,1.2,강한매수,양봉,전고점돌파,0.79,2.55,2026-09-28
TAK,0.8,18.9,2063035,2672143,38.99,47.76,0.8,-0.5,0.7,중립,양봉,잔구간,0.72,0.48,2026-09-28
ATOM,0.8,4.15,338781,437204,1.41,1.79,0.8,-0.9,-3.7,매도주의,장대음봉,잔구간,0.1,-1.24,2026-09-28
AUPH,0.8,16.52,626247,798364,10.35,14.65,0.7,-0.2,0.7,중립,양봉,잔구간,0.74,0.495,2026-09-28
IOVA,0.8,10.99,12233229,14523414,134.44,170.47,0.8,-1.1,1.0,중립,팽이도지,잔구간,0.64,0.085,2026-09-28
IREX,0.8,13.9,1122271,1412503,15.6,24.16,0.6,-3.3,-8.1,강한매도,장대음봉,전저점이탈,0.0,-3.35,2026-09-28
EQX,0.8,11.23,13241830,15804795,148.71,184.02,0.8,-5.4,-0.5,매도주의,팽이도지,전저점이탈,0.3,-0.99,2026-09-28
ERAS,0.8,14.13,3597312,4595523,50.83,78.72,0.6,1.9,-2.7,중립,음봉,잔구간,0.36,-0.435,2026-09-28
ESRT,0.8,4.06,3550815,4494226,14.42,23.64,0.6,0.0,-1.2,매도주의,장대음봉,잔구간,0.25,-1.15,2026-09-28
PD,0.8,14.48,1362068,1717238,19.72,23.97,0.8,-2.4,3.1,강한매수,장대양봉,완만한상승,0.83,3.3,2026-09-28
HIVE,0.8,3.04,9409453,12508861,28.6,43.01,0.7,-1.9,-1.9,중립,음봉,잔구간,0.31,-0.465,2026-09-28
HLIT,0.8,10.58,960034,1193781,10.16,19.72,0.5,-1.0,-2.9,강한매도,장대음봉,전저점이탈,0.08,-3.25,2026-09-28
HMY,0.8,17.74,3738132,4592082,66.31,87.69,0.8,-5.9,-0.7,매도주의,음봉,전저점이탈,0.29,-1.7,2026-09-28
HOPE,0.8,13.64,712665,859185,9.72,14.7,0.7,0.0,-1.4,매도주의,장대음봉,잔구간,0.07,-1.26,2026-09-28
NN,0.8,14.24,1834911,2222414,26.13,35.3,0.7,-0.9,-0.1,중립,팽이도지,잔구간,0.34,-0.095,2026-09-28
DCH,0.8,5.11,3769991,4883764,19.26,27.27,0.7,-1.5,-5.0,강한매도,장대음봉,전저점이탈,0.0,-3.35,2026-09-28
NNE,0.8,16.16,1442697,1787065,23.31,35.46,0.7,-1.6,-3.3,매도주의,장대음봉,잔구간,0.09,-1.245,2026-09-28
JBS,0.8,11.6,4586541,5661807,53.2,60.49,0.9,-0.7,1.0,중립,양봉,잔구간,0.95,0.62,2026-09-28
NTLA,0.8,11.42,3299994,4365385,37.69,55.55,0.7,-0.3,-2.6,강한매도,장대음봉,전저점이탈,0.19,-3.12,2026-09-28
TLYS,0.8,4.47,362763,440581,1.62,2.28,0.7,0.0,4.7,강한매수,장대양봉,전고점돌파,0.71,3.75,2026-09-28
TMQ,0.8,3.16,1003358,1253634,3.17,4.06,0.8,-3.1,1.9,매수관심,양봉,전저점부근,0.54,1.5,2026-09-28
TRIP,0.8,8.41,4348727,5410602,36.57,39.71,0.9,-0.4,0.4,매수관심,양봉스프링,잔구간,0.93,1.01,2026-09-28
NHP,0.8,16.12,696271,823869,11.22,14.96,0.8,-0.9,1.4,중립,양봉,잔구간,0.59,0.405,2026-09-28
NMFC,0.8,6.97,350983,426884,2.45,3.46,0.7,-0.4,0.3,매수관심,양봉스프링,잔구간,0.78,0.92,2026-09-28
SHEN,0.8,11.35,746088,964143,8.47,18.71,0.5,-0.2,-3.3,매도주의,장대음봉,잔구간,0.05,-1.27,2026-09-28
SKHX,0.8,16.4,1317318,1586823,21.6,26.22,0.8,-5.8,-4.5,중립,음봉,전저점부근,0.34,-0.14,2026-09-28
ALLO,0.8,1.63,5026155,5979173,8.19,10.51,0.8,0.0,-1.2,중립,음봉,잔구간,0.46,-0.375,2026-09-28
PHR,0.8,10.1,645907,773997,6.52,7.97,0.8,-1.0,0.5,매수관심,양봉스프링,잔구간,0.77,0.91,2026-09-28
PL,0.8,16.77,8421932,10262266,141.24,172.66,0.8,-1.5,-2.3,중립,음봉,잔구간,0.04,-0.625,2026-09-28
USDEW,0.8,4.84,356558,448576,1.73,1.7,1.0,-0.6,-19.1,매도주의,장대음봉,잔구간,0.01,-1.295,2026-09-28
TSLG,0.8,4.57,42621813,53763629,194.78,280.77,0.7,-2.2,-6.0,강한매도,장대음봉,전저점이탈,0.03,-3.31,2026-09-28
TSLR,0.8,15.88,1220079,1522959,19.37,28.11,0.7,-2.0,-6.0,강한매도,장대음봉,전저점이탈,0.03,-3.31,2026-09-28
CARS,0.8,10.42,618437,816817,6.44,7.77,0.8,-0.9,-3.5,매도주의,장대음봉,잔구간,0.02,-1.29,2026-09-28
CBRG,0.8,3.325,8886711,11335488,29.55,37.31,0.8,-3.0,-7.1,매도주의,장대음봉,잔구간,0.27,-1.14,2026-09-28
CBRZ,0.8,8.75,300466,398662,2.63,3.63,0.7,1.0,8.4,매수관심,장대양봉,잔구간,0.78,1.17,2026-09-28
NABL,0.8,4.05,1963044,2513300,7.95,16.66,0.5,-1.5,2.8,강한매수,양봉,완만한상승,0.9,2.08,2026-09-28
NAT,0.8,7.79,4366862,5284463,34.02,44.46,0.8,1.3,-0.4,중립,팽이도지,완만한상승,0.27,0.62,2026-09-28
NAVI,0.8,8.86,1150688,1410984,10.2,17.48,0.6,-0.9,-2.0,매도주의,음봉,전저점이탈,0.28,-1.71,2026-09-28
ENOV,0.8,18.16,1466375,1754057,26.63,38.15,0.7,-1.0,-0.7,중립,팽이도지,잔구간,0.39,-0.065,2026-09-28
BYND,0.8,8.52,1552769,2021250,13.23,17.19,0.8,0.1,2.0,중립,양봉,잔구간,0.78,0.52,2026-09-28
APLE,0.8,16.35,2023286,2569333,33.08,45.25,0.7,0.2,0.7,강한매수,양봉,전고점돌파,0.69,2.43,2026-09-28
APPS,0.8,11.22,2874635,3508854,32.25,33.29,1.0,-1.0,2.0,매수관심,양봉,완만한상승,0.81,1.97,2026-09-28
ARCC,0.8,19.13,3988644,4760814,76.3,95.22,0.8,-0.1,-0.3,중립,음봉,잔구간,0.5,-0.35,2026-09-28
GOTU,0.8,2.45,583375,687360,1.43,1.26,1.1,-0.4,0.0,중립,팽이도지,잔구간,0.61,0.065,2026-09-28
GPRO,0.8,1.33,10333832,13138021,13.74,21.5,0.6,-0.8,3.9,중립,양봉,잔구간,0.74,0.495,2026-09-28
GRAB,0.8,3.095,67034009,89127736,207.47,268.93,0.8,-1.1,0.0,중립,팽이도지,잔구간,0.31,-0.115,2026-09-28
ARCT,0.8,14.46,825022,1038775,11.93,14.12,0.8,-2.2,6.7,매수관심,장대양봉,잔구간,0.74,1.145,2026-09-28
MSTX,0.8,19.29,6482862,8001502,125.05,153.77,0.8,-1.1,-0.8,중립,팽이도지,잔구간,0.31,-0.115,2026-09-28
CTNM,0.8,12.73,534127,635321,6.8,10.5,0.6,-1.4,2.8,매수관심,팽이도지,완만한상승,0.55,0.96,2026-09-28
CTOS,0.8,9.31,600827,796929,5.59,8.3,0.7,-0.4,-1.1,중립,음봉,잔구간,0.64,-0.265,2026-09-28
CWVX,0.8,14.53,1232386,1628095,17.91,25.8,0.7,-3.6,-2.5,중립,팽이도지,잔구간,0.34,-0.095,2026-09-28
UNHG,0.8,18.15,461670,564400,8.38,10.86,0.8,0.0,0.4,매수관심,팽이도지,완만한상승,0.51,0.91,2026-09-28
UROY,0.8,4.0,2285866,2883325,9.14,25.62,0.4,-1.0,-2.4,강한매도,장대음봉,전저점이탈,0.1,-3.23,2026-09-28
BANC,0.8,17.66,1955255,2425778,34.53,53.69,0.6,-0.1,-1.5,매도주의,장대음봉,잔구간,0.12,-1.23,2026-09-28
SBRA,0.8,19.82,1856456,2275460,36.79,52.13,0.7,0.0,-0.2,중립,팽이도지,잔구간,0.49,-0.005,2026-09-28
PSFE,0.8,6.02,306798,402205,1.85,2.35,0.8,-0.9,-5.5,강한매도,장대음봉,전저점이탈,0.05,-3.29,2026-09-28
LEVI,0.8,19.81,1896555,2418756,37.57,50.92,0.7,-0.8,1.2,매수관심,양봉,완만한상승,0.81,1.97,2026-09-28
LFMD,0.8,2.93,602524,792203,1.77,2.87,0.6,0.0,-1.3,중립,팽이도지,잔구간,0.31,-0.115,2026-09-28
CRF,0.8,6.14,1190667,1498157,7.31,11.27,0.6,-0.5,-0.3,중립,음봉,잔구간,0.38,-0.42,2026-09-28
UTZ,0.8,14.25,791058,962390,11.27,18.89,0.6,0.1,0.0,매수관심,팽이도지,완만한상승,0.67,1.1,2026-09-28
UUUU,0.8,11.03,6020272,7636637,66.4,93.07,0.7,-1.4,-1.4,강한매도,장대음봉,전저점이탈,0.26,-3.04,2026-09-28
COTY,0.8,2.68,4010138,4892305,10.75,13.92,0.8,-1.1,2.3,매수관심,양봉,완만한상승,0.79,1.95,2026-09-28
CRDL,0.8,1.69,763649,1011407,1.29,2.14,0.6,-1.2,0.0,매수관심,양봉스프링,잔구간,0.78,0.92,2026-09-28
VELO,0.8,10.97,786539,930161,8.63,10.55,0.8,-1.7,-1.2,매도주의,위꼬리음봉,잔구간,0.15,-0.96,2026-09-28
RR,0.8,1.57,3570887,4480435,5.61,6.9,0.8,-2.4,-5.4,강한매도,장대음봉,전저점이탈,0.0,-3.35,2026-09-28
CADL,0.8,11.19,771016,985013,8.63,13.27,0.7,-0.4,1.9,매수관심,양봉,완만한상승,0.57,1.68,2026-09-28
EVTL,0.8,0.665,6697512,8732160,4.46,4.67,1.0,0.1,-10.1,매도주의,장대음봉,잔구간,0.11,-1.235,2026-09-28
GLOO,0.8,4.66,1246103,1649342,5.81,10.87,0.5,-2.1,-0.2,중립,망치형,잔구간,0.9,0.74,2026-09-28
GLWG,0.8,12.86,845765,1012008,10.88,15.7,0.7,-3.2,-3.5,중립,음봉,잔구간,0.34,-0.445,2026-09-28
GMEU,0.8,8.65,1019642,1279770,8.82,7.31,1.2,-1.5,6.5,강한매수,장대양봉,완만한상승,0.84,3.31,2026-09-28
PTRN,0.8,16.77,1674521,2052528,28.08,40.26,0.7,-1.5,0.0,중립,팽이도지,전저점이탈,0.69,-0.52,2026-09-28
PTY,0.8,10.77,1859767,2446128,20.03,27.04,0.7,-0.7,-0.7,중립,음봉,잔구간,0.58,-0.3,2026-09-28
LRMR,0.8,3.17,1673175,2179954,5.3,6.31,0.8,-1.1,4.3,매수관심,장대양봉,잔구간,0.7,1.12,2026-09-28
LABX,0.8,14.76,1071228,1401188,15.81,18.32,0.9,-4.0,-2.8,중립,팽이도지,잔구간,0.41,-0.055,2026-09-28
VG,0.8,12.89,13306838,17191972,171.53,220.53,0.8,2.2,-0.1,매도주의,위꼬리음봉,잔구간,0.15,-0.96,2026-09-28
VIR,0.8,10.51,1369979,1768968,14.4,24.98,0.6,-0.9,-0.5,중립,팽이도지,잔구간,0.5,0.0,2026-09-28
CLVT,0.8,1.71,3614061,4273880,6.18,9.48,0.7,-1.1,-2.8,매도주의,음봉,전저점이탈,0.33,-1.65,2026-09-28
CMBT,0.8,19.05,705387,926056,13.44,19.36,0.7,1.5,-1.2,매도주의,장대음봉,잔구간,0.1,-1.24,2026-09-28
CMRC,0.8,3.17,448397,581196,1.42,2.82,0.5,-2.0,-0.6,중립,망치형,잔구간,0.82,0.69,2026-09-28
CNNE,0.8,15.58,471169,585699,7.34,9.88,0.7,-1.0,0.0,중립,팽이도지,잔구간,0.62,0.07,2026-09-28
MNR,0.8,10.32,731895,973079,7.55,25.24,0.3,1.3,-2.1,강한매도,장대음봉,전저점이탈,0.24,-3.06,2026-09-28
MNSO,0.8,8.91,636200,757046,5.67,6.79,0.8,1.4,0.1,중립,팽이도지,잔구간,0.63,0.08,2026-09-28
FATE,0.8,2.38,1157049,1465368,2.75,5.05,0.5,-2.1,3.5,매수관심,양봉,완만한상승,0.73,1.88,2026-09-28
RUN,0.8,7.67,6455533,8547046,49.51,69.16,0.7,-1.8,-3.6,강한매도,장대음봉,전저점이탈,0.03,-3.31,2026-09-28
BTZ,0.8,9.36,436758,535948,4.09,5.21,0.8,-0.6,-0.6,매도주의,장대음봉,잔구간,0.1,-1.24,2026-09-28
PWP,0.8,14.64,1559772,2020395,22.84,25.46,0.9,-1.7,2.9,강한매수,양봉,전고점돌파,0.95,2.74,2026-09-28
QBTS,0.8,16.78,13791336,16787407,231.42,288.7,0.8,-2.3,-1.4,매도주의,위꼬리음봉,잔구간,0.04,-1.025,2026-09-28
QFIN,0.8,7.05,1578206,2016519,11.13,16.03,0.7,-1.0,-2.5,강한매도,장대음봉,전저점이탈,0.07,-3.27,2026-09-28
FWRG,0.8,10.15,861982,1049360,8.75,13.91,0.6,-0.3,0.4,매수관심,팽이도지,완만한상승,0.59,1.01,2026-09-28
GDRX,0.8,3.31,694198,864292,2.3,2.85,0.8,-0.6,-0.6,중립,팽이도지,전저점부근,0.38,0.61,2026-09-28
FMNB,0.8,15.26,300438,381606,4.58,6.69,0.7,0.1,-1.2,매도주의,장대음봉,잔구간,0.0,-1.3,2026-09-28
RLMD,0.8,3.79,986628,1220566,3.74,4.92,0.8,-0.8,-0.3,중립,팽이도지,잔구간,0.55,0.03,2026-09-28
CONL,0.8,6.08,16791982,22261387,102.1,187.43,0.5,0.7,-4.3,중립,음봉,잔구간,0.08,-0.6,2026-09-28
VOD,0.8,16.58,2392211,2896723,39.66,58.12,0.7,1.2,-1.4,매도주의,장대음봉,잔구간,0.1,-1.24,2026-09-28
VREX,0.8,18.46,441634,563898,8.15,11.69,0.7,0.0,0.1,매수관심,양봉,수횡파,0.33,1.1,2026-09-28
VTEX,0.8,3.58,638497,784192,2.29,2.54,0.9,-0.8,0.0,중립,팽이도지,잔구간,0.67,0.1,2026-09-28
VVR,0.8,2.87,594819,718976,1.71,2.35,0.7,-0.3,-0.3,중립,음봉,잔구간,0.33,-0.45,2026-09-28
METD,0.8,13.0,1257840,1533775,16.35,18.52,0.9,0.6,4.3,강한매수,장대양봉,완만한상승,0.93,3.42,2026-09-28
MFG,0.8,11.05,2619363,3165084,28.94,37.06,0.8,0.0,-0.2,매도주의,위꼬리음봉,잔구간,0.08,-1.0,2026-09-28
MLTX,0.8,11.56,1656877,1952616,19.15,25.67,0.7,0.0,-4.0,강한매도,장대음봉,전저점이탈,0.06,-3.28,2026-09-28
LU,0.8,1.26,2084014,2521372,2.63,2.52,1.0,0.0,2.4,매수관심,양봉,완만한상승,0.62,1.74,2026-09-28
MCHB,0.8,14.92,350405,418643,5.23,8.56,0.6,0.0,-1.6,매도주의,장대음봉,잔구간,0.14,-1.215,2026-09-28
LYFT,0.8,14.88,6825397,8347761,101.56,141.49,0.7,-0.9,1.0,중립,양봉,잔구간,0.94,0.615,2026-09-28
BGC,0.8,11.77,2670623,3508053,31.43,55.06,0.6,-1.5,0.9,중립,양봉,잔구간,0.59,0.405,2026-09-28
BHC,0.8,5.77,1508740,1865497,8.71,12.46,0.7,-0.5,1.9,매수관심,양봉,완만한상승,0.7,1.84,2026-09-28
WU,0.8,6.12,8210468,10002310,50.25,69.56,0.7,-0.6,-0.3,중립,망치형,잔구간,0.77,0.66,2026-09-28
YEXT,0.8,6.43,727208,892918,4.68,7.08,0.7,0.0,-0.6,중립,망치형,잔구간,0.65,0.59,2026-09-28
ACVA,0.8,10.46,7030932,8330711,73.54,122.24,0.6,-0.1,0.1,매수관심,양봉,완만한상승,0.75,1.9,2026-09-28
CHA,0.8,11.45,658613,860293,7.54,13.35,0.6,0.5,-0.2,중립,팽이도지,잔구간,0.45,-0.03,2026-09-28
WULF,0.8,15.12,19671071,25518999,297.43,481.18,0.6,-1.5,-2.5,강한매도,음봉,전저점이탈,0.04,-2.0,2026-09-28
ABAT,0.8,2.27,1680014,2207373,3.81,7.87,0.5,-2.7,3.2,매수관심,양봉,완만한상승,0.8,1.96,2026-09-28
CGNT,0.8,8.53,468308,610122,3.99,5.3,0.8,-2.0,2.2,강한매수,양봉,완만한상승,0.89,2.07,2026-09-28
WSC,0.8,17.87,3113363,3825214,55.64,56.88,1.0,-1.5,-0.2,중립,팽이도지,잔구간,0.54,0.025,2026-09-28
CERS,0.7,2.45,1512783,2293917,3.71,5.68,0.7,-1.5,-5.0,강한매도,장대음봉,전저점이탈,0.1,-3.23,2026-09-28
ABSI,0.7,9.49,3252940,4640305,30.87,46.55,0.7,-1.7,-0.8,중립,망치형,잔구간,0.57,0.54,2026-09-28
ABTC,0.7,8.84,972655,1477661,8.6,17.65,0.5,-1.6,-1.2,매도주의,위꼬리음봉,잔구간,0.2,-0.93,2026-09-28
ZGN,0.7,12.64,689033,1031254,8.71,15.59,0.6,-1.1,0.4,중립,팽이도지,잔구간,0.69,0.115,2026-09-28
ACB,0.7,4.09,497041,751104,2.03,3.26,0.6,-0.5,0.2,매수관심,양봉스프링,잔구간,0.79,0.925,2026-09-28
YELP,0.7,17.59,1276656,1820865,22.46,29.34,0.8,-1.5,-1.0,중립,팽이도지,전저점부근,0.47,0.71,2026-09-28
CIFG,0.7,4.022,685057,995057,2.76,4.46,0.6,-3.8,-7.5,중립,음봉,전저점부근,0.04,-0.5,2026-09-28
WDCX,0.7,17.24,1137297,1529914,19.61,28.52,0.7,-2.9,1.4,중립,팽이도지,잔구간,0.75,0.15,2026-09-28
BHVN,0.7,13.27,2046967,2884312,27.16,43.55,0.6,-1.3,3.5,중립,양봉,잔구간,0.84,0.555,2026-09-28
BHK,0.7,8.25,334554,474285,2.76,4.12,0.7,-0.8,-0.6,매도주의,장대음봉,전저점부근,0.37,-1.41,2026-09-28
BFLY,0.7,9.15,3873785,5427207,35.45,59.44,0.6,-1.2,-1.4,중립,음봉,잔구간,0.32,-0.46,2026-09-28
LXEO,0.7,3.14,1256677,1886413,3.95,5.87,0.7,-1.2,-4.0,강한매도,장대음봉,전저점이탈,0.0,-3.35,2026-09-28
LX,0.7,0.753,1542557,2281826,1.16,1.97,0.6,-0.3,1.7,중립,양봉,잔구간,0.82,0.54,2026-09-28
LITS,0.7,1.36,952092,1327260,1.29,1.77,0.7,-2.8,-2.9,중립,음봉,잔구간,0.29,-0.475,2026-09-28
MICC,0.7,18.8,488583,724629,9.19,13.69,0.7,-1.2,0.2,중립,위꼬리양봉,전저점부근,0.33,-0.45,2026-09-28
MGTX,0.7,11.11,930005,1429303,10.33,14.2,0.7,-1.1,3.0,중립,양봉,잔구간,0.76,0.505,2026-09-28
GENI,0.7,6.15,7048758,10181503,43.35,54.69,0.8,-1.9,-2.7,중립,음봉,잔구간,0.17,-0.55,2026-09-28
FINV,0.7,3.07,516686,761552,1.59,4.4,0.4,1.0,-2.2,강한매도,장대음봉,전저점이탈,0.12,-3.21,2026-09-28
FHTX,0.7,3.52,337374,510275,1.19,2.11,0.6,-0.3,0.9,중립,팽이도지,잔구간,0.55,0.03,2026-09-28
AMZD,0.7,8.855,7297810,11111013,64.62,100.07,0.6,1.2,0.2,매수관심,팽이도지,완만한상승,0.52,0.92,2026-09-28
BTCS,0.7,1.55,1387010,1962076,2.15,3.17,0.7,-0.3,1.6,매수관심,팽이도지,완만한상승,0.54,0.95,2026-09-28
BTBT,0.7,1.68,18306832,25353889,30.76,46.86,0.7,-1.4,-3.2,중립,음봉,잔구간,0.0,-0.65,2026-09-28
BSOL,0.7,16.3,3719469,5359473,60.63,72.22,0.8,-1.5,-1.5,중립,음봉,잔구간,0.28,-0.48,2026-09-28
FSCO,0.7,5.04,860401,1227491,4.34,5.47,0.8,-0.2,-1.2,매도주의,장대음봉,전저점부근,0.22,-1.59,2026-09-28
GDYN,0.7,7.59,574769,794673,4.36,7.7,0.6,-2.5,0.4,중립,위꼬리양봉,잔구간,0.21,-0.675,2026-09-28
FWDI,0.7,8.05,1738337,2482130,13.99,20.39,0.7,-0.8,-3.6,매도주의,장대음봉,잔구간,0.02,-1.29,2026-09-28
PURR,0.7,12.08,18342940,27342486,221.58,359.09,0.6,-2.6,-3.4,중립,음봉,전저점부근,0.2,-0.31,2026-09-28
BULL,0.7,7.05,8219379,12464024,57.95,120.25,0.5,-0.8,-1.1,매도주의,음봉,전저점이탈,0.2,-1.81,2026-09-28
BTQ,0.7,2.86,1901739,2546339,5.44,6.5,0.8,0.0,4.4,강한매수,양봉,완만한상승,0.88,2.06,2026-09-28
QYLD,0.7,18.52,2671236,3775412,49.47,74.68,0.7,-0.1,-0.1,중립,음봉,잔구간,0.5,-0.35,2026-09-28
QUBT,0.7,8.57,6671873,9090538,57.18,70.74,0.8,-1.6,-2.8,중립,음봉,잔구간,0.11,-0.585,2026-09-28
VIV,0.7,11.29,853010,1275544,9.63,20.65,0.5,-1.9,-0.8,매도주의,음봉,전저점이탈,0.13,-1.89,2026-09-28
LFTO,0.7,15.66,485356,688946,7.6,21.67,0.4,-0.7,-0.9,중립,팽이도지,전저점부근,0.4,0.63,2026-09-28
LEGN,0.7,18.62,1714950,2358965,31.93,46.89,0.7,-1.6,-1.0,중립,음봉,잔구간,0.45,-0.38,2026-09-28
CNH,0.7,13.26,11108048,16323714,147.29,228.55,0.6,-0.3,1.6,강한매수,장대양봉,완만한상승,0.94,3.43,2026-09-28
VFF,0.7,3.14,633845,874006,1.99,2.15,0.9,-0.9,0.0,중립,팽이도지,잔구간,0.58,0.05,2026-09-28
MUZ,0.7,7.02,7831294,10886853,54.98,72.52,0.8,1.2,4.2,중립,양봉,잔구간,0.59,0.405,2026-09-28
MSTY,0.7,16.37,2168250,2912877,35.49,46.71,0.8,-0.1,-0.6,중립,팽이도지,잔구간,0.3,-0.12,2026-09-28
LAES,0.7,2.28,3689409,5030087,8.41,12.14,0.7,-1.3,-1.7,중립,음봉,잔구간,0.12,-0.58,2026-09-28
KULR,0.7,2.45,493152,668563,1.21,1.56,0.8,-1.2,1.7,매수관심,양봉,완만한상승,0.5,1.6,2026-09-28
KRP,0.7,14.46,659044,968827,9.53,16.39,0.6,0.8,-1.5,매도주의,장대음봉,잔구간,0.12,-1.23,2026-09-28
MSTW,0.7,5.06,1078302,1600467,5.46,13.42,0.4,-2.7,-0.2,중립,팽이도지,잔구간,0.31,-0.115,2026-09-28
RUM,0.7,7.93,3548668,5183684,28.14,70.19,0.4,-2.8,-2.5,강한매도,장대음봉,전저점이탈,0.15,-3.17,2026-09-28
GNW,0.7,9.38,2759095,3762813,25.88,53.0,0.5,-0.2,-0.3,중립,망치형,잔구간,0.56,0.535,2026-09-28
GLUE,0.7,11.71,772655,1159805,9.05,16.3,0.6,-0.7,0.2,중립,팽이도지,잔구간,0.44,-0.035,2026-09-28
PSQL,0.7,6.7,401761,541139,2.69,3.86,0.7,0.1,-4.3,매도주의,음봉,전저점이탈,0.17,-1.85,2026-09-28
PSO,0.7,15.94,479022,730605,7.64,11.51,0.7,-0.6,-0.6,중립,음봉,잔구간,0.18,-0.54,2026-09-28
MRAM,0.7,18.13,812667,1132248,14.73,16.28,0.9,-1.7,-0.1,중립,팽이도지,잔구간,0.43,-0.04,2026-09-28
VET,0.7,11.52,997043,1421742,11.49,20.14,0.6,2.3,-2.9,매도주의,장대음봉,잔구간,0.01,-1.295,2026-09-28
VERI,0.7,1.28,1868040,2633993,2.39,3.66,0.7,-1.5,-0.8,중립,팽이도지,잔구간,0.5,0.0,2026-09-28
CRCD,0.7,2.08,3347269,4978860,6.96,11.99,0.6,3.6,3.0,중립,양봉,잔구간,0.69,0.465,2026-09-28
COSM,0.7,0.37,3538835,5264349,1.31,1.6,0.8,3.8,1.4,중립,위꼬리양봉,완만한상승,0.34,-0.29,2026-09-28
CORN,0.7,19.53,362320,548610,7.08,9.35,0.8,-0.7,-0.4,중립,음봉,잔구간,0.6,-0.29,2026-09-28
CTMX,0.7,2.69,2694059,4018479,7.25,15.74,0.5,-0.7,0.4,중립,팽이도지,잔구간,0.56,0.035,2026-09-28
CTKB,0.7,5.74,1085778,1545142,6.23,9.44,0.7,-0.5,2.1,강한매수,양봉,완만한상승,0.84,2.01,2026-09-28
CRSR,0.7,13.5,737669,1067539,9.96,14.78,0.7,-1.2,0.0,중립,팽이도지,잔구간,0.48,-0.01,2026-09-28
ETHW,0.7,19.12,426026,598916,8.15,14.01,0.6,-0.1,-0.5,중립,팽이도지,잔구간,0.34,-0.095,2026-09-28
SENS,0.7,9.84,566649,868763,5.58,8.08,0.7,-1.5,-0.1,매도주의,위꼬리음봉,잔구간,0.07,-1.01,2026-09-28
PRCH,0.7,16.83,1492552,2132067,25.12,29.03,0.9,-1.9,3.8,매수관심,양봉,완만한상승,0.61,1.73,2026-09-28
PONY,0.7,6.94,2982927,4503707,20.7,27.6,0.8,3.3,-2.5,중립,음봉,잔구간,0.03,-0.63,2026-09-28
AREC,0.7,1.83,1178417,1736208,2.16,3.4,0.6,-1.6,-2.1,중립,음봉,잔구간,0.13,-0.57,2026-09-28
SBS,0.7,5.14,5429703,7983121,27.91,37.15,0.8,-1.7,1.0,중립,양봉,잔구간,0.65,0.44,2026-09-28
CRMG,0.7,7.74,808573,1125316,6.26,11.51,0.5,-8.2,2.5,중립,양봉,전저점이탈,0.65,0.13,2026-09-28
AXTL,0.7,3.035,905330,1240848,2.75,3.16,0.9,-6.7,-7.2,중립,음봉,잔구간,0.31,-0.465,2026-09-28
KLXE,0.7,1.52,888458,1299409,1.35,1.91,0.7,-8.1,2.7,중립,위꼬리양봉,잔구간,0.44,-0.535,2026-09-28
KLAR,0.7,12.41,4499373,6240713,55.84,79.74,0.7,-1.4,-1.7,중립,음봉,전저점부근,0.28,-0.21,2026-09-28
KEEL,0.7,3.6,20276897,29248873,73.0,127.68,0.6,-1.6,-3.7,매도주의,장대음봉,잔구간,0.07,-1.26,2026-09-28
AVXL,0.7,2.35,522543,761780,1.23,1.8,0.7,1.7,-2.9,매도주의,장대음봉,잔구간,0.0,-1.3,2026-09-28
CTRI,0.7,19.92,1386868,2030861,27.63,39.28,0.7,-0.9,-2.0,매도주의,장대음봉,잔구간,0.25,-1.15,2026-09-28
JMKE,0.7,16.67,3288648,4397759,54.82,71.05,0.8,-0.8,-1.1,매도주의,음봉,전저점이탈,0.11,-1.92,2026-09-28
JMIA,0.7,6.7,971604,1442590,6.51,9.99,0.7,-1.0,-1.6,매도주의,장대음봉,잔구간,0.25,-1.15,2026-09-28
BNL,0.7,18.84,1223349,1777293,23.05,43.31,0.5,-0.2,-0.2,중립,망치형,잔구간,0.63,0.58,2026-09-28
BMNZ,0.7,4.17,3449350,4955367,14.38,22.51,0.6,2.0,3.0,중립,양봉,잔구간,0.94,0.615,2026-09-28
BATL,0.7,1.06,2761505,4228284,2.93,5.37,0.5,2.9,-1.9,매도주의,장대음봉,잔구간,0.33,-1.1,2026-09-28
CC,0.7,14.13,1244559,1792329,17.59,28.32,0.6,-0.6,-1.7,매도주의,장대음봉,잔구간,0.08,-1.25,2026-09-28
SIBN,0.7,18.76,461559,628023,8.66,10.78,0.8,0.0,0.9,강한매수,양봉,완만한상승,0.87,2.04,2026-09-28
SHLS,0.7,7.42,2746127,3988682,20.38,32.98,0.6,-1.5,0.8,중립,양봉,잔구간,0.57,0.39,2026-09-28
SGML,0.7,9.5,1474721,2017367,14.01,23.34,0.6,-3.0,2.3,중립,양봉,잔구간,0.75,0.5,2026-09-28
GRND,0.7,15.61,1100434,1479457,17.18,23.21,0.7,-0.4,-0.6,매도주의,위꼬리음봉,잔구간,0.12,-0.98,2026-09-28
GPRE,0.7,14.8,863383,1269500,12.78,24.61,0.5,0.3,-1.1,중립,음봉,수횡파,0.1,-0.58,2026-09-28
GPK,0.7,9.25,4851111,7301116,44.87,70.94,0.6,-1.6,0.2,중립,팽이도지,잔구간,0.64,0.085,2026-09-28
GOGO,0.7,2.22,893128,1290932,1.98,3.89,0.5,-0.9,-2.6,매도주의,장대음봉,전저점부근,0.2,-1.61,2026-09-28
EVGO,0.7,1.34,2473041,3394364,3.31,6.32,0.5,-1.4,-1.5,중립,음봉,잔구간,0.39,-0.415,2026-09-28
CANE,0.7,11.23,332633,468478,3.74,5.02,0.7,0.7,-0.5,중립,음봉,완만한상승,0.31,-0.03,2026-09-28
NNBR,0.7,3.72,1616959,2290559,6.02,8.96,0.7,-0.3,1.6,매수관심,양봉,완만한상승,0.62,1.74,2026-09-28
NMAX,0.7,10.9,558444,772618,6.09,15.04,0.4,-1.1,1.4,매수관심,양봉,완만한상승,0.43,1.52,2026-09-28
NIQ,0.7,17.58,824769,1217802,14.5,21.71,0.7,-1.0,-0.4,매도주의,팽이도지,전저점이탈,0.29,-1.0,2026-09-28
NEOV,0.7,2.28,1427192,1934007,3.25,5.29,0.6,0.5,3.6,중립,양봉,잔구간,0.85,0.56,2026-09-28
NBIG,0.7,17.61,1797743,2702912,31.66,43.64,0.7,-2.3,-2.4,매도주의,위꼬리음봉,잔구간,0.21,-0.925,2026-09-28
ALM,0.7,13.21,4586050,6501252,60.58,91.28,0.7,-3.7,0.0,중립,팽이도지,잔구간,0.32,-0.11,2026-09-28
PINS,0.7,18.41,8822941,13319569,162.43,315.21,0.5,-1.1,-1.6,매도주의,장대음봉,잔구간,0.2,-1.18,2026-09-28
GRPN,0.7,19.74,1081643,1512982,21.35,28.62,0.7,-1.4,-6.0,매도주의,장대음봉,잔구간,0.12,-1.23,2026-09-28
PGX,0.7,10.17,4519981,6720643,45.97,92.65,0.5,-0.6,0.0,매도주의,팽이도지,전저점이탈,0.38,-0.89,2026-09-28
PENN,0.7,15.24,2203146,3281343,33.58,53.02,0.6,0.0,-2.6,매도주의,장대음봉,잔구간,0.09,-1.245,2026-09-28
SITC,0.7,3.05,643019,943272,1.96,3.21,0.6,-0.7,0.3,중립,위꼬리양봉,잔구간,0.33,-0.6,2026-09-28
TME,0.7,8.37,6285711,9423016,52.61,68.01,0.8,0.8,-1.1,매도주의,장대음봉,잔구간,0.0,-1.3,2026-09-28
TMC,0.7,3.86,3228957,4378995,12.46,18.33,0.7,-1.7,-0.1,중립,팽이도지,잔구간,0.59,0.055,2026-09-28
TIMB,0.7,17.64,338910,478186,5.98,8.36,0.7,-2.0,-0.9,강한매도,장대음봉,전저점이탈,0.18,-3.13,2026-09-28
DHC,0.7,7.96,1538412,2187031,12.25,18.76,0.7,-0.9,-1.2,중립,음봉,잔구간,0.24,-0.505,2026-09-28
NRDS,0.7,8.52,718872,964078,6.12,7.61,0.8,-0.9,1.2,강한매수,양봉스프링,완만한상승,0.98,2.98,2026-09-28
BLDP,0.7,2.06,1529488,2078609,3.15,4.95,0.6,-0.5,-2.8,강한매도,장대음봉,전저점이탈,0.14,-3.18,2026-09-28
JBIO,0.7,14.35,598628,847624,8.59,18.67,0.5,-0.9,0.4,중립,팽이도지,전저점부근,0.43,0.67,2026-09-28
NOK,0.7,10.12,56055890,80206182,567.29,1072.93,0.5,-1.5,-1.1,매도주의,음봉,전저점이탈,0.43,-1.53,2026-09-28
NNDM,0.7,1.56,952595,1338468,1.49,2.46,0.6,0.0,-0.6,중립,음봉,수횡파,0.4,-0.22,2026-09-28
SMST,0.7,12.77,1859177,2832177,23.74,29.56,0.8,1.1,0.4,매수관심,팽이도지,완만한상승,0.66,1.09,2026-09-28
SMCX,0.7,14.22,3691244,5306975,52.49,67.63,0.8,-2.7,-4.2,중립,음봉,잔구간,0.39,-0.415,2026-09-28
SLS,0.7,11.59,3761795,5147092,43.6,75.41,0.6,-0.9,0.7,중립,팽이도지,수횡파,0.52,0.62,2026-09-28
AMBP,0.7,4.4,1017377,1559521,4.48,9.58,0.5,-0.9,1.4,중립,양봉,잔구간,0.87,0.57,2026-09-28
HLLY,0.7,2.42,757710,1161737,1.83,3.53,0.5,0.0,-2.0,중립,음봉,잔구간,0.3,-0.47,2026-09-28
PCG,0.7,11.95,33093782,45524596,395.47,504.75,0.8,-0.2,-2.9,강한매도,장대음봉,전저점이탈,0.08,-3.25,2026-09-28
ETHT,0.7,19.32,1234954,1816563,23.86,31.81,0.8,-0.4,-1.3,중립,음봉,잔구간,0.3,-0.47,2026-09-28
EROC,0.7,11.88,1586256,2225268,18.84,37.36,0.5,-0.6,-5.1,매도주의,장대음봉,잔구간,0.14,-1.215,2026-09-28
DFDV,0.7,5.575,2048767,2742985,11.42,17.93,0.6,-5.1,-2.7,중립,음봉,잔구간,0.39,-0.415,2026-09-28
AVO,0.7,13.1,784986,1061812,10.28,12.37,0.8,0.0,-0.3,중립,팽이도지,수횡파,0.55,0.66,2026-09-28
AVAH,0.7,12.69,2074696,2771373,26.33,48.18,0.5,-0.9,3.2,매수관심,장대양봉,잔구간,0.94,1.265,2026-09-28
ASTX,0.7,10.29,2849336,4281551,29.32,35.95,0.8,-2.6,-0.1,중립,팽이도지,수횡파,0.35,0.42,2026-09-28
NTSK,0.7,17.85,4880375,6644888,87.11,158.69,0.5,-3.0,4.1,강한매수,장대양봉,완만한상승,0.81,3.27,2026-09-28
TAL,0.7,11.89,1647208,2490437,19.59,44.14,0.4,2.1,-2.9,매도주의,장대음봉,잔구간,0.17,-1.2,2026-09-28
DRN,0.7,8.57,1324923,1823368,11.35,17.5,0.6,0.0,-1.5,중립,음봉,전저점부근,0.3,-0.19,2026-09-28
EIKN,0.7,7.91,435024,586999,3.44,7.14,0.5,-1.4,1.3,매수관심,양봉스프링,잔구간,0.8,0.93,2026-09-28
EGY,0.7,5.76,973105,1315951,5.61,10.42,0.5,1.5,-2.5,매도주의,장대음봉,전저점부근,0.0,-1.85,2026-09-28
PANL,0.7,8.01,303498,449745,2.43,4.2,0.6,-0.1,0.1,중립,팽이도지,잔구간,0.57,0.04,2026-09-28
HUCK,0.7,3.31,1097135,1560156,3.63,5.28,0.7,-0.6,-1.2,중립,무참고,정보부족,,0.0,2026-09-28
HTLD,0.7,11.44,635891,880081,7.27,11.24,0.6,-0.7,2.0,매수관심,장대양봉,잔구간,0.9,1.24,2026-09-28
SNXX,0.7,16.29,40340535,61813566,657.15,927.12,0.7,-5.0,-2.3,중립,팽이도지,잔구간,0.54,0.025,2026-09-28
SNDX,0.7,17.86,1554158,2077714,27.76,38.64,0.7,-0.2,-1.7,중립,음봉,잔구간,0.46,-0.375,2026-09-28
SNDL,0.7,1.39,727083,1002965,1.01,1.65,0.6,-1.4,0.7,중립,위꼬리양봉,잔구간,0.33,-0.6,2026-09-28
DNUT,0.7,2.89,1656645,2447296,4.79,6.7,0.7,0.7,-0.7,매도주의,위꼬리음봉,전저점부근,0.14,-1.18,2026-09-28
DNN,0.7,2.58,17834493,26055314,46.01,68.06,0.7,-1.9,-0.8,중립,음봉,전저점부근,0.4,-0.07,2026-09-28
IMMX,0.7,11.47,995932,1432681,11.42,19.1,0.6,-1.4,6.0,중립,양봉,잔구간,0.68,0.46,2026-09-28
ARVN,0.7,7.51,512105,737364,3.85,9.04,0.4,-0.7,-0.4,중립,망치형,잔구간,0.7,0.62,2026-09-28
NVAX,0.7,10.8,4461695,5954349,48.19,58.57,0.8,-1.3,2.9,매수관심,양봉,완만한상승,0.76,1.91,2026-09-28
NUS,0.7,4.64,317141,468461,1.47,2.51,0.6,-0.2,0.4,매수관심,팽이도지,완만한상승,0.51,0.91,2026-09-28
NUAI,0.7,6.96,7452370,10041832,51.87,68.11,0.8,-1.1,-0.3,매도주의,위꼬리음봉,잔구간,0.24,-0.905,2026-09-28
AHCO,0.7,5.65,1589553,2430649,8.98,16.25,0.6,0.0,0.2,매수관심,팽이도지,완만한상승,0.67,1.1,2026-09-28
ECC,0.7,3.46,633457,882652,2.19,3.18,0.7,0.0,-1.1,강한매도,장대음봉,전저점이탈,0.0,-3.35,2026-09-28
DSP,0.7,12.24,386085,532750,4.73,9.49,0.5,0.4,0.0,매수관심,팽이도지,완만한상승,0.51,0.91,2026-09-28
ORN,0.7,8.35,468671,637534,3.91,4.79,0.8,-0.1,-2.6,매도주의,장대음봉,전저점부근,0.11,-1.72,2026-09-28
BRSP,0.7,4.06,1766049,2439129,7.17,9.2,0.8,-0.2,-0.5,중립,망치형,잔구간,0.69,0.615,2026-09-28
BRSL,0.7,9.87,2264364,3111911,22.35,27.28,0.8,0.0,-0.9,중립,음봉,잔구간,0.46,-0.375,2026-09-28
IAG,0.7,18.68,4500784,6394801,84.07,139.99,0.6,-5.5,0.4,매도주의,팽이도지,전저점이탈,0.38,-0.89,2026-09-28
OPK,0.7,1.63,1608931,2239545,2.62,4.0,0.7,0.0,-0.6,중립,음봉,잔구간,0.5,-0.35,2026-09-28
ENIC,0.7,4.26,416376,620515,1.77,3.8,0.5,-0.7,0.0,중립,팽이도지,잔구간,0.64,0.085,2026-09-28
AGNT,0.7,3.51,1415921,2037103,4.97,7.84,0.6,-1.7,-1.7,매도주의,위꼬리음봉,잔구간,0.05,-1.02,2026-09-28
STTK,0.7,6.43,976891,1407589,6.28,10.22,0.6,-0.7,6.6,강한매수,장대양봉,완만한상승,0.92,3.4,2026-09-28
BSCU,0.7,16.125,520688,793398,8.4,14.38,0.6,-0.2,-0.2,강한매도,장대음봉,전저점이탈,0.38,-2.89,2026-09-28
BSCQ,0.7,19.52,506463,778634,9.89,17.32,0.6,0.0,0.0,매수관심,팽이도지,완만한상승,0.5,0.9,2026-09-28
INO,0.7,1.17,1896504,2880316,2.22,3.48,0.6,0.0,-0.8,중립,팽이도지,잔구간,0.43,-0.04,2026-09-28
INIO,0.7,18.16,4338583,6518931,78.79,143.9,0.5,0.2,-5.2,강한매도,장대음봉,전저점이탈,0.1,-3.23,2026-09-28
INGN,0.7,5.44,301882,439200,1.64,2.28,0.7,0.0,1.5,강한매수,양봉,전고점돌파,0.65,2.38,2026-09-28
IMXI,0.7,11.65,739977,1015317,8.62,9.98,0.9,0.0,3.6,중립,양봉,잔구간,0.87,0.57,2026-09-28
OLMA,0.7,8.61,979229,1488354,8.43,15.34,0.5,-0.5,-1.1,중립,팽이도지,전저점부근,0.47,0.71,2026-09-28
OCGN,0.7,1.03,4859540,7203944,5.01,8.53,0.6,0.5,0.5,매수관심,팽이도지,완만한상승,0.6,1.02,2026-09-28
IIIV,0.7,14.41,324310,472816,4.67,12.42,0.4,-1.2,-2.0,중립,음봉,잔구간,0.55,-0.32,2026-09-28
IHRT,0.7,2.22,543720,824756,1.21,2.06,0.6,-0.4,-2.6,매도주의,장대음봉,전저점부근,0.13,-1.69,2026-09-28
MBLY,0.7,7.795,5189553,7727399,40.45,55.14,0.7,-0.1,-2.8,매도주의,장대음봉,잔구간,0.2,-1.18,2026-09-28
MAX,0.7,9.2,622702,907114,5.73,9.3,0.6,-1.0,0.2,중립,팽이도지,전저점부근,0.53,0.79,2026-09-28
MATW,0.7,19.52,803305,1126278,15.68,31.0,0.5,-0.4,3.4,매수관심,장대양봉,잔구간,0.95,1.27,2026-09-28
MATV,0.7,11.84,346430,512162,4.1,6.56,0.6,-1.3,0.6,중립,팽이도지,잔구간,0.74,0.145,2026-09-28
MARA,0.7,12.11,28562702,41909719,345.89,637.87,0.5,-0.6,-2.9,중립,음봉,잔구간,0.03,-0.63,2026-09-28
XRX,0.7,3.26,1379079,2099798,4.5,9.25,0.5,-0.9,-0.9,중립,망치형,전저점이탈,0.64,0.42,2026-09-28
CIFR,0.7,16.74,22340271,31260052,373.98,638.9,0.6,-2.4,-3.2,중립,음봉,잔구간,0.05,-0.62,2026-09-28
RGTX,0.7,9.71,780211,1071396,7.58,10.86,0.7,-3.6,-4.9,중립,음봉,잔구간,0.09,-0.595,2026-09-28
RGTI,0.7,15.95,13140400,18253969,209.59,274.98,0.8,-1.3,-3.0,매도주의,장대음봉,잔구간,0.07,-1.26,2026-09-28
REAL,0.7,8.81,2223428,3293129,19.59,25.46,0.8,-2.8,2.7,중립,양봉,잔구간,0.64,0.435,2026-09-28
ACHR,0.7,5.2,17583732,24566302,91.44,149.41,0.6,-1.7,-5.7,강한매도,장대음봉,전저점이탈,0.06,-3.28,2026-09-28
XFOR,0.7,3.015,838399,1258555,2.53,4.28,0.6,-0.5,0.6,매수관심,양봉스프링,잔구간,0.89,0.985,2026-09-28
WYFI,0.7,18.83,895797,1249675,16.87,24.86,0.7,-0.9,-3.2,중립,음봉,잔구간,0.15,-0.56,2026-09-28
CHRS,0.7,1.14,1143276,1593262,1.3,2.41,0.5,0.0,0.9,매수관심,양봉스프링,잔구간,0.8,0.93,2026-09-28
XHR,0.7,18.42,724741,1004981,13.35,19.44,0.7,-1.0,2.4,강한매수,장대양봉,전고점돌파,0.83,3.9,2026-09-28
ADAM,0.6,8.01,904600,1527348,7.25,13.78,0.5,-1.1,-0.5,중립,팽이도지,전저점부근,0.44,0.68,2026-09-28
SMCL,0.6,19.9,465192,755371,9.26,11.77,0.8,-2.4,-4.6,중립,음봉,잔구간,0.4,-0.41,2026-09-28
CHPT,0.6,8.74,1035955,1667791,9.05,13.99,0.6,-1.7,-0.5,매도주의,위꼬리음봉,전저점부근,0.16,-1.16,2026-09-28
XXI,0.6,6.74,1705974,2637193,11.5,23.24,0.5,1.1,0.4,중립,위꼬리양봉,완만한상승,0.1,-0.58,2026-09-28
REAX,0.6,16.03,638497,1076961,10.24,16.62,0.6,-0.9,-1.5,중립,팽이도지,잔구간,0.27,-0.14,2026-09-28
CLBK,0.6,10.9,2979563,5098131,32.48,69.26,0.5,-0.4,-3.5,강한매도,장대음봉,전저점이탈,0.0,-3.35,2026-09-28
XRP,0.6,16.56,1614405,2613058,26.73,40.0,0.7,-3.2,-2.7,매도주의,장대음봉,잔구간,0.16,-1.205,2026-09-28
XNDU,0.6,4.77,6808086,11487811,32.47,50.61,0.6,-1.5,-2.8,중립,음봉,전저점부근,0.29,-0.2,2026-09-28
CLM,0.6,6.38,1036781,1809135,6.61,15.72,0.4,0.0,-0.8,매도주의,장대음봉,잔구간,0.29,-1.125,2026-09-28
IAUX,0.6,1.65,4597996,7824366,7.59,17.94,0.4,-3.4,-1.8,매도주의,음봉,전저점이탈,0.18,-1.83,2026-09-28
DSX,0.6,2.8,721788,1293366,2.02,4.87,0.4,0.0,0.0,중립,팽이도지,잔구간,0.27,-0.14,2026-09-28
EBS,0.6,6.86,682897,1099627,4.68,7.93,0.6,-0.6,1.6,매수관심,양봉,완만한상승,0.74,1.89,2026-09-28
STGW,0.6,8.22,792029,1380798,6.51,11.84,0.5,-1.1,-0.1,중립,팽이도지,잔구간,0.56,0.035,2026-09-28
SPCE,0.6,3.14,3235575,5445067,10.16,22.35,0.5,-1.9,0.3,중립,위꼬리양봉,잔구간,0.25,-0.65,2026-09-28
OPFI,0.6,6.12,516642,911817,3.16,7.22,0.4,-1.0,-1.6,강한매도,장대음봉,전저점이탈,0.23,-3.07,2026-09-28
IART,0.6,16.27,479048,764993,7.79,16.83,0.5,-0.5,1.4,강한매수,양봉,완만한상승,1.0,2.2,2026-09-28
INFQ,0.6,14.13,6327278,10451732,89.4,128.2,0.7,-2.3,-0.4,매도주의,위꼬리음봉,잔구간,0.12,-0.98,2026-09-28
AKBA,0.6,0.893,3399259,5251134,3.04,6.3,0.5,-1.1,0.8,중립,양봉,잔구간,0.73,0.49,2026-09-28
SUIG,0.6,1.6,1197823,1850779,1.92,1.93,1.0,-1.9,2.6,매수관심,양봉,완만한상승,0.67,1.8,2026-09-28
SVCO,0.6,8.15,322500,516833,2.63,3.49,0.8,-1.8,-0.7,매도주의,위꼬리음봉,잔구간,0.21,-0.925,2026-09-28
DDD,0.6,3.52,1357254,2257859,4.78,8.92,0.5,-2.0,0.6,중립,위꼬리양봉,잔구간,0.24,-0.655,2026-09-28
PBI,0.6,16.38,928091,1456940,15.2,31.67,0.5,-0.3,0.3,매수관심,팽이도지,완만한상승,0.58,1.0,2026-09-28
NOMD,0.6,10.66,864561,1377223,9.22,14.88,0.6,-0.3,0.6,중립,팽이도지,잔구간,0.59,0.055,2026-09-28
HLN,0.6,9.17,15714475,25928823,144.1,235.9,0.6,-1.4,0.4,중립,양봉,잔구간,0.75,0.5,2026-09-28
IQ,0.6,1.03,2925592,5232447,3.01,10.38,0.3,0.0,1.0,매수관심,양봉,완만한상승,0.67,1.8,2026-09-28
ELPC,0.6,12.05,385333,598177,4.64,6.39,0.7,-1.8,0.2,중립,팽이도지,잔구간,0.44,-0.035,2026-09-28
IRD,0.6,5.05,1162236,1906013,5.87,12.23,0.5,-0.2,6.3,중립,양봉,잔구간,0.83,0.55,2026-09-28
OVID,0.6,2.46,1192530,2081893,2.93,5.84,0.5,0.0,2.5,중립,양봉,잔구간,0.79,0.525,2026-09-28
HYLN,0.6,3.96,1454773,2261611,5.76,8.4,0.7,-2.4,-3.9,매도주의,장대음봉,전저점부근,0.19,-1.62,2026-09-28
SOLZ,0.6,11.77,832909,1295456,9.8,17.4,0.6,-1.8,-1.3,중립,음봉,잔구간,0.31,-0.465,2026-09-28
SVV,0.6,9.35,928711,1599907,8.68,13.42,0.6,-0.7,0.9,매수관심,양봉,완만한상승,0.46,1.55,2026-09-28
OABI,0.6,4.74,674965,1207655,3.2,5.46,0.6,0.0,2.8,매수관심,양봉,완만한상승,0.73,1.88,2026-09-28
NXDR,0.6,2.42,1478091,2641834,3.58,7.19,0.5,-1.2,-2.4,매도주의,장대음봉,잔구간,0.25,-1.15,2026-09-28
EPRX,0.6,8.21,369124,608814,3.03,4.26,0.7,-2.1,4.7,강한매수,장대양봉,완만한상승,0.97,3.46,2026-09-28
PDI,0.6,13.9,3273558,5081963,45.5,76.86,0.6,-0.7,0.0,중립,팽이도지,잔구간,0.58,0.05,2026-09-28
EQPT,0.6,18.21,2257379,3994883,41.11,79.5,0.5,-1.8,6.9,강한매수,장대양봉,완만한상승,0.97,3.46,2026-09-28
DCOY,0.6,2.31,549739,916440,1.27,43.6,0.0,-3.6,-22.5,매도주의,장대음봉,전저점부근,0.11,-1.72,2026-09-28
AVS,0.6,8.275,6403727,9916350,52.99,80.53,0.7,0.2,0.8,중립,양봉,잔구간,0.73,0.49,2026-09-28
MYGN,0.6,4.24,1181318,1925724,5.01,10.05,0.5,-1.4,3.2,중립,양봉,전고점부근,0.63,0.41,2026-09-28
USDE,0.6,15.56,4079763,6803825,63.48,76.73,0.8,-4.0,-6.0,매도주의,장대음봉,잔구간,0.03,-1.28,2026-09-28
UPXI,0.6,1.19,3696129,6111894,4.4,7.23,0.6,-4.1,0.8,중립,팽이도지,잔구간,0.42,-0.05,2026-09-28
AVTX,0.6,15.08,749653,1272517,11.3,20.89,0.5,0.0,-2.5,매도주의,장대음봉,잔구간,0.22,-1.17,2026-09-28
AVX,0.6,6.32,380817,615405,2.41,2.93,0.8,-2.3,7.1,강한매수,양봉,전고점돌파,0.77,2.52,2026-09-28
KREF,0.6,6.26,827854,1502731,5.18,7.44,0.7,-1.1,-0.3,중립,팽이도지,잔구간,0.57,0.04,2026-09-28
PLTD,0.6,4.77,13783953,24756883,65.75,133.85,0.5,1.8,-0.5,중립,망치형,잔구간,0.61,0.565,2026-09-28
SANA,0.6,2.93,2265906,3674782,6.64,13.66,0.5,-0.8,0.3,중립,팽이도지,잔구간,0.58,0.05,2026-09-28
SFL,0.6,12.83,1020936,1635665,13.1,22.54,0.6,1.3,-0.9,중립,음봉,잔구간,0.35,-0.44,2026-09-28
SID,0.6,1.11,3875247,5971615,4.3,9.32,0.5,-3.2,4.2,강한매수,장대양봉,완만한상승,0.91,3.39,2026-09-28
GORO,0.6,3.36,1001343,1551025,3.36,5.24,0.6,-2.0,-2.0,매도주의,음봉,전저점이탈,0.31,-1.68,2026-09-28
TSLQ,0.6,19.1,3309890,5333711,63.22,104.8,0.6,2.2,5.5,강한매수,장대양봉,전고점돌파,0.95,4.04,2026-09-28
DAVA,0.6,1.7,994349,1594409,1.69,2.47,0.7,-0.6,-5.6,매도주의,장대음봉,전저점부근,0.17,-1.65,2026-09-28
CATX,0.6,2.5,1504853,2636448,3.76,8.97,0.4,-0.8,0.0,중립,팽이도지,잔구간,0.35,-0.09,2026-09-28
EVER,0.6,18.59,671262,1116727,12.48,24.85,0.5,-0.6,0.3,매수관심,양봉스프링,잔구간,0.87,0.97,2026-09-28
HAWK,0.6,15.51,681829,1219304,10.58,24.94,0.4,-0.9,-2.8,매도주의,장대음봉,잔구간,0.08,-1.25,2026-09-28
TRLV,0.6,12.34,1491497,2360003,18.41,34.53,0.5,-1.0,2.1,중립,위꼬리양봉,완만한상승,0.46,-0.15,2026-09-28
EPM,0.6,3.45,395226,671410,1.36,2.68,0.5,1.1,-3.1,강한매도,장대음봉,전저점이탈,0.08,-3.25,2026-09-28
TNXP,0.6,9.9,342674,600466,3.39,5.6,0.6,-0.9,1.3,중립,양봉,잔구간,0.57,0.39,2026-09-28
PGEN,0.6,7.81,3491108,5446487,27.27,44.3,0.6,-1.8,2.6,강한매수,양봉,완만한상승,0.86,2.03,2026-09-28
GSOL,0.6,8.97,2542464,4099380,22.81,31.21,0.7,-1.8,-1.3,중립,음봉,잔구간,0.28,-0.48,2026-09-28
GT,0.6,5.02,7501413,11953315,37.66,57.14,0.7,0.1,-2.1,매도주의,장대음봉,잔구간,0.15,-1.21,2026-09-28
ALHC,0.6,7.93,8666426,13654123,68.72,152.59,0.5,-1.1,-2.3,중립,음봉,잔구간,0.22,-0.52,2026-09-28
ALEC,0.6,1.92,713343,1231968,1.37,2.53,0.5,-1.5,0.0,중립,팽이도지,잔구간,0.63,0.08,2026-09-28
NPKI,0.6,11.58,631583,1072354,7.31,11.15,0.7,-0.2,-1.0,중립,음봉,잔구간,0.41,-0.405,2026-09-28
BLND,0.6,1.09,1397815,2254906,1.52,2.83,0.5,0.0,-1.8,중립,음봉,잔구간,0.43,-0.39,2026-09-28
BKKT,0.6,8.0,1013881,1737965,8.11,14.47,0.6,-2.0,-4.0,중립,음봉,잔구간,0.05,-0.62,2026-09-28
CEPL,0.6,4.48,311555,554570,1.4,4.13,0.3,0.6,-5.5,강한매도,장대음봉,전저점이탈,0.0,-3.35,2026-09-28
ZH,0.6,3.8,583334,919350,2.22,2.83,0.8,0.8,0.3,매수관심,팽이도지,완만한상승,0.45,0.84,2026-09-28
METC,0.6,8.98,1219725,1919740,10.95,20.0,0.5,-1.1,0.7,중립,팽이도지,잔구간,0.7,0.12,2026-09-28
MEI,0.6,14.06,353379,583334,4.97,8.7,0.6,-0.3,-2.8,중립,음봉,잔구간,0.14,-0.565,2026-09-28
YMAG,0.6,11.32,679128,1066567,7.69,10.01,0.8,-0.5,-0.9,매도주의,장대음봉,잔구간,0.08,-1.25,2026-09-28
BTGO,0.6,7.26,1021452,1849977,7.42,22.97,0.3,-2.5,-0.5,중립,팽이도지,잔구간,0.41,-0.055,2026-09-28
VSTS,0.6,13.45,889054,1408777,11.96,25.09,0.5,-2.4,1.0,중립,팽이도지,전저점이탈,0.68,-0.53,2026-09-28
VTS,0.6,16.75,347175,559173,5.82,10.69,0.5,1.6,-1.6,매도주의,장대음봉,잔구간,0.18,-1.19,2026-09-28
RCAT,0.6,6.5,6283063,10763331,40.84,81.5,0.5,-1.1,-1.4,중립,음봉,잔구간,0.19,-0.535,2026-09-28
PYXS,0.6,2.9,368421,587077,1.07,1.9,0.6,-1.7,3.2,중립,양봉,잔구간,0.94,0.615,2026-09-28
QDEL,0.6,10.83,760160,1267039,8.23,19.57,0.4,0.0,-1.0,중립,음봉,잔구간,0.36,-0.435,2026-09-28
FUBO,0.6,9.45,689492,1204973,6.52,14.32,0.5,-1.1,-0.8,중립,망치형,전저점이탈,0.62,0.39,2026-09-28
VUZI,0.6,2.77,588759,1038352,1.63,2.37,0.7,-2.4,-3.5,중립,음봉,잔구간,0.09,-0.595,2026-09-28
GEMI,0.6,5.2,2015127,3261768,10.48,21.6,0.5,-3.4,-2.8,중립,음봉,잔구간,0.08,-0.6,2026-09-28
FLNC,0.6,7.5,5741092,9928119,43.06,89.37,0.5,-3.8,-0.7,매도주의,위꼬리음봉,잔구간,0.24,-0.905,2026-09-28
AMPL,0.6,13.3,972240,1611107,12.93,20.03,0.6,-2.0,2.0,중립,양봉,잔구간,0.82,0.54,2026-09-28
KT,0.6,19.16,835109,1307702,16.0,23.71,0.7,-1.4,-1.3,매도주의,장대음봉,잔구간,0.26,-1.145,2026-09-28
CMPX,0.6,1.11,3704884,6116451,4.11,9.07,0.5,1.8,-3.5,매도주의,장대음봉,전저점부근,0.2,-1.61,2026-09-28
CMPS,0.6,13.23,1782301,3015613,23.58,42.41,0.6,0.3,1.0,중립,팽이도지,잔구간,0.61,0.065,2026-09-28
CLSK,0.6,13.34,11425881,17608041,152.42,263.13,0.6,-1.0,-3.4,매도주의,장대음봉,잔구간,0.03,-1.28,2026-09-28
LCTX,0.6,0.971,1574173,2460726,1.53,1.84,0.8,-1.0,-4.8,매도주의,장대음봉,잔구간,0.14,-1.215,2026-09-28
VIXY,0.6,16.79,1318815,2222367,22.14,42.96,0.5,1.3,-0.2,매수관심,팽이도지,완만한상승,0.5,0.9,2026-09-28
BCAT,0.6,13.56,838034,1420765,11.36,20.95,0.5,-0.7,-0.3,중립,음봉,전저점부근,0.36,-0.12,2026-09-28
RSKD,0.6,7.7,2526962,4278180,19.46,19.22,1.0,-0.8,-0.3,매도주의,위꼬리음봉,잔구간,0.19,-0.935,2026-09-28
FAC,0.6,6.38,316683,519518,2.02,3.52,0.6,-1.8,3.4,강한매수,장대양봉,완만한상승,0.68,3.12,2026-09-28
GLNDW,0.6,1.22,891817,1569063,1.09,1.19,0.9,0.0,-20.8,중립,음봉,잔구간,0.39,-0.415,2026-09-28
MSOX,0.6,3.12,1248283,2206735,3.89,5.64,0.7,1.3,-2.5,중립,음봉,잔구간,0.46,-0.375,2026-09-28
RPD,0.6,11.8,980577,1625075,11.57,29.15,0.4,-4.2,6.0,강한매수,장대양봉,완만한상승,0.79,3.25,2026-09-28
CWEB,0.6,18.63,814550,1368727,15.18,21.78,0.7,0.7,0.1,중립,위꼬리양봉,완만한상승,0.3,-0.34,2026-09-28
CWH,0.6,5.17,1343539,2316781,6.95,12.54,0.6,-2.0,-2.1,중립,음봉,잔구간,0.28,-0.48,2026-09-28
BNC,0.6,5.63,1002913,1555127,5.65,14.55,0.4,-3.4,-4.6,매도주의,장대음봉,잔구간,0.19,-1.185,2026-09-28
BMEA,0.6,1.29,1456718,2261418,1.88,4.12,0.5,0.0,-2.3,중립,음봉,전저점부근,0.21,-0.3,2026-09-28
SERV,0.6,4.43,1746073,2862596,7.74,12.84,0.6,0.2,-0.7,중립,망치형,잔구간,0.61,0.565,2026-09-28
CPRI,0.6,14.79,3215820,5153118,47.56,108.12,0.4,-1.8,-0.3,중립,팽이도지,잔구간,0.42,-0.05,2026-09-28
PSKY,0.6,10.28,24192639,40012004,248.7,334.26,0.7,-0.6,3.8,매수관심,장대양봉,잔구간,0.8,1.18,2026-09-28
PSIG,0.6,4.58,1137970,1984967,5.21,8.53,0.6,-0.7,0.9,중립,위꼬리양봉,완만한상승,0.25,-0.4,2026-09-28
CRMD,0.6,7.89,485279,800748,3.83,6.58,0.6,-1.0,1.5,강한매수,장대양봉,완만한상승,0.92,3.4,2026-09-28
SBET,0.6,9.5,6997861,11519552,66.48,93.51,0.7,-1.3,0.0,중립,팽이도지,잔구간,0.25,-0.15,2026-09-28
CRK,0.6,12.69,1737748,2935065,22.05,37.13,0.6,-0.5,-2.8,중립,음봉,잔구간,0.03,-0.63,2026-09-28
FULC,0.6,3.72,901247,1571387,3.35,5.68,0.6,0.3,-0.8,중립,음봉,잔구간,0.2,-0.53,2026-09-28
ANGX,0.6,4.57,1429154,2390191,6.53,13.22,0.5,-1.2,-3.6,강한매도,장대음봉,전저점이탈,0.1,-3.23,2026-09-28
FPEI,0.6,18.48,336152,534458,6.21,8.65,0.7,-0.3,-0.3,강한매도,장대음봉,전저점이탈,0.17,-3.15,2026-09-28
FLOC,0.6,18.98,310039,519309,5.88,11.93,0.5,2.0,-2.8,매도주의,장대음봉,전저점부근,0.08,-1.75,2026-09-28
LION,0.6,10.97,2549483,4116881,27.97,39.05,0.7,-0.5,1.6,중립,양봉,잔구간,0.97,0.63,2026-09-28
MSOS,0.6,5.16,3191259,5580504,16.47,26.19,0.6,-0.8,0.8,매수관심,팽이도지,완만한상승,0.68,1.12,2026-09-28
MRLN,0.6,1.75,3349283,5233529,5.86,11.77,0.5,-3.0,-9.3,매도주의,장대음봉,잔구간,0.05,-1.27,2026-09-28
CRCG,0.6,12.93,1880191,2940492,24.31,55.21,0.4,-5.1,-2.0,중립,팽이도지,잔구간,0.28,-0.13,2026-09-28
CRCA,0.6,19.04,383376,635138,7.3,18.28,0.4,-4.7,-2.4,중립,음봉,잔구간,0.3,-0.47,2026-09-28
SPCQ,0.5,11.4,1000966,1898940,11.41,19.34,0.6,-0.4,3.4,중립,양봉,전고점부근,0.86,0.68,2026-09-28
WLTH,0.5,10.0,1563663,3016651,15.64,46.39,0.3,-0.4,-1.4,중립,음봉,잔구간,0.06,-0.615,2026-09-28
XRPZ,0.5,16.12,410406,802885,6.62,14.98,0.4,-3.4,-2.4,매도주의,장대음봉,잔구간,0.18,-1.19,2026-09-28
WETO,0.5,1.67,960418,2037696,1.6,13.6,0.1,-1.8,-0.6,중립,팽이도지,잔구간,0.35,-0.09,2026-09-28
WEAV,0.5,7.37,851628,1787158,6.28,13.4,0.5,0.0,0.3,강한매수,장대양봉,완만한상승,0.67,3.1,2026-09-28
ADCT,0.5,1.26,835119,1627285,1.05,1.92,0.5,-2.4,1.6,매수관심,양봉스프링,잔구간,0.86,0.965,2026-09-28
RDWU,0.5,6.55,340863,641373,2.23,3.97,0.6,-4.6,-3.2,중립,음봉,잔구간,0.01,-0.645,2026-09-28
FOSL,0.5,6.02,426203,783710,2.57,4.35,0.6,-2.4,-0.5,매도주의,위꼬리음봉,잔구간,0.25,-0.9,2026-09-28
ONDG,0.5,2.36,2815918,5603883,6.65,9.35,0.7,-2.0,4.0,매수관심,양봉,완만한상승,0.76,1.91,2026-09-28
ARX,0.5,19.74,904608,1773967,17.86,46.72,0.4,0.3,-0.3,매도주의,장대음봉,잔구간,0.0,-1.3,2026-09-28
INV,0.5,0.69,3585737,6809708,2.47,11.64,0.2,0.5,-5.5,중립,음봉,잔구간,0.33,-0.45,2026-09-28
YSS,0.5,9.14,1485183,3267889,13.57,44.9,0.3,-2.7,-1.8,중립,음봉,잔구간,0.02,-0.64,2026-09-28
DFH,0.5,10.88,664162,1351604,7.23,15.01,0.5,-1.8,-2.0,중립,음봉,전저점부근,0.02,-0.53,2026-09-28
IREZ,0.5,9.4,1890847,4060015,17.77,28.5,0.6,3.8,7.1,강한매수,장대양봉,전고점부근,0.99,2.14,2026-09-28
AURA,0.5,6.15,483657,1000102,2.97,7.52,0.4,0.5,2.0,매수관심,장대양봉,잔구간,0.88,1.23,2026-09-28
HELP,0.5,12.59,986597,2139021,12.42,29.23,0.4,-0.9,0.7,중립,팽이도지,잔구간,0.72,0.13,2026-09-28
ABX,0.5,8.22,490513,1038991,4.03,7.05,0.6,-0.1,-0.7,중립,음봉,잔구간,0.23,-0.51,2026-09-28
MAAS,0.5,17.95,648056,1354628,11.63,12.81,0.9,0.0,16.8,강한매수,장대양봉,전고점돌파,0.76,3.81,2026-09-28
CGEM,0.5,14.95,1109220,2155543,16.58,29.81,0.6,-0.7,1.6,매수관심,양봉스프링,잔구간,0.76,0.905,2026-09-28
LULG,0.5,4.187,304100,592853,1.27,2.78,0.5,-2.8,1.4,중립,팽이도지,잔구간,0.65,0.09,2026-09-28
QNST,0.5,14.21,781303,1431418,11.1,21.57,0.5,-0.5,-0.9,중립,음봉,잔구간,0.44,-0.385,2026-09-28
VSTM,0.5,7.77,1260637,2368768,9.8,17.58,0.6,-1.9,2.4,중립,양봉,잔구간,0.97,0.63,2026-09-28
FRSH,0.5,12.53,2966468,5738641,37.17,60.09,0.6,-2.5,2.5,중립,양봉,잔구간,0.98,0.64,2026-09-28
CLYM,0.5,11.74,811300,1702213,9.52,24.8,0.4,-0.8,1.5,중립,양봉,잔구간,0.65,0.44,2026-09-28
RWT,0.5,3.69,3190200,6623537,11.77,29.59,0.4,-0.5,-0.3,중립,팽이도지,잔구간,0.33,-0.1,2026-09-28
TARA,0.5,3.25,431134,809154,1.4,5.05,0.3,-0.3,-0.6,중립,팽이도지,잔구간,0.31,-0.115,2026-09-28
CCXI,0.5,12.05,990472,1971308,11.94,30.9,0.4,-1.9,-1.2,중립,음봉,잔구간,0.04,-0.625,2026-09-28
ELMT,0.5,18.64,396383,760063,7.39,48.9,0.2,-2.1,-3.1,매도주의,음봉,전저점이탈,0.2,-1.81,2026-09-28
VITL,0.5,9.67,1257739,2296960,12.16,24.52,0.5,-1.1,-1.7,매도주의,음봉,전저점이탈,0.21,-1.8,2026-09-28
LDI,0.5,0.61,3157906,6635666,1.93,5.93,0.3,-1.5,-7.6,강한매도,장대음봉,전저점이탈,0.0,-3.35,2026-09-28
LFST,0.5,11.84,3043438,5935631,36.03,86.68,0.4,-0.6,0.6,중립,위꼬리양봉,잔구간,0.48,-0.51,2026-09-28
VNCE,0.5,10.82,335561,628637,3.63,8.56,0.4,-3.7,-2.3,중립,팽이도지,잔구간,0.4,-0.06,2026-09-28
EU,0.5,1.2,4148455,7731422,4.98,14.52,0.3,-1.2,-2.0,중립,음봉,잔구간,0.12,-0.58,2026-09-28
BABX,0.5,16.63,478672,888415,7.96,13.62,0.6,-0.2,-1.5,매도주의,장대음봉,잔구간,0.0,-1.3,2026-09-28
SECZ,0.5,16.63,4356750,8124488,72.45,91.66,0.8,0.3,3.9,중립,양봉,전고점부근,0.74,0.54,2026-09-28
ALKT,0.5,13.39,1749861,3386440,23.43,42.46,0.6,-1.4,-1.5,매도주의,음봉,전저점이탈,0.1,-1.93,2026-09-28
AQST,0.5,4.75,1276835,2468930,6.06,11.1,0.5,-0.9,2.4,강한매수,양봉,완만한상승,0.88,2.06,2026-09-28
JANX,0.5,16.58,473051,937908,7.84,18.2,0.4,1.7,0.1,매수관심,팽이도지,완만한상승,0.67,1.1,2026-09-28
SION,0.5,5.12,775817,1681715,3.97,12.2,0.3,-1.1,-1.0,중립,팽이도지,전저점부근,0.35,0.57,2026-09-28
DC,0.5,6.18,1278348,2376887,7.9,12.86,0.6,-4.4,-2.2,중립,음봉,잔구간,0.1,-0.59,2026-09-28
UNG,0.5,10.79,21732262,44610628,234.49,366.62,0.6,-3.1,0.0,중립,팽이도지,잔구간,0.58,0.05,2026-09-28
CAN,0.5,0.374,4767528,10541141,1.78,5.37,0.3,-1.9,1.0,중립,양봉,잔구간,0.68,0.46,2026-09-28
KARD,0.5,14.78,364855,689372,5.39,21.28,0.3,-1.4,1.3,중립,위꼬리양봉,잔구간,0.29,-0.625,2026-09-28
CRWG,0.5,17.35,1383805,3047071,24.01,49.84,0.5,-3.1,-2.9,중립,음봉,잔구간,0.3,-0.47,2026-09-28
RYLD,0.5,15.5,325129,662381,5.04,9.43,0.5,-0.4,0.1,중립,팽이도지,잔구간,0.4,-0.06,2026-09-28
RXT,0.5,3.79,3041372,6424955,11.53,29.53,0.4,-2.5,-2.1,중립,음봉,잔구간,0.18,-0.54,2026-09-28
PRTH,0.5,7.77,1440025,2807721,11.19,27.67,0.4,0.0,-0.1,중립,음봉,잔구간,0.0,-0.65,2026-09-28
CRMU,0.5,2.265,761682,1614348,1.73,3.35,0.5,-5.0,-0.2,중립,팽이도지,잔구간,0.45,-0.03,2026-09-28
MVST,0.5,0.646,2656845,5424418,1.72,4.58,0.4,-2.0,-4.2,매도주의,장대음봉,잔구간,0.07,-1.26,2026-09-28
VGZ,0.5,2.69,1836743,3804438,4.94,8.05,0.6,-4.7,2.7,중립,양봉,잔구간,0.64,0.435,2026-09-28
RLAY,0.5,17.69,1846400,3654213,32.66,71.45,0.5,-2.1,3.5,매수관심,장대양봉,잔구간,0.77,1.16,2026-09-28
RSI,0.5,19.55,2781271,5696523,54.37,102.85,0.5,0.2,-1.8,중립,음봉,잔구간,0.26,-0.495,2026-09-28
VOR,0.4,18.31,930100,2259033,17.03,38.47,0.4,-0.9,-0.3,중립,팽이도지,잔구간,0.4,-0.06,2026-09-28
TSLZ,0.4,12.07,1277425,3511879,15.42,34.52,0.4,2.1,5.6,강한매수,장대양봉,전고점돌파,0.96,4.05,2026-09-28
SGRY,0.4,14.69,1103798,2537608,16.21,43.26,0.4,-1.5,3.6,강한매수,장대양봉,완만한상승,0.96,3.45,2026-09-28
EIDO,0.4,11.87,381540,1027375,4.53,16.05,0.3,-1.2,0.1,매도주의,위꼬리양봉,전저점이탈,0.42,-1.85,2026-09-28
TASK,0.4,8.1,354176,788756,2.87,4.8,0.6,-2.1,0.9,매수관심,양봉스프링,잔구간,0.83,0.95,2026-09-28
FSOL,0.4,13.92,301055,681128,4.19,8.06,0.5,-1.9,-1.3,중립,음봉,잔구간,0.25,-0.5,2026-09-28
RXRX,0.4,3.7,13058803,30699673,48.32,92.95,0.5,-1.3,0.3,중립,위꼬리양봉,잔구간,0.2,-0.68,2026-09-28
MNKD,0.4,3.35,2077516,5020394,6.96,18.38,0.4,0.0,0.3,중립,팽이도지,잔구간,0.71,0.125,2026-09-28
RKLX,0.4,18.39,1359472,3696877,25.0,54.04,0.5,-1.7,-3.3,중립,음봉,잔구간,0.24,-0.505,2026-09-28
PFSA,0.4,1.69,824883,2200734,1.39,26.28,0.1,-9.2,-14.6,매도주의,장대음봉,잔구간,0.0,-1.3,2026-09-28
NFE,0.4,6.48,322637,805330,2.09,8.17,0.3,-1.2,-3.9,중립,음봉,잔구간,0.57,-0.31,2026-09-28
NEO,0.4,19.29,1299283,2930058,25.06,48.53,0.5,-1.6,1.4,중립,양봉,잔구간,0.49,0.345,2026-09-28
GFR,0.4,5.76,506427,1191712,2.92,9.57,0.3,1.5,-3.4,강한매도,장대음봉,전저점이탈,0.04,-3.3,2026-09-28
JELD,0.3,1.77,685595,2025966,1.21,2.59,0.5,-1.6,-2.2,중립,음봉,잔구간,0.42,-0.4,2026-09-28
BTCT,0.3,1.12,976534,3205209,1.09,7.51,0.1,-2.5,-3.4,매도주의,장대음봉,잔구간,0.15,-1.21,2026-09-28
GLND,0.3,4.49,27602114,97192447,123.93,240.01,0.5,-7.2,-12.6,중립,음봉,잔구간,0.18,-0.54,2026-09-28
NVOX,0.3,9.81,314023,989977,3.08,7.2,0.4,-2.2,1.7,중립,양봉,잔구간,0.67,0.45,2026-09-28
PDSB,0.3,0.766,4042377,13398658,3.1,54.32,0.1,-2.0,-2.0,중립,망치형,잔구간,0.61,0.565,2026-09-28
SVIA,0.3,3.9,967156,2770002,3.77,12.52,0.3,-1.3,0.8,중립,위꼬리양봉,잔구간,0.44,-0.535,2026-09-28
CRML,0.3,7.65,4434811,14135786,33.93,124.09,0.3,-2.4,0.1,중립,팽이도지,잔구간,0.43,-0.04,2026-09-28
GRML,0.2,11.85,9127478,47985715,108.16,507.08,0.2,-5.3,-14.7,매도주의,장대음봉,잔구간,0.19,-1.185,2026-09-28
JAGX,0.2,6.02,1413281,6873355,8.51,131.61,0.1,-9.2,-13.9,매도주의,장대음봉,잔구간,0.15,-1.21,2026-09-28
PAAI,0.2,1.44,893965,5532257,1.29,22.09,0.1,-1.7,-16.3,매도주의,장대음봉,잔구간,0.02,-1.29,2026-09-28
ENGS,0.2,2.96,961749,4814815,2.85,8.26,0.3,0.3,0.3,중립,위꼬리양봉,완만한상승,0.1,-0.58,2026-09-28
DAIC,0.2,3.26,308553,1352724,1.01,65.3,0.0,1.3,0.6,중립,팽이도지,잔구간,0.67,0.1,2026-09-28
WHLR,0.1,4.09,548183,8158836,2.24,62.37,0.0,-16.3,-6.0,중립,음봉,잔구간,0.44,-0.385,2026-09-28
NCPL,0.1,1.08,2932826,38137408,3.17,33.35,0.1,-2.9,-18.2,매도주의,장대음봉,잔구간,0.04,-1.275,2026-09-28
BENF,0.1,1.42,2979451,26426372,4.23,110.9,0.0,-3.4,0.7,중립,팽이도지,잔구간,0.38,-0.07,2026-09-28
