ticker,ratio,latest_close,latest_volume,baseline_volume,dollar_volume_M,avg_dollar_vol_10d_M,dollar_surge_x,signal_gap_%,intraday_chg_%,candle_signal,candle_shape,candle_pos,close_pos,candle_score,latest_date
SCNI,450.0,2.44,41055160,91228,100.17,1.08,93.2,40.4,4.7,중립,팽이도지,전고점부근,0.5,-0.45,2026-09-14
QNME,103.1,0.315,6254625,60647,1.97,0.33,6.0,3.0,0.3,중립,팽이도지,수횡파,0.32,0.38,2026-09-14
HAIN,77.1,0.6,41107908,533012,24.67,0.32,76.2,2.3,-5.3,매도주의,위꼬리음봉,잔구간,0.11,-0.985,2026-09-14
SLGB,73.7,0.341,18137946,246159,6.18,0.18,33.9,1.4,-8.0,중립,음봉,전저점부근,0.18,-0.33,2026-09-14
BDRX,59.5,1.12,6156513,103420,6.9,18.59,0.4,-0.8,-13.2,중립,음봉,잔구간,0.06,-0.615,2026-09-14
WALD,35.1,1.18,2751775,78381,3.25,0.15,21.7,-12.2,2.6,매수관심,양봉스프링,전저점이탈,1.0,1.35,2026-09-14
QCLS,34.1,0.56,10185572,298779,5.7,0.58,9.8,-6.4,-65.0,강한매도,장대음봉,전저점이탈,0.02,-3.33,2026-09-14
LHSW,34.1,0.623,119622896,3511774,74.5,6.21,12.0,15.1,12.3,중립,양봉,잔구간,0.59,0.405,2026-09-14
NSLR,29.7,7.86,4306397,144801,33.85,1.49,22.7,-0.7,-17.6,강한매도,장대음봉,전저점이탈,0.13,-3.19,2026-09-14
NCT,29.0,0.5,221113379,7631178,110.56,11.72,9.4,68.9,-1.2,중립,팽이도지,잔구간,0.62,0.07,2026-09-14
VNCE,23.9,7.65,3711881,155033,28.4,1.13,25.1,5.3,38.6,강한매수,장대양봉,전고점돌파,0.98,4.08,2026-09-14
AIXC,19.0,1.19,3226687,169982,3.84,0.2,19.5,-5.1,39.8,강한매수,장대양봉,전고점돌파,0.97,4.06,2026-09-14
EU,18.9,0.926,47211320,2497342,43.71,3.35,13.0,-0.9,-15.1,매도주의,음봉,전저점이탈,0.49,-1.46,2026-09-14
EDHL,17.1,4.445,2679359,156404,11.91,1.41,8.5,-1.1,1.7,중립,위꼬리양봉,잔구간,0.28,-0.63,2026-09-14
FTFT,16.7,8.04,126774424,7612612,1019.27,38.92,26.2,14.6,143.6,강한매수,장대양봉,전고점돌파,0.77,3.82,2026-09-14
ECX,16.7,1.1,8645845,517757,9.51,0.49,19.2,0.0,2.8,강한매수,양봉,완만한상승,0.83,2.0,2026-09-14
QTRX,15.6,2.5,6095849,389548,15.24,1.28,11.9,-2.3,0.0,중립,팽이도지,잔구간,0.41,-0.055,2026-09-14
SAC,15.0,10.11,1130200,75416,11.43,1.15,9.9,-0.1,0.1,강한매수,장대양봉,완만한상승,1.0,3.5,2026-09-14
TRUG,14.6,0.64,21345890,1461861,13.67,31.22,0.4,-6.4,4.7,매수관심,양봉스프링,잔구간,0.87,0.97,2026-09-14
QNC,13.8,1.91,5816786,421875,11.11,1.14,9.8,-2.9,15.8,중립,양봉,잔구간,0.6,0.41,2026-09-14
WCT,11.7,7.02,650143,55790,4.56,3.16,1.4,-2.8,1.0,중립,팽이도지,잔구간,0.54,0.025,2026-09-14
HLP,11.7,1.51,842371,72008,1.27,0.1,12.3,5.0,18.9,강한매수,양봉,전고점돌파,0.55,2.26,2026-09-14
CRBP,10.7,8.08,8396482,781110,67.84,8.02,8.5,-2.3,1.9,중립,팽이도지,잔구간,0.4,-0.06,2026-09-14
HQ,10.6,10.34,1837763,172788,19.0,3.26,5.8,-3.6,-29.5,강한매도,장대음봉,전저점이탈,0.03,-3.31,2026-09-14
XPON,10.2,4.59,756730,73953,3.47,6.94,0.5,-1.4,-8.2,강한매도,장대음봉,전저점이탈,0.04,-3.3,2026-09-14
DV,9.5,13.52,23385027,2464861,316.17,29.52,10.7,1.8,-1.0,매도주의,장대음봉,전고점돌파,0.07,-1.02,2026-09-14
HITI,9.1,2.63,3940829,433705,10.36,1.09,9.5,0.0,4.0,매수관심,양봉,완만한상승,0.61,1.73,2026-09-14
OIO,9.0,1.97,915226,101607,1.8,0.2,9.0,4.0,-4.8,매도주의,위꼬리음봉,잔구간,0.18,-0.94,2026-09-14
JDZG,8.9,3.68,875168,98718,3.22,0.77,4.2,0.6,4.5,강한매수,양봉스프링,완만한상승,0.97,2.96,2026-09-14
PDSB,8.7,0.399,80847334,9285848,32.27,15.99,2.0,-5.9,43.8,강한매수,장대양봉,완만한상승,0.73,3.18,2026-09-14
ALLT,8.5,8.38,1398173,163918,11.72,1.35,8.7,5.7,5.5,강한매수,장대양봉,전고점돌파,0.77,3.82,2026-09-14
STIM,8.1,2.905,7211473,885239,20.95,2.82,7.4,0.0,-4.1,중립,음봉,잔구간,0.09,-0.595,2026-09-14
RUM,8.1,8.0,25898100,3193126,207.18,28.36,7.3,7.0,4.3,중립,양봉,잔구간,0.38,0.28,2026-09-14
RFIL,8.1,9.05,1312219,161215,11.88,1.71,6.9,-13.9,1.8,매도주의,팽이도지,전저점이탈,0.43,-0.83,2026-09-14
MWC,7.9,1.83,847348,106788,1.55,0.17,9.0,0.7,28.0,강한매수,장대양봉,전고점돌파,1.0,4.1,2026-09-14
PERI,7.7,9.06,2682331,347045,24.3,4.2,5.8,1.0,-2.4,중립,음봉,잔구간,0.53,-0.33,2026-09-14
PTN,7.6,13.36,699549,91752,9.35,2.17,4.3,-0.7,14.0,매수관심,장대양봉,잔구간,0.84,1.205,2026-09-14
RLGT,7.4,8.21,899204,121493,7.38,1.25,5.9,-0.5,1.5,중립,양봉,잔구간,0.45,0.32,2026-09-14
PALD,7.0,10.01,457197,65023,4.58,1.62,2.8,-3.9,-9.3,강한매도,장대음봉,전저점이탈,0.13,-3.19,2026-09-14
ARQQ,7.0,16.29,1483915,211736,24.17,4.93,4.9,-4.1,-15.2,강한매도,장대음봉,전저점이탈,0.07,-3.27,2026-09-14
TPET,6.7,1.94,2044842,303567,3.97,5.0,0.8,13.3,-8.9,중립,음봉,완만한상승,0.12,-0.26,2026-09-14
IVOL,6.6,16.66,555209,84171,9.25,2.29,4.0,-0.6,0.1,중립,팽이도지,전저점이탈,0.48,-0.77,2026-09-14
BMM,6.4,5.68,2228417,349646,12.66,1.9,6.7,20.8,-13.8,매도주의,장대음봉,잔구간,0.07,-1.26,2026-09-14
ISOU,6.2,10.14,536427,85861,5.44,1.16,4.7,-1.2,-3.5,강한매도,장대음봉,전저점이탈,0.3,-2.99,2026-09-14
SKYQ,5.9,3.14,6103644,1042015,19.17,12.21,1.6,12.5,-10.3,매도주의,장대음봉,완만한상승,0.07,-1.62,2026-09-14
DTI,5.8,2.51,624863,107594,1.57,0.36,4.4,0.4,-4.9,강한매도,장대음봉,전저점이탈,0.12,-3.21,2026-09-14
AMOD,5.8,2.18,481497,83724,1.05,1.12,0.9,4.0,-6.4,중립,음봉,잔구간,0.23,-0.51,2026-09-14
ACP,5.8,4.57,2841167,489215,12.98,2.6,5.0,-6.4,0.9,중립,양봉,전저점이탈,0.7,0.19,2026-09-14
BZ,5.8,15.45,42113934,7293259,650.66,125.35,5.2,-2.5,-3.6,강한매도,장대음봉,전저점이탈,0.22,-3.09,2026-09-14
HHS,5.7,4.3,345436,60305,1.49,0.3,4.9,4.4,-1.9,중립,음봉,완만한상승,0.41,0.09,2026-09-14
OFAL,5.5,0.63,3586377,653044,2.26,8.13,0.3,3.5,3.3,중립,양봉,잔구간,0.92,0.6,2026-09-14
LNOK,5.3,14.93,353828,67382,5.28,1.38,3.8,-19.4,-8.2,강한매도,장대음봉,전저점이탈,0.0,-3.35,2026-09-14
RWT,5.3,3.83,10143575,1899282,38.85,31.31,1.2,-0.6,8.5,매수관심,장대양봉,잔구간,0.97,1.28,2026-09-14
ACVA,5.2,10.41,18685189,3595856,194.51,151.79,1.3,0.1,-0.1,강한매도,위꼬리음봉,전고점부근,0.0,-3.55,2026-09-14
TSI,5.2,4.25,439178,84477,1.87,0.49,3.8,0.2,-2.3,매도주의,음봉,전저점이탈,0.36,-1.62,2026-09-14
VRA,5.2,3.04,537533,103706,1.63,0.33,5.0,2.2,-5.3,중립,음봉,전저점부근,0.5,0.05,2026-09-14
BSCZ,5.2,19.665,447044,85533,8.79,1.91,4.6,-0.1,0.0,매도주의,팽이도지,전저점이탈,0.32,-0.97,2026-09-14
ZUMZ,5.1,14.38,856140,166664,12.31,5.27,2.3,-1.4,0.3,매수관심,양봉스프링,잔구간,0.82,0.94,2026-09-14
GTBP,5.0,11.63,524297,104272,6.1,0.78,7.8,0.9,33.8,강한매수,장대양봉,전고점돌파,0.89,3.97,2026-09-14
PLAY,4.6,8.47,8285975,1805239,70.18,15.75,4.5,-0.4,4.4,매수관심,장대양봉,잔구간,0.91,1.245,2026-09-14
XRPN,4.5,10.55,320908,71407,3.39,1.15,2.9,0.0,0.0,중립,팽이도지,완만한상승,0.33,0.7,2026-09-14
CODA,4.5,10.73,413014,92357,4.43,0.96,4.6,-1.2,8.4,강한매수,장대양봉,전고점돌파,0.8,3.86,2026-09-14
NHS,4.4,5.79,477266,109039,2.76,0.76,3.6,0.0,-1.0,매도주의,음봉,전저점이탈,0.4,-1.57,2026-09-14
NTWO,4.4,10.93,529958,120333,5.79,2.1,2.8,0.2,0.1,중립,팽이도지,완만한상승,0.38,0.76,2026-09-14
PHK,4.1,4.34,2887446,701662,12.53,3.66,3.4,-0.2,-0.2,강한매수,망치형,전저점부근,0.6,2.87,2026-09-14
TRX,4.1,1.29,7926737,1916028,10.23,2.84,3.6,-2.7,17.3,강한매수,장대양봉,전고점돌파,0.95,4.04,2026-09-14
SRFM,4.1,0.482,6556203,1615393,3.16,1.03,3.1,2.2,-7.3,매도주의,음봉,전저점이탈,0.34,-1.64,2026-09-14
HCAI,4.0,1.855,1097899,271445,2.04,1.21,1.7,0.0,-17.2,강한매도,장대음봉,전저점이탈,0.2,-3.11,2026-09-14
BSM,4.0,14.9,884745,223084,13.18,4.22,3.1,-0.3,-0.3,매도주의,위꼬리음봉,잔구간,0.0,-1.05,2026-09-14
PTY,3.9,11.24,3615018,927465,40.63,13.29,3.1,-0.6,-1.1,강한매도,장대음봉,전저점이탈,0.28,-3.01,2026-09-14
LXEO,3.8,4.21,1263660,335576,5.32,2.39,2.2,1.4,-2.3,중립,음봉,전저점부근,0.17,-0.35,2026-09-14
NOA,3.8,12.92,331774,88211,4.29,1.98,2.2,-0.1,-4.2,강한매도,장대음봉,전저점이탈,0.0,-3.35,2026-09-14
PNI,3.8,6.49,337529,89780,2.19,0.55,4.0,0.5,-1.1,매도주의,음봉,전저점이탈,0.15,-1.87,2026-09-14
AXG,3.7,2.04,793549,213674,1.62,0.34,4.8,-0.5,-3.8,중립,팽이도지,잔구간,0.31,-0.115,2026-09-14
RENT,3.7,1.93,829490,223325,1.6,0.5,3.2,0.8,-21.9,강한매도,장대음봉,전저점이탈,0.12,-3.21,2026-09-14
BCAT,3.7,14.7,1882623,505388,27.67,15.14,1.8,-1.4,0.7,중립,양봉,잔구간,0.84,0.555,2026-09-14
VGZ,3.6,2.17,2530250,704993,5.49,1.88,2.9,-2.3,2.4,강한매수,양봉,완만한상승,0.83,2.0,2026-09-14
PDM,3.5,9.2,3632611,1038676,33.42,11.44,2.9,-6.0,2.2,중립,양봉,전저점이탈,0.71,0.2,2026-09-14
CRDF,3.5,1.31,2101199,600772,2.75,0.66,4.2,1.7,6.5,강한매수,장대양봉,전고점돌파,0.78,3.84,2026-09-14
AQN,3.5,5.35,12268973,3456586,65.64,22.77,2.9,0.2,0.6,매수관심,양봉스프링,잔구간,0.79,0.925,2026-09-14
FAX,3.4,14.03,311930,90550,4.38,1.52,2.9,-0.4,-2.3,강한매도,장대음봉,전저점이탈,0.25,-3.05,2026-09-14
HGTY,3.4,13.93,566982,164971,7.9,12.35,0.6,0.1,2.7,강한매수,장대양봉,전고점부근,0.95,2.09,2026-09-14
TSHA,3.4,5.01,6695933,1994678,33.55,11.04,3.0,-0.4,0.2,중립,위꼬리양봉,잔구간,0.21,-0.675,2026-09-14
MLCO,3.4,4.81,4664341,1381371,22.44,8.34,2.7,-1.0,-3.8,강한매도,장대음봉,전저점이탈,0.15,-3.17,2026-09-14
INSE,3.3,5.19,313995,94350,1.63,0.81,2.0,-0.6,2.4,중립,양봉,잔구간,0.98,0.64,2026-09-14
KLXE,3.3,1.49,1938488,585517,2.89,1.11,2.6,-0.6,-2.6,매도주의,음봉,전저점이탈,0.42,-1.55,2026-09-14
GLWG,3.3,11.71,2633649,802712,30.84,10.04,3.1,-19.3,-10.1,매도주의,장대음봉,잔구간,0.06,-1.265,2026-09-14
CODI,3.3,11.31,1504685,459256,17.02,5.93,2.9,-0.3,3.0,매수관심,장대양봉,잔구간,0.93,1.26,2026-09-14
PLTZ,3.3,9.35,8038646,2451196,75.16,39.96,1.9,-3.0,-4.4,중립,음봉,잔구간,0.14,-0.565,2026-09-14
AVX,3.2,3.84,357492,111429,1.37,0.36,3.8,0.0,-2.3,중립,음봉,수횡파,0.41,-0.21,2026-09-14
VERI,3.2,1.15,7441061,2304646,8.56,2.15,4.0,-0.5,11.1,강한매수,양봉,전고점돌파,0.85,2.62,2026-09-14
TSLX,3.2,18.25,762204,240215,13.91,5.73,2.4,0.4,1.6,강한매수,장대양봉,완만한상승,0.91,3.39,2026-09-14
BFRI,3.2,1.36,2370686,738659,3.22,1.26,2.6,1.3,-13.4,매도주의,장대음봉,전저점부근,0.02,-1.83,2026-09-14
NGL,3.2,17.29,385985,120138,6.67,3.64,1.8,-1.1,-0.5,매도주의,팽이도지,전저점이탈,0.33,-0.95,2026-09-14
BIT,3.0,11.62,781535,261419,9.08,3.33,2.7,0.0,-0.9,강한매도,장대음봉,전저점이탈,0.0,-3.35,2026-09-14
BHC,3.0,5.92,5204178,1745441,30.81,16.39,1.9,1.2,-0.2,중립,팽이도지,잔구간,0.39,-0.065,2026-09-14
IPWR,3.0,4.35,363136,119454,1.58,0.56,2.8,-2.3,-7.1,매도주의,음봉,전저점이탈,0.17,-1.85,2026-09-14
CRF,3.0,6.34,2834119,958202,17.97,8.63,2.1,-0.3,-0.2,중립,망치형,잔구간,0.82,0.69,2026-09-14
FIP,3.0,3.0,2867644,959344,8.6,3.39,2.5,-1.2,-8.3,강한매도,장대음봉,전저점이탈,0.06,-3.28,2026-09-14
QDEL,3.0,11.12,2812402,925938,31.27,13.02,2.4,-0.6,-5.0,강한매도,장대음봉,전저점이탈,0.1,-3.23,2026-09-14
THRY,2.9,1.99,1802538,617360,3.59,1.28,2.8,7.3,3.6,중립,위꼬리양봉,잔구간,0.3,-0.62,2026-09-14
SMUP,2.9,3.84,714219,247820,2.74,0.96,2.8,-6.1,4.1,매수관심,양봉,전저점부근,0.5,1.45,2026-09-14
MSFD,2.9,10.18,2949277,1007958,30.02,12.63,2.4,-0.1,-1.8,매도주의,장대음봉,잔구간,0.27,-1.14,2026-09-14
FPSX,2.9,2.63,623463,212860,1.64,0.6,2.8,-11.7,-8.4,중립,음봉,전저점부근,0.37,-0.11,2026-09-14
PCN,2.9,11.22,923209,318366,10.36,4.31,2.4,-0.4,-1.1,강한매도,장대음봉,전저점이탈,0.13,-3.19,2026-09-14
IMPP,2.8,5.95,1334588,468726,7.94,3.01,2.6,2.9,-0.2,강한매수,망치형,전고점돌파,0.78,2.84,2026-09-14
ACRE,2.8,4.34,623715,225224,2.71,1.19,2.3,0.2,0.2,중립,팽이도지,잔구간,0.52,0.01,2026-09-14
IMDX,2.8,4.02,526826,186167,2.12,0.65,3.3,-2.9,-1.5,중립,팽이도지,수횡파,0.35,0.42,2026-09-14
CTMX,2.8,3.2,6138690,2154318,19.64,11.83,1.7,1.4,-4.0,강한매도,장대음봉,전저점이탈,0.26,-3.04,2026-09-14
XRPC,2.8,15.53,535801,190886,8.32,3.39,2.5,2.4,4.9,강한매수,장대양봉,완만한상승,0.81,3.27,2026-09-14
IBTL,2.8,19.635,592195,210715,11.63,7.05,1.6,-0.1,-0.1,강한매도,위꼬리음봉,전저점이탈,0.22,-2.59,2026-09-14
SAFX,2.8,0.439,7758999,2766112,3.41,1.14,3.0,2.2,4.7,중립,위꼬리양봉,전고점돌파,0.36,0.33,2026-09-14
LU,2.7,1.3,1332237,495169,1.73,0.84,2.1,0.8,6.6,강한매수,장대양봉,전고점돌파,0.74,3.79,2026-09-14
PDT,2.7,12.01,309283,114173,3.71,1.41,2.6,0.1,-1.1,강한매도,장대음봉,전저점이탈,0.32,-2.97,2026-09-14
PSIG,2.7,2.54,1649891,612080,4.19,1.69,2.5,-6.5,1.6,중립,위꼬리양봉,잔구간,0.12,-0.73,2026-09-14
CLNE,2.7,1.78,3592736,1341022,6.4,2.37,2.7,1.2,7.9,강한매수,장대양봉,전고점돌파,0.87,3.94,2026-09-14
FLWS,2.7,3.06,596361,224503,1.82,0.97,1.9,7.5,-5.6,매도주의,장대음봉,잔구간,0.18,-1.19,2026-09-14
GEVX,2.7,14.73,358295,132695,5.28,2.51,2.1,-15.0,-2.4,매도주의,음봉,전저점이탈,0.29,-1.7,2026-09-14
DHF,2.7,2.27,469276,172996,1.07,0.53,2.0,-0.9,-0.4,강한매도,위꼬리음봉,전저점이탈,0.0,-2.85,2026-09-14
DSU,2.7,9.22,516885,188232,4.77,1.95,2.4,0.2,-1.3,강한매도,장대음봉,전저점이탈,0.04,-3.3,2026-09-14
AVK,2.6,12.06,308366,119151,3.72,1.76,2.1,-0.8,-0.6,매도주의,음봉,전저점이탈,0.26,-1.74,2026-09-14
PAXS,2.6,13.37,530074,200340,7.09,2.88,2.5,-0.9,-1.7,강한매도,장대음봉,전저점이탈,0.08,-3.25,2026-09-14
OFRM,2.6,16.98,640155,243457,10.87,5.13,2.1,1.5,3.3,매수관심,장대양봉,잔구간,0.87,1.22,2026-09-14
TG,2.6,6.72,303379,115905,2.04,0.86,2.4,-1.1,-5.1,매도주의,음봉,전저점이탈,0.45,-1.51,2026-09-14
NOMD,2.6,10.93,2754083,1054307,30.1,13.12,2.3,1.0,-1.4,중립,음봉,전저점부근,0.09,-0.44,2026-09-14
ERY,2.5,8.81,33088397,13007615,291.51,99.0,2.9,-2.8,5.0,강한매수,장대양봉,완만한상승,0.84,3.31,2026-09-14
RCS,2.5,4.9,455127,182381,2.23,0.9,2.5,-0.6,-2.0,중립,음봉,전저점부근,0.27,-0.23,2026-09-14
NUVB,2.5,5.94,10029906,4036925,59.58,28.4,2.1,-2.8,0.7,중립,팽이도지,전저점부근,0.47,0.71,2026-09-14
RC,2.5,1.63,1493520,599120,2.43,1.26,1.9,-0.6,0.0,중립,팽이도지,전저점부근,0.33,0.55,2026-09-14
CNTB,2.5,1.725,2690609,1078397,4.64,3.32,1.4,-12.3,-3.6,강한매수,망치형,전저점부근,0.6,2.87,2026-09-14
CSHR,2.5,5.17,387279,155166,2.0,1.11,1.8,-14.9,13.4,매수관심,장대양봉,잔구간,0.94,1.265,2026-09-14
KROS,2.5,11.21,342164,136309,3.84,1.62,2.4,0.2,1.0,중립,양봉,잔구간,0.64,0.435,2026-09-14
NRXP,2.5,3.49,1205425,483918,4.21,1.63,2.6,-0.9,3.6,매수관심,양봉,완만한상승,0.55,1.66,2026-09-14
PWP,2.5,14.37,2095367,843801,30.11,16.36,1.8,-0.1,-2.8,매도주의,음봉,전저점이탈,0.41,-1.56,2026-09-14
GUTS,2.5,0.612,1964777,797281,1.2,1.27,0.9,-1.4,-3.1,매도주의,음봉,전저점이탈,0.41,-1.56,2026-09-14
IPX,2.4,18.13,476494,199819,8.64,5.1,1.7,-3.7,0.8,중립,팽이도지,전저점이탈,0.65,-0.57,2026-09-14
NTSK,2.4,17.0,13697919,5791905,232.86,92.92,2.5,2.4,13.0,강한매수,장대양봉,전고점돌파,0.82,3.88,2026-09-14
OGG,2.4,2.78,1701466,707162,4.73,2.46,1.9,-1.8,0.0,중립,위꼬리양봉,잔구간,0.13,-0.72,2026-09-14
PDI,2.4,14.43,7049229,2895395,101.72,51.42,2.0,-2.2,-0.1,강한매도,위꼬리음봉,전저점이탈,0.23,-2.57,2026-09-14
OPTT,2.4,2.73,762575,311262,2.08,1.54,1.4,1.1,-15.5,강한매도,장대음봉,전저점이탈,0.36,-2.92,2026-09-14
CLM,2.4,6.52,3984813,1647208,25.98,13.33,1.9,-0.8,-0.2,중립,팽이도지,전저점이탈,0.53,-0.71,2026-09-14
CHRS,2.4,1.43,1274940,539196,1.82,0.92,2.0,0.8,6.7,매수관심,장대양봉,잔구간,1.0,1.3,2026-09-14
MYGN,2.4,3.79,2599405,1080783,9.85,5.8,1.7,0.3,10.5,강한매수,장대양봉,전고점돌파,0.93,4.02,2026-09-14
NAN,2.4,10.4,313377,132740,3.26,1.19,2.7,0.0,-0.7,매도주의,음봉,전저점이탈,0.52,-1.43,2026-09-14
NEWP,2.4,5.87,1598745,675642,9.38,4.07,2.3,-3.1,3.0,중립,양봉,잔구간,0.65,0.44,2026-09-14
MBC,2.4,7.1,3674994,1553449,26.09,15.4,1.7,-2.4,-2.1,매도주의,음봉,전저점이탈,0.14,-1.88,2026-09-14
EVCM,2.4,7.56,414599,171537,3.13,1.25,2.5,4.0,15.2,매수관심,장대양봉,잔구간,0.88,1.23,2026-09-14
GOSS,2.4,10.7,325909,133248,3.49,1.97,1.8,2.1,-2.3,중립,망치형,잔구간,0.62,0.57,2026-09-14
EARN,2.3,4.17,624580,273167,2.6,1.68,1.6,0.0,-3.5,강한매도,장대음봉,전저점이탈,0.11,-3.22,2026-09-14
BIVI,2.3,2.05,630141,279307,1.29,1.0,1.3,-1.6,7.9,강한매수,장대양봉,완만한상승,0.71,3.15,2026-09-14
ERII,2.3,7.09,2016328,866762,14.3,8.71,1.6,-4.9,-1.3,매도주의,음봉,전저점이탈,0.47,-1.49,2026-09-14
CX,2.3,10.45,10948607,4789236,114.41,50.58,2.3,-1.7,-0.6,강한매수,망치형,전저점부근,0.68,2.9699999999999998,2026-09-14
NFJ,2.3,15.27,371108,162034,5.67,2.66,2.1,-2.1,-0.7,매도주의,음봉,전저점이탈,0.5,-1.45,2026-09-14
IBTK,2.3,19.115,539211,236007,10.31,6.43,1.6,-0.1,0.0,중립,팽이도지,전저점부근,0.42,0.65,2026-09-14
IMSR,2.3,4.475,2181185,936811,9.76,6.03,1.6,-1.6,-4.2,매도주의,음봉,전저점이탈,0.19,-1.82,2026-09-14
RXT,2.3,3.49,11982282,5285474,41.82,22.25,1.9,-3.4,12.2,강한매수,장대양봉,완만한상승,0.69,3.13,2026-09-14
SHPU,2.3,13.879,320023,138289,4.44,2.08,2.1,-0.5,8.4,매수관심,장대양봉,잔구간,0.88,1.23,2026-09-14
AIV,2.3,2.37,2581769,1111405,6.12,3.97,1.5,-0.4,-0.8,중립,팽이도지,전저점이탈,0.51,-0.74,2026-09-14
USIO,2.2,2.37,518559,238800,1.23,0.7,1.7,0.4,-3.7,매도주의,음봉,전저점이탈,0.05,-1.99,2026-09-14
TARA,2.2,3.91,735184,336430,2.87,1.38,2.1,0.3,2.1,중립,양봉,잔구간,0.47,0.33,2026-09-14
ACRS,2.2,5.64,5838426,2635774,32.93,12.34,2.7,-0.6,6.6,매수관심,장대양봉,잔구간,0.82,1.19,2026-09-14
AEHL,2.2,6.07,1206673,555740,7.32,51.63,0.1,-19.5,-3.5,매도주의,위꼬리음봉,잔구간,0.05,-1.02,2026-09-14
TUA,2.2,19.5,422403,188815,8.24,5.95,1.4,-0.3,0.0,중립,팽이도지,전저점부근,0.28,0.49,2026-09-14
ARVN,2.2,8.4,1471571,654595,12.36,5.64,2.2,0.5,-1.1,매도주의,위꼬리음봉,전저점부근,0.03,-1.31,2026-09-14
TROO,2.2,2.28,669702,300822,1.53,0.79,1.9,0.5,8.6,강한매수,장대양봉,완만한상승,0.96,3.45,2026-09-14
RPD,2.2,12.79,3998806,1856855,51.14,20.54,2.5,3.0,20.4,강한매수,장대양봉,전고점돌파,0.93,4.02,2026-09-14
OLMA,2.2,10.29,1822830,818579,18.76,8.79,2.1,-2.3,3.0,강한매수,양봉,완만한상승,0.86,2.03,2026-09-14
SLI,2.2,2.09,2160482,964596,4.52,3.66,1.2,-0.9,-5.4,강한매도,장대음봉,전저점이탈,0.18,-3.13,2026-09-14
LEGN,2.2,18.53,3252493,1476828,60.27,35.51,1.7,0.9,-1.4,중립,음봉,전저점부근,0.54,0.1,2026-09-14
ENGS,2.2,2.92,3102309,1389365,9.06,4.37,2.1,-0.7,0.7,매수관심,양봉,완만한상승,0.4,1.48,2026-09-14
PFN,2.2,6.5,996307,446511,6.48,2.99,2.2,-0.3,-1.8,강한매도,장대음봉,전저점이탈,0.11,-3.22,2026-09-14
NFXL,2.2,18.77,1702435,773265,31.95,16.2,2.0,4.2,3.2,중립,양봉,잔구간,0.72,0.48,2026-09-14
DRAL,2.2,9.72,320618,143971,3.12,1.94,1.6,-15.2,1.6,중립,위꼬리양봉,전저점부근,0.42,-0.35,2026-09-14
ALDX,2.1,1.46,1168295,560732,1.71,0.94,1.8,0.7,8.1,매수관심,장대양봉,잔구간,0.79,1.175,2026-09-14
WNC,2.1,12.41,1040270,499076,12.91,9.36,1.4,-3.2,2.1,매수관심,양봉,전저점부근,0.67,1.65,2026-09-14
DOLE,2.1,13.24,1955107,951179,25.89,13.78,1.9,1.3,-1.9,매도주의,음봉,전저점이탈,0.15,-1.87,2026-09-14
XRPZ,2.1,15.89,1114152,537265,17.7,9.0,2.0,2.2,5.2,강한매수,장대양봉,완만한상승,0.8,3.26,2026-09-14
CCXI,2.1,12.0,3531048,1710256,42.37,20.89,2.0,-1.5,-1.1,매도주의,음봉,전저점이탈,0.42,-1.55,2026-09-14
FTMA,2.1,8.705,361402,169297,3.15,1.78,1.8,-0.3,0.1,중립,위꼬리양봉,잔구간,0.25,-0.65,2026-09-14
EDZ,2.1,15.34,349984,170138,5.37,2.13,2.5,7.9,0.3,매수관심,팽이도지,전고점돌파,0.72,1.76,2026-09-14
SSG,2.1,13.14,696076,326916,9.15,4.27,2.1,8.8,-0.2,매수관심,팽이도지,전고점돌파,0.47,1.46,2026-09-14
TNYA,2.1,0.693,3081623,1465143,2.14,1.0,2.1,2.4,5.7,매수관심,장대양봉,잔구간,0.73,1.14,2026-09-14
OBE,2.1,12.49,1549619,737230,19.35,10.18,1.9,4.6,-8.0,매도주의,장대음봉,잔구간,0.18,-1.19,2026-09-14
WULX,2.1,14.27,536066,258583,7.65,4.64,1.6,-16.5,2.1,중립,위꼬리양봉,잔구간,0.21,-0.675,2026-09-14
DNP,2.1,10.26,1197724,559733,12.29,6.99,1.8,-0.1,-2.8,강한매도,장대음봉,전저점이탈,0.01,-3.34,2026-09-14
DBI,2.1,6.53,1660225,778308,10.84,4.27,2.5,-0.3,11.4,강한매수,장대양봉,전고점돌파,0.83,3.9,2026-09-14
MVIS,2.1,1.63,1783653,842204,2.91,1.79,1.6,-3.7,3.2,중립,양봉,잔구간,0.87,0.57,2026-09-14
MORT,2.1,9.29,1769753,846458,16.44,8.46,1.9,-0.3,-0.3,매도주의,팽이도지,전저점이탈,0.26,-1.04,2026-09-14
CONL,2.1,6.29,34484636,16665352,216.91,102.52,2.1,6.8,10.7,매수관심,장대양봉,잔구간,0.86,1.215,2026-09-14
DOUG,2.0,1.74,739616,376168,1.29,0.69,1.9,0.0,0.6,매수관심,양봉스프링,잔구간,1.0,1.05,2026-09-14
FSIG,2.0,18.57,398398,200171,7.4,4.06,1.8,-0.1,-0.2,강한매도,장대음봉,전저점이탈,0.0,-3.35,2026-09-14
CCC,2.0,6.76,22591879,11318280,152.72,62.65,2.4,1.6,-3.4,매도주의,장대음봉,잔구간,0.16,-1.205,2026-09-14
MAIA,2.0,1.39,800151,401989,1.11,0.57,1.9,0.0,6.9,매수관심,장대양봉,잔구간,0.9,1.24,2026-09-14
MH,2.0,13.24,880048,434877,11.65,5.18,2.3,4.2,3.1,매수관심,양봉,완만한상승,0.82,1.98,2026-09-14
MLN,2.0,16.685,732803,372816,12.23,7.01,1.7,-0.1,-0.1,중립,음봉,전저점부근,0.12,-0.41,2026-09-14
NKLR,2.0,4.72,424852,209586,2.01,1.42,1.4,-2.2,-5.6,강한매도,장대음봉,전저점이탈,0.02,-3.33,2026-09-14
EGY,2.0,6.27,1994097,984798,12.5,6.59,1.9,0.3,-1.1,중립,음봉,잔구간,0.06,-0.615,2026-09-14
EVH,2.0,4.1,3494514,1756920,14.33,8.69,1.6,-0.2,-1.9,중립,음봉,잔구간,0.26,-0.495,2026-09-14
DBRG,2.0,15.91,4451060,2215132,70.82,63.44,1.1,0.0,0.1,중립,위꼬리양봉,잔구간,0.25,-0.65,2026-09-14
BNC,2.0,5.27,5575179,2805260,29.38,43.06,0.7,4.8,4.8,강한매수,양봉,완만한상승,0.91,2.09,2026-09-14
PESI,2.0,18.28,362986,184016,6.64,3.71,1.8,-1.6,-1.0,중립,음봉,잔구간,0.57,-0.31,2026-09-14
OSPN,2.0,17.52,690453,349547,12.1,5.59,2.2,1.9,2.0,강한매수,양봉,전고점돌파,0.58,2.3,2026-09-14
SPRY,2.0,4.5,2166833,1087353,9.75,7.29,1.3,0.8,-6.2,강한매도,장대음봉,전저점이탈,0.1,-3.23,2026-09-14
UNHG,2.0,18.822,897562,439903,16.89,9.72,1.7,2.0,1.5,중립,양봉,잔구간,0.48,0.34,2026-09-14
ACDC,2.0,4.88,1543883,774814,7.53,5.22,1.4,-0.8,-5.6,매도주의,장대음봉,잔구간,0.24,-1.155,2026-09-14
STLN,2.0,6.52,1504218,735456,9.81,5.7,1.7,-0.2,5.8,매수관심,장대양봉,전고점부근,0.69,1.78,2026-09-14
PAYO,2.0,7.14,4375537,2160266,31.24,16.18,1.9,-0.1,0.4,강한매수,장대양봉,완만한상승,0.75,3.2,2026-09-14
NVDG,2.0,17.97,371610,187864,6.68,4.68,1.4,-6.7,-0.2,중립,팽이도지,전저점이탈,0.53,-0.71,2026-09-14
ATEC,2.0,10.86,4175655,2118763,45.35,21.25,2.1,-0.9,3.5,강한매수,양봉,전고점돌파,0.73,2.48,2026-09-14
PDO,2.0,12.02,2082698,1064123,25.03,12.8,2.0,-0.6,-2.1,강한매도,장대음봉,전저점이탈,0.16,-3.16,2026-09-14
PFL,2.0,7.21,351723,173969,2.54,1.43,1.8,-0.4,-1.2,강한매도,장대음봉,전저점이탈,0.1,-3.23,2026-09-14
PMVP,2.0,1.46,1109786,557837,1.62,1.64,1.0,1.4,2.8,매수관심,양봉,완만한상승,0.7,1.84,2026-09-14
KARD,2.0,19.05,806572,399631,15.37,6.81,2.3,0.4,2.5,중립,양봉,잔구간,0.79,0.525,2026-09-14
KTF,2.0,8.4,362831,182305,3.05,1.64,1.9,-0.2,-0.5,강한매도,장대음봉,전저점이탈,0.2,-3.11,2026-09-14
OSUR,2.0,3.37,765965,383663,2.58,1.37,1.9,0.0,3.7,매수관심,장대양봉,잔구간,0.94,1.265,2026-09-14
NWG,2.0,18.47,4717450,2320763,87.13,50.02,1.7,-1.3,-0.9,중립,음봉,잔구간,0.61,-0.285,2026-09-14
ECAT,2.0,14.47,1082363,535930,15.66,8.67,1.8,-0.2,-1.6,강한매도,장대음봉,전저점이탈,0.36,-2.92,2026-09-14
FTRE,2.0,17.41,1995383,1008602,34.74,19.87,1.7,0.1,1.1,매수관심,양봉,완만한상승,0.62,1.74,2026-09-14
OPTX,1.9,6.78,316190,170147,2.14,1.52,1.4,-3.0,-1.6,매도주의,팽이도지,전저점이탈,0.36,-0.92,2026-09-14
RPAY,1.9,3.7,619687,332739,2.29,1.54,1.5,0.3,3.6,강한매수,장대양봉,완만한상승,0.94,3.43,2026-09-14
SLS,1.9,11.725,10542378,5641629,123.61,93.38,1.3,-5.5,7.5,중립,양봉,잔구간,0.63,0.43,2026-09-14
SSMR,1.9,16.62,579605,305399,9.63,4.99,1.9,-2.8,1.0,중립,위꼬리양봉,전저점부근,0.4,-0.37,2026-09-14
PMI,1.9,6.26,588934,314430,3.69,4.2,0.9,3.4,13.6,강한매수,장대양봉,전고점돌파,0.84,3.91,2026-09-14
PML,1.9,6.92,820359,440573,5.68,2.97,1.9,-0.6,-0.7,강한매도,장대음봉,전저점이탈,0.12,-3.21,2026-09-14
URG,1.9,1.25,9177575,4745967,11.47,6.49,1.8,-2.3,-0.8,중립,망치형,전저점이탈,0.6,0.37,2026-09-14
THM,1.9,2.33,967616,516666,2.25,1.49,1.5,-3.3,0.4,매도주의,팽이도지,전저점이탈,0.39,-0.88,2026-09-14
TPVG,1.9,5.17,398855,214088,2.06,1.17,1.8,0.6,-0.4,매도주의,위꼬리음봉,잔구간,0.08,-1.0,2026-09-14
TLX,1.9,11.78,630490,337092,7.43,3.0,2.5,8.1,-3.4,매도주의,장대음봉,완만한상승,0.2,-1.46,2026-09-14
ALMU,1.9,12.54,591749,305708,7.42,4.91,1.5,-4.0,-2.6,중립,음봉,잔구간,0.46,-0.375,2026-09-14
SAIL,1.9,19.88,9728561,5141607,193.4,76.22,2.5,6.1,8.6,강한매수,장대양봉,전고점돌파,0.84,3.91,2026-09-14
WTI,1.9,4.0,6000130,3111776,24.0,12.52,1.9,2.4,-5.0,매도주의,장대음봉,잔구간,0.04,-1.275,2026-09-14
VISN,1.9,6.465,10475523,5607373,67.72,63.93,1.1,-1.2,1.0,중립,위꼬리양봉,잔구간,0.23,-0.66,2026-09-14
IOVA,1.9,9.26,21037139,11254625,194.8,89.81,2.2,-0.5,8.2,강한매수,장대양봉,전고점돌파,0.83,3.9,2026-09-14
IVVD,1.9,0.892,3801561,2024813,3.39,3.39,1.0,4.4,8.8,강한매수,양봉,전고점돌파,0.67,2.4,2026-09-14
INV,1.9,0.85,5146854,2671031,4.38,4.0,1.1,-1.9,-7.4,강한매도,장대음봉,전저점이탈,0.19,-3.12,2026-09-14
LFMD,1.9,3.44,1890943,983077,6.5,2.51,2.6,0.3,12.4,강한매수,장대양봉,전고점돌파,0.85,3.92,2026-09-14
NEXN,1.9,9.36,741722,389359,6.94,4.26,1.6,1.2,1.0,중립,양봉,잔구간,0.73,0.49,2026-09-14
BBNX,1.9,16.73,1805542,929272,30.21,16.7,1.8,-6.3,7.8,중립,양봉,잔구간,0.58,0.4,2026-09-14
NKX,1.9,11.57,338802,174509,3.92,1.98,2.0,-0.1,-1.2,매도주의,음봉,전저점이탈,0.46,-1.5,2026-09-14
FF,1.9,5.48,555279,289899,3.04,1.94,1.6,0.4,-0.2,매수관심,팽이도지,완만한상승,0.5,0.9,2026-09-14
BV,1.9,11.25,1671136,873019,18.8,9.19,2.0,1.4,-0.9,강한매수,망치형,완만한상승,0.68,2.12,2026-09-14
EIDO,1.9,12.92,1911975,983870,24.7,16.29,1.5,1.1,0.2,중립,양봉,잔구간,0.43,0.31,2026-09-14
FDMT,1.9,13.76,977246,517918,13.45,10.83,1.2,3.6,0.9,중립,팽이도지,잔구간,0.44,-0.035,2026-09-14
BTCZ,1.9,3.39,26134672,13889915,88.6,53.56,1.7,-0.7,-3.7,매도주의,장대음봉,잔구간,0.24,-1.155,2026-09-14
CSQR,1.9,17.31,1992872,1051576,34.5,18.57,1.9,-0.2,-0.5,중립,망치형,잔구간,0.68,0.61,2026-09-14
CTNM,1.9,14.82,608393,318482,9.02,5.04,1.8,0.5,-0.5,매도주의,위꼬리음봉,잔구간,0.1,-0.99,2026-09-14
DSL,1.9,10.35,740972,394582,7.67,5.69,1.3,-0.5,0.0,중립,팽이도지,전저점이탈,0.53,-0.71,2026-09-14
ABAT,1.9,2.36,5034949,2629418,11.88,8.48,1.4,-2.6,-1.9,매도주의,음봉,전저점이탈,0.36,-1.62,2026-09-14
KSCP,1.8,1.34,1151968,654130,1.54,0.94,1.6,5.5,-6.3,매도주의,장대음봉,잔구간,0.18,-1.19,2026-09-14
KORU,1.8,18.57,39223766,22172777,728.39,434.1,1.7,-16.0,-4.2,매도주의,음봉,전저점이탈,0.15,-1.87,2026-09-14
LABX,1.8,8.13,2566522,1411715,20.87,10.9,1.9,-14.1,-10.6,강한매도,장대음봉,전저점이탈,0.03,-3.31,2026-09-14
IQMX,1.8,9.82,402921,223738,3.96,3.48,1.1,-0.8,-4.1,강한매도,장대음봉,전저점이탈,0.02,-3.33,2026-09-14
HLMN,1.8,7.21,3339413,1823543,24.08,11.82,2.0,3.7,-0.4,강한매수,망치형,완만한상승,0.74,2.19,2026-09-14
CRWG,1.8,16.81,1935076,1083660,32.53,21.96,1.5,-14.4,0.9,중립,위꼬리양봉,잔구간,0.23,-0.66,2026-09-14
BRSP,1.8,4.43,1966913,1074635,8.71,5.68,1.5,-0.2,-0.2,중립,팽이도지,전저점부근,0.43,0.67,2026-09-14
MAX,1.8,11.6,1126055,631787,13.06,6.79,1.9,0.0,-0.4,매도주의,위꼬리음봉,잔구간,0.08,-1.0,2026-09-14
UUUG,1.8,3.335,409270,230729,1.36,1.23,1.1,-6.9,-2.5,매도주의,음봉,전저점이탈,0.5,-1.45,2026-09-14
LODE,1.8,2.68,1525996,866460,4.09,2.89,1.4,-1.4,-3.6,강한매도,장대음봉,전저점이탈,0.08,-3.25,2026-09-14
PNNT,1.8,3.6,826870,461628,2.98,2.19,1.4,-0.6,1.1,매수관심,양봉,완만한상승,0.67,1.8,2026-09-14
BSIN,1.8,1.65,1070331,606457,1.77,1.14,1.6,1.3,3.8,강한매수,장대양봉,전고점부근,1.0,2.15,2026-09-14
NVDY,1.8,12.02,3131089,1772037,37.64,28.71,1.3,-2.6,-0.2,중립,팽이도지,전저점이탈,0.55,-0.69,2026-09-14
DSGN,1.8,13.52,1256897,684118,16.99,9.96,1.7,0.5,-8.1,강한매도,장대음봉,전저점이탈,0.07,-3.27,2026-09-14
ONDS,1.8,7.23,84277070,47788323,609.32,423.66,1.4,-3.3,3.4,중립,양봉,잔구간,0.5,0.35,2026-09-14
RILY,1.8,6.24,742724,411003,4.63,3.06,1.5,-0.9,-4.6,강한매도,장대음봉,전저점이탈,0.17,-3.15,2026-09-14
DCTH,1.8,16.44,503416,286116,8.28,5.6,1.5,0.3,3.1,매수관심,장대양봉,잔구간,0.88,1.23,2026-09-14
SKYX,1.8,1.48,1902947,1052686,2.82,1.39,2.0,-0.7,10.4,강한매수,장대양봉,전고점돌파,0.78,3.84,2026-09-14
STXS,1.8,1.33,1028068,557555,1.37,0.68,2.0,-0.8,3.9,강한매수,장대양봉,완만한상승,0.62,3.04,2026-09-14
BMBL,1.8,2.97,3930144,2129129,11.67,6.0,1.9,0.3,-1.0,매도주의,위꼬리음봉,잔구간,0.14,-0.965,2026-09-14
ARIS,1.8,18.68,2234261,1259438,41.74,27.92,1.5,-4.5,0.1,중립,팽이도지,전저점이탈,0.72,-0.49,2026-09-14
HAPN,1.7,16.71,1701131,1006085,28.43,18.0,1.6,-0.8,0.3,중립,위꼬리양봉,잔구간,0.39,-0.565,2026-09-14
SRXH,1.7,1.68,881223,511822,1.48,0.97,1.5,-0.6,6.3,강한매수,장대양봉,전고점돌파,0.86,3.93,2026-09-14
ARR,1.7,15.5,5903631,3541343,91.51,57.86,1.6,-0.6,-1.3,강한매도,장대음봉,전저점이탈,0.1,-3.23,2026-09-14
EXFY,1.7,2.28,803388,481087,1.83,1.2,1.5,-4.2,10.1,매수관심,장대양봉,잔구간,0.96,1.275,2026-09-14
HCAT,1.7,1.82,831524,492157,1.51,0.77,2.0,0.0,7.1,강한매수,장대양봉,전고점돌파,0.89,3.97,2026-09-14
RBLU,1.7,6.27,800300,466134,5.02,2.02,2.5,8.8,15.3,강한매수,장대양봉,전고점돌파,1.0,4.1,2026-09-14
APLX,1.7,7.2,1958031,1145684,14.1,11.3,1.2,-14.6,1.1,중립,위꼬리양봉,잔구간,0.19,-0.685,2026-09-14
JQC,1.7,4.7,721501,413935,3.39,2.36,1.4,0.6,-0.8,강한매도,장대음봉,전저점이탈,0.0,-3.35,2026-09-14
CCO,1.7,2.38,3456530,2082429,8.23,9.12,0.9,0.4,-0.4,매도주의,장대음봉,완만한상승,0.0,-1.7,2026-09-14
XRP,1.7,16.37,2515986,1453562,41.19,23.86,1.7,2.2,5.3,강한매수,장대양봉,완만한상승,0.82,3.28,2026-09-14
IVR,1.7,6.67,4807332,2786674,32.06,20.48,1.6,-0.1,-1.8,강한매도,장대음봉,전저점이탈,0.18,-3.13,2026-09-14
BRUN,1.7,14.57,2813453,1655541,40.99,34.52,1.2,-5.4,-7.4,강한매도,장대음봉,전저점이탈,0.08,-3.25,2026-09-14
XNDU,1.7,8.02,1962343,1170438,15.74,17.94,0.9,-2.9,-4.2,강한매도,장대음봉,전저점이탈,0.0,-3.35,2026-09-14
GLNK,1.7,10.39,650622,375085,6.76,3.81,1.8,-2.0,3.3,매수관심,장대양봉,잔구간,0.91,1.245,2026-09-14
GDXY,1.7,10.8,1123833,654669,12.14,9.72,1.2,-2.7,0.3,중립,팽이도지,전저점이탈,0.55,-0.69,2026-09-14
SES,1.7,0.614,39334314,23673314,24.14,8.47,2.9,-0.7,16.5,강한매수,장대양봉,전고점돌파,0.94,4.03,2026-09-14
REPL,1.7,13.11,2350708,1424600,30.82,29.58,1.0,-0.2,1.6,중립,위꼬리양봉,잔구간,0.37,-0.58,2026-09-14
DHX,1.7,4.8,398576,232429,1.91,1.26,1.5,-0.7,6.7,매수관심,장대양봉,전고점부근,0.74,1.84,2026-09-14
GRNT,1.7,5.12,2603905,1518108,13.33,8.94,1.5,1.0,-0.8,중립,음봉,완만한상승,0.18,-0.18,2026-09-14
SMRT,1.7,1.16,989673,575527,1.15,0.89,1.3,1.7,-1.7,매도주의,장대음봉,잔구간,0.0,-1.3,2026-09-14
PRTH,1.7,6.005,589629,354123,3.54,2.15,1.6,0.3,0.8,매수관심,팽이도지,완만한상승,0.64,1.07,2026-09-14
MSDL,1.7,14.71,516961,302576,7.6,6.18,1.2,-0.4,0.4,중립,위꼬리양봉,잔구간,0.29,-0.625,2026-09-14
TLS,1.7,4.29,869284,519697,3.73,3.12,1.2,1.3,7.3,매수관심,장대양봉,잔구간,0.83,1.2,2026-09-14
LCTX,1.7,1.07,1840125,1057377,1.97,0.96,2.1,0.0,5.9,매수관심,장대양봉,잔구간,0.86,1.215,2026-09-14
AGPU,1.7,10.76,363586,208193,3.91,2.15,1.8,-4.2,0.6,중립,위꼬리양봉,잔구간,0.06,-0.765,2026-09-14
BGC,1.7,12.16,3748882,2197271,45.59,31.77,1.4,-0.2,0.1,중립,위꼬리양봉,잔구간,0.14,-0.715,2026-09-14
MNTK,1.7,2.215,752133,443767,1.67,1.0,1.7,0.4,-16.4,매도주의,장대음봉,잔구간,0.02,-1.29,2026-09-14
HSDT,1.7,2.31,453266,265199,1.05,0.79,1.3,-0.9,5.0,강한매수,장대양봉,완만한상승,0.9,3.38,2026-09-14
MX,1.7,2.88,496993,296051,1.43,0.93,1.5,-4.7,2.5,중립,양봉,전저점이탈,0.64,0.12,2026-09-14
WRN,1.7,2.33,1882591,1079954,4.39,2.63,1.7,-2.5,-0.9,중립,망치형,전저점이탈,0.67,0.45,2026-09-14
MYI,1.7,10.25,507373,298241,5.2,3.47,1.5,-0.1,-0.7,매도주의,장대음봉,전저점부근,0.0,-1.85,2026-09-14
ALLO,1.6,1.78,7750773,4914809,13.8,9.55,1.4,-0.3,0.3,중립,위꼬리양봉,완만한상승,0.2,-0.46,2026-09-14
TAC,1.6,11.79,3479957,2120964,41.03,26.98,1.5,-0.8,-1.6,매도주의,장대음봉,잔구간,0.28,-1.13,2026-09-14
TNXP,1.6,11.73,454680,276191,5.33,5.07,1.1,-0.8,-0.4,매도주의,위꼬리음봉,전저점부근,0.22,-1.09,2026-09-14
CTKB,1.6,4.83,1165787,729989,5.63,4.03,1.4,0.2,4.5,강한매수,장대양봉,전고점돌파,0.9,3.98,2026-09-14
AKR,1.6,19.82,1927392,1210664,38.2,28.68,1.3,2.0,-1.7,매도주의,장대음봉,잔구간,0.29,-1.125,2026-09-14
AKBA,1.6,0.963,8833018,5531645,8.51,8.11,1.0,0.0,1.1,매수관심,팽이도지,완만한상승,0.51,0.91,2026-09-14
MRLN,1.6,3.04,1431957,883699,4.35,3.95,1.1,-1.3,3.4,중립,양봉,잔구간,0.49,0.345,2026-09-14
TIMB,1.6,19.12,719962,455598,13.77,9.21,1.5,-2.0,3.3,강한매수,장대양봉,완만한상승,0.88,3.36,2026-09-14
USOY,1.6,7.85,697794,437710,5.48,2.85,1.9,2.3,-1.0,중립,음봉,완만한상승,0.35,0.02,2026-09-14
IART,1.6,15.71,1141852,733470,17.94,12.18,1.5,-0.9,2.3,매수관심,장대양봉,잔구간,0.8,1.18,2026-09-14
COHH,1.6,4.88,1445999,904266,7.06,5.14,1.4,-13.7,-13.3,매도주의,장대음봉,잔구간,0.05,-1.27,2026-09-14
INIO,1.6,17.45,5497896,3412237,95.94,81.81,1.2,-5.5,-9.3,강한매도,장대음봉,전저점이탈,0.0,-3.35,2026-09-14
KVUE,1.6,17.91,40652820,25672702,728.09,509.57,1.4,0.7,0.0,중립,위꼬리양봉,잔구간,0.12,-0.73,2026-09-14
KOS,1.6,2.92,16273605,10261312,47.52,30.76,1.5,3.3,-6.4,매도주의,장대음봉,잔구간,0.12,-1.23,2026-09-14
VRRM,1.6,3.63,8650104,5418131,31.4,18.7,1.7,-0.8,3.1,매수관심,장대양봉,잔구간,0.83,1.2,2026-09-14
IPSC,1.6,2.0,507602,324996,1.02,0.8,1.3,1.0,2.0,중립,양봉,잔구간,0.85,0.56,2026-09-14
WSC,1.6,18.48,2902084,1791510,53.63,49.54,1.1,-2.6,1.7,중립,양봉,전저점이탈,0.87,0.39,2026-09-14
MLTX,1.6,12.68,2332076,1446787,29.57,17.9,1.7,0.4,1.0,중립,팽이도지,잔구간,0.59,0.055,2026-09-14
LION,1.6,11.63,3337254,2116043,38.81,25.29,1.5,0.2,3.0,강한매수,장대양봉,전고점돌파,0.79,3.85,2026-09-14
IAG,1.6,19.79,5141224,3142644,101.74,76.16,1.3,-3.3,1.0,중립,양봉,잔구간,0.5,0.35,2026-09-14
LTBR,1.6,6.66,852227,547836,5.68,4.23,1.3,-1.7,-3.5,강한매도,장대음봉,전저점이탈,0.07,-3.27,2026-09-14
HTZ,1.6,1.97,18025080,11168736,35.51,32.36,1.1,-1.5,-2.0,매도주의,음봉,전저점이탈,0.33,-1.65,2026-09-14
LCID,1.6,4.16,15909963,9833685,66.19,46.35,1.4,-1.7,0.2,중립,팽이도지,잔구간,0.62,0.07,2026-09-14
BW,1.6,7.03,5824698,3570782,40.95,33.45,1.2,-7.7,-4.1,매도주의,장대음봉,잔구간,0.2,-1.18,2026-09-14
BXDC,1.6,19.52,1669855,1053918,32.6,22.79,1.4,0.3,-2.2,강한매도,장대음봉,전저점이탈,0.13,-3.19,2026-09-14
OKLL,1.6,9.44,3111329,1903263,29.37,27.55,1.1,-7.9,7.9,매수관심,양봉,전저점부근,0.68,1.67,2026-09-14
OBDC,1.6,11.08,3725285,2399564,41.28,33.3,1.2,-0.2,0.2,매수관심,팽이도지,완만한상승,0.54,0.95,2026-09-14
OMER,1.6,17.46,1691497,1090501,29.53,23.98,1.2,0.1,-4.6,강한매도,장대음봉,전저점이탈,0.05,-3.29,2026-09-14
GENB,1.6,16.0,1533466,973299,24.54,17.98,1.4,0.1,1.7,매수관심,양봉,완만한상승,0.58,1.7,2026-09-14
DOMO,1.6,3.92,2345439,1442805,9.19,4.99,1.8,0.5,1.8,매수관심,양봉,완만한상승,0.57,1.68,2026-09-14
EROC,1.6,11.26,3551892,2247028,39.99,28.01,1.4,-7.1,-4.6,매도주의,장대음봉,잔구간,0.18,-1.19,2026-09-14
RDTL,1.6,14.88,886364,543261,13.19,8.23,1.6,2.1,3.6,중립,양봉,잔구간,0.56,0.385,2026-09-14
NMAX,1.6,11.4,1588841,964731,18.11,12.17,1.5,0.2,-0.1,매도주의,위꼬리음봉,완만한상승,0.18,-0.98,2026-09-14
GLUE,1.6,13.9,1787426,1105338,24.85,14.65,1.7,2.0,-3.1,중립,음봉,수횡파,0.52,-0.08,2026-09-14
NAT,1.6,7.63,6562321,4193202,50.07,32.33,1.5,0.5,1.7,강한매수,양봉,전고점돌파,0.82,2.58,2026-09-14
SOC,1.6,4.82,9311417,5811624,44.88,30.41,1.5,1.0,-7.7,매도주의,장대음봉,잔구간,0.0,-1.3,2026-09-14
SLN,1.6,13.06,1095255,664256,14.3,10.25,1.4,-0.5,0.8,중립,팽이도지,잔구간,0.61,0.065,2026-09-14
GSIT,1.6,4.98,806762,514921,4.02,2.49,1.6,-3.3,0.8,매도주의,팽이도지,전저점이탈,0.4,-0.87,2026-09-14
ALTO,1.6,3.96,1259834,782843,4.99,5.16,1.0,-0.3,1.8,중립,양봉,잔구간,0.47,0.33,2026-09-14
NXE,1.6,9.47,5544219,3392222,52.5,42.14,1.2,-3.0,-0.8,중립,망치형,전저점이탈,0.58,0.35,2026-09-14
FLG,1.6,13.02,4956645,3077925,64.54,47.05,1.4,-0.6,-0.6,매도주의,음봉,전저점이탈,0.1,-1.93,2026-09-14
EVLV,1.6,5.16,3260934,1990091,16.83,9.03,1.9,-0.8,5.1,강한매수,장대양봉,완만한상승,0.85,3.32,2026-09-14
WFCpZ,1.6,17.2,339686,210429,5.84,4.91,1.2,-0.3,-0.3,매도주의,음봉,전저점이탈,0.23,-1.77,2026-09-14
FUBO,1.6,11.87,1700368,1094065,20.18,12.49,1.6,0.3,2.7,매수관심,양봉,완만한상승,0.43,1.52,2026-09-14
FDUS,1.6,19.51,572260,369154,11.16,6.65,1.7,0.0,-0.3,매도주의,위꼬리음봉,잔구간,0.24,-0.905,2026-09-14
PGX,1.6,10.38,6569344,4125924,68.19,47.65,1.4,-0.3,-0.2,중립,음봉,잔구간,0.09,-0.595,2026-09-14
ORIC,1.6,12.65,1618209,1009379,20.47,13.64,1.5,-0.2,5.2,매수관심,장대양봉,잔구간,0.95,1.27,2026-09-14
JBI,1.5,4.56,2836359,1942639,12.93,10.08,1.3,-1.1,0.4,중립,팽이도지,전저점부근,0.4,0.63,2026-09-14
ACI,1.5,12.72,10278253,6910032,130.74,95.31,1.4,-0.1,5.4,강한매수,장대양봉,전고점부근,0.89,2.02,2026-09-14
WDI,1.5,12.22,410230,280615,5.01,3.51,1.4,-0.5,-0.9,매도주의,음봉,전저점이탈,0.1,-1.93,2026-09-14
CHA,1.5,12.51,1868540,1237506,23.38,21.79,1.1,0.3,1.9,중립,양봉,잔구간,0.56,0.385,2026-09-14
WRAP,1.5,1.65,887595,592725,1.46,1.15,1.3,-1.2,-0.6,중립,망치형,잔구간,0.71,0.625,2026-09-14
ETY,1.5,14.15,412210,279611,5.83,4.95,1.2,-0.6,0.3,매수관심,양봉스프링,잔구간,0.93,1.01,2026-09-14
WBTN,1.5,11.18,627489,407406,7.02,4.27,1.6,0.0,3.7,강한매수,양봉,전고점돌파,0.67,2.4,2026-09-14
CERS,1.5,2.55,1349636,895870,3.44,2.99,1.2,-1.2,3.7,매수관심,장대양봉,잔구간,0.83,1.2,2026-09-14
CEPU,1.5,14.0,302314,206506,4.23,3.22,1.3,-1.6,0.6,중립,양봉,잔구간,0.73,0.49,2026-09-14
TSDD,1.5,8.0,12736206,8566261,101.89,60.91,1.7,3.2,0.4,강한매수,양봉스프링,완만한상승,0.8,2.76,2026-09-14
MRAM,1.5,14.73,1080279,698220,15.91,12.07,1.3,-6.0,-3.3,강한매도,장대음봉,전저점이탈,0.11,-3.22,2026-09-14
IA,1.5,18.57,346102,229820,6.43,5.7,1.1,-0.9,-1.7,중립,음봉,잔구간,0.02,-0.64,2026-09-14
LYNX,1.5,13.46,849836,574826,11.44,5.83,2.0,-0.3,6.0,중립,양봉,잔구간,0.81,0.535,2026-09-14
UUUU,1.5,12.34,8837191,6010730,109.05,80.99,1.3,-3.2,-1.6,매도주의,음봉,전저점이탈,0.33,-1.65,2026-09-14
IKT,1.5,2.39,482938,316962,1.15,0.88,1.3,0.0,2.1,중립,양봉,잔구간,0.59,0.405,2026-09-14
IE,1.5,9.66,3274757,2144198,31.63,21.46,1.5,-3.1,-4.2,매도주의,장대음봉,전저점부근,0.15,-1.67,2026-09-14
TALO,1.5,17.66,2100670,1420759,37.1,28.65,1.3,2.1,-2.2,매도주의,장대음봉,잔구간,0.1,-1.24,2026-09-14
CLF,1.5,11.65,13943142,9522630,162.44,130.32,1.2,-1.8,-1.6,중립,음봉,전저점부근,0.24,-0.26,2026-09-14
VXX,1.5,18.23,12630558,8652765,230.26,144.13,1.6,3.1,-2.1,매도주의,장대음봉,완만한상승,0.21,-1.45,2026-09-14
MIST,1.5,0.949,2583438,1693316,2.45,1.64,1.5,1.0,-4.1,매도주의,음봉,전저점이탈,0.1,-1.93,2026-09-14
TIC,1.5,9.43,1383479,941533,13.05,11.14,1.2,-0.2,-1.2,중립,음봉,잔구간,0.18,-0.54,2026-09-14
MUA,1.5,9.78,469668,315926,4.59,3.81,1.2,-0.2,-0.1,중립,망치형,잔구간,0.68,0.61,2026-09-14
AAOG,1.5,1.945,3492066,2378976,6.79,5.49,1.2,-15.6,-2.7,강한매도,위꼬리음봉,전저점이탈,0.02,-2.83,2026-09-14
CLOV,1.5,5.1,5492573,3721600,28.01,16.9,1.7,0.0,5.8,강한매수,장대양봉,전고점돌파,0.77,3.82,2026-09-14
AAOX,1.5,8.78,9224314,6096713,80.99,61.94,1.3,-15.9,-2.2,강한매도,위꼬리음봉,전저점이탈,0.02,-2.83,2026-09-14
MYN,1.5,9.21,528475,356785,4.87,2.59,1.9,-0.4,0.1,중립,팽이도지,잔구간,0.73,0.14,2026-09-14
XMAX,1.5,8.83,827894,558297,7.31,4.88,1.5,0.0,3.3,매수관심,장대양봉,잔구간,0.79,1.175,2026-09-14
ETW,1.5,9.65,380465,255286,3.67,2.81,1.3,-0.5,0.5,중립,양봉,잔구간,0.92,0.6,2026-09-14
ABCL,1.5,11.17,4448175,2925366,49.69,43.02,1.2,-2.1,4.8,강한매수,장대양봉,완만한상승,0.79,3.25,2026-09-14
BSCR,1.5,19.615,774738,522613,15.2,12.94,1.2,0.0,0.0,매수관심,양봉,완만한상승,0.5,1.6,2026-09-14
FVRR,1.5,9.28,637107,416279,5.91,3.92,1.5,0.9,1.9,강한매수,장대양봉,완만한상승,0.92,3.4,2026-09-14
DX,1.5,12.41,6546596,4297272,81.24,60.45,1.3,0.0,-0.9,매도주의,음봉,전저점이탈,0.3,-1.69,2026-09-14
NWGL,1.5,1.21,854106,584955,1.03,1.94,0.5,-0.8,-2.4,매도주의,위꼬리음봉,잔구간,0.0,-1.05,2026-09-14
SAN,1.5,14.74,9659969,6532597,142.39,113.32,1.3,-2.3,0.9,중립,양봉,잔구간,0.74,0.495,2026-09-14
AMPY,1.5,4.81,776329,518765,3.73,2.83,1.3,1.2,-3.6,매도주의,장대음봉,잔구간,0.02,-1.29,2026-09-14
AVXL,1.5,2.6,658133,436174,1.71,1.73,1.0,-0.4,-0.4,매수관심,팽이도지,전저점부근,0.56,0.82,2026-09-14
SVRN,1.5,11.94,424404,283019,5.07,1.61,3.1,-4.5,4.6,매수관심,양봉스프링,잔구간,0.99,1.045,2026-09-14
SPDN,1.5,8.62,43425395,28835872,374.33,277.66,1.3,0.7,-0.2,중립,음봉,완만한상승,0.57,0.28,2026-09-14
SRTA,1.5,5.36,1150105,769732,6.16,4.5,1.4,-1.6,4.9,매수관심,장대양봉,잔구간,0.81,1.185,2026-09-14
NOK,1.5,9.65,125716561,84378695,1213.16,726.02,1.7,-9.8,-3.8,매도주의,장대음봉,잔구간,0.0,-1.3,2026-09-14
RWAY,1.5,6.72,492941,333077,3.31,2.66,1.2,-0.2,1.8,매수관심,장대양봉,잔구간,1.0,1.3,2026-09-14
DXC,1.5,12.12,2754835,1808449,33.39,25.59,1.3,2.8,3.5,강한매수,장대양봉,전고점돌파,0.85,3.92,2026-09-14
ONCY,1.5,0.813,1400449,944435,1.14,0.89,1.3,2.2,6.6,중립,양봉,잔구간,0.6,0.41,2026-09-14
SAFE,1.5,13.85,518180,336352,7.18,4.84,1.5,-1.1,-0.2,매도주의,팽이도지,전저점이탈,0.27,-1.03,2026-09-14
SFIX,1.5,3.09,1975582,1358671,6.1,4.64,1.3,0.0,4.7,매수관심,장대양봉,잔구간,0.94,1.265,2026-09-14
GDYN,1.5,8.23,1432537,983733,11.79,7.37,1.6,1.4,1.7,강한매수,양봉,전고점돌파,0.42,2.1,2026-09-14
GOF,1.5,9.02,3221954,2187371,29.06,25.35,1.1,-1.0,-0.8,매도주의,음봉,전저점이탈,0.51,-1.44,2026-09-14
GEL,1.5,15.43,464429,318312,7.17,4.56,1.6,0.3,-1.3,중립,음봉,전저점부근,0.19,-0.32,2026-09-14
AVPT,1.5,13.6,2202260,1441339,29.95,19.47,1.5,1.3,6.0,매수관심,장대양봉,잔구간,0.9,1.24,2026-09-14
OIS,1.5,8.39,619726,412938,5.2,3.93,1.3,-0.5,-3.0,강한매도,장대음봉,전저점이탈,0.26,-3.04,2026-09-14
ARCC,1.5,19.8,6171297,4138513,122.19,87.19,1.4,0.1,0.3,매수관심,양봉,완만한상승,0.49,1.59,2026-09-14
EVV,1.5,8.68,565165,383744,4.91,2.99,1.6,-0.7,-1.3,강한매도,장대음봉,전저점이탈,0.0,-3.35,2026-09-14
ORC,1.5,6.23,5669952,3685975,35.32,29.79,1.2,-0.3,-1.3,매도주의,음봉,전저점이탈,0.07,-1.97,2026-09-14
GAB,1.5,5.53,907423,608449,5.02,3.5,1.4,0.0,-0.9,강한매도,장대음봉,전저점이탈,0.0,-3.35,2026-09-14
ENOV,1.5,18.22,3083503,2109029,56.18,44.26,1.3,0.1,-5.6,매도주의,장대음봉,잔구간,0.13,-1.22,2026-09-14
FSK,1.5,12.03,2133521,1449168,25.67,17.17,1.5,-0.2,1.3,강한매수,장대양봉,완만한상승,0.9,3.38,2026-09-14
UPXI,1.4,1.1,4064275,2920142,4.47,4.31,1.0,-1.0,6.8,강한매수,장대양봉,전고점돌파,0.89,3.97,2026-09-14
NAGE,1.4,3.04,420757,299352,1.28,1.11,1.1,-0.2,0.2,중립,위꼬리양봉,잔구간,0.14,-0.715,2026-09-14
BPRE,1.4,11.93,992800,696144,11.84,9.2,1.3,-1.1,-0.7,중립,음봉,잔구간,0.14,-0.565,2026-09-14
CATX,1.4,2.92,2024407,1432202,5.91,3.56,1.7,0.0,3.9,강한매수,장대양봉,완만한상승,0.76,3.21,2026-09-14
MTRX,1.4,10.0,540909,383378,5.41,4.62,1.2,-1.4,-4.4,매도주의,장대음봉,잔구간,0.12,-1.23,2026-09-14
TNDM,1.4,16.81,2201456,1591490,37.01,28.11,1.3,0.4,-2.2,매도주의,음봉,전저점이탈,0.21,-1.8,2026-09-14
CTGO,1.4,18.5,423275,292925,7.83,6.34,1.2,-2.3,3.5,중립,양봉,잔구간,0.68,0.46,2026-09-14
TRTX,1.4,7.34,829673,591056,6.09,4.92,1.2,-0.3,-0.8,매도주의,음봉,전저점이탈,0.23,-1.77,2026-09-14
CRON,1.4,3.235,913268,658300,2.95,2.87,1.0,-1.3,4.4,강한매수,장대양봉,완만한상승,0.97,3.46,2026-09-14
IRT,1.4,15.34,4666426,3245632,71.58,59.92,1.2,0.5,0.5,매수관심,양봉스프링,잔구간,0.89,0.985,2026-09-14
COHX,1.4,19.66,1789019,1311336,35.17,23.93,1.5,-13.5,-13.5,매도주의,장대음봉,잔구간,0.05,-1.27,2026-09-14
AAL,1.4,13.1,79763049,58949610,1044.9,797.2,1.3,-2.8,3.6,강한매수,장대양봉,완만한상승,0.78,3.24,2026-09-14
ADMA,1.4,9.14,3067179,2129704,28.03,18.42,1.5,1.2,-2.1,강한매도,장대음봉,전저점이탈,0.24,-3.06,2026-09-14
CLBT,1.4,11.67,3543937,2513648,41.36,26.13,1.6,0.4,3.5,매수관심,장대양봉,잔구간,0.7,1.12,2026-09-14
ADBG,1.4,4.63,3866259,2691567,17.9,15.64,1.1,7.7,2.9,중립,양봉,잔구간,0.95,0.62,2026-09-14
VLY,1.4,13.84,6745225,4665419,93.35,73.22,1.3,0.1,0.1,매수관심,팽이도지,완만한상승,0.46,0.85,2026-09-14
UWMC,1.4,1.33,13021931,9311755,17.32,14.61,1.2,-3.0,1.5,중립,위꼬리양봉,잔구간,0.43,-0.54,2026-09-14
INFY,1.4,11.6,24836047,17389305,288.1,178.06,1.6,2.6,2.1,매수관심,장대양봉,잔구간,0.81,1.185,2026-09-14
COIW,1.4,9.41,323419,231195,3.04,1.71,1.8,2.7,6.6,매수관심,장대양봉,잔구간,0.89,1.235,2026-09-14
UPWK,1.4,8.7,3963331,2783761,34.48,25.21,1.4,1.1,-1.4,중립,음봉,잔구간,0.2,-0.53,2026-09-14
MBLY,1.4,8.16,4696799,3425778,38.33,26.31,1.5,-1.3,0.2,중립,팽이도지,잔구간,0.55,0.03,2026-09-14
MDU,1.4,18.72,2394216,1684563,44.82,33.63,1.3,-0.4,-2.1,강한매도,장대음봉,전저점이탈,0.07,-3.27,2026-09-14
AEG,1.4,9.06,5188376,3603985,47.01,45.7,1.0,0.0,0.0,매수관심,양봉스프링,잔구간,0.76,0.905,2026-09-14
HYT,1.4,8.07,1146822,837587,9.25,7.21,1.3,-0.1,-0.6,강한매도,장대음봉,전저점이탈,0.0,-3.35,2026-09-14
DC,1.4,5.83,1404109,1004087,8.19,6.21,1.3,-2.9,3.4,중립,양봉,잔구간,0.85,0.56,2026-09-14
RMIX,1.4,13.28,496863,352746,6.6,8.28,0.8,-1.2,0.6,매수관심,팽이도지,전저점부근,0.58,0.85,2026-09-14
ECVT,1.4,9.97,1274429,881549,12.71,10.76,1.2,0.0,0.5,매수관심,양봉스프링,잔구간,0.9,0.99,2026-09-14
OMAH,1.4,18.44,1016747,730874,18.75,14.66,1.3,0.1,0.7,강한매수,장대양봉,전고점돌파,0.67,3.7,2026-09-14
SHLS,1.4,7.05,5601153,4099457,39.49,29.0,1.4,-6.4,3.2,중립,양봉,잔구간,0.59,0.405,2026-09-14
NVDQ,1.4,9.615,5759931,4179723,55.38,53.36,1.0,5.8,0.9,강한매수,양봉,전고점돌파,0.48,2.18,2026-09-14
AMBP,1.4,4.78,2092065,1511996,10.0,7.48,1.3,-0.6,-0.6,중립,음봉,잔구간,0.26,-0.495,2026-09-14
SLDB,1.4,8.74,1025185,735649,8.96,7.34,1.2,1.4,-0.9,매도주의,위꼬리음봉,잔구간,0.08,-1.0,2026-09-14
HBNC,1.4,19.78,587414,415313,11.62,8.5,1.4,0.2,-0.2,매도주의,위꼬리음봉,완만한상승,0.24,-0.91,2026-09-14
SMR,1.4,8.51,37099559,25929747,315.72,333.64,0.9,-3.5,2.4,매수관심,양봉,전저점부근,0.49,1.44,2026-09-14
NAVI,1.4,9.78,1691125,1232868,16.54,11.65,1.4,0.3,3.5,매수관심,장대양봉,잔구간,0.94,1.265,2026-09-14
NPKI,1.4,12.97,830360,589860,10.77,9.4,1.1,-2.6,0.5,중립,팽이도지,잔구간,0.65,0.09,2026-09-14
NMRK,1.4,14.2,1948636,1391295,27.67,23.22,1.2,0.1,-1.6,중립,음봉,잔구간,0.19,-0.535,2026-09-14
SKHL,1.4,10.04,2409420,1754294,24.19,15.16,1.6,-15.9,0.6,중립,위꼬리양봉,잔구간,0.2,-0.68,2026-09-14
GDOT,1.4,13.32,390911,271792,5.21,3.32,1.6,0.5,0.0,매수관심,팽이도지,완만한상승,0.73,1.18,2026-09-14
EMAT,1.4,3.33,1227551,847437,4.09,3.42,1.2,-1.3,9.5,매수관심,양봉,완만한상승,0.53,1.64,2026-09-14
OPEN,1.4,2.79,38862829,27473485,108.43,84.4,1.3,-1.8,1.8,중립,위꼬리양봉,잔구간,0.38,-0.57,2026-09-14
PUMP,1.4,10.5,4287893,3107714,45.02,36.42,1.2,-2.4,-6.0,강한매도,장대음봉,전저점이탈,0.13,-3.19,2026-09-14
QPUX,1.4,11.8,330469,241157,3.9,3.28,1.2,-7.0,0.1,매도주의,팽이도지,전저점이탈,0.37,-0.91,2026-09-14
ELPC,1.4,12.36,528531,368098,6.53,5.74,1.1,-3.3,2.4,매수관심,장대양봉,잔구간,0.78,1.17,2026-09-14
ELVA,1.4,6.38,387595,283854,2.47,2.43,1.0,-3.9,3.2,강한매수,장대양봉,전저점부근,0.88,4.21,2026-09-14
FHTX,1.4,4.36,399648,277570,1.74,1.87,0.9,-0.1,-1.2,매도주의,위꼬리음봉,전저점부근,0.13,-1.19,2026-09-14
PD,1.4,14.84,2079520,1488025,30.86,26.71,1.2,1.8,3.4,강한매수,장대양봉,전고점돌파,0.99,4.09,2026-09-14
PTIR,1.4,18.19,4117080,2870561,74.89,57.65,1.3,3.1,4.1,중립,양봉,잔구간,0.87,0.57,2026-09-14
FSCO,1.4,5.2,1056300,775332,5.49,4.25,1.3,0.0,0.0,강한매수,양봉스프링,완만한상승,0.88,2.86,2026-09-14
XHR,1.4,17.65,914966,646533,16.15,13.79,1.2,-0.3,0.4,중립,양봉,잔구간,0.88,0.58,2026-09-14
EVEX,1.4,2.12,1108645,780224,2.35,1.99,1.2,-2.4,2.9,강한매수,장대양봉,완만한상승,0.75,3.2,2026-09-14
ARMG,1.4,15.13,1135115,787833,17.17,10.76,1.6,-17.7,-2.5,매도주의,위꼬리음봉,잔구간,0.07,-1.01,2026-09-14
PMT,1.4,9.05,1695134,1222141,15.34,10.57,1.5,-0.2,-1.1,매도주의,음봉,전저점이탈,0.32,-1.67,2026-09-14
JPC,1.4,7.07,2471142,1729701,17.47,11.86,1.5,-0.6,-0.6,중립,망치형,전저점이탈,0.64,0.42,2026-09-14
WIT,1.4,1.78,13802060,9771142,24.57,20.18,1.2,1.2,4.1,강한매수,장대양봉,완만한상승,1.0,3.5,2026-09-14
XPOF,1.4,3.99,732960,515436,2.92,2.92,1.0,0.0,-2.9,중립,음봉,잔구간,0.54,-0.325,2026-09-14
ACHR,1.4,5.51,29869853,21169710,164.58,117.85,1.4,-3.0,1.8,중립,양봉,잔구간,0.57,0.39,2026-09-14
CIFU,1.3,8.91,814854,633695,7.26,5.65,1.3,-15.7,1.8,중립,위꼬리양봉,잔구간,0.27,-0.64,2026-09-14
YYY,1.3,10.87,446659,336603,4.86,3.8,1.3,0.0,-0.9,강한매도,장대음봉,전저점이탈,0.23,-3.07,2026-09-14
ADAM,1.3,9.02,834021,618948,7.52,7.24,1.0,-0.1,-0.7,중립,음봉,전저점부근,0.46,0.0,2026-09-14
ABSI,1.3,8.09,3004632,2329538,24.31,24.88,1.0,-2.2,0.7,중립,위꼬리양봉,잔구간,0.3,-0.62,2026-09-14
XHLD,1.3,8.92,4920333,3646624,43.89,33.43,1.3,-0.9,-28.2,중립,음봉,전저점부근,0.11,-0.42,2026-09-14
BSCQ,1.3,19.55,1448955,1099675,28.33,27.14,1.0,-0.0,0.0,매도주의,위꼬리양봉,잔구간,0.0,-0.8,2026-09-14
PLTD,1.3,5.2,27928616,22194355,145.23,130.21,1.1,-1.5,-2.3,중립,음봉,잔구간,0.12,-0.58,2026-09-14
PRAA,1.3,19.39,344459,263398,6.68,6.37,1.0,0.0,2.4,강한매수,양봉,완만한상승,0.92,2.1,2026-09-14
PUSA,1.3,3.47,532686,407342,1.85,1.9,1.0,-2.5,-2.8,매도주의,음봉,전저점이탈,0.23,-1.77,2026-09-14
QID,1.3,14.56,40497722,30172373,589.65,457.62,1.3,3.3,-1.6,중립,음봉,완만한상승,0.35,0.02,2026-09-14
QSI,1.3,0.725,1390457,1064308,1.01,1.05,1.0,-1.5,-0.5,매도주의,위꼬리음봉,전저점부근,0.18,-1.13,2026-09-14
RAM,1.3,11.53,12629379,9653001,145.62,117.05,1.2,-14.9,1.1,중립,위꼬리양봉,전저점부근,0.43,-0.33,2026-09-14
FRSH,1.3,12.64,4723554,3563348,59.71,48.79,1.2,5.0,1.2,매수관심,양봉스프링,잔구간,0.87,0.97,2026-09-14
PDBC,1.3,19.78,5580223,4235591,110.38,113.62,1.0,0.8,-0.9,중립,음봉,잔구간,0.26,-0.495,2026-09-14
RCKT,1.3,3.43,1293402,979964,4.44,5.05,0.9,-1.8,4.3,매수관심,장대양봉,잔구간,0.76,1.155,2026-09-14
REI,1.3,1.52,5366592,4270697,8.16,5.64,1.4,1.3,-1.9,중립,음봉,잔구간,0.33,-0.45,2026-09-14
AMZD,1.3,8.64,12673384,9568827,109.5,92.61,1.2,1.5,-0.1,매수관심,팽이도지,완만한상승,0.47,0.86,2026-09-14
PDYN,1.3,5.7,887264,662957,5.06,3.6,1.4,-3.1,2.0,중립,양봉,잔구간,0.4,0.29,2026-09-14
FRNM,1.3,14.96,755694,581818,11.31,14.23,0.8,0.1,4.0,매수관심,장대양봉,잔구간,0.95,1.27,2026-09-14
EPM,1.3,3.71,421116,334488,1.56,1.78,0.9,1.9,-2.1,매도주의,장대음봉,잔구간,0.22,-1.17,2026-09-14
ERIC,1.3,10.05,6954779,5549818,69.9,76.05,0.9,-2.0,-0.5,중립,음봉,잔구간,0.31,-0.465,2026-09-14
EIKN,1.3,9.36,713118,564990,6.67,5.06,1.3,0.1,4.6,매수관심,장대양봉,잔구간,0.84,1.205,2026-09-14
RQI,1.3,11.69,675218,529882,7.89,7.91,1.0,0.3,-1.3,중립,음봉,잔구간,0.01,-0.645,2026-09-14
OCGN,1.3,1.06,6680320,5019308,7.08,10.19,0.7,1.5,2.4,중립,양봉,잔구간,0.86,0.565,2026-09-14
SBH,1.3,16.01,1434163,1131077,22.96,17.66,1.3,0.2,0.1,중립,팽이도지,완만한상승,0.35,0.72,2026-09-14
NVDS,1.3,19.93,323541,247953,6.45,7.18,0.9,4.6,0.3,매수관심,팽이도지,전고점돌파,0.49,1.49,2026-09-14
SBET,1.3,9.15,9260335,7297617,84.73,70.26,1.2,-1.2,4.3,강한매수,장대양봉,완만한상승,0.83,3.3,2026-09-14
GERN,1.3,1.37,12124515,9556214,16.61,16.53,1.0,0.7,0.7,중립,팽이도지,잔구간,0.51,0.005,2026-09-14
GLAS,1.3,8.1,880750,672614,7.13,6.62,1.1,0.9,1.2,중립,양봉,잔구간,0.66,0.445,2026-09-14
SMPL,1.3,9.94,2899981,2228061,28.83,25.43,1.1,2.0,-1.0,매도주의,위꼬리음봉,잔구간,0.23,-0.91,2026-09-14
NMR,1.3,10.73,1101211,878561,11.82,8.09,1.5,-1.1,-0.1,매도주의,위꼬리음봉,잔구간,0.22,-0.92,2026-09-14
SOUN,1.3,6.47,28606557,22094130,185.08,160.28,1.2,-0.2,3.5,중립,양봉,잔구간,0.56,0.385,2026-09-14
STGW,1.3,8.8,1263953,981827,11.12,8.58,1.3,0.6,1.7,강한매수,장대양봉,완만한상승,0.86,3.33,2026-09-14
SVCO,1.3,6.47,332438,259922,2.15,2.04,1.1,-4.3,0.8,중립,팽이도지,잔구간,0.59,0.055,2026-09-14
NRK,1.3,9.97,475225,365138,4.74,3.36,1.4,-0.2,0.5,중립,양봉,잔구간,0.56,0.385,2026-09-14
NRGV,1.3,4.1,4592038,3635495,18.83,14.08,1.3,-5.8,1.0,중립,위꼬리양봉,잔구간,0.34,-0.595,2026-09-14
ALXO,1.3,1.925,879740,686956,1.69,1.47,1.2,2.1,-2.8,매도주의,장대음봉,잔구간,0.15,-1.21,2026-09-14
ATS,1.3,19.43,504064,388541,9.79,6.53,1.5,-2.6,3.8,강한매수,장대양봉,완만한상승,0.91,3.39,2026-09-14
ATOM,1.3,3.93,501741,375247,1.97,1.78,1.1,-5.1,-0.3,매도주의,위꼬리음봉,잔구간,0.12,-0.98,2026-09-14
FNKO,1.3,5.44,1251038,961451,6.81,7.77,0.9,-0.5,0.0,중립,팽이도지,잔구간,0.38,-0.07,2026-09-14
OBX,1.3,18.1,455457,362502,8.24,4.71,1.7,3.3,-1.6,매도주의,위꼬리음봉,완만한상승,0.22,-0.94,2026-09-14
SGRY,1.3,14.04,2162269,1657095,30.36,32.72,0.9,0.4,-2.8,중립,음봉,수횡파,0.03,-0.66,2026-09-14
NWL,1.3,5.77,7932172,6260050,45.77,46.77,1.0,-1.4,0.0,중립,위꼬리양봉,잔구간,0.06,-0.765,2026-09-14
BTQ,1.3,2.83,2895886,2279016,8.2,8.04,1.0,-3.5,3.7,중립,양봉,잔구간,0.59,0.405,2026-09-14
ARX,1.3,19.83,1120917,884188,22.23,23.49,0.9,0.1,-0.2,중립,음봉,잔구간,0.0,-0.65,2026-09-14
FOTO,1.3,16.56,343681,264507,5.69,4.3,1.3,-5.4,-3.2,매도주의,장대음봉,잔구간,0.06,-1.265,2026-09-14
FNB,1.3,18.31,4207462,3296903,77.04,61.03,1.3,-0.4,0.4,중립,위꼬리양봉,완만한상승,0.43,-0.18,2026-09-14
ALEC,1.3,2.21,2467755,1854575,5.45,3.81,1.4,0.5,2.8,중립,양봉,잔구간,0.88,0.58,2026-09-14
NAUT,1.3,0.906,1234968,950290,1.12,1.19,0.9,-1.0,-10.3,매도주의,장대음봉,잔구간,0.05,-1.27,2026-09-14
NEO,1.3,18.41,1503467,1129687,27.68,25.57,1.1,0.2,6.0,강한매수,장대양봉,전고점돌파,0.93,4.02,2026-09-14
NCMI,1.3,2.43,737088,558181,1.79,1.81,1.0,0.0,0.4,중립,팽이도지,잔구간,0.68,0.11,2026-09-14
NBIZ,1.3,6.66,10333442,7861709,68.82,44.37,1.6,17.2,-5.3,중립,음봉,완만한상승,0.47,0.16,2026-09-14
GROY,1.3,3.36,2378322,1848102,7.99,7.62,1.0,-2.9,1.5,중립,양봉,잔구간,0.83,0.55,2026-09-14
TU,1.3,9.16,7604169,5872442,69.65,54.55,1.3,-0.1,0.8,중립,양봉,잔구간,0.87,0.57,2026-09-14
TTGT,1.3,3.87,306112,240530,1.18,1.06,1.1,0.0,0.0,중립,위꼬리양봉,완만한상승,0.21,-0.45,2026-09-14
CRBU,1.3,1.29,1685847,1339703,2.17,1.77,1.2,0.4,1.2,중립,팽이도지,잔구간,0.5,0.0,2026-09-14
HUYA,1.3,2.09,1716687,1348028,3.59,2.86,1.3,0.0,2.5,강한매수,장대양봉,완만한상승,1.0,3.5,2026-09-14
METD,1.3,14.3,1077513,838349,15.41,12.52,1.2,-1.3,-1.5,중립,음봉,전저점부근,0.13,-0.39,2026-09-14
HSLV,1.3,5.45,750321,568556,4.09,3.54,1.2,-3.1,2.3,중립,양봉,잔구간,0.85,0.56,2026-09-14
INDI,1.3,3.13,5039790,3775920,15.77,16.54,1.0,-3.3,-3.4,강한매도,장대음봉,전저점이탈,0.15,-3.17,2026-09-14
MEC,1.3,18.09,412183,326266,7.46,7.38,1.0,-0.9,-4.4,강한매도,음봉,전저점이탈,0.03,-2.01,2026-09-14
MARA,1.3,11.5,53268223,41899589,612.58,462.54,1.3,-7.3,3.6,중립,양봉,잔구간,0.55,0.38,2026-09-14
MARO,1.3,4.13,492003,364743,2.03,1.62,1.3,-6.7,2.5,중립,양봉,잔구간,0.58,0.4,2026-09-14
IMMR,1.3,7.21,340742,267332,2.46,2.19,1.1,0.8,-3.4,강한매도,장대음봉,전저점이탈,0.0,-3.35,2026-09-14
IEP,1.3,7.05,864323,690128,6.09,4.62,1.3,0.1,0.6,중립,위꼬리양봉,전고점돌파,0.28,0.24,2026-09-14
INFQ,1.3,12.6,8298430,6591570,104.56,98.67,1.1,-5.1,1.2,중립,위꼬리양봉,잔구간,0.29,-0.625,2026-09-14
LWLG,1.3,4.79,3115924,2312953,14.93,12.85,1.2,-6.5,-2.0,매도주의,음봉,전저점이탈,0.09,-1.94,2026-09-14
LXU,1.3,11.06,1036382,791916,11.46,8.29,1.4,2.2,-6.6,매도주의,장대음봉,잔구간,0.03,-1.28,2026-09-14
LZM,1.3,3.78,314669,246179,1.19,1.37,0.9,-3.3,-0.5,매도주의,팽이도지,전저점이탈,0.38,-0.89,2026-09-14
COUR,1.3,5.42,5493640,4332617,29.78,25.86,1.2,2.7,1.1,중립,양봉,잔구간,0.93,0.61,2026-09-14
UNG,1.3,10.33,19528569,15303661,201.73,147.36,1.4,1.1,0.5,중립,위꼬리양봉,잔구간,0.37,-0.58,2026-09-14
CLB,1.3,12.22,483959,372457,5.91,5.21,1.1,-0.2,-2.1,중립,음봉,잔구간,0.53,-0.33,2026-09-14
BDJ,1.3,9.76,533925,426192,5.21,4.07,1.3,-0.1,0.8,중립,양봉,잔구간,0.6,0.41,2026-09-14
BIOA,1.3,8.48,563393,447814,4.78,5.02,1.0,0.4,-0.5,중립,팽이도지,잔구간,0.37,-0.08,2026-09-14
BLZE,1.3,12.84,1924973,1531033,24.72,21.58,1.1,-1.1,4.7,강한매수,장대양봉,완만한상승,0.94,3.43,2026-09-14
KBWD,1.3,11.935,592809,459235,7.08,4.92,1.4,0.0,-0.1,중립,팽이도지,잔구간,0.32,-0.11,2026-09-14
WULF,1.3,15.47,35061499,26494710,542.4,435.4,1.2,-7.2,-0.4,매도주의,위꼬리음봉,잔구간,0.23,-0.91,2026-09-14
CMCO,1.3,16.45,418766,334218,6.89,6.87,1.0,-2.2,-5.2,강한매도,장대음봉,전저점이탈,0.16,-3.16,2026-09-14
INGN,1.3,5.23,311009,246202,1.63,1.34,1.2,-0.2,-1.3,중립,음봉,잔구간,0.0,-0.65,2026-09-14
KRNY,1.3,9.78,507966,397878,4.97,5.15,1.0,0.0,0.0,중립,위꼬리양봉,완만한상승,0.13,-0.54,2026-09-14
VET,1.3,13.29,1576571,1249522,20.95,17.84,1.2,2.3,-1.8,중립,음봉,완만한상승,0.12,-0.26,2026-09-14
VMET,1.3,9.57,377125,285490,3.61,3.24,1.1,-1.2,0.4,중립,팽이도지,전저점이탈,0.65,-0.57,2026-09-14
VIV,1.3,11.89,1373059,1069193,16.33,14.55,1.1,-2.5,2.9,강한매수,장대양봉,완만한상승,0.97,3.46,2026-09-14
LRMR,1.3,3.78,1169128,925091,4.42,3.55,1.2,0.3,-3.8,매도주의,장대음봉,잔구간,0.17,-1.2,2026-09-14
COMP,1.3,10.65,13980880,10447408,148.9,122.02,1.2,-1.5,2.9,매수관심,양봉,완만한상승,0.54,1.65,2026-09-14
HLIT,1.3,11.25,1430156,1116782,16.09,13.49,1.2,-3.3,-3.1,강한매도,장대음봉,전저점이탈,0.09,-3.24,2026-09-14
HL,1.3,18.82,31778042,24320582,598.06,520.83,1.1,-3.8,-1.1,매도주의,음봉,전저점이탈,0.38,-1.59,2026-09-14
HIMX,1.3,13.6,914842,716021,12.44,12.29,1.0,-6.4,-1.3,중립,음봉,잔구간,0.14,-0.565,2026-09-14
BOBS,1.3,16.15,693590,513983,11.2,8.5,1.3,-1.6,3.5,매수관심,장대양봉,잔구간,0.74,1.145,2026-09-14
SVV,1.3,9.86,1210139,908942,11.93,9.7,1.2,-2.5,3.7,강한매수,장대양봉,완만한상승,0.92,3.4,2026-09-14
MSOS,1.3,4.92,5521416,4397993,27.17,23.33,1.2,0.0,3.6,중립,양봉,잔구간,0.64,0.435,2026-09-14
TK,1.3,14.12,614319,457934,8.67,6.8,1.3,-0.5,-1.3,중립,음봉,잔구간,0.16,-0.555,2026-09-14
TETH,1.3,12.67,1831576,1457104,23.21,21.12,1.1,-1.5,1.5,강한매수,장대양봉,완만한상승,0.81,3.27,2026-09-14
HRZN,1.3,4.9,962627,724876,4.72,3.83,1.2,0.2,-0.2,중립,팽이도지,완만한상승,0.3,0.66,2026-09-14
CURI,1.3,2.79,792736,627802,2.21,2.64,0.8,-1.5,6.5,매수관심,장대양봉,잔구간,0.94,1.265,2026-09-14
HOPE,1.3,14.05,766154,588058,10.76,9.45,1.1,0.0,0.8,매수관심,양봉,완만한상승,0.55,1.66,2026-09-14
UMH,1.3,15.64,646623,504727,10.11,10.42,1.0,0.4,0.4,중립,양봉,잔구간,0.73,0.49,2026-09-14
HMY,1.3,19.63,3900172,3089930,76.56,81.33,0.9,-4.7,-0.2,중립,팽이도지,잔구간,0.64,0.085,2026-09-14
MNR,1.3,12.49,443183,349300,5.54,4.34,1.3,0.6,-1.3,매도주의,장대음봉,잔구간,0.1,-1.24,2026-09-14
HPP,1.3,11.74,846470,634084,9.94,8.43,1.2,-1.6,-2.5,중립,음봉,잔구간,0.27,-0.49,2026-09-14
MQY,1.3,10.56,881500,655080,9.31,6.91,1.3,0.0,-0.4,중립,망치형,잔구간,0.67,0.6,2026-09-14
GTM,1.3,4.19,5794323,4370618,24.28,19.35,1.3,2.1,8.0,강한매수,장대양봉,완만한상승,0.97,3.46,2026-09-14
NAK,1.3,1.39,4282020,3325590,5.95,5.53,1.1,-1.4,0.0,중립,팽이도지,전저점부근,0.38,0.61,2026-09-14
TDOC,1.3,6.5,3469633,2762005,22.55,21.62,1.0,1.5,4.0,매수관심,장대양봉,잔구간,0.81,1.185,2026-09-14
MUX,1.3,18.6,1103419,862001,20.52,19.12,1.1,-4.1,-0.7,중립,팽이도지,전저점이탈,0.55,-0.69,2026-09-14
CBRX,1.3,8.57,460120,351164,3.94,5.26,0.7,-11.9,0.9,중립,팽이도지,잔구간,0.5,0.0,2026-09-14
PAL,1.2,4.95,329697,286610,1.63,1.95,0.8,-1.0,3.1,매수관심,양봉,완만한상승,0.75,1.9,2026-09-14
RCEL,1.2,10.19,333403,273626,3.4,2.76,1.2,-0.1,3.2,매수관심,양봉,완만한상승,0.62,1.74,2026-09-14
REF,1.2,14.51,312038,259736,4.53,4.28,1.1,0.9,2.5,매수관심,양봉,완만한상승,0.74,1.89,2026-09-14
ANGX,1.2,5.48,2348745,1892164,12.87,7.21,1.8,2.2,-1.6,매도주의,음봉,전고점부근,0.39,-1.28,2026-09-14
APLE,1.2,15.48,2635073,2279005,40.79,37.23,1.1,-1.4,0.9,중립,양봉,잔구간,0.52,0.36,2026-09-14
PLX,1.2,2.77,952160,823121,2.64,1.85,1.4,-0.4,5.3,강한매수,장대양봉,전고점돌파,0.88,3.96,2026-09-14
BTAL,1.2,12.59,864459,724604,10.88,8.98,1.2,2.1,0.9,강한매수,장대양봉,전고점돌파,0.94,4.03,2026-09-14
ARDX,1.2,3.52,4364487,3758918,15.36,14.98,1.0,0.6,-2.2,강한매도,장대음봉,전저점이탈,0.11,-3.22,2026-09-14
JFR,1.2,7.53,576527,482100,4.34,4.68,0.9,0.1,-1.1,강한매도,장대음봉,전저점이탈,0.11,-3.22,2026-09-14
JACK,1.2,14.66,667917,549626,9.79,8.37,1.2,-0.2,-0.6,중립,팽이도지,잔구간,0.35,-0.09,2026-09-14
XRPI,1.2,7.96,371843,300634,2.96,1.84,1.6,2.4,5.2,강한매수,장대양봉,완만한상승,0.83,3.3,2026-09-14
SMU,1.2,4.81,2806804,2432063,13.5,16.88,0.8,-7.1,4.3,매수관심,양봉,전저점부근,0.47,1.41,2026-09-14
GSOL,1.2,7.82,3286876,2839518,25.7,22.14,1.2,-0.8,2.0,강한매수,장대양봉,완만한상승,0.78,3.24,2026-09-14
NIQ,1.2,18.63,1184728,960314,22.07,19.12,1.2,1.8,2.6,매수관심,장대양봉,잔구간,0.73,1.14,2026-09-14
AVTX,1.2,16.18,908424,752709,14.7,18.17,0.8,1.9,-1.5,매도주의,장대음봉,잔구간,0.15,-1.21,2026-09-14
AVTR,1.2,15.16,9136060,7749812,138.5,115.09,1.2,0.4,2.0,강한매수,장대양봉,완만한상승,0.98,3.48,2026-09-14
NOWL,1.2,8.05,6736298,5508528,54.23,52.91,1.0,12.3,2.2,강한매수,양봉스프링,완만한상승,0.85,2.82,2026-09-14
NNNN,1.2,6.11,307732,248593,1.88,1.71,1.1,-0.9,-2.7,중립,음봉,전저점부근,0.15,-0.37,2026-09-14
NMZ,1.2,9.46,1173237,944577,11.1,10.01,1.1,0.0,-1.5,강한매도,장대음봉,전저점이탈,0.0,-3.35,2026-09-14
AMCX,1.2,12.27,628724,507741,7.71,6.57,1.2,0.9,-0.1,매수관심,팽이도지,완만한상승,0.58,1.0,2026-09-14
GOOD,1.2,12.75,365682,304362,4.66,4.41,1.1,-0.6,0.9,중립,양봉,잔구간,0.57,0.39,2026-09-14
GNL,1.2,9.02,2064121,1698142,18.62,15.97,1.2,-0.1,-0.2,매도주의,팽이도지,전저점이탈,0.32,-0.97,2026-09-14
DFH,1.2,12.7,911671,740595,11.58,9.05,1.3,-2.0,5.7,강한매수,장대양봉,완만한상승,0.88,3.36,2026-09-14
DCH,1.2,6.25,2917326,2358235,18.23,15.55,1.2,-2.6,-1.0,중립,음봉,잔구간,0.12,-0.58,2026-09-14
SLRC,1.2,12.12,453855,379021,5.5,4.03,1.4,1.4,-1.1,중립,음봉,잔구간,0.32,-0.46,2026-09-14
SID,1.2,1.18,12696305,10326063,14.98,9.88,1.5,-5.5,-1.7,중립,음봉,잔구간,0.17,-0.55,2026-09-14
SHOE,1.2,12.91,1325912,1127373,17.12,20.82,0.8,-1.3,2.9,매수관심,양봉,완만한상승,0.72,1.86,2026-09-14
SD,1.2,14.47,307110,255182,4.44,4.03,1.1,1.4,-2.4,매도주의,장대음봉,잔구간,0.05,-1.27,2026-09-14
SBGI,1.2,14.39,452256,376755,6.51,5.45,1.2,0.2,3.3,강한매수,장대양봉,전고점돌파,0.78,3.84,2026-09-14
NVG,1.2,11.56,881829,721164,10.19,8.82,1.2,-0.2,-0.3,중립,망치형,잔구간,0.53,0.52,2026-09-14
OPFI,1.2,7.78,974044,806801,7.58,6.39,1.2,0.1,-2.6,매도주의,장대음봉,잔구간,0.18,-1.19,2026-09-14
EQX,1.2,11.85,11374838,9464898,134.79,135.24,1.0,-3.7,-0.8,매도주의,음봉,전저점이탈,0.4,-1.57,2026-09-14
FPEI,1.2,18.77,483512,399021,9.08,7.84,1.2,-0.3,-0.1,강한매도,장대음봉,전저점이탈,0.0,-3.35,2026-09-14
RXRX,1.2,3.41,17102516,13972498,58.32,47.26,1.2,-0.3,6.9,강한매수,장대양봉,완만한상승,0.84,3.31,2026-09-14
RWM,1.2,13.99,22323985,18161367,312.31,262.66,1.2,0.5,-0.2,강한매수,망치형,완만한상승,0.63,2.06,2026-09-14
ONDL,1.2,5.2,755028,646227,3.93,6.58,0.6,-6.1,5.7,중립,양봉,잔구간,0.44,0.315,2026-09-14
OEC,1.2,5.89,390216,315348,2.3,2.09,1.1,0.2,1.4,매수관심,양봉,완만한상승,0.71,1.85,2026-09-14
NXH,1.2,3.615,2702066,2288208,9.77,9.17,1.1,-1.7,2.7,매수관심,양봉,완만한상승,0.43,1.52,2026-09-14
OABI,1.2,4.48,1599152,1354825,7.16,7.97,0.9,1.5,8.5,매수관심,장대양봉,잔구간,0.87,1.22,2026-09-14
DRH,1.2,12.32,2740606,2215092,33.76,31.89,1.1,-0.7,1.7,매수관심,양봉,완만한상승,0.76,1.91,2026-09-14
DNA,1.2,7.01,1030286,877271,7.22,7.35,1.0,-1.3,5.3,매수관심,장대양봉,잔구간,0.73,1.14,2026-09-14
ALOY,1.2,8.52,2070825,1674298,17.64,17.66,1.0,-2.3,3.6,중립,양봉,잔구간,0.75,0.5,2026-09-14
SENS,1.2,8.84,567463,491848,5.02,5.35,0.9,0.6,0.9,중립,위꼬리양봉,잔구간,0.3,-0.62,2026-09-14
BUYW,1.2,14.56,397105,330346,5.78,5.67,1.0,-0.3,0.1,중립,위꼬리양봉,잔구간,0.33,-0.6,2026-09-14
ONT,1.2,18.86,518481,433675,9.78,7.48,1.3,1.0,1.9,중립,양봉,전고점부근,0.68,0.47,2026-09-14
BUR,1.2,4.39,2091659,1750249,9.18,7.21,1.3,-0.9,1.9,강한매수,양봉,완만한상승,0.84,2.01,2026-09-14
PLUG,1.2,2.06,52915967,45812634,109.01,99.21,1.1,-3.3,1.5,매수관심,양봉,전저점부근,0.44,1.38,2026-09-14
PRQR,1.2,1.86,630051,530609,1.17,1.22,1.0,1.1,-1.1,강한매수,망치형,전저점부근,0.71,3.0,2026-09-14
XIFR,1.2,11.2,575263,491247,6.44,8.01,0.8,-1.0,-0.8,매도주의,음봉,전저점이탈,0.15,-1.87,2026-09-14
EVTL,1.2,0.589,6020572,4875792,3.54,3.33,1.1,0.2,9.6,매수관심,장대양봉,잔구간,0.63,1.08,2026-09-14
PRTA,1.2,8.86,374872,308176,3.32,3.19,1.0,0.2,-1.0,중립,음봉,잔구간,0.35,-0.44,2026-09-14
YMAG,1.2,11.27,1221303,1038082,13.76,11.36,1.2,-0.4,0.7,매수관심,양봉,완만한상승,0.64,1.77,2026-09-14
WYFI,1.2,17.59,1658929,1333064,29.18,34.0,0.9,-6.9,-1.2,매도주의,위꼬리음봉,잔구간,0.08,-1.0,2026-09-14
PFXF,1.2,17.66,692704,559130,12.23,11.51,1.1,-0.4,-0.8,매도주의,장대음봉,잔구간,0.26,-1.145,2026-09-14
FMC,1.2,10.98,2953124,2457057,32.43,41.13,0.8,-1.6,-2.1,강한매도,음봉,전저점이탈,0.0,-2.05,2026-09-14
FJET,1.2,1.96,1690449,1370115,3.31,3.95,0.8,0.0,0.5,중립,팽이도지,잔구간,0.41,-0.055,2026-09-14
PENN,1.2,18.0,2938739,2477517,52.9,47.97,1.1,0.0,1.0,강한매수,양봉,전고점돌파,0.91,2.69,2026-09-14
AQST,1.2,4.88,2491770,2051366,12.16,12.09,1.0,-1.7,3.8,매수관심,장대양봉,잔구간,0.92,1.25,2026-09-14
PHAT,1.2,8.68,1316346,1100932,11.43,9.46,1.2,1.1,2.7,중립,양봉,잔구간,0.69,0.465,2026-09-14
EXG,1.2,9.68,487586,400698,4.72,3.91,1.2,-0.3,0.1,매수관심,양봉스프링,잔구간,0.75,0.9,2026-09-14
PSFE,1.2,6.53,381046,321346,2.49,2.15,1.2,0.6,2.4,매수관심,양봉,완만한상승,0.8,1.96,2026-09-14
PTEN,1.2,12.42,8637795,7297388,107.28,107.68,1.0,0.2,-3.6,매도주의,장대음봉,잔구간,0.15,-1.21,2026-09-14
AMTM,1.2,19.74,1643548,1340911,32.44,31.19,1.0,1.2,0.2,강한매수,양봉스프링,완만한상승,0.79,2.75,2026-09-14
QTTB,1.2,10.91,870610,723366,9.5,8.04,1.2,-1.3,-0.5,중립,팽이도지,잔구간,0.43,-0.04,2026-09-14
FFAI,1.2,1.68,887279,755919,1.49,1.79,0.8,-4.8,5.7,중립,양봉,잔구간,0.55,0.38,2026-09-14
PBI,1.2,17.33,1752075,1430058,30.36,26.13,1.2,0.2,1.4,매수관심,양봉,완만한상승,0.79,1.95,2026-09-14
PAR,1.2,18.09,847093,731668,15.32,14.15,1.1,2.6,-2.1,중립,음봉,완만한상승,0.08,-0.3,2026-09-14
OSS,1.2,8.72,774316,654658,6.75,7.12,0.9,-5.0,-0.1,매도주의,팽이도지,전저점이탈,0.44,-0.82,2026-09-14
OSTX,1.2,1.7,993722,860074,1.69,1.23,1.4,-1.8,3.0,매수관심,양봉,완만한상승,0.47,1.56,2026-09-14
PACB,1.2,1.35,4719790,4073328,6.37,6.3,1.0,-1.5,5.5,강한매수,장대양봉,수횡파,0.72,3.86,2026-09-14
HAYW,1.2,12.87,3045536,2570691,39.2,30.37,1.3,-0.5,-1.3,매도주의,장대음봉,전저점부근,0.07,-1.77,2026-09-14
BB,1.2,7.75,9481796,8083355,73.48,72.13,1.0,-1.6,2.6,매수관심,양봉,완만한상승,0.64,1.77,2026-09-14
SMMT,1.2,18.42,7066883,5875044,130.17,98.54,1.3,3.0,1.9,중립,양봉,전고점부근,0.52,0.27,2026-09-14
DGXX,1.2,3.73,1481199,1263121,5.52,6.66,0.8,-4.7,2.8,중립,양봉,잔구간,0.81,0.535,2026-09-14
GRRR,1.2,13.22,671214,565319,8.87,11.15,0.8,-4.3,1.7,중립,양봉,전저점이탈,0.82,0.33,2026-09-14
UAA,1.2,5.03,8086594,6644682,40.68,36.47,1.1,-0.8,-0.8,매도주의,위꼬리음봉,잔구간,0.14,-0.965,2026-09-14
UEC,1.2,10.26,9654219,7889835,99.05,96.03,1.0,-3.3,1.6,매수관심,양봉스프링,전저점이탈,0.91,1.24,2026-09-14
AEBI,1.2,12.03,320807,264320,3.86,4.29,0.9,-1.2,1.0,중립,양봉,잔구간,0.85,0.56,2026-09-14
AHCO,1.2,5.88,3721516,3052363,21.88,16.74,1.3,1.2,-4.1,매도주의,장대음봉,잔구간,0.06,-1.265,2026-09-14
CMTG,1.2,1.49,1071757,912174,1.6,1.36,1.2,2.6,-3.9,매도주의,장대음봉,잔구간,0.0,-1.3,2026-09-14
CNNE,1.2,15.66,564532,470833,8.84,7.32,1.2,-0.6,2.2,매수관심,양봉,완만한상승,0.63,1.76,2026-09-14
IAUX,1.2,1.69,5890162,4834689,9.95,11.76,0.8,-2.9,-0.6,중립,망치형,전저점이탈,0.5,0.25,2026-09-14
MHD,1.2,11.01,623364,535702,6.86,5.22,1.3,0.0,-0.5,매도주의,장대음봉,잔구간,0.2,-1.18,2026-09-14
HR,1.2,18.93,3300881,2711211,62.49,64.29,1.0,0.8,-0.6,중립,음봉,잔구간,0.08,-0.6,2026-09-14
MITT,1.2,6.5,324042,264182,2.11,1.85,1.1,-0.5,-0.5,매도주의,음봉,전저점이탈,0.36,-1.62,2026-09-14
HPEL,1.2,17.04,441389,363153,7.52,8.74,0.9,-19.2,-2.9,중립,음봉,잔구간,0.1,-0.59,2026-09-14
BRR,1.2,3.22,2149279,1725995,6.92,3.98,1.7,-1.0,4.2,강한매수,장대양봉,전고점돌파,0.62,3.64,2026-09-14
MRTN,1.2,13.99,507833,422206,7.1,7.08,1.0,-0.4,1.7,매수관심,장대양봉,잔구간,0.93,1.26,2026-09-14
TMQ,1.2,3.22,1769841,1500218,5.7,4.71,1.2,0.9,-2.4,매도주의,음봉,전저점이탈,0.46,-1.5,2026-09-14
TIGR,1.2,4.85,2082539,1776396,10.1,10.45,1.0,0.0,0.4,중립,위꼬리양봉,완만한상승,0.23,-0.42,2026-09-14
CRSR,1.2,13.03,1352475,1087351,17.62,13.6,1.3,-4.2,0.5,중립,팽이도지,잔구간,0.69,0.115,2026-09-14
HIO,1.2,3.42,430328,345898,1.47,1.24,1.2,0.0,-0.6,강한매도,장대음봉,전저점이탈,0.0,-3.35,2026-09-14
HELP,1.2,13.61,1615568,1393476,21.99,17.73,1.2,-0.8,5.7,강한매수,장대양봉,완만한상승,0.88,3.36,2026-09-14
BNED,1.2,10.99,367190,311799,4.04,4.01,1.0,-0.1,-2.0,중립,음봉,잔구간,0.34,-0.445,2026-09-14
NBIG,1.2,15.06,2256582,1871609,33.98,28.65,1.2,-17.7,8.3,중립,양봉,잔구간,0.55,0.38,2026-09-14
GPRE,1.2,14.61,1670887,1413153,24.41,27.49,0.9,0.0,-1.9,중립,음봉,잔구간,0.39,-0.415,2026-09-14
NHP,1.2,16.14,402810,341161,6.5,5.79,1.1,-0.4,2.9,매수관심,장대양봉,잔구간,0.93,1.26,2026-09-14
BBOT,1.2,5.05,956104,826911,4.83,4.66,1.0,-0.8,2.9,중립,양봉,잔구간,0.61,0.415,2026-09-14
MVST,1.2,0.581,7507964,6234722,4.36,4.91,0.9,-0.4,-2.4,강한매도,음봉,전저점이탈,0.02,-2.03,2026-09-14
AIRJ,1.2,4.15,909590,771446,3.77,3.93,1.0,-2.8,-0.2,중립,팽이도지,전저점이탈,0.49,-0.76,2026-09-14
MUD,1.2,10.73,6952320,5856251,74.6,56.29,1.3,7.0,-1.6,중립,음봉,완만한상승,0.29,-0.05,2026-09-14
NABL,1.2,4.17,2932865,2359273,12.23,10.38,1.2,1.8,6.1,강한매수,장대양봉,전고점돌파,0.94,4.03,2026-09-14
TDUP,1.2,2.71,2120357,1817385,5.75,5.62,1.0,0.0,3.8,강한매수,장대양봉,완만한상승,0.8,3.26,2026-09-14
TASK,1.2,8.24,412831,358900,3.4,3.57,1.0,-0.2,1.5,매수관심,양봉,완만한상승,0.36,1.43,2026-09-14
TBI,1.2,9.49,363700,313966,3.45,2.97,1.2,1.0,7.4,매수관심,장대양봉,잔구간,0.97,1.28,2026-09-14
CYH,1.2,2.95,1077387,926541,3.18,3.57,0.9,-0.3,1.4,강한매수,장대양봉,완만한상승,0.77,3.22,2026-09-14
TAK,1.2,18.6,2357615,1949650,43.85,36.9,1.2,1.6,0.2,중립,위꼬리양봉,잔구간,0.38,-0.57,2026-09-14
CORD,1.2,3.315,11346964,9835788,37.62,25.71,1.5,14.7,-1.3,강한매수,망치형,완만한상승,0.77,2.22,2026-09-14
UROY,1.2,4.24,3969035,3245887,16.83,14.12,1.2,-3.1,0.5,중립,팽이도지,잔구간,0.46,-0.025,2026-09-14
UTZ,1.2,14.23,1745629,1433009,24.84,23.67,1.0,0.1,-0.5,매도주의,장대음봉,잔구간,0.0,-1.3,2026-09-14
USAS,1.2,4.81,4141895,3569080,19.92,21.24,0.9,-3.2,-1.6,매도주의,음봉,전저점이탈,0.61,-1.32,2026-09-14
LTRX,1.2,5.05,894896,767408,4.52,5.94,0.8,-2.7,-1.0,중립,음봉,잔구간,0.13,-0.57,2026-09-14
BLOX,1.2,13.82,364199,300758,5.03,4.18,1.2,-2.6,1.4,중립,양봉,잔구간,0.79,0.525,2026-09-14
IIIV,1.2,15.65,462067,400147,7.23,7.39,1.0,1.2,-0.6,중립,팽이도지,완만한상승,0.34,0.71,2026-09-14
IGD,1.2,6.33,333374,278116,2.11,1.69,1.2,-0.5,0.5,중립,양봉,잔구간,0.89,0.585,2026-09-14
TSLG,1.2,4.65,57082298,46489624,265.43,245.94,1.1,-3.1,-0.4,매도주의,위꼬리음봉,잔구간,0.18,-0.94,2026-09-14
CRCG,1.2,17.38,3555863,2845383,61.8,48.06,1.3,3.9,10.4,매수관심,장대양봉,잔구간,0.94,1.265,2026-09-14
LMRI,1.2,11.39,320784,272288,3.65,3.41,1.1,-0.4,-0.4,중립,팽이도지,잔구간,0.25,-0.15,2026-09-14
LADR,1.2,9.62,1124035,974061,10.81,9.58,1.1,0.1,0.0,매수관심,팽이도지,완만한상승,0.47,0.86,2026-09-14
IREZ,1.2,9.17,3934061,3260541,36.08,25.49,1.4,8.7,-5.1,중립,음봉,잔구간,0.46,-0.375,2026-09-14
BCRX,1.2,8.23,5096672,4372143,41.95,39.03,1.1,0.6,0.7,중립,팽이도지,잔구간,0.47,-0.02,2026-09-14
BCSF,1.2,11.44,556093,468908,6.36,5.82,1.1,0.0,-0.3,중립,팽이도지,잔구간,0.29,-0.125,2026-09-14
COLD,1.2,14.97,4148317,3375497,62.1,53.98,1.2,0.1,2.3,강한매수,장대양봉,전고점돌파,0.94,4.03,2026-09-14
UVXY,1.2,18.23,8522886,7194384,155.37,136.21,1.1,4.6,-3.2,매도주의,장대음봉,완만한상승,0.22,-1.44,2026-09-14
VG,1.2,15.27,20000448,16746219,305.41,209.31,1.5,1.8,-5.0,매도주의,장대음봉,잔구간,0.08,-1.25,2026-09-14
VOXR,1.2,5.65,458825,371097,2.59,2.1,1.2,-1.6,-0.9,중립,팽이도지,잔구간,0.44,-0.035,2026-09-14
VNDA,1.2,5.15,817814,708119,4.21,3.63,1.2,0.6,0.6,중립,팽이도지,잔구간,0.73,0.14,2026-09-14
INO,1.2,1.18,3276070,2798739,3.87,4.27,0.9,-0.8,-4.8,강한매도,장대음봉,전저점이탈,0.2,-3.11,2026-09-14
KRP,1.2,14.84,1069673,873594,15.87,14.22,1.1,0.7,-1.1,매도주의,장대음봉,잔구간,0.28,-1.13,2026-09-14
KULR,1.2,2.38,767997,627115,1.83,1.5,1.2,-2.1,2.1,매수관심,양봉,완만한상승,0.55,1.66,2026-09-14
CLVT,1.2,1.91,5468875,4517312,10.45,7.45,1.4,2.1,0.0,강한매수,양봉스프링,완만한상승,0.87,2.84,2026-09-14
KPTI,1.2,1.6,991814,810313,1.59,2.87,0.6,-3.7,3.2,매수관심,장대양봉,잔구간,0.71,1.125,2026-09-14
KREF,1.2,7.15,573614,479610,4.1,3.66,1.1,-0.3,0.3,중립,위꼬리양봉,잔구간,0.33,-0.6,2026-09-14
KODK,1.2,9.14,787031,639630,7.19,8.66,0.8,-1.5,-0.3,중립,팽이도지,잔구간,0.43,-0.04,2026-09-14
KLRA,1.2,13.75,872443,702705,12.0,12.51,1.0,-0.2,-1.2,매도주의,음봉,전저점이탈,0.34,-1.64,2026-09-14
KD,1.2,13.57,3628460,3104447,49.24,43.49,1.1,2.1,1.1,매수관심,양봉,완만한상승,0.7,1.84,2026-09-14
KLC,1.2,2.38,663037,551429,1.58,1.64,1.0,-1.3,1.7,매수관심,양봉,전저점부근,0.59,1.56,2026-09-14
KBDC,1.2,13.03,315649,252575,4.11,3.91,1.1,0.2,0.4,중립,팽이도지,잔구간,0.57,0.04,2026-09-14
ADNT,1.2,18.76,895201,743992,16.79,14.41,1.2,-2.2,-0.3,중립,팽이도지,잔구간,0.38,-0.07,2026-09-14
PAX,1.1,10.48,1196138,1065668,12.54,13.38,0.9,0.0,-1.3,매도주의,음봉,전저점이탈,0.3,-1.69,2026-09-14
ZIP,1.1,3.95,923657,839542,3.65,4.04,0.9,1.1,4.5,강한매수,장대양봉,완만한상승,0.64,3.07,2026-09-14
OXLC,1.1,9.54,670022,614634,6.39,6.89,0.9,-0.1,-0.2,중립,망치형,잔구간,0.68,0.61,2026-09-14
WDCX,1.1,15.52,1357013,1251172,21.06,19.42,1.1,-13.1,4.2,중립,양봉,잔구간,0.53,0.37,2026-09-14
KRO,1.1,8.05,422785,368854,3.4,3.53,1.0,1.0,-2.1,중립,음봉,전저점부근,0.45,-0.01,2026-09-14
TTI,1.1,6.47,2196596,1915903,14.21,13.68,1.0,-1.8,-3.3,매도주의,장대음봉,잔구간,0.13,-1.22,2026-09-14
IVA,1.1,3.88,1493404,1373429,5.79,5.5,1.1,-3.2,-0.3,중립,팽이도지,전저점부근,0.36,0.58,2026-09-14
FLOC,1.1,19.71,502950,465519,9.91,11.83,0.8,-0.3,-4.5,강한매도,장대음봉,전저점이탈,0.14,-3.18,2026-09-14
PK,1.1,15.32,3238433,2861985,49.61,54.82,0.9,-0.4,0.7,매수관심,양봉,완만한상승,0.81,1.97,2026-09-14
TTD,1.1,14.97,19555213,18098100,292.74,258.65,1.1,1.5,2.9,강한매수,장대양봉,완만한상승,0.98,3.48,2026-09-14
LAES,1.1,2.32,5239782,4723665,12.16,12.77,1.0,-2.9,0.4,중립,팽이도지,전저점이탈,0.5,-0.75,2026-09-14
LABD,1.1,7.25,19913226,18366690,144.37,129.34,1.1,-1.1,-1.4,중립,망치형,잔구간,0.51,0.505,2026-09-14
INN,1.1,5.72,792936,707034,4.54,4.7,1.0,0.2,2.1,매수관심,장대양봉,잔구간,0.75,1.15,2026-09-14
CRML,1.1,6.46,5587022,5021542,36.09,40.02,0.9,-3.6,4.2,중립,양봉,잔구간,0.65,0.44,2026-09-14
CRMD,1.1,7.89,920272,839125,7.26,7.39,1.0,0.1,0.8,중립,양봉,잔구간,0.72,0.48,2026-09-14
CRK,1.1,14.3,2508951,2263545,35.88,50.83,0.7,2.0,-5.1,강한매도,장대음봉,전저점이탈,0.03,-3.31,2026-09-14
CRDL,1.1,1.99,1376032,1244160,2.74,3.18,0.9,-0.8,0.5,중립,팽이도지,잔구간,0.44,-0.035,2026-09-14
ABX,1.1,9.49,364269,346182,3.46,3.56,1.0,0.0,-0.2,중립,팽이도지,수횡파,0.32,0.38,2026-09-14
WWW,1.1,19.53,660557,601282,12.9,14.54,0.9,-1.0,-1.1,중립,음봉,잔구간,0.15,-0.56,2026-09-14
AREC,1.1,2.04,1434663,1356173,2.93,3.52,0.8,-1.4,-3.3,강한매도,장대음봉,전저점이탈,0.13,-3.19,2026-09-14
FSM,1.1,11.63,3344342,3048900,38.89,54.35,0.7,-3.9,1.0,중립,양봉,전저점이탈,0.69,0.18,2026-09-14
FRMI,1.1,5.05,14263692,12964118,72.03,82.39,0.9,-4.1,-4.3,매도주의,장대음봉,잔구간,0.11,-1.235,2026-09-14
FPI,1.1,10.75,640156,588248,6.88,7.23,1.0,-0.4,0.9,매수관심,양봉,완만한상승,0.78,1.94,2026-09-14
PGEN,1.1,6.85,2825661,2481837,19.36,18.98,1.0,0.1,-0.1,매도주의,위꼬리음봉,잔구간,0.07,-1.01,2026-09-14
POET,1.1,7.43,8840796,8402482,65.69,68.32,1.0,-7.1,0.6,중립,위꼬리양봉,잔구간,0.25,-0.65,2026-09-14
EYE,1.1,17.51,2312560,2063611,40.49,35.31,1.1,-0.1,1.3,매수관심,양봉,완만한상승,0.8,1.96,2026-09-14
PLTK,1.1,2.38,1154643,1049963,2.75,2.76,1.0,0.9,2.1,강한매수,양봉,전고점돌파,0.78,2.54,2026-09-14
LOVE,1.1,14.69,466876,441142,6.86,5.15,1.3,-0.2,5.8,매수관심,장대양봉,잔구간,0.9,1.24,2026-09-14
LOMA,1.1,9.61,328802,309746,3.16,3.38,0.9,-1.1,-0.3,매도주의,팽이도지,전저점이탈,0.35,-0.93,2026-09-14
LENZ,1.1,4.47,744335,674336,3.33,3.79,0.9,0.2,-1.3,중립,음봉,전저점부근,0.28,-0.21,2026-09-14
LBRT,1.1,19.53,3411317,3218805,66.62,64.9,1.0,-2.1,-4.9,매도주의,장대음봉,전저점부근,0.16,-1.66,2026-09-14
CAG,1.1,14.79,11261181,9873332,166.55,163.6,1.0,1.4,-0.1,매도주의,위꼬리음봉,잔구간,0.2,-0.93,2026-09-14
CADL,1.1,10.675,940804,831678,10.04,14.63,0.7,-1.3,2.5,중립,양봉,잔구간,0.55,0.38,2026-09-14
CWEB,1.1,18.84,873257,795748,16.45,11.49,1.4,-0.1,1.1,중립,양봉,잔구간,0.55,0.38,2026-09-14
CTRI,1.1,19.57,1440477,1319446,28.19,29.7,0.9,-2.5,-0.4,중립,팽이도지,전저점이탈,0.56,-0.68,2026-09-14
TROX,1.1,4.32,2612176,2343194,11.28,12.03,0.9,-1.8,-0.5,강한매도,위꼬리음봉,전저점이탈,0.17,-2.65,2026-09-14
BITO,1.1,10.61,85886314,75390400,911.25,811.14,1.1,0.9,1.4,매수관심,장대양봉,잔구간,0.74,1.145,2026-09-14
TFSL,1.1,17.11,676985,608620,11.58,12.18,1.0,0.1,0.5,매수관심,양봉,완만한상승,0.57,1.68,2026-09-14
ALIT,1.1,12.37,440012,415966,5.44,5.55,1.0,1.2,2.2,중립,양봉,잔구간,0.71,0.475,2026-09-14
ALHC,1.1,12.94,5666618,4931367,73.33,56.88,1.3,1.0,1.6,중립,양봉,잔구간,0.43,0.31,2026-09-14
AI,1.1,11.17,5665725,4983142,63.29,67.81,0.9,-0.2,6.2,강한매수,장대양봉,전고점돌파,0.76,3.81,2026-09-14
TLRY,1.1,4.14,4428228,3898084,18.33,15.52,1.2,-0.7,3.8,중립,양봉,잔구간,0.61,0.415,2026-09-14
ESRT,1.1,4.29,4322075,3772553,18.54,15.29,1.2,-0.2,0.5,매수관심,팽이도지,완만한상승,0.52,0.92,2026-09-14
OCSL,1.1,12.71,445850,399408,5.67,5.3,1.1,0.5,-0.2,중립,팽이도지,잔구간,0.4,-0.06,2026-09-14
OCFC,1.1,18.67,804475,734409,15.02,16.02,0.9,0.2,-0.7,중립,음봉,잔구간,0.04,-0.625,2026-09-14
NZF,1.1,11.5,1110581,973713,12.77,9.93,1.3,-0.1,-0.1,중립,망치형,잔구간,0.85,0.71,2026-09-14
NWBI,1.1,15.55,964833,869322,15.0,14.3,1.0,-0.3,0.6,매수관심,양봉,완만한상승,0.42,1.5,2026-09-14
QTEX,1.1,0.855,1319745,1221983,1.13,1.1,1.0,-1.1,-2.8,중립,음봉,잔구간,0.1,-0.59,2026-09-14
QS,1.1,5.2,10496464,9188695,54.58,59.58,0.9,-2.8,1.4,중립,양봉,잔구간,0.62,0.42,2026-09-14
PTLO,1.1,4.06,1258472,1102598,5.11,5.08,1.0,-0.2,-0.5,중립,팽이도지,전저점부근,0.29,0.5,2026-09-14
GEMI,1.1,4.81,2127855,1894077,10.23,8.61,1.2,-1.1,9.1,강한매수,장대양봉,완만한상승,0.87,3.34,2026-09-14
NVTS,1.1,10.89,10958620,10161500,119.34,121.52,1.0,-8.4,2.3,매수관심,양봉,전저점부근,0.56,1.52,2026-09-14
NUV,1.1,8.63,602568,566246,5.2,4.52,1.1,-0.2,-0.8,매도주의,장대음봉,잔구간,0.13,-1.22,2026-09-14
OI,1.1,6.42,2904092,2710953,18.64,19.88,0.9,-1.1,-0.6,매도주의,위꼬리음봉,전저점부근,0.15,-1.17,2026-09-14
EPRX,1.1,8.07,432122,388555,3.49,5.35,0.7,-1.2,-3.0,매도주의,장대음봉,잔구간,0.19,-1.185,2026-09-14
ENIC,1.1,4.31,456786,423163,1.97,3.96,0.5,-1.6,0.0,강한매수,양봉스프링,전저점부근,0.89,3.72,2026-09-14
AMRX,1.1,17.22,1596898,1456678,27.5,29.35,0.9,0.6,0.6,중립,양봉,잔구간,0.75,0.5,2026-09-14
RES,1.1,6.1,1709700,1552619,10.43,9.93,1.1,-0.5,-5.0,강한매도,장대음봉,전저점이탈,0.14,-3.18,2026-09-14
CWH,1.1,6.14,1997329,1747974,12.26,10.04,1.2,-1.7,3.4,중립,양봉,잔구간,0.6,0.41,2026-09-14
CC,1.1,14.58,1667656,1549458,24.31,25.93,0.9,-1.9,-1.2,매도주의,음봉,전저점이탈,0.15,-1.87,2026-09-14
CAPR,1.1,8.81,2907523,2739224,25.62,36.1,0.7,8.8,-3.2,중립,음봉,잔구간,0.19,-0.535,2026-09-14
LYG,1.1,5.9,15781382,14639290,93.11,80.77,1.2,-1.7,-0.2,중립,망치형,잔구간,0.72,0.63,2026-09-14
LYFT,1.1,15.9,9767272,9116031,155.3,174.38,0.9,0.9,2.8,매수관심,장대양봉,잔구간,0.96,1.275,2026-09-14
LUMN,1.1,7.03,13420565,12307043,94.35,87.88,1.1,-2.4,3.8,매수관심,양봉,완만한상승,0.71,1.85,2026-09-14
BITU,1.1,13.78,4901877,4619543,67.55,57.75,1.2,1.3,3.1,매수관심,장대양봉,잔구간,0.77,1.16,2026-09-14
REAX,1.1,19.81,746560,696912,14.79,19.2,0.8,-2.4,0.1,중립,위꼬리양봉,잔구간,0.12,-0.73,2026-09-14
GOOY,1.1,12.26,336639,319675,4.13,3.54,1.2,1.3,1.2,강한매수,장대양봉,전고점돌파,0.89,3.97,2026-09-14
GNW,1.1,10.6,3989912,3795426,42.29,39.41,1.1,0.3,0.8,매수관심,양봉,완만한상승,0.65,1.78,2026-09-14
GLOO,1.1,3.42,322372,280557,1.1,0.68,1.6,5.1,-2.3,매도주의,위꼬리음봉,완만한상승,0.04,-1.15,2026-09-14
GGN,1.1,5.5,477220,421425,2.62,2.77,0.9,-0.4,-0.7,매도주의,음봉,전저점이탈,0.41,-1.56,2026-09-14
GGB,1.1,4.89,11605471,10829148,56.75,53.32,1.1,-4.5,-0.6,매도주의,위꼬리음봉,잔구간,0.21,-0.925,2026-09-14
RCAT,1.1,7.8,6043967,5591497,47.14,48.12,1.0,-3.8,1.8,중립,양봉,전저점이탈,0.44,-0.12,2026-09-14
RARE,1.1,13.61,5929198,5251560,80.7,116.08,0.7,1.0,-5.7,매도주의,장대음봉,전저점부근,0.01,-1.84,2026-09-14
QYLD,1.1,18.32,3161303,3004210,57.92,74.64,0.8,-0.9,0.7,매수관심,장대양봉,잔구간,0.67,1.1,2026-09-14
QUBT,1.1,7.97,5542516,5029424,44.17,48.26,0.9,-4.5,4.5,매수관심,장대양봉,잔구간,0.63,1.08,2026-09-14
SVC,1.1,6.67,1591362,1460431,10.61,11.68,0.9,0.0,-1.9,매도주의,음봉,전저점이탈,0.22,-1.79,2026-09-14
SUPV,1.1,8.47,371754,338061,3.15,4.32,0.7,-0.2,-0.1,중립,팽이도지,수횡파,0.64,0.77,2026-09-14
IFRX,1.1,2.12,545790,511190,1.16,1.14,1.0,2.9,-1.4,중립,음봉,잔구간,0.2,-0.53,2026-09-14
IBRX,1.1,8.37,9158261,8273521,76.65,61.27,1.3,-0.3,6.1,강한매수,장대양봉,전고점부근,0.94,2.08,2026-09-14
HUMA,1.1,0.561,3164573,2794969,1.78,3.34,0.5,-3.1,2.0,중립,양봉,잔구간,0.44,0.315,2026-09-14
STLA,1.1,5.26,19950129,18360274,104.94,104.42,1.0,-3.2,0.7,중립,양봉,잔구간,0.62,0.42,2026-09-14
UNIT,1.1,9.72,2027242,1899967,19.7,19.42,1.0,-0.9,-2.6,매도주의,장대음봉,전저점부근,0.05,-1.79,2026-09-14
CWVX,1.1,14.05,1136083,1071648,15.96,15.39,1.0,-14.2,0.9,중립,위꼬리양봉,잔구간,0.23,-0.66,2026-09-14
EFC,1.1,12.81,1091737,979848,13.99,14.19,1.0,-0.1,-0.5,매도주의,음봉,전저점이탈,0.34,-1.64,2026-09-14
DXD,1.1,17.23,3013959,2675903,51.93,34.76,1.5,0.5,0.1,매수관심,팽이도지,완만한상승,0.63,1.06,2026-09-14
VERX,1.1,13.09,1526613,1334211,19.98,17.87,1.1,3.8,2.9,매수관심,장대양봉,잔구간,0.66,1.095,2026-09-14
CLSK,1.1,13.27,18549369,17276056,246.15,201.08,1.2,-6.6,4.0,중립,양봉,잔구간,0.65,0.44,2026-09-14
RKT,1.1,13.44,26199953,23542384,352.13,319.05,1.1,-1.4,3.4,중립,양봉,잔구간,0.54,0.375,2026-09-14
NEA,1.1,10.73,1596589,1425757,17.13,13.96,1.2,-0.5,-0.6,강한매도,장대음봉,전저점이탈,0.12,-3.21,2026-09-14
NCLH,1.1,14.72,16340978,15083522,240.54,245.87,1.0,-2.1,1.4,중립,양봉,잔구간,0.53,0.37,2026-09-14
GTE,1.1,10.57,605226,549133,6.4,5.96,1.1,0.9,-2.9,매도주의,장대음봉,잔구간,0.24,-1.155,2026-09-14
MFA,1.1,8.46,1615211,1458408,13.66,12.81,1.1,-0.6,-0.6,매도주의,음봉,전저점이탈,0.24,-1.76,2026-09-14
HPK,1.1,8.38,349182,309973,2.93,2.91,1.0,2.1,-3.1,중립,음봉,잔구간,0.25,-0.5,2026-09-14
HOS,1.1,8.49,2903599,2749133,24.65,27.79,0.9,0.5,-4.8,강한매도,장대음봉,전저점이탈,0.09,-3.24,2026-09-14
HNRG,1.1,14.48,609650,571477,8.83,9.47,0.9,-2.2,-3.5,강한매도,장대음봉,전저점이탈,0.0,-3.35,2026-09-14
SOFI,1.1,17.65,33181752,30968193,585.66,646.39,0.9,-1.8,3.8,매수관심,장대양봉,잔구간,0.87,1.22,2026-09-14
SMCZ,1.1,6.15,1983285,1843586,12.2,10.84,1.1,13.0,3.3,중립,양봉,잔구간,0.82,0.54,2026-09-14
SPCE,1.1,3.02,5141774,4687738,15.53,13.94,1.1,-1.0,4.5,강한매수,장대양봉,완만한상승,0.88,3.36,2026-09-14
SVRA,1.1,5.34,1310131,1167945,7.0,6.87,1.0,0.6,0.2,중립,팽이도지,잔구간,0.4,-0.06,2026-09-14
SVOL,1.1,16.83,332259,301689,5.59,5.46,1.0,-0.4,0.8,매수관심,양봉,전고점부근,1.0,0.85,2026-09-14
DFDV,1.1,5.22,2163667,1886152,11.29,11.79,1.0,-3.3,6.3,매수관심,장대양봉,잔구간,0.79,1.175,2026-09-14
MNTS,1.1,4.02,588894,537064,2.37,2.39,1.0,-1.7,1.3,중립,위꼬리양봉,잔구간,0.45,-0.53,2026-09-14
VYX,1.1,8.26,2789470,2502714,23.04,25.32,0.9,1.5,-4.8,매도주의,장대음봉,잔구간,0.04,-1.275,2026-09-14
CIG,1.1,2.15,5475985,5019073,11.77,11.59,1.0,-3.2,0.9,중립,양봉,잔구간,0.67,0.45,2026-09-14
CIFG,1.1,3.655,1058190,997937,3.87,3.78,1.0,-15.8,2.7,중립,위꼬리양봉,잔구간,0.26,-0.645,2026-09-14
CHCT,1.1,14.74,306709,273216,4.52,5.92,0.8,1.2,-0.3,강한매수,망치형,완만한상승,0.62,2.04,2026-09-14
DEC,1.1,14.88,712950,656298,10.61,12.14,0.9,1.8,-1.3,매도주의,장대음봉,잔구간,0.15,-1.21,2026-09-14
DAKT,1.1,17.91,876042,816519,15.69,19.23,0.8,-1.4,1.5,매수관심,양봉,전저점부근,0.55,1.51,2026-09-14
GRML,1.1,3.26,603145,532212,1.97,2.65,0.7,-3.5,7.2,중립,양봉,잔구간,0.69,0.465,2026-09-14
NEXT,1.1,7.41,2337380,2184225,17.32,16.82,1.0,1.4,-4.4,매도주의,장대음봉,잔구간,0.13,-1.22,2026-09-14
BYRN,1.1,3.73,351717,319115,1.31,1.28,1.0,-0.3,3.3,중립,양봉,잔구간,0.52,0.36,2026-09-14
BYND,1.1,10.31,1166117,1068463,12.02,11.64,1.0,-3.2,4.4,매수관심,장대양봉,잔구간,0.9,1.24,2026-09-14
BXMT,1.1,13.17,1850525,1746357,24.37,25.03,1.0,-0.4,-1.0,매도주의,음봉,전저점이탈,0.17,-1.85,2026-09-14
BTX,1.1,8.67,340237,323881,2.95,3.48,0.8,-1.9,-0.3,중립,망치형,전저점이탈,0.67,0.45,2026-09-14
BTE,1.1,5.03,17369371,15247527,87.37,79.63,1.1,1.4,-1.4,중립,음봉,완만한상승,0.23,-0.12,2026-09-14
BTDR,1.1,11.66,9921250,9222795,115.68,119.45,1.0,-4.7,2.3,중립,위꼬리양봉,잔구간,0.36,-0.585,2026-09-14
SKHX,1.1,15.53,2264746,2149190,35.17,31.66,1.1,-15.8,0.8,중립,위꼬리양봉,잔구간,0.19,-0.685,2026-09-14
SITC,1.1,2.9,831379,753695,2.41,2.78,0.9,0.7,2.1,매수관심,양봉,완만한상승,0.76,1.91,2026-09-14
CFFN,1.1,8.91,835059,738775,7.44,6.57,1.1,-0.3,1.4,강한매수,장대양봉,완만한상승,0.86,3.33,2026-09-14
VVR,1.1,2.9,720523,667508,2.09,2.12,1.0,-1.4,0.0,매도주의,팽이도지,전저점이탈,0.33,-0.95,2026-09-14
MSTX,1.1,15.29,9419407,8538355,144.02,127.02,1.1,0.1,9.1,매수관심,장대양봉,잔구간,0.92,1.25,2026-09-14
SION,1.1,8.26,1218419,1068487,10.06,7.98,1.3,-0.1,5.4,강한매수,장대양봉,전고점돌파,0.6,3.62,2026-09-14
AMPX,1.1,9.17,4456555,4147322,40.87,42.9,1.0,-5.4,2.7,중립,양봉,전저점이탈,0.68,0.17,2026-09-14
AMPL,1.1,13.65,1629285,1526372,22.24,23.6,0.9,1.7,6.6,강한매수,장대양봉,완만한상승,0.94,3.43,2026-09-14
ALVO,1.1,5.05,674194,602497,3.4,3.91,0.9,-1.2,-3.3,매도주의,장대음봉,전저점부근,0.07,-1.77,2026-09-14
AZ,1.1,5.8,323162,288599,1.87,2.46,0.8,-1.6,1.8,매수관심,양봉,완만한상승,0.66,1.79,2026-09-14
AXTX,1.1,4.98,13911452,12600507,69.28,73.11,0.9,-15.9,-9.3,중립,음봉,잔구간,0.03,-0.63,2026-09-14
AXTL,1.1,1.925,1106498,997557,2.13,2.64,0.8,-15.7,-9.4,중립,음봉,잔구간,0.01,-0.645,2026-09-14
NEOV,1.1,3.57,1192242,1113366,4.26,8.83,0.5,-4.1,1.1,중립,팽이도지,잔구간,0.65,0.09,2026-09-14
SGML,1.1,8.91,1917592,1807577,17.09,21.15,0.8,-3.2,-3.2,강한매도,장대음봉,전저점이탈,0.0,-3.35,2026-09-14
SBS,1.1,5.22,7525474,6932565,39.28,57.52,0.7,-4.2,3.0,매수관심,장대양봉,잔구간,0.84,1.205,2026-09-14
SB,1.1,8.35,1432222,1289021,11.96,12.95,0.9,-2.0,0.1,중립,팽이도지,잔구간,0.69,0.115,2026-09-14
SATL,1.1,4.85,4258166,3994283,20.65,18.55,1.1,-0.2,1.5,중립,위꼬리양봉,완만한상승,0.4,-0.22,2026-09-14
MPT,1.1,3.58,11409429,10356895,40.85,36.79,1.1,-1.5,-0.1,매도주의,팽이도지,전저점이탈,0.29,-1.0,2026-09-14
DNOW,1.1,15.64,2263991,2091467,35.41,31.79,1.1,-0.1,0.1,중립,팽이도지,잔구간,0.73,0.14,2026-09-14
ALM,1.1,14.7,6549469,6095686,96.28,121.92,0.8,1.2,-6.2,강한매도,장대음봉,전저점이탈,0.05,-3.29,2026-09-14
XERS,1.1,7.57,2006078,1776642,15.19,13.04,1.2,1.9,-0.3,중립,팽이도지,잔구간,0.3,-0.12,2026-09-14
FMNB,1.1,15.82,348644,313756,5.52,5.25,1.1,0.1,0.4,매수관심,양봉,완만한상승,0.41,1.49,2026-09-14
VSTS,1.1,12.93,1603484,1442550,20.73,19.06,1.1,0.2,-0.5,중립,팽이도지,잔구간,0.32,-0.11,2026-09-14
VNM,1.1,17.34,975125,875929,16.91,13.95,1.2,-1.0,0.1,강한매도,위꼬리양봉,전저점이탈,0.08,-2.25,2026-09-14
CPRI,1.1,14.16,5844737,5281327,82.76,65.05,1.3,-0.3,2.3,강한매수,양봉,전고점돌파,0.95,2.74,2026-09-14
AGNT,1.1,4.11,1857221,1666282,7.63,6.44,1.2,0.0,2.2,매수관심,양봉,완만한상승,0.59,1.71,2026-09-14
XPRO,1.1,17.2,759485,720657,13.06,13.91,0.9,-0.3,-1.8,중립,음봉,잔구간,0.39,-0.415,2026-09-14
WSE,1.1,12.13,1704032,1612284,20.67,18.39,1.1,1.2,-0.2,중립,팽이도지,잔구간,0.56,0.035,2026-09-14
ADUR,1.1,12.91,323125,295072,4.17,5.4,0.8,-3.5,3.7,매수관심,장대양봉,잔구간,0.72,1.13,2026-09-14
ABOS,1.1,2.79,394216,364292,1.1,0.98,1.1,-0.3,-4.1,중립,음봉,잔구간,0.04,-0.625,2026-09-14
VIXY,1.1,17.49,2384795,2263257,41.71,45.57,0.9,3.4,-2.2,매도주의,장대음봉,완만한상승,0.21,-1.45,2026-09-14
VITL,1.1,10.03,1309276,1160719,13.13,11.83,1.1,1.5,1.4,중립,양봉,잔구간,0.63,0.43,2026-09-14
VFF,1.1,2.84,642101,596265,1.82,1.99,0.9,0.0,-1.4,매도주의,위꼬리음봉,잔구간,0.07,-1.01,2026-09-14
ABEO,1.1,5.43,1416192,1235299,7.69,6.87,1.1,-0.1,0.4,중립,팽이도지,잔구간,0.39,-0.065,2026-09-14
YEXT,1.0,6.48,1054626,1108250,6.83,9.34,0.7,0.8,0.5,중립,위꼬리양봉,완만한상승,0.23,-0.42,2026-09-14
ITRG,1.0,2.71,1649660,1661778,4.47,6.57,0.7,-2.1,-2.9,매도주의,장대음봉,잔구간,0.1,-1.24,2026-09-14
ITUB,1.0,8.23,25465301,25009356,209.58,182.96,1.1,-3.4,2.2,매수관심,장대양봉,잔구간,0.83,1.2,2026-09-14
VIPS,1.0,12.44,3545065,3459604,44.1,43.85,1.0,0.0,-0.2,매도주의,위꼬리음봉,전저점부근,0.15,-1.17,2026-09-14
VIR,1.0,10.765,1841514,1900470,19.82,24.35,0.8,1.0,0.3,중립,팽이도지,잔구간,0.42,-0.05,2026-09-14
JANX,1.0,17.31,869769,885901,15.06,18.39,0.8,0.2,1.1,중립,양봉,잔구간,0.41,0.295,2026-09-14
CDE,1.0,19.88,23767421,24764801,472.5,605.89,0.8,-4.0,0.6,중립,팽이도지,전저점부근,0.53,0.79,2026-09-14
ADTN,1.0,7.04,1646223,1584775,11.59,11.58,1.0,-2.5,-4.2,매도주의,장대음봉,잔구간,0.07,-1.26,2026-09-14
AG,1.0,18.8,9375352,9239880,176.26,198.3,0.9,-3.8,-0.1,중립,팽이도지,전저점이탈,0.58,-0.65,2026-09-14
AGNC,1.0,10.09,27148999,28432474,273.93,248.97,1.1,-0.9,0.3,매도주의,위꼬리양봉,전저점이탈,0.39,-1.88,2026-09-14
ORCU,1.0,7.43,6726521,6743999,49.98,53.31,0.9,-11.9,4.8,매수관심,장대양봉,잔구간,0.86,1.215,2026-09-14
OSG,1.0,5.0,457950,438260,2.29,3.05,0.8,-0.2,3.5,강한매수,장대양봉,완만한상승,0.75,3.2,2026-09-14
VTEX,1.0,3.67,751867,773059,2.76,2.56,1.1,1.1,0.8,매수관심,양봉,완만한상승,0.68,1.82,2026-09-14
VTRS,1.0,16.66,7027352,7271272,117.08,131.51,0.9,0.8,0.1,중립,팽이도지,잔구간,0.5,0.0,2026-09-14
VTS,1.0,18.51,588970,579749,10.9,9.83,1.1,0.9,-2.2,매도주의,장대음봉,잔구간,0.04,-1.275,2026-09-14
VUZI,1.0,2.485,528735,519486,1.31,1.44,0.9,-2.0,-0.2,매도주의,위꼬리음봉,잔구간,0.2,-0.93,2026-09-14
ASTL,1.0,4.24,744507,718983,3.16,3.64,0.9,-0.7,0.2,중립,팽이도지,잔구간,0.73,0.14,2026-09-14
OVID,1.0,2.74,1199520,1207213,3.29,3.63,0.9,2.4,-0.5,매수관심,팽이도지,완만한상승,0.48,0.88,2026-09-14
SHEN,1.0,11.79,699195,694428,8.24,7.03,1.2,0.0,-1.0,중립,음봉,잔구간,0.24,-0.505,2026-09-14
ALMS,1.0,9.22,4028056,4184977,37.14,70.49,0.5,0.8,-0.3,매수관심,팽이도지,전저점부근,0.59,0.86,2026-09-14
DHY,1.0,1.65,814420,840221,1.34,1.42,0.9,0.6,-2.4,강한매도,장대음봉,전저점이탈,0.0,-3.35,2026-09-14
DNN,1.0,2.89,25921550,25125066,74.91,80.76,0.9,-3.0,-1.4,중립,망치형,전저점이탈,0.56,0.32,2026-09-14
DRN,1.0,9.61,1588766,1604276,15.27,17.41,0.9,0.0,-1.7,중립,음봉,잔구간,0.29,-0.475,2026-09-14
MULL,1.0,19.56,4953527,4766479,96.89,96.56,1.0,-14.2,4.4,강한매수,장대양봉,전저점부근,0.73,4.029999999999999,2026-09-14
MUZ,1.0,9.4,8664147,8369311,81.44,79.69,1.0,14.3,-3.5,매도주의,장대음봉,완만한상승,0.24,-1.41,2026-09-14
NAC,1.0,10.89,1002656,965109,10.92,9.43,1.2,-1.6,0.0,중립,팽이도지,잔구간,0.4,-0.06,2026-09-14
NAD,1.0,10.94,1180956,1192830,12.92,11.98,1.1,-0.7,0.0,매수관심,양봉스프링,잔구간,1.0,1.05,2026-09-14
GTN,1.0,4.92,810624,792459,3.99,4.55,0.9,2.3,-0.8,중립,음봉,완만한상승,0.26,-0.09,2026-09-14
HAWK,1.0,16.38,1465150,1397299,24.0,26.19,0.9,-1.5,2.1,중립,양봉,잔구간,0.55,0.38,2026-09-14
HBAN,1.0,16.77,19760927,19603268,331.39,347.63,1.0,-0.4,-0.2,중립,팽이도지,잔구간,0.26,-0.145,2026-09-14
NB,1.0,3.63,2329316,2448080,8.46,10.09,0.8,-1.4,-3.2,강한매도,장대음봉,전저점이탈,0.0,-3.35,2026-09-14
SCZM,1.0,8.97,455454,470923,4.09,4.48,0.9,-5.2,-2.0,매도주의,음봉,전저점이탈,0.56,-1.38,2026-09-14
SFL,1.0,13.04,1435857,1477076,18.72,18.04,1.0,0.0,-1.1,중립,음봉,잔구간,0.4,-0.41,2026-09-14
NEOG,1.0,11.95,1931525,1869623,23.08,26.83,0.9,-0.8,2.3,강한매수,장대양봉,완만한상승,0.93,3.42,2026-09-14
BATL,1.0,1.3,6300859,6365320,8.19,8.07,1.0,2.2,-5.1,매도주의,장대음봉,잔구간,0.1,-1.24,2026-09-14
BBAI,1.0,2.88,14215906,13946365,40.94,44.41,0.9,-2.4,2.9,매수관심,양봉,완만한상승,0.6,1.72,2026-09-14
BBDC,1.0,8.77,625779,598838,5.49,6.73,0.8,-0.1,0.1,중립,위꼬리양봉,잔구간,0.2,-0.68,2026-09-14
BBWI,1.0,17.91,5858569,6016952,104.93,110.37,1.0,-1.5,-2.1,매도주의,장대음봉,잔구간,0.31,-1.115,2026-09-14
RXST,1.0,6.105,632159,636389,3.86,5.31,0.7,0.0,1.4,중립,양봉,잔구간,0.59,0.405,2026-09-14
SIBN,1.0,18.7,550964,566434,10.3,9.89,1.0,0.9,0.9,중립,양봉,잔구간,0.8,0.53,2026-09-14
MQ,1.0,16.58,622170,598940,10.32,11.26,0.9,1.8,-0.3,강한매수,망치형,완만한상승,0.67,2.1,2026-09-14
MSTW,1.0,4.415,1696879,1686671,7.49,5.99,1.3,-2.0,4.9,매수관심,장대양봉,잔구간,0.9,1.24,2026-09-14
MSTY,1.0,15.23,2026410,2125878,30.86,32.68,0.9,0.4,3.3,매수관심,장대양봉,잔구간,0.89,1.235,2026-09-14
BORR,1.0,4.12,4655173,4569588,19.18,23.31,0.8,1.2,-4.6,강한매도,장대음봉,전저점이탈,0.0,-3.35,2026-09-14
BRSL,1.0,10.69,1743057,1790142,18.63,20.31,0.9,-0.6,-0.5,중립,팽이도지,잔구간,0.41,-0.055,2026-09-14
SKDD,1.0,8.02,8674092,8906329,69.57,50.51,1.4,15.9,-0.6,중립,망치형,잔구간,0.82,0.69,2026-09-14
RYLD,1.0,15.92,446937,444829,7.12,8.04,0.9,-0.4,0.1,중립,팽이도지,잔구간,0.34,-0.095,2026-09-14
BULL,1.0,9.04,11405980,11649756,103.11,134.73,0.8,-1.1,-0.9,중립,팽이도지,잔구간,0.35,-0.09,2026-09-14
RIG,1.0,5.45,43450747,43800548,236.81,238.82,1.0,0.9,-4.7,강한매도,장대음봉,전저점이탈,0.04,-3.3,2026-09-14
NPWR,1.0,1.8,723963,735190,1.3,1.2,1.1,0.5,-6.2,매도주의,장대음봉,잔구간,0.0,-1.3,2026-09-14
NFGC,1.0,1.65,997381,1012447,1.65,1.88,0.9,-4.1,1.9,매수관심,양봉,전저점부근,0.91,1.94,2026-09-14
NG,1.0,7.23,5552277,5678722,40.14,42.49,0.9,-3.6,0.0,중립,팽이도지,전저점이탈,0.49,-0.76,2026-09-14
GRND,1.0,15.73,1238669,1212784,19.48,16.93,1.2,0.1,2.8,매수관심,장대양봉,잔구간,1.0,1.3,2026-09-14
GT,1.0,5.32,9307244,9792897,49.51,50.01,1.0,-0.6,-0.4,매도주의,위꼬리음봉,전저점부근,0.11,-1.22,2026-09-14
CYRX,1.0,15.96,473607,472231,7.56,7.17,1.1,-1.0,3.7,강한매수,장대양봉,완만한상승,0.97,3.46,2026-09-14
DDD,1.0,3.21,1781640,1815938,5.72,6.76,0.8,-2.1,-1.2,매도주의,음봉,전저점이탈,0.24,-1.76,2026-09-14
CGBD,1.0,11.37,325196,328834,3.7,5.0,0.7,-0.4,0.4,중립,위꼬리양봉,잔구간,0.29,-0.625,2026-09-14
VZLA,1.0,3.79,4219459,4283720,15.99,21.54,0.7,-3.0,-1.6,매도주의,음봉,전저점이탈,0.43,-1.53,2026-09-14
WB,1.0,6.64,959261,967583,6.37,7.75,0.8,0.4,-0.2,매도주의,위꼬리음봉,잔구간,0.18,-0.94,2026-09-14
MITK,1.0,17.9,522560,529382,9.35,10.81,0.9,1.5,2.5,중립,양봉,잔구간,0.6,0.41,2026-09-14
MNKD,1.0,3.75,3129363,3008571,11.74,12.15,1.0,0.3,-0.3,매도주의,위꼬리음봉,잔구간,0.18,-0.94,2026-09-14
DSX,1.0,2.96,1079366,1067402,3.19,4.06,0.8,-1.7,1.4,중립,양봉,잔구간,0.69,0.465,2026-09-14
SNDQ,1.0,14.48,31918064,32691874,462.17,416.76,1.1,14.0,-3.4,중립,음봉,완만한상승,0.38,0.06,2026-09-14
HSHP,1.0,18.11,524994,518527,9.51,7.66,1.2,-1.4,1.6,강한매수,양봉,완만한상승,0.85,2.02,2026-09-14
METC,1.0,10.29,2264067,2253467,23.3,31.33,0.7,-1.3,-6.9,강한매도,장대음봉,전저점이탈,0.12,-3.21,2026-09-14
MFG,1.0,11.33,3580566,3461395,40.57,35.7,1.1,-0.9,-0.2,중립,팽이도지,잔구간,0.38,-0.07,2026-09-14
MGNX,1.0,4.2,431465,438785,1.81,2.04,0.9,0.0,5.0,매수관심,장대양봉,잔구간,0.93,1.26,2026-09-14
HTLD,1.0,12.45,543602,552618,6.77,7.29,0.9,-1.4,2.3,강한매수,장대양봉,완만한상승,0.91,3.39,2026-09-14
SMCX,1.0,11.31,4341536,4308659,49.1,54.63,0.9,-13.4,-3.8,중립,음봉,잔구간,0.22,-0.52,2026-09-14
RLJ,1.0,10.92,1486624,1492336,16.23,18.61,0.9,-0.7,1.1,강한매수,양봉,완만한상승,0.85,2.02,2026-09-14
RPC,1.0,8.05,507939,500193,4.09,4.64,0.9,0.1,-0.9,중립,음봉,잔구간,0.24,-0.505,2026-09-14
RUN,1.0,8.33,6880213,6860430,57.31,61.29,0.9,-2.0,-0.7,중립,음봉,전저점부근,0.43,-0.03,2026-09-14
CIK,1.0,2.38,454261,457989,1.08,0.91,1.2,0.0,-1.2,강한매도,장대음봉,전저점이탈,0.0,-3.35,2026-09-14
AUPH,1.0,16.41,753477,734368,12.36,12.11,1.0,-0.4,2.4,강한매수,장대양봉,수횡파,0.81,3.97,2026-09-14
AVEX,1.0,16.26,1087412,1082052,17.68,21.51,0.8,-2.9,4.2,강한매수,장대양봉,완만한상승,0.8,3.26,2026-09-14
CLSX,1.0,13.49,371613,361508,5.01,5.5,0.9,-13.8,8.6,중립,양봉,잔구간,0.65,0.44,2026-09-14
CMPS,1.0,14.54,2538013,2669145,36.9,38.66,1.0,-1.0,2.4,매수관심,양봉,완만한상승,0.48,1.58,2026-09-14
CORZ,1.0,16.96,10019163,9584960,169.93,193.09,0.9,-5.0,-0.5,매도주의,위꼬리음봉,잔구간,0.13,-0.97,2026-09-14
USA,1.0,5.89,1097425,1123775,6.46,6.54,1.0,-0.5,0.7,매수관심,장대양봉,잔구간,1.0,1.3,2026-09-14
HUN,1.0,9.3,2089418,1993451,19.43,19.06,1.0,-0.3,-2.2,매도주의,장대음봉,전저점부근,0.03,-1.81,2026-09-14
MAMA,1.0,14.88,793563,832566,11.81,11.51,1.0,1.1,-0.0,중립,팽이도지,잔구간,0.36,-0.085,2026-09-14
IGR,1.0,12.6,313076,326505,3.94,4.15,1.0,0.2,-0.4,중립,망치형,잔구간,0.6,0.56,2026-09-14
IHRT,1.0,2.73,393433,382405,1.07,1.28,0.8,0.0,1.1,중립,양봉,잔구간,0.63,0.43,2026-09-14
STWD,1.0,15.44,3692570,3841098,57.01,65.32,0.9,-0.1,-1.0,매도주의,음봉,전저점이탈,0.21,-1.8,2026-09-14
SVM,1.0,11.44,1766998,1694437,20.21,25.45,0.8,-4.1,0.2,중립,팽이도지,전저점이탈,0.73,-0.47,2026-09-14
REZI,1.0,19.43,2096198,2005854,40.73,38.4,1.1,-0.1,1.7,매수관심,양봉,완만한상승,0.79,1.95,2026-09-14
AOD,1.0,10.51,317894,331033,3.34,5.05,0.7,-0.6,0.5,중립,양봉,잔구간,0.91,0.595,2026-09-14
APPS,1.0,11.725,2497026,2618330,29.28,29.76,1.0,-0.5,-0.2,중립,팽이도지,잔구간,0.6,0.06,2026-09-14
NRDS,1.0,9.5,693101,687068,6.58,5.83,1.1,0.7,0.0,중립,위꼬리양봉,잔구간,0.12,-0.73,2026-09-14
GMRS,1.0,13.26,550064,525076,7.29,7.13,1.0,1.8,1.9,매수관심,양봉,완만한상승,0.64,1.77,2026-09-14
GPK,1.0,9.52,6107810,6309377,58.15,58.32,1.0,0.4,-0.2,매도주의,위꼬리음봉,잔구간,0.07,-1.01,2026-09-14
BLMN,1.0,8.91,1673238,1626092,14.91,17.24,0.9,-1.5,4.1,매수관심,장대양봉,잔구간,0.89,1.235,2026-09-14
BDTX,1.0,2.03,514158,496398,1.04,1.11,0.9,0.0,2.5,강한매수,장대양봉,완만한상승,0.86,3.33,2026-09-14
BETR,1.0,12.765,329769,338779,4.21,6.11,0.7,-1.6,0.2,중립,팽이도지,잔구간,0.49,-0.005,2026-09-14
MATV,1.0,11.81,427101,418813,5.04,5.82,0.9,-0.3,-0.8,강한매도,위꼬리음봉,전저점이탈,0.22,-2.59,2026-09-14
MATW,1.0,19.91,724376,756340,14.42,15.91,0.9,-0.6,0.2,중립,팽이도지,잔구간,0.69,0.115,2026-09-14
MCHB,1.0,15.48,397179,405005,6.15,7.01,0.9,-0.2,0.9,중립,양봉,잔구간,0.57,0.39,2026-09-14
LYTS,1.0,20.0,397896,389213,7.96,8.03,1.0,-0.4,0.3,매수관심,양봉스프링,잔구간,0.77,0.91,2026-09-14
CALY,1.0,15.26,1487118,1473961,22.69,23.57,1.0,-1.3,0.0,중립,팽이도지,잔구간,0.57,0.04,2026-09-14
CBRG,1.0,2.88,9711023,9711645,27.97,40.14,0.7,-12.2,1.6,중립,팽이도지,잔구간,0.52,0.01,2026-09-14
ENVX,1.0,3.02,5600655,5476630,16.91,18.05,0.9,-2.3,-0.3,매도주의,팽이도지,전저점이탈,0.33,-0.95,2026-09-14
ANGO,1.0,15.51,389330,387025,6.04,5.29,1.1,0.3,1.2,강한매수,양봉,완만한상승,0.91,2.09,2026-09-14
OFIX,1.0,9.11,324716,329185,2.96,3.26,0.9,0.7,1.3,중립,양봉,잔구간,0.69,0.465,2026-09-14
ONDG,1.0,2.095,2810563,2939958,5.89,6.58,0.9,-5.7,6.3,중립,양봉,잔구간,0.48,0.34,2026-09-14
NVCR,1.0,16.22,1049273,1061851,17.02,17.18,1.0,-0.1,4.7,매수관심,장대양봉,잔구간,0.97,1.28,2026-09-14
NVD,1.0,4.26,82205090,78909180,350.19,354.15,1.0,6.8,0.0,매수관심,팽이도지,전고점돌파,0.43,1.42,2026-09-14
NVDX,1.0,17.79,5057822,5060315,89.98,106.32,0.8,-6.2,-0.6,중립,팽이도지,전저점이탈,0.52,-0.73,2026-09-14
GENI,1.0,6.8,4081024,4137458,27.75,37.95,0.7,0.4,-0.7,중립,팽이도지,잔구간,0.49,-0.005,2026-09-14
GEVO,1.0,1.59,1988466,1964864,3.16,3.28,1.0,0.0,1.3,매수관심,양봉,완만한상승,0.64,1.77,2026-09-14
QCML,1.0,17.91,738086,767279,13.22,11.51,1.1,-12.2,11.4,매수관심,장대양봉,잔구간,0.86,1.215,2026-09-14
GCTS,1.0,1.87,1314882,1375300,2.46,2.65,0.9,-2.6,0.5,중립,팽이도지,잔구간,0.67,0.1,2026-09-14
GDRX,1.0,3.56,1018353,1015547,3.63,3.83,0.9,0.0,5.0,강한매수,장대양봉,완만한상승,0.9,3.38,2026-09-14
ASAN,1.0,9.66,6932495,7268710,66.97,65.36,1.0,4.7,5.2,강한매수,장대양봉,완만한상승,0.8,3.26,2026-09-14
ASLE,1.0,5.42,390719,398513,2.12,2.5,0.8,-0.4,0.2,매수관심,양봉스프링,잔구간,0.84,0.955,2026-09-14
ETHA,1.0,19.17,38724362,38887714,742.35,801.41,0.9,-1.5,1.5,강한매수,장대양봉,완만한상승,0.84,3.31,2026-09-14
EVC,1.0,8.32,1079411,1065826,8.98,9.91,0.9,-2.4,-1.0,매도주의,위꼬리음봉,잔구간,0.0,-1.05,2026-09-14
LPL,1.0,3.13,2154185,2226054,6.74,8.11,0.8,-3.3,-2.2,매도주의,음봉,전저점이탈,0.08,-1.95,2026-09-14
LPTH,1.0,9.11,3269985,3124028,29.79,46.09,0.6,-3.8,2.9,중립,양봉,잔구간,0.63,0.43,2026-09-14
KYN,1.0,14.77,319615,324373,4.72,4.97,0.9,0.3,-0.8,중립,음봉,잔구간,0.21,-0.525,2026-09-14
TBLA,1.0,3.91,1591460,1647053,6.22,7.21,0.9,0.5,2.4,강한매수,장대양봉,완만한상승,0.79,3.25,2026-09-14
TCPC,1.0,4.05,543194,530567,2.2,2.18,1.0,0.2,-0.7,중립,음봉,잔구간,0.17,-0.55,2026-09-14
AIOT,1.0,3.05,1221886,1180069,3.73,3.75,1.0,-0.7,2.3,강한매수,장대양봉,완만한상승,0.64,3.07,2026-09-14
AIRO,1.0,7.25,320082,334690,2.32,2.83,0.8,-2.6,2.7,매수관심,양봉,완만한상승,0.49,1.59,2026-09-14
ALKT,1.0,19.88,1386608,1352518,27.57,30.81,0.9,1.2,-4.2,매도주의,장대음봉,잔구간,0.07,-1.26,2026-09-14
TE,1.0,4.37,15800968,15663006,69.05,93.49,0.7,-5.4,0.2,중립,팽이도지,잔구간,0.54,0.025,2026-09-14
LZ,1.0,6.28,2369399,2399938,14.88,15.91,0.9,3.0,0.8,중립,위꼬리양봉,잔구간,0.25,-0.65,2026-09-14
TMC,1.0,3.83,4623222,4454920,17.71,23.33,0.8,-2.2,-0.5,강한매도,위꼬리음봉,전저점이탈,0.2,-2.61,2026-09-14
CRVS,1.0,13.11,1092286,1063864,14.32,11.92,1.2,0.1,1.5,중립,양봉,잔구간,0.51,0.355,2026-09-14
BZAI,1.0,0.577,2650969,2540344,1.53,1.29,1.2,-4.0,7.3,매수관심,장대양봉,전고점부근,0.8,1.91,2026-09-14
TH,1.0,18.55,1548650,1581385,28.73,45.69,0.6,-0.3,-3.4,매도주의,장대음봉,잔구간,0.14,-1.215,2026-09-14
LBTYA,1.0,10.6,1891985,1966560,20.06,20.97,1.0,1.1,0.2,중립,팽이도지,잔구간,0.7,0.12,2026-09-14
LDI,1.0,0.833,7653227,8038801,6.38,5.52,1.2,0.3,-0.6,매도주의,위꼬리음봉,잔구간,0.19,-0.935,2026-09-14
LFST,1.0,13.38,5241266,5069486,70.13,63.26,1.1,0.6,2.5,강한매수,장대양봉,전고점돌파,0.65,3.68,2026-09-14
PSKY,1.0,10.87,11129373,11157771,120.98,117.71,1.0,2.3,0.3,매수관심,팽이도지,완만한상승,0.42,0.8,2026-09-14
BTCS,1.0,1.36,1936800,1886933,2.63,2.92,0.9,-1.5,4.6,중립,양봉,잔구간,0.64,0.435,2026-09-14
PFFD,1.0,17.96,1044148,1057587,18.75,15.87,1.2,-0.5,-0.4,강한매도,장대음봉,전저점이탈,0.1,-3.23,2026-09-14
PFLT,1.0,7.12,729788,734046,5.2,5.46,1.0,0.0,0.0,중립,위꼬리양봉,잔구간,0.12,-0.73,2026-09-14
APPX,1.0,14.53,1354879,1395970,19.69,19.57,1.0,0.1,6.2,강한매수,양봉,전고점돌파,0.76,2.51,2026-09-14
FPE,1.0,17.42,998079,1016235,17.39,18.37,0.9,-0.4,-0.1,강한매도,위꼬리음봉,전저점이탈,0.2,-2.61,2026-09-14
FWRD,1.0,16.69,435260,442083,7.26,10.19,0.7,-2.5,3.0,강한매수,장대양봉,완만한상승,0.97,3.46,2026-09-14
GALT,1.0,3.84,338529,323232,1.3,1.5,0.9,1.0,-2.8,중립,음봉,전저점부근,0.07,-0.47,2026-09-14
XRAY,1.0,10.38,3213309,3242238,33.35,38.72,0.9,0.1,-0.9,중립,음봉,잔구간,0.13,-0.57,2026-09-14
ZGN,1.0,11.63,1586574,1637661,18.45,17.03,1.1,-0.6,0.8,중립,양봉,잔구간,0.9,0.59,2026-09-14
CRGY,1.0,14.59,6066051,6280804,88.5,79.24,1.1,2.3,-2.7,매도주의,장대음봉,잔구간,0.12,-1.23,2026-09-14
INTR,1.0,5.58,3911453,4085259,21.83,24.08,0.9,-3.9,1.6,중립,양봉,잔구간,0.86,0.565,2026-09-14
IRWD,1.0,4.17,1252649,1211941,5.22,6.4,0.8,0.5,1.7,매수관심,장대양봉,잔구간,0.85,1.21,2026-09-14
JOBY,1.0,6.3,31083792,31058005,195.83,182.88,1.1,-2.5,1.1,중립,위꼬리양봉,잔구간,0.46,-0.525,2026-09-14
PCT,1.0,5.85,2693301,2721926,15.76,18.1,0.9,-2.7,-0.2,중립,팽이도지,잔구간,0.56,0.035,2026-09-14
FLO,1.0,6.0,7762099,8025069,46.57,52.37,0.9,0.7,-2.1,중립,음봉,전저점부근,0.16,-0.36,2026-09-14
XE,1.0,15.64,9039303,8912655,141.37,135.28,1.0,0.0,4.8,중립,양봉,잔구간,0.5,0.35,2026-09-14
UAMY,1.0,4.73,4842679,4968818,22.91,34.58,0.7,-2.9,0.0,중립,팽이도지,잔구간,0.6,0.06,2026-09-14
AESI,1.0,13.14,3302291,3372290,43.39,41.68,1.0,-3.5,-3.8,매도주의,장대음봉,잔구간,0.37,-1.08,2026-09-14
JPMpM,1.0,16.26,330894,326957,5.38,5.22,1.0,-0.3,-0.6,강한매도,음봉,전저점이탈,0.0,-2.05,2026-09-14
KDK,1.0,3.74,1108566,1108531,4.15,4.57,0.9,-1.6,1.6,강한매수,양봉,완만한상승,0.89,2.07,2026-09-14
KVYO,1.0,17.4,5759077,6061369,100.21,125.54,0.8,4.0,2.3,중립,양봉,잔구간,0.97,0.63,2026-09-14
WCMI,1.0,19.38,675866,695259,13.1,14.71,0.9,-1.5,0.2,강한매도,위꼬리양봉,전저점이탈,0.22,-2.09,2026-09-14
WEAV,1.0,7.32,1933046,1896095,14.15,18.45,0.8,0.1,0.0,매수관심,팽이도지,완만한상승,0.5,0.9,2026-09-14
OXSQ,1.0,1.35,1408987,1343743,1.9,1.76,1.1,0.7,0.0,매수관심,팽이도지,완만한상승,0.5,0.9,2026-09-14
PACK,1.0,3.88,471472,457046,1.83,1.83,1.0,-2.5,0.8,매도주의,위꼬리양봉,전저점이탈,0.35,-1.93,2026-09-14
PATH,1.0,14.66,61294672,62627901,898.58,1021.4,0.9,3.2,3.3,중립,양봉,잔구간,0.71,0.475,2026-09-14
ABR,1.0,4.65,3803286,3929071,17.69,18.31,1.0,0.0,-1.5,강한매도,음봉,전저점이탈,0.0,-2.05,2026-09-14
AAOZ,0.9,15.88,740537,822673,11.76,11.82,1.0,16.3,1.6,강한매수,양봉스프링,완만한상승,0.96,2.95,2026-09-14
ABTC,0.9,8.65,1640623,1732509,14.19,15.0,0.9,-2.0,6.1,강한매수,장대양봉,완만한상승,0.88,3.36,2026-09-14
ABUS,0.9,5.13,3803289,4212546,19.51,19.19,1.0,0.0,0.2,매수관심,팽이도지,완만한상승,0.54,0.95,2026-09-14
KEP,0.9,11.56,1047845,1185792,12.11,12.73,1.0,-4.8,-0.5,매도주의,위꼬리음봉,전저점부근,0.0,-1.35,2026-09-14
KLAR,0.9,14.25,5153207,5823485,73.43,106.03,0.7,0.1,3.0,매수관심,장대양봉,잔구간,0.75,1.15,2026-09-14
KSS,0.9,17.17,3115610,3583628,53.5,77.9,0.7,-2.3,2.0,중립,양봉,잔구간,0.53,0.37,2026-09-14
KT,0.9,19.97,978730,1038645,19.55,23.19,0.8,0.2,0.2,중립,팽이도지,잔구간,0.64,0.085,2026-09-14
KURA,0.9,11.56,1457824,1663099,16.85,21.96,0.8,-0.2,1.7,중립,양봉,잔구간,0.72,0.48,2026-09-14
AHRT,0.9,6.24,448691,484927,2.8,3.77,0.7,-0.5,-0.8,매도주의,음봉,전저점이탈,0.4,-1.57,2026-09-14
CRDU,0.9,5.545,7119480,7552445,39.48,53.96,0.7,-11.7,-4.4,강한매도,장대음봉,전저점이탈,0.19,-3.12,2026-09-14
VNET,0.9,6.16,2724153,3012869,16.78,22.23,0.8,-2.1,-0.6,중립,팽이도지,잔구간,0.49,-0.005,2026-09-14
VOD,0.9,17.53,2602451,3025818,45.62,49.33,0.9,0.5,0.2,중립,팽이도지,전고점부근,0.65,-0.27,2026-09-14
ASPI,0.9,3.19,3864729,4417156,12.33,14.33,0.9,-2.1,-1.5,매도주의,음봉,전저점이탈,0.08,-1.95,2026-09-14
OPK,0.9,1.56,2147327,2462944,3.35,5.63,0.6,1.3,-1.9,중립,음봉,잔구간,0.33,-0.45,2026-09-14
OPRT,0.9,8.1,381465,418224,3.09,2.76,1.1,-0.9,3.8,강한매수,장대양봉,완만한상승,0.94,3.43,2026-09-14
FOSL,0.9,4.97,471962,539871,2.35,3.66,0.6,-1.9,7.1,강한매수,장대양봉,완만한상승,0.91,3.39,2026-09-14
PAGS,0.9,9.93,2742994,3051619,27.24,29.82,0.9,-1.2,-0.7,중립,음봉,잔구간,0.53,-0.33,2026-09-14
PANL,0.9,8.325,327579,382398,2.73,3.21,0.8,-1.1,0.1,중립,팽이도지,수횡파,0.58,0.7,2026-09-14
JBGS,0.9,11.25,667490,772717,7.51,9.46,0.8,0.6,-1.7,중립,음봉,잔구간,0.3,-0.47,2026-09-14
LAC,0.9,2.89,9575585,10965537,27.67,31.37,0.9,-2.4,1.8,중립,양봉,전저점이탈,0.73,0.23,2026-09-14
LAR,0.9,5.94,2110609,2272033,12.54,13.58,0.9,-1.7,3.3,매수관심,장대양봉,잔구간,0.93,1.26,2026-09-14
JMIA,0.9,7.34,1574278,1676389,11.56,11.74,1.0,-2.0,0.5,중립,위꼬리양봉,잔구간,0.16,-0.705,2026-09-14
TSLZ,0.9,12.09,2252770,2487728,27.24,31.81,0.9,3.3,0.4,강한매수,양봉스프링,완만한상승,0.84,2.81,2026-09-14
TSSI,0.9,8.45,744219,829597,6.29,8.27,0.8,-4.0,-1.4,중립,음봉,잔구간,0.08,-0.6,2026-09-14
TOYO,0.9,4.27,422498,474930,1.8,2.75,0.7,-2.0,-0.9,중립,음봉,잔구간,0.31,-0.465,2026-09-14
PINS,0.9,19.69,12043489,13286721,237.14,289.83,0.8,0.5,2.8,매수관심,장대양봉,잔구간,0.99,1.295,2026-09-14
FATE,0.9,2.34,645660,728915,1.51,2.14,0.7,-0.4,1.7,중립,양봉,잔구간,0.5,0.35,2026-09-14
FIGS,0.9,13.98,3225835,3536764,45.1,39.14,1.2,-1.0,5.7,매수관심,장대양봉,잔구간,0.71,1.125,2026-09-14
FLNC,0.9,9.41,5761323,6181340,54.21,58.94,0.9,-6.1,0.9,매도주의,위꼬리양봉,전저점이탈,0.41,-1.86,2026-09-14
FLYW,0.9,18.1,1045809,1194434,18.93,24.13,0.8,0.8,0.4,중립,위꼬리양봉,잔구간,0.38,-0.57,2026-09-14
PEPG,0.9,2.97,718423,827914,2.13,2.22,1.0,0.3,-0.7,중립,팽이도지,잔구간,0.32,-0.11,2026-09-14
ORN,0.9,9.01,305145,337202,2.75,3.15,0.9,-2.8,-1.0,중립,음봉,수횡파,0.36,-0.27,2026-09-14
OTF,0.9,10.63,1988247,2232848,21.14,25.82,0.8,0.5,-1.2,매도주의,음봉,전저점이탈,0.19,-1.82,2026-09-14
TRDA,0.9,7.05,336096,388801,2.37,2.44,1.0,0.0,3.7,매수관심,장대양봉,잔구간,0.94,1.265,2026-09-14
TRIN,0.9,17.75,849625,949202,15.08,17.72,0.9,-0.6,-0.4,중립,음봉,전저점부근,0.18,-0.33,2026-09-14
TRIP,0.9,9.23,4293926,5033383,39.63,40.17,1.0,1.2,0.3,매수관심,팽이도지,완만한상승,0.66,1.09,2026-09-14
CSAN,0.9,2.73,2692570,2847068,7.35,8.86,0.8,-3.2,-1.1,매도주의,음봉,전저점이탈,0.11,-1.92,2026-09-14
CTOS,0.9,8.81,994006,1060666,8.76,9.82,0.9,-2.2,-1.1,매도주의,장대음봉,전저점부근,0.23,-1.57,2026-09-14
CVRX,0.9,3.0,548386,617052,1.65,1.95,0.8,-0.7,4.9,강한매수,장대양봉,완만한상승,1.0,3.5,2026-09-14
CABA,0.9,2.91,6312336,6795718,18.37,18.18,1.0,-0.4,7.0,중립,양봉,잔구간,0.61,0.415,2026-09-14
LBTYK,0.9,10.4,1340107,1467291,13.94,13.08,1.1,1.1,1.4,매수관심,양봉,완만한상승,0.76,1.91,2026-09-14
FUN,0.9,13.18,1599319,1822788,21.08,32.09,0.7,-0.5,0.9,중립,팽이도지,전저점부근,0.45,0.69,2026-09-14
FUTG,0.9,4.114,462037,499991,1.9,3.21,0.6,-3.8,1.1,중립,팽이도지,전저점이탈,0.54,-0.7,2026-09-14
FWDI,0.9,6.95,1725050,1899557,11.99,13.74,0.9,-1.1,7.3,강한매수,장대양봉,완만한상승,0.72,3.16,2026-09-14
GAU,0.9,2.06,2056392,2236954,4.24,6.2,0.7,-2.3,-2.4,강한매도,장대음봉,전저점이탈,0.13,-3.19,2026-09-14
ARCT,0.9,15.29,596191,682259,9.12,16.21,0.6,-0.7,4.6,매수관심,장대양봉,잔구간,0.78,1.17,2026-09-14
ARHS,0.9,8.12,874678,935870,7.1,8.03,0.9,-1.5,1.8,중립,양봉,잔구간,0.42,0.3,2026-09-14
LILAK,0.9,8.8,898606,1000720,7.91,10.26,0.8,0.7,0.1,매수관심,양봉스프링,전고점부근,0.83,1.45,2026-09-14
TLK,0.9,15.26,481283,517113,7.34,7.81,0.9,1.7,0.4,강한매수,양봉,전고점돌파,0.85,2.62,2026-09-14
MAGN,0.9,11.45,342640,362081,3.92,4.48,0.9,-0.4,-1.7,매도주의,장대음봉,잔구간,0.03,-1.28,2026-09-14
BITI,0.9,18.78,984660,1085994,18.49,23.7,0.8,-0.6,-1.6,매도주의,장대음봉,잔구간,0.21,-1.175,2026-09-14
BITX,0.9,17.79,9985296,11248467,177.64,200.86,0.9,1.4,3.1,매수관심,장대양봉,잔구간,0.77,1.16,2026-09-14
BKKT,0.9,8.27,802059,896736,6.63,7.59,0.9,-1.5,2.6,강한매수,장대양봉,완만한상승,0.77,3.22,2026-09-14
BLND,0.9,1.45,1752424,1905185,2.54,2.78,0.9,0.0,2.8,강한매수,장대양봉,완만한상승,0.83,3.3,2026-09-14
BSCT,0.9,18.345,456849,501317,8.38,18.09,0.5,-0.1,0.0,매도주의,위꼬리양봉,전저점이탈,0.37,-1.91,2026-09-14
BSCU,0.9,16.325,668082,768469,10.91,16.43,0.7,-0.2,0.1,중립,양봉,전저점이탈,0.46,-0.1,2026-09-14
BSOL,0.9,14.21,2680615,2886667,38.09,50.71,0.8,-0.7,2.0,강한매수,장대양봉,완만한상승,0.81,3.27,2026-09-14
BTCT,0.9,1.53,2281084,2549526,3.49,6.88,0.5,-2.1,7.7,중립,양봉,잔구간,0.55,0.38,2026-09-14
EYPT,0.9,4.25,2531741,2677019,10.76,14.69,0.7,1.7,-1.2,중립,음봉,잔구간,0.5,-0.35,2026-09-14
FOXF,0.9,19.59,390987,432857,7.66,8.39,0.9,-0.5,-0.8,중립,팽이도지,잔구간,0.26,-0.145,2026-09-14
BEZ,0.9,6.48,3763841,4089022,24.39,19.55,1.2,14.0,-0.5,중립,팽이도지,잔구간,0.35,-0.09,2026-09-14
MBI,0.9,4.65,335190,368921,1.56,1.9,0.8,-0.2,0.4,매수관심,팽이도지,완만한상승,0.67,1.1,2026-09-14
MDXG,0.9,4.64,888918,1022386,4.12,4.55,0.9,0.7,0.9,매수관심,양봉,완만한상승,0.8,1.96,2026-09-14
BFLY,0.9,7.41,3076925,3467035,22.8,32.01,0.7,-1.0,2.1,매수관심,양봉,완만한상승,0.54,1.65,2026-09-14
BGS,0.9,3.16,1988305,2206934,6.28,6.89,0.9,0.6,-0.3,매도주의,위꼬리음봉,잔구간,0.11,-0.985,2026-09-14
LSPD,0.9,10.11,495546,536390,5.01,6.0,0.8,0.6,1.1,중립,양봉,잔구간,0.44,0.315,2026-09-14
LXRX,0.9,1.98,1773837,1930691,3.51,5.83,0.6,-1.5,0.5,중립,팽이도지,잔구간,0.6,0.06,2026-09-14
CANE,0.9,11.45,481648,534526,5.51,5.29,1.0,-0.3,-0.3,중립,팽이도지,잔구간,0.35,-0.09,2026-09-14
CARS,0.9,11.71,457229,512575,5.35,5.54,1.0,0.9,0.0,중립,팽이도지,잔구간,0.55,0.03,2026-09-14
GILT,0.9,9.7,425715,477024,4.13,5.29,0.8,-2.4,0.5,중립,위꼬리양봉,잔구간,0.3,-0.62,2026-09-14
NXDR,0.9,2.38,1784826,1898181,4.25,4.74,0.9,0.4,4.4,강한매수,장대양봉,전고점돌파,0.87,3.94,2026-09-14
OBIO,0.9,5.9,383617,411898,2.26,1.87,1.2,-0.8,-2.8,중립,음봉,잔구간,0.35,-0.44,2026-09-14
OCTV,0.9,18.82,2525927,2892571,47.54,51.39,0.9,2.4,3.6,매수관심,장대양봉,잔구간,0.69,1.115,2026-09-14
PRGO,0.9,13.65,1925222,2090033,26.28,36.09,0.7,0.3,-0.4,매도주의,위꼬리음봉,잔구간,0.09,-0.995,2026-09-14
SWVL,0.9,5.51,555033,603994,3.06,5.11,0.6,-1.5,-21.4,매도주의,장대음봉,잔구간,0.1,-1.24,2026-09-14
SXC,0.9,9.54,765428,822635,7.3,8.57,0.9,-1.2,-3.6,강한매도,장대음봉,전저점이탈,0.05,-3.29,2026-09-14
UIS,0.9,2.5,468467,495123,1.17,1.37,0.9,0.0,3.3,매수관심,장대양봉,잔구간,0.72,1.13,2026-09-14
ULCC,0.9,5.63,2149995,2273623,12.1,13.73,0.9,-1.1,1.3,매수관심,양봉,완만한상승,0.69,1.83,2026-09-14
CMRE,0.9,15.13,348111,372620,5.27,5.66,0.9,-0.3,-0.7,중립,망치형,잔구간,0.71,0.625,2026-09-14
CNTN,0.9,2.1,481507,551144,1.01,1.24,0.8,0.5,-0.9,중립,팽이도지,잔구간,0.3,-0.12,2026-09-14
COTY,0.9,2.72,4572930,4825790,12.44,14.6,0.9,0.7,0.0,매수관심,팽이도지,완만한상승,0.5,0.9,2026-09-14
UPBD,0.9,18.25,680802,757249,12.42,14.78,0.8,-0.7,0.4,중립,위꼬리양봉,잔구간,0.23,-0.66,2026-09-14
STDN,0.9,12.29,584676,678278,7.19,15.94,0.5,-0.4,2.4,중립,양봉,잔구간,0.51,0.355,2026-09-14
STTK,0.9,6.2,821906,924819,5.1,5.23,1.0,0.2,-0.2,중립,팽이도지,잔구간,0.64,0.085,2026-09-14
STUB,0.9,6.09,5468376,5948771,33.3,37.89,0.9,0.0,1.0,중립,위꼬리양봉,완만한상승,0.33,-0.3,2026-09-14
HYLN,0.9,3.79,1257132,1376238,4.76,6.48,0.7,-4.4,1.6,중립,양봉,잔구간,0.81,0.535,2026-09-14
HYPD,0.9,3.64,509306,540455,1.85,2.08,0.9,-0.3,4.6,강한매수,장대양봉,완만한상승,0.82,3.28,2026-09-14
ICL,0.9,5.51,1267624,1339532,6.98,7.62,0.9,-1.9,-0.7,강한매도,장대음봉,전저점이탈,0.17,-3.15,2026-09-14
MGTX,0.9,12.88,492317,572907,6.34,9.32,0.7,0.2,0.5,중립,위꼬리양봉,잔구간,0.26,-0.645,2026-09-14
MICC,0.9,19.91,815334,886780,16.23,16.91,1.0,1.4,-0.1,매수관심,팽이도지,완만한상승,0.55,0.96,2026-09-14
IMMX,0.9,12.21,1079588,1238481,13.18,17.29,0.8,2.5,-1.8,중립,음봉,잔구간,0.38,-0.42,2026-09-14
SPAX,0.9,9.98,1509581,1644118,15.07,15.17,1.0,-5.0,0.9,중립,위꼬리양봉,잔구간,0.24,-0.655,2026-09-14
SPCH,0.9,9.84,22055905,25004638,217.03,228.1,1.0,-5.0,0.9,중립,위꼬리양봉,잔구간,0.26,-0.645,2026-09-14
ANIX,0.9,2.8,376444,404705,1.05,1.13,0.9,1.1,0.4,중립,팽이도지,잔구간,0.33,-0.1,2026-09-14
ODD,0.9,18.82,1507334,1646984,28.37,37.76,0.8,-0.5,3.5,중립,양봉,잔구간,0.76,0.505,2026-09-14
NUAI,0.9,5.6,4877975,5604932,27.32,36.25,0.8,-5.1,-0.7,중립,팽이도지,잔구간,0.39,-0.065,2026-09-14
NUS,0.9,4.87,459750,498192,2.24,2.74,0.8,0.0,0.4,매수관심,팽이도지,완만한상승,0.72,1.16,2026-09-14
ANNA,0.9,3.39,396446,447470,1.34,1.16,1.2,0.3,-3.4,중립,음봉,잔구간,0.2,-0.53,2026-09-14
ANNX,0.9,3.95,2896025,3126456,11.44,12.06,0.9,0.8,-0.5,중립,팽이도지,전저점부근,0.45,0.69,2026-09-14
PTRN,0.9,19.97,994738,1125591,19.86,23.0,0.9,-0.4,0.0,중립,팽이도지,잔구간,0.44,-0.035,2026-09-14
QBTS,0.9,16.83,11594704,12904648,195.14,261.63,0.7,-4.2,4.6,강한매수,장대양봉,완만한상승,0.61,3.03,2026-09-14
GGT,0.9,4.04,362529,391942,1.46,1.85,0.8,-0.2,0.5,매수관심,양봉,완만한상승,0.6,1.72,2026-09-14
AMTX,0.9,1.95,600628,686425,1.17,1.34,0.9,0.0,-3.0,매도주의,장대음봉,잔구간,0.33,-1.1,2026-09-14
EOSE,0.9,3.82,21171329,23676957,80.87,104.51,0.8,-4.6,1.3,중립,위꼬리양봉,잔구간,0.32,-0.61,2026-09-14
EQPT,0.9,17.91,1866392,2134275,33.43,40.71,0.8,-1.4,0.8,중립,위꼬리양봉,잔구간,0.33,-0.6,2026-09-14
SPIR,0.9,11.34,478962,506897,5.43,6.91,0.8,-2.1,1.4,중립,양봉,잔구간,0.8,0.53,2026-09-14
SSL,0.9,14.5,1641880,1782357,23.81,28.62,0.8,0.7,-1.3,중립,음봉,잔구간,0.14,-0.565,2026-09-14
SMST,0.9,19.56,789881,869985,15.45,24.28,0.6,-0.1,-9.1,매도주의,장대음봉,잔구간,0.07,-1.26,2026-09-14
SMWB,0.9,8.61,560447,649391,4.83,5.5,0.9,-0.5,7.2,매수관심,장대양봉,잔구간,0.87,1.22,2026-09-14
SNAP,0.9,5.84,29571578,32551073,172.7,173.71,1.0,0.9,1.9,매수관심,양봉,완만한상승,0.73,1.88,2026-09-14
SNDG,0.9,8.5,6097185,6642960,51.83,72.36,0.7,-14.1,4.8,중립,양봉,잔구간,0.61,0.415,2026-09-14
SNDX,0.9,18.35,1186873,1298944,21.78,28.71,0.8,0.7,0.3,중립,위꼬리양봉,잔구간,0.26,-0.645,2026-09-14
SNXX,0.9,13.73,53329110,59208137,732.21,992.98,0.7,-14.0,4.6,중립,양봉,잔구간,0.63,0.43,2026-09-14
HLLY,0.9,2.72,881536,954229,2.4,3.27,0.7,-0.7,1.9,중립,양봉,잔구간,0.64,0.435,2026-09-14
HSAI,0.9,17.06,956561,1087291,16.32,25.62,0.6,-1.7,0.2,중립,위꼬리양봉,잔구간,0.11,-0.735,2026-09-14
SOLZ,0.9,10.283,1176462,1309184,12.1,14.22,0.9,-0.9,2.1,강한매수,장대양봉,완만한상승,0.75,3.2,2026-09-14
SONO,0.9,15.58,1588678,1777681,24.75,25.8,1.0,0.5,2.5,강한매수,장대양봉,완만한상승,0.95,3.44,2026-09-14
SLDP,0.9,2.46,2163751,2519560,5.32,6.99,0.8,-3.0,0.2,중립,팽이도지,잔구간,0.45,-0.03,2026-09-14
SLNH,0.9,1.15,5900917,6320686,6.79,8.87,0.8,-5.9,2.7,중립,양봉,잔구간,0.5,0.35,2026-09-14
VELO,0.9,9.99,804810,876904,8.04,9.97,0.8,-4.5,-0.7,강한매도,위꼬리음봉,전저점이탈,0.16,-2.66,2026-09-14
VFC,0.9,13.07,7101080,7648650,92.81,86.55,1.1,-3.0,2.3,매수관심,장대양봉,잔구간,0.79,1.175,2026-09-14
EC,0.9,17.74,1312805,1457849,23.29,29.92,0.8,0.4,-0.4,중립,팽이도지,잔구간,0.39,-0.065,2026-09-14
EGHT,0.9,1.845,1389368,1601375,2.56,2.66,1.0,1.1,-0.8,중립,팽이도지,완만한상승,0.35,0.72,2026-09-14
RGTI,0.9,15.27,13018115,14558047,198.79,252.84,0.8,-4.7,4.9,강한매수,장대양봉,완만한상승,0.7,3.14,2026-09-14
QXO,0.9,12.11,12016630,13785250,145.52,176.02,0.8,-2.4,0.8,매도주의,위꼬리양봉,전저점이탈,0.4,-1.87,2026-09-14
SMCL,0.9,15.75,525742,556166,8.28,10.12,0.8,-13.3,-4.1,중립,음봉,잔구간,0.2,-0.53,2026-09-14
DAMD,0.9,14.46,2228121,2594989,32.22,41.52,0.8,11.4,-2.4,중립,음봉,잔구간,0.25,-0.5,2026-09-14
DEI,0.9,10.57,1464550,1611979,15.48,18.23,0.8,0.4,-1.9,강한매도,장대음봉,전저점이탈,0.17,-3.15,2026-09-14
CGC,0.9,0.938,2102845,2248328,1.97,2.27,0.9,0.5,0.6,중립,팽이도지,잔구간,0.53,0.02,2026-09-14
CGNT,0.9,8.33,604904,670118,5.04,6.36,0.8,1.5,2.3,매수관심,장대양봉,잔구간,0.72,1.13,2026-09-14
CIFR,0.9,15.635,34901818,38546467,545.69,526.33,1.0,-7.7,0.5,중립,위꼬리양봉,잔구간,0.22,-0.67,2026-09-14
DHC,0.9,7.68,1605373,1804998,12.33,11.73,1.1,0.4,2.0,강한매수,장대양봉,완만한상승,0.92,3.4,2026-09-14
ALT,0.9,3.3,2465554,2890540,8.14,11.32,0.7,0.0,0.9,중립,위꼬리양봉,잔구간,0.33,-0.6,2026-09-14
AMPG,0.9,3.38,654084,750783,2.21,3.39,0.7,-3.5,1.2,중립,양봉,잔구간,0.71,0.475,2026-09-14
NMCO,0.9,9.66,421830,470025,4.07,5.7,0.7,0.2,-0.3,중립,음봉,잔구간,0.56,-0.315,2026-09-14
NNE,0.9,15.89,1499195,1595778,23.82,29.43,0.8,-4.1,1.0,매도주의,위꼬리양봉,전저점이탈,0.35,-1.93,2026-09-14
AUR,0.9,6.46,22703651,25230226,146.67,178.94,0.8,-1.1,1.6,매수관심,양봉,완만한상승,0.56,1.67,2026-09-14
AVAH,0.9,14.38,2585842,2755751,37.18,39.87,0.9,1.3,0.8,중립,위꼬리양봉,완만한상승,0.36,-0.27,2026-09-14
AVO,0.9,12.81,710314,830464,9.1,9.73,0.9,0.5,-2.0,매도주의,장대음봉,잔구간,0.18,-1.19,2026-09-14
AVR,0.9,8.72,551839,587392,4.81,5.03,1.0,-0.4,4.8,강한매수,장대양봉,완만한상승,0.98,3.48,2026-09-14
CMBT,0.9,19.42,1048187,1190737,20.36,23.88,0.9,-0.7,0.4,매수관심,양봉스프링,잔구간,0.82,0.94,2026-09-14
CMPX,0.9,1.96,2278976,2554138,4.47,6.23,0.7,1.2,-3.2,매도주의,장대음봉,전저점부근,0.0,-1.85,2026-09-14
MRVI,0.9,6.685,2260052,2590633,15.11,23.83,0.6,0.0,2.4,중립,양봉,잔구간,0.55,0.38,2026-09-14
MSOX,0.9,2.94,1673921,1843223,4.92,5.23,0.9,-1.8,6.9,중립,양봉,잔구간,0.65,0.44,2026-09-14
BRBR,0.9,9.2,2484028,2796425,22.85,30.65,0.7,3.1,-2.3,매도주의,장대음봉,잔구간,0.0,-1.3,2026-09-14
CEPL,0.9,5.64,396222,454317,2.23,2.53,0.9,-3.9,-0.4,중립,팽이도지,잔구간,0.26,-0.145,2026-09-14
CERT,0.9,8.0,1695952,1806118,13.57,15.29,0.9,0.8,5.1,매수관심,장대양봉,잔구간,0.82,1.19,2026-09-14
DLO,0.9,14.84,1304898,1479567,19.36,27.83,0.7,0.2,-0.4,중립,팽이도지,잔구간,0.31,-0.115,2026-09-14
DNUT,0.9,3.2,1642015,1766477,5.25,7.11,0.7,1.2,-1.5,중립,음봉,잔구간,0.3,-0.47,2026-09-14
DQ,0.9,11.51,702899,755395,8.09,11.56,0.7,0.1,-0.3,매수관심,팽이도지,전저점부근,0.54,0.8,2026-09-14
GSBD,0.9,9.63,605649,672388,5.83,7.9,0.7,0.3,-0.2,매도주의,위꼬리음봉,잔구간,0.12,-0.98,2026-09-14
RIVN,0.9,15.86,16730602,17644959,265.35,314.4,0.8,-1.0,-0.0,매도주의,위꼬리음봉,잔구간,0.24,-0.905,2026-09-14
CIM,0.9,11.08,965817,1028884,10.7,11.0,1.0,-0.1,-0.4,중립,팽이도지,잔구간,0.35,-0.09,2026-09-14
CLBK,0.9,11.4,3027551,3533647,34.51,36.69,0.9,0.3,-1.5,매도주의,장대음봉,잔구간,0.11,-1.235,2026-09-14
CLPT,0.9,13.46,478935,545555,6.45,8.77,0.7,-1.4,-0.5,매도주의,위꼬리음봉,잔구간,0.02,-1.04,2026-09-14
HDSN,0.9,5.33,367328,429417,1.96,2.47,0.8,-0.6,-0.7,중립,망치형,잔구간,0.55,0.53,2026-09-14
HE,0.9,10.36,2416275,2711815,25.03,29.88,0.8,0.3,-0.5,중립,음봉,잔구간,0.34,-0.445,2026-09-14
BMNZ,0.9,4.97,3318328,3615523,16.49,22.84,0.7,3.6,-8.8,매도주의,장대음봉,잔구간,0.13,-1.22,2026-09-14
DRVN,0.9,12.47,1020492,1101056,12.73,15.51,0.8,1.5,1.1,중립,양봉,잔구간,0.6,0.41,2026-09-14
SABR,0.9,2.175,6107073,6746092,13.28,10.95,1.2,0.5,-0.2,강한매수,망치형,완만한상승,0.71,2.15,2026-09-14
SBSW,0.9,11.91,4540289,4963164,54.07,71.05,0.8,-6.1,1.1,중립,양봉,전저점이탈,0.76,0.26,2026-09-14
SECZ,0.9,8.21,1359059,1560657,11.16,11.62,1.0,-3.0,2.4,중립,양봉,잔구간,0.51,0.355,2026-09-14
SERV,0.9,4.43,2456546,2714585,10.88,14.78,0.7,-1.8,0.7,중립,팽이도지,잔구간,0.62,0.07,2026-09-14
SG,0.9,7.25,4171696,4684583,30.24,34.48,0.9,0.0,2.1,매수관심,양봉,완만한상승,0.59,1.71,2026-09-14
BANC,0.9,18.46,2243379,2601601,41.41,45.5,0.9,-1.4,0.9,중립,양봉,잔구간,0.4,0.29,2026-09-14
BBAR,0.9,14.8,389837,440457,5.77,12.32,0.5,-0.7,0.1,중립,팽이도지,잔구간,0.7,0.12,2026-09-14
RYAM,0.9,8.32,590179,639888,4.91,5.82,0.8,-1.2,-1.0,중립,음봉,잔구간,0.37,-0.43,2026-09-14
BTGO,0.9,7.88,1367652,1463164,10.78,12.05,0.9,-0.7,3.7,강한매수,장대양봉,완만한상승,0.84,3.31,2026-09-14
RITM,0.9,9.77,5031073,5719382,49.15,49.69,1.0,-0.4,0.7,매수관심,양봉,완만한상승,0.69,1.83,2026-09-14
YSS,0.9,7.71,2585145,2905050,19.93,23.31,0.9,-1.1,-1.0,매도주의,위꼬리음봉,잔구간,0.1,-0.99,2026-09-14
WU,0.9,7.03,5172959,5981205,36.37,53.14,0.7,1.4,0.0,중립,위꼬리양봉,잔구간,0.16,-0.705,2026-09-14
ZNTL,0.9,3.5,750363,826033,2.63,3.15,0.8,-1.1,0.9,중립,위꼬리양봉,잔구간,0.46,-0.525,2026-09-14
KEEL,0.9,3.45,27447971,32279767,94.7,114.15,0.8,-7.6,4.5,중립,양봉,잔구간,0.69,0.465,2026-09-14
JBLU,0.9,4.36,16406452,18362788,71.53,87.79,0.8,-2.5,1.6,중립,양봉,잔구간,0.41,0.295,2026-09-14
JBS,0.9,12.51,4407688,5121753,55.14,66.03,0.8,0.4,-1.0,중립,음봉,잔구간,0.08,-0.6,2026-09-14
ADT,0.9,7.08,6177079,6624398,43.73,47.54,0.9,0.9,-0.4,매도주의,위꼬리음봉,잔구간,0.0,-1.05,2026-09-14
WEN,0.9,7.63,5095209,5839570,38.88,45.8,0.8,-0.4,0.4,중립,위꼬리양봉,잔구간,0.42,-0.55,2026-09-14
XRX,0.9,3.31,2331600,2539592,7.72,8.96,0.9,-1.6,-1.9,중립,음봉,잔구간,0.28,-0.48,2026-09-14
XXI,0.9,5.79,1864236,2095378,10.79,9.46,1.1,0.0,6.2,매수관심,장대양봉,잔구간,1.0,1.3,2026-09-14
WVE,0.9,4.58,2870158,3139723,13.15,17.15,0.8,0.2,-0.4,중립,망치형,잔구간,0.64,0.585,2026-09-14
CCCC,0.8,3.43,1485667,1828559,5.1,6.91,0.7,-1.4,-0.9,매도주의,위꼬리음봉,잔구간,0.15,-0.96,2026-09-14
WRD,0.8,5.69,1694496,2163816,9.64,10.31,0.9,-1.2,0.2,중립,팽이도지,잔구간,0.38,-0.07,2026-09-14
WLTH,0.8,10.65,3605186,4590409,38.4,29.32,1.3,-0.9,3.5,강한매수,장대양봉,완만한상승,0.92,3.4,2026-09-14
HIVE,0.8,2.99,10656863,12839094,31.86,40.09,0.8,-3.8,2.6,중립,양봉,잔구간,0.72,0.48,2026-09-14
AEVA,0.8,14.67,1219530,1476093,17.89,23.26,0.8,-5.5,0.1,중립,팽이도지,잔구간,0.27,-0.14,2026-09-14
KC,0.8,9.83,900555,1107712,8.85,12.56,0.7,-2.5,1.2,중립,양봉,잔구간,0.5,0.35,2026-09-14
UA,0.8,4.91,1811079,2199411,8.89,11.35,0.8,-0.4,-1.2,중립,음봉,잔구간,0.07,-0.61,2026-09-14
AEHG,0.8,6.43,1402414,1829779,9.02,11.41,0.8,-20.2,-4.3,중립,음봉,잔구간,0.14,-0.565,2026-09-14
ZENA,0.8,1.48,1176396,1491681,1.74,2.91,0.6,-3.9,1.4,중립,양봉,전저점이탈,0.5,-0.05,2026-09-14
NEXA,0.8,12.51,601278,739584,7.52,11.28,0.7,-3.8,-2.3,매도주의,음봉,전저점이탈,0.1,-1.93,2026-09-14
DRTS,0.8,14.4,388023,509822,5.59,11.0,0.5,-2.2,2.1,매수관심,양봉,수횡파,0.4,1.18,2026-09-14
HLF,0.8,12.05,1198884,1462087,14.45,25.3,0.6,0.7,-0.5,매도주의,위꼬리음봉,완만한상승,0.16,-1.01,2026-09-14
BABX,0.8,16.91,364307,475292,6.16,9.22,0.7,-1.7,1.6,중립,양봉,잔구간,0.55,0.38,2026-09-14
DUOT,0.8,8.24,546905,678374,4.51,7.15,0.6,-1.1,0.9,중립,팽이도지,잔구간,0.69,0.115,2026-09-14
SHC,0.8,18.52,1573520,1883317,29.14,32.03,0.9,0.5,0.3,중립,팽이도지,잔구간,0.55,0.03,2026-09-14
YMAX,0.8,7.47,793904,981493,5.93,8.25,0.7,-0.8,0.8,매수관심,양봉,완만한상승,0.55,1.66,2026-09-14
RXO,0.8,19.46,1322632,1685428,25.74,31.27,0.8,-1.5,1.4,중립,양봉,잔구간,0.76,0.505,2026-09-14
SOFX,0.8,8.86,833812,1110552,7.39,10.69,0.7,-3.9,7.5,매수관심,장대양봉,잔구간,0.84,1.205,2026-09-14
SKHZ,0.8,10.16,1624614,2063300,16.51,16.09,1.0,7.7,-0.2,중립,망치형,잔구간,0.78,0.67,2026-09-14
SSPC,0.8,9.4,12161053,14894982,114.31,128.77,0.9,5.0,-0.7,중립,망치형,잔구간,0.77,0.66,2026-09-14
SRAD,0.8,13.2,1474350,1893137,19.46,26.65,0.7,0.7,1.5,강한매수,양봉,완만한상승,0.88,2.06,2026-09-14
SHMD,0.8,3.17,380849,482603,1.21,1.93,0.6,-4.7,-1.6,매도주의,위꼬리음봉,잔구간,0.1,-0.99,2026-09-14
BOIL,0.8,19.9,4860325,5877891,96.72,99.34,1.0,2.3,1.0,중립,위꼬리양봉,잔구간,0.43,-0.54,2026-09-14
AUTL,0.8,1.94,1480607,1780495,2.87,3.8,0.8,-1.1,4.3,매수관심,장대양봉,잔구간,0.9,1.24,2026-09-14
AVS,0.8,8.46,10155694,13088760,85.92,105.07,0.8,3.6,1.2,강한매수,장대양봉,완만한상승,0.86,3.33,2026-09-14
SIDU,0.8,1.94,2919340,3434852,5.66,6.81,0.8,-3.5,0.5,매도주의,위꼬리양봉,전저점이탈,0.33,-1.95,2026-09-14
SIGA,0.8,3.15,522908,684450,1.65,2.31,0.7,0.3,3.6,강한매수,장대양봉,완만한상승,0.97,3.46,2026-09-14
RLX,0.8,1.75,2968194,3841341,5.19,6.92,0.8,0.0,-1.1,중립,음봉,수횡파,0.51,-0.09,2026-09-14
RLMD,0.8,4.44,1264731,1643924,5.62,6.01,0.9,0.0,-1.8,중립,음봉,잔구간,0.14,-0.565,2026-09-14
GRPN,0.8,19.11,794510,1020110,15.18,17.67,0.9,-0.6,2.6,강한매수,장대양봉,완만한상승,0.88,3.36,2026-09-14
NKTX,0.8,2.92,491725,644681,1.44,1.87,0.8,0.3,0.0,중립,팽이도지,완만한상승,0.26,0.61,2026-09-14
DJT,0.8,8.85,2721117,3388034,24.08,29.23,0.8,-0.6,2.8,매수관심,양봉,완만한상승,0.57,1.68,2026-09-14
NTST,0.8,19.52,714184,867342,13.94,17.67,0.8,1.3,-1.9,매도주의,장대음봉,잔구간,0.06,-1.265,2026-09-14
RNW,0.8,6.83,1877648,2306222,12.82,16.51,0.8,0.1,-0.1,중립,음봉,완만한상승,0.48,0.18,2026-09-14
RR,0.8,1.63,2922075,3885749,4.76,9.69,0.5,-2.7,1.6,중립,위꼬리양봉,잔구간,0.44,-0.535,2026-09-14
SNK,0.8,15.44,2657618,3405628,41.03,52.54,0.8,4.4,-0.5,중립,망치형,잔구간,0.76,0.655,2026-09-14
HLN,0.8,9.39,13817066,16783039,129.74,129.87,1.0,2.4,-0.2,중립,망치형,잔구간,0.58,0.55,2026-09-14
HTGC,0.8,17.58,1002764,1215652,17.63,23.13,0.8,0.2,0.7,매수관심,양봉,완만한상승,0.65,1.78,2026-09-14
EAF,0.8,6.66,381173,458760,2.54,3.39,0.7,-3.2,4.6,중립,양봉,잔구간,0.92,0.6,2026-09-14
ECC,0.8,3.7,554350,722504,2.05,3.41,0.6,-1.1,1.1,매수관심,장대양봉,잔구간,0.67,1.1,2026-09-14
EH,0.8,4.51,523754,646193,2.36,3.26,0.7,0.2,-0.7,매도주의,위꼬리음봉,잔구간,0.19,-0.935,2026-09-14
RGNX,0.8,8.69,858446,1049852,7.46,10.5,0.7,0.6,1.3,중립,양봉,잔구간,0.84,0.555,2026-09-14
DYN,0.8,18.52,3196936,4242211,59.21,87.37,0.7,1.0,0.7,중립,위꼬리양봉,잔구간,0.29,-0.625,2026-09-14
ANY,0.8,2.93,353226,419066,1.03,1.35,0.8,-0.7,9.3,강한매수,장대양봉,전고점돌파,0.89,3.97,2026-09-14
RAMZ,0.8,17.23,349740,448105,6.03,6.88,0.9,15.0,-0.7,중립,망치형,잔구간,0.6,0.56,2026-09-14
MIR,0.8,15.38,2693343,3304912,41.42,61.45,0.7,-2.4,-1.4,중립,음봉,잔구간,0.0,-0.65,2026-09-14
RDW,0.8,10.49,9661370,12228556,101.35,121.45,0.8,-3.3,2.1,중립,위꼬리양봉,잔구간,0.39,-0.565,2026-09-14
MNRO,0.8,12.86,667542,800129,8.58,9.86,0.9,-0.1,0.6,강한매수,양봉스프링,완만한상승,0.77,2.72,2026-09-14
MNTN,0.8,11.96,528604,658223,6.32,9.76,0.6,0.5,0.6,중립,위꼬리양봉,잔구간,0.19,-0.685,2026-09-14
SMCY,0.8,5.06,1891129,2273422,9.57,8.09,1.2,-5.0,-1.9,중립,음봉,전저점부근,0.28,-0.21,2026-09-14
SHNY,0.8,8.89,1104100,1386773,9.82,14.57,0.7,-5.2,0.7,매도주의,위꼬리양봉,전저점이탈,0.37,-1.91,2026-09-14
TRLV,0.8,11.62,1599245,1988379,18.58,20.98,0.9,-0.4,3.2,매수관심,양봉,완만한상승,0.51,1.61,2026-09-14
FINV,0.8,3.39,949482,1162345,3.22,5.6,0.6,0.3,-0.6,매도주의,위꼬리음봉,잔구간,0.13,-0.97,2026-09-14
TRVI,0.8,15.89,1062475,1339047,16.88,23.49,0.7,0.6,-0.7,중립,음봉,잔구간,0.2,-0.53,2026-09-14
KYTX,0.8,7.4,533910,673458,3.95,6.11,0.6,-0.1,2.1,중립,양봉,잔구간,0.68,0.46,2026-09-14
CRCT,0.8,5.65,554324,673530,3.13,4.05,0.8,0.5,0.0,매수관심,팽이도지,완만한상승,0.59,1.01,2026-09-14
CRCD,0.8,1.79,5755212,7048916,10.3,11.85,0.9,-2.6,-12.3,매도주의,장대음봉,잔구간,0.04,-1.275,2026-09-14
KYIV,0.8,13.66,310469,371078,4.24,6.49,0.7,-0.8,1.2,매수관심,양봉,완만한상승,0.36,1.43,2026-09-14
AGEN,0.8,7.13,752308,940202,5.36,6.67,0.8,1.3,1.4,강한매수,양봉스프링,완만한상승,0.86,2.83,2026-09-14
XFOR,0.8,3.62,1018021,1327614,3.69,3.34,1.1,0.3,3.1,매수관심,양봉,완만한상승,0.62,1.74,2026-09-14
YDES,0.8,3.83,523342,679579,2.0,2.21,0.9,0.2,-4.5,중립,음봉,수횡파,0.55,-0.04,2026-09-14
KOPN,0.8,4.35,2588611,3228148,11.26,14.36,0.8,-5.7,1.2,중립,위꼬리양봉,잔구간,0.37,-0.58,2026-09-14
ACB,0.8,3.81,605850,731262,2.31,3.74,0.6,-0.8,2.7,매수관심,양봉,완만한상승,0.58,1.7,2026-09-14
IQ,0.8,0.995,6827887,8058086,6.79,9.38,0.7,-0.3,4.7,강한매수,장대양봉,완만한상승,0.6,3.02,2026-09-14
TLYS,0.8,4.92,737224,936999,3.63,10.54,0.3,1.1,5.8,강한매수,장대양봉,완만한상승,1.0,3.5,2026-09-14
TNON,0.8,5.56,5011183,6552713,27.86,139.18,0.2,-6.2,-0.1,매도주의,위꼬리음봉,잔구간,0.22,-0.92,2026-09-14
TME,0.8,8.11,4897171,6016107,39.72,54.36,0.7,0.8,0.9,매수관심,양봉,완만한상승,0.5,1.6,2026-09-14
IONL,0.8,11.36,514388,612563,5.84,8.07,0.7,-8.2,13.6,강한매수,장대양봉,완만한상승,0.7,3.14,2026-09-14
UNCY,0.8,5.15,671002,871946,3.46,4.18,0.8,-0.4,-2.3,중립,음봉,잔구간,0.09,-0.595,2026-09-14
PSEC,0.8,2.2,2746661,3496352,6.04,7.75,0.8,-0.5,-0.5,매도주의,위꼬리음봉,잔구간,0.0,-1.05,2026-09-14
ETHW,0.8,18.15,637582,785279,11.57,18.61,0.6,-1.4,1.4,매수관심,장대양봉,잔구간,0.8,1.18,2026-09-14
PROK,0.8,1.81,952598,1148824,1.72,2.18,0.8,0.0,0.6,중립,위꼬리양봉,잔구간,0.36,-0.585,2026-09-14
ASC,0.8,18.75,427210,541032,8.01,10.72,0.7,1.0,-0.5,강한매수,망치형,완만한상승,0.74,2.19,2026-09-14
PPLT,0.8,15.9,2086176,2458928,33.17,48.3,0.7,-1.7,-0.6,중립,음봉,전저점부근,0.29,-0.2,2026-09-14
ETHT,0.8,17.79,1499442,1893471,26.68,38.19,0.7,-3.2,3.1,매수관심,장대양봉,잔구간,0.81,1.185,2026-09-14
EXK,0.8,9.72,6941067,9021956,67.47,100.03,0.7,-4.7,0.2,중립,팽이도지,전저점이탈,0.6,-0.63,2026-09-14
BSCV,0.8,15.985,392516,486606,6.27,8.42,0.7,-0.1,-0.0,중립,팽이도지,전저점부근,0.26,0.46,2026-09-14
PLG,0.8,1.4,974797,1206873,1.36,2.0,0.7,-1.4,-2.8,강한매도,장대음봉,전저점이탈,0.2,-3.11,2026-09-14
EWZS,0.8,13.162,318462,401434,4.19,5.3,0.8,-3.2,1.7,강한매수,장대양봉,전저점부근,0.72,4.01,2026-09-14
BLDP,0.8,2.16,2632011,3175895,5.69,7.55,0.8,-2.7,0.5,중립,팽이도지,전저점이탈,0.53,-0.71,2026-09-14
BDN,0.8,2.94,1426760,1898819,4.19,5.33,0.8,-0.3,-2.0,매도주의,장대음봉,전저점부근,0.0,-1.85,2026-09-14
BEKE,0.8,16.7,3495104,4167331,58.37,90.89,0.6,-0.8,-0.6,중립,음봉,잔구간,0.19,-0.535,2026-09-14
LUNL,0.8,3.303,1110160,1372465,3.67,4.5,0.8,-9.3,2.6,강한매도,위꼬리양봉,전저점이탈,0.27,-2.03,2026-09-14
PUBM,0.8,16.59,418944,496500,6.95,9.93,0.7,0.7,-0.1,매도주의,위꼬리음봉,잔구간,0.21,-0.925,2026-09-14
PSO,0.8,16.11,743583,911349,11.98,10.76,1.1,2.2,0.4,매수관심,양봉,완만한상승,0.8,1.96,2026-09-14
OLN,0.8,16.88,1977284,2541429,33.38,46.85,0.7,1.5,-3.3,매도주의,장대음봉,수횡파,0.03,-1.96,2026-09-14
GDXD,0.8,19.11,3273434,3893802,62.56,77.32,0.8,10.3,-0.6,매수관심,팽이도지,전고점돌파,0.45,1.44,2026-09-14
SWIM,0.8,6.4,653594,846628,4.18,6.31,0.7,-1.4,2.7,매수관심,장대양봉,잔구간,0.81,1.185,2026-09-14
CNDT,0.8,1.58,911286,1113453,1.44,1.88,0.8,-1.3,1.9,중립,양봉,잔구간,0.56,0.385,2026-09-14
ICLN,0.8,17.56,5726203,7378073,100.55,149.59,0.7,-2.8,0.8,중립,양봉,잔구간,0.58,0.4,2026-09-14
MAT,0.8,14.03,3071824,3630879,43.1,46.93,0.9,0.7,-0.6,중립,음봉,완만한상승,0.12,-0.26,2026-09-14
GPGI,0.8,12.98,1512368,1944790,19.63,30.24,0.6,-0.9,-1.5,중립,음봉,잔구간,0.55,-0.32,2026-09-14
GOOS,0.8,7.82,846488,1016480,6.62,6.38,1.0,-1.4,0.0,매도주의,위꼬리양봉,잔구간,0.0,-0.8,2026-09-14
GFR,0.8,6.62,1662927,2045357,11.01,10.87,1.0,1.2,0.3,매수관심,팽이도지,전고점돌파,0.55,1.56,2026-09-14
GMEU,0.8,7.18,757841,899348,5.44,4.73,1.2,-1.0,5.6,강한매수,양봉,전고점돌파,0.76,2.51,2026-09-14
RDY,0.8,11.91,2408816,3037428,28.69,35.19,0.8,0.3,-0.2,중립,망치형,잔구간,0.6,0.56,2026-09-14
RDWU,0.8,5.95,407413,498572,2.42,2.99,0.8,-7.2,4.4,중립,위꼬리양봉,잔구간,0.36,-0.585,2026-09-14
NTLA,0.8,11.87,2598787,3464917,30.85,41.59,0.7,-0.8,1.9,중립,양봉,잔구간,0.48,0.34,2026-09-14
ANGI,0.8,4.96,723550,913543,3.59,4.31,0.8,-0.8,6.0,강한매수,장대양봉,완만한상승,0.93,3.42,2026-09-14
ASPN,0.8,4.87,574425,685408,2.8,3.46,0.8,-2.2,1.5,중립,양봉,잔구간,0.56,0.385,2026-09-14
CRMG,0.8,10.14,1393513,1768471,14.13,24.95,0.6,7.0,2.3,중립,양봉,잔구간,0.91,0.595,2026-09-14
TSLR,0.8,16.15,1291200,1658153,20.85,26.31,0.8,-3.1,-0.6,매도주의,위꼬리음봉,잔구간,0.17,-0.95,2026-09-14
GBDC,0.8,12.47,1070664,1373345,13.35,16.92,0.8,-2.3,-0.2,중립,팽이도지,전저점이탈,0.55,-0.69,2026-09-14
ARDT,0.8,11.0,386069,505704,4.25,4.54,0.9,1.2,-1.0,중립,음봉,완만한상승,0.3,-0.04,2026-09-14
ARI,0.8,6.57,1584550,1939990,10.41,13.66,0.8,0.0,-0.9,강한매도,장대음봉,전저점이탈,0.37,-2.91,2026-09-14
ARKO,0.8,4.57,770659,944203,3.52,4.73,0.7,-1.1,2.2,강한매수,장대양봉,완만한상승,0.73,3.18,2026-09-14
ARCO,0.8,7.94,681290,846059,5.41,8.19,0.7,-0.9,0.0,중립,팽이도지,잔구간,0.36,-0.085,2026-09-14
ARLO,0.8,13.76,1106688,1410938,15.23,19.19,0.8,-0.9,5.3,강한매수,장대양봉,완만한상승,0.91,3.39,2026-09-14
LI,0.8,12.17,2411864,3183551,29.35,33.69,0.9,3.0,0.1,중립,위꼬리양봉,완만한상승,0.09,-0.59,2026-09-14
LOFF,0.8,16.49,1456123,1846190,24.01,31.9,0.8,-5.8,1.7,중립,위꼬리양봉,잔구간,0.24,-0.655,2026-09-14
LITZ,0.8,8.53,3928878,5076781,33.51,34.49,1.0,13.9,4.9,강한매수,양봉,완만한상승,0.96,2.15,2026-09-14
TAL,0.8,11.65,5903806,7071720,68.78,80.64,0.9,0.4,-1.8,매도주의,장대음봉,잔구간,0.09,-1.245,2026-09-14
TGB,0.8,7.84,4128956,5328020,32.37,42.8,0.8,-5.5,2.0,중립,양봉,전저점이탈,0.89,0.42,2026-09-14
CAL,0.8,12.54,580013,755447,7.27,8.4,0.9,-1.7,2.0,중립,위꼬리양봉,완만한상승,0.31,-0.33,2026-09-14
BIZD,0.8,13.08,2541149,3202186,33.24,43.85,0.8,-0.2,0.5,중립,양봉,잔구간,0.55,0.38,2026-09-14
TSLQ,0.8,19.07,4917942,6488202,93.79,126.95,0.7,3.2,0.4,강한매수,양봉스프링,완만한상승,0.81,2.77,2026-09-14
TSLL,0.8,9.37,57106278,75838087,535.09,876.74,0.6,-3.2,-0.3,매도주의,위꼬리음봉,잔구간,0.2,-0.93,2026-09-14
SNDL,0.7,1.37,989865,1461820,1.36,1.79,0.8,-0.7,3.0,강한매수,장대양봉,완만한상승,1.0,3.5,2026-09-14
SSYS,0.7,7.55,479120,710086,3.62,4.97,0.7,-2.1,-0.1,매도주의,위꼬리음봉,잔구간,0.13,-0.97,2026-09-14
SOPH,0.7,7.86,309530,420262,2.43,4.46,0.5,0.0,-0.1,중립,팽이도지,잔구간,0.43,-0.04,2026-09-14
MFIC,0.7,9.09,369566,496175,3.36,4.5,0.7,-0.1,0.7,중립,양봉,잔구간,0.47,0.33,2026-09-14
MEI,0.7,13.62,601679,851936,8.19,16.06,0.5,-4.1,-3.1,중립,음봉,전저점부근,0.08,-0.45,2026-09-14
HNST,0.7,5.55,1660566,2254470,9.22,12.69,0.7,0.0,2.6,매수관심,양봉,완만한상승,0.65,1.78,2026-09-14
SPAL,0.7,16.69,943454,1396922,15.75,20.13,0.8,-5.1,1.2,중립,위꼬리양봉,잔구간,0.26,-0.645,2026-09-14
AMC,0.7,2.5,16446823,23068633,41.12,60.95,0.7,-0.6,2.2,중립,양봉,잔구간,0.67,0.45,2026-09-14
EGAN,0.7,5.2,327269,466115,1.7,2.18,0.8,-0.4,-0.8,중립,망치형,잔구간,0.74,0.645,2026-09-14
EDIT,0.7,2.74,1692192,2369971,4.64,6.29,0.7,0.7,0.7,매수관심,팽이도지,완만한상승,0.52,0.92,2026-09-14
NN,0.7,15.54,1801373,2602888,27.99,37.52,0.7,-0.5,2.8,매수관심,양봉,완만한상승,0.82,1.98,2026-09-14
NMFC,0.7,7.25,305978,434637,2.22,3.35,0.7,0.6,-0.4,중립,음봉,완만한상승,0.31,-0.03,2026-09-14
USGG,0.7,5.17,347964,492430,1.8,3.22,0.6,-4.3,6.6,중립,양봉,잔구간,0.59,0.405,2026-09-14
BMEA,0.7,1.78,1552492,2177283,2.76,3.7,0.7,-1.4,3.8,중립,양봉,잔구간,0.92,0.6,2026-09-14
ZURA,0.7,5.21,1045393,1520783,5.45,8.26,0.7,0.0,0.0,중립,팽이도지,잔구간,0.29,-0.125,2026-09-14
TV,0.7,2.37,1470528,2010965,3.49,4.05,0.9,0.8,-1.2,중립,음봉,잔구간,0.57,-0.31,2026-09-14
TWI,0.7,7.1,398548,574133,2.83,5.18,0.5,-1.7,0.4,중립,팽이도지,전저점이탈,0.5,-0.75,2026-09-14
AES,0.7,14.8,4830008,7095956,71.48,105.86,0.7,0.1,0.0,중립,위꼬리양봉,잔구간,0.14,-0.715,2026-09-14
AEO,0.7,15.43,7607985,11157550,117.39,158.05,0.7,-1.1,3.9,매수관심,양봉,완만한상승,0.78,1.94,2026-09-14
ACCO,0.7,4.24,505739,687125,2.14,2.99,0.7,0.0,0.0,매수관심,팽이도지,완만한상승,0.5,0.9,2026-09-14
JELD,0.7,2.05,702777,1072010,1.44,4.22,0.3,1.5,-1.9,중립,음봉,잔구간,0.65,-0.26,2026-09-14
CCOI,0.7,9.32,1460596,2046691,13.61,18.29,0.7,-2.3,2.2,중립,양봉,잔구간,0.8,0.53,2026-09-14
ACHV,0.7,7.23,1430428,1949977,10.34,13.31,0.8,0.0,2.4,매수관심,장대양봉,잔구간,0.78,1.17,2026-09-14
RZLT,0.7,4.25,828033,1109913,3.52,5.1,0.7,-0.9,1.7,강한매수,양봉,완만한상승,0.84,2.01,2026-09-14
AAPD,0.7,10.46,8695915,13309305,90.96,168.58,0.5,-0.5,0.4,중립,양봉,잔구간,0.62,0.42,2026-09-14
NIO,0.7,3.67,32091286,46946703,117.78,197.85,0.6,1.1,-1.6,중립,음봉,잔구간,0.08,-0.6,2026-09-14
BVS,0.7,13.16,363538,490729,4.78,7.32,0.7,0.2,1.2,중립,양봉,잔구간,0.66,0.445,2026-09-14
BBD,0.7,3.54,21168245,32471980,74.94,107.54,0.7,-3.1,1.4,매수관심,장대양봉,잔구간,0.93,1.26,2026-09-14
XPEV,0.7,10.71,4967291,6793686,53.2,73.24,0.7,0.7,0.9,중립,양봉,잔구간,0.5,0.35,2026-09-14
CDZI,0.7,3.6,686144,966444,2.47,3.71,0.7,0.3,-1.6,중립,음봉,잔구간,0.48,-0.36,2026-09-14
GRAB,0.7,3.02,41514509,58938101,125.37,176.34,0.7,-1.3,0.4,중립,팽이도지,잔구간,0.56,0.035,2026-09-14
RLAY,0.7,19.06,2400247,3582550,45.75,62.53,0.7,0.2,0.8,중립,위꼬리양봉,완만한상승,0.33,-0.3,2026-09-14
RMNI,0.7,4.69,346031,484890,1.62,2.82,0.6,0.0,3.3,매수관심,장대양봉,잔구간,0.89,1.235,2026-09-14
MOMO,0.7,4.93,794671,1149339,3.92,5.99,0.7,-0.4,0.0,중립,팽이도지,전저점부근,0.36,0.58,2026-09-14
MUC,0.7,10.28,394139,581344,4.05,5.76,0.7,0.1,-0.5,매도주의,장대음봉,잔구간,0.37,-1.08,2026-09-14
HAFN,0.7,9.33,2128853,2890102,19.86,22.66,0.9,-0.3,-0.2,중립,팽이도지,잔구간,0.56,0.035,2026-09-14
BRBS,0.7,4.08,1079543,1474012,4.4,5.65,0.8,0.0,-0.2,매도주의,위꼬리음봉,잔구간,0.05,-1.02,2026-09-14
SHIP,0.7,18.16,309913,422149,5.63,7.13,0.8,0.0,-1.4,매도주의,장대음봉,잔구간,0.25,-1.15,2026-09-14
CLYM,0.7,14.56,1094949,1495003,15.94,27.96,0.6,1.7,0.5,중립,팽이도지,잔구간,0.39,-0.065,2026-09-14
MSTZ,0.7,3.975,25873220,34545029,102.85,148.16,0.7,0.5,-9.2,매도주의,장대음봉,잔구간,0.1,-1.24,2026-09-14
AURA,0.7,7.01,467415,646647,3.28,4.36,0.8,2.1,-1.8,중립,음봉,잔구간,0.32,-0.46,2026-09-14
NNBR,0.7,3.47,738075,1008929,2.56,3.93,0.7,-2.8,-0.3,중립,팽이도지,잔구간,0.43,-0.04,2026-09-14
NU,0.7,14.41,48577496,71832183,700.0,1105.31,0.6,-1.8,0.4,매수관심,팽이도지,전저점부근,0.58,0.85,2026-09-14
SHO,0.7,10.99,1500500,2053734,16.49,27.19,0.6,-0.5,0.6,강한매수,양봉,완만한상승,0.94,2.13,2026-09-14
BAK,0.7,2.01,1101131,1609926,2.21,4.04,0.5,-1.4,-2.0,중립,음봉,잔구간,0.44,-0.385,2026-09-14
SGHC,0.7,13.89,1640886,2259925,22.79,32.31,0.7,0.3,0.1,매수관심,팽이도지,완만한상승,0.73,1.18,2026-09-14
SSP,0.7,3.16,408171,604703,1.29,2.05,0.6,-0.3,0.3,중립,위꼬리양봉,잔구간,0.25,-0.65,2026-09-14
SSTK,0.7,5.26,756200,1043225,3.98,5.98,0.7,1.0,3.3,매수관심,장대양봉,잔구간,0.89,1.235,2026-09-14
EVGO,0.7,1.45,3081379,4526016,4.47,6.45,0.7,-2.2,9.0,강한매수,장대양봉,완만한상승,0.93,3.42,2026-09-14
LUNR,0.7,13.88,5038082,6786323,69.93,86.56,0.8,-4.0,0.7,강한매도,위꼬리양봉,전저점이탈,0.28,-2.01,2026-09-14
IMTX,0.7,8.62,378592,512205,3.26,6.08,0.5,0.1,-2.0,매도주의,장대음봉,잔구간,0.14,-1.215,2026-09-14
FRVO,0.7,14.96,4352269,6064513,65.11,184.69,0.4,-1.8,-2.3,중립,음봉,전저점부근,0.09,-0.44,2026-09-14
PHR,0.7,10.42,619188,834263,6.45,8.05,0.8,0.6,0.5,중립,팽이도지,잔구간,0.44,-0.035,2026-09-14
PONY,0.7,6.71,2264209,3173858,15.19,22.66,0.7,-0.5,1.7,매수관심,양봉,완만한상승,0.52,1.62,2026-09-14
PRCH,0.7,16.52,880510,1183058,14.55,22.3,0.7,-2.4,2.9,매수관심,장대양봉,잔구간,0.62,1.07,2026-09-14
UGP,0.7,7.44,2705700,3655508,20.13,24.09,0.8,-1.7,1.6,중립,양봉,잔구간,0.68,0.46,2026-09-14
ARRY,0.7,4.41,4055461,6232086,17.88,26.46,0.7,-3.9,-0.7,중립,팽이도지,잔구간,0.32,-0.11,2026-09-14
ASM,0.7,6.23,3432201,5133371,21.38,32.94,0.6,-4.6,0.6,중립,팽이도지,전저점이탈,0.55,-0.69,2026-09-14
GBTG,0.7,9.46,798433,1124598,7.55,22.96,0.3,0.2,-0.2,매도주의,장대음봉,완만한상승,0.0,-1.7,2026-09-14
QNST,0.7,18.48,567697,787133,10.49,15.97,0.7,2.0,-1.4,중립,음봉,잔구간,0.22,-0.52,2026-09-14
CXM,0.7,5.79,2712949,4028871,15.71,37.17,0.4,3.5,2.1,중립,양봉,잔구간,0.85,0.56,2026-09-14
CWK,0.7,12.7,1222310,1853334,15.52,24.07,0.6,-0.5,-1.1,매도주의,위꼬리음봉,잔구간,0.09,-0.995,2026-09-14
CMRC,0.7,3.64,1350014,1841147,4.91,4.62,1.1,0.1,3.7,강한매수,양봉,전고점돌파,0.81,2.57,2026-09-14
QBTX,0.7,6.0,1826827,2624209,10.96,15.6,0.7,-8.2,8.9,매수관심,양봉,완만한상승,0.62,1.74,2026-09-14
GOGO,0.7,2.67,1266674,1733079,3.38,5.71,0.6,0.4,1.5,매수관심,양봉,완만한상승,0.62,1.74,2026-09-14
GO,0.7,11.66,1928942,2599437,22.49,32.15,0.7,1.2,2.4,매수관심,양봉,완만한상승,0.47,1.56,2026-09-14
EMBC,0.7,5.24,908749,1260837,4.76,8.02,0.6,1.2,4.8,강한매수,장대양봉,완만한상승,0.81,3.27,2026-09-14
SPCQ,0.7,11.42,940858,1281850,10.74,14.79,0.7,3.8,-1.2,중립,망치형,잔구간,0.78,0.67,2026-09-14
SPT,0.7,11.63,847926,1222822,9.86,14.05,0.7,3.1,4.4,강한매수,장대양봉,완만한상승,0.98,3.48,2026-09-14
REAL,0.7,9.755,1511577,2121017,14.75,22.8,0.6,-1.7,1.0,중립,위꼬리양봉,잔구간,0.35,-0.59,2026-09-14
SPCF,0.7,16.44,1132494,1597978,18.62,27.5,0.7,-4.9,1.0,중립,위꼬리양봉,잔구간,0.26,-0.645,2026-09-14
ANVS,0.7,1.14,1201834,1821095,1.37,2.41,0.6,-1.8,3.6,중립,양봉,잔구간,0.6,0.41,2026-09-14
PSNY,0.7,7.4,360648,536473,2.67,4.04,0.7,0.0,-5.6,매도주의,장대음봉,전저점부근,0.13,-1.69,2026-09-14
IHS,0.7,8.44,859114,1296827,7.25,12.96,0.6,-0.1,-0.2,중립,음봉,잔구간,0.4,-0.41,2026-09-14
SUPX,0.7,7.94,769319,1086114,6.11,6.86,0.9,2.7,-0.1,중립,팽이도지,잔구간,0.34,-0.095,2026-09-14
USAR,0.7,15.71,10589488,15880974,166.36,218.37,0.8,-2.0,3.0,중립,양봉,잔구간,0.56,0.385,2026-09-14
UPB,0.7,5.81,491023,684751,2.85,4.38,0.7,0.3,1.0,중립,양봉,잔구간,0.65,0.44,2026-09-14
CNH,0.7,13.75,14832400,20956357,203.95,441.19,0.5,-1.6,2.9,매수관심,양봉,완만한상승,0.67,1.8,2026-09-14
PURR,0.7,11.85,16249049,23259235,192.55,322.11,0.6,-1.6,3.8,매수관심,양봉,완만한상승,0.59,1.71,2026-09-14
PSNL,0.7,16.29,1690080,2508458,27.53,43.11,0.6,-0.4,0.9,중립,양봉,잔구간,0.69,0.465,2026-09-14
BTBT,0.7,1.52,25294749,34088813,38.45,45.01,0.9,-5.0,0.7,중립,팽이도지,잔구간,0.4,-0.06,2026-09-14
PCG,0.7,13.6,38240686,51193636,520.07,1185.42,0.4,0.3,-1.7,중립,음봉,잔구간,0.13,-0.57,2026-09-14
PEB,0.7,17.95,1612238,2451076,28.94,42.85,0.7,-1.6,2.3,강한매수,장대양봉,완만한상승,0.8,3.26,2026-09-14
F,0.7,13.86,31579549,43646013,437.69,660.36,0.7,-0.8,0.0,중립,팽이도지,잔구간,0.57,0.04,2026-09-14
FBRT,0.7,7.73,1531985,2098556,11.84,18.11,0.7,0.0,-0.6,중립,음봉,잔구간,0.41,-0.405,2026-09-14
FCEL,0.7,15.28,4519007,6775214,69.05,136.0,0.5,-6.4,2.7,중립,양봉,잔구간,0.67,0.45,2026-09-14
ORBS,0.7,0.955,9165862,13139536,8.75,13.3,0.7,-2.4,0.5,중립,팽이도지,잔구간,0.64,0.085,2026-09-14
CSIQ,0.7,12.95,1115002,1670057,14.44,28.55,0.5,-1.6,3.2,매수관심,장대양봉,잔구간,0.93,1.26,2026-09-14
ARBE,0.7,0.739,1745730,2356957,1.29,9.27,0.1,1.2,-6.8,매도주의,장대음봉,잔구간,0.14,-1.215,2026-09-14
FWRG,0.7,11.36,819669,1244215,9.31,13.3,0.7,0.2,-0.1,매수관심,팽이도지,완만한상승,0.56,0.97,2026-09-14
TDAY,0.7,6.59,1520976,2040764,10.02,14.83,0.7,1.1,2.5,강한매수,장대양봉,완만한상승,0.8,3.26,2026-09-14
LASE,0.7,0.796,11473522,16046586,9.13,6.82,1.3,0.1,14.4,중립,양봉,잔구간,0.95,0.62,2026-09-14
OPTU,0.7,0.988,1109131,1603569,1.1,1.75,0.6,-2.0,-1.2,매도주의,위꼬리음봉,잔구간,0.22,-0.92,2026-09-14
TSLT,0.7,13.02,1765245,2398745,22.98,38.21,0.6,-3.3,-0.5,매도주의,위꼬리음봉,잔구간,0.17,-0.95,2026-09-14
OWL,0.7,10.43,14238766,21779284,148.51,258.22,0.6,-1.1,-0.1,중립,팽이도지,잔구간,0.37,-0.08,2026-09-14
PALI,0.7,2.05,1813514,2523061,3.72,4.03,0.9,-0.5,0.0,중립,팽이도지,잔구간,0.33,-0.1,2026-09-14
VIXM,0.7,13.27,329901,451363,4.38,16.08,0.3,1.1,-1.6,매도주의,장대음봉,잔구간,0.03,-1.28,2026-09-14
JBIO,0.7,18.18,829513,1237025,15.08,17.71,0.9,1.0,0.7,중립,위꼬리양봉,잔구간,0.32,-0.61,2026-09-14
IRE,0.7,10.51,4596124,6209632,48.31,72.94,0.7,-8.5,6.2,중립,양봉,잔구간,0.56,0.385,2026-09-14
IREG,0.7,8.607,567233,802416,4.88,7.79,0.6,-7.5,5.0,중립,양봉,잔구간,0.52,0.36,2026-09-14
IREX,0.7,15.17,1155147,1614462,17.52,24.16,0.7,-9.0,6.0,중립,양봉,잔구간,0.52,0.36,2026-09-14
LAND,0.7,9.41,606017,881317,5.7,9.23,0.6,0.0,-1.5,매도주의,장대음봉,잔구간,0.13,-1.22,2026-09-14
PAYS,0.7,12.83,553347,797491,7.1,10.27,0.7,0.3,-1.7,중립,음봉,잔구간,0.16,-0.555,2026-09-14
CRMT,0.7,1.76,608365,862519,1.07,1.52,0.7,-0.5,-6.9,중립,음봉,잔구간,0.07,-0.61,2026-09-14
CRNC,0.7,8.35,406701,621615,3.4,5.4,0.6,-0.5,-1.4,중립,음봉,잔구간,0.17,-0.55,2026-09-14
PBR.A,0.7,19.07,5534135,7437924,105.54,147.05,0.7,0.2,-0.4,중립,망치형,잔구간,0.57,0.54,2026-09-14
VREX,0.7,18.46,556380,853013,10.27,14.64,0.7,0.1,-0.1,매도주의,위꼬리음봉,전저점부근,0.0,-1.35,2026-09-14
OTLK,0.7,0.638,2848345,4069827,1.82,3.29,0.6,-0.9,-2.5,중립,음봉,잔구간,0.17,-0.55,2026-09-14
AGRO,0.7,11.72,650104,868838,7.62,10.66,0.7,1.4,-1.8,중립,음봉,잔구간,0.19,-0.535,2026-09-14
ZVRA,0.7,12.05,621969,907071,7.49,11.05,0.7,0.2,0.2,중립,팽이도지,완만한상승,0.41,0.79,2026-09-14
YMM,0.6,8.15,3103650,5619202,25.29,52.85,0.5,-0.6,0.4,중립,양봉,잔구간,0.58,0.4,2026-09-14
CPNG,0.6,15.11,13362805,20643425,201.91,281.9,0.7,-0.9,0.9,중립,양봉,잔구간,0.58,0.4,2026-09-14
TSL,0.6,13.46,337777,568778,4.55,8.16,0.6,-1.9,-0.3,매도주의,위꼬리음봉,잔구간,0.2,-0.93,2026-09-14
TJGC,0.6,11.53,1110990,1872957,12.81,18.17,0.7,0.5,2.5,강한매도,위꼬리양봉,전고점부근,0.43,-2.5300000000000002,2026-09-14
AIRS,0.6,2.38,572924,952731,1.36,2.52,0.5,-0.8,-0.8,중립,음봉,잔구간,0.14,-0.565,2026-09-14
SUZ,0.6,9.2,1750093,2815130,16.1,29.14,0.6,-1.6,-0.1,중립,팽이도지,잔구간,0.5,0.0,2026-09-14
CYPH,0.6,2.58,10705913,17626891,27.62,32.19,0.9,-0.2,14.2,강한매수,장대양봉,완만한상승,0.92,3.4,2026-09-14
TEO,0.6,13.8,361650,618265,4.99,5.57,0.9,-0.9,5.1,강한매수,장대양봉,완만한상승,0.95,3.44,2026-09-14
SWBI,0.6,13.2,621822,1004624,8.21,10.54,0.8,0.2,0.2,강한매수,양봉스프링,완만한상승,0.93,2.92,2026-09-14
STNE,0.6,9.93,3091652,4896645,30.7,79.43,0.4,-1.4,-0.3,중립,팽이도지,잔구간,0.62,0.07,2026-09-14
USDE,0.6,7.44,2064314,3645092,15.36,37.4,0.4,-4.1,6.9,매수관심,장대양봉,잔구간,0.89,1.235,2026-09-14
RSKD,0.6,6.29,899354,1503809,5.66,13.6,0.4,0.8,2.4,강한매수,장대양봉,완만한상승,0.79,3.25,2026-09-14
VALE,0.6,14.61,22270532,36355901,325.37,512.31,0.6,-3.0,-1.1,강한매도,장대음봉,전저점이탈,0.05,-3.29,2026-09-14
EBS,0.6,6.38,685146,1136051,4.37,7.3,0.6,-0.3,2.7,중립,양봉,잔구간,0.63,0.43,2026-09-14
DBGI,0.6,5.17,986698,1618658,5.1,22.76,0.2,1.5,-15.1,매도주의,장대음봉,잔구간,0.12,-1.23,2026-09-14
SANA,0.6,3.2,2381491,3948858,7.62,11.62,0.7,0.2,2.1,중립,양봉,잔구간,0.67,0.45,2026-09-14
XP,0.6,19.595,5325388,8431163,104.35,167.64,0.6,-3.1,1.8,매수관심,장대양봉,잔구간,0.89,1.235,2026-09-14
BHVN,0.6,12.64,1648659,2840219,20.84,46.97,0.4,-1.5,1.0,중립,양봉,잔구간,0.34,0.255,2026-09-14
BILI,0.6,15.74,2335816,3985884,36.77,68.57,0.5,-0.1,1.4,매수관심,양봉,완만한상승,0.61,1.73,2026-09-14
LX,0.6,0.816,1900133,3375493,1.55,8.13,0.2,-0.7,2.1,중립,양봉,잔구간,0.45,0.32,2026-09-14
BKD,0.6,11.91,2521910,4354838,30.04,55.12,0.5,0.5,-2.4,매도주의,장대음봉,잔구간,0.01,-1.295,2026-09-14
ABEV,0.6,3.03,15642171,25349502,47.4,90.0,0.5,0.0,0.3,매수관심,팽이도지,완만한상승,0.6,1.02,2026-09-14
BTG,0.6,5.22,14140186,23505973,73.81,174.74,0.4,-3.2,0.2,중립,팽이도지,전저점이탈,0.71,-0.5,2026-09-14
RZLV,0.6,2.29,8434030,14637099,19.31,58.69,0.3,-1.7,1.8,강한매수,양봉,완만한상승,0.88,2.06,2026-09-14
PRME,0.6,3.18,1616907,2733638,5.14,9.48,0.5,-1.0,2.6,중립,양봉,잔구간,0.44,0.315,2026-09-14
ASTX,0.6,10.17,2247417,3529976,22.86,38.38,0.6,-8.7,9.5,매수관심,장대양봉,잔구간,0.69,1.115,2026-09-14
VSTM,0.6,7.51,1514530,2513860,11.37,20.39,0.6,0.5,2.0,중립,양봉,잔구간,0.7,0.47,2026-09-14
PYXS,0.6,3.43,699690,1252528,2.4,4.46,0.5,0.0,6.9,매수관심,장대양봉,잔구간,0.72,1.13,2026-09-14
ERAS,0.6,16.16,2365039,3902228,38.22,73.89,0.5,1.1,0.6,중립,위꼬리양봉,잔구간,0.34,-0.595,2026-09-14
EOLS,0.6,7.93,515644,865496,4.09,8.23,0.5,0.8,0.4,중립,위꼬리양봉,잔구간,0.16,-0.705,2026-09-14
RERE,0.6,3.96,364085,617354,1.44,2.94,0.5,-0.3,0.0,중립,위꼬리양봉,잔구간,0.12,-0.73,2026-09-14
ELDN,0.6,2.77,520781,884557,1.44,3.2,0.5,3.6,-3.8,매도주의,장대음봉,잔구간,0.15,-1.21,2026-09-14
INDP,0.6,3.14,1386263,2491661,4.35,4.18,1.0,1.1,12.1,강한매수,장대양봉,전고점돌파,0.92,4.0,2026-09-14
MPLT,0.6,13.15,327556,511412,4.31,7.47,0.6,0.6,0.5,매수관심,팽이도지,완만한상승,0.62,1.04,2026-09-14
MNSO,0.6,9.07,592312,959273,5.37,13.04,0.4,-0.2,0.2,중립,위꼬리양봉,잔구간,0.21,-0.675,2026-09-14
CIEG,0.6,3.42,444924,699498,1.52,2.81,0.5,-13.1,-4.2,중립,음봉,잔구간,0.06,-0.615,2026-09-14
GME.WS,0.6,2.49,698416,1092069,1.74,2.4,0.7,0.0,6.0,매수관심,양봉,완만한상승,0.68,1.82,2026-09-14
NVAX,0.6,9.59,3366869,5509172,32.29,58.3,0.6,-0.4,2.2,중립,양봉,잔구간,0.98,0.64,2026-09-14
IRD,0.6,5.97,2551623,4541811,15.23,45.05,0.3,-0.3,-0.8,중립,팽이도지,잔구간,0.41,-0.055,2026-09-14
LFTO,0.6,18.63,363589,643148,6.77,11.26,0.6,0.4,1.1,매수관심,팽이도지,완만한상승,0.62,1.04,2026-09-14
GSM,0.6,4.22,778204,1411892,3.28,6.09,0.5,-2.6,1.2,중립,양봉,잔구간,0.48,0.34,2026-09-14
OCUL,0.6,10.72,1623509,2515265,17.4,22.43,0.8,1.1,1.0,매수관심,양봉,완만한상승,0.64,1.77,2026-09-14
FULC,0.6,3.79,706476,1218823,2.68,5.42,0.5,0.5,-0.8,매도주의,장대음봉,잔구간,0.33,-1.1,2026-09-14
WOOF,0.5,2.43,1748600,3600166,4.25,10.2,0.4,-0.4,-0.4,매도주의,위꼬리음봉,잔구간,0.13,-0.97,2026-09-14
QFIN,0.5,8.47,869466,1905064,7.36,19.79,0.4,-0.2,0.2,중립,위꼬리양봉,완만한상승,0.14,-0.53,2026-09-14
AADX,0.5,11.65,1010350,2101770,11.77,25.56,0.5,-1.6,-2.9,중립,음봉,잔구간,0.15,-0.56,2026-09-14
EVMN,0.5,10.43,350200,643425,3.65,10.1,0.4,-0.5,-0.6,중립,팽이도지,잔구간,0.38,-0.07,2026-09-14
BSBR,0.5,5.95,2525648,5434532,15.03,28.83,0.5,-2.7,1.5,매수관심,장대양봉,잔구간,0.91,1.245,2026-09-14
JKS,0.5,11.35,461076,877436,5.23,10.97,0.5,-0.3,-0.5,강한매도,위꼬리음봉,전저점이탈,0.23,-2.57,2026-09-14
GORO,0.5,3.57,1055728,2241433,3.77,6.53,0.6,-2.2,1.4,중립,양봉,잔구간,0.46,0.325,2026-09-14
IMRX,0.5,4.33,493768,955687,2.14,3.65,0.6,0.2,1.2,중립,위꼬리양봉,잔구간,0.4,-0.56,2026-09-14
LULG,0.5,4.2,764579,1522135,3.21,7.99,0.4,1.0,1.7,중립,위꼬리양봉,완만한상승,0.3,-0.34,2026-09-14
NNDM,0.5,1.54,1141794,2384773,1.76,3.17,0.6,0.0,0.7,매수관심,팽이도지,완만한상승,0.6,1.02,2026-09-14
RGTX,0.5,9.11,654433,1190130,5.96,9.26,0.6,-9.4,10.2,매수관심,장대양봉,잔구간,0.68,1.11,2026-09-14
PSQL,0.5,8.31,573848,1210019,4.77,21.15,0.2,-0.4,4.5,매수관심,양봉,완만한상승,0.82,1.98,2026-09-14
PTON,0.5,4.94,5227303,11396370,25.82,49.42,0.5,0.0,-0.2,중립,팽이도지,잔구간,0.33,-0.1,2026-09-14
SGMT,0.5,10.88,516759,1039879,5.62,10.65,0.5,0.7,-0.7,중립,음봉,완만한상승,0.22,-0.14,2026-09-14
DPRO,0.5,5.52,789528,1446316,4.36,16.96,0.3,-2.7,1.1,중립,팽이도지,잔구간,0.5,0.0,2026-09-14
SPCU,0.5,13.08,819271,1720288,10.72,20.2,0.5,-4.9,0.9,중립,위꼬리양봉,잔구간,0.22,-0.67,2026-09-14
DAPP,0.5,19.96,592527,1183443,11.83,25.97,0.5,-3.0,3.3,강한매수,장대양봉,완만한상승,0.68,3.12,2026-09-14
SPCM,0.5,16.97,415916,762432,7.06,12.74,0.6,-4.9,0.8,중립,위꼬리양봉,잔구간,0.22,-0.67,2026-09-14
SPCG,0.5,15.99,720002,1525873,11.51,20.22,0.6,4.8,-0.8,중립,망치형,잔구간,0.75,0.65,2026-09-14
RKLX,0.5,14.18,1561014,3060400,22.14,39.9,0.6,-7.5,6.5,매수관심,장대양봉,잔구간,0.69,1.115,2026-09-14
RGTZ,0.5,17.38,302057,657844,5.25,11.06,0.5,9.0,-8.5,매도주의,장대음봉,잔구간,0.28,-1.13,2026-09-14
OGN,0.4,13.65,1251695,3002454,17.09,46.18,0.4,0.0,0.1,중립,위꼬리양봉,완만한상승,0.33,-0.3,2026-09-14
MOBX,0.4,1.02,1075117,2409855,1.1,21.15,0.1,-5.4,-2.9,매도주의,장대음봉,잔구간,0.2,-1.18,2026-09-14
PAYP,0.4,18.68,515164,1460671,9.62,17.95,0.5,-0.9,2.2,매수관심,양봉,완만한상승,0.69,1.83,2026-09-14
GPRK,0.4,11.47,667331,1541096,7.65,21.57,0.4,1.2,-1.3,중립,음봉,잔구간,0.26,-0.495,2026-09-14
TKC,0.4,5.32,818752,2190154,4.36,14.36,0.3,-1.3,0.4,중립,양봉,잔구간,0.6,0.41,2026-09-14
PL,0.4,16.2,7806456,19591193,126.46,282.34,0.4,-2.1,0.6,중립,팽이도지,전저점이탈,0.49,-0.76,2026-09-14
CAN,0.3,0.346,7346848,22503042,2.54,6.68,0.4,-0.2,3.1,중립,양봉,잔구간,0.81,0.535,2026-09-14
TENX,0.3,1.86,2007147,6148074,3.73,13.43,0.3,-1.1,1.1,매수관심,양봉,완만한상승,0.5,1.6,2026-09-14
XTND,0.3,4.45,465830,1477009,2.07,9.72,0.2,-0.9,0.0,강한매수,양봉스프링,전저점부근,0.85,3.67,2026-09-14
WETO,0.3,2.33,1144584,3733816,2.67,45.66,0.1,-2.0,-2.5,매도주의,장대음봉,전저점부근,0.3,-1.49,2026-09-14
BRNX,0.3,2.76,455191,1635274,1.26,7.49,0.2,4.7,3.8,매수관심,양봉,완만한상승,0.44,1.53,2026-09-14
CHPT,0.3,8.84,1157700,3835235,10.23,65.49,0.2,-2.0,-0.5,중립,팽이도지,잔구간,0.47,-0.02,2026-09-14
GPRO,0.2,1.35,20723682,91151896,27.98,237.36,0.1,-0.7,-1.5,중립,팽이도지,잔구간,0.33,-0.1,2026-09-14
SWRD,0.1,2.78,1195968,14939447,3.32,43.45,0.1,2.0,-7.9,중립,무참고,정보부족,,0.0,2026-09-14
SUNE,0.1,3.24,644379,7390108,2.09,64.64,0.0,-3.1,4.5,강한매수,장대양봉,완만한상승,0.82,3.28,2026-09-14
BIAF,0.1,7.93,366869,6433793,2.91,145.31,0.0,-3.0,2.9,중립,양봉,잔구간,0.59,0.405,2026-09-14
