ticker,ratio,latest_close,latest_volume,baseline_volume,dollar_volume_M,avg_dollar_vol_10d_M,dollar_surge_x,signal_gap_%,intraday_chg_%,candle_signal,candle_shape,candle_pos,close_pos,candle_score,latest_date
BIAF,753.8,6.59,46392729,61541,305.73,8.64,35.4,69.3,-14.6,중립,음봉,전고점돌파,0.19,0.43,2026-09-01
LIDR,317.9,1.47,129991021,408912,191.09,0.54,354.9,37.0,-6.7,중립,음봉,전고점돌파,0.39,0.67,2026-09-01
KALA,154.1,0.532,9074333,58871,4.83,0.22,22.3,-22.6,2.2,매도주의,위꼬리양봉,전저점이탈,0.37,-1.91,2026-09-01
AUUD,100.7,0.999,18924879,187952,18.9,0.82,23.0,-2.8,4.1,매수관심,팽이도지,완만한상승,0.57,0.98,2026-09-01
KUST,70.4,0.923,8968828,127383,8.28,0.26,31.4,-7.5,12.8,중립,양봉,잔구간,0.85,0.56,2026-09-01
KITT,67.5,0.796,13845345,205185,11.02,0.21,53.5,0.8,-2.6,중립,음봉,잔구간,0.26,-0.495,2026-09-01
GPRO,66.0,1.23,500399093,7584824,615.49,22.88,26.9,54.1,-8.9,중립,위꼬리음봉,전고점돌파,0.15,-0.42,2026-09-01
GYGY,61.8,1.38,19938774,322407,27.52,7.07,3.9,13.4,2.2,매수관심,팽이도지,완만한상승,0.42,0.8,2026-09-01
CLGN,46.9,0.373,7104964,151408,2.65,7.43,0.4,-9.8,6.5,중립,팽이도지,잔구간,0.56,0.035,2026-09-01
ALMS,43.8,9.47,28399012,648983,268.94,18.84,14.3,-54.5,-4.6,매도주의,팽이도지,전저점이탈,0.31,-0.98,2026-09-01
PMVP,37.3,1.29,6823848,182905,8.8,0.35,25.4,-5.0,12.2,매수관심,장대양봉,잔구간,0.9,1.24,2026-09-01
AMOD,34.2,2.77,2869430,83992,7.95,0.65,12.1,-1.2,14.5,중립,양봉,잔구간,0.87,0.57,2026-09-01
CPOP,31.3,0.305,8830653,282305,2.69,0.1,26.1,-4.6,0.7,매도주의,팽이도지,전저점이탈,0.36,-0.92,2026-09-01
SST,24.2,2.84,2198931,90884,6.24,2.19,2.9,11.6,13.6,강한매수,양봉,전고점돌파,0.98,2.78,2026-09-01
WETO,21.8,5.94,14565053,667485,86.52,73.24,1.2,40.2,-22.7,매도주의,장대음봉,전저점부근,0.1,-1.73,2026-09-01
CDT,18.7,1.48,2734304,145985,4.05,0.32,12.8,1.2,-12.9,강한매도,장대음봉,전저점이탈,0.26,-3.04,2026-09-01
SPWH,17.7,1.2,3573987,202422,4.29,0.26,16.6,0.8,0.0,매수관심,양봉스프링,전고점부근,0.86,1.48,2026-09-01
LABT,16.5,2.76,3568505,216631,9.85,3.72,2.6,7.2,3.0,매수관심,팽이도지,전고점돌파,0.7,1.74,2026-09-01
MASK,15.9,1.37,956911,60286,1.31,0.37,3.5,-4.6,1.5,중립,양봉,잔구간,0.5,0.35,2026-09-01
OLOX,15.7,1.1,24200341,1543889,26.62,6.32,4.2,2.8,7.8,중립,위꼬리양봉,잔구간,0.22,-0.67,2026-09-01
RAIN,12.7,0.887,1625842,127624,1.44,0.39,3.7,-0.6,-1.4,매도주의,위꼬리음봉,잔구간,0.23,-0.91,2026-09-01
SUNE,12.2,2.38,901262,73595,2.15,0.2,10.6,-0.9,3.9,중립,양봉,잔구간,0.65,0.44,2026-09-01
MOVE,11.5,12.81,810443,70742,10.38,8.26,1.3,-7.9,27.0,강한매수,장대양봉,완만한상승,0.95,3.44,2026-09-01
NCRA,11.3,2.31,611862,54019,1.41,18.41,0.1,-18.0,-0.4,중립,팽이도지,잔구간,0.68,0.11,2026-09-01
VGSR,11.3,11.213,748046,65923,8.39,2.6,3.2,0.2,-0.9,매도주의,장대음봉,전저점부근,0.12,-1.71,2026-09-01
NWGL,10.0,1.18,5951229,594471,7.02,0.81,8.7,0.0,38.8,강한매수,장대양봉,전고점돌파,0.92,4.0,2026-09-01
FRVO,8.8,19.75,35232544,4001702,695.84,64.97,10.7,7.1,19.9,강한매수,장대양봉,전고점돌파,0.91,3.99,2026-09-01
CURR,8.8,3.36,1769703,200658,5.95,0.92,6.5,-0.6,3.1,중립,양봉,잔구간,0.73,0.49,2026-09-01
AEHL,8.7,5.0,757387,87290,3.79,33.79,0.1,-18.3,-5.7,중립,음봉,잔구간,0.48,-0.36,2026-09-01
DPRO,8.4,5.38,3563051,425695,19.17,7.01,2.7,-2.4,1.7,중립,팽이도지,잔구간,0.7,0.12,2026-09-01
YLD,8.2,18.825,1009804,122842,19.01,3.41,5.6,-0.9,-0.1,매도주의,팽이도지,전저점이탈,0.32,-0.97,2026-09-01
BLNE,8.2,1.05,1056780,128130,1.11,0.34,3.2,4.5,1.0,중립,팽이도지,완만한상승,0.37,0.74,2026-09-01
TPET,7.6,1.91,695507,92034,1.33,0.31,4.3,-2.7,6.7,중립,양봉,잔구간,0.8,0.53,2026-09-01
FBLG,7.6,2.11,1545221,204567,3.26,0.44,7.4,0.6,22.0,강한매수,장대양봉,전고점돌파,0.81,3.87,2026-09-01
UBT,7.2,14.81,411297,57449,6.09,1.55,3.9,-0.4,-0.3,매도주의,위꼬리음봉,잔구간,0.13,-0.97,2026-09-01
INDO,6.9,3.02,592844,85668,1.79,0.29,6.1,1.8,4.5,강한매수,양봉,전고점돌파,0.7,2.44,2026-09-01
TJGC,6.9,10.02,3192809,463143,31.99,8.26,3.9,0.4,-1.0,매도주의,위꼬리음봉,잔구간,0.08,-1.0,2026-09-01
TONX,6.6,3.12,1908668,289322,5.96,0.96,6.2,-2.6,-5.7,중립,음봉,잔구간,0.13,-0.57,2026-09-01
PALD,6.4,10.57,415312,64486,4.39,0.76,5.8,2.1,2.9,강한매수,장대양봉,완만한상승,0.68,3.12,2026-09-01
LX,6.2,0.882,23608863,3822844,20.81,4.56,4.6,-5.6,-12.7,강한매도,장대음봉,전저점이탈,0.09,-3.24,2026-09-01
BSCT,6.1,18.44,2911662,474636,53.69,9.5,5.7,-0.0,-0.2,매도주의,음봉,전저점이탈,0.2,-1.81,2026-09-01
MOBX,6.1,1.21,1497241,246415,1.81,2.8,0.6,-2.3,-6.2,중립,음봉,잔구간,0.19,-0.535,2026-09-01
AMAX,6.0,7.56,386245,64525,2.92,0.48,6.1,2.1,-2.5,매도주의,장대음봉,잔구간,0.14,-1.215,2026-09-01
EMPD,6.0,3.51,1471185,245207,5.16,0.81,6.3,0.9,8.0,강한매수,양봉,전고점돌파,0.5,2.2,2026-09-01
TAC,6.0,11.77,6123063,1015411,72.07,18.09,4.0,-0.0,-2.6,강한매도,장대음봉,전저점이탈,0.19,-3.12,2026-09-01
PCG,5.9,14.06,144642550,24660794,2033.67,737.72,2.8,0.2,5.7,중립,양봉,잔구간,0.58,0.4,2026-09-01
DBCA,5.7,10.03,444973,77399,4.46,1.47,3.0,0.0,0.1,강한매수,장대양봉,전고점돌파,0.99,4.09,2026-09-01
SY,5.7,2.74,1283396,225188,3.52,4.59,0.8,3.1,-8.7,매도주의,장대음봉,잔구간,0.28,-1.13,2026-09-01
CBIO,5.6,17.93,788171,140342,14.13,2.84,5.0,-1.0,9.1,매수관심,장대양봉,잔구간,0.89,1.235,2026-09-01
CRDU,5.6,11.44,4147189,744016,47.44,15.67,3.0,-5.9,-11.9,강한매도,장대음봉,전저점이탈,0.06,-3.28,2026-09-01
WKHS,5.5,3.56,446228,81629,1.59,0.28,5.6,-0.6,4.4,중립,위꼬리양봉,전고점돌파,0.27,0.22,2026-09-01
CRK,5.5,16.02,11246540,2035473,180.17,28.86,6.2,9.6,1.3,강한매수,양봉스프링,전고점돌파,0.92,3.5,2026-09-01
CYAB,5.2,0.5,4526709,878182,2.26,10.1,0.2,-2.8,13.6,강한매수,장대양봉,완만한상승,0.61,3.03,2026-09-01
ARQ,5.2,2.05,885851,170762,1.82,0.41,4.4,-0.9,-2.4,매도주의,음봉,전저점이탈,0.48,-1.47,2026-09-01
WYHG,5.2,4.275,355790,68809,1.52,2.87,0.5,3.9,-11.1,강한매도,장대음봉,전저점이탈,0.24,-3.06,2026-09-01
FTMS,5.2,9.865,977644,188511,9.64,3.91,2.5,-0.4,0.1,매도주의,위꼬리양봉,전저점이탈,0.38,-1.89,2026-09-01
CMTG,5.1,1.47,2719806,536130,4.0,0.84,4.8,1.9,-9.3,강한매도,장대음봉,전저점이탈,0.19,-3.12,2026-09-01
RMIX,5.1,16.2,1143698,225006,18.53,5.8,3.2,-0.9,-4.7,강한매도,장대음봉,전저점이탈,0.21,-3.1,2026-09-01
MOBI,4.9,11.45,596040,122064,6.82,1.61,4.2,-0.7,3.3,매수관심,양봉,완만한상승,0.49,1.59,2026-09-01
EHTH,4.9,0.945,1147007,234777,1.08,0.25,4.3,0.9,-17.1,강한매도,장대음봉,전저점이탈,0.02,-3.33,2026-09-01
IBIO,4.7,1.26,2233662,475460,2.81,1.34,2.1,0.0,-0.8,중립,팽이도지,잔구간,0.56,0.035,2026-09-01
CHA,4.6,11.93,2692775,584733,32.12,11.1,2.9,0.0,2.6,중립,양봉,전고점부근,0.64,0.42,2026-09-01
BHR,4.4,1.93,1186682,270110,2.29,0.51,4.5,0.0,-4.5,강한매도,장대음봉,전저점이탈,0.28,-3.01,2026-09-01
BSCQ,4.3,19.52,3071639,717758,59.96,13.34,4.5,0.0,-0.1,중립,음봉,잔구간,0.0,-0.65,2026-09-01
TKC,4.3,5.02,4543865,1050688,22.81,10.65,2.1,-1.0,0.8,중립,양봉,잔구간,0.45,0.32,2026-09-01
BSCU,4.2,16.435,1784764,425791,29.33,7.66,3.8,0.0,-0.3,강한매도,장대음봉,전저점이탈,0.1,-3.23,2026-09-01
WCT,4.2,1.35,1472736,348917,1.99,2.58,0.8,0.8,5.5,강한매도,위꼬리양봉,전고점부근,0.25,-2.75,2026-09-01
FRNM,4.0,15.25,1945537,488177,29.67,11.59,2.6,0.1,3.0,강한매수,양봉,전고점돌파,0.72,2.46,2026-09-01
DBGI,4.0,4.89,366135,92574,1.79,1.21,1.5,-3.7,-20.7,강한매도,장대음봉,전저점이탈,0.2,-3.11,2026-09-01
CNTB,4.0,2.36,1977694,490854,4.67,1.1,4.2,0.0,7.3,매수관심,장대양봉,잔구간,0.79,1.175,2026-09-01
SKYQ,3.9,2.83,1785126,462052,5.05,1.84,2.7,7.9,-1.7,매수관심,팽이도지,완만한상승,0.54,0.95,2026-09-01
NEOV,3.9,3.65,3679837,935726,13.43,7.66,1.8,-0.8,-13.2,매도주의,장대음봉,잔구간,0.04,-1.275,2026-09-01
EIDO,3.8,12.93,2462472,650151,31.84,10.3,3.1,1.4,0.2,중립,위꼬리양봉,전고점돌파,0.32,0.28,2026-09-01
TLYS,3.7,3.96,310586,85064,1.23,0.43,2.9,0.0,1.0,중립,위꼬리양봉,완만한상승,0.24,-0.41,2026-09-01
CPSH,3.7,3.67,663096,177756,2.43,0.86,2.8,-2.1,-3.7,중립,음봉,전저점부근,0.33,-0.15,2026-09-01
CTMX,3.6,3.67,8821449,2481935,32.37,9.8,3.3,-1.2,10.5,강한매수,장대양봉,전고점돌파,0.85,3.92,2026-09-01
RNXT,3.6,2.11,3313665,909340,6.99,1.43,4.9,-1.0,10.5,강한매수,양봉,전고점돌파,0.76,2.51,2026-09-01
XTIA,3.6,1.15,1621094,448055,1.86,1.02,1.8,-2.2,-12.9,강한매도,장대음봉,전저점이탈,0.06,-3.28,2026-09-01
FTMN,3.6,8.57,616762,170974,5.29,9.76,0.5,-0.5,-0.5,강한매도,장대음봉,전저점이탈,0.2,-3.11,2026-09-01
YEXT,3.5,6.53,2899120,837205,18.93,5.1,3.7,13.1,-14.8,매도주의,장대음봉,잔구간,0.14,-1.215,2026-09-01
KYTX,3.5,8.35,1782410,504693,14.88,5.5,2.7,-2.4,1.0,매수관심,양봉스프링,잔구간,0.91,0.995,2026-09-01
IVVD,3.5,0.88,12576449,3562660,11.07,4.54,2.4,-9.9,2.3,매수관심,양봉스프링,잔구간,0.86,0.965,2026-09-01
GUTS,3.5,0.708,5078512,1437107,3.6,1.13,3.2,-2.9,2.6,중립,위꼬리양봉,잔구간,0.27,-0.64,2026-09-01
GPRK,3.5,11.23,1162967,334680,13.06,5.03,2.6,1.3,0.8,매수관심,양봉스프링,전고점부근,1.0,1.65,2026-09-01
ALXO,3.4,1.98,1441610,425561,2.85,1.17,2.4,-1.0,3.7,강한매수,장대양봉,수횡파,0.81,3.97,2026-09-01
BTMD,3.4,1.67,692930,205836,1.16,0.67,1.7,-0.6,2.5,강한매수,양봉,완만한상승,0.85,2.02,2026-09-01
STDN,3.4,16.56,2722724,794085,45.09,10.45,4.3,-0.6,3.4,강한매수,양봉,전고점돌파,0.49,2.19,2026-09-01
BIII,3.4,10.055,1139853,331246,11.46,6.01,1.9,0.0,-0.0,중립,음봉,완만한상승,0.33,-0.0,2026-09-01
NFJ,3.4,15.41,317245,92938,4.89,1.73,2.8,-0.2,-0.8,매도주의,음봉,전저점이탈,0.12,-1.91,2026-09-01
WHLR,3.4,0.579,3624320,1070026,2.1,5.86,0.4,0.0,-14.8,강한매도,장대음봉,전저점이탈,0.24,-3.06,2026-09-01
ALTG,3.3,5.72,415586,126099,2.38,0.93,2.6,-1.4,-1.7,강한매도,위꼬리음봉,전저점이탈,0.09,-2.74,2026-09-01
PFN,3.2,6.89,832937,262678,5.74,2.35,2.4,0.1,-1.1,중립,음봉,전저점부근,0.34,-0.14,2026-09-01
SPPP,3.2,14.33,2007892,625780,28.77,10.2,2.8,-2.5,0.0,강한매도,위꼬리양봉,전저점이탈,0.08,-2.25,2026-09-01
CXM,3.1,7.6,12009081,3910048,91.27,25.25,3.6,-1.6,-5.9,매도주의,장대음봉,잔구간,0.09,-1.245,2026-09-01
HUMA,3.1,0.57,16536117,5299781,9.43,5.58,1.7,-0.6,-4.6,강한매도,장대음봉,전저점이탈,0.01,-3.34,2026-09-01
FGL,3.1,17.23,309441,99918,5.33,3.37,1.6,-10.7,26.9,중립,양봉,잔구간,0.4,0.29,2026-09-01
GOTU,3.1,2.16,854321,275680,1.85,0.41,4.5,0.0,13.1,강한매수,장대양봉,전고점돌파,0.97,4.06,2026-09-01
NAC,3.0,11.49,1133526,373479,13.02,4.8,2.7,-0.3,-1.1,강한매도,장대음봉,전저점이탈,0.2,-3.11,2026-09-01
NIO,3.0,4.06,81891880,27522310,332.48,133.75,2.5,-3.5,-0.5,매도주의,팽이도지,전저점이탈,0.37,-0.91,2026-09-01
VIVK,3.0,0.784,3417907,1134785,2.68,2.03,1.3,1.1,-0.6,강한매수,망치형,전저점부근,0.81,3.12,2026-09-01
DDD,2.9,3.29,4609554,1591928,15.17,6.28,2.4,7.9,-7.1,매도주의,장대음봉,완만한상승,0.09,-1.59,2026-09-01
HLF,2.9,11.52,3303807,1133248,38.06,20.25,1.9,-0.3,5.1,매수관심,장대양봉,잔구간,0.62,1.07,2026-09-01
ETY,2.9,14.32,739198,256612,10.59,3.33,3.2,-1.0,-0.1,매도주의,위꼬리음봉,잔구간,0.07,-1.01,2026-09-01
NPB,2.9,16.59,387863,131631,6.43,3.28,2.0,-0.5,-1.8,강한매도,장대음봉,전저점이탈,0.0,-3.35,2026-09-01
PNNT,2.8,3.73,1186809,427836,4.43,1.53,2.9,0.0,-0.5,중립,팽이도지,잔구간,0.5,0.0,2026-09-01
ERIC,2.8,10.06,16609072,5841388,167.09,78.99,2.1,0.1,-0.4,중립,음봉,잔구간,0.48,-0.36,2026-09-01
BATL,2.8,1.37,6884271,2455885,9.43,4.54,2.1,1.5,0.0,매수관심,팽이도지,완만한상승,0.63,1.06,2026-09-01
AAPD,2.7,10.718,19441446,7232010,208.38,92.35,2.3,0.1,-2.5,강한매도,장대음봉,전저점이탈,0.2,-3.11,2026-09-01
KYIV,2.7,13.08,862936,320752,11.29,3.93,2.9,-1.3,-1.1,중립,음봉,잔구간,0.32,-0.46,2026-09-01
EHGO,2.7,1.18,993138,368862,1.17,7.67,0.2,6.4,0.9,중립,팽이도지,잔구간,0.71,0.125,2026-09-01
DEFT,2.7,0.664,6602768,2432456,4.38,1.86,2.4,4.4,5.4,중립,양봉,전고점부근,0.58,0.35,2026-09-01
HLX,2.7,10.6,4086194,1486719,43.31,13.45,3.2,0.8,2.1,매수관심,양봉,완만한상승,0.75,1.9,2026-09-01
WCMI,2.7,19.49,1312264,484656,25.58,21.89,1.2,-0.5,-0.6,강한매도,장대음봉,전저점이탈,0.2,-3.11,2026-09-01
OSG,2.7,4.54,1019593,374221,4.63,2.14,2.2,0.7,3.4,강한매수,장대양봉,수횡파,0.91,4.09,2026-09-01
GRO,2.7,2.62,577561,215667,1.51,0.7,2.2,-1.5,2.3,매수관심,팽이도지,완만한상승,0.56,0.97,2026-09-01
SID,2.7,1.13,5354105,1993512,6.05,1.76,3.4,-1.0,9.7,강한매수,장대양봉,전고점돌파,0.91,3.99,2026-09-01
HCWB,2.7,3.45,545877,204690,1.88,0.65,2.9,-2.2,-1.7,중립,팽이도지,잔구간,0.35,-0.09,2026-09-01
IHS,2.7,8.4,2941381,1106227,24.71,8.92,2.8,-0.5,0.4,매수관심,양봉,수횡파,0.43,1.22,2026-09-01
ICLN,2.6,17.24,16268015,6146074,280.46,106.77,2.6,-0.5,0.1,매수관심,팽이도지,전저점부근,0.66,0.94,2026-09-01
PLBL,2.6,5.605,925188,351730,5.19,1.9,2.7,-0.5,-0.4,중립,망치형,잔구간,0.76,0.655,2026-09-01
TRON,2.6,1.64,2759259,1073261,4.53,4.29,1.1,-1.1,-5.2,중립,음봉,전저점부근,0.34,-0.14,2026-09-01
PERI,2.6,9.42,669453,260913,6.31,2.73,2.3,-0.8,-2.6,중립,음봉,잔구간,0.37,-0.43,2026-09-01
RYLD,2.6,16.0,973337,376714,15.57,6.5,2.4,-0.7,-0.3,매도주의,음봉,전저점이탈,0.08,-1.95,2026-09-01
NMAD,2.6,4.1,355407,134429,1.46,0.68,2.1,0.7,-1.7,중립,팽이도지,수횡파,0.27,0.32,2026-09-01
KODK,2.6,8.94,1639326,632334,14.66,7.94,1.8,-0.3,-0.1,강한매수,망치형,전저점부근,0.78,3.09,2026-09-01
OWL,2.5,11.68,36638301,14401816,427.94,169.16,2.5,-2.9,-1.7,중립,음봉,잔구간,0.02,-0.64,2026-09-01
MOMO,2.5,5.44,883458,353453,4.81,2.83,1.7,-0.5,-1.3,강한매도,장대음봉,전저점이탈,0.19,-3.12,2026-09-01
KZIA,2.5,12.63,612196,240355,7.73,4.92,1.6,-0.6,-7.7,강한매도,장대음봉,전저점이탈,0.25,-3.05,2026-09-01
RZLV,2.5,2.39,65443213,26615724,156.41,70.24,2.2,-12.8,-5.2,중립,음봉,전저점부근,0.34,-0.14,2026-09-01
NHS,2.4,5.94,324961,138130,1.93,0.88,2.2,-0.2,0.0,매수관심,팽이도지,수횡파,0.67,0.8,2026-09-01
PDBC,2.4,19.05,11301697,4724576,215.3,85.31,2.5,0.6,1.5,강한매수,장대양봉,전고점돌파,0.91,3.99,2026-09-01
IBTL,2.4,19.83,423966,173624,8.41,5.05,1.7,-0.4,-0.1,강한매도,음봉,전저점이탈,0.0,-2.05,2026-09-01
UPWK,2.4,9.19,4416268,1851626,40.59,19.76,2.1,-1.1,2.9,강한매수,장대양봉,전고점돌파,0.86,3.93,2026-09-01
MFM,2.4,5.34,430374,178743,2.3,1.22,1.9,0.0,-0.9,매도주의,장대음봉,잔구간,0.14,-1.215,2026-09-01
RIOX,2.4,19.37,670619,277030,12.99,8.91,1.5,-5.3,-8.1,강한매도,장대음봉,전저점이탈,0.13,-3.19,2026-09-01
RQI,2.4,12.16,998083,423540,12.14,5.92,2.0,0.0,0.1,중립,팽이도지,잔구간,0.49,-0.005,2026-09-01
HPP,2.4,12.79,1037847,431125,13.27,7.38,1.8,1.0,0.8,중립,팽이도지,잔구간,0.5,0.0,2026-09-01
SSP,2.4,3.26,868846,366939,2.83,1.38,2.0,-0.9,-0.6,중립,팽이도지,잔구간,0.36,-0.085,2026-09-01
CTOS,2.3,8.87,1699053,744845,15.07,7.08,2.1,-1.1,-2.6,강한매도,장대음봉,전저점이탈,0.24,-3.06,2026-09-01
GMRS,2.3,12.97,835446,360399,10.84,8.56,1.3,0.9,5.8,매수관심,장대양봉,잔구간,0.82,1.19,2026-09-01
TTEC,2.3,1.34,803369,354844,1.08,0.62,1.7,0.0,0.0,매수관심,팽이도지,완만한상승,0.6,1.02,2026-09-01
PEB,2.3,17.74,3320487,1442292,58.91,29.14,2.0,-0.6,-1.5,매도주의,음봉,전저점이탈,0.43,-1.53,2026-09-01
NRK,2.3,10.1,449066,196806,4.54,2.76,1.6,-0.1,-1.7,매도주의,장대음봉,전저점부근,0.0,-1.85,2026-09-01
NMZ,2.3,9.89,1405441,604150,13.9,6.43,2.2,-0.1,-1.0,강한매도,장대음봉,전저점이탈,0.21,-3.1,2026-09-01
ONDL,2.3,5.11,1939514,839477,9.91,7.78,1.3,-6.3,-10.2,강한매도,장대음봉,전저점이탈,0.1,-3.23,2026-09-01
TGEN,2.3,3.01,432101,185894,1.3,0.64,2.0,-2.6,1.0,매수관심,양봉스프링,잔구간,0.9,0.99,2026-09-01
TBPH,2.2,17.03,870672,395472,14.83,6.27,2.4,0.2,-0.3,매도주의,장대음봉,잔구간,0.17,-1.2,2026-09-01
SLN,2.2,14.74,1134889,508949,16.73,9.19,1.8,-0.3,9.3,강한매수,장대양봉,전고점돌파,0.91,3.99,2026-09-01
NTWO,2.2,10.88,475780,217359,5.18,16.86,0.3,-0.6,0.2,강한매도,위꼬리양봉,전저점이탈,0.29,-2.0,2026-09-01
QTRX,2.2,2.51,905328,410865,2.27,1.44,1.6,-3.0,-3.1,강한매도,장대음봉,전저점이탈,0.08,-3.25,2026-09-01
KRO,2.2,8.4,633895,284744,5.32,2.59,2.1,-1.0,-3.8,매도주의,장대음봉,잔구간,0.32,-1.11,2026-09-01
TV,2.2,2.64,1898694,867022,5.01,2.59,1.9,-1.5,-2.6,매도주의,음봉,전저점이탈,0.07,-1.97,2026-09-01
VIXY,2.2,17.8,4098185,1893294,72.95,41.13,1.8,2.0,1.0,중립,양봉,잔구간,0.67,0.45,2026-09-01
ESRT,2.2,4.39,3244061,1503231,14.24,8.67,1.6,-1.3,-1.8,매도주의,음봉,전저점이탈,0.18,-1.83,2026-09-01
KYN,2.2,15.07,470301,215945,7.09,3.74,1.9,0.5,0.2,매수관심,팽이도지,전고점돌파,0.68,1.72,2026-09-01
GME,2.2,18.81,11751335,5298965,221.04,106.51,2.1,-0.7,3.1,강한매수,장대양봉,완만한상승,0.9,3.38,2026-09-01
CODI,2.2,11.42,985027,439029,11.25,6.75,1.7,-0.5,-0.7,매도주의,위꼬리음봉,잔구간,0.04,-1.025,2026-09-01
XNDU,2.2,9.93,1959919,892109,19.46,16.09,1.2,-3.9,-4.0,매도주의,음봉,전저점이탈,0.07,-1.97,2026-09-01
QUCY,2.2,1.48,1559136,699499,2.31,1.12,2.1,-1.9,-3.9,중립,음봉,잔구간,0.14,-0.565,2026-09-01
QCML,2.2,15.252,389660,180757,5.94,3.37,1.8,-5.1,0.4,매수관심,양봉스프링,잔구간,0.91,0.995,2026-09-01
MYGN,2.2,3.18,3034116,1391080,9.65,5.05,1.9,-8.4,7.8,강한매수,장대양봉,수횡파,0.88,4.0600000000000005,2026-09-01
PRCH,2.2,17.355,1831119,820522,31.78,15.1,2.1,-0.3,2.4,중립,양봉,잔구간,0.52,0.36,2026-09-01
CNH,2.1,12.5,30934188,14880690,386.68,299.03,1.3,-0.3,5.9,강한매수,장대양봉,전고점돌파,0.89,3.97,2026-09-01
JBI,2.1,4.68,3289340,1563279,15.39,7.86,2.0,-1.4,-4.3,강한매도,장대음봉,전저점이탈,0.11,-3.22,2026-09-01
PBI,2.1,17.11,2613184,1219525,44.71,21.39,2.1,-1.9,1.8,중립,양봉,잔구간,0.35,0.26,2026-09-01
CNDT,2.1,1.8,1133829,550670,2.04,1.29,1.6,0.6,4.0,강한매수,장대양봉,전고점돌파,0.78,3.84,2026-09-01
FNKO,2.1,6.2,2356800,1121630,14.61,6.37,2.3,-1.8,-6.1,강한매도,장대음봉,전저점이탈,0.05,-3.29,2026-09-01
AOD,2.1,10.65,674944,324842,7.19,4.54,1.6,-0.5,-1.2,매도주의,장대음봉,잔구간,0.32,-1.11,2026-09-01
VET,2.1,13.18,2442950,1154733,32.2,17.13,1.9,2.8,-0.1,강한매수,망치형,전고점돌파,0.91,2.99,2026-09-01
CHPT,2.1,5.3,638687,304930,3.39,1.94,1.7,0.0,-3.6,강한매도,장대음봉,전저점이탈,0.13,-3.19,2026-09-01
INMD,2.1,15.03,799933,373752,12.02,6.18,1.9,0.2,0.3,중립,위꼬리양봉,완만한상승,0.37,-0.26,2026-09-01
BSBR,2.1,5.72,6401745,2981497,36.62,19.22,1.9,-0.3,-0.2,매도주의,위꼬리음봉,잔구간,0.2,-0.93,2026-09-01
BTAL,2.1,12.47,1024623,488925,12.78,5.93,2.2,1.7,0.0,강한매수,양봉스프링,전고점돌파,0.78,3.34,2026-09-01
INV,2.1,1.19,5768144,2783963,6.86,6.02,1.1,-2.3,-5.6,강한매도,장대음봉,전저점이탈,0.3,-2.99,2026-09-01
SENS,2.1,9.38,855449,403632,8.02,6.49,1.2,-0.7,2.3,중립,양봉,잔구간,0.48,0.34,2026-09-01
NVAX,2.1,10.12,10040575,4895473,101.61,54.74,1.9,-1.8,10.0,강한매수,장대양봉,전고점돌파,0.87,3.94,2026-09-01
SHO,2.1,10.96,3004310,1420077,32.93,21.01,1.6,-0.8,-1.1,매도주의,음봉,전저점이탈,0.2,-1.81,2026-09-01
CABA,2.1,3.3,6647981,3173659,21.94,14.77,1.5,-3.5,10.0,강한매수,장대양봉,완만한상승,0.97,3.46,2026-09-01
MLN,2.0,17.06,377299,184419,6.44,3.19,2.0,-0.8,-0.3,매도주의,음봉,전저점이탈,0.29,-1.7,2026-09-01
LPSN,2.0,2.97,394641,200309,1.17,0.67,1.7,-1.6,-2.6,중립,음봉,잔구간,0.21,-0.525,2026-09-01
ADUR,2.0,13.34,862111,429186,11.5,5.97,1.9,-3.0,-0.4,중립,팽이도지,전저점이탈,0.63,-0.59,2026-09-01
METD,2.0,16.548,618149,305174,10.23,7.28,1.4,2.3,-3.3,매도주의,장대음봉,잔구간,0.23,-1.16,2026-09-01
HUTG,2.0,10.84,306920,152511,3.33,2.81,1.2,1.7,-5.1,중립,음봉,잔구간,0.49,-0.355,2026-09-01
AGRO,2.0,12.02,1387315,702683,16.68,10.89,1.5,0.8,4.8,강한매수,장대양봉,전고점돌파,0.92,4.0,2026-09-01
BCYC,2.0,4.1,316712,160416,1.3,0.99,1.3,-0.2,-0.5,매도주의,위꼬리음봉,전저점부근,0.13,-1.19,2026-09-01
SPIR,2.0,12.02,927968,461441,11.15,6.94,1.6,-2.0,-7.6,강한매도,장대음봉,전저점이탈,0.1,-3.23,2026-09-01
LADR,2.0,9.69,1362441,668139,13.2,7.76,1.7,-0.2,-0.9,매도주의,음봉,전저점이탈,0.26,-1.74,2026-09-01
RLX,2.0,1.79,6177030,3022940,11.06,5.54,2.0,-0.5,-1.6,중립,음봉,수횡파,0.59,0.01,2026-09-01
MRLN,2.0,2.81,2276067,1165529,6.4,3.94,1.6,-1.7,-5.7,강한매도,장대음봉,전저점이탈,0.19,-3.12,2026-09-01
MBC,2.0,7.96,2676536,1357616,21.31,14.37,1.5,-1.2,-2.3,매도주의,음봉,전저점이탈,0.33,-1.65,2026-09-01
NAD,2.0,11.56,1062252,530762,12.28,6.33,1.9,-0.3,-1.3,강한매도,장대음봉,전저점이탈,0.06,-3.28,2026-09-01
SPSK,1.9,17.85,451701,241005,8.06,4.21,1.9,0.1,-0.3,강한매도,장대음봉,전저점이탈,0.16,-3.16,2026-09-01
NXH,1.9,3.69,3377350,1742838,12.46,7.47,1.7,-1.0,-5.1,매도주의,음봉,전저점이탈,0.45,-1.51,2026-09-01
XE,1.9,18.41,9775453,5191770,179.97,95.55,1.9,-3.6,3.5,중립,양봉,잔구간,0.49,0.345,2026-09-01
HAYW,1.9,13.61,2765160,1420439,37.63,24.84,1.5,-0.5,-2.6,강한매도,장대음봉,전저점이탈,0.07,-3.27,2026-09-01
SSL,1.9,12.45,1996121,1043218,24.85,13.2,1.9,-1.1,4.7,강한매수,장대양봉,완만한상승,0.94,3.43,2026-09-01
NVG,1.9,12.02,927607,498246,11.15,6.72,1.7,-0.2,-0.8,강한매도,장대음봉,전저점이탈,0.19,-3.12,2026-09-01
FCUV,1.9,11.35,364073,187210,4.13,2.33,1.8,1.1,14.0,강한매수,양봉,전고점돌파,0.78,2.54,2026-09-01
LFTO,1.9,18.73,817601,428229,15.31,10.28,1.5,-0.2,1.0,강한매수,양봉스프링,완만한상승,0.9,2.88,2026-09-01
MYI,1.9,10.61,379547,197136,4.03,3.2,1.3,-0.1,-0.8,강한매도,장대음봉,전저점이탈,0.11,-3.22,2026-09-01
ERII,1.9,7.73,1293399,684011,10.0,7.8,1.3,-0.8,1.0,중립,양봉,잔구간,0.76,0.505,2026-09-01
ERAS,1.9,16.76,6708100,3505218,112.43,63.5,1.8,-1.7,-4.7,강한매도,장대음봉,전저점이탈,0.06,-3.28,2026-09-01
BW,1.9,6.84,7988278,4120309,54.64,37.54,1.5,-3.1,-6.4,강한매도,장대음봉,전저점이탈,0.05,-3.29,2026-09-01
IBTK,1.9,19.27,443840,237018,8.55,5.23,1.6,-0.5,-0.1,매도주의,음봉,전저점이탈,0.33,-1.65,2026-09-01
OFIX,1.9,9.43,491155,255760,4.63,2.59,1.8,0.0,0.4,중립,위꼬리양봉,잔구간,0.34,-0.595,2026-09-01
SAFX,1.9,0.38,4829416,2578216,1.84,1.4,1.3,2.6,4.1,매수관심,양봉,수횡파,0.75,1.6,2026-09-01
NZF,1.9,12.02,749544,392742,9.01,5.32,1.7,-0.2,-1.2,강한매도,장대음봉,전저점이탈,0.12,-3.21,2026-09-01
EHI,1.9,5.69,378041,198020,2.15,1.16,1.8,0.2,-0.4,매도주의,음봉,전저점이탈,0.2,-1.81,2026-09-01
GALT,1.9,4.17,479583,250450,2.0,1.05,1.9,-1.0,6.6,매수관심,양봉,완만한상승,0.55,1.66,2026-09-01
ZSQR,1.9,2.91,478139,255399,1.39,1.29,1.1,0.3,-1.7,중립,팽이도지,전저점부근,0.35,0.57,2026-09-01
MIR,1.9,15.51,5413916,2882797,83.97,48.36,1.7,1.3,1.6,매수관심,양봉,완만한상승,0.71,1.85,2026-09-01
GLAS,1.9,8.49,691288,371879,5.87,4.33,1.4,-0.4,-4.5,매도주의,음봉,전저점이탈,0.09,-1.94,2026-09-01
NEA,1.9,11.08,1528350,807680,16.93,10.06,1.7,-0.4,-1.2,강한매도,장대음봉,전저점이탈,0.0,-3.35,2026-09-01
NTSK,1.9,14.05,6570244,3463480,92.31,56.39,1.6,-1.9,-6.5,매도주의,장대음봉,잔구간,0.07,-1.26,2026-09-01
NAK,1.9,1.56,5139566,2717189,8.02,5.81,1.4,-3.6,-3.7,매도주의,음봉,전저점이탈,0.17,-1.85,2026-09-01
DTCX,1.9,2.08,715667,367863,1.49,1.02,1.5,-1.8,-4.6,중립,음봉,잔구간,0.08,-0.6,2026-09-01
AEHG,1.8,5.69,796289,445033,4.53,5.24,0.9,-4.8,-1.9,중립,망치형,전저점이탈,0.64,0.42,2026-09-01
CLPT,1.8,14.9,809607,454674,12.06,8.04,1.5,-0.2,-1.4,중립,망치형,잔구간,0.52,0.51,2026-09-01
PL,1.8,19.26,7804528,4302541,150.32,106.71,1.4,-1.4,-1.6,매도주의,음봉,전저점이탈,0.2,-1.81,2026-09-01
PLTK,1.8,2.2,2253085,1235711,4.96,3.69,1.3,-0.9,-2.2,매도주의,음봉,전저점이탈,0.39,-1.58,2026-09-01
SGRY,1.8,14.6,3962461,2211233,57.85,40.62,1.4,0.0,5.1,중립,양봉,잔구간,0.63,0.43,2026-09-01
PBYI,1.8,9.35,458304,254510,4.29,2.63,1.6,0.0,2.6,매수관심,양봉,완만한상승,0.5,1.6,2026-09-01
ORGO,1.8,1.63,1059579,582267,1.73,1.05,1.6,-1.2,-4.1,강한매도,장대음봉,전저점이탈,0.11,-3.22,2026-09-01
DRVN,1.8,12.8,1356373,736655,17.36,12.05,1.4,-0.6,3.6,매수관심,장대양봉,잔구간,0.84,1.205,2026-09-01
KLRA,1.8,16.41,1207721,667425,19.82,15.97,1.2,-1.2,7.9,강한매수,장대양봉,완만한상승,0.66,3.09,2026-09-01
NUS,1.8,4.57,685906,384643,3.13,2.24,1.4,0.2,-2.8,매도주의,음봉,전저점이탈,0.09,-1.94,2026-09-01
BBDC,1.8,9.3,1331869,731636,12.39,7.89,1.6,-0.2,-1.3,중립,음봉,잔구간,0.05,-0.62,2026-09-01
PDI,1.8,15.15,3928835,2194724,59.52,64.09,0.9,-0.1,-0.1,매도주의,위꼬리음봉,잔구간,0.0,-1.05,2026-09-01
NMR,1.8,10.17,992853,563817,10.1,6.06,1.7,-0.2,0.1,중립,위꼬리양봉,잔구간,0.18,-0.69,2026-09-01
SHOE,1.8,12.84,1661446,942867,21.33,10.72,2.0,-0.4,-5.9,강한매도,장대음봉,전저점이탈,0.06,-3.28,2026-09-01
EC,1.8,17.45,2889038,1605093,50.41,26.82,1.9,1.9,2.7,중립,양봉,잔구간,0.87,0.57,2026-09-01
EMBC,1.8,5.25,2090339,1139755,10.97,6.92,1.6,-1.4,3.6,강한매수,장대양봉,완만한상승,0.75,3.2,2026-09-01
ICL,1.8,5.77,1598376,865700,9.22,5.72,1.6,-0.9,1.8,매수관심,장대양봉,잔구간,0.79,1.175,2026-09-01
DRN,1.8,10.29,2524257,1439876,25.97,12.82,2.0,-0.8,0.2,중립,팽이도지,잔구간,0.33,-0.1,2026-09-01
YALA,1.8,5.44,493776,271559,2.69,2.09,1.3,-0.4,-0.5,매도주의,음봉,전저점이탈,0.27,-1.73,2026-09-01
AGNT,1.8,3.92,1714014,967891,6.72,5.21,1.3,-1.9,-3.0,매도주의,음봉,전저점이탈,0.2,-1.81,2026-09-01
LPTH,1.8,9.47,4698119,2652845,44.49,41.59,1.1,-3.1,-2.9,강한매도,장대음봉,전저점이탈,0.03,-3.31,2026-09-01
PFXF,1.8,17.62,790197,437463,13.92,10.4,1.3,-0.6,-0.7,강한매도,장대음봉,전저점이탈,0.11,-3.22,2026-09-01
ARKO,1.8,4.5,1403514,787387,6.32,4.11,1.5,-0.4,-0.9,매도주의,위꼬리음봉,잔구간,0.22,-0.92,2026-09-01
TALO,1.8,17.27,2893267,1564616,49.97,29.54,1.7,1.5,-1.4,중립,음봉,완만한상승,0.42,0.1,2026-09-01
RPC,1.7,8.43,537931,312211,4.53,3.95,1.1,-1.5,-0.5,매도주의,팽이도지,전저점이탈,0.26,-1.04,2026-09-01
FTCA,1.7,7.14,452815,265005,3.23,1.85,1.7,-0.8,-0.3,매도주의,음봉,전저점이탈,0.2,-1.81,2026-09-01
APLE,1.7,15.57,2907892,1685141,45.28,33.51,1.4,-1.8,-0.6,강한매도,위꼬리음봉,전저점이탈,0.18,-2.63,2026-09-01
FWRG,1.7,12.075,1031830,616040,12.46,9.52,1.3,-1.1,-3.7,매도주의,음봉,전저점이탈,0.07,-1.97,2026-09-01
GNL,1.7,9.13,2354258,1371033,21.49,15.57,1.4,0.0,-0.5,매도주의,위꼬리음봉,잔구간,0.24,-0.905,2026-09-01
ZGN,1.7,13.04,1040968,612641,13.57,11.39,1.2,-1.3,-2.7,매도주의,음봉,전저점이탈,0.24,-1.76,2026-09-01
XRX,1.7,3.16,2844687,1672231,8.99,5.96,1.5,0.0,-2.2,중립,음봉,잔구간,0.11,-0.585,2026-09-01
PWP,1.7,16.4,1125169,646297,18.45,13.63,1.4,-2.1,0.7,중립,위꼬리양봉,잔구간,0.25,-0.65,2026-09-01
UVXY,1.7,18.82,8824835,5202639,166.08,119.52,1.4,2.8,1.9,중립,양봉,잔구간,0.75,0.5,2026-09-01
CRBP,1.7,11.28,901296,528954,10.17,6.41,1.6,-0.9,4.3,강한매수,양봉,완만한상승,0.89,2.07,2026-09-01
ARLO,1.7,12.57,1558128,929624,19.59,13.81,1.4,-2.4,-2.1,매도주의,음봉,전저점이탈,0.31,-1.68,2026-09-01
AXTL,1.7,1.96,1378723,800144,2.7,2.77,1.0,-5.4,-7.5,강한매도,장대음봉,전저점이탈,0.38,-2.89,2026-09-01
KPTI,1.7,1.85,1598051,953196,2.96,2.01,1.5,-1.9,-8.4,매도주의,장대음봉,잔구간,0.04,-1.275,2026-09-01
KRP,1.7,14.9,1453648,849402,21.66,12.79,1.7,1.2,-1.5,매도주의,장대음봉,잔구간,0.12,-1.23,2026-09-01
VOD,1.7,16.05,3881540,2263206,62.3,40.92,1.5,0.0,0.1,중립,위꼬리양봉,완만한상승,0.26,-0.39,2026-09-01
MQY,1.7,10.96,607689,356639,6.66,4.44,1.5,-0.2,-0.7,강한매도,장대음봉,전저점이탈,0.0,-3.35,2026-09-01
CSQR,1.7,18.35,1165354,669888,21.38,16.09,1.3,-0.7,-4.8,매도주의,음봉,전저점이탈,0.18,-1.83,2026-09-01
LHSW,1.7,2.88,473417,280470,1.36,0.93,1.5,-4.1,-22.8,매도주의,장대음봉,잔구간,0.27,-1.14,2026-09-01
VSTM,1.7,7.61,2079540,1245300,15.83,11.74,1.3,-0.4,5.8,강한매수,장대양봉,전고점돌파,0.94,4.03,2026-09-01
ERY,1.7,8.71,10696332,6247404,93.17,44.59,2.1,-3.0,0.4,강한매도,위꼬리양봉,전저점이탈,0.15,-2.17,2026-09-01
CC,1.7,15.1,2507712,1439034,37.87,24.63,1.5,-1.3,-1.7,매도주의,음봉,전저점이탈,0.25,-1.75,2026-09-01
NMFC,1.7,7.48,634902,381925,4.75,2.49,1.9,-0.3,-1.7,강한매도,장대음봉,전저점이탈,0.1,-3.23,2026-09-01
LUNG,1.7,2.24,525185,316935,1.18,0.88,1.3,-5.0,-0.9,매도주의,위꼬리음봉,잔구간,0.05,-1.02,2026-09-01
ALM,1.7,17.635,7262378,4341510,128.07,101.92,1.3,-3.2,2.3,매수관심,양봉,수횡파,0.62,1.44,2026-09-01
CWK,1.7,13.39,2179506,1301232,29.18,24.91,1.2,-1.2,0.5,중립,팽이도지,전저점이탈,0.53,-0.71,2026-09-01
DHX,1.7,4.47,449384,262963,2.01,1.17,1.7,-1.4,5.7,강한매수,장대양봉,완만한상승,0.8,3.26,2026-09-01
PENN,1.7,16.4,3535347,2126233,57.98,39.51,1.5,0.4,-2.2,강한매도,장대음봉,전저점이탈,0.31,-2.98,2026-09-01
HAWK,1.7,18.36,1325021,763451,24.33,17.58,1.4,-1.2,-2.0,매도주의,음봉,전저점이탈,0.35,-1.63,2026-09-01
GTN,1.7,4.74,1178614,698769,5.59,4.67,1.2,-0.4,-2.5,중립,음봉,전저점부근,0.13,-0.39,2026-09-01
HR,1.7,19.36,3738266,2221988,72.37,54.18,1.3,0.3,1.4,매수관심,장대양봉,잔구간,0.77,1.16,2026-09-01
ELME,1.7,1.68,922735,546547,1.55,1.0,1.5,0.6,-0.6,매도주의,위꼬리음봉,완만한상승,0.25,-0.9,2026-09-01
XMAX,1.6,8.79,702011,448104,6.17,4.43,1.4,-0.3,-1.7,매도주의,장대음봉,잔구간,0.31,-1.115,2026-09-01
RDTL,1.6,12.04,730019,463358,8.79,9.31,0.9,-4.2,-0.2,강한매도,위꼬리음봉,전저점이탈,0.14,-2.68,2026-09-01
WU,1.6,7.06,10776577,6572832,76.08,53.17,1.4,-0.9,-0.5,중립,팽이도지,전저점부근,0.3,0.51,2026-09-01
FMC,1.6,11.88,3629721,2314795,43.12,27.65,1.6,-0.8,3.8,강한매수,장대양봉,전고점돌파,0.89,3.97,2026-09-01
PTON,1.6,5.09,9238809,5791383,47.03,32.49,1.4,-1.1,-4.0,강한매도,장대음봉,전저점이탈,0.04,-3.3,2026-09-01
RXST,1.6,6.99,988922,621759,6.91,5.64,1.2,-0.7,-4.0,중립,음봉,잔구간,0.07,-0.61,2026-09-01
ARCC,1.6,19.91,5696285,3479798,113.41,65.22,1.7,-0.2,-0.6,중립,음봉,잔구간,0.13,-0.57,2026-09-01
GNW,1.6,10.0,3815269,2387305,38.15,23.33,1.6,0.4,0.2,중립,팽이도지,완만한상승,0.41,0.79,2026-09-01
CPNG,1.6,15.8,17146709,10848215,270.92,223.11,1.2,-1.9,0.3,강한매도,위꼬리양봉,전저점이탈,0.29,-2.0,2026-09-01
LXFR,1.6,17.19,403352,245217,6.93,6.24,1.1,-0.1,0.1,강한매수,장대양봉,완만한상승,0.67,3.1,2026-09-01
ACHV,1.6,8.25,1652227,1024698,13.63,11.52,1.2,-1.4,5.4,매수관심,장대양봉,잔구간,0.74,1.145,2026-09-01
TSLX,1.6,18.45,503173,321254,9.28,7.27,1.3,0.2,-2.3,강한매도,장대음봉,전저점이탈,0.07,-3.27,2026-09-01
EQPT,1.6,16.85,2900197,1835191,48.87,40.91,1.2,-1.1,-3.2,강한매도,장대음봉,전저점이탈,0.22,-3.09,2026-09-01
SIGA,1.6,3.24,1077115,659106,3.49,2.27,1.5,-0.3,3.5,강한매수,장대양봉,전고점돌파,0.79,3.85,2026-09-01
SMTK,1.6,2.82,438235,280075,1.24,4.02,0.3,-5.9,-2.4,매도주의,음봉,전저점이탈,0.63,-1.29,2026-09-01
IKT,1.6,2.38,523236,318916,1.25,1.0,1.2,-0.4,3.5,중립,양봉,잔구간,0.81,0.535,2026-09-01
CEPL,1.6,5.6,468834,301658,2.63,2.48,1.1,-1.8,-1.8,매도주의,팽이도지,전저점이탈,0.42,-0.85,2026-09-01
MX,1.6,3.05,530365,332444,1.62,1.06,1.5,-1.9,-0.7,매도주의,팽이도지,전저점이탈,0.46,-0.8,2026-09-01
NCLH,1.6,15.43,22599411,13739642,348.71,240.92,1.4,-1.1,-3.4,강한매도,장대음봉,전저점이탈,0.15,-3.17,2026-09-01
MNSO,1.6,9.56,1484786,928255,14.19,11.63,1.2,1.0,1.8,매수관심,양봉,완만한상승,0.62,1.74,2026-09-01
CSAN,1.6,2.99,4703490,2907864,14.06,8.25,1.7,1.0,0.3,강한매도,위꼬리양봉,전고점부근,0.15,-2.87,2026-09-01
LZ,1.6,6.14,2682876,1667544,16.47,13.35,1.2,-1.6,0.2,중립,팽이도지,잔구간,0.61,0.065,2026-09-01
CEPU,1.6,13.85,324251,200683,4.49,2.71,1.7,-0.7,2.4,매수관심,양봉,완만한상승,0.61,1.73,2026-09-01
MLCO,1.6,5.07,2120159,1335266,10.75,7.58,1.4,-0.8,0.6,중립,팽이도지,잔구간,0.55,0.03,2026-09-01
ENIC,1.6,4.31,1014214,622440,4.37,3.11,1.4,-0.7,0.0,매도주의,위꼬리양봉,잔구간,0.0,-0.8,2026-09-01
FISN,1.6,6.39,367130,228445,2.35,1.53,1.5,-0.1,-4.6,중립,음봉,전저점부근,0.39,-0.08,2026-09-01
VWAV,1.6,0.61,3011477,1854769,1.84,1.99,0.9,-3.0,-23.8,강한매도,장대음봉,전저점이탈,0.0,-3.35,2026-09-01
VRRM,1.6,4.17,4163148,2613215,17.36,12.42,1.4,0.5,-6.3,강한매도,장대음봉,전저점이탈,0.07,-3.27,2026-09-01
TTI,1.6,6.53,2617448,1607010,17.09,13.46,1.3,-2.2,-3.3,강한매도,장대음봉,전저점이탈,0.2,-3.11,2026-09-01
NWL,1.6,5.94,9247129,5932011,54.93,36.32,1.5,-1.3,-3.7,중립,음봉,수횡파,0.23,-0.42,2026-09-01
TWI,1.6,7.41,768122,467538,5.69,3.91,1.5,-1.8,5.0,강한매수,장대양봉,전고점돌파,0.97,4.06,2026-09-01
DEC,1.6,15.36,1065895,655436,16.37,11.57,1.4,1.9,1.3,강한매수,양봉,전고점돌파,1.0,2.8,2026-09-01
MPT,1.6,4.03,10752104,6596058,43.33,29.45,1.5,-1.0,2.5,중립,양봉,잔구간,0.72,0.48,2026-09-01
LDI,1.6,0.89,4594290,2941885,4.09,2.53,1.6,-1.6,-4.3,중립,음봉,잔구간,0.24,-0.505,2026-09-01
LFMD,1.6,3.1,748952,471381,2.32,1.6,1.4,0.0,0.3,중립,위꼬리양봉,잔구간,0.26,-0.645,2026-09-01
SB,1.6,8.75,1069063,683264,9.35,6.3,1.5,-0.3,1.7,중립,양봉,전고점부근,0.59,0.36,2026-09-01
PDM,1.6,9.54,1628559,994542,15.54,10.09,1.5,-0.6,0.3,중립,팽이도지,잔구간,0.54,0.025,2026-09-01
SES,1.6,0.523,9074851,5642495,4.75,5.06,0.9,-2.4,3.1,중립,양봉,잔구간,0.77,0.51,2026-09-01
GPGI,1.6,13.09,2538017,1542686,33.22,19.66,1.7,-2.3,1.3,중립,양봉,잔구간,0.75,0.5,2026-09-01
OPTX,1.6,7.28,335488,212532,2.44,1.84,1.3,-3.1,-8.3,강한매도,장대음봉,전저점이탈,0.05,-3.29,2026-09-01
OWLT,1.6,4.88,352436,227177,1.72,1.29,1.3,-1.4,-0.6,매도주의,위꼬리음봉,전저점부근,0.25,-1.05,2026-09-01
VUZI,1.6,2.42,818537,497215,1.98,2.63,0.8,-1.9,-5.5,강한매도,장대음봉,전저점이탈,0.05,-3.29,2026-09-01
PAYO,1.6,7.1,2101175,1286459,14.92,14.99,1.0,-0.1,0.0,매도주의,위꼬리양봉,잔구간,0.0,-0.8,2026-09-01
BDTX,1.6,2.04,759127,475097,1.55,1.28,1.2,-0.5,-2.4,매도주의,음봉,전저점이탈,0.22,-1.79,2026-09-01
OBE,1.6,12.13,843172,520275,10.23,7.49,1.4,4.2,1.7,강한매수,양봉,완만한상승,0.92,2.1,2026-09-01
SG,1.6,6.47,7253642,4400053,46.93,31.39,1.5,-1.0,-6.1,강한매도,장대음봉,전저점이탈,0.15,-3.17,2026-09-01
PLAY,1.6,8.45,1924348,1211646,16.26,12.72,1.3,-1.9,-4.0,강한매도,장대음봉,전저점이탈,0.17,-3.15,2026-09-01
PK,1.6,15.22,6140023,3875719,93.45,59.84,1.6,1.5,-2.0,강한매도,장대음봉,전저점이탈,0.2,-3.11,2026-09-01
JPMpK,1.6,17.62,312389,190390,5.5,4.93,1.1,-0.3,-1.2,강한매도,장대음봉,전저점이탈,0.0,-3.35,2026-09-01
PAGS,1.6,9.14,3863714,2361547,35.31,19.44,1.8,-0.8,2.1,매수관심,양봉,완만한상승,0.42,1.5,2026-09-01
TOYO,1.6,4.18,1110572,688787,4.64,6.23,0.7,-0.2,-0.5,중립,팽이도지,전저점부근,0.35,0.57,2026-09-01
CXDO,1.6,5.91,333400,208874,1.97,1.48,1.3,-1.3,-2.5,강한매도,장대음봉,전저점이탈,0.1,-3.23,2026-09-01
SVC,1.6,7.67,1870149,1136111,14.34,11.47,1.3,-1.0,-0.6,중립,망치형,잔구간,0.6,0.56,2026-09-01
DNA,1.6,6.93,1810570,1143015,12.55,9.39,1.3,-2.2,4.1,매수관심,장대양봉,잔구간,0.85,1.21,2026-09-01
XHR,1.6,18.29,852257,533887,15.59,12.94,1.2,-2.7,0.2,강한매도,위꼬리양봉,전저점이탈,0.28,-2.01,2026-09-01
WRN,1.6,2.36,1127198,724745,2.66,2.32,1.1,-2.4,-3.7,강한매도,장대음봉,전저점이탈,0.08,-3.25,2026-09-01
AERO,1.5,14.56,490121,324493,7.14,5.22,1.4,-1.6,2.0,강한매수,장대양봉,완만한상승,0.78,3.24,2026-09-01
AG,1.5,19.86,12433788,8202787,246.94,215.97,1.1,-4.2,0.7,강한매도,위꼬리양봉,전저점이탈,0.26,-2.04,2026-09-01
PSFE,1.5,6.22,424349,291173,2.64,2.12,1.2,-1.2,-2.2,강한매도,장대음봉,전저점이탈,0.0,-3.35,2026-09-01
AGBK,1.5,6.63,302431,204421,2.01,1.21,1.7,1.0,5.7,강한매수,장대양봉,전고점돌파,0.9,3.98,2026-09-01
ATOM,1.5,3.94,680169,443113,2.68,2.1,1.3,-2.6,-2.7,강한매도,장대음봉,전저점이탈,0.06,-3.28,2026-09-01
THRY,1.5,1.8,736501,504821,1.33,1.11,1.2,0.0,-5.8,강한매도,장대음봉,전저점이탈,0.15,-3.17,2026-09-01
GBDC,1.5,12.89,1377471,937114,17.76,11.81,1.5,-0.3,-1.8,강한매도,장대음봉,전저점이탈,0.04,-3.3,2026-09-01
ASG,1.5,5.12,333746,217721,1.71,0.95,1.8,-1.0,-0.6,매도주의,음봉,전저점이탈,0.35,-1.63,2026-09-01
GOGO,1.5,2.55,3176313,2179797,8.1,5.95,1.4,0.8,0.4,매수관심,양봉스프링,잔구간,0.76,0.905,2026-09-01
GMEU,1.5,5.5,593862,384899,3.27,2.24,1.5,-1.3,5.2,강한매수,장대양봉,완만한상승,0.84,3.31,2026-09-01
GDXD,1.5,19.33,6334397,4195401,122.44,70.72,1.7,10.5,1.7,강한매수,양봉스프링,전고점돌파,0.96,3.55,2026-09-01
GDRX,1.5,3.46,1592365,1087944,5.51,6.47,0.9,-0.9,0.0,중립,위꼬리양봉,잔구간,0.07,-0.76,2026-09-01
GFR,1.5,6.29,1325542,891472,8.34,5.3,1.6,1.5,0.6,매수관심,양봉스프링,잔구간,0.83,0.95,2026-09-01
CWH,1.5,6.49,1737058,1155381,11.27,9.93,1.1,-2.0,2.5,매수관심,양봉,완만한상승,0.65,1.78,2026-09-01
CLYM,1.5,14.82,1972572,1298518,29.23,19.3,1.5,1.1,6.8,중립,양봉,잔구간,0.89,0.585,2026-09-01
LAB,1.5,0.65,1973134,1339435,1.28,1.15,1.1,0.2,-1.4,중립,음봉,잔구간,0.51,-0.345,2026-09-01
JFR,1.5,7.61,893730,585002,6.8,4.27,1.6,0.0,-1.0,매도주의,장대음봉,잔구간,0.1,-1.24,2026-09-01
STWD,1.5,15.53,5288471,3545271,82.13,56.89,1.4,-0.1,-1.0,강한매도,장대음봉,전저점이탈,0.21,-3.1,2026-09-01
SSTK,1.5,5.75,1224403,835179,7.04,5.04,1.4,1.8,2.0,강한매수,양봉,완만한상승,0.86,2.03,2026-09-01
SVM,1.5,11.9,3186905,2116271,37.92,32.31,1.2,-3.9,-0.5,강한매도,위꼬리음봉,전저점이탈,0.11,-2.72,2026-09-01
ECC,1.5,3.88,800609,530675,3.11,2.47,1.3,-0.8,-1.8,매도주의,장대음봉,잔구간,0.2,-1.18,2026-09-01
DFH,1.5,13.71,572453,382589,7.85,6.75,1.2,-1.0,-1.4,매도주의,음봉,전저점이탈,0.31,-1.68,2026-09-01
JANX,1.5,18.89,980544,675199,18.52,14.66,1.3,-0.4,4.1,강한매수,장대양봉,완만한상승,0.95,3.44,2026-09-01
CRGY,1.5,14.07,6269155,4101243,88.21,66.3,1.3,2.3,0.5,매수관심,양봉스프링,잔구간,0.93,1.01,2026-09-01
FLO,1.5,6.69,9650743,6578026,64.56,54.11,1.2,0.0,-3.3,강한매도,장대음봉,전저점이탈,0.2,-3.11,2026-09-01
VIV,1.5,11.59,1536240,993352,17.81,15.27,1.2,0.3,0.1,중립,위꼬리양봉,완만한상승,0.14,-0.53,2026-09-01
BLCO,1.5,17.88,645490,439722,11.54,7.46,1.5,1.0,1.3,강한매수,장대양봉,전고점돌파,0.79,3.85,2026-09-01
OXLC,1.5,9.59,901481,609337,8.65,7.99,1.1,-1.2,0.0,중립,위꼬리양봉,잔구간,0.21,-0.675,2026-09-01
PDO,1.5,12.38,1077629,742985,13.34,11.85,1.1,0.1,-1.0,강한매도,장대음봉,전저점이탈,0.13,-3.19,2026-09-01
FSSL,1.5,11.81,329209,212863,3.89,2.52,1.5,0.0,0.2,매수관심,팽이도지,완만한상승,0.51,0.91,2026-09-01
PCN,1.5,11.71,423346,277860,4.96,3.8,1.3,0.0,-0.3,중립,음봉,잔구간,0.33,-0.45,2026-09-01
GRNT,1.5,5.06,2047927,1371783,10.36,5.44,1.9,1.6,-1.0,중립,음봉,완만한상승,0.55,0.26,2026-09-01
RPD,1.5,12.01,2049104,1399468,24.61,19.15,1.3,-3.9,-7.2,매도주의,장대음봉,잔구간,0.01,-1.295,2026-09-01
WSE,1.5,12.94,1299187,872905,16.81,12.24,1.4,-2.0,0.7,중립,양봉,잔구간,0.6,0.41,2026-09-01
ZVRA,1.5,12.06,1039313,702577,12.53,9.31,1.3,-1.1,3.9,강한매수,장대양봉,완만한상승,0.91,3.39,2026-09-01
TSL,1.5,13.345,576345,386156,7.69,5.96,1.3,-2.3,-1.9,매도주의,장대음봉,잔구간,0.33,-1.1,2026-09-01
CMRE,1.5,15.37,455808,311513,7.01,5.2,1.3,0.3,0.3,매수관심,팽이도지,완만한상승,0.45,0.84,2026-09-01
LPL,1.5,3.27,2659853,1791435,8.7,8.86,1.0,-2.4,-1.2,중립,음봉,수횡파,0.27,-0.38,2026-09-01
KARD,1.5,19.6,327113,222131,6.41,5.23,1.2,-0.5,-2.2,매도주의,음봉,전저점이탈,0.19,-1.82,2026-09-01
LAND,1.5,9.56,1120983,770184,10.72,6.62,1.6,-0.2,4.4,강한매수,장대양봉,전고점돌파,0.9,3.98,2026-09-01
BUR,1.5,4.21,1686124,1116074,7.1,4.77,1.5,-0.2,1.7,매수관심,양봉,완만한상승,0.59,1.71,2026-09-01
DXD,1.5,16.97,1795880,1228070,30.48,21.49,1.4,1.0,0.4,강한매수,양봉스프링,전고점돌파,0.78,3.34,2026-09-01
MTUS,1.5,18.88,462081,304306,8.72,6.34,1.4,-4.7,1.5,중립,양봉,잔구간,0.82,0.54,2026-09-01
NCI,1.5,12.99,1449744,942437,18.83,12.43,1.5,3.0,-0.6,중립,팽이도지,완만한상승,0.35,0.72,2026-09-01
NPKI,1.5,13.24,1275812,850758,16.89,11.43,1.5,-0.8,0.5,중립,팽이도지,잔구간,0.65,0.09,2026-09-01
NMRK,1.5,15.02,1688392,1122061,25.36,21.44,1.2,-0.9,-0.5,매도주의,팽이도지,전저점이탈,0.37,-0.91,2026-09-01
BGS,1.5,3.49,2170482,1403883,7.57,5.97,1.3,0.0,0.6,중립,위꼬리양봉,완만한상승,0.36,-0.27,2026-09-01
CDXS,1.5,1.51,1067725,722830,1.61,1.76,0.9,-1.8,-9.6,강한매도,장대음봉,전저점이탈,0.05,-3.29,2026-09-01
INIO,1.5,19.47,4046300,2729133,78.78,79.63,1.0,-1.5,-2.1,매도주의,음봉,전저점이탈,0.45,-1.51,2026-09-01
EAF,1.5,7.11,358891,241698,2.55,1.6,1.6,-1.8,0.6,중립,위꼬리양봉,잔구간,0.17,-0.7,2026-09-01
TSLZ,1.5,12.56,2149412,1454244,27.0,23.62,1.1,3.9,2.4,매수관심,양봉,완만한상승,0.66,1.79,2026-09-01
DSL,1.5,10.58,710840,471929,7.52,6.48,1.2,0.0,-0.6,중립,음봉,잔구간,0.43,-0.39,2026-09-01
BRBR,1.5,10.31,3973615,2669828,40.97,29.7,1.4,1.6,-5.8,매도주의,장대음봉,잔구간,0.06,-1.265,2026-09-01
CANE,1.5,11.57,419756,272434,4.86,3.35,1.5,0.0,2.2,강한매수,장대양봉,전고점돌파,0.93,4.02,2026-09-01
CAG,1.5,16.11,11953077,8057806,192.56,157.88,1.2,-0.6,1.2,중립,양봉,잔구간,0.47,0.33,2026-09-01
CLB,1.5,12.39,598658,388399,7.42,5.4,1.4,0.4,-0.7,중립,음봉,잔구간,0.33,-0.45,2026-09-01
ONDG,1.5,2.03,3497047,2390808,7.1,8.68,0.8,-6.6,-9.8,강한매도,장대음봉,전저점이탈,0.11,-3.22,2026-09-01
OMER,1.5,18.75,2042703,1369794,38.3,31.92,1.2,-0.7,0.5,중립,팽이도지,잔구간,0.49,-0.005,2026-09-01
OCTV,1.5,19.5,2540510,1660548,49.54,38.06,1.3,-1.5,-1.0,중립,음봉,잔구간,0.45,-0.38,2026-09-01
NKLR,1.5,5.025,323887,212900,1.63,1.57,1.0,-0.9,-5.9,강한매도,장대음봉,전저점이탈,0.04,-3.3,2026-09-01
BRSL,1.5,11.17,1993749,1322874,22.27,19.3,1.2,-0.3,-0.6,중립,망치형,전저점이탈,0.7,0.49,2026-09-01
BSCV,1.5,16.135,680760,468702,10.98,7.36,1.5,0.0,-0.3,강한매도,장대음봉,전저점이탈,0.09,-3.24,2026-09-01
SHEN,1.5,12.2,472446,320357,5.76,4.81,1.2,-0.8,-0.6,매도주의,위꼬리음봉,잔구간,0.25,-0.9,2026-09-01
BKD,1.5,11.9,6897179,4625547,82.08,51.51,1.6,0.5,0.4,중립,위꼬리양봉,완만한상승,0.35,-0.28,2026-09-01
HPK,1.5,8.11,388604,260959,3.15,2.59,1.2,2.0,-2.9,매도주의,장대음봉,잔구간,0.19,-1.185,2026-09-01
TAL,1.5,12.23,6351951,4295543,77.68,63.53,1.2,0.0,4.2,강한매수,장대양봉,전고점돌파,0.87,3.94,2026-09-01
FPI,1.5,10.55,824674,567383,8.7,5.74,1.5,-0.4,2.9,강한매수,장대양봉,전고점돌파,0.94,4.03,2026-09-01
FULC,1.5,3.87,1681873,1088301,6.51,5.86,1.1,-1.0,0.5,매수관심,양봉,수횡파,0.83,1.7,2026-09-01
FUN,1.5,14.24,2437362,1654421,34.71,25.97,1.3,-0.9,-4.5,강한매도,장대음봉,전저점이탈,0.15,-3.17,2026-09-01
ACVA,1.5,6.76,4063755,2697749,27.47,21.92,1.3,-1.8,-2.0,매도주의,음봉,전저점이탈,0.2,-1.81,2026-09-01
RWT,1.4,4.42,1659995,1180367,7.34,5.27,1.4,-1.3,-3.1,강한매도,장대음봉,전저점이탈,0.06,-3.28,2026-09-01
AIOT,1.4,2.93,2007539,1441164,5.88,4.97,1.2,-0.3,-2.0,매도주의,장대음봉,잔구간,0.22,-1.17,2026-09-01
ZH,1.4,2.61,509643,356401,1.33,0.88,1.5,-0.7,-4.7,강한매도,장대음봉,전저점이탈,0.12,-3.21,2026-09-01
XPER,1.4,5.8,537978,377810,3.12,3.04,1.0,-1.2,-1.2,매도주의,음봉,전저점이탈,0.14,-1.88,2026-09-01
GBTG,1.4,9.46,1201844,837645,11.37,10.3,1.1,0.0,0.0,중립,위꼬리양봉,완만한상승,0.0,-0.7,2026-09-01
TIMB,1.4,18.14,587286,415214,10.65,10.68,1.0,0.5,0.6,중립,위꼬리양봉,완만한상승,0.28,-0.36,2026-09-01
ASPI,1.4,3.78,3886813,2755904,14.69,12.36,1.2,-3.4,-2.7,매도주의,음봉,전저점이탈,0.28,-1.71,2026-09-01
PFFD,1.4,18.11,865865,631516,15.68,12.6,1.2,-0.5,-0.6,강한매도,장대음봉,전저점이탈,0.27,-3.03,2026-09-01
PUSA,1.4,3.92,770186,545381,3.02,2.54,1.2,-2.0,1.8,중립,팽이도지,잔구간,0.48,-0.01,2026-09-01
PRGO,1.4,14.43,3690451,2603504,53.25,36.13,1.5,-0.8,-0.6,매도주의,위꼬리음봉,잔구간,0.2,-0.93,2026-09-01
AEVA,1.4,14.78,2072346,1508994,30.63,27.27,1.1,-2.2,-3.5,매도주의,음봉,전저점이탈,0.23,-1.77,2026-09-01
SONO,1.4,15.14,1350227,949284,20.44,18.84,1.1,-1.3,-1.6,매도주의,위꼬리음봉,잔구간,0.18,-0.94,2026-09-01
SPAL,1.4,15.58,745799,539031,11.62,10.33,1.1,-2.7,0.8,중립,위꼬리양봉,잔구간,0.28,-0.63,2026-09-01
TROX,1.4,5.04,2522496,1750895,12.71,11.23,1.1,-1.1,-3.6,매도주의,음봉,전저점이탈,0.12,-1.91,2026-09-01
IVR,1.4,7.19,3167119,2274381,22.77,17.29,1.3,-0.1,-1.5,강한매도,장대음봉,전저점이탈,0.08,-3.25,2026-09-01
AHRT,1.4,6.41,718904,509135,4.61,3.47,1.3,-0.2,-0.9,강한매도,장대음봉,전저점이탈,0.16,-3.16,2026-09-01
AIB,1.4,1.06,983832,691008,1.04,1.58,0.7,-0.9,-6.2,중립,음봉,전저점부근,0.38,-0.09,2026-09-01
DEI,1.4,11.41,1734476,1255098,19.79,12.66,1.6,-0.5,-0.8,매도주의,음봉,전저점이탈,0.44,-1.52,2026-09-01
BTX,1.4,8.91,543569,393256,4.84,3.59,1.4,-0.6,0.2,매수관심,양봉스프링,잔구간,0.83,0.95,2026-09-01
NRGV,1.4,3.27,3878567,2849930,12.68,12.13,1.0,-4.4,0.6,매도주의,팽이도지,전저점이탈,0.45,-0.81,2026-09-01
VFC,1.4,13.09,7852822,5470473,102.79,76.46,1.3,-1.1,-1.5,매도주의,음봉,전저점이탈,0.27,-1.73,2026-09-01
MUC,1.4,10.5,412643,288404,4.33,3.73,1.2,-0.1,-0.5,강한매도,장대음봉,전저점이탈,0.25,-3.05,2026-09-01
NAVI,1.4,9.28,1279699,934607,11.88,9.0,1.3,-0.6,-1.8,매도주의,장대음봉,잔구간,0.1,-1.24,2026-09-01
DOMO,1.4,3.68,1183315,858420,4.35,3.77,1.2,0.5,-3.2,매도주의,장대음봉,전저점부근,0.17,-1.65,2026-09-01
NEOG,1.4,11.64,2019260,1393812,23.5,16.82,1.4,1.2,-0.5,강한매수,망치형,완만한상승,0.75,2.2,2026-09-01
LION,1.4,10.97,2276002,1619467,24.97,21.5,1.2,-0.6,-2.6,강한매도,음봉,전저점이탈,0.0,-2.05,2026-09-01
MHD,1.4,11.39,375405,270264,4.28,3.15,1.4,-0.2,-0.8,매도주의,장대음봉,잔구간,0.08,-1.25,2026-09-01
MNR,1.4,12.61,475047,347119,5.99,4.53,1.3,0.8,0.1,중립,팽이도지,잔구간,0.59,0.055,2026-09-01
MFA,1.4,8.68,1905619,1324696,16.54,12.12,1.4,-0.6,-1.0,매도주의,음봉,전저점이탈,0.31,-1.68,2026-09-01
CNXU,1.4,5.87,353928,260321,2.08,2.56,0.8,-0.9,-17.4,강한매도,장대음봉,전저점이탈,0.01,-3.34,2026-09-01
ULCC,1.4,5.52,2881386,2072982,15.91,14.21,1.1,-3.3,0.2,매도주의,팽이도지,전저점이탈,0.36,-0.92,2026-09-01
UNG,1.4,10.58,14734170,10295287,155.89,101.73,1.5,-2.6,3.0,강한매수,장대양봉,완만한상승,0.92,3.4,2026-09-01
SWIM,1.4,6.875,947089,692978,6.51,4.56,1.4,-1.4,-1.4,중립,음봉,잔구간,0.15,-0.56,2026-09-01
HYT,1.4,8.24,1012900,701687,8.35,6.45,1.3,-0.1,-0.4,매도주의,장대음봉,잔구간,0.2,-1.18,2026-09-01
CIM,1.4,11.3,958295,688881,10.83,8.03,1.3,-0.1,-1.3,강한매도,장대음봉,전저점이탈,0.0,-3.35,2026-09-01
TRIN,1.4,18.34,1044024,754860,19.15,14.35,1.3,-0.5,-1.0,중립,음봉,잔구간,0.24,-0.505,2026-09-01
EGY,1.4,5.99,1429057,989681,8.56,7.44,1.2,1.2,-0.3,강한매수,망치형,완만한상승,0.7,2.14,2026-09-01
ZNTL,1.4,3.71,863863,635816,3.2,3.52,0.9,-2.1,0.8,매수관심,양봉스프링,잔구간,0.84,0.955,2026-09-01
JQC,1.4,4.78,789640,573131,3.77,2.98,1.3,0.0,0.2,매수관심,양봉스프링,전고점부근,1.0,1.65,2026-09-01
KELYA,1.4,16.69,457588,318164,7.64,5.37,1.4,-0.5,-2.5,중립,음봉,잔구간,0.14,-0.565,2026-09-01
KLXE,1.4,1.55,824665,594832,1.28,0.66,1.9,0.6,0.0,매수관심,팽이도지,완만한상승,0.67,1.1,2026-09-01
CWVX,1.4,14.13,848843,621348,11.99,13.66,0.9,-5.9,-1.3,중립,망치형,전저점이탈,0.66,0.44,2026-09-01
DAMD,1.4,1.72,35753660,26433357,61.5,44.97,1.4,4.2,0.0,중립,위꼬리양봉,완만한상승,0.15,-0.52,2026-09-01
UA,1.4,4.8,3008060,2199499,14.44,11.7,1.2,-1.0,-1.6,강한매도,장대음봉,전저점이탈,0.38,-2.89,2026-09-01
LXU,1.4,11.18,783399,566672,8.76,6.95,1.3,1.1,3.6,강한매수,양봉,완만한상승,0.9,2.08,2026-09-01
UAA,1.4,4.92,8242347,5921052,40.55,37.27,1.1,-1.8,-0.6,중립,망치형,전저점이탈,0.52,0.27,2026-09-01
SNDQ,1.4,15.76,30844627,21815212,486.11,504.25,1.0,5.6,-1.0,강한매수,망치형,완만한상승,0.78,2.24,2026-09-01
SOFX,1.4,8.402,1453063,1043558,12.21,11.04,1.1,-3.6,-6.1,강한매도,장대음봉,전저점이탈,0.08,-3.25,2026-09-01
EVGO,1.4,1.27,4302763,3020268,5.46,4.32,1.3,-1.5,-3.8,강한매도,장대음봉,전저점이탈,0.15,-3.17,2026-09-01
FBRT,1.4,8.34,2265030,1616815,18.89,13.9,1.4,-0.7,0.4,중립,위꼬리양봉,잔구간,0.19,-0.685,2026-09-01
OSS,1.4,9.97,868062,639668,8.65,9.18,0.9,-2.9,-1.5,매도주의,음봉,전저점이탈,0.28,-1.71,2026-09-01
NUVB,1.4,6.64,4844278,3486179,32.17,35.49,0.9,-0.9,0.6,중립,위꼬리양봉,잔구간,0.16,-0.705,2026-09-01
BIZD,1.4,13.35,3466195,2494357,46.27,37.15,1.2,-0.3,-0.9,매도주의,장대음봉,잔구간,0.1,-1.24,2026-09-01
PCT,1.4,6.29,3610337,2615113,22.71,21.69,1.0,-2.5,-1.3,중립,팽이도지,전저점이탈,0.49,-0.76,2026-09-01
VYX,1.4,8.74,4167110,2963855,36.42,20.48,1.8,-1.0,5.3,매수관심,양봉,완만한상승,0.69,1.83,2026-09-01
FJET,1.4,2.97,827842,595935,2.46,2.23,1.1,-2.1,-8.6,강한매도,장대음봉,전저점이탈,0.12,-3.21,2026-09-01
SMPL,1.4,11.38,2635827,1884677,30.0,20.48,1.5,-1.2,0.6,중립,위꼬리양봉,잔구간,0.25,-0.65,2026-09-01
BWEN,1.4,4.155,402824,295140,1.67,1.62,1.0,-2.3,-1.1,중립,망치형,전저점이탈,0.6,0.37,2026-09-01
HLN,1.4,10.07,11244021,8155649,113.23,88.53,1.3,1.2,-0.8,중립,음봉,완만한상승,0.13,-0.24,2026-09-01
HE,1.4,11.08,2754202,1909209,30.52,25.0,1.2,-0.4,-0.8,매도주의,음봉,전저점이탈,0.45,-1.51,2026-09-01
HIO,1.4,3.49,418811,301967,1.46,1.07,1.4,0.0,0.0,강한매수,양봉스프링,완만한상승,1.0,3.0,2026-09-01
HOVR,1.4,1.595,693157,502369,1.11,1.12,1.0,-0.6,-3.9,매도주의,장대음봉,전저점부근,0.07,-1.77,2026-09-01
HSAI,1.4,16.78,2206291,1610360,37.02,35.28,1.0,-1.2,5.4,매수관심,장대양봉,잔구간,0.92,1.25,2026-09-01
FBIO,1.4,2.68,605780,423584,1.62,1.19,1.4,-1.6,-0.4,매도주의,팽이도지,전저점이탈,0.36,-0.92,2026-09-01
VIR,1.4,11.63,2778728,2041948,32.32,20.81,1.6,-1.3,7.7,강한매수,장대양봉,전고점돌파,0.88,3.96,2026-09-01
BIRD,1.4,2.35,433675,306973,1.02,2.77,0.4,-1.8,-2.5,중립,음봉,잔구간,0.2,-0.53,2026-09-01
GROY,1.4,3.2,2514125,1801686,8.05,7.01,1.1,-3.0,-0.6,강한매도,위꼬리음봉,전저점이탈,0.0,-2.85,2026-09-01
GTE,1.4,10.34,618252,442421,6.39,5.87,1.1,2.1,-0.2,강한매수,망치형,완만한상승,0.86,2.33,2026-09-01
BCRX,1.4,9.92,3367135,2406027,33.4,23.46,1.4,0.2,2.1,강한매수,장대양봉,완만한상승,0.89,3.37,2026-09-01
BCSF,1.4,11.9,593412,416138,7.06,4.86,1.5,-0.2,-0.8,매도주의,장대음봉,잔구간,0.18,-1.19,2026-09-01
BCAT,1.4,15.8,633762,438724,10.01,8.16,1.2,-0.5,-0.6,매도주의,장대음봉,잔구간,0.0,-1.3,2026-09-01
BANC,1.4,18.16,2370048,1738814,43.04,34.27,1.3,-0.4,-2.0,강한매도,장대음봉,전저점이탈,0.05,-3.29,2026-09-01
PMT,1.4,9.24,1370455,949519,12.66,11.1,1.1,-0.5,-0.3,매도주의,위꼬리음봉,잔구간,0.07,-1.01,2026-09-01
VTS,1.4,17.64,522254,366020,9.21,6.78,1.4,1.1,-0.3,강한매수,망치형,전고점돌파,0.79,2.85,2026-09-01
BMBL,1.4,2.68,2508665,1806942,6.72,5.55,1.2,-1.5,-0.7,매도주의,팽이도지,전저점이탈,0.36,-0.92,2026-09-01
APPX,1.4,12.81,1388945,990282,17.79,16.38,1.1,-4.3,4.1,중립,양봉,잔구간,0.47,0.33,2026-09-01
TETH,1.4,12.06,1979176,1389924,23.87,16.81,1.4,-1.5,-1.1,중립,음봉,잔구간,0.46,-0.375,2026-09-01
FOSL,1.4,4.88,953231,693713,4.65,3.81,1.2,-2.2,0.4,매도주의,팽이도지,전저점이탈,0.42,-0.85,2026-09-01
RES,1.4,6.55,1761310,1283837,11.54,8.53,1.4,1.1,-0.8,중립,음봉,완만한상승,0.31,-0.03,2026-09-01
RLMD,1.4,4.46,944057,653300,4.21,3.5,1.2,-1.1,3.5,매수관심,장대양봉,잔구간,0.75,1.15,2026-09-01
RSKD,1.4,6.19,1847457,1340444,11.44,12.35,0.9,-0.6,-1.0,중립,음봉,잔구간,0.28,-0.48,2026-09-01
REAL,1.4,10.01,3050355,2234302,30.53,32.65,0.9,-2.3,0.1,중립,팽이도지,전저점이탈,0.47,-0.79,2026-09-01
YMAX,1.3,7.53,1476820,1178413,11.12,8.58,1.3,-0.8,-0.5,매도주의,음봉,전저점이탈,0.33,-1.65,2026-09-01
WSC,1.3,19.7,2386069,1840964,47.01,60.51,0.8,-1.0,-3.9,강한매도,장대음봉,전저점이탈,0.1,-3.23,2026-09-01
NWBI,1.3,15.14,925989,734556,14.02,11.89,1.2,-0.2,-0.8,중립,음봉,잔구간,0.22,-0.52,2026-09-01
NXE,1.3,9.93,5539963,4389547,55.01,49.51,1.1,-2.1,-3.1,강한매도,장대음봉,전저점이탈,0.08,-3.25,2026-09-01
NXDR,1.3,2.2,2165047,1636351,4.76,3.6,1.3,-0.9,-1.3,매도주의,음봉,전저점이탈,0.27,-1.73,2026-09-01
VXX,1.3,18.55,7791652,5963981,144.54,129.2,1.1,1.9,1.1,중립,양봉,잔구간,0.7,0.47,2026-09-01
GILT,1.3,10.06,667431,496887,6.71,5.91,1.1,0.6,1.0,중립,위꼬리양봉,완만한상승,0.3,-0.34,2026-09-01
NHP,1.3,16.03,354273,280501,5.68,9.55,0.6,0.1,-0.2,중립,망치형,잔구간,0.76,0.655,2026-09-01
GAB,1.3,5.62,771459,599788,4.34,3.33,1.3,-0.5,-0.4,강한매도,장대음봉,전저점이탈,0.0,-3.35,2026-09-01
HAPN,1.3,16.77,1358654,1009117,22.78,19.11,1.2,-1.7,-3.0,매도주의,음봉,전저점이탈,0.13,-1.89,2026-09-01
TK,1.3,13.0,694222,534302,9.02,7.64,1.2,0.7,-1.9,중립,음봉,잔구간,0.19,-0.535,2026-09-01
TDUP,1.3,2.52,2264921,1738516,5.71,5.85,1.0,-1.5,-4.9,강한매도,장대음봉,전저점이탈,0.06,-3.28,2026-09-01
HAFN,1.3,8.59,1937497,1524226,16.64,11.87,1.4,1.4,0.4,중립,팽이도지,전고점부근,0.42,-0.55,2026-09-01
EVTL,1.3,0.6,5235099,3882619,3.14,3.23,1.0,-1.5,-10.2,강한매도,장대음봉,전저점이탈,0.0,-3.35,2026-09-01
VIXM,1.3,13.5,389572,303193,5.26,4.0,1.3,0.1,0.6,중립,양봉,잔구간,0.64,0.435,2026-09-01
BLND,1.3,1.55,1826867,1431995,2.83,3.1,0.9,-1.3,1.3,매수관심,팽이도지,완만한상승,0.59,1.01,2026-09-01
VNM,1.3,18.11,670468,501546,12.14,7.62,1.6,0.0,0.3,매수관심,양봉,완만한상승,0.66,1.79,2026-09-01
VYGR,1.3,3.43,461284,351574,1.58,1.53,1.0,-0.9,0.3,중립,팽이도지,잔구간,0.62,0.07,2026-09-01
MRTN,1.3,13.86,534663,416606,7.41,6.36,1.2,-0.8,-3.1,강한매도,장대음봉,전저점이탈,0.08,-3.25,2026-09-01
MUA,1.3,9.85,429173,339169,4.23,3.72,1.1,-0.2,-0.6,강한매도,장대음봉,전저점이탈,0.0,-3.35,2026-09-01
BVS,1.3,13.67,642890,500704,8.79,7.87,1.1,0.3,-0.1,중립,팽이도지,잔구간,0.39,-0.065,2026-09-01
BUYW,1.3,14.58,432074,332792,6.3,5.91,1.1,0.1,-0.1,강한매수,망치형,완만한상승,0.8,2.26,2026-09-01
CCCC,1.3,3.87,2364277,1859983,9.15,9.3,1.0,-0.8,5.2,강한매수,장대양봉,완만한상승,0.76,3.21,2026-09-01
GRPN,1.3,18.46,1101047,848342,20.33,20.23,1.0,-2.1,-1.7,매도주의,음봉,전저점이탈,0.36,-1.62,2026-09-01
HSLV,1.3,5.2,785595,587703,4.09,3.55,1.2,-3.8,-2.1,중립,음봉,잔구간,0.06,-0.615,2026-09-01
FENC,1.3,12.03,348051,273889,4.19,3.15,1.3,0.0,-2.6,중립,음봉,잔구간,0.28,-0.48,2026-09-01
ELDN,1.3,3.01,1298010,993108,3.91,3.27,1.2,-1.7,2.7,중립,양봉,잔구간,0.86,0.565,2026-09-01
ELPC,1.3,11.76,523877,411411,6.16,5.32,1.2,0.4,2.1,강한매수,양봉,전고점돌파,0.57,2.28,2026-09-01
FCEL,1.3,17.08,6264322,4973889,106.99,149.81,0.7,-2.1,1.2,매수관심,양봉스프링,잔구간,0.75,0.9,2026-09-01
BRNX,1.3,3.52,2404933,1902073,8.47,11.28,0.8,-20.1,2.9,중립,위꼬리양봉,잔구간,0.42,-0.55,2026-09-01
NKTX,1.3,2.7,570395,453224,1.54,1.35,1.1,-3.3,3.1,매수관심,장대양봉,잔구간,0.67,1.1,2026-09-01
NOK,1.3,9.93,61577916,46950581,611.47,646.32,0.9,-0.8,-1.3,중립,음봉,잔구간,0.56,-0.315,2026-09-01
BFLY,1.3,8.18,5611211,4167212,45.9,39.71,1.2,1.4,2.2,중립,양봉,잔구간,0.97,0.63,2026-09-01
FPE,1.3,17.6,1240426,949391,21.83,18.28,1.2,-0.1,-0.3,강한매도,장대음봉,전저점이탈,0.14,-3.18,2026-09-01
F,1.3,13.84,50110740,38963078,693.53,561.45,1.2,0.1,-0.8,중립,음봉,잔구간,0.34,-0.445,2026-09-01
EVEX,1.3,2.2,1166590,866691,2.57,1.88,1.4,-1.3,-0.9,강한매수,망치형,전저점부근,0.8,3.11,2026-09-01
BRBS,1.3,3.9,1157491,893957,4.51,5.11,0.9,0.5,-0.5,중립,음봉,완만한상승,0.4,0.08,2026-09-01
EVC,1.3,8.03,1128720,877733,9.06,9.65,0.9,-1.1,1.6,매수관심,양봉,완만한상승,0.48,1.58,2026-09-01
IE,1.3,10.03,2252667,1712014,22.59,20.17,1.1,-4.6,-4.9,강한매도,장대음봉,전저점이탈,0.1,-3.23,2026-09-01
IAUX,1.3,1.7,12646976,9405991,21.5,23.52,0.9,-1.6,-5.0,강한매도,장대음봉,전저점이탈,0.1,-3.23,2026-09-01
BYND,1.3,12.45,858284,645733,10.69,20.15,0.5,-2.0,-4.5,강한매도,장대음봉,전저점이탈,0.06,-3.28,2026-09-01
PYXS,1.3,3.44,590695,445864,2.03,1.83,1.1,0.0,6.2,강한매수,양봉,전고점돌파,0.67,2.4,2026-09-01
KDK,1.3,3.5,1120195,848956,3.92,3.52,1.1,0.8,-8.1,강한매도,장대음봉,전저점이탈,0.05,-3.29,2026-09-01
CMCO,1.3,17.26,508105,391968,8.77,6.8,1.3,-2.1,-0.2,중립,팽이도지,잔구간,0.62,0.07,2026-09-01
LABX,1.3,10.02,668067,530033,6.69,9.36,0.7,-7.1,-5.1,매도주의,장대음봉,잔구간,0.24,-1.155,2026-09-01
PPLT,1.3,15.8,3694680,2935417,58.38,58.16,1.0,-2.3,-0.4,강한매도,위꼬리음봉,전저점이탈,0.12,-2.71,2026-09-01
PRAA,1.3,18.34,377942,299294,6.93,6.26,1.1,-0.9,-1.7,강한매도,장대음봉,전저점이탈,0.17,-3.15,2026-09-01
LSPD,1.3,10.15,694990,547199,7.05,6.88,1.0,-1.0,-2.7,강한매도,장대음봉,전저점이탈,0.03,-3.31,2026-09-01
BBD,1.3,3.32,31093187,23369169,103.23,79.21,1.3,-0.3,1.5,매수관심,양봉,완만한상승,0.5,1.6,2026-09-01
SRTA,1.3,5.37,1046009,832295,5.62,5.16,1.1,-1.1,-4.1,강한매도,장대음봉,전저점이탈,0.13,-3.19,2026-09-01
DCH,1.3,6.08,2707706,2088933,16.46,15.19,1.1,-1.1,-1.8,매도주의,음봉,전저점이탈,0.05,-1.99,2026-09-01
CYH,1.3,2.93,1128217,895103,3.31,3.16,1.0,-0.3,0.7,매수관심,양봉,완만한상승,0.69,1.83,2026-09-01
JELD,1.3,2.17,2913030,2265832,6.32,4.81,1.3,-2.5,-6.9,중립,음봉,잔구간,0.26,-0.495,2026-09-01
QID,1.3,14.59,41721295,30911649,608.71,436.78,1.4,2.7,-0.1,중립,팽이도지,잔구간,0.59,0.055,2026-09-01
ARR,1.3,16.12,3327594,2656807,53.64,44.91,1.2,-0.6,-0.1,중립,팽이도지,전저점부근,0.41,0.64,2026-09-01
ALOY,1.3,9.98,2314297,1731542,23.1,24.2,1.0,-3.4,-0.2,매도주의,팽이도지,전저점이탈,0.38,-0.89,2026-09-01
ASAN,1.3,9.83,5032795,3909137,49.47,37.15,1.3,-1.9,-2.3,중립,음봉,잔구간,0.13,-0.57,2026-09-01
PGX,1.3,10.52,3983911,3152408,41.91,51.4,0.8,-0.2,-0.3,매도주의,음봉,전저점이탈,0.12,-1.91,2026-09-01
UNIT,1.3,9.75,2229014,1773966,21.73,16.42,1.3,-1.3,-0.4,중립,망치형,잔구간,0.77,0.66,2026-09-01
LODE,1.3,3.29,1169789,929176,3.85,2.86,1.3,-1.8,1.2,강한매수,양봉스프링,전저점부근,0.8,3.61,2026-09-01
MGNX,1.3,4.04,499894,397955,2.02,1.62,1.2,-0.3,1.5,매수관심,양봉,완만한상승,0.73,1.88,2026-09-01
CERT,1.3,8.1,2480188,1886424,20.09,16.52,1.2,-0.9,-1.4,중립,음봉,잔구간,0.16,-0.555,2026-09-01
CIG,1.3,2.06,5240890,3889709,10.8,8.21,1.3,0.5,1.5,강한매수,양봉,전고점돌파,0.43,2.12,2026-09-01
TSLQ,1.3,19.84,5526806,4316829,109.65,108.54,1.0,3.7,2.5,매수관심,양봉,완만한상승,0.67,1.8,2026-09-01
PTY,1.3,11.79,1250232,993567,14.74,14.71,1.0,0.0,0.2,강한매수,양봉스프링,완만한상승,0.77,2.72,2026-09-01
CRCD,1.3,2.41,4744824,3746368,11.44,10.34,1.1,7.4,4.3,매수관심,양봉,완만한상승,0.74,1.89,2026-09-01
ATAI,1.3,7.34,5952510,4481123,43.69,51.37,0.9,0.1,-0.1,매도주의,위꼬리음봉,완만한상승,0.0,-1.2,2026-09-01
SCZM,1.3,9.2,513765,381427,4.73,5.08,0.9,-4.4,2.8,매수관심,양봉,전저점부근,0.69,1.68,2026-09-01
DRH,1.3,12.0,2909944,2235996,34.92,30.03,1.2,0.1,-2.6,강한매도,장대음봉,전저점이탈,0.16,-3.16,2026-09-01
ETHW,1.3,17.3,1011668,770913,17.5,21.84,0.8,-1.6,-1.0,중립,음봉,잔구간,0.49,-0.355,2026-09-01
OPK,1.3,1.52,3056003,2388302,4.65,3.64,1.3,0.0,3.4,강한매수,장대양봉,완만한상승,0.83,3.3,2026-09-01
SHNY,1.3,9.25,1707919,1316907,15.8,16.37,1.0,-7.0,-1.6,강한매도,음봉,전저점이탈,0.0,-2.05,2026-09-01
ONDS,1.3,7.04,68793571,52412148,484.31,518.39,0.9,-2.9,-5.3,강한매도,장대음봉,전저점이탈,0.09,-3.24,2026-09-01
ORCU,1.3,7.19,3748441,2914734,26.95,24.04,1.1,-3.1,-7.5,매도주의,장대음봉,전저점부근,0.19,-1.62,2026-09-01
PBR.A,1.3,18.2,10081262,7823864,183.48,129.78,1.4,1.7,2.9,강한매수,장대양봉,전고점돌파,0.9,3.98,2026-09-01
SHMD,1.3,3.11,995458,783663,3.1,3.95,0.8,-1.8,2.6,중립,양봉,잔구간,0.61,0.415,2026-09-01
ETW,1.3,9.8,368691,294002,3.61,2.42,1.5,-0.3,-0.6,매도주의,장대음봉,잔구간,0.25,-1.15,2026-09-01
INFY,1.3,12.0,16393653,13076471,196.72,174.62,1.1,0.7,-1.2,중립,음봉,잔구간,0.19,-0.535,2026-09-01
TSLT,1.3,13.01,2901182,2292431,37.74,31.91,1.2,-4.2,-2.3,중립,음봉,잔구간,0.33,-0.45,2026-09-01
TSSI,1.3,7.86,917517,706129,7.21,6.99,1.0,-1.5,1.4,매수관심,양봉,전저점부근,0.69,1.68,2026-09-01
NEXN,1.3,9.6,633403,491035,6.08,5.21,1.2,-0.1,-1.4,매도주의,장대음봉,수횡파,0.39,-1.53,2026-09-01
MTRX,1.3,10.7,399676,302624,4.28,2.91,1.5,-1.3,0.3,중립,팽이도지,잔구간,0.6,0.06,2026-09-01
USA,1.3,5.92,1248770,987475,7.39,5.78,1.3,-0.5,-0.7,강한매도,장대음봉,전저점이탈,0.0,-3.35,2026-09-01
DBI,1.3,5.22,589033,465852,3.07,2.8,1.1,-2.9,-1.7,매도주의,음봉,전저점이탈,0.28,-1.71,2026-09-01
MITT,1.3,6.64,301755,223769,2.0,1.54,1.3,-0.1,-1.2,매도주의,장대음봉,수횡파,0.27,-1.68,2026-09-01
LUMN,1.3,6.38,14502433,11180572,92.53,64.47,1.4,-2.6,4.8,강한매수,장대양봉,전고점돌파,0.71,3.75,2026-09-01
UAMY,1.3,4.68,9043510,6963170,42.32,37.17,1.1,-2.7,-1.3,매도주의,음봉,전저점이탈,0.32,-1.67,2026-09-01
PML,1.3,7.24,396410,302969,2.87,2.16,1.3,0.3,-1.6,강한매도,장대음봉,전저점이탈,0.08,-3.25,2026-09-01
PACK,1.3,4.47,478076,376909,2.14,2.01,1.1,-2.9,-3.0,강한매도,장대음봉,전저점이탈,0.1,-3.23,2026-09-01
LAES,1.3,2.39,7084821,5581178,16.93,20.51,0.8,-3.2,-0.8,중립,팽이도지,전저점이탈,0.55,-0.69,2026-09-01
GOF,1.3,9.34,3585540,2816359,33.49,50.93,0.7,-1.6,1.5,중립,양봉,잔구간,0.5,0.35,2026-09-01
AEG,1.3,9.18,4871518,3832665,44.72,41.86,1.1,0.8,-0.3,중립,음봉,완만한상승,0.22,-0.14,2026-09-01
APLX,1.3,7.2,1334912,1021733,9.61,11.31,0.8,-5.4,-4.0,매도주의,음봉,전저점이탈,0.21,-1.8,2026-09-01
AQN,1.3,5.66,4145666,3289205,23.46,18.9,1.2,-0.2,0.2,중립,팽이도지,잔구간,0.63,0.08,2026-09-01
RWM,1.3,13.85,19672089,14757603,272.46,195.79,1.4,0.8,0.4,강한매수,양봉,전고점돌파,0.81,2.57,2026-09-01
AIRJ,1.3,4.36,1253645,1001912,5.47,6.31,0.9,-1.5,-2.2,매도주의,장대음봉,전저점부근,0.0,-1.85,2026-09-01
ABSI,1.3,8.84,3241899,2592346,28.66,28.29,1.0,-2.1,-0.1,중립,팽이도지,잔구간,0.35,-0.09,2026-09-01
HRZN,1.2,4.51,867837,712304,3.91,3.55,1.1,0.0,-3.2,강한매도,장대음봉,전저점이탈,0.07,-3.27,2026-09-01
MTA,1.2,9.87,450838,378267,4.45,6.62,0.7,-3.0,-2.4,매도주의,음봉,전저점이탈,0.12,-1.91,2026-09-01
SION,1.2,6.46,1411953,1155019,9.12,8.95,1.0,-1.3,8.6,강한매수,장대양봉,전고점돌파,0.96,4.05,2026-09-01
SIDU,1.2,2.12,3372142,2713066,7.15,7.23,1.0,-2.5,0.2,중립,팽이도지,전저점이탈,0.57,-0.67,2026-09-01
MUX,1.2,19.15,998201,836941,19.12,23.54,0.8,-4.0,-1.0,강한매도,위꼬리음봉,전저점이탈,0.1,-2.73,2026-09-01
CAL,1.2,11.74,552666,445254,6.49,6.2,1.0,-0.2,-3.4,강한매도,장대음봉,전저점이탈,0.1,-3.23,2026-09-01
MUD,1.2,10.7,5034011,4081147,53.86,59.08,0.9,1.8,0.7,매수관심,양봉스프링,잔구간,0.78,0.92,2026-09-01
SITC,1.2,2.9,1191644,958902,3.46,2.78,1.2,0.0,-1.7,강한매도,음봉,전저점이탈,0.0,-2.05,2026-09-01
SKYX,1.2,1.26,1250019,1000088,1.58,1.17,1.3,-2.2,-3.8,중립,음봉,잔구간,0.29,-0.475,2026-09-01
BTG,1.2,5.2,44022104,37019313,228.91,175.32,1.3,-2.7,-2.4,강한매도,장대음봉,전저점이탈,0.05,-3.29,2026-09-01
BTE,1.2,5.0,15866069,13731038,79.33,65.0,1.2,1.6,1.0,강한매수,양봉,전고점돌파,0.87,2.64,2026-09-01
FSM,1.2,11.75,6432985,5469867,75.59,73.04,1.0,-3.4,0.7,매도주의,위꼬리양봉,전저점이탈,0.31,-1.98,2026-09-01
OBDC,1.2,11.37,3107363,2653372,35.33,35.62,1.0,-0.5,-0.9,중립,음봉,잔구간,0.1,-0.59,2026-09-01
BRSP,1.2,4.64,979996,819329,4.55,4.24,1.1,-0.4,-1.9,강한매도,장대음봉,전저점이탈,0.14,-3.18,2026-09-01
BIOA,1.2,9.52,605311,501806,5.76,5.64,1.0,-2.3,2.6,중립,양봉,잔구간,0.65,0.44,2026-09-01
ACI,1.2,12.46,6228861,5029389,77.61,68.58,1.1,0.4,0.5,중립,위꼬리양봉,완만한상승,0.3,-0.34,2026-09-01
NUV,1.2,8.95,560706,477365,5.02,4.07,1.2,-0.3,-0.2,중립,음봉,잔구간,0.6,-0.29,2026-09-01
YMM,1.2,8.51,7913437,6592553,67.34,83.5,0.8,0.4,0.1,중립,팽이도지,완만한상승,0.4,0.78,2026-09-01
YSS,1.2,8.82,2508677,2108481,22.13,29.7,0.7,-2.6,-0.3,중립,팽이도지,전저점이탈,0.55,-0.69,2026-09-01
XRAY,1.2,10.76,3582102,3039265,38.54,38.04,1.0,-0.1,-3.6,매도주의,장대음봉,잔구간,0.05,-1.27,2026-09-01
XIFR,1.2,11.73,929916,791771,10.91,9.39,1.2,-1.0,-1.3,중립,음봉,잔구간,0.27,-0.49,2026-09-01
XP,1.2,18.72,5841162,4749582,109.35,92.01,1.2,-0.7,3.4,강한매수,장대양봉,전고점돌파,0.64,3.67,2026-09-01
QXO,1.2,12.88,13777097,11460707,177.45,176.61,1.0,-1.4,-1.7,강한매도,장대음봉,전저점이탈,0.18,-3.13,2026-09-01
WTI,1.2,3.85,3238245,2653788,12.47,11.3,1.1,3.0,0.8,매수관심,양봉스프링,잔구간,0.86,0.965,2026-09-01
QUAD,1.2,10.08,400873,330687,4.04,3.57,1.1,0.5,-0.3,매도주의,위꼬리음봉,잔구간,0.2,-0.93,2026-09-01
WWW,1.2,19.33,751516,622415,14.53,14.05,1.0,0.0,-2.0,매도주의,음봉,전저점이탈,0.1,-1.93,2026-09-01
BYRN,1.2,3.395,330353,271539,1.12,1.06,1.1,-1.7,-4.4,강한매도,장대음봉,전저점이탈,0.07,-3.27,2026-09-01
EVH,1.2,4.28,2830151,2382496,12.11,11.97,1.0,-1.1,-3.8,매도주의,음봉,전저점이탈,0.22,-1.79,2026-09-01
CARS,1.2,11.59,495693,400151,5.75,5.87,1.0,-0.9,-0.1,강한매수,망치형,전저점부근,0.82,3.13,2026-09-01
ENGN,1.2,1.855,657377,544820,1.22,1.31,0.9,0.0,0.8,강한매수,양봉스프링,완만한상승,0.79,2.75,2026-09-01
FINV,1.2,3.32,2337196,1962746,7.76,4.97,1.6,-2.5,-7.3,강한매도,장대음봉,전저점이탈,0.28,-3.01,2026-09-01
CBRG,1.2,2.68,10964917,9444167,29.39,40.64,0.7,-4.4,-8.5,강한매도,장대음봉,전저점이탈,0.09,-3.24,2026-09-01
NGEN,1.2,2.32,1057789,890314,2.45,1.42,1.7,0.0,5.0,매수관심,양봉,완만한상승,0.81,1.97,2026-09-01
GAU,1.2,2.15,3475643,2826258,7.47,6.54,1.1,-3.5,-1.4,매도주의,음봉,전저점이탈,0.21,-1.8,2026-09-01
FWRD,1.2,16.38,446999,383589,7.32,8.17,0.9,-0.3,-3.4,강한매도,장대음봉,전저점이탈,0.13,-3.19,2026-09-01
GRAB,1.2,3.46,39882956,32345229,138.0,111.08,1.2,-1.1,-1.1,매도주의,위꼬리음봉,잔구간,0.06,-1.015,2026-09-01
BLZE,1.2,13.53,2061809,1781824,27.9,55.13,0.5,-2.4,-1.9,매도주의,음봉,전저점이탈,0.41,-1.56,2026-09-01
VSTS,1.2,12.13,1245441,1009997,15.11,12.85,1.2,-0.1,-3.0,강한매도,장대음봉,전저점이탈,0.1,-3.23,2026-09-01
VREX,1.2,18.47,763134,613120,14.1,13.76,1.0,-0.1,-0.1,매도주의,위꼬리음봉,잔구간,0.0,-1.05,2026-09-01
PSNL,1.2,17.06,3619033,2935108,61.74,88.25,0.7,1.3,0.4,중립,팽이도지,잔구간,0.44,-0.035,2026-09-01
HBAN,1.2,16.42,25911140,20977628,425.46,349.39,1.2,0.4,-1.9,강한매도,장대음봉,전저점이탈,0.05,-3.29,2026-09-01
OSUR,1.2,3.53,328999,265238,1.16,1.5,0.8,0.0,-1.7,중립,음봉,전저점부근,0.07,-0.47,2026-09-01
SBSW,1.2,11.66,5651338,4738230,65.89,70.21,0.9,-3.7,2.1,중립,양봉,전저점이탈,0.52,-0.03,2026-09-01
MUZ,1.2,9.7,8621870,7146186,83.63,80.08,1.0,3.6,1.6,매수관심,양봉스프링,잔구간,0.78,0.92,2026-09-01
DUOT,1.2,8.61,1024588,830450,8.82,16.05,0.5,-2.5,-4.9,강한매도,장대음봉,전저점이탈,0.03,-3.31,2026-09-01
HITI,1.2,2.48,482971,408503,1.2,1.45,0.8,-0.4,-0.8,중립,음봉,잔구간,0.5,-0.35,2026-09-01
TRIP,1.2,9.46,2758627,2241956,26.1,28.29,0.9,-1.5,0.9,중립,양봉,전저점이탈,0.46,-0.1,2026-09-01
SLRC,1.2,12.645,336298,284078,4.25,4.24,1.0,0.5,-1.3,매도주의,장대음봉,잔구간,0.08,-1.25,2026-09-01
MSTW,1.2,4.14,1031772,880042,4.27,3.71,1.2,-4.7,-2.8,중립,음봉,잔구간,0.22,-0.52,2026-09-01
UGP,1.2,6.87,3140182,2628291,21.57,18.25,1.2,1.8,1.3,강한매수,양봉,전고점돌파,0.43,2.12,2026-09-01
CPRI,1.2,12.79,3782075,3166975,48.37,52.78,0.9,-2.0,-1.5,매도주의,음봉,전저점이탈,0.07,-1.97,2026-09-01
VERX,1.2,13.83,1420487,1217245,19.65,18.55,1.1,-0.3,-2.1,중립,음봉,잔구간,0.14,-0.565,2026-09-01
VG,1.2,15.11,15325223,12636373,231.56,182.23,1.3,2.2,1.0,강한매수,양봉스프링,전고점돌파,0.92,3.5,2026-09-01
CCOI,1.2,9.01,1612568,1328113,14.53,16.05,0.9,-1.3,-4.4,강한매도,장대음봉,전저점이탈,0.2,-3.11,2026-09-01
CLNE,1.2,1.61,1486804,1268595,2.39,2.65,0.9,0.0,1.3,매수관심,양봉,수횡파,0.8,1.66,2026-09-01
VELO,1.2,11.25,861676,735601,9.69,13.02,0.7,-3.4,-2.3,매도주의,음봉,전저점이탈,0.11,-1.92,2026-09-01
SGHC,1.2,13.46,2680432,2169047,36.08,30.2,1.2,-0.3,-0.3,중립,팽이도지,잔구간,0.33,-0.1,2026-09-01
PD,1.2,14.04,1905214,1545189,26.75,21.83,1.2,-1.6,0.9,매수관심,양봉스프링,잔구간,0.76,0.905,2026-09-01
MFIC,1.2,9.66,489922,421273,4.73,5.08,0.9,-0.6,-0.9,중립,음봉,잔구간,0.06,-0.615,2026-09-01
SBS,1.2,4.87,14418689,12502690,70.22,54.17,1.3,0.8,-0.6,매도주의,위꼬리음봉,완만한상승,0.09,-1.09,2026-09-01
MFG,1.2,10.74,2862099,2411090,30.74,28.49,1.1,0.8,0.2,중립,위꼬리양봉,완만한상승,0.21,-0.45,2026-09-01
ASPN,1.2,4.84,870831,750592,4.21,3.97,1.1,-2.4,0.6,매수관심,양봉스프링,잔구간,0.76,0.905,2026-09-01
PHK,1.2,4.52,774024,634855,3.5,3.3,1.1,0.2,0.0,매수관심,팽이도지,완만한상승,0.5,0.9,2026-09-01
AUPH,1.2,16.05,878851,761127,14.11,17.73,0.8,-0.4,0.0,중립,팽이도지,잔구간,0.39,-0.065,2026-09-01
PFLT,1.2,7.39,869689,734965,6.43,5.41,1.2,-0.5,-0.8,중립,음봉,수횡파,0.17,-0.5,2026-09-01
SFL,1.2,12.43,1350351,1139052,16.78,15.92,1.1,1.0,-1.2,중립,음봉,잔구간,0.26,-0.495,2026-09-01
SSPC,1.2,10.44,12054332,9834530,125.85,140.71,0.9,2.6,-0.7,중립,망치형,잔구간,0.75,0.65,2026-09-01
STUB,1.2,6.16,5733934,4978595,35.32,40.31,0.9,-1.3,-2.2,강한매도,장대음봉,전저점이탈,0.14,-3.18,2026-09-01
ECAT,1.2,15.18,506770,417182,7.69,6.52,1.2,-0.3,-0.9,중립,음봉,잔구간,0.0,-0.65,2026-09-01
TRX,1.2,1.09,3655290,3162370,3.98,3.57,1.1,-2.6,-1.8,매도주의,음봉,전저점이탈,0.2,-1.81,2026-09-01
TTD,1.2,13.78,16497652,14068860,227.34,212.99,1.1,-1.4,1.8,매수관심,양봉,완만한상승,0.72,1.86,2026-09-01
EFC,1.2,13.26,1234522,996056,16.37,13.03,1.3,-0.3,-0.6,매도주의,음봉,전저점이탈,0.11,-1.92,2026-09-01
DX,1.2,12.74,4884066,3937566,62.22,61.32,1.0,-0.4,-0.8,매도주의,음봉,전저점이탈,0.18,-1.83,2026-09-01
MTW,1.2,18.96,378343,328292,7.17,7.18,1.0,-1.6,-0.8,중립,음봉,잔구간,0.47,-0.37,2026-09-01
SLI,1.2,2.49,2077451,1744008,5.17,4.73,1.1,0.0,-6.7,매도주의,장대음봉,잔구간,0.0,-1.3,2026-09-01
HLMN,1.2,7.32,1098424,910663,8.04,8.13,1.0,-1.2,-3.8,강한매도,장대음봉,전저점이탈,0.06,-3.28,2026-09-01
COLD,1.2,14.74,4141946,3407604,61.05,51.89,1.2,-0.3,-1.1,중립,음봉,전저점부근,0.15,-0.37,2026-09-01
LUNL,1.2,3.815,1085003,883757,4.14,5.48,0.8,-4.0,-4.4,매도주의,음봉,전저점이탈,0.26,-1.74,2026-09-01
LU,1.2,1.21,949812,782139,1.15,1.18,1.0,0.0,-4.0,강한매도,장대음봉,전저점이탈,0.0,-3.35,2026-09-01
COMP,1.2,10.33,12261770,10165190,126.66,111.71,1.1,-2.5,0.3,강한매도,위꼬리양봉,전저점이탈,0.2,-2.11,2026-09-01
CX,1.2,10.45,4165238,3417224,43.53,63.96,0.7,-0.3,-2.4,강한매도,장대음봉,전저점이탈,0.11,-3.22,2026-09-01
SRAD,1.2,12.31,1762818,1469584,21.7,21.46,1.0,-0.6,-0.4,매도주의,팽이도지,전저점이탈,0.4,-0.87,2026-09-01
POET,1.2,7.1,7649828,6588081,54.31,61.18,0.9,-3.5,-1.4,매도주의,음봉,전저점이탈,0.17,-1.85,2026-09-01
KVUE,1.2,18.75,21754679,18262081,407.9,398.39,1.0,0.1,-0.8,매도주의,음봉,전저점이탈,0.12,-1.91,2026-09-01
LWLG,1.2,5.13,2631499,2126116,13.5,14.68,0.9,-1.9,-3.7,강한매도,장대음봉,전저점이탈,0.2,-3.11,2026-09-01
AVPT,1.2,13.5,1547335,1333615,20.89,20.29,1.0,-0.7,-2.3,매도주의,장대음봉,잔구간,0.02,-1.29,2026-09-01
PAX,1.2,11.25,1271486,1039670,14.3,12.26,1.2,-1.6,0.8,중립,팽이도지,전저점이탈,0.75,-0.45,2026-09-01
AXTX,1.2,5.07,10410254,8961150,52.78,88.09,0.6,-9.4,-5.9,매도주의,음봉,전저점이탈,0.42,-1.55,2026-09-01
LAC,1.2,2.97,8208761,6987979,24.38,27.0,0.9,-2.9,-1.0,매도주의,음봉,전저점이탈,0.4,-1.57,2026-09-01
JACK,1.2,15.63,580482,479422,9.07,9.98,0.9,-1.6,-3.8,매도주의,음봉,전저점이탈,0.16,-1.86,2026-09-01
CRDL,1.2,2.15,2124510,1749161,4.57,3.52,1.3,-1.8,10.8,강한매수,장대양봉,완만한상승,0.85,3.32,2026-09-01
DNOW,1.2,15.88,1859902,1585712,29.54,32.99,0.9,0.1,-1.1,중립,음봉,잔구간,0.19,-0.535,2026-09-01
JBGS,1.2,11.77,913866,737403,10.76,9.81,1.1,-0.7,-1.7,강한매도,장대음봉,전저점이탈,0.04,-3.3,2026-09-01
KORU,1.2,19.18,21244428,17188926,407.47,491.73,0.8,-4.5,-4.2,중립,음봉,잔구간,0.23,-0.51,2026-09-01
SPCE,1.2,2.91,5349435,4504146,15.57,15.73,1.0,-0.7,0.3,중립,팽이도지,잔구간,0.47,-0.02,2026-09-01
SNK,1.2,17.18,2367577,2006800,40.67,50.96,0.8,2.3,-0.6,중립,망치형,잔구간,0.75,0.65,2026-09-01
SOPH,1.2,8.425,766046,634943,6.45,5.3,1.2,-1.2,1.5,강한매수,양봉,완만한상승,0.84,2.01,2026-09-01
WYFL,1.2,3.96,403016,331044,1.6,2.72,0.6,-11.1,-4.8,중립,음봉,전저점부근,0.25,-0.25,2026-09-01
GEVO,1.2,1.64,2380922,1942951,3.9,3.52,1.1,-1.2,0.0,매수관심,양봉스프링,잔구간,0.86,0.965,2026-09-01
RITM,1.2,9.89,4502045,3624545,44.53,38.48,1.2,-0.4,-1.0,강한매도,음봉,전저점이탈,0.03,-2.01,2026-09-01
RRGB,1.2,8.46,342449,285345,2.9,3.09,0.9,-1.4,-6.0,강한매도,장대음봉,전저점이탈,0.09,-3.24,2026-09-01
GGT,1.2,4.05,547527,449819,2.22,1.75,1.3,0.2,-0.5,매도주의,장대음봉,전저점부근,0.0,-1.85,2026-09-01
TMQ,1.2,3.35,1100362,907061,3.69,4.16,0.9,-0.3,-6.9,강한매도,장대음봉,전저점이탈,0.02,-3.33,2026-09-01
GDXY,1.2,10.95,1280095,1047300,14.02,13.18,1.1,-2.6,-0.9,강한매도,위꼬리음봉,전저점이탈,0.0,-2.85,2026-09-01
REZI,1.2,19.24,2405680,1969463,46.29,49.59,0.9,0.8,-1.4,중립,음봉,잔구간,0.54,-0.325,2026-09-01
AGNC,1.2,10.6,16193152,13938179,171.65,154.17,1.1,-0.7,-0.5,매도주의,음봉,전저점이탈,0.12,-1.91,2026-09-01
PRTH,1.2,5.25,400621,342736,2.1,2.16,1.0,-1.1,0.0,중립,팽이도지,잔구간,0.29,-0.125,2026-09-01
RGP,1.2,4.14,315613,253847,1.31,1.03,1.3,-0.2,-1.0,매도주의,음봉,전저점이탈,0.26,-1.74,2026-09-01
REI,1.2,1.5,3098015,2655133,4.65,4.75,1.0,2.0,0.0,중립,팽이도지,전고점부근,0.56,-0.38,2026-09-01
AMPY,1.2,4.99,654135,563902,3.26,3.04,1.1,0.8,0.6,강한매수,양봉스프링,전고점돌파,0.88,3.46,2026-09-01
AMRX,1.2,17.68,1364822,1178544,24.13,25.47,0.9,0.6,0.6,매수관심,팽이도지,완만한상승,0.47,0.86,2026-09-01
ACH,1.2,1.15,1069976,910883,1.23,2.16,0.6,-2.5,-2.5,중립,음봉,잔구간,0.37,-0.43,2026-09-01
ACCO,1.2,4.25,746299,622036,3.17,2.97,1.1,0.0,-0.7,중립,음봉,잔구간,0.25,-0.5,2026-09-01
AHCO,1.1,5.51,2377500,2253919,13.1,14.16,0.9,-0.2,-1.3,중립,음봉,잔구간,0.22,-0.52,2026-09-01
ABR,1.1,4.95,3452084,3159548,17.09,18.06,0.9,-0.2,-1.0,매도주의,음봉,전저점이탈,0.47,-1.49,2026-09-01
ABAT,1.1,2.59,4077603,3697849,10.56,9.02,1.2,-3.7,-0.4,중립,팽이도지,잔구간,0.42,-0.05,2026-09-01
WEAV,1.1,7.3,4207868,3843512,30.72,67.24,0.5,-0.1,0.0,중립,팽이도지,잔구간,0.5,0.0,2026-09-01
NWG,1.1,18.33,2556506,2231661,46.86,42.49,1.1,1.0,-0.3,매도주의,위꼬리음봉,잔구간,0.19,-0.935,2026-09-01
NMAX,1.1,10.39,845094,780913,8.78,11.95,0.7,-1.5,-2.0,중립,음봉,잔구간,0.36,-0.435,2026-09-01
BLMN,1.1,9.74,2041244,1931547,19.88,19.31,1.0,-1.3,-4.2,강한매도,장대음봉,전저점이탈,0.08,-3.25,2026-09-01
WNC,1.1,12.77,700065,639327,8.94,7.21,1.2,-1.9,-3.5,중립,음봉,잔구간,0.14,-0.565,2026-09-01
VMD,1.1,8.8,354076,329550,3.12,3.95,0.8,-0.1,-0.3,중립,팽이도지,잔구간,0.48,-0.01,2026-09-01
NU,1.1,14.46,67508933,61956316,976.18,1055.9,0.9,-0.9,0.2,중립,위꼬리양봉,잔구간,0.07,-0.76,2026-09-01
NUAI,1.1,4.85,5165121,4683905,25.05,30.05,0.8,-3.3,5.7,강한매수,장대양봉,완만한상승,0.82,3.28,2026-09-01
VVR,1.1,2.92,772300,687455,2.26,1.95,1.2,-1.0,0.0,매도주의,위꼬리양봉,잔구간,0.0,-0.8,2026-09-01
ZENA,1.1,1.675,2159162,1915898,3.62,5.16,0.7,-2.3,-2.0,매도주의,음봉,전저점이탈,0.36,-1.62,2026-09-01
ADVB,1.1,10.44,369644,324316,3.86,2.56,1.5,-1.0,11.5,강한매수,장대양봉,전고점돌파,0.77,3.82,2026-09-01
ACIC,1.1,9.36,329479,292478,3.08,2.46,1.3,-0.2,-1.0,중립,음봉,잔구간,0.22,-0.52,2026-09-01
MRAM,1.1,15.86,1046873,920769,16.6,20.19,0.8,-3.9,1.5,매수관심,양봉,전저점부근,0.72,1.71,2026-09-01
MDU,1.1,19.95,1356639,1245661,27.06,27.29,1.0,0.3,-0.2,매수관심,팽이도지,완만한상승,0.5,0.9,2026-09-01
WVE,1.1,4.97,3000394,2681869,14.91,15.5,1.0,-1.0,2.5,매수관심,장대양봉,잔구간,0.94,1.265,2026-09-01
RBBN,1.1,1.955,595810,537807,1.16,1.43,0.8,-1.0,-0.8,매도주의,음봉,전저점이탈,0.38,-1.59,2026-09-01
LXRX,1.1,2.19,1987900,1748442,4.35,6.48,0.7,-0.4,-2.2,중립,음봉,전저점부근,0.2,-0.31,2026-09-01
LYFT,1.1,16.77,10264634,9701562,172.14,169.85,1.0,-1.9,1.2,중립,양봉,전저점이탈,0.46,-0.1,2026-09-01
KLC,1.1,2.5,719855,678770,1.8,2.55,0.7,-0.8,0.0,중립,팽이도지,잔구간,0.43,-0.04,2026-09-01
LCID,1.1,4.55,11710445,11115267,53.28,66.96,0.8,-0.4,-5.8,강한매도,장대음봉,전저점이탈,0.06,-3.28,2026-09-01
LENZ,1.1,5.23,605582,544134,3.17,2.7,1.2,-0.8,1.2,강한매수,양봉스프링,완만한상승,0.75,2.7,2026-09-01
KOS,1.1,2.95,11710403,10288165,34.55,37.44,0.9,2.4,0.7,강한매수,양봉스프링,완만한상승,0.77,2.72,2026-09-01
KREF,1.1,7.45,627251,572952,4.67,4.45,1.0,-1.2,-1.1,중립,음봉,잔구간,0.53,-0.33,2026-09-01
SOFI,1.1,17.05,41914028,37118668,714.63,762.63,0.9,-1.8,-2.8,강한매도,장대음봉,전저점이탈,0.1,-3.23,2026-09-01
BB,1.1,7.83,9519255,8425627,74.54,73.38,1.0,-1.5,-2.5,중립,음봉,잔구간,0.24,-0.505,2026-09-01
SOUN,1.1,6.85,26447147,23380059,181.16,175.47,1.0,-2.7,-1.7,중립,음봉,전저점부근,0.37,-0.11,2026-09-01
LABD,1.1,6.5,20761977,19026352,134.95,131.05,1.0,1.2,-3.3,매도주의,장대음봉,잔구간,0.04,-1.275,2026-09-01
NIQ,1.1,18.72,1335313,1193022,25.0,24.6,1.0,-0.3,-1.5,중립,음봉,잔구간,0.14,-0.565,2026-09-01
PATH,1.1,18.14,63823596,60042815,1157.76,1104.44,1.0,-1.5,-1.4,중립,음봉,잔구간,0.16,-0.555,2026-09-01
AUTL,1.1,2.31,1477729,1331679,3.41,6.04,0.6,-1.7,0.0,중립,위꼬리양봉,잔구간,0.13,-0.72,2026-09-01
ARIS,1.1,18.87,1338539,1186525,25.26,29.11,0.9,-3.3,-2.4,매도주의,음봉,전저점이탈,0.07,-1.97,2026-09-01
HOPE,1.1,13.63,755678,690468,10.3,11.53,0.9,-0.3,-0.9,매도주의,음봉,전저점이탈,0.1,-1.93,2026-09-01
NCMI,1.1,2.53,847183,792369,2.14,2.6,0.8,-0.4,0.8,강한매수,양봉스프링,완만한상승,0.95,2.94,2026-09-01
NCT,1.1,5.22,1027417,918328,5.36,5.27,1.0,-0.4,0.6,중립,팽이도지,전고점부근,0.73,-0.17,2026-09-01
NAT,1.1,6.91,4880516,4403836,33.72,25.56,1.3,0.4,0.7,매수관심,팽이도지,완만한상승,0.7,1.14,2026-09-01
MSTZ,1.1,5.4,27579593,25533926,148.93,164.76,0.9,7.0,4.0,중립,양봉,잔구간,0.74,0.495,2026-09-01
GT,1.1,5.99,6700574,5965860,40.14,42.04,1.0,1.0,-5.4,매도주의,장대음봉,잔구간,0.03,-1.28,2026-09-01
GTM,1.1,4.12,4970510,4642598,20.48,19.86,1.0,-2.4,-0.5,중립,팽이도지,잔구간,0.29,-0.125,2026-09-01
SLDP,1.1,2.33,2459176,2214905,5.73,5.54,1.0,-2.1,2.2,매수관심,양봉,완만한상승,0.75,1.9,2026-09-01
HTGC,1.1,17.67,1524091,1447219,26.93,30.2,0.9,1.2,-1.0,중립,음봉,완만한상승,0.13,-0.24,2026-09-01
FBDT,1.1,0.744,2629999,2449207,1.96,2.72,0.7,5.0,0.6,중립,팽이도지,전저점부근,0.39,0.62,2026-09-01
GSBD,1.1,10.13,773085,732595,7.83,7.84,1.0,0.0,-1.0,중립,음봉,잔구간,0.19,-0.535,2026-09-01
FIP,1.1,3.38,1030555,942258,3.48,3.57,1.0,-1.4,-1.5,매도주의,음봉,전저점이탈,0.22,-1.79,2026-09-01
SFIX,1.1,3.01,1583796,1452404,4.77,4.69,1.0,-1.3,-3.8,강한매도,장대음봉,전저점이탈,0.06,-3.28,2026-09-01
EIKN,1.1,10.88,333491,307407,3.63,6.18,0.6,-1.4,5.5,매수관심,장대양봉,잔구간,0.93,1.26,2026-09-01
IMPP,1.1,5.46,466033,431993,2.54,2.1,1.2,0.6,3.4,강한매수,양봉,전고점돌파,0.85,2.62,2026-09-01
IRD,1.1,3.83,868852,817910,3.33,3.62,0.9,0.8,4.9,매수관심,장대양봉,잔구간,0.92,1.25,2026-09-01
DHC,1.1,7.63,1243282,1083782,9.49,8.82,1.1,-0.7,1.5,중립,양봉,잔구간,0.45,0.32,2026-09-01
LOMA,1.1,10.07,407652,363682,4.11,3.88,1.1,-0.5,0.7,중립,위꼬리양봉,완만한상승,0.25,-0.4,2026-09-01
LTBR,1.1,7.43,574891,543447,4.27,4.83,0.9,-1.9,0.5,중립,팽이도지,전저점이탈,0.59,-0.64,2026-09-01
MMT,1.1,4.49,304793,287794,1.37,1.2,1.1,0.0,0.0,매수관심,양봉스프링,전고점부근,1.0,1.65,2026-09-01
INN,1.1,5.72,814116,729120,4.66,4.63,1.0,-0.9,-1.4,매도주의,음봉,전저점이탈,0.31,-1.68,2026-09-01
DBRG,1.1,15.91,5692092,5090314,90.56,71.42,1.3,0.1,-0.1,중립,망치형,잔구간,0.6,0.56,2026-09-01
UWMC,1.1,1.37,12511166,11510938,17.14,16.74,1.0,0.0,-5.5,중립,음봉,잔구간,0.13,-0.57,2026-09-01
LITZ,1.1,8.57,3227261,2966103,27.66,27.1,1.0,3.6,6.2,중립,양봉,잔구간,0.74,0.495,2026-09-01
KRNY,1.1,9.77,781541,714192,7.64,7.93,1.0,0.0,-1.0,중립,음봉,잔구간,0.16,-0.555,2026-09-01
UMH,1.1,16.2,943668,842788,15.29,12.69,1.2,-0.3,-1.2,매도주의,음봉,전저점이탈,0.12,-1.91,2026-09-01
UNCY,1.1,5.05,673445,593648,3.4,3.75,0.9,-1.3,-1.6,매도주의,음봉,전저점이탈,0.06,-1.98,2026-09-01
CORZ,1.1,16.07,11735308,10616977,188.59,198.2,1.0,-3.2,1.8,매수관심,양봉,전저점부근,0.63,1.61,2026-09-01
CNTN,1.1,2.28,570426,515018,1.3,1.56,0.8,0.0,0.0,매수관심,팽이도지,완만한상승,0.59,1.01,2026-09-01
MVST,1.1,0.69,7703393,7254941,5.32,5.54,1.0,-2.5,-1.4,매도주의,음봉,전저점이탈,0.33,-1.65,2026-09-01
MEC,1.1,19.2,528356,496755,10.14,12.26,0.8,-1.3,0.5,중립,위꼬리양봉,잔구간,0.22,-0.67,2026-09-01
METC,1.1,14.01,2476447,2205566,34.7,26.79,1.3,-1.3,-0.3,중립,팽이도지,잔구간,0.52,0.01,2026-09-01
CLBK,1.1,11.5,3040188,2811191,34.96,35.33,1.0,-0.8,-0.3,중립,팽이도지,잔구간,0.29,-0.125,2026-09-01
DOLE,1.1,13.85,1166010,1056834,16.15,14.1,1.1,0.1,-0.1,매도주의,위꼬리음봉,완만한상승,0.0,-1.2,2026-09-01
EU,1.1,1.19,3702021,3268868,4.41,4.27,1.0,-4.4,-0.4,매도주의,위꼬리음봉,잔구간,0.15,-0.96,2026-09-01
OPEN,1.1,3.04,29648558,27910737,90.13,101.22,0.9,-3.8,-1.3,매도주의,음봉,전저점이탈,0.09,-1.94,2026-09-01
ORC,1.1,6.54,5228724,4639335,34.2,27.22,1.3,-0.6,-0.2,중립,팽이도지,잔구간,0.5,0.0,2026-09-01
DNP,1.1,10.8,645886,593064,6.98,5.89,1.2,0.0,-0.1,중립,팽이도지,잔구간,0.32,-0.11,2026-09-01
DNUT,1.1,3.36,2076542,1953489,6.98,10.02,0.7,-0.6,-1.2,중립,음봉,잔구간,0.35,-0.44,2026-09-01
CGBD,1.1,11.55,583762,512004,6.74,6.67,1.0,-0.6,-3.0,매도주의,장대음봉,잔구간,0.0,-1.3,2026-09-01
TSLL,1.1,9.33,92843269,87092841,866.23,951.02,0.9,-3.8,-2.8,중립,음봉,잔구간,0.32,-0.46,2026-09-01
TSLG,1.1,4.64,58259597,52292184,270.32,225.73,1.2,-4.0,-2.7,중립,음봉,잔구간,0.35,-0.44,2026-09-01
SVV,1.1,10.15,1328397,1215468,13.48,16.28,0.8,-0.8,-1.0,매도주의,음봉,전저점이탈,0.48,-1.47,2026-09-01
UPBD,1.1,18.42,811644,748860,14.95,14.56,1.0,-1.0,1.7,강한매수,양봉,완만한상승,0.85,2.02,2026-09-01
URG,1.1,1.34,5462509,5145467,7.32,8.61,0.9,-2.1,-3.6,강한매도,장대음봉,전저점이탈,0.0,-3.35,2026-09-01
MCHB,1.1,15.52,449285,401616,6.97,6.81,1.0,0.2,-1.6,강한매도,장대음봉,전저점이탈,0.1,-3.23,2026-09-01
CFFN,1.1,8.55,750952,680519,6.42,6.58,1.0,-0.3,-0.3,중립,팽이도지,잔구간,0.44,-0.035,2026-09-01
PUBM,1.1,16.27,514445,480921,8.37,10.04,0.8,-1.2,-1.0,중립,음봉,잔구간,0.41,-0.405,2026-09-01
CLOV,1.1,4.3,3564304,3290315,15.33,13.7,1.1,0.2,3.4,강한매수,장대양봉,완만한상승,0.72,3.16,2026-09-01
CION,1.1,7.42,446373,409320,3.31,2.83,1.2,-0.8,-0.4,매도주의,위꼬리음봉,잔구간,0.1,-0.99,2026-09-01
MGTX,1.1,14.19,880479,768549,12.49,11.7,1.1,-1.1,3.9,중립,양봉,잔구간,0.56,0.385,2026-09-01
MICC,1.1,19.73,749639,686207,14.79,15.68,0.9,-2.0,-1.4,중립,음봉,전저점부근,0.07,-0.47,2026-09-01
TAK,1.1,18.23,1899444,1794745,34.63,39.86,0.9,1.1,0.3,중립,위꼬리양봉,완만한상승,0.22,-0.44,2026-09-01
TSLR,1.1,16.085,1340540,1223748,21.56,21.37,1.0,-3.9,-2.8,중립,음봉,잔구간,0.31,-0.465,2026-09-01
IREZ,1.1,13.33,1299777,1202550,17.33,16.26,1.1,6.6,-4.6,중립,음봉,완만한상승,0.19,-0.17,2026-09-01
IRT,1.1,16.27,2495938,2322832,40.61,31.86,1.3,-0.1,0.7,매수관심,장대양봉,잔구간,0.83,1.2,2026-09-01
ASM,1.1,7.01,3463161,3249309,24.28,31.85,0.8,-4.2,0.3,강한매도,위꼬리양봉,전저점이탈,0.2,-2.11,2026-09-01
ALMU,1.1,12.46,488447,456216,6.09,7.22,0.8,-2.4,-2.5,강한매도,장대음봉,전저점이탈,0.07,-3.27,2026-09-01
ASYS,1.1,14.52,425088,393820,6.17,8.81,0.7,-2.7,2.0,중립,양봉,잔구간,0.95,0.62,2026-09-01
AMTM,1.1,19.99,1837481,1684432,36.73,48.75,0.8,0.7,-0.7,중립,음봉,잔구간,0.42,-0.4,2026-09-01
AMZD,1.1,8.599,10188053,9621495,87.61,80.67,1.1,1.9,-0.0,중립,팽이도지,전고점부근,0.3,-0.69,2026-09-01
ANGI,1.1,4.665,728979,638035,3.4,3.3,1.0,-0.9,1.2,중립,양봉,잔구간,0.91,0.595,2026-09-01
ANGX,1.1,4.34,934034,870580,4.05,6.14,0.7,-1.7,4.8,강한매수,장대양봉,완만한상승,0.81,3.27,2026-09-01
ANIX,1.1,3.28,342502,314674,1.12,1.07,1.0,1.6,-3.7,매도주의,음봉,전저점이탈,0.19,-1.82,2026-09-01
RDY,1.1,12.17,1932180,1722579,23.51,26.54,0.9,0.7,-0.3,중립,음봉,완만한상승,0.15,-0.22,2026-09-01
AESI,1.1,12.68,2626098,2354861,33.3,34.81,1.0,-0.3,-2.9,중립,음봉,잔구간,0.07,-0.61,2026-09-01
AMPX,1.1,9.48,4029547,3835130,38.2,42.76,0.9,-2.4,-1.7,매도주의,음봉,전저점이탈,0.29,-1.7,2026-09-01
PSKY,1.1,10.55,10433353,9819125,110.07,101.11,1.1,-0.9,-2.4,중립,음봉,잔구간,0.37,-0.43,2026-09-01
TLRY,1.1,4.5,3485264,3236982,15.68,16.88,0.9,-1.1,-0.4,매도주의,위꼬리음봉,전저점부근,0.1,-1.23,2026-09-01
TLS,1.1,4.72,575860,524294,2.72,2.54,1.1,-1.0,-1.0,중립,음봉,잔구간,0.52,-0.34,2026-09-01
ADMA,1.1,9.33,1756180,1626410,16.39,17.02,1.0,-0.1,-0.5,매도주의,위꼬리음봉,잔구간,0.19,-0.935,2026-09-01
VLRS,1.1,6.39,379595,334727,2.43,3.05,0.8,-0.6,-1.7,강한매도,음봉,전저점이탈,0.04,-2.0,2026-09-01
RYAM,1.1,8.33,796925,748361,6.64,6.93,1.0,-1.0,-2.0,매도주의,장대음봉,잔구간,0.14,-1.215,2026-09-01
RIG,1.1,5.92,37119507,32445963,219.75,200.24,1.1,1.5,0.3,매수관심,팽이도지,완만한상승,0.63,1.06,2026-09-01
RILY,1.1,6.75,549949,480290,3.71,3.48,1.1,-1.3,-1.2,매도주의,음봉,전저점이탈,0.28,-1.71,2026-09-01
GGB,1.1,4.69,10836513,10140360,50.82,54.08,0.9,-0.9,2.6,강한매수,장대양봉,완만한상승,0.67,3.1,2026-09-01
BXMT,1.1,13.81,2109642,1937113,29.13,24.72,1.2,-0.6,0.0,중립,팽이도지,잔구간,0.64,0.085,2026-09-01
CAST,1.1,1.39,1699812,1483917,2.36,44.83,0.1,-0.8,9.4,중립,양봉,잔구간,0.59,0.405,2026-09-01
NFXL,1.1,19.18,777630,734412,14.91,17.15,0.9,-2.3,1.8,중립,양봉,잔구간,0.46,0.325,2026-09-01
FMNB,1.1,15.37,369936,350888,5.69,5.8,1.0,0.0,-1.5,강한매도,장대음봉,전저점이탈,0.17,-3.15,2026-09-01
OCSL,1.1,13.11,503781,474373,6.6,6.63,1.0,0.5,-1.7,매도주의,장대음봉,잔구간,0.08,-1.25,2026-09-01
BTCZ,1.1,3.59,15813851,13831978,56.77,51.08,1.1,2.9,1.4,중립,양봉,잔구간,0.55,0.38,2026-09-01
PRLD,1.1,5.49,538439,490999,2.96,4.28,0.7,-0.9,-1.1,중립,망치형,잔구간,0.67,0.6,2026-09-01
PRME,1.1,3.57,2459313,2180073,8.78,10.3,0.9,-1.4,0.8,중립,팽이도지,잔구간,0.39,-0.065,2026-09-01
TDOC,1.1,6.26,3448419,3220852,21.59,22.23,1.0,-1.4,0.2,중립,위꼬리양봉,잔구간,0.19,-0.685,2026-09-01
HBNC,1.1,19.25,453436,423575,8.73,8.82,1.0,-0.2,-0.7,중립,음봉,잔구간,0.25,-0.5,2026-09-01
ALHC,1.1,13.59,4123820,3589419,56.04,51.8,1.1,0.4,1.0,중립,위꼬리양봉,완만한상승,0.31,-0.33,2026-09-01
TASK,1.1,7.76,320903,304707,2.49,3.57,0.7,-1.8,-4.2,매도주의,장대음봉,잔구간,0.03,-1.28,2026-09-01
FTRE,1.1,17.72,1186242,1097219,21.02,18.97,1.1,0.1,-3.6,강한매도,장대음봉,전저점이탈,0.11,-3.22,2026-09-01
AKBA,1.0,0.945,12453269,12315426,11.76,9.52,1.2,-1.0,3.8,강한매수,장대양봉,완만한상승,0.93,3.42,2026-09-01
TFSL,1.0,17.38,768187,793212,13.35,15.42,0.9,0.3,-0.8,중립,음봉,전저점부근,0.29,-0.2,2026-09-01
FRMI,1.0,4.63,16433448,16058710,76.09,85.79,0.9,-2.0,-4.9,강한매도,장대음봉,전저점이탈,0.07,-3.27,2026-09-01
THM,1.0,2.4,846079,839867,2.03,2.31,0.9,-3.2,0.0,중립,팽이도지,전저점이탈,0.56,-0.68,2026-09-01
EVLV,1.0,5.06,1595240,1551963,8.07,9.25,0.9,-1.0,-1.9,매도주의,음봉,전저점이탈,0.12,-1.91,2026-09-01
EXG,1.0,9.85,320365,316230,3.16,3.47,0.9,-0.5,-0.9,매도주의,장대음봉,잔구간,0.0,-1.3,2026-09-01
FVRR,1.0,9.25,449980,449093,4.16,4.67,0.9,-1.8,-0.6,매도주의,위꼬리음봉,잔구간,0.03,-1.03,2026-09-01
PTLO,1.0,4.41,1110582,1146456,4.9,5.4,0.9,-0.9,-2.6,강한매도,장대음봉,전저점이탈,0.37,-2.91,2026-09-01
TBLA,1.0,3.73,2346723,2402862,8.75,9.59,0.9,-1.1,1.1,매수관심,양봉,완만한상승,0.62,1.74,2026-09-01
GSM,1.0,4.03,850378,885714,3.43,5.15,0.7,0.2,-2.2,매도주의,장대음봉,잔구간,0.0,-1.3,2026-09-01
BTGO,1.0,6.93,1469591,1482792,10.18,13.2,0.8,-2.5,-0.1,중립,팽이도지,잔구간,0.25,-0.15,2026-09-01
BILI,1.0,15.79,3220448,3365534,50.85,55.73,0.9,-1.2,-1.1,강한매도,음봉,전저점이탈,0.04,-2.0,2026-09-01
BETR,1.0,12.23,713585,722893,8.73,9.44,0.9,-2.2,-9.6,매도주의,장대음봉,잔구간,0.05,-1.27,2026-09-01
NNE,1.0,17.47,1629533,1563641,28.47,29.66,1.0,-4.8,0.3,중립,팽이도지,전저점이탈,0.58,-0.65,2026-09-01
PSO,1.0,16.5,425993,413135,7.03,7.08,1.0,-0.1,-0.4,매도주의,위꼬리음봉,잔구간,0.2,-0.93,2026-09-01
PTIR,1.0,19.93,3074517,2951289,61.28,64.67,0.9,-4.0,-3.2,중립,음봉,잔구간,0.01,-0.645,2026-09-01
BORR,1.0,4.6,4079314,4129790,18.76,19.75,0.9,0.4,2.2,강한매수,장대양봉,완만한상승,0.71,3.15,2026-09-01
CBRX,1.0,8.0,752306,739097,6.02,7.41,0.8,-6.1,-6.4,매도주의,음봉,전저점이탈,0.15,-1.87,2026-09-01
CCC,1.0,7.24,5915344,6068650,42.83,76.92,0.6,-1.2,-1.8,중립,음봉,잔구간,0.1,-0.59,2026-09-01
OSPN,1.0,15.88,300826,309687,4.78,5.77,0.8,-1.5,-2.4,매도주의,장대음봉,잔구간,0.15,-1.21,2026-09-01
RLJ,1.0,11.02,1619915,1613052,17.85,19.08,0.9,-0.5,0.3,매수관심,팽이도지,전저점부근,0.64,0.92,2026-09-01
RIOT,1.0,17.79,15010699,15317363,267.04,347.03,0.8,-3.2,-3.3,강한매도,장대음봉,전저점이탈,0.13,-3.19,2026-09-01
QYLD,1.0,18.17,5241917,5402056,95.25,83.49,1.1,-0.4,-0.2,중립,팽이도지,잔구간,0.46,-0.025,2026-09-01
ADNT,1.0,18.25,847690,832787,15.47,15.77,1.0,-0.9,-3.0,매도주의,장대음봉,전저점부근,0.12,-1.71,2026-09-01
ADT,1.0,7.37,5825401,5972430,42.93,45.86,0.9,-0.5,0.3,중립,팽이도지,잔구간,0.6,0.06,2026-09-01
ADTN,1.0,7.47,1477300,1553540,11.04,13.01,0.8,-1.2,-2.5,매도주의,장대음봉,전저점부근,0.12,-1.71,2026-09-01
RKLX,1.0,14.38,1386397,1329067,19.94,27.29,0.7,-5.4,0.8,중립,위꼬리양봉,전저점부근,0.29,-0.5,2026-09-01
RDWU,1.0,5.81,355765,350650,2.07,3.23,0.6,-3.2,-5.1,강한매도,장대음봉,전저점이탈,0.14,-3.18,2026-09-01
AEO,1.0,16.58,4929399,4703440,81.73,76.03,1.1,-1.4,1.1,중립,팽이도지,잔구간,0.54,0.025,2026-09-01
APPS,1.0,10.0,2561223,2621649,25.61,28.57,0.9,-2.4,-4.8,강한매도,장대음봉,전저점이탈,0.14,-3.18,2026-09-01
RUN,1.0,8.37,6302994,6247686,52.76,64.39,0.8,-3.0,0.7,중립,양봉,전저점이탈,0.7,0.19,2026-09-01
ACRS,1.0,6.02,1487103,1521073,8.95,11.63,0.8,0.7,-1.1,매도주의,위꼬리음봉,잔구간,0.24,-0.905,2026-09-01
AAL,1.0,12.95,63355057,66147046,820.45,924.32,0.9,-1.7,-1.9,강한매도,음봉,전저점이탈,0.02,-2.03,2026-09-01
AI,1.0,10.34,4783879,4596899,49.47,49.15,1.0,-3.2,-1.2,중립,음봉,잔구간,0.44,-0.385,2026-09-01
ASLE,1.0,5.45,509909,504011,2.78,2.44,1.1,-0.7,0.0,중립,팽이도지,전저점부근,0.37,0.59,2026-09-01
ARRY,1.0,4.36,6159876,6075980,26.86,28.98,0.9,-0.5,-0.9,매도주의,음봉,전저점이탈,0.36,-1.62,2026-09-01
ASTX,1.0,9.04,2672265,2601266,24.16,32.59,0.7,-7.0,-5.1,강한매도,음봉,전저점이탈,0.0,-2.05,2026-09-01
PLTZ,1.0,9.03,4813191,4821641,43.46,44.9,1.0,3.7,3.0,중립,양봉,잔구간,0.97,0.63,2026-09-01
PLX,1.0,2.59,598262,623046,1.55,1.55,1.0,1.6,-0.8,매도주의,위꼬리음봉,완만한상승,0.24,-0.91,2026-09-01
SWVL,1.0,3.83,1015164,982950,3.89,18.97,0.2,-3.1,35.8,강한매수,장대양봉,전고점돌파,0.89,3.97,2026-09-01
ARCO,1.0,8.06,992382,969772,8.0,8.0,1.0,-0.8,2.5,강한매수,장대양봉,완만한상승,0.81,3.27,2026-09-01
PEPG,1.0,3.12,461777,483866,1.44,2.14,0.7,-1.3,5.8,강한매수,장대양봉,완만한상승,0.82,3.28,2026-09-01
QNST,1.0,18.94,1071928,1068035,20.3,18.33,1.1,-1.1,-1.5,중립,음봉,잔구간,0.33,-0.45,2026-09-01
ASC,1.0,17.68,729592,762007,12.9,12.45,1.0,0.9,0.7,중립,양봉,잔구간,0.79,0.525,2026-09-01
VALE,1.0,15.12,27421112,26225212,414.61,426.65,1.0,-0.7,0.9,매수관심,양봉,완만한상승,0.49,1.59,2026-09-01
TSDD,1.0,8.33,4235219,4066259,35.28,43.23,0.8,3.3,2.7,매수관심,양봉,완만한상승,0.66,1.79,2026-09-01
UROY,1.0,4.14,2286237,2191953,9.47,9.16,1.0,-2.9,1.2,매수관심,양봉,수횡파,0.62,1.44,2026-09-01
UUUU,1.0,14.22,6003556,6298300,85.37,103.82,0.8,-3.4,-0.2,매도주의,팽이도지,전저점이탈,0.37,-0.91,2026-09-01
CCXI,1.0,13.05,1321508,1339250,17.25,33.5,0.5,-2.1,-0.4,강한매도,위꼬리음봉,전저점이탈,0.14,-2.68,2026-09-01
HL,1.0,19.11,30811567,30190628,588.81,734.14,0.8,-4.6,0.8,강한매도,위꼬리양봉,전저점이탈,0.16,-2.16,2026-09-01
HIMX,1.0,13.41,730353,710208,9.79,11.66,0.8,-2.9,0.7,중립,양봉,잔구간,0.66,0.445,2026-09-01
DRTS,1.0,13.96,465406,481887,6.5,10.81,0.6,-1.1,0.0,매도주의,팽이도지,전저점이탈,0.41,-0.86,2026-09-01
STNE,1.0,9.66,4676801,4538641,45.18,73.3,0.6,-0.9,0.5,중립,위꼬리양봉,잔구간,0.35,-0.59,2026-09-01
TRLV,1.0,11.74,1380547,1418020,16.21,15.08,1.1,0.3,1.7,중립,위꼬리양봉,완만한상승,0.35,-0.28,2026-09-01
EH,1.0,4.44,779305,750326,3.46,4.53,0.8,-0.7,-0.4,강한매수,망치형,전저점부근,0.68,2.9699999999999998,2026-09-01
TRTX,1.0,7.68,705947,677133,5.42,6.74,0.8,0.0,-0.6,중립,음봉,전저점부근,0.26,-0.24,2026-09-01
NABL,1.0,3.82,2371421,2381823,9.06,9.17,1.0,-1.3,-2.8,중립,음봉,잔구간,0.19,-0.535,2026-09-01
HIX,1.0,3.9,348536,358126,1.36,1.49,0.9,-1.0,0.0,매도주의,위꼬리양봉,잔구간,0.0,-0.8,2026-09-01
IMSR,1.0,4.98,1060871,1078006,5.28,5.71,0.9,-2.9,-1.0,매도주의,음봉,전저점이탈,0.38,-1.59,2026-09-01
IMXI,1.0,14.41,309814,295914,4.46,8.2,0.5,-0.4,0.0,중립,팽이도지,잔구간,0.27,-0.14,2026-09-01
SBH,1.0,16.37,963807,931905,15.78,17.86,0.9,-1.3,1.2,중립,팽이도지,잔구간,0.51,0.005,2026-09-01
OI,1.0,7.02,2776613,2882801,19.49,19.82,1.0,-0.6,-2.9,매도주의,장대음봉,잔구간,0.13,-1.22,2026-09-01
OLMA,1.0,10.56,766112,734087,8.09,9.24,0.9,-0.7,1.9,중립,양봉,잔구간,0.8,0.53,2026-09-01
OTF,1.0,11.62,2732446,2801086,31.75,28.91,1.1,-2.0,1.5,중립,양봉,잔구간,0.59,0.405,2026-09-01
OEC,1.0,5.87,431039,424527,2.53,2.74,0.9,-0.5,-5.5,매도주의,장대음봉,전저점부근,0.08,-1.75,2026-09-01
AMCX,1.0,12.36,449514,458326,5.56,6.13,0.9,-1.2,-0.6,매도주의,위꼬리음봉,잔구간,0.22,-0.92,2026-09-01
SABR,1.0,2.01,2915377,3014247,5.86,5.79,1.0,-1.4,-6.1,강한매도,장대음봉,전저점이탈,0.12,-3.21,2026-09-01
ARDX,1.0,3.76,3647210,3615075,13.71,14.34,1.0,0.0,-0.5,중립,음봉,잔구간,0.15,-0.56,2026-09-01
CMBT,1.0,18.27,964244,959281,17.62,19.14,0.9,0.0,-0.1,중립,팽이도지,잔구간,0.36,-0.085,2026-09-01
UEC,1.0,11.59,9345246,9781936,108.31,118.21,0.9,-5.2,-0.1,중립,팽이도지,전저점부근,0.29,0.5,2026-09-01
LYG,1.0,5.91,9904693,10169369,58.54,67.41,0.9,1.2,-0.5,중립,음봉,완만한상승,0.12,-0.26,2026-09-01
UPB,1.0,6.55,476486,492010,3.12,3.64,0.9,-0.6,-0.5,매도주의,위꼬리음봉,잔구간,0.23,-0.91,2026-09-01
DJT,1.0,9.06,3437908,3545712,31.15,35.44,0.9,-2.0,-5.3,매도주의,장대음봉,잔구간,0.1,-1.24,2026-09-01
JKS,1.0,12.45,945958,959029,11.78,11.92,1.0,-0.6,-0.4,중립,팽이도지,전저점부근,0.44,0.68,2026-09-01
IRWD,1.0,4.27,1456286,1451703,6.22,6.41,1.0,-1.4,1.9,중립,양봉,잔구간,0.67,0.45,2026-09-01
ITUB,1.0,7.68,16113236,15914392,123.75,149.48,0.8,-0.1,1.1,매수관심,양봉,완만한상승,0.35,1.42,2026-09-01
LI,1.0,11.9,2615290,2748707,31.12,35.57,0.9,-0.8,-0.8,강한매도,장대음봉,전저점이탈,0.24,-3.06,2026-09-01
CVRX,1.0,3.04,780721,811138,2.37,2.44,1.0,-1.0,3.8,강한매수,장대양봉,완만한상승,0.88,3.36,2026-09-01
CSIQ,1.0,12.66,2292500,2360288,29.02,30.09,1.0,-1.2,3.9,매수관심,장대양봉,잔구간,0.77,1.16,2026-09-01
IONL,1.0,11.64,427403,424997,4.97,6.85,0.7,-7.9,0.1,강한매도,위꼬리양봉,전저점이탈,0.09,-2.24,2026-09-01
CYRX,1.0,15.55,445060,453967,6.92,9.61,0.7,-1.4,-1.4,매도주의,음봉,전저점이탈,0.22,-1.79,2026-09-01
TU,1.0,9.65,5321280,5422849,51.35,52.01,1.0,-0.2,-0.1,중립,팽이도지,잔구간,0.4,-0.06,2026-09-01
IQ,1.0,0.904,9487880,9884571,8.58,9.58,0.9,-0.1,-3.2,매도주의,장대음봉,전저점부근,0.09,-1.74,2026-09-01
BBAR,1.0,15.11,797539,793051,12.05,15.9,0.8,-2.1,2.0,중립,위꼬리양봉,잔구간,0.33,-0.6,2026-09-01
AMPL,1.0,13.83,1650667,1711220,22.83,23.48,1.0,-2.1,0.2,중립,위꼬리양봉,잔구간,0.32,-0.61,2026-09-01
IREX,1.0,11.36,1364033,1362691,15.5,20.89,0.7,-5.4,4.0,중립,양봉,잔구간,0.82,0.54,2026-09-01
SERV,1.0,4.69,3699893,3797067,17.35,20.94,0.8,-2.5,-1.3,중립,음봉,잔구간,0.5,-0.35,2026-09-01
IIIV,1.0,16.0,368798,369099,5.9,7.13,0.8,-0.6,0.3,중립,팽이도지,잔구간,0.4,-0.06,2026-09-01
IMMR,1.0,7.4,311945,305128,2.31,3.05,0.8,-1.2,-1.2,중립,음봉,전저점부근,0.38,-0.09,2026-09-01
IART,1.0,16.62,559673,535213,9.3,9.56,1.0,-0.5,-1.3,중립,음봉,잔구간,0.15,-0.56,2026-09-01
EQX,1.0,12.18,11908069,12225833,145.04,177.0,0.8,-4.1,-1.2,강한매도,위꼬리음봉,전저점이탈,0.05,-2.79,2026-09-01
CALY,1.0,15.53,1347103,1389229,20.92,24.11,0.9,-0.8,-0.3,매도주의,위꼬리음봉,잔구간,0.23,-0.91,2026-09-01
CANG,1.0,1.84,594779,589576,1.09,2.02,0.5,-13.4,-11.1,매도주의,장대음봉,잔구간,0.08,-1.25,2026-09-01
FLG,1.0,13.06,3891318,4050324,50.82,56.53,0.9,-0.2,-1.7,강한매도,장대음봉,전저점이탈,0.09,-3.24,2026-09-01
FLYW,1.0,18.185,1336591,1319884,24.31,26.37,0.9,-1.8,-2.0,매도주의,음봉,전저점이탈,0.11,-1.92,2026-09-01
FF,1.0,5.46,394647,402369,2.15,2.07,1.0,0.2,3.4,매수관심,장대양봉,잔구간,0.75,1.15,2026-09-01
SLDB,1.0,9.88,803305,837775,7.94,8.53,0.9,-1.5,4.7,매수관심,장대양봉,잔구간,0.88,1.23,2026-09-01
SIBN,1.0,18.92,561078,579444,10.62,11.51,0.9,0.5,-1.0,중립,팽이도지,잔구간,0.36,-0.085,2026-09-01
NN,1.0,15.22,2320216,2303758,35.31,36.04,1.0,-2.4,-1.7,중립,음봉,잔구간,0.32,-0.46,2026-09-01
SKDD,1.0,10.28,3322909,3243204,34.16,59.79,0.6,3.8,0.7,매수관심,팽이도지,완만한상승,0.58,1.0,2026-09-01
HTLD,1.0,11.91,584276,558308,6.96,8.84,0.8,-0.8,-2.9,매도주의,음봉,전저점이탈,0.26,-1.74,2026-09-01
NBIG,1.0,13.62,1442603,1485856,19.65,35.67,0.6,-6.8,0.1,중립,팽이도지,전저점이탈,0.6,-0.63,2026-09-01
MQ,1.0,16.17,685072,656332,11.08,11.13,1.0,-0.9,-0.6,중립,음봉,잔구간,0.51,-0.345,2026-09-01
NG,1.0,8.03,5463655,5588756,43.87,48.63,0.9,-4.9,-1.8,매도주의,음봉,전저점이탈,0.09,-1.94,2026-09-01
LFST,1.0,12.6,3465906,3535123,43.67,39.95,1.1,-0.7,2.7,강한매수,장대양봉,완만한상승,0.68,3.12,2026-09-01
AVR,1.0,8.45,568651,546308,4.81,6.73,0.7,-1.5,-0.4,매도주의,위꼬리음봉,전저점부근,0.18,-1.13,2026-09-01
AVTR,1.0,14.2,5675025,5428386,80.59,84.63,1.0,0.1,-2.4,매도주의,장대음봉,잔구간,0.02,-1.29,2026-09-01
BBAI,1.0,2.95,17096397,16974554,50.43,56.53,0.9,-2.9,-3.0,강한매도,장대음봉,전저점이탈,0.18,-3.13,2026-09-01
SPDN,1.0,8.59,28297883,29749527,243.08,258.66,0.9,0.7,0.0,매수관심,팽이도지,전고점돌파,0.67,1.7,2026-09-01
SNDG,1.0,8.54,7063280,6754207,60.32,60.72,1.0,-5.7,1.5,중립,위꼬리양봉,잔구간,0.25,-0.65,2026-09-01
SNDL,1.0,1.36,1057702,1045360,1.44,1.83,0.8,-1.5,0.7,매수관심,양봉,수횡파,0.43,1.22,2026-09-01
SRXH,1.0,1.63,674317,681995,1.1,1.35,0.8,-1.2,-1.8,중립,음봉,전저점부근,0.36,-0.12,2026-09-01
KD,1.0,13.12,3153793,3234462,41.38,49.55,0.8,-1.3,-1.2,중립,음봉,잔구간,0.38,-0.42,2026-09-01
SNXX,1.0,13.71,67153588,65365350,920.68,1164.37,0.8,-5.8,1.2,중립,위꼬리양봉,잔구간,0.23,-0.66,2026-09-01
MAMA,1.0,15.6,442018,460485,6.9,8.12,0.8,-1.5,-2.4,강한매도,장대음봉,전저점이탈,0.05,-3.29,2026-09-01
XPOF,1.0,5.03,514481,512666,2.59,2.87,0.9,-1.1,-6.7,매도주의,장대음봉,전저점부근,0.0,-1.85,2026-09-01
GOOD,1.0,12.99,319227,309189,4.15,4.45,0.9,0.0,0.2,중립,팽이도지,잔구간,0.64,0.085,2026-09-01
CRMD,1.0,8.38,880480,923024,7.38,9.63,0.8,-0.1,1.6,중립,양봉,잔구간,0.65,0.44,2026-09-01
CRNC,1.0,8.42,648765,662601,5.46,5.99,0.9,-2.7,2.6,중립,양봉,잔구간,0.8,0.53,2026-09-01
JOBY,1.0,6.69,22241451,22805916,148.8,171.53,0.9,-1.6,-0.6,중립,망치형,전저점이탈,0.53,0.29,2026-09-01
WIT,1.0,1.83,8575072,8570061,15.69,16.56,0.9,0.5,-1.6,매도주의,장대음봉,잔구간,0.2,-1.18,2026-09-01
WFCpZ,1.0,17.64,319766,307678,5.64,5.79,1.0,-0.6,-0.5,강한매도,위꼬리음봉,전저점이탈,0.07,-2.77,2026-09-01
WULF,1.0,14.65,26286849,27014827,385.1,502.0,0.8,-2.8,-0.4,중립,팽이도지,전저점이탈,0.56,-0.68,2026-09-01
XERS,1.0,8.43,1144232,1150422,9.65,13.05,0.7,-0.2,0.1,중립,위꼬리양봉,잔구간,0.21,-0.675,2026-09-01
ALIT,1.0,13.82,379571,399466,5.25,6.4,0.8,-1.0,-2.4,매도주의,장대음봉,잔구간,0.0,-1.3,2026-09-01
NVD,1.0,4.05,91767914,92941826,371.66,366.29,1.0,3.8,-0.7,매수관심,팽이도지,완만한상승,0.53,0.94,2026-09-01
VZLA,1.0,3.86,6160685,5955277,23.78,23.55,1.0,-4.0,-0.8,매도주의,위꼬리음봉,전저점부근,0.14,-1.18,2026-09-01
GLWG,1.0,12.478,465080,456808,5.8,9.36,0.6,-6.2,1.9,중립,양봉,잔구간,0.53,0.37,2026-09-01
ABEV,1.0,2.89,27955649,28399107,80.79,107.44,0.8,0.0,0.7,중립,위꼬리양봉,완만한상승,0.33,-0.3,2026-09-01
YYY,1.0,11.17,335283,336447,3.75,3.21,1.2,0.2,-0.7,강한매도,장대음봉,전저점이탈,0.11,-3.22,2026-09-01
VLY,1.0,13.38,6664057,6439321,89.17,89.85,1.0,-0.2,-1.7,강한매도,장대음봉,전저점이탈,0.09,-3.24,2026-09-01
VOXR,1.0,5.36,398130,387545,2.13,2.5,0.9,-3.2,0.8,강한매도,위꼬리양봉,전저점이탈,0.29,-2.0,2026-09-01
OCUL,1.0,10.57,1578326,1542061,16.68,26.41,0.6,-0.7,1.4,매수관심,양봉,완만한상승,0.74,1.89,2026-09-01
GPRE,1.0,14.75,1734509,1693328,25.58,24.34,1.1,0.2,1.9,중립,양봉,잔구간,0.83,0.55,2026-09-01
NMCO,1.0,9.75,459725,457495,4.48,4.27,1.0,2.1,-2.3,매도주의,장대음봉,잔구간,0.15,-1.21,2026-09-01
BHC,1.0,6.47,2562897,2610847,16.58,18.77,0.9,0.3,1.3,중립,위꼬리양봉,완만한상승,0.32,-0.32,2026-09-01
BLDP,1.0,2.24,2383303,2381804,5.34,5.98,0.9,-2.2,-0.9,중립,팽이도지,잔구간,0.5,0.0,2026-09-01
RXT,1.0,3.0,6203784,6262854,18.61,22.73,0.8,-2.9,-1.3,매도주의,음봉,전저점이탈,0.25,-1.75,2026-09-01
ACDC,1.0,4.99,1279875,1344899,6.39,7.49,0.9,0.4,-2.5,중립,음봉,잔구간,0.13,-0.57,2026-09-01
RCAT,0.9,8.25,4819155,5665267,39.76,60.79,0.7,-2.2,-1.8,매도주의,음봉,전저점이탈,0.17,-1.85,2026-09-01
QTTB,0.9,14.36,331608,351883,4.76,6.09,0.8,-0.7,-2.8,강한매도,장대음봉,전저점이탈,0.31,-2.98,2026-09-01
QUBT,0.9,7.9,5886172,6569007,46.5,63.14,0.7,-2.8,-1.2,매도주의,음봉,전저점이탈,0.24,-1.76,2026-09-01
YYGH,0.9,1.47,3352443,3587755,4.93,23.82,0.2,18.2,-5.8,중립,음봉,잔구간,0.4,-0.41,2026-09-01
XPRO,0.9,17.62,699299,814628,12.32,14.51,0.8,-0.2,-2.5,매도주의,장대음봉,잔구간,0.11,-1.235,2026-09-01
GO,0.9,12.11,2216360,2425081,26.84,29.19,0.9,1.9,-0.6,중립,팽이도지,완만한상승,0.26,0.61,2026-09-01
GENI,0.9,7.18,4430185,4982636,31.81,35.89,0.9,-1.9,-1.4,강한매도,위꼬리음봉,전저점이탈,0.13,-2.69,2026-09-01
GERN,0.9,1.48,7886442,8503412,11.67,11.85,1.0,-1.3,0.7,중립,양봉,잔구간,0.57,0.39,2026-09-01
GCMG,0.9,13.3,354029,387881,4.71,5.99,0.8,-2.0,-1.6,중립,음봉,전저점부근,0.25,-0.25,2026-09-01
RKT,0.9,13.03,21580767,23515272,281.2,303.14,0.9,-2.3,-0.5,강한매도,위꼬리음봉,전저점이탈,0.14,-2.68,2026-09-01
RGTI,0.9,14.99,13159859,14879170,197.27,277.09,0.7,-4.1,-0.2,매도주의,팽이도지,전저점이탈,0.38,-0.89,2026-09-01
RGTX,0.9,8.99,551285,583145,4.96,6.97,0.7,-7.7,-0.7,매도주의,팽이도지,전저점이탈,0.38,-0.89,2026-09-01
RAM,0.9,11.86,8265959,9506493,98.03,173.06,0.6,-4.9,-1.2,중립,팽이도지,잔구간,0.26,-0.145,2026-09-01
ADBG,0.9,5.45,1738660,1889581,9.48,12.41,0.8,-2.8,-2.0,매도주의,위꼬리음봉,잔구간,0.06,-1.015,2026-09-01
ACP,0.9,5.04,397875,435055,2.01,2.25,0.9,0.0,-0.6,중립,음봉,잔구간,0.4,-0.41,2026-09-01
ODD,0.9,14.14,655276,760773,9.27,11.04,0.8,0.6,-2.4,중립,음봉,잔구간,0.06,-0.615,2026-09-01
NVDY,0.9,12.5,1840435,2003923,23.01,27.2,0.8,-1.5,0.2,중립,팽이도지,잔구간,0.46,-0.025,2026-09-01
VNET,0.9,6.22,4129057,4521947,25.68,43.27,0.6,-0.8,3.5,중립,양봉,잔구간,0.78,0.52,2026-09-01
VGZ,0.9,2.1,782764,861531,1.64,2.42,0.7,-2.3,-1.4,매도주의,팽이도지,전저점이탈,0.4,-0.87,2026-09-01
VIPS,0.9,13.1,3301084,3679435,43.24,53.62,0.8,-0.1,0.1,중립,위꼬리양봉,잔구간,0.12,-0.73,2026-09-01
NVCR,0.9,17.38,800360,908887,13.91,25.34,0.5,-1.6,0.1,중립,위꼬리양봉,잔구간,0.15,-0.71,2026-09-01
ORN,0.9,9.05,330822,350938,2.99,3.53,0.8,-1.5,-2.3,중립,음봉,잔구간,0.07,-0.61,2026-09-01
NOMD,0.9,11.67,1293234,1456677,15.09,24.84,0.6,0.4,-0.2,중립,팽이도지,잔구간,0.26,-0.145,2026-09-01
NOWL,0.9,8.29,6544457,7027739,54.25,60.83,0.9,-3.8,-3.3,중립,음봉,잔구간,0.16,-0.555,2026-09-01
BGC,0.9,11.99,2408408,2648558,28.88,33.59,0.9,-0.4,0.3,중립,위꼬리양봉,잔구간,0.18,-0.69,2026-09-01
BSCR,0.9,19.6,541150,570730,10.61,11.18,0.9,0.0,-0.1,매도주의,장대음봉,전저점부근,0.0,-1.85,2026-09-01
BRCB,0.9,9.32,357602,404720,3.33,3.24,1.0,-1.7,-0.7,중립,팽이도지,잔구간,0.49,-0.005,2026-09-01
BRR,0.9,2.08,814299,938242,1.69,2.11,0.8,-0.9,-2.8,중립,음봉,잔구간,0.06,-0.615,2026-09-01
BMEA,0.9,1.8,2266537,2528504,4.08,4.22,1.0,0.0,7.1,강한매수,장대양봉,완만한상승,0.65,3.08,2026-09-01
BMNU,0.9,17.52,4863499,5612033,85.21,98.87,0.9,-7.9,-7.9,매도주의,장대음봉,잔구간,0.24,-1.155,2026-09-01
OCFC,0.9,18.53,892524,1032207,16.54,19.58,0.8,-0.2,-1.4,강한매도,장대음봉,전저점이탈,0.04,-3.3,2026-09-01
BOBS,0.9,16.3,544580,638204,8.88,10.6,0.8,-2.0,-1.2,매도주의,음봉,전저점이탈,0.26,-1.74,2026-09-01
CATX,0.9,3.1,705838,798374,2.19,3.16,0.7,0.0,-1.9,매도주의,장대음봉,잔구간,0.32,-1.11,2026-09-01
BZ,0.9,17.55,9546322,10830787,167.54,165.95,1.0,-0.4,1.5,중립,양봉,잔구간,0.76,0.505,2026-09-01
CADL,0.9,12.85,935641,1081677,12.02,16.59,0.7,-1.1,-0.6,중립,망치형,잔구간,0.57,0.54,2026-09-01
BTQ,0.9,2.99,2100430,2233766,6.28,7.01,0.9,-1.3,-0.3,중립,팽이도지,전저점이탈,0.65,-0.57,2026-09-01
SKHL,0.9,8.65,959717,1060211,8.3,12.52,0.7,-4.1,-0.8,중립,팽이도지,잔구간,0.42,-0.05,2026-09-01
NNDM,0.9,1.56,1396819,1473257,2.18,2.24,1.0,0.6,-1.3,중립,음봉,잔구간,0.29,-0.475,2026-09-01
MDXG,0.9,4.52,762366,866837,3.45,4.44,0.8,-0.2,-0.2,중립,팽이도지,잔구간,0.28,-0.13,2026-09-01
MSOS,0.9,4.93,3639196,3909734,17.94,22.77,0.8,-0.2,-0.2,중립,팽이도지,수횡파,0.34,0.41,2026-09-01
MSOX,0.9,2.98,1663227,1937711,4.96,5.4,0.9,-2.3,1.7,중립,위꼬리양봉,수횡파,0.39,-0.53,2026-09-01
MPLT,0.9,13.31,580665,633468,7.73,7.52,1.0,0.2,2.5,중립,팽이도지,전고점부근,0.61,-0.32,2026-09-01
NEXA,0.9,13.12,872433,989627,11.45,13.61,0.8,-2.7,-0.9,매도주의,위꼬리음봉,전저점부근,0.04,-1.3,2026-09-01
NEXT,0.9,7.62,2182570,2358431,16.63,17.87,0.9,1.7,-0.7,강한매수,망치형,완만한상승,0.84,2.31,2026-09-01
NB,0.9,4.0,2523096,2875726,10.09,13.76,0.7,-3.6,-1.0,강한매도,위꼬리음봉,전저점이탈,0.19,-2.62,2026-09-01
MVIS,0.9,1.72,896860,992987,1.54,3.58,0.4,-2.2,-2.8,중립,음봉,잔구간,0.37,-0.43,2026-09-01
SMJF,0.9,1.11,1930818,2260931,2.14,16.78,0.1,-0.9,5.7,매수관심,양봉,전저점부근,0.91,1.94,2026-09-01
SMMT,0.9,14.16,4703282,5131687,66.6,80.79,0.8,-1.8,5.8,강한매수,장대양봉,완만한상승,0.71,3.15,2026-09-01
OGN,0.9,13.76,3437123,3807605,47.29,46.11,1.0,-0.1,0.1,중립,위꼬리양봉,완만한상승,0.29,-0.35,2026-09-01
SGMT,0.9,10.5,752203,828496,7.9,10.51,0.8,-1.1,3.4,매수관심,장대양봉,잔구간,0.61,1.065,2026-09-01
SHC,0.9,18.68,1581640,1833586,29.55,41.31,0.7,-0.2,-1.0,매도주의,음봉,전저점이탈,0.53,-1.41,2026-09-01
SHLS,0.9,6.7,4001832,4549299,26.81,38.84,0.7,-3.3,0.1,강한매도,위꼬리양봉,전저점이탈,0.14,-2.18,2026-09-01
SBGI,0.9,13.86,343928,378482,4.77,5.17,0.9,-0.4,-1.3,중립,음봉,전저점부근,0.22,-0.29,2026-09-01
RZLT,0.9,4.5,1020714,1191150,4.59,8.25,0.6,-1.1,-3.0,매도주의,음봉,전저점이탈,0.25,-1.75,2026-09-01
SAIL,0.9,19.23,2853537,3078750,54.87,62.0,0.9,-1.5,-5.0,매도주의,장대음봉,잔구간,0.01,-1.295,2026-09-01
PDYN,0.9,5.43,689848,775588,3.75,4.6,0.8,-2.8,-2.2,강한매도,장대음봉,전저점이탈,0.12,-3.21,2026-09-01
CLF,0.9,11.54,10261927,12010455,118.42,193.18,0.6,-2.1,2.0,중립,양봉,잔구간,0.53,0.37,2026-09-01
CLM,0.9,6.57,2580038,2960490,16.95,17.9,0.9,-0.5,-0.9,중립,음봉,전저점부근,0.09,-0.44,2026-09-01
CHCT,0.9,14.89,321638,355554,4.79,6.63,0.7,-0.1,1.3,강한매수,장대양봉,수횡파,0.62,3.74,2026-09-01
CERS,0.9,2.61,1083876,1212130,2.83,4.57,0.6,-1.5,0.4,중립,팽이도지,잔구간,0.57,0.04,2026-09-01
CGNT,0.9,8.44,508945,574093,4.3,5.64,0.8,-2.4,-2.4,매도주의,장대음봉,잔구간,0.08,-1.25,2026-09-01
USAS,0.9,5.05,4293369,4657562,21.68,29.49,0.7,-5.0,-1.0,강한매도,위꼬리음봉,전저점이탈,0.09,-2.74,2026-09-01
USGG,0.9,6.32,466821,494670,2.95,3.28,0.9,-8.1,1.9,매도주의,위꼬리양봉,전저점이탈,0.35,-1.93,2026-09-01
MBGL,0.9,19.83,3485532,3697851,69.12,80.0,0.9,-0.9,-1.4,중립,음봉,잔구간,0.27,-0.49,2026-09-01
MBLY,0.9,8.36,2707493,3098613,22.63,32.85,0.7,-1.3,-0.7,매도주의,음봉,전저점이탈,0.56,-1.38,2026-09-01
UPXI,0.9,1.04,4588513,4852637,4.77,5.1,0.9,-2.8,-1.9,중립,음봉,잔구간,0.25,-0.5,2026-09-01
CORD,0.9,3.74,5479773,5842941,20.49,29.54,0.7,5.4,1.6,중립,위꼬리양봉,전고점돌파,0.38,0.36,2026-09-01
CMRC,0.9,2.36,863278,972073,2.04,2.94,0.7,-2.1,0.0,중립,팽이도지,잔구간,0.33,-0.1,2026-09-01
LYTS,0.9,19.62,436082,470336,8.56,12.59,0.7,-0.9,1.1,중립,양봉,잔구간,0.59,0.405,2026-09-01
LRMR,0.9,3.94,755350,823845,2.98,3.71,0.8,-1.0,4.2,매수관심,장대양봉,잔구간,0.94,1.265,2026-09-01
MNKD,0.9,3.98,2234752,2437403,8.89,12.99,0.7,-1.0,0.3,중립,팽이도지,잔구간,0.4,-0.06,2026-09-01
BBNX,0.9,19.07,564366,620426,10.76,20.31,0.5,-1.0,-3.4,중립,음봉,수횡파,0.11,-0.57,2026-09-01
BBWI,0.9,18.61,6331870,7228025,117.84,155.35,0.8,-2.5,-0.9,매도주의,위꼬리음봉,잔구간,0.23,-0.91,2026-09-01
BDJ,0.9,9.86,313724,367141,3.09,3.69,0.8,-0.1,-0.4,중립,음봉,잔구간,0.14,-0.565,2026-09-01
AVS,0.9,7.907,8653107,9250037,68.42,78.85,0.9,1.7,-1.3,중립,음봉,완만한상승,0.19,-0.17,2026-09-01
AVXL,0.9,2.87,826676,963725,2.37,2.85,0.8,-0.4,2.9,중립,양봉,잔구간,0.79,0.525,2026-09-01
AVXX,0.9,4.52,315403,369431,1.43,1.87,0.8,-3.1,-2.4,매도주의,음봉,전저점이탈,0.18,-1.83,2026-09-01
AURA,0.9,7.43,534540,580051,3.97,5.42,0.7,-1.0,4.5,매수관심,장대양봉,잔구간,0.79,1.175,2026-09-01
AVEX,0.9,16.89,953274,1100839,16.1,21.47,0.7,-1.6,-2.5,매도주의,음봉,전저점이탈,0.06,-1.98,2026-09-01
AVO,0.9,12.82,444196,514292,5.69,6.45,0.9,0.0,0.8,중립,양봉,잔구간,1.0,0.65,2026-09-01
VTRS,0.9,16.63,6527492,6933496,108.55,119.68,0.9,0.7,0.1,중립,팽이도지,완만한상승,0.3,0.66,2026-09-01
PAR,0.9,18.58,695390,753420,12.92,15.81,0.8,-1.5,0.4,중립,위꼬리양봉,잔구간,0.31,-0.615,2026-09-01
OVID,0.9,2.76,1294889,1421262,3.57,4.52,0.8,-0.7,4.2,강한매수,장대양봉,완만한상승,0.86,3.33,2026-09-01
OXSQ,0.9,1.34,1120647,1255932,1.5,1.89,0.8,0.7,-0.7,강한매수,망치형,전저점부근,0.6,2.87,2026-09-01
PACB,0.9,1.28,6036619,6411427,7.73,10.45,0.7,-1.8,-3.8,매도주의,장대음봉,잔구간,0.0,-1.3,2026-09-01
PLTD,0.9,5.07,23035784,25141754,116.79,145.86,0.8,2.5,1.2,강한매수,양봉,완만한상승,0.94,2.13,2026-09-01
LGCL,0.9,4.35,795441,843094,3.46,12.44,0.3,-17.7,20.5,중립,양봉,잔구간,0.52,0.36,2026-09-01
SPRY,0.9,5.77,1358006,1453548,7.84,9.19,0.9,1.3,-5.1,매도주의,장대음봉,잔구간,0.09,-1.245,2026-09-01
SPT,0.9,11.47,1422045,1544658,16.31,14.31,1.1,-1.7,2.5,강한매수,장대양봉,완만한상승,0.95,3.44,2026-09-01
SPCH,0.9,9.19,19247006,21081882,176.88,205.83,0.9,-2.9,0.5,중립,위꼬리양봉,잔구간,0.25,-0.65,2026-09-01
SPCQ,0.9,12.78,518973,604250,6.63,16.75,0.4,3.3,-1.3,중립,망치형,잔구간,0.73,0.64,2026-09-01
SPCU,0.9,12.25,1208844,1366197,14.81,20.22,0.7,-2.5,0.5,중립,위꼬리양봉,잔구간,0.24,-0.655,2026-09-01
SPAX,0.9,9.33,1296938,1399339,12.1,15.38,0.8,-2.4,0.5,중립,위꼬리양봉,잔구간,0.27,-0.64,2026-09-01
MAGN,0.9,12.31,325784,344858,4.01,4.56,0.9,-1.4,-0.6,중립,팽이도지,잔구간,0.27,-0.14,2026-09-01
MAT,0.9,14.59,2904870,3100722,42.38,46.32,0.9,-0.1,-2.3,매도주의,장대음봉,잔구간,0.12,-1.23,2026-09-01
KOPN,0.9,4.21,2803243,2981969,11.8,16.6,0.7,-4.3,-0.9,매도주의,음봉,전저점이탈,0.38,-1.59,2026-09-01
KEP,0.9,11.66,784264,897285,9.14,11.03,0.8,0.6,-0.1,중립,팽이도지,완만한상승,0.33,0.7,2026-09-01
KLAR,0.9,14.25,6273912,6888855,89.4,173.25,0.5,-2.0,-1.0,매도주의,위꼬리음봉,잔구간,0.17,-0.95,2026-09-01
JPC,0.9,7.37,1186406,1276993,8.74,9.61,0.9,-0.4,0.8,매수관심,장대양봉,잔구간,0.75,1.15,2026-09-01
CNNE,0.9,15.44,418047,452945,6.45,6.88,0.9,-1.3,0.3,중립,위꼬리양봉,잔구간,0.13,-0.72,2026-09-01
CMPS,0.9,13.24,1891540,2029023,25.04,32.46,0.8,-0.7,-1.3,중립,음봉,잔구간,0.32,-0.46,2026-09-01
CRWG,0.9,16.89,662647,750002,11.19,21.95,0.5,-6.3,-1.3,중립,망치형,전저점이탈,0.56,0.32,2026-09-01
CTKB,0.9,4.62,629427,723831,2.91,3.62,0.8,-0.1,-3.2,매도주의,장대음봉,잔구간,0.27,-1.14,2026-09-01
CURI,0.9,2.79,1173175,1258802,3.27,3.29,1.0,1.1,3.0,강한매수,양봉,완만한상승,0.93,2.12,2026-09-01
CRBU,0.9,1.55,756279,871229,1.17,1.6,0.7,-0.6,1.3,중립,위꼬리양봉,잔구간,0.43,-0.54,2026-09-01
CRCG,0.9,15.25,3022812,3213486,46.1,66.52,0.7,-7.3,-5.9,중립,음봉,잔구간,0.27,-0.49,2026-09-01
CRCT,0.9,5.85,637132,696966,3.73,4.67,0.8,-0.8,-0.1,중립,팽이도지,잔구간,0.58,0.05,2026-09-01
LILAK,0.9,8.47,915587,1045715,7.76,13.04,0.6,-0.1,-0.8,중립,음봉,잔구간,0.46,-0.375,2026-09-01
JFB,0.9,4.84,568174,637895,2.75,2.24,1.2,-1.1,3.0,매수관심,양봉,완만한상승,0.68,1.82,2026-09-01
ITRG,0.9,2.66,2096539,2444449,5.58,6.84,0.8,-3.2,-1.8,강한매도,위꼬리음봉,전저점이탈,0.1,-2.73,2026-09-01
IVA,0.9,4.77,840967,902529,4.01,3.45,1.2,-2.8,4.8,강한매수,장대양봉,완만한상승,0.86,3.33,2026-09-01
CRF,0.9,6.34,1818836,2074346,11.53,12.57,0.9,-0.5,-0.6,강한매도,장대음봉,전저점이탈,0.0,-3.35,2026-09-01
DCTH,0.9,16.4,360378,409871,5.91,7.52,0.8,0.1,-0.5,중립,망치형,잔구간,0.52,0.51,2026-09-01
DAKT,0.9,19.36,525131,574282,10.17,9.09,1.1,-0.8,-0.1,중립,팽이도지,잔구간,0.61,0.065,2026-09-01
INTR,0.9,5.59,3254430,3691818,18.19,22.11,0.8,0.2,3.1,매수관심,양봉,완만한상승,0.45,1.54,2026-09-01
INTW,0.9,18.14,2837059,3336973,51.46,68.65,0.7,-5.7,4.8,중립,양봉,잔구간,0.87,0.57,2026-09-01
PHAT,0.9,9.39,885492,943617,8.31,8.85,0.9,-0.2,-1.7,중립,음봉,잔구간,0.46,-0.375,2026-09-01
AMC,0.9,2.58,16076894,18231756,41.48,46.72,0.9,-1.1,-1.1,중립,음봉,잔구간,0.33,-0.45,2026-09-01
ALTO,0.9,4.02,1432445,1607180,5.76,6.48,0.9,-0.5,2.0,중립,양봉,잔구간,0.85,0.56,2026-09-01
ALVO,0.9,5.24,1029062,1109263,5.39,6.63,0.8,-2.1,3.1,강한매수,양봉,완만한상승,0.91,2.09,2026-09-01
ARVN,0.9,9.28,491140,531596,4.56,5.54,0.8,-0.7,1.5,중립,양봉,잔구간,0.92,0.6,2026-09-01
QDEL,0.9,13.75,892837,1013222,12.28,20.15,0.6,0.0,-4.7,강한매도,장대음봉,전저점이탈,0.15,-3.17,2026-09-01
SWBI,0.9,12.77,457275,532076,5.84,7.47,0.8,-0.2,0.6,매수관심,양봉스프링,잔구간,0.85,0.96,2026-09-01
SXC,0.9,10.21,1062044,1223564,10.84,11.91,0.9,0.0,-1.2,중립,음봉,잔구간,0.48,-0.36,2026-09-01
UAVS,0.9,1.04,1604244,1771729,1.67,2.09,0.8,-3.6,-3.7,중립,음봉,잔구간,0.25,-0.5,2026-09-01
TSHA,0.9,5.7,1763155,2066989,10.05,14.6,0.7,-0.8,1.0,중립,양봉,잔구간,0.67,0.45,2026-09-01
ECVT,0.9,10.1,1196663,1260386,12.09,13.75,0.9,-0.7,0.0,중립,팽이도지,잔구간,0.65,0.09,2026-09-01
DXC,0.9,11.16,1861500,2176372,20.77,26.12,0.8,-0.8,-0.4,중립,팽이도지,잔구간,0.37,-0.08,2026-09-01
SUPV,0.9,8.8,569078,645827,5.01,6.37,0.8,-1.7,2.4,매수관심,양봉,완만한상승,0.48,1.58,2026-09-01
STIM,0.9,2.84,780871,832786,2.22,2.86,0.8,-1.4,1.4,중립,팽이도지,잔구간,0.51,0.005,2026-09-01
STLA,0.9,5.35,19568486,21068560,104.69,117.47,0.9,-2.0,-0.6,중립,음봉,잔구간,0.4,-0.41,2026-09-01
STTK,0.9,6.87,639618,687181,4.39,5.8,0.8,-1.6,-0.4,중립,팽이도지,잔구간,0.37,-0.08,2026-09-01
SSG,0.9,12.76,390366,455125,4.98,6.16,0.8,3.7,-0.3,매수관심,팽이도지,완만한상승,0.45,0.84,2026-09-01
HLIT,0.9,11.72,1086486,1193812,12.73,16.99,0.7,-1.9,-0.3,매도주의,팽이도지,전저점이탈,0.38,-0.89,2026-09-01
EARN,0.9,4.31,355549,386698,1.53,1.9,0.8,-0.5,-0.9,강한매도,위꼬리음봉,전저점이탈,0.07,-2.77,2026-09-01
INDI,0.9,3.55,4220852,4463786,14.98,25.74,0.6,-3.4,-1.1,매도주의,음봉,전저점이탈,0.33,-1.65,2026-09-01
IMMX,0.9,14.01,1277411,1400773,17.9,23.25,0.8,-1.2,1.1,중립,팽이도지,잔구간,0.61,0.065,2026-09-01
IAG,0.9,19.29,4411199,5105215,85.09,123.06,0.7,-3.4,-2.3,강한매도,음봉,전저점이탈,0.04,-2.0,2026-09-01
GRND,0.9,15.53,982472,1155048,15.26,18.78,0.8,-0.6,0.9,매수관심,양봉,완만한상승,0.57,1.68,2026-09-01
ENVX,0.9,3.35,4386463,5118772,14.69,29.56,0.5,-2.4,1.5,중립,양봉,잔구간,0.79,0.525,2026-09-01
FLNC,0.9,10.42,4417759,5124387,46.03,66.65,0.7,-2.1,-1.5,매도주의,음봉,전저점이탈,0.25,-1.75,2026-09-01
EYE,0.9,16.69,2178954,2413077,36.37,38.89,0.9,-0.1,-2.2,매도주의,음봉,전저점이탈,0.06,-1.98,2026-09-01
FATE,0.9,2.43,1041342,1180690,2.53,3.26,0.8,-1.7,3.4,매수관심,양봉,완만한상승,0.66,1.79,2026-09-01
GPK,0.9,10.85,3605113,4015544,39.12,48.06,0.8,-0.6,-2.5,강한매도,장대음봉,전저점이탈,0.18,-3.13,2026-09-01
HTZ,0.9,2.24,15348480,17317368,34.38,42.18,0.8,-0.9,-0.4,중립,망치형,잔구간,0.8,0.68,2026-09-01
TNXP,0.9,13.98,498209,527805,6.96,6.69,1.0,-1.3,0.4,매수관심,양봉스프링,잔구간,0.81,0.935,2026-09-01
TIC,0.9,9.3,1144760,1273620,10.65,14.0,0.8,-1.5,-0.5,중립,팽이도지,잔구간,0.41,-0.055,2026-09-01
EXK,0.9,10.24,7928892,8539665,81.19,105.88,0.8,-4.6,0.2,강한매도,위꼬리양봉,전저점이탈,0.19,-2.12,2026-09-01
FRSH,0.9,13.46,3731887,4143831,50.23,62.57,0.8,-1.0,-2.3,중립,음봉,잔구간,0.1,-0.59,2026-09-01
FSCO,0.9,5.19,729990,809178,3.79,4.49,0.8,-0.2,0.4,중립,위꼬리양봉,완만한상승,0.38,-0.24,2026-09-01
FSK,0.9,12.27,1357726,1463159,16.66,18.44,0.9,-0.4,-0.7,중립,음봉,잔구간,0.37,-0.43,2026-09-01
FNB,0.9,17.87,2825271,3142551,50.49,58.7,0.9,-1.0,-1.0,매도주의,음봉,전저점이탈,0.18,-1.83,2026-09-01
GSIT,0.9,5.34,313286,352465,1.67,2.38,0.7,-2.2,-1.5,매도주의,음봉,전저점이탈,0.38,-1.59,2026-09-01
PSEC,0.9,2.21,3675888,4287774,8.12,9.57,0.8,-0.4,-2.6,강한매도,장대음봉,전저점이탈,0.0,-3.35,2026-09-01
AIIO,0.9,2.05,579480,615392,1.19,1.49,0.8,-3.2,-4.2,매도주의,장대음봉,잔구간,0.14,-1.215,2026-09-01
AGEN,0.9,7.99,676564,777550,5.41,8.98,0.6,-0.7,5.7,매수관심,장대양봉,잔구간,0.98,1.29,2026-09-01
ABX,0.9,9.21,368901,400141,3.4,4.15,0.8,-1.8,-2.3,매도주의,장대음봉,잔구간,0.16,-1.205,2026-09-01
RAMZ,0.9,17.69,492396,529848,8.71,15.65,0.6,5.1,1.0,중립,팽이도지,잔구간,0.74,0.145,2026-09-01
ALKT,0.9,19.44,990299,1074248,19.25,25.06,0.8,-1.4,-3.4,강한매도,장대음봉,전저점이탈,0.04,-3.3,2026-09-01
AIV,0.9,2.55,1299707,1384689,3.31,3.58,0.9,0.4,1.2,중립,양봉,잔구간,0.73,0.49,2026-09-01
AADX,0.9,12.55,1462893,1626975,18.36,25.58,0.7,-1.4,-3.6,강한매도,장대음봉,전저점이탈,0.02,-3.33,2026-09-01
AIRS,0.9,2.425,653648,759958,1.59,2.21,0.7,-1.6,-2.2,매도주의,음봉,전저점이탈,0.18,-1.83,2026-09-01
WB,0.9,6.8,1213238,1364358,8.25,12.27,0.7,0.0,-0.4,매도주의,음봉,전저점이탈,0.11,-1.92,2026-09-01
WOOF,0.9,2.58,1584450,1710084,4.09,4.28,1.0,0.8,-3.7,강한매도,장대음봉,전저점이탈,0.09,-3.24,2026-09-01
WLTH,0.8,8.86,964341,1167396,8.54,10.72,0.8,-1.4,-2.4,강한매도,장대음봉,전저점이탈,0.03,-3.31,2026-09-01
WDCX,0.8,17.47,891596,1130955,15.58,25.78,0.6,-3.9,3.6,중립,양봉,잔구간,0.57,0.39,2026-09-01
AAOZ,0.8,14.34,1024007,1277224,14.68,32.05,0.5,7.1,0.8,매수관심,팽이도지,완만한상승,0.46,0.85,2026-09-01
BHVN,0.8,15.74,2480253,3184157,39.04,64.95,0.6,0.8,2.3,중립,양봉,잔구간,0.74,0.495,2026-09-01
BITO,0.8,10.38,67068438,86905258,696.17,1027.32,0.7,-1.4,-1.0,중립,음봉,잔구간,0.38,-0.42,2026-09-01
BITU,0.8,13.3,3732672,4427978,49.64,92.21,0.5,-2.7,-1.6,중립,음봉,잔구간,0.43,-0.39,2026-09-01
VISN,0.8,6.22,8443292,10695096,52.52,109.31,0.5,-1.6,0.2,중립,팽이도지,잔구간,0.6,0.06,2026-09-01
BTDR,0.8,10.35,9620089,12270381,99.57,168.1,0.6,-2.0,-2.6,중립,음봉,잔구간,0.28,-0.48,2026-09-01
BETA,0.8,19.64,1648369,2021320,32.37,50.29,0.6,-2.4,0.2,중립,팽이도지,전저점부근,0.31,0.52,2026-09-01
BEZ,0.8,10.46,915872,1110773,9.58,11.15,0.9,4.3,-10.2,매도주의,장대음봉,잔구간,0.0,-1.3,2026-09-01
BZAI,0.8,0.457,2233997,2789966,1.02,1.98,0.5,-1.6,-4.9,매도주의,장대음봉,잔구간,0.11,-1.235,2026-09-01
BMNZ,0.8,6.69,3015200,3952109,20.17,23.37,0.9,8.0,7.7,매수관심,장대양봉,잔구간,0.82,1.19,2026-09-01
BSIN,0.8,1.51,668356,887697,1.01,1.41,0.7,0.7,-1.3,중립,음봉,잔구간,0.33,-0.45,2026-09-01
CGC,0.8,0.975,2417570,3102349,2.36,4.55,0.5,-0.5,-1.5,매도주의,음봉,전저점이탈,0.27,-1.73,2026-09-01
CIFG,0.8,3.32,877303,1147692,2.91,6.23,0.5,-6.1,-5.7,강한매도,장대음봉,전저점이탈,0.21,-3.1,2026-09-01
PAYP,0.8,14.99,359592,473673,5.39,8.6,0.6,0.0,-0.9,중립,음봉,잔구간,0.21,-0.525,2026-09-01
PAYS,0.8,12.395,633177,768770,7.85,10.24,0.8,-0.6,0.0,중립,팽이도지,잔구간,0.75,0.15,2026-09-01
SANA,0.8,3.83,1696810,2189160,6.5,10.68,0.6,-1.3,0.3,중립,팽이도지,잔구간,0.56,0.035,2026-09-01
SATL,0.8,4.6,3023839,3992533,13.91,22.17,0.6,-2.9,-2.7,매도주의,음봉,전저점이탈,0.09,-1.94,2026-09-01
PLG,0.8,1.43,1057600,1268690,1.51,2.31,0.7,-3.4,-0.7,강한매도,위꼬리음봉,전저점이탈,0.0,-2.85,2026-09-01
PLUG,0.8,2.09,46711844,57527935,97.63,123.84,0.8,-2.3,-0.9,매도주의,팽이도지,전저점이탈,0.33,-0.95,2026-09-01
PANL,0.8,8.07,301997,388981,2.44,3.12,0.8,-1.5,0.9,중립,양봉,잔구간,0.47,0.33,2026-09-01
PHR,0.8,11.84,506255,619944,5.99,10.04,0.6,-1.8,-1.3,중립,음봉,잔구간,0.16,-0.555,2026-09-01
PICS,0.8,10.74,693561,875568,7.45,7.28,1.0,-0.1,1.3,중립,팽이도지,잔구간,0.67,0.1,2026-09-01
RWAY,0.8,6.61,322104,428743,2.13,3.41,0.6,-0.4,-0.6,중립,음봉,잔구간,0.1,-0.59,2026-09-01
PTEN,0.8,12.79,7686234,9857604,98.31,93.03,1.1,0.9,0.3,매수관심,팽이도지,완만한상승,0.75,1.2,2026-09-01
UIS,0.8,2.59,424488,500968,1.1,1.66,0.7,-2.6,-1.5,중립,음봉,수횡파,0.14,-0.53,2026-09-01
CDZI,0.8,3.97,847198,1086424,3.36,4.02,0.8,-0.3,0.3,매수관심,팽이도지,완만한상승,0.65,1.08,2026-09-01
CLSX,0.8,9.72,360875,456642,3.51,6.24,0.6,-4.7,-4.8,매도주의,음봉,전저점이탈,0.31,-1.68,2026-09-01
COUR,0.8,6.18,3747366,4878502,23.16,26.95,0.9,-1.5,-3.7,매도주의,장대음봉,잔구간,0.07,-1.26,2026-09-01
DHT,0.8,19.69,2437469,2953222,47.99,66.7,0.7,0.3,0.2,중립,팽이도지,잔구간,0.51,0.005,2026-09-01
DLO,0.8,14.83,1550002,1948432,22.99,44.21,0.5,-1.5,1.5,중립,양봉,잔구간,0.67,0.45,2026-09-01
DNN,0.8,3.2,22914167,29102844,73.33,103.35,0.7,-2.9,-2.7,강한매도,장대음봉,전저점이탈,0.0,-3.35,2026-09-01
CRSR,0.8,11.62,1044974,1237533,12.14,16.93,0.7,-2.5,-1.9,중립,음봉,잔구간,0.16,-0.555,2026-09-01
CYCU,0.8,3.12,402247,473252,1.26,2.31,0.5,-4.1,-11.4,강한매도,장대음봉,전저점이탈,0.09,-3.24,2026-09-01
DQ,0.8,12.96,873622,1071131,11.32,16.26,0.7,0.1,0.5,중립,위꼬리양봉,완만한상승,0.17,-0.5,2026-09-01
EBS,0.8,6.22,972440,1204974,6.05,6.69,0.9,1.0,1.0,강한매수,양봉스프링,전고점돌파,0.78,3.34,2026-09-01
EGHT,0.8,1.84,1030897,1284971,1.9,2.4,0.8,0.0,-2.1,매도주의,음봉,전저점이탈,0.13,-1.89,2026-09-01
EOSE,0.8,3.04,13626386,17881174,41.42,79.85,0.5,-2.6,-3.0,강한매도,장대음봉,전저점이탈,0.19,-3.12,2026-09-01
EPM,0.8,3.69,404940,512071,1.49,3.64,0.4,1.6,-1.9,매도주의,장대음봉,잔구간,0.36,-1.085,2026-09-01
EROC,0.8,11.41,1288279,1701870,14.7,32.57,0.5,-2.7,-0.6,중립,망치형,전저점이탈,0.67,0.45,2026-09-01
ETHE,0.8,19.47,1906203,2315848,37.11,62.17,0.6,-1.6,-1.0,중립,음봉,잔구간,0.48,-0.36,2026-09-01
ETHT,0.8,16.27,1821138,2340584,29.63,46.75,0.6,-3.4,-2.2,중립,음봉,잔구간,0.44,-0.385,2026-09-01
FUBO,0.8,10.54,778597,988606,8.21,11.64,0.7,-2.8,3.0,매수관심,양봉,완만한상승,0.78,1.94,2026-09-01
EXFY,0.8,2.49,483264,580367,1.2,1.84,0.7,-0.8,-0.4,매도주의,팽이도지,전저점이탈,0.33,-0.95,2026-09-01
EYPT,0.8,4.58,3261201,4144635,14.94,34.82,0.4,-2.2,4.1,매수관심,장대양봉,잔구간,0.88,1.23,2026-09-01
FIGS,0.8,15.26,1758050,2267357,26.83,32.28,0.8,-0.6,0.1,매수관심,양봉스프링,잔구간,0.75,0.9,2026-09-01
GME.WS,0.8,2.41,570264,684264,1.37,1.81,0.8,4.3,-0.4,중립,팽이도지,완만한상승,0.33,0.7,2026-09-01
GOOS,0.8,8.08,616228,772076,4.98,7.09,0.7,-1.1,-0.9,중립,음봉,잔구간,0.05,-0.62,2026-09-01
FPEI,0.8,18.96,346727,426335,6.57,11.56,0.6,0.0,-0.2,강한매도,장대음봉,전저점이탈,0.18,-3.13,2026-09-01
SMWB,0.8,8.78,615779,747391,5.41,7.33,0.7,2.3,-7.6,매도주의,장대음봉,잔구간,0.13,-1.22,2026-09-01
NNBR,0.8,3.33,1052336,1307349,3.5,5.64,0.6,-2.0,-0.9,중립,음봉,전저점부근,0.27,-0.23,2026-09-01
SLNH,0.8,1.05,7187674,9106060,7.55,11.94,0.6,-3.7,1.0,강한매도,위꼬리양봉,전저점이탈,0.2,-2.11,2026-09-01
NVDQ,0.8,9.15,5558909,7142476,50.86,68.12,0.7,3.8,-0.8,매수관심,팽이도지,완만한상승,0.52,0.92,2026-09-01
NVTS,0.8,10.94,9939162,13155575,108.73,164.52,0.7,-4.2,-1.5,매도주의,음봉,전저점이탈,0.32,-1.67,2026-09-01
OABI,0.8,4.44,1156203,1370138,5.13,8.23,0.6,-0.7,2.1,매수관심,장대양봉,잔구간,0.92,1.25,2026-09-01
OIS,0.8,8.82,450917,530970,3.98,4.56,0.9,0.1,-0.1,매수관심,팽이도지,완만한상승,0.5,0.9,2026-09-01
OKLL,0.8,2.21,10284092,13306922,22.73,30.11,0.8,-6.1,-3.9,강한매도,장대음봉,전저점이탈,0.36,-2.92,2026-09-01
TLK,0.8,14.74,382935,478526,5.64,7.94,0.7,0.3,0.8,매수관심,양봉,완만한상승,0.49,1.59,2026-09-01
TME,0.8,8.29,8045831,9683864,66.7,110.88,0.6,-0.1,0.4,강한매수,양봉스프링,전저점부근,0.8,3.61,2026-09-01
GCTS,0.8,1.74,1344699,1645747,2.34,3.53,0.7,-1.7,-1.7,강한매도,장대음봉,전저점이탈,0.4,-2.87,2026-09-01
TCPC,0.8,4.08,478468,611475,1.95,2.92,0.7,-0.5,-1.4,매도주의,장대음봉,잔구간,0.25,-1.15,2026-09-01
TDAY,0.8,6.18,2054282,2536180,12.7,17.42,0.7,-0.2,-1.6,중립,음봉,잔구간,0.24,-0.505,2026-09-01
TE,0.8,4.28,16220991,21119123,69.43,94.91,0.7,-2.7,-1.2,중립,음봉,전저점부근,0.32,-0.17,2026-09-01
TENX,0.8,1.8,4298483,5711413,7.74,15.95,0.5,-2.7,0.6,중립,위꼬리양봉,잔구간,0.38,-0.57,2026-09-01
HDSN,0.8,5.14,470655,606260,2.42,4.2,0.6,-0.7,-3.0,강한매도,장대음봉,전저점이탈,0.0,-3.35,2026-09-01
HELP,0.8,11.6,1140718,1519595,13.23,20.44,0.6,0.0,-1.4,매도주의,위꼬리음봉,잔구간,0.15,-0.96,2026-09-01
HMY,0.8,19.23,4109325,5017568,79.02,100.16,0.8,-2.7,0.6,강한매도,위꼬리양봉,전저점이탈,0.26,-2.04,2026-09-01
HNRG,0.8,16.37,454583,569147,7.44,9.93,0.7,-0.9,-0.3,중립,팽이도지,잔구간,0.35,-0.09,2026-09-01
IGR,0.8,4.51,478289,612825,2.16,2.37,0.9,0.0,-1.1,강한매도,장대음봉,전저점이탈,0.17,-3.15,2026-09-01
IMRX,0.8,4.85,435184,524516,2.11,2.88,0.7,-1.8,-1.0,중립,음봉,전저점부근,0.07,-0.47,2026-09-01
IMTX,0.8,9.43,607115,760687,5.73,6.84,0.8,-1.6,0.5,중립,팽이도지,잔구간,0.54,0.025,2026-09-01
LZM,0.8,4.28,346183,439382,1.48,1.81,0.8,-3.5,-4.3,중립,음봉,잔구간,0.28,-0.48,2026-09-01
MASS,0.8,10.65,380582,482189,4.05,5.5,0.7,-1.0,0.9,중립,위꼬리양봉,잔구간,0.4,-0.56,2026-09-01
SOC,0.8,4.77,5815433,7018148,27.74,49.97,0.6,1.0,-2.3,중립,음봉,잔구간,0.31,-0.465,2026-09-01
MH,0.8,12.92,401411,478548,5.19,8.03,0.6,-0.3,-1.3,중립,음봉,잔구간,0.06,-0.615,2026-09-01
MIST,0.8,1.14,1019979,1280508,1.16,1.69,0.7,-1.7,0.0,중립,팽이도지,잔구간,0.62,0.07,2026-09-01
MITK,0.8,17.84,571162,672407,10.19,13.07,0.8,-2.1,-1.3,중립,음봉,잔구간,0.37,-0.43,2026-09-01
LUNR,0.8,14.72,4726435,5616551,69.57,120.54,0.6,-2.7,-1.5,매도주의,음봉,전저점이탈,0.24,-1.76,2026-09-01
MORT,0.8,9.65,761359,969172,7.35,8.09,0.9,-0.5,-0.6,매도주의,음봉,전저점이탈,0.14,-1.88,2026-09-01
MSDL,0.8,15.25,339760,418042,5.18,5.68,0.9,-0.1,-0.6,중립,음봉,잔구간,0.19,-0.535,2026-09-01
MSFD,0.8,10.27,1016870,1302968,10.44,12.36,0.8,1.9,-0.8,중립,음봉,잔구간,0.53,-0.33,2026-09-01
MSTX,0.8,13.21,9018896,10919106,119.14,145.66,0.8,-7.4,-5.4,중립,음봉,잔구간,0.2,-0.53,2026-09-01
MSTY,0.8,14.58,1681604,2166848,24.52,37.49,0.7,-2.9,-2.1,중립,음봉,잔구간,0.22,-0.52,2026-09-01
MBI,0.8,4.67,425306,565312,1.99,2.91,0.7,-0.4,-2.9,강한매도,장대음봉,전저점이탈,0.16,-3.16,2026-09-01
NBIL,0.8,19.76,2488725,2986398,49.18,96.47,0.5,-6.3,-0.5,중립,팽이도지,전저점이탈,0.6,-0.63,2026-09-01
NEO,0.8,17.45,1318286,1630776,23.0,32.2,0.7,-1.3,-1.2,중립,음봉,잔구간,0.12,-0.58,2026-09-01
NEWP,0.8,6.51,494280,598129,3.22,4.41,0.7,-4.1,0.2,중립,위꼬리양봉,전저점부근,0.27,-0.53,2026-09-01
NFGC,0.8,1.74,1251630,1527159,2.18,2.99,0.7,-2.6,-5.4,강한매도,장대음봉,전저점이탈,0.0,-3.35,2026-09-01
MNTS,0.8,4.07,442939,560710,1.8,3.04,0.6,-3.3,-1.0,중립,음봉,잔구간,0.15,-0.56,2026-09-01
STGW,0.8,8.56,686260,914374,5.87,9.66,0.6,-1.3,-0.1,중립,팽이도지,잔구간,0.67,0.1,2026-09-01
STLN,0.8,5.94,947280,1224050,5.63,7.81,0.7,0.0,0.5,중립,위꼬리양봉,잔구간,0.13,-0.72,2026-09-01
JBLU,0.8,4.47,17596971,22769559,78.66,111.09,0.7,-2.2,-0.7,강한매도,위꼬리음봉,전저점이탈,0.13,-2.69,2026-09-01
JBS,0.8,13.41,4022203,5069031,53.94,74.71,0.7,0.3,-0.5,매도주의,위꼬리음봉,잔구간,0.0,-1.05,2026-09-01
KSS,0.8,17.82,4689266,5842795,83.56,104.29,0.8,-2.2,2.3,매수관심,양봉,완만한상승,0.48,1.58,2026-09-01
KT,0.8,19.67,933298,1157330,18.36,25.63,0.7,0.6,-0.6,중립,음봉,잔구간,0.15,-0.56,2026-09-01
KULR,0.8,2.44,555021,721248,1.35,2.05,0.7,-1.2,-2.0,매도주의,음봉,전저점이탈,0.59,-1.34,2026-09-01
LBTYA,0.8,10.54,1542412,1991163,16.26,21.5,0.8,-0.4,-1.6,중립,음봉,수횡파,0.07,-0.62,2026-09-01
LBTYK,0.8,10.35,939309,1226427,9.72,13.0,0.7,-0.2,-1.1,매도주의,장대음봉,잔구간,0.12,-1.23,2026-09-01
AEBI,0.8,12.05,417495,515669,5.03,5.74,0.9,-1.3,-3.4,매도주의,장대음봉,수횡파,0.2,-1.76,2026-09-01
AIBZ,0.8,5.0,326775,410893,1.63,2.42,0.7,-1.2,-2.2,매도주의,음봉,전저점이탈,0.52,-1.43,2026-09-01
ALLO,0.8,1.985,4037910,4869417,8.02,10.28,0.8,-2.0,1.3,중립,양봉,잔구간,0.8,0.53,2026-09-01
WBTN,0.8,10.32,402167,506605,4.15,5.03,0.8,-2.3,0.2,매수관심,양봉스프링,잔구간,0.77,0.91,2026-09-01
ABCL,0.8,11.28,4251145,5448387,47.95,78.58,0.6,-2.1,0.4,중립,팽이도지,잔구간,0.49,-0.005,2026-09-01
ALT,0.8,3.09,2355221,2959105,7.28,13.17,0.6,-1.3,0.7,매수관심,양봉스프링,잔구간,0.93,1.01,2026-09-01
AMBP,0.8,5.06,1067182,1371749,5.4,7.8,0.7,0.0,-0.4,매도주의,위꼬리음봉,잔구간,0.0,-1.05,2026-09-01
ARHS,0.8,8.36,797071,957276,6.66,11.72,0.6,-1.1,-2.9,강한매도,장대음봉,전저점이탈,0.13,-3.19,2026-09-01
ARI,0.8,6.81,2042943,2561475,13.91,18.86,0.7,-0.9,-0.6,중립,음봉,잔구간,0.32,-0.46,2026-09-01
ARX,0.8,19.78,1488977,1921853,29.45,68.75,0.4,0.0,0.3,강한매수,장대양봉,전고점부근,1.0,2.15,2026-09-01
ASTL,0.8,4.13,752107,900173,3.11,8.31,0.4,-0.4,-1.4,중립,음봉,잔구간,0.57,-0.31,2026-09-01
VITL,0.8,10.21,1102270,1386571,11.25,14.25,0.8,-0.1,-4.3,매도주의,장대음봉,전저점부근,0.12,-1.71,2026-09-01
VMET,0.8,9.93,456283,604531,4.53,6.44,0.7,-1.5,-1.7,매도주의,음봉,전저점이탈,0.49,-1.46,2026-09-01
VNDA,0.8,5.42,584851,775805,3.17,4.26,0.7,-0.7,1.1,강한매수,양봉,완만한상승,0.87,2.04,2026-09-01
AVTX,0.8,18.95,606643,786512,11.5,16.79,0.7,-0.8,-1.3,매도주의,위꼬리음봉,잔구간,0.12,-0.98,2026-09-01
RIVN,0.8,15.535,16199425,20552724,251.66,378.99,0.7,-2.4,-0.9,매도주의,음봉,전저점이탈,0.34,-1.64,2026-09-01
RMNI,0.8,5.2,421372,526911,2.19,2.76,0.8,-1.4,-6.0,매도주의,장대음봉,잔구간,0.09,-1.245,2026-09-01
RNW,0.8,6.8,2329596,2826088,15.84,20.08,0.8,0.0,0.0,중립,팽이도지,완만한상승,0.33,0.7,2026-09-01
RC,0.8,1.69,879673,1058262,1.49,1.9,0.8,-0.6,-4.0,강한매도,장대음봉,전저점이탈,0.0,-3.35,2026-09-01
RDW,0.8,10.26,8161705,10291844,83.74,132.57,0.6,-2.6,-1.5,매도주의,음봉,전저점이탈,0.16,-1.86,2026-09-01
REPL,0.8,15.67,1778983,2228224,27.88,39.72,0.7,-0.4,2.8,중립,양봉,잔구간,0.95,0.62,2026-09-01
ZIP,0.8,4.13,1086413,1379486,4.49,5.96,0.8,-2.8,-0.2,매도주의,위꼬리음봉,잔구간,0.24,-0.905,2026-09-01
AAOG,0.8,2.33,1746416,2213419,4.07,9.57,0.4,-7.1,-1.3,중립,팽이도지,잔구간,0.49,-0.005,2026-09-01
ABEO,0.8,5.98,683833,881341,4.09,6.08,0.7,-0.9,3.1,매수관심,장대양봉,잔구간,0.93,1.26,2026-09-01
ACHR,0.8,5.56,20222870,25025620,112.44,169.77,0.7,-2.6,-1.2,매도주의,음봉,전저점이탈,0.46,-1.5,2026-09-01
ADAM,0.7,9.61,536413,725723,5.15,7.78,0.7,-1.1,-0.2,매도주의,팽이도지,전저점이탈,0.35,-0.93,2026-09-01
XRP,0.7,15.13,1869123,2648608,28.28,43.62,0.6,-1.7,-0.9,중립,음봉,전저점부근,0.37,-0.11,2026-09-01
XPEV,0.7,11.17,5363044,8126849,59.91,107.9,0.6,-0.5,-1.2,중립,음봉,잔구간,0.03,-0.63,2026-09-01
ADCT,0.7,1.24,1149641,1675505,1.43,2.17,0.7,-1.7,7.8,강한매수,장대양봉,전고점돌파,1.0,4.1,2026-09-01
LAR,0.7,6.63,1255600,1863558,8.32,13.22,0.6,-2.7,0.3,중립,팽이도지,잔구간,0.57,0.04,2026-09-01
SPCM,0.7,15.82,327696,463397,5.18,9.71,0.5,-2.5,0.7,중립,위꼬리양봉,잔구간,0.26,-0.645,2026-09-01
RR,0.7,1.815,6744534,9296867,12.24,13.31,0.9,-4.8,2.0,중립,양봉,잔구간,0.73,0.49,2026-09-01
AZ,0.7,6.05,401419,570457,2.43,4.53,0.5,-1.1,-4.1,강한매도,장대음봉,전저점이탈,0.16,-3.16,2026-09-01
ARCT,0.7,16.225,1368244,1915798,22.2,29.04,0.8,0.7,9.1,강한매수,장대양봉,완만한상승,0.69,3.13,2026-09-01
VTEX,0.7,3.61,524368,700980,1.89,2.41,0.8,-0.3,0.6,중립,위꼬리양봉,완만한상승,0.4,-0.22,2026-09-01
BABX,0.7,18.12,679079,1019410,12.3,31.77,0.4,-3.4,1.3,중립,양봉,전저점이탈,0.41,-0.16,2026-09-01
RCKT,0.7,3.73,948753,1431168,3.54,5.56,0.6,0.0,0.3,매수관심,팽이도지,완만한상승,0.43,0.82,2026-09-01
HYLN,0.7,3.42,1476060,2200573,5.05,8.18,0.6,-3.5,2.1,중립,양봉,잔구간,0.81,0.535,2026-09-01
SPCF,0.7,15.36,999044,1520543,15.35,29.2,0.5,-2.4,0.3,중립,위꼬리양봉,잔구간,0.24,-0.655,2026-09-01
NBIZ,0.7,7.97,4334416,5881751,34.55,81.99,0.4,5.9,0.5,매수관심,팽이도지,전고점돌파,0.42,1.4,2026-09-01
MEI,0.7,18.32,487239,694769,8.93,11.04,0.8,-2.2,2.7,강한매수,양봉,완만한상승,0.83,2.0,2026-09-01
MARA,0.7,10.23,30219341,45239870,309.14,626.93,0.5,-2.7,-2.4,매도주의,음봉,전저점이탈,0.17,-1.85,2026-09-01
MATV,0.7,12.05,388233,561647,4.68,7.37,0.6,-0.3,1.7,매수관심,장대양봉,잔구간,0.84,1.205,2026-09-01
SNAP,0.7,5.35,30725711,43166630,164.38,204.65,0.8,-2.0,-1.7,중립,음봉,잔구간,0.37,-0.43,2026-09-01
MLTX,0.7,15.13,662548,1009859,10.02,16.95,0.6,-0.4,0.9,매수관심,양봉,완만한상승,0.63,1.76,2026-09-01
AES,0.7,14.77,5605392,8162338,82.79,120.76,0.7,0.1,0.1,매수관심,양봉,완만한상승,0.5,1.6,2026-09-01
ALEC,0.7,2.4,482393,658511,1.16,3.27,0.4,-0.9,7.1,매수관심,장대양봉,잔구간,0.68,1.11,2026-09-01
AMPG,0.7,3.24,1102152,1539633,3.57,6.47,0.6,-2.4,-1.5,매도주의,음봉,전저점이탈,0.33,-1.65,2026-09-01
AQST,0.7,5.24,2168960,3011214,11.37,17.44,0.7,0.8,1.7,매수관심,양봉,완만한상승,0.58,1.7,2026-09-01
AUR,0.7,5.46,21761449,30671827,118.82,209.98,0.6,-2.0,-1.1,중립,음봉,전저점부근,0.12,-0.41,2026-09-01
ATEC,0.7,9.21,1050910,1491835,9.68,13.99,0.7,1.0,-2.6,중립,음봉,잔구간,0.14,-0.565,2026-09-01
ASTN,0.7,6.03,495106,718107,2.99,4.35,0.7,7.2,4.0,강한매수,양봉,전고점돌파,0.98,2.78,2026-09-01
ARMG,0.7,14.94,394723,560662,5.9,10.6,0.6,-6.5,0.5,강한매수,양봉스프링,전저점부근,0.78,3.59,2026-09-01
SOLZ,0.7,9.96,1474098,2071396,14.68,20.78,0.7,-1.6,-1.9,중립,음봉,잔구간,0.38,-0.42,2026-09-01
SSYS,0.7,7.585,559862,858364,4.25,8.39,0.5,-1.4,-0.7,매도주의,위꼬리음봉,전저점부근,0.13,-1.19,2026-09-01
SVRA,0.7,5.35,1042127,1562866,5.58,9.76,0.6,-1.3,0.6,중립,양봉,잔구간,0.52,0.36,2026-09-01
SUJA,0.7,10.43,641971,902885,6.7,8.13,0.8,-0.9,4.5,강한매수,장대양봉,전고점돌파,0.73,3.78,2026-09-01
IRE,0.7,7.86,5437119,7296241,42.74,75.58,0.6,-5.5,4.1,중립,양봉,잔구간,0.79,0.525,2026-09-01
INO,0.7,1.33,2630622,3664421,3.5,5.32,0.7,-0.8,5.6,강한매수,양봉,완만한상승,0.92,2.1,2026-09-01
JMIA,0.7,6.9,1209836,1750185,8.35,12.44,0.7,-2.5,2.7,매수관심,장대양봉,잔구간,0.68,1.11,2026-09-01
LOFF,0.7,15.4,1517935,2047798,23.38,31.69,0.7,-2.5,0.5,중립,위꼬리양봉,잔구간,0.24,-0.655,2026-09-01
HUYA,0.7,2.1,1086368,1587041,2.28,4.27,0.5,-0.5,-1.4,중립,음봉,잔구간,0.0,-0.65,2026-09-01
CIFR,0.7,14.61,20048359,30163815,292.91,581.87,0.5,-4.0,-1.8,매도주의,음봉,전저점이탈,0.22,-1.79,2026-09-01
CLBT,0.7,11.85,1772339,2488036,21.0,40.83,0.5,-1.0,-0.3,매도주의,위꼬리음봉,잔구간,0.24,-0.905,2026-09-01
CIFU,0.7,8.152,323710,465965,2.64,9.29,0.3,-8.3,-3.8,매도주의,음봉,전저점이탈,0.21,-1.8,2026-09-01
SBET,0.7,8.15,6529981,9054880,53.22,91.34,0.6,-3.9,-1.7,중립,음봉,잔구간,0.19,-0.535,2026-09-01
SGML,0.7,12.26,973897,1322221,11.94,17.59,0.7,-1.7,-1.3,중립,망치형,잔구간,0.52,0.51,2026-09-01
CELU,0.7,1.88,1622079,2303517,3.05,49.57,0.1,0.5,1.1,매수관심,팽이도지,완만한상승,0.47,0.86,2026-09-01
PAL,0.7,4.95,359197,480408,1.78,3.09,0.6,-1.2,-0.6,강한매도,위꼬리음봉,전저점이탈,0.2,-2.61,2026-09-01
BTCS,0.7,1.26,1872546,2793544,2.36,5.44,0.4,-2.9,-4.5,강한매도,장대음봉,전저점이탈,0.0,-3.35,2026-09-01
CRML,0.7,6.92,6789725,9157079,46.98,73.12,0.6,-4.7,0.7,중립,팽이도지,잔구간,0.4,-0.06,2026-09-01
CLVT,0.7,2.04,2831306,3960639,5.78,8.36,0.7,-1.0,0.5,중립,위꼬리양봉,잔구간,0.24,-0.655,2026-09-01
CRVS,0.7,14.27,460168,643395,6.57,9.63,0.7,-1.3,3.0,매수관심,장대양봉,잔구간,0.93,1.26,2026-09-01
USAR,0.7,17.26,9871878,14127936,170.39,243.24,0.7,-3.8,0.7,매도주의,위꼬리양봉,전저점이탈,0.36,-1.92,2026-09-01
SMCY,0.7,5.24,595736,880993,3.12,5.32,0.6,-1.9,0.8,중립,팽이도지,잔구간,0.66,0.095,2026-09-01
SMCX,0.7,11.6,3687893,5036418,42.78,65.02,0.7,-4.1,1.0,중립,팽이도지,잔구간,0.69,0.115,2026-09-01
SMCL,0.7,16.167,392944,530632,6.35,11.28,0.6,-5.0,2.1,중립,양봉,잔구간,0.71,0.475,2026-09-01
DV,0.7,13.36,1417248,2151841,18.93,32.36,0.6,-0.3,0.0,중립,팽이도지,잔구간,0.33,-0.1,2026-09-01
DSGN,0.7,15.14,476963,656248,7.22,9.74,0.7,-0.9,1.3,중립,양봉,잔구간,0.86,0.565,2026-09-01
DC,0.7,5.81,1006026,1385240,5.85,8.72,0.7,-3.0,-1.5,매도주의,음봉,전저점이탈,0.12,-1.91,2026-09-01
DAPP,0.7,18.59,375576,522838,6.98,14.14,0.5,-2.7,-2.2,강한매도,장대음봉,전저점이탈,0.19,-3.12,2026-09-01
ETHA,0.7,18.23,33312991,49375660,607.3,1051.46,0.6,-1.5,-1.1,중립,음봉,잔구간,0.46,-0.375,2026-09-01
GLUE,0.7,14.31,796289,1089885,11.39,16.35,0.7,-0.9,3.6,매수관심,장대양봉,잔구간,0.98,1.29,2026-09-01
GGN,0.7,5.56,412493,596621,2.29,3.58,0.6,-1.2,0.0,매도주의,팽이도지,전저점이탈,0.25,-1.05,2026-09-01
FDMT,0.7,14.35,707964,1010212,10.16,20.29,0.5,-1.2,2.9,중립,양봉,잔구간,0.52,0.36,2026-09-01
NTLA,0.7,12.685,2184155,3021554,27.71,46.34,0.6,-1.6,1.3,중립,양봉,잔구간,0.73,0.49,2026-09-01
SLS,0.7,13.22,5911666,8515067,78.15,125.04,0.6,-2.4,1.5,중립,양봉,잔구간,0.77,0.51,2026-09-01
OLN,0.7,17.13,2175639,3138094,37.27,52.55,0.7,-0.8,-0.8,중립,음봉,잔구간,0.34,-0.445,2026-09-01
OPTU,0.7,0.941,1652638,2447407,1.56,2.28,0.7,1.3,-4.5,중립,음봉,잔구간,0.25,-0.5,2026-09-01
OPFI,0.7,6.86,500453,667943,3.43,4.72,0.7,-0.3,-0.7,중립,음봉,잔구간,0.03,-0.63,2026-09-01
OCGN,0.7,1.33,2180897,3002082,2.9,5.0,0.6,0.0,0.0,강한매수,양봉스프링,완만한상승,0.8,2.76,2026-09-01
NRDS,0.7,9.78,378773,556930,3.7,6.02,0.6,-1.2,0.2,중립,팽이도지,잔구간,0.41,-0.055,2026-09-01
NPWR,0.7,1.75,580664,891424,1.02,2.07,0.5,-1.7,0.0,중립,팽이도지,잔구간,0.45,-0.03,2026-09-01
TMC,0.7,4.455,5973333,8431757,26.61,41.24,0.6,-2.9,-3.8,매도주의,장대음봉,잔구간,0.13,-1.22,2026-09-01
GDYN,0.7,7.85,704715,956946,5.53,9.38,0.6,-1.3,-0.4,중립,팽이도지,잔구간,0.53,0.02,2026-09-01
TGB,0.7,8.44,3788608,5638128,31.98,51.73,0.6,-3.3,-3.4,강한매도,장대음봉,전저점이탈,0.04,-3.3,2026-09-01
HNST,0.7,5.63,1874808,2874288,10.56,12.85,0.8,-1.7,0.2,중립,팽이도지,잔구간,0.58,0.05,2026-09-01
HIVE,0.7,2.64,12697967,17806353,33.52,76.54,0.4,-3.6,-1.5,매도주의,음봉,전저점이탈,0.22,-1.79,2026-09-01
HLLY,0.7,2.87,677670,919176,1.94,2.65,0.7,-1.4,1.8,중립,양봉,잔구간,0.52,0.36,2026-09-01
IEP,0.7,6.81,490892,670761,3.34,9.46,0.4,-0.3,0.4,매수관심,양봉,완만한상승,0.69,1.83,2026-09-01
IBRX,0.7,7.87,6465675,8713254,50.88,70.87,0.7,-1.6,0.6,중립,팽이도지,잔구간,0.54,0.025,2026-09-01
CCO,0.7,2.37,3850514,5835900,9.13,21.27,0.4,-0.4,0.4,강한매수,장대양봉,완만한상승,1.0,3.5,2026-09-01
RXRX,0.7,3.33,9996546,13445157,33.29,60.37,0.6,-1.8,-0.3,중립,팽이도지,잔구간,0.5,0.0,2026-09-01
PSQL,0.7,15.56,1876509,2848251,29.2,52.6,0.6,0.3,-10.3,중립,무참고,정보부족,,0.0,2026-09-01
PROK,0.7,1.85,695726,1054753,1.29,1.99,0.6,-1.6,-0.5,중립,팽이도지,잔구간,0.33,-0.1,2026-09-01
PUMP,0.7,11.35,2557864,3417781,29.03,33.98,0.9,0.4,-0.5,중립,팽이도지,잔구간,0.3,-0.12,2026-09-01
QBTX,0.7,5.86,1867654,2572099,10.94,16.48,0.7,-7.5,-0.3,중립,팽이도지,전저점부근,0.27,0.47,2026-09-01
QBTS,0.7,16.54,11874679,17663557,196.41,305.12,0.6,-3.8,-0.1,중립,팽이도지,전저점부근,0.3,0.51,2026-09-01
BRUN,0.7,16.82,1741421,2639046,29.29,43.93,0.7,-3.6,0.1,중립,팽이도지,잔구간,0.37,-0.08,2026-09-01
WEN,0.7,8.27,4712365,6708116,38.97,69.97,0.6,-1.7,1.4,중립,양봉,잔구간,0.35,0.26,2026-09-01
BKKT,0.7,7.26,909778,1301141,6.6,16.27,0.4,-3.3,-2.2,매도주의,음봉,전저점이탈,0.33,-1.65,2026-09-01
WRD,0.7,5.66,1325473,1959579,7.5,12.71,0.6,-1.0,-0.7,강한매도,위꼬리음봉,전저점이탈,0.15,-2.67,2026-09-01
AAOX,0.7,10.45,4429799,6061723,46.29,121.86,0.4,-6.8,-1.5,중립,팽이도지,잔구간,0.48,-0.01,2026-09-01
WYFI,0.7,17.5,2078431,2776738,36.37,92.79,0.4,-3.4,-4.2,매도주의,장대음봉,잔구간,0.25,-1.15,2026-09-01
BDN,0.7,2.99,1461602,2089399,4.37,5.0,0.9,-0.3,-0.7,매도주의,팽이도지,전저점이탈,0.25,-1.05,2026-09-01
QBTZ,0.7,4.1,1696826,2468116,6.96,12.52,0.6,7.2,0.0,중립,팽이도지,전고점부근,0.68,-0.23,2026-09-01
PMI,0.7,3.86,1598209,2180305,6.17,62.29,0.1,-2.6,-53.2,매도주의,장대음봉,잔구간,0.01,-1.295,2026-09-01
CMPX,0.7,2.31,1512903,2118341,3.49,5.78,0.6,-0.8,-2.5,중립,음봉,전저점부근,0.19,-0.32,2026-09-01
CONL,0.7,5.5,18674758,24946406,102.71,167.49,0.6,-6.9,-5.5,중립,음봉,전저점부근,0.16,-0.36,2026-09-01
COTY,0.7,2.84,5104679,6847808,14.5,24.55,0.6,-1.4,1.1,중립,양봉,잔구간,0.55,0.38,2026-09-01
DGXX,0.7,3.42,1542604,2237770,5.28,10.43,0.5,-2.2,-2.8,매도주의,음봉,전저점이탈,0.12,-1.91,2026-09-01
PURR,0.7,11.355,24313928,33943074,276.08,386.44,0.7,-4.2,-3.2,중립,음봉,잔구간,0.4,-0.41,2026-09-01
RUM,0.6,8.53,2676561,4675200,22.83,42.9,0.5,-3.0,-1.8,중립,음봉,잔구간,0.2,-0.53,2026-09-01
BITI,0.6,19.24,1097578,1787010,21.12,45.41,0.5,-0.4,0.6,중립,팽이도지,잔구간,0.56,0.035,2026-09-01
PGEN,0.6,6.86,2806113,4556367,19.25,38.26,0.5,-1.7,0.7,중립,위꼬리양봉,잔구간,0.3,-0.62,2026-09-01
HYPD,0.6,3.085,369095,668738,1.14,2.88,0.4,-5.0,-5.1,강한매도,장대음봉,전저점이탈,0.04,-3.3,2026-09-01
BITX,0.6,17.17,9127472,14927488,156.72,293.45,0.5,-2.8,-1.5,중립,음봉,잔구간,0.43,-0.39,2026-09-01
BEKE,0.6,17.74,3157244,4966460,56.01,104.08,0.5,2.2,1.0,중립,양봉,잔구간,0.54,0.375,2026-09-01
BV,0.6,11.1,517265,806908,5.74,8.84,0.6,-0.6,0.5,중립,양봉,잔구간,0.45,0.32,2026-09-01
SUPX,0.6,8.07,401125,696037,3.24,5.71,0.6,-2.3,-11.0,매도주의,장대음봉,잔구간,0.34,-1.095,2026-09-01
LTRX,0.6,5.15,1221579,2077510,6.29,8.19,0.8,-1.9,-1.0,강한매도,위꼬리음봉,전저점이탈,0.18,-2.63,2026-09-01
MAX,0.6,12.3,357527,632235,4.4,7.61,0.6,-1.2,-1.4,중립,음봉,잔구간,0.21,-0.525,2026-09-01
LYNX,0.6,13.72,306729,502477,4.21,30.24,0.1,-1.0,2.1,중립,양봉,잔구간,0.7,0.47,2026-09-01
YMAG,0.6,11.17,922296,1463983,10.3,13.39,0.8,-1.0,0.4,중립,팽이도지,잔구간,0.73,0.14,2026-09-01
ACB,0.6,4.05,881508,1375832,3.57,5.17,0.7,-0.5,0.5,매수관심,팽이도지,완만한상승,0.56,0.97,2026-09-01
ABUS,0.6,5.09,2610125,4682873,13.29,34.96,0.4,-0.6,0.8,매수관심,장대양봉,잔구간,0.8,1.18,2026-09-01
XRPZ,0.6,14.72,513183,798955,7.55,12.3,0.6,-1.4,-1.0,중립,음봉,전저점부근,0.38,-0.09,2026-09-01
ZURA,0.6,5.65,1104980,1847786,6.24,12.54,0.5,-0.4,2.4,중립,양봉,잔구간,0.9,0.59,2026-09-01
XXI,0.6,5.79,806851,1245937,4.67,10.46,0.4,-2.3,-3.2,강한매도,음봉,전저점이탈,0.03,-2.01,2026-09-01
LXEO,0.6,4.7,420477,676782,1.98,3.82,0.5,-1.3,0.0,중립,팽이도지,잔구간,0.66,0.095,2026-09-01
PRQR,0.6,2.12,569343,1002851,1.21,2.87,0.4,0.0,-0.5,강한매수,망치형,전저점부근,0.63,2.91,2026-09-01
COHH,0.6,5.28,501288,775457,2.65,6.34,0.4,-5.4,1.3,중립,팽이도지,잔구간,0.69,0.115,2026-09-01
USDE,0.6,8.36,4911094,8008388,41.06,119.26,0.3,-8.1,2.6,중립,팽이도지,잔구간,0.51,0.005,2026-09-01
CLSK,0.6,11.06,11974670,18758529,132.44,242.58,0.5,-2.6,-2.3,매도주의,음봉,전저점이탈,0.22,-1.79,2026-09-01
CRON,0.6,3.38,1116237,1818989,3.77,5.23,0.7,-0.9,1.2,매수관심,양봉,완만한상승,0.56,1.67,2026-09-01
VERI,0.6,0.785,1727680,2753782,1.36,5.45,0.2,-1.2,0.1,중립,팽이도지,잔구간,0.45,-0.03,2026-09-01
VFF,0.6,2.84,576306,974590,1.64,2.53,0.6,-1.7,0.4,중립,위꼬리양봉,잔구간,0.24,-0.655,2026-09-01
IREG,0.6,6.41,714569,1215199,4.58,8.08,0.6,-5.8,4.4,중립,양봉,잔구간,0.81,0.535,2026-09-01
MNTN,0.6,12.39,531217,884540,6.58,12.53,0.5,-2.1,-3.8,매도주의,장대음봉,전저점부근,0.03,-1.81,2026-09-01
LASE,0.6,1.41,737613,1262119,1.04,2.31,0.4,-2.1,0.0,매수관심,양봉스프링,잔구간,1.0,1.05,2026-09-01
IOVA,0.6,8.28,6760744,11005096,55.98,142.3,0.4,-1.8,3.2,강한매수,장대양봉,완만한상승,0.97,3.46,2026-09-01
QS,0.6,5.47,11030716,17716502,60.34,108.81,0.6,-2.3,0.2,중립,팽이도지,전저점이탈,0.67,-0.55,2026-09-01
QSI,0.6,0.757,1504027,2540284,1.14,2.5,0.5,-2.1,1.0,중립,위꼬리양봉,잔구간,0.28,-0.63,2026-09-01
SPCG,0.6,17.75,587619,943515,10.43,29.47,0.4,2.5,-0.4,중립,망치형,잔구간,0.77,0.66,2026-09-01
AVAH,0.6,13.46,2053584,3308648,27.64,53.23,0.5,-0.3,0.6,매수관심,팽이도지,완만한상승,0.69,1.13,2026-09-01
RLAY,0.6,18.49,1598442,2753564,29.56,53.58,0.6,-1.3,1.9,중립,양봉,잔구간,0.74,0.495,2026-09-01
REAX,0.6,18.07,1013457,1764632,18.31,31.96,0.6,-1.5,-3.4,강한매도,장대음봉,전저점이탈,0.3,-2.99,2026-09-01
AREC,0.6,2.31,987228,1573012,2.28,4.72,0.5,-1.3,-0.9,중립,망치형,전저점이탈,0.57,0.33,2026-09-01
SUZ,0.6,8.86,2113661,3326373,18.73,38.07,0.5,1.3,0.3,중립,팽이도지,잔구간,0.43,-0.04,2026-09-01
KEEL,0.6,3.07,22713928,37495787,69.73,145.8,0.5,-3.5,1.0,중립,위꼬리양봉,전저점부근,0.4,-0.37,2026-09-01
KURA,0.6,12.89,1513390,2533485,19.51,37.15,0.5,-0.9,2.8,강한매수,장대양봉,완만한상승,0.87,3.34,2026-09-01
ORIC,0.6,12.89,646365,1116948,8.33,15.02,0.6,-1.3,0.5,중립,위꼬리양봉,잔구간,0.41,-0.555,2026-09-01
ORBS,0.6,0.761,6483392,11128490,4.93,12.62,0.4,-2.0,1.4,중립,팽이도지,잔구간,0.5,0.0,2026-09-01
INFQ,0.6,12.69,5732717,8822486,72.75,120.45,0.6,-3.0,0.1,중립,팽이도지,잔구간,0.36,-0.085,2026-09-01
OMAH,0.6,18.15,712285,1181364,12.93,21.02,0.6,-0.1,-0.1,매도주의,위꼬리음봉,잔구간,0.13,-0.97,2026-09-01
BULL,0.6,9.13,10517823,19034365,96.03,221.82,0.4,-1.8,-1.9,중립,음봉,잔구간,0.38,-0.42,2026-09-01
BPRE,0.6,12.02,693102,1121671,8.33,11.5,0.7,-0.4,-0.7,매도주의,위꼬리음봉,잔구간,0.13,-0.97,2026-09-01
CAN,0.6,0.318,16021437,28520620,5.09,12.3,0.4,-4.6,-8.8,매도주의,장대음봉,잔구간,0.19,-1.185,2026-09-01
TIGR,0.6,4.88,1586731,2834954,7.74,15.93,0.5,-1.4,-1.8,매도주의,음봉,전저점이탈,0.12,-1.91,2026-09-01
DFDV,0.6,5.16,1545293,2439010,7.97,10.34,0.8,-6.7,2.8,중립,양봉,잔구간,0.58,0.4,2026-09-01
TH,0.6,18.07,890173,1523744,16.09,24.75,0.7,-0.4,-2.1,중립,음봉,잔구간,0.35,-0.44,2026-09-01
HUN,0.6,9.39,1667391,2601009,15.66,21.69,0.7,-1.3,-0.7,중립,음봉,잔구간,0.22,-0.52,2026-09-01
GSOL,0.6,7.6,2684454,4158586,20.4,27.15,0.8,-1.8,-1.6,중립,음봉,잔구간,0.43,-0.39,2026-09-01
SKHX,0.6,13.36,1168154,1843555,15.61,34.44,0.5,-3.8,-1.2,중립,팽이도지,잔구간,0.38,-0.07,2026-09-01
FSOL,0.6,11.87,337782,602829,4.01,6.32,0.6,-1.6,-1.8,중립,음봉,잔구간,0.41,-0.405,2026-09-01
GEMI,0.6,4.16,1668936,2904283,6.94,16.66,0.4,-4.2,-3.5,중립,음봉,잔구간,0.29,-0.475,2026-09-01
CYPH,0.6,1.71,5676686,9647001,9.71,20.41,0.5,-4.7,-1.7,중립,팽이도지,잔구간,0.41,-0.055,2026-09-01
SMU,0.6,6.05,1082562,1753973,6.55,9.73,0.7,-6.7,6.1,중립,양봉,잔구간,0.83,0.55,2026-09-01
TRVI,0.6,16.57,945060,1551858,15.66,28.2,0.6,-1.2,1.0,중립,양봉,잔구간,0.61,0.415,2026-09-01
QFIN,0.6,8.38,2947002,4705194,24.7,46.32,0.5,-0.1,-3.1,강한매도,장대음봉,전저점이탈,0.07,-3.27,2026-09-01
SAN,0.6,14.38,8677538,14011852,124.78,370.41,0.3,-0.2,-1.0,매도주의,음봉,전저점이탈,0.09,-1.94,2026-09-01
NVTX,0.5,14.46,330337,695953,4.78,12.11,0.4,-7.8,-3.6,매도주의,음봉,전저점이탈,0.28,-1.71,2026-09-01
GRRR,0.5,14.09,773069,1423319,10.89,19.28,0.6,-1.9,-4.5,매도주의,장대음봉,잔구간,0.12,-1.23,2026-09-01
GORO,0.5,3.58,944980,2005341,3.38,6.19,0.5,-1.4,-1.6,중립,음봉,잔구간,0.33,-0.45,2026-09-01
CRMG,0.5,10.13,2160516,4761833,21.89,34.83,0.6,-2.0,2.3,매수관심,양봉,완만한상승,0.47,1.56,2026-09-01
KC,0.5,10.24,803618,1566948,8.23,19.71,0.4,0.2,-0.2,매도주의,위꼬리음봉,전저점부근,0.12,-1.21,2026-09-01
AIAI,0.5,3.48,346097,670307,1.2,10.85,0.1,-1.3,-5.4,매도주의,음봉,전저점이탈,0.29,-1.7,2026-09-01
NCPL,0.5,0.792,30258379,65962129,23.96,44.61,0.5,16.0,-4.6,중립,팽이도지,완만한상승,0.32,0.68,2026-09-01
MNRO,0.5,12.43,530866,1079521,6.6,15.88,0.4,-1.4,1.2,중립,팽이도지,잔구간,0.49,-0.005,2026-09-01
ANNX,0.5,4.89,1472605,2689330,7.2,12.66,0.6,0.4,-1.4,중립,음봉,잔구간,0.27,-0.49,2026-09-01
RERE,0.5,4.14,635340,1305409,2.63,6.79,0.4,-1.2,1.7,매수관심,양봉,완만한상승,0.67,1.8,2026-09-01
RKLZ,0.5,4.381,1248506,2631727,5.47,14.48,0.4,4.0,-0.9,중립,망치형,전고점부근,0.68,0.77,2026-09-01
RGNX,0.5,9.32,783801,1683230,7.31,15.32,0.5,-1.3,-0.6,매도주의,위꼬리음봉,잔구간,0.12,-0.98,2026-09-01
ABTC,0.5,7.71,991532,1933620,7.64,17.26,0.4,-2.0,-2.5,중립,음봉,잔구간,0.4,-0.41,2026-09-01
MRVI,0.5,7.3,2698378,5551801,19.7,57.85,0.3,-0.8,-3.7,강한매도,장대음봉,전저점이탈,0.06,-3.28,2026-09-01
IFRX,0.5,2.16,475080,1008187,1.03,2.52,0.4,-0.5,1.9,중립,위꼬리양봉,잔구간,0.39,-0.565,2026-09-01
ONT,0.5,16.54,356195,653142,5.89,11.7,0.5,1.0,-2.1,매도주의,장대음봉,잔구간,0.13,-1.22,2026-09-01
CAPR,0.5,10.01,6308555,12041339,63.15,84.84,0.7,8.7,-7.1,매도주의,장대음봉,완만한상승,0.14,-1.53,2026-09-01
BSOL,0.5,13.71,3108312,5891875,42.61,68.8,0.6,-1.6,-1.9,중립,음봉,잔구간,0.38,-0.42,2026-09-01
FFAI,0.5,2.11,509472,1052462,1.07,2.92,0.4,-2.7,-4.1,강한매도,장대음봉,전저점이탈,0.07,-3.27,2026-09-01
SKHZ,0.5,11.37,613930,1331750,6.98,22.41,0.3,1.8,0.4,매수관심,팽이도지,완만한상승,0.61,1.03,2026-09-01
BIVI,0.5,2.24,486559,976175,1.09,21.2,0.1,0.9,-2.6,매도주의,위꼬리음봉,잔구간,0.22,-0.92,2026-09-01
PONY,0.5,7.02,2361562,4662014,16.58,37.69,0.4,-1.3,0.3,강한매도,위꼬리양봉,전저점이탈,0.1,-2.23,2026-09-01
DFNS,0.5,10.08,857969,1668345,8.65,26.8,0.3,-9.1,-6.2,매도주의,음봉,전저점이탈,0.4,-1.57,2026-09-01
PALI,0.5,1.96,879447,1632159,1.72,3.4,0.5,0.5,0.0,중립,팽이도지,잔구간,0.69,0.115,2026-09-01
FUTG,0.5,4.78,782599,1627416,3.74,10.12,0.4,-3.6,-1.0,매도주의,위꼬리음봉,잔구간,0.12,-0.98,2026-09-01
EMAT,0.5,3.52,671717,1345630,2.36,5.47,0.4,-4.8,-4.3,중립,음봉,잔구간,0.48,-0.36,2026-09-01
EOLS,0.5,9.08,594023,1257583,5.39,9.49,0.6,-0.6,0.4,매수관심,양봉스프링,잔구간,0.77,0.91,2026-09-01
DSX,0.5,2.75,461803,957627,1.27,2.75,0.5,0.4,0.4,매수관심,팽이도지,완만한상승,0.71,1.15,2026-09-01
NRXP,0.5,3.44,392760,795774,1.35,2.65,0.5,-0.9,-0.3,매도주의,위꼬리음봉,수횡파,0.22,-1.24,2026-09-01
NVDX,0.5,19.03,3671732,7729399,69.87,129.6,0.5,-3.3,0.7,중립,팽이도지,잔구간,0.46,-0.025,2026-09-01
RGTZ,0.4,3.71,1854314,4349776,6.88,15.48,0.4,8.2,0.3,매수관심,팽이도지,전고점돌파,0.58,1.6,2026-09-01
XOS,0.4,3.1,417660,944630,1.29,59.91,0.0,0.0,-1.6,매도주의,위꼬리음봉,전저점부근,0.16,-1.16,2026-09-01
OTLK,0.4,0.623,3579939,8174136,2.23,9.39,0.2,-0.5,-1.1,중립,음봉,잔구간,0.33,-0.45,2026-09-01
EDIT,0.4,3.07,1227016,2807450,3.77,11.17,0.3,-2.0,2.3,중립,양봉,잔구간,0.51,0.355,2026-09-01
FWDI,0.4,6.21,1449325,3324796,9.0,14.85,0.6,-3.2,1.1,중립,팽이도지,잔구간,0.52,0.01,2026-09-01
SMR,0.4,9.21,17599058,42054203,162.09,361.63,0.4,-4.0,3.5,중립,양봉,잔구간,0.81,0.535,2026-09-01
GENB,0.4,15.79,1048822,2680240,16.56,36.86,0.4,-1.0,4.4,매수관심,장대양봉,잔구간,0.8,1.18,2026-09-01
SMCZ,0.4,3.28,1743730,3941543,5.72,12.53,0.5,5.1,-1.2,중립,팽이도지,완만한상승,0.36,0.73,2026-09-01
GRML,0.4,4.65,427378,1089835,1.99,7.59,0.3,-1.2,-2.9,중립,음봉,잔구간,0.33,-0.45,2026-09-01
OGG,0.4,2.85,867978,2219124,2.47,8.24,0.3,-2.3,-2.4,매도주의,음봉,전저점이탈,0.08,-1.95,2026-09-01
XHLD,0.4,9.42,1591441,4160882,14.99,22.96,0.7,-2.0,5.7,강한매수,장대양봉,완만한상승,0.78,3.24,2026-09-01
BTBT,0.4,1.34,14169716,33016048,18.99,58.12,0.3,-3.5,-2.9,강한매도,장대음봉,전저점이탈,0.0,-3.35,2026-09-01
UTZ,0.4,14.21,1026383,2839860,14.58,35.0,0.4,0.1,-0.1,중립,음봉,완만한상승,0.5,0.2,2026-09-01
SECZ,0.4,6.25,644810,1571432,4.03,12.68,0.3,-2.0,-1.3,매도주의,위꼬리음봉,잔구간,0.1,-0.99,2026-09-01
IONZ,0.3,3.04,3539939,10571183,10.76,31.29,0.3,7.4,-0.3,강한매수,망치형,전고점돌파,0.82,2.88,2026-09-01
BAK,0.3,1.65,1469809,4242584,2.43,6.54,0.4,-1.2,-1.8,중립,음봉,잔구간,0.12,-0.58,2026-09-01
DAIC,0.3,3.55,11312671,33879320,40.16,111.84,0.4,-6.9,9.6,중립,위꼬리양봉,완만한상승,0.2,-0.46,2026-09-01
BTCT,0.2,1.75,2570941,13985705,4.5,81.92,0.1,-10.7,-6.4,매도주의,장대음봉,잔구간,0.0,-1.3,2026-09-01
