ticker,ratio,latest_close,latest_volume,baseline_volume,dollar_volume_M,avg_dollar_vol_10d_M,dollar_surge_x,signal_gap_%,intraday_chg_%,candle_signal,candle_shape,candle_pos,close_pos,candle_score,latest_date
CHGA,647.9,2.4,32559242,50256,78.14,0.13,596.2,3.6,18.2,강한매도,위꼬리양봉,전고점부근,0.3,-2.69,2026-09-30
AEON,242.0,0.3,116174743,480097,34.85,0.23,151.5,23.8,-6.4,매수관심,팽이도지,전고점돌파,0.34,1.31,2026-09-30
TNON,164.5,4.09,53280784,323940,217.92,2.82,77.3,2.6,46.1,중립,양봉,전고점부근,0.59,0.36,2026-09-30
LIQT,156.7,0.53,8642324,55144,4.58,0.09,53.7,6.5,13.0,중립,위꼬리양봉,잔구간,0.48,-0.51,2026-09-30
CNTB,125.8,1.1,165632579,1316904,182.2,1.9,95.9,90.5,-41.8,매도주의,장대음봉,잔구간,0.04,-1.275,2026-09-30
PWCM,118.1,1.13,7553399,63939,8.54,0.15,58.1,7.4,6.6,중립,팽이도지,잔구간,0.42,-0.05,2026-09-30
VBIO,80.7,2.8,52286766,648239,146.4,4.96,29.5,41.3,-30.0,매도주의,장대음봉,잔구간,0.15,-1.21,2026-09-30
EVGN,69.9,0.397,9991224,142851,3.97,2.51,1.6,-4.9,1.8,중립,팽이도지,잔구간,0.64,0.085,2026-09-30
KALA,62.5,0.429,29433935,470799,12.64,2.03,6.2,4.4,-18.3,매도주의,장대음봉,잔구간,0.15,-1.21,2026-09-30
GOW,55.5,3.18,21301091,383993,67.74,0.74,91.4,-5.5,86.0,중립,무참고,정보부족,,0.0,2026-09-30
BTTC,49.5,0.52,65656234,1325440,34.14,36.16,0.9,13.1,-0.7,매도주의,위꼬리음봉,잔구간,0.18,-0.94,2026-09-30
SLND,41.6,0.66,3764967,90420,2.48,17.56,0.1,-10.1,6.5,중립,양봉,잔구간,1.0,0.65,2026-09-30
SOAR,32.6,0.332,74461181,2286920,24.73,40.19,0.6,-5.1,-10.2,중립,음봉,잔구간,0.0,-0.65,2026-09-30
RFL,29.3,1.32,2292401,78322,3.03,0.3,10.2,-23.4,-15.1,강한매도,장대음봉,전저점이탈,0.34,-2.94,2026-09-30
HCTI,26.1,0.718,24748383,946642,17.76,5.4,3.3,-0.8,9.3,중립,위꼬리양봉,전저점부근,0.24,-0.56,2026-09-30
AIB,25.9,1.33,28014827,1082219,37.26,1.84,20.3,-15.2,-8.3,중립,음봉,잔구간,0.4,-0.41,2026-09-30
DXST,22.9,2.5,1154809,50375,2.89,13.05,0.2,-28.0,14.2,중립,양봉,잔구간,0.82,0.54,2026-09-30
AMSS,22.6,0.474,4027642,177908,1.91,0.12,16.2,9.8,-2.1,매도주의,위꼬리음봉,잔구간,0.19,-0.935,2026-09-30
FLGV,21.8,19.43,6436302,294583,125.06,5.29,23.6,0.0,-0.2,중립,음봉,잔구간,0.33,-0.45,2026-09-30
NAUT,19.8,1.42,12786321,644252,18.16,4.15,4.4,7.0,-2.7,강한매수,망치형,완만한상승,0.65,2.08,2026-09-30
PARA,18.3,0.649,3010934,164877,1.95,1.0,1.9,-1.5,-4.0,중립,음봉,전저점부근,0.29,-0.2,2026-09-30
PYXS,17.8,2.33,8149518,456969,18.99,1.7,11.2,-18.1,-1.9,중립,망치형,전저점이탈,0.72,0.51,2026-09-30
TARA,14.5,3.05,8824867,607456,26.92,4.69,5.7,0.6,-5.6,매도주의,음봉,전저점이탈,0.22,-1.79,2026-09-30
NCI,13.0,1.26,17838344,1368243,22.48,12.95,1.7,41.3,-29.2,중립,음봉,전저점부근,0.18,-0.33,2026-09-30
BKYI,12.5,2.8,2195998,175583,6.15,53.18,0.1,-8.7,-1.8,중립,팽이도지,잔구간,0.25,-0.15,2026-09-30
TIPX,11.9,18.21,3442756,288753,62.69,5.68,11.0,0.2,-0.1,중립,음봉,잔구간,0.5,-0.35,2026-09-30
SSTI,11.1,8.31,574498,51804,4.77,4.53,1.1,0.0,1.2,중립,위꼬리양봉,완만한상승,0.18,-0.48,2026-09-30
MUX,11.0,17.85,8921683,813884,159.25,20.98,7.6,1.1,-1.8,중립,음봉,잔구간,0.19,-0.535,2026-09-30
XRPN,10.4,16.4,2732728,261891,44.82,8.39,5.3,7.4,18.3,강한매수,장대양봉,완만한상승,0.82,3.28,2026-09-30
EQ,10.4,1.625,3104244,298514,5.04,1.34,3.8,0.6,-0.3,중립,팽이도지,잔구간,0.6,0.06,2026-09-30
KIDZ,9.7,2.44,1318987,135559,3.22,3.25,1.0,-2.7,-1.6,중립,망치형,잔구간,0.62,0.57,2026-09-30
VIOT,9.1,1.7,1472472,161878,2.5,0.68,3.7,3.4,11.8,중립,양봉,전고점부근,0.53,0.29,2026-09-30
CVRX,9.1,1.75,4274894,472202,7.48,1.37,5.5,0.0,-33.5,강한매도,장대음봉,전저점이탈,0.1,-3.23,2026-09-30
GURE,8.8,3.06,528955,60172,1.62,1.3,1.2,-3.8,-0.6,매도주의,위꼬리음봉,잔구간,0.12,-0.98,2026-09-30
SGRX,8.8,1.59,820452,93240,1.3,0.2,6.6,-0.7,6.0,중립,위꼬리양봉,잔구간,0.28,-0.63,2026-09-30
CUPR,8.5,2.28,907765,106663,2.07,0.37,5.6,2.5,10.7,중립,위꼬리양봉,전고점돌파,0.3,0.26,2026-09-30
CAPR,8.4,9.47,20566626,2450846,194.77,23.7,8.2,17.0,-5.6,매도주의,음봉,전고점부근,0.05,-1.69,2026-09-30
EFT,8.2,10.68,880645,107632,9.41,0.9,10.4,-0.3,2.6,강한매수,장대양봉,전고점돌파,0.67,3.7,2026-09-30
ELME,8.1,1.74,5114786,633415,8.9,1.6,5.6,2.3,-1.1,매도주의,장대음봉,잔구간,0.0,-1.3,2026-09-30
AHRT,7.9,6.1,7515017,948112,45.84,7.34,6.2,-1.0,2.3,중립,양봉,잔구간,0.8,0.53,2026-09-30
HKD,7.5,1.79,690897,92668,1.24,0.16,7.7,0.0,5.9,강한매수,장대양봉,전고점돌파,0.73,3.78,2026-09-30
WRBpF,7.5,17.58,391660,52014,6.89,1.0,6.9,0.7,-3.6,강한매도,장대음봉,전저점이탈,0.1,-3.23,2026-09-30
PMVP,7.5,1.67,3125248,413955,5.22,0.79,6.6,0.7,16.0,강한매수,장대양봉,전고점돌파,0.81,3.87,2026-09-30
FNUC,7.5,1.33,1248297,166261,1.66,0.72,2.3,2.2,-5.7,매도주의,음봉,전저점이탈,0.49,-1.46,2026-09-30
EDHL,7.3,5.0,1277022,173802,6.39,0.87,7.3,1.5,-5.3,매도주의,장대음봉,잔구간,0.26,-1.145,2026-09-30
PACB,7.2,2.37,80386307,11234403,190.52,15.4,12.4,0.5,28.8,강한매수,장대양봉,전고점돌파,0.86,3.93,2026-09-30
AMIX,6.9,3.83,402067,58266,1.54,0.36,4.3,2.1,0.0,중립,팽이도지,잔구간,0.74,0.145,2026-09-30
QCLS,6.9,0.851,7807263,1137399,6.64,27.29,0.2,7.5,-11.4,중립,음봉,잔구간,0.23,-0.51,2026-09-30
QSI,6.9,1.07,13838833,2011610,14.81,3.47,4.3,0.2,11.5,강한매수,장대양봉,전고점돌파,0.69,3.73,2026-09-30
CEPO,6.9,10.77,348145,50280,3.75,0.9,4.1,-0.0,0.0,매도주의,위꼬리양봉,잔구간,0.0,-0.8,2026-09-30
TXO,6.5,13.67,585444,89792,8.0,2.1,3.8,0.1,-3.1,매도주의,음봉,전저점이탈,0.3,-1.69,2026-09-30
LFCR,6.4,6.58,970229,151219,6.38,3.57,1.8,-0.6,0.5,중립,양봉,전고점부근,0.57,0.33,2026-09-30
QTTB,6.0,8.27,5250505,873528,43.42,6.82,6.4,9.1,-20.5,강한매도,장대음봉,전저점이탈,0.16,-3.16,2026-09-30
APYX,5.9,2.45,639623,108782,1.57,0.42,3.8,-0.8,-5.0,중립,음봉,잔구간,0.0,-0.65,2026-09-30
CBRX,5.8,8.045,1146945,199238,9.23,3.17,2.9,-11.8,-6.8,강한매도,장대음봉,전저점이탈,0.01,-3.34,2026-09-30
ONMD,5.8,5.785,411372,71434,2.38,0.43,5.5,7.5,3.3,중립,양봉,잔구간,0.83,0.55,2026-09-30
GCDT,5.5,0.517,16762694,3027914,8.67,16.13,0.5,7.0,-8.8,매도주의,위꼬리음봉,잔구간,0.25,-0.9,2026-09-30
SITC,5.4,3.37,4116125,758885,13.87,3.29,4.2,0.6,7.7,강한매수,장대양봉,전고점돌파,0.96,4.05,2026-09-30
UTZ,5.3,14.25,3994901,758824,56.93,17.84,3.2,0.0,0.0,중립,위꼬리양봉,완만한상승,0.0,-0.7,2026-09-30
AZUL,5.2,7.9,434175,83305,3.43,2.42,1.4,0.7,13.7,강한매수,장대양봉,전고점돌파,1.0,4.1,2026-09-30
OFRM,5.2,15.75,1309970,251425,20.63,6.12,3.4,0.2,-0.6,중립,팽이도지,잔구간,0.48,-0.01,2026-09-30
MNKD,5.1,3.9,15020194,2920995,58.58,17.38,3.4,0.9,15.7,강한매수,장대양봉,전고점돌파,0.82,3.88,2026-09-30
FSM,5.1,11.24,20370251,4012514,228.96,50.17,4.6,0.7,-1.7,매도주의,장대음봉,잔구간,0.08,-1.25,2026-09-30
NCT,5.0,1.56,1128446,226473,1.76,4.53,0.4,1.6,-18.7,매도주의,음봉,전저점이탈,0.41,-1.56,2026-09-30
DH,4.8,0.905,2394063,494801,2.17,1.0,2.2,0.0,-2.7,매도주의,장대음봉,잔구간,0.0,-1.3,2026-09-30
TRLV,4.8,10.9,8369894,1727014,91.23,34.78,2.6,-12.5,0.4,매수관심,팽이도지,전저점부근,0.72,1.01,2026-09-30
DHY,4.8,16.0,430805,90227,6.89,2.0,3.5,3.5,-4.0,매도주의,음봉,전저점이탈,0.6,-1.33,2026-09-30
MMT,4.7,4.28,1243658,265701,5.32,1.14,4.7,0.9,-1.4,매도주의,장대음봉,잔구간,0.0,-1.3,2026-09-30
OKUR,4.7,2.725,831407,175277,2.27,0.58,3.9,1.2,3.6,중립,양봉,잔구간,0.78,0.52,2026-09-30
SGMT,4.6,9.88,5453770,1181484,53.88,13.47,4.0,13.7,-6.9,중립,음봉,완만한상승,0.29,-0.05,2026-09-30
BSCR,4.5,19.545,3203678,714669,62.62,14.36,4.4,0.1,-0.0,중립,음봉,완만한상승,0.5,0.2,2026-09-30
BIRD,4.4,2.61,794783,181490,2.07,0.6,3.4,0.0,11.5,강한매수,장대양봉,전고점돌파,0.9,3.98,2026-09-30
HODU,4.3,13.33,323155,75261,4.31,2.05,2.1,11.3,-15.6,강한매도,장대음봉,전저점이탈,0.06,-3.28,2026-09-30
OPTX,4.2,8.25,991270,233730,8.18,3.03,2.7,6.3,4.7,매수관심,양봉,완만한상승,0.5,1.6,2026-09-30
MNTN,4.2,10.17,2549156,603007,25.92,9.21,2.8,1.4,-3.2,중립,음봉,잔구간,0.15,-0.56,2026-09-30
SKYH,4.2,9.47,561761,134722,5.32,1.6,3.3,0.1,-4.0,강한매도,장대음봉,전저점이탈,0.0,-3.35,2026-09-30
BURU,4.1,0.986,4146836,1009213,4.09,1.19,3.4,0.0,4.9,매수관심,양봉,수횡파,0.55,1.36,2026-09-30
CANG,4.1,2.49,1276548,311787,3.18,1.62,2.0,5.1,0.0,매수관심,팽이도지,완만한상승,0.57,0.98,2026-09-30
FA,4.0,17.8,5308835,1343964,94.5,31.98,3.0,0.1,0.7,중립,팽이도지,잔구간,0.69,0.115,2026-09-30
SCIO,4.0,19.93,499141,125876,9.95,11.05,0.9,0.2,-0.2,중립,음봉,잔구간,0.43,-0.39,2026-09-30
BETR,3.9,11.0,1878429,476040,20.66,6.11,3.4,1.5,6.0,중립,위꼬리양봉,잔구간,0.36,-0.585,2026-09-30
AVXL,3.9,2.02,2965136,761780,5.99,1.94,3.1,0.8,-15.1,강한매도,장대음봉,전저점이탈,0.27,-3.03,2026-09-30
RDZN,3.8,1.32,1178267,312850,1.56,0.52,3.0,-0.7,-2.9,중립,음봉,잔구간,0.52,-0.34,2026-09-30
GOOD,3.8,12.625,1386226,367661,17.5,5.38,3.3,0.8,-0.8,중립,음봉,잔구간,0.51,-0.345,2026-09-30
JAGU,3.8,1.08,932267,243445,1.01,0.32,3.1,1.5,-18.2,강한매도,장대음봉,전저점이탈,0.0,-3.35,2026-09-30
GLAS,3.8,5.61,5539991,1455716,31.08,8.37,3.7,-4.3,-13.7,강한매도,장대음봉,전저점이탈,0.32,-2.97,2026-09-30
SCHWpJ,3.7,15.82,363844,99387,5.76,1.62,3.6,0.3,-0.6,중립,음봉,전저점부근,0.57,0.13,2026-09-30
MGN,3.7,3.71,332614,91035,1.23,5.51,0.2,0.0,-0.5,매도주의,위꼬리음봉,잔구간,0.12,-0.98,2026-09-30
NAMM,3.7,0.958,1857644,508373,1.78,0.62,2.9,8.5,-12.1,강한매도,장대음봉,전저점이탈,0.06,-3.28,2026-09-30
IBTK,3.7,18.99,1747541,470147,33.19,10.22,3.2,0.2,-0.2,매도주의,장대음봉,완만한상승,0.4,-1.22,2026-09-30
HSDT,3.7,2.62,1300152,349935,3.41,1.99,1.7,2.4,-10.6,매도주의,음봉,전저점이탈,0.44,-1.52,2026-09-30
MSOS,3.7,4.52,20296785,5493906,91.74,26.2,3.5,-6.6,-4.9,강한매도,장대음봉,전저점이탈,0.33,-2.95,2026-09-30
VNDA,3.6,4.91,3077088,858922,15.11,5.25,2.9,2.6,-4.8,강한매도,장대음봉,전저점이탈,0.03,-3.31,2026-09-30
RFIL,3.6,7.92,585275,163723,4.64,2.36,2.0,1.4,0.0,매수관심,양봉스프링,잔구간,0.77,0.91,2026-09-30
PHI,3.6,17.79,630792,175362,11.22,2.99,3.8,0.4,4.5,매수관심,장대양봉,잔구간,0.85,1.21,2026-09-30
MSOX,3.6,2.37,7595114,2103576,18.0,6.19,2.9,-13.7,-12.2,강한매도,장대음봉,전저점이탈,0.27,-3.03,2026-09-30
MSpO,3.6,15.41,602523,165749,9.28,2.29,4.1,-2.4,1.0,중립,양봉,전저점이탈,0.88,0.41,2026-09-30
BOEG,3.5,9.37,392782,110867,3.68,1.36,2.7,4.3,-6.0,매도주의,장대음봉,잔구간,0.11,-1.235,2026-09-30
RCS,3.5,5.06,476280,135192,2.41,0.63,3.8,-0.4,2.0,강한매수,장대양봉,전고점돌파,0.62,3.64,2026-09-30
ALLpH,3.4,17.64,560642,165381,9.89,2.96,3.3,-1.5,-1.5,강한매도,장대음봉,전저점이탈,0.0,-3.35,2026-09-30
OPAL,3.4,1.75,1229658,362877,2.15,0.7,3.1,0.0,-1.1,매도주의,위꼬리음봉,잔구간,0.0,-1.05,2026-09-30
SWVL,3.4,4.07,423610,123085,1.72,0.93,1.9,0.0,-4.7,중립,음봉,잔구간,0.14,-0.565,2026-09-30
FVR,3.4,16.66,698043,207568,11.63,3.51,3.3,-0.5,-1.5,강한매도,음봉,전저점이탈,0.03,-2.01,2026-09-30
TGEN,3.4,2.84,375610,112061,1.07,0.39,2.7,2.4,-6.0,매도주의,음봉,전저점이탈,0.3,-1.69,2026-09-30
SPXX,3.4,18.49,644932,188646,11.92,3.62,3.3,-0.1,0.4,매수관심,양봉,완만한상승,0.46,1.55,2026-09-30
IMTX,3.3,8.78,1898932,572989,16.67,6.78,2.5,0.0,2.6,매수관심,양봉,완만한상승,0.48,1.58,2026-09-30
ETV,3.3,14.92,599913,179229,8.95,2.51,3.6,0.5,-0.9,중립,음봉,잔구간,0.27,-0.49,2026-09-30
BXBL,3.2,3.27,353382,108932,1.16,0.72,1.6,-4.3,-8.7,강한매도,장대음봉,전저점이탈,0.17,-3.15,2026-09-30
ITUB,3.2,8.53,54102068,17089409,461.49,159.94,2.9,2.5,2.8,강한매수,장대양봉,전고점돌파,0.75,3.8,2026-09-30
OTLK,3.1,0.574,9011677,2934251,5.17,2.68,1.9,0.0,-8.3,강한매도,장대음봉,전저점이탈,0.01,-3.34,2026-09-30
SDEV,3.1,2.59,29312172,9331121,75.92,68.91,1.1,-17.4,-4.1,중립,팽이도지,잔구간,0.29,-0.125,2026-09-30
PEPG,3.1,2.42,2151088,687359,5.21,2.07,2.5,0.0,3.4,중립,양봉,잔구간,0.43,0.31,2026-09-30
LGOV,3.1,19.59,562165,182667,11.01,3.98,2.8,0.2,-0.7,중립,음봉,전저점부근,0.23,-0.27,2026-09-30
CAG,3.1,13.44,37449537,11901640,503.32,177.67,2.8,-1.0,-3.9,매도주의,음봉,전저점이탈,0.16,-1.86,2026-09-30
DMRC,3.0,5.82,412482,137701,2.4,0.81,3.0,-3.9,21.9,강한매수,장대양봉,전고점돌파,0.92,4.0,2026-09-30
BCRX,3.0,8.33,13099016,4410765,109.11,45.54,2.4,0.1,0.6,중립,팽이도지,잔구간,0.62,0.07,2026-09-30
ATII,3.0,10.68,724300,238341,7.74,6.13,1.3,0.0,-0.1,매도주의,장대음봉,잔구간,0.0,-1.3,2026-09-30
ARX,3.0,19.73,3676749,1224912,72.54,50.53,1.4,0.0,0.0,매수관심,팽이도지,완만한상승,0.67,1.1,2026-09-30
NXE,3.0,9.12,9187461,3024763,83.79,35.33,2.4,1.3,-0.3,중립,팽이도지,잔구간,0.26,-0.145,2026-09-30
CDZI,3.0,3.92,2520895,827632,9.88,3.94,2.5,0.0,9.5,매수관심,장대양봉,잔구간,0.91,1.245,2026-09-30
BEAG,3.0,10.68,749550,249171,8.01,17.68,0.5,0.0,0.0,매도주의,위꼬리양봉,전저점부근,0.0,-0.85,2026-09-30
ADIG,2.9,17.92,1993796,687817,35.73,15.27,2.3,-0.3,-5.4,중립,음봉,전저점부근,0.33,-0.15,2026-09-30
IPX,2.9,16.82,609458,211122,10.25,8.16,1.3,-2.7,-5.5,강한매도,장대음봉,전저점이탈,0.1,-3.23,2026-09-30
ABOS,2.9,2.22,1482823,519903,3.29,1.37,2.4,0.2,-1.3,중립,팽이도지,잔구간,0.34,-0.095,2026-09-30
NVTX,2.9,15.6,725155,250925,11.31,6.23,1.8,0.5,-3.6,매도주의,위꼬리음봉,잔구간,0.11,-0.985,2026-09-30
FIIG,2.9,19.63,366262,128428,7.19,2.37,3.0,0.3,-0.3,중립,음봉,잔구간,0.42,-0.4,2026-09-30
STTK,2.8,6.82,3356722,1181691,22.89,10.43,2.2,1.5,2.7,중립,위꼬리양봉,전고점돌파,0.33,0.3,2026-09-30
IBRX,2.8,9.44,27286818,9696804,257.59,110.06,2.3,1.0,5.8,매수관심,양봉,완만한상승,0.45,1.54,2026-09-30
LAB,2.8,0.741,1593773,566209,1.18,0.65,1.8,0.6,3.2,매수관심,장대양봉,잔구간,0.92,1.25,2026-09-30
TEI,2.8,6.15,401946,141263,2.47,1.02,2.4,-0.2,-0.8,중립,음봉,잔구간,0.07,-0.61,2026-09-30
ETY,2.8,14.05,824177,299251,11.58,4.06,2.9,0.5,-0.7,중립,음봉,잔구간,0.18,-0.54,2026-09-30
MAT,2.8,12.66,11674216,4213956,147.8,65.36,2.3,-4.2,0.0,매도주의,팽이도지,전저점이탈,0.31,-0.98,2026-09-30
IHS,2.8,8.36,1219176,438062,10.19,5.3,1.9,0.1,-0.4,매도주의,음봉,전저점이탈,0.25,-1.75,2026-09-30
GBDC,2.8,12.63,3556609,1289122,44.92,16.98,2.6,0.5,-0.6,중립,음봉,잔구간,0.24,-0.505,2026-09-30
FSIG,2.7,18.38,636931,235429,11.71,6.96,1.7,0.2,-0.1,중립,음봉,완만한상승,0.4,0.08,2026-09-30
CTNM,2.7,13.42,1597799,591210,21.44,10.29,2.1,0.8,15.8,매수관심,장대양봉,잔구간,0.94,1.265,2026-09-30
TLSA,2.7,1.11,1522315,567784,1.69,0.74,2.3,4.3,11.6,매수관심,장대양봉,전고점부근,0.83,1.95,2026-09-30
CODI,2.7,10.91,1137850,423057,12.41,5.33,2.3,0.2,-1.4,중립,망치형,전저점이탈,0.69,0.48,2026-09-30
KDK,2.7,1.92,15604653,5721229,29.96,13.79,2.2,0.7,-10.5,강한매도,장대음봉,전저점이탈,0.3,-2.99,2026-09-30
AKBA,2.7,0.92,10827762,4053929,9.96,5.53,1.8,0.9,2.9,중립,양봉,잔구간,0.83,0.55,2026-09-30
PSQL,2.7,6.36,1294580,487149,8.23,3.91,2.1,1.8,1.8,중립,양봉,잔구간,0.72,0.48,2026-09-30
SCYX,2.7,4.94,311609,116782,1.54,4.12,0.4,-0.2,6.2,강한매수,장대양봉,완만한상승,0.82,3.28,2026-09-30
BRBS,2.7,3.85,1542396,579033,5.94,4.35,1.4,0.5,-0.3,중립,망치형,잔구간,0.71,0.625,2026-09-30
SERV,2.7,4.65,5994754,2222402,27.88,12.81,2.2,1.1,-0.6,매도주의,위꼬리음봉,완만한상승,0.0,-1.2,2026-09-30
BGB,2.7,11.24,460332,172149,5.17,2.12,2.4,0.1,0.7,매수관심,양봉,완만한상승,0.5,1.6,2026-09-30
CGC,2.7,0.896,3973965,1498664,3.56,1.82,2.0,-0.5,-2.6,매도주의,음봉,전저점이탈,0.32,-1.67,2026-09-30
TKC,2.7,4.94,5307453,1961017,26.22,13.65,1.9,-3.0,0.2,강한매도,위꼬리양봉,전저점이탈,0.13,-2.19,2026-09-30
SMMT,2.7,16.91,13060430,4831246,220.85,137.33,1.6,1.2,1.9,중립,팽이도지,잔구간,0.48,-0.01,2026-09-30
SND,2.6,5.12,532529,207986,2.73,1.62,1.7,0.2,1.0,매수관심,양봉,완만한상승,0.77,1.92,2026-09-30
ZVRA,2.6,10.97,1818341,707225,19.95,10.7,1.9,0.3,-3.5,매도주의,장대음봉,잔구간,0.08,-1.25,2026-09-30
CGBD,2.6,10.69,767693,299027,8.21,4.05,2.0,-3.1,-0.7,강한매도,위꼬리음봉,전저점이탈,0.0,-2.85,2026-09-30
MSGY,2.6,5.66,11945653,4659245,67.61,61.69,1.1,11.0,14.8,매수관심,양봉,완만한상승,0.4,1.48,2026-09-30
MLN,2.6,16.325,1923168,740361,31.4,12.83,2.4,0.7,0.4,중립,양봉,잔구간,0.37,0.27,2026-09-30
BMEZ,2.6,16.7,306945,116193,5.13,1.86,2.8,-0.2,-1.0,중립,음봉,잔구간,0.0,-0.65,2026-09-30
ZENA,2.6,1.31,3224229,1220192,4.22,2.29,1.8,0.0,-10.9,강한매도,장대음봉,전저점이탈,0.0,-3.35,2026-09-30
FOSL,2.5,6.57,1414979,564279,9.3,4.5,2.1,0.8,5.8,강한매수,장대양봉,전고점돌파,0.73,3.78,2026-09-30
HOS,2.5,7.69,5242651,2126967,40.32,19.3,2.1,4.9,-4.9,매도주의,장대음봉,전저점부근,0.13,-1.69,2026-09-30
EHI,2.5,5.45,337645,137574,1.84,0.68,2.7,0.7,0.0,매수관심,팽이도지,완만한상승,0.42,0.8,2026-09-30
LSAK,2.5,4.33,460385,182898,1.99,0.85,2.3,0.2,4.6,강한매수,장대양봉,전고점돌파,0.96,4.05,2026-09-30
AVAH,2.5,12.41,5800501,2355855,71.98,44.54,1.6,-3.8,1.0,중립,위꼬리양봉,잔구간,0.42,-0.55,2026-09-30
ASTN,2.5,18.91,778398,313674,14.72,4.98,3.0,-4.5,7.5,강한매수,양봉,완만한상승,1.0,2.2,2026-09-30
NMFC,2.5,6.92,929655,378030,6.43,3.62,1.8,0.4,-1.7,매도주의,장대음봉,잔구간,0.0,-1.3,2026-09-30
CRVO,2.5,2.97,375542,147318,1.12,0.45,2.5,1.0,2.1,매수관심,팽이도지,전고점돌파,0.73,1.78,2026-09-30
BACpQ,2.5,15.3,465777,183751,7.13,3.06,2.3,0.1,-1.6,강한매도,장대음봉,전저점이탈,0.06,-3.28,2026-09-30
PDM,2.5,8.9,3150262,1251800,28.04,14.69,1.9,1.2,-1.4,매도주의,장대음봉,전저점부근,0.28,-1.51,2026-09-30
CIFG,2.5,3.586,1794567,721646,6.43,4.54,1.4,2.3,-10.8,강한매도,장대음봉,전저점이탈,0.03,-3.31,2026-09-30
CBRG,2.5,2.7,27817481,11335488,75.11,43.56,1.7,-12.2,-6.2,강한매도,장대음봉,전저점이탈,0.04,-3.3,2026-09-30
WFCpC,2.4,15.71,314838,131634,4.95,2.12,2.3,-0.1,1.4,중립,양봉,잔구간,0.75,0.5,2026-09-30
COFpI,2.4,16.45,483852,200221,7.96,3.31,2.4,0.4,-0.9,매도주의,음봉,전저점이탈,0.28,-1.71,2026-09-30
SVRA,2.4,5.16,6051742,2475696,31.23,11.3,2.8,1.4,0.2,매수관심,팽이도지,완만한상승,0.58,1.0,2026-09-30
OCSL,2.4,11.9,905458,373815,10.77,4.83,2.2,0.2,-1.8,매도주의,장대음봉,전저점부근,0.1,-1.73,2026-09-30
CRON,2.4,3.3,1820935,765233,6.01,2.73,2.2,-0.3,-2.1,중립,음봉,잔구간,0.38,-0.42,2026-09-30
TLRY,2.4,3.75,7534623,3179405,28.25,13.14,2.1,0.3,-5.3,강한매도,장대음봉,전저점이탈,0.24,-3.06,2026-09-30
NCDL,2.4,11.24,511878,210165,5.75,3.04,1.9,-2.4,-1.4,매도주의,음봉,전저점이탈,0.29,-1.7,2026-09-30
BRW,2.4,6.01,578416,242080,3.48,1.39,2.5,0.8,-2.0,매도주의,장대음봉,잔구간,0.07,-1.26,2026-09-30
BSCV,2.4,15.77,1261758,516169,19.9,10.99,1.8,0.2,-0.2,중립,음봉,잔구간,0.36,-0.435,2026-09-30
SLP,2.4,18.43,332435,137811,6.13,3.27,1.9,-0.1,-0.2,매도주의,장대음봉,잔구간,0.0,-1.3,2026-09-30
EH,2.4,4.22,1033512,431570,4.36,2.35,1.9,0.7,-3.7,강한매도,장대음봉,전저점이탈,0.05,-3.29,2026-09-30
BSEM,2.4,3.09,332899,140085,1.03,0.94,1.1,-0.8,-18.7,강한매도,장대음봉,전저점이탈,0.11,-3.22,2026-09-30
JPMpK,2.4,16.83,618761,254243,10.41,4.83,2.2,-0.2,0.1,중립,팽이도지,잔구간,0.5,0.0,2026-09-30
NGL,2.3,14.74,311401,136002,4.59,2.9,1.6,0.1,-0.5,중립,망치형,잔구간,0.64,0.585,2026-09-30
ACB,2.3,3.9,1609723,688999,6.28,3.03,2.1,-0.5,-2.7,중립,음봉,잔구간,0.41,-0.405,2026-09-30
PGEN,2.3,8.56,11685477,4973445,100.03,46.48,2.2,1.0,5.3,강한매수,양봉,전고점돌파,0.53,2.24,2026-09-30
SEVN,2.3,6.88,306083,135401,2.11,1.47,1.4,0.1,-4.8,강한매도,장대음봉,전저점이탈,0.0,-3.35,2026-09-30
JPMpJ,2.3,17.58,430571,183407,7.57,2.79,2.7,0.2,-0.2,중립,망치형,잔구간,0.87,0.72,2026-09-30
SNDL,2.3,1.29,2002737,869195,2.58,1.71,1.5,-0.7,-4.4,강한매도,장대음봉,전저점이탈,0.0,-3.35,2026-09-30
BGY,2.3,5.63,465969,204786,2.62,1.3,2.0,0.7,-2.1,강한매도,장대음봉,전저점이탈,0.0,-3.35,2026-09-30
FLOC,2.3,18.1,941986,408295,17.05,10.5,1.6,1.0,-0.7,중립,팽이도지,잔구간,0.4,-0.06,2026-09-30
FUN,2.3,10.71,4674912,2039282,50.07,26.03,1.9,0.4,-1.7,매도주의,팽이도지,전저점이탈,0.3,-0.99,2026-09-30
WETO,2.2,1.01,12756001,5916319,12.88,14.12,0.9,23.6,-25.7,매도주의,장대음봉,전저점부근,0.05,-1.79,2026-09-30
AGGH,2.2,18.93,329897,149479,6.24,7.07,0.9,1.0,-0.6,매도주의,장대음봉,잔구간,0.39,-1.065,2026-09-30
NVA,2.2,5.42,1029332,469786,5.58,4.14,1.3,3.5,-3.0,중립,음봉,완만한상승,0.0,-0.4,2026-09-30
PICS,2.2,8.48,830103,370442,7.04,3.15,2.2,0.2,3.3,중립,양봉,잔구간,0.75,0.5,2026-09-30
TBB,2.2,18.83,314190,141174,5.92,2.82,2.1,-0.1,-0.9,강한매도,장대음봉,전저점이탈,0.21,-3.1,2026-09-30
PD,2.2,15.1,3590076,1667515,54.21,23.56,2.3,0.1,0.9,중립,위꼬리양봉,전고점돌파,0.27,0.22,2026-09-30
SCTX,2.2,18.405,1183612,529584,21.78,18.17,1.2,0.0,-20.1,강한매도,장대음봉,전저점이탈,0.12,-3.21,2026-09-30
NUCL,2.2,6.36,399436,178576,2.54,1.87,1.4,0.0,1.0,매수관심,팽이도지,완만한상승,0.53,0.94,2026-09-30
NNDM,2.2,1.57,2621109,1178025,4.12,2.37,1.7,1.3,-1.9,중립,음봉,수횡파,0.09,-0.59,2026-09-30
PPHC,2.2,10.21,301925,137379,3.08,5.71,0.5,-0.3,-0.3,매수관심,팽이도지,전저점부근,0.56,0.82,2026-09-30
TTGT,2.2,3.7,742750,340604,2.75,1.14,2.4,0.0,-1.1,중립,음봉,전저점부근,0.08,-0.45,2026-09-30
GMTL,2.2,8.92,379236,175809,3.38,1.61,2.1,3.8,-0.8,매도주의,위꼬리음봉,잔구간,0.13,-0.97,2026-09-30
APPX,2.2,10.84,3638927,1628321,39.45,24.33,1.6,-4.0,-6.1,강한매도,장대음봉,전저점이탈,0.02,-3.33,2026-09-30
DPRO,2.2,6.08,1768688,786233,10.75,7.52,1.4,1.6,-3.5,매도주의,장대음봉,잔구간,0.29,-1.125,2026-09-30
DRH,2.2,12.36,5111715,2322161,63.18,38.48,1.6,-0.9,0.0,중립,팽이도지,잔구간,0.44,-0.035,2026-09-30
DSU,2.2,9.0,771376,357649,6.94,3.15,2.2,-0.1,0.1,매수관심,양봉스프링,잔구간,0.78,0.92,2026-09-30
BOE,2.2,11.68,326004,145803,3.81,1.52,2.5,0.7,-2.0,강한매도,장대음봉,전저점이탈,0.08,-3.25,2026-09-30
LUNL,2.2,3.3,3230746,1466127,10.66,6.47,1.6,3.7,-8.3,강한매도,음봉,전저점이탈,0.0,-2.05,2026-09-30
EXG,2.2,9.41,743120,345331,6.99,3.87,1.8,0.5,-0.9,중립,음봉,잔구간,0.22,-0.52,2026-09-30
ALDX,2.2,1.23,1651522,741812,2.03,1.44,1.4,1.5,-8.2,매도주의,장대음봉,잔구간,0.08,-1.25,2026-09-30
SGML,2.2,9.4,3223874,1470213,30.3,22.05,1.4,0.9,-4.1,중립,음봉,잔구간,0.38,-0.42,2026-09-30
KLC,2.2,1.86,1212021,560414,2.25,1.28,1.8,1.5,-5.6,강한매도,장대음봉,전저점이탈,0.15,-3.17,2026-09-30
INSG,2.2,3.66,408217,184954,1.49,1.02,1.5,0.5,-5.9,매도주의,장대음봉,잔구간,0.17,-1.2,2026-09-30
SMCZ,2.1,4.62,4868565,2316686,22.49,15.52,1.4,-5.6,5.5,중립,양봉,잔구간,0.71,0.475,2026-09-30
RKLZ,2.1,15.658,1039877,486869,16.28,9.07,1.8,-3.0,2.9,매수관심,양봉스프링,잔구간,0.98,1.04,2026-09-30
LFTO,2.1,15.8,1084703,516987,17.14,21.16,0.8,-0.1,-0.1,매도주의,위꼬리음봉,잔구간,0.21,-0.925,2026-09-30
VCV,2.1,8.98,820305,392016,7.37,2.71,2.7,-0.2,0.0,매도주의,위꼬리양봉,잔구간,0.0,-0.8,2026-09-30
SLS,2.1,12.31,8618722,4170917,106.1,65.24,1.6,0.0,7.0,강한매수,장대양봉,전고점돌파,0.83,3.9,2026-09-30
ECAT,2.1,13.86,1033625,494102,14.33,7.07,2.0,0.2,-1.0,중립,음봉,전저점부근,0.19,-0.32,2026-09-30
FUMB,2.1,19.9,377016,178354,7.5,3.19,2.3,-0.1,0.1,중립,위꼬리양봉,잔구간,0.4,-0.56,2026-09-30
PSEC,2.1,2.08,10168205,4904314,21.15,11.14,1.9,0.0,-1.9,강한매도,장대음봉,전저점이탈,0.0,-3.35,2026-09-30
PAGS,2.1,8.9,5612641,2648544,49.95,28.53,1.8,1.2,-0.1,중립,팽이도지,잔구간,0.55,0.03,2026-09-30
PDBC,2.1,19.3,11043268,5188580,213.14,108.04,2.0,1.8,-0.7,매도주의,장대음봉,잔구간,0.22,-1.17,2026-09-30
PBI,2.1,16.32,2494681,1182680,40.71,29.09,1.4,0.1,0.1,중립,위꼬리양봉,완만한상승,0.04,-0.65,2026-09-30
XOS,2.1,3.18,338086,163777,1.08,0.44,2.4,0.4,12.8,강한매수,장대양봉,전고점돌파,0.97,4.06,2026-09-30
NIQ,2.1,17.01,1752091,849769,29.8,20.76,1.4,0.3,-2.6,강한매도,장대음봉,전저점이탈,0.0,-3.35,2026-09-30
CCAP,2.1,9.18,402619,187463,3.7,2.58,1.4,-3.0,-0.8,매도주의,음봉,전저점이탈,0.23,-1.77,2026-09-30
PUSA,2.1,3.88,966507,466257,3.75,2.0,1.9,1.1,6.3,매수관심,장대양봉,잔구간,0.79,1.175,2026-09-30
PPT,2.1,3.28,351543,165590,1.15,0.4,2.8,0.6,0.6,매수관심,양봉,완만한상승,0.67,1.8,2026-09-30
KGEI,2.1,6.18,328544,157767,2.03,1.15,1.8,2.1,-1.3,중립,음봉,잔구간,0.5,-0.35,2026-09-30
ITG,2.1,7.775,775632,373226,6.03,9.14,0.7,-0.5,-4.2,중립,음봉,잔구간,0.49,-0.355,2026-09-30
FPI,2.1,11.35,1513755,715756,17.18,6.73,2.6,0.7,1.6,강한매수,양봉,전고점돌파,0.76,2.51,2026-09-30
IOVA,2.1,14.82,29341686,14275613,434.84,267.0,1.6,1.4,1.2,매수관심,팽이도지,완만한상승,0.71,1.15,2026-09-30
VFF,2.1,2.91,1844777,874006,5.37,2.18,2.5,-1.9,-4.3,매도주의,장대음봉,잔구간,0.23,-1.16,2026-09-30
AMPL,2.1,13.85,3162005,1499782,43.79,19.39,2.3,2.4,-0.9,매도주의,위꼬리음봉,완만한상승,0.11,-1.07,2026-09-30
BSCW,2.1,19.585,730207,345959,14.3,11.23,1.3,0.2,-0.3,매도주의,장대음봉,잔구간,0.21,-1.175,2026-09-30
YLD,2.0,18.45,388954,193222,7.18,3.79,1.9,0.2,-0.4,매도주의,장대음봉,전저점부근,0.22,-1.59,2026-09-30
XERS,2.0,9.56,3753453,1865994,35.88,39.73,0.9,-0.1,-4.1,매도주의,장대음봉,잔구간,0.03,-1.28,2026-09-30
ACVA,2.0,10.43,13298667,6560818,138.71,120.81,1.1,0.0,-0.1,중립,음봉,잔구간,0.0,-0.65,2026-09-30
SWMR,2.0,17.83,1414211,699621,25.22,23.04,1.1,0.7,8.2,중립,양봉,잔구간,0.59,0.405,2026-09-30
SUJA,2.0,9.71,453692,228181,4.41,3.32,1.3,-0.1,-0.6,중립,망치형,잔구간,0.73,0.64,2026-09-30
HMH,2.0,17.52,322661,162043,5.65,4.86,1.2,0.0,-1.4,강한매도,위꼬리음봉,전저점이탈,0.06,-2.78,2026-09-30
EARN,2.0,4.04,469097,240363,1.9,1.02,1.9,-1.2,-4.5,강한매도,장대음봉,전저점이탈,0.0,-3.35,2026-09-30
LOCO,2.0,14.35,338256,173024,4.85,3.19,1.5,0.1,-0.7,중립,팽이도지,잔구간,0.39,-0.065,2026-09-30
MRVI,2.0,7.66,3606276,1843176,27.62,16.46,1.7,0.0,0.1,매수관심,팽이도지,완만한상승,0.59,1.01,2026-09-30
EMAT,2.0,2.55,2099124,1070505,5.35,6.36,0.8,0.0,-12.4,강한매도,장대음봉,전저점이탈,0.22,-3.09,2026-09-30
ENTA,2.0,13.18,425884,211819,5.61,3.28,1.7,0.2,4.0,강한매수,양봉,전고점돌파,0.76,2.51,2026-09-30
FDUS,2.0,19.27,430132,213929,8.29,5.99,1.4,-0.1,-1.2,중립,음봉,잔구간,0.09,-0.595,2026-09-30
JQC,2.0,4.75,1756876,890227,8.35,3.99,2.1,0.0,1.1,강한매수,장대양봉,전고점돌파,1.0,4.1,2026-09-30
FTMU,2.0,7.34,1100955,547282,8.08,3.9,2.1,0.7,0.3,중립,양봉,잔구간,0.44,0.315,2026-09-30
PAYS,2.0,13.48,1191587,596131,16.06,9.15,1.8,0.8,4.1,강한매수,장대양봉,전고점돌파,0.94,4.03,2026-09-30
CLPT,2.0,12.21,1253821,624587,15.31,10.45,1.5,0.7,3.0,매수관심,양봉,완만한상승,0.67,1.8,2026-09-30
OIS,2.0,7.95,1116249,560184,8.87,5.45,1.6,0.2,-1.0,중립,음봉,전저점부근,0.35,-0.13,2026-09-30
OXSQ,2.0,1.28,1550153,782096,1.98,1.45,1.4,0.0,0.0,중립,팽이도지,완만한상승,0.33,0.7,2026-09-30
NKX,2.0,10.53,602715,308702,6.35,3.19,2.0,-0.3,0.5,중립,위꼬리양봉,잔구간,0.26,-0.645,2026-09-30
NVCR,2.0,15.95,1876602,962021,29.93,17.18,1.7,0.1,-0.4,중립,망치형,잔구간,0.6,0.56,2026-09-30
EDD,2.0,5.26,692854,338694,3.64,1.97,1.8,-3.6,-0.9,매도주의,음봉,전저점이탈,0.52,-1.43,2026-09-30
CCXI,2.0,11.62,3213934,1622245,37.35,26.95,1.4,0.0,-5.8,강한매도,장대음봉,전저점이탈,0.13,-3.19,2026-09-30
AWF,2.0,9.73,542137,276510,5.28,2.87,1.8,0.0,-0.1,중립,팽이도지,잔구간,0.44,-0.035,2026-09-30
TIC,2.0,8.32,2340182,1154684,19.47,14.66,1.3,0.8,-2.5,강한매도,장대음봉,전저점이탈,0.07,-3.27,2026-09-30
DSM,2.0,5.21,463080,230244,2.41,1.04,2.3,1.7,0.3,매수관심,양봉스프링,잔구간,0.78,0.92,2026-09-30
ELMT,2.0,19.96,1022739,503569,20.41,15.94,1.3,2.7,1.5,중립,위꼬리양봉,잔구간,0.31,-0.615,2026-09-30
QBTZ,2.0,16.82,369775,185736,6.22,4.95,1.3,0.3,-1.9,중립,망치형,잔구간,0.77,0.66,2026-09-30
EPRX,2.0,9.1,1279354,653850,11.64,4.59,2.5,0.3,9.2,강한매수,장대양봉,전고점돌파,0.9,3.98,2026-09-30
NLY,2.0,18.89,23456961,11912823,443.1,262.08,1.7,-3.1,-4.0,강한매도,장대음봉,전저점이탈,0.02,-3.33,2026-09-30
OCUL,2.0,7.67,4568574,2292345,35.04,35.96,1.0,0.1,-2.7,중립,음봉,잔구간,0.07,-0.61,2026-09-30
INTR,2.0,5.34,8459165,4336688,45.17,21.51,2.1,1.2,2.9,중립,양봉,잔구간,0.9,0.59,2026-09-30
AIOT,2.0,2.84,2972794,1516905,8.44,5.21,1.6,1.5,1.8,중립,양봉,잔구간,0.78,0.52,2026-09-30
AIRO,2.0,6.61,546571,273012,3.61,3.1,1.2,0.9,-3.5,강한매도,음봉,전저점이탈,0.02,-2.03,2026-09-30
HBNC,1.9,18.83,1012019,545434,19.06,11.8,1.6,0.2,-0.3,중립,음봉,잔구간,0.29,-0.475,2026-09-30
IGD,1.9,6.18,507172,272156,3.13,1.76,1.8,0.5,-2.2,강한매도,장대음봉,전저점이탈,0.06,-3.28,2026-09-30
GOOY,1.9,12.02,579832,298942,6.97,3.93,1.8,0.6,0.2,중립,위꼬리양봉,잔구간,0.29,-0.625,2026-09-30
GPGI,1.9,11.87,2579635,1387755,30.62,17.33,1.8,0.4,0.4,매수관심,팽이도지,완만한상승,0.53,0.94,2026-09-30
SGHC,1.9,11.35,4557444,2421764,51.73,36.52,1.4,0.3,-2.4,매도주의,음봉,전저점이탈,0.08,-1.95,2026-09-30
EVC,1.9,7.35,2076492,1087123,15.26,8.67,1.8,1.1,-0.9,중립,음봉,잔구간,0.48,-0.36,2026-09-30
EVV,1.9,8.45,1544787,829998,13.05,7.49,1.7,0.0,0.6,중립,양봉,잔구간,0.52,0.36,2026-09-30
KC,1.9,9.12,1871671,986591,17.07,12.69,1.3,2.6,-2.3,매도주의,장대음봉,잔구간,0.21,-1.175,2026-09-30
TLK,1.9,12.75,1447605,780970,18.46,12.26,1.5,-2.0,-1.5,강한매도,장대음봉,전저점이탈,0.06,-3.28,2026-09-30
MUA,1.9,9.55,1041596,555442,9.95,5.01,2.0,0.0,1.6,강한매수,장대양봉,완만한상승,0.95,3.44,2026-09-30
EMBC,1.9,5.66,1417513,741945,8.02,5.75,1.4,0.9,-2.6,중립,음봉,잔구간,0.11,-0.585,2026-09-30
LMRI,1.9,10.25,781551,410388,8.01,4.98,1.6,0.0,-0.1,중립,팽이도지,잔구간,0.58,0.05,2026-09-30
RGTX,1.9,9.37,1781171,936562,16.69,11.0,1.5,1.0,-1.7,매도주의,위꼬리음봉,전저점부근,0.02,-1.33,2026-09-30
RBLU,1.9,4.17,744892,401900,3.11,2.2,1.4,-0.5,6.4,매수관심,장대양봉,잔구간,0.8,1.18,2026-09-30
URG,1.9,1.08,11692970,6194552,12.63,9.18,1.4,0.9,-3.6,강한매도,장대음봉,전저점이탈,0.08,-3.25,2026-09-30
ETRA,1.9,11.25,925708,491155,10.41,15.1,0.7,0.2,-1.1,매도주의,위꼬리음봉,잔구간,0.02,-1.04,2026-09-30
JPC,1.9,6.82,4232343,2183320,28.86,15.5,1.9,0.0,0.3,중립,위꼬리양봉,잔구간,0.29,-0.625,2026-09-30
BKD,1.9,10.83,6760714,3537432,73.22,44.57,1.6,1.1,-2.4,매도주의,장대음봉,잔구간,0.2,-1.18,2026-09-30
JPMpL,1.9,17.08,522029,280956,8.92,4.15,2.1,-0.3,-0.1,중립,팽이도지,잔구간,0.5,0.0,2026-09-30
APPS,1.9,11.1,5264509,2819023,58.44,34.15,1.7,0.4,-5.0,중립,음봉,잔구간,0.2,-0.53,2026-09-30
BACpM,1.9,19.38,355577,184126,6.89,3.82,1.8,-0.2,0.5,중립,양봉,잔구간,0.55,0.38,2026-09-30
OCS,1.9,9.34,434739,224431,4.06,2.55,1.6,0.8,1.5,중립,양봉,잔구간,0.7,0.47,2026-09-30
NVTS,1.9,11.61,21020225,10919006,244.04,178.05,1.4,0.5,-1.5,매도주의,위꼬리음봉,잔구간,0.13,-0.97,2026-09-30
NRXP,1.9,2.92,1172268,616776,3.42,2.09,1.6,3.9,-3.8,매도주의,장대음봉,잔구간,0.07,-1.26,2026-09-30
ASIX,1.9,15.92,488329,254312,7.77,4.62,1.7,0.6,-1.2,중립,음봉,잔구간,0.34,-0.445,2026-09-30
OGG,1.9,2.82,3786041,2015146,10.68,4.67,2.3,3.6,-2.8,매도주의,음봉,전고점부근,0.11,-1.62,2026-09-30
CCO,1.9,2.35,7989688,4281611,18.78,12.82,1.5,0.0,0.4,매수관심,팽이도지,완만한상승,0.56,0.97,2026-09-30
PSLV,1.9,19.37,10094656,5402219,195.53,130.67,1.5,-0.6,-1.5,강한매도,장대음봉,전저점이탈,0.25,-3.05,2026-09-30
CSQR,1.9,15.81,2268303,1173892,35.86,43.0,0.8,1.1,-1.6,중립,음봉,전저점부근,0.54,0.1,2026-09-30
TENX,1.9,1.89,4223443,2240302,7.98,5.66,1.4,0.0,2.7,중립,양봉,잔구간,0.75,0.5,2026-09-30
PERI,1.9,8.69,454371,245398,3.95,2.77,1.4,0.1,0.9,중립,양봉,잔구간,0.6,0.41,2026-09-30
TAL,1.9,12.07,4643744,2410214,56.05,33.95,1.7,0.6,2.3,강한매수,장대양봉,완만한상승,0.76,3.21,2026-09-30
PACK,1.9,4.15,895418,483872,3.72,2.2,1.7,0.9,-5.9,매도주의,장대음봉,잔구간,0.17,-1.2,2026-09-30
OTF,1.9,9.81,3169463,1702943,31.09,20.15,1.5,-2.7,-1.8,강한매도,장대음봉,전저점이탈,0.15,-3.17,2026-09-30
CMBT,1.9,18.93,1926273,1003954,36.46,18.92,1.9,0.7,-0.8,중립,음봉,잔구간,0.17,-0.55,2026-09-30
ATTO,1.9,17.14,769561,403771,13.19,11.01,1.2,0.2,-5.8,매도주의,장대음봉,잔구간,0.23,-1.16,2026-09-30
SWIM,1.9,6.23,1380757,730187,8.6,5.06,1.7,0.3,1.1,중립,양봉,잔구간,0.47,0.33,2026-09-30
GO,1.9,11.25,3576885,1918003,40.24,21.26,1.9,6.3,-3.4,매도주의,장대음봉,완만한상승,0.32,-1.32,2026-09-30
XRPC,1.9,15.77,550333,292235,8.68,4.63,1.9,2.8,-3.2,매도주의,장대음봉,잔구간,0.05,-1.27,2026-09-30
GMRS,1.9,9.63,1419843,763915,13.67,18.28,0.7,0.0,-2.1,매도주의,음봉,전저점이탈,0.14,-1.88,2026-09-30
ABR,1.8,3.86,9024958,5033938,34.84,24.75,1.4,1.0,-3.7,중립,음봉,전저점부근,0.37,-0.11,2026-09-30
HYLN,1.8,4.17,3273471,1863731,13.65,8.77,1.6,1.0,3.0,매수관심,양봉,완만한상승,0.65,1.78,2026-09-30
FWRG,1.8,10.17,1835466,1022980,18.67,12.98,1.4,0.2,-2.2,중립,음봉,수횡파,0.49,-0.11,2026-09-30
IMMX,1.8,10.405,2409076,1352035,25.07,23.72,1.1,0.7,-1.9,매도주의,위꼬리음봉,잔구간,0.01,-1.045,2026-09-30
IRD,1.8,4.84,2458482,1385251,11.9,10.89,1.1,0.1,-2.4,매도주의,위꼬리음봉,잔구간,0.02,-1.04,2026-09-30
ORC,1.8,5.43,9798606,5525286,53.21,33.07,1.6,-1.2,-4.7,강한매도,장대음봉,전저점이탈,0.06,-3.28,2026-09-30
OABI,1.8,4.96,1928780,1047902,9.57,5.38,1.8,0.4,4.2,강한매수,장대양봉,완만한상승,0.73,3.18,2026-09-30
OIA,1.8,5.73,510602,285688,2.93,1.59,1.8,1.1,1.1,중립,양봉,잔구간,0.83,0.55,2026-09-30
FNKO,1.8,5.41,1306182,725239,7.07,5.35,1.3,0.6,0.9,매수관심,양봉,완만한상승,0.59,1.71,2026-09-30
PNNT,1.8,3.3,696876,380947,2.3,1.74,1.3,0.6,-1.8,매도주의,장대음봉,잔구간,0.2,-1.18,2026-09-30
KPTI,1.8,1.22,1754326,972204,2.14,2.07,1.0,4.6,-3.2,중립,음봉,전저점부근,0.44,-0.02,2026-09-30
CWK,1.8,11.81,3420713,1853895,40.4,24.45,1.7,-0.1,0.6,중립,팽이도지,잔구간,0.69,0.115,2026-09-30
NUS,1.8,4.53,720915,392699,3.27,2.44,1.3,0.9,-2.2,강한매도,장대음봉,전저점이탈,0.25,-3.05,2026-09-30
WULX,1.8,12.71,394678,224873,5.02,4.22,1.2,2.6,-6.7,강한매도,장대음봉,전저점이탈,0.31,-2.98,2026-09-30
SES,1.8,0.6,33095396,17897945,19.86,9.84,2.0,1.8,10.3,강한매수,양봉,전고점돌파,0.5,2.2,2026-09-30
XMAX,1.8,8.63,703937,401096,6.07,4.67,1.3,0.2,-0.5,중립,음봉,잔구간,0.25,-0.5,2026-09-30
WFCpD,1.8,15.27,396073,224537,6.05,3.12,1.9,-0.1,0.7,중립,양봉,잔구간,0.87,0.57,2026-09-30
TU,1.8,8.39,12152109,6795686,101.96,63.22,1.6,0.4,2.4,매수관심,장대양봉,잔구간,0.7,1.12,2026-09-30
MSDL,1.8,13.63,731378,413729,9.97,5.37,1.9,-3.1,-1.4,강한매도,장대음봉,전저점이탈,0.04,-3.3,2026-09-30
DQ,1.8,11.43,898002,493091,10.26,7.57,1.4,1.5,-0.7,매도주의,위꼬리음봉,완만한상승,0.12,-1.06,2026-09-30
DYN,1.8,16.11,4456483,2466503,71.79,46.81,1.5,-1.0,0.4,중립,위꼬리양봉,잔구간,0.22,-0.67,2026-09-30
CAN,1.8,0.345,12701087,7181650,4.38,5.15,0.9,5.0,-11.8,강한매도,장대음봉,전저점이탈,0.09,-3.24,2026-09-30
VYX,1.8,6.84,4603100,2490624,31.49,23.9,1.3,0.8,2.5,중립,양봉,잔구간,0.49,0.345,2026-09-30
SEER,1.8,2.23,752983,413728,1.68,0.69,2.4,0.0,3.7,강한매수,장대양봉,전고점돌파,0.69,3.73,2026-09-30
TRVI,1.8,14.32,2725677,1489349,39.03,24.92,1.6,0.4,-1.1,중립,음봉,잔구간,0.11,-0.585,2026-09-30
ENGN,1.8,2.0,1283136,732879,2.57,1.43,1.8,0.8,1.8,매수관심,양봉,완만한상승,0.78,1.94,2026-09-30
NAK,1.8,1.37,7832277,4303537,10.73,5.76,1.9,4.1,-9.3,매도주의,장대음봉,잔구간,0.03,-1.28,2026-09-30
REM,1.8,18.21,3258056,1786109,59.33,28.29,2.1,0.6,-3.1,강한매도,장대음봉,전저점이탈,0.0,-3.35,2026-09-30
NFJ,1.8,15.05,466335,258680,7.02,4.73,1.5,-0.1,0.1,중립,팽이도지,완만한상승,0.39,0.77,2026-09-30
STDN,1.8,11.81,498438,280277,5.89,6.84,0.9,0.4,-2.2,중립,음봉,잔구간,0.01,-0.645,2026-09-30
BXMT,1.8,11.45,4577533,2484807,52.41,39.11,1.3,-2.5,-4.6,강한매도,장대음봉,전저점이탈,0.02,-3.33,2026-09-30
ETW,1.8,9.5,388747,219171,3.69,2.28,1.6,0.2,-0.5,중립,음봉,잔구간,0.07,-0.61,2026-09-30
VERI,1.8,1.19,4095580,2283027,4.87,2.94,1.7,0.8,-10.5,중립,음봉,잔구간,0.33,-0.45,2026-09-30
ACHV,1.8,8.09,2378245,1314587,19.24,12.13,1.6,5.1,0.1,매수관심,팽이도지,완만한상승,0.54,0.95,2026-09-30
UE,1.7,19.53,1397499,805327,27.29,17.17,1.6,0.6,-1.8,강한매도,장대음봉,전저점이탈,0.0,-3.35,2026-09-30
EWZS,1.7,13.311,458388,277090,6.1,6.63,0.9,1.8,1.3,매수관심,양봉,완만한상승,0.78,1.94,2026-09-30
UEC,1.7,9.45,15250340,8730547,144.12,98.53,1.5,1.9,-0.2,중립,팽이도지,잔구간,0.38,-0.07,2026-09-30
RLJ,1.7,11.05,2412020,1432606,26.65,19.28,1.4,-0.5,0.5,중립,팽이도지,잔구간,0.64,0.085,2026-09-30
OLN,1.7,15.5,3707945,2144273,57.47,43.13,1.3,0.6,-0.1,중립,팽이도지,잔구간,0.56,0.035,2026-09-30
ASPI,1.7,2.65,5916744,3544536,15.68,14.58,1.1,4.7,-4.0,매도주의,장대음봉,잔구간,0.11,-1.235,2026-09-30
MGLD,1.7,1.95,584539,350099,1.14,3.65,0.3,-1.0,-0.5,매도주의,위꼬리음봉,잔구간,0.0,-1.05,2026-09-30
GLNK,1.7,12.6,1090855,638153,13.74,8.05,1.7,0.5,-3.3,매도주의,장대음봉,잔구간,0.25,-1.15,2026-09-30
GNW,1.7,8.97,5464803,3123964,49.02,44.59,1.1,-0.3,-2.5,강한매도,장대음봉,전저점이탈,0.11,-3.22,2026-09-30
EFC,1.7,11.83,2616841,1562490,30.96,20.26,1.5,-0.5,-2.4,강한매도,장대음봉,전저점이탈,0.03,-3.31,2026-09-30
FBDT,1.7,1.04,1757003,1048865,1.83,1.46,1.3,10.8,6.6,매수관심,양봉,완만한상승,0.45,1.54,2026-09-30
CLDT,1.7,13.38,443959,255602,5.94,4.55,1.3,-0.6,-0.1,중립,망치형,잔구간,0.72,0.63,2026-09-30
INSE,1.7,3.44,604054,353980,2.08,1.95,1.1,1.2,3.3,중립,양봉,잔구간,0.42,0.3,2026-09-30
COFpJ,1.7,15.82,359126,207779,5.68,2.95,1.9,-0.1,-0.8,중립,음봉,전저점부근,0.17,-0.35,2026-09-30
HUMA,1.7,0.518,5748653,3450689,2.98,2.23,1.3,1.4,-4.1,매도주의,음봉,전저점이탈,0.19,-1.82,2026-09-30
VIPS,1.7,12.51,3828187,2299625,47.89,31.76,1.5,1.1,0.0,중립,위꼬리양봉,완만한상승,0.12,-0.56,2026-09-30
AKR,1.7,18.74,1638648,958472,30.71,20.7,1.5,-0.8,-1.6,강한매도,장대음봉,전저점이탈,0.14,-3.18,2026-09-30
BGC,1.7,11.53,5610105,3327100,64.68,57.61,1.1,0.4,0.3,중립,팽이도지,잔구간,0.34,-0.095,2026-09-30
SLN,1.7,10.93,1356283,793852,14.82,9.39,1.6,0.5,0.7,중립,팽이도지,잔구간,0.43,-0.04,2026-09-30
FPEI,1.7,18.44,703979,412945,12.98,8.28,1.6,0.0,-0.2,중립,음봉,전저점부근,0.38,-0.09,2026-09-30
KOPN,1.7,4.6,4981139,2903200,22.91,17.75,1.3,0.6,-3.8,강한매도,장대음봉,전저점이탈,0.09,-3.24,2026-09-30
EVGO,1.7,1.26,4980891,2922365,6.28,6.26,1.0,1.5,-6.7,강한매도,장대음봉,전저점이탈,0.04,-3.3,2026-09-30
KT,1.7,18.95,1905255,1128675,36.1,23.44,1.5,-0.1,-1.6,강한매도,장대음봉,전저점이탈,0.31,-2.98,2026-09-30
FEAM,1.7,3.37,1043821,617016,3.52,3.46,1.0,1.5,8.9,강한매수,장대양봉,전고점돌파,0.71,3.75,2026-09-30
CPNG,1.7,13.87,20142933,12104588,279.38,195.18,1.4,0.6,-0.4,중립,망치형,잔구간,0.75,0.65,2026-09-30
CLNE,1.7,1.56,1573451,917713,2.45,3.11,0.8,1.3,-1.9,매도주의,음봉,전저점이탈,0.27,-1.73,2026-09-30
CORN,1.7,19.04,587180,342782,11.18,9.4,1.2,0.5,-2.8,강한매도,장대음봉,전저점이탈,0.13,-3.19,2026-09-30
ISD,1.7,11.74,308147,182905,3.62,2.1,1.7,0.3,-0.2,중립,팽이도지,잔구간,0.47,-0.02,2026-09-30
IVA,1.7,3.69,4802651,2777435,17.72,8.36,2.1,6.7,5.1,중립,양봉,전고점부근,0.49,0.24,2026-09-30
CNDT,1.7,1.56,1577006,955308,2.46,1.8,1.4,1.9,-3.1,중립,음봉,잔구간,0.0,-0.65,2026-09-30
AIV,1.7,1.98,3734613,2143996,7.39,4.82,1.5,1.0,-4.8,강한매도,장대음봉,전저점이탈,0.38,-2.89,2026-09-30
ACRE,1.7,3.84,1120379,676841,4.3,2.35,1.8,-1.9,-4.7,강한매도,장대음봉,전저점이탈,0.05,-3.29,2026-09-30
HDSN,1.7,5.15,681778,390243,3.51,2.26,1.6,0.0,0.0,강한매수,양봉스프링,완만한상승,0.9,2.88,2026-09-30
MICC,1.7,17.78,1048235,629922,18.64,13.1,1.4,-1.5,-2.7,강한매도,장대음봉,전저점이탈,0.04,-3.3,2026-09-30
VREX,1.7,18.45,872049,499500,16.09,10.85,1.5,-0.1,-0.1,중립,음봉,잔구간,0.0,-0.65,2026-09-30
ENVX,1.7,2.9,9431072,5640344,27.35,21.88,1.3,1.1,4.3,매수관심,양봉,완만한상승,0.62,1.74,2026-09-30
LUCD,1.7,0.751,1776965,1039018,1.33,1.05,1.3,0.8,-7.9,강한매도,장대음봉,전저점이탈,0.15,-3.17,2026-09-30
EMD,1.7,9.36,332273,189917,3.11,2.24,1.4,0.3,-2.0,중립,음봉,잔구간,0.06,-0.615,2026-09-30
LTGO,1.7,16.7,532592,308227,8.89,10.83,0.8,-0.3,-7.4,매도주의,장대음봉,잔구간,0.22,-1.17,2026-09-30
NEXN,1.7,9.0,578127,344211,5.2,3.42,1.5,0.0,0.8,강한매수,양봉스프링,완만한상승,0.94,2.93,2026-09-30
BTX,1.7,8.98,611262,362833,5.49,3.29,1.7,0.9,-0.6,중립,음봉,완만한상승,0.26,-0.09,2026-09-30
ARKO,1.7,4.12,1028956,609305,4.24,3.77,1.1,-0.2,0.5,강한매수,양봉스프링,완만한상승,0.85,2.82,2026-09-30
KBWD,1.6,11.05,700519,446743,7.74,5.19,1.5,0.4,-2.1,강한매도,장대음봉,전저점이탈,0.0,-3.35,2026-09-30
RXRX,1.6,4.13,32785908,20451121,135.41,96.79,1.4,1.5,1.0,매수관심,팽이도지,완만한상승,0.48,0.88,2026-09-30
RPAY,1.6,3.62,637349,391598,2.31,1.6,1.4,0.8,-3.5,강한매도,장대음봉,전저점이탈,0.11,-3.22,2026-09-30
TDAY,1.6,6.29,2728767,1697212,17.16,13.08,1.3,-0.3,0.2,중립,위꼬리양봉,잔구간,0.14,-0.715,2026-09-30
PCT,1.6,4.41,10635118,6544038,46.9,28.84,1.6,2.3,-2.6,중립,음봉,잔구간,0.43,-0.39,2026-09-30
HUYA,1.6,2.28,1291504,784042,2.94,2.1,1.4,0.0,-1.7,중립,음봉,잔구간,0.12,-0.58,2026-09-30
AVO,1.6,13.11,1192664,735777,15.64,12.09,1.3,0.5,-0.2,매수관심,팽이도지,완만한상승,0.42,0.8,2026-09-30
ABSI,1.6,10.77,5432372,3405763,58.51,48.82,1.2,2.1,4.0,매수관심,양봉,완만한상승,0.77,1.92,2026-09-30
ACDC,1.6,4.34,1642647,1023275,7.13,6.55,1.1,1.2,1.6,중립,팽이도지,잔구간,0.73,0.14,2026-09-30
GANX,1.6,1.73,787967,477854,1.36,0.88,1.5,1.2,1.8,중립,위꼬리양봉,잔구간,0.27,-0.64,2026-09-30
ZURA,1.6,4.16,3325658,2053266,13.83,7.91,1.7,1.0,3.0,중립,양봉,잔구간,0.72,0.48,2026-09-30
ICL,1.6,5.02,1656426,1023369,8.32,6.18,1.3,-1.3,-1.7,매도주의,장대음봉,전저점부근,0.05,-1.79,2026-09-30
PAYP,1.6,15.7,891595,544343,14.0,9.61,1.5,0.3,-1.1,매도주의,음봉,전저점이탈,0.13,-1.89,2026-09-30
STWD,1.6,13.5,7858208,4843889,106.09,74.11,1.4,-2.4,-3.6,강한매도,장대음봉,전저점이탈,0.0,-3.35,2026-09-30
FOXF,1.6,18.37,853164,545820,15.67,10.75,1.5,0.7,-2.4,중립,음봉,잔구간,0.0,-0.65,2026-09-30
FMC,1.6,8.92,5768229,3522122,51.45,43.34,1.2,0.0,-1.9,매도주의,음봉,전저점이탈,0.17,-1.85,2026-09-30
RMIX,1.6,12.87,821567,502857,10.57,5.32,2.0,1.5,1.3,중립,위꼬리양봉,잔구간,0.33,-0.6,2026-09-30
ASTL,1.6,4.17,1007870,615775,4.2,3.24,1.3,0.2,-1.0,중립,음봉,수횡파,0.08,-0.6,2026-09-30
SBGI,1.6,12.69,687700,439492,8.73,6.72,1.3,0.8,-1.3,매도주의,장대음봉,잔구간,0.11,-1.235,2026-09-30
COUR,1.6,4.96,14462975,8827237,71.74,38.56,1.9,6.2,0.0,중립,팽이도지,잔구간,0.44,-0.035,2026-09-30
BLSM,1.6,18.64,362166,224070,6.75,6.98,1.0,-0.6,-12.2,강한매도,장대음봉,전저점이탈,0.08,-3.25,2026-09-30
LEGN,1.6,19.89,2955980,1877572,58.79,41.63,1.4,0.4,5.2,강한매수,장대양봉,전고점돌파,0.9,3.98,2026-09-30
TpC,1.6,16.33,406166,251653,6.63,3.85,1.7,-0.2,-0.1,중립,팽이도지,잔구간,0.36,-0.085,2026-09-30
OEC,1.6,5.62,662997,423676,3.73,2.79,1.3,0.0,-3.3,매도주의,장대음봉,잔구간,0.32,-1.11,2026-09-30
KVUE,1.6,17.66,25407189,16098985,448.69,346.34,1.3,0.9,-2.3,매도주의,장대음봉,잔구간,0.0,-1.3,2026-09-30
LXEO,1.6,3.38,3053793,1955219,10.32,7.61,1.4,0.6,-1.7,중립,팽이도지,잔구간,0.33,-0.1,2026-09-30
LYNX,1.6,12.34,521370,320748,6.43,5.71,1.1,0.8,-1.4,중립,음봉,잔구간,0.55,-0.32,2026-09-30
MARO,1.6,3.91,1038444,629420,4.06,2.95,1.4,2.6,-6.9,강한매도,장대음봉,전저점이탈,0.03,-3.31,2026-09-30
REPL,1.6,13.24,3081759,1927117,40.8,26.65,1.5,-0.1,1.9,매수관심,팽이도지,완만한상승,0.59,1.01,2026-09-30
CABO,1.6,11.02,568423,354253,6.26,6.8,0.9,0.3,0.5,중립,팽이도지,잔구간,0.54,0.025,2026-09-30
SSYS,1.6,8.31,917157,564031,7.62,5.51,1.4,0.5,-2.8,매도주의,장대음봉,잔구간,0.03,-1.28,2026-09-30
ALLO,1.6,1.6,8132422,5131814,13.01,10.11,1.3,-0.6,-0.6,중립,팽이도지,전저점부근,0.25,0.45,2026-09-30
LEO,1.6,5.56,414363,254411,2.3,1.29,1.8,0.2,1.5,매수관심,장대양봉,잔구간,0.62,1.07,2026-09-30
NU,1.6,12.66,104333816,66120075,1320.87,1031.57,1.3,0.3,2.2,강한매수,양봉,완만한상승,0.84,2.01,2026-09-30
STGW,1.6,8.14,1406688,898934,11.45,10.71,1.1,0.2,-0.7,매도주의,위꼬리음봉,잔구간,0.11,-0.985,2026-09-30
DNA,1.6,12.83,4652868,2823208,59.7,24.68,2.4,-0.5,7.8,강한매수,장대양봉,전고점돌파,0.62,3.64,2026-09-30
REF,1.6,12.04,737536,471698,8.88,12.32,0.7,-0.1,-1.8,매도주의,음봉,전저점이탈,0.26,-1.74,2026-09-30
NAC,1.6,10.25,2171285,1385075,22.26,16.65,1.3,0.4,-0.2,매도주의,위꼬리음봉,잔구간,0.16,-0.955,2026-09-30
APLX,1.6,6.86,3580255,2172802,24.56,18.47,1.3,1.9,-9.4,매도주의,장대음봉,전저점부근,0.03,-1.81,2026-09-30
MREO,1.6,0.402,3067152,1923318,1.23,0.68,1.8,-0.8,8.5,강한매수,양봉,전고점돌파,0.6,2.32,2026-09-30
TSLT,1.6,12.61,2442379,1494544,30.8,25.22,1.2,-0.6,1.7,매수관심,양봉스프링,잔구간,0.97,1.03,2026-09-30
SMPL,1.6,9.49,2929324,1787773,27.8,22.58,1.2,0.3,-1.6,매도주의,장대음봉,잔구간,0.1,-1.24,2026-09-30
SMCL,1.6,19.21,844864,525520,16.23,12.38,1.3,5.5,-5.1,중립,음봉,완만한상승,0.27,-0.08,2026-09-30
SMU,1.6,15.96,543864,338832,8.68,12.57,0.7,3.4,-0.1,중립,팽이도지,잔구간,0.31,-0.115,2026-09-30
DXC,1.6,10.83,3662126,2295595,39.66,31.84,1.2,0.8,4.0,매수관심,장대양봉,잔구간,0.91,1.245,2026-09-30
AERO,1.6,15.79,453247,286679,7.16,6.06,1.2,0.2,-0.5,중립,망치형,잔구간,0.62,0.57,2026-09-30
VOXR,1.6,5.02,632074,396923,3.17,2.48,1.3,0.7,-1.6,매도주의,장대음봉,잔구간,0.08,-1.25,2026-09-30
AGEN,1.6,9.93,1367323,833270,13.58,10.35,1.3,0.3,0.1,매수관심,팽이도지,완만한상승,0.45,0.84,2026-09-30
HPK,1.6,8.16,625168,401160,5.1,5.7,0.9,0.4,4.3,강한매수,장대양봉,전고점부근,0.9,2.03,2026-09-30
HITI,1.6,2.73,1237809,787768,3.38,2.34,1.4,-3.2,0.7,중립,팽이도지,잔구간,0.46,-0.025,2026-09-30
HBR,1.6,14.74,556739,340043,8.21,3.91,2.1,5.0,-0.6,강한매수,망치형,완만한상승,0.76,2.21,2026-09-30
WY,1.6,19.05,11009132,6903181,209.72,163.26,1.3,0.5,-3.1,강한매도,장대음봉,전저점이탈,0.0,-3.35,2026-09-30
XPOF,1.6,4.5,1385715,853695,6.24,3.21,1.9,-0.9,3.2,강한매수,양봉,전고점돌파,0.9,2.68,2026-09-30
GOF,1.5,8.51,4009901,2717854,34.12,26.14,1.3,0.8,-1.0,중립,음봉,잔구간,0.07,-0.61,2026-09-30
WLTH,1.5,10.38,2849792,1930802,29.58,41.72,0.7,0.2,2.6,중립,팽이도지,잔구간,0.67,0.1,2026-09-30
ADTN,1.5,6.835,1856555,1262107,12.69,11.63,1.1,0.9,-1.4,중립,음봉,잔구간,0.51,-0.345,2026-09-30
AGNC,1.5,9.07,54968777,37252088,498.57,498.18,1.0,-0.4,-3.6,강한매도,장대음봉,전저점이탈,0.05,-3.29,2026-09-30
WEST,1.5,8.04,439824,302207,3.54,2.98,1.2,0.4,-1.3,중립,음봉,잔구간,0.38,-0.42,2026-09-30
BMBL,1.5,2.63,2836122,1833902,7.46,5.65,1.3,0.4,1.9,중립,양봉,잔구간,0.4,0.29,2026-09-30
MNSO,1.5,9.29,1005148,679116,9.34,7.14,1.3,2.6,-1.8,매도주의,장대음봉,전고점돌파,0.03,-1.06,2026-09-30
MITT,1.5,5.73,640531,413965,3.67,3.03,1.2,-2.8,-1.2,매도주의,음봉,전저점이탈,0.08,-1.95,2026-09-30
DUG,1.5,15.5,322947,220779,5.01,3.53,1.4,-0.6,0.8,강한매수,양봉,완만한상승,0.88,2.06,2026-09-30
MORT,1.5,8.41,3164023,2117174,26.61,17.11,1.6,0.8,-3.1,강한매도,장대음봉,전저점이탈,0.0,-3.35,2026-09-30
VRRM,1.5,3.1,7468730,5090597,23.15,30.19,0.8,1.6,0.3,중립,팽이도지,잔구간,0.39,-0.065,2026-09-30
MPG,1.5,3.67,411644,266274,1.51,1.01,1.5,2.3,5.2,중립,양봉,잔구간,0.47,0.33,2026-09-30
MQ,1.5,16.995,1610605,1072688,27.37,15.74,1.7,0.0,-0.1,중립,망치형,잔구간,0.72,0.63,2026-09-30
MQY,1.5,9.93,1983065,1297300,19.69,11.51,1.7,0.0,0.2,중립,위꼬리양봉,잔구간,0.15,-0.71,2026-09-30
BDJ,1.5,9.4,646892,431525,6.08,4.3,1.4,0.5,-1.5,강한매도,장대음봉,전저점이탈,0.0,-3.35,2026-09-30
BBNX,1.5,18.98,1456387,962799,27.64,42.24,0.7,-1.0,-1.2,중립,팽이도지,전저점이탈,0.5,-0.75,2026-09-30
BBDC,1.5,8.62,645235,441886,5.56,4.31,1.3,0.8,-1.9,매도주의,장대음봉,잔구간,0.06,-1.265,2026-09-30
TpA,1.5,17.3,310576,204022,5.37,3.47,1.5,0.0,-0.7,매도주의,음봉,전저점이탈,0.21,-1.8,2026-09-30
ANNX,1.5,4.23,4411914,2967411,18.66,14.32,1.3,1.5,1.0,매수관심,양봉스프링,잔구간,0.82,0.94,2026-09-30
SNAP,1.5,5.4,39811371,26803671,214.98,171.67,1.3,1.9,-0.7,매도주의,위꼬리음봉,잔구간,0.03,-1.03,2026-09-30
MUD,1.5,9.07,7934577,5266113,71.97,53.08,1.4,-1.0,0.8,중립,양봉,잔구간,0.75,0.5,2026-09-30
MUST,1.5,19.12,342833,228294,6.55,4.38,1.5,0.3,0.7,매수관심,장대양봉,잔구간,0.72,1.13,2026-09-30
APLE,1.5,16.16,3322932,2224043,53.7,44.2,1.2,-0.1,-0.6,중립,음봉,잔구간,0.07,-0.61,2026-09-30
NCMI,1.5,2.24,2680813,1803881,6.01,3.36,1.8,1.3,-3.9,중립,음봉,수횡파,0.47,-0.14,2026-09-30
DNN,1.5,2.59,34326923,22658071,88.91,65.32,1.4,1.2,-1.1,매도주의,위꼬리음봉,완만한상승,0.19,-0.97,2026-09-30
TMC,1.5,3.84,6044848,4114922,23.21,17.35,1.3,2.4,0.3,중립,위꼬리양봉,잔구간,0.06,-0.765,2026-09-30
PWP,1.5,16.31,3010366,2020395,49.1,42.9,1.1,-0.5,0.2,매수관심,양봉스프링,잔구간,0.82,0.94,2026-09-30
TTI,1.5,5.87,2220349,1512746,13.03,10.99,1.2,0.2,0.9,중립,양봉,잔구간,0.64,0.435,2026-09-30
MEC,1.5,15.0,883416,598041,13.25,11.51,1.2,1.3,-9.3,강한매도,장대음봉,전저점이탈,0.09,-3.24,2026-09-30
VKI,1.5,7.48,415398,276604,3.11,2.19,1.4,0.4,-1.7,중립,음봉,잔구간,0.0,-0.65,2026-09-30
JBIO,1.5,14.05,930921,636786,13.08,17.44,0.7,1.8,-2.6,중립,음봉,잔구간,0.13,-0.57,2026-09-30
IVR,1.5,6.07,4400754,2994137,26.71,21.93,1.2,1.1,-4.1,강한매도,장대음봉,전저점이탈,0.05,-3.29,2026-09-30
CLM,1.5,6.4,2128030,1462239,13.62,12.4,1.1,0.6,-0.5,중립,음봉,완만한상승,0.14,-0.23,2026-09-30
CLRO,1.5,5.23,769382,511944,4.02,15.32,0.3,-5.7,21.6,매수관심,장대양봉,잔구간,0.81,1.185,2026-09-30
ASTX,1.5,9.6,6033385,3912175,57.92,41.27,1.4,1.9,-3.5,매도주의,위꼬리음봉,수횡파,0.04,-1.45,2026-09-30
ASLE,1.5,5.24,538584,348089,2.82,2.74,1.0,0.2,-1.5,매도주의,장대음봉,잔구간,0.06,-1.265,2026-09-30
BRBR,1.5,7.69,4817935,3168640,37.05,30.6,1.2,1.0,-1.8,매도주의,장대음봉,잔구간,0.21,-1.175,2026-09-30
TEO,1.5,12.27,313946,212012,3.85,2.96,1.3,0.4,0.6,중립,팽이도지,잔구간,0.68,0.11,2026-09-30
PINS,1.5,18.89,16143654,10662758,304.95,304.67,1.0,-0.4,2.3,매수관심,양봉,완만한상승,0.72,1.86,2026-09-30
PRLD,1.5,3.91,703218,477470,2.75,2.51,1.1,1.5,-2.7,매도주의,장대음봉,잔구간,0.31,-1.115,2026-09-30
NZF,1.5,10.83,2118199,1448298,22.94,17.13,1.3,0.9,1.1,중립,양봉,잔구간,0.65,0.44,2026-09-30
NVOX,1.5,9.41,948441,636873,8.92,7.32,1.2,-1.6,-0.9,강한매도,위꼬리음봉,전저점이탈,0.02,-2.83,2026-09-30
LADR,1.5,8.73,2387303,1617408,20.84,15.08,1.4,-1.4,-1.9,강한매도,장대음봉,전저점이탈,0.09,-3.24,2026-09-30
NWCL,1.5,7.85,510939,334825,4.01,3.14,1.3,0.0,9.3,중립,양봉,잔구간,0.58,0.4,2026-09-30
CRTO,1.5,15.2,405841,274679,6.17,3.94,1.6,0.0,-1.6,매도주의,음봉,전저점이탈,0.09,-1.94,2026-09-30
BNL,1.5,18.5,2320684,1509471,42.93,41.26,1.0,-1.1,-0.9,강한매도,장대음봉,전저점이탈,0.05,-3.29,2026-09-30
AZ,1.5,5.75,403558,263367,2.32,2.09,1.1,0.7,3.0,매수관심,장대양봉,잔구간,0.82,1.19,2026-09-30
LBRT,1.5,18.22,6615521,4319932,120.53,73.56,1.6,-1.6,0.4,중립,팽이도지,잔구간,0.67,0.1,2026-09-30
UPB,1.5,5.27,851221,559788,4.49,3.02,1.5,0.8,0.8,중립,팽이도지,잔구간,0.4,-0.06,2026-09-30
VERX,1.5,11.78,1719548,1163547,20.26,16.05,1.3,0.3,5.4,매수관심,장대양봉,잔구간,0.98,1.29,2026-09-30
CABA,1.5,1.92,8052162,5375322,15.46,13.99,1.1,1.5,-4.5,강한매도,장대음봉,전저점이탈,0.18,-3.13,2026-09-30
CAL,1.5,12.18,626209,413638,7.63,6.32,1.2,1.4,-3.6,매도주의,장대음봉,잔구간,0.36,-1.085,2026-09-30
BSCU,1.5,16.14,1182520,780614,19.09,14.98,1.3,0.2,-0.2,매도주의,장대음봉,완만한상승,0.4,-1.22,2026-09-30
EOLS,1.5,8.0,624366,415514,4.99,4.85,1.0,-0.3,0.4,매수관심,팽이도지,완만한상승,0.46,0.85,2026-09-30
SGHT,1.5,9.36,571345,392813,5.35,2.82,1.9,0.4,-0.3,매수관심,팽이도지,완만한상승,0.44,0.83,2026-09-30
IRT,1.5,14.53,5282226,3607535,76.75,53.54,1.4,-0.3,-1.7,매도주의,장대음봉,잔구간,0.22,-1.17,2026-09-30
FTCA,1.5,6.85,687340,447532,4.71,3.12,1.5,0.7,0.4,중립,양봉,잔구간,0.57,0.39,2026-09-30
INN,1.5,5.97,1501509,1007188,8.96,7.58,1.2,0.5,0.5,중립,팽이도지,전고점부근,0.54,-0.4,2026-09-30
HEPS,1.5,2.46,558600,371831,1.37,1.41,1.0,-0.8,-1.6,중립,음봉,잔구간,0.3,-0.47,2026-09-30
HGTY,1.5,13.46,447257,296744,6.02,4.99,1.2,0.0,-0.7,중립,음봉,잔구간,0.35,-0.44,2026-09-30
ARVN,1.5,7.735,1061021,699405,8.21,6.48,1.3,0.7,2.5,중립,양봉,잔구간,0.49,0.345,2026-09-30
ABUS,1.5,4.78,16876018,11255789,80.67,44.58,1.8,-0.3,2.2,매수관심,양봉,완만한상승,0.38,1.46,2026-09-30
AVPT,1.5,14.08,3112982,2094485,43.83,29.97,1.5,0.5,3.2,강한매수,장대양봉,전고점돌파,0.7,3.74,2026-09-30
STUB,1.5,5.58,10453419,7153309,58.33,46.29,1.3,0.6,4.5,매수관심,양봉,완만한상승,0.67,1.8,2026-09-30
ABAT,1.5,2.21,3187415,2097710,7.04,6.73,1.0,1.8,-0.9,매도주의,위꼬리음봉,완만한상승,0.1,-1.08,2026-09-30
AAPD,1.5,10.29,8014922,5497778,82.47,63.68,1.3,-0.4,-0.8,중립,망치형,잔구간,0.71,0.625,2026-09-30
GTN,1.5,4.5,1440761,952708,6.48,4.67,1.4,0.7,-0.9,중립,음봉,전저점부근,0.16,-0.36,2026-09-30
HPP,1.5,11.54,923405,629220,10.66,7.0,1.5,1.3,-2.3,중립,음봉,잔구간,0.47,-0.37,2026-09-30
COLD,1.5,13.98,4150433,2822412,58.02,50.82,1.1,-1.2,-2.6,강한매도,장대음봉,전저점이탈,0.23,-3.07,2026-09-30
PFLT,1.5,6.91,840899,557021,5.81,4.78,1.2,0.4,-1.7,매도주의,장대음봉,잔구간,0.0,-1.3,2026-09-30
BLDP,1.5,2.04,2951061,1945848,6.02,4.82,1.2,-0.5,-2.4,매도주의,음봉,전저점이탈,0.38,-1.59,2026-09-30
BGS,1.5,2.87,2747165,1826237,7.88,7.14,1.1,-2.6,-4.0,강한매도,장대음봉,전저점이탈,0.21,-3.1,2026-09-30
BEZ,1.5,4.985,7377719,4906243,36.78,30.92,1.2,-4.0,14.3,강한매수,장대양봉,완만한상승,0.99,3.49,2026-09-30
SHOE,1.5,12.79,1460180,969110,18.68,17.37,1.1,0.2,-2.4,매도주의,음봉,전저점이탈,0.42,-1.55,2026-09-30
PSKY,1.5,10.33,31994462,21599506,330.5,352.46,0.9,1.3,2.1,매수관심,양봉,완만한상승,0.75,1.9,2026-09-30
BSOL,1.5,16.15,6191961,4241731,100.0,75.32,1.3,2.8,-4.1,매도주의,장대음봉,잔구간,0.05,-1.27,2026-09-30
PUMP,1.5,8.84,5876435,3900865,51.95,43.71,1.2,0.7,-1.1,강한매수,망치형,전저점부근,0.68,2.9699999999999998,2026-09-30
YMM,1.5,8.27,9082733,5894670,75.11,46.86,1.6,0.6,-0.6,중립,음봉,완만한상승,0.17,-0.2,2026-09-30
RILY,1.5,4.885,658561,444192,3.22,4.12,0.8,0.8,-1.5,매도주의,위꼬리음봉,잔구간,0.1,-0.99,2026-09-30
AIRS,1.5,1.76,1131248,730755,1.99,1.92,1.0,2.2,-4.3,중립,음봉,전저점부근,0.47,0.01,2026-09-30
AIFF,1.5,1.53,1181645,771808,1.81,31.54,0.1,-0.6,-5.0,중립,음봉,잔구간,0.4,-0.41,2026-09-30
AI,1.5,10.99,5330564,3505571,58.58,45.3,1.3,1.1,5.2,매수관심,장대양봉,잔구간,0.89,1.235,2026-09-30
IBX,1.5,15.39,593338,395379,9.13,7.53,1.2,0.7,-0.6,중립,팽이도지,잔구간,0.38,-0.07,2026-09-30
HYPD,1.5,3.745,853923,566952,3.2,2.24,1.4,2.0,-8.0,매도주의,장대음봉,잔구간,0.21,-1.175,2026-09-30
SENS,1.4,10.17,922470,662400,9.38,8.36,1.1,0.7,0.5,중립,위꼬리양봉,완만한상승,0.25,-0.4,2026-09-30
MMU,1.4,8.93,436579,314877,3.9,2.57,1.5,0.5,1.0,중립,양봉,잔구간,0.56,0.385,2026-09-30
DLY,1.4,13.37,546905,381646,7.31,4.12,1.8,-0.2,1.4,매수관심,장대양봉,전고점부근,0.82,1.93,2026-09-30
AQN,1.4,5.03,6050709,4226599,30.44,21.34,1.4,0.6,-1.0,중립,음봉,잔구간,0.11,-0.585,2026-09-30
NEOG,1.4,12.8,6887000,4921045,88.15,76.95,1.1,-1.2,1.7,매수관심,양봉,완만한상승,0.48,1.58,2026-09-30
TROX,1.4,3.95,2323785,1691606,9.18,9.32,1.0,-0.3,-0.8,중립,팽이도지,잔구간,0.42,-0.05,2026-09-30
TV,1.4,2.28,1055594,731756,2.41,3.64,0.7,0.0,-3.0,매도주의,음봉,전저점이탈,0.12,-1.91,2026-09-30
EIKN,1.4,8.04,585753,432843,4.71,6.28,0.7,0.5,1.1,매수관심,팽이도지,완만한상승,0.73,1.18,2026-09-30
MCHB,1.4,14.78,576914,418643,8.53,8.71,1.0,0.5,-1.1,중립,음봉,잔구간,0.31,-0.465,2026-09-30
SPCH,1.4,10.05,23015408,16904501,231.3,212.53,1.1,-0.8,3.0,매수관심,양봉,완만한상승,0.65,1.78,2026-09-30
AMPX,1.4,9.68,6890781,5021409,66.7,56.78,1.2,2.3,-0.7,매도주의,위꼬리음봉,잔구간,0.16,-0.955,2026-09-30
TWI,1.4,6.78,808393,564013,5.48,4.25,1.3,-0.4,-1.7,매도주의,음봉,전저점이탈,0.29,-1.7,2026-09-30
DNUT,1.4,2.87,2419763,1690894,6.94,6.47,1.1,1.7,-2.0,매도주의,장대음봉,전저점부근,0.0,-1.85,2026-09-30
DOUG,1.4,1.52,664756,490225,1.01,0.88,1.1,0.7,-0.7,중립,망치형,잔구간,0.75,0.65,2026-09-30
MGPI,1.4,13.25,403970,295690,5.35,4.63,1.2,0.4,-1.1,중립,망치형,잔구간,0.6,0.56,2026-09-30
MRTN,1.4,12.92,997414,701925,12.89,13.02,1.0,0.3,-1.4,매도주의,장대음봉,잔구간,0.1,-1.24,2026-09-30
BBOT,1.4,4.1,736320,530457,3.02,2.74,1.1,0.5,4.1,중립,양봉,잔구간,0.82,0.54,2026-09-30
AMPY,1.4,4.21,728354,516751,3.07,2.2,1.4,1.0,0.5,중립,양봉,잔구간,0.54,0.375,2026-09-30
BEKE,1.4,16.85,9261872,6673886,156.06,100.76,1.5,2.7,-1.2,중립,음봉,완만한상승,0.07,-0.32,2026-09-30
HLIT,1.4,10.56,1408146,973022,14.87,17.28,0.9,0.9,-0.8,중립,음봉,잔구간,0.2,-0.53,2026-09-30
XPRO,1.4,15.77,923048,681563,14.56,13.9,1.0,-0.7,-0.6,강한매도,위꼬리음봉,전저점이탈,0.06,-2.78,2026-09-30
XHLD,1.4,0.648,3742705,2678862,2.43,34.02,0.1,-1.9,-11.1,매도주의,장대음봉,전저점부근,0.28,-1.51,2026-09-30
QMLS,1.4,6.48,471958,346558,3.06,4.75,0.6,-3.1,2.4,중립,위꼬리양봉,잔구간,0.31,-0.615,2026-09-30
QNST,1.4,15.01,1421646,1052975,21.34,21.48,1.0,0.4,3.5,강한매수,장대양봉,완만한상승,0.7,3.14,2026-09-30
VRA,1.4,4.62,393808,291265,1.82,2.5,0.7,0.7,7.4,강한매수,장대양봉,전고점돌파,0.84,3.91,2026-09-30
CADL,1.4,10.44,1268853,882575,13.25,12.99,1.0,1.3,-5.3,강한매도,장대음봉,전저점이탈,0.08,-3.25,2026-09-30
REZI,1.4,18.15,2010262,1394295,36.49,39.76,0.9,0.3,-0.2,중립,팽이도지,잔구간,0.68,0.11,2026-09-30
RGNX,1.4,7.53,1788568,1301217,13.47,12.47,1.1,0.5,0.5,중립,팽이도지,완만한상승,0.35,0.72,2026-09-30
NPB,1.4,14.57,349372,250305,5.09,5.33,1.0,-0.8,-1.0,매도주의,음봉,전저점이탈,0.33,-1.65,2026-09-30
NMCO,1.4,8.89,997321,717306,8.87,5.83,1.5,1.1,0.6,중립,양봉,잔구간,0.67,0.45,2026-09-30
MBC,1.4,7.0,5140696,3594965,35.98,29.51,1.2,1.4,-1.0,매수관심,팽이도지,완만한상승,0.51,0.91,2026-09-30
CALY,1.4,14.09,2680530,1856630,37.77,38.54,1.0,0.5,-1.0,중립,음봉,전저점부근,0.09,-0.44,2026-09-30
DBGI,1.4,4.79,312959,220735,1.5,2.96,0.5,1.8,3.2,중립,위꼬리양봉,완만한상승,0.35,-0.28,2026-09-30
NHP,1.4,16.04,1005493,719325,16.13,16.01,1.0,-0.4,-0.8,중립,팽이도지,잔구간,0.45,-0.03,2026-09-30
TCPC,1.4,4.0,869241,628514,3.48,3.46,1.0,0.7,-2.7,매도주의,장대음봉,잔구간,0.14,-1.215,2026-09-30
RQI,1.4,10.9,899697,648712,9.81,7.53,1.3,0.7,-2.2,강한매도,장대음봉,전저점이탈,0.0,-3.35,2026-09-30
CIG,1.4,2.1,5218436,3657703,10.96,10.31,1.1,2.4,0.0,중립,팽이도지,잔구간,0.33,-0.1,2026-09-30
OGN,1.4,13.7,2066468,1511432,28.31,28.73,1.0,0.0,-0.3,매도주의,장대음봉,잔구간,0.0,-1.3,2026-09-30
RTO,1.4,19.75,3813405,2674551,75.31,50.62,1.5,0.6,-2.1,강한매도,장대음봉,전저점이탈,0.14,-3.18,2026-09-30
SAFE,1.4,11.77,877023,615108,10.32,8.55,1.2,-0.7,-1.3,매도주의,음봉,전저점이탈,0.07,-1.97,2026-09-30
BMNZ,1.4,4.28,5423284,3819110,23.21,20.54,1.1,-5.0,7.3,강한매수,양봉,완만한상승,0.88,2.06,2026-09-30
RYAM,1.4,7.97,1195368,840198,9.53,7.31,1.3,2.0,-2.4,매도주의,장대음봉,전저점부근,0.05,-1.79,2026-09-30
KLXE,1.4,1.45,976312,712044,1.42,1.78,0.8,-1.4,1.4,강한매수,양봉스프링,완만한상승,0.87,2.84,2026-09-30
KYIV,1.4,12.34,507332,359702,6.26,4.37,1.4,-0.2,-3.2,강한매도,장대음봉,전저점이탈,0.07,-3.27,2026-09-30
BRRKU,1.4,9.99,337553,233354,3.37,12.81,0.3,0.0,-0.1,매도주의,위꼬리음봉,잔구간,0.04,-1.025,2026-09-30
LAND,1.4,9.46,720935,509682,6.82,5.21,1.3,0.6,-0.8,중립,망치형,잔구간,0.66,0.595,2026-09-30
EVLV,1.4,4.65,2616130,1924765,12.17,11.46,1.1,0.2,-1.5,중립,음봉,잔구간,0.2,-0.53,2026-09-30
NXP,1.4,13.43,660962,485942,8.88,5.01,1.8,0.0,1.7,강한매수,장대양봉,완만한상승,1.0,3.5,2026-09-30
NVRI,1.4,19.53,390385,288738,7.62,6.87,1.1,0.7,-0.6,매수관심,팽이도지,완만한상승,0.44,0.83,2026-09-30
NWBI,1.4,14.84,1450333,1012606,21.52,20.4,1.1,0.1,-0.7,중립,팽이도지,전저점부근,0.25,0.45,2026-09-30
EYPT,1.4,3.27,3437253,2422906,11.24,15.03,0.7,0.0,-4.4,매도주의,장대음봉,전저점부근,0.1,-1.73,2026-09-30
EVEX,1.4,1.93,1295128,907424,2.5,2.23,1.1,0.5,-1.0,강한매도,위꼬리음봉,전저점이탈,0.0,-2.85,2026-09-30
PRTA,1.4,8.38,634780,463274,5.32,4.97,1.1,2.3,-6.7,매도주의,장대음봉,잔구간,0.02,-1.29,2026-09-30
CGNT,1.4,8.69,658364,462179,5.72,4.87,1.2,0.6,1.8,매수관심,양봉,완만한상승,0.71,1.85,2026-09-30
LION,1.4,11.2,3620161,2671218,40.55,37.1,1.1,0.4,-0.4,매도주의,위꼬리음봉,잔구간,0.24,-0.905,2026-09-30
BV,1.4,10.0,1150906,813713,11.51,9.7,1.2,0.5,-1.1,중립,음봉,잔구간,0.23,-0.51,2026-09-30
RA,1.4,11.55,362041,256773,4.18,3.0,1.4,-0.5,0.0,중립,위꼬리양봉,잔구간,0.07,-0.76,2026-09-30
LOMA,1.4,9.2,573685,399009,5.28,3.58,1.5,0.7,0.0,중립,팽이도지,잔구간,0.63,0.08,2026-09-30
LEVI,1.4,19.7,3161947,2198452,62.29,51.33,1.2,-0.2,-0.1,중립,망치형,잔구간,0.84,0.705,2026-09-30
EROC,1.4,12.26,2500168,1796747,30.65,35.41,0.9,2.6,-1.5,중립,팽이도지,잔구간,0.35,-0.09,2026-09-30
LILAK,1.4,8.22,1861132,1316065,15.3,13.55,1.1,0.3,-2.3,매도주의,음봉,전저점이탈,0.31,-1.68,2026-09-30
UUUU,1.4,11.03,9295997,6447455,102.53,84.87,1.2,1.3,-0.9,매도주의,위꼬리음봉,잔구간,0.23,-0.91,2026-09-30
UROY,1.4,4.04,3439827,2540442,13.9,25.02,0.6,0.0,-1.0,매도주의,위꼬리음봉,잔구간,0.04,-1.025,2026-09-30
ALT,1.4,2.86,4922486,3522803,14.08,13.87,1.0,0.7,-4.3,강한매도,장대음봉,전저점이탈,0.0,-3.35,2026-09-30
UNCY,1.4,4.695,862705,630891,4.05,4.03,1.0,1.3,1.8,중립,양봉,잔구간,0.51,0.355,2026-09-30
LBTYA,1.4,9.13,4557248,3233211,41.61,33.08,1.3,0.0,-1.4,강한매도,음봉,전저점이탈,0.03,-2.01,2026-09-30
DJT,1.4,9.06,3562533,2617005,32.28,26.86,1.2,2.1,-2.5,중립,음봉,잔구간,0.0,-0.65,2026-09-30
MBGL,1.4,17.15,5191144,3741750,89.03,81.69,1.1,0.1,-3.8,강한매도,장대음봉,전저점이탈,0.01,-3.34,2026-09-30
BSCQ,1.4,19.52,1057638,778634,20.65,16.44,1.3,0.1,-0.1,매도주의,장대음봉,완만한상승,0.0,-1.7,2026-09-30
PGF,1.4,12.74,445093,316108,5.67,4.12,1.4,0.2,-0.5,중립,음봉,전저점부근,0.4,-0.07,2026-09-30
CMRE,1.4,14.69,440611,318808,6.47,5.39,1.2,0.6,-1.0,중립,음봉,잔구간,0.03,-0.63,2026-09-30
CMPX,1.4,1.04,5656969,4122266,5.88,8.96,0.7,0.0,-5.5,강한매도,장대음봉,전저점이탈,0.25,-3.05,2026-09-30
OMER,1.4,19.04,1365766,984240,26.0,32.66,0.8,0.0,-1.1,중립,음봉,잔구간,0.05,-0.62,2026-09-30
BLMN,1.4,7.75,3085867,2153806,23.92,20.69,1.2,0.4,-4.2,매도주의,장대음봉,전저점부근,0.19,-1.62,2026-09-30
FLYW,1.4,17.5,2183082,1599812,38.2,27.73,1.4,0.8,0.2,매수관심,팽이도지,완만한상승,0.57,0.98,2026-09-30
FMNB,1.4,15.03,431209,315054,6.48,6.66,1.0,0.0,-1.2,중립,음봉,전저점부근,0.25,-0.25,2026-09-30
CDXS,1.4,1.39,909825,663458,1.26,1.34,0.9,0.7,2.2,중립,양봉,잔구간,0.73,0.49,2026-09-30
CBRZ,1.4,10.48,553990,398662,5.81,4.31,1.3,11.5,6.1,강한매수,장대양봉,전고점돌파,1.0,4.1,2026-09-30
BLZE,1.4,13.99,1986790,1402937,27.8,25.11,1.1,1.8,2.7,중립,양봉,잔구간,0.58,0.4,2026-09-30
BLW,1.4,11.49,359662,251530,4.13,3.37,1.2,0.0,-1.4,중립,음봉,잔구간,0.0,-0.65,2026-09-30
OSUR,1.4,3.92,837478,612208,3.28,2.4,1.4,0.3,2.3,강한매수,양봉,완만한상승,0.91,2.09,2026-09-30
OPK,1.4,1.61,2387534,1755829,3.84,3.98,1.0,0.6,-1.2,중립,음봉,전저점부근,0.25,-0.25,2026-09-30
SHC,1.4,18.49,2029156,1446534,37.52,41.63,0.9,0.4,-1.0,중립,음봉,잔구간,0.27,-0.49,2026-09-30
SUIL,1.4,13.254,362538,257479,4.81,2.74,1.8,8.8,-8.0,매도주의,장대음봉,완만한상승,0.0,-1.7,2026-09-30
IEP,1.4,6.75,978658,687553,6.61,5.43,1.2,0.3,-1.9,강한매도,장대음봉,전저점이탈,0.09,-3.24,2026-09-30
SVCO,1.4,8.76,599363,438475,5.25,3.59,1.5,-0.6,4.3,중립,양봉,전고점부근,0.6,0.37,2026-09-30
IPSC,1.4,1.71,624209,435552,1.07,1.03,1.0,1.2,2.4,매수관심,장대양봉,잔구간,0.83,1.2,2026-09-30
III,1.4,5.53,365657,258088,2.02,1.49,1.4,0.0,1.8,강한매수,양봉,전고점돌파,0.76,2.51,2026-09-30
AVEX,1.4,15.14,1515947,1077827,22.95,19.46,1.2,1.4,-1.7,매도주의,위꼬리음봉,전저점부근,0.12,-1.21,2026-09-30
IBTL,1.4,19.47,611532,428162,11.91,9.25,1.3,0.1,-0.2,중립,음봉,잔구간,0.43,-0.39,2026-09-30
GRFS,1.4,7.31,772968,566636,5.65,5.99,0.9,0.8,-0.5,중립,음봉,완만한상승,0.12,-0.26,2026-09-30
GRND,1.4,15.43,2044700,1479457,31.55,24.28,1.3,1.8,-6.0,매도주의,장대음봉,수횡파,0.2,-1.76,2026-09-30
HTGC,1.4,16.81,1504006,1099663,25.28,20.67,1.2,0.5,-1.4,매도주의,장대음봉,잔구간,0.13,-1.22,2026-09-30
HTZ,1.4,1.67,13468876,9879651,22.49,20.69,1.1,0.6,-1.2,강한매도,위꼬리음봉,전저점이탈,0.22,-2.59,2026-09-30
VOD,1.4,16.15,3355319,2457038,54.19,58.52,0.9,0.6,-1.6,강한매도,장대음봉,전저점이탈,0.0,-3.35,2026-09-30
GSBD,1.4,9.09,1064562,749969,9.68,8.51,1.1,-2.7,-1.5,강한매도,장대음봉,전저점이탈,0.18,-3.13,2026-09-30
AADX,1.4,12.03,2310687,1597531,27.8,29.84,0.9,0.0,0.2,중립,팽이도지,잔구간,0.43,-0.04,2026-09-30
XRAY,1.4,8.86,6547676,4747341,58.01,54.62,1.1,1.1,-2.4,강한매도,장대음봉,전저점이탈,0.12,-3.21,2026-09-30
WVE,1.3,3.7,4209280,3351161,15.57,13.03,1.2,4.1,-2.4,중립,음봉,잔구간,0.36,-0.435,2026-09-30
GUT,1.3,5.69,374295,294811,2.13,1.61,1.3,0.2,0.4,중립,팽이도지,잔구간,0.58,0.05,2026-09-30
GUTS,1.3,0.544,2153757,1614291,1.17,0.92,1.3,3.8,0.8,중립,팽이도지,잔구간,0.47,-0.02,2026-09-30
UUUG,1.3,2.626,620140,487865,1.63,1.52,1.1,2.1,-0.5,매도주의,위꼬리음봉,잔구간,0.23,-0.91,2026-09-30
AGPU,1.3,11.37,334789,260442,3.81,4.98,0.8,0.4,-9.8,매도주의,장대음봉,잔구간,0.06,-1.265,2026-09-30
VALE,1.3,13.41,33716644,26091684,452.14,373.19,1.2,1.3,-0.4,매도주의,위꼬리음봉,잔구간,0.17,-0.95,2026-09-30
USDEW,1.3,5.165,520866,409111,2.69,1.95,1.4,1.8,12.0,중립,위꼬리양봉,완만한상승,0.23,-0.42,2026-09-30
VLY,1.3,12.62,9661189,7279441,121.92,116.09,1.1,-0.1,-0.7,중립,음봉,잔구간,0.2,-0.53,2026-09-30
AES,1.3,14.9,11753519,8757476,175.13,128.4,1.4,0.1,0.2,매수관심,양봉,완만한상승,0.71,1.85,2026-09-30
BITU,1.3,15.19,4802152,3832659,72.94,66.33,1.1,3.9,-3.8,매도주의,장대음봉,잔구간,0.12,-1.23,2026-09-30
SHLS,1.3,8.1,5019595,3988682,40.66,32.08,1.3,1.3,2.9,강한매수,양봉,완만한상승,0.88,2.06,2026-09-30
AVR,1.3,7.77,976391,780685,7.59,6.94,1.1,0.9,1.4,매수관심,양봉,완만한상승,0.55,1.66,2026-09-30
ARCC,1.3,19.1,5857537,4398297,111.88,91.81,1.2,0.2,-1.5,매도주의,장대음봉,잔구간,0.0,-1.3,2026-09-30
TDUP,1.3,2.12,1883356,1444124,3.99,5.89,0.7,1.4,-4.5,강한매도,장대음봉,전저점이탈,0.12,-3.21,2026-09-30
TLS,1.3,4.07,699404,522612,2.85,3.02,0.9,0.7,0.0,중립,팽이도지,잔구간,0.3,-0.12,2026-09-30
ARR,1.3,13.83,5142667,4107855,71.12,69.78,1.0,0.9,-2.1,매도주의,장대음봉,잔구간,0.06,-1.265,2026-09-30
SVV,1.3,9.21,1695989,1343470,15.62,13.1,1.2,0.6,-2.5,중립,음봉,잔구간,0.19,-0.535,2026-09-30
HSHP,1.3,17.37,585542,448533,10.17,10.48,1.0,2.4,-1.6,중립,음봉,잔구간,0.16,-0.555,2026-09-30
ASC,1.3,18.66,853455,681916,15.93,11.71,1.4,1.4,-0.2,매도주의,위꼬리음봉,완만한상승,0.19,-0.97,2026-09-30
TRIN,1.3,17.55,850864,676654,14.93,15.19,1.0,0.4,-1.6,매도주의,장대음봉,잔구간,0.0,-1.3,2026-09-30
HLMN,1.3,6.99,1766842,1395740,12.35,11.78,1.0,0.8,-2.5,매도주의,장대음봉,잔구간,0.22,-1.17,2026-09-30
GOGO,1.3,2.15,1365344,1046858,2.94,3.67,0.8,0.9,-4.4,강한매도,장대음봉,전저점이탈,0.13,-3.19,2026-09-30
HIVE,1.3,2.95,12373389,9593150,36.5,42.63,0.9,2.7,-4.5,강한매도,장대음봉,전저점이탈,0.13,-3.19,2026-09-30
AMPG,1.3,3.14,817943,643912,2.57,2.18,1.2,-0.3,-2.2,매도주의,장대음봉,잔구간,0.2,-1.18,2026-09-30
ANGI,1.3,5.76,1070383,821941,6.17,4.83,1.3,0.7,0.0,매수관심,팽이도지,완만한상승,0.59,1.01,2026-09-30
ANIX,1.3,2.93,430330,333341,1.26,0.99,1.3,0.0,2.8,강한매수,양봉,전고점돌파,0.89,2.67,2026-09-30
UPBD,1.3,15.7,1326573,1037923,20.83,16.86,1.2,0.5,0.0,중립,팽이도지,잔구간,0.71,0.125,2026-09-30
STNE,1.3,9.34,5608889,4298285,52.39,44.99,1.2,1.7,-1.0,중립,음봉,완만한상승,0.38,0.06,2026-09-30
SSMR,1.3,14.72,447895,333415,6.59,16.55,0.4,2.2,-3.4,매도주의,장대음봉,잔구간,0.02,-1.29,2026-09-30
BCAX,1.3,18.61,905369,718884,16.85,15.61,1.1,0.8,-0.5,중립,팽이도지,전저점부근,0.4,0.63,2026-09-30
SOUN,1.3,6.02,17346776,13641745,104.43,98.88,1.1,1.4,1.7,중립,양봉,잔구간,0.48,0.34,2026-09-30
GILT,1.3,9.87,473321,359960,4.67,4.83,1.0,0.6,-1.3,중립,음봉,잔구간,0.11,-0.585,2026-09-30
BLND,1.3,1.03,2053257,1635987,2.11,2.61,0.8,0.0,0.0,중립,위꼬리양봉,전저점부근,0.15,-0.67,2026-09-30
IKT,1.3,2.055,579458,457977,1.19,1.65,0.7,0.5,1.2,중립,양봉,잔구간,0.72,0.48,2026-09-30
IMSR,1.3,3.89,1431680,1067444,5.57,6.63,0.8,2.0,-4.0,매도주의,음봉,전저점이탈,0.07,-1.97,2026-09-30
NVDQ,1.3,8.17,8418678,6251271,68.78,53.22,1.3,-1.7,0.9,매수관심,양봉스프링,잔구간,1.0,1.05,2026-09-30
NBIG,1.3,18.25,2816101,2183536,51.39,46.25,1.1,5.5,-6.4,중립,음봉,수횡파,0.06,-0.63,2026-09-30
NB,1.3,3.6,2747232,2049155,9.89,8.07,1.2,2.0,1.1,중립,위꼬리양봉,완만한상승,0.4,-0.22,2026-09-30
NGEN,1.3,1.91,548694,434303,1.05,1.07,1.0,-0.5,0.0,중립,위꼬리양봉,잔구간,0.12,-0.73,2026-09-30
DBVT,1.3,11.76,400953,311730,4.72,3.31,1.4,1.5,0.3,중립,위꼬리양봉,잔구간,0.08,-0.75,2026-09-30
CXM,1.3,4.95,3782104,2816230,18.72,16.17,1.2,0.0,2.7,매수관심,장대양봉,잔구간,0.72,1.13,2026-09-30
NHS,1.3,5.42,444496,335776,2.41,1.89,1.3,0.6,-0.7,중립,음봉,잔구간,0.12,-0.58,2026-09-30
NRK,1.3,9.24,1145725,866467,10.59,5.78,1.8,1.0,0.3,중립,위꼬리양봉,잔구간,0.3,-0.62,2026-09-30
MASS,1.3,12.34,414118,328655,5.11,4.74,1.1,0.3,3.8,강한매수,장대양봉,전고점돌파,0.8,3.86,2026-09-30
ENOV,1.3,18.27,1942984,1498638,35.5,33.25,1.1,0.3,-1.3,중립,음봉,수횡파,0.31,-0.33,2026-09-30
LSPD,1.3,9.77,1172687,933017,11.46,7.33,1.6,0.2,0.0,중립,팽이도지,완만한상승,0.3,0.66,2026-09-30
ACEL,1.3,10.66,495396,390510,5.28,4.17,1.3,-0.2,-1.8,강한매도,장대음봉,전저점이탈,0.16,-3.16,2026-09-30
ACH,1.3,0.563,2003743,1551193,1.13,1.37,0.8,1.3,-9.2,강한매도,장대음봉,전저점이탈,0.1,-3.23,2026-09-30
ADBG,1.3,3.74,3327061,2573930,12.44,9.29,1.3,0.6,5.6,매수관심,장대양봉,잔구간,0.94,1.265,2026-09-30
MHD,1.3,10.26,1423742,1114593,14.61,10.62,1.4,-0.2,0.7,중립,양봉,잔구간,0.37,0.27,2026-09-30
ECC,1.3,3.46,921657,683682,3.19,2.82,1.1,1.1,-3.6,매도주의,장대음봉,잔구간,0.0,-1.3,2026-09-30
MNTS,1.3,3.87,688435,535386,2.66,2.88,0.9,0.8,3.8,중립,양봉,잔구간,0.58,0.4,2026-09-30
MMED,1.3,19.47,4024548,3094938,78.36,64.55,1.2,0.1,-3.0,강한매도,장대음봉,전저점이탈,0.04,-3.3,2026-09-30
DNOW,1.3,15.5,2126379,1669331,32.96,34.17,1.0,0.6,-2.0,매도주의,장대음봉,잔구간,0.02,-1.29,2026-09-30
DSL,1.3,10.0,1273493,977624,12.73,8.27,1.5,0.3,-0.5,중립,음봉,잔구간,0.14,-0.565,2026-09-30
DSP,1.3,12.31,548666,425227,6.75,9.91,0.7,0.4,0.7,매수관심,팽이도지,완만한상승,0.57,0.98,2026-09-30
MSTX,1.3,18.28,8476456,6379577,154.95,149.44,1.0,7.7,-9.0,매도주의,장대음봉,잔구간,0.1,-1.24,2026-09-30
MTRX,1.3,9.57,656649,509322,6.28,5.15,1.2,0.8,0.2,매수관심,양봉스프링,잔구간,0.81,0.935,2026-09-30
DHC,1.3,7.85,2480620,1974241,19.47,18.73,1.0,0.0,-1.0,매도주의,음봉,전저점이탈,0.47,-1.49,2026-09-30
XFOR,1.3,2.9,1764647,1341911,5.12,3.91,1.3,1.0,-1.0,중립,음봉,잔구간,0.61,-0.285,2026-09-30
ERAS,1.3,14.66,5286619,4011047,77.5,76.9,1.0,1.1,2.0,매수관심,양봉,완만한상승,0.54,1.65,2026-09-30
OFIX,1.3,9.41,588028,437899,5.53,4.01,1.4,0.0,-3.5,매도주의,장대음봉,잔구간,0.08,-1.25,2026-09-30
OIG,1.3,9.64,855558,649249,8.25,12.81,0.6,-1.0,-4.4,중립,음봉,잔구간,0.45,-0.38,2026-09-30
FIGS,1.3,13.86,3258885,2534877,45.17,32.48,1.4,0.6,-2.0,중립,음봉,잔구간,0.2,-0.53,2026-09-30
JELD,1.3,1.84,2652863,2025966,4.88,3.6,1.4,0.0,-7.5,매도주의,장대음봉,잔구간,0.09,-1.245,2026-09-30
CHPT,1.3,10.08,1549908,1164910,15.62,14.28,1.1,0.6,5.2,중립,양봉,잔구간,0.59,0.405,2026-09-30
CHA,1.3,11.7,982497,728959,11.5,11.49,1.0,0.0,3.0,매수관심,장대양봉,잔구간,0.73,1.14,2026-09-30
PBYI,1.3,9.93,398967,311396,3.96,2.86,1.4,0.7,0.8,매수관심,팽이도지,완만한상승,0.53,0.94,2026-09-30
KAZR,1.3,2.86,354049,274679,1.01,0.87,1.2,1.0,-6.2,중립,음봉,잔구간,0.22,-0.52,2026-09-30
OSS,1.3,8.73,724714,543712,6.33,5.84,1.1,0.6,0.3,매수관심,양봉스프링,잔구간,0.86,0.965,2026-09-30
JPMpM,1.3,15.81,557440,445562,8.81,5.61,1.6,-0.1,-0.3,중립,음봉,전저점부근,0.39,-0.08,2026-09-30
PBR.A,1.3,18.99,9182089,7097193,174.37,128.69,1.4,1.6,-0.5,매도주의,위꼬리음봉,완만한상승,0.0,-1.2,2026-09-30
JFR,1.3,7.44,1461715,1133049,10.88,6.95,1.6,-0.3,1.2,매수관심,장대양봉,잔구간,0.96,1.275,2026-09-30
CMPS,1.3,12.44,3052122,2407750,37.97,41.41,0.9,1.2,-5.1,강한매도,장대음봉,전저점이탈,0.03,-3.31,2026-09-30
CIM,1.3,9.53,2064568,1587896,19.68,16.07,1.2,-3.5,-3.2,강한매도,장대음봉,전저점이탈,0.05,-3.29,2026-09-30
CC,1.3,13.57,2400982,1792329,32.58,26.39,1.2,1.0,-3.3,강한매도,장대음봉,전저점이탈,0.02,-3.33,2026-09-30
PRQR,1.3,1.66,678472,528224,1.13,1.02,1.1,1.2,-0.6,중립,팽이도지,완만한상승,0.4,0.78,2026-09-30
RDY,1.3,12.62,3936358,3131379,49.68,38.95,1.3,-1.0,-0.8,중립,음봉,잔구간,0.42,-0.4,2026-09-30
PTEN,1.3,10.92,8911834,6775633,97.32,97.81,1.0,1.0,2.4,중립,양봉,잔구간,0.75,0.5,2026-09-30
IQI,1.3,8.62,536178,409941,4.62,3.12,1.5,0.0,0.0,중립,위꼬리양봉,잔구간,0.14,-0.715,2026-09-30
PTRN,1.3,17.16,2217559,1664737,38.05,39.78,1.0,0.7,0.9,중립,위꼬리양봉,잔구간,0.17,-0.7,2026-09-30
FTMH,1.3,10.86,660664,507390,7.17,5.91,1.2,0.7,0.1,중립,위꼬리양봉,잔구간,0.12,-0.73,2026-09-30
CCOI,1.3,7.79,2181961,1735333,17.0,22.27,0.8,0.8,5.3,중립,양봉,잔구간,0.81,0.535,2026-09-30
RGTZ,1.3,15.448,737699,553398,11.4,7.46,1.5,-1.6,1.6,매수관심,양봉스프링,잔구간,0.97,1.03,2026-09-30
FVRR,1.3,8.62,743448,555445,6.41,5.24,1.2,0.0,0.8,중립,위꼬리양봉,완만한상승,0.38,-0.24,2026-09-30
FULC,1.3,3.7,1918415,1518542,7.1,5.93,1.2,0.8,-0.8,중립,음봉,잔구간,0.54,-0.325,2026-09-30
INFY,1.3,10.76,20322739,15935541,218.67,152.29,1.4,-0.6,1.7,강한매수,장대양봉,완만한상승,0.7,3.14,2026-09-30
RITM,1.3,8.93,10202455,8032086,91.11,61.25,1.5,0.9,-2.9,매도주의,장대음봉,전저점부근,0.07,-1.77,2026-09-30
BTCZ,1.3,2.94,24939814,18538884,73.32,68.78,1.1,-3.4,3.5,강한매수,장대양봉,완만한상승,0.88,3.36,2026-09-30
BSCT,1.3,18.2,881563,654608,16.04,11.8,1.4,0.2,-0.1,중립,음봉,완만한상승,0.5,0.2,2026-09-30
RYN,1.3,18.36,5169095,3833454,94.9,70.95,1.3,0.8,-1.9,강한매도,장대음봉,전저점이탈,0.01,-3.34,2026-09-30
F,1.3,12.06,50535743,40280220,609.46,661.56,0.9,0.6,-2.5,강한매도,장대음봉,전저점이탈,0.23,-3.07,2026-09-30
OBDC,1.3,10.49,4448530,3384341,46.67,34.57,1.3,-2.0,-0.9,매도주의,음봉,전저점이탈,0.11,-1.92,2026-09-30
NVG,1.3,10.61,2422471,1886259,25.7,15.68,1.6,0.7,0.9,중립,위꼬리양봉,잔구간,0.29,-0.625,2026-09-30
OPTU,1.3,0.99,2274978,1710704,2.25,2.52,0.9,-1.0,-2.0,중립,음봉,잔구간,0.16,-0.555,2026-09-30
COTY,1.3,2.61,6402937,4892305,16.71,13.77,1.2,1.5,-4.4,매도주의,장대음봉,잔구간,0.06,-1.265,2026-09-30
SIDU,1.2,1.81,4369202,3557546,7.91,8.19,1.0,1.6,-2.7,매도주의,음봉,전저점이탈,0.09,-1.94,2026-09-30
SHO,1.2,11.21,2037556,1698498,22.84,22.2,1.0,-0.2,-0.6,중립,음봉,잔구간,0.26,-0.495,2026-09-30
SHMD,1.2,4.86,1527403,1276294,7.42,10.0,0.7,0.4,7.8,강한매수,장대양봉,완만한상승,0.79,3.25,2026-09-30
BOBS,1.2,13.86,1105035,890221,15.32,17.61,0.9,1.5,-1.4,중립,음봉,완만한상승,0.56,0.27,2026-09-30
BPRE,1.2,12.54,1079229,930147,13.53,12.47,1.1,0.6,-0.2,중립,팽이도지,완만한상승,0.26,0.61,2026-09-30
SHEN,1.2,11.22,932488,786623,10.46,19.04,0.5,0.4,-1.3,중립,팽이도지,잔구간,0.4,-0.06,2026-09-30
IIIV,1.2,13.82,548962,456293,7.59,10.42,0.7,0.1,-1.3,중립,음봉,전저점부근,0.3,-0.19,2026-09-30
SIGA,1.2,3.4,661386,569577,2.25,2.29,1.0,0.0,-1.2,중립,음봉,잔구간,0.58,-0.3,2026-09-30
GGB,1.2,4.72,12175244,10413574,57.47,55.01,1.0,1.1,0.6,중립,양봉,잔구간,0.7,0.47,2026-09-30
SOC,1.2,3.46,10427327,8481337,36.08,36.19,1.0,0.9,0.9,중립,위꼬리양봉,잔구간,0.26,-0.645,2026-09-30
SMCY,1.2,5.33,911965,762575,4.86,5.83,0.8,1.9,-1.5,중립,음봉,완만한상승,0.34,0.01,2026-09-30
AUPH,1.2,16.195,913844,764091,14.8,14.13,1.0,0.1,-1.4,매도주의,장대음봉,잔구간,0.02,-1.29,2026-09-30
BBAR,1.2,12.85,632248,521381,8.12,6.03,1.3,0.6,1.9,중립,양봉,잔구간,0.73,0.49,2026-09-30
SRTA,1.2,5.11,798316,660385,4.08,3.78,1.1,0.6,-0.4,중립,팽이도지,잔구간,0.32,-0.11,2026-09-30
SRFM,1.2,1.2,10737622,9149317,12.89,10.78,1.2,0.0,0.0,중립,팽이도지,전고점부근,0.36,-0.62,2026-09-30
AVTX,1.2,15.33,1432738,1221383,21.96,20.86,1.1,1.4,-3.0,중립,음봉,잔구간,0.22,-0.52,2026-09-30
UIS,1.2,2.31,613699,532936,1.42,1.46,1.0,0.0,1.3,중립,양봉,잔구간,0.46,0.325,2026-09-30
ANGO,1.2,15.38,634475,518464,9.76,9.02,1.1,0.3,-1.7,매도주의,장대음봉,수횡파,0.15,-1.82,2026-09-30
AMZD,1.2,8.75,13205000,10974892,115.54,94.6,1.2,0.0,-1.0,중립,음봉,잔구간,0.5,-0.35,2026-09-30
SLDB,1.2,7.23,1711185,1370800,12.37,13.78,0.9,1.1,-0.1,매도주의,위꼬리음봉,잔구간,0.18,-0.94,2026-09-30
BIT,1.2,11.24,618338,508681,6.95,6.3,1.1,0.1,0.2,중립,위꼬리양봉,잔구간,0.19,-0.685,2026-09-30
BBN,1.2,14.4,406415,334045,5.85,5.23,1.1,0.6,-0.5,중립,음봉,완만한상승,0.19,-0.17,2026-09-30
IART,1.2,16.28,768910,666308,12.52,15.8,0.8,0.2,-2.3,매도주의,장대음봉,잔구간,0.26,-1.145,2026-09-30
GDOT,1.2,12.3,482674,410449,5.94,6.43,0.9,0.5,-0.3,중립,음봉,잔구간,0.4,-0.41,2026-09-30
HYMC,1.2,19.04,2462906,2061567,46.89,51.5,0.9,1.3,-3.0,매도주의,장대음봉,잔구간,0.09,-1.245,2026-09-30
SXC,1.2,9.43,1172529,994803,11.06,10.25,1.1,0.8,0.3,중립,위꼬리양봉,완만한상승,0.19,-0.47,2026-09-30
SUPV,1.2,7.11,714765,602227,5.08,4.01,1.3,0.0,2.2,중립,양봉,잔구간,0.53,0.37,2026-09-30
UNIT,1.2,8.38,2721989,2271554,22.81,21.21,1.1,0.0,-2.2,매도주의,음봉,전저점이탈,0.24,-1.76,2026-09-30
GNL,1.2,8.26,3336435,2813482,27.56,27.24,1.0,0.6,-1.7,강한매도,장대음봉,전저점이탈,0.0,-3.35,2026-09-30
TSLX,1.2,18.02,600330,490319,10.82,8.34,1.3,0.1,-1.9,매도주의,장대음봉,잔구간,0.0,-1.3,2026-09-30
AOD,1.2,10.16,397119,323261,4.03,4.1,1.0,0.5,-1.0,중립,음봉,전저점부근,0.12,-0.41,2026-09-30
AMTM,1.2,18.12,1632684,1356423,29.58,35.51,0.8,0.5,-0.7,중립,음봉,잔구간,0.17,-0.55,2026-09-30
TSLG,1.2,4.51,59721381,49739898,269.34,258.05,1.0,-0.6,1.9,중립,양봉,잔구간,1.0,0.65,2026-09-30
VNET,1.2,5.55,5241129,4343960,29.09,30.65,0.9,1.4,-4.1,강한매도,장대음봉,전저점이탈,0.33,-2.95,2026-09-30
VTS,1.2,16.7,540124,468159,9.02,10.09,0.9,0.3,-0.3,중립,팽이도지,잔구간,0.29,-0.125,2026-09-30
VGZ,1.2,2.71,2802593,2310354,7.6,8.28,0.9,1.9,-0.7,중립,음봉,잔구간,0.46,-0.375,2026-09-30
VKQ,1.2,8.48,570401,456913,4.84,3.4,1.4,1.1,0.2,중립,위꼬리양봉,잔구간,0.27,-0.64,2026-09-30
VTEX,1.2,3.65,684084,590638,2.5,2.43,1.0,0.8,0.8,매수관심,양봉,완만한상승,0.44,1.53,2026-09-30
HIMX,1.2,14.07,959897,774822,13.51,13.43,1.0,0.9,-1.1,매도주의,장대음봉,잔구간,0.1,-1.24,2026-09-30
GRNT,1.2,4.34,1455484,1205864,6.32,6.48,1.0,1.2,0.0,중립,팽이도지,잔구간,0.54,0.025,2026-09-30
HAWK,1.2,15.1,1373265,1149152,20.74,23.93,0.9,-0.1,-1.7,매도주의,음봉,전저점이탈,0.19,-1.82,2026-09-30
WU,1.2,5.9,9610895,8225299,56.7,68.28,0.8,0.3,-1.5,매도주의,음봉,전저점이탈,0.17,-1.85,2026-09-30
XPER,1.2,5.51,441139,376710,2.43,2.09,1.2,0.0,-0.4,중립,팽이도지,잔구간,0.42,-0.05,2026-09-30
WB,1.2,6.46,777392,667546,5.02,6.56,0.8,0.5,0.2,중립,팽이도지,잔구간,0.5,0.0,2026-09-30
WEN,1.2,6.38,5550000,4618859,35.41,43.48,0.8,0.9,-3.3,매도주의,장대음봉,잔구간,0.04,-1.275,2026-09-30
GSM,1.2,3.975,1044164,854746,4.15,4.41,0.9,0.5,-0.9,매도주의,위꼬리음봉,잔구간,0.03,-1.03,2026-09-30
GOOS,1.2,7.78,854863,694602,6.65,5.77,1.2,0.6,0.3,매수관심,팽이도지,완만한상승,0.43,0.82,2026-09-30
WFCpZ,1.2,16.88,564478,474319,9.53,7.71,1.2,-0.2,0.7,중립,양봉,잔구간,0.71,0.475,2026-09-30
WFCpA,1.2,16.95,343409,276370,5.82,3.9,1.5,-0.3,1.6,매수관심,장대양봉,잔구간,0.94,1.265,2026-09-30
HBAN,1.2,15.26,34788976,29913100,530.88,607.55,0.9,0.1,-0.2,매도주의,위꼬리음봉,잔구간,0.24,-0.905,2026-09-30
AMBP,1.2,4.34,1630182,1311791,7.07,8.74,0.8,0.0,-0.2,중립,팽이도지,잔구간,0.58,0.05,2026-09-30
TBLA,1.2,3.36,2332089,1999240,7.84,7.21,1.1,0.0,-1.5,중립,음봉,잔구간,0.08,-0.6,2026-09-30
AQST,1.2,4.63,2412532,1931197,11.17,10.52,1.1,1.3,-2.1,매도주의,장대음봉,잔구간,0.12,-1.23,2026-09-30
ARI,1.2,6.2,3526407,3023356,21.86,19.27,1.1,0.3,-0.8,매도주의,장대음봉,잔구간,0.0,-1.3,2026-09-30
ARDX,1.2,3.42,4412507,3653552,15.09,14.56,1.0,1.2,-0.3,중립,팽이도지,잔구간,0.58,0.05,2026-09-30
GCTS,1.2,2.12,1543747,1286328,3.27,3.43,1.0,-0.9,1.4,매수관심,양봉,수횡파,0.56,1.37,2026-09-30
FTRE,1.2,19.95,1480952,1198205,29.54,32.91,0.9,-1.7,2.8,강한매수,장대양봉,완만한상승,0.89,3.37,2026-09-30
RERE,1.2,3.73,558481,454619,2.08,2.14,1.0,0.8,-2.6,강한매도,장대음봉,전저점이탈,0.0,-3.35,2026-09-30
FUBO,1.2,8.96,1144784,947149,10.26,11.89,0.9,1.0,-2.4,매도주의,음봉,전저점이탈,0.34,-1.64,2026-09-30
ORIC,1.2,13.47,1961192,1616562,26.42,21.6,1.2,1.0,-0.3,매도주의,위꼬리음봉,완만한상승,0.18,-0.98,2026-09-30
ORN,1.2,8.55,681230,550703,5.82,5.14,1.1,1.1,0.6,중립,팽이도지,잔구간,0.73,0.14,2026-09-30
PALI,1.2,1.35,4765610,4121020,6.43,8.32,0.8,-0.7,-6.2,강한매도,장대음봉,전저점이탈,0.21,-3.1,2026-09-30
FNB,1.2,17.21,6149326,5172532,105.83,90.16,1.2,-0.1,-0.6,중립,음봉,전저점부근,0.26,-0.24,2026-09-30
KD,1.2,11.26,4508425,3868785,50.76,48.88,1.0,0.4,-0.6,중립,음봉,잔구간,0.42,-0.4,2026-09-30
CION,1.2,7.02,359922,308803,2.53,2.45,1.0,0.0,-2.0,강한매도,장대음봉,전저점이탈,0.06,-3.28,2026-09-30
CLB,1.2,9.7,783023,677358,7.6,7.57,1.0,0.2,-0.3,중립,팽이도지,잔구간,0.27,-0.14,2026-09-30
PANL,1.2,8.02,391315,313225,3.14,4.01,0.8,0.7,-0.9,매도주의,위꼬리음봉,잔구간,0.05,-1.02,2026-09-30
PCQ,1.2,7.71,436406,365657,3.36,2.21,1.5,0.3,1.4,매수관심,장대양봉,잔구간,0.87,1.22,2026-09-30
PPLT,1.2,15.41,2306828,1887279,35.55,31.6,1.1,0.3,-0.7,매도주의,장대음봉,잔구간,0.31,-1.115,2026-09-30
PLX,1.2,2.76,836259,709612,2.31,1.9,1.2,0.0,2.6,중립,양봉,잔구간,0.59,0.405,2026-09-30
PML,1.2,6.57,1263467,1029349,8.3,6.14,1.4,-0.6,2.3,매수관심,장대양봉,잔구간,0.71,1.125,2026-09-30
PLTK,1.2,2.14,992570,811538,2.12,2.57,0.8,0.0,-0.5,중립,음봉,잔구간,0.26,-0.495,2026-09-30
JBI,1.2,4.09,2498500,2130928,10.22,12.12,0.8,0.7,-3.1,매도주의,장대음봉,잔구간,0.0,-1.3,2026-09-30
PFXF,1.2,17.52,809074,657964,14.17,11.25,1.3,0.1,-0.3,중립,음봉,잔구간,0.27,-0.49,2026-09-30
CLBK,1.2,11.06,4013183,3315723,44.39,69.88,0.6,0.1,1.6,매수관심,장대양봉,잔구간,0.91,1.245,2026-09-30
CERT,1.2,9.2,3417705,2750803,31.44,26.81,1.2,-1.1,0.4,중립,위꼬리양봉,잔구간,0.31,-0.615,2026-09-30
CHCT,1.2,14.18,424594,342532,6.02,5.77,1.0,0.1,-1.5,매도주의,장대음봉,잔구간,0.04,-1.275,2026-09-30
PMT,1.2,7.88,2186900,1863660,17.23,18.76,0.9,1.0,-2.5,강한매도,장대음봉,전저점이탈,0.0,-3.35,2026-09-30
BRUN,1.2,16.5,1698495,1386936,28.03,37.45,0.7,1.1,-2.0,중립,음봉,잔구간,0.49,-0.355,2026-09-30
RPD,1.2,12.22,1530379,1227941,18.7,22.92,0.8,1.5,2.9,매수관심,양봉,완만한상승,0.58,1.7,2026-09-30
RUM,1.2,7.56,5019202,4071719,37.95,48.68,0.8,3.4,-5.3,강한매도,음봉,전저점이탈,0.01,-2.04,2026-09-30
RDWU,1.2,5.7,701538,562710,4.0,4.19,1.0,1.3,-6.7,강한매도,음봉,전저점이탈,0.02,-2.03,2026-09-30
BTQ,1.2,2.9,2170302,1859373,6.29,6.18,1.0,4.9,-2.7,중립,음봉,완만한상승,0.0,-0.4,2026-09-30
BZ,1.2,14.8,7066353,5943906,104.58,99.21,1.1,0.2,4.2,매수관심,장대양봉,잔구간,0.96,1.275,2026-09-30
QDEL,1.2,10.54,1376265,1134492,14.51,14.9,1.0,0.4,-0.9,중립,음봉,잔구간,0.67,-0.25,2026-09-30
QNC,1.2,1.48,1746669,1400742,2.59,2.92,0.9,1.1,-16.4,강한매도,장대음봉,전저점이탈,0.06,-3.28,2026-09-30
QUAD,1.2,9.23,309371,264817,2.86,3.71,0.8,0.3,-1.1,매도주의,장대음봉,잔구간,0.14,-1.215,2026-09-30
RBBN,1.2,1.76,1263091,1017647,2.22,2.18,1.0,0.0,-1.7,중립,팽이도지,수횡파,0.52,0.62,2026-09-30
IRE,1.2,9.11,6741274,5446364,61.41,66.47,0.9,3.1,-6.0,매도주의,장대음봉,전저점부근,0.12,-1.71,2026-09-30
FSK,1.2,10.99,1796505,1443134,19.74,20.46,1.0,0.6,-1.7,매도주의,장대음봉,잔구간,0.0,-1.3,2026-09-30
IQ,1.2,1.0,4813875,4018898,4.81,10.38,0.5,0.2,0.8,매수관심,양봉,완만한상승,0.67,1.8,2026-09-30
RZLV,1.2,2.17,9857713,8429993,21.39,19.62,1.1,0.9,1.4,중립,양봉,잔구간,0.5,0.35,2026-09-30
RLX,1.2,1.7,2588774,2166130,4.4,10.88,0.4,0.0,0.0,매수관심,팽이도지,완만한상승,0.5,0.9,2026-09-30
KREF,1.2,6.21,1358143,1144998,8.43,7.73,1.1,-0.3,-2.4,매도주의,장대음봉,잔구간,0.15,-1.21,2026-09-30
KOS,1.2,2.54,16154612,13056632,41.03,36.97,1.1,-0.8,-0.8,중립,망치형,잔구간,0.65,0.59,2026-09-30
KRNY,1.2,9.16,544963,464890,4.99,5.2,1.0,0.3,0.1,중립,팽이도지,잔구간,0.64,0.085,2026-09-30
KRO,1.2,7.65,424301,344943,3.25,3.37,1.0,0.1,-3.5,강한매도,장대음봉,전저점이탈,0.15,-3.17,2026-09-30
NTLA,1.2,12.06,5318300,4365385,64.14,57.73,1.1,-0.6,0.8,중립,팽이도지,잔구간,0.64,0.085,2026-09-30
NOV,1.2,18.73,3669485,3055485,68.73,70.33,1.0,-0.4,-0.9,매도주의,음봉,전저점이탈,0.55,-1.39,2026-09-30
NMAX,1.2,10.81,796938,663113,8.61,13.15,0.7,0.9,-1.3,매도주의,위꼬리음봉,잔구간,0.02,-1.04,2026-09-30
CRMD,1.2,7.7,948364,800748,7.3,6.32,1.2,0.3,-3.1,매도주의,장대음봉,잔구간,0.14,-1.215,2026-09-30
CPB,1.2,19.83,8433773,6868017,167.24,145.94,1.1,0.6,-2.5,매도주의,장대음봉,잔구간,0.23,-1.16,2026-09-30
ONDL,1.2,5.22,1419831,1169707,7.41,6.09,1.2,0.7,-5.9,중립,음봉,수횡파,0.0,-0.7,2026-09-30
FF,1.2,5.11,395397,342525,2.02,1.77,1.1,0.6,0.4,중립,팽이도지,잔구간,0.38,-0.07,2026-09-30
NVD,1.2,3.64,89770713,77512354,326.77,298.88,1.1,-1.6,1.1,매수관심,양봉스프링,잔구간,1.0,1.05,2026-09-30
CWH,1.2,5.02,2283289,1827798,11.46,11.08,1.0,1.4,-2.9,매도주의,장대음봉,잔구간,0.09,-1.245,2026-09-30
NUVB,1.2,5.6,5549483,4458220,31.08,23.97,1.3,3.4,-3.6,매도주의,장대음봉,잔구간,0.04,-1.275,2026-09-30
MUZ,1.2,6.84,13553087,10886853,92.7,73.11,1.3,-1.9,1.6,중립,양봉,잔구간,0.77,0.51,2026-09-30
MYN,1.2,8.76,502859,431941,4.41,3.1,1.4,0.3,0.3,중립,위꼬리양봉,잔구간,0.39,-0.565,2026-09-30
MEI,1.2,13.79,614612,509618,8.48,8.26,1.0,0.6,-4.4,매도주의,장대음봉,잔구간,0.17,-1.2,2026-09-30
MFA,1.2,7.85,2269063,1837890,17.81,15.89,1.1,1.2,-3.1,강한매도,장대음봉,전저점이탈,0.04,-3.3,2026-09-30
DSGN,1.2,12.57,589520,483140,7.41,9.8,0.8,0.6,-1.0,중립,음봉,잔구간,0.4,-0.41,2026-09-30
MPT,1.2,3.46,10299158,8858986,35.64,44.48,0.8,1.1,-2.5,매도주의,장대음봉,수횡파,0.09,-1.89,2026-09-30
MFM,1.2,4.85,891445,774807,4.32,3.28,1.3,0.2,-0.8,중립,음봉,잔구간,0.0,-0.65,2026-09-30
DV,1.2,13.49,2342924,2014620,31.61,38.67,0.8,0.4,0.2,강한매수,장대양봉,전고점돌파,1.0,4.1,2026-09-30
LTBR,1.2,6.29,741666,637954,4.67,7.05,0.7,1.9,-2.0,중립,음봉,잔구간,0.12,-0.58,2026-09-30
LUNR,1.2,14.24,8940017,7464168,127.31,128.78,1.0,0.7,-2.8,매도주의,위꼬리음봉,전저점부근,0.02,-1.33,2026-09-30
MAMA,1.2,12.89,745402,647923,9.61,11.77,0.8,0.5,-0.4,중립,팽이도지,잔구간,0.36,-0.085,2026-09-30
LXFR,1.2,17.27,318328,270937,5.5,6.71,0.8,0.2,-0.2,매도주의,장대음봉,완만한상승,0.0,-1.7,2026-09-30
MATV,1.2,11.59,460736,371729,5.34,6.08,0.9,0.9,-2.0,매도주의,장대음봉,전저점부근,0.25,-1.55,2026-09-30
ACHR,1.2,4.97,23585530,19907641,117.22,138.27,0.8,1.1,-2.8,강한매도,음봉,전저점이탈,0.0,-2.05,2026-09-30
ABEV,1.2,2.92,15368862,13199528,44.88,51.63,0.9,1.4,0.0,중립,위꼬리양봉,완만한상승,0.2,-0.46,2026-09-30
ABEO,1.2,5.25,1130693,946465,5.94,8.29,0.7,0.0,1.7,중립,양봉,잔구간,0.65,0.44,2026-09-30
WWW,1.1,19.11,679248,604480,12.98,12.79,1.0,1.0,-1.6,중립,음봉,잔구간,0.41,-0.405,2026-09-30
RNW,1.1,6.84,1124559,990223,7.69,8.3,0.9,0.0,-0.1,강한매도,장대음봉,수횡파,0.0,-2.0,2026-09-30
RKLX,1.1,17.12,3431950,3155525,58.75,53.4,1.1,2.9,-2.8,매도주의,위꼬리음봉,완만한상승,0.02,-1.18,2026-09-30
SBRA,1.1,19.72,2496256,2265121,49.23,51.26,1.0,0.4,-0.7,중립,음봉,수횡파,0.13,-0.54,2026-09-30
SB,1.1,8.54,1925908,1680436,16.45,16.32,1.0,1.3,1.5,중립,양봉,잔구간,0.7,0.47,2026-09-30
WOOF,1.1,2.27,2004550,1881945,4.55,4.64,1.0,0.9,-1.3,중립,음봉,잔구간,0.13,-0.57,2026-09-30
WYFI,1.1,18.01,1197389,1054069,21.56,22.8,0.9,1.3,-4.1,강한매도,장대음봉,전저점이탈,0.11,-3.22,2026-09-30
YMT,1.1,1.25,802755,743221,1.0,8.74,0.1,-4.5,-26.9,강한매도,장대음봉,전저점이탈,0.09,-3.24,2026-09-30
GT,1.1,4.97,8017420,7138919,39.85,53.01,0.8,1.2,-1.8,매도주의,장대음봉,잔구간,0.36,-1.085,2026-09-30
AESI,1.1,12.01,4656730,4349519,55.93,52.57,1.1,0.9,2.2,중립,팽이도지,잔구간,0.71,0.125,2026-09-30
ENTX,1.1,2.91,520976,477314,1.52,1.33,1.1,-0.7,9.0,중립,양봉,잔구간,0.84,0.555,2026-09-30
LPTH,1.1,10.31,2378589,2095985,24.52,26.38,0.9,1.2,1.7,중립,양봉,잔구간,0.56,0.385,2026-09-30
LODE,1.1,2.32,1458384,1315588,3.38,3.97,0.9,0.4,-1.7,중립,음봉,잔구간,0.06,-0.615,2026-09-30
ECVT,1.1,9.83,1079137,997901,10.61,14.19,0.7,0.5,-0.2,중립,팽이도지,잔구간,0.57,0.04,2026-09-30
CMCO,1.1,15.93,402216,365053,6.41,7.77,0.8,0.7,-2.8,매도주의,장대음봉,잔구간,0.06,-1.265,2026-09-30
CLYM,1.1,11.47,1411230,1336642,16.19,23.31,0.7,1.7,-1.9,중립,음봉,잔구간,0.25,-0.5,2026-09-30
FPE,1.1,17.05,1752397,1610438,29.88,25.59,1.2,0.1,-0.4,강한매도,장대음봉,전저점이탈,0.22,-3.09,2026-09-30
SPRY,1.1,4.31,1298238,1160492,5.6,5.63,1.0,0.7,-2.7,중립,음봉,잔구간,0.33,-0.45,2026-09-30
SPCU,1.1,13.35,1007039,957341,13.44,16.39,0.8,-0.2,2.4,매수관심,양봉,완만한상승,0.65,1.78,2026-09-30
SSTK,1.1,4.22,935195,870608,3.95,4.14,1.0,0.0,5.0,매수관심,장대양봉,잔구간,0.93,1.26,2026-09-30
SSPC,1.1,8.82,11889507,11021798,104.87,122.72,0.9,1.0,-3.1,중립,음봉,잔구간,0.32,-0.46,2026-09-30
BANC,1.1,17.23,2419172,2281299,41.68,50.97,0.8,0.2,-0.6,중립,음봉,전저점부근,0.35,-0.13,2026-09-30
AXTL,1.1,3.35,1301297,1206803,4.36,3.55,1.2,5.0,-5.9,중립,음봉,수횡파,0.25,-0.4,2026-09-30
RGP,1.1,3.76,360558,329679,1.36,1.53,0.9,0.5,-0.8,매도주의,위꼬리음봉,잔구간,0.13,-0.97,2026-09-30
INR,1.1,12.6,339800,315717,4.28,5.57,0.8,0.2,-0.9,매도주의,위꼬리음봉,잔구간,0.1,-0.99,2026-09-30
ILPT,1.1,7.1,405782,367671,2.88,2.72,1.1,0.6,-1.7,강한매도,장대음봉,전저점이탈,0.11,-3.22,2026-09-30
MDU,1.1,18.54,2463806,2143437,45.68,43.02,1.1,0.5,-1.3,매도주의,장대음봉,잔구간,0.19,-1.185,2026-09-30
MBLY,1.1,7.39,7191628,6361830,53.15,54.59,1.0,-3.4,1.1,매도주의,위꼬리양봉,전저점이탈,0.33,-1.95,2026-09-30
MARA,1.1,11.33,41155906,37106314,466.3,587.3,0.8,2.7,-8.0,강한매도,장대음봉,전저점이탈,0.03,-3.31,2026-09-30
SSL,1.1,13.82,2082852,1981841,28.79,26.62,1.1,-0.1,-0.1,중립,팽이도지,잔구간,0.35,-0.09,2026-09-30
IREX,1.1,13.34,1403643,1263050,18.72,23.24,0.8,3.9,-6.3,매도주의,장대음봉,전저점부근,0.16,-1.66,2026-09-30
IREG,1.1,7.56,740819,691243,5.6,6.84,0.8,3.6,-6.2,매도주의,장대음봉,전저점부근,0.14,-1.68,2026-09-30
SOFX,1.1,6.91,1902251,1789781,13.14,13.89,0.9,0.3,-3.2,강한매도,음봉,전저점이탈,0.0,-2.05,2026-09-30
OPRA,1.1,17.62,318360,277540,5.61,6.22,0.9,0.5,-0.1,중립,팽이도지,잔구간,0.29,-0.125,2026-09-30
VELO,1.1,10.89,881243,825214,9.6,10.64,0.9,2.0,-1.2,매도주의,위꼬리음봉,완만한상승,0.02,-1.18,2026-09-30
VNM,1.1,16.95,400839,358263,6.79,6.58,1.0,-0.6,-0.5,강한매도,음봉,전저점이탈,0.0,-2.05,2026-09-30
VLRS,1.1,6.55,326244,284934,2.14,2.26,0.9,0.1,-2.5,매도주의,장대음봉,잔구간,0.0,-1.3,2026-09-30
DSX,1.1,2.75,854044,806996,2.35,4.34,0.5,1.1,-1.1,중립,음봉,전저점부근,0.12,-0.41,2026-09-30
MGNX,1.1,3.86,634057,588032,2.45,2.61,0.9,-0.3,2.7,매수관심,양봉,완만한상승,0.72,1.86,2026-09-30
METC,1.1,8.27,2119256,1901479,17.53,18.6,0.9,1.8,-3.0,강한매도,음봉,전저점이탈,0.03,-2.01,2026-09-30
JMKE,1.1,16.82,4529792,4189171,76.19,74.14,1.0,0.1,-0.6,중립,팽이도지,잔구간,0.39,-0.065,2026-09-30
JMIA,1.1,6.65,1443078,1273479,9.6,9.08,1.1,0.6,-1.3,중립,음봉,전저점부근,0.31,-0.18,2026-09-30
OLMA,1.1,8.64,1542813,1434502,13.33,13.54,1.0,0.6,0.6,중립,팽이도지,잔구간,0.5,0.0,2026-09-30
OKLL,1.1,9.56,2082248,1865402,19.91,24.88,0.8,1.7,-2.4,매도주의,위꼬리음봉,잔구간,0.14,-0.965,2026-09-30
OI,1.1,5.65,4155921,3649588,23.48,25.51,0.9,0.2,0.0,중립,위꼬리양봉,잔구간,0.21,-0.675,2026-09-30
CRSR,1.1,13.5,1027216,949043,13.87,13.48,1.0,0.9,-0.6,중립,팽이도지,완만한상승,0.35,0.72,2026-09-30
CRNC,1.1,7.83,553132,496558,4.33,4.67,0.9,1.6,0.5,중립,팽이도지,잔구간,0.44,-0.035,2026-09-30
IVVD,1.1,0.87,8385725,7674719,7.3,8.76,0.8,0.6,1.8,매수관심,양봉스프링,잔구간,0.84,0.955,2026-09-30
SNDX,1.1,18.8,1729351,1614421,32.51,39.93,0.8,0.2,2.8,강한매수,양봉,전고점돌파,0.86,2.63,2026-09-30
BDN,1.1,2.8,1749523,1652724,4.9,5.77,0.8,0.7,-1.4,매도주의,장대음봉,잔구간,0.23,-1.16,2026-09-30
ASPN,1.1,5.48,1419047,1297394,7.78,6.01,1.3,0.4,4.6,강한매수,장대양봉,완만한상승,0.91,3.39,2026-09-30
ARRY,1.1,4.03,7101957,6371005,28.62,29.06,1.0,0.3,0.8,매수관심,팽이도지,완만한상승,0.45,0.84,2026-09-30
TAC,1.1,12.08,1259859,1168113,15.22,20.27,0.8,0.7,1.8,중립,양봉,잔구간,0.85,0.56,2026-09-30
CRF,1.1,6.16,1426532,1293457,8.79,9.35,0.9,0.5,0.0,중립,팽이도지,완만한상승,0.33,0.7,2026-09-30
MUC,1.1,9.75,977689,919896,9.53,7.47,1.3,0.2,0.8,중립,양봉,잔구간,0.56,0.385,2026-09-30
BTAL,1.1,12.0,544454,491471,6.53,7.18,0.9,-0.3,0.5,강한매수,장대양봉,완만한상승,0.67,3.1,2026-09-30
VIV,1.1,11.45,967466,872310,11.08,17.99,0.6,1.8,-1.2,매도주의,장대음봉,잔구간,0.1,-1.24,2026-09-30
VITL,1.1,9.28,2018808,1828490,18.73,25.83,0.7,-1.6,0.4,중립,팽이도지,잔구간,0.62,0.07,2026-09-30
VIR,1.1,11.18,1737683,1629475,19.43,23.73,0.8,0.5,4.5,매수관심,장대양봉,잔구간,0.89,1.235,2026-09-30
VFC,1.1,14.06,9864852,9095981,138.7,118.92,1.2,0.9,-3.9,매도주의,장대음봉,잔구간,0.17,-1.2,2026-09-30
OMAH,1.1,17.49,1952308,1715103,34.15,26.27,1.3,0.2,-0.6,중립,음봉,전저점부근,0.0,-0.55,2026-09-30
BBD,1.1,3.52,30448003,28559275,107.18,90.66,1.2,2.7,2.0,매수관심,양봉,완만한상승,0.77,1.92,2026-09-30
PRVA,1.1,19.69,1335256,1242457,26.29,26.92,1.0,0.6,-0.2,중립,팽이도지,완만한상승,0.34,0.71,2026-09-30
PRMB,1.1,19.05,3593846,3381539,68.46,77.14,0.9,0.8,-1.8,매도주의,장대음봉,전저점부근,0.1,-1.73,2026-09-30
CIEG,1.1,4.08,644434,612788,2.63,3.36,0.8,1.2,-2.6,중립,망치형,잔구간,0.63,0.58,2026-09-30
CHRS,1.1,1.21,1579828,1458206,1.91,2.42,0.8,0.0,2.5,중립,양봉,잔구간,0.73,0.49,2026-09-30
CFFN,1.1,8.25,1127461,1028213,9.3,10.24,0.9,0.2,-1.7,강한매도,장대음봉,전저점이탈,0.14,-3.18,2026-09-30
USDE,1.1,16.08,5261545,4804893,84.61,85.97,1.0,4.7,0.2,중립,위꼬리양봉,완만한상승,0.04,-0.65,2026-09-30
ALXO,1.1,1.39,1344372,1240962,1.87,2.36,0.8,-0.7,3.7,중립,양봉,잔구간,0.53,0.37,2026-09-30
ALVO,1.1,5.8,1136284,1073929,6.59,9.44,0.7,0.5,-2.5,매도주의,장대음봉,잔구간,0.19,-1.185,2026-09-30
ALOY,1.1,8.17,1847196,1685707,15.09,19.35,0.8,1.6,0.5,중립,위꼬리양봉,잔구간,0.22,-0.67,2026-09-30
MOMO,1.1,4.84,1241487,1111294,6.01,5.46,1.1,0.4,-0.4,중립,음봉,잔구간,0.14,-0.565,2026-09-30
LENZ,1.1,3.84,786205,739169,3.02,3.07,1.0,1.0,-1.5,중립,음봉,잔구간,0.6,-0.29,2026-09-30
NWL,1.1,5.28,5222367,4602400,27.57,29.95,0.9,0.6,-1.3,중립,음봉,잔구간,0.39,-0.415,2026-09-30
CTOS,1.1,9.11,708030,663934,6.45,7.46,0.9,-0.1,-1.1,중립,음봉,전저점부근,0.3,-0.19,2026-09-30
HRL,1.1,19.94,4939337,4506452,98.49,98.94,1.0,1.2,-0.7,중립,음봉,잔구간,0.39,-0.415,2026-09-30
HOPE,1.1,13.29,930386,855386,12.36,14.49,0.9,0.1,-1.2,매도주의,음봉,전저점이탈,0.26,-1.74,2026-09-30
TDOC,1.1,5.8,3407543,3024903,19.76,20.72,1.0,1.0,-0.2,중립,팽이도지,잔구간,0.29,-0.125,2026-09-30
HUN,1.1,8.4,2062488,1960915,17.32,24.44,0.7,-0.5,0.7,매수관심,양봉,완만한상승,0.45,1.54,2026-09-30
CSIQ,1.1,11.52,1954974,1842477,22.52,24.53,0.9,-0.1,-0.2,중립,망치형,잔구간,0.74,0.645,2026-09-30
OCGN,1.1,1.03,7322871,6634900,7.54,7.89,1.0,0.0,-5.5,매도주의,장대음봉,잔구간,0.22,-1.17,2026-09-30
FRMI,1.1,4.21,16560527,14630983,69.72,86.7,0.8,1.2,-2.8,중립,음봉,전저점부근,0.22,-0.29,2026-09-30
CERS,1.1,2.38,1932353,1727802,4.6,5.85,0.8,0.8,-4.4,강한매도,장대음봉,전저점이탈,0.15,-3.17,2026-09-30
CCCC,1.1,3.33,2609340,2448862,8.69,7.33,1.2,1.0,5.4,강한매수,장대양봉,완만한상승,0.83,3.3,2026-09-30
SLDP,1.1,2.375,3358208,2974653,7.98,7.67,1.0,1.8,2.8,매수관심,양봉,완만한상승,0.66,1.79,2026-09-30
BITI,1.1,17.63,1405403,1311253,24.78,31.91,0.8,-2.0,2.0,강한매수,장대양봉,완만한상승,0.87,3.34,2026-09-30
BIOA,1.1,7.09,755933,715239,5.36,6.61,0.8,0.8,-1.5,중립,음봉,잔구간,0.41,-0.405,2026-09-30
BILI,1.1,15.02,2692228,2397032,40.44,46.28,0.9,2.3,-1.1,매도주의,장대음봉,완만한상승,0.23,-1.42,2026-09-30
DCTH,1.1,15.97,300801,277984,4.8,5.99,0.8,0.2,0.6,강한매수,양봉스프링,완만한상승,0.84,2.81,2026-09-30
DAPP,1.1,18.96,1080775,941544,20.49,24.89,0.8,2.1,-4.6,강한매도,장대음봉,전저점이탈,0.05,-3.29,2026-09-30
INDP,1.1,2.3,643171,587328,1.48,2.91,0.5,0.7,-19.9,강한매도,장대음봉,전저점이탈,0.06,-3.28,2026-09-30
RCKT,1.1,2.63,2526822,2354930,6.65,6.46,1.0,1.2,0.4,중립,팽이도지,잔구간,0.44,-0.035,2026-09-30
QXO,1.1,11.69,25398391,22774964,296.91,265.34,1.1,1.9,-1.3,중립,음봉,잔구간,0.15,-0.56,2026-09-30
QTRX,1.1,3.71,545392,494334,2.02,2.25,0.9,0.0,1.1,매수관심,양봉스프링,전고점부근,0.92,1.55,2026-09-30
MTLS,1.1,8.56,311959,296563,2.67,2.0,1.3,-2.6,0.5,중립,위꼬리양봉,잔구간,0.34,-0.595,2026-09-30
MSTY,1.1,16.05,2518639,2194436,40.42,44.64,0.9,3.4,-4.1,매도주의,장대음봉,잔구간,0.1,-1.24,2026-09-30
DOLE,1.1,12.71,829091,766547,10.54,10.92,1.0,0.0,-1.9,강한매도,장대음봉,전저점이탈,0.0,-3.35,2026-09-30
DNP,1.1,9.57,1053258,939810,10.08,9.19,1.1,0.1,-2.7,강한매도,장대음봉,전저점이탈,0.04,-3.3,2026-09-30
KSS,1.1,18.46,4351173,4066275,80.32,67.19,1.2,1.7,-0.9,중립,팽이도지,완만한상승,0.27,0.62,2026-09-30
KRNT,1.1,16.62,470193,419395,7.81,5.82,1.3,0.0,0.4,중립,팽이도지,전고점부근,0.66,-0.26,2026-09-30
NAVI,1.1,9.07,1534845,1344368,13.92,16.81,0.8,1.0,-1.0,중립,망치형,잔구간,0.67,0.6,2026-09-30
NABL,1.1,4.1,2204985,2004275,9.04,16.0,0.6,-0.5,-1.9,중립,음봉,잔구간,0.0,-0.65,2026-09-30
DEFT,1.1,0.495,2099512,1969875,1.04,1.48,0.7,0.0,1.0,중립,팽이도지,잔구간,0.51,0.005,2026-09-30
UNHG,1.1,17.179,591622,520732,10.16,9.85,1.0,-0.2,-3.8,매도주의,장대음봉,잔구간,0.22,-1.17,2026-09-30
UAMY,1.1,4.17,4799825,4298588,20.02,22.07,0.9,1.9,-2.1,중립,음봉,전저점부근,0.0,-0.55,2026-09-30
UAA,1.1,4.46,11385962,10632141,50.78,50.54,1.0,0.2,4.2,매수관심,장대양봉,잔구간,0.78,1.17,2026-09-30
TLSI,1.1,4.31,627155,580922,2.7,3.83,0.7,0.2,1.2,중립,위꼬리양봉,잔구간,0.25,-0.65,2026-09-30
TK,1.1,14.25,593204,555159,8.45,8.89,1.0,1.0,0.0,중립,위꼬리양봉,완만한상승,0.07,-0.62,2026-09-30
TFSL,1.1,16.2,733479,681208,11.88,12.26,1.0,0.0,-0.6,중립,음봉,전저점부근,0.34,-0.14,2026-09-30
NKLR,1.1,3.39,396184,350489,1.34,3.69,0.4,0.6,1.2,중립,위꼬리양봉,잔구간,0.18,-0.69,2026-09-30
KYN,1.1,13.6,402822,363149,5.48,4.44,1.2,0.4,-0.4,중립,음봉,잔구간,0.09,-0.595,2026-09-30
TSLR,1.1,15.63,1392822,1255840,21.77,27.03,0.8,-0.6,1.5,매수관심,양봉스프링,잔구간,0.94,1.015,2026-09-30
TSLL,1.1,9.01,67271155,60143051,606.11,625.64,1.0,-0.4,1.5,매수관심,양봉스프링,잔구간,0.96,1.025,2026-09-30
NN,1.1,14.38,2124137,1866614,30.55,35.48,0.9,1.4,2.1,중립,위꼬리양봉,잔구간,0.39,-0.565,2026-09-30
NMRK,1.1,12.26,2361450,2171598,28.95,35.72,0.8,0.6,-2.3,강한매도,장대음봉,전저점이탈,0.28,-3.01,2026-09-30
NMRA,1.1,0.596,2286522,2004063,1.36,1.86,0.7,0.0,-12.0,강한매도,장대음봉,전저점이탈,0.06,-3.28,2026-09-30
BHR,1.1,1.67,612714,538679,1.02,1.03,1.0,1.2,-0.6,중립,망치형,잔구간,0.67,0.6,2026-09-30
BHK,1.1,8.2,451454,410328,3.7,4.24,0.9,0.6,-1.8,강한매도,장대음봉,전저점이탈,0.03,-3.31,2026-09-30
PUBM,1.1,18.73,879224,786514,16.47,15.62,1.1,0.5,-0.8,중립,팽이도지,잔구간,0.37,-0.08,2026-09-30
FTF,1.1,5.36,301921,276775,1.62,1.18,1.4,0.2,-0.2,매도주의,위꼬리음봉,잔구간,0.17,-0.95,2026-09-30
SIBN,1.1,18.8,640213,569447,12.04,11.01,1.1,0.0,-1.8,매도주의,장대음봉,잔구간,0.0,-1.3,2026-09-30
KURA,1.1,10.71,1871401,1726593,20.04,21.42,0.9,0.9,-1.7,중립,음봉,잔구간,0.3,-0.47,2026-09-30
KTF,1.1,8.1,312183,291291,2.53,3.69,0.7,-0.1,1.8,매수관심,장대양봉,잔구간,0.9,1.24,2026-09-30
AAOG,1.1,2.05,3145927,2871011,6.45,6.43,1.0,2.4,-4.2,중립,음봉,잔구간,0.4,-0.41,2026-09-30
ACI,1.1,11.61,7614304,7152515,88.4,96.39,0.9,1.5,-1.7,매도주의,장대음봉,잔구간,0.21,-1.175,2026-09-30
SPCQ,1.1,10.7,1826561,1608113,19.54,18.99,1.0,1.6,-3.5,중립,음봉,잔구간,0.36,-0.435,2026-09-30
PEB,1.1,18.76,2160664,1928115,40.53,42.02,1.0,0.2,0.1,매수관심,팽이도지,완만한상승,0.5,0.9,2026-09-30
PCG,1.1,12.25,48276635,44462808,591.39,506.27,1.2,0.2,0.4,매수관심,양봉스프링,잔구간,0.84,0.955,2026-09-30
COHH,1.1,5.55,1363589,1216962,7.57,7.37,1.0,2.6,-5.3,중립,음봉,잔구간,0.32,-0.46,2026-09-30
CNNE,1.1,15.34,631673,562891,9.69,9.89,1.0,0.8,-1.9,매도주의,장대음봉,잔구간,0.25,-1.15,2026-09-30
ESRT,1.1,4.03,4122786,3783838,16.61,22.82,0.7,0.2,-0.2,중립,팽이도지,잔구간,0.29,-0.125,2026-09-30
ERII,1.1,6.67,824636,766020,5.5,6.33,0.9,0.0,-1.2,매도주의,장대음봉,잔구간,0.09,-1.245,2026-09-30
EQPT,1.1,17.37,4155901,3619182,72.19,83.44,0.9,0.6,-6.7,매도주의,장대음봉,잔구간,0.01,-1.295,2026-09-30
WCMI,1.1,19.08,1086966,1023111,20.74,20.64,1.0,0.4,-0.9,매도주의,장대음봉,전저점부근,0.07,-1.77,2026-09-30
BRSP,1.1,3.83,2339916,2052225,8.96,8.81,1.0,-3.0,-2.0,강한매도,장대음봉,전저점이탈,0.09,-3.24,2026-09-30
BNGO,1.1,1.56,655032,599322,1.02,1.77,0.6,-0.6,-9.3,강한매도,장대음봉,전저점이탈,0.15,-3.17,2026-09-30
ZIP,1.1,3.51,698930,625826,2.45,2.46,1.0,0.3,3.2,중립,양봉,잔구간,0.47,0.33,2026-09-30
XHR,1.1,18.06,921253,803044,16.64,18.98,0.9,-1.5,0.1,중립,위꼬리양봉,잔구간,0.27,-0.64,2026-09-30
XPEV,1.0,9.56,6243093,6136539,59.68,70.37,0.8,1.8,-0.8,매도주의,장대음봉,잔구간,0.0,-1.3,2026-09-30
XRP,1.0,16.63,2041653,2065740,33.95,35.94,0.9,2.7,-3.0,매도주의,장대음봉,잔구간,0.08,-1.25,2026-09-30
ZGN,1.0,12.5,889456,890214,11.12,14.37,0.8,0.2,-1.2,매도주의,장대음봉,잔구간,0.0,-1.3,2026-09-30
BRSL,1.0,9.99,2721751,2651869,27.19,28.66,0.9,0.4,0.2,매수관심,팽이도지,완만한상승,0.54,0.95,2026-09-30
SABR,1.0,2.12,4259483,4306576,9.03,14.72,0.6,0.0,-0.5,매도주의,위꼬리음봉,잔구간,0.11,-0.985,2026-09-30
YYY,1.0,10.38,609556,594097,6.33,5.86,1.1,0.2,-0.3,매도주의,위꼬리음봉,잔구간,0.18,-0.94,2026-09-30
GSOL,1.0,8.875,3459054,3330220,30.7,30.16,1.0,2.9,-4.3,매도주의,장대음봉,잔구간,0.01,-1.295,2026-09-30
YEXT,1.0,6.47,855293,868175,5.53,6.92,0.8,0.0,-0.2,매도주의,위꼬리음봉,잔구간,0.13,-0.97,2026-09-30
PAX,1.0,10.15,930175,950816,9.44,9.8,1.0,0.8,0.1,강한매수,양봉스프링,완만한상승,0.82,2.78,2026-09-30
CIK,1.0,2.34,683103,659010,1.6,1.67,1.0,0.4,0.4,매수관심,양봉스프링,잔구간,1.0,1.05,2026-09-30
CLOV,1.0,4.31,3341494,3335117,14.4,16.76,0.9,-1.3,0.9,중립,팽이도지,잔구간,0.49,-0.005,2026-09-30
PENN,1.0,14.65,3242352,3168154,47.5,53.94,0.9,0.8,-0.5,매도주의,위꼬리음봉,잔구간,0.2,-0.93,2026-09-30
SPCE,1.0,2.99,4349759,4509733,13.01,21.2,0.6,1.3,-2.9,중립,음봉,전저점부근,0.0,-0.55,2026-09-30
SPCG,1.0,15.09,1947880,1866012,29.39,22.29,1.3,0.8,-2.9,중립,음봉,잔구간,0.34,-0.445,2026-09-30
ACP,1.0,4.45,1060598,1069177,4.72,4.45,1.1,-0.4,-0.7,중립,음봉,잔구간,0.25,-0.5,2026-09-30
ACRS,1.0,5.26,2263473,2240439,11.91,15.74,0.8,0.4,-0.8,중립,팽이도지,잔구간,0.27,-0.14,2026-09-30
WULF,1.0,14.8,23748495,23878905,351.48,442.59,0.8,1.6,-3.5,강한매도,장대음봉,전저점이탈,0.34,-2.94,2026-09-30
KULR,1.0,2.53,505053,513165,1.28,1.46,0.9,-0.4,1.6,매수관심,양봉,완만한상승,0.44,1.53,2026-09-30
GLWG,1.0,13.22,917899,875565,12.13,14.66,0.8,0.6,-6.6,매도주의,장대음봉,잔구간,0.14,-1.215,2026-09-30
GME.WS,1.0,2.277,717104,688050,1.63,1.67,1.0,8.8,-3.5,중립,음봉,완만한상승,0.34,0.01,2026-09-30
SG,1.0,8.87,5611987,5900470,49.78,42.88,1.2,1.5,0.0,매수관심,팽이도지,완만한상승,0.64,1.07,2026-09-30
SGRY,1.0,13.87,1857169,1896063,25.76,41.29,0.6,-0.6,-3.1,매도주의,장대음봉,잔구간,0.02,-1.29,2026-09-30
SHIP,1.0,16.41,476399,476548,7.82,9.11,0.9,1.6,-1.6,중립,음봉,잔구간,0.03,-0.63,2026-09-30
FTNY,1.0,7.33,316218,332516,2.32,1.96,1.2,0.8,0.3,중립,팽이도지,잔구간,0.56,0.035,2026-09-30
BXDC,1.0,17.34,2442438,2541989,42.35,77.4,0.5,-0.2,-1.6,매도주의,음봉,전저점이탈,0.27,-1.73,2026-09-30
CATX,1.0,2.75,1670313,1750116,4.59,8.75,0.5,0.8,4.2,중립,양봉,잔구간,0.89,0.585,2026-09-30
TSDD,1.0,8.13,6835540,6799649,55.57,59.13,0.9,0.6,-1.6,매도주의,위꼬리음봉,잔구간,0.06,-1.015,2026-09-30
LABD,1.0,7.03,24709589,24977251,173.71,167.01,1.0,-1.7,0.1,중립,팽이도지,잔구간,0.64,0.085,2026-09-30
NEXT,1.0,6.35,2595133,2554407,16.48,18.57,0.9,2.9,-2.7,중립,음봉,잔구간,0.11,-0.585,2026-09-30
NIO,1.0,3.43,27248529,27408228,93.46,107.29,0.9,-0.1,1.0,중립,양봉,잔구간,0.5,0.35,2026-09-30
CYH,1.0,2.86,1144661,1120792,3.27,3.73,0.9,0.3,-2.1,중립,음봉,잔구간,0.0,-0.65,2026-09-30
TGB,1.0,8.91,5901666,6002692,52.58,49.99,1.1,0.8,-0.4,중립,팽이도지,완만한상승,0.27,0.62,2026-09-30
ANGX,1.0,4.67,1564068,1594123,7.3,11.73,0.6,0.0,0.2,중립,팽이도지,잔구간,0.45,-0.03,2026-09-30
UGP,1.0,7.32,4251075,4464252,31.12,30.55,1.0,1.8,-2.0,매도주의,장대음봉,잔구간,0.1,-1.24,2026-09-30
ULCC,1.0,5.97,2275928,2362153,13.59,15.3,0.9,1.0,-3.0,중립,음봉,잔구간,0.42,-0.4,2026-09-30
UMH,1.0,15.4,538258,517857,8.29,11.95,0.7,0.6,-1.0,매도주의,장대음봉,잔구간,0.11,-1.235,2026-09-30
DFDV,1.0,5.37,2086706,2175227,11.21,18.1,0.6,4.5,-7.7,매도주의,장대음봉,전저점부근,0.03,-1.81,2026-09-30
DFH,1.0,10.7,1014926,1011577,10.86,14.43,0.8,1.3,-3.9,매도주의,장대음봉,전저점부근,0.33,-1.45,2026-09-30
NCLH,1.0,14.66,24059968,23321566,352.72,303.5,1.2,1.2,-2.1,매도주의,장대음봉,잔구간,0.06,-1.265,2026-09-30
NCNO,1.0,18.13,2270453,2207935,41.16,46.16,0.9,-0.1,1.1,중립,양봉,잔구간,0.48,0.34,2026-09-30
DRVN,1.0,11.81,929590,956431,10.98,15.06,0.7,0.8,-0.8,중립,음봉,완만한상승,0.24,-0.11,2026-09-30
MSFD,1.0,9.957,1383992,1346349,13.78,14.1,1.0,-0.5,-0.3,중립,망치형,잔구간,0.74,0.645,2026-09-30
QS,1.0,4.645,11677589,11612755,54.24,61.4,0.9,1.5,-0.3,중립,팽이도지,잔구간,0.35,-0.09,2026-09-30
RC,1.0,1.16,1716878,1685928,1.99,2.85,0.7,0.8,-7.2,강한매도,장대음봉,전저점이탈,0.0,-3.35,2026-09-30
RCAT,1.0,6.46,7710565,7386743,49.81,79.35,0.6,0.9,-0.7,매도주의,위꼬리음봉,잔구간,0.17,-0.95,2026-09-30
IMPP,1.0,5.11,530889,520258,2.71,2.58,1.1,1.5,0.6,매수관심,양봉스프링,잔구간,0.78,0.92,2026-09-30
IMRX,1.0,4.095,596820,582362,2.44,2.86,0.9,0.7,-1.6,중립,음봉,잔구간,0.04,-0.625,2026-09-30
IMUX,1.0,9.3,448499,441808,4.17,4.59,0.9,1.0,3.3,매수관심,양봉,완만한상승,0.8,1.96,2026-09-30
ARCO,1.0,7.15,1298066,1325638,9.28,9.64,1.0,0.7,-0.3,중립,망치형,잔구간,0.58,0.55,2026-09-30
TMQ,1.0,3.1,1194916,1139113,3.7,3.76,1.0,1.6,-1.6,중립,음봉,잔구간,0.08,-0.6,2026-09-30
SLI,1.0,1.83,2371199,2313658,4.34,4.76,0.9,1.1,0.5,중립,위꼬리양봉,잔구간,0.19,-0.685,2026-09-30
CDE,1.0,17.6,38018899,39716721,669.13,785.25,0.9,1.0,-2.3,매도주의,장대음봉,잔구간,0.0,-1.3,2026-09-30
PSO,1.0,16.05,523580,521792,8.4,10.96,0.8,0.4,0.2,중립,위꼬리양봉,완만한상승,0.33,-0.3,2026-09-30
INV,1.0,0.573,4972908,5120035,2.85,11.37,0.3,0.0,-4.5,중립,음봉,전저점부근,0.52,0.07,2026-09-30
OCFC,1.0,16.53,1188181,1194069,19.64,21.9,0.9,0.1,-0.9,중립,음봉,잔구간,0.33,-0.45,2026-09-30
NOK,1.0,10.14,64501141,62851879,654.04,982.73,0.7,0.0,-2.1,매도주의,장대음봉,잔구간,0.17,-1.2,2026-09-30
NVAX,1.0,10.81,4565584,4407472,49.35,61.49,0.8,0.3,-0.4,중립,팽이도지,수횡파,0.49,0.59,2026-09-30
CSHR,1.0,4.97,368772,354385,1.83,3.08,0.6,0.8,-1.4,중립,음봉,잔구간,0.12,-0.58,2026-09-30
CTKB,1.0,5.96,1324207,1377998,7.89,9.46,0.8,0.0,3.5,강한매수,장대양봉,전고점돌파,0.92,4.0,2026-09-30
HMY,1.0,17.72,3536776,3446772,62.67,88.16,0.7,0.7,-2.2,매도주의,장대음봉,잔구간,0.02,-1.29,2026-09-30
NVDY,1.0,12.74,1508878,1502922,19.22,18.07,1.1,0.6,-0.2,매도주의,위꼬리음봉,완만한상승,0.07,-1.12,2026-09-30
NWG,1.0,18.15,3231089,3219192,58.64,60.66,1.0,-0.3,-0.3,중립,음봉,잔구간,0.13,-0.57,2026-09-30
NX,1.0,18.87,334762,342680,6.32,8.63,0.7,0.9,-2.2,강한매도,장대음봉,전저점이탈,0.26,-3.04,2026-09-30
LAR,1.0,5.5,1185009,1181724,6.52,7.58,0.9,1.3,-1.1,중립,음봉,잔구간,0.06,-0.615,2026-09-30
MLCO,1.0,4.48,1621801,1553680,7.27,8.22,0.9,0.2,-2.0,강한매도,장대음봉,전저점이탈,0.04,-3.3,2026-09-30
MLTX,1.0,11.7,1994434,1952616,23.33,24.16,1.0,0.6,1.6,중립,양봉,잔구간,0.51,0.355,2026-09-30
MNTK,1.0,2.73,926155,965968,2.53,2.75,0.9,0.0,-7.1,매도주의,장대음봉,잔구간,0.17,-1.2,2026-09-30
UWMC,1.0,1.18,9719694,10036171,11.47,15.12,0.8,0.8,-5.6,매도주의,장대음봉,잔구간,0.0,-1.3,2026-09-30
NAT,1.0,7.9,4648743,4646613,36.73,40.81,0.9,1.4,-2.3,중립,음봉,잔구간,0.15,-0.56,2026-09-30
USAR,1.0,14.08,12617072,12807223,177.65,214.23,0.8,0.2,-0.1,매도주의,위꼬리음봉,잔구간,0.02,-1.04,2026-09-30
USOY,1.0,7.36,424305,425392,3.12,3.85,0.8,1.4,0.3,중립,위꼬리양봉,완만한상승,0.17,-0.5,2026-09-30
ALIT,1.0,8.92,584443,572834,5.21,5.94,0.9,-0.4,-2.9,중립,음봉,전저점부근,0.22,-0.29,2026-09-30
ALKT,1.0,13.69,2427300,2503220,33.23,41.38,0.8,-0.3,2.7,중립,양봉,잔구간,0.56,0.385,2026-09-30
OBE,1.0,10.3,670694,697532,6.91,9.53,0.7,1.4,-0.7,매도주의,위꼬리음봉,잔구간,0.17,-0.95,2026-09-30
FRNM,1.0,15.75,518521,508045,8.17,18.35,0.4,-0.3,-0.8,매도주의,위꼬리음봉,잔구간,0.25,-0.9,2026-09-30
FRSH,1.0,12.79,5307770,5350331,67.89,59.99,1.1,-0.1,1.8,중립,양봉,잔구간,0.58,0.4,2026-09-30
CIFR,1.0,15.825,29023040,28629035,459.29,629.63,0.7,1.6,-5.6,강한매도,장대음봉,전저점이탈,0.01,-3.34,2026-09-30
CIFU,1.0,8.81,676721,668229,5.96,8.48,0.7,2.7,-10.4,강한매도,장대음봉,전저점이탈,0.05,-3.29,2026-09-30
PRCT,1.0,18.22,1594598,1550924,29.05,25.66,1.1,-0.7,0.7,중립,팽이도지,잔구간,0.66,0.095,2026-09-30
SLRC,1.0,11.59,405169,414783,4.7,4.83,1.0,0.3,-1.4,매도주의,장대음봉,잔구간,0.14,-1.215,2026-09-30
OCTV,1.0,18.89,1982040,1967268,37.44,73.37,0.5,0.4,1.0,중립,위꼬리양봉,완만한상승,0.27,-0.38,2026-09-30
CRESY,1.0,11.51,363860,351269,4.19,4.39,1.0,0.7,-1.8,매도주의,음봉,전저점이탈,0.29,-1.7,2026-09-30
AGNT,1.0,3.67,1822520,1800503,6.69,7.57,0.9,1.1,2.2,매수관심,장대양봉,잔구간,0.92,1.25,2026-09-30
AHCO,1.0,5.64,2079292,2042237,11.73,14.3,0.8,0.4,-0.9,중립,망치형,잔구간,0.58,0.55,2026-09-30
VISN,1.0,5.98,5950907,5937334,35.59,54.22,0.7,1.4,-0.7,중립,음봉,잔구간,0.5,-0.35,2026-09-30
BTG,1.0,5.22,21507394,20832457,112.27,115.6,1.0,0.7,-3.0,매도주의,장대음봉,잔구간,0.06,-1.265,2026-09-30
BTZ,1.0,9.31,486624,472694,4.53,4.87,0.9,0.0,-0.6,중립,음봉,잔구간,0.0,-0.65,2026-09-30
BVS,1.0,13.63,461150,439250,6.29,6.47,1.0,0.1,-2.7,매도주의,장대음봉,잔구간,0.14,-1.215,2026-09-30
BW,1.0,5.84,5557871,5827222,32.46,34.36,0.9,1.2,-0.7,중립,팽이도지,완만한상승,0.35,0.72,2026-09-30
FWDI,1.0,7.8,1984681,2072477,15.48,20.44,0.8,4.5,-6.8,매도주의,장대음봉,전저점부근,0.05,-1.79,2026-09-30
QFIN,1.0,6.7,2048374,2015059,13.72,15.73,0.9,1.0,-1.9,매도주의,장대음봉,전저점부근,0.03,-1.81,2026-09-30
DEC,1.0,13.37,698327,700657,9.34,14.85,0.6,0.1,-1.0,중립,음봉,잔구간,0.0,-0.65,2026-09-30
ARLO,1.0,12.4,1113644,1146764,13.81,15.76,0.9,-0.3,0.1,중립,위꼬리양봉,잔구간,0.15,-0.71,2026-09-30
BDTX,1.0,1.885,551807,537039,1.04,1.29,0.8,1.1,-0.3,중립,팽이도지,잔구간,0.47,-0.02,2026-09-30
SMCX,1.0,13.7,4200144,4328212,57.54,67.23,0.9,5.5,-5.3,중립,음봉,완만한상승,0.26,-0.09,2026-09-30
PLU,1.0,4.57,349934,362987,1.6,1.89,0.8,0.0,-0.7,매도주의,위꼬리음봉,잔구간,0.02,-1.04,2026-09-30
PLUG,1.0,1.94,49165091,49189885,95.38,98.41,1.0,1.6,0.0,중립,위꼬리양봉,완만한상승,0.09,-0.59,2026-09-30
PMM,1.0,5.44,313786,305987,1.71,1.25,1.4,0.9,-1.6,중립,음봉,잔구간,0.0,-0.65,2026-09-30
PONY,1.0,6.54,4360066,4243243,28.51,29.71,1.0,0.4,-0.4,중립,팽이도지,전저점부근,0.46,0.7,2026-09-30
ATOM,1.0,4.36,373532,360787,1.63,1.63,1.0,1.7,1.4,매수관심,양봉,완만한상승,0.68,1.82,2026-09-30
AUR,1.0,5.54,37929130,36186560,210.13,249.81,0.8,0.9,1.8,중립,양봉,잔구간,0.66,0.445,2026-09-30
SUZ,1.0,8.57,2394939,2357624,20.52,21.6,1.0,0.8,-0.2,매도주의,위꼬리음봉,잔구간,0.17,-0.95,2026-09-30
SVC,1.0,6.44,1235816,1202588,7.96,9.82,0.8,0.0,1.1,중립,양봉,잔구간,0.97,0.63,2026-09-30
KODK,1.0,9.56,653559,640043,6.25,8.42,0.7,-0.2,-0.1,매도주의,위꼬리음봉,잔구간,0.22,-0.92,2026-09-30
JOBY,1.0,6.05,20866213,21041737,126.24,142.61,0.9,1.2,-0.2,매도주의,위꼬리음봉,완만한상승,0.1,-1.08,2026-09-30
FLG,1.0,11.67,6111891,5903389,71.33,67.79,1.1,0.3,-1.8,강한매도,장대음봉,전저점이탈,0.03,-3.31,2026-09-30
COMP,1.0,8.88,17522775,17615027,155.6,173.03,0.9,0.3,-1.8,중립,음봉,전저점부근,0.02,-0.53,2026-09-30
CONL,1.0,5.74,18583649,19355746,106.67,165.89,0.6,5.3,-8.8,강한매도,장대음봉,전저점이탈,0.15,-3.17,2026-09-30
CORZ,1.0,15.98,9708681,9604525,155.14,206.18,0.8,0.7,-2.7,강한매도,장대음봉,전저점이탈,0.2,-3.11,2026-09-30
CPRI,1.0,14.12,3483911,3396524,49.19,99.37,0.5,1.1,-4.7,매도주의,장대음봉,잔구간,0.05,-1.27,2026-09-30
EVMN,1.0,8.26,724199,734193,5.98,6.8,0.9,0.6,-1.7,중립,음봉,잔구간,0.36,-0.435,2026-09-30
EIM,1.0,9.07,341189,332379,3.09,2.76,1.1,0.2,1.8,강한매수,장대양봉,완만한상승,0.95,3.44,2026-09-30
ELE,1.0,19.1,434013,444699,8.29,13.33,0.6,1.1,-4.4,강한매도,장대음봉,전저점이탈,0.0,-3.35,2026-09-30
MFG,1.0,11.05,3487675,3636761,38.54,33.68,1.1,2.7,-2.2,매도주의,장대음봉,잔구간,0.05,-1.27,2026-09-30
MFIC,1.0,8.74,688630,708713,6.02,5.71,1.1,0.7,-2.0,매도주의,장대음봉,잔구간,0.1,-1.24,2026-09-30
MGTX,1.0,11.0,1423927,1429303,15.66,14.27,1.1,0.5,-1.7,매도주의,위꼬리음봉,잔구간,0.05,-1.02,2026-09-30
MH,1.0,13.11,758191,766418,9.94,9.23,1.1,0.3,3.9,강한매수,장대양봉,완만한상승,0.84,3.31,2026-09-30
DUOT,1.0,8.84,395893,395954,3.5,4.94,0.7,0.4,-1.9,중립,음봉,잔구간,0.02,-0.64,2026-09-30
VET,1.0,11.39,1270687,1297135,14.47,16.64,0.9,0.6,0.2,중립,위꼬리양봉,잔구간,0.25,-0.65,2026-09-30
GPK,1.0,9.05,6106589,5898825,55.26,66.27,0.8,-0.1,-1.6,매도주의,장대음봉,전저점부근,0.15,-1.67,2026-09-30
CRBU,1.0,1.27,845066,859950,1.07,1.29,0.8,3.1,-0.6,중립,망치형,잔구간,0.57,0.54,2026-09-30
OPEN,1.0,2.37,26651353,28012963,63.16,80.59,0.8,2.1,-2.1,매도주의,장대음봉,잔구간,0.25,-1.15,2026-09-30
OPRT,1.0,8.14,785963,775422,6.4,6.96,0.9,0.0,-1.1,중립,음봉,수횡파,0.56,-0.03,2026-09-30
SONO,1.0,17.89,2319067,2234124,41.49,41.0,1.0,-0.2,0.4,중립,위꼬리양봉,완만한상승,0.32,-0.32,2026-09-30
SPAL,1.0,17.13,741781,763446,12.71,17.51,0.7,-0.5,2.6,매수관심,양봉,완만한상승,0.66,1.79,2026-09-30
SPAX,1.0,10.2,1823038,1799734,18.59,19.34,1.0,-0.6,2.6,매수관심,양봉,완만한상승,0.63,1.76,2026-09-30
GDRX,1.0,3.29,757974,771650,2.49,2.64,0.9,0.3,1.5,중립,양봉,잔구간,0.5,0.35,2026-09-30
GDYN,1.0,7.88,618580,611535,4.87,6.71,0.7,0.9,2.3,강한매수,장대양봉,완만한상승,0.89,3.37,2026-09-30
GEMI,1.0,5.16,2189530,2253970,11.3,21.65,0.5,3.2,-5.5,매도주의,장대음봉,전저점부근,0.09,-1.74,2026-09-30
PL,1.0,16.39,10282724,10250559,168.53,177.7,0.9,0.5,-0.5,매도주의,위꼬리음봉,잔구간,0.01,-1.045,2026-09-30
IRWD,1.0,3.97,1662299,1701939,6.6,11.3,0.6,0.0,-4.6,강한매도,장대음봉,전저점이탈,0.05,-3.29,2026-09-30
LZM,1.0,3.76,306032,296674,1.15,1.3,0.9,1.3,-3.8,매도주의,장대음봉,전저점부근,0.17,-1.65,2026-09-30
MDXG,1.0,4.66,1028516,1012544,4.79,6.24,0.8,0.6,-0.9,중립,망치형,잔구간,0.7,0.62,2026-09-30
RZLT,1.0,4.14,1702788,1635415,7.05,7.59,0.9,2.4,-1.2,매도주의,위꼬리음봉,잔구간,0.02,-1.04,2026-09-30
BITO,1.0,11.2,70930297,67988260,794.42,830.71,1.0,1.9,-1.9,매도주의,장대음봉,잔구간,0.13,-1.22,2026-09-30
BIZD,1.0,12.89,2430068,2430812,31.32,28.73,1.1,1.0,-1.6,매도주의,장대음봉,잔구간,0.16,-1.205,2026-09-30
BKKT,1.0,7.81,1192868,1207525,9.32,14.31,0.7,3.7,-7.0,강한매도,장대음봉,전저점이탈,0.05,-3.29,2026-09-30
BLOX,1.0,13.57,321625,337677,4.36,4.66,0.9,1.1,-3.3,강한매도,장대음봉,전저점이탈,0.0,-3.35,2026-09-30
IE,1.0,9.92,2172809,2100308,21.55,24.92,0.9,1.4,-8.1,매도주의,장대음봉,잔구간,0.0,-1.3,2026-09-30
IGR,1.0,11.76,385315,371457,4.53,4.16,1.1,0.5,-1.1,매도주의,장대음봉,잔구간,0.18,-1.19,2026-09-30
INMD,1.0,14.17,378731,372287,5.37,6.63,0.8,-0.1,-0.3,중립,음봉,잔구간,0.57,-0.31,2026-09-30
BBAI,1.0,2.65,11737640,11660344,31.1,38.78,0.8,1.5,-1.5,매도주의,위꼬리음봉,잔구간,0.0,-1.05,2026-09-30
SSP,1.0,2.6,467320,472800,1.22,2.02,0.6,0.4,-0.8,중립,팽이도지,잔구간,0.38,-0.07,2026-09-30
STLA,1.0,4.36,29046125,28376228,126.64,132.25,1.0,2.0,-3.5,강한매도,장대음봉,전저점이탈,0.0,-3.35,2026-09-30
OVID,1.0,2.49,1442691,1446650,3.59,5.83,0.6,0.0,-2.0,중립,음봉,잔구간,0.08,-0.6,2026-09-30
SPDN,1.0,8.48,41451652,43461201,351.51,308.15,1.1,-0.5,0.6,강한매수,양봉,완만한상승,0.89,2.07,2026-09-30
JRVR,1.0,3.43,321685,336521,1.1,1.42,0.8,0.0,0.6,매수관심,양봉스프링,잔구간,0.75,0.9,2026-09-30
CMRC,1.0,3.16,463659,482135,1.47,2.37,0.6,0.0,1.6,중립,양봉,잔구간,0.52,0.36,2026-09-30
RWT,1.0,3.88,5696701,5599902,22.1,25.42,0.9,3.4,-2.5,매도주의,장대음봉,완만한상승,0.38,-1.24,2026-09-30
EGHT,1.0,2.25,1877975,1905908,4.23,4.24,1.0,1.4,2.3,매수관심,양봉,완만한상승,0.69,1.83,2026-09-30
LOFF,1.0,16.9,1421931,1477667,24.03,32.31,0.7,-1.0,3.1,매수관심,양봉,완만한상승,0.67,1.8,2026-09-30
ELPC,1.0,12.42,589534,598177,7.32,6.4,1.1,1.8,0.2,강한매수,양봉스프링,완만한상승,0.94,2.93,2026-09-30
LTRX,1.0,7.21,1214868,1160982,8.76,10.06,0.9,1.0,-1.1,중립,망치형,잔구간,0.72,0.63,2026-09-30
LU,1.0,1.21,1729190,1678807,2.09,2.64,0.8,0.8,-3.2,매도주의,장대음봉,잔구간,0.0,-1.3,2026-09-30
LUMN,1.0,5.6,10258976,9883836,57.45,81.42,0.7,0.5,0.5,중립,팽이도지,잔구간,0.62,0.07,2026-09-30
AEO,1.0,17.78,5736657,5596007,102.0,92.74,1.1,0.1,-2.1,중립,음봉,잔구간,0.12,-0.58,2026-09-30
VTRS,1.0,17.72,11806880,11264984,209.22,175.64,1.2,0.2,-2.4,매도주의,장대음봉,잔구간,0.02,-1.29,2026-09-30
VUZI,1.0,2.79,904189,873855,2.52,2.49,1.0,0.4,0.4,중립,위꼬리양봉,잔구간,0.13,-0.72,2026-09-30
LYFT,1.0,15.01,7965841,8185516,119.57,131.99,0.9,0.9,-1.3,중립,음봉,잔구간,0.22,-0.52,2026-09-30
AAOZ,1.0,14.15,536028,538459,7.58,9.48,0.8,-1.1,4.0,매수관심,양봉,완만한상승,0.62,1.74,2026-09-30
ABCL,1.0,14.59,4863812,4637893,70.96,73.2,1.0,-0.3,-1.3,중립,음봉,잔구간,0.07,-0.61,2026-09-30
WNC,1.0,12.33,862399,902706,10.63,9.71,1.1,0.8,-3.5,매도주의,장대음봉,잔구간,0.23,-1.16,2026-09-30
SANA,1.0,2.915,3245650,3278495,9.46,13.67,0.7,2.1,-1.9,중립,음봉,잔구간,0.32,-0.46,2026-09-30
SBH,1.0,16.42,1258870,1215336,20.67,23.06,0.9,-0.2,-0.1,매도주의,위꼬리음봉,잔구간,0.24,-0.905,2026-09-30
RPC,1.0,7.43,505265,530160,3.75,4.89,0.8,1.1,0.0,강한매수,양봉스프링,완만한상승,0.89,2.87,2026-09-30
RSKD,1.0,7.91,4442804,4278180,35.14,21.87,1.6,1.4,1.2,매수관심,양봉,완만한상승,0.56,1.67,2026-09-30
RWM,1.0,14.39,43372200,44048418,624.13,531.59,1.2,-0.3,0.7,강한매수,장대양봉,완만한상승,0.96,3.45,2026-09-30
HAFN,0.9,9.94,3438907,3673593,34.18,32.89,1.0,2.7,0.1,중립,위꼬리양봉,완만한상승,0.1,-0.58,2026-09-30
GTM,0.9,3.79,4188287,4766856,15.87,23.01,0.7,0.6,3.8,강한매수,장대양봉,완만한상승,0.79,3.25,2026-09-30
GTE,0.9,9.86,471589,518221,4.65,5.75,0.8,0.7,0.4,매수관심,팽이도지,완만한상승,0.56,0.97,2026-09-30
ET,0.9,19.77,8840881,9939020,174.78,198.34,0.9,0.6,-1.3,매도주의,장대음봉,전저점부근,0.25,-1.55,2026-09-30
ERIC,0.9,9.15,7472982,7953632,68.38,73.02,0.9,-0.7,-1.1,강한매도,장대음봉,전저점이탈,0.0,-3.35,2026-09-30
ADMA,0.9,10.03,2699131,3097953,27.07,35.54,0.8,0.2,0.5,중립,팽이도지,잔구간,0.69,0.115,2026-09-30
GRRR,0.9,13.86,403211,455503,5.59,6.42,0.9,0.6,-0.5,매도주의,위꼬리음봉,완만한상승,0.16,-1.01,2026-09-30
GRPN,0.9,19.76,959930,1028939,18.97,29.7,0.6,1.1,-2.2,중립,음봉,잔구간,0.06,-0.615,2026-09-30
GROY,0.9,3.0,1229483,1413617,3.69,4.54,0.8,0.7,-2.3,매도주의,장대음봉,잔구간,0.22,-1.17,2026-09-30
BORR,0.9,3.89,4805614,5183410,18.69,28.23,0.7,1.0,-1.5,매도주의,장대음봉,전저점부근,0.0,-1.85,2026-09-30
WIT,0.9,1.65,6396344,6956317,10.55,12.14,0.9,1.9,0.6,매수관심,양봉,완만한상승,0.67,1.8,2026-09-30
SPCF,0.9,16.73,1012008,1176145,16.93,22.89,0.7,-0.8,3.1,매수관심,양봉,완만한상승,0.65,1.78,2026-09-30
GEVO,0.9,1.315,2736321,2990989,3.6,5.71,0.6,0.8,-1.9,매도주의,장대음봉,전저점부근,0.12,-1.71,2026-09-30
PDYN,0.9,5.16,753949,833107,3.89,5.25,0.7,0.6,-1.7,중립,음봉,잔구간,0.06,-0.615,2026-09-30
PDSB,0.9,0.751,4585569,5069864,3.44,29.82,0.1,-2.5,3.6,중립,양봉,잔구간,0.8,0.53,2026-09-30
CLF,0.9,11.01,16297781,18268400,179.44,204.57,0.9,0.8,-0.8,매도주의,위꼬리음봉,전저점부근,0.06,-1.28,2026-09-30
CLBT,0.9,11.26,3114173,3437154,35.07,32.31,1.1,-0.1,3.1,매수관심,장대양봉,잔구간,0.89,1.235,2026-09-30
PCN,0.9,10.67,628417,732325,6.71,6.66,1.0,-0.4,0.2,중립,위꼬리양봉,잔구간,0.31,-0.615,2026-09-30
PAYO,0.9,7.14,2163563,2387209,15.45,22.2,0.7,0.0,0.0,매수관심,팽이도지,완만한상승,0.5,0.9,2026-09-30
PATH,0.9,12.84,42518697,47292968,545.94,617.29,0.9,0.0,4.2,매수관심,장대양봉,잔구간,0.76,1.155,2026-09-30
PAR,0.9,13.76,962525,1057358,13.24,16.56,0.8,0.7,1.1,중립,양봉,잔구간,0.65,0.44,2026-09-30
FLO,0.9,5.55,7628907,8285680,42.34,49.85,0.8,0.9,-3.1,강한매도,장대음봉,전저점이탈,0.21,-3.1,2026-09-30
SPT,0.9,9.77,830500,900743,8.11,10.56,0.8,0.7,3.1,중립,양봉,잔구간,0.71,0.475,2026-09-30
SPIR,0.9,11.18,513985,561704,5.75,9.16,0.6,-0.3,0.5,중립,위꼬리양봉,완만한상승,0.09,-0.59,2026-09-30
PAL,0.9,3.49,711181,789952,2.48,6.01,0.4,0.0,-3.1,강한매도,장대음봉,전저점이탈,0.11,-3.22,2026-09-30
OSG,0.9,4.14,341741,400973,1.41,2.08,0.7,-0.5,1.5,중립,양봉,잔구간,0.69,0.465,2026-09-30
ORCU,0.9,6.56,5241268,5886105,34.38,47.73,0.7,-2.3,1.2,중립,팽이도지,잔구간,0.66,0.095,2026-09-30
BB,0.9,9.04,27970953,30328480,252.86,200.14,1.3,0.0,3.7,매수관심,양봉,완만한상승,0.59,1.71,2026-09-30
SSG,0.9,10.455,678947,729633,7.1,7.4,1.0,-1.3,0.7,중립,양봉,잔구간,1.0,0.65,2026-09-30
SRPT,0.9,18.22,1995000,2243614,36.35,53.86,0.7,0.0,-2.3,매도주의,장대음봉,잔구간,0.25,-1.15,2026-09-30
PAXS,0.9,13.23,320167,354387,4.24,5.55,0.8,0.2,0.1,중립,위꼬리양봉,완만한상승,0.18,-0.48,2026-09-30
ITRG,0.9,2.57,1315188,1468021,3.38,3.95,0.9,0.4,-3.7,강한매도,장대음봉,전저점이탈,0.17,-3.15,2026-09-30
PHR,0.9,10.33,619229,701390,6.4,7.84,0.8,-0.1,3.3,강한매수,장대양봉,전고점돌파,0.87,3.94,2026-09-30
GERN,0.9,1.23,9443026,10138458,11.61,12.85,0.9,1.6,-2.4,매도주의,장대음봉,잔구간,0.0,-1.3,2026-09-30
SOPH,0.9,8.38,471239,533706,3.95,5.79,0.7,2.2,-1.2,중립,음봉,완만한상승,0.25,-0.1,2026-09-30
SNK,0.9,14.5,1721810,1861685,24.97,33.08,0.8,0.3,-2.5,중립,음봉,잔구간,0.33,-0.45,2026-09-30
STLN,0.9,6.32,946918,1083159,5.98,11.16,0.5,0.0,-2.9,매도주의,장대음봉,전저점부근,0.02,-1.83,2026-09-30
OPFI,0.9,6.03,571634,620554,3.45,6.37,0.5,0.2,-1.0,중립,음봉,전저점부근,0.39,-0.08,2026-09-30
ONT,0.9,13.38,790458,901778,10.58,12.71,0.8,0.6,-5.7,매도주의,장대음봉,전저점부근,0.16,-1.66,2026-09-30
ONDS,0.9,7.33,61550626,68952964,451.17,504.71,0.9,0.3,-2.3,중립,음봉,잔구간,0.03,-0.63,2026-09-30
CRGY,0.9,12.89,5202742,5745721,67.06,102.07,0.7,0.5,-0.5,매도주의,위꼬리음봉,잔구간,0.19,-0.935,2026-09-30
KLRA,0.9,11.42,1368805,1532630,15.63,19.41,0.8,1.5,2.3,중립,양봉,잔구간,0.7,0.47,2026-09-30
FIP,0.9,2.76,1046147,1150831,2.89,4.16,0.7,1.1,-3.2,중립,음봉,전저점부근,0.06,-0.48,2026-09-30
SVIA,0.9,3.875,1436230,1550483,5.57,9.8,0.6,-0.5,1.7,중립,팽이도지,잔구간,0.72,0.13,2026-09-30
AVTR,0.9,15.05,7378761,8578163,111.05,148.03,0.8,-0.5,-0.7,중립,음봉,수횡파,0.0,-0.7,2026-09-30
ATEC,0.9,10.32,1588348,1685641,16.39,21.35,0.8,0.4,-0.9,중립,팽이도지,잔구간,0.47,-0.02,2026-09-30
POET,0.9,7.48,6950837,7462725,51.99,60.5,0.9,1.2,-3.6,매도주의,장대음봉,잔구간,0.09,-1.245,2026-09-30
PLTZ,0.9,7.94,2648677,2986059,21.03,24.52,0.9,-1.4,1.1,매수관심,양봉스프링,잔구간,0.97,1.03,2026-09-30
PLAY,0.9,6.38,1782911,2084443,11.37,19.29,0.6,1.5,-3.2,매도주의,장대음봉,전저점부근,0.05,-1.79,2026-09-30
JANX,0.9,17.28,772493,814228,13.35,16.69,0.8,0.8,1.2,매수관심,양봉,완만한상승,0.63,1.76,2026-09-30
SMR,0.9,7.9,29505657,32942744,233.09,329.11,0.7,1.3,0.5,중립,팽이도지,잔구간,0.35,-0.09,2026-09-30
BCSF,0.9,11.04,481584,539728,5.32,6.46,0.8,0.4,-2.0,매도주의,장대음봉,잔구간,0.0,-1.3,2026-09-30
BCAT,0.9,13.7,1272693,1374453,17.44,18.91,0.9,0.2,0.0,중립,위꼬리양봉,잔구간,0.13,-0.72,2026-09-30
ARTV,0.9,7.12,383976,444271,2.73,5.26,0.5,1.0,0.3,중립,팽이도지,잔구간,0.36,-0.085,2026-09-30
FINV,0.9,3.03,460721,497596,1.4,4.03,0.3,0.3,-0.7,중립,음봉,잔구간,0.18,-0.54,2026-09-30
FHTX,0.9,3.57,419958,447369,1.5,1.99,0.8,0.9,0.6,매수관심,팽이도지,완만한상승,0.7,1.14,2026-09-30
FCEL,0.9,16.42,4095544,4461029,67.25,96.1,0.7,0.7,-3.5,매도주의,장대음봉,잔구간,0.03,-1.28,2026-09-30
FBRT,0.9,6.39,1827425,1930499,11.68,23.99,0.5,-1.5,-3.5,강한매도,장대음봉,전저점이탈,0.06,-3.28,2026-09-30
KEP,0.9,10.96,648075,737394,7.1,9.2,0.8,-0.8,-0.5,중립,음봉,잔구간,0.16,-0.555,2026-09-30
KEEL,0.9,3.53,19942550,22020599,70.4,124.37,0.6,3.6,-4.9,매도주의,장대음봉,전저점부근,0.07,-1.77,2026-09-30
CRCT,0.9,6.38,605038,690169,3.86,4.32,0.9,0.0,-0.5,매도주의,위꼬리음봉,잔구간,0.08,-1.0,2026-09-30
BBWI,0.9,15.92,5869613,6361117,93.44,115.56,0.8,0.5,-0.9,중립,음봉,잔구간,0.29,-0.475,2026-09-30
PRME,0.9,3.055,3132452,3644052,9.57,12.03,0.8,0.6,-1.8,중립,음봉,잔구간,0.21,-0.525,2026-09-30
PRGO,0.9,14.76,2548739,2744016,37.62,49.18,0.8,0.5,-2.1,매도주의,장대음봉,잔구간,0.07,-1.26,2026-09-30
PRAA,0.9,19.49,421918,478063,8.22,12.05,0.7,-0.6,0.8,중립,양봉,잔구간,0.9,0.59,2026-09-30
NXRT,0.9,19.51,864287,951462,16.86,24.54,0.7,0.1,1.2,중립,팽이도지,잔구간,0.74,0.145,2026-09-30
NXH,0.9,2.94,2440625,2746895,7.18,9.32,0.8,1.0,-2.6,매도주의,음봉,전저점이탈,0.05,-1.99,2026-09-30
NXDR,0.9,2.43,2136974,2442838,5.19,6.66,0.8,0.4,-1.2,중립,음봉,잔구간,0.19,-0.535,2026-09-30
CURI,0.9,2.91,607930,712487,1.77,1.84,1.0,0.0,-1.4,중립,음봉,잔구간,0.4,-0.41,2026-09-30
CTMX,0.9,2.72,3220701,3769291,8.76,13.7,0.6,1.1,-2.2,중립,음봉,잔구간,0.2,-0.53,2026-09-30
HSAI,0.9,15.95,785410,866361,12.53,18.1,0.7,1.7,1.0,중립,양봉,잔구간,0.63,0.43,2026-09-30
HNRG,0.9,13.87,530120,612821,7.35,11.55,0.6,0.6,-2.1,강한매도,장대음봉,전저점이탈,0.09,-3.24,2026-09-30
GCTK,0.9,1.64,1180242,1281704,1.94,19.57,0.1,2.9,-8.4,중립,음봉,잔구간,0.42,-0.4,2026-09-30
GCMG,0.9,12.89,395772,453516,5.1,7.94,0.6,0.7,0.0,중립,팽이도지,잔구간,0.6,0.06,2026-09-30
CRVS,0.9,11.52,875847,1023160,10.09,17.23,0.6,2.0,-4.0,매도주의,장대음봉,잔구간,0.04,-1.275,2026-09-30
NUV,0.9,8.29,2065339,2332925,17.12,14.45,1.2,0.1,0.9,중립,양봉,잔구간,0.76,0.505,2026-09-30
NUAI,0.9,6.72,7830536,8439859,52.62,72.52,0.7,1.4,-2.0,중립,음봉,잔구간,0.24,-0.505,2026-09-30
NTST,0.9,17.68,1589196,1744554,28.1,39.81,0.7,-0.1,-1.3,강한매도,장대음봉,전저점이탈,0.0,-3.35,2026-09-30
NPKI,0.9,11.42,865011,941983,9.88,10.62,0.9,0.4,-0.3,중립,팽이도지,잔구간,0.6,0.06,2026-09-30
CEPL,0.9,4.48,399449,458965,1.79,3.96,0.5,7.9,-6.7,매도주의,장대음봉,전저점부근,0.17,-1.65,2026-09-30
PSFE,0.9,5.63,321487,377507,1.81,2.39,0.8,0.0,-4.1,매도주의,장대음봉,잔구간,0.07,-1.26,2026-09-30
SKHZ,0.9,9.62,910095,1064688,8.76,12.54,0.7,0.3,1.2,강한매수,장대양봉,완만한상승,1.0,3.5,2026-09-30
SKHX,0.9,16.76,1083999,1220128,18.17,24.34,0.7,-0.4,-2.5,중립,음봉,잔구간,0.06,-0.615,2026-09-30
SKHL,0.9,10.81,1479060,1701833,15.99,18.44,0.9,-0.8,-2.2,중립,음봉,잔구간,0.02,-0.64,2026-09-30
DDD,0.9,3.6,1891037,2032245,6.81,9.18,0.7,0.6,1.7,매수관심,양봉,완만한상승,0.64,1.77,2026-09-30
DCH,0.9,5.22,4053853,4410979,21.16,28.04,0.8,1.7,-3.3,매도주의,장대음봉,잔구간,0.08,-1.25,2026-09-30
ARIS,0.9,17.4,1656533,1781881,28.82,32.04,0.9,1.5,-3.4,매도주의,장대음봉,잔구간,0.03,-1.28,2026-09-30
ARHS,0.9,9.47,1419535,1583608,13.44,14.51,0.9,0.7,-0.6,중립,팽이도지,완만한상승,0.31,0.67,2026-09-30
ARDT,0.9,10.34,363302,417957,3.76,4.67,0.8,0.4,-2.6,매도주의,장대음봉,잔구간,0.1,-1.24,2026-09-30
TIGR,0.9,4.59,1500967,1656377,6.89,8.52,0.8,0.2,0.7,중립,양봉,잔구간,0.76,0.505,2026-09-30
TETH,0.9,13.3,1441931,1687960,19.18,22.47,0.9,1.2,-2.1,매도주의,장대음봉,잔구간,0.0,-1.3,2026-09-30
TE,0.9,3.86,18223586,20956951,70.34,81.6,0.9,2.1,0.3,중립,팽이도지,잔구간,0.63,0.08,2026-09-30
NEXA,0.9,12.19,407078,477112,4.96,9.68,0.5,1.1,-2.6,매도주의,장대음봉,잔구간,0.1,-1.24,2026-09-30
GLUE,0.9,11.93,913958,972962,10.9,13.72,0.8,0.9,0.7,매수관심,팽이도지,완만한상승,0.56,0.97,2026-09-30
GLOO,0.9,4.28,1215908,1310697,5.2,11.56,0.5,-1.3,-2.9,중립,음봉,전저점부근,0.28,-0.21,2026-09-30
NNE,0.9,15.85,1465130,1640712,23.22,36.33,0.6,1.9,-1.5,중립,음봉,잔구간,0.04,-0.625,2026-09-30
BHC,0.9,5.83,1457638,1663375,8.5,10.08,0.8,0.5,0.0,매수관심,팽이도지,완만한상승,0.54,0.95,2026-09-30
QBTS,0.9,16.57,12647409,14501534,209.57,297.4,0.7,0.0,0.9,중립,위꼬리양봉,잔구간,0.22,-0.67,2026-09-30
PZZA,0.9,19.705,1235588,1332243,24.35,32.27,0.8,0.0,-3.1,매도주의,장대음봉,잔구간,0.14,-1.215,2026-09-30
PTY,0.9,11.01,2240223,2435520,24.66,23.67,1.0,0.5,0.7,중립,양봉,잔구간,0.56,0.385,2026-09-30
SION,0.9,5.26,1157751,1327587,6.09,10.31,0.6,0.8,1.3,매수관심,팽이도지,완만한상승,0.75,1.2,2026-09-30
HLF,0.9,12.13,1078333,1250026,13.08,18.06,0.7,0.2,-2.6,매도주의,장대음봉,잔구간,0.06,-1.265,2026-09-30
HL,0.9,17.03,37128064,39437544,632.29,817.0,0.8,0.6,-1.3,중립,음봉,잔구간,0.1,-0.59,2026-09-30
GMEU,0.9,9.08,1096402,1279770,9.96,7.94,1.3,6.2,1.5,매수관심,양봉,완만한상승,0.68,1.82,2026-09-30
NEO,0.9,18.36,2473562,2803615,45.41,48.74,0.9,0.1,-2.1,중립,음봉,잔구간,0.12,-0.58,2026-09-30
NEA,0.9,9.95,3449669,3784434,34.32,31.22,1.1,0.4,1.5,매수관심,장대양봉,잔구간,0.67,1.1,2026-09-30
NDMO,0.9,8.84,600708,700555,5.31,4.3,1.2,0.3,2.3,매수관심,장대양봉,잔구간,0.88,1.23,2026-09-30
MYGN,0.9,4.31,1504783,1653209,6.49,8.43,0.8,1.2,0.7,매수관심,팽이도지,완만한상승,0.55,0.96,2026-09-30
DLO,0.9,13.76,1435023,1626676,19.75,23.63,0.8,0.5,0.0,중립,팽이도지,잔구간,0.45,-0.03,2026-09-30
DEI,0.9,9.58,2734924,2890870,26.2,26.63,1.0,-0.6,0.4,중립,팽이도지,잔구간,0.48,-0.01,2026-09-30
UA,0.9,4.35,2553469,2888793,11.11,13.25,0.8,0.7,2.4,중립,양봉,잔구간,0.76,0.505,2026-09-30
HLN,0.9,9.0,17749500,20750013,159.75,241.37,0.7,0.7,-1.4,매도주의,장대음봉,잔구간,0.03,-1.28,2026-09-30
SFL,0.9,13.16,1217965,1394183,16.03,21.77,0.7,0.6,0.2,중립,위꼬리양봉,완만한상승,0.2,-0.46,2026-09-30
INDI,0.9,2.925,3891267,4407470,11.38,16.86,0.7,1.0,-2.2,중립,음봉,잔구간,0.05,-0.62,2026-09-30
RDW,0.9,10.44,11941982,12982050,124.67,164.99,0.8,1.2,-3.9,강한매도,음봉,전저점이탈,0.01,-2.04,2026-09-30
RDTL,0.9,11.32,811527,875811,9.19,9.75,0.9,2.5,-6.2,중립,음봉,잔구간,0.01,-0.645,2026-09-30
RAM,0.9,13.74,7165488,7589418,98.45,116.53,0.8,-1.0,-2.1,중립,음봉,잔구간,0.28,-0.48,2026-09-30
QYLD,0.9,18.55,3046818,3379541,56.52,74.93,0.8,0.1,-0.1,중립,음봉,완만한상승,0.0,-0.4,2026-09-30
ALMU,0.9,12.36,372807,422427,4.61,11.19,0.4,1.6,-4.6,매도주의,장대음봉,전저점부근,0.07,-1.77,2026-09-30
USGG,0.9,4.046,418392,491619,1.69,2.9,0.6,0.7,-0.6,매도주의,위꼬리음봉,잔구간,0.02,-1.04,2026-09-30
USAS,0.9,4.36,3327452,3528946,14.51,19.98,0.7,0.9,-4.0,매도주의,장대음봉,전저점부근,0.0,-1.85,2026-09-30
NAGE,0.9,2.92,360539,401171,1.05,1.21,0.9,0.7,-1.7,강한매도,장대음봉,전저점이탈,0.14,-3.18,2026-09-30
ALTO,0.9,3.69,892965,975967,3.3,4.7,0.7,3.0,-1.3,중립,음봉,잔구간,0.47,-0.37,2026-09-30
MITK,0.9,17.05,524370,584198,8.94,11.93,0.7,0.7,2.1,매수관심,양봉,완만한상승,0.59,1.71,2026-09-30
LFMD,0.9,2.9,725486,788656,2.1,2.28,0.9,0.7,0.0,중립,팽이도지,잔구간,0.34,-0.095,2026-09-30
LCID,0.9,4.07,8339139,9553863,33.94,47.43,0.7,1.5,-1.5,중립,음봉,잔구간,0.33,-0.45,2026-09-30
FWRD,0.9,15.25,421327,459436,6.43,8.86,0.7,1.5,0.1,중립,팽이도지,수횡파,0.42,0.5,2026-09-30
FUTG,0.9,4.017,314571,365885,1.26,1.54,0.8,2.1,-6.1,매도주의,장대음봉,잔구간,0.03,-1.28,2026-09-30
REAL,0.9,8.84,2685861,2898426,23.74,26.06,0.9,0.0,0.6,중립,팽이도지,잔구간,0.6,0.06,2026-09-30
BUYW,0.9,14.47,470112,503836,6.8,6.98,1.0,0.0,-0.1,중립,망치형,잔구간,0.71,0.625,2026-09-30
BUR,0.9,3.92,2091106,2319750,8.2,9.49,0.9,0.3,0.3,강한매수,양봉스프링,완만한상승,1.0,3.0,2026-09-30
BULL,0.9,6.97,9315447,10226732,64.93,110.44,0.6,2.1,-4.8,매도주의,장대음봉,전저점부근,0.07,-1.77,2026-09-30
BTE,0.9,4.53,18030968,19214553,81.68,87.62,0.9,1.1,0.2,중립,팽이도지,완만한상승,0.36,0.73,2026-09-30
BTCS,0.9,1.47,1462875,1581606,2.15,3.12,0.7,2.0,-5.8,강한매도,장대음봉,전저점이탈,0.0,-3.35,2026-09-30
BTBT,0.9,1.63,18024915,21056264,29.38,45.06,0.7,4.2,-5.2,강한매도,장대음봉,전저점이탈,0.0,-3.35,2026-09-30
MIR,0.9,14.12,3093498,3594152,43.68,63.36,0.7,-0.2,-1.3,중립,음봉,전저점부근,0.08,-0.45,2026-09-30
EBS,0.9,6.6,760581,829724,5.02,7.83,0.6,-0.6,-4.1,매도주의,장대음봉,잔구간,0.12,-1.23,2026-09-30
VGM,0.9,8.65,530728,610508,4.59,4.26,1.1,1.2,-1.3,중립,음봉,잔구간,0.09,-0.595,2026-09-30
HE,0.9,8.94,2720445,2864042,24.32,30.96,0.8,-0.4,-1.1,매도주의,장대음봉,잔구간,0.12,-1.23,2026-09-30
GOTU,0.9,2.41,489113,541778,1.18,1.36,0.9,-0.4,-0.8,매도주의,위꼬리음봉,잔구간,0.0,-1.05,2026-09-30
GOSS,0.9,11.85,382023,405296,4.53,3.97,1.1,-0.4,2.8,매수관심,팽이도지,완만한상승,0.53,0.94,2026-09-30
VIVO,0.9,3.69,344408,388079,1.27,1.59,0.8,3.4,-3.0,중립,음봉,완만한상승,0.19,-0.17,2026-09-30
EXK,0.9,8.58,7607673,8545082,65.27,80.01,0.8,1.0,-2.8,매도주의,장대음봉,전저점부근,0.14,-1.68,2026-09-30
MIST,0.9,0.866,1268818,1397240,1.1,1.03,1.1,2.2,3.3,매수관심,양봉,완만한상승,0.59,1.71,2026-09-30
RGTI,0.9,15.74,14036045,15694181,220.93,278.18,0.8,0.7,-0.7,매도주의,위꼬리음봉,잔구간,0.05,-1.02,2026-09-30
INO,0.9,1.22,2687854,2889277,3.28,3.35,1.0,2.7,7.0,매수관심,장대양봉,잔구간,0.86,1.215,2026-09-30
IIM,0.9,10.46,365581,409476,3.82,3.23,1.2,0.9,-0.8,중립,음봉,잔구간,0.0,-0.65,2026-09-30
IHRT,0.9,2.1,614728,678259,1.29,1.97,0.7,1.6,-5.0,강한매도,장대음봉,전저점이탈,0.13,-3.19,2026-09-30
ICLN,0.9,17.0,5960275,6304844,101.32,106.82,0.9,1.1,-1.1,매도주의,장대음봉,잔구간,0.0,-1.3,2026-09-30
LZ,0.9,5.61,2393747,2646569,13.43,16.78,0.8,0.0,1.0,중립,양봉,잔구간,0.46,0.325,2026-09-30
LYG,0.9,5.63,16162894,17585271,91.0,89.05,1.0,-0.7,-0.4,중립,음봉,잔구간,0.0,-0.65,2026-09-30
LWLG,0.9,5.0,2506570,2808869,12.53,16.15,0.8,-0.2,-3.1,매도주의,장대음봉,잔구간,0.09,-1.245,2026-09-30
AEBI,0.9,10.58,412128,448867,4.36,4.13,1.1,0.4,-2.8,매도주의,장대음봉,전저점부근,0.09,-1.74,2026-09-30
ADT,0.9,6.08,7121824,8370400,43.3,64.45,0.7,-0.2,-0.8,중립,음봉,전저점부근,0.04,-0.5,2026-09-30
VZLA,0.9,3.79,4103281,4383041,15.55,17.57,0.9,-0.5,-0.8,중립,팽이도지,잔구간,0.38,-0.07,2026-09-30
VYGR,0.9,2.68,598785,668496,1.6,1.8,0.9,0.8,0.8,중립,팽이도지,잔구간,0.67,0.1,2026-09-30
VSTS,0.9,13.36,1164455,1285118,15.56,23.77,0.7,0.1,-0.9,중립,음봉,잔구간,0.14,-0.565,2026-09-30
AG,0.9,17.69,9085901,10061218,160.73,191.6,0.8,0.3,-2.5,매도주의,장대음봉,잔구간,0.04,-1.275,2026-09-30
AEHG,0.9,8.88,1106481,1221700,9.83,10.83,0.9,1.9,-4.2,중립,음봉,잔구간,0.28,-0.48,2026-09-30
AEG,0.9,8.63,3889087,4509667,33.56,41.21,0.8,-0.9,-0.9,강한매도,장대음봉,전저점이탈,0.11,-3.22,2026-09-30
ENIC,0.9,4.23,382152,447328,1.62,3.71,0.4,0.7,-0.9,중립,음봉,잔구간,0.0,-0.65,2026-09-30
RXT,0.9,3.725,4749623,5058014,17.69,26.82,0.7,0.6,-6.1,강한매도,장대음봉,전저점이탈,0.02,-3.33,2026-09-30
RLMD,0.9,3.77,999525,1058356,3.77,4.17,0.9,1.3,-0.3,중립,팽이도지,완만한상승,0.4,0.78,2026-09-30
RKT,0.9,11.51,39589842,43504954,455.68,563.33,0.8,0.9,-2.5,매도주의,장대음봉,잔구간,0.02,-1.29,2026-09-30
RIVN,0.9,14.94,20009161,23059407,298.94,379.61,0.8,0.9,-1.1,중립,음봉,잔구간,0.09,-0.595,2026-09-30
SBET,0.9,9.28,5923514,6482208,54.97,90.27,0.6,2.9,-4.6,강한매도,장대음봉,전저점이탈,0.03,-3.31,2026-09-30
SATL,0.9,5.53,5768506,6146290,31.9,36.44,0.9,2.7,-3.8,중립,음봉,잔구간,0.02,-0.64,2026-09-30
WRN,0.9,2.21,1120916,1200107,2.48,2.79,0.9,0.5,-0.9,매도주의,위꼬리음봉,잔구간,0.17,-0.95,2026-09-30
YMAX,0.9,7.55,1036009,1202829,7.82,10.08,0.8,-0.5,-0.8,강한매도,장대음봉,전저점이탈,0.11,-3.22,2026-09-30
YMAG,0.9,11.28,986166,1066567,11.12,10.07,1.1,-0.6,0.2,중립,위꼬리양봉,잔구간,0.37,-0.58,2026-09-30
WTI,0.9,3.57,3419734,3659462,12.21,14.3,0.9,1.4,0.8,중립,위꼬리양봉,잔구간,0.41,-0.555,2026-09-30
YELP,0.9,18.5,1558542,1796727,28.83,29.97,1.0,0.0,1.2,중립,양봉,잔구간,0.44,0.315,2026-09-30
XXI,0.9,6.5,1669247,1876528,10.85,23.31,0.5,3.4,-3.7,중립,음봉,잔구간,0.15,-0.56,2026-09-30
XRX,0.9,3.165,1762083,1949052,5.58,8.63,0.6,1.2,-2.6,매도주의,장대음봉,잔구간,0.17,-1.2,2026-09-30
AAL,0.8,13.37,55250903,68635375,738.7,1024.63,0.7,-0.3,-1.5,중립,음봉,잔구간,0.44,-0.385,2026-09-30
ABX,0.8,8.06,678682,813475,5.47,7.28,0.8,-0.4,0.4,중립,위꼬리양봉,잔구간,0.25,-0.65,2026-09-30
WDCX,0.8,17.38,1112595,1401821,19.34,27.9,0.7,0.7,-0.1,매수관심,팽이도지,완만한상승,0.5,0.9,2026-09-30
WCT,0.8,8.09,846504,1061099,6.85,10.02,0.7,-0.2,0.6,중립,위꼬리양봉,완만한상승,0.3,-0.34,2026-09-30
AFYA,0.8,12.04,362910,459098,4.37,5.93,0.7,0.4,1.4,중립,양봉,잔구간,0.39,0.285,2026-09-30
AEVA,0.8,14.04,1294828,1553347,18.18,23.72,0.8,0.4,0.1,중립,팽이도지,잔구간,0.33,-0.1,2026-09-30
LULG,0.8,3.816,410525,513332,1.57,2.79,0.6,-0.1,-1.5,매도주의,음봉,전저점이탈,0.16,-1.86,2026-09-30
EOSE,0.8,3.065,24044315,29069204,73.7,105.15,0.7,3.5,-4.8,매도주의,장대음봉,잔구간,0.03,-1.28,2026-09-30
LI,0.8,11.36,2332597,2767444,26.5,37.89,0.7,2.2,-1.0,중립,음봉,완만한상승,0.06,-0.33,2026-09-30
LXU,0.8,9.77,528447,682919,5.16,9.01,0.6,0.5,0.6,중립,양봉,잔구간,0.65,0.44,2026-09-30
INNV,0.8,8.8,807590,1012575,7.11,11.18,0.6,-0.3,-1.7,매도주의,장대음봉,잔구간,0.35,-1.09,2026-09-30
INIO,0.8,18.13,4900312,6267412,88.84,146.29,0.6,-1.3,-0.1,중립,팽이도지,전저점부근,0.32,0.53,2026-09-30
IAUX,0.8,1.66,4731407,5577808,7.85,17.82,0.4,2.4,-2.4,매도주의,장대음봉,완만한상승,0.18,-1.48,2026-09-30
BITX,0.8,19.59,8876996,10753185,173.9,211.86,0.8,3.9,-3.8,매도주의,장대음봉,잔구간,0.11,-1.235,2026-09-30
RXST,0.8,4.9,705661,936391,3.46,4.52,0.8,0.6,2.1,중립,양봉,잔구간,0.72,0.48,2026-09-30
RR,0.8,1.58,2633316,3484016,4.16,7.15,0.6,1.3,-1.9,중립,음봉,잔구간,0.17,-0.55,2026-09-30
RLAY,0.8,18.05,2782511,3610645,50.22,71.53,0.7,0.2,-1.8,중립,음봉,잔구간,0.15,-0.56,2026-09-30
SBS,0.8,5.31,5831182,7192789,30.96,35.95,0.9,1.7,0.8,중립,양봉,잔구간,0.63,0.43,2026-09-30
VXX,0.8,17.61,6145169,8011189,108.22,146.08,0.7,-0.9,1.8,강한매수,장대양봉,완만한상승,0.98,3.48,2026-09-30
VVR,0.8,2.89,545504,643901,1.58,2.4,0.7,0.7,0.0,매수관심,팽이도지,완만한상승,0.67,1.1,2026-09-30
VSTM,0.8,8.05,1568537,1890659,12.63,17.46,0.7,0.8,0.9,중립,위꼬리양봉,완만한상승,0.27,-0.38,2026-09-30
VMO,0.8,8.35,564955,684572,4.72,4.85,1.0,0.0,0.1,중립,위꼬리양봉,잔구간,0.28,-0.63,2026-09-30
ELDN,0.8,2.53,717489,872104,1.82,2.5,0.7,1.2,0.0,중립,위꼬리양봉,잔구간,0.25,-0.65,2026-09-30
EYE,0.8,16.38,1592495,2048605,26.09,43.55,0.6,1.0,-1.0,중립,음봉,완만한상승,0.46,0.15,2026-09-30
EXFY,0.8,2.25,459123,546180,1.03,1.33,0.8,0.0,0.4,매수관심,팽이도지,완만한상승,0.6,1.02,2026-09-30
SFD,0.8,18.72,1472011,1736443,27.56,46.29,0.6,0.2,-1.7,강한매도,장대음봉,전저점이탈,0.06,-3.28,2026-09-30
RARE,0.8,15.03,4422692,5326260,66.47,100.31,0.7,1.0,-2.9,매도주의,장대음봉,잔구간,0.25,-1.15,2026-09-30
QUBT,0.8,8.45,5594851,7382664,47.28,72.13,0.7,0.9,-1.1,매도주의,위꼬리음봉,전저점부근,0.04,-1.3,2026-09-30
QTEX,0.8,0.682,1748853,2147705,1.19,1.7,0.7,2.0,-1.9,중립,팽이도지,잔구간,0.46,-0.025,2026-09-30
QID,0.8,13.18,34132023,42615580,449.86,519.62,0.9,-0.7,0.2,매수관심,양봉스프링,잔구간,0.95,1.02,2026-09-30
REI,0.8,1.31,1921613,2513701,2.52,5.6,0.4,1.6,0.0,중립,팽이도지,잔구간,0.4,-0.06,2026-09-30
BTGO,0.8,7.4,986435,1163340,7.3,21.01,0.3,1.9,-0.1,중립,팽이도지,잔구간,0.48,-0.01,2026-09-30
RES,0.8,5.63,1721556,2130866,9.69,14.16,0.7,0.2,-0.4,중립,팽이도지,잔구간,0.26,-0.145,2026-09-30
EU,0.8,1.08,4815694,6097752,5.2,9.72,0.5,1.7,-7.7,중립,음봉,잔구간,0.26,-0.495,2026-09-30
LAES,0.8,2.34,3265204,4332819,7.64,11.12,0.7,1.3,-0.4,매도주의,위꼬리음봉,완만한상승,0.12,-1.06,2026-09-30
DXD,0.8,18.13,3330332,4345015,60.38,63.19,1.0,-0.4,2.1,강한매수,장대양봉,전고점돌파,0.92,4.0,2026-09-30
DX,0.8,11.14,6559992,8702237,73.08,98.0,0.7,0.9,-3.0,매도주의,장대음봉,전저점부근,0.01,-1.84,2026-09-30
AIRJ,0.8,3.9,603512,788778,2.35,3.6,0.7,1.0,-2.3,강한매도,장대음봉,전저점이탈,0.03,-3.31,2026-09-30
GRAB,0.8,3.11,61562735,75431708,191.46,279.96,0.7,0.3,-0.6,매도주의,위꼬리음봉,잔구간,0.14,-0.965,2026-09-30
GPRO,0.8,1.29,8558721,10701098,11.04,18.9,0.6,0.4,-3.0,중립,음봉,잔구간,0.14,-0.565,2026-09-30
BFLY,0.8,8.96,4562283,6002482,40.88,61.26,0.7,-1.0,-0.6,중립,팽이도지,잔구간,0.27,-0.14,2026-09-30
CARS,0.8,10.27,520117,654039,5.34,7.88,0.7,0.1,-1.9,중립,음봉,잔구간,0.03,-0.63,2026-09-30
CANE,0.8,11.26,349155,410829,3.93,4.8,0.8,-0.5,-0.4,중립,음봉,잔구간,0.31,-0.465,2026-09-30
PURR,0.8,12.27,15898050,21037910,195.07,355.24,0.5,3.8,-0.8,중립,팽이도지,잔구간,0.51,0.005,2026-09-30
FTCB,0.8,19.74,443151,571005,8.75,12.43,0.7,0.2,-0.3,매도주의,장대음봉,잔구간,0.31,-1.115,2026-09-30
FSOL,0.8,13.81,439685,528157,6.07,7.54,0.8,2.8,-4.0,매도주의,장대음봉,잔구간,0.03,-1.28,2026-09-30
FSCO,0.8,5.16,847347,1121671,4.37,5.48,0.8,0.4,-0.8,중립,음봉,잔구간,0.27,-0.49,2026-09-30
SID,0.8,1.06,4530227,5971615,4.8,10.13,0.5,2.0,1.9,중립,위꼬리양봉,완만한상승,0.43,-0.18,2026-09-30
SHNY,0.8,7.95,1027786,1229381,8.17,11.35,0.7,1.0,-3.0,매도주의,장대음봉,잔구간,0.11,-1.235,2026-09-30
GPRE,0.8,15.06,962666,1161182,14.5,23.23,0.6,1.2,1.2,중립,양봉,잔구간,0.45,0.32,2026-09-30
AMC,0.8,3.0,21651603,26859354,64.95,113.38,0.6,1.3,-3.8,매도주의,장대음봉,잔구간,0.06,-1.265,2026-09-30
MPLT,0.8,10.19,303256,375473,3.09,6.32,0.5,3.0,-2.5,중립,음봉,잔구간,0.45,-0.38,2026-09-30
MNRO,0.8,13.99,697473,888085,9.76,15.57,0.6,0.7,0.9,중립,팽이도지,잔구간,0.69,0.115,2026-09-30
LDI,0.8,0.591,4750971,5886950,2.81,4.52,0.6,2.7,-5.0,매도주의,장대음봉,잔구간,0.0,-1.3,2026-09-30
MTUS,0.8,18.99,300711,367377,5.71,6.57,0.9,0.5,0.5,중립,위꼬리양봉,완만한상승,0.25,-0.4,2026-09-30
MSTZ,0.8,2.74,46877147,61015426,128.44,152.24,0.8,-8.6,11.8,강한매수,장대양봉,완만한상승,0.9,3.38,2026-09-30
DRTS,0.8,14.91,369266,452029,5.51,8.24,0.7,-0.3,-1.5,중립,음봉,잔구간,0.07,-0.61,2026-09-30
SNDG,0.8,10.37,3773970,5006917,39.14,57.73,0.7,0.4,0.6,매수관심,팽이도지,완만한상승,0.53,0.94,2026-09-30
SMWB,0.8,7.76,390291,485239,3.03,4.56,0.7,0.4,0.5,중립,위꼬리양봉,완만한상승,0.15,-0.52,2026-09-30
PROK,0.8,1.66,1196615,1583770,1.99,4.08,0.5,1.2,0.6,강한매수,양봉스프링,완만한상승,0.8,2.76,2026-09-30
PSNL,0.8,16.28,984127,1246737,16.02,33.97,0.5,0.4,-0.9,중립,음봉,수횡파,0.06,-0.63,2026-09-30
DOC,0.8,19.97,4699535,5782001,93.85,129.83,0.7,0.5,-1.3,매도주의,장대음봉,잔구간,0.14,-1.215,2026-09-30
MRLN,0.8,1.88,3248976,4033255,6.11,12.09,0.5,0.6,5.0,매수관심,양봉,완만한상승,0.63,1.76,2026-09-30
MRAM,0.8,18.44,702901,885206,12.96,16.76,0.8,0.5,-1.5,중립,음봉,잔구간,0.4,-0.41,2026-09-30
ALHC,0.8,8.16,8787158,11307696,71.7,128.12,0.6,0.1,3.0,중립,양봉,잔구간,0.95,0.62,2026-09-30
ALEC,0.8,1.85,792697,992652,1.47,2.16,0.7,0.5,-1.6,매도주의,위꼬리음봉,전저점부근,0.17,-1.15,2026-09-30
USA,0.8,5.77,843812,1007394,4.87,6.87,0.7,-0.2,-0.5,중립,음봉,전저점부근,0.0,-0.55,2026-09-30
NAD,0.8,10.12,2674467,3198132,27.07,25.67,1.1,0.6,1.5,매수관심,장대양봉,잔구간,0.68,1.11,2026-09-30
MX,0.8,3.76,2148676,2745539,8.08,9.09,0.9,-1.3,-2.1,중립,음봉,잔구간,0.14,-0.565,2026-09-30
MVIS,0.8,1.5,807777,1051005,1.21,2.46,0.5,1.4,1.4,매수관심,팽이도지,완만한상승,0.46,0.85,2026-09-30
PFL,0.8,6.9,332673,424092,2.3,2.55,0.9,0.6,-0.3,중립,팽이도지,잔구간,0.33,-0.1,2026-09-30
GENI,0.8,5.73,7978354,9778881,45.72,57.68,0.8,-0.3,-6.8,매도주의,장대음봉,잔구간,0.05,-1.27,2026-09-30
GDXY,0.8,10.09,590415,696617,5.96,8.37,0.7,0.0,-1.1,중립,음봉,잔구간,0.05,-0.62,2026-09-30
SOFI,0.8,15.72,41349822,53642864,650.02,891.91,0.7,0.2,-1.3,강한매도,음봉,전저점이탈,0.02,-2.03,2026-09-30
JBS,0.8,11.29,4120272,5295010,46.52,60.46,0.8,1.6,-2.3,매도주의,장대음봉,잔구간,0.04,-1.275,2026-09-30
JBLU,0.8,4.23,13055267,16169830,55.22,77.37,0.7,0.2,-1.4,중립,음봉,잔구간,0.39,-0.415,2026-09-30
JACK,0.8,13.22,395830,487172,5.23,7.28,0.7,0.2,-2.0,중립,음봉,잔구간,0.1,-0.59,2026-09-30
DKNG,0.8,19.0,14362603,18902736,272.89,382.58,0.7,0.2,-3.2,강한매도,장대음봉,전저점이탈,0.06,-3.28,2026-09-30
KRP,0.8,14.28,801888,968827,11.45,14.39,0.8,1.0,-1.1,매도주의,장대음봉,잔구간,0.15,-1.21,2026-09-30
NG,0.8,6.5,3824846,5003915,24.86,44.13,0.6,1.7,-2.7,매도주의,장대음봉,전저점부근,0.24,-1.56,2026-09-30
NFXL,0.8,13.83,1109400,1310636,15.34,23.67,0.6,-0.5,-1.6,매도주의,장대음봉,잔구간,0.1,-1.24,2026-09-30
HIX,0.8,3.53,536682,672981,1.89,1.94,1.0,1.1,-1.1,매도주의,장대음봉,완만한상승,0.0,-1.7,2026-09-30
AMCX,0.8,11.66,420923,500819,4.91,8.44,0.6,0.4,0.6,매수관심,양봉,완만한상승,0.39,1.47,2026-09-30
TTD,0.8,12.17,18562699,22871935,225.91,458.65,0.5,0.3,0.7,중립,양봉,잔구간,0.74,0.495,2026-09-30
TSSI,0.8,9.73,773777,956467,7.53,9.7,0.8,2.9,-3.7,매도주의,장대음봉,잔구간,0.14,-1.215,2026-09-30
TSLQ,0.8,19.4,3478152,4541650,67.48,96.02,0.7,0.6,-1.6,매도주의,위꼬리음봉,잔구간,0.05,-1.02,2026-09-30
NMZ,0.8,8.96,1433858,1739271,12.85,12.88,1.0,1.0,0.2,중립,위꼬리양봉,완만한상승,0.4,-0.22,2026-09-30
NMR,0.8,9.78,484692,612393,4.74,6.85,0.7,0.1,-1.4,매도주의,장대음봉,잔구간,0.09,-1.245,2026-09-30
HYT,0.8,7.84,1046738,1274472,8.21,10.03,0.8,0.4,0.0,중립,팽이도지,잔구간,0.62,0.07,2026-09-30
PDI,0.8,14.03,3894663,4713466,54.64,66.33,0.8,0.4,-0.6,중립,음봉,잔구간,0.12,-0.58,2026-09-30
CLVT,0.8,1.67,2988007,3816613,4.99,8.67,0.6,-0.6,-1.2,중립,음봉,잔구간,0.0,-0.65,2026-09-30
CLSK,0.8,12.88,13856429,16859353,178.47,250.91,0.7,2.6,-5.7,강한매도,장대음봉,전저점이탈,0.01,-3.34,2026-09-30
PK,0.8,15.42,2791409,3288814,43.04,51.9,0.8,-0.6,-0.3,중립,망치형,잔구간,0.58,0.55,2026-09-30
PGX,0.8,10.07,6223922,7331268,62.67,73.58,0.9,0.3,-0.7,매도주의,장대음봉,전저점부근,0.3,-1.49,2026-09-30
DC,0.8,6.09,1228813,1523471,7.48,13.1,0.6,1.3,-3.2,강한매도,장대음봉,전저점이탈,0.2,-3.11,2026-09-30
DBI,0.8,6.05,467853,619355,2.83,4.47,0.6,0.3,-4.3,매도주의,장대음봉,잔구간,0.1,-1.24,2026-09-30
DAKT,0.8,17.39,382292,500524,6.65,9.41,0.7,0.3,-0.5,중립,음봉,잔구간,0.38,-0.42,2026-09-30
CYRX,0.8,17.4,571604,712389,9.95,12.43,0.8,0.3,0.1,중립,팽이도지,수횡파,0.44,0.53,2026-09-30
TRTX,0.8,6.26,1161173,1496026,7.27,8.81,0.8,0.8,-2.0,매도주의,장대음봉,잔구간,0.26,-1.145,2026-09-30
TNDM,0.8,16.31,2198742,2747463,35.86,43.78,0.8,0.4,-1.9,중립,음봉,잔구간,0.46,-0.375,2026-09-30
OXLC,0.8,9.01,778989,1018323,7.02,8.99,0.8,0.5,-0.5,중립,음봉,잔구간,0.24,-0.505,2026-09-30
OSPN,0.8,17.91,435321,562056,7.8,13.08,0.6,0.1,0.4,매수관심,팽이도지,완만한상승,0.45,0.84,2026-09-30
ORBS,0.8,1.17,12445391,14954234,14.56,16.93,0.9,8.9,-8.9,매도주의,장대음봉,잔구간,0.0,-1.3,2026-09-30
STIM,0.8,2.34,624790,794637,1.46,2.54,0.6,0.1,-0.9,매도주의,위꼬리음봉,전저점부근,0.0,-1.35,2026-09-30
AVX,0.8,7.08,330282,433276,2.34,3.33,0.7,1.6,2.6,매수관심,양봉,완만한상승,0.66,1.79,2026-09-30
CNH,0.8,12.85,12016353,14802122,154.41,212.54,0.7,-0.1,-1.5,강한매도,음봉,전저점이탈,0.0,-2.05,2026-09-30
KARD,0.8,14.75,487834,613566,7.2,20.37,0.4,1.0,-0.4,중립,망치형,잔구간,0.83,0.7,2026-09-30
TH,0.8,19.72,1442114,1791657,28.44,46.12,0.6,0.7,1.6,중립,양봉,잔구간,0.61,0.415,2026-09-30
TASK,0.8,7.83,446389,527252,3.5,5.3,0.7,-1.5,-3.5,매도주의,장대음봉,잔구간,0.09,-1.245,2026-09-30
TALO,0.8,16.33,1706442,2048478,27.87,38.39,0.7,0.8,-0.0,중립,팽이도지,잔구간,0.44,-0.035,2026-09-30
NRDS,0.8,8.78,650168,862746,5.71,7.32,0.8,0.1,2.7,강한매수,장대양봉,완만한상승,0.89,3.37,2026-09-30
NOWL,0.8,7.06,3445666,4317649,24.33,31.85,0.8,-0.5,6.8,매수관심,장대양봉,잔구간,0.84,1.205,2026-09-30
HNST,0.8,5.13,1354204,1608715,6.95,9.59,0.7,1.2,-2.7,매도주의,장대음봉,잔구간,0.12,-1.23,2026-09-30
TAK,0.8,18.19,2102758,2510767,38.25,46.73,0.8,-0.3,-1.5,강한매도,장대음봉,전저점이탈,0.02,-3.33,2026-09-30
FATE,0.8,2.37,1078057,1310876,2.55,5.33,0.5,0.8,-1.2,매도주의,위꼬리음봉,잔구간,0.11,-0.985,2026-09-30
CRDU,0.8,9.04,5730969,7050388,51.81,63.03,0.8,1.0,1.3,강한매수,양봉스프링,완만한상승,0.93,2.92,2026-09-30
CRCG,0.8,11.83,2089950,2591769,24.72,46.35,0.5,5.0,-8.2,강한매도,장대음봉,전저점이탈,0.0,-3.35,2026-09-30
ODD,0.8,18.66,643700,832402,12.01,23.79,0.5,1.6,2.6,강한매수,양봉,완만한상승,0.87,2.04,2026-09-30
CRMG,0.8,7.89,829146,1063797,6.54,9.74,0.7,-0.0,3.5,중립,양봉,잔구간,0.55,0.38,2026-09-30
CRK,0.8,12.32,2067817,2733552,25.48,37.19,0.7,0.7,-2.2,매도주의,장대음봉,전저점부근,0.04,-1.8,2026-09-30
SWBI,0.8,14.06,363360,437951,5.11,7.39,0.7,0.3,-0.3,매수관심,팽이도지,완만한상승,0.54,0.95,2026-09-30
SVM,0.8,10.67,1485621,1780688,15.85,21.74,0.7,0.9,-2.4,매도주의,장대음봉,잔구간,0.11,-1.235,2026-09-30
AUTL,0.8,1.94,1159393,1506259,2.25,2.92,0.8,1.1,3.2,매수관심,양봉,완만한상승,0.6,1.72,2026-09-30
AURA,0.8,6.28,677458,879261,4.25,7.49,0.6,1.0,1.1,매수관심,양봉,완만한상승,0.67,1.8,2026-09-30
SUIG,0.8,1.56,957310,1195594,1.49,2.19,0.7,4.9,-8.2,중립,음봉,잔구간,0.16,-0.555,2026-09-30
CORD,0.8,2.92,11473421,15221019,33.5,43.79,0.8,-4.8,2.1,중립,양봉,잔구간,0.74,0.495,2026-09-30
FJET,0.8,1.83,1129982,1332189,2.07,3.48,0.6,-0.5,-0.5,중립,팽이도지,잔구간,0.62,0.07,2026-09-30
WRD,0.8,5.31,2347495,2768222,12.47,18.01,0.7,0.2,0.8,중립,양봉,잔구간,0.52,0.36,2026-09-30
ETHW,0.8,19.06,433111,521458,8.26,11.73,0.7,1.1,-2.0,매도주의,장대음봉,잔구간,0.0,-1.3,2026-09-30
ETHT,0.8,19.23,954706,1160000,18.36,28.93,0.6,2.6,-4.1,매도주의,장대음봉,잔구간,0.03,-1.28,2026-09-30
ERY,0.8,9.48,15208164,19511168,144.17,183.36,0.8,-0.7,1.0,강한매수,양봉,완만한상승,0.86,2.03,2026-09-30
LFST,0.8,12.03,3292409,4150260,39.61,78.97,0.5,-0.3,1.5,매수관심,양봉,완만한상승,0.56,1.67,2026-09-30
ADNT,0.8,16.84,916384,1086246,15.43,21.82,0.7,0.6,-2.5,중립,음봉,잔구간,0.0,-0.65,2026-09-30
ADCT,0.8,1.22,1111965,1326315,1.36,1.9,0.7,0.0,-0.8,매도주의,위꼬리음봉,잔구간,0.24,-0.905,2026-09-30
ADAM,0.8,7.78,1053212,1363893,8.19,14.04,0.6,1.1,-3.0,강한매도,장대음봉,전저점이탈,0.03,-3.31,2026-09-30
SAN,0.8,13.83,6468886,8059258,89.46,103.01,0.9,-1.1,-1.5,강한매도,장대음봉,전저점이탈,0.07,-3.27,2026-09-30
BOIL,0.8,19.63,6479177,8496806,127.19,176.93,0.7,-1.1,1.1,매수관심,팽이도지,완만한상승,0.69,1.13,2026-09-30
ABTC,0.8,8.48,869504,1116908,7.37,16.69,0.4,3.8,-6.3,강한매도,장대음봉,전저점이탈,0.08,-3.25,2026-09-30
ZNTL,0.8,2.77,1011577,1224063,2.8,4.26,0.7,-0.2,2.2,중립,양봉,잔구간,0.87,0.57,2026-09-30
WYY,0.8,7.88,424617,530140,3.35,4.8,0.7,0.1,7.1,중립,양봉,잔구간,0.6,0.41,2026-09-30
XRPZ,0.8,16.18,614080,764254,9.94,11.68,0.9,2.8,-2.9,매도주의,장대음봉,잔구간,0.09,-1.245,2026-09-30
XIFR,0.7,10.47,655838,899305,6.87,9.94,0.7,0.3,0.0,중립,팽이도지,잔구간,0.5,0.0,2026-09-30
ZTO,0.7,19.42,2453064,3771346,47.64,81.81,0.6,-1.3,0.4,중립,양봉,잔구간,0.35,0.26,2026-09-30
AAOX,0.7,9.17,7571578,10236121,69.43,99.03,0.7,1.9,-4.9,중립,음봉,잔구간,0.35,-0.44,2026-09-30
XNDX,0.7,1.44,734589,1110070,1.06,1.66,0.6,1.0,-8.9,강한매도,장대음봉,전저점이탈,0.09,-3.24,2026-09-30
YSS,0.7,8.65,1584560,2114071,13.71,43.67,0.3,1.0,-3.0,중립,음봉,전저점부근,0.08,-0.45,2026-09-30
WEAV,0.7,7.38,980377,1464897,7.24,12.53,0.6,0.0,0.3,강한매수,장대양봉,전고점부근,1.0,2.15,2026-09-30
SABS,0.7,3.17,487796,718443,1.55,3.06,0.5,0.3,-1.9,매도주의,위꼬리음봉,잔구간,0.04,-1.025,2026-09-30
BNC,0.7,5.89,714876,953334,4.21,12.01,0.4,1.4,-1.0,중립,음봉,잔구간,0.29,-0.475,2026-09-30
CRCD,0.7,2.26,2869405,4128740,6.48,10.5,0.6,-5.3,9.2,강한매수,장대양봉,전고점돌파,0.96,4.05,2026-09-30
CRCA,0.7,17.4,344749,476098,6.0,15.58,0.4,5.2,-8.6,강한매도,장대음봉,전저점이탈,0.0,-3.35,2026-09-30
CRBP,0.7,6.82,508287,772071,3.47,6.06,0.6,1.8,1.0,매수관심,양봉스프링,잔구간,0.81,0.935,2026-09-30
HAPN,0.7,14.78,1286233,1829852,19.01,28.3,0.7,0.4,-1.3,중립,음봉,잔구간,0.52,-0.34,2026-09-30
XE,0.7,14.18,3916770,5800121,55.54,109.65,0.5,1.3,-2.0,중립,음봉,전저점부근,0.01,-0.54,2026-09-30
FLNC,0.7,7.68,5268054,7831158,40.46,90.41,0.4,1.9,-3.6,매도주의,장대음봉,잔구간,0.05,-1.27,2026-09-30
JKS,0.7,9.51,563881,771294,5.36,8.55,0.6,1.9,-2.8,중립,음봉,잔구간,0.04,-0.625,2026-09-30
KBDC,0.7,12.56,351198,477497,4.41,6.05,0.7,-2.1,-1.9,강한매도,장대음봉,전저점이탈,0.0,-3.35,2026-09-30
ASAN,0.7,8.43,5590230,8441839,47.13,103.77,0.5,0.4,2.1,중립,양봉,잔구간,0.42,0.3,2026-09-30
ASM,0.7,5.55,2018353,2973272,11.2,18.65,0.6,0.9,-2.3,매도주의,장대음봉,잔구간,0.11,-1.235,2026-09-30
OBX,0.7,13.73,351595,518583,4.83,18.2,0.3,0.0,-5.8,중립,음봉,잔구간,0.39,-0.415,2026-09-30
HSLV,0.7,5.22,553055,846035,2.89,4.0,0.7,1.3,-4.0,매도주의,장대음봉,잔구간,0.0,-1.3,2026-09-30
FDMT,0.7,14.31,1037055,1420854,14.84,18.3,0.8,1.9,-3.0,중립,음봉,잔구간,0.31,-0.465,2026-09-30
KLAR,0.7,12.39,4030646,6038900,49.94,78.73,0.6,0.1,0.2,중립,팽이도지,잔구간,0.35,-0.09,2026-09-30
SUPX,0.7,6.73,367420,499824,2.47,6.3,0.4,-2.3,-2.5,중립,음봉,전저점부근,0.04,-0.5,2026-09-30
AVS,0.7,8.232,7060509,9914768,58.12,76.6,0.8,-0.7,1.6,강한매수,장대양봉,완만한상승,0.88,3.36,2026-09-30
ORCX,0.7,18.36,1692366,2583480,31.07,52.41,0.6,-2.3,1.3,중립,팽이도지,잔구간,0.68,0.11,2026-09-30
THM,0.7,2.55,476751,639140,1.22,2.57,0.5,1.6,-1.2,중립,음봉,잔구간,0.0,-0.65,2026-09-30
OWL,0.7,9.09,11982501,16133467,108.92,169.04,0.6,0.5,-2.6,매도주의,장대음봉,잔구간,0.05,-1.27,2026-09-30
HTLD,0.7,11.61,588223,823509,6.83,11.32,0.6,0.6,-0.9,중립,음봉,잔구간,0.12,-0.58,2026-09-30
CRWG,0.7,18.21,1521466,2045913,27.71,50.46,0.5,5.5,-2.6,중립,음봉,완만한상승,0.22,-0.14,2026-09-30
NTSK,0.7,17.44,4261004,5928255,74.31,135.01,0.6,0.2,0.8,매수관심,팽이도지,완만한상승,0.58,1.0,2026-09-30
NRGV,0.7,3.97,2628173,3773255,10.43,20.91,0.5,0.0,0.0,중립,팽이도지,잔구간,0.51,0.005,2026-09-30
NOMD,0.7,10.33,801088,1145671,8.28,12.33,0.7,1.0,-2.6,강한매도,장대음봉,전저점이탈,0.11,-3.22,2026-09-30
PTLO,0.7,3.53,1238353,1655837,4.37,5.93,0.7,0.6,-1.1,중립,음봉,잔구간,0.25,-0.5,2026-09-30
PTON,0.7,4.99,6654752,10158574,33.21,49.36,0.7,-0.6,-0.4,매도주의,위꼬리음봉,잔구간,0.21,-0.925,2026-09-30
IONL,0.7,15.18,733348,1028899,11.13,14.54,0.8,1.8,-1.6,매도주의,위꼬리음봉,완만한상승,0.01,-1.19,2026-09-30
CGEM,0.7,15.35,1067167,1479974,16.38,28.29,0.6,1.1,-0.3,매수관심,팽이도지,완만한상승,0.48,0.88,2026-09-30
UTI,0.7,18.67,1475585,2074666,27.55,45.53,0.6,-0.1,0.3,매수관심,팽이도지,완만한상승,0.72,1.16,2026-09-30
UPWK,0.7,8.16,1953795,2659676,15.94,22.08,0.7,0.0,0.7,중립,양봉,잔구간,0.72,0.48,2026-09-30
MYI,0.7,9.63,910945,1279505,8.77,8.91,1.0,0.7,0.4,중립,위꼬리양봉,잔구간,0.44,-0.535,2026-09-30
PFN,0.7,6.24,555906,759775,3.47,4.55,0.8,-0.5,-0.3,매도주의,위꼬리음봉,잔구간,0.1,-0.99,2026-09-30
PRCH,0.7,16.66,1381991,1915346,23.02,30.01,0.8,0.7,-0.1,매수관심,팽이도지,완만한상승,0.61,1.03,2026-09-30
CHWY,0.7,18.2,7448453,11134821,135.56,212.94,0.6,0.6,-0.9,중립,음봉,잔구간,0.07,-0.61,2026-09-30
NEWP,0.7,6.28,476516,647993,2.99,6.62,0.5,0.3,-2.0,중립,음봉,잔구간,0.22,-0.52,2026-09-30
KTUP,0.7,4.12,441384,606803,1.82,2.61,0.7,-0.2,-1.4,강한매도,위꼬리음봉,전저점이탈,0.16,-2.66,2026-09-30
HLLY,0.7,2.36,713966,961129,1.68,3.58,0.5,0.8,-4.5,매도주의,장대음봉,전저점부근,0.0,-1.85,2026-09-30
PFFD,0.7,17.6,1013872,1443197,17.84,22.0,0.8,0.5,-0.6,중립,음봉,잔구간,0.41,-0.405,2026-09-30
SNXX,0.7,16.68,31372688,43768443,523.3,938.28,0.6,0.4,0.3,매수관심,팽이도지,완만한상승,0.45,0.84,2026-09-30
LABX,0.7,14.99,759432,1054884,11.38,18.45,0.6,2.8,-3.7,중립,음봉,잔구간,0.62,-0.28,2026-09-30
GGN,0.7,5.28,398758,568718,2.11,2.79,0.8,-0.4,0.2,중립,위꼬리양봉,잔구간,0.14,-0.715,2026-09-30
IAG,0.7,18.41,4412936,6176521,81.24,143.04,0.6,0.8,-2.0,매도주의,장대음봉,잔구간,0.17,-1.2,2026-09-30
TSHA,0.7,4.87,3901851,5884857,19.0,25.27,0.8,0.8,-3.2,매도주의,장대음봉,잔구간,0.24,-1.155,2026-09-30
KYTX,0.7,6.8,746992,1015000,5.08,7.93,0.6,0.5,-1.1,매도주의,위꼬리음봉,잔구간,0.19,-0.935,2026-09-30
KVYO,0.7,15.73,4980404,7420548,78.34,117.22,0.7,0.5,2.6,중립,양봉,잔구간,0.56,0.385,2026-09-30
PDO,0.7,11.86,1100483,1481891,13.05,16.07,0.8,0.3,0.3,중립,양봉,잔구간,0.46,0.325,2026-09-30
AREC,0.7,1.79,1105825,1556274,1.98,3.25,0.6,2.2,-3.2,매도주의,장대음봉,잔구간,0.15,-1.21,2026-09-30
TIMB,0.7,17.85,402100,545617,7.18,7.98,0.9,1.5,-1.5,매도주의,장대음봉,잔구간,0.23,-1.16,2026-09-30
INFQ,0.7,13.47,5365332,7469234,72.27,123.89,0.6,0.3,-3.0,중립,음봉,전저점부근,0.02,-0.53,2026-09-30
BTDR,0.7,10.49,7318597,10551322,76.77,130.7,0.6,2.8,-6.3,강한매도,장대음봉,전저점이탈,0.05,-3.29,2026-09-30
EGY,0.7,5.66,915235,1235947,5.18,9.3,0.6,1.1,-0.7,중립,음봉,잔구간,0.2,-0.53,2026-09-30
EVH,0.7,3.49,1695929,2442509,5.92,8.84,0.7,0.3,-1.1,중립,팽이도지,잔구간,0.48,-0.01,2026-09-30
RYLD,0.7,15.47,410437,563570,6.35,9.09,0.7,0.4,-0.5,매도주의,장대음봉,잔구간,0.22,-1.17,2026-09-30
METD,0.7,12.82,1006355,1422163,12.9,19.47,0.7,1.2,0.7,매수관심,양봉,완만한상승,0.79,1.95,2026-09-30
WSE,0.7,11.39,1369324,2063181,15.6,22.58,0.7,0.9,-0.8,매도주의,장대음봉,잔구간,0.07,-1.26,2026-09-30
WSC,0.7,17.18,2391840,3673363,41.09,59.84,0.7,0.8,-2.3,매도주의,장대음봉,잔구간,0.12,-1.23,2026-09-30
EDIT,0.7,2.57,1625840,2443069,4.18,11.47,0.4,0.8,-1.5,매도주의,위꼬리음봉,잔구간,0.12,-0.98,2026-09-30
LPL,0.7,2.95,2239452,3073429,6.61,7.82,0.8,1.0,-2.0,중립,음봉,잔구간,0.3,-0.47,2026-09-30
LRMR,0.7,3.195,1496998,2195941,4.78,6.39,0.7,-0.3,2.1,중립,양봉,잔구간,0.8,0.53,2026-09-30
ENGS,0.7,3.04,2071522,2966206,6.3,7.99,0.8,1.0,0.7,강한매수,양봉스프링,완만한상승,1.0,3.0,2026-09-30
GAU,0.7,1.94,1648773,2534260,3.2,5.3,0.6,0.5,-2.5,매도주의,장대음봉,잔구간,0.15,-1.21,2026-09-30
MATW,0.7,19.19,566770,837634,10.88,30.31,0.4,0.7,-1.9,매도주의,장대음봉,잔구간,0.13,-1.22,2026-09-30
MAX,0.7,9.57,710055,971298,6.8,9.13,0.7,0.7,1.3,중립,양봉,잔구간,0.64,0.435,2026-09-30
SCO,0.7,19.85,5113002,7521586,101.49,132.78,0.8,-3.5,1.1,중립,양봉,잔구간,0.89,0.585,2026-09-30
SKDD,0.7,7.09,2405030,3634289,17.05,30.23,0.6,0.6,2.0,강한매수,양봉,완만한상승,0.96,2.15,2026-09-30
SLNH,0.7,1.14,4096509,5857974,4.67,8.65,0.5,1.7,-4.2,강한매도,장대음봉,전저점이탈,0.12,-3.21,2026-09-30
HELP,0.7,12.29,823389,1222850,10.12,27.94,0.4,0.0,-3.2,중립,음봉,잔구간,0.11,-0.585,2026-09-30
HAYW,0.7,12.24,3041034,4434486,37.22,64.97,0.6,0.9,-1.7,매도주의,장대음봉,전저점부근,0.0,-1.85,2026-09-30
BSBR,0.7,5.57,1751615,2465091,9.76,15.89,0.6,0.9,-2.8,강한매도,장대음봉,전저점이탈,0.09,-3.24,2026-09-30
LAC,0.7,2.63,6022262,8181099,15.84,25.68,0.6,2.1,-2.0,중립,음봉,전저점부근,0.1,-0.43,2026-09-30
EC,0.7,16.48,1060889,1538893,17.48,28.08,0.6,0.1,-0.4,매도주의,위꼬리음봉,잔구간,0.0,-1.05,2026-09-30
AGRO,0.7,10.14,345964,504372,3.51,6.88,0.5,0.4,0.8,중립,위꼬리양봉,잔구간,0.48,-0.51,2026-09-30
PLTD,0.7,4.777,14653407,20775955,70.0,117.94,0.6,-0.6,0.6,매수관심,양봉스프링,잔구간,0.88,0.98,2026-09-30
CYPH,0.7,3.33,16176057,22556638,53.87,80.2,0.7,8.4,-4.9,중립,음봉,완만한상승,0.05,-0.34,2026-09-30
NEOV,0.7,2.6,1614105,2336941,4.2,5.3,0.8,1.2,1.2,중립,팽이도지,잔구간,0.69,0.115,2026-09-30
SJT,0.7,3.65,311139,419617,1.14,1.81,0.6,0.3,0.3,매수관심,팽이도지,완만한상승,0.57,0.98,2026-09-30
MLKN,0.7,19.66,550352,780727,10.82,19.46,0.6,0.9,-2.3,매도주의,장대음봉,잔구간,0.09,-1.245,2026-09-30
LBTYK,0.7,8.89,1288875,1768376,11.46,22.71,0.5,0.6,-1.9,강한매도,장대음봉,전저점이탈,0.04,-3.3,2026-09-30
MSTW,0.7,4.9,801699,1072873,3.93,12.03,0.3,5.0,-6.0,매도주의,장대음봉,잔구간,0.1,-1.24,2026-09-30
SMST,0.7,13.44,1432851,2074024,19.26,29.84,0.6,-7.9,10.5,강한매수,장대양봉,완만한상승,0.91,3.39,2026-09-30
IMXI,0.6,11.58,463769,719756,5.37,10.3,0.5,0.3,-0.9,중립,음봉,잔구간,0.47,-0.37,2026-09-30
SFIX,0.6,2.56,4099724,6690853,10.5,13.56,0.8,-1.2,2.4,매수관심,양봉,완만한상승,0.58,1.7,2026-09-30
GAB,0.6,5.24,1082815,1732822,5.67,8.08,0.7,-0.2,0.0,중립,팽이도지,잔구간,0.33,-0.1,2026-09-30
BMEA,0.6,1.33,1453276,2261418,1.93,3.98,0.5,2.4,3.1,중립,양봉,잔구간,0.64,0.435,2026-09-30
EOSU,0.6,4.43,304413,486577,1.35,2.63,0.5,5.4,-9.0,매도주의,장대음봉,전저점부근,0.0,-1.85,2026-09-30
VOR,0.6,19.08,1069917,1657779,20.41,39.03,0.5,1.1,2.9,매수관심,양봉,완만한상승,0.49,1.59,2026-09-30
VIXY,0.6,16.94,1089298,1928516,18.45,36.75,0.5,-0.4,2.0,강한매수,장대양봉,완만한상승,1.0,3.5,2026-09-30
RUN,0.6,7.77,5159872,7975824,40.09,68.77,0.6,1.6,-0.9,매도주의,위꼬리음봉,완만한상승,0.21,-0.95,2026-09-30
ACCO,0.6,4.2,381379,594196,1.6,3.15,0.5,0.0,-0.7,중립,음봉,잔구간,0.06,-0.615,2026-09-30
GPRK,0.6,10.45,665734,1066383,6.96,10.03,0.7,1.3,-1.9,매도주의,장대음봉,전저점부근,0.17,-1.65,2026-09-30
CWEB,0.6,18.33,468247,824060,8.58,22.25,0.4,1.5,-0.6,중립,음봉,잔구간,0.18,-0.54,2026-09-30
ONDG,0.6,2.127,3373443,5603883,7.17,9.79,0.7,0.2,-4.9,중립,음봉,수횡파,0.03,-0.66,2026-09-30
BABX,0.6,16.268,316695,524754,5.15,14.08,0.4,1.9,-2.2,매도주의,장대음봉,전저점부근,0.05,-1.79,2026-09-30
HR,0.6,17.74,2833626,4717339,50.27,90.19,0.6,0.3,-1.4,매도주의,장대음봉,잔구간,0.08,-1.25,2026-09-30
CRMU,0.6,2.02,727293,1121205,1.47,3.63,0.4,2.4,-6.0,강한매도,음봉,전저점이탈,0.0,-2.05,2026-09-30
BATL,0.6,1.05,2336732,3815282,2.45,4.56,0.5,1.9,-4.5,매도주의,장대음봉,잔구간,0.0,-1.3,2026-09-30
COSM,0.6,0.43,3333391,5264349,1.43,1.97,0.7,1.5,0.6,매수관심,팽이도지,완만한상승,0.69,1.13,2026-09-30
ZH,0.6,3.57,479644,753845,1.71,3.0,0.6,0.8,-1.7,중립,음봉,잔구간,0.0,-0.65,2026-09-30
WTTR,0.6,19.79,1332400,2128716,26.37,45.17,0.6,2.2,0.1,매수관심,팽이도지,완만한상승,0.46,0.85,2026-09-30
ADRX,0.6,19.94,788842,1299376,15.73,44.19,0.4,0.1,-3.4,중립,음봉,수횡파,0.3,-0.34,2026-09-30
EQX,0.6,11.11,9681191,15253248,107.56,195.27,0.6,0.9,-3.4,매도주의,장대음봉,전저점부근,0.05,-1.79,2026-09-30
SRAD,0.6,11.56,1670875,2618230,19.32,33.33,0.6,0.3,-0.3,매도주의,위꼬리음봉,전저점부근,0.23,-1.07,2026-09-30
CNTN,0.6,2.375,446132,777687,1.06,2.79,0.4,0.8,-1.0,매도주의,위꼬리음봉,잔구간,0.04,-1.025,2026-09-30
XTND,0.6,3.56,634666,1012281,2.26,5.29,0.4,1.4,-4.6,매도주의,장대음봉,전저점부근,0.05,-1.79,2026-09-30
TLX,0.6,10.97,344244,539301,3.78,6.63,0.6,-1.0,-2.3,매도주의,장대음봉,잔구간,0.13,-1.22,2026-09-30
TNYA,0.6,0.604,1814762,3257295,1.1,2.04,0.5,3.2,-1.4,중립,음봉,잔구간,0.15,-0.56,2026-09-30
ALM,0.6,13.16,3520254,6371264,46.33,89.59,0.5,0.2,-0.5,매도주의,위꼬리음봉,잔구간,0.25,-0.9,2026-09-30
PHAT,0.6,7.3,809200,1433531,5.91,10.8,0.5,0.5,-1.4,중립,음봉,잔구간,0.35,-0.44,2026-09-30
TME,0.6,7.93,5206307,8402232,41.29,70.43,0.6,0.5,-0.9,매도주의,장대음봉,잔구간,0.27,-1.14,2026-09-30
TNXP,0.6,9.74,318025,490231,3.1,5.46,0.6,-0.3,1.2,중립,양봉,잔구간,0.48,0.34,2026-09-30
TRIP,0.6,8.37,3229491,5295164,27.03,39.28,0.7,0.5,-0.8,매도주의,위꼬리음봉,잔구간,0.19,-0.935,2026-09-30
ARCT,0.6,13.69,593059,949727,8.12,14.12,0.6,0.7,-0.8,중립,팽이도지,잔구간,0.32,-0.11,2026-09-30
SOLZ,0.6,11.65,615169,992060,7.17,16.25,0.4,3.1,-4.2,매도주의,장대음봉,잔구간,0.04,-1.275,2026-09-30
GENB,0.6,15.02,733240,1286670,11.01,22.45,0.5,0.8,-3.3,매도주의,장대음봉,잔구간,0.03,-1.28,2026-09-30
TRUG,0.6,2.97,383621,595096,1.14,15.64,0.1,-7.1,8.0,중립,양봉,잔구간,0.75,0.5,2026-09-30
TSLZ,0.6,12.23,1620168,2774645,19.81,31.22,0.6,0.4,-1.5,매도주의,위꼬리음봉,잔구간,0.01,-1.045,2026-09-30
TRX,0.6,1.21,1811938,3115183,2.19,6.05,0.4,1.6,-4.0,매도주의,장대음봉,잔구간,0.14,-1.215,2026-09-30
PHK,0.6,4.1,1396451,2193052,5.73,7.8,0.7,0.5,-1.0,중립,음봉,잔구간,0.25,-0.5,2026-09-30
CWVX,0.6,15.22,845062,1347309,12.86,27.63,0.5,4.5,-1.8,매도주의,위꼬리음봉,완만한상승,0.22,-0.94,2026-09-30
NNBR,0.6,3.67,1577025,2853838,5.79,10.62,0.5,0.8,-6.1,매도주의,장대음봉,잔구간,0.03,-1.28,2026-09-30
MVST,0.6,0.639,3107084,4908909,1.99,4.3,0.5,-0.6,-0.7,매도주의,위꼬리음봉,전저점부근,0.0,-1.35,2026-09-30
BHVN,0.6,13.35,1432116,2239809,19.12,42.41,0.5,1.6,-1.1,중립,음봉,완만한상승,0.34,0.01,2026-09-30
REAX,0.6,16.36,511768,908565,8.37,15.8,0.5,2.6,-2.9,매도주의,장대음봉,잔구간,0.17,-1.2,2026-09-30
RIG,0.6,5.24,26660265,41560558,139.7,246.36,0.6,1.3,-0.8,중립,음봉,잔구간,0.17,-0.55,2026-09-30
VG,0.6,12.64,9308376,15963363,117.66,203.31,0.6,-0.2,1.0,중립,양봉,잔구간,0.46,0.325,2026-09-30
EAF,0.6,8.27,469400,844901,3.88,9.53,0.4,-0.6,-2.7,중립,음봉,잔구간,0.03,-0.63,2026-09-30
BTCT,0.6,1.13,922600,1577037,1.04,7.12,0.1,8.2,-5.0,매도주의,장대음봉,잔구간,0.33,-1.1,2026-09-30
DRN,0.6,8.29,1080606,1694498,8.96,15.28,0.6,1.5,-4.5,강한매도,장대음봉,전저점이탈,0.06,-3.28,2026-09-30
UVXY,0.6,17.27,5319834,8393093,91.87,137.3,0.7,-0.8,2.5,강한매수,장대양봉,완만한상승,1.0,3.5,2026-09-30
ALMS,0.6,7.39,1403010,2385046,10.37,23.45,0.4,0.8,0.5,매수관심,팽이도지,완만한상승,0.59,1.01,2026-09-30
JBGS,0.6,10.04,705480,1123948,7.08,15.84,0.4,0.8,-1.4,중립,음봉,잔구간,0.17,-0.55,2026-09-30
SBSW,0.5,10.21,3529216,6922748,36.03,67.9,0.5,1.8,-1.5,중립,음봉,완만한상승,0.06,-0.33,2026-09-30
GORO,0.5,3.19,658651,1273396,2.1,5.48,0.4,1.3,-1.5,중립,음봉,잔구간,0.31,-0.465,2026-09-30
FRVO,0.5,13.59,5597256,10334911,76.07,117.32,0.6,0.4,-1.5,중립,음봉,전저점부근,0.03,-0.51,2026-09-30
LCTX,0.5,0.956,1267890,2460726,1.21,1.9,0.6,0.3,0.6,중립,위꼬리양봉,잔구간,0.3,-0.62,2026-09-30
BAK,0.5,1.45,783859,1654740,1.14,2.69,0.4,1.4,0.7,중립,위꼬리양봉,잔구간,0.33,-0.6,2026-09-30
HUCK,0.5,3.33,562098,1127105,1.87,4.01,0.5,1.2,-0.9,중립,음봉,잔구간,0.19,-0.535,2026-09-30
XNDU,0.5,4.58,6365291,12506311,29.15,55.68,0.5,0.0,-4.0,강한매도,장대음봉,전저점이탈,0.07,-3.27,2026-09-30
MEDS,0.5,3.17,556546,1037693,1.76,139.53,0.0,-5.2,-8.9,매도주의,장대음봉,잔구간,0.0,-1.3,2026-09-30
EIDO,0.5,11.73,558092,1020992,6.55,13.2,0.5,-0.3,-0.5,강한매도,장대음봉,전저점이탈,0.25,-3.05,2026-09-30
EVTL,0.5,0.599,4264333,8026462,2.56,5.2,0.5,0.6,-5.8,매도주의,장대음봉,전저점부근,0.09,-1.74,2026-09-30
IREZ,0.5,9.8,1777713,3543533,17.42,27.56,0.6,-3.4,6.3,매수관심,장대양봉,전고점부근,0.86,1.98,2026-09-30
DAMD,0.5,8.91,2814970,5157648,25.08,46.55,0.5,-0.9,-0.4,매도주의,위꼬리음봉,잔구간,0.19,-0.935,2026-09-30
UNG,0.5,10.37,23479986,44610628,243.49,375.01,0.6,-0.3,0.5,매수관심,팽이도지,완만한상승,0.65,1.08,2026-09-30
METQ,0.5,14.01,590576,1183428,8.27,13.03,0.6,3.3,0.4,강한매수,양봉스프링,완만한상승,0.77,2.72,2026-09-30
PFFA,0.5,19.75,736989,1555303,14.56,23.12,0.6,0.5,-0.2,중립,팽이도지,잔구간,0.3,-0.12,2026-09-30
PGY,0.5,17.32,1552939,3138584,26.9,58.5,0.5,1.2,-1.5,중립,음봉,잔구간,0.19,-0.535,2026-09-30
NFE,0.5,6.27,369613,763066,2.32,6.92,0.3,-0.8,4.0,중립,양봉,잔구간,0.52,0.36,2026-09-30
HIO,0.5,3.26,474302,944567,1.55,2.35,0.7,0.6,-1.8,매도주의,장대음봉,잔구간,0.0,-1.3,2026-09-30
DGXX,0.5,4.1,1652578,3117524,6.78,12.78,0.5,0.2,-3.8,중립,음봉,잔구간,0.03,-0.63,2026-09-30
PRTH,0.5,7.8,961278,2024739,7.5,29.54,0.3,-0.1,0.3,강한매수,장대양봉,완만한상승,1.0,3.5,2026-09-30
SNDQ,0.5,10.65,15983753,31521626,170.23,342.48,0.5,-0.6,-0.8,중립,팽이도지,잔구간,0.41,-0.055,2026-09-30
SECZ,0.5,14.59,3361328,6592142,49.04,102.63,0.5,-0.5,-7.4,매도주의,장대음봉,잔구간,0.2,-1.18,2026-09-30
MNR,0.5,10.24,398117,787269,4.08,11.69,0.3,1.0,-1.0,매도주의,장대음봉,잔구간,0.19,-1.185,2026-09-30
FFAI,0.4,1.21,3166246,8459621,3.83,9.97,0.4,0.0,-6.9,강한매도,장대음봉,전저점이탈,0.1,-3.23,2026-09-30
PFSA,0.4,1.98,1267503,3297246,2.51,28.67,0.1,-12.3,-0.5,매도주의,위꼬리음봉,잔구간,0.24,-0.905,2026-09-30
CRML,0.4,7.26,4220001,10896796,30.64,124.67,0.2,0.7,-2.3,강한매도,음봉,전저점이탈,0.02,-2.03,2026-09-30
AVAT,0.4,1.83,1002323,2232197,1.83,7.48,0.2,2.1,-5.7,중립,음봉,수횡파,0.32,-0.32,2026-09-30
GYGY,0.4,0.66,1988233,4755131,1.31,13.98,0.1,-4.4,-5.9,강한매도,장대음봉,전저점이탈,0.0,-3.35,2026-09-30
SPCM,0.4,17.41,441634,1002599,7.69,16.77,0.5,-0.9,3.1,매수관심,양봉,완만한상승,0.67,1.8,2026-09-30
LXRX,0.4,1.875,1744199,4194005,3.27,8.82,0.4,0.5,-0.8,중립,팽이도지,잔구간,0.3,-0.12,2026-09-30
GFR,0.4,5.65,395503,963963,2.23,7.73,0.3,2.1,-1.9,매도주의,장대음봉,잔구간,0.15,-1.21,2026-09-30
BYND,0.4,8.26,874125,2146907,7.22,17.1,0.4,0.2,0.1,중립,팽이도지,잔구간,0.63,0.08,2026-09-30
CCC,0.4,6.66,5706468,13501978,38.01,91.16,0.4,-0.2,1.4,매수관심,양봉,완만한상승,0.5,1.6,2026-09-30
JDZG,0.4,4.26,555507,1562222,2.37,5.82,0.4,0.0,-6.4,매도주의,장대음봉,잔구간,0.03,-1.28,2026-09-30
CX,0.4,9.51,3993078,9860641,37.97,79.97,0.5,0.1,-1.6,매도주의,장대음봉,잔구간,0.0,-1.3,2026-09-30
GLND,0.4,5.13,21430600,51126081,109.94,262.38,0.4,-3.6,12.0,매수관심,양봉,완만한상승,0.66,1.79,2026-09-30
CTNT,0.3,2.71,380004,1162690,1.03,14.77,0.1,-3.8,-1.8,매도주의,위꼬리음봉,전저점부근,0.04,-1.3,2026-09-30
NCPL,0.3,1.24,5376500,18268782,6.67,38.1,0.2,15.2,-11.7,매도주의,장대음봉,완만한상승,0.11,-1.57,2026-09-30
SMJF,0.3,2.59,563066,1776192,1.46,1.99,0.7,4.3,-3.4,매도주의,위꼬리음봉,완만한상승,0.0,-1.2,2026-09-30
UPXI,0.3,1.14,1768905,5250056,2.02,7.19,0.3,6.1,-6.6,매도주의,장대음봉,잔구간,0.1,-1.24,2026-09-30
PSIG,0.2,4.62,499965,2066856,2.31,8.47,0.3,0.0,0.4,매수관심,팽이도지,완만한상승,0.6,1.02,2026-09-30
GRML,0.1,10.62,3971212,32534512,42.17,525.96,0.1,2.8,-0.5,중립,팽이도지,잔구간,0.58,0.05,2026-09-30
JAGX,0.1,4.5,732255,6873355,3.3,132.9,0.0,-5.3,-10.7,매도주의,장대음봉,잔구간,0.12,-1.23,2026-09-30
BENF,0.1,1.36,1291676,12236293,1.76,111.44,0.0,-0.7,-2.9,중립,팽이도지,잔구간,0.29,-0.125,2026-09-30
WHLR,0.0,3.25,351406,8158836,1.14,62.68,0.0,-6.9,4.5,중립,양봉,잔구간,0.57,0.39,2026-09-30
