ticker,ratio,latest_close,latest_volume,baseline_volume,dollar_volume_M,avg_dollar_vol_10d_M,dollar_surge_x,signal_gap_%,intraday_chg_%,candle_signal,candle_shape,candle_pos,close_pos,candle_score,latest_date
OLB,2081.8,0.41,765745157,367820,313.96,0.28,1108.7,3.1,111.3,강한매수,장대양봉,전고점돌파,0.73,3.78,2026-10-06
IPDN,987.4,4.61,70599441,71500,325.46,21.66,15.0,102.6,-26.6,매도주의,장대음봉,잔구간,0.19,-1.185,2026-10-06
VCIG,644.5,1.41,38048173,59032,53.65,1.0,53.6,1.3,52.8,매수관심,장대양봉,잔구간,0.93,1.26,2026-10-06
OLOX,597.8,1.25,97431101,162982,121.79,5.0,24.4,64.2,-13.5,중립,위꼬리음봉,전고점돌파,0.0,-0.6,2026-10-06
RUBI,394.5,0.654,30107407,76323,19.69,0.21,94.9,7.9,-13.4,매도주의,음봉,전저점이탈,0.36,-1.62,2026-10-06
MOBX,321.3,1.12,124818062,388433,139.8,0.91,153.5,0.8,71.0,강한매수,장대양봉,전고점돌파,0.78,3.84,2026-10-06
NXAT,217.4,0.746,12869223,59191,9.6,0.05,179.6,-9.9,-3.9,중립,망치형,전저점이탈,0.81,0.62,2026-10-06
KAPA,186.3,1.15,9944577,53389,11.44,0.17,67.6,2.6,-27.7,매도주의,음봉,전저점이탈,0.08,-1.95,2026-10-06
MTEN,125.7,0.959,17640250,140376,16.91,0.15,112.9,-0.2,-0.1,매도주의,위꼬리음봉,잔구간,0.22,-0.92,2026-10-06
FRGT,119.5,0.322,332060072,2778523,106.92,3.77,28.4,168.5,-51.0,매도주의,장대음봉,잔구간,0.05,-1.27,2026-10-06
DLXY,99.1,2.4,12389774,124988,29.74,0.7,42.3,0.3,21.8,중립,양봉,잔구간,0.36,0.265,2026-10-06
BFRG,98.9,0.689,37766942,381910,26.02,23.11,1.1,-1.3,17.6,매수관심,장대양봉,잔구간,0.85,1.21,2026-10-06
APUS,91.3,7.13,43838621,479975,312.57,86.83,3.6,7.0,45.2,매수관심,장대양봉,잔구간,0.66,1.095,2026-10-06
AIXI,83.3,1.85,63685916,764445,117.82,15.2,7.8,92.7,-36.4,매도주의,장대음봉,잔구간,0.14,-1.215,2026-10-06
AIIO,65.8,1.13,29755403,451994,33.62,0.54,62.5,9.0,-6.6,중립,음봉,잔구간,0.58,-0.3,2026-10-06
RMSG,64.8,0.325,19609319,302755,6.37,0.38,16.9,3.4,13.8,강한매수,장대양봉,전고점돌파,0.78,3.84,2026-10-06
AFIF,62.1,9.265,6376703,102753,59.08,9.95,5.9,1.9,-1.7,매도주의,장대음봉,완만한상승,0.13,-1.54,2026-10-06
MI,60.7,1.23,20602139,339184,25.34,117.1,0.2,-40.6,-70.4,매도주의,장대음봉,잔구간,0.05,-1.27,2026-10-06
SBFM,49.9,0.398,4524645,90704,1.8,0.19,9.5,2.8,-7.9,매도주의,음봉,전저점이탈,0.53,-1.41,2026-10-06
BIYA,48.9,1.365,14163634,289432,19.33,3.0,6.4,-2.9,0.4,강한매수,양봉스프링,전저점부근,0.81,3.62,2026-10-06
AIFA,43.0,7.67,4761887,110686,36.52,0.8,45.8,14.0,14.4,강한매수,양봉,전고점돌파,0.43,2.12,2026-10-06
LGHL,39.9,3.98,4277153,107304,17.02,11.57,1.5,7.6,-3.6,중립,음봉,잔구간,0.41,-0.405,2026-10-06
XHLD,39.7,0.623,149635456,3766668,93.22,14.04,6.6,3.4,46.6,매수관심,양봉,전저점부근,0.51,1.46,2026-10-06
WHLR,33.6,0.91,15091171,449794,13.73,62.39,0.2,6.4,-21.6,매도주의,음봉,전저점이탈,0.14,-1.88,2026-10-06
JAGX,32.3,5.62,27071693,838059,152.14,143.74,1.1,38.7,-14.3,중립,음봉,잔구간,0.15,-0.56,2026-10-06
AVBP,30.3,15.09,19752235,652123,298.06,20.52,14.5,-57.5,24.8,매수관심,장대양봉,전저점이탈,0.84,1.66,2026-10-06
STXU,30.1,10.33,1678842,55741,17.34,3.16,5.5,-7.0,-12.1,매도주의,장대음봉,잔구간,0.12,-1.23,2026-10-06
BEAT,28.4,0.584,18324876,644598,10.7,26.69,0.4,-4.8,-6.2,중립,음봉,잔구간,0.2,-0.53,2026-10-06
BJDX,27.0,0.811,6934006,257037,5.62,0.7,8.1,2.5,3.9,중립,양봉,잔구간,0.62,0.42,2026-10-06
VIVK,25.2,4.8,1907345,75663,9.16,0.46,19.9,3.7,-4.4,중립,음봉,잔구간,0.27,-0.49,2026-10-06
AGMH,23.0,0.583,2538589,110374,1.48,5.11,0.3,-12.3,-9.0,매도주의,음봉,전저점이탈,0.41,-1.56,2026-10-06
TELO,18.8,1.2,1253676,66568,1.5,0.08,19.2,3.3,-4.0,매도주의,위꼬리음봉,잔구간,0.07,-1.01,2026-10-06
HYFT,18.4,1.55,1887181,102448,2.93,0.24,12.2,4.7,-0.6,중립,위꼬리음봉,전고점돌파,0.24,-0.31,2026-10-06
SXTC,17.7,1.25,9547109,539795,11.93,0.84,14.2,-1.9,-38.7,강한매도,장대음봉,전저점이탈,0.08,-3.25,2026-10-06
SXTP,17.2,1.11,2448195,142047,2.72,0.2,13.4,-25.7,3.7,매수관심,팽이도지,전저점부근,0.72,1.01,2026-10-06
GIPR,16.1,0.381,22640588,1402916,8.62,9.13,0.9,-8.6,-0.5,중립,팽이도지,잔구간,0.64,0.085,2026-10-06
VERU,16.0,2.47,1518550,95067,3.75,0.25,14.7,-0.4,-2.8,강한매도,위꼬리음봉,전저점이탈,0.1,-2.73,2026-10-06
OSTX,15.6,1.49,6015385,384813,8.96,0.68,13.2,6.9,-12.9,강한매도,장대음봉,전저점이탈,0.07,-3.27,2026-10-06
FTCA,14.9,6.84,12020578,807981,82.22,9.55,8.6,0.6,-0.7,매도주의,장대음봉,잔구간,0.23,-1.16,2026-10-06
CIRC,13.2,0.496,12111392,914974,6.01,0.31,19.1,11.3,-17.2,중립,음봉,잔구간,0.23,-0.51,2026-10-06
JENA,11.6,10.42,812548,69801,8.47,1.84,4.6,-0.2,0.1,중립,양봉,잔구간,0.5,0.35,2026-10-06
ALEC,11.6,1.81,10177269,876718,18.42,19.62,0.9,4.5,-13.0,중립,음봉,전저점부근,0.13,-0.39,2026-10-06
IHD,10.8,7.68,640422,59516,4.92,0.4,12.3,0.0,-0.9,중립,음봉,잔구간,0.14,-0.565,2026-10-06
WDCX,8.6,13.88,11235885,1300199,155.95,62.52,2.5,-6.5,-7.4,매도주의,장대음봉,잔구간,0.2,-1.18,2026-10-06
QTEX,8.5,1.59,74098697,8762971,117.82,35.12,3.4,10.7,-6.7,중립,음봉,완만한상승,0.26,-0.09,2026-10-06
OFS,8.5,4.16,588156,69546,2.45,0.21,11.7,11.2,5.1,강한매수,양봉,전고점돌파,0.62,2.34,2026-10-06
BSCY,8.4,19.595,1484589,176654,29.09,3.64,8.0,0.2,0.1,중립,양봉,잔구간,0.6,0.41,2026-10-06
GCDT,8.1,1.41,1368047,169132,1.93,17.03,0.1,-19.0,-32.4,강한매도,장대음봉,전저점이탈,0.05,-3.29,2026-10-06
CODX,7.4,1.15,886900,120010,1.02,0.31,3.3,1.8,2.7,강한매수,양봉스프링,완만한상승,0.83,2.8,2026-10-06
CRBU,7.1,1.135,5939336,831849,6.74,1.15,5.9,0.0,-4.6,강한매도,장대음봉,전저점이탈,0.06,-3.28,2026-10-06
SGRX,6.8,0.76,3930104,578413,2.99,2.66,1.1,-3.6,-29.6,강한매도,장대음봉,전저점이탈,0.38,-2.89,2026-10-06
NXH,6.7,1.83,18046971,2710122,33.03,10.14,3.3,-0.5,-10.7,강한매도,장대음봉,전저점이탈,0.28,-3.01,2026-10-06
YFOR,6.4,1.13,1939489,301201,2.19,0.76,2.9,-19.6,1.8,중립,팽이도지,전저점이탈,0.5,-0.75,2026-10-06
BURU,6.3,1.2,9525722,1506759,11.43,1.72,6.6,-5.4,13.2,강한매수,장대양봉,전고점돌파,0.83,3.9,2026-10-06
STAK,6.1,1.13,1747606,286121,1.97,7.07,0.3,-1.0,8.7,중립,양봉,잔구간,0.43,0.31,2026-10-06
CYCU,6.1,3.27,1325049,215685,4.33,19.65,0.2,4.3,-14.8,매도주의,장대음봉,잔구간,0.0,-1.3,2026-10-06
FTMN,6.0,8.2,1927886,322266,15.81,2.85,5.5,0.2,-0.5,중립,음봉,잔구간,0.38,-0.42,2026-10-06
LEUX,5.9,8.63,669407,113765,5.78,0.81,7.1,6.3,9.0,강한매수,양봉,전고점돌파,0.55,2.26,2026-10-06
TNXP,5.8,7.695,2538794,435685,19.54,5.64,3.5,1.0,-5.6,강한매도,장대음봉,전저점이탈,0.01,-3.34,2026-10-06
PERF,5.8,1.91,736982,126126,1.41,0.28,5.0,0.0,-0.5,중립,음봉,잔구간,0.0,-0.65,2026-10-06
OPTT,5.5,1.06,3614451,661961,3.83,0.69,5.6,0.1,10.4,중립,위꼬리양봉,잔구간,0.35,-0.59,2026-10-06
QNTM,5.4,3.09,627075,117130,1.94,0.9,2.2,2.1,-7.5,강한매도,장대음봉,전저점이탈,0.12,-3.21,2026-10-06
CEGX,5.4,15.85,1066580,197126,16.91,1.71,9.9,18.4,5.0,강한매수,양봉,전고점돌파,0.5,2.2,2026-10-06
FTPA,5.4,8.08,655652,122226,5.3,1.59,3.3,0.3,-0.6,매도주의,장대음봉,잔구간,0.0,-1.3,2026-10-06
WBTN,5.3,10.2,1586133,301904,16.18,3.22,5.0,1.0,-3.4,강한매도,장대음봉,전저점이탈,0.12,-3.21,2026-10-06
USBpP,5.1,19.34,473508,93064,9.16,1.81,5.1,0.1,-1.9,매도주의,음봉,전저점이탈,0.34,-1.64,2026-10-06
BSCT,4.8,18.255,4039634,840279,73.74,12.92,5.7,0.1,0.1,매수관심,양봉,완만한상승,0.5,1.6,2026-10-06
HYSA,4.8,14.45,538849,112578,7.79,3.3,2.4,0.6,0.3,매수관심,장대양봉,잔구간,0.87,1.22,2026-10-06
FRSH,4.7,13.76,18464391,3897111,254.07,59.35,4.3,3.7,0.4,중립,위꼬리양봉,전고점돌파,0.14,0.07,2026-10-06
CAMP,4.6,3.96,1231129,270247,4.88,1.24,3.9,0.5,-1.7,강한매수,망치형,수횡파,0.75,2.9,2026-10-06
NVAX,4.6,11.32,19413046,4266518,219.76,80.83,2.7,-1.7,-8.3,중립,음봉,잔구간,0.18,-0.54,2026-10-06
ENGS,4.5,3.12,5486272,1226329,17.12,7.48,2.3,0.3,1.3,강한매수,양봉,전고점돌파,0.53,2.24,2026-10-06
LHSW,4.5,0.566,2144460,472065,1.21,31.73,0.0,3.7,-0.2,중립,망치형,잔구간,0.8,0.68,2026-10-06
HSCS,4.4,3.77,600963,138125,2.27,1.5,1.5,-13.1,-0.5,강한매수,망치형,전저점부근,0.79,3.1,2026-10-06
PDSB,4.4,1.045,17042595,3884281,17.81,14.67,1.2,-4.2,-9.1,중립,음봉,잔구간,0.33,-0.45,2026-10-06
EARN,4.4,3.57,1727798,395162,6.17,1.46,4.2,1.1,-3.5,매도주의,음봉,전저점이탈,0.43,-1.53,2026-10-06
IPSC,4.4,1.32,2715585,623357,3.58,0.91,4.0,0.0,-10.8,강한매도,장대음봉,전저점이탈,0.14,-3.18,2026-10-06
YMT,4.3,1.3,2359582,547608,3.07,8.89,0.3,1.6,2.4,중립,위꼬리양봉,완만한상승,0.18,-0.48,2026-10-06
ALDX,4.2,0.916,8234452,1965164,7.54,2.44,3.1,2.8,-3.6,중립,음봉,잔구간,0.42,-0.4,2026-10-06
RGC,4.2,7.35,301267,72045,2.21,0.92,2.4,-0.3,1.8,매수관심,팽이도지,완만한상승,0.47,0.86,2026-10-06
BIOA,4.2,6.29,3251777,769643,20.45,5.45,3.7,1.3,-2.3,중립,음봉,잔구간,0.64,-0.265,2026-10-06
TMCI,4.0,4.0,652133,163584,2.61,0.94,2.8,1.1,-11.7,강한매도,장대음봉,전저점이탈,0.04,-3.3,2026-10-06
PSNL,4.0,16.03,5659919,1399476,90.73,21.93,4.1,-0.9,-1.4,중립,음봉,잔구간,0.26,-0.495,2026-10-06
SLQT,3.9,0.38,2678137,687058,1.02,0.42,2.4,-0.9,-8.4,매도주의,장대음봉,전저점부근,0.0,-1.85,2026-10-06
MMED,3.9,19.64,15506284,3978870,304.54,93.95,3.2,-1.8,-0.8,중립,팽이도지,잔구간,0.4,-0.06,2026-10-06
IBIO,3.8,1.05,1210345,319243,1.27,0.76,1.7,0.0,-6.3,매도주의,음봉,전저점이탈,0.23,-1.77,2026-10-06
FLUX,3.6,0.493,2254905,620160,1.11,11.02,0.1,-1.0,-3.4,중립,음봉,잔구간,0.25,-0.5,2026-10-06
CRDL,3.6,1.31,4710479,1296452,6.17,2.37,2.6,0.8,-1.5,중립,팽이도지,잔구간,0.33,-0.1,2026-10-06
PRME,3.6,3.5,12022398,3369042,42.08,11.57,3.6,10.9,-1.7,매수관심,팽이도지,전고점돌파,0.52,1.52,2026-10-06
FPSX,3.6,5.17,675801,189821,3.49,1.14,3.1,3.0,8.6,강한매수,장대양봉,전고점돌파,0.92,4.0,2026-10-06
CCXI,3.6,11.925,7114775,1958064,84.84,24.25,3.5,1.7,-2.9,중립,망치형,잔구간,0.64,0.585,2026-10-06
ASTN,3.5,15.83,881666,253165,13.96,5.71,2.4,-3.4,-12.4,매도주의,장대음봉,잔구간,0.3,-1.12,2026-10-06
NBIZ,3.5,17.98,6915262,1976770,124.34,45.12,2.8,-3.4,-11.3,강한매도,장대음봉,전저점이탈,0.3,-2.99,2026-10-06
RXRX,3.5,4.63,71105964,20201988,329.22,110.69,3.0,0.6,-3.7,중립,팽이도지,잔구간,0.3,-0.12,2026-10-06
GILT,3.5,9.22,1536143,440884,14.16,4.16,3.4,-5.9,4.2,매수관심,장대양봉,전저점이탈,0.96,1.8,2026-10-06
VWAV,3.5,5.04,676441,194294,3.41,4.69,0.7,-2.3,18.6,매수관심,장대양봉,잔구간,0.65,1.09,2026-10-06
DNA,3.5,12.41,13137636,3784396,163.04,42.85,3.8,0.7,-17.7,중립,음봉,잔구간,0.05,-0.62,2026-10-06
GMEX,3.5,2.64,415265,118826,1.1,0.37,2.9,0.9,13.3,매수관심,장대양봉,잔구간,0.83,1.2,2026-10-06
PLU,3.4,5.73,795667,232977,4.56,1.95,2.3,10.5,2.9,강한매수,양봉,전고점돌파,0.61,2.33,2026-10-06
AIBZ,3.4,3.61,950397,276637,3.43,1.3,2.6,0.3,-9.8,강한매도,장대음봉,전저점이탈,0.08,-3.25,2026-10-06
AAOZ,3.3,7.77,4753648,1453359,36.94,12.12,3.0,-6.8,-7.5,강한매도,장대음봉,전저점이탈,0.15,-3.17,2026-10-06
XNDU,3.3,5.06,20854699,6390532,105.52,59.69,1.8,6.0,5.6,중립,양봉,잔구간,0.63,0.43,2026-10-06
STDN,3.2,15.19,1316305,408222,19.99,4.3,4.6,1.5,15.0,강한매수,장대양봉,전고점돌파,0.95,4.04,2026-10-06
FTCB,3.2,19.74,2324338,717359,45.88,14.7,3.1,0.1,0.0,중립,팽이도지,잔구간,0.38,-0.07,2026-10-06
KARD,3.2,13.49,1560902,490718,21.06,8.75,2.4,0.1,-11.5,강한매도,장대음봉,전저점이탈,0.36,-2.92,2026-10-06
LABX,3.2,17.9,3311050,1028721,59.27,17.36,3.4,7.4,6.9,강한매수,양봉,전고점돌파,0.61,2.33,2026-10-06
BRUN,3.2,15.17,5160003,1599133,78.28,28.31,2.8,8.9,-2.8,중립,음봉,잔구간,0.26,-0.495,2026-10-06
HSDT,3.1,2.66,1043427,337303,2.78,1.68,1.7,0.4,0.0,중립,팽이도지,완만한상승,0.3,0.66,2026-10-06
PSQL,3.0,6.84,2203954,731110,15.08,4.27,3.5,5.8,4.4,중립,양봉,잔구간,0.94,0.615,2026-10-06
BKT,3.0,9.5,533210,179818,5.07,1.94,2.6,0.4,-0.7,중립,음봉,전저점부근,0.5,0.05,2026-10-06
BSBR,3.0,5.98,8181108,2771378,48.92,21.66,2.3,2.2,1.2,강한매수,양봉,전고점돌파,0.83,2.6,2026-10-06
MBOT,3.0,1.07,1993348,658434,2.13,0.93,2.3,1.9,-1.8,매도주의,위꼬리음봉,잔구간,0.17,-0.95,2026-10-06
HTZ,3.0,2.06,43545483,14400905,89.7,21.86,4.1,1.4,13.5,강한매수,장대양봉,전고점돌파,0.81,3.87,2026-10-06
ACB,3.0,4.59,1940121,645165,8.91,5.24,1.7,2.7,0.2,강한매수,양봉스프링,완만한상승,0.79,2.75,2026-10-06
SAR,3.0,15.81,373161,122871,5.9,2.28,2.6,-1.5,-3.4,강한매도,장대음봉,전저점이탈,0.18,-3.13,2026-10-06
STEX,2.9,0.517,2342032,814083,1.21,0.84,1.4,3.0,-15.2,강한매도,장대음봉,전저점이탈,0.08,-3.25,2026-10-06
ECC,2.9,3.29,1918772,652753,6.31,3.07,2.1,0.3,-3.8,강한매도,장대음봉,전저점이탈,0.35,-2.93,2026-10-06
AEHG,2.9,7.43,3911416,1355772,29.06,11.59,2.5,4.5,-26.9,강한매도,장대음봉,전저점이탈,0.03,-3.31,2026-10-06
FPEI,2.8,18.53,1595536,570421,29.57,11.72,2.5,0.2,0.4,매수관심,장대양봉,잔구간,1.0,1.3,2026-10-06
XNDX,2.8,1.71,1916990,687967,3.28,1.83,1.8,12.2,9.6,중립,양봉,잔구간,0.63,0.43,2026-10-06
VLRS,2.8,6.5,648829,231108,4.22,2.07,2.0,0.9,-0.2,매도주의,위꼬리음봉,잔구간,0.04,-1.025,2026-10-06
HDGE,2.8,15.26,302380,106510,4.61,1.49,3.1,-0.5,0.1,중립,팽이도지,전저점이탈,0.54,-0.7,2026-10-06
BZUN,2.8,3.47,674729,243768,2.34,0.78,3.0,0.3,5.2,강한매수,장대양봉,전고점돌파,0.61,3.63,2026-10-06
OKLL,2.7,10.28,5569735,2084721,57.26,22.27,2.6,7.5,6.4,중립,양봉,잔구간,0.68,0.46,2026-10-06
STKE,2.7,1.84,1051162,394515,1.93,0.81,2.4,2.9,4.5,매수관심,장대양봉,전고점부근,0.75,1.85,2026-10-06
CHI,2.7,11.77,512175,190303,6.03,2.11,2.9,1.7,0.4,중립,팽이도지,잔구간,0.59,0.055,2026-10-06
CX,2.6,9.92,13021278,4963310,129.17,75.31,1.7,0.3,3.7,강한매수,장대양봉,전고점돌파,0.73,3.78,2026-10-06
TBCH,2.6,13.51,757097,286242,10.23,4.88,2.1,0.4,-2.9,매도주의,장대음봉,잔구간,0.06,-1.265,2026-10-06
BBD,2.5,4.51,92150666,37490808,415.6,155.42,2.7,4.4,-0.2,매수관심,팽이도지,전고점돌파,0.56,1.57,2026-10-06
MTNB,2.5,3.01,417676,168285,1.26,0.46,2.7,-2.1,9.1,매수관심,양봉,완만한상승,0.73,1.88,2026-10-06
VELO,2.5,9.57,2457513,997512,23.52,16.81,1.4,2.1,-2.0,중립,음봉,잔구간,0.42,-0.4,2026-10-06
RWAY,2.5,6.375,676459,270794,4.31,1.96,2.2,0.2,-1.2,매도주의,음봉,전저점이탈,0.41,-1.56,2026-10-06
AVR,2.5,7.05,2643333,1073537,18.64,7.9,2.4,0.3,-6.9,강한매도,장대음봉,전저점이탈,0.05,-3.29,2026-10-06
EBS,2.5,6.95,1858934,752845,12.92,6.62,2.0,-1.1,-2.9,중립,음봉,잔구간,0.38,-0.42,2026-10-06
TRVI,2.4,13.18,4998908,2062728,65.89,27.18,2.4,0.8,-4.7,강한매도,장대음봉,전저점이탈,0.19,-3.12,2026-10-06
RBLU,2.4,4.79,892118,370192,4.27,2.19,2.0,-2.7,7.6,강한매수,장대양봉,완만한상승,0.87,3.34,2026-10-06
WULX,2.4,12.92,812197,342309,10.49,5.43,1.9,1.7,0.5,중립,팽이도지,잔구간,0.65,0.09,2026-10-06
XE,2.4,15.45,11190896,4752644,172.9,78.15,2.2,2.7,4.4,중립,양봉,잔구간,0.4,0.29,2026-10-06
DCX,2.3,3.11,471897,204371,1.47,4.44,0.3,-1.2,-6.9,중립,음봉,전저점부근,0.5,0.05,2026-10-06
TRVG,2.3,4.42,330001,141442,1.46,1.0,1.5,-0.4,-6.2,중립,음봉,전저점부근,0.31,-0.18,2026-10-06
CHRS,2.3,1.03,2972877,1265092,3.06,2.04,1.5,0.9,-8.8,강한매도,장대음봉,전저점이탈,0.17,-3.15,2026-10-06
GRRR,2.3,12.18,982568,428391,11.97,6.61,1.8,1.1,-1.6,중립,음봉,전저점부근,0.33,-0.15,2026-10-06
JPMpK,2.3,16.75,672342,289169,11.26,5.31,2.1,0.0,0.2,중립,위꼬리양봉,잔구간,0.32,-0.61,2026-10-06
SKHX,2.3,16.35,2608999,1147190,42.66,21.79,2.0,-3.5,-9.5,매도주의,장대음봉,잔구간,0.16,-1.205,2026-10-06
FFR,2.3,1.38,2296744,1013355,3.17,9.99,0.3,-0.9,23.2,중립,양봉,잔구간,0.66,0.445,2026-10-06
FTMH,2.3,10.82,1343072,590509,14.53,9.55,1.5,0.8,-1.0,매도주의,장대음봉,잔구간,0.15,-1.21,2026-10-06
TIMB,2.2,18.98,1007315,460130,19.12,11.0,1.7,2.5,-4.0,매도주의,장대음봉,잔구간,0.1,-1.24,2026-10-06
ASG,2.2,5.2,521825,234328,2.71,1.3,2.1,0.0,0.8,강한매수,장대양봉,전고점돌파,0.8,3.86,2026-10-06
PICS,2.2,12.46,1226820,570253,15.29,5.65,2.7,0.2,7.0,강한매수,양봉,전고점돌파,0.84,2.61,2026-10-06
CWH,2.2,4.53,3516158,1606973,15.93,12.14,1.3,-0.7,0.2,중립,위꼬리양봉,잔구간,0.26,-0.645,2026-10-06
DMRA,2.2,19.55,1171650,535506,22.91,14.03,1.6,1.0,-4.3,중립,음봉,전저점부근,0.59,0.16,2026-10-06
EVC,2.2,6.7,3235237,1474955,21.68,9.73,2.2,-0.3,-5.6,매도주의,음봉,전저점이탈,0.4,-1.57,2026-10-06
NTSK,2.2,19.64,10587078,4853701,207.93,99.78,2.1,2.2,4.3,강한매수,양봉,전고점돌파,0.54,2.25,2026-10-06
VNCE,2.2,12.24,617774,281924,7.56,4.15,1.8,0.6,6.4,매수관심,양봉,완만한상승,0.48,1.58,2026-10-06
OXLC,2.1,8.68,2121825,1028092,18.42,9.51,1.9,0.1,-2.9,강한매도,장대음봉,전저점이탈,0.4,-2.87,2026-10-06
NEO,2.1,16.505,5099719,2386341,84.17,47.25,1.8,4.5,-17.5,강한매도,장대음봉,전저점이탈,0.01,-3.34,2026-10-06
PSEC,2.1,1.83,13640940,6368943,24.96,12.72,2.0,-0.3,-4.9,강한매도,장대음봉,전저점이탈,0.24,-3.06,2026-10-06
RZLV,2.1,2.15,19864157,9297421,42.71,21.19,2.0,5.4,-8.5,매도주의,장대음봉,잔구간,0.09,-1.245,2026-10-06
BHC,2.1,6.02,3050992,1465546,18.37,10.07,1.8,0.8,1.3,강한매수,양봉,전고점돌파,0.7,2.44,2026-10-06
DNN,2.1,2.71,55642332,25980714,150.79,68.63,2.2,1.5,1.5,중립,위꼬리양봉,전고점돌파,0.25,0.2,2026-10-06
CRMG,2.1,7.54,1745511,818860,13.16,9.25,1.4,2.0,-6.1,매도주의,장대음봉,잔구간,0.21,-1.175,2026-10-06
MBI,2.1,4.45,672688,314822,2.99,1.53,2.0,0.0,-0.4,중립,팽이도지,잔구간,0.64,0.085,2026-10-06
SNK,2.1,10.79,4229937,2015131,45.64,27.68,1.6,-1.0,0.3,강한매수,양봉스프링,전저점부근,0.92,3.75,2026-10-06
ERAS,2.1,14.3,8043034,3764384,115.02,63.77,1.8,0.1,-3.0,중립,음봉,잔구간,0.31,-0.465,2026-10-06
ALT,2.1,2.67,7627409,3716549,20.37,11.15,1.8,1.1,-1.1,중립,음봉,잔구간,0.5,-0.35,2026-10-06
DUOT,2.1,9.23,1008351,473361,9.31,4.55,2.0,0.4,0.0,중립,위꼬리양봉,완만한상승,0.2,-0.46,2026-10-06
NN,2.0,13.27,4911976,2494730,65.18,31.17,2.1,0.0,-0.4,중립,팽이도지,잔구간,0.52,0.01,2026-10-06
PAGS,2.0,10.72,7442762,3760299,79.79,47.05,1.7,0.1,-2.2,중립,음봉,잔구간,0.22,-0.52,2026-10-06
MVIS,2.0,1.58,1615652,802886,2.55,1.35,1.9,2.7,4.6,매수관심,양봉,완만한상승,0.67,1.8,2026-10-06
FSM,2.0,11.18,7837273,4004541,87.62,67.71,1.3,0.5,-0.2,중립,망치형,잔구간,0.69,0.615,2026-10-06
DNLI,2.0,19.28,3674485,1828708,70.84,39.77,1.8,0.1,-3.3,강한매도,장대음봉,전저점이탈,0.27,-3.03,2026-10-06
STNE,2.0,11.62,11103581,5529466,129.02,75.56,1.7,1.1,-0.4,매수관심,팽이도지,완만한상승,0.45,0.84,2026-10-06
EROC,2.0,13.64,4838108,2395924,65.99,26.8,2.5,1.7,8.3,강한매수,양봉,전고점돌파,0.58,2.3,2026-10-06
AMAU,2.0,16.48,412884,204211,6.8,4.47,1.5,1.4,-5.8,매도주의,장대음봉,잔구간,0.19,-1.185,2026-10-06
SSPC,2.0,6.56,27643091,13698671,181.34,111.38,1.6,-1.6,0.2,강한매수,양봉스프링,전저점부근,0.92,3.75,2026-10-06
UUUG,2.0,2.7,1131220,562836,3.05,1.53,2.0,6.4,1.5,중립,위꼬리양봉,잔구간,0.36,-0.585,2026-10-06
SBS,2.0,6.41,12478758,6184649,79.99,51.14,1.6,2.4,0.0,매수관심,팽이도지,전고점돌파,0.62,1.64,2026-10-06
IMNM,2.0,19.31,2314180,1134228,44.69,33.64,1.3,0.9,-9.6,강한매도,장대음봉,전저점이탈,0.16,-3.16,2026-10-06
ZTR,2.0,6.13,334291,165273,2.05,1.03,2.0,0.2,2.9,강한매수,장대양봉,전고점돌파,0.9,3.98,2026-10-06
SSG,1.9,9.68,1530251,796868,14.81,9.7,1.5,-1.8,1.4,매수관심,양봉,전저점부근,0.92,1.95,2026-10-06
SPCU,1.9,17.16,2389798,1261421,41.01,16.04,2.6,0.6,0.4,중립,위꼬리양봉,전고점돌파,0.14,0.07,2026-10-06
CIEG,1.9,6.33,1316976,676684,8.34,2.83,3.0,3.1,23.9,강한매수,장대양봉,전고점돌파,0.96,4.05,2026-10-06
CNXU,1.9,3.66,334319,175420,1.22,0.62,2.0,6.6,10.1,중립,양봉,잔구간,0.86,0.565,2026-10-06
STFS,1.9,3.885,893747,465468,3.47,1.58,2.2,1.8,-0.6,매수관심,팽이도지,완만한상승,0.42,0.8,2026-10-06
CPB,1.9,19.0,14201497,7526992,269.83,141.87,1.9,-0.5,-1.1,매도주의,음봉,전저점이탈,0.23,-1.77,2026-10-06
BFLY,1.9,8.7,9250669,4898242,80.48,62.74,1.3,1.4,-8.5,중립,음봉,잔구간,0.1,-0.59,2026-10-06
OM,1.9,4.14,376616,194710,1.56,0.96,1.6,4.6,-3.5,매도주의,음봉,전고점부근,0.31,-1.38,2026-10-06
RKLZ,1.9,13.3,1202487,618254,15.99,10.65,1.5,-5.2,-0.6,중립,팽이도지,잔구간,0.7,0.12,2026-10-06
BHVN,1.9,12.08,3054390,1602862,36.9,26.45,1.4,0.2,-7.1,강한매도,장대음봉,전저점이탈,0.17,-3.15,2026-10-06
NOMD,1.9,10.97,1949610,1013531,21.39,13.86,1.5,2.9,-0.3,중립,팽이도지,전고점부근,0.39,-0.58,2026-10-06
PHAT,1.9,6.78,2087958,1082255,14.16,9.28,1.5,0.7,0.4,매수관심,양봉스프링,잔구간,0.93,1.01,2026-10-06
IFRX,1.8,1.58,720672,396058,1.14,0.84,1.4,0.6,-6.5,매도주의,음봉,전저점이탈,0.07,-1.97,2026-10-06
MESO,1.8,13.61,404695,221061,5.51,3.55,1.6,-2.3,-2.1,강한매도,장대음봉,전저점이탈,0.11,-3.22,2026-10-06
MLTX,1.8,10.95,3052430,1742423,33.42,22.36,1.5,1.1,-4.8,강한매도,장대음봉,전저점이탈,0.07,-3.27,2026-10-06
LTBR,1.8,6.84,1247041,689995,8.53,4.03,2.1,2.5,4.9,중립,양봉,잔구간,0.64,0.435,2026-10-06
LXFR,1.8,17.24,486337,263533,8.38,5.76,1.5,0.1,-0.2,매도주의,장대음봉,잔구간,0.0,-1.3,2026-10-06
SKHL,1.8,10.56,3183951,1731253,33.62,20.73,1.6,-3.3,-9.5,매도주의,장대음봉,잔구간,0.15,-1.21,2026-10-06
ERII,1.8,7.08,1389240,775171,9.84,5.22,1.9,1.0,2.6,강한매수,장대양봉,전고점돌파,0.76,3.81,2026-10-06
VRRM,1.8,2.82,11722883,6562319,33.06,18.21,1.8,0.7,-2.4,중립,음봉,잔구간,0.38,-0.42,2026-10-06
DAMD,1.8,7.88,6138622,3470007,48.37,39.52,1.2,-4.9,-0.5,매도주의,팽이도지,전저점이탈,0.31,-0.98,2026-10-06
THRY,1.8,1.38,1013138,548740,1.4,0.89,1.6,0.0,-7.4,강한매도,장대음봉,전저점이탈,0.24,-3.06,2026-10-06
SSP,1.8,2.92,997571,567030,2.91,1.52,1.9,1.5,5.8,강한매수,장대양봉,전고점돌파,0.8,3.86,2026-10-06
CPRI,1.8,14.67,5819413,3201171,85.37,62.52,1.4,-1.5,2.8,중립,양봉,잔구간,0.39,0.285,2026-10-06
FTMU,1.8,7.31,1165718,634169,8.52,4.8,1.8,-0.1,-0.1,매도주의,위꼬리음봉,잔구간,0.2,-0.93,2026-10-06
LUXE,1.8,10.0,315393,174168,3.15,2.07,1.5,0.7,1.8,매수관심,양봉,완만한상승,0.64,1.77,2026-10-06
TAC,1.8,13.12,2187225,1187293,28.7,16.11,1.8,0.8,4.4,강한매수,장대양봉,전고점돌파,0.84,3.91,2026-10-06
INTR,1.8,7.03,11806659,6590796,83.0,43.09,1.9,3.9,3.2,강한매수,양봉,전고점돌파,0.76,2.51,2026-10-06
SRXH,1.8,1.48,908153,494763,1.34,1.08,1.2,0.7,-1.3,중립,음봉,잔구간,0.0,-0.65,2026-10-06
SAFX,1.8,0.302,5283082,2877189,1.6,1.63,1.0,-0.1,0.8,중립,팽이도지,전저점부근,0.5,0.75,2026-10-06
WY,1.8,18.6,13661501,7738883,254.1,157.48,1.6,-0.2,0.8,중립,양봉,잔구간,0.9,0.59,2026-10-06
RAIL,1.8,6.6,307103,167734,2.03,1.3,1.6,0.7,-3.1,매도주의,장대음봉,잔구간,0.19,-1.185,2026-10-06
BOEG,1.8,9.699,366365,208343,3.55,1.73,2.1,0.5,-3.5,매도주의,장대음봉,잔구간,0.06,-1.265,2026-10-06
PACB,1.8,2.7,47107484,26129110,127.19,54.51,2.3,5.1,-10.4,중립,음봉,잔구간,0.27,-0.49,2026-10-06
OSS,1.8,8.34,1313995,716371,10.96,6.84,1.6,1.9,-1.8,매도주의,장대음봉,잔구간,0.32,-1.11,2026-10-06
TOYO,1.8,4.48,467692,264395,2.1,1.49,1.4,0.5,1.8,매수관심,양봉,완만한상승,0.65,1.78,2026-10-06
PSIG,1.8,4.66,1289594,729910,6.01,6.97,0.9,0.0,1.3,강한매수,장대양봉,완만한상승,0.67,3.1,2026-10-06
HNRG,1.8,14.81,1019484,571687,15.1,8.97,1.7,0.5,5.6,매수관심,장대양봉,잔구간,0.74,1.145,2026-10-06
CGEM,1.8,16.25,2017233,1096093,32.78,22.99,1.4,7.5,-5.7,매도주의,장대음봉,완만한상승,0.12,-1.56,2026-10-06
JBLU,1.7,4.03,26594409,15578696,107.18,68.92,1.6,2.5,-3.1,매도주의,장대음봉,전저점부근,0.22,-1.59,2026-10-06
GMTL,1.7,8.26,457187,275063,3.78,1.93,2.0,0.0,-3.4,중립,음봉,전저점부근,0.05,-0.49,2026-10-06
EVTL,1.7,0.56,7957070,4733911,4.46,3.99,1.1,1.5,1.8,중립,위꼬리양봉,잔구간,0.41,-0.555,2026-10-06
EIC,1.7,9.12,305269,182155,2.78,1.39,2.0,-0.3,0.8,중립,양봉,잔구간,0.54,0.375,2026-10-06
AMBP,1.7,4.44,2151008,1271170,9.55,5.94,1.6,0.5,-0.4,매도주의,위꼬리음봉,완만한상승,0.09,-1.09,2026-10-06
CBIO,1.7,13.57,492370,292144,6.68,5.54,1.2,6.0,-8.2,매도주의,장대음봉,잔구간,0.08,-1.25,2026-10-06
BIT,1.7,11.24,842946,500815,9.47,6.62,1.4,1.4,-0.1,강한매수,망치형,완만한상승,0.95,2.44,2026-10-06
AVAT,1.7,2.07,1638076,941751,3.39,3.39,1.0,0.5,9.5,강한매수,장대양봉,완만한상승,0.68,3.12,2026-10-06
AGBK,1.7,6.67,329493,188832,2.2,1.35,1.6,0.3,-1.3,중립,팽이도지,잔구간,0.43,-0.04,2026-10-06
MTA,1.7,9.15,399550,238176,3.66,2.5,1.5,1.3,-3.1,매도주의,장대음봉,잔구간,0.0,-1.3,2026-10-06
MNTK,1.7,2.66,1411854,851132,3.76,3.47,1.1,1.0,-9.5,매도주의,장대음봉,잔구간,0.14,-1.215,2026-10-06
MEGI,1.7,13.56,309676,185549,4.2,2.32,1.8,0.3,1.3,매수관심,장대양봉,잔구간,0.77,1.16,2026-10-06
CATX,1.7,2.36,2702852,1606422,6.38,6.53,1.0,0.8,-8.9,강한매도,장대음봉,전저점이탈,0.2,-3.11,2026-10-06
AZ,1.7,5.97,730934,429609,4.36,2.12,2.1,1.6,-5.7,매도주의,장대음봉,잔구간,0.0,-1.3,2026-10-06
WHWK,1.7,3.61,468157,271864,1.69,0.94,1.8,0.5,-3.0,매도주의,장대음봉,전저점부근,0.35,-1.43,2026-10-06
CTKB,1.7,5.38,2051763,1211836,11.04,9.19,1.2,0.7,-12.2,강한매도,장대음봉,전저점이탈,0.03,-3.31,2026-10-06
NNE,1.7,16.49,2931566,1729400,48.34,27.53,1.8,3.8,2.4,중립,양봉,잔구간,0.52,0.36,2026-10-06
SOLZ,1.7,11.98,1355966,811684,16.24,11.4,1.4,0.0,0.4,중립,위꼬리양봉,완만한상승,0.32,-0.32,2026-10-06
VIV,1.7,12.64,1566994,929741,19.81,14.49,1.4,1.8,-1.6,매도주의,장대음봉,완만한상승,0.18,-1.48,2026-10-06
QDEL,1.7,12.57,3218734,1896875,40.46,17.43,2.3,1.0,2.5,중립,양봉,전고점부근,0.45,0.19,2026-10-06
PCF,1.7,5.05,355882,212590,1.8,0.82,2.2,-0.4,0.2,중립,팽이도지,잔구간,0.6,0.06,2026-10-06
PL,1.7,18.57,15715372,9352328,291.83,180.82,1.6,4.4,2.5,강한매수,양봉,전고점돌파,0.7,2.44,2026-10-06
STXS,1.7,1.15,873444,499152,1.0,0.6,1.7,0.0,-2.5,매도주의,음봉,전저점이탈,0.25,-1.75,2026-10-06
DHF,1.7,2.22,605798,357912,1.34,1.0,1.3,-0.4,0.0,중립,팽이도지,수횡파,0.61,0.73,2026-10-06
SUPX,1.6,6.9,516133,316270,3.56,4.04,0.9,-0.6,7.6,강한매수,장대양봉,완만한상승,0.95,3.44,2026-10-06
DOC,1.6,19.0,8305078,5167430,157.8,115.82,1.4,0.1,0.7,중립,양봉,잔구간,0.53,0.37,2026-10-06
MIST,1.6,0.764,1398670,851560,1.07,1.0,1.1,2.6,-4.5,매도주의,장대음봉,잔구간,0.07,-1.26,2026-10-06
LFCR,1.6,6.45,1232120,773844,7.95,5.25,1.5,-0.2,-0.9,중립,음봉,잔구간,0.1,-0.59,2026-10-06
GLAS,1.6,5.16,2354769,1495687,12.15,12.29,1.0,0.0,-3.6,중립,음봉,잔구간,0.34,-0.445,2026-10-06
GOGO,1.6,2.3,1877465,1154395,4.32,3.41,1.3,1.9,5.5,강한매수,장대양봉,완만한상승,0.92,3.4,2026-10-06
HPK,1.6,8.22,641699,401720,5.27,3.76,1.4,0.7,0.9,매수관심,팽이도지,완만한상승,0.66,1.09,2026-10-06
ITG,1.6,8.23,1134194,689410,9.33,4.17,2.2,1.9,15.8,매수관심,장대양봉,잔구간,0.72,1.13,2026-10-06
APLX,1.6,7.35,5810273,3693425,42.71,25.4,1.7,4.2,0.8,중립,팽이도지,잔구간,0.52,0.01,2026-10-06
SVIA,1.6,4.18,2207801,1363994,9.23,9.26,1.0,-0.4,-6.1,매도주의,장대음봉,잔구간,0.22,-1.17,2026-10-06
FIGS,1.6,14.1,3958153,2545802,55.81,35.69,1.6,1.0,2.4,매수관심,양봉,완만한상승,0.57,1.68,2026-10-06
GLWG,1.6,15.83,1686371,1068809,26.7,13.64,2.0,3.3,9.2,강한매수,장대양봉,전고점돌파,0.85,3.92,2026-10-06
DAPP,1.6,19.05,1586765,1023287,30.23,22.11,1.4,0.5,-0.8,중립,음봉,잔구간,0.16,-0.555,2026-10-06
BORR,1.6,4.21,9107378,5656806,38.34,23.82,1.6,2.2,-0.7,중립,팽이도지,잔구간,0.46,-0.025,2026-10-06
ODTX,1.6,18.13,340862,207378,6.18,6.14,1.0,0.0,-13.0,강한매도,장대음봉,전저점이탈,0.03,-3.31,2026-10-06
OBDC,1.6,10.03,7075343,4558347,70.97,43.69,1.6,0.2,-1.6,강한매도,장대음봉,전저점이탈,0.22,-3.09,2026-10-06
BDTX,1.6,1.8,840849,512036,1.51,1.05,1.4,0.0,-7.2,강한매도,장대음봉,전저점이탈,0.03,-3.31,2026-10-06
NTLA,1.6,12.37,7951765,4992523,98.36,57.65,1.7,-2.0,-1.0,중립,팽이도지,잔구간,0.28,-0.13,2026-10-06
RYN,1.6,18.09,5968970,3798778,107.98,73.52,1.5,-0.6,1.0,중립,양봉,잔구간,0.88,0.58,2026-10-06
RLMD,1.6,3.28,1735689,1104536,5.69,4.17,1.4,0.6,-6.3,강한매도,장대음봉,전저점이탈,0.06,-3.28,2026-10-06
MRVI,1.6,7.85,3613442,2286365,28.37,18.21,1.6,0.2,-8.1,매도주의,장대음봉,잔구간,0.09,-1.245,2026-10-06
BSCU,1.6,16.185,1533142,956070,24.81,13.78,1.8,0.2,-0.0,매수관심,팽이도지,완만한상승,0.42,0.8,2026-10-06
NFE,1.6,5.51,637419,397551,3.51,6.03,0.6,0.5,-6.6,매도주의,장대음봉,잔구간,0.09,-1.245,2026-10-06
MYN,1.6,8.92,791796,491959,7.06,3.97,1.8,0.2,1.7,매수관심,장대양봉,잔구간,0.67,1.1,2026-10-06
NKTX,1.6,2.31,754798,462202,1.74,1.63,1.1,0.8,-9.4,강한매도,장대음봉,전저점이탈,0.06,-3.28,2026-10-06
NCA,1.6,8.25,345287,210544,2.85,1.55,1.8,-0.1,-0.1,매도주의,위꼬리음봉,잔구간,0.11,-0.985,2026-10-06
HQH,1.6,19.33,329904,205616,6.38,4.18,1.5,0.1,-1.4,중립,음봉,잔구간,0.43,-0.39,2026-10-06
SVM,1.6,10.51,2598891,1591921,27.31,19.24,1.4,0.6,-0.9,중립,음봉,잔구간,0.61,-0.285,2026-10-06
SLN,1.6,9.83,1583356,974811,15.56,10.27,1.5,-0.2,-2.9,매도주의,음봉,전저점이탈,0.36,-1.62,2026-10-06
CARS,1.6,9.45,1200882,736546,11.35,8.04,1.4,1.0,-3.6,매도주의,장대음봉,잔구간,0.28,-1.13,2026-10-06
UTZ,1.6,14.27,2661395,1649503,37.98,20.73,1.8,0.0,-0.1,매도주의,장대음봉,잔구간,0.0,-1.3,2026-10-06
UEC,1.6,10.11,16233497,10135074,164.12,98.68,1.7,3.4,4.6,강한매수,양봉,전고점돌파,0.65,2.38,2026-10-06
BBWI,1.6,17.93,9214058,5762000,165.21,114.54,1.4,1.1,1.5,강한매수,양봉,전고점돌파,0.66,2.39,2026-10-06
EDIT,1.6,2.73,2968621,1894324,8.1,6.75,1.2,2.2,-4.2,매도주의,장대음봉,잔구간,0.08,-1.25,2026-10-06
VALE,1.6,14.08,53022481,34081423,746.56,504.43,1.5,0.8,-1.3,중립,음봉,잔구간,0.44,-0.385,2026-10-06
DFDV,1.6,4.98,3116336,1972177,15.52,12.03,1.3,3.3,-11.9,강한매도,장대음봉,전저점이탈,0.04,-3.3,2026-10-06
AVTR,1.5,15.43,11387933,7779581,175.72,128.43,1.4,0.9,-3.3,중립,음봉,잔구간,0.01,-0.645,2026-10-06
XRPZ,1.5,16.32,776309,533445,12.67,13.76,0.9,0.3,-0.2,중립,팽이도지,완만한상승,0.25,0.6,2026-10-06
DXC,1.5,11.83,4852310,3155199,57.4,32.86,1.7,0.8,0.7,매수관심,팽이도지,완만한상승,0.72,1.16,2026-10-06
WRAP,1.5,1.55,728829,500256,1.13,0.59,1.9,2.8,4.0,강한매수,양봉,전고점돌파,0.53,2.24,2026-10-06
ACP,1.5,4.37,1628897,1071391,7.12,4.73,1.5,0.2,-0.2,중립,팽이도지,전저점부근,0.48,0.73,2026-10-06
WWW,1.5,19.31,1226347,806439,23.68,13.78,1.7,0.5,1.4,강한매수,양봉,완만한상승,0.98,2.18,2026-10-06
BACpM,1.5,19.17,341052,221072,6.54,4.11,1.6,0.0,0.5,매수관심,장대양봉,잔구간,0.69,1.115,2026-10-06
PMM,1.5,5.6,465397,310894,2.61,1.59,1.6,-0.4,2.8,매수관심,장대양봉,잔구간,0.83,1.2,2026-10-06
AMPL,1.5,14.79,2464131,1607710,36.44,23.29,1.6,0.5,-1.1,중립,음봉,잔구간,0.41,-0.405,2026-10-06
AAOX,1.5,15.47,16778447,11267147,259.56,113.04,2.3,6.8,7.0,강한매수,장대양봉,전고점돌파,0.88,3.96,2026-10-06
LAB,1.5,0.722,1398428,934828,1.01,0.63,1.6,1.5,-6.8,매도주의,장대음봉,잔구간,0.06,-1.265,2026-10-06
LOMA,1.5,9.69,789761,538829,7.65,4.42,1.7,-0.1,-0.7,매도주의,위꼬리음봉,잔구간,0.18,-0.94,2026-10-06
LUNR,1.5,15.06,11965870,7989545,180.21,116.96,1.5,2.1,3.2,매수관심,장대양봉,잔구간,0.67,1.1,2026-10-06
AQN,1.5,5.06,6420274,4373984,32.49,22.06,1.5,0.4,-0.6,중립,음봉,잔구간,0.12,-0.58,2026-10-06
IART,1.5,13.32,1370157,887055,18.25,14.84,1.2,1.3,-1.0,강한매수,망치형,완만한상승,0.7,2.14,2026-10-06
OPK,1.5,1.46,2455444,1686504,3.58,3.39,1.1,1.3,-8.2,강한매도,장대음봉,전저점이탈,0.0,-3.35,2026-10-06
BCYC,1.5,3.79,620679,411251,2.35,2.21,1.1,0.2,-5.7,매도주의,장대음봉,수횡파,0.19,-1.77,2026-10-06
RKLX,1.5,19.67,4680210,3109178,92.06,57.75,1.6,4.5,0.8,중립,위꼬리양봉,완만한상승,0.29,-0.35,2026-10-06
NXE,1.5,9.43,6719423,4411376,63.36,37.79,1.7,2.0,1.9,중립,양봉,전고점부근,0.45,0.19,2026-10-06
AVAH,1.5,12.22,3304844,2175622,40.39,39.57,1.0,-0.2,-1.0,매도주의,위꼬리음봉,잔구간,0.17,-0.95,2026-10-06
NOK,1.5,10.97,89573153,59189058,982.62,688.91,1.4,1.1,6.4,강한매수,장대양봉,전고점돌파,0.98,4.08,2026-10-06
BHK,1.5,8.14,668204,431224,5.44,3.83,1.4,0.0,1.1,매수관심,장대양봉,잔구간,1.0,1.3,2026-10-06
TTGT,1.5,3.61,598732,409336,2.16,1.53,1.4,-0.3,-0.8,중립,망치형,잔구간,0.82,0.69,2026-10-06
BSCR,1.5,19.565,1128278,728219,22.07,20.35,1.1,-0.0,0.0,매수관심,양봉,완만한상승,0.5,1.6,2026-10-06
MOMO,1.5,4.77,1711018,1154411,8.16,5.37,1.5,0.0,2.8,매수관심,장대양봉,잔구간,0.84,1.205,2026-10-06
SOPH,1.5,7.38,929102,624341,6.86,4.96,1.4,2.4,-12.1,강한매도,장대음봉,전저점이탈,0.04,-3.3,2026-10-06
CRVO,1.5,3.34,470492,308672,1.57,0.77,2.0,1.5,-0.6,중립,망치형,전고점부근,0.7,0.79,2026-10-06
EGAN,1.5,5.29,354830,241791,1.88,2.06,0.9,0.3,-11.7,강한매도,장대음봉,전저점이탈,0.05,-3.29,2026-10-06
VRDN,1.5,18.22,2196903,1460130,40.03,40.7,1.0,0.0,-4.1,강한매도,장대음봉,전저점이탈,0.14,-3.18,2026-10-06
ABCL,1.5,13.15,9789853,6326200,128.74,73.83,1.7,1.6,-6.1,중립,음봉,잔구간,0.14,-0.565,2026-10-06
ABEV,1.5,3.22,27265729,18683897,87.8,62.94,1.4,0.6,-1.5,매도주의,장대음봉,잔구간,0.0,-1.3,2026-10-06
ABSI,1.5,10.27,5882904,3859200,60.42,46.25,1.3,2.1,-12.7,매도주의,장대음봉,잔구간,0.04,-1.275,2026-10-06
EU,1.5,1.14,3243113,2174264,3.7,5.68,0.7,0.9,5.6,중립,양봉,잔구간,0.62,0.42,2026-10-06
GCMG,1.5,13.18,612320,415006,8.07,6.24,1.3,0.7,-0.7,중립,음봉,완만한상승,0.36,0.03,2026-10-06
IMRX,1.5,3.83,898441,581769,3.44,2.37,1.5,0.5,-5.7,강한매도,장대음봉,전저점이탈,0.07,-3.27,2026-10-06
GENI,1.5,6.22,11365094,7527023,70.69,53.84,1.3,4.7,-0.8,중립,팽이도지,잔구간,0.41,-0.055,2026-10-06
EWZS,1.5,15.96,1431742,953335,22.85,17.61,1.3,2.3,-0.8,매도주의,음봉,전고점부근,0.4,-1.27,2026-10-06
FPE,1.5,17.11,3300755,2138374,56.48,32.53,1.7,0.3,0.1,중립,팽이도지,잔구간,0.75,0.15,2026-10-06
ARCO,1.5,8.12,3014890,1983142,24.48,18.49,1.3,0.0,0.2,중립,위꼬리양봉,완만한상승,0.33,-0.3,2026-10-06
SPAX,1.5,13.11,3020483,2079700,39.6,19.61,2.0,1.4,-0.5,중립,위꼬리음봉,전고점돌파,0.11,-0.47,2026-10-06
SPIR,1.5,10.98,914315,597383,10.04,7.09,1.4,-0.8,1.7,중립,양봉,잔구간,0.58,0.4,2026-10-06
IA,1.5,19.77,309253,201608,6.11,3.59,1.7,1.3,2.1,강한매수,양봉,전고점돌파,0.82,2.58,2026-10-06
ARTV,1.5,7.27,665416,447469,4.84,3.35,1.4,-0.1,2.1,매수관심,양봉,완만한상승,0.76,1.91,2026-10-06
SMR,1.5,8.02,44480262,29625617,356.73,245.95,1.5,4.0,0.4,중립,위꼬리양봉,잔구간,0.23,-0.66,2026-10-06
MIR,1.5,16.27,5582989,3804896,90.84,54.49,1.7,1.7,7.2,강한매수,장대양봉,전고점돌파,0.86,3.93,2026-10-06
RDW,1.4,10.62,18911290,13190532,200.84,150.62,1.3,1.2,0.7,중립,위꼬리양봉,잔구간,0.13,-0.72,2026-10-06
ADCT,1.4,1.27,1352795,987119,1.72,1.6,1.1,1.6,1.6,매수관심,양봉스프링,잔구간,1.0,1.05,2026-10-06
CRVS,1.4,10.56,1441149,1046184,15.22,12.17,1.3,0.1,-1.8,중립,팽이도지,잔구간,0.47,-0.02,2026-10-06
ADTN,1.4,7.62,2556468,1856026,19.48,11.42,1.7,0.7,5.8,강한매수,장대양봉,전고점돌파,0.97,4.06,2026-10-06
VRA,1.4,5.08,551325,403414,2.8,1.8,1.6,0.4,0.8,매수관심,팽이도지,완만한상승,0.62,1.04,2026-10-06
RPC,1.4,7.97,705138,519505,5.62,4.21,1.3,0.9,0.1,강한매도,위꼬리양봉,전고점부근,0.18,-2.83,2026-10-06
RZLT,1.4,4.32,2191788,1616971,9.47,8.24,1.1,7.2,-6.9,매도주의,장대음봉,잔구간,0.35,-1.09,2026-10-06
OVID,1.4,2.37,1735014,1274783,4.11,4.49,0.9,3.4,-2.1,중립,망치형,잔구간,0.59,0.555,2026-10-06
ORIC,1.4,11.98,2091856,1455624,25.06,21.19,1.2,0.9,-4.9,중립,음봉,잔구간,0.4,-0.41,2026-10-06
POEL,1.4,8.05,333272,242064,2.68,1.85,1.5,3.0,-5.3,중립,음봉,잔구간,0.14,-0.565,2026-10-06
AVS,1.4,7.688,13641671,9572822,104.88,74.25,1.4,-1.2,-2.4,매도주의,음봉,전저점이탈,0.31,-1.68,2026-10-06
PLTK,1.4,2.29,1191821,871997,2.73,2.02,1.3,0.5,4.6,강한매수,장대양봉,전고점돌파,0.92,4.0,2026-10-06
PAX,1.4,11.2,1350321,957367,15.12,11.61,1.3,0.6,0.3,매수관심,팽이도지,완만한상승,0.49,0.89,2026-10-06
MPLT,1.4,9.69,495594,355784,4.8,3.93,1.2,-0.4,4.9,중립,양봉,잔구간,0.73,0.49,2026-10-06
NAT,1.4,8.22,6294339,4507803,51.74,39.89,1.3,0.8,-2.6,매도주의,장대음봉,잔구간,0.28,-1.13,2026-10-06
BNC,1.4,5.85,973743,720799,5.7,5.69,1.0,-1.8,-1.8,중립,음봉,잔구간,0.1,-0.59,2026-10-06
BPRE,1.4,13.09,1353030,944754,17.71,12.37,1.4,-0.2,3.1,강한매수,장대양봉,전고점돌파,0.91,3.99,2026-10-06
USA,1.4,5.89,1556046,1088359,9.17,6.11,1.5,0.5,0.9,강한매수,장대양봉,전고점돌파,1.0,4.1,2026-10-06
UUUU,1.4,11.26,9161778,6744876,103.16,77.57,1.3,3.3,0.7,매수관심,팽이도지,완만한상승,0.42,0.8,2026-10-06
SAIL,1.4,19.91,6542895,4661868,130.27,121.7,1.1,1.5,-3.3,중립,음봉,잔구간,0.03,-0.63,2026-10-06
RLAY,1.4,18.74,3879840,2803339,72.71,58.3,1.2,0.6,-3.9,중립,음봉,잔구간,0.43,-0.39,2026-10-06
ARDX,1.4,3.31,5818809,4180200,19.26,13.81,1.4,0.0,-2.4,중립,음봉,잔구간,0.45,-0.38,2026-10-06
SAN,1.4,14.01,10238694,7328079,143.44,127.69,1.1,0.9,-0.1,매도주의,위꼬리음봉,잔구간,0.12,-0.98,2026-10-06
BXMT,1.4,11.25,4940576,3653737,55.58,36.78,1.5,1.0,1.2,중립,양봉,잔구간,0.87,0.57,2026-10-06
SID,1.4,1.23,12124070,8475470,14.91,12.0,1.2,4.0,-4.7,매도주의,장대음봉,잔구간,0.12,-1.23,2026-10-06
TAL,1.4,12.6,2797222,1932700,35.25,29.0,1.2,0.0,2.4,강한매수,양봉,전고점돌파,0.81,2.57,2026-10-06
TAK,1.4,18.1,3097983,2268208,56.07,45.14,1.2,0.9,0.7,중립,양봉,잔구간,0.65,0.44,2026-10-06
SPCQ,1.4,7.905,2379299,1723537,18.81,19.76,1.0,-1.4,-0.4,중립,망치형,전저점이탈,0.88,0.71,2026-10-06
KBWY,1.4,16.46,416568,294009,6.86,4.93,1.4,0.4,0.4,중립,양봉,잔구간,0.42,0.3,2026-10-06
GRAB,1.4,3.07,94582648,66419077,290.37,274.02,1.1,0.2,-3.3,중립,음봉,전저점부근,0.11,-0.42,2026-10-06
HUCK,1.4,3.12,929205,657802,2.9,3.06,0.9,0.6,-2.8,매도주의,음봉,전저점이탈,0.19,-1.82,2026-10-06
IAUX,1.4,1.61,7564799,5233001,12.18,11.9,1.0,0.6,-1.8,중립,음봉,잔구간,0.35,-0.44,2026-10-06
IRD,1.4,4.38,2536785,1832606,11.11,8.88,1.3,1.9,-1.9,중립,망치형,잔구간,0.66,0.595,2026-10-06
FUTG,1.4,4.148,875399,630325,3.63,2.23,1.6,-0.6,6.6,강한매수,장대양봉,완만한상승,0.76,3.21,2026-10-06
CMBT,1.4,19.68,1361028,980421,26.79,20.32,1.3,-1.5,-0.1,중립,팽이도지,잔구간,0.42,-0.05,2026-10-06
ALMU,1.4,13.12,493419,350513,6.47,5.42,1.2,1.2,-0.9,매도주의,위꼬리음봉,잔구간,0.17,-0.95,2026-10-06
CORD,1.4,2.6,18450808,13312436,47.97,41.77,1.1,-2.2,-8.1,매도주의,장대음봉,잔구간,0.27,-1.14,2026-10-06
FPF,1.4,15.77,374246,275245,5.9,4.13,1.4,0.3,0.2,중립,팽이도지,잔구간,0.47,-0.02,2026-10-06
FHTX,1.4,1.97,984692,703958,1.94,6.22,0.3,0.0,-1.5,중립,망치형,잔구간,0.73,0.64,2026-10-06
FRVO,1.4,14.33,13027168,9598666,186.68,128.67,1.5,1.0,5.4,중립,양봉,잔구간,0.83,0.55,2026-10-06
YDES,1.4,6.15,439690,308797,2.7,3.73,0.7,-2.4,-11.4,중립,음봉,잔구간,0.5,-0.35,2026-10-06
CYRX,1.4,17.8,1169995,832042,20.83,13.35,1.6,1.2,-3.1,매도주의,장대음봉,잔구간,0.39,-1.065,2026-10-06
EIDO,1.4,11.93,792444,570998,9.45,13.96,0.7,0.6,-0.5,매도주의,장대음봉,잔구간,0.0,-1.3,2026-10-06
ENTX,1.4,2.53,621167,430943,1.57,1.53,1.0,1.5,-4.9,강한매도,장대음봉,전저점이탈,0.0,-3.35,2026-10-06
ENIC,1.4,4.36,587525,415613,2.56,2.11,1.2,0.9,0.2,중립,위꼬리양봉,잔구간,0.33,-0.6,2026-10-06
ZGN,1.3,12.5,1062549,830524,13.28,11.21,1.2,1.0,-1.3,중립,음봉,수횡파,0.17,-0.5,2026-10-06
ACHR,1.3,4.65,26361635,19814512,122.58,116.02,1.1,0.4,-1.9,매도주의,음봉,전저점이탈,0.23,-1.77,2026-10-06
ACH,1.3,0.466,2316476,1737403,1.08,1.06,1.0,2.9,0.5,중립,팽이도지,잔구간,0.4,-0.06,2026-10-06
CWVX,1.3,16.73,1527653,1172385,25.56,19.45,1.3,3.3,6.4,강한매수,장대양봉,완만한상승,0.66,3.09,2026-10-06
VXX,1.3,16.75,10010513,7423276,167.68,132.63,1.3,-1.2,-1.4,강한매도,장대음봉,전저점이탈,0.04,-3.3,2026-10-06
WDI,1.3,11.76,511837,388977,6.02,4.68,1.3,-0.2,0.7,강한매수,장대양봉,수횡파,0.8,3.96,2026-10-06
VNET,1.3,5.4,7132161,5643190,38.51,27.96,1.4,0.3,-1.1,중립,팽이도지,잔구간,0.43,-0.04,2026-10-06
ADUR,1.3,11.79,314138,246397,3.7,2.87,1.3,0.9,-3.7,강한매도,장대음봉,전저점이탈,0.03,-3.31,2026-10-06
VVR,1.3,2.89,864566,661034,2.5,2.03,1.2,0.3,0.3,매수관심,양봉,완만한상승,0.67,1.8,2026-10-06
VSTM,1.3,7.75,2513883,1989818,19.48,17.07,1.1,1.0,-4.1,매도주의,장대음봉,잔구간,0.11,-1.235,2026-10-06
UPB,1.3,4.59,1062306,841799,4.88,3.58,1.4,-0.2,-5.2,강한매도,장대음봉,전저점이탈,0.18,-3.13,2026-10-06
VIPS,1.3,12.75,3225529,2528761,41.13,33.05,1.2,-0.2,0.5,강한매수,양봉스프링,완만한상승,0.87,2.84,2026-10-06
VIR,1.3,11.6,2586736,1959176,30.01,21.55,1.4,1.0,-2.5,중립,음봉,잔구간,0.54,-0.325,2026-10-06
VNDA,1.3,4.52,1801117,1400347,8.14,6.53,1.2,0.4,-1.7,중립,음봉,잔구간,0.53,-0.33,2026-10-06
XRX,1.3,2.93,2421204,1897239,7.09,6.39,1.1,0.7,-3.6,강한매도,장대음봉,전저점이탈,0.13,-3.19,2026-10-06
IOVA,1.3,12.96,18953940,14100545,245.64,286.26,0.9,0.4,-8.8,매도주의,장대음봉,잔구간,0.03,-1.28,2026-10-06
IREG,1.3,7.68,1296761,971798,9.96,6.97,1.4,1.9,1.7,중립,위꼬리양봉,잔구간,0.45,-0.53,2026-10-06
CEPL,1.3,4.35,447579,350618,1.95,1.99,1.0,1.0,3.8,중립,양봉,잔구간,0.89,0.585,2026-10-06
URG,1.3,1.12,8882993,6841931,9.95,7.46,1.3,0.9,4.7,매수관심,장대양봉,잔구간,0.71,1.125,2026-10-06
TMQ,1.3,2.97,1473769,1149695,4.38,3.7,1.2,0.7,-2.9,매도주의,음봉,전저점이탈,0.28,-1.71,2026-10-06
TTI,1.3,6.14,2378178,1898424,14.6,11.11,1.3,4.6,-2.7,매도주의,음봉,전고점부근,0.4,-1.27,2026-10-06
SUZ,1.3,8.4,2838029,2217564,23.84,26.15,0.9,1.3,-1.6,매도주의,장대음봉,잔구간,0.05,-1.27,2026-10-06
ANGO,1.3,14.42,847575,660650,12.22,10.09,1.2,0.5,-7.6,강한매도,장대음봉,전저점이탈,0.13,-3.19,2026-10-06
SPCH,1.3,12.91,33691674,25067851,434.96,221.73,2.0,1.3,0.0,중립,위꼬리양봉,전고점돌파,0.16,0.09,2026-10-06
SNAP,1.3,5.78,37297662,28933024,215.58,165.13,1.3,1.6,1.4,중립,양봉,전고점부근,0.63,0.41,2026-10-06
ARHS,1.3,9.92,1990017,1576092,19.74,17.26,1.1,2.2,-4.0,매도주의,장대음봉,잔구간,0.08,-1.25,2026-10-06
CRNC,1.3,8.07,658433,515939,5.31,4.33,1.2,1.0,-0.1,중립,팽이도지,잔구간,0.44,-0.035,2026-10-06
DRN,1.3,8.38,1785333,1422119,14.96,14.36,1.0,0.6,2.7,매수관심,장대양봉,잔구간,0.69,1.115,2026-10-06
APLE,1.3,16.33,2961310,2202965,48.36,42.05,1.2,0.3,-0.7,매도주의,위꼬리음봉,잔구간,0.11,-0.985,2026-10-06
BBOT,1.3,3.5,660105,511677,2.31,2.52,0.9,0.0,-2.8,매도주의,음봉,전저점이탈,0.08,-1.95,2026-10-06
RCEL,1.3,12.99,409884,322410,5.32,4.25,1.3,1.0,-2.9,중립,음봉,잔구간,0.54,-0.325,2026-10-06
QUBT,1.3,7.86,7758041,6133362,60.98,66.44,0.9,1.3,-2.2,중립,음봉,전저점부근,0.02,-0.53,2026-10-06
PUSA,1.3,2.855,2209684,1763684,6.31,4.47,1.4,4.0,-5.1,중립,음봉,전저점부근,0.01,-0.54,2026-10-06
EIKN,1.3,7.51,611020,460190,4.59,4.08,1.1,1.7,-2.1,중립,음봉,잔구간,0.2,-0.53,2026-10-06
PMT,1.3,8.03,2997695,2224319,24.07,17.49,1.4,0.9,1.1,중립,양봉,잔구간,1.0,0.65,2026-10-06
BCAX,1.3,16.56,981197,730560,16.25,15.34,1.1,0.8,-5.0,강한매도,장대음봉,전저점이탈,0.21,-3.1,2026-10-06
POWW,1.3,2.16,579221,446898,1.25,1.08,1.2,0.9,-4.4,강한매도,장대음봉,전저점이탈,0.09,-3.24,2026-10-06
PTA,1.3,17.18,397030,310343,6.82,5.41,1.3,0.6,0.2,매수관심,양봉스프링,잔구간,1.0,1.05,2026-10-06
DYN,1.3,15.4,4101426,3116803,63.16,47.77,1.3,0.4,-0.6,중립,망치형,잔구간,0.71,0.625,2026-10-06
RXT,1.3,4.02,6063369,4624753,24.37,19.26,1.3,1.3,1.8,중립,위꼬리양봉,완만한상승,0.29,-0.35,2026-10-06
RDWU,1.3,5.82,826167,656046,4.81,3.99,1.2,1.6,1.2,중립,위꼬리양봉,잔구간,0.11,-0.735,2026-10-06
ECVT,1.3,10.37,1451230,1078903,15.05,10.64,1.4,0.9,-0.9,중립,음봉,완만한상승,0.33,-0.0,2026-10-06
SCZM,1.3,8.96,375327,295384,3.36,3.51,1.0,0.6,-0.2,중립,팽이도지,잔구간,0.6,0.06,2026-10-06
EDD,1.3,5.33,474064,356152,2.53,2.13,1.2,0.8,0.9,중립,양봉,잔구간,1.0,0.65,2026-10-06
SECZ,1.3,12.7,4450199,3502965,56.52,80.99,0.7,1.7,6.7,중립,양봉,잔구간,0.57,0.39,2026-10-06
ARCT,1.3,13.0,885091,668956,11.51,12.13,0.9,0.3,-11.6,매도주의,장대음봉,잔구간,0.01,-1.295,2026-10-06
OABI,1.3,4.35,2002425,1507791,8.71,6.36,1.4,-1.4,-10.3,강한매도,장대음봉,전저점이탈,0.17,-3.15,2026-10-06
BITI,1.3,17.2,1759940,1320433,30.27,23.42,1.3,-0.3,0.4,강한매수,양봉스프링,완만한상승,0.84,2.81,2026-10-06
CERT,1.3,9.27,3946120,2942170,36.58,26.59,1.4,0.0,-7.9,매도주의,장대음봉,잔구간,0.08,-1.25,2026-10-06
LAES,1.3,2.42,4254129,3257891,10.29,9.17,1.1,1.2,-0.8,매도주의,위꼬리음봉,완만한상승,0.0,-1.2,2026-10-06
IKT,1.3,1.98,583837,455713,1.16,1.01,1.1,-1.5,0.5,중립,위꼬리양봉,잔구간,0.33,-0.6,2026-10-06
HELP,1.3,10.76,1479051,1155951,15.91,16.82,0.9,-0.6,-5.2,강한매도,장대음봉,전저점이탈,0.29,-3.0,2026-10-06
CIFG,1.3,3.425,2386148,1798474,8.17,5.25,1.6,0.6,-0.4,중립,팽이도지,잔구간,0.54,0.025,2026-10-06
HR,1.3,17.04,5274447,4129300,89.88,79.0,1.1,0.2,-0.4,매도주의,위꼬리음봉,전저점부근,0.14,-1.18,2026-10-06
FTNY,1.3,7.33,480537,377545,3.52,2.63,1.3,0.7,-0.5,중립,음봉,완만한상승,0.47,0.16,2026-10-06
FRNM,1.3,16.36,712305,552248,11.65,8.91,1.3,-0.1,-2.7,중립,음봉,잔구간,0.21,-0.525,2026-10-06
XRPNW,1.3,3.87,1198247,943780,4.64,2.36,2.0,5.3,-3.3,강한매수,망치형,완만한상승,0.77,2.22,2026-10-06
XIFR,1.3,10.38,1350552,1013960,14.02,10.75,1.3,1.5,0.4,중립,위꼬리양봉,잔구간,0.43,-0.54,2026-10-06
AAOG,1.3,3.44,5650324,4313566,19.44,9.83,2.0,6.6,7.2,강한매수,장대양봉,전고점돌파,0.91,3.99,2026-10-06
COSM,1.3,0.32,4475666,3436113,1.43,2.02,0.7,-1.4,-6.2,매도주의,음봉,전저점이탈,0.18,-1.83,2026-10-06
CLM,1.3,6.52,2221443,1713467,14.48,10.67,1.4,0.2,1.6,강한매수,장대양봉,전고점돌파,0.92,4.0,2026-10-06
GORO,1.3,3.37,1212011,925930,4.08,3.95,1.0,1.5,2.1,중립,양봉,잔구간,1.0,0.65,2026-10-06
ETY,1.3,14.27,563136,432357,8.04,5.54,1.5,0.5,0.1,매수관심,양봉스프링,전고점부근,0.75,1.35,2026-10-06
OOMA,1.3,19.86,624570,485547,12.4,10.09,1.2,-1.9,-3.6,매도주의,음봉,전저점이탈,0.21,-1.8,2026-10-06
ESRT,1.3,4.43,5663617,4442084,25.09,18.25,1.4,1.7,3.0,강한매수,장대양봉,전고점돌파,0.81,3.87,2026-10-06
BETR,1.3,11.21,697114,548408,7.81,8.56,0.9,2.2,-1.4,매수관심,팽이도지,완만한상승,0.48,0.88,2026-10-06
NKLR,1.3,3.6,301092,231631,1.08,1.35,0.8,1.2,3.4,매수관심,양봉,완만한상승,0.41,1.49,2026-10-06
BSCW,1.3,19.665,564708,445509,11.1,9.05,1.2,0.2,0.0,매수관심,팽이도지,완만한상승,0.5,0.9,2026-10-06
JPC,1.3,6.74,3676614,2756932,24.78,17.67,1.4,0.5,1.2,강한매수,양봉,완만한상승,1.0,2.2,2026-10-06
NUVB,1.3,4.88,6653858,5070968,32.47,32.04,1.0,0.2,-1.6,중립,음봉,잔구간,0.62,-0.28,2026-10-06
PDM,1.3,9.03,1854349,1478190,16.74,14.09,1.2,0.3,0.4,중립,위꼬리양봉,잔구간,0.29,-0.625,2026-10-06
PFXF,1.3,17.75,1075293,800921,19.09,14.52,1.3,0.3,0.0,중립,위꼬리양봉,완만한상승,0.14,-0.53,2026-10-06
DBVT,1.2,9.98,558006,482723,5.57,4.65,1.2,1.9,-6.2,강한매도,장대음봉,전저점이탈,0.19,-3.12,2026-10-06
YSS,1.2,8.03,1955435,1607602,15.7,19.7,0.8,0.7,-4.0,중립,음봉,전저점부근,0.12,-0.41,2026-10-06
AERO,1.2,16.73,413740,339031,6.92,5.25,1.3,1.4,6.4,강한매수,장대양봉,전고점부근,1.0,2.15,2026-10-06
WOOF,1.2,2.22,2773700,2348436,6.16,5.25,1.2,0.5,1.4,중립,양봉,잔구간,0.63,0.43,2026-10-06
SIGA,1.2,3.29,795038,643797,2.62,2.42,1.1,0.0,-5.5,매도주의,장대음봉,잔구간,0.24,-1.155,2026-10-06
SION,1.2,4.75,1261138,1078635,5.99,6.39,0.9,0.6,-2.7,중립,음봉,잔구간,0.64,-0.265,2026-10-06
PLTZ,1.2,7.52,2575658,2139418,19.37,21.42,0.9,-1.4,-1.4,중립,음봉,잔구간,0.57,-0.31,2026-10-06
PRCH,1.2,17.17,1590824,1363672,27.31,27.18,1.0,0.0,-1.0,매도주의,위꼬리음봉,잔구간,0.11,-0.985,2026-10-06
EH,1.2,4.1,905421,747584,3.71,2.65,1.4,0.0,1.7,중립,양봉,잔구간,0.56,0.385,2026-10-06
ELDN,1.2,2.45,830325,716020,2.03,2.53,0.8,1.2,-3.2,중립,음봉,잔구간,0.21,-0.525,2026-10-06
QS,1.2,4.65,13590302,11676778,63.19,57.38,1.1,1.2,-0.5,중립,팽이도지,완만한상승,0.3,0.66,2026-10-06
PTY,1.2,10.89,2347194,1897352,25.56,24.79,1.0,-0.7,1.6,강한매수,장대양봉,완만한상승,0.97,3.46,2026-10-06
EMBC,1.2,5.95,1205990,1046428,7.18,5.4,1.3,0.3,0.8,매수관심,팽이도지,완만한상승,0.43,0.82,2026-10-06
RIOT,1.2,18.93,15264515,12979835,288.96,355.47,0.8,0.7,-2.7,매도주의,장대음봉,잔구간,0.04,-1.275,2026-10-06
SBSW,1.2,10.01,4842763,4082625,48.48,57.8,0.8,-0.5,0.4,중립,팽이도지,잔구간,0.57,0.04,2026-10-06
SFL,1.2,13.3,1425376,1203869,18.96,18.12,1.0,-0.5,-1.0,중립,음봉,잔구간,0.51,-0.345,2026-10-06
AREC,1.2,1.7,1424647,1196597,2.42,2.64,0.9,1.1,-3.4,강한매도,장대음봉,전저점이탈,0.0,-3.35,2026-10-06
RYLD,1.2,15.63,471039,393067,7.36,8.3,0.9,0.2,-0.4,중립,음봉,잔구간,0.17,-0.55,2026-10-06
ASTX,1.2,10.92,7620285,6290962,83.21,48.95,1.7,5.3,10.2,매수관심,장대양봉,잔구간,0.68,1.11,2026-10-06
RPD,1.2,12.27,1539481,1278956,18.89,16.68,1.1,1.9,-2.5,중립,음봉,잔구간,0.28,-0.48,2026-10-06
RNA,1.2,7.99,411686,332004,3.29,2.74,1.2,0.4,-0.1,강한매수,망치형,완만한상승,0.72,2.16,2026-10-06
VIXY,1.2,16.1,1683931,1396344,27.11,31.28,0.9,-1.4,-1.3,중립,음봉,잔구간,0.09,-0.595,2026-10-06
TH,1.2,18.54,2097832,1801533,38.89,51.18,0.8,-0.3,-1.7,매도주의,음봉,전저점이탈,0.18,-1.83,2026-10-06
TIC,1.2,8.85,1796562,1446787,15.9,11.63,1.4,1.1,6.0,매수관심,장대양봉,잔구간,0.79,1.175,2026-10-06
TIGR,1.2,4.52,2488479,2118432,11.25,9.51,1.2,0.0,2.7,매수관심,양봉,완만한상승,0.77,1.92,2026-10-06
TKNO,1.2,8.75,376963,316176,3.3,3.12,1.1,0.7,-3.4,중립,음봉,잔구간,0.17,-0.55,2026-10-06
AHCO,1.2,5.77,2529967,2053815,14.6,12.12,1.2,0.3,0.2,중립,위꼬리양봉,완만한상승,0.29,-0.35,2026-10-06
UIS,1.2,2.31,804127,698027,1.86,1.46,1.3,0.9,-1.3,중립,음봉,잔구간,0.06,-0.615,2026-10-06
DNUT,1.2,3.02,2250896,1842773,6.8,5.7,1.2,0.3,4.1,강한매수,장대양봉,전고점돌파,0.8,3.86,2026-10-06
DOLE,1.2,12.72,908173,745626,11.55,9.81,1.2,0.6,-1.2,중립,음봉,잔구간,0.08,-0.6,2026-10-06
APPS,1.2,10.49,3330726,2833452,34.94,37.2,0.9,-0.1,-6.3,매도주의,음봉,전저점이탈,0.15,-1.87,2026-10-06
ALHC,1.2,8.37,10761674,9296362,90.08,92.69,1.0,-0.7,-0.8,중립,팽이도지,잔구간,0.34,-0.095,2026-10-06
SRPT,1.2,17.31,2691452,2233515,46.59,44.37,1.1,0.6,-1.6,중립,음봉,잔구간,0.44,-0.385,2026-10-06
SPXX,1.2,18.72,311094,253543,5.82,5.41,1.1,-0.1,0.4,매수관심,양봉,완만한상승,0.46,1.55,2026-10-06
SOUN,1.2,5.72,18246797,14984729,104.37,89.21,1.2,1.5,-4.2,강한매도,장대음봉,전저점이탈,0.04,-3.3,2026-10-06
SJT,1.2,3.79,494256,403057,1.87,1.85,1.0,-1.9,4.7,강한매수,장대양봉,완만한상승,0.81,3.27,2026-10-06
BGS,1.2,2.44,3296416,2741004,8.04,6.71,1.2,0.4,-4.3,강한매도,장대음봉,전저점이탈,0.27,-3.03,2026-10-06
PAYO,1.2,7.15,2891056,2382115,20.67,19.8,1.0,0.1,-0.1,매도주의,장대음봉,완만한상승,0.0,-1.7,2026-10-06
JANX,1.2,16.79,809847,653117,13.6,13.18,1.0,0.9,0.6,매수관심,팽이도지,완만한상승,0.45,0.84,2026-10-06
JPMpL,1.2,17.01,353839,296369,6.02,5.19,1.2,0.1,0.2,중립,양봉,잔구간,0.5,0.35,2026-10-06
KLAR,1.2,13.25,5022516,4365995,66.55,78.66,0.8,0.2,1.0,중립,양봉,전고점부근,0.65,0.43,2026-10-06
KT,1.2,19.0,2390676,1979387,45.42,31.13,1.5,-0.1,0.0,중립,팽이도지,잔구간,0.26,-0.145,2026-10-06
LBTYK,1.2,8.945,1824771,1460434,16.32,15.07,1.1,0.7,1.0,중립,팽이도지,잔구간,0.57,0.04,2026-10-06
CANE,1.2,12.25,416309,340894,5.1,5.49,0.9,0.0,0.5,강한매수,양봉,전고점돌파,0.69,2.43,2026-10-06
BSCV,1.2,15.825,794163,640328,12.57,13.07,1.0,0.2,-0.0,중립,팽이도지,완만한상승,0.37,0.74,2026-10-06
LION,1.2,11.35,3303749,2735212,37.5,33.31,1.1,1.4,0.2,매수관심,팽이도지,완만한상승,0.48,0.88,2026-10-06
NFGC,1.2,1.6,733592,612810,1.17,1.25,0.9,0.6,1.3,중립,양봉,잔구간,0.83,0.55,2026-10-06
NAC,1.2,10.06,1808330,1528593,18.19,20.7,0.9,-0.4,1.1,중립,양봉,잔구간,0.71,0.475,2026-10-06
BTBT,1.2,1.52,21405805,18347091,32.54,34.26,0.9,1.3,-2.6,중립,음봉,잔구간,0.11,-0.585,2026-10-06
BTE,1.2,4.69,21454822,17823150,100.62,83.04,1.2,-0.4,0.6,매수관심,팽이도지,완만한상승,0.52,0.92,2026-10-06
NX,1.2,18.85,444331,377227,8.38,7.52,1.1,0.9,-1.2,중립,음봉,잔구간,0.25,-0.5,2026-10-06
NVDQ,1.2,7.43,7425952,6038972,55.17,49.54,1.1,-2.4,2.5,매수관심,장대양봉,잔구간,1.0,1.3,2026-10-06
NVCR,1.2,14.97,1764774,1451597,26.42,19.23,1.4,0.5,-2.0,매도주의,위꼬리음봉,잔구간,0.07,-1.01,2026-10-06
NNBR,1.2,4.04,2856628,2404703,11.54,17.79,0.6,0.0,-4.7,매도주의,장대음봉,잔구간,0.24,-1.155,2026-10-06
NXP,1.2,13.22,581327,484833,7.69,5.92,1.3,0.7,0.7,중립,양봉,잔구간,0.58,0.4,2026-10-06
CIFU,1.2,8.33,1160878,971629,9.67,9.64,1.0,-0.2,-0.8,중립,팽이도지,잔구간,0.45,-0.03,2026-10-06
IBTK,1.2,18.975,499213,424984,9.47,13.85,0.7,0.1,-0.0,매수관심,팽이도지,완만한상승,0.5,0.9,2026-10-06
IBRX,1.2,9.69,16886967,14590337,163.63,147.44,1.1,-0.5,-6.2,매도주의,장대음봉,잔구간,0.11,-1.235,2026-10-06
IEP,1.2,6.63,1002784,854447,6.65,6.25,1.1,-0.1,-0.5,중립,음봉,전저점부근,0.3,-0.19,2026-10-06
INMD,1.2,13.99,538127,438239,7.53,5.95,1.3,0.1,-1.1,매도주의,장대음봉,잔구간,0.18,-1.19,2026-10-06
IMDX,1.2,3.38,460089,399112,1.56,1.41,1.1,1.6,-9.4,매도주의,장대음봉,잔구간,0.34,-1.095,2026-10-06
IGR,1.2,11.47,492828,422958,5.65,4.54,1.2,0.5,-0.9,중립,음봉,전저점부근,0.25,-0.25,2026-10-06
GOTU,1.2,2.58,606492,511546,1.56,1.42,1.1,0.0,2.0,중립,양봉,잔구간,1.0,0.65,2026-10-06
GANX,1.2,1.67,646562,522716,1.08,0.99,1.1,0.6,-1.8,중립,음봉,잔구간,0.16,-0.555,2026-10-06
GBDC,1.2,12.19,2165242,1815671,26.39,21.02,1.3,0.2,-1.8,강한매도,장대음봉,전저점이탈,0.05,-3.29,2026-10-06
GDYN,1.2,7.82,800174,687964,6.26,6.0,1.0,0.4,-0.6,중립,망치형,잔구간,0.65,0.59,2026-10-06
GME.WS,1.2,2.12,770123,637311,1.63,1.59,1.0,-2.2,-6.2,중립,음봉,잔구간,0.24,-0.505,2026-10-06
GAU,1.2,2.06,3194901,2557924,6.58,5.01,1.3,1.0,2.5,매수관심,양봉,완만한상승,0.67,1.8,2026-10-06
FSCO,1.2,5.04,1239610,997047,6.25,6.07,1.0,0.0,-0.6,중립,음봉,잔구간,0.49,-0.355,2026-10-06
ABEO,1.2,5.01,1428112,1233657,7.15,5.87,1.2,1.0,-2.9,중립,음봉,잔구간,0.44,-0.385,2026-10-06
FSMB,1.1,19.49,396714,359391,7.73,7.39,1.0,-0.2,0.1,중립,위꼬리양봉,잔구간,0.25,-0.65,2026-10-06
XTND,1.1,2.68,1136410,1012281,3.05,3.71,0.8,0.3,-9.2,강한매도,장대음봉,전저점이탈,0.1,-3.23,2026-10-06
SABS,1.1,2.93,663650,592859,1.94,2.63,0.7,0.6,-6.1,매도주의,장대음봉,잔구간,0.06,-1.265,2026-10-06
MAGN,1.1,11.71,379418,344506,4.44,4.33,1.0,0.9,-0.6,중립,망치형,잔구간,0.56,0.535,2026-10-06
LXU,1.1,10.17,637017,575379,6.48,6.79,1.0,0.0,-0.1,매도주의,위꼬리음봉,잔구간,0.14,-0.965,2026-10-06
LUNL,1.1,3.66,2422667,2172470,8.87,7.13,1.2,3.9,6.1,중립,양봉,잔구간,0.69,0.465,2026-10-06
BW,1.1,5.91,6056194,5309831,35.79,33.46,1.1,1.8,3.0,중립,양봉,잔구간,0.47,0.33,2026-10-06
MBLY,1.1,7.47,6365375,5900572,47.55,51.48,0.9,-1.6,0.1,매수관심,양봉스프링,잔구간,0.91,0.995,2026-10-06
ATTO,1.1,17.5,521652,493387,9.13,9.38,1.0,0.0,-2.8,중립,음봉,수횡파,0.21,-0.45,2026-10-06
CLPT,1.1,11.01,904741,800922,9.96,12.23,0.8,0.7,-5.1,중립,음봉,잔구간,0.34,-0.445,2026-10-06
FWDI,1.1,8.14,2051702,1935061,16.7,17.67,0.9,0.1,0.2,중립,팽이도지,잔구간,0.33,-0.1,2026-10-06
VSTS,1.1,13.92,1328606,1204355,18.49,19.13,1.0,0.4,-1.0,매도주의,위꼬리음봉,잔구간,0.09,-0.995,2026-10-06
VOXR,1.1,5.13,502363,450906,2.58,2.28,1.1,0.4,1.6,중립,양봉,잔구간,0.51,0.355,2026-10-06
AES,1.1,14.93,9704459,9192727,144.89,140.16,1.0,-0.1,0.3,강한매수,장대양봉,완만한상승,0.83,3.3,2026-10-06
ADRX,1.1,18.58,1034934,949645,19.23,28.8,0.7,0.0,-2.5,중립,음봉,잔구간,0.37,-0.43,2026-10-06
VGZ,1.1,2.68,2255473,2147770,6.04,7.37,0.8,0.4,2.3,매수관심,양봉,수횡파,0.87,1.74,2026-10-06
VFC,1.1,14.45,11383979,10481212,164.5,139.24,1.2,0.5,0.8,매수관심,팽이도지,완만한상승,0.74,1.19,2026-10-06
VEEA,1.1,4.94,1828486,1684828,9.03,69.29,0.1,-13.6,0.0,중립,팽이도지,잔구간,0.59,0.055,2026-10-06
LITZ,1.1,17.15,2003104,1746672,34.35,41.33,0.8,-1.2,-6.7,매도주의,장대음봉,전저점부근,0.04,-1.8,2026-10-06
SANA,1.1,2.75,3759384,3372048,10.34,11.61,0.9,2.1,-6.5,강한매도,장대음봉,전저점이탈,0.04,-3.3,2026-10-06
CVM,1.1,2.74,470189,437280,1.29,0.65,2.0,0.0,13.2,중립,양봉,전고점부근,0.83,0.65,2026-10-06
CTVA,1.1,13.91,45132468,41432288,627.79,654.94,1.0,5.6,6.3,매수관심,장대양봉,잔구간,0.88,1.23,2026-10-06
LAND,1.1,9.66,628161,582144,6.07,5.41,1.1,0.0,-0.2,중립,팽이도지,잔구간,0.25,-0.15,2026-10-06
LABD,1.1,7.97,29444413,25706042,234.67,191.97,1.2,-1.4,11.5,강한매수,장대양봉,전고점돌파,0.82,3.88,2026-10-06
CCC,1.1,6.65,7875526,7483948,52.37,71.92,0.7,0.9,0.2,매수관심,양봉스프링,잔구간,0.81,0.935,2026-10-06
SFD,1.1,18.78,1772135,1686358,33.28,33.45,1.0,0.2,0.1,중립,팽이도지,잔구간,0.36,-0.085,2026-10-06
UROY,1.1,4.24,3302107,2886707,14.0,11.31,1.2,1.5,2.7,매수관심,양봉,완만한상승,0.47,1.56,2026-10-06
OPFI,1.1,6.18,621051,587071,3.84,3.99,1.0,0.2,2.1,중립,양봉,잔구간,0.96,0.625,2026-10-06
OPEN,1.1,2.27,30645554,28409772,69.57,72.28,1.0,1.1,-2.8,매도주의,장대음봉,잔구간,0.13,-1.22,2026-10-06
CRK,1.1,13.65,2473055,2250967,33.76,33.43,1.0,-0.2,4.7,매수관심,장대양봉,잔구간,0.89,1.235,2026-10-06
EQX,1.1,11.38,12199760,11461510,138.83,146.68,0.9,0.4,0.9,매수관심,팽이도지,완만한상승,0.62,1.04,2026-10-06
UWMC,1.1,1.2,13772097,12130856,16.53,15.03,1.1,0.8,-7.7,매도주의,장대음봉,잔구간,0.25,-1.15,2026-10-06
DQ,1.1,11.08,522923,456269,5.79,6.15,0.9,1.3,-0.9,중립,음봉,완만한상승,0.41,0.09,2026-10-06
LTGO,1.1,16.26,545010,484650,8.86,7.6,1.2,0.8,-3.0,매도주의,장대음봉,잔구간,0.24,-1.155,2026-10-06
MFM,1.1,4.94,833516,790562,4.12,3.75,1.1,0.2,3.1,강한매수,장대양봉,완만한상승,0.79,3.25,2026-10-06
MFIC,1.1,8.5,785987,685783,6.68,6.05,1.1,0.4,-0.5,중립,음봉,잔구간,0.25,-0.5,2026-10-06
MFA,1.1,7.28,2694637,2521456,19.62,17.56,1.1,0.0,-1.0,중립,음봉,잔구간,0.31,-0.465,2026-10-06
MDXG,1.1,4.62,1050127,964857,4.85,5.05,1.0,0.9,0.7,매수관심,양봉스프링,잔구간,0.82,0.94,2026-10-06
ASM,1.1,5.57,2539325,2410465,14.14,15.57,0.9,0.4,-0.5,중립,팽이도지,잔구간,0.58,0.05,2026-10-06
RLJ,1.1,11.18,2084795,1967936,23.31,18.97,1.2,0.6,-0.4,매도주의,위꼬리음봉,수횡파,0.09,-1.39,2026-10-06
RGTI,1.1,15.17,14820272,13142155,224.82,250.49,0.9,0.9,-0.7,매도주의,위꼬리음봉,잔구간,0.23,-0.91,2026-10-06
REPL,1.1,13.25,2617970,2397404,34.69,30.11,1.2,0.2,0.6,매수관심,팽이도지,완만한상승,0.59,1.01,2026-10-06
CAL,1.1,12.46,453046,427328,5.64,5.62,1.0,0.8,0.9,강한매수,양봉스프링,완만한상승,0.83,2.8,2026-10-06
AGEN,1.1,7.49,1527349,1434390,11.44,11.31,1.0,-2.7,-11.8,강한매도,장대음봉,전저점이탈,0.02,-3.33,2026-10-06
UGP,1.1,7.74,5244401,4927660,40.59,36.81,1.1,1.4,-1.8,매도주의,장대음봉,잔구간,0.04,-1.275,2026-10-06
HBAN,1.1,15.33,30266727,27274393,463.99,456.4,1.0,0.1,0.1,중립,팽이도지,잔구간,0.43,-0.04,2026-10-06
PDI,1.1,14.4,4573834,4183517,65.86,69.61,0.9,0.3,1.1,강한매수,양봉,완만한상승,1.0,2.2,2026-10-06
NIO,1.1,3.48,30394894,26779667,105.77,108.37,1.0,-0.1,1.9,매수관심,양봉,완만한상승,0.67,1.8,2026-10-06
PANL,1.1,8.41,385555,350657,3.24,3.14,1.0,0.0,-1.4,중립,음봉,잔구간,0.36,-0.435,2026-10-06
DGXX,1.1,3.63,2865821,2655462,10.4,11.33,0.9,3.5,-6.0,매도주의,장대음봉,전저점부근,0.18,-1.63,2026-10-06
UVXY,1.1,16.07,6261928,5561296,100.63,119.72,0.8,-2.3,-1.5,매도주의,음봉,전저점이탈,0.18,-1.83,2026-10-06
PDYN,1.1,5.36,891128,833107,4.78,4.65,1.0,1.6,3.1,중립,양봉,잔구간,0.81,0.535,2026-10-06
AGPU,1.1,12.29,362170,319532,4.45,3.85,1.2,1.0,-6.3,매도주의,장대음봉,잔구간,0.3,-1.12,2026-10-06
GRML,1.1,6.38,4861692,4421732,31.02,333.21,0.1,2.0,-14.8,강한매도,장대음봉,전저점이탈,0.22,-3.09,2026-10-06
KYN,1.1,14.24,383689,363149,5.46,4.62,1.2,-0.1,1.4,강한매수,장대양봉,전고점돌파,1.0,4.1,2026-10-06
KULR,1.1,2.59,570224,515947,1.48,1.54,1.0,0.8,0.8,매수관심,팽이도지,완만한상승,0.71,1.15,2026-10-06
KOS,1.1,2.6,16321897,14939979,42.44,36.97,1.1,0.8,2.4,매수관심,양봉,완만한상승,0.77,1.92,2026-10-06
KLC,1.1,2.0,816035,728141,1.63,1.4,1.2,3.3,7.0,매수관심,장대양봉,잔구간,1.0,1.3,2026-10-06
KEP,1.1,11.32,750299,657295,8.49,7.58,1.1,1.1,0.3,매수관심,양봉스프링,전고점부근,0.82,1.43,2026-10-06
JMKE,1.1,16.43,3838436,3626206,63.07,66.18,1.0,0.3,1.8,중립,양봉,잔구간,0.7,0.47,2026-10-06
SKDD,1.1,7.07,3696141,3328392,26.13,25.39,1.0,3.2,8.9,강한매수,장대양봉,완만한상승,0.85,3.32,2026-10-06
ARX,1.1,19.73,1545581,1440311,30.49,35.84,0.9,0.0,0.0,중립,위꼬리양봉,완만한상승,0.0,-0.7,2026-10-06
ARR,1.1,13.49,5396131,5049188,72.79,63.52,1.1,0.5,-0.8,중립,음봉,잔구간,0.51,-0.345,2026-10-06
MICC,1.1,17.18,951842,831412,16.35,14.12,1.2,0.8,-0.3,매도주의,위꼬리음봉,잔구간,0.04,-1.025,2026-10-06
RAMZ,1.1,14.2,452364,418194,6.42,5.49,1.2,2.7,4.2,강한매수,장대양봉,완만한상승,1.0,3.5,2026-10-06
RAM,1.1,13.25,8659637,8092412,114.74,118.63,1.0,-2.7,-4.3,매도주의,장대음봉,잔구간,0.01,-1.295,2026-10-06
RA,1.1,11.6,388144,351108,4.5,3.61,1.2,0.3,1.3,강한매수,장대양봉,완만한상승,1.0,3.5,2026-10-06
ITUB,1.1,10.15,52293431,47936076,530.78,327.62,1.6,1.9,0.4,매수관심,양봉스프링,전고점부근,0.78,1.39,2026-10-06
TE,1.1,3.8,19792297,18691754,75.21,76.35,1.0,2.4,0.3,중립,위꼬리양봉,완만한상승,0.21,-0.45,2026-10-06
GSM,1.1,4.34,1282663,1124527,5.57,4.47,1.2,0.2,-1.1,중립,음봉,잔구간,0.11,-0.585,2026-10-06
GRPN,1.1,18.84,1010851,902465,19.04,19.74,1.0,0.4,-4.8,매도주의,장대음봉,잔구간,0.3,-1.12,2026-10-06
TSSI,1.1,10.39,836089,752111,8.69,10.4,0.8,4.6,-1.1,매수관심,팽이도지,전고점돌파,0.46,1.45,2026-10-06
TSLZ,1.1,10.55,1578008,1448796,16.65,27.57,0.6,-1.7,0.7,중립,양봉,잔구간,0.52,0.36,2026-10-06
TSLQ,1.1,16.74,3921133,3475914,65.64,82.34,0.8,-1.5,0.7,중립,양봉,잔구간,0.58,0.4,2026-10-06
TSHA,1.1,4.39,4835615,4438603,21.23,22.88,0.9,0.4,-2.7,중립,음봉,전저점부근,0.42,-0.05,2026-10-06
CRML,1.1,7.36,4904489,4585359,36.1,72.49,0.5,-0.7,-1.3,중립,음봉,잔구간,0.0,-0.65,2026-10-06
AVPT,1.1,14.59,3732238,3361248,54.45,36.09,1.5,0.8,-1.2,매도주의,위꼬리음봉,잔구간,0.09,-0.995,2026-10-06
EPRX,1.1,7.74,1636358,1496855,12.67,10.1,1.3,0.8,-0.9,매도주의,위꼬리음봉,잔구간,0.18,-0.94,2026-10-06
SNDL,1.1,1.23,1384042,1217668,1.7,1.63,1.0,0.0,-1.6,중립,음봉,전저점부근,0.43,-0.03,2026-10-06
INGN,1.1,5.77,352894,325427,2.04,2.61,0.8,0.0,-2.9,매도주의,장대음봉,잔구간,0.02,-1.29,2026-10-06
INFY,1.1,10.55,20107851,18410152,212.14,205.8,1.0,-0.3,-1.7,매도주의,장대음봉,잔구간,0.24,-1.155,2026-10-06
DSGN,1.1,11.97,642530,577682,7.69,6.74,1.1,-0.1,-3.5,중립,음봉,잔구간,0.26,-0.495,2026-10-06
DRTS,1.1,14.48,427517,374615,6.19,6.37,1.0,0.6,-3.3,매도주의,장대음봉,잔구간,0.13,-1.22,2026-10-06
IMSR,1.1,3.93,1511088,1337428,5.94,5.15,1.2,1.3,3.4,중립,양봉,잔구간,0.45,0.32,2026-10-06
AOD,1.1,10.2,470594,420583,4.8,4.08,1.2,0.2,1.0,중립,양봉,잔구간,0.89,0.585,2026-10-06
CIG,1.1,2.36,4134559,3814843,9.76,12.2,0.8,0.4,-1.3,중립,음봉,잔구간,0.0,-0.65,2026-10-06
TBLA,1.1,3.23,2431262,2211496,7.85,6.87,1.1,0.9,-2.1,중립,음봉,잔구간,0.4,-0.41,2026-10-06
TALO,1.1,16.76,1926768,1812995,32.29,31.32,1.0,-0.8,-0.7,중립,음봉,잔구간,0.14,-0.565,2026-10-06
HNST,1.1,5.03,1474753,1367377,7.42,7.92,0.9,0.8,-3.1,매도주의,장대음봉,잔구간,0.05,-1.27,2026-10-06
HLLY,1.1,2.32,833295,782381,1.93,2.96,0.7,0.4,0.9,중립,팽이도지,잔구간,0.69,0.115,2026-10-06
AKBA,1.1,0.878,6178611,5811653,5.43,5.04,1.1,-1.0,-2.6,매도주의,장대음봉,잔구간,0.1,-1.24,2026-10-06
SPCE,1.1,3.07,4868362,4291727,14.95,14.43,1.0,1.0,-0.3,매도주의,위꼬리음봉,완만한상승,0.2,-0.96,2026-10-06
EMAT,1.1,1.92,1494140,1321692,2.87,3.46,0.8,-2.7,-4.0,매도주의,음봉,전저점이탈,0.15,-1.87,2026-10-06
POET,1.1,7.71,8123480,7566921,62.63,58.49,1.1,1.3,-2.5,중립,음봉,잔구간,0.13,-0.57,2026-10-06
FLO,1.1,5.74,7459416,6924401,42.82,43.14,1.0,0.0,2.5,매수관심,양봉,완만한상승,0.8,1.96,2026-10-06
FLNC,1.1,8.03,6097678,5701773,48.96,54.16,0.9,1.6,3.3,매수관심,양봉,완만한상승,0.7,1.84,2026-10-06
CRTO,1.1,14.8,393755,372764,5.83,5.12,1.1,0.7,1.4,중립,양봉,잔구간,0.92,0.6,2026-10-06
CRMU,1.1,2.07,837474,744487,1.73,2.67,0.6,-1.4,-2.4,중립,음봉,잔구간,0.04,-0.625,2026-10-06
DSL,1.1,9.9,855623,811279,8.47,9.21,0.9,0.6,0.2,매수관심,양봉스프링,잔구간,1.0,1.05,2026-10-06
STGW,1.1,8.5,1488982,1409756,12.66,11.16,1.1,0.5,-0.8,중립,음봉,잔구간,0.46,-0.375,2026-10-06
SRFM,1.1,1.01,9693849,8790250,9.79,10.65,0.9,5.2,7.8,매수관심,양봉,완만한상승,0.56,1.67,2026-10-06
PLAY,1.1,6.86,2044324,1931917,14.02,13.94,1.0,1.0,0.4,중립,위꼬리양봉,완만한상승,0.2,-0.46,2026-10-06
MYGN,1.1,4.28,1801506,1628617,7.71,7.96,1.0,0.9,-7.4,중립,음봉,잔구간,0.1,-0.59,2026-10-06
MSTZ,1.1,2.345,66034105,58266717,154.85,137.87,1.1,-1.7,1.5,매수관심,팽이도지,수횡파,0.72,0.86,2026-10-06
BCE,1.1,19.75,4953840,4613514,97.84,96.7,1.0,-0.2,0.3,매수관심,양봉스프링,잔구간,0.94,1.015,2026-10-06
BB,1.1,9.58,21716763,20591323,208.05,232.35,0.9,1.5,3.9,강한매수,장대양봉,전고점돌파,0.72,3.76,2026-10-06
HRL,1.1,19.88,6383633,5659117,126.91,101.68,1.2,0.0,-1.0,매도주의,장대음봉,잔구간,0.23,-1.16,2026-10-06
WIT,1.1,1.68,8276076,7348897,13.9,16.26,0.9,-0.6,0.0,중립,팽이도지,잔구간,0.33,-0.1,2026-10-06
WFCpZ,1.1,16.79,390045,362927,6.55,7.55,0.9,0.2,-0.1,매도주의,위꼬리음봉,잔구간,0.15,-0.96,2026-10-06
VUZI,1.1,2.93,1035992,927226,3.04,3.27,0.9,1.7,-3.3,중립,음봉,잔구간,0.09,-0.595,2026-10-06
ACI,1.1,11.48,7040496,6577762,80.82,81.11,1.0,0.0,-0.3,중립,팽이도지,잔구간,0.44,-0.035,2026-10-06
BEZ,1.1,4.345,6217987,5581843,27.02,32.04,0.8,-6.3,-0.1,중립,팽이도지,잔구간,0.35,-0.09,2026-10-06
NWG,1.1,17.67,4467999,4196353,78.95,73.64,1.1,0.9,0.1,중립,위꼬리양봉,잔구간,0.21,-0.675,2026-10-06
NUV,1.1,8.24,2031893,1899470,16.74,17.09,1.0,0.1,1.1,강한매수,양봉,완만한상승,0.84,2.01,2026-10-06
ONDS,1.1,7.41,48924402,45839493,362.53,455.28,0.8,0.3,-0.4,중립,팽이도지,잔구간,0.28,-0.13,2026-10-06
ONDG,1.1,2.17,3511862,3273229,7.62,10.32,0.7,0.5,-0.9,중립,팽이도지,잔구간,0.31,-0.115,2026-10-06
AAL,1.1,13.0,64554863,57552870,839.21,866.29,1.0,1.4,-0.1,중립,팽이도지,잔구간,0.32,-0.11,2026-10-06
ZH,1.1,3.42,533019,497196,1.82,2.16,0.8,0.9,0.6,중립,팽이도지,잔구간,0.69,0.115,2026-10-06
YLD,1.0,18.32,310987,304440,5.7,5.14,1.1,0.4,-0.2,중립,음봉,잔구간,0.0,-0.65,2026-10-06
WRN,1.0,2.17,1099866,1053314,2.39,2.66,0.9,0.9,-0.5,중립,팽이도지,잔구간,0.56,0.035,2026-10-06
OLMA,1.0,7.92,1038941,1040722,8.23,11.09,0.7,0.4,-4.3,매도주의,장대음봉,잔구간,0.24,-1.155,2026-10-06
OLN,1.0,16.21,3863498,3814864,62.63,78.41,0.8,-0.6,0.2,중립,팽이도지,잔구간,0.7,0.12,2026-10-06
OMER,1.0,18.51,1034975,1047286,19.16,27.15,0.7,0.3,-2.3,매도주의,장대음봉,잔구간,0.29,-1.125,2026-10-06
NVDY,1.0,13.05,1700532,1657949,22.19,20.49,1.1,0.7,-0.5,매도주의,음봉,전고점부근,0.07,-1.67,2026-10-06
NVOX,1.0,9.18,450571,465364,4.14,6.64,0.6,-1.2,0.8,매수관심,양봉스프링,잔구간,0.97,1.03,2026-10-06
NWL,1.0,5.55,4660725,4619204,25.87,26.31,1.0,0.9,0.4,매수관심,팽이도지,완만한상승,0.52,0.92,2026-10-06
VCV,1.0,8.95,412187,408835,3.69,3.76,1.0,-0.5,1.7,매수관심,장대양봉,잔구간,0.82,1.19,2026-10-06
CTNM,1.0,12.65,761922,784126,9.64,9.52,1.0,1.3,-1.8,중립,망치형,잔구간,0.68,0.61,2026-10-06
DBI,1.0,5.94,660867,646394,3.93,3.87,1.0,-0.2,-0.3,중립,팽이도지,잔구간,0.28,-0.13,2026-10-06
WULF,1.0,14.97,26156841,25836225,391.57,413.03,0.9,0.8,0.4,중립,팽이도지,잔구간,0.58,0.05,2026-10-06
WYFI,1.0,17.33,1103122,1120932,19.12,22.66,0.8,1.7,-2.4,중립,음봉,잔구간,0.08,-0.6,2026-10-06
BIZD,1.0,12.13,2774889,2853959,33.66,32.47,1.0,0.1,-1.1,강한매도,장대음봉,전저점이탈,0.0,-3.35,2026-10-06
OCFC,1.0,16.75,1052120,1090125,17.62,18.89,0.9,-0.2,-0.2,매도주의,위꼬리음봉,잔구간,0.04,-1.025,2026-10-06
OCGN,1.0,1.04,5293892,5277109,5.51,6.77,0.8,1.0,-1.0,매도주의,위꼬리음봉,완만한상승,0.0,-1.2,2026-10-06
OGN,1.0,13.74,1949012,2028070,26.78,25.44,1.1,0.3,0.0,매수관심,팽이도지,완만한상승,0.5,0.9,2026-10-06
VTEX,1.0,3.8,636355,661290,2.42,2.89,0.8,-0.8,1.1,매수관심,양봉,완만한상승,0.52,1.62,2026-10-06
VYGR,1.0,2.46,617753,637343,1.52,2.1,0.7,0.0,0.0,매수관심,팽이도지,완만한상승,0.59,1.01,2026-10-06
VYX,1.0,6.73,2551034,2652196,17.17,19.37,0.9,0.3,-1.9,매도주의,장대음봉,잔구간,0.23,-1.16,2026-10-06
XPOF,1.0,4.83,941442,957283,4.55,3.92,1.2,1.5,2.5,중립,양봉,전고점부근,0.7,0.49,2026-10-06
BBAI,1.0,2.58,14809985,14201544,38.21,40.58,0.9,1.5,-2.6,매도주의,장대음봉,잔구간,0.18,-1.19,2026-10-06
BBAR,1.0,13.59,678407,712498,9.22,8.42,1.1,1.2,1.2,강한매수,양봉,전고점돌파,0.61,2.33,2026-10-06
BBDC,1.0,8.51,543019,566036,4.62,4.45,1.0,0.8,-1.3,강한매도,장대음봉,전저점이탈,0.04,-3.3,2026-10-06
PHK,1.0,4.2,1706945,1678569,7.17,8.06,0.9,0.5,2.9,강한매수,장대양봉,완만한상승,0.9,3.38,2026-10-06
PHR,1.0,10.25,605064,587747,6.2,6.48,1.0,0.9,-2.0,중립,음봉,수횡파,0.29,-0.35,2026-10-06
PK,1.0,15.25,3608811,3448539,55.03,51.58,1.1,1.0,-1.0,중립,음봉,잔구간,0.13,-0.57,2026-10-06
MTRX,1.0,10.75,619489,590816,6.66,5.42,1.2,0.6,2.6,강한매수,양봉,전고점돌파,0.81,2.57,2026-10-06
PLTD,1.0,4.66,18675274,17905205,87.03,101.36,0.9,-1.1,-0.6,중립,망치형,잔구간,0.6,0.56,2026-10-06
ARCC,1.0,18.64,4897887,4874553,91.3,94.97,1.0,0.2,-1.1,강한매도,장대음봉,전저점이탈,0.15,-3.17,2026-10-06
SPPP,1.0,13.31,319207,317699,4.25,5.42,0.8,-1.4,0.9,중립,양봉,잔구간,0.79,0.525,2026-10-06
SSL,1.0,14.29,1879350,1903098,26.86,27.2,1.0,-0.6,2.3,강한매수,장대양봉,전고점돌파,0.67,3.7,2026-10-06
ALVO,1.0,6.14,1219410,1185679,7.49,7.22,1.0,-0.7,1.2,중립,양봉,잔구간,0.82,0.54,2026-10-06
AMPG,1.0,2.99,718427,719551,2.15,2.28,0.9,1.7,-1.0,중립,음봉,잔구간,0.11,-0.585,2026-10-06
AMTM,1.0,18.77,1893158,1862158,35.53,32.93,1.1,0.9,2.0,중립,양봉,잔구간,0.74,0.495,2026-10-06
STLN,1.0,6.58,985796,959916,6.49,7.21,0.9,1.3,3.1,매수관심,장대양봉,잔구간,0.79,1.175,2026-10-06
STTK,1.0,5.86,1595353,1541548,9.35,10.25,0.9,0.8,-10.5,매도주의,장대음봉,전저점부근,0.01,-1.84,2026-10-06
HYT,1.0,7.81,1177836,1209930,9.2,10.28,0.9,0.3,-0.1,중립,팽이도지,완만한상승,0.41,0.79,2026-10-06
IBTL,1.0,19.445,450365,436963,8.76,10.15,0.9,0.1,-0.0,중립,팽이도지,잔구간,0.38,-0.07,2026-10-06
DSU,1.0,8.92,420790,404915,3.75,3.83,1.0,0.3,1.0,강한매수,장대양봉,완만한상승,1.0,3.5,2026-10-06
CSHR,1.0,4.96,354341,352236,1.76,1.71,1.0,-0.4,2.9,중립,양봉,잔구간,0.69,0.465,2026-10-06
IMMR,1.0,7.17,324106,309557,2.32,2.22,1.0,0.0,-1.4,매도주의,장대음봉,잔구간,0.25,-1.15,2026-10-06
FDMT,1.0,12.56,1170870,1206650,14.71,18.56,0.8,-2.2,-0.6,중립,팽이도지,전저점부근,0.36,0.58,2026-10-06
FJET,1.0,1.63,1288655,1277828,2.1,2.48,0.8,0.6,0.0,중립,팽이도지,잔구간,0.33,-0.1,2026-10-06
PLX,1.0,2.73,934737,922981,2.55,2.24,1.1,1.1,-0.4,강한매수,망치형,완만한상승,0.73,2.18,2026-10-06
PREF,1.0,18.33,361427,360886,6.62,9.45,0.7,0.2,0.1,중립,위꼬리양봉,완만한상승,0.3,-0.34,2026-10-06
PRMB,1.0,19.22,3559481,3396858,68.41,70.41,1.0,0.7,-4.0,매도주의,장대음봉,잔구간,0.06,-1.265,2026-10-06
MPT,1.0,3.3,11712166,12063839,38.65,35.76,1.1,0.0,-0.3,중립,팽이도지,잔구간,0.6,0.06,2026-10-06
MSFD,1.0,9.667,1576192,1541431,15.24,15.41,1.0,-1.1,0.4,매수관심,양봉스프링,잔구간,0.91,0.995,2026-10-06
MSTW,1.0,5.26,1068141,1072873,5.62,6.19,0.9,1.1,-0.9,중립,팽이도지,수횡파,0.27,0.32,2026-10-06
MSTY,1.0,16.77,2415394,2335484,40.51,46.94,0.9,1.0,-0.8,중립,음봉,수횡파,0.21,-0.45,2026-10-06
ELPC,1.0,13.89,722606,703536,10.04,10.26,1.0,1.6,-1.8,매도주의,장대음봉,잔구간,0.24,-1.155,2026-10-06
ANIX,1.0,3.02,344956,337646,1.04,0.98,1.1,0.0,2.4,강한매수,양봉,전고점돌파,0.63,2.36,2026-10-06
ALLO,1.0,1.46,4659678,4631759,6.8,8.69,0.8,0.0,-2.7,중립,음봉,잔구간,0.43,-0.39,2026-10-06
HE,1.0,8.93,3055827,3109974,27.29,26.91,1.0,0.9,0.4,매수관심,양봉스프링,잔구간,0.89,0.985,2026-10-06
HIMX,1.0,14.85,994241,962814,14.76,12.8,1.2,0.7,0.2,매수관심,팽이도지,완만한상승,0.59,1.01,2026-10-06
HITI,1.0,2.72,563630,561027,1.53,1.96,0.8,0.4,-0.7,중립,음봉,잔구간,0.5,-0.35,2026-10-06
HLF,1.0,12.58,1075147,1048068,13.53,15.26,0.9,0.8,-0.2,매도주의,위꼬리음봉,완만한상승,0.11,-1.07,2026-10-06
IIIV,1.0,14.96,457925,441153,6.85,6.51,1.1,0.4,-0.5,중립,망치형,잔구간,0.64,0.585,2026-10-06
SVOL,1.0,16.62,395881,377984,6.58,6.18,1.1,0.0,1.0,강한매수,장대양봉,완만한상승,0.89,3.37,2026-10-06
SXC,1.0,10.04,1233163,1178635,12.38,10.65,1.2,0.5,0.5,매수관심,팽이도지,완만한상승,0.72,1.16,2026-10-06
HPP,1.0,11.58,733461,757420,8.49,7.52,1.1,0.6,2.3,매수관심,장대양봉,잔구간,0.84,1.205,2026-10-06
CHPT,1.0,8.67,1042111,1078295,9.04,12.02,0.8,0.9,-3.8,매도주의,장대음봉,전저점부근,0.14,-1.68,2026-10-06
ANTX,1.0,5.07,318215,309202,1.61,1.51,1.1,-3.9,-5.9,중립,음봉,잔구간,0.11,-0.585,2026-10-06
IMTX,1.0,7.5,974385,950679,7.31,8.46,0.9,0.4,-3.4,매도주의,장대음봉,잔구간,0.09,-1.245,2026-10-06
CGBD,1.0,10.5,501555,494817,5.27,4.81,1.1,0.1,-0.7,매도주의,음봉,전저점이탈,0.06,-1.98,2026-10-06
JFR,1.0,7.38,1093108,1091653,8.07,8.68,0.9,0.3,1.8,강한매수,장대양봉,완만한상승,0.96,3.45,2026-10-06
INDI,1.0,2.85,4114404,3931135,11.73,13.53,0.9,1.7,-3.7,매도주의,장대음봉,잔구간,0.08,-1.25,2026-10-06
INFQ,1.0,12.54,5705761,5846305,71.55,99.2,0.7,1.7,-2.6,중립,음봉,전저점부근,0.09,-0.44,2026-10-06
IONL,1.0,14.72,679651,677386,10.0,15.32,0.7,3.2,-1.5,매도주의,위꼬리음봉,잔구간,0.13,-0.97,2026-10-06
IRE,1.0,9.25,7851622,7649831,72.63,69.12,1.1,2.1,1.8,중립,위꼬리양봉,잔구간,0.47,-0.52,2026-10-06
IREX,1.0,13.49,1385796,1423874,18.69,21.82,0.9,2.3,1.1,중립,팽이도지,잔구간,0.43,-0.04,2026-10-06
IREZ,1.0,9.56,1857119,1945363,17.75,23.36,0.8,-2.4,-1.4,중립,팽이도지,잔구간,0.56,0.035,2026-10-06
EOSE,1.0,3.26,24094378,23978234,78.55,96.12,0.8,0.5,-0.8,매도주의,위꼬리음봉,잔구간,0.21,-0.925,2026-10-06
EOSU,1.0,5.0,342917,340934,1.71,2.68,0.6,0.2,-2.0,매도주의,위꼬리음봉,잔구간,0.17,-0.95,2026-10-06
AVTX,1.0,13.59,955580,940455,12.99,17.16,0.8,-0.1,-6.8,강한매도,장대음봉,전저점이탈,0.27,-3.03,2026-10-06
AWF,1.0,9.63,324222,338343,3.12,3.22,1.0,0.2,1.4,매수관심,장대양봉,잔구간,1.0,1.3,2026-10-06
FATE,1.0,2.29,1135795,1117553,2.6,3.76,0.7,0.0,-5.8,매도주의,장대음봉,잔구간,0.02,-1.29,2026-10-06
KOPN,1.0,4.88,2886707,2906703,14.09,14.88,0.9,1.4,-1.2,중립,음봉,완만한상승,0.11,-0.27,2026-10-06
SKHZ,1.0,9.635,919826,914518,8.86,9.85,0.9,1.8,4.6,강한매수,장대양봉,완만한상승,0.87,3.34,2026-10-06
SLI,1.0,1.73,2218525,2159864,3.84,4.34,0.9,0.0,0.6,매수관심,양봉스프링,잔구간,1.0,1.05,2026-10-06
SLS,1.0,11.34,3982640,4180103,45.16,57.95,0.8,0.0,-2.5,중립,음봉,잔구간,0.41,-0.405,2026-10-06
SMB,1.0,16.93,476469,467238,8.07,6.86,1.2,0.0,0.0,매수관심,팽이도지,완만한상승,0.5,0.9,2026-10-06
SMCX,1.0,15.25,3100217,3260119,47.28,59.61,0.8,3.0,-1.9,중립,음봉,완만한상승,0.25,-0.1,2026-10-06
SMST,1.0,11.51,1570085,1646014,18.07,24.73,0.7,-0.8,0.8,강한매수,양봉스프링,완만한상승,0.76,2.71,2026-10-06
TLK,1.0,12.86,1021939,1035857,13.14,12.34,1.1,-0.2,0.0,매수관심,양봉스프링,잔구간,0.82,0.94,2026-10-06
TMC,1.0,3.7,3847291,3827698,14.23,16.2,0.9,1.3,-3.1,매도주의,장대음봉,전저점부근,0.19,-1.62,2026-10-06
TSDD,1.0,7.01,6839502,6754513,47.94,52.65,0.9,-1.7,0.9,중립,양봉,잔구간,0.59,0.405,2026-10-06
TSLG,1.0,5.16,60801079,59354040,313.76,268.58,1.2,1.6,-0.8,중립,음봉,완만한상승,0.44,0.13,2026-10-06
GRND,1.0,13.94,1824121,1832655,25.43,29.96,0.8,1.5,1.5,중립,양봉,잔구간,0.71,0.475,2026-10-06
GTN,1.0,4.65,1092384,1045633,5.08,4.63,1.1,0.4,0.0,매수관심,팽이도지,완만한상승,0.72,1.16,2026-10-06
HRZN,1.0,4.58,311866,303115,1.43,1.4,1.0,0.2,-0.2,중립,팽이도지,완만한상승,0.4,0.78,2026-10-06
TEO,1.0,12.69,321808,316098,4.08,3.62,1.1,0.3,1.1,매수관심,양봉,완만한상승,0.73,1.88,2026-10-06
AISP,1.0,2.11,1342297,1346977,2.83,10.66,0.3,2.0,2.4,중립,위꼬리양봉,완만한상승,0.39,-0.23,2026-10-06
ITRG,1.0,2.66,1497884,1572655,3.98,4.1,1.0,0.8,1.1,매수관심,팽이도지,완만한상승,0.62,1.04,2026-10-06
JBGS,1.0,10.86,984399,1004395,10.69,11.01,1.0,1.0,-0.7,중립,음봉,완만한상승,0.23,-0.12,2026-10-06
BABX,1.0,16.7,515579,493608,8.61,12.77,0.7,-0.8,-2.0,중립,음봉,잔구간,0.51,-0.345,2026-10-06
QBTS,1.0,15.79,13394850,14083850,211.5,275.1,0.8,0.7,0.3,중립,위꼬리양봉,잔구간,0.25,-0.65,2026-10-06
QTRX,1.0,3.44,606574,626472,2.09,2.19,1.0,0.5,-10.2,매도주의,장대음봉,잔구간,0.04,-1.275,2026-10-06
QXO,1.0,12.11,23050024,22118753,279.14,256.79,1.1,2.3,-0.3,매도주의,위꼬리음봉,완만한상승,0.08,-1.1,2026-10-06
ARRY,1.0,4.06,6727103,6473918,27.31,25.94,1.1,1.5,2.5,강한매수,장대양봉,완만한상승,0.73,3.18,2026-10-06
ARVN,1.0,7.31,585799,606827,4.28,5.75,0.7,0.4,-2.4,매도주의,장대음봉,잔구간,0.16,-1.205,2026-10-06
SIDU,1.0,1.74,4339159,4370675,7.55,7.6,1.0,0.6,-1.1,매도주의,위꼬리음봉,전저점부근,0.0,-1.35,2026-10-06
JRI,1.0,10.63,304767,297771,3.24,2.92,1.1,0.0,-0.2,매도주의,위꼬리음봉,잔구간,0.15,-0.96,2026-10-06
KEEL,1.0,3.47,23048400,22561100,79.98,88.17,0.9,1.7,-1.1,중립,망치형,잔구간,0.53,0.52,2026-10-06
KLRA,1.0,10.83,1452111,1401151,15.73,18.59,0.8,1.0,-1.1,중립,팽이도지,잔구간,0.55,0.03,2026-10-06
LBTYA,1.0,9.14,4379265,4494974,40.03,34.92,1.1,0.3,1.4,중립,양봉,잔구간,0.94,0.615,2026-10-06
LCID,1.0,4.16,7953644,8191681,33.09,36.26,0.9,0.2,-0.5,매도주의,위꼬리음봉,잔구간,0.21,-0.925,2026-10-06
KREF,1.0,6.26,863829,858509,5.41,7.45,0.7,0.0,3.0,매수관심,장대양봉,잔구간,0.96,1.275,2026-10-06
KRP,1.0,14.94,740734,779095,11.07,13.97,0.8,-0.3,1.3,강한매수,양봉,전고점돌파,0.79,2.55,2026-10-06
KTUP,1.0,4.285,574467,561508,2.46,2.83,0.9,1.3,6.3,매수관심,장대양봉,잔구간,0.82,1.19,2026-10-06
KVYO,1.0,16.6,4769716,4618006,79.18,95.98,0.8,1.1,-1.7,중립,음봉,잔구간,0.42,-0.4,2026-10-06
GOF,1.0,8.71,2509606,2518731,21.86,23.76,0.9,0.0,1.3,매수관심,양봉,완만한상승,0.81,1.97,2026-10-06
GOOS,1.0,7.64,695177,701841,5.31,5.38,1.0,0.9,-0.7,중립,음봉,완만한상승,0.21,-0.15,2026-10-06
PENN,1.0,15.91,3552159,3722079,56.51,54.22,1.0,5.0,0.3,중립,팽이도지,전고점부근,0.72,-0.19,2026-10-06
PFFA,1.0,19.74,917948,925910,18.12,23.12,0.8,0.2,-0.3,매도주의,위꼬리음봉,잔구간,0.11,-0.985,2026-10-06
PGX,1.0,10.06,6669357,6372945,67.09,74.07,0.9,0.0,-0.1,매도주의,위꼬리음봉,잔구간,0.14,-0.965,2026-10-06
NCLH,1.0,15.51,25178336,25176406,390.52,353.39,1.1,1.2,3.1,강한매수,장대양봉,전고점돌파,0.67,3.7,2026-10-06
NEOG,1.0,11.96,5970883,6019397,71.41,75.77,0.9,0.4,-8.4,매도주의,장대음봉,전저점부근,0.07,-1.77,2026-10-06
NEXT,1.0,6.83,2529517,2525496,17.28,17.92,1.0,0.8,3.2,강한매수,장대양봉,전고점돌파,0.72,3.76,2026-10-06
NFJ,1.0,14.73,352049,365391,5.19,4.82,1.1,-0.3,-2.3,강한매도,장대음봉,전저점이탈,0.0,-3.35,2026-10-06
NFXL,1.0,13.45,1742669,1691175,23.44,19.49,1.2,0.0,3.5,매수관심,장대양봉,잔구간,0.96,1.275,2026-10-06
PHI,1.0,18.09,305603,300293,5.53,5.08,1.1,-0.6,0.3,중립,팽이도지,잔구간,0.69,0.115,2026-10-06
BANC,1.0,17.43,2269275,2375879,39.55,44.12,0.9,0.6,-1.3,매도주의,장대음봉,잔구간,0.13,-1.22,2026-10-06
THM,1.0,2.33,517283,506065,1.21,1.61,0.7,0.4,-4.5,강한매도,장대음봉,전저점이탈,0.0,-3.35,2026-10-06
DEC,1.0,14.03,590753,616657,8.29,8.85,0.9,0.0,3.1,강한매수,장대양봉,전고점부근,0.95,2.09,2026-10-06
DFH,1.0,9.74,1023221,1004239,9.97,12.22,0.8,1.2,-2.6,매도주의,장대음봉,전저점부근,0.07,-1.77,2026-10-06
OWL,1.0,9.07,18604068,18931380,168.74,187.25,0.9,0.9,0.2,중립,팽이도지,잔구간,0.48,-0.01,2026-10-06
PCQ,1.0,7.76,413007,412610,3.2,3.01,1.1,-0.5,2.2,강한매수,장대양봉,완만한상승,0.9,3.38,2026-10-06
NIQ,1.0,17.25,1242306,1249142,21.43,24.02,0.9,0.8,-1.1,중립,음봉,잔구간,0.43,-0.39,2026-10-06
BRBR,1.0,7.69,4535426,4680741,34.88,35.73,1.0,0.6,-1.2,강한매수,망치형,수횡파,0.56,2.67,2026-10-06
NKX,1.0,10.57,513065,531434,5.42,4.42,1.2,-0.3,1.8,매수관심,장대양봉,잔구간,0.88,1.23,2026-10-06
UNHG,1.0,17.9,445389,467990,7.97,9.52,0.8,0.2,-1.5,중립,음봉,잔구간,0.35,-0.44,2026-10-06
CADL,1.0,9.87,977769,972087,9.65,10.59,0.9,0.9,-4.4,강한매도,장대음봉,전저점이탈,0.04,-3.3,2026-10-06
RDY,1.0,12.49,3998529,3868762,49.94,42.69,1.2,0.5,0.9,매수관심,양봉,완만한상승,0.73,1.88,2026-10-06
MGNX,1.0,3.64,633291,645342,2.31,2.87,0.8,0.5,-4.0,매도주의,장대음봉,잔구간,0.38,-1.07,2026-10-06
MGTX,1.0,10.6,944436,935829,10.01,13.54,0.7,0.1,-3.0,매도주의,장대음봉,잔구간,0.18,-1.19,2026-10-06
LTRX,1.0,7.33,978545,984910,7.17,7.33,1.0,0.4,2.4,매수관심,양봉,완만한상승,0.56,1.67,2026-10-06
SES,1.0,0.79,26558198,27610820,20.98,18.73,1.1,0.2,-5.6,중립,음봉,잔구간,0.27,-0.49,2026-10-06
CMPS,1.0,11.56,2798209,2858272,32.35,36.6,0.9,1.0,-1.4,중립,망치형,잔구간,0.62,0.57,2026-10-06
ORC,1.0,5.07,9107527,8838577,46.18,39.71,1.2,0.4,0.0,중립,팽이도지,잔구간,0.63,0.08,2026-10-06
OSUR,1.0,3.77,534073,509491,2.01,2.28,0.9,0.0,-8.3,매도주의,장대음봉,전저점부근,0.01,-1.84,2026-10-06
AGRO,1.0,10.82,631129,611373,6.83,5.73,1.2,-0.8,1.5,강한매수,장대양봉,완만한상승,0.65,3.08,2026-10-06
UPBD,1.0,15.36,1105022,1158550,16.97,18.24,0.9,-1.9,-0.4,매도주의,위꼬리음봉,잔구간,0.21,-0.925,2026-10-06
USAR,1.0,13.74,12584648,12464001,172.91,180.03,1.0,1.1,-0.5,매도주의,위꼬리음봉,잔구간,0.03,-1.03,2026-10-06
CMRE,1.0,15.1,343891,355059,5.19,4.97,1.0,-0.8,-1.0,중립,음봉,잔구간,0.44,-0.385,2026-10-06
GENB,1.0,13.8,1170053,1127779,16.15,17.79,0.9,0.6,-1.4,중립,음봉,잔구간,0.39,-0.415,2026-10-06
GGB,1.0,5.12,12718618,12629177,65.12,69.03,0.9,1.5,-2.5,매도주의,장대음봉,잔구간,0.32,-1.11,2026-10-06
CAPR,1.0,7.75,3132725,3275284,24.28,43.42,0.6,-0.4,0.0,중립,팽이도지,잔구간,0.67,0.1,2026-10-06
CBRG,1.0,2.64,24837496,25432508,65.57,58.68,1.1,-2.5,-1.9,매도주의,위꼬리음봉,잔구간,0.24,-0.905,2026-10-06
LADR,1.0,8.68,1601629,1617408,13.9,14.91,0.9,0.8,1.0,중립,양봉,잔구간,0.67,0.45,2026-10-06
CTOS,1.0,9.96,703587,739301,7.01,7.34,1.0,0.9,-0.1,강한매도,위꼬리음봉,전고점부근,0.14,-3.38,2026-10-06
SBGI,1.0,12.96,547948,528063,7.1,6.34,1.1,0.3,2.2,매수관심,장대양봉,잔구간,0.85,1.21,2026-10-06
SBRA,1.0,19.12,2821751,2779579,53.95,51.46,1.0,-0.1,0.4,매수관심,양봉스프링,잔구간,0.76,0.905,2026-10-06
LPTH,1.0,10.87,2291751,2315668,24.91,23.01,1.1,1.5,-0.9,매도주의,위꼬리음봉,완만한상승,0.19,-0.97,2026-10-06
ATEC,1.0,10.54,1914345,1894658,20.18,19.39,1.0,0.5,-2.1,중립,음봉,잔구간,0.12,-0.58,2026-10-06
VOD,1.0,16.53,3399038,3559922,56.19,54.43,1.0,-1.3,-0.3,중립,팽이도지,잔구간,0.46,-0.025,2026-10-06
ADIG,1.0,17.82,663652,684626,11.83,14.95,0.8,1.6,-0.5,중립,팽이도지,잔구간,0.32,-0.11,2026-10-06
AG,1.0,17.54,9494884,9120542,166.54,172.97,1.0,0.7,-0.5,중립,팽이도지,잔구간,0.59,0.055,2026-10-06
DHC,1.0,7.58,1830786,1887987,13.88,16.18,0.9,0.7,-0.1,중립,팽이도지,잔구간,0.59,0.055,2026-10-06
COTY,1.0,2.79,5083718,5091477,14.18,13.56,1.0,1.5,1.1,중립,위꼬리양봉,전고점돌파,0.36,0.33,2026-10-06
GCTS,1.0,2.12,1423965,1386533,3.02,2.95,1.0,1.9,-0.5,매도주의,위꼬리음봉,완만한상승,0.18,-0.98,2026-10-06
CLOV,1.0,4.6,3352319,3460472,15.42,16.22,1.0,0.0,-1.7,매도주의,장대음봉,잔구간,0.18,-1.19,2026-10-06
AUTL,1.0,1.79,1682568,1614887,3.01,3.07,1.0,0.5,-2.7,중립,음봉,잔구간,0.25,-0.5,2026-10-06
RWM,1.0,14.25,42784415,44112778,609.68,669.32,0.9,-0.4,1.2,강한매수,장대양봉,완만한상승,0.9,3.38,2026-10-06
MATV,1.0,12.21,398874,392933,4.87,5.01,1.0,1.2,-0.3,매도주의,위꼬리음봉,완만한상승,0.06,-1.13,2026-10-06
MATW,1.0,19.42,804005,825296,15.61,21.03,0.7,0.7,-0.2,중립,팽이도지,완만한상승,0.31,0.67,2026-10-06
MAX,1.0,9.68,982904,986046,9.51,9.69,1.0,0.6,-0.2,중립,팽이도지,완만한상승,0.36,0.73,2026-10-06
BUYW,1.0,14.56,462795,486418,6.74,7.42,0.9,0.1,0.1,강한매수,양봉,전고점돌파,1.0,2.8,2026-10-06
LUMN,1.0,5.905,12215456,12529472,72.13,70.27,1.0,1.8,3.2,강한매수,양봉,완만한상승,0.96,2.15,2026-10-06
LYFT,1.0,15.76,7757107,8107158,122.25,125.11,1.0,0.7,-0.5,중립,망치형,전고점부근,0.58,0.65,2026-10-06
SABR,1.0,1.92,4967137,5203920,9.54,10.42,0.9,0.0,-0.5,매도주의,위꼬리음봉,전저점부근,0.18,-1.13,2026-10-06
XRPN,1.0,19.2,2749061,2840514,52.78,65.02,0.8,-41.8,-14.7,중립,음봉,잔구간,0.31,-0.465,2026-10-06
ZTO,1.0,19.68,2359929,2457089,46.44,64.02,0.7,-0.3,0.2,중립,위꼬리양봉,잔구간,0.41,-0.555,2026-10-06
FSK,0.9,10.81,2114629,2369921,22.86,20.9,1.1,-0.6,-1.0,중립,음봉,잔구간,0.08,-0.6,2026-10-06
FSIG,0.9,18.42,396021,432804,7.29,8.05,0.9,-0.1,0.1,매수관심,양봉,완만한상승,0.4,1.48,2026-10-06
WIW,0.9,7.93,322348,371436,2.56,3.04,0.8,0.5,-0.3,강한매수,망치형,완만한상승,0.75,2.2,2026-10-06
WEN,0.9,6.16,5224327,5803304,32.18,34.05,0.9,0.5,0.5,중립,위꼬리양봉,잔구간,0.28,-0.63,2026-10-06
WEAV,0.9,7.38,789254,916002,5.82,9.67,0.6,0.3,0.0,강한매수,양봉스프링,완만한상승,1.0,3.0,2026-10-06
VZLA,0.9,3.53,4457127,4846262,15.73,18.58,0.8,0.3,0.3,중립,팽이도지,잔구간,0.72,0.13,2026-10-06
GAB,0.9,5.27,956454,1096697,5.04,8.15,0.6,0.4,1.3,매수관심,장대양봉,잔구간,0.93,1.26,2026-10-06
OIG,0.9,8.63,463945,511569,4.0,6.27,0.6,-0.2,-5.4,강한매도,장대음봉,전저점이탈,0.03,-3.31,2026-10-06
OI,0.9,5.75,3604827,4196095,20.73,21.52,1.0,0.9,2.3,매수관심,장대양봉,잔구간,0.9,1.24,2026-10-06
BLDP,0.9,2.06,1956114,2115913,4.03,4.44,0.9,1.0,-1.0,중립,음봉,완만한상승,0.0,-0.4,2026-10-06
BKD,0.9,10.9,4574440,5250015,49.86,49.88,1.0,0.5,3.0,매수관심,장대양봉,잔구간,0.69,1.115,2026-10-06
BITO,0.9,11.45,62828662,70885327,719.39,795.26,0.9,0.4,-0.3,매도주의,위꼬리음봉,완만한상승,0.21,-0.95,2026-10-06
ACDC,0.9,4.875,1275145,1421524,6.22,5.59,1.1,0.2,2.4,매수관심,양봉,완만한상승,0.55,1.66,2026-10-06
WVE,0.9,3.52,3450687,3645697,12.15,14.18,0.9,0.8,-6.9,강한매도,장대음봉,전저점이탈,0.12,-3.21,2026-10-06
XHR,0.9,18.06,736629,820313,13.3,15.88,0.8,0.6,-1.1,중립,음봉,수횡파,0.12,-0.56,2026-10-06
RYAM,0.9,6.79,929615,1048926,6.31,8.03,0.8,0.6,-2.7,강한매도,장대음봉,전저점이탈,0.17,-3.15,2026-10-06
RXST,0.9,4.65,623009,661243,2.9,3.78,0.8,0.0,-2.3,매도주의,장대음봉,잔구간,0.31,-1.115,2026-10-06
RWT,0.9,3.44,3180164,3731161,10.94,18.25,0.6,1.5,-1.4,중립,음봉,잔구간,0.15,-0.56,2026-10-06
MASS,0.9,12.33,377275,416785,4.65,4.74,1.0,0.4,-4.0,중립,음봉,잔구간,0.07,-0.61,2026-10-06
MARA,0.9,10.97,28574777,31924184,313.47,438.98,0.7,0.1,-1.9,중립,음봉,잔구간,0.1,-0.59,2026-10-06
MAMA,0.9,12.73,615355,657491,7.83,8.34,0.9,0.5,-1.2,매도주의,위꼬리음봉,잔구간,0.08,-1.0,2026-10-06
LZ,0.9,5.77,2245556,2598624,12.96,17.06,0.8,0.2,-1.9,매도주의,장대음봉,잔구간,0.13,-1.22,2026-10-06
BUR,0.9,3.62,1925747,2086034,6.97,9.0,0.8,0.8,1.1,중립,양봉,잔구간,0.92,0.6,2026-10-06
BTX,0.9,9.49,479991,514712,4.56,4.15,1.1,0.2,1.0,강한매수,장대양봉,전고점돌파,1.0,4.1,2026-10-06
MCHB,0.9,14.89,527586,557808,7.86,7.54,1.0,-0.7,0.5,중립,위꼬리양봉,잔구간,0.28,-0.63,2026-10-06
MBGL,0.9,17.62,4446872,4869670,78.35,80.79,1.0,0.3,-0.1,강한매수,망치형,완만한상승,0.75,2.2,2026-10-06
RSKD,0.9,7.79,1807781,2112232,14.08,27.15,0.5,1.2,-1.4,중립,음봉,잔구간,0.09,-0.595,2026-10-06
RR,0.9,1.67,3850151,4425769,6.43,7.1,0.9,1.2,-4.0,매도주의,장대음봉,잔구간,0.11,-1.235,2026-10-06
AUPH,0.9,15.69,699165,808159,10.97,13.09,0.8,0.3,-0.5,중립,망치형,잔구간,0.63,0.58,2026-10-06
LRMR,0.9,2.78,829229,963888,2.31,5.56,0.4,0.7,-3.5,매도주의,장대음봉,전저점부근,0.25,-1.55,2026-10-06
LODE,0.9,2.26,1247236,1375240,2.82,3.47,0.8,-0.4,-0.4,중립,팽이도지,잔구간,0.43,-0.04,2026-10-06
LFTO,0.9,15.49,544186,639325,8.43,11.64,0.7,0.6,0.9,중립,양봉,잔구간,0.76,0.505,2026-10-06
LENZ,0.9,3.79,682818,758160,2.59,3.03,0.9,0.3,5.3,매수관심,장대양봉,잔구간,0.79,1.175,2026-10-06
SENS,0.9,9.96,568802,656470,5.67,7.2,0.8,0.7,-4.0,매도주의,장대음봉,잔구간,0.13,-1.22,2026-10-06
SBH,0.9,16.26,1168341,1328730,19.0,22.25,0.9,0.6,0.8,중립,양봉,잔구간,0.47,0.33,2026-10-06
EAF,0.9,9.4,464309,523854,4.36,7.28,0.6,1.1,5.4,중립,양봉,잔구간,0.48,0.34,2026-10-06
DX,0.9,10.85,7303277,8496207,79.24,92.66,0.9,0.6,-0.4,중립,망치형,잔구간,0.62,0.57,2026-10-06
LAC,0.9,2.54,6806064,7201902,17.29,20.93,0.8,0.8,-1.2,중립,음봉,잔구간,0.29,-0.475,2026-10-06
CC,0.9,14.08,1970780,2118296,27.75,26.66,1.0,0.4,1.0,중립,양봉,잔구간,0.55,0.38,2026-10-06
CBRX,0.9,7.89,1091127,1216909,8.61,6.17,1.4,-2.8,-2.1,매도주의,위꼬리음봉,잔구간,0.22,-0.92,2026-10-06
CALY,0.9,14.28,1609308,1888116,22.98,29.19,0.8,0.9,-0.9,중립,음봉,수횡파,0.29,-0.35,2026-10-06
SHIP,0.9,17.5,450987,476776,7.89,9.48,0.8,-0.4,-0.6,중립,망치형,잔구간,0.74,0.645,2026-10-06
SHC,0.9,18.25,1654153,1836275,30.19,31.54,1.0,1.2,-2.8,매도주의,장대음봉,잔구간,0.08,-1.25,2026-10-06
RKT,0.9,11.59,34563319,39361929,400.59,484.54,0.8,0.4,-1.2,중립,음봉,잔구간,0.19,-0.535,2026-10-06
RILY,0.9,4.97,643941,711826,3.2,3.7,0.9,1.2,0.6,중립,팽이도지,잔구간,0.44,-0.035,2026-10-06
RGTX,0.9,8.67,1194642,1301886,10.36,12.13,0.9,1.5,-1.7,매도주의,위꼬리음봉,잔구간,0.23,-0.91,2026-10-06
REAL,0.9,9.41,2013729,2314752,18.95,26.08,0.7,1.1,-0.1,강한매수,망치형,완만한상승,0.74,2.19,2026-10-06
RCKT,0.9,2.48,1790516,1948884,4.44,6.01,0.7,0.0,-5.0,강한매도,장대음봉,전저점이탈,0.12,-3.21,2026-10-06
SHOE,0.9,13.04,837220,977846,10.92,13.12,0.8,-0.8,2.5,중립,양봉,잔구간,0.98,0.64,2026-10-06
KYTX,0.9,6.16,739522,820575,4.56,8.19,0.6,0.9,-3.4,매도주의,장대음봉,잔구간,0.09,-1.245,2026-10-06
KSS,0.9,19.63,3919122,4350494,76.93,74.64,1.0,1.4,-0.9,강한매수,망치형,완만한상승,0.65,2.08,2026-10-06
KRNY,0.9,9.22,416899,480439,3.84,4.58,0.8,0.4,-1.0,중립,음봉,잔구간,0.24,-0.505,2026-10-06
KRNT,0.9,18.15,376536,405813,6.83,7.33,0.9,1.0,-1.4,중립,음봉,잔구간,0.1,-0.59,2026-10-06
JQC,0.9,4.66,836042,964991,3.9,5.34,0.7,0.6,0.2,매수관심,양봉스프링,잔구간,0.77,0.91,2026-10-06
SITC,0.9,3.2,1742664,1995626,5.58,6.09,0.9,-0.3,-0.9,매도주의,위꼬리음봉,잔구간,0.07,-1.01,2026-10-06
ARKO,0.9,4.2,504791,551815,2.12,2.51,0.8,0.5,-0.7,중립,팽이도지,잔구간,0.44,-0.035,2026-10-06
SIBN,0.9,19.55,538733,628098,10.53,10.84,1.0,0.6,-1.9,중립,음봉,잔구간,0.43,-0.39,2026-10-06
RARE,0.9,14.46,3892009,4539688,56.28,74.12,0.8,0.7,-1.0,중립,망치형,잔구간,0.61,0.565,2026-10-06
BSOL,0.9,16.66,3145220,3397255,52.4,71.3,0.7,0.1,0.3,중립,위꼬리양봉,완만한상승,0.35,-0.28,2026-10-06
MNSO,0.9,8.91,973601,1031301,8.67,7.69,1.1,0.0,0.2,강한매수,양봉스프링,완만한상승,0.95,2.94,2026-10-06
MNRO,0.9,13.67,683943,757626,9.35,11.85,0.8,-0.7,0.9,중립,위꼬리양봉,완만한상승,0.34,-0.29,2026-10-06
MHD,0.9,10.23,1298564,1376427,13.28,12.72,1.0,0.1,1.2,강한매수,장대양봉,완만한상승,0.86,3.33,2026-10-06
QFIN,0.9,6.37,2244442,2384368,14.3,16.09,0.9,0.2,-3.0,매도주의,장대음봉,잔구간,0.16,-1.205,2026-10-06
QCML,0.9,17.565,454054,479362,7.98,10.17,0.8,1.0,-0.7,중립,팽이도지,전저점부근,0.42,0.65,2026-10-06
PZZA,0.9,19.58,1162972,1296746,22.77,28.07,0.8,0.2,0.1,매수관심,팽이도지,완만한상승,0.47,0.86,2026-10-06
IVAI,0.9,10.17,470482,550770,4.78,9.43,0.5,0.6,-0.7,매도주의,장대음봉,잔구간,0.12,-1.23,2026-10-06
IRWD,0.9,3.63,1870059,2094908,6.79,8.31,0.8,-0.3,-0.3,중립,팽이도지,잔구간,0.42,-0.05,2026-10-06
SMU,0.9,16.36,364238,415219,5.96,6.09,1.0,6.7,1.6,중립,위꼬리양봉,잔구간,0.22,-0.67,2026-10-06
SLNH,0.9,1.05,5839735,6192426,6.13,7.25,0.8,3.9,-1.9,중립,음봉,잔구간,0.25,-0.5,2026-10-06
SKYQ,0.9,2.55,412519,455564,1.05,9.86,0.1,-2.4,2.8,중립,양봉,잔구간,0.72,0.48,2026-10-06
KODK,0.9,9.87,749906,850458,7.4,7.05,1.0,0.4,-2.0,매도주의,장대음봉,잔구간,0.08,-1.25,2026-10-06
EYE,0.9,16.74,1549387,1690919,25.94,35.59,0.7,0.7,0.6,매수관심,팽이도지,완만한상승,0.61,1.03,2026-10-06
EXG,0.9,9.42,567355,643156,5.34,5.05,1.1,0.2,0.6,매수관심,장대양봉,잔구간,0.81,1.185,2026-10-06
EVV,0.9,8.43,952964,1039393,8.03,8.0,1.0,0.6,0.5,강한매수,양봉,완만한상승,0.89,2.07,2026-10-06
EVMN,0.9,6.61,1007359,1086384,6.66,7.69,0.9,0.3,-0.9,중립,망치형,잔구간,0.9,0.74,2026-10-06
AVX,0.9,5.92,323401,355550,1.91,3.27,0.6,0.8,-7.1,중립,음봉,잔구간,0.03,-0.63,2026-10-06
PUBM,0.9,18.35,719135,796448,13.2,15.43,0.9,-0.2,-1.1,중립,음봉,잔구간,0.21,-0.525,2026-10-06
PTRN,0.9,17.82,1427644,1533879,25.44,29.69,0.9,0.4,1.9,강한매수,양봉,완만한상승,0.94,2.13,2026-10-06
EOLS,0.9,7.38,663881,705397,4.9,5.34,0.9,0.0,-1.2,중립,망치형,잔구간,0.55,0.53,2026-10-06
SOFX,0.9,6.94,1404256,1534623,9.75,14.08,0.7,1.3,-3.2,매도주의,장대음봉,잔구간,0.07,-1.26,2026-10-06
SOFI,0.9,15.76,39079775,44759025,615.9,830.76,0.7,0.6,-1.6,중립,음봉,잔구간,0.07,-0.61,2026-10-06
SNXX,0.9,15.19,34674069,38772223,526.7,849.77,0.6,-0.5,-4.5,중립,음봉,전저점부근,0.16,-0.36,2026-10-06
IQI,0.9,8.89,336154,356418,2.99,3.69,0.8,0.1,1.7,강한매수,장대양봉,완만한상승,0.83,3.3,2026-10-06
INV,0.9,0.566,4004477,4326970,2.27,3.45,0.7,2.4,7.2,중립,양봉,잔구간,0.75,0.5,2026-10-06
CHA,0.9,11.42,594110,679560,6.78,8.75,0.8,0.3,1.8,강한매수,양봉,완만한상승,0.88,2.06,2026-10-06
DRVN,0.9,11.76,806435,938787,9.48,11.34,0.8,1.1,-0.2,중립,팽이도지,완만한상승,0.41,0.79,2026-10-06
APMD,0.9,18.65,581295,669916,10.84,12.59,0.9,0.9,-15.0,강한매도,장대음봉,전저점이탈,0.09,-3.24,2026-10-06
CGNT,0.9,8.83,414698,462532,3.66,4.32,0.8,0.3,0.3,중립,위꼬리양봉,완만한상승,0.2,-0.46,2026-10-06
CERS,0.9,2.34,1608095,1797369,3.76,5.13,0.7,1.3,-1.3,중립,음봉,잔구간,0.42,-0.4,2026-10-06
CCOI,0.9,9.31,2147913,2307963,20.0,17.13,1.2,0.8,4.0,강한매수,장대양봉,전고점돌파,0.78,3.84,2026-10-06
CCCC,0.9,2.88,2114453,2250695,6.09,7.6,0.8,1.0,-4.6,매도주의,음봉,전저점이탈,0.37,-1.61,2026-10-06
ANGX,0.9,4.14,1448073,1551440,6.0,8.73,0.7,1.7,-2.1,중립,음봉,잔구간,0.44,-0.385,2026-10-06
EGY,0.9,5.78,894655,967424,5.17,6.56,0.8,-0.2,0.0,중립,팽이도지,잔구간,0.63,0.08,2026-10-06
PTLO,0.9,3.78,1695883,1975359,6.41,6.5,1.0,-0.6,7.1,강한매수,장대양봉,전고점돌파,0.9,3.98,2026-10-06
PTEN,0.9,11.41,6874638,7582261,78.44,80.64,1.0,-1.2,0.0,중립,팽이도지,잔구간,0.69,0.115,2026-10-06
PSO,0.9,16.32,509890,537178,8.32,9.32,0.9,0.7,-0.2,매도주의,음봉,전고점부근,0.38,-1.29,2026-10-06
MRTN,0.9,12.87,629362,714420,8.1,9.68,0.8,0.5,-1.8,매도주의,장대음봉,잔구간,0.1,-1.24,2026-10-06
MQY,0.9,9.94,1426509,1595023,14.18,13.95,1.0,0.2,0.7,매수관심,양봉,완만한상승,0.76,1.91,2026-10-06
FMNB,0.9,15.235,312236,358715,4.76,5.31,0.9,0.4,-0.7,중립,음봉,잔구간,0.11,-0.585,2026-10-06
FLG,0.9,11.56,5892730,6324274,68.12,73.19,0.9,0.5,-0.6,중립,음봉,잔구간,0.11,-0.585,2026-10-06
FINV,0.9,3.01,423752,469044,1.28,1.8,0.7,1.0,2.0,중립,양봉,잔구간,0.86,0.565,2026-10-06
FEAM,0.9,3.76,829681,950039,3.12,3.19,1.0,1.3,-5.3,중립,음봉,잔구간,0.06,-0.615,2026-10-06
FDUS,0.9,18.88,306427,353241,5.79,5.91,1.0,0.3,-1.6,강한매도,장대음봉,전저점이탈,0.03,-3.31,2026-10-06
DSP,0.9,11.93,371879,434838,4.44,5.71,0.8,0.6,-2.3,매도주의,장대음봉,수횡파,0.14,-1.83,2026-10-06
HUN,0.9,8.77,2362609,2740922,20.72,22.43,0.9,-0.8,0.0,중립,팽이도지,잔구간,0.72,0.13,2026-10-06
SUIG,0.9,1.6,1001470,1077566,1.6,1.87,0.9,0.0,-4.8,중립,음봉,잔구간,0.14,-0.565,2026-10-06
STLA,0.9,4.61,29793260,35026040,137.35,144.88,0.9,0.9,1.8,강한매수,장대양봉,완만한상승,0.83,3.3,2026-10-06
AMZD,0.9,8.51,9653480,10681231,82.15,96.67,0.8,-0.7,-1.3,매도주의,음봉,전저점이탈,0.05,-1.99,2026-10-06
PLUG,0.9,1.86,44649372,47275525,83.05,90.26,0.9,0.5,-2.1,중립,음봉,잔구간,0.13,-0.57,2026-10-06
MUC,0.9,9.76,882680,934758,8.61,8.8,1.0,-0.6,1.9,매수관심,장대양봉,잔구간,1.0,1.3,2026-10-06
BBNX,0.9,18.63,922814,990356,17.19,21.66,0.8,-0.2,-1.5,중립,음봉,잔구간,0.35,-0.44,2026-10-06
CLBK,0.9,11.13,3506592,3991559,39.03,44.12,0.9,0.5,-2.3,매도주의,장대음봉,잔구간,0.22,-1.17,2026-10-06
CHWY,0.9,18.14,6993119,8005421,126.86,189.08,0.7,0.2,-0.7,중립,팽이도지,잔구간,0.5,0.0,2026-10-06
TDOC,0.9,5.77,3725293,3950402,21.49,21.22,1.0,0.5,-0.9,중립,음봉,잔구간,0.52,-0.34,2026-10-06
SWBI,0.9,14.52,385447,440431,5.6,6.29,0.9,0.2,-1.4,매도주의,장대음봉,잔구간,0.04,-1.275,2026-10-06
SVC,0.9,6.49,1183020,1247023,7.68,8.17,0.9,0.2,1.6,중립,위꼬리양봉,완만한상승,0.37,-0.26,2026-10-06
SUPV,0.9,7.44,717290,771966,5.34,5.17,1.0,1.5,-0.4,매도주의,위꼬리음봉,완만한상승,0.12,-1.06,2026-10-06
ICL,0.9,5.08,1018348,1097167,5.17,5.68,0.9,0.4,0.0,매수관심,팽이도지,완만한상승,0.5,0.9,2026-10-06
HMY,0.9,17.32,3110568,3459019,53.88,63.1,0.9,-1.0,1.2,중립,양봉,잔구간,0.73,0.49,2026-10-06
HLIT,0.9,11.22,1342459,1449157,15.06,13.82,1.1,1.5,-1.5,중립,음봉,완만한상승,0.25,-0.1,2026-10-06
TFSL,0.9,16.57,624746,726224,10.35,12.07,0.9,0.3,-1.5,중립,음봉,잔구간,0.21,-0.525,2026-10-06
ALM,0.9,13.04,4890098,5156398,63.77,80.65,0.8,0.0,-3.6,매도주의,장대음봉,잔구간,0.13,-1.22,2026-10-06
TRIN,0.9,17.38,724773,836355,12.6,14.17,0.9,0.5,-0.8,강한매도,장대음봉,수횡파,0.0,-2.0,2026-10-06
TLRY,0.9,3.78,3633187,4250039,13.73,16.2,0.8,0.5,1.1,중립,양봉,잔구간,0.59,0.405,2026-10-06
TIPX,0.9,18.24,308175,352964,5.62,12.05,0.5,0.1,0.1,강한매수,양봉,완만한상승,0.87,2.04,2026-10-06
NEWP,0.9,6.39,612680,698784,3.92,4.62,0.8,0.8,2.1,매수관심,양봉,완만한상승,0.64,1.77,2026-10-06
NB,0.9,3.52,2081024,2391836,7.33,7.8,0.9,1.2,0.6,매수관심,팽이도지,완만한상승,0.7,1.14,2026-10-06
PGEN,0.9,7.55,5140065,5488552,38.81,50.21,0.8,0.6,-3.1,중립,음봉,잔구간,0.15,-0.56,2026-10-06
PFLT,0.9,6.73,823323,882719,5.54,5.22,1.1,0.4,-1.2,강한매도,장대음봉,전저점이탈,0.09,-3.24,2026-10-06
PEB,0.9,18.98,2105995,2226834,39.97,42.71,0.9,1.0,-1.6,매도주의,장대음봉,잔구간,0.11,-1.235,2026-10-06
AGNT,0.9,3.82,1478241,1678224,5.65,6.67,0.8,0.5,-1.8,중립,음봉,수횡파,0.06,-0.63,2026-10-06
GPRK,0.9,11.44,636139,713800,7.28,10.04,0.7,0.4,1.1,중립,양봉,전고점부근,0.66,0.44,2026-10-06
GPK,0.9,8.61,6871420,7248536,59.16,63.53,0.9,0.3,-0.3,중립,팽이도지,잔구간,0.44,-0.035,2026-10-06
UNG,0.9,10.74,26387414,28679841,283.4,400.93,0.7,1.8,0.0,강한매수,양봉스프링,완만한상승,0.79,2.75,2026-10-06
UMH,0.9,15.42,524807,561446,8.09,9.0,0.9,0.2,0.1,중립,팽이도지,잔구간,0.42,-0.05,2026-10-06
UA,0.9,4.72,3006932,3276493,14.19,14.37,1.0,1.1,2.2,매수관심,장대양봉,전고점부근,0.82,1.93,2026-10-06
TV,0.9,2.28,776960,836049,1.77,2.16,0.8,0.9,-1.3,매도주의,장대음봉,잔구간,0.25,-1.15,2026-10-06
HAWK,0.9,14.37,1163745,1292090,16.72,19.97,0.8,0.2,-0.3,중립,팽이도지,잔구간,0.37,-0.08,2026-10-06
NLY,0.9,18.42,15391950,17408287,283.52,303.67,0.9,0.3,0.5,중립,양봉,잔구간,0.96,0.625,2026-10-06
BRVE,0.9,19.79,590322,694381,11.68,13.68,0.9,1.1,-8.3,매도주의,장대음봉,전저점부근,0.06,-1.78,2026-10-06
BRBS,0.9,3.92,1361993,1464430,5.34,4.17,1.3,0.5,-0.8,매도주의,위꼬리음봉,잔구간,0.04,-1.025,2026-10-06
BNL,0.9,18.63,1910413,2052152,35.59,36.84,1.0,0.2,1.1,매수관심,장대양봉,잔구간,1.0,1.3,2026-10-06
BLOX,0.9,13.75,308622,338071,4.24,4.63,0.9,0.9,-1.9,매도주의,장대음봉,잔구간,0.0,-1.3,2026-10-06
PBYI,0.9,9.5,322658,348297,3.07,3.6,0.9,0.5,-2.3,중립,음봉,잔구간,0.19,-0.535,2026-10-06
NTST,0.9,17.64,1629640,1858433,28.75,37.3,0.8,0.5,0.6,중립,양봉,잔구간,0.59,0.405,2026-10-06
NOWL,0.9,7.45,3025309,3302727,22.54,30.73,0.7,2.9,0.0,매수관심,팽이도지,완만한상승,0.42,0.8,2026-10-06
DCH,0.9,5.85,3806955,4191540,22.27,28.91,0.8,1.2,2.3,강한매수,양봉,전고점돌파,0.55,2.26,2026-10-06
GFR,0.9,6.21,477275,527318,2.96,5.12,0.6,-0.3,4.0,강한매수,장대양봉,전고점돌파,0.88,3.96,2026-10-06
GEVO,0.9,1.28,2314543,2600937,2.96,3.65,0.8,0.0,-0.8,중립,팽이도지,잔구간,0.33,-0.1,2026-10-06
CNH,0.9,13.27,11717296,13322369,155.49,192.64,0.8,0.4,-0.6,매도주의,위꼬리음봉,잔구간,0.16,-0.955,2026-10-06
USAS,0.9,4.47,2555920,2886198,11.42,16.16,0.7,0.2,0.7,강한매수,양봉스프링,완만한상승,0.78,2.74,2026-10-06
NMR,0.9,9.78,567861,604574,5.55,6.88,0.8,0.5,-0.2,중립,망치형,잔구간,0.64,0.585,2026-10-06
OSPN,0.9,18.38,420388,474731,7.73,8.98,0.9,0.7,-0.9,중립,음봉,잔구간,0.04,-0.625,2026-10-06
ORN,0.9,9.36,475239,550703,4.45,5.2,0.9,1.3,-0.2,매도주의,위꼬리음봉,완만한상승,0.18,-0.98,2026-10-06
ORBS,0.9,1.06,11950733,13868847,12.67,18.03,0.7,1.9,-3.6,중립,음봉,잔구간,0.44,-0.385,2026-10-06
OPTX,0.9,9.82,496252,570259,4.87,4.01,1.2,0.7,-0.5,매도주의,위꼬리음봉,완만한상승,0.23,-0.92,2026-10-06
OPTU,0.9,0.96,1606428,1692716,1.54,1.71,0.9,1.1,-4.0,중립,음봉,잔구간,0.33,-0.45,2026-10-06
CRCG,0.9,12.39,1824770,1985071,22.61,33.4,0.7,0.7,1.3,중립,위꼬리양봉,잔구간,0.3,-0.62,2026-10-06
CRBP,0.9,5.78,707588,798242,4.09,5.04,0.8,0.3,-1.5,중립,음봉,전저점부근,0.38,-0.09,2026-10-06
ERY,0.9,8.84,15788410,17957876,139.57,188.92,0.7,1.5,-2.3,매도주의,장대음봉,전저점부근,0.32,-1.47,2026-10-06
ERIC,0.9,9.43,6410125,6823512,60.45,71.66,0.8,1.1,1.2,매수관심,장대양봉,잔구간,0.92,1.25,2026-10-06
CMPX,0.9,0.998,7286326,7862333,7.27,10.78,0.7,3.1,0.8,중립,팽이도지,잔구간,0.73,0.14,2026-10-06
CMCO,0.9,17.02,310549,356004,5.29,6.37,0.8,0.9,-0.4,중립,팽이도지,완만한상승,0.36,0.73,2026-10-06
CLVT,0.9,1.47,3472339,3793963,5.1,6.42,0.8,0.0,1.4,중립,양봉,잔구간,0.82,0.54,2026-10-06
CLSX,0.9,11.27,374326,396287,4.22,4.36,1.0,0.9,-3.7,중립,음봉,잔구간,0.28,-0.48,2026-10-06
CONL,0.9,5.67,16087064,17434507,91.21,120.75,0.8,0.7,-3.1,중립,음봉,잔구간,0.1,-0.59,2026-10-06
DNP,0.9,9.74,899134,1049530,8.76,10.98,0.8,0.2,2.5,매수관심,장대양봉,잔구간,0.95,1.27,2026-10-06
DLO,0.9,14.53,1496745,1619659,21.75,24.26,0.9,-0.1,0.1,매수관심,팽이도지,완만한상승,0.42,0.8,2026-10-06
DKNG,0.9,19.75,14726496,16945664,290.85,389.64,0.7,0.1,0.7,중립,위꼬리양봉,잔구간,0.27,-0.64,2026-10-06
AEVA,0.9,14.57,1207401,1284484,17.59,20.06,0.9,2.0,-0.1,중립,팽이도지,완만한상승,0.34,0.71,2026-10-06
ADT,0.9,6.36,7170648,7754391,45.61,49.74,0.9,0.5,1.9,매수관심,장대양봉,잔구간,0.82,1.19,2026-10-06
VMO,0.9,8.44,485906,569133,4.1,5.04,0.8,0.0,1.3,강한매수,장대양봉,완만한상승,0.61,3.03,2026-10-06
VFF,0.9,2.79,645029,703147,1.8,2.84,0.6,1.1,1.5,중립,양봉,잔구간,0.79,0.525,2026-10-06
NVG,0.9,10.6,1935575,2271688,20.52,20.5,1.0,-1.0,2.6,강한매수,장대양봉,완만한상승,0.87,3.34,2026-10-06
NVD,0.9,3.3,80796100,86903812,266.63,295.18,0.9,-2.4,2.2,중립,양봉,잔구간,0.85,0.56,2026-10-06
NUS,0.9,4.74,405445,437171,1.92,2.13,0.9,0.9,1.5,강한매수,양봉,전고점돌파,0.65,2.38,2026-10-06
BCSF,0.9,10.82,477579,543267,5.17,5.93,0.9,0.7,-1.5,강한매도,장대음봉,전저점이탈,0.0,-3.35,2026-10-06
OIS,0.9,8.28,901464,979386,7.46,6.28,1.2,-0.1,-2.2,중립,음봉,잔구간,0.37,-0.43,2026-10-06
ACRS,0.9,3.7,3531028,3803116,13.06,16.38,0.8,-1.2,-12.3,강한매도,장대음봉,전저점이탈,0.08,-3.25,2026-10-06
FUBO,0.9,8.83,1001439,1108525,8.84,10.36,0.9,0.5,2.0,중립,양봉,잔구간,0.49,0.345,2026-10-06
ABTC,0.9,8.45,813339,933971,6.87,10.0,0.7,0.9,-3.9,매도주의,장대음봉,잔구간,0.09,-1.245,2026-10-06
ABR,0.9,3.49,5890826,6563034,20.56,24.13,0.9,1.2,-0.6,중립,팽이도지,잔구간,0.32,-0.11,2026-10-06
YMAG,0.8,11.57,810325,998884,9.38,11.23,0.8,0.4,0.1,중립,팽이도지,전고점부근,0.5,-0.45,2026-10-06
WSE,0.8,11.76,1357012,1717943,15.96,20.58,0.8,0.0,0.8,강한매수,양봉,전고점돌파,0.74,2.49,2026-10-06
WSC,0.8,17.36,2441244,3135576,42.38,56.65,0.7,1.3,0.4,중립,팽이도지,잔구간,0.49,-0.005,2026-10-06
FUN,0.8,12.08,2663730,3348463,32.18,33.29,1.0,-0.1,-0.3,매도주의,위꼬리음봉,잔구간,0.18,-0.94,2026-10-06
XRAY,0.8,8.52,4723353,5731411,40.24,46.24,0.9,0.2,-0.7,중립,음봉,잔구간,0.23,-0.51,2026-10-06
XPRO,0.8,16.23,716318,921110,11.63,12.87,0.9,0.2,-3.4,매도주의,장대음봉,잔구간,0.08,-1.25,2026-10-06
XPEV,0.8,9.56,4404206,5868765,42.1,63.23,0.7,0.9,0.8,중립,양봉,잔구간,0.63,0.43,2026-10-06
XPER,0.8,5.28,318114,417187,1.68,2.05,0.8,0.6,-3.3,강한매도,장대음봉,전저점이탈,0.05,-3.29,2026-10-06
WLTH,0.8,10.55,1717665,2043416,18.12,24.65,0.7,0.7,-1.3,중립,음봉,잔구간,0.13,-0.57,2026-10-06
OFIX,0.8,9.41,392832,481722,3.7,4.52,0.8,0.3,-1.3,중립,음봉,잔구간,0.14,-0.565,2026-10-06
ODD,0.8,19.25,631953,762866,12.17,15.23,0.8,0.7,-2.4,매도주의,장대음봉,잔구간,0.39,-1.065,2026-10-06
BLCO,0.8,17.18,319700,378448,5.49,5.34,1.0,-0.2,0.2,매수관심,팽이도지,완만한상승,0.64,1.07,2026-10-06
BKKT,0.8,7.35,894464,1067308,6.57,10.54,0.6,1.1,-4.0,강한매도,장대음봉,전저점이탈,0.07,-3.27,2026-10-06
BITU,0.8,15.9,3212355,4044835,51.08,62.92,0.8,0.7,-0.9,중립,음봉,잔구간,0.18,-0.54,2026-10-06
ACCO,0.8,4.37,416550,503613,1.82,2.31,0.8,0.5,0.2,중립,위꼬리양봉,전고점돌파,0.13,0.06,2026-10-06
WB,0.8,6.49,720138,950630,4.67,5.43,0.9,0.2,0.0,매수관심,양봉스프링,잔구간,0.85,0.96,2026-10-06
COMP,0.8,9.29,14144805,17933650,131.41,172.66,0.8,0.8,-0.7,중립,음봉,완만한상승,0.38,0.06,2026-10-06
COLD,0.8,13.86,2983867,3900386,41.36,46.44,0.9,1.8,-3.1,매도주의,장대음봉,잔구간,0.12,-1.23,2026-10-06
CNNE,0.8,15.5,346909,434759,5.38,7.97,0.7,0.6,-1.1,매도주의,장대음봉,수횡파,0.14,-1.83,2026-10-06
FRMI,0.8,4.23,11969978,14545813,50.63,69.17,0.7,2.0,2.2,매수관심,장대양봉,잔구간,0.87,1.22,2026-10-06
BDN,0.8,2.75,1357330,1607630,3.73,4.49,0.8,0.0,0.7,중립,양봉,잔구간,0.44,0.315,2026-10-06
BIRD,0.8,3.17,468200,614797,1.48,2.75,0.5,0.0,-7.0,매도주의,장대음봉,잔구간,0.1,-1.24,2026-10-06
NXDR,0.8,2.42,1218260,1551532,2.95,5.01,0.6,1.2,-3.2,매도주의,장대음봉,수횡파,0.06,-1.93,2026-10-06
NVA,0.8,5.66,534296,633384,3.02,3.33,0.9,0.0,-6.6,매도주의,장대음봉,잔구간,0.17,-1.2,2026-10-06
OIA,0.8,5.74,384525,496567,2.21,2.12,1.0,1.1,2.1,매수관심,양봉,완만한상승,0.81,1.97,2026-10-06
AESI,0.8,12.71,3381168,4464342,42.97,58.07,0.7,-0.5,0.4,중립,위꼬리양봉,잔구간,0.33,-0.6,2026-10-06
AEO,0.8,17.89,5003963,6388905,89.52,101.61,0.9,0.1,-1.4,중립,음봉,잔구간,0.24,-0.505,2026-10-06
ADNT,0.8,17.51,816062,985802,14.29,17.99,0.8,1.1,0.5,중립,팽이도지,잔구간,0.52,0.01,2026-10-06
VITL,0.8,9.4,1445132,1910726,13.58,19.32,0.7,0.0,1.6,중립,양봉,잔구간,0.6,0.41,2026-10-06
VGM,0.8,8.79,371624,445679,3.27,4.89,0.7,0.0,1.3,중립,양봉,잔구간,0.84,0.555,2026-10-06
VG,0.8,13.51,8601721,10924256,116.21,174.4,0.7,-0.7,1.2,매수관심,양봉,완만한상승,0.37,1.44,2026-10-06
VERX,0.8,12.29,1214292,1563725,14.92,17.2,0.9,0.7,-0.6,중립,팽이도지,완만한상승,0.28,0.64,2026-10-06
CLYM,0.8,10.68,954530,1173417,10.19,16.01,0.6,0.6,-4.0,매도주의,장대음봉,전저점부근,0.07,-1.77,2026-10-06
CLSK,0.8,12.29,10896267,14354002,133.92,214.67,0.6,0.1,-1.6,중립,음봉,잔구간,0.25,-0.5,2026-10-06
CLNE,0.8,1.56,666123,785219,1.04,1.56,0.7,-1.3,1.3,중립,양봉,잔구간,0.67,0.45,2026-10-06
CORZ,0.8,16.68,9376781,11943235,156.4,193.83,0.8,1.2,-0.7,중립,음봉,완만한상승,0.39,0.07,2026-10-06
USGG,0.8,3.832,443626,526135,1.7,2.32,0.7,3.2,-1.7,중립,음봉,잔구간,0.04,-0.625,2026-10-06
GLUE,0.8,9.87,1052878,1331610,10.39,15.2,0.7,1.1,-4.9,강한매도,장대음봉,전저점이탈,0.15,-3.17,2026-10-06
NMFC,0.8,6.84,620935,801375,4.25,4.15,1.0,0.4,-0.6,중립,음봉,수횡파,0.45,-0.16,2026-10-06
NMCO,0.8,8.66,811369,969556,7.03,7.69,0.9,-0.1,0.7,중립,양봉,잔구간,0.75,0.5,2026-10-06
OTF,0.8,9.36,1976887,2379476,18.5,21.14,0.9,0.0,-0.8,강한매도,음봉,전저점이탈,0.0,-2.05,2026-10-06
OSG,0.8,4.62,371434,479979,1.72,2.06,0.8,0.2,0.7,강한매수,양봉스프링,완만한상승,0.83,2.8,2026-10-06
OPRT,0.8,8.32,649985,808250,5.41,6.75,0.8,1.0,-1.7,중립,음봉,잔구간,0.4,-0.41,2026-10-06
BGC,0.8,11.85,3135491,3937907,37.16,51.11,0.7,0.5,-3.3,매도주의,장대음봉,잔구간,0.03,-1.28,2026-10-06
CPNG,0.8,14.42,12811972,16691212,184.75,230.46,0.8,0.9,0.6,매수관심,팽이도지,전고점돌파,0.67,1.7,2026-10-06
ETHT,0.8,19.48,928992,1162165,18.1,25.37,0.7,0.3,-1.6,중립,음봉,수횡파,0.17,-0.5,2026-10-06
GGN,0.8,5.29,300716,382543,1.59,2.61,0.6,0.0,0.8,강한매수,양봉,완만한상승,1.0,2.2,2026-10-06
GEMI,0.8,4.67,1418204,1882025,6.62,12.35,0.5,0.4,-2.5,중립,음봉,잔구간,0.17,-0.55,2026-10-06
UPXI,0.8,1.14,1723283,2178947,1.96,4.48,0.4,3.5,-4.2,매도주의,장대음봉,잔구간,0.17,-1.2,2026-10-06
UPWK,0.8,8.36,1865905,2466124,15.6,21.01,0.7,0.4,-0.4,중립,팽이도지,완만한상승,0.3,0.66,2026-10-06
AIRJ,0.8,3.82,663795,815506,2.54,3.23,0.8,1.1,0.0,중립,팽이도지,잔구간,0.44,-0.035,2026-10-06
AI,0.8,11.24,3688687,4511807,41.46,45.14,0.9,1.4,0.0,중립,위꼬리양봉,완만한상승,0.18,-0.48,2026-10-06
PALI,0.8,1.49,1972735,2405105,2.94,5.82,0.5,3.4,-1.3,매도주의,위꼬리음봉,완만한상승,0.25,-0.9,2026-10-06
PACK,0.8,3.97,365949,487194,1.45,2.19,0.7,1.8,-1.5,중립,음봉,잔구간,0.21,-0.525,2026-10-06
NU,0.8,15.66,96315779,116364300,1508.31,1288.35,1.2,1.8,1.4,강한매수,양봉,전고점돌파,0.92,2.7,2026-10-06
NRK,0.8,9.24,633384,824195,5.85,6.86,0.9,0.4,0.3,강한매수,양봉스프링,완만한상승,0.97,2.96,2026-10-06
GPRO,0.8,1.32,7624861,9451722,10.06,13.73,0.7,0.0,-2.9,중립,음봉,잔구간,0.14,-0.565,2026-10-06
GPGI,0.8,13.17,1486202,1907488,19.57,20.31,1.0,0.0,1.5,중립,양봉,전고점부근,0.61,0.38,2026-10-06
GNW,0.8,9.63,3914287,4844683,37.69,38.7,1.0,0.1,0.3,매수관심,팽이도지,완만한상승,0.48,0.88,2026-10-06
UNIT,0.8,8.1,3176558,3761687,25.73,25.54,1.0,1.0,0.9,중립,양봉,잔구간,0.68,0.46,2026-10-06
UNCY,0.8,4.23,786416,965764,3.33,4.36,0.8,0.2,0.7,중립,팽이도지,잔구간,0.56,0.035,2026-10-06
ULCC,0.8,6.25,1816881,2258676,11.36,14.45,0.8,2.8,-0.5,중립,팽이도지,완만한상승,0.26,0.61,2026-10-06
UAMY,0.8,3.99,3588230,4778890,14.32,19.51,0.7,1.8,-0.7,매도주의,위꼬리음봉,잔구간,0.24,-0.905,2026-10-06
UAA,0.8,4.88,9876899,12040336,48.2,51.48,0.9,0.9,3.0,강한매수,장대양봉,전고점돌파,0.94,4.03,2026-10-06
TWI,0.8,7.03,527511,667917,3.71,4.12,0.9,0.9,-0.1,매도주의,위꼬리음봉,잔구간,0.19,-0.935,2026-10-06
GTE,0.8,10.46,418752,503331,4.38,5.34,0.8,0.3,-0.5,중립,팽이도지,잔구간,0.39,-0.065,2026-10-06
GT,0.8,4.66,7567400,9436508,35.26,48.4,0.7,1.1,-1.5,중립,음봉,잔구간,0.0,-0.65,2026-10-06
PD,0.8,15.44,1285075,1554706,19.84,26.83,0.7,0.8,-1.7,중립,음봉,잔구간,0.27,-0.49,2026-10-06
BRSP,0.8,3.79,1507119,1813938,5.71,8.39,0.7,0.8,-0.3,중립,망치형,잔구간,0.83,0.7,2026-10-06
BOBS,0.8,14.68,751758,903753,11.04,13.81,0.8,0.1,3.7,강한매수,장대양봉,전고점돌파,0.87,3.94,2026-10-06
BLZE,0.8,13.8,1163377,1403564,16.05,24.43,0.7,1.5,-2.1,중립,음봉,잔구간,0.2,-0.53,2026-10-06
NHP,0.8,15.66,593270,727472,9.29,12.47,0.7,0.5,-1.8,매도주의,장대음봉,수횡파,0.34,-1.59,2026-10-06
PAYS,0.8,14.36,662709,779902,9.52,11.97,0.8,0.3,-3.4,매도주의,장대음봉,잔구간,0.3,-1.12,2026-10-06
TSLX,0.8,17.27,478431,575338,8.26,9.26,0.9,0.1,-1.9,강한매도,장대음봉,전저점이탈,0.05,-3.29,2026-10-06
TRIP,0.8,8.52,2523946,3217430,21.5,36.28,0.6,0.7,-3.8,매도주의,장대음봉,잔구간,0.25,-1.15,2026-10-06
TNYA,0.8,0.546,2703448,3297685,1.48,1.94,0.8,1.0,-4.1,강한매도,장대음봉,전저점이탈,0.13,-3.19,2026-10-06
HOPE,0.8,13.48,763724,989295,10.3,12.92,0.8,0.0,-0.7,중립,음봉,잔구간,0.04,-0.625,2026-10-06
HLMN,0.8,7.04,1172206,1539896,8.25,10.45,0.8,0.6,0.6,중립,위꼬리양봉,완만한상승,0.5,-0.1,2026-10-06
HIVE,0.8,2.9,7949794,9476284,23.05,32.07,0.7,1.2,-1.2,중립,음봉,잔구간,0.18,-0.54,2026-10-06
HIO,0.8,3.28,433769,575354,1.42,2.39,0.6,0.6,0.6,매수관심,양봉,완만한상승,0.75,1.9,2026-10-06
HGTY,0.8,13.83,350416,463807,4.85,5.48,0.9,0.4,0.1,매수관심,팽이도지,완만한상승,0.48,0.88,2026-10-06
HBNC,0.8,19.31,598791,710994,11.56,13.24,0.9,0.6,-0.2,매도주의,위꼬리음봉,잔구간,0.09,-0.995,2026-10-06
ALMS,0.8,6.93,1745543,2188410,12.1,17.02,0.7,0.7,0.6,강한매수,양봉스프링,완만한상승,0.94,2.93,2026-10-06
ALIT,0.8,9.06,471811,601859,4.27,5.67,0.8,0.3,3.3,중립,양봉,잔구간,0.59,0.405,2026-10-06
NEXA,0.8,12.45,370476,477112,4.61,6.01,0.8,0.8,-1.0,중립,음봉,잔구간,0.33,-0.45,2026-10-06
NCNO,0.8,19.12,1517561,1989021,29.02,42.08,0.7,0.4,-1.2,중립,음봉,잔구간,0.33,-0.45,2026-10-06
NAVI,0.8,8.93,956804,1266724,8.54,12.16,0.7,0.6,-1.8,매도주의,장대음봉,잔구간,0.09,-1.245,2026-10-06
NAUT,0.8,1.77,11022083,13488061,19.51,15.19,1.3,1.1,-6.3,중립,음봉,잔구간,0.12,-0.58,2026-10-06
PGY,0.8,18.05,1865995,2340898,33.68,53.47,0.6,1.5,-3.4,매도주의,장대음봉,잔구간,0.15,-1.21,2026-10-06
PFN,0.8,6.32,476443,623404,3.01,4.31,0.7,0.3,1.8,강한매수,장대양봉,완만한상승,1.0,3.5,2026-10-06
PFFD,0.8,17.57,1168365,1530588,20.53,25.17,0.8,0.3,-0.2,중립,음봉,잔구간,0.09,-0.595,2026-10-06
PEPG,0.8,2.31,590170,763701,1.36,2.41,0.6,0.8,-2.9,중립,음봉,잔구간,0.4,-0.41,2026-10-06
AKR,0.8,18.39,1190831,1424520,21.9,22.74,1.0,0.2,-0.3,중립,팽이도지,전저점부근,0.32,0.53,2026-10-06
AIRS,0.8,1.86,724569,859521,1.35,1.85,0.7,2.1,-4.6,중립,음봉,잔구간,0.08,-0.6,2026-10-06
CIFR,0.8,15.5,22577534,29338838,349.95,499.61,0.7,0.7,-0.6,중립,팽이도지,잔구간,0.5,0.0,2026-10-06
TDUP,0.8,2.16,1036199,1376258,2.24,3.48,0.6,0.0,-0.5,중립,망치형,잔구간,0.82,0.69,2026-10-06
SVRA,0.8,4.65,2291156,2758030,10.65,15.22,0.7,0.8,-3.5,강한매도,장대음봉,전저점이탈,0.21,-3.1,2026-10-06
ICLN,0.8,17.54,5556896,6790419,97.47,112.18,0.9,1.1,0.3,강한매수,양봉,전고점돌파,0.59,2.31,2026-10-06
IBX,0.8,15.55,393566,479685,6.12,8.5,0.7,1.3,-1.5,중립,음봉,잔구간,0.08,-0.6,2026-10-06
IAG,0.8,18.55,3647081,4456860,67.65,94.14,0.7,0.5,0.1,중립,팽이도지,잔구간,0.52,0.01,2026-10-06
HYMC,0.8,19.09,1448127,1927149,27.64,39.12,0.7,1.6,-0.1,중립,망치형,잔구간,0.86,0.715,2026-10-06
HUMA,0.8,0.478,4281127,5177297,2.05,2.22,0.9,0.2,-4.6,강한매도,장대음봉,전저점이탈,0.15,-3.17,2026-10-06
HTGC,0.8,16.57,972815,1215535,16.12,20.25,0.8,0.1,-0.8,강한매도,장대음봉,전저점이탈,0.05,-3.29,2026-10-06
NAMM,0.8,1.2,1152189,1534620,1.38,5.23,0.3,-0.4,-3.2,중립,망치형,잔구간,0.71,0.625,2026-10-06
MYI,0.8,9.64,865693,1045622,8.35,10.48,0.8,0.0,1.0,강한매수,장대양봉,완만한상승,0.81,3.27,2026-10-06
MVST,0.8,0.612,2417543,3053545,1.48,2.94,0.5,1.1,-1.8,중립,음봉,전저점부근,0.08,-0.45,2026-10-06
BCAT,0.8,13.71,773333,1008104,10.6,16.87,0.6,-0.4,0.9,강한매수,장대양봉,완만한상승,0.82,3.28,2026-10-06
BBN,0.8,14.34,301076,360428,4.32,5.89,0.7,0.1,0.8,강한매수,장대양봉,완만한상승,0.75,3.2,2026-10-06
HSLV,0.8,5.18,575898,697922,2.98,4.09,0.7,1.1,-2.4,중립,음봉,잔구간,0.26,-0.495,2026-10-06
STWD,0.8,12.93,6169953,7907342,79.78,87.41,0.9,0.6,-1.0,중립,음봉,전저점부근,0.48,0.03,2026-10-06
STUB,0.8,5.73,4963793,6466443,28.44,38.0,0.7,0.9,2.7,중립,양봉,전고점부근,0.7,0.49,2026-10-06
AMCX,0.8,10.98,577059,695619,6.34,6.93,0.9,0.0,-1.4,중립,음봉,잔구간,0.32,-0.46,2026-10-06
SRAD,0.8,12.18,1409656,1818965,17.17,32.39,0.5,0.7,0.2,중립,팽이도지,완만한상승,0.4,0.78,2026-10-06
SPRY,0.8,4.295,1219176,1459924,5.24,5.77,0.9,0.5,-0.3,강한매수,망치형,완만한상승,0.93,2.42,2026-10-06
CSQR,0.8,18.04,1188024,1547680,21.43,24.18,0.9,0.7,1.5,강한매수,양봉,전고점돌파,0.68,2.42,2026-10-06
FLYW,0.8,18.215,1191830,1496555,21.71,27.78,0.8,0.4,-0.2,매수관심,망치형,전고점부근,0.73,0.83,2026-10-06
FLOC,0.8,18.56,554038,698024,10.28,10.38,1.0,0.2,0.2,강한매수,양봉스프링,완만한상승,0.93,2.92,2026-10-06
CRSR,0.8,13.64,806232,1054147,11.0,14.39,0.8,0.7,0.1,중립,팽이도지,잔구간,0.41,-0.055,2026-10-06
DRH,0.8,12.375,2464101,3040782,30.49,39.44,0.8,0.3,-0.7,매도주의,위꼬리음봉,잔구간,0.14,-0.965,2026-10-06
MRLN,0.8,1.56,2211350,2859372,3.45,6.56,0.5,0.6,-1.3,중립,팽이도지,전저점부근,0.33,0.55,2026-10-06
MORT,0.8,7.87,2156830,2628341,16.97,19.87,0.9,0.4,0.1,중립,팽이도지,잔구간,0.72,0.13,2026-10-06
BTGO,0.8,7.19,750840,899989,5.4,8.69,0.6,0.4,-3.0,중립,음봉,잔구간,0.21,-0.525,2026-10-06
PRTA,0.8,8.02,510608,618879,4.1,4.5,0.9,0.1,-3.1,중립,음봉,잔구간,0.46,-0.375,2026-10-06
PRLD,0.8,3.81,383739,499477,1.46,2.29,0.6,0.3,0.8,강한매수,양봉스프링,완만한상승,0.93,2.92,2026-10-06
PRGO,0.8,14.0,2035381,2573679,28.5,44.81,0.6,0.9,-3.9,매도주의,장대음봉,전저점부근,0.12,-1.71,2026-10-06
PPLT,0.8,15.47,1788555,2384567,27.67,31.81,0.9,-1.3,0.7,중립,양봉,잔구간,0.88,0.58,2026-10-06
PNNT,0.8,3.21,403399,526593,1.29,1.58,0.8,0.6,-1.2,강한매도,장대음봉,전저점이탈,0.0,-3.35,2026-10-06
CGC,0.8,0.891,1571458,1883837,1.4,2.17,0.6,1.6,-0.9,중립,음봉,잔구간,0.64,-0.265,2026-10-06
CDE,0.8,17.17,25137149,33437736,431.6,678.53,0.6,1.6,-0.9,중립,망치형,잔구간,0.65,0.59,2026-10-06
FNB,0.8,17.28,4020233,5290313,69.47,90.37,0.8,0.5,-1.1,매도주의,장대음봉,잔구간,0.13,-1.22,2026-10-06
AVEX,0.8,15.15,1406876,1681421,21.31,22.66,0.9,1.6,-0.1,중립,팽이도지,잔구간,0.55,0.03,2026-10-06
PUMP,0.8,9.53,2934957,3687932,27.97,38.19,0.7,-0.2,-0.4,매도주의,위꼬리음봉,잔구간,0.2,-0.93,2026-10-06
EGHT,0.8,2.17,1362470,1755359,2.96,4.74,0.6,1.3,-4.4,매도주의,장대음봉,수횡파,0.29,-1.65,2026-10-06
JKS,0.8,9.09,549999,698726,5.0,7.17,0.7,0.3,-1.5,중립,음봉,잔구간,0.13,-0.57,2026-10-06
JELD,0.8,1.82,1484186,1904623,2.7,4.08,0.7,-0.6,4.0,중립,양봉,잔구간,0.62,0.42,2026-10-06
JBS,0.8,12.02,4804787,6018447,57.75,69.41,0.8,0.9,0.2,중립,위꼬리양봉,완만한상승,0.27,-0.38,2026-10-06
JBI,0.8,4.32,1419026,1883711,6.13,8.88,0.7,1.4,-1.8,매도주의,장대음봉,잔구간,0.1,-1.24,2026-10-06
JACK,0.8,12.28,392844,515424,4.82,6.41,0.8,0.6,-1.2,중립,음봉,잔구간,0.19,-0.535,2026-10-06
SNDG,0.8,9.4,3718938,4638038,34.96,56.15,0.6,-0.4,-4.7,매도주의,장대음봉,전저점부근,0.16,-1.66,2026-10-06
SMMT,0.8,17.31,5875829,7026056,101.71,135.94,0.7,1.3,-1.0,강한매수,망치형,완만한상승,0.78,2.24,2026-10-06
SMCY,0.8,5.55,654471,859327,3.63,5.01,0.7,0.9,0.0,중립,팽이도지,완만한상승,0.33,0.7,2026-10-06
SLDP,0.8,2.35,2286183,2830543,5.37,6.73,0.8,2.0,0.2,중립,팽이도지,잔구간,0.5,0.0,2026-10-06
SLDB,0.8,6.92,1188692,1402917,8.23,10.24,0.8,0.7,-2.7,중립,음봉,잔구간,0.59,-0.295,2026-10-06
KDK,0.8,1.72,7015134,9315944,12.07,18.49,0.7,4.0,-4.4,중립,음봉,잔구간,0.42,-0.4,2026-10-06
KBWD,0.8,10.82,515689,672571,5.58,6.12,0.9,0.4,-0.1,중립,팽이도지,잔구간,0.59,0.055,2026-10-06
KBDC,0.8,12.61,321898,380863,4.06,5.13,0.8,0.2,-0.9,매도주의,장대음봉,잔구간,0.03,-1.28,2026-10-06
JOBY,0.8,5.78,16520444,21225079,95.49,125.41,0.8,0.7,-0.7,매도주의,위꼬리음봉,잔구간,0.25,-0.9,2026-10-06
JMIA,0.8,6.8,761514,925406,5.18,8.55,0.6,0.9,-0.7,중립,음봉,잔구간,0.45,-0.38,2026-10-06
ASC,0.8,18.82,539239,711500,10.15,12.43,0.8,-0.6,-2.1,매도주의,장대음봉,잔구간,0.22,-1.17,2026-10-06
ARLO,0.8,12.8,1017698,1275806,13.03,15.76,0.8,1.1,0.5,매수관심,양봉스프링,잔구간,0.95,1.02,2026-10-06
PYXS,0.8,2.02,1405475,1758253,2.84,4.17,0.7,-0.9,-9.0,강한매도,장대음봉,전저점이탈,0.09,-3.24,2026-10-06
F,0.8,12.28,35710850,46094427,438.53,535.66,0.8,0.4,0.7,중립,양봉,잔구간,0.82,0.54,2026-10-06
EVH,0.8,3.84,1589938,1873295,6.11,7.44,0.8,1.4,4.9,강한매수,장대양봉,전고점돌파,0.87,3.94,2026-10-06
AXTL,0.8,3.9,904292,1067664,3.53,3.84,0.9,3.1,-9.1,매도주의,장대음봉,잔구간,0.02,-1.29,2026-10-06
ARI,0.8,6.25,2946434,3877660,18.42,21.88,0.8,0.2,0.2,매수관심,팽이도지,완만한상승,0.63,1.06,2026-10-06
CAG,0.8,13.45,14387464,17647626,193.51,233.77,0.8,0.3,1.7,중립,양봉,잔구간,0.52,0.36,2026-10-06
CANG,0.8,3.02,779732,931206,2.35,1.7,1.4,1.1,9.8,강한매수,장대양봉,전고점돌파,0.9,3.98,2026-10-06
SHLS,0.8,8.49,3298339,3894418,28.0,30.46,0.9,0.2,3.9,강한매수,장대양봉,완만한상승,0.83,3.3,2026-10-06
SHEN,0.8,11.5,671866,868158,7.73,10.16,0.8,0.9,1.8,중립,양봉,잔구간,0.89,0.585,2026-10-06
SG,0.8,9.14,5104741,6035842,46.66,48.63,1.0,-0.1,0.7,중립,위꼬리양봉,완만한상승,0.33,-0.3,2026-10-06
SFIX,0.8,2.67,3345282,4162031,8.93,15.07,0.6,0.4,-0.7,중립,망치형,잔구간,0.61,0.565,2026-10-06
SERV,0.8,4.77,2104711,2698058,10.04,12.67,0.8,0.2,-2.5,매도주의,장대음봉,잔구간,0.21,-1.175,2026-10-06
LU,0.8,1.01,1239114,1566793,1.25,2.61,0.5,-1.0,-1.0,강한매도,위꼬리음봉,전저점이탈,0.22,-2.59,2026-10-06
LPL,0.8,3.09,1683615,2132401,5.2,7.84,0.7,1.6,-1.9,매도주의,장대음봉,잔구간,0.0,-1.3,2026-10-06
RCAT,0.8,6.34,4843427,5877790,30.71,47.85,0.6,0.6,-0.7,매도주의,위꼬리음봉,잔구간,0.22,-0.92,2026-10-06
RC,0.8,1.12,1412442,1709590,1.58,2.2,0.7,2.7,-0.9,중립,팽이도지,잔구간,0.33,-0.1,2026-10-06
MNKD,0.8,3.71,3070738,3743327,11.39,24.81,0.5,1.0,-3.9,매도주의,장대음봉,잔구간,0.12,-1.23,2026-10-06
MMU,0.8,9.03,346121,434630,3.13,3.55,0.9,0.0,2.1,매수관심,장대양봉,잔구간,0.91,1.245,2026-10-06
MLCO,0.8,4.24,1447435,1901057,6.14,8.72,0.7,1.2,-0.9,매도주의,위꼬리음봉,잔구간,0.0,-1.05,2026-10-06
MITT,0.8,5.67,432437,557729,2.45,2.84,0.9,0.5,0.2,중립,팽이도지,잔구간,0.48,-0.01,2026-10-06
SBET,0.8,9.5,5045283,5945035,47.93,72.98,0.7,-0.1,-0.8,매도주의,위꼬리음봉,잔구간,0.22,-0.92,2026-10-06
SATL,0.8,5.51,4701659,6146290,25.91,33.84,0.8,2.6,0.9,중립,팽이도지,잔구간,0.39,-0.065,2026-10-06
EFC,0.8,11.67,1887590,2356585,22.03,22.53,1.0,0.5,1.0,중립,양봉,잔구간,0.95,0.62,2026-10-06
EC,0.8,16.96,1313775,1697871,22.28,27.14,0.8,-0.6,-1.1,중립,음봉,잔구간,0.0,-0.65,2026-10-06
LULG,0.8,3.598,798962,1052782,2.87,2.98,1.0,0.3,0.5,중립,팽이도지,잔구간,0.59,0.055,2026-10-06
BV,0.8,10.49,796823,981574,8.36,10.19,0.8,1.2,1.6,중립,양봉,전고점부근,0.73,0.53,2026-10-06
BTZ,0.8,9.43,410404,508668,3.87,4.44,0.9,0.5,1.0,강한매수,장대양봉,완만한상승,1.0,3.5,2026-10-06
BTQ,0.8,3.26,1473586,1859373,4.8,5.9,0.8,1.9,1.6,강한매수,양봉,전고점돌파,0.42,2.1,2026-10-06
RUN,0.8,7.77,5916085,7256720,45.97,61.06,0.8,0.5,1.6,매수관심,양봉,완만한상승,0.69,1.83,2026-10-06
RQI,0.8,11.08,727033,876613,8.06,9.03,0.9,0.2,1.2,매수관심,장대양봉,잔구간,0.75,1.15,2026-10-06
AURA,0.8,6.17,607526,736452,3.75,5.62,0.7,0.6,-1.4,중립,음봉,잔구간,0.41,-0.405,2026-10-06
RMIX,0.8,11.55,457997,559930,5.29,6.42,0.8,0.1,-1.3,중립,음봉,잔구간,0.09,-0.595,2026-10-06
RES,0.8,6.04,1623725,2082452,9.81,13.16,0.7,0.0,-1.0,중립,음봉,잔구간,0.51,-0.345,2026-10-06
REF,0.8,13.19,397641,529575,5.24,6.57,0.8,0.3,1.0,매수관심,팽이도지,전고점돌파,0.7,1.74,2026-10-06
ATOM,0.8,4.46,330269,427230,1.47,2.0,0.7,0.9,-4.3,매도주의,장대음봉,잔구간,0.0,-1.3,2026-10-06
ASPI,0.8,2.85,4241633,5493300,12.09,13.29,0.9,0.0,-2.7,중립,음봉,잔구간,0.29,-0.475,2026-10-06
AADX,0.8,11.8,1895218,2290484,22.36,23.76,0.9,0.8,1.7,중립,양봉,잔구간,0.74,0.495,2026-10-06
ZIP,0.8,3.68,481433,568789,1.77,2.15,0.8,1.1,0.8,매수관심,팽이도지,전고점돌파,0.72,1.76,2026-10-06
CYPH,0.8,3.26,13082637,15535794,42.65,67.44,0.6,0.0,2.8,매수관심,양봉,완만한상승,0.54,1.65,2026-10-06
CWEB,0.8,18.36,587140,726440,10.78,18.1,0.6,-0.8,0.4,매수관심,양봉스프링,잔구간,0.82,0.94,2026-10-06
YMAX,0.8,7.67,792121,962581,6.08,8.1,0.7,-0.1,-0.4,매도주의,위꼬리음봉,잔구간,0.09,-0.995,2026-10-06
WU,0.8,6.14,6309655,8251179,38.74,53.16,0.7,-0.3,1.0,중립,양봉,잔구간,0.73,0.49,2026-10-06
WTTR,0.8,19.99,1726356,2054239,34.51,43.79,0.8,0.0,-0.3,중립,망치형,잔구간,0.71,0.625,2026-10-06
ADBG,0.8,3.67,1477424,1862069,5.42,9.16,0.6,0.8,-1.3,중립,음봉,잔구간,0.4,-0.41,2026-10-06
ABX,0.8,8.39,464931,606969,3.9,5.97,0.7,1.2,0.6,중립,양봉,잔구간,0.48,0.34,2026-10-06
XMAX,0.7,8.76,412087,569196,3.61,4.84,0.7,-0.2,0.8,매수관심,양봉,완만한상승,0.69,1.83,2026-10-06
OCTV,0.7,19.72,1329647,1948324,26.22,35.8,0.7,-0.0,-1.9,매도주의,장대음봉,잔구간,0.06,-1.265,2026-10-06
BDJ,0.7,9.45,422735,647249,3.99,4.91,0.8,0.5,0.6,중립,양봉,잔구간,1.0,0.65,2026-10-06
BILI,0.7,14.9,1808117,2440232,26.94,38.55,0.7,0.1,0.9,강한매수,양봉,완만한상승,0.86,2.03,2026-10-06
NWBI,0.7,14.93,719216,1073769,10.74,16.0,0.7,0.3,-1.0,중립,음봉,잔구간,0.11,-0.585,2026-10-06
NUAI,0.7,5.86,4796360,7249613,28.11,59.98,0.5,0.8,-3.9,매도주의,장대음봉,잔구간,0.23,-1.16,2026-10-06
AEG,0.7,8.48,4015575,5812840,34.05,53.07,0.6,0.8,-0.9,매도주의,장대음봉,잔구간,0.0,-1.3,2026-10-06
MH,0.7,12.98,497287,689890,6.45,9.71,0.7,0.8,2.3,중립,양봉,잔구간,0.83,0.55,2026-10-06
MFG,0.7,11.15,2339157,3427524,26.08,39.01,0.7,1.3,-0.2,매도주의,위꼬리음봉,완만한상승,0.05,-1.14,2026-10-06
METC,0.7,8.22,1554409,2145049,12.78,17.31,0.7,0.1,2.8,중립,양봉,잔구간,0.93,0.61,2026-10-06
CABO,0.7,12.97,420560,587492,5.45,7.47,0.7,1.3,13.8,매수관심,장대양봉,잔구간,0.96,1.275,2026-10-06
CABA,0.7,2.02,4134809,5571328,8.35,12.44,0.7,1.0,-3.8,중립,음봉,잔구간,0.34,-0.445,2026-10-06
BYND,0.7,7.99,633039,855169,5.06,13.81,0.4,0.7,-1.6,중립,음봉,잔구간,0.19,-0.535,2026-10-06
ASLE,0.7,4.97,380559,514877,1.89,2.59,0.7,0.4,0.0,중립,위꼬리양봉,잔구간,0.13,-0.72,2026-10-06
AAPD,0.7,10.28,3974689,6062790,40.86,61.82,0.7,0.2,-0.5,중립,음봉,잔구간,0.18,-0.54,2026-10-06
ABAT,0.7,2.15,1997178,2914171,4.29,9.86,0.4,0.9,-1.8,중립,음봉,잔구간,0.0,-0.65,2026-10-06
ABOS,0.7,2.03,562868,844894,1.14,1.58,0.7,0.0,-4.7,매도주의,장대음봉,잔구간,0.21,-1.175,2026-10-06
VKQ,0.7,8.55,302874,465608,2.59,4.05,0.6,2.4,-0.6,강한매수,망치형,완만한상승,0.8,2.26,2026-10-06
VISN,0.7,6.15,4564712,6438952,28.07,34.95,0.8,0.6,-1.4,중립,음봉,잔구간,0.41,-0.405,2026-10-06
VET,0.7,11.6,814652,1110100,9.45,15.12,0.6,-0.5,-0.6,중립,팽이도지,잔구간,0.4,-0.06,2026-10-06
CONY,0.7,19.83,592089,881756,11.74,15.95,0.7,0.5,-1.3,중립,음봉,잔구간,0.12,-0.58,2026-10-06
DNOW,0.7,15.88,1519057,2092555,24.12,30.18,0.8,0.6,-0.7,중립,음봉,잔구간,0.14,-0.565,2026-10-06
DEI,0.7,9.81,1735137,2664394,17.02,26.63,0.6,0.8,0.9,중립,양봉,잔구간,0.74,0.495,2026-10-06
DDD,0.7,3.59,1855720,2535773,6.66,8.06,0.8,0.3,0.6,중립,위꼬리양봉,완만한상승,0.27,-0.38,2026-10-06
NMAX,0.7,10.01,591057,872059,5.92,8.79,0.7,0.4,0.0,중립,팽이도지,잔구간,0.5,0.0,2026-10-06
RITM,0.7,8.66,6226853,8333505,53.92,68.25,0.8,0.9,-1.8,매도주의,장대음봉,잔구간,0.2,-1.18,2026-10-06
RGNX,0.7,7.45,1164413,1746859,8.67,11.62,0.7,0.4,-4.4,매도주의,장대음봉,잔구간,0.24,-1.155,2026-10-06
REZI,0.7,18.92,1157436,1635425,21.9,28.41,0.8,0.7,1.2,강한매수,양봉,전고점돌파,0.85,2.62,2026-10-06
RERE,0.7,3.76,326367,453468,1.23,1.73,0.7,0.0,0.0,중립,위꼬리양봉,잔구간,0.18,-0.69,2026-10-06
REM,0.7,17.69,1518148,2197895,26.86,40.26,0.7,0.1,0.5,중립,양봉,잔구간,0.76,0.505,2026-10-06
REI,0.7,1.34,1334568,1866562,1.79,2.93,0.6,0.0,0.0,매수관심,팽이도지,완만한상승,0.6,1.02,2026-10-06
REAX,0.7,16.74,347091,502543,5.81,11.47,0.5,0.5,1.3,매수관심,양봉,완만한상승,0.69,1.83,2026-10-06
ORCU,0.7,7.28,4097171,5496500,29.83,46.57,0.6,2.0,1.3,중립,위꼬리양봉,완만한상승,0.34,-0.29,2026-10-06
CRMD,0.7,7.28,744256,1000468,5.42,6.71,0.8,1.7,-1.4,중립,음봉,완만한상승,0.56,0.27,2026-10-06
CRF,0.7,6.25,835278,1263487,5.22,7.62,0.7,0.0,1.6,강한매수,장대양봉,전고점돌파,1.0,4.1,2026-10-06
CRDU,0.7,11.49,4852290,7050592,55.75,66.96,0.8,0.4,7.2,매수관심,양봉,완만한상승,0.66,1.79,2026-10-06
CRCT,0.7,6.38,426932,653065,2.72,4.2,0.6,0.6,-2.0,매도주의,장대음봉,잔구간,0.06,-1.265,2026-10-06
CRCD,0.7,2.146,2078539,2809949,4.46,6.95,0.6,-1.8,-0.7,중립,망치형,잔구간,0.72,0.63,2026-10-06
CMRC,0.7,3.21,332246,487268,1.07,1.73,0.6,0.6,-0.6,매도주의,위꼬리음봉,완만한상승,0.24,-0.91,2026-10-06
DXD,0.7,17.74,2796676,3836999,49.61,71.91,0.7,-0.8,-0.1,중립,팽이도지,잔구간,0.55,0.03,2026-10-06
CTMX,0.7,2.56,1955984,2695944,5.01,10.04,0.5,1.2,-1.9,중립,음봉,잔구간,0.44,-0.385,2026-10-06
SAFE,0.7,12.1,549864,806841,6.65,8.7,0.8,0.7,1.0,매수관심,장대양봉,잔구간,0.69,1.115,2026-10-06
LXRX,0.7,1.75,1640479,2517051,2.87,7.53,0.4,0.6,0.0,중립,팽이도지,잔구간,0.5,0.0,2026-10-06
LWLG,0.7,5.62,2743688,3884422,15.42,17.73,0.9,3.0,-1.7,매도주의,위꼬리음봉,완만한상승,0.17,-1.0,2026-10-06
MAT,0.7,15.93,9861318,13201895,157.09,157.27,1.0,-0.6,-0.1,중립,팽이도지,잔구간,0.62,0.07,2026-10-06
RUM,0.7,7.65,3333123,4579007,25.5,35.65,0.7,3.1,0.5,중립,위꼬리양봉,잔구간,0.37,-0.58,2026-10-06
PAL,0.7,3.42,500054,683302,1.71,3.26,0.5,0.6,-5.3,매도주의,장대음봉,잔구간,0.04,-1.275,2026-10-06
OXSQ,0.7,1.28,813866,1200347,1.04,1.26,0.8,0.8,0.0,강한매수,양봉스프링,완만한상승,1.0,3.0,2026-10-06
NRGV,0.7,3.88,2560141,3413847,9.93,14.4,0.7,0.8,-0.5,중립,팽이도지,잔구간,0.6,0.06,2026-10-06
NPKI,0.7,12.01,531390,748570,6.38,10.46,0.6,0.9,0.8,매수관심,양봉,완만한상승,0.65,1.78,2026-10-06
NOV,0.7,19.0,2747338,3746828,52.2,65.24,0.8,0.5,-3.1,매도주의,장대음봉,잔구간,0.0,-1.3,2026-10-06
NNDM,0.7,1.57,1212457,1702679,1.9,2.65,0.7,-0.6,-1.9,매도주의,장대음봉,잔구간,0.2,-1.18,2026-10-06
NMZ,0.7,8.94,1435858,1933930,12.84,15.54,0.8,0.3,1.7,강한매수,장대양봉,완만한상승,1.0,3.5,2026-10-06
NMRK,0.7,12.59,1463634,2007380,18.43,26.91,0.7,0.8,-0.7,중립,음봉,잔구간,0.19,-0.535,2026-10-06
AGNC,0.7,8.7,32839481,45092254,285.7,379.96,0.8,0.6,0.0,매수관심,양봉스프링,잔구간,0.79,0.925,2026-10-06
SCTX,0.7,16.33,464577,670699,7.59,13.31,0.6,-0.6,1.3,중립,팽이도지,잔구간,0.53,0.02,2026-10-06
RBBN,0.7,1.77,976012,1322577,1.73,2.58,0.7,1.8,2.3,중립,양봉,잔구간,0.88,0.58,2026-10-06
BTAL,0.7,11.91,384718,569752,4.58,7.78,0.6,-0.3,0.3,매수관심,양봉,완만한상승,0.64,1.77,2026-10-06
BSCQ,0.7,19.535,675105,950388,13.19,16.96,0.8,0.0,0.0,중립,양봉,전고점부근,0.5,0.25,2026-10-06
MNTS,0.7,3.6,431927,593641,1.55,2.38,0.7,0.0,0.6,중립,팽이도지,잔구간,0.47,-0.02,2026-10-06
MLN,0.7,16.25,1306681,1742651,21.23,21.41,1.0,-0.1,-0.3,중립,음봉,잔구간,0.24,-0.505,2026-10-06
QYLD,0.7,18.68,2246463,3433091,41.96,67.09,0.6,0.1,-0.0,강한매수,망치형,전고점돌파,0.67,2.7,2026-10-06
SCO,0.7,19.47,3834125,5789069,74.65,131.7,0.6,1.2,-1.8,매도주의,장대음봉,잔구간,0.11,-1.235,2026-10-06
ECAT,0.7,14.14,476346,647985,6.74,8.2,0.8,0.9,0.9,중립,양봉,잔구간,0.79,0.525,2026-10-06
GPRE,0.7,15.16,708945,1016864,10.75,17.57,0.6,0.0,0.1,중립,위꼬리양봉,잔구간,0.2,-0.68,2026-10-06
GOOD,0.7,12.71,459494,655568,5.84,7.47,0.8,-0.2,-0.5,중립,음봉,잔구간,0.1,-0.59,2026-10-06
GO,0.7,11.41,1801912,2693063,20.56,27.77,0.7,0.2,-0.3,중립,팽이도지,잔구간,0.61,0.065,2026-10-06
GNL,0.7,8.14,2312474,3405581,18.82,25.7,0.7,0.1,-0.1,중립,팽이도지,잔구간,0.58,0.05,2026-10-06
GMRS,0.7,10.2,826269,1134733,8.43,10.24,0.8,0.2,2.0,중립,양봉,잔구간,0.93,0.61,2026-10-06
GMEU,0.7,9.11,710869,989339,6.48,9.63,0.7,-2.4,-1.2,중립,팽이도지,잔구간,0.44,-0.035,2026-10-06
TU,0.7,7.88,4979208,7452065,39.24,59.91,0.7,-0.5,0.5,중립,팽이도지,잔구간,0.57,0.04,2026-10-06
HAYW,0.7,12.31,2364805,3159413,29.11,52.14,0.6,0.8,-1.8,매도주의,장대음봉,잔구간,0.11,-1.235,2026-10-06
HAPN,0.7,15.35,1149124,1641027,17.64,28.25,0.6,1.0,-1.7,매도주의,장대음봉,잔구간,0.14,-1.215,2026-10-06
GTM,0.7,3.65,3655813,5260544,13.34,19.11,0.7,-0.8,-1.9,중립,음봉,잔구간,0.33,-0.45,2026-10-06
GSBD,0.7,9.03,676291,920045,6.11,7.54,0.8,0.2,-0.4,매도주의,위꼬리음봉,잔구간,0.08,-1.0,2026-10-06
CAN,0.7,0.324,5369093,7563671,1.74,3.06,0.6,1.8,-4.3,매도주의,장대음봉,전저점부근,0.11,-1.72,2026-10-06
SHNY,0.7,8.01,709401,986499,5.68,10.14,0.6,1.4,0.6,중립,팽이도지,잔구간,0.61,0.065,2026-10-06
SGML,0.7,9.71,2067418,3057924,20.07,24.65,0.8,-0.4,1.9,강한매수,양봉,완만한상승,0.84,2.01,2026-10-06
SGHT,0.7,8.56,316692,482013,2.71,3.65,0.7,0.7,-4.7,매도주의,장대음봉,잔구간,0.14,-1.215,2026-10-06
LFST,0.7,12.12,2496318,3372113,30.26,53.06,0.6,-0.2,-0.7,중립,팽이도지,수횡파,0.5,0.6,2026-10-06
SDEV,0.7,3.25,64331969,97659100,209.08,264.58,0.8,-11.7,-6.6,매도주의,위꼬리음봉,잔구간,0.15,-0.96,2026-10-06
GRNT,0.7,4.61,845910,1242237,3.9,5.72,0.7,-0.4,2.7,강한매수,장대양봉,전고점부근,0.91,2.04,2026-10-06
PCT,0.7,4.005,5060957,6930123,20.27,32.87,0.6,2.2,-4.2,매도주의,장대음봉,잔구간,0.28,-1.13,2026-10-06
BRSL,0.7,10.21,1660138,2508737,16.95,29.05,0.6,0.9,1.9,강한매수,장대양봉,전고점돌파,0.76,3.81,2026-10-06
PCG,0.7,12.5,25116314,37305467,313.95,515.7,0.6,0.3,0.9,강한매수,양봉,완만한상승,1.0,2.2,2026-10-06
PAYP,0.7,15.51,521026,796458,8.08,10.36,0.8,0.0,1.6,매수관심,장대양봉,잔구간,0.7,1.12,2026-10-06
TSLL,0.7,10.31,48492918,65092521,499.96,641.35,0.8,1.8,-0.8,중립,음봉,완만한상승,0.42,0.1,2026-10-06
QNST,0.7,15.02,660680,899160,9.92,19.03,0.5,0.1,0.1,강한매수,양봉스프링,완만한상승,0.81,2.77,2026-10-06
EYPT,0.7,3.17,1977447,2985762,6.27,10.11,0.6,1.0,-0.3,중립,팽이도지,잔구간,0.44,-0.035,2026-10-06
EXK,0.7,8.67,4932554,7155481,42.77,71.95,0.6,1.0,-0.2,중립,망치형,잔구간,0.76,0.655,2026-10-06
EVLV,0.7,4.68,1562981,2264804,7.31,9.98,0.7,0.9,3.5,매수관심,장대양봉,잔구간,0.85,1.21,2026-10-06
EVGO,0.7,1.32,2019176,3058716,2.67,4.64,0.6,0.7,-2.9,매도주의,장대음봉,잔구간,0.0,-1.3,2026-10-06
EVEX,0.7,1.71,773940,1056932,1.32,2.24,0.6,0.6,0.0,중립,팽이도지,잔구간,0.39,-0.065,2026-10-06
KURA,0.7,10.53,1309740,1879351,13.79,20.04,0.7,1.2,-2.0,중립,음봉,잔구간,0.35,-0.44,2026-10-06
TRDA,0.7,5.42,315919,433862,1.71,2.08,0.8,0.7,-1.8,중립,음봉,잔구간,0.63,-0.27,2026-10-06
TNDM,0.7,16.16,1484879,2196687,24.0,39.75,0.6,1.5,-3.6,중립,음봉,잔구간,0.2,-0.53,2026-10-06
TME,0.7,7.93,4314873,5761999,34.22,59.11,0.6,0.1,0.6,매수관심,양봉스프링,잔구간,0.84,0.955,2026-10-06
TLS,0.7,4.34,509993,698074,2.21,2.75,0.8,-0.2,-1.8,중립,음봉,잔구간,0.12,-0.58,2026-10-06
TK,0.7,14.7,375298,574344,5.52,7.94,0.7,-0.8,-0.9,중립,음봉,잔구간,0.53,-0.33,2026-10-06
TGB,0.7,8.81,3577423,5086368,31.52,51.51,0.6,0.8,-1.9,중립,음봉,잔구간,0.47,-0.37,2026-10-06
HLN,0.7,8.87,12837562,18955443,113.87,185.76,0.6,1.5,-0.9,매도주의,장대음봉,잔구간,0.35,-1.09,2026-10-06
HL,0.7,17.1,25370273,36008042,433.83,682.0,0.6,0.5,0.0,중립,팽이도지,잔구간,0.7,0.12,2026-10-06
INO,0.7,1.13,2013260,2803294,2.27,3.17,0.7,0.0,-1.7,중립,음봉,잔구간,0.2,-0.53,2026-10-06
INN,0.7,5.99,977015,1466406,5.85,8.88,0.7,0.7,-0.7,중립,팽이도지,완만한상승,0.3,0.66,2026-10-06
IMXI,0.7,12.09,434752,602140,5.26,8.92,0.6,0.7,1.9,강한매수,양봉,전고점돌파,0.68,2.42,2026-10-06
IVVD,0.7,0.806,5048786,7757375,4.07,8.25,0.5,1.5,-5.4,매도주의,장대음봉,잔구간,0.11,-1.235,2026-10-06
IVR,0.7,5.72,3017980,4204773,17.26,22.76,0.8,0.5,-0.2,중립,팽이도지,잔구간,0.56,0.035,2026-10-06
SMPL,0.7,9.96,1605278,2256319,15.99,20.43,0.8,0.8,-0.6,중립,음봉,완만한상승,0.33,-0.0,2026-10-06
SMCZ,0.7,4.09,1831203,2519019,7.49,12.06,0.6,-2.4,1.2,중립,팽이도지,잔구간,0.75,0.15,2026-10-06
KD,0.7,11.48,3162025,4464041,36.3,54.26,0.7,0.7,-1.8,매도주의,장대음봉,잔구간,0.24,-1.155,2026-10-06
NG,0.7,6.62,3157531,4672366,20.9,32.25,0.6,0.8,-0.6,중립,팽이도지,잔구간,0.36,-0.085,2026-10-06
NEOV,0.7,2.85,1020123,1536212,2.91,5.78,0.5,0.3,-4.0,매도주의,장대음봉,잔구간,0.1,-1.24,2026-10-06
NEA,0.7,10.0,2475420,3343089,24.75,31.75,0.8,0.5,1.4,강한매수,장대양봉,완만한상승,0.86,3.33,2026-10-06
PDO,0.7,12.08,923410,1237934,11.15,17.22,0.6,0.3,2.1,강한매수,장대양봉,완만한상승,0.93,3.42,2026-10-06
HSHP,0.7,17.78,330190,445937,5.87,9.02,0.7,-0.9,-0.6,중립,망치형,잔구간,0.56,0.535,2026-10-06
HSAI,0.7,16.27,588742,791697,9.58,14.64,0.7,1.6,0.6,중립,팽이도지,잔구간,0.58,0.05,2026-10-06
CLF,0.7,12.25,12077588,16650240,147.95,208.48,0.7,5.6,-4.9,매도주의,장대음봉,완만한상승,0.16,-1.51,2026-10-06
SNDX,0.7,17.37,1135156,1526787,19.72,31.36,0.6,0.9,-3.4,매도주의,음봉,전저점이탈,0.39,-1.58,2026-10-06
AVXL,0.7,1.6,1435117,2010653,2.3,3.01,0.8,0.9,-3.6,매도주의,음봉,전저점이탈,0.27,-1.73,2026-10-06
AVO,0.7,12.75,558251,837384,7.12,11.43,0.6,0.6,-0.2,중립,팽이도지,잔구간,0.27,-0.14,2026-10-06
ENOV,0.7,18.2,1017611,1498638,18.52,27.85,0.7,1.7,-4.3,매도주의,장대음봉,수횡파,0.15,-1.82,2026-10-06
ELME,0.7,1.75,1589820,2125798,2.78,2.85,1.0,0.0,0.0,중립,위꼬리양봉,완만한상승,0.0,-0.7,2026-10-06
PTON,0.7,4.87,5944673,8446983,28.95,48.68,0.6,1.0,-3.8,매도주의,장대음봉,잔구간,0.05,-1.27,2026-10-06
PSLV,0.7,20.0,5618509,8246124,112.37,138.36,0.8,0.5,0.6,매수관심,양봉,완만한상승,0.64,1.77,2026-10-06
CLB,0.7,10.3,580461,782320,5.98,7.77,0.8,0.0,-2.0,중립,음봉,잔구간,0.31,-0.465,2026-10-06
CHCT,0.7,13.63,328909,476118,4.48,5.9,0.8,0.3,1.7,매수관심,장대양봉,잔구간,0.96,1.275,2026-10-06
TDAY,0.7,7.35,1948018,2776377,14.32,17.71,0.8,-0.1,-0.9,중립,음봉,잔구간,0.46,-0.375,2026-10-06
TCPC,0.7,3.99,685047,914229,2.73,3.01,0.9,0.5,-0.2,매수관심,팽이도지,완만한상승,0.43,0.82,2026-10-06
SVV,0.7,9.2,954603,1385301,8.78,13.38,0.7,0.9,-0.8,중립,음봉,완만한상승,0.41,0.09,2026-10-06
IE,0.7,10.38,1415864,2144877,14.7,22.89,0.6,1.7,-1.2,중립,음봉,완만한상승,0.32,-0.02,2026-10-06
HYLN,0.7,4.04,1458948,2000014,5.89,8.73,0.7,0.7,-3.1,중립,음봉,잔구간,0.08,-0.6,2026-10-06
HTLD,0.7,11.33,414197,620715,4.69,8.06,0.6,0.1,-3.0,매도주의,장대음봉,잔구간,0.05,-1.27,2026-10-06
PML,0.7,6.54,985356,1415331,6.44,8.27,0.8,-0.3,1.4,매수관심,장대양봉,잔구간,0.86,1.215,2026-10-06
NAK,0.7,1.3,2978660,4186432,3.87,5.74,0.7,0.0,0.0,중립,팽이도지,잔구간,0.4,-0.06,2026-10-06
MQ,0.7,16.55,869449,1250173,14.39,20.12,0.7,0.2,-3.0,매도주의,장대음봉,수횡파,0.09,-1.89,2026-10-06
PROK,0.7,1.6,771314,1143123,1.23,2.24,0.6,0.0,1.3,매수관심,양봉,완만한상승,0.82,1.98,2026-10-06
CFFN,0.7,8.52,764064,1034126,6.51,9.18,0.7,0.4,-0.7,중립,음봉,잔구간,0.25,-0.5,2026-10-06
CDZI,0.7,3.5,818653,1176163,2.87,4.58,0.6,0.8,-2.8,중립,음봉,전저점부근,0.62,0.19,2026-10-06
IMUX,0.7,7.82,347887,525521,2.72,4.69,0.6,0.7,-3.8,매도주의,장대음봉,잔구간,0.13,-1.22,2026-10-06
IMPP,0.7,5.2,383534,541400,1.99,2.63,0.8,0.6,-1.9,매도주의,장대음봉,잔구간,0.38,-1.07,2026-10-06
FNKO,0.7,6.11,722375,1034282,4.41,5.67,0.8,0.7,0.0,강한매도,위꼬리양봉,전고점부근,0.16,-2.8600000000000003,2026-10-06
ANNX,0.7,4.03,2701303,3969437,10.89,14.0,0.8,0.2,-4.3,매도주의,장대음봉,잔구간,0.08,-1.25,2026-10-06
SPCG,0.7,11.23,1307224,1893630,14.68,25.56,0.6,-1.4,0.4,강한매수,양봉스프링,전저점부근,0.91,3.74,2026-10-06
SONO,0.7,17.43,1577125,2422438,27.49,39.42,0.7,0.3,-3.2,매도주의,장대음봉,수횡파,0.18,-1.78,2026-10-06
NAD,0.7,10.16,1745867,2392780,17.74,27.77,0.6,0.2,1.8,강한매수,장대양봉,완만한상승,0.8,3.26,2026-10-06
MX,0.7,3.43,1118926,1715475,3.84,9.36,0.4,0.0,-3.1,중립,음봉,잔구간,0.24,-0.505,2026-10-06
MUX,0.7,18.1,597057,900819,10.81,29.87,0.4,1.1,0.0,중립,팽이도지,잔구간,0.65,0.09,2026-10-06
MUD,0.7,9.25,4270509,6314364,39.5,59.44,0.7,0.0,1.8,강한매수,장대양봉,완만한상승,0.96,3.45,2026-10-06
MUA,0.7,9.41,446915,657384,4.21,5.6,0.8,0.1,0.1,강한매수,양봉스프링,완만한상승,0.82,2.78,2026-10-06
BCRX,0.7,7.95,3944024,5577377,31.35,47.29,0.7,0.6,-2.5,매도주의,장대음봉,잔구간,0.29,-1.125,2026-10-06
STIM,0.7,2.21,771877,1112508,1.71,2.19,0.8,0.9,-0.5,매도주의,위꼬리음봉,잔구간,0.22,-0.92,2026-10-06
SSYS,0.7,8.56,530859,789760,4.54,5.5,0.8,1.0,-1.3,중립,음봉,잔구간,0.02,-0.64,2026-10-06
ANGI,0.7,5.96,586977,794096,3.5,4.69,0.7,0.3,-2.0,중립,음봉,잔구간,0.59,-0.295,2026-10-06
AMPY,0.7,4.48,332244,507774,1.49,2.22,0.7,-0.9,2.1,강한매수,양봉,전고점돌파,0.69,2.43,2026-10-06
AMPX,0.7,9.47,4578773,6245881,43.36,61.31,0.7,1.2,-0.9,매도주의,위꼬리음봉,잔구간,0.15,-0.96,2026-10-06
AMC,0.7,2.95,18322183,27872568,54.05,91.48,0.6,1.8,3.9,강한매수,장대양봉,완만한상승,0.94,3.43,2026-10-06
ALTO,0.7,3.75,781864,1060300,2.93,3.87,0.8,0.5,-1.6,매도주의,장대음봉,잔구간,0.05,-1.27,2026-10-06
SRTA,0.7,4.75,760505,1080273,3.61,4.63,0.8,0.6,-1.9,매도주의,장대음봉,잔구간,0.22,-1.17,2026-10-06
FMC,0.7,9.03,4511273,6030790,40.74,45.79,0.9,0.6,-0.2,매도주의,위꼬리음봉,잔구간,0.21,-0.925,2026-10-06
FIP,0.7,2.67,806056,1178697,2.15,3.6,0.6,1.5,-2.9,중립,음봉,잔구간,0.26,-0.495,2026-10-06
CSIQ,0.7,11.54,1175727,1588703,13.57,20.88,0.6,1.8,1.3,중립,양봉,잔구간,0.63,0.43,2026-10-06
MRAM,0.7,17.76,532029,800084,9.45,15.82,0.6,0.5,-3.1,매도주의,장대음봉,잔구간,0.08,-1.25,2026-10-06
NZF,0.7,10.89,1283973,1964438,13.98,19.64,0.7,-0.4,1.7,강한매수,장대양봉,완만한상승,0.84,3.31,2026-10-06
ACHV,0.7,7.03,1056466,1502837,7.43,11.52,0.6,0.7,-0.4,중립,팽이도지,잔구간,0.41,-0.055,2026-10-06
ACEL,0.7,10.94,330806,472225,3.62,4.65,0.8,0.0,0.6,중립,위꼬리양봉,잔구간,0.3,-0.62,2026-10-06
VTS,0.7,16.96,308777,430483,5.24,7.42,0.7,-0.3,-0.2,중립,팽이도지,잔구간,0.45,-0.03,2026-10-06
CNTN,0.7,2.34,531547,730553,1.24,1.86,0.7,0.4,0.0,중립,팽이도지,완만한상승,0.27,0.62,2026-10-06
CWK,0.7,11.94,2656597,3544630,31.72,34.15,0.9,0.5,0.3,중립,위꼬리양봉,잔구간,0.19,-0.685,2026-10-06
YYY,0.7,10.37,501858,713122,5.2,8.16,0.6,0.0,1.0,매수관심,장대양봉,잔구간,0.83,1.2,2026-10-06
YMM,0.7,8.44,6242382,9101530,52.69,61.04,0.9,-0.4,0.7,중립,양봉,전고점부근,0.68,0.47,2026-10-06
WTI,0.7,3.59,2271049,3464679,8.15,13.01,0.6,-0.3,0.0,중립,팽이도지,잔구간,0.46,-0.025,2026-10-06
XFOR,0.7,2.77,642468,874902,1.78,3.75,0.5,0.0,-4.5,매도주의,장대음봉,잔구간,0.35,-1.09,2026-10-06
ADAM,0.7,7.72,857840,1255136,6.62,10.67,0.6,0.6,-0.6,중립,음봉,잔구간,0.37,-0.43,2026-10-06
YELP,0.7,18.14,1047698,1487469,19.01,28.26,0.7,0.1,-2.1,중립,음봉,잔구간,0.2,-0.53,2026-10-06
XZO,0.7,15.04,413153,580353,6.21,7.17,0.9,2.3,-4.5,중립,음봉,잔구간,0.45,-0.38,2026-10-06
XXI,0.6,6.53,1077923,1687611,7.04,12.14,0.6,1.2,-3.4,매도주의,장대음봉,잔구간,0.03,-1.28,2026-10-06
DC,0.6,5.88,741612,1172491,4.36,10.01,0.4,1.0,-1.8,중립,음봉,잔구간,0.38,-0.42,2026-10-06
ZENA,0.6,1.3,880852,1416353,1.15,2.07,0.6,1.6,0.0,중립,위꼬리양봉,잔구간,0.17,-0.7,2026-10-06
XERS,0.6,10.07,2404060,4108401,24.21,42.81,0.6,1.0,-1.6,중립,음봉,잔구간,0.4,-0.41,2026-10-06
CXM,0.6,5.16,1652400,2665816,8.53,15.27,0.6,1.3,-2.6,매도주의,장대음봉,잔구간,0.18,-1.19,2026-10-06
CYH,0.6,2.74,737890,1214962,2.02,3.24,0.6,1.1,-1.8,중립,음봉,잔구간,0.11,-0.585,2026-10-06
CNTB,0.6,0.905,1840787,3330258,1.67,20.41,0.1,-1.3,2.2,중립,팽이도지,전저점부근,0.43,0.67,2026-10-06
FPI,0.6,10.74,752972,1190526,8.09,10.83,0.7,0.1,-3.8,매도주의,장대음봉,잔구간,0.04,-1.275,2026-10-06
VTRS,0.6,17.54,6675731,10422853,117.09,171.68,0.7,0.9,-1.3,중립,음봉,잔구간,0.41,-0.405,2026-10-06
COHH,0.6,7.57,803648,1426377,6.08,8.55,0.7,2.0,1.1,매수관심,팽이도지,완만한상승,0.73,1.18,2026-10-06
MUZ,0.6,7.05,6748369,11776226,47.58,80.21,0.6,-0.3,3.2,강한매수,장대양봉,완만한상승,0.92,3.4,2026-10-06
ALXO,0.6,1.11,1014121,1782158,1.13,1.99,0.6,-1.7,-6.7,강한매도,장대음봉,전저점이탈,0.17,-3.15,2026-10-06
AQST,0.6,4.61,1208672,1990460,5.57,9.74,0.6,1.1,-0.2,강한매수,망치형,완만한상승,0.81,2.27,2026-10-06
CRON,0.6,3.285,677801,1226920,2.23,3.43,0.6,0.3,0.8,매수관심,양봉,완만한상승,0.75,1.9,2026-10-06
IMMX,0.6,9.64,1215128,2028699,11.71,21.9,0.5,0.7,-5.5,매도주의,장대음봉,잔구간,0.18,-1.19,2026-10-06
MSDL,0.6,13.48,423049,704648,5.7,7.68,0.7,-0.1,-0.5,중립,음봉,잔구간,0.0,-0.65,2026-10-06
NABL,0.6,4.42,1134021,1934929,5.01,8.54,0.6,0.7,-1.6,매도주의,장대음봉,잔구간,0.2,-1.18,2026-10-06
SPT,0.6,10.13,501545,798575,5.08,8.58,0.6,0.5,-1.1,중립,음봉,잔구간,0.11,-0.585,2026-10-06
SSTK,0.6,4.08,543947,930792,2.22,3.55,0.6,1.5,0.2,중립,팽이도지,잔구간,0.71,0.125,2026-10-06
SNDQ,0.6,11.63,13080439,20478748,152.13,289.81,0.5,0.6,4.6,매수관심,장대양봉,전고점부근,0.85,1.97,2026-10-06
BAK,0.6,1.67,870917,1385820,1.45,2.26,0.6,2.5,1.2,중립,위꼬리양봉,완만한상승,0.43,-0.18,2026-10-06
BATL,0.6,1.03,1416003,2248127,1.46,3.31,0.4,-1.0,-1.0,중립,음봉,잔구간,0.5,-0.35,2026-10-06
ALKT,0.6,14.11,1063727,1732130,15.01,38.13,0.4,1.3,-1.5,매도주의,장대음봉,잔구간,0.27,-1.14,2026-10-06
MSOX,0.6,2.32,1416480,2281749,3.29,7.38,0.4,2.2,0.0,중립,팽이도지,잔구간,0.41,-0.055,2026-10-06
SWIM,0.6,6.39,384723,694455,2.46,4.93,0.5,0.9,-0.9,중립,음봉,완만한상승,0.08,-0.3,2026-10-06
HOS,0.6,7.72,2057036,3220018,15.88,22.75,0.7,0.1,-1.8,매도주의,위꼬리음봉,잔구간,0.22,-0.92,2026-10-06
MSOS,0.6,4.45,2750757,4882006,12.24,35.83,0.3,0.5,0.9,중립,위꼬리양봉,잔구간,0.43,-0.54,2026-10-06
CIM,0.6,9.2,1092250,1813874,10.05,17.07,0.6,0.3,-0.1,중립,팽이도지,잔구간,0.53,0.02,2026-10-06
PRCT,0.6,17.51,949617,1599652,16.63,26.04,0.6,0.0,-1.7,중립,음봉,잔구간,0.37,-0.43,2026-10-06
BTG,0.6,5.21,14047436,22191319,73.19,108.63,0.7,0.8,0.4,중립,팽이도지,잔구간,0.73,0.14,2026-10-06
CCO,0.6,2.4,3937827,6552074,9.45,13.32,0.7,0.0,0.0,중립,위꼬리양봉,완만한상승,0.0,-0.7,2026-10-06
NAGE,0.6,2.69,373381,638292,1.0,1.92,0.5,-0.4,0.7,중립,양봉,잔구간,0.67,0.45,2026-10-06
AIV,0.6,1.87,1445328,2374694,2.7,5.85,0.5,0.0,-0.5,매도주의,위꼬리음봉,전저점부근,0.0,-1.35,2026-10-06
SOC,0.6,3.57,5704664,9889272,20.37,32.06,0.6,-1.4,4.4,중립,양봉,잔구간,0.64,0.435,2026-10-06
PURR,0.6,12.5,10070776,15851261,125.88,245.4,0.5,-0.7,-2.6,중립,음봉,잔구간,0.26,-0.495,2026-10-06
EQPT,0.6,18.9,1857349,3190358,35.1,68.7,0.5,0.5,-0.5,매도주의,위꼬리음봉,완만한상승,0.13,-1.04,2026-10-06
LSPD,0.6,10.14,632263,1080138,6.41,11.36,0.6,0.5,-1.2,중립,음봉,잔구간,0.38,-0.42,2026-10-06
LILAK,0.6,8.86,855306,1397751,7.58,11.98,0.6,0.8,0.2,중립,팽이도지,전고점부근,0.64,-0.28,2026-10-06
SGHC,0.6,11.43,2045109,3428103,23.38,37.23,0.6,-0.3,0.0,중립,팽이도지,잔구간,0.28,-0.13,2026-10-06
SGMT,0.6,8.76,896376,1620646,7.85,19.03,0.4,-0.4,-2.6,중립,음봉,잔구간,0.48,-0.36,2026-10-06
UE,0.6,19.6,626187,1064676,12.27,18.64,0.7,0.4,0.1,매수관심,팽이도지,완만한상승,0.59,1.01,2026-10-06
SGRY,0.6,13.41,892288,1493913,11.97,36.11,0.3,0.8,-0.1,매수관심,팽이도지,완만한상승,0.54,0.95,2026-10-06
LAR,0.6,5.58,761300,1227707,4.25,6.94,0.6,0.0,-0.4,중립,팽이도지,잔구간,0.55,0.03,2026-10-06
PCN,0.6,10.79,391028,671402,4.22,7.37,0.6,0.0,1.7,강한매수,장대양봉,완만한상승,0.95,3.44,2026-10-06
PBI,0.6,16.56,1239534,1909425,20.53,27.85,0.7,0.1,-1.5,매도주의,장대음봉,잔구간,0.29,-1.125,2026-10-06
TSLT,0.6,14.45,1210293,1934820,17.49,26.27,0.7,1.5,-0.5,매수관심,팽이도지,완만한상승,0.44,0.83,2026-10-06
TSLR,0.6,17.94,719883,1306450,12.91,26.61,0.5,1.8,-0.8,중립,음봉,완만한상승,0.44,0.13,2026-10-06
BMBL,0.6,2.51,1459764,2389840,3.66,5.27,0.7,0.8,-2.3,매도주의,장대음봉,잔구간,0.22,-1.17,2026-10-06
KVUE,0.6,17.59,10870720,17612137,191.22,301.75,0.6,0.4,0.7,매수관심,양봉,완만한상승,0.77,1.92,2026-10-06
SHO,0.6,11.22,1247057,1930619,13.99,20.07,0.7,0.3,-1.1,중립,음봉,잔구간,0.1,-0.59,2026-10-06
ARIS,0.6,17.66,981008,1594640,17.32,33.2,0.5,0.9,-0.4,강한매수,망치형,완만한상승,0.73,2.18,2026-10-06
AXTQ,0.6,19.68,362513,601304,7.13,14.72,0.5,-2.3,8.0,매수관심,장대양봉,잔구간,0.96,1.275,2026-10-06
BTDR,0.6,10.91,6083947,10107890,66.38,112.41,0.6,0.7,-0.9,매도주의,위꼬리음봉,잔구간,0.12,-0.98,2026-10-06
EVER,0.6,19.39,454907,796473,8.82,25.46,0.3,0.4,-0.5,중립,망치형,잔구간,0.84,0.705,2026-10-06
FA,0.6,18.49,1497259,2523980,27.68,40.76,0.7,0.1,0.5,매수관심,팽이도지,완만한상승,0.48,0.88,2026-10-06
QID,0.6,12.52,21992338,36705372,275.34,519.31,0.5,-1.3,0.3,중립,양봉,전저점이탈,0.88,0.41,2026-10-06
TRX,0.6,1.19,1408099,2336404,1.68,3.36,0.5,0.9,0.8,중립,팽이도지,잔구간,0.43,-0.04,2026-10-06
TROX,0.6,3.87,1236897,1998048,4.79,7.83,0.6,0.5,-1.5,매도주의,장대음봉,잔구간,0.0,-1.3,2026-10-06
TRLV,0.6,10.65,1156776,2084190,12.32,31.49,0.4,0.3,-0.3,중립,팽이도지,잔구간,0.56,0.035,2026-10-06
TRTX,0.6,6.05,764278,1388351,4.62,8.77,0.5,0.8,-0.3,매도주의,위꼬리음봉,잔구간,0.2,-0.93,2026-10-06
JBIO,0.6,13.41,493865,780287,6.62,12.5,0.5,0.9,-5.6,매도주의,장대음봉,잔구간,0.22,-1.17,2026-10-06
IQ,0.6,1.01,3974091,6785744,4.01,5.56,0.7,-1.9,0.0,중립,팽이도지,잔구간,0.33,-0.1,2026-10-06
ALOY,0.6,8.12,971034,1716251,7.88,14.22,0.6,0.2,-0.1,매도주의,위꼬리음봉,잔구간,0.21,-0.925,2026-10-06
KC,0.6,9.35,591825,990424,5.53,10.85,0.5,1.7,-0.8,중립,음봉,완만한상승,0.36,0.03,2026-10-06
COUR,0.6,5.12,5516036,8690549,28.24,44.05,0.6,0.2,-1.3,중립,음봉,잔구간,0.38,-0.42,2026-10-06
WRD,0.6,5.12,1887755,3392669,9.67,16.97,0.6,1.6,-0.6,강한매수,망치형,완만한상승,0.63,2.06,2026-10-06
ABUS,0.6,4.48,8259928,13894985,37.0,57.97,0.6,0.0,-4.1,매도주의,장대음봉,잔구간,0.21,-1.175,2026-10-06
OBE,0.6,10.62,353368,636369,3.75,7.54,0.5,-0.6,1.7,강한매수,양봉,완만한상승,0.86,2.03,2026-10-06
OMAH,0.6,17.65,744815,1225353,13.15,28.38,0.5,0.1,0.3,매수관심,양봉,완만한상승,0.6,1.72,2026-10-06
MDU,0.6,18.95,1484175,2344786,28.13,38.91,0.7,0.7,0.6,강한매수,양봉,전고점돌파,1.0,2.8,2026-10-06
BXDC,0.6,17.43,1658190,2577271,28.9,46.14,0.6,0.0,1.2,중립,양봉,잔구간,0.51,0.355,2026-10-06
ONT,0.6,14.52,583892,906395,8.48,13.95,0.6,0.4,1.8,중립,양봉,잔구간,0.87,0.57,2026-10-06
FVRR,0.6,8.47,390549,654262,3.31,5.35,0.6,0.1,-1.5,매도주의,장대음봉,수횡파,0.05,-1.94,2026-10-06
FWRD,0.6,15.26,344518,551961,5.26,7.88,0.7,0.7,0.5,매수관심,팽이도지,완만한상승,0.67,1.1,2026-10-06
FWRG,0.6,10.61,1001964,1670865,10.63,14.01,0.8,0.0,1.0,매수관심,양봉,완만한상승,0.54,1.65,2026-10-06
OGG,0.6,2.8,1231887,2199210,3.45,5.7,0.6,1.1,-2.8,매도주의,장대음봉,잔구간,0.0,-1.3,2026-10-06
ADMA,0.6,10.18,2100142,3485321,21.38,30.98,0.7,0.9,-0.2,매수관심,팽이도지,완만한상승,0.54,0.95,2026-10-06
OFRM,0.6,16.73,367006,601035,6.14,7.64,0.8,0.6,2.0,매수관심,양봉,완만한상승,0.68,1.82,2026-10-06
GDRX,0.6,3.27,489285,809221,1.6,2.67,0.6,0.0,-2.7,매도주의,장대음봉,잔구간,0.09,-1.245,2026-10-06
UTI,0.6,19.67,1048467,1710297,20.62,36.96,0.6,0.6,2.0,강한매수,양봉,완만한상승,0.94,2.13,2026-10-06
CRGY,0.6,13.62,2834008,4613316,38.6,67.2,0.6,-0.2,0.7,매수관심,양봉,완만한상승,0.75,1.9,2026-10-06
ASPN,0.6,5.87,603752,955924,3.54,6.88,0.5,1.2,1.9,강한매수,양봉,전고점돌파,0.77,2.52,2026-10-06
AUR,0.6,5.75,19373025,32567391,111.39,195.12,0.6,1.0,-1.0,매수관심,망치형,완만한상승,0.53,1.94,2026-10-06
RDTL,0.6,12.27,446934,742009,5.48,9.66,0.6,1.5,-3.6,매도주의,장대음봉,잔구간,0.25,-1.15,2026-10-06
RIVN,0.6,14.51,17290151,27521935,250.88,407.61,0.6,-0.1,-0.5,매도주의,위꼬리음봉,잔구간,0.21,-0.925,2026-10-06
RIG,0.6,5.4,26914868,44755776,145.34,230.24,0.6,-1.1,-0.9,중립,음봉,잔구간,0.43,-0.39,2026-10-06
RNW,0.6,6.87,671643,1063253,4.61,7.3,0.6,-0.1,0.0,매도주의,위꼬리양봉,잔구간,0.0,-0.8,2026-10-06
RLX,0.6,1.7,1054750,1866127,1.79,3.45,0.5,-0.6,-0.6,중립,음봉,잔구간,0.0,-0.65,2026-10-06
VLY,0.6,12.67,5930008,9901030,75.13,105.13,0.7,0.8,-1.5,매도주의,장대음봉,잔구간,0.08,-1.25,2026-10-06
GLOO,0.6,3.99,528193,934819,2.11,5.3,0.4,0.8,-4.9,강한매도,장대음봉,전저점이탈,0.08,-3.25,2026-10-06
GDXY,0.6,10.03,429415,727712,4.31,7.7,0.6,0.2,0.4,중립,팽이도지,잔구간,0.65,0.09,2026-10-06
DSX,0.6,2.83,457841,801589,1.3,2.46,0.5,0.0,-1.0,중립,음봉,잔구간,0.38,-0.42,2026-10-06
LI,0.6,10.89,2147730,3334144,23.39,34.83,0.7,-0.3,0.6,매수관심,양봉,완만한상승,0.65,1.78,2026-10-06
LFMD,0.6,2.73,444525,718748,1.21,2.13,0.6,1.1,-0.7,매도주의,위꼬리음봉,잔구간,0.2,-0.93,2026-10-06
LEGN,0.6,18.72,1345411,2099048,25.19,39.96,0.6,1.2,-1.5,중립,음봉,잔구간,0.24,-0.505,2026-10-06
GROY,0.6,2.97,754648,1324493,2.24,3.98,0.6,0.3,0.7,중립,팽이도지,잔구간,0.7,0.12,2026-10-06
RTO,0.6,19.95,1713296,2877557,34.18,58.74,0.6,-0.5,0.2,중립,위꼬리양봉,잔구간,0.35,-0.59,2026-10-06
NRXP,0.6,2.94,418910,653399,1.23,2.04,0.6,0.7,1.7,매수관심,양봉,완만한상승,0.77,1.92,2026-10-06
NRDS,0.6,8.86,460617,714802,4.08,7.49,0.5,0.5,-0.1,매수관심,팽이도지,완만한상승,0.59,1.01,2026-10-06
GRFS,0.6,7.52,326101,544945,2.45,6.6,0.4,1.6,-0.1,강한매수,망치형,완만한상승,0.7,2.14,2026-10-06
TTD,0.6,11.92,13890294,22642792,165.57,269.64,0.6,0.5,-1.0,중립,음봉,잔구간,0.2,-0.53,2026-10-06
MITK,0.6,17.47,328286,584198,5.74,10.08,0.6,1.1,-2.3,매도주의,장대음봉,잔구간,0.03,-1.28,2026-10-06
BTCZ,0.6,2.795,12641541,22791154,35.33,59.2,0.6,-0.4,0.5,매수관심,팽이도지,완만한상승,0.72,1.16,2026-10-06
MNTN,0.6,10.05,541222,881795,5.44,9.26,0.6,0.5,-0.8,매도주의,위꼬리음봉,잔구간,0.03,-1.03,2026-10-06
HAFN,0.6,10.13,1906334,3166013,19.31,36.79,0.5,-0.6,-0.9,중립,음봉,잔구간,0.33,-0.45,2026-10-06
ONDL,0.6,5.31,876575,1479111,4.65,7.91,0.6,0.6,-1.1,중립,팽이도지,잔구간,0.31,-0.115,2026-10-06
NVTS,0.6,11.97,11980592,20810958,143.41,208.95,0.7,1.5,-4.4,매도주의,장대음봉,잔구간,0.01,-1.295,2026-10-06
FTMA,0.6,8.51,443960,779750,3.78,4.71,0.8,0.4,-0.7,매도주의,장대음봉,잔구간,0.25,-1.15,2026-10-06
ACAD,0.6,19.74,1666303,2932852,32.89,64.69,0.5,0.2,-2.1,매도주의,장대음봉,잔구간,0.1,-1.24,2026-10-06
LYG,0.6,5.56,11441375,18613789,63.61,100.09,0.6,1.8,0.0,매도주의,위꼬리양봉,잔구간,0.0,-0.8,2026-10-06
LXEO,0.6,3.3,1538803,2739302,5.08,9.21,0.6,0.6,-3.8,중립,음봉,잔구간,0.5,-0.35,2026-10-06
BULL,0.6,7.28,5905178,9207113,42.99,74.61,0.6,0.5,-1.6,매도주의,장대음봉,잔구간,0.11,-1.235,2026-10-06
LYNX,0.6,13.26,411759,657556,5.46,7.23,0.8,0.4,5.2,강한매수,장대양봉,완만한상승,0.78,3.24,2026-10-06
FFAI,0.5,1.15,1487430,3047402,1.71,10.35,0.2,-0.9,-0.9,강한매수,망치형,전저점부근,0.7,2.99,2026-10-06
ACRE,0.5,3.75,470737,896622,1.77,3.0,0.6,0.0,1.4,중립,양봉,잔구간,0.5,0.35,2026-10-06
ACCV,0.5,16.4,3535183,7042064,57.98,127.16,0.5,0.0,-0.4,중립,팽이도지,잔구간,0.39,-0.065,2026-10-06
APPX,0.5,9.9,1434534,3046628,14.2,30.07,0.5,1.2,-3.1,매도주의,장대음봉,잔구간,0.32,-1.11,2026-10-06
YEXT,0.5,6.56,420715,838713,2.76,6.05,0.5,0.9,-1.8,매도주의,장대음봉,잔구간,0.38,-1.07,2026-10-06
FOXF,0.5,19.39,443903,866889,8.61,12.75,0.7,0.5,0.4,중립,위꼬리양봉,완만한상승,0.28,-0.36,2026-10-06
CODI,0.5,11.02,356442,666223,3.93,6.61,0.6,0.3,-0.6,중립,음봉,잔구간,0.29,-0.475,2026-10-06
TENX,0.5,1.93,1183568,2240302,2.28,4.76,0.5,0.0,-1.5,중립,음봉,잔구간,0.32,-0.46,2026-10-06
SWMR,0.5,14.88,544831,1148251,8.11,17.56,0.5,-0.9,-4.2,매도주의,장대음봉,잔구간,0.05,-1.27,2026-10-06
TETH,0.5,13.44,665217,1385450,8.94,20.9,0.4,-0.0,-0.6,중립,음봉,수횡파,0.24,-0.41,2026-10-06
BLMN,0.5,8.335,1457189,2916916,12.15,24.02,0.5,-2.4,3.2,매수관심,양봉,완만한상승,0.57,1.68,2026-10-06
ACVA,0.5,10.44,3357765,7329112,35.06,91.96,0.4,-0.2,-0.4,매도주의,장대음봉,잔구간,0.0,-1.3,2026-10-06
PWP,0.5,15.53,1355266,2620994,21.05,48.18,0.4,0.0,-1.7,중립,음봉,잔구간,0.05,-0.62,2026-10-06
CLBT,0.5,11.37,1392424,2995038,15.83,31.65,0.5,1.0,0.5,중립,팽이도지,전고점부근,0.7,-0.21,2026-10-06
QSI,0.5,1.22,8703208,18979566,10.62,14.55,0.7,0.8,-5.4,중립,음봉,잔구간,0.14,-0.565,2026-10-06
OCUL,0.5,7.34,2807101,5122456,20.6,38.41,0.5,0.7,0.5,중립,팽이도지,잔구간,0.48,-0.01,2026-10-06
NVTX,0.5,16.51,334313,674400,5.52,8.26,0.7,2.2,-8.4,매도주의,장대음봉,잔구간,0.0,-1.3,2026-10-06
BEKE,0.5,16.76,2519293,4989474,42.22,98.22,0.4,0.6,1.0,매수관심,양봉,완만한상승,0.66,1.79,2026-10-06
XRP,0.5,16.79,979471,1821899,16.45,35.82,0.5,0.4,-0.4,중립,팽이도지,잔구간,0.25,-0.15,2026-10-06
FULC,0.5,3.69,757034,1383991,2.79,5.64,0.5,0.3,-0.8,매도주의,장대음봉,잔구간,0.22,-1.17,2026-10-06
WNC,0.5,13.87,519745,1093024,7.21,15.55,0.5,1.2,-2.0,중립,음봉,잔구간,0.0,-0.65,2026-10-06
BZ,0.5,15.11,3116376,5885172,47.09,90.15,0.5,0.0,0.1,중립,팽이도지,완만한상승,0.41,0.79,2026-10-06
FOSL,0.5,7.06,691513,1262835,4.88,6.35,0.8,-0.7,-1.5,중립,음봉,잔구간,0.08,-0.6,2026-10-06
ZURA,0.5,3.96,1427414,2782629,5.65,10.17,0.6,1.0,-0.3,중립,팽이도지,수횡파,0.6,0.72,2026-10-06
FBRT,0.5,6.14,948369,1771775,5.82,13.33,0.4,0.8,-1.3,중립,음봉,전저점부근,0.29,-0.2,2026-10-06
SPDN,0.5,8.3,19943565,39290993,165.53,358.18,0.5,-0.5,-0.2,매도주의,음봉,전저점이탈,0.4,-1.57,2026-10-06
PONY,0.5,6.13,2805714,5403486,17.2,32.31,0.5,1.5,-1.1,중립,음봉,완만한상승,0.46,0.15,2026-10-06
TARA,0.5,2.555,803564,1653456,2.05,7.0,0.3,0.0,-2.9,중립,음봉,전저점부근,0.15,-0.37,2026-10-06
MEDS,0.5,3.07,640107,1323289,1.97,29.78,0.1,-4.5,-4.1,중립,음봉,잔구간,0.09,-0.595,2026-10-06
ZSQR,0.5,4.36,323975,595125,1.41,2.05,0.7,-2.2,11.5,강한매수,장대양봉,완만한상승,0.75,3.2,2026-10-06
ZNTL,0.5,2.67,827895,1674979,2.21,4.92,0.4,1.1,-5.0,매도주의,장대음봉,잔구간,0.12,-1.23,2026-10-06
TGE,0.5,1.2,1306715,2382980,1.57,31.65,0.0,3.7,6.2,중립,양봉,잔구간,0.75,0.5,2026-10-06
IVA,0.5,3.46,2200398,4317608,7.61,11.89,0.6,1.4,-2.0,중립,망치형,잔구간,0.69,0.615,2026-10-06
PATH,0.5,13.1,18210947,39442682,238.56,527.54,0.5,0.5,-0.9,중립,음봉,잔구간,0.39,-0.415,2026-10-06
LDI,0.5,0.618,2123027,3954438,1.31,3.15,0.4,2.3,-0.4,중립,망치형,잔구간,0.78,0.67,2026-10-06
INNV,0.5,9.0,362374,768368,3.26,13.09,0.2,0.1,-0.1,중립,팽이도지,완만한상승,0.41,0.79,2026-10-06
ASAN,0.5,9.29,3200320,6488965,29.73,60.88,0.5,1.1,0.5,매수관심,팽이도지,완만한상승,0.46,0.85,2026-10-06
TLTW,0.5,19.93,1355898,2721379,27.02,49.63,0.5,0.2,0.1,중립,위꼬리양봉,잔구간,0.31,-0.615,2026-10-06
VOR,0.5,18.31,472842,903443,8.66,26.59,0.3,1.5,-2.9,매도주의,장대음봉,수횡파,0.38,-1.54,2026-10-06
GLNK,0.5,12.39,460359,879517,5.7,9.48,0.6,0.6,-0.1,매수관심,팽이도지,완만한상승,0.47,0.86,2026-10-06
SB,0.5,8.58,955094,1765870,8.19,13.75,0.6,-0.5,-1.5,중립,음봉,잔구간,0.38,-0.42,2026-10-06
SHMD,0.5,4.43,702262,1498883,3.11,11.44,0.3,-0.9,-0.7,매도주의,위꼬리음봉,잔구간,0.24,-0.905,2026-10-06
PAR,0.5,14.5,474196,879522,6.88,13.79,0.5,1.0,-1.8,중립,음봉,잔구간,0.52,-0.34,2026-10-06
BMNZ,0.5,4.33,1986569,3631220,8.6,17.12,0.5,0.7,4.1,매수관심,양봉,완만한상승,0.7,1.84,2026-10-06
PDBC,0.5,19.46,3795974,6925785,73.87,131.51,0.6,-0.4,1.5,매수관심,장대양봉,잔구간,0.94,1.265,2026-10-06
OTLK,0.5,0.572,3164191,5858987,1.81,2.96,0.6,0.8,-4.7,중립,음봉,잔구간,0.0,-0.65,2026-10-06
AIB,0.5,1.57,2634188,5218966,4.14,7.56,0.5,0.6,-3.7,중립,음봉,잔구간,0.19,-0.535,2026-10-06
ZVRA,0.5,10.73,614594,1324128,6.59,11.71,0.6,0.6,-0.3,매수관심,팽이도지,완만한상승,0.66,1.09,2026-10-06
DV,0.5,13.48,1208269,2579492,16.29,31.2,0.5,0.4,-0.1,매도주의,장대음봉,완만한상승,0.33,-1.3,2026-10-06
CNDT,0.5,1.62,723663,1351220,1.17,2.02,0.6,0.6,-1.8,매도주의,장대음봉,잔구간,0.0,-1.3,2026-10-06
AIOT,0.5,2.71,942334,2092268,2.55,5.28,0.5,0.7,-4.6,매도주의,장대음봉,잔구간,0.07,-1.26,2026-10-06
GERN,0.5,1.21,5718149,11236529,6.92,12.37,0.6,-0.8,0.8,중립,위꼬리양봉,잔구간,0.4,-0.56,2026-10-06
MARO,0.5,3.76,557196,1045161,2.1,3.47,0.6,-0.3,-1.3,중립,음봉,잔구간,0.1,-0.59,2026-10-06
DJT,0.5,8.65,1984566,3765116,17.17,28.97,0.6,0.7,-0.5,매도주의,위꼬리음봉,잔구간,0.22,-0.92,2026-10-06
VERI,0.5,0.746,4408113,8463976,3.29,6.51,0.5,6.1,-3.1,중립,음봉,잔구간,0.38,-0.42,2026-10-06
WETO,0.4,1.02,1212128,2762889,1.24,11.5,0.1,-4.8,2.0,중립,양봉,잔구간,0.5,0.35,2026-10-06
IRT,0.4,14.73,2191074,4916275,32.27,61.09,0.5,0.0,0.1,중립,위꼬리양봉,완만한상승,0.17,-0.5,2026-10-06
NCPL,0.4,1.09,1702722,4083752,1.86,17.99,0.1,-3.8,-14.2,매도주의,장대음봉,전저점부근,0.04,-1.8,2026-10-06
PRTH,0.4,7.78,363802,992015,2.83,16.77,0.2,0.3,-0.3,매도주의,장대음봉,완만한상승,0.0,-1.7,2026-10-06
IHS,0.4,8.44,492614,1174726,4.16,8.2,0.5,-0.1,0.0,매수관심,양봉스프링,잔구간,1.0,1.05,2026-10-06
WCMI,0.4,19.3,394089,1076801,7.61,25.25,0.3,0.3,0.1,중립,위꼬리양봉,잔구간,0.27,-0.64,2026-10-06
SSM,0.4,1.4,716960,1853449,1.0,19.33,0.1,-5.0,-7.3,매도주의,장대음봉,잔구간,0.29,-1.125,2026-10-06
AMOD,0.4,2.5,3497839,8735458,8.74,80.8,0.1,-15.1,-22.1,매도주의,장대음봉,잔구간,0.09,-1.245,2026-10-06
USDE,0.4,14.33,1821564,4131106,26.1,68.29,0.4,-6.8,2.7,중립,위꼬리양봉,잔구간,0.36,-0.585,2026-10-06
MBC,0.4,7.1,1296763,3350576,9.21,23.03,0.4,1.4,0.3,매수관심,팽이도지,완만한상승,0.67,1.1,2026-10-06
DPRO,0.4,5.0,717167,1736658,3.59,8.4,0.4,1.8,0.2,중립,팽이도지,잔구간,0.59,0.055,2026-10-06
RETO,0.4,1.66,1857230,4965975,3.08,15.29,0.2,-13.3,-1.8,중립,팽이도지,잔구간,0.55,0.03,2026-10-06
QTTB,0.4,8.11,678816,1551278,5.51,13.86,0.4,-0.6,-2.5,중립,음봉,잔구간,0.55,-0.32,2026-10-06
GSOL,0.4,9.135,827633,2331931,7.56,26.33,0.3,0.0,0.4,중립,위꼬리양봉,완만한상승,0.34,-0.29,2026-10-06
TKC,0.4,5.17,1097255,2795385,5.67,13.08,0.4,0.6,-0.8,매도주의,장대음봉,잔구간,0.0,-1.3,2026-10-06
AHRT,0.4,6.04,696680,1728676,4.21,11.27,0.4,0.8,0.5,매수관심,양봉,완만한상승,0.81,1.97,2026-10-06
ASTL,0.4,4.35,333600,920710,1.45,3.56,0.4,0.7,-2.9,매도주의,장대음봉,잔구간,0.11,-1.235,2026-10-06
GLND,0.4,3.0,5926115,15318477,17.78,224.55,0.1,-6.2,-13.8,강한매도,장대음봉,전저점이탈,0.09,-3.24,2026-10-06
NCMI,0.3,2.16,651466,1967638,1.41,3.96,0.4,0.5,0.5,중립,팽이도지,잔구간,0.71,0.125,2026-10-06
ENVX,0.3,2.7,3383012,9720881,9.13,21.68,0.4,1.1,0.0,매수관심,팽이도지,완만한상승,0.5,0.9,2026-10-06
TNON,0.3,3.715,428814,1275821,1.59,26.04,0.1,2.7,-2.2,중립,음봉,잔구간,0.47,-0.37,2026-10-06
GOW,0.2,4.01,358897,1700499,1.44,20.92,0.1,0.7,-8.0,매도주의,장대음봉,잔구간,0.02,-1.29,2026-10-06
SCKT,0.1,0.83,3787875,39325599,3.14,22.08,0.1,-0.1,-10.8,매도주의,장대음봉,잔구간,0.27,-1.14,2026-10-06
SAIQ,0.1,5.16,3034167,34629450,15.66,211.65,0.1,-18.7,-4.8,중립,무참고,정보부족,,0.0,2026-10-06
