ticker,ratio,latest_close,latest_volume,baseline_volume,dollar_volume_M,avg_dollar_vol_10d_M,dollar_surge_x,signal_gap_%,intraday_chg_%,candle_signal,candle_shape,candle_pos,close_pos,candle_score,latest_date
GCDT,4448.2,0.91,410143062,92204,373.23,0.27,1385.1,-3.0,150.7,강한매수,장대양봉,전고점돌파,0.68,3.72,2026-09-08
PDSB,587.1,0.3,491124640,836558,147.34,0.21,693.1,121.8,-38.5,중립,음봉,전고점돌파,0.11,0.33,2026-09-08
TWG,379.0,0.521,70355248,185655,36.68,0.88,41.9,19.4,-1.4,중립,망치형,잔구간,0.74,0.645,2026-09-08
BNC,287.8,5.25,70019442,243280,367.6,1.15,318.6,53.9,-2.2,강한매수,망치형,전고점돌파,0.69,2.73,2026-09-08
ISPC,240.7,1.59,14179923,58916,22.55,1.19,18.9,23.7,-16.5,매도주의,장대음봉,완만한상승,0.1,-1.58,2026-09-08
BJDX,206.3,1.03,46226643,224079,47.61,1.17,40.8,23.1,0.5,중립,팽이도지,잔구간,0.66,0.095,2026-09-08
ARBE,185.5,0.743,101226666,545630,75.22,0.46,162.9,29.9,-10.0,매도주의,장대음봉,전고점돌파,0.14,-0.93,2026-09-08
GMEX,116.2,0.633,27618521,237723,17.49,0.24,74.4,10.3,-22.5,강한매도,장대음봉,전저점이탈,0.01,-3.34,2026-09-08
MOBX,78.9,1.27,133652856,1694362,169.74,3.24,52.3,27.4,7.2,중립,위꼬리양봉,잔구간,0.43,-0.54,2026-09-08
SUNE,73.3,2.37,17358482,236676,41.14,0.52,78.7,-3.8,4.4,매수관심,양봉,완만한상승,0.82,1.98,2026-09-08
ATER,68.8,0.729,43547918,632625,31.72,3.23,9.8,6.1,9.7,중립,위꼬리양봉,완만한상승,0.19,-0.47,2026-09-08
INDP,61.9,1.85,8463115,136687,15.66,0.28,56.0,5.3,44.0,강한매수,장대양봉,전고점돌파,0.87,3.94,2026-09-08
TRUG,55.8,0.442,50122318,897636,22.17,2.68,8.3,9.5,6.4,중립,양봉,잔구간,0.89,0.585,2026-09-08
WDH,54.6,1.07,10317342,189041,11.04,0.33,33.3,10.3,-4.9,중립,음봉,잔구간,0.39,-0.415,2026-09-08
CDTG,36.7,1.46,20062026,547073,29.29,16.22,1.8,2.3,8.1,중립,위꼬리양봉,잔구간,0.31,-0.615,2026-09-08
LHSW,29.4,1.32,20556009,698721,27.13,3.16,8.6,0.0,-70.7,강한매도,장대음봉,전저점이탈,0.09,-3.24,2026-09-08
HCWB,24.2,2.51,3088373,127577,7.75,0.64,12.1,-14.3,-0.4,중립,팽이도지,전저점이탈,0.66,-0.56,2026-09-08
CMND,22.1,1.03,3117488,140772,3.21,2.04,1.6,-0.9,-10.4,매도주의,음봉,전저점이탈,0.48,-1.47,2026-09-08
LASE,16.6,0.951,16068636,967996,15.28,2.19,7.0,-21.4,-13.5,강한매도,장대음봉,전저점이탈,0.01,-3.34,2026-09-08
WLDS,15.0,1.79,1439551,96287,2.58,2.42,1.1,2.7,-4.8,강한매수,망치형,전저점부근,0.58,2.85,2026-09-08
ATAI,14.7,7.28,119760747,8133185,871.86,59.47,14.7,-0.9,-0.5,매도주의,팽이도지,전저점이탈,0.29,-1.0,2026-09-08
GRNQ,12.5,18.8,727472,58176,13.68,1.15,11.9,-3.7,4.4,중립,위꼬리양봉,완만한상승,0.36,-0.27,2026-09-08
RNA,12.5,11.35,1722578,138273,19.55,2.0,9.8,-0.8,-19.4,강한매도,장대음봉,전저점이탈,0.17,-3.15,2026-09-08
ANY,10.9,2.45,2314240,212621,5.67,0.91,6.2,0.0,5.6,매수관심,장대양봉,잔구간,0.65,1.09,2026-09-08
GRI,10.7,2.0,733748,68860,1.47,2.66,0.6,-9.4,-23.4,매도주의,장대음봉,잔구간,0.13,-1.22,2026-09-08
SLE,9.6,4.67,1541810,160616,7.2,1.02,7.0,12.2,6.1,강한매수,양봉,전고점돌파,0.47,2.16,2026-09-08
THEO,9.2,9.88,703916,76421,6.95,2.45,2.8,0.1,0.0,매수관심,무참고,완만한상승,,0.9,2026-09-08
ONCO,9.0,0.84,1261950,140487,1.06,0.77,1.4,-15.6,-2.5,매도주의,위꼬리음봉,잔구간,0.15,-0.96,2026-09-08
TV,7.8,2.51,4886316,625956,12.26,2.6,4.7,-6.5,2.0,매수관심,양봉스프링,전저점이탈,0.87,1.19,2026-09-08
BEZ,7.8,5.75,7143494,915089,41.08,13.05,3.1,-12.8,-8.6,매도주의,음봉,전저점이탈,0.32,-1.67,2026-09-08
VERU,7.8,2.58,1343294,173068,3.47,0.43,8.0,6.4,-8.2,강한매도,장대음봉,전저점이탈,0.1,-3.23,2026-09-08
XFOR,7.7,3.505,2323934,301136,8.15,1.54,5.3,-1.0,-12.4,매도주의,음봉,전저점이탈,0.34,-1.64,2026-09-08
LQTI,7.3,18.56,663454,90918,12.31,1.6,7.7,-0.1,0.0,중립,위꼬리양봉,잔구간,0.23,-0.66,2026-09-08
ADBT,7.2,0.325,13758643,1905189,4.47,9.6,0.5,-1.0,-1.5,매도주의,위꼬리음봉,전저점부근,0.08,-1.25,2026-09-08
AFIF,6.7,9.395,446205,66478,4.19,1.18,3.6,0.2,-0.4,매도주의,장대음봉,잔구간,0.12,-1.23,2026-09-08
CV,6.5,6.36,391401,60494,2.49,0.38,6.6,0.0,6.2,강한매수,양봉,전고점돌파,0.37,2.04,2026-09-08
TVA,6.4,10.55,660683,103587,6.97,8.88,0.8,0.0,0.1,강한매수,장대양봉,완만한상승,1.0,3.5,2026-09-08
MIND,6.3,4.2,345766,55282,1.45,0.37,3.9,1.8,-9.7,강한매도,장대음봉,전저점이탈,0.0,-3.35,2026-09-08
KPLT,6.3,9.47,391986,62456,3.71,0.43,8.6,-1.0,21.1,강한매수,장대양봉,전고점돌파,0.95,4.04,2026-09-08
ZEPP,6.2,4.92,362308,58477,1.78,0.22,8.0,1.0,1.4,매수관심,양봉스프링,잔구간,0.87,0.97,2026-09-08
SMZ,5.9,11.19,909551,154042,10.18,2.61,3.9,-6.4,-25.6,강한매도,장대음봉,전저점이탈,0.13,-3.19,2026-09-08
LULG,5.8,4.47,1541349,265896,6.89,6.29,1.1,-0.2,4.9,강한매수,장대양봉,완만한상승,0.83,3.3,2026-09-08
CINT,5.8,3.22,406828,69759,1.31,0.4,3.3,-8.4,-1.8,중립,망치형,전저점이탈,0.88,0.71,2026-09-08
EGAN,5.8,5.21,714440,123669,3.72,1.41,2.6,-2.6,-8.4,강한매도,장대음봉,전저점이탈,0.15,-3.17,2026-09-08
QCML,5.4,16.81,2247448,416945,37.78,4.4,8.6,13.9,-6.6,중립,음봉,전고점돌파,0.18,0.42,2026-09-08
LITZ,5.3,6.46,14529996,2735432,93.86,24.9,3.8,-3.6,-18.8,강한매도,장대음봉,전저점이탈,0.19,-3.12,2026-09-08
OCC,4.9,13.7,539359,109550,7.39,1.92,3.9,4.7,-5.5,매도주의,장대음봉,잔구간,0.11,-1.235,2026-09-08
ECX,4.9,1.01,1170971,237686,1.18,0.53,2.2,-1.0,-2.9,매도주의,음봉,전저점이탈,0.58,-1.35,2026-09-08
KAZR,4.9,2.18,519813,106767,1.13,0.25,4.5,-0.5,3.8,강한매수,장대양봉,완만한상승,0.77,3.22,2026-09-08
CURV,4.9,2.5,1087400,224017,2.72,1.37,2.0,-2.9,5.5,매수관심,양봉,완만한상승,0.37,1.44,2026-09-08
CHPT,4.8,9.37,5401056,1134913,50.61,55.65,0.9,0.2,-5.4,중립,음봉,잔구간,0.06,-0.615,2026-09-08
TTRX,4.8,12.66,321761,66667,4.07,0.6,6.8,1.9,26.7,강한매수,장대양봉,전고점돌파,0.99,4.09,2026-09-08
PEPG,4.7,3.21,1929750,413796,6.19,1.69,3.7,-1.6,4.9,강한매수,양봉,완만한상승,0.91,2.09,2026-09-08
CORD,4.5,2.365,23782263,5282415,56.25,19.57,2.9,-7.8,-17.0,강한매도,장대음봉,전저점이탈,0.4,-2.87,2026-09-08
ENTX,4.5,3.01,824636,184246,2.48,0.93,2.7,-1.7,2.0,강한매수,양봉스프링,완만한상승,0.76,2.71,2026-09-08
BSEM,4.4,4.0,391825,88961,1.57,0.32,4.9,4.6,3.1,중립,위꼬리양봉,완만한상승,0.17,-0.5,2026-09-08
OBX,4.3,18.73,599438,138176,11.23,2.37,4.7,1.0,10.3,강한매수,장대양봉,수횡파,0.61,3.73,2026-09-08
GPRK,4.1,11.95,5011110,1236577,59.88,12.52,4.8,-0.1,3.5,강한매수,장대양봉,완만한상승,0.64,3.07,2026-09-08
RGTX,4.1,9.91,2425643,586060,24.04,6.91,3.5,15.5,-6.2,중립,음봉,잔구간,0.27,-0.49,2026-09-08
DAVA,4.1,2.88,742276,182339,2.14,0.58,3.7,-4.9,-1.0,중립,팽이도지,전저점이탈,0.57,-0.67,2026-09-08
PERF,4.0,1.91,537810,133999,1.03,0.21,4.8,-0.5,-0.5,중립,음봉,잔구간,0.43,-0.39,2026-09-08
WLTH,4.0,9.63,4701346,1165455,45.27,11.67,3.9,0.7,-0.2,중립,팽이도지,전고점부근,0.37,-0.61,2026-09-08
XYF,3.9,5.44,300636,76909,1.64,0.41,4.0,-0.5,-1.1,중립,음봉,잔구간,0.43,-0.39,2026-09-08
ALKT,3.9,19.38,3788972,981030,73.43,20.76,3.5,0.2,-1.7,중립,음봉,잔구간,0.63,-0.27,2026-09-08
SGML,3.9,10.43,5272859,1345320,55.0,17.61,3.1,-13.0,-3.2,매도주의,음봉,전저점이탈,0.26,-1.74,2026-09-08
AKAN,3.9,3.28,587235,152126,1.93,9.34,0.2,3.6,-5.5,매도주의,장대음봉,전저점부근,0.26,-1.54,2026-09-08
MSDL,3.8,15.04,1237452,327600,18.61,5.75,3.2,0.1,-1.4,강한매도,장대음봉,전저점이탈,0.12,-3.21,2026-09-08
OSTX,3.8,1.83,1767807,465541,3.24,0.86,3.7,4.3,-6.6,중립,음봉,잔구간,0.3,-0.47,2026-09-08
EAF,3.7,6.3,1381366,375705,8.7,2.14,4.1,14.7,-11.4,매도주의,장대음봉,잔구간,0.02,-1.29,2026-09-08
RBLU,3.6,4.86,950674,264744,4.62,1.31,3.5,7.7,-0.8,매수관심,팽이도지,전고점돌파,0.63,1.66,2026-09-08
NHIC,3.6,10.63,325238,90517,3.46,3.28,1.1,0.0,0.1,매수관심,양봉,완만한상승,0.5,1.6,2026-09-08
SGLY,3.6,1.58,645033,177636,1.02,1.21,0.8,5.1,9.0,매수관심,장대양봉,잔구간,0.87,1.22,2026-09-08
GFRr,3.6,1.23,883131,244061,1.09,0.4,2.7,-4.2,7.0,매수관심,장대양봉,잔구간,0.73,1.14,2026-09-08
HYPD,3.6,3.58,1472269,407248,5.27,2.07,2.5,0.6,7.8,매수관심,양봉,완만한상승,0.82,1.98,2026-09-08
HIMX,3.5,14.12,2242657,646839,31.67,9.1,3.5,3.1,0.1,중립,위꼬리양봉,완만한상승,0.27,-0.38,2026-09-08
UBRL,3.5,14.74,459404,130588,6.77,2.31,2.9,-0.6,-6.4,강한매도,장대음봉,전저점이탈,0.15,-3.17,2026-09-08
ANVS,3.5,1.3,1963309,555669,2.55,1.88,1.4,0.0,-6.5,강한매도,장대음봉,전저점이탈,0.0,-3.35,2026-09-08
SMU,3.5,8.64,4822310,1377227,41.66,11.62,3.6,4.4,24.5,강한매수,장대양봉,전고점돌파,0.86,3.93,2026-09-08
BCRX,3.5,9.065,9687920,2729614,87.82,23.85,3.7,-8.4,-0.6,강한매도,위꼬리음봉,전저점이탈,0.24,-2.56,2026-09-08
NTHI,3.4,4.07,417500,122218,1.7,0.65,2.6,-0.8,-18.4,강한매도,장대음봉,전저점이탈,0.14,-3.18,2026-09-08
GLWG,3.4,16.07,1436756,426500,23.09,6.21,3.7,6.0,8.4,강한매수,장대양봉,전고점돌파,0.64,3.67,2026-09-08
OFAL,3.4,0.72,1427728,423248,1.03,16.33,0.1,-14.9,8.5,매수관심,장대양봉,잔구간,0.79,1.175,2026-09-08
ACHV,3.4,7.84,3534575,1052176,27.71,9.63,2.9,-2.0,-5.8,매도주의,장대음봉,전저점부근,0.05,-1.79,2026-09-08
EVMN,3.4,13.08,1235772,360573,16.16,4.62,3.5,-1.3,8.0,매수관심,장대양봉,잔구간,0.8,1.18,2026-09-08
RGTI,3.4,15.81,42273473,12559873,668.34,221.34,3.0,7.8,-3.5,중립,음봉,완만한상승,0.26,-0.09,2026-09-08
OGI,3.3,1.12,1220310,370815,1.37,0.58,2.4,-0.4,-2.6,매도주의,음봉,전저점이탈,0.4,-1.57,2026-09-08
FCUV,3.3,5.91,1390410,424888,8.22,5.87,1.4,-51.8,-27.9,강한매도,장대음봉,전저점이탈,0.06,-3.28,2026-09-08
NBIZ,3.3,5.14,16118021,4833984,82.85,39.87,2.1,-6.8,-8.9,매도주의,음봉,전저점이탈,0.54,-1.4,2026-09-08
ANL,3.3,15.51,404961,121830,6.28,2.07,3.0,0.7,2.6,매수관심,양봉,완만한상승,0.53,1.64,2026-09-08
NUAI,3.2,6.6,15443900,4801874,101.93,24.87,4.1,3.5,17.9,강한매수,장대양봉,전고점돌파,0.9,3.98,2026-09-08
KTF,3.2,8.66,397889,125504,3.45,1.08,3.2,-0.1,-0.1,중립,음봉,잔구간,0.0,-0.65,2026-09-08
ATLX,3.2,3.25,505107,156242,1.64,0.5,3.3,-0.9,-1.5,중립,음봉,잔구간,0.18,-0.54,2026-09-08
INNV,3.2,10.52,546749,173128,5.75,1.92,3.0,-0.7,-1.5,중립,음봉,전저점부근,0.64,0.22,2026-09-08
MNTK,3.2,2.5,705292,219255,1.76,0.56,3.1,-0.9,13.1,강한매수,장대양봉,전고점돌파,1.0,4.1,2026-09-08
PL,3.2,17.81,25868730,8029300,460.72,211.0,2.2,-1.5,-0.2,매수관심,팽이도지,전저점부근,0.65,0.93,2026-09-08
WWR,3.2,0.593,2311219,722840,1.37,0.6,2.3,3.4,2.7,중립,양봉,잔구간,0.37,0.27,2026-09-08
MODD,3.1,2.82,823295,268927,2.32,1.13,2.1,-3.0,-21.0,강한매도,장대음봉,전저점이탈,0.05,-3.29,2026-09-08
TEO,3.1,13.08,556277,180038,7.28,3.2,2.3,-0.1,0.5,중립,위꼬리양봉,완만한상승,0.24,-0.41,2026-09-08
EQ,3.1,2.41,597900,193611,1.44,0.72,2.0,-0.5,9.5,매수관심,장대양봉,잔구간,0.8,1.18,2026-09-08
QBTS,3.1,17.67,35819978,11729668,632.94,271.25,2.3,6.8,-0.2,매도주의,위꼬리음봉,잔구간,0.2,-0.93,2026-09-08
IONL,3.1,13.35,1461391,478803,19.51,5.94,3.3,14.1,-8.1,중립,음봉,완만한상승,0.21,-0.15,2026-09-08
LABX,3.1,10.54,1804124,586377,19.02,8.07,2.4,-2.5,-11.1,매도주의,장대음봉,잔구간,0.1,-1.24,2026-09-08
CBRZ,3.1,8.79,778396,251505,6.84,5.43,1.3,-6.7,17.7,매수관심,장대양봉,잔구간,1.0,1.3,2026-09-08
CIEG,3.1,3.93,1012776,324671,3.98,2.21,1.8,6.9,5.1,중립,양봉,잔구간,0.6,0.41,2026-09-08
ORBS,3.0,1.14,27985908,9365773,31.9,11.27,2.8,9.1,15.6,강한매수,장대양봉,전고점돌파,0.75,3.8,2026-09-08
SST,3.0,5.0,6187002,2072710,30.94,4.87,6.4,5.5,23.8,강한매수,양봉,전고점돌파,0.73,2.48,2026-09-08
SKDD,3.0,7.524,9217553,3121191,69.35,36.13,1.9,-8.7,-0.7,중립,망치형,전저점이탈,0.78,0.59,2026-09-08
DDL,3.0,2.2,461430,151917,1.02,0.47,2.2,0.0,-2.7,강한매도,장대음봉,전저점이탈,0.17,-3.15,2026-09-08
CWEB,3.0,19.83,977100,321781,19.38,8.47,2.3,-3.6,-1.6,매도주의,장대음봉,잔구간,0.32,-1.11,2026-09-08
QNC,3.0,1.82,1158855,387145,2.11,1.13,1.9,4.1,1.7,중립,팽이도지,잔구간,0.59,0.055,2026-09-08
NKTX,3.0,3.23,1468758,485605,4.74,1.33,3.6,-2.1,12.9,강한매수,장대양봉,전고점돌파,0.86,3.93,2026-09-08
PAYP,3.0,17.56,1724985,571768,30.29,10.86,2.8,-0.9,4.0,강한매수,장대양봉,전고점돌파,0.6,3.62,2026-09-08
PLU,3.0,5.61,449304,150969,2.52,2.11,1.2,-1.3,-2.3,강한매수,망치형,전저점부근,0.63,2.91,2026-09-08
TAC,3.0,12.41,3845782,1284213,47.73,25.85,1.8,0.8,3.0,매수관심,장대양봉,잔구간,0.8,1.18,2026-09-08
SHEN,2.9,12.19,1214844,426032,14.81,4.43,3.3,-1.0,-2.2,중립,음봉,잔구간,0.57,-0.31,2026-09-08
QVCG,2.9,17.42,520434,180440,9.07,6.0,1.5,0.5,3.7,매수관심,양봉,완만한상승,0.41,1.49,2026-09-08
PLAG,2.9,0.72,1546042,535878,1.11,5.74,0.2,-10.3,14.3,매수관심,장대양봉,잔구간,0.93,1.26,2026-09-08
ANGX,2.9,4.86,2632486,897417,12.79,4.14,3.1,1.1,5.0,강한매수,양봉,전고점돌파,0.64,2.37,2026-09-08
IBX,2.8,17.38,419024,150924,7.28,3.52,2.1,-1.8,-0.6,중립,망치형,잔구간,0.65,0.59,2026-09-08
CIK,2.8,2.43,533749,191937,1.3,0.69,1.9,0.4,-0.4,중립,음봉,완만한상승,0.5,0.2,2026-09-08
TNON,2.8,3.36,385672,135992,1.3,4.59,0.3,-3.8,-6.1,매도주의,음봉,전저점이탈,0.43,-1.53,2026-09-08
KMDA,2.8,8.29,375361,136491,3.11,1.29,2.4,-3.0,0.1,중립,팽이도지,잔구간,0.6,0.06,2026-09-08
ENGN,2.8,1.92,1508314,540894,2.9,1.36,2.1,0.0,5.5,강한매수,장대양봉,완만한상승,0.87,3.34,2026-09-08
EOSU,2.8,9.31,566097,204858,5.27,1.58,3.3,2.0,19.2,강한매수,양봉,전고점돌파,0.57,2.28,2026-09-08
ZKH,2.8,2.96,490032,175563,1.45,0.67,2.2,-0.3,0.7,강한매수,양봉스프링,완만한상승,0.91,2.89,2026-09-08
QBTX,2.8,6.66,5025763,1799714,33.47,15.8,2.1,12.6,0.6,중립,위꼬리양봉,잔구간,0.22,-0.67,2026-09-08
UROY,2.7,4.82,6366214,2352353,30.69,9.44,3.2,0.2,8.3,강한매수,장대양봉,전고점돌파,0.78,3.84,2026-09-08
INFQ,2.7,13.66,15454873,5728492,211.11,97.66,2.2,4.3,1.9,중립,위꼬리양봉,완만한상승,0.26,-0.39,2026-09-08
FATE,2.7,2.5,1918069,715171,4.8,2.79,1.7,-1.2,2.0,매수관심,양봉,완만한상승,0.68,1.82,2026-09-08
NVA,2.7,6.49,940028,351497,6.1,1.87,3.3,0.0,5.9,강한매수,양봉,전고점돌파,0.51,2.21,2026-09-08
KDK,2.6,3.89,1939401,760208,7.54,3.29,2.3,0.4,1.4,중립,위꼬리양봉,완만한상승,0.29,-0.35,2026-09-08
POET,2.6,8.31,17893489,6911292,148.69,56.99,2.6,1.0,3.9,매수관심,양봉,완만한상승,0.41,1.49,2026-09-08
AVAH,2.6,13.66,5451507,2137591,74.47,39.11,1.9,-1.1,1.7,매수관심,양봉,완만한상승,0.49,1.59,2026-09-08
PALI,2.6,2.2,3530331,1366440,7.77,2.85,2.7,0.0,5.3,강한매수,장대양봉,전고점돌파,0.77,3.82,2026-09-08
AAOG,2.6,2.67,4814933,1888030,12.86,5.75,2.2,5.0,5.1,중립,양봉,잔구간,0.38,0.28,2026-09-08
FGL,2.6,7.57,382240,146083,2.89,3.24,0.9,-1.5,-17.4,강한매도,장대음봉,전저점이탈,0.26,-3.04,2026-09-08
UUUG,2.6,4.73,597387,230729,2.83,1.56,1.8,1.1,1.1,중립,팽이도지,완만한상승,0.37,0.74,2026-09-08
ITG,2.6,13.39,330822,127942,4.43,1.73,2.6,1.4,0.8,매수관심,팽이도지,완만한상승,0.42,0.8,2026-09-08
EROC,2.5,13.74,4356063,1708815,59.85,20.76,2.9,3.0,8.2,강한매수,장대양봉,전고점돌파,0.83,3.9,2026-09-08
SES,2.5,0.57,18888303,7538181,10.76,3.81,2.8,1.9,11.1,강한매수,장대양봉,전고점돌파,0.94,4.03,2026-09-08
HITI,2.5,2.69,839776,332124,2.26,1.06,2.1,0.2,4.7,강한매수,장대양봉,전고점돌파,0.93,4.02,2026-09-08
BAOS,2.5,0.324,3819773,1555429,1.24,4.8,0.3,-11.7,12.5,매수관심,장대양봉,잔구간,0.73,1.14,2026-09-08
IREZ,2.5,7.81,5300806,2151742,41.4,19.8,2.1,-5.6,-4.6,중립,망치형,전저점이탈,0.7,0.49,2026-09-08
SABR,2.5,2.26,7449972,2998969,16.84,6.37,2.6,-0.9,7.1,강한매수,장대양봉,전고점부근,0.9,2.03,2026-09-08
FAC,2.5,5.69,614213,246452,3.49,1.47,2.4,1.0,8.2,강한매수,양봉,전고점돌파,0.56,2.27,2026-09-08
SUPX,2.5,7.52,1291164,506871,9.71,7.0,1.4,2.6,-9.7,중립,음봉,전저점부근,0.17,-0.35,2026-09-08
KEYY,2.5,9.91,491569,195451,4.87,1.57,3.1,-0.2,0.1,매수관심,장대양봉,잔구간,0.67,1.1,2026-09-08
LDI,2.4,0.826,8210439,3384557,6.78,3.44,2.0,-0.3,-12.1,강한매도,장대음봉,전저점이탈,0.18,-3.13,2026-09-08
USOY,2.4,7.49,703416,287376,5.27,2.04,2.6,1.3,0.7,강한매수,양봉,전고점돌파,0.9,2.68,2026-09-08
QPUX,2.4,14.33,445791,186244,6.39,2.89,2.2,8.4,-2.5,매도주의,위꼬리음봉,완만한상승,0.2,-0.96,2026-09-08
QUBX,2.4,6.86,427222,178655,2.93,1.43,2.1,6.8,-1.0,매도주의,위꼬리음봉,완만한상승,0.1,-1.08,2026-09-08
COHH,2.4,6.41,1663557,692347,10.66,4.57,2.3,0.4,13.5,중립,양봉,잔구간,0.6,0.41,2026-09-08
DOMO,2.4,3.83,2319190,961238,8.88,5.04,1.8,-1.0,-0.3,중립,망치형,잔구간,0.71,0.625,2026-09-08
GLNK,2.4,11.16,710197,301942,7.93,3.03,2.6,6.3,0.9,매수관심,팽이도지,전고점돌파,0.59,1.61,2026-09-08
SKHZ,2.4,9.76,2565039,1088514,25.03,14.04,1.8,-4.2,-0.5,중립,망치형,전저점이탈,0.74,0.54,2026-09-08
AAOX,2.4,12.04,10844088,4596978,130.56,73.7,1.8,4.3,6.5,중립,양봉,잔구간,0.4,0.29,2026-09-08
DXD,2.4,16.97,3393612,1398797,57.59,22.01,2.6,1.5,0.7,강한매수,장대양봉,완만한상승,0.73,3.18,2026-09-08
EOSE,2.4,4.3,46733306,19644631,200.95,87.18,2.3,2.8,7.8,강한매수,양봉,전고점돌파,0.53,2.24,2026-09-08
TLX,2.4,11.98,336393,140890,4.03,1.69,2.4,1.1,-0.7,매도주의,음봉,전고점부근,0.0,-1.75,2026-09-08
SLN,2.3,13.69,1352174,591779,18.51,8.35,2.2,-2.4,-3.9,중립,음봉,잔구간,0.27,-0.49,2026-09-08
EOLS,2.3,8.88,1727789,754197,15.34,9.59,1.6,-3.2,-1.3,중립,음봉,잔구간,0.35,-0.44,2026-09-08
BILI,2.3,16.2,7119823,3060745,115.34,66.92,1.7,3.9,2.4,매수관심,장대양봉,잔구간,0.72,1.13,2026-09-08
ORCU,2.3,9.45,7869796,3410777,74.37,28.65,2.6,11.3,-5.8,중립,음봉,전고점돌파,0.15,0.38,2026-09-08
CCC,2.3,7.08,13454778,5853785,95.26,52.52,1.8,0.2,-5.9,매도주의,장대음봉,잔구간,0.17,-1.2,2026-09-08
SANA,2.3,3.45,4986001,2142420,17.2,8.32,2.1,-1.8,-8.7,강한매도,장대음봉,전저점이탈,0.13,-3.19,2026-09-08
TYGO,2.3,1.06,1106863,487551,1.17,0.59,2.0,2.8,-3.6,중립,음봉,잔구간,0.11,-0.585,2026-09-08
GOOS,2.3,7.75,1297235,566752,10.05,6.55,1.5,0.5,-5.3,강한매도,장대음봉,전저점이탈,0.02,-3.33,2026-09-08
NNOX,2.3,0.93,2643388,1158768,2.46,1.15,2.1,1.8,10.1,강한매수,양봉,전고점돌파,0.81,2.57,2026-09-08
MUC,2.3,10.43,1039800,447908,10.85,3.9,2.8,-0.2,0.0,중립,위꼬리양봉,잔구간,0.17,-0.7,2026-09-08
AIRS,2.3,2.705,1680891,746118,4.55,2.2,2.1,-0.2,-3.0,매도주의,위꼬리음봉,잔구간,0.08,-1.0,2026-09-08
DHC,2.3,7.6,2767684,1217542,21.03,8.48,2.5,-0.5,1.7,매수관심,양봉,완만한상승,0.61,1.73,2026-09-08
AGNC,2.3,10.68,37543618,16636655,400.97,169.27,2.4,1.0,-0.7,중립,음봉,잔구간,0.05,-0.62,2026-09-08
XXI,2.3,5.86,2668347,1148779,15.64,8.36,1.9,-4.9,1.0,중립,팽이도지,잔구간,0.42,-0.05,2026-09-08
CYPH,2.3,2.63,18152799,7765974,47.74,25.14,1.9,0.4,8.2,강한매수,양봉,전고점돌파,0.63,2.36,2026-09-08
BXBL,2.3,4.37,444264,192471,1.94,0.79,2.5,3.4,-2.9,강한매수,망치형,완만한상승,0.74,2.19,2026-09-08
CLBT,2.3,11.45,3783423,1655740,43.32,26.72,1.6,-1.0,1.1,중립,양봉,잔구간,0.79,0.525,2026-09-08
INMB,2.3,2.51,494310,210642,1.24,0.68,1.8,0.0,2.9,강한매수,양봉,전고점돌파,0.53,2.24,2026-09-08
AVO,2.2,12.87,1035098,461596,13.32,6.73,2.0,-0.2,1.7,매수관심,양봉,완만한상승,0.81,1.97,2026-09-08
GORO,2.2,3.84,3085259,1400912,11.85,6.61,1.8,-0.5,-7.0,중립,음봉,잔구간,0.4,-0.41,2026-09-08
WRD,2.2,6.08,2966897,1359928,18.04,10.43,1.7,-0.2,1.8,매수관심,양봉,완만한상승,0.81,1.97,2026-09-08
FIGS,2.2,13.68,4142135,1857922,56.66,34.49,1.6,-1.9,-3.3,강한매도,장대음봉,전저점이탈,0.32,-2.97,2026-09-08
LYG,2.2,6.0,23553242,10809833,141.32,69.67,2.0,-0.2,-1.2,매도주의,장대음봉,잔구간,0.0,-1.3,2026-09-08
GMTL,2.2,12.25,351621,160217,4.31,2.01,2.1,2.5,10.5,매수관심,장대양봉,잔구간,0.61,1.065,2026-09-08
VRRM,2.2,3.91,7885974,3641185,30.83,13.4,2.3,-1.0,-3.0,매도주의,음봉,전저점이탈,0.36,-1.62,2026-09-08
NBIG,2.2,20.0,3383618,1539669,67.67,23.89,2.8,7.1,7.5,강한매수,양봉,전고점돌파,0.46,2.15,2026-09-08
SECZ,2.2,8.25,3192181,1419361,26.34,9.84,2.7,1.1,10.0,강한매수,장대양봉,전고점돌파,0.93,4.02,2026-09-08
INFH,2.2,8.99,328672,146296,2.95,1.8,1.6,8.3,4.1,중립,위꼬리양봉,잔구간,0.27,-0.64,2026-09-08
RLMD,2.2,4.25,1697806,762934,7.22,3.64,2.0,-0.7,-3.4,매도주의,음봉,전저점이탈,0.41,-1.56,2026-09-08
CGNT,2.2,8.23,1101796,506048,9.07,5.31,1.7,-0.8,-2.0,중립,음봉,전저점부근,0.51,0.06,2026-09-08
CANE,2.2,11.5,731574,339128,8.41,3.56,2.4,0.4,0.3,강한매수,양봉스프링,완만한상승,0.87,2.84,2026-09-08
AEO,2.2,17.22,10932694,4962431,188.26,85.72,2.2,0.0,-1.0,중립,음봉,잔구간,0.47,-0.37,2026-09-08
SPWR,2.2,0.334,7047128,3196007,2.35,12.93,0.2,-0.2,-7.1,중립,음봉,잔구간,0.13,-0.57,2026-09-08
PHGE,2.2,1.55,652714,292744,1.01,0.28,3.6,1.6,3.3,매수관심,팽이도지,전고점돌파,0.52,1.52,2026-09-08
AIXI,2.2,3.26,349707,156200,1.14,35.88,0.0,-1.2,0.0,중립,팽이도지,잔구간,0.71,0.125,2026-09-08
AGPU,2.1,11.26,329500,157552,3.71,2.04,1.8,0.3,5.2,강한매수,양봉,전고점돌파,0.47,2.16,2026-09-08
RGTZ,2.1,3.28,6367257,3049370,20.88,12.56,1.7,-15.4,8.3,중립,양봉,잔구간,0.73,0.49,2026-09-08
SRFM,2.1,0.63,2206184,1054918,1.39,0.91,1.5,0.2,-6.3,강한매도,장대음봉,전저점이탈,0.25,-3.05,2026-09-08
CPSH,2.1,3.96,452282,213322,1.79,0.93,1.9,-0.3,3.7,매수관심,양봉,완만한상승,0.48,1.58,2026-09-08
RLAY,2.1,19.11,5029838,2412331,96.12,49.3,1.9,-1.4,1.8,매수관심,양봉,완만한상승,0.82,1.98,2026-09-08
BTBT,2.1,1.7,46446755,22563394,78.96,48.73,1.6,-0.3,4.0,강한매수,양봉,전고점돌파,0.57,2.28,2026-09-08
LCTX,2.1,1.09,1312122,631629,1.43,0.85,1.7,1.9,-0.9,매도주의,위꼬리음봉,잔구간,0.0,-1.05,2026-09-08
SMR,2.1,11.18,53956262,25375869,603.23,326.81,1.8,2.8,12.1,강한매수,장대양봉,전고점돌파,0.87,3.94,2026-09-08
AVAT,2.1,0.855,1250685,598484,1.07,0.45,2.4,1.1,13.2,강한매수,양봉,전고점돌파,0.58,2.3,2026-09-08
GMEU,2.1,5.52,1280494,616186,7.07,2.91,2.4,3.2,-6.3,매도주의,장대음봉,잔구간,0.18,-1.19,2026-09-08
GFR,2.1,6.23,1849972,875094,11.53,6.14,1.9,1.5,-0.3,중립,팽이도지,완만한상승,0.33,0.7,2026-09-08
GT,2.1,5.85,13202995,6323907,77.24,42.69,1.8,-0.8,-5.6,강한매도,장대음봉,전저점이탈,0.05,-3.29,2026-09-08
NRGV,2.1,4.32,6916414,3257283,29.88,11.6,2.6,0.8,11.6,강한매수,장대양봉,전고점돌파,0.81,3.87,2026-09-08
NOK,2.1,10.65,114104192,54522568,1215.21,540.83,2.2,4.3,1.8,중립,양봉,전고점부근,0.6,0.37,2026-09-08
SUIG,2.1,1.04,1135214,551123,1.18,0.88,1.3,-1.9,8.2,강한매수,장대양봉,완만한상승,0.8,3.26,2026-09-08
VSTS,2.1,13.65,2579115,1227386,35.2,13.28,2.7,-1.5,4.5,강한매수,장대양봉,전고점돌파,0.8,3.86,2026-09-08
PYXS,2.1,3.89,1375571,661202,5.35,2.58,2.1,2.8,-2.7,중립,음봉,완만한상승,0.15,-0.22,2026-09-08
MAMA,2.0,15.5,961236,489396,14.9,9.9,1.5,0.3,2.0,매수관심,양봉,완만한상승,0.49,1.59,2026-09-08
HLLY,2.0,2.98,1177391,601103,3.51,2.32,1.5,-1.3,-1.0,매도주의,위꼬리음봉,잔구간,0.0,-1.05,2026-09-08
QMLS,2.0,6.66,401971,200469,2.68,1.87,1.4,1.5,11.2,강한매수,장대양봉,전고점부근,0.92,2.05,2026-09-08
MNKD,2.0,4.16,4930914,2460911,20.51,9.95,2.1,-1.5,4.0,강한매수,양봉,전고점돌파,0.5,2.2,2026-09-08
VSTM,2.0,8.08,4366392,2190525,35.28,15.37,2.3,0.0,-1.5,중립,팽이도지,잔구간,0.29,-0.125,2026-09-08
DEC,2.0,15.43,1516404,761453,23.4,11.01,2.1,0.3,-0.3,매도주의,위꼬리음봉,완만한상승,0.02,-1.18,2026-09-08
SPCM,2.0,18.29,709070,356428,12.97,8.3,1.6,1.5,5.7,강한매수,양봉,전고점돌파,0.86,2.63,2026-09-08
ACRS,2.0,6.06,3060924,1518753,18.55,10.42,1.8,-1.5,-0.3,중립,팽이도지,잔구간,0.63,0.08,2026-09-08
CCAP,2.0,10.29,496044,242689,5.1,2.45,2.1,-0.3,-0.5,중립,음봉,잔구간,0.03,-0.63,2026-09-08
KC,2.0,10.42,1616932,810999,16.85,13.51,1.2,-4.4,-0.4,중립,망치형,잔구간,0.79,0.675,2026-09-08
TNYA,2.0,0.663,2365328,1209821,1.57,1.08,1.5,0.2,-3.1,매도주의,음봉,전저점이탈,0.05,-1.99,2026-09-08
STLN,2.0,6.32,1776326,894479,11.23,6.34,1.8,-1.2,7.8,매수관심,장대양봉,잔구간,0.75,1.15,2026-09-08
FTMS,2.0,9.85,323922,163010,3.19,4.57,0.7,-0.1,0.0,매도주의,위꼬리양봉,전저점부근,0.0,-0.85,2026-09-08
EDD,2.0,6.0,361900,185179,2.17,1.38,1.6,0.0,1.5,강한매수,장대양봉,전고점돌파,0.72,3.76,2026-09-08
SWBI,2.0,13.23,1163895,570490,15.4,9.08,1.7,-2.9,5.8,강한매수,장대양봉,완만한상승,0.84,3.31,2026-09-08
FLNC,2.0,11.04,9191634,4579783,101.48,58.93,1.7,3.0,3.6,중립,양봉,잔구간,0.56,0.385,2026-09-08
VFF,2.0,3.03,1300137,657774,3.94,2.32,1.7,-0.3,4.1,강한매수,양봉,전고점돌파,0.65,2.38,2026-09-08
ARMG,2.0,18.44,971652,487341,17.92,10.33,1.7,6.8,0.4,매수관심,팽이도지,완만한상승,0.52,0.92,2026-09-08
HCAT,2.0,1.7,690577,341040,1.17,0.64,1.8,-6.5,7.6,강한매수,장대양봉,완만한상승,0.71,3.15,2026-09-08
SATL,2.0,5.35,6189852,3148693,33.12,17.75,1.9,5.2,9.6,강한매수,장대양봉,완만한상승,0.94,3.43,2026-09-08
OKLL,2.0,2.76,18058063,8994543,49.84,28.12,1.8,3.2,6.6,매수관심,양봉,완만한상승,0.5,1.6,2026-09-08
WSE,2.0,12.41,2379985,1202358,29.54,14.76,2.0,-1.6,-1.3,매도주의,음봉,전저점이탈,0.08,-1.95,2026-09-08
IQ,2.0,0.984,20566625,10265564,20.23,9.96,2.0,0.3,11.4,매수관심,장대양봉,잔구간,0.79,1.175,2026-09-08
INDI,2.0,3.5,7511296,3820988,26.29,14.89,1.8,1.1,-3.8,중립,음봉,잔구간,0.08,-0.6,2026-09-08
AIB,1.9,1.43,1715137,880497,2.45,1.25,2.0,0.8,10.9,강한매수,장대양봉,전고점돌파,0.83,3.9,2026-09-08
ZH,1.9,2.84,876012,451317,2.49,1.08,2.3,1.6,8.4,매수관심,장대양봉,잔구간,0.68,1.11,2026-09-08
USAR,1.9,17.66,16995852,8974237,300.15,229.79,1.3,-0.7,1.0,중립,위꼬리양봉,잔구간,0.27,-0.64,2026-09-08
CHMI,1.9,2.97,338076,181368,1.0,0.71,1.4,-0.3,0.7,중립,양봉,전고점부근,0.75,0.55,2026-09-08
CNDT,1.9,1.65,1988044,1029712,3.28,1.43,2.3,-1.0,-14.1,강한매도,장대음봉,전저점이탈,0.06,-3.28,2026-09-08
CLVT,1.9,1.9,5454657,2889701,10.36,7.42,1.4,-1.0,-7.3,강한매도,장대음봉,전저점이탈,0.19,-3.12,2026-09-08
OPRT,1.9,7.99,537978,289523,4.3,2.05,2.1,-1.0,2.6,강한매수,양봉,전고점돌파,0.59,2.31,2026-09-08
ASTN,1.9,4.02,1479974,788446,5.95,5.29,1.1,-1.8,-10.3,강한매도,장대음봉,전저점이탈,0.25,-3.05,2026-09-08
QUBT,1.9,8.22,10190095,5292755,83.76,49.13,1.7,4.0,-1.3,매도주의,위꼬리음봉,완만한상승,0.03,-1.16,2026-09-08
QTEX,1.9,0.88,2125613,1110391,1.87,1.14,1.6,2.0,3.5,중립,양봉,전고점부근,0.65,0.43,2026-09-08
MYN,1.9,9.43,332891,171924,3.14,1.42,2.2,0.0,-0.4,매도주의,음봉,전저점이탈,0.36,-1.62,2026-09-08
SLDP,1.9,2.57,4768483,2538554,12.26,5.69,2.2,3.2,-1.0,중립,위꼬리음봉,전고점돌파,0.0,-0.6,2026-09-08
FJET,1.9,2.63,1408573,756818,3.7,2.14,1.7,0.0,-6.1,매도주의,장대음봉,전저점부근,0.04,-1.8,2026-09-08
DHX,1.9,4.3,482023,260498,2.07,1.33,1.6,-0.7,-4.2,중립,음봉,잔구간,0.56,-0.315,2026-09-08
SIDU,1.9,2.11,5366098,2778546,11.32,6.27,1.8,0.5,1.4,중립,양봉,잔구간,0.53,0.37,2026-09-08
HAFN,1.9,8.96,3760196,1979340,33.69,15.37,2.2,-4.4,1.7,중립,양봉,잔구간,0.96,0.625,2026-09-08
POEL,1.9,10.05,403960,213112,4.06,2.09,1.9,2.6,6.9,매수관심,양봉,완만한상승,0.4,1.48,2026-09-08
PSO,1.9,15.67,996022,526834,15.61,8.94,1.7,-1.6,-0.4,매도주의,음봉,전저점이탈,0.54,-1.4,2026-09-08
ESRT,1.9,4.4,4921986,2578692,21.66,11.17,1.9,0.0,-3.1,매도주의,장대음봉,잔구간,0.08,-1.25,2026-09-08
INTR,1.9,5.62,6340790,3420428,35.64,20.52,1.7,2.1,-2.8,매도주의,장대음봉,잔구간,0.05,-1.27,2026-09-08
SAIL,1.8,17.79,5586315,3061331,99.38,64.34,1.5,-1.5,-4.0,강한매도,장대음봉,전저점이탈,0.22,-3.09,2026-09-08
HTGC,1.8,17.72,2203121,1220322,39.04,27.37,1.4,0.2,0.3,매수관심,양봉,완만한상승,0.65,1.78,2026-09-08
ICLN,1.8,18.31,11177725,6149887,204.66,126.68,1.6,1.6,1.4,강한매수,장대양봉,전고점돌파,0.67,3.7,2026-09-08
MIST,1.8,1.125,1793870,1011850,2.02,1.49,1.4,0.0,-6.2,매도주의,장대음봉,잔구간,0.05,-1.27,2026-09-08
FCEL,1.8,17.76,13926506,7660290,247.33,119.6,2.1,1.5,17.0,매수관심,장대양봉,잔구간,0.89,1.235,2026-09-08
DV,1.8,13.35,3210851,1744141,42.86,26.36,1.6,0.0,-0.1,매도주의,장대음봉,잔구간,0.0,-1.3,2026-09-08
PMVP,1.8,1.34,1163474,640343,1.56,1.34,1.2,1.6,2.3,중립,양봉,잔구간,0.59,0.405,2026-09-08
FBRT,1.8,8.32,3487410,1897264,29.02,15.05,1.9,-1.4,-1.8,중립,음봉,전저점부근,0.33,-0.15,2026-09-08
SNK,1.8,14.49,3942259,2215925,57.12,44.0,1.3,-1.5,-6.0,매도주의,음봉,전저점이탈,0.15,-1.87,2026-09-08
NAGE,1.8,3.1,531897,295785,1.65,1.15,1.4,-0.3,-1.9,매도주의,장대음봉,잔구간,0.0,-1.3,2026-09-08
NAC,1.8,11.38,792566,432034,9.02,5.94,1.5,-0.3,-0.3,중립,망치형,잔구간,0.79,0.675,2026-09-08
NEOG,1.8,11.885,2922089,1579624,34.73,17.76,2.0,0.9,-0.5,매도주의,위꼬리음봉,완만한상승,0.17,-1.0,2026-09-08
PTON,1.8,5.04,13289858,7358026,66.98,35.87,1.9,-4.4,-2.3,매도주의,음봉,전저점이탈,0.12,-1.91,2026-09-08
NNE,1.8,19.35,2372381,1323054,45.91,27.23,1.7,1.6,7.5,강한매수,장대양봉,완만한상승,0.84,3.31,2026-09-08
BLZE,1.8,13.89,2217967,1243887,30.81,27.04,1.1,0.3,2.9,중립,양봉,잔구간,0.78,0.52,2026-09-08
AVTR,1.8,15.25,12503745,7094808,190.68,95.07,2.0,-0.9,2.8,강한매수,양봉,전고점돌파,0.74,2.49,2026-09-08
TENX,1.8,1.98,7753619,4420506,15.35,14.8,1.0,0.5,1.5,중립,위꼬리양봉,잔구간,0.18,-0.69,2026-09-08
PLUG,1.8,2.26,76356540,43557295,172.57,114.85,1.5,1.4,2.7,매수관심,양봉,완만한상승,0.5,1.6,2026-09-08
ENOV,1.8,19.98,3743670,2109029,74.8,30.03,2.5,3.2,4.3,중립,양봉,잔구간,0.86,0.565,2026-09-08
NVCR,1.8,16.85,1460201,827970,24.6,17.22,1.4,-1.7,-4.5,강한매도,장대음봉,전저점이탈,0.23,-3.07,2026-09-08
XZO,1.8,16.13,327503,178875,5.28,3.21,1.6,-0.3,-2.2,매도주의,장대음봉,잔구간,0.13,-1.22,2026-09-08
CMPS,1.8,14.04,3366302,1860461,47.26,26.89,1.8,0.1,5.7,중립,양봉,잔구간,0.68,0.46,2026-09-08
SPCG,1.8,15.0,1442076,818737,21.63,17.74,1.2,-1.3,-6.1,매도주의,음봉,전저점이탈,0.15,-1.87,2026-09-08
AIRO,1.8,7.33,608391,337446,4.46,2.68,1.7,1.4,-2.3,중립,음봉,잔구간,0.09,-0.595,2026-09-08
TpA,1.8,17.7,311452,168434,5.51,3.42,1.6,0.0,0.4,중립,양봉,잔구간,0.44,0.315,2026-09-08
SAFX,1.8,0.41,5096569,2766112,2.09,1.0,2.1,1.7,2.6,강한매수,양봉,전고점돌파,0.55,2.26,2026-09-08
LZ,1.8,6.02,4228048,2399938,25.45,13.9,1.8,0.0,-1.8,중립,음봉,잔구간,0.59,-0.295,2026-09-08
BTGO,1.8,7.74,2530400,1443445,19.59,11.3,1.7,0.1,5.9,매수관심,장대양봉,전고점부근,0.78,1.89,2026-09-08
GSBD,1.7,9.68,1260961,726315,12.21,7.67,1.6,-2.2,-0.8,매도주의,음봉,전저점이탈,0.35,-1.63,2026-09-08
GSM,1.7,4.52,1856615,1119923,8.39,4.99,1.7,1.7,-4.8,매도주의,장대음봉,잔구간,0.18,-1.19,2026-09-08
CX,1.7,10.97,6312411,3674417,69.25,44.28,1.6,0.6,-1.2,중립,음봉,잔구간,0.21,-0.525,2026-09-08
NFXL,1.7,17.23,1192886,719067,20.55,16.79,1.2,-1.6,-2.2,매도주의,음봉,전저점이탈,0.51,-1.44,2026-09-08
SHIP,1.7,18.27,593720,343395,10.85,6.36,1.7,0.0,-3.4,매도주의,장대음봉,잔구간,0.2,-1.18,2026-09-08
XRPI,1.7,7.74,336902,198957,2.61,2.92,0.9,-0.4,2.0,중립,양봉,잔구간,0.59,0.405,2026-09-08
AGEN,1.7,7.43,1207777,729877,8.97,6.45,1.4,-1.2,-8.7,강한매도,장대음봉,전저점이탈,0.01,-3.34,2026-09-08
HPEL,1.7,18.04,452807,268715,8.17,7.11,1.1,-1.1,16.1,강한매수,장대양봉,전고점부근,0.96,2.1,2026-09-08
CRBP,1.7,10.595,915463,529839,9.7,7.39,1.3,-0.1,-4.3,매도주의,장대음봉,잔구간,0.38,-1.07,2026-09-08
CIFR,1.7,18.51,39893548,23290343,738.43,447.22,1.7,1.2,3.1,강한매수,양봉,전고점돌파,0.49,2.19,2026-09-08
LYFT,1.7,16.24,15625772,9036721,253.76,167.12,1.5,-0.7,-2.2,매도주의,음봉,전저점이탈,0.42,-1.55,2026-09-08
MBI,1.7,4.61,646098,388610,2.98,2.24,1.3,-0.6,-2.7,강한매도,장대음봉,전저점이탈,0.4,-2.87,2026-09-08
CD,1.7,3.51,340738,202192,1.2,0.82,1.5,-2.5,-11.6,중립,음봉,잔구간,0.28,-0.48,2026-09-08
REI,1.7,1.52,4547915,2609817,6.91,4.39,1.6,1.3,0.0,중립,위꼬리양봉,완만한상승,0.2,-0.46,2026-09-08
SPDN,1.7,8.55,46093653,27229686,394.1,242.14,1.6,0.0,0.5,강한매수,장대양봉,완만한상승,0.8,3.26,2026-09-08
FRMI,1.7,5.71,27656430,16236394,157.92,74.34,2.1,2.7,8.6,매수관심,장대양봉,전고점부근,0.71,1.8,2026-09-08
SONO,1.7,14.49,2375302,1419057,34.42,20.96,1.6,-0.8,-4.9,강한매도,장대음봉,전저점이탈,0.24,-3.06,2026-09-08
LUNL,1.7,4.27,1642766,983019,7.01,4.23,1.7,2.1,9.5,매수관심,장대양봉,잔구간,0.89,1.235,2026-09-08
ALM,1.7,19.12,10307383,5991389,197.08,98.59,2.0,0.9,7.9,매수관심,장대양봉,전고점부근,0.83,1.95,2026-09-08
LUNR,1.7,15.68,7889150,4625266,123.7,85.51,1.4,1.1,4.7,매수관심,장대양봉,잔구간,0.9,1.24,2026-09-08
ALLO,1.7,1.86,7434268,4400998,13.83,9.63,1.4,-2.0,-3.6,강한매도,장대음봉,전저점이탈,0.11,-3.22,2026-09-08
SOUN,1.7,6.57,39346683,23733022,258.51,161.12,1.6,0.1,-2.6,매도주의,음봉,전저점이탈,0.26,-1.74,2026-09-08
OCUL,1.7,11.37,2737328,1570962,31.12,18.36,1.7,-0.8,7.7,강한매수,장대양봉,전고점돌파,0.93,4.02,2026-09-08
ARCC,1.7,19.7,6633565,3999776,130.68,73.53,1.8,0.0,-1.7,강한매도,장대음봉,전저점이탈,0.07,-3.27,2026-09-08
AAOZ,1.7,12.09,1488999,891431,18.0,17.35,1.0,-4.3,-7.3,중립,음봉,잔구간,0.58,-0.3,2026-09-08
TAK,1.7,18.32,3139368,1794745,57.51,34.93,1.6,0.4,-1.1,중립,음봉,잔구간,0.11,-0.585,2026-09-08
NN,1.7,15.22,3861178,2228636,58.77,34.98,1.7,-0.4,0.7,매수관심,팽이도지,완만한상승,0.6,1.02,2026-09-08
SNDC,1.7,9.09,332362,201263,3.02,1.74,1.7,3.9,-4.1,매도주의,음봉,전고점부근,0.0,-1.75,2026-09-08
NRDS,1.7,9.56,887507,517162,8.48,5.19,1.6,-1.0,-2.2,강한매도,장대음봉,전저점이탈,0.25,-3.05,2026-09-08
NRXP,1.7,3.47,705974,422677,2.45,2.13,1.2,0.3,-0.9,중립,팽이도지,잔구간,0.42,-0.05,2026-09-08
SSP,1.7,3.21,773247,451294,2.48,1.63,1.5,-0.9,-1.8,중립,음봉,잔구간,0.59,-0.295,2026-09-08
FDUS,1.7,19.62,485935,287869,9.53,5.64,1.7,0.0,-0.1,매도주의,위꼬리음봉,수횡파,0.17,-1.3,2026-09-08
GMRS,1.7,13.8,803201,470503,11.08,6.15,1.8,0.7,1.8,강한매수,양봉,전고점돌파,0.6,2.32,2026-09-08
PAL,1.7,5.26,654120,374198,3.44,2.59,1.3,0.6,2.1,중립,양봉,잔구간,0.68,0.46,2026-09-08
MUD,1.7,9.95,7753544,4506230,77.15,54.34,1.4,-2.0,3.6,매수관심,장대양봉,잔구간,0.93,1.26,2026-09-08
ELME,1.7,1.68,715099,429251,1.2,0.99,1.2,-1.2,0.6,중립,양봉,잔구간,0.5,0.35,2026-09-08
VLN,1.7,1.69,989599,590748,1.67,1.12,1.5,1.2,-2.3,중립,음봉,잔구간,0.21,-0.525,2026-09-08
TE,1.7,5.06,32529445,19486774,164.6,90.13,1.8,3.9,5.9,중립,양봉,잔구간,0.57,0.39,2026-09-08
TPVG,1.7,5.22,361903,213889,1.89,0.88,2.1,2.7,-2.8,매도주의,장대음봉,잔구간,0.33,-1.1,2026-09-08
VIDA,1.7,2.44,438064,262909,1.07,0.45,2.4,0.5,21.4,매수관심,장대양봉,잔구간,1.0,1.3,2026-09-08
QBTZ,1.7,3.46,2771591,1669951,9.59,9.19,1.0,-12.9,-1.1,중립,망치형,잔구간,0.78,0.67,2026-09-08
MORT,1.7,9.73,1133423,673558,11.03,7.5,1.5,-0.3,-0.5,중립,음봉,잔구간,0.04,-0.625,2026-09-08
EMAT,1.7,3.185,1043654,601650,3.32,4.72,0.7,0.3,5.1,중립,양봉,잔구간,0.59,0.405,2026-09-08
BMM,1.6,5.99,328942,209764,1.97,1.36,1.4,1.8,-4.9,중립,음봉,잔구간,0.14,-0.565,2026-09-08
TRIN,1.6,18.08,1494996,927989,27.03,15.93,1.7,0.1,-0.8,강한매도,장대음봉,전저점이탈,0.12,-3.21,2026-09-08
VFS,1.6,3.1,424278,260826,1.32,0.96,1.4,0.6,0.0,강한매수,양봉스프링,완만한상승,0.8,2.76,2026-09-08
GBDC,1.6,12.78,1698390,1046113,21.71,13.57,1.6,-0.2,-1.5,매도주의,음봉,전저점이탈,0.21,-1.8,2026-09-08
FVRR,1.6,9.01,590713,368762,5.32,4.08,1.3,-1.4,-1.2,매도주의,음봉,전저점이탈,0.17,-1.85,2026-09-08
CRVS,1.6,13.93,1032932,635742,14.39,9.39,1.5,-2.6,-0.6,매도주의,위꼬리음봉,잔구간,0.17,-0.95,2026-09-08
TRDA,1.6,7.52,514213,324136,3.87,1.97,2.0,-1.5,7.1,강한매수,장대양봉,전고점돌파,0.76,3.81,2026-09-08
IE,1.6,11.04,2343701,1484228,25.87,19.95,1.3,1.8,8.6,매수관심,장대양봉,잔구간,0.76,1.155,2026-09-08
GPK,1.6,9.89,6304725,4040585,62.35,46.82,1.3,-1.1,-4.2,강한매도,장대음봉,전저점이탈,0.0,-3.35,2026-09-08
PSNY,1.6,8.93,505420,325422,4.51,3.47,1.3,0.0,-3.0,매도주의,위꼬리음봉,잔구간,0.09,-0.995,2026-09-08
PUMP,1.6,12.03,3864977,2454158,46.5,32.47,1.4,3.0,1.9,강한매수,양봉,전고점돌파,0.66,2.39,2026-09-08
ABUS,1.6,5.18,5291491,3394495,27.41,29.71,0.9,-1.0,1.6,강한매수,장대양봉,완만한상승,0.83,3.3,2026-09-08
PAYS,1.6,12.88,1098898,680495,14.15,9.87,1.4,0.4,-4.7,매도주의,장대음봉,잔구간,0.21,-1.175,2026-09-08
GRAB,1.6,3.25,54655025,33248966,177.63,114.3,1.6,-0.7,-4.3,강한매도,장대음봉,전저점이탈,0.09,-3.24,2026-09-08
AUTL,1.6,2.11,2568363,1656942,5.42,3.61,1.5,-0.9,-5.0,강한매도,장대음봉,전저점이탈,0.08,-3.25,2026-09-08
GO,1.6,11.75,4408391,2677513,51.8,31.56,1.6,-0.7,-4.4,매도주의,장대음봉,잔구간,0.07,-1.26,2026-09-08
STTK,1.6,6.5,1002704,631377,6.52,5.86,1.1,0.1,-4.4,강한매도,장대음봉,전저점이탈,0.08,-3.25,2026-09-08
CALY,1.6,15.57,2056324,1319232,32.02,21.73,1.5,0.6,-2.7,매도주의,장대음봉,잔구간,0.04,-1.275,2026-09-08
CDZI,1.6,4.31,1206043,761604,5.2,3.96,1.3,0.8,2.6,강한매수,양봉,전고점돌파,0.63,2.36,2026-09-08
BYRN,1.6,3.63,424161,266837,1.54,1.23,1.3,0.5,-1.9,중립,음봉,잔구간,0.4,-0.41,2026-09-08
SAFE,1.6,14.69,415684,255655,6.11,3.86,1.6,0.1,-2.9,매도주의,음봉,전저점이탈,0.29,-1.7,2026-09-08
IGD,1.6,6.41,372460,233615,2.39,1.49,1.6,0.2,-0.8,강한매도,장대음봉,전저점이탈,0.25,-3.05,2026-09-08
BTAL,1.6,11.96,837682,512242,10.02,7.27,1.4,-0.6,-0.3,매도주의,음봉,전저점이탈,0.42,-1.55,2026-09-08
MARA,1.6,11.83,53474725,33907084,632.61,499.61,1.3,-1.6,6.3,강한매수,장대양봉,완만한상승,0.78,3.24,2026-09-08
ALEC,1.6,2.47,916854,576140,2.26,2.37,1.0,-3.3,3.8,중립,양봉,잔구간,0.5,0.35,2026-09-08
XE,1.6,19.15,9807083,6007434,187.81,106.57,1.8,1.9,6.1,강한매수,장대양봉,수횡파,0.68,3.82,2026-09-08
CCOI,1.6,9.64,2638447,1615687,25.43,15.81,1.6,-0.7,-3.4,중립,음봉,잔구간,0.26,-0.495,2026-09-08
LRMR,1.6,4.075,1040647,662882,4.24,2.97,1.4,-1.8,8.4,매수관심,장대양봉,잔구간,0.99,1.295,2026-09-08
STIM,1.6,2.93,1428244,914678,4.18,2.43,1.7,-1.0,2.8,중립,양봉,잔구간,0.58,0.4,2026-09-08
TROO,1.6,2.1,593285,374033,1.25,0.8,1.6,0.0,-6.3,중립,음봉,잔구간,0.06,-0.615,2026-09-08
CCLD,1.6,2.17,601869,384855,1.31,1.07,1.2,0.4,-3.1,강한매도,장대음봉,전저점이탈,0.33,-2.95,2026-09-08
ITUB,1.6,8.31,24858241,15913164,206.57,142.66,1.4,2.3,-0.4,강한매도,위꼬리음봉,전고점부근,0.22,-3.29,2026-09-08
IMRX,1.6,4.78,1043946,633291,4.99,2.98,1.7,0.0,-0.8,중립,팽이도지,전저점이탈,0.48,-0.77,2026-09-08
UPB,1.6,6.19,952239,579511,5.89,4.04,1.5,0.0,3.0,중립,양봉,잔구간,0.95,0.62,2026-09-08
IMSR,1.6,5.67,1454183,935564,8.25,5.23,1.6,0.2,9.9,강한매수,장대양봉,전고점돌파,0.86,3.93,2026-09-08
INN,1.6,5.72,1247631,800294,7.14,4.4,1.6,0.0,-1.2,중립,음봉,잔구간,0.12,-0.58,2026-09-08
HNRG,1.6,16.9,835923,508043,14.13,9.65,1.5,1.1,0.7,중립,위꼬리양봉,전고점돌파,0.33,0.3,2026-09-08
PBI,1.6,16.99,2093552,1288089,35.57,24.46,1.5,-1.5,-0.9,중립,음봉,잔구간,0.28,-0.48,2026-09-08
HAWK,1.6,17.83,2053000,1294959,36.61,22.08,1.7,0.9,1.8,중립,양봉,잔구간,0.96,0.625,2026-09-08
BBCP,1.6,10.38,451442,290709,4.69,2.92,1.6,0.0,-1.1,중립,팽이도지,잔구간,0.39,-0.065,2026-09-08
SKHL,1.6,11.35,1760832,1096812,19.99,10.61,1.9,8.8,0.6,중립,위꼬리양봉,전고점돌파,0.23,0.18,2026-09-08
MLTX,1.6,14.94,1464875,930053,21.89,15.1,1.4,-1.4,0.9,중립,위꼬리양봉,잔구간,0.34,-0.595,2026-09-08
BB,1.6,7.87,13643137,8380266,107.37,75.04,1.4,0.1,2.1,중립,양봉,잔구간,0.72,0.48,2026-09-08
BATL,1.6,1.32,5684577,3666586,7.5,4.47,1.7,2.3,0.0,매수관심,양봉스프링,잔구간,0.75,0.9,2026-09-08
ASIX,1.6,16.92,312986,200609,5.3,3.68,1.4,0.5,-3.5,매도주의,장대음봉,잔구간,0.01,-1.295,2026-09-08
SLNH,1.6,1.27,11523773,7174263,14.64,10.51,1.4,0.8,5.0,강한매수,양봉,전고점돌파,0.5,2.2,2026-09-08
ANTX,1.6,5.98,335287,207541,2.01,1.19,1.7,1.9,-0.3,중립,망치형,잔구간,0.73,0.64,2026-09-08
INFY,1.5,11.13,20181799,13252680,224.62,160.16,1.4,-2.1,-2.8,강한매도,장대음봉,전저점이탈,0.35,-2.93,2026-09-08
METD,1.5,15.59,918659,592800,14.32,9.06,1.6,0.3,0.3,매수관심,양봉스프링,잔구간,0.76,0.905,2026-09-08
HLN,1.5,9.25,16769448,10886212,155.12,107.51,1.4,-2.6,-1.1,매도주의,음봉,전저점이탈,0.37,-1.61,2026-09-08
HSHP,1.5,18.16,478872,329971,8.7,5.37,1.6,2.4,-3.4,매도주의,장대음봉,잔구간,0.04,-1.275,2026-09-08
MFIC,1.5,9.245,663152,433176,6.13,4.33,1.4,-3.3,-0.6,매도주의,음봉,전저점이탈,0.22,-1.79,2026-09-08
QTRX,1.5,2.73,647367,433676,1.77,1.33,1.3,-1.9,3.4,중립,양봉,전고점부근,0.55,0.31,2026-09-08
QTTB,1.5,11.69,592921,394366,6.93,6.74,1.0,0.1,-2.6,매도주의,장대음봉,잔구간,0.29,-1.125,2026-09-08
IRD,1.5,4.34,2268609,1554293,9.85,7.65,1.3,-3.0,-4.2,매도주의,장대음봉,잔구간,0.11,-1.235,2026-09-08
JBIO,1.5,19.45,825597,560828,16.06,12.73,1.3,-1.2,-1.1,매도주의,팽이도지,전저점이탈,0.39,-0.88,2026-09-08
IRWD,1.5,4.17,2275814,1487730,9.49,6.1,1.6,-0.2,-1.9,중립,음봉,잔구간,0.49,-0.355,2026-09-08
KLRA,1.5,16.43,1000513,689894,16.44,13.16,1.2,-2.7,4.1,매수관심,장대양봉,잔구간,0.8,1.18,2026-09-08
IMPP,1.5,5.33,562377,386074,3.0,2.0,1.5,0.8,0.0,강한매수,양봉스프링,완만한상승,0.87,2.84,2026-09-08
CERT,1.5,7.74,2879990,1886424,22.29,15.19,1.5,-1.8,-0.8,중립,망치형,전저점이탈,0.57,0.33,2026-09-08
CRCD,1.5,1.875,7744762,5027641,14.52,11.01,1.3,4.2,7.1,강한매수,장대양봉,완만한상승,0.91,3.39,2026-09-08
RKLX,1.5,15.87,3364910,2234554,53.4,27.33,2.0,2.7,2.1,매수관심,팽이도지,완만한상승,0.51,0.91,2026-09-08
KEP,1.5,12.51,1449494,937516,18.13,11.4,1.6,5.6,-0.8,중립,음봉,전고점돌파,0.03,0.24,2026-09-08
CBRG,1.5,3.52,15096571,10345851,53.14,39.78,1.3,6.4,-15.0,매도주의,장대음봉,잔구간,0.01,-1.295,2026-09-08
CAL,1.5,12.03,767122,512431,9.23,6.29,1.5,0.6,-3.8,매도주의,장대음봉,잔구간,0.04,-1.275,2026-09-08
JMIA,1.5,7.24,2248803,1475132,16.28,12.37,1.3,0.0,-0.7,매도주의,위꼬리음봉,잔구간,0.15,-0.96,2026-09-08
LAB,1.5,0.692,2839485,1868138,1.96,1.15,1.7,1.9,-1.0,중립,팽이도지,완만한상승,0.37,0.74,2026-09-08
ODD,1.5,13.025,1095549,718116,14.27,10.86,1.3,-1.6,-3.7,강한매도,장대음봉,전저점이탈,0.05,-3.29,2026-09-08
AGNT,1.5,3.98,2000975,1369905,7.96,5.16,1.5,0.0,-1.2,중립,음봉,잔구간,0.27,-0.49,2026-09-08
SPAL,1.5,17.97,1172877,759583,21.08,13.16,1.6,1.4,5.9,강한매수,양봉,전고점돌파,0.85,2.62,2026-09-08
OPRA,1.5,18.34,452582,301355,8.3,5.96,1.4,0.3,-2.6,매도주의,장대음봉,잔구간,0.33,-1.1,2026-09-08
XMAX,1.5,8.52,718525,486778,6.12,4.4,1.4,-0.1,-1.2,매도주의,음봉,전저점이탈,0.13,-1.89,2026-09-08
ADTN,1.5,7.58,2300574,1518945,17.44,11.51,1.5,1.1,5.6,매수관심,장대양봉,잔구간,0.88,1.23,2026-09-08
VUZI,1.5,2.5,675111,463256,1.69,1.47,1.1,-0.8,3.3,강한매수,장대양봉,완만한상승,0.77,3.22,2026-09-08
WDCX,1.5,19.6,1437926,930947,28.18,21.34,1.3,5.1,-0.7,중립,팽이도지,잔구간,0.54,0.025,2026-09-08
TRLV,1.5,12.43,2294165,1491030,28.52,17.68,1.6,0.7,1.9,강한매수,양봉,전고점돌파,0.57,2.28,2026-09-08
RDW,1.5,11.23,15297885,10056708,171.8,105.64,1.6,1.8,4.8,강한매수,장대양봉,완만한상승,0.82,3.28,2026-09-08
ARDT,1.5,10.75,560998,369067,6.03,4.09,1.5,-0.2,-1.2,중립,음봉,잔구간,0.37,-0.43,2026-09-08
AHRT,1.5,6.5,840181,551461,5.46,3.53,1.5,-0.2,-1.5,매도주의,장대음봉,잔구간,0.0,-1.3,2026-09-08
ALDX,1.5,1.54,721817,496918,1.11,0.72,1.5,-0.7,4.8,강한매수,장대양봉,완만한상승,0.88,3.36,2026-09-08
ORGO,1.5,1.6,979733,651968,1.57,1.12,1.4,-1.8,-4.8,매도주의,장대음봉,잔구간,0.27,-1.14,2026-09-08
MARO,1.5,4.35,416005,283172,1.81,1.49,1.2,-1.7,4.8,강한매수,장대양봉,완만한상승,0.78,3.24,2026-09-08
UIS,1.5,2.53,712822,485910,1.8,1.51,1.2,-0.8,-2.7,중립,음봉,잔구간,0.44,-0.385,2026-09-08
ARLO,1.5,14.11,2106092,1410938,29.72,15.47,1.9,0.9,0.1,매수관심,팽이도지,전고점돌파,0.53,1.54,2026-09-08
NABL,1.5,3.85,3873926,2509702,14.91,9.24,1.6,-4.2,-1.0,중립,망치형,잔구간,0.76,0.655,2026-09-08
TETH,1.5,12.38,2176841,1414343,26.95,18.66,1.4,0.5,0.6,중립,팽이도지,잔구간,0.62,0.07,2026-09-08
ARI,1.5,6.79,2909179,1912458,19.75,14.59,1.4,-0.4,-0.9,매도주의,장대음봉,수횡파,0.12,-1.86,2026-09-08
AXTX,1.5,7.57,15062757,10280671,114.03,63.17,1.8,7.6,16.5,강한매수,장대양봉,완만한상승,0.88,3.36,2026-09-08
EIKN,1.5,10.71,464893,312110,4.98,4.09,1.2,-0.5,-0.9,매도주의,위꼬리음봉,잔구간,0.24,-0.905,2026-09-08
GSIT,1.5,5.63,565009,371689,3.18,2.05,1.6,2.1,3.1,매수관심,장대양봉,잔구간,0.93,1.26,2026-09-08
TCPC,1.5,4.07,674353,463405,2.74,2.41,1.1,-0.7,0.7,강한매수,양봉,완만한상승,0.83,2.0,2026-09-08
HYLN,1.5,4.0,2485468,1614469,9.94,6.35,1.6,0.0,8.4,강한매수,장대양봉,전고점돌파,0.76,3.81,2026-09-08
EDIT,1.5,3.03,2276227,1534614,6.9,7.25,1.0,-0.9,-5.3,매도주의,장대음봉,잔구간,0.1,-1.24,2026-09-08
PLG,1.5,1.58,1595147,1038132,2.52,2.11,1.2,-1.3,6.0,매수관심,장대양봉,잔구간,0.75,1.15,2026-09-08
APLX,1.5,9.67,1914314,1289614,18.51,10.6,1.7,5.6,8.4,매수관심,양봉,완만한상승,0.6,1.72,2026-09-08
AMC,1.5,2.56,28086110,18994557,71.9,62.77,1.1,-1.1,-2.3,중립,음봉,잔구간,0.53,-0.33,2026-09-08
AMCX,1.5,12.08,743449,488924,8.98,5.89,1.5,-3.0,-0.2,중립,망치형,전저점이탈,0.79,0.6,2026-09-08
ASPI,1.5,4.22,4336032,2889724,18.3,12.04,1.5,2.1,-1.6,중립,음봉,완만한상승,0.17,-0.2,2026-09-08
ASAN,1.5,8.79,7424476,5089569,65.26,59.59,1.1,-0.9,0.7,중립,위꼬리양봉,잔구간,0.36,-0.585,2026-09-08
SMMT,1.5,17.28,7355093,5064245,127.1,100.26,1.3,-1.0,-0.9,중립,팽이도지,잔구간,0.43,-0.04,2026-09-08
BNED,1.5,12.25,351841,233963,4.31,3.37,1.3,-0.2,-3.5,중립,음봉,잔구간,0.28,-0.48,2026-09-08
NNDM,1.5,1.555,2088000,1434737,3.25,2.89,1.1,0.0,-4.0,매도주의,장대음봉,잔구간,0.15,-1.21,2026-09-08
SNDQ,1.5,11.77,37998359,25947284,447.24,428.28,1.0,-3.9,4.0,강한매수,양봉,전저점부근,0.97,2.01,2026-09-08
PRME,1.5,3.56,3602081,2385940,12.82,8.3,1.5,-1.4,-2.5,중립,음봉,잔구간,0.63,-0.27,2026-09-08
ERY,1.5,8.71,14152430,9196454,123.27,71.21,1.7,-2.1,-0.1,중립,팽이도지,잔구간,0.45,-0.03,2026-09-08
FTRE,1.5,17.06,1520336,1021709,25.94,18.1,1.4,-2.4,-1.3,매도주의,음봉,전저점이탈,0.27,-1.73,2026-09-08
GDYN,1.5,7.89,1379559,949597,10.88,7.22,1.5,-0.8,-1.3,중립,망치형,잔구간,0.7,0.62,2026-09-08
PBYI,1.5,9.39,365782,243601,3.43,2.73,1.3,-3.1,1.5,매수관심,양봉스프링,잔구간,0.75,0.9,2026-09-08
WULF,1.5,17.86,36710373,24243381,655.65,411.49,1.6,1.5,6.6,강한매수,장대양봉,전고점돌파,0.88,3.96,2026-09-08
PFN,1.4,6.9,371593,262678,2.56,2.38,1.1,0.0,-0.1,중립,팽이도지,잔구간,0.33,-0.1,2026-09-08
ALMU,1.4,13.31,550486,381806,7.33,5.81,1.3,2.3,0.5,중립,팽이도지,잔구간,0.51,0.005,2026-09-08
AEHG,1.4,7.78,1897118,1312908,14.76,7.28,2.0,8.9,1.3,중립,위꼬리양봉,잔구간,0.29,-0.625,2026-09-08
CHA,1.4,12.59,2656422,1882304,33.44,16.31,2.1,-0.3,8.3,강한매수,장대양봉,전고점돌파,0.94,4.03,2026-09-08
OXSQ,1.4,1.33,1595082,1151258,2.12,1.79,1.2,0.7,-2.2,매도주의,장대음봉,잔구간,0.22,-1.17,2026-09-08
OMAH,1.4,18.16,995135,729828,18.07,17.19,1.1,-0.2,-0.5,매도주의,장대음봉,잔구간,0.17,-1.2,2026-09-08
SPCQ,1.4,10.9,909882,654141,9.92,12.98,0.8,-1.5,-4.6,중립,음봉,전저점부근,0.25,-0.25,2026-09-08
XIFR,1.4,12.25,902434,662627,11.05,9.3,1.2,-0.3,1.2,강한매수,양봉,전고점돌파,0.61,2.33,2026-09-08
XRX,1.4,3.2,3603918,2576794,11.53,6.95,1.7,5.4,-8.6,매도주의,장대음봉,잔구간,0.08,-1.25,2026-09-08
SSTK,1.4,5.17,1470879,1039543,7.6,5.32,1.4,-0.7,-9.3,강한매도,장대음봉,전저점이탈,0.17,-3.15,2026-09-08
SKHX,1.4,17.62,2236244,1637445,39.4,24.34,1.6,8.5,1.1,중립,위꼬리양봉,전고점돌파,0.28,0.24,2026-09-08
EGHT,1.4,1.84,1664358,1170107,3.06,2.42,1.3,0.0,-2.6,중립,음봉,잔구간,0.33,-0.45,2026-09-08
GLUE,1.4,14.27,1197280,844618,17.09,15.46,1.1,-2.1,5.3,강한매수,장대양봉,완만한상승,0.98,3.48,2026-09-08
GOOD,1.4,13.09,424094,309363,5.55,4.12,1.3,-0.5,0.3,중립,위꼬리양봉,잔구간,0.22,-0.67,2026-09-08
PSKY,1.4,10.8,14294683,10231497,154.38,106.14,1.5,-1.0,0.5,중립,팽이도지,수횡파,0.44,0.53,2026-09-08
GME,1.4,18.89,10418061,7186564,196.8,127.66,1.5,1.0,-2.4,중립,음봉,잔구간,0.22,-0.52,2026-09-08
NUCL,1.4,6.65,333198,245656,2.22,1.95,1.1,0.1,-1.8,중립,음봉,잔구간,0.07,-0.61,2026-09-08
IMUX,1.4,12.74,405369,294083,5.16,4.3,1.2,-1.4,-1.5,중립,팽이도지,잔구간,0.42,-0.05,2026-09-08
CRGY,1.4,14.19,7479293,5307549,106.13,66.02,1.6,3.5,-0.4,중립,팽이도지,완만한상승,0.4,0.78,2026-09-08
GRNT,1.4,5.1,2454111,1721644,12.52,8.37,1.5,1.0,-0.6,매수관심,팽이도지,완만한상승,0.44,0.83,2026-09-08
GRND,1.4,15.46,1316252,952787,20.35,15.95,1.3,0.0,1.4,매수관심,양봉,완만한상승,0.74,1.89,2026-09-08
EIDO,1.4,13.22,1017362,720133,13.45,14.22,0.9,1.9,-0.7,매도주의,장대음봉,완만한상승,0.1,-1.58,2026-09-08
AMPX,1.4,10.39,5674800,4068872,58.96,40.76,1.4,2.5,2.5,매수관심,양봉,완만한상승,0.65,1.78,2026-09-08
OBIO,1.4,5.43,359336,258465,1.95,1.39,1.4,2.0,4.8,중립,양봉,전고점부근,0.89,0.72,2026-09-08
NHP,1.4,16.49,475283,341161,7.84,5.5,1.4,-0.7,2.5,매수관심,양봉,완만한상승,0.63,1.76,2026-09-08
MTUS,1.4,19.42,447811,327413,8.7,6.23,1.4,0.1,-2.7,중립,음봉,잔구간,0.22,-0.52,2026-09-08
PTRN,1.4,19.66,1347747,993093,26.5,25.21,1.1,0.2,-2.9,매도주의,장대음봉,전저점부근,0.4,-1.37,2026-09-08
NPWR,1.4,1.9,834759,577880,1.59,2.09,0.8,0.5,-2.1,중립,음봉,잔구간,0.26,-0.495,2026-09-08
NTLA,1.4,12.74,4130293,2965192,52.62,38.67,1.4,0.7,-0.7,중립,망치형,잔구간,0.68,0.61,2026-09-08
BLDP,1.4,2.37,3319265,2314588,7.87,5.49,1.4,1.3,0.0,중립,위꼬리양봉,완만한상승,0.21,-0.45,2026-09-08
LSPD,1.4,10.22,740599,542622,7.57,6.22,1.2,-1.0,-1.7,중립,음봉,잔구간,0.31,-0.465,2026-09-08
LI,1.4,12.46,3627109,2674782,45.19,35.56,1.3,1.5,-0.8,매도주의,음봉,전고점부근,0.13,-1.59,2026-09-08
TRIP,1.4,9.085,3947311,2894607,35.86,26.26,1.4,-1.4,-1.1,중립,음봉,전저점부근,0.37,-0.11,2026-09-08
SVRA,1.4,5.53,1661199,1228653,9.19,7.35,1.2,-1.9,4.9,강한매수,장대양봉,완만한상승,0.73,3.18,2026-09-08
WIT,1.4,1.73,11822476,8191043,20.45,17.33,1.2,-1.7,-2.8,강한매도,장대음봉,전저점이탈,0.29,-3.0,2026-09-08
EVGO,1.4,1.41,5637618,4130051,7.95,5.86,1.4,0.0,-6.6,매도주의,장대음봉,잔구간,0.17,-1.2,2026-09-08
SNDG,1.4,10.75,10090554,7092856,108.47,65.82,1.6,3.4,-3.5,매도주의,음봉,전고점부근,0.04,-1.7,2026-09-08
FWRG,1.4,12.29,1429223,1031656,17.57,10.85,1.6,0.7,1.2,중립,위꼬리양봉,완만한상승,0.32,-0.32,2026-09-08
REKR,1.4,0.5,2274942,1632419,1.14,0.84,1.3,-1.2,-5.6,매도주의,장대음봉,전저점부근,0.0,-1.85,2026-09-08
ASTI,1.4,2.98,376401,266601,1.12,0.83,1.4,1.6,-6.3,매도주의,장대음봉,잔구간,0.13,-1.22,2026-09-08
TFSL,1.4,17.39,971416,696683,16.89,13.61,1.2,-0.3,-0.7,중립,망치형,잔구간,0.64,0.585,2026-09-08
PFFD,1.4,18.29,1136099,788691,20.78,13.69,1.5,0.0,0.2,매수관심,양봉,완만한상승,0.54,1.65,2026-09-08
IHRT,1.4,2.66,541069,390201,1.44,1.02,1.4,-0.5,-4.7,매도주의,장대음봉,잔구간,0.18,-1.19,2026-09-08
TGB,1.4,8.9,6696286,4941113,59.6,50.35,1.2,3.2,2.1,중립,양봉,잔구간,0.42,0.3,2026-09-08
LYNX,1.4,13.14,574526,398625,7.55,7.99,0.9,0.0,3.7,중립,양봉,잔구간,0.45,0.32,2026-09-08
VG,1.4,14.73,15118876,10630256,222.7,169.17,1.3,1.6,0.5,중립,위꼬리양봉,잔구간,0.35,-0.59,2026-09-08
LAC,1.4,3.0,10594116,7308866,31.78,22.08,1.4,0.7,-0.7,매도주의,위꼬리음봉,완만한상승,0.0,-1.2,2026-09-08
IVA,1.4,4.67,1396242,1023054,6.52,4.31,1.5,-1.9,-0.4,중립,팽이도지,잔구간,0.43,-0.04,2026-09-08
LAND,1.4,9.63,1467470,1069396,14.13,8.87,1.6,0.3,-2.3,매도주의,장대음봉,잔구간,0.05,-1.27,2026-09-08
LFMD,1.4,3.09,940906,651176,2.91,1.76,1.7,-0.6,1.0,중립,위꼬리양봉,잔구간,0.45,-0.53,2026-09-08
BFRI,1.4,1.56,841511,610267,1.31,0.94,1.4,1.9,-4.9,매도주의,장대음봉,수횡파,0.17,-1.8,2026-09-08
MATV,1.4,12.56,574451,413208,7.22,7.13,1.0,-0.5,-0.3,중립,팽이도지,잔구간,0.57,0.04,2026-09-08
TOYO,1.4,4.49,872005,616100,3.92,3.46,1.1,0.0,0.9,중립,위꼬리양봉,완만한상승,0.25,-0.4,2026-09-08
DGXX,1.4,3.91,2628477,1891082,10.28,7.59,1.4,0.0,4.3,매수관심,양봉,완만한상승,0.51,1.61,2026-09-08
MNR,1.4,12.71,393751,283965,5.0,4.18,1.2,1.4,-0.3,매도주의,위꼬리음봉,잔구간,0.14,-0.965,2026-09-08
VTEX,1.4,3.54,842390,610043,2.98,2.38,1.3,0.0,-1.9,중립,음봉,잔구간,0.31,-0.465,2026-09-08
SG,1.4,6.95,5756411,4031007,40.01,28.29,1.4,6.6,-4.7,중립,음봉,완만한상승,0.45,0.14,2026-09-08
MLCO,1.4,5.12,2008904,1467075,10.29,7.81,1.3,0.2,-1.9,매도주의,장대음봉,잔구간,0.23,-1.16,2026-09-08
CSAN,1.4,3.0,3439918,2435048,10.32,7.73,1.3,4.1,-0.7,매도주의,위꼬리음봉,완만한상승,0.23,-0.92,2026-09-08
CPNG,1.4,14.81,20519010,14777430,303.89,221.21,1.4,-0.3,-2.8,강한매도,장대음봉,전저점이탈,0.18,-3.13,2026-09-08
RNW,1.4,6.86,2867986,1999700,19.67,16.74,1.2,0.0,-0.1,중립,음봉,잔구간,0.5,-0.35,2026-09-08
LILA,1.4,8.69,470653,338113,4.09,2.74,1.5,2.0,0.0,중립,팽이도지,완만한상승,0.37,0.74,2026-09-08
NMZ,1.4,9.76,902451,665460,8.81,7.89,1.1,0.3,-1.3,강한매도,장대음봉,전저점이탈,0.0,-3.35,2026-09-08
TLRY,1.4,4.3,4522450,3298445,19.45,15.06,1.3,-0.2,-4.2,강한매도,장대음봉,전저점이탈,0.09,-3.24,2026-09-08
SSPC,1.4,8.82,14507438,10168704,127.96,118.68,1.1,-1.4,-6.0,매도주의,음봉,전저점이탈,0.15,-1.87,2026-09-08
ALT,1.3,3.36,3591744,2872851,12.07,11.44,1.1,1.2,-2.9,중립,음봉,잔구간,0.1,-0.59,2026-09-08
AMRX,1.3,17.05,2040125,1591484,34.78,29.0,1.2,-1.0,-1.3,매도주의,음봉,전저점이탈,0.17,-1.85,2026-09-08
AVS,1.3,7.933,17214530,13098820,136.56,95.33,1.4,-1.2,-1.5,중립,음봉,잔구간,0.47,-0.37,2026-09-08
GNW,1.3,10.42,4976795,3788696,51.86,32.22,1.6,-0.9,1.6,매수관심,양봉,완만한상승,0.71,1.85,2026-09-08
BSCV,1.3,16.135,646099,499466,10.42,8.42,1.2,0.2,-0.2,매도주의,장대음봉,잔구간,0.3,-1.12,2026-09-08
USA,1.3,5.95,1295558,1005070,7.71,5.94,1.3,-0.2,-0.2,매도주의,위꼬리음봉,잔구간,0.16,-0.955,2026-09-08
BHVN,1.3,14.72,3306519,2579862,48.67,65.87,0.7,-5.0,-1.3,매도주의,팽이도지,전저점이탈,0.27,-1.03,2026-09-08
NWL,1.3,6.34,10128890,7977605,64.22,42.73,1.5,-1.0,4.8,강한매수,장대양봉,전고점돌파,0.71,3.75,2026-09-08
KD,1.3,12.79,3953619,3151178,50.57,43.04,1.2,-1.1,-1.6,매도주의,음봉,전저점이탈,0.57,-1.37,2026-09-08
OCSL,1.3,12.77,544862,412948,6.96,5.94,1.2,0.0,-2.2,강한매도,장대음봉,전저점이탈,0.03,-3.31,2026-09-08
ADBG,1.3,4.38,2300586,1767015,10.08,11.2,0.9,-3.2,-3.5,매도주의,음봉,전저점이탈,0.38,-1.59,2026-09-08
ZGN,1.3,12.03,1592951,1268588,19.16,13.95,1.4,-0.6,-3.6,강한매도,장대음봉,전저점이탈,0.02,-3.33,2026-09-08
PAR,1.3,18.39,950784,755597,17.48,14.47,1.2,-1.2,-5.8,매도주의,장대음봉,잔구간,0.21,-1.175,2026-09-08
CLSK,1.3,13.48,18709640,13908571,252.21,199.68,1.3,0.1,6.1,강한매수,장대양봉,전고점돌파,0.82,3.88,2026-09-08
ADT,1.3,7.22,7664460,6039070,55.34,47.61,1.2,-0.9,-2.3,강한매도,장대음봉,전저점이탈,0.0,-3.35,2026-09-08
YMAG,1.3,11.26,1143432,914010,12.88,13.45,1.0,-0.5,0.4,중립,양봉,잔구간,1.0,0.65,2026-09-08
WEN,1.3,7.61,6828759,5311244,51.97,62.56,0.8,-1.4,-3.9,강한매도,장대음봉,전저점이탈,0.12,-3.21,2026-09-08
POWW,1.3,2.11,586533,444456,1.24,0.95,1.3,-0.9,-1.9,매도주의,음봉,전저점이탈,0.12,-1.91,2026-09-08
ANIX,1.3,2.9,442111,347895,1.28,1.15,1.1,1.0,-6.5,강한매도,장대음봉,전저점이탈,0.08,-3.25,2026-09-08
BLOX,1.3,14.43,352609,279679,5.09,4.56,1.1,-0.5,1.4,중립,양봉,전고점부근,0.47,0.21,2026-09-08
ANGO,1.3,15.22,432090,334973,6.58,4.82,1.4,-0.8,0.9,중립,양봉,잔구간,0.54,0.375,2026-09-08
HAYW,1.3,13.44,2473301,1901415,33.24,23.88,1.4,0.2,-3.7,강한매도,장대음봉,전저점이탈,0.0,-3.35,2026-09-08
HELP,1.3,12.39,1636826,1297986,20.28,19.49,1.0,-0.2,1.6,중립,팽이도지,잔구간,0.58,0.05,2026-09-08
HIO,1.3,3.45,516058,394726,1.78,1.16,1.5,0.0,-0.3,강한매도,위꼬리음봉,전저점이탈,0.0,-2.85,2026-09-08
HIVE,1.3,3.15,17045336,13515290,53.69,48.04,1.1,0.2,1.1,중립,위꼬리양봉,전고점돌파,0.38,0.36,2026-09-08
GTM,1.3,3.9,5937474,4678380,23.16,18.93,1.2,-0.5,-5.1,매도주의,장대음봉,잔구간,0.29,-1.125,2026-09-08
GRPN,1.3,18.95,1134180,889584,21.49,16.37,1.3,-1.2,1.6,강한매수,양봉,완만한상승,0.95,2.14,2026-09-08
GNLX,1.3,2.54,408292,312510,1.04,0.94,1.1,2.5,1.6,매수관심,양봉스프링,잔구간,1.0,1.05,2026-09-08
ERII,1.3,7.7,1140833,875110,8.78,7.94,1.1,-0.8,1.7,중립,양봉,잔구간,0.7,0.47,2026-09-08
CRMD,1.3,8.18,1101106,836697,9.01,7.62,1.2,-1.8,-1.2,중립,음봉,잔구간,0.27,-0.49,2026-09-08
ENHA,1.3,1.56,1030521,822503,1.61,1.14,1.4,1.3,-2.5,중립,음봉,수횡파,0.52,-0.08,2026-09-08
BMBL,1.3,2.91,2730517,2067595,7.95,5.84,1.4,0.0,0.3,중립,위꼬리양봉,완만한상승,0.13,-0.54,2026-09-08
SKYQ,1.3,2.66,1102841,832924,2.93,1.96,1.5,3.1,-0.4,중립,팽이도지,완만한상승,0.29,0.65,2026-09-08
DBRG,1.3,15.92,3974479,3169674,63.27,73.24,0.9,-0.1,0.0,중립,팽이도지,잔구간,0.5,0.0,2026-09-08
MRAM,1.3,16.65,873607,663080,14.55,15.14,1.0,3.8,-2.1,중립,음봉,잔구간,0.08,-0.6,2026-09-08
GLAS,1.3,8.36,876302,699436,7.33,5.78,1.3,-0.1,-5.7,매도주의,장대음봉,전저점부근,0.32,-1.47,2026-09-08
MOMO,1.3,5.26,1387006,1047005,7.3,4.72,1.5,-1.7,-0.4,중립,망치형,잔구간,0.73,0.64,2026-09-08
MDU,1.3,19.84,2066386,1620022,41.0,31.08,1.3,0.1,1.3,매수관심,장대양봉,잔구간,0.65,1.09,2026-09-08
VNET,1.3,6.75,4428766,3378978,29.89,31.53,0.9,0.9,5.1,강한매수,장대양봉,완만한상승,0.67,3.1,2026-09-08
NEXA,1.3,14.12,1099998,861215,15.53,13.7,1.1,4.7,-2.3,매도주의,장대음봉,완만한상승,0.11,-1.57,2026-09-08
NB,1.3,4.12,2859899,2263896,11.78,10.86,1.1,0.0,-0.2,매도주의,위꼬리음봉,잔구간,0.09,-0.995,2026-09-08
DEFT,1.3,0.621,2999659,2267084,1.86,1.97,0.9,-6.3,-2.9,중립,음봉,잔구간,0.4,-0.41,2026-09-08
DFDV,1.3,5.99,2909522,2189326,17.43,11.54,1.5,-1.0,3.1,매수관심,양봉,완만한상승,0.58,1.7,2026-09-08
JOBY,1.3,6.84,30724871,23807056,210.16,157.27,1.3,0.5,1.0,중립,위꼬리양봉,잔구간,0.39,-0.565,2026-09-08
RWAY,1.3,6.57,423375,333806,2.78,2.62,1.1,0.0,-1.2,매도주의,장대음봉,잔구간,0.3,-1.12,2026-09-08
KEEL,1.3,3.73,43933728,34540440,163.87,112.14,1.5,2.0,5.4,매수관심,양봉,완만한상승,0.55,1.66,2026-09-08
MAT,1.3,14.14,4237135,3264067,59.91,46.92,1.3,-0.4,-2.3,매도주의,장대음봉,전저점부근,0.13,-1.69,2026-09-08
SID,1.3,1.24,6213858,4745444,7.71,5.0,1.5,4.9,-3.1,매도주의,장대음봉,완만한상승,0.23,-1.42,2026-09-08
DNN,1.3,3.35,29139932,22783516,97.62,93.39,1.0,0.0,-2.0,중립,음봉,잔구간,0.13,-0.57,2026-09-08
JBS,1.3,12.87,5976514,4530084,76.92,68.01,1.1,0.0,-1.2,중립,음봉,전저점부근,0.36,-0.12,2026-09-08
BUR,1.3,4.43,1882762,1442301,8.34,5.87,1.4,1.1,0.7,강한매수,양봉스프링,전고점돌파,0.78,3.34,2026-09-08
CMBT,1.3,19.23,1448419,1097037,27.85,23.63,1.2,1.7,-3.0,매도주의,장대음봉,잔구간,0.01,-1.295,2026-09-08
TSDD,1.3,7.63,9516243,7196259,72.61,49.52,1.5,-1.9,-6.2,매도주의,장대음봉,잔구간,0.14,-1.215,2026-09-08
DAKT,1.3,19.67,971810,730333,19.12,17.88,1.1,-0.1,1.7,중립,양봉,잔구간,0.54,0.375,2026-09-08
TARA,1.3,3.89,385700,287434,1.5,1.34,1.1,-0.5,-0.8,중립,팽이도지,잔구간,0.48,-0.01,2026-09-08
CSQR,1.3,18.43,1169492,909869,21.55,16.3,1.3,1.4,0.9,중립,위꼬리양봉,잔구간,0.3,-0.62,2026-09-08
CWK,1.3,13.26,2257381,1732824,29.93,21.86,1.4,-1.5,-1.5,중립,음봉,잔구간,0.16,-0.555,2026-09-08
TNDM,1.3,19.88,1637231,1249940,32.55,25.4,1.3,-2.0,1.9,중립,위꼬리양봉,잔구간,0.42,-0.55,2026-09-08
TMQ,1.3,3.49,1636385,1232206,5.71,3.96,1.4,1.8,3.9,중립,양봉,잔구간,0.57,0.39,2026-09-08
INMD,1.3,14.81,624410,489840,9.25,7.04,1.3,-0.7,0.1,중립,팽이도지,잔구간,0.4,-0.06,2026-09-08
INGN,1.3,5.23,316466,248258,1.66,1.32,1.3,1.1,-4.6,강한매도,장대음봉,전저점이탈,0.09,-3.24,2026-09-08
NMR,1.3,10.63,873143,648519,9.28,6.33,1.5,0.8,-0.9,매도주의,장대음봉,잔구간,0.0,-1.3,2026-09-08
SHC,1.3,18.59,2024904,1520901,37.64,33.41,1.1,-0.3,-1.4,중립,음봉,잔구간,0.06,-0.615,2026-09-08
BEKE,1.3,17.27,5499007,4103647,94.97,97.42,1.0,-2.9,-0.7,중립,음봉,잔구간,0.45,-0.38,2026-09-08
MNTS,1.3,4.25,699714,537064,2.97,2.39,1.2,-1.7,3.4,매수관심,양봉,완만한상승,0.52,1.62,2026-09-08
AUPH,1.3,16.07,970279,748414,15.59,12.18,1.3,-0.6,0.6,중립,위꼬리양봉,잔구간,0.31,-0.615,2026-09-08
ATEC,1.3,9.19,1763563,1408499,16.21,13.85,1.2,1.1,-3.8,매도주의,장대음봉,잔구간,0.3,-1.12,2026-09-08
PHR,1.3,10.22,882522,686254,9.02,8.09,1.1,-4.1,-2.6,강한매도,장대음봉,전저점이탈,0.06,-3.28,2026-09-08
PLX,1.3,2.65,908363,673306,2.41,1.88,1.3,-0.4,-0.4,중립,망치형,잔구간,0.71,0.625,2026-09-08
VIVO,1.3,4.07,317662,238289,1.29,1.31,1.0,0.5,4.1,매수관심,양봉,완만한상승,0.43,1.52,2026-09-08
RARE,1.3,14.88,5926471,4552455,88.19,112.22,0.8,-1.3,-1.4,중립,음봉,잔구간,0.4,-0.41,2026-09-08
UNCY,1.3,5.03,817178,641350,4.11,3.37,1.2,-0.6,-1.9,중립,음봉,전저점부근,0.03,-0.51,2026-09-08
VNM,1.3,17.91,864104,690251,15.48,11.01,1.4,-0.6,-0.8,매도주의,장대음봉,잔구간,0.0,-1.3,2026-09-08
MPT,1.3,3.99,10380742,8059492,41.42,30.89,1.3,-0.2,-0.2,중립,망치형,잔구간,0.69,0.615,2026-09-08
RAM,1.3,14.37,10571676,8375010,151.91,125.17,1.2,6.5,-2.4,중립,음봉,전고점돌파,0.16,0.39,2026-09-08
RDTL,1.3,12.75,698521,523871,8.91,7.04,1.3,1.4,-7.3,매도주의,장대음봉,잔구간,0.13,-1.22,2026-09-08
FRSH,1.3,12.1,4682228,3666833,56.65,51.52,1.1,-1.0,-4.0,강한매도,장대음봉,전저점이탈,0.16,-3.16,2026-09-08
GENB,1.3,15.9,1258143,1006435,20.0,36.57,0.5,-0.2,-2.8,중립,음봉,잔구간,0.52,-0.34,2026-09-08
DSGN,1.3,15.23,775062,590675,11.8,8.83,1.3,-0.9,1.5,매수관심,양봉,완만한상승,0.76,1.91,2026-09-08
EVLV,1.3,5.07,2218737,1662633,11.25,8.9,1.3,1.1,0.3,중립,팽이도지,잔구간,0.59,0.055,2026-09-08
PEB,1.3,17.64,2977706,2375096,52.53,35.48,1.5,-0.6,-1.6,중립,음봉,잔구간,0.16,-0.555,2026-09-08
CAN,1.3,0.323,27596971,20861648,8.92,9.84,0.9,-8.3,-2.1,매도주의,위꼬리음봉,잔구간,0.09,-0.995,2026-09-08
RITM,1.3,9.95,5903752,4401573,58.74,43.54,1.3,-0.1,-1.2,중립,음봉,잔구간,0.1,-0.59,2026-09-08
LTBR,1.3,7.89,743540,568437,5.87,4.05,1.4,1.6,2.5,중립,양봉,잔구간,0.53,0.37,2026-09-08
RDWU,1.3,6.9,511124,380206,3.53,2.81,1.3,3.8,8.7,강한매수,장대양봉,완만한상승,0.83,3.3,2026-09-08
KOPN,1.3,4.56,3824035,3006540,17.44,14.18,1.2,2.8,3.6,매수관심,장대양봉,잔구간,0.78,1.17,2026-09-08
CLPT,1.3,14.05,747350,554389,10.5,9.16,1.1,-2.6,3.3,중립,양봉,잔구간,0.78,0.52,2026-09-08
LAR,1.3,6.7,2512049,1944594,16.83,12.36,1.4,0.3,-1.6,중립,음봉,잔구간,0.29,-0.475,2026-09-08
BZ,1.3,16.62,8041068,6340057,133.64,173.78,0.8,-0.7,-1.1,강한매도,위꼬리음봉,전저점이탈,0.07,-2.77,2026-09-08
KULR,1.3,2.5,745423,560234,1.86,1.69,1.1,-0.4,-1.6,중립,음봉,잔구간,0.22,-0.52,2026-09-08
TWI,1.3,7.88,1047510,776109,8.25,4.6,1.8,-0.1,-5.3,매도주의,장대음봉,잔구간,0.11,-1.235,2026-09-08
RGC,1.3,6.82,316681,238109,2.16,1.28,1.7,0.3,-1.3,중립,팽이도지,잔구간,0.56,0.035,2026-09-08
WULX,1.3,19.28,355901,284203,6.86,5.87,1.2,1.7,13.4,강한매수,장대양봉,전고점돌파,0.89,3.97,2026-09-08
ABOS,1.3,3.16,358106,276795,1.13,0.86,1.3,-1.3,0.6,중립,팽이도지,잔구간,0.4,-0.06,2026-09-08
ACI,1.3,12.14,7765682,5868209,94.28,73.35,1.3,-0.2,-3.0,강한매도,장대음봉,전저점이탈,0.17,-3.15,2026-09-08
ADNT,1.3,18.78,881947,695472,16.56,15.16,1.1,-1.1,-5.1,매도주의,장대음봉,잔구간,0.18,-1.19,2026-09-08
LABT,1.3,2.18,499983,384168,1.09,4.8,0.2,0.5,15.3,매수관심,장대양봉,잔구간,0.76,1.155,2026-09-08
AADX,1.2,12.39,2395841,1918121,29.68,23.31,1.3,1.3,-5.4,매도주의,장대음봉,잔구간,0.03,-1.28,2026-09-08
ACHR,1.2,5.83,22595048,18581795,131.73,129.88,1.0,-0.2,2.3,매수관심,양봉,완만한상승,0.73,1.88,2026-09-08
ACCO,1.2,4.34,868417,698029,3.77,2.81,1.3,-0.5,-1.4,중립,음봉,잔구간,0.34,-0.445,2026-09-08
BRBR,1.2,9.79,3084421,2484921,30.2,30.2,1.0,-0.3,-5.5,강한매도,장대음봉,전저점이탈,0.06,-3.28,2026-09-08
BRCB,1.2,9.53,417422,357385,3.98,3.39,1.2,-1.1,0.6,중립,팽이도지,수횡파,0.65,0.78,2026-09-08
BRR,1.2,2.73,1309090,1127958,3.57,2.75,1.3,0.0,2.6,중립,양봉,전고점부근,0.57,0.33,2026-09-08
REZI,1.2,19.64,2171432,1877027,42.65,40.59,1.1,-0.4,-0.8,중립,음봉,잔구간,0.57,-0.31,2026-09-08
CATX,1.2,3.12,1061381,912033,3.31,2.75,1.2,-0.3,0.0,중립,팽이도지,수횡파,0.62,0.74,2026-09-08
CC,1.2,15.45,1894704,1606480,29.27,24.74,1.2,-0.1,1.0,중립,양봉,잔구간,0.58,0.4,2026-09-08
JBLU,1.2,4.52,19782470,16958558,89.42,92.84,1.0,-1.2,-1.2,중립,음봉,잔구간,0.14,-0.565,2026-09-08
IRT,1.2,15.91,2351421,2005188,37.41,34.08,1.1,0.8,-1.9,강한매도,장대음봉,전저점이탈,0.0,-3.35,2026-09-08
CADL,1.2,12.6,1002103,851432,12.63,12.54,1.0,-1.6,0.2,매수관심,팽이도지,전저점부근,0.7,0.99,2026-09-08
KRNT,1.2,16.34,362664,291812,5.93,4.18,1.4,0.3,-1.6,매도주의,위꼬리음봉,잔구간,0.18,-0.94,2026-09-08
KRO,1.2,8.63,334102,271854,2.88,2.96,1.0,0.0,2.4,매수관심,양봉,완만한상승,0.57,1.68,2026-09-08
CARS,1.2,11.25,493317,418883,5.55,5.77,1.0,-1.3,-2.8,강한매도,장대음봉,전저점이탈,0.03,-3.31,2026-09-08
RMNI,1.2,4.8,668723,565520,3.21,2.99,1.1,-1.4,-2.8,매도주의,음봉,전저점이탈,0.42,-1.55,2026-09-08
RKLZ,1.2,19.15,635657,511610,12.17,11.05,1.1,-2.5,-3.8,매도주의,음봉,전저점이탈,0.38,-1.59,2026-09-08
SMPL,1.2,10.76,2224901,1876792,23.94,22.1,1.1,-0.2,-5.8,매도주의,장대음봉,잔구간,0.08,-1.25,2026-09-08
GCTS,1.2,1.81,1693291,1434029,3.06,3.17,1.0,3.4,-1.1,매도주의,위꼬리음봉,잔구간,0.0,-1.05,2026-09-08
FPI,1.2,10.81,853111,739355,9.22,7.04,1.3,-0.4,1.9,강한매수,장대양봉,전고점돌파,0.63,3.66,2026-09-08
FLYW,1.2,17.97,1483954,1246702,26.67,24.87,1.1,-1.0,-2.2,매도주의,장대음봉,잔구간,0.19,-1.185,2026-09-08
EVH,1.2,4.22,2382143,1999164,10.05,10.33,1.0,-1.4,-0.9,중립,팽이도지,잔구간,0.57,0.04,2026-09-08
ETHA,1.2,18.72,39868614,33170456,746.34,796.37,0.9,0.5,0.6,중립,팽이도지,잔구간,0.62,0.07,2026-09-08
ETW,1.2,9.84,345664,280378,3.4,2.6,1.3,0.1,-0.2,매도주의,위꼬리음봉,잔구간,0.23,-0.91,2026-09-08
FSK,1.2,12.18,1507711,1301576,18.36,17.03,1.1,-0.3,-1.8,매도주의,장대음봉,잔구간,0.06,-1.265,2026-09-08
PHK,1.2,4.53,691802,600946,3.13,2.86,1.1,0.4,0.2,중립,양봉,잔구간,0.75,0.5,2026-09-08
PFLT,1.2,7.27,920442,753032,6.69,5.18,1.3,0.4,-2.0,강한매도,장대음봉,전저점이탈,0.06,-3.28,2026-09-08
VOD,1.2,17.31,3246744,2727874,56.2,48.79,1.2,1.8,0.6,강한매수,장대양봉,전고점돌파,0.73,3.78,2026-09-08
VERX,1.2,12.92,1653896,1404519,21.37,18.09,1.2,-1.0,-5.2,강한매도,장대음봉,전저점이탈,0.21,-3.1,2026-09-08
VGZ,1.2,2.25,1062748,884840,2.39,2.03,1.2,0.4,0.0,중립,팽이도지,잔구간,0.35,-0.09,2026-09-08
MX,1.2,3.12,328927,278632,1.03,1.07,1.0,1.0,0.0,중립,위꼬리양봉,잔구간,0.09,-0.745,2026-09-08
UPBD,1.2,18.45,932473,771946,17.2,14.88,1.2,-0.4,-2.4,매도주의,장대음봉,잔구간,0.23,-1.16,2026-09-08
CWH,1.2,6.56,1766920,1445105,11.59,8.53,1.4,-1.3,-4.5,매도주의,장대음봉,잔구간,0.22,-1.17,2026-09-08
TIC,1.2,9.56,1363089,1168861,13.03,11.84,1.1,0.1,2.0,중립,양봉,잔구간,0.73,0.49,2026-09-08
ILPT,1.2,7.975,345415,290608,2.75,2.17,1.3,-0.4,-2.7,강한매도,장대음봉,전저점이탈,0.1,-3.23,2026-09-08
HLIT,1.2,11.96,1310704,1070314,15.68,13.38,1.2,0.7,0.8,중립,팽이도지,잔구간,0.61,0.065,2026-09-08
CYRX,1.2,15.47,544701,438108,8.43,6.65,1.3,-1.1,-1.0,중립,음봉,잔구간,0.59,-0.295,2026-09-08
DAMD,1.2,1.4,33071088,27470219,46.3,47.26,1.0,-4.4,-7.3,강한매도,장대음봉,전저점이탈,0.24,-3.06,2026-09-08
ENVX,1.2,3.47,5644251,4605768,19.59,16.91,1.2,0.3,4.2,중립,양봉,잔구간,0.66,0.445,2026-09-08
BDJ,1.2,9.86,402782,338061,3.97,3.47,1.1,0.1,-0.4,중립,음봉,잔구간,0.35,-0.44,2026-09-08
BDN,1.2,3.06,1977278,1640981,6.05,5.79,1.0,-1.0,-1.0,중립,음봉,잔구간,0.27,-0.49,2026-09-08
SHNY,1.2,9.4,1636831,1344777,15.39,14.79,1.0,-2.4,-3.2,매도주의,장대음봉,잔구간,0.0,-1.3,2026-09-08
SFL,1.2,12.59,1619730,1306494,20.39,17.44,1.2,0.1,-2.2,매도주의,장대음봉,잔구간,0.16,-1.205,2026-09-08
SBH,1.2,16.16,1212652,1023354,19.6,16.73,1.2,-1.0,-2.3,중립,음봉,잔구간,0.36,-0.435,2026-09-08
DBI,1.2,5.2,686722,582833,3.57,2.98,1.2,0.0,-1.1,중립,망치형,잔구간,0.71,0.625,2026-09-08
DCH,1.2,7.0,2801553,2383597,19.61,14.42,1.4,5.4,-5.0,강한매도,장대음봉,전고점부근,0.02,-4.029999999999999,2026-09-08
IBRX,1.2,8.29,7741308,6673657,64.18,62.44,1.0,-1.0,3.6,매수관심,장대양봉,잔구간,0.82,1.19,2026-09-08
HUN,1.2,9.8,2147420,1786209,21.04,21.13,1.0,1.5,0.4,매수관심,팽이도지,완만한상승,0.7,1.14,2026-09-08
HUYA,1.2,2.1,1408252,1187086,2.96,3.22,0.9,-0.5,-0.5,매도주의,위꼬리음봉,잔구간,0.0,-1.05,2026-09-08
HOVR,1.2,1.66,784507,662805,1.3,1.13,1.2,0.0,-1.2,매도주의,위꼬리음봉,잔구간,0.0,-1.05,2026-09-08
VMD,1.2,8.79,335580,287280,2.95,2.72,1.1,-2.5,-0.7,매도주의,위꼬리음봉,잔구간,0.2,-0.93,2026-09-08
NEWP,1.2,5.95,684915,584865,4.08,4.16,1.0,-0.2,-3.4,강한매도,장대음봉,전저점이탈,0.12,-3.21,2026-09-08
NAVI,1.2,9.47,1464517,1268422,13.87,10.48,1.3,-0.9,-0.7,매도주의,위꼬리음봉,잔구간,0.09,-0.995,2026-09-08
IEP,1.2,6.91,667233,551230,4.61,5.61,0.8,0.0,1.3,강한매수,장대양봉,완만한상승,0.69,3.13,2026-09-08
MDXG,1.2,4.67,1064590,864323,4.97,3.87,1.3,0.0,2.2,매수관심,양봉,완만한상승,0.8,1.96,2026-09-08
MEC,1.2,19.86,445389,382322,8.85,8.88,1.0,0.5,0.6,중립,위꼬리양봉,완만한상승,0.21,-0.45,2026-09-08
LXU,1.2,11.35,742157,610953,8.42,6.8,1.2,0.4,0.0,중립,위꼬리양봉,완만한상승,0.06,-0.63,2026-09-08
IMMX,1.2,13.25,1420278,1210425,18.82,21.61,0.9,-1.5,-3.3,매도주의,음봉,전저점이탈,0.44,-1.52,2026-09-08
RYAM,1.2,8.54,663739,569085,5.67,5.78,1.0,-0.4,0.8,중립,양봉,잔구간,0.83,0.55,2026-09-08
CGC,1.2,0.966,2231122,1896960,2.15,2.69,0.8,-0.2,-0.6,매도주의,위꼬리음봉,잔구간,0.21,-0.925,2026-09-08
CRDU,1.2,7.01,8529439,6909256,59.79,42.46,1.4,0.3,-3.4,매도주의,위꼬리음봉,잔구간,0.05,-1.02,2026-09-08
CPRI,1.2,13.1,5366969,4533641,70.31,51.21,1.4,1.7,-5.0,매도주의,장대음봉,잔구간,0.1,-1.24,2026-09-08
CNNE,1.2,15.55,526493,426792,8.19,7.12,1.1,-0.6,-1.1,중립,망치형,잔구간,0.73,0.64,2026-09-08
RWT,1.2,4.41,1780511,1475246,7.85,6.21,1.3,-0.2,-2.0,매도주의,장대음봉,잔구간,0.14,-1.215,2026-09-08
CMRE,1.2,14.9,450349,365749,6.71,5.32,1.3,0.0,-4.2,매도주의,장대음봉,전저점부근,0.02,-1.83,2026-09-08
AMBP,1.2,4.93,1528565,1281304,7.54,7.47,1.0,-1.4,-0.2,강한매도,위꼬리음봉,전저점이탈,0.23,-2.57,2026-09-08
OBDC,1.2,11.17,3083673,2643287,34.44,33.71,1.0,0.3,-2.3,강한매도,장대음봉,전저점이탈,0.03,-3.31,2026-09-08
EH,1.2,4.8,807048,662417,3.87,4.4,0.9,0.0,2.3,매수관심,양봉,완만한상승,0.59,1.71,2026-09-08
ECVT,1.2,10.12,1372015,1161409,13.88,11.71,1.2,0.3,-1.2,매도주의,장대음봉,잔구간,0.16,-1.205,2026-09-08
MTRX,1.2,10.81,501060,409589,5.42,4.31,1.3,-0.2,2.0,매수관심,장대양봉,잔구간,0.7,1.12,2026-09-08
AREC,1.2,2.45,1708771,1448884,4.19,4.18,1.0,-0.8,1.7,중립,양봉,잔구간,0.52,0.36,2026-09-08
NNBR,1.2,3.74,1329483,1152661,4.97,4.07,1.2,-0.3,2.5,강한매수,양봉,전고점돌파,0.62,2.34,2026-09-08
MCHB,1.2,15.55,560409,464726,8.71,6.57,1.3,-0.3,-1.4,매도주의,장대음봉,잔구간,0.1,-1.24,2026-09-08
CCXI,1.2,13.6,1745049,1433354,23.73,18.28,1.3,-0.3,1.8,중립,위꼬리양봉,잔구간,0.47,-0.52,2026-09-08
LPL,1.2,3.26,2353613,2027273,7.67,7.46,1.0,0.0,-1.2,중립,음봉,잔구간,0.08,-0.6,2026-09-08
SLRC,1.2,12.46,322012,273244,4.01,3.63,1.1,-0.2,-0.6,중립,음봉,잔구간,0.13,-0.57,2026-09-08
SMCY,1.2,5.54,1186862,966255,6.58,6.36,1.0,0.2,1.7,중립,양봉,전고점부근,0.47,0.21,2026-09-08
SMCZ,1.2,2.67,3337891,2786836,8.91,12.36,0.7,0.0,-3.3,중립,음봉,잔구간,0.64,-0.265,2026-09-08
EQPT,1.2,19.4,2421069,2056521,46.97,35.58,1.3,-0.2,-0.6,매도주의,위꼬리음봉,잔구간,0.04,-1.025,2026-09-08
STUB,1.2,6.11,7081042,5876558,43.27,38.2,1.1,-0.6,-6.9,매도주의,장대음봉,잔구간,0.12,-1.23,2026-09-08
SWVL,1.2,6.42,928495,772366,5.96,20.5,0.3,2.6,26.9,강한매수,장대양봉,전고점돌파,0.75,3.8,2026-09-08
NVTS,1.2,12.0,13653548,11052609,163.84,145.8,1.1,3.3,-1.6,매도주의,위꼬리음봉,완만한상승,0.03,-1.16,2026-09-08
PRAA,1.2,19.11,303598,248318,5.8,5.52,1.1,-1.4,1.9,강한매수,양봉,완만한상승,0.97,2.16,2026-09-08
PRGO,1.2,14.58,3061989,2538132,44.64,37.93,1.2,-0.7,-1.6,중립,음봉,수횡파,0.25,-0.4,2026-09-08
PNNT,1.2,3.66,662617,573024,2.43,2.08,1.2,0.0,-2.1,강한매도,장대음봉,전저점이탈,0.18,-3.13,2026-09-08
BRSL,1.2,11.11,1724559,1429902,19.16,16.04,1.2,-0.4,-1.2,매도주의,장대음봉,잔구간,0.35,-1.09,2026-09-08
UUUU,1.2,14.62,6453630,5263408,94.35,86.56,1.1,0.8,0.2,중립,팽이도지,완만한상승,0.35,0.72,2026-09-08
VALE,1.2,15.56,34273759,27725510,533.3,460.95,1.2,2.9,-1.0,중립,음봉,완만한상승,0.1,-0.28,2026-09-08
SSYS,1.2,7.81,765230,658916,5.98,5.8,1.0,0.1,-2.5,중립,음봉,잔구간,0.03,-0.63,2026-09-08
AESI,1.2,13.99,3236956,2622089,45.29,35.54,1.3,2.7,1.2,중립,위꼬리양봉,전고점돌파,0.43,0.42,2026-09-08
AIAI,1.2,3.95,423212,350328,1.67,2.19,0.8,-1.2,-4.4,중립,음봉,잔구간,0.24,-0.505,2026-09-08
SPCF,1.2,17.75,1527937,1295285,27.12,24.98,1.1,1.4,6.0,강한매수,양봉,전고점돌파,0.87,2.64,2026-09-08
SPCH,1.2,10.6,22151039,18551326,234.8,197.57,1.2,1.3,6.0,강한매수,양봉,전고점돌파,0.85,2.62,2026-09-08
ACVA,1.2,7.03,3286649,2734102,23.11,18.74,1.2,-0.4,1.2,매수관심,양봉스프링,잔구간,0.81,0.935,2026-09-08
OCTV,1.2,18.39,3155482,2611295,58.03,43.23,1.3,-2.1,-4.1,강한매도,장대음봉,전저점이탈,0.07,-3.27,2026-09-08
ANNX,1.2,4.67,2139858,1730403,9.99,11.3,0.9,-2.3,-1.9,강한매도,장대음봉,전저점이탈,0.21,-3.1,2026-09-08
OLN,1.2,17.89,3195230,2589624,57.16,50.66,1.1,1.0,1.9,중립,양봉,전고점부근,0.71,0.5,2026-09-08
RCEL,1.2,10.41,312047,252865,3.25,3.07,1.1,0.3,-7.3,매도주의,장대음봉,잔구간,0.09,-1.245,2026-09-08
VYGR,1.2,3.4,488645,420891,1.66,1.38,1.2,-0.9,-2.3,매도주의,장대음봉,수횡파,0.21,-1.75,2026-09-08
ABR,1.2,5.01,3905752,3344740,19.57,16.16,1.2,-0.8,-3.8,매도주의,장대음봉,잔구간,0.0,-1.3,2026-09-08
WBTN,1.2,10.23,412358,345085,4.22,5.02,0.8,-0.9,3.5,매수관심,장대양봉,잔구간,0.93,1.26,2026-09-08
ZURA,1.2,6.13,1620260,1386328,9.93,13.68,0.7,0.0,-1.6,중립,망치형,잔구간,0.7,0.62,2026-09-08
ZVRA,1.2,12.675,1139805,960278,14.45,10.27,1.4,-1.3,3.6,매수관심,장대양봉,전고점부근,0.69,1.78,2026-09-08
AIV,1.2,2.48,1274098,1045949,3.16,3.64,0.9,-0.4,-2.7,강한매도,장대음봉,전저점이탈,0.0,-3.35,2026-09-08
XPEV,1.2,10.93,6521500,5367625,71.28,100.39,0.7,-0.2,0.0,중립,팽이도지,잔구간,0.59,0.055,2026-09-08
WTI,1.1,3.96,2719102,2576387,10.77,10.46,1.0,2.6,1.0,강한매수,양봉,전고점돌파,0.69,2.43,2026-09-08
ABTC,1.1,8.41,2040490,1802798,17.16,17.61,1.0,-1.3,6.6,강한매수,양봉,완만한상승,0.84,2.01,2026-09-08
XERS,1.1,8.48,1354926,1247512,11.49,10.47,1.1,-1.6,1.1,중립,양봉,잔구간,0.88,0.58,2026-09-08
ACP,1.1,4.99,460373,416012,2.3,2.14,1.1,0.0,0.8,매수관심,장대양봉,잔구간,1.0,1.3,2026-09-08
XPOF,1.1,4.8,479995,425869,2.3,2.48,0.9,-0.4,-1.8,매도주의,장대음봉,전저점부근,0.24,-1.56,2026-09-08
WRN,1.1,2.5,1080106,1011508,2.7,2.24,1.2,0.4,3.7,중립,양봉,잔구간,0.5,0.35,2026-09-08
XRPZ,1.1,15.47,649416,588832,10.05,11.89,0.8,-0.1,1.8,중립,양봉,잔구간,0.62,0.42,2026-09-08
WCMI,1.1,19.98,672442,639007,13.44,22.41,0.6,0.5,-0.3,매도주의,음봉,전고점부근,0.26,-1.44,2026-09-08
XP,1.1,19.99,6500890,5765418,129.95,107.61,1.2,3.0,-2.3,매도주의,장대음봉,완만한상승,0.22,-1.44,2026-09-08
F,1.1,14.0,46663612,40841525,653.29,596.81,1.1,-0.1,-4.1,매도주의,장대음봉,잔구간,0.18,-1.19,2026-09-08
GEMI,1.1,4.68,2165721,1889737,10.14,13.24,0.8,-1.1,1.1,매수관심,팽이도지,완만한상승,0.65,1.08,2026-09-08
GEVO,1.1,1.65,1998630,1894493,3.3,3.64,0.9,-0.6,1.2,중립,팽이도지,잔구간,0.67,0.1,2026-09-08
PRTH,1.1,5.49,392393,356146,2.15,1.8,1.2,-0.9,-0.2,중립,망치형,잔구간,0.78,0.67,2026-09-08
PONY,1.1,7.18,2942254,2788872,21.13,28.48,0.7,-2.7,0.4,중립,팽이도지,잔구간,0.55,0.03,2026-09-08
NVOX,1.1,13.7,327070,302907,4.48,4.59,1.0,-4.3,-1.7,중립,음봉,잔구간,0.1,-0.59,2026-09-08
FPE,1.1,17.6,1054703,938296,18.56,17.94,1.0,-0.1,-0.2,매도주의,장대음봉,잔구간,0.25,-1.15,2026-09-08
AXTL,1.1,2.93,1314680,1197728,3.85,2.34,1.6,9.0,14.9,강한매수,장대양봉,완만한상승,0.89,3.37,2026-09-08
BANC,1.1,18.62,2628739,2331050,48.95,39.2,1.2,-0.4,-1.2,중립,음봉,잔구간,0.07,-0.61,2026-09-08
AVEX,1.1,17.11,1180472,1033550,20.2,22.96,0.9,1.3,2.5,중립,양봉,잔구간,0.84,0.555,2026-09-08
PSFE,1.1,6.52,407276,367704,2.66,2.19,1.2,-0.7,-2.1,중립,음봉,잔구간,0.44,-0.385,2026-09-08
PRCH,1.1,16.73,1331530,1222432,22.28,19.58,1.1,-1.3,-5.5,매도주의,장대음봉,전저점부근,0.12,-1.71,2026-09-08
SVV,1.1,10.23,899352,837878,9.2,11.11,0.8,-0.4,-1.7,중립,음봉,잔구간,0.22,-0.52,2026-09-08
SWIM,1.1,6.75,982203,892826,6.63,5.59,1.2,-0.3,-4.7,매도주의,장대음봉,잔구간,0.15,-1.21,2026-09-08
SY,1.1,2.65,663003,623837,1.76,5.26,0.3,-1.1,-2.9,중립,음봉,잔구간,0.06,-0.615,2026-09-08
AVTX,1.1,19.71,779695,706156,15.37,15.65,1.0,-1.1,3.7,중립,양봉,잔구간,0.49,0.345,2026-09-08
KREF,1.1,7.46,439279,413502,3.28,3.83,0.9,0.0,-2.5,매도주의,장대음봉,잔구간,0.05,-1.27,2026-09-08
CAST,1.1,1.31,1028122,917273,1.35,2.82,0.5,0.0,-4.4,중립,음봉,잔구간,0.23,-0.51,2026-09-08
CAG,1.1,15.26,11090931,10221239,169.25,154.53,1.1,-0.1,-1.3,강한매도,장대음봉,전저점이탈,0.35,-2.93,2026-09-08
BW,1.1,7.74,4570563,4205964,35.38,33.43,1.1,3.5,5.3,매수관심,양봉,완만한상승,0.73,1.88,2026-09-08
UAA,1.1,5.06,6480455,5989212,32.79,32.46,1.0,0.2,-3.8,매도주의,장대음봉,잔구간,0.1,-1.24,2026-09-08
JACK,1.1,15.16,587229,551406,8.9,8.68,1.0,-2.2,-3.9,매도주의,장대음봉,잔구간,0.11,-1.235,2026-09-08
IREX,1.1,18.1,1841426,1614462,33.33,21.39,1.6,5.4,4.3,중립,위꼬리양봉,전고점돌파,0.3,0.26,2026-09-08
LAES,1.1,2.45,5792789,5126578,14.19,13.85,1.0,3.7,-2.4,중립,음봉,완만한상승,0.0,-0.4,2026-09-08
RIVN,1.1,16.17,16908910,15774920,273.42,314.12,0.9,0.6,2.1,중립,양봉,잔구간,0.81,0.535,2026-09-08
LWLG,1.1,5.6,2815419,2651782,15.77,13.07,1.2,1.4,3.2,중립,양봉,잔구간,0.75,0.5,2026-09-08
BRBS,1.1,4.0,1496046,1304735,5.98,4.32,1.4,-0.5,1.5,강한매수,장대양봉,완만한상승,0.78,3.24,2026-09-08
CIM,1.1,11.59,721764,687377,8.37,8.92,0.9,-0.3,-0.2,매도주의,위꼬리음봉,잔구간,0.1,-0.99,2026-09-08
CHCT,1.1,14.78,305126,287237,4.51,6.08,0.7,-0.5,-1.0,매도주의,장대음봉,수횡파,0.09,-1.89,2026-09-08
RLJ,1.1,10.69,1746603,1569121,18.67,17.72,1.1,-0.8,-1.4,강한매도,장대음봉,전저점이탈,0.04,-3.3,2026-09-08
RIG,1.1,5.76,44097283,38891647,254.0,218.56,1.2,1.2,-2.7,매도주의,장대음봉,잔구간,0.0,-1.3,2026-09-08
BBD,1.1,3.55,31126960,29150637,110.5,97.8,1.1,2.3,0.0,중립,위꼬리양봉,전고점돌파,0.12,0.04,2026-09-08
TDOC,1.1,6.26,3778827,3558819,23.66,21.36,1.1,-1.8,1.5,중립,양봉,잔구간,0.48,0.34,2026-09-08
NMAX,1.1,10.71,998840,879687,10.7,9.32,1.1,0.5,0.3,중립,위꼬리양봉,완만한상승,0.31,-0.33,2026-09-08
NMFC,1.1,7.36,446411,405039,3.29,2.75,1.2,-0.5,-1.1,중립,음봉,전저점부근,0.16,-0.36,2026-09-08
ARHS,1.1,8.47,948341,867868,8.03,7.92,1.0,-0.9,-2.1,매도주의,장대음봉,잔구간,0.1,-1.24,2026-09-08
BBNX,1.1,19.33,900833,818935,17.41,15.8,1.1,-1.2,0.8,강한매수,양봉스프링,수횡파,0.75,3.4,2026-09-08
BCSF,1.1,11.63,508388,467806,5.91,5.18,1.1,0.8,-2.4,매도주의,장대음봉,잔구간,0.06,-1.265,2026-09-08
BLND,1.1,1.49,1789357,1637159,2.67,2.43,1.1,-0.6,-2.6,중립,음봉,전저점부근,0.49,0.04,2026-09-08
MUA,1.1,9.89,410959,373791,4.06,3.71,1.1,-0.3,0.2,매수관심,양봉스프링,잔구간,1.0,1.05,2026-09-08
SIBN,1.1,18.62,541962,475305,10.09,10.57,1.0,-1.4,2.0,중립,양봉,잔구간,0.67,0.45,2026-09-08
CRMG,1.1,9.39,2296291,2134526,21.56,36.35,0.6,-4.8,-3.2,중립,음봉,잔구간,0.39,-0.415,2026-09-08
DOLE,1.1,13.89,1043544,950827,14.49,15.15,1.0,-0.6,-0.2,중립,팽이도지,잔구간,0.52,0.01,2026-09-08
RPAY,1.1,3.68,402926,353046,1.48,1.45,1.0,-1.0,-4.2,매도주의,장대음봉,잔구간,0.17,-1.2,2026-09-08
JFR,1.1,7.66,751254,709645,5.75,4.6,1.3,-0.1,0.5,강한매수,장대양봉,완만한상승,0.62,3.04,2026-09-08
JPC,1.1,7.33,1685469,1470029,12.35,9.92,1.2,-0.1,0.1,중립,양봉,잔구간,0.69,0.465,2026-09-08
CORZ,1.1,18.73,13388856,11875804,250.77,190.15,1.3,1.4,3.2,강한매수,양봉,전고점돌파,0.65,2.38,2026-09-08
CNTN,1.1,2.23,579149,546090,1.29,1.4,0.9,-0.9,-1.3,매도주의,위꼬리음봉,수횡파,0.14,-1.33,2026-09-08
SB,1.1,8.93,1209712,1056418,10.8,7.58,1.4,0.1,-2.7,중립,음봉,잔구간,0.3,-0.47,2026-09-08
SBET,1.1,8.82,7523416,7125879,66.36,76.4,0.9,0.1,1.5,중립,양봉,잔구간,0.76,0.505,2026-09-08
RZLT,1.1,4.4,867084,814626,3.82,5.01,0.8,-1.5,-2.4,강한매도,장대음봉,전저점이탈,0.19,-3.12,2026-09-08
RUN,1.1,9.22,7271221,6380514,67.04,58.06,1.2,1.7,2.0,중립,양봉,잔구간,0.68,0.46,2026-09-08
RXRX,1.1,3.44,14990246,13828978,51.57,52.86,1.0,-1.4,-3.9,매도주의,장대음봉,잔구간,0.06,-1.265,2026-09-08
LILAK,1.1,8.67,1153182,1091031,10.0,9.93,1.0,-0.1,2.7,강한매수,양봉,완만한상승,0.85,2.02,2026-09-08
LION,1.1,11.16,2104575,1841899,23.49,21.71,1.1,-0.2,0.1,중립,팽이도지,잔구간,0.47,-0.02,2026-09-08
MH,1.1,12.75,415138,391597,5.29,6.85,0.8,-1.7,-2.5,매도주의,장대음봉,전저점부근,0.14,-1.68,2026-09-08
TSHA,1.1,5.48,2222667,2025783,12.18,11.39,1.1,-0.5,-1.6,중립,음봉,잔구간,0.46,-0.375,2026-09-08
TSLQ,1.1,18.14,7358773,6417562,133.49,121.4,1.1,-1.8,-6.3,매도주의,장대음봉,잔구간,0.2,-1.18,2026-09-08
TRVI,1.1,16.82,1485095,1389062,24.98,24.65,1.0,-1.9,-0.7,중립,팽이도지,잔구간,0.39,-0.065,2026-09-08
CCCC,1.1,3.55,2174813,2043005,7.72,8.85,0.9,-1.1,-4.6,강한매도,장대음봉,전저점이탈,0.0,-3.35,2026-09-08
ECAT,1.1,15.22,556453,485569,8.47,6.71,1.3,0.3,-0.6,중립,음봉,잔구간,0.03,-0.63,2026-09-08
GILT,1.1,9.94,522989,490866,5.2,5.27,1.0,-1.5,-0.3,중립,망치형,잔구간,0.71,0.625,2026-09-08
HAPN,1.1,17.49,1146175,1010046,20.05,17.37,1.2,-0.7,-0.7,중립,음봉,잔구간,0.44,-0.385,2026-09-08
GSOL,1.1,7.81,2825241,2613440,22.07,26.1,0.8,1.2,0.5,중립,팽이도지,잔구간,0.53,0.02,2026-09-08
NCLH,1.1,15.39,14584047,13836559,224.45,224.22,1.0,-0.9,-0.3,매도주의,위꼬리음봉,잔구간,0.05,-1.02,2026-09-08
MVST,1.1,0.682,7282704,6602549,4.97,5.64,0.9,-0.0,-1.3,매도주의,위꼬리음봉,잔구간,0.0,-1.05,2026-09-08
NAD,1.1,11.34,793376,732087,9.0,7.76,1.2,-0.4,-0.6,강한매도,장대음봉,전저점이탈,0.0,-3.35,2026-09-08
VTS,1.1,18.03,573713,501091,10.34,7.63,1.4,1.1,0.3,매수관심,팽이도지,전고점돌파,0.58,1.6,2026-09-08
VLRS,1.1,6.79,370862,335539,2.52,2.52,1.0,-1.0,0.1,중립,위꼬리양봉,잔구간,0.06,-0.765,2026-09-08
VITL,1.1,10.08,1333713,1176977,13.44,14.48,0.9,-0.3,1.9,중립,양봉,잔구간,0.45,0.32,2026-09-08
MNRO,1.1,12.51,767091,705769,9.6,12.89,0.7,0.2,-6.1,매도주의,장대음봉,잔구간,0.12,-1.23,2026-09-08
DC,1.1,5.98,1071569,982923,6.41,7.62,0.8,-0.5,1.0,중립,위꼬리양봉,완만한상승,0.38,-0.24,2026-09-08
SHLS,1.1,7.42,4378511,3979982,32.49,33.53,1.0,0.3,3.8,매수관심,양봉,완만한상승,0.54,1.65,2026-09-08
SHMD,1.1,3.35,574881,536949,1.93,3.75,0.5,4.4,1.8,매수관심,양봉,완만한상승,0.63,1.76,2026-09-08
IMTX,1.1,9.44,699515,666185,6.6,6.67,1.0,-2.0,0.7,중립,양봉,잔구간,0.63,0.43,2026-09-08
IIIV,1.1,15.85,443014,418683,7.02,7.47,0.9,-1.5,-3.1,중립,음봉,잔구간,0.16,-0.555,2026-09-08
CIFU,1.1,12.67,461342,413954,5.85,5.13,1.1,2.1,5.5,중립,위꼬리양봉,전고점돌파,0.45,0.44,2026-09-08
CEPL,1.1,5.72,448883,418137,2.57,2.24,1.1,3.5,-2.4,매도주의,위꼬리음봉,잔구간,0.21,-0.925,2026-09-08
DLO,1.1,14.95,2002345,1817353,29.94,31.83,0.9,-0.1,-3.6,매도주의,장대음봉,잔구간,0.1,-1.24,2026-09-08
DNUT,1.1,3.31,2224099,2111705,7.36,7.73,1.0,0.6,-2.6,매도주의,장대음봉,수횡파,0.24,-1.71,2026-09-08
TKC,1.1,5.25,2755475,2444740,14.47,13.7,1.1,0.4,2.5,강한매수,장대양봉,완만한상승,0.87,3.34,2026-09-08
CTKB,1.1,4.62,649719,597028,3.0,3.04,1.0,-1.3,-0.4,중립,팽이도지,수횡파,0.57,0.68,2026-09-08
HPP,1.1,12.16,670497,595482,8.15,7.86,1.0,-5.2,1.7,중립,양봉,전저점이탈,0.38,-0.19,2026-09-08
QUCY,1.1,1.42,1365741,1282573,1.94,1.5,1.3,-3.1,-7.8,매도주의,장대음봉,잔구간,0.07,-1.26,2026-09-08
QXO,1.1,13.25,14277067,13146162,189.17,159.08,1.2,0.7,-1.4,중립,음봉,잔구간,0.38,-0.42,2026-09-08
QNST,1.1,18.08,895734,819284,16.19,18.72,0.9,-1.8,-1.7,매도주의,음봉,전저점이탈,0.32,-1.67,2026-09-08
QDEL,1.1,13.38,961619,891547,12.87,14.58,0.9,-0.1,-4.1,강한매도,장대음봉,전저점이탈,0.25,-3.05,2026-09-08
MSOS,1.1,5.11,4613513,4052525,23.58,22.29,1.1,-0.8,0.8,중립,팽이도지,전고점부근,0.54,-0.4,2026-09-08
UNG,1.1,10.46,14247764,13480576,149.03,132.92,1.1,0.4,-1.3,중립,음봉,잔구간,0.53,-0.33,2026-09-08
ULCC,1.1,5.73,2117244,1992578,12.13,13.69,0.9,-2.2,-1.7,중립,음봉,잔구간,0.31,-0.465,2026-09-08
OPEN,1.1,3.07,26086550,23072535,80.09,84.8,0.9,-0.6,-1.9,매도주의,장대음봉,잔구간,0.16,-1.205,2026-09-08
ABX,1.1,9.73,432297,377322,4.21,3.74,1.1,-1.6,2.9,매수관심,장대양봉,잔구간,0.88,1.23,2026-09-08
WDI,1.1,12.56,303595,273662,3.81,3.36,1.1,-0.2,-0.5,강한매도,장대음봉,전저점이탈,0.0,-3.35,2026-09-08
PDO,1.1,12.57,1142159,1003846,14.36,11.1,1.3,-0.2,-1.8,매도주의,장대음봉,잔구간,0.17,-1.2,2026-09-08
PDYN,1.1,5.78,673736,641266,3.89,3.86,1.0,0.4,0.8,중립,위꼬리양봉,완만한상승,0.26,-0.39,2026-09-08
ATOM,1.1,4.14,475550,446065,1.97,1.93,1.0,2.0,0.5,중립,위꼬리양봉,잔구간,0.29,-0.625,2026-09-08
ASTX,1.1,12.46,3399536,3204642,42.36,35.09,1.2,3.0,8.7,매수관심,장대양봉,전고점부근,0.71,1.8,2026-09-08
ARRY,1.1,4.7,6640003,6244556,31.21,24.95,1.3,0.4,1.7,중립,위꼬리양봉,잔구간,0.26,-0.645,2026-09-08
ARVN,1.1,9.08,570719,525137,5.18,4.99,1.0,-1.7,-1.6,중립,음봉,잔구간,0.3,-0.47,2026-09-08
PHAT,1.1,9.43,1032666,913537,9.74,8.61,1.1,-0.8,0.1,중립,팽이도지,잔구간,0.49,-0.005,2026-09-08
GALT,1.1,4.14,393417,365941,1.63,1.36,1.2,-0.2,-10.0,매도주의,장대음봉,잔구간,0.07,-1.26,2026-09-08
SNDL,1.1,1.44,1210952,1074187,1.74,1.42,1.2,-1.0,1.4,매수관심,양봉,완만한상승,0.67,1.8,2026-09-08
OSPN,1.1,16.1,350443,318801,5.64,5.44,1.0,-1.4,-2.2,매도주의,장대음봉,잔구간,0.08,-1.25,2026-09-08
OSUR,1.1,3.39,354251,315381,1.2,1.05,1.1,-0.6,-2.0,강한매도,장대음봉,전저점이탈,0.14,-3.18,2026-09-08
YMM,1.1,8.43,6739616,6205550,56.81,66.74,0.9,-1.3,-1.3,중립,음봉,잔구간,0.2,-0.53,2026-09-08
YSS,1.1,8.93,2831312,2582888,25.28,22.77,1.1,-0.2,-0.1,중립,팽이도지,잔구간,0.42,-0.05,2026-09-08
APPX,1.1,12.78,1436073,1298733,18.35,17.1,1.1,-0.4,-4.6,중립,음봉,잔구간,0.18,-0.54,2026-09-08
AQN,1.1,5.68,3582343,3394594,20.35,18.52,1.1,0.4,-0.2,중립,팽이도지,완만한상승,0.29,0.65,2026-09-08
AIIO,1.1,1.95,992410,935851,1.94,1.72,1.1,-1.6,7.7,매수관심,장대양봉,잔구간,0.74,1.145,2026-09-08
AGRO,1.1,12.24,906824,834628,11.1,9.22,1.2,1.2,2.8,강한매수,장대양봉,전고점돌파,0.75,3.8,2026-09-08
AHCO,1.1,6.19,2893746,2615338,17.91,15.57,1.2,-0.2,-4.5,매도주의,장대음봉,잔구간,0.2,-1.18,2026-09-08
AEVA,1.1,16.25,1693839,1491533,27.52,24.22,1.1,1.1,2.4,매수관심,양봉,완만한상승,0.69,1.83,2026-09-08
ADMA,1.1,9.54,1992626,1756308,19.01,15.57,1.2,-1.1,0.3,중립,팽이도지,수횡파,0.54,0.65,2026-09-08
SPAX,1.1,10.77,1341619,1216803,14.45,13.04,1.1,0.9,6.3,강한매수,양봉,전고점돌파,0.86,2.63,2026-09-08
SPCE,1.1,3.13,5838136,5318561,18.27,14.47,1.3,0.3,2.6,강한매수,양봉,전고점돌파,0.59,2.31,2026-09-08
ADAM,1.0,9.71,564597,584191,5.48,6.24,0.9,0.0,-0.4,중립,음봉,잔구간,0.26,-0.495,2026-09-08
SRTA,1.0,5.31,879512,861598,4.67,4.66,1.0,-0.2,0.0,매수관심,팽이도지,전저점부근,0.69,0.98,2026-09-08
SPIR,1.0,12.14,527164,505148,6.4,7.24,0.9,-0.7,2.0,중립,양봉,잔구간,0.7,0.47,2026-09-08
FNB,1.0,18.32,3396300,3246389,62.22,60.22,1.0,-0.4,-1.5,매도주의,장대음봉,잔구간,0.0,-1.3,2026-09-08
FOSL,1.0,5.11,480281,480821,2.45,3.45,0.7,0.0,-0.8,중립,망치형,잔구간,0.63,0.58,2026-09-08
ALHC,1.0,13.46,3981108,3877429,53.59,57.29,0.9,-0.7,0.1,매수관심,양봉스프링,잔구간,0.82,0.94,2026-09-08
AIBZ,1.0,4.62,326800,313243,1.51,1.94,0.8,-2.2,-4.5,중립,음봉,잔구간,0.18,-0.54,2026-09-08
AIOT,1.0,2.96,1293557,1251124,3.83,4.03,1.0,-1.0,-1.0,중립,음봉,잔구간,0.37,-0.43,2026-09-08
AIRJ,1.0,4.56,930544,910850,4.24,4.6,0.9,0.4,-0.7,중립,팽이도지,잔구간,0.27,-0.14,2026-09-08
AQST,1.0,5.21,1984961,2012892,10.34,13.31,0.8,0.9,-3.3,매도주의,장대음봉,잔구간,0.21,-1.175,2026-09-08
OLMA,1.0,10.985,736717,769714,8.09,7.42,1.1,-1.3,3.5,강한매수,장대양봉,완만한상승,0.88,3.36,2026-09-08
OEC,1.0,6.05,331421,333545,2.01,2.39,0.8,0.3,-1.0,중립,팽이도지,잔구간,0.37,-0.08,2026-09-08
OFIX,1.0,9.15,322641,332551,2.95,2.77,1.1,-1.3,-0.2,중립,팽이도지,잔구간,0.62,0.07,2026-09-08
PD,1.0,13.32,1839011,1882912,24.5,25.19,1.0,-1.6,-0.6,중립,망치형,잔구간,0.79,0.675,2026-09-08
PDBC,1.0,19.3,5999917,5731883,115.8,106.99,1.1,1.3,0.2,강한매수,양봉스프링,전고점돌파,0.82,3.38,2026-09-08
PATH,1.0,14.01,62577071,61619749,876.7,1149.51,0.8,-0.2,-7.6,강한매도,장대음봉,전저점이탈,0.11,-3.22,2026-09-08
PAYO,1.0,7.13,2157728,2108104,15.38,12.55,1.2,-0.3,-0.3,매도주의,장대음봉,잔구간,0.0,-1.3,2026-09-08
OXLC,1.0,9.61,667129,659920,6.41,6.98,0.9,0.9,-1.4,매도주의,장대음봉,잔구간,0.06,-1.265,2026-09-08
ORIC,1.0,12.62,955399,953947,12.06,13.96,0.9,-1.5,-0.4,매도주의,위꼬리음봉,잔구간,0.24,-0.905,2026-09-08
FTCA,1.0,7.13,358469,374147,2.56,2.51,1.0,0.0,-0.1,중립,음봉,전저점부근,0.33,-0.15,2026-09-08
SNXX,1.0,17.37,65135253,66136285,1131.4,960.13,1.2,3.4,-3.2,매도주의,음봉,전고점부근,0.09,-1.64,2026-09-08
DX,1.0,12.89,4508958,4484827,58.12,52.96,1.1,0.0,-0.1,매도주의,위꼬리음봉,잔구간,0.07,-1.01,2026-09-08
DXC,1.0,11.21,2153542,2101920,24.14,25.64,0.9,-1.7,-2.2,중립,음봉,잔구간,0.43,-0.39,2026-09-08
EVC,1.0,8.31,1149928,1133810,9.56,9.16,1.0,-0.8,-0.5,중립,망치형,잔구간,0.71,0.625,2026-09-08
EPRX,1.0,8.25,375211,386300,3.1,6.0,0.5,0.2,-2.0,중립,음봉,잔구간,0.08,-0.6,2026-09-08
AURA,1.0,7.36,507752,515017,3.74,4.84,0.8,-1.1,-1.6,중립,음봉,잔구간,0.29,-0.475,2026-09-08
ARR,1.0,16.23,3396895,3292217,55.13,48.47,1.1,0.1,-0.9,중립,음봉,잔구간,0.04,-0.625,2026-09-08
PICS,1.0,11.04,616903,591217,6.81,8.31,0.8,1.0,-4.6,매도주의,장대음봉,잔구간,0.02,-1.29,2026-09-08
PFXF,1.0,18.0,569156,563352,10.24,9.57,1.1,0.1,0.4,중립,양봉,잔구간,0.55,0.38,2026-09-08
PGEN,1.0,6.87,2770688,2670655,19.03,27.37,0.7,-3.0,-0.3,중립,팽이도지,잔구간,0.5,0.0,2026-09-08
PGX,1.0,10.49,4007393,3846320,42.04,42.44,1.0,-0.1,0.1,중립,위꼬리양봉,전저점부근,0.17,-0.65,2026-09-08
PENN,1.0,16.95,2328116,2294649,39.46,41.66,0.9,-0.8,0.1,중립,팽이도지,잔구간,0.55,0.03,2026-09-08
OPTU,1.0,0.988,1607075,1679267,1.59,2.12,0.7,-1.9,-4.1,중립,음봉,잔구간,0.34,-0.445,2026-09-08
ONDG,1.0,2.36,3086165,3111931,7.28,6.75,1.1,-0.8,0.9,중립,위꼬리양봉,잔구간,0.2,-0.68,2026-09-08
ONT,1.0,17.91,423221,438855,7.58,9.31,0.8,-1.7,2.1,매수관심,양봉,완만한상승,0.75,1.9,2026-09-08
ALOY,1.0,10.09,1545630,1553011,15.6,18.66,0.8,-0.6,0.5,중립,위꼬리양봉,잔구간,0.16,-0.705,2026-09-08
WB,1.0,6.7,1169186,1226590,7.83,9.59,0.8,-0.1,-0.1,매수관심,팽이도지,전저점부근,0.57,0.83,2026-09-08
ACDC,1.0,5.42,1106286,1076438,6.0,6.61,0.9,1.6,3.6,강한매수,장대양봉,전고점돌파,0.63,3.66,2026-09-08
XPER,1.0,5.79,386554,392212,2.24,2.66,0.8,-1.2,1.2,중립,양봉,잔구간,0.74,0.495,2026-09-08
USAS,1.0,5.2,3982326,4097073,20.71,24.86,0.8,-0.2,-2.8,중립,음봉,잔구간,0.12,-0.58,2026-09-08
USGG,1.0,6.59,489566,489555,3.23,3.71,0.9,-0.5,0.9,중립,위꼬리양봉,잔구간,0.26,-0.645,2026-09-08
URG,1.0,1.39,4837737,4984443,6.72,7.5,0.9,-0.7,0.0,매도주의,위꼬리양봉,잔구간,0.0,-0.8,2026-09-08
BRSP,1.0,4.63,980857,938502,4.54,4.31,1.1,-0.2,-0.9,중립,음봉,잔구간,0.18,-0.54,2026-09-08
RBBN,1.0,1.945,605974,588105,1.18,1.15,1.0,-0.5,-1.8,중립,음봉,잔구간,0.52,-0.34,2026-09-08
QUAD,1.0,10.2,399896,409961,4.08,3.98,1.0,0.1,-4.8,매도주의,장대음봉,잔구간,0.02,-1.29,2026-09-08
QID,1.0,14.19,30338085,30902076,430.5,460.63,0.9,-0.4,0.6,중립,양봉,잔구간,0.57,0.39,2026-09-08
QS,1.0,5.59,11009677,10991734,61.54,81.74,0.8,0.7,1.3,중립,양봉,잔구간,0.38,0.28,2026-09-08
MSTW,1.0,4.53,1200539,1219326,5.44,4.82,1.1,-5.6,-1.1,중립,음봉,잔구간,0.28,-0.48,2026-09-08
MSTY,1.0,15.49,1792619,1723809,27.77,32.42,0.9,-2.7,-0.8,중립,음봉,잔구간,0.29,-0.475,2026-09-08
TME,1.0,8.06,7706652,7367952,62.12,90.48,0.7,-0.5,-1.9,강한매도,장대음봉,전저점이탈,0.15,-3.17,2026-09-08
CSIQ,1.0,13.87,2431240,2422484,33.72,29.51,1.1,1.4,3.4,매수관심,양봉,완만한상승,0.63,1.76,2026-09-08
HLMN,1.0,7.55,1282254,1269242,9.68,8.91,1.1,-1.0,-0.7,중립,음봉,잔구간,0.13,-0.57,2026-09-08
INO,1.0,1.42,3473818,3554907,4.93,4.69,1.1,0.0,-0.7,중립,팽이도지,잔구간,0.57,0.04,2026-09-08
CIFG,1.0,5.19,743866,743411,3.86,4.28,0.9,2.9,5.3,중립,위꼬리양봉,전고점돌파,0.47,0.46,2026-09-08
DNOW,1.0,16.15,1745448,1716914,28.19,27.25,1.0,0.4,-0.2,중립,팽이도지,완만한상승,0.35,0.72,2026-09-08
DFH,1.0,13.28,608419,579568,8.08,7.45,1.1,-0.4,-3.3,매도주의,장대음봉,전저점부근,0.19,-1.62,2026-09-08
TAL,1.0,11.82,7254781,7314290,85.75,79.65,1.1,-0.9,-3.8,매도주의,장대음봉,잔구간,0.19,-1.185,2026-09-08
TALO,1.0,17.16,1534307,1520375,26.33,28.89,0.9,1.8,0.1,중립,팽이도지,완만한상승,0.31,0.67,2026-09-08
SGRY,1.0,13.96,2046142,2125943,28.56,33.75,0.8,-0.5,-1.6,중립,음봉,잔구간,0.12,-0.58,2026-09-08
SFIX,1.0,2.97,1637048,1604344,4.86,4.53,1.1,-0.7,-2.0,매도주의,음봉,전저점이탈,0.37,-1.61,2026-09-08
HYT,1.0,8.26,939925,947535,7.76,6.55,1.2,0.0,0.2,매수관심,양봉,완만한상승,0.75,1.9,2026-09-08
IART,1.0,16.26,621796,627991,10.11,10.18,1.0,-1.4,-1.3,중립,음봉,전저점부근,0.49,0.04,2026-09-08
ICL,1.0,5.86,1229225,1235001,7.2,6.35,1.1,0.3,-0.5,중립,음봉,잔구간,0.4,-0.41,2026-09-08
MQ,1.0,16.26,705175,731819,11.47,11.14,1.0,-1.5,-0.4,중립,망치형,잔구간,0.66,0.595,2026-09-08
MITK,1.0,17.83,576269,583270,10.27,11.59,0.9,-1.5,-2.5,매도주의,장대음봉,잔구간,0.16,-1.205,2026-09-08
NAK,1.0,1.51,3609531,3789500,5.45,5.72,1.0,1.4,1.3,중립,위꼬리양봉,잔구간,0.3,-0.62,2026-09-08
NCI,1.0,13.44,548268,569470,7.37,10.9,0.7,4.2,-4.7,중립,음봉,잔구간,0.45,-0.38,2026-09-08
VNDA,1.0,5.33,620647,605272,3.31,3.76,0.9,-1.3,-0.6,중립,팽이도지,수횡파,0.48,0.58,2026-09-08
VIPS,1.0,13.03,3580148,3459604,46.65,60.28,0.8,-1.1,-0.2,중립,망치형,잔구간,0.76,0.655,2026-09-08
EGY,1.0,6.08,975060,978003,5.93,6.21,1.0,1.5,-0.2,중립,팽이도지,완만한상승,0.34,0.71,2026-09-08
GGT,1.0,4.04,462988,473795,1.87,1.88,1.0,-0.5,0.0,매도주의,위꼬리양봉,잔구간,0.0,-0.8,2026-09-08
HLF,1.0,12.43,2121952,2163603,26.38,23.6,1.1,5.0,-4.4,매도주의,장대음봉,완만한상승,0.11,-1.57,2026-09-08
HBAN,1.0,16.76,20193462,20656793,338.44,333.26,1.0,-0.4,-1.2,매도주의,장대음봉,잔구간,0.07,-1.26,2026-09-08
TSLZ,1.0,11.49,2813345,2785856,32.33,29.93,1.1,-1.8,-6.4,매도주의,장대음봉,잔구간,0.26,-1.145,2026-09-08
TU,1.0,9.65,5447926,5443324,52.57,50.69,1.0,-0.1,-0.1,중립,팽이도지,수횡파,0.52,0.62,2026-09-08
TSLR,1.0,17.03,1545902,1623010,26.33,24.12,1.1,1.8,6.1,강한매수,장대양봉,완만한상승,0.89,3.37,2026-09-08
TRTX,1.0,7.72,578044,606905,4.46,5.34,0.8,-0.6,-1.5,매도주의,장대음봉,잔구간,0.0,-1.3,2026-09-08
LOFF,1.0,17.83,1711274,1639982,30.51,32.19,0.9,1.5,6.2,강한매수,양봉,전고점돌파,0.87,2.64,2026-09-08
LBTYA,1.0,10.71,1913804,1961906,20.5,20.28,1.0,0.3,0.6,매수관심,양봉,완만한상승,0.37,1.44,2026-09-08
MFG,1.0,11.14,3171839,3266480,35.33,31.34,1.1,0.2,-1.0,매도주의,장대음봉,잔구간,0.07,-1.26,2026-09-08
BIZD,1.0,13.14,3249647,3271179,42.7,38.74,1.1,-0.5,-1.0,강한매도,음봉,전저점이탈,0.04,-2.0,2026-09-08
CRCG,1.0,17.16,2773394,2890311,47.59,57.18,0.8,-3.2,-8.6,매도주의,장대음봉,잔구간,0.08,-1.25,2026-09-08
CMPX,1.0,2.21,2428040,2554138,5.37,5.29,1.0,-2.5,-4.7,강한매도,장대음봉,전저점이탈,0.08,-3.25,2026-09-08
RXST,1.0,6.45,734193,721134,4.74,5.42,0.9,-1.5,2.7,강한매수,양봉,완만한상승,0.95,2.14,2026-09-08
RPD,1.0,10.46,2029179,1979410,21.23,22.03,1.0,-1.7,-3.2,매도주의,음봉,전저점이탈,0.39,-1.58,2026-09-08
JKS,1.0,12.43,889593,918213,11.06,13.35,0.8,0.2,3.6,중립,양봉,잔구간,0.64,0.435,2026-09-08
BGS,1.0,3.3,2234290,2175030,7.37,5.99,1.2,0.0,0.3,중립,팽이도지,잔구간,0.74,0.145,2026-09-08
VELO,1.0,11.96,845542,823303,10.11,10.07,1.0,0.7,2.3,매수관심,양봉,완만한상승,0.65,1.78,2026-09-08
GTN,1.0,4.77,1037190,1021620,4.95,4.03,1.2,-1.0,-2.7,중립,음봉,잔구간,0.02,-0.64,2026-09-08
CTOS,1.0,9.44,1154424,1174997,10.9,9.05,1.2,0.4,2.3,강한매수,장대양봉,완만한상승,1.0,3.5,2026-09-08
CRNC,1.0,8.26,590846,587629,4.88,5.31,0.9,0.5,-3.6,매도주의,장대음봉,잔구간,0.12,-1.23,2026-09-08
CRSR,1.0,12.26,1159424,1108325,14.21,14.92,1.0,0.0,-3.6,매도주의,장대음봉,잔구간,0.07,-1.26,2026-09-08
DRH,1.0,11.97,2247281,2285760,26.9,32.25,0.8,-0.3,-0.6,매도주의,위꼬리음봉,잔구간,0.04,-1.025,2026-09-08
DRTS,1.0,14.84,562454,552771,8.35,11.13,0.7,0.0,-1.3,중립,음봉,잔구간,0.6,-0.29,2026-09-08
DRVN,1.0,13.22,1058965,1019904,14.0,12.37,1.1,-0.7,-1.9,매도주의,장대음봉,잔구간,0.03,-1.28,2026-09-08
BMEA,1.0,1.93,1853308,1947995,3.58,5.66,0.6,-1.5,-3.5,중립,음봉,잔구간,0.22,-0.52,2026-09-08
BITO,1.0,10.54,75252793,75036909,793.16,892.64,0.9,-2.0,0.2,중립,팽이도지,잔구간,0.59,0.055,2026-09-08
NRK,1.0,10.06,304329,312324,3.06,2.67,1.1,0.5,0.1,매수관심,양봉스프링,잔구간,0.92,1.0,2026-09-08
NOMD,1.0,11.46,1006566,1058456,11.54,16.95,0.7,-0.2,-1.4,중립,음봉,잔구간,0.24,-0.505,2026-09-08
PTIR,1.0,17.64,3324740,3204285,58.65,65.96,0.9,-0.8,-3.9,중립,음봉,잔구간,0.06,-0.615,2026-09-08
PTY,1.0,11.76,899045,909515,10.57,11.37,0.9,0.1,0.0,매수관심,팽이도지,완만한상승,0.67,1.1,2026-09-08
ARKO,1.0,4.705,912697,879768,4.29,4.09,1.0,-0.6,-3.2,매도주의,장대음봉,잔구간,0.21,-1.175,2026-09-08
BBAI,1.0,2.92,15093564,15285697,44.07,48.1,0.9,0.3,-0.3,중립,팽이도지,전저점부근,0.4,0.63,2026-09-08
ERAS,1.0,16.28,4264687,4264138,69.43,74.24,0.9,-1.9,2.5,중립,양봉,잔구간,0.62,0.42,2026-09-08
ERIC,1.0,10.07,5672063,5841388,57.12,94.74,0.6,-0.1,-0.2,중립,팽이도지,잔구간,0.29,-0.125,2026-09-08
SMWB,1.0,8.38,624854,611122,5.24,7.35,0.7,-2.1,-3.1,매도주의,음봉,전저점이탈,0.33,-1.65,2026-09-08
SLS,1.0,13.96,6055001,6074002,84.53,102.7,0.8,-0.6,1.4,매수관심,팽이도지,완만한상승,0.61,1.03,2026-09-08
SLDB,1.0,9.93,742815,707551,7.38,8.09,0.9,-2.4,-0.7,중립,망치형,잔구간,0.69,0.615,2026-09-08
ALIT,1.0,13.45,402762,396097,5.42,5.96,0.9,-0.7,-9.2,강한매도,장대음봉,전저점이탈,0.04,-3.3,2026-09-08
CIG,1.0,2.24,4528846,4524703,10.14,8.26,1.2,2.8,1.8,강한매수,양봉,전고점돌파,0.57,2.28,2026-09-08
CLBK,1.0,11.63,3064468,3049750,35.64,33.55,1.1,-0.3,-0.3,중립,팽이도지,잔구간,0.44,-0.035,2026-09-08
RKT,1.0,13.81,24539887,24690598,338.9,323.05,1.0,-0.8,-1.0,중립,음봉,잔구간,0.04,-0.625,2026-09-08
RILY,1.0,7.04,449115,433397,3.16,3.23,1.0,0.0,0.1,중립,팽이도지,잔구간,0.58,0.05,2026-09-08
RES,1.0,6.52,1535340,1515809,10.01,9.02,1.1,2.5,-2.1,매도주의,장대음봉,완만한상승,0.0,-1.7,2026-09-08
RGNX,1.0,8.76,998959,968419,8.75,14.42,0.6,0.1,-2.1,매도주의,음봉,전저점이탈,0.46,-1.5,2026-09-08
BRNX,1.0,2.3,2236767,2323107,5.14,11.92,0.4,6.5,-3.6,강한매수,망치형,전저점부근,0.64,2.92,2026-09-08
UA,1.0,4.95,2239201,2335245,11.08,11.24,1.0,-0.2,-3.1,매도주의,장대음봉,잔구간,0.09,-1.245,2026-09-08
IVR,1.0,7.18,2723739,2747781,19.56,19.15,1.0,0.2,-0.5,매도주의,위꼬리음봉,잔구간,0.09,-0.995,2026-09-08
LADR,1.0,9.78,899090,913287,8.79,8.32,1.1,-0.5,0.0,중립,팽이도지,수횡파,0.58,0.7,2026-09-08
KYN,1.0,14.99,325788,316610,4.88,4.14,1.2,0.4,0.8,강한매수,장대양봉,완만한상승,0.8,3.26,2026-09-08
KYTX,1.0,8.07,586386,560112,4.73,5.65,0.8,-1.0,-1.2,중립,음봉,잔구간,0.42,-0.4,2026-09-08
KSS,1.0,18.61,4672152,4454439,86.95,105.02,0.8,-0.6,-3.7,매도주의,장대음봉,잔구간,0.09,-1.245,2026-09-08
BXMT,1.0,13.87,1589860,1648848,22.05,24.71,0.9,-0.8,-1.6,매도주의,장대음봉,잔구간,0.04,-1.275,2026-09-08
BYND,1.0,11.21,1001616,1007782,11.23,12.12,0.9,0.0,-4.9,매도주의,장대음봉,잔구간,0.03,-1.28,2026-09-08
TSLX,1.0,18.04,311831,313488,5.63,6.91,0.8,0.0,-1.8,매도주의,장대음봉,잔구간,0.22,-1.17,2026-09-08
SUZ,1.0,9.23,2486370,2581679,22.95,32.01,0.7,1.2,-0.5,매수관심,팽이도지,완만한상승,0.48,0.88,2026-09-08
SVC,1.0,7.375,1479322,1482562,10.91,10.52,1.0,0.3,-3.3,강한매도,장대음봉,전저점이탈,0.08,-3.25,2026-09-08
ELVA,1.0,7.15,396945,378496,2.84,2.91,1.0,2.0,1.6,강한매수,양봉,전고점돌파,0.47,2.16,2026-09-08
EMBC,1.0,5.55,1361579,1387480,7.56,7.27,1.0,-1.6,-2.8,중립,음봉,잔구간,0.26,-0.495,2026-09-08
AZ,1.0,6.16,434538,446632,2.68,3.01,0.9,-0.5,0.7,강한매수,양봉스프링,완만한상승,0.78,2.74,2026-09-08
VOXR,1.0,5.73,382965,372072,2.19,2.29,1.0,-0.5,0.0,중립,팽이도지,잔구간,0.38,-0.07,2026-09-08
PSQL,1.0,8.04,1857513,1948793,14.93,30.44,0.5,3.0,-2.0,중립,망치형,잔구간,0.74,0.645,2026-09-08
PROK,1.0,1.99,929611,940217,1.85,1.68,1.1,2.0,-2.9,중립,음봉,잔구간,0.18,-0.54,2026-09-08
APPS,1.0,11.3,2672420,2628953,30.2,28.35,1.1,-0.7,6.3,매수관심,장대양봉,잔구간,0.89,1.235,2026-09-08
AMPY,1.0,4.94,573633,564992,2.83,2.84,1.0,1.6,-0.8,중립,음봉,완만한상승,0.1,-0.28,2026-09-08
AMZD,1.0,8.534,11415121,11133803,97.41,85.5,1.1,0.8,-0.1,중립,팽이도지,완만한상승,0.4,0.78,2026-09-08
FIP,1.0,3.44,960616,990039,3.3,3.46,1.0,1.8,-0.9,중립,팽이도지,잔구간,0.53,0.02,2026-09-08
FLO,1.0,6.32,8528107,8476128,53.9,52.57,1.0,-0.2,1.0,매수관심,양봉스프링,잔구간,0.85,0.96,2026-09-08
EXG,1.0,9.94,372310,360232,3.7,3.36,1.1,0.0,-0.6,중립,음봉,잔구간,0.18,-0.54,2026-09-08
EYE,1.0,17.0,2075612,2115282,35.29,37.72,0.9,-0.2,1.7,중립,양봉,잔구간,0.83,0.55,2026-09-08
GAB,1.0,5.68,622557,607721,3.54,3.24,1.1,0.0,0.2,매수관심,팽이도지,완만한상승,0.6,1.02,2026-09-08
XHR,1.0,17.7,674763,676857,11.94,12.33,1.0,-0.8,-0.7,매도주의,음봉,전저점이탈,0.29,-1.7,2026-09-08
WOOF,1.0,2.6,3410180,3570504,8.87,8.97,1.0,-1.1,-2.6,중립,음봉,잔구간,0.48,-0.36,2026-09-08
XPRO,1.0,18.1,812542,798142,14.71,14.15,1.0,1.7,-0.9,중립,음봉,완만한상승,0.45,0.14,2026-09-08
ABEO,1.0,5.85,872572,889697,5.1,5.27,1.0,-1.1,-1.4,중립,음봉,잔구간,0.22,-0.52,2026-09-08
YMAX,1.0,7.7,1242453,1252283,9.57,8.53,1.1,0.0,0.1,강한매수,양봉스프링,완만한상승,1.0,3.0,2026-09-08
WVE,1.0,4.91,3557681,3421011,17.47,17.81,1.0,0.0,1.0,중립,팽이도지,잔구간,0.74,0.145,2026-09-08
YDES,1.0,4.25,503295,506547,2.14,1.16,1.8,5.1,14.2,매수관심,장대양봉,잔구간,0.71,1.125,2026-09-08
YALA,1.0,5.47,354650,349314,1.94,1.69,1.1,-0.4,0.2,매수관심,양봉스프링,잔구간,0.86,0.965,2026-09-08
AAL,0.9,12.91,55046101,63430296,710.65,859.17,0.8,-1.4,-0.2,매도주의,위꼬리음봉,전저점부근,0.12,-1.21,2026-09-08
WU,0.9,7.0,6620292,7355798,46.34,54.43,0.9,0.4,-2.9,강한매도,장대음봉,수횡파,0.0,-2.0,2026-09-08
ABEV,0.9,3.04,24184472,27606528,73.52,82.84,0.9,1.7,-1.0,중립,음봉,완만한상승,0.0,-0.4,2026-09-08
ABSI,0.9,8.91,2508846,2852430,22.35,26.42,0.8,0.0,1.0,매수관심,팽이도지,완만한상승,0.64,1.07,2026-09-08
APLE,0.9,15.26,2329159,2459192,35.54,33.47,1.1,-0.3,-1.9,강한매도,장대음봉,전저점이탈,0.0,-3.35,2026-09-08
ANGI,0.9,4.7,833800,933734,3.92,3.88,1.0,-0.8,-3.3,중립,음봉,잔구간,0.32,-0.46,2026-09-08
BITU,0.9,13.63,3909391,4254168,53.29,70.29,0.8,-4.0,0.4,중립,팽이도지,잔구간,0.64,0.085,2026-09-08
BKD,0.9,12.09,4267907,4559848,51.6,52.88,1.0,-0.3,3.0,강한매수,장대양봉,완만한상승,0.7,3.14,2026-09-08
BKKT,0.9,8.26,965178,1022449,7.97,9.86,0.8,-1.3,0.5,중립,팽이도지,잔구간,0.41,-0.055,2026-09-08
UWMC,0.9,1.39,10621933,11940011,14.76,16.38,0.9,-0.7,-4.8,강한매도,장대음봉,수횡파,0.0,-2.0,2026-09-08
UNIT,0.9,10.25,1911945,2036963,19.6,16.84,1.2,0.1,0.7,매수관심,양봉,완만한상승,0.57,1.68,2026-09-08
UEC,0.9,11.89,7921995,9042038,94.19,110.3,0.9,0.5,2.5,중립,양봉,잔구간,0.53,0.37,2026-09-08
NWBI,0.9,15.5,863663,981637,13.39,12.93,1.0,-0.4,-0.4,중립,음봉,잔구간,0.21,-0.525,2026-09-08
NWG,0.9,18.67,2341470,2545479,43.72,48.51,0.9,-0.5,-1.0,매도주의,장대음봉,잔구간,0.02,-1.29,2026-09-08
NTSK,0.9,14.35,5675376,6239339,81.44,85.76,0.9,-1.1,4.1,중립,양봉,잔구간,0.89,0.585,2026-09-08
NU,0.9,15.33,75352312,79983075,1155.15,994.36,1.2,1.2,-1.5,중립,음봉,잔구간,0.08,-0.6,2026-09-08
NUV,0.9,8.86,446080,477365,3.95,4.23,0.9,-0.1,0.0,강한매수,양봉스프링,전저점부근,0.8,3.61,2026-09-08
OPK,0.9,1.59,2575766,2735613,4.1,5.44,0.8,-0.9,-2.2,중립,음봉,잔구간,0.59,-0.295,2026-09-08
PDI,0.9,15.19,2902909,3117112,44.1,44.11,1.0,-0.3,-0.6,중립,음봉,잔구간,0.05,-0.62,2026-09-08
PLTD,0.9,5.3,21679153,23599979,114.9,141.46,0.8,0.4,1.9,강한매수,장대양봉,완만한상승,0.94,3.43,2026-09-08
BSOL,0.9,14.19,2818258,3296886,39.99,69.5,0.6,1.3,0.4,중립,팽이도지,잔구간,0.51,0.005,2026-09-08
BTCS,0.9,1.41,1761879,2040176,2.48,3.86,0.6,-2.8,0.7,중립,팽이도지,잔구간,0.5,0.0,2026-09-08
BTCZ,0.9,3.44,14113990,14955639,48.55,49.14,1.0,4.1,-0.4,중립,팽이도지,완만한상승,0.33,0.7,2026-09-08
BTDR,0.9,12.67,9926494,11420821,125.77,129.96,1.0,0.5,1.8,강한매수,양봉,전고점돌파,0.59,2.31,2026-09-08
TTD,0.9,14.02,19798601,22727085,277.58,256.76,1.1,-0.8,-2.1,중립,음봉,잔구간,0.35,-0.44,2026-09-08
BOBS,0.9,17.5,460949,503941,8.07,9.93,0.8,-0.2,-0.6,중립,망치형,잔구간,0.61,0.565,2026-09-08
BRUN,0.9,18.82,2065010,2343811,38.86,40.55,1.0,4.0,2.6,매수관심,양봉,완만한상승,0.66,1.79,2026-09-08
BSBR,0.9,5.95,6046551,6499813,35.98,26.33,1.4,1.5,-1.7,매도주의,장대음봉,잔구간,0.0,-1.3,2026-09-08
TSL,0.9,13.89,643427,688895,8.94,7.34,1.2,1.1,3.9,강한매수,장대양봉,완만한상승,0.88,3.36,2026-09-08
CLOV,0.9,4.29,3047184,3443425,13.07,13.4,1.0,-0.6,1.4,매수관심,양봉,완만한상승,0.79,1.95,2026-09-08
CFFN,0.9,8.8,695315,767952,6.12,6.57,0.9,-0.3,-0.5,중립,음봉,잔구간,0.37,-0.43,2026-09-08
CGBD,0.9,11.49,409763,470753,4.71,6.38,0.7,0.1,-1.8,매도주의,장대음봉,잔구간,0.18,-1.19,2026-09-08
CION,0.9,7.28,335083,356811,2.44,2.75,0.9,0.0,-0.8,매도주의,음봉,전저점이탈,0.35,-1.63,2026-09-08
CLB,0.9,12.47,394724,442070,4.92,5.28,0.9,1.9,-2.4,매도주의,장대음봉,잔구간,0.0,-1.3,2026-09-08
CLM,0.9,6.65,1913454,2146276,12.72,15.79,0.8,-0.1,-1.0,매도주의,장대음봉,잔구간,0.27,-1.14,2026-09-08
COUR,0.9,5.57,4200921,4556974,23.4,28.49,0.8,-0.3,-3.6,강한매도,장대음봉,전저점이탈,0.04,-3.3,2026-09-08
CRDL,0.9,2.22,1244880,1378874,2.76,3.83,0.7,0.0,0.9,강한매수,양봉스프링,완만한상승,0.75,2.7,2026-09-08
CMCO,0.9,18.59,334950,391371,6.23,7.42,0.8,0.7,-2.0,매도주의,장대음봉,잔구간,0.22,-1.17,2026-09-08
CODI,0.9,11.53,430686,454577,4.97,5.61,0.9,-0.5,-0.7,중립,팽이도지,잔구간,0.47,-0.02,2026-09-08
COLD,0.9,13.98,2882049,3382964,40.29,51.57,0.8,-0.1,-1.5,중립,음봉,전저점부근,0.39,-0.08,2026-09-08
TIMB,0.9,18.73,373527,398829,7.0,7.85,0.9,2.0,-0.4,매도주의,위꼬리음봉,완만한상승,0.14,-1.03,2026-09-08
TMC,0.9,4.43,5038982,5384402,22.32,32.9,0.7,0.7,-0.9,매도주의,위꼬리음봉,잔구간,0.15,-0.96,2026-09-08
NEOV,0.9,3.92,1249893,1441253,4.9,8.68,0.6,0.0,1.6,중립,위꼬리양봉,완만한상승,0.43,-0.18,2026-09-08
NEXN,0.9,9.39,416084,467660,3.91,5.0,0.8,-0.7,-1.1,매도주의,음봉,전저점이탈,0.57,-1.37,2026-09-08
MNTN,0.9,12.81,652787,752514,8.36,10.51,0.8,-0.7,-0.4,중립,팽이도지,잔구간,0.64,0.085,2026-09-08
NMRK,0.9,14.83,1503981,1768510,22.3,23.11,1.0,-1.2,-1.6,매도주의,장대음봉,잔구간,0.37,-1.08,2026-09-08
MSTZ,0.9,4.03,28224529,31966739,113.74,165.01,0.7,6.6,1.5,매수관심,양봉,완만한상승,0.66,1.79,2026-09-08
MYGN,0.9,3.18,1194567,1390419,3.8,4.7,0.8,-0.3,0.0,중립,팽이도지,잔구간,0.68,0.11,2026-09-08
NEXT,0.9,7.47,1881677,2120167,14.06,16.65,0.8,1.8,0.0,중립,팽이도지,잔구간,0.6,0.06,2026-09-08
NGEN,0.9,2.19,713757,833760,1.56,1.77,0.9,-0.4,-5.6,매도주의,장대음봉,잔구간,0.16,-1.205,2026-09-08
NIQ,0.9,18.34,1013197,1092783,18.58,22.3,0.8,-1.0,0.7,중립,팽이도지,잔구간,0.53,0.02,2026-09-08
PMT,0.9,9.61,878883,964746,8.45,9.63,0.9,0.2,-0.5,중립,음봉,잔구간,0.05,-0.62,2026-09-08
PRTA,0.9,9.54,305440,338102,2.91,3.16,0.9,-2.2,-0.6,중립,망치형,잔구간,0.6,0.56,2026-09-08
PSEC,0.9,2.19,3390634,3857912,7.43,9.33,0.8,-0.4,-1.4,매도주의,장대음봉,잔구간,0.0,-1.3,2026-09-08
PSNL,0.9,16.6,2548580,2684365,42.31,53.48,0.8,0.0,-3.5,매도주의,장대음봉,잔구간,0.16,-1.205,2026-09-08
PTEN,0.9,12.66,7817566,8887944,98.97,109.69,0.9,2.5,-0.5,매도주의,위꼬리음봉,완만한상승,0.07,-1.12,2026-09-08
CVRX,0.9,2.93,619561,676164,1.82,2.53,0.7,-0.7,-3.3,중립,음봉,잔구간,0.5,-0.35,2026-09-08
TDUP,0.9,2.67,1761550,2038604,4.7,5.43,0.9,-1.5,-0.4,중립,팽이도지,잔구간,0.58,0.05,2026-09-08
DRN,0.9,10.16,1521618,1666263,15.46,16.93,0.9,-0.6,0.6,중립,위꼬리양봉,잔구간,0.31,-0.615,2026-09-08
CRK,0.9,15.16,2042935,2346899,30.97,50.15,0.6,1.6,-2.2,매도주의,장대음봉,잔구간,0.2,-1.18,2026-09-08
CRON,0.9,3.185,929830,1092261,2.96,4.88,0.6,-0.6,-1.7,강한매도,장대음봉,전저점이탈,0.18,-3.13,2026-09-08
CTNM,0.9,15.94,316183,333505,5.04,6.48,0.8,-0.7,-3.9,매도주의,장대음봉,잔구간,0.06,-1.265,2026-09-08
DDD,0.9,3.38,1770500,1904640,5.98,6.95,0.9,0.9,-3.2,매도주의,장대음봉,잔구간,0.06,-1.265,2026-09-08
DEI,0.9,11.2,1370634,1495410,15.35,15.59,1.0,-0.8,-1.1,중립,음봉,잔구간,0.16,-0.555,2026-09-08
DHY,0.9,1.7,811616,930052,1.38,1.44,1.0,0.0,0.6,강한매수,장대양봉,완만한상승,1.0,3.5,2026-09-08
DJT,0.9,9.23,3154010,3344162,29.11,34.88,0.8,0.4,1.9,매수관심,양봉,완만한상승,0.7,1.84,2026-09-08
DNA,0.9,6.94,1078728,1236476,7.49,7.91,0.9,0.7,-0.9,중립,망치형,잔구간,0.61,0.565,2026-09-08
STWD,0.9,15.88,3563469,4092485,56.59,62.03,0.9,-0.2,-1.1,매도주의,장대음봉,잔구간,0.06,-1.265,2026-09-08
SVOL,0.9,16.52,304009,334167,5.02,5.67,0.9,-0.2,-0.7,매도주의,장대음봉,잔구간,0.12,-1.23,2026-09-08
TBLA,0.9,3.82,1851934,2097259,7.07,8.09,0.9,-0.5,-0.5,중립,망치형,잔구간,0.79,0.675,2026-09-08
ELPC,0.9,12.52,407379,467351,5.1,5.31,1.0,2.5,-0.4,매수관심,팽이도지,전고점돌파,0.29,1.25,2026-09-08
STLA,0.9,5.39,17991664,19148685,96.98,107.3,0.9,-0.2,-2.9,매도주의,장대음봉,잔구간,0.11,-1.235,2026-09-08
EVTL,0.9,0.59,4811919,5557980,2.84,3.31,0.9,0.0,-1.4,매도주의,위꼬리음봉,잔구간,0.25,-0.9,2026-09-08
STGW,0.9,8.67,909006,1028460,7.88,9.22,0.9,0.0,-1.1,중립,음봉,잔구간,0.55,-0.32,2026-09-08
ETHE,0.9,19.96,2000673,2215197,39.93,52.37,0.8,0.4,0.7,중립,팽이도지,잔구간,0.64,0.085,2026-09-08
SOLZ,0.9,10.29,1286451,1471050,13.24,18.52,0.7,1.3,0.5,중립,팽이도지,잔구간,0.54,0.025,2026-09-08
SPRY,0.9,5.39,1086519,1193625,5.86,7.91,0.7,-1.9,-2.3,매도주의,음봉,전저점이탈,0.37,-1.61,2026-09-08
SPT,0.9,10.45,1217431,1415087,12.72,15.7,0.8,-1.9,-6.2,강한매도,장대음봉,전저점이탈,0.09,-3.24,2026-09-08
MICC,0.9,19.33,758785,843135,14.67,15.23,1.0,-0.8,0.8,매수관심,양봉,완만한상승,0.51,1.61,2026-09-08
LBTYK,0.9,10.435,839528,955188,8.76,12.04,0.7,0.3,-0.2,매도주의,위꼬리음봉,완만한상승,0.19,-0.97,2026-09-08
LENZ,0.9,5.33,642871,696973,3.43,3.34,1.0,-0.2,-10.4,매도주의,장대음봉,잔구간,0.02,-1.29,2026-09-08
MAGN,0.9,11.93,320424,356217,3.82,4.4,0.9,0.4,-5.2,강한매도,장대음봉,전저점이탈,0.06,-3.28,2026-09-08
MAX,0.9,11.77,417942,467970,4.92,7.06,0.7,-1.1,-1.3,중립,음봉,잔구간,0.53,-0.33,2026-09-08
MEI,0.9,14.06,1029159,1144048,14.47,16.29,0.9,0.7,-11.0,강한매도,장대음봉,전저점이탈,0.05,-3.29,2026-09-08
MFA,0.9,8.86,1093906,1283152,9.69,12.33,0.8,0.0,-1.0,매도주의,장대음봉,잔구간,0.0,-1.3,2026-09-08
QFIN,0.9,8.84,2397741,2601889,21.2,45.12,0.5,-1.0,-1.4,중립,음봉,잔구간,0.26,-0.495,2026-09-08
RAMZ,0.9,14.24,398305,427002,5.67,8.74,0.6,-6.5,2.7,매수관심,장대양봉,전저점이탈,0.82,1.63,2026-09-08
RCAT,0.9,8.695,5497899,5851477,47.8,49.19,1.0,1.0,2.8,매수관심,양봉,완만한상승,0.57,1.68,2026-09-08
MPLT,0.9,13.95,522134,565760,7.28,8.56,0.9,-2.0,3.4,강한매수,양봉,완만한상승,0.84,2.01,2026-09-08
MRLN,0.9,3.39,1167864,1326591,3.96,4.44,0.9,0.9,0.3,중립,팽이도지,잔구간,0.64,0.085,2026-09-08
MSOX,0.9,3.18,1388746,1566388,4.42,5.21,0.8,0.0,0.0,중립,팽이도지,전고점부근,0.55,-0.39,2026-09-08
FLG,0.9,13.5,3029663,3508753,40.9,52.09,0.8,1.0,-1.2,매도주의,장대음봉,잔구간,0.18,-1.19,2026-09-08
GDRX,0.9,3.52,1059457,1177000,3.73,4.98,0.7,-0.3,1.4,중립,양봉,잔구간,0.78,0.52,2026-09-08
GERN,0.9,1.51,8306118,9682693,12.54,17.71,0.7,-1.3,-2.6,중립,음봉,잔구간,0.12,-0.58,2026-09-08
FWDI,0.9,6.86,2030191,2159006,13.93,16.76,0.8,-0.2,8.9,강한매수,장대양봉,완만한상승,0.91,3.39,2026-09-08
GAU,0.9,2.23,2965434,3220304,6.61,6.51,1.0,0.0,-1.8,중립,음봉,잔구간,0.14,-0.565,2026-09-08
SNDX,0.9,19.94,1205033,1401158,24.03,26.19,0.9,-1.8,-1.2,중립,음봉,잔구간,0.07,-0.61,2026-09-08
GOF,0.9,9.26,2367228,2770867,21.92,27.49,0.8,-0.3,-1.0,매도주의,장대음봉,잔구간,0.17,-1.2,2026-09-08
HBNC,0.9,19.73,411866,470948,8.13,8.65,0.9,-0.5,-0.5,중립,음봉,잔구간,0.1,-0.59,2026-09-08
HE,0.9,10.9,2477633,2650708,27.01,26.04,1.0,-2.1,0.4,중립,팽이도지,잔구간,0.47,-0.02,2026-09-08
GGB,0.9,5.06,9613991,10851125,48.65,52.02,0.9,1.2,0.6,중립,양봉,전고점부근,0.37,0.09,2026-09-08
GGN,0.9,5.63,423578,477132,2.38,3.28,0.7,-0.2,0.2,중립,위꼬리양봉,잔구간,0.25,-0.65,2026-09-08
GME.WS,0.9,2.67,706135,812861,1.89,2.4,0.8,-1.5,-7.9,중립,음봉,잔구간,0.27,-0.49,2026-09-08
GNL,0.9,9.1,1362827,1512022,12.4,14.63,0.8,-0.4,0.2,중립,위꼬리양봉,잔구간,0.25,-0.65,2026-09-08
SIGA,0.9,3.2,786127,859713,2.52,2.34,1.1,-1.4,-1.4,중립,음봉,잔구간,0.44,-0.385,2026-09-08
GROY,0.9,3.28,1420165,1664645,4.66,6.02,0.8,-0.9,-1.2,중립,음봉,잔구간,0.12,-0.58,2026-09-08
SENS,0.9,9.33,531179,588062,4.96,5.56,0.9,-0.2,-2.9,매도주의,장대음봉,잔구간,0.24,-1.155,2026-09-08
SERV,0.9,4.9,2767140,3040323,13.56,16.73,0.8,0.6,-1.5,중립,음봉,잔구간,0.42,-0.4,2026-09-08
SGHC,0.9,13.94,2293251,2548716,31.97,34.69,0.9,-0.2,-0.1,중립,망치형,잔구간,0.94,0.765,2026-09-08
SGMT,0.9,10.71,805613,947133,8.63,11.01,0.8,-0.9,-1.2,매도주의,위꼬리음봉,잔구간,0.12,-0.98,2026-09-08
SHO,0.9,10.86,2733223,2997540,29.68,24.69,1.2,-0.7,-1.1,강한매도,음봉,전저점이탈,0.02,-2.03,2026-09-08
LABD,0.9,6.68,17928820,21015934,119.76,126.69,0.9,6.0,-2.3,중립,음봉,완만한상승,0.33,-0.0,2026-09-08
JBGS,0.9,11.42,764607,811051,8.73,9.76,0.9,-0.2,-2.2,강한매도,장대음봉,전저점이탈,0.03,-3.31,2026-09-08
JBI,0.9,4.95,1976537,2095065,9.78,9.25,1.1,0.6,-3.3,중립,음봉,잔구간,0.16,-0.555,2026-09-08
KPTI,0.9,1.72,1007320,1061819,1.73,2.07,0.8,-1.1,-2.8,중립,음봉,전저점부근,0.22,-0.29,2026-09-08
KT,0.9,19.78,778588,910569,15.4,20.01,0.8,0.2,-0.3,매도주의,위꼬리음봉,잔구간,0.09,-0.995,2026-09-08
KURA,0.9,12.52,1511765,1662608,18.93,30.2,0.6,-2.5,-3.1,매도주의,장대음봉,잔구간,0.05,-1.27,2026-09-08
RDY,0.9,11.88,2134903,2251604,25.36,29.97,0.8,-1.6,0.8,중립,양봉,전저점이탈,0.9,0.43,2026-09-08
REAL,0.9,9.78,2099138,2395859,20.53,24.04,0.9,0.1,-0.9,중립,음봉,잔구간,0.23,-0.51,2026-09-08
REPL,0.9,14.77,1495432,1740205,22.09,30.1,0.7,-0.9,-0.9,중립,음봉,전저점부근,0.42,-0.05,2026-09-08
RLX,0.9,1.79,3117922,3597519,5.58,6.46,0.9,0.0,-0.6,중립,음봉,수횡파,0.33,-0.3,2026-09-08
LFTO,0.9,18.65,620084,676018,11.56,10.02,1.2,-0.7,0.3,매수관심,팽이도지,수횡파,0.7,0.84,2026-09-08
IOVA,0.9,8.7,9543182,10102925,83.03,89.22,0.9,-1.1,0.1,중립,팽이도지,잔구간,0.51,0.005,2026-09-08
IREG,0.9,10.2,931431,1048438,9.5,8.33,1.1,6.9,2.9,중립,위꼬리양봉,전고점돌파,0.24,0.19,2026-09-08
HNST,0.9,5.74,2191473,2347141,12.58,14.26,0.9,-0.7,-2.9,매도주의,장대음봉,잔구간,0.12,-1.23,2026-09-08
RYLD,0.9,16.22,446223,475007,7.24,7.65,0.9,0.1,-0.3,매도주의,장대음봉,잔구간,0.18,-1.19,2026-09-08
SBGI,0.9,13.8,376772,402216,5.2,5.45,1.0,-0.7,0.6,중립,팽이도지,잔구간,0.67,0.1,2026-09-08
IHS,0.9,8.49,1351991,1429258,11.48,12.97,0.9,-0.2,0.5,강한매수,양봉,완만한상승,0.88,2.06,2026-09-08
RR,0.9,1.74,5808374,6193480,10.11,14.55,0.7,0.0,-0.6,매도주의,위꼬리음봉,잔구간,0.09,-0.995,2026-09-08
RUM,0.9,8.39,2958832,3315013,24.82,42.58,0.6,-0.8,-1.6,중립,음봉,전저점부근,0.4,-0.07,2026-09-08
RWM,0.9,13.66,17616737,19189043,240.64,224.61,1.1,0.2,0.2,매수관심,양봉,완만한상승,0.67,1.8,2026-09-08
ASM,0.9,7.3,4087822,4715659,29.84,29.4,1.0,-0.1,-0.3,매도주의,위꼬리음봉,잔구간,0.1,-0.99,2026-09-08
ASPN,0.9,4.91,682609,730301,3.35,3.58,0.9,0.0,-0.2,매도주의,위꼬리음봉,잔구간,0.11,-0.985,2026-09-08
AUR,0.9,6.51,25203184,28961393,164.07,179.21,0.9,0.0,2.7,강한매수,장대양봉,전고점돌파,0.7,3.74,2026-09-08
AMPG,0.9,3.565,987705,1068392,3.52,5.01,0.7,2.4,3.3,매수관심,양봉,완만한상승,0.79,1.95,2026-09-08
BBWI,0.9,18.9,5359390,6025600,101.29,147.47,0.7,0.7,-3.8,매도주의,장대음봉,잔구간,0.2,-1.18,2026-09-08
VREX,0.9,18.49,676565,741559,12.51,12.05,1.0,0.0,-0.1,중립,음봉,수횡파,0.2,-0.46,2026-09-08
AVPT,0.9,13.175,1178611,1348901,15.53,20.0,0.8,-1.0,-0.9,중립,음봉,전저점부근,0.57,0.13,2026-09-08
AVR,0.9,8.62,490550,534073,4.23,4.88,0.9,0.0,-4.6,매도주의,장대음봉,잔구간,0.02,-1.29,2026-09-08
BABX,0.9,18.04,522414,584109,9.42,16.65,0.6,-1.3,0.2,매수관심,양봉스프링,잔구간,0.76,0.905,2026-09-08
VIV,0.9,11.8,1280984,1456471,15.12,14.18,1.1,1.5,-0.3,매도주의,위꼬리음봉,완만한상승,0.05,-1.14,2026-09-08
VIXY,0.9,17.3,2051773,2266674,35.5,39.03,0.9,0.0,1.8,중립,위꼬리양봉,완만한상승,0.32,-0.32,2026-09-08
OIS,0.9,8.7,375335,441490,3.27,4.23,0.8,1.8,-2.5,매도주의,장대음봉,잔구간,0.11,-1.235,2026-09-08
OPFI,0.9,7.4,539280,625626,3.99,4.78,0.8,0.0,-0.3,중립,망치형,잔구간,0.69,0.615,2026-09-08
PACK,0.9,4.29,376570,416297,1.62,1.88,0.9,-1.1,-4.5,매도주의,장대음봉,전저점부근,0.13,-1.69,2026-09-08
PANL,0.9,8.31,344684,402913,2.86,3.27,0.9,0.0,-2.8,매도주의,장대음봉,잔구간,0.25,-1.15,2026-09-08
PAX,0.9,11.2,1012072,1084238,11.34,12.21,0.9,-0.4,0.9,중립,양봉,잔구간,0.67,0.45,2026-09-08
PCN,0.9,11.72,303149,319343,3.55,3.52,1.0,0.1,-0.2,중립,음봉,잔구간,0.44,-0.385,2026-09-08
PCT,0.9,6.51,2220614,2454093,14.46,17.63,0.8,-0.2,2.0,매수관심,양봉,완만한상승,0.78,1.94,2026-09-08
OSS,0.9,9.83,648428,723434,6.37,7.68,0.8,0.2,-1.6,중립,음봉,잔구간,0.08,-0.6,2026-09-08
XRP,0.9,15.92,1413113,1517441,22.5,37.09,0.6,-0.1,1.8,중립,양봉,잔구간,0.61,0.415,2026-09-08
ZIP,0.9,4.05,887247,1013739,3.59,5.18,0.7,-0.2,-3.8,매도주의,장대음봉,수횡파,0.17,-1.8,2026-09-08
BUYW,0.8,14.59,324819,409714,4.74,5.45,0.9,0.0,-0.3,매도주의,장대음봉,잔구간,0.2,-1.18,2026-09-08
UPWK,0.8,8.32,2414306,3038538,20.09,22.64,0.9,-1.4,-4.0,강한매도,장대음봉,전저점이탈,0.03,-3.31,2026-09-08
RXO,0.8,19.92,1214387,1562733,24.19,28.22,0.9,0.2,-3.8,매도주의,장대음봉,잔구간,0.08,-1.25,2026-09-08
OCGN,0.8,1.33,2818693,3333924,3.75,4.41,0.8,-0.7,-1.5,중립,음봉,잔구간,0.25,-0.5,2026-09-08
OCFC,0.8,18.94,720047,853128,13.64,17.01,0.8,-0.5,-2.1,매도주의,장대음봉,잔구간,0.07,-1.26,2026-09-08
OBE,0.8,11.97,495684,613758,5.93,7.08,0.8,1.9,-0.7,중립,팽이도지,잔구간,0.3,-0.12,2026-09-08
PML,0.8,7.22,319816,391291,2.31,2.42,1.0,0.1,-0.4,매도주의,장대음봉,잔구간,0.25,-1.15,2026-09-08
NVDS,0.8,18.07,330680,435901,5.98,12.59,0.5,-1.7,4.9,매수관심,장대양봉,잔구간,0.9,1.24,2026-09-08
BULL,0.8,9.57,11713092,14757732,112.09,173.15,0.6,2.0,-3.7,매도주의,장대음봉,잔구간,0.21,-1.175,2026-09-08
BTQ,0.8,3.01,2189513,2666158,6.59,8.21,0.8,2.5,-2.9,중립,음봉,잔구간,0.18,-0.54,2026-09-08
NVDY,0.8,12.82,1546548,1908375,19.83,29.18,0.7,0.8,-2.1,매도주의,장대음봉,잔구간,0.1,-1.24,2026-09-08
HOS,0.8,9.08,3073072,3684916,27.9,37.42,0.7,1.1,-2.4,중립,음봉,전저점부근,0.3,-0.19,2026-09-08
HR,0.8,19.06,2693116,3233787,51.33,59.87,0.9,-0.1,-0.2,매도주의,위꼬리음봉,잔구간,0.03,-1.03,2026-09-08
NVD,0.8,3.74,77752703,99070146,290.8,422.05,0.7,-2.2,6.3,매수관심,장대양봉,잔구간,0.89,1.235,2026-09-08
NUS,0.8,4.75,493522,594384,2.34,2.37,1.0,0.0,-1.9,중립,음봉,잔구간,0.17,-0.55,2026-09-08
PLAY,0.8,8.84,1404498,1870763,12.42,15.23,0.8,0.9,0.5,강한매수,양봉스프링,완만한상승,0.77,2.72,2026-09-08
OABI,0.8,4.24,1273146,1500582,5.4,8.75,0.6,-0.7,-1.4,매도주의,음봉,전저점이탈,0.54,-1.4,2026-09-08
NXH,0.8,3.845,1906263,2358942,7.33,8.39,0.9,-1.8,-0.9,매도주의,위꼬리음봉,잔구간,0.22,-0.92,2026-09-08
HOPE,0.8,13.98,587830,716163,8.22,9.82,0.8,-0.6,-0.4,중립,음봉,잔구간,0.09,-0.595,2026-09-08
HRZN,0.8,4.86,690766,880874,3.36,3.74,0.9,0.2,0.2,중립,팽이도지,잔구간,0.37,-0.08,2026-09-08
SHOE,0.8,13.38,969374,1185319,12.97,14.44,0.9,-0.9,-4.1,매도주의,장대음봉,잔구간,0.14,-1.215,2026-09-08
SITC,0.8,2.88,718815,927793,2.07,2.88,0.7,0.0,0.3,매수관심,팽이도지,완만한상승,0.45,0.84,2026-09-08
KVUE,0.8,18.39,16220487,20723786,298.29,385.77,0.8,-0.6,-1.3,강한매도,장대음봉,전저점이탈,0.04,-3.3,2026-09-08
KRP,0.8,15.11,737137,936922,11.14,14.18,0.8,0.7,0.8,중립,양봉,잔구간,0.78,0.52,2026-09-08
GTE,0.8,10.24,313931,386520,3.21,5.03,0.6,1.0,0.4,중립,위꼬리양봉,잔구간,0.2,-0.68,2026-09-08
GRRR,0.8,14.58,783850,936952,11.43,19.42,0.6,-0.9,6.7,강한매수,장대양봉,완만한상승,0.79,3.25,2026-09-08
BBDC,0.8,8.86,589185,762647,5.22,7.12,0.7,-0.2,-1.6,매도주의,장대음봉,전저점부근,0.05,-1.79,2026-09-08
BCAT,0.8,16.08,357554,439422,5.75,7.42,0.8,-0.1,0.6,강한매수,장대양봉,전고점돌파,0.93,4.02,2026-09-08
ARDX,0.8,3.77,2958736,3724472,11.15,13.9,0.8,-0.5,0.3,중립,팽이도지,잔구간,0.67,0.1,2026-09-08
SBSW,0.8,12.9,5335255,6364214,68.82,69.94,1.0,2.4,-1.5,중립,음봉,잔구간,0.05,-0.62,2026-09-08
IRE,0.8,12.49,6729448,8023632,84.05,74.13,1.1,6.8,3.2,중립,위꼬리양봉,전고점돌파,0.27,0.22,2026-09-08
ALVO,0.8,5.19,632635,789379,3.28,6.12,0.5,-1.1,-1.3,중립,음봉,잔구간,0.27,-0.49,2026-09-08
INDO,0.8,3.06,349623,440681,1.07,0.79,1.4,-0.3,0.0,중립,위꼬리양봉,잔구간,0.23,-0.66,2026-09-08
RZLV,0.8,2.31,20663950,27484446,47.73,93.32,0.5,2.3,2.2,중립,양봉,잔구간,0.54,0.375,2026-09-08
BSCR,0.8,19.62,450128,552507,8.83,11.27,0.8,0.0,-0.1,중립,음봉,잔구간,0.5,-0.35,2026-09-08
SMCL,0.8,19.28,433033,544623,8.35,11.11,0.8,0.4,2.7,중립,위꼬리양봉,완만한상승,0.29,-0.35,2026-09-08
GOGO,0.8,2.75,1897169,2499678,5.22,6.26,0.8,0.0,-3.2,중립,음봉,잔구간,0.3,-0.47,2026-09-08
TSLL,0.8,9.87,84621317,103290530,835.21,956.8,0.9,1.6,6.1,강한매수,장대양봉,완만한상승,0.89,3.37,2026-09-08
GDXY,0.8,11.31,764020,1006259,8.64,11.48,0.8,-0.2,-0.4,매도주의,위꼬리음봉,잔구간,0.2,-0.93,2026-09-08
SMCX,0.8,13.83,3919616,4767237,54.21,61.73,0.9,0.5,2.7,중립,위꼬리양봉,완만한상승,0.31,-0.33,2026-09-08
FUN,0.8,15.74,1740361,2223858,27.39,29.51,0.9,0.6,0.8,매수관심,팽이도지,완만한상승,0.49,0.89,2026-09-08
SMST,0.8,19.98,887489,1123127,17.73,29.13,0.6,6.8,1.4,매수관심,양봉,완만한상승,0.68,1.82,2026-09-08
FUBO,0.8,11.23,823575,1043460,9.25,12.46,0.7,0.1,-0.3,중립,망치형,잔구간,0.68,0.61,2026-09-08
FFAI,0.8,1.84,775099,988724,1.43,2.87,0.5,0.5,-1.1,중립,팽이도지,잔구간,0.4,-0.06,2026-09-08
FF,0.8,5.34,300554,374311,1.6,2.1,0.8,-0.8,2.3,중립,양봉,잔구간,0.48,0.34,2026-09-08
EXK,0.8,11.13,7423514,9266977,82.62,101.17,0.8,-0.5,0.6,중립,위꼬리양봉,잔구간,0.35,-0.59,2026-09-08
EXFY,0.8,2.37,435502,538477,1.03,1.49,0.7,-1.3,0.9,중립,양봉,잔구간,0.57,0.39,2026-09-08
GENI,0.8,7.31,3749200,4607978,27.41,36.68,0.7,0.1,-2.5,중립,음봉,잔구간,0.12,-0.58,2026-09-08
PDM,0.8,9.51,936658,1234374,8.91,11.41,0.8,-0.8,-0.9,중립,음봉,잔구간,0.11,-0.585,2026-09-08
ORC,0.8,6.54,3656502,4339787,23.91,29.96,0.8,0.0,-0.2,매도주의,위꼬리음봉,잔구간,0.0,-1.05,2026-09-08
SOC,0.8,4.85,4956938,5913493,24.04,32.76,0.7,3.8,-1.4,중립,음봉,수횡파,0.32,-0.32,2026-09-08
HDSN,0.8,5.35,330525,440197,1.77,2.84,0.6,0.6,-0.6,중립,음봉,잔구간,0.55,-0.32,2026-09-08
LUMN,0.8,6.64,11695486,14116504,77.66,78.79,1.0,1.0,-2.9,중립,음봉,잔구간,0.42,-0.4,2026-09-08
LPTH,0.8,10.75,4275437,5056803,45.96,41.93,1.1,4.1,6.8,강한매수,장대양봉,완만한상승,0.92,3.4,2026-09-08
VIVK,0.8,0.886,2330778,2833641,2.07,8.91,0.2,2.1,5.5,강한매수,양봉,완만한상승,0.95,2.14,2026-09-08
BHC,0.8,6.43,1838106,2333251,11.82,19.31,0.6,0.2,-2.1,중립,음봉,잔구간,0.07,-0.61,2026-09-08
VLY,0.8,13.92,4738700,6024169,65.96,82.84,0.8,-0.3,-0.4,중립,음봉,잔구간,0.04,-0.625,2026-09-08
AVXL,0.8,2.85,559135,707064,1.59,2.78,0.6,-1.7,1.4,중립,양봉,잔구간,0.73,0.49,2026-09-08
BFLY,0.8,7.52,3510374,4644456,26.4,36.48,0.7,-0.8,3.0,중립,양봉,잔구간,0.78,0.52,2026-09-08
BGC,0.8,11.97,1701145,2163450,20.36,28.71,0.7,-0.8,-0.8,중립,음봉,잔구간,0.18,-0.54,2026-09-08
BETR,0.8,13.6,455030,548046,6.19,8.75,0.7,-0.5,-5.6,매도주의,장대음봉,잔구간,0.21,-1.175,2026-09-08
VERI,0.8,0.915,2106696,2595388,1.93,2.4,0.8,-0.7,1.7,중립,위꼬리양봉,전고점돌파,0.39,0.37,2026-09-08
UTZ,0.8,14.21,1228663,1533625,17.46,35.07,0.5,-0.1,0.1,매수관심,양봉,완만한상승,0.33,1.4,2026-09-08
UVXY,0.8,17.93,5134170,6623700,92.06,111.27,0.8,-0.6,2.9,강한매수,장대양봉,완만한상승,0.79,3.25,2026-09-08
ELDN,0.8,2.93,1020981,1211096,2.99,3.65,0.8,0.0,-3.0,매도주의,장대음봉,잔구간,0.17,-1.2,2026-09-08
EU,0.8,1.24,2684718,3165635,3.33,4.22,0.8,0.0,0.0,중립,팽이도지,잔구간,0.31,-0.115,2026-09-08
MQY,0.8,10.83,438865,540898,4.75,5.24,0.9,-0.1,-0.3,강한매도,음봉,전저점이탈,0.0,-2.05,2026-09-08
CTMX,0.8,3.65,1984750,2469479,7.24,12.97,0.6,-2.6,1.1,중립,양봉,잔구간,0.87,0.57,2026-09-08
CRML,0.8,7.32,4981161,6011392,36.46,67.31,0.5,0.4,0.1,매수관심,팽이도지,완만한상승,0.47,0.86,2026-09-08
MSTX,0.8,15.35,6761617,8678263,103.79,142.16,0.7,-7.0,-1.7,중립,음봉,잔구간,0.3,-0.47,2026-09-08
CXM,0.8,5.55,4591523,5953355,25.48,40.62,0.6,-1.5,-4.6,강한매도,장대음봉,전저점이탈,0.16,-3.16,2026-09-08
TDAY,0.8,6.41,1903926,2457061,12.2,15.9,0.8,-0.5,1.7,중립,위꼬리양봉,잔구간,0.4,-0.56,2026-09-08
DFNS,0.8,10.16,489541,598249,4.97,27.8,0.2,-2.2,1.5,중립,위꼬리양봉,잔구간,0.13,-0.72,2026-09-08
THRY,0.8,1.955,614384,767706,1.2,1.26,1.0,-1.9,-4.2,매도주의,장대음봉,잔구간,0.31,-1.115,2026-09-08
TASK,0.8,7.65,352078,465138,2.69,3.09,0.9,-0.1,-3.2,강한매도,장대음봉,전저점이탈,0.28,-3.01,2026-09-08
EVEX,0.8,2.25,781200,957396,1.76,1.99,0.9,-0.5,1.8,중립,양봉,잔구간,0.38,0.28,2026-09-08
DUOT,0.8,9.05,717153,858851,6.49,7.85,0.8,-0.7,4.0,매수관심,장대양봉,잔구간,0.83,1.2,2026-09-08
TNXP,0.8,13.16,363365,455961,4.78,6.72,0.7,0.1,0.1,중립,팽이도지,잔구간,0.65,0.09,2026-09-08
COMP,0.8,10.75,9577578,12457532,102.96,119.37,0.9,-1.6,-1.7,매도주의,장대음봉,잔구간,0.13,-1.22,2026-09-08
SUJA,0.8,9.89,470968,584360,4.66,7.55,0.6,0.4,-6.3,중립,음봉,잔구간,0.39,-0.415,2026-09-08
EFC,0.8,13.38,841563,1015653,11.26,13.63,0.8,-0.1,-0.5,중립,음봉,잔구간,0.07,-0.61,2026-09-08
LXEO,0.8,4.76,357808,444417,1.7,2.9,0.6,-1.4,-1.2,중립,음봉,잔구간,0.48,-0.36,2026-09-08
SSL,0.8,13.3,1380797,1695693,18.36,18.94,1.0,6.6,1.7,강한매수,장대양봉,전고점돌파,0.9,3.98,2026-09-08
STDN,0.8,13.21,879881,1095579,11.62,16.57,0.7,-1.0,-9.2,매도주의,장대음봉,전저점부근,0.07,-1.77,2026-09-08
ENIC,0.8,4.58,998609,1189062,4.57,3.74,1.2,1.1,1.8,강한매수,장대양봉,전고점돌파,0.73,3.78,2026-09-08
EPM,0.8,3.7,366753,471515,1.36,1.83,0.7,0.5,0.0,중립,위꼬리양봉,완만한상승,0.24,-0.41,2026-09-08
MGNX,0.8,4.32,419588,520776,1.81,1.85,1.0,-2.5,0.7,중립,팽이도지,잔구간,0.66,0.095,2026-09-08
MGTX,0.8,13.53,611447,769919,8.27,10.84,0.8,-2.5,-0.1,중립,팽이도지,잔구간,0.62,0.07,2026-09-08
SOFX,0.8,9.28,1102810,1424366,10.23,11.53,0.9,-0.3,-2.4,중립,음봉,잔구간,0.21,-0.525,2026-09-08
LFST,0.8,12.8,3073001,3693967,39.33,43.44,0.9,-0.9,1.5,매수관심,양봉,완만한상승,0.75,1.9,2026-09-08
LXRX,0.8,2.23,1657041,2161880,3.7,5.11,0.7,-0.9,0.5,중립,팽이도지,잔구간,0.67,0.1,2026-09-08
CRBU,0.8,1.54,717627,890501,1.11,1.58,0.7,0.0,-1.9,매도주의,장대음봉,잔구간,0.0,-1.3,2026-09-08
BV,0.8,11.18,606195,733782,6.78,8.33,0.8,-0.5,-1.1,중립,음봉,잔구간,0.06,-0.615,2026-09-08
SPCU,0.8,14.15,1100217,1354112,15.57,17.95,0.9,1.1,6.2,강한매수,양봉,전고점돌파,0.87,2.64,2026-09-08
TRX,0.8,1.13,2415914,2987335,2.73,3.38,0.8,0.0,-1.7,중립,음봉,잔구간,0.0,-0.65,2026-09-08
BVS,0.8,13.83,479124,577709,6.63,7.87,0.8,-0.2,-1.5,중립,음봉,잔구간,0.48,-0.36,2026-09-08
TRON,0.8,1.6,933677,1147239,1.49,2.77,0.5,3.4,4.6,매수관심,장대양봉,잔구간,0.78,1.17,2026-09-08
BORR,0.8,4.44,3459974,4074092,15.36,20.8,0.7,1.1,-3.3,매도주의,장대음봉,잔구간,0.0,-1.3,2026-09-08
XRAY,0.8,10.99,3158049,3753586,34.71,38.4,0.9,-1.2,-2.2,매도주의,장대음봉,수횡파,0.16,-1.81,2026-09-08
YEXT,0.8,6.38,1233986,1514384,7.87,8.91,0.9,-2.0,0.0,매수관심,양봉스프링,잔구간,0.77,0.91,2026-09-08
ZENA,0.8,1.7,1678305,2029483,2.85,3.58,0.8,0.3,0.9,중립,위꼬리양봉,잔구간,0.27,-0.64,2026-09-08
PBR.A,0.8,18.86,7196920,8713912,135.73,151.07,0.9,2.9,0.4,매수관심,팽이도지,완만한상승,0.48,0.88,2026-09-08
OVID,0.8,2.75,1150610,1377417,3.16,3.9,0.8,-1.8,0.0,중립,위꼬리양봉,잔구간,0.25,-0.65,2026-09-08
OMER,0.8,19.12,1015537,1247976,19.42,26.16,0.7,-1.3,2.2,매수관심,양봉,완만한상승,0.71,1.85,2026-09-08
AEG,0.8,9.12,3788076,4852264,34.55,44.0,0.8,1.0,-1.2,매도주의,장대음봉,잔구간,0.0,-1.3,2026-09-08
BLMN,0.8,9.58,1522355,1802473,14.58,19.55,0.7,-0.4,-1.7,중립,음봉,전저점부근,0.18,-0.33,2026-09-08
NAT,0.8,7.14,3626768,4508035,25.9,30.57,0.8,1.0,-2.5,매도주의,장대음봉,잔구간,0.0,-1.3,2026-09-08
MVIS,0.8,1.67,651089,800347,1.09,1.79,0.6,-0.6,1.8,중립,양봉,잔구간,0.67,0.45,2026-09-08
NEA,0.8,11.03,871827,1046596,9.62,10.66,0.9,0.0,-0.1,중립,망치형,잔구간,0.67,0.6,2026-09-08
NOWL,0.8,7.24,5824353,7164497,42.17,56.46,0.7,-6.5,-3.5,중립,음봉,잔구간,0.41,-0.405,2026-09-08
VET,0.8,13.04,881616,1141501,11.5,16.02,0.7,2.3,-0.7,중립,음봉,잔구간,0.18,-0.54,2026-09-08
OTF,0.8,11.0,1989481,2570354,21.88,29.9,0.7,0.0,-3.3,강한매도,장대음봉,전저점이탈,0.05,-3.29,2026-09-08
ALMS,0.8,10.58,4491240,5314112,47.52,60.15,0.8,-0.5,-4.3,중립,음봉,잔구간,0.34,-0.445,2026-09-08
BLCO,0.8,17.73,335608,408609,5.95,7.76,0.8,-1.3,-0.4,중립,팽이도지,잔구간,0.53,0.02,2026-09-08
PUBM,0.8,16.29,520454,630236,8.48,9.98,0.8,1.2,-2.5,매도주의,장대음봉,잔구간,0.36,-1.085,2026-09-08
NFGC,0.8,1.79,897975,1141490,1.61,2.59,0.6,0.0,-1.1,중립,음봉,잔구간,0.29,-0.475,2026-09-08
VYX,0.8,8.48,2449637,2963855,20.77,24.39,0.9,-0.8,-6.5,매도주의,장대음봉,잔구간,0.1,-1.24,2026-09-08
VXX,0.8,17.99,6210589,7611666,111.73,122.71,0.9,-0.2,1.8,강한매수,장대양봉,완만한상승,0.76,3.21,2026-09-08
BIOA,0.8,9.395,388071,496728,3.65,5.31,0.7,0.1,-2.1,매도주의,장대음봉,잔구간,0.22,-1.17,2026-09-08
BITX,0.8,17.59,9524398,11747837,167.53,248.03,0.7,-4.0,0.4,중립,팽이도지,잔구간,0.63,0.08,2026-09-08
NCMI,0.8,2.44,588895,716868,1.44,2.05,0.7,-0.8,-0.8,강한매수,망치형,전저점부근,0.67,2.95,2026-09-08
PTLO,0.8,4.42,867279,1072874,3.83,5.12,0.7,-0.5,0.5,중립,위꼬리양봉,완만한상승,0.36,-0.27,2026-09-08
TLK,0.8,15.08,418070,520614,6.3,8.25,0.8,0.9,0.6,강한매수,장대양봉,전고점돌파,0.64,3.67,2026-09-08
TLS,0.8,4.66,449326,560812,2.09,2.86,0.7,-1.9,-1.1,중립,음봉,잔구간,0.22,-0.52,2026-09-08
TJGC,0.8,10.51,1686140,2155697,17.72,15.43,1.1,0.4,0.5,매수관심,팽이도지,완만한상승,0.7,1.14,2026-09-08
TK,0.8,13.32,400415,472509,5.33,7.09,0.8,0.3,-2.6,매도주의,장대음봉,잔구간,0.15,-1.21,2026-09-08
EYPT,0.7,4.56,2271836,3383783,10.36,17.87,0.6,0.0,-0.4,중립,팽이도지,잔구간,0.41,-0.055,2026-09-08
FULC,0.7,3.82,1109606,1657719,4.24,5.12,0.8,-1.3,0.5,매수관심,양봉,수횡파,0.45,1.24,2026-09-08
FUTG,0.7,4.61,540573,806054,2.49,6.35,0.4,-1.9,-5.1,매도주의,장대음봉,잔구간,0.04,-1.275,2026-09-08
GBTG,0.7,9.48,891874,1300236,8.45,21.84,0.4,0.8,-0.8,매도주의,장대음봉,완만한상승,0.0,-1.7,2026-09-08
NXE,0.7,10.69,3218892,4447513,34.41,46.83,0.7,1.0,-1.4,중립,음봉,잔구간,0.25,-0.5,2026-09-08
NXDR,0.7,2.22,1493539,2273302,3.32,4.74,0.7,0.0,-0.9,중립,팽이도지,잔구간,0.38,-0.07,2026-09-08
UAMY,0.7,5.44,6318042,8955727,34.37,37.44,0.9,1.5,3.0,중립,양봉,전고점부근,0.47,0.21,2026-09-08
NVG,0.7,11.92,417792,607195,4.98,6.77,0.7,0.0,-0.6,중립,음봉,전저점부근,0.24,-0.26,2026-09-08
UGP,0.7,7.45,2463962,3543699,18.36,21.05,0.9,2.5,-0.1,매수관심,팽이도지,전고점돌파,0.58,1.6,2026-09-08
UPXI,0.7,1.04,3039614,4451504,3.16,5.33,0.6,0.0,-2.8,중립,음봉,잔구간,0.57,-0.31,2026-09-08
UMH,0.7,15.86,573017,766609,9.09,12.5,0.7,-0.4,-0.1,매도주의,위꼬리음봉,잔구간,0.21,-0.925,2026-09-08
BTE,0.7,4.89,11195121,15871226,54.74,74.2,0.7,2.1,-1.4,중립,음봉,완만한상승,0.05,-0.34,2026-09-08
NVAX,0.7,10.19,4230871,5931224,43.11,56.36,0.8,-1.2,0.9,중립,팽이도지,잔구간,0.72,0.13,2026-09-08
NVDQ,0.7,8.45,4506667,6904072,38.08,77.22,0.5,-2.4,6.5,매수관심,장대양봉,잔구간,0.89,1.235,2026-09-08
NZF,0.7,11.86,435985,636860,5.17,7.49,0.7,-0.2,-0.3,중립,음봉,잔구간,0.43,-0.39,2026-09-08
PLTK,0.7,2.22,847086,1174342,1.88,3.22,0.6,2.7,-1.8,중립,음봉,완만한상승,0.64,0.37,2026-09-08
KLC,0.7,2.58,504731,708089,1.3,1.73,0.8,-1.5,-1.9,중립,음봉,잔구간,0.0,-0.65,2026-09-08
KOS,0.7,2.85,7633017,10338193,21.75,30.67,0.7,4.0,-1.4,중립,음봉,잔구간,0.44,-0.385,2026-09-08
ASTL,0.7,4.405,617369,895684,2.72,4.29,0.6,-1.1,-5.5,매도주의,장대음봉,잔구간,0.02,-1.29,2026-09-08
INV,0.7,1.1,2330767,3244457,2.56,4.2,0.6,0.9,-1.8,중립,음봉,잔구간,0.33,-0.45,2026-09-08
ASLE,0.7,5.69,372398,503192,2.12,2.59,0.8,-0.5,-1.4,매도주의,장대음봉,잔구간,0.14,-1.215,2026-09-08
ASC,0.7,17.99,422500,645330,7.6,12.65,0.6,0.9,-1.9,매도주의,장대음봉,잔구간,0.36,-1.085,2026-09-08
ARIS,0.7,19.98,1044115,1454547,20.86,27.24,0.8,-0.2,-0.1,매도주의,위꼬리음봉,잔구간,0.21,-0.925,2026-09-08
RQI,0.7,12.02,388539,581086,4.67,6.55,0.7,-0.7,-0.0,중립,팽이도지,잔구간,0.36,-0.085,2026-09-08
SAN,0.7,14.86,6488562,8677789,96.42,184.9,0.5,0.1,-0.6,매도주의,장대음봉,잔구간,0.1,-1.24,2026-09-08
RXT,0.7,3.23,3806887,5761636,12.3,20.03,0.6,-0.3,1.6,매수관심,양봉스프링,잔구간,0.89,0.985,2026-09-08
GRML,0.7,4.35,414347,625257,1.8,7.12,0.3,-0.6,-8.0,매도주의,장대음봉,전저점부근,0.05,-1.79,2026-09-08
SION,0.7,7.3,884751,1313844,6.46,8.14,0.8,-0.7,2.4,매수관심,양봉,완만한상승,0.62,1.74,2026-09-08
KVYO,0.7,17.89,4550130,6133290,81.4,116.21,0.7,-1.4,-2.5,강한매도,장대음봉,전저점이탈,0.18,-3.13,2026-09-08
ITRG,0.7,2.81,1446146,2083737,4.06,5.85,0.7,0.0,0.4,중립,팽이도지,잔구간,0.71,0.125,2026-09-08
RCKT,0.7,3.71,754693,1118189,2.8,5.5,0.5,-2.1,-1.9,매도주의,장대음봉,수횡파,0.29,-1.65,2026-09-08
SBS,0.7,5.27,9658902,13523020,50.9,61.09,0.8,2.9,-0.6,중립,위꼬리음봉,전고점돌파,0.17,-0.4,2026-09-08
KRNY,0.7,10.0,436150,634745,4.36,6.91,0.6,-0.3,-1.0,중립,음봉,잔구간,0.11,-0.585,2026-09-08
LODE,0.7,3.08,591559,865020,1.82,2.99,0.6,-0.3,-0.6,중립,팽이도지,잔구간,0.32,-0.11,2026-09-08
HSAI,0.7,18.59,1130434,1727949,21.01,30.43,0.7,-1.6,0.1,중립,위꼬리양봉,잔구간,0.11,-0.735,2026-09-08
HTZ,0.7,2.185,11477093,17524893,25.08,36.95,0.7,0.0,-5.0,매도주의,장대음봉,잔구간,0.11,-1.235,2026-09-08
PK,0.7,15.11,3067320,4159409,46.35,61.89,0.7,-0.5,-0.5,매도주의,위꼬리음봉,잔구간,0.21,-0.925,2026-09-08
BSCT,0.7,18.465,403345,571154,7.45,14.82,0.5,0.0,-0.0,중립,음봉,완만한상승,0.5,0.2,2026-09-08
SLI,0.7,2.4,1134895,1745637,2.72,4.51,0.6,1.2,-2.0,중립,음봉,잔구간,0.0,-0.65,2026-09-08
SNAP,0.7,5.43,21196433,30526214,115.1,210.09,0.5,-0.5,-0.2,중립,팽이도지,잔구간,0.27,-0.14,2026-09-08
FRVO,0.7,18.9,5469554,8178185,103.37,171.16,0.6,2.5,1.5,매수관심,팽이도지,완만한상승,0.74,1.19,2026-09-08
SOFI,0.7,18.01,30403838,41252793,547.57,704.43,0.8,0.0,-1.2,중립,음봉,잔구간,0.26,-0.495,2026-09-08
FSCO,0.7,5.27,555591,798919,2.93,4.3,0.7,-0.2,-0.4,중립,음봉,잔구간,0.25,-0.5,2026-09-08
GPGI,0.7,13.9,1691379,2415018,23.51,27.27,0.9,0.4,1.5,중립,양봉,잔구간,0.71,0.475,2026-09-08
SXC,0.7,10.23,631678,900049,6.46,11.22,0.6,0.3,-1.3,중립,음봉,잔구간,0.16,-0.555,2026-09-08
MRTN,0.7,14.29,364032,525867,5.2,6.81,0.8,-0.7,-0.1,매도주의,위꼬리음봉,잔구간,0.21,-0.925,2026-09-08
MRVI,0.7,7.19,2273270,3288488,16.34,34.88,0.5,-0.3,-1.5,중립,음봉,전저점부근,0.41,-0.06,2026-09-08
FNKO,0.7,5.68,972889,1445721,5.53,8.1,0.7,0.0,0.0,중립,팽이도지,잔구간,0.4,-0.06,2026-09-08
CYH,0.7,2.84,969953,1343217,2.75,3.28,0.8,-1.0,-0.7,매도주의,팽이도지,전저점이탈,0.37,-0.91,2026-09-08
SVM,0.7,12.43,1299822,1959806,16.16,29.02,0.6,-0.2,-0.2,매도주의,위꼬리음봉,잔구간,0.22,-0.92,2026-09-08
ETHT,0.7,17.04,1458639,2083176,24.86,40.79,0.6,0.9,1.0,중립,팽이도지,잔구간,0.62,0.07,2026-09-08
ETHW,0.7,17.74,686475,963430,12.18,17.09,0.7,0.5,0.5,중립,팽이도지,잔구간,0.62,0.07,2026-09-08
TSLT,0.7,13.73,2385062,3287666,32.75,38.94,0.8,2.0,5.7,강한매수,장대양봉,완만한상승,0.87,3.34,2026-09-08
CRF,0.7,6.39,1026828,1407640,6.56,10.71,0.6,0.0,-1.1,매도주의,장대음봉,잔구간,0.12,-1.23,2026-09-08
TROX,0.7,4.8,1733189,2593222,8.32,11.51,0.7,1.0,-1.2,중립,음봉,잔구간,0.3,-0.47,2026-09-08
CRCT,0.7,5.45,556750,772721,3.03,4.23,0.7,-0.4,-1.3,매도주의,음봉,전저점이탈,0.24,-1.76,2026-09-08
TTI,0.7,7.13,1646051,2225080,11.74,13.26,0.9,1.6,1.6,강한매수,양봉,전고점돌파,0.78,2.54,2026-09-08
TSSI,0.7,8.66,613771,855266,5.32,6.34,0.8,0.5,2.4,중립,양봉,잔구간,0.5,0.35,2026-09-08
BSCQ,0.7,19.54,831385,1139980,16.25,22.39,0.7,0.0,0.0,중립,위꼬리양봉,완만한상승,0.0,-0.7,2026-09-08
BPRE,0.7,11.87,557389,780967,6.62,12.28,0.5,-0.3,0.3,중립,위꼬리양봉,잔구간,0.39,-0.565,2026-09-08
PWP,0.7,16.58,593274,843801,9.84,12.96,0.8,-0.8,-0.5,중립,팽이도지,잔구간,0.49,-0.005,2026-09-08
CLF,0.7,12.29,7279815,11093566,89.47,150.98,0.6,0.0,-1.7,중립,음봉,잔구간,0.0,-0.65,2026-09-08
LCID,0.7,4.63,7923751,10594785,36.69,63.43,0.6,-0.2,-0.9,매도주의,위꼬리음봉,잔구간,0.2,-0.93,2026-09-08
EQX,0.7,12.64,7046484,10771794,89.07,156.01,0.6,-0.1,-1.3,매도주의,장대음봉,잔구간,0.12,-1.23,2026-09-08
RC,0.7,1.71,586955,865923,1.0,1.7,0.6,-2.3,0.0,중립,위꼬리양봉,잔구간,0.25,-0.65,2026-09-08
PUSA,0.7,3.67,414548,630217,1.52,3.01,0.5,0.8,-1.6,중립,음봉,잔구간,0.33,-0.45,2026-09-08
DNP,0.7,10.7,499189,679873,5.34,6.99,0.8,-0.5,0.1,중립,위꼬리양봉,전저점부근,0.25,-0.55,2026-09-08
MBLY,0.7,8.52,2160535,3029652,18.41,27.03,0.7,0.6,-1.0,중립,음봉,잔구간,0.48,-0.36,2026-09-08
CMRC,0.7,2.56,612309,890130,1.57,2.85,0.5,-0.8,0.4,매수관심,양봉스프링,잔구간,0.94,1.015,2026-09-08
EBS,0.7,6.0,703242,1066048,4.22,6.69,0.6,-1.0,-2.4,매도주의,장대음봉,잔구간,0.21,-1.175,2026-09-08
DSX,0.7,2.96,907236,1289304,2.69,4.12,0.7,0.3,-2.0,중립,음봉,잔구간,0.42,-0.4,2026-09-08
EC,0.7,17.78,1293098,1821301,22.99,30.96,0.7,1.9,1.2,강한매수,장대양봉,완만한상승,0.8,3.26,2026-09-08
DQ,0.7,12.48,657129,924852,8.2,13.54,0.6,0.0,1.4,중립,양봉,잔구간,0.38,0.28,2026-09-08
STNE,0.7,10.02,3951973,5599133,39.6,76.64,0.5,1.4,-2.2,중립,음봉,잔구간,0.05,-0.62,2026-09-08
NMCO,0.7,9.94,505559,733187,5.03,6.19,0.8,-2.9,0.4,중립,팽이도지,잔구간,0.56,0.035,2026-09-08
NG,0.7,7.9,3923901,5237597,31.0,48.05,0.6,-0.9,-1.2,매도주의,음봉,전저점이탈,0.13,-1.89,2026-09-08
TLYS,0.7,4.17,1132819,1686921,4.72,9.4,0.5,4.3,-9.2,매도주의,장대음봉,잔구간,0.17,-1.2,2026-09-08
MUZ,0.7,8.2,7279307,9960619,59.69,85.09,0.7,-4.7,7.5,매수관심,장대양봉,잔구간,0.97,1.28,2026-09-08
COTY,0.7,2.76,3856236,5303300,10.64,17.63,0.6,-0.3,-5.5,매도주의,장대음봉,잔구간,0.25,-1.15,2026-09-08
CONL,0.7,5.57,13323593,18461224,74.21,127.32,0.6,-4.1,-2.0,중립,음봉,잔구간,0.19,-0.535,2026-09-08
NPKI,0.7,13.5,527838,767776,7.13,11.92,0.6,1.1,1.0,매수관심,양봉,완만한상승,0.58,1.7,2026-09-08
NEO,0.7,17.56,1147660,1651529,20.15,32.71,0.6,-1.3,2.4,중립,양봉,잔구간,0.69,0.465,2026-09-08
WSC,0.7,19.87,1747470,2681226,34.72,55.3,0.6,0.3,-0.8,중립,음봉,잔구간,0.14,-0.565,2026-09-08
ACB,0.7,3.87,723546,990599,2.8,5.06,0.6,-0.8,-1.3,중립,음봉,잔구간,0.26,-0.495,2026-09-08
BITI,0.7,18.89,842475,1261812,15.91,31.57,0.5,2.0,-0.2,중립,팽이도지,완만한상승,0.35,0.72,2026-09-08
AOD,0.7,10.7,368539,566905,3.94,4.89,0.8,0.2,-0.3,매도주의,장대음봉,잔구간,0.4,-1.06,2026-09-08
ARCO,0.7,8.18,821548,1148536,6.72,8.21,0.8,0.6,-0.5,강한매수,망치형,완만한상승,0.69,2.13,2026-09-08
AI,0.7,10.51,4833698,6738621,50.8,63.62,0.8,-2.5,3.0,강한매수,장대양봉,완만한상승,0.9,3.38,2026-09-08
VISN,0.7,6.47,6266935,9290240,40.55,89.4,0.5,0.0,1.1,매수관심,양봉,완만한상승,0.51,1.61,2026-09-08
VFC,0.7,13.2,4921664,6906670,64.97,83.55,0.8,0.4,-2.2,매도주의,장대음봉,잔구간,0.07,-1.26,2026-09-08
AMPL,0.7,12.52,1331238,1870033,16.67,22.82,0.7,-0.8,-3.0,강한매도,장대음봉,전저점이탈,0.3,-2.99,2026-09-08
BMNU,0.7,19.19,3560744,4957836,68.33,98.16,0.7,-1.9,0.4,중립,팽이도지,잔구간,0.61,0.065,2026-09-08
OTLK,0.7,0.64,4805630,6413591,3.08,5.13,0.6,-1.3,-2.6,중립,음봉,잔구간,0.21,-0.525,2026-09-08
BAK,0.7,1.92,1420493,2029083,2.73,6.63,0.4,2.6,-1.0,중립,팽이도지,완만한상승,0.26,0.61,2026-09-08
OI,0.7,6.75,2066303,2778139,13.95,18.67,0.7,-1.7,-3.8,강한매도,장대음봉,전저점이탈,0.05,-3.29,2026-09-08
BMNZ,0.7,5.43,2392262,3479646,12.99,25.5,0.5,1.9,-0.5,중립,팽이도지,완만한상승,0.4,0.78,2026-09-08
XNDU,0.7,9.59,1224630,1812549,11.74,15.64,0.8,2.6,-3.8,매도주의,장대음봉,잔구간,0.11,-1.235,2026-09-08
PACB,0.7,1.32,3988702,5583775,5.27,9.57,0.6,-0.7,-1.5,중립,음봉,잔구간,0.33,-0.45,2026-09-08
OWL,0.7,11.22,18063537,25436146,202.67,241.47,0.8,-0.6,-3.9,강한매도,장대음봉,전저점이탈,0.05,-3.29,2026-09-08
ABAT,0.7,2.81,2660506,3716178,7.48,9.67,0.8,0.7,0.4,중립,팽이도지,완만한상승,0.35,0.72,2026-09-08
AES,0.6,14.83,4332182,7381961,64.25,119.53,0.5,0.0,0.3,강한매수,장대양봉,완만한상승,1.0,3.5,2026-09-08
PCG,0.6,14.82,66166176,116633056,980.58,1063.25,0.9,-0.3,3.9,강한매수,장대양봉,완만한상승,0.85,3.32,2026-09-08
PAGS,0.6,9.75,1939673,3209528,18.91,25.2,0.8,1.8,-1.6,중립,음봉,완만한상승,0.15,-0.22,2026-09-08
ONDS,0.6,7.62,43007503,69380158,327.72,471.51,0.7,-0.1,0.1,중립,위꼬리양봉,잔구간,0.13,-0.72,2026-09-08
OGG,0.6,2.88,501011,807254,1.44,7.75,0.2,1.0,-2.0,매도주의,장대음봉,잔구간,0.11,-1.235,2026-09-08
VZLA,0.6,4.08,3521942,6110838,14.37,22.33,0.6,0.0,2.0,매수관심,양봉,완만한상승,0.47,1.56,2026-09-08
VVR,0.6,2.93,530417,840917,1.55,2.32,0.7,0.0,0.3,매수관심,양봉,완만한상승,0.5,1.6,2026-09-08
VTRS,0.6,16.61,4394622,7180986,72.99,124.17,0.6,-1.5,-0.1,중립,팽이도지,잔구간,0.55,0.03,2026-09-08
VIR,0.6,11.18,1613924,2672143,18.04,25.63,0.7,-1.4,-0.4,중립,망치형,잔구간,0.66,0.595,2026-09-08
TIGR,0.6,5.0,1193230,2133015,5.97,14.51,0.4,-0.8,-0.8,중립,음봉,잔구간,0.18,-0.54,2026-09-08
SUPV,0.6,8.7,314832,488930,2.74,5.07,0.5,0.9,-1.9,중립,음봉,잔구간,0.38,-0.42,2026-09-08
ECC,0.6,3.91,534090,866797,2.09,2.86,0.7,0.0,-0.3,매도주의,위꼬리음봉,잔구간,0.11,-0.985,2026-09-08
MNSO,0.6,9.36,892886,1483511,8.36,12.7,0.7,-2.2,0.1,중립,팽이도지,잔구간,0.6,0.06,2026-09-08
NIO,0.6,3.79,37249380,57715800,141.18,191.5,0.7,-1.7,1.5,중립,양봉,잔구간,0.54,0.375,2026-09-08
MIR,0.6,16.92,3056801,4806443,51.72,58.65,0.9,0.8,-0.9,중립,음봉,잔구간,0.17,-0.55,2026-09-08
WNC,0.6,13.61,453728,794434,6.18,9.49,0.7,-0.6,-4.3,매도주의,장대음봉,잔구간,0.04,-1.275,2026-09-08
PPLT,0.6,16.46,1884713,3136695,31.02,49.55,0.6,0.5,-0.8,중립,음봉,잔구간,0.03,-0.63,2026-09-08
DSL,0.6,10.5,400328,646553,4.2,5.79,0.7,-0.1,0.0,매도주의,팽이도지,전저점이탈,0.33,-0.95,2026-09-08
BSCU,0.6,16.445,601428,1060784,9.89,13.76,0.7,0.1,-0.2,매도주의,장대음봉,잔구간,0.17,-1.2,2026-09-08
TSLG,0.6,4.9,34886781,55371263,170.95,257.23,0.7,1.6,5.9,강한매수,장대양봉,완만한상승,0.87,3.34,2026-09-08
CCO,0.6,2.38,2288930,3964712,5.45,15.53,0.4,0.0,0.0,중립,위꼬리양봉,완만한상승,0.0,-0.7,2026-09-08
FSM,0.6,12.16,2946208,5050947,35.83,67.56,0.5,-0.2,-1.0,중립,음봉,잔구간,0.05,-0.62,2026-09-08
FWRD,0.6,17.27,367796,623343,6.35,10.19,0.6,-0.6,-2.9,매도주의,장대음봉,잔구간,0.11,-1.235,2026-09-08
GPRE,0.6,15.78,1117807,2016325,17.64,29.66,0.6,0.6,1.5,강한매수,양봉,전고점돌파,0.49,2.19,2026-09-08
PERI,0.6,8.94,319502,507500,2.86,4.31,0.7,-1.2,-2.8,강한매도,장대음봉,전저점이탈,0.13,-3.19,2026-09-08
MBC,0.6,8.16,1175452,2014749,9.59,14.83,0.6,-0.1,-4.0,중립,음봉,잔구간,0.01,-0.645,2026-09-08
SOPH,0.6,8.36,461975,723613,3.86,4.97,0.8,-1.2,4.6,강한매수,장대양봉,완만한상승,0.94,3.43,2026-09-08
CERS,0.6,2.54,753446,1211903,1.91,3.19,0.6,-1.2,-0.8,중립,음봉,잔구간,0.27,-0.49,2026-09-08
SRAD,0.6,12.73,1028370,1865479,13.09,22.59,0.6,-0.1,-1.2,중립,음봉,잔구간,0.53,-0.33,2026-09-08
FMC,0.6,12.81,2329860,3682723,29.85,39.21,0.8,1.1,-2.3,중립,음봉,잔구간,0.36,-0.435,2026-09-08
FRNM,0.6,15.99,541627,976180,8.66,13.31,0.7,2.6,-4.5,매도주의,장대음봉,잔구간,0.21,-1.175,2026-09-08
QYLD,0.6,18.37,3455153,5442315,63.47,93.37,0.7,0.1,-0.0,강한매수,망치형,전고점돌파,0.83,2.9,2026-09-08
DPRO,0.6,6.02,1678210,3028479,10.1,14.76,0.7,-0.8,-0.8,중립,팽이도지,잔구간,0.58,0.05,2026-09-08
GDXD,0.6,16.79,2667521,4806911,44.79,76.9,0.6,1.1,1.5,강한매수,양봉스프링,완만한상승,0.93,2.92,2026-09-08
FDMT,0.6,14.63,542039,909438,7.93,13.84,0.6,-2.7,0.4,중립,팽이도지,잔구간,0.43,-0.04,2026-09-08
HTLD,0.6,12.32,366324,580300,4.51,7.03,0.6,-0.5,-0.5,매도주의,위꼬리음봉,잔구간,0.03,-1.03,2026-09-08
ABCL,0.6,11.44,2559062,3988728,29.28,59.31,0.5,-1.2,1.3,매수관심,양봉,완만한상승,0.63,1.76,2026-09-08
ZNTL,0.6,4.03,519171,880832,2.09,3.13,0.7,0.3,0.8,중립,팽이도지,잔구간,0.67,0.1,2026-09-08
UAVS,0.6,1.08,982076,1618396,1.06,1.91,0.6,0.0,1.9,매수관심,양봉,완만한상승,0.5,1.6,2026-09-08
BTG,0.6,5.45,23192865,37893132,126.4,209.47,0.6,-0.5,-2.3,중립,음봉,잔구간,0.04,-0.625,2026-09-08
NUVB,0.6,6.61,2542237,4299783,16.8,27.23,0.6,-1.8,-1.2,중립,음봉,잔구간,0.18,-0.54,2026-09-08
RPC,0.6,8.27,311473,548199,2.58,4.25,0.6,-6.3,3.8,중립,양봉,잔구간,0.57,0.39,2026-09-08
S,0.6,19.43,5828742,9671046,113.25,210.01,0.5,-0.7,-1.6,중립,음봉,잔구간,0.49,-0.355,2026-09-08
IVVD,0.6,0.826,2088864,3565937,1.72,3.7,0.5,2.8,-2.7,중립,음봉,잔구간,0.3,-0.47,2026-09-08
JQC,0.6,4.78,317534,555222,1.52,3.04,0.5,-0.4,0.6,강한매수,장대양봉,전고점부근,1.0,2.15,2026-09-08
KODK,0.6,9.28,723045,1175926,6.71,8.42,0.8,0.0,-0.1,중립,팽이도지,잔구간,0.71,0.125,2026-09-08
KYIV,0.6,14.11,347412,534990,4.9,6.5,0.8,0.2,-0.2,중립,팽이도지,잔구간,0.54,0.025,2026-09-08
RMIX,0.6,15.8,305499,548912,4.83,7.1,0.7,0.8,-6.1,매도주의,장대음봉,잔구간,0.02,-1.29,2026-09-08
CAPR,0.6,9.06,2727770,4862130,24.71,78.75,0.3,-2.7,-1.0,중립,팽이도지,잔구간,0.37,-0.08,2026-09-08
ALTO,0.5,4.105,634552,1360937,2.6,6.27,0.4,-0.5,2.1,강한매수,양봉,완만한상승,0.83,2.0,2026-09-08
HSLV,0.5,5.85,382304,719217,2.24,3.78,0.6,0.0,1.6,매수관심,양봉,완만한상승,0.44,1.53,2026-09-08
KLAR,0.5,14.26,4654902,8953272,66.38,108.68,0.6,-0.6,-0.4,중립,팽이도지,수횡파,0.37,0.44,2026-09-08
RSKD,0.5,6.16,1479399,2707760,9.11,13.68,0.7,-0.8,-4.6,매도주의,장대음봉,잔구간,0.13,-1.22,2026-09-08
LIDR,0.5,1.33,1456250,3000142,1.94,21.2,0.1,0.0,-2.9,중립,음봉,잔구간,0.0,-0.65,2026-09-08
CABA,0.5,3.27,3071406,5770561,10.04,15.64,0.6,-1.2,-4.7,매도주의,장대음봉,잔구간,0.05,-1.27,2026-09-08
CBRX,0.5,10.44,415829,778012,4.34,7.34,0.6,6.7,-15.4,매도주의,장대음봉,잔구간,0.0,-1.3,2026-09-08
CLYM,0.5,15.9,918635,1733966,14.61,28.51,0.5,0.6,1.8,매수관심,양봉,완만한상승,0.81,1.97,2026-09-08
ARCT,0.5,15.63,641470,1314664,10.03,24.33,0.4,-2.2,1.0,매수관심,양봉스프링,잔구간,0.79,0.925,2026-09-08
ADCT,0.5,1.3,930761,1716974,1.21,2.24,0.5,-2.2,-2.3,중립,음봉,잔구간,0.38,-0.42,2026-09-08
OSG,0.5,4.95,361437,735079,1.79,2.84,0.6,-1.8,1.4,중립,양봉,잔구간,0.94,0.615,2026-09-08
ENGS,0.5,2.82,617473,1177609,1.74,3.95,0.4,0.4,2.2,매수관심,양봉,완만한상승,0.58,1.7,2026-09-08
CNTB,0.5,1.91,1192903,2194957,2.28,3.03,0.8,4.3,-0.5,중립,팽이도지,잔구간,0.65,0.09,2026-09-08
PURR,0.5,11.93,17521704,31923742,209.03,365.44,0.6,-3.7,1.7,중립,팽이도지,잔구간,0.51,0.005,2026-09-08
CNH,0.5,13.6,17423212,34247820,236.96,409.99,0.6,-0.6,-5.0,매도주의,장대음봉,잔구간,0.07,-1.26,2026-09-08
CLNE,0.5,1.64,707377,1375301,1.16,2.5,0.5,0.9,-1.5,중립,음봉,잔구간,0.17,-0.55,2026-09-08
AAPD,0.5,11.03,6997329,15373906,77.18,129.2,0.6,0.8,0.4,매수관심,양봉스프링,잔구간,0.84,0.955,2026-09-08
LTRX,0.5,5.27,557439,1206426,2.94,8.26,0.4,0.6,0.4,중립,위꼬리양봉,잔구간,0.15,-0.71,2026-09-08
RERE,0.5,4.07,500190,914038,2.04,4.49,0.5,-1.4,-1.2,중립,음봉,잔구간,0.23,-0.51,2026-09-08
ARX,0.5,19.84,730017,1529202,14.48,36.27,0.4,-0.2,0.0,중립,팽이도지,잔구간,0.6,0.06,2026-09-08
SPPP,0.5,14.81,502902,1097463,7.45,13.3,0.6,-0.7,-1.0,매도주의,장대음봉,잔구간,0.02,-1.29,2026-09-08
FINV,0.5,3.4,884544,1943203,3.01,6.3,0.5,-1.2,1.5,매수관심,양봉,완만한상승,0.55,1.66,2026-09-08
IAUX,0.5,1.76,3482442,6728551,6.13,17.77,0.3,-1.1,-0.6,매도주의,위꼬리음봉,잔구간,0.0,-1.05,2026-09-08
HUMA,0.5,0.595,2401959,5050170,1.43,4.0,0.4,0.8,-2.4,중립,음봉,잔구간,0.5,-0.35,2026-09-08
MIMI,0.5,0.907,1380619,2619716,1.25,22.56,0.1,-3.5,-1.2,중립,팽이도지,잔구간,0.4,-0.06,2026-09-08
METC,0.5,12.53,1291838,2701505,16.19,33.21,0.5,-2.3,-2.9,중립,음봉,잔구간,0.04,-0.625,2026-09-08
MSFD,0.5,10.43,512226,1059996,5.34,12.95,0.4,1.4,-0.2,중립,팽이도지,완만한상승,0.33,0.7,2026-09-08
CURI,0.5,2.65,603063,1170896,1.6,3.26,0.5,0.4,-2.6,매도주의,장대음봉,잔구간,0.11,-1.235,2026-09-08
ONDL,0.4,5.86,698555,1636263,4.09,7.3,0.6,-1.4,0.9,중립,위꼬리양봉,잔구간,0.11,-0.735,2026-09-08
WETO,0.4,2.54,4112518,10506695,10.45,46.25,0.2,-6.7,6.7,매수관심,양봉,전저점부근,0.58,1.55,2026-09-08
WEAV,0.4,7.31,1198484,2916520,8.76,28.31,0.3,-0.1,-0.1,중립,음봉,잔구간,0.0,-0.65,2026-09-08
OGN,0.4,13.75,1629830,3774419,22.41,52.46,0.4,-0.1,-0.1,매도주의,장대음봉,잔구간,0.0,-1.3,2026-09-08
PLTZ,0.4,9.72,1904120,5088139,18.51,50.4,0.4,0.9,3.7,강한매수,양봉,완만한상승,0.95,2.14,2026-09-08
RNXT,0.4,2.2,1207462,3303929,2.66,4.36,0.6,-3.3,-4.8,중립,음봉,잔구간,0.25,-0.5,2026-09-08
JELD,0.4,2.19,1096955,2714150,2.4,5.21,0.5,-0.9,-3.9,매도주의,장대음봉,수횡파,0.34,-1.59,2026-09-08
TRBG,0.4,5.305,303278,770103,1.61,7.6,0.2,-21.5,-7.9,중립,무참고,정보부족,,0.0,2026-09-08
CURR,0.4,3.61,441163,1235796,1.59,3.99,0.4,-0.3,10.1,강한매수,장대양봉,완만한상승,0.85,3.32,2026-09-08
BBAR,0.4,14.92,482223,1152793,7.19,14.17,0.5,1.4,-0.7,강한매수,망치형,수횡파,0.6,2.7199999999999998,2026-09-08
BTCT,0.4,1.69,1457376,3460194,2.46,48.22,0.1,-2.8,-1.2,중립,팽이도지,전저점부근,0.38,0.61,2026-09-08
GPRO,0.4,1.455,93712821,250230815,136.35,203.68,0.7,-7.9,-7.0,매도주의,장대음봉,잔구간,0.26,-1.145,2026-09-08
USDE,0.4,7.61,2219999,5252836,16.89,58.64,0.3,-2.1,-1.9,중립,팽이도지,수횡파,0.48,0.58,2026-09-08
LX,0.4,0.853,4450525,10978985,3.8,8.8,0.4,2.1,-5.2,중립,음봉,잔구간,0.35,-0.44,2026-09-08
AKBA,0.3,1.03,3064909,11320836,3.16,10.61,0.3,-1.3,7.1,강한매수,장대양봉,전고점돌파,1.0,4.1,2026-09-08
DAIC,0.2,2.96,665997,3324623,1.97,118.94,0.0,-1.0,-3.6,중립,음봉,잔구간,0.6,-0.29,2026-09-08
GYGY,0.2,1.185,849260,4802194,1.01,7.18,0.1,-5.6,0.4,중립,위꼬리양봉,잔구간,0.21,-0.675,2026-09-08
SGLD,0.2,5.0,452534,1883278,2.26,23.97,0.1,-1.3,-7.1,중립,음봉,잔구간,0.3,-0.47,2026-09-08
XHLD,0.1,9.38,440606,3800851,4.13,29.47,0.1,0.1,1.4,강한매수,양봉,완만한상승,0.85,2.02,2026-09-08
BIAF,0.1,8.93,2411951,19669466,21.54,130.98,0.2,-30.4,-16.0,매도주의,장대음봉,잔구간,0.25,-1.15,2026-09-08
