ticker,ratio,latest_close,latest_volume,baseline_volume,dollar_volume_M,avg_dollar_vol_10d_M,dollar_surge_x,signal_gap_%,intraday_chg_%,candle_signal,candle_shape,candle_pos,close_pos,candle_score,latest_date
AEMD,1260.5,6.78,92602517,73465,627.85,0.29,2147.7,493.0,-20.0,중립,음봉,전고점돌파,0.22,0.46,2026-09-17
KXIN,739.6,1.75,75152321,101610,131.52,1.73,76.0,49.6,3.6,중립,위꼬리양봉,전고점돌파,0.17,0.1,2026-09-17
DCX,706.7,0.44,86538852,122457,38.09,2.53,15.0,23.6,11.3,중립,위꼬리양봉,잔구간,0.36,-0.585,2026-09-17
DLXY,521.1,0.845,27001508,51819,22.81,56.5,0.4,-49.8,-26.5,중립,음봉,잔구간,0.34,-0.445,2026-09-17
TURB,374.0,1.34,84775891,226696,113.6,0.18,641.2,73.5,-13.5,중립,위꼬리음봉,전고점돌파,0.14,-0.43,2026-09-17
NUWE,337.8,1.09,59128053,175025,64.45,0.21,310.4,5.0,27.4,강한매수,양봉,전고점돌파,0.39,2.07,2026-09-17
DAIC,310.2,5.3,112166234,361626,594.48,6.2,95.9,105.0,28.6,강한매수,양봉,전고점돌파,0.42,2.1,2026-09-17
AIFF,206.8,1.28,11499322,55601,14.72,0.07,211.5,9.7,25.5,강한매수,장대양봉,전고점돌파,0.62,3.64,2026-09-17
PAAI,181.7,3.34,31758930,174827,106.07,0.31,338.9,4.4,255.5,강한매수,장대양봉,전고점돌파,0.95,4.04,2026-09-17
GIPR,151.6,0.44,44662838,294668,19.63,9.5,2.1,1.5,18.9,매수관심,장대양봉,잔구간,0.88,1.23,2026-09-17
NCPL,119.8,0.563,44120344,368432,24.84,5.46,4.6,-2.1,35.7,중립,양봉,전고점부근,0.65,0.43,2026-09-17
MNOV,84.1,3.45,7413206,88164,25.58,0.51,49.9,12.7,21.5,강한매수,양봉,전고점돌파,0.58,2.3,2026-09-17
SSM,61.3,1.46,4993693,81447,7.29,1.43,5.1,-1.2,-12.6,강한매도,장대음봉,전저점이탈,0.19,-3.12,2026-09-17
MEDS,60.6,4.64,7169612,118300,33.27,125.22,0.3,10.9,-31.1,매도주의,장대음봉,잔구간,0.22,-1.17,2026-09-17
BIAF,43.8,8.75,25410034,580374,222.34,115.38,1.9,30.8,25.0,중립,양봉,잔구간,0.51,0.355,2026-09-17
RUBI,41.3,1.43,2934221,71103,4.2,0.11,37.5,-2.7,0.0,중립,팽이도지,잔구간,0.29,-0.125,2026-09-17
NEXR,41.0,1.64,2776406,67746,4.55,0.55,8.3,13.4,1.9,중립,팽이도지,잔구간,0.39,-0.065,2026-09-17
AKAN,27.7,2.94,6681478,241335,19.64,8.75,2.2,6.6,1.4,중립,위꼬리양봉,잔구간,0.28,-0.63,2026-09-17
BCBP,24.0,8.69,2617051,108894,22.74,1.13,20.1,-1.0,6.4,매수관심,장대양봉,잔구간,1.0,1.3,2026-09-17
LGVN,23.8,2.71,1443099,60722,3.91,0.51,7.7,-51.6,-16.1,강한매도,장대음봉,전저점이탈,0.02,-3.33,2026-09-17
AGMH,23.5,0.83,4416834,187714,3.67,0.93,3.9,-1.7,33.9,중립,양봉,잔구간,0.72,0.48,2026-09-17
FEAM,22.0,2.06,3841575,174564,7.91,0.69,11.5,0.6,16.4,강한매수,장대양봉,전고점돌파,0.75,3.8,2026-09-17
LSTA,18.6,1.74,3043749,163528,5.3,0.26,20.5,70.1,-30.4,매도주의,장대음봉,잔구간,0.23,-1.16,2026-09-17
XRTX,16.5,1.66,2237265,135903,3.71,0.84,4.4,-1.7,-5.1,매도주의,음봉,전저점이탈,0.37,-1.61,2026-09-17
SRFM,16.3,0.635,45887125,2817670,29.14,1.33,21.9,19.7,6.7,중립,팽이도지,잔구간,0.48,-0.01,2026-09-17
SAC,15.5,10.1,1172334,75416,11.84,2.87,4.1,0.1,-0.1,강한매수,망치형,전저점부근,0.75,3.05,2026-09-17
ILLU,14.7,9.98,945627,64134,9.44,1.25,7.6,0.0,-0.1,강한매수,망치형,전저점부근,0.67,2.95,2026-09-17
TRVG,14.7,6.69,1240565,84281,8.3,0.69,12.0,1.8,17.6,강한매수,장대양봉,전고점돌파,0.91,3.99,2026-09-17
TPST,13.4,0.895,7869132,587318,7.04,14.85,0.5,-10.7,-17.1,매도주의,장대음봉,잔구간,0.2,-1.18,2026-09-17
MRLN,12.9,2.06,10821138,836993,22.29,5.77,3.9,2.7,-9.3,매도주의,음봉,전저점이탈,0.11,-1.92,2026-09-17
WETO,12.5,1.86,20690479,1650342,38.48,13.58,2.8,15.2,-12.3,매도주의,장대음봉,잔구간,0.15,-1.21,2026-09-17
GLOO,11.7,4.91,4919407,419912,24.15,2.42,10.0,19.4,1.0,강한매수,양봉스프링,전고점돌파,0.84,3.41,2026-09-17
AEHL,11.0,12.29,5626435,513441,69.15,24.83,2.8,32.5,0.6,매수관심,팽이도지,전고점돌파,0.32,1.28,2026-09-17
LESL,10.6,0.457,2359748,222429,1.08,1.6,0.7,-0.6,-14.0,중립,음봉,잔구간,0.2,-0.53,2026-09-17
PAL,9.7,4.2,3019591,312630,12.68,1.85,6.9,0.6,-12.5,강한매도,장대음봉,전저점이탈,0.32,-2.97,2026-09-17
DSP,9.5,10.02,2194430,229807,21.99,2.83,7.8,-17.1,-2.3,매도주의,팽이도지,전저점이탈,0.44,-0.82,2026-09-17
CMND,9.5,0.858,1597904,168790,1.37,2.26,0.6,2.3,4.1,중립,위꼬리양봉,잔구간,0.18,-0.69,2026-09-17
TGL,9.4,2.21,677011,71908,1.5,1.81,0.8,-26.5,-14.3,강한매도,장대음봉,전저점이탈,0.31,-2.98,2026-09-17
RTB,8.7,8.69,847278,97331,7.36,1.4,5.3,27.1,-23.1,매도주의,장대음봉,잔구간,0.13,-1.22,2026-09-17
NRXS,8.1,7.63,516816,63779,3.94,1.12,3.5,5.8,4.0,매수관심,양봉,완만한상승,0.47,1.56,2026-09-17
BCCQ,7.9,9.97,578740,73585,5.77,0.98,5.9,0.2,-0.2,매도주의,장대음봉,전저점부근,0.0,-1.85,2026-09-17
ELA,7.9,13.67,660653,83426,9.03,1.22,7.4,0.4,6.2,중립,양봉,잔구간,0.93,0.61,2026-09-17
HPK,7.3,8.34,2454258,335724,20.47,3.08,6.6,-1.5,7.6,매수관심,양봉,완만한상승,0.53,1.64,2026-09-17
GWAV,7.3,2.91,380684,52048,1.11,0.16,7.1,3.4,20.7,중립,양봉,잔구간,0.5,0.35,2026-09-17
BNGO,7.2,1.74,2504077,348844,4.36,6.69,0.7,1.3,13.7,매수관심,양봉,완만한상승,0.68,1.82,2026-09-17
GFSG,7.2,3.415,370749,51486,1.27,0.22,5.9,10.4,2.2,중립,위꼬리양봉,완만한상승,0.48,-0.12,2026-09-17
BCTX,7.1,4.22,506142,71750,2.14,0.32,6.7,0.3,18.2,강한매수,장대양봉,전고점돌파,0.83,3.9,2026-09-17
KINS,7.1,19.94,426444,60193,8.5,1.4,6.1,0.5,2.3,중립,양봉,전고점부근,0.81,0.62,2026-09-17
GBTG,7.0,9.46,7417389,1057053,70.17,22.56,3.1,0.0,-0.1,중립,음봉,전저점부근,0.0,-0.55,2026-09-17
FATE,6.9,2.52,5137160,746752,12.95,2.24,5.8,1.6,1.6,중립,위꼬리양봉,완만한상승,0.27,-0.38,2026-09-17
ZTG,6.9,1.2,4537930,661715,5.45,17.46,0.3,-5.1,7.1,매수관심,양봉,완만한상승,0.52,1.62,2026-09-17
EVAC,6.7,10.3,625909,93184,6.45,0.88,7.3,0.1,0.1,매수관심,양봉,완만한상승,0.5,1.6,2026-09-17
YFOR,6.4,1.84,1540974,240460,2.84,3.66,0.8,3.5,3.4,중립,팽이도지,잔구간,0.5,0.0,2026-09-17
QXL,6.3,5.7,331857,52978,1.89,0.31,6.1,6.6,3.6,강한매수,양봉,전고점돌파,0.42,2.1,2026-09-17
MKDW,6.1,7.33,1454249,238922,10.66,2.05,5.2,19.4,-21.2,매도주의,장대음봉,잔구간,0.29,-1.125,2026-09-17
CRWG,6.1,15.53,7683723,1256319,119.33,26.28,4.5,-4.8,-3.9,중립,음봉,전저점부근,0.39,-0.08,2026-09-17
CANG,6.1,2.17,1033354,168612,2.24,0.92,2.4,6.1,-4.0,중립,음봉,완만한상승,0.19,-0.17,2026-09-17
IBIO,6.0,1.25,2090481,350521,2.61,0.39,6.7,5.9,0.0,중립,팽이도지,잔구간,0.4,-0.06,2026-09-17
OLOX,5.8,0.842,1936766,335144,1.63,0.49,3.3,0.2,16.5,중립,양봉,잔구간,0.55,0.38,2026-09-17
FLNC,5.8,7.66,33757123,5822287,258.58,61.61,4.2,-20.1,5.9,중립,양봉,전저점이탈,0.78,0.29,2026-09-17
FBDT,5.8,0.881,3039723,526310,2.68,8.37,0.3,0.0,2.4,중립,위꼬리양봉,잔구간,0.22,-0.67,2026-09-17
IPW,5.8,1.8,1016409,176228,1.83,10.53,0.2,6.6,-7.2,중립,음봉,잔구간,0.44,-0.385,2026-09-17
LVWR,5.5,1.42,1375590,249345,1.95,0.44,4.4,0.8,18.3,강한매수,장대양봉,전고점돌파,0.67,3.7,2026-09-17
GIW,5.4,10.16,346391,63669,3.52,0.96,3.7,0.0,-0.0,강한매수,망치형,전저점부근,0.67,2.95,2026-09-17
YICC,5.3,9.92,500219,94693,4.96,1.69,2.9,0.0,-0.1,매도주의,장대음봉,전저점부근,0.0,-1.85,2026-09-17
USDE,5.1,7.71,14316923,2824973,110.38,24.65,4.5,6.6,16.6,매수관심,양봉,완만한상승,0.43,1.52,2026-09-17
WFF,5.1,2.15,632832,124630,1.36,0.38,3.6,0.0,9.7,중립,양봉,잔구간,0.43,0.31,2026-09-17
OYSE,5.0,10.38,500618,100120,5.2,1.03,5.0,0.0,0.0,매도주의,위꼬리양봉,전저점부근,0.0,-0.85,2026-09-17
CWVX,5.0,12.95,4850921,962436,62.82,16.62,3.8,-4.6,-4.0,중립,음봉,전저점부근,0.39,-0.08,2026-09-17
SMCZ,5.0,4.89,9253386,1839722,45.25,11.58,3.9,-6.5,-13.5,강한매도,장대음봉,전저점이탈,0.2,-3.11,2026-09-17
FTMU,5.0,7.54,647952,129123,4.89,2.97,1.6,0.3,0.0,매수관심,양봉스프링,잔구간,1.0,1.05,2026-09-17
BENF,4.9,0.629,4163347,846897,2.62,15.09,0.2,-13.2,-11.5,중립,음봉,전저점부근,0.31,-0.18,2026-09-17
KEYY,4.7,9.91,653612,140035,6.48,1.84,3.5,-0.1,0.0,매수관심,양봉스프링,잔구간,1.0,1.05,2026-09-17
ELME,4.7,1.65,1480173,317562,2.44,0.83,2.9,0.0,1.2,강한매수,장대양봉,완만한상승,0.67,3.1,2026-09-17
GVH,4.5,1.38,767225,169713,1.06,0.86,1.2,-0.9,21.1,강한매수,장대양봉,완만한상승,0.6,3.02,2026-09-17
SMUP,4.5,4.31,772313,169943,3.33,1.27,2.6,6.6,11.1,매수관심,장대양봉,잔구간,0.75,1.15,2026-09-17
OFS,4.5,3.96,348957,77861,1.38,0.23,6.1,1.5,-2.2,중립,음봉,잔구간,0.0,-0.65,2026-09-17
MAAS,4.5,16.2,499452,110790,8.09,1.82,4.4,0.2,-3.9,매도주의,장대음봉,잔구간,0.06,-1.265,2026-09-17
ALHC,4.3,8.7,25424844,5871663,221.2,101.4,2.2,-1.5,1.4,중립,위꼬리양봉,잔구간,0.33,-0.6,2026-09-17
PXS,4.3,7.34,319936,74338,2.35,0.97,2.4,0.4,4.6,강한매수,양봉스프링,전고점돌파,0.91,3.49,2026-09-17
SECZ,4.3,8.93,5796902,1334425,51.77,13.43,3.9,7.3,7.1,강한매수,양봉,전고점돌파,0.5,2.2,2026-09-17
FCRS,4.3,10.23,494420,114412,5.06,1.74,2.9,-0.0,-0.2,매도주의,장대음봉,잔구간,0.0,-1.3,2026-09-17
TLSA,4.2,0.97,1752991,421356,1.7,0.49,3.5,10.4,14.1,매수관심,장대양봉,잔구간,0.76,1.155,2026-09-17
NKLR,4.2,4.2,1043301,251277,4.38,1.44,3.1,3.7,-3.0,중립,음봉,잔구간,0.53,-0.33,2026-09-17
QCLS,4.2,0.76,8760905,2082885,6.66,24.1,0.3,-17.5,-4.4,중립,망치형,잔구간,0.59,0.555,2026-09-17
HSCS,4.0,4.84,388299,96207,1.88,0.51,3.7,2.9,24.1,강한매수,장대양봉,전고점돌파,0.95,4.04,2026-09-17
MNR,3.9,10.97,1627853,419741,17.86,20.27,0.9,0.9,-0.3,중립,망치형,잔구간,0.65,0.59,2026-09-17
ALMU,3.9,11.545,1831591,468191,21.15,6.93,3.1,-16.5,3.0,중립,양봉,전저점이탈,0.42,-0.15,2026-09-17
IPVV,3.9,9.9,394834,102478,3.91,0.72,5.5,0.0,0.6,강한매수,장대양봉,전고점돌파,1.0,4.1,2026-09-17
MG,3.9,19.84,1022464,264853,20.29,4.73,4.3,1.2,1.3,중립,위꼬리양봉,완만한상승,0.31,-0.33,2026-09-17
LUXE,3.9,9.48,836537,216259,7.93,3.16,2.5,3.3,4.2,강한매수,양봉,완만한상승,0.91,2.09,2026-09-17
IAUX,3.8,1.75,21324727,5553432,37.32,9.52,3.9,3.6,2.3,매수관심,양봉,완만한상승,0.71,1.85,2026-09-17
GASS,3.7,9.68,365246,99702,3.54,1.28,2.8,0.2,3.5,강한매수,양봉,전고점돌파,0.63,2.36,2026-09-17
AIAI,3.6,3.28,1184921,324958,3.89,1.35,2.9,0.9,-4.9,매도주의,위꼬리음봉,잔구간,0.15,-0.96,2026-09-17
QUAD,3.5,9.59,910815,262034,8.73,3.55,2.5,2.3,-2.6,매도주의,장대음봉,잔구간,0.13,-1.22,2026-09-17
CLDT,3.5,12.8,672059,190408,8.6,2.56,3.4,1.2,-1.5,매도주의,장대음봉,잔구간,0.11,-1.235,2026-09-17
ABSI,3.5,9.27,8665817,2477753,80.33,21.46,3.7,3.2,11.8,강한매수,장대양봉,전고점돌파,0.64,3.67,2026-09-17
FNG,3.5,4.24,341114,97774,1.45,0.68,2.1,7.9,-13.6,매도주의,장대음봉,잔구간,0.01,-1.295,2026-09-17
IQ,3.5,1.1,20533808,5836016,22.59,9.71,2.3,-0.9,2.8,강한매도,위꼬리양봉,전고점부근,0.3,-2.69,2026-09-17
IMMR,3.4,7.52,1236740,360310,9.3,2.31,4.0,1.4,4.2,매수관심,장대양봉,잔구간,0.83,1.2,2026-09-17
NMRA,3.4,0.75,3424720,1010557,2.57,1.05,2.4,0.9,-3.8,중립,음봉,전저점부근,0.24,-0.26,2026-09-17
SLXN,3.4,0.38,8517178,2529262,3.24,6.52,0.5,7.6,3.8,매수관심,양봉,완만한상승,0.76,1.91,2026-09-17
NGEN,3.4,2.27,1159392,344545,2.63,1.05,2.5,0.9,5.6,매수관심,양봉,완만한상승,0.75,1.9,2026-09-17
ASTN,3.3,17.36,545390,164217,9.47,5.94,1.6,-6.9,-4.5,중립,음봉,잔구간,0.44,-0.385,2026-09-17
PGEN,3.3,7.87,9364227,2832105,73.7,22.31,3.3,2.0,3.8,강한매수,장대양봉,전고점돌파,0.79,3.85,2026-09-17
OSTX,3.2,1.83,2230933,686893,4.08,1.5,2.7,2.9,1.7,중립,위꼬리양봉,완만한상승,0.15,-0.52,2026-09-17
LTRX,3.2,5.82,3015646,950547,17.55,4.78,3.7,2.2,5.1,강한매수,양봉,전고점돌파,0.49,2.19,2026-09-17
BLW,3.2,12.15,350832,110609,4.26,1.42,3.0,0.7,-0.5,중립,음봉,잔구간,0.35,-0.44,2026-09-17
QVCG,3.2,15.97,575744,177992,9.19,7.52,1.2,0.5,-0.2,매도주의,위꼬리음봉,잔구간,0.16,-0.955,2026-09-17
BAFN,3.2,9.04,392180,121198,3.55,0.99,3.6,0.7,-2.7,중립,음봉,잔구간,0.31,-0.465,2026-09-17
STLN,3.2,6.63,3219320,1010223,21.34,6.38,3.3,2.0,-0.5,매도주의,위꼬리음봉,잔구간,0.23,-0.91,2026-09-17
CCLD,3.1,2.22,564656,183242,1.25,0.6,2.1,2.4,3.7,강한매수,장대양봉,완만한상승,0.89,3.37,2026-09-17
NBIG,3.1,15.8,4665138,1508578,73.71,30.3,2.4,20.0,-9.9,중립,음봉,잔구간,0.37,-0.43,2026-09-17
EU,3.0,0.971,12488634,4205583,12.13,8.14,1.5,8.2,2.4,중립,양봉,잔구간,0.8,0.53,2026-09-17
IPDN,3.0,3.44,936688,308956,3.22,7.71,0.4,1.7,10.6,중립,양봉,잔구간,0.37,0.27,2026-09-17
AGMB,3.0,12.08,339333,113632,4.1,2.53,1.6,2.2,3.6,중립,양봉,잔구간,0.55,0.38,2026-09-17
AIRO,3.0,7.38,988200,325565,7.29,2.56,2.8,1.8,0.8,중립,위꼬리양봉,완만한상승,0.36,-0.27,2026-09-17
IMXI,3.0,12.62,1028235,347401,12.98,4.68,2.8,0.4,-4.8,강한매도,장대음봉,전저점이탈,0.32,-2.97,2026-09-17
DNA,2.9,7.84,2660072,913419,20.85,6.32,3.3,3.3,7.5,강한매수,양봉,전고점돌파,0.68,2.42,2026-09-17
ASAN,2.9,10.09,18418633,6340596,185.84,81.33,2.3,-1.0,5.7,강한매수,양봉,전고점돌파,0.78,2.54,2026-09-17
AFYA,2.9,13.64,877701,306149,11.97,4.02,3.0,-0.1,-0.1,중립,팽이도지,잔구간,0.64,0.085,2026-09-17
GLBS,2.8,3.93,376505,134922,1.48,0.63,2.3,1.1,2.3,중립,양봉,전고점부근,0.67,0.45,2026-09-17
QBTZ,2.8,15.26,645841,228737,9.86,6.16,1.6,-7.3,-11.5,매도주의,장대음봉,전저점부근,0.12,-1.71,2026-09-17
VITL,2.8,11.7,3261659,1167960,38.16,11.78,3.2,6.7,9.3,강한매수,장대양봉,전고점돌파,0.97,4.06,2026-09-17
XRAY,2.8,9.375,9309079,3352513,87.27,40.35,2.2,-0.3,-7.3,강한매도,장대음봉,전저점이탈,0.02,-3.33,2026-09-17
IRWD,2.8,4.23,3486907,1251104,14.75,5.96,2.5,2.4,-0.9,매도주의,위꼬리음봉,완만한상승,0.11,-1.07,2026-09-17
BAER,2.7,0.924,1392457,510771,1.29,0.65,2.0,0.8,-7.6,강한매도,장대음봉,전저점이탈,0.13,-3.19,2026-09-17
HLN,2.7,9.36,39649994,14619953,371.12,137.93,2.7,-0.5,2.2,매수관심,장대양봉,잔구간,0.8,1.18,2026-09-17
ALVO,2.7,5.34,1705978,638948,9.11,4.9,1.9,2.4,2.3,매수관심,양봉,완만한상승,0.55,1.66,2026-09-17
HNRG,2.7,15.17,1719590,630856,26.09,10.19,2.6,1.4,1.8,중립,위꼬리양봉,잔구간,0.23,-0.66,2026-09-17
ARTC,2.6,9.979,509753,198851,5.09,2.75,1.8,0.2,-0.2,매도주의,장대음봉,잔구간,0.31,-1.115,2026-09-17
RARE,2.6,14.5,12427775,4803911,180.2,124.18,1.5,2.6,9.7,매수관심,장대양봉,잔구간,0.95,1.27,2026-09-17
RKLZ,2.6,17.498,638626,242133,11.17,7.98,1.4,-5.4,-7.7,강한매도,장대음봉,전저점이탈,0.16,-3.16,2026-09-17
AMA,2.6,17.11,371727,142916,6.36,3.75,1.7,5.8,-4.4,매도주의,장대음봉,잔구간,0.25,-1.15,2026-09-17
IQMX,2.6,8.84,768946,299965,6.8,3.42,2.0,2.3,-7.3,강한매도,장대음봉,전저점이탈,0.1,-3.23,2026-09-17
TIPX,2.6,18.39,600287,230616,11.04,5.61,2.0,0.1,0.2,매수관심,장대양봉,잔구간,1.0,1.3,2026-09-17
MASS,2.6,10.98,689792,266211,7.57,2.86,2.6,2.3,8.2,강한매수,장대양봉,전고점돌파,0.78,3.84,2026-09-17
BKT,2.5,9.79,356300,144083,3.49,1.35,2.6,0.6,-0.5,중립,음봉,잔구간,0.5,-0.35,2026-09-17
DRVN,2.5,12.26,2859609,1140210,35.06,16.36,2.1,1.5,0.1,매수관심,양봉스프링,잔구간,0.76,0.905,2026-09-17
CORN,2.5,19.83,689011,273470,13.66,8.27,1.7,-0.4,-0.4,중립,음봉,수횡파,0.38,-0.24,2026-09-17
NML,2.5,10.57,320433,128627,3.39,1.48,2.3,-0.1,1.2,강한매수,장대양봉,완만한상승,0.67,3.1,2026-09-17
MVIS,2.5,1.63,3592279,1410112,5.86,2.31,2.5,0.6,-0.6,매도주의,위꼬리음봉,잔구간,0.04,-1.025,2026-09-17
NEXA,2.5,12.92,1673047,682723,21.62,10.51,2.1,6.5,0.4,매수관심,팽이도지,완만한상승,0.44,0.83,2026-09-17
PSNL,2.5,16.23,5649427,2276285,91.69,37.38,2.5,1.9,-1.2,중립,음봉,잔구간,0.31,-0.465,2026-09-17
PUBM,2.5,17.33,1139674,464786,19.75,9.59,2.1,8.5,-5.2,중립,음봉,전고점돌파,0.07,0.28,2026-09-17
NMRK,2.4,13.835,3225290,1330887,44.62,23.14,1.9,1.8,-4.3,강한매도,장대음봉,전저점이탈,0.13,-3.19,2026-09-17
CBIO,2.4,16.77,665895,280228,11.17,7.44,1.5,2.4,-4.7,매도주의,음봉,전저점이탈,0.2,-1.81,2026-09-17
EVH,2.4,3.67,4201452,1780740,15.42,9.26,1.7,0.0,-1.9,매도주의,음봉,전저점이탈,0.23,-1.77,2026-09-17
NNVC,2.4,1.4,1460326,616803,2.04,0.61,3.3,8.3,7.7,강한매수,양봉,전고점돌파,0.88,2.66,2026-09-17
CEPU,2.4,14.48,510805,209712,7.4,3.03,2.4,1.7,4.3,매수관심,장대양봉,잔구간,0.97,1.28,2026-09-17
IIIV,2.4,15.05,1084545,448125,16.32,10.4,1.6,0.0,2.3,강한매수,양봉,완만한상승,0.96,2.15,2026-09-17
APXT,2.4,10.14,534829,224527,5.42,1.86,2.9,0.0,0.0,매수관심,팽이도지,완만한상승,0.67,1.1,2026-09-17
DSX,2.4,3.07,2729948,1153467,8.38,4.69,1.8,1.3,1.3,중립,양봉,전고점부근,0.57,0.33,2026-09-17
RKT,2.4,12.57,59089173,24248100,742.75,375.2,2.0,3.2,-5.9,강한매도,장대음봉,전저점이탈,0.18,-3.13,2026-09-17
HELP,2.4,14.02,3344325,1405629,46.89,17.91,2.6,1.5,2.5,강한매수,양봉,전고점돌파,0.86,2.63,2026-09-17
NHP,2.3,16.2,901830,397003,14.61,6.27,2.3,0.7,-0.2,중립,팽이도지,잔구간,0.45,-0.03,2026-09-17
CDXS,2.3,1.32,1181438,509181,1.56,0.99,1.6,3.0,-4.3,매도주의,음봉,전저점이탈,0.29,-1.7,2026-09-17
OKLL,2.3,11.15,4799296,2123262,53.51,27.06,2.0,6.6,14.7,매수관심,장대양봉,잔구간,0.74,1.145,2026-09-17
NVAX,2.3,10.0,8876144,3905327,88.76,46.4,1.9,2.8,4.0,매수관심,양봉,완만한상승,0.51,1.61,2026-09-17
MBLY,2.3,8.04,9378879,4160077,75.41,30.29,2.5,2.9,-0.1,중립,팽이도지,잔구간,0.35,-0.09,2026-09-17
BHR,2.3,1.77,632034,274949,1.12,0.72,1.5,1.7,-3.3,강한매도,장대음봉,전저점이탈,0.33,-2.95,2026-09-17
PSKY,2.3,10.62,28635088,12676365,304.1,128.5,2.4,-0.4,-4.2,매도주의,장대음봉,잔구간,0.17,-1.2,2026-09-17
CMCO,2.3,15.74,887467,383625,13.97,6.55,2.1,4.3,-6.3,매도주의,장대음봉,전저점부근,0.04,-1.8,2026-09-17
AMAU,2.3,10.385,337245,144205,3.5,2.58,1.4,6.4,-5.1,매도주의,장대음봉,잔구간,0.22,-1.17,2026-09-17
AGPU,2.2,12.92,643404,297404,8.31,3.12,2.7,2.7,14.4,강한매수,장대양봉,전고점돌파,0.77,3.82,2026-09-17
FTCA,2.2,7.05,656950,301491,4.63,2.32,2.0,0.4,0.1,중립,양봉,잔구간,0.67,0.45,2026-09-17
DOMH,2.2,2.44,541110,249032,1.32,0.44,3.0,3.7,9.4,강한매수,장대양봉,전고점돌파,0.64,3.67,2026-09-17
ZVRA,2.2,11.84,1591445,735307,18.84,10.88,1.7,1.4,-1.0,매도주의,위꼬리음봉,완만한상승,0.1,-1.08,2026-09-17
KRRO,2.2,11.8,400440,180288,4.73,2.1,2.2,2.5,-16.8,매도주의,장대음봉,전저점부근,0.02,-1.83,2026-09-17
PUSA,2.2,3.64,629950,284398,2.29,1.57,1.5,2.3,3.4,중립,양봉,잔구간,0.6,0.41,2026-09-17
ASLE,2.2,5.47,847514,390859,4.64,2.28,2.0,1.9,-0.5,매도주의,위꼬리음봉,잔구간,0.16,-0.955,2026-09-17
PINS,2.2,18.31,29471590,13291504,539.62,271.47,2.0,0.5,-2.3,매도주의,장대음봉,잔구간,0.18,-1.19,2026-09-17
MNTS,2.2,4.34,1067108,482460,4.63,2.12,2.2,2.0,4.1,매수관심,양봉,완만한상승,0.52,1.62,2026-09-17
QSI,2.2,0.77,2826083,1278635,2.18,0.91,2.4,2.7,2.7,중립,양봉,잔구간,0.44,0.315,2026-09-17
HLSQ,2.2,0.681,1702319,785053,1.16,1.39,0.8,2.0,-7.3,매도주의,위꼬리음봉,전저점부근,0.1,-1.23,2026-09-17
VIV,2.2,12.0,2525015,1158307,30.3,15.3,2.0,0.5,0.7,매수관심,팽이도지,완만한상승,0.66,1.09,2026-09-17
RXRX,2.2,3.54,28251171,13040126,100.01,50.08,2.0,2.8,7.9,매수관심,장대양봉,잔구간,0.85,1.21,2026-09-17
GENB,2.2,17.12,2205827,995582,37.76,16.72,2.3,2.3,6.7,강한매수,장대양봉,전고점돌파,0.6,3.62,2026-09-17
RGTZ,2.2,15.49,713359,328124,11.05,10.3,1.1,-7.1,-9.4,매도주의,장대음봉,잔구간,0.18,-1.19,2026-09-17
SNDX,2.1,17.68,2582131,1230201,45.65,29.4,1.6,1.4,0.9,중립,위꼬리양봉,잔구간,0.46,-0.525,2026-09-17
FRNM,2.1,16.29,1135986,530933,18.51,10.11,1.8,0.7,9.8,매수관심,장대양봉,잔구간,0.91,1.245,2026-09-17
WCT,2.1,7.86,1046410,502250,8.22,2.57,3.2,0.9,1.2,중립,팽이도지,완만한상승,0.39,0.77,2026-09-17
ITG,2.1,12.43,425969,203369,5.29,2.72,1.9,1.8,-2.3,중립,음봉,잔구간,0.12,-0.58,2026-09-17
AMBP,2.1,4.7,3704573,1754217,17.41,8.98,1.9,1.7,-2.1,매도주의,장대음봉,잔구간,0.03,-1.28,2026-09-17
IBRX,2.1,8.46,19159326,9181618,162.09,66.52,2.4,2.9,3.9,강한매수,양봉,전고점돌파,0.5,2.2,2026-09-17
YLD,2.1,18.84,372139,180593,7.01,4.09,1.7,0.3,0.1,중립,양봉,잔구간,1.0,0.65,2026-09-17
INVZ,2.1,0.322,3353397,1630291,1.08,0.72,1.5,5.3,-0.8,매도주의,위꼬리음봉,잔구간,0.05,-1.02,2026-09-17
AHRT,2.1,6.23,1137013,536429,7.08,3.72,1.9,1.0,-1.4,매도주의,장대음봉,잔구간,0.15,-1.21,2026-09-17
CDZI,2.1,3.37,1428548,696128,4.81,3.3,1.5,2.8,-7.9,강한매도,장대음봉,전저점이탈,0.05,-3.29,2026-09-17
DDD,2.1,3.54,3289018,1547088,11.64,5.8,2.0,2.5,9.9,매수관심,장대양봉,전고점부근,0.71,1.8,2026-09-17
DRTS,2.1,15.49,858879,412387,13.3,7.44,1.8,0.7,2.2,강한매수,양봉,전고점돌파,0.62,2.34,2026-09-17
SOPH,2.1,8.53,1211215,589007,10.33,5.76,1.8,1.6,5.3,강한매수,장대양봉,전고점돌파,0.87,3.94,2026-09-17
MARO,2.1,4.12,768281,365998,3.17,1.54,2.1,0.3,3.0,중립,양봉,잔구간,0.83,0.55,2026-09-17
TKNO,2.1,7.45,310067,144346,2.31,1.1,2.1,4.1,0.7,강한매수,양봉스프링,전고점돌파,0.8,3.36,2026-09-17
TLK,2.1,14.24,1162287,547427,16.55,9.25,1.8,-0.1,-2.8,강한매도,장대음봉,전저점이탈,0.1,-3.23,2026-09-17
SGRY,2.1,13.35,3806235,1795602,50.81,26.39,1.9,1.2,-5.3,강한매도,장대음봉,전저점이탈,0.11,-3.22,2026-09-17
CERS,2.1,2.66,2463559,1184360,6.55,2.88,2.3,1.2,3.9,강한매수,장대양봉,전고점돌파,1.0,4.1,2026-09-17
REAX,2.1,17.61,1465396,698614,25.81,14.23,1.8,1.0,-8.3,강한매도,장대음봉,전저점이탈,0.05,-3.29,2026-09-17
CMPS,2.1,15.0,4967831,2322189,74.52,39.47,1.9,1.9,6.7,강한매수,장대양봉,완만한상승,0.71,3.15,2026-09-17
CTRI,2.1,19.13,2892340,1380439,55.33,27.31,2.0,1.8,-1.9,매도주의,장대음봉,잔구간,0.11,-1.235,2026-09-17
BHVN,2.1,13.89,5833704,2840219,81.03,42.74,1.9,1.3,14.0,매수관심,장대양봉,잔구간,0.81,1.185,2026-09-17
HL,2.1,18.96,61094174,29645204,1158.35,568.56,2.0,3.9,1.4,중립,양봉,잔구간,0.63,0.43,2026-09-17
ARCO,2.1,7.64,2028239,948820,15.5,7.79,2.0,0.8,-1.7,매도주의,장대음봉,잔구간,0.09,-1.245,2026-09-17
AAOX,2.0,9.18,10156350,5186383,93.24,68.22,1.4,8.5,-5.2,중립,음봉,잔구간,0.32,-0.46,2026-09-17
CTKB,2.0,5.21,2231809,1142815,11.63,4.79,2.4,1.2,4.4,강한매수,양봉,전고점돌파,0.78,2.54,2026-09-17
IMUX,2.0,10.35,579005,291884,5.99,4.44,1.3,2.6,-0.3,중립,팽이도지,잔구간,0.62,0.07,2026-09-17
UUUG,2.0,3.13,555877,279209,1.74,1.24,1.4,6.0,-1.9,중립,팽이도지,잔구간,0.33,-0.1,2026-09-17
MPT,2.0,3.6,21764321,11055891,78.35,37.53,2.1,5.6,0.6,중립,위꼬리양봉,잔구간,0.33,-0.6,2026-09-17
CRAN,2.0,10.12,412870,206738,4.18,1.99,2.1,-0.1,0.1,매수관심,양봉,전고점부근,1.0,0.85,2026-09-17
PALI,2.0,1.7,5398119,2710550,9.18,5.8,1.6,3.6,-2.9,중립,음봉,잔구간,0.45,-0.38,2026-09-17
ARCT,2.0,16.93,1302481,659620,22.05,12.79,1.7,3.8,4.6,강한매수,양봉,전고점돌파,0.5,2.2,2026-09-17
ARMG,2.0,18.45,1303306,661093,24.05,12.61,1.9,14.4,2.1,강한매수,양봉스프링,완만한상승,0.82,2.78,2026-09-17
PAR,2.0,15.98,1640744,811683,26.22,15.6,1.7,0.2,-1.1,강한매수,망치형,전저점부근,0.57,2.83,2026-09-17
PLU,2.0,5.03,596715,303937,3.0,3.05,1.0,3.3,8.2,매수관심,장대양봉,잔구간,0.73,1.14,2026-09-17
DAMD,2.0,11.68,4068406,2083958,47.52,34.75,1.4,-8.2,-4.9,매도주의,음봉,전저점이탈,0.26,-1.74,2026-09-17
HYLN,2.0,4.08,2855774,1396557,11.65,5.8,2.0,1.8,1.7,중립,위꼬리양봉,잔구간,0.23,-0.66,2026-09-17
VEEA,2.0,5.33,14364793,7018231,76.56,130.64,0.6,28.7,-32.1,매도주의,장대음봉,잔구간,0.11,-1.235,2026-09-17
HUN,2.0,9.12,4269201,2157787,38.94,22.48,1.7,1.1,-1.8,매도주의,장대음봉,잔구간,0.17,-1.2,2026-09-17
IOVA,2.0,10.02,24203830,12163794,242.52,117.45,2.1,3.9,-2.2,중립,위꼬리음봉,전고점돌파,0.04,-0.55,2026-09-17
CHRS,2.0,1.23,1886521,930102,2.32,1.03,2.3,3.3,-2.4,중립,음봉,잔구간,0.56,-0.315,2026-09-17
EYPT,2.0,3.99,6975498,3439361,27.83,13.86,2.0,3.5,11.8,매수관심,장대양봉,잔구간,0.96,1.275,2026-09-17
VVR,2.0,2.89,1409049,706175,4.07,2.17,1.9,-0.7,0.3,중립,양봉,잔구간,0.6,0.41,2026-09-17
NVTX,2.0,14.62,356812,180780,5.22,3.44,1.5,8.3,3.2,중립,양봉,잔구간,0.62,0.42,2026-09-17
RCAT,2.0,7.095,11807113,5938202,83.77,56.11,1.5,4.2,-4.1,매도주의,장대음봉,잔구간,0.19,-1.185,2026-09-17
FFAI,2.0,1.77,1455277,713608,2.58,1.73,1.5,3.6,1.1,중립,위꼬리양봉,잔구간,0.29,-0.625,2026-09-17
QYLD,2.0,18.52,5370702,2662007,99.47,61.84,1.6,0.8,0.4,강한매수,장대양봉,전고점돌파,0.8,3.86,2026-09-17
ABEO,1.9,5.59,3463114,1843037,19.36,8.19,2.4,6.0,-1.8,중립,망치형,잔구간,0.59,0.555,2026-09-17
CYCU,1.9,3.42,365361,192446,1.25,0.94,1.3,3.5,4.3,매수관심,양봉,완만한상승,0.57,1.68,2026-09-17
WIW,1.9,8.17,611682,328380,5.0,2.59,1.9,0.2,-0.8,중립,음봉,잔구간,0.31,-0.465,2026-09-17
CRESY,1.9,12.83,465883,242400,5.98,3.26,1.8,0.0,6.7,강한매수,장대양봉,전고점돌파,0.94,4.03,2026-09-17
PAYO,1.9,7.11,5596267,3022098,39.79,19.77,2.0,0.1,-0.7,매도주의,장대음봉,잔구간,0.0,-1.3,2026-09-17
CYPH,1.9,3.07,26627765,14040192,81.75,39.22,2.1,9.6,14.8,강한매수,장대양봉,완만한상승,0.72,3.16,2026-09-17
GCTS,1.9,2.06,2178390,1174634,4.49,2.58,1.7,5.8,2.0,매수관심,팽이도지,전고점돌파,0.65,1.68,2026-09-17
HIO,1.9,3.41,661046,348378,2.25,1.7,1.3,-0.6,0.0,매도주의,위꼬리양봉,잔구간,0.0,-0.8,2026-09-17
SPCE,1.9,3.11,8936285,4614781,27.79,15.26,1.8,1.5,4.5,강한매수,장대양봉,완만한상승,0.67,3.1,2026-09-17
CLSX,1.9,13.57,690650,354296,9.37,5.17,1.8,10.8,-1.7,중립,망치형,잔구간,0.71,0.625,2026-09-17
FCEL,1.9,17.71,9370205,4973812,165.95,120.2,1.4,5.3,8.5,매수관심,장대양봉,잔구간,0.75,1.15,2026-09-17
MVST,1.9,0.64,10239200,5459605,6.55,3.9,1.7,2.5,6.7,매수관심,장대양봉,잔구간,0.63,1.08,2026-09-17
SHIP,1.9,18.81,677360,350477,12.74,7.7,1.7,2.8,0.1,매수관심,팽이도지,완만한상승,0.49,0.89,2026-09-17
EOLS,1.9,8.01,1225162,660691,9.81,7.28,1.3,0.8,-0.5,중립,망치형,잔구간,0.65,0.59,2026-09-17
BTZ,1.9,9.63,538724,279733,5.19,3.32,1.6,0.1,0.0,중립,위꼬리양봉,잔구간,0.17,-0.7,2026-09-17
SENS,1.9,9.43,990860,509989,9.34,5.44,1.7,1.4,2.6,매수관심,양봉,완만한상승,0.64,1.77,2026-09-17
EAF,1.9,8.0,871669,448556,6.97,4.35,1.6,3.1,-4.3,중립,음봉,잔구간,0.23,-0.51,2026-09-17
VREX,1.9,18.54,1186149,613818,21.99,13.77,1.6,0.2,0.2,강한매수,장대양봉,전고점돌파,1.0,4.1,2026-09-17
ZENA,1.9,1.5,2557147,1378544,3.84,2.59,1.5,5.2,-1.6,매도주의,위꼬리음봉,잔구간,0.0,-1.05,2026-09-17
KBDC,1.9,13.24,516079,275088,6.83,4.41,1.5,2.2,-0.7,매도주의,위꼬리음봉,완만한상승,0.06,-1.13,2026-09-17
USGG,1.9,5.07,807835,434896,4.1,3.1,1.3,6.4,0.2,중립,팽이도지,잔구간,0.36,-0.085,2026-09-17
UMH,1.8,15.87,1055905,576083,16.76,9.35,1.8,0.8,1.1,중립,양봉,잔구간,0.89,0.585,2026-09-17
CIK,1.8,2.37,916548,503072,2.17,1.29,1.7,0.4,0.0,중립,팽이도지,잔구간,0.5,0.0,2026-09-17
IPWR,1.8,3.95,387577,210554,1.53,0.91,1.7,3.9,-2.2,매도주의,위꼬리음봉,잔구간,0.02,-1.04,2026-09-17
INR,1.8,12.93,501515,281871,6.48,4.01,1.6,-1.4,-1.1,매도주의,음봉,전저점이탈,0.23,-1.77,2026-09-17
OBX,1.8,17.5,829641,454833,14.52,7.53,1.9,0.1,2.0,중립,위꼬리양봉,완만한상승,0.33,-0.3,2026-09-17
RNA,1.8,9.56,569619,315508,5.45,4.89,1.1,1.6,-0.9,중립,음봉,전저점부근,0.48,0.03,2026-09-17
EQPT,1.8,18.37,3883037,2186845,71.33,41.54,1.7,6.0,-1.4,중립,팽이도지,잔구간,0.41,-0.055,2026-09-17
CDE,1.8,19.98,45198959,24511911,903.08,597.97,1.5,4.1,1.2,매수관심,양봉,완만한상승,0.57,1.68,2026-09-17
IRE,1.8,10.57,8568969,4861479,90.57,66.95,1.4,13.5,-8.4,중립,음봉,잔구간,0.29,-0.475,2026-09-17
SSMR,1.8,16.44,735512,413351,12.09,6.38,1.9,3.8,0.7,중립,위꼬리양봉,잔구간,0.28,-0.63,2026-09-17
AWF,1.8,9.98,459799,250642,4.59,2.53,1.8,0.2,0.3,매수관심,장대양봉,잔구간,0.8,1.18,2026-09-17
MITK,1.8,17.3,936110,521930,16.19,10.06,1.6,0.4,-2.6,매도주의,장대음봉,잔구간,0.19,-1.185,2026-09-17
SMCL,1.8,18.78,842407,474749,15.82,10.23,1.5,7.1,11.4,매수관심,장대양봉,잔구간,0.78,1.17,2026-09-17
SMCX,1.8,13.46,7409366,4080007,99.73,55.37,1.8,6.4,11.7,매수관심,장대양봉,잔구간,0.8,1.18,2026-09-17
BHK,1.8,8.56,590030,326723,5.05,2.56,2.0,0.1,0.0,중립,팽이도지,잔구간,0.55,0.03,2026-09-17
BHC,1.8,5.65,2865489,1601622,16.19,17.14,0.9,1.6,-2.2,매도주의,장대음봉,전저점부근,0.16,-1.66,2026-09-17
SPWR,1.8,0.353,4930520,2678900,1.74,13.46,0.1,2.9,8.3,매수관심,장대양봉,잔구간,0.8,1.18,2026-09-17
ABCL,1.8,12.73,8045088,4413249,102.41,40.41,2.5,4.1,4.8,강한매수,양봉,전고점돌파,0.62,2.34,2026-09-17
PFN,1.8,6.55,1096639,604899,7.18,3.47,2.1,0.5,0.2,매수관심,양봉스프링,잔구간,1.0,1.05,2026-09-17
CORD,1.8,3.55,18168933,9835788,64.5,29.65,2.2,4.6,3.8,중립,양봉,전고점부근,0.61,0.38,2026-09-17
TJGC,1.8,11.01,3306077,1872957,36.4,22.59,1.6,-0.2,0.1,중립,팽이도지,잔구간,0.44,-0.035,2026-09-17
TYGO,1.8,0.986,1441119,822251,1.42,0.77,1.9,1.0,-5.2,매도주의,장대음봉,전저점부근,0.05,-1.79,2026-09-17
AMRX,1.8,18.28,2816756,1534640,51.49,36.88,1.4,2.7,-1.5,강한매도,위꼬리음봉,전고점부근,0.15,-3.37,2026-09-17
ARHS,1.8,7.59,1821673,1031173,13.83,8.18,1.7,3.6,1.7,중립,양봉,잔구간,0.94,0.615,2026-09-17
MRTN,1.8,13.55,1044264,582323,14.15,9.54,1.5,1.0,-1.9,매도주의,장대음봉,전저점부근,0.11,-1.72,2026-09-17
PRLD,1.8,4.57,533876,293664,2.44,1.84,1.3,7.2,-4.6,중립,음봉,잔구간,0.19,-0.535,2026-09-17
BXDC,1.8,19.54,2555150,1405851,49.93,25.21,2.0,0.1,0.2,중립,팽이도지,잔구간,0.43,-0.04,2026-09-17
KARD,1.7,16.69,710335,424777,11.86,9.29,1.3,0.8,-4.4,매도주의,음봉,전저점이탈,0.1,-1.93,2026-09-17
EVV,1.7,8.72,935242,551466,8.16,4.0,2.0,0.5,0.2,매수관심,양봉스프링,잔구간,1.0,1.05,2026-09-17
RDWU,1.7,7.17,743554,437793,5.33,3.08,1.7,7.6,5.6,중립,양봉,전고점부근,0.69,0.48,2026-09-17
NOK,1.7,10.6,144456526,87304978,1531.24,894.28,1.7,5.6,-1.0,중립,음봉,완만한상승,0.35,0.02,2026-09-17
NNDM,1.7,1.55,2892841,1716816,4.48,3.23,1.4,0.6,0.0,중립,위꼬리양봉,완만한상승,0.22,-0.44,2026-09-17
EMD,1.7,10.0,372432,218004,3.72,2.11,1.8,-0.1,0.1,중립,팽이도지,잔구간,0.62,0.07,2026-09-17
HYT,1.7,8.01,1812025,1043403,14.51,7.86,1.8,0.4,0.1,중립,팽이도지,잔구간,0.72,0.13,2026-09-17
HR,1.7,18.4,5826969,3397078,107.22,61.13,1.8,0.4,-0.9,매도주의,음봉,전저점이탈,0.06,-1.98,2026-09-17
VYGR,1.7,3.04,681164,393250,2.07,1.46,1.4,0.0,-0.3,중립,팽이도지,잔구간,0.36,-0.085,2026-09-17
APLX,1.7,8.17,2638890,1558279,21.56,12.06,1.8,9.5,5.7,중립,양봉,잔구간,0.78,0.52,2026-09-17
VFS,1.7,3.24,472391,270743,1.53,1.04,1.5,0.0,3.8,강한매수,장대양봉,전고점돌파,0.92,4.0,2026-09-17
RTAC,1.7,10.45,712927,409570,7.45,5.36,1.4,0.0,0.4,매수관심,장대양봉,잔구간,0.89,1.235,2026-09-17
KPLT,1.7,9.19,317787,189311,2.92,1.79,1.6,0.0,-1.2,중립,망치형,잔구간,0.63,0.58,2026-09-17
IREX,1.7,15.41,2180803,1302900,33.61,23.97,1.4,13.1,-7.7,중립,음봉,잔구간,0.31,-0.465,2026-09-17
ACDC,1.7,5.06,1785182,1075259,9.03,5.65,1.6,-0.2,4.8,매수관심,장대양봉,잔구간,0.97,1.28,2026-09-17
CSHR,1.7,5.16,398282,232849,2.06,1.16,1.8,0.8,3.2,매수관심,양봉스프링,잔구간,0.86,0.965,2026-09-17
QBTS,1.7,17.69,21450288,12437605,379.46,251.28,1.5,3.8,4.7,매수관심,장대양봉,잔구간,0.85,1.21,2026-09-17
SMU,1.7,5.4,4400607,2665249,23.76,18.01,1.3,6.3,11.1,매수관심,장대양봉,잔구간,0.73,1.14,2026-09-17
JFR,1.7,7.49,922124,555464,6.91,4.61,1.5,0.3,0.1,중립,팽이도지,잔구간,0.6,0.06,2026-09-17
LBTYK,1.7,9.9,2996961,1803609,29.67,16.27,1.8,0.6,-2.0,매도주의,장대음봉,전저점부근,0.12,-1.71,2026-09-17
FAC,1.7,5.65,356569,212143,2.01,1.38,1.5,3.8,8.9,매수관심,장대양봉,잔구간,0.77,1.16,2026-09-17
ERAS,1.7,15.34,7548641,4366971,115.8,69.72,1.7,3.1,-3.1,중립,음봉,수횡파,0.3,-0.34,2026-09-17
NMCO,1.7,9.81,715358,420806,7.02,4.92,1.4,0.7,0.0,중립,팽이도지,잔구간,0.35,-0.09,2026-09-17
NTST,1.7,18.23,1600870,927583,29.18,20.73,1.4,0.3,-0.4,중립,망치형,잔구간,0.78,0.67,2026-09-17
CALY,1.7,14.79,2727901,1608841,40.35,24.78,1.6,1.6,-1.9,매도주의,장대음봉,잔구간,0.02,-1.29,2026-09-17
CLBK,1.7,11.55,6346878,3699215,73.31,41.8,1.8,1.2,-0.4,중립,음봉,잔구간,0.13,-0.57,2026-09-17
FDMT,1.7,14.68,930578,559140,13.66,9.44,1.4,1.2,5.4,매수관심,장대양봉,잔구간,0.8,1.18,2026-09-17
AZ,1.7,5.65,522586,308014,2.95,2.11,1.4,3.4,-2.4,중립,음봉,완만한상승,0.27,-0.08,2026-09-17
MBC,1.7,6.55,4971215,2885957,32.56,17.49,1.9,3.0,-4.2,중립,음봉,전저점부근,0.3,-0.19,2026-09-17
CBRX,1.6,9.8,458319,291398,4.49,4.46,1.0,4.0,0.0,매수관심,팽이도지,완만한상승,0.42,0.8,2026-09-17
RETL,1.6,7.3,390764,237464,2.85,1.66,1.7,3.0,-2.7,매도주의,장대음봉,잔구간,0.04,-1.275,2026-09-17
BULL,1.6,7.71,18024429,11496200,138.97,140.14,1.0,3.4,-3.0,매도주의,장대음봉,전저점부근,0.25,-1.55,2026-09-17
QTEX,1.6,0.87,1965728,1221983,1.71,1.14,1.5,3.6,1.3,중립,팽이도지,잔구간,0.5,0.0,2026-09-17
INGN,1.6,5.13,442723,279993,2.27,1.52,1.5,0.8,-0.8,중립,음봉,잔구간,0.5,-0.35,2026-09-17
VYX,1.6,6.94,4583431,2917806,31.81,23.81,1.3,0.1,-2.5,매도주의,음봉,전저점이탈,0.32,-1.67,2026-09-17
VELO,1.6,10.73,1401253,895052,15.04,9.57,1.6,4.6,2.7,중립,양봉,잔구간,0.34,0.255,2026-09-17
ZGN,1.6,12.36,2015211,1293558,24.91,18.36,1.4,2.3,2.4,중립,양봉,잔구간,0.55,0.38,2026-09-17
RGP,1.6,3.97,485252,306034,1.93,1.3,1.5,1.2,-2.7,매도주의,장대음봉,잔구간,0.27,-1.14,2026-09-17
NCTY,1.6,3.92,397750,244092,1.56,1.05,1.5,1.8,-1.3,매도주의,위꼬리음봉,잔구간,0.08,-1.0,2026-09-17
REF,1.6,15.31,875905,543746,13.41,6.27,2.1,0.8,-3.4,중립,음봉,잔구간,0.35,-0.44,2026-09-17
NVDQ,1.6,8.88,5885189,3744987,52.26,48.55,1.1,-4.1,-1.0,중립,음봉,잔구간,0.23,-0.51,2026-09-17
FUBO,1.6,9.9,1895848,1153729,18.77,14.88,1.3,1.6,-8.1,강한매도,장대음봉,전저점이탈,0.01,-3.34,2026-09-17
SSYS,1.6,8.0,930901,583361,7.45,5.01,1.5,2.5,3.1,중립,양봉,잔구간,0.58,0.4,2026-09-17
BILI,1.6,14.4,5671284,3479932,81.67,66.37,1.2,-1.7,-1.7,강한매도,장대음봉,전저점이탈,0.04,-3.3,2026-09-17
BIOA,1.6,8.09,940136,603483,7.61,4.58,1.7,1.3,3.1,중립,양봉,잔구간,0.59,0.405,2026-09-17
BFLY,1.6,7.96,5936521,3773548,47.25,31.24,1.5,2.9,6.6,강한매수,장대양봉,완만한상승,0.76,3.21,2026-09-17
OMER,1.6,18.45,2567943,1593476,47.38,24.97,1.9,1.0,5.3,매수관심,장대양봉,잔구간,0.9,1.24,2026-09-17
SGML,1.6,8.88,3164149,1943271,28.1,23.98,1.2,3.2,-4.4,매도주의,장대음봉,잔구간,0.04,-1.275,2026-09-17
SHLS,1.6,7.65,5820434,3733713,44.53,30.56,1.5,3.8,8.1,강한매수,장대양봉,전고점부근,0.96,2.1,2026-09-17
QMLS,1.6,6.07,436644,274339,2.65,1.73,1.5,0.4,12.4,매수관심,장대양봉,잔구간,0.93,1.26,2026-09-17
FISN,1.6,8.12,345018,210256,2.8,1.59,1.8,1.3,12.9,강한매수,장대양봉,전고점돌파,0.9,3.98,2026-09-17
RC,1.6,1.63,1369077,858336,2.23,1.37,1.6,1.9,1.2,중립,위꼬리양봉,잔구간,0.29,-0.625,2026-09-17
QNST,1.6,17.67,1084143,677505,19.16,13.54,1.4,0.8,-4.7,매도주의,장대음봉,잔구간,0.18,-1.19,2026-09-17
RCEL,1.6,11.22,371589,235318,4.17,3.07,1.4,1.9,5.4,강한매수,장대양봉,전고점부근,0.96,2.1,2026-09-17
DFH,1.6,11.71,1452217,932155,17.01,11.01,1.5,3.3,-5.6,매도주의,장대음봉,전저점부근,0.06,-1.78,2026-09-17
DGXX,1.6,3.84,2073165,1267998,7.96,5.62,1.4,3.8,1.1,중립,위꼬리양봉,잔구간,0.43,-0.54,2026-09-17
GORO,1.6,3.51,1792828,1127275,6.29,6.73,0.9,3.4,-2.5,중립,음봉,잔구간,0.05,-0.62,2026-09-17
HBAN,1.6,15.88,37150438,22873516,589.95,446.86,1.3,0.5,-0.1,중립,망치형,잔구간,0.78,0.67,2026-09-17
GSBD,1.6,9.99,1001201,635440,10.0,8.02,1.2,1.1,0.9,중립,위꼬리양봉,전고점돌파,0.41,0.39,2026-09-17
LABX,1.6,10.47,2071583,1318487,21.69,13.12,1.7,8.2,9.2,강한매수,장대양봉,완만한상승,1.0,3.5,2026-09-17
LCID,1.6,4.28,19966337,12423378,85.46,48.43,1.8,4.1,1.8,중립,위꼬리양봉,잔구간,0.24,-0.655,2026-09-17
KEEL,1.6,3.61,43522088,27411087,157.11,108.77,1.4,6.5,-0.3,중립,팽이도지,잔구간,0.48,-0.01,2026-09-17
HIVE,1.6,3.11,16067778,10223973,49.97,38.23,1.3,5.0,2.1,중립,양봉,잔구간,0.86,0.565,2026-09-17
TDAY,1.6,6.32,2861445,1769372,18.08,12.71,1.4,1.4,-3.8,매도주의,장대음봉,잔구간,0.02,-1.29,2026-09-17
UIS,1.6,2.48,731016,467794,1.81,1.32,1.4,3.7,-2.4,중립,음봉,완만한상승,0.3,-0.04,2026-09-17
TBLA,1.6,3.68,2434472,1490030,8.96,5.97,1.5,1.0,-4.4,매도주의,장대음봉,전저점부근,0.05,-1.79,2026-09-17
PANL,1.6,8.41,630561,396532,5.3,3.4,1.6,1.0,0.6,중립,위꼬리양봉,완만한상승,0.33,-0.3,2026-09-17
CORZ,1.6,17.14,16107009,10041687,276.07,192.78,1.4,6.6,-4.7,매도주의,장대음봉,잔구간,0.25,-1.15,2026-09-17
OVID,1.6,2.7,1985828,1231668,5.36,3.41,1.6,1.9,-1.1,중립,음봉,잔구간,0.36,-0.435,2026-09-17
WFCpZ,1.6,17.42,523145,336049,9.11,6.51,1.4,0.3,-0.3,매수관심,팽이도지,완만한상승,0.55,0.96,2026-09-17
IVVD,1.6,0.746,5842996,3697768,4.36,2.58,1.7,1.8,-9.0,강한매도,장대음봉,전저점이탈,0.16,-3.16,2026-09-17
WDCX,1.6,15.29,1711087,1081937,26.16,20.42,1.3,4.9,-1.4,중립,팽이도지,잔구간,0.48,-0.01,2026-09-17
ABR,1.6,4.48,6461304,3995823,28.95,18.56,1.6,1.1,-2.0,중립,음봉,전저점부근,0.25,-0.25,2026-09-17
ANGX,1.5,4.9,3569618,2349939,17.49,10.06,1.7,0.8,-8.2,매도주의,장대음봉,잔구간,0.24,-1.155,2026-09-17
ANGO,1.5,15.37,558681,365646,8.59,6.38,1.3,0.6,-1.2,매도주의,장대음봉,잔구간,0.17,-1.2,2026-09-17
AMC,1.5,2.71,25999904,17536151,70.46,62.72,1.1,1.9,0.0,강한매도,위꼬리양봉,전고점부근,0.24,-2.76,2026-09-17
UAVS,1.5,0.995,1259965,837143,1.25,1.1,1.1,4.2,2.1,중립,위꼬리양봉,잔구간,0.27,-0.64,2026-09-17
DNUT,1.5,3.05,2505856,1644386,7.64,6.02,1.3,0.6,-2.6,강한매도,장대음봉,전저점이탈,0.08,-3.25,2026-09-17
ORN,1.5,9.04,482759,331045,4.36,3.24,1.3,1.6,-2.5,중립,음봉,잔구간,0.31,-0.465,2026-09-17
DHF,1.5,2.28,618147,418473,1.41,0.74,1.9,0.0,0.4,강한매수,양봉,완만한상승,1.0,2.2,2026-09-17
DEC,1.5,13.89,954526,656298,13.26,11.81,1.1,-0.5,-1.4,매도주의,음봉,전저점이탈,0.07,-1.97,2026-09-17
PACK,1.5,3.99,707523,487394,2.82,1.9,1.5,2.6,1.3,중립,양봉,잔구간,0.75,0.5,2026-09-17
PPLT,1.5,16.06,3499284,2412875,56.2,38.93,1.4,2.0,-0.6,중립,음봉,완만한상승,0.09,-0.29,2026-09-17
DTIL,1.5,6.67,373895,254926,2.49,1.6,1.6,2.1,-1.5,중립,팽이도지,잔구간,0.51,0.005,2026-09-17
RDTL,1.5,13.17,914396,610085,12.04,8.2,1.5,-3.8,-2.2,중립,팽이도지,잔구간,0.48,-0.01,2026-09-17
MARA,1.5,11.64,70466460,45778124,820.23,528.95,1.6,3.8,1.6,매수관심,양봉스프링,잔구간,0.77,0.91,2026-09-17
GMRS,1.5,12.66,917696,592482,11.62,10.93,1.1,1.3,-3.7,매도주의,장대음봉,잔구간,0.29,-1.125,2026-09-17
THM,1.5,2.43,1005540,683535,2.44,1.46,1.7,3.0,0.4,중립,팽이도지,완만한상승,0.36,0.73,2026-09-17
LXEO,1.5,4.18,1099054,753956,4.59,2.8,1.6,2.6,-2.1,중립,음봉,잔구간,0.17,-0.55,2026-09-17
LWLG,1.5,5.02,3090551,2070998,15.51,12.26,1.3,4.8,-0.8,매도주의,위꼬리음봉,잔구간,0.18,-0.94,2026-09-17
BB,1.5,7.94,12779852,8386658,101.47,67.97,1.5,2.6,1.3,중립,위꼬리양봉,완만한상승,0.46,-0.15,2026-09-17
HAPN,1.5,16.16,2030031,1373955,32.81,20.35,1.6,2.2,-2.7,매도주의,장대음봉,잔구간,0.3,-1.12,2026-09-17
RBBN,1.5,1.67,1101434,710647,1.84,1.82,1.0,1.8,0.0,매수관심,팽이도지,완만한상승,0.75,1.2,2026-09-17
QUBT,1.5,8.44,7645940,5242100,64.53,46.05,1.4,3.6,1.8,중립,양봉,잔구간,0.73,0.49,2026-09-17
MGTX,1.5,13.05,953036,625439,12.44,8.93,1.4,3.5,-1.2,중립,음봉,잔구간,0.32,-0.46,2026-09-17
MMT,1.5,4.3,362131,235278,1.56,1.17,1.3,0.0,-0.7,중립,음봉,전저점부근,0.0,-0.55,2026-09-17
FSOL,1.5,11.89,389262,259558,4.63,3.71,1.2,2.1,1.0,중립,양봉,잔구간,0.61,0.415,2026-09-17
BDN,1.5,2.93,2292699,1483830,6.72,5.25,1.3,1.0,-0.7,중립,음봉,잔구간,0.31,-0.465,2026-09-17
BGC,1.5,11.99,5963696,3909651,71.5,38.11,1.9,0.4,-2.0,매도주의,장대음봉,수횡파,0.26,-1.69,2026-09-17
BLMN,1.5,8.05,3107322,2023794,25.01,17.48,1.4,2.1,-1.9,중립,음봉,완만한상승,0.13,-0.24,2026-09-17
EIM,1.5,9.17,321374,211131,2.95,1.83,1.6,0.3,1.0,매수관심,장대양봉,잔구간,0.81,1.185,2026-09-17
XIFR,1.5,11.27,813730,541297,9.17,6.55,1.4,2.1,-0.2,중립,팽이도지,잔구간,0.64,0.085,2026-09-17
VOD,1.5,17.52,4073766,2756362,71.37,52.79,1.4,0.6,-0.2,매수관심,망치형,완만한상승,0.57,1.98,2026-09-17
VRA,1.5,4.25,584291,377320,2.48,6.22,0.4,3.0,2.7,중립,양봉,잔구간,0.93,0.61,2026-09-17
CYRX,1.5,16.78,753472,502857,12.64,7.86,1.6,1.8,-0.1,중립,팽이도지,완만한상승,0.4,0.78,2026-09-17
KC,1.5,9.38,1697874,1113101,15.93,11.32,1.4,1.1,-1.5,중립,음봉,잔구간,0.42,-0.4,2026-09-17
HLIT,1.5,10.99,1932714,1330198,21.24,15.71,1.4,3.5,-4.8,강한매도,장대음봉,전저점이탈,0.03,-3.31,2026-09-17
HTLD,1.5,11.92,988307,671198,11.78,9.05,1.3,1.3,-0.9,중립,음봉,완만한상승,0.0,-0.4,2026-09-17
AKBA,1.5,0.895,8717316,5960121,7.81,6.7,1.2,0.8,-3.3,중립,음봉,전저점부근,0.36,-0.12,2026-09-17
RGNX,1.5,8.215,1808112,1201833,14.85,9.41,1.6,4.5,-1.5,중립,팽이도지,잔구간,0.36,-0.085,2026-09-17
RXST,1.5,5.32,1011866,673330,5.38,4.41,1.2,3.3,-4.7,매도주의,장대음봉,전저점부근,0.37,-1.41,2026-09-17
NEOG,1.5,12.83,3582436,2455804,45.96,30.92,1.5,1.6,0.6,매수관심,팽이도지,완만한상승,0.56,0.97,2026-09-17
NMFC,1.5,7.13,668796,432804,4.77,3.16,1.5,0.6,1.4,중립,양봉,잔구간,0.49,0.345,2026-09-17
NNE,1.5,16.97,2345859,1595778,39.81,28.2,1.4,3.7,4.6,매수관심,장대양봉,잔구간,0.84,1.205,2026-09-17
NAVI,1.5,9.84,1849852,1250224,18.2,13.86,1.3,1.3,-0.3,중립,팽이도지,완만한상승,0.39,0.77,2026-09-17
SATL,1.5,5.51,6340108,4325811,34.93,20.29,1.7,3.0,8.0,강한매수,장대양봉,전고점돌파,0.7,3.74,2026-09-17
BRR,1.5,3.44,3206046,2145597,11.03,5.69,1.9,2.8,3.0,강한매수,양봉,전고점돌파,0.5,2.2,2026-09-17
MSTW,1.5,4.235,2622456,1807923,11.11,8.69,1.3,3.0,2.5,중립,양봉,잔구간,0.79,0.525,2026-09-17
FMC,1.5,10.2,4479691,2977696,45.69,40.59,1.1,0.4,-5.9,강한매도,장대음봉,전저점이탈,0.08,-3.25,2026-09-17
FOSL,1.5,5.63,876980,602820,4.94,3.17,1.6,2.6,3.1,강한매수,양봉,전고점돌파,0.49,2.19,2026-09-17
SHEN,1.5,11.47,1059193,713043,12.15,8.28,1.5,1.4,-2.4,매도주의,음봉,전저점이탈,0.28,-1.71,2026-09-17
SGHC,1.5,12.8,3114357,2070249,39.86,31.93,1.2,1.1,-4.9,강한매도,장대음봉,전저점이탈,0.05,-3.29,2026-09-17
MOBX,1.5,0.936,1946797,1256234,1.82,18.86,0.1,3.4,-3.8,중립,음봉,전저점부근,0.3,-0.19,2026-09-17
CAPR,1.5,9.42,3939502,2568427,37.11,26.75,1.4,4.3,5.5,매수관심,양봉,완만한상승,0.62,1.74,2026-09-17
ACVA,1.5,10.48,23704155,15458131,248.42,189.41,1.3,0.4,0.2,중립,양봉,전고점부근,0.6,0.37,2026-09-17
WSE,1.5,11.72,2315450,1584456,27.14,19.62,1.4,0.3,-0.3,매도주의,위꼬리음봉,완만한상승,0.06,-1.13,2026-09-17
RGTX,1.5,9.89,1325067,897320,13.1,10.06,1.3,7.0,8.1,매수관심,장대양봉,잔구간,0.79,1.175,2026-09-17
REFI,1.5,11.15,312517,215419,3.48,2.02,1.7,0.6,0.6,매수관심,팽이도지,전고점돌파,0.48,1.48,2026-09-17
EQ,1.5,1.89,708076,475828,1.34,0.99,1.4,2.4,-0.5,중립,팽이도지,잔구간,0.6,0.06,2026-09-17
CIEG,1.5,3.94,902956,584844,3.56,3.31,1.1,8.2,-5.7,중립,음봉,완만한상승,0.05,-0.34,2026-09-17
REM,1.5,19.8,760335,512519,15.05,13.18,1.1,1.3,-1.0,매도주의,장대음봉,잔구간,0.0,-1.3,2026-09-17
ABTC,1.5,8.83,1880600,1256609,16.61,14.86,1.1,3.8,4.5,중립,양봉,전고점부근,0.62,0.39,2026-09-17
NTLA,1.5,12.26,5760971,3957841,70.63,43.56,1.6,4.4,2.3,중립,위꼬리양봉,잔구간,0.34,-0.595,2026-09-17
CLB,1.4,11.4,642390,449330,7.32,5.16,1.4,1.1,-1.6,매도주의,장대음봉,잔구간,0.04,-1.275,2026-09-17
QTRX,1.4,3.12,955753,690461,2.98,3.08,1.0,1.0,6.1,강한매수,장대양봉,전고점돌파,0.76,3.81,2026-09-17
QS,1.4,5.17,14010048,10254024,72.43,50.07,1.4,3.6,-0.2,매도주의,위꼬리음봉,잔구간,0.13,-0.97,2026-09-17
EDIT,1.4,2.72,3515907,2478592,9.56,5.82,1.6,3.3,-2.9,중립,음봉,완만한상승,0.04,-0.35,2026-09-17
RA,1.4,12.03,325873,234051,3.92,3.12,1.3,0.2,0.6,매수관심,장대양봉,잔구간,1.0,1.3,2026-09-17
SNAP,1.4,5.65,49720151,35786296,280.92,183.62,1.5,2.3,-3.4,중립,음봉,잔구간,0.05,-0.62,2026-09-17
CRVS,1.4,12.55,1534756,1100811,19.26,13.52,1.4,2.6,0.0,중립,팽이도지,잔구간,0.32,-0.11,2026-09-17
ORCZ,1.4,15.073,375420,259203,5.66,5.25,1.1,-5.3,-5.4,매도주의,장대음봉,잔구간,0.24,-1.155,2026-09-17
UGP,1.4,7.58,4212813,3109214,31.93,24.75,1.3,-0.4,0.7,강한매수,양봉스프링,완만한상승,0.95,2.94,2026-09-17
TENX,1.4,1.86,3565114,2505245,6.63,9.98,0.7,3.8,-1.6,중립,팽이도지,잔구간,0.38,-0.07,2026-09-17
DSU,1.4,9.1,337430,247902,3.07,2.38,1.3,0.3,0.0,중립,팽이도지,잔구간,0.55,0.03,2026-09-17
PSEC,1.4,2.24,4107312,2876573,9.2,7.3,1.3,0.9,0.9,중립,양봉,전고점부근,0.45,0.19,2026-09-17
PURR,1.4,12.83,30340302,21816927,389.27,261.62,1.5,5.8,6.0,강한매수,장대양봉,전고점돌파,0.9,3.98,2026-09-17
HAWK,1.4,17.28,1582630,1105138,27.35,25.46,1.1,5.1,1.6,중립,양봉,잔구간,0.77,0.51,2026-09-17
LULG,1.4,4.104,979742,699041,4.02,8.27,0.5,2.0,4.7,중립,양봉,잔구간,0.85,0.56,2026-09-17
HIX,1.4,3.78,393887,272259,1.49,1.09,1.4,0.0,0.8,중립,양봉,잔구간,0.8,0.53,2026-09-17
LPTH,1.4,10.11,4579858,3184091,46.3,34.47,1.3,5.9,1.7,중립,양봉,잔구간,0.6,0.41,2026-09-17
GLWG,1.4,12.38,1489401,1032764,18.44,14.18,1.3,10.0,-4.5,중립,음봉,완만한상승,0.05,-0.34,2026-09-17
SOFX,1.4,7.95,1148925,846831,9.13,9.47,1.0,5.1,-6.0,매도주의,장대음봉,잔구간,0.04,-1.275,2026-09-17
SMPL,1.4,10.05,3063268,2252449,30.79,23.05,1.3,2.2,-3.5,매도주의,장대음봉,잔구간,0.1,-1.24,2026-09-17
SMR,1.4,9.04,49346310,35973307,446.09,356.85,1.3,3.0,5.8,매수관심,장대양봉,잔구간,0.7,1.12,2026-09-17
SNDG,1.4,9.155,7497488,5433895,68.64,66.13,1.0,5.6,6.1,매수관심,장대양봉,잔구간,0.83,1.2,2026-09-17
SPIR,1.4,12.14,691743,491967,8.4,6.21,1.4,1.8,3.8,매수관심,장대양봉,잔구간,0.75,1.15,2026-09-17
NU,1.4,13.84,90742409,66992246,1255.87,1046.4,1.2,1.3,-1.0,중립,음봉,잔구간,0.44,-0.385,2026-09-17
NPKI,1.4,12.75,860001,628410,10.97,8.36,1.3,0.7,-1.9,중립,음봉,잔구간,0.11,-0.585,2026-09-17
BYND,1.4,11.7,1455554,1065379,17.03,12.8,1.3,2.2,4.6,중립,양봉,잔구간,0.58,0.4,2026-09-17
BZAI,1.4,0.615,3789332,2676274,2.33,1.68,1.4,1.8,2.7,중립,위꼬리양봉,완만한상승,0.38,-0.24,2026-09-17
BXMT,1.4,13.5,2831537,2079792,38.23,24.75,1.5,1.0,0.6,중립,양봉,잔구간,0.54,0.375,2026-09-17
RES,1.4,5.93,2296031,1677698,13.62,10.87,1.3,0.2,-1.0,중립,음봉,잔구간,0.2,-0.53,2026-09-17
RIVN,1.4,15.4,26799732,18776811,412.72,292.31,1.4,2.3,-1.2,매도주의,위꼬리음봉,잔구간,0.03,-1.03,2026-09-17
BTGO,1.4,6.76,2066743,1463164,13.97,14.17,1.0,2.3,3.0,중립,양봉,잔구간,0.49,0.345,2026-09-17
RGTI,1.4,15.99,19529782,14069292,312.28,253.74,1.2,3.7,4.3,매수관심,장대양봉,잔구간,0.8,1.18,2026-09-17
SGMT,1.4,11.17,1019327,746063,11.39,10.65,1.1,2.2,4.5,강한매수,장대양봉,완만한상승,0.74,3.19,2026-09-17
GENI,1.4,6.48,7189336,5116385,46.59,33.06,1.4,1.1,-3.1,중립,음봉,잔구간,0.4,-0.41,2026-09-17
GAB,1.4,5.37,1140529,823822,6.12,4.19,1.5,1.1,0.4,중립,양봉,잔구간,0.8,0.53,2026-09-17
BSCT,1.4,18.365,918977,657695,16.88,13.05,1.3,0.2,-0.0,중립,음봉,잔구간,0.5,-0.35,2026-09-17
BTAL,1.4,12.39,1021270,737236,12.65,8.96,1.4,-1.3,0.5,매수관심,장대양봉,잔구간,1.0,1.3,2026-09-17
MTRX,1.4,9.95,547884,383198,5.45,4.99,1.1,2.0,-1.5,중립,음봉,잔구간,0.43,-0.39,2026-09-17
MUX,1.4,18.59,1319371,969282,24.53,18.49,1.3,3.6,-1.3,매도주의,장대음봉,잔구간,0.32,-1.11,2026-09-17
SFL,1.4,13.75,1967854,1385139,27.06,20.21,1.3,0.3,1.5,중립,양봉,전고점부근,0.54,0.3,2026-09-17
HSDT,1.4,2.29,491285,343613,1.13,0.92,1.2,0.9,-1.3,중립,음봉,잔구간,0.6,-0.29,2026-09-17
HTGC,1.4,17.76,1528040,1107949,27.14,21.64,1.3,0.7,0.3,중립,위꼬리양봉,완만한상승,0.36,-0.27,2026-09-17
AAOG,1.4,2.035,3341966,2378976,6.8,5.82,1.2,9.1,-5.8,중립,음봉,잔구간,0.27,-0.49,2026-09-17
NG,1.4,7.43,9456945,6577166,70.27,43.82,1.6,4.0,2.2,중립,양봉,잔구간,0.71,0.475,2026-09-17
NVCR,1.4,16.72,1483006,1088228,24.8,18.49,1.3,2.2,0.8,매수관심,팽이도지,완만한상승,0.69,1.13,2026-09-17
ADCT,1.4,1.06,1545569,1124464,1.64,1.94,0.8,1.0,0.0,중립,팽이도지,잔구간,0.56,0.035,2026-09-17
UNG,1.4,10.33,25508445,18399617,263.5,179.34,1.5,-0.6,0.3,중립,위꼬리양봉,잔구간,0.14,-0.715,2026-09-17
YMAX,1.4,7.46,1261155,888072,9.41,7.34,1.3,1.0,1.5,매수관심,장대양봉,잔구간,0.92,1.25,2026-09-17
IKT,1.4,2.3,475530,351435,1.09,0.91,1.2,0.0,-0.4,매도주의,위꼬리음봉,잔구간,0.19,-0.935,2026-09-17
PDYN,1.4,5.75,978054,685691,5.62,3.74,1.5,2.5,0.0,중립,팽이도지,잔구간,0.3,-0.12,2026-09-17
CXDO,1.4,5.71,347960,256973,1.99,1.83,1.1,1.1,0.2,매수관심,팽이도지,완만한상승,0.52,0.92,2026-09-17
VMD,1.4,8.95,317401,231502,2.84,2.25,1.3,0.0,0.1,매수관심,팽이도지,완만한상승,0.51,0.91,2026-09-17
YSS,1.4,8.76,4253902,3073008,37.26,24.93,1.5,2.7,3.7,매수관심,양봉,완만한상승,0.6,1.72,2026-09-17
VUZI,1.4,2.75,789527,552054,2.17,1.41,1.5,1.6,5.4,강한매수,장대양봉,전고점돌파,0.77,3.82,2026-09-17
AIOT,1.4,2.97,1584983,1167589,4.71,3.27,1.4,1.7,-3.6,매도주의,장대음봉,잔구간,0.0,-1.3,2026-09-17
AIB,1.3,1.4,749451,558562,1.05,1.51,0.7,2.1,-4.1,중립,음봉,잔구간,0.3,-0.47,2026-09-17
VLN,1.3,1.63,763291,597397,1.24,1.12,1.1,3.8,0.0,중립,팽이도지,잔구간,0.4,-0.06,2026-09-17
VRRM,1.3,3.41,9113560,7179442,31.08,21.97,1.4,0.3,-3.9,강한매도,장대음봉,전저점이탈,0.18,-3.13,2026-09-17
VNCE,1.3,9.82,749340,582910,7.36,4.93,1.5,1.4,12.4,강한매수,장대양봉,전고점돌파,0.87,3.94,2026-09-17
ZNTL,1.3,3.08,1090672,826033,3.36,3.47,1.0,2.6,-3.1,중립,음봉,잔구간,0.31,-0.465,2026-09-17
IBX,1.3,18.09,376458,294262,6.81,5.19,1.3,0.7,-0.4,매도주의,위꼬리음봉,완만한상승,0.05,-1.14,2026-09-17
IONL,1.3,12.99,725030,562232,9.42,7.54,1.2,8.3,9.9,매수관심,장대양봉,잔구간,0.83,1.2,2026-09-17
KLRA,1.3,12.92,1036254,779631,13.39,11.52,1.2,2.9,-1.1,중립,음봉,잔구간,0.5,-0.35,2026-09-17
XRX,1.3,3.62,3678730,2758797,13.32,8.64,1.5,1.3,2.7,강한매수,양봉,전고점돌파,0.96,2.75,2026-09-17
IREG,1.3,8.715,763939,586025,6.66,6.26,1.1,13.4,-8.2,중립,음봉,잔구간,0.29,-0.475,2026-09-17
USAS,1.3,5.06,4615677,3569080,23.36,19.03,1.2,4.4,5.9,매수관심,장대양봉,잔구간,0.91,1.245,2026-09-17
URG,1.3,1.22,6427187,4983515,7.84,6.65,1.2,1.7,0.0,중립,팽이도지,잔구간,0.4,-0.06,2026-09-17
USA,1.3,5.87,1737277,1365385,10.2,7.71,1.3,-0.3,-0.2,매도주의,위꼬리음봉,잔구간,0.25,-0.9,2026-09-17
PCT,1.3,5.69,4208560,3348858,23.95,18.81,1.3,2.9,0.2,중립,팽이도지,잔구간,0.71,0.125,2026-09-17
PLUG,1.3,2.12,61379545,46794790,130.12,100.94,1.3,2.7,2.2,중립,양봉,잔구간,0.43,0.31,2026-09-17
RKLX,1.3,16.57,3738218,2933177,61.94,42.96,1.4,5.7,6.6,강한매수,장대양봉,완만한상승,0.83,3.3,2026-09-17
NBIZ,1.3,6.26,10615681,8276768,66.45,49.99,1.3,-19.8,14.1,중립,양봉,잔구간,0.64,0.435,2026-09-17
RR,1.3,1.71,4501079,3348496,7.7,7.18,1.1,2.2,4.0,매수관심,장대양봉,잔구간,0.81,1.185,2026-09-17
MSFD,1.3,10.34,1604642,1276801,16.59,12.86,1.3,-1.3,-0.2,중립,팽이도지,잔구간,0.41,-0.055,2026-09-17
FNB,1.3,18.04,4497467,3587092,81.13,68.01,1.2,1.3,-0.4,강한매수,망치형,완만한상승,0.61,2.03,2026-09-17
MUZ,1.3,8.33,10128613,7856573,84.37,73.92,1.1,-6.0,-5.3,매도주의,장대음봉,잔구간,0.28,-1.13,2026-09-17
FPSX,1.3,4.48,630323,495363,2.82,1.55,1.8,14.5,3.2,강한매수,양봉,전고점돌파,0.93,2.72,2026-09-17
NEO,1.3,19.89,2006839,1522576,39.92,27.75,1.4,0.9,4.1,강한매수,장대양봉,전고점돌파,1.0,4.1,2026-09-17
XHLD,1.3,9.72,5752082,4367964,55.91,36.76,1.5,-1.8,2.5,매수관심,양봉,완만한상승,0.79,1.95,2026-09-17
WRD,1.3,5.6,2814092,2222968,15.76,11.28,1.4,2.0,-0.4,매도주의,위꼬리음봉,잔구간,0.25,-0.9,2026-09-17
REAL,1.3,9.46,2532643,1977600,23.96,19.84,1.2,3.5,-3.6,매도주의,장대음봉,잔구간,0.07,-1.26,2026-09-17
EPM,1.3,3.69,658885,490661,2.43,1.97,1.2,0.3,1.4,강한매수,양봉스프링,수횡파,0.76,3.41,2026-09-17
ABOS,1.3,2.57,490021,369907,1.26,1.07,1.2,3.1,-4.5,중립,음봉,전저점부근,0.16,-0.36,2026-09-17
XZO,1.3,16.59,350573,261865,5.82,4.03,1.4,0.0,1.0,매수관심,양봉,완만한상승,0.74,1.89,2026-09-17
CBRG,1.3,3.29,12332738,9606163,40.57,40.86,1.0,4.8,-0.3,매수관심,팽이도지,완만한상승,0.42,0.8,2026-09-17
MX,1.3,2.81,477849,354541,1.34,0.99,1.4,2.9,-1.7,매도주의,장대음봉,잔구간,0.13,-1.22,2026-09-17
NRXP,1.3,3.39,789018,618378,2.67,2.19,1.2,0.9,0.3,중립,위꼬리양봉,완만한상승,0.19,-0.47,2026-09-17
NFXL,1.3,16.47,1169489,879278,19.26,18.6,1.0,1.2,-4.0,매도주의,장대음봉,전저점부근,0.0,-1.85,2026-09-17
BUR,1.3,3.99,2424661,1937711,9.67,8.08,1.2,2.1,1.0,중립,팽이도지,잔구간,0.53,0.02,2026-09-17
COLD,1.3,14.86,5181777,3998229,77.0,52.58,1.5,1.4,0.9,매수관심,팽이도지,완만한상승,0.69,1.13,2026-09-17
CONL,1.3,5.09,29804071,23804235,151.7,121.87,1.2,6.3,4.5,중립,양봉,잔구간,0.96,0.625,2026-09-17
CBRZ,1.3,9.13,430946,321671,3.93,5.76,0.7,-5.5,0.9,중립,팽이도지,잔구간,0.61,0.065,2026-09-17
CCO,1.3,2.38,3121120,2430280,7.43,7.81,1.0,0.0,-0.4,매도주의,장대음봉,전저점부근,0.0,-1.85,2026-09-17
TNXP,1.3,11.42,388788,288183,4.44,4.1,1.1,2.0,-4.8,강한매도,장대음봉,전저점이탈,0.12,-3.21,2026-09-17
KREF,1.3,6.82,714245,560234,4.87,3.6,1.4,1.4,-3.7,강한매도,장대음봉,전저점이탈,0.07,-3.27,2026-09-17
UAA,1.3,4.97,11785053,8798619,58.57,39.68,1.5,2.2,-2.7,중립,음봉,잔구간,0.44,-0.385,2026-09-17
TSLL,1.3,9.71,70963924,53928186,689.06,762.72,0.9,5.2,-0.9,매도주의,위꼬리음봉,잔구간,0.23,-0.91,2026-09-17
ALT,1.3,3.24,3457393,2633871,11.2,11.56,1.0,2.2,-2.1,중립,음봉,잔구간,0.21,-0.525,2026-09-17
AMPG,1.3,3.405,812579,629313,2.77,2.61,1.1,2.1,-0.1,매도주의,위꼬리음봉,완만한상승,0.03,-1.16,2026-09-17
AOD,1.3,10.43,467213,357900,4.87,3.82,1.3,1.0,-0.2,중립,팽이도지,잔구간,0.3,-0.12,2026-09-17
VGZ,1.3,2.25,1221199,948441,2.75,2.48,1.1,2.8,0.9,중립,위꼬리양봉,완만한상승,0.21,-0.45,2026-09-17
TKC,1.3,5.1,2089835,1594433,10.66,11.12,1.0,2.6,0.8,매수관심,양봉,완만한상승,0.56,1.67,2026-09-17
SUPX,1.3,7.86,1305037,1037590,10.26,7.59,1.4,0.0,-3.9,매도주의,장대음봉,잔구간,0.22,-1.17,2026-09-17
STRO,1.3,15.48,348384,262479,5.39,6.3,0.9,2.2,-2.9,중립,음봉,잔구간,0.26,-0.495,2026-09-17
STUB,1.3,5.94,6789510,5172280,40.33,34.82,1.2,1.5,-0.7,강한매수,망치형,완만한상승,0.83,2.3,2026-09-17
GT,1.3,5.15,13065036,9792897,67.28,54.93,1.2,2.3,-2.5,중립,음봉,전저점부근,0.38,-0.09,2026-09-17
PACB,1.3,1.38,6228872,4713782,8.6,6.07,1.4,2.2,0.7,중립,위꼬리양봉,완만한상승,0.29,-0.35,2026-09-17
KVYO,1.3,15.87,7763126,6162497,123.2,104.93,1.2,-0.8,-1.4,중립,음봉,전저점부근,0.51,0.06,2026-09-17
PTA,1.3,18.09,377505,290860,6.83,4.4,1.6,0.8,0.7,중립,양봉,잔구간,0.6,0.41,2026-09-17
CSIQ,1.3,11.75,2104968,1670057,24.73,23.88,1.0,1.7,1.9,중립,양봉,잔구간,0.45,0.32,2026-09-17
PUMP,1.3,10.46,5214172,4097619,54.54,37.17,1.5,1.0,1.5,중립,양봉,잔구간,0.67,0.45,2026-09-17
DCH,1.3,6.11,3511695,2791862,21.46,16.12,1.3,2.8,-1.0,매도주의,위꼬리음봉,잔구간,0.11,-0.985,2026-09-17
DPRO,1.3,5.75,1291197,1010261,7.42,11.16,0.7,0.0,5.9,매수관심,장대양봉,잔구간,0.68,1.11,2026-09-17
OXLC,1.3,9.0,898419,676064,8.09,7.01,1.2,0.4,-2.3,강한매도,장대음봉,전저점이탈,0.04,-3.3,2026-09-17
QBTX,1.3,6.55,2877204,2180138,18.85,14.96,1.3,7.0,9.5,매수관심,장대양봉,잔구간,0.84,1.205,2026-09-17
KOPN,1.3,4.73,4360514,3282922,20.63,13.89,1.5,7.1,1.7,강한매수,양봉,전고점돌파,0.59,2.31,2026-09-17
KZIA,1.3,10.86,446971,347305,4.85,3.78,1.3,3.1,3.3,중립,양봉,잔구간,0.95,0.62,2026-09-17
DLO,1.3,14.36,1728627,1324273,24.82,25.73,1.0,1.4,-1.0,중립,음봉,잔구간,0.53,-0.33,2026-09-17
MFM,1.3,5.15,575326,431629,2.96,1.76,1.7,0.8,0.4,중립,양봉,잔구간,0.57,0.39,2026-09-17
FRSH,1.3,12.72,4522161,3545186,57.52,46.93,1.2,-1.2,1.1,중립,양봉,잔구간,0.76,0.505,2026-09-17
LUNR,1.3,14.79,8266155,6264085,122.26,88.19,1.4,3.5,3.1,중립,양봉,잔구간,0.6,0.41,2026-09-17
BBDC,1.3,8.94,758074,563894,6.78,5.06,1.3,0.5,1.8,매수관심,양봉,완만한상승,0.55,1.66,2026-09-17
QUIK,1.3,10.52,315519,240667,3.32,2.48,1.3,3.1,1.9,중립,양봉,잔구간,0.68,0.46,2026-09-17
EDD,1.3,5.68,330972,246728,1.88,1.87,1.0,0.0,0.4,중립,양봉,잔구간,0.6,0.41,2026-09-17
RCKT,1.3,3.5,1858766,1475125,6.51,5.38,1.2,3.2,-2.5,중립,음봉,잔구간,0.07,-0.61,2026-09-17
CMRE,1.3,15.37,439044,342486,6.75,5.5,1.2,0.7,1.5,매수관심,양봉,완만한상승,0.56,1.67,2026-09-17
OSG,1.3,4.47,584158,438260,2.61,2.42,1.1,0.2,-5.7,강한매도,장대음봉,전저점이탈,0.09,-3.24,2026-09-17
ONT,1.3,17.58,562168,445309,9.88,7.85,1.3,3.6,-3.2,매도주의,장대음봉,완만한상승,0.22,-1.44,2026-09-17
OPRT,1.3,8.05,570045,428202,4.59,3.63,1.3,2.6,0.6,강한매수,양봉스프링,수횡파,0.97,3.66,2026-09-17
SIGA,1.3,3.05,711059,536664,2.17,2.07,1.0,-0.3,-1.3,중립,음봉,잔구간,0.12,-0.58,2026-09-17
SIDU,1.3,2.02,3978165,3064262,8.04,6.63,1.2,4.1,-1.5,매도주의,위꼬리음봉,완만한상승,0.08,-1.1,2026-09-17
BOIL,1.3,19.64,6100509,4731956,119.81,100.02,1.2,-1.1,0.6,중립,위꼬리양봉,잔구간,0.13,-0.72,2026-09-17
BSCU,1.3,16.355,981455,763388,16.05,15.46,1.0,0.2,0.1,매수관심,장대양봉,잔구간,0.75,1.15,2026-09-17
SLDP,1.3,2.545,2990713,2386469,7.61,6.73,1.1,2.9,3.5,매수관심,장대양봉,잔구간,0.68,1.11,2026-09-17
TRX,1.3,1.26,3794322,2877458,4.78,3.79,1.3,5.0,0.8,중립,위꼬리양봉,완만한상승,0.4,-0.22,2026-09-17
MPLT,1.2,11.32,545854,446329,6.18,7.27,0.9,1.5,-2.2,중립,음봉,전저점부근,0.32,-0.17,2026-09-17
NCI,1.2,13.29,445633,369601,5.92,7.88,0.8,-0.6,0.3,매수관심,양봉스프링,잔구간,0.83,0.95,2026-09-17
BTCT,1.2,1.16,2746436,2297089,3.19,5.56,0.6,5.3,-2.5,매도주의,위꼬리음봉,잔구간,0.12,-0.98,2026-09-17
SABS,1.2,3.5,374470,306441,1.31,1.03,1.3,1.2,2.0,매수관심,장대양봉,잔구간,0.8,1.18,2026-09-17
SABR,1.2,2.32,8328343,6746092,19.32,13.59,1.4,3.4,-3.3,중립,음봉,완만한상승,0.05,-0.34,2026-09-17
SB,1.2,9.01,2136732,1724141,19.25,15.24,1.3,-0.9,3.9,강한매수,장대양봉,완만한상승,0.93,3.42,2026-09-17
RPC,1.2,7.96,630388,515555,5.02,4.2,1.2,1.9,-1.2,중립,망치형,잔구간,0.56,0.535,2026-09-17
NFGC,1.2,1.83,1149773,979262,2.1,1.69,1.2,4.0,1.7,매수관심,장대양봉,잔구간,0.78,1.17,2026-09-17
NABL,1.2,4.02,3056477,2603010,12.29,10.39,1.2,0.3,4.1,강한매수,양봉,완만한상승,0.83,2.0,2026-09-17
CCCC,1.2,3.415,1758230,1461994,6.0,6.37,0.9,1.7,-2.7,중립,음봉,잔구간,0.08,-0.6,2026-09-17
COHH,1.2,5.99,1118070,904266,6.7,5.96,1.1,10.4,-5.4,중립,음봉,완만한상승,0.27,-0.08,2026-09-17
NEWP,1.2,5.89,906279,765004,5.34,4.62,1.2,2.9,3.2,매수관심,장대양봉,잔구간,0.62,1.07,2026-09-17
NSLR,1.2,8.2,418198,343848,3.43,5.4,0.6,2.3,0.7,매수관심,양봉,완만한상승,0.5,1.6,2026-09-17
BTCS,1.2,1.39,1958332,1664128,2.72,2.68,1.0,3.2,7.8,매수관심,장대양봉,잔구간,0.77,1.16,2026-09-17
PHK,1.2,4.38,1521717,1298843,6.67,5.18,1.3,-0.2,1.6,매수관심,장대양봉,잔구간,1.0,1.3,2026-09-17
JDZG,1.2,4.11,980357,784338,4.03,1.77,2.3,-0.2,-3.1,중립,음봉,잔구간,0.37,-0.43,2026-09-17
JBGS,1.2,11.42,891815,724158,10.18,8.84,1.2,1.0,0.4,매수관심,팽이도지,완만한상승,0.59,1.01,2026-09-17
JQC,1.2,4.7,557710,466301,2.62,2.38,1.1,0.4,0.4,중립,양봉,잔구간,0.53,0.37,2026-09-17
HSHP,1.2,19.33,668458,540025,12.92,9.12,1.4,1.7,3.4,강한매수,장대양봉,전고점돌파,0.8,3.86,2026-09-17
ARTV,1.2,8.44,456517,387407,3.85,3.44,1.1,0.7,-2.5,중립,음봉,전저점부근,0.24,-0.26,2026-09-17
PLTD,1.2,5.118,32080884,26966877,164.2,140.97,1.2,-0.8,-0.2,중립,팽이도지,전저점부근,0.28,0.49,2026-09-17
ADTN,1.2,7.1,1829740,1585776,12.99,11.31,1.1,2.8,-2.5,매도주의,장대음봉,완만한상승,0.08,-1.6,2026-09-17
XTND,1.2,4.74,914280,786081,4.33,7.87,0.6,6.3,-5.8,매도주의,장대음봉,완만한상승,0.09,-1.59,2026-09-17
ACCO,1.2,4.35,788957,663001,3.43,2.85,1.2,1.2,1.2,매수관심,양봉,완만한상승,0.64,1.77,2026-09-17
WU,1.2,6.53,8325217,6830232,54.36,49.03,1.1,1.2,-1.4,중립,음봉,잔구간,0.44,-0.385,2026-09-17
WULF,1.2,16.47,35419969,30261295,583.37,468.77,1.2,7.0,0.0,중립,팽이도지,잔구간,0.66,0.095,2026-09-17
NVA,1.2,6.2,470235,382077,2.92,2.6,1.1,1.3,1.6,중립,양봉,잔구간,0.47,0.33,2026-09-17
RDY,1.2,12.19,3750089,3037428,45.71,39.24,1.2,2.6,1.8,강한매수,양봉,전고점돌파,0.61,2.33,2026-09-17
CIFU,1.2,10.36,992679,797340,10.28,6.66,1.5,15.0,-10.5,중립,음봉,잔구간,0.23,-0.51,2026-09-17
CEPL,1.2,6.35,542820,443954,3.45,2.64,1.3,3.6,4.1,강한매수,장대양봉,전고점돌파,0.91,3.99,2026-09-17
CERT,1.2,8.58,2259971,1908723,19.39,16.46,1.2,1.5,4.0,강한매수,장대양봉,전고점돌파,0.92,4.0,2026-09-17
PAYS,1.2,12.42,899846,775508,11.18,10.17,1.1,0.3,4.7,매수관심,장대양봉,잔구간,0.79,1.175,2026-09-17
AEVA,1.2,15.25,1496779,1261113,22.83,20.82,1.1,2.8,3.0,중립,양봉,잔구간,0.5,0.35,2026-09-17
WBTN,1.2,10.34,567754,488529,5.87,4.17,1.4,1.2,-2.0,중립,음봉,잔구간,0.08,-0.6,2026-09-17
INV,1.2,0.683,5838651,4779928,3.99,3.51,1.1,3.4,-7.4,중립,음봉,전저점부근,0.46,0.0,2026-09-17
INFQ,1.2,13.86,8646911,7320169,119.85,99.25,1.2,3.5,4.3,강한매수,장대양봉,완만한상승,0.69,3.13,2026-09-17
AAL,1.2,12.94,84313032,71685561,1091.01,921.18,1.2,2.7,-0.8,중립,음봉,완만한상승,0.21,-0.15,2026-09-17
CWK,1.2,12.49,1836953,1596115,22.94,22.48,1.0,2.4,-2.7,매도주의,장대음봉,잔구간,0.1,-1.24,2026-09-17
CTNM,1.2,13.21,580101,498611,7.66,6.25,1.2,2.3,-6.1,중립,음봉,잔구간,0.23,-0.51,2026-09-17
VNET,1.2,6.09,3226162,2760664,19.65,19.72,1.0,1.0,-0.3,매도주의,위꼬리음봉,잔구간,0.23,-0.91,2026-09-17
CNTN,1.2,2.1,697458,574157,1.46,1.37,1.1,4.4,-1.4,중립,음봉,잔구간,0.18,-0.54,2026-09-17
EMAT,1.2,4.02,1171051,939385,4.71,3.66,1.3,1.6,4.1,중립,양봉,전고점부근,0.44,0.18,2026-09-17
OI,1.2,6.2,3767103,3042848,23.36,20.36,1.1,1.5,-0.6,매도주의,위꼬리음봉,잔구간,0.23,-0.91,2026-09-17
NVOX,1.2,12.42,324215,259958,4.03,4.34,0.9,1.2,5.8,매수관심,장대양봉,잔구간,0.86,1.215,2026-09-17
NVTS,1.2,11.14,10725979,8973220,119.49,116.23,1.0,4.7,1.5,중립,양봉,잔구간,0.68,0.46,2026-09-17
CLSK,1.2,13.35,17843086,14906280,238.21,214.93,1.1,5.3,-0.9,중립,망치형,잔구간,0.7,0.62,2026-09-17
RDW,1.2,11.55,12976768,11149396,149.88,122.39,1.2,3.5,3.4,강한매수,장대양봉,전고점돌파,0.71,3.75,2026-09-17
FWRG,1.2,10.105,1548553,1304326,15.65,14.9,1.0,1.1,-4.1,강한매도,장대음봉,전저점이탈,0.01,-3.34,2026-09-17
GDYN,1.2,8.08,1113629,933986,9.0,7.79,1.2,0.0,0.7,중립,위꼬리양봉,잔구간,0.32,-0.61,2026-09-17
SCZM,1.2,8.92,587556,485438,5.24,4.53,1.2,5.4,1.8,중립,양봉,잔구간,0.52,0.36,2026-09-17
SBSW,1.2,12.05,5316538,4565681,64.06,65.75,1.0,3.6,0.2,중립,팽이도지,잔구간,0.59,0.055,2026-09-17
SION,1.2,7.18,1481560,1220568,10.64,9.86,1.1,3.3,-1.2,매도주의,위꼬리음봉,완만한상승,0.05,-1.14,2026-09-17
SIBN,1.2,18.04,595338,494242,10.74,10.15,1.1,1.5,-4.1,매도주의,장대음봉,수횡파,0.1,-1.88,2026-09-17
BNL,1.2,19.22,1742521,1395301,33.49,35.57,0.9,0.9,-1.9,강한매도,장대음봉,전저점이탈,0.0,-3.35,2026-09-17
GAU,1.2,2.07,2447328,2112218,5.07,5.25,1.0,3.9,-1.9,매도주의,장대음봉,완만한상승,0.17,-1.5,2026-09-17
ONDL,1.2,5.46,797395,649316,4.35,5.04,0.9,6.0,-1.1,중립,팽이도지,잔구간,0.47,-0.02,2026-09-17
ONDG,1.2,2.192,3450913,2802157,7.56,6.44,1.2,7.7,-2.6,중립,음봉,잔구간,0.35,-0.44,2026-09-17
OLN,1.2,17.01,3066161,2485175,52.16,42.88,1.2,0.8,-0.8,중립,음봉,잔구간,0.23,-0.51,2026-09-17
OSPN,1.2,17.95,603566,518011,10.83,7.52,1.4,-0.5,1.0,매수관심,양봉,완만한상승,0.79,1.95,2026-09-17
BORR,1.2,4.36,7894470,6513139,34.42,26.56,1.3,4.0,-0.9,중립,음봉,잔구간,0.43,-0.39,2026-09-17
BRUN,1.2,16.68,2764294,2341809,46.11,35.72,1.3,4.7,5.1,중립,양봉,잔구간,0.74,0.495,2026-09-17
SLI,1.2,2.09,1467990,1269405,3.07,2.88,1.1,2.9,-0.9,매도주의,위꼬리음봉,잔구간,0.2,-0.93,2026-09-17
MRVI,1.2,7.27,3447946,2878857,25.07,18.98,1.3,2.0,4.2,중립,양봉,잔구간,0.54,0.375,2026-09-17
AURA,1.2,6.59,916382,748913,6.04,4.89,1.2,1.6,-3.7,중립,음봉,전저점부근,0.31,-0.18,2026-09-17
AVTR,1.2,15.86,9832716,8015465,155.95,132.76,1.2,1.3,0.3,매수관심,팽이도지,전고점돌파,0.54,1.55,2026-09-17
BABX,1.2,16.68,476235,393887,7.94,7.45,1.1,1.4,0.9,중립,양봉,잔구간,0.67,0.45,2026-09-17
BBD,1.2,3.48,31463867,25806755,109.49,109.97,1.0,0.3,-0.9,중립,망치형,잔구간,0.6,0.56,2026-09-17
MAT,1.2,13.31,3925915,3398326,52.25,54.07,1.0,1.5,-0.4,매수관심,팽이도지,완만한상승,0.52,0.92,2026-09-17
LUNL,1.2,3.715,1580494,1341195,5.87,4.73,1.2,5.9,6.6,중립,양봉,잔구간,0.58,0.4,2026-09-17
GILT,1.2,9.95,499319,430915,4.97,4.61,1.1,4.4,-3.2,매도주의,장대음봉,잔구간,0.03,-1.28,2026-09-17
LZ,1.2,6.07,2453533,1988801,14.89,16.01,0.9,0.7,-0.5,매수관심,팽이도지,완만한상승,0.44,0.83,2026-09-17
MDU,1.2,18.72,1778086,1531555,33.29,36.21,0.9,0.6,-0.2,중립,팽이도지,잔구간,0.47,-0.02,2026-09-17
SMMT,1.2,17.72,6134988,5300417,108.71,112.76,1.0,2.5,-0.1,매수관심,팽이도지,완만한상승,0.44,0.83,2026-09-17
GME.WS,1.2,2.31,958127,809694,2.21,2.25,1.0,3.2,2.2,중립,위꼬리양봉,완만한상승,0.36,-0.27,2026-09-17
MEC,1.2,17.44,476096,389865,8.3,6.95,1.2,3.3,-2.5,매도주의,위꼬리음봉,잔구간,0.04,-1.025,2026-09-17
SOFI,1.2,16.73,43224675,36509590,723.15,654.59,1.1,3.0,-3.5,매도주의,장대음봉,잔구간,0.04,-1.275,2026-09-17
BDTX,1.2,1.93,665492,552182,1.28,1.04,1.2,2.1,-2.5,중립,음봉,잔구간,0.1,-0.59,2026-09-17
BLCO,1.2,16.77,478479,410864,8.02,6.42,1.3,0.8,-2.6,강한매도,장대음봉,전저점이탈,0.11,-3.22,2026-09-17
BGS,1.2,3.04,2307315,1894939,7.01,6.73,1.0,0.6,-3.8,강한매도,장대음봉,전저점이탈,0.0,-3.35,2026-09-17
OBDC,1.2,11.35,2981344,2459459,33.84,29.33,1.2,1.0,1.2,매수관심,양봉,완만한상승,0.56,1.67,2026-09-17
NXDR,1.2,2.48,2333179,1918854,5.79,5.7,1.0,0.8,-0.8,매도주의,음봉,전고점부근,0.6,-1.03,2026-09-17
BKKT,1.2,7.46,1162089,936898,8.67,8.11,1.1,2.8,1.2,매수관심,팽이도지,완만한상승,0.47,0.86,2026-09-17
MAX,1.2,10.57,896676,747889,9.48,7.58,1.3,0.6,-4.9,강한매도,장대음봉,전저점이탈,0.0,-3.35,2026-09-17
MIR,1.2,16.24,3667899,2973117,59.57,56.65,1.1,2.1,0.4,강한매수,양봉스프링,완만한상승,0.9,2.88,2026-09-17
MICC,1.2,18.93,980928,838188,18.57,16.39,1.1,1.9,-1.1,매도주의,장대음봉,완만한상승,0.03,-1.66,2026-09-17
NUV,1.2,8.66,761938,629797,6.6,5.12,1.3,0.6,0.8,매수관심,장대양봉,잔구간,1.0,1.3,2026-09-17
GBDC,1.2,12.73,1715582,1426885,21.84,18.12,1.2,0.8,1.4,매수관심,양봉,완만한상승,0.58,1.7,2026-09-17
OBIO,1.2,5.78,411801,340410,2.38,2.09,1.1,0.3,-4.1,중립,음봉,잔구간,0.09,-0.595,2026-09-17
EFC,1.2,12.58,1419117,1204989,17.85,14.12,1.3,1.3,-1.6,매도주의,장대음봉,잔구간,0.0,-1.3,2026-09-17
HCAT,1.2,1.8,563558,466537,1.01,0.87,1.2,4.0,0.0,매수관심,팽이도지,완만한상승,0.47,0.86,2026-09-17
LFTO,1.2,17.42,761214,629445,13.26,11.7,1.1,0.0,-1.0,매도주의,위꼬리음봉,잔구간,0.22,-0.92,2026-09-17
LFST,1.2,12.61,7351330,6187375,92.7,71.78,1.3,0.2,-1.6,중립,음봉,잔구간,0.04,-0.625,2026-09-17
SSPC,1.2,8.46,15998431,13721789,135.35,137.57,1.0,-4.0,-1.7,매도주의,음봉,전저점이탈,0.46,-1.5,2026-09-17
SVM,1.2,12.15,2010913,1713888,24.43,21.29,1.1,5.1,3.4,매수관심,장대양봉,잔구간,0.79,1.175,2026-09-17
TAK,1.2,19.05,2710686,2253814,51.64,41.87,1.2,2.0,0.2,강한매수,양봉,전고점돌파,0.5,2.2,2026-09-17
OXSQ,1.2,1.27,1820589,1460376,2.31,2.07,1.1,0.8,-1.6,중립,음봉,잔구간,0.5,-0.35,2026-09-17
DCTH,1.2,16.25,437188,365869,7.1,5.65,1.3,1.5,-1.3,중립,음봉,완만한상승,0.34,0.01,2026-09-17
PREF,1.2,18.655,330866,280668,6.17,5.89,1.0,0.3,0.0,중립,팽이도지,잔구간,0.5,0.0,2026-09-17
PRME,1.2,3.14,3253757,2825844,10.22,9.19,1.1,3.7,1.0,중립,위꼬리양봉,잔구간,0.14,-0.715,2026-09-17
PRTA,1.2,8.46,404760,349155,3.42,3.08,1.1,1.8,0.8,중립,팽이도지,잔구간,0.7,0.12,2026-09-17
CRML,1.2,6.87,6043449,5205653,41.52,37.68,1.1,5.1,0.9,중립,팽이도지,잔구간,0.49,-0.005,2026-09-17
PAGS,1.2,9.56,3697083,3015916,35.34,30.73,1.2,0.6,0.3,중립,팽이도지,잔구간,0.68,0.11,2026-09-17
PTIR,1.2,18.8,3185211,2623674,59.88,58.91,1.0,1.5,0.6,매수관심,팽이도지,완만한상승,0.7,1.14,2026-09-17
CRCG,1.2,12.94,3826352,3236617,49.51,54.84,0.9,6.4,4.9,중립,양봉,잔구간,0.83,0.55,2026-09-17
SSP,1.2,3.06,726306,588676,2.22,2.0,1.1,1.3,-3.8,매도주의,장대음봉,전저점부근,0.18,-1.63,2026-09-17
SUJA,1.2,8.57,302078,250043,2.59,3.65,0.7,1.2,-6.9,강한매도,장대음봉,전저점이탈,0.05,-3.29,2026-09-17
HAYW,1.2,12.89,3774307,3033294,48.65,34.68,1.4,1.9,-2.2,중립,음봉,잔구간,0.13,-0.57,2026-09-17
LENZ,1.2,4.13,889179,753451,3.67,3.75,1.0,2.2,-2.4,중립,음봉,전저점부근,0.45,-0.01,2026-09-17
DHY,1.2,1.63,996564,841623,1.62,1.69,1.0,0.6,0.0,중립,팽이도지,잔구간,0.33,-0.1,2026-09-17
DHC,1.2,8.13,2327183,1999397,18.92,13.09,1.4,1.4,1.0,강한매수,양봉,전고점돌파,0.7,2.44,2026-09-17
DNOW,1.2,15.95,3130774,2533971,49.94,37.02,1.3,0.7,1.5,매수관심,장대양봉,잔구간,0.86,1.215,2026-09-17
ARCC,1.2,19.65,5328609,4319386,104.71,88.09,1.2,0.6,0.8,매수관심,양봉,완만한상승,0.47,1.56,2026-09-17
AQST,1.2,4.66,2530112,2188338,11.79,11.36,1.0,3.7,-6.8,매도주의,장대음봉,전저점부근,0.12,-1.71,2026-09-17
KDK,1.2,3.83,1616556,1333558,6.19,5.22,1.2,3.3,3.0,중립,양봉,잔구간,0.54,0.375,2026-09-17
KTF,1.2,8.46,348151,299448,2.95,2.1,1.4,0.4,0.7,매수관심,장대양봉,잔구간,0.75,1.15,2026-09-17
KODK,1.2,9.74,718696,622258,7.0,6.91,1.0,2.0,1.4,강한매수,양봉,전고점돌파,0.85,2.62,2026-09-17
LABD,1.2,7.11,23317388,19358893,165.79,130.14,1.3,-4.7,-3.3,중립,음봉,잔구간,0.56,-0.315,2026-09-17
LADR,1.2,9.54,1314774,1110017,12.54,10.58,1.2,0.8,-0.6,중립,음봉,잔구간,0.04,-0.625,2026-09-17
KT,1.2,19.48,1421559,1172910,27.69,22.76,1.2,1.0,-0.9,매도주의,장대음봉,잔구간,0.07,-1.26,2026-09-17
TSLT,1.2,13.55,2104249,1824361,28.51,35.11,0.8,5.5,-1.0,중립,팽이도지,잔구간,0.28,-0.13,2026-09-17
TTD,1.2,14.26,18370288,15684796,261.96,268.49,1.0,2.6,-4.1,매도주의,장대음봉,잔구간,0.07,-1.26,2026-09-17
TSHA,1.2,5.16,4082271,3374861,21.06,15.83,1.3,3.6,-1.7,중립,팽이도지,잔구간,0.27,-0.14,2026-09-17
TSLG,1.2,4.83,60886464,52269882,294.08,253.52,1.2,5.3,-0.7,중립,팽이도지,잔구간,0.25,-0.15,2026-09-17
TSLZ,1.2,11.59,2561661,2207441,29.69,31.27,0.9,-4.9,0.5,중립,팽이도지,잔구간,0.74,0.145,2026-09-17
ALLT,1.2,8.09,338956,282404,2.74,2.88,1.0,2.3,0.9,중립,팽이도지,잔구간,0.58,0.05,2026-09-17
XERS,1.2,8.16,2341271,2020555,19.1,14.01,1.4,-1.2,6.2,매수관심,장대양봉,잔구간,0.96,1.275,2026-09-17
ZURA,1.2,4.57,1668360,1345534,7.62,8.21,0.9,2.4,-3.2,중립,음봉,전저점부근,0.13,-0.39,2026-09-17
ACHV,1.1,7.91,1871102,1683849,14.8,13.76,1.1,2.3,4.2,강한매수,장대양봉,완만한상승,0.62,3.04,2026-09-17
ACHR,1.1,5.4,25690066,24186543,138.73,121.33,1.1,1.9,1.5,중립,양봉,잔구간,0.67,0.45,2026-09-17
ADT,1.1,6.99,7000629,6289979,48.93,46.99,1.0,0.4,-1.0,매도주의,장대음봉,잔구간,0.12,-1.23,2026-09-17
ADNT,1.1,18.47,904589,796680,16.71,14.53,1.1,2.5,-1.1,중립,음봉,잔구간,0.0,-0.65,2026-09-17
ACRS,1.1,5.4,3822975,3478781,20.64,16.82,1.2,0.9,0.6,중립,위꼬리양봉,잔구간,0.21,-0.675,2026-09-17
XPRO,1.1,16.4,794629,750976,13.03,14.73,0.9,0.9,-1.1,매도주의,장대음봉,잔구간,0.23,-1.16,2026-09-17
YEXT,1.1,6.29,1035265,976722,6.51,7.85,0.8,-0.6,-0.9,중립,음봉,잔구간,0.16,-0.555,2026-09-17
VZLA,1.1,4.01,4521243,4098824,18.13,18.04,1.0,4.3,4.2,매수관심,장대양봉,잔구간,0.95,1.27,2026-09-17
AGNT,1.1,3.87,1936434,1762025,7.49,6.29,1.2,2.1,-2.8,중립,음봉,잔구간,0.43,-0.39,2026-09-17
VISN,1.1,6.45,6459103,5814016,41.66,44.61,0.9,3.2,-4.0,매도주의,장대음봉,잔구간,0.07,-1.26,2026-09-17
VIXY,1.1,16.98,3243666,2963656,55.08,45.32,1.2,-4.1,0.2,중립,위꼬리양봉,잔구간,0.26,-0.645,2026-09-17
VLY,1.1,13.67,6735869,6108531,92.08,83.17,1.1,1.1,-0.1,중립,팽이도지,잔구간,0.57,0.04,2026-09-17
VMO,1.1,9.27,371864,323958,3.45,2.55,1.4,0.5,-0.1,매수관심,팽이도지,완만한상승,0.5,0.9,2026-09-17
CLF,1.1,12.76,12609909,11307996,160.9,137.24,1.2,2.9,2.1,중립,양봉,전고점부근,0.47,0.21,2026-09-17
QPUX,1.1,13.18,317307,300148,4.18,3.55,1.2,4.9,5.3,중립,양봉,잔구간,0.57,0.39,2026-09-17
CRGY,1.1,14.11,6748353,6309668,95.22,93.73,1.0,0.1,-2.1,중립,음봉,잔구간,0.06,-0.615,2026-09-17
PGF,1.1,13.23,310292,277072,4.11,3.35,1.2,0.2,0.2,중립,양봉,잔구간,0.46,0.325,2026-09-17
QXO,1.1,11.64,19015883,17427390,221.34,197.49,1.1,4.4,-1.1,중립,음봉,잔구간,0.39,-0.415,2026-09-17
PL,1.1,16.99,11176458,9898782,189.89,277.27,0.7,2.5,3.5,중립,양봉,잔구간,0.78,0.52,2026-09-17
PMT,1.1,8.94,1962451,1709935,17.54,13.79,1.3,1.5,-0.8,매도주의,위꼬리음봉,잔구간,0.0,-1.05,2026-09-17
CTGO,1.1,19.15,429524,403828,8.23,6.69,1.2,2.8,2.8,매수관심,장대양봉,잔구간,0.72,1.13,2026-09-17
PHAT,1.1,7.75,1499482,1352713,11.62,10.73,1.1,1.6,-0.8,중립,팽이도지,잔구간,0.39,-0.065,2026-09-17
ULCC,1.1,5.88,2702005,2419351,15.89,13.74,1.2,3.2,1.6,매수관심,양봉,완만한상승,0.48,1.58,2026-09-17
LMRI,1.1,11.52,316526,292674,3.65,3.53,1.0,2.3,-3.4,매도주의,장대음봉,잔구간,0.1,-1.24,2026-09-17
UPB,1.1,5.31,533871,499273,2.83,3.96,0.7,2.1,-2.4,중립,음봉,잔구간,0.31,-0.465,2026-09-17
HNST,1.1,5.32,1980746,1829340,10.54,11.6,0.9,1.3,-1.8,중립,음봉,잔구간,0.3,-0.47,2026-09-17
UTZ,1.1,14.27,1402459,1296184,20.01,22.61,0.9,0.1,-0.1,매도주의,위꼬리음봉,완만한상승,0.08,-1.1,2026-09-17
HTZ,1.1,1.86,13688568,12464081,25.46,28.23,0.9,2.7,-3.6,중립,음봉,잔구간,0.25,-0.5,2026-09-17
HMY,1.1,19.98,3668212,3428024,73.29,70.28,1.0,4.8,-0.8,중립,음봉,잔구간,0.58,-0.3,2026-09-17
CHPT,1.1,9.92,1643879,1472218,16.31,67.17,0.2,2.5,8.7,매수관심,장대양봉,잔구간,0.86,1.215,2026-09-17
COMP,1.1,10.48,16066937,14466115,168.38,136.92,1.2,3.4,-1.9,중립,음봉,잔구간,0.48,-0.36,2026-09-17
CC,1.1,14.44,1989178,1862400,28.72,26.75,1.1,2.2,-2.0,매도주의,장대음봉,잔구간,0.14,-1.215,2026-09-17
CIFR,1.1,16.94,41311934,38672820,699.82,619.09,1.1,7.9,-6.1,중립,음봉,잔구간,0.2,-0.53,2026-09-17
CCOI,1.1,9.21,2170627,2046691,19.99,19.1,1.0,1.2,5.0,매수관심,장대양봉,잔구간,0.96,1.275,2026-09-17
RLAY,1.1,19.19,3095726,2871774,59.41,61.19,1.0,3.2,-1.3,중립,음봉,잔구간,0.2,-0.53,2026-09-17
RXT,1.1,3.92,9015825,7895626,35.34,24.7,1.4,3.2,9.2,강한매수,장대양봉,전고점돌파,0.85,3.92,2026-09-17
RYLD,1.1,15.85,507088,473786,8.04,7.85,1.0,1.3,-0.6,매도주의,장대음봉,잔구간,0.19,-1.185,2026-09-17
RZLT,1.1,3.95,1836945,1699971,7.26,5.27,1.4,2.8,-3.4,중립,음봉,잔구간,0.25,-0.5,2026-09-17
RUM,1.1,8.89,6372211,5774199,56.65,51.83,1.1,4.3,2.7,강한매수,양봉,전고점돌파,0.95,2.74,2026-09-17
SAN,1.1,14.82,6805475,6458606,100.86,109.19,0.9,2.6,0.3,중립,양봉,잔구간,0.82,0.54,2026-09-17
SBET,1.1,8.26,8225879,7772488,67.95,72.94,0.9,2.4,1.1,중립,위꼬리양봉,잔구간,0.33,-0.6,2026-09-17
BTDR,1.1,11.24,8720661,7744048,98.02,110.61,0.9,4.4,-2.3,중립,음봉,잔구간,0.15,-0.56,2026-09-17
OEC,1.1,5.83,399626,356215,2.33,1.97,1.2,1.0,0.3,매수관심,팽이도지,완만한상승,0.74,1.19,2026-09-17
ELVA,1.1,6.49,364538,336822,2.37,2.14,1.1,3.1,1.7,중립,양봉,잔구간,0.38,0.28,2026-09-17
BUYW,1.1,14.6,449500,420955,6.56,7.3,0.9,0.5,0.1,강한매수,양봉스프링,완만한상승,1.0,3.0,2026-09-17
ENGN,1.1,1.91,637548,572291,1.22,1.3,0.9,-0.5,0.5,강한매수,양봉스프링,완만한상승,0.75,2.7,2026-09-17
ENIC,1.1,4.32,569266,495937,2.46,2.82,0.9,0.9,-0.7,중립,음봉,잔구간,0.45,-0.38,2026-09-17
TUA,1.1,19.46,415737,366518,8.09,8.15,1.0,0.5,-0.1,중립,팽이도지,잔구간,0.55,0.03,2026-09-17
TV,1.1,2.34,1961385,1826229,4.59,4.08,1.1,0.9,5.9,매수관심,장대양봉,잔구간,0.94,1.265,2026-09-17
TSL,1.1,13.791,521988,465191,7.2,7.89,0.9,3.4,-0.4,중립,팽이도지,잔구간,0.28,-0.13,2026-09-17
GLUE,1.1,12.6,1387821,1219617,17.49,16.8,1.0,1.5,-1.9,중립,음봉,전저점부근,0.29,-0.2,2026-09-17
TSLQ,1.1,18.33,6124439,5632275,112.26,128.18,0.9,-5.3,0.9,중립,팽이도지,잔구간,0.75,0.15,2026-09-17
TSLR,1.1,16.77,1520374,1394221,25.5,26.57,1.0,5.3,-0.8,매도주의,위꼬리음봉,잔구간,0.25,-0.9,2026-09-17
TTI,1.1,6.15,2145540,1941820,13.2,13.27,1.0,1.8,-3.8,매도주의,장대음봉,전저점부근,0.03,-1.81,2026-09-17
LAES,1.1,2.3,5658982,5293823,13.02,11.85,1.1,2.7,2.2,중립,양봉,잔구간,0.56,0.385,2026-09-17
LOFF,1.1,17.97,1886576,1767349,33.9,34.04,1.0,4.0,1.3,매수관심,양봉,완만한상승,0.53,1.64,2026-09-17
GRND,1.1,15.45,1413381,1272142,21.84,17.84,1.2,2.3,-2.8,매도주의,장대음봉,잔구간,0.32,-1.11,2026-09-17
OSS,1.1,9.07,761914,713552,6.91,6.43,1.1,4.6,1.8,중립,양봉,잔구간,0.63,0.43,2026-09-17
DEI,1.1,10.29,2066654,1967815,21.27,19.01,1.1,0.6,-1.2,중립,음봉,잔구간,0.08,-0.6,2026-09-17
SHC,1.1,18.95,2006340,1802133,38.02,34.67,1.1,1.6,-3.5,매도주의,장대음봉,잔구간,0.01,-1.295,2026-09-17
NWG,1.1,18.94,3237979,3037122,61.33,59.55,1.0,1.7,0.1,매수관심,팽이도지,완만한상승,0.63,1.06,2026-09-17
EBS,1.1,7.02,1378605,1236612,9.68,7.45,1.3,1.3,2.6,강한매수,장대양봉,전고점돌파,0.88,3.96,2026-09-17
ECVT,1.1,10.64,1296349,1171355,13.79,13.09,1.1,-0.2,-2.0,매도주의,장대음봉,잔구간,0.16,-1.205,2026-09-17
OCTV,1.1,18.53,2673957,2500300,49.55,48.58,1.0,-1.4,2.8,매수관심,장대양봉,잔구간,0.83,1.2,2026-09-17
BTBT,1.1,1.53,26777757,25432832,40.97,47.89,0.9,4.9,2.0,중립,양봉,잔구간,0.75,0.5,2026-09-17
SKHL,1.1,10.86,1880451,1693633,20.42,17.62,1.2,7.9,1.1,중립,위꼬리양봉,완만한상승,0.43,-0.18,2026-09-17
BRBS,1.1,3.95,1665740,1526238,6.58,6.58,1.0,0.0,0.3,중립,팽이도지,잔구간,0.42,-0.05,2026-09-17
BSBR,1.1,5.95,4182713,3742961,24.89,28.89,0.9,1.5,0.8,중립,양봉,잔구간,0.75,0.5,2026-09-17
SLDB,1.1,8.87,1193532,1069521,10.59,9.42,1.1,2.5,-0.8,중립,망치형,잔구간,0.73,0.64,2026-09-17
SLNH,1.1,1.19,6167326,5468698,7.34,8.16,0.9,8.9,-2.5,중립,음봉,잔구간,0.17,-0.55,2026-09-17
SNK,1.1,13.94,3051734,2765478,42.54,53.62,0.8,-3.5,-1.8,매도주의,음봉,전저점이탈,0.49,-1.46,2026-09-17
NTSK,1.1,17.21,7408833,6826310,127.51,125.17,1.0,-1.0,0.5,중립,팽이도지,잔구간,0.48,-0.01,2026-09-17
EVC,1.1,7.77,1131702,1065826,8.79,9.08,1.0,2.5,-4.0,강한매도,장대음봉,전저점이탈,0.02,-3.33,2026-09-17
EVGO,1.1,1.47,3152452,2805356,4.63,5.96,0.8,2.9,2.8,중립,양봉,잔구간,0.86,0.565,2026-09-17
FDUS,1.1,19.57,390810,359612,7.65,7.25,1.1,0.5,1.2,매수관심,장대양봉,잔구간,0.65,1.09,2026-09-17
NFE,1.1,12.41,461714,433924,5.73,3.64,1.6,1.0,-1.7,중립,팽이도지,잔구간,0.35,-0.09,2026-09-17
MYGN,1.1,4.14,2830839,2576182,11.72,7.48,1.6,0.6,6.6,강한매수,장대양봉,전고점돌파,0.93,4.02,2026-09-17
NAT,1.1,8.15,6200897,5394207,50.54,36.61,1.4,0.4,1.6,중립,양봉,전고점부근,0.6,0.37,2026-09-17
TLS,1.1,4.18,870669,773611,3.64,3.16,1.2,1.7,0.7,매수관심,양봉스프링,잔구간,0.85,0.96,2026-09-17
AXTL,1.1,2.65,1106481,997557,2.93,2.46,1.2,11.3,-0.7,강한매수,망치형,완만한상승,0.72,2.16,2026-09-17
LOMA,1.1,9.55,357162,329378,3.41,3.25,1.1,0.6,-1.1,중립,음봉,잔구간,0.1,-0.59,2026-09-17
TNDM,1.1,17.23,2218241,1995253,38.22,34.88,1.1,1.1,-2.8,매도주의,장대음봉,잔구간,0.38,-1.07,2026-09-17
TRIN,1.1,18.01,1053268,929741,18.97,17.08,1.1,1.2,1.1,중립,양봉,잔구간,0.54,0.375,2026-09-17
LSPD,1.1,9.48,481440,441877,4.56,4.95,0.9,0.0,-1.8,강한매도,장대음봉,전저점이탈,0.0,-3.35,2026-09-17
LTBR,1.1,6.82,781496,691366,5.33,4.39,1.2,2.8,2.6,중립,양봉,잔구간,0.55,0.38,2026-09-17
MAMA,1.1,13.11,907787,832566,11.9,15.27,0.8,-0.3,-7.7,매도주의,장대음봉,잔구간,0.02,-1.29,2026-09-17
GEVO,1.1,1.59,2368405,2106428,3.77,3.38,1.1,0.3,4.3,매수관심,장대양봉,잔구간,0.8,1.18,2026-09-17
LRMR,1.1,3.8,1196103,1073961,4.55,4.13,1.1,0.0,-3.3,중립,음봉,잔구간,0.0,-0.65,2026-09-17
TCPC,1.1,4.0,849934,797448,3.4,2.86,1.2,-0.3,4.2,매수관심,장대양봉,잔구간,0.78,1.17,2026-09-17
FWRD,1.1,15.41,482462,425396,7.43,8.63,0.9,2.5,-3.0,매도주의,장대음봉,잔구간,0.09,-1.245,2026-09-17
AUPH,1.1,16.96,850194,749459,14.42,13.22,1.1,0.6,-0.6,중립,망치형,전고점부근,0.51,0.56,2026-09-17
AUR,1.1,6.49,26671813,24684042,173.1,196.38,0.9,2.5,-0.5,중립,팽이도지,수횡파,0.52,0.62,2026-09-17
GCMG,1.1,12.93,366172,326585,4.73,4.95,1.0,1.7,0.3,중립,팽이도지,잔구간,0.54,0.025,2026-09-17
MNRO,1.1,12.25,1060882,929186,13.0,10.51,1.2,1.5,-0.9,중립,음봉,완만한상승,0.06,-0.33,2026-09-17
MUD,1.1,10.12,5657680,4974278,57.26,57.88,1.0,-3.1,-2.4,매도주의,장대음봉,잔구간,0.3,-1.12,2026-09-17
FBRT,1.1,7.6,1864240,1702457,14.17,16.74,0.8,0.3,-1.9,중립,음봉,전저점부근,0.23,-0.27,2026-09-17
MOMO,1.1,4.9,904345,819094,4.43,5.73,0.8,0.6,-1.2,매도주의,장대음봉,잔구간,0.33,-1.1,2026-09-17
GNW,1.1,10.23,4349621,3887546,44.5,51.72,0.9,0.3,1.1,매수관심,양봉,완만한상승,0.71,1.85,2026-09-17
GOF,1.1,8.6,3369564,2948482,28.98,27.26,1.1,0.8,0.2,중립,위꼬리양봉,잔구간,0.36,-0.585,2026-09-17
MFIC,1.1,9.23,446049,406254,4.12,4.15,1.0,0.6,1.4,중립,양봉,잔구간,0.53,0.37,2026-09-17
MGNX,1.1,4.13,438002,406698,1.81,1.82,1.0,1.7,-0.5,강한매수,망치형,완만한상승,0.67,2.1,2026-09-17
MLTX,1.1,12.35,2298156,2065048,28.38,22.71,1.2,1.6,-2.4,중립,음봉,잔구간,0.25,-0.5,2026-09-17
WB,1.1,6.55,1142919,1009063,7.49,7.31,1.0,0.0,0.8,중립,양봉,잔구간,0.8,0.53,2026-09-17
AGNC,1.1,9.91,32103573,29327410,318.15,286.19,1.1,1.9,-1.6,매도주의,장대음봉,잔구간,0.0,-1.3,2026-09-17
PSO,1.1,16.0,617902,578689,9.89,11.93,0.8,-0.1,0.6,매수관심,양봉,완만한상승,0.66,1.79,2026-09-17
PTEN,1.1,12.03,8397457,7846731,101.02,103.13,1.0,-0.1,0.1,중립,팽이도지,잔구간,0.49,-0.005,2026-09-17
PRGO,1.1,13.48,2247845,2044378,30.3,31.95,0.9,1.6,-2.0,중립,음봉,잔구간,0.39,-0.415,2026-09-17
CRNC,1.1,8.15,474684,432923,3.87,4.93,0.8,2.3,1.5,중립,양봉,잔구간,0.57,0.39,2026-09-17
CRON,1.1,3.37,748087,658300,2.52,2.55,1.0,1.2,1.2,중립,양봉,전고점부근,0.6,0.37,2026-09-17
CRDU,1.1,6.91,6267564,5949782,43.31,58.06,0.7,8.4,-0.2,강한매수,망치형,완만한상승,0.76,2.21,2026-09-17
PTY,1.1,11.47,1965885,1850906,22.55,18.22,1.2,1.0,0.6,매수관심,양봉스프링,잔구간,1.0,1.05,2026-09-17
COTY,1.1,2.46,5774192,5409153,14.2,13.71,1.0,1.5,-7.9,강한매도,장대음봉,전저점이탈,0.0,-3.35,2026-09-17
IFRX,1.1,2.06,657951,596537,1.36,1.21,1.1,0.5,0.5,매수관심,팽이도지,완만한상승,0.67,1.1,2026-09-17
IHRT,1.1,2.43,482492,443403,1.17,1.34,0.9,1.6,-6.2,강한매도,장대음봉,전저점이탈,0.0,-3.35,2026-09-17
JBI,1.1,4.43,2342035,2076779,10.38,9.61,1.1,2.3,-0.7,중립,음봉,잔구간,0.37,-0.43,2026-09-17
ANVS,1.1,1.1,1522834,1385414,1.68,2.55,0.7,5.8,0.0,중립,위꼬리양봉,잔구간,0.22,-0.67,2026-09-17
APPS,1.1,10.96,2588851,2416277,28.37,27.85,1.0,1.5,-0.4,중립,팽이도지,잔구간,0.32,-0.11,2026-09-17
APPX,1.1,13.46,1393758,1239729,18.76,16.04,1.2,2.7,-5.5,중립,음봉,잔구간,0.37,-0.43,2026-09-17
AMCX,1.1,11.77,576692,528437,6.79,6.86,1.0,0.0,-3.0,매도주의,장대음봉,잔구간,0.13,-1.22,2026-09-17
AMPX,1.1,9.54,4659110,4128711,44.45,43.8,1.0,4.3,0.5,중립,팽이도지,잔구간,0.38,-0.07,2026-09-17
IVA,1.0,3.75,1811255,1844677,6.79,6.54,1.0,-0.8,-0.3,중립,팽이도지,잔구간,0.45,-0.03,2026-09-17
ACP,1.0,4.68,1059943,1032793,4.96,5.58,0.9,0.4,0.2,중립,위꼬리양봉,잔구간,0.33,-0.6,2026-09-17
CRMG,1.0,8.92,1415651,1402346,12.63,14.98,0.8,-4.7,-1.1,중립,팽이도지,잔구간,0.27,-0.14,2026-09-17
PLG,1.0,1.41,1049547,1020874,1.48,1.74,0.9,2.2,2.2,매수관심,장대양봉,잔구간,0.6,1.06,2026-09-17
PFFD,1.0,18.06,1045887,1056310,18.89,17.36,1.1,0.4,0.1,중립,위꼬리양봉,잔구간,0.35,-0.59,2026-09-17
XNDU,1.0,7.66,1799090,1792802,13.78,14.45,1.0,2.3,-0.1,중립,팽이도지,잔구간,0.38,-0.07,2026-09-17
XPER,1.0,5.54,304280,314298,1.69,2.17,0.8,1.6,-1.2,매도주의,장대음봉,잔구간,0.3,-1.12,2026-09-17
VTS,1.0,17.75,658910,643533,11.7,11.0,1.1,-2.2,3.6,강한매수,장대양봉,완만한상승,0.75,3.2,2026-09-17
CMPX,1.0,1.85,2515917,2490560,4.65,5.73,0.8,2.7,-1.6,매도주의,위꼬리음봉,잔구간,0.1,-0.99,2026-09-17
CION,1.0,7.26,315489,304575,2.29,2.28,1.0,0.6,1.5,중립,양봉,잔구간,0.64,0.435,2026-09-17
QDEL,1.0,11.09,1388217,1421691,15.4,16.88,0.9,2.9,0.1,중립,팽이도지,잔구간,0.51,0.005,2026-09-17
AAOZ,1.0,15.165,768133,774203,11.65,11.11,1.0,-8.1,6.0,중립,양봉,잔구간,0.72,0.48,2026-09-17
ZH,1.0,3.12,377581,395374,1.18,1.19,1.0,0.7,2.3,강한매수,양봉,전고점돌파,0.5,2.2,2026-09-17
RUN,1.0,8.725,7137915,7162914,62.28,64.19,1.0,2.8,2.6,중립,양봉,잔구간,0.54,0.375,2026-09-17
RWM,1.0,14.09,22745898,22877721,320.49,287.37,1.1,-1.4,0.9,매수관심,장대양봉,잔구간,0.97,1.28,2026-09-17
ADAM,1.0,9.005,1000029,970121,9.01,7.69,1.2,1.8,-1.4,매도주의,장대음봉,잔구간,0.03,-1.28,2026-09-17
VSTS,1.0,13.84,1671748,1609225,23.14,21.2,1.1,0.9,-0.4,중립,팽이도지,잔구간,0.34,-0.095,2026-09-17
XE,1.0,16.33,8618614,8820791,140.74,123.25,1.1,3.8,8.0,매수관심,장대양봉,잔구간,0.82,1.19,2026-09-17
WDI,1.0,12.32,332111,347384,4.09,4.34,0.9,0.3,0.3,중립,양봉,잔구간,0.46,0.325,2026-09-17
GPRO,1.0,1.34,23839976,24467171,31.95,164.02,0.2,1.6,3.9,중립,양봉,잔구간,0.54,0.375,2026-09-17
MBI,1.0,4.52,374946,391782,1.69,1.85,0.9,1.3,-1.7,매도주의,장대음봉,잔구간,0.16,-1.205,2026-09-17
MCHB,1.0,15.43,387387,397089,5.98,7.3,0.8,0.7,-0.1,중립,팽이도지,완만한상승,0.3,0.66,2026-09-17
AGEN,1.0,7.22,765417,784991,5.53,6.6,0.8,1.4,-1.2,중립,음봉,완만한상승,0.43,0.12,2026-09-17
AXTX,1.0,6.89,12535287,12600507,86.37,76.77,1.1,11.6,-0.6,강한매수,망치형,완만한상승,0.74,2.19,2026-09-17
MUA,1.0,9.77,434434,455675,4.24,4.06,1.0,0.1,0.8,중립,양봉,잔구간,0.62,0.42,2026-09-17
MUC,1.0,10.21,582322,610072,5.95,6.21,1.0,1.0,-0.4,중립,음봉,잔구간,0.47,-0.37,2026-09-17
FSCO,1.0,5.33,804161,812475,4.29,4.15,1.0,0.4,1.3,강한매수,장대양봉,전고점돌파,1.0,4.1,2026-09-17
MFA,1.0,8.5,1675030,1692580,14.24,13.14,1.1,0.9,-0.4,매도주의,위꼬리음봉,잔구간,0.0,-1.05,2026-09-17
GPRK,1.0,11.15,745908,773231,8.32,19.91,0.4,0.0,-1.2,매도주의,음봉,전저점이탈,0.2,-1.81,2026-09-17
HOPE,1.0,13.94,729525,744423,10.17,10.49,1.0,1.1,-1.1,매도주의,장대음봉,잔구간,0.0,-1.3,2026-09-17
VERX,1.0,12.3,1262402,1259284,15.53,18.57,0.8,-0.7,-1.5,중립,음봉,잔구간,0.23,-0.51,2026-09-17
GOGO,1.0,2.52,1278380,1219139,3.22,4.32,0.7,2.0,-3.1,매도주의,장대음봉,잔구간,0.27,-1.14,2026-09-17
GOOS,1.0,7.46,1191391,1177966,8.89,7.59,1.2,1.8,-1.2,중립,음봉,완만한상승,0.44,0.13,2026-09-17
BTE,1.0,4.85,17477293,17706371,84.76,84.61,1.0,-0.8,0.0,중립,팽이도지,잔구간,0.46,-0.025,2026-09-17
SAFE,1.0,13.56,528771,507790,7.17,5.75,1.2,0.4,-2.3,강한매도,장대음봉,전저점이탈,0.16,-3.16,2026-09-17
RMNI,1.0,4.36,341850,326999,1.49,2.16,0.7,0.0,-2.5,강한매도,장대음봉,전저점이탈,0.08,-3.25,2026-09-17
CIG,1.0,2.15,6093121,5954099,13.1,12.09,1.1,-0.5,0.0,매수관심,양봉스프링,잔구간,0.86,0.965,2026-09-17
PDO,1.0,12.09,1255505,1303747,15.18,15.1,1.0,0.4,0.5,중립,양봉,잔구간,0.88,0.58,2026-09-17
PBI,1.0,17.32,1685874,1744698,29.2,27.72,1.1,0.3,-0.3,매수관심,팽이도지,완만한상승,0.52,0.92,2026-09-17
CARS,1.0,11.35,443142,455597,5.03,5.52,0.9,1.3,-2.8,매도주의,장대음봉,잔구간,0.15,-1.21,2026-09-17
CWH,1.0,5.79,1890216,1874826,10.94,11.08,1.0,3.8,0.3,매수관심,양봉스프링,잔구간,0.83,0.95,2026-09-17
DFDV,1.0,5.0,1923423,1837754,9.62,10.83,0.9,4.6,5.3,중립,양봉,잔구간,0.85,0.56,2026-09-17
ARR,1.0,14.86,4893553,4939630,72.72,64.02,1.1,1.3,-0.9,중립,음봉,잔구간,0.04,-0.625,2026-09-17
ASC,1.0,19.0,542849,553922,10.31,10.16,1.0,-0.3,-0.1,매도주의,위꼬리음봉,잔구간,0.12,-0.98,2026-09-17
CCXI,1.0,12.075,2407934,2467644,29.08,27.4,1.1,4.1,-4.1,매도주의,장대음봉,잔구간,0.15,-1.21,2026-09-17
CNNE,1.0,15.3,576777,555201,8.82,7.99,1.1,1.1,-0.3,중립,팽이도지,완만한상승,0.31,0.67,2026-09-17
CNTB,1.0,1.29,1810665,1827250,2.34,4.91,0.5,-1.6,5.7,강한매수,양봉,완만한상승,0.97,2.16,2026-09-17
AVPT,1.0,13.52,2060680,1989868,27.86,21.42,1.3,-0.4,1.0,중립,양봉,잔구간,0.69,0.465,2026-09-17
TARA,1.0,3.7,654157,633605,2.42,2.32,1.0,0.8,1.4,중립,양봉,잔구간,0.57,0.39,2026-09-17
MNTN,1.0,11.33,590975,593138,6.7,8.16,0.8,2.0,-3.6,매도주의,장대음봉,전저점부근,0.02,-1.83,2026-09-17
GDXY,1.0,10.89,634107,667026,6.91,8.66,0.8,1.4,0.6,중립,양봉,잔구간,0.57,0.39,2026-09-17
STLA,1.0,5.05,22310001,21878128,112.67,111.06,1.0,3.0,-0.4,매도주의,위꼬리음봉,잔구간,0.14,-0.965,2026-09-17
FVRR,1.0,8.74,490047,480548,4.28,4.33,1.0,0.4,-2.9,강한매도,장대음봉,전저점이탈,0.07,-3.27,2026-09-17
FWDI,1.0,6.2,1781067,1858447,11.04,12.96,0.9,5.7,-2.4,중립,음봉,잔구간,0.48,-0.36,2026-09-17
AVAH,1.0,13.97,3277922,3309432,45.79,44.29,1.0,0.5,-2.5,매도주의,장대음봉,잔구간,0.3,-1.12,2026-09-17
AVO,1.0,12.46,846781,845264,10.55,10.89,1.0,0.4,-0.5,중립,팽이도지,잔구간,0.48,-0.01,2026-09-17
LYG,1.0,5.94,14010244,14037666,83.22,91.5,0.9,1.0,0.0,중립,팽이도지,잔구간,0.59,0.055,2026-09-17
SVOL,1.0,16.8,312364,300067,5.25,5.34,1.0,0.5,0.5,매수관심,양봉,완만한상승,0.56,1.67,2026-09-17
SVRA,1.0,5.42,1228730,1214232,6.66,6.52,1.0,1.9,3.6,매수관심,장대양봉,잔구간,0.82,1.19,2026-09-17
SWBI,1.0,13.33,598658,628285,7.98,10.73,0.7,0.0,2.1,중립,양봉,잔구간,0.77,0.51,2026-09-17
SXC,1.0,9.66,882542,855159,8.53,8.09,1.1,1.0,-0.5,중립,팽이도지,잔구간,0.46,-0.025,2026-09-17
AIV,1.0,2.22,1719822,1810219,3.82,3.33,1.1,0.4,-1.8,강한매도,음봉,전저점이탈,0.0,-2.05,2026-09-17
AERO,1.0,14.8,353933,337628,5.24,4.79,1.1,2.6,-2.4,중립,음봉,완만한상승,0.22,-0.14,2026-09-17
SVC,1.0,6.57,1644649,1572382,10.81,10.47,1.0,1.1,-1.8,매도주의,장대음봉,잔구간,0.11,-1.235,2026-09-17
SVCO,1.0,6.71,359758,353871,2.41,1.93,1.2,2.2,1.2,중립,위꼬리양봉,완만한상승,0.38,-0.24,2026-09-17
NCMI,1.0,2.22,884016,880149,1.96,1.68,1.2,0.9,-5.9,강한매도,장대음봉,전저점이탈,0.14,-3.18,2026-09-17
GNL,1.0,8.89,1932866,1914291,17.18,15.99,1.1,0.7,-0.4,중립,음봉,잔구간,0.52,-0.34,2026-09-17
TFSL,1.0,16.81,595684,616139,10.01,11.32,0.9,1.3,-1.1,매도주의,장대음봉,잔구간,0.11,-1.235,2026-09-17
LUCD,1.0,0.78,1282822,1252451,1.0,0.95,1.1,-1.6,-5.2,중립,음봉,잔구간,0.33,-0.45,2026-09-17
LUMN,1.0,6.48,13458879,13169582,87.21,88.33,1.0,3.7,-6.4,매도주의,장대음봉,전저점부근,0.07,-1.77,2026-09-17
HBNC,1.0,19.52,435454,441690,8.5,9.16,0.9,1.2,-1.1,매도주의,장대음봉,완만한상승,0.05,-1.64,2026-09-17
FLWS,1.0,2.6,513134,517227,1.33,1.25,1.1,0.6,-4.8,강한매도,장대음봉,전저점이탈,0.28,-3.01,2026-09-17
TNYA,1.0,0.672,1933232,1891938,1.3,1.21,1.1,1.9,0.3,중립,팽이도지,잔구간,0.44,-0.035,2026-09-17
TIC,1.0,9.0,1317330,1377070,11.86,13.49,0.9,1.9,-0.2,매도주의,위꼬리음봉,완만한상승,0.06,-1.13,2026-09-17
BBAR,1.0,14.63,378109,367994,5.53,9.08,0.6,1.3,-0.5,중립,팽이도지,잔구간,0.49,-0.005,2026-09-17
BBWI,1.0,17.19,6088459,6086570,104.66,110.1,1.0,1.8,0.9,중립,양봉,잔구간,0.93,0.61,2026-09-17
SSL,1.0,14.14,2064939,2091203,29.2,32.64,0.9,-3.6,2.7,매수관심,장대양봉,잔구간,0.92,1.25,2026-09-17
NEOV,1.0,3.49,1068710,1095783,3.73,4.22,0.9,8.2,-2.5,중립,음봉,잔구간,0.21,-0.525,2026-09-17
NIQ,1.0,17.95,1023336,1045043,18.37,18.92,1.0,0.7,0.0,중립,팽이도지,잔구간,0.64,0.085,2026-09-17
FSK,1.0,11.74,1824558,1892662,21.42,20.07,1.1,0.6,1.2,중립,양봉,잔구간,0.69,0.465,2026-09-17
FMNB,1.0,15.65,339767,346672,5.32,5.28,1.0,0.9,-1.1,매도주의,장대음봉,잔구간,0.06,-1.265,2026-09-17
FIP,1.0,2.79,1533415,1486751,4.28,4.43,1.0,1.7,-4.5,매도주의,장대음봉,전저점부근,0.12,-1.71,2026-09-17
TRLV,1.0,11.65,1570817,1640409,18.3,21.56,0.8,-0.3,1.2,중립,양봉,잔구간,0.52,0.36,2026-09-17
KURA,1.0,11.72,1852046,1820909,21.71,20.99,1.0,1.7,2.9,중립,양봉,잔구간,0.44,0.315,2026-09-17
ONDS,1.0,7.39,67049452,64548823,495.5,454.21,1.1,3.7,-1.1,중립,음봉,잔구간,0.39,-0.415,2026-09-17
ENOV,1.0,17.8,2229589,2268936,39.69,46.66,0.9,1.9,-6.4,매도주의,장대음봉,잔구간,0.06,-1.265,2026-09-17
UA,1.0,4.84,1928301,1845579,9.33,10.27,0.9,1.8,-2.4,중립,음봉,잔구간,0.43,-0.39,2026-09-17
BW,1.0,7.32,3861655,3794257,28.27,29.67,1.0,4.6,3.1,매수관심,장대양봉,잔구간,0.66,1.095,2026-09-17
SAFX,1.0,0.46,4177194,3992630,1.92,1.55,1.2,4.2,2.2,강한매수,양봉,완만한상승,0.86,2.03,2026-09-17
OIS,1.0,8.4,455058,448692,3.82,3.93,1.0,0.1,-0.6,매도주의,위꼬리음봉,잔구간,0.21,-0.925,2026-09-17
OMDA,1.0,19.83,1322606,1386418,26.23,26.4,1.0,1.2,-0.9,중립,음봉,완만한상승,0.07,-0.32,2026-09-17
ELPC,1.0,12.55,436082,457487,5.47,5.58,1.0,-0.2,0.0,매수관심,양봉스프링,잔구간,0.9,0.99,2026-09-17
BURU,1.0,0.94,1670143,1661171,1.57,3.54,0.4,-4.2,-8.3,매도주의,음봉,전저점이탈,0.4,-1.57,2026-09-17
BOBS,1.0,14.68,679761,697941,9.98,9.6,1.0,3.0,-2.5,중립,음봉,완만한상승,0.15,-0.22,2026-09-17
EC,1.0,17.38,1403440,1385747,24.39,26.46,0.9,-1.1,0.6,중립,양봉,전저점이탈,0.64,0.12,2026-09-17
CABO,1.0,18.11,306387,293813,5.55,6.45,0.9,1.5,-5.8,중립,음봉,전저점부근,0.16,-0.36,2026-09-17
SBGI,1.0,13.61,396762,379305,5.4,5.63,1.0,1.1,-4.0,매도주의,장대음봉,잔구간,0.0,-1.3,2026-09-17
OPK,1.0,1.62,1710379,1798185,2.77,5.39,0.5,1.9,-1.2,중립,음봉,완만한상승,0.25,-0.1,2026-09-17
DX,1.0,12.29,6560067,6725509,80.62,69.08,1.2,1.3,-0.2,매도주의,위꼬리음봉,잔구간,0.07,-1.01,2026-09-17
F,1.0,13.61,46084007,46895021,627.2,654.69,1.0,1.9,0.0,중립,위꼬리양봉,잔구간,0.08,-0.75,2026-09-17
NUVB,1.0,6.07,5738783,5685458,34.83,32.26,1.1,3.1,1.8,중립,양봉,잔구간,0.63,0.43,2026-09-17
LBTYA,1.0,10.29,1914183,1947723,19.7,20.69,1.0,1.5,-2.6,매도주의,장대음봉,잔구간,0.15,-1.21,2026-09-17
LEVI,1.0,19.85,2155846,2269129,42.79,43.91,1.0,1.5,-0.5,중립,음봉,잔구간,0.5,-0.35,2026-09-17
SERV,1.0,4.3,3064854,3092313,13.18,12.94,1.0,3.5,-3.2,매도주의,장대음봉,잔구간,0.03,-1.28,2026-09-17
BEZ,1.0,5.39,4104007,4084961,22.12,23.83,0.9,-9.1,1.3,매수관심,팽이도지,전저점부근,0.6,0.87,2026-09-17
OPTU,1.0,1.04,1589129,1623876,1.65,1.75,0.9,1.0,2.0,매수관심,양봉,완만한상승,0.62,1.74,2026-09-17
ORC,1.0,6.09,5377363,5630944,32.75,28.96,1.1,1.3,-0.7,중립,음봉,잔구간,0.12,-0.58,2026-09-17
ERY,1.0,8.79,15813554,15618291,139.0,132.88,1.0,1.6,-2.9,매도주의,장대음봉,잔구간,0.07,-1.26,2026-09-17
ESRT,1.0,4.16,4487270,4557216,18.67,18.47,1.0,0.7,1.0,매수관심,양봉,완만한상승,0.64,1.77,2026-09-17
NRGV,1.0,4.23,3468445,3562787,14.67,15.27,1.0,4.8,1.7,중립,양봉,잔구간,0.34,0.255,2026-09-17
SPRY,1.0,4.15,1873175,1809370,7.77,7.37,1.1,2.3,-2.6,매도주의,장대음봉,전저점부근,0.17,-1.65,2026-09-17
BKD,1.0,11.58,4241464,4455553,49.12,49.07,1.0,0.3,-1.0,중립,음봉,잔구간,0.22,-0.52,2026-09-17
SONO,1.0,16.07,1777101,1773103,28.56,27.52,1.0,1.8,1.2,매수관심,팽이도지,전고점돌파,0.73,1.78,2026-09-17
NNBR,1.0,3.37,985700,1008929,3.32,3.91,0.9,3.1,0.3,중립,팽이도지,잔구간,0.56,0.035,2026-09-17
ETY,1.0,13.95,338011,339088,4.72,4.38,1.1,0.8,-0.4,매도주의,위꼬리음봉,잔구간,0.16,-0.955,2026-09-17
ERIC,1.0,10.29,6713857,6729650,69.09,70.37,1.0,3.0,-0.4,매도주의,위꼬리음봉,잔구간,0.17,-0.95,2026-09-17
EROC,1.0,12.9,2858856,2933352,36.88,32.24,1.1,3.5,2.1,중립,양봉,잔구간,0.34,0.255,2026-09-17
NUAI,1.0,5.81,5762415,5725559,33.48,37.47,0.9,6.3,1.0,중립,위꼬리양봉,잔구간,0.28,-0.63,2026-09-17
ENVX,1.0,2.94,6704325,6809156,19.71,18.65,1.1,3.8,-3.0,중립,음봉,잔구간,0.19,-0.535,2026-09-17
EOSE,1.0,3.98,23686444,23018042,94.27,119.24,0.8,2.4,-1.2,중립,음봉,잔구간,0.25,-0.5,2026-09-17
EQX,1.0,12.22,10676005,11090600,130.46,123.68,1.1,4.0,1.5,매수관심,양봉,완만한상승,0.81,1.97,2026-09-17
NKTX,1.0,2.81,531498,525501,1.49,1.93,0.8,2.1,-4.1,중립,음봉,잔구간,0.29,-0.475,2026-09-17
HIMX,1.0,13.67,909519,917538,12.43,13.88,0.9,3.4,1.3,중립,양봉,잔구간,0.47,0.33,2026-09-17
KSS,1.0,16.7,3500115,3409929,58.45,65.73,0.9,2.4,-0.9,중립,팽이도지,잔구간,0.44,-0.035,2026-09-17
JBLU,1.0,4.45,19564140,19219376,87.06,85.54,1.0,3.5,0.0,중립,팽이도지,완만한상승,0.38,0.76,2026-09-17
INO,1.0,1.21,2724202,2667632,3.3,4.07,0.8,0.0,5.2,매수관심,장대양봉,잔구간,0.6,1.06,2026-09-17
PWP,1.0,12.77,1809675,1799831,23.11,19.56,1.2,2.4,-2.2,중립,음봉,잔구간,0.33,-0.45,2026-09-17
COUR,1.0,5.15,4683354,4541131,24.12,24.84,1.0,0.6,-2.3,매도주의,장대음봉,전저점부근,0.2,-1.61,2026-09-17
CPNG,1.0,14.46,14086850,14621749,203.7,263.3,0.8,1.7,-1.3,중립,음봉,잔구간,0.51,-0.345,2026-09-17
ICL,1.0,5.53,1222962,1282558,6.76,7.66,0.9,0.9,0.0,중립,팽이도지,잔구간,0.75,0.15,2026-09-17
IE,1.0,9.48,2411708,2338805,22.86,22.69,1.0,4.3,1.7,중립,양봉,잔구간,0.64,0.435,2026-09-17
IMMX,1.0,12.72,1185668,1238481,15.08,16.34,0.9,2.7,3.9,매수관심,장대양봉,잔구간,0.96,1.275,2026-09-17
KLC,1.0,2.36,499219,522332,1.18,1.46,0.8,1.7,-0.8,중립,팽이도지,잔구간,0.29,-0.125,2026-09-17
WSC,1.0,18.31,1900815,1835520,34.8,49.84,0.7,2.4,-1.0,중립,음봉,잔구간,0.48,-0.36,2026-09-17
ABAT,1.0,2.24,3164729,3249332,7.09,8.32,0.9,2.4,3.2,중립,양봉,잔구간,0.92,0.6,2026-09-17
WCMI,1.0,19.44,761784,725673,14.81,14.07,1.1,1.9,-0.4,매도주의,장대음봉,잔구간,0.33,-1.1,2026-09-17
KD,1.0,12.95,3097149,2999304,40.11,41.03,1.0,1.2,-0.4,중립,팽이도지,완만한상승,0.3,0.66,2026-09-17
PFLT,1.0,7.22,719861,720574,5.2,5.13,1.0,0.7,2.1,매수관심,양봉,완만한상승,0.59,1.71,2026-09-17
CLPT,1.0,13.74,477521,464554,6.56,8.21,0.8,1.9,0.7,중립,팽이도지,잔구간,0.71,0.125,2026-09-17
PRTH,1.0,5.95,444641,445822,2.65,2.25,1.2,1.5,-0.5,강한매수,망치형,완만한상승,0.67,2.1,2026-09-17
PSQL,1.0,7.91,528040,543717,4.18,8.9,0.5,-0.9,7.2,강한매수,장대양봉,완만한상승,0.74,3.19,2026-09-17
WRAP,1.0,1.57,637253,664580,1.0,1.07,0.9,2.6,-0.6,중립,팽이도지,잔구간,0.31,-0.115,2026-09-17
VALE,1.0,14.47,30427890,31358307,440.29,512.88,0.9,0.9,1.5,중립,양봉,잔구간,0.86,0.565,2026-09-17
HQ,1.0,13.51,536428,548373,7.25,8.81,0.8,0.0,-0.4,중립,팽이도지,잔구간,0.66,0.095,2026-09-17
HSAI,1.0,16.915,956671,1000355,16.18,23.09,0.7,2.6,-1.1,중립,음봉,잔구간,0.25,-0.5,2026-09-17
HSLV,1.0,5.42,622429,653225,3.37,3.78,0.9,3.9,1.7,중립,양봉,잔구간,0.51,0.355,2026-09-17
HUMA,1.0,0.575,2900290,3044682,1.67,1.9,0.9,4.3,-3.3,중립,음봉,잔구간,0.3,-0.47,2026-09-17
JKS,1.0,10.76,856549,837092,9.22,10.0,0.9,0.7,4.0,중립,양봉,잔구간,0.61,0.415,2026-09-17
GRPN,1.0,18.81,906223,951591,17.05,18.05,0.9,-0.1,-2.6,매도주의,장대음봉,잔구간,0.05,-1.27,2026-09-17
GSM,1.0,4.26,1101715,1071666,4.69,6.34,0.7,2.3,-3.6,매도주의,장대음봉,잔구간,0.24,-1.155,2026-09-17
ALM,1.0,14.13,5844218,5722498,82.58,117.41,0.7,4.3,0.6,중립,팽이도지,잔구간,0.7,0.12,2026-09-17
USAR,1.0,15.63,12180526,12692557,190.38,216.69,0.9,3.0,0.5,중립,팽이도지,잔구간,0.43,-0.04,2026-09-17
USOY,1.0,7.724,542967,541418,4.19,3.53,1.2,-1.9,0.6,중립,양봉,잔구간,0.7,0.47,2026-09-17
UUUU,1.0,11.98,7287343,7013089,87.3,84.49,1.0,3.1,-0.9,매도주의,위꼬리음봉,잔구간,0.24,-0.905,2026-09-17
CTMX,1.0,2.82,4215053,4194337,11.89,12.98,0.9,2.4,-0.4,중립,팽이도지,잔구간,0.29,-0.125,2026-09-17
PHR,1.0,10.28,602302,587877,6.19,8.01,0.8,-0.5,0.9,매수관심,팽이도지,완만한상승,0.68,1.12,2026-09-17
UPXI,1.0,1.055,3825850,3908555,4.04,4.24,1.0,3.8,-3.2,중립,음봉,완만한상승,0.42,0.1,2026-09-17
ASPN,1.0,5.13,630567,649473,3.23,3.07,1.1,2.4,1.6,강한매수,양봉,전고점돌파,0.39,2.07,2026-09-17
ASTX,1.0,11.08,2487689,2569007,27.56,37.42,0.7,7.1,3.9,중립,양봉,잔구간,0.61,0.415,2026-09-17
AMZD,1.0,8.72,10173544,9857274,88.71,90.46,1.0,-2.0,-0.1,중립,팽이도지,잔구간,0.47,-0.02,2026-09-17
PML,1.0,6.93,613365,587153,4.25,3.55,1.2,0.4,1.0,중립,양봉,잔구간,0.5,0.35,2026-09-17
ALOY,0.9,8.25,1936708,2222389,15.98,16.89,0.9,5.6,-4.2,매도주의,장대음봉,잔구간,0.0,-1.3,2026-09-17
IVR,0.9,6.54,3312719,3791785,21.67,23.13,0.9,1.5,-0.3,매도주의,위꼬리음봉,잔구간,0.11,-0.985,2026-09-17
LODE,0.9,2.63,1317847,1526269,3.47,3.49,1.0,3.6,1.9,중립,양봉,잔구간,0.64,0.435,2026-09-17
PNNT,0.9,3.58,361877,405205,1.3,1.85,0.7,0.9,2.0,매수관심,장대양봉,잔구간,0.64,1.085,2026-09-17
POET,0.9,7.51,6485687,7519134,48.71,66.27,0.7,3.9,-2.3,중립,음봉,잔구간,0.16,-0.555,2026-09-17
PONY,0.9,6.88,2650788,2896656,18.24,20.52,0.9,3.0,2.0,중립,양봉,잔구간,0.91,0.595,2026-09-17
PK,0.9,15.06,2528547,2848102,38.08,47.05,0.8,1.1,0.1,매수관심,팽이도지,완만한상승,0.49,0.89,2026-09-17
ASTL,0.9,4.42,676000,754394,2.99,3.69,0.8,1.4,2.8,매수관심,장대양봉,잔구간,0.8,1.18,2026-09-17
ATEC,0.9,10.28,2756714,2960234,28.34,28.3,1.0,-0.5,-1.6,중립,음봉,잔구간,0.51,-0.345,2026-09-17
GTM,0.9,4.02,4465222,4944835,17.95,19.18,0.9,0.5,-2.2,중립,음봉,잔구간,0.4,-0.41,2026-09-17
ALIT,0.9,12.29,382087,434869,4.7,5.34,0.9,0.3,2.9,중립,양봉,잔구간,0.64,0.435,2026-09-17
UWMC,0.9,1.26,10543663,11667158,13.29,15.15,0.9,2.4,0.0,중립,팽이도지,잔구간,0.67,0.1,2026-09-17
VERI,0.9,1.08,2217001,2473064,2.39,3.09,0.8,0.0,-0.9,매도주의,위꼬리음봉,잔구간,0.14,-0.965,2026-09-17
CLVT,0.9,1.9,4455448,5227171,8.47,8.33,1.0,1.1,0.5,매수관심,팽이도지,완만한상승,0.58,1.0,2026-09-17
PRCH,0.9,15.98,1043004,1221020,16.67,22.32,0.7,2.0,-1.4,중립,음봉,잔구간,0.49,-0.355,2026-09-17
WRN,0.9,2.41,1187441,1310343,2.86,2.97,1.0,3.6,3.4,매수관심,장대양봉,잔구간,0.91,1.245,2026-09-17
IART,0.9,15.1,1051358,1109749,15.88,15.04,1.1,1.5,-7.4,강한매도,장대음봉,전저점이탈,0.02,-3.33,2026-09-17
JPC,0.9,7.13,2109715,2249593,15.04,13.43,1.1,0.6,0.7,중립,양봉,잔구간,1.0,0.65,2026-09-17
CRCT,0.9,5.71,507205,558920,2.9,3.64,0.8,1.3,0.9,강한매수,양봉,완만한상승,0.83,2.0,2026-09-17
CRDF,0.9,1.3,1134791,1302289,1.48,1.42,1.0,0.7,-4.4,중립,음봉,잔구간,0.33,-0.45,2026-09-17
KPTI,0.9,1.79,1089114,1160648,1.95,2.59,0.8,2.7,2.5,중립,팽이도지,전고점부근,0.69,-0.22,2026-09-17
KRNY,0.9,9.65,365405,408968,3.53,4.54,0.8,0.9,-0.9,매도주의,장대음봉,완만한상승,0.24,-1.41,2026-09-17
KRO,0.9,8.22,392517,413195,3.23,3.48,0.9,1.2,-0.1,중립,팽이도지,잔구간,0.29,-0.125,2026-09-17
JBS,0.9,12.06,3843067,4425862,46.35,60.66,0.8,0.3,-1.6,강한매도,장대음봉,전저점이탈,0.08,-3.25,2026-09-17
JELD,0.9,1.89,737061,831254,1.39,2.57,0.5,4.7,-5.5,중립,음봉,잔구간,0.22,-0.52,2026-09-17
ALMS,0.9,7.82,3515413,4016337,27.49,50.02,0.5,1.1,-2.6,중립,음봉,전저점부근,0.18,-0.33,2026-09-17
HLF,0.9,11.69,1127165,1268666,13.18,19.05,0.7,4.7,-5.6,강한매도,장대음봉,전저점이탈,0.05,-3.29,2026-09-17
TMQ,0.9,3.24,1094461,1206352,3.55,4.52,0.8,4.5,-0.6,중립,팽이도지,잔구간,0.44,-0.035,2026-09-17
SNXX,0.9,14.7,52084637,54948417,765.64,908.24,0.8,5.9,5.8,매수관심,장대양봉,잔구간,0.77,1.16,2026-09-17
SOC,0.9,4.35,7396812,8102433,32.18,34.46,0.9,-1.3,-3.8,매도주의,음봉,전저점이탈,0.19,-1.82,2026-09-17
BCRX,0.9,8.7,5220505,5506264,45.42,44.49,1.0,1.3,1.9,중립,양봉,잔구간,0.9,0.59,2026-09-17
BCSF,0.9,11.3,579372,654851,6.55,6.34,1.0,0.1,1.9,중립,양봉,잔구간,0.57,0.39,2026-09-17
BDJ,0.9,9.59,515670,551194,4.95,4.38,1.1,0.8,-0.8,중립,음봉,잔구간,0.27,-0.49,2026-09-17
SLS,0.9,11.53,4811865,5371953,55.48,86.91,0.6,-3.0,2.0,중립,양봉,잔구간,0.52,0.36,2026-09-17
SMCY,0.9,5.33,1551381,1729404,8.27,9.45,0.9,1.2,3.5,매수관심,장대양봉,잔구간,0.77,1.16,2026-09-17
BSCR,0.9,19.615,611136,714584,11.99,13.26,0.9,0.0,0.0,매수관심,양봉,완만한상승,0.5,1.6,2026-09-17
NOMD,0.9,10.74,1068125,1174194,11.47,14.57,0.8,1.0,-3.2,강한매도,장대음봉,전저점이탈,0.0,-3.35,2026-09-17
SNDQ,0.9,13.25,23910710,27790742,316.82,388.6,0.8,-6.0,-6.8,매도주의,장대음봉,잔구간,0.18,-1.19,2026-09-17
BIT,0.9,11.62,403813,462915,4.69,4.44,1.1,0.3,0.3,중립,양봉,잔구간,0.49,0.345,2026-09-17
EVEX,0.9,2.06,932772,1010051,1.92,1.98,1.0,2.5,1.0,중립,위꼬리양봉,완만한상승,0.4,-0.22,2026-09-17
STGW,0.9,8.31,1071081,1171396,8.9,10.68,0.8,0.2,-0.5,매도주의,위꼬리음봉,전저점부근,0.03,-1.31,2026-09-17
SPCH,0.9,10.68,21967051,25004638,234.61,238.99,1.0,3.8,1.2,매수관심,팽이도지,완만한상승,0.5,0.9,2026-09-17
SPAX,0.9,10.86,1552708,1671537,16.86,17.1,1.0,3.6,1.7,매수관심,양봉,완만한상승,0.54,1.65,2026-09-17
BEKE,0.9,16.0,3544943,4167331,56.72,75.99,0.7,0.6,-0.4,중립,음봉,잔구간,0.53,-0.33,2026-09-17
ORBS,0.9,0.906,9244157,10854677,8.38,14.74,0.6,5.5,3.0,중립,양봉,잔구간,0.59,0.405,2026-09-17
ORCU,0.9,8.0,5110725,5957335,40.89,58.02,0.7,5.1,4.8,매수관심,장대양봉,잔구간,0.75,1.15,2026-09-17
LBRT,0.9,19.11,2873231,3320169,54.91,66.55,0.8,0.8,-1.6,중립,음봉,잔구간,0.23,-0.51,2026-09-17
LI,0.9,11.97,3125402,3509632,37.41,38.89,1.0,0.0,-0.5,중립,팽이도지,잔구간,0.53,0.02,2026-09-17
SHMD,0.9,3.54,337542,385587,1.19,1.48,0.8,1.1,5.7,강한매수,장대양봉,완만한상승,0.82,3.28,2026-09-17
SD,0.9,14.29,320448,369062,4.58,4.73,1.0,-0.3,-0.2,중립,팽이도지,전저점부근,0.39,0.62,2026-09-17
SFD,0.9,19.79,1840282,2008720,36.42,43.4,0.8,0.3,-1.1,매도주의,음봉,전저점이탈,0.08,-1.95,2026-09-17
SFIX,0.9,2.91,1338841,1506737,3.9,4.42,0.9,2.4,-2.3,매도주의,장대음봉,잔구간,0.22,-1.17,2026-09-17
NWBI,0.9,15.38,884369,934717,13.6,15.69,0.9,0.8,-1.2,매도주의,장대음봉,잔구간,0.07,-1.26,2026-09-17
EYE,0.9,16.87,2109925,2442472,35.59,37.34,1.0,0.4,2.1,강한매수,양봉,완만한상승,0.94,2.13,2026-09-17
BMEA,0.9,1.79,1374295,1574484,2.46,3.72,0.7,2.3,0.6,매수관심,팽이도지,완만한상승,0.61,1.03,2026-09-17
BMNZ,0.9,5.6,4042136,4467453,22.64,24.28,0.9,-6.3,-3.6,중립,음봉,잔구간,0.51,-0.345,2026-09-17
BSOL,0.9,13.87,2190536,2382983,30.38,41.3,0.7,2.4,0.5,매수관심,팽이도지,완만한상승,0.53,0.94,2026-09-17
BRSP,0.9,4.18,1589494,1779853,6.64,6.42,1.0,0.7,-3.2,강한매도,장대음봉,전저점이탈,0.0,-3.35,2026-09-17
BSCQ,0.9,19.565,932111,1062763,18.24,22.76,0.8,0.0,0.0,매수관심,양봉,완만한상승,0.5,1.6,2026-09-17
DXC,0.9,11.44,1963913,2217316,22.47,24.41,0.9,0.5,-1.7,매도주의,장대음봉,잔구간,0.2,-1.18,2026-09-17
OCFC,0.9,18.13,831633,884578,15.08,16.24,0.9,1.2,-1.8,매도주의,장대음봉,잔구간,0.03,-1.28,2026-09-17
OCSL,0.9,12.61,379477,403229,4.79,5.46,0.9,0.2,1.3,매수관심,양봉,완만한상승,0.56,1.67,2026-09-17
OCUL,0.9,10.14,2311414,2515265,23.44,24.79,0.9,2.4,0.3,중립,위꼬리양봉,잔구간,0.17,-0.7,2026-09-17
ODD,0.9,19.27,1693074,1897898,32.63,42.55,0.8,1.7,4.4,강한매수,양봉,완만한상승,0.85,2.02,2026-09-17
BTQ,0.9,2.7,1919521,2250209,5.18,7.65,0.7,4.2,-1.5,매도주의,위꼬리음봉,잔구간,0.13,-0.97,2026-09-17
BTX,0.9,8.73,312739,351634,2.73,3.49,0.8,1.5,-0.8,중립,망치형,잔구간,0.68,0.61,2026-09-17
BVS,0.9,12.63,385733,449753,4.87,6.93,0.7,0.8,-5.0,강한매도,장대음봉,전저점이탈,0.0,-3.35,2026-09-17
GLAS,0.9,7.99,581154,657141,4.64,5.85,0.8,2.7,-3.2,매도주의,장대음봉,잔구간,0.13,-1.22,2026-09-17
GLNK,0.9,10.04,383494,431588,3.85,4.44,0.9,2.9,1.0,중립,양봉,잔구간,0.65,0.44,2026-09-17
OLMA,0.9,9.9,1087923,1182046,10.77,11.03,1.0,1.6,0.1,중립,팽이도지,잔구간,0.27,-0.14,2026-09-17
OPEN,0.9,2.56,34553030,39906082,88.46,90.02,1.0,3.7,-4.7,매도주의,장대음봉,잔구간,0.12,-1.23,2026-09-17
AQN,0.9,5.38,4645340,5100732,24.99,27.24,0.9,0.8,0.4,중립,팽이도지,잔구간,0.75,0.15,2026-09-17
ARDX,0.9,3.38,4231994,4784941,14.3,15.31,0.9,1.5,-1.7,중립,음봉,잔구간,0.26,-0.495,2026-09-17
AREC,0.9,2.0,1274994,1408817,2.55,3.59,0.7,3.6,-1.0,중립,음봉,잔구간,0.54,-0.325,2026-09-17
TSLX,0.9,18.19,374033,400826,6.8,6.58,1.0,0.8,0.4,중립,위꼬리양봉,완만한상승,0.34,-0.29,2026-09-17
TSSI,0.9,8.62,608394,703481,5.24,7.98,0.7,2.6,0.6,매수관심,팽이도지,완만한상승,0.48,0.88,2026-09-17
TRVI,0.9,15.21,1500738,1633060,22.83,24.48,0.9,2.5,-1.1,중립,음봉,잔구간,0.35,-0.44,2026-09-17
LILAK,0.9,8.57,951751,1007826,8.16,9.53,0.9,1.3,-2.9,매도주의,장대음봉,잔구간,0.09,-1.245,2026-09-17
LAC,0.9,2.89,9500019,10456272,27.46,31.96,0.9,3.6,0.3,중립,팽이도지,잔구간,0.58,0.05,2026-09-17
ARIS,0.9,18.95,1258089,1369814,23.84,27.34,0.9,4.3,-0.4,중립,망치형,잔구간,0.74,0.645,2026-09-17
ARKO,0.9,4.34,781350,873184,3.39,4.1,0.8,1.4,-1.6,매도주의,장대음봉,잔구간,0.24,-1.155,2026-09-17
GEMI,0.9,4.43,1794786,1925465,7.95,8.96,0.9,2.9,3.0,중립,양봉,잔구간,0.64,0.435,2026-09-17
GERN,0.9,1.32,9819461,10653825,12.96,18.46,0.7,2.3,0.0,중립,팽이도지,잔구간,0.5,0.0,2026-09-17
FRMI,0.9,4.95,12566893,13625758,62.21,82.65,0.8,5.9,-2.0,중립,음봉,잔구간,0.46,-0.375,2026-09-17
FINV,0.9,3.38,941941,1043665,3.18,3.86,0.8,0.0,1.2,매수관심,양봉,완만한상승,0.53,1.64,2026-09-17
FLO,0.9,6.09,7432753,8025069,45.27,51.01,0.9,1.5,-2.4,매도주의,장대음봉,잔구간,0.13,-1.22,2026-09-17
SPT,0.9,10.82,958354,1059111,10.37,14.01,0.7,0.9,-4.8,매도주의,장대음봉,잔구간,0.02,-1.29,2026-09-17
STDN,0.9,12.49,597138,674548,7.46,9.45,0.8,0.8,4.1,중립,양봉,잔구간,0.59,0.405,2026-09-17
AVS,0.9,8.39,8891184,10334419,74.6,108.35,0.7,-1.9,-0.5,중립,망치형,잔구간,0.67,0.6,2026-09-17
NEXT,0.9,7.0,2161151,2436586,15.13,16.62,0.9,-0.7,-0.1,중립,팽이도지,잔구간,0.43,-0.04,2026-09-17
MYI,0.9,10.17,506570,551375,5.15,4.53,1.1,1.6,-0.9,매도주의,장대음봉,잔구간,0.25,-1.15,2026-09-17
NAK,0.9,1.27,3299364,3664214,4.19,5.64,0.7,4.0,-1.6,매도주의,장대음봉,잔구간,0.33,-1.1,2026-09-17
NCLH,0.9,14.39,16438423,17371882,236.55,238.1,1.0,2.8,-3.6,매도주의,장대음봉,잔구간,0.01,-1.295,2026-09-17
TK,0.9,14.67,571367,620677,8.38,7.8,1.1,0.1,1.8,중립,양봉,전고점부근,0.58,0.35,2026-09-17
TGB,0.9,8.38,4300076,4960003,36.03,41.21,0.9,3.9,1.5,강한매수,양봉,완만한상승,0.86,2.03,2026-09-17
THRY,0.9,1.85,554140,588579,1.03,1.54,0.7,-2.0,-4.1,중립,음봉,잔구간,0.2,-0.53,2026-09-17
LX,0.9,0.815,1766301,2002953,1.44,4.26,0.3,0.0,1.9,매수관심,장대양봉,잔구간,0.77,1.16,2026-09-17
HE,0.9,10.09,2266744,2494509,22.87,29.0,0.8,-0.2,-1.2,중립,음봉,전저점부근,0.09,-0.44,2026-09-17
AES,0.9,14.85,7222846,7781757,107.26,109.67,1.0,0.2,0.1,중립,팽이도지,전고점부근,0.5,-0.45,2026-09-17
GMEU,0.9,7.93,674974,777836,5.35,5.12,1.0,0.8,6.4,강한매수,장대양봉,전고점돌파,1.0,4.1,2026-09-17
LXRX,0.9,2.035,2235727,2356436,4.55,4.57,1.0,1.5,-0.7,매도주의,위꼬리음봉,잔구간,0.21,-0.925,2026-09-17
LYFT,0.9,15.5,8970373,9457890,139.04,170.05,0.8,-1.7,0.5,매수관심,양봉스프링,잔구간,0.9,0.99,2026-09-17
SVV,0.9,9.26,987381,1151699,9.14,9.58,1.0,2.2,-0.6,중립,팽이도지,잔구간,0.48,-0.01,2026-09-17
STWD,0.9,15.08,3731419,4009443,56.27,62.66,0.9,1.1,-0.5,중립,음봉,잔구간,0.16,-0.555,2026-09-17
SUPV,0.9,8.38,325623,361328,2.73,3.27,0.8,1.9,-1.8,매도주의,장대음봉,잔구간,0.09,-1.245,2026-09-17
FSM,0.9,11.92,2825173,3201904,33.68,45.21,0.7,3.8,-0.1,중립,망치형,잔구간,0.75,0.65,2026-09-17
TE,0.9,4.3,15224868,17046022,65.47,87.66,0.7,2.7,2.4,중립,양봉,잔구간,0.5,0.35,2026-09-17
MQ,0.9,15.83,502596,572702,7.96,10.23,0.8,0.8,-1.2,중립,음봉,잔구간,0.35,-0.44,2026-09-17
MQY,0.9,10.5,866727,982474,9.1,9.61,0.9,0.5,0.9,매수관심,장대양봉,잔구간,1.0,1.3,2026-09-17
GDRX,0.9,3.4,781310,874471,2.66,3.43,0.8,0.9,-0.6,매도주의,위꼬리음봉,완만한상승,0.25,-0.9,2026-09-17
ARLO,0.9,13.35,962879,1099976,12.85,19.11,0.7,1.6,-2.0,중립,음봉,잔구간,0.16,-0.555,2026-09-17
CFFN,0.9,8.83,691501,808647,6.11,7.24,0.8,1.2,-1.6,매도주의,장대음봉,수횡파,0.07,-1.92,2026-09-17
CHA,0.9,12.2,906745,1034809,11.06,16.51,0.7,-0.6,0.7,중립,팽이도지,잔구간,0.59,0.055,2026-09-17
CXM,0.9,5.62,2833697,3032791,15.93,25.78,0.6,-1.3,1.8,강한매수,양봉,완만한상승,0.87,2.04,2026-09-17
DJT,0.9,8.68,2229784,2588166,19.35,27.49,0.7,2.0,-0.5,중립,팽이도지,잔구간,0.34,-0.095,2026-09-17
DQ,0.9,11.93,655873,757453,7.82,9.51,0.8,2.1,3.3,매수관심,장대양봉,잔구간,0.82,1.19,2026-09-17
RITM,0.9,9.49,4318047,4939129,40.98,51.53,0.8,2.1,-2.0,매도주의,장대음봉,잔구간,0.1,-1.24,2026-09-17
RLJ,0.9,10.91,1383462,1524758,15.09,16.5,0.9,1.0,-0.3,매도주의,위꼬리음봉,완만한상승,0.2,-0.96,2026-09-17
RIG,0.9,5.66,41117864,45689631,232.73,277.39,0.8,0.7,1.4,중립,양봉,잔구간,0.74,0.495,2026-09-17
PATH,0.9,13.76,56205176,59599758,773.38,962.04,0.8,-1.2,2.2,중립,양봉,잔구간,0.57,0.39,2026-09-17
PCN,0.9,11.26,510740,572655,5.75,5.67,1.0,0.6,-0.7,매도주의,장대음봉,잔구간,0.25,-1.15,2026-09-17
DRN,0.9,9.47,1608327,1787464,15.23,17.72,0.9,1.9,-0.9,중립,음봉,잔구간,0.33,-0.45,2026-09-17
DSL,0.9,10.26,490853,528302,5.04,5.64,0.9,0.2,0.7,매수관심,장대양봉,잔구간,0.73,1.14,2026-09-17
OTF,0.9,10.86,1765070,1951106,19.17,22.99,0.8,1.2,1.0,중립,양봉,잔구간,0.52,0.36,2026-09-17
OTLK,0.9,0.681,2809949,3222991,1.91,3.03,0.6,2.7,-2.0,중립,음봉,완만한상승,0.11,-0.27,2026-09-17
BTG,0.9,5.4,18269460,20996528,98.66,141.46,0.7,3.5,1.5,강한매수,양봉,완만한상승,0.91,2.09,2026-09-17
RYAM,0.9,8.38,536523,629026,4.5,5.32,0.8,2.3,-0.8,중립,음봉,잔구간,0.24,-0.505,2026-09-17
RPD,0.9,12.41,1721682,1845769,21.37,25.27,0.8,-1.5,1.1,중립,팽이도지,잔구간,0.53,0.02,2026-09-17
JMIA,0.9,7.11,1370589,1455073,9.74,11.62,0.8,3.1,-3.7,매도주의,장대음봉,잔구간,0.04,-1.275,2026-09-17
MDXG,0.9,4.69,935377,1071884,4.39,4.79,0.9,1.1,-1.9,매도주의,장대음봉,잔구간,0.23,-1.16,2026-09-17
GOOD,0.9,12.75,307198,338252,3.92,4.32,0.9,0.6,0.1,중립,팽이도지,잔구간,0.34,-0.095,2026-09-17
GOOY,0.9,12.13,306980,346872,3.72,3.59,1.0,0.6,0.0,매수관심,팽이도지,완만한상승,0.63,1.06,2026-09-17
MSTZ,0.9,4.18,28706534,31143323,119.99,144.18,0.8,-5.9,-3.8,중립,음봉,잔구간,0.2,-0.53,2026-09-17
METC,0.9,9.81,1886220,2016760,18.5,26.39,0.7,1.5,-2.4,중립,음봉,잔구간,0.31,-0.465,2026-09-17
GPRE,0.9,15.09,1455712,1624983,21.97,26.65,0.8,0.5,-0.3,중립,팽이도지,잔구간,0.29,-0.125,2026-09-17
BANC,0.9,18.5,2371332,2712648,43.87,51.53,0.9,1.4,-0.2,매수관심,팽이도지,완만한상승,0.49,0.89,2026-09-17
BBAI,0.9,2.84,14406382,16178566,40.91,42.84,1.0,2.6,1.4,중립,양봉,잔구간,0.74,0.495,2026-09-17
MHD,0.9,10.86,561696,594205,6.1,6.41,1.0,0.4,0.1,중립,위꼬리양봉,잔구간,0.2,-0.68,2026-09-17
MLCO,0.9,4.68,1584232,1822752,7.41,9.34,0.8,1.5,1.1,중립,양봉,잔구간,0.52,0.36,2026-09-17
MNKD,0.9,3.58,2733344,3169462,9.79,12.63,0.8,1.7,-0.8,중립,팽이도지,잔구간,0.33,-0.1,2026-09-17
FRVO,0.9,16.66,4152929,4771088,69.19,120.93,0.6,3.1,5.0,매수관심,장대양봉,잔구간,0.91,1.245,2026-09-17
WEN,0.9,6.99,5124944,5419096,35.82,42.8,0.8,1.3,-1.8,매도주의,장대음봉,전저점부근,0.0,-1.85,2026-09-17
WNC,0.9,12.11,518511,588246,6.28,9.18,0.7,3.8,-1.4,매도주의,장대음봉,잔구간,0.14,-1.215,2026-09-17
AIRJ,0.9,4.23,774662,816246,3.28,3.65,0.9,3.9,-0.2,중립,팽이도지,잔구간,0.39,-0.065,2026-09-17
AIRS,0.9,2.3,712015,798161,1.64,2.43,0.7,2.1,7.0,매수관심,장대양봉,잔구간,0.9,1.24,2026-09-17
RQI,0.9,11.47,687429,804986,7.88,7.85,1.0,1.1,-0.7,매도주의,장대음봉,잔구간,0.15,-1.21,2026-09-17
VTRS,0.9,17.13,7018579,7836142,120.23,127.4,0.9,0.5,0.2,중립,위꼬리양봉,전고점돌파,0.19,0.13,2026-09-17
ABX,0.9,9.07,334479,368215,3.03,3.54,0.9,3.0,-4.4,강한매도,장대음봉,전저점이탈,0.01,-3.34,2026-09-17
XHR,0.9,17.65,756366,887449,13.35,13.74,1.0,-1.0,1.7,강한매수,장대양봉,완만한상승,0.61,3.03,2026-09-17
JANX,0.9,16.86,810006,924984,13.66,19.14,0.7,1.5,2.2,중립,양봉,잔구간,0.51,0.355,2026-09-17
VNDA,0.9,5.11,646828,736943,3.31,3.63,0.9,-0.2,2.4,강한매수,장대양봉,완만한상승,0.67,3.1,2026-09-17
XXI,0.9,5.57,1536838,1774739,8.56,10.33,0.8,1.5,3.1,중립,양봉,잔구간,0.63,0.43,2026-09-17
VIR,0.9,10.92,1794367,2011818,19.59,22.37,0.9,3.3,0.5,매수관심,팽이도지,완만한상승,0.46,0.85,2026-09-17
ZUMZ,0.9,13.46,407123,434440,5.48,6.22,0.9,1.8,-1.2,매도주의,장대음봉,잔구간,0.29,-1.125,2026-09-17
CLYM,0.9,14.06,1401598,1523744,19.71,29.29,0.7,2.7,-3.0,중립,음봉,잔구간,0.33,-0.45,2026-09-17
CLM,0.9,6.35,2493785,2926246,15.84,14.5,1.1,0.6,0.5,중립,위꼬리양봉,잔구간,0.46,-0.525,2026-09-17
QNC,0.9,1.7,837297,952241,1.42,2.54,0.6,0.0,0.0,중립,위꼬리양봉,잔구간,0.17,-0.7,2026-09-17
CRK,0.9,12.92,2279062,2417808,29.45,39.5,0.7,-0.8,-0.6,매도주의,위꼬리음봉,전저점부근,0.02,-1.33,2026-09-17
PLTK,0.9,2.31,1049657,1124671,2.42,2.55,1.0,0.9,-1.7,중립,음봉,잔구간,0.33,-0.45,2026-09-17
PLTZ,0.9,9.02,2734606,2917464,24.67,41.84,0.6,-1.6,-0.6,중립,팽이도지,전저점부근,0.3,0.51,2026-09-17
PFL,0.9,7.23,309672,362460,2.24,1.92,1.2,0.1,0.7,중립,양봉,잔구간,1.0,0.65,2026-09-17
IMTX,0.9,8.82,427726,452920,3.77,5.03,0.7,3.8,-1.7,중립,음봉,잔구간,0.27,-0.49,2026-09-17
INDI,0.9,3.13,4314818,5074051,13.51,15.82,0.9,4.6,-0.9,중립,팽이도지,잔구간,0.26,-0.145,2026-09-17
INN,0.9,5.72,589781,657634,3.37,4.27,0.8,1.1,-0.5,중립,음봉,완만한상승,0.3,-0.04,2026-09-17
XPOF,0.8,3.73,766351,964426,2.86,3.12,0.9,1.3,-2.4,매도주의,장대음봉,잔구간,0.08,-1.25,2026-09-17
XPEV,0.8,10.6,6382935,7582469,67.66,75.37,0.9,1.9,0.6,매수관심,팽이도지,완만한상승,0.42,0.8,2026-09-17
AEHG,0.8,7.49,1199569,1529429,8.98,12.71,0.7,10.1,4.3,강한매수,양봉,완만한상승,0.87,2.04,2026-09-17
AEG,0.8,9.11,3794826,4496067,34.57,41.37,0.8,1.1,-0.1,중립,팽이도지,완만한상승,0.31,0.67,2026-09-17
ADMA,0.8,8.95,2131582,2798783,19.08,21.77,0.9,1.1,-0.6,중립,음봉,잔구간,0.43,-0.39,2026-09-17
AG,0.8,19.49,7590587,9388736,147.94,177.37,0.8,5.0,1.2,중립,양봉,잔구간,0.78,0.52,2026-09-17
NEA,0.8,10.61,1395929,1853155,14.81,18.91,0.8,0.5,1.0,매수관심,장대양봉,잔구간,0.79,1.175,2026-09-17
APLE,0.8,15.59,2192074,2662973,34.17,39.37,0.9,1.0,0.1,중립,팽이도지,잔구간,0.48,-0.01,2026-09-17
VOXR,0.8,5.74,323160,387314,1.85,2.16,0.9,2.0,2.1,매수관심,장대양봉,잔구간,0.83,1.2,2026-09-17
VSTM,0.8,7.55,1734248,2157237,13.09,21.36,0.6,3.6,-0.4,매도주의,위꼬리음봉,잔구간,0.04,-1.025,2026-09-17
NEXN,0.8,8.98,350142,436801,3.14,4.4,0.7,0.7,-2.4,매도주의,장대음봉,전저점부근,0.04,-1.8,2026-09-17
STNE,0.8,9.75,3479893,4461894,33.93,48.73,0.7,1.2,-0.9,중립,음봉,잔구간,0.47,-0.37,2026-09-17
STTK,0.8,5.85,654379,871088,3.83,5.31,0.7,2.6,-3.0,매도주의,장대음봉,잔구간,0.17,-1.2,2026-09-17
FOXF,0.8,19.38,345319,449218,6.69,8.41,0.8,2.0,-1.7,중립,음봉,완만한상승,0.28,-0.06,2026-09-17
FPE,0.8,17.53,934266,1110585,16.38,19.62,0.8,0.4,0.1,강한매수,양봉,완만한상승,1.0,2.2,2026-09-17
FPI,0.8,10.95,367419,484118,4.02,6.58,0.6,0.6,0.9,강한매수,양봉,전고점돌파,0.53,2.24,2026-09-17
MRAM,0.8,14.81,631535,745033,9.35,11.77,0.8,5.2,-2.1,매도주의,장대음봉,잔구간,0.02,-1.29,2026-09-17
MSDL,0.8,14.88,303180,386146,4.51,6.6,0.7,0.9,0.2,중립,위꼬리양봉,완만한상승,0.29,-0.35,2026-09-17
TBPH,0.8,17.04,306993,368838,5.23,5.82,0.9,0.1,0.0,강한매수,양봉스프링,완만한상승,1.0,3.0,2026-09-17
TDOC,0.8,6.28,2539651,3110995,15.95,20.19,0.8,1.4,-3.7,매도주의,장대음봉,잔구간,0.0,-1.3,2026-09-17
AVEX,0.8,16.68,809902,1025423,13.51,21.51,0.6,3.0,0.1,중립,위꼬리양봉,완만한상승,0.23,-0.42,2026-09-17
EVLV,0.8,5.04,1855528,2225646,9.35,10.96,0.9,0.5,-0.6,매도주의,위꼬리음봉,잔구간,0.21,-0.925,2026-09-17
EVTL,0.8,0.604,3920069,4847116,2.37,3.11,0.8,2.8,-2.6,중립,음봉,잔구간,0.16,-0.555,2026-09-17
FUN,0.8,12.51,1607022,2085318,20.1,30.8,0.7,2.6,-1.4,중립,음봉,잔구간,0.09,-0.595,2026-09-17
GDXD,0.8,17.83,2850798,3426384,50.83,65.81,0.8,-10.5,-0.4,중립,팽이도지,잔구간,0.29,-0.125,2026-09-17
MNSO,0.8,8.8,646180,843196,5.69,8.88,0.6,1.1,-0.8,매도주의,장대음봉,잔구간,0.13,-1.22,2026-09-17
CONY,0.8,19.12,617522,793291,11.81,14.73,0.8,1.1,2.0,중립,양봉,잔구간,0.95,0.62,2026-09-17
CCC,0.8,6.6,11391617,13626181,75.18,83.87,0.9,-0.3,4.6,매수관심,장대양봉,잔구간,0.84,1.205,2026-09-17
CGC,0.8,0.939,1814309,2184190,1.7,1.93,0.9,1.4,1.2,매수관심,장대양봉,잔구간,0.95,1.27,2026-09-17
CGNT,0.8,8.62,536993,670118,4.63,6.54,0.7,0.0,1.8,중립,양봉,잔구간,0.75,0.5,2026-09-17
CIFG,0.8,4.195,836430,1045470,3.51,4.12,0.9,16.4,-11.7,매도주의,장대음봉,잔구간,0.19,-1.185,2026-09-17
PGX,0.8,10.47,4909917,6226707,51.41,77.22,0.7,0.3,0.0,매수관심,팽이도지,완만한상승,0.6,1.02,2026-09-17
PLAY,0.8,6.54,3536385,4309752,23.13,34.16,0.7,1.5,-6.0,매도주의,장대음봉,잔구간,0.07,-1.26,2026-09-17
DUOT,0.8,8.5,480066,620929,4.08,5.83,0.7,2.3,0.1,중립,위꼬리양봉,잔구간,0.27,-0.64,2026-09-17
REZI,0.8,18.52,1655660,2153570,30.66,40.51,0.8,2.3,-3.0,매도주의,장대음봉,전저점부근,0.08,-1.75,2026-09-17
RILY,0.8,6.02,395501,523641,2.38,3.14,0.8,2.2,-2.1,매도주의,장대음봉,잔구간,0.14,-1.215,2026-09-17
RLX,0.8,1.72,1910253,2523323,3.29,5.66,0.6,0.6,-1.1,매도주의,장대음봉,전저점부근,0.0,-1.85,2026-09-17
DAKT,0.8,17.44,558487,693030,9.74,20.0,0.5,1.5,-2.2,매도주의,장대음봉,잔구간,0.03,-1.28,2026-09-17
PTRN,0.8,19.43,1246100,1582365,24.21,25.74,0.9,2.3,-3.3,매도주의,장대음봉,잔구간,0.2,-1.18,2026-09-17
DOLE,0.8,13.14,746408,983736,9.81,14.59,0.7,0.5,-0.2,중립,팽이도지,잔구간,0.35,-0.09,2026-09-17
DRH,0.8,12.25,2315422,2998386,28.36,35.47,0.8,0.9,-1.1,매도주의,장대음봉,잔구간,0.11,-1.235,2026-09-17
CRCD,0.8,2.2,4544726,6054141,10.0,13.29,0.8,-6.4,-5.6,중립,음봉,잔구간,0.19,-0.535,2026-09-17
CRF,0.8,6.13,1688013,2107878,10.35,9.62,1.1,1.0,0.2,중립,팽이도지,잔구간,0.35,-0.09,2026-09-17
CRMD,0.8,7.79,684745,839125,5.33,7.0,0.8,0.5,-0.9,중립,음봉,잔구간,0.42,-0.4,2026-09-17
PROK,0.8,1.8,1048839,1306122,1.89,2.33,0.8,1.1,-3.7,매도주의,장대음봉,잔구간,0.0,-1.3,2026-09-17
PSIG,0.8,4.44,1451715,1720991,6.45,3.98,1.6,1.8,13.8,강한매수,양봉,전고점돌파,0.57,2.28,2026-09-17
PTLO,0.8,3.76,1254606,1518125,4.72,5.51,0.9,1.9,-0.8,중립,음봉,잔구간,0.27,-0.49,2026-09-17
PTON,0.8,4.9,5996365,7086794,29.38,47.14,0.6,1.2,0.0,중립,팽이도지,잔구간,0.72,0.13,2026-09-17
ARI,0.8,6.45,1532602,1999086,9.89,12.87,0.8,0.6,-1.4,강한매도,장대음봉,전저점이탈,0.0,-3.35,2026-09-17
LAND,0.8,9.55,434553,557426,4.15,8.1,0.5,1.5,0.3,강한매수,양봉스프링,완만한상승,0.83,2.8,2026-09-17
TRIP,0.8,8.87,4175049,5206691,37.03,40.77,0.9,1.0,-1.8,매도주의,장대음봉,잔구간,0.24,-1.155,2026-09-17
TRTX,0.8,7.29,682701,829483,4.98,5.31,0.9,1.0,-1.4,매도주의,장대음봉,전저점부근,0.0,-1.85,2026-09-17
OWL,0.8,9.96,13543432,17094425,134.89,223.76,0.6,2.5,-4.0,매도주의,장대음봉,잔구간,0.0,-1.3,2026-09-17
PBR.A,0.8,18.94,6153226,7908652,116.54,146.7,0.8,-1.0,1.2,매수관심,양봉,완만한상승,0.72,1.86,2026-09-17
PD,0.8,14.44,1099335,1310672,15.87,21.38,0.7,-0.7,0.4,중립,팽이도지,잔구간,0.46,-0.025,2026-09-17
LION,0.8,11.34,2271011,2916839,25.75,27.16,0.9,0.7,-0.4,중립,음봉,완만한상승,0.33,-0.0,2026-09-17
ARDT,0.8,10.7,412271,515081,4.41,5.37,0.8,1.7,-1.8,매도주의,장대음봉,잔구간,0.26,-1.145,2026-09-17
BTCZ,0.8,3.605,21053114,25152215,75.9,67.87,1.1,-1.0,-0.1,중립,팽이도지,잔구간,0.5,0.0,2026-09-17
BV,0.8,10.86,785762,1021023,8.53,10.39,0.8,1.5,-1.5,중립,음봉,전저점부근,0.1,-0.43,2026-09-17
PEB,0.8,17.99,1552499,2060409,27.93,38.68,0.7,1.1,-0.2,강한매수,망치형,완만한상승,0.7,2.14,2026-09-17
PENN,0.8,17.46,2158698,2826099,37.69,48.91,0.8,0.9,-2.2,매도주의,장대음봉,잔구간,0.16,-1.205,2026-09-17
RNW,0.8,6.84,1500058,1811053,10.26,14.04,0.7,-0.1,0.0,매도주의,위꼬리양봉,잔구간,0.0,-0.8,2026-09-17
CSQR,0.8,17.77,1003574,1314363,17.83,22.04,0.8,1.3,0.5,중립,위꼬리양봉,잔구간,0.17,-0.7,2026-09-17
CYH,0.8,2.92,836752,1054765,2.44,3.18,0.8,1.3,-3.3,매도주의,장대음봉,잔구간,0.22,-1.17,2026-09-17
EIKN,0.8,8.6,640256,797932,5.51,6.44,0.9,1.6,-0.6,매도주의,위꼬리음봉,완만한상승,0.04,-1.15,2026-09-17
ELDN,0.8,2.65,558398,704609,1.48,2.5,0.6,2.2,-2.9,중립,음봉,전저점부근,0.2,-0.31,2026-09-17
RYN,0.8,20.0,2785515,3368172,55.71,75.23,0.7,1.0,-1.2,매도주의,장대음봉,잔구간,0.23,-1.16,2026-09-17
SRAD,0.8,12.36,1763889,2316013,21.8,28.89,0.8,0.2,-6.7,매도주의,장대음봉,전저점부근,0.06,-1.78,2026-09-17
BITO,0.8,10.28,67209200,84419701,690.91,838.74,0.8,0.3,0.3,중립,팽이도지,잔구간,0.6,0.06,2026-09-17
SOUN,0.8,6.0,16687986,22193464,100.13,156.48,0.6,2.9,-1.6,매도주의,장대음봉,잔구간,0.08,-1.25,2026-09-17
ETHT,0.8,16.42,1210353,1485387,19.87,36.42,0.5,3.8,-0.4,중립,팽이도지,잔구간,0.33,-0.1,2026-09-17
FJET,0.8,1.85,1497229,1940591,2.77,4.21,0.7,2.2,-2.6,중립,음봉,전저점부근,0.0,-0.55,2026-09-17
FLG,0.8,12.66,3901726,4602962,49.4,54.56,0.9,1.4,-0.7,중립,음봉,잔구간,0.21,-0.525,2026-09-17
FLYW,0.8,17.73,950944,1194434,16.86,23.81,0.7,1.1,-1.5,중립,음봉,잔구간,0.36,-0.435,2026-09-17
SPCF,0.8,17.86,1208683,1476925,21.59,28.23,0.8,4.0,1.3,매수관심,양봉,완만한상승,0.52,1.62,2026-09-17
SPCU,0.8,14.22,1312392,1720288,18.66,20.75,0.9,3.5,1.7,매수관심,양봉,완만한상승,0.52,1.62,2026-09-17
GPK,0.8,9.84,5765100,7614584,56.73,65.24,0.9,1.7,0.2,매수관심,팽이도지,완만한상승,0.75,1.2,2026-09-17
SSTK,0.8,4.89,699816,894007,3.42,4.88,0.7,1.8,-2.8,매도주의,장대음봉,잔구간,0.26,-1.145,2026-09-17
FF,0.8,5.48,308208,393295,1.69,1.86,0.9,-0.2,1.5,매수관심,양봉,완만한상승,0.79,1.95,2026-09-17
MITT,0.8,6.39,306911,369807,1.96,1.97,1.0,1.1,-0.2,중립,팽이도지,잔구간,0.48,-0.01,2026-09-17
MSTX,0.8,14.14,7638197,9084822,108.0,129.89,0.8,5.7,3.3,중립,양봉,잔구간,0.78,0.52,2026-09-17
SBS,0.8,5.28,5486409,7198716,28.97,44.43,0.7,0.8,-0.8,강한매수,망치형,완만한상승,0.71,2.15,2026-09-17
SG,0.8,6.84,3958767,4932169,27.08,32.87,0.8,4.4,-1.0,중립,팽이도지,완만한상승,0.36,0.73,2026-09-17
SHO,0.8,11.03,1432029,1861842,15.8,23.86,0.7,0.5,-0.2,중립,팽이도지,완만한상승,0.26,0.61,2026-09-17
OMAH,0.8,18.25,651902,817637,11.9,14.5,0.8,0.3,-0.4,매도주의,장대음봉,잔구간,0.33,-1.1,2026-09-17
OPFI,0.8,7.04,884721,1084788,6.23,7.47,0.8,2.1,-1.9,매도주의,장대음봉,완만한상승,0.0,-1.7,2026-09-17
BLND,0.8,1.3,1456154,1886719,1.89,2.48,0.8,1.5,-3.7,강한매도,장대음봉,전저점이탈,0.09,-3.24,2026-09-17
BLZE,0.8,13.79,1374611,1667716,18.96,21.09,0.9,1.7,3.4,강한매수,장대양봉,완만한상승,0.95,3.44,2026-09-17
BMBL,0.8,2.96,1764705,2158290,5.22,7.19,0.7,0.3,-1.7,매도주의,장대음봉,잔구간,0.0,-1.3,2026-09-17
BMM,0.8,5.31,489185,644885,2.6,3.33,0.8,1.6,-1.4,매도주의,위꼬리음봉,잔구간,0.18,-0.94,2026-09-17
BMNU,0.8,17.37,4947824,6376865,85.94,105.89,0.8,6.2,2.4,중립,위꼬리양봉,완만한상승,0.45,-0.16,2026-09-17
CANE,0.8,11.08,353335,450610,3.91,5.51,0.7,-1.2,-1.5,강한매도,장대음봉,전저점이탈,0.07,-3.27,2026-09-17
SBH,0.8,15.81,976396,1174578,15.44,18.63,0.8,1.3,-2.5,매도주의,장대음봉,잔구간,0.37,-1.08,2026-09-17
GGB,0.8,5.1,9587351,11825187,48.9,57.22,0.9,0.8,1.4,강한매수,양봉,완만한상승,0.86,2.03,2026-09-17
GGT,0.8,3.97,363761,447981,1.44,1.88,0.8,0.2,-1.0,매도주의,장대음봉,잔구간,0.2,-1.18,2026-09-17
EXK,0.8,10.17,6378684,8062019,64.87,89.98,0.7,4.5,2.1,매수관심,장대양봉,잔구간,0.91,1.245,2026-09-17
NUS,0.8,4.6,416309,503257,1.92,2.51,0.8,1.1,-0.6,매도주의,위꼬리음봉,완만한상승,0.0,-1.2,2026-09-17
NVD,0.8,3.94,64683316,81135373,254.85,349.44,0.7,-4.1,-1.0,중립,음봉,잔구간,0.22,-0.52,2026-09-17
NVDX,0.8,19.21,3583470,4331554,68.84,97.81,0.7,4.3,0.9,중립,양봉,잔구간,0.83,0.55,2026-09-17
SID,0.8,1.18,8863381,11447870,10.46,12.68,0.8,-3.3,0.9,중립,팽이도지,잔구간,0.53,0.02,2026-09-17
TSDD,0.8,7.68,8167029,10877971,62.72,81.93,0.8,-5.2,0.8,중립,팽이도지,잔구간,0.73,0.14,2026-09-17
UAMY,0.8,4.61,4017453,4740093,18.52,28.07,0.7,3.7,-2.5,매도주의,장대음봉,잔구간,0.2,-1.18,2026-09-17
UEC,0.8,10.12,6552550,8627874,66.31,87.49,0.8,3.3,-2.8,매도주의,장대음봉,잔구간,0.03,-1.28,2026-09-17
LPL,0.8,2.98,1818328,2183243,5.42,6.28,0.9,2.4,-1.7,매도주의,장대음봉,잔구간,0.12,-1.23,2026-09-17
LXU,0.8,11.27,700009,890043,7.89,9.15,0.9,2.3,-0.4,중립,팽이도지,잔구간,0.33,-0.1,2026-09-17
MATV,0.8,12.14,332639,440315,4.04,5.92,0.7,1.3,-0.5,중립,팽이도지,잔구간,0.49,-0.005,2026-09-17
OABI,0.8,4.44,983971,1259602,4.37,7.89,0.6,2.1,0.0,강한매수,양봉스프링,완만한상승,0.93,2.92,2026-09-17
DV,0.8,13.47,2314174,2903688,31.17,65.79,0.5,-0.1,0.0,중립,팽이도지,잔구간,0.33,-0.1,2026-09-17
DXD,0.8,17.65,2568279,3024371,45.33,44.46,1.0,-2.0,0.9,중립,양봉,잔구간,0.59,0.405,2026-09-17
TMC,0.8,3.74,3695299,4765930,13.82,19.29,0.7,3.0,0.0,중립,위꼬리양봉,잔구간,0.18,-0.69,2026-09-17
TPVG,0.8,4.95,303326,359824,1.5,1.57,1.0,0.8,1.6,중립,양봉,잔구간,0.67,0.45,2026-09-17
HAFN,0.8,9.72,1933930,2418524,18.8,24.11,0.8,0.4,-0.3,중립,팽이도지,완만한상승,0.33,0.7,2026-09-17
HDSN,0.8,5.15,327988,436775,1.69,2.29,0.7,1.2,-2.3,매도주의,장대음봉,잔구간,0.11,-1.235,2026-09-17
BRBR,0.8,9.11,2297390,2796425,20.93,26.32,0.8,1.1,-0.9,중립,음봉,잔구간,0.41,-0.405,2026-09-17
BRCB,0.8,7.16,303910,398903,2.18,3.58,0.6,2.6,1.1,매수관심,양봉스프링,잔구간,0.82,0.94,2026-09-17
BSCV,0.8,16.035,371430,473166,5.96,8.86,0.7,0.4,-0.0,중립,망치형,잔구간,0.81,0.685,2026-09-17
NXE,0.8,9.45,2769165,3557979,26.17,37.92,0.7,2.7,-1.9,매도주의,장대음봉,잔구간,0.22,-1.17,2026-09-17
NXH,0.8,3.37,2088806,2702763,7.04,9.14,0.8,4.8,-3.7,매도주의,장대음봉,잔구간,0.16,-1.205,2026-09-17
NRK,0.8,9.84,359783,436111,3.54,3.9,0.9,0.8,0.5,매수관심,양봉,완만한상승,0.52,1.62,2026-09-17
SKHZ,0.8,9.74,1307955,1733327,12.74,16.5,0.8,-4.2,-0.5,중립,망치형,잔구간,0.59,0.555,2026-09-17
SLN,0.8,12.7,690466,834860,8.77,11.59,0.8,2.1,-0.5,중립,팽이도지,잔구간,0.3,-0.12,2026-09-17
DYN,0.8,18.06,2846762,3485688,51.41,88.34,0.6,3.4,0.9,중립,양봉,잔구간,0.91,0.595,2026-09-17
CAL,0.8,12.08,524708,661892,6.34,8.47,0.7,2.4,-1.9,매도주의,장대음봉,완만한상승,0.36,-1.27,2026-09-17
NMAX,0.8,10.26,1029099,1217735,10.56,13.59,0.8,1.5,-3.2,강한매도,음봉,전저점이탈,0.02,-2.03,2026-09-17
NMR,0.8,10.23,719939,940061,7.36,8.9,0.8,-1.1,-1.1,강한매도,장대음봉,전저점이탈,0.0,-3.35,2026-09-17
NN,0.8,14.92,1716443,2025626,25.61,34.33,0.7,0.7,1.4,매수관심,양봉,완만한상승,0.56,1.67,2026-09-17
NRDS,0.8,9.2,543247,690944,5.0,6.4,0.8,1.2,-3.4,강한매도,장대음봉,전저점이탈,0.03,-3.31,2026-09-17
WOOF,0.8,2.4,1845027,2326929,4.43,10.32,0.4,1.7,0.4,중립,팽이도지,잔구간,0.43,-0.04,2026-09-17
WTI,0.8,3.92,3580857,4481498,14.04,15.41,0.9,-2.6,3.4,강한매수,장대양봉,완만한상승,0.78,3.24,2026-09-17
YDES,0.8,3.24,544965,692094,1.77,2.51,0.7,0.0,-12.4,매도주의,장대음봉,전저점부근,0.19,-1.62,2026-09-17
YMAG,0.8,11.27,756270,997977,8.52,10.66,0.8,1.9,-0.2,매수관심,팽이도지,완만한상승,0.53,0.94,2026-09-17
YMM,0.8,8.1,3435361,4362511,27.83,40.12,0.7,0.1,0.2,중립,팽이도지,잔구간,0.63,0.08,2026-09-17
IMSR,0.8,4.385,1186281,1502014,5.2,6.54,0.8,3.3,-0.1,매도주의,위꼬리음봉,잔구간,0.06,-1.015,2026-09-17
WVE,0.8,4.44,2172317,2818938,9.65,16.42,0.6,1.9,-3.3,매도주의,장대음봉,잔구간,0.09,-1.245,2026-09-17
WYFI,0.8,17.86,1072702,1294663,19.16,27.57,0.7,4.6,-1.1,중립,팽이도지,잔구간,0.52,0.01,2026-09-17
DC,0.8,6.08,869110,1058916,5.28,6.07,0.9,3.7,3.2,매수관심,장대양봉,잔구간,0.97,1.28,2026-09-17
AKR,0.8,19.31,1110987,1357813,21.45,30.02,0.7,0.7,-1.2,매도주의,장대음봉,전저점부근,0.23,-1.57,2026-09-17
KULR,0.8,2.41,626184,737998,1.51,1.51,1.0,2.6,3.0,매수관심,양봉,완만한상승,0.58,1.7,2026-09-17
IHS,0.8,8.45,678242,862192,5.73,10.79,0.5,-0.1,0.5,강한매수,장대양봉,완만한상승,1.0,3.5,2026-09-17
ITUB,0.8,8.29,22449993,27012801,186.11,208.07,0.9,0.2,-0.2,강한매수,망치형,완만한상승,0.73,2.18,2026-09-17
JACK,0.8,13.25,514222,607110,6.81,8.36,0.8,2.5,-2.1,중립,음봉,잔구간,0.0,-0.65,2026-09-17
AMPL,0.8,13.81,1245460,1526372,17.2,20.84,0.8,2.1,0.4,매수관심,양봉스프링,전고점부근,0.86,1.48,2026-09-17
ANGI,0.8,5.3,605294,724000,3.21,4.4,0.7,-0.4,0.6,강한매수,양봉스프링,완만한상승,0.83,2.8,2026-09-17
ANNX,0.8,4.17,3119707,4071901,13.01,13.41,1.0,-0.2,6.3,매수관심,장대양봉,잔구간,0.84,1.205,2026-09-17
PERI,0.8,8.83,446538,572477,3.94,8.79,0.4,2.0,-0.6,중립,망치형,잔구간,0.73,0.64,2026-09-17
QID,0.8,14.26,26970759,34424850,384.6,468.79,0.8,-3.3,-0.1,중립,팽이도지,잔구간,0.31,-0.115,2026-09-17
CIM,0.8,11.0,1051813,1378782,11.57,12.49,0.9,1.4,-0.4,매도주의,위꼬리음봉,잔구간,0.0,-1.05,2026-09-17
CRCA,0.8,19.18,854997,1089659,16.4,26.05,0.6,6.3,5.4,중립,양봉,잔구간,0.87,0.57,2026-09-17
GSIT,0.8,5.22,505935,646808,2.64,2.94,0.9,4.9,3.6,중립,양봉,잔구간,0.65,0.44,2026-09-17
GTN,0.8,4.63,715058,862031,3.31,4.16,0.8,1.9,-4.5,강한매도,장대음봉,전저점이탈,0.02,-3.33,2026-09-17
ASM,0.8,6.29,3012246,3715422,18.95,30.89,0.6,5.4,0.0,중립,팽이도지,잔구간,0.72,0.13,2026-09-17
CNDT,0.8,1.7,752726,939019,1.28,1.86,0.7,1.2,3.7,중립,양봉,잔구간,0.75,0.5,2026-09-17
CNH,0.8,13.55,15003278,17778267,203.29,334.89,0.6,2.0,-1.7,중립,음봉,완만한상승,0.25,-0.1,2026-09-17
ATOM,0.8,3.98,345125,414606,1.37,1.68,0.8,3.6,-0.7,매도주의,위꼬리음봉,잔구간,0.16,-0.955,2026-09-17
UPBD,0.8,17.66,571199,680984,10.09,13.85,0.7,2.4,-3.0,매도주의,장대음봉,전저점부근,0.02,-1.83,2026-09-17
UPWK,0.8,8.515,2275437,2744154,19.38,23.62,0.8,0.2,-0.6,중립,망치형,잔구간,0.64,0.585,2026-09-17
UROY,0.8,4.48,2666263,3245887,11.94,15.3,0.8,2.3,-0.2,중립,팽이도지,잔구간,0.3,-0.12,2026-09-17
UVXY,0.8,17.44,6798660,8977047,118.57,152.12,0.8,-6.2,0.3,중립,위꼬리양봉,전저점부근,0.33,-0.45,2026-09-17
GRRR,0.8,12.99,368785,449520,4.79,8.7,0.6,2.5,-0.4,매도주의,위꼬리음봉,잔구간,0.13,-0.97,2026-09-17
HUYA,0.8,2.06,833288,1045042,1.72,2.58,0.7,1.0,-1.0,매도주의,장대음봉,잔구간,0.33,-1.1,2026-09-17
JOBY,0.8,6.19,24092699,31237465,149.13,184.19,0.8,3.1,-1.3,매도주의,장대음봉,잔구간,0.31,-1.115,2026-09-17
VFF,0.8,2.84,394933,519983,1.12,1.85,0.6,0.4,0.0,중립,위꼬리양봉,잔구간,0.13,-0.72,2026-09-17
ALKT,0.8,18.76,1082153,1400153,20.3,32.34,0.6,-0.5,-0.5,매도주의,위꼬리음봉,잔구간,0.1,-0.99,2026-09-17
HYPD,0.7,3.47,337641,504843,1.17,1.88,0.6,2.8,3.3,매수관심,장대양봉,잔구간,0.87,1.22,2026-09-17
KLAR,0.7,13.94,3698383,5141724,51.56,86.26,0.6,1.6,-2.0,매도주의,장대음봉,잔구간,0.0,-1.3,2026-09-17
VFC,0.7,12.93,5265626,7245819,68.08,88.12,0.8,1.5,0.1,중립,팽이도지,잔구간,0.48,-0.01,2026-09-17
ALLO,0.7,1.73,3948057,5524568,6.83,9.98,0.7,3.0,-0.6,매수관심,팽이도지,완만한상승,0.46,0.85,2026-09-17
HOS,0.7,8.58,1775673,2380882,15.24,27.3,0.6,0.3,-0.8,중립,음봉,잔구간,0.19,-0.535,2026-09-17
UNIT,0.7,9.64,1470897,2007604,14.18,18.84,0.8,1.7,-0.6,중립,망치형,잔구간,0.54,0.525,2026-09-17
GTE,0.7,10.24,479325,735369,4.91,6.65,0.7,-2.0,-1.7,중립,음봉,잔구간,0.0,-0.65,2026-09-17
ASPI,0.7,3.245,3330172,4550824,10.81,14.47,0.7,3.2,-0.2,매도주의,위꼬리음봉,잔구간,0.16,-0.955,2026-09-17
CLOV,0.7,4.54,3692487,4992143,16.76,21.15,0.8,0.0,-0.4,매도주의,위꼬리음봉,잔구간,0.13,-0.97,2026-09-17
QFIN,0.7,8.29,1028480,1453310,8.53,15.7,0.5,0.9,0.5,강한매수,양봉스프링,완만한상승,0.8,2.76,2026-09-17
RAM,0.7,12.72,6805169,9491955,86.56,121.29,0.7,5.6,3.1,강한매수,장대양봉,완만한상승,0.72,3.16,2026-09-17
CLBT,0.7,11.82,1841186,2546589,21.76,32.66,0.7,0.0,3.4,강한매수,장대양봉,수횡파,0.98,4.18,2026-09-17
CRBU,0.7,1.31,1257062,1689143,1.65,1.94,0.8,1.6,3.1,중립,양봉,잔구간,0.72,0.48,2026-09-17
JBIO,0.7,17.14,815836,1237025,13.98,19.95,0.7,2.3,0.6,중립,위꼬리양봉,잔구간,0.25,-0.65,2026-09-17
ALTO,0.7,4.02,679699,1036378,2.73,4.52,0.6,0.7,-0.7,매도주의,위꼬리음봉,수횡파,0.17,-1.3,2026-09-17
INMD,0.7,14.54,413635,603559,6.01,8.44,0.7,0.7,-1.0,매도주의,장대음봉,잔구간,0.15,-1.21,2026-09-17
INTR,0.7,5.45,2555597,3908738,13.93,25.08,0.6,0.0,0.0,중립,팽이도지,잔구간,0.68,0.11,2026-09-17
IREZ,0.7,8.95,2340159,3260541,20.94,27.48,0.8,-13.4,10.5,중립,양봉,잔구간,0.7,0.47,2026-09-17
IRT,0.7,15.05,3566321,4779446,53.67,68.18,0.8,0.4,0.3,중립,위꼬리양봉,잔구간,0.32,-0.61,2026-09-17
KOS,0.7,2.84,9027333,13497235,25.64,35.29,0.7,-1.7,0.7,중립,위꼬리양봉,잔구간,0.38,-0.57,2026-09-17
KRP,0.7,14.65,797297,1101242,11.68,15.26,0.8,-0.2,0.5,중립,양봉,잔구간,0.43,0.31,2026-09-17
IMRX,0.7,4.46,576435,881599,2.57,3.75,0.7,2.2,-2.0,매도주의,장대음봉,완만한상승,0.38,-1.24,2026-09-17
WWW,0.7,19.34,476394,653420,9.21,15.05,0.6,2.2,-1.9,매도주의,장대음봉,잔구간,0.02,-1.29,2026-09-17
DAPP,0.7,19.33,395288,555972,7.64,24.47,0.3,3.7,0.0,중립,팽이도지,잔구간,0.65,0.09,2026-09-17
WEAV,0.7,7.33,1342755,1855478,9.84,16.79,0.6,0.1,0.0,중립,위꼬리양봉,완만한상승,0.0,-0.7,2026-09-17
WIT,0.7,1.68,7021848,9429440,11.8,16.28,0.7,1.8,-1.8,매도주의,장대음봉,잔구간,0.0,-1.3,2026-09-17
WLTH,0.7,10.1,3124874,4201213,31.56,38.21,0.8,-0.3,-0.4,중립,팽이도지,잔구간,0.39,-0.065,2026-09-17
ZIP,0.7,3.82,558425,775710,2.13,3.37,0.6,1.6,-1.8,중립,음봉,잔구간,0.23,-0.51,2026-09-17
CADL,0.7,11.34,798618,1117042,9.06,14.12,0.6,-0.6,3.6,매수관심,장대양봉,잔구간,0.75,1.15,2026-09-17
CAG,0.7,15.18,7536517,11376032,114.4,164.0,0.7,0.4,-0.4,중립,음봉,완만한상승,0.21,-0.15,2026-09-17
NOWL,0.7,7.61,3143377,4244316,23.92,42.67,0.6,-0.4,-1.6,중립,망치형,잔구간,0.54,0.525,2026-09-17
ERII,0.7,7.05,656437,926046,4.63,7.66,0.6,1.3,-1.9,중립,음봉,잔구간,0.38,-0.42,2026-09-17
BSIN,0.7,1.57,772621,1081235,1.21,1.3,0.9,0.0,2.6,매수관심,양봉,완만한상승,0.67,1.8,2026-09-17
SNDL,0.7,1.36,1076666,1579374,1.46,1.86,0.8,0.0,-1.4,중립,음봉,잔구간,0.25,-0.5,2026-09-17
ECC,0.7,3.67,621964,851853,2.28,3.14,0.7,0.5,0.0,중립,팽이도지,잔구간,0.5,0.0,2026-09-17
BPRE,0.7,12.12,624266,873921,7.57,9.49,0.8,0.7,-0.7,중립,음봉,완만한상승,0.19,-0.17,2026-09-17
BRSL,0.7,10.41,1328130,1799391,13.83,19.67,0.7,1.5,-2.6,강한매도,장대음봉,전저점이탈,0.07,-3.27,2026-09-17
NZF,0.7,11.54,812808,1186393,9.38,12.68,0.7,1.1,0.8,중립,양봉,잔구간,0.87,0.57,2026-09-17
TIGR,0.7,4.74,1397118,2120075,6.62,10.87,0.6,1.9,-0.8,중립,음봉,잔구간,0.43,-0.39,2026-09-17
TU,0.7,8.91,4943585,6627615,44.05,58.97,0.7,1.1,-0.8,중립,음봉,잔구간,0.28,-0.48,2026-09-17
LYNX,0.7,13.44,402276,559554,5.41,6.58,0.8,1.0,-2.7,중립,음봉,잔구간,0.16,-0.555,2026-09-17
SHOE,0.7,13.24,1067958,1608254,14.14,21.58,0.7,1.9,0.5,강한매수,양봉스프링,완만한상승,0.76,2.71,2026-09-17
SITC,0.7,2.93,622689,844606,1.82,2.28,0.8,0.0,0.7,강한매수,양봉,전고점돌파,0.82,2.58,2026-09-17
SES,0.7,0.532,23897380,32731778,12.71,13.41,0.9,0.7,-9.0,매도주의,장대음봉,잔구간,0.05,-1.27,2026-09-17
SHNY,0.7,9.26,909173,1380921,8.42,12.54,0.7,6.4,-1.1,중립,음봉,완만한상승,0.16,-0.21,2026-09-17
ORIC,0.7,12.88,1156336,1613791,14.89,16.89,0.9,2.6,0.1,중립,팽이도지,잔구간,0.39,-0.065,2026-09-17
TLRY,0.7,3.94,2905715,3913729,11.45,15.92,0.7,2.0,-1.7,매도주의,장대음봉,잔구간,0.27,-1.14,2026-09-17
TLX,0.7,12.505,412912,589400,5.16,5.44,0.9,5.2,0.4,중립,위꼬리양봉,완만한상승,0.38,-0.24,2026-09-17
MH,0.7,13.06,320848,470741,4.19,6.13,0.7,-0.7,-1.3,중립,음봉,잔구간,0.28,-0.48,2026-09-17
AVTX,0.7,16.69,691274,1008259,11.54,18.55,0.6,3.2,-2.4,매도주의,장대음봉,잔구간,0.25,-1.15,2026-09-17
MSOX,0.7,2.97,1191740,1700429,3.54,4.43,0.8,0.0,1.7,중립,양봉,잔구간,0.5,0.35,2026-09-17
MSTY,0.7,14.64,1814297,2489188,26.56,35.61,0.7,1.1,1.7,중립,양봉,잔구간,0.79,0.525,2026-09-17
GO,0.7,11.62,1269080,1910350,14.75,29.22,0.5,2.1,-0.7,중립,망치형,잔구간,0.66,0.595,2026-09-17
GPGI,0.7,12.34,1068720,1493718,13.19,25.52,0.5,2.8,0.7,중립,팽이도지,잔구간,0.7,0.12,2026-09-17
GRAB,0.7,2.81,57156114,79360093,160.61,199.16,0.8,1.9,-3.9,강한매도,장대음봉,전저점이탈,0.0,-3.35,2026-09-17
SRTA,0.7,5.38,571559,769732,3.07,4.24,0.7,1.5,1.5,강한매수,장대양봉,수횡파,0.73,3.88,2026-09-17
STIM,0.7,2.97,1043690,1485490,3.1,5.05,0.6,1.4,6.1,매수관심,장대양봉,잔구간,0.95,1.27,2026-09-17
SPAL,0.7,18.14,1005340,1396922,18.24,22.58,0.8,3.5,1.6,매수관심,양봉,완만한상승,0.52,1.62,2026-09-17
SPCM,0.7,18.42,494679,684561,9.11,14.23,0.6,3.9,1.0,매수관심,팽이도지,완만한상승,0.47,0.86,2026-09-17
SPCQ,0.7,10.32,940999,1297338,9.71,17.48,0.6,-4.2,-1.1,중립,팽이도지,전저점이탈,0.5,-0.75,2026-09-17
BITU,0.7,12.9,3156928,4618875,40.72,64.95,0.6,1.0,0.4,중립,팽이도지,잔구간,0.59,0.055,2026-09-17
BITX,0.7,16.64,7190111,9793753,119.64,209.02,0.6,1.0,0.4,중립,팽이도지,잔구간,0.57,0.04,2026-09-17
BLDP,0.7,2.18,1843847,2487327,4.02,7.45,0.5,5.2,-1.4,중립,음봉,잔구간,0.4,-0.41,2026-09-17
SOLZ,0.7,10.05,702234,1067873,7.06,12.17,0.6,2.6,0.6,매수관심,팽이도지,완만한상승,0.57,0.98,2026-09-17
CTOS,0.7,9.11,603003,912116,5.49,9.19,0.6,1.8,-1.1,중립,음봉,완만한상승,0.24,-0.11,2026-09-17
RZLV,0.7,2.27,6364743,8778799,14.45,32.61,0.4,1.4,0.9,매수관심,양봉,수횡파,0.5,1.3,2026-09-17
SANA,0.7,3.1,2916204,3948858,9.04,13.64,0.7,5.5,0.6,중립,위꼬리양봉,잔구간,0.2,-0.68,2026-09-17
PDI,0.7,14.62,3929136,5592429,57.44,64.75,0.9,0.6,1.5,중립,양봉,잔구간,0.69,0.465,2026-09-17
PDSB,0.7,0.842,35878142,50050234,30.22,60.41,0.5,-8.4,-7.2,중립,음봉,잔구간,0.12,-0.58,2026-09-17
RSKD,0.7,6.31,580976,878425,3.67,11.27,0.3,0.2,0.5,강한매수,양봉스프링,완만한상승,0.89,2.87,2026-09-17
PAX,0.7,10.05,809358,1149424,8.13,12.73,0.6,1.3,-1.4,매도주의,장대음봉,잔구간,0.03,-1.28,2026-09-17
PCG,0.7,13.38,26287127,35236507,351.72,712.22,0.5,0.7,-0.5,중립,팽이도지,잔구간,0.4,-0.06,2026-09-17
LITZ,0.7,7.24,3830571,5192934,27.73,40.22,0.7,-3.8,10.0,강한매수,장대양봉,완만한상승,0.9,3.38,2026-09-17
ARRY,0.7,4.24,4360327,6232086,18.49,24.7,0.7,2.5,-1.5,중립,음봉,잔구간,0.17,-0.55,2026-09-17
ARX,0.7,19.82,746819,1079638,14.8,28.67,0.5,0.0,-0.1,중립,음봉,수횡파,0.33,-0.3,2026-09-17
KYTX,0.7,7.04,530947,803041,3.74,5.39,0.7,3.0,-1.0,중립,음봉,잔구간,0.36,-0.435,2026-09-17
TROX,0.7,4.27,1730216,2567553,7.39,10.95,0.7,2.3,-2.7,매도주의,장대음봉,잔구간,0.1,-1.24,2026-09-17
CRSR,0.7,13.51,794625,1085429,10.74,13.86,0.8,2.8,-0.1,매수관심,팽이도지,완만한상승,0.42,0.8,2026-09-17
PYXS,0.7,3.41,476768,720916,1.63,4.66,0.3,2.7,-0.6,중립,팽이도지,잔구간,0.53,0.02,2026-09-17
CPRI,0.7,14.95,4114989,6283219,61.52,77.23,0.8,1.9,-0.4,중립,팽이도지,완만한상승,0.33,0.7,2026-09-17
DFNS,0.7,7.88,300859,435702,2.37,6.18,0.4,1.8,0.8,중립,위꼬리양봉,잔구간,0.15,-0.71,2026-09-17
DNN,0.7,2.89,15764648,23032294,45.56,75.0,0.6,2.8,-0.3,중립,망치형,잔구간,0.73,0.64,2026-09-17
DNP,0.7,10.22,588463,892938,6.01,8.78,0.7,-0.3,0.5,중립,양봉,잔구간,0.52,0.36,2026-09-17
DSGN,0.7,12.81,601179,903135,7.7,11.44,0.7,1.8,0.6,매수관심,양봉스프링,잔구간,0.88,0.98,2026-09-17
RLGT,0.7,8.89,335360,447594,2.98,5.41,0.6,1.6,-3.9,매도주의,장대음봉,잔구간,0.0,-1.3,2026-09-17
CODI,0.7,11.08,338048,463087,3.75,6.3,0.6,1.5,-0.8,중립,음봉,잔구간,0.24,-0.505,2026-09-17
CATX,0.7,2.88,1168195,1582504,3.36,4.19,0.8,2.2,4.3,매수관심,장대양봉,잔구간,0.78,1.17,2026-09-17
EVMN,0.7,9.37,405805,544432,3.8,9.98,0.4,2.1,-2.1,매도주의,장대음봉,전저점부근,0.06,-1.78,2026-09-17
FULC,0.7,3.77,888103,1226097,3.35,4.53,0.7,0.5,-1.0,매도주의,장대음봉,잔구간,0.23,-1.16,2026-09-17
MORT,0.7,9.14,1264625,1761745,11.56,11.16,1.0,1.2,-1.0,매도주의,장대음봉,잔구간,0.04,-1.275,2026-09-17
TALO,0.7,17.15,1254685,1924500,21.52,34.78,0.6,-1.3,-0.2,매도주의,위꼬리음봉,잔구간,0.17,-0.95,2026-09-17
AUTL,0.7,1.92,1091190,1598129,2.1,3.67,0.6,2.4,0.3,중립,팽이도지,잔구간,0.5,0.0,2026-09-17
AVR,0.7,8.42,444982,661166,3.75,5.21,0.7,1.6,-0.9,중립,음봉,완만한상승,0.28,-0.06,2026-09-17
SUZ,0.7,9.26,1993776,3015488,18.46,26.15,0.7,0.8,1.0,강한매수,양봉,완만한상승,0.9,2.08,2026-09-17
SWIM,0.7,6.24,511639,754143,3.19,5.92,0.5,2.7,-3.4,매도주의,장대음봉,잔구간,0.02,-1.29,2026-09-17
NB,0.7,3.65,1801269,2501164,6.57,9.64,0.7,4.3,0.0,중립,팽이도지,잔구간,0.52,0.01,2026-09-17
VG,0.7,14.42,12877837,18999893,185.7,223.43,0.8,-1.6,0.1,중립,팽이도지,전저점이탈,0.55,-0.69,2026-09-17
VIPS,0.7,12.19,2147351,3035552,26.18,41.38,0.6,0.7,-1.2,매도주의,장대음봉,잔구간,0.05,-1.27,2026-09-17
ADBG,0.7,4.18,2240953,3199591,9.37,16.08,0.6,-0.6,2.5,중립,양봉,잔구간,1.0,0.65,2026-09-17
HPP,0.7,11.6,423961,634084,4.92,7.45,0.7,1.0,0.6,중립,팽이도지,잔구간,0.63,0.08,2026-09-17
AHCO,0.7,5.76,2458141,3369626,14.16,18.68,0.8,1.0,-3.5,매도주의,장대음봉,잔구간,0.35,-1.09,2026-09-17
ACI,0.7,12.56,6920303,9979310,86.92,105.21,0.8,0.3,-0.3,중립,팽이도지,완만한상승,0.4,0.78,2026-09-17
ACB,0.7,3.85,510664,685119,1.97,3.33,0.6,1.0,-0.5,중립,음봉,완만한상승,0.27,-0.08,2026-09-17
ABUS,0.7,5.07,2715014,3906340,13.77,19.66,0.7,1.0,-0.6,중립,음봉,잔구간,0.5,-0.35,2026-09-17
VXX,0.7,17.73,7263690,10626052,128.79,166.34,0.8,-4.0,0.2,중립,팽이도지,잔구간,0.4,-0.06,2026-09-17
AADX,0.7,12.7,1521959,2200868,19.33,25.02,0.8,3.5,-3.3,중립,음봉,완만한상승,0.09,-0.29,2026-09-17
XRPZ,0.7,14.07,424459,585179,5.97,11.92,0.5,0.1,-0.4,중립,팽이도지,잔구간,0.26,-0.145,2026-09-17
AESI,0.6,13.42,1824974,3114280,24.49,45.56,0.5,0.6,-1.7,매도주의,위꼬리음봉,잔구간,0.07,-1.01,2026-09-17
AI,0.6,10.78,2936674,4652491,31.66,64.86,0.5,0.7,1.4,매수관심,양봉,완만한상승,0.7,1.84,2026-09-17
AGRO,0.6,11.83,491914,803353,5.82,9.97,0.6,0.2,1.6,중립,양봉,잔구간,0.49,0.345,2026-09-17
ICLN,0.6,17.73,3655502,6535648,64.81,131.48,0.5,1.7,0.7,중립,양봉,잔구간,0.57,0.39,2026-09-17
IEP,0.6,7.03,435387,704360,3.06,5.0,0.6,0.1,0.9,강한매수,양봉,완만한상승,0.83,2.0,2026-09-17
ALEC,0.6,1.85,931237,1591830,1.72,4.25,0.4,1.8,-5.6,강한매도,장대음봉,전저점이탈,0.14,-3.18,2026-09-17
TAL,0.6,11.7,3340368,5148659,39.08,72.26,0.5,-0.0,-2.0,매도주의,장대음봉,잔구간,0.22,-1.17,2026-09-17
AMPY,0.6,4.56,357682,600840,1.63,2.83,0.6,-1.3,1.3,중립,양봉,잔구간,0.6,0.41,2026-09-17
VNM,0.6,17.55,453089,788225,7.95,14.01,0.6,1.0,0.0,중립,위꼬리양봉,잔구간,0.17,-0.7,2026-09-17
FNKO,0.6,5.36,675205,1100525,3.62,6.42,0.6,1.9,0.0,중립,팽이도지,잔구간,0.69,0.115,2026-09-17
ITRG,0.6,2.78,1060678,1759559,2.95,6.33,0.5,4.1,0.0,매수관심,팽이도지,완만한상승,0.43,0.82,2026-09-17
NAD,0.6,10.82,1007307,1713276,10.9,14.28,0.8,0.5,0.8,매수관심,장대양봉,잔구간,0.86,1.215,2026-09-17
SWVL,0.6,4.43,341978,575972,1.51,3.78,0.4,1.7,3.0,중립,위꼬리양봉,잔구간,0.19,-0.685,2026-09-17
NAC,0.6,10.81,649162,1169664,7.02,10.69,0.7,0.8,-0.6,매도주의,장대음봉,잔구간,0.2,-1.18,2026-09-17
TLYS,0.6,4.26,381365,672341,1.62,11.27,0.1,-0.7,-2.1,중립,음봉,잔구간,0.3,-0.47,2026-09-17
SKHX,0.6,16.82,1333861,2116277,22.44,33.96,0.7,7.9,1.4,중립,양봉,잔구간,0.49,0.345,2026-09-17
SMWB,0.6,8.34,364650,625660,3.04,5.18,0.6,0.6,-0.6,중립,팽이도지,잔구간,0.46,-0.025,2026-09-17
ECAT,0.6,14.28,602675,994911,8.61,10.93,0.8,1.3,2.1,매수관심,장대양봉,잔구간,0.74,1.145,2026-09-17
BAK,0.6,1.79,973340,1508304,1.74,3.74,0.5,0.0,1.1,강한매수,양봉스프링,완만한상승,0.9,2.88,2026-09-17
FIGS,0.6,13.06,1972348,3340525,25.76,39.88,0.6,2.2,-0.9,중립,음봉,잔구간,0.36,-0.435,2026-09-17
MSOS,0.6,4.96,2521177,4167396,12.51,20.51,0.6,-0.4,1.2,중립,양봉,잔구간,0.46,0.325,2026-09-17
MEI,0.6,13.52,346641,593485,4.69,14.28,0.3,3.7,-1.8,중립,음봉,잔구간,0.04,-0.625,2026-09-17
MLN,0.6,16.74,565827,892536,9.47,10.69,0.9,0.7,-0.1,중립,망치형,잔구간,0.71,0.625,2026-09-17
BIZD,0.6,13.31,1440766,2513143,19.18,39.05,0.5,0.4,1.2,매수관심,양봉,완만한상승,0.52,1.62,2026-09-17
SPCG,0.6,14.48,688594,1069851,9.97,20.5,0.5,-4.1,-1.2,중립,팽이도지,전저점이탈,0.51,-0.74,2026-09-17
SPDN,0.6,8.59,21341510,37467824,183.32,292.01,0.6,-1.0,-0.1,매도주의,위꼬리음봉,잔구간,0.0,-1.05,2026-09-17
ETHA,0.6,18.47,28316948,46089071,523.01,887.47,0.6,1.8,-0.1,중립,팽이도지,잔구간,0.37,-0.08,2026-09-17
OBE,0.6,12.13,778734,1400380,9.45,13.44,0.7,-1.2,1.1,중립,양봉,잔구간,0.45,0.32,2026-09-17
TME,0.6,7.77,3730399,6016107,28.99,49.1,0.6,0.0,-0.6,매도주의,장대음봉,전저점부근,0.0,-1.85,2026-09-17
TETH,0.6,12.22,1007603,1734792,12.31,21.66,0.6,1.8,-0.1,중립,팽이도지,잔구간,0.35,-0.09,2026-09-17
BCAT,0.6,14.33,1015944,1585313,14.56,19.75,0.7,0.8,0.4,중립,양봉,잔구간,0.36,0.265,2026-09-17
CRBP,0.6,7.26,992866,1788313,7.21,16.13,0.4,0.0,0.0,중립,팽이도지,잔구간,0.66,0.095,2026-09-17
PRCT,0.6,19.47,850084,1434504,16.55,28.65,0.6,0.7,-0.6,강한매수,망치형,완만한상승,0.8,2.26,2026-09-17
PFXF,0.6,17.81,443818,721936,7.9,11.59,0.7,0.4,0.8,매수관심,장대양봉,잔구간,0.79,1.175,2026-09-17
AAPD,0.6,10.33,6526930,10961615,67.42,138.77,0.5,-0.5,-0.9,중립,음봉,전저점부근,0.15,-0.37,2026-09-17
HLMN,0.6,7.18,1380270,2358503,9.91,17.6,0.6,2.6,-4.4,매도주의,장대음봉,잔구간,0.1,-1.24,2026-09-17
KEP,0.6,11.32,709393,1095282,8.03,13.77,0.6,1.9,-1.0,매도주의,장대음봉,잔구간,0.14,-1.215,2026-09-17
UNHG,0.6,18.003,453731,725795,8.17,11.54,0.7,0.8,-0.7,매도주의,위꼬리음봉,잔구간,0.1,-0.99,2026-09-17
UNCY,0.6,4.77,648264,1011821,3.09,4.79,0.6,1.7,-1.9,중립,음봉,잔구간,0.35,-0.44,2026-09-17
BZ,0.6,14.84,5490555,8665335,81.48,169.34,0.5,0.0,-1.1,중립,음봉,전저점부근,0.3,-0.19,2026-09-17
EH,0.6,4.62,423866,661468,1.96,3.01,0.6,2.0,-0.2,중립,팽이도지,완만한상승,0.33,0.7,2026-09-17
EMBC,0.6,5.19,570883,1021070,2.96,5.95,0.5,1.0,0.2,강한매수,양봉스프링,완만한상승,0.83,2.8,2026-09-17
OGG,0.6,2.74,603011,943406,1.65,2.49,0.7,3.8,0.0,중립,팽이도지,잔구간,0.53,0.02,2026-09-17
LFMD,0.6,3.2,673877,1065122,2.16,3.09,0.7,0.9,-1.2,매도주의,위꼬리음봉,잔구간,0.03,-1.03,2026-09-17
OSUR,0.6,3.49,355531,616624,1.24,1.96,0.6,1.1,-0.9,중립,음봉,완만한상승,0.5,0.2,2026-09-17
PDM,0.6,9.36,988488,1527923,9.25,24.29,0.4,1.2,-1.0,매도주의,장대음봉,완만한상승,0.29,-1.35,2026-09-17
PDBC,0.6,19.71,3794862,5842020,74.8,106.97,0.7,-0.6,0.2,중립,위꼬리양봉,잔구간,0.22,-0.67,2026-09-17
RNXT,0.6,1.73,636082,1101846,1.1,3.99,0.3,3.2,8.1,매수관심,장대양봉,잔구간,0.79,1.175,2026-09-17
RWT,0.6,3.94,6826833,10540855,26.9,40.54,0.7,1.5,-0.3,중립,팽이도지,잔구간,0.27,-0.14,2026-09-17
EGY,0.6,6.24,983394,1618815,6.14,8.27,0.7,-1.8,3.0,강한매수,장대양봉,완만한상승,0.95,3.44,2026-09-17
LEGN,0.6,17.58,1953611,3362493,34.34,43.46,0.8,2.2,1.2,중립,양봉,잔구간,0.51,0.355,2026-09-17
ARVN,0.6,8.31,533211,842642,4.43,7.95,0.6,1.6,0.2,중립,팽이도지,잔구간,0.48,-0.01,2026-09-17
LOVE,0.6,14.35,332301,531873,4.77,6.11,0.8,1.1,-3.0,중립,음봉,잔구간,0.08,-0.6,2026-09-17
NWL,0.6,5.61,3372812,6128964,18.92,41.79,0.5,2.1,-3.4,매도주의,장대음봉,전저점부근,0.04,-1.8,2026-09-17
NVG,0.6,11.56,668606,1045370,7.73,9.69,0.8,0.4,1.3,매수관심,장대양봉,잔구간,1.0,1.3,2026-09-17
BNC,0.6,5.42,1648493,2805260,8.93,47.36,0.2,5.7,7.8,매수관심,장대양봉,잔구간,0.85,1.21,2026-09-17
CAN,0.6,0.319,6536125,11229393,2.09,5.59,0.4,3.0,1.8,중립,양봉,잔구간,0.47,0.33,2026-09-17
CABA,0.6,2.58,4258077,6795718,10.99,19.27,0.6,1.2,2.4,매수관심,장대양봉,잔구간,0.89,1.235,2026-09-17
OGN,0.6,13.69,1263463,2077350,17.3,41.6,0.4,0.0,0.1,강한매수,장대양봉,완만한상승,1.0,3.5,2026-09-17
GSOL,0.6,7.64,2034901,3167623,15.55,21.8,0.7,2.3,0.8,매수관심,양봉,완만한상승,0.55,1.66,2026-09-17
GROY,0.6,3.39,1373564,2175192,4.66,7.39,0.6,2.7,-0.6,중립,음봉,완만한상승,0.38,0.06,2026-09-17
PEPG,0.6,2.97,447631,700717,1.33,2.37,0.6,0.0,2.4,중립,양봉,잔구간,0.86,0.565,2026-09-17
CURI,0.6,2.795,399738,635723,1.12,2.11,0.5,0.7,-0.5,매도주의,위꼬리음봉,완만한상승,0.0,-1.2,2026-09-17
REPL,0.6,12.87,1295159,2252754,16.67,28.72,0.6,1.5,-2.1,중립,음봉,잔구간,0.32,-0.46,2026-09-17
RMIX,0.6,13.32,305089,502528,4.06,6.54,0.6,2.4,-3.1,중립,음봉,잔구간,0.12,-0.58,2026-09-17
REI,0.6,1.46,3064406,4980919,4.47,6.68,0.7,-0.7,-0.7,매도주의,팽이도지,전저점이탈,0.33,-0.95,2026-09-17
HRZN,0.5,4.72,367632,773531,1.74,3.69,0.5,1.1,3.1,강한매수,장대양봉,완만한상승,0.87,3.34,2026-09-17
GRNT,0.5,4.94,751926,1649440,3.71,10.05,0.4,-0.8,0.6,중립,양봉,잔구간,0.44,0.315,2026-09-17
NVDY,0.5,12.38,1247873,2539192,15.45,27.37,0.6,1.0,0.6,매수관심,양봉,완만한상승,0.71,1.85,2026-09-17
LAR,0.5,5.77,1117643,2152657,6.45,13.61,0.5,2.9,0.9,중립,위꼬리양봉,잔구간,0.34,-0.595,2026-09-17
KVUE,0.5,17.87,23452764,43906964,419.1,605.27,0.7,0.8,-0.6,중립,음봉,완만한상승,0.28,-0.06,2026-09-17
CSAN,0.5,2.8,1990340,3657953,5.57,8.88,0.6,1.1,-0.4,중립,망치형,잔구간,0.67,0.6,2026-09-17
XFOR,0.5,3.5,635053,1327614,2.22,4.47,0.5,1.4,-1.7,중립,음봉,잔구간,0.51,-0.345,2026-09-17
KBWD,0.5,11.91,302939,615233,3.61,5.95,0.6,1.0,0.0,중립,위꼬리양봉,잔구간,0.21,-0.675,2026-09-17
ENGS,0.5,2.67,735679,1578784,1.96,4.07,0.5,0.0,-2.9,매도주의,음봉,전저점이탈,0.22,-1.79,2026-09-17
INFY,0.5,11.07,9199592,17069219,101.84,188.04,0.5,0.4,-0.4,중립,음봉,잔구간,0.32,-0.46,2026-09-17
INDP,0.5,3.93,920856,1881362,3.62,5.68,0.6,2.8,19.1,강한매수,장대양봉,전고점돌파,0.93,4.02,2026-09-17
BITI,0.5,19.37,533899,1145924,10.34,27.05,0.4,-0.6,-0.2,중립,팽이도지,잔구간,0.41,-0.055,2026-09-17
NIO,0.5,3.62,20588962,38389388,74.53,169.18,0.4,1.4,-0.3,중립,팽이도지,잔구간,0.57,0.04,2026-09-17
XMAX,0.5,8.74,334405,617135,2.92,5.55,0.5,0.8,-1.2,매도주의,장대음봉,잔구간,0.21,-1.175,2026-09-17
TDUP,0.5,2.42,1063663,1999173,2.57,5.44,0.5,3.3,-4.7,강한매도,장대음봉,전저점이탈,0.07,-3.27,2026-09-17
DBGI,0.5,4.42,331539,701123,1.47,23.27,0.1,-2.4,10.5,중립,양봉,잔구간,0.83,0.55,2026-09-17
DBI,0.5,6.08,499426,933578,3.04,5.33,0.6,2.5,-1.8,매도주의,장대음봉,완만한상승,0.11,-1.57,2026-09-17
SKDD,0.5,7.345,4074774,8634598,29.93,56.76,0.5,-7.9,-1.3,중립,망치형,잔구간,0.6,0.56,2026-09-17
TIMB,0.5,18.98,318686,620296,6.05,9.03,0.7,0.1,-0.5,중립,음봉,잔구간,0.53,-0.33,2026-09-17
NMZ,0.5,9.53,732371,1452381,6.98,11.35,0.6,0.1,0.8,중립,양봉,잔구간,0.56,0.385,2026-09-17
ETHE,0.5,19.68,1948353,3820206,38.34,72.69,0.5,1.9,-0.1,중립,팽이도지,잔구간,0.37,-0.08,2026-09-17
ABEV,0.5,2.98,12254374,25707022,36.52,76.2,0.5,0.7,-1.0,중립,음봉,잔구간,0.5,-0.35,2026-09-17
MFG,0.5,11.07,1893542,3604177,20.96,41.93,0.5,1.8,-0.5,중립,음봉,잔구간,0.17,-0.55,2026-09-17
BATL,0.5,1.23,3547608,6673461,4.36,8.12,0.5,-1.6,0.8,매도주의,위꼬리양봉,전저점이탈,0.4,-1.87,2026-09-17
HITI,0.5,2.65,524776,1083873,1.39,2.78,0.5,-0.7,-0.7,매도주의,위꼬리음봉,잔구간,0.14,-0.965,2026-09-17
QTTB,0.5,10.86,384008,736606,4.17,8.69,0.5,1.5,-2.5,중립,음봉,잔구간,0.36,-0.435,2026-09-17
CLNE,0.5,1.74,1031063,1949225,1.79,3.05,0.6,0.0,2.4,강한매수,장대양봉,완만한상승,0.83,3.3,2026-09-17
EIDO,0.5,12.73,511282,1071492,6.51,16.81,0.4,1.3,-0.3,중립,음봉,잔구간,0.43,-0.39,2026-09-17
CX,0.5,10.19,3664037,7040372,37.34,65.69,0.6,1.6,-1.3,매도주의,장대음봉,잔구간,0.21,-1.175,2026-09-17
QCML,0.5,19.6,335813,725989,6.58,13.77,0.5,6.0,-1.7,중립,음봉,완만한상승,0.21,-0.15,2026-09-17
GFR,0.4,6.66,912350,2365905,6.08,13.29,0.5,-0.2,2.8,강한매수,양봉,완만한상승,0.94,2.13,2026-09-17
EGHT,0.4,1.81,591841,1345913,1.07,2.52,0.4,0.0,0.6,중립,위꼬리양봉,완만한상승,0.44,-0.17,2026-09-17
PAYP,0.4,17.91,385124,950506,6.9,18.85,0.4,1.1,0.3,중립,위꼬리양봉,완만한상승,0.14,-0.53,2026-09-17
VTEX,0.4,3.65,304829,708301,1.11,2.7,0.4,0.0,-0.5,중립,음봉,잔구간,0.2,-0.53,2026-09-17
IRD,0.4,5.28,1531806,3604820,8.09,48.14,0.2,0.9,-3.3,중립,음봉,잔구간,0.13,-0.57,2026-09-17
DBRG,0.4,15.91,2319124,5782067,36.9,75.45,0.5,0.1,0.1,강한매수,양봉스프링,완만한상승,1.0,3.0,2026-09-17
XRP,0.4,14.47,734153,1671561,10.62,29.06,0.4,0.3,-0.5,매도주의,위꼬리음봉,잔구간,0.25,-0.9,2026-09-17
OCGN,0.4,1.03,3914512,10869486,4.03,11.75,0.3,2.2,1.0,중립,위꼬리양봉,잔구간,0.4,-0.56,2026-09-17
TRUG,0.4,0.384,6336550,14376488,2.43,40.35,0.1,-2.0,-10.7,매도주의,장대음봉,잔구간,0.27,-1.14,2026-09-17
METD,0.4,13.95,328304,818844,4.58,14.14,0.3,-0.8,-0.4,매도주의,위꼬리음봉,전저점부근,0.0,-1.35,2026-09-17
ETHW,0.4,17.51,355845,844689,6.23,17.65,0.4,1.8,0.0,중립,팽이도지,잔구간,0.36,-0.085,2026-09-17
CWEB,0.4,18.28,352371,889022,6.44,13.78,0.5,1.9,-0.7,중립,음봉,잔구간,0.46,-0.375,2026-09-17
CRDL,0.4,1.86,583635,1477915,1.09,3.04,0.4,0.5,-2.6,매도주의,장대음봉,잔구간,0.13,-1.22,2026-09-17
RLMD,0.4,4.2,772911,1794338,3.25,6.81,0.5,1.4,-1.9,중립,음봉,잔구간,0.1,-0.59,2026-09-17
DOMO,0.4,3.86,445600,1265596,1.72,5.79,0.3,0.3,0.3,매수관심,팽이도지,완만한상승,0.54,0.95,2026-09-17
HLLY,0.4,2.65,594808,1574937,1.58,3.78,0.4,2.3,-1.5,중립,음봉,완만한상승,0.2,-0.16,2026-09-17
VET,0.4,12.65,710117,1771982,8.98,20.2,0.4,-0.9,1.2,강한매수,양봉,완만한상승,0.85,2.02,2026-09-17
LASE,0.4,0.887,5091738,13749029,4.52,7.73,0.6,0.9,9.9,매수관심,장대양봉,잔구간,0.75,1.15,2026-09-17
LDI,0.4,0.721,5536709,12912375,3.99,7.26,0.5,2.7,-0.3,중립,팽이도지,잔구간,0.55,0.03,2026-09-17
AEO,0.4,14.91,3653083,9495196,54.47,164.16,0.3,1.6,-0.9,중립,음봉,완만한상승,0.38,0.06,2026-09-17
BDRX,0.3,0.8,1547023,4793052,1.24,26.86,0.0,-9.4,-8.1,중립,음봉,잔구간,0.35,-0.44,2026-09-17
TAC,0.3,12.29,803473,2363127,9.87,27.2,0.4,1.3,1.6,매수관심,장대양봉,잔구간,0.92,1.25,2026-09-17
SKYQ,0.3,2.89,749137,2871381,2.17,14.7,0.1,-5.1,2.5,중립,양봉,잔구간,0.64,0.435,2026-09-17
BBOT,0.3,4.89,417384,1227906,2.04,5.14,0.4,1.7,1.0,중립,위꼬리양봉,잔구간,0.19,-0.685,2026-09-17
CMRC,0.3,3.41,414900,1519330,1.41,4.66,0.3,0.6,-1.2,중립,음봉,잔구간,0.21,-0.525,2026-09-17
TNON,0.1,4.2,1055417,12217937,4.43,144.78,0.0,3.8,3.4,중립,양봉,잔구간,0.89,0.585,2026-09-17
FTFT,0.0,6.255,1487056,35572658,9.3,154.7,0.1,-7.9,-3.0,매도주의,위꼬리음봉,잔구간,0.11,-0.985,2026-09-17
