ticker,ratio,latest_close,latest_volume,baseline_volume,dollar_volume_M,avg_dollar_vol_10d_M,dollar_surge_x,signal_gap_%,intraday_chg_%,candle_signal,candle_shape,candle_pos,close_pos,candle_score,latest_date
SBFM,1256.5,0.7,177959497,141633,124.57,0.33,374.0,2.9,70.9,중립,위꼬리양봉,잔구간,0.26,-0.645,2026-10-07
CPHI,565.5,0.85,67509934,119381,57.38,0.27,213.3,6.1,25.0,중립,위꼬리양봉,전고점돌파,0.32,0.28,2026-10-07
MTEN,359.7,1.1,58242878,161907,64.07,1.82,35.2,30.4,-12.0,중립,음봉,전고점돌파,0.23,0.48,2026-10-07
OLB,229.9,0.387,84579193,367820,32.73,31.66,1.0,-34.5,44.2,매수관심,장대양봉,잔구간,0.84,1.205,2026-10-07
DKI,178.4,1.67,47993120,269063,80.15,1.13,71.1,-6.6,31.5,중립,위꼬리양봉,잔구간,0.17,-0.7,2026-10-07
SXTC,177.4,2.83,146566948,826351,414.78,2.02,205.8,155.2,-11.3,매도주의,위꼬리음봉,잔구간,0.12,-0.98,2026-10-07
NXAT,136.8,0.693,11580587,84653,8.03,1.01,8.0,-6.4,-0.8,매도주의,위꼬리음봉,잔구간,0.12,-0.98,2026-10-07
MI,71.9,1.54,37856582,526285,58.3,119.63,0.5,31.7,-4.9,중립,팽이도지,잔구간,0.3,-0.12,2026-10-07
BIYA,70.4,2.3,116012114,1648883,266.83,4.93,54.1,56.8,7.5,중립,팽이도지,잔구간,0.47,-0.02,2026-10-07
GIPR,67.2,0.494,143692849,2137803,70.98,9.78,7.3,34.9,-3.8,매도주의,위꼬리음봉,잔구간,0.18,-0.94,2026-10-07
BFRG,66.0,0.709,25193822,381910,17.85,21.59,0.8,15.3,-10.8,중립,음봉,수횡파,0.3,-0.34,2026-10-07
SPAI,64.4,4.71,5705631,88594,26.87,0.46,58.7,5.4,9.0,중립,양봉,잔구간,0.89,0.585,2026-10-07
IPW,46.8,1.04,5802865,124052,6.03,0.47,12.7,-0.9,-7.1,매도주의,장대음봉,전저점부근,0.0,-1.85,2026-10-07
APUS,46.7,7.05,22395449,479975,157.89,118.07,1.3,12.2,-11.9,중립,음봉,잔구간,0.06,-0.615,2026-10-07
CRBU,43.8,0.617,37509909,855820,23.16,1.66,14.0,-44.0,-2.9,중립,팽이도지,전저점이탈,0.58,-0.65,2026-10-07
MNDR,41.0,1.52,2262125,55167,3.44,0.19,18.3,3.3,21.6,강한매수,양봉,전고점돌파,0.57,2.28,2026-10-07
KIDZ,39.5,2.22,3156926,80007,7.01,3.28,2.1,-4.3,-0.4,중립,팽이도지,전저점부근,0.42,0.65,2026-10-07
LABT,37.9,0.85,8498672,224264,7.22,4.36,1.7,-10.0,8.9,매수관심,양봉,전저점부근,0.64,1.62,2026-10-07
MOBX,35.1,1.24,18250300,520020,22.63,14.76,1.5,-11.6,25.3,강한매수,장대양봉,완만한상승,0.69,3.13,2026-10-07
FMST,35.1,0.56,5101648,145287,2.86,0.08,35.5,-0.6,13.9,중립,양봉,잔구간,0.4,0.29,2026-10-07
TOPS,26.9,0.526,14515966,539436,7.64,0.9,8.5,2.1,-4.4,중립,망치형,잔구간,0.61,0.565,2026-10-07
KOYN,24.3,10.26,1388662,57107,14.25,0.71,20.1,0.4,-0.3,매도주의,장대음봉,완만한상승,0.0,-1.7,2026-10-07
CVKD,22.1,0.972,1787821,81001,1.74,0.13,13.2,2.0,-3.7,중립,팽이도지,잔구간,0.36,-0.085,2026-10-07
OLOX,20.1,1.0,3274342,162982,3.27,17.06,0.2,-27.2,9.9,중립,양봉,잔구간,0.41,0.295,2026-10-07
CIRC,18.9,0.46,20770278,1099965,9.55,0.9,10.6,-3.4,-4.0,매도주의,위꼬리음봉,잔구간,0.04,-1.025,2026-10-07
SOS,18.7,0.304,6102484,327191,1.86,1.99,0.9,3.8,-8.4,매도주의,장대음봉,전저점부근,0.07,-1.77,2026-10-07
IHD,14.7,7.59,914078,62012,6.94,0.85,8.2,-0.3,-0.9,중립,음봉,잔구간,0.1,-0.59,2026-10-07
IPDN,11.1,4.31,790243,71500,3.41,48.87,0.1,-21.9,19.7,매수관심,장대양봉,잔구간,0.89,1.235,2026-10-07
AIXI,11.0,1.32,13359842,1214844,17.63,26.68,0.7,-14.1,-17.0,매도주의,장대음봉,잔구간,0.1,-1.24,2026-10-07
VCIG,11.0,0.771,9024628,820345,6.96,6.36,1.1,-47.2,3.6,매도주의,위꼬리양봉,전저점이탈,0.35,-1.93,2026-10-07
FRSH,10.9,13.6,48578662,4464251,660.67,76.35,8.7,-0.5,-0.7,매도주의,위꼬리음봉,잔구간,0.07,-1.01,2026-10-07
GMEX,10.5,2.66,1570136,150048,4.18,0.45,9.2,0.0,0.8,중립,팽이도지,잔구간,0.63,0.08,2026-10-07
GCDT,10.3,0.727,4403053,426092,3.2,17.21,0.2,-27.0,-29.4,강한매도,장대음봉,전저점이탈,0.14,-3.18,2026-10-07
ATII,10.1,10.7,745406,74068,7.98,4.73,1.7,-0.0,0.0,강한매수,양봉스프링,완만한상승,1.0,3.0,2026-10-07
IVOL,9.8,17.32,1231729,125691,21.33,3.49,6.1,-0.3,0.5,매수관심,양봉,완만한상승,0.55,1.66,2026-10-07
RELL,9.7,20.0,1451489,149008,29.03,2.44,11.9,-1.3,6.4,강한매수,장대양봉,전고점돌파,0.85,3.92,2026-10-07
LPBB,8.8,10.81,496992,56302,5.37,0.66,8.1,0.0,0.0,매수관심,무참고,완만한상승,,0.9,2026-10-07
BULL,8.8,5.89,81422446,9207113,479.58,69.73,6.9,-20.0,1.1,중립,팽이도지,전저점이탈,0.73,-0.47,2026-10-07
MIMI,8.3,0.881,3014460,364403,2.66,4.04,0.7,3.5,0.3,중립,팽이도지,잔구간,0.48,-0.01,2026-10-07
WETO,7.9,1.18,21862393,2762889,25.8,11.45,2.3,11.8,3.5,중립,위꼬리양봉,잔구간,0.37,-0.58,2026-10-07
BURU,6.8,1.03,16112367,2371931,16.6,2.6,6.4,-15.8,2.0,중립,팽이도지,잔구간,0.71,0.125,2026-10-07
AVBP,6.6,16.89,4334786,652123,73.21,49.15,1.5,1.0,10.8,강한매수,장대양봉,완만한상승,0.81,3.27,2026-10-07
ICU,6.4,3.72,1370552,214145,5.1,0.67,7.7,2.2,14.1,강한매수,장대양봉,완만한상승,0.93,3.42,2026-10-07
WHLR,6.4,0.689,3015808,472511,2.08,61.37,0.0,-5.8,-19.7,강한매도,장대음봉,전저점이탈,0.03,-3.31,2026-10-07
ENLV,6.4,0.306,3898842,609423,1.19,0.28,4.3,3.3,-12.8,강한매도,장대음봉,전저점이탈,0.12,-3.21,2026-10-07
FFR,6.4,1.79,8823061,1370940,15.79,8.63,1.8,-1.4,31.6,강한매수,양봉,전고점돌파,0.64,2.37,2026-10-07
SHFS,6.2,0.622,3859986,618852,2.4,0.45,5.3,-7.2,-4.2,중립,망치형,전저점이탈,0.66,0.44,2026-10-07
IBIO,6.2,1.01,2708591,437835,2.74,0.61,4.5,0.0,-3.8,매도주의,음봉,전저점이탈,0.44,-1.52,2026-10-07
CATG,6.1,10.3,307627,50651,3.17,0.49,6.4,-4.0,-7.8,매도주의,장대음봉,잔구간,0.2,-1.18,2026-10-07
LEVI,5.6,19.51,18029690,3223242,351.76,56.77,6.2,-1.3,-3.7,매도주의,장대음봉,잔구간,0.15,-1.21,2026-10-07
QUCY,5.6,1.43,1464649,261093,2.09,0.4,5.2,-1.6,12.6,강한매수,장대양봉,전고점돌파,0.72,3.76,2026-10-07
JDZG,5.5,5.53,3024418,545893,16.73,4.38,3.8,1.1,2.0,매수관심,팽이도지,전고점돌파,0.74,1.79,2026-10-07
FSIG,5.4,18.4,2345409,432804,43.16,8.4,5.1,-0.1,0.0,중립,위꼬리양봉,잔구간,0.17,-0.7,2026-10-07
AIFA,5.2,7.41,580543,110686,4.3,4.42,1.0,0.4,-3.8,중립,음봉,잔구간,0.45,-0.38,2026-10-07
MVIS,5.1,1.52,4066255,802886,6.18,1.49,4.2,-1.3,-2.6,중립,팽이도지,잔구간,0.26,-0.145,2026-10-07
SUGP,5.0,2.64,946964,188966,2.5,5.02,0.5,2.9,5.2,중립,양봉,잔구간,0.69,0.465,2026-10-07
LOFD,4.7,4.94,441373,94155,2.18,0.58,3.7,5.1,0.0,중립,팽이도지,잔구간,0.6,0.06,2026-10-07
SMB,4.4,16.9,2273955,522560,38.43,7.42,5.2,0.0,-0.2,중립,음봉,잔구간,0.62,-0.28,2026-10-07
GILT,4.4,9.22,2167180,494234,19.98,5.22,3.8,-3.5,3.6,매수관심,장대양봉,잔구간,0.91,1.245,2026-10-07
EDHL,4.3,5.23,465317,108853,2.43,1.66,1.5,-1.7,2.3,강한매수,양봉,완만한상승,0.96,2.15,2026-10-07
GRO,4.2,2.19,551506,132463,1.21,0.37,3.3,-1.3,-2.7,중립,음봉,잔구간,0.55,-0.32,2026-10-07
CXAI,4.1,1.89,529125,129088,1.0,0.23,4.4,-0.5,2.2,중립,위꼬리양봉,잔구간,0.1,-0.74,2026-10-07
XTIA,4.0,0.79,2274931,570548,1.8,0.52,3.5,-3.3,12.8,중립,양봉,잔구간,0.56,0.385,2026-10-07
CANG,4.0,3.58,2716086,682798,9.72,1.87,5.2,0.3,18.2,강한매수,장대양봉,전고점돌파,0.86,3.93,2026-10-07
BEAT,3.9,0.543,5105331,1295022,2.77,27.73,0.1,0.7,-7.7,중립,음봉,잔구간,0.15,-0.56,2026-10-07
FIIG,3.9,19.65,694225,179673,13.64,3.23,4.2,-0.6,0.3,중립,양봉,잔구간,0.82,0.54,2026-10-07
FTCB,3.7,19.69,3907544,1042155,76.94,18.5,4.2,-0.5,0.2,중립,양봉,잔구간,0.51,0.355,2026-10-07
SUPX,3.7,6.85,1327088,362364,9.09,3.05,3.0,0.0,-0.7,중립,팽이도지,잔구간,0.61,0.065,2026-10-07
SMCZ,3.7,3.81,7756399,2082571,29.55,12.32,2.4,3.7,-10.1,강한매도,장대음봉,전저점이탈,0.25,-3.05,2026-10-07
ALEC,3.7,1.92,3972727,1065825,7.63,21.17,0.4,-1.7,7.9,매수관심,장대양봉,잔구간,1.0,1.3,2026-10-07
SAR,3.6,14.91,518680,144864,7.73,2.65,2.9,-3.9,-1.9,중립,망치형,전저점이탈,0.77,0.57,2026-10-07
LU,3.6,0.981,4758684,1324532,4.67,2.59,1.8,0.0,-2.8,매도주의,음봉,전저점이탈,0.4,-1.57,2026-10-07
AIIO,3.6,1.09,1834409,516545,2.0,3.84,0.5,-8.8,5.8,중립,양봉,잔구간,0.54,0.375,2026-10-07
CBIO,3.6,13.49,1049275,295220,14.15,5.79,2.4,-0.7,0.1,중립,위꼬리양봉,전저점부근,0.24,-0.56,2026-10-07
EDZ,3.5,14.1,635167,179903,8.96,4.76,1.9,4.7,-0.7,중립,음봉,완만한상승,0.22,-0.14,2026-10-07
CMRC,3.5,3.38,1718395,487268,5.81,1.55,3.8,-0.3,5.6,강한매수,양봉,전고점돌파,0.69,2.43,2026-10-07
HTZ,3.5,2.07,54085652,15497971,111.96,28.65,3.9,-0.5,1.0,중립,팽이도지,완만한상승,0.41,0.79,2026-10-07
NCPL,3.5,1.59,12301049,3468700,19.56,17.73,1.1,24.8,16.9,매수관심,양봉,완만한상승,0.67,1.8,2026-10-07
SRXH,3.4,1.49,1875444,546322,2.79,1.05,2.7,4.1,-3.2,중립,음봉,완만한상승,0.13,-0.24,2026-10-07
PRME,3.3,3.9,11202328,3369042,43.69,14.81,2.9,-4.0,16.1,강한매수,장대양봉,전고점돌파,0.83,3.9,2026-10-07
PROF,3.3,5.68,395249,120228,2.25,0.75,3.0,-1.3,-5.3,매도주의,장대음봉,잔구간,0.07,-1.26,2026-10-07
TII,3.2,2.28,635116,195854,1.45,0.6,2.4,4.5,-10.6,강한매도,장대음봉,전저점이탈,0.1,-3.23,2026-10-07
CTOS,3.2,9.44,2340410,739301,22.09,6.79,3.3,-2.2,-3.1,중립,음봉,잔구간,0.52,-0.34,2026-10-07
PSQL,3.2,7.26,2551744,794842,18.53,5.36,3.5,0.9,5.2,강한매수,양봉,전고점돌파,0.72,2.46,2026-10-07
PRMB,3.2,19.0,10923454,3379676,207.55,66.45,3.1,0.3,-1.5,중립,음봉,잔구간,0.44,-0.385,2026-10-07
TLX,3.1,11.12,817437,267449,9.09,4.83,1.9,2.1,1.0,매수관심,장대양봉,잔구간,0.86,1.215,2026-10-07
IAUX,3.1,1.49,17907488,5707902,26.68,9.85,2.7,-1.9,-5.7,강한매도,장대음봉,전저점이탈,0.2,-3.11,2026-10-07
BYRN,3.0,4.05,863235,288780,3.5,1.11,3.2,0.0,9.8,강한매수,장대양봉,전고점돌파,0.93,4.02,2026-10-07
ADBG,3.0,3.5,4246247,1422852,14.86,7.81,1.9,-1.4,-3.3,중립,음봉,잔구간,0.6,-0.29,2026-10-07
CRNC,2.9,8.29,1536477,530751,12.74,4.46,2.9,-1.2,4.0,강한매수,장대양봉,전고점부근,0.89,2.02,2026-10-07
ARLO,2.8,11.95,3438036,1245427,41.08,16.09,2.6,-2.0,-4.7,강한매도,장대음봉,전저점이탈,0.36,-2.92,2026-10-07
IBTK,2.8,18.99,1283327,458228,24.37,14.51,1.7,-0.2,0.3,매수관심,양봉,완만한상승,0.67,1.8,2026-10-07
DSP,2.8,12.78,1200702,434838,15.34,5.59,2.7,-0.9,8.1,매수관심,장대양봉,잔구간,0.87,1.22,2026-10-07
NCT,2.8,1.52,1127950,405614,1.71,1.67,1.0,-8.7,10.9,중립,양봉,잔구간,0.93,0.61,2026-10-07
FIGS,2.8,14.06,7252366,2600285,101.97,38.64,2.6,-0.4,0.1,중립,위꼬리양봉,잔구간,0.17,-0.7,2026-10-07
PSNL,2.7,16.0,3818003,1399476,61.09,28.77,2.1,-1.6,1.4,중립,양봉,잔구간,0.76,0.505,2026-10-07
SMUP,2.7,3.0,554547,208353,1.66,0.88,1.9,-5.5,-3.2,중립,망치형,잔구간,0.7,0.62,2026-10-07
NXH,2.7,1.775,7330932,2710122,13.01,12.32,1.1,-1.1,-1.9,강한매수,망치형,전저점부근,0.65,2.9299999999999997,2026-10-07
HYEM,2.7,19.36,512103,190741,9.91,3.54,2.8,-0.1,-0.1,중립,팽이도지,잔구간,0.44,-0.035,2026-10-07
ECC,2.7,3.09,2179361,796853,6.73,3.4,2.0,-1.5,-4.6,강한매도,장대음봉,전저점이탈,0.11,-3.22,2026-10-07
MEI,2.7,15.11,1308804,489692,19.78,8.16,2.4,-1.6,1.7,매수관심,팽이도지,완만한상승,0.6,1.02,2026-10-07
BAK,2.6,1.77,3014426,1173908,5.34,2.17,2.5,-0.6,6.6,중립,양봉,전고점부근,0.7,0.49,2026-10-07
AEBI,2.6,10.95,975489,372384,10.68,4.77,2.2,-1.5,-1.8,중립,망치형,잔구간,0.71,0.625,2026-10-07
RGP,2.6,3.74,799947,311446,2.99,1.32,2.3,0.0,1.4,매수관심,팽이도지,완만한상승,0.57,0.98,2026-10-07
REZI,2.6,17.56,4186298,1635425,73.51,28.58,2.6,-2.3,-5.0,매도주의,장대음봉,잔구간,0.27,-1.14,2026-10-07
NMG,2.6,1.08,1676121,643984,1.81,0.6,3.0,-0.9,-5.3,강한매도,장대음봉,전저점이탈,0.22,-3.09,2026-10-07
FTF,2.5,5.37,611953,241777,3.29,1.46,2.2,0.2,0.2,강한매수,양봉스프링,완만한상승,0.87,2.84,2026-10-07
PRTH,2.5,7.78,2170933,866561,16.89,10.66,1.6,0.3,-0.3,매도주의,장대음봉,완만한상승,0.33,-1.3,2026-10-07
LSAK,2.5,4.69,415874,166260,1.95,1.08,1.8,-0.2,0.6,매수관심,팽이도지,완만한상승,0.73,1.18,2026-10-07
QPUX,2.5,11.54,360865,143878,4.16,2.55,1.6,-5.1,-3.0,매도주의,음봉,전저점이탈,0.42,-1.55,2026-10-07
FTMN,2.5,8.135,1037351,417707,8.44,4.31,2.0,-1.3,0.6,중립,양봉,잔구간,0.37,0.27,2026-10-07
BACpN,2.5,17.8,484572,195172,8.63,3.31,2.6,-0.2,0.0,중립,팽이도지,전저점부근,0.3,0.51,2026-10-07
GNLX,2.5,2.52,550979,218904,1.39,0.45,3.1,-0.8,0.0,중립,팽이도지,잔구간,0.46,-0.025,2026-10-07
GFR,2.4,6.14,1240291,512742,7.62,4.35,1.7,0.5,-1.6,중립,음봉,잔구간,0.0,-0.65,2026-10-07
MGTX,2.4,10.82,2309961,943044,24.99,12.76,2.0,-0.9,3.0,매수관심,양봉,완만한상승,0.72,1.86,2026-10-07
VNCE,2.4,13.36,664890,281924,8.88,4.51,2.0,0.1,9.1,강한매수,양봉,전고점돌파,0.96,2.75,2026-10-07
FTNJ,2.4,8.2,755123,310805,6.19,2.47,2.5,-0.7,0.0,중립,팽이도지,잔구간,0.35,-0.09,2026-10-07
APLX,2.4,6.49,11587122,4808434,75.2,28.25,2.7,-7.1,-5.0,중립,음봉,잔구간,0.16,-0.555,2026-10-07
EARN,2.4,3.48,1076706,441512,3.75,2.01,1.9,-1.7,-0.9,중립,팽이도지,잔구간,0.63,0.08,2026-10-07
ULCC,2.4,6.07,5002406,2055119,30.36,13.43,2.3,-4.8,2.0,매수관심,장대양봉,잔구간,0.62,1.07,2026-10-07
INTR,2.3,7.18,16905194,7468463,121.38,49.82,2.4,0.0,2.1,중립,양봉,전고점부근,0.46,0.2,2026-10-07
HNRG,2.3,13.65,1304936,571687,17.81,9.52,1.9,-2.4,-5.5,매도주의,장대음봉,잔구간,0.22,-1.17,2026-10-07
FTMU,2.3,7.28,1431587,634169,10.42,5.55,1.9,-0.5,0.1,매수관심,양봉스프링,잔구간,0.89,0.985,2026-10-07
RAMZ,2.3,13.92,969546,421809,13.5,5.29,2.6,4.7,-6.4,매도주의,장대음봉,잔구간,0.09,-1.245,2026-10-07
AIBZ,2.3,3.38,641330,276637,2.17,1.46,1.5,-5.8,-0.6,중립,망치형,전저점이탈,0.75,0.55,2026-10-07
FSM,2.3,10.12,11023397,4791776,111.56,71.72,1.6,-3.7,-6.0,강한매도,장대음봉,전저점이탈,0.07,-3.27,2026-10-07
UUUG,2.3,2.231,1495894,660206,3.34,1.67,2.0,-6.7,-11.5,강한매도,장대음봉,전저점이탈,0.07,-3.27,2026-10-07
NEOG,2.3,11.68,12969335,5561339,151.48,76.45,2.0,5.4,-7.4,매도주의,음봉,전저점이탈,0.2,-1.81,2026-10-07
HLLY,2.2,2.36,1821125,815518,4.3,2.31,1.9,0.0,1.7,매수관심,양봉,완만한상승,0.78,1.94,2026-10-07
PREF,2.2,18.29,778672,346541,14.24,6.13,2.3,-0.2,-0.1,중립,팽이도지,잔구간,0.29,-0.125,2026-10-07
MNTS,2.2,3.5,1312172,593641,4.59,2.34,2.0,-2.2,-0.6,강한매수,망치형,전저점부근,0.75,3.05,2026-10-07
HEPS,2.2,2.65,534657,241963,1.42,0.79,1.8,-1.2,9.1,강한매수,장대양봉,전고점돌파,0.9,3.98,2026-10-07
SKHX,2.2,15.56,2498241,1147190,38.87,22.54,1.7,-4.8,0.0,매도주의,팽이도지,전저점이탈,0.38,-0.89,2026-10-07
LFCR,2.2,6.44,1720267,773844,11.08,6.0,1.8,0.0,-0.2,매도주의,위꼬리음봉,잔구간,0.2,-0.93,2026-10-07
TRVI,2.2,13.14,5366869,2402978,70.52,31.89,2.2,-1.8,1.5,중립,양봉,잔구간,0.43,0.31,2026-10-07
OPTT,2.2,0.961,1478325,668161,1.42,1.0,1.4,3.8,-12.6,중립,음봉,잔구간,0.04,-0.625,2026-10-07
MMED,2.2,19.11,9619603,4359807,183.83,118.46,1.6,-0.4,-2.4,매도주의,장대음봉,잔구간,0.13,-1.22,2026-10-07
SCZM,2.1,8.45,618039,295384,5.22,3.41,1.5,-4.5,-1.3,매도주의,음봉,전저점이탈,0.37,-1.61,2026-10-07
QXO,2.1,11.31,46473131,22118753,525.61,254.34,2.1,-3.4,-3.3,매도주의,음봉,전저점이탈,0.56,-1.38,2026-10-07
AAUC,2.1,19.58,815633,396306,15.97,8.38,1.9,-2.7,-0.3,매수관심,팽이도지,전저점부근,0.67,0.95,2026-10-07
AGBK,2.1,6.51,553123,265239,3.6,1.5,2.4,-0.9,-1.5,중립,음봉,잔구간,0.14,-0.565,2026-10-07
STXU,2.1,10.37,713160,342327,7.4,4.78,1.5,-5.0,5.7,강한매수,장대양봉,완만한상승,0.93,3.42,2026-10-07
SOLZ,2.1,11.49,1837717,873490,21.12,11.66,1.8,-3.8,-0.3,강한매도,위꼬리음봉,전저점이탈,0.17,-2.65,2026-10-07
CLOV,2.1,4.56,7423473,3465884,33.85,15.65,2.2,-1.1,0.2,중립,위꼬리양봉,잔구간,0.15,-0.71,2026-10-07
BNED,2.1,11.66,338268,163361,3.94,1.89,2.1,-0.9,1.0,강한매수,양봉,완만한상승,0.93,2.12,2026-10-07
BZUN,2.1,3.55,503546,243768,1.79,0.96,1.9,-0.9,3.2,매수관심,양봉,완만한상승,0.81,1.97,2026-10-07
MUD,2.1,8.89,12266222,5791354,109.05,55.9,2.0,2.7,-6.4,매도주의,장대음봉,잔구간,0.03,-1.28,2026-10-07
FCEL,2.1,18.365,12616695,6052267,231.71,101.29,2.3,-7.8,-3.5,중립,음봉,잔구간,0.53,-0.33,2026-10-07
ACRS,2.1,3.4,9003171,4354046,30.61,16.03,1.9,-2.8,-5.4,강한매도,장대음봉,전저점이탈,0.28,-3.01,2026-10-07
POEL,2.1,7.38,528631,246925,3.9,1.92,2.0,-4.3,-4.2,중립,음봉,전저점부근,0.48,0.03,2026-10-07
AAOZ,2.0,8.63,3732411,1901399,32.21,15.16,2.1,5.5,5.2,중립,양봉,잔구간,0.63,0.43,2026-10-07
ARDT,2.0,10.88,684128,348216,7.44,3.78,2.0,-1.2,3.1,강한매수,장대양봉,전고점돌파,0.83,3.9,2026-10-07
AFYA,2.0,13.9,578748,292949,8.04,7.45,1.1,1.5,-1.6,매도주의,음봉,전고점부근,0.21,-1.5,2026-10-07
NVOX,2.0,9.54,948778,465894,9.05,6.08,1.5,0.4,3.5,매수관심,장대양봉,잔구간,0.76,1.155,2026-10-07
RBLU,2.0,4.96,721909,370192,3.58,2.41,1.5,-6.1,10.2,강한매수,장대양봉,전고점돌파,0.9,3.98,2026-10-07
KARD,2.0,13.83,1025706,509052,14.19,9.87,1.4,-1.1,3.7,강한매수,양봉스프링,완만한상승,0.82,2.78,2026-10-07
BMM,2.0,4.93,362517,184684,1.79,1.26,1.4,-2.5,-1.4,중립,음봉,잔구간,0.18,-0.54,2026-10-07
YLD,2.0,18.3,659600,338255,12.07,5.35,2.3,0.2,-0.3,매도주의,장대음봉,잔구간,0.4,-1.06,2026-10-07
RSKD,2.0,8.05,3781840,1931864,30.44,24.81,1.2,-0.8,4.1,강한매수,장대양봉,완만한상승,0.76,3.21,2026-10-07
SBS,2.0,6.37,15621749,7782093,99.51,53.89,1.8,0.2,-0.8,중립,음봉,잔구간,0.4,-0.41,2026-10-07
TBB,2.0,18.66,317986,155453,5.93,3.33,1.8,-0.4,-0.6,매도주의,음봉,전저점이탈,0.3,-1.69,2026-10-07
VSTS,2.0,13.94,2534320,1283483,35.33,18.39,1.9,0.6,-0.5,매수관심,팽이도지,완만한상승,0.55,0.96,2026-10-07
ETHT,2.0,17.75,2198734,1087211,39.03,23.42,1.7,-9.6,0.8,매수관심,양봉스프링,전저점이탈,0.82,1.13,2026-10-07
FTMS,2.0,9.69,403557,199068,3.91,1.83,2.1,-0.3,0.0,매도주의,위꼬리양봉,잔구간,0.0,-0.8,2026-10-07
NVCR,2.0,14.66,3513339,1729944,51.51,20.13,2.6,-0.9,-1.2,중립,음봉,잔구간,0.13,-0.57,2026-10-07
ZENA,2.0,1.35,2788294,1416353,3.76,1.98,1.9,4.6,-0.7,매수관심,팽이도지,완만한상승,0.5,0.9,2026-10-07
AFIF,2.0,9.255,640076,319312,5.92,15.8,0.4,-0.4,0.3,매수관심,장대양봉,잔구간,0.87,1.22,2026-10-07
FEAM,1.9,3.11,1820129,950039,5.66,2.97,1.9,5.1,-21.3,매도주의,장대음봉,잔구간,0.12,-1.23,2026-10-07
SSPC,1.9,6.89,26212094,13698671,180.6,119.64,1.5,4.4,0.6,중립,팽이도지,잔구간,0.67,0.1,2026-10-07
SPCU,1.9,16.27,2367943,1261421,38.53,18.66,2.1,-5.3,0.1,중립,팽이도지,잔구간,0.37,-0.08,2026-10-07
NAD,1.9,9.93,4043652,2087692,40.15,27.38,1.5,-1.1,-1.2,매도주의,장대음봉,잔구간,0.35,-1.09,2026-10-07
HGTY,1.9,13.93,766651,409806,10.68,5.57,1.9,0.0,0.7,매수관심,양봉,완만한상승,0.8,1.96,2026-10-07
SD,1.9,13.72,540842,282773,7.42,4.13,1.8,0.9,-1.2,중립,음봉,잔구간,0.19,-0.535,2026-10-07
GOTU,1.9,2.81,960274,511546,2.7,1.46,1.9,-0.4,9.3,강한매수,장대양봉,전고점돌파,0.93,4.02,2026-10-07
GROY,1.9,2.88,2007007,1075872,5.78,3.73,1.5,-2.4,-0.7,매도주의,음봉,전저점이탈,0.43,-1.53,2026-10-07
DOLE,1.9,12.8,1458939,773145,18.67,9.85,1.9,0.6,0.1,중립,팽이도지,잔구간,0.61,0.065,2026-10-07
LILAK,1.9,8.85,2267941,1191316,20.07,11.62,1.7,-0.6,0.5,중립,위꼬리양봉,잔구간,0.22,-0.67,2026-10-07
TTI,1.9,6.12,4309990,2233615,26.38,11.65,2.3,-0.3,0.0,중립,팽이도지,잔구간,0.66,0.095,2026-10-07
SHOE,1.9,12.76,1779299,956205,22.7,12.93,1.8,0.0,-2.1,매도주의,장대음봉,잔구간,0.15,-1.21,2026-10-07
SNDG,1.9,9.73,7691978,4106709,74.84,51.46,1.5,-4.9,8.8,강한매수,장대양봉,완만한상승,0.64,3.07,2026-10-07
KVYO,1.9,17.41,8760282,4512662,152.52,92.24,1.7,0.4,4.4,강한매수,장대양봉,전고점돌파,0.78,3.84,2026-10-07
FG,1.9,19.89,1233737,665779,24.54,14.1,1.7,-1.3,-2.7,매도주의,음봉,전저점이탈,0.45,-1.51,2026-10-07
NVAX,1.9,11.22,8381208,4318462,94.04,94.6,1.0,-2.7,1.9,중립,위꼬리양봉,잔구간,0.38,-0.57,2026-10-07
BETR,1.9,9.92,1176599,633584,11.67,8.76,1.3,-5.0,-6.9,매도주의,장대음봉,잔구간,0.26,-1.145,2026-10-07
UPXI,1.9,1.08,3956533,2090597,4.27,3.94,1.1,-5.3,0.0,매도주의,팽이도지,전저점이탈,0.43,-0.83,2026-10-07
FTMH,1.9,10.76,1942477,1001868,20.9,10.64,2.0,-0.6,0.1,중립,팽이도지,전저점부근,0.5,0.75,2026-10-07
FSCO,1.9,4.91,2188015,1163673,10.74,5.77,1.9,-0.6,-2.0,강한매도,장대음봉,전저점이탈,0.08,-3.25,2026-10-07
RDWU,1.9,5.42,1306036,704314,7.08,4.17,1.7,-4.5,-2.5,강한매수,망치형,전저점부근,0.7,2.99,2026-10-07
ZSQR,1.9,4.57,865596,463580,3.96,2.12,1.9,-2.1,7.0,중립,위꼬리양봉,완만한상승,0.25,-0.4,2026-10-07
AEHG,1.8,6.98,2452632,1355772,17.12,13.61,1.3,-4.8,-1.3,매도주의,팽이도지,전저점이탈,0.42,-0.85,2026-10-07
ADUR,1.8,11.145,471881,265756,5.26,3.06,1.7,-1.3,-4.3,강한매도,장대음봉,전저점이탈,0.25,-3.05,2026-10-07
WBTN,1.8,9.8,563109,315639,5.52,4.49,1.2,-0.9,-3.1,강한매도,장대음봉,전저점이탈,0.12,-3.21,2026-10-07
UUUU,1.8,10.26,13456124,7386045,138.06,77.74,1.8,-3.6,-5.4,강한매도,장대음봉,전저점이탈,0.04,-3.3,2026-10-07
NHS,1.8,5.39,512508,280018,2.76,1.6,1.7,-0.1,-0.7,중립,음봉,잔구간,0.42,-0.4,2026-10-07
RPD,1.8,12.49,2459542,1374181,30.72,16.29,1.9,-2.0,3.9,매수관심,양봉,완만한상승,0.77,1.92,2026-10-07
EVMN,1.8,6.22,2112492,1186265,13.14,7.81,1.7,-1.5,-4.5,매도주의,장대음봉,잔구간,0.19,-1.185,2026-10-07
FSSL,1.8,11.45,445477,253972,5.1,3.2,1.6,0.0,-2.1,매도주의,장대음봉,잔구간,0.0,-1.3,2026-10-07
NAN,1.8,9.6,374602,204398,3.6,2.02,1.8,-1.1,-0.5,중립,음봉,잔구간,0.28,-0.48,2026-10-07
MTA,1.8,8.65,529991,287835,4.58,2.66,1.7,-2.4,-3.1,강한매도,장대음봉,전저점이탈,0.22,-3.09,2026-10-07
NN,1.8,12.71,4681636,2605410,59.5,34.77,1.7,-1.0,-3.3,매도주의,음봉,전저점이탈,0.39,-1.58,2026-10-07
BRUN,1.8,13.75,3543222,1956045,48.72,33.06,1.5,-3.1,-6.5,강한매도,장대음봉,전저점이탈,0.05,-3.29,2026-10-07
RUN,1.8,7.61,13392375,7256720,101.92,61.27,1.7,-2.4,0.4,매수관심,양봉스프링,잔구간,0.9,0.99,2026-10-07
VREX,1.8,18.44,601121,335902,11.08,8.23,1.3,-0.1,-0.2,중립,음봉,잔구간,0.31,-0.465,2026-10-07
BSCY,1.8,19.605,514216,278852,10.08,6.3,1.6,-0.5,0.5,강한매수,장대양봉,완만한상승,0.85,3.32,2026-10-07
PGF,1.8,12.61,393369,218579,4.96,3.72,1.3,-0.2,-0.4,강한매도,장대음봉,전저점이탈,0.37,-2.91,2026-10-07
AVR,1.8,6.82,2454136,1333134,16.74,9.08,1.8,-3.1,-0.1,강한매도,위꼬리음봉,전저점이탈,0.19,-2.62,2026-10-07
WULX,1.7,11.9,743678,448409,8.85,6.08,1.5,-7.1,-0.8,매수관심,팽이도지,전저점부근,0.55,0.81,2026-10-07
FTCA,1.7,6.79,2052935,1216378,13.94,17.65,0.8,-0.6,-0.1,중립,팽이도지,수횡파,0.33,0.4,2026-10-07
AVAH,1.7,12.31,4606082,2790696,56.7,39.49,1.4,0.2,0.6,매수관심,팽이도지,완만한상승,0.43,0.82,2026-10-07
NOMD,1.7,11.0,1768386,1069806,19.45,15.12,1.3,1.3,-1.0,중립,음봉,완만한상승,0.39,0.07,2026-10-07
UMH,1.7,15.03,943884,540856,14.19,9.04,1.6,0.0,-2.5,강한매도,장대음봉,전저점이탈,0.02,-3.33,2026-10-07
UROY,1.7,4.19,5165787,3124090,21.64,11.37,1.9,-2.4,1.2,중립,양봉,잔구간,0.77,0.51,2026-10-07
EIKN,1.7,7.54,920164,535555,6.94,4.15,1.7,-2.5,3.0,강한매수,양봉,완만한상승,0.83,2.0,2026-10-07
BBNX,1.7,18.08,1531154,882710,27.68,21.1,1.3,1.5,-4.4,강한매도,장대음봉,전저점이탈,0.12,-3.21,2026-10-07
LOMA,1.7,9.52,1094592,640667,10.42,4.8,2.2,-0.9,-0.8,중립,음봉,잔구간,0.38,-0.42,2026-10-07
PMI,1.7,9.37,792505,458104,7.43,2.07,3.6,-0.5,7.7,강한매수,양봉,전고점돌파,0.68,2.42,2026-10-07
PLTZ,1.7,7.37,3733192,2139418,27.51,21.84,1.3,-0.5,-1.5,중립,음봉,잔구간,0.12,-0.58,2026-10-07
BNC,1.7,5.55,1247948,720799,6.93,4.93,1.4,-3.2,-1.9,중립,음봉,전저점부근,0.3,-0.19,2026-10-07
PSIG,1.7,4.69,1204960,729910,5.65,6.74,0.8,-1.3,2.0,강한매수,장대양봉,완만한상승,0.72,3.16,2026-10-07
BSBR,1.7,5.88,4628161,2771378,27.21,25.55,1.1,-1.5,-0.2,중립,팽이도지,잔구간,0.3,-0.12,2026-10-07
GSBD,1.7,8.81,1377496,833950,12.14,7.6,1.6,-0.6,-1.9,매도주의,음봉,전저점이탈,0.34,-1.64,2026-10-07
OXLC,1.7,8.46,1712314,1028092,14.49,10.6,1.4,-1.4,-1.2,매도주의,음봉,전저점이탈,0.16,-1.86,2026-10-07
SPCQ,1.7,8.26,3021366,1800208,24.96,20.78,1.2,4.5,0.0,중립,팽이도지,잔구간,0.57,0.04,2026-10-07
HOPE,1.7,13.34,1640801,989295,21.89,12.7,1.7,-1.1,0.1,매수관심,양봉스프링,잔구간,0.82,0.94,2026-10-07
HBNC,1.7,19.28,1195636,710994,23.05,13.41,1.7,-1.0,0.8,중립,양봉,잔구간,0.63,0.43,2026-10-07
HSLV,1.7,4.8,1045821,601867,5.02,3.87,1.3,-2.7,-4.8,강한매도,장대음봉,전저점이탈,0.13,-3.19,2026-10-07
XPRO,1.7,15.55,1460593,868935,22.71,12.88,1.8,1.7,-5.8,매도주의,장대음봉,잔구간,0.21,-1.175,2026-10-07
VSTM,1.7,8.265,3928558,2365509,32.47,16.46,2.0,0.3,6.4,강한매수,장대양봉,완만한상승,0.87,3.34,2026-10-07
MFM,1.7,4.84,1331585,761597,6.44,3.96,1.6,-0.2,-1.8,매도주의,장대음봉,잔구간,0.1,-1.24,2026-10-07
MSTY,1.6,15.83,3851247,2411284,60.97,47.06,1.3,-3.2,-2.5,매도주의,장대음봉,잔구간,0.14,-1.215,2026-10-07
MNKD,1.6,3.45,6010062,3840524,20.73,20.26,1.0,-1.1,-6.0,매도주의,장대음봉,잔구간,0.21,-1.175,2026-10-07
MRLN,1.6,1.41,3788345,2372930,5.34,5.83,0.9,-2.6,-7.2,강한매도,장대음봉,전저점이탈,0.15,-3.17,2026-10-07
AMPL,1.6,14.76,2967020,1821183,43.79,24.65,1.8,-1.3,1.1,중립,위꼬리양봉,잔구간,0.26,-0.645,2026-10-07
AFB,1.6,9.31,305831,188844,2.85,2.09,1.4,-1.0,-1.5,매도주의,장대음봉,잔구간,0.13,-1.22,2026-10-07
XRPZ,1.6,15.4,1096130,695195,16.88,13.12,1.3,-4.2,-1.5,강한매도,장대음봉,전저점이탈,0.17,-3.15,2026-10-07
YSS,1.6,7.38,2729115,1709598,20.14,17.68,1.1,-2.1,-6.1,강한매도,장대음봉,전저점이탈,0.27,-3.03,2026-10-07
CDE,1.6,16.5,48110654,29235475,793.83,645.71,1.2,-3.9,0.0,중립,팽이도지,전저점이탈,0.63,-0.59,2026-10-07
SMU,1.6,14.94,640998,401534,9.58,6.13,1.6,-5.4,-3.4,중립,음봉,전저점부근,0.65,0.23,2026-10-07
CNH,1.6,12.46,21136291,13322369,263.36,185.23,1.4,-0.5,-5.6,매도주의,장대음봉,잔구간,0.2,-1.18,2026-10-07
SNDQ,1.6,11.22,27426470,17284610,307.73,256.25,1.2,5.1,-8.2,매도주의,장대음봉,잔구간,0.37,-1.08,2026-10-07
CIFU,1.6,7.32,1776000,1108534,13.0,9.92,1.3,-6.8,-5.7,매도주의,음봉,전저점이탈,0.08,-1.95,2026-10-07
SPPP,1.6,12.74,522038,331570,6.65,4.86,1.4,-4.9,0.6,중립,양봉,전저점이탈,0.52,-0.03,2026-10-07
CRBP,1.6,5.49,1242049,789835,6.82,5.09,1.3,-1.0,-4.0,강한매도,장대음봉,전저점이탈,0.06,-3.28,2026-10-07
CRDL,1.6,1.32,3752479,2397073,4.95,2.85,1.7,0.0,0.8,중립,팽이도지,잔구간,0.41,-0.055,2026-10-07
RCKT,1.6,2.535,2808725,1804458,7.12,6.09,1.2,-1.2,3.5,매수관심,양봉,수횡파,0.52,1.32,2026-10-07
WHWK,1.6,3.41,435719,277370,1.49,1.05,1.4,-1.7,-3.9,매도주의,음봉,전저점이탈,0.24,-1.76,2026-10-07
FSOL,1.6,13.645,592102,377971,8.08,6.18,1.3,-3.8,-0.5,매도주의,음봉,전저점이탈,0.21,-1.8,2026-10-07
FSMB,1.6,19.45,674200,421676,13.11,8.0,1.6,-0.2,-0.1,중립,팽이도지,잔구간,0.42,-0.05,2026-10-07
LCID,1.6,3.89,12870697,7998933,50.07,35.7,1.4,-1.7,-4.9,매도주의,장대음봉,잔구간,0.3,-1.12,2026-10-07
FWDI,1.6,7.39,3322736,2018192,24.56,17.27,1.4,-4.9,-4.5,강한매도,장대음봉,전저점이탈,0.39,-2.88,2026-10-07
DHC,1.6,7.52,3003933,1887987,22.59,15.61,1.4,-0.4,-0.4,매도주의,위꼬리음봉,잔구간,0.17,-0.95,2026-10-07
LABX,1.6,17.25,1766260,1132269,30.47,20.14,1.5,-6.5,3.1,매수관심,양봉스프링,잔구간,0.81,0.935,2026-10-07
EVH,1.6,4.14,2802978,1734223,11.6,7.47,1.6,-1.3,9.2,강한매수,장대양봉,전고점돌파,0.91,3.99,2026-10-07
EBS,1.6,7.07,1235035,785906,8.73,7.13,1.2,1.4,0.3,중립,팽이도지,잔구간,0.45,-0.03,2026-10-07
UNHG,1.6,17.85,713361,459850,12.73,9.05,1.4,-0.4,0.2,중립,팽이도지,잔구간,0.31,-0.115,2026-10-07
NTLA,1.6,11.71,8298219,5167903,97.17,62.51,1.6,-2.3,-3.1,중립,음봉,잔구간,0.01,-0.645,2026-10-07
NCDL,1.6,10.69,423358,262993,4.53,2.92,1.5,-1.0,-0.9,매도주의,음봉,전저점이탈,0.6,-1.33,2026-10-07
ADNT,1.6,17.55,1390246,882357,24.4,17.37,1.4,-0.7,1.0,매수관심,양봉,완만한상승,0.73,1.88,2026-10-07
WFCpZ,1.6,16.75,539913,346421,9.04,7.74,1.2,-0.5,0.2,중립,양봉,잔구간,1.0,0.65,2026-10-07
RGTX,1.6,8.0,2055594,1303274,16.44,12.5,1.3,-5.7,-2.2,매도주의,음봉,전저점이탈,0.35,-1.63,2026-10-07
INFQ,1.5,11.64,8555794,5535546,99.59,94.76,1.1,-2.5,-4.8,강한매도,장대음봉,전저점이탈,0.14,-3.18,2026-10-07
XE,1.5,14.39,7092758,4752644,102.06,88.37,1.2,-4.3,-2.7,중립,음봉,잔구간,0.36,-0.435,2026-10-07
MYI,1.5,9.47,1321168,888319,12.51,10.53,1.2,-0.8,-0.9,중립,음봉,잔구간,0.28,-0.48,2026-10-07
MSTW,1.5,4.83,1569713,1067793,7.58,6.16,1.2,-5.1,-3.2,강한매도,장대음봉,전저점이탈,0.16,-3.16,2026-10-07
MIR,1.5,16.45,5766658,3804896,94.86,58.13,1.6,-0.9,2.0,중립,양봉,전고점부근,0.68,0.47,2026-10-07
SHLS,1.5,8.39,5840829,3894418,49.0,29.41,1.7,-1.1,-0.1,중립,망치형,잔구간,0.72,0.63,2026-10-07
BV,1.5,10.4,1457679,973303,15.16,10.34,1.5,-0.7,-0.2,중립,팽이도지,잔구간,0.31,-0.115,2026-10-07
CD,1.5,10.15,312617,209716,3.17,1.29,2.5,-2.8,25.5,강한매수,장대양봉,전고점돌파,0.94,4.03,2026-10-07
HLF,1.5,12.65,1535041,1048068,19.42,14.83,1.3,0.0,0.6,중립,위꼬리양봉,완만한상승,0.33,-0.3,2026-10-07
JBS,1.5,12.24,9243456,6018447,113.14,69.66,1.6,2.5,-0.6,매도주의,음봉,전고점부근,0.27,-1.43,2026-10-07
HLMN,1.5,6.94,1949432,1314787,13.53,9.98,1.4,-0.9,-0.6,중립,망치형,잔구간,0.72,0.63,2026-10-07
SNXX,1.5,15.74,54293513,36805649,854.58,738.48,1.2,-5.2,9.3,강한매수,장대양봉,완만한상승,0.64,3.07,2026-10-07
PHAT,1.5,6.81,1630667,1082255,11.1,9.18,1.2,1.3,-0.9,중립,팽이도지,잔구간,0.49,-0.005,2026-10-07
PEB,1.5,18.71,3313562,2226834,62.0,43.64,1.4,-0.7,-0.7,매도주의,위꼬리음봉,잔구간,0.21,-0.925,2026-10-07
CODI,1.5,10.96,978754,666223,10.73,6.6,1.6,-1.5,0.9,중립,양봉,잔구간,0.72,0.48,2026-10-07
SMCX,1.5,16.28,4501823,2964605,73.29,58.89,1.2,-4.3,11.5,강한매수,장대양봉,전고점돌파,0.75,3.8,2026-10-07
VIR,1.5,11.52,3561898,2378231,41.03,22.42,1.8,-2.4,1.8,중립,양봉,잔구간,0.45,0.32,2026-10-07
VOXR,1.5,5.01,707105,468478,3.54,2.31,1.5,-2.7,0.4,매수관심,양봉스프링,잔구간,0.81,0.935,2026-10-07
AMPX,1.5,9.33,8017115,5523140,74.8,61.06,1.2,-1.9,0.4,강한매수,양봉스프링,전저점부근,0.96,3.8,2026-10-07
STGW,1.5,8.65,2161758,1450903,18.7,11.14,1.7,-1.1,2.9,매수관심,장대양봉,잔구간,0.96,1.275,2026-10-07
HUYA,1.5,2.29,862969,576838,1.98,1.65,1.2,-0.9,0.9,매수관심,양봉,완만한상승,0.64,1.77,2026-10-07
PD,1.5,15.37,2347355,1554706,36.08,26.65,1.4,0.4,-0.8,중립,음봉,잔구간,0.17,-0.55,2026-10-07
CALY,1.5,13.91,2677999,1811423,37.25,28.47,1.3,-0.6,-2.0,강한매도,장대음봉,전저점이탈,0.18,-3.13,2026-10-07
HUCK,1.5,3.11,1014588,657802,3.16,3.04,1.0,-1.9,1.6,중립,양봉,잔구간,0.94,0.615,2026-10-07
OGG,1.5,2.76,2903984,1891496,8.01,5.52,1.5,-0.7,-0.7,중립,망치형,잔구간,0.71,0.625,2026-10-07
BLOX,1.5,13.25,466735,315123,6.18,4.5,1.4,-1.6,-2.1,강한매도,장대음봉,전저점이탈,0.15,-3.17,2026-10-07
GDXY,1.5,9.81,974229,658667,9.56,7.4,1.3,-2.3,0.1,중립,팽이도지,전저점이탈,0.63,-0.59,2026-10-07
BBD,1.5,4.34,65760851,45056749,285.4,186.33,1.5,-0.2,-3.6,매도주의,장대음봉,잔구간,0.06,-1.265,2026-10-07
JANX,1.5,17.92,1210337,788879,21.69,12.96,1.7,-1.6,8.5,강한매수,장대양봉,전고점돌파,0.77,3.82,2026-10-07
RXRX,1.5,4.27,40730497,27174948,173.92,127.22,1.4,-2.7,-5.2,매도주의,장대음봉,잔구간,0.11,-1.235,2026-10-07
BKKT,1.5,7.27,1554196,1062340,11.3,9.29,1.2,-3.0,2.0,중립,양봉,전저점이탈,0.97,0.51,2026-10-07
IVVD,1.5,0.729,9468296,6294428,6.9,7.84,0.9,-0.3,-9.3,강한매도,장대음봉,전저점이탈,0.04,-3.3,2026-10-07
PRCH,1.5,17.31,2031014,1363672,35.16,27.87,1.3,-1.0,1.9,강한매수,장대양봉,완만한상승,0.86,3.33,2026-10-07
BMNZ,1.5,4.84,5152116,3387212,24.94,16.79,1.5,10.4,1.3,매수관심,팽이도지,전고점돌파,0.59,1.61,2026-10-07
GLUE,1.5,10.17,2081663,1401070,21.17,14.71,1.4,-0.3,3.4,중립,양봉,잔구간,0.46,0.325,2026-10-07
FTNY,1.5,7.27,625683,416008,4.55,2.75,1.7,-0.3,-0.5,중립,음봉,잔구간,0.55,-0.32,2026-10-07
LPL,1.5,2.95,2836318,1895258,8.37,7.73,1.1,-3.2,-1.3,중립,음봉,잔구간,0.56,-0.315,2026-10-07
OCFC,1.5,16.46,1654334,1109614,27.23,18.3,1.5,-0.9,-0.8,중립,음봉,잔구간,0.08,-0.6,2026-10-07
TRIN,1.5,17.08,1251628,836355,21.38,13.2,1.6,-0.6,-1.2,매도주의,음봉,전저점이탈,0.42,-1.55,2026-10-07
NWG,1.5,17.25,7096936,4814808,122.42,75.79,1.6,-3.4,1.1,매수관심,장대양봉,잔구간,0.73,1.14,2026-10-07
MUZ,1.5,6.5,17245341,11776226,112.09,77.96,1.4,5.8,-12.9,매도주의,장대음봉,잔구간,0.02,-1.29,2026-10-07
MOS,1.5,19.97,11805163,7834898,235.75,176.17,1.3,0.0,-4.7,강한매도,장대음봉,전저점이탈,0.09,-3.24,2026-10-07
NEXA,1.5,12.6,683986,442136,8.62,5.95,1.4,1.2,0.0,매수관심,팽이도지,완만한상승,0.65,1.08,2026-10-07
FLO,1.5,5.84,10702642,7148593,62.5,42.37,1.5,0.5,1.2,중립,위꼬리양봉,전고점돌파,0.25,0.2,2026-10-07
QCML,1.5,16.79,674939,448828,11.33,9.51,1.2,-2.3,-2.1,매도주의,음봉,전저점이탈,0.37,-1.61,2026-10-07
USGG,1.5,3.53,792362,526135,2.8,2.16,1.3,-6.1,-1.9,매도주의,음봉,전저점이탈,0.58,-1.35,2026-10-07
NMZ,1.5,8.96,2762501,1814182,24.75,15.86,1.6,-1.7,1.9,매수관심,양봉,완만한상승,0.81,1.97,2026-10-07
EYE,1.5,16.82,2514186,1667697,42.29,29.72,1.4,-0.9,1.4,매수관심,양봉,완만한상승,0.48,1.58,2026-10-07
AAPD,1.5,10.19,8281761,5665807,84.39,57.42,1.5,-0.9,0.0,중립,팽이도지,잔구간,0.33,-0.1,2026-10-07
ACHR,1.5,4.67,33129778,21817395,154.72,116.63,1.3,-1.9,2.4,중립,양봉,잔구간,0.75,0.5,2026-10-07
AREC,1.5,1.63,2016765,1319712,3.29,2.56,1.3,-0.6,-3.6,강한매도,장대음봉,전저점이탈,0.25,-3.05,2026-10-07
MRVI,1.4,7.43,4272662,3118328,31.75,19.87,1.6,-2.5,-2.9,중립,음봉,잔구간,0.41,-0.405,2026-10-07
PFXF,1.4,17.69,1142996,841296,20.22,15.48,1.3,-0.8,0.5,매수관심,장대양봉,잔구간,0.72,1.13,2026-10-07
BTE,1.4,4.58,25114049,17823150,115.02,86.08,1.3,0.4,-2.8,매도주의,장대음봉,잔구간,0.14,-1.215,2026-10-07
CSQR,1.4,17.65,2039134,1473533,35.99,24.32,1.5,-0.6,-1.6,중립,음봉,잔구간,0.28,-0.48,2026-10-07
SNK,1.4,11.32,3254257,2340465,36.84,30.49,1.2,4.3,0.6,중립,팽이도지,잔구간,0.66,0.095,2026-10-07
HAPN,1.4,15.16,2100590,1475818,31.84,27.35,1.2,-0.6,-0.7,중립,망치형,잔구간,0.69,0.615,2026-10-07
PSEC,1.4,1.84,10099519,7422994,18.58,14.57,1.3,-0.5,1.1,매수관심,양봉스프링,잔구간,0.86,0.965,2026-10-07
SFD,1.4,18.5,2347142,1686358,43.42,33.85,1.3,0.9,-2.4,매도주의,장대음봉,전저점부근,0.13,-1.69,2026-10-07
CVM,1.4,2.13,662300,474784,1.41,0.76,1.9,0.0,-22.3,매도주의,장대음봉,잔구간,0.09,-1.245,2026-10-07
DRN,1.4,8.06,2379256,1652324,19.18,14.31,1.3,-0.5,-3.4,매도주의,장대음봉,잔구간,0.03,-1.28,2026-10-07
POET,1.4,7.415,10260414,7566921,76.08,56.49,1.3,-2.2,-1.7,중립,음봉,잔구간,0.49,-0.355,2026-10-07
OSPN,1.4,17.7,590168,427854,10.45,8.77,1.2,-0.2,-3.5,매도주의,장대음봉,잔구간,0.08,-1.25,2026-10-07
JBLU,1.4,3.97,22136353,15578696,87.88,72.43,1.2,-2.0,0.5,중립,팽이도지,전저점이탈,0.5,-0.75,2026-10-07
CYRX,1.4,17.35,1365531,988103,23.69,14.4,1.6,-2.5,-0.1,중립,팽이도지,잔구간,0.53,0.02,2026-10-07
KBDC,1.4,12.4,469485,347341,5.82,5.29,1.1,-0.4,-1.3,강한매도,장대음봉,전저점이탈,0.1,-3.23,2026-10-07
CEGX,1.4,15.79,365820,258429,5.78,3.27,1.8,-7.1,7.2,매수관심,장대양봉,잔구간,0.99,1.295,2026-10-07
SKYQ,1.4,2.45,569154,413228,1.39,9.82,0.1,0.0,-3.9,중립,음봉,잔구간,0.17,-0.55,2026-10-07
HMY,1.4,16.49,4612526,3245915,76.06,57.24,1.3,-6.2,1.5,중립,양봉,전저점이탈,0.71,0.2,2026-10-07
IGR,1.4,11.09,667017,466221,7.4,4.78,1.5,0.0,-3.3,강한매도,장대음봉,전저점이탈,0.0,-3.35,2026-10-07
SPT,1.4,10.56,978167,721357,10.33,7.69,1.3,-0.5,4.8,매수관심,장대양봉,전고점부근,0.8,1.91,2026-10-07
CIFG,1.4,3.01,2790595,1935368,8.4,5.73,1.5,-6.3,-6.2,강한매도,장대음봉,전저점이탈,0.15,-3.17,2026-10-07
CDXS,1.4,1.41,958204,679332,1.35,0.95,1.4,-2.2,6.0,강한매수,장대양봉,완만한상승,0.7,3.14,2026-10-07
SMCY,1.4,5.69,1035872,765024,5.89,4.97,1.2,-1.3,3.8,강한매수,장대양봉,전고점돌파,0.79,3.85,2026-10-07
PACK,1.4,3.92,659318,487194,2.58,2.13,1.2,-1.8,0.5,매수관심,팽이도지,전저점부근,0.73,1.03,2026-10-07
IRE,1.4,8.08,11885442,8205005,96.03,71.49,1.3,-5.3,-7.8,강한매도,장대음봉,전저점이탈,0.17,-3.15,2026-10-07
ZGN,1.4,12.19,1138343,835257,13.88,11.36,1.2,-1.4,-1.1,매도주의,음봉,전저점이탈,0.31,-1.68,2026-10-07
SY,1.4,2.55,416325,297020,1.06,0.88,1.2,0.8,-1.5,중립,망치형,잔구간,0.71,0.625,2026-10-07
INFY,1.4,10.55,28397554,19852514,299.59,208.0,1.4,-1.3,1.3,매수관심,양봉,완만한상승,0.65,1.78,2026-10-07
ADCT,1.4,1.42,1750770,1216277,2.49,1.57,1.6,-1.6,13.6,강한매수,장대양봉,전고점돌파,0.9,3.98,2026-10-07
VIXY,1.4,16.19,2263928,1578902,36.65,29.96,1.2,2.4,-1.8,매도주의,장대음봉,잔구간,0.08,-1.25,2026-10-07
RCAT,1.4,6.15,7883238,5531965,48.48,43.92,1.1,-2.7,-0.3,중립,망치형,전저점이탈,0.71,0.5,2026-10-07
VMD,1.4,9.37,366625,257251,3.44,2.38,1.4,-0.1,0.5,중립,위꼬리양봉,완만한상승,0.24,-0.41,2026-10-07
VUZI,1.4,2.69,1354761,993127,3.64,3.23,1.1,-0.7,-7.6,매도주의,장대음봉,잔구간,0.04,-1.275,2026-10-07
NAT,1.4,8.21,6454865,4753198,52.99,39.87,1.3,1.0,-1.1,중립,음봉,잔구간,0.11,-0.585,2026-10-07
OPRA,1.4,17.09,357553,263672,6.11,4.68,1.3,-0.6,-0.5,중립,망치형,전저점이탈,0.67,0.45,2026-10-07
ORBS,1.4,1.04,16823611,12421723,17.5,16.27,1.1,-4.7,3.0,중립,양봉,잔구간,1.0,0.65,2026-10-07
NAK,1.4,1.19,4751339,3374790,5.65,5.42,1.0,-1.5,-7.0,강한매도,장대음봉,전저점이탈,0.17,-3.15,2026-10-07
VYX,1.4,6.71,3809031,2632044,25.56,18.61,1.4,-0.4,0.1,중립,팽이도지,수횡파,0.44,0.53,2026-10-07
WSE,1.4,11.81,2263817,1609530,26.74,20.14,1.3,-1.2,1.6,매수관심,장대양봉,전고점부근,0.71,1.8,2026-10-07
ABEV,1.4,3.15,28375436,20785024,89.38,63.86,1.4,-1.9,-0.3,중립,팽이도지,잔구간,0.33,-0.1,2026-10-07
WDI,1.4,11.69,537505,397495,6.28,4.74,1.3,-0.6,0.0,매수관심,양봉스프링,잔구간,0.89,0.985,2026-10-07
DSL,1.4,9.8,1116796,811279,10.94,9.06,1.2,-0.5,-0.5,매도주의,음봉,전저점이탈,0.26,-1.74,2026-10-07
NFXL,1.4,13.82,2259067,1615603,31.22,19.06,1.6,0.4,2.3,강한매수,양봉,완만한상승,0.92,2.1,2026-10-07
EIM,1.4,8.7,342343,238903,2.98,2.87,1.0,-0.6,-1.0,매도주의,장대음봉,잔구간,0.4,-1.06,2026-10-07
EDD,1.4,5.21,559553,405839,2.92,2.2,1.3,-0.6,-1.7,매도주의,장대음봉,잔구간,0.31,-1.115,2026-10-07
AXTL,1.4,3.49,1454126,1067664,5.07,3.68,1.4,-10.3,-0.3,매도주의,위꼬리음봉,잔구간,0.2,-0.93,2026-10-07
AZ,1.4,5.91,657758,469688,3.89,2.28,1.7,-1.7,0.7,중립,팽이도지,잔구간,0.46,-0.025,2026-10-07
AKBA,1.4,0.873,9163926,6641814,8.0,5.08,1.6,-1.7,1.2,매수관심,양봉,수횡파,0.42,1.2,2026-10-07
MAMA,1.4,12.86,869726,633412,11.18,8.33,1.3,-0.7,1.7,강한매수,장대양봉,수횡파,0.81,3.97,2026-10-07
ASLE,1.4,4.84,680291,486935,3.29,2.44,1.3,-1.4,-1.2,중립,망치형,전저점이탈,0.68,0.47,2026-10-07
BHC,1.4,6.15,2005385,1465546,12.33,10.8,1.1,0.3,1.8,강한매수,양봉,전고점돌파,0.42,2.1,2026-10-07
AVAT,1.4,1.66,1293599,941751,2.15,2.82,0.8,-8.2,-12.6,매도주의,장대음봉,잔구간,0.02,-1.29,2026-10-07
DX,1.4,10.57,11014203,8071014,116.42,93.86,1.2,-1.2,-1.4,매도주의,음봉,전저점이탈,0.37,-1.61,2026-10-07
NRGV,1.4,3.66,3896475,2826708,14.26,13.64,1.0,-3.4,-2.4,매도주의,음봉,전저점이탈,0.45,-1.51,2026-10-07
NPKI,1.4,11.41,1026288,748570,11.71,9.78,1.2,-1.2,-3.9,매도주의,장대음봉,잔구간,0.19,-1.185,2026-10-07
BBWI,1.4,17.81,8278824,5762000,147.45,120.05,1.2,0.4,-1.1,매도주의,위꼬리음봉,잔구간,0.16,-0.955,2026-10-07
DNA,1.4,11.47,6457543,4699359,74.07,56.03,1.3,-4.9,-2.8,중립,음봉,잔구간,0.58,-0.3,2026-10-07
BRCB,1.4,7.2,329394,228198,2.37,1.62,1.5,-1.2,-1.4,중립,음봉,수횡파,0.27,-0.38,2026-10-07
TRTX,1.4,5.96,1722439,1264944,10.27,8.78,1.2,-0.8,-0.7,중립,팽이도지,전저점이탈,0.53,-0.71,2026-10-07
TIMB,1.4,19.02,816590,573983,15.53,12.23,1.3,1.3,-1.1,중립,음봉,완만한상승,0.15,-0.22,2026-10-07
LAC,1.4,2.41,9465439,6919857,22.81,20.27,1.1,-2.0,-3.2,강한매도,장대음봉,전저점이탈,0.17,-3.15,2026-10-07
DAMD,1.4,7.95,4990543,3470007,39.67,39.08,1.0,4.4,-3.4,매도주의,장대음봉,잔구간,0.14,-1.215,2026-10-07
RYN,1.4,17.99,5223762,3861594,93.98,77.55,1.2,-0.2,-0.3,중립,팽이도지,잔구간,0.39,-0.065,2026-10-07
JBGS,1.4,10.81,1412959,995586,15.27,10.8,1.4,-0.2,-0.3,중립,팽이도지,잔구간,0.26,-0.145,2026-10-07
RXST,1.4,4.8,842152,619917,4.04,3.65,1.1,-0.9,4.1,매수관심,양봉,완만한상승,0.56,1.67,2026-10-07
BITI,1.4,17.66,1914192,1332241,33.8,23.77,1.4,2.8,-0.1,중립,팽이도지,완만한상승,0.26,0.61,2026-10-07
BLDP,1.4,2.0,2884120,2115913,5.77,4.46,1.3,-0.5,-2.4,중립,음봉,잔구간,0.44,-0.385,2026-10-07
PSNY,1.4,5.58,325021,227593,1.81,1.47,1.2,-0.7,-5.3,강한매도,장대음봉,전저점이탈,0.27,-3.03,2026-10-07
TH,1.4,18.26,2784553,1984364,50.85,51.15,1.0,-1.9,0.4,중립,팽이도지,전저점이탈,0.63,-0.59,2026-10-07
DUOT,1.4,8.56,840736,588336,7.2,4.99,1.4,-2.0,-5.4,강한매도,장대음봉,전저점이탈,0.05,-3.29,2026-10-07
ESRT,1.4,4.47,6811514,4854245,30.45,18.77,1.6,-0.9,1.8,중립,양봉,전고점부근,0.56,0.32,2026-10-07
TSLZ,1.4,10.73,2196256,1599088,23.57,26.47,0.9,1.1,0.6,중립,팽이도지,잔구간,0.6,0.06,2026-10-07
RGTZ,1.4,17.64,484174,335613,8.54,7.05,1.2,5.2,1.7,강한매수,양봉,전고점돌파,0.59,2.31,2026-10-07
NBIG,1.4,18.13,3489433,2539507,63.26,46.27,1.4,-5.9,-4.6,중립,음봉,잔구간,0.34,-0.445,2026-10-07
JAGX,1.4,5.0,1204959,838059,6.02,62.64,0.1,-6.8,-4.6,중립,음봉,잔구간,0.15,-0.56,2026-10-07
DFH,1.4,9.5,1464726,1019073,13.91,11.45,1.2,-2.5,0.0,매수관심,양봉스프링,전저점이탈,0.82,1.13,2026-10-07
BFLY,1.4,8.27,7543036,5386287,62.38,51.11,1.2,-3.4,-1.5,매도주의,음봉,전저점이탈,0.27,-1.73,2026-10-07
KTUP,1.4,3.94,769505,545040,3.03,2.5,1.2,-4.8,-3.4,중립,음봉,잔구간,0.56,-0.315,2026-10-07
MQY,1.3,9.79,1982724,1519058,19.41,14.24,1.4,-1.0,-0.5,중립,음봉,전저점부근,0.23,-0.27,2026-10-07
XHR,1.3,17.87,1046159,820313,18.69,15.85,1.2,-0.4,-0.6,중립,음봉,수횡파,0.15,-0.52,2026-10-07
EWZS,1.3,15.935,1386630,1052335,22.1,19.72,1.1,0.1,-0.2,중립,팽이도지,잔구간,0.28,-0.13,2026-10-07
FDD,1.3,18.58,302767,224535,5.63,3.2,1.8,-1.5,-0.4,강한매도,장대음봉,전저점이탈,0.3,-2.99,2026-10-07
MSTX,1.3,18.09,8764329,6849472,158.55,140.18,1.1,-8.3,-5.9,매도주의,장대음봉,전저점부근,0.12,-1.71,2026-10-07
AMPU,1.3,1.905,544034,417561,1.04,0.91,1.1,-3.6,0.8,강한매수,양봉스프링,전저점부근,1.0,3.85,2026-10-07
VIV,1.3,12.71,1340268,1030960,17.03,15.71,1.1,0.6,-0.1,매수관심,팽이도지,완만한상승,0.54,0.95,2026-10-07
XNDU,1.3,4.49,8091500,6390532,36.33,49.84,0.7,-4.0,-7.6,매도주의,장대음봉,잔구간,0.05,-1.27,2026-10-07
ACI,1.3,11.74,8576145,6537749,100.68,78.03,1.3,0.8,1.5,매수관심,양봉,완만한상승,0.51,1.61,2026-10-07
HPK,1.3,8.52,634537,494435,5.41,4.06,1.3,1.8,1.8,강한매수,양봉,전고점돌파,0.88,2.66,2026-10-07
CX,1.3,9.59,6589837,4963310,63.2,74.79,0.8,-1.2,-2.1,매도주의,장대음봉,잔구간,0.19,-1.185,2026-10-07
SMST,1.3,13.03,2014101,1501468,26.24,23.77,1.1,8.3,4.5,강한매수,장대양봉,완만한상승,0.84,3.31,2026-10-07
HIMX,1.3,14.09,1287778,979985,18.14,13.05,1.4,-1.8,-3.4,매도주의,장대음봉,잔구간,0.35,-1.09,2026-10-07
HYMC,1.3,17.96,2101446,1588447,37.74,36.1,1.0,-5.3,-0.6,중립,팽이도지,잔구간,0.26,-0.145,2026-10-07
MTRX,1.3,10.48,833763,633397,8.74,5.61,1.6,-1.0,-1.5,중립,망치형,잔구간,0.63,0.58,2026-10-07
IMRX,1.3,3.86,747682,581769,2.89,2.44,1.2,-1.3,2.1,중립,양봉,잔구간,0.69,0.465,2026-10-07
AMBP,1.3,4.4,1980056,1541669,8.71,6.19,1.4,-0.7,-0.2,중립,팽이도지,잔구간,0.36,-0.085,2026-10-07
ORGO,1.3,1.32,772027,576302,1.02,0.91,1.1,0.0,-1.5,매도주의,위꼬리음봉,잔구간,0.22,-0.92,2026-10-07
CHW,1.3,8.13,311792,237915,2.53,1.96,1.3,0.4,-0.9,매도주의,장대음봉,잔구간,0.36,-1.085,2026-10-07
TBLA,1.3,3.29,2814153,2244534,9.26,6.85,1.4,-0.3,2.2,중립,양봉,잔구간,0.62,0.42,2026-10-07
IREX,1.3,11.83,1849452,1423874,21.88,20.42,1.1,-5.0,-7.7,강한매도,장대음봉,전저점이탈,0.17,-3.15,2026-10-07
PCY,1.3,19.92,325016,247365,6.47,11.47,0.6,-0.9,0.6,매수관심,장대양봉,잔구간,0.87,1.22,2026-10-07
PDSB,1.3,1.065,5604561,4155877,5.97,14.2,0.4,0.5,1.4,매수관심,팽이도지,완만한상승,0.65,1.08,2026-10-07
PPLT,1.3,14.78,2960854,2333325,43.76,32.47,1.3,-5.1,0.7,중립,양봉,전저점이탈,0.55,0.01,2026-10-07
GRRR,1.3,11.76,637147,503541,7.49,6.81,1.1,-3.0,-0.4,중립,망치형,전저점이탈,0.74,0.54,2026-10-07
OKLL,1.3,9.33,3202621,2493464,29.88,25.33,1.2,-6.3,-3.1,중립,음봉,잔구간,0.59,-0.295,2026-10-07
GRAB,1.3,3.08,90241075,71952591,277.94,242.95,1.1,-1.0,1.3,매수관심,양봉,완만한상승,0.8,1.96,2026-10-07
OSS,1.3,7.95,1137162,863349,9.04,7.39,1.2,-3.0,-1.7,매도주의,음봉,전저점이탈,0.44,-1.52,2026-10-07
OSG,1.3,4.62,551173,432317,2.55,2.09,1.2,0.0,0.0,중립,위꼬리양봉,완만한상승,0.19,-0.47,2026-10-07
OPEN,1.3,2.27,35744037,28409772,81.14,71.2,1.1,-2.6,2.7,매수관심,양봉,완만한상승,0.82,1.98,2026-10-07
OIG,1.3,8.11,693084,524734,5.62,5.54,1.0,-0.9,-5.1,매도주의,음봉,전저점이탈,0.35,-1.63,2026-10-07
BW,1.3,5.64,6881059,5336346,38.81,34.1,1.1,-5.2,0.7,중립,팽이도지,잔구간,0.71,0.125,2026-10-07
JKS,1.3,8.9,750029,595202,6.68,6.96,1.0,-1.5,-0.6,강한매수,망치형,전저점부근,0.7,2.99,2026-10-07
BYND,1.3,7.66,1037760,827731,7.95,13.43,0.6,-0.5,-3.6,강한매도,장대음봉,전저점이탈,0.26,-3.04,2026-10-07
TETH,1.3,12.82,1675730,1255595,21.48,19.6,1.1,-5.0,0.4,매수관심,양봉스프링,전저점이탈,0.78,1.09,2026-10-07
ONDS,1.3,7.19,61851870,45839493,444.71,437.41,1.0,-1.9,-1.1,중립,망치형,잔구간,0.62,0.57,2026-10-07
SMR,1.3,7.67,38681918,29625617,296.69,252.34,1.2,-3.6,-0.8,중립,망치형,잔구간,0.65,0.59,2026-10-07
PFFA,1.3,19.45,1173546,889529,22.83,23.28,1.0,-0.4,-1.1,강한매도,장대음봉,전저점이탈,0.19,-3.12,2026-10-07
GOGO,1.3,2.22,1838422,1458441,4.08,3.59,1.1,-1.3,-2.2,중립,망치형,잔구간,0.69,0.615,2026-10-07
SKHL,1.3,10.05,2168397,1731253,21.79,21.97,1.0,-4.9,0.1,매도주의,팽이도지,전저점이탈,0.35,-0.93,2026-10-07
SKDD,1.3,7.4,4396624,3349902,32.54,24.23,1.3,4.8,-0.1,매수관심,팽이도지,완만한상승,0.63,1.06,2026-10-07
LABD,1.3,8.08,35315336,27077001,285.35,201.12,1.4,3.2,-1.8,매수관심,망치형,완만한상승,0.56,1.97,2026-10-07
TOYO,1.3,4.35,347690,264395,1.51,1.56,1.0,-0.7,-2.2,중립,음봉,잔구간,0.21,-0.525,2026-10-07
PTA,1.3,17.1,417596,310343,7.14,5.8,1.2,-0.6,0.2,매수관심,양봉스프링,잔구간,0.85,0.96,2026-10-07
TFSL,1.3,16.12,923434,726224,14.89,11.96,1.2,-1.0,-1.7,매도주의,장대음봉,잔구간,0.14,-1.215,2026-10-07
TNYA,1.3,0.533,3728075,2786412,1.99,2.0,1.0,-3.0,0.6,강한매도,위꼬리양봉,전저점이탈,0.14,-2.18,2026-10-07
DEC,1.3,14.03,734534,572249,10.31,8.96,1.1,0.7,-0.7,강한매도,위꼬리음봉,전고점부근,0.0,-3.55,2026-10-07
GGT,1.3,4.01,303164,225146,1.22,1.03,1.2,0.0,0.2,매수관심,양봉,완만한상승,0.67,1.8,2026-10-07
DGXX,1.3,3.34,3336372,2655462,11.14,11.03,1.0,-4.7,-3.5,매도주의,음봉,전저점이탈,0.14,-1.88,2026-10-07
SBET,1.3,8.95,7319468,5796096,65.51,61.27,1.1,-4.9,-0.9,매도주의,음봉,전저점이탈,0.43,-1.53,2026-10-07
DFDV,1.3,4.71,2674968,1991146,12.6,11.99,1.1,-3.1,-2.4,매도주의,음봉,전저점이탈,0.62,-1.31,2026-10-07
UAA,1.3,4.82,13492650,10631431,65.03,51.22,1.3,1.0,-2.2,매도주의,장대음봉,잔구간,0.31,-1.115,2026-10-07
JPMpM,1.3,15.68,411119,318232,6.45,6.58,1.0,-0.8,0.3,중립,팽이도지,잔구간,0.65,0.09,2026-10-07
PTRN,1.3,17.71,1792615,1410440,31.75,29.61,1.1,-1.8,1.2,매수관심,양봉스프링,잔구간,0.87,0.97,2026-10-07
SAN,1.3,13.66,10858058,8371195,148.32,129.39,1.1,-3.9,1.5,매수관심,장대양봉,잔구간,0.75,1.15,2026-10-07
EMD,1.3,9.22,345175,262422,3.18,2.63,1.2,-0.3,-0.6,중립,음봉,잔구간,0.36,-0.435,2026-10-07
BCAX,1.3,16.42,915595,730560,15.03,15.55,1.0,-0.7,-0.1,매도주의,위꼬리음봉,잔구간,0.2,-0.93,2026-10-07
BCSF,1.3,10.67,635949,501904,6.79,5.8,1.2,-0.6,-0.7,매도주의,음봉,전저점이탈,0.53,-1.41,2026-10-07
NVTX,1.3,14.77,711351,564962,10.51,8.36,1.3,-5.9,-4.9,매도주의,음봉,전저점이탈,0.37,-1.61,2026-10-07
TRX,1.3,1.13,2588577,2051541,2.93,2.94,1.0,-2.5,-2.6,매도주의,음봉,전저점이탈,0.2,-1.81,2026-10-07
GENI,1.3,6.34,10215361,7959033,64.77,55.2,1.2,0.0,1.9,매수관심,양봉,완만한상승,0.79,1.95,2026-10-07
BBAI,1.3,2.51,19384733,15234075,48.66,41.08,1.2,-1.2,-1.6,매도주의,음봉,전저점이탈,0.43,-1.53,2026-10-07
UVXY,1.3,16.19,7463956,5561296,120.84,115.92,1.0,3.0,-2.2,매도주의,장대음봉,잔구간,0.11,-1.235,2026-10-07
BHK,1.3,8.08,584610,466652,4.72,4.0,1.2,-1.0,0.2,중립,양봉,잔구간,0.83,0.55,2026-10-07
MARO,1.3,3.56,1132313,904850,4.03,3.41,1.2,-2.7,-2.7,매도주의,음봉,전저점이탈,0.3,-1.69,2026-10-07
EGY,1.3,5.79,1190267,938489,6.89,6.37,1.1,1.2,-1.0,중립,음봉,완만한상승,0.29,-0.05,2026-10-07
EAD,1.3,6.0,373271,283580,2.24,1.94,1.2,-0.5,0.0,중립,팽이도지,잔구간,0.62,0.07,2026-10-07
BHVN,1.3,11.88,2147172,1602862,25.51,26.53,1.0,-1.8,0.2,중립,위꼬리양봉,전저점부근,0.09,-0.74,2026-10-07
NMR,1.3,9.53,729615,576767,6.95,6.84,1.0,-2.0,-0.5,중립,음봉,전저점부근,0.66,0.24,2026-10-07
USAS,1.3,4.17,3667592,2786751,15.29,15.74,1.0,-4.7,-2.1,강한매도,장대음봉,전저점이탈,0.15,-3.17,2026-10-07
UPBD,1.3,15.62,1439345,1144711,22.48,18.3,1.2,-0.7,2.4,중립,양봉,잔구간,0.96,0.625,2026-10-07
NBIZ,1.3,19.74,2972302,2217700,58.67,55.43,1.1,6.2,3.4,매수관심,양봉,완만한상승,0.66,1.79,2026-10-07
NAVI,1.3,9.04,1682015,1253842,15.21,11.58,1.3,-0.8,2.0,매수관심,양봉,완만한상승,0.64,1.77,2026-10-07
ANGO,1.3,14.19,1012599,766354,14.37,10.63,1.4,-1.5,-0.1,매도주의,위꼬리음봉,전저점부근,0.16,-1.16,2026-10-07
NEO,1.3,15.97,3192188,2471910,50.98,48.11,1.1,-0.9,-2.4,매도주의,음봉,전저점이탈,0.12,-1.91,2026-10-07
NDMO,1.3,8.67,616431,471611,5.34,4.8,1.1,-0.9,-1.0,중립,음봉,잔구간,0.44,-0.385,2026-10-07
NFGC,1.3,1.51,795376,612810,1.2,1.2,1.0,-3.8,-1.9,매도주의,음봉,전저점이탈,0.12,-1.91,2026-10-07
MAX,1.3,9.67,1304725,1015540,12.62,9.28,1.4,-0.4,0.3,중립,팽이도지,잔구간,0.47,-0.02,2026-10-07
NEWP,1.3,6.18,777327,621597,4.8,4.53,1.1,-3.6,0.3,강한매수,양봉스프링,수횡파,0.78,3.44,2026-10-07
RMIX,1.3,11.18,741908,559930,8.29,6.51,1.3,-1.3,-1.9,매도주의,음봉,전저점이탈,0.36,-1.62,2026-10-07
REI,1.3,1.33,2199175,1736086,2.92,2.8,1.0,0.0,-0.7,중립,팽이도지,잔구간,0.33,-0.1,2026-10-07
REAL,1.3,9.4,2868368,2215262,26.96,25.38,1.1,-1.3,1.2,중립,양봉,잔구간,0.58,0.4,2026-10-07
RC,1.3,1.23,2202512,1693216,2.71,2.2,1.2,-1.8,11.8,매수관심,장대양봉,잔구간,0.91,1.245,2026-10-07
AG,1.3,16.65,11450091,9120542,190.64,169.23,1.1,-4.2,-0.9,매도주의,음봉,전저점이탈,0.4,-1.57,2026-10-07
ABSI,1.3,9.22,5850922,4451740,53.95,43.33,1.2,-2.6,-7.8,매도주의,장대음봉,전저점부근,0.09,-1.74,2026-10-07
AHCO,1.3,5.88,2884618,2266643,16.96,11.98,1.4,0.0,1.9,중립,양봉,전고점부근,0.53,0.29,2026-10-07
WY,1.3,18.57,12467537,9357895,231.52,169.48,1.4,-0.3,0.1,중립,팽이도지,잔구간,0.51,0.005,2026-10-07
AIRO,1.2,6.34,460048,369055,2.92,2.22,1.3,-1.8,-1.1,중립,망치형,전저점이탈,0.55,0.31,2026-10-07
RA,1.2,11.51,409345,351108,4.71,3.78,1.2,-0.4,-0.3,중립,음봉,잔구간,0.62,-0.28,2026-10-07
AGGH,1.2,18.95,450929,387285,8.55,10.0,0.9,-0.8,0.6,매수관심,장대양봉,잔구간,0.9,1.24,2026-10-07
USDEW,1.2,4.1,322122,268786,1.32,2.16,0.6,-3.2,4.3,매수관심,양봉스프링,잔구간,0.87,0.97,2026-10-07
RLMD,1.2,3.25,1497317,1246047,4.87,4.46,1.1,-0.6,-0.3,매도주의,위꼬리음봉,전저점부근,0.09,-1.24,2026-10-07
ENTX,1.2,2.51,679477,571072,1.71,1.51,1.1,-0.4,-0.4,매도주의,팽이도지,전저점이탈,0.46,-0.8,2026-10-07
ADT,1.2,6.3,8640210,7146236,54.43,47.03,1.2,-0.6,-0.3,중립,팽이도지,잔구간,0.26,-0.145,2026-10-07
VELO,1.2,9.1,1589076,1317303,14.46,18.21,0.8,-4.7,-0.2,중립,팽이도지,잔구간,0.6,0.06,2026-10-07
ADTN,1.2,7.76,2217215,1860100,17.21,12.46,1.4,-1.6,3.5,강한매수,양봉,전고점돌파,0.66,2.39,2026-10-07
RLAY,1.2,17.95,3433042,2880290,61.62,58.54,1.1,-1.8,-2.4,매도주의,장대음봉,잔구간,0.14,-1.215,2026-10-07
AMZD,1.2,8.39,12786374,10681231,107.28,92.62,1.2,0.8,-2.2,강한매도,장대음봉,전저점이탈,0.02,-3.33,2026-10-07
AMRX,1.2,19.65,4663518,3750301,91.64,65.0,1.4,-0.3,-2.9,중립,음봉,잔구간,0.12,-0.58,2026-10-07
FUN,1.2,11.63,3881978,3348463,45.15,33.98,1.3,-0.7,-3.1,중립,음봉,잔구간,0.48,-0.36,2026-10-07
NABL,1.2,4.48,2155841,1824533,9.66,7.81,1.2,-1.6,3.0,매수관심,장대양봉,전고점부근,0.87,1.99,2026-10-07
GEMI,1.2,4.49,1998550,1607590,8.97,10.87,0.8,-3.2,-0.7,중립,망치형,전저점이탈,0.71,0.5,2026-10-07
BHR,1.2,1.47,683529,551802,1.0,0.95,1.1,-0.7,-2.6,강한매도,장대음봉,전저점이탈,0.11,-3.22,2026-10-07
ATEC,1.2,10.25,2439046,1988971,25.0,20.16,1.2,-1.2,-1.5,중립,음봉,잔구간,0.15,-0.56,2026-10-07
MASS,1.2,11.78,517207,416785,6.09,4.67,1.3,-1.9,-2.6,매도주의,장대음봉,잔구간,0.09,-1.245,2026-10-07
RAM,1.2,13.49,9422672,7912562,127.11,110.82,1.1,-4.3,6.4,매수관심,장대양봉,잔구간,0.89,1.235,2026-10-07
MARA,1.2,10.36,36756510,31924184,380.8,410.87,0.9,-3.1,-2.5,매도주의,음봉,전저점이탈,0.3,-1.69,2026-10-07
FNKO,1.2,6.31,915719,742379,5.78,5.72,1.0,0.0,3.3,중립,양봉,전고점부근,0.7,0.49,2026-10-07
EDIT,1.2,2.75,2264997,1894324,6.23,6.89,0.9,-0.7,1.5,매수관심,팽이도지,완만한상승,0.49,0.89,2026-10-07
MYN,1.2,8.74,602361,492670,5.26,4.47,1.2,-0.2,-1.8,매도주의,장대음봉,잔구간,0.27,-1.14,2026-10-07
RZLV,1.2,2.08,11648014,10033604,24.23,23.56,1.0,-2.3,-1.0,중립,음봉,잔구간,0.17,-0.55,2026-10-07
AWF,1.2,9.54,409807,346889,3.91,3.34,1.2,-0.5,-0.4,중립,음봉,잔구간,0.29,-0.475,2026-10-07
NOK,1.2,10.62,73525973,63411684,780.85,670.37,1.2,-3.7,0.5,중립,팽이도지,잔구간,0.55,0.03,2026-10-07
PFLT,1.2,6.66,1066175,882719,7.1,5.39,1.3,-0.4,-0.6,중립,팽이도지,전저점이탈,0.47,-0.79,2026-10-07
LITZ,1.2,17.84,2358226,1921159,42.07,40.45,1.0,6.1,-2.0,중립,음봉,잔구간,0.2,-0.53,2026-10-07
GPRO,1.2,1.22,9998422,8576609,12.2,13.36,0.9,-0.8,-6.9,강한매도,장대음봉,전저점이탈,0.0,-3.35,2026-10-07
DRTS,1.2,14.25,466366,374615,6.65,6.44,1.0,-1.5,-0.1,매도주의,팽이도지,전저점이탈,0.44,-0.82,2026-10-07
SBSW,1.2,9.68,5025756,4082625,48.65,55.59,0.9,-5.8,2.7,강한매수,장대양봉,전저점부근,0.67,3.95,2026-10-07
SHNY,1.2,7.62,1089597,916468,8.3,9.53,0.9,-5.9,1.1,중립,양봉,전저점이탈,0.42,-0.15,2026-10-07
DLO,1.2,14.77,1765546,1465884,26.08,22.34,1.2,-0.8,2.4,강한매수,장대양봉,완만한상승,0.83,3.3,2026-10-07
PLTD,1.2,4.61,22237433,18794131,102.51,98.69,1.0,0.0,-1.1,중립,음봉,잔구간,0.0,-0.65,2026-10-07
PK,1.2,15.2,4286873,3448539,65.16,54.84,1.2,-0.7,0.3,중립,팽이도지,수횡파,0.49,0.59,2026-10-07
COSM,1.2,0.321,4312725,3537598,1.38,1.98,0.7,-1.3,1.8,중립,위꼬리양봉,잔구간,0.37,-0.58,2026-10-07
TRT,1.2,5.86,304907,251400,1.79,5.11,0.3,-0.8,-3.3,매도주의,음봉,전저점이탈,0.19,-1.82,2026-10-07
RYAM,1.2,6.79,1291145,1062491,8.77,7.69,1.1,-1.3,1.3,매수관심,양봉,전저점부근,0.92,1.95,2026-10-07
SBH,1.2,16.5,1621108,1328730,26.75,21.84,1.2,-0.6,2.1,중립,양봉,잔구간,0.64,0.435,2026-10-07
CTKB,1.2,5.34,1782599,1447914,9.52,8.14,1.2,-3.2,2.5,강한매수,양봉,전저점부근,1.0,2.05,2026-10-07
DAKT,1.2,17.81,450497,367152,8.02,7.19,1.1,-1.0,0.7,중립,양봉,잔구간,0.95,0.62,2026-10-07
MEC,1.2,15.41,603154,521841,9.29,9.31,1.0,-2.1,-4.3,중립,음봉,잔구간,0.3,-0.47,2026-10-07
UNG,1.2,11.03,34906468,28679841,385.02,379.79,1.0,1.9,0.8,강한매수,양봉,전고점돌파,0.53,2.24,2026-10-07
SABS,1.2,2.88,681679,575723,1.96,2.56,0.8,-1.0,-0.7,중립,팽이도지,잔구간,0.45,-0.03,2026-10-07
GRND,1.2,14.34,2229635,1934410,31.97,30.04,1.1,-0.4,3.2,매수관심,양봉,완만한상승,0.79,1.95,2026-10-07
SANA,1.2,2.72,4315444,3628915,11.74,10.25,1.1,-1.5,0.4,강한매도,위꼬리양봉,전저점이탈,0.14,-2.18,2026-10-07
HAFN,1.2,10.33,3698809,3166013,38.21,35.91,1.1,0.6,1.4,매수관심,양봉,완만한상승,0.57,1.68,2026-10-07
VYGR,1.2,2.47,763232,623181,1.89,2.14,0.9,-0.8,1.2,매수관심,양봉,완만한상승,0.67,1.8,2026-10-07
VXX,1.2,16.9,8551163,7423276,144.51,135.6,1.1,2.5,-1.6,매도주의,장대음봉,잔구간,0.15,-1.21,2026-10-07
ABR,1.2,3.25,7852649,6563034,25.52,24.16,1.1,-0.3,-6.6,강한매도,장대음봉,전저점이탈,0.11,-3.22,2026-10-07
SRPT,1.2,17.5,2872995,2374182,50.28,44.46,1.1,-0.2,1.3,중립,양봉,잔구간,0.76,0.505,2026-10-07
CHPT,1.2,8.22,1285077,1078295,10.56,11.14,0.9,-2.0,-3.3,강한매도,장대음봉,전저점이탈,0.11,-3.22,2026-10-07
CARS,1.2,9.54,1135717,944568,10.83,8.14,1.3,-0.6,1.6,중립,양봉,잔구간,0.94,0.615,2026-10-07
KEEL,1.2,3.33,28515123,23946852,94.96,82.01,1.2,-3.7,-0.3,매도주의,팽이도지,전저점이탈,0.45,-0.81,2026-10-07
BTGO,1.2,7.26,984221,790558,7.15,7.34,1.0,-2.7,3.8,강한매수,양봉,완만한상승,0.98,2.18,2026-10-07
JOBY,1.2,5.75,23503275,19642617,135.14,120.89,1.1,-1.4,0.9,매수관심,양봉스프링,잔구간,0.89,0.985,2026-10-07
BSOL,1.2,15.95,3785822,3110130,60.38,71.97,0.8,-3.8,-0.4,매도주의,음봉,전저점이탈,0.15,-1.87,2026-10-07
OBX,1.2,13.2,359041,294300,4.74,5.67,0.8,-1.5,1.4,중립,위꼬리양봉,잔구간,0.37,-0.58,2026-10-07
PAX,1.2,11.11,1128946,957367,12.54,12.05,1.0,-1.2,0.5,중립,팽이도지,잔구간,0.65,0.09,2026-10-07
IONL,1.2,13.42,779600,650538,10.46,15.19,0.7,-5.4,-3.7,매도주의,음봉,전저점이탈,0.41,-1.56,2026-10-07
JBIO,1.2,13.77,951274,780287,13.1,12.08,1.1,-1.6,4.4,중립,양봉,잔구간,0.65,0.44,2026-10-07
KEY,1.2,19.83,16208760,13156808,321.42,295.07,1.1,-1.1,-0.5,중립,음봉,잔구간,0.42,-0.4,2026-10-07
BKD,1.2,10.77,6604241,5299274,71.13,49.87,1.4,0.6,-1.7,매도주의,장대음봉,잔구간,0.0,-1.3,2026-10-07
PCN,1.2,10.64,738947,612915,7.86,6.96,1.1,-1.3,-0.1,중립,망치형,잔구간,0.81,0.685,2026-10-07
AQN,1.2,5.06,5537575,4536054,28.02,23.51,1.2,-0.2,0.2,중립,팽이도지,완만한상승,0.41,0.79,2026-10-07
INDI,1.2,2.74,4886274,4042703,13.39,13.25,1.0,-1.1,-2.8,강한매도,장대음봉,전저점이탈,0.27,-3.03,2026-10-07
TDUP,1.2,2.22,1568091,1331384,3.48,3.26,1.1,-1.4,4.2,강한매수,장대양봉,완만한상승,0.74,3.19,2026-10-07
TIPX,1.2,18.245,439006,352964,8.01,11.74,0.7,-0.2,0.2,강한매수,장대양봉,완만한상승,0.9,3.38,2026-10-07
NKTX,1.2,2.27,566520,462202,1.29,1.69,0.8,-2.2,0.4,강한매도,위꼬리양봉,전저점이탈,0.24,-2.06,2026-10-07
RIOT,1.2,18.54,16368967,14159033,303.48,335.77,0.9,-2.8,0.8,매수관심,양봉스프링,전저점이탈,0.91,1.24,2026-10-07
MPT,1.2,3.23,14390714,12126407,46.48,36.23,1.3,0.3,-2.4,매도주의,장대음봉,잔구간,0.23,-1.16,2026-10-07
ASC,1.2,18.48,828336,698403,15.31,11.99,1.3,0.8,-2.6,중립,음봉,잔구간,0.11,-0.585,2026-10-07
ACB,1.2,4.46,1383678,1146287,6.17,5.52,1.1,0.0,-2.8,중립,음봉,잔구간,0.09,-0.595,2026-10-07
XIFR,1.2,10.36,1213672,1013960,12.57,10.97,1.1,-1.3,1.1,중립,양봉,잔구간,0.81,0.535,2026-10-07
XRX,1.2,3.01,2697731,2164831,8.12,6.38,1.3,-2.4,5.2,중립,양봉,잔구간,0.64,0.435,2026-10-07
XPER,1.2,5.33,434401,362694,2.32,2.01,1.2,0.6,0.4,매수관심,양봉스프링,잔구간,0.81,0.935,2026-10-07
MLN,1.2,16.1,2004936,1742651,32.28,22.71,1.4,-0.9,0.0,중립,팽이도지,전저점부근,0.34,0.56,2026-10-07
ANTX,1.2,4.85,365253,309082,1.77,1.58,1.1,-1.0,-3.4,중립,음봉,잔구간,0.42,-0.4,2026-10-07
CIEG,1.2,6.41,823959,684947,5.28,3.31,1.6,-7.0,8.9,강한매수,장대양봉,전고점부근,0.95,2.09,2026-10-07
VALE,1.2,13.61,45300475,38769394,616.54,551.74,1.1,-1.7,-1.7,매도주의,장대음봉,잔구간,0.13,-1.22,2026-10-07
CLSX,1.2,9.846,484711,396287,4.77,4.34,1.1,-6.0,-7.0,강한매도,장대음봉,전저점이탈,0.16,-3.16,2026-10-07
LYFT,1.2,15.6,9742704,8107158,151.99,122.08,1.2,-1.3,0.3,중립,팽이도지,잔구간,0.56,0.035,2026-10-07
RWM,1.2,14.42,53695230,43307840,774.29,682.04,1.1,1.1,0.1,매수관심,팽이도지,완만한상승,0.57,0.98,2026-10-07
ARDX,1.2,3.26,5389483,4332771,17.57,14.29,1.2,-1.5,0.0,중립,팽이도지,잔구간,0.31,-0.115,2026-10-07
SMMT,1.2,17.95,8175297,6888405,146.75,138.21,1.1,-1.2,5.0,강한매수,장대양봉,완만한상승,0.72,3.16,2026-10-07
SJT,1.2,3.81,493863,403057,1.88,1.99,0.9,-0.5,1.1,매수관심,양봉,완만한상승,0.51,1.61,2026-10-07
BBDC,1.2,8.48,690740,566036,5.86,4.54,1.3,-0.1,-0.2,중립,망치형,전저점이탈,0.67,0.45,2026-10-07
HR,1.2,16.88,5017612,4129300,84.7,80.01,1.1,-0.2,-0.7,강한매도,음봉,전저점이탈,0.04,-2.0,2026-10-07
TSLQ,1.2,16.99,4584424,3699643,77.89,81.63,1.0,1.1,0.4,중립,팽이도지,잔구간,0.58,0.05,2026-10-07
LUNR,1.2,14.41,9992645,8513850,143.99,121.41,1.2,-1.1,-3.3,중립,음봉,잔구간,0.49,-0.355,2026-10-07
HITI,1.2,2.73,658547,551731,1.8,1.86,1.0,-1.1,1.5,중립,양봉,잔구간,0.44,0.315,2026-10-07
HL,1.2,16.39,41359652,34147983,677.88,631.86,1.1,-5.0,0.9,중립,양봉,전저점이탈,0.56,0.02,2026-10-07
IBTL,1.2,19.46,463158,394067,9.01,10.81,0.8,-0.3,0.4,강한매수,장대양봉,완만한상승,0.88,3.36,2026-10-07
IART,1.2,13.0,1408453,1187679,18.31,15.43,1.2,-1.0,-1.4,중립,음봉,잔구간,0.04,-0.625,2026-10-07
CIFR,1.2,14.56,36663907,29338838,533.83,479.69,1.1,-3.3,-2.9,매도주의,음봉,전저점이탈,0.12,-1.91,2026-10-07
CIG,1.2,2.32,4589649,3988798,10.65,11.8,0.9,-0.4,-1.3,매도주의,장대음봉,잔구간,0.0,-1.3,2026-10-07
OXSQ,1.2,1.26,1415557,1200347,1.78,1.28,1.4,-0.8,-0.8,매도주의,위꼬리음봉,전저점부근,0.25,-1.05,2026-10-07
TMQ,1.2,2.85,1433494,1192639,4.09,3.7,1.1,-2.4,-1.7,강한매도,장대음봉,전저점이탈,0.0,-3.35,2026-10-07
CPNG,1.2,14.81,20574455,16691212,304.71,237.03,1.3,-0.3,3.1,강한매수,장대양봉,전고점돌파,0.86,3.93,2026-10-07
PAYP,1.2,15.35,805535,696893,12.36,10.3,1.2,-0.8,-0.2,매도주의,위꼬리음봉,잔구간,0.13,-0.97,2026-10-07
HRTX,1.2,0.384,3676092,3058992,1.41,0.78,1.8,-1.0,17.0,강한매수,장대양봉,완만한상승,0.91,3.39,2026-10-07
IMMR,1.2,7.26,349327,300424,2.54,2.2,1.2,-1.1,2.4,강한매수,장대양봉,완만한상승,0.97,3.46,2026-10-07
WIW,1.1,7.91,355140,312176,2.81,2.97,0.9,-0.3,0.0,중립,팽이도지,잔구간,0.56,0.035,2026-10-07
DXC,1.1,12.02,4363116,3865506,52.44,35.78,1.5,0.5,1.1,강한매수,양봉스프링,전고점돌파,0.89,3.47,2026-10-07
MUST,1.1,19.03,394734,355752,7.51,6.28,1.2,-0.9,0.1,중립,팽이도지,잔구간,0.42,-0.05,2026-10-07
MHD,1.1,10.04,1422458,1313838,14.28,12.87,1.1,-0.8,-1.1,중립,음봉,잔구간,0.0,-0.65,2026-10-07
ERIC,1.1,9.46,6814930,6292084,64.47,69.34,0.9,0.1,0.2,강한매수,양봉스프링,완만한상승,0.79,2.75,2026-10-07
ENIC,1.1,4.32,493567,467482,2.13,2.15,1.0,-0.9,0.0,중립,팽이도지,잔구간,0.25,-0.15,2026-10-07
EVN,1.1,9.12,309206,285115,2.82,2.36,1.2,-0.5,0.0,매수관심,양봉스프링,잔구간,0.8,0.93,2026-10-07
ERY,1.1,8.93,19670797,17272951,175.66,185.72,0.9,-1.0,2.1,중립,양봉,잔구간,0.77,0.51,2026-10-07
DNOW,1.1,15.36,2243619,2092555,34.46,29.86,1.2,-0.3,-3.0,중립,음봉,잔구간,0.35,-0.44,2026-10-07
ASM,1.1,5.32,2754697,2410465,14.65,14.84,1.0,-5.4,0.9,중립,양봉,전저점이탈,0.58,0.05,2026-10-07
EU,1.1,1.08,2293584,2174264,2.48,4.65,0.5,-3.5,-1.8,중립,음봉,잔구간,0.26,-0.495,2026-10-07
EQPT,1.1,17.68,3470144,3190358,61.35,65.31,0.9,-2.9,-3.7,중립,음봉,잔구간,0.25,-0.5,2026-10-07
USAR,1.1,13.23,13999511,12447789,185.21,176.34,1.1,-3.0,-0.8,강한매수,망치형,전저점부근,0.56,2.8200000000000003,2026-10-07
VERI,1.1,0.691,9693319,8620243,6.7,6.54,1.0,0.0,-7.4,강한매도,장대음봉,전저점이탈,0.11,-3.22,2026-10-07
SCO,1.1,19.38,5751910,5217975,111.47,121.94,0.9,-2.4,1.9,중립,양봉,잔구간,0.77,0.51,2026-10-07
GOF,1.1,8.65,2683268,2465648,23.21,23.65,1.0,-1.1,0.5,중립,팽이도지,잔구간,0.45,-0.03,2026-10-07
GORO,1.1,3.28,1120864,1031263,3.68,3.77,1.0,-3.0,0.3,중립,팽이도지,잔구간,0.71,0.125,2026-10-07
SGRY,1.1,13.71,1685898,1493913,23.11,24.49,0.9,-0.4,2.6,매수관심,양봉,완만한상승,0.59,1.71,2026-10-07
CNTN,1.1,2.26,711333,626654,1.61,1.82,0.9,-5.6,2.3,중립,양봉,잔구간,0.76,0.505,2026-10-07
PLU,1.1,5.22,340516,297399,1.78,2.3,0.8,-7.2,-1.9,중립,음봉,잔구간,0.53,-0.33,2026-10-07
PLUG,1.1,1.78,48153308,45017666,85.71,92.47,0.9,-2.7,-1.7,매도주의,음봉,전저점이탈,0.43,-1.53,2026-10-07
PGX,1.1,9.97,6969231,6595663,69.48,74.72,0.9,-0.6,-0.3,매도주의,음봉,전저점이탈,0.22,-1.79,2026-10-07
TROX,1.1,3.71,2076186,1949714,7.7,7.58,1.0,0.3,-4.4,매도주의,장대음봉,전저점부근,0.2,-1.61,2026-10-07
NRK,1.1,9.13,746285,665172,6.81,7.14,1.0,-1.0,-0.2,중립,망치형,잔구간,0.71,0.625,2026-10-07
BPRE,1.1,12.8,1083369,1005149,13.87,13.32,1.0,-1.1,-1.2,중립,음봉,잔구간,0.0,-0.65,2026-10-07
BORR,1.1,4.3,7267456,6909891,31.25,24.73,1.3,1.4,0.7,중립,위꼬리양봉,완만한상승,0.44,-0.17,2026-10-07
BMBL,1.1,2.5,2155200,2022233,5.39,5.19,1.0,-0.8,0.4,매수관심,양봉스프링,잔구간,0.75,0.9,2026-10-07
PICS,1.1,12.09,826475,725917,9.99,6.99,1.4,-2.8,-0.2,매도주의,위꼬리음봉,잔구간,0.02,-1.04,2026-10-07
PFN,1.1,6.19,638318,574150,3.95,4.13,1.0,-0.8,-1.3,매도주의,장대음봉,잔구간,0.0,-1.3,2026-10-07
CONY,1.1,19.16,801196,733528,15.35,15.74,1.0,-2.5,-0.9,매도주의,음봉,전저점이탈,0.37,-1.61,2026-10-07
LCTX,1.1,0.948,1477413,1327239,1.4,1.74,0.8,0.5,0.6,매수관심,팽이도지,완만한상승,0.6,1.02,2026-10-07
MFA,1.1,7.15,2893600,2734243,20.69,18.15,1.1,-0.5,-1.2,매도주의,음봉,전저점이탈,0.27,-1.73,2026-10-07
LEO,1.1,5.44,315603,293449,1.72,1.66,1.0,-0.9,-0.9,중립,음봉,잔구간,0.33,-0.45,2026-10-07
NUS,1.1,4.8,482674,437171,2.32,2.08,1.1,-0.6,1.9,중립,양봉,전고점부근,0.67,0.45,2026-10-07
CRMG,1.1,7.5,939856,851587,7.05,8.98,0.8,0.1,-0.7,중립,팽이도지,잔구간,0.59,0.055,2026-10-07
WLTH,1.1,10.9,2202183,2043416,24.0,23.76,1.0,0.2,3.1,강한매수,장대양봉,전고점부근,0.94,2.08,2026-10-07
CVRX,1.1,1.67,896575,818701,1.5,1.94,0.8,0.0,3.1,매수관심,양봉,완만한상승,0.36,1.43,2026-10-07
GBDC,1.1,12.0,1984617,1872977,23.82,22.2,1.1,-0.2,-1.4,강한매도,장대음봉,전저점이탈,0.32,-2.97,2026-10-07
DJT,1.1,8.22,4159499,3765116,34.19,27.58,1.2,-1.4,-3.6,강한매도,장대음봉,전저점이탈,0.24,-3.06,2026-10-07
DBVT,1.1,9.77,535275,479479,5.23,4.85,1.1,-2.4,0.3,중립,위꼬리양봉,전저점부근,0.32,-0.47,2026-10-07
FWRG,1.1,10.5,1801000,1670865,18.91,14.14,1.3,-0.8,-0.2,중립,팽이도지,잔구간,0.58,0.05,2026-10-07
UNIT,1.1,7.84,3767841,3430321,29.54,26.48,1.1,-1.1,-2.1,중립,음봉,잔구간,0.38,-0.42,2026-10-07
UPWK,1.1,8.4,2250321,2079473,18.9,19.97,0.9,0.0,0.5,매수관심,팽이도지,완만한상승,0.57,0.98,2026-10-07
NOV,1.1,18.62,4238969,3689818,78.93,64.79,1.2,0.0,-2.0,매도주의,장대음봉,잔구간,0.35,-1.09,2026-10-07
NMCO,1.1,8.55,1032196,927722,8.83,7.81,1.1,-0.9,-0.3,중립,망치형,전저점이탈,0.71,0.5,2026-10-07
NMRA,1.1,0.468,2756496,2488891,1.29,1.34,1.0,-1.3,0.8,매수관심,팽이도지,전저점부근,0.55,0.81,2026-10-07
CRVS,1.1,10.41,1157403,1095461,12.05,12.6,1.0,-2.9,1.6,중립,양봉,잔구간,0.41,0.295,2026-10-07
PRTA,1.1,8.48,690412,618879,5.85,4.51,1.3,-1.1,6.9,매수관심,장대양봉,잔구간,0.8,1.18,2026-10-07
SIDU,1.1,1.64,4788691,4354181,7.85,7.12,1.1,-2.3,-3.5,강한매도,장대음봉,전저점이탈,0.16,-3.16,2026-10-07
SAIL,1.1,19.58,6721753,6082424,131.61,115.4,1.1,2.3,-3.9,강한매도,장대음봉,전저점이탈,0.08,-3.25,2026-10-07
GTM,1.1,3.695,5467844,4829117,20.2,17.82,1.1,-0.5,1.8,강한매수,양봉,완만한상승,0.88,2.06,2026-10-07
AMCX,1.1,10.74,686014,651371,7.37,7.03,1.0,-1.4,-0.8,중립,음봉,전저점부근,0.17,-0.35,2026-10-07
ALMS,1.1,6.77,2170153,1938490,14.69,16.18,0.9,-1.6,-0.7,매도주의,위꼬리음봉,잔구간,0.25,-0.9,2026-10-07
VZLA,1.1,3.42,5454329,4926779,18.65,18.17,1.0,-3.4,0.3,매수관심,팽이도지,전저점부근,0.73,1.03,2026-10-07
RNW,1.1,6.89,1146449,1036856,7.9,7.07,1.1,-0.1,0.4,매수관심,장대양봉,전고점부근,0.75,1.85,2026-10-07
QBTX,1.1,19.03,379461,360084,7.22,8.94,0.8,-5.2,-2.3,중립,음봉,전저점부근,0.51,0.06,2026-10-07
VCV,1.1,8.79,450854,399870,3.96,3.94,1.0,-2.5,0.7,중립,위꼬리양봉,수횡파,0.37,-0.56,2026-10-07
LXFR,1.1,17.22,337727,320130,5.82,5.73,1.0,-0.1,-0.1,강한매도,위꼬리음봉,전저점이탈,0.0,-2.85,2026-10-07
FA,1.1,18.37,2625181,2375822,48.22,41.69,1.2,-1.5,0.8,중립,양봉,잔구간,0.8,0.53,2026-10-07
EYPT,1.1,3.32,3021955,2813305,10.03,8.92,1.1,-0.6,5.4,매수관심,양봉,완만한상승,0.71,1.85,2026-10-07
RPC,1.1,7.91,560625,531890,4.43,4.31,1.0,-1.3,0.5,중립,팽이도지,잔구간,0.47,-0.02,2026-10-07
QUBT,1.1,7.62,7313567,6407954,55.73,66.47,0.8,-2.4,-0.7,중립,팽이도지,전저점이탈,0.47,-0.79,2026-10-07
GME.WS,1.1,1.951,764595,704748,1.49,1.51,1.0,-4.2,-3.9,매도주의,음봉,전저점이탈,0.21,-1.8,2026-10-07
FPEI,1.1,18.46,755141,718157,13.94,14.29,1.0,-0.5,0.1,중립,양봉,잔구간,0.4,0.29,2026-10-07
FPE,1.1,17.01,2804267,2550884,47.7,36.74,1.3,-0.6,0.0,중립,위꼬리양봉,잔구간,0.11,-0.735,2026-10-07
BDTX,1.1,1.83,563503,512036,1.03,1.06,1.0,-0.6,2.2,매수관심,양봉,완만한상승,0.58,1.7,2026-10-07
TTGT,1.1,3.99,564766,519756,2.25,1.62,1.4,-0.3,10.8,강한매수,장대양봉,전고점돌파,0.95,4.04,2026-10-07
TSDD,1.1,7.11,7291792,6837521,51.84,53.37,1.0,1.1,0.4,중립,팽이도지,잔구간,0.58,0.05,2026-10-07
BCE,1.1,19.76,5200773,4928117,102.77,92.81,1.1,-0.2,0.3,매수관심,팽이도지,완만한상승,0.46,0.85,2026-10-07
LFST,1.1,12.11,3652959,3372113,44.24,51.01,0.9,-1.1,1.0,중립,양봉,잔구간,0.45,0.32,2026-10-07
OBDC,1.1,10.02,5117504,4839002,51.28,48.33,1.1,-0.7,0.6,매수관심,양봉스프링,잔구간,0.91,0.995,2026-10-07
BCBP,1.1,8.31,310612,294283,2.58,3.28,0.8,-0.1,0.1,매수관심,팽이도지,전저점부근,0.67,0.95,2026-10-07
LFTO,1.1,15.82,691497,639325,10.94,9.67,1.1,-0.3,2.5,강한매수,양봉,완만한상승,0.87,2.04,2026-10-07
HIVE,1.1,2.75,10039870,9375091,27.61,30.62,0.9,-2.4,-2.8,강한매도,장대음봉,전저점이탈,0.23,-3.07,2026-10-07
STDN,1.1,14.21,454156,408222,6.45,5.92,1.1,-2.0,-4.5,중립,음봉,잔구간,0.27,-0.49,2026-10-07
SSTK,1.1,4.47,1012558,915201,4.53,3.44,1.3,0.0,9.6,강한매수,장대양봉,전고점돌파,0.94,4.03,2026-10-07
HBAN,1.1,15.17,30274958,27274393,459.27,456.82,1.0,-0.9,-0.1,중립,망치형,잔구간,0.79,0.675,2026-10-07
SSP,1.1,2.84,756292,670283,2.15,1.69,1.3,-1.4,-1.4,중립,음봉,잔구간,0.53,-0.33,2026-10-07
CERT,1.1,8.96,3426634,3179205,30.7,28.2,1.1,-1.1,-2.3,중립,음봉,잔구간,0.08,-0.6,2026-10-07
BMNU,1.1,17.99,5764589,5043292,103.7,113.6,0.9,-9.8,-2.1,매도주의,음봉,전저점이탈,0.45,-1.51,2026-10-07
KREF,1.1,6.23,931608,869687,5.8,7.2,0.8,0.0,-0.5,중립,망치형,잔구간,0.68,0.61,2026-10-07
KRNY,1.1,9.11,505834,480439,4.61,4.5,1.0,-1.4,0.2,중립,팽이도지,잔구간,0.64,0.085,2026-10-07
JBI,1.1,4.21,1999880,1755385,8.42,8.51,1.0,-2.1,-0.5,중립,팽이도지,잔구간,0.39,-0.065,2026-10-07
PAYS,1.1,14.95,874526,779902,13.07,12.04,1.1,-1.0,5.1,매수관심,장대양봉,전고점부근,0.84,1.96,2026-10-07
BIT,1.1,11.19,572886,500815,6.41,7.01,0.9,-0.4,0.0,매수관심,양봉스프링,잔구간,0.9,0.99,2026-10-07
BITU,1.1,15.05,4616353,4034341,69.48,61.98,1.1,-5.6,0.3,중립,팽이도지,잔구간,0.74,0.145,2026-10-07
PDO,1.1,11.85,1116915,1045840,13.24,16.77,0.8,-0.8,-1.1,매도주의,장대음봉,잔구간,0.13,-1.22,2026-10-07
CRCA,1.1,16.71,433028,394306,7.24,9.04,0.8,-8.8,0.8,중립,팽이도지,잔구간,0.68,0.11,2026-10-07
OGN,1.1,13.79,2208084,2007740,30.45,26.25,1.2,-0.1,0.5,강한매수,장대양봉,전고점돌파,1.0,4.1,2026-10-07
TAK,1.1,18.37,2556458,2409410,46.96,48.09,1.0,0.2,1.3,매수관심,장대양봉,잔구간,0.73,1.14,2026-10-07
PCT,1.1,3.8,6445762,6035414,24.49,33.29,0.7,-0.9,-4.3,강한매도,장대음봉,전저점이탈,0.32,-2.97,2026-10-07
PCG,1.1,12.79,39548459,36517417,505.82,468.86,1.1,-0.3,2.6,강한매수,장대양봉,전고점돌파,0.85,3.92,2026-10-07
PAGS,1.1,10.51,4984409,4706455,52.39,51.0,1.0,-0.7,-1.2,매도주의,위꼬리음봉,잔구간,0.05,-1.02,2026-10-07
HUN,1.1,8.63,3035298,2740922,26.19,22.83,1.1,-0.7,-0.9,중립,음봉,잔구간,0.26,-0.495,2026-10-07
TNDM,1.1,15.84,2273376,2043561,36.01,37.45,1.0,-2.2,0.3,매도주의,위꼬리양봉,수횡파,0.12,-0.86,2026-10-07
TNXP,1.1,7.55,709354,640073,5.36,6.97,0.8,0.1,-1.9,매도주의,음봉,전저점이탈,0.35,-1.63,2026-10-07
TMC,1.1,3.52,4413465,3912611,15.54,15.34,1.0,-1.9,-3.0,강한매도,장대음봉,전저점이탈,0.0,-3.35,2026-10-07
TAC,1.1,12.88,1352389,1187293,17.42,15.94,1.1,-0.9,-0.9,중립,음봉,잔구간,0.11,-0.585,2026-10-07
IREG,1.1,6.73,1269535,1106423,8.54,7.38,1.2,-4.7,-8.1,강한매도,장대음봉,전저점이탈,0.17,-3.15,2026-10-07
HDSN,1.1,5.15,349441,311923,1.8,2.07,0.9,-0.2,-2.8,매도주의,장대음봉,잔구간,0.23,-1.16,2026-10-07
SLN,1.1,9.82,1319570,1166290,12.96,11.36,1.1,-0.6,0.5,중립,팽이도지,잔구간,0.41,-0.055,2026-10-07
SNDX,1.1,17.03,1589729,1479622,27.07,30.29,0.9,-1.2,-0.8,매도주의,위꼬리음봉,잔구간,0.0,-1.05,2026-10-07
UA,1.1,4.7,3002891,2847965,14.11,14.45,1.0,1.3,-1.7,중립,음봉,잔구간,0.43,-0.39,2026-10-07
IMXI,1.1,12.33,561677,490778,6.93,8.83,0.8,-0.4,2.4,강한매수,장대양봉,전고점돌파,0.79,3.85,2026-10-07
IMTX,1.1,7.45,926189,809382,6.9,8.74,0.8,-0.8,0.1,중립,팽이도지,전저점부근,0.36,0.58,2026-10-07
INDP,1.1,2.26,589334,523769,1.33,1.57,0.8,-0.8,-12.1,매도주의,장대음봉,잔구간,0.1,-1.24,2026-10-07
OPK,1.1,1.39,2224402,2057711,3.09,3.15,1.0,-2.7,-2.1,매도주의,음봉,전저점이탈,0.27,-1.73,2026-10-07
JPMpK,1.1,16.7,362274,325523,6.05,6.05,1.0,-0.4,0.1,매수관심,양봉스프링,잔구간,0.79,0.925,2026-10-07
CCCC,1.1,2.82,2267854,2003252,6.4,7.76,0.8,-1.0,-1.1,매도주의,위꼬리음봉,잔구간,0.0,-1.05,2026-10-07
KBWD,1.1,10.64,722174,628245,7.68,6.36,1.2,-0.8,-0.8,매도주의,음봉,전저점이탈,0.47,-1.49,2026-10-07
NLY,1.1,17.93,18655785,17408287,334.5,310.91,1.1,-1.1,-1.6,강한매도,장대음봉,전저점이탈,0.23,-3.07,2026-10-07
AOD,1.1,10.05,477857,447706,4.8,4.34,1.1,-0.6,-0.9,매도주의,장대음봉,잔구간,0.1,-1.24,2026-10-07
ARCO,1.1,7.9,2879593,2726633,22.75,20.28,1.1,-0.7,-2.0,중립,음봉,잔구간,0.25,-0.5,2026-10-07
ANGI,1.1,6.1,766382,720561,4.67,4.64,1.0,-0.8,3.2,매수관심,양봉,완만한상승,0.64,1.77,2026-10-07
ARCC,1.1,18.45,5450502,5003268,100.56,96.05,1.0,-0.3,-0.7,매도주의,음봉,전저점이탈,0.48,-1.47,2026-10-07
CLM,1.1,6.49,2106880,1973962,13.67,10.98,1.2,-0.2,-0.3,중립,망치형,잔구간,0.71,0.625,2026-10-07
SVM,1.1,10.04,1746217,1596992,17.53,20.0,0.9,-5.2,0.8,중립,양봉,전저점이탈,0.55,0.01,2026-10-07
SVIA,1.1,4.0,2036518,1822016,8.15,8.37,1.0,-2.9,-1.5,중립,팽이도지,잔구간,0.3,-0.12,2026-10-07
CLSK,1.1,11.52,15958485,14354002,183.84,202.63,0.9,-2.8,-3.5,매도주의,음봉,전저점이탈,0.13,-1.89,2026-10-07
CMCO,1.1,16.16,370157,333155,5.98,6.4,0.9,-2.5,-2.6,중립,음봉,잔구간,0.42,-0.4,2026-10-07
CLBK,1.1,10.8,4242608,3991559,45.82,39.34,1.2,-1.1,-1.9,매도주의,장대음봉,잔구간,0.03,-1.28,2026-10-07
ONDL,1.1,4.995,1592866,1479111,7.96,7.85,1.0,-3.6,-2.4,중립,망치형,잔구간,0.66,0.595,2026-10-07
LZ,1.1,5.8,2829113,2522586,16.41,15.51,1.1,-0.2,0.7,중립,위꼬리양봉,완만한상승,0.43,-0.18,2026-10-07
EIDO,1.1,11.86,726668,688174,8.62,11.05,0.8,-0.7,0.1,매수관심,양봉스프링,잔구간,0.83,0.95,2026-10-07
NEA,1.1,9.89,3251059,3030705,32.15,32.71,1.0,-1.6,0.5,매수관심,양봉스프링,잔구간,0.92,1.0,2026-10-07
FNB,1.1,17.07,5317675,4731036,90.77,87.63,1.0,-0.8,-0.4,중립,망치형,잔구간,0.67,0.6,2026-10-07
VG,1.1,13.05,11884650,10477497,155.09,160.95,1.0,0.5,-3.9,중립,음봉,잔구간,0.32,-0.46,2026-10-07
RKT,1.1,11.44,39961660,37087183,457.16,461.69,1.0,-4.3,3.2,매수관심,장대양봉,잔구간,0.94,1.265,2026-10-07
RITM,1.1,8.53,7967692,7475024,67.96,69.56,1.0,-1.0,-0.5,중립,망치형,전저점이탈,0.59,0.36,2026-10-07
NEXT,1.1,6.66,2896802,2562325,19.29,16.52,1.2,1.2,-3.6,매도주의,장대음봉,잔구간,0.29,-1.125,2026-10-07
ARX,1.1,19.75,1657557,1496765,32.74,36.43,0.9,0.1,0.0,강한매수,양봉스프링,완만한상승,1.0,3.0,2026-10-07
ARR,1.1,13.29,5556412,5096094,73.84,66.02,1.1,-1.4,-0.1,중립,팽이도지,전저점부근,0.5,0.75,2026-10-07
VGM,1.1,8.6,384510,366127,3.31,4.84,0.7,-1.3,-0.9,매도주의,장대음봉,잔구간,0.0,-1.3,2026-10-07
VIPS,1.1,12.77,3134221,2847380,40.02,33.41,1.2,-0.7,0.9,매수관심,양봉,완만한상승,0.68,1.82,2026-10-07
ACVA,1.1,10.44,7866400,7025278,82.13,90.87,0.9,0.1,-0.1,중립,음봉,완만한상승,0.5,0.2,2026-10-07
ASAN,1.1,9.33,5473208,4835124,51.07,56.36,0.9,0.8,-0.3,중립,팽이도지,완만한상승,0.32,0.68,2026-10-07
FIP,1.1,2.84,1221236,1100145,3.47,3.44,1.0,-1.5,8.0,매수관심,장대양봉,잔구간,0.83,1.2,2026-10-07
VOD,1.1,16.79,4020421,3581781,67.5,56.0,1.2,1.2,0.4,중립,위꼬리양봉,잔구간,0.36,-0.585,2026-10-07
MSTZ,1.1,2.66,65385529,58266717,173.93,142.35,1.2,8.3,4.7,강한매수,장대양봉,완만한상승,0.82,3.28,2026-10-07
VLRS,1.1,6.35,322741,285821,2.05,2.19,0.9,-1.7,-0.6,중립,음봉,잔구간,0.38,-0.42,2026-10-07
MUC,1.1,9.76,1016292,934758,9.92,9.0,1.1,-2.0,2.1,강한매수,장대양봉,완만한상승,1.0,3.5,2026-10-07
XNDX,1.1,1.35,828083,720893,1.12,1.65,0.7,-7.6,-14.6,매도주의,장대음봉,잔구간,0.1,-1.24,2026-10-07
MRTN,1.0,12.67,679484,690098,8.61,9.73,0.9,-0.9,-0.7,강한매도,위꼬리음봉,전저점이탈,0.14,-2.68,2026-10-07
YELP,1.0,18.4,1536722,1487469,28.28,26.71,1.1,0.2,1.3,매수관심,팽이도지,완만한상승,0.51,0.91,2026-10-07
XHLD,1.0,0.549,3730954,3766668,2.05,19.98,0.1,-16.5,5.5,중립,위꼬리양봉,전저점부근,0.41,-0.36,2026-10-07
VMO,1.0,8.39,503255,525430,4.22,5.17,0.8,-1.3,0.7,매수관심,장대양봉,잔구간,0.9,1.24,2026-10-07
VKQ,1.0,8.38,450707,465608,3.78,4.08,0.9,-0.1,-1.9,매도주의,장대음봉,잔구간,0.11,-1.235,2026-10-07
VLY,1.0,12.48,8032599,7795599,100.25,103.35,1.0,-0.9,-0.6,중립,음봉,잔구간,0.52,-0.34,2026-10-07
ARVN,1.0,7.45,601836,607165,4.48,5.59,0.8,-0.8,2.8,매수관심,장대양봉,잔구간,0.96,1.275,2026-10-07
NCLH,1.0,15.05,25733561,25735590,387.29,356.61,1.1,-2.3,-0.7,중립,팽이도지,잔구간,0.42,-0.05,2026-10-07
MORT,1.0,7.71,2379008,2400329,18.34,20.08,0.9,-1.0,-1.0,매도주의,음봉,전저점이탈,0.34,-1.64,2026-10-07
MITK,1.0,17.46,536491,540500,9.37,9.55,1.0,-0.3,0.2,매수관심,양봉스프링,잔구간,0.91,0.995,2026-10-07
MITT,1.0,5.59,470154,454885,2.63,2.91,0.9,-0.7,-0.7,강한매수,망치형,전저점부근,0.69,2.98,2026-10-07
MMU,1.0,8.9,436319,425978,3.88,3.68,1.1,-0.7,-0.8,중립,음봉,잔구간,0.42,-0.4,2026-10-07
RKLX,1.0,18.01,3621319,3540397,65.22,60.19,1.1,-5.3,-3.3,중립,음봉,잔구간,0.49,-0.355,2026-10-07
RES,1.0,5.94,1960671,2023961,11.65,12.59,0.9,0.0,-1.7,중립,음봉,잔구간,0.41,-0.405,2026-10-07
RGTI,1.0,14.59,13739212,13448549,200.46,250.09,0.8,-2.8,-1.1,매도주의,음봉,전저점이탈,0.32,-1.67,2026-10-07
REM,1.0,17.34,2098624,2197895,36.39,41.09,0.9,-0.9,-1.1,매도주의,음봉,전저점이탈,0.34,-1.64,2026-10-07
FLOC,1.0,19.09,693297,698024,13.24,10.69,1.2,-0.8,3.6,강한매수,장대양봉,완만한상승,0.92,3.4,2026-10-07
EH,1.0,4.14,857590,826761,3.55,2.86,1.2,-1.7,2.7,중립,양봉,잔구간,0.97,0.63,2026-10-07
NG,1.0,6.36,4644318,4508478,29.54,30.37,1.0,-3.3,-0.6,중립,망치형,잔구간,0.69,0.615,2026-10-07
NCNO,1.0,19.09,1870851,1901800,35.71,39.12,0.9,-1.3,1.1,중립,위꼬리양봉,잔구간,0.32,-0.61,2026-10-07
NB,1.0,3.45,2068113,2141459,7.13,7.79,0.9,-2.6,0.6,중립,팽이도지,잔구간,0.5,0.0,2026-10-07
ARI,1.0,6.23,3996615,3877660,24.9,22.2,1.1,-0.3,0.0,강한매수,양봉스프링,수횡파,0.76,3.41,2026-10-07
APPS,1.0,10.63,3107982,3061497,33.04,37.83,0.9,-1.8,3.2,강한매수,장대양봉,완만한상승,0.74,3.19,2026-10-07
APLE,1.0,16.04,2648017,2671978,42.47,43.06,1.0,-0.7,-1.0,매도주의,음봉,전저점이탈,0.12,-1.91,2026-10-07
SVV,1.0,9.24,1453300,1385301,13.43,12.85,1.0,-0.9,1.3,강한매수,양봉,완만한상승,0.86,2.03,2026-10-07
SWMR,1.0,14.07,871587,833707,12.26,17.23,0.7,-1.4,-4.1,매도주의,음봉,전저점이탈,0.28,-1.71,2026-10-07
SXC,1.0,9.83,1160315,1178635,11.41,11.07,1.0,-0.8,-1.3,중립,음봉,잔구간,0.54,-0.325,2026-10-07
STFS,1.0,3.755,909069,873380,3.41,1.91,1.8,-2.2,-1.2,매도주의,위꼬리음봉,잔구간,0.13,-0.97,2026-10-07
STLN,1.0,6.43,949109,979354,6.1,7.11,0.9,-1.2,-1.1,매도주의,위꼬리음봉,잔구간,0.13,-0.97,2026-10-07
STNE,1.0,11.51,5859715,5956500,67.45,82.88,0.8,-0.5,-0.4,중립,팽이도지,잔구간,0.27,-0.14,2026-10-07
CIK,1.0,2.33,582152,594606,1.36,1.36,1.0,-0.4,0.4,강한매수,양봉,완만한상승,1.0,2.2,2026-10-07
IQI,1.0,8.68,347617,345977,3.02,3.72,0.8,-1.1,-1.3,매도주의,장대음봉,잔구간,0.2,-1.18,2026-10-07
INMD,1.0,14.01,511975,517937,7.17,6.21,1.2,-0.6,0.7,강한매수,장대양봉,완만한상승,0.77,3.22,2026-10-07
INO,1.0,1.155,2796936,2803294,3.23,3.02,1.1,-0.9,3.1,중립,양봉,잔구간,0.56,0.385,2026-10-07
IMNM,1.0,19.095,1161063,1193925,22.17,35.36,0.6,-1.9,0.8,중립,위꼬리양봉,잔구간,0.25,-0.65,2026-10-07
OPTX,1.0,8.89,580289,598776,5.16,4.13,1.3,-4.7,-5.0,매도주의,장대음봉,잔구간,0.25,-1.15,2026-10-07
ORC,1.0,5.0,9260463,9453066,46.3,42.01,1.1,-1.0,-0.4,중립,망치형,잔구간,0.62,0.57,2026-10-07
OOMA,1.0,19.72,497786,485547,9.82,9.76,1.0,-0.4,-0.4,중립,팽이도지,잔구간,0.43,-0.04,2026-10-07
OIS,1.0,8.09,864659,906962,7.0,6.62,1.1,-0.5,-1.8,중립,음봉,잔구간,0.2,-0.53,2026-10-07
TDOC,1.0,5.56,3624108,3737587,20.15,21.47,0.9,-0.2,-3.5,매도주의,장대음봉,잔구간,0.13,-1.22,2026-10-07
TEO,1.0,12.62,324843,320030,4.1,3.39,1.2,-0.1,-0.5,중립,팽이도지,잔구간,0.31,-0.115,2026-10-07
BXDC,1.0,16.99,2353440,2336192,39.98,44.34,0.9,0.0,-2.5,매도주의,장대음봉,전저점부근,0.15,-1.67,2026-10-07
BXMT,1.0,11.2,3629138,3804716,40.65,39.86,1.0,-0.2,-0.2,중립,망치형,잔구간,0.84,0.705,2026-10-07
BTG,1.0,5.0,21046169,20200517,105.23,106.02,1.0,-3.1,-1.0,매도주의,음봉,전저점이탈,0.29,-1.7,2026-10-07
BUR,1.0,3.5,1932477,2020821,6.76,8.86,0.8,-1.4,-2.0,중립,음봉,전저점부근,0.21,-0.3,2026-10-07
BTDR,1.0,10.4,8359236,8631106,86.94,105.2,0.8,-3.1,-1.6,중립,팽이도지,잔구간,0.43,-0.04,2026-10-07
OLN,1.0,15.92,3964043,3892641,63.11,81.14,0.8,-0.7,-1.1,중립,음봉,잔구간,0.31,-0.465,2026-10-07
LAR,1.0,5.37,1244779,1203406,6.68,6.48,1.0,-2.9,-0.9,중립,음봉,잔구간,0.25,-0.5,2026-10-07
BLCO,1.0,17.34,349052,336899,6.05,5.41,1.1,1.5,-0.5,중립,음봉,완만한상승,0.57,0.28,2026-10-07
BLND,1.0,1.01,1441084,1414902,1.46,1.61,0.9,-1.0,0.0,중립,팽이도지,잔구간,0.4,-0.06,2026-10-07
BIOA,1.0,6.26,799968,769643,5.01,6.6,0.8,-1.0,0.5,중립,위꼬리양봉,잔구간,0.18,-0.69,2026-10-07
BITO,1.0,11.14,69928920,68742999,779.01,776.02,1.0,-2.8,0.1,중립,팽이도지,잔구간,0.69,0.115,2026-10-07
BIZD,1.0,12.03,3079414,2949474,37.05,33.94,1.1,-0.5,-0.3,중립,망치형,전저점이탈,0.76,0.56,2026-10-07
SPCE,1.0,3.01,4525388,4609060,13.62,14.24,1.0,-1.6,-0.3,중립,팽이도지,잔구간,0.64,0.085,2026-10-07
SOFX,1.0,6.83,1429015,1469906,9.76,11.42,0.9,-2.9,1.3,매수관심,양봉,수횡파,0.83,1.7,2026-10-07
CRCG,1.0,11.42,2017384,1957360,23.04,30.97,0.7,-8.2,0.4,매수관심,양봉스프링,잔구간,0.77,0.91,2026-10-07
CRF,1.0,6.18,1083783,1104128,6.7,7.19,0.9,-0.5,-0.6,중립,음봉,잔구간,0.44,-0.385,2026-10-07
CRGY,1.0,13.47,4320417,4118341,58.2,61.93,0.9,0.7,-1.8,중립,음봉,잔구간,0.4,-0.41,2026-10-07
CPB,1.0,18.9,8203460,8015035,155.05,155.84,1.0,0.5,-1.0,중립,음봉,전저점부근,0.56,0.12,2026-10-07
HTGC,1.0,16.36,1158203,1215535,18.95,20.29,0.9,-0.4,-0.8,강한매도,장대음봉,전저점이탈,0.38,-2.89,2026-10-07
HTLD,1.0,11.28,601643,596882,6.79,7.46,0.9,-1.1,0.6,중립,팽이도지,잔구간,0.69,0.115,2026-10-07
PDM,1.0,9.09,1755569,1706342,15.96,14.67,1.1,-0.8,1.5,매수관심,장대양봉,잔구간,0.88,1.23,2026-10-07
PBYI,1.0,9.81,375312,360813,3.68,3.55,1.0,-0.5,3.8,매수관심,장대양봉,잔구간,0.73,1.14,2026-10-07
OTF,1.0,9.25,2412566,2379476,22.32,21.13,1.1,-0.6,-0.5,중립,망치형,전저점이탈,0.55,0.31,2026-10-07
OWL,1.0,9.11,18610105,19554862,169.54,191.49,0.9,-1.5,2.0,매수관심,양봉,완만한상승,0.74,1.89,2026-10-07
IREZ,1.0,10.745,1893182,1928499,20.34,22.85,0.9,4.9,7.1,강한매수,장대양봉,전고점돌파,0.84,3.91,2026-10-07
IRWD,1.0,3.75,2051191,2048578,7.69,7.43,1.0,-1.4,4.7,중립,양봉,잔구간,0.64,0.435,2026-10-07
CABO,1.0,13.21,559480,567178,7.39,7.44,1.0,-2.4,4.3,매수관심,양봉,완만한상승,0.75,1.9,2026-10-07
TALO,1.0,16.66,1735249,1812995,28.91,31.63,0.9,1.3,-1.8,중립,음봉,잔구간,0.4,-0.41,2026-10-07
TK,1.0,14.73,555375,574019,8.18,7.69,1.1,0.5,-0.3,매도주의,위꼬리음봉,완만한상승,0.13,-1.04,2026-10-07
TLK,1.0,13.04,1019907,1045378,13.3,12.47,1.1,-0.1,1.5,중립,양봉,잔구간,0.65,0.44,2026-10-07
KOPN,1.0,4.57,2973115,2958123,13.59,14.69,0.9,-1.6,-4.8,매도주의,장대음봉,잔구간,0.1,-1.24,2026-10-07
OEC,1.0,5.72,398191,412674,2.28,2.46,0.9,-0.9,0.9,매수관심,양봉,완만한상승,0.42,1.5,2026-10-07
OI,1.0,5.78,4140670,3961347,23.93,21.82,1.1,-1.4,1.9,매수관심,양봉,완만한상승,0.76,1.91,2026-10-07
OBE,1.0,10.63,640492,636369,6.81,7.08,1.0,0.9,-0.8,중립,팽이도지,완만한상승,0.31,0.67,2026-10-07
OCGN,1.0,1.0,5221078,5394824,5.22,6.72,0.8,0.0,-3.8,매도주의,장대음봉,전저점부근,0.0,-1.85,2026-10-07
OCSL,1.0,11.65,455093,442286,5.3,5.41,1.0,0.0,-0.4,중립,망치형,전저점이탈,0.75,0.55,2026-10-07
NXRT,1.0,19.5,934424,913146,18.22,18.69,1.0,0.0,-3.4,매도주의,장대음봉,잔구간,0.39,-1.065,2026-10-07
NVDQ,1.0,7.52,6460512,6283795,48.58,49.94,1.0,1.2,0.0,중립,팽이도지,잔구간,0.59,0.055,2026-10-07
NVG,1.0,10.42,2142762,2084801,22.33,21.8,1.0,-1.9,0.2,매수관심,양봉스프링,잔구간,0.87,0.97,2026-10-07
NVTS,1.0,11.3,18375097,19163819,207.64,208.42,1.0,-2.5,-3.1,매도주의,음봉,전저점이탈,0.3,-1.69,2026-10-07
NWBI,1.0,14.72,1048069,1061491,15.43,15.59,1.0,-0.3,-1.1,매도주의,장대음봉,잔구간,0.38,-1.07,2026-10-07
LTBR,1.0,6.42,754679,755908,4.85,4.44,1.1,-2.2,-4.0,매도주의,장대음봉,잔구간,0.27,-1.14,2026-10-07
BCYC,1.0,3.73,479627,500328,1.79,2.23,0.8,-1.1,-0.5,중립,팽이도지,잔구간,0.4,-0.06,2026-10-07
BB,1.0,8.77,19632634,20591323,172.18,227.21,0.8,-2.5,-6.1,매도주의,장대음봉,잔구간,0.05,-1.27,2026-10-07
SLRC,1.0,11.425,356253,369392,4.07,4.47,0.9,-0.4,0.4,강한매수,양봉스프링,전저점부근,0.98,3.83,2026-10-07
SKHZ,1.0,9.855,927375,914518,9.14,9.5,1.0,2.4,-0.2,중립,팽이도지,전고점부근,0.63,-0.29,2026-10-07
SLDP,1.0,2.4,2428608,2548486,5.83,6.61,0.9,-1.3,3.4,강한매수,양봉,완만한상승,0.86,2.03,2026-10-07
HRL,1.0,19.55,6070469,6017211,118.68,107.15,1.1,1.3,-2.9,매도주의,장대음봉,전저점부근,0.03,-1.81,2026-10-07
HRZN,1.0,4.49,329098,322205,1.48,1.43,1.0,-0.4,-1.5,매도주의,음봉,전저점이탈,0.42,-1.55,2026-10-07
HLN,1.0,9.02,18243583,18955443,164.56,169.87,1.0,2.9,-1.2,매도주의,장대음봉,완만한상승,0.07,-1.62,2026-10-07
HNST,1.0,4.93,1384280,1367377,6.82,7.43,0.9,0.0,-2.0,매도주의,음봉,전저점이탈,0.15,-1.87,2026-10-07
HYPD,1.0,3.59,357685,361130,1.28,1.95,0.7,-3.7,-2.4,매도주의,음봉,전저점이탈,0.49,-1.46,2026-10-07
CGBD,1.0,10.4,514324,503295,5.35,5.04,1.1,-0.2,-0.8,매도주의,음봉,전저점이탈,0.55,-1.39,2026-10-07
SRAD,1.0,12.06,1629830,1693551,19.66,25.23,0.8,0.0,-1.0,중립,망치형,잔구간,0.65,0.59,2026-10-07
SPAX,1.0,12.44,2004619,2079700,24.94,22.21,1.1,-4.5,-0.7,중립,팽이도지,잔구간,0.35,-0.09,2026-10-07
SFL,1.0,13.28,1211297,1213109,16.09,17.86,0.9,0.8,-1.0,중립,음봉,잔구간,0.09,-0.595,2026-10-07
SGML,1.0,9.86,2923054,3057924,28.82,24.63,1.2,6.3,-4.5,매도주의,장대음봉,완만한상승,0.27,-1.38,2026-10-07
SENS,1.0,9.16,637678,656470,5.84,7.04,0.8,-1.3,-6.8,강한매도,장대음봉,전저점이탈,0.07,-3.27,2026-10-07
GSM,1.0,4.32,1282335,1234614,5.54,4.67,1.2,-1.6,1.2,중립,양봉,잔구간,0.84,0.555,2026-10-07
GPK,1.0,8.52,7555432,7630951,64.37,61.63,1.0,-0.9,-0.1,중립,팽이도지,잔구간,0.44,-0.035,2026-10-07
GPRE,1.0,15.34,969491,1016864,14.87,17.23,0.9,0.3,0.9,강한매수,양봉,완만한상승,0.9,2.08,2026-10-07
GNW,1.0,9.63,4715348,4844683,45.41,38.75,1.2,-0.5,0.5,매수관심,양봉,완만한상승,0.36,1.43,2026-10-07
PMT,1.0,7.9,2656997,2560386,20.99,18.47,1.1,-0.7,-0.9,중립,음봉,잔구간,0.59,-0.295,2026-10-07
PL,1.0,17.75,10225442,10343581,181.5,192.93,0.9,-3.7,-0.7,중립,망치형,잔구간,0.6,0.56,2026-10-07
PHR,1.0,10.5,595891,587747,6.26,6.62,0.9,0.0,2.4,강한매수,장대양봉,완만한상승,0.87,3.34,2026-10-07
HPP,1.0,11.63,773251,759265,8.99,7.83,1.1,-0.1,0.5,강한매수,양봉스프링,완만한상승,0.87,2.84,2026-10-07
SNDL,1.0,1.25,1257375,1301058,1.57,1.65,1.0,-0.8,2.5,매수관심,장대양봉,잔구간,0.8,1.18,2026-10-07
TRLV,1.0,10.78,2012105,2084190,21.69,28.67,0.8,0.5,0.7,중립,팽이도지,잔구간,0.62,0.07,2026-10-07
BRSP,1.0,3.78,1802441,1807252,6.81,8.2,0.8,-0.3,0.0,중립,팽이도지,잔구간,0.41,-0.055,2026-10-07
NUAI,1.0,5.53,6781132,7007869,37.5,50.98,0.7,-3.1,-2.6,매도주의,음봉,전저점이탈,0.37,-1.61,2026-10-07
NUV,1.0,8.17,1815136,1882747,14.83,17.47,0.8,-1.1,0.2,매수관심,양봉스프링,잔구간,1.0,1.05,2026-10-07
NNE,1.0,16.01,1787238,1796035,28.61,29.44,1.0,-3.1,0.2,매수관심,양봉스프링,잔구간,0.98,1.04,2026-10-07
NOWL,1.0,7.43,3127473,3092549,23.24,27.64,0.8,2.5,-2.7,중립,음봉,잔구간,0.11,-0.585,2026-10-07
METC,1.0,8.23,2226823,2145049,18.33,15.94,1.1,-2.3,2.5,중립,양봉,잔구간,0.87,0.57,2026-10-07
MFG,1.0,10.77,3264770,3427524,35.16,37.6,0.9,-2.3,-1.1,중립,음봉,잔구간,0.43,-0.39,2026-10-07
UPB,1.0,4.61,908403,903870,4.19,3.87,1.1,-0.9,1.3,중립,양봉,잔구간,0.5,0.35,2026-10-07
AVS,1.0,7.674,9580263,10021798,73.52,76.0,1.0,1.2,-1.4,매도주의,장대음봉,잔구간,0.06,-1.265,2026-10-07
ATTO,1.0,16.42,515712,526234,8.47,9.63,0.9,-0.6,-5.6,강한매도,장대음봉,전저점이탈,0.07,-3.27,2026-10-07
AURA,1.0,6.46,723720,736452,4.68,5.61,0.8,-1.1,5.9,강한매수,장대양봉,전고점돌파,0.78,3.84,2026-10-07
DNUT,1.0,2.92,1978260,2004303,5.78,5.58,1.0,-1.0,-2.3,매도주의,장대음봉,잔구간,0.21,-1.175,2026-10-07
DOC,1.0,18.66,5154093,5307001,96.18,119.03,0.8,0.0,-1.8,강한매도,장대음봉,전저점이탈,0.03,-3.31,2026-10-07
DEI,1.0,9.86,2604873,2540316,25.68,26.17,1.0,-0.3,0.8,매수관심,양봉,완만한상승,0.69,1.83,2026-10-07
DC,1.0,5.61,1053486,1079984,5.91,8.07,0.7,-3.1,-1.6,강한매도,장대음봉,전저점이탈,0.17,-3.15,2026-10-07
RZLT,1.0,4.38,1689851,1674587,7.4,8.81,0.8,-0.7,2.1,중립,위꼬리양봉,잔구간,0.45,-0.53,2026-10-07
PTON,1.0,4.85,8376446,8287321,40.63,41.86,1.0,-0.6,0.2,중립,팽이도지,잔구간,0.67,0.1,2026-10-07
PSO,1.0,16.42,536690,537178,8.81,9.03,1.0,0.4,0.2,매수관심,팽이도지,전고점돌파,0.71,1.75,2026-10-07
PSFE,1.0,5.71,313045,326894,1.79,2.06,0.9,-1.3,4.0,매수관심,장대양봉,잔구간,0.71,1.125,2026-10-07
POWW,1.0,2.23,506660,483320,1.13,1.04,1.1,0.0,3.2,강한매수,장대양봉,완만한상승,1.0,3.5,2026-10-07
GRPN,1.0,18.43,940675,902465,17.34,18.41,0.9,-5.0,3.0,매수관심,양봉,전저점부근,0.91,1.94,2026-10-07
CWH,1.0,4.52,2123031,2076847,9.6,12.42,0.8,-1.8,1.6,중립,양봉,잔구간,0.51,0.355,2026-10-07
CRK,1.0,13.78,2406893,2437065,33.17,32.78,1.0,1.1,-0.1,강한매수,망치형,전고점돌파,0.89,2.97,2026-10-07
AAL,1.0,12.85,54915537,57552870,705.66,851.66,0.8,-1.5,0.4,매수관심,양봉스프링,잔구간,0.91,0.995,2026-10-07
WWW,1.0,18.85,915407,952689,17.26,15.08,1.1,1.2,-3.5,매도주의,장대음봉,잔구간,0.17,-1.2,2026-10-07
FDUS,1.0,18.82,302250,291389,5.69,6.18,0.9,0.1,-0.4,중립,망치형,전저점이탈,0.8,0.61,2026-10-07
ECVT,1.0,10.31,1097045,1131085,11.31,10.96,1.0,-0.3,-0.3,중립,팽이도지,잔구간,0.52,0.01,2026-10-07
EVGO,1.0,1.29,3044586,3058716,3.93,4.43,0.9,0.0,-2.3,중립,음봉,잔구간,0.5,-0.35,2026-10-07
FRNM,1.0,16.03,648250,649140,10.39,9.14,1.1,-1.0,-1.0,중립,팽이도지,잔구간,0.28,-0.13,2026-10-07
GGB,1.0,5.02,13301265,12890952,66.77,70.4,0.9,-0.8,-1.2,매도주의,장대음봉,잔구간,0.22,-1.17,2026-10-07
GCTS,1.0,2.06,1382912,1380384,2.85,2.86,1.0,-1.9,-1.0,중립,음봉,잔구간,0.5,-0.35,2026-10-07
BDN,1.0,2.77,1548058,1508836,4.29,4.59,0.9,-0.4,1.1,매수관심,양봉,완만한상승,0.67,1.8,2026-10-07
BEZ,1.0,4.475,5785049,5864898,25.89,33.53,0.8,7.5,-4.2,중립,음봉,잔구간,0.44,-0.385,2026-10-07
MBC,1.0,6.93,2636375,2580875,18.27,21.64,0.8,-1.8,-0.6,강한매수,망치형,수횡파,0.86,3.03,2026-10-07
MCHB,1.0,14.61,544947,557808,7.96,7.69,1.0,-0.9,-1.0,중립,음봉,잔구간,0.13,-0.57,2026-10-07
MAGN,1.0,11.66,328820,344506,3.83,4.3,0.9,-1.1,0.7,중립,위꼬리양봉,잔구간,0.33,-0.6,2026-10-07
EVV,1.0,8.36,950446,981029,7.95,8.3,1.0,-0.2,-0.6,중립,음봉,잔구간,0.44,-0.385,2026-10-07
EXK,1.0,8.32,5870748,5940089,48.84,67.77,0.7,-4.7,0.7,매도주의,팽이도지,전저점이탈,0.46,-0.8,2026-10-07
RARE,1.0,14.89,4162727,4270150,61.98,67.04,0.9,-0.6,3.6,중립,양봉,잔구간,0.6,0.41,2026-10-07
RDW,1.0,10.24,14118458,14579116,144.57,155.91,0.9,-2.6,-1.0,강한매수,망치형,전저점부근,0.69,2.98,2026-10-07
FLG,1.0,11.3,6175734,6324274,69.79,71.64,1.0,-0.9,-1.4,강한매도,장대음봉,전저점이탈,0.22,-3.09,2026-10-07
QNST,1.0,15.4,896718,899160,13.81,15.21,0.9,-0.4,2.9,강한매수,장대양봉,완만한상승,0.85,3.32,2026-10-07
QS,1.0,4.52,11270190,11676778,50.94,57.05,0.9,-1.9,-0.9,중립,음봉,잔구간,0.54,-0.325,2026-10-07
QBTS,1.0,15.22,14389278,13885607,219.0,270.82,0.8,-2.7,-0.9,중립,음봉,전저점부근,0.48,0.03,2026-10-07
QDEL,1.0,12.31,2456574,2555329,30.24,20.22,1.5,-1.8,-0.2,중립,망치형,잔구간,0.83,0.7,2026-10-07
RILY,1.0,4.99,683237,711826,3.41,3.75,0.9,-2.0,2.5,강한매수,장대양봉,완만한상승,0.78,3.24,2026-10-07
AMC,1.0,2.88,21237614,20748757,61.16,87.75,0.7,-1.7,-0.7,중립,팽이도지,잔구간,0.27,-0.14,2026-10-07
AMPY,1.0,4.46,460351,466717,2.05,2.22,0.9,0.4,-0.9,중립,음봉,잔구간,0.24,-0.505,2026-10-07
ADMA,1.0,10.14,3049651,3125865,30.92,30.43,1.0,-0.3,-0.1,중립,팽이도지,잔구간,0.28,-0.13,2026-10-07
USOY,1.0,7.245,374757,365631,2.72,3.15,0.9,0.0,-0.5,매도주의,위꼬리음봉,잔구간,0.25,-0.9,2026-10-07
UWMC,1.0,1.13,13354848,13348175,15.09,15.17,1.0,-3.3,-2.6,매도주의,음봉,전저점이탈,0.3,-1.69,2026-10-07
AEVA,1.0,14.34,1191648,1240770,17.09,19.51,0.9,-3.2,1.6,중립,양봉,잔구간,0.88,0.58,2026-10-07
AGNC,1.0,8.46,43637587,41571857,369.17,381.17,1.0,-1.1,-1.7,강한매도,장대음봉,전저점이탈,0.2,-3.11,2026-10-07
WCMI,1.0,18.99,1010392,1033276,19.19,23.37,0.8,-1.6,-0.1,중립,망치형,잔구간,0.89,0.735,2026-10-07
WB,1.0,6.48,947177,950630,6.14,5.4,1.1,-0.8,0.6,중립,양봉,잔구간,0.75,0.5,2026-10-07
AIRJ,1.0,3.68,774624,776859,2.85,3.05,0.9,-1.8,-1.9,매도주의,음봉,전저점이탈,0.21,-1.8,2026-10-07
WULF,1.0,14.4,27589298,27040397,397.29,412.81,1.0,-3.1,-0.7,중립,팽이도지,전저점부근,0.53,0.79,2026-10-07
AIRS,1.0,1.82,877923,859521,1.6,1.8,0.9,-2.2,0.0,중립,팽이도지,잔구간,0.33,-0.1,2026-10-07
ACEL,0.9,10.94,398299,459124,4.36,4.66,0.9,-0.7,0.7,강한매수,양봉,완만한상승,1.0,2.2,2026-10-07
ZTO,0.9,19.8,2275716,2406497,45.06,58.59,0.8,-0.1,0.7,강한매수,장대양봉,전고점돌파,0.74,3.79,2026-10-07
AAOG,0.9,3.03,5102224,5459290,15.46,10.84,1.4,-6.7,-5.6,중립,음봉,잔구간,0.36,-0.435,2026-10-07
AAOX,0.9,13.69,10604453,12126121,145.17,125.12,1.2,-6.3,-5.6,중립,음봉,잔구간,0.37,-0.43,2026-10-07
ACCO,0.9,4.42,412044,442688,1.82,2.17,0.8,-0.7,1.8,강한매수,장대양봉,완만한상승,0.89,3.37,2026-10-07
XPOF,0.9,4.85,857897,957283,4.16,3.97,1.0,-1.0,1.5,중립,위꼬리양봉,완만한상승,0.29,-0.35,2026-10-07
XMAX,0.9,8.74,386723,423271,3.38,4.6,0.7,-0.2,0.0,중립,위꼬리양봉,잔구간,0.24,-0.655,2026-10-07
ADAM,0.9,7.49,1082526,1255136,8.11,9.93,0.8,-1.2,-1.8,매도주의,음봉,전저점이탈,0.32,-1.67,2026-10-07
ABTC,0.9,8.22,791359,882396,6.5,9.04,0.7,-3.4,0.7,매수관심,양봉스프링,잔구간,0.9,0.99,2026-10-07
MVST,0.9,0.616,2603319,3053545,1.6,2.42,0.7,-0.4,1.1,매수관심,양봉스프링,잔구간,0.83,0.95,2026-10-07
MUX,0.9,17.08,786437,885821,13.43,29.1,0.5,-3.8,-2.0,강한매도,장대음봉,전저점이탈,0.3,-2.99,2026-10-07
MUA,0.9,9.2,418936,441366,3.85,5.54,0.7,-0.6,-1.6,강한매도,장대음봉,전저점이탈,0.0,-3.35,2026-10-07
ALIT,0.9,9.93,486112,536873,4.83,5.41,0.9,-1.3,11.1,매수관심,장대양봉,잔구간,0.86,1.215,2026-10-07
FHTX,0.9,2.09,917105,986325,1.92,6.28,0.3,-2.5,8.9,매수관심,장대양봉,잔구간,0.75,1.15,2026-10-07
FLNC,0.9,7.67,5528491,5877650,42.4,53.09,0.8,-3.7,-0.8,중립,망치형,잔구간,0.71,0.625,2026-10-07
FMNB,0.9,15.06,315085,358715,4.75,5.09,0.9,-0.8,-0.3,중립,음봉,잔구간,0.41,-0.405,2026-10-07
SBGI,0.9,13.05,499004,539260,6.51,6.43,1.0,-1.2,2.0,강한매수,양봉,전고점돌파,0.9,2.68,2026-10-07
ENGN,0.9,1.745,708287,797897,1.24,1.63,0.8,0.0,-3.1,강한매도,음봉,전저점이탈,0.04,-2.0,2026-10-07
ENOV,0.9,17.61,1289809,1448898,22.71,26.41,0.9,-0.9,-2.3,매도주의,장대음봉,잔구간,0.13,-1.22,2026-10-07
REAX,0.9,16.29,450228,480638,7.33,10.64,0.7,-2.0,-0.7,중립,팽이도지,수횡파,0.45,0.54,2026-10-07
DQ,0.9,10.9,429065,456269,4.68,6.09,0.8,-1.7,0.1,중립,팽이도지,잔구간,0.6,0.06,2026-10-07
ERII,0.9,6.73,688977,775171,4.64,5.67,0.8,-2.0,-3.0,매도주의,장대음봉,잔구간,0.31,-1.115,2026-10-07
EROC,0.9,13.08,2305676,2517149,30.16,29.82,1.0,-2.5,-1.7,중립,음봉,잔구간,0.25,-0.5,2026-10-07
EMBC,0.9,5.91,994131,1095650,5.88,5.74,1.0,-1.5,0.9,매도주의,위꼬리양봉,수횡파,0.17,-0.8,2026-10-07
SFIX,0.9,2.73,3317986,3844934,9.06,14.77,0.6,-1.5,3.8,강한매수,장대양봉,전고점부근,0.88,2.01,2026-10-07
SHC,0.9,17.9,1609460,1841655,28.81,31.76,0.9,-0.7,-1.3,강한매도,위꼬리음봉,전저점이탈,0.04,-2.8,2026-10-07
SERV,0.9,4.66,2308159,2698058,10.76,12.16,0.9,-1.3,-1.1,중립,망치형,잔구간,0.71,0.625,2026-10-07
DCH,0.9,5.79,3920940,4191540,22.7,29.85,0.8,-0.3,-0.7,중립,망치형,잔구간,0.86,0.715,2026-10-07
ASTN,0.9,16.92,328180,360872,5.55,6.44,0.9,5.7,1.1,중립,위꼬리양봉,완만한상승,0.16,-0.51,2026-10-07
AUTL,0.9,1.81,1551347,1726730,2.81,3.06,0.9,-0.6,1.7,강한매수,양봉,완만한상승,1.0,2.2,2026-10-07
AVEX,0.9,14.23,1484374,1681421,21.12,22.76,0.9,-2.3,-3.9,매도주의,장대음봉,잔구간,0.38,-1.07,2026-10-07
AVO,0.9,12.51,749974,837384,9.38,11.28,0.8,-0.2,-1.7,강한매도,장대음봉,전저점이탈,0.08,-3.25,2026-10-07
BGS,0.9,2.53,2565451,2921832,6.49,6.95,0.9,0.4,3.3,중립,양봉,잔구간,0.64,0.435,2026-10-07
BILI,0.9,14.92,2007331,2149478,29.95,37.89,0.8,-0.1,0.3,매수관심,팽이도지,완만한상승,0.67,1.1,2026-10-07
UTI,0.9,19.89,1444311,1532663,28.73,32.85,0.9,-0.9,2.1,매수관심,양봉,완만한상승,0.79,1.95,2026-10-07
MFIC,0.9,8.44,608222,685783,5.13,6.38,0.8,-0.4,-0.4,중립,망치형,전저점이탈,0.81,0.62,2026-10-07
NMRK,0.9,12.195,1653420,1790355,20.16,25.48,0.8,-1.3,-1.9,중립,음봉,잔구간,0.47,-0.37,2026-10-07
MAT,0.9,16.37,11621990,13201895,190.25,166.15,1.1,3.1,-0.3,매수관심,팽이도지,완만한상승,0.47,0.86,2026-10-07
MATW,0.9,19.58,734836,825646,14.39,19.97,0.7,-0.6,1.5,강한매수,양봉,완만한상승,0.94,2.13,2026-10-07
LODE,0.9,2.17,1239148,1375240,2.69,3.26,0.8,-1.8,-2.3,강한매도,장대음봉,전저점이탈,0.13,-3.19,2026-10-07
LPTH,0.9,10.4,2157137,2335170,22.43,22.89,1.0,-2.8,-1.6,중립,음봉,잔구간,0.29,-0.475,2026-10-07
NUVB,0.9,4.86,5449991,6101671,26.49,32.65,0.8,-1.4,1.0,중립,양봉,잔구간,0.44,0.315,2026-10-07
METD,0.9,12.9,360090,407504,4.65,13.59,0.3,0.4,2.1,강한매수,장대양봉,완만한상승,0.97,3.46,2026-10-07
FVRR,0.9,8.5,605122,654262,5.14,5.26,1.0,-0.2,0.6,매수관심,양봉,수횡파,0.7,1.54,2026-10-07
FOXF,0.9,18.62,675367,776842,12.58,12.44,1.0,-0.7,-3.3,중립,음봉,잔구간,0.42,-0.4,2026-10-07
SIBN,0.9,19.1,547632,628098,10.46,11.05,0.9,-1.4,-0.9,매도주의,위꼬리음봉,잔구간,0.17,-0.95,2026-10-07
CRMU,0.9,1.91,721779,771701,1.38,2.16,0.6,-5.3,-2.6,중립,음봉,잔구간,0.22,-0.52,2026-10-07
FSK,0.9,10.75,2188587,2369921,23.53,21.96,1.1,-0.7,0.2,강한매수,양봉스프링,전저점부근,0.86,3.68,2026-10-07
FUBO,0.9,9.25,1002950,1108525,9.28,10.31,0.9,-0.5,5.2,매수관심,장대양봉,잔구간,0.9,1.24,2026-10-07
CTMX,0.9,2.55,2341381,2660981,5.97,8.21,0.7,-1.2,0.8,중립,위꼬리양봉,잔구간,0.23,-0.66,2026-10-07
CTNM,0.9,12.73,707729,784126,9.01,9.45,1.0,-1.8,2.5,중립,양봉,잔구간,0.6,0.41,2026-10-07
RBBN,0.9,1.84,1147070,1322577,2.11,2.68,0.8,-1.7,5.7,강한매수,장대양봉,전고점돌파,0.79,3.85,2026-10-07
RDTL,0.9,12.88,589417,667483,7.59,8.94,0.8,-2.0,7.2,강한매수,장대양봉,완만한상승,0.76,3.21,2026-10-07
F,0.9,12.12,37646320,41198841,456.27,520.36,0.9,-0.7,-0.6,중립,음봉,잔구간,0.44,-0.385,2026-10-07
FCF,0.9,19.86,1054057,1212187,20.93,23.0,0.9,-0.6,-0.4,중립,음봉,잔구간,0.49,-0.355,2026-10-07
SNAP,0.9,5.81,29503038,33471773,171.41,172.19,1.0,-1.4,1.9,매수관심,양봉,완만한상승,0.65,1.78,2026-10-07
CWK,0.9,11.42,3176797,3544630,36.28,34.92,1.0,-0.6,-3.8,강한매도,장대음봉,전저점이탈,0.29,-3.0,2026-10-07
CYH,0.9,2.72,1030661,1156595,2.8,3.17,0.9,-0.7,0.0,중립,위꼬리양봉,잔구간,0.2,-0.68,2026-10-07
CRWG,0.9,18.64,1684900,1841598,31.41,37.3,0.8,-3.3,-3.9,매도주의,장대음봉,잔구간,0.34,-1.095,2026-10-07
CSIQ,0.9,11.25,1255631,1336655,14.13,20.77,0.7,-3.3,0.8,중립,양봉,잔구간,0.91,0.595,2026-10-07
BCRX,0.9,8.4,5122732,5577377,43.03,47.41,0.9,-0.5,6.2,매수관심,장대양봉,잔구간,0.96,1.275,2026-10-07
TSLX,0.9,17.18,531564,575338,9.13,9.07,1.0,-0.8,0.2,매수관심,양봉스프링,전저점이탈,0.88,1.21,2026-10-07
TU,0.9,7.94,6054670,6662257,48.07,59.04,0.8,-0.4,1.1,중립,양봉,잔구간,0.71,0.475,2026-10-07
TV,0.9,2.23,719074,796294,1.6,2.13,0.8,-1.3,-0.9,중립,음봉,잔구간,0.25,-0.5,2026-10-07
TWI,0.9,6.85,489904,560075,3.36,4.13,0.8,-1.4,-1.2,중립,망치형,잔구간,0.66,0.595,2026-10-07
UAMY,0.9,3.86,4237716,4778890,16.36,18.63,0.9,-3.3,0.0,강한매수,양봉스프링,전저점부근,0.92,3.75,2026-10-07
LUCD,0.9,0.624,1712838,1804983,1.07,1.3,0.8,-1.5,5.5,중립,양봉,잔구간,0.55,0.38,2026-10-07
LUMN,0.9,5.91,10526689,12171197,62.21,71.43,0.9,-1.9,2.1,중립,양봉,전고점부근,0.71,0.5,2026-10-07
UGP,0.9,7.74,4667863,5390897,36.13,38.91,0.9,2.1,-2.0,매도주의,장대음봉,완만한상승,0.06,-1.63,2026-10-07
UIS,0.9,2.29,627392,698027,1.44,1.57,0.9,-0.9,0.0,중립,팽이도지,잔구간,0.4,-0.06,2026-10-07
KLAR,0.9,13.25,4098939,4612939,54.31,74.85,0.7,-1.5,1.5,매수관심,양봉,완만한상승,0.8,1.96,2026-10-07
KODK,0.9,9.79,726316,850458,7.11,7.24,1.0,-1.3,0.5,중립,팽이도지,잔구간,0.66,0.095,2026-10-07
NWL,0.9,5.72,4062835,4656368,23.24,26.23,0.9,-0.4,3.4,강한매수,장대양봉,전고점돌파,0.96,4.05,2026-10-07
NXE,0.9,8.99,4417714,4835540,39.72,40.98,1.0,-3.1,-1.6,매도주의,장대음봉,잔구간,0.4,-1.06,2026-10-07
KULR,0.9,2.59,515646,544121,1.34,1.5,0.9,-1.5,1.6,매수관심,양봉,완만한상승,0.75,1.9,2026-10-07
LAES,0.9,2.34,2916231,3257891,6.82,9.35,0.7,-2.5,-0.8,중립,음봉,잔구간,0.25,-0.5,2026-10-07
CMRE,0.9,15.04,345376,369092,5.19,4.97,1.0,0.0,-0.4,매도주의,위꼬리음봉,잔구간,0.16,-0.955,2026-10-07
COMP,0.9,9.19,15310209,17933650,140.7,166.04,0.8,-2.9,1.9,중립,양봉,잔구간,0.8,0.53,2026-10-07
CONL,0.9,5.23,15499632,17082049,81.06,115.77,0.7,-6.0,-1.9,매도주의,음봉,전저점이탈,0.39,-1.58,2026-10-07
SMPL,0.9,9.89,1782607,2045048,17.63,20.71,0.9,-0.1,-0.6,매도주의,위꼬리음봉,잔구간,0.02,-1.04,2026-10-07
PSLV,0.9,19.43,6870245,7275025,133.49,140.09,1.0,-2.8,-0.1,중립,팽이도지,잔구간,0.35,-0.09,2026-10-07
PTLO,0.9,3.79,1577332,1749149,5.98,6.57,0.9,-1.1,1.3,매수관심,양봉,완만한상승,0.58,1.7,2026-10-07
GAU,0.9,1.95,2460829,2701371,4.8,5.1,0.9,-3.4,-2.0,매도주의,장대음봉,잔구간,0.08,-1.25,2026-10-07
GCMG,0.9,12.89,386375,415006,4.98,6.43,0.8,-1.0,-1.2,중립,음봉,잔구간,0.24,-0.505,2026-10-07
PRLD,0.9,3.83,454697,480496,1.74,2.23,0.8,0.7,-0.1,매수관심,팽이도지,완만한상승,0.58,1.0,2026-10-07
SPRY,0.9,4.36,1297976,1459924,5.66,5.72,1.0,-1.3,2.8,강한매수,장대양봉,완만한상승,0.79,3.25,2026-10-07
TKC,0.9,5.12,1543911,1753610,7.9,13.06,0.6,-1.7,0.8,중립,양봉,잔구간,0.75,0.5,2026-10-07
TLTW,0.9,19.91,2274826,2665376,45.29,50.95,0.9,-1.0,0.9,매수관심,장대양봉,잔구간,0.84,1.205,2026-10-07
BUYW,0.9,14.5,402422,466454,5.84,7.38,0.8,-0.1,-0.3,매도주의,장대음봉,잔구간,0.0,-1.3,2026-10-07
BVS,0.9,12.77,365217,405722,4.66,5.64,0.8,-0.8,-1.8,강한매도,음봉,전저점이탈,0.03,-2.01,2026-10-07
BSCT,0.9,18.275,786982,860651,14.38,19.19,0.7,-0.1,0.2,강한매수,장대양봉,전고점돌파,0.92,4.0,2026-10-07
ONDG,0.9,2.05,3200153,3442652,6.56,9.75,0.7,-4.1,-1.4,중립,망치형,잔구간,0.69,0.615,2026-10-07
KD,0.9,11.45,4194963,4464041,48.03,53.34,0.9,1.0,-1.2,중립,음봉,잔구간,0.58,-0.3,2026-10-07
IVAI,0.9,10.14,400401,470482,4.06,8.5,0.5,-0.1,-0.2,중립,망치형,잔구간,0.5,0.5,2026-10-07
IVR,0.9,5.62,3611343,4081177,20.3,22.86,0.9,-1.0,-0.7,매도주의,음봉,전저점이탈,0.33,-1.65,2026-10-07
BRBR,0.9,7.77,4359919,4680741,33.88,36.93,0.9,-0.1,1.2,매수관심,양봉,완만한상승,0.73,1.88,2026-10-07
IMSR,0.9,3.65,1328767,1471384,4.85,4.96,1.0,-3.8,-3.4,중립,음봉,전저점부근,0.23,-0.27,2026-10-07
KEP,0.9,11.13,578631,657295,6.44,7.72,0.8,-1.8,0.1,매수관심,양봉스프링,잔구간,0.84,0.955,2026-10-07
TRIP,0.9,8.63,3004850,3182581,25.93,33.1,0.8,0.1,1.2,중립,위꼬리양봉,완만한상승,0.44,-0.17,2026-10-07
TSHA,0.9,4.43,3912410,4368733,17.33,23.82,0.7,-1.4,2.3,중립,양봉,잔구간,0.85,0.56,2026-10-07
TSLG,0.9,5.08,53274029,60261230,270.63,271.56,1.0,-1.2,-0.4,중립,팽이도지,잔구간,0.42,-0.05,2026-10-07
BITX,0.9,19.43,8583166,9322885,166.77,200.84,0.8,-5.6,0.4,매수관심,양봉스프링,잔구간,0.76,0.905,2026-10-07
BNL,0.9,18.28,1857719,2052152,33.96,33.58,1.0,-2.0,0.1,중립,위꼬리양봉,잔구간,0.07,-0.76,2026-10-07
CFFN,0.9,8.42,913426,1034126,7.69,8.75,0.9,-1.2,0.0,중립,팽이도지,잔구간,0.56,0.035,2026-10-07
SOUN,0.9,5.63,14781903,16130629,83.22,90.26,0.9,-1.4,-0.2,매도주의,팽이도지,전저점이탈,0.27,-1.03,2026-10-07
SPCG,0.9,11.78,1437972,1613360,16.94,25.96,0.7,4.4,0.5,중립,팽이도지,잔구간,0.63,0.08,2026-10-07
IEP,0.9,6.65,829061,931819,5.51,6.51,0.8,-0.3,0.6,중립,양봉,잔구간,0.9,0.59,2026-10-07
IGD,0.9,6.15,356813,392900,2.19,2.11,1.0,0.2,0.7,중립,양봉,잔구간,0.75,0.5,2026-10-07
IGLD,0.9,19.9,649817,732043,12.93,13.36,1.0,-1.7,0.4,중립,양봉,전저점이탈,0.55,0.01,2026-10-07
IIIV,0.9,15.03,424447,479630,6.38,6.5,1.0,-0.9,1.3,중립,양봉,잔구간,0.96,0.625,2026-10-07
CGNT,0.9,8.72,384527,435727,3.35,4.2,0.8,-0.3,-0.9,중립,음봉,잔구간,0.18,-0.54,2026-10-07
PLAY,0.9,6.56,1759409,1913618,11.54,13.21,0.9,-1.2,-3.2,매도주의,장대음봉,잔구간,0.15,-1.21,2026-10-07
HIO,0.9,3.26,445510,486262,1.45,2.36,0.6,0.0,-0.6,중립,음봉,잔구간,0.5,-0.35,2026-10-07
HSHP,0.9,17.62,399499,445937,7.04,8.59,0.8,-0.2,-0.7,매도주의,위꼬리음봉,잔구간,0.08,-1.0,2026-10-07
SVRA,0.9,4.88,2415258,2601499,11.79,15.54,0.8,1.9,3.0,중립,양봉,잔구간,0.53,0.37,2026-10-07
SWBI,0.9,14.51,406885,440431,5.9,6.13,1.0,-1.2,1.1,중립,양봉,잔구간,0.94,0.615,2026-10-07
CLVT,0.9,1.47,3257490,3793963,4.79,6.22,0.8,0.0,0.0,중립,팽이도지,잔구간,0.71,0.125,2026-10-07
CMBT,0.9,19.95,1125258,1256196,22.45,20.77,1.1,0.5,0.9,매수관심,양봉,완만한상승,0.35,1.42,2026-10-07
PNNT,0.9,3.18,485304,526593,1.54,1.53,1.0,0.0,-0.9,매도주의,음봉,전저점이탈,0.4,-1.57,2026-10-07
CCAP,0.9,9.01,312200,333679,2.81,2.59,1.1,-0.1,-0.7,중립,망치형,잔구간,0.71,0.625,2026-10-07
CAG,0.9,13.25,15023916,17647626,199.07,241.81,0.8,0.4,-1.9,매도주의,장대음봉,잔구간,0.15,-1.21,2026-10-07
CAL,0.9,12.45,407823,434630,5.08,5.4,0.9,-2.7,2.7,강한매수,장대양봉,수횡파,0.92,4.1,2026-10-07
STUB,0.9,6.0,5307777,5695707,31.85,36.62,0.9,-1.0,5.8,강한매수,장대양봉,전고점돌파,0.88,3.96,2026-10-07
STWD,0.9,12.66,7443157,7907342,94.23,89.96,1.0,-0.6,-1.5,강한매도,장대음봉,전저점이탈,0.26,-3.04,2026-10-07
SUZ,0.9,8.42,2445610,2603162,20.59,24.39,0.8,0.1,0.1,중립,팽이도지,잔구간,0.34,-0.095,2026-10-07
SVC,0.9,6.38,1137357,1247023,7.26,8.26,0.9,-1.1,-0.6,중립,팽이도지,잔구간,0.36,-0.085,2026-10-07
PAL,0.9,3.42,543520,607563,1.86,3.15,0.6,-2.0,2.1,강한매수,양봉,완만한상승,0.89,2.07,2026-10-07
ITG,0.9,7.77,630473,689410,4.9,4.6,1.1,-1.9,-3.7,중립,음봉,잔구간,0.41,-0.405,2026-10-07
CC,0.9,13.98,1818194,2118296,25.42,26.71,1.0,-0.8,0.1,매수관심,양봉스프링,잔구간,0.75,0.9,2026-10-07
ITRG,0.9,2.53,1380453,1498261,3.49,4.09,0.9,-3.4,-1.6,매도주의,음봉,전저점이탈,0.18,-1.83,2026-10-07
OSUR,0.9,3.73,435061,507471,1.62,2.21,0.7,-0.8,-0.3,매도주의,팽이도지,전저점이탈,0.44,-0.82,2026-10-07
BTAL,0.9,12.0,489820,569752,5.88,7.63,0.8,1.0,-0.2,매도주의,위꼬리음봉,완만한상승,0.03,-1.16,2026-10-07
CCO,0.9,2.4,5874155,6552074,14.1,13.88,1.0,0.0,0.0,매수관심,팽이도지,완만한상승,0.5,0.9,2026-10-07
AGNT,0.9,3.785,1473144,1678224,5.58,6.41,0.9,-0.5,-0.4,중립,망치형,잔구간,0.73,0.64,2026-10-07
AGRO,0.9,10.48,565301,611373,5.92,5.98,1.0,-0.1,-3.1,매도주의,장대음봉,잔구간,0.0,-1.3,2026-10-07
ALOY,0.9,7.93,1389758,1574783,11.02,13.23,0.8,-2.5,0.1,매수관심,양봉스프링,잔구간,0.95,1.02,2026-10-07
ALTO,0.9,3.645,950892,1060300,3.47,3.79,0.9,-0.8,-2.0,매도주의,장대음봉,잔구간,0.05,-1.27,2026-10-07
AMTM,0.9,18.51,1776604,1946566,32.88,32.29,1.0,-1.0,-0.4,중립,망치형,잔구간,0.69,0.615,2026-10-07
WTI,0.9,3.57,2867422,3222640,10.24,12.51,0.8,1.7,-2.2,중립,음봉,잔구간,0.45,-0.38,2026-10-07
WTTR,0.9,19.33,1844924,2047095,35.66,42.83,0.8,-0.6,-2.7,중립,음봉,수횡파,0.3,-0.34,2026-10-07
WEN,0.9,6.11,4728053,5410356,28.89,34.35,0.8,-0.5,-0.3,매도주의,위꼬리음봉,잔구간,0.25,-0.9,2026-10-07
AEG,0.9,8.35,4530564,4881313,37.83,52.53,0.7,-1.5,0.0,매도주의,팽이도지,전저점이탈,0.45,-0.81,2026-10-07
EVTL,0.9,0.552,4130205,4733911,2.28,3.73,0.6,0.0,-1.3,중립,팽이도지,잔구간,0.48,-0.01,2026-10-07
DYN,0.9,15.97,3489862,3900425,55.73,49.58,1.1,0.0,3.7,매수관심,장대양봉,잔구간,0.83,1.2,2026-10-07
EAF,0.9,8.55,409244,466855,3.5,6.31,0.6,-2.0,-7.2,매도주의,장대음봉,잔구간,0.0,-1.3,2026-10-07
WOOF,0.9,2.22,2381803,2726817,5.29,5.47,1.0,-0.9,0.9,중립,양봉,잔구간,0.5,0.35,2026-10-07
WRD,0.9,4.96,2773983,3160934,13.76,16.35,0.8,-1.0,-2.2,중립,음봉,전저점부근,0.29,-0.2,2026-10-07
WSC,0.9,16.88,2485339,2838592,41.95,54.08,0.8,-1.9,-0.9,중립,망치형,잔구간,0.58,0.55,2026-10-07
RYLD,0.9,15.49,408121,433152,6.32,8.04,0.8,-0.7,-0.2,중립,음봉,잔구간,0.3,-0.47,2026-10-07
EFC,0.9,11.59,2043562,2356585,23.68,23.35,1.0,-0.4,-0.3,중립,팽이도지,잔구간,0.45,-0.03,2026-10-07
ELPC,0.9,13.96,704364,770072,9.83,10.5,0.9,0.4,0.1,중립,팽이도지,완만한상승,0.38,0.76,2026-10-07
MRAM,0.9,17.23,659099,745201,11.36,14.51,0.8,-3.1,0.1,중립,팽이도지,전저점이탈,0.75,-0.45,2026-10-07
MYGN,0.9,4.28,1600180,1729703,6.85,7.73,0.9,-0.7,0.7,강한매수,양봉스프링,완만한상승,0.8,2.76,2026-10-07
NAC,0.9,9.93,1497047,1730670,14.87,21.19,0.7,-1.5,0.2,매수관심,양봉스프링,잔구간,0.84,0.955,2026-10-07
LZM,0.9,3.74,332850,379027,1.24,1.38,0.9,-2.3,-0.3,중립,망치형,잔구간,0.91,0.745,2026-10-07
NAUT,0.9,1.96,12527994,13488061,24.55,17.08,1.4,-5.6,17.4,매수관심,양봉,완만한상승,0.62,1.74,2026-10-07
NEXN,0.9,8.95,332931,384075,2.98,3.5,0.9,-0.5,3.1,강한매수,장대양봉,완만한상승,1.0,3.5,2026-10-07
NFE,0.9,4.955,493411,531454,2.44,4.15,0.6,-1.5,-8.7,강한매도,장대음봉,전저점이탈,0.06,-3.28,2026-10-07
NIO,0.9,3.54,25766358,28353011,91.21,104.41,0.9,-0.9,2.6,강한매수,장대양봉,완만한상승,0.92,3.4,2026-10-07
MQ,0.9,17.06,1087146,1179035,18.55,19.9,0.9,0.0,3.1,매수관심,양봉,완만한상승,0.59,1.71,2026-10-07
ARRY,0.9,3.82,6057114,6548317,23.14,26.23,0.9,-2.5,-3.5,매도주의,장대음봉,잔구간,0.18,-1.19,2026-10-07
NIQ,0.9,16.99,1133452,1265060,19.26,23.96,0.8,0.0,-1.5,매도주의,장대음봉,잔구간,0.1,-1.24,2026-10-07
LYG,0.9,5.4,14293063,16597874,77.18,97.86,0.8,-3.4,0.6,중립,양봉,잔구간,0.5,0.35,2026-10-07
ALM,0.9,12.1,4857940,5308422,58.78,78.12,0.8,-3.7,-3.7,강한매도,장대음봉,전저점이탈,0.15,-3.17,2026-10-07
VRDN,0.9,18.28,1691093,1856156,30.91,41.48,0.7,-1.1,1.4,중립,양봉,잔구간,0.45,0.32,2026-10-07
VTRS,0.9,17.49,7543946,8282501,131.94,174.39,0.8,-0.1,-0.2,매도주의,위꼬리음봉,잔구간,0.2,-0.93,2026-10-07
VFF,0.9,2.685,615582,708739,1.65,2.58,0.6,-1.4,-2.4,중립,음봉,전저점부근,0.04,-0.5,2026-10-07
VISN,0.9,6.07,5377723,6096776,32.64,35.25,0.9,-2.3,1.0,중립,양봉,잔구간,0.7,0.47,2026-10-07
ALLO,0.8,1.43,3899722,4631759,5.58,8.47,0.7,0.0,-2.1,매도주의,장대음봉,전저점부근,0.2,-1.61,2026-10-07
VGZ,0.8,2.64,1732468,2263887,4.57,6.59,0.7,-2.6,1.1,중립,팽이도지,잔구간,0.54,0.025,2026-10-07
VKI,0.8,7.64,326867,414124,2.5,3.09,0.8,-1.5,-0.5,중립,음봉,잔구간,0.64,-0.265,2026-10-07
ARCT,0.8,12.765,517810,668956,6.61,11.74,0.6,-2.2,0.4,중립,위꼬리양봉,잔구간,0.22,-0.67,2026-10-07
ARHS,0.8,9.84,1461495,1823067,14.38,17.92,0.8,-1.5,0.7,중립,양봉,잔구간,0.69,0.465,2026-10-07
ARIS,0.8,17.03,1193121,1417289,20.32,31.63,0.6,-4.2,0.7,매수관심,팽이도지,수횡파,0.75,0.9,2026-10-07
ARKO,0.8,4.23,395303,495330,1.67,2.44,0.7,0.0,0.7,매수관심,양봉,완만한상승,0.55,1.66,2026-10-07
LXU,0.8,10.2,479917,575379,4.9,6.81,0.7,0.1,0.2,매수관심,팽이도지,완만한상승,0.54,0.95,2026-10-07
MLTX,0.8,10.77,1396506,1847611,15.04,22.54,0.7,-1.3,-0.4,강한매도,위꼬리음봉,전저점이탈,0.1,-2.73,2026-10-07
MNTN,0.8,10.05,572088,702685,5.75,9.32,0.6,-1.2,1.2,매수관심,양봉,완만한상승,0.69,1.83,2026-10-07
MGNX,0.8,3.55,509978,633674,1.81,2.94,0.6,-1.1,-1.4,매도주의,위꼬리음봉,잔구간,0.12,-0.98,2026-10-07
MH,0.8,13.1,505038,616747,6.62,9.31,0.7,0.0,0.9,매수관심,양봉,완만한상승,0.46,1.55,2026-10-07
MICC,0.8,16.96,797871,976609,13.53,14.48,0.9,-1.6,0.4,중립,양봉,전저점이탈,0.47,-0.09,2026-10-07
MLCO,0.8,4.17,1584767,1901057,6.61,8.6,0.8,-0.5,-1.2,매도주의,위꼬리음봉,잔구간,0.11,-0.985,2026-10-07
LION,0.8,11.31,2486423,3048351,28.12,32.79,0.9,-1.0,0.6,중립,양봉,잔구간,0.56,0.385,2026-10-07
RR,0.8,1.65,3336350,4425769,5.5,6.78,0.8,-2.4,1.2,중립,양봉,잔구간,0.8,0.53,2026-10-07
RWT,0.8,3.34,3038418,3726143,10.15,16.69,0.6,-0.9,-2.1,매도주의,음봉,전저점이탈,0.41,-1.56,2026-10-07
RXT,0.8,3.85,3641367,4783133,14.02,18.61,0.8,-2.0,-2.3,매도주의,장대음봉,잔구간,0.0,-1.3,2026-10-07
ELDN,0.8,2.42,583597,721692,1.41,2.13,0.7,-1.2,0.0,중립,팽이도지,전저점부근,0.33,0.55,2026-10-07
ELME,0.8,1.75,1628383,2125798,2.85,3.01,0.9,0.0,0.0,중립,위꼬리양봉,완만한상승,0.0,-0.7,2026-10-07
EVLV,0.8,4.69,1692424,2081903,7.94,9.49,0.8,-0.6,0.9,강한매수,양봉,완만한상승,0.89,2.07,2026-10-07
DXD,0.8,17.99,2894562,3473227,52.07,69.43,0.8,1.7,-0.3,매도주의,위꼬리음봉,완만한상승,0.21,-0.95,2026-10-07
ABX,0.8,8.29,464701,606969,3.85,5.7,0.7,-1.3,0.1,중립,위꼬리양봉,잔구간,0.27,-0.64,2026-10-07
WDCX,0.8,13.48,3987308,5194445,53.75,72.19,0.7,-5.0,2.3,중립,양봉,잔구간,0.7,0.47,2026-10-07
WEAV,0.8,7.37,674227,884815,4.97,8.69,0.6,-0.1,0.0,매도주의,위꼬리양봉,수횡파,0.0,-1.0,2026-10-07
WIT,0.8,1.67,6583703,8201669,10.99,16.63,0.7,-2.4,1.8,매수관심,장대양봉,잔구간,0.75,1.15,2026-10-07
AGEN,0.8,7.57,1155751,1434390,8.75,11.59,0.8,-2.8,4.0,강한매수,장대양봉,완만한상승,0.86,3.33,2026-10-07
ALT,0.8,2.66,3168243,4046129,8.43,11.82,0.7,-1.1,0.8,중립,위꼬리양봉,잔구간,0.27,-0.64,2026-10-07
ALKT,0.8,14.15,1236552,1548263,17.5,37.45,0.5,-1.1,1.4,매수관심,양봉,완만한상승,0.55,1.66,2026-10-07
BTBT,0.8,1.46,14048326,18678834,20.51,33.1,0.6,-4.5,0.6,중립,팽이도지,전저점이탈,0.5,-0.75,2026-10-07
CCXI,0.8,11.24,2166873,2672709,24.36,30.42,0.8,-2.7,-3.1,매도주의,장대음봉,잔구간,0.12,-1.23,2026-10-07
CDZI,0.8,3.62,831514,981673,3.01,4.71,0.6,-1.4,4.9,강한매수,장대양봉,완만한상승,0.92,3.4,2026-10-07
HUMA,0.8,0.472,3912851,4838265,1.85,2.22,0.8,0.3,-1.4,중립,음봉,전저점부근,0.62,0.19,2026-10-07
HYLN,0.8,3.85,1587608,2000014,6.11,8.02,0.8,-1.5,-3.3,강한매도,장대음봉,전저점이탈,0.23,-3.07,2026-10-07
IAG,0.8,18.03,3079337,4030008,55.52,86.45,0.6,-3.3,0.6,중립,팽이도지,전저점이탈,0.67,-0.55,2026-10-07
IE,0.8,9.77,1697528,2055766,16.58,22.12,0.7,-3.5,-2.5,중립,음봉,잔구간,0.33,-0.45,2026-10-07
PANL,0.8,8.35,306055,388435,2.56,3.02,0.8,0.1,-0.8,중립,음봉,잔구간,0.14,-0.565,2026-10-07
PAR,0.8,14.78,688197,879522,10.17,13.18,0.8,-1.8,3.8,강한매수,장대양봉,완만한상승,0.78,3.24,2026-10-07
PDYN,0.8,5.21,710533,870309,3.7,4.68,0.8,-2.1,-0.8,중립,팽이도지,잔구간,0.51,0.005,2026-10-07
ITUB,0.8,9.74,41687824,51606752,406.04,363.56,1.1,-0.4,-3.7,매도주의,장대음봉,잔구간,0.09,-1.245,2026-10-07
OTLK,0.8,0.59,4235060,5153658,2.5,2.95,0.8,5.3,-2.0,중립,음봉,완만한상승,0.38,0.06,2026-10-07
IMUX,0.8,7.63,381253,469877,2.91,4.5,0.6,-0.3,-2.2,매도주의,음봉,전저점이탈,0.34,-1.64,2026-10-07
IOVA,0.8,12.915,14530801,17460901,187.67,293.74,0.6,-3.4,3.2,중립,양봉,잔구간,0.72,0.48,2026-10-07
IRD,0.8,4.41,1840820,2166213,8.12,9.38,0.9,-0.7,1.4,중립,위꼬리양봉,잔구간,0.39,-0.565,2026-10-07
CAPR,0.8,8.1,2885463,3504302,23.37,43.51,0.5,-2.1,6.7,매수관심,장대양봉,잔구간,0.79,1.175,2026-10-07
CBRG,0.8,2.57,21398389,25432508,54.99,60.48,0.9,-5.3,2.8,중립,양봉,잔구간,0.89,0.585,2026-10-07
CAN,0.8,0.31,6375198,7563671,1.98,2.77,0.7,-4.4,0.0,중립,팽이도지,전저점이탈,0.63,-0.59,2026-10-07
STLA,0.8,4.61,29153411,35399607,134.4,149.87,0.9,1.5,-1.5,매도주의,장대음봉,완만한상승,0.19,-1.47,2026-10-07
GOOS,0.8,7.55,548643,680809,4.14,5.34,0.8,-0.9,-0.3,중립,팽이도지,수횡파,0.32,0.38,2026-10-07
PFFD,0.8,17.48,1121766,1321763,19.61,26.13,0.8,-0.4,-0.1,중립,팽이도지,잔구간,0.58,0.05,2026-10-07
PHK,0.8,4.13,1389023,1678569,5.74,7.71,0.7,-1.4,-0.2,중립,망치형,잔구간,0.83,0.7,2026-10-07
PLTK,0.8,2.32,768546,943467,1.78,2.11,0.8,-1.3,2.7,강한매수,장대양봉,전고점돌파,0.86,3.93,2026-10-07
PLX,0.8,2.71,794734,941071,2.15,2.25,1.0,-1.1,0.4,중립,위꼬리양봉,수횡파,0.35,-0.58,2026-10-07
HLIT,0.8,11.27,1194615,1449157,13.46,14.17,1.0,-1.6,2.1,강한매수,장대양봉,완만한상승,0.88,3.36,2026-10-07
HSAI,0.8,16.0,619931,773464,9.92,13.34,0.7,-1.7,0.0,중립,팽이도지,잔구간,0.64,0.085,2026-10-07
PEPG,0.8,2.4,642776,763701,1.54,2.39,0.6,0.0,3.9,매수관심,양봉,완만한상승,0.61,1.73,2026-10-07
HE,0.8,8.77,2475615,3052794,21.71,27.06,0.8,-0.9,-0.9,중립,음봉,잔구간,0.16,-0.555,2026-10-07
CHA,0.8,11.16,538107,664926,6.01,8.14,0.7,-0.6,-1.7,중립,음봉,잔구간,0.2,-0.53,2026-10-07
CHRS,0.8,1.01,1234370,1463419,1.25,1.76,0.7,-1.0,-1.0,매도주의,위꼬리음봉,전저점부근,0.0,-1.35,2026-10-07
CHWY,0.8,18.22,6020588,7830763,109.7,179.16,0.6,-0.1,0.5,매수관심,양봉스프링,잔구간,0.85,0.96,2026-10-07
CIM,0.8,8.96,1478646,1813874,13.25,17.14,0.8,-0.6,-2.0,강한매도,장대음봉,전저점이탈,0.26,-3.04,2026-10-07
CLB,0.8,10.11,589796,782320,5.96,7.62,0.8,-0.5,-1.4,중립,음봉,잔구간,0.39,-0.415,2026-10-07
SPCH,0.8,12.23,20956396,25067851,256.3,247.67,1.0,-4.7,-0.6,중립,팽이도지,잔구간,0.35,-0.09,2026-10-07
BLZE,0.8,13.73,967206,1187927,13.28,20.24,0.7,-1.2,0.7,중립,위꼬리양봉,잔구간,0.33,-0.6,2026-10-07
BMEA,0.8,1.32,836126,1057100,1.1,3.13,0.4,1.6,3.9,중립,양봉,잔구간,0.78,0.52,2026-10-07
BOBS,0.8,14.61,685182,854878,10.01,13.01,0.8,-1.9,1.5,매수관심,양봉스프링,잔구간,0.98,1.04,2026-10-07
OPRT,0.8,8.33,657585,808250,5.48,6.64,0.8,-1.4,1.6,매수관심,양봉,완만한상승,0.82,1.98,2026-10-07
ORCU,0.8,7.15,4308277,5323527,30.8,44.73,0.7,-3.3,1.6,중립,양봉,잔구간,0.66,0.445,2026-10-07
ORN,0.8,9.07,432256,553986,3.92,5.38,0.7,-1.2,-1.9,중립,음봉,잔구간,0.38,-0.42,2026-10-07
IMPP,0.8,5.31,398725,496026,2.12,2.54,0.8,0.6,1.5,매수관심,양봉,완만한상승,0.56,1.67,2026-10-07
OLMA,0.8,7.94,819455,1055440,6.51,10.47,0.6,-0.3,0.5,중립,팽이도지,잔구간,0.34,-0.095,2026-10-07
JMKE,0.8,16.39,3006310,3901100,49.27,63.88,0.8,-0.8,0.6,중립,양봉,잔구간,0.54,0.375,2026-10-07
LAND,0.8,9.57,463734,605996,4.44,5.53,0.8,-0.1,-0.8,중립,음봉,잔구간,0.54,-0.325,2026-10-07
LBTYK,0.8,8.92,1096844,1460434,9.78,14.84,0.7,0.1,-0.3,중립,팽이도지,잔구간,0.48,-0.01,2026-10-07
JACK,0.8,12.26,340751,442508,4.18,6.15,0.7,-1.4,1.2,중립,양봉,잔구간,0.47,0.33,2026-10-07
TIC,0.8,8.77,1157781,1446787,10.15,12.23,0.8,-1.4,0.5,매수관심,양봉스프링,잔구간,0.77,0.91,2026-10-07
TLRY,0.8,3.715,3368214,4250039,12.51,15.76,0.8,-0.8,-0.9,중립,음봉,잔구간,0.25,-0.5,2026-10-07
TDAY,0.8,7.06,2305680,2776377,16.28,17.94,0.9,-1.2,-2.8,매도주의,장대음봉,잔구간,0.22,-1.17,2026-10-07
SPDN,0.8,8.33,29714673,35566605,247.52,353.81,0.7,0.6,-0.2,중립,음봉,잔구간,0.2,-0.53,2026-10-07
SPIR,0.8,10.63,520139,668154,5.53,7.46,0.7,-2.6,-0.7,중립,팽이도지,전저점부근,0.48,0.73,2026-10-07
COUR,0.8,5.11,5444235,6898711,27.82,42.97,0.6,-0.2,0.0,매수관심,양봉스프링,잔구간,0.76,0.905,2026-10-07
CRCD,0.8,2.314,2049737,2414517,4.74,6.69,0.7,8.6,-0.7,중립,팽이도지,완만한상승,0.26,0.61,2026-10-07
SOFI,0.8,15.66,32992213,40214799,516.66,722.7,0.7,-1.3,0.6,매수관심,양봉,수횡파,0.87,1.74,2026-10-07
SONO,0.8,16.98,1871792,2293209,31.78,39.8,0.8,-1.5,-1.0,매도주의,음봉,전저점이탈,0.08,-1.95,2026-10-07
GENB,0.8,13.57,926427,1145036,12.57,17.12,0.7,-1.5,-0.1,중립,팽이도지,잔구간,0.35,-0.09,2026-10-07
GEVO,0.8,1.3,1992341,2390047,2.59,3.62,0.7,-0.8,2.4,중립,양봉,잔구간,0.7,0.47,2026-10-07
PUMP,0.8,9.28,2849910,3559341,26.45,36.56,0.7,-0.4,-2.2,중립,음봉,잔구간,0.37,-0.43,2026-10-07
PUSA,0.8,2.535,1794004,2385272,4.55,4.71,1.0,-3.3,-8.2,강한매도,장대음봉,전저점이탈,0.33,-2.95,2026-10-07
PRGO,0.8,14.55,1906622,2358842,27.74,44.34,0.6,0.0,3.9,매수관심,장대양봉,잔구간,0.89,1.235,2026-10-07
PROK,0.8,1.57,832186,1046460,1.31,2.25,0.6,-2.5,0.6,중립,위꼬리양봉,잔구간,0.4,-0.56,2026-10-07
PTY,0.8,10.76,1577957,2087580,16.98,24.02,0.7,-0.6,-0.6,중립,음봉,잔구간,0.62,-0.28,2026-10-07
GRNT,0.8,4.59,958543,1234116,4.4,5.61,0.8,0.7,-1.1,중립,음봉,잔구간,0.3,-0.47,2026-10-07
HAWK,0.8,14.08,1040045,1292090,14.64,18.0,0.8,-0.6,-1.4,중립,음봉,잔구간,0.56,-0.315,2026-10-07
HAYW,0.8,11.8,2533224,3045180,29.89,52.08,0.6,-1.2,-3.0,강한매도,장대음봉,전저점이탈,0.12,-3.21,2026-10-07
PPTA,0.8,19.99,962407,1187325,19.24,21.22,0.9,-3.2,0.1,중립,팽이도지,잔구간,0.75,0.15,2026-10-07
PRCT,0.8,17.91,1149518,1417728,20.59,25.54,0.8,0.7,1.6,매수관심,양봉,완만한상승,0.34,1.41,2026-10-07
COLD,0.8,13.65,2773222,3453399,37.85,47.59,0.8,0.1,-1.7,매도주의,장대음봉,잔구간,0.07,-1.26,2026-10-07
CORZ,0.8,15.94,9353618,11943235,149.1,190.59,0.8,-3.6,-0.9,중립,팽이도지,잔구간,0.34,-0.095,2026-10-07
SLNH,0.8,1.01,5061946,6595031,5.11,6.94,0.7,-1.9,-1.9,중립,음봉,전저점부근,0.25,-0.25,2026-10-07
SMWB,0.8,8.13,300936,356270,2.45,4.01,0.6,-0.4,1.6,매수관심,양봉,완만한상승,0.76,1.91,2026-10-07
ASPI,0.8,2.86,4229748,5376525,12.1,13.58,0.9,-3.2,3.6,매수관심,양봉,완만한상승,0.81,1.97,2026-10-07
ASPN,0.8,5.78,672748,827182,3.89,6.42,0.6,-5.8,4.5,매수관심,장대양봉,잔구간,0.94,1.265,2026-10-07
KYN,0.8,14.0,304398,383492,4.26,4.52,0.9,-0.2,-1.5,매도주의,장대음봉,잔구간,0.3,-1.12,2026-10-07
KYTX,0.8,6.17,650547,800991,4.01,8.02,0.5,-0.6,0.8,중립,팽이도지,잔구간,0.52,0.01,2026-10-07
LADR,0.8,8.67,1364625,1613092,11.83,15.44,0.8,-0.2,0.1,매수관심,양봉스프링,잔구간,0.77,0.91,2026-10-07
OFIX,0.8,9.2,394366,479555,3.63,4.66,0.8,-0.9,-1.4,중립,음봉,잔구간,0.05,-0.62,2026-10-07
KLRA,0.8,10.53,1091732,1410458,11.5,18.59,0.6,-0.6,-2.2,중립,음봉,잔구간,0.05,-0.62,2026-10-07
KOS,0.8,2.59,11770727,14939979,30.49,37.56,0.8,1.5,-1.9,중립,음봉,잔구간,0.27,-0.49,2026-10-07
NZF,0.8,10.66,1489249,1804198,15.88,19.87,0.8,-1.9,-0.2,중립,팽이도지,잔구간,0.49,-0.005,2026-10-07
OABI,0.8,4.56,1498537,1776216,6.83,6.55,1.0,0.0,4.8,매수관심,양봉,완만한상승,0.58,1.7,2026-10-07
OCTV,0.8,19.72,1482291,1863500,29.23,34.11,0.9,-0.6,0.6,강한매수,양봉스프링,완만한상승,0.8,2.76,2026-10-07
LUNL,0.8,3.34,1945151,2316229,6.5,7.19,0.9,-6.0,-2.9,중립,망치형,잔구간,0.61,0.565,2026-10-07
BATL,0.8,1.0,1682715,2184872,1.68,2.95,0.6,0.0,-2.9,강한매도,장대음봉,전저점이탈,0.0,-3.35,2026-10-07
BBAR,0.8,12.97,620205,730014,8.04,8.65,0.9,0.0,-4.6,매도주의,장대음봉,잔구간,0.05,-1.27,2026-10-07
TSSI,0.8,10.34,626523,752111,6.48,10.63,0.6,-2.4,2.0,중립,양봉,잔구간,0.81,0.535,2026-10-07
UE,0.8,19.31,878580,1064676,16.97,18.71,0.9,-0.5,-1.0,중립,음봉,전저점부근,0.06,-0.48,2026-10-07
CWVX,0.8,15.58,984288,1172385,15.34,19.92,0.8,-3.1,-3.9,매도주의,장대음봉,잔구간,0.35,-1.09,2026-10-07
CRSR,0.8,13.59,889945,1054147,12.09,14.23,0.9,-2.3,2.0,중립,양봉,잔구간,0.82,0.54,2026-10-07
CRTO,0.8,14.9,321719,399798,4.79,5.38,0.9,-0.3,0.9,중립,양봉,잔구간,0.8,0.53,2026-10-07
QYLD,0.8,18.68,2611118,3433091,48.78,64.91,0.8,-0.1,0.1,강한매수,장대양봉,전고점부근,1.0,2.15,2026-10-07
FATE,0.8,2.15,863011,1106926,1.86,3.59,0.5,-0.4,-5.7,강한매도,장대음봉,전저점이탈,0.06,-3.28,2026-10-07
PZZA,0.8,19.36,978206,1199280,18.94,27.71,0.7,-0.4,-0.7,중립,음봉,잔구간,0.29,-0.475,2026-10-07
QID,0.8,12.58,27803260,35387323,349.77,487.37,0.7,1.6,-1.1,매도주의,장대음봉,잔구간,0.05,-1.27,2026-10-07
QMLS,0.8,5.71,310838,402046,1.77,3.11,0.6,-1.0,-6.4,강한매도,장대음봉,전저점이탈,0.12,-3.21,2026-10-07
QTRX,0.8,3.325,493638,615014,1.64,2.27,0.7,-1.2,-2.2,매도주의,위꼬리음봉,잔구간,0.06,-1.015,2026-10-07
FULC,0.8,3.67,1041520,1383991,3.82,5.55,0.7,0.3,-0.8,강한매도,장대음봉,수횡파,0.0,-2.0,2026-10-07
FUTG,0.8,3.893,733244,910739,2.85,2.28,1.3,-9.4,3.5,중립,양봉,잔구간,0.89,0.585,2026-10-07
GNL,0.8,8.01,2714597,3405581,21.74,25.87,0.8,-0.4,-1.2,강한매도,장대음봉,전저점이탈,0.0,-3.35,2026-10-07
FRMI,0.8,3.97,11107805,14545813,44.1,67.81,0.7,-2.8,-3.4,매도주의,장대음봉,잔구간,0.12,-1.23,2026-10-07
SION,0.8,4.82,880221,1127573,4.24,5.97,0.7,-1.5,3.0,중립,양봉,잔구간,0.81,0.535,2026-10-07
CRMD,0.8,7.28,833076,1000468,6.06,6.64,0.9,-0.1,0.1,강한매수,양봉스프링,완만한상승,0.77,2.72,2026-10-07
LRMR,0.8,2.75,717993,872227,1.97,5.52,0.4,-0.4,-0.7,중립,팽이도지,전저점부근,0.26,0.46,2026-10-07
NTSK,0.8,19.24,4493525,5310952,86.46,107.85,0.8,-0.8,-1.2,중립,음봉,잔구간,0.34,-0.445,2026-10-07
NTST,0.8,17.21,1462484,1858433,25.17,37.14,0.7,0.3,-2.8,강한매도,장대음봉,전저점이탈,0.04,-3.3,2026-10-07
NU,0.8,15.58,82394168,100324797,1283.7,1340.96,1.0,-0.7,0.2,중립,팽이도지,잔구간,0.53,0.02,2026-10-07
NMAX,0.8,10.0,661586,872059,6.62,8.5,0.8,-0.9,0.8,중립,양봉,잔구간,1.0,0.65,2026-10-07
NRDS,0.8,9.085,547657,680450,4.98,6.52,0.8,-0.8,3.4,강한매수,장대양봉,전고점돌파,0.82,3.88,2026-10-07
MATV,0.8,11.92,312632,402833,3.73,4.76,0.8,-1.6,-0.8,중립,음봉,잔구간,0.07,-0.61,2026-10-07
MDU,0.8,18.89,1726283,2116648,32.61,38.52,0.8,-0.2,-0.1,중립,팽이도지,잔구간,0.46,-0.025,2026-10-07
MDXG,0.8,4.61,821147,1039322,3.79,5.03,0.8,-0.9,0.7,중립,위꼬리양봉,수횡파,0.36,-0.57,2026-10-07
VET,0.8,11.53,905120,1110100,10.44,14.01,0.7,0.9,-1.5,중립,음봉,잔구간,0.24,-0.505,2026-10-07
AVTR,0.8,15.35,6007519,7779581,92.22,129.32,0.7,-0.3,-0.2,중립,팽이도지,잔구간,0.65,0.09,2026-10-07
AVTX,0.8,13.58,719025,952049,9.76,17.49,0.6,-1.2,1.1,중립,위꼬리양봉,잔구간,0.41,-0.555,2026-10-07
BABX,0.8,15.99,408988,512062,6.54,9.76,0.7,-4.6,0.3,중립,팽이도지,잔구간,0.61,0.065,2026-10-07
BANC,0.8,17.17,1913692,2375879,32.86,42.83,0.8,-1.1,-0.4,중립,망치형,잔구간,0.61,0.565,2026-10-07
URG,0.8,1.1,6070366,7273904,6.68,7.84,0.9,-0.9,-0.9,중립,망치형,잔구간,0.6,0.56,2026-10-07
AUPH,0.8,16.01,682529,808159,10.93,12.71,0.9,-0.8,2.9,매수관심,장대양봉,잔구간,0.77,1.16,2026-10-07
BGC,0.8,11.29,3133762,3937907,35.38,51.39,0.7,-1.0,-3.8,매도주의,장대음봉,잔구간,0.2,-1.18,2026-10-07
SHO,0.8,11.2,1467203,1916246,16.43,20.04,0.8,-0.3,0.1,중립,팽이도지,수횡파,0.52,0.62,2026-10-07
DRH,0.8,12.35,2476133,3040782,30.58,39.7,0.8,-1.4,1.2,중립,양봉,잔구간,0.48,0.34,2026-10-07
DRVN,0.8,11.69,715987,922173,8.37,11.31,0.7,-0.6,0.0,중립,위꼬리양봉,잔구간,0.2,-0.68,2026-10-07
SECZ,0.8,11.4,2865932,3502965,32.67,78.45,0.4,-3.9,-6.6,강한매도,장대음봉,전저점이탈,0.13,-3.19,2026-10-07
DDD,0.8,3.41,2083527,2535773,7.1,8.07,0.9,-2.2,-2.8,매도주의,음봉,전저점이탈,0.28,-1.71,2026-10-07
DNP,0.8,9.66,766502,1014650,7.4,11.02,0.7,-0.5,-0.3,중립,망치형,잔구간,0.64,0.585,2026-10-07
EQX,0.8,10.95,8274362,10940475,90.6,139.93,0.6,-3.5,-0.3,중립,팽이도지,잔구간,0.5,0.0,2026-10-07
ERAS,0.8,14.12,3853881,4561862,54.42,67.86,0.8,-1.5,0.2,중립,위꼬리양봉,잔구간,0.3,-0.62,2026-10-07
ENGS,0.8,3.16,1356238,1781215,4.29,9.11,0.5,1.3,0.0,강한매도,위꼬리양봉,전고점부근,0.11,-2.92,2026-10-07
ENVX,0.8,2.55,5905083,7030211,15.06,20.97,0.7,-2.6,-3.0,매도주의,장대음봉,잔구간,0.18,-1.19,2026-10-07
EOLS,0.8,7.74,595192,725154,4.61,5.41,0.9,-0.1,5.0,강한매수,장대양봉,완만한상승,0.98,3.48,2026-10-07
EOSE,0.8,3.1,17988412,23978234,55.76,93.08,0.6,-4.6,-0.3,중립,팽이도지,잔구간,0.57,0.04,2026-10-07
RIVN,0.8,14.34,22156180,27521935,317.72,400.95,0.8,-1.5,0.3,중립,팽이도지,잔구간,0.7,0.12,2026-10-07
FJET,0.8,1.61,978491,1216264,1.58,2.29,0.7,-2.5,1.3,매수관심,양봉스프링,잔구간,0.83,0.95,2026-10-07
FLYW,0.8,18.15,1070991,1294220,19.44,27.35,0.7,-2.7,2.4,매수관심,장대양봉,잔구간,0.66,1.095,2026-10-07
RDY,0.8,12.27,3124827,3868762,38.34,43.8,0.9,-0.7,-1.0,매도주의,장대음봉,잔구간,0.3,-1.12,2026-10-07
SBRA,0.8,18.74,2223647,2942326,41.67,52.4,0.8,0.2,-2.2,강한매도,장대음봉,전저점이탈,0.02,-3.33,2026-10-07
AKR,0.8,18.08,1165843,1424520,21.08,23.35,0.9,-0.1,-1.6,강한매도,장대음봉,전저점이탈,0.05,-3.29,2026-10-07
AIV,0.8,1.76,1863343,2374694,3.28,5.84,0.6,-1.6,-4.3,강한매도,장대음봉,전저점이탈,0.0,-3.35,2026-10-07
YMAG,0.8,11.49,845264,998884,9.71,10.88,0.9,-0.8,0.1,매수관심,양봉스프링,잔구간,1.0,1.05,2026-10-07
YMAX,0.8,7.53,687369,884547,5.18,7.82,0.7,-1.4,-0.4,중립,음봉,잔구간,0.36,-0.435,2026-10-07
YMM,0.8,8.35,7018208,8292279,58.6,61.36,1.0,-1.5,0.5,중립,양봉,잔구간,0.83,0.55,2026-10-07
WU,0.8,6.11,6459279,8083228,39.47,51.87,0.8,-0.2,-0.3,중립,팽이도지,잔구간,0.43,-0.04,2026-10-07
WYFI,0.8,16.83,965680,1150256,16.25,22.27,0.7,-1.9,-1.0,강한매수,망치형,전저점부근,0.62,2.8899999999999997,2026-10-07
ABOS,0.8,2.1,623092,773694,1.31,1.55,0.8,-0.5,4.0,중립,양봉,잔구간,0.59,0.405,2026-10-07
XPEV,0.8,9.58,4368167,5331455,41.85,60.63,0.7,0.4,-0.2,매수관심,팽이도지,완만한상승,0.58,1.0,2026-10-07
WVE,0.8,3.54,3052733,3629956,10.81,14.27,0.8,-1.1,1.7,매수관심,양봉,수횡파,0.65,1.48,2026-10-07
XRAY,0.8,8.54,4221268,5397570,36.05,45.16,0.8,-0.7,0.9,중립,양봉,잔구간,0.94,0.615,2026-10-07
ABCL,0.8,12.83,5004911,6326200,64.21,81.28,0.8,-2.3,-0.2,중립,팽이도지,잔구간,0.3,-0.12,2026-10-07
ACDC,0.8,4.77,1101519,1458896,5.25,5.67,0.9,-0.1,-2.1,중립,음봉,잔구간,0.33,-0.45,2026-10-07
AADX,0.8,11.26,1934232,2290484,21.78,24.38,0.9,-1.9,-2.8,매도주의,장대음봉,전저점부근,0.11,-1.72,2026-10-07
ACP,0.8,4.37,873980,1108620,3.82,4.86,0.8,-0.5,0.5,강한매수,양봉,완만한상승,0.83,2.0,2026-10-07
ZVRA,0.7,11.08,936491,1324128,10.38,11.67,0.9,-0.5,3.7,매수관심,양봉,완만한상승,0.63,1.76,2026-10-07
ACAD,0.7,19.65,1784747,2648144,35.07,64.09,0.5,-0.7,0.3,중립,팽이도지,수횡파,0.57,0.68,2026-10-07
ZURA,0.7,4.17,2084808,2782629,8.69,9.76,0.9,0.0,5.3,중립,양봉,잔구간,0.6,0.41,2026-10-07
ACHV,0.7,7.24,1035936,1429055,7.5,10.9,0.7,-0.1,3.1,중립,양봉,잔구간,0.72,0.48,2026-10-07
ABAT,0.7,2.09,2133914,2914171,4.46,9.75,0.5,-2.3,-0.5,매도주의,팽이도지,전저점이탈,0.27,-1.03,2026-10-07
ZH,0.7,3.46,340418,497196,1.18,2.04,0.6,0.6,0.6,중립,팽이도지,잔구간,0.62,0.07,2026-10-07
ALHC,0.7,8.55,6563823,10044516,56.12,92.14,0.6,-0.8,3.0,매수관심,양봉,완만한상승,0.55,1.66,2026-10-07
XRP,0.7,15.82,1094208,1627894,17.31,30.85,0.6,-4.3,-1.6,강한매도,장대음봉,전저점이탈,0.14,-3.18,2026-10-07
ANGX,0.7,4.12,1102464,1551440,4.54,7.66,0.6,-1.4,1.0,중립,위꼬리양봉,잔구간,0.33,-0.6,2026-10-07
MBLY,0.7,7.15,4283208,6146750,30.62,51.52,0.6,-1.2,-3.1,매도주의,장대음봉,잔구간,0.0,-1.3,2026-10-07
NMFC,0.7,6.74,529529,801375,3.57,4.29,0.8,-0.4,-1.0,매도주의,음봉,전저점이탈,0.4,-1.57,2026-10-07
AVPT,0.7,14.28,2353706,3405673,33.61,39.79,0.8,-0.5,-1.6,중립,음봉,잔구간,0.29,-0.475,2026-10-07
AVXL,0.7,1.53,1336365,2010653,2.04,3.08,0.7,-1.9,-2.5,매도주의,음봉,전저점이탈,0.16,-1.86,2026-10-07
KT,0.7,18.91,1412433,2106098,26.71,33.78,0.8,0.3,-0.8,중립,음봉,잔구간,0.46,-0.375,2026-10-07
KVUE,0.7,17.53,11879670,16595827,208.25,295.35,0.7,0.2,-0.5,중립,음봉,잔구간,0.06,-0.615,2026-10-07
BEKE,0.7,16.92,2728171,3995575,46.16,98.34,0.5,0.4,0.5,매수관심,양봉,완만한상승,0.76,1.91,2026-10-07
ASTX,0.7,10.08,5063155,6853365,51.04,51.91,1.0,-5.2,-2.6,중립,망치형,잔구간,0.66,0.595,2026-10-07
AUR,0.7,5.72,17370376,26276166,99.36,189.88,0.5,-1.2,0.7,중립,양봉,잔구간,0.86,0.565,2026-10-07
NVD,0.7,3.35,54020632,82770506,180.97,295.21,0.6,1.5,0.0,중립,팽이도지,잔구간,0.5,0.0,2026-10-07
NVDY,0.7,13.01,1129247,1624323,14.69,21.43,0.7,-0.5,0.2,중립,양봉,잔구간,0.56,0.385,2026-10-07
NXP,0.7,13.13,330501,484833,4.34,6.37,0.7,-0.5,-0.2,중립,팽이도지,잔구간,0.38,-0.07,2026-10-07
KRNT,0.7,17.93,300014,405813,5.38,7.55,0.7,-1.9,0.7,매수관심,양봉스프링,잔구간,0.78,0.92,2026-10-07
KRP,0.7,14.92,520963,779095,7.77,13.52,0.6,0.5,-0.7,중립,음봉,잔구간,0.36,-0.435,2026-10-07
SES,0.7,0.725,21927886,29395527,15.9,19.74,0.8,-4.4,-3.9,매도주의,장대음봉,잔구간,0.14,-1.215,2026-10-07
EVC,0.7,6.78,1147988,1721599,7.78,11.13,0.7,-0.7,2.0,매수관심,양봉,완만한상승,0.5,1.6,2026-10-07
EVER,0.7,19.39,563999,781932,10.94,19.56,0.6,-1.1,1.1,중립,양봉,잔구간,0.5,0.35,2026-10-07
DKNG,0.7,19.15,11839533,16291841,226.73,368.66,0.6,-0.7,-2.4,중립,음봉,잔구간,0.29,-0.475,2026-10-07
DNLI,0.7,19.16,1314473,1828708,25.19,41.8,0.6,-1.7,1.1,중립,양봉,잔구간,0.5,0.35,2026-10-07
DNN,0.7,2.56,20710972,28904034,53.02,78.14,0.7,-2.2,-3.4,매도주의,장대음봉,잔구간,0.18,-1.19,2026-10-07
FMC,0.7,9.09,4508024,6030790,40.98,46.56,0.9,0.3,0.3,중립,팽이도지,잔구간,0.68,0.11,2026-10-07
RKLZ,0.7,14.37,626161,922370,9.0,11.54,0.8,5.3,2.6,중립,양봉,잔구간,0.48,0.34,2026-10-07
RLJ,0.7,11.13,1463464,1951705,16.29,20.01,0.8,-0.3,-0.2,중립,팽이도지,잔구간,0.56,0.035,2026-10-07
SABR,0.7,1.91,3669141,5260173,7.01,10.64,0.7,-0.5,0.0,중립,위꼬리양봉,전저점부근,0.11,-0.72,2026-10-07
DBI,0.7,5.89,431794,646394,2.54,3.88,0.7,-1.5,0.7,중립,위꼬리양봉,잔구간,0.34,-0.595,2026-10-07
TTD,0.7,12.09,14439109,20588955,174.57,247.16,0.7,-0.3,1.7,중립,양봉,잔구간,0.99,0.645,2026-10-07
UEC,0.7,9.47,8969028,12934550,84.94,106.69,0.8,-3.6,-2.9,매도주의,장대음봉,잔구간,0.19,-1.185,2026-10-07
LTRX,0.7,7.21,632381,866749,4.56,7.36,0.6,-2.0,0.4,중립,팽이도지,수횡파,0.63,0.76,2026-10-07
LULG,0.7,3.46,722481,1052782,2.5,3.05,0.8,-0.8,-3.1,중립,음봉,잔구간,0.47,-0.37,2026-10-07
BRSL,0.7,10.04,1778550,2508737,17.86,24.72,0.7,-0.4,-1.3,중립,음봉,잔구간,0.51,-0.345,2026-10-07
TSLL,0.7,10.15,46530204,63065276,472.28,629.37,0.8,-1.1,-0.4,중립,팽이도지,잔구간,0.4,-0.06,2026-10-07
TSLR,0.7,17.66,944018,1273875,16.67,25.59,0.7,-0.9,-0.7,중립,팽이도지,잔구간,0.42,-0.05,2026-10-07
LBRT,0.7,19.41,2938612,4170758,57.04,84.92,0.7,-1.1,-2.5,중립,음봉,잔구간,0.14,-0.565,2026-10-07
JFR,0.7,7.29,752986,1102942,5.49,9.01,0.6,-0.3,-1.0,매도주의,장대음봉,잔구간,0.0,-1.3,2026-10-07
JMIA,0.7,6.74,626317,874377,4.22,7.7,0.5,-1.5,0.6,중립,위꼬리양봉,잔구간,0.37,-0.58,2026-10-07
JPC,0.7,6.64,2277172,3337024,15.12,18.74,0.8,-1.6,0.2,매수관심,양봉스프링,잔구간,0.89,0.985,2026-10-07
SLS,0.7,11.31,3142286,4248415,35.54,55.29,0.6,-0.5,0.3,중립,팽이도지,잔구간,0.42,-0.05,2026-10-07
FBRT,0.7,6.14,1164672,1700951,7.15,12.43,0.6,-0.5,0.5,매수관심,양봉스프링,잔구간,0.85,0.96,2026-10-07
CTVA,0.7,14.45,41333425,61980896,597.27,684.86,0.9,1.9,1.9,매수관심,양봉,완만한상승,0.8,1.96,2026-10-07
CWEB,0.7,18.02,442452,627139,7.97,14.62,0.5,-2.7,0.8,중립,양봉,잔구간,0.81,0.535,2026-10-07
CXM,0.7,5.19,1782076,2383358,9.25,14.04,0.7,1.0,-0.4,중립,팽이도지,완만한상승,0.33,0.7,2026-10-07
FPI,0.7,10.36,852969,1190526,8.84,11.12,0.8,-0.5,-3.1,강한매도,장대음봉,전저점이탈,0.26,-3.04,2026-10-07
FTMA,0.7,8.435,451823,656494,3.81,4.84,0.8,-1.3,0.4,중립,양봉,잔구간,0.47,0.33,2026-10-07
QFIN,0.7,6.18,1775226,2403627,10.97,15.73,0.7,-0.8,-2.2,매도주의,음봉,전저점이탈,0.21,-1.8,2026-10-07
SID,0.7,1.23,8037542,10897732,9.89,12.65,0.8,-2.4,2.5,강한매수,양봉,완만한상승,0.86,2.03,2026-10-07
SIGA,0.7,3.26,428902,651710,1.4,2.52,0.6,-0.6,-0.3,매도주의,위꼬리음봉,잔구간,0.19,-0.935,2026-10-07
CRML,0.7,7.06,3511277,4807623,24.79,57.69,0.4,-2.0,-2.1,매도주의,장대음봉,잔구간,0.0,-1.3,2026-10-07
GMRS,0.7,10.09,724080,1004424,7.31,9.93,0.7,-0.5,-0.6,중립,망치형,잔구간,0.79,0.675,2026-10-07
BTX,0.7,9.4,354165,514712,3.33,4.3,0.8,-1.5,0.5,중립,양봉,잔구간,0.86,0.565,2026-10-07
BTZ,0.7,9.36,358882,508668,3.36,4.45,0.8,-0.8,0.1,중립,팽이도지,잔구간,0.62,0.07,2026-10-07
TCPC,0.7,3.94,567166,777144,2.23,3.05,0.7,-0.5,-0.8,중립,망치형,잔구간,0.62,0.57,2026-10-07
TIGR,0.7,4.44,1661822,2473004,7.38,9.81,0.8,-3.8,2.1,매수관심,장대양봉,잔구간,0.87,1.22,2026-10-07
TLS,0.7,4.31,426299,604698,1.84,2.6,0.7,-0.9,0.2,중립,팽이도지,잔구간,0.34,-0.095,2026-10-07
BSCQ,0.7,19.535,660376,950388,12.9,16.87,0.8,-0.0,0.0,매수관심,양봉,완만한상승,0.5,1.6,2026-10-07
BSCR,0.7,19.58,553659,793352,10.84,21.3,0.5,0.0,0.1,강한매수,양봉,전고점돌파,1.0,2.8,2026-10-07
BTCS,0.7,1.34,983861,1325856,1.32,2.14,0.6,-4.1,-4.3,강한매도,장대음봉,전저점이탈,0.26,-3.04,2026-10-07
BTCZ,0.7,2.945,14586442,21501362,42.96,58.34,0.7,5.9,-0.5,매도주의,위꼬리음봉,완만한상승,0.24,-0.91,2026-10-07
BTQ,0.7,3.08,1245085,1707041,3.83,5.53,0.7,-4.9,-0.6,중립,망치형,잔구간,0.78,0.67,2026-10-07
PDI,0.7,14.3,2978021,4523103,42.59,66.53,0.6,-1.1,0.4,중립,양봉,잔구간,0.62,0.42,2026-10-07
IBRX,0.7,9.75,11780003,16876957,114.86,144.17,0.8,-2.0,2.6,매수관심,양봉,완만한상승,0.7,1.84,2026-10-07
ICL,0.7,5.08,824785,1161762,4.19,5.67,0.7,-0.4,0.4,매수관심,양봉,완만한상승,0.62,1.74,2026-10-07
CCOI,0.7,9.94,1647607,2307963,16.38,17.76,0.9,-0.6,7.5,강한매수,양봉,전고점돌파,0.7,2.44,2026-10-07
IRT,0.7,14.44,3611815,4916275,52.15,59.67,0.9,0.1,-2.1,매도주의,장대음봉,잔구간,0.1,-1.24,2026-10-07
OVID,0.7,2.36,1003730,1396077,2.37,3.87,0.6,-0.4,0.0,중립,위꼬리양봉,잔구간,0.17,-0.7,2026-10-07
PACB,0.7,2.72,20366653,31056540,55.4,66.08,0.8,-3.0,3.8,강한매수,양봉,완만한상승,0.92,2.1,2026-10-07
PATH,0.7,13.07,22784760,32951429,297.8,494.71,0.6,0.2,-0.5,중립,팽이도지,잔구간,0.49,-0.005,2026-10-07
PBI,0.7,16.48,1411751,1909425,23.27,27.59,0.8,-1.2,0.7,중립,양봉,잔구간,0.68,0.46,2026-10-07
SSL,0.7,14.2,1222174,1801347,17.35,26.68,0.7,1.8,-2.4,매도주의,장대음봉,잔구간,0.02,-1.29,2026-10-07
CGC,0.7,0.876,1253079,1883837,1.1,1.79,0.6,-0.1,-1.5,중립,음봉,잔구간,0.48,-0.36,2026-10-07
CGEM,0.7,15.63,808185,1122550,12.63,24.47,0.5,-1.8,-2.0,중립,음봉,잔구간,0.16,-0.555,2026-10-07
CHCT,0.7,13.58,340548,476118,4.62,5.85,0.8,0.1,-0.4,중립,음봉,잔구간,0.38,-0.42,2026-10-07
CLBT,0.7,11.225,1852824,2578528,20.8,29.01,0.7,-0.6,-0.7,중립,팽이도지,잔구간,0.43,-0.04,2026-10-07
SRTA,0.7,4.68,703940,1080273,3.29,4.63,0.7,-0.2,-1.3,매도주의,장대음봉,전저점부근,0.33,-1.45,2026-10-07
GDRX,0.7,3.25,548460,809221,1.78,2.52,0.7,-0.9,0.3,중립,위꼬리양봉,잔구간,0.28,-0.63,2026-10-07
GDYN,0.7,7.67,530652,778761,4.07,5.93,0.7,-1.4,-0.5,매도주의,위꼬리음봉,잔구간,0.1,-0.99,2026-10-07
GLWG,0.7,14.75,915720,1259329,13.51,14.71,0.9,-7.6,0.8,중립,위꼬리양봉,잔구간,0.37,-0.58,2026-10-07
CORD,0.7,2.79,10127810,13720265,28.26,43.72,0.6,3.8,3.3,중립,양봉,잔구간,0.62,0.42,2026-10-07
GSOL,0.7,8.75,1563247,2112828,13.68,23.78,0.6,-4.0,-0.2,강한매도,위꼬리음봉,전저점이탈,0.15,-2.67,2026-10-07
GT,0.7,4.69,6593401,9436508,30.92,44.05,0.7,0.0,0.6,중립,양봉,잔구간,0.82,0.54,2026-10-07
GTN,0.7,4.77,780892,1087878,3.72,4.68,0.8,-0.9,3.5,강한매수,장대양봉,완만한상승,0.96,3.45,2026-10-07
PTEN,0.7,11.23,5046356,7611716,56.67,80.69,0.7,0.2,-1.7,중립,음봉,잔구간,0.25,-0.5,2026-10-07
PUBM,0.7,18.57,519691,736282,9.65,15.77,0.6,0.1,1.1,매수관심,양봉,완만한상승,0.64,1.77,2026-10-07
PURR,0.7,11.73,10163985,15209832,119.22,228.86,0.5,-4.6,-1.6,중립,음봉,전저점부근,0.28,-0.21,2026-10-07
FWRD,0.7,15.37,350289,473527,5.38,7.81,0.7,-1.4,2.2,강한매수,양봉,완만한상승,0.83,2.0,2026-10-07
CADL,0.7,9.82,714954,979327,7.02,10.51,0.7,-1.2,0.7,매수관심,팽이도지,전저점부근,0.64,0.92,2026-10-07
CBRX,0.7,7.68,823700,1216909,6.33,6.74,0.9,-5.2,2.7,중립,양봉,잔구간,0.86,0.565,2026-10-07
CBRZ,0.7,10.46,368750,557385,3.86,5.69,0.7,5.1,-2.0,중립,음봉,완만한상승,0.15,-0.22,2026-10-07
CCC,0.7,6.55,5301744,7483948,34.73,68.19,0.5,-0.3,-1.2,매도주의,장대음봉,잔구간,0.17,-1.2,2026-10-07
INN,0.7,5.97,1056476,1466406,6.31,8.86,0.7,-1.0,0.7,중립,위꼬리양봉,잔구간,0.3,-0.62,2026-10-07
SUPV,0.7,7.14,486909,743084,3.48,5.35,0.6,-2.0,-2.1,중립,음봉,잔구간,0.22,-0.52,2026-10-07
SWIM,0.7,6.37,488680,694455,3.11,4.67,0.7,-0.9,0.6,매수관심,양봉스프링,잔구간,0.88,0.98,2026-10-07
TAL,0.7,12.76,1515048,2158564,19.33,29.6,0.7,-1.0,2.2,강한매수,장대양봉,전고점돌파,0.92,4.0,2026-10-07
PONY,0.7,6.07,3864221,5403486,23.46,29.74,0.8,-1.5,0.5,매수관심,양봉스프링,잔구간,0.76,0.905,2026-10-07
GPGI,0.7,12.8,1290599,1907488,16.52,20.93,0.8,-1.3,-1.5,중립,망치형,잔구간,0.71,0.625,2026-10-07
IMMX,0.7,9.49,1382075,2028699,13.12,21.86,0.6,-1.5,-0.1,중립,팽이도지,전저점부근,0.31,0.52,2026-10-07
HIX,0.7,3.49,312373,460480,1.09,2.05,0.5,-0.8,-0.6,매도주의,장대음봉,수횡파,0.2,-1.76,2026-10-07
PENN,0.7,15.72,2766980,3876983,43.5,54.62,0.8,-0.6,-0.6,중립,망치형,잔구간,0.58,0.55,2026-10-07
PGEN,0.7,7.54,4152552,5751715,31.31,49.88,0.6,-2.3,2.2,중립,양봉,잔구간,0.48,0.34,2026-10-07
PGY,0.7,18.14,1520077,2059713,27.57,52.95,0.5,-1.8,2.4,강한매수,장대양봉,완만한상승,0.69,3.13,2026-10-07
PML,0.7,6.47,926157,1309773,5.99,8.11,0.7,-1.2,0.2,강한매수,양봉스프링,수횡파,0.81,3.47,2026-10-07
AQST,0.7,4.62,1357059,1990460,6.27,9.07,0.7,-0.7,0.9,매수관심,양봉,완만한상승,0.67,1.8,2026-10-07
ARTV,0.7,7.0,324576,461879,2.27,3.48,0.7,-2.3,-1.4,중립,팽이도지,잔구간,0.37,-0.08,2026-10-07
VOR,0.7,18.78,563087,825027,10.57,21.77,0.5,-1.2,3.8,강한매수,장대양봉,완만한상승,0.89,3.37,2026-10-07
VRRM,0.7,2.92,4850411,7030309,14.16,19.67,0.7,0.0,3.5,강한매수,장대양봉,완만한상승,0.69,3.13,2026-10-07
NEOV,0.7,2.79,1044628,1536212,2.91,5.75,0.5,-4.2,2.2,중립,양봉,잔구간,0.71,0.475,2026-10-07
NKX,0.7,10.42,400517,537411,4.17,4.74,0.9,-1.3,-0.1,중립,망치형,잔구간,0.7,0.62,2026-10-07
APMD,0.7,18.04,465623,669916,8.4,12.08,0.7,0.1,-3.3,매도주의,음봉,전저점이탈,0.13,-1.89,2026-10-07
MX,0.7,3.24,854820,1200600,2.77,9.41,0.3,-1.7,-3.9,강한매도,장대음봉,전저점이탈,0.24,-3.06,2026-10-07
MNRO,0.7,13.64,498001,690708,6.79,10.87,0.6,-0.8,0.6,중립,팽이도지,잔구간,0.49,-0.005,2026-10-07
MNSO,0.7,8.94,685028,1031301,6.12,7.9,0.8,-0.4,0.8,매수관심,양봉,완만한상승,0.7,1.84,2026-10-07
NCI,0.7,0.878,1429927,1946113,1.26,8.33,0.2,1.0,-2.5,강한매수,망치형,전저점부근,0.72,3.01,2026-10-07
NRXP,0.7,2.9,405069,619521,1.17,2.0,0.6,-2.0,0.7,매수관심,양봉,수횡파,0.5,1.3,2026-10-07
NVA,0.7,5.25,457163,633384,2.4,3.41,0.7,-2.5,-4.9,매도주의,장대음봉,전저점부근,0.2,-1.61,2026-10-07
LEGN,0.7,19.12,1569302,2099048,30.01,38.18,0.8,0.0,2.1,강한매수,장대양봉,완만한상승,0.82,3.28,2026-10-07
LENZ,0.7,3.62,515501,758160,1.87,3.08,0.6,-1.8,-2.7,매도주의,장대음봉,잔구간,0.29,-1.125,2026-10-07
LFMD,0.7,2.79,509787,718748,1.42,2.08,0.7,-1.1,3.3,중립,양봉,잔구간,0.63,0.43,2026-10-07
EC,0.7,16.63,952320,1401840,15.84,27.39,0.6,0.6,-2.6,매도주의,장대음봉,잔구간,0.01,-1.295,2026-10-07
EMAT,0.7,1.75,973715,1445834,1.7,3.32,0.5,-3.4,-5.7,매도주의,음봉,전저점이탈,0.17,-1.85,2026-10-07
RUM,0.7,7.52,3155593,4579007,23.73,32.76,0.7,-2.0,0.3,중립,팽이도지,잔구간,0.67,0.1,2026-10-07
AI,0.7,11.23,2980470,4511807,33.47,44.91,0.7,-0.4,0.4,중립,위꼬리양봉,잔구간,0.21,-0.675,2026-10-07
AIOT,0.7,2.63,1019402,1531908,2.68,5.13,0.5,-2.2,-0.8,매도주의,위꼬리음봉,잔구간,0.13,-0.97,2026-10-07
WNC,0.7,13.71,739366,1064492,10.14,15.45,0.7,-2.2,1.0,중립,양봉,잔구간,0.8,0.53,2026-10-07
EVEX,0.7,1.69,697482,1056932,1.18,2.26,0.5,-1.8,0.6,중립,팽이도지,잔구간,0.67,0.1,2026-10-07
ALVO,0.7,5.85,864565,1185679,5.06,7.4,0.7,-0.7,-4.1,매도주의,장대음봉,잔구간,0.02,-1.29,2026-10-07
AMPG,0.7,2.96,480595,719601,1.42,2.14,0.7,-2.0,1.0,중립,양봉,잔구간,0.5,0.35,2026-10-07
ADIG,0.7,17.53,452281,671782,7.93,14.37,0.6,-2.0,0.3,중립,팽이도지,잔구간,0.52,0.01,2026-10-07
ADRX,0.7,17.33,705703,949645,12.23,27.6,0.4,-1.3,-5.5,매도주의,장대음봉,전저점부근,0.09,-1.74,2026-10-07
AEO,0.7,17.66,3870399,5634725,68.35,101.95,0.7,-1.5,0.2,중립,팽이도지,잔구간,0.52,0.01,2026-10-07
AES,0.7,14.93,6299423,9460620,94.05,133.79,0.7,-0.2,0.2,강한매수,장대양봉,완만한상승,0.75,3.2,2026-10-07
XTND,0.7,2.6,753646,1039228,1.96,3.41,0.6,-0.4,-2.6,매도주의,음봉,전저점이탈,0.38,-1.59,2026-10-07
XXI,0.7,6.39,1049494,1530696,6.71,11.14,0.6,-3.2,1.1,중립,양봉,전저점이탈,0.82,0.33,2026-10-07
YEXT,0.7,6.62,575242,838713,3.81,5.77,0.7,0.0,0.9,매수관심,양봉,완만한상승,0.79,1.95,2026-10-07
MSDL,0.7,13.33,489907,704648,6.53,7.92,0.8,-0.5,-0.6,매도주의,음봉,전저점이탈,0.5,-1.45,2026-10-07
MSOX,0.7,2.35,1518249,2281749,3.57,6.54,0.5,-2.2,3.5,강한매수,장대양봉,완만한상승,0.76,3.21,2026-10-07
YYY,0.6,10.28,412171,662823,4.24,8.43,0.5,-0.2,-0.7,중립,음봉,잔구간,0.04,-0.625,2026-10-07
MSOS,0.6,4.47,2742560,4882006,12.26,31.64,0.4,-0.2,0.7,중립,양봉,잔구간,0.65,0.44,2026-10-07
ECAT,0.6,14.09,388602,619474,5.48,8.49,0.6,-0.3,-0.1,중립,팽이도지,잔구간,0.54,0.025,2026-10-07
DV,0.6,13.5,1411892,2529780,19.06,29.42,0.6,-0.1,0.2,강한매수,장대양봉,전고점부근,1.0,2.15,2026-10-07
DSX,0.6,2.83,465385,801589,1.32,2.28,0.6,-1.1,1.1,매수관심,양봉,완만한상승,0.47,1.56,2026-10-07
WRN,0.6,2.07,709862,1110391,1.47,2.52,0.6,-2.3,-2.4,강한매도,장대음봉,전저점이탈,0.09,-3.24,2026-10-07
HOS,0.6,7.47,2004118,3220018,14.97,22.4,0.7,0.0,-3.2,강한매도,장대음봉,전저점이탈,0.15,-3.17,2026-10-07
HELP,0.6,10.51,832075,1326805,8.75,15.09,0.6,-1.2,-1.1,중립,음봉,전저점부근,0.19,-0.32,2026-10-07
CLF,0.6,12.06,9848082,15541954,118.77,198.8,0.6,-1.9,0.3,중립,팽이도지,잔구간,0.69,0.115,2026-10-07
GPRK,0.6,11.11,412800,685849,4.59,9.43,0.5,0.5,-3.4,매도주의,장대음봉,잔구간,0.07,-1.26,2026-10-07
RQI,0.6,10.96,501907,876613,5.5,9.21,0.6,-0.2,-0.9,매도주의,장대음봉,잔구간,0.08,-1.25,2026-10-07
NAMM,0.6,1.1,938154,1534620,1.03,5.24,0.2,-4.2,-4.3,매도주의,장대음봉,잔구간,0.0,-1.3,2026-10-07
LSPD,0.6,10.23,600513,1058601,6.14,11.71,0.5,-0.3,1.2,매수관심,양봉,완만한상승,0.63,1.76,2026-10-07
LI,0.6,10.99,2013661,3180561,22.13,33.91,0.7,1.3,-0.4,중립,음봉,완만한상승,0.35,0.02,2026-10-07
NCMI,0.6,2.2,1184258,1967638,2.61,3.85,0.7,0.0,1.9,강한매수,양봉,완만한상승,0.86,2.03,2026-10-07
NHP,0.6,15.39,429650,727472,6.61,12.9,0.5,-1.0,-0.7,매도주의,음봉,전저점이탈,0.15,-1.87,2026-10-07
VNET,0.6,5.39,3855132,6054079,20.78,29.13,0.7,-0.7,0.6,매수관심,양봉스프링,잔구간,0.79,0.925,2026-10-07
VITL,0.6,9.24,1219211,1910726,11.27,17.23,0.7,-0.7,-1.0,중립,음봉,잔구간,0.33,-0.45,2026-10-07
CLPT,0.6,10.66,490178,869031,5.23,11.42,0.5,-1.5,-1.8,중립,음봉,전저점부근,0.2,-0.31,2026-10-07
VFC,0.6,14.38,6542409,10481212,94.08,142.84,0.7,-0.7,0.2,강한매수,양봉스프링,수횡파,0.9,3.58,2026-10-07
PWP,0.6,15.13,1667574,2620994,25.23,47.56,0.5,-1.8,-0.8,중립,음봉,잔구간,0.32,-0.46,2026-10-07
FRVO,0.6,13.97,5744494,9598666,80.25,141.45,0.6,-2.7,0.1,매수관심,양봉스프링,잔구간,0.76,0.905,2026-10-07
SOPH,0.6,7.15,432832,724520,3.09,5.18,0.6,-1.6,-1.5,매도주의,음봉,전저점이탈,0.24,-1.76,2026-10-07
SRFM,0.6,0.913,5505807,8601096,5.02,11.1,0.5,-1.0,-8.7,매도주의,장대음봉,잔구간,0.09,-1.245,2026-10-07
SSYS,0.6,8.24,510579,789760,4.21,5.53,0.8,-1.1,-2.7,매도주의,장대음봉,잔구간,0.25,-1.15,2026-10-07
PAYO,0.6,7.16,1601721,2526555,11.47,18.33,0.6,0.0,0.1,강한매수,장대양봉,완만한상승,1.0,3.5,2026-10-07
ICLN,0.6,17.31,3662932,6218951,63.41,111.44,0.6,-1.9,0.6,매수관심,장대양봉,잔구간,0.93,1.26,2026-10-07
HYT,0.6,7.79,653584,1158329,5.09,10.75,0.5,-0.4,0.1,매수관심,양봉스프링,잔구간,0.86,0.965,2026-10-07
PDBC,0.6,19.41,4065619,6925785,78.91,129.96,0.6,0.3,-0.6,중립,음봉,잔구간,0.47,-0.37,2026-10-07
CRCT,0.6,6.36,396791,611127,2.52,4.16,0.6,-0.5,0.2,중립,팽이도지,잔구간,0.5,0.0,2026-10-07
GAB,0.6,5.2,684216,1066604,3.56,7.59,0.5,-1.1,-0.2,중립,팽이도지,잔구간,0.44,-0.035,2026-10-07
CPRI,0.6,14.44,1891364,3335217,27.31,54.16,0.5,-1.4,-0.1,중립,팽이도지,잔구간,0.67,0.1,2026-10-07
COTY,0.6,2.8,3288456,5144927,9.21,13.59,0.7,-0.7,1.1,매수관심,양봉,완만한상승,0.57,1.68,2026-10-07
GLOO,0.6,3.98,477062,793258,1.9,4.61,0.4,-1.0,0.8,강한매수,양봉스프링,전저점부근,0.92,3.75,2026-10-07
CATX,0.6,2.46,1285777,2146224,3.16,5.64,0.6,0.4,3.8,매수관심,양봉,완만한상승,0.73,1.88,2026-10-07
STTK,0.6,5.655,1109328,1719548,6.27,10.23,0.6,-1.7,-1.8,매도주의,음봉,전저점이탈,0.38,-1.59,2026-10-07
STIM,0.6,2.17,642170,1039070,1.39,2.13,0.7,0.0,-1.8,중립,음봉,잔구간,0.27,-0.49,2026-10-07
CLYM,0.6,10.71,755808,1173417,8.09,15.71,0.5,-2.3,2.7,중립,양봉,잔구간,0.61,0.415,2026-10-07
ZIP,0.6,3.81,315546,548841,1.2,2.1,0.6,0.0,3.5,강한매수,양봉,전고점돌파,0.77,2.52,2026-10-07
NXDR,0.6,2.46,921171,1551532,2.27,4.65,0.5,0.0,1.7,매수관심,양봉,완만한상승,0.62,1.74,2026-10-07
OCUL,0.6,7.23,2932670,4763386,21.2,37.85,0.6,-1.1,-0.4,매도주의,위꼬리음봉,잔구간,0.11,-0.985,2026-10-07
ODD,0.6,19.14,407364,699284,7.8,14.52,0.5,0.0,-0.6,중립,팽이도지,잔구간,0.42,-0.05,2026-10-07
KURA,0.6,10.67,1098973,1879351,11.73,19.45,0.6,-0.9,2.3,매수관심,양봉,수횡파,0.52,1.32,2026-10-07
USDE,0.6,13.82,2064755,3473248,28.53,63.56,0.4,-5.4,2.0,매수관심,양봉스프링,잔구간,0.91,0.995,2026-10-07
USA,0.6,5.87,689417,1196775,4.05,6.52,0.6,-0.3,0.0,매수관심,양봉스프링,잔구간,1.0,1.05,2026-10-07
UNCY,0.6,4.18,590775,965764,2.47,4.4,0.6,-1.9,0.7,중립,팽이도지,잔구간,0.71,0.125,2026-10-07
ANNX,0.6,4.01,2450040,3812791,9.82,14.25,0.7,-1.0,0.5,중립,팽이도지,잔구간,0.38,-0.07,2026-10-07
MBGL,0.6,17.37,2710689,4869670,47.08,83.65,0.6,-0.5,-0.9,중립,음봉,잔구간,0.23,-0.51,2026-10-07
XERS,0.6,10.11,2220938,3672276,22.45,43.75,0.5,-0.7,1.1,중립,양봉,잔구간,0.56,0.385,2026-10-07
ABEO,0.6,5.08,738343,1328691,3.75,6.0,0.6,-1.2,2.6,강한매수,장대양봉,완만한상승,0.88,3.36,2026-10-07
ETRA,0.6,9.16,407261,706102,3.73,7.26,0.5,-1.0,-5.8,강한매도,장대음봉,전저점이탈,0.3,-2.99,2026-10-07
SCTX,0.6,17.57,421726,670699,7.41,12.42,0.6,-2.4,10.2,매수관심,장대양봉,잔구간,0.76,1.155,2026-10-07
SG,0.6,9.16,3617865,5578351,33.14,48.79,0.7,-1.4,1.7,매수관심,양봉,완만한상승,0.59,1.71,2026-10-07
SGHC,0.6,11.35,2136693,3428103,24.25,37.05,0.7,0.6,-1.3,중립,음봉,잔구간,0.42,-0.4,2026-10-07
SB,0.6,8.45,954532,1472108,8.07,13.29,0.6,-0.8,-0.7,매도주의,위꼬리음봉,잔구간,0.13,-0.97,2026-10-07
DAPP,0.6,18.34,664970,1147335,12.2,19.27,0.6,-2.6,-1.2,매도주의,음봉,전저점이탈,0.46,-1.5,2026-10-07
EXG,0.6,9.34,406531,655237,3.8,5.34,0.7,-1.1,0.2,중립,위꼬리양봉,잔구간,0.44,-0.535,2026-10-07
GMEU,0.6,8.93,475887,834953,4.25,8.94,0.5,-1.9,-0.1,중립,팽이도지,잔구간,0.44,-0.035,2026-10-07
SOC,0.6,3.67,5510804,8561581,20.22,31.95,0.6,-0.3,3.1,강한매수,장대양봉,완만한상승,0.72,3.16,2026-10-07
SLI,0.6,1.65,1273883,2083526,2.1,4.51,0.5,-1.7,-2.9,강한매도,장대음봉,전저점이탈,0.0,-3.35,2026-10-07
JQC,0.6,4.65,544950,888346,2.53,5.46,0.5,0.0,-0.2,중립,망치형,잔구간,0.75,0.65,2026-10-07
IVA,0.6,3.365,2403603,4317608,8.09,11.72,0.7,0.0,-2.7,중립,음봉,잔구간,0.49,-0.355,2026-10-07
SHMD,0.6,4.49,647646,1098207,2.91,11.59,0.3,-3.2,4.7,강한매수,장대양봉,완만한상승,0.92,3.4,2026-10-07
TGB,0.6,8.52,2993918,4705723,25.51,48.65,0.5,-3.0,-0.4,중립,망치형,잔구간,0.62,0.57,2026-10-07
TE,0.6,3.73,11965264,19007942,44.63,78.59,0.6,-3.9,2.2,중립,양봉,잔구간,1.0,0.65,2026-10-07
BSCV,0.6,15.85,465605,750825,7.38,13.82,0.5,-0.3,0.4,강한매수,장대양봉,전고점부근,1.0,2.15,2026-10-07
NNBR,0.6,4.02,1786965,3024537,7.18,17.91,0.4,-2.2,1.8,중립,양봉,잔구간,0.71,0.475,2026-10-07
VTEX,0.6,3.84,365221,660219,1.4,2.72,0.5,0.0,1.1,매수관심,양봉,완만한상승,0.6,1.72,2026-10-07
VVR,0.6,2.87,486992,795907,1.4,2.09,0.7,-1.0,0.3,중립,양봉,잔구간,0.33,0.25,2026-10-07
ACRE,0.6,3.65,556320,896622,2.03,3.04,0.7,-0.8,-1.9,중립,음봉,전저점부근,0.27,-0.23,2026-10-07
SHEN,0.6,11.83,550278,868158,6.51,10.08,0.6,-1.0,3.9,매수관심,장대양봉,잔구간,0.98,1.29,2026-10-07
SATL,0.6,5.18,3483043,5967142,18.04,33.62,0.5,-3.4,-2.6,중립,음봉,전저점부근,0.37,-0.11,2026-10-07
REPL,0.6,13.2,1647278,2568440,21.74,31.51,0.7,-0.8,0.5,중립,위꼬리양봉,잔구간,0.32,-0.61,2026-10-07
RGNX,0.6,7.595,1004863,1746859,7.63,11.51,0.7,-1.9,3.9,매수관심,양봉,완만한상승,0.75,1.9,2026-10-07
RIG,0.6,5.39,19185269,34568888,103.41,211.13,0.5,0.4,-0.6,중립,팽이도지,잔구간,0.39,-0.065,2026-10-07
DSGN,0.6,11.69,344454,616025,4.03,6.84,0.6,-1.3,-1.1,매도주의,음봉,전저점이탈,0.24,-1.76,2026-10-07
DPRO,0.6,4.7,980098,1573791,4.61,8.33,0.6,-0.9,-5.1,강한매도,장대음봉,전저점이탈,0.05,-3.29,2026-10-07
LWLG,0.6,5.43,2283475,3884422,12.4,17.6,0.7,-1.4,-2.0,중립,음봉,잔구간,0.52,-0.34,2026-10-07
TSLT,0.6,14.2,1091444,1755335,15.5,25.87,0.6,-1.1,-0.6,중립,팽이도지,잔구간,0.39,-0.065,2026-10-07
OPFI,0.6,6.06,371298,611779,2.25,3.68,0.6,-1.6,-0.3,중립,팽이도지,잔구간,0.44,-0.035,2026-10-07
SAFE,0.6,12.02,501804,806841,6.03,8.74,0.7,-0.1,-0.6,중립,음봉,잔구간,0.03,-0.63,2026-10-07
ORCX,0.6,20.0,970682,1720161,19.41,45.4,0.4,-3.1,1.6,중립,양봉,잔구간,0.65,0.44,2026-10-07
OPTU,0.6,1.0,1076949,1679840,1.08,1.65,0.7,-1.8,6.1,매수관심,장대양봉,잔구간,0.85,1.21,2026-10-07
OMER,0.6,18.75,622923,1051575,11.68,20.74,0.6,-2.2,3.5,매수관심,장대양봉,잔구간,0.89,1.235,2026-10-07
ONT,0.6,14.22,521409,803566,7.41,13.49,0.5,-1.7,-0.4,중립,망치형,잔구간,0.73,0.64,2026-10-07
BSCU,0.5,16.195,620958,1142403,10.06,15.12,0.7,-0.2,0.3,강한매수,장대양봉,완만한상승,0.79,3.25,2026-10-07
AHRT,0.5,6.02,657691,1204352,3.96,11.17,0.4,0.0,-0.3,중립,팽이도지,잔구간,0.27,-0.14,2026-10-07
AESI,0.5,12.46,2081080,3826561,25.93,57.63,0.4,-1.0,-1.0,매도주의,위꼬리음봉,잔구간,0.22,-0.92,2026-10-07
CERS,0.5,2.29,888398,1797369,2.03,4.49,0.5,-1.3,-0.9,중립,음봉,잔구간,0.25,-0.5,2026-10-07
BRVE,0.5,18.58,336949,694381,6.26,12.89,0.5,-0.9,-5.3,강한매도,장대음봉,전저점이탈,0.09,-3.24,2026-10-07
IHS,0.5,8.44,598857,1174726,5.05,8.37,0.6,-0.2,0.2,중립,양봉,잔구간,0.8,0.53,2026-10-07
ZNTL,0.5,2.55,820075,1674979,2.09,4.85,0.4,-1.5,-3.0,중립,음봉,잔구간,0.07,-0.61,2026-10-07
XFOR,0.5,2.81,435381,804754,1.22,3.61,0.3,-1.1,2.6,매수관심,양봉,완만한상승,0.69,1.83,2026-10-07
VNDA,0.5,4.56,758353,1625039,3.46,7.02,0.5,-0.9,1.8,중립,양봉,잔구간,0.6,0.41,2026-10-07
MOMO,0.5,4.76,662930,1278926,3.16,5.6,0.6,-0.6,0.4,중립,양봉,잔구간,0.57,0.39,2026-10-07
MNTK,0.5,2.66,391851,851132,1.04,3.69,0.3,-0.8,0.8,강한매수,양봉스프링,완만한상승,0.75,2.7,2026-10-07
EGHT,0.5,2.14,750678,1570167,1.61,4.68,0.3,-0.9,-0.5,매도주의,위꼬리음봉,잔구간,0.22,-0.92,2026-10-07
LDI,0.5,0.618,1815681,3799735,1.12,3.01,0.4,-2.7,2.8,매수관심,양봉,완만한상승,0.65,1.78,2026-10-07
GO,0.5,11.94,1476610,2693063,17.63,28.23,0.6,-0.2,4.8,매수관심,장대양봉,잔구간,0.95,1.27,2026-10-07
LXRX,0.5,1.76,1100197,2295374,1.94,6.76,0.3,-1.1,1.7,중립,양봉,잔구간,0.82,0.54,2026-10-07
LYNX,0.5,12.76,315287,621599,4.02,7.4,0.5,-0.8,-3.0,매도주의,장대음봉,잔구간,0.0,-1.3,2026-10-07
GOOD,0.5,12.63,305872,655568,3.86,7.66,0.5,-0.1,-0.6,중립,음봉,잔구간,0.11,-0.585,2026-10-07
CMPS,0.5,11.69,1586412,2925166,18.55,36.42,0.5,-0.5,1.7,중립,양봉,잔구간,0.59,0.405,2026-10-07
FOSL,0.5,7.08,610087,1262835,4.32,6.07,0.7,0.0,0.3,강한매수,양봉스프링,완만한상승,0.75,2.7,2026-10-07
PYXS,0.5,2.01,957972,1758253,1.93,4.3,0.4,0.0,-0.5,매도주의,위꼬리음봉,전저점부근,0.12,-1.21,2026-10-07
KC,0.5,9.23,455269,940356,4.2,10.22,0.4,-1.9,0.7,중립,양봉,잔구간,0.86,0.565,2026-10-07
GERN,0.5,1.2,5140511,10970997,6.17,12.25,0.5,0.0,-0.8,중립,음봉,잔구간,0.5,-0.35,2026-10-07
BZ,0.5,15.05,2400668,5056529,36.13,77.93,0.5,-1.1,0.7,중립,양봉,잔구간,0.65,0.44,2026-10-07
SSG,0.5,9.75,492157,1042256,4.8,10.65,0.5,3.0,-2.2,매도주의,장대음봉,잔구간,0.04,-1.275,2026-10-07
NNDM,0.5,1.55,774111,1702679,1.2,2.54,0.5,-0.6,-0.6,매도주의,위꼬리음봉,전저점부근,0.0,-1.35,2026-10-07
FDMT,0.5,12.59,603568,1103963,7.6,18.54,0.4,-1.6,1.9,중립,양봉,잔구간,0.55,0.38,2026-10-07
BBOT,0.5,3.44,321385,598728,1.11,2.52,0.4,-1.1,-0.6,매도주의,팽이도지,전저점이탈,0.38,-0.89,2026-10-07
ORIC,0.5,12.01,790782,1583287,9.5,22.13,0.4,-1.3,1.5,중립,위꼬리양봉,완만한상승,0.33,-0.3,2026-10-07
BLMN,0.5,8.17,1475014,2916916,12.05,23.41,0.5,-1.4,-0.6,중립,음봉,잔구간,0.56,-0.315,2026-10-07
VERX,0.5,12.33,786635,1497910,9.7,16.89,0.6,-0.7,1.0,중립,위꼬리양봉,완만한상승,0.4,-0.22,2026-10-07
BDJ,0.5,9.41,310071,647006,2.92,4.98,0.6,-0.5,0.1,중립,팽이도지,잔구간,0.54,0.025,2026-10-07
XRPNW,0.5,4.55,610486,1129246,2.78,2.82,1.0,0.8,16.7,매수관심,장대양봉,전고점부근,0.63,1.71,2026-10-07
EPRX,0.5,7.78,853311,1675357,6.64,10.7,0.6,-1.3,1.8,매수관심,양봉,완만한상승,0.75,1.9,2026-10-07
CYPH,0.5,3.05,8113930,14885582,24.75,62.32,0.4,-8.9,2.7,중립,양봉,잔구간,0.75,0.5,2026-10-07
SLDB,0.5,6.85,744708,1382247,5.1,9.9,0.5,-2.3,1.3,중립,양봉,잔구간,0.56,0.385,2026-10-07
TME,0.5,7.99,2795614,5222296,22.34,55.35,0.4,-1.0,1.8,매수관심,장대양봉,잔구간,0.82,1.19,2026-10-07
KDK,0.5,1.7,4415704,9315944,7.51,18.93,0.4,-1.2,0.0,중립,팽이도지,잔구간,0.46,-0.025,2026-10-07
QTEX,0.5,1.66,23841172,43393627,39.58,46.76,0.8,-14.5,22.1,강한매수,장대양봉,완만한상승,1.0,3.5,2026-10-07
RTO,0.4,19.85,1183795,2646017,23.5,52.69,0.4,0.1,-0.6,중립,음봉,잔구간,0.62,-0.28,2026-10-07
MSFD,0.4,9.662,660468,1570828,6.38,16.04,0.4,-0.2,0.1,중립,위꼬리양봉,잔구간,0.27,-0.64,2026-10-07
GRML,0.4,5.83,1829804,4421732,10.67,193.37,0.1,-6.0,-2.8,중립,음봉,전저점부근,0.21,-0.3,2026-10-07
ABUS,0.4,4.29,4790515,12553881,20.55,56.41,0.4,-0.4,-3.8,강한매도,장대음봉,전저점이탈,0.05,-3.29,2026-10-07
UTZ,0.4,14.29,840004,1900566,12.0,22.82,0.5,0.1,0.1,중립,양봉,전고점부근,0.67,0.45,2026-10-07
SGMT,0.4,8.88,631649,1620646,5.61,18.85,0.3,-1.3,2.7,매수관심,장대양봉,잔구간,0.76,1.155,2026-10-07
LXEO,0.4,3.31,1195143,2739302,3.96,8.46,0.5,-0.9,1.2,중립,위꼬리양봉,잔구간,0.37,-0.58,2026-10-07
GLAS,0.4,5.13,793381,1880507,4.07,12.51,0.3,-1.0,0.4,중립,위꼬리양봉,잔구간,0.15,-0.71,2026-10-07
GLND,0.4,2.71,3275021,8569559,8.88,207.74,0.0,-2.0,-7.8,매도주의,음봉,전저점이탈,0.05,-1.99,2026-10-07
CABA,0.4,1.97,2141772,5556436,4.22,11.95,0.4,-2.0,-0.5,매도주의,위꼬리음봉,잔구간,0.24,-0.905,2026-10-07
TARA,0.4,2.59,731351,1653456,1.89,6.14,0.3,-0.6,2.0,중립,양봉,잔구간,0.5,0.35,2026-10-07
BCAT,0.4,13.77,411252,975754,5.66,15.74,0.4,-0.1,0.5,강한매수,양봉,완만한상승,0.88,2.06,2026-10-07
BRBS,0.4,3.88,623905,1464430,2.42,4.47,0.5,0.3,-1.3,매도주의,장대음봉,잔구간,0.37,-1.08,2026-10-07
RLX,0.4,1.73,622494,1397665,1.08,3.43,0.3,0.0,1.8,강한매수,장대양봉,완만한상승,0.8,3.26,2026-10-07
MEDS,0.4,2.88,363492,912904,1.05,28.94,0.0,1.0,-7.1,강한매도,장대음봉,전저점이탈,0.14,-3.18,2026-10-07
COHH,0.4,7.385,629175,1426377,4.65,8.09,0.6,-5.9,3.7,중립,양봉,잔구간,0.83,0.55,2026-10-07
CNTB,0.4,0.945,1224838,3018455,1.16,20.43,0.1,-0.6,5.0,중립,양봉,잔구간,0.69,0.465,2026-10-07
LBTYA,0.4,9.1,1747342,4405982,15.9,36.31,0.4,-0.2,-0.2,중립,팽이도지,잔구간,0.46,-0.025,2026-10-07
OMAH,0.4,17.64,517659,1224142,9.13,25.46,0.4,-0.1,0.0,매수관심,양봉스프링,잔구간,0.79,0.925,2026-10-07
QTTB,0.4,7.99,570154,1526697,4.56,14.0,0.3,-1.4,-0.1,중립,팽이도지,잔구간,0.67,0.1,2026-10-07
CRON,0.4,3.24,456034,1226920,1.48,3.39,0.4,-0.8,-0.6,중립,음봉,잔구간,0.0,-0.65,2026-10-07
QSI,0.4,1.28,8036980,18979566,10.29,15.42,0.7,-4.1,9.4,강한매수,양봉,완만한상승,0.86,2.03,2026-10-07
INNV,0.4,9.13,342157,768368,3.12,13.05,0.2,-1.0,2.5,강한매수,장대양봉,완만한상승,0.77,3.22,2026-10-07
CRDU,0.4,11.4,2231742,6169217,25.44,66.62,0.4,-5.7,5.2,중립,양봉,잔구간,0.82,0.54,2026-10-07
SSM,0.4,1.37,743537,2016312,1.02,19.35,0.1,-0.7,-1.4,중립,팽이도지,잔구간,0.38,-0.07,2026-10-07
PALI,0.4,1.48,825232,2080549,1.22,5.27,0.2,-2.0,1.4,중립,양봉,잔구간,1.0,0.65,2026-10-07
JELD,0.4,1.77,705992,1904623,1.25,3.88,0.3,-3.8,1.1,중립,팽이도지,잔구간,0.58,0.05,2026-10-07
ASTL,0.4,4.23,361530,920710,1.53,3.45,0.4,-2.1,-0.7,중립,팽이도지,잔구간,0.33,-0.1,2026-10-07
ALDX,0.3,0.959,1287897,3868605,1.23,3.13,0.4,-0.6,5.3,중립,양봉,잔구간,0.91,0.595,2026-10-07
AIB,0.3,1.5,1647397,5218966,2.47,7.88,0.3,-5.7,1.4,중립,팽이도지,잔구간,0.47,-0.02,2026-10-07
APPX,0.3,10.04,931843,3046628,9.36,30.01,0.3,-2.7,4.3,중립,양봉,잔구간,0.98,0.64,2026-10-07
CMPX,0.3,1.02,2792590,8677011,2.85,8.13,0.4,-1.8,4.1,중립,양봉,잔구간,0.61,0.415,2026-10-07
TENX,0.3,1.91,701611,2152216,1.34,4.57,0.3,-0.5,-0.5,중립,팽이도지,잔구간,0.33,-0.1,2026-10-07
SITC,0.3,3.16,696444,2106334,2.2,6.43,0.3,0.3,-1.6,중립,음봉,잔구간,0.1,-0.59,2026-10-07
IQ,0.3,1.015,2218800,6785744,2.25,5.63,0.4,-1.0,1.5,매수관심,양봉,완만한상승,0.77,1.92,2026-10-07
TNON,0.3,3.5,356192,1275821,1.25,26.0,0.0,-3.6,-2.2,중립,음봉,잔구간,0.46,-0.375,2026-10-07
AISP,0.3,2.14,563621,1896315,1.21,10.89,0.1,-2.4,3.9,강한매수,장대양봉,완만한상승,0.77,3.22,2026-10-07
SDEV,0.3,2.78,25304725,97659100,70.35,285.2,0.2,0.6,-15.0,매도주의,장대음봉,잔구간,0.18,-1.19,2026-10-07
VEEA,0.2,4.71,483570,2499988,2.28,68.7,0.0,-3.2,-1.5,중립,팽이도지,잔구간,0.37,-0.08,2026-10-07
ACCV,0.2,15.19,1323937,5503003,20.11,113.32,0.2,-0.4,-7.0,매도주의,장대음봉,잔구간,0.03,-1.28,2026-10-07
RETO,0.2,1.57,1034633,4965975,1.62,15.01,0.1,-3.0,-2.5,매도주의,위꼬리음봉,잔구간,0.06,-1.015,2026-10-07
AMOD,0.1,2.27,857006,10463692,1.95,81.67,0.0,-10.4,1.3,중립,위꼬리양봉,잔구간,0.18,-0.69,2026-10-07
SAIQ,0.1,3.89,1068250,8020060,4.16,146.32,0.0,-18.2,-7.8,중립,음봉,잔구간,0.49,-0.355,2026-10-07
