ticker,ratio,latest_close,latest_volume,baseline_volume,dollar_volume_M,avg_dollar_vol_10d_M,dollar_surge_x,signal_gap_%,intraday_chg_%,candle_signal,candle_shape,candle_pos,close_pos,candle_score,latest_date
BDRX,1414.7,1.3,142437102,100685,185.17,0.1,1824.2,33.3,47.7,강한매수,양봉,전고점돌파,0.65,2.38,2026-09-11
TRUG,565.1,0.653,434803294,769404,284.06,2.91,97.5,34.8,30.7,강한매수,양봉,전고점돌파,0.65,2.38,2026-09-11
TNON,405.1,5.93,108576296,268043,643.86,74.88,8.6,53.6,-27.1,매도주의,음봉,전고점부근,0.12,-1.61,2026-09-11
SXTC,277.3,2.56,14162896,51067,36.26,0.24,152.1,16.1,14.3,중립,양봉,잔구간,0.5,0.35,2026-09-11
FTFT,139.5,2.88,53280793,381834,153.45,23.59,6.5,37.6,2.1,중립,위꼬리양봉,잔구간,0.3,-0.62,2026-09-11
LBGJ,109.0,2.25,6840233,62735,15.39,0.39,39.6,33.5,-13.1,중립,음봉,잔구간,0.35,-0.44,2026-09-11
NHIC,100.0,10.64,7781823,77802,82.8,1.47,56.1,0.0,0.2,중립,양봉,전고점부근,0.75,0.55,2026-09-11
MASK,86.9,1.23,9580885,110311,11.78,0.26,45.3,6.3,-8.2,매도주의,음봉,전저점이탈,0.14,-1.88,2026-09-11
AEON,73.1,0.327,31010519,424039,10.14,6.15,1.6,2.8,9.7,중립,양봉,잔구간,0.41,0.295,2026-09-11
ACVA,38.6,10.41,115502856,2994806,1202.38,33.61,35.8,44.8,-0.4,매도주의,장대음봉,전고점돌파,0.0,-1.1,2026-09-11
SCNI,38.3,1.66,3493695,91228,5.8,0.52,11.1,0.6,-1.2,매도주의,위꼬리음봉,잔구간,0.07,-1.01,2026-09-11
IMMP,25.5,0.373,3207280,125607,1.2,0.05,22.9,13.0,1.6,중립,위꼬리양봉,잔구간,0.37,-0.58,2026-09-11
APUR,25.4,10.03,2759886,108634,27.68,1.06,26.2,0.1,0.0,매수관심,팽이도지,전고점돌파,0.5,1.5,2026-09-11
DBVT,20.0,11.85,2699412,135298,31.99,2.0,16.0,0.5,-9.1,강한매도,장대음봉,전저점이탈,0.04,-3.3,2026-09-11
RWT,17.6,3.55,28840273,1642157,102.38,21.56,4.7,-3.0,0.9,중립,팽이도지,잔구간,0.67,0.1,2026-09-11
DBGI,16.8,6.0,3064559,182564,18.39,21.0,0.9,-3.5,-8.4,중립,음봉,잔구간,0.36,-0.435,2026-09-11
GCTK,13.9,2.55,744247,53358,1.9,0.31,6.1,-5.3,-16.7,강한매도,장대음봉,전저점이탈,0.36,-2.92,2026-09-11
JDZG,13.3,3.5,921349,69238,3.22,0.46,7.1,0.8,-1.6,매도주의,위꼬리음봉,잔구간,0.0,-1.05,2026-09-11
OPTT,12.1,3.195,2118698,174852,6.77,0.92,7.4,-14.0,-22.6,매도주의,음봉,전저점이탈,0.22,-1.79,2026-09-11
BCAT,11.9,14.8,5109588,427867,75.62,8.26,9.2,-5.1,-2.0,매도주의,음봉,전저점이탈,0.5,-1.45,2026-09-11
CLBR,11.3,10.23,1120683,99204,11.46,0.89,12.8,0.0,0.0,중립,위꼬리양봉,잔구간,0.14,-0.715,2026-09-11
CRMT,11.1,1.9,2981313,268153,5.66,1.01,5.6,5.7,13.1,매수관심,양봉,완만한상승,0.53,1.64,2026-09-11
EDHL,9.9,4.42,1546124,156404,6.83,0.73,9.4,-2.2,9.7,매수관심,장대양봉,잔구간,0.74,1.145,2026-09-11
FGL,9.7,5.45,2119501,217932,11.55,4.14,2.8,-12.7,22.5,중립,위꼬리양봉,전저점부근,0.32,-0.47,2026-09-11
FTMU,8.8,7.549,1107467,125707,8.36,0.94,8.9,0.3,0.3,매수관심,장대양봉,잔구간,0.8,1.18,2026-09-11
AUUD,8.7,0.982,1025846,118432,1.01,2.07,0.5,-0.9,1.2,강한매수,양봉,완만한상승,0.94,2.13,2026-09-11
KPTI,8.3,1.61,6737667,810313,10.85,2.0,5.4,-7.4,7.3,매수관심,양봉스프링,잔구간,1.0,1.05,2026-09-11
BBOT,8.3,4.95,1631034,196496,8.07,4.2,1.9,0.2,-10.5,강한매도,장대음봉,전저점이탈,0.07,-3.27,2026-09-11
GTBP,8.0,8.61,544275,67695,4.69,0.32,14.6,6.6,30.7,강한매수,장대양봉,전고점돌파,0.91,3.99,2026-09-11
ZUMZ,7.4,14.55,1232025,166664,17.93,3.86,4.6,-15.8,3.4,매수관심,장대양봉,전저점이탈,0.96,1.8,2026-09-11
PROF,7.2,5.97,362007,50312,2.16,0.59,3.7,2.2,-2.0,중립,팽이도지,잔구간,0.5,0.0,2026-09-11
WCT,6.7,7.15,354357,52545,2.53,2.93,0.9,-2.8,-0.1,중립,팽이도지,잔구간,0.29,-0.125,2026-09-11
ORCZ,6.7,15.36,999520,148639,15.35,2.63,5.8,-15.0,21.7,매수관심,장대양봉,잔구간,0.98,1.29,2026-09-11
STRO,6.3,16.86,942335,149572,15.89,2.82,5.6,1.3,-6.7,강한매도,장대음봉,전저점이탈,0.21,-3.1,2026-09-11
ZSTK,6.1,4.84,354821,58176,1.72,0.47,3.7,1.8,-3.0,중립,음봉,잔구간,0.46,-0.375,2026-09-11
AEYE,6.0,7.93,779441,130743,6.18,1.04,6.0,1.9,3.8,매수관심,양봉,완만한상승,0.45,1.54,2026-09-11
CDTG,5.9,1.41,4927750,838700,6.95,15.08,0.5,10.0,-1.4,매도주의,위꼬리음봉,잔구간,0.12,-0.98,2026-09-11
RENT,5.8,2.45,707435,121642,1.73,0.34,5.1,6.0,-18.1,강한매도,장대음봉,전저점이탈,0.27,-3.03,2026-09-11
RTAC,5.3,10.46,788509,147827,8.25,4.14,2.0,0.0,0.0,강한매수,양봉스프링,완만한상승,0.89,2.87,2026-09-11
ZKH,5.3,2.92,1020743,194165,2.98,0.65,4.6,0.0,0.7,매수관심,팽이도지,완만한상승,0.65,1.08,2026-09-11
GOSS,5.1,10.73,474154,93826,5.09,1.73,2.9,9.6,-14.0,강한매도,장대음봉,전저점이탈,0.13,-3.19,2026-09-11
FTMA,4.9,8.73,691188,140400,6.03,1.5,4.0,0.2,0.4,매수관심,장대양봉,잔구간,1.0,1.3,2026-09-11
CADL,4.9,10.545,3596201,734553,37.92,12.46,3.0,-0.1,-6.8,매도주의,음봉,전저점이탈,0.44,-1.52,2026-09-11
NCRA,4.7,2.23,610780,130334,1.36,18.66,0.1,16.7,2.8,매수관심,양봉,완만한상승,0.8,1.96,2026-09-11
MLN,4.7,16.73,1231932,262961,20.61,5.32,3.9,0.4,-0.1,매도주의,위꼬리음봉,잔구간,0.08,-1.0,2026-09-11
DBRG,4.6,15.9,10236794,2215132,162.77,51.52,3.2,0.0,-0.1,중립,음봉,잔구간,0.5,-0.35,2026-09-11
LXEO,4.4,4.25,1490757,335576,6.34,2.31,2.7,1.6,-4.1,강한매도,장대음봉,전저점이탈,0.17,-3.15,2026-09-11
INSE,4.4,5.1,413057,94350,2.11,0.65,3.2,1.3,-4.5,매도주의,음봉,전저점이탈,0.56,-1.38,2026-09-11
ITRG,4.3,2.85,7075454,1661778,20.17,5.26,3.8,1.4,1.8,매수관심,양봉,완만한상승,0.48,1.58,2026-09-11
ADBG,4.3,4.18,10287358,2416754,43.0,13.24,3.2,-5.8,8.9,매수관심,장대양봉,잔구간,0.76,1.155,2026-09-11
UXRP,4.2,15.08,639188,151293,9.64,2.3,4.2,1.1,0.5,중립,위꼬리양봉,잔구간,0.14,-0.715,2026-09-11
HGTY,4.2,13.55,572301,136761,7.75,11.69,0.7,1.8,-1.3,강한매수,망치형,완만한상승,0.74,2.19,2026-09-11
DDI,4.1,12.68,370941,89751,4.7,1.49,3.2,0.2,-1.6,매도주의,장대음봉,잔구간,0.26,-1.145,2026-09-11
HLLY,4.1,2.69,2800842,689830,7.53,2.88,2.6,1.9,0.7,중립,팽이도지,잔구간,0.58,0.05,2026-09-11
GRCE,4.1,2.22,716523,173120,1.59,0.33,4.8,1.3,-3.1,매도주의,위꼬리음봉,잔구간,0.08,-1.0,2026-09-11
GROY,4.0,3.41,6583182,1664645,22.45,5.8,3.9,1.5,2.4,매수관심,양봉,완만한상승,0.5,1.6,2026-09-11
MBRX,4.0,0.715,1931958,483490,1.38,0.42,3.3,2.4,-15.9,매도주의,장대음봉,잔구간,0.03,-1.28,2026-09-11
OWLT,4.0,4.69,550353,138176,2.58,1.01,2.6,1.9,-1.9,중립,음봉,잔구간,0.33,-0.45,2026-09-11
BTCT,4.0,1.45,10192811,2549526,14.78,9.9,1.5,16.2,-4.0,중립,팽이도지,잔구간,0.35,-0.09,2026-09-11
ODD,3.9,18.28,3668365,947651,67.06,32.11,2.1,1.4,12.6,중립,양봉,전고점부근,0.56,0.32,2026-09-11
SABS,3.8,3.41,712045,186119,2.43,0.8,3.1,0.9,-1.2,매도주의,위꼬리음봉,잔구간,0.19,-0.935,2026-09-11
VNCE,3.8,5.24,385070,101060,2.02,1.44,1.4,1.2,2.9,매수관심,팽이도지,완만한상승,0.5,0.9,2026-09-11
CAST,3.7,1.41,2226860,604271,3.14,2.49,1.3,-2.3,11.0,중립,양봉,잔구간,0.5,0.35,2026-09-11
MCFT,3.7,19.64,675010,181924,13.26,5.09,2.6,0.8,-5.3,매도주의,음봉,전저점이탈,0.07,-1.97,2026-09-11
KIO,3.7,10.95,425012,114393,4.65,1.77,2.6,-0.5,0.6,매수관심,장대양봉,잔구간,0.67,1.1,2026-09-11
SMR,3.7,8.61,92557872,25326975,796.92,290.9,2.7,-5.4,-10.9,강한매도,장대음봉,전저점이탈,0.03,-3.31,2026-09-11
SMUP,3.7,3.93,535825,142992,2.11,0.8,2.6,-10.5,-23.4,강한매도,장대음봉,전저점이탈,0.02,-3.33,2026-09-11
MTLS,3.7,7.64,369184,100694,2.82,1.35,2.1,0.3,2.6,매수관심,양봉,완만한상승,0.78,1.94,2026-09-11
DHF,3.7,2.3,534199,145080,1.23,0.47,2.6,0.0,0.0,매도주의,위꼬리양봉,전저점부근,0.0,-0.85,2026-09-11
WFF,3.7,2.03,590350,160041,1.2,1.48,0.8,0.0,9.1,중립,양봉,잔구간,0.53,0.37,2026-09-11
CRBP,3.6,8.12,2347297,655602,19.06,6.48,2.9,1.7,-3.1,중립,음봉,전저점부근,0.31,-0.18,2026-09-11
ATEC,3.6,10.58,6458430,1809832,68.33,15.92,4.3,8.0,10.8,강한매수,장대양봉,전고점돌파,0.98,4.08,2026-09-11
SRFM,3.6,0.509,4485954,1245169,2.28,0.94,2.4,2.0,-13.7,강한매도,장대음봉,전저점이탈,0.1,-3.23,2026-09-11
IPDN,3.6,3.648,614928,170683,2.24,7.4,0.3,-18.8,6.7,중립,양봉,잔구간,0.96,0.625,2026-09-11
TPET,3.6,1.88,1101177,303567,2.07,4.81,0.4,-6.9,0.0,중립,팽이도지,잔구간,0.5,0.0,2026-09-11
ALEC,3.6,2.14,4699046,1294816,10.06,2.98,3.4,1.4,-1.4,중립,팽이도지,잔구간,0.6,0.06,2026-09-11
GLOO,3.5,3.33,468719,134895,1.56,0.54,2.9,0.2,10.6,매수관심,장대양봉,전고점부근,0.75,1.85,2026-09-11
KDK,3.5,3.74,3218026,919847,12.04,3.7,3.3,0.8,-2.3,중립,음봉,잔구간,0.11,-0.585,2026-09-11
AVTX,3.4,16.12,2525470,752709,40.71,14.94,2.7,1.4,-7.5,강한매도,장대음봉,전저점이탈,0.05,-3.29,2026-09-11
OKLL,3.4,9.5,5885518,1735766,55.91,25.86,2.2,-6.2,-13.0,강한매도,장대음봉,전저점이탈,0.01,-3.34,2026-09-11
QTTB,3.4,11.1,1824470,542250,20.25,6.34,3.2,0.9,2.6,중립,양봉,잔구간,0.79,0.525,2026-09-11
ORCU,3.3,8.045,17250832,5229315,138.78,42.67,3.3,14.7,-16.0,매도주의,장대음봉,잔구간,0.03,-1.28,2026-09-11
NMRA,3.3,1.04,1880837,568078,1.96,0.76,2.6,1.8,-10.3,강한매도,장대음봉,전저점이탈,0.14,-3.18,2026-09-11
SMU,3.3,4.96,7249659,2219680,35.96,14.59,2.5,-10.5,-23.1,강한매도,장대음봉,전저점이탈,0.04,-3.3,2026-09-11
ETHT,3.3,17.82,4917651,1487490,87.63,33.63,2.6,3.0,3.2,강한매도,위꼬리양봉,전고점부근,0.29,-2.7,2026-09-11
LOVE,3.2,13.91,748822,232015,10.42,4.47,2.3,1.0,-3.4,중립,음봉,전저점부근,0.47,0.01,2026-09-11
IMPP,3.2,5.79,1077825,340594,6.24,2.56,2.4,1.0,2.3,강한매수,양봉,전고점돌파,0.68,2.42,2026-09-11
PHK,3.1,4.36,2103377,685956,9.17,3.11,2.9,-0.7,-0.9,매도주의,음봉,전저점이탈,0.25,-1.75,2026-09-11
LEGN,3.0,18.64,4279420,1421589,79.77,29.62,2.7,1.5,-4.3,강한매도,장대음봉,전저점이탈,0.02,-3.33,2026-09-11
REPL,2.9,12.92,4085047,1424600,52.78,26.9,2.0,0.7,-3.1,매도주의,음봉,전저점이탈,0.39,-1.58,2026-09-11
ECAT,2.9,14.74,1422103,483170,20.96,7.14,2.9,1.0,-3.0,강한매도,장대음봉,전저점이탈,0.17,-3.15,2026-09-11
ALDX,2.9,1.34,1565518,548372,2.1,0.77,2.7,1.4,-9.5,강한매도,장대음봉,전저점이탈,0.07,-3.27,2026-09-11
UBRL,2.8,14.1,642779,233369,9.06,3.72,2.4,1.8,-4.3,매도주의,장대음봉,잔구간,0.27,-1.14,2026-09-11
CTNT,2.8,1.16,1929048,690848,2.24,1.4,1.6,-0.9,2.7,매수관심,팽이도지,완만한상승,0.5,0.9,2026-09-11
SKYQ,2.8,3.11,2956671,1042015,9.2,11.43,0.8,3.4,-5.8,중립,음봉,잔구간,0.31,-0.465,2026-09-11
LMNR,2.8,13.045,322775,116582,4.21,1.71,2.5,0.3,-2.3,매도주의,음봉,전저점이탈,0.39,-1.58,2026-09-11
ETHA,2.7,19.16,97174910,35495884,1861.87,727.44,2.6,1.7,1.5,중립,위꼬리양봉,전고점돌파,0.28,0.24,2026-09-11
XGN,2.7,7.03,476716,174684,3.35,1.56,2.1,1.9,-1.0,매도주의,위꼬리음봉,완만한상승,0.1,-1.08,2026-09-11
LRMR,2.7,3.92,2127479,777823,8.34,2.98,2.8,1.6,0.3,중립,팽이도지,잔구간,0.32,-0.11,2026-09-11
ETHW,2.7,18.16,2095695,771682,38.06,15.82,2.4,1.5,1.5,중립,위꼬리양봉,전고점돌파,0.28,0.24,2026-09-11
BSCT,2.7,18.355,1340320,501317,24.6,16.62,1.5,0.1,-0.2,강한매도,장대음봉,전저점이탈,0.12,-3.21,2026-09-11
CIK,2.6,2.41,1011823,385700,2.44,0.78,3.1,0.4,-0.4,중립,음봉,전저점부근,0.5,0.05,2026-09-11
SLS,2.6,11.545,14709891,5641629,169.83,94.83,1.8,0.4,-14.8,강한매도,장대음봉,전저점이탈,0.07,-3.27,2026-09-11
ERIC,2.5,10.31,13633670,5549818,140.56,82.72,1.7,0.6,2.3,강한매수,장대양봉,전고점돌파,0.89,3.97,2026-09-11
CRNC,2.5,8.51,1374802,559458,11.7,4.82,2.4,1.8,2.7,강한매수,양봉,완만한상승,0.93,2.12,2026-09-11
NMAX,2.5,11.39,2381792,964731,27.13,10.24,2.6,1.0,2.7,중립,위꼬리양봉,전고점돌파,0.29,0.25,2026-09-11
TRIP,2.5,9.09,8753905,3502288,79.57,35.58,2.2,1.3,1.7,강한매수,양봉,완만한상승,0.83,2.0,2026-09-11
IMSR,2.5,4.745,2342811,928320,11.12,5.28,2.1,0.0,-9.8,강한매도,장대음봉,전저점이탈,0.04,-3.3,2026-09-11
VFS,2.5,3.21,685949,278975,2.2,1.13,2.0,1.3,5.2,강한매수,장대양봉,전고점돌파,1.0,4.1,2026-09-11
KT,2.5,19.9,2139472,864137,42.58,21.94,1.9,0.8,0.8,중립,양봉,잔구간,0.74,0.495,2026-09-11
TLS,2.5,3.95,1317106,519697,5.2,3.2,1.6,-3.0,-13.0,강한매도,장대음봉,전저점이탈,0.02,-3.33,2026-09-11
AEHL,2.4,7.81,825865,342335,6.45,51.02,0.1,-20.7,29.1,매수관심,양봉,완만한상승,0.51,1.61,2026-09-11
MYGN,2.4,3.42,2552959,1080783,8.73,5.34,1.6,0.3,1.5,강한매수,양봉스프링,전고점돌파,0.98,3.58,2026-09-11
FLWS,2.4,3.015,475622,197791,1.43,0.9,1.6,0.8,-1.5,중립,팽이도지,잔구간,0.3,-0.12,2026-09-11
SPRY,2.4,4.76,2573537,1087353,12.25,6.78,1.8,1.4,-7.2,강한매도,장대음봉,전저점이탈,0.07,-3.27,2026-09-11
AVEX,2.4,16.08,2633222,1082052,42.34,19.29,2.2,3.5,-2.3,중립,음봉,완만한상승,0.13,-0.24,2026-09-11
REF,2.4,14.03,567368,232632,7.96,5.05,1.6,-0.4,7.1,매수관심,장대양봉,잔구간,0.84,1.205,2026-09-11
SVCO,2.4,6.71,513356,212968,3.44,1.91,1.8,1.8,1.2,중립,위꼬리양봉,완만한상승,0.43,-0.18,2026-09-11
BFRI,2.4,1.55,1456056,610267,2.26,1.1,2.0,5.5,0.6,중립,팽이도지,잔구간,0.42,-0.05,2026-09-11
LODE,2.3,2.82,1873017,806399,5.28,2.54,2.1,1.0,-5.4,강한매도,장대음봉,전저점이탈,0.08,-3.25,2026-09-11
VERI,2.3,1.04,5272120,2304646,5.48,1.82,3.0,-1.3,19.7,강한매수,장대양봉,전고점돌파,0.83,3.9,2026-09-11
MIST,2.3,0.98,3323791,1453779,3.26,1.5,2.2,1.0,-7.5,강한매도,장대음봉,전저점이탈,0.0,-3.35,2026-09-11
PTY,2.3,11.43,2082010,886575,23.8,11.79,2.0,-0.7,-0.8,매도주의,음봉,전저점이탈,0.2,-1.81,2026-09-11
CDZI,2.3,3.65,1734045,761604,6.33,3.36,1.9,1.4,-7.8,강한매도,장대음봉,전저점이탈,0.16,-3.16,2026-09-11
BYRN,2.3,3.62,439522,194000,1.59,1.22,1.3,0.8,1.7,중립,위꼬리양봉,잔구간,0.38,-0.57,2026-09-11
ANY,2.3,2.7,834147,370061,2.25,1.17,1.9,2.4,3.8,강한매수,양봉,전고점돌파,0.66,2.39,2026-09-11
DRH,2.2,12.2,4857745,2215092,59.26,28.52,2.1,1.1,-1.0,중립,음봉,완만한상승,0.09,-0.29,2026-09-11
PFN,2.2,6.64,788009,355993,5.23,2.6,2.0,-0.4,-1.3,강한매도,장대음봉,전저점이탈,0.17,-3.15,2026-09-11
RGP,2.2,3.97,581397,268184,2.31,1.2,1.9,1.5,0.5,중립,위꼬리양봉,잔구간,0.34,-0.595,2026-09-11
UNHG,2.2,18.19,869374,394777,15.81,8.78,1.8,1.2,-6.0,매도주의,장대음봉,전저점부근,0.19,-1.62,2026-09-11
IVVD,2.2,0.785,4384924,2024813,3.44,3.2,1.1,1.8,-0.6,중립,팽이도지,잔구간,0.31,-0.115,2026-09-11
AQN,2.2,5.31,7221618,3337077,38.35,20.71,1.9,0.4,-2.6,강한매도,장대음봉,전저점이탈,0.18,-3.13,2026-09-11
INV,2.2,0.936,6004016,2671031,5.62,3.77,1.5,-1.9,-7.3,강한매도,장대음봉,전저점이탈,0.22,-3.09,2026-09-11
KAZR,2.2,2.185,497058,225314,1.09,0.5,2.2,3.0,-9.7,매도주의,장대음봉,잔구간,0.27,-1.14,2026-09-11
LMRI,2.2,11.49,545710,249686,6.27,3.05,2.1,1.9,0.8,매수관심,팽이도지,완만한상승,0.62,1.04,2026-09-11
MAX,2.2,11.65,954756,436577,11.12,6.15,1.8,0.4,-1.2,중립,음봉,잔구간,0.35,-0.44,2026-09-11
BMNU,2.2,19.5,9419104,4349927,183.67,91.1,2.0,3.0,3.9,중립,위꼬리양봉,잔구간,0.3,-0.62,2026-09-11
PFL,2.2,7.33,373198,167359,2.74,1.23,2.2,-1.1,-0.1,중립,팽이도지,전저점이탈,0.58,-0.65,2026-09-11
KVUE,2.1,17.78,47161108,22090713,838.52,454.02,1.8,0.6,-0.7,중립,음봉,잔구간,0.49,-0.355,2026-09-11
PRAA,2.1,18.93,501565,234996,9.49,6.0,1.6,1.5,-0.7,중립,음봉,완만한상승,0.43,0.12,2026-09-11
RCS,2.1,5.03,338276,164057,1.7,0.77,2.2,-0.6,0.2,매수관심,양봉스프링,잔구간,0.86,0.965,2026-09-11
SABR,2.1,2.17,11395091,5323477,24.73,9.11,2.7,1.4,0.5,강한매수,양봉스프링,완만한상승,0.78,2.74,2026-09-11
AQST,2.1,4.78,4159293,1934933,19.88,12.0,1.7,0.0,-4.2,매도주의,음봉,전저점이탈,0.1,-1.93,2026-09-11
FPSX,2.1,3.25,367264,173423,1.19,0.52,2.3,6.8,10.2,강한매수,장대양봉,완만한상승,0.91,3.39,2026-09-11
AVIR,2.1,5.31,489582,233857,2.6,1.26,2.1,1.0,1.5,매수관심,양봉,완만한상승,0.57,1.68,2026-09-11
SPH,2.1,17.07,391171,189781,6.68,3.08,2.2,-0.1,-1.7,강한매도,장대음봉,전저점이탈,0.0,-3.35,2026-09-11
OPK,2.1,1.57,5180777,2462944,8.13,5.23,1.6,0.0,5.4,매수관심,장대양봉,잔구간,0.91,1.245,2026-09-11
CRMU,2.1,1.78,616053,298957,1.1,0.66,1.7,-1.5,-9.6,강한매도,장대음봉,전저점이탈,0.0,-3.35,2026-09-11
TETH,2.1,12.67,2952628,1438376,37.41,19.07,2.0,1.5,1.5,중립,위꼬리양봉,전고점돌파,0.27,0.22,2026-09-11
MIN,2.1,2.33,481997,226595,1.12,0.6,1.9,0.4,-1.7,강한매도,장대음봉,전저점이탈,0.0,-3.35,2026-09-11
BCYC,2.1,3.86,621158,292819,2.4,1.67,1.4,1.0,-0.3,매도주의,위꼬리음봉,잔구간,0.24,-0.905,2026-09-11
BSM,2.1,14.99,463579,223084,6.95,3.95,1.8,-0.3,0.7,강한매수,장대양봉,완만한상승,0.71,3.15,2026-09-11
PWP,2.1,14.79,1586595,765825,23.47,15.61,1.5,2.8,-5.2,강한매도,장대음봉,전저점이탈,0.07,-3.27,2026-09-11
PFXF,2.0,17.88,1128282,559130,20.17,10.27,2.0,0.7,0.4,강한매수,양봉,완만한상승,0.91,2.09,2026-09-11
HIMX,2.0,14.73,1410511,698057,20.78,11.23,1.8,1.8,5.0,강한매수,장대양봉,전고점돌파,0.79,3.85,2026-09-11
TYGO,2.0,1.02,1007462,506986,1.03,0.63,1.6,1.9,-2.9,강한매도,장대음봉,전저점이탈,0.0,-3.35,2026-09-11
IRT,2.0,15.19,4139843,2118407,62.88,58.77,1.1,0.7,-1.0,중립,음봉,잔구간,0.08,-0.6,2026-09-11
UPXI,2.0,1.04,5772379,2920142,6.0,4.86,1.2,2.6,2.0,중립,위꼬리양봉,잔구간,0.43,-0.54,2026-09-11
KBWD,2.0,11.95,637656,315973,7.62,4.43,1.7,0.4,-0.7,중립,음봉,전저점부근,0.24,-0.26,2026-09-11
RFIL,2.0,10.32,315715,161215,3.26,1.51,2.2,2.1,-0.8,강한매수,망치형,완만한상승,0.63,2.06,2026-09-11
SBET,2.0,8.88,13366724,6665528,118.7,67.45,1.8,3.3,2.0,중립,위꼬리양봉,잔구간,0.37,-0.58,2026-09-11
CAG,2.0,14.6,16957772,8572567,247.58,152.15,1.6,0.8,-1.5,중립,음봉,전저점부근,0.52,0.07,2026-09-11
SES,2.0,0.53,28458326,14166946,15.09,7.27,2.1,1.5,-0.9,매수관심,팽이도지,완만한상승,0.44,0.83,2026-09-11
PRTH,2.0,5.94,659855,332393,3.92,1.93,2.0,2.2,0.8,중립,위꼬리양봉,전고점돌파,0.23,0.18,2026-09-11
NAD,2.0,11.02,1872132,922547,20.63,10.56,2.0,0.8,-0.1,중립,망치형,잔구간,0.88,0.73,2026-09-11
OBE,2.0,12.97,1392593,704236,18.06,9.24,2.0,-1.5,3.3,강한매수,양봉,완만한상승,0.96,2.15,2026-09-11
TASK,2.0,8.14,720421,358900,5.86,3.28,1.8,1.0,5.4,강한매수,장대양봉,완만한상승,0.84,3.31,2026-09-11
CANE,2.0,11.52,772657,391900,8.9,4.9,1.8,-2.0,-0.5,중립,음봉,잔구간,0.47,-0.37,2026-09-11
EIKN,2.0,8.94,1010238,509156,9.03,4.46,2.0,0.8,-3.7,매도주의,음봉,전저점이탈,0.19,-1.82,2026-09-11
COLD,2.0,14.62,5894654,2988612,86.18,48.67,1.8,1.3,2.2,중립,양봉,잔구간,0.78,0.52,2026-09-11
TNXP,1.9,11.87,513434,276191,6.09,5.2,1.2,1.3,-4.6,매도주의,음봉,전저점이탈,0.22,-1.79,2026-09-11
INR,1.9,14.92,378940,201578,5.65,3.06,1.8,-0.8,-2.2,강한매도,장대음봉,전저점이탈,0.27,-3.03,2026-09-11
CMPX,1.9,2.0,4828614,2544693,9.66,5.75,1.7,1.5,-3.8,매도주의,음봉,전저점이탈,0.33,-1.65,2026-09-11
AEG,1.9,9.06,6814341,3603985,61.74,43.01,1.4,1.1,-1.0,매도주의,장대음봉,잔구간,0.0,-1.3,2026-09-11
LASE,1.9,0.695,16024536,8631338,11.14,6.48,1.7,6.8,-8.3,매도주의,장대음봉,잔구간,0.28,-1.13,2026-09-11
FUN,1.9,13.12,3516108,1822788,46.13,30.13,1.5,0.3,-4.3,강한매도,장대음봉,전저점이탈,0.0,-3.35,2026-09-11
LXRX,1.9,2.0,3726759,1930691,7.45,5.46,1.4,1.5,-2.4,매도주의,음봉,전저점이탈,0.45,-1.51,2026-09-11
LXFR,1.9,17.3,548765,286804,9.49,7.39,1.3,0.1,0.0,매수관심,팽이도지,완만한상승,0.6,1.02,2026-09-11
PDI,1.9,14.76,5467347,2895395,80.7,46.48,1.7,-1.4,-0.6,매도주의,음봉,전저점이탈,0.37,-1.61,2026-09-11
CLPT,1.9,13.72,1021844,545555,14.02,8.07,1.7,1.3,0.5,중립,팽이도지,잔구간,0.71,0.125,2026-09-11
BRSP,1.9,4.45,1970351,1035723,8.77,5.2,1.7,1.3,-2.2,강한매도,장대음봉,전저점이탈,0.14,-3.18,2026-09-11
CORN,1.9,19.92,871538,452926,17.36,11.24,1.5,-0.8,0.4,중립,팽이도지,잔구간,0.41,-0.055,2026-09-11
MYN,1.9,9.24,555179,285347,5.13,2.14,2.4,0.1,0.5,중립,양봉,잔구간,0.45,0.32,2026-09-11
CRBU,1.9,1.27,2433878,1295226,3.09,1.61,1.9,0.7,-8.0,강한매도,장대음봉,전저점이탈,0.07,-3.27,2026-09-11
VMO,1.9,9.38,366531,196789,3.44,1.92,1.8,0.1,0.5,매수관심,장대양봉,잔구간,0.86,1.215,2026-09-11
VIXM,1.9,13.34,621619,325136,8.29,15.8,0.5,0.2,-0.9,매도주의,장대음봉,잔구간,0.17,-1.2,2026-09-11
ANGX,1.8,5.45,2351134,1309154,12.81,6.28,2.0,0.0,1.3,강한매수,양봉스프링,전고점돌파,0.82,3.38,2026-09-11
ANNX,1.8,3.94,3939351,2226710,15.52,12.1,1.3,1.3,-6.1,강한매도,장대음봉,전저점이탈,0.07,-3.27,2026-09-11
WCMI,1.8,19.65,1124281,627948,22.09,13.44,1.6,1.2,-0.4,중립,음봉,완만한상승,0.47,0.16,2026-09-11
WLTH,1.8,10.38,5714833,3100566,59.32,24.51,2.4,0.6,-5.2,매도주의,장대음봉,잔구간,0.1,-1.24,2026-09-11
ACRE,1.8,4.32,395318,225224,1.71,1.1,1.6,1.8,-2.9,강한매도,장대음봉,전저점이탈,0.0,-3.35,2026-09-11
FTMH,1.8,11.2,502520,273854,5.63,2.58,2.2,0.2,0.3,중립,양봉,잔구간,0.73,0.49,2026-09-11
EROC,1.8,12.7,3447754,1919167,43.79,25.91,1.7,2.4,4.4,매수관심,양봉,완만한상승,0.46,1.55,2026-09-11
EQ,1.8,2.11,554046,311767,1.17,0.87,1.3,1.7,-14.2,강한매도,장대음봉,전저점이탈,0.0,-3.35,2026-09-11
TAC,1.8,12.08,2625281,1494981,31.71,25.03,1.3,0.7,-1.5,매도주의,장대음봉,잔구간,0.19,-1.185,2026-09-11
ETY,1.8,14.19,497010,279611,7.05,4.6,1.5,0.5,-0.2,매도주의,위꼬리음봉,잔구간,0.22,-0.92,2026-09-11
MLTX,1.8,12.51,2387189,1325239,29.86,16.63,1.8,1.1,-6.2,강한매도,장대음봉,전저점이탈,0.03,-3.31,2026-09-11
BMNZ,1.8,5.26,6056329,3455037,31.86,22.7,1.4,-2.5,-4.9,중립,망치형,잔구간,0.7,0.62,2026-09-11
CMRC,1.8,3.505,2352685,1288894,8.25,4.24,1.9,1.6,12.0,강한매수,장대양봉,전고점돌파,0.81,3.87,2026-09-11
PCN,1.8,11.4,567810,318366,6.47,3.93,1.6,-0.5,-0.4,매도주의,음봉,전저점이탈,0.38,-1.59,2026-09-11
SAFE,1.8,14.03,497400,279745,6.98,4.48,1.6,1.1,-3.4,강한매도,장대음봉,전저점이탈,0.08,-3.25,2026-09-11
ALM,1.8,15.49,11178671,6095686,173.16,114.17,1.5,3.0,-9.2,강한매도,장대음봉,전저점이탈,0.25,-3.05,2026-09-11
RXT,1.8,3.22,9554602,5285474,30.77,21.07,1.5,1.3,1.6,중립,위꼬리양봉,완만한상승,0.26,-0.39,2026-09-11
BRBS,1.8,4.09,2642697,1474012,10.81,4.98,2.2,1.0,-1.4,중립,음봉,잔구간,0.16,-0.555,2026-09-11
CCC,1.8,6.89,15035528,8488808,103.59,59.33,1.7,0.3,0.3,매수관심,팽이도지,완만한상승,0.66,1.09,2026-09-11
BTCZ,1.8,3.545,24169759,13392879,85.68,49.85,1.7,-0.8,0.4,매수관심,양봉스프링,잔구간,0.84,0.955,2026-09-11
ADAM,1.8,9.09,1022881,584191,9.3,7.05,1.3,1.1,-1.7,매도주의,음봉,전저점이탈,0.25,-1.75,2026-09-11
XRPI,1.8,7.39,430802,238093,3.18,1.78,1.8,0.7,0.3,중립,위꼬리양봉,잔구간,0.16,-0.705,2026-09-11
IBRX,1.7,7.91,12468768,7484815,98.63,61.75,1.6,1.0,1.4,중립,위꼬리양봉,완만한상승,0.2,-0.46,2026-09-11
IA,1.7,19.08,377042,215987,7.19,5.38,1.3,4.8,-3.2,중립,음봉,완만한상승,0.04,-0.35,2026-09-11
XRX,1.7,3.43,3570662,2142423,12.25,8.16,1.5,0.9,7.2,강한매수,장대양봉,완만한상승,0.88,3.36,2026-09-11
BV,1.7,11.19,1337554,788804,14.97,8.59,1.7,1.6,0.1,매수관심,팽이도지,완만한상승,0.65,1.08,2026-09-11
CIM,1.7,11.13,1434391,828578,15.96,9.99,1.6,0.5,-1.0,매도주의,음봉,전저점이탈,0.35,-1.63,2026-09-11
TARA,1.7,3.82,532026,311285,2.03,1.28,1.6,1.1,-0.3,매도주의,위꼬리음봉,잔구간,0.07,-1.01,2026-09-11
TEO,1.7,13.25,865216,510429,11.46,4.69,2.4,0.8,-2.9,중립,음봉,잔구간,0.06,-0.615,2026-09-11
CATX,1.7,2.81,2024744,1213285,5.69,3.25,1.8,0.0,1.4,강한매수,양봉스프링,완만한상승,0.91,2.89,2026-09-11
PUMP,1.7,11.45,3963550,2338134,45.38,35.85,1.3,0.6,-1.0,매도주의,위꼬리음봉,잔구간,0.21,-0.925,2026-09-11
RCKT,1.7,3.35,1656847,979964,5.55,4.95,1.1,1.1,-4.8,강한매도,장대음봉,전저점이탈,0.37,-2.91,2026-09-11
MARO,1.7,4.32,462789,276992,2.0,1.54,1.3,1.4,1.2,매수관심,양봉,완만한상승,0.51,1.61,2026-09-11
ASTI,1.7,2.86,605919,362759,1.73,0.97,1.8,-1.2,2.5,중립,위꼬리양봉,완만한상승,0.19,-0.47,2026-09-11
VTRS,1.7,16.51,12174064,7172495,200.99,122.33,1.6,0.7,0.1,중립,팽이도지,잔구간,0.58,0.05,2026-09-11
LFST,1.7,12.97,7055616,4059754,91.51,57.75,1.6,0.4,-0.6,매도주의,위꼬리음봉,잔구간,0.09,-0.995,2026-09-11
RLMD,1.7,4.52,2629279,1503297,11.88,5.04,2.4,13.0,-1.7,중립,망치형,잔구간,0.63,0.58,2026-09-11
PMI,1.7,5.33,523244,314430,2.79,5.74,0.5,3.4,16.9,강한매수,장대양봉,완만한상승,1.0,3.5,2026-09-11
SSP,1.7,3.16,1039251,604703,3.28,1.9,1.7,1.6,0.3,중립,팽이도지,잔구간,0.54,0.025,2026-09-11
CERS,1.7,2.49,1545740,895870,3.85,2.82,1.4,1.6,-0.4,중립,망치형,잔구간,0.67,0.6,2026-09-11
UTZ,1.7,14.28,2383278,1433009,34.03,22.0,1.5,0.1,0.2,강한매수,장대양봉,전고점돌파,1.0,4.1,2026-09-11
AURA,1.7,6.995,830854,501623,5.81,4.12,1.4,1.3,-1.2,중립,음봉,잔구간,0.5,-0.35,2026-09-11
MNTN,1.7,11.83,1110895,658223,13.14,9.49,1.4,1.4,0.0,중립,팽이도지,잔구간,0.38,-0.07,2026-09-11
WBTN,1.7,10.78,574605,345228,6.19,4.03,1.5,0.7,3.8,강한매수,장대양봉,전고점돌파,0.95,4.04,2026-09-11
SG,1.7,7.1,6411473,3717357,45.52,31.78,1.4,2.2,2.7,매수관심,양봉,완만한상승,0.59,1.71,2026-09-11
SMPL,1.7,9.84,3443359,2071891,33.88,24.42,1.4,1.5,-5.3,강한매도,장대음봉,전저점이탈,0.02,-3.33,2026-09-11
CMTG,1.7,1.51,1311908,757112,1.98,1.24,1.6,0.6,-2.6,중립,음봉,잔구간,0.32,-0.46,2026-09-11
OBX,1.7,17.8,392799,236162,6.99,4.13,1.7,0.4,3.3,중립,양봉,잔구간,0.48,0.34,2026-09-11
CVRX,1.7,2.88,1002649,584893,2.89,1.79,1.6,0.0,0.7,강한매수,양봉스프링,완만한상승,0.86,2.83,2026-09-11
NVG,1.7,11.62,945072,571740,10.98,8.24,1.3,0.3,0.0,중립,팽이도지,잔구간,0.64,0.085,2026-09-11
GSIT,1.7,5.11,726705,436205,3.71,2.29,1.6,3.2,-6.8,강한매도,장대음봉,전저점이탈,0.06,-3.28,2026-09-11
FTRE,1.7,17.2,1427608,839379,24.55,19.91,1.2,0.5,0.6,매수관심,팽이도지,완만한상승,0.49,0.89,2026-09-11
NAKA,1.7,8.19,306801,182996,2.51,1.37,1.8,0.8,4.7,매수관심,양봉,완만한상승,0.47,1.56,2026-09-11
ACRS,1.7,5.32,3278158,1978635,17.44,11.47,1.5,-0.1,-3.3,매도주의,음봉,전저점이탈,0.35,-1.63,2026-09-11
BGS,1.7,3.15,3435397,1993565,10.82,6.32,1.7,0.6,-2.8,매도주의,음봉,전저점이탈,0.35,-1.63,2026-09-11
UAA,1.7,5.11,11175965,6520119,57.11,34.35,1.7,2.8,0.0,매수관심,팽이도지,완만한상승,0.59,1.01,2026-09-11
GRFS,1.7,7.55,513348,300476,3.88,3.12,1.2,0.3,-1.6,강한매도,장대음봉,전저점이탈,0.0,-3.35,2026-09-11
GRNQ,1.7,12.11,337062,201153,4.08,2.91,1.4,-3.7,7.0,중립,양봉,잔구간,0.53,0.37,2026-09-11
BTAL,1.6,12.22,908514,555629,11.1,9.24,1.2,-0.4,-0.5,중립,음봉,잔구간,0.12,-0.58,2026-09-11
BSOL,1.6,14.03,4643485,2886667,65.15,57.57,1.1,1.5,1.1,중립,위꼬리양봉,잔구간,0.3,-0.62,2026-09-11
RZLT,1.6,4.22,1352742,862202,5.71,4.92,1.2,1.4,-0.2,매수관심,팽이도지,완만한상승,0.51,0.91,2026-09-11
MSFD,1.6,10.385,1584303,1000742,16.45,13.11,1.3,-0.7,-0.1,중립,팽이도지,잔구간,0.46,-0.025,2026-09-11
TRVI,1.6,15.9,2016067,1300068,32.06,22.5,1.4,1.8,-1.9,중립,음봉,잔구간,0.04,-0.625,2026-09-11
SGLY,1.6,1.59,659646,410533,1.05,1.09,1.0,-7.1,-12.6,매도주의,장대음봉,잔구간,0.23,-1.16,2026-09-11
CIFU,1.6,10.38,779826,479617,8.09,5.92,1.4,2.4,8.6,매수관심,양봉,완만한상승,0.61,1.73,2026-09-11
LPTH,1.6,9.2,4864754,3124028,44.76,43.55,1.0,-3.3,-1.8,매도주의,위꼬리음봉,잔구간,0.18,-0.94,2026-09-11
RQI,1.6,11.81,763900,492425,9.02,7.49,1.2,0.1,0.6,중립,양봉,잔구간,0.45,0.32,2026-09-11
BW,1.6,7.94,5671794,3570782,45.03,31.82,1.4,4.7,5.7,매수관심,장대양봉,전고점부근,0.83,1.95,2026-09-11
PENN,1.6,17.82,3773499,2335325,67.24,44.64,1.5,1.6,2.5,강한매수,양봉,전고점돌파,0.92,2.7,2026-09-11
VUZI,1.6,2.54,807018,519486,2.05,1.37,1.5,2.0,-1.9,중립,음봉,완만한상승,0.0,-0.4,2026-09-11
LFMD,1.6,3.05,1299290,835957,3.96,2.23,1.8,2.3,-1.6,중립,음봉,완만한상승,0.3,-0.04,2026-09-11
ASIX,1.6,16.6,364841,221139,6.06,4.02,1.5,0.4,-1.8,매도주의,장대음봉,잔구간,0.39,-1.065,2026-09-11
ARVN,1.6,8.45,908559,559759,7.68,5.36,1.4,1.3,-4.2,매도주의,장대음봉,전저점부근,0.15,-1.67,2026-09-11
BRSL,1.6,10.8,2654130,1613643,28.66,18.79,1.5,1.7,-0.4,매수관심,팽이도지,완만한상승,0.48,0.88,2026-09-11
CCXI,1.6,12.32,2475425,1517346,30.5,19.24,1.6,1.1,-4.9,강한매도,장대음봉,전저점이탈,0.11,-3.22,2026-09-11
ABEO,1.6,5.415,1598025,980601,8.65,6.33,1.4,1.3,-2.4,중립,음봉,잔구간,0.06,-0.615,2026-09-11
LTRX,1.6,5.24,1194339,748070,6.26,7.25,0.9,0.4,3.1,강한매수,장대양봉,완만한상승,0.64,3.07,2026-09-11
XPEV,1.6,10.54,10215458,6213151,107.67,71.15,1.5,2.3,-0.4,중립,팽이도지,잔구간,0.33,-0.1,2026-09-11
XNDU,1.6,8.62,1831220,1170438,15.79,17.22,0.9,0.2,-4.2,강한매도,장대음봉,전저점이탈,0.04,-3.3,2026-09-11
GRML,1.6,3.15,869619,532212,2.74,3.21,0.9,0.0,-17.5,강한매도,장대음봉,전저점이탈,0.02,-3.33,2026-09-11
HAPN,1.6,16.8,1463364,916516,24.58,16.93,1.5,1.8,-1.2,중립,음봉,완만한상승,0.22,-0.14,2026-09-11
BDJ,1.6,9.69,607515,382590,5.89,3.8,1.5,0.5,0.0,중립,팽이도지,잔구간,0.56,0.035,2026-09-11
OCGN,1.6,1.02,6471092,3926201,6.6,9.93,0.7,1.5,-1.9,중립,음봉,전저점부근,0.2,-0.31,2026-09-11
CRF,1.6,6.37,1500227,923192,9.56,8.95,1.1,0.3,0.5,중립,양봉,잔구간,0.83,0.55,2026-09-11
OFRM,1.6,16.18,377506,243457,6.11,5.25,1.2,1.0,0.8,중립,팽이도지,잔구간,0.51,0.005,2026-09-11
XERS,1.6,7.45,2403453,1476598,17.91,12.35,1.5,2.9,-5.6,강한매도,장대음봉,전저점이탈,0.1,-3.23,2026-09-11
NCTY,1.6,4.18,382376,237736,1.6,1.11,1.4,0.3,11.5,중립,양봉,잔구간,0.76,0.505,2026-09-11
ULCC,1.6,5.62,3657571,2273623,20.56,12.76,1.6,0.9,0.7,매수관심,팽이도지,완만한상승,0.52,0.92,2026-09-11
SOC,1.6,5.17,9221439,5811624,47.67,31.17,1.5,-2.4,7.7,강한매수,장대양봉,전고점돌파,0.8,3.86,2026-09-11
MUX,1.6,19.53,1407451,862001,27.49,18.19,1.5,2.3,-2.3,중립,음봉,잔구간,0.39,-0.415,2026-09-11
SNDL,1.6,1.34,2023333,1254310,2.71,1.63,1.7,0.7,-0.7,매도주의,위꼬리음봉,완만한상승,0.25,-0.9,2026-09-11
MFM,1.6,5.18,461811,294518,2.39,1.69,1.4,0.0,1.4,매수관심,장대양봉,잔구간,0.87,1.22,2026-09-11
DX,1.6,12.52,6904421,4297272,86.44,56.45,1.5,0.6,-0.9,중립,음봉,잔구간,0.22,-0.52,2026-09-11
SMCZ,1.6,5.27,3037232,1843586,16.01,10.44,1.5,-1.0,-12.6,매도주의,장대음봉,잔구간,0.12,-1.23,2026-09-11
NNE,1.6,16.41,2259122,1436382,37.07,29.05,1.3,0.0,-5.5,강한매도,장대음봉,전저점이탈,0.01,-3.34,2026-09-11
GCTS,1.6,1.91,2257189,1375300,4.31,2.5,1.7,3.8,-1.0,중립,위꼬리음봉,전고점돌파,0.18,-0.38,2026-09-11
SHMD,1.6,3.38,595697,377623,2.01,2.01,1.0,2.2,2.4,중립,위꼬리양봉,완만한상승,0.38,-0.24,2026-09-11
JRVR,1.6,3.95,395100,239825,1.56,0.88,1.8,1.3,1.3,매수관심,양봉스프링,잔구간,0.95,1.02,2026-09-11
NXP,1.6,13.75,322093,202393,4.43,2.55,1.7,0.1,-0.7,강한매도,장대음봉,전저점이탈,0.27,-3.03,2026-09-11
CTGO,1.6,18.31,478714,292925,8.77,6.23,1.4,2.1,-5.0,강한매도,장대음봉,전저점이탈,0.1,-3.23,2026-09-11
ABCL,1.5,10.89,4378323,2925366,47.68,43.55,1.1,0.9,3.2,강한매수,양봉,완만한상승,0.9,2.08,2026-09-11
ABEV,1.5,3.02,37932449,25349502,114.56,89.01,1.3,0.7,-1.3,매도주의,장대음봉,잔구간,0.2,-1.18,2026-09-11
LENZ,1.5,4.52,978253,674336,4.42,3.56,1.2,-0.2,-4.0,강한매도,장대음봉,전저점이탈,0.07,-3.27,2026-09-11
FF,1.5,5.47,415365,281436,2.27,2.03,1.1,-0.2,2.4,매수관심,장대양봉,잔구간,0.85,1.21,2026-09-11
RWAY,1.5,6.61,483606,315807,3.2,2.64,1.2,2.0,-0.5,중립,팽이도지,잔구간,0.53,0.02,2026-09-11
BZAI,1.5,0.56,3376951,2323033,1.89,1.21,1.6,-0.2,7.7,강한매수,장대양봉,전고점돌파,0.77,3.82,2026-09-11
TBPH,1.5,17.01,426795,283066,7.26,6.88,1.1,0.2,-0.3,매도주의,장대음봉,잔구간,0.17,-1.2,2026-09-11
ARDX,1.5,3.58,5690263,3692146,20.37,13.82,1.5,0.8,-1.9,매도주의,음봉,전저점이탈,0.17,-1.85,2026-09-11
QCML,1.5,18.3,887588,590913,16.24,10.19,1.6,1.3,4.4,매수관심,양봉,완만한상승,0.64,1.77,2026-09-11
FOSL,1.5,4.73,725464,483933,3.43,3.73,0.9,1.6,3.7,매수관심,양봉,완만한상승,0.54,1.65,2026-09-11
FNKO,1.5,5.47,1401098,961451,7.66,7.76,1.0,2.2,-1.1,중립,음봉,잔구간,0.59,-0.295,2026-09-11
LZM,1.5,3.93,368358,246179,1.45,1.32,1.1,0.2,-3.2,중립,음봉,잔구간,0.45,-0.38,2026-09-11
ERY,1.5,8.63,16197449,11152560,139.78,91.04,1.5,0.6,-1.3,중립,음봉,잔구간,0.56,-0.315,2026-09-11
VIXY,1.5,17.3,3169935,2090964,54.84,43.55,1.3,-3.6,-1.1,중립,망치형,잔구간,0.66,0.595,2026-09-11
VREX,1.5,18.46,1029461,665074,19.0,13.83,1.4,0.2,-0.3,강한매도,장대음봉,전저점이탈,0.0,-3.35,2026-09-11
VRRM,1.5,3.55,7243155,4729402,25.71,17.22,1.5,0.5,-3.3,강한매도,장대음봉,전저점이탈,0.25,-3.05,2026-09-11
FBRT,1.5,7.78,2828214,1897264,22.0,17.15,1.3,1.6,-0.3,중립,팽이도지,완만한상승,0.39,0.77,2026-09-11
EXFY,1.5,2.16,712572,481087,1.54,1.16,1.3,0.5,-3.1,매도주의,음봉,전저점이탈,0.15,-1.87,2026-09-11
MITT,1.5,6.56,357465,244003,2.34,1.76,1.3,0.3,-0.9,매도주의,위꼬리음봉,잔구간,0.1,-0.99,2026-09-11
CLVT,1.5,1.87,5393084,3674832,10.09,7.4,1.4,0.0,-4.1,중립,음봉,잔구간,0.21,-0.525,2026-09-11
CLM,1.5,6.58,2382244,1542596,15.68,13.56,1.2,0.5,-0.3,매도주의,위꼬리음봉,잔구간,0.12,-0.98,2026-09-11
KRO,1.5,8.14,480673,318785,3.91,3.37,1.2,2.7,-2.2,매도주의,장대음봉,수횡파,0.27,-1.68,2026-09-11
KRP,1.5,14.9,1328316,873594,19.79,13.18,1.5,-0.7,-0.7,중립,음봉,잔구간,0.11,-0.585,2026-09-11
KLC,1.5,2.37,819828,551429,1.94,1.6,1.2,2.4,-7.8,강한매도,장대음봉,전저점이탈,0.0,-3.35,2026-09-11
AVPT,1.5,12.66,2096860,1358944,26.55,20.62,1.3,0.0,-0.9,매도주의,음봉,전저점이탈,0.16,-1.86,2026-09-11
BITI,1.5,19.2,1307189,889655,25.1,24.29,1.0,-0.4,0.3,매수관심,양봉스프링,잔구간,0.85,0.96,2026-09-11
SLDB,1.5,8.7,1113857,735649,9.69,7.38,1.3,1.5,-5.5,강한매도,장대음봉,전저점이탈,0.06,-3.28,2026-09-11
SLE,1.5,4.91,348565,227502,1.71,1.55,1.1,-0.7,8.1,매수관심,양봉,완만한상승,0.63,1.76,2026-09-11
AMTX,1.5,2.01,970072,637399,1.95,1.21,1.6,0.5,-1.5,중립,음봉,잔구간,0.4,-0.41,2026-09-11
BIOA,1.5,8.49,672078,447814,5.71,4.93,1.2,0.7,-2.5,매도주의,음봉,전저점이탈,0.34,-1.64,2026-09-11
CTKB,1.5,4.61,897708,607174,4.14,3.92,1.1,1.8,0.0,강한매수,양봉스프링,완만한상승,0.81,2.77,2026-09-11
ALXO,1.5,1.94,1036362,686956,2.01,1.4,1.4,0.5,1.6,중립,팽이도지,잔구간,0.58,0.05,2026-09-11
ALOY,1.5,8.41,2474588,1662172,20.81,16.91,1.2,1.0,-5.3,강한매도,장대음봉,전저점이탈,0.1,-3.23,2026-09-11
CSQR,1.5,17.42,1527319,1051576,26.61,17.28,1.5,1.0,1.3,매수관심,양봉,수횡파,0.53,1.34,2026-09-11
IGR,1.5,12.63,370120,251059,4.67,3.98,1.2,1.0,-0.2,중립,망치형,잔구간,0.56,0.535,2026-09-11
GLAS,1.5,7.93,859751,572909,6.82,6.24,1.1,0.8,-1.4,중립,팽이도지,전저점부근,0.4,0.63,2026-09-11
RLAY,1.5,18.87,4164383,2858753,78.58,59.32,1.3,1.5,-1.6,중립,음봉,잔구간,0.29,-0.475,2026-09-11
YALA,1.5,5.5,475934,325779,2.62,1.84,1.4,0.9,0.2,매수관심,양봉스프링,잔구간,0.75,0.9,2026-09-11
GT,1.5,5.37,13745257,9262000,73.81,45.96,1.6,1.8,-4.8,강한매도,장대음봉,전저점이탈,0.06,-3.28,2026-09-11
GTE,1.5,10.79,827796,549133,8.93,5.53,1.6,-1.5,-0.5,중립,팽이도지,잔구간,0.37,-0.08,2026-09-11
VG,1.5,15.8,21682466,14553579,342.58,192.28,1.8,-2.4,4.4,강한매수,장대양봉,완만한상승,0.79,3.25,2026-09-11
XHLD,1.4,12.53,3815595,2672073,47.81,33.72,1.4,-1.2,17.0,강한매수,양봉,전고점돌파,0.6,2.32,2026-09-11
XFOR,1.4,3.5,1252949,905860,4.39,3.15,1.4,1.2,1.7,강한매수,양봉스프링,완만한상승,0.84,2.81,2026-09-11
YMAG,1.4,11.24,1313191,914324,14.76,11.63,1.3,0.6,-0.1,매수관심,팽이도지,완만한상승,0.42,0.8,2026-09-11
YYY,1.4,10.97,384582,283413,4.22,3.84,1.1,0.4,-0.5,매도주의,장대음봉,전저점부근,0.0,-1.85,2026-09-11
ZENA,1.4,1.52,2078266,1491681,3.16,2.98,1.1,-0.6,-2.6,매도주의,음봉,전저점이탈,0.4,-1.57,2026-09-11
GSOL,1.4,7.73,3747233,2683833,28.97,23.73,1.2,1.3,1.2,중립,위꼬리양봉,잔구간,0.33,-0.6,2026-09-11
XXI,1.4,5.45,2455444,1773173,13.38,9.09,1.5,1.3,-1.3,매도주의,위꼬리음봉,전저점부근,0.17,-1.15,2026-09-11
HLMN,1.4,6.98,2556986,1780643,17.85,10.68,1.7,2.1,-2.1,매도주의,장대음봉,완만한상승,0.3,-1.34,2026-09-11
HIX,1.4,3.8,352239,258709,1.34,1.1,1.2,0.3,-0.8,강한매도,장대음봉,전저점이탈,0.0,-3.35,2026-09-11
GRAB,1.4,3.05,63221177,44058849,192.82,168.17,1.1,1.0,0.3,매수관심,양봉스프링,잔구간,0.9,0.99,2026-09-11
OPFI,1.4,7.98,978420,699802,7.81,5.98,1.3,1.3,3.8,강한매수,장대양봉,전고점돌파,0.77,3.82,2026-09-11
ORC,1.4,6.33,5134204,3685975,32.5,29.52,1.1,0.6,-0.9,중립,음봉,전저점부근,0.36,-0.12,2026-09-11
OMDA,1.4,19.66,1647695,1191608,32.39,27.97,1.2,1.1,-9.5,강한매도,장대음봉,전저점이탈,0.14,-3.18,2026-09-11
OBIO,1.4,6.12,464460,342461,2.84,1.7,1.7,1.0,4.3,중립,양봉,전고점부근,0.73,0.53,2026-09-11
NGEN,1.4,2.185,559123,408914,1.22,1.56,0.8,0.5,0.7,매수관심,팽이도지,완만한상승,0.5,0.9,2026-09-11
DBI,1.4,5.88,970169,673951,5.7,4.04,1.4,-1.3,-0.5,중립,팽이도지,잔구간,0.56,0.035,2026-09-11
CSAN,1.4,2.85,3525099,2435048,10.05,8.43,1.2,0.0,-3.4,매도주의,장대음봉,잔구간,0.18,-1.19,2026-09-11
LBTYK,1.4,10.15,1567695,1129074,15.91,13.05,1.2,0.8,-3.1,매도주의,음봉,전저점이탈,0.26,-1.74,2026-09-11
LION,1.4,11.27,2766797,2022675,31.18,24.34,1.3,0.9,0.2,중립,위꼬리양봉,완만한상승,0.32,-0.32,2026-09-11
EWZS,1.4,13.37,569438,401434,7.61,4.65,1.6,0.4,-1.8,매도주의,장대음봉,잔구간,0.31,-1.115,2026-09-11
PRLD,1.4,4.59,520540,377689,2.39,2.61,0.9,1.1,-2.8,강한매도,장대음봉,전저점이탈,0.16,-3.16,2026-09-11
BSCQ,1.4,19.555,1579517,1099675,30.89,25.45,1.2,0.0,0.0,매수관심,양봉,완만한상승,0.5,1.6,2026-09-11
AFYA,1.4,13.89,430090,310999,5.97,4.27,1.4,0.1,2.2,매수관심,장대양봉,잔구간,0.97,1.28,2026-09-11
RUM,1.4,7.17,4412649,3193126,31.64,29.19,1.1,1.6,-4.1,매도주의,장대음봉,전저점부근,0.36,-1.42,2026-09-11
SLRC,1.4,12.08,437416,307324,5.28,3.88,1.4,-1.1,-0.9,매도주의,음봉,전저점이탈,0.49,-1.46,2026-09-11
NAT,1.4,7.46,5673552,4193202,42.32,33.2,1.3,-0.3,3.8,강한매수,장대양봉,전고점돌파,0.9,3.98,2026-09-11
NEA,1.4,10.85,1670400,1154925,18.12,13.19,1.4,0.3,0.2,중립,위꼬리양봉,잔구간,0.36,-0.585,2026-09-11
NFXL,1.4,17.46,919153,643940,16.05,16.65,1.0,1.4,2.1,중립,양봉,잔구간,0.89,0.585,2026-09-11
NG,1.4,7.5,7237733,5289614,54.28,41.39,1.3,2.1,-3.5,매도주의,음봉,전저점이탈,0.15,-1.87,2026-09-11
NAC,1.4,11.07,1137651,810671,12.59,8.67,1.5,1.2,0.6,중립,양봉,잔구간,1.0,0.65,2026-09-11
AVXL,1.4,2.62,624490,436174,1.64,1.77,0.9,1.9,-3.3,매도주의,장대음봉,전저점부근,0.08,-1.75,2026-09-11
SMCY,1.4,5.43,2368699,1682504,12.86,7.29,1.8,1.2,5.0,강한매수,장대양봉,완만한상승,0.95,3.44,2026-09-11
MSTW,1.4,4.295,1918967,1416883,8.24,5.64,1.5,2.1,0.1,중립,위꼬리양봉,잔구간,0.19,-0.685,2026-09-11
ECC,1.4,3.7,982895,722504,3.64,3.15,1.2,-0.5,0.3,매수관심,팽이도지,전저점부근,0.56,0.82,2026-09-11
MORT,1.4,9.35,961295,673733,8.99,8.55,1.1,0.5,-1.1,강한매도,장대음봉,전저점이탈,0.0,-3.35,2026-09-11
CLF,1.4,12.06,12954642,9522630,156.23,128.97,1.2,-0.0,2.0,중립,양봉,잔구간,0.69,0.465,2026-09-11
CLOV,1.4,4.82,4491712,3184865,21.65,16.16,1.3,0.8,1.5,강한매수,양봉,전고점돌파,0.89,2.67,2026-09-11
CLSK,1.4,13.67,21641389,14965088,295.84,196.17,1.5,1.3,5.4,매수관심,양봉,완만한상승,0.7,1.84,2026-09-11
SFL,1.4,13.18,2000560,1444638,26.37,17.09,1.5,0.6,3.3,강한매수,장대양봉,전고점돌파,0.99,4.09,2026-09-11
CONL,1.4,5.32,19185039,14203303,102.06,108.2,0.9,2.3,1.1,중립,위꼬리양봉,잔구간,0.26,-0.645,2026-09-11
CNTN,1.4,2.11,758871,551144,1.6,1.17,1.4,1.4,-3.2,중립,음봉,잔구간,0.06,-0.615,2026-09-11
UNCY,1.4,5.29,1116676,827051,5.91,3.79,1.6,0.6,-0.9,중립,음봉,잔구간,0.39,-0.415,2026-09-11
UVXY,1.4,18.02,9431208,6623700,169.95,128.76,1.3,-5.5,-1.3,중립,음봉,잔구간,0.38,-0.42,2026-09-11
SOLZ,1.4,10.16,1409491,1033754,14.32,15.66,0.9,1.5,1.0,중립,위꼬리양봉,잔구간,0.29,-0.625,2026-09-11
MSTZ,1.4,4.36,39871136,28721725,173.84,157.58,1.1,-3.2,-0.6,중립,망치형,잔구간,0.8,0.68,2026-09-11
BEZ,1.4,5.71,4534381,3329862,25.89,17.56,1.5,-8.7,-5.0,중립,음봉,잔구간,0.13,-0.57,2026-09-11
IVA,1.4,4.02,1713180,1196253,6.89,5.24,1.3,2.7,-5.4,강한매도,장대음봉,전저점이탈,0.31,-2.98,2026-09-11
MSTY,1.4,14.68,2439777,1802299,35.82,33.23,1.1,1.5,0.3,중립,위꼬리양봉,잔구간,0.24,-0.655,2026-09-11
TLX,1.4,11.29,415338,287881,4.69,2.61,1.8,-1.3,-3.9,매도주의,장대음봉,잔구간,0.17,-1.2,2026-09-11
LXU,1.4,11.58,1042108,764747,12.07,7.54,1.6,-1.1,0.7,중립,양봉,잔구간,0.43,0.31,2026-09-11
EH,1.4,4.53,855726,593839,3.88,3.25,1.2,1.6,0.7,중립,위꼬리양봉,완만한상승,0.26,-0.39,2026-09-11
MFA,1.4,8.56,1769949,1277965,15.15,12.35,1.2,0.9,-0.9,매도주의,장대음봉,전저점부근,0.25,-1.55,2026-09-11
ENOV,1.4,19.28,2886525,2109029,55.65,39.91,1.4,1.0,3.7,중립,양봉,잔구간,0.81,0.535,2026-09-11
LUMN,1.4,6.94,16671010,12307043,115.7,82.51,1.4,2.8,-0.9,매도주의,위꼬리음봉,완만한상승,0.04,-1.15,2026-09-11
SUPX,1.4,7.74,1169509,853708,9.05,6.34,1.4,-1.5,-3.9,중립,음봉,잔구간,0.24,-0.505,2026-09-11
BHC,1.4,5.86,2406541,1745441,14.1,16.8,0.8,0.9,-4.3,매도주의,장대음봉,전저점부근,0.09,-1.74,2026-09-11
AEO,1.4,15.02,11382407,8156849,170.96,148.09,1.2,1.2,2.1,강한매수,양봉,완만한상승,0.87,2.04,2026-09-11
TK,1.4,14.38,627036,457934,9.02,6.67,1.4,0.2,1.8,강한매수,장대양봉,전고점돌파,0.97,4.06,2026-09-11
ARR,1.4,15.8,4575766,3326867,72.3,55.07,1.3,0.6,-0.8,중립,음봉,잔구간,0.21,-0.525,2026-09-11
IE,1.4,10.4,2652900,1850131,27.59,20.43,1.4,3.4,-2.8,중립,음봉,완만한상승,0.0,-0.4,2026-09-11
HITI,1.4,2.53,593212,416687,1.5,1.04,1.4,0.0,-1.2,중립,음봉,잔구간,0.57,-0.31,2026-09-11
RC,1.4,1.64,814800,599120,1.34,1.4,1.0,2.4,-3.5,매도주의,장대음봉,잔구간,0.14,-1.215,2026-09-11
CIG,1.4,2.2,6748069,4837759,14.85,10.56,1.4,0.9,-1.3,중립,음봉,잔구간,0.36,-0.435,2026-09-11
PUBM,1.4,16.49,686520,496500,11.32,9.6,1.2,-0.7,2.3,매수관심,장대양봉,잔구간,0.73,1.14,2026-09-11
BSCU,1.4,16.335,1105014,768469,18.05,15.12,1.2,0.2,-0.3,강한매도,장대음봉,전저점이탈,0.1,-3.23,2026-09-11
AOD,1.4,10.52,397907,282228,4.19,4.99,0.8,0.4,-0.3,중립,음봉,잔구간,0.2,-0.53,2026-09-11
TV,1.4,2.38,1950694,1370577,4.64,3.94,1.2,0.0,0.4,중립,위꼬리양봉,잔구간,0.37,-0.58,2026-09-11
BKD,1.4,12.14,5580634,3891697,67.75,52.43,1.3,0.9,-1.4,중립,음봉,잔구간,0.33,-0.45,2026-09-11
HSHP,1.3,18.09,636864,494802,11.52,6.9,1.7,0.2,0.6,매수관심,팽이도지,완만한상승,0.56,0.97,2026-09-11
GFR,1.3,6.52,2240741,1743164,14.61,10.1,1.4,-1.0,5.3,강한매수,장대양봉,완만한상승,0.97,3.46,2026-09-11
YDES,1.3,4.0,819273,652753,3.28,1.89,1.7,0.8,1.8,매수관심,팽이도지,수횡파,0.68,0.82,2026-09-11
GRPN,1.3,18.73,1239769,928133,23.22,16.83,1.4,1.5,1.0,강한매수,양봉스프링,완만한상승,0.79,2.75,2026-09-11
GGB,1.3,5.15,13865403,10829148,71.41,54.07,1.3,0.0,1.0,강한매수,양봉,전고점돌파,0.86,2.63,2026-09-11
GOOY,1.3,11.96,357105,278950,4.27,3.38,1.3,0.3,1.1,매수관심,양봉,완만한상승,0.51,1.61,2026-09-11
GOOS,1.3,7.93,1076180,799985,8.53,6.18,1.4,3.5,0.4,강한매수,양봉스프링,완만한상승,0.8,2.76,2026-09-11
KULR,1.3,2.38,753214,570327,1.79,1.53,1.2,2.6,-1.2,중립,음봉,완만한상승,0.25,-0.1,2026-09-11
KLXE,1.3,1.54,737812,585517,1.14,1.08,1.1,-0.6,0.7,매수관심,양봉,완만한상승,0.71,1.85,2026-09-11
SMCL,1.3,18.93,707900,556166,13.4,10.2,1.3,1.8,12.3,강한매수,장대양봉,완만한상승,0.86,3.33,2026-09-11
KREF,1.3,7.15,519941,412814,3.72,3.66,1.0,0.7,-0.3,중립,음봉,잔구간,0.33,-0.45,2026-09-11
KOS,1.3,3.02,13029126,10131213,39.35,29.51,1.3,-1.7,4.5,강한매수,장대양봉,전고점돌파,0.88,3.96,2026-09-11
NXE,1.3,9.85,4570297,3392222,45.02,41.69,1.1,0.1,-3.6,강한매도,장대음봉,전저점이탈,0.13,-3.19,2026-09-11
MRVI,1.3,6.53,3263993,2590633,21.31,24.36,0.9,1.6,-4.5,강한매도,장대음봉,전저점이탈,0.11,-3.22,2026-09-11
MPT,1.3,3.64,12019939,9602560,43.75,35.02,1.2,0.5,-1.4,강한매도,음봉,전저점이탈,0.0,-2.05,2026-09-11
AIRS,1.3,2.42,1047381,835554,2.53,2.44,1.0,1.7,-0.8,매수관심,팽이도지,완만한상승,0.46,0.85,2026-09-11
AIBZ,1.3,4.29,420096,328479,1.8,1.69,1.1,-2.2,-2.3,중립,음봉,잔구간,0.56,-0.315,2026-09-11
OXSQ,1.3,1.34,1511765,1178796,2.03,1.69,1.2,0.7,-0.7,중립,음봉,완만한상승,0.0,-0.4,2026-09-11
DXD,1.3,17.13,2708062,2078395,46.39,32.07,1.4,-1.7,-0.2,중립,팽이도지,잔구간,0.46,-0.025,2026-09-11
CLNE,1.3,1.63,1747970,1341022,2.85,2.51,1.1,0.0,2.5,매수관심,양봉,완만한상승,0.78,1.94,2026-09-11
PCT,1.3,6.02,3061293,2369655,18.43,17.88,1.0,1.1,2.1,매수관심,양봉,완만한상승,0.47,1.56,2026-09-11
UGP,1.3,7.45,4540724,3543699,33.83,21.94,1.5,-0.2,-1.3,중립,음봉,잔구간,0.14,-0.565,2026-09-11
WRD,1.3,5.75,2214590,1753713,12.73,10.41,1.2,2.5,-1.5,중립,음봉,완만한상승,0.17,-0.2,2026-09-11
SGRX,1.3,1.68,625131,476166,1.05,8.1,0.1,-1.4,19.1,중립,양봉,잔구간,0.56,0.385,2026-09-11
SHEN,1.3,11.91,704607,557726,8.39,6.6,1.3,1.3,-1.8,중립,음봉,잔구간,0.49,-0.355,2026-09-11
UUUU,1.3,12.95,6851388,5281553,88.73,79.27,1.1,0.4,-5.4,강한매도,장대음봉,전저점이탈,0.02,-3.33,2026-09-11
UPWK,1.3,8.72,3385873,2639274,29.52,24.7,1.2,1.0,2.7,중립,양봉,잔구간,0.57,0.39,2026-09-11
MVIS,1.3,1.64,1036571,807394,1.7,1.81,0.9,0.6,2.5,중립,양봉,잔구간,0.5,0.35,2026-09-11
MX,1.3,2.95,367315,293759,1.08,0.96,1.1,1.0,-1.7,매도주의,음봉,전저점이탈,0.1,-1.93,2026-09-11
BATL,1.3,1.34,7046063,5308900,9.44,7.41,1.3,-5.5,3.5,매수관심,장대양봉,잔구간,0.86,1.215,2026-09-11
OSUR,1.3,3.25,467283,349766,1.52,1.31,1.2,1.2,-0.6,중립,망치형,잔구간,0.65,0.59,2026-09-11
ORN,1.3,9.36,439067,335533,4.11,3.07,1.3,1.7,1.6,강한매수,양봉,완만한상승,0.84,2.01,2026-09-11
OFIX,1.3,8.93,436086,326526,3.89,3.07,1.3,1.3,1.5,중립,양봉,잔구간,0.85,0.56,2026-09-11
CPRI,1.3,13.89,6895263,5191109,95.78,59.62,1.6,1.7,6.0,매수관심,장대양봉,전고점부근,0.84,1.96,2026-09-11
NVDY,1.3,12.37,2265232,1772037,28.02,30.4,0.9,1.5,-1.3,매도주의,장대음봉,완만한상승,0.06,-1.63,2026-09-11
CRVS,1.3,12.91,1257578,985680,16.24,11.05,1.5,1.5,-1.7,중립,음봉,잔구간,0.19,-0.535,2026-09-11
OCFC,1.3,18.78,964681,734409,18.12,15.28,1.2,1.5,-1.3,중립,음봉,완만한상승,0.4,0.08,2026-09-11
MYI,1.3,10.33,395200,298241,4.08,3.29,1.2,-0.3,0.4,중립,양봉,잔구간,1.0,0.65,2026-09-11
DFH,1.3,12.27,872771,661616,10.71,8.74,1.2,2.1,0.0,중립,팽이도지,잔구간,0.41,-0.055,2026-09-11
DEI,1.3,10.73,2113186,1611979,22.67,17.12,1.3,0.8,-0.3,중립,팽이도지,잔구간,0.48,-0.01,2026-09-11
ELVA,1.3,6.43,369485,283854,2.38,2.54,0.9,3.0,-5.3,매도주의,장대음봉,전저점부근,0.16,-1.66,2026-09-11
LBTYA,1.3,10.47,2572455,1966560,26.93,20.99,1.3,0.8,-2.2,중립,음봉,전저점부근,0.34,-0.14,2026-09-11
KYTX,1.3,7.26,751625,597631,5.46,5.94,0.9,1.6,-2.8,매도주의,음봉,전저점이탈,0.14,-1.88,2026-09-11
KURA,1.3,11.39,2117528,1663099,24.12,22.68,1.1,0.1,-1.6,중립,음봉,전저점부근,0.13,-0.39,2026-09-11
TSLR,1.3,16.76,1770404,1413794,29.67,25.28,1.2,0.0,1.0,매수관심,팽이도지,완만한상승,0.55,0.96,2026-09-11
ASPI,1.3,3.31,5288540,4084060,17.51,13.48,1.3,0.3,-8.1,강한매도,장대음봉,전저점이탈,0.03,-3.31,2026-09-11
ASM,1.3,6.49,6049521,4715659,39.26,32.02,1.2,1.4,-10.1,강한매도,장대음봉,전저점이탈,0.07,-3.27,2026-09-11
SVOL,1.3,16.77,385776,301689,6.47,5.37,1.2,0.5,0.4,강한매수,양봉,전고점돌파,0.64,2.37,2026-09-11
VITL,1.3,9.74,1432552,1115784,13.95,11.89,1.2,0.0,-0.5,강한매수,망치형,전저점부근,0.66,2.94,2026-09-11
ALHC,1.3,12.61,6076709,4546206,76.63,55.6,1.4,1.0,-2.2,매도주의,음봉,전저점이탈,0.39,-1.58,2026-09-11
BITX,1.3,17.03,12894725,9563304,219.6,204.22,1.1,0.8,-0.5,매도주의,위꼬리음봉,잔구간,0.15,-0.96,2026-09-11
BSCR,1.3,19.61,654430,522613,12.83,12.79,1.0,0.1,-0.1,매도주의,장대음봉,완만한상승,0.0,-1.7,2026-09-11
BITU,1.3,13.2,5373496,4122632,70.93,56.5,1.3,0.7,-0.5,매도주의,위꼬리음봉,잔구간,0.15,-0.96,2026-09-11
EQPT,1.3,18.02,2796018,2134275,50.38,39.51,1.3,1.0,1.3,중립,위꼬리양봉,완만한상승,0.24,-0.41,2026-09-11
EPRX,1.3,8.42,492925,388555,4.15,5.09,0.8,1.5,3.4,강한매수,장대양봉,완만한상승,0.82,3.28,2026-09-11
SSMR,1.3,16.92,379947,299690,6.43,4.58,1.4,2.7,-2.1,중립,음봉,완만한상승,0.15,-0.22,2026-09-11
STLA,1.3,5.4,23890909,18360274,129.01,100.18,1.3,1.1,1.1,중립,양봉,잔구간,0.48,0.34,2026-09-11
MSOX,1.3,2.8,2040380,1557841,5.71,5.02,1.1,-0.3,-4.4,매도주의,음봉,전저점이탈,0.17,-1.85,2026-09-11
AUR,1.3,6.43,33402993,25230226,214.78,171.93,1.2,2.8,-1.2,매도주의,위꼬리음봉,완만한상승,0.18,-0.98,2026-09-11
EGHT,1.3,1.84,1893794,1420425,3.48,2.78,1.3,0.0,1.1,매수관심,팽이도지,완만한상승,0.71,1.15,2026-09-11
PRQR,1.3,1.86,581225,464598,1.08,1.41,0.8,1.5,-5.6,강한매도,장대음봉,전저점이탈,0.08,-3.25,2026-09-11
PHAT,1.3,8.36,1389081,1062568,11.61,9.24,1.3,0.4,-0.5,중립,팽이도지,잔구간,0.64,0.085,2026-09-11
HAYW,1.3,13.11,3021052,2306195,39.61,28.3,1.4,1.5,0.3,매수관심,팽이도지,완만한상승,0.62,1.04,2026-09-11
BTCS,1.3,1.32,2483482,1886933,3.28,3.13,1.0,1.5,-1.5,매도주의,위꼬리음봉,잔구간,0.08,-1.0,2026-09-11
PGY,1.3,19.97,2302706,1822910,45.99,41.45,1.1,2.8,-4.3,강한매도,장대음봉,전저점이탈,0.07,-3.27,2026-09-11
LDI,1.3,0.835,7867162,5862941,6.57,5.75,1.1,2.2,-1.8,강한매수,망치형,완만한상승,0.68,2.12,2026-09-11
EYE,1.3,17.29,2658968,2063611,45.97,33.66,1.4,1.5,-0.6,매도주의,위꼬리음봉,완만한상승,0.13,-1.04,2026-09-11
PRME,1.3,3.13,3077070,2432062,9.63,9.18,1.0,0.9,-7.4,강한매도,장대음봉,전저점이탈,0.09,-3.24,2026-09-11
RILY,1.3,6.6,526273,402651,3.47,2.97,1.2,1.7,-1.3,중립,음봉,완만한상승,0.42,0.1,2026-09-11
TIMB,1.3,18.89,520631,398829,9.83,9.0,1.1,-0.1,-1.4,중립,음봉,잔구간,0.15,-0.56,2026-09-11
THM,1.3,2.4,632085,491389,1.52,1.6,0.9,2.9,-3.6,중립,음봉,잔구간,0.21,-0.525,2026-09-11
TBCH,1.3,12.81,393626,307600,5.04,6.1,0.8,1.7,6.4,강한매수,장대양봉,전고점돌파,0.98,4.08,2026-09-11
LTBR,1.3,7.02,685125,547836,4.81,4.13,1.2,0.0,-4.4,강한매도,장대음봉,전저점이탈,0.05,-3.29,2026-09-11
HUYA,1.3,2.04,1460139,1145475,2.98,2.78,1.1,0.5,-0.5,중립,음봉,잔구간,0.5,-0.35,2026-09-11
ADNT,1.3,19.24,919880,715236,17.7,14.08,1.3,1.6,0.4,매수관심,팽이도지,완만한상승,0.45,0.84,2026-09-11
XRP,1.3,15.22,1716278,1326591,26.12,26.26,1.0,0.7,0.3,중립,위꼬리양봉,잔구간,0.18,-0.69,2026-09-11
XPOF,1.3,4.11,550878,422720,2.26,2.95,0.8,0.0,1.7,중립,양봉,잔구간,0.7,0.47,2026-09-11
IART,1.2,15.5,792028,648355,12.28,11.71,1.0,3.3,-3.5,매도주의,장대음봉,잔구간,0.19,-1.185,2026-09-11
HOPE,1.2,13.94,722691,588058,10.07,9.49,1.1,0.7,-0.7,중립,음봉,잔구간,0.39,-0.415,2026-09-11
RLJ,1.2,10.88,1745899,1425802,19.0,18.05,1.1,0.9,-1.4,중립,음봉,잔구간,0.17,-0.55,2026-09-11
GNL,1.2,9.05,1863411,1512022,16.86,15.43,1.1,0.4,-0.8,매도주의,장대음봉,잔구간,0.06,-1.265,2026-09-11
GMRS,1.2,12.78,634900,508429,8.11,6.77,1.2,1.9,0.6,중립,위꼬리양봉,완만한상승,0.35,-0.28,2026-09-11
IEP,1.2,7.0,801307,690128,5.61,4.45,1.3,-0.1,1.9,강한매수,장대양봉,전고점돌파,0.79,3.85,2026-09-11
ACH,1.2,1.08,1030073,854562,1.11,0.98,1.1,2.8,-2.7,중립,음봉,완만한상승,0.5,0.2,2026-09-11
ARI,1.2,6.63,2063015,1739046,13.68,14.4,0.9,0.6,-1.3,강한매도,장대음봉,전저점이탈,0.05,-3.29,2026-09-11
TCPC,1.2,4.07,574015,486017,2.34,2.24,1.0,0.5,1.0,매수관심,양봉,완만한상승,0.76,1.91,2026-09-11
TAK,1.2,18.26,2150013,1735553,39.26,36.09,1.1,1.5,-0.7,중립,음봉,잔구간,0.24,-0.505,2026-09-11
EXG,1.2,9.7,466923,387532,4.53,3.81,1.2,0.5,-0.2,매도주의,위꼬리음봉,완만한상승,0.1,-1.08,2026-09-11
EVV,1.2,8.85,382774,313852,3.39,2.96,1.1,0.4,-1.0,강한매도,장대음봉,전저점이탈,0.0,-3.35,2026-09-11
EU,1.2,1.1,3103276,2497342,3.41,3.35,1.0,1.7,-6.0,강한매도,장대음봉,전저점이탈,0.1,-3.23,2026-09-11
FJET,1.2,1.95,1331657,1094036,2.6,3.98,0.7,1.5,-4.4,중립,음봉,전저점부근,0.2,-0.31,2026-09-11
FDUS,1.2,19.57,418261,342985,8.19,6.35,1.3,0.6,-0.2,중립,망치형,잔구간,0.77,0.66,2026-09-11
EQX,1.2,12.4,10806363,9174584,134.0,138.59,1.0,2.2,-0.6,중립,팽이도지,완만한상승,0.32,0.68,2026-09-11
EPM,1.2,3.72,410602,334488,1.53,1.78,0.9,-0.8,-2.4,중립,음봉,잔구간,0.17,-0.55,2026-09-11
ENVX,1.2,3.1,6087443,5079492,18.87,17.67,1.1,1.9,-3.1,매도주의,장대음봉,잔구간,0.09,-1.245,2026-09-11
LUNL,1.2,3.55,1525889,1254810,5.42,4.43,1.2,1.1,-5.1,강한매도,장대음봉,전저점이탈,0.13,-3.19,2026-09-11
EFC,1.2,12.89,1155595,957154,14.9,13.98,1.1,0.6,-1.8,강한매도,장대음봉,전저점이탈,0.1,-3.23,2026-09-11
EDIT,1.2,2.7,2463715,1977371,6.65,6.5,1.0,1.1,0.7,강한매수,양봉스프링,완만한상승,0.8,2.76,2026-09-11
MBC,1.2,7.43,1912169,1553449,14.21,15.08,0.9,2.0,-2.0,매도주의,장대음봉,완만한상승,0.4,-1.22,2026-09-11
MARA,1.2,11.98,45263372,38458544,542.26,479.49,1.1,1.6,3.1,매수관심,양봉,완만한상승,0.52,1.62,2026-09-11
MAGN,1.2,11.7,446683,362081,5.23,4.4,1.2,2.2,-0.9,중립,음봉,잔구간,0.38,-0.42,2026-09-11
SXC,1.2,10.02,975034,786987,9.77,8.9,1.1,0.1,-1.2,중립,음봉,전저점부근,0.39,-0.08,2026-09-11
LAR,1.2,5.85,2616586,2146498,15.31,13.15,1.2,0.9,-9.6,강한매도,장대음봉,전저점이탈,0.02,-3.33,2026-09-11
LAC,1.2,2.91,11336958,9355838,32.99,30.08,1.1,0.3,-4.0,강한매도,장대음봉,전저점이탈,0.0,-3.35,2026-09-11
ANVS,1.2,1.12,1894431,1640350,2.12,2.25,0.9,0.8,-6.7,강한매도,장대음봉,전저점이탈,0.15,-3.17,2026-09-11
TRTX,1.2,7.42,712033,583983,5.28,4.83,1.1,1.1,-1.9,강한매도,장대음봉,전저점이탈,0.0,-3.35,2026-09-11
FMC,1.2,11.4,3002269,2457057,34.23,40.48,0.8,0.0,-5.6,매도주의,장대음봉,전저점부근,0.15,-1.67,2026-09-11
FLYW,1.2,17.87,1393307,1194434,24.9,24.27,1.0,0.0,0.7,중립,양봉,잔구간,0.39,0.285,2026-09-11
EBS,1.2,6.23,1299158,1066048,8.09,7.27,1.1,1.9,4.2,중립,양봉,잔구간,0.69,0.465,2026-09-11
EARN,1.2,4.32,318053,265515,1.37,1.64,0.8,0.0,0.2,중립,양봉,잔구간,0.4,0.29,2026-09-11
DV,1.2,13.41,2964835,2460820,39.76,29.77,1.3,-0.1,0.4,강한매수,장대양봉,전고점돌파,0.71,3.75,2026-09-11
MGPI,1.2,14.76,301136,257992,4.44,4.01,1.1,0.0,-2.3,강한매도,장대음봉,전저점이탈,0.04,-3.3,2026-09-11
MFG,1.2,11.45,4045691,3421350,46.32,33.51,1.4,2.5,1.0,강한매수,장대양봉,전고점돌파,0.73,3.78,2026-09-11
AVR,1.2,8.35,640397,512469,5.35,4.92,1.1,1.3,-0.7,매수관심,팽이도지,완만한상승,0.54,0.95,2026-09-11
AVO,1.2,13.01,823240,684295,10.71,9.62,1.1,-0.5,-1.2,중립,음봉,잔구간,0.37,-0.43,2026-09-11
SPDN,1.2,8.58,31510254,25920919,270.36,279.4,1.0,-0.8,0.1,매수관심,양봉스프링,잔구간,1.0,1.05,2026-09-11
MUC,1.2,10.32,634479,532390,6.55,5.41,1.2,1.1,-0.8,매도주의,장대음봉,잔구간,0.27,-1.14,2026-09-11
MSTX,1.2,14.01,9030667,7549623,126.52,133.64,0.9,3.1,0.3,중립,위꼬리양봉,잔구간,0.18,-0.69,2026-09-11
KLRA,1.2,13.94,815442,699428,11.37,12.19,0.9,1.3,-7.7,강한매도,장대음봉,전저점이탈,0.03,-3.31,2026-09-11
GAB,1.2,5.58,740221,599091,4.13,3.42,1.2,0.9,-1.1,매도주의,장대음봉,전저점부근,0.12,-1.71,2026-09-11
JBS,1.2,12.59,5627823,4529859,70.85,66.75,1.1,0.6,-0.8,중립,음봉,잔구간,0.5,-0.35,2026-09-11
JBIO,1.2,17.89,1249196,1025225,22.35,16.2,1.4,1.3,-7.7,매도주의,음봉,전저점이탈,0.14,-1.88,2026-09-11
IVR,1.2,6.8,3323005,2750761,22.6,19.64,1.2,0.3,-1.9,강한매도,장대음봉,전저점이탈,0.0,-3.35,2026-09-11
NBIG,1.2,16.9,1961966,1608955,33.16,28.39,1.2,5.8,-8.5,매도주의,장대음봉,잔구간,0.08,-1.25,2026-09-11
NABL,1.2,3.86,2818980,2359273,10.88,10.07,1.1,1.3,-1.3,강한매수,망치형,완만한상승,0.59,2.01,2026-09-11
DDD,1.2,3.32,2114008,1815938,7.02,6.9,1.0,1.5,0.0,매수관심,팽이도지,완만한상승,0.6,1.02,2026-09-11
DCTH,1.2,15.91,347059,286116,5.52,5.71,1.0,1.2,-0.5,중립,망치형,잔구간,0.67,0.6,2026-09-11
DC,1.2,5.81,1200023,979885,6.97,6.08,1.1,1.7,-3.2,중립,음봉,잔구간,0.17,-0.55,2026-09-11
SKYX,1.2,1.35,1066667,873965,1.44,1.28,1.1,0.0,2.3,매수관심,양봉,완만한상승,0.8,1.96,2026-09-11
NUV,1.2,8.72,579026,499773,5.05,4.48,1.1,0.2,0.2,중립,양봉,잔구간,0.94,0.615,2026-09-11
NTST,1.2,19.64,1000748,809376,19.65,17.16,1.1,0.3,-0.7,중립,음봉,전저점부근,0.44,-0.02,2026-09-11
NOK,1.2,11.13,86733819,74079103,965.35,704.15,1.4,1.9,2.9,강한매수,장대양봉,전고점부근,0.91,2.04,2026-09-11
CRSR,1.2,13.54,1231460,1050414,16.67,13.3,1.3,0.8,6.8,강한매수,장대양봉,전고점돌파,0.91,3.99,2026-09-11
BBAI,1.2,2.87,16127018,13454452,46.28,48.0,1.0,0.7,1.1,매수관심,양봉,완만한상승,0.55,1.66,2026-09-11
OPEN,1.2,2.79,28860421,24298072,80.52,83.56,1.0,1.8,-2.1,중립,음봉,전저점부근,0.39,-0.08,2026-09-11
OLMA,1.2,10.22,1013488,818579,10.36,8.17,1.3,0.9,-5.3,매도주의,장대음봉,잔구간,0.06,-1.265,2026-09-11
OEC,1.2,5.8,354454,305795,2.06,2.16,1.0,1.0,-0.9,강한매수,망치형,완만한상승,0.71,2.15,2026-09-11
OCUL,1.2,10.49,2638751,2260244,27.68,21.21,1.3,1.2,-2.4,중립,음봉,잔구간,0.22,-0.52,2026-09-11
URG,1.2,1.29,5312833,4531532,6.85,6.57,1.0,0.7,-4.4,강한매도,장대음봉,전저점이탈,0.12,-3.21,2026-09-11
IREX,1.2,15.73,1861425,1614462,29.28,24.46,1.2,4.7,-3.5,중립,음봉,완만한상승,0.31,-0.03,2026-09-11
WULF,1.2,16.74,28517250,23540470,477.38,432.57,1.1,1.0,2.7,매수관심,양봉,완만한상승,0.4,1.48,2026-09-11
BDTX,1.2,1.98,590205,481933,1.17,1.09,1.1,1.5,-0.5,강한매수,망치형,완만한상승,0.67,2.1,2026-09-11
BLND,1.2,1.41,2021013,1742558,2.85,2.75,1.0,0.7,-1.4,중립,음봉,잔구간,0.17,-0.55,2026-09-11
CLBK,1.2,11.53,3729406,3237301,43.0,35.94,1.2,0.7,-0.8,중립,음봉,잔구간,0.55,-0.32,2026-09-11
BLCO,1.2,17.25,460178,386355,7.94,8.2,1.0,1.4,-3.0,강한매도,장대음봉,전저점이탈,0.31,-2.98,2026-09-11
BITO,1.2,10.37,84468283,70682097,875.94,816.41,1.1,0.3,-0.3,매도주의,위꼬리음봉,잔구간,0.11,-0.985,2026-09-11
SBSW,1.2,12.54,5754270,4963164,72.16,69.56,1.0,2.4,-2.6,매도주의,장대음봉,잔구간,0.1,-1.24,2026-09-11
SAIL,1.2,17.24,4980711,4285814,85.87,84.9,1.0,0.5,-2.7,중립,음봉,잔구간,0.54,-0.325,2026-09-11
BOBS,1.2,15.85,567016,462126,8.99,8.66,1.0,1.7,2.5,중립,양봉,잔구간,0.67,0.45,2026-09-11
PRTA,1.2,8.93,376275,308176,3.36,3.16,1.1,0.4,-1.4,매도주의,음봉,전저점이탈,0.44,-1.52,2026-09-11
RIVN,1.2,16.03,19063655,16129663,305.59,311.28,1.0,1.2,-1.4,매도주의,위꼬리음봉,잔구간,0.02,-1.04,2026-09-11
RITM,1.2,9.74,6250352,5103523,60.88,47.44,1.3,0.9,-0.1,강한매수,망치형,완만한상승,0.71,2.15,2026-09-11
BXMT,1.2,13.35,1902853,1536664,25.4,25.08,1.0,0.4,-1.3,강한매도,장대음봉,전저점이탈,0.04,-3.3,2026-09-11
BXDC,1.2,19.9,1150536,954695,22.9,21.83,1.0,0.7,0.5,중립,위꼬리양봉,잔구간,0.29,-0.625,2026-09-11
QDEL,1.2,11.78,1067986,878703,12.58,13.01,1.0,1.6,-4.6,강한매도,장대음봉,전저점이탈,0.01,-3.34,2026-09-11
WRAP,1.2,1.68,757674,629618,1.27,1.39,0.9,1.2,2.4,중립,양봉,잔구간,0.5,0.35,2026-09-11
AHRT,1.2,6.32,570348,484927,3.6,3.64,1.0,0.8,-0.9,중립,음봉,전저점부근,0.25,-0.25,2026-09-11
AAOZ,1.2,13.44,807869,680359,10.86,12.14,0.9,-2.9,-1.0,중립,망치형,잔구간,0.7,0.62,2026-09-11
ACB,1.1,3.74,830454,731262,3.11,3.98,0.8,1.1,-0.8,중립,팽이도지,잔구간,0.35,-0.09,2026-09-11
YSS,1.1,7.88,3167227,2905050,24.96,22.7,1.1,2.8,2.9,중립,양봉,잔구간,0.47,0.33,2026-09-11
AAL,1.1,13.01,63608074,55392867,827.54,804.35,1.0,2.2,-0.9,중립,음봉,완만한상승,0.22,-0.14,2026-09-11
ZIP,1.1,3.74,963648,839542,3.6,4.24,0.8,1.4,0.0,매수관심,팽이도지,완만한상승,0.47,0.86,2026-09-11
WTI,1.1,4.11,3093563,2924545,12.71,12.53,1.0,-4.1,2.2,중립,양봉,잔구간,0.63,0.43,2026-09-11
NCLH,1.1,14.82,15582997,14105201,230.94,245.14,0.9,2.2,-0.5,중립,팽이도지,잔구간,0.36,-0.085,2026-09-11
CWH,1.1,6.04,1752324,1666886,10.58,9.68,1.1,2.0,-2.7,중립,음봉,잔구간,0.17,-0.55,2026-09-11
NMR,1.1,10.86,883980,789228,9.6,7.85,1.2,2.9,0.1,중립,위꼬리양봉,전고점돌파,0.33,0.3,2026-09-11
MRTN,1.1,13.8,480381,440552,6.63,7.01,0.9,1.3,-2.1,중립,음봉,잔구간,0.15,-0.56,2026-09-11
NTSK,1.1,14.7,6179432,5791905,90.84,95.36,1.0,-1.0,-1.7,중립,음봉,잔구간,0.55,-0.32,2026-09-11
APPX,1.1,13.67,1415098,1283300,19.34,18.82,1.0,1.2,4.7,강한매수,양봉,완만한상승,0.87,2.04,2026-09-11
UA,1.1,4.99,2383840,2199411,11.9,11.26,1.1,2.7,0.4,매수관심,팽이도지,완만한상승,0.73,1.18,2026-09-11
HPP,1.1,12.23,721112,633406,8.82,8.07,1.1,1.9,1.1,중립,팽이도지,잔구간,0.46,-0.025,2026-09-11
HRZN,1.1,4.9,792407,724876,3.88,4.04,1.0,0.8,0.2,매수관심,팽이도지,완만한상승,0.65,1.08,2026-09-11
HSLV,1.1,5.5,624037,588552,3.43,3.49,1.0,3.7,-7.1,매도주의,장대음봉,잔구간,0.05,-1.27,2026-09-11
USAR,1.1,15.56,14766095,13807435,229.76,223.82,1.0,0.0,-3.0,강한매도,장대음봉,전저점이탈,0.08,-3.25,2026-09-11
USDE,1.1,7.26,3771240,3334101,27.38,52.14,0.5,6.6,2.3,중립,위꼬리양봉,잔구간,0.36,-0.585,2026-09-11
ALVO,1.1,5.29,667872,602497,3.53,4.03,0.9,0.8,0.2,중립,위꼬리양봉,완만한상승,0.23,-0.42,2026-09-11
AMBP,1.1,4.84,1695359,1511996,8.21,7.34,1.1,1.5,-0.8,중립,음봉,잔구간,0.43,-0.39,2026-09-11
DYN,1.1,18.21,3774440,3445606,68.73,83.16,0.8,0.9,-2.0,중립,음봉,잔구간,0.34,-0.445,2026-09-11
MH,1.1,12.32,480515,420646,5.92,5.34,1.1,0.4,1.3,중립,양봉,잔구간,0.65,0.44,2026-09-11
NVAX,1.1,9.42,6121466,5380422,57.66,55.64,1.0,-0.1,1.4,중립,위꼬리양봉,잔구간,0.3,-0.62,2026-09-11
CRML,1.1,6.43,5447034,5021542,35.02,43.57,0.8,-0.7,-3.6,매도주의,음봉,전저점이탈,0.07,-1.97,2026-09-11
SWVL,1.1,7.115,678420,638703,4.83,4.78,1.0,-2.1,-8.4,중립,음봉,잔구간,0.37,-0.43,2026-09-11
TDAY,1.1,6.36,2265628,1972365,14.41,14.76,1.0,1.6,-0.5,중립,팽이도지,완만한상승,0.33,0.7,2026-09-11
ARCC,1.1,19.74,4324829,3875906,85.37,86.23,1.0,0.5,-0.2,중립,팽이도지,완만한상승,0.38,0.76,2026-09-11
ARHS,1.1,8.1,1055436,927572,8.55,7.86,1.1,1.8,0.2,중립,위꼬리양봉,잔구간,0.22,-0.67,2026-09-11
ARKO,1.1,4.52,975709,906342,4.41,4.62,1.0,1.1,0.0,매수관심,팽이도지,완만한상승,0.58,1.0,2026-09-11
TLRY,1.1,4.02,3995750,3510079,16.06,15.23,1.1,1.0,-3.8,강한매도,장대음봉,전저점이탈,0.1,-3.23,2026-09-11
TNDM,1.1,17.11,1789050,1579550,30.61,27.26,1.1,0.9,-7.4,강한매도,장대음봉,전저점이탈,0.03,-3.31,2026-09-11
GPGI,1.1,13.3,2185150,1966389,29.06,29.61,1.0,2.2,0.8,중립,팽이도지,잔구간,0.67,0.1,2026-09-11
TRON,1.1,1.55,1015753,963324,1.57,2.3,0.7,1.3,-0.6,매도주의,위꼬리음봉,완만한상승,0.18,-0.98,2026-09-11
NWG,1.1,18.89,2469568,2320763,46.65,49.12,0.9,2.4,0.1,매수관심,양봉스프링,잔구간,0.82,0.94,2026-09-11
OI,1.1,6.53,3014591,2622255,19.69,19.53,1.0,2.0,-3.4,매도주의,장대음봉,잔구간,0.11,-1.235,2026-09-11
CRCG,1.1,15.15,2917371,2681759,44.2,48.79,0.9,3.8,-3.0,매도주의,위꼬리음봉,잔구간,0.1,-0.99,2026-09-11
ONT,1.1,18.33,481178,428401,8.82,7.54,1.2,2.6,-1.6,매도주의,음봉,전고점부근,0.04,-1.7,2026-09-11
OPRA,1.1,18.3,363511,342872,6.65,6.31,1.1,0.8,0.7,중립,양봉,잔구간,0.74,0.495,2026-09-11
ORGO,1.1,1.49,844153,789007,1.26,1.18,1.1,2.0,-4.5,매도주의,장대음봉,전저점부근,0.22,-1.59,2026-09-11
ORIC,1.1,12.04,1063007,1009379,12.8,13.81,0.9,1.6,-1.8,중립,음봉,전저점부근,0.1,-0.43,2026-09-11
OSTX,1.1,1.68,825871,721096,1.39,1.18,1.2,-0.5,-7.2,매도주의,장대음봉,잔구간,0.11,-1.235,2026-09-11
ENGN,1.1,1.8,651007,599989,1.17,1.18,1.0,1.7,0.0,중립,위꼬리양봉,잔구간,0.25,-0.65,2026-09-11
MBLY,1.1,8.25,3547194,3103791,29.26,26.0,1.1,1.3,-0.8,중립,음봉,완만한상승,0.08,-0.3,2026-09-11
SVC,1.1,6.8,1553401,1400724,10.56,11.59,0.9,1.2,-2.2,매도주의,음봉,전저점이탈,0.11,-1.92,2026-09-11
GLUE,1.1,14.07,1173907,1105338,16.52,14.54,1.1,-0.6,-1.2,매도주의,위꼬리음봉,수횡파,0.22,-1.24,2026-09-11
GOF,1.1,9.18,2345621,2198174,21.53,25.78,0.8,0.9,-0.8,중립,음봉,잔구간,0.42,-0.4,2026-09-11
IMRX,1.1,4.27,911042,839516,3.89,3.67,1.1,1.3,-7.8,강한매도,장대음봉,전저점이탈,0.07,-3.27,2026-09-11
ASC,1.1,18.67,575546,535185,10.75,11.4,0.9,0.2,0.9,강한매수,양봉,전고점돌파,0.48,2.18,2026-09-11
CORD,1.1,2.93,9104512,8003047,26.68,25.04,1.1,-3.8,4.6,강한매수,양봉,완만한상승,0.91,2.09,2026-09-11
PALI,1.1,2.06,2399724,2200859,4.94,3.72,1.3,2.0,0.5,매수관심,팽이도지,완만한상승,0.5,0.9,2026-09-11
PANL,1.1,8.41,436976,382398,3.67,3.17,1.2,2.0,-0.9,중립,음봉,완만한상승,0.41,0.09,2026-09-11
ERII,1.1,7.55,929289,866762,7.02,8.45,0.8,1.7,2.2,매수관심,장대양봉,잔구간,0.85,1.21,2026-09-11
MBI,1.1,4.64,385928,337054,1.79,2.01,0.9,1.3,-0.6,중립,음봉,완만한상승,0.44,0.13,2026-09-11
PAX,1.1,10.62,1102710,1027262,11.71,13.3,0.9,1.1,-2.3,매도주의,장대음봉,잔구간,0.0,-1.3,2026-09-11
PAYO,1.1,7.12,2483666,2160266,17.68,15.19,1.2,0.1,-0.1,중립,음봉,완만한상승,0.5,0.2,2026-09-11
SPAL,1.1,17.38,1367708,1299506,23.77,18.51,1.3,2.5,1.5,강한매수,양봉스프링,완만한상승,0.89,2.87,2026-09-11
SPAX,1.1,10.41,1615866,1506994,16.82,14.48,1.2,2.6,1.3,강한매수,양봉스프링,완만한상승,0.9,2.88,2026-09-11
SPCH,1.1,10.26,25248922,23455696,259.05,221.2,1.2,2.4,1.5,강한매수,양봉스프링,완만한상승,0.91,2.89,2026-09-11
SSG,1.1,12.1,333162,296484,4.03,5.11,0.8,-2.6,1.5,중립,양봉,잔구간,0.9,0.59,2026-09-11
IONX,1.1,19.81,1107744,1039773,21.94,26.16,0.8,0.8,-1.5,중립,팽이도지,전저점부근,0.25,0.45,2026-09-11
IOVA,1.1,8.6,12388719,11254625,106.54,85.3,1.2,1.4,4.2,강한매수,양봉,완만한상승,0.85,2.02,2026-09-11
STGW,1.1,8.6,1078839,981827,9.28,8.99,1.0,1.1,-0.7,중립,음봉,완만한상승,0.33,-0.0,2026-09-11
PDYN,1.1,5.77,699339,650590,4.04,3.75,1.1,2.0,0.5,매수관심,팽이도지,완만한상승,0.43,0.82,2026-09-11
PEB,1.1,17.84,2687437,2352634,47.94,40.53,1.2,1.3,-2.6,매도주의,장대음봉,잔구간,0.08,-1.25,2026-09-11
PFFD,1.1,18.12,1068473,1005582,19.36,14.98,1.3,0.3,0.3,매수관심,양봉,완만한상승,0.5,1.6,2026-09-11
PINS,1.1,19.05,13770269,13038340,262.32,280.8,0.9,1.3,0.1,매수관심,양봉스프링,잔구간,0.88,0.98,2026-09-11
PML,1.1,7.01,482141,431267,3.38,2.92,1.2,-0.4,-0.1,매도주의,팽이도지,전저점이탈,0.44,-0.82,2026-09-11
CEPL,1.1,5.89,459751,408161,2.71,2.39,1.1,1.3,8.1,매수관심,양봉,완만한상승,0.66,1.79,2026-09-11
CGC,1.1,0.928,2329867,2066613,2.16,2.36,0.9,1.5,-1.7,중립,음봉,잔구간,0.35,-0.44,2026-09-11
CIFG,1.1,4.23,963123,888308,4.07,3.89,1.0,1.6,8.2,매수관심,양봉,완만한상승,0.58,1.7,2026-09-11
PTEN,1.1,12.85,7934090,7297388,101.95,110.78,0.9,-0.2,-0.2,중립,팽이도지,잔구간,0.28,-0.13,2026-09-11
FIGS,1.1,13.35,3697765,3470325,49.37,37.69,1.3,0.0,3.1,매수관심,장대양봉,잔구간,0.74,1.145,2026-09-11
SITC,1.1,2.82,788575,691378,2.22,2.82,0.8,0.4,-0.7,중립,음봉,잔구간,0.28,-0.48,2026-09-11
SKDD,1.1,6.96,8595105,7792562,59.82,48.39,1.2,-4.9,3.2,중립,양봉,잔구간,0.48,0.34,2026-09-11
BGC,1.1,12.17,2476050,2210727,30.13,32.02,0.9,1.9,-2.2,매도주의,장대음봉,잔구간,0.22,-1.17,2026-09-11
SLN,1.1,13.02,685914,640041,8.93,9.74,0.9,0.1,-2.3,중립,음봉,전저점부근,0.26,-0.24,2026-09-11
BANC,1.1,18.55,2850834,2601601,52.88,42.47,1.2,0.9,-0.1,강한매수,망치형,완만한상승,0.81,2.27,2026-09-11
BBWI,1.1,18.57,6346746,5539360,117.86,112.92,1.0,3.2,3.2,매수관심,장대양봉,잔구간,0.89,1.235,2026-09-11
BCSF,1.1,11.47,518570,468908,5.95,5.68,1.0,1.3,-0.7,중립,음봉,잔구간,0.46,-0.375,2026-09-11
JOBY,1.1,6.39,32746756,30156487,209.25,173.2,1.2,0.0,1.3,매수관심,양봉,완만한상승,0.65,1.78,2026-09-11
FMNB,1.1,15.74,336069,312487,5.29,5.29,1.0,-0.1,-0.8,중립,음봉,잔구간,0.37,-0.43,2026-09-11
FPE,1.1,17.5,1131424,1016235,19.8,18.16,1.1,0.3,-0.1,중립,팽이도지,완만한상승,0.33,0.7,2026-09-11
CABA,1.1,2.73,7437306,6795718,20.3,17.43,1.2,1.1,-1.4,중립,팽이도지,잔구간,0.28,-0.13,2026-09-11
RES,1.1,6.45,1645696,1551511,10.61,9.63,1.1,0.0,-0.2,중립,팽이도지,잔구간,0.34,-0.095,2026-09-11
BSCW,1.1,19.915,426524,379697,8.49,9.0,0.9,0.2,-0.3,강한매도,장대음봉,전저점이탈,0.18,-3.13,2026-09-11
BTGO,1.1,7.65,1492029,1404799,11.41,11.86,1.0,1.2,2.0,매수관심,양봉,완만한상승,0.34,1.41,2026-09-11
RWM,1.1,13.95,20074078,18161367,280.03,248.17,1.1,-0.9,0.6,매수관심,장대양봉,잔구간,0.96,1.275,2026-09-11
FWDI,1.1,6.55,2032513,1899557,13.31,14.96,0.9,2.9,-1.5,매도주의,위꼬리음봉,완만한상승,0.04,-1.15,2026-09-11
FWRD,1.1,16.63,468634,427974,7.79,10.4,0.7,1.5,-0.2,매수관심,팽이도지,완만한상승,0.63,1.06,2026-09-11
KVYO,1.1,16.36,6525766,5910776,106.76,131.47,0.8,-0.8,2.2,매수관심,장대양봉,잔구간,0.89,1.235,2026-09-11
BRR,1.1,3.12,1856337,1632165,5.79,3.62,1.6,3.7,1.0,매수관심,팽이도지,전고점돌파,0.61,1.63,2026-09-11
SB,1.1,8.51,1368331,1223636,11.64,12.27,0.9,1.2,0.4,강한매수,양봉스프링,완만한상승,0.83,2.8,2026-09-11
BMBL,1.1,2.99,2417545,2285615,7.23,5.74,1.3,0.3,0.0,중립,위꼬리양봉,완만한상승,0.09,-0.59,2026-09-11
BNC,1.1,4.8,2372912,2242176,11.39,42.01,0.3,-1.6,-2.2,매도주의,위꼬리음봉,잔구간,0.05,-1.02,2026-09-11
GEMI,1.1,4.46,1784551,1694726,7.96,9.4,0.8,1.6,0.0,중립,위꼬리양봉,완만한상승,0.07,-0.62,2026-09-11
JQC,1.1,4.71,435765,413935,2.05,2.37,0.9,0.2,-0.6,강한매도,장대음봉,전저점이탈,0.0,-3.35,2026-09-11
KARD,1.1,18.52,416400,368891,7.71,7.18,1.1,1.7,-2.6,매도주의,음봉,전저점이탈,0.08,-1.95,2026-09-11
SION,1.1,7.85,1210909,1074391,9.51,7.5,1.3,2.2,0.8,매수관심,팽이도지,전고점돌파,0.68,1.72,2026-09-11
ADMA,1.1,9.23,2266782,1991132,20.92,17.75,1.2,0.5,-2.2,강한매도,장대음봉,전저점이탈,0.11,-3.22,2026-09-11
ADT,1.1,7.05,6845916,6285611,48.26,48.8,1.0,1.0,-0.4,중립,망치형,잔구간,0.62,0.57,2026-09-11
ADUR,1.1,12.9,323797,295072,4.18,5.76,0.7,1.0,-1.5,중립,음봉,잔구간,0.17,-0.55,2026-09-11
XE,1.1,14.93,8602278,7796827,128.43,129.52,1.0,0.2,-5.9,강한매도,장대음봉,전저점이탈,0.06,-3.28,2026-09-11
DNA,1.1,6.75,932656,877271,6.3,7.27,0.9,0.3,-0.7,중립,망치형,잔구간,0.74,0.645,2026-09-11
DNN,1.1,3.02,25532569,23032437,77.11,79.41,1.0,0.9,-7.4,강한매도,장대음봉,전저점이탈,0.07,-3.27,2026-09-11
DNOW,1.1,15.65,2113308,1907537,33.07,30.74,1.1,1.4,-0.2,매수관심,팽이도지,완만한상승,0.49,0.89,2026-09-11
VET,1.1,13.23,1223353,1141501,16.18,17.8,0.9,-1.2,0.0,매수관심,양봉스프링,잔구간,0.86,0.965,2026-09-11
VFC,1.1,13.17,7618030,6877882,100.33,82.58,1.2,1.4,2.9,매수관심,장대양봉,잔구간,0.75,1.15,2026-09-11
VIR,1.1,10.62,2077968,1900470,22.07,24.11,0.9,2.0,-1.6,중립,음봉,잔구간,0.42,-0.4,2026-09-11
VLN,1.1,1.66,752853,662923,1.25,1.13,1.1,2.1,-1.5,중립,음봉,잔구간,0.13,-0.57,2026-09-11
GTN,1.1,4.85,913437,853140,4.43,4.47,1.0,0.4,-0.8,매도주의,위꼬리음봉,잔구간,0.17,-0.95,2026-09-11
AGNC,1.1,10.15,26647168,24535737,270.47,235.59,1.1,0.9,-1.3,매도주의,장대음봉,전저점부근,0.0,-1.85,2026-09-11
AG,1.0,19.56,9418357,9239880,184.22,198.25,0.9,1.5,-4.4,매도주의,장대음봉,전저점부근,0.1,-1.73,2026-09-11
HDSN,1.0,5.405,449094,448101,2.43,2.65,0.9,2.2,-1.2,중립,음봉,완만한상승,0.27,-0.08,2026-09-11
HBNC,1.0,19.78,418760,421050,8.28,8.29,1.0,1.2,-1.1,중립,음봉,완만한상승,0.35,0.02,2026-09-11
HBAN,1.0,16.86,19013073,19992223,320.56,354.79,0.9,0.8,0.0,매수관심,팽이도지,완만한상승,0.68,1.12,2026-09-11
WDCX,1.0,17.13,1174674,1124429,20.12,20.99,1.0,2.2,-7.6,매도주의,장대음봉,잔구간,0.16,-1.205,2026-09-11
VXX,1.0,18.07,8366677,8185267,151.19,143.01,1.1,-3.2,-1.1,매도주의,장대음봉,잔구간,0.36,-1.085,2026-09-11
VNM,1.0,17.5,887755,902854,15.54,13.42,1.2,-1.8,-1.0,강한매도,장대음봉,전저점이탈,0.0,-3.35,2026-09-11
VNDA,1.0,5.09,701226,668054,3.57,3.57,1.0,1.2,-0.2,중립,팽이도지,잔구간,0.33,-0.1,2026-09-11
AKBA,1.0,0.952,6141452,6189309,5.84,8.77,0.7,2.5,-1.9,중립,음봉,완만한상승,0.02,-0.38,2026-09-11
AIRJ,1.0,4.28,776002,796047,3.32,3.99,0.8,2.1,-1.6,매도주의,장대음봉,완만한상승,0.36,-1.27,2026-09-11
DFDV,1.0,5.08,1794956,1886152,9.12,12.68,0.7,2.1,-3.7,중립,음봉,잔구간,0.05,-0.62,2026-09-11
DSGN,1.0,14.63,715238,714030,10.46,9.51,1.1,1.3,-2.4,중립,음봉,잔구간,0.28,-0.48,2026-09-11
DRN,1.0,9.78,1613680,1666263,15.78,17.56,0.9,1.9,0.4,중립,팽이도지,잔구간,0.49,-0.005,2026-09-11
DQ,1.0,11.54,848251,808300,9.79,11.81,0.8,0.9,-2.3,강한매도,장대음봉,전저점이탈,0.0,-3.35,2026-09-11
DOMO,1.0,3.83,1380921,1384444,5.29,5.18,1.0,0.5,0.8,매수관심,양봉,완만한상승,0.6,1.72,2026-09-11
DOLE,1.0,13.33,1003275,971313,13.37,14.47,0.9,1.1,-2.8,강한매도,장대음봉,전저점이탈,0.0,-3.35,2026-09-11
AEHG,1.0,8.42,1762440,1822187,14.84,10.23,1.5,5.6,-3.7,매도주의,위꼬리음봉,완만한상승,0.05,-1.14,2026-09-11
ADTN,1.0,7.54,1525329,1526208,11.5,11.64,1.0,2.1,2.9,매수관심,장대양봉,잔구간,0.78,1.17,2026-09-11
ACP,1.0,4.84,484238,477283,2.34,2.5,0.9,0.4,-0.6,매도주의,장대음봉,잔구간,0.25,-1.15,2026-09-11
SIBN,1.0,18.38,590905,587208,10.86,10.02,1.1,1.9,-1.4,중립,음봉,잔구간,0.18,-0.54,2026-09-11
SHOE,1.0,12.71,1234431,1185319,15.69,20.73,0.8,1.9,1.6,매수관심,양봉,완만한상승,0.66,1.79,2026-09-11
SHNY,1.0,9.31,1397699,1369995,13.01,14.28,0.9,4.2,-3.0,매도주의,장대음봉,완만한상승,0.11,-1.57,2026-09-11
FSK,1.0,11.89,1390626,1424452,16.53,17.24,1.0,0.6,-0.6,중립,음봉,잔구간,0.31,-0.465,2026-09-11
GERN,1.0,1.35,9867666,10361854,13.32,16.4,0.8,1.1,-2.5,매도주의,음봉,전저점이탈,0.14,-1.88,2026-09-11
GENI,1.0,6.82,4525716,4406692,30.87,39.44,0.8,1.2,0.3,중립,팽이도지,잔구간,0.39,-0.065,2026-09-11
SFIX,1.0,2.95,1437504,1458443,4.24,4.63,0.9,1.8,1.7,중립,양봉,잔구간,0.9,0.59,2026-09-11
BLMN,1.0,8.69,1688482,1738411,14.67,17.87,0.8,3.3,-3.0,매도주의,장대음봉,잔구간,0.39,-1.065,2026-09-11
BKKT,1.0,8.18,828295,852574,6.78,8.0,0.8,3.3,-0.1,매도주의,위꼬리음봉,완만한상승,0.25,-0.9,2026-09-11
BRBR,1.0,9.14,2614089,2673807,23.89,31.2,0.8,1.4,-3.1,매도주의,장대음봉,전저점부근,0.13,-1.69,2026-09-11
KYN,1.0,14.84,328850,316610,4.88,4.78,1.0,0.7,-0.8,중립,음봉,잔구간,0.21,-0.525,2026-09-11
KSS,1.0,17.23,3819530,3783669,65.81,80.44,0.8,1.0,1.7,매수관심,양봉,완만한상승,0.67,1.8,2026-09-11
KOPN,1.0,4.56,3319386,3228148,15.14,14.24,1.1,0.1,3.9,강한매수,장대양봉,완만한상승,0.63,3.06,2026-09-11
FVRR,1.0,9.03,399077,416279,3.6,4.07,0.9,0.2,0.9,강한매수,장대양봉,완만한상승,0.85,3.32,2026-09-11
RYAM,1.0,8.5,616038,638242,5.24,5.64,0.9,1.8,0.0,중립,위꼬리양봉,잔구간,0.05,-0.77,2026-09-11
RPC,1.0,8.11,523171,505324,4.24,4.45,1.0,2.2,0.5,매수관심,양봉스프링,잔구간,0.9,0.99,2026-09-11
RGTI,1.0,15.27,14392112,14432668,219.77,255.76,0.9,1.2,-0.5,중립,팽이도지,완만한상승,0.27,0.62,2026-09-11
RGNX,1.0,8.53,1029133,1034765,8.78,10.48,0.8,1.5,-1.8,중립,음봉,잔구간,0.33,-0.45,2026-09-11
REZI,1.0,19.11,2019198,2081971,38.59,37.74,1.0,1.5,0.0,강한매수,양봉스프링,완만한상승,0.77,2.72,2026-09-11
REAL,1.0,9.83,2142896,2086017,21.06,22.6,0.9,1.0,1.9,중립,양봉,잔구간,0.52,0.36,2026-09-11
RDY,1.0,11.9,3143774,3216653,37.41,33.33,1.1,1.8,-0.2,매도주의,위꼬리음봉,잔구간,0.07,-1.01,2026-09-11
CAL,1.0,12.51,743772,740594,9.3,7.98,1.2,2.0,3.2,매수관심,양봉,완만한상승,0.54,1.65,2026-09-11
BUR,1.0,4.35,1822612,1780324,7.93,6.99,1.1,2.1,-2.7,중립,음봉,잔구간,0.4,-0.41,2026-09-11
BULL,1.0,9.22,11586420,11353330,106.83,149.94,0.7,0.3,-1.2,매도주의,위꼬리음봉,잔구간,0.2,-0.93,2026-09-11
LADR,1.0,9.61,974631,959057,9.37,9.29,1.0,0.7,-1.3,매도주의,장대음봉,전저점부근,0.21,-1.6,2026-09-11
LABD,1.0,7.43,18804561,19354065,139.72,127.26,1.1,-3.2,4.6,강한매수,장대양봉,전고점부근,0.98,2.13,2026-09-11
FRMI,1.0,5.5,12987825,13583795,71.43,84.01,0.9,0.4,1.7,매수관심,양봉,완만한상승,0.53,1.64,2026-09-11
RDW,1.0,10.62,11989930,12175051,127.33,117.56,1.1,-0.1,-2.2,중립,음봉,잔구간,0.05,-0.62,2026-09-11
QXO,1.0,12.31,13105128,13785250,161.32,171.56,0.9,2.0,-1.8,중립,음봉,잔구간,0.29,-0.475,2026-09-11
QTEX,1.0,0.89,1315205,1331087,1.17,1.11,1.1,1.1,7.6,강한매수,장대양봉,완만한상승,0.91,3.39,2026-09-11
SONO,1.0,15.12,1861538,1830950,28.15,25.62,1.1,0.5,2.8,강한매수,장대양봉,완만한상승,0.95,3.44,2026-09-11
GBDC,1.0,12.79,1342482,1368578,17.17,16.49,1.0,0.6,0.2,매수관심,팽이도지,완만한상승,0.7,1.14,2026-09-11
JMIA,1.0,7.45,1792683,1829452,13.36,12.67,1.1,1.6,0.7,매수관심,팽이도지,완만한상승,0.44,0.83,2026-09-11
SMCX,1.0,13.57,4663058,4584022,63.28,55.99,1.1,2.0,12.1,강한매수,장대양봉,완만한상승,0.87,3.34,2026-09-11
SLNH,1.0,1.19,5867935,6115777,6.98,9.5,0.7,2.6,0.0,중립,팽이도지,완만한상승,0.33,0.7,2026-09-11
BHVN,1.0,12.71,2863289,2748310,36.39,52.08,0.7,1.9,-2.5,중립,음봉,잔구간,0.16,-0.555,2026-09-11
BEKE,1.0,16.93,4070642,4114445,68.92,89.9,0.8,2.8,-1.3,매도주의,장대음봉,잔구간,0.14,-1.215,2026-09-11
SKHZ,1.0,9.455,1842040,1898606,17.42,16.51,1.1,-2.5,1.8,중립,양봉,잔구간,0.53,0.37,2026-09-11
QID,1.0,14.33,30006662,30129691,430.0,461.71,0.9,-1.9,0.1,중립,팽이도지,잔구간,0.66,0.095,2026-09-11
LILA,1.0,8.81,322999,321027,2.85,2.87,1.0,0.9,0.3,매수관심,팽이도지,완만한상승,0.48,0.88,2026-09-11
FATE,1.0,2.31,742393,733274,1.71,2.37,0.7,1.3,-2.1,중립,음봉,잔구간,0.11,-0.585,2026-09-11
EYPT,1.0,4.23,2728042,2805260,11.54,16.31,0.7,1.6,-2.1,중립,음봉,잔구간,0.23,-0.51,2026-09-11
PYXS,1.0,3.21,1129486,1093878,3.63,4.23,0.9,1.2,-3.0,중립,음봉,잔구간,0.4,-0.41,2026-09-11
CALY,1.0,15.46,1519866,1539235,23.5,23.57,1.0,1.8,-0.6,중립,음봉,완만한상승,0.25,-0.1,2026-09-11
PROK,1.0,1.8,1072321,1077469,1.93,2.2,0.9,2.2,-4.3,매도주의,장대음봉,잔구간,0.0,-1.3,2026-09-11
CGNT,1.0,8.02,682131,682893,5.47,6.95,0.8,0.6,-1.4,중립,음봉,잔구간,0.5,-0.35,2026-09-11
PONY,1.0,6.635,3134377,3214761,20.8,22.9,0.9,1.1,-1.0,중립,음봉,완만한상승,0.2,-0.16,2026-09-11
POET,1.0,7.95,8151359,7770256,64.8,67.97,1.0,2.0,2.5,매수관심,양봉,완만한상승,0.64,1.77,2026-09-11
PMT,1.0,9.17,1129715,1101847,10.36,10.34,1.0,0.7,-0.7,중립,음봉,전저점부근,0.13,-0.39,2026-09-11
PLTK,1.0,2.31,1125581,1085240,2.6,2.93,0.9,1.4,2.7,강한매수,양봉,전고점돌파,0.64,2.37,2026-09-11
LPL,1.0,3.31,2239808,2166079,7.41,8.1,0.9,3.2,1.8,강한매수,장대양봉,수횡파,0.77,3.92,2026-09-11
EXK,1.0,10.18,9386169,9183377,95.55,98.94,1.0,1.8,-4.9,매도주의,장대음봉,잔구간,0.14,-1.215,2026-09-11
EVTL,1.0,0.536,4939666,4957218,2.65,3.34,0.8,2.3,-5.4,매도주의,음봉,전저점이탈,0.35,-1.63,2026-09-11
EVH,1.0,4.19,1697221,1756920,7.11,9.32,0.8,0.5,0.0,매수관심,팽이도지,완만한상승,0.69,1.13,2026-09-11
EVC,1.0,8.61,1056381,1107085,9.1,9.6,0.9,1.0,-1.7,중립,음봉,잔구간,0.1,-0.59,2026-09-11
LILAK,1.0,8.73,1050584,1000720,9.17,10.09,0.9,0.8,-0.2,중립,팽이도지,전고점부근,0.4,-0.57,2026-09-11
PGX,1.0,10.43,4244456,4227021,44.27,45.28,1.0,0.2,0.0,중립,팽이도지,잔구간,0.5,0.0,2026-09-11
PBYI,1.0,9.12,305140,305051,2.78,2.77,1.0,1.0,-1.5,중립,음봉,잔구간,0.54,-0.325,2026-09-11
PAYS,1.0,13.01,773820,794080,10.07,10.05,1.0,0.2,-2.7,중립,음봉,잔구간,0.14,-0.565,2026-09-11
PAYP,1.0,18.45,1420613,1399353,26.21,15.99,1.6,0.3,0.8,중립,위꼬리양봉,완만한상승,0.34,-0.29,2026-09-11
STTK,1.0,6.2,846933,840234,5.25,5.12,1.0,1.5,-0.6,중립,팽이도지,잔구간,0.45,-0.03,2026-09-11
STLN,1.0,6.17,790888,760851,4.88,6.22,0.8,1.3,-1.8,중립,음봉,잔구간,0.21,-0.525,2026-09-11
STDN,1.0,12.05,695339,687921,8.38,16.26,0.5,0.5,-1.6,매도주의,위꼬리음봉,전저점부근,0.03,-1.31,2026-09-11
ITUB,1.0,8.33,25160471,24725503,209.59,178.93,1.2,0.5,-0.1,강한매수,망치형,완만한상승,0.72,2.16,2026-09-11
IRD,1.0,6.04,4658018,4711852,28.13,42.44,0.7,1.5,-1.9,중립,팽이도지,잔구간,0.33,-0.1,2026-09-11
IONL,1.0,10.89,610077,585768,6.64,8.04,0.8,1.9,-3.1,중립,음봉,전저점부근,0.24,-0.26,2026-09-11
INFY,1.0,11.07,16799366,16005237,185.97,180.54,1.0,0.5,1.0,중립,양봉,잔구간,0.81,0.535,2026-09-11
SRTA,1.0,5.195,770733,782923,4.0,4.58,0.9,1.2,0.1,중립,위꼬리양봉,잔구간,0.26,-0.645,2026-09-11
AXTX,1.0,6.53,12571275,12099017,82.09,71.41,1.1,7.1,-6.4,중립,음봉,완만한상승,0.04,-0.35,2026-09-11
EGY,1.0,6.32,994537,1008975,6.29,6.58,1.0,-1.0,2.3,강한매수,장대양봉,완만한상승,1.0,3.5,2026-09-11
MATW,1.0,20.0,767056,762938,15.34,15.66,1.0,1.0,-1.2,중립,음봉,전저점부근,0.48,0.03,2026-09-11
MATV,1.0,11.94,428375,430753,5.11,6.0,0.9,1.7,-4.8,매도주의,장대음봉,잔구간,0.03,-1.28,2026-09-11
MAMA,1.0,14.72,795068,787792,11.7,11.26,1.0,1.7,-3.7,강한매도,장대음봉,전저점이탈,0.07,-3.27,2026-09-11
LYG,1.0,6.01,13652667,14370826,82.05,78.87,1.0,1.9,0.2,매수관심,양봉스프링,잔구간,0.89,0.985,2026-09-11
LYFT,1.0,15.32,8861340,9116031,135.76,172.55,0.8,0.8,1.2,중립,양봉,잔구간,0.95,0.62,2026-09-11
ESRT,1.0,4.28,3713253,3658738,15.89,14.3,1.1,0.9,0.0,매수관심,팽이도지,완만한상승,0.65,1.08,2026-09-11
PACK,1.0,3.95,451993,456053,1.79,1.88,1.0,3.0,-3.7,매도주의,장대음봉,전저점부근,0.21,-1.6,2026-09-11
COMP,1.0,10.51,11317238,11353146,118.94,122.95,1.0,2.0,1.7,매수관심,양봉,완만한상승,0.79,1.95,2026-09-11
AUPH,1.0,16.1,745441,737928,12.0,12.29,1.0,1.1,-1.1,매도주의,장대음봉,수횡파,0.15,-1.82,2026-09-11
ATS,1.0,19.2,384872,381724,7.39,6.25,1.2,1.5,-0.6,중립,음봉,완만한상승,0.41,0.09,2026-09-11
ASPN,1.0,4.91,688206,688947,3.38,3.48,1.0,1.3,1.9,중립,양봉,잔구간,0.67,0.45,2026-09-11
INFQ,1.0,13.12,6322004,6292702,82.94,104.86,0.8,0.9,0.3,매수관심,팽이도지,완만한상승,0.51,0.91,2026-09-11
INDP,1.0,2.77,1802258,1756447,4.99,3.73,1.3,5.5,2.6,매수관심,팽이도지,전고점돌파,0.65,1.68,2026-09-11
INDI,1.0,3.35,3699660,3636652,12.39,16.9,0.7,2.4,-1.2,중립,음봉,완만한상승,0.29,-0.05,2026-09-11
GNW,1.0,10.49,3673472,3795426,38.53,37.55,1.0,1.0,-0.8,중립,음봉,완만한상승,0.24,-0.11,2026-09-11
SVV,1.0,9.75,918532,881858,8.96,10.37,0.9,1.9,-0.7,중립,음봉,완만한상승,0.29,-0.05,2026-09-11
SUZ,1.0,9.36,3143890,3036340,29.43,28.8,1.0,0.7,-1.5,매도주의,장대음봉,잔구간,0.07,-1.26,2026-09-11
SUPV,1.0,8.5,325219,332867,2.76,4.58,0.6,1.9,-4.5,매도주의,장대음봉,전저점부근,0.13,-1.69,2026-09-11
STWD,1.0,15.62,3796262,3964310,59.3,64.25,0.9,0.3,-0.3,중립,팽이도지,완만한상승,0.28,0.64,2026-09-11
CODI,1.0,11.01,466115,454577,5.13,5.81,0.9,2.2,-1.7,매도주의,장대음봉,잔구간,0.24,-1.155,2026-09-11
METC,1.0,11.19,2448843,2336252,27.4,32.13,0.9,-0.5,-1.8,중립,망치형,전저점이탈,0.64,0.42,2026-09-11
MDXG,1.0,4.57,995845,1044622,4.55,4.62,1.0,0.9,-1.5,중립,음봉,잔구간,0.3,-0.47,2026-09-11
EIDO,1.0,12.75,950377,945040,12.12,15.92,0.8,-0.2,-0.6,강한매도,장대음봉,전저점이탈,0.0,-3.35,2026-09-11
OSPN,1.0,16.85,348651,338469,5.87,5.81,1.0,0.6,1.6,강한매수,양봉,전고점돌파,0.68,2.42,2026-09-11
CRCD,1.0,2.095,6353070,6314655,13.31,11.39,1.2,-3.1,2.2,매수관심,양봉스프링,잔구간,0.9,0.99,2026-09-11
TSLG,1.0,4.82,47457465,46489624,228.74,251.67,0.9,0.2,0.8,매수관심,팽이도지,완만한상승,0.51,0.91,2026-09-11
TRIN,1.0,17.93,966181,927989,17.32,17.28,1.0,0.7,-0.1,중립,망치형,잔구간,0.88,0.73,2026-09-11
ICL,1.0,5.66,1381571,1408504,7.82,7.17,1.1,-0.7,-0.4,중립,팽이도지,잔구간,0.25,-0.15,2026-09-11
GPK,1.0,9.5,6314029,6255755,59.98,58.2,1.0,1.6,-0.4,중립,팽이도지,잔구간,0.43,-0.04,2026-09-11
ARIS,1.0,19.54,1370945,1359244,26.79,27.96,1.0,2.4,-1.7,중립,음봉,완만한상승,0.2,-0.16,2026-09-11
TJGC,1.0,11.19,1794491,1818781,20.08,16.44,1.2,-0.2,5.1,강한매수,양봉,전고점돌파,0.7,2.44,2026-09-11
TDUP,1.0,2.61,1822483,1845137,4.76,5.62,0.8,1.9,-1.5,중립,음봉,완만한상승,0.33,-0.0,2026-09-11
NWBI,1.0,15.49,874981,884132,13.55,13.99,1.0,0.7,-0.7,중립,음봉,완만한상승,0.49,0.19,2026-09-11
NVOX,1.0,12.39,372690,360291,4.62,4.41,1.0,-3.9,-0.7,매도주의,팽이도지,전저점이탈,0.45,-0.81,2026-09-11
CTMX,1.0,3.29,2249983,2178207,7.4,11.97,0.6,0.9,-2.7,매도주의,음봉,전저점이탈,0.34,-1.64,2026-09-11
CSIQ,1.0,12.76,1701077,1671130,21.71,31.15,0.7,0.2,-2.3,중립,음봉,잔구간,0.11,-0.585,2026-09-11
CRON,1.0,3.14,710828,730443,2.23,3.43,0.7,0.6,-1.3,중립,음봉,잔구간,0.4,-0.41,2026-09-11
NVCR,1.0,15.51,1127182,1160278,17.48,16.8,1.0,1.0,0.1,중립,위꼬리양봉,잔구간,0.25,-0.65,2026-09-11
NVA,1.0,6.14,386852,404923,2.38,2.6,0.9,1.5,-0.8,매수관심,망치형,완만한상승,0.56,1.97,2026-09-11
MITK,1.0,17.22,537463,548785,9.26,11.19,0.8,0.8,-0.1,중립,팽이도지,잔구간,0.3,-0.12,2026-09-11
MICC,1.0,19.65,902688,865957,17.74,16.02,1.1,1.2,-0.5,중립,음봉,완만한상승,0.34,0.01,2026-09-11
MHD,1.0,11.07,489802,482238,5.42,4.99,1.1,0.6,-0.4,중립,음봉,잔구간,0.5,-0.35,2026-09-11
DSX,1.0,2.97,1227567,1235799,3.65,3.89,0.9,0.7,1.0,매수관심,양봉,완만한상승,0.44,1.53,2026-09-11
NUVB,1.0,6.07,4318563,4376466,26.21,28.24,0.9,1.3,-4.6,강한매도,장대음봉,전저점이탈,0.27,-3.03,2026-09-11
UROY,1.0,4.355,3099864,2992083,13.5,13.55,1.0,0.9,-4.1,중립,음봉,잔구간,0.04,-0.625,2026-09-11
HPK,1.0,8.47,322265,329636,2.73,2.84,1.0,-1.5,0.2,중립,팽이도지,잔구간,0.52,0.01,2026-09-11
UEC,1.0,10.45,8171908,7889835,85.4,99.37,0.9,2.1,-7.1,강한매도,장대음봉,전저점이탈,0.04,-3.3,2026-09-11
APPS,1.0,11.81,2564239,2497043,30.28,30.56,1.0,0.6,-0.5,강한매도,위꼬리음봉,전고점부근,0.23,-3.27,2026-09-11
ANNA,1.0,3.5,410755,399753,1.44,1.05,1.4,-2.0,2.9,강한매수,양봉,완만한상승,0.95,2.14,2026-09-11
ANIX,1.0,2.76,389372,404705,1.07,1.14,0.9,4.4,-3.8,매도주의,장대음봉,잔구간,0.25,-1.15,2026-09-11
TSSI,1.0,8.93,842011,855266,7.52,8.16,0.9,0.7,-0.6,중립,팽이도지,완만한상승,0.27,0.62,2026-09-11
NRDS,1.0,9.43,685350,653751,6.46,5.75,1.1,1.3,-0.1,중립,팽이도지,잔구간,0.43,-0.04,2026-09-11
NPWR,1.0,1.91,723988,711004,1.38,1.24,1.1,2.2,2.7,매수관심,양봉,완만한상승,0.73,1.88,2026-09-11
NPKI,1.0,13.26,606663,609420,8.04,10.74,0.7,1.4,-0.9,중립,음봉,완만한상승,0.25,-0.1,2026-09-11
MSOS,1.0,4.75,4608208,4400646,21.89,22.82,1.0,0.8,-2.5,강한매도,음봉,전저점이탈,0.0,-2.05,2026-09-11
MRAM,1.0,16.22,667002,672655,10.82,12.26,0.9,1.7,0.1,중립,팽이도지,완만한상승,0.35,0.72,2026-09-11
MNTK,1.0,2.64,461424,443767,1.22,0.89,1.4,2.0,1.5,매수관심,팽이도지,전고점돌파,0.62,1.64,2026-09-11
MLCO,1.0,5.05,1358880,1409698,6.86,8.69,0.8,0.2,0.6,매수관심,양봉,완만한상승,0.54,1.65,2026-09-11
CYRX,1.0,15.55,473832,469135,7.37,6.97,1.1,1.2,0.6,중립,위꼬리양봉,완만한상승,0.39,-0.23,2026-09-11
NEXT,1.0,7.64,2094959,2165627,16.01,16.73,1.0,-1.0,0.7,중립,팽이도지,잔구간,0.67,0.1,2026-09-11
NBIZ,1.0,6.0,7301337,7638474,43.81,44.51,1.0,-6.2,10.1,매수관심,장대양봉,잔구간,0.93,1.26,2026-09-11
NB,1.0,3.805,2397565,2317517,9.12,10.04,0.9,1.8,-1.9,매도주의,장대음봉,전저점부근,0.05,-1.79,2026-09-11
WWW,1.0,19.93,646282,619253,12.88,14.16,0.9,1.9,1.4,중립,양봉,잔구간,0.77,0.51,2026-09-11
ABR,1.0,4.72,3952390,4006522,18.66,18.36,1.0,0.8,-2.7,강한매도,장대음봉,전저점이탈,0.0,-3.35,2026-09-11
AAOG,1.0,2.37,2349620,2277794,5.57,5.68,1.0,3.3,0.0,중립,팽이도지,잔구간,0.25,-0.15,2026-09-11
ABAT,1.0,2.47,2598330,2718813,6.42,8.92,0.7,1.2,-4.6,강한매도,장대음봉,전저점이탈,0.07,-3.27,2026-09-11
XRAY,1.0,10.46,3252295,3342457,34.02,39.24,0.9,1.6,-2.0,중립,음봉,잔구간,0.41,-0.405,2026-09-11
YMAX,1.0,7.47,946837,952761,7.07,8.47,0.8,0.8,-0.3,매도주의,위꼬리음봉,완만한상승,0.0,-1.2,2026-09-11
ACHR,1.0,5.58,19933429,19673356,111.23,120.29,0.9,0.7,1.6,매수관심,양봉,완만한상승,0.61,1.73,2026-09-11
AADX,1.0,12.2,2160287,2136056,26.36,24.35,1.1,1.4,4.3,중립,양봉,잔구간,0.74,0.495,2026-09-11
ACDC,0.9,5.21,750979,833203,3.91,5.84,0.7,1.2,-0.8,매도주의,위꼬리음봉,완만한상승,0.14,-1.03,2026-09-11
ZURA,0.9,5.21,1421306,1504869,7.41,8.16,0.9,1.9,-4.9,강한매도,장대음봉,전저점이탈,0.14,-3.18,2026-09-11
ZGN,0.9,11.61,1462978,1637661,16.99,16.1,1.1,1.9,-2.0,매도주의,장대음봉,잔구간,0.33,-1.1,2026-09-11
AGNT,0.9,4.02,1482344,1675487,5.96,6.26,1.0,1.6,5.5,강한매수,장대양봉,완만한상승,0.81,3.27,2026-09-11
XHR,0.9,17.64,618302,704028,10.91,13.55,0.8,1.0,-0.8,중립,음봉,잔구간,0.14,-0.565,2026-09-11
AEVA,0.9,15.52,1372413,1449595,21.3,23.69,0.9,2.0,1.6,매수관심,양봉,완만한상승,0.57,1.68,2026-09-11
AES,0.9,14.79,7454574,7942253,110.25,105.51,1.0,0.1,-0.1,중립,음봉,잔구간,0.2,-0.53,2026-09-11
HLIT,0.9,12.0,1027953,1129877,12.34,13.65,0.9,2.2,0.8,중립,위꼬리양봉,완만한상승,0.33,-0.3,2026-09-11
BLZE,0.9,12.4,1359315,1465297,16.86,22.53,0.7,0.6,0.2,매수관심,팽이도지,완만한상승,0.66,1.09,2026-09-11
SERV,0.9,4.48,2662031,2844113,11.93,14.78,0.8,1.6,-0.2,매도주의,위꼬리음봉,잔구간,0.15,-0.96,2026-09-11
FUTG,0.9,4.23,456354,531897,1.93,4.02,0.5,1.7,-3.1,매도주의,장대음봉,전저점부근,0.18,-1.63,2026-09-11
KODK,0.9,9.31,612265,685027,5.7,8.53,0.7,1.5,2.8,매수관심,장대양봉,잔구간,0.98,1.29,2026-09-11
KYIV,0.9,13.61,359723,402578,4.9,6.43,0.8,1.0,-2.9,매도주의,장대음봉,잔구간,0.11,-1.235,2026-09-11
BORR,0.9,4.27,4800030,5518161,20.5,22.96,0.9,0.9,-3.2,매도주의,장대음봉,전저점부근,0.3,-1.49,2026-09-11
BRCB,0.9,8.48,341584,390561,2.9,3.99,0.7,1.9,-4.9,강한매도,장대음봉,전저점이탈,0.12,-3.21,2026-09-11
SGML,0.9,9.5,1574275,1807577,14.96,20.96,0.7,-1.1,-4.6,강한매도,장대음봉,전저점이탈,0.02,-3.33,2026-09-11
GEVO,0.9,1.57,1931098,2111511,3.03,3.3,0.9,0.0,-0.6,중립,망치형,잔구간,0.5,0.5,2026-09-11
JPC,0.9,7.15,1641909,1729701,11.74,11.42,1.0,0.4,-0.6,중립,음봉,잔구간,0.44,-0.385,2026-09-11
VIPS,0.9,12.47,2946046,3459604,36.74,44.89,0.8,1.0,-1.9,매도주의,장대음봉,전저점부근,0.06,-1.78,2026-09-11
AIRO,0.9,7.25,336833,361804,2.44,2.88,0.8,1.0,3.4,강한매수,장대양봉,완만한상승,0.81,3.27,2026-09-11
AIV,0.9,2.4,948711,1033144,2.28,4.01,0.6,0.4,-2.0,강한매도,장대음봉,전저점이탈,0.0,-3.35,2026-09-11
AKR,0.9,19.77,1224717,1343760,24.21,27.89,0.9,0.7,-1.4,강한매도,장대음봉,전저점이탈,0.18,-3.13,2026-09-11
ALIT,0.9,11.96,370260,415966,4.43,5.5,0.8,1.4,-2.1,중립,음봉,전저점부근,0.17,-0.35,2026-09-11
VLY,0.9,13.8,4020035,4718829,55.48,76.69,0.7,0.8,-1.1,중립,음봉,잔구간,0.24,-0.505,2026-09-11
VOXR,0.9,5.79,362065,381547,2.1,2.1,1.0,1.6,-0.7,중립,음봉,완만한상승,0.28,-0.06,2026-09-11
VYX,0.9,8.55,2335149,2599674,19.97,26.56,0.8,1.4,4.5,매수관심,장대양봉,잔구간,0.82,1.19,2026-09-11
DHC,0.9,7.5,1532706,1634545,11.5,11.38,1.0,0.9,-1.4,중립,음봉,잔구간,0.21,-0.525,2026-09-11
AMPL,0.9,12.59,1494974,1660287,18.82,24.69,0.8,0.2,0.8,중립,양봉,잔구간,0.64,0.435,2026-09-11
AMZD,0.9,8.526,8569588,9568827,73.06,91.14,0.8,-0.7,-1.3,매도주의,장대음봉,잔구간,0.14,-1.215,2026-09-11
NMZ,0.9,9.6,986703,1083313,9.47,10.09,0.9,0.5,0.1,매수관심,양봉스프링,잔구간,0.93,1.01,2026-09-11
KD,0.9,13.15,2777585,3104447,36.53,43.57,0.8,0.8,2.9,매수관심,장대양봉,잔구간,0.94,1.265,2026-09-11
KEP,0.9,12.21,1017463,1185792,12.42,12.68,1.0,3.4,-0.7,중립,음봉,잔구간,0.2,-0.53,2026-09-11
KLAR,0.9,13.83,5294374,5741419,73.22,107.74,0.7,1.1,-0.8,중립,음봉,잔구간,0.37,-0.43,2026-09-11
FSCO,0.9,5.2,759874,824967,3.95,4.35,0.9,0.4,-0.4,중립,음봉,완만한상승,0.5,0.2,2026-09-11
SHIP,0.9,18.41,391042,423290,7.2,6.83,1.1,0.0,0.9,매수관심,양봉,완만한상승,0.51,1.61,2026-09-11
BSCV,0.9,16.0,457496,523604,7.32,8.43,0.9,0.1,-0.2,매도주의,음봉,전저점이탈,0.17,-1.85,2026-09-11
BSIN,0.9,1.57,695766,775437,1.09,1.16,0.9,-0.6,-3.1,매도주의,장대음봉,잔구간,0.26,-1.145,2026-09-11
BTBT,0.9,1.59,29573354,32087593,47.02,46.88,1.0,1.9,0.0,중립,위꼬리양봉,완만한상승,0.15,-0.52,2026-09-11
RUN,0.9,8.56,6449640,7296795,55.21,60.3,0.9,1.7,-2.5,중립,음봉,잔구간,0.07,-0.61,2026-09-11
RYLD,0.9,15.97,415214,473429,6.63,8.27,0.8,0.6,-0.4,중립,음봉,완만한상승,0.04,-0.35,2026-09-11
S,0.9,19.75,5867982,6603082,115.89,211.26,0.5,0.0,-0.3,매도주의,위꼬리음봉,잔구간,0.06,-1.015,2026-09-11
NU,0.9,14.62,65672439,75786042,960.13,1080.28,0.9,0.5,-3.1,매도주의,장대음봉,잔구간,0.25,-1.15,2026-09-11
NUR,0.9,1.47,753667,805887,1.11,12.54,0.1,-2.1,6.5,중립,양봉,잔구간,0.62,0.42,2026-09-11
DUOT,0.9,8.26,639595,719725,5.28,7.42,0.7,1.1,0.9,매수관심,팽이도지,완만한상승,0.52,0.92,2026-09-11
DXC,0.9,11.39,1788026,1986772,20.37,25.83,0.8,0.5,2.7,강한매수,장대양봉,완만한상승,0.95,3.44,2026-09-11
MNR,0.9,12.57,307483,339423,3.87,4.37,0.9,-0.5,0.5,중립,양봉,잔구간,0.57,0.39,2026-09-11
MQ,0.9,16.33,571715,618333,9.34,11.26,0.8,0.5,0.6,매수관심,팽이도지,완만한상승,0.59,1.01,2026-09-11
MQY,0.9,10.6,637166,727935,6.75,6.65,1.0,0.4,0.3,중립,위꼬리양봉,잔구간,0.45,-0.53,2026-09-11
NNBR,0.9,3.58,910332,1058358,3.26,3.96,0.8,0.8,-0.3,중립,팽이도지,완만한상승,0.28,0.64,2026-09-11
NOMD,0.9,10.98,986219,1054307,10.83,13.91,0.8,0.8,-1.8,강한매도,장대음봉,전저점이탈,0.14,-3.18,2026-09-11
SID,0.9,1.27,8486570,9189707,10.78,9.02,1.2,-4.3,-3.8,매도주의,장대음봉,잔구간,0.33,-1.1,2026-09-11
SKHX,0.9,18.28,1967808,2149190,35.97,30.65,1.2,4.8,-3.3,중립,음봉,완만한상승,0.47,0.16,2026-09-11
BFLY,0.9,7.33,3423696,3725089,25.1,33.25,0.8,1.4,1.5,중립,양봉,잔구간,0.74,0.495,2026-09-11
BILI,0.9,15.54,3658010,3871977,56.85,74.18,0.8,0.2,0.3,중립,팽이도지,잔구간,0.68,0.11,2026-09-11
BTX,0.9,8.87,301436,351634,2.67,3.52,0.8,2.3,-1.6,매도주의,장대음봉,완만한상승,0.24,-1.41,2026-09-11
BZ,0.9,16.44,6584647,7024759,108.25,136.02,0.8,-0.2,0.4,중립,위꼬리양봉,잔구간,0.1,-0.74,2026-09-11
REI,0.9,1.53,3993479,4410111,6.11,5.68,1.1,-1.3,0.0,중립,팽이도지,잔구간,0.33,-0.1,2026-09-11
RKLX,0.9,14.39,2710880,3060400,39.01,38.03,1.0,0.8,2.1,중립,위꼬리양봉,완만한상승,0.32,-0.32,2026-09-11
OCSL,0.9,12.67,360608,412948,4.57,5.83,0.8,0.6,0.1,매수관심,양봉스프링,잔구간,0.86,0.965,2026-09-11
OCTV,0.9,17.73,2629660,2901861,46.62,49.8,0.9,0.3,2.5,매수관심,장대양봉,잔구간,0.83,1.2,2026-09-11
OGG,0.9,2.83,619039,707162,1.75,3.28,0.5,1.8,-1.4,중립,음봉,잔구간,0.2,-0.53,2026-09-11
HNRG,0.9,15.34,490893,571677,7.53,9.37,0.8,1.1,-2.7,강한매도,장대음봉,전저점이탈,0.02,-3.33,2026-09-11
HSAI,0.9,17.31,1044148,1128495,18.07,28.02,0.6,-1.0,0.5,매수관심,양봉스프링,잔구간,0.75,0.9,2026-09-11
HTLD,0.9,12.34,531426,603511,6.56,7.22,0.9,0.8,0.4,매수관심,팽이도지,완만한상승,0.69,1.13,2026-09-11
HTZ,0.9,2.04,10860380,12037264,22.16,33.48,0.7,1.0,-1.4,중립,음봉,전저점부근,0.43,-0.03,2026-09-11
GOOD,0.9,12.71,310822,339428,3.95,4.36,0.9,0.8,-1.3,매도주의,장대음봉,전저점부근,0.16,-1.66,2026-09-11
RPAY,0.9,3.56,322120,373142,1.15,1.51,0.8,1.7,-1.7,매도주의,장대음봉,완만한상승,0.25,-1.4,2026-09-11
RAMZ,0.9,15.09,391211,448105,5.9,7.22,0.8,-5.5,3.6,매수관심,장대양봉,잔구간,0.71,1.125,2026-09-11
RBBN,0.9,1.99,585226,618948,1.16,1.19,1.0,0.5,1.0,중립,위꼬리양봉,완만한상승,0.27,-0.38,2026-09-11
RCAT,0.9,7.96,5304279,5620185,42.22,48.71,0.9,0.4,-1.9,매도주의,음봉,전저점이탈,0.11,-1.92,2026-09-11
FRVO,0.9,15.59,6061402,6930170,94.5,181.5,0.5,0.9,-1.8,강한매수,망치형,전저점부근,0.65,2.9299999999999997,2026-09-11
KZIA,0.9,11.19,340791,367630,3.81,6.92,0.6,0.8,0.8,중립,팽이도지,잔구간,0.61,0.065,2026-09-11
LAB,0.9,0.69,1745577,2033539,1.2,1.32,0.9,1.3,-1.3,중립,음봉,완만한상승,0.39,0.07,2026-09-11
BCRX,0.9,8.12,3591765,4141347,29.17,38.56,0.8,0.1,-2.2,매도주의,장대음봉,잔구간,0.05,-1.27,2026-09-11
CRMD,0.9,7.825,820993,892749,6.42,7.34,0.9,1.0,-2.7,강한매도,장대음봉,전저점이탈,0.02,-3.33,2026-09-11
OIS,0.9,8.69,401603,427515,3.49,4.03,0.9,0.8,0.3,매수관심,양봉스프링,잔구간,0.84,0.955,2026-09-11
OLN,0.9,17.2,2378763,2541429,40.91,47.75,0.9,1.2,-1.8,중립,음봉,잔구간,0.16,-0.555,2026-09-11
OMAH,0.9,18.31,680317,730874,12.46,15.56,0.8,0.2,0.7,강한매수,장대양봉,완만한상승,0.93,3.42,2026-09-11
ANGO,0.9,15.27,341961,380433,5.22,5.23,1.0,1.3,-1.1,중립,음봉,잔구간,0.51,-0.345,2026-09-11
APLX,0.9,8.34,1132841,1201422,9.45,11.28,0.8,4.6,-0.4,매수관심,팽이도지,완만한상승,0.49,0.89,2026-09-11
TU,0.9,9.1,5355471,5872442,48.73,55.2,0.9,-0.4,0.6,중립,양봉,잔구간,0.51,0.355,2026-09-11
CRWG,0.9,19.47,1000159,1083660,19.47,22.69,0.9,4.0,-4.4,매도주의,장대음봉,잔구간,0.11,-1.235,2026-09-11
NXH,0.9,3.58,2197587,2541144,7.87,8.99,0.9,1.4,-0.6,중립,팽이도지,완만한상승,0.3,0.66,2026-09-11
NZF,0.9,11.52,914911,1025991,10.54,9.44,1.1,0.4,-0.3,매도주의,위꼬리음봉,잔구간,0.0,-1.05,2026-09-11
SMWB,0.9,8.07,597352,649391,4.82,6.72,0.7,-0.5,0.1,중립,팽이도지,잔구간,0.59,0.055,2026-09-11
SNAP,0.9,5.68,29155910,33136476,165.61,173.67,1.0,1.8,1.1,매수관심,팽이도지,완만한상승,0.62,1.04,2026-09-11
SNDG,0.9,9.44,5829286,6661424,55.03,72.37,0.8,2.8,-9.6,매도주의,장대음봉,잔구간,0.15,-1.21,2026-09-11
SNK,0.9,14.86,2868997,3302109,42.63,51.87,0.8,-2.3,-1.4,매도주의,위꼬리음봉,잔구간,0.13,-0.97,2026-09-11
JBI,0.9,4.59,1908742,2010279,8.76,9.95,0.9,2.8,-2.3,매도주의,장대음봉,완만한상승,0.24,-1.41,2026-09-11
JBLU,0.9,4.4,16943107,19363228,74.55,90.82,0.8,2.6,-2.3,매도주의,장대음봉,완만한상승,0.08,-1.6,2026-09-11
QBTZ,0.9,17.42,358412,384297,6.24,7.73,0.8,-1.2,-0.2,중립,팽이도지,잔구간,0.55,0.03,2026-09-11
ELPC,0.9,12.48,349754,396910,4.36,5.79,0.8,-0.3,-1.5,매도주의,장대음봉,잔구간,0.32,-1.11,2026-09-11
HYPD,0.9,3.49,500380,540455,1.75,2.45,0.7,5.0,-7.4,매도주의,장대음봉,잔구간,0.05,-1.27,2026-09-11
ICLN,0.9,17.92,7006531,7378073,125.56,148.97,0.8,1.0,-0.4,중립,음봉,완만한상승,0.26,-0.09,2026-09-11
TSHA,0.9,5.02,1777541,2049923,8.92,11.45,0.8,1.9,-4.6,매도주의,장대음봉,전저점부근,0.13,-1.69,2026-09-11
TSL,0.9,13.756,494129,564013,6.8,8.05,0.8,-0.1,0.7,매수관심,양봉,완만한상승,0.54,1.65,2026-09-11
COUR,0.9,5.22,3920886,4332617,20.47,27.19,0.8,0.4,-0.6,매도주의,위꼬리음봉,전저점부근,0.19,-1.12,2026-09-11
CRCT,0.9,5.62,646144,727521,3.63,4.02,0.9,1.3,1.6,중립,양봉,잔구간,0.52,0.36,2026-09-11
CRGY,0.9,14.66,5396775,6280804,79.12,77.44,1.0,-0.8,2.5,강한매수,장대양봉,전고점돌파,0.97,4.06,2026-09-11
CRK,0.9,14.78,2200424,2468026,32.52,50.58,0.6,-1.1,-1.7,중립,음봉,잔구간,0.21,-0.525,2026-09-11
RAM,0.9,13.41,8918535,9653001,119.6,125.75,1.0,5.2,-3.3,매도주의,장대음봉,완만한상승,0.3,-1.34,2026-09-11
JKS,0.9,11.45,808905,885937,9.26,11.5,0.8,1.5,-3.5,강한매도,장대음봉,전저점이탈,0.05,-3.29,2026-09-11
GBTG,0.9,9.46,1098179,1157726,10.39,22.89,0.5,0.1,-0.3,매도주의,장대음봉,잔구간,0.0,-1.3,2026-09-11
GCMG,0.9,12.84,303730,329416,3.9,5.86,0.7,1.5,-1.0,중립,음봉,잔구간,0.3,-0.47,2026-09-11
GDXD,0.9,17.42,3579335,3938692,62.35,75.68,0.8,-7.2,4.6,중립,양봉,잔구간,0.72,0.48,2026-09-11
GDXY,0.9,11.07,616368,698812,6.82,9.95,0.7,2.1,-1.2,중립,음봉,완만한상승,0.29,-0.05,2026-09-11
SNXX,0.9,15.27,56584198,63483664,864.04,989.76,0.9,2.5,-9.3,매도주의,장대음봉,잔구간,0.17,-1.2,2026-09-11
CARS,0.9,11.61,443185,512575,5.15,5.5,0.9,1.4,0.3,중립,위꼬리양봉,잔구간,0.39,-0.565,2026-09-11
CCOI,0.9,9.33,1924662,2211895,17.96,17.69,1.0,1.5,1.1,중립,팽이도지,잔구간,0.39,-0.065,2026-09-11
PURR,0.9,11.61,22047879,23259235,255.98,351.48,0.7,1.7,3.7,중립,위꼬리양봉,잔구간,0.35,-0.59,2026-09-11
ARRY,0.9,4.62,6018056,6387676,27.8,26.28,1.1,1.8,-0.2,매수관심,팽이도지,완만한상승,0.63,1.06,2026-09-11
TMQ,0.9,3.27,1329064,1500218,4.35,4.53,1.0,2.4,-3.5,매도주의,장대음봉,잔구간,0.0,-1.3,2026-09-11
OPTU,0.9,1.02,1507667,1656486,1.54,1.9,0.8,3.6,2.0,중립,위꼬리양봉,완만한상승,0.4,-0.22,2026-09-11
ORBS,0.9,0.973,11908635,13139536,11.59,12.81,0.9,4.7,-0.9,매도주의,위꼬리음봉,완만한상승,0.0,-1.2,2026-09-11
OSG,0.9,4.84,440745,500740,2.13,2.98,0.7,0.2,-3.2,매도주의,장대음봉,잔구간,0.13,-1.22,2026-09-11
QBTS,0.9,16.8,11953697,12904648,200.82,275.72,0.7,0.3,0.5,중립,팽이도지,잔구간,0.43,-0.04,2026-09-11
QBTX,0.9,6.0,2347464,2517424,14.08,16.24,0.9,0.5,1.0,중립,팽이도지,잔구간,0.49,-0.005,2026-09-11
FDMT,0.9,13.17,481189,554141,6.34,11.27,0.6,1.5,-3.8,매도주의,음봉,전저점이탈,0.21,-1.8,2026-09-11
AUTL,0.9,1.88,1724835,1873171,3.24,3.77,0.9,1.0,-5.1,강한매도,장대음봉,전저점이탈,0.09,-3.24,2026-09-11
AVAH,0.9,14.08,2372382,2714285,33.4,41.67,0.8,0.9,0.7,중립,위꼬리양봉,완만한상승,0.3,-0.34,2026-09-11
AXTL,0.9,2.52,1007778,1092232,2.54,2.63,1.0,6.2,-5.6,중립,음봉,완만한상승,0.0,-0.4,2026-09-11
CFFN,0.9,8.82,672414,783594,5.93,6.55,0.9,0.9,-0.7,중립,음봉,완만한상승,0.42,0.1,2026-09-11
CIEG,0.9,4.11,609410,674932,2.5,2.73,0.9,2.8,5.4,중립,양봉,잔구간,0.65,0.44,2026-09-11
CIFR,0.9,16.85,34342888,38546467,578.68,528.49,1.1,1.1,4.5,매수관심,양봉,완만한상승,0.59,1.71,2026-09-11
PTLO,0.9,4.09,1017082,1084678,4.16,5.25,0.8,1.5,-1.7,중립,음봉,잔구간,0.26,-0.495,2026-09-11
CLBT,0.9,11.23,2367108,2513648,26.58,27.09,1.0,0.8,-1.7,중립,음봉,잔구간,0.4,-0.41,2026-09-11
CLYM,0.9,14.25,1378431,1564915,19.64,28.34,0.7,1.7,-6.3,매도주의,장대음봉,잔구간,0.12,-1.23,2026-09-11
PBI,0.9,17.06,1250992,1458709,21.34,26.15,0.8,1.0,-0.5,중립,음봉,완만한상승,0.43,0.12,2026-09-11
EMBC,0.9,4.94,1133390,1331622,5.6,7.93,0.7,0.8,0.2,중립,팽이도지,완만한상승,0.34,0.71,2026-09-11
ENIC,0.9,4.38,437115,472149,1.91,3.91,0.5,0.7,-2.4,매도주의,장대음봉,잔구간,0.2,-1.18,2026-09-11
MDU,0.9,19.2,1485722,1622975,28.53,33.45,0.9,0.8,-1.0,중립,음봉,잔구간,0.34,-0.445,2026-09-11
COHH,0.9,6.525,806236,904264,5.26,5.29,1.0,6.8,1.0,매수관심,팽이도지,완만한상승,0.62,1.04,2026-09-11
OVID,0.9,2.69,1147532,1312854,3.09,3.83,0.8,3.8,-1.5,중립,음봉,잔구간,0.56,-0.315,2026-09-11
INN,0.9,5.59,687437,743023,3.84,4.76,0.8,1.1,-2.4,중립,음봉,잔구간,0.04,-0.625,2026-09-11
INTR,0.9,5.71,3501513,4085259,19.99,23.42,0.9,0.0,-1.2,중립,음봉,잔구간,0.43,-0.39,2026-09-11
IRWD,0.9,4.08,1249559,1325874,5.1,6.29,0.8,1.5,1.2,중립,양봉,잔구간,0.85,0.56,2026-09-11
LOMA,0.9,9.75,303640,338718,2.96,3.41,0.9,0.9,-4.2,강한매도,장대음봉,전저점이탈,0.2,-3.11,2026-09-11
EVEX,0.9,2.11,758899,824985,1.6,2.01,0.8,1.9,-1.4,중립,음봉,완만한상승,0.22,-0.14,2026-09-11
PLTD,0.9,5.4,21029849,24629579,113.56,137.0,0.8,-1.3,0.6,중립,위꼬리양봉,잔구간,0.36,-0.585,2026-09-11
PNNT,0.9,3.58,467033,499623,1.67,2.17,0.8,1.7,-0.6,중립,음봉,잔구간,0.64,-0.265,2026-09-11
SVRA,0.9,5.3,1063668,1228653,5.64,7.18,0.8,1.1,-1.5,매도주의,장대음봉,잔구간,0.24,-1.155,2026-09-11
PICS,0.9,10.21,408484,464731,4.17,5.76,0.7,2.1,-4.8,강한매도,장대음봉,전저점이탈,0.13,-3.19,2026-09-11
TFSL,0.9,17.01,555293,624243,9.45,12.58,0.8,0.3,-0.7,중립,음봉,잔구간,0.26,-0.495,2026-09-11
TH,0.9,19.25,1459979,1565380,28.1,47.78,0.6,1.6,-0.9,매수관심,망치형,완만한상승,0.57,1.98,2026-09-11
TIC,0.9,9.56,942563,1105898,9.01,11.61,0.8,1.6,1.5,매수관심,양봉,완만한상승,0.65,1.78,2026-09-11
TLK,0.9,14.94,513978,542073,7.68,7.65,1.0,0.4,-0.7,매도주의,장대음봉,잔구간,0.21,-1.175,2026-09-11
PAR,0.9,18.0,687062,796039,12.37,14.49,0.9,0.9,1.3,강한매수,양봉,완만한상승,0.98,2.18,2026-09-11
GLNK,0.9,10.27,321778,375085,3.3,3.76,0.9,0.1,-0.5,매도주의,위꼬리음봉,잔구간,0.12,-0.98,2026-09-11
GME.WS,0.9,2.35,920971,984651,2.16,3.14,0.7,18.5,-14.5,매도주의,장대음봉,완만한상승,0.14,-1.53,2026-09-11
GMEU,0.9,6.87,797832,899348,5.48,4.54,1.2,5.9,1.0,매수관심,팽이도지,전고점돌파,0.61,1.63,2026-09-11
IMMX,0.9,12.14,1190506,1353367,14.45,18.01,0.8,1.3,-5.6,중립,음봉,잔구간,0.09,-0.595,2026-09-11
IMTX,0.9,8.79,527249,598338,4.63,6.32,0.7,1.0,-0.6,중립,망치형,잔구간,0.66,0.595,2026-09-11
IMUX,0.9,11.42,332732,379193,3.8,4.59,0.8,0.8,-4.3,강한매도,장대음봉,전저점이탈,0.26,-3.04,2026-09-11
SWIM,0.9,6.32,854693,910383,5.4,6.09,0.9,2.5,-2.6,중립,음봉,잔구간,0.29,-0.475,2026-09-11
ASLE,0.9,5.43,390998,417510,2.12,2.54,0.8,1.1,0.0,매수관심,팽이도지,완만한상승,0.5,0.9,2026-09-11
ASTL,0.9,4.26,673687,730947,2.87,3.71,0.8,0.7,-1.6,중립,음봉,잔구간,0.44,-0.385,2026-09-11
PDO,0.9,12.36,986086,1045952,12.19,12.33,1.0,-0.6,-0.3,매도주의,위꼬리음봉,전저점부근,0.05,-1.29,2026-09-11
PEPG,0.9,2.98,683010,743578,2.04,2.16,0.9,0.3,-1.7,중립,음봉,잔구간,0.2,-0.53,2026-09-11
PFLT,0.9,7.12,692045,734046,4.93,5.41,0.9,1.0,-0.4,중립,망치형,잔구간,0.55,0.53,2026-09-11
HL,0.9,19.78,23113172,26520179,457.18,547.93,0.8,1.8,-3.0,매도주의,장대음봉,잔구간,0.08,-1.25,2026-09-11
AI,0.9,10.54,5132587,5901186,54.1,67.71,0.8,0.5,0.2,중립,팽이도지,완만한상승,0.3,0.66,2026-09-11
WRN,0.9,2.41,1002522,1079954,2.42,2.58,0.9,2.5,-1.6,중립,음봉,완만한상승,0.07,-0.32,2026-09-11
WSE,0.9,12.02,1426242,1612284,17.14,18.76,0.9,0.7,0.1,중립,팽이도지,잔구간,0.5,0.0,2026-09-11
XIFR,0.9,11.4,473408,503858,5.4,8.36,0.6,1.0,-1.6,매도주의,장대음봉,전저점부근,0.0,-1.85,2026-09-11
XMAX,0.9,8.55,511183,559465,4.37,4.89,0.9,0.6,-0.5,중립,음봉,잔구간,0.3,-0.47,2026-09-11
XP,0.9,19.86,8036493,8945711,159.6,158.17,1.0,0.4,-0.9,중립,음봉,잔구간,0.62,-0.28,2026-09-11
ZNTL,0.9,3.51,787858,881005,2.77,3.05,0.9,1.1,-3.3,매도주의,음봉,전저점이탈,0.22,-1.79,2026-09-11
AAPD,0.9,10.47,13227315,15373906,138.49,161.11,0.9,-0.3,-1.5,매도주의,음봉,전저점이탈,0.39,-1.58,2026-09-11
ABTC,0.9,8.32,1424528,1582077,11.85,15.42,0.8,0.6,3.0,중립,위꼬리양봉,완만한상승,0.31,-0.33,2026-09-11
SAN,0.9,14.96,6576632,7383211,98.39,123.42,0.8,1.8,0.4,중립,양봉,잔구간,1.0,0.65,2026-09-11
SANA,0.9,3.13,3280174,3628325,10.27,11.3,0.9,1.3,0.0,매수관심,양봉스프링,잔구간,0.77,0.91,2026-09-11
SBGI,0.9,13.9,358899,382391,4.99,5.63,0.9,1.2,-0.6,중립,팽이도지,잔구간,0.4,-0.06,2026-09-11
SBS,0.9,5.29,6871958,7368356,36.35,59.85,0.6,0.6,-1.1,매도주의,장대음봉,잔구간,0.33,-1.1,2026-09-11
DHY,0.9,1.68,868825,968368,1.46,1.4,1.0,0.0,-0.6,중립,음봉,전저점부근,0.0,-0.55,2026-09-11
NCMI,0.9,2.42,527467,587724,1.28,2.2,0.6,1.2,-2.8,중립,음봉,잔구간,0.32,-0.46,2026-09-11
NIQ,0.9,17.84,914397,1009715,16.31,20.7,0.8,0.9,0.2,중립,팽이도지,잔구간,0.7,0.12,2026-09-11
DNP,0.9,10.57,586331,623497,6.2,6.97,0.9,0.4,-0.8,매도주의,음봉,전저점이탈,0.27,-1.73,2026-09-11
MUZ,0.9,8.52,8488982,9409528,72.33,84.2,0.9,-2.6,3.5,매수관심,장대양봉,잔구간,0.68,1.11,2026-09-11
HAFN,0.9,9.38,2533655,2890102,23.77,21.56,1.1,-0.4,0.6,중립,위꼬리양봉,완만한상승,0.25,-0.4,2026-09-11
HE,0.9,10.38,2572742,2711815,26.71,29.08,0.9,1.1,-1.9,매도주의,장대음봉,잔구간,0.15,-1.21,2026-09-11
GTM,0.8,3.8,3410177,4370618,12.96,20.53,0.6,1.6,-1.6,중립,음봉,완만한상승,0.25,-0.1,2026-09-11
DFNS,0.8,9.59,475463,574005,4.56,9.62,0.5,-3.5,0.9,중립,위꼬리양봉,잔구간,0.3,-0.62,2026-09-11
MUD,0.8,10.19,4849000,5856251,49.41,57.87,0.9,-1.1,1.7,매수관심,장대양봉,잔구간,0.68,1.11,2026-09-11
MUA,0.8,9.81,308231,364684,3.02,3.91,0.8,-0.2,0.6,매수관심,장대양봉,잔구간,0.88,1.23,2026-09-11
MTRX,0.8,10.61,347254,436639,3.68,4.69,0.8,1.4,1.0,중립,위꼬리양봉,완만한상승,0.38,-0.24,2026-09-11
DRTS,0.8,14.43,410398,509822,5.92,11.12,0.5,0.3,-0.4,중립,망치형,잔구간,0.69,0.615,2026-09-11
NEOG,0.8,11.78,1666257,2126386,19.63,26.47,0.7,1.4,-1.3,중립,음봉,완만한상승,0.33,-0.0,2026-09-11
NEO,0.8,17.32,1072053,1344672,18.57,33.22,0.6,1.4,-3.0,매도주의,장대음봉,잔구간,0.15,-1.21,2026-09-11
NAK,0.8,1.41,2870329,3526673,4.05,5.58,0.7,1.4,-4.7,강한매도,장대음봉,전저점이탈,0.18,-3.13,2026-09-11
SBH,0.8,15.96,956899,1131077,15.27,17.67,0.9,1.8,-0.7,중립,음봉,잔구간,0.44,-0.385,2026-09-11
AAOX,0.8,10.68,4596053,6096713,49.09,65.13,0.8,2.5,0.9,중립,위꼬리양봉,잔구간,0.26,-0.645,2026-09-11
PERI,0.8,9.19,303526,400097,2.79,4.24,0.7,0.9,0.3,중립,위꼬리양봉,잔구간,0.31,-0.615,2026-09-11
PDBC,0.8,19.79,4246121,5112489,84.03,110.99,0.8,-1.6,0.3,중립,양봉,잔구간,0.76,0.505,2026-09-11
PD,0.8,14.09,1307719,1577134,18.43,27.07,0.7,-0.9,3.4,강한매수,장대양봉,완만한상승,0.85,3.32,2026-09-11
GILT,0.8,9.89,399435,490866,3.95,5.37,0.7,1.3,2.4,매수관심,장대양봉,잔구간,0.89,1.235,2026-09-11
MAT,0.8,14.01,2786273,3630879,39.04,46.01,0.8,0.4,1.1,매수관심,양봉,완만한상승,0.64,1.77,2026-09-11
EOSE,0.8,3.95,19625270,24025869,77.52,101.69,0.8,1.5,-2.5,중립,음봉,잔구간,0.18,-0.54,2026-09-11
TIGR,0.8,4.83,1599961,1923682,7.73,11.51,0.7,0.4,-1.8,매도주의,장대음봉,잔구간,0.0,-1.3,2026-09-11
TE,0.8,4.61,14260710,18252023,65.74,100.93,0.7,2.4,-1.7,중립,음봉,완만한상승,0.18,-0.18,2026-09-11
TDOC,0.8,6.16,2566157,3368095,15.81,21.62,0.7,0.0,1.1,중립,양봉,잔구간,0.77,0.51,2026-09-11
TALO,0.8,17.68,1249736,1562189,22.1,29.84,0.7,0.7,0.1,강한매수,양봉스프링,완만한상승,0.91,2.89,2026-09-11
SY,0.8,2.71,466272,618629,1.26,5.55,0.2,1.1,2.3,매수관심,양봉,완만한상승,0.65,1.78,2026-09-11
ATOM,0.8,4.15,314132,417893,1.3,1.86,0.7,2.2,-0.2,매도주의,위꼬리음봉,완만한상승,0.14,-1.03,2026-09-11
PLAY,0.8,8.14,1461944,1924807,11.9,16.98,0.7,1.6,-1.9,중립,음봉,잔구간,0.27,-0.49,2026-09-11
PGEN,0.8,6.85,2061200,2704373,14.12,21.15,0.7,1.3,1.2,중립,양봉,잔구간,0.56,0.385,2026-09-11
PLX,0.8,2.64,646807,823121,1.71,2.01,0.8,0.4,-3.6,매도주의,장대음봉,잔구간,0.19,-1.185,2026-09-11
LUNR,0.8,14.35,5527022,6786323,79.31,86.16,0.9,-0.1,-1.7,중립,음봉,전저점부근,0.12,-0.41,2026-09-11
LOFF,0.8,17.2,1498773,1846190,25.78,32.53,0.8,2.2,1.4,강한매수,양봉스프링,완만한상승,0.88,2.86,2026-09-11
SVM,0.8,11.91,1485850,1842500,17.7,26.18,0.7,1.2,-2.9,중립,음봉,잔구간,0.18,-0.54,2026-09-11
STNE,0.8,10.1,4669758,5698263,47.16,78.53,0.6,0.2,-2.1,중립,음봉,잔구간,0.34,-0.445,2026-09-11
JACK,0.8,14.78,452374,549626,6.69,8.5,0.8,2.0,-1.2,중립,망치형,잔구간,0.57,0.54,2026-09-11
IRE,0.8,10.82,5689815,7342060,61.56,77.63,0.8,4.5,-3.5,중립,음봉,완만한상승,0.29,-0.05,2026-09-11
INMD,0.8,14.9,450769,572064,6.72,8.53,0.8,0.1,0.8,중립,양봉,잔구간,0.86,0.565,2026-09-11
OXLC,0.8,9.57,500828,614634,4.79,6.9,0.7,0.3,0.0,매수관심,팽이도지,완만한상승,0.7,1.14,2026-09-11
CORZ,0.8,17.94,8983898,11524000,161.17,203.51,0.8,1.2,2.1,매수관심,양봉,완만한상승,0.48,1.58,2026-09-11
CONY,0.8,19.46,403830,527137,7.86,10.17,0.8,1.5,0.1,중립,위꼬리양봉,잔구간,0.24,-0.655,2026-09-11
METD,0.8,14.71,687697,867718,10.12,12.07,0.8,-1.3,0.8,매수관심,양봉스프링,잔구간,0.92,1.0,2026-09-11
MCHB,0.8,15.37,367889,456216,5.65,7.05,0.8,1.2,-1.5,중립,음봉,잔구간,0.2,-0.53,2026-09-11
CMPS,0.8,14.35,2015599,2625011,28.92,38.2,0.8,-0.6,1.6,매수관심,양봉,완만한상승,0.42,1.5,2026-09-11
CMBT,0.8,19.48,1057516,1340135,20.6,24.85,0.8,-0.7,1.2,매수관심,양봉,완만한상승,0.68,1.82,2026-09-11
CLB,0.8,12.5,333220,404713,4.17,5.27,0.8,0.5,-0.7,중립,음봉,잔구간,0.38,-0.42,2026-09-11
CERT,0.8,7.55,1487180,1825286,11.23,15.35,0.7,1.2,0.5,매수관심,양봉스프링,잔구간,0.89,0.985,2026-09-11
BABX,0.8,16.93,401202,475292,6.79,11.16,0.6,2.4,-1.1,중립,음봉,잔구간,0.06,-0.615,2026-09-11
SPIR,0.8,11.42,429850,517993,4.91,7.01,0.7,0.6,0.6,중립,팽이도지,잔구간,0.7,0.12,2026-09-11
SPCU,0.8,13.63,1451143,1744406,19.78,20.23,1.0,2.2,1.3,강한매수,양봉스프링,완만한상승,0.88,2.86,2026-09-11
F,0.8,13.97,39394559,47326141,550.34,657.89,0.8,1.5,-0.9,중립,음봉,완만한상승,0.36,0.03,2026-09-11
LCID,0.8,4.22,7632557,9833685,32.21,58.51,0.6,1.2,-0.2,매도주의,위꼬리음봉,잔구간,0.25,-0.9,2026-09-11
CNNE,0.8,15.41,403424,516311,6.22,7.35,0.8,1.1,0.5,매수관심,양봉,완만한상승,0.65,1.78,2026-09-11
CNDT,0.8,1.57,1034206,1221763,1.62,1.81,0.9,0.0,-0.6,중립,팽이도지,잔구간,0.56,0.035,2026-09-11
CMRE,0.8,15.28,331750,391881,5.07,5.68,0.9,0.1,1.0,강한매수,장대양봉,완만한상승,0.86,3.33,2026-09-11
OPRT,0.8,7.87,356165,428819,2.8,2.7,1.0,2.3,0.4,매수관심,팽이도지,완만한상승,0.69,1.13,2026-09-11
GPRE,0.8,14.9,1284544,1560420,19.14,28.11,0.7,0.5,-3.3,매도주의,장대음봉,잔구간,0.2,-1.18,2026-09-11
ARMG,0.8,18.85,646770,787833,12.19,11.15,1.1,2.8,5.5,강한매수,양봉,완만한상승,0.83,2.0,2026-09-11
AREC,0.8,2.14,1312602,1545871,2.81,3.62,0.8,0.5,-2.7,매도주의,음봉,전저점이탈,0.19,-1.82,2026-09-11
ARCO,0.8,8.01,870571,1063119,6.97,8.28,0.8,1.4,-2.0,중립,음봉,잔구간,0.66,-0.255,2026-09-11
ARBE,0.8,0.784,1484260,1934439,1.16,9.2,0.1,2.8,0.5,중립,팽이도지,완만한상승,0.39,0.77,2026-09-11
PAGS,0.8,10.12,2852493,3606225,28.87,28.12,1.0,-0.2,0.1,강한매도,위꼬리양봉,전고점부근,0.28,-2.71,2026-09-11
PACB,0.8,1.3,3733941,4432864,4.85,6.86,0.7,1.6,0.8,중립,위꼬리양봉,수횡파,0.5,-0.4,2026-09-11
SPCF,0.8,17.12,1285832,1597978,22.01,27.24,0.8,2.2,1.4,강한매수,양봉스프링,완만한상승,0.88,2.86,2026-09-11
GAU,0.8,2.16,2058580,2561454,4.45,6.26,0.7,1.4,-1.4,중립,음봉,완만한상승,0.13,-0.24,2026-09-11
QVCG,0.8,16.85,301483,359411,5.08,7.05,0.7,0.0,0.5,매수관심,팽이도지,완만한상승,0.52,0.92,2026-09-11
QUBT,0.8,7.99,4766489,5879298,38.08,50.93,0.7,1.5,0.6,매수관심,팽이도지,완만한상승,0.54,0.95,2026-09-11
QS,0.8,5.28,7424638,9659289,39.2,66.77,0.6,1.5,0.4,강한매수,양봉스프링,완만한상승,0.77,2.72,2026-09-11
QNST,0.8,18.38,618169,787133,11.36,17.11,0.7,0.9,1.0,중립,위꼬리양봉,잔구간,0.3,-0.62,2026-09-11
CRDL,0.8,1.995,1243440,1510079,2.48,3.31,0.7,2.5,-1.7,중립,음봉,완만한상승,0.38,0.06,2026-09-11
TRX,0.8,1.13,1850934,2198518,2.09,2.9,0.7,3.6,-1.7,중립,음봉,완만한상승,0.2,-0.16,2026-09-11
TROX,0.8,4.42,2077529,2636404,9.18,12.32,0.7,0.9,-4.5,강한매도,장대음봉,전저점이탈,0.15,-3.17,2026-09-11
IHS,0.8,8.47,1241663,1533623,10.52,12.64,0.8,0.1,-0.1,중립,음봉,완만한상승,0.4,0.08,2026-09-11
HUN,0.8,9.54,1638555,1993451,15.63,19.47,0.8,1.6,-1.4,중립,음봉,완만한상승,0.22,-0.14,2026-09-11
HUMA,0.8,0.568,2264995,2945115,1.29,3.41,0.4,1.6,-1.4,중립,음봉,잔구간,0.3,-0.47,2026-09-11
EMAT,0.8,3.08,651220,789515,2.01,3.66,0.5,0.6,-0.6,매도주의,위꼬리음봉,잔구간,0.25,-0.9,2026-09-11
LHSW,0.8,0.482,2881673,3430347,1.39,6.22,0.2,-12.3,-15.4,중립,음봉,전저점부근,0.31,-0.18,2026-09-11
LFTO,0.8,18.35,516584,676018,9.48,11.1,0.9,1.8,2.7,중립,양봉,잔구간,0.7,0.47,2026-09-11
FLNC,0.8,9.93,4957056,6181340,49.22,59.52,0.8,1.1,1.3,매수관심,양봉,완만한상승,0.43,1.52,2026-09-11
FLG,0.8,13.18,2829929,3518801,37.3,48.86,0.8,2.8,-3.4,매도주의,장대음봉,잔구간,0.22,-1.17,2026-09-11
FIP,0.8,3.31,799907,966345,2.65,3.39,0.8,1.2,-0.9,중립,음봉,완만한상승,0.47,0.16,2026-09-11
FFAI,0.8,1.67,736738,941843,1.23,1.93,0.6,1.8,-4.0,중립,음봉,전저점부근,0.07,-0.47,2026-09-11
JBGS,0.8,11.37,601067,772717,6.83,9.69,0.7,0.2,0.8,중립,양봉,잔구간,0.7,0.47,2026-09-11
JANX,0.8,17.1,791602,1020987,13.54,18.12,0.7,1.4,-4.6,강한매도,장대음봉,전저점이탈,0.06,-3.28,2026-09-11
SNDX,0.8,18.18,1223261,1506200,22.24,27.8,0.8,1.0,-4.4,강한매도,장대음봉,전저점이탈,0.16,-3.16,2026-09-11
NWL,0.8,5.85,5528172,7306013,32.34,47.08,0.7,0.9,-1.2,중립,음봉,잔구간,0.66,-0.255,2026-09-11
NVD,0.8,3.99,74580383,87957458,297.58,401.49,0.7,-2.0,2.3,강한매수,장대양봉,완만한상승,0.93,3.42,2026-09-11
UNIT,0.8,10.07,1515290,1899967,15.26,18.66,0.8,1.4,0.6,매수관심,양봉,완만한상승,0.55,1.66,2026-09-11
UNG,0.8,10.17,11804212,15303661,120.05,146.2,0.8,-1.0,0.8,중립,양봉,잔구간,0.61,0.415,2026-09-11
ONDL,0.8,5.24,556786,709666,2.92,7.14,0.4,-0.8,-0.2,중립,팽이도지,잔구간,0.28,-0.13,2026-09-11
OMER,0.8,18.28,1014308,1198653,18.54,25.51,0.7,0.8,-2.5,매도주의,장대음봉,전저점부근,0.0,-1.85,2026-09-11
BBNX,0.8,16.57,726146,929272,12.03,16.51,0.7,-0.0,-0.1,강한매수,망치형,전저점부근,0.84,3.16,2026-09-11
BBDC,0.8,8.77,519298,619696,4.55,7.0,0.7,0.9,-0.2,중립,팽이도지,잔구간,0.52,0.01,2026-09-11
LAES,0.8,2.38,3875505,4723665,9.22,13.58,0.7,1.7,-1.7,중립,음봉,완만한상승,0.11,-0.27,2026-09-11
FRSH,0.8,11.89,3016173,3563348,35.86,53.36,0.7,0.0,0.2,중립,팽이도지,잔구간,0.49,-0.005,2026-09-11
FRNM,0.8,14.37,538461,683276,7.74,13.95,0.6,0.4,-3.2,강한매도,장대음봉,전저점이탈,0.0,-3.35,2026-09-11
FOXF,0.8,19.83,350589,432857,6.95,8.0,0.9,1.3,-0.3,매수관심,팽이도지,완만한상승,0.51,0.91,2026-09-11
FNB,0.8,18.31,2602539,3373347,47.65,61.95,0.8,1.2,-0.9,중립,음봉,완만한상승,0.54,0.25,2026-09-11
RNW,0.8,6.83,1744458,2268894,11.91,16.93,0.7,-0.1,-0.1,매도주의,장대음봉,잔구간,0.0,-1.3,2026-09-11
NTLA,0.8,11.74,2713508,3585233,31.86,41.62,0.8,1.4,-3.0,매도주의,장대음봉,잔구간,0.1,-1.24,2026-09-11
USAS,0.8,5.05,3054057,3817091,15.42,22.67,0.7,2.4,-3.1,매도주의,장대음봉,잔구간,0.15,-1.21,2026-09-11
USA,0.8,5.88,951992,1216505,5.6,6.57,0.9,0.9,-0.3,중립,음봉,잔구간,0.25,-0.5,2026-09-11
UPBD,0.8,18.31,636465,757249,11.65,15.08,0.8,2.0,-1.3,매도주의,장대음봉,완만한상승,0.32,-1.32,2026-09-11
HR,0.8,18.9,2432607,3111291,45.98,63.53,0.7,0.5,-0.4,중립,팽이도지,잔구간,0.35,-0.09,2026-09-11
HNST,0.8,5.41,1908357,2347141,10.32,13.01,0.8,2.1,-0.2,강한매수,망치형,완만한상승,0.75,2.2,2026-09-11
OBDC,0.8,11.08,2117097,2518293,23.46,33.28,0.7,0.8,-0.6,중립,음봉,잔구간,0.2,-0.53,2026-09-11
OABI,0.8,4.07,1315827,1548898,5.36,8.03,0.7,0.5,2.5,중립,양봉,잔구간,0.82,0.54,2026-09-11
RIG,0.8,5.67,34583713,44856991,196.09,244.62,0.8,0.0,-1.7,중립,음봉,전저점부근,0.33,-0.15,2026-09-11
BVS,0.8,12.98,421805,515261,5.48,7.37,0.7,1.7,-2.3,강한매도,장대음봉,전저점이탈,0.14,-3.18,2026-09-11
BB,0.8,7.67,6896835,8380266,52.9,79.34,0.7,1.1,0.7,매수관심,양봉,완만한상승,0.54,1.65,2026-09-11
SLI,0.8,2.23,864325,1099881,1.93,3.93,0.5,0.7,-2.4,매도주의,장대음봉,전저점부근,0.11,-1.72,2026-09-11
SLDP,0.8,2.53,2351749,2849682,5.95,6.91,0.9,1.6,0.8,강한매수,양봉,완만한상승,0.86,2.03,2026-09-11
BETR,0.8,12.95,312781,369725,4.05,7.08,0.6,1.4,-3.3,중립,음봉,잔구간,0.01,-0.645,2026-09-11
SKHL,0.8,11.86,1394965,1754294,16.54,14.42,1.1,4.7,-2.6,중립,음봉,완만한상승,0.54,0.25,2026-09-11
SIDU,0.8,2.0,2806205,3434852,5.61,6.89,0.8,2.5,-2.4,매도주의,장대음봉,수횡파,0.27,-1.68,2026-09-11
ALT,0.8,3.27,2704721,3334051,8.84,11.17,0.8,1.2,-1.8,중립,음봉,잔구간,0.07,-0.61,2026-09-11
USOY,0.8,7.754,341862,424210,2.65,2.73,1.0,-2.6,0.3,매수관심,양봉스프링,잔구간,0.94,1.015,2026-09-11
NNDM,0.8,1.53,1898336,2384773,2.9,3.14,0.9,-0.7,1.3,매수관심,양봉,완만한상승,0.44,1.53,2026-09-11
MOMO,0.8,4.95,911672,1205566,4.51,5.78,0.8,0.4,-2.2,강한매도,장대음봉,전저점이탈,0.04,-3.3,2026-09-11
MNKD,0.8,3.75,2469876,3008571,9.26,12.06,0.8,1.1,-2.1,매도주의,장대음봉,전저점부근,0.17,-1.65,2026-09-11
MGNX,0.8,4.0,381932,460692,1.53,2.02,0.8,1.3,-0.5,중립,팽이도지,잔구간,0.5,0.0,2026-09-11
NUS,0.8,4.85,421612,549890,2.04,2.71,0.8,2.0,-2.6,매도주의,장대음봉,잔구간,0.19,-1.185,2026-09-11
RXO,0.8,19.49,1267542,1685428,24.7,30.22,0.8,1.7,-1.8,중립,음봉,잔구간,0.2,-0.53,2026-09-11
BTE,0.8,5.03,12786461,16064570,64.32,78.6,0.8,-1.0,0.8,매수관심,양봉스프링,잔구간,1.0,1.05,2026-09-11
SHLS,0.8,7.3,3638190,4424254,26.56,28.91,0.9,0.6,2.1,매수관심,양봉,완만한상승,0.65,1.78,2026-09-11
KEEL,0.8,3.57,27374204,32279767,97.73,121.18,0.8,1.2,2.6,매수관심,양봉,완만한상승,0.4,1.48,2026-09-11
KC,0.8,9.96,842638,1095583,8.39,13.1,0.6,1.4,-0.8,중립,음봉,완만한상승,0.0,-0.4,2026-09-11
NMRK,0.8,14.42,1278610,1574816,18.44,22.9,0.8,1.5,0.3,중립,팽이도지,잔구간,0.73,0.14,2026-09-11
NMFC,0.8,7.24,362411,434637,2.62,3.39,0.8,0.4,-0.3,중립,팽이도지,잔구간,0.45,-0.03,2026-09-11
NKTX,0.8,2.91,487412,644681,1.42,1.88,0.8,1.4,2.1,매수관심,양봉,완만한상승,0.44,1.53,2026-09-11
DAPP,0.8,19.92,948895,1146836,18.9,25.04,0.8,1.6,0.5,중립,팽이도지,완만한상승,0.37,0.74,2026-09-11
DAKT,0.8,17.89,760470,922189,13.6,18.98,0.7,1.4,-6.9,강한매도,장대음봉,전저점이탈,0.04,-3.3,2026-09-11
CYH,0.8,2.92,855106,1009024,2.5,3.55,0.7,1.4,-0.3,중립,팽이도지,잔구간,0.57,0.04,2026-09-11
CX,0.8,10.69,3703920,4789236,39.59,50.24,0.8,1.9,-1.6,매도주의,장대음봉,완만한상승,0.26,-1.39,2026-09-11
CWVX,0.8,16.23,820379,1071648,13.31,15.64,0.9,4.4,-4.7,매도주의,장대음봉,잔구간,0.08,-1.25,2026-09-11
UWMC,0.8,1.35,8311125,10467159,11.22,15.27,0.7,1.5,-0.7,매수관심,팽이도지,완만한상승,0.57,0.98,2026-09-11
AMPY,0.8,4.93,463896,582312,2.29,2.87,0.8,-0.8,0.2,중립,위꼬리양봉,잔구간,0.26,-0.645,2026-09-11
AMPG,0.8,3.46,709196,864515,2.45,4.43,0.6,1.7,-1.4,중립,음봉,완만한상승,0.25,-0.1,2026-09-11
AMCX,0.8,12.17,414707,547484,5.05,6.6,0.8,0.3,0.5,매수관심,팽이도지,완만한상승,0.63,1.06,2026-09-11
ALTO,0.8,3.9,812921,1021097,3.17,5.37,0.6,1.0,-2.5,매도주의,장대음봉,잔구간,0.07,-1.26,2026-09-11
VTS,0.8,18.76,466546,614106,8.75,9.59,0.9,-0.8,1.4,강한매수,장대양봉,전고점부근,0.9,2.03,2026-09-11
VSTS,0.8,12.97,1215593,1442550,15.77,18.34,0.9,-0.2,-0.4,매도주의,위꼬리음봉,잔구간,0.17,-0.95,2026-09-11
VIV,0.8,11.85,923980,1095587,10.95,14.6,0.7,0.5,-1.1,중립,음봉,잔구간,0.39,-0.415,2026-09-11
AKAN,0.8,3.07,332977,422050,1.02,8.71,0.1,3.0,-0.6,매도주의,위꼬리음봉,잔구간,0.14,-0.965,2026-09-11
VISN,0.8,6.48,4925759,6262893,31.92,69.58,0.5,1.4,-0.2,매수관심,팽이도지,완만한상승,0.5,0.9,2026-09-11
VGZ,0.8,2.17,702635,848070,1.52,1.89,0.8,3.2,-4.0,매도주의,장대음봉,잔구간,0.25,-1.15,2026-09-11
VERX,0.8,12.26,1122819,1429532,13.77,18.48,0.7,0.2,-0.3,중립,팽이도지,잔구간,0.55,0.03,2026-09-11
FLO,0.8,6.09,6309199,8025069,38.42,53.17,0.7,-1.3,1.0,매수관심,양봉,전저점부근,0.5,1.45,2026-09-11
KRNY,0.8,9.78,346312,426659,3.39,5.82,0.6,1.0,-1.5,매도주의,장대음봉,잔구간,0.23,-1.16,2026-09-11
FWRG,0.8,11.35,1024847,1304441,11.63,12.94,0.9,3.8,-2.2,중립,음봉,완만한상승,0.51,0.21,2026-09-11
FUBO,0.8,11.53,988072,1259721,11.39,12.54,0.9,1.2,-0.2,매수관심,팽이도지,완만한상승,0.44,0.83,2026-09-11
FSM,0.8,11.99,3033245,3722242,36.37,58.83,0.6,1.7,-2.2,중립,음봉,잔구간,0.15,-0.56,2026-09-11
SGHC,0.8,13.84,1848188,2299075,25.58,31.67,0.8,1.2,0.2,매수관심,팽이도지,완만한상승,0.74,1.19,2026-09-11
AGEN,0.8,6.94,790464,940202,5.49,6.73,0.8,0.6,0.1,강한매수,양봉스프링,완만한상승,0.75,2.7,2026-09-11
XRPZ,0.8,14.78,418652,537265,6.19,10.09,0.6,0.4,0.3,중립,위꼬리양봉,잔구간,0.17,-0.7,2026-09-11
AGRO,0.8,11.77,705666,872614,8.31,10.38,0.8,-1.9,-2.6,매도주의,장대음봉,잔구간,0.18,-1.19,2026-09-11
AESI,0.7,14.16,2307930,3544092,32.68,41.3,0.8,0.9,1.1,매수관심,양봉,완만한상승,0.6,1.72,2026-09-11
HLF,0.7,12.02,1222203,1682315,14.69,25.16,0.6,1.6,-3.7,매도주의,장대음봉,잔구간,0.14,-1.215,2026-09-11
HIVE,0.7,3.03,9474257,12839094,28.71,43.05,0.7,2.0,-0.7,매도주의,위꼬리음봉,완만한상승,0.08,-1.1,2026-09-11
NEXA,0.7,13.31,518370,781553,6.9,13.42,0.5,1.8,-0.5,중립,팽이도지,완만한상승,0.29,0.65,2026-09-11
NEWP,0.7,5.88,485231,675642,2.85,4.17,0.7,2.6,-2.0,중립,음봉,완만한상승,0.33,-0.0,2026-09-11
GSM,0.7,4.28,1142599,1645465,4.89,5.83,0.8,0.2,-4.3,매도주의,장대음봉,잔구간,0.03,-1.28,2026-09-11
WB,0.7,6.63,744287,1122205,4.93,7.84,0.6,0.5,-0.2,매도주의,위꼬리음봉,잔구간,0.08,-1.0,2026-09-11
VZLA,0.7,3.97,3793185,5069391,15.06,22.99,0.7,1.8,-2.5,중립,음봉,잔구간,0.29,-0.475,2026-09-11
VTEX,0.7,3.6,559439,773059,2.01,2.62,0.8,0.3,1.1,매수관심,양봉,완만한상승,0.56,1.67,2026-09-11
VSTM,0.7,7.32,1913863,2648557,14.01,19.95,0.7,1.0,-4.9,매도주의,장대음봉,잔구간,0.01,-1.295,2026-09-11
VOD,0.7,17.4,2233750,3025818,38.87,49.63,0.8,0.7,-0.3,매도주의,음봉,전고점부근,0.46,-1.2,2026-09-11
GENB,0.7,15.72,666179,973299,10.47,21.44,0.5,0.3,1.8,매수관심,양봉,완만한상승,0.72,1.86,2026-09-11
BPRE,0.7,12.15,503352,696144,6.12,10.59,0.6,0.4,0.6,매수관심,팽이도지,완만한상승,0.48,0.88,2026-09-11
BIZD,0.7,13.05,2256657,3318641,29.45,44.22,0.7,0.5,0.0,중립,팽이도지,잔구간,0.48,-0.01,2026-09-11
SCZM,0.7,9.65,352409,476909,3.4,4.59,0.7,2.5,-2.8,중립,음봉,잔구간,0.11,-0.585,2026-09-11
ALMS,0.7,9.18,3434333,4611694,31.53,68.5,0.5,0.9,-8.1,매도주의,장대음봉,잔구간,0.04,-1.275,2026-09-11
ALLO,0.7,1.78,3894350,5397380,6.93,9.9,0.7,2.3,-1.1,중립,음봉,잔구간,0.51,-0.345,2026-09-11
AIOT,0.7,3.0,820117,1180069,2.46,3.78,0.7,1.7,0.0,매수관심,팽이도지,완만한상승,0.5,0.9,2026-09-11
VIOT,0.7,1.4,2310374,3456751,3.23,11.5,0.3,-0.7,3.7,중립,위꼬리양봉,잔구간,0.31,-0.615,2026-09-11
VFF,0.7,2.88,464319,663509,1.34,2.12,0.6,0.7,0.0,매수관심,팽이도지,완만한상승,0.73,1.18,2026-09-11
DAMD,0.7,13.3,1822690,2594989,24.24,43.91,0.6,-3.0,-2.1,중립,음봉,잔구간,0.23,-0.51,2026-09-11
CYPH,0.7,2.265,11503651,17626891,26.06,32.34,0.8,8.6,-5.2,중립,음봉,완만한상승,0.12,-0.26,2026-09-11
CWK,0.7,12.9,1309626,1853334,16.89,23.81,0.7,1.7,0.1,중립,팽이도지,잔구간,0.58,0.05,2026-09-11
VELO,0.7,10.53,635770,876904,6.69,10.22,0.7,2.5,-1.6,중립,음봉,완만한상승,0.12,-0.26,2026-09-11
SMMT,0.7,17.55,4278137,5875044,75.08,97.97,0.8,1.2,2.0,강한매수,장대양봉,완만한상승,0.73,3.18,2026-09-11
BDN,0.7,3.01,1297165,1898819,3.9,5.32,0.7,1.0,0.3,강한매수,양봉스프링,완만한상승,0.79,2.75,2026-09-11
BTG,0.7,5.38,16507428,24921259,88.81,185.62,0.5,2.1,-1.6,중립,음봉,완만한상승,0.29,-0.05,2026-09-11
BTDR,0.7,11.96,6968999,9831837,83.35,126.45,0.7,3.0,0.7,매수관심,팽이도지,완만한상승,0.66,1.09,2026-09-11
RR,0.7,1.65,3377530,4591109,5.57,10.99,0.5,1.9,0.0,중립,팽이도지,잔구간,0.5,0.0,2026-09-11
SHC,0.7,18.37,1308043,1883317,24.03,33.09,0.7,0.8,-0.2,중립,팽이도지,잔구간,0.44,-0.035,2026-09-11
SGRY,0.7,14.38,1287952,1863054,18.52,32.78,0.6,0.8,1.1,매수관심,양봉,완만한상승,0.61,1.73,2026-09-11
AMRX,0.7,17.01,1157718,1756254,19.69,29.37,0.7,0.8,0.1,중립,팽이도지,잔구간,0.74,0.145,2026-09-11
AMPX,0.7,9.44,3548483,4797775,33.5,43.26,0.8,0.0,-1.2,매도주의,위꼬리음봉,잔구간,0.06,-1.015,2026-09-11
AMC,0.7,2.46,17064522,23068633,41.98,61.64,0.7,2.1,2.1,중립,양봉,잔구간,0.45,0.32,2026-09-11
USGG,0.7,5.07,374497,503792,1.9,3.42,0.6,0.1,-6.3,강한매도,장대음봉,전저점이탈,0.05,-3.29,2026-09-11
MRLN,0.7,2.98,754738,1043556,2.25,4.37,0.5,1.7,-2.9,중립,음봉,잔구간,0.37,-0.43,2026-09-11
MNRO,0.7,12.79,586636,800129,7.5,10.03,0.7,1.5,0.2,강한매수,양봉스프링,완만한상승,0.82,2.78,2026-09-11
MIR,0.7,15.98,2604794,3485258,41.62,62.08,0.7,0.0,0.9,중립,위꼬리양봉,완만한상승,0.29,-0.35,2026-09-11
ECVT,0.7,9.92,694159,984758,6.89,11.35,0.6,0.5,-2.0,강한매도,장대음봉,전저점이탈,0.1,-3.23,2026-09-11
EC,0.7,17.75,1067412,1550344,18.95,30.28,0.6,-1.0,-0.8,중립,음봉,잔구간,0.4,-0.41,2026-09-11
SNDQ,0.7,13.15,24260150,32691874,319.02,416.81,0.8,-2.6,9.7,매수관심,장대양봉,잔구간,0.83,1.2,2026-09-11
BBD,0.7,3.6,23245630,35534221,83.68,107.35,0.8,1.4,-0.8,중립,음봉,완만한상승,0.63,0.36,2026-09-11
RDWU,0.7,6.14,358464,498572,2.2,3.06,0.7,-0.4,-4.0,중립,음봉,잔구간,0.05,-0.62,2026-09-11
RKT,0.7,13.18,17688411,24611359,233.13,329.31,0.7,2.4,-2.4,중립,음봉,잔구간,0.07,-0.61,2026-09-11
RGTX,0.7,9.13,798972,1190130,7.29,9.13,0.8,2.4,-1.3,매도주의,위꼬리음봉,잔구간,0.25,-0.9,2026-09-11
BYND,0.7,10.21,795396,1146294,8.12,11.74,0.7,1.1,-3.4,강한매도,장대음봉,전저점이탈,0.11,-3.22,2026-09-11
DSL,0.7,10.4,303028,451963,3.15,5.73,0.5,0.0,-0.5,강한매도,장대음봉,전저점이탈,0.0,-3.35,2026-09-11
MGTX,0.7,12.79,459550,620409,5.88,10.17,0.6,1.5,-1.9,매도주의,장대음봉,잔구간,0.1,-1.24,2026-09-11
NRXP,0.7,3.4,356231,483918,1.21,1.72,0.7,1.2,-1.2,중립,음봉,완만한상승,0.43,0.12,2026-09-11
UPB,0.7,5.73,501306,684751,2.87,4.32,0.7,1.6,-1.9,중립,음봉,잔구간,0.42,-0.4,2026-09-11
HTGC,0.7,17.41,860556,1220322,14.98,27.84,0.5,0.6,-0.5,중립,음봉,완만한상승,0.19,-0.17,2026-09-11
NXDR,0.7,2.27,1568969,2217220,3.56,4.75,0.7,0.9,0.9,중립,양봉,잔구간,1.0,0.65,2026-09-11
NVTS,0.7,11.63,6988085,10161500,81.27,127.58,0.6,1.3,3.0,매수관심,양봉,완만한상승,0.63,1.76,2026-09-11
NVDQ,0.7,9.01,3852780,5291857,34.71,68.26,0.5,-2.4,2.7,강한매수,장대양봉,완만한상승,0.97,3.46,2026-09-11
CAPR,0.7,8.37,2074936,2833589,17.37,46.48,0.4,0.2,0.6,중립,위꼬리양봉,잔구간,0.27,-0.64,2026-09-11
SPCM,0.7,17.7,553328,762432,9.79,12.52,0.8,2.4,1.7,강한매수,양봉스프링,완만한상승,0.91,2.89,2026-09-11
SPCE,0.7,2.92,3497220,5345057,10.21,14.22,0.7,1.4,-1.0,중립,음봉,완만한상승,0.25,-0.1,2026-09-11
SOFI,0.7,17.32,24556558,35684989,425.32,676.05,0.6,0.6,0.0,중립,팽이도지,잔구간,0.52,0.01,2026-09-11
QYLD,0.7,18.37,2337181,3578608,42.93,84.22,0.5,0.5,0.2,매수관심,양봉,완만한상승,0.57,1.68,2026-09-11
JELD,0.7,2.06,831219,1167242,1.71,4.31,0.4,2.0,-0.5,중립,팽이도지,잔구간,0.62,0.07,2026-09-11
UAMY,0.7,4.87,4175297,5809085,20.33,35.82,0.6,1.4,-2.6,매도주의,장대음봉,잔구간,0.0,-1.3,2026-09-11
TTI,0.7,6.81,1427486,1941820,9.72,13.65,0.7,0.6,-0.7,중립,음봉,잔구간,0.21,-0.525,2026-09-11
APLE,0.7,15.55,1829937,2510016,28.46,36.57,0.8,0.6,-0.6,중립,음봉,잔구간,0.06,-0.615,2026-09-11
TSLT,0.7,13.52,1669273,2457025,22.57,39.29,0.6,0.1,0.8,매수관심,팽이도지,완만한상승,0.55,0.96,2026-09-11
TSLQ,0.7,18.41,4733806,6488202,87.15,129.34,0.7,-0.2,-0.8,중립,팽이도지,잔구간,0.46,-0.025,2026-09-11
ONDG,0.7,2.09,2141856,3198102,4.48,6.92,0.6,0.5,-1.9,매도주의,장대음봉,잔구간,0.08,-1.25,2026-09-11
TSDD,0.7,7.72,5848536,8566261,45.15,58.74,0.8,-0.3,-0.9,중립,팽이도지,잔구간,0.45,-0.03,2026-09-11
TRLV,0.7,11.31,1505500,2026742,17.03,20.39,0.8,1.8,-1.8,중립,음봉,전저점부근,0.27,-0.23,2026-09-11
GGT,0.7,4.03,320896,473504,1.29,1.86,0.7,0.2,-0.5,매도주의,장대음봉,전저점부근,0.0,-1.85,2026-09-11
IAUX,0.7,1.75,3747431,5166477,6.56,12.47,0.5,1.7,-0.6,매수관심,팽이도지,완만한상승,0.45,0.84,2026-09-11
HYT,0.7,8.13,708786,945896,5.76,7.16,0.8,0.5,-0.9,강한매도,장대음봉,전저점이탈,0.0,-3.35,2026-09-11
HYLN,0.7,3.9,1140256,1665344,4.45,6.58,0.7,1.8,0.3,중립,위꼬리양봉,완만한상승,0.24,-0.41,2026-09-11
CNH,0.7,13.58,16282578,24330789,221.12,432.36,0.5,1.9,-1.3,중립,음봉,완만한상승,0.11,-0.27,2026-09-11
OTLK,0.7,0.66,3334025,4706466,2.2,3.51,0.6,1.3,-1.5,중립,음봉,잔구간,0.33,-0.45,2026-09-11
OTF,0.7,10.71,1525409,2232848,16.34,28.28,0.6,1.0,-0.8,중립,음봉,잔구간,0.2,-0.53,2026-09-11
OSS,0.7,9.19,484429,654658,4.45,7.38,0.6,2.0,1.1,중립,팽이도지,잔구간,0.58,0.05,2026-09-11
ONDS,0.7,7.23,42170112,58093764,304.89,468.22,0.7,0.0,-0.3,중립,팽이도지,잔구간,0.36,-0.085,2026-09-11
PRCH,0.7,16.45,925434,1287843,15.22,22.28,0.7,1.8,-0.8,중립,망치형,잔구간,0.53,0.52,2026-09-11
SSTK,0.7,5.04,707485,1043225,3.57,6.08,0.6,0.8,-1.0,중립,음봉,잔구간,0.55,-0.32,2026-09-11
SSL,0.7,14.59,1610727,2312070,23.5,27.93,0.8,-2.0,1.7,매수관심,장대양봉,잔구간,0.95,1.27,2026-09-11
AVTR,0.7,14.81,6179064,8383832,91.51,114.7,0.8,0.9,-1.3,중립,음봉,잔구간,0.32,-0.46,2026-09-11
SPT,0.7,10.8,893291,1240594,9.65,14.94,0.6,-0.9,2.8,매수관심,장대양봉,잔구간,0.79,1.175,2026-09-11
CCCC,0.7,3.51,1482304,2005102,5.2,7.21,0.7,2.2,1.0,매수관심,양봉스프링,잔구간,0.91,0.995,2026-09-11
CC,0.7,15.03,1180984,1800370,17.75,26.14,0.7,1.0,-1.2,매도주의,장대음봉,잔구간,0.18,-1.19,2026-09-11
STIM,0.7,3.03,749107,1039496,2.27,2.8,0.8,3.0,-2.3,중립,음봉,완만한상승,0.12,-0.26,2026-09-11
IREG,0.7,8.864,604817,810166,5.36,8.68,0.6,4.8,-4.0,중립,음봉,완만한상승,0.26,-0.09,2026-09-11
INO,0.7,1.25,2392904,3191979,2.99,4.26,0.7,1.6,-3.8,매도주의,장대음봉,잔구간,0.25,-1.15,2026-09-11
PTIR,0.7,16.95,2315598,3329396,39.25,62.5,0.6,2.5,-0.9,중립,망치형,잔구간,0.55,0.53,2026-09-11
PSO,0.7,15.69,625278,911349,9.81,10.49,0.9,0.6,0.0,중립,팽이도지,잔구간,0.45,-0.03,2026-09-11
PSKY,0.7,10.6,8178769,12513076,86.69,118.16,0.7,0.7,1.4,강한매수,장대양봉,완만한상승,0.87,3.34,2026-09-11
PRGO,0.7,13.66,1828693,2442057,24.98,37.53,0.7,-0.1,0.7,중립,양봉,잔구간,0.62,0.42,2026-09-11
CHA,0.7,12.24,897509,1237506,10.99,21.45,0.5,-0.3,-0.6,매도주의,위꼬리음봉,잔구간,0.11,-0.985,2026-09-11
TOYO,0.7,4.4,325967,474930,1.43,2.86,0.5,0.0,0.5,중립,위꼬리양봉,완만한상승,0.2,-0.46,2026-09-11
TMC,0.7,3.935,3538705,4763432,13.92,26.18,0.5,0.2,-2.1,강한매도,음봉,전저점이탈,0.03,-2.01,2026-09-11
ARDT,0.7,10.98,349553,518339,3.84,4.55,0.8,1.6,-0.8,중립,음봉,수횡파,0.49,-0.11,2026-09-11
ERAS,0.7,15.88,2883857,4153563,45.8,77.35,0.6,0.1,-1.1,매도주의,위꼬리음봉,잔구간,0.01,-1.045,2026-09-11
EOLS,0.7,7.84,586591,885277,4.6,8.83,0.5,1.3,-2.1,중립,음봉,잔구간,0.09,-0.595,2026-09-11
PATH,0.7,13.75,41791957,62627901,574.64,1096.05,0.5,-0.1,-0.7,매도주의,위꼬리음봉,잔구간,0.01,-1.045,2026-09-11
TBLA,0.7,3.8,1229771,1724427,4.67,7.55,0.6,1.6,0.3,매수관심,팽이도지,완만한상승,0.62,1.04,2026-09-11
ASTX,0.7,10.17,2769272,3700717,28.16,38.28,0.7,2.3,-2.6,중립,음봉,잔구간,0.29,-0.475,2026-09-11
LITZ,0.7,7.14,3696573,5013970,26.39,35.03,0.8,-2.1,4.5,중립,양봉,잔구간,0.82,0.54,2026-09-11
PK,0.7,15.28,2116301,3097030,32.34,55.46,0.6,0.4,-0.7,매도주의,위꼬리음봉,잔구간,0.01,-1.045,2026-09-11
GO,0.7,11.25,1891758,2880301,21.28,33.86,0.6,0.0,1.5,중립,양봉,잔구간,0.62,0.42,2026-09-11
GLWG,0.7,16.14,563070,802712,9.09,10.02,0.9,3.2,1.0,매수관심,팽이도지,완만한상승,0.54,0.95,2026-09-11
PLUG,0.7,2.1,32427090,45812634,68.1,103.99,0.7,1.2,-1.6,중립,음봉,잔구간,0.23,-0.51,2026-09-11
PLU,0.7,4.77,335959,455646,1.6,2.75,0.6,-1.0,-2.7,매도주의,음봉,전저점이탈,0.06,-1.98,2026-09-11
EVLV,0.7,4.95,1374267,1990091,6.8,9.1,0.7,0.6,-1.0,중립,음봉,잔구간,0.11,-0.585,2026-09-11
STUB,0.7,6.03,4288021,5948771,25.86,39.11,0.7,1.5,-0.2,중립,팽이도지,완만한상승,0.41,0.79,2026-09-11
HELP,0.7,12.97,1150125,1686594,14.92,17.38,0.9,3.3,-2.3,중립,음봉,완만한상승,0.4,0.08,2026-09-11
DGXX,0.7,3.81,940438,1361464,3.58,7.25,0.5,3.0,0.0,매수관심,팽이도지,완만한상승,0.49,0.89,2026-09-11
DEC,0.7,14.81,442759,665113,6.56,12.57,0.5,-0.3,-0.6,매도주의,음봉,전저점이탈,0.5,-1.45,2026-09-11
DCH,0.7,6.48,1590858,2383597,10.31,15.98,0.6,2.1,-3.3,매도주의,장대음봉,잔구간,0.1,-1.24,2026-09-11
DRVN,0.7,12.15,862257,1156371,10.48,15.38,0.7,2.0,-3.2,매도주의,장대음봉,잔구간,0.18,-1.19,2026-09-11
DNUT,0.7,3.21,1365529,1972660,4.38,7.3,0.6,0.9,-0.6,중립,음봉,잔구간,0.08,-0.6,2026-09-11
DLO,0.7,14.86,1249298,1757791,18.56,28.79,0.6,1.3,-1.7,매도주의,장대음봉,잔구간,0.21,-1.175,2026-09-11
DJT,0.7,8.66,2308100,3436237,19.99,32.76,0.6,1.4,-2.7,매도주의,장대음봉,잔구간,0.0,-1.3,2026-09-11
NIO,0.7,3.69,36645796,51387349,135.22,195.45,0.7,3.1,0.0,중립,팽이도지,잔구간,0.41,-0.055,2026-09-11
NEXN,0.7,9.16,303399,455597,2.78,4.38,0.6,0.9,-1.3,중립,음봉,잔구간,0.23,-0.51,2026-09-11
SATL,0.7,4.79,2659271,3994283,12.74,18.68,0.7,3.4,-1.4,중립,음봉,완만한상승,0.39,0.07,2026-09-11
ABSI,0.7,8.21,1966428,2631080,16.14,26.29,0.6,2.2,-2.5,중립,음봉,잔구간,0.22,-0.52,2026-09-11
WNC,0.7,12.55,397211,564315,4.99,9.73,0.5,1.8,-2.3,중립,음봉,전저점부근,0.16,-0.36,2026-09-11
WIT,0.7,1.69,7123610,9771142,12.04,21.62,0.6,1.2,0.0,중립,팽이도지,잔구간,0.5,0.0,2026-09-11
ACI,0.7,12.08,6054382,8865537,73.14,93.08,0.8,-0.3,3.5,매수관심,장대양봉,잔구간,0.91,1.245,2026-09-11
ACHV,0.7,7.06,1461951,1949977,10.32,13.09,0.8,1.4,-4.3,강한매도,장대음봉,전저점이탈,0.12,-3.21,2026-09-11
WU,0.7,6.93,4628307,6386004,32.07,54.53,0.6,0.1,0.4,중립,양봉,잔구간,0.55,0.38,2026-09-11
YEXT,0.6,6.4,780583,1308358,5.0,9.29,0.5,-0.5,2.4,강한매수,장대양봉,완만한상승,0.8,3.26,2026-09-11
WVE,0.6,4.59,2208380,3403431,10.14,17.66,0.6,0.0,-1.7,매도주의,음봉,전저점이탈,0.19,-1.82,2026-09-11
NFGC,0.6,1.69,655516,1012447,1.11,1.97,0.6,3.0,-2.9,중립,음봉,잔구간,0.37,-0.43,2026-09-11
WYFI,0.6,19.14,826148,1405633,15.81,37.99,0.4,3.2,0.1,중립,팽이도지,완만한상승,0.32,0.68,2026-09-11
ADCT,0.6,1.07,989105,1593794,1.06,2.0,0.5,1.8,-5.3,중립,음봉,전저점부근,0.26,-0.24,2026-09-11
WSC,0.6,18.66,1418844,2405966,26.48,50.33,0.5,1.7,-1.8,매도주의,장대음봉,잔구간,0.18,-1.19,2026-09-11
XPRO,0.6,17.58,487008,759587,8.56,14.78,0.6,1.7,-1.6,매도주의,장대음봉,완만한상승,0.4,-1.22,2026-09-11
MVST,0.6,0.598,3681245,6392205,2.2,5.15,0.4,-1.3,-2.9,매도주의,음봉,전저점이탈,0.13,-1.89,2026-09-11
DPRO,0.6,5.61,1214422,1877258,6.81,16.45,0.4,6.0,-3.3,매도주의,장대음봉,잔구간,0.23,-1.16,2026-09-11
CURI,0.6,2.66,448238,723725,1.19,2.92,0.4,-2.2,0.4,중립,위꼬리양봉,잔구간,0.13,-0.72,2026-09-11
EVMN,0.6,10.54,388920,643425,4.1,10.03,0.4,0.9,-1.1,중립,음봉,잔구간,0.12,-0.58,2026-09-11
LSPD,0.6,9.94,331167,544695,3.29,6.36,0.5,0.0,1.8,매수관심,장대양봉,잔구간,0.71,1.125,2026-09-11
PPLT,0.6,16.26,1573213,2730586,25.58,49.8,0.5,1.6,-0.8,중립,음봉,완만한상승,0.32,-0.02,2026-09-11
HAWK,0.6,16.3,1023754,1746446,16.69,26.54,0.6,0.6,-1.3,중립,음봉,잔구간,0.24,-0.505,2026-09-11
PSNL,0.6,16.21,1407019,2508458,22.81,49.14,0.5,0.8,-1.5,매도주의,장대음봉,잔구간,0.05,-1.27,2026-09-11
FCEL,0.6,15.89,5428618,8880825,86.26,134.94,0.6,2.7,-0.7,매도주의,위꼬리음봉,완만한상승,0.22,-0.94,2026-09-11
OWL,0.6,10.56,15396370,23771123,162.59,263.62,0.6,1.4,-0.2,중립,팽이도지,잔구간,0.61,0.065,2026-09-11
MFIC,0.6,9.04,319042,496175,2.88,4.78,0.6,0.7,-0.8,매도주의,장대음봉,잔구간,0.3,-1.12,2026-09-11
LWLG,0.6,5.23,1597211,2650971,8.35,13.15,0.6,1.8,-0.5,매수관심,팽이도지,완만한상승,0.43,0.82,2026-09-11
LZ,0.6,6.05,1777811,2763062,10.76,15.8,0.7,0.5,1.9,매수관심,장대양봉,잔구간,0.74,1.145,2026-09-11
TKC,0.6,5.37,1373045,2190154,7.37,15.36,0.5,1.5,0.4,강한매도,위꼬리양봉,전고점부근,0.35,-2.63,2026-09-11
TAL,0.6,11.81,4393511,7312878,51.89,78.97,0.7,1.1,1.5,중립,양봉,잔구간,0.64,0.435,2026-09-11
PLG,0.6,1.46,815248,1372631,1.19,2.25,0.5,2.7,-2.7,매도주의,장대음봉,완만한상승,0.0,-1.7,2026-09-11
PL,0.6,16.45,11856107,19591193,195.03,271.8,0.7,-0.1,-1.3,강한매도,음봉,전저점이탈,0.01,-2.04,2026-09-11
PHR,0.6,10.31,526878,834263,5.43,8.27,0.7,-0.5,1.9,중립,양봉,잔구간,0.91,0.595,2026-09-11
PDM,0.6,9.57,753939,1191227,7.22,11.6,0.6,1.2,0.5,중립,양봉,잔구간,0.93,0.61,2026-09-11
NCI,0.6,12.97,512696,821391,6.65,9.98,0.7,-0.2,2.4,매수관심,양봉,완만한상승,0.73,1.88,2026-09-11
AHCO,0.6,6.06,2082098,3218422,12.62,16.79,0.8,1.7,1.8,강한매수,양봉,완만한상승,0.83,2.0,2026-09-11
NAVI,0.6,9.42,763318,1336151,7.19,11.77,0.6,1.2,1.7,중립,양봉,잔구간,0.86,0.565,2026-09-11
GDYN,0.6,7.98,591036,983733,4.72,7.65,0.6,1.0,0.9,중립,양봉,잔구간,0.88,0.58,2026-09-11
WEAV,0.6,7.31,1174706,2104108,8.59,23.18,0.4,0.1,0.0,매수관심,팽이도지,완만한상승,0.5,0.9,2026-09-11
VALE,0.6,15.23,20760689,36355901,316.19,526.37,0.6,0.5,-0.8,중립,음봉,잔구간,0.54,-0.325,2026-09-11
AMTM,0.6,19.46,1050142,1709740,20.44,32.39,0.6,0.3,-0.8,중립,음봉,잔구간,0.52,-0.34,2026-09-11
BAK,0.6,2.08,1187749,1933472,2.47,5.11,0.5,0.5,-1.9,중립,음봉,잔구간,0.27,-0.49,2026-09-11
BOIL,0.6,19.26,3706248,5877891,71.38,104.73,0.7,-1.7,1.6,중립,양봉,잔구간,0.65,0.44,2026-09-11
SENS,0.6,8.71,395168,640863,3.44,5.34,0.6,1.6,-2.5,중립,음봉,잔구간,0.37,-0.43,2026-09-11
FULC,0.6,3.8,814752,1356507,3.1,5.41,0.6,1.3,-1.3,매도주의,장대음봉,잔구간,0.29,-1.125,2026-09-11
ACCO,0.6,4.24,446143,698029,1.89,3.09,0.6,0.7,0.2,강한매수,양봉스프링,완만한상승,0.83,2.8,2026-09-11
GPRK,0.6,11.48,956038,1541096,10.98,20.74,0.5,-1.4,-2.7,중립,음봉,잔구간,0.22,-0.52,2026-09-11
PSEC,0.6,2.22,2076008,3496352,4.61,8.16,0.6,0.9,0.9,매수관심,양봉,완만한상승,0.75,1.9,2026-09-11
TME,0.6,7.98,3767994,6155239,30.07,58.87,0.5,0.8,0.3,매수관심,팽이도지,완만한상승,0.6,1.02,2026-09-11
ARCT,0.6,14.73,496635,786058,7.32,17.31,0.4,0.6,4.8,매수관심,장대양봉,잔구간,0.63,1.08,2026-09-11
SSYS,0.6,7.72,448989,710086,3.47,5.31,0.7,1.2,0.8,중립,양봉,잔구간,0.49,0.345,2026-09-11
CAN,0.6,0.337,14620140,22503042,4.92,7.57,0.7,4.0,4.8,중립,양봉,잔구간,0.5,0.35,2026-09-11
QFIN,0.6,8.47,1150099,1968284,9.74,23.27,0.4,0.4,-0.4,매도주의,위꼬리음봉,완만한상승,0.11,-1.07,2026-09-11
FINV,0.6,3.4,704944,1239777,2.4,6.17,0.4,-0.3,0.3,중립,위꼬리양봉,완만한상승,0.25,-0.4,2026-09-11
CBRG,0.6,3.23,6735980,11853488,21.76,41.94,0.5,2.5,-2.1,중립,음봉,완만한상승,0.3,-0.04,2026-09-11
SOUN,0.6,6.26,13676178,23733022,85.61,172.14,0.5,1.0,-1.3,중립,음봉,전저점부근,0.06,-0.48,2026-09-11
SOFX,0.6,8.57,685576,1222769,5.88,11.12,0.5,1.7,-0.2,중립,팽이도지,잔구간,0.55,0.03,2026-09-11
JFR,0.6,7.6,372342,591296,2.83,4.67,0.6,0.4,-0.8,매도주의,장대음봉,잔구간,0.0,-1.3,2026-09-11
ELDN,0.6,2.78,638398,1083710,1.77,3.35,0.5,1.4,-1.4,중립,음봉,잔구간,0.27,-0.49,2026-09-11
GRND,0.6,15.28,752428,1212784,11.5,17.64,0.7,0.3,-1.0,중립,음봉,잔구간,0.13,-0.57,2026-09-11
COTY,0.6,2.7,3108497,5367051,8.39,15.98,0.5,1.5,1.1,강한매수,양봉,완만한상승,1.0,2.2,2026-09-11
CRMG,0.6,9.26,1050062,1768471,9.72,35.19,0.3,-0.7,4.4,매수관심,장대양봉,잔구간,0.66,1.095,2026-09-11
TSLZ,0.6,11.65,1509001,2487728,17.58,32.06,0.5,0.0,-1.0,중립,음봉,잔구간,0.43,-0.39,2026-09-11
TSLL,0.6,9.71,50549125,86492739,490.83,902.08,0.5,0.2,0.7,매수관심,팽이도지,완만한상승,0.54,0.95,2026-09-11
SSPC,0.6,9.02,9260304,14894982,83.53,130.28,0.6,-2.4,-1.6,매도주의,위꼬리음봉,잔구간,0.1,-0.99,2026-09-11
SRAD,0.6,12.91,1497564,2551305,19.33,26.24,0.7,0.1,1.6,강한매수,장대양봉,완만한상승,0.66,3.09,2026-09-11
NVDX,0.6,19.08,3340483,5328118,63.74,141.32,0.5,2.3,-2.6,매도주의,장대음봉,잔구간,0.02,-1.29,2026-09-11
ANGI,0.6,4.72,645491,1016744,3.05,4.32,0.7,-2.4,4.0,강한매수,장대양봉,완만한상승,0.96,3.45,2026-09-11
UMH,0.6,15.51,344060,544793,5.34,11.3,0.5,0.7,-0.9,매도주의,장대음봉,잔구간,0.33,-1.1,2026-09-11
CXM,0.6,5.48,2909075,4524055,15.94,39.47,0.4,0.2,0.6,중립,위꼬리양봉,잔구간,0.38,-0.57,2026-09-11
NN,0.6,15.18,1479198,2602888,22.45,37.77,0.6,0.5,1.9,매수관심,양봉,완만한상승,0.68,1.82,2026-09-11
NMCO,0.6,9.67,304495,552510,2.94,6.99,0.4,0.1,0.2,매수관심,팽이도지,완만한상승,0.46,0.85,2026-09-11
BMEA,0.6,1.74,1481264,2318918,2.58,3.75,0.7,2.9,-0.6,중립,팽이도지,잔구간,0.5,0.0,2026-09-11
SDGR,0.6,19.02,464979,824617,8.84,18.57,0.5,0.7,0.5,매수관심,양봉스프링,잔구간,0.97,1.03,2026-09-11
RMIX,0.6,13.36,302968,489758,4.05,8.16,0.5,1.5,-5.7,강한매도,장대음봉,전저점이탈,0.06,-3.28,2026-09-11
RNXT,0.6,1.76,1167878,1913012,2.06,4.93,0.4,0.0,-0.6,중립,팽이도지,잔구간,0.6,0.06,2026-09-11
RPD,0.6,10.31,1230408,1972512,12.69,22.84,0.6,0.0,-1.8,중립,음봉,잔구간,0.44,-0.385,2026-09-11
RERE,0.6,3.97,517969,821391,2.06,3.2,0.6,0.5,-0.7,중립,망치형,잔구간,0.7,0.62,2026-09-11
ZVRA,0.6,12.01,583005,976798,7.0,11.09,0.6,1.4,-1.8,매도주의,장대음봉,잔구간,0.15,-1.21,2026-09-11
WEN,0.6,7.63,3582165,5839570,27.33,61.34,0.4,-0.3,2.8,매수관심,장대양봉,잔구간,0.87,1.22,2026-09-11
RZLV,0.6,2.29,8967833,16093960,20.54,63.03,0.3,0.4,-0.9,중립,음봉,잔구간,0.0,-0.65,2026-09-11
SIGA,0.6,3.03,453372,724688,1.37,2.43,0.6,1.3,-1.0,중립,음봉,잔구간,0.28,-0.48,2026-09-11
MNTS,0.6,4.04,331401,537064,1.34,2.45,0.5,1.0,-0.5,매도주의,위꼬리음봉,완만한상승,0.23,-0.92,2026-09-11
MNSO,0.6,9.07,695129,1072504,6.3,13.55,0.5,1.2,-1.1,매도주의,장대음봉,잔구간,0.19,-1.185,2026-09-11
NOWL,0.6,7.02,3921310,6200474,27.53,58.93,0.5,-0.4,2.3,중립,양봉,잔구간,0.52,0.36,2026-09-11
MPLT,0.6,13.0,340166,536495,4.42,7.96,0.6,0.7,-6.3,매도주의,장대음봉,잔구간,0.15,-1.21,2026-09-11
NRGV,0.6,4.31,2210109,3635495,9.53,14.06,0.7,1.7,0.7,중립,위꼬리양봉,완만한상승,0.35,-0.28,2026-09-11
RXST,0.6,6.02,450645,700792,2.71,5.42,0.5,0.7,0.3,매수관심,양봉스프링,잔구간,0.98,1.04,2026-09-11
RXRX,0.6,3.2,8034114,14125806,25.71,48.46,0.5,1.6,-0.3,매수관심,팽이도지,완만한상승,0.5,0.9,2026-09-11
BTQ,0.6,2.83,1611717,2574262,4.56,8.77,0.5,4.0,0.0,중립,팽이도지,잔구간,0.27,-0.14,2026-09-11
NUAI,0.6,5.94,3513951,6116167,20.87,36.31,0.6,4.0,-3.6,매도주의,장대음봉,완만한상승,0.17,-1.5,2026-09-11
EAF,0.6,6.58,320801,520020,2.11,3.37,0.6,1.0,5.8,중립,양봉,잔구간,0.79,0.525,2026-09-11
GOGO,0.6,2.62,1171605,1979880,3.07,6.02,0.5,1.5,-0.4,중립,팽이도지,잔구간,0.38,-0.07,2026-09-11
HLN,0.6,9.19,10035731,16783039,92.23,130.93,0.7,-0.2,-0.1,중립,망치형,잔구간,0.75,0.65,2026-09-11
SUNE,0.5,3.2,3024517,6060130,9.68,63.69,0.2,-8.0,3.2,중립,팽이도지,잔구간,0.53,0.02,2026-09-11
YMM,0.5,8.17,2831218,6205550,23.13,55.43,0.4,1.0,-0.6,중립,음봉,잔구간,0.35,-0.44,2026-09-11
GRNT,0.5,5.11,1067308,2012114,5.45,9.27,0.6,-0.4,0.6,강한매수,양봉스프링,완만한상승,1.0,3.0,2026-09-11
PLTZ,0.5,10.08,1922944,4033023,19.38,42.87,0.5,-2.5,1.1,중립,양봉,잔구간,0.46,0.325,2026-09-11
NEOV,0.5,3.68,593844,1263761,2.19,8.96,0.2,2.5,-2.1,중립,음봉,완만한상승,0.33,-0.0,2026-09-11
GRRR,0.5,13.59,370264,681735,5.03,12.56,0.4,1.0,-2.2,중립,음봉,잔구간,0.09,-0.595,2026-09-11
BLDP,0.5,2.21,1744069,3175895,3.85,7.64,0.5,1.4,-1.8,매도주의,장대음봉,잔구간,0.17,-1.2,2026-09-11
SECZ,0.5,8.27,857179,1560657,7.09,11.97,0.6,1.4,1.5,매수관심,양봉,완만한상승,0.64,1.77,2026-09-11
GSBD,0.5,9.62,426126,815276,4.1,8.27,0.5,0.4,0.0,중립,팽이도지,잔구간,0.51,0.005,2026-09-11
MEI,0.5,14.65,585291,1135241,8.57,16.5,0.5,2.4,5.3,매수관심,장대양봉,잔구간,0.99,1.295,2026-09-11
IREZ,0.5,8.89,1545688,3260541,13.74,26.39,0.5,-4.6,4.0,중립,양봉,잔구간,0.7,0.47,2026-09-11
ASAN,0.5,8.77,3921643,7268710,34.39,67.52,0.5,1.3,1.2,중립,양봉,잔구간,0.75,0.5,2026-09-11
RARE,0.5,14.3,3253692,6548640,46.53,114.43,0.4,0.2,-0.9,중립,팽이도지,잔구간,0.3,-0.12,2026-09-11
HOS,0.5,8.88,1572055,3223686,13.96,30.1,0.5,0.2,-1.6,중립,음봉,잔구간,0.41,-0.405,2026-09-11
OGN,0.5,13.64,1728229,3774419,23.57,48.22,0.5,0.1,-0.1,중립,음봉,완만한상승,0.5,0.2,2026-09-11
RLX,0.5,1.77,2078451,3930844,3.68,7.01,0.5,0.6,-1.1,중립,음봉,수횡파,0.22,-0.44,2026-09-11
LABX,0.5,10.58,725680,1411715,7.68,11.06,0.7,5.5,-1.6,중립,팽이도지,완만한상승,0.33,0.7,2026-09-11
BBAR,0.5,14.89,309811,578379,4.61,12.85,0.4,1.0,-3.9,매도주의,장대음봉,잔구간,0.19,-1.185,2026-09-11
CWEB,0.5,18.65,436917,795748,8.15,11.35,0.7,2.1,-0.8,중립,음봉,잔구간,0.08,-0.6,2026-09-11
SGMT,0.5,10.88,639392,1196061,6.96,10.66,0.7,2.4,-4.0,매도주의,장대음봉,잔구간,0.19,-1.185,2026-09-11
AVS,0.5,8.07,7603886,15558944,61.36,106.56,0.6,-1.1,0.9,매수관심,장대양봉,잔구간,0.95,1.27,2026-09-11
CNTB,0.5,2.04,878040,1802561,1.79,3.26,0.5,0.5,-1.4,중립,망치형,잔구간,0.63,0.58,2026-09-11
ARLO,0.5,13.19,818713,1499964,10.8,19.79,0.5,1.7,-0.2,중립,팽이도지,완만한상승,0.41,0.79,2026-09-11
CHPT,0.5,9.06,1992667,3835235,18.05,63.85,0.3,1.7,-0.2,매도주의,위꼬리음봉,잔구간,0.21,-0.925,2026-09-11
TGB,0.5,8.14,2769898,5328020,22.55,49.22,0.5,0.0,1.5,매수관심,양봉,완만한상승,0.57,1.68,2026-09-11
FPI,0.5,10.7,333367,737555,3.57,7.48,0.5,1.2,-0.6,중립,음봉,완만한상승,0.52,0.22,2026-09-11
MOBX,0.5,1.11,1152400,2409855,1.28,21.06,0.1,-0.4,0.0,중립,팽이도지,잔구간,0.29,-0.125,2026-09-11
CBRZ,0.5,9.53,325724,650958,3.1,5.4,0.6,-2.8,2.3,중립,양봉,잔구간,0.78,0.52,2026-09-11
TWI,0.5,7.19,354847,706945,2.55,5.21,0.5,2.0,-4.3,매도주의,장대음봉,잔구간,0.08,-1.25,2026-09-11
TTD,0.5,14.34,11224164,20806328,160.95,270.23,0.6,0.4,2.3,강한매수,장대양봉,완만한상승,0.9,3.38,2026-09-11
CPNG,0.5,15.12,10334901,20643425,156.26,297.36,0.5,1.6,1.5,매수관심,장대양봉,잔구간,0.88,1.23,2026-09-11
LI,0.5,11.81,1768176,3410065,20.88,34.48,0.6,1.3,0.1,중립,위꼬리양봉,완만한상승,0.21,-0.45,2026-09-11
CTOS,0.5,9.11,555548,1111467,5.06,9.8,0.5,2.5,-1.7,중립,음봉,완만한상승,0.24,-0.11,2026-09-11
SHO,0.5,10.98,1113132,2417141,12.22,27.26,0.4,0.9,-0.8,중립,음봉,완만한상승,0.0,-0.4,2026-09-11
WOOF,0.4,2.45,1961130,4418953,4.8,10.02,0.5,1.6,-0.8,중립,망치형,잔구간,0.71,0.625,2026-09-11
EVGO,0.4,1.36,2114485,4767941,2.88,6.72,0.4,2.3,0.0,중립,팽이도지,잔구간,0.56,0.035,2026-09-11
ABUS,0.4,5.12,1850049,4212546,9.47,20.1,0.5,1.0,-1.0,매도주의,장대음봉,완만한상승,0.15,-1.52,2026-09-11
PCG,0.4,13.8,26757655,60516574,369.26,1197.87,0.3,0.9,-2.5,매도주의,장대음봉,잔구간,0.12,-1.23,2026-09-11
SWBI,0.4,13.15,403178,1004624,5.3,10.7,0.5,0.8,-1.9,중립,음봉,잔구간,0.26,-0.495,2026-09-11
LULG,0.4,4.09,633503,1522135,2.59,7.86,0.3,1.3,2.5,강한매수,양봉,완만한상승,0.97,2.16,2026-09-11
XTND,0.4,4.49,699908,1755887,3.14,11.36,0.3,1.4,-8.4,매도주의,장대음봉,잔구간,0.12,-1.23,2026-09-11
CRDU,0.4,6.57,3969078,9100381,26.08,53.56,0.5,3.1,-0.3,중립,팽이도지,잔구간,0.56,0.035,2026-09-11
SPCG,0.4,15.38,664176,1525873,10.22,20.24,0.5,-3.0,-1.5,매도주의,위꼬리음봉,잔구간,0.11,-0.985,2026-09-11
GDRX,0.4,3.39,491920,1172944,1.67,4.07,0.4,1.2,0.0,매수관심,팽이도지,완만한상승,0.69,1.13,2026-09-11
ENGS,0.4,2.92,593195,1389365,1.73,4.56,0.4,0.0,0.7,강한매수,양봉스프링,완만한상승,0.76,2.71,2026-09-11
PBR.A,0.4,19.11,3731417,8296389,71.31,153.6,0.5,-0.7,0.1,중립,팽이도지,잔구간,0.57,0.04,2026-09-11
LX,0.4,0.804,2084825,4781933,1.68,8.3,0.2,-0.9,0.5,중립,팽이도지,잔구간,0.68,0.11,2026-09-11
CCO,0.4,2.38,1089774,2511350,2.59,9.36,0.3,0.4,-0.4,매도주의,장대음봉,완만한상승,0.0,-1.7,2026-09-11
PTON,0.4,4.95,4753873,11396370,23.53,50.12,0.5,1.6,-1.0,매도주의,장대음봉,완만한상승,0.12,-1.56,2026-09-11
PSQL,0.4,7.98,475029,1210019,3.79,23.08,0.2,0.0,2.4,중립,양봉,잔구간,0.64,0.435,2026-09-11
SPCQ,0.4,11.14,657108,1700694,7.32,14.86,0.5,-2.5,-0.5,중립,팽이도지,잔구간,0.3,-0.12,2026-09-11
TENX,0.4,1.86,2724582,6148074,5.07,13.5,0.4,2.1,-6.5,매도주의,장대음봉,잔구간,0.0,-1.3,2026-09-11
SPWR,0.4,0.337,2997320,7751371,1.01,13.33,0.1,-0.8,-3.0,중립,음봉,잔구간,0.29,-0.475,2026-09-11
BRUN,0.4,16.63,825432,1967587,13.73,39.03,0.4,0.6,0.4,중립,위꼬리양봉,완만한상승,0.16,-0.51,2026-09-11
BSBR,0.4,6.02,2471619,6322216,14.88,29.49,0.5,1.5,0.8,매수관심,장대양봉,잔구간,1.0,1.3,2026-09-11
VNET,0.4,6.33,1439755,3378978,9.11,23.9,0.4,0.2,-0.9,중립,음봉,잔구간,0.29,-0.475,2026-09-11
RSKD,0.4,6.09,736944,2044205,4.49,14.05,0.3,-0.2,2.2,강한매수,장대양봉,완만한상승,0.79,3.25,2026-09-11
GORO,0.4,3.6,961056,2241433,3.46,6.68,0.5,2.0,-1.1,매수관심,팽이도지,완만한상승,0.49,0.89,2026-09-11
LAND,0.4,9.55,481544,1106496,4.6,9.43,0.5,0.8,-0.1,중립,팽이도지,완만한상승,0.4,0.78,2026-09-11
ARX,0.3,19.84,350534,1143328,6.95,28.15,0.2,0.1,-0.1,매도주의,장대음봉,완만한상승,0.0,-1.7,2026-09-11
WETO,0.3,2.44,1553793,4962890,3.79,46.2,0.1,-3.1,-2.4,중립,음봉,잔구간,0.43,-0.39,2026-09-11
TLYS,0.3,4.6,607459,2098038,2.79,10.29,0.3,0.0,7.2,강한매수,장대양봉,완만한상승,1.0,3.5,2026-09-11
IQ,0.2,0.952,2718778,12073528,2.59,11.02,0.2,0.1,1.6,매수관심,양봉,완만한상승,0.38,1.46,2026-09-11
SST,0.2,3.42,372449,1893387,1.27,8.6,0.1,-2.3,-8.8,중립,음봉,잔구간,0.01,-0.645,2026-09-11
GPRO,0.2,1.38,28210661,136368977,38.93,233.89,0.2,0.0,-1.4,중립,팽이도지,잔구간,0.33,-0.1,2026-09-11
MIMI,0.2,0.969,1145470,5885245,1.11,24.4,0.0,-5.6,-2.3,매도주의,위꼬리음봉,잔구간,0.22,-0.92,2026-09-11
BRNX,0.2,2.54,515744,2239024,1.31,11.41,0.1,-6.3,-4.9,매도주의,장대음봉,잔구간,0.1,-1.24,2026-09-11
BIAF,0.1,7.95,827861,14854709,6.58,144.68,0.0,6.1,-20.2,매도주의,장대음봉,잔구간,0.06,-1.265,2026-09-11
