ticker,ratio,latest_close,latest_volume,baseline_volume,dollar_volume_M,avg_dollar_vol_10d_M,dollar_surge_x,signal_gap_%,intraday_chg_%,candle_signal,candle_shape,candle_pos,close_pos,candle_score,latest_date
WLDS,543.9,3.53,29712592,54627,104.89,6.74,15.6,14.8,37.9,강한매수,양봉,전고점돌파,0.57,2.28,2026-07-24
LVWR,192.5,1.46,104994917,545462,153.29,0.87,176.0,64.3,15.4,강한매수,양봉,전고점돌파,0.43,2.12,2026-07-24
ZCMD,159.0,1.4,17833636,112190,24.97,61.86,0.4,8.1,-25.1,매도주의,장대음봉,전저점부근,0.18,-1.63,2026-07-24
JEM,124.6,6.35,15751000,126369,100.02,14.94,6.7,29.7,3.3,매수관심,팽이도지,전고점돌파,0.62,1.64,2026-07-24
EXYN,121.5,2.65,8095969,66625,21.45,0.39,55.6,-1.3,-12.5,중립,음봉,전저점부근,0.18,-0.33,2026-07-24
MOBX,114.5,1.81,22566225,197067,40.84,0.56,72.5,7.1,-11.5,강한매도,장대음봉,전저점이탈,0.2,-3.11,2026-07-24
MSS,95.7,1.84,14770255,154418,27.18,0.48,56.1,17.1,-38.9,강한매도,장대음봉,전저점이탈,0.06,-3.28,2026-07-24
CISS,87.1,0.52,5243332,60219,2.73,0.24,11.5,-7.5,-41.6,강한매도,장대음봉,전저점이탈,0.23,-3.07,2026-07-24
TC,67.0,2.3,12860253,191851,29.58,1.1,26.9,2.1,19.8,중립,위꼬리양봉,잔구간,0.26,-0.645,2026-07-24
BNRG,49.6,0.671,48809212,983274,32.73,1.83,17.8,31.2,-34.6,매도주의,장대음봉,잔구간,0.07,-1.26,2026-07-24
OMH,47.6,0.503,259308398,5446459,130.54,25.84,5.1,44.6,-17.9,매도주의,위꼬리음봉,완만한상승,0.02,-1.18,2026-07-24
STAK,38.2,9.27,67077329,1757518,621.81,27.85,22.3,-6.8,653.7,강한매수,장대양봉,전고점돌파,0.75,3.8,2026-07-24
ANY,36.3,1.91,6505792,179143,12.43,1.44,8.6,8.8,-0.5,매수관심,팽이도지,완만한상승,0.57,0.98,2026-07-24
WBUY,29.7,0.849,3187505,107418,2.71,19.81,0.1,-22.3,-2.4,중립,망치형,잔구간,0.7,0.62,2026-07-24
VIVK,27.7,2.91,106973532,3868528,311.29,44.97,6.9,70.3,-19.4,중립,음봉,잔구간,0.27,-0.49,2026-07-24
CTNT,20.8,1.73,3004644,144414,5.2,0.32,16.2,-0.7,16.9,중립,양봉,잔구간,0.54,0.375,2026-07-24
LGCL,18.9,1.36,4562328,241352,6.2,12.6,0.5,2.3,-24.4,중립,음봉,잔구간,0.04,-0.625,2026-07-24
CDXS,16.2,1.48,10376854,640177,15.36,1.52,10.1,-25.4,-0.3,매도주의,팽이도지,전저점이탈,0.31,-0.98,2026-07-24
HODO,10.4,0.92,2904638,280439,2.67,1.7,1.6,0.8,-24.0,중립,음봉,잔구간,0.6,-0.29,2026-07-24
HOWL,9.0,0.427,2988462,333426,1.28,0.21,6.2,1.3,17.0,강한매수,장대양봉,전고점돌파,0.83,3.9,2026-07-24
IPW,8.9,0.67,2699678,303292,1.81,3.09,0.6,-1.4,-18.1,매도주의,음봉,전저점이탈,0.43,-1.53,2026-07-24
OTLK,8.4,1.405,57886697,6882795,81.33,12.66,6.4,2.3,4.1,중립,팽이도지,잔구간,0.45,-0.03,2026-07-24
LODE,7.5,3.0,6271504,840643,18.81,3.27,5.8,-3.4,-20.0,강한매도,장대음봉,전저점이탈,0.19,-3.12,2026-07-24
RBNE,7.5,3.2,841155,112876,2.69,1.55,1.7,-38.0,-9.1,매도주의,음봉,전저점이탈,0.08,-1.95,2026-07-24
ZVRA,7.3,9.525,6941222,953586,66.12,13.07,5.1,-26.5,3.5,매도주의,위꼬리양봉,전저점이탈,0.39,-1.88,2026-07-24
AMKL,7.0,13.42,532892,76434,7.15,1.1,6.5,19.3,-17.2,매도주의,장대음봉,잔구간,0.23,-1.16,2026-07-24
GRFS,6.9,7.58,3092200,449460,23.44,3.76,6.2,0.3,0.3,중립,위꼬리양봉,완만한상승,0.21,-0.45,2026-07-24
EPRX,6.3,5.81,892500,142171,5.19,1.51,3.4,1.1,-8.8,강한매도,장대음봉,전저점이탈,0.14,-3.18,2026-07-24
EHGO,6.0,2.09,1376382,229940,2.88,29.27,0.1,-15.9,-8.3,중립,음봉,잔구간,0.56,-0.315,2026-07-24
LBTYK,5.7,9.6,4069973,712415,39.07,8.13,4.8,0.4,-4.2,매도주의,음봉,전저점이탈,0.36,-1.62,2026-07-24
LBTYA,5.6,9.69,8772273,1560622,85.0,15.46,5.5,-1.5,-4.4,매도주의,음봉,전저점이탈,0.32,-1.67,2026-07-24
SPRO,5.6,1.19,11767489,2086129,14.0,4.17,3.4,-1.7,4.4,중립,양봉,잔구간,0.73,0.49,2026-07-24
SSMR,5.5,14.39,361177,65402,5.2,1.32,3.9,-0.3,0.6,중립,팽이도지,완만한상승,0.38,0.76,2026-07-24
VIXM,5.4,14.62,1254397,233469,18.34,4.77,3.8,-0.2,0.1,중립,팽이도지,잔구간,0.48,-0.01,2026-07-24
HYFT,5.3,1.36,983424,185819,1.34,0.32,4.2,4.2,10.6,중립,양봉,잔구간,0.69,0.465,2026-07-24
MEGI,5.1,15.11,426469,83366,6.44,1.27,5.1,-0.5,-2.1,매도주의,음봉,전저점이탈,0.42,-1.55,2026-07-24
MODD,5.0,2.51,457053,91446,1.15,0.65,1.8,-3.0,-14.9,매도주의,장대음봉,전저점부근,0.12,-1.71,2026-07-24
SMCZ,4.7,6.76,3888643,834518,26.29,17.84,1.5,3.9,2.7,매수관심,팽이도지,완만한상승,0.58,1.0,2026-07-24
TMTS,4.6,10.09,314599,69108,3.17,0.69,4.6,0.4,0.2,중립,무참고,정보부족,,0.0,2026-07-24
RELL,4.4,17.96,830134,186718,14.91,4.92,3.0,-0.1,-17.6,매도주의,장대음봉,잔구간,0.11,-1.235,2026-07-24
DFNS,4.3,4.35,3648170,850478,15.87,19.84,0.8,1.8,9.6,중립,양봉,잔구간,0.48,0.34,2026-07-24
MGNX,4.2,3.7,2653931,625780,9.82,3.45,2.8,0.0,-7.7,매도주의,음봉,전저점이탈,0.49,-1.46,2026-07-24
WSE,4.2,11.33,3665142,881800,41.53,12.92,3.2,-6.8,0.6,매도주의,위꼬리양봉,전저점이탈,0.31,-1.98,2026-07-24
DBRG,4.2,15.9,7242553,1715011,115.16,35.61,3.2,0.1,0.3,강한매수,양봉,전고점돌파,0.78,2.54,2026-07-24
SGRY,4.2,15.73,4116913,991208,64.76,18.41,3.5,2.8,0.6,중립,위꼬리양봉,완만한상승,0.24,-0.41,2026-07-24
PLAG,4.2,0.667,1679515,402161,1.12,4.54,0.2,-20.7,20.7,매수관심,장대양봉,잔구간,0.68,1.11,2026-07-24
ACI,4.1,11.03,21368461,5236727,235.69,129.94,1.8,-2.4,-1.2,중립,음봉,전저점부근,0.5,0.05,2026-07-24
GLAS,4.1,10.02,892272,216895,8.94,2.89,3.1,1.1,-1.3,중립,망치형,잔구간,0.63,0.58,2026-07-24
GMEU,4.1,7.44,1013399,246096,7.54,1.79,4.2,-0.5,-1.5,매도주의,음봉,전저점이탈,0.12,-1.91,2026-07-24
HQL,4.0,19.25,445050,111938,8.57,2.48,3.5,-1.0,-1.0,매도주의,음봉,전저점이탈,0.39,-1.58,2026-07-24
INO,3.6,0.97,3719690,1023005,3.61,1.34,2.7,1.0,-5.8,강한매도,장대음봉,전저점이탈,0.13,-3.19,2026-07-24
LBRT,3.6,17.36,14255999,3922642,247.48,97.73,2.5,0.0,-11.5,강한매도,장대음봉,전저점이탈,0.07,-3.27,2026-07-24
NVCR,3.6,17.65,3880148,1067046,68.48,34.05,2.0,3.5,-14.7,매도주의,장대음봉,잔구간,0.01,-1.295,2026-07-24
RERE,3.5,3.88,1815690,524190,7.04,2.73,2.6,-0.8,2.9,매수관심,장대양봉,잔구간,0.83,1.2,2026-07-24
CLF,3.5,11.93,69875781,20143495,833.62,236.02,3.5,3.4,5.3,강한매수,양봉,전고점돌파,0.88,2.66,2026-07-24
PACK,3.5,6.47,1173057,332967,7.59,2.57,3.0,1.6,0.9,중립,팽이도지,잔구간,0.7,0.12,2026-07-24
FLG,3.3,13.85,11375489,3480216,157.55,52.72,3.0,-3.1,-2.8,매도주의,음봉,전저점이탈,0.13,-1.89,2026-07-24
EVH,3.3,4.22,5638559,1721045,23.79,15.57,1.5,0.0,-9.1,강한매도,장대음봉,전저점이탈,0.23,-3.07,2026-07-24
SKYQ,3.2,4.7,19180330,5964093,90.15,49.0,1.8,14.9,-27.5,매도주의,장대음봉,잔구간,0.09,-1.245,2026-07-24
VFS,3.2,2.85,967244,303192,2.76,1.28,2.2,0.3,-7.5,강한매도,장대음봉,전저점이탈,0.0,-3.35,2026-07-24
TASK,3.2,5.52,1692111,527357,9.34,4.72,2.0,0.2,3.0,강한매수,장대양봉,완만한상승,0.89,3.37,2026-07-24
OTLY,3.1,13.37,366035,119181,4.89,2.38,2.1,-1.9,8.5,강한매수,장대양봉,전고점돌파,0.91,3.99,2026-07-24
DOMO,3.1,3.68,4956507,1616917,18.24,15.91,1.1,1.3,-8.0,매도주의,장대음봉,잔구간,0.06,-1.265,2026-07-24
SPSK,3.0,17.845,538115,179958,9.6,3.33,2.9,0.1,0.0,중립,위꼬리양봉,잔구간,0.17,-0.7,2026-07-24
DRAL,3.0,10.31,1500561,498980,15.47,5.56,2.8,-9.3,-9.4,매도주의,장대음봉,잔구간,0.14,-1.215,2026-07-24
MCHB,3.0,15.68,2005137,670411,31.44,11.03,2.8,0.4,-2.0,중립,음봉,잔구간,0.39,-0.415,2026-07-24
HIO,2.9,3.52,970635,337045,3.42,1.14,3.0,-0.6,-0.8,중립,음봉,잔구간,0.5,-0.35,2026-07-24
IBIO,2.8,1.43,1213322,429783,1.74,1.09,1.6,0.0,2.1,강한매수,양봉스프링,완만한상승,0.77,2.72,2026-07-24
MNKD,2.8,4.13,9444208,3404295,39.0,16.46,2.4,4.4,1.7,중립,양봉,잔구간,0.6,0.41,2026-07-24
ORIC,2.8,12.1,3613187,1285492,43.72,13.96,3.1,0.5,10.6,강한매수,장대양봉,전고점돌파,0.75,3.8,2026-07-24
BYRN,2.8,3.54,1670410,603607,5.91,3.14,1.9,14.2,-8.1,매도주의,장대음봉,잔구간,0.05,-1.27,2026-07-24
ELME,2.7,1.49,1843329,677948,2.75,2.26,1.2,0.0,1.4,중립,양봉,잔구간,0.4,0.29,2026-07-24
MBLY,2.7,8.05,15013450,5515263,120.86,75.29,1.6,1.2,6.5,중립,양봉,잔구간,0.61,0.415,2026-07-24
DGAC,2.7,9.92,519953,195436,5.16,3.76,1.4,-0.6,0.7,강한매수,장대양봉,완만한상승,0.78,3.24,2026-07-24
RUBI,2.6,2.22,1478479,576699,3.28,10.2,0.3,3.4,-9.0,중립,음봉,전저점부근,0.17,-0.35,2026-07-24
KRNT,2.6,15.23,687076,261061,10.46,3.2,3.3,1.0,1.4,중립,양봉,잔구간,0.6,0.41,2026-07-24
VLRS,2.6,7.62,1418725,544758,10.81,4.77,2.3,0.5,0.3,중립,위꼬리양봉,잔구간,0.16,-0.705,2026-07-24
CNH,2.6,11.15,21155391,8130216,235.88,94.18,2.5,0.6,4.4,강한매수,장대양봉,전고점돌파,1.0,4.1,2026-07-24
EGHT,2.6,1.74,4234756,1636265,7.37,3.02,2.4,2.2,5.5,중립,양봉,잔구간,0.71,0.475,2026-07-24
FRMI,2.6,7.4,40531276,15821792,299.93,137.55,2.2,2.8,13.8,강한매수,장대양봉,전고점돌파,0.87,3.94,2026-07-24
TV,2.6,2.75,2358939,894168,6.49,2.16,3.0,-5.4,4.2,중립,양봉,잔구간,0.71,0.475,2026-07-24
PFFD,2.5,18.36,1393424,547417,25.58,10.5,2.4,0.3,-0.4,강한매도,장대음봉,전저점이탈,0.0,-3.35,2026-07-24
TSLL,2.5,7.42,118136326,47005418,876.57,645.07,1.4,0.6,-5.0,중립,음봉,전저점부근,0.38,-0.09,2026-07-24
TSLR,2.5,12.79,2062393,825097,26.38,19.02,1.4,0.6,-4.9,중립,음봉,전저점부근,0.4,-0.07,2026-07-24
AQN,2.5,6.1,6854753,2791251,41.81,18.18,2.3,0.3,1.5,강한매수,장대양봉,전고점돌파,1.0,4.1,2026-07-24
PEW,2.5,2.33,881885,359848,2.05,1.14,1.8,0.0,-2.1,매도주의,음봉,전저점이탈,0.43,-1.53,2026-07-24
BCYC,2.5,3.87,572862,225742,2.22,1.27,1.8,0.0,-7.0,강한매도,장대음봉,전저점이탈,0.0,-3.35,2026-07-24
CBRZ,2.5,15.9,656045,267263,10.43,6.7,1.6,5.1,12.9,매수관심,장대양봉,잔구간,0.75,1.15,2026-07-24
VET,2.4,11.26,3345137,1390060,37.67,14.47,2.6,-1.0,1.2,매수관심,양봉,완만한상승,0.44,1.53,2026-07-24
FFAI,2.4,6.49,1113196,458170,7.22,7.32,1.0,-4.7,-36.7,강한매도,장대음봉,전저점이탈,0.02,-3.33,2026-07-24
KZIA,2.4,12.26,317976,133259,3.9,2.32,1.7,0.0,-6.0,매도주의,음봉,전저점이탈,0.17,-1.85,2026-07-24
DHF,2.4,2.35,589136,246273,1.38,0.63,2.2,0.4,-0.8,강한매도,장대음봉,전저점이탈,0.33,-2.95,2026-07-24
DERM,2.4,6.19,313643,132994,1.94,0.98,2.0,0.0,-5.9,매도주의,음봉,전저점이탈,0.29,-1.7,2026-07-24
BSCV,2.4,16.195,986597,418873,15.98,6.8,2.3,0.2,-0.0,중립,팽이도지,잔구간,0.5,0.0,2026-07-24
CERT,2.4,7.51,5624248,2389897,42.24,20.1,2.1,0.3,5.3,강한매수,장대양봉,전고점돌파,0.81,3.87,2026-07-24
TSLT,2.3,10.39,4425382,1962181,45.98,35.78,1.3,1.1,-5.1,중립,음봉,전저점부근,0.39,-0.08,2026-07-24
ARDT,2.3,10.64,957160,410642,10.18,4.87,2.1,1.5,0.6,중립,위꼬리양봉,전고점돌파,0.07,-0.02,2026-07-24
MPG,2.3,3.099,474951,205108,1.47,0.64,2.3,-2.4,-14.6,강한매도,장대음봉,전저점이탈,0.04,-3.3,2026-07-24
CYH,2.3,2.73,3482204,1521170,9.51,8.16,1.2,-0.4,-1.4,중립,팽이도지,잔구간,0.29,-0.125,2026-07-24
MBI,2.3,5.66,755844,333416,4.28,2.07,2.1,-0.5,-1.2,강한매도,위꼬리음봉,전저점이탈,0.12,-2.71,2026-07-24
SMMT,2.3,13.66,8153726,3518856,111.38,47.13,2.4,-8.4,-0.4,중립,팽이도지,잔구간,0.38,-0.07,2026-07-24
IKT,2.2,2.33,2158411,986991,5.03,2.59,1.9,1.7,-1.7,강한매도,위꼬리음봉,전고점부근,0.05,-3.49,2026-07-24
CX,2.2,12.06,11286409,5021586,136.11,78.03,1.7,0.3,-2.0,강한매도,장대음봉,전저점이탈,0.11,-3.22,2026-07-24
PRAA,2.2,16.98,722473,332532,12.27,5.01,2.4,0.7,4.4,매수관심,장대양봉,잔구간,0.74,1.145,2026-07-24
TLRY,2.2,3.88,6581541,3015342,25.54,14.25,1.8,0.3,-3.0,매도주의,음봉,전저점이탈,0.36,-1.62,2026-07-24
PUMP,2.1,11.8,6567501,3117829,77.5,41.72,1.9,-0.1,-4.0,매도주의,음봉,전저점이탈,0.4,-1.57,2026-07-24
NHIC,2.1,10.81,342264,159915,3.7,1.46,2.5,0.2,-0.1,중립,음봉,완만한상승,0.33,-0.0,2026-07-24
DRV,2.1,16.84,307928,149164,5.19,3.31,1.6,-2.2,-4.3,매도주의,장대음봉,전저점부근,0.24,-1.56,2026-07-24
PYXS,2.1,2.61,855405,408755,2.23,2.36,0.9,1.5,-4.0,중립,음봉,잔구간,0.04,-0.625,2026-07-24
SES,2.1,0.503,34649002,16400788,17.44,9.89,1.8,0.5,-6.8,강한매도,장대음봉,전저점이탈,0.25,-3.05,2026-07-24
TSL,2.0,11.43,843108,419301,9.64,7.38,1.3,0.5,-3.0,매도주의,음봉,전저점이탈,0.38,-1.59,2026-07-24
PCG,2.0,17.85,32825248,16122917,585.93,297.59,2.0,0.7,1.1,매수관심,양봉,완만한상승,0.72,1.86,2026-07-24
GLND,2.0,2.01,1111073,566764,2.23,1.52,1.5,-1.8,-6.9,강한매도,장대음봉,전저점이탈,0.16,-3.16,2026-07-24
BZFD,2.0,1.11,1190519,583022,1.32,0.66,2.0,0.0,-1.8,중립,팽이도지,전저점이탈,0.5,-0.75,2026-07-24
GILT,2.0,10.73,970909,489496,10.42,5.85,1.8,1.6,-7.2,매도주의,장대음봉,전저점부근,0.08,-1.75,2026-07-24
ATII,2.0,10.685,317998,161036,3.4,1.73,2.0,-0.4,0.2,중립,팽이도지,잔구간,0.61,0.065,2026-07-24
NOWL,1.9,4.18,28157206,14514944,117.7,79.23,1.5,6.0,7.7,매수관심,장대양봉,잔구간,0.94,1.265,2026-07-24
WIW,1.9,8.29,366193,195434,3.04,1.68,1.8,-0.5,-0.1,중립,망치형,전저점이탈,0.6,0.37,2026-07-24
SIGA,1.9,3.11,877473,467150,2.73,1.94,1.4,-0.3,-1.0,강한매수,망치형,전저점부근,0.55,2.81,2026-07-24
TRLV,1.9,8.36,1017790,539228,8.51,6.24,1.4,-0.1,-2.1,중립,음봉,잔구간,0.39,-0.415,2026-07-24
SEER,1.9,1.97,521921,278401,1.03,0.74,1.4,0.5,-4.4,강한매도,장대음봉,전저점이탈,0.1,-3.23,2026-07-24
ASTL,1.9,4.32,1315565,697143,5.68,3.2,1.8,0.2,-0.9,매도주의,위꼬리음봉,잔구간,0.21,-0.925,2026-07-24
DQ,1.9,11.67,1065089,563584,12.43,6.91,1.8,-0.2,-1.9,중립,음봉,수횡파,0.44,-0.17,2026-07-24
ANVS,1.9,1.66,1034233,548025,1.72,1.27,1.4,-0.9,-4.3,매도주의,장대음봉,전저점부근,0.17,-1.65,2026-07-24
AVIR,1.9,4.73,381466,201096,1.8,1.07,1.7,0.6,-1.0,중립,음봉,수횡파,0.31,-0.33,2026-07-24
TKC,1.9,5.56,2752318,1477106,15.3,10.04,1.5,-2.5,1.8,매수관심,장대양봉,잔구간,0.91,1.245,2026-07-24
MRTN,1.9,16.3,988612,510179,16.11,10.13,1.6,0.7,-4.1,매도주의,음봉,전저점이탈,0.35,-1.63,2026-07-24
BTAL,1.9,12.18,1219121,645381,14.85,5.88,2.5,-0.5,2.3,강한매수,장대양봉,완만한상승,0.92,3.4,2026-07-24
JBLU,1.9,5.27,55111513,29532298,290.44,164.15,1.8,0.6,5.0,매수관심,장대양봉,잔구간,0.69,1.115,2026-07-24
PAX,1.9,10.8,1481215,767287,16.0,8.02,2.0,0.6,-0.6,중립,음봉,잔구간,0.49,-0.355,2026-07-24
PROK,1.9,1.5,1716912,891529,2.58,1.75,1.5,0.0,-1.3,중립,팽이도지,잔구간,0.36,-0.085,2026-07-24
NEXT,1.9,7.005,4143452,2217992,29.02,16.32,1.8,-1.8,-10.4,강한매도,장대음봉,전저점이탈,0.01,-3.34,2026-07-24
BCAR,1.9,10.35,1414755,757310,14.64,9.47,1.5,-0.1,0.0,강한매수,양봉스프링,전저점부근,0.93,3.77,2026-07-24
MNSO,1.8,12.21,997449,566471,12.18,9.88,1.2,-1.5,-0.1,매도주의,팽이도지,전저점이탈,0.37,-0.91,2026-07-24
CRNT,1.8,2.13,950082,516780,2.02,2.11,1.0,-1.8,-2.3,중립,음봉,잔구간,0.41,-0.405,2026-07-24
GOOS,1.8,8.89,1212680,675135,10.78,5.69,1.9,-0.9,-2.2,매도주의,음봉,전저점이탈,0.41,-1.56,2026-07-24
ORGO,1.8,2.39,1179218,641372,2.82,2.02,1.4,0.0,-1.6,중립,음봉,잔구간,0.58,-0.3,2026-07-24
CJMB,1.8,2.55,16314170,8847485,41.6,15.86,2.6,17.4,-7.6,매도주의,위꼬리음봉,완만한상승,0.19,-0.97,2026-07-24
HPP,1.8,15.38,1040847,593458,16.01,9.05,1.8,1.1,2.3,중립,양봉,잔구간,0.76,0.505,2026-07-24
VNET,1.8,7.21,4061858,2255133,29.29,19.05,1.5,-1.0,-6.2,매도주의,장대음봉,잔구간,0.02,-1.29,2026-07-24
AIRJ,1.8,4.17,1847572,1015318,7.7,6.7,1.2,0.2,-7.1,매도주의,장대음봉,잔구간,0.04,-1.275,2026-07-24
TWO,1.8,12.1,2065560,1175464,24.99,20.66,1.2,0.1,0.0,매수관심,팽이도지,완만한상승,0.5,0.9,2026-07-24
RGP,1.8,3.77,1366017,763617,5.15,3.34,1.5,-0.5,0.8,중립,팽이도지,잔구간,0.63,0.08,2026-07-24
ASG,1.8,5.07,436252,246864,2.21,1.58,1.4,-0.2,0.2,중립,팽이도지,잔구간,0.59,0.055,2026-07-24
CRF,1.8,7.0,1289651,712711,9.03,9.28,1.0,0.4,0.3,매수관심,팽이도지,완만한상승,0.68,1.12,2026-07-24
OCTV,1.8,16.32,1440040,787473,23.5,13.95,1.7,3.6,1.6,중립,양봉,잔구간,0.56,0.385,2026-07-24
ONDG,1.8,2.81,4988313,2748379,14.02,6.55,2.1,0.3,-3.4,중립,팽이도지,잔구간,0.49,-0.005,2026-07-24
METC,1.7,10.35,2217645,1329326,22.95,14.79,1.6,1.1,-8.6,강한매도,장대음봉,전저점이탈,0.04,-3.3,2026-07-24
ELDN,1.7,3.58,1280447,764576,4.58,3.51,1.3,0.5,-4.8,강한매도,장대음봉,전저점이탈,0.31,-2.98,2026-07-24
EAD,1.7,6.29,443369,263773,2.79,1.67,1.7,0.3,-0.5,강한매도,장대음봉,전저점이탈,0.2,-3.11,2026-07-24
BWEN,1.7,4.83,585403,347372,2.83,2.14,1.3,-1.0,-5.8,중립,음봉,잔구간,0.14,-0.565,2026-07-24
XMAX,1.7,8.43,792858,453236,6.68,6.84,1.0,-0.2,-0.7,중립,음봉,잔구간,0.47,-0.37,2026-07-24
NCOOU,1.7,10.03,363676,218754,3.65,9.58,0.4,0.1,0.1,강한매수,양봉,전고점돌파,0.5,2.2,2026-07-24
OGN,1.7,13.52,3824238,2224673,51.7,34.74,1.5,0.1,-0.4,매도주의,장대음봉,잔구간,0.0,-1.3,2026-07-24
KD,1.7,12.05,5406193,3197825,65.14,41.93,1.6,2.1,1.2,매수관심,양봉,완만한상승,0.51,1.61,2026-07-24
COHH,1.7,6.77,503686,290729,3.41,2.99,1.1,-5.4,-14.9,매도주의,장대음봉,잔구간,0.08,-1.25,2026-07-24
CAI,1.7,15.52,4932158,2977567,76.55,56.19,1.4,0.6,-1.4,중립,음봉,잔구간,0.44,-0.385,2026-07-24
RDY,1.7,11.79,3229739,1855357,38.08,34.35,1.1,0.0,-0.1,중립,팽이도지,잔구간,0.36,-0.085,2026-07-24
ACP,1.7,5.1,1035735,625159,5.28,2.94,1.8,0.0,-1.2,강한매도,장대음봉,전저점이탈,0.33,-2.95,2026-07-24
MSTW,1.7,3.2,601196,359972,1.92,1.33,1.4,-0.9,-1.8,중립,음봉,전저점부근,0.52,0.07,2026-07-24
CNTX,1.6,0.614,2085792,1264412,1.28,1.12,1.1,2.8,0.9,강한매수,양봉스프링,수횡파,0.83,3.5,2026-07-24
GRAB,1.6,3.31,57837528,37055273,191.44,125.85,1.5,0.0,0.3,중립,위꼬리양봉,잔구간,0.1,-0.74,2026-07-24
GSBD,1.6,8.66,839901,527684,7.27,5.4,1.3,0.3,0.2,매수관심,양봉스프링,잔구간,0.77,0.91,2026-07-24
AVAH,1.6,9.45,2955589,1883473,27.93,18.64,1.5,1.8,2.3,매수관심,양봉,완만한상승,0.48,1.58,2026-07-24
ARHS,1.6,7.91,1423353,896268,11.26,6.95,1.6,2.4,7.6,매수관심,장대양봉,잔구간,0.88,1.23,2026-07-24
SABS,1.6,3.51,954269,599901,3.35,1.71,2.0,0.3,-2.2,중립,음봉,잔구간,0.28,-0.48,2026-07-24
FSM,1.6,8.55,8413434,5236168,71.93,40.14,1.8,1.0,0.6,중립,위꼬리양봉,잔구간,0.39,-0.565,2026-07-24
ANGI,1.6,5.53,754406,459578,4.17,2.93,1.4,-0.9,3.0,중립,양봉,잔구간,0.48,0.34,2026-07-24
CRWU,1.6,2.915,9127506,5812903,26.61,18.32,1.5,-4.0,-19.7,매도주의,장대음봉,잔구간,0.02,-1.29,2026-07-24
FPE,1.6,17.74,1268677,809990,22.51,15.41,1.5,-0.1,0.0,중립,팽이도지,잔구간,0.6,0.06,2026-07-24
F,1.6,14.37,76549636,47196391,1100.02,697.48,1.6,0.1,1.4,매수관심,양봉,완만한상승,0.57,1.68,2026-07-24
ETHW,1.6,13.31,1256187,766635,16.72,9.99,1.7,-0.4,-0.3,중립,망치형,잔구간,0.73,0.64,2026-07-24
FTCI,1.6,2.96,402946,248877,1.19,0.75,1.6,1.2,-15.4,강한매도,장대음봉,전저점이탈,0.03,-3.31,2026-07-24
CLM,1.6,7.28,1645052,1049413,11.98,14.05,0.9,0.3,1.4,중립,양봉,잔구간,0.71,0.475,2026-07-24
PONY,1.6,7.13,4780066,3048698,34.08,21.93,1.6,-1.6,-1.0,중립,팽이도지,잔구간,0.3,-0.12,2026-07-24
PFLT,1.6,6.86,1748899,1086228,12.0,8.72,1.4,0.1,-0.4,중립,음봉,전저점부근,0.27,-0.23,2026-07-24
LYFT,1.6,14.2,17961936,11080230,255.06,171.29,1.5,-1.3,2.6,중립,양봉,잔구간,0.44,0.315,2026-07-24
KLRA,1.6,17.69,672887,409838,11.9,8.37,1.4,0.4,1.3,중립,팽이도지,잔구간,0.73,0.14,2026-07-24
KVUE,1.6,19.28,21434276,13557426,413.25,345.75,1.2,-0.1,2.1,강한매수,장대양봉,완만한상승,1.0,3.5,2026-07-24
KREF,1.6,7.34,2138854,1352661,15.7,10.2,1.5,-1.4,4.3,매수관심,장대양봉,잔구간,0.63,1.08,2026-07-24
NFE,1.6,0.353,3665980,2252281,1.29,0.8,1.6,1.5,3.8,중립,위꼬리양봉,완만한상승,0.33,-0.3,2026-07-24
ORC,1.6,6.54,6638482,4085527,43.42,31.26,1.4,0.2,-1.2,매도주의,음봉,전저점이탈,0.35,-1.63,2026-07-24
CXDO,1.6,6.62,718773,443393,4.76,4.24,1.1,0.3,-1.3,중립,음봉,잔구간,0.2,-0.53,2026-07-24
LXU,1.6,12.24,1030088,661505,12.61,7.47,1.7,-0.2,0.5,강한매수,양봉스프링,완만한상승,0.78,2.74,2026-07-24
TTD,1.6,17.29,19695259,12280758,340.53,223.67,1.5,1.0,1.9,중립,양봉,잔구간,0.66,0.445,2026-07-24
TSLZ,1.6,17.16,3967683,2449112,68.09,33.07,2.1,-0.8,5.0,강한매수,양봉,전고점돌파,0.6,2.32,2026-07-24
DRN,1.6,11.81,1097145,675207,12.96,8.01,1.6,1.5,4.8,매수관심,장대양봉,잔구간,0.77,1.16,2026-07-24
AMACU,1.6,9.97,882139,544165,8.79,14.73,0.6,0.1,0.0,매수관심,무참고,완만한상승,,0.9,2026-07-24
USDE,1.6,1.43,1122914,683811,1.61,1.41,1.1,1.1,-18.8,강한매도,장대음봉,전저점이탈,0.0,-3.35,2026-07-24
ALLT,1.6,7.65,309244,194253,2.37,2.18,1.1,6.8,-4.1,매도주의,장대음봉,잔구간,0.36,-1.085,2026-07-24
ZUMZ,1.6,18.94,316714,193774,6.0,3.5,1.7,0.7,0.1,매수관심,팽이도지,완만한상승,0.51,0.91,2026-07-24
VREX,1.6,10.92,475676,297397,5.19,3.98,1.3,0.7,1.2,매수관심,양봉,완만한상승,0.65,1.78,2026-07-24
AADX,1.5,18.01,940070,642009,16.93,13.11,1.3,0.6,-6.3,매도주의,장대음봉,잔구간,0.26,-1.145,2026-07-24
YEXT,1.5,5.0,1387259,953607,6.94,5.63,1.2,0.8,0.8,중립,위꼬리양봉,잔구간,0.28,-0.63,2026-07-24
ALXO,1.5,2.03,1011372,654779,2.05,1.47,1.4,0.5,0.0,매수관심,팽이도지,완만한상승,0.57,0.98,2026-07-24
DSX,1.5,2.25,615146,413079,1.38,0.72,1.9,0.0,1.4,강한매도,위꼬리양봉,전고점부근,0.27,-2.73,2026-07-24
EAF,1.5,7.44,549095,364923,4.09,2.55,1.6,2.1,2.6,매수관심,팽이도지,완만한상승,0.46,0.85,2026-07-24
TTGT,1.5,3.4,605130,394834,2.06,1.16,1.8,0.3,-4.8,강한매도,장대음봉,전저점이탈,0.07,-3.27,2026-07-24
VALE,1.5,14.79,24963723,16282754,369.21,287.23,1.3,-0.7,0.5,중립,양봉,잔구간,0.41,0.295,2026-07-24
USOY,1.5,7.73,469885,316546,3.63,3.41,1.1,-1.0,-1.3,중립,음봉,잔구간,0.55,-0.32,2026-07-24
MH,1.5,9.92,725026,482708,7.19,5.7,1.3,0.2,3.5,중립,양봉,잔구간,0.52,0.36,2026-07-24
MQY,1.5,11.23,587555,386203,6.6,4.49,1.5,0.2,-0.4,매도주의,음봉,전저점이탈,0.13,-1.89,2026-07-24
AESI,1.5,11.96,4529732,3071439,54.18,35.41,1.5,0.0,-8.5,강한매도,장대음봉,전저점이탈,0.02,-3.33,2026-07-24
NUV,1.5,9.08,545452,371134,4.95,4.28,1.2,-0.1,-0.3,매도주의,장대음봉,잔구간,0.23,-1.16,2026-07-24
NKTX,1.5,2.27,699209,472196,1.59,1.83,0.9,0.9,-2.2,중립,음봉,전저점부근,0.31,-0.18,2026-07-24
BSCR,1.5,19.575,708045,487642,13.86,9.42,1.5,-0.0,0.0,중립,위꼬리양봉,완만한상승,0.25,-0.4,2026-07-24
JBI,1.5,5.29,1321102,886433,6.99,5.03,1.4,0.2,0.4,중립,위꼬리양봉,완만한상승,0.26,-0.39,2026-07-24
LENZ,1.5,5.48,1429508,932991,7.83,6.03,1.3,0.4,8.1,강한매수,장대양봉,전고점돌파,0.96,4.05,2026-07-24
BLDP,1.5,2.9,9360394,6223096,27.15,18.46,1.5,-0.3,-2.4,중립,음봉,잔구간,0.62,-0.28,2026-07-24
NVDY,1.5,12.53,2634018,1775147,33.0,27.29,1.2,-0.4,0.1,중립,팽이도지,잔구간,0.36,-0.085,2026-07-24
TRT,1.5,9.23,549783,377397,5.07,5.29,1.0,-0.5,-6.3,강한매도,장대음봉,전저점이탈,0.02,-3.33,2026-07-24
EOSE,1.5,3.47,33285304,22894102,115.5,105.54,1.1,-0.5,-6.2,강한매도,장대음봉,전저점이탈,0.0,-3.35,2026-07-24
CRON,1.5,2.81,1224473,809881,3.44,1.92,1.8,0.4,2.2,강한매수,장대양봉,완만한상승,0.7,3.14,2026-07-24
CRDU,1.5,13.65,1626580,1096438,22.2,21.5,1.0,-6.2,-14.7,매도주의,장대음봉,잔구간,0.18,-1.19,2026-07-24
ENVX,1.5,3.95,8624209,5820310,34.07,25.14,1.4,-0.9,-8.1,강한매도,장대음봉,전저점이탈,0.1,-3.23,2026-07-24
AUR,1.5,5.95,30874093,20048185,183.7,127.36,1.4,0.8,-1.5,중립,망치형,잔구간,0.65,0.59,2026-07-24
IGR,1.5,4.7,544737,361220,2.56,2.16,1.2,0.2,2.0,강한매수,장대양봉,완만한상승,1.0,3.5,2026-07-24
GPK,1.5,11.02,5908250,3920298,65.11,46.65,1.4,0.4,-0.1,강한매수,망치형,완만한상승,0.85,2.32,2026-07-24
PHR,1.5,10.22,895773,604698,9.15,7.1,1.3,1.5,2.7,중립,양봉,잔구간,0.73,0.49,2026-07-24
ITUB,1.5,8.28,30083578,20435819,249.09,158.16,1.6,-0.5,-0.4,중립,음봉,잔구간,0.1,-0.59,2026-07-24
BEKE,1.5,15.89,5518888,3621826,87.7,62.47,1.4,-1.2,0.1,강한매도,위꼬리양봉,전저점이탈,0.26,-2.04,2026-07-24
PREF,1.5,18.875,318318,211658,6.01,4.43,1.4,-0.1,0.1,매수관심,양봉,완만한상승,0.82,1.98,2026-07-24
QFIN,1.5,13.19,1038980,716197,13.7,17.03,0.8,-0.2,0.6,매수관심,양봉스프링,잔구간,0.81,0.935,2026-07-24
NG,1.5,5.93,5648762,3708612,33.5,36.25,0.9,1.9,-1.7,중립,음봉,완만한상승,0.3,-0.04,2026-07-24
TNXP,1.5,9.88,715382,486098,7.07,6.52,1.1,-0.1,-6.9,강한매도,장대음봉,전저점이탈,0.08,-3.25,2026-07-24
AQST,1.5,3.68,2881478,1859386,10.6,7.47,1.4,3.2,-5.4,강한매도,장대음봉,전저점이탈,0.16,-3.16,2026-07-24
PRCT,1.4,16.69,1886448,1341968,31.48,29.2,1.1,0.2,-5.1,강한매도,장대음봉,전저점이탈,0.02,-3.33,2026-07-24
CONY,1.4,19.42,350444,253235,6.81,5.85,1.2,0.2,-1.0,중립,망치형,잔구간,0.71,0.625,2026-07-24
HBAN,1.4,17.36,38690719,28293735,671.67,470.53,1.4,-1.3,1.0,중립,양봉,잔구간,0.83,0.55,2026-07-24
PHAT,1.4,11.44,936449,676794,10.71,12.32,0.9,0.5,-1.9,매도주의,장대음봉,잔구간,0.28,-1.13,2026-07-24
ORCX,1.4,13.89,4500616,3305714,62.51,66.03,0.9,3.3,-11.5,강한매도,장대음봉,전저점이탈,0.03,-3.31,2026-07-24
ARTV,1.4,10.03,568061,395290,5.7,3.96,1.4,3.8,-4.7,중립,음봉,잔구간,0.19,-0.535,2026-07-24
SUZ,1.4,8.29,2773630,1920383,22.99,16.67,1.4,-1.1,0.5,중립,위꼬리양봉,잔구간,0.47,-0.52,2026-07-24
SVV,1.4,9.11,768831,549640,7.0,7.59,0.9,0.1,0.9,중립,양봉,잔구간,0.58,0.4,2026-07-24
TGEN,1.4,3.22,363344,261327,1.17,0.83,1.4,-0.6,-4.7,강한매도,장대음봉,전저점이탈,0.3,-2.99,2026-07-24
SNDL,1.4,1.245,1708454,1185068,2.13,1.7,1.2,0.0,-0.4,매도주의,위꼬리음봉,잔구간,0.17,-0.95,2026-07-24
IMMX,1.4,8.52,2318766,1654397,19.76,16.41,1.2,0.9,-4.1,강한매도,장대음봉,전저점이탈,0.08,-3.25,2026-07-24
SHNY,1.4,7.96,738863,511202,5.88,3.84,1.5,0.0,0.3,중립,위꼬리양봉,완만한상승,0.14,-0.53,2026-07-24
ARX,1.4,14.23,1480492,1027607,21.07,17.02,1.2,1.1,2.2,매수관심,양봉,완만한상승,0.59,1.71,2026-07-24
ASPN,1.4,4.67,1195737,857473,5.58,4.16,1.3,-0.2,-9.3,강한매도,장대음봉,전저점이탈,0.13,-3.19,2026-07-24
NCT,1.4,3.41,1172232,851350,4.0,2.37,1.7,1.3,10.0,강한매수,양봉,전고점돌파,0.36,2.03,2026-07-24
QID,1.4,15.65,21998385,15267764,344.27,223.24,1.5,0.5,1.8,강한매수,양봉,전고점돌파,0.82,2.58,2026-07-24
NFGC,1.4,1.39,1843132,1301264,2.56,1.75,1.5,1.4,-4.8,매도주의,장대음봉,잔구간,0.12,-1.23,2026-07-24
CAPR,1.4,19.7,2469814,1728312,48.66,30.33,1.6,-0.3,-0.4,강한매수,망치형,수횡파,0.74,2.8899999999999997,2026-07-24
LPRO,1.4,3.15,1894129,1382295,5.97,5.52,1.1,0.3,0.3,강한매수,장대양봉,전고점부근,1.0,2.15,2026-07-24
BLCO,1.4,16.17,563840,406908,9.12,6.22,1.5,1.1,0.1,매수관심,팽이도지,완만한상승,0.59,1.01,2026-07-24
BOBS,1.4,15.11,947256,682368,14.31,13.67,1.0,1.8,1.3,중립,팽이도지,잔구간,0.53,0.02,2026-07-24
BRTMU,1.4,9.95,1249039,920937,12.43,47.33,0.3,0.2,-0.2,매도주의,장대음봉,전저점부근,0.33,-1.45,2026-07-24
CHA,1.4,11.2,492383,345763,5.51,4.61,1.2,0.2,-0.4,중립,팽이도지,잔구간,0.56,0.035,2026-07-24
KURA,1.4,10.39,1138029,835534,11.82,12.1,1.0,0.2,-0.8,중립,팽이도지,잔구간,0.5,0.0,2026-07-24
LDI,1.4,1.01,2354846,1636367,2.38,2.12,1.1,1.3,3.1,중립,양봉,잔구간,0.74,0.495,2026-07-24
VLY,1.4,14.34,12141066,8375122,174.1,107.19,1.6,0.4,-1.2,중립,음봉,잔구간,0.07,-0.61,2026-07-24
MSTY,1.4,12.24,1185062,822775,14.51,11.95,1.2,-0.3,-1.6,중립,음봉,전저점부근,0.48,0.03,2026-07-24
ALOY,1.4,7.025,3135255,2169931,22.03,18.35,1.2,0.8,-6.7,강한매도,장대음봉,전저점이탈,0.27,-3.03,2026-07-24
NNBR,1.4,3.53,2239121,1555391,7.9,5.31,1.5,-0.6,3.8,매수관심,양봉,완만한상승,0.49,1.59,2026-07-24
FOSL,1.4,4.05,631058,440798,2.56,3.22,0.8,0.3,1.2,매수관심,팽이도지,완만한상승,0.74,1.19,2026-07-24
RANI,1.4,0.851,1443479,1026469,1.23,1.12,1.1,-2.2,-2.2,매도주의,위꼬리음봉,잔구간,0.12,-0.98,2026-07-24
SSTK,1.4,5.58,1323477,917500,7.39,10.99,0.7,-0.2,-3.0,중립,음봉,잔구간,0.05,-0.62,2026-07-24
CSIQ,1.4,13.35,2804005,1993052,37.43,32.01,1.2,-0.1,-9.1,강한매도,장대음봉,전저점이탈,0.07,-3.27,2026-07-24
RUN,1.4,9.94,12874853,9000063,127.98,100.52,1.3,0.8,-5.0,강한매도,장대음봉,전저점이탈,0.29,-3.0,2026-07-24
RQI,1.4,12.63,984390,723564,12.43,13.0,1.0,-0.1,2.5,강한매수,장대양봉,전고점돌파,1.0,4.1,2026-07-24
SFL,1.4,11.92,1601288,1170905,19.09,14.17,1.3,0.3,0.2,매수관심,팽이도지,전고점돌파,0.48,1.48,2026-07-24
NMZ,1.3,10.22,702521,548487,7.18,5.99,1.2,0.0,-0.6,강한매도,장대음봉,전저점이탈,0.22,-3.09,2026-07-24
MASS,1.3,7.14,348844,266099,2.49,1.76,1.4,0.8,-0.4,중립,망치형,잔구간,0.68,0.61,2026-07-24
CHPT,1.3,5.12,540456,421263,2.77,2.66,1.0,0.9,-6.2,강한매도,장대음봉,전저점이탈,0.11,-3.22,2026-07-24
LCTX,1.3,1.03,1230874,940658,1.27,1.09,1.2,0.0,-3.7,매도주의,음봉,전저점이탈,0.14,-1.88,2026-07-24
KORU,1.3,17.85,29177760,23107725,520.82,660.35,0.8,-9.5,-10.3,매도주의,장대음봉,잔구간,0.03,-1.28,2026-07-24
LABX,1.3,12.16,842757,651264,10.25,13.95,0.7,-6.8,-15.5,매도주의,장대음봉,전저점부근,0.06,-1.78,2026-07-24
KPTI,1.3,7.41,900248,696883,6.67,5.43,1.2,0.8,3.6,중립,양봉,잔구간,0.68,0.46,2026-07-24
KBWD,1.3,12.03,558994,429090,6.72,5.02,1.3,0.3,0.2,중립,위꼬리양봉,잔구간,0.48,-0.51,2026-07-24
OCS,1.3,11.13,375472,294840,4.18,3.43,1.2,0.3,-3.0,강한매도,장대음봉,전저점이탈,0.37,-2.91,2026-07-24
VIR,1.3,8.69,2151596,1623140,18.7,15.51,1.2,-3.6,-3.4,매도주의,음봉,전저점이탈,0.13,-1.89,2026-07-24
XPER,1.3,7.57,465194,357357,3.52,2.36,1.5,1.5,0.7,중립,팽이도지,잔구간,0.6,0.06,2026-07-24
CWVX,1.3,12.69,1138327,888702,14.45,14.64,1.0,-4.1,-19.5,매도주의,장대음봉,잔구간,0.04,-1.275,2026-07-24
DXC,1.3,10.05,4051634,3006294,40.72,27.74,1.5,1.7,6.6,강한매수,장대양봉,전고점돌파,0.84,3.91,2026-07-24
VERX,1.3,11.87,2445842,1846114,29.03,22.57,1.3,2.1,6.7,매수관심,장대양봉,잔구간,0.97,1.28,2026-07-24
ABTC,1.3,5.72,1416207,1111518,8.1,8.66,0.9,-0.3,-5.9,중립,음봉,잔구간,0.36,-0.435,2026-07-24
WIT,1.3,1.87,8166172,6457476,15.27,18.49,0.8,1.7,3.3,매수관심,장대양봉,잔구간,1.0,1.3,2026-07-24
ACDC,1.3,4.26,1416413,1084911,6.03,6.73,0.9,-0.4,-6.0,강한매도,장대음봉,전저점이탈,0.12,-3.21,2026-07-24
ABCL,1.3,5.31,6271189,4680827,33.3,30.17,1.1,0.0,-6.3,강한매도,장대음봉,전저점이탈,0.04,-3.3,2026-07-24
NAVI,1.3,8.23,874096,688207,7.19,6.33,1.1,0.4,-2.8,매도주의,음봉,전저점이탈,0.1,-1.93,2026-07-24
NAUT,1.3,1.69,624377,477087,1.06,1.16,0.9,0.0,-4.5,매도주의,장대음봉,잔구간,0.1,-1.24,2026-07-24
NAT,1.3,6.45,3785379,2819348,24.42,19.11,1.3,0.9,-0.5,매도주의,위꼬리음봉,완만한상승,0.23,-0.92,2026-07-24
NBIG,1.3,15.45,3430803,2613125,53.01,41.04,1.3,-2.4,-28.4,매도주의,장대음봉,잔구간,0.04,-1.275,2026-07-24
MYGN,1.3,5.61,867630,683208,4.87,4.78,1.0,0.2,-1.8,중립,음봉,전저점부근,0.18,-0.33,2026-07-24
NCLH,1.3,19.37,13111481,10241384,253.97,202.22,1.3,1.4,2.1,중립,양봉,잔구간,0.43,0.31,2026-07-24
BW,1.3,9.62,3057923,2376609,29.42,33.51,0.9,-1.9,-10.9,매도주의,장대음봉,잔구간,0.01,-1.295,2026-07-24
BTZ,1.3,9.93,317048,249172,3.15,3.72,0.8,-0.5,0.1,강한매도,위꼬리양봉,전저점이탈,0.11,-2.22,2026-07-24
ZENA,1.3,1.38,2296917,1755671,3.17,2.8,1.1,0.0,-7.4,강한매도,장대음봉,전저점이탈,0.15,-3.17,2026-07-24
NNOX,1.3,0.896,1342081,1052750,1.2,1.04,1.2,-1.1,-6.9,강한매도,장대음봉,전저점이탈,0.21,-3.1,2026-07-24
BHR,1.3,2.23,494734,369463,1.1,0.83,1.3,0.9,2.8,강한매수,양봉,전고점돌파,0.48,2.18,2026-07-24
NVAX,1.3,7.46,3178300,2466809,23.71,25.73,0.9,1.0,-5.6,강한매도,장대음봉,전저점이탈,0.02,-3.33,2026-07-24
BKD,1.3,15.15,4990858,3970101,75.61,82.07,0.9,1.3,3.1,매수관심,장대양봉,잔구간,0.81,1.185,2026-07-24
BLMN,1.3,7.94,1781717,1424153,14.15,13.11,1.1,-1.5,-1.6,매도주의,음봉,전저점이탈,0.1,-1.93,2026-07-24
NZF,1.3,12.22,543172,431216,6.64,6.04,1.1,0.0,-0.3,강한매도,음봉,전저점이탈,0.0,-2.05,2026-07-24
SKHL,1.3,8.87,1860828,1380337,16.51,12.73,1.3,-6.7,-12.0,매도주의,장대음봉,잔구간,0.12,-1.23,2026-07-24
BDN,1.3,3.17,1775043,1372437,5.63,6.46,0.9,0.3,2.9,매수관심,양봉,완만한상승,0.56,1.67,2026-07-24
AVS,1.3,7.74,19769274,15698946,153.01,106.17,1.4,1.2,1.7,강한매수,장대양봉,완만한상승,0.76,3.21,2026-07-24
ORCU,1.3,4.98,6215865,4897040,30.96,33.02,0.9,3.3,-11.4,강한매도,장대음봉,전저점이탈,0.04,-3.3,2026-07-24
PTLO,1.3,4.35,1077357,847559,4.69,4.31,1.1,1.5,-1.1,중립,음봉,잔구간,0.33,-0.45,2026-07-24
CORD,1.3,8.7,4082508,3242726,35.52,23.86,1.5,3.8,18.4,강한매수,장대양봉,완만한상승,0.97,3.46,2026-07-24
HSHP,1.3,16.12,339238,260137,5.47,4.2,1.3,0.0,0.9,강한매수,양봉,전고점돌파,0.71,2.45,2026-07-24
HAFN,1.3,7.65,1292423,1017794,9.89,8.41,1.2,1.7,-1.0,중립,음봉,완만한상승,0.3,-0.04,2026-07-24
PDO,1.3,12.91,596559,459189,7.7,6.62,1.2,0.0,0.2,강한매수,양봉스프링,완만한상승,0.78,2.74,2026-07-24
ARLO,1.3,12.87,1102151,869150,14.18,11.75,1.2,1.4,1.3,매수관심,양봉,완만한상승,0.68,1.82,2026-07-24
GPRK,1.3,10.0,407266,321603,4.07,3.47,1.2,-0.5,-2.1,중립,음봉,잔구간,0.08,-0.6,2026-07-24
SKHX,1.3,13.77,6711001,4974136,92.41,92.82,1.0,-6.7,-11.8,매도주의,장대음봉,잔구간,0.15,-1.21,2026-07-24
STVN,1.3,19.68,336366,265412,6.62,5.01,1.3,0.8,0.7,강한매수,양봉스프링,완만한상승,0.82,2.78,2026-07-24
SBS,1.3,5.61,6238967,4768399,35.0,28.25,1.2,-1.2,-0.9,중립,음봉,잔구간,0.17,-0.55,2026-07-24
TRDA,1.3,5.85,566335,445966,3.31,2.85,1.2,0.5,-3.8,매도주의,음봉,전저점이탈,0.14,-1.88,2026-07-24
RIG,1.3,5.35,49454541,38378100,264.58,203.29,1.3,0.4,0.2,중립,팽이도지,완만한상승,0.39,0.77,2026-07-24
RBBN,1.3,2.01,806817,609250,1.62,1.87,0.9,0.0,-0.5,중립,팽이도지,잔구간,0.43,-0.04,2026-07-24
GDXY,1.3,9.7,508889,402734,4.94,3.94,1.3,0.2,-0.6,중립,음봉,잔구간,0.21,-0.525,2026-07-24
FNB,1.3,19.05,9616387,7270827,183.19,157.12,1.2,0.3,0.7,매수관심,양봉,완만한상승,0.77,1.92,2026-07-24
SRTA,1.3,5.04,1075077,851315,5.42,4.34,1.2,0.4,-1.4,중립,음봉,잔구간,0.3,-0.47,2026-07-24
STLA,1.3,5.69,16885517,13351503,96.08,97.65,1.0,-1.0,0.0,중립,팽이도지,잔구간,0.6,0.06,2026-07-24
FAC,1.3,5.11,304399,227928,1.56,4.26,0.4,0.2,-7.3,중립,음봉,수횡파,0.28,-0.36,2026-07-24
CRVS,1.3,13.07,955991,722597,12.49,14.48,0.9,0.5,-4.9,강한매도,장대음봉,전저점이탈,0.04,-3.3,2026-07-24
ERY,1.3,10.37,1194955,893416,12.39,10.69,1.2,0.2,-0.8,중립,망치형,잔구간,0.78,0.67,2026-07-24
ENGS,1.3,2.67,1002866,746019,2.68,2.57,1.0,-0.8,1.9,매수관심,양봉,완만한상승,0.73,1.88,2026-07-24
ENHA,1.2,2.92,526555,439628,1.54,1.81,0.8,4.5,-16.8,매도주의,장대음봉,잔구간,0.03,-1.28,2026-07-24
AGNT,1.2,4.045,1770776,1445033,7.16,5.65,1.3,0.0,4.5,중립,양봉,잔구간,0.58,0.4,2026-07-24
ABEO,1.2,6.05,1172090,1002353,7.09,8.42,0.8,0.2,-5.3,강한매도,장대음봉,전저점이탈,0.06,-3.28,2026-07-24
EOLS,1.2,5.98,697012,580861,4.17,4.56,0.9,0.2,-0.3,중립,망치형,잔구간,0.69,0.615,2026-07-24
DXD,1.2,17.51,554761,448069,9.71,9.54,1.0,-0.2,-0.6,중립,음봉,잔구간,0.39,-0.415,2026-07-24
DFDV,1.2,2.7,748073,614418,2.02,1.98,1.0,-2.1,-3.9,매도주의,장대음봉,잔구간,0.2,-1.18,2026-07-24
PANL,1.2,7.66,375749,311671,2.88,2.48,1.2,0.1,0.3,중립,위꼬리양봉,전고점돌파,0.3,0.26,2026-07-24
AES,1.2,14.84,6998085,6030490,103.85,97.81,1.1,0.1,-0.1,강한매수,망치형,완만한상승,0.75,2.2,2026-07-24
EQPT,1.2,19.38,5069257,4376010,98.24,79.14,1.2,-0.3,0.2,매수관심,양봉스프링,잔구간,0.85,0.96,2026-07-24
BBAR,1.2,18.86,444997,380850,8.39,10.98,0.8,-0.1,0.1,중립,위꼬리양봉,전저점부근,0.19,-0.62,2026-07-24
KRNY,1.2,9.4,559225,473278,5.26,4.65,1.1,1.2,1.8,매수관심,장대양봉,잔구간,0.75,1.15,2026-07-24
QS,1.2,4.885,32916277,27155923,160.8,170.45,0.9,-1.7,-2.9,매도주의,음봉,전저점이탈,0.26,-1.74,2026-07-24
BLZE,1.2,11.61,2081659,1775210,24.17,29.56,0.8,0.0,-9.0,강한매도,장대음봉,전저점이탈,0.06,-3.28,2026-07-24
ECAT,1.2,15.05,462623,388415,6.96,7.4,0.9,0.1,-0.7,중립,음봉,전저점부근,0.0,-0.55,2026-07-24
ADTN,1.2,9.85,2001488,1692119,19.71,20.71,1.0,0.2,-3.1,매도주의,장대음봉,잔구간,0.14,-1.215,2026-07-24
DRVN,1.2,13.61,744668,614492,10.13,10.03,1.0,0.7,-1.2,중립,음봉,전저점부근,0.14,-0.38,2026-07-24
NVD,1.2,4.77,100201020,82250833,477.96,372.79,1.3,1.5,0.4,매수관심,팽이도지,완만한상승,0.72,1.16,2026-07-24
SPRY,1.2,5.94,3484929,2796889,20.7,15.91,1.3,0.0,-1.0,중립,팽이도지,잔구간,0.39,-0.065,2026-07-24
SPWR,1.2,0.482,2816846,2264645,1.36,1.51,0.9,4.0,-7.4,매도주의,장대음봉,전저점부근,0.21,-1.6,2026-07-24
AMPL,1.2,8.1,1571359,1358316,12.73,16.45,0.8,2.1,-1.5,중립,음봉,잔구간,0.31,-0.465,2026-07-24
TMC,1.2,3.67,4157996,3485836,15.26,14.05,1.1,0.5,-4.2,매도주의,장대음봉,잔구간,0.11,-1.235,2026-07-24
TARA,1.2,4.02,434669,376409,1.75,1.81,1.0,0.5,-1.0,중립,음봉,수횡파,0.55,-0.04,2026-07-24
WLTH,1.2,8.88,789443,640012,7.01,8.36,0.8,0.0,-1.1,중립,음봉,잔구간,0.06,-0.615,2026-07-24
FMNB,1.2,15.19,488110,423038,7.41,5.99,1.2,0.5,1.9,강한매수,장대양봉,전고점돌파,0.76,3.81,2026-07-24
UPB,1.2,6.41,626431,509566,4.02,3.03,1.3,0.0,0.2,중립,팽이도지,잔구간,0.56,0.035,2026-07-24
NNE,1.2,15.59,2195648,1794816,34.23,34.72,1.0,-1.4,-6.3,매도주의,장대음봉,잔구간,0.06,-1.265,2026-07-24
OSS,1.2,12.49,1291201,1119704,16.13,14.8,1.1,-1.0,-5.2,중립,음봉,잔구간,0.23,-0.51,2026-07-24
PDI,1.2,16.04,2352410,1979235,37.73,41.33,0.9,-0.1,-0.1,중립,팽이도지,잔구간,0.61,0.065,2026-07-24
TDOC,1.2,8.77,4347678,3677674,38.13,38.01,1.0,1.7,-0.5,매도주의,위꼬리음봉,잔구간,0.22,-0.92,2026-07-24
MX,1.2,3.5,924580,757941,3.24,3.71,0.9,4.9,-8.6,매도주의,장대음봉,잔구간,0.08,-1.25,2026-07-24
MVST,1.2,0.8,5034168,4229332,4.03,5.41,0.7,0.6,-7.5,강한매도,장대음봉,전저점이탈,0.2,-3.11,2026-07-24
INR,1.2,13.2,351275,282589,4.64,4.03,1.2,-0.1,-0.8,매도주의,위꼬리음봉,잔구간,0.21,-0.925,2026-07-24
REAX,1.2,1.69,3812326,3280472,6.44,7.71,0.8,2.4,-1.2,매도주의,위꼬리음봉,잔구간,0.22,-0.92,2026-07-24
CCXI,1.2,13.68,2659203,2274073,36.38,40.6,0.9,-2.0,-3.0,강한매도,장대음봉,전저점이탈,0.11,-3.22,2026-07-24
HSAI,1.2,14.6,1360886,1102233,19.87,20.36,1.0,0.3,-1.4,중립,음봉,잔구간,0.55,-0.32,2026-07-24
CMCO,1.2,16.12,624905,533741,10.07,7.77,1.3,1.8,2.0,중립,양봉,전고점부근,0.78,0.59,2026-07-24
CNTN,1.2,1.94,774941,639389,1.5,1.56,1.0,0.5,-6.3,강한매도,장대음봉,전저점이탈,0.14,-3.18,2026-07-24
CHGG,1.2,0.962,1556585,1307701,1.5,0.96,1.6,0.9,-2.0,매도주의,위꼬리음봉,잔구간,0.19,-0.935,2026-07-24
FRSH,1.2,10.27,18596000,15612806,190.98,164.82,1.2,2.0,3.0,매수관심,장대양봉,잔구간,0.79,1.175,2026-07-24
CBRG,1.2,4.27,11385310,9573697,48.62,50.28,1.0,-5.5,-13.9,매도주의,장대음봉,잔구간,0.29,-1.125,2026-07-24
COLD,1.2,14.32,3804991,3178009,54.49,65.21,0.8,-1.6,3.2,매수관심,장대양봉,잔구간,0.79,1.175,2026-07-24
IVR,1.2,7.58,3565157,2975868,27.02,22.45,1.2,0.5,-1.3,매도주의,음봉,전저점이탈,0.18,-1.83,2026-07-24
RKLZ,1.2,5.43,8721886,7317014,47.36,42.23,1.1,2.1,15.2,매수관심,장대양봉,잔구간,0.95,1.27,2026-07-24
MIST,1.2,1.16,873936,732296,1.01,0.95,1.1,-0.8,-2.5,매도주의,장대음봉,전저점부근,0.25,-1.55,2026-07-24
SMPL,1.2,10.22,3087580,2598877,31.56,32.26,1.0,0.8,-1.4,중립,음봉,잔구간,0.24,-0.505,2026-07-24
SMJF,1.2,5.57,1113378,921812,6.2,5.54,1.1,-0.2,-0.2,중립,망치형,잔구간,0.71,0.625,2026-07-24
AMPG,1.2,5.405,2651730,2150735,14.33,15.5,0.9,-1.9,-13.1,매도주의,장대음봉,전저점부근,0.03,-1.81,2026-07-24
SKHZ,1.2,12.94,1867142,1524154,24.16,25.2,1.0,2.9,5.6,강한매수,장대양봉,완만한상승,0.9,3.38,2026-07-24
ANIX,1.2,3.7,339198,291194,1.26,1.06,1.2,0.3,-1.6,중립,팽이도지,수횡파,0.34,0.41,2026-07-24
BIT,1.2,12.19,304863,259259,3.72,3.69,1.0,-0.2,0.1,중립,위꼬리양봉,전저점부근,0.23,-0.57,2026-07-24
AMLX,1.2,18.41,1634714,1334447,30.1,25.32,1.2,0.1,4.5,강한매수,장대양봉,수횡파,0.99,4.1899999999999995,2026-07-24
BRSL,1.2,10.41,1697640,1452723,17.67,14.63,1.2,0.4,0.5,중립,위꼬리양봉,잔구간,0.25,-0.65,2026-07-24
STUB,1.2,8.25,6028982,5004920,49.74,64.71,0.8,1.5,-4.6,강한매도,장대음봉,전저점이탈,0.08,-3.25,2026-07-24
TNYA,1.2,0.775,1795764,1504977,1.39,1.64,0.9,-0.4,0.6,중립,팽이도지,잔구간,0.66,0.095,2026-07-24
MUA,1.2,10.46,491665,426820,5.14,2.71,1.9,0.0,-0.4,매도주의,음봉,전저점이탈,0.25,-1.75,2026-07-24
MSOS,1.2,4.26,3345273,2858644,14.25,16.82,0.8,2.1,-2.3,중립,음봉,전저점부근,0.39,-0.08,2026-07-24
FBRT,1.2,7.81,1135611,987145,8.87,8.35,1.1,0.5,2.1,중립,양봉,잔구간,0.7,0.47,2026-07-24
NRXP,1.2,3.75,791733,635141,2.97,3.2,0.9,0.0,-8.8,강한매도,장대음봉,전저점이탈,0.0,-3.35,2026-07-24
STGW,1.2,7.42,985125,788567,7.31,6.66,1.1,0.7,3.9,매수관심,장대양봉,잔구간,0.87,1.22,2026-07-24
SPCM,1.2,11.29,528077,428712,5.96,7.16,0.8,-3.9,-1.8,중립,망치형,잔구간,0.77,0.66,2026-07-24
EU,1.2,1.14,2826264,2396380,3.22,3.06,1.1,-0.8,-5.0,강한매도,장대음봉,전저점이탈,0.0,-3.35,2026-07-24
EVGO,1.2,1.42,3717232,3077306,5.28,4.85,1.1,0.7,-6.6,강한매도,장대음봉,전저점이탈,0.09,-3.24,2026-07-24
SERV,1.2,4.81,3288777,2657155,15.82,14.13,1.1,1.0,-5.5,강한매도,장대음봉,전저점이탈,0.03,-3.31,2026-07-24
NIO,1.2,4.49,23968322,20409783,107.62,106.68,1.0,0.2,-3.4,강한매도,장대음봉,전저점이탈,0.11,-3.22,2026-07-24
NAK,1.2,1.58,5006267,4154411,7.91,6.22,1.3,-0.6,-7.1,매도주의,장대음봉,잔구간,0.24,-1.155,2026-07-24
HLN,1.2,9.78,11498049,9631252,112.45,78.63,1.4,0.3,0.4,중립,양봉,잔구간,0.55,0.38,2026-07-24
BTE,1.2,4.32,20661857,16924278,89.26,76.4,1.2,-0.5,-1.1,중립,음봉,잔구간,0.17,-0.55,2026-07-24
GGT,1.2,4.07,477862,395839,1.94,1.71,1.1,0.5,-0.7,중립,음봉,잔구간,0.2,-0.53,2026-07-24
PCT,1.2,5.85,3863704,3189899,22.6,25.99,0.9,-0.3,-2.3,강한매도,장대음봉,전저점이탈,0.19,-3.12,2026-07-24
SENS,1.2,4.86,453783,380937,2.21,2.47,0.9,0.8,-1.0,매도주의,위꼬리음봉,잔구간,0.18,-0.94,2026-07-24
UNIT,1.2,10.82,1980041,1674047,21.42,19.96,1.1,0.0,-1.8,중립,음봉,잔구간,0.03,-0.63,2026-07-24
DAMD,1.2,1.57,83962808,68570995,131.82,93.33,1.4,-2.7,8.3,강한매수,장대양봉,완만한상승,0.82,3.28,2026-07-24
ALVO,1.2,3.06,588655,490476,1.8,2.1,0.9,-1.3,-2.5,매도주의,음봉,전저점이탈,0.12,-1.91,2026-07-24
NMFC,1.2,6.84,522993,427615,3.58,3.76,1.0,0.4,-0.1,중립,팽이도지,잔구간,0.56,0.035,2026-07-24
DAPP,1.2,18.03,385772,322270,6.96,5.01,1.4,-1.6,-3.5,매도주의,장대음봉,잔구간,0.0,-1.3,2026-07-24
AVXL,1.2,2.4,1012626,840237,2.43,2.41,1.0,0.0,-3.2,매도주의,장대음봉,잔구간,0.1,-1.24,2026-07-24
APPS,1.2,8.45,3063369,2461035,25.89,21.26,1.2,1.4,3.8,중립,양봉,잔구간,0.61,0.415,2026-07-24
S,1.2,18.14,8824077,7239552,160.07,151.85,1.1,1.5,2.8,매수관심,장대양봉,잔구간,0.74,1.145,2026-07-24
WTI,1.1,3.66,4140273,3810792,15.15,14.2,1.1,-2.6,-2.4,중립,음봉,잔구간,0.19,-0.535,2026-07-24
VIVO,1.1,4.27,1137316,1007796,4.86,4.67,1.0,1.3,7.8,매수관심,장대양봉,잔구간,0.98,1.29,2026-07-24
SPCH,1.1,6.65,23186749,21268694,154.19,140.78,1.1,-4.1,-1.6,중립,망치형,잔구간,0.7,0.62,2026-07-24
DNN,1.1,2.91,22812600,20420746,66.38,71.68,0.9,-0.3,-5.5,매도주의,장대음봉,잔구간,0.05,-1.27,2026-07-24
EDIT,1.1,2.6,1516741,1394073,3.94,5.22,0.8,0.7,-5.5,강한매도,장대음봉,전저점이탈,0.06,-3.28,2026-07-24
CERS,1.1,2.93,2510839,2307428,7.36,6.07,1.2,0.0,2.1,중립,양봉,잔구간,0.92,0.6,2026-07-24
LEG,1.1,11.16,1818267,1601626,20.29,21.1,1.0,1.6,3.6,매수관심,장대양봉,잔구간,0.8,1.18,2026-07-24
XIFR,1.1,12.54,844297,800746,10.59,10.47,1.0,1.0,-0.7,중립,음봉,완만한상승,0.19,-0.17,2026-07-24
PRTA,1.1,8.75,576837,546087,5.05,4.9,1.0,0.1,2.5,강한매수,양봉,완만한상승,0.84,2.01,2026-07-24
LFMD,1.1,3.71,759466,697568,2.82,2.87,1.0,-0.8,-3.4,매도주의,장대음봉,전저점부근,0.18,-1.63,2026-07-24
IMXI,1.1,13.03,317503,301389,4.14,4.02,1.0,-0.5,-1.7,중립,음봉,잔구간,0.08,-0.6,2026-07-24
MARA,1.1,12.12,56452784,51573731,684.21,646.63,1.1,-1.8,-3.3,매도주의,장대음봉,잔구간,0.0,-1.3,2026-07-24
DEI,1.1,12.28,1788282,1581469,21.96,26.88,0.8,0.7,0.5,중립,위꼬리양봉,완만한상승,0.35,-0.28,2026-07-24
KYN,1.1,14.91,403067,379143,6.01,6.81,0.9,-0.5,0.1,중립,위꼬리양봉,잔구간,0.12,-0.73,2026-07-24
WHWK,1.1,3.71,408281,381310,1.51,1.47,1.0,0.5,-3.6,매도주의,장대음봉,잔구간,0.12,-1.23,2026-07-24
XFOR,1.1,3.85,573622,542221,2.21,2.61,0.8,0.3,-3.7,매도주의,장대음봉,잔구간,0.33,-1.1,2026-07-24
INDO,1.1,2.94,340297,320130,1.0,1.08,0.9,-1.0,-3.3,중립,음봉,잔구간,0.2,-0.53,2026-07-24
LILAK,1.1,7.435,1269383,1165258,9.44,9.4,1.0,0.0,0.7,중립,위꼬리양봉,잔구간,0.32,-0.61,2026-07-24
DOLE,1.1,14.14,666071,595728,9.42,8.95,1.1,0.5,0.1,중립,팽이도지,잔구간,0.65,0.09,2026-07-24
UROY,1.1,2.96,4158286,3765707,12.31,8.75,1.4,-1.0,-3.6,중립,음봉,잔구간,0.42,-0.4,2026-07-24
WEST,1.1,7.6,426628,390260,3.24,3.28,1.0,0.0,0.5,강한매수,양봉스프링,완만한상승,0.78,2.74,2026-07-24
NVTS,1.1,10.92,13682807,12793058,149.42,154.42,1.0,0.4,-9.6,매도주의,장대음봉,잔구간,0.02,-1.29,2026-07-24
WCMI,1.1,18.84,964443,902831,18.17,18.28,1.0,-0.3,-0.7,매도주의,장대음봉,잔구간,0.09,-1.245,2026-07-24
USA,1.1,5.69,1743234,1557181,9.92,9.03,1.1,0.4,0.4,중립,양봉,잔구간,0.86,0.565,2026-07-24
JKS,1.1,14.8,783689,712596,11.6,10.76,1.1,0.8,-6.8,강한매도,장대음봉,전저점이탈,0.02,-3.33,2026-07-24
JMIA,1.1,5.86,2202245,2088822,12.91,10.48,1.2,0.8,-2.0,중립,음봉,전저점부근,0.13,-0.39,2026-07-24
TENX,1.1,14.53,1160153,1101305,16.86,17.78,0.9,-0.3,-0.5,중립,팽이도지,잔구간,0.5,0.0,2026-07-24
NUVB,1.1,6.42,6140390,5842546,39.42,37.62,1.0,0.2,-1.2,중립,음봉,잔구간,0.39,-0.415,2026-07-24
CTOS,1.1,10.86,793341,704835,8.62,8.14,1.1,-0.4,0.2,중립,팽이도지,잔구간,0.68,0.11,2026-07-24
WRD,1.1,5.32,1972267,1820384,10.49,13.69,0.8,-0.7,-6.2,강한매도,장대음봉,전저점이탈,0.0,-3.35,2026-07-24
PACB,1.1,1.36,8063248,7258770,10.97,9.0,1.2,1.4,-4.2,중립,음봉,잔구간,0.36,-0.435,2026-07-24
INDI,1.1,3.47,3493125,3087605,12.12,14.98,0.8,0.0,-4.7,강한매도,장대음봉,전저점이탈,0.03,-3.31,2026-07-24
MPT,1.1,4.84,4405843,4112346,21.32,25.62,0.8,0.2,0.6,매수관심,양봉,완만한상승,0.47,1.56,2026-07-24
VSTM,1.1,6.05,2531721,2362970,15.32,14.21,1.1,0.3,-2.4,중립,음봉,잔구간,0.51,-0.345,2026-07-24
VIV,1.1,14.05,1013443,944273,14.24,15.42,0.9,0.0,2.6,강한매수,장대양봉,완만한상승,0.94,3.43,2026-07-24
AMCX,1.1,9.79,597384,544353,5.85,5.61,1.0,-0.8,0.8,중립,위꼬리양봉,잔구간,0.2,-0.68,2026-07-24
MGTX,1.1,11.77,497312,433847,5.85,8.78,0.7,0.2,-3.0,매도주의,음봉,전저점이탈,0.13,-1.89,2026-07-24
SLDB,1.1,7.83,1088413,995197,8.52,9.92,0.9,1.1,-3.0,매도주의,장대음봉,전저점부근,0.33,-1.45,2026-07-24
SPDN,1.1,8.8,52115865,48587972,458.62,352.26,1.3,0.1,-0.1,강한매수,망치형,완만한상승,0.75,2.2,2026-07-24
LSPD,1.1,9.91,704164,617696,6.98,6.74,1.0,1.1,2.4,매수관심,장대양봉,잔구간,0.9,1.24,2026-07-24
NAD,1.1,11.61,573129,517745,6.65,6.35,1.0,0.3,-0.2,매도주의,위꼬리음봉,잔구간,0.07,-1.01,2026-07-24
ANNX,1.1,5.22,2733766,2586313,14.27,23.44,0.6,2.5,-3.9,중립,음봉,잔구간,0.14,-0.565,2026-07-24
TALK,1.1,5.21,1118955,1051540,5.83,7.37,0.8,0.2,-0.2,매도주의,장대음봉,전저점부근,0.0,-1.85,2026-07-24
GT,1.1,7.21,8783963,8177404,63.33,60.16,1.1,-0.3,2.9,강한매수,장대양봉,완만한상승,0.84,3.31,2026-07-24
OBE,1.1,10.59,1179044,1106402,12.49,9.75,1.3,-0.9,-0.4,중립,팽이도지,잔구간,0.44,-0.035,2026-07-24
TSLG,1.1,3.69,43600244,39952379,160.88,205.82,0.8,0.5,-4.9,중립,음봉,전저점부근,0.4,-0.07,2026-07-24
SGMT,1.1,7.07,910937,808212,6.44,7.51,0.9,1.9,-1.0,중립,망치형,잔구간,0.62,0.57,2026-07-24
ERIC,1.1,9.34,13970910,12689598,130.49,192.59,0.7,0.6,-0.3,중립,팽이도지,잔구간,0.48,-0.01,2026-07-24
SOFI,1.1,16.46,92994803,83775575,1530.69,1486.17,1.0,0.4,-1.6,중립,음봉,전저점부근,0.27,-0.23,2026-07-24
CLVT,1.1,2.04,4617368,4147435,9.42,11.2,0.8,1.5,3.6,중립,양봉,잔구간,0.74,0.495,2026-07-24
RLAY,1.1,18.44,2039977,1821386,37.62,42.77,0.9,0.5,-3.9,매도주의,장대음봉,전저점부근,0.17,-1.65,2026-07-24
JBGS,1.1,14.52,456544,427751,6.63,6.94,1.0,1.0,-0.7,중립,음봉,잔구간,0.43,-0.39,2026-07-24
CORN,1.1,18.3,343458,324426,6.29,5.63,1.1,-0.3,0.2,매수관심,양봉스프링,잔구간,0.76,0.905,2026-07-24
HOPE,1.1,13.45,1090483,1011790,14.67,12.73,1.2,0.3,-0.2,중립,팽이도지,잔구간,0.35,-0.09,2026-07-24
KULR,1.1,2.52,1284154,1214807,3.24,3.62,0.9,0.7,-9.7,매도주의,장대음봉,잔구간,0.09,-1.245,2026-07-24
ICLN,1.1,17.78,4608527,4227861,81.94,77.13,1.1,-0.7,-2.6,강한매도,장대음봉,전저점이탈,0.08,-3.25,2026-07-24
IREX,1.1,13.71,1236607,1115045,16.95,17.15,1.0,-3.7,-14.6,매도주의,장대음봉,잔구간,0.0,-1.3,2026-07-24
PSO,1.1,16.29,707897,653614,11.53,15.52,0.7,1.1,0.4,중립,양봉,잔구간,0.49,0.345,2026-07-24
IRT,1.1,16.61,1905428,1666832,31.65,38.24,0.8,0.2,1.0,매수관심,장대양봉,잔구간,0.93,1.26,2026-07-24
RMAX,1.1,9.37,393909,364094,3.69,4.08,0.9,0.2,1.1,중립,위꼬리양봉,잔구간,0.3,-0.62,2026-07-24
IVVD,1.1,0.611,3066330,2815604,1.87,1.92,1.0,3.3,-2.8,매도주의,장대음봉,잔구간,0.05,-1.27,2026-07-24
JACK,1.1,14.55,736245,651332,10.71,9.91,1.1,0.0,5.7,매수관심,장대양봉,잔구간,0.72,1.13,2026-07-24
RILY,1.1,6.88,438567,381412,3.02,2.99,1.0,0.7,-1.4,중립,음봉,잔구간,0.28,-0.48,2026-07-24
KLC,1.1,4.93,406171,367157,2.0,2.27,0.9,1.2,0.8,중립,위꼬리양봉,잔구간,0.37,-0.58,2026-07-24
TGB,1.1,7.0,4786725,4528879,33.51,38.42,0.9,0.7,-4.2,매도주의,장대음봉,잔구간,0.08,-1.25,2026-07-24
TME,1.1,8.86,4949881,4637130,43.86,47.07,0.9,0.0,1.1,매수관심,장대양봉,잔구간,0.7,1.12,2026-07-24
SUPV,1.1,9.52,366440,341170,3.49,3.99,0.9,0.0,-1.6,중립,음봉,잔구간,0.07,-0.61,2026-07-24
OMAH,1.1,18.78,906211,809575,17.02,15.94,1.1,0.2,0.6,중립,양봉,잔구간,0.91,0.595,2026-07-24
PK,1.1,14.74,3565348,3257936,52.55,56.27,0.9,0.8,0.3,매수관심,팽이도지,완만한상승,0.43,0.82,2026-07-24
SANA,1.1,3.18,2381132,2169531,7.57,8.06,0.9,0.0,-0.9,중립,팽이도지,잔구간,0.44,-0.035,2026-07-24
PCN,1.1,11.64,314821,299507,3.66,3.95,0.9,0.0,0.6,중립,양봉,잔구간,0.83,0.55,2026-07-24
FVRR,1.1,10.46,668309,589456,6.99,6.32,1.1,1.1,0.6,중립,팽이도지,잔구간,0.5,0.0,2026-07-24
GCTS,1.1,1.95,1693254,1528249,3.3,3.42,1.0,0.5,-5.3,강한매도,장대음봉,전저점이탈,0.17,-3.15,2026-07-24
HIX,1.1,3.91,319474,291802,1.25,1.27,1.0,-0.8,-0.3,중립,팽이도지,전저점이탈,0.47,-0.79,2026-07-24
CLDT,1.1,13.5,392473,354868,5.3,4.22,1.3,0.9,0.7,매수관심,양봉,완만한상승,0.7,1.84,2026-07-24
SMR,1.1,8.09,34926326,33087780,282.55,254.65,1.1,-1.4,-6.9,매도주의,장대음봉,잔구간,0.03,-1.28,2026-07-24
CLB,1.1,11.67,856022,791382,9.99,8.55,1.2,1.2,-2.3,중립,음봉,잔구간,0.17,-0.55,2026-07-24
SLDP,1.1,2.08,3953381,3546486,8.22,8.35,1.0,0.0,-3.3,강한매도,장대음봉,전저점이탈,0.29,-3.0,2026-07-24
BTGO,1.1,4.82,1108043,1008611,5.34,4.78,1.1,0.0,-4.7,매도주의,장대음봉,잔구간,0.13,-1.22,2026-07-24
ITG,1.1,13.46,551036,524716,7.42,5.13,1.4,-0.4,-1.9,중립,망치형,잔구간,0.73,0.64,2026-07-24
GRNT,1.1,4.85,768851,702003,3.73,3.57,1.0,-1.0,-0.6,매도주의,위꼬리음봉,잔구간,0.23,-0.91,2026-07-24
RR,1.1,1.55,7116986,6473909,11.03,9.4,1.2,1.2,-4.9,매도주의,장대음봉,잔구간,0.11,-1.235,2026-07-24
GOOY,1.1,11.81,392531,372001,4.64,5.13,0.9,0.2,-0.2,매도주의,위꼬리음봉,잔구간,0.2,-0.93,2026-07-24
SHEN,1.1,11.42,513283,457637,5.86,5.23,1.1,1.4,-1.9,매도주의,장대음봉,잔구간,0.04,-1.275,2026-07-24
GAU,1.1,1.86,2907850,2717942,5.41,4.7,1.1,1.6,-0.5,매수관심,팽이도지,완만한상승,0.57,0.98,2026-07-24
GBDC,1.1,12.78,857467,768176,10.96,11.55,0.9,0.2,-0.2,중립,망치형,잔구간,0.68,0.61,2026-07-24
IART,1.1,19.79,901081,794375,17.83,16.61,1.1,1.0,5.5,매수관심,장대양봉,잔구간,0.96,1.275,2026-07-24
IHRT,1.1,3.54,575166,542798,2.04,2.35,0.9,1.4,-4.3,매도주의,장대음봉,잔구간,0.06,-1.265,2026-07-24
PAYS,1.1,8.69,621537,545675,5.4,4.54,1.2,-0.4,4.0,매수관심,양봉,완만한상승,0.69,1.83,2026-07-24
ORLA,1.1,9.26,4650504,4195563,43.06,29.5,1.5,1.0,-1.1,중립,음봉,잔구간,0.13,-0.57,2026-07-24
NPKI,1.1,14.35,752745,679175,10.8,9.23,1.2,0.8,-1.8,매도주의,장대음봉,잔구간,0.4,-1.06,2026-07-24
NOK,1.1,9.1,119145449,108691951,1084.22,1147.23,0.9,-1.5,-5.0,강한매도,장대음봉,전저점이탈,0.14,-3.18,2026-07-24
BV,1.1,14.06,731096,673021,10.28,14.2,0.7,0.3,-0.9,중립,음봉,잔구간,0.15,-0.56,2026-07-24
OCSL,1.1,11.68,510191,468042,5.96,5.35,1.1,0.3,0.2,매수관심,양봉스프링,잔구간,0.79,0.925,2026-07-24
CDZI,1.1,3.16,1021422,953357,3.23,6.46,0.5,-0.6,-0.6,중립,망치형,전저점이탈,0.66,0.44,2026-07-24
NMAX,1.1,7.5,559279,530156,4.19,4.48,0.9,0.8,-4.0,강한매도,장대음봉,전저점이탈,0.0,-3.35,2026-07-24
AIRO,1.1,6.8,354244,311956,2.41,2.85,0.8,0.6,-5.3,매도주의,장대음봉,잔구간,0.13,-1.22,2026-07-24
NCNO,1.1,16.56,2023379,1909163,33.51,33.22,1.0,1.5,0.5,중립,팽이도지,잔구간,0.46,-0.025,2026-07-24
LPTH,1.1,10.83,3112842,2793400,33.71,32.78,1.0,-1.0,-11.6,매도주의,장대음봉,잔구간,0.05,-1.27,2026-07-24
INFY,1.1,11.11,29071925,25986935,322.99,281.24,1.1,2.0,2.1,매수관심,장대양봉,잔구간,0.87,1.22,2026-07-24
AVTR,1.1,11.44,12278629,10968545,140.47,114.99,1.2,0.4,0.4,중립,위꼬리양봉,완만한상승,0.4,-0.22,2026-07-24
TTI,1.1,8.31,1451644,1316588,12.06,11.54,1.0,1.5,-4.0,강한매도,장대음봉,전저점이탈,0.01,-3.34,2026-07-24
UAA,1.1,7.03,7647969,6960514,53.77,53.91,1.0,1.2,3.1,강한매수,양봉,완만한상승,0.86,2.03,2026-07-24
WEN,1.1,6.99,7083184,6442082,49.51,59.53,0.8,-0.1,-2.4,매도주의,음봉,전저점이탈,0.07,-1.97,2026-07-24
MFA,1.1,9.14,1338591,1227234,12.23,13.05,0.9,0.4,0.3,중립,위꼬리양봉,잔구간,0.39,-0.565,2026-07-24
UWMC,1.1,1.83,16268324,14197595,29.77,28.99,1.0,0.6,4.6,매수관심,장대양봉,잔구간,0.67,1.1,2026-07-24
ULCC,1.1,5.81,3899394,3421258,22.66,28.15,0.8,1.8,3.8,중립,양봉,잔구간,0.59,0.405,2026-07-24
ACVA,1.1,7.73,3350487,3170364,25.9,22.8,1.1,0.7,1.4,중립,양봉,잔구간,0.63,0.43,2026-07-24
EYPT,1.1,12.19,1468697,1284306,17.9,17.64,1.0,-0.2,-2.1,매도주의,음봉,전저점이탈,0.3,-1.69,2026-07-24
ACB,1.1,2.67,1252610,1151822,3.34,2.88,1.2,0.0,-0.7,중립,음봉,잔구간,0.6,-0.29,2026-07-24
DBI,1.0,5.46,414216,404108,2.26,2.77,0.8,0.7,1.1,매수관심,팽이도지,완만한상승,0.69,1.13,2026-07-24
ABX,1.0,10.38,599021,602737,6.22,7.1,0.9,1.2,2.1,중립,양봉,잔구간,0.58,0.4,2026-07-24
ACCO,1.0,4.0,586513,614909,2.35,2.6,0.9,1.3,0.8,중립,팽이도지,잔구간,0.6,0.06,2026-07-24
YMAX,1.0,7.32,1363745,1434580,9.98,11.17,0.9,1.1,-2.0,매도주의,장대음봉,전저점부근,0.0,-1.85,2026-07-24
ACHR,1.0,4.77,35221939,33734874,168.01,185.6,0.9,1.0,-7.6,매도주의,장대음봉,잔구간,0.07,-1.26,2026-07-24
ACHV,1.0,6.1,927015,904446,5.65,8.27,0.7,1.1,-2.2,중립,음봉,잔구간,0.13,-0.57,2026-07-24
ALLO,1.0,1.74,4874170,4714930,8.48,10.67,0.8,0.5,-4.9,매도주의,장대음봉,전저점부근,0.0,-1.85,2026-07-24
UNG,1.0,10.55,7240185,7142719,76.38,80.25,1.0,1.9,-2.4,매도주의,장대음봉,잔구간,0.19,-1.185,2026-07-24
EXK,1.0,7.82,6290914,6133079,49.19,46.22,1.1,0.9,-2.0,중립,음봉,잔구간,0.23,-0.51,2026-07-24
UMAC,1.0,19.36,2985852,3056549,57.81,63.48,0.9,0.0,-10.0,매도주의,장대음봉,잔구간,0.1,-1.24,2026-07-24
UMC,1.0,19.48,16398884,16362021,319.45,331.25,1.0,-4.9,-1.8,매도주의,음봉,전저점이탈,0.46,-1.5,2026-07-24
BUYW,1.0,14.5,333973,325668,4.84,4.63,1.0,-0.3,-0.1,강한매수,망치형,수횡파,0.8,2.96,2026-07-24
MITK,1.0,16.87,765270,733743,12.91,12.11,1.1,2.1,3.9,중립,양봉,잔구간,0.72,0.48,2026-07-24
BSCT,1.0,18.445,547737,548847,10.1,11.89,0.8,0.1,-0.1,매도주의,장대음봉,잔구간,0.25,-1.15,2026-07-24
BSCU,1.0,16.475,650322,658363,10.71,11.39,0.9,0.2,-0.1,매도주의,장대음봉,잔구간,0.33,-1.1,2026-07-24
TWI,1.0,8.02,345983,349006,2.77,3.03,0.9,0.8,0.9,중립,양봉,전고점부근,0.88,0.71,2026-07-24
UUUU,1.0,11.3,6339417,6299744,71.64,88.14,0.8,0.7,-6.6,매도주의,장대음봉,잔구간,0.03,-1.28,2026-07-24
AEO,1.0,17.0,3768357,3665858,64.06,75.54,0.8,-1.3,0.9,중립,팽이도지,잔구간,0.49,-0.005,2026-07-24
BSOL,1.0,10.07,2219161,2279650,22.35,24.28,0.9,-1.4,-1.0,매도주의,장대음봉,잔구간,0.31,-1.115,2026-07-24
INFQ,1.0,8.97,9375629,9016583,84.1,97.85,0.9,0.0,-7.4,매도주의,장대음봉,잔구간,0.04,-1.275,2026-07-24
CIRC,1.0,0.792,1397744,1434408,1.11,2.91,0.4,-4.7,8.0,매수관심,장대양봉,잔구간,0.61,1.065,2026-07-24
HTLD,1.0,14.28,660986,685166,9.44,9.96,0.9,-3.2,-0.5,매도주의,팽이도지,전저점이탈,0.37,-0.91,2026-07-24
PLTD,1.0,8.33,41354082,42548398,344.48,359.48,1.0,-1.3,1.8,강한매수,장대양봉,완만한상승,0.74,3.19,2026-07-24
KBDC,1.0,13.45,319949,322744,4.3,4.11,1.0,1.0,-0.2,중립,망치형,잔구간,0.81,0.685,2026-07-24
KC,1.0,9.47,933674,930276,8.84,12.66,0.7,-0.4,-1.9,매도주의,장대음봉,잔구간,0.15,-1.21,2026-07-24
PLUG,1.0,2.09,37380928,38208097,78.13,96.27,0.8,0.0,-4.6,매도주의,장대음봉,잔구간,0.15,-1.21,2026-07-24
PML,1.0,7.29,399176,399290,2.91,2.6,1.1,0.0,0.1,중립,위꼬리양봉,잔구간,0.33,-0.6,2026-07-24
AMC,1.0,2.27,45396109,43544338,103.05,123.07,0.8,0.0,-0.4,매도주의,위꼬리음봉,잔구간,0.18,-0.94,2026-07-24
ALDX,1.0,1.52,1126283,1150778,1.71,2.29,0.7,3.2,-5.0,강한매도,장대음봉,전저점이탈,0.36,-2.92,2026-07-24
ALKT,1.0,16.79,1013204,982650,17.01,18.58,0.9,2.0,1.1,중립,양봉,잔구간,0.59,0.405,2026-07-24
WEAV,1.0,6.17,954886,951156,5.89,8.25,0.7,1.5,2.0,중립,양봉,잔구간,0.5,0.35,2026-07-24
NEO,1.0,13.89,1992873,1997062,27.68,43.09,0.6,0.4,-2.8,매도주의,장대음봉,잔구간,0.03,-1.28,2026-07-24
NSLR,1.0,9.9,308894,305003,3.06,3.62,0.8,0.3,-3.9,강한매도,장대음봉,전저점이탈,0.03,-3.31,2026-07-24
VFC,1.0,17.03,6492601,6493425,110.57,101.87,1.1,0.3,2.7,매수관심,양봉,완만한상승,0.68,1.82,2026-07-24
NIQ,1.0,10.75,1296716,1258809,13.94,15.09,0.9,1.2,1.8,중립,양봉,잔구간,0.39,0.285,2026-07-24
VTS,1.0,15.8,349635,351000,5.52,6.5,0.9,0.4,-1.2,중립,음봉,잔구간,0.27,-0.49,2026-07-24
VWAV,1.0,2.96,498694,500825,1.48,1.86,0.8,-2.4,-7.5,강한매도,장대음봉,전저점이탈,0.14,-3.18,2026-07-24
VRRM,1.0,4.05,2979485,2924973,12.07,15.93,0.8,0.3,3.6,매수관심,장대양봉,잔구간,0.9,1.24,2026-07-24
BZAI,1.0,0.903,3275432,3337724,2.96,3.59,0.8,0.5,-9.6,강한매도,장대음봉,전저점이탈,0.01,-3.34,2026-07-24
ORN,1.0,12.69,444586,432659,5.64,5.64,1.0,0.5,-2.2,중립,음봉,잔구간,0.42,-0.4,2026-07-24
OIS,1.0,8.67,529965,538930,4.59,5.01,0.9,0.9,-1.0,중립,음봉,잔구간,0.19,-0.535,2026-07-24
OKLL,1.0,2.75,10780325,10532959,29.65,35.72,0.8,-0.6,-16.2,매도주의,장대음봉,잔구간,0.04,-1.275,2026-07-24
RWT,1.0,4.92,1437725,1446553,7.07,9.27,0.8,1.0,-0.6,매도주의,위꼬리음봉,완만한상승,0.09,-1.09,2026-07-24
IFRX,1.0,1.74,823298,816084,1.43,1.84,0.8,1.7,-1.1,중립,팽이도지,잔구간,0.43,-0.04,2026-07-24
ASC,1.0,16.61,422219,423733,7.01,8.73,0.8,0.5,-0.3,중립,팽이도지,완만한상승,0.28,0.64,2026-07-24
SGML,1.0,9.63,1523510,1465087,14.67,16.22,0.9,-2.3,-1.6,매도주의,음봉,전저점이탈,0.24,-1.76,2026-07-24
GLWG,1.0,13.73,1311338,1278337,18.0,21.9,0.8,-1.3,-10.7,매도주의,장대음봉,전저점부근,0.07,-1.77,2026-07-24
GOGO,1.0,3.81,1198618,1193188,4.57,4.31,1.1,0.5,0.5,중립,위꼬리양봉,완만한상승,0.2,-0.46,2026-07-24
IBRX,1.0,7.1,8524632,8165123,60.52,65.55,0.9,0.0,-4.1,강한매도,장대음봉,전저점이탈,0.09,-3.24,2026-07-24
RXST,1.0,5.19,843491,840553,4.38,5.36,0.8,0.6,-3.9,중립,음봉,잔구간,0.33,-0.45,2026-07-24
RYLD,1.0,15.92,554595,545874,8.83,9.19,1.0,0.3,-0.5,매도주의,장대음봉,잔구간,0.05,-1.27,2026-07-24
RZLT,1.0,4.99,1146890,1180437,5.72,7.25,0.8,0.0,-6.0,매도주의,장대음봉,잔구간,0.22,-1.17,2026-07-24
RWM,1.0,13.76,26330455,27673098,362.31,319.89,1.1,-0.5,0.8,강한매수,장대양봉,완만한상승,0.78,3.24,2026-07-24
RPAY,1.0,3.8,373038,383914,1.42,1.41,1.0,0.0,5.6,매수관심,장대양봉,잔구간,0.9,1.24,2026-07-24
HLX,1.0,9.91,1195437,1144899,11.85,11.28,1.1,0.1,2.1,강한매수,장대양봉,완만한상승,0.8,3.26,2026-07-24
SDGR,1.0,14.97,981724,940638,14.7,14.2,1.0,1.3,-2.3,중립,음봉,잔구간,0.49,-0.355,2026-07-24
SOFX,1.0,8.41,857789,835369,7.21,9.15,0.8,0.5,-2.9,중립,음봉,전저점부근,0.3,-0.19,2026-07-24
RZLV,1.0,2.24,7647581,7875922,17.13,23.08,0.7,0.4,-3.0,강한매도,장대음봉,전저점이탈,0.0,-3.35,2026-07-24
PGX,1.0,10.71,2567758,2683754,27.5,29.14,0.9,0.2,-0.2,매도주의,장대음봉,잔구간,0.33,-1.1,2026-07-24
PHK,1.0,4.62,1199965,1144626,5.54,7.79,0.7,-0.2,0.0,매수관심,팽이도지,전저점부근,0.6,0.87,2026-07-24
PEPG,1.0,1.93,734997,718844,1.42,3.05,0.5,0.5,-8.5,매도주의,장대음봉,잔구간,0.04,-1.275,2026-07-24
PAYP,1.0,15.51,749474,734451,11.62,12.25,0.9,0.8,-1.6,중립,음봉,잔구간,0.12,-0.58,2026-07-24
IRD,1.0,3.08,1089572,1040527,3.36,2.94,1.1,-0.3,5.8,매수관심,장대양봉,잔구간,0.96,1.275,2026-07-24
SB,1.0,7.67,930290,896415,7.14,8.02,0.9,-0.7,2.3,강한매수,양봉,전고점돌파,0.61,2.33,2026-07-24
CMRC,1.0,2.71,520882,515276,1.41,1.54,0.9,0.2,3.8,매수관심,장대양봉,잔구간,0.83,1.2,2026-07-24
PBR,1.0,18.77,13888082,13470244,260.68,257.07,1.0,-0.6,-0.6,매도주의,위꼬리음봉,잔구간,0.15,-0.96,2026-07-24
RES,1.0,5.61,1307465,1274833,7.33,7.29,1.0,0.2,-4.4,강한매도,장대음봉,전저점이탈,0.0,-3.35,2026-07-24
HLIT,1.0,11.19,1393044,1331946,15.59,17.94,0.9,0.1,-3.6,강한매도,장대음봉,전저점이탈,0.19,-3.12,2026-07-24
HLLY,1.0,2.61,684137,696580,1.79,2.11,0.8,-1.4,5.0,매수관심,장대양봉,잔구간,0.76,1.155,2026-07-24
HLMN,1.0,7.97,1156096,1148095,9.21,8.72,1.1,0.3,1.0,중립,양봉,잔구간,0.51,0.355,2026-07-24
SMRT,1.0,0.948,1918091,1898780,1.82,2.02,0.9,0.2,-0.3,매도주의,위꼬리음봉,수횡파,0.0,-1.5,2026-07-24
EVLV,1.0,5.24,1489586,1499705,7.81,8.46,0.9,0.6,-1.1,중립,음봉,잔구간,0.5,-0.35,2026-07-24
SLS,1.0,11.32,6728973,6430772,76.17,85.97,0.9,0.0,-8.3,강한매도,장대음봉,전저점이탈,0.08,-3.25,2026-07-24
FSCO,1.0,4.89,828672,831651,4.05,4.59,0.9,-1.2,0.4,중립,위꼬리양봉,잔구간,0.36,-0.585,2026-07-24
FTRE,1.0,19.52,1343522,1346211,26.23,20.07,1.3,1.4,-1.3,중립,음봉,완만한상승,0.33,-0.0,2026-07-24
ARRY,1.0,5.32,6960294,7317215,37.03,39.8,0.9,1.3,-6.7,강한매도,장대음봉,전저점이탈,0.15,-3.17,2026-07-24
HMY,1.0,15.87,2827559,2947672,44.87,43.35,1.0,2.3,0.2,중립,팽이도지,잔구간,0.42,-0.05,2026-07-24
PDYN,1.0,4.94,751520,747545,3.71,4.99,0.7,0.0,-5.5,매도주의,장대음봉,잔구간,0.09,-1.245,2026-07-24
CGAU,1.0,16.19,1055581,1101387,17.09,19.85,0.9,1.5,-2.2,매도주의,장대음봉,잔구간,0.07,-1.26,2026-07-24
COMP,1.0,11.07,11271658,10982373,124.78,132.24,0.9,0.7,1.9,중립,양봉,잔구간,0.5,0.35,2026-07-24
ATOM,1.0,5.18,578331,597111,3.0,3.89,0.8,-0.2,-7.0,강한매도,장대음봉,전저점이탈,0.05,-3.29,2026-07-24
AUPH,1.0,15.35,792970,834267,12.17,14.83,0.8,1.1,-0.4,중립,팽이도지,잔구간,0.56,0.035,2026-07-24
CBLL,1.0,16.91,363473,360279,6.15,6.3,1.0,0.7,3.1,중립,양봉,잔구간,0.74,0.495,2026-07-24
OCGN,1.0,1.21,4119147,4239276,4.98,6.18,0.8,0.0,-4.7,강한매도,장대음봉,전저점이탈,0.0,-3.35,2026-07-24
IQST,1.0,1.02,2516217,2400958,2.57,18.73,0.1,0.0,-4.7,매도주의,장대음봉,잔구간,0.07,-1.26,2026-07-24
HQ,1.0,11.7,321281,320465,3.76,8.08,0.5,1.9,-16.4,강한매도,장대음봉,전저점이탈,0.05,-3.29,2026-07-24
LABD,1.0,8.77,6553093,6461426,57.47,112.07,0.5,-0.7,4.4,강한매수,장대양봉,완만한상승,0.82,3.28,2026-07-24
LAES,1.0,2.43,13968331,14071707,33.94,32.76,1.0,-1.6,-4.0,매도주의,장대음봉,잔구간,0.0,-1.3,2026-07-24
KOS,1.0,2.63,13276447,13914065,34.92,45.45,0.8,-3.3,-0.8,중립,팽이도지,잔구간,0.3,-0.12,2026-07-24
RIVN,1.0,15.84,27457371,27279747,434.92,497.36,0.9,0.4,-4.1,강한매도,장대음봉,전저점이탈,0.17,-3.15,2026-07-24
KT,1.0,18.56,1101946,1135295,20.45,24.02,0.9,1.0,0.6,강한매수,장대양봉,전고점돌파,0.65,3.68,2026-07-24
POEL,1.0,8.29,466689,481721,3.87,5.77,0.7,-2.1,-16.3,강한매도,장대음봉,전저점이탈,0.1,-3.23,2026-07-24
POET,1.0,6.89,13706116,13459070,94.44,100.17,0.9,-0.9,-8.5,강한매도,장대음봉,전저점이탈,0.04,-3.3,2026-07-24
HNST,1.0,3.79,1289928,1237173,4.89,4.81,1.0,0.0,1.9,중립,양봉,잔구간,0.51,0.355,2026-07-24
KYTX,1.0,7.41,850893,878476,6.31,9.77,0.6,0.0,1.6,중립,양봉,잔구간,0.69,0.465,2026-07-24
KEEL,1.0,4.26,28311044,27461756,120.61,117.39,1.0,0.0,-11.4,매도주의,장대음봉,잔구간,0.02,-1.29,2026-07-24
KIDZ,1.0,0.419,2566163,2522841,1.08,16.71,0.1,-7.9,-16.4,매도주의,장대음봉,전저점부근,0.09,-1.74,2026-07-24
PRCH,1.0,11.84,1171863,1165277,13.87,20.52,0.7,1.7,0.1,중립,팽이도지,잔구간,0.34,-0.095,2026-07-24
BHVN,1.0,14.32,1718104,1768550,24.6,28.21,0.9,0.2,-2.5,중립,음봉,잔구간,0.4,-0.41,2026-07-24
BITU,1.0,9.49,3862913,3764634,36.66,39.21,0.9,-1.7,-0.4,중립,망치형,잔구간,0.68,0.61,2026-07-24
MUD,1.0,11.67,10836819,10853216,126.47,138.39,0.9,2.9,3.9,강한매수,장대양봉,완만한상승,0.73,3.18,2026-07-24
BRBR,1.0,12.95,3386744,3396573,43.86,43.93,1.0,0.5,-0.2,매도주의,위꼬리음봉,완만한상승,0.03,-1.16,2026-07-24
BRSP,1.0,5.23,1074441,1116745,5.62,6.58,0.9,0.4,0.0,중립,위꼬리양봉,잔구간,0.11,-0.735,2026-07-24
ANGX,1.0,4.05,1407732,1359361,5.7,5.47,1.0,-0.2,0.0,중립,팽이도지,잔구간,0.75,0.15,2026-07-24
OLMA,1.0,11.7,806832,813658,9.44,10.97,0.9,0.0,-0.3,중립,팽이도지,잔구간,0.52,0.01,2026-07-24
OBDC,1.0,10.77,2759241,2809896,29.72,36.31,0.8,1.1,-0.5,중립,음봉,잔구간,0.45,-0.38,2026-07-24
AMPH,1.0,18.72,445684,427138,8.34,8.21,1.0,0.2,-1.0,중립,음봉,전저점부근,0.35,-0.13,2026-07-24
SKDD,1.0,14.89,12815771,12784651,190.83,216.07,0.9,6.6,10.0,강한매수,장대양봉,완만한상승,0.85,3.32,2026-07-24
HAPN,1.0,18.06,1311590,1274924,23.69,24.44,1.0,0.6,-0.2,매도주의,위꼬리음봉,잔구간,0.16,-0.955,2026-07-24
HCKT,1.0,9.71,322021,314369,3.13,3.94,0.8,1.2,3.2,중립,양봉,잔구간,0.72,0.48,2026-07-24
SNXX,1.0,14.42,85052329,83683779,1226.45,1545.13,0.8,-7.3,-15.1,매도주의,장대음봉,잔구간,0.17,-1.2,2026-07-24
COTY,1.0,2.65,10152881,10403063,26.91,25.51,1.1,-1.2,3.1,강한매수,장대양봉,완만한상승,0.73,3.18,2026-07-24
MSTZ,1.0,12.8,9033456,8909079,115.63,112.81,1.0,1.1,3.2,매수관심,양봉,완만한상승,0.5,1.6,2026-07-24
MOMO,1.0,5.88,430074,427838,2.53,2.9,0.9,0.0,-0.2,중립,팽이도지,잔구간,0.5,0.0,2026-07-24
EXFY,1.0,1.72,657618,666093,1.13,1.54,0.7,0.6,-1.7,중립,음봉,수횡파,0.0,-0.7,2026-07-24
SVRA,1.0,5.51,1550297,1493504,8.54,10.15,0.8,0.7,-4.8,매도주의,장대음봉,잔구간,0.09,-1.245,2026-07-24
LUCD,1.0,0.908,1605327,1581000,1.46,1.93,0.8,0.5,-4.5,매도주의,장대음봉,전저점부근,0.06,-1.78,2026-07-24
STTK,1.0,7.43,1468070,1441661,10.91,11.09,1.0,3.7,1.1,강한매수,양봉스프링,완만한상승,0.87,2.84,2026-07-24
AMPY,1.0,3.94,566702,543158,2.23,2.49,0.9,-0.2,-4.4,매도주의,장대음봉,잔구간,0.03,-1.28,2026-07-24
SXC,1.0,8.92,1231262,1191021,10.98,10.0,1.1,0.1,-0.9,중립,음봉,잔구간,0.21,-0.525,2026-07-24
LITZ,1.0,16.64,920895,945793,15.32,14.3,1.1,5.3,11.3,매수관심,장대양봉,잔구간,0.91,1.245,2026-07-24
LPL,1.0,3.17,2870142,2796547,9.1,12.57,0.7,-2.7,-3.4,매도주의,장대음봉,전저점부근,0.06,-1.78,2026-07-24
BUR,1.0,4.14,2063563,1971769,8.54,7.65,1.1,2.4,-2.6,중립,음봉,잔구간,0.03,-0.63,2026-07-24
WVE,1.0,5.81,2067597,2127357,12.01,12.49,1.0,0.3,0.2,매수관심,팽이도지,완만한상승,0.46,0.85,2026-07-24
ADUR,1.0,12.91,632216,662040,8.16,9.77,0.8,1.4,-8.4,매도주의,장대음봉,잔구간,0.01,-1.295,2026-07-24
VGZ,1.0,1.73,918651,899738,1.59,2.37,0.7,0.6,0.6,매수관심,팽이도지,완만한상승,0.5,0.9,2026-07-24
DSL,1.0,10.55,623086,622589,6.57,8.11,0.8,0.4,-1.1,강한매도,장대음봉,전저점이탈,0.0,-3.35,2026-07-24
BMBL,1.0,2.81,1992011,1932713,5.6,6.02,0.9,0.4,0.4,중립,위꼬리양봉,잔구간,0.18,-0.69,2026-07-24
FLYW,1.0,15.89,1847270,1870812,29.35,34.07,0.9,-1.8,0.4,중립,팽이도지,전저점부근,0.51,0.76,2026-07-24
URG,1.0,1.22,6751969,6949449,8.24,8.05,1.0,-0.8,-4.7,매도주의,장대음봉,잔구간,0.13,-1.22,2026-07-24
MSTX,1.0,7.86,6393518,6183401,50.25,58.23,0.9,-1.6,-3.1,중립,음봉,잔구간,0.48,-0.36,2026-07-24
CRMT,1.0,3.04,415056,425582,1.26,4.08,0.3,-2.2,-14.6,매도주의,장대음봉,전저점부근,0.06,-1.78,2026-07-24
CRWG,1.0,15.28,1529862,1541436,23.38,24.5,1.0,-4.0,-19.3,매도주의,장대음봉,잔구간,0.03,-1.28,2026-07-24
QSI,1.0,0.77,2588776,2569310,1.99,2.09,1.0,0.6,-3.1,강한매도,장대음봉,전저점이탈,0.23,-3.07,2026-07-24
JBS,1.0,12.28,3209276,3363228,39.41,41.32,1.0,0.2,1.0,매수관심,양봉,수횡파,0.76,1.61,2026-07-24
PALI,1.0,1.95,2333824,2236939,4.55,5.9,0.8,1.0,-4.4,중립,음봉,잔구간,0.35,-0.44,2026-07-24
PMT,1.0,9.74,1323255,1372730,12.89,14.95,0.9,0.4,1.2,매수관심,양봉,완만한상승,0.63,1.76,2026-07-24
DDD,1.0,2.57,1812954,1891963,4.66,5.35,0.9,0.0,-0.8,중립,음봉,잔구간,0.4,-0.41,2026-07-24
DFH,1.0,15.92,566282,544513,9.02,8.45,1.1,0.5,8.2,강한매수,장대양봉,완만한상승,0.91,3.39,2026-07-24
DAKT,1.0,19.48,426889,408638,8.32,9.52,0.9,-0.4,-1.3,중립,음봉,잔구간,0.18,-0.54,2026-07-24
CFFN,1.0,8.65,843961,830242,7.3,6.53,1.1,0.5,0.7,중립,양봉,잔구간,0.5,0.35,2026-07-24
BDTX,1.0,1.76,623287,610106,1.1,1.32,0.8,-0.5,-3.8,매도주의,장대음봉,전저점부근,0.12,-1.71,2026-07-24
ZIP,1.0,3.9,452232,461329,1.76,1.64,1.1,1.6,-0.5,중립,팽이도지,잔구간,0.32,-0.11,2026-07-24
MSDL,1.0,15.17,332162,335387,5.04,6.15,0.8,0.3,0.3,중립,팽이도지,잔구간,0.7,0.12,2026-07-24
CADL,1.0,9.56,1012021,1055055,9.67,12.5,0.8,0.0,-3.0,중립,음봉,잔구간,0.21,-0.525,2026-07-24
MMED,1.0,16.83,1102859,1141773,18.56,19.13,1.0,-0.3,3.4,강한매수,장대양봉,완만한상승,0.81,3.27,2026-07-24
AGBK,1.0,6.66,342830,341009,2.28,2.02,1.1,-0.9,0.5,중립,위꼬리양봉,잔구간,0.18,-0.69,2026-07-24
VTEX,1.0,3.9,859738,872606,3.35,3.21,1.0,0.8,-0.3,중립,팽이도지,잔구간,0.39,-0.065,2026-07-24
ABEV,1.0,3.06,16440713,16080848,50.31,60.8,0.8,0.3,-1.3,매도주의,장대음봉,잔구간,0.17,-1.2,2026-07-24
AAOG,1.0,2.812,1393877,1451945,3.92,4.78,0.8,-4.8,-17.3,매도주의,장대음봉,잔구간,0.09,-1.245,2026-07-24
ELPC,1.0,11.43,436887,424047,4.99,5.53,0.9,-0.9,-1.7,매도주의,장대음봉,잔구간,0.05,-1.27,2026-07-24
DV,1.0,10.56,1816763,1780762,19.19,18.94,1.0,1.6,0.1,중립,팽이도지,잔구간,0.5,0.0,2026-07-24
DCTH,1.0,12.22,301355,303964,3.68,4.09,0.9,0.1,-1.8,중립,음봉,잔구간,0.22,-0.52,2026-07-24
WRN,1.0,2.15,1470747,1512075,3.16,3.36,0.9,0.5,-0.5,매수관심,팽이도지,완만한상승,0.42,0.8,2026-07-24
AGNC,0.9,10.59,22111502,23799291,234.16,211.85,1.1,0.6,-0.3,중립,음봉,잔구간,0.34,-0.445,2026-07-24
AHRT,0.9,7.03,551968,582288,3.88,4.18,0.9,0.3,1.2,매수관심,장대양봉,잔구간,0.72,1.13,2026-07-24
AIIO,0.9,2.61,851817,972590,2.22,4.93,0.5,0.0,-8.7,강한매도,장대음봉,전저점이탈,0.05,-3.29,2026-07-24
VFF,0.9,1.93,597443,643843,1.15,1.19,1.0,0.5,-1.5,중립,음봉,잔구간,0.14,-0.565,2026-07-24
VG,0.9,14.31,19521838,22226043,279.36,245.48,1.1,-1.6,-4.0,매도주의,장대음봉,잔구간,0.02,-1.29,2026-07-24
NB,0.9,4.14,1852582,2101669,7.67,11.47,0.7,-1.4,-3.7,매도주의,장대음봉,잔구간,0.1,-1.24,2026-07-24
NEA,0.9,11.23,658627,768326,7.4,9.23,0.8,0.0,-0.2,중립,음봉,전저점부근,0.17,-0.35,2026-07-24
NTLA,0.9,10.73,3462561,3754806,37.15,56.7,0.7,1.4,-4.7,강한매도,장대음봉,전저점이탈,0.02,-3.33,2026-07-24
NRDS,0.9,8.88,477101,527989,4.24,4.91,0.9,0.5,1.5,중립,양봉,잔구간,0.36,0.265,2026-07-24
NRGV,0.9,2.88,3943836,4393362,11.36,14.24,0.8,-1.2,-10.3,매도주의,장대음봉,전저점부근,0.03,-1.81,2026-07-24
MRAM,0.9,15.09,1128232,1210607,17.03,18.01,0.9,-2.4,-6.9,매도주의,장대음봉,잔구간,0.16,-1.205,2026-07-24
XE,0.9,14.56,4547545,5253648,66.21,75.95,0.9,0.6,-9.1,매도주의,장대음봉,잔구간,0.03,-1.28,2026-07-24
NEOV,0.9,2.15,900222,1029296,1.94,2.21,0.9,0.4,-4.4,중립,음봉,잔구간,0.05,-0.62,2026-07-24
XXI,0.9,4.52,2087348,2206178,9.43,9.25,1.0,-1.5,-0.4,중립,망치형,잔구간,0.76,0.655,2026-07-24
EGY,0.9,5.55,965253,1072573,5.36,6.07,0.9,-0.9,-1.9,중립,음봉,잔구간,0.24,-0.505,2026-07-24
DVLT,0.9,0.357,8848845,10301791,3.16,4.63,0.7,-1.0,-3.5,매도주의,장대음봉,잔구간,0.06,-1.265,2026-07-24
EARN,0.9,4.4,339548,375430,1.49,1.56,1.0,0.0,0.0,매수관심,팽이도지,완만한상승,0.47,0.86,2026-07-24
EBS,0.9,7.26,554005,591906,4.02,5.78,0.7,0.1,-3.3,강한매도,장대음봉,전저점이탈,0.06,-3.28,2026-07-24
XOVR,0.9,18.54,1529734,1788686,28.36,39.43,0.7,-0.5,-1.0,중립,음봉,전저점부근,0.32,-0.17,2026-07-24
CWH,0.9,5.71,2293787,2540756,13.1,15.45,0.8,0.2,1.2,중립,팽이도지,잔구간,0.68,0.11,2026-07-24
ENGN,0.9,1.82,665841,758029,1.21,1.71,0.7,0.0,-3.7,매도주의,장대음봉,수횡파,0.13,-1.84,2026-07-24
EQX,0.9,9.28,12196560,13310008,113.18,98.69,1.1,1.2,-1.3,중립,음봉,잔구간,0.16,-0.555,2026-07-24
PURR,0.9,6.19,7675517,8816992,47.51,65.87,0.7,0.8,-5.6,강한매도,장대음봉,전저점이탈,0.03,-3.31,2026-07-24
QBTS,0.9,16.21,13570793,15528761,219.98,281.35,0.8,-0.5,-4.7,매도주의,장대음봉,잔구간,0.03,-1.28,2026-07-24
IONL,0.9,9.8,676097,736562,6.63,8.6,0.8,-0.9,-6.6,강한매도,장대음봉,전저점이탈,0.16,-3.16,2026-07-24
IPSC,0.9,2.11,678432,786104,1.43,2.18,0.7,0.5,-3.2,매도주의,장대음봉,잔구간,0.3,-1.12,2026-07-24
INFH,0.9,4.52,301403,352269,1.36,2.23,0.6,-1.7,-13.2,매도주의,장대음봉,잔구간,0.08,-1.25,2026-07-24
AVXX,0.9,5.26,493471,573654,2.6,2.94,0.9,1.7,-13.5,매도주의,장대음봉,잔구간,0.01,-1.295,2026-07-24
BAK,0.9,2.46,1553003,1654908,3.82,3.62,1.1,-0.8,0.4,중립,팽이도지,잔구간,0.69,0.115,2026-07-24
BBAI,0.9,2.76,20085280,21998412,55.44,73.6,0.8,0.0,-3.2,매도주의,장대음봉,전저점부근,0.21,-1.6,2026-07-24
BBBY,0.9,4.96,1587350,1724559,7.87,9.53,0.8,1.0,-0.6,중립,팽이도지,잔구간,0.31,-0.115,2026-07-24
AVTX,0.9,18.44,800236,909313,14.76,15.85,0.9,1.4,2.4,중립,양봉,잔구간,0.91,0.595,2026-07-24
BEX,0.9,19.59,1856796,2064585,36.37,55.52,0.7,-1.9,-28.4,강한매도,장대음봉,전저점이탈,0.04,-3.3,2026-07-24
HUN,0.9,12.8,3057110,3483179,39.13,43.06,0.9,0.2,-0.2,중립,팽이도지,잔구간,0.63,0.08,2026-07-24
HYLN,0.9,3.72,2610141,2802225,9.71,11.16,0.9,-1.2,-8.6,매도주의,장대음봉,잔구간,0.12,-1.23,2026-07-24
HODL,0.9,18.15,588799,675942,10.69,15.24,0.7,-0.7,-0.2,중립,망치형,잔구간,0.7,0.62,2026-07-24
LADR,0.9,9.77,858199,969604,8.38,10.35,0.8,0.4,2.0,매수관심,장대양봉,잔구간,0.98,1.29,2026-07-24
PSKY,0.9,8.21,8476583,9138853,69.59,83.55,0.8,0.1,-3.4,강한매도,장대음봉,전저점이탈,0.1,-3.23,2026-07-24
PSLV,0.9,18.73,7226476,8058839,135.35,133.0,1.0,0.5,0.5,중립,위꼬리양봉,완만한상승,0.34,-0.29,2026-07-24
PRGO,0.9,10.09,2545011,2733508,25.68,28.26,0.9,0.8,-0.9,매도주의,위꼬리음봉,잔구간,0.16,-0.955,2026-07-24
INMD,0.9,15.17,419196,490837,6.36,9.21,0.7,0.5,0.1,중립,위꼬리양봉,잔구간,0.25,-0.65,2026-07-24
PTY,0.9,11.69,914741,991087,10.69,13.57,0.8,0.3,0.3,중립,양봉,잔구간,0.65,0.44,2026-07-24
PUBM,0.9,12.52,414513,464650,5.19,5.91,0.9,0.8,1.0,중립,양봉,잔구간,0.41,0.295,2026-07-24
BBWI,0.9,19.9,4537960,4891943,90.31,93.92,1.0,0.8,2.1,중립,양봉,잔구간,0.71,0.475,2026-07-24
BCAT,0.9,15.31,514780,583950,7.88,14.96,0.5,0.2,-1.1,강한매도,장대음봉,전저점이탈,0.0,-3.35,2026-07-24
KLAR,0.9,17.36,2175492,2528530,37.77,69.77,0.5,0.1,-1.4,중립,음봉,전저점부근,0.15,-0.37,2026-07-24
KODK,0.9,8.23,600428,644021,4.94,5.76,0.9,0.1,2.1,강한매수,장대양봉,완만한상승,0.93,3.42,2026-07-24
PAR,0.9,15.44,541889,636507,8.37,11.31,0.7,1.9,-2.5,매도주의,장대음봉,잔구간,0.13,-1.22,2026-07-24
METD,0.9,16.25,402005,452898,6.53,11.48,0.6,0.1,1.8,강한매수,장대양봉,전고점돌파,0.95,4.04,2026-07-24
LWLG,0.9,6.05,2812935,2995872,17.02,20.01,0.9,-0.6,-8.9,매도주의,장대음봉,잔구간,0.02,-1.29,2026-07-24
LXEO,0.9,4.66,656869,755180,3.06,5.03,0.6,0.2,-1.3,중립,팽이도지,수횡파,0.41,0.49,2026-07-24
PESI,0.9,15.98,415842,464933,6.65,11.03,0.6,-0.1,-1.1,중립,팽이도지,잔구간,0.48,-0.01,2026-07-24
PBI,0.9,17.88,1143883,1267227,20.45,29.11,0.7,0.4,-0.2,중립,팽이도지,완만한상승,0.41,0.79,2026-07-24
PGEN,0.9,5.4,2866922,3293480,15.48,16.8,0.9,0.7,-3.2,중립,음봉,잔구간,0.31,-0.465,2026-07-24
PDBC,0.9,17.95,4735279,5386804,85.0,186.61,0.5,-0.7,0.1,매수관심,양봉스프링,잔구간,0.82,0.94,2026-07-24
SABR,0.9,1.66,3069506,3304136,5.1,5.29,1.0,1.2,-2.9,매도주의,장대음봉,잔구간,0.13,-1.22,2026-07-24
CMRE,0.9,15.72,325385,369421,5.12,6.41,0.8,-0.3,0.6,강한매수,양봉,전고점돌파,0.46,2.15,2026-07-24
RKLX,0.9,16.32,3044551,3410816,49.69,64.37,0.8,-1.4,-16.2,강한매도,장대음봉,전저점이탈,0.07,-3.27,2026-07-24
REPL,0.9,9.7,3267434,3752758,31.69,31.93,1.0,-1.5,-5.8,매도주의,장대음봉,잔구간,0.07,-1.26,2026-07-24
QUBT,0.9,7.43,7303290,8530702,54.26,69.49,0.8,-0.1,-5.4,매도주의,장대음봉,전저점부근,0.04,-1.8,2026-07-24
RCAT,0.9,7.64,6580929,7518256,50.28,62.47,0.8,-0.1,-4.7,매도주의,장대음봉,잔구간,0.18,-1.19,2026-07-24
HPK,0.9,7.65,350978,390158,2.68,3.12,0.9,-1.5,-3.3,중립,음봉,잔구간,0.13,-0.57,2026-07-24
RKT,0.9,13.05,28193366,32635435,367.92,402.41,0.9,1.2,0.9,중립,팽이도지,잔구간,0.63,0.08,2026-07-24
ASAN,0.9,6.86,4714445,5098854,32.34,36.82,0.9,2.7,1.6,매수관심,양봉스프링,잔구간,0.89,0.985,2026-07-24
GUT,0.9,6.43,303556,321400,1.95,1.81,1.1,0.0,1.1,중립,양봉,잔구간,0.47,0.33,2026-07-24
GNW,0.9,9.92,2887476,3078091,28.64,30.86,0.9,-0.4,0.5,중립,위꼬리양봉,완만한상승,0.24,-0.41,2026-07-24
SHC,0.9,17.35,2426484,2687428,42.1,53.3,0.8,0.6,-1.4,매도주의,장대음봉,잔구간,0.03,-1.28,2026-07-24
RWAY,0.9,5.355,348074,402840,1.86,3.37,0.6,0.0,-2.1,강한매도,장대음봉,전저점이탈,0.03,-3.31,2026-07-24
SBET,0.9,5.81,6706811,7477795,38.97,50.32,0.8,0.3,-3.5,중립,음봉,잔구간,0.31,-0.465,2026-07-24
RXRX,0.9,2.96,16530380,19092733,48.93,68.8,0.7,1.0,-2.6,중립,음봉,잔구간,0.24,-0.505,2026-07-24
SMCY,0.9,4.82,803039,879529,3.87,3.66,1.1,-0.4,-2.0,중립,음봉,잔구간,0.46,-0.375,2026-07-24
FWDI,0.9,3.89,783539,916367,3.05,4.01,0.8,-1.4,-7.4,매도주의,장대음봉,전저점부근,0.06,-1.78,2026-07-24
FWRG,0.9,12.12,657902,733150,7.97,9.9,0.8,1.0,0.3,매수관심,팽이도지,완만한상승,0.42,0.8,2026-07-24
CONL,0.9,4.8,12172712,13762135,58.43,92.3,0.6,-0.8,-2.8,중립,음봉,잔구간,0.64,-0.265,2026-07-24
CMBT,0.9,15.74,679203,760914,10.69,11.84,0.9,-0.4,1.3,매수관심,양봉,완만한상승,0.46,1.55,2026-07-24
CMPS,0.9,11.26,3627158,4228959,40.84,55.76,0.7,0.9,-4.7,강한매도,장대음봉,전저점이탈,0.28,-3.01,2026-07-24
CMPX,0.9,2.07,1589937,1839230,3.29,4.25,0.8,0.0,-2.4,매도주의,장대음봉,잔구간,0.12,-1.23,2026-07-24
ARKO,0.9,7.93,465767,530753,3.69,4.32,0.9,1.1,-1.7,중립,음봉,잔구간,0.2,-0.53,2026-07-24
ARMG,0.9,19.9,551394,620844,10.97,19.98,0.5,0.5,-16.8,매도주의,장대음봉,잔구간,0.03,-1.28,2026-07-24
ARR,0.9,16.27,3904430,4175473,63.53,82.84,0.8,0.5,0.4,중립,위꼬리양봉,잔구간,0.3,-0.62,2026-07-24
SIBN,0.9,16.62,381074,405940,6.33,7.57,0.8,-0.7,1.6,중립,양봉,잔구간,0.51,0.355,2026-07-24
AURA,0.9,7.05,325838,374148,2.3,2.85,0.8,-1.2,-0.9,중립,음봉,수횡파,0.27,-0.38,2026-07-24
AVO,0.9,12.42,698247,815100,8.67,11.83,0.7,0.1,1.6,매수관심,장대양봉,잔구간,0.67,1.1,2026-07-24
PDM,0.9,9.79,566861,638786,5.55,5.9,0.9,0.8,1.5,매수관심,양봉,완만한상승,0.75,1.9,2026-07-24
CCCC,0.9,3.4,2584074,2796565,8.79,11.02,0.8,0.5,-7.4,강한매도,장대음봉,전저점이탈,0.04,-3.3,2026-07-24
CCIX,0.9,10.88,383504,437523,4.17,14.69,0.3,0.0,0.1,강한매수,장대양봉,전고점돌파,1.0,4.1,2026-07-24
CCOI,0.9,11.87,951028,1040609,11.29,13.32,0.8,-0.8,-7.3,매도주의,장대음봉,잔구간,0.04,-1.275,2026-07-24
OCFC,0.9,19.56,841648,909104,16.46,16.51,1.0,0.8,-0.4,중립,팽이도지,잔구간,0.35,-0.09,2026-07-24
BTX,0.9,8.2,436244,507926,3.58,6.67,0.5,-0.5,-1.2,매도주의,장대음봉,잔구간,0.18,-1.19,2026-07-24
OPFI,0.9,9.02,378390,430675,3.41,4.42,0.8,0.1,1.7,중립,양봉,잔구간,0.65,0.44,2026-07-24
OPK,0.9,1.22,2549127,2846397,3.11,3.51,0.9,1.7,2.5,강한매수,장대양봉,완만한상승,0.8,3.26,2026-07-24
OFRM,0.9,15.05,418436,479382,6.3,7.95,0.8,-0.1,-0.6,중립,팽이도지,전저점부근,0.34,0.56,2026-07-24
OPRT,0.9,5.59,372795,394009,2.08,3.04,0.7,0.8,4.7,매수관심,장대양봉,잔구간,0.9,1.24,2026-07-24
AOD,0.9,10.4,400486,425860,4.17,4.07,1.0,0.1,-0.7,매도주의,장대음봉,잔구간,0.0,-1.3,2026-07-24
APLE,0.9,16.77,2173289,2499354,36.45,41.12,0.9,0.5,0.5,매수관심,양봉,완만한상승,0.47,1.56,2026-07-24
HIVE,0.9,2.96,13354277,15479740,39.53,46.37,0.9,-0.8,-6.2,매도주의,장대음봉,잔구간,0.0,-1.3,2026-07-24
GSM,0.9,3.36,740359,791421,2.49,3.76,0.7,-0.6,0.9,매수관심,양봉,완만한상승,0.4,1.48,2026-07-24
SMCX,0.9,8.72,7259457,8278907,63.3,57.49,1.1,-4.6,-2.8,중립,팽이도지,잔구간,0.41,-0.055,2026-07-24
SITC,0.9,4.38,516442,563927,2.26,2.95,0.8,0.2,2.6,매수관심,장대양봉,잔구간,0.92,1.25,2026-07-24
FSK,0.9,10.63,1756069,2039121,18.67,24.21,0.8,0.6,-0.1,중립,팽이도지,잔구간,0.49,-0.005,2026-07-24
SNDG,0.9,8.94,2695999,2876351,24.1,33.4,0.7,-7.6,-16.4,매도주의,장대음봉,잔구간,0.12,-1.23,2026-07-24
TH,0.9,16.15,582938,681241,9.41,12.53,0.8,0.0,-1.2,매도주의,위꼬리음봉,잔구간,0.15,-0.96,2026-07-24
TDUP,0.9,5.7,1081450,1246117,6.16,8.09,0.8,0.7,-1.4,중립,음봉,잔구간,0.45,-0.38,2026-07-24
ERAS,0.9,19.11,3176641,3639231,60.71,105.75,0.6,0.3,-1.4,중립,음봉,잔구간,0.08,-0.6,2026-07-24
ERII,0.9,8.42,514135,596283,4.33,5.58,0.8,0.6,-0.5,중립,팽이도지,잔구간,0.3,-0.12,2026-07-24
ESRT,0.9,5.66,1437748,1520373,8.14,7.64,1.1,0.7,2.9,강한매수,장대양봉,완만한상승,0.88,3.36,2026-07-24
ETH,0.9,17.75,1475164,1669068,26.18,34.2,0.8,-0.4,-0.2,중립,망치형,잔구간,0.77,0.66,2026-07-24
SPPP,0.9,12.84,557782,615968,7.16,7.09,1.0,-0.9,0.2,중립,팽이도지,잔구간,0.35,-0.09,2026-07-24
GENB,0.9,13.4,321963,368454,4.31,6.69,0.6,0.4,-3.5,중립,음봉,수횡파,0.21,-0.45,2026-07-24
GEVO,0.9,1.625,4171538,4905127,6.78,7.24,0.9,-1.6,-9.7,매도주의,장대음봉,잔구간,0.07,-1.26,2026-07-24
SWBI,0.9,14.64,402921,454889,5.9,7.18,0.8,1.0,0.5,매수관심,팽이도지,완만한상승,0.65,1.08,2026-07-24
SSP,0.9,2.99,548572,635235,1.64,2.2,0.7,-0.3,2.0,매수관심,양봉,완만한상승,0.53,1.64,2026-07-24
STNE,0.9,10.76,2985141,3316059,32.12,41.34,0.8,0.7,-2.7,강한매도,장대음봉,전저점이탈,0.18,-3.13,2026-07-24
AMTX,0.9,1.685,990525,1115066,1.67,1.83,0.9,1.1,-9.9,매도주의,장대음봉,잔구간,0.1,-1.24,2026-07-24
AMZD,0.9,9.71,13965536,15469234,135.61,135.3,1.0,-0.3,1.0,매수관심,장대양봉,전고점부근,0.79,1.9,2026-07-24
ONDL,0.9,7.27,1634010,1807760,11.88,11.23,1.1,0.6,-4.0,중립,팽이도지,잔구간,0.49,-0.005,2026-07-24
ONT,0.9,19.66,458178,499545,9.01,10.41,0.9,-0.5,6.2,매수관심,장대양봉,잔구간,0.81,1.185,2026-07-24
LYG,0.9,6.02,14480650,16811530,87.17,97.32,0.9,0.8,-0.3,중립,음봉,잔구간,0.29,-0.475,2026-07-24
LRMR,0.9,4.0,1230995,1323813,4.92,6.22,0.8,0.5,-0.7,매도주의,위꼬리음봉,잔구간,0.14,-0.965,2026-07-24
LILA,0.9,7.52,377024,407122,2.84,3.68,0.8,0.1,0.8,매수관심,양봉,완만한상승,0.5,1.6,2026-07-24
BPRE,0.9,12.41,866717,1011924,10.76,11.92,0.9,-0.7,-0.1,매도주의,위꼬리음봉,잔구간,0.17,-0.95,2026-07-24
BIZD,0.9,12.34,2457094,2846230,30.32,36.94,0.8,0.0,0.3,중립,양봉,잔구간,0.55,0.38,2026-07-24
MFG,0.9,10.63,2908497,3314059,30.92,40.98,0.8,0.6,0.0,중립,위꼬리양봉,완만한상승,0.08,-0.6,2026-07-24
MGNI,0.9,18.51,2054058,2377033,38.02,40.64,0.9,0.4,2.8,중립,양봉,잔구간,0.67,0.45,2026-07-24
NVG,0.9,12.3,411580,466647,5.06,5.78,0.9,0.2,-0.3,중립,음봉,전저점부근,0.0,-0.55,2026-07-24
DSGN,0.9,11.78,417084,451023,4.91,7.27,0.7,0.5,0.8,중립,팽이도지,잔구간,0.58,0.05,2026-07-24
USAR,0.9,14.15,9017675,9705731,127.6,159.56,0.8,-0.4,-6.2,강한매도,장대음봉,전저점이탈,0.01,-3.34,2026-07-24
USAS,0.9,3.97,3822036,4190402,15.17,16.35,0.9,1.0,-3.2,매도주의,장대음봉,잔구간,0.11,-1.235,2026-07-24
CSAN,0.9,3.0,712260,794354,2.14,2.55,0.8,-1.6,-2.0,매도주의,장대음봉,잔구간,0.0,-1.3,2026-07-24
CPRI,0.9,15.44,2642949,2822174,40.81,55.29,0.7,0.3,-1.0,중립,팽이도지,잔구간,0.39,-0.065,2026-07-24
CRCT,0.9,4.46,385395,440797,1.72,2.18,0.8,0.5,4.4,매수관심,장대양봉,잔구간,0.97,1.28,2026-07-24
FLO,0.9,7.74,3673325,3897285,28.43,34.89,0.8,1.0,-1.1,중립,음봉,잔구간,0.08,-0.6,2026-07-24
ARCT,0.9,5.53,432816,472600,2.39,3.15,0.8,-0.1,-4.4,강한매도,장대음봉,전저점이탈,0.1,-3.23,2026-07-24
CTGO,0.9,15.8,344551,370825,5.44,5.74,0.9,-0.1,-0.6,중립,팽이도지,잔구간,0.54,0.025,2026-07-24
FNKO,0.9,5.79,434659,467357,2.52,3.42,0.7,1.0,0.2,매수관심,팽이도지,완만한상승,0.45,0.84,2026-07-24
CRMG,0.9,4.36,4612225,5207775,20.11,22.95,0.9,3.7,4.8,매수관심,장대양봉,잔구간,0.85,1.21,2026-07-24
TRIN,0.9,17.26,805252,947245,13.9,17.55,0.8,0.0,-1.1,매도주의,음봉,전저점이탈,0.25,-1.75,2026-07-24
MNRO,0.9,16.79,555847,587114,9.33,11.13,0.8,0.2,0.2,중립,팽이도지,잔구간,0.6,0.06,2026-07-24
MNTN,0.9,8.58,767976,813230,6.59,7.97,0.8,1.4,1.2,중립,팽이도지,잔구간,0.71,0.125,2026-07-24
MSFD,0.9,13.869,554333,614116,7.69,9.15,0.8,-1.5,1.5,매수관심,장대양봉,잔구간,0.85,1.21,2026-07-24
MSFL,0.9,15.25,1042916,1216479,15.9,22.86,0.7,3.3,-3.0,매도주의,장대음봉,잔구간,0.13,-1.22,2026-07-24
MSOX,0.9,2.29,1352171,1547786,3.1,4.2,0.7,4.3,-5.0,중립,음봉,전저점부근,0.33,-0.15,2026-07-24
FDMT,0.9,10.07,682426,769391,6.87,7.87,0.9,0.0,-3.0,매도주의,음봉,전저점이탈,0.3,-1.69,2026-07-24
FINV,0.9,4.75,313145,359603,1.49,2.12,0.7,0.0,0.6,강한매수,양봉스프링,완만한상승,0.87,2.84,2026-07-24
FIP,0.9,4.23,785423,902571,3.32,3.4,1.0,1.1,-4.7,매도주의,장대음봉,잔구간,0.11,-1.235,2026-07-24
EXG,0.9,9.5,305426,335813,2.9,3.27,0.9,0.1,-0.3,중립,음봉,잔구간,0.0,-0.65,2026-07-24
TSLX,0.9,16.72,379019,402734,6.34,7.73,0.8,0.5,0.3,중립,팽이도지,잔구간,0.46,-0.025,2026-07-24
VERI,0.9,1.04,2010145,2289813,2.09,2.49,0.8,0.9,-2.8,중립,음봉,잔구간,0.28,-0.48,2026-07-24
NWBI,0.9,15.4,1123966,1194791,17.31,15.83,1.1,0.4,0.3,중립,양봉,잔구간,0.54,0.375,2026-07-24
BMNR,0.9,15.79,31759361,35566304,501.48,582.3,0.9,0.0,-4.8,매도주의,장대음봉,잔구간,0.25,-1.15,2026-07-24
BTCZ,0.9,5.46,21688827,23278884,118.42,116.62,1.0,1.3,0.4,중립,위꼬리양봉,완만한상승,0.25,-0.4,2026-07-24
ADMA,0.9,8.27,2341122,2598285,19.36,24.53,0.8,0.4,-1.5,중립,음봉,잔구간,0.34,-0.445,2026-07-24
ADT,0.9,7.04,5592758,6239209,39.37,46.94,0.8,1.2,2.0,강한매수,장대양봉,완만한상승,0.89,3.37,2026-07-24
AEBI,0.9,13.09,320532,356830,4.2,4.47,0.9,0.9,-3.0,중립,음봉,잔구간,0.4,-0.41,2026-07-24
AEHG,0.9,7.045,308019,350224,2.17,4.8,0.5,0.4,-28.0,강한매도,장대음봉,전저점이탈,0.03,-3.31,2026-07-24
VNDA,0.9,5.18,769007,886263,3.98,5.01,0.8,0.4,-3.7,강한매도,장대음봉,전저점이탈,0.22,-3.09,2026-07-24
WWW,0.9,18.79,614447,684649,11.55,14.02,0.8,0.2,1.7,매수관심,양봉,완만한상승,0.63,1.76,2026-07-24
AMBP,0.9,4.78,2631513,2790750,12.58,11.57,1.1,1.1,0.2,매수관심,팽이도지,완만한상승,0.57,0.98,2026-07-24
ALTO,0.9,4.64,2121719,2426464,9.84,14.27,0.7,0.0,-6.6,강한매도,장대음봉,전저점이탈,0.06,-3.28,2026-07-24
YMAG,0.9,10.93,1162134,1243676,12.7,13.48,0.9,0.4,-0.6,매도주의,장대음봉,전저점부근,0.0,-1.85,2026-07-24
AAOX,0.9,12.5,4812589,5502554,60.16,87.09,0.7,-5.5,-17.0,매도주의,장대음봉,잔구간,0.05,-1.27,2026-07-24
DLO,0.9,14.49,1556992,1737871,22.56,24.75,0.9,1.8,1.1,중립,양봉,잔구간,0.69,0.465,2026-07-24
DNA,0.9,7.36,771289,820585,5.68,7.01,0.8,0.6,-7.8,강한매도,장대음봉,전저점이탈,0.03,-3.31,2026-07-24
ZSQR,0.9,5.26,428516,482628,2.25,3.65,0.6,-0.2,10.7,매수관심,장대양봉,잔구간,0.9,1.24,2026-07-24
DNOW,0.9,14.41,1969759,2266416,28.38,30.77,0.9,0.8,-0.7,중립,음봉,완만한상승,0.32,-0.02,2026-07-24
DNP,0.9,11.1,464189,500848,5.15,7.05,0.7,0.2,0.7,매수관심,장대양봉,잔구간,1.0,1.3,2026-07-24
DNUT,0.9,3.15,2232372,2596541,7.03,8.53,0.8,0.3,1.0,중립,위꼬리양봉,잔구간,0.33,-0.6,2026-07-24
AEG,0.9,9.13,5027047,5315710,45.9,45.91,1.0,0.8,0.3,매수관심,양봉,완만한상승,0.63,1.76,2026-07-24
ABSI,0.8,7.56,2594614,3235356,19.62,32.41,0.6,0.7,-7.0,매도주의,장대음봉,전저점부근,0.07,-1.77,2026-07-24
ACH,0.8,3.14,343510,455165,1.08,1.66,0.7,-0.6,1.0,중립,양봉,잔구간,0.78,0.52,2026-07-24
AAPD,0.8,10.49,10461281,13315911,109.74,126.43,0.9,-0.2,-3.4,매도주의,장대음봉,잔구간,0.1,-1.24,2026-07-24
ALT,0.8,2.77,1911556,2452511,5.3,7.56,0.7,0.4,-2.8,매도주의,장대음봉,잔구간,0.08,-1.25,2026-07-24
ALHC,0.8,19.43,2890786,3433252,56.17,69.83,0.8,1.2,-4.0,강한매도,장대음봉,전저점이탈,0.12,-3.21,2026-07-24
WOOF,0.8,2.61,1063208,1349414,2.77,3.83,0.7,1.2,1.6,중립,양봉,잔구간,0.58,0.4,2026-07-24
WRAP,0.8,1.7,675301,811652,1.15,5.19,0.2,0.0,-5.6,매도주의,음봉,전저점이탈,0.23,-1.77,2026-07-24
AIOT,0.8,3.73,814960,1075552,3.04,4.39,0.7,0.8,-2.4,강한매도,장대음봉,전저점이탈,0.07,-3.27,2026-07-24
WU,0.8,8.22,7372806,8747829,60.6,72.47,0.8,0.1,-1.2,중립,망치형,잔구간,0.68,0.61,2026-07-24
DUOT,0.8,8.07,539265,677555,4.35,6.24,0.7,0.5,-4.2,매도주의,장대음봉,수횡파,0.1,-1.88,2026-07-24
UIS,0.8,3.12,582810,712458,1.82,3.43,0.5,-0.3,-4.0,강한매도,장대음봉,전저점이탈,0.08,-3.25,2026-07-24
FBIO,0.8,3.34,414539,522925,1.38,2.32,0.6,1.0,-3.6,중립,음봉,잔구간,0.32,-0.46,2026-07-24
FETH,0.8,18.55,1125009,1434145,20.87,30.5,0.7,-0.4,-0.2,중립,망치형,잔구간,0.75,0.65,2026-07-24
FJET,0.8,3.43,625310,819206,2.14,3.3,0.6,0.3,-7.8,매도주의,장대음봉,전저점부근,0.12,-1.71,2026-07-24
ETHU,0.8,15.6,4054677,4924021,63.25,90.24,0.7,-1.2,-0.1,중립,망치형,잔구간,0.76,0.655,2026-07-24
EVTL,0.8,1.38,2268318,2784815,3.13,3.63,0.9,1.3,-9.8,매도주의,장대음봉,전저점부근,0.0,-1.85,2026-07-24
BMNG,0.8,12.094,642955,768400,7.78,13.08,0.6,-0.1,-9.6,매도주의,장대음봉,잔구간,0.27,-1.14,2026-07-24
BMNU,0.8,8.83,3137835,3935978,27.71,39.68,0.7,-1.0,-9.0,매도주의,장대음봉,잔구간,0.3,-1.12,2026-07-24
BMNZ,0.8,18.9,558941,675104,10.56,12.47,0.8,1.1,8.1,매수관심,장대양봉,잔구간,0.71,1.125,2026-07-24
BORR,0.8,4.23,2797591,3719645,11.83,15.06,0.8,0.2,-0.2,중립,팽이도지,완만한상승,0.26,0.61,2026-07-24
BITX,0.8,12.18,6153520,7301211,74.95,101.51,0.7,-1.7,-0.2,중립,망치형,잔구간,0.76,0.655,2026-07-24
MSTU,0.8,1.72,81659139,101310433,140.45,176.89,0.8,-1.1,-3.4,중립,음봉,잔구간,0.48,-0.36,2026-07-24
NUCL,0.8,5.39,330040,410787,1.78,2.52,0.7,-0.2,-10.2,매도주의,장대음봉,잔구간,0.1,-1.24,2026-07-24
NUS,0.8,5.08,392963,512572,2.0,3.17,0.6,1.0,-1.0,중립,음봉,잔구간,0.47,-0.37,2026-07-24
TOYO,0.8,4.82,635653,768623,3.06,3.7,0.8,1.0,-3.8,매도주의,음봉,전저점이탈,0.35,-1.63,2026-07-24
TROX,0.8,6.24,1738458,2303403,10.85,13.75,0.8,1.6,-3.7,매도주의,장대음봉,잔구간,0.1,-1.24,2026-07-24
TSDD,0.8,11.36,19529255,24351200,221.85,183.16,1.2,-0.5,4.7,강한매수,양봉,전고점돌파,0.6,2.32,2026-07-24
TSHA,0.8,5.52,1812523,2147372,10.01,19.47,0.5,1.0,-6.3,매도주의,장대음봉,잔구간,0.12,-1.23,2026-07-24
TK,0.8,11.2,453954,597421,5.08,6.22,0.8,0.4,-0.2,매수관심,팽이도지,완만한상승,0.43,0.82,2026-07-24
TLK,0.8,14.42,700892,933300,10.11,11.9,0.8,0.8,-0.4,중립,음봉,완만한상승,0.25,-0.1,2026-07-24
TOI,0.8,4.98,1171009,1548869,5.83,12.88,0.5,1.0,-2.7,강한매도,장대음봉,전저점이탈,0.09,-3.24,2026-07-24
TBLA,0.8,4.82,1645805,2156275,7.93,11.59,0.7,0.6,-0.4,중립,팽이도지,잔구간,0.45,-0.03,2026-07-24
TBPH,0.8,16.86,652200,768961,11.0,11.78,0.9,0.2,-0.2,중립,음봉,완만한상승,0.38,0.06,2026-07-24
TCPC,0.8,3.16,412753,528378,1.3,2.0,0.7,0.0,1.0,중립,양봉,잔구간,0.66,0.445,2026-07-24
TDAY,0.8,8.4,1214206,1490647,10.2,11.71,0.9,1.2,-0.5,중립,팽이도지,잔구간,0.3,-0.12,2026-07-24
TFSL,0.8,18.19,601022,783664,10.93,13.18,0.8,0.4,-0.2,매도주의,위꼬리음봉,잔구간,0.15,-0.96,2026-07-24
THRY,0.8,3.82,419526,535826,1.6,1.78,0.9,1.3,0.5,중립,위꼬리양봉,완만한상승,0.28,-0.36,2026-07-24
CTKB,0.8,4.46,597206,767276,2.66,3.61,0.7,0.9,-3.0,매도주의,장대음봉,잔구간,0.11,-1.235,2026-07-24
FOXF,0.8,18.51,400219,484341,7.41,8.77,0.8,0.6,0.8,중립,위꼬리양봉,잔구간,0.29,-0.625,2026-07-24
ARCO,0.8,8.22,829620,1025690,6.82,9.69,0.7,0.8,-1.6,매도주의,장대음봉,잔구간,0.05,-1.27,2026-07-24
FLNC,0.8,13.44,5597349,6651210,75.23,103.74,0.7,-1.1,-5.8,매도주의,장대음봉,잔구간,0.06,-1.265,2026-07-24
COUR,0.8,5.37,4120421,5453249,22.13,29.48,0.8,0.9,-1.1,중립,음봉,잔구간,0.15,-0.56,2026-07-24
TAC,0.8,13.72,853813,1072388,11.71,15.72,0.7,-0.4,-2.3,매도주의,장대음봉,잔구간,0.08,-1.25,2026-07-24
AMPX,0.8,9.24,4249737,5188875,39.27,59.29,0.7,0.4,-7.1,강한매도,장대음봉,전저점이탈,0.01,-3.34,2026-07-24
APLX,0.8,10.175,1050664,1332646,10.69,14.75,0.7,-3.5,-15.2,매도주의,장대음봉,잔구간,0.14,-1.215,2026-07-24
SSL,0.8,11.83,808580,966763,9.57,14.52,0.7,-2.2,0.4,중립,양봉,잔구간,0.63,0.43,2026-07-24
STWD,0.8,16.52,2514078,3119620,41.53,57.78,0.7,0.2,0.9,중립,양봉,잔구간,0.74,0.495,2026-07-24
STXS,0.8,1.29,1304506,1677261,1.68,2.88,0.6,0.0,-8.5,강한매도,장대음봉,전저점이탈,0.07,-3.27,2026-07-24
SVM,0.8,9.64,2024676,2548494,19.52,24.28,0.8,1.0,-0.8,중립,음봉,완만한상승,0.23,-0.12,2026-07-24
OI,0.8,9.08,1894842,2283533,17.21,39.4,0.4,0.0,1.6,중립,양봉,잔구간,0.9,0.59,2026-07-24
OPTU,0.8,0.806,3663264,4404361,2.95,5.19,0.6,-1.9,-5.2,매도주의,장대음봉,잔구간,0.0,-1.3,2026-07-24
ORBS,0.8,0.604,11565232,14184337,6.98,7.96,0.9,0.3,-6.9,매도주의,장대음봉,잔구간,0.1,-1.24,2026-07-24
NXDR,0.8,2.19,1935386,2459400,4.24,6.56,0.6,0.9,-2.2,중립,음봉,전저점부근,0.33,-0.15,2026-07-24
NXE,0.8,9.14,3937587,4935357,35.99,43.22,0.8,0.5,-3.0,매도주의,장대음봉,잔구간,0.19,-1.185,2026-07-24
ODD,0.8,15.34,503142,618748,7.72,12.16,0.6,0.1,-1.3,매도주의,위꼬리음봉,잔구간,0.21,-0.925,2026-07-24
OEC,0.8,6.99,429535,509207,3.0,3.92,0.8,1.7,0.1,중립,팽이도지,완만한상승,0.34,0.71,2026-07-24
BTDR,0.8,11.56,5600100,6700379,64.74,84.42,0.8,-1.6,-3.5,중립,음봉,잔구간,0.23,-0.51,2026-07-24
BTQ,0.8,3.33,1190261,1581694,3.96,6.21,0.6,0.0,0.0,중립,팽이도지,잔구간,0.63,0.08,2026-07-24
BVS,0.8,11.8,472858,587874,5.58,6.75,0.8,1.7,1.1,중립,양봉,잔구간,0.65,0.44,2026-07-24
NVDX,0.8,17.88,4392639,5285296,78.54,109.27,0.7,-1.4,-0.3,중립,팽이도지,잔구간,0.32,-0.11,2026-07-24
NWG,0.8,17.97,3145910,3849144,56.53,65.62,0.9,0.7,-0.1,매도주의,위꼬리음봉,완만한상승,0.23,-0.92,2026-07-24
MFIC,0.8,9.52,315775,413357,3.01,4.02,0.7,0.3,0.3,중립,팽이도지,잔구간,0.59,0.055,2026-07-24
BSIN,0.8,1.28,1862316,2234012,2.38,2.92,0.8,1.5,-7.2,매도주의,장대음봉,잔구간,0.2,-1.18,2026-07-24
BTBT,0.8,1.37,20217031,26303517,27.7,41.27,0.7,0.0,-8.7,매도주의,장대음봉,전저점부근,0.07,-1.77,2026-07-24
SRPT,0.8,15.68,2141883,2833147,33.58,54.05,0.6,0.0,-1.3,중립,음봉,잔구간,0.35,-0.44,2026-07-24
SSG,0.8,13.14,647380,784581,8.51,11.34,0.7,2.1,3.7,매수관심,양봉,완만한상승,0.7,1.84,2026-07-24
GGB,0.8,4.81,12496241,15066072,60.11,79.33,0.8,-0.8,1.7,강한매수,장대양봉,완만한상승,0.75,3.2,2026-07-24
SPAX,0.8,6.72,1268451,1565146,8.52,12.32,0.7,-4.1,-1.5,중립,망치형,잔구간,0.7,0.62,2026-07-24
GAB,0.8,5.58,643627,832903,3.59,6.14,0.6,0.5,0.5,중립,양봉,잔구간,0.86,0.565,2026-07-24
GALT,0.8,3.47,313368,376431,1.09,3.16,0.3,0.9,-0.3,중립,팽이도지,잔구간,0.52,0.01,2026-07-24
SONO,0.8,14.69,1355821,1793289,19.92,31.89,0.6,0.3,0.8,매수관심,양봉,완만한상승,0.77,1.92,2026-07-24
SOUN,0.8,6.16,32106004,39773847,197.77,230.87,0.9,1.8,-2.7,중립,음봉,잔구간,0.33,-0.45,2026-07-24
FRNM,0.8,11.24,574875,705889,6.46,8.7,0.7,0.2,-8.1,매도주의,음봉,전저점이탈,0.38,-1.59,2026-07-24
FUBO,0.8,8.33,999419,1307799,8.33,15.2,0.5,0.3,-3.7,강한매도,장대음봉,전저점이탈,0.05,-3.29,2026-07-24
PBR.A,0.8,16.62,5161925,6284038,85.79,103.97,0.8,-0.9,-0.6,매도주의,위꼬리음봉,잔구간,0.03,-1.03,2026-07-24
PEB,0.8,19.09,1606839,1906756,30.67,40.37,0.8,0.6,0.0,중립,위꼬리양봉,완만한상승,0.25,-0.4,2026-07-24
PFN,0.8,7.05,451713,578824,3.18,6.5,0.5,0.0,0.6,중립,양봉,잔구간,0.93,0.61,2026-07-24
PGY,0.8,15.89,1627330,2110084,25.86,37.32,0.7,0.8,-3.1,매도주의,장대음봉,전저점부근,0.06,-1.78,2026-07-24
MEI,0.8,15.31,378115,491388,5.79,10.59,0.5,1.4,-5.8,매도주의,장대음봉,잔구간,0.21,-1.175,2026-07-24
OWL,0.8,9.45,11145911,14102411,105.33,134.72,0.8,0.1,2.5,매수관심,장대양봉,잔구간,0.93,1.26,2026-07-24
PAGS,0.8,9.2,2429963,2868328,22.36,26.91,0.8,0.1,-2.9,매도주의,장대음봉,잔구간,0.12,-1.23,2026-07-24
MAMA,0.8,17.74,400660,523539,7.11,9.47,0.8,2.6,-1.1,중립,음봉,완만한상승,0.29,-0.05,2026-07-24
MATV,0.8,8.12,321765,387208,2.61,3.48,0.8,1.5,1.9,매수관심,양봉,완만한상승,0.69,1.83,2026-07-24
LOFF,0.8,11.09,873128,1050879,9.68,13.1,0.7,-4.2,-1.8,중립,망치형,잔구간,0.7,0.62,2026-07-24
LTBR,0.8,7.5,630095,756607,4.73,5.4,0.9,0.6,-7.2,매도주의,장대음봉,잔구간,0.08,-1.25,2026-07-24
LUNR,0.8,12.92,6799772,8664253,87.85,137.13,0.6,-1.4,-4.4,매도주의,장대음봉,잔구간,0.14,-1.215,2026-07-24
SLND,0.8,0.62,2280627,2922521,1.41,25.48,0.1,4.3,-2.6,매도주의,위꼬리음봉,잔구간,0.11,-0.985,2026-07-24
SMCL,0.8,12.02,876373,1070466,10.53,11.51,0.9,-4.3,-3.2,중립,팽이도지,잔구간,0.4,-0.06,2026-07-24
SNAP,0.8,4.35,27497012,34742936,119.61,149.77,0.8,0.9,-2.2,중립,음봉,잔구간,0.21,-0.525,2026-07-24
SOC,0.8,4.71,5585210,7293548,26.31,36.92,0.7,-0.6,1.7,중립,양봉,전고점부근,0.7,0.49,2026-07-24
SOLZ,0.8,7.381,449891,558213,3.32,4.76,0.7,-1.6,-0.9,매도주의,장대음봉,잔구간,0.36,-1.085,2026-07-24
HIMX,0.8,12.62,928351,1231785,11.72,18.58,0.6,-1.6,-3.4,매도주의,장대음봉,잔구간,0.22,-1.17,2026-07-24
SKYX,0.8,1.15,1024374,1342615,1.18,1.75,0.7,0.9,0.0,매수관심,팽이도지,완만한상승,0.67,1.1,2026-07-24
SLN,0.8,11.02,341873,420140,3.77,4.72,0.8,-0.3,-3.4,매도주의,장대음봉,잔구간,0.23,-1.16,2026-07-24
GSIT,0.8,5.63,486563,588779,2.74,3.86,0.7,0.8,-7.9,매도주의,장대음봉,잔구간,0.08,-1.25,2026-07-24
GSOL,0.8,5.57,3952741,5257528,22.02,30.93,0.7,-1.5,-0.9,중립,음봉,잔구간,0.35,-0.44,2026-07-24
GTM,0.8,2.92,5169304,6792768,15.09,22.15,0.7,0.0,1.4,중립,양봉,잔구간,0.52,0.36,2026-07-24
GTN,0.8,3.96,868551,1153581,3.44,4.21,0.8,-0.3,2.1,중립,양봉,잔구간,0.46,0.325,2026-07-24
GUTS,0.8,0.773,1767165,2275538,1.37,2.36,0.6,0.3,1.8,중립,양봉,잔구간,0.69,0.465,2026-07-24
GOOD,0.8,12.96,352389,424482,4.57,5.23,0.9,-0.3,1.7,매수관심,장대양봉,잔구간,0.72,1.13,2026-07-24
GPRO,0.8,0.668,3480573,4540842,2.33,3.29,0.7,-1.4,-1.7,중립,음봉,잔구간,0.4,-0.41,2026-07-24
GRND,0.8,14.85,1291039,1529520,19.17,21.76,0.9,2.0,-0.9,중립,음봉,잔구간,0.27,-0.49,2026-07-24
GROY,0.8,2.57,1536500,2033242,3.95,4.67,0.8,1.2,-1.5,매도주의,장대음봉,잔구간,0.38,-1.07,2026-07-24
AVPT,0.8,12.24,1599962,1947330,19.58,28.13,0.7,2.2,1.3,강한매수,양봉,완만한상승,0.86,2.03,2026-07-24
GO,0.8,9.01,1840386,2187953,16.58,19.14,0.9,0.3,0.5,중립,위꼬리양봉,잔구간,0.37,-0.58,2026-07-24
ASST,0.8,11.49,2212896,2684694,25.43,31.44,0.8,0.7,-5.7,매도주의,장대음봉,잔구간,0.07,-1.26,2026-07-24
AUTL,0.8,1.45,717005,865827,1.04,1.91,0.5,0.7,-5.2,매도주의,장대음봉,수횡파,0.14,-1.83,2026-07-24
CODI,0.8,10.03,443680,541663,4.45,6.93,0.6,0.3,0.9,중립,위꼬리양봉,완만한상승,0.43,-0.18,2026-07-24
CLBT,0.8,14.215,957510,1152541,13.61,22.08,0.6,1.8,-0.7,중립,음봉,잔구간,0.39,-0.415,2026-07-24
CLPT,0.8,14.12,467357,569793,6.6,7.98,0.8,0.8,-3.4,매도주의,장대음봉,잔구간,0.03,-1.28,2026-07-24
BBD,0.8,3.6,26828197,34591252,96.58,122.77,0.8,-0.5,-1.1,중립,음봉,잔구간,0.25,-0.5,2026-07-24
BCRX,0.8,9.34,1851888,2466938,17.3,31.44,0.6,0.3,-0.7,중립,음봉,잔구간,0.24,-0.505,2026-07-24
BETA,0.8,18.21,1099609,1430384,20.02,24.91,0.8,1.5,-2.4,중립,음봉,잔구간,0.57,-0.31,2026-07-24
BGC,0.8,11.65,1577353,2061760,18.38,25.28,0.7,0.0,0.5,매수관심,양봉스프링,전고점부근,0.94,1.58,2026-07-24
AXIA,0.8,9.91,1383010,1710695,13.71,19.04,0.7,-0.5,-1.6,매도주의,장대음봉,잔구간,0.0,-1.3,2026-07-24
BATL,0.8,1.63,13143448,16637725,21.42,34.12,0.6,0.0,-5.8,중립,음봉,잔구간,0.42,-0.4,2026-07-24
CDE,0.8,15.13,26864665,34873127,406.46,410.37,1.0,1.2,-1.9,매도주의,장대음봉,잔구간,0.11,-1.235,2026-07-24
CGC,0.8,0.889,1605613,2002972,1.43,1.84,0.8,-0.1,-1.7,매도주의,장대음봉,잔구간,0.24,-1.155,2026-07-24
CIG,0.8,2.13,3592338,4296137,7.65,10.28,0.7,0.0,-1.8,매도주의,장대음봉,잔구간,0.0,-1.3,2026-07-24
CIM,0.8,12.5,509635,613876,6.37,7.63,0.8,0.6,0.7,중립,양봉,잔구간,0.67,0.45,2026-07-24
CC,0.8,17.22,1547371,1881922,26.65,39.27,0.7,1.4,-2.8,매도주의,장대음봉,잔구간,0.18,-1.19,2026-07-24
SAN,0.8,13.54,6870359,8806023,93.02,129.33,0.7,2.3,0.2,중립,위꼬리양봉,잔구간,0.36,-0.585,2026-07-24
SBH,0.8,14.64,961229,1168854,14.07,18.45,0.8,0.1,1.0,매수관심,양봉,완만한상승,0.62,1.74,2026-07-24
SFIX,0.8,3.58,1006917,1257586,3.6,4.61,0.8,0.6,0.8,중립,팽이도지,잔구간,0.69,0.115,2026-07-24
IMMR,0.8,6.52,342869,445012,2.24,2.99,0.7,0.5,-1.7,중립,음봉,잔구간,0.44,-0.385,2026-07-24
HYT,0.8,8.32,636464,769710,5.3,6.61,0.8,0.4,-0.6,매도주의,장대음봉,잔구간,0.0,-1.3,2026-07-24
IAUX,0.8,1.36,8672635,10566789,11.79,13.94,0.8,1.4,-2.9,매도주의,장대음봉,잔구간,0.2,-1.18,2026-07-24
IE,0.8,9.06,2020155,2420240,18.3,20.56,0.9,1.0,-1.0,중립,망치형,잔구간,0.81,0.685,2026-07-24
IHS,0.8,8.23,368884,472036,3.04,5.09,0.6,-0.2,0.1,중립,팽이도지,잔구간,0.55,0.03,2026-07-24
HRZN,0.8,4.31,392509,517580,1.69,2.82,0.6,0.9,-3.1,강한매도,장대음봉,전저점이탈,0.06,-3.28,2026-07-24
HSLV,0.8,4.4,330421,435667,1.45,1.91,0.8,0.5,1.4,중립,위꼬리양봉,완만한상승,0.38,-0.24,2026-07-24
RGTI,0.8,14.15,16004313,20805321,226.46,334.26,0.7,0.0,-4.7,매도주의,장대음봉,잔구간,0.01,-1.295,2026-07-24
RGTZ,0.8,6.0,2387096,3041401,14.32,17.79,0.8,0.0,9.1,강한매수,장대양봉,완만한상승,0.98,3.48,2026-07-24
RLJ,0.8,12.34,1210575,1530687,14.94,20.08,0.7,0.7,1.6,매수관심,양봉,완만한상승,0.58,1.7,2026-07-24
RCKT,0.8,3.19,1154766,1392195,3.68,5.22,0.7,0.9,-3.6,매도주의,장대음봉,잔구간,0.14,-1.215,2026-07-24
RDW,0.8,8.69,13362197,16099915,116.12,143.93,0.8,-1.0,-5.4,매도주의,장대음봉,잔구간,0.07,-1.26,2026-07-24
REI,0.8,1.27,2918590,3507068,3.71,5.79,0.6,-1.5,-1.6,중립,음봉,잔구간,0.17,-0.55,2026-07-24
RETL,0.8,8.75,326329,392079,2.86,3.91,0.7,-0.1,2.2,중립,양봉,잔구간,0.65,0.44,2026-07-24
IREG,0.8,7.72,634597,779758,4.9,6.88,0.7,-3.8,-14.2,매도주의,장대음봉,잔구간,0.02,-1.29,2026-07-24
IVA,0.8,4.46,667373,795431,2.98,3.6,0.8,-1.6,0.5,중립,팽이도지,수횡파,0.48,0.58,2026-07-24
QTRX,0.8,3.67,424047,507509,1.56,2.13,0.7,1.0,-7.3,매도주의,장대음봉,전저점부근,0.03,-1.81,2026-07-24
QXO,0.8,13.67,18127741,22322402,247.81,373.24,0.7,-1.2,0.1,중립,팽이도지,잔구간,0.48,-0.01,2026-07-24
QYLD,0.8,17.56,3807985,4496362,66.87,79.97,0.8,0.0,-0.5,중립,음봉,잔구간,0.13,-0.57,2026-07-24
INN,0.8,7.02,682911,844003,4.79,5.39,0.9,0.7,0.9,매수관심,양봉,완만한상승,0.47,1.56,2026-07-24
IONX,0.8,18.18,975384,1172208,17.73,26.71,0.7,-0.4,-7.4,강한매도,장대음봉,전저점이탈,0.16,-3.16,2026-07-24
IQ,0.8,1.22,5728895,6802445,6.99,8.22,0.9,0.0,0.8,매수관심,팽이도지,완만한상승,0.67,1.1,2026-07-24
IRE,0.8,9.72,6827177,8636079,66.36,90.04,0.7,-3.3,-15.0,매도주의,장대음봉,잔구간,0.01,-1.295,2026-07-24
QBTX,0.8,6.59,1260487,1487402,8.31,12.7,0.7,-1.2,-8.8,매도주의,장대음봉,잔구간,0.08,-1.25,2026-07-24
QDEL,0.8,16.05,913043,1121533,14.65,18.9,0.8,1.1,-4.3,매도주의,장대음봉,잔구간,0.05,-1.27,2026-07-24
QNST,0.8,15.15,676079,807527,10.24,12.02,0.9,1.1,0.0,중립,팽이도지,잔구간,0.34,-0.095,2026-07-24
PTEN,0.8,10.2,6412027,8510502,65.4,82.41,0.8,0.0,-1.4,중립,음봉,잔구간,0.11,-0.585,2026-07-24
PTIR,0.8,10.19,2606070,3072825,26.56,42.39,0.6,3.1,-3.7,매도주의,장대음봉,잔구간,0.25,-1.15,2026-07-24
PWP,0.8,15.67,824692,1044854,12.92,15.16,0.9,1.8,2.9,매수관심,장대양봉,잔구간,0.95,1.27,2026-07-24
KRP,0.8,14.94,510476,622891,7.63,8.93,0.9,-0.3,-1.3,매도주의,장대음봉,잔구간,0.04,-1.275,2026-07-24
PNNT,0.8,3.29,452253,566083,1.49,2.16,0.7,0.0,1.5,매수관심,장대양봉,잔구간,0.83,1.2,2026-07-24
BHC,0.8,4.43,1227005,1552294,5.44,8.43,0.6,0.7,-1.1,중립,음봉,잔구간,0.22,-0.52,2026-07-24
JPC,0.8,7.7,648495,776602,4.99,6.27,0.8,0.3,-0.3,중립,음봉,잔구간,0.6,-0.29,2026-07-24
KOPN,0.8,3.58,3575062,4717776,12.8,17.11,0.7,-1.1,-4.8,매도주의,장대음봉,잔구간,0.06,-1.265,2026-07-24
KRO,0.8,6.61,308954,407849,2.04,3.23,0.6,0.3,-0.8,중립,음봉,잔구간,0.64,-0.265,2026-07-24
AEVA,0.8,14.85,1118379,1331257,16.61,22.95,0.7,-1.1,-6.8,강한매도,장대음봉,전저점이탈,0.07,-3.27,2026-07-24
AHCO,0.8,10.76,821521,1033580,8.84,11.85,0.7,1.5,1.2,매수관심,양봉,완만한상승,0.67,1.8,2026-07-24
CYRX,0.8,15.37,589825,719275,9.07,11.42,0.8,3.5,-7.4,매도주의,장대음봉,잔구간,0.03,-1.28,2026-07-24
DCH,0.8,5.48,2402187,2933662,13.16,15.44,0.9,0.4,-2.3,중립,음봉,잔구간,0.04,-0.625,2026-07-24
DEC,0.8,13.23,534193,674870,7.07,10.11,0.7,-0.1,0.0,중립,위꼬리양봉,잔구간,0.23,-0.66,2026-07-24
DJT,0.8,8.56,3852664,4704684,32.98,41.83,0.8,0.2,-3.9,매도주의,음봉,전저점이탈,0.11,-1.92,2026-07-24
ENIC,0.8,4.31,368707,448042,1.59,2.02,0.8,0.0,-1.8,매도주의,장대음봉,전저점부근,0.16,-1.66,2026-07-24
XNDU,0.8,10.28,833232,994947,8.57,11.28,0.8,1.1,-5.4,매도주의,장대음봉,잔구간,0.06,-1.265,2026-07-24
CWK,0.8,12.72,1985870,2384900,25.26,29.47,0.9,1.2,0.8,중립,위꼬리양봉,잔구간,0.43,-0.54,2026-07-24
CXM,0.8,5.69,2180141,2895403,12.41,18.04,0.7,1.5,2.0,강한매수,장대양봉,완만한상승,0.74,3.19,2026-07-24
EC,0.8,16.01,1590386,2028128,25.46,37.63,0.7,-0.2,-1.8,중립,음봉,잔구간,0.02,-0.64,2026-07-24
EIDO,0.8,12.26,853072,1099101,10.46,16.13,0.6,-1.4,0.2,중립,위꼬리양봉,잔구간,0.33,-0.6,2026-07-24
NEOG,0.8,9.4,1190308,1560181,11.19,15.01,0.7,0.2,-2.4,강한매도,장대음봉,전저점이탈,0.04,-3.3,2026-07-24
NMR,0.8,9.81,695073,831754,6.82,9.45,0.7,0.4,0.0,중립,위꼬리양봉,잔구간,0.18,-0.69,2026-07-24
NN,0.8,12.44,1958175,2421740,24.36,35.37,0.7,0.6,-2.3,중립,음봉,잔구간,0.26,-0.495,2026-07-24
XRP,0.8,12.16,444966,537948,5.41,6.99,0.8,-0.7,-0.7,매도주의,장대음봉,잔구간,0.36,-1.085,2026-07-24
ABAT,0.8,2.21,2102324,2642286,4.65,6.94,0.7,0.0,-3.1,강한매도,장대음봉,전저점이탈,0.2,-3.11,2026-07-24
VTRS,0.8,17.24,7367052,9013915,127.01,150.59,0.8,0.0,-0.2,매도주의,위꼬리음봉,잔구간,0.15,-0.96,2026-07-24
VUZI,0.8,2.29,741190,926846,1.7,2.48,0.7,2.6,-3.0,매도주의,장대음봉,잔구간,0.36,-1.085,2026-07-24
VYX,0.8,7.67,1496460,1766949,11.48,13.54,0.8,1.1,-0.1,매도주의,위꼬리음봉,잔구간,0.14,-0.965,2026-07-24
VZLA,0.8,3.3,4697347,5919039,15.5,17.11,0.9,0.3,1.5,매수관심,양봉,완만한상승,0.74,1.89,2026-07-24
VITL,0.8,13.02,1314411,1595009,17.11,20.12,0.9,1.5,0.7,강한매수,양봉스프링,완만한상승,0.89,2.87,2026-07-24
VOD,0.8,15.15,2903668,3731152,43.99,88.2,0.5,-0.2,-0.5,중립,음봉,잔구간,0.0,-0.65,2026-07-24
ADBG,0.7,3.52,4823448,6471340,16.98,26.18,0.6,4.3,7.5,매수관심,장대양봉,잔구간,0.83,1.2,2026-07-24
XERS,0.7,8.32,1176348,1591267,9.79,13.48,0.7,0.1,-1.2,중립,음봉,잔구간,0.12,-0.58,2026-07-24
ZNTL,0.7,4.33,1212587,1653817,5.25,6.95,0.8,1.0,-3.7,중립,음봉,잔구간,0.39,-0.415,2026-07-24
VISN,0.7,11.8,3514587,4833349,41.47,61.09,0.7,-0.2,-1.0,매도주의,위꼬리음봉,전저점부근,0.1,-1.23,2026-07-24
EVC,0.7,10.68,1161848,1571124,12.41,15.31,0.8,1.5,-0.1,중립,팽이도지,완만한상승,0.39,0.77,2026-07-24
EVEX,0.7,2.29,747577,1078553,1.71,2.55,0.7,0.0,-5.4,매도주의,장대음봉,잔구간,0.17,-1.2,2026-07-24
EVV,0.7,9.08,312397,471212,2.84,5.12,0.6,0.0,-0.3,매도주의,위꼬리음봉,전저점부근,0.0,-1.35,2026-07-24
EYE,0.7,19.92,1199726,1837721,23.9,38.91,0.6,0.2,-0.5,중립,망치형,잔구간,0.7,0.62,2026-07-24
FATE,0.7,2.41,1044435,1568185,2.52,8.4,0.3,0.0,-4.4,강한매도,장대음봉,전저점이탈,0.07,-3.27,2026-07-24
FIGS,0.7,9.51,2080588,3109223,19.79,25.82,0.8,1.8,1.1,중립,팽이도지,잔구간,0.71,0.125,2026-07-24
BKKT,0.7,7.44,622302,942778,4.63,7.72,0.6,0.3,-3.4,매도주의,장대음봉,잔구간,0.4,-1.06,2026-07-24
BLND,0.7,1.69,1651990,2267657,2.79,4.09,0.7,1.8,-1.7,중립,음봉,완만한상승,0.0,-0.4,2026-07-24
BSBR,0.7,5.3,705072,1072856,3.74,8.32,0.4,-0.2,-0.9,매도주의,장대음봉,잔구간,0.15,-1.21,2026-07-24
BSCQ,0.7,19.515,592621,849294,11.57,15.31,0.8,0.1,-0.0,중립,음봉,완만한상승,0.5,0.2,2026-07-24
MRVI,0.7,6.76,1911395,2623250,12.92,24.82,0.5,0.6,-4.7,매도주의,장대음봉,잔구간,0.03,-1.28,2026-07-24
MUZ,0.7,13.08,10506866,14187000,137.43,172.27,0.8,5.1,7.7,강한매수,장대양봉,완만한상승,0.71,3.15,2026-07-24
NABL,0.7,4.08,1241533,1699653,5.07,8.52,0.6,0.3,4.6,매수관심,장대양봉,잔구간,0.72,1.13,2026-07-24
NAGE,0.7,3.21,462823,701593,1.49,2.54,0.6,0.3,0.3,매수관심,양봉스프링,잔구간,0.9,0.99,2026-07-24
NUAI,0.7,4.775,5948248,9033804,28.4,43.54,0.7,1.0,-11.1,매도주의,장대음봉,잔구간,0.04,-1.275,2026-07-24
CAG,0.7,14.77,10276866,15674522,151.79,248.97,0.6,0.6,2.1,강한매수,장대양봉,완만한상승,0.89,3.37,2026-07-24
MLCO,0.7,5.41,1426091,1990808,7.72,14.66,0.5,0.5,-3.4,매도주의,장대음봉,잔구간,0.17,-1.2,2026-07-24
MLTX,0.7,19.02,650856,940404,12.38,21.98,0.6,0.6,-2.4,중립,음봉,수횡파,0.26,-0.39,2026-07-24
MNTS,0.7,4.71,709818,1009724,3.34,5.07,0.7,-1.4,-2.3,중립,음봉,잔구간,0.25,-0.5,2026-07-24
MQ,0.7,17.07,724266,1066392,12.36,18.72,0.7,0.3,1.7,중립,양봉,잔구간,0.75,0.5,2026-07-24
QTEX,0.7,0.881,1945595,2621067,1.71,4.19,0.4,1.1,-1.6,중립,팽이도지,잔구간,0.36,-0.085,2026-07-24
INTR,0.7,5.29,3105594,4467718,16.43,25.98,0.6,-0.2,-2.9,강한매도,장대음봉,전저점이탈,0.04,-3.3,2026-07-24
IONZ,0.7,6.08,4557095,6564817,27.71,56.38,0.5,0.4,6.7,강한매수,장대양봉,전고점돌파,0.83,3.9,2026-07-24
IRWD,0.7,3.71,1109149,1482820,4.11,7.02,0.6,0.0,-2.1,매도주의,음봉,전저점이탈,0.07,-1.97,2026-07-24
ITRG,0.7,2.16,2653008,3540649,5.73,6.46,0.9,1.4,0.0,중립,팽이도지,잔구간,0.43,-0.04,2026-07-24
JANX,0.7,15.33,550012,805420,8.43,13.15,0.6,0.6,-3.0,매도주의,장대음봉,잔구간,0.14,-1.215,2026-07-24
PRME,0.7,2.95,2402952,3319850,7.09,11.68,0.6,1.0,-1.7,중립,음봉,잔구간,0.53,-0.33,2026-07-24
PSEC,0.7,2.12,3696104,5029117,7.84,10.59,0.7,0.5,0.0,중립,팽이도지,잔구간,0.33,-0.1,2026-07-24
QBTZ,0.7,7.01,1075079,1480102,7.54,9.69,0.8,0.8,9.2,강한매수,장대양봉,완만한상승,0.96,3.45,2026-07-24
QCML,0.7,15.85,300444,415310,4.76,7.9,0.6,-2.0,-2.6,중립,음봉,잔구간,0.23,-0.51,2026-07-24
KEP,0.7,12.06,810724,1111080,9.78,15.82,0.6,1.3,-1.4,매도주의,장대음봉,잔구간,0.0,-1.3,2026-07-24
KSCP,0.7,1.45,1460539,1958442,2.12,5.73,0.4,-1.2,-13.7,매도주의,장대음봉,잔구간,0.0,-1.3,2026-07-24
KSS,0.7,17.94,2206212,3185931,39.58,52.42,0.8,0.2,-1.6,중립,음봉,잔구간,0.05,-0.62,2026-07-24
KVYO,0.7,16.4,2452796,3753305,40.23,67.17,0.6,3.4,1.2,중립,양봉,잔구간,0.59,0.405,2026-07-24
LAC,0.7,2.81,6626015,8843653,18.62,39.08,0.5,0.3,-3.8,강한매도,장대음봉,전저점이탈,0.0,-3.35,2026-07-24
PPLT,0.7,14.43,1113906,1651094,16.07,26.78,0.6,-0.8,0.6,중립,양봉,잔구간,0.58,0.4,2026-07-24
AG,0.7,16.31,7065048,9906255,115.23,150.81,0.8,0.9,-1.7,중립,음봉,잔구간,0.12,-0.58,2026-07-24
WULF,0.7,18.46,22638654,34123877,417.91,666.68,0.6,-1.2,-6.8,매도주의,장대음봉,잔구간,0.04,-1.275,2026-07-24
JFR,0.7,7.65,329264,448431,2.52,3.66,0.7,0.3,-0.3,매도주의,장대음봉,완만한상승,0.33,-1.3,2026-07-24
KDK,0.7,4.15,619289,862180,2.57,4.31,0.6,-0.7,-2.1,중립,음봉,잔구간,0.19,-0.535,2026-07-24
RXT,0.7,3.94,6478140,8780413,25.52,70.46,0.4,1.0,-3.0,중립,음봉,잔구간,0.17,-0.55,2026-07-24
RYAM,0.7,8.38,663623,999490,5.56,7.09,0.8,1.5,-2.2,중립,음봉,잔구간,0.27,-0.49,2026-07-24
SBGI,0.7,13.49,354367,474172,4.78,7.2,0.7,1.0,-0.1,매도주의,위꼬리음봉,잔구간,0.14,-0.965,2026-07-24
SBSW,0.7,8.36,3728102,5286659,31.17,39.99,0.8,-0.1,-0.7,매도주의,위꼬리음봉,잔구간,0.0,-1.05,2026-07-24
IBX,0.7,14.94,1180297,1697215,17.63,46.79,0.4,1.9,5.4,강한매수,장대양봉,완만한상승,0.8,3.26,2026-07-24
IEP,0.7,7.69,454412,627932,3.49,4.29,0.8,-0.5,0.3,중립,양봉,잔구간,0.38,0.28,2026-07-24
IMSR,0.7,4.88,1418979,2050421,6.92,10.54,0.7,0.4,-8.4,매도주의,장대음봉,잔구간,0.01,-1.295,2026-07-24
RUM,0.7,5.71,1398774,2110180,7.99,13.19,0.6,0.7,-5.3,매도주의,장대음봉,잔구간,0.03,-1.28,2026-07-24
RLX,0.7,2.03,876180,1199803,1.78,2.96,0.6,0.0,0.5,중립,위꼬리양봉,완만한상승,0.27,-0.38,2026-07-24
HNRG,0.7,15.24,479786,645370,7.31,9.69,0.8,-0.1,-5.0,강한매도,장대음봉,전저점이탈,0.1,-3.23,2026-07-24
HTGC,0.7,15.73,1023861,1400282,16.11,22.15,0.7,0.3,0.3,중립,양봉,잔구간,0.69,0.465,2026-07-24
HTZ,0.7,1.81,12128732,17895816,21.95,30.99,0.7,-0.3,-4.7,매도주의,장대음봉,잔구간,0.25,-1.15,2026-07-24
RAM,0.7,12.17,10019838,13370351,121.94,223.01,0.5,-8.9,-9.1,매도주의,장대음봉,잔구간,0.17,-1.2,2026-07-24
RITM,0.7,9.12,4090852,5703382,37.31,52.42,0.7,0.2,1.3,매수관심,장대양봉,잔구간,0.7,1.12,2026-07-24
RLMD,0.7,5.18,1650486,2201507,8.55,10.43,0.8,0.2,-0.6,중립,망치형,잔구간,0.75,0.65,2026-07-24
TOP,0.7,2.19,509757,739957,1.12,1.69,0.7,-3.2,3.8,매수관심,양봉,완만한상승,0.74,1.89,2026-07-24
TRTX,0.7,8.62,470476,636348,4.06,5.69,0.7,0.2,1.2,중립,양봉,잔구간,0.57,0.39,2026-07-24
NOMD,0.7,11.72,1095882,1467337,12.84,15.95,0.8,0.3,0.3,중립,위꼬리양봉,완만한상승,0.37,-0.26,2026-07-24
NTSK,0.7,11.53,3313684,4572761,38.21,73.57,0.5,1.2,2.0,중립,양봉,잔구간,0.76,0.505,2026-07-24
CRSR,0.7,9.85,992201,1412296,9.77,13.57,0.7,-0.8,-1.5,중립,음봉,잔구간,0.35,-0.44,2026-07-24
FMC,0.7,11.3,2118283,3121986,23.94,37.66,0.6,0.5,-3.8,매도주의,장대음봉,잔구간,0.02,-1.29,2026-07-24
TE,0.7,5.0,30692846,46617184,153.46,254.97,0.6,0.4,-12.4,강한매도,장대음봉,전저점이탈,0.16,-3.16,2026-07-24
TIGR,0.7,4.73,1311008,1934767,6.2,8.48,0.7,-0.2,-2.7,매도주의,장대음봉,잔구간,0.3,-1.12,2026-07-24
CRCA,0.7,11.88,890031,1257736,10.57,24.15,0.4,-1.8,1.8,중립,팽이도지,잔구간,0.74,0.145,2026-07-24
CRCG,0.7,8.05,2292168,3204613,18.45,43.44,0.4,-1.2,1.8,매수관심,양봉스프링,잔구간,0.75,0.9,2026-07-24
CRGY,0.7,11.27,3884387,5824593,43.78,60.22,0.7,-0.4,-0.7,매도주의,위꼬리음봉,잔구간,0.09,-0.995,2026-07-24
CRK,0.7,13.52,1694515,2313721,22.91,35.01,0.7,1.3,-2.7,중립,음봉,잔구간,0.0,-0.65,2026-07-24
CRMD,0.7,7.87,625290,867410,4.92,6.93,0.7,0.2,-2.5,매도주의,장대음봉,잔구간,0.16,-1.205,2026-07-24
CRML,0.7,5.81,4823910,6755745,28.03,39.8,0.7,0.2,-5.1,강한매도,장대음봉,전저점이탈,0.11,-3.22,2026-07-24
ARDX,0.7,5.03,1719500,2406827,8.65,13.78,0.6,0.4,-2.3,매도주의,장대음봉,잔구간,0.07,-1.26,2026-07-24
FLY,0.7,19.69,2611916,3513979,51.43,72.42,0.7,0.3,-5.2,매도주의,장대음봉,잔구간,0.12,-1.23,2026-07-24
CRBU,0.7,1.57,946833,1299154,1.49,3.22,0.5,-0.6,-3.1,강한매도,장대음봉,전저점이탈,0.0,-3.35,2026-07-24
CLNE,0.7,2.03,1095779,1582281,2.22,4.03,0.6,0.0,-2.9,강한매도,장대음봉,전저점이탈,0.25,-3.05,2026-07-24
CLOV,0.7,4.32,2958595,4072752,12.78,21.36,0.6,1.1,-6.1,매도주의,장대음봉,전저점부근,0.0,-1.85,2026-07-24
CLSK,0.7,14.52,17450141,25095463,253.38,406.51,0.6,-1.2,-5.8,매도주의,장대음봉,잔구간,0.02,-1.29,2026-07-24
CNNE,0.7,14.73,311531,432233,4.59,6.79,0.7,0.1,2.4,강한매수,장대양봉,완만한상승,0.98,3.48,2026-07-24
BBDC,0.7,8.23,384918,558181,3.17,4.52,0.7,0.2,0.2,중립,팽이도지,잔구간,0.67,0.1,2026-07-24
BFLY,0.7,6.58,6019669,8855710,39.61,58.27,0.7,1.7,-2.2,중립,음봉,잔구간,0.39,-0.415,2026-07-24
HLF,0.7,11.89,940911,1303169,11.19,19.0,0.6,0.1,0.7,중립,위꼬리양봉,잔구간,0.46,-0.525,2026-07-24
CLBK,0.7,10.88,8197204,12601591,89.19,155.45,0.6,-0.1,-1.1,중립,음봉,전저점부근,0.5,0.05,2026-07-24
LFST,0.7,10.9,1842057,2521200,20.08,34.92,0.6,3.2,-2.3,매도주의,장대음봉,완만한상승,0.07,-1.62,2026-07-24
AYA,0.7,19.7,406292,573240,8.0,10.03,0.8,0.3,-1.5,중립,음봉,잔구간,0.07,-0.61,2026-07-24
BB,0.7,8.54,14004285,20184684,119.6,206.38,0.6,1.0,-2.1,중립,음봉,잔구간,0.38,-0.42,2026-07-24
CARS,0.7,11.46,478530,684340,5.48,8.49,0.6,1.4,-1.0,중립,음봉,잔구간,0.07,-0.61,2026-07-24
CATX,0.7,2.91,671334,959896,1.95,5.15,0.4,0.7,-2.0,매도주의,장대음봉,잔구간,0.1,-1.24,2026-07-24
CGEM,0.7,17.1,316656,483337,5.41,9.98,0.5,0.7,-1.7,중립,음봉,잔구간,0.08,-0.6,2026-07-24
SWIM,0.7,5.5,425958,638891,2.34,4.01,0.6,0.1,-0.1,매도주의,위꼬리음봉,전저점부근,0.13,-1.19,2026-07-24
TAK,0.7,17.24,3266529,4748619,56.31,71.13,0.8,2.9,-0.3,매도주의,음봉,전고점부근,0.14,-1.58,2026-07-24
ANGO,0.7,13.59,332998,506568,4.53,9.58,0.5,0.9,0.2,중립,팽이도지,잔구간,0.51,0.005,2026-07-24
ARCC,0.7,18.78,2880008,4333869,54.09,83.64,0.6,0.4,0.5,중립,양봉,잔구간,0.63,0.43,2026-07-24
OMER,0.7,9.79,799038,1212747,7.82,12.9,0.6,0.0,-4.8,매도주의,장대음봉,잔구간,0.04,-1.275,2026-07-24
OVID,0.7,2.33,984979,1399374,2.3,3.97,0.6,0.0,-2.9,매도주의,장대음봉,수횡파,0.22,-1.74,2026-07-24
STDN,0.7,8.3,1352502,1926173,11.23,24.73,0.5,0.6,-6.0,중립,음봉,전저점부근,0.34,-0.14,2026-07-24
MIR,0.7,16.54,2321241,3316547,38.39,59.17,0.6,-0.1,-1.9,매도주의,장대음봉,잔구간,0.17,-1.2,2026-07-24
BULL,0.7,7.49,7288176,10564971,54.59,76.28,0.7,0.0,-4.5,매도주의,장대음봉,잔구간,0.18,-1.19,2026-07-24
BXMT,0.7,16.69,983871,1401626,16.42,27.11,0.6,0.3,0.9,중립,양봉,잔구간,0.64,0.435,2026-07-24
BZ,0.7,15.42,1943876,2881631,29.97,40.3,0.7,0.3,0.8,매수관심,양봉,완만한상승,0.7,1.84,2026-07-24
SPCF,0.7,11.11,1023343,1492480,11.37,18.02,0.6,-3.9,-1.7,중립,망치형,잔구간,0.78,0.67,2026-07-24
SPCU,0.7,8.86,897053,1304196,7.95,11.95,0.7,-3.9,-1.7,중립,망치형,잔구간,0.68,0.61,2026-07-24
SPT,0.7,7.57,671991,901027,5.09,7.68,0.7,1.9,1.5,중립,양봉,잔구간,0.49,0.345,2026-07-24
LUMN,0.7,6.34,7156181,9902239,45.37,60.35,0.8,1.2,-4.1,매도주의,장대음봉,잔구간,0.07,-1.26,2026-07-24
HAYW,0.7,14.43,2011898,2828861,29.03,45.02,0.6,0.6,-0.4,매도주의,위꼬리음봉,완만한상승,0.06,-1.13,2026-07-24
SID,0.7,1.08,1506765,2082795,1.63,2.41,0.7,0.0,1.9,중립,양봉,잔구간,1.0,0.65,2026-07-24
SKHU,0.7,17.59,1690773,2455536,29.74,56.24,0.5,-7.4,-14.2,매도주의,장대음봉,잔구간,0.0,-1.3,2026-07-24
SHMD,0.7,4.115,310371,460583,1.28,2.59,0.5,-0.7,-5.2,매도주의,장대음봉,잔구간,0.05,-1.27,2026-07-24
SHO,0.7,11.74,1497653,2271087,17.58,27.07,0.6,0.9,-0.1,중립,팽이도지,완만한상승,0.29,0.65,2026-07-24
GNL,0.7,8.88,1786887,2448789,15.87,22.83,0.7,0.7,-0.7,중립,음봉,잔구간,0.32,-0.46,2026-07-24
GOF,0.7,10.49,1076466,1534893,11.29,16.56,0.7,0.4,0.1,매수관심,양봉스프링,잔구간,0.78,0.92,2026-07-24
ASTX,0.7,10.06,3716055,5441730,37.38,75.49,0.5,1.2,-11.2,매도주의,장대음봉,잔구간,0.13,-1.22,2026-07-24
ATEC,0.7,8.26,1457562,2089504,12.04,16.99,0.7,0.0,0.6,매수관심,팽이도지,완만한상승,0.62,1.04,2026-07-24
GDYN,0.7,5.69,983463,1359450,5.6,7.51,0.7,2.0,-0.5,매수관심,팽이도지,완만한상승,0.42,0.8,2026-07-24
FUN,0.7,17.37,1330591,2040426,23.11,37.83,0.6,-1.3,2.3,중립,양봉,잔구간,0.65,0.44,2026-07-24
FWRD,0.7,15.25,559454,770156,8.53,11.94,0.7,-1.0,-0.5,중립,팽이도지,잔구간,0.47,-0.02,2026-07-24
GAP,0.7,19.01,4806230,6847295,91.37,149.29,0.6,-1.0,1.7,중립,양봉,잔구간,0.55,0.38,2026-07-24
OXLC,0.7,8.5,774834,1061012,6.59,8.27,0.8,-0.5,-1.2,강한매도,음봉,전저점이탈,0.0,-2.05,2026-07-24
PFXF,0.7,17.39,613246,922862,10.66,13.75,0.8,0.0,-0.2,매도주의,위꼬리음봉,잔구간,0.18,-0.94,2026-07-24
LAND,0.7,8.525,388748,593745,3.31,4.92,0.7,0.0,-0.5,중립,음봉,잔구간,0.04,-0.625,2026-07-24
LZ,0.7,7.18,1450387,2172119,10.41,18.69,0.6,0.7,1.1,중립,양봉,잔구간,0.47,0.33,2026-07-24
LZM,0.7,3.19,326942,443913,1.04,1.52,0.7,0.0,-3.0,매도주의,장대음봉,잔구간,0.39,-1.065,2026-07-24
MBC,0.7,8.5,1372557,2018271,11.67,15.09,0.8,-0.5,1.4,매수관심,양봉,완만한상승,0.37,1.44,2026-07-24
YSS,0.7,17.06,707344,970416,12.07,19.13,0.6,1.9,-5.0,매도주의,장대음봉,전저점부근,0.37,-1.41,2026-07-24
ZETA,0.7,19.13,4532222,6125253,86.7,155.26,0.6,1.7,-2.9,매도주의,장대음봉,전저점부근,0.08,-1.75,2026-07-24
ZLAB,0.7,19.22,478119,657403,9.19,15.75,0.6,-1.1,-1.2,매도주의,음봉,전저점이탈,0.5,-1.45,2026-07-24
VLN,0.7,1.63,789647,1111931,1.29,1.85,0.7,0.0,-5.2,매도주의,장대음봉,전저점부근,0.1,-1.73,2026-07-24
ALIT,0.7,18.87,345912,526296,6.53,13.18,0.5,0.3,2.9,중립,양봉,잔구간,0.64,0.435,2026-07-24
ALMU,0.7,14.215,397118,559469,5.65,8.18,0.7,-1.6,-9.5,매도주의,장대음봉,전저점부근,0.11,-1.72,2026-07-24
ACRS,0.7,5.23,760682,1108861,3.98,9.35,0.4,0.7,-5.3,매도주의,장대음봉,전저점부근,0.06,-1.78,2026-07-24
UNCY,0.7,5.4,497709,754004,2.69,4.81,0.6,0.7,-1.8,중립,음봉,잔구간,0.33,-0.45,2026-07-24
UTZ,0.7,14.1,3978422,5742489,56.1,140.19,0.4,0.1,0.0,중립,팽이도지,전고점부근,0.67,-0.25,2026-07-24
VELO,0.7,9.67,1121995,1600504,10.85,20.27,0.5,0.6,-4.9,매도주의,장대음봉,전저점부근,0.25,-1.55,2026-07-24
DPRO,0.7,4.22,487634,719024,2.06,3.43,0.6,0.0,-3.7,중립,음봉,잔구간,0.07,-0.61,2026-07-24
DRH,0.7,12.85,1957300,2848321,25.15,30.8,0.8,0.6,0.8,매수관심,양봉,완만한상승,0.51,1.61,2026-07-24
AIV,0.7,2.64,796026,1097055,2.1,3.1,0.7,0.4,-0.4,중립,음봉,완만한상승,0.2,-0.16,2026-07-24
UAMY,0.7,5.17,3831529,5315136,19.81,33.85,0.6,1.6,-7.7,매도주의,장대음봉,잔구간,0.08,-1.25,2026-07-24
UEC,0.7,9.51,6627376,9855554,63.03,80.36,0.8,0.1,-3.4,매도주의,장대음봉,잔구간,0.22,-1.17,2026-07-24
UMH,0.7,15.54,331641,500371,5.15,7.17,0.7,0.9,0.0,중립,위꼬리양봉,잔구간,0.22,-0.67,2026-07-24
DHT,0.7,18.45,1680940,2349635,31.01,45.12,0.7,1.6,-1.3,중립,음봉,완만한상승,0.21,-0.15,2026-07-24
DX,0.7,12.6,5301856,7920303,66.8,93.12,0.7,0.2,-0.2,매도주의,위꼬리음봉,잔구간,0.11,-0.985,2026-07-24
ECC,0.7,3.57,585728,849063,2.09,3.42,0.6,0.0,-1.1,매도주의,장대음봉,잔구간,0.0,-1.3,2026-07-24
ECVT,0.7,12.46,893550,1346682,11.13,18.26,0.6,0.2,-3.6,매도주의,장대음봉,잔구간,0.08,-1.25,2026-07-24
EFC,0.7,13.37,780243,1064251,10.43,15.31,0.7,0.5,0.1,중립,위꼬리양봉,잔구간,0.4,-0.56,2026-07-24
EH,0.7,4.9,602063,836464,2.95,5.01,0.6,-0.4,-3.4,강한매도,장대음봉,전저점이탈,0.07,-3.27,2026-07-24
XPRO,0.7,15.79,769537,1098433,12.15,17.62,0.7,2.6,-2.0,중립,음봉,잔구간,0.43,-0.39,2026-07-24
XRAY,0.7,12.93,3958066,5330924,51.18,74.25,0.7,2.0,-0.3,매수관심,팽이도지,완만한상승,0.5,0.9,2026-07-24
ADAM,0.7,8.65,535179,779046,4.63,6.82,0.7,0.9,-0.2,중립,팽이도지,잔구간,0.27,-0.14,2026-07-24
NEXA,0.7,12.87,340245,513659,4.38,7.82,0.6,0.5,-3.2,중립,음봉,잔구간,0.07,-0.61,2026-07-24
NEXN,0.7,9.82,326275,471694,3.2,5.29,0.6,1.0,-0.1,중립,팽이도지,잔구간,0.56,0.035,2026-07-24
NMRK,0.7,15.39,895345,1206856,13.78,17.47,0.8,1.1,1.1,중립,양봉,잔구간,0.52,0.36,2026-07-24
VNM,0.7,16.46,530611,761660,8.73,11.91,0.7,-0.4,-0.8,매도주의,장대음봉,잔구간,0.0,-1.3,2026-07-24
VOR,0.7,19.26,639107,924452,12.31,19.37,0.6,0.1,1.4,중립,팽이도지,잔구간,0.71,0.125,2026-07-24
VRDN,0.7,19.27,1515553,2110996,29.2,31.68,0.9,0.7,-0.6,강한매수,망치형,완만한상승,0.6,2.02,2026-07-24
VYGR,0.7,3.1,484465,685607,1.5,2.45,0.6,-0.6,1.0,매수관심,양봉스프링,잔구간,0.75,0.9,2026-07-24
WB,0.7,7.73,569638,859506,4.4,6.03,0.7,0.1,-1.0,매도주의,장대음봉,잔구간,0.0,-1.3,2026-07-24
VVR,0.6,2.96,349607,602026,1.03,2.8,0.4,0.0,-0.3,중립,음봉,전저점부근,0.0,-0.55,2026-07-24
XRX,0.6,2.58,1171545,2052346,3.02,5.47,0.6,0.8,-1.9,중립,음봉,잔구간,0.28,-0.48,2026-07-24
ELVA,0.6,8.33,570111,1006981,4.75,43.97,0.1,-1.0,-2.3,매도주의,음봉,전저점이탈,0.14,-1.88,2026-07-24
NFXL,0.6,14.73,982493,1739115,14.47,34.47,0.4,1.3,2.2,매수관심,양봉,완만한상승,0.79,1.95,2026-07-24
DC,0.6,4.65,817960,1345728,3.8,5.5,0.7,0.6,-1.3,중립,음봉,잔구간,0.42,-0.4,2026-07-24
XPEV,0.6,12.33,4043144,7160502,49.85,88.65,0.6,-0.6,-2.8,강한매도,장대음봉,전저점이탈,0.03,-3.31,2026-07-24
EMBC,0.6,3.29,737380,1328536,2.43,4.23,0.6,1.2,0.0,매수관심,팽이도지,완만한상승,0.48,0.88,2026-07-24
XP,0.6,16.69,2425809,3785769,40.49,67.62,0.6,0.3,-1.1,중립,음봉,잔구간,0.07,-0.61,2026-07-24
TTDU,0.6,2.4,642400,1163414,1.54,3.16,0.5,2.0,3.7,중립,양봉,잔구간,0.71,0.475,2026-07-24
TU,0.6,10.22,3914454,6921232,40.01,62.21,0.6,0.1,1.0,중립,양봉,잔구간,0.84,0.555,2026-07-24
UA,0.6,6.86,1719845,2688759,11.8,17.57,0.7,0.2,3.9,강한매수,장대양봉,완만한상승,0.9,3.38,2026-07-24
DHC,0.6,9.34,875468,1369415,8.18,11.73,0.7,0.9,0.2,중립,팽이도지,잔구간,0.51,0.005,2026-07-24
AEHL,0.6,0.537,7320509,12968164,3.93,12.36,0.3,-9.3,-17.4,중립,음봉,전저점부근,0.43,-0.03,2026-07-24
YMM,0.6,9.21,4292817,6690958,39.54,60.46,0.7,-0.2,1.8,강한매수,장대양봉,완만한상승,0.82,3.28,2026-07-24
PATH,0.6,10.84,66135104,101843011,716.9,1262.54,0.6,0.7,5.6,강한매수,장대양봉,완만한상승,0.79,3.25,2026-07-24
PD,0.6,9.08,1072107,1879963,9.73,16.68,0.6,2.3,2.8,매수관심,장대양봉,잔구간,0.85,1.21,2026-07-24
WNC,0.6,13.34,676184,1156584,9.02,25.2,0.4,0.8,-0.5,중립,팽이도지,완만한상승,0.27,0.62,2026-07-24
WT,0.6,19.45,1325109,2250311,25.77,48.19,0.5,0.5,-1.8,매도주의,장대음봉,잔구간,0.18,-1.19,2026-07-24
AKBA,0.6,1.22,1496092,2342412,1.83,3.51,0.5,0.0,0.0,중립,팽이도지,잔구간,0.57,0.04,2026-07-24
UPWK,0.6,8.83,2267538,3668809,20.02,29.57,0.7,1.5,-0.2,중립,팽이도지,잔구간,0.25,-0.15,2026-07-24
LX,0.6,1.48,1100483,1967911,1.63,5.96,0.3,0.7,0.7,강한매수,양봉스프링,완만한상승,0.91,2.89,2026-07-24
LXRX,0.6,2.29,1681849,2722651,3.85,6.08,0.6,0.0,-0.4,중립,팽이도지,잔구간,0.48,-0.01,2026-07-24
ZGN,0.6,14.32,823557,1396452,11.79,16.88,0.7,0.7,2.9,강한매수,장대양봉,완만한상승,0.79,3.25,2026-07-24
ADVB,0.6,18.98,4726493,7357382,89.71,106.1,0.8,37.6,-17.8,중립,음봉,완만한상승,0.35,0.02,2026-07-24
CCO,0.6,2.41,1279751,2251003,3.08,7.86,0.4,0.4,-0.4,매도주의,장대음봉,완만한상승,0.0,-1.7,2026-07-24
CCUP,0.6,1.4,4759319,8010098,6.66,14.04,0.5,-1.1,1.8,매수관심,양봉스프링,잔구간,0.79,0.925,2026-07-24
CALY,0.6,18.16,1137708,1925475,20.66,36.42,0.6,1.5,-0.1,중립,팽이도지,잔구간,0.72,0.13,2026-07-24
CCC,0.6,5.82,5408258,9817805,31.48,69.73,0.5,2.1,-0.7,중립,팽이도지,완만한상승,0.4,0.78,2026-07-24
GORO,0.6,2.0,2888570,5191679,5.78,12.0,0.5,1.7,-14.2,매도주의,장대음봉,잔구간,0.12,-1.23,2026-07-24
GPGI,0.6,14.02,897176,1571622,12.58,20.18,0.6,0.4,-0.7,매도주의,위꼬리음봉,잔구간,0.2,-0.93,2026-07-24
GPRE,0.6,16.95,865306,1489409,14.67,27.59,0.5,-1.5,0.0,중립,위꼬리양봉,잔구간,0.16,-0.705,2026-07-24
SLNH,0.6,1.26,6968433,12381077,8.78,16.25,0.5,0.0,-4.5,매도주의,장대음봉,잔구간,0.22,-1.17,2026-07-24
LION,0.6,13.34,1263224,2099163,16.85,37.01,0.5,0.0,-0.4,매도주의,위꼬리음봉,잔구간,0.08,-1.0,2026-07-24
LTRX,0.6,5.3,489415,808237,2.59,4.72,0.6,-0.2,-5.0,매도주의,장대음봉,잔구간,0.07,-1.26,2026-07-24
SMU,0.6,5.17,921605,1507208,4.76,8.67,0.5,-1.6,-14.8,매도주의,장대음봉,잔구간,0.02,-1.29,2026-07-24
SHLS,0.6,9.39,3310532,5147004,31.09,60.05,0.5,0.2,-5.2,강한매도,장대음봉,전저점이탈,0.2,-3.11,2026-07-24
SPCE,0.6,2.49,5151957,8039366,12.83,27.2,0.5,0.4,-3.9,매도주의,장대음봉,잔구간,0.08,-1.25,2026-07-24
ASM,0.6,5.63,2063178,3625140,11.62,18.77,0.6,0.9,-1.9,중립,음봉,잔구간,0.35,-0.44,2026-07-24
ASPI,0.6,3.87,2614683,4291660,10.12,18.44,0.5,0.7,-4.9,매도주의,장대음봉,잔구간,0.0,-1.3,2026-07-24
SHOE,0.6,14.55,590788,954699,8.6,15.53,0.6,0.1,1.7,강한매수,양봉,완만한상승,0.98,2.18,2026-07-24
GERN,0.6,1.42,3292732,5176811,4.68,9.61,0.5,0.0,-2.1,매도주의,장대음봉,수횡파,0.22,-1.74,2026-07-24
GETY,0.6,0.44,3301325,5284286,1.45,3.13,0.5,-2.1,4.8,매수관심,장대양봉,잔구간,0.76,1.155,2026-07-24
GGN,0.6,4.91,448076,756461,2.2,3.16,0.7,0.6,-0.2,중립,팽이도지,잔구간,0.47,-0.02,2026-07-24
GENI,0.6,6.48,3651280,5904272,23.66,30.37,0.8,1.6,-0.8,매도주의,위꼬리음봉,완만한상승,0.19,-0.97,2026-07-24
ABR,0.6,4.99,2238874,3545281,11.17,15.88,0.7,0.4,-1.0,중립,음봉,잔구간,0.0,-0.65,2026-07-24
VIPS,0.6,14.25,1198566,1964628,17.08,29.52,0.6,0.3,-1.4,매도주의,장대음봉,잔구간,0.19,-1.185,2026-07-24
ETHT,0.6,10.1,798447,1430394,8.06,16.14,0.5,-1.1,-0.7,중립,망치형,잔구간,0.64,0.585,2026-07-24
BILI,0.6,17.16,1442837,2280419,24.76,41.82,0.6,-0.7,-1.2,매도주의,음봉,전저점이탈,0.05,-1.99,2026-07-24
ETHA,0.6,14.04,20296250,31753277,284.96,438.75,0.6,-0.3,-0.2,중립,망치형,잔구간,0.69,0.615,2026-07-24
ETHE,0.6,15.02,1060743,1635255,15.93,26.28,0.6,-0.5,-0.2,중립,망치형,잔구간,0.71,0.625,2026-07-24
SECZ,0.6,7.47,829038,1311166,6.19,10.73,0.6,0.0,2.3,매수관심,양봉스프링,잔구간,0.81,0.935,2026-07-24
SATL,0.6,3.59,3183502,5742471,11.43,18.43,0.6,-0.3,-5.5,매도주의,장대음봉,잔구간,0.19,-1.185,2026-07-24
LAR,0.6,5.85,1151485,2069049,6.74,11.85,0.6,0.8,-4.4,매도주의,장대음봉,전저점부근,0.06,-1.78,2026-07-24
PTON,0.6,6.08,4035042,6541924,24.53,44.16,0.6,1.0,-0.2,중립,팽이도지,잔구간,0.5,0.0,2026-07-24
INV,0.6,2.89,1610770,2881883,4.66,8.16,0.6,0.7,-3.7,매도주의,음봉,전저점이탈,0.33,-1.65,2026-07-24
QMLS,0.6,7.16,309358,530191,2.22,7.71,0.3,-4.1,-8.9,매도주의,장대음봉,잔구간,0.16,-1.205,2026-07-24
NU,0.6,14.09,91420951,154003894,1288.12,2053.7,0.6,-0.0,-0.7,중립,음봉,잔구간,0.26,-0.495,2026-07-24
BIYA,0.6,1.93,3460736,5338709,6.68,41.66,0.2,-9.3,-20.6,강한매도,장대음봉,전저점이탈,0.04,-3.3,2026-07-24
MUX,0.6,17.17,591575,931663,10.16,14.14,0.7,1.2,-3.5,매도주의,장대음봉,잔구간,0.09,-1.245,2026-07-24
NVDQ,0.6,10.84,1500004,2572948,16.26,29.75,0.5,1.2,0.5,매수관심,팽이도지,완만한상승,0.7,1.14,2026-07-24
TRVI,0.6,17.535,1652411,2715608,28.98,53.53,0.5,1.0,1.0,매수관심,양봉스프링,잔구간,0.99,1.045,2026-07-24
EROC,0.6,10.95,978855,1585022,10.72,17.1,0.6,-1.0,-7.3,매도주의,장대음봉,잔구간,0.13,-1.22,2026-07-24
RC,0.6,1.47,734275,1263751,1.08,2.28,0.5,0.7,-1.3,강한매도,위꼬리음봉,전저점이탈,0.0,-2.85,2026-07-24
RGTX,0.6,9.25,543374,897477,5.03,8.48,0.6,0.1,-9.5,매도주의,장대음봉,잔구간,0.04,-1.275,2026-07-24
CION,0.6,5.96,346609,551859,2.07,3.03,0.7,0.2,0.2,중립,팽이도지,잔구간,0.65,0.09,2026-07-24
OTF,0.6,9.95,1616283,2506681,16.08,22.32,0.7,0.0,0.2,중립,팽이도지,잔구간,0.5,0.0,2026-07-24
SVC,0.6,8.46,1095104,1831585,9.26,17.17,0.5,0.9,-1.7,중립,음봉,잔구간,0.15,-0.56,2026-07-24
TAL,0.6,10.3,1903559,3251217,19.61,32.36,0.6,1.0,-1.3,매도주의,장대음봉,잔구간,0.13,-1.22,2026-07-24
OCUL,0.6,8.505,1166170,1873265,9.92,16.96,0.6,0.5,-1.8,중립,음봉,잔구간,0.27,-0.49,2026-07-24
OGG,0.6,2.26,1011736,1641125,2.29,6.17,0.4,0.4,-1.3,중립,음봉,잔구간,0.14,-0.565,2026-07-24
ONDS,0.6,7.8,101180976,181729180,789.21,1062.08,0.7,0.3,-1.9,중립,팽이도지,잔구간,0.46,-0.025,2026-07-24
CABA,0.6,2.69,1662378,2631667,4.47,9.26,0.5,0.4,-1.5,중립,음봉,잔구간,0.5,-0.35,2026-07-24
BTG,0.6,3.87,10768343,18937304,41.67,67.45,0.6,0.5,0.3,중립,위꼬리양봉,완만한상승,0.3,-0.34,2026-07-24
BYND,0.6,0.559,16560826,27400463,9.26,18.21,0.5,1.8,-1.9,중립,음봉,잔구간,0.41,-0.405,2026-07-24
SRXH,0.6,1.8,1701809,2743859,3.06,14.02,0.2,-3.3,3.4,중립,양봉,잔구간,0.77,0.51,2026-07-24
SRAD,0.6,14.29,1396635,2308213,19.96,30.99,0.6,1.9,-1.8,매도주의,장대음봉,잔구간,0.09,-1.245,2026-07-24
CLYM,0.6,12.84,665914,1110158,8.55,14.04,0.6,1.0,-0.4,강한매수,망치형,완만한상승,0.8,2.26,2026-07-24
BGS,0.6,3.51,1290371,2222766,4.53,7.92,0.6,0.0,0.0,중립,위꼬리양봉,전저점부근,0.12,-0.71,2026-07-24
HL,0.6,15.14,37112111,59880560,561.88,716.57,0.8,0.3,-1.5,중립,음봉,잔구간,0.29,-0.475,2026-07-24
AGEN,0.6,5.98,1249283,2151357,7.47,121.82,0.1,0.2,-3.5,중립,음봉,잔구간,0.4,-0.41,2026-07-24
AGRO,0.6,10.58,419601,709585,4.44,6.86,0.6,-1.0,-0.8,중립,팽이도지,잔구간,0.31,-0.115,2026-07-24
AI,0.6,8.15,3323599,5451882,27.09,47.31,0.6,1.2,-1.2,중립,음봉,잔구간,0.25,-0.5,2026-07-24
JOBY,0.6,6.93,38771074,68029019,268.68,440.98,0.6,0.0,-8.1,매도주의,장대음봉,잔구간,0.0,-1.3,2026-07-24
KUST,0.6,1.35,1372929,2144111,1.85,20.36,0.1,5.0,-7.5,중립,음봉,잔구간,0.2,-0.53,2026-07-24
PPTA,0.6,17.84,753180,1222851,13.44,20.46,0.7,0.8,-0.8,중립,팽이도지,잔구간,0.47,-0.02,2026-07-24
TRIP,0.6,13.7,1404569,2454233,19.24,40.12,0.5,0.4,1.2,중립,양봉,잔구간,0.52,0.36,2026-07-24
TNDM,0.6,17.12,1147964,1813937,19.65,27.98,0.7,1.1,0.2,강한매수,양봉스프링,완만한상승,0.82,2.78,2026-07-24
TMQ,0.6,3.02,762547,1186218,2.3,5.3,0.4,-0.3,-4.1,매도주의,장대음봉,잔구간,0.03,-1.28,2026-07-24
TALO,0.6,14.93,1296181,2006468,19.35,27.14,0.7,-0.7,-1.5,중립,음봉,잔구간,0.09,-0.595,2026-07-24
CPNG,0.6,15.5,10429921,17995121,161.66,351.21,0.5,0.9,-1.7,매도주의,장대음봉,잔구간,0.09,-1.245,2026-07-24
ARVN,0.6,8.03,385667,630038,3.1,4.8,0.6,-0.1,-1.0,중립,음봉,수횡파,0.38,-0.24,2026-07-24
AREC,0.6,1.74,1386383,2298395,2.41,5.19,0.5,1.7,-3.3,매도주의,장대음봉,잔구간,0.33,-1.1,2026-07-24
CRCD,0.6,6.12,751808,1184158,4.6,11.37,0.4,1.3,-1.9,매도주의,위꼬리음봉,잔구간,0.21,-0.925,2026-07-24
RPD,0.6,9.49,1349527,2317300,12.81,31.17,0.4,1.6,-2.3,중립,음봉,전저점부근,0.22,-0.29,2026-07-24
IAG,0.6,14.66,3654583,5663351,53.58,72.42,0.7,0.8,-1.3,중립,음봉,잔구간,0.23,-0.51,2026-07-24
ICL,0.6,5.28,615169,957416,3.25,5.88,0.6,-0.8,0.4,중립,양봉,잔구간,0.4,0.29,2026-07-24
SAIL,0.6,14.95,2197800,3658272,32.86,58.14,0.6,1.1,3.3,매수관심,장대양봉,잔구간,0.81,1.185,2026-07-24
XPOF,0.5,6.32,410321,780913,2.59,4.27,0.6,0.2,4.6,매수관심,장대양봉,잔구간,0.94,1.265,2026-07-24
DRTS,0.5,12.5,364658,725085,4.56,8.84,0.5,1.7,-7.2,매도주의,장대음봉,잔구간,0.1,-1.24,2026-07-24
ALM,0.5,13.34,2748160,5238639,36.66,86.57,0.4,0.5,-6.4,매도주의,장대음봉,잔구간,0.15,-1.21,2026-07-24
NNDM,0.5,1.47,1457347,2928948,2.14,5.51,0.4,0.0,0.0,중립,팽이도지,잔구간,0.6,0.06,2026-07-24
LUNL,0.5,3.31,670806,1280165,2.22,5.13,0.4,-2.4,-9.8,매도주의,장대음봉,잔구간,0.16,-1.205,2026-07-24
VIA,0.5,17.69,477078,890235,8.44,14.14,0.6,1.5,2.0,중립,양봉,잔구간,0.55,0.38,2026-07-24
TSSI,0.5,9.7,483364,902689,4.69,8.32,0.6,-0.7,-6.7,매도주의,장대음봉,잔구간,0.01,-1.295,2026-07-24
UGP,0.5,6.43,2607683,4754981,16.77,38.39,0.4,-1.1,-0.9,중립,음봉,잔구간,0.15,-0.56,2026-07-24
DGXX,0.5,3.98,2612501,4987834,10.4,17.49,0.6,-0.2,-7.9,매도주의,장대음봉,잔구간,0.03,-1.28,2026-07-24
MAT,0.5,14.34,2613751,4937210,37.48,80.77,0.5,-0.2,0.9,강한매수,양봉,완만한상승,0.89,2.07,2026-07-24
PLAY,0.5,9.87,865374,1692538,8.54,15.79,0.5,0.0,1.2,중립,위꼬리양봉,잔구간,0.39,-0.565,2026-07-24
AAL,0.5,14.475,74218916,143716726,1074.32,2174.74,0.5,2.3,4.4,매수관심,장대양봉,잔구간,0.9,1.24,2026-07-24
FA,0.5,19.64,984882,1936233,19.34,44.36,0.4,0.4,2.0,매수관심,장대양봉,잔구간,0.75,1.15,2026-07-24
MRLN,0.5,3.47,960194,2109303,3.33,6.19,0.5,-1.0,-0.6,중립,망치형,잔구간,0.71,0.625,2026-07-24
MORT,0.5,9.72,764181,1526726,7.43,14.57,0.5,0.4,0.3,중립,양봉,잔구간,0.47,0.33,2026-07-24
ZURA,0.5,5.23,366207,689105,1.92,4.11,0.5,0.2,-1.3,중립,팽이도지,잔구간,0.31,-0.115,2026-07-24
IOVA,0.5,4.99,9431084,18357838,47.06,92.01,0.5,-0.1,-2.6,매도주의,장대음봉,잔구간,0.2,-1.18,2026-07-24
PAYO,0.5,7.12,1343180,2892183,9.56,19.03,0.5,0.1,-0.1,매도주의,장대음봉,완만한상승,0.33,-1.3,2026-07-24
MDXG,0.5,4.2,531892,1005039,2.23,4.42,0.5,1.0,0.7,중립,양봉,잔구간,0.67,0.45,2026-07-24
ABUS,0.5,4.38,876894,1710324,3.84,8.69,0.4,-0.2,-1.8,중립,음봉,잔구간,0.07,-0.61,2026-07-24
BXBL,0.5,4.91,596358,1093910,2.93,11.8,0.2,2.0,-10.9,매도주의,장대음봉,잔구간,0.35,-1.09,2026-07-24
OPEN,0.5,3.835,45279659,91275110,173.65,417.16,0.4,2.2,-2.4,중립,음봉,전저점부근,0.28,-0.21,2026-07-24
SG,0.5,6.0,3999727,7478333,24.0,46.86,0.5,-0.7,0.0,중립,위꼬리양봉,잔구간,0.08,-0.75,2026-07-24
PLTK,0.5,3.68,526099,1135714,1.94,6.77,0.3,0.0,2.8,매수관심,장대양봉,잔구간,0.71,1.125,2026-07-24
MICC,0.5,17.84,426027,903126,7.6,24.53,0.3,1.1,-0.5,중립,음봉,잔구간,0.1,-0.59,2026-07-24
HOVR,0.5,1.78,840301,1550378,1.5,2.94,0.5,1.1,-4.8,매도주의,장대음봉,잔구간,0.18,-1.19,2026-07-24
IMRX,0.5,4.32,465316,979060,2.01,3.98,0.5,0.7,-2.3,매도주의,장대음봉,잔구간,0.23,-1.16,2026-07-24
LI,0.5,12.12,2039424,3904623,24.72,48.55,0.5,-0.9,-1.1,중립,음봉,전저점부근,0.25,-0.25,2026-07-24
HELP,0.5,7.62,1230801,2579369,9.38,16.17,0.6,0.8,-2.2,중립,음봉,잔구간,0.51,-0.345,2026-07-24
HE,0.5,13.5,827289,1607877,11.17,21.52,0.5,0.4,-0.7,매도주의,장대음봉,잔구간,0.05,-1.27,2026-07-24
SPAL,0.5,11.19,829005,1838310,9.28,17.79,0.5,-3.9,-1.6,중립,망치형,잔구간,0.73,0.64,2026-07-24
GEMI,0.5,4.29,518681,1023480,2.23,4.52,0.5,-1.6,-0.9,중립,팽이도지,잔구간,0.41,-0.055,2026-07-24
GDRX,0.5,2.96,530538,986025,1.57,2.86,0.5,0.7,2.4,강한매수,양봉,완만한상승,0.96,2.15,2026-07-24
GCMG,0.5,12.2,456238,959883,5.57,9.33,0.6,0.8,2.7,매수관심,장대양봉,잔구간,0.89,1.235,2026-07-24
GRRR,0.5,12.01,538714,1147695,6.47,23.21,0.3,1.0,-5.4,매도주의,장대음봉,잔구간,0.0,-1.3,2026-07-24
SPIR,0.5,10.99,479983,1051748,5.28,13.58,0.4,0.3,-4.9,매도주의,장대음봉,전저점부근,0.09,-1.74,2026-07-24
SLI,0.5,2.12,903145,1772273,1.91,4.0,0.5,0.5,-2.8,중립,음봉,잔구간,0.14,-0.565,2026-07-24
HAWK,0.5,19.38,653942,1218683,12.67,21.56,0.6,1.9,-7.2,매도주의,장대음봉,잔구간,0.07,-1.26,2026-07-24
NWL,0.5,5.08,4236696,7926791,21.52,38.64,0.6,1.6,-0.6,매수관심,망치형,완만한상승,0.56,1.97,2026-07-24
BBNX,0.5,15.85,558670,1164538,8.85,19.63,0.5,1.5,-3.2,매도주의,장대음봉,잔구간,0.19,-1.185,2026-07-24
AMRX,0.5,17.92,1156492,2164298,20.72,34.74,0.6,0.6,-0.9,중립,음봉,잔구간,0.26,-0.495,2026-07-24
AXTX,0.5,5.15,2344407,4751957,12.07,33.37,0.4,-5.5,-17.1,매도주의,장대음봉,잔구간,0.17,-1.2,2026-07-24
AVR,0.5,8.13,503455,933149,4.09,8.04,0.5,1.6,-2.3,중립,음봉,잔구간,0.24,-0.505,2026-07-24
CRNC,0.5,8.445,494267,959155,4.17,7.39,0.6,1.4,-5.4,매도주의,장대음봉,잔구간,0.05,-1.27,2026-07-24
TIC,0.5,7.13,1344937,2653896,9.59,15.91,0.6,1.9,0.4,중립,위꼬리양봉,잔구간,0.17,-0.7,2026-07-24
ARIS,0.5,14.66,644556,1230676,9.45,21.87,0.4,1.6,-1.1,중립,음봉,완만한상승,0.36,0.03,2026-07-24
SGHC,0.5,14.36,1129292,2068953,16.22,37.79,0.4,0.5,-1.4,중립,음봉,잔구간,0.18,-0.54,2026-07-24
RDWU,0.5,4.67,625212,1350633,2.92,6.42,0.5,-3.7,-9.8,매도주의,장대음봉,잔구간,0.03,-1.28,2026-07-24
RGNX,0.5,9.73,974331,1994244,9.48,27.51,0.3,-0.1,-5.0,매도주의,장대음봉,잔구간,0.21,-1.175,2026-07-24
QMCO,0.5,11.1,347625,689115,3.86,8.19,0.5,-1.0,-2.9,중립,음봉,잔구간,0.27,-0.49,2026-07-24
RPC,0.5,8.42,310884,599063,2.62,4.63,0.6,0.8,0.4,강한매수,양봉스프링,완만한상승,0.76,2.71,2026-07-24
RNW,0.5,6.15,488816,955499,3.01,8.56,0.4,0.2,-1.8,매도주의,장대음봉,수횡파,0.14,-1.83,2026-07-24
LASE,0.4,1.08,1689159,3913953,1.82,5.96,0.3,0.9,-3.6,중립,음봉,잔구간,0.33,-0.45,2026-07-24
CPHI,0.4,1.52,3703818,9570822,5.63,92.94,0.1,-3.8,-14.6,매도주의,장대음봉,잔구간,0.03,-1.28,2026-07-24
FUTG,0.4,3.495,346033,836569,1.21,3.49,0.3,-0.3,0.4,매수관심,팽이도지,완만한상승,0.58,1.0,2026-07-24
VSTS,0.4,15.58,588876,1623190,9.17,21.33,0.4,0.4,-0.5,매도주의,위꼬리음봉,잔구간,0.12,-0.98,2026-07-24
XNCR,0.4,19.44,632988,1471933,12.31,20.54,0.6,0.0,-0.5,중립,팽이도지,잔구간,0.52,0.01,2026-07-24
FULC,0.4,3.72,572861,1474096,2.13,5.47,0.4,0.5,-1.6,중립,음봉,잔구간,0.18,-0.54,2026-07-24
AVEX,0.4,14.29,1020787,2832521,14.59,41.03,0.4,0.6,-6.1,매도주의,장대음봉,잔구간,0.07,-1.26,2026-07-24
BITO,0.4,8.7,158756731,441483839,1381.18,3559.64,0.4,-0.7,-0.1,중립,망치형,잔구간,0.73,0.64,2026-07-24
HUMA,0.4,0.625,2566605,6459272,1.6,4.66,0.3,0.9,-3.0,매도주의,장대음봉,전저점부근,0.14,-1.68,2026-07-24
STIM,0.4,1.73,1127010,3018048,1.95,6.09,0.3,0.0,-8.0,매도주의,장대음봉,잔구간,0.0,-1.3,2026-07-24
LCID,0.4,6.3,8258761,19213165,52.03,218.13,0.2,2.2,-4.4,중립,음봉,잔구간,0.33,-0.45,2026-07-24
SIDU,0.4,1.85,2806113,6298749,5.19,13.09,0.4,0.5,-6.6,매도주의,장대음봉,잔구간,0.0,-1.3,2026-07-24
ATAI,0.4,7.18,6965932,18093463,50.02,209.64,0.2,0.0,0.1,중립,양봉,전고점부근,0.66,0.44,2026-07-24
SMWB,0.4,6.29,386036,947397,2.43,8.26,0.3,2.3,1.5,중립,팽이도지,잔구간,0.71,0.125,2026-07-24
ARI,0.4,6.77,3020126,7325164,20.45,67.4,0.3,0.0,0.1,중립,위꼬리양봉,전저점부근,0.33,-0.45,2026-07-24
PSNL,0.4,11.78,2900374,6715602,34.17,99.59,0.3,1.0,-4.5,강한매도,장대음봉,전저점이탈,0.05,-3.29,2026-07-24
REAL,0.4,11.13,1247195,3031830,13.88,32.47,0.4,0.6,-2.7,중립,음봉,잔구간,0.15,-0.56,2026-07-24
CTMX,0.4,3.24,1519807,4224551,4.92,14.22,0.3,0.3,-3.0,매도주의,음봉,전저점이탈,0.22,-1.79,2026-07-24
MAX,0.3,13.13,401844,1382921,5.28,17.4,0.3,1.3,-1.1,중립,음봉,잔구간,0.18,-0.54,2026-07-24
GBTG,0.3,9.41,546405,1588734,5.14,13.49,0.4,0.1,-0.1,매도주의,장대음봉,완만한상승,0.0,-1.7,2026-07-24
ASTN,0.3,7.6,1035945,3217916,7.87,19.08,0.4,-0.6,11.1,강한매수,장대양봉,완만한상승,0.92,3.4,2026-07-24
TETH,0.3,9.3,716901,2167796,6.67,15.02,0.4,-0.5,-0.1,중립,망치형,잔구간,0.76,0.655,2026-07-24
ZYBT,0.1,1.73,1647650,13059513,2.85,148.04,0.0,-3.3,-0.6,중립,팽이도지,잔구간,0.35,-0.09,2026-07-24
