ticker,ratio,latest_close,latest_volume,baseline_volume,dollar_volume_M,avg_dollar_vol_10d_M,dollar_surge_x,signal_gap_%,intraday_chg_%,candle_signal,candle_shape,candle_pos,close_pos,candle_score,latest_date
QNME,4365.2,0.558,328480593,75250,183.39,0.22,843.3,-0.1,92.5,강한매수,양봉,전고점돌파,0.36,2.03,2026-09-18
MRNO,3633.5,0.345,330328432,90913,113.86,0.05,2412.1,2.8,52.5,강한매수,양봉,전고점돌파,0.46,2.15,2026-09-18
IMCC,1915.1,4.23,104981193,54817,444.07,0.22,2020.9,86.2,30.6,중립,위꼬리양봉,전고점돌파,0.22,0.16,2026-09-18
GIPR,1016.1,0.718,299404595,294668,215.06,11.08,19.4,239.0,-51.8,매도주의,장대음봉,전고점돌파,0.04,-1.05,2026-09-18
REFR,947.9,0.651,92095952,97159,59.98,0.04,1381.6,0.1,68.3,강한매수,양봉,전고점돌파,0.5,2.2,2026-09-18
TNMG,672.3,3.87,36542509,54355,141.42,0.36,395.4,61.3,-10.8,중립,음봉,전고점돌파,0.27,0.52,2026-09-18
SSM,454.8,1.51,37045231,81447,55.94,1.05,53.3,65.1,-37.3,매도주의,장대음봉,잔구간,0.03,-1.28,2026-09-18
BTTC,444.1,0.365,48286888,108719,17.62,0.04,393.7,0.3,-3.7,매도주의,위꼬리음봉,잔구간,0.19,-0.935,2026-09-18
NCPL,345.0,0.741,127095062,368432,94.14,4.13,22.8,22.0,7.8,중립,위꼬리양봉,전고점돌파,0.15,0.08,2026-09-18
PAAI,263.6,1.5,46084672,174827,69.13,10.88,6.4,-12.9,-48.5,매도주의,장대음봉,잔구간,0.11,-1.235,2026-09-18
RYDE,155.7,0.721,7790389,50032,5.62,0.24,23.8,4.4,-1.2,매수관심,팽이도지,완만한상승,0.54,0.95,2026-09-18
GLND,129.1,1.2,33201578,257163,39.84,0.72,55.3,0.8,-1.6,중립,음봉,잔구간,0.6,-0.29,2026-09-18
CPOP,127.6,4.11,7251148,56817,29.8,0.73,40.7,26.9,-12.9,중립,음봉,잔구간,0.35,-0.44,2026-09-18
DLXY,102.3,0.86,16493885,161294,14.19,58.76,0.2,-13.2,17.4,강한매수,양봉,완만한상승,0.87,2.04,2026-09-18
OLOX,90.3,1.03,30249007,335144,31.16,0.51,61.1,-3.4,26.6,강한매수,양봉,전고점돌파,0.5,2.2,2026-09-18
ZTG,89.7,1.81,59348153,661715,107.42,17.99,6.0,16.7,29.3,매수관심,양봉,완만한상승,0.43,1.52,2026-09-18
ITOC,83.4,0.32,14126296,169343,4.51,0.13,34.2,2.4,5.3,중립,위꼬리양봉,잔구간,0.19,-0.685,2026-09-18
YCBD,77.0,0.45,4635508,60199,2.09,0.08,26.6,2.2,-11.9,강한매도,음봉,전저점이탈,0.0,-2.05,2026-09-18
NHIC,65.6,8.67,5181093,78949,44.92,9.21,4.9,3.5,-10.4,강한매도,장대음봉,전저점이탈,0.0,-3.35,2026-09-18
AKAN,39.4,3.22,9518443,241335,30.65,10.68,2.9,9.5,0.0,매수관심,팽이도지,완만한상승,0.53,0.94,2026-09-18
FRGT,36.8,0.63,3768101,102260,2.37,0.81,2.9,-5.8,-31.5,강한매도,장대음봉,전저점이탈,0.3,-2.99,2026-09-18
AIFF,31.2,1.26,1736506,55601,2.19,1.53,1.4,-3.5,2.0,중립,팽이도지,잔구간,0.6,0.06,2026-09-18
AEMD,31.2,6.31,2506771,80306,15.82,63.03,0.3,-5.9,-1.1,중립,망치형,잔구간,0.67,0.6,2026-09-18
TUYA,31.0,1.64,7759401,250509,12.73,0.52,24.6,-0.6,-6.3,강한매도,장대음봉,전저점이탈,0.24,-3.06,2026-09-18
MGN,25.7,3.905,4993056,194174,19.5,12.75,1.5,-0.8,5.8,매수관심,양봉,전저점부근,0.55,1.51,2026-09-18
APUS,25.2,1.77,1336323,53097,2.37,0.08,28.1,0.6,5.4,중립,위꼬리양봉,잔구간,0.3,-0.62,2026-09-18
SAGT,24.7,0.588,3682854,149093,2.16,0.09,23.3,-3.0,4.1,중립,양봉,잔구간,0.75,0.5,2026-09-18
BENF,24.7,0.562,63608282,2575848,35.74,15.35,2.3,20.4,-25.8,매도주의,장대음봉,전저점부근,0.07,-1.77,2026-09-18
RLX,22.4,1.68,44773029,1994352,75.22,5.36,14.0,0.0,-2.3,강한매도,장대음봉,전저점이탈,0.17,-3.15,2026-09-18
ITG,18.3,12.65,3940027,215050,49.84,3.04,16.4,0.0,1.8,중립,위꼬리양봉,완만한상승,0.48,-0.12,2026-09-18
ATII,18.2,10.67,1817885,99820,19.4,1.59,12.2,0.0,0.0,매수관심,팽이도지,완만한상승,0.67,1.1,2026-09-18
BIAF,17.9,9.43,10395950,580374,98.03,92.72,1.1,21.8,-11.5,중립,음봉,잔구간,0.06,-0.615,2026-09-18
FTCI,17.7,2.31,2391027,134762,5.52,0.38,14.6,12.7,-3.7,매도주의,위꼬리음봉,잔구간,0.07,-1.01,2026-09-18
TRUG,17.6,0.498,253022609,14376488,126.01,40.56,3.1,34.7,-3.7,매도주의,위꼬리음봉,잔구간,0.13,-0.97,2026-09-18
QVCG,17.0,15.92,3553344,208629,56.57,8.23,6.9,0.9,-1.2,중립,팽이도지,잔구간,0.54,0.025,2026-09-18
SOHU,16.6,12.57,873441,52670,10.98,0.91,12.1,-0.8,-5.6,강한매도,장대음봉,전저점이탈,0.26,-3.04,2026-09-18
SDEV,16.5,1.04,3169602,191790,3.3,0.2,16.9,1.4,21.9,강한매수,장대양봉,전고점돌파,0.68,3.72,2026-09-18
KXIN,16.1,1.45,1639455,101610,2.38,14.86,0.2,-4.6,-13.2,중립,음봉,잔구간,0.42,-0.4,2026-09-18
SECZ,16.0,10.86,21287651,1334425,231.18,18.05,12.8,4.4,16.5,강한매수,장대양봉,전고점돌파,0.88,3.96,2026-09-18
ONMD,15.6,0.7,1743143,111844,1.22,0.13,9.3,15.9,-1.2,강한매수,망치형,전고점돌파,0.67,2.7,2026-09-18
PPHC,15.5,13.11,2938147,189782,38.52,2.09,18.5,0.0,4.1,강한매수,양봉,전고점돌파,0.71,2.45,2026-09-18
FRBT,14.6,17.65,1312568,89716,23.17,1.89,12.3,-0.5,-5.9,강한매도,장대음봉,전저점이탈,0.04,-3.3,2026-09-18
TMS,14.5,8.13,1977015,135905,16.07,0.91,17.7,0.9,8.8,강한매수,장대양봉,전고점돌파,0.89,3.97,2026-09-18
GRML,13.7,2.85,4971610,362309,14.17,1.88,7.5,0.3,-4.7,매도주의,음봉,전저점이탈,0.13,-1.89,2026-09-18
GLOO,13.0,4.88,5673152,436472,27.68,4.8,5.8,2.4,-3.0,매도주의,위꼬리음봉,잔구간,0.24,-0.905,2026-09-18
SHIM,12.5,3.34,845668,67689,2.82,0.31,9.2,0.0,-4.0,중립,음봉,잔구간,0.12,-0.58,2026-09-18
LU,12.3,1.18,6167304,499381,7.28,0.74,9.8,1.7,-1.7,중립,음봉,전저점부근,0.0,-0.55,2026-09-18
MOBI,12.1,10.54,1721003,142438,18.14,1.52,12.0,-0.1,-2.9,매도주의,위꼬리음봉,잔구간,0.03,-1.03,2026-09-18
GYRE,11.9,7.55,1203860,100945,9.09,0.74,12.3,-0.8,6.0,강한매수,장대양봉,전고점돌파,0.98,4.08,2026-09-18
BTCT,11.8,1.29,29417275,2493092,37.95,5.27,7.2,-3.4,15.2,강한매수,장대양봉,완만한상승,0.96,3.45,2026-09-18
MNOV,11.8,3.32,1638805,138628,5.44,3.07,1.8,-7.2,3.7,중립,팽이도지,잔구간,0.67,0.1,2026-09-18
WHWK,11.7,4.2,1972038,168337,8.28,1.22,6.8,0.2,2.7,강한매수,장대양봉,완만한상승,0.65,3.08,2026-09-18
KARD,11.5,16.64,6566538,571744,109.27,9.7,11.3,0.0,-0.3,매수관심,팽이도지,전저점부근,0.69,0.98,2026-09-18
FAC,11.4,6.25,2416862,212143,15.11,1.45,10.4,-0.5,11.2,강한매수,장대양봉,전고점돌파,0.84,3.91,2026-09-18
NKLR,11.3,3.98,4363591,386115,17.37,1.77,9.8,0.0,-5.2,매도주의,장대음봉,전저점부근,0.0,-1.85,2026-09-18
XXI,11.2,5.81,19905291,1774739,115.65,10.48,11.0,1.4,2.8,매수관심,양봉,완만한상승,0.55,1.66,2026-09-18
UROY,11.1,4.56,32420001,2912413,147.84,15.74,9.4,1.6,0.2,중립,팽이도지,완만한상승,0.33,0.7,2026-09-18
SHEN,11.1,11.57,7935047,713043,91.81,8.97,10.2,-1.5,2.4,매수관심,장대양봉,잔구간,0.88,1.23,2026-09-18
FNUC,11.1,1.68,2413582,217122,4.05,0.36,11.2,2.1,15.1,강한매수,양봉,전고점돌파,0.6,2.32,2026-09-18
SUIG,11.0,1.25,3781756,343922,4.73,0.51,9.2,3.1,21.4,강한매수,장대양봉,전고점돌파,0.75,3.8,2026-09-18
SSMR,10.9,17.18,5612237,513180,96.42,7.05,13.7,0.6,3.9,중립,양봉,잔구간,0.74,0.495,2026-09-18
BXDC,10.8,19.33,17411479,1617643,336.56,28.53,11.8,0.4,-1.5,중립,음봉,잔구간,0.05,-0.62,2026-09-18
DSP,10.7,11.88,2599048,243999,30.88,4.73,6.5,15.1,3.0,중립,양봉,잔구간,0.55,0.38,2026-09-18
ALOV,10.6,9.99,537539,50737,5.37,1.02,5.3,0.0,0.0,매수관심,무참고,완만한상승,,0.9,2026-09-18
DAIC,10.4,3.55,4105261,393451,14.57,64.89,0.2,-22.5,-13.6,중립,음봉,잔구간,0.0,-0.65,2026-09-18
VHUB,10.3,0.68,2553124,248974,1.74,0.21,8.2,3.8,-8.0,매도주의,위꼬리음봉,전저점부근,0.04,-1.3,2026-09-18
CSQR,10.2,17.97,13366508,1314363,240.2,21.7,11.1,-0.2,1.4,매수관심,양봉,완만한상승,0.64,1.77,2026-09-18
CBIO,10.0,16.89,3123507,311205,52.76,8.15,6.5,-0.6,1.3,중립,팽이도지,잔구간,0.43,-0.04,2026-09-18
FCBM,9.9,12.69,2053493,206460,26.06,2.19,11.9,-0.2,-2.3,중립,음봉,잔구간,0.0,-0.65,2026-09-18
RSVR,9.7,9.37,816649,84347,7.65,0.82,9.3,-0.7,1.1,매수관심,양봉스프링,잔구간,0.94,1.015,2026-09-18
FRNM,9.4,17.11,6047306,641502,103.47,10.39,10.0,0.4,4.6,강한매수,장대양봉,전고점돌파,0.85,3.92,2026-09-18
BAFN,9.2,9.24,1156472,125950,10.69,1.29,8.3,1.8,0.4,강한매수,양봉스프링,완만한상승,0.76,2.71,2026-09-18
LVWR,9.2,1.63,2288132,249345,3.73,0.61,6.1,4.9,9.4,강한매수,양봉,전고점돌파,0.56,2.27,2026-09-18
HEPS,9.1,2.5,1147921,126345,2.87,1.77,1.6,-0.7,-6.4,강한매도,장대음봉,전저점이탈,0.13,-3.19,2026-09-18
BSCZ,9.0,19.705,1711982,189735,33.73,3.31,10.2,-0.3,-0.1,중립,음봉,잔구간,0.38,-0.42,2026-09-18
XRPN,9.0,10.55,1118328,123580,11.8,1.19,9.9,0.2,0.0,강한매수,양봉스프링,완만한상승,1.0,3.0,2026-09-18
TTD,9.0,13.92,149238264,16671140,2077.4,262.95,7.9,1.2,-3.5,매도주의,장대음봉,잔구간,0.05,-1.27,2026-09-18
STTK,8.9,6.01,7400090,834420,44.47,5.29,8.4,0.2,2.6,중립,양봉,잔구간,0.51,0.355,2026-09-18
NHP,8.7,16.0,3472197,397003,55.56,7.0,7.9,-1.4,0.1,매수관심,양봉스프링,잔구간,0.79,0.925,2026-09-18
OBX,8.6,17.75,3974351,463862,70.54,8.77,8.0,0.6,0.8,매수관심,팽이도지,완만한상승,0.49,0.89,2026-09-18
LFTO,8.6,16.39,6439359,751760,105.54,11.74,9.0,-0.1,-5.8,강한매도,장대음봉,전저점이탈,0.17,-3.15,2026-09-18
TURB,8.6,1.14,2184457,252585,2.49,11.53,0.2,0.0,-14.9,매도주의,장대음봉,잔구간,0.28,-1.13,2026-09-18
XRTX,8.5,1.92,7220462,851438,13.86,1.21,11.4,17.5,-1.5,매도주의,위꼬리음봉,잔구간,0.2,-0.93,2026-09-18
NCI,8.5,13.9,2867747,336069,39.86,6.91,5.8,0.5,4.0,강한매수,양봉,전고점돌파,0.48,2.18,2026-09-18
MASK,8.4,0.929,1338861,159905,1.24,1.34,0.9,0.0,-2.3,중립,음봉,잔구간,0.48,-0.36,2026-09-18
BCBP,8.4,8.72,912369,108894,7.96,3.25,2.4,-2.9,3.3,중립,양봉,잔구간,0.6,0.41,2026-09-18
TUA,8.4,19.28,3522034,419070,67.9,8.79,7.7,-0.6,-0.4,매도주의,음봉,전저점이탈,0.39,-1.58,2026-09-18
PROK,8.3,1.91,9450911,1137717,18.05,2.39,7.5,-0.6,6.7,매수관심,장대양봉,잔구간,0.63,1.08,2026-09-18
FBRT,8.3,7.47,14201045,1702457,106.08,16.47,6.4,-2.0,0.3,중립,팽이도지,전저점이탈,0.52,-0.73,2026-09-18
FEAM,8.2,2.5,3036643,369303,7.59,1.46,5.2,-6.3,29.5,강한매수,장대양봉,전고점돌파,0.98,4.08,2026-09-18
OPI,8.1,17.62,544847,67075,9.6,1.19,8.0,1.7,4.6,강한매수,양봉,전고점돌파,0.92,2.7,2026-09-18
LGVN,8.1,2.49,527170,65016,1.31,0.88,1.5,3.3,-11.1,강한매도,장대음봉,전저점이탈,0.38,-2.89,2026-09-18
GEMI,8.0,5.81,15431913,1930583,89.66,9.32,9.6,3.2,27.1,강한매수,장대양봉,전고점돌파,0.96,4.05,2026-09-18
XBIO,7.9,2.77,415004,52246,1.15,0.7,1.6,1.6,10.8,중립,양봉,잔구간,0.94,0.615,2026-09-18
TRLV,7.9,11.07,12704586,1604762,140.64,21.08,6.7,0.4,-5.4,매도주의,음봉,전저점이탈,0.34,-1.64,2026-09-18
GMRS,7.8,12.53,6034068,776298,75.61,11.49,6.6,0.2,-1.2,중립,망치형,잔구간,0.62,0.57,2026-09-18
TAOX,7.8,4.57,782094,99658,3.57,0.47,7.6,2.0,9.9,강한매수,장대양봉,전고점돌파,0.69,3.73,2026-09-18
IKT,7.6,2.3,3209727,423016,7.38,0.93,8.0,0.4,-0.4,중립,팽이도지,완만한상승,0.31,0.67,2026-09-18
REA,7.5,11.32,529578,70205,5.99,0.91,6.6,-0.4,1.9,매수관심,양봉,완만한상승,0.64,1.77,2026-09-18
UAE,7.5,19.93,859804,114397,17.14,3.03,5.7,-1.4,0.1,중립,팽이도지,잔구간,0.74,0.145,2026-09-18
CV,7.5,6.7,1614377,215806,10.82,1.39,7.8,-1.1,7.0,강한매수,장대양봉,완만한상승,0.9,3.38,2026-09-18
ALTI,7.5,3.23,758551,101310,2.45,0.85,2.9,-0.9,1.9,매수관심,양봉,완만한상승,0.63,1.76,2026-09-18
OCTV,7.4,18.82,19200767,2577793,361.36,48.51,7.4,0.2,1.3,강한매수,양봉스프링,완만한상승,0.78,2.74,2026-09-18
CATX,7.4,2.88,11636161,1582504,33.51,4.26,7.9,0.3,-0.3,매수관심,팽이도지,완만한상승,0.65,1.08,2026-09-18
CAMP,7.4,4.24,1043116,141340,4.42,1.18,3.7,0.0,5.2,강한매수,장대양봉,완만한상승,0.91,3.39,2026-09-18
RAIL,7.3,7.35,1270383,174248,9.34,1.5,6.2,-0.8,0.1,중립,팽이도지,잔구간,0.5,0.0,2026-09-18
BSEM,7.2,4.74,857130,118344,4.06,0.57,7.2,-2.5,11.5,강한매수,양봉,전고점돌파,0.42,2.1,2026-09-18
ENGS,7.1,2.82,5343760,753263,15.07,4.15,3.6,-0.4,6.0,강한매수,장대양봉,완만한상승,0.86,3.33,2026-09-18
TTRX,7.0,14.94,929981,133564,13.89,2.05,6.8,-0.1,8.3,강한매수,양봉,전고점돌파,0.43,2.12,2026-09-18
FISN,7.0,8.47,1535344,218230,13.0,1.64,7.9,0.4,3.9,강한매수,양봉,전고점돌파,0.62,2.34,2026-09-18
EDIT,6.9,2.7,17031531,2478592,45.99,6.26,7.3,0.4,-1.1,매도주의,위꼬리음봉,잔구간,0.14,-0.965,2026-09-18
RBKB,6.9,12.99,855936,123275,11.12,1.73,6.4,-0.2,0.9,매수관심,양봉,완만한상승,0.52,1.62,2026-09-18
MRLN,6.9,1.95,8086275,1175603,15.77,7.63,2.1,0.5,-5.8,매도주의,음봉,전저점이탈,0.5,-1.45,2026-09-18
SI,6.8,18.16,622089,91783,11.3,1.79,6.3,-0.1,2.1,중립,양봉,잔구간,0.52,0.36,2026-09-18
NVA,6.7,6.06,2542817,382077,15.41,2.68,5.7,0.0,-2.3,중립,음봉,잔구간,0.46,-0.375,2026-09-18
ENIC,6.7,4.19,3458002,513026,14.49,2.4,6.0,-0.2,-2.8,강한매도,장대음봉,전저점이탈,0.29,-3.0,2026-09-18
BTGO,6.7,7.56,11923713,1779386,90.14,14.6,6.2,2.7,8.9,강한매수,장대양봉,완만한상승,0.84,3.31,2026-09-18
ISOU,6.6,9.27,1006955,152275,9.33,1.75,5.3,0.7,-11.7,강한매도,장대음봉,전저점이탈,0.0,-3.35,2026-09-18
LTBR,6.6,6.52,4758005,726390,31.02,4.5,6.9,0.1,-4.5,매도주의,장대음봉,잔구간,0.12,-1.23,2026-09-18
MAAS,6.6,16.82,767687,116771,12.91,2.38,5.4,-0.6,4.4,강한매수,장대양봉,완만한상승,0.84,3.31,2026-09-18
AOMR,6.6,7.9,700378,106547,5.53,0.91,6.1,0.2,-2.3,강한매도,장대음봉,전저점이탈,0.0,-3.35,2026-09-18
XZO,6.6,16.56,1724965,261865,28.57,4.32,6.6,-0.3,0.1,중립,팽이도지,잔구간,0.28,-0.13,2026-09-18
KBON,6.5,10.09,409621,62996,4.13,0.82,5.1,-0.0,-0.0,매도주의,음봉,전저점이탈,0.67,-1.25,2026-09-18
SOTK,6.5,4.62,380226,58827,1.76,0.25,7.0,0.4,2.7,강한매수,양봉,완만한상승,0.87,2.04,2026-09-18
YSS,6.4,8.55,21830061,3413857,186.65,26.06,7.2,0.0,-2.4,중립,음봉,잔구간,0.44,-0.385,2026-09-18
TONX,6.4,3.39,1179728,182911,4.0,0.65,6.1,1.0,8.3,강한매수,장대양봉,전고점돌파,0.97,4.06,2026-09-18
CSHR,6.4,5.85,2138719,333644,12.51,1.23,10.2,0.6,12.7,강한매수,장대양봉,전고점돌파,0.96,4.05,2026-09-18
JBGS,6.4,11.23,4978389,779652,55.91,8.98,6.2,-0.7,-1.0,중립,음봉,잔구간,0.19,-0.535,2026-09-18
ARX,6.3,19.66,6768698,1079638,133.07,27.06,4.9,0.1,-0.9,강한매도,장대음봉,전저점이탈,0.22,-3.09,2026-09-18
NUWE,6.3,0.897,1556929,246274,1.4,6.64,0.2,-13.8,-4.6,중립,음봉,잔구간,0.19,-0.535,2026-09-18
NABL,6.3,3.84,18038318,2875923,69.27,10.57,6.6,1.2,-5.7,매도주의,장대음봉,잔구간,0.14,-1.215,2026-09-18
BRR,6.3,3.76,13514905,2145597,50.82,6.41,7.9,3.8,5.3,강한매수,양봉,전고점돌파,0.75,2.5,2026-09-18
AGNC,6.2,9.87,188214674,30270306,1857.68,297.98,6.2,-0.1,-0.3,매도주의,위꼬리음봉,잔구간,0.24,-0.905,2026-09-18
DIBS,6.2,4.04,538089,86478,2.17,0.37,5.9,0.0,-3.1,매도주의,음봉,전저점이탈,0.55,-1.39,2026-09-18
PSKY,6.2,10.21,78995509,12676365,806.54,145.77,5.5,-0.3,-3.5,매도주의,장대음봉,잔구간,0.19,-1.185,2026-09-18
FINV,6.1,3.3,5940746,977388,19.6,3.68,5.3,0.6,-2.9,중립,음봉,잔구간,0.15,-0.56,2026-09-18
IRWD,6.1,4.36,7691287,1251104,33.53,6.37,5.3,-0.7,3.8,강한매수,장대양봉,완만한상승,0.88,3.36,2026-09-18
CHGG,6.1,0.696,2644445,432847,1.84,1.55,1.2,1.3,-7.8,강한매도,장대음봉,전저점이탈,0.04,-3.3,2026-09-18
ALXO,6.0,1.7,5063199,850476,8.61,1.36,6.3,0.0,-2.3,매도주의,음봉,전저점이탈,0.38,-1.59,2026-09-18
AGMH,6.0,0.828,2619741,435819,2.17,1.29,1.7,-5.2,5.2,중립,양봉,잔구간,0.78,0.52,2026-09-18
FATN,6.0,5.73,362054,59894,2.07,0.38,5.5,1.1,0.7,중립,위꼬리양봉,완만한상승,0.23,-0.42,2026-09-18
NPB,6.0,16.45,1137405,190461,18.71,3.69,5.1,-0.7,-0.7,매도주의,음봉,전저점이탈,0.15,-1.87,2026-09-18
ORMP,6.0,4.74,806106,133283,3.82,0.76,5.0,-0.4,1.9,매수관심,양봉,완만한상승,0.68,1.82,2026-09-18
RMBI,6.0,15.79,979964,163401,15.47,2.09,7.4,-0.6,-1.7,중립,음봉,잔구간,0.15,-0.56,2026-09-18
SDOT,5.9,11.24,402821,68539,4.53,1.21,3.7,-1.8,-5.9,중립,음봉,전저점부근,0.04,-0.5,2026-09-18
CNTN,5.9,2.3,3883602,661316,8.93,1.37,6.5,2.4,7.0,중립,양봉,전고점부근,0.68,0.47,2026-09-18
SPRU,5.8,1.91,546041,93987,1.04,0.19,5.6,7.4,9.1,매수관심,장대양봉,잔구간,0.64,1.085,2026-09-18
IHRT,5.8,2.36,2559564,443403,6.04,1.29,4.7,-0.4,-2.5,강한매도,장대음봉,전저점이탈,0.4,-2.87,2026-09-18
NUCL,5.8,6.28,1330886,228204,8.36,1.47,5.7,0.1,1.3,매수관심,양봉스프링,잔구간,0.91,0.995,2026-09-18
TARA,5.7,3.55,3945663,694670,14.01,2.43,5.8,-0.3,-3.8,매도주의,음봉,전저점이탈,0.36,-1.62,2026-09-18
EVGO,5.7,1.52,16034199,2805356,24.37,5.94,4.1,-0.7,4.1,강한매수,양봉,전고점돌파,0.92,2.7,2026-09-18
TLSI,5.6,5.1,606959,107806,3.1,0.53,5.8,0.2,3.9,강한매수,장대양봉,전고점돌파,0.96,4.05,2026-09-18
RTB,5.6,8.02,542457,97331,4.35,1.99,2.2,-2.4,-5.4,중립,음봉,잔구간,0.53,-0.33,2026-09-18
PFLD,5.6,19.39,469181,83182,9.1,1.42,6.4,-0.2,0.0,매도주의,위꼬리양봉,잔구간,0.0,-0.8,2026-09-18
SABS,5.6,3.51,1973521,351547,6.93,1.05,6.6,-0.3,0.6,중립,위꼬리양봉,수횡파,0.27,-0.68,2026-09-18
GMEX,5.5,0.418,4247405,775982,1.78,3.85,0.5,-4.6,6.7,중립,위꼬리양봉,잔구간,0.38,-0.57,2026-09-18
GEVO,5.5,1.57,11947176,2178435,18.76,3.37,5.6,0.0,-1.3,중립,음봉,잔구간,0.4,-0.41,2026-09-18
KPLT,5.5,9.5,1031887,189311,9.8,2.05,4.8,-0.4,3.8,강한매수,장대양봉,전고점부근,1.0,2.15,2026-09-18
REF,5.5,14.63,3346936,609254,48.97,7.33,6.7,-0.7,-3.8,매도주의,장대음봉,잔구간,0.07,-1.26,2026-09-18
DDL,5.5,2.28,1062546,192977,2.42,0.47,5.2,-0.9,3.6,강한매수,장대양봉,전고점돌파,0.7,3.74,2026-09-18
MED,5.5,11.77,398990,72634,4.7,0.95,4.9,-0.2,-1.4,매도주의,음봉,전저점이탈,0.13,-1.89,2026-09-18
BOBS,5.4,14.86,3781432,697941,56.19,9.83,5.7,-1.0,2.3,강한매수,장대양봉,완만한상승,0.85,3.32,2026-09-18
TDUP,5.4,2.48,10118581,1876798,25.09,4.76,5.3,-1.2,3.8,매수관심,장대양봉,잔구간,0.92,1.25,2026-09-18
FBLA,5.4,16.105,465740,86963,7.5,1.55,4.9,-0.4,0.5,강한매수,양봉스프링,완만한상승,0.87,2.84,2026-09-18
RILYZ,5.4,19.62,382161,71420,7.5,1.1,6.8,-0.2,-3.1,강한매도,장대음봉,전저점이탈,0.11,-3.22,2026-09-18
USDE,5.3,10.19,14892262,2824973,151.75,33.33,4.6,23.7,6.8,강한매수,양봉,전고점돌파,0.82,2.58,2026-09-18
SUJA,5.3,8.57,1323786,250043,11.34,3.4,3.3,-1.2,1.2,중립,팽이도지,잔구간,0.64,0.085,2026-09-18
FATE,5.3,2.53,4186790,789741,10.59,3.24,3.3,2.8,-2.3,중립,음봉,완만한상승,0.41,0.09,2026-09-18
PAL,5.3,4.01,1973824,372952,7.92,2.94,2.7,0.2,-4.8,매도주의,장대음봉,잔구간,0.1,-1.24,2026-09-18
AGGH,5.3,19.45,591243,110942,11.5,10.27,1.1,-0.4,0.1,중립,위꼬리양봉,잔구간,0.33,-0.6,2026-09-18
ALVO,5.3,5.87,3535735,671033,20.75,5.44,3.8,1.1,8.7,강한매수,장대양봉,전고점돌파,0.81,3.87,2026-09-18
CDXS,5.2,1.36,2875893,556895,3.91,1.0,3.9,0.0,3.0,매수관심,양봉,완만한상승,0.55,1.66,2026-09-18
GCMG,5.1,13.14,1694431,334951,22.26,4.65,4.8,0.5,1.1,중립,양봉,전고점부근,0.95,0.79,2026-09-18
CCO,5.1,2.38,15437469,3052876,36.74,7.91,4.6,0.0,0.0,매수관심,팽이도지,전저점부근,0.75,1.05,2026-09-18
ETS,5.1,2.6,2042271,400523,5.31,1.19,4.5,0.5,17.6,강한매수,장대양봉,전고점돌파,0.74,3.79,2026-09-18
ABX,5.1,8.77,1830527,356078,16.05,3.45,4.7,-0.1,-3.2,강한매도,장대음봉,전저점이탈,0.25,-3.05,2026-09-18
DEC,5.0,13.73,3463972,699323,47.56,12.15,3.9,0.2,-1.4,강한매도,음봉,전저점이탈,0.0,-2.05,2026-09-18
SLXN,5.0,0.435,27811255,5547710,12.11,6.84,1.8,1.4,13.0,강한매수,장대양봉,완만한상승,0.79,3.25,2026-09-18
HCAI,5.0,0.52,4912651,973126,2.55,1.78,1.4,-13.1,-1.0,중립,팽이도지,전저점부근,0.35,0.57,2026-09-18
ARTV,4.9,8.61,2208401,452997,19.01,3.48,5.5,0.1,1.9,중립,양봉,잔구간,0.6,0.41,2026-09-18
PRTA,4.9,8.58,1830892,375574,15.71,3.1,5.1,-0.6,2.0,중립,양봉,잔구간,0.94,0.615,2026-09-18
SRI,4.9,7.0,486970,99672,3.41,0.79,4.3,-0.1,-2.5,매도주의,음봉,전저점이탈,0.5,-1.45,2026-09-18
DFDV,4.8,6.06,9049949,1901988,54.84,10.92,5.0,5.4,15.0,매수관심,장대양봉,전고점부근,0.68,1.77,2026-09-18
DGXX,4.8,4.09,6691302,1407673,27.37,5.94,4.6,2.1,4.3,강한매수,양봉,전고점돌파,0.94,2.73,2026-09-18
WEST,4.8,7.84,1093549,229300,8.57,1.78,4.8,-0.6,1.4,매수관심,양봉,완만한상승,0.76,1.91,2026-09-18
AVAL,4.8,5.07,397353,82507,2.01,0.53,3.8,-0.4,-2.5,매도주의,음봉,전저점이탈,0.17,-1.85,2026-09-18
RC,4.8,1.66,5288688,1094512,8.78,1.44,6.1,1.2,0.6,매수관심,양봉스프링,잔구간,0.81,0.935,2026-09-18
NFXL,4.8,14.93,4366282,900960,65.19,19.2,3.4,-10.7,1.6,중립,팽이도지,전저점이탈,0.75,-0.45,2026-09-18
DH,4.8,0.96,2566144,532605,2.46,0.63,3.9,-2.9,3.2,중립,양봉,잔구간,0.49,0.345,2026-09-18
SMRT,4.7,1.2,2811678,604277,3.37,0.79,4.2,-1.7,5.3,강한매수,장대양봉,완만한상승,1.0,3.5,2026-09-18
FRMM,4.7,4.66,464015,98155,2.16,0.54,4.0,-1.1,-1.7,중립,망치형,잔구간,0.67,0.6,2026-09-18
CALY,4.7,14.69,7930928,1690409,116.51,26.22,4.4,-0.5,-0.2,중립,팽이도지,전저점부근,0.3,0.51,2026-09-18
TTEC,4.7,1.22,1193706,254435,1.46,0.38,3.8,0.8,0.0,매수관심,팽이도지,완만한상승,0.5,0.9,2026-09-18
AURA,4.7,6.44,3776734,808197,24.32,5.13,4.7,2.1,-4.3,매도주의,장대음봉,전저점부근,0.03,-1.81,2026-09-18
SPIR,4.7,11.4,2355733,497640,26.86,6.03,4.5,0.9,-6.9,매도주의,장대음봉,잔구간,0.22,-1.17,2026-09-18
VISN,4.7,6.57,30856593,6565620,202.73,42.21,4.8,0.9,0.9,중립,양봉,잔구간,0.65,0.44,2026-09-18
EMAT,4.7,4.02,5597089,1199301,22.5,3.95,5.7,-1.2,1.3,매수관심,팽이도지,완만한상승,0.48,0.88,2026-09-18
CLBK,4.7,11.58,17620568,3781738,204.05,45.56,4.5,0.0,0.3,매수관심,팽이도지,완만한상승,0.72,1.16,2026-09-18
ALT,4.6,3.25,12176850,2633871,39.57,10.22,3.9,-0.3,0.6,강한매수,양봉스프링,완만한상승,0.88,2.86,2026-09-18
MOVE,4.6,11.01,1019991,222617,11.23,2.4,4.7,1.4,7.4,매수관심,장대양봉,잔구간,0.81,1.185,2026-09-18
GEL,4.6,14.65,883097,190905,12.94,4.7,2.8,0.1,-3.6,강한매도,장대음봉,전저점이탈,0.23,-3.07,2026-09-18
DC,4.6,6.11,4877234,1058916,29.8,6.01,5.0,0.3,0.2,중립,팽이도지,잔구간,0.63,0.08,2026-09-18
POWW,4.5,2.19,1886292,420892,4.13,0.98,4.2,-0.5,3.3,강한매수,장대양봉,전고점돌파,1.0,4.1,2026-09-18
NERV,4.5,3.66,815431,180228,2.98,0.59,5.0,0.0,5.8,중립,양봉,잔구간,0.62,0.42,2026-09-18
DXC,4.5,10.78,9259098,2070141,99.81,23.9,4.2,-0.3,-5.5,강한매도,장대음봉,전저점이탈,0.07,-3.27,2026-09-18
VRRM,4.5,3.48,33843287,7447583,117.77,23.95,4.9,-1.2,3.3,중립,양봉,잔구간,0.89,0.585,2026-09-18
OVID,4.5,2.69,5899316,1301831,15.87,3.53,4.5,-0.7,0.4,중립,팽이도지,잔구간,0.6,0.06,2026-09-18
CLNE,4.5,1.69,8723615,1949225,14.74,2.8,5.3,0.0,-2.9,중립,음봉,잔구간,0.1,-0.59,2026-09-18
AIAI,4.5,3.54,1489645,334356,5.27,1.61,3.3,0.6,7.3,매수관심,양봉,완만한상승,0.4,1.48,2026-09-18
AADX,4.5,12.76,8212893,1841123,104.8,24.24,4.3,0.4,0.1,매수관심,팽이도지,완만한상승,0.53,0.94,2026-09-18
CCOI,4.4,9.01,8983487,2046691,80.94,18.4,4.4,-0.2,-2.0,중립,음봉,수횡파,0.65,0.08,2026-09-18
MEDS,4.4,3.76,15852025,3628789,59.6,128.53,0.5,28.7,-37.0,매도주의,장대음봉,잔구간,0.11,-1.235,2026-09-18
OPTU,4.4,1.08,6811384,1548398,7.36,1.72,4.3,0.0,3.8,강한매수,양봉,전고점돌파,0.88,2.66,2026-09-18
CURV,4.4,2.3,872821,197794,2.01,1.77,1.1,-0.4,-0.4,중립,팽이도지,잔구간,0.4,-0.06,2026-09-18
QMLS,4.4,7.3,1622717,371675,11.85,1.83,6.5,-0.8,21.3,매수관심,장대양봉,잔구간,0.76,1.155,2026-09-18
NFLU,4.4,15.66,428369,97175,6.71,2.33,2.9,-10.5,1.0,매수관심,양봉스프링,전저점이탈,0.76,1.06,2026-09-18
SMST,4.4,13.84,3818616,858157,52.85,22.27,2.4,-5.4,-28.7,강한매도,장대음봉,전저점이탈,0.01,-3.34,2026-09-18
AMCX,4.4,11.52,2320099,528437,26.73,6.81,3.9,1.1,-3.2,매도주의,장대음봉,잔구간,0.38,-1.07,2026-09-18
WLTH,4.4,10.1,16621931,3764070,167.88,40.33,4.2,0.0,0.0,중립,팽이도지,완만한상승,0.32,0.68,2026-09-18
SEVN,4.4,7.34,690572,156732,5.07,1.1,4.6,-0.5,-0.3,중립,팽이도지,잔구간,0.57,0.04,2026-09-18
KELYA,4.3,16.14,893459,210039,14.42,3.68,3.9,0.0,-0.5,중립,망치형,잔구간,0.78,0.67,2026-09-18
TRVG,4.3,6.55,574033,134197,3.76,1.44,2.6,0.0,-2.1,중립,망치형,잔구간,0.8,0.68,2026-09-18
GNL,4.3,8.77,8342370,1920005,73.16,16.34,4.5,-0.4,-0.9,강한매도,장대음봉,전저점이탈,0.0,-3.35,2026-09-18
LILA,4.3,8.41,1195938,276771,10.06,2.67,3.8,-0.6,-0.8,매도주의,음봉,전저점이탈,0.55,-1.39,2026-09-18
REFI,4.3,10.98,1034060,237864,11.35,2.2,5.2,-0.4,-1.1,중립,음봉,잔구간,0.15,-0.56,2026-09-18
MNTN,4.3,11.29,2418187,559789,27.3,7.64,3.6,0.3,-0.6,매수관심,팽이도지,전저점부근,0.55,0.81,2026-09-18
EMBC,4.3,5.29,3516915,813488,18.6,5.51,3.4,-1.2,3.1,강한매수,장대양봉,완만한상승,0.95,3.44,2026-09-18
NMAX,4.2,10.32,5118354,1217735,52.82,13.19,4.0,0.0,0.6,중립,팽이도지,완만한상승,0.41,0.79,2026-09-18
NWBI,4.2,15.46,3911874,924601,60.48,15.13,4.0,-0.1,0.7,매수관심,양봉,완만한상승,0.77,1.92,2026-09-18
BNTC,4.2,11.02,422989,100485,4.66,1.25,3.7,0.1,-3.1,중립,음봉,잔구간,0.21,-0.525,2026-09-18
NEWP,4.2,6.0,3549131,843415,21.29,4.76,4.5,1.9,0.0,중립,팽이도지,잔구간,0.54,0.025,2026-09-18
NGL,4.2,16.05,404177,96549,6.49,2.74,2.4,-1.0,-2.0,매도주의,음봉,전저점이탈,0.15,-1.87,2026-09-18
AMTX,4.2,2.16,2674735,644320,5.78,1.34,4.3,1.1,13.7,강한매수,장대양봉,전고점돌파,0.87,3.94,2026-09-18
KODK,4.2,9.55,2707567,646521,25.86,6.08,4.3,0.5,-2.5,매도주의,장대음봉,잔구간,0.21,-1.175,2026-09-18
CNXU,4.2,4.96,608442,145829,3.02,0.95,3.2,1.1,-7.5,매도주의,장대음봉,잔구간,0.02,-1.29,2026-09-18
AXG,4.2,1.87,1256575,299417,2.35,0.56,4.2,2.8,-8.1,강한매도,장대음봉,전저점이탈,0.08,-3.25,2026-09-18
KLXE,4.2,1.52,2063187,488575,3.14,1.08,2.9,0.3,0.7,매수관심,팽이도지,완만한상승,0.42,0.8,2026-09-18
VANI,4.2,1.19,904583,214246,1.08,0.36,3.0,0.8,-2.5,매도주의,음봉,전저점이탈,0.34,-1.64,2026-09-18
RCAT,4.2,6.75,25644381,6152701,173.1,59.86,2.9,1.2,-6.0,강한매도,장대음봉,전저점이탈,0.09,-3.24,2026-09-18
CFFN,4.1,8.9,3166803,763280,28.18,7.16,3.9,0.0,0.8,강한매수,양봉,완만한상승,0.9,2.08,2026-09-18
BRCC,4.1,9.36,390950,95803,3.66,0.77,4.7,-1.0,-4.4,매도주의,장대음봉,잔구간,0.08,-1.25,2026-09-18
CEPL,4.1,6.69,2079746,501285,13.91,2.78,5.0,0.6,4.7,강한매수,양봉,전고점돌파,0.93,2.72,2026-09-18
ACH,4.1,0.89,3882440,951366,3.45,0.94,3.7,1.0,-14.5,강한매도,장대음봉,전저점이탈,0.0,-3.35,2026-09-18
EQPT,4.1,18.03,10917332,2638572,196.84,44.14,4.5,-0.1,-1.7,중립,음봉,잔구간,0.46,-0.375,2026-09-18
BIRD,4.1,2.3,741100,178631,1.7,0.51,3.3,-1.6,-4.2,매도주의,음봉,전저점이탈,0.3,-1.69,2026-09-18
TRX,4.1,1.29,15634558,3849152,20.17,3.93,5.1,0.8,1.6,매수관심,팽이도지,완만한상승,0.64,1.07,2026-09-18
VGZ,4.1,2.26,4934248,1205365,11.15,2.54,4.4,0.4,0.0,중립,팽이도지,완만한상승,0.41,0.79,2026-09-18
ADMA,4.1,9.11,11401495,2798783,103.87,21.79,4.8,-0.3,2.1,중립,양봉,잔구간,0.94,0.615,2026-09-18
SIND,4.1,15.19,589169,143241,8.95,2.49,3.6,2.1,-0.1,중립,팽이도지,잔구간,0.55,0.03,2026-09-18
PXS,4.1,7.36,317380,77078,2.34,0.95,2.5,-1.6,1.9,중립,위꼬리양봉,완만한상승,0.15,-0.52,2026-09-18
MPLT,4.1,10.92,1832887,446329,20.02,6.66,3.0,-1.0,-2.6,매도주의,음봉,전저점이탈,0.59,-1.34,2026-09-18
DEFT,4.1,0.505,6955402,1702043,3.51,1.26,2.8,3.6,1.0,중립,위꼬리양봉,잔구간,0.07,-0.76,2026-09-18
MEC,4.0,17.2,1770361,439610,30.45,7.21,4.2,0.2,-1.6,매도주의,위꼬리음봉,잔구간,0.22,-0.92,2026-09-18
AMBR,4.0,1.97,1074055,267709,2.12,0.38,5.6,-3.4,38.7,강한매수,장대양봉,전고점돌파,0.95,4.04,2026-09-18
ALTO,4.0,4.0,3176692,800421,12.71,3.94,3.2,0.0,-0.5,강한매수,망치형,수횡파,0.75,2.9,2026-09-18
BHR,4.0,1.79,1092022,274949,1.95,0.74,2.6,0.0,1.1,강한매수,양봉스프링,완만한상승,1.0,3.0,2026-09-18
BLW,4.0,11.97,441020,110609,5.28,1.77,3.0,0.2,-1.7,강한매도,장대음봉,전저점이탈,0.12,-3.21,2026-09-18
LILAK,4.0,8.4,3972038,1001168,33.37,8.97,3.7,-0.7,-1.3,매도주의,음봉,전저점이탈,0.4,-1.57,2026-09-18
KRMD,4.0,3.23,677659,169093,2.19,0.6,3.7,-1.2,1.6,강한매수,양봉스프링,완만한상승,0.92,2.9,2026-09-18
GALT,4.0,3.89,1065896,264557,4.15,1.31,3.2,0.0,4.9,매수관심,장대양봉,잔구간,0.88,1.23,2026-09-18
ARKO,4.0,4.22,3132260,776005,13.22,4.01,3.3,-0.7,-2.1,강한매도,장대음봉,전저점이탈,0.07,-3.27,2026-09-18
NRGV,4.0,4.49,13961791,3497441,62.69,15.48,4.0,2.4,3.7,강한매수,양봉,전고점돌파,0.87,2.64,2026-09-18
HELP,4.0,12.37,5666926,1405629,70.1,20.07,3.5,8.1,-18.3,매도주의,장대음봉,수횡파,0.09,-1.89,2026-09-18
NMRK,4.0,13.94,6176010,1547982,86.09,24.67,3.5,-1.1,1.9,매수관심,장대양봉,잔구간,1.0,1.3,2026-09-18
DDD,4.0,3.63,6755283,1674868,24.52,6.22,3.9,1.1,1.4,매수관심,양봉,완만한상승,0.62,1.74,2026-09-18
CAN,4.0,0.373,39908056,9856168,14.88,5.45,2.7,4.9,11.3,강한매수,장대양봉,전고점돌파,0.67,3.7,2026-09-18
BALY,4.0,10.41,383833,96816,4.0,1.05,3.8,1.7,-1.4,중립,팽이도지,완만한상승,0.34,0.71,2026-09-18
LX,3.9,0.748,7545299,1910606,5.64,2.45,2.3,-0.8,-7.6,강한매도,장대음봉,전저점이탈,0.18,-3.13,2026-09-18
AMC,3.9,2.7,67607259,17536151,182.54,65.23,2.8,1.5,-1.8,중립,음봉,잔구간,0.42,-0.4,2026-09-18
CARS,3.9,11.14,1769905,448575,19.72,5.54,3.6,0.0,-1.9,매도주의,장대음봉,잔구간,0.21,-1.175,2026-09-18
MPAA,3.9,10.64,333467,85589,3.55,1.08,3.3,-0.7,1.3,중립,양봉,잔구간,0.88,0.58,2026-09-18
ZVIA,3.9,1.42,1324390,343642,1.88,0.53,3.5,0.7,1.4,중립,위꼬리양봉,전고점돌파,0.37,0.34,2026-09-18
OWLT,3.9,4.74,546120,140314,2.59,0.93,2.8,-0.2,4.6,강한매수,장대양봉,완만한상승,0.87,3.34,2026-09-18
ONL,3.9,2.44,639889,164177,1.56,0.45,3.5,-0.4,0.8,매수관심,양봉스프링,잔구간,0.8,0.93,2026-09-18
WU,3.9,6.18,26710259,6804488,165.07,48.67,3.4,-0.5,-4.9,강한매도,장대음봉,전저점이탈,0.04,-3.3,2026-09-18
FRST,3.9,15.91,512574,132691,8.16,2.25,3.6,-0.6,1.1,강한매수,양봉,완만한상승,0.84,2.01,2026-09-18
AMRX,3.9,18.71,6619091,1695184,123.84,37.32,3.3,-0.9,3.3,강한매수,장대양봉,완만한상승,0.87,3.34,2026-09-18
CRVS,3.8,12.56,4460676,1176187,56.03,14.56,3.8,-0.2,0.2,매수관심,양봉스프링,잔구간,0.86,0.965,2026-09-18
TASK,3.8,8.12,1431397,375486,11.62,3.06,3.8,-0.5,0.2,매수관심,양봉스프링,잔구간,0.89,0.985,2026-09-18
MCHB,3.8,15.4,1500455,396854,23.11,7.1,3.3,-0.7,0.5,매수관심,양봉,수횡파,0.74,1.59,2026-09-18
URG,3.8,1.19,20436073,5433352,24.32,6.83,3.6,0.8,-3.3,중립,음봉,전저점부근,0.29,-0.2,2026-09-18
SONO,3.8,15.53,6845061,1814741,106.3,26.92,3.9,-2.4,-1.0,중립,음봉,잔구간,0.49,-0.355,2026-09-18
ADNT,3.8,17.68,3268305,859777,57.78,14.83,3.9,-2.7,-1.6,매도주의,음봉,전저점이탈,0.28,-1.71,2026-09-18
BKKT,3.8,8.61,3807051,995192,32.78,8.52,3.8,3.5,11.5,강한매수,장대양봉,완만한상승,0.98,3.48,2026-09-18
KLRA,3.7,12.83,3164418,843943,40.6,11.69,3.5,0.5,-1.2,중립,팽이도지,잔구간,0.54,0.025,2026-09-18
BLND,3.7,1.19,6303335,1705450,7.5,2.46,3.1,-0.8,-7.8,강한매도,장대음봉,전저점이탈,0.08,-3.25,2026-09-18
AIRO,3.7,7.0,1200329,326314,8.4,2.96,2.8,-0.3,-4.9,매도주의,장대음봉,잔구간,0.15,-1.21,2026-09-18
SKYA,3.7,1.695,1064360,284563,1.8,0.51,3.6,0.0,23.7,강한매수,장대양봉,전고점돌파,0.91,3.99,2026-09-18
COPR,3.7,3.22,386853,104209,1.25,0.42,3.0,1.2,-3.6,중립,음봉,전저점부근,0.0,-0.55,2026-09-18
JYNT,3.7,8.44,382348,102012,3.23,0.76,4.2,0.9,-0.8,중립,팽이도지,완만한상승,0.28,0.64,2026-09-18
FBYD,3.7,6.96,585407,156963,4.07,1.09,3.7,-0.4,1.8,중립,위꼬리양봉,완만한상승,0.19,-0.47,2026-09-18
BSOL,3.7,15.73,8919991,2435575,140.31,39.99,3.5,5.3,7.7,강한매수,장대양봉,전고점돌파,0.97,4.06,2026-09-18
GRPN,3.7,19.08,3244011,882919,61.9,18.28,3.4,-1.0,2.4,강한매수,양봉,완만한상승,0.99,2.19,2026-09-18
BXMT,3.7,13.27,7971904,2166924,105.79,26.49,4.0,-0.3,-1.4,중립,음봉,잔구간,0.0,-0.65,2026-09-18
PSEC,3.7,2.18,10631462,2876573,23.18,7.54,3.1,0.0,-2.7,매도주의,장대음봉,잔구간,0.0,-1.3,2026-09-18
MDXG,3.7,4.77,3904801,1045343,18.63,4.76,3.9,-0.9,2.6,강한매수,장대양봉,완만한상승,0.86,3.33,2026-09-18
ANTX,3.7,5.05,670954,180645,3.39,1.03,3.3,-0.2,3.3,중립,양봉,잔구간,0.71,0.475,2026-09-18
IQMX,3.7,9.54,1326815,363219,12.66,3.1,4.1,3.5,4.3,중립,양봉,잔구간,0.65,0.44,2026-09-18
CHCT,3.7,14.17,963251,257385,13.65,3.89,3.5,-0.3,-1.5,강한매도,장대음봉,전저점이탈,0.22,-3.09,2026-09-18
SND,3.7,5.38,729045,194756,3.92,1.09,3.6,0.0,1.9,매수관심,양봉,완만한상승,0.78,1.94,2026-09-18
WNTR,3.7,15.8,454044,122121,7.17,2.57,2.8,-2.1,-11.1,강한매도,장대음봉,전저점이탈,0.0,-3.35,2026-09-18
RNGR,3.6,16.26,406312,112148,6.61,2.04,3.2,-0.7,-0.9,중립,음봉,잔구간,0.44,-0.385,2026-09-18
FULC,3.6,3.76,3656213,1006658,13.75,4.24,3.2,0.0,-0.3,매도주의,위꼬리음봉,잔구간,0.1,-0.99,2026-09-18
CPRI,3.6,14.75,22300571,6182899,328.93,77.55,4.2,0.1,-1.5,중립,음봉,잔구간,0.22,-0.52,2026-09-18
TRC,3.6,16.16,441742,122335,7.14,2.22,3.2,-0.1,1.1,강한매수,양봉,완만한상승,1.0,2.2,2026-09-18
SSP,3.6,3.02,2161654,598393,6.53,1.94,3.4,-1.0,-0.3,중립,팽이도지,전저점이탈,0.57,-0.67,2026-09-18
CTNM,3.6,13.53,2139450,594247,28.95,6.5,4.5,0.2,2.3,중립,양봉,잔구간,0.52,0.36,2026-09-18
SNDX,3.6,17.62,5181953,1437456,91.31,29.77,3.1,-0.2,-0.1,중립,팽이도지,잔구간,0.43,-0.04,2026-09-18
SEER,3.6,1.86,563370,156901,1.05,0.27,3.8,-0.5,-2.6,강한매도,장대음봉,전저점이탈,0.29,-3.0,2026-09-18
ABTC,3.6,10.1,4948163,1378241,49.98,15.85,3.2,3.8,10.2,강한매수,장대양봉,전고점돌파,0.82,3.88,2026-09-18
SITC,3.6,2.95,2957939,830903,8.73,2.28,3.8,-0.7,1.4,강한매수,양봉,전고점돌파,0.86,2.63,2026-09-18
PTRN,3.6,19.57,5334850,1491027,104.4,26.08,4.0,0.0,0.7,중립,위꼬리양봉,완만한상승,0.29,-0.35,2026-09-18
INFU,3.6,12.85,506202,141730,6.5,1.53,4.3,-0.4,3.4,강한매수,양봉,전고점돌파,0.67,2.4,2026-09-18
VIR,3.6,10.6,7017421,1966619,74.38,20.85,3.6,0.0,-2.9,중립,음봉,잔구간,0.29,-0.475,2026-09-18
EVTL,3.5,0.633,16985189,4847116,10.75,2.64,4.1,1.0,3.7,매수관심,양봉,완만한상승,0.5,1.6,2026-09-18
BNL,3.5,19.2,5424511,1544078,104.15,34.16,3.0,-0.3,0.2,강한매수,양봉스프링,전저점부근,0.76,3.56,2026-09-18
SLDB,3.5,8.91,4090597,1153694,36.45,9.56,3.8,0.0,0.5,강한매수,양봉스프링,완만한상승,0.82,2.78,2026-09-18
CLDT,3.5,12.98,662539,190408,8.6,3.16,2.7,-0.4,1.8,강한매수,장대양봉,완만한상승,1.0,3.5,2026-09-18
SJT,3.5,3.01,830020,233846,2.5,0.6,4.2,0.7,-0.7,중립,망치형,잔구간,0.71,0.625,2026-09-18
FWDI,3.5,7.7,6599831,1864519,50.82,12.75,4.0,7.7,15.3,강한매수,장대양봉,전고점돌파,1.0,4.1,2026-09-18
TKNO,3.5,7.79,502369,144346,3.91,1.16,3.4,-0.8,5.4,강한매수,양봉,전고점돌파,0.81,2.57,2026-09-18
GOGO,3.5,2.43,4209268,1219139,10.23,4.06,2.5,-1.6,-2.0,매도주의,음봉,전저점이탈,0.38,-1.59,2026-09-18
SHC,3.5,18.73,6379983,1802133,119.5,35.71,3.3,-0.1,-1.1,매도주의,장대음봉,잔구간,0.2,-1.18,2026-09-18
RLAY,3.5,18.84,10076060,2871774,189.83,63.23,3.0,0.3,-2.1,중립,음봉,잔구간,0.22,-0.52,2026-09-18
USDEW,3.5,2.92,389577,111394,1.14,0.31,3.7,13.6,16.8,강한매수,양봉,전고점돌파,0.65,2.38,2026-09-18
FRMI,3.5,4.98,47458256,13625758,236.34,81.22,2.9,2.0,-1.4,중립,음봉,완만한상승,0.56,0.27,2026-09-18
ESRT,3.5,3.93,15227490,4404673,59.84,19.15,3.1,-1.2,-4.4,강한매도,장대음봉,전저점이탈,0.0,-3.35,2026-09-18
PNNT,3.5,3.4,1432694,405205,4.87,1.78,2.7,-1.1,-4.0,강한매도,장대음봉,전저점이탈,0.0,-3.35,2026-09-18
III,3.5,5.19,573956,162308,2.98,0.94,3.2,-0.4,-1.3,중립,음봉,잔구간,0.06,-0.615,2026-09-18
IMMX,3.5,12.5,4183929,1188087,52.3,15.64,3.3,-0.3,-1.4,중립,음봉,잔구간,0.32,-0.46,2026-09-18
THM,3.5,2.6,2995129,851300,7.79,1.58,4.9,1.2,5.7,강한매수,장대양봉,전고점돌파,0.9,3.98,2026-09-18
SFD,3.5,19.82,6806014,1972488,134.9,43.46,3.1,-0.9,1.0,중립,양봉,잔구간,0.6,0.41,2026-09-18
TV,3.4,2.35,6238547,1826229,14.66,4.41,3.3,-1.3,1.7,중립,위꼬리양봉,잔구간,0.32,-0.61,2026-09-18
GENI,3.4,5.64,17544862,5116385,98.95,33.96,2.9,-0.6,-12.4,강한매도,장대음봉,전저점이탈,0.13,-3.19,2026-09-18
OSPN,3.4,17.51,2170762,641311,38.01,8.08,4.7,0.1,-2.5,매도주의,장대음봉,잔구간,0.18,-1.19,2026-09-18
TG,3.4,6.88,539846,160312,3.71,1.07,3.5,-0.1,0.9,중립,양봉,잔구간,0.88,0.58,2026-09-18
HOPE,3.4,13.96,2567019,747839,35.84,10.18,3.5,-0.2,0.4,강한매수,양봉스프링,완만한상승,0.77,2.72,2026-09-18
NCDL,3.4,12.06,698418,207632,8.42,2.27,3.7,-0.6,-1.2,매도주의,장대음봉,잔구간,0.17,-1.2,2026-09-18
PESI,3.4,17.45,860157,254763,15.01,4.4,3.4,0.3,-2.7,매도주의,음봉,전저점이탈,0.16,-1.86,2026-09-18
PGEN,3.4,7.78,9578263,2832105,74.52,27.83,2.7,1.4,-2.5,중립,음봉,잔구간,0.25,-0.5,2026-09-18
REZI,3.4,18.37,7036090,2057698,129.25,39.25,3.3,-0.9,0.1,매도주의,팽이도지,전저점이탈,0.42,-0.85,2026-09-18
SOLZ,3.4,11.4,3592792,1067873,40.96,12.17,3.4,5.1,8.0,강한매수,장대양봉,전고점돌파,0.99,4.09,2026-09-18
PRGO,3.4,13.56,6878268,2044378,93.27,31.09,3.0,-0.2,0.8,매수관심,양봉스프링,잔구간,0.79,0.925,2026-09-18
STUB,3.4,5.92,17829883,5172280,105.55,35.31,3.0,7.7,-7.5,매도주의,장대음봉,잔구간,0.02,-1.29,2026-09-18
EAF,3.4,8.22,1505358,448556,12.37,4.69,2.6,0.8,2.0,강한매수,양봉스프링,완만한상승,0.97,2.96,2026-09-18
EU,3.4,0.896,29936736,8863330,26.83,8.95,3.0,0.9,-8.6,중립,음봉,잔구간,0.56,-0.315,2026-09-18
MDU,3.4,18.56,5721878,1677737,106.2,36.9,2.9,-0.5,-0.4,중립,음봉,잔구간,0.19,-0.535,2026-09-18
AMTM,3.4,19.6,4418013,1307542,86.59,30.82,2.8,0.4,-3.3,매도주의,장대음봉,잔구간,0.12,-1.23,2026-09-18
SENS,3.4,9.58,1723692,509989,16.51,5.55,3.0,0.0,1.6,매수관심,양봉,완만한상승,0.8,1.96,2026-09-18
SBC,3.4,4.75,558937,166591,2.65,0.8,3.3,1.9,-0.6,중립,팽이도지,완만한상승,0.28,0.64,2026-09-18
HRTX,3.4,0.31,3953162,1149803,1.22,0.43,2.8,0.2,-2.1,매도주의,장대음봉,잔구간,0.23,-1.16,2026-09-18
KREF,3.4,6.79,1931322,576347,13.11,3.79,3.5,-0.4,0.0,강한매수,양봉스프링,전저점부근,0.79,3.6,2026-09-18
NN,3.4,14.22,6203174,1837781,88.21,34.4,2.6,-0.9,-3.8,매도주의,음봉,전저점이탈,0.43,-1.53,2026-09-18
VITL,3.4,11.99,4476614,1303371,53.67,14.39,3.7,-2.7,5.4,강한매수,장대양봉,전고점돌파,0.98,4.08,2026-09-18
AIB,3.3,1.46,2135084,650550,3.12,1.34,2.3,0.7,3.5,매수관심,양봉,완만한상승,0.78,1.94,2026-09-18
HAWK,3.3,16.27,3631708,1105138,59.09,23.59,2.5,-0.2,-5.7,매도주의,장대음봉,잔구간,0.17,-1.2,2026-09-18
RXRX,3.3,3.83,44325595,13347610,169.77,55.33,3.1,0.0,8.2,강한매수,장대양봉,전고점돌파,1.0,4.1,2026-09-18
GOTU,3.3,2.16,1103839,329817,2.38,0.83,2.9,-1.6,2.6,매수관심,양봉,완만한상승,0.48,1.58,2026-09-18
KRNY,3.3,9.56,1271839,383086,12.16,4.17,2.9,-0.7,-0.2,중립,망치형,잔구간,0.67,0.6,2026-09-18
XHR,3.3,17.72,2836631,859277,50.27,13.73,3.7,-0.5,0.9,강한매수,양봉,완만한상승,1.0,2.2,2026-09-18
KRRO,3.3,10.02,763397,231389,7.65,2.48,3.1,-0.8,-14.4,강한매도,장대음봉,전저점이탈,0.21,-3.1,2026-09-18
CMPX,3.3,1.9,8210036,2477988,15.6,5.58,2.8,0.5,2.2,중립,양봉,잔구간,1.0,0.65,2026-09-18
RNA,3.3,8.95,1036990,315508,9.28,5.27,1.8,0.1,-6.5,강한매도,장대음봉,전저점이탈,0.29,-3.0,2026-09-18
MAKO,3.3,10.54,714860,214765,7.53,1.8,4.2,1.0,-0.6,강한매수,망치형,완만한상승,0.78,2.24,2026-09-18
QNST,3.3,17.55,2225571,677505,39.06,14.08,2.8,1.2,-1.8,매도주의,장대음봉,잔구간,0.38,-1.07,2026-09-18
LITS,3.3,1.13,1044428,318741,1.18,0.61,1.9,2.9,5.6,강한매수,양봉,완만한상승,0.83,2.0,2026-09-18
JELD,3.3,1.76,2638689,803376,4.64,2.42,1.9,-1.1,-5.9,강한매도,장대음봉,전저점이탈,0.29,-3.0,2026-09-18
IQ,3.3,1.01,20041213,6091374,20.24,10.73,1.9,1.8,-9.8,매도주의,장대음봉,잔구간,0.08,-1.25,2026-09-18
PRCH,3.3,15.9,3255289,1000700,51.76,21.78,2.4,0.0,-0.5,중립,망치형,잔구간,0.68,0.61,2026-09-18
MBI,3.2,4.39,1198579,380437,5.26,1.87,2.8,-0.4,-2.4,강한매도,장대음봉,전저점이탈,0.08,-3.25,2026-09-18
GTM,3.2,3.82,15102408,4695603,57.69,19.23,3.0,1.0,-5.9,매도주의,장대음봉,잔구간,0.07,-1.26,2026-09-18
CTGO,3.2,18.73,1351652,424377,25.32,6.82,3.7,0.7,-2.9,매도주의,장대음봉,잔구간,0.12,-1.23,2026-09-18
JMKE,3.2,19.58,8190923,2562194,160.38,69.38,2.3,-0.2,-2.5,매도주의,음봉,전저점이탈,0.13,-1.89,2026-09-18
ILPT,3.2,7.71,704921,223324,5.43,2.15,2.5,-0.8,0.3,매수관심,양봉스프링,잔구간,1.0,1.05,2026-09-18
UPXI,3.2,1.19,12536020,3945062,14.92,4.32,3.5,4.3,8.2,강한매수,양봉,전고점돌파,0.71,2.45,2026-09-18
ADAM,3.2,8.91,3243116,1011455,28.9,8.03,3.6,-0.6,-0.4,중립,팽이도지,전저점부근,0.29,0.5,2026-09-18
KD,3.2,12.07,9616744,2999304,116.07,41.9,2.8,0.2,-6.9,강한매도,장대음봉,전저점이탈,0.04,-3.3,2026-09-18
EVMN,3.2,9.65,1493969,462903,14.42,9.9,1.5,0.2,2.8,중립,양봉,잔구간,0.82,0.54,2026-09-18
AVTX,3.2,16.57,3233381,1008259,53.58,17.79,3.0,-0.2,-0.5,중립,팽이도지,잔구간,0.39,-0.065,2026-09-18
WEN,3.2,6.74,16165754,5110076,108.96,42.1,2.6,0.3,-3.9,강한매도,장대음봉,전저점이탈,0.32,-2.97,2026-09-18
HAYW,3.2,12.99,10137798,3200306,131.69,36.63,3.6,-1.0,1.8,매수관심,장대양봉,잔구간,0.73,1.14,2026-09-18
SATL,3.2,5.11,13997032,4325811,71.52,22.24,3.2,-0.5,-6.8,매도주의,장대음봉,잔구간,0.22,-1.17,2026-09-18
JRVR,3.2,3.69,840849,264940,3.1,1.03,3.0,0.0,-2.6,강한매도,장대음봉,전저점이탈,0.35,-2.93,2026-09-18
HMY,3.1,19.92,10351403,3312044,206.2,67.6,3.1,-0.5,0.2,매수관심,양봉스프링,잔구간,0.94,1.015,2026-09-18
AIXI,3.1,2.09,545856,174476,1.14,1.15,1.0,8.4,-7.9,중립,음봉,잔구간,0.1,-0.59,2026-09-18
HLN,3.1,9.28,45166448,14619953,419.14,164.61,2.5,-1.7,0.9,매수관심,장대양봉,잔구간,0.64,1.085,2026-09-18
LXRX,3.1,2.05,7458743,2372130,15.29,4.5,3.4,0.2,0.5,강한매수,양봉스프링,완만한상승,0.86,2.83,2026-09-18
CYH,3.1,2.87,2936272,957636,8.43,2.98,2.8,0.7,-2.4,매도주의,장대음봉,잔구간,0.36,-1.085,2026-09-18
ARRY,3.1,4.06,17306887,5592842,70.27,23.66,3.0,-3.9,-0.4,중립,팽이도지,전저점이탈,0.66,-0.56,2026-09-18
EPSN,3.1,6.08,428143,137014,2.6,0.82,3.2,0.0,2.4,강한매수,양봉,완만한상승,0.84,2.01,2026-09-18
TBI,3.1,8.94,820141,266531,7.33,2.82,2.6,0.1,-1.4,강한매수,망치형,수횡파,0.71,2.85,2026-09-18
AVAT,3.1,1.08,2200506,714179,2.38,0.78,3.0,-2.4,25.6,강한매수,장대양봉,완만한상승,0.85,3.32,2026-09-18
CRGY,3.1,13.9,20484468,6573071,284.73,94.39,3.0,-0.6,-0.9,매도주의,음봉,전저점이탈,0.1,-1.93,2026-09-18
FSOL,3.1,13.46,865786,281113,11.65,3.83,3.0,4.9,7.9,강한매수,장대양봉,전고점돌파,0.99,4.09,2026-09-18
CERT,3.1,8.42,6720340,2188335,56.59,17.14,3.3,0.0,-1.9,중립,음봉,잔구간,0.53,-0.33,2026-09-18
GLSI,3.1,18.99,302262,98532,5.74,1.61,3.6,0.1,3.2,강한매수,양봉,전고점돌파,0.41,2.09,2026-09-18
RPD,3.1,11.97,5541628,1807678,66.33,24.04,2.8,1.7,-5.2,매도주의,장대음봉,잔구간,0.22,-1.17,2026-09-18
CD,3.1,3.5,445459,145884,1.56,0.76,2.1,0.7,19.5,매수관심,장대양봉,잔구간,0.9,1.24,2026-09-18
CNDT,3.1,1.61,2726768,872343,4.39,1.75,2.5,-0.6,-4.7,매도주의,장대음봉,잔구간,0.0,-1.3,2026-09-18
IAUX,3.0,1.79,16425018,5553432,29.4,12.36,2.4,1.1,1.1,강한매수,양봉스프링,완만한상승,0.82,2.78,2026-09-18
MNRO,3.0,12.1,2795933,929186,33.83,11.09,3.1,-0.5,-0.7,강한매수,망치형,수횡파,0.61,2.73,2026-09-18
MASS,3.0,10.53,854920,282723,9.0,3.07,2.9,-1.7,-2.4,중립,음봉,잔구간,0.37,-0.43,2026-09-18
PINE,3.0,17.73,403983,133133,7.16,2.58,2.8,-0.8,0.0,중립,팽이도지,전저점이탈,0.59,-0.64,2026-09-18
SD,3.0,14.16,1114890,375731,15.79,4.73,3.3,-0.3,-0.6,매도주의,음봉,전저점이탈,0.22,-1.79,2026-09-18
LTRX,3.0,5.85,3284215,1100269,19.21,6.08,3.2,1.2,-0.7,매도주의,위꼬리음봉,완만한상승,0.13,-1.04,2026-09-18
NFGC,3.0,1.84,2896783,979262,5.33,1.72,3.1,1.1,-0.5,중립,팽이도지,전고점부근,0.43,-0.53,2026-09-18
NUS,3.0,4.58,1322762,440681,6.06,2.36,2.6,2.4,-2.8,매도주의,장대음봉,전저점부근,0.28,-1.51,2026-09-18
LAB,3.0,0.77,2694880,912159,2.07,1.03,2.0,-1.4,6.9,강한매수,장대양봉,전고점돌파,1.0,4.1,2026-09-18
HE,3.0,9.8,7146526,2383155,70.04,28.44,2.5,-0.7,-2.2,강한매도,장대음봉,전저점이탈,0.04,-3.3,2026-09-18
WRD,3.0,5.5,6776310,2268657,37.27,12.05,3.1,-0.9,-0.9,중립,망치형,잔구간,0.74,0.645,2026-09-18
CRNC,3.0,7.73,1286535,432923,9.94,4.87,2.0,0.0,-5.2,강한매도,장대음봉,전저점이탈,0.08,-3.25,2026-09-18
MBC,3.0,6.62,10453771,3511431,69.2,18.39,3.8,0.3,0.8,매수관심,양봉스프링,잔구간,0.9,0.99,2026-09-18
CMTG,3.0,1.43,2971737,1005609,4.25,1.26,3.4,0.0,-2.1,중립,음봉,전저점부근,0.33,-0.15,2026-09-18
ACTG,3.0,4.51,494324,163913,2.23,0.73,3.0,0.0,-0.4,중립,망치형,잔구간,0.86,0.715,2026-09-18
BNC,3.0,5.98,6309084,2104052,37.73,48.2,0.8,7.6,2.6,중립,위꼬리양봉,전고점돌파,0.32,0.28,2026-09-18
AVR,3.0,8.16,1809058,612033,14.76,5.19,2.8,-0.2,-2.9,중립,음봉,잔구간,0.09,-0.595,2026-09-18
NEOG,3.0,13.0,7443663,2455804,96.77,32.94,2.9,-0.6,2.0,매수관심,장대양봉,전고점부근,0.82,1.93,2026-09-18
FMC,3.0,10.09,9084670,3017510,91.66,36.7,2.5,-1.2,0.1,매수관심,팽이도지,전저점부근,0.69,0.98,2026-09-18
DSGN,3.0,12.24,2554959,850187,31.27,10.65,2.9,0.0,-4.4,매도주의,장대음봉,전저점부근,0.0,-1.85,2026-09-18
MBGL,3.0,19.49,9890885,3270423,192.77,70.73,2.7,-0.7,-2.1,강한매도,장대음봉,전저점이탈,0.1,-3.23,2026-09-18
FMNB,3.0,15.56,1033990,342233,16.09,5.3,3.0,-0.5,-0.1,중립,망치형,잔구간,0.7,0.62,2026-09-18
AMAU,2.9,11.71,513627,175518,6.01,2.56,2.3,1.9,10.7,매수관심,장대양봉,잔구간,0.97,1.28,2026-09-18
HBNC,2.9,19.48,1285513,450037,25.04,9.04,2.8,-0.5,0.3,중립,팽이도지,잔구간,0.56,0.035,2026-09-18
ABR,2.9,4.28,11559302,3995823,49.47,19.34,2.6,-0.7,-3.8,강한매도,장대음봉,전저점이탈,0.19,-3.12,2026-09-18
OBIO,2.9,6.08,1138354,397709,6.92,2.21,3.1,-0.7,5.9,매수관심,양봉,완만한상승,0.63,1.76,2026-09-18
RYAM,2.9,8.34,1725658,603109,14.39,5.25,2.7,-0.7,0.2,매수관심,양봉스프링,잔구간,0.89,0.985,2026-09-18
OEC,2.9,5.73,1071442,372335,6.14,2.01,3.1,-1.2,-0.5,중립,망치형,잔구간,0.6,0.56,2026-09-18
GILT,2.9,9.82,1243727,430915,12.21,4.61,2.7,0.6,-1.9,중립,음봉,잔구간,0.44,-0.385,2026-09-18
SLNH,2.9,1.26,15983920,5468698,20.14,8.31,2.4,0.8,5.0,매수관심,장대양봉,잔구간,0.75,1.15,2026-09-18
SPCE,2.9,3.07,16603936,5692921,50.97,16.44,3.1,2.3,-3.5,중립,음봉,잔구간,0.32,-0.46,2026-09-18
PONY,2.9,6.805,7790770,2654862,53.02,19.66,2.7,0.4,-1.5,중립,망치형,잔구간,0.62,0.57,2026-09-18
MUX,2.9,19.0,3129138,1066038,59.45,18.68,3.2,1.1,1.1,매수관심,양봉스프링,잔구간,0.99,1.045,2026-09-18
ASYS,2.9,14.2,757619,261088,10.76,3.93,2.7,3.8,-1.3,중립,음봉,완만한상승,0.62,0.34,2026-09-18
TVA,2.9,10.58,372225,129573,3.94,11.09,0.4,0.0,0.2,강한매수,양봉,전고점돌파,0.4,2.08,2026-09-18
ASPI,2.9,3.04,12438265,4234049,37.81,14.37,2.6,1.5,-7.7,매도주의,장대음봉,전저점부근,0.02,-1.83,2026-09-18
BITI,2.9,18.18,3357820,1145924,61.05,26.55,2.3,-2.1,-4.1,강한매도,장대음봉,전저점이탈,0.06,-3.28,2026-09-18
ARI,2.9,6.42,5878528,1999086,37.74,12.79,3.0,0.2,-0.6,매도주의,음봉,전저점이탈,0.55,-1.39,2026-09-18
IMSR,2.9,4.16,4399670,1502014,18.3,6.64,2.8,-0.3,-4.8,매도주의,장대음봉,전저점부근,0.02,-1.83,2026-09-18
ADT,2.9,6.9,18476135,6368519,127.49,47.26,2.7,-0.3,-1.0,강한매도,장대음봉,전저점이탈,0.27,-3.03,2026-09-18
LFST,2.9,12.57,17910867,6187375,225.14,75.99,3.0,-0.8,0.5,매수관심,양봉스프링,잔구간,0.83,0.95,2026-09-18
STLN,2.9,6.96,3761727,1281186,26.18,8.01,3.3,-0.2,5.1,강한매수,장대양봉,완만한상승,0.67,3.1,2026-09-18
EIKN,2.9,8.95,2242515,778283,20.07,6.36,3.2,1.2,2.9,매수관심,양봉,완만한상승,0.68,1.82,2026-09-18
PRLD,2.9,4.87,1165142,397942,5.67,1.89,3.0,0.2,6.3,매수관심,장대양봉,잔구간,1.0,1.3,2026-09-18
PHR,2.9,10.04,1692437,579434,16.99,7.73,2.2,-0.1,-2.2,매도주의,장대음봉,수횡파,0.21,-1.75,2026-09-18
LBTYA,2.9,9.87,5493321,1903084,54.22,20.21,2.7,-0.8,-3.3,강한매도,장대음봉,전저점이탈,0.02,-3.33,2026-09-18
ZSTK,2.9,4.71,440978,152481,2.08,0.58,3.6,0.9,3.7,매수관심,양봉,완만한상승,0.71,1.85,2026-09-18
JBIO,2.8,16.94,2942225,1037313,49.84,20.27,2.5,0.1,-1.2,중립,음봉,잔구간,0.27,-0.49,2026-09-18
AHRT,2.8,6.22,1707844,605727,10.62,4.06,2.6,0.0,-0.2,매도주의,위꼬리음봉,잔구간,0.24,-0.905,2026-09-18
ZH,2.8,3.21,1205355,428819,3.87,1.22,3.2,1.0,1.9,매수관심,장대양봉,전고점부근,0.83,1.95,2026-09-18
YELP,2.8,19.63,3171717,1128227,62.26,26.09,2.4,-0.1,-3.1,강한매도,장대음봉,전저점이탈,0.06,-3.28,2026-09-18
AERO,2.8,15.42,963026,349806,14.85,5.1,2.9,-0.4,4.6,매수관심,양봉,완만한상승,0.57,1.68,2026-09-18
LYEL,2.8,11.01,401134,142601,4.42,1.38,3.2,-0.5,2.4,중립,양봉,잔구간,0.93,0.61,2026-09-18
IMXI,2.8,12.07,1331099,474670,16.07,5.64,2.8,-0.6,-3.8,강한매도,장대음봉,전저점이탈,0.03,-3.31,2026-09-18
PLTK,2.8,2.21,3010964,1086709,6.65,2.46,2.7,3.9,-7.9,매도주의,장대음봉,잔구간,0.1,-1.24,2026-09-18
PBI,2.8,16.85,4821862,1718975,81.25,28.13,2.9,-0.6,-2.1,매도주의,장대음봉,잔구간,0.14,-1.215,2026-09-18
IPSC,2.8,1.86,1369354,486658,2.55,0.84,3.0,0.0,-1.1,중립,망치형,잔구간,0.69,0.615,2026-09-18
REI,2.8,1.46,12785670,4551006,18.67,6.48,2.9,0.0,0.0,중립,팽이도지,잔구간,0.5,0.0,2026-09-18
EMPD,2.8,3.14,568684,199823,1.79,0.83,2.1,0.6,-1.3,중립,팽이도지,잔구간,0.27,-0.14,2026-09-18
RDW,2.8,10.74,31733241,11149396,340.82,126.71,2.7,1.5,-8.4,매도주의,장대음봉,잔구간,0.09,-1.245,2026-09-18
RGNX,2.8,8.03,3375140,1201833,27.1,10.06,2.7,0.1,-2.3,중립,음봉,잔구간,0.09,-0.595,2026-09-18
FLYX,2.8,1.33,876995,311123,1.17,0.34,3.4,0.0,7.3,강한매수,장대양봉,전고점돌파,0.7,3.74,2026-09-18
CLYM,2.8,14.05,4049711,1448121,56.9,27.93,2.0,0.6,-0.7,중립,팽이도지,잔구간,0.25,-0.15,2026-09-18
RILY,2.8,5.98,1488163,523641,8.9,3.1,2.9,-0.3,-0.3,중립,팽이도지,잔구간,0.33,-0.1,2026-09-18
RLJ,2.8,10.79,4214050,1524758,45.47,16.22,2.8,-0.5,-0.6,중립,음봉,수횡파,0.36,-0.27,2026-09-18
VENU,2.8,1.49,1304530,459891,1.94,0.76,2.5,0.0,-8.0,강한매도,장대음봉,전저점이탈,0.11,-3.22,2026-09-18
BGS,2.8,2.88,5582168,1985315,16.08,6.87,2.3,0.0,-5.3,강한매도,장대음봉,전저점이탈,0.06,-3.28,2026-09-18
INN,2.8,5.59,1719841,616585,9.61,4.15,2.3,-0.5,-1.8,중립,음봉,잔구간,0.4,-0.41,2026-09-18
UPBD,2.8,17.13,1877794,666825,32.17,13.54,2.4,-1.2,-1.8,강한매도,장대음봉,전저점이탈,0.14,-3.18,2026-09-18
TME,2.8,7.76,15431457,5575122,119.75,46.91,2.6,0.5,-0.6,중립,음봉,전저점부근,0.32,-0.17,2026-09-18
BABX,2.8,18.12,1116018,393887,20.22,7.71,2.6,4.8,3.7,강한매수,장대양봉,전고점돌파,0.83,3.9,2026-09-18
SLS,2.8,11.49,14607376,5185123,167.84,83.63,2.0,0.6,-0.9,중립,망치형,잔구간,0.6,0.56,2026-09-18
KOPN,2.8,4.74,9645653,3399401,45.72,14.47,3.2,0.4,-0.2,매수관심,팽이도지,완만한상승,0.63,1.06,2026-09-18
ABSI,2.8,9.65,7732761,2809149,74.62,26.9,2.8,0.0,4.1,중립,양봉,잔구간,0.86,0.565,2026-09-18
ACCO,2.8,4.17,1862059,663001,7.76,2.91,2.7,-1.1,-3.0,매도주의,장대음봉,잔구간,0.06,-1.265,2026-09-18
NTST,2.8,18.17,3390971,1219159,61.61,22.25,2.8,-0.4,0.1,중립,팽이도지,잔구간,0.42,-0.05,2026-09-18
SBGI,2.8,13.08,1118192,392386,14.63,5.45,2.7,-0.4,-3.5,강한매도,장대음봉,전저점이탈,0.05,-3.29,2026-09-18
ACRE,2.8,4.38,957359,348024,4.19,1.33,3.2,-0.5,0.9,강한매수,장대양봉,완만한상승,0.85,3.32,2026-09-18
OPK,2.8,1.67,5344201,1928853,8.92,4.46,2.0,0.0,3.1,강한매수,장대양봉,전고점돌파,0.86,3.93,2026-09-18
THRY,2.8,1.83,1628110,587238,2.98,1.48,2.0,-1.1,0.0,중립,팽이도지,잔구간,0.28,-0.13,2026-09-18
TENX,2.8,1.9,7081288,2505245,13.45,9.96,1.4,3.2,-1.0,중립,팽이도지,잔구간,0.42,-0.05,2026-09-18
OPTX,2.8,6.79,595176,214776,4.04,1.51,2.7,0.4,0.6,매수관심,양봉스프링,잔구간,0.9,0.99,2026-09-18
NEO,2.8,19.91,4400261,1562326,87.61,28.62,3.1,0.1,0.0,매수관심,양봉스프링,전고점부근,0.82,1.43,2026-09-18
MVST,2.8,0.637,15084604,5459605,9.61,4.18,2.3,0.8,-1.2,중립,팽이도지,잔구간,0.58,0.05,2026-09-18
LBTYK,2.7,9.65,4819950,1803609,46.51,18.4,2.5,-0.4,-2.1,강한매도,장대음봉,전저점이탈,0.08,-3.25,2026-09-18
SHO,2.7,11.04,4856854,1770820,53.62,21.93,2.4,-0.4,0.5,강한매수,양봉스프링,완만한상승,1.0,3.0,2026-09-18
KDK,2.7,3.28,4055858,1494117,13.3,5.55,2.4,-0.5,-13.9,강한매도,장대음봉,전저점이탈,0.06,-3.28,2026-09-18
NNE,2.7,15.73,4843305,1825080,76.19,29.79,2.6,-0.3,-7.0,매도주의,장대음봉,잔구간,0.19,-1.185,2026-09-18
AGEN,2.7,7.85,2084681,772467,16.36,6.62,2.5,3.6,4.9,강한매수,장대양봉,전고점돌파,0.95,4.04,2026-09-18
IDN,2.7,2.35,712950,262353,1.68,0.88,1.9,1.3,-2.1,중립,음봉,전저점부근,0.0,-0.55,2026-09-18
TALO,2.7,17.01,5121108,1924500,87.11,33.42,2.6,-0.3,-0.5,강한매수,망치형,전저점부근,0.56,2.8200000000000003,2026-09-18
QFIN,2.7,8.09,3423119,1280176,27.69,14.85,1.9,0.0,-2.4,매도주의,장대음봉,잔구간,0.05,-1.27,2026-09-18
CADL,2.7,10.85,3014534,1117042,32.71,13.95,2.3,-0.5,-3.8,매도주의,장대음봉,잔구간,0.12,-1.23,2026-09-18
TFSL,2.7,16.9,1527217,575488,25.81,11.23,2.3,0.0,0.5,강한매수,양봉스프링,완만한상승,0.87,2.84,2026-09-18
BKT,2.7,9.74,396260,147632,3.86,1.61,2.4,0.1,-0.6,중립,음봉,전저점부근,0.37,-0.11,2026-09-18
ALLO,2.7,1.69,12716961,4674554,21.49,9.59,2.2,0.0,-2.3,중립,음봉,잔구간,0.29,-0.475,2026-09-18
SBH,2.7,15.79,3217864,1174578,50.81,18.41,2.8,-0.9,0.8,매수관심,양봉,수횡파,0.87,1.74,2026-09-18
SION,2.7,5.96,3704779,1352139,22.08,9.76,2.3,-0.8,-16.3,강한매도,장대음봉,전저점이탈,0.05,-3.29,2026-09-18
CANG,2.7,2.67,1496089,560832,3.99,1.1,3.6,3.7,18.7,강한매수,장대양봉,전고점돌파,0.78,3.84,2026-09-18
CIA,2.7,3.58,327795,121249,1.17,0.43,2.7,0.0,2.9,강한매수,장대양봉,완만한상승,0.86,3.33,2026-09-18
CHRS,2.7,1.35,3124885,1147264,4.22,1.17,3.6,0.0,9.8,강한매수,장대양봉,완만한상승,1.0,3.5,2026-09-18
SGHT,2.7,8.02,453198,168045,3.63,1.18,3.1,-0.6,-0.1,중립,팽이도지,잔구간,0.44,-0.035,2026-09-18
GTN,2.7,4.44,2092835,776661,9.29,3.98,2.3,-0.2,-3.9,강한매도,장대음봉,전저점이탈,0.0,-3.35,2026-09-18
TRON,2.7,1.5,1782111,669760,2.67,1.26,2.1,2.1,2.7,매수관심,양봉,완만한상승,0.67,1.8,2026-09-18
NLOP,2.6,10.48,393899,150646,4.13,1.61,2.6,-0.2,-1.2,매도주의,음봉,전저점이탈,0.48,-1.47,2026-09-18
NEWT,2.6,11.56,453831,174332,5.25,2.29,2.3,-0.7,-2.1,강한매도,장대음봉,전저점이탈,0.11,-3.22,2026-09-18
MSTZ,2.6,2.815,79636355,31143323,224.18,145.14,1.5,-6.0,-28.4,강한매도,장대음봉,전저점이탈,0.0,-3.35,2026-09-18
MSTW,2.6,5.06,5887506,2270712,29.79,9.53,3.1,3.7,15.3,강한매수,장대양봉,전고점돌파,0.97,4.06,2026-09-18
YEXT,2.6,6.14,2502981,976722,15.37,7.04,2.2,0.2,-2.5,매도주의,장대음봉,잔구간,0.22,-1.17,2026-09-18
DCH,2.6,5.89,7322591,2791862,43.13,16.84,2.6,-0.3,-3.3,매도주의,장대음봉,전저점부근,0.23,-1.57,2026-09-18
OLMA,2.6,9.82,3061450,1182046,30.06,11.17,2.7,-0.2,-0.6,중립,음봉,잔구간,0.39,-0.415,2026-09-18
OIS,2.6,8.41,1147140,448692,9.65,3.9,2.5,0.4,-0.2,중립,망치형,잔구간,0.65,0.59,2026-09-18
OI,2.6,6.07,7897476,3042848,47.94,20.69,2.3,-0.5,-1.6,매도주의,장대음봉,전저점부근,0.0,-1.85,2026-09-18
NXDT,2.6,5.11,375638,146743,1.92,0.72,2.7,-0.4,-3.0,강한매도,장대음봉,전저점이탈,0.0,-3.35,2026-09-18
ALKT,2.6,19.13,3516300,1338973,67.27,32.33,2.1,-0.2,2.1,중립,양봉,잔구간,0.74,0.495,2026-09-18
OGN,2.6,13.68,4941531,1900351,67.6,38.34,1.8,-0.1,0.0,매도주의,위꼬리양봉,잔구간,0.0,-0.8,2026-09-18
NAVI,2.6,9.51,3870331,1491490,36.81,14.19,2.6,-0.3,-3.1,매도주의,장대음봉,잔구간,0.32,-1.11,2026-09-18
UMH,2.6,15.69,1650106,637644,25.89,9.89,2.6,-0.6,-0.5,중립,음봉,잔구간,0.19,-0.535,2026-09-18
CEPU,2.6,13.46,629016,243841,8.47,3.37,2.5,-1.0,-6.1,강한매도,장대음봉,전저점이탈,0.04,-3.3,2026-09-18
TRTX,2.6,7.18,2168813,829483,15.57,5.4,2.9,-0.3,-1.2,강한매도,장대음봉,전저점이탈,0.0,-3.35,2026-09-18
BCCQ,2.6,9.97,332178,127803,3.31,1.51,2.2,0.2,-0.2,중립,음봉,전저점부근,0.11,-0.42,2026-09-18
OPRT,2.6,8.16,1349609,510693,11.01,3.8,2.9,-0.1,1.5,강한매수,양봉,전고점돌파,0.62,2.34,2026-09-18
BDN,2.6,2.9,3919672,1483830,11.37,5.48,2.1,-0.7,-0.3,매도주의,위꼬리음봉,잔구간,0.09,-0.995,2026-09-18
GDOT,2.6,13.17,865034,333087,11.39,3.99,2.9,-0.1,0.0,중립,팽이도지,잔구간,0.27,-0.14,2026-09-18
SXC,2.6,9.49,2149467,835711,20.4,8.04,2.5,-0.2,-1.6,중립,음봉,잔구간,0.61,-0.285,2026-09-18
PSO,2.6,15.71,1481334,575002,23.27,11.9,2.0,0.5,-2.3,매도주의,장대음봉,잔구간,0.04,-1.275,2026-09-18
IPW,2.6,1.69,1579822,612895,2.67,10.71,0.2,2.8,-8.6,매도주의,장대음봉,잔구간,0.2,-1.18,2026-09-18
INSG,2.6,4.13,488788,190825,2.02,0.88,2.3,0.5,0.7,중립,팽이도지,잔구간,0.51,0.005,2026-09-18
SHOE,2.6,13.07,3754136,1424398,49.07,21.17,2.3,0.0,-1.3,매도주의,위꼬리음봉,잔구간,0.1,-0.99,2026-09-18
HSDT,2.6,2.76,1087373,423887,3.0,0.98,3.1,3.1,16.9,강한매수,장대양봉,전고점돌파,0.94,4.03,2026-09-18
HYPD,2.6,3.92,1158530,440663,4.54,1.9,2.4,4.3,8.3,강한매수,장대양봉,전고점돌파,0.88,3.96,2026-09-18
QNC,2.6,1.67,2978658,1141288,4.97,2.49,2.0,0.6,-2.3,중립,음봉,잔구간,0.18,-0.54,2026-09-18
EFC,2.6,12.44,3277953,1276622,40.78,14.57,2.8,-0.2,-0.9,매도주의,음봉,전저점이탈,0.44,-1.52,2026-09-18
PURR,2.6,14.09,57706634,21816927,813.09,279.92,2.9,7.7,2.0,매수관심,팽이도지,전고점돌파,0.69,1.73,2026-09-18
PK,2.6,14.99,7269485,2784051,108.97,44.08,2.5,-0.7,0.3,매수관심,양봉스프링,잔구간,0.76,0.905,2026-09-18
FDMT,2.6,15.22,1787707,692910,27.21,9.26,2.9,3.0,0.7,매수관심,팽이도지,전고점돌파,0.48,1.48,2026-09-18
FLNC,2.6,7.32,15249616,5822287,111.63,82.46,1.4,-1.6,-2.9,중립,음봉,잔구간,0.4,-0.41,2026-09-18
ALMU,2.6,12.725,1624397,616129,20.67,8.57,2.4,0.8,9.3,강한매수,장대양봉,완만한상승,0.92,3.4,2026-09-18
JANX,2.6,16.59,2447405,924984,40.6,17.5,2.3,-0.9,-0.7,중립,팽이도지,잔구간,0.41,-0.055,2026-09-18
VSTS,2.6,13.82,4261452,1609225,58.89,22.04,2.7,-0.9,0.8,중립,양봉,잔구간,0.56,0.385,2026-09-18
PANL,2.5,8.38,1093157,439033,9.16,3.58,2.6,-0.4,0.0,강한매수,양봉스프링,수횡파,0.76,3.41,2026-09-18
SAFE,2.5,13.14,1330700,523476,17.49,6.07,2.9,-0.2,-2.9,매도주의,음봉,전저점이탈,0.12,-1.91,2026-09-18
PINS,2.5,18.6,33620736,13291504,625.35,297.26,2.1,0.5,1.0,매수관심,양봉,완만한상승,0.61,1.73,2026-09-18
PDYN,2.5,5.68,1855645,746845,10.54,3.95,2.7,0.2,-1.4,중립,망치형,잔구간,0.57,0.54,2026-09-18
MAT,2.5,13.26,8818227,3542036,116.93,55.67,2.1,-0.7,0.3,중립,팽이도지,잔구간,0.54,0.025,2026-09-18
HLIT,2.5,11.1,4271091,1681435,47.41,16.6,2.9,1.0,0.0,매수관심,양봉스프링,잔구간,0.79,0.925,2026-09-18
HIVE,2.5,3.41,25934220,10223973,88.44,40.92,2.2,2.6,6.9,강한매수,장대양봉,전고점돌파,0.93,4.02,2026-09-18
LCTX,2.5,1.03,3209250,1298888,3.31,1.27,2.6,-1.0,1.0,중립,팽이도지,잔구간,0.55,0.03,2026-09-18
LEVI,2.5,19.82,5305610,2145440,105.16,45.34,2.3,0.0,-0.2,중립,팽이도지,잔구간,0.47,-0.02,2026-09-18
KEEL,2.5,4.01,67825150,27411087,271.98,116.24,2.3,3.3,7.5,강한매수,장대양봉,전고점돌파,0.82,3.88,2026-09-18
VSTM,2.5,7.44,4497074,1824055,33.46,18.45,1.8,0.4,-1.8,중립,음봉,잔구간,0.09,-0.595,2026-09-18
VOXR,2.5,5.72,931647,371097,5.33,2.11,2.5,0.3,-0.7,중립,망치형,잔구간,0.56,0.535,2026-09-18
INDI,2.5,3.07,11495826,4677304,35.29,15.95,2.2,0.6,-2.5,매도주의,장대음봉,잔구간,0.17,-1.2,2026-09-18
ECVT,2.5,10.44,3153201,1285389,32.92,13.3,2.5,0.0,-1.9,매도주의,장대음봉,잔구간,0.23,-1.16,2026-09-18
SSTK,2.5,4.54,1853255,748146,8.41,4.79,1.8,0.4,-7.5,강한매도,장대음봉,전저점이탈,0.05,-3.29,2026-09-18
EROC,2.5,13.09,7798206,3094653,102.08,33.98,3.0,0.8,0.7,매수관심,팽이도지,완만한상승,0.72,1.16,2026-09-18
RARE,2.5,14.51,13335258,5343094,193.49,123.18,1.6,2.0,-1.9,중립,음봉,잔구간,0.44,-0.385,2026-09-18
CRCT,2.5,5.64,1381111,558920,7.79,3.49,2.2,-1.2,0.0,중립,팽이도지,잔구간,0.71,0.125,2026-09-18
GNW,2.5,10.05,10267532,4169766,103.19,52.35,2.0,-0.5,-1.3,중립,음봉,잔구간,0.48,-0.36,2026-09-18
CXDO,2.5,5.63,806025,317631,4.54,1.77,2.6,0.2,-1.6,중립,음봉,잔구간,0.5,-0.35,2026-09-18
SLE,2.5,5.1,416499,165724,2.12,1.67,1.3,0.4,10.4,매수관심,양봉,완만한상승,0.65,1.78,2026-09-18
RPC,2.5,7.87,1329181,529574,10.46,4.26,2.5,-0.3,-0.9,중립,음봉,잔구간,0.22,-0.52,2026-09-18
OCFC,2.5,17.87,2263873,898157,40.46,16.14,2.5,-0.6,-0.8,매도주의,음봉,전저점이탈,0.22,-1.79,2026-09-18
CERS,2.5,2.65,3570322,1402630,9.46,3.12,3.0,0.0,-0.4,중립,망치형,잔구간,0.71,0.625,2026-09-18
SGMT,2.5,11.09,1854065,746063,20.56,9.81,2.1,-0.0,-0.7,중립,팽이도지,잔구간,0.48,-0.01,2026-09-18
GLRE,2.5,15.03,340156,134606,5.11,2.12,2.4,-0.2,0.1,강한매수,양봉스프링,수횡파,0.9,3.58,2026-09-18
BHK,2.5,8.5,969263,383389,8.24,2.85,2.9,-0.1,-0.6,중립,음봉,전저점부근,0.65,0.23,2026-09-18
TIC,2.5,9.06,3384772,1377070,30.67,13.49,2.3,0.6,0.1,매수관심,팽이도지,완만한상승,0.62,1.04,2026-09-18
SWIM,2.5,6.2,1863514,754143,11.55,5.29,2.2,-0.2,-0.5,중립,팽이도지,전저점부근,0.47,0.71,2026-09-18
ASTX,2.5,9.61,5964046,2428215,57.31,33.0,1.7,0.9,-14.0,매도주의,장대음봉,잔구간,0.12,-1.23,2026-09-18
UIS,2.5,2.4,1151683,467794,2.76,1.39,2.0,0.8,-4.0,매도주의,장대음봉,잔구간,0.2,-1.18,2026-09-18
NCMI,2.5,2.17,2187480,885928,4.75,1.72,2.8,-0.9,-1.4,매도주의,음봉,전저점이탈,0.33,-1.65,2026-09-18
MTUS,2.5,19.11,695727,273533,13.3,6.03,2.2,-0.6,-0.9,중립,망치형,잔구간,0.69,0.615,2026-09-18
MITK,2.5,16.73,1345277,527911,22.51,9.89,2.3,0.2,-3.5,강한매도,장대음봉,전저점이탈,0.2,-3.11,2026-09-18
TNYA,2.5,0.679,4873201,1937892,3.31,1.26,2.6,1.2,-0.2,매도주의,위꼬리음봉,잔구간,0.24,-0.905,2026-09-18
TLK,2.5,14.17,1535678,612693,21.76,10.08,2.2,-0.8,0.3,매수관심,팽이도지,전저점부근,0.54,0.8,2026-09-18
VEL,2.5,16.0,431342,175728,6.9,2.39,2.9,-0.7,0.3,강한매수,양봉스프링,전저점부근,0.81,3.62,2026-09-18
MITT,2.5,6.31,908813,369807,5.73,2.03,2.8,-0.6,-0.6,중립,음봉,잔구간,0.21,-0.525,2026-09-18
CCAP,2.5,9.78,697616,274155,6.82,3.22,2.1,0.3,-3.4,매도주의,장대음봉,잔구간,0.1,-1.24,2026-09-18
SANA,2.4,3.1,7408966,3098189,22.97,13.72,1.7,-0.3,0.3,강한매수,양봉스프링,완만한상승,0.89,2.87,2026-09-18
SBRA,2.4,19.74,5474606,2243191,108.07,48.0,2.3,-0.4,-1.6,강한매도,장대음봉,전저점이탈,0.12,-3.21,2026-09-18
ANGO,2.4,15.44,1012597,429486,15.63,6.75,2.3,-1.0,1.4,매수관심,양봉,완만한상승,0.8,1.96,2026-09-18
UTZ,2.4,14.24,3683937,1519907,52.46,21.36,2.5,0.0,-0.2,중립,음봉,잔구간,0.17,-0.55,2026-09-18
FWRD,2.4,14.83,1091058,451947,16.18,8.67,1.9,-1.0,-2.8,매도주의,음봉,전저점이탈,0.11,-1.92,2026-09-18
COYA,2.4,4.89,403456,170405,1.97,0.62,3.2,0.0,2.7,중립,양봉,전고점부근,0.49,0.24,2026-09-18
NVAX,2.4,10.11,11145562,4630093,112.68,49.46,2.3,-1.1,2.2,강한매수,양봉,완만한상승,0.91,2.09,2026-09-18
LADR,2.4,9.43,2870043,1219405,27.06,10.91,2.5,-0.4,-0.7,강한매도,장대음봉,전저점이탈,0.1,-3.23,2026-09-18
COIW,2.4,9.55,581411,246824,5.55,2.02,2.7,2.5,10.9,강한매수,장대양봉,전고점돌파,0.9,3.98,2026-09-18
COSM,2.4,0.318,6407400,2617375,2.04,0.75,2.7,0.6,6.6,강한매수,양봉,전고점돌파,0.39,2.07,2026-09-18
MTA,2.4,10.18,533140,223802,5.43,2.32,2.3,0.5,0.7,강한매수,양봉스프링,완만한상승,1.0,3.0,2026-09-18
CION,2.4,7.13,733110,304575,5.23,2.32,2.2,-0.8,-1.0,중립,음봉,잔구간,0.62,-0.28,2026-09-18
TNXP,2.4,10.87,808473,338566,8.79,3.98,2.2,0.1,-4.9,강한매도,장대음봉,전저점이탈,0.1,-3.23,2026-09-18
F,2.4,13.21,111376419,45942690,1471.28,635.09,2.3,-0.5,-2.4,중립,음봉,잔구간,0.41,-0.405,2026-09-18
HLF,2.4,11.89,2998311,1239199,35.65,17.17,2.1,-0.9,2.7,중립,양봉,잔구간,0.63,0.43,2026-09-18
NMRA,2.4,0.73,3882674,1650552,2.83,1.23,2.3,-1.2,-1.5,중립,팽이도지,전저점부근,0.37,0.59,2026-09-18
LUNR,2.4,13.92,14988182,6264085,208.64,93.69,2.2,0.7,-6.6,매도주의,장대음봉,잔구간,0.11,-1.235,2026-09-18
EGY,2.4,6.06,3897957,1618815,23.62,8.01,2.9,-0.2,-2.7,매도주의,장대음봉,잔구간,0.24,-1.155,2026-09-18
PD,2.4,14.0,3035577,1268850,42.5,20.4,2.1,-1.0,-2.1,중립,음봉,잔구간,0.09,-0.595,2026-09-18
MQ,2.4,15.57,1283313,541939,19.98,9.47,2.1,-0.6,-1.0,매도주의,음봉,전저점이탈,0.29,-1.7,2026-09-18
DHC,2.4,8.01,4773503,2016632,38.24,14.07,2.7,-1.0,-0.5,중립,망치형,잔구간,0.82,0.69,2026-09-18
BSCU,2.4,16.315,1877950,778885,30.64,13.93,2.2,-0.2,-0.1,중립,음봉,잔구간,0.17,-0.55,2026-09-18
PMT,2.4,8.8,4395997,1828793,38.68,14.7,2.6,-0.4,-1.1,강한매도,음봉,전저점이탈,0.0,-2.05,2026-09-18
VOD,2.4,16.95,6590903,2756362,111.72,55.76,2.0,-4.5,1.3,매수관심,장대양봉,전저점이탈,0.85,1.67,2026-09-18
LION,2.4,10.74,6940438,2916839,74.54,27.57,2.7,-0.7,-4.6,강한매도,장대음봉,전저점이탈,0.09,-3.24,2026-09-18
MBLY,2.4,8.02,10707547,4506219,85.87,35.36,2.4,1.2,-1.5,중립,음봉,잔구간,0.47,-0.37,2026-09-18
BANC,2.4,18.32,6230482,2611083,114.14,50.14,2.3,-0.5,-0.5,중립,음봉,잔구간,0.3,-0.47,2026-09-18
BXBL,2.4,4.21,455391,192303,1.92,0.97,2.0,0.2,2.7,매수관심,양봉,완만한상승,0.57,1.68,2026-09-18
CRMU,2.3,1.96,840223,358747,1.65,0.69,2.4,0.7,-4.4,중립,음봉,잔구간,0.44,-0.385,2026-09-18
VNDA,2.3,5.13,1658566,730050,8.51,3.62,2.3,-0.5,0.9,강한매수,양봉,완만한상승,0.83,2.0,2026-09-18
AGNT,2.3,3.79,4028748,1762025,15.27,6.44,2.4,0.0,-2.1,중립,음봉,잔구간,0.22,-0.52,2026-09-18
JBI,2.3,4.3,5333205,2293425,22.93,9.6,2.4,0.0,-2.9,매도주의,장대음봉,전저점부근,0.28,-1.51,2026-09-18
RITM,2.3,9.35,11121600,4761517,103.99,50.94,2.0,0.0,-1.5,강한매도,장대음봉,전저점이탈,0.17,-3.15,2026-09-18
IA,2.3,18.38,688356,304222,12.65,5.4,2.3,-0.5,0.4,매수관심,양봉스프링,잔구간,0.86,0.965,2026-09-18
HR,2.3,18.26,7766890,3397078,141.82,61.96,2.3,-0.7,-0.1,중립,망치형,전저점이탈,0.74,0.54,2026-09-18
ADTN,2.3,7.2,3699913,1585776,26.64,11.72,2.3,1.5,-0.1,매수관심,팽이도지,완만한상승,0.67,1.1,2026-09-18
STWD,2.3,14.94,9243448,3981414,138.1,61.84,2.2,0.0,-0.9,매도주의,장대음봉,잔구간,0.0,-1.3,2026-09-18
PEB,2.3,18.04,4331483,1898290,78.14,37.33,2.1,-0.2,0.5,강한매수,양봉스프링,완만한상승,0.79,2.75,2026-09-18
IRD,2.3,5.18,5543229,2443392,28.71,46.73,0.6,0.2,-2.1,중립,음봉,전저점부근,0.31,-0.18,2026-09-18
EQX,2.3,12.45,25894639,11090600,322.39,124.5,2.6,1.6,0.3,강한매수,양봉스프링,완만한상승,0.86,2.83,2026-09-18
SVC,2.3,6.48,3754921,1618006,24.33,10.7,2.3,-1.1,-0.3,중립,팽이도지,전저점부근,0.29,0.5,2026-09-18
HUMA,2.3,0.586,6991243,3032431,4.09,1.76,2.3,-0.9,2.8,매수관심,양봉,완만한상승,0.41,1.49,2026-09-18
WSC,2.3,18.17,4242191,1868152,77.08,45.88,1.7,-0.3,-0.5,중립,망치형,잔구간,0.76,0.655,2026-09-18
GLNK,2.3,10.96,939442,406716,10.3,4.7,2.2,4.6,4.4,강한매수,장대양봉,전고점돌파,0.94,4.03,2026-09-18
NTSK,2.3,17.49,16896369,7441011,295.52,125.96,2.3,1.5,0.1,강한매수,양봉스프링,완만한상승,0.82,2.78,2026-09-18
LUMN,2.3,6.4,30949996,13439722,198.08,86.53,2.3,0.5,-1.7,매도주의,음봉,전저점이탈,0.29,-1.7,2026-09-18
GRNT,2.3,4.9,2943465,1287529,14.42,8.79,1.6,-0.8,0.0,중립,팽이도지,잔구간,0.5,0.0,2026-09-18
XERS,2.3,8.2,4709393,2020555,38.62,14.76,2.6,-0.7,1.2,강한매수,양봉,완만한상승,0.84,2.01,2026-09-18
SABR,2.3,2.26,17352210,7425097,39.22,14.87,2.6,-1.3,-1.3,중립,음봉,잔구간,0.44,-0.385,2026-09-18
HMH,2.3,18.85,568194,247198,10.71,3.51,3.0,-0.7,-0.6,중립,팽이도지,잔구간,0.35,-0.09,2026-09-18
MAMA,2.3,13.21,1937417,851427,25.59,15.73,1.6,-1.5,2.3,중립,양봉,잔구간,0.56,0.385,2026-09-18
GUTS,2.3,0.6,1822723,806824,1.09,0.75,1.5,1.2,0.3,매수관심,양봉스프링,잔구간,1.0,1.05,2026-09-18
LXEO,2.3,4.2,2287772,993728,9.61,3.04,3.2,-0.5,1.0,매수관심,양봉스프링,잔구간,0.85,0.96,2026-09-18
ODD,2.3,18.11,3790657,1645225,68.65,44.71,1.5,-1.1,-5.0,매도주의,장대음봉,잔구간,0.21,-1.175,2026-09-18
ABOS,2.3,2.65,890159,381776,2.36,1.12,2.1,-0.8,3.9,강한매수,장대양봉,완만한상승,0.87,3.34,2026-09-18
MIR,2.3,15.76,7503369,3292300,118.25,57.28,2.1,0.2,-3.2,매도주의,장대음봉,잔구간,0.12,-1.23,2026-09-18
MATV,2.3,11.99,999015,427738,11.98,5.68,2.1,-1.2,0.0,중립,팽이도지,잔구간,0.69,0.115,2026-09-18
UNIT,2.3,9.45,4124915,1822619,38.98,18.63,2.1,-0.6,-1.4,매도주의,음봉,전저점이탈,0.37,-1.61,2026-09-18
CRMD,2.3,7.72,1806488,769850,13.95,6.59,2.1,-1.8,0.9,중립,양봉,잔구간,0.59,0.405,2026-09-18
TROX,2.3,4.21,5243887,2301888,22.08,10.32,2.1,-0.9,-0.5,매수관심,팽이도지,전저점부근,0.63,0.91,2026-09-18
BCRX,2.3,8.68,12746888,5540256,110.64,45.84,2.4,-1.1,0.9,중립,팽이도지,잔구간,0.55,0.03,2026-09-18
BIOA,2.3,8.06,1509032,657825,12.16,4.82,2.5,-0.2,-0.1,중립,팽이도지,잔구간,0.54,0.025,2026-09-18
HPK,2.2,8.33,826250,374890,6.88,4.84,1.4,-0.1,0.0,매수관심,양봉스프링,잔구간,0.84,0.955,2026-09-18
AEVA,2.2,14.8,2814706,1261113,41.66,21.11,2.0,-0.3,-2.6,중립,음봉,잔구간,0.27,-0.49,2026-09-18
LE,2.2,10.07,365449,163077,3.68,2.11,1.7,-0.1,-1.8,강한매도,장대음봉,전저점이탈,0.09,-3.24,2026-09-18
NIQ,2.2,18.19,2151834,972515,39.14,18.56,2.1,1.0,0.3,강한매수,양봉스프링,완만한상승,0.93,2.92,2026-09-18
SPH,2.2,16.75,439213,195729,7.36,3.47,2.1,0.1,-1.4,강한매도,장대음봉,전저점이탈,0.24,-3.06,2026-09-18
XTND,2.2,4.52,1693210,786081,7.65,7.48,1.0,-0.8,-3.8,중립,음봉,잔구간,0.39,-0.415,2026-09-18
AMA,2.2,19.314,401040,181043,7.75,4.12,1.9,1.4,11.4,매수관심,장대양봉,잔구간,0.99,1.295,2026-09-18
ECX,2.2,1.02,1294872,585670,1.32,1.56,0.8,1.4,-4.7,매도주의,장대음봉,잔구간,0.0,-1.3,2026-09-18
DX,2.2,12.18,14885818,6732244,181.31,70.87,2.6,0.0,-0.9,매도주의,장대음봉,잔구간,0.1,-1.24,2026-09-18
DUOT,2.2,8.54,1280479,585853,10.94,5.62,1.9,0.0,0.5,매수관심,팽이도지,완만한상승,0.58,1.0,2026-09-18
MRAM,2.2,15.28,1534380,692801,23.45,11.76,2.0,1.2,1.9,매수관심,장대양봉,잔구간,0.83,1.2,2026-09-18
MRTN,2.2,13.5,1631196,741264,22.02,9.9,2.2,-0.7,0.4,매수관심,팽이도지,전저점부근,0.56,0.82,2026-09-18
OSUR,2.2,3.56,1339686,616624,4.77,1.96,2.4,0.0,2.0,강한매수,양봉,전고점돌파,0.89,2.67,2026-09-18
PRVA,2.2,19.85,2759487,1248616,54.78,26.47,2.1,-0.7,-0.5,강한매도,위꼬리음봉,전저점이탈,0.22,-2.59,2026-09-18
ORIC,2.2,12.79,3090944,1382854,39.53,16.35,2.4,-0.5,-0.2,중립,망치형,잔구간,0.72,0.63,2026-09-18
BTCS,2.2,1.6,3885649,1797565,6.22,2.7,2.3,2.2,12.7,강한매수,장대양봉,전고점돌파,0.86,3.93,2026-09-18
BTDR,2.2,12.97,18693558,8619879,242.46,109.95,2.2,2.7,12.4,강한매수,장대양봉,전고점돌파,0.99,4.09,2026-09-18
BRSP,2.2,4.15,3989891,1779853,16.56,6.57,2.5,0.0,-0.7,중립,망치형,전저점이탈,0.7,0.49,2026-09-18
SVV,2.2,9.04,2561132,1151699,23.15,9.61,2.4,-0.6,-1.7,강한매도,장대음봉,전저점이탈,0.0,-3.35,2026-09-18
DNLI,2.2,19.72,2956193,1330491,58.3,31.11,1.9,-0.3,-1.7,매도주의,음봉,전저점이탈,0.27,-1.73,2026-09-18
DSX,2.2,3.11,2996073,1367198,9.32,4.58,2.0,1.0,0.3,매수관심,팽이도지,전고점돌파,0.36,1.33,2026-09-18
SRXH,2.2,1.67,1153284,520309,1.93,0.89,2.2,1.2,1.8,중립,위꼬리양봉,완만한상승,0.2,-0.46,2026-09-18
BZAI,2.2,0.635,6565732,3013960,4.17,1.81,2.3,0.0,3.1,매수관심,양봉,완만한상승,0.57,1.68,2026-09-18
OPRA,2.2,18.06,619045,282906,11.18,5.9,1.9,0.5,-1.8,매도주의,장대음봉,잔구간,0.09,-1.245,2026-09-18
OPFI,2.2,6.53,2288332,1027074,14.94,7.54,2.0,-0.4,-6.8,강한매도,장대음봉,전저점이탈,0.0,-3.35,2026-09-18
TWI,2.2,7.0,849159,390521,5.94,4.13,1.4,0.0,-2.1,매도주의,장대음봉,잔구간,0.27,-1.14,2026-09-18
ASIX,2.2,16.21,570832,259501,9.25,4.48,2.1,-1.5,-1.9,매도주의,장대음봉,잔구간,0.19,-1.185,2026-09-18
TIPT,2.2,17.52,338561,157375,5.93,2.76,2.1,-0.1,-0.1,중립,팽이도지,잔구간,0.69,0.115,2026-09-18
UA,2.2,4.8,4155123,1887253,19.94,9.93,2.0,-0.2,-0.6,중립,팽이도지,잔구간,0.33,-0.1,2026-09-18
SMMT,2.2,17.85,13060581,5942375,233.13,118.12,2.0,0.1,0.6,강한매수,양봉스프링,완만한상승,0.96,2.95,2026-09-18
MFIC,2.2,9.02,913211,406254,8.24,4.22,2.0,1.0,-3.2,매도주의,장대음봉,잔구간,0.08,-1.25,2026-09-18
AVIR,2.2,5.33,600437,273472,3.2,1.53,2.1,-1.0,2.3,강한매수,장대양봉,완만한상승,0.8,3.26,2026-09-18
BHVN,2.2,13.62,6431845,2973093,87.6,46.64,1.9,1.3,-3.2,중립,음봉,잔구간,0.18,-0.54,2026-09-18
TBLA,2.2,3.6,3216015,1490030,11.58,6.16,1.9,1.1,-3.2,강한매도,장대음봉,전저점이탈,0.14,-3.18,2026-09-18
ASAN,2.2,9.51,14177501,6340596,134.83,94.9,1.4,0.0,-5.7,매도주의,장대음봉,잔구간,0.11,-1.235,2026-09-18
EVLV,2.2,5.01,4784722,2168291,23.97,11.01,2.2,0.0,-0.6,중립,음봉,잔구간,0.36,-0.435,2026-09-18
LMRI,2.2,11.08,678175,310851,7.51,3.62,2.1,-0.7,-3.1,매도주의,장대음봉,전저점부근,0.18,-1.63,2026-09-18
CNNE,2.2,14.96,1247991,570654,18.67,8.01,2.3,-0.4,-1.8,강한매도,장대음봉,전저점이탈,0.05,-3.29,2026-09-18
TSHA,2.2,5.02,9116676,4214570,45.77,16.82,2.7,0.0,-2.7,중립,음봉,잔구간,0.19,-0.535,2026-09-18
CYPH,2.2,3.6,30644738,14040192,110.32,46.61,2.4,-1.1,18.6,강한매수,장대양봉,전고점돌파,0.84,3.91,2026-09-18
NTLA,2.2,12.14,8626304,3957841,104.72,46.48,2.3,-0.9,-0.1,중립,팽이도지,잔구간,0.45,-0.03,2026-09-18
GLDG,2.2,1.01,1304386,590807,1.32,0.57,2.3,-1.0,0.0,중립,팽이도지,잔구간,0.57,0.04,2026-09-18
NXDR,2.2,2.49,4568642,2059003,11.38,5.5,2.1,0.8,-0.4,중립,팽이도지,전고점부근,0.59,-0.34,2026-09-18
AI,2.2,10.48,9750211,4443437,102.18,59.06,1.7,0.6,-3.4,중립,음봉,잔구간,0.07,-0.61,2026-09-18
GSBD,2.1,9.7,1305469,635440,12.66,7.69,1.6,0.1,-3.0,매도주의,장대음봉,잔구간,0.03,-1.28,2026-09-18
XPRO,2.1,16.46,1623149,777057,26.72,13.6,2.0,-0.4,0.7,매수관심,양봉스프링,잔구간,0.86,0.965,2026-09-18
GOOD,2.1,12.61,643347,309010,8.11,4.18,1.9,0.5,-1.6,매도주의,장대음봉,잔구간,0.09,-1.245,2026-09-18
NVTS,2.1,11.43,21331639,10247071,243.82,119.94,2.0,2.3,0.3,매수관심,양봉스프링,잔구간,0.8,0.93,2026-09-18
ACIC,2.1,9.18,459658,214759,4.22,1.91,2.2,-0.7,0.8,매수관심,양봉,완만한상승,0.6,1.72,2026-09-18
ACEL,2.1,11.27,626989,292530,7.07,3.11,2.3,-0.3,-1.3,강한매도,장대음봉,전저점이탈,0.33,-2.95,2026-09-18
OCS,2.1,10.14,412068,197971,4.18,2.04,2.0,1.9,-0.3,중립,팽이도지,잔구간,0.62,0.07,2026-09-18
ARLO,2.1,13.24,2176178,1037284,28.81,18.4,1.6,0.5,-1.3,중립,음봉,잔구간,0.32,-0.46,2026-09-18
INFQ,2.1,13.23,16124296,7745813,213.32,103.99,2.1,1.1,-5.6,중립,음봉,잔구간,0.4,-0.41,2026-09-18
BTZ,2.1,9.65,652319,314057,6.29,3.66,1.7,-0.2,0.4,매수관심,양봉스프링,잔구간,1.0,1.05,2026-09-18
MGNX,2.1,4.14,873940,406698,3.62,1.75,2.1,-0.2,0.5,매수관심,양봉,완만한상승,0.67,1.8,2026-09-18
CLVT,2.1,1.89,11214509,5227171,21.2,8.72,2.4,-0.5,0.0,중립,팽이도지,수횡파,0.37,0.44,2026-09-18
SIDU,2.1,1.97,6677590,3173325,13.15,6.97,1.9,0.0,-2.5,중립,음봉,잔구간,0.38,-0.42,2026-09-18
SLDP,2.1,2.47,4911460,2386469,12.13,6.66,1.8,0.2,-3.1,중립,음봉,잔구간,0.3,-0.47,2026-09-18
ALOY,2.1,8.26,4563246,2222389,37.69,16.67,2.3,0.2,-0.1,중립,팽이도지,잔구간,0.69,0.115,2026-09-18
QUAD,2.1,9.43,678952,323348,6.4,3.89,1.6,-0.3,-1.4,중립,음봉,전저점부근,0.47,0.01,2026-09-18
EPRX,2.1,8.58,555035,259393,4.76,5.23,0.9,-0.1,2.5,강한매수,장대양봉,전고점돌파,0.61,3.63,2026-09-18
MNTK,2.1,2.25,801694,380235,1.8,1.05,1.7,0.0,2.3,매수관심,양봉,완만한상승,0.69,1.83,2026-09-18
PTEN,2.1,11.78,17488945,8165773,206.02,95.76,2.2,-0.8,-1.3,매도주의,장대음봉,전저점부근,0.11,-1.72,2026-09-18
STRO,2.1,15.34,651375,310841,9.99,6.56,1.5,0.6,-1.5,중립,망치형,잔구간,0.69,0.615,2026-09-18
BRCB,2.1,7.19,785115,369854,5.64,3.49,1.6,-1.3,1.7,중립,양봉,잔구간,0.44,0.315,2026-09-18
ERII,2.1,6.99,1947844,921385,13.62,7.41,1.8,-1.1,0.3,중립,팽이도지,잔구간,0.6,0.06,2026-09-18
INR,2.1,12.72,698897,337140,8.89,4.23,2.1,0.0,-1.6,매도주의,음봉,전저점이탈,0.25,-1.75,2026-09-18
FRVO,2.1,16.91,9227715,4438487,156.04,92.53,1.7,1.2,0.3,매수관심,팽이도지,완만한상승,0.59,1.01,2026-09-18
EYE,2.1,16.875,5105883,2442472,86.16,36.52,2.4,-0.3,0.3,강한매수,양봉스프링,완만한상승,0.84,2.81,2026-09-18
NAKA,2.1,9.17,436729,210986,4.0,1.66,2.4,2.6,5.2,강한매수,장대양봉,전고점돌파,0.86,3.93,2026-09-18
UEC,2.1,9.81,17692664,8627874,173.57,83.96,2.1,2.0,-4.9,매도주의,장대음봉,전저점부근,0.27,-1.53,2026-09-18
ARVN,2.1,8.29,1775940,842642,14.72,7.87,1.9,-0.2,0.0,중립,팽이도지,잔구간,0.62,0.07,2026-09-18
AVEX,2.1,16.2,2201038,1025423,35.66,20.25,1.8,0.4,-3.3,중립,음봉,잔구간,0.31,-0.465,2026-09-18
TDOC,2.1,6.3,5496367,2659257,34.63,19.26,1.8,0.5,-0.2,강한매수,망치형,완만한상승,0.74,2.19,2026-09-18
TCPC,2.1,4.0,1522874,711974,6.09,3.07,2.0,0.8,-0.7,중립,망치형,잔구간,0.75,0.65,2026-09-18
TLS,2.1,4.07,1626372,773611,6.62,3.21,2.1,-1.7,-1.0,중립,망치형,잔구간,0.58,0.55,2026-09-18
OFIX,2.1,8.71,610246,288248,5.32,2.87,1.9,-1.2,2.0,매수관심,양봉,수횡파,0.68,1.52,2026-09-18
HAIN,2.1,0.56,2917322,1362625,1.63,2.98,0.5,1.5,-3.6,매도주의,장대음봉,잔구간,0.01,-1.295,2026-09-18
CRWG,2.1,16.07,3118536,1506126,50.11,37.06,1.4,0.0,3.5,중립,양봉,잔구간,0.87,0.57,2026-09-18
SMU,2.1,4.47,5946128,2772259,26.58,18.98,1.4,-0.2,-17.1,매도주의,장대음봉,잔구간,0.04,-1.275,2026-09-18
CHA,2.1,12.02,2102079,990764,25.27,16.59,1.5,0.1,-1.6,중립,음봉,수횡파,0.06,-0.63,2026-09-18
CMRC,2.1,3.33,2165087,1030710,7.21,4.58,1.6,0.0,-2.3,매도주의,장대음봉,잔구간,0.38,-1.07,2026-09-18
DDI,2.1,12.75,527420,253549,6.72,2.22,3.0,-0.9,1.0,매수관심,양봉,완만한상승,0.5,1.6,2026-09-18
STNE,2.1,9.53,8183248,3866961,77.99,44.58,1.7,-0.7,-1.5,중립,음봉,잔구간,0.1,-0.59,2026-09-18
SPT,2.1,10.17,1957153,925822,19.9,13.45,1.5,-0.4,-5.7,매도주의,장대음봉,잔구간,0.04,-1.275,2026-09-18
PUBM,2.1,17.55,1151270,548047,20.2,9.56,2.1,1.0,0.2,강한매수,양봉스프링,완만한상승,0.8,2.76,2026-09-18
APLE,2.1,15.58,5070058,2413573,78.99,37.52,2.1,-0.7,0.6,중립,양봉,잔구간,1.0,0.65,2026-09-18
CVGI,2.0,2.93,469076,239728,1.37,0.75,1.8,-0.3,-1.0,매도주의,음봉,전저점이탈,0.28,-1.71,2026-09-18
UPB,2.0,5.34,1000981,499273,5.35,3.91,1.4,0.2,0.4,중립,팽이도지,잔구간,0.65,0.09,2026-09-18
CAG,2.0,15.13,22687669,11376032,343.26,161.7,2.1,-0.7,0.4,중립,팽이도지,잔구간,0.59,0.055,2026-09-18
VLY,2.0,13.59,13205047,6740547,179.46,82.68,2.2,-0.3,-0.3,중립,망치형,잔구간,0.84,0.705,2026-09-18
VTRS,2.0,16.95,15646115,7836142,265.2,126.03,2.1,0.4,-1.4,매도주의,장대음봉,잔구간,0.14,-1.215,2026-09-18
RMNI,2.0,4.38,652907,324909,2.86,1.92,1.5,3.0,-2.4,중립,음봉,잔구간,0.16,-0.555,2026-09-18
CWVX,2.0,13.41,2270773,1119615,30.45,22.16,1.4,0.4,3.2,중립,양봉,잔구간,0.87,0.57,2026-09-18
CIK,2.0,2.38,1425658,724322,3.39,1.43,2.4,-0.8,1.3,강한매수,장대양봉,완만한상승,1.0,3.5,2026-09-18
ZVRA,2.0,11.61,1481695,735307,17.2,11.11,1.5,-0.7,-1.3,중립,음봉,잔구간,0.22,-0.52,2026-09-18
WEAV,2.0,7.29,3327835,1652304,24.26,13.99,1.7,0.1,-0.7,강한매도,장대음봉,전저점이탈,0.0,-3.35,2026-09-18
LXU,2.0,11.04,1792507,890043,19.79,9.03,2.2,0.1,-2.1,매도주의,장대음봉,잔구간,0.31,-1.115,2026-09-18
GOSS,2.0,10.73,530221,269982,5.69,2.64,2.2,0.5,-10.6,매도주의,장대음봉,잔구간,0.03,-1.28,2026-09-18
GO,2.0,11.27,3592554,1839678,40.49,27.11,1.5,-0.9,-2.2,매도주의,장대음봉,잔구간,0.14,-1.215,2026-09-18
HOS,2.0,8.41,4358538,2185493,36.66,25.01,1.5,0.3,-2.3,강한매도,장대음봉,전저점이탈,0.38,-2.89,2026-09-18
NNBR,2.0,3.31,1941877,988388,6.43,3.87,1.7,0.6,-2.4,중립,음봉,잔구간,0.4,-0.41,2026-09-18
ABUS,2.0,5.01,6458529,3259152,32.36,19.52,1.7,-0.6,-0.6,매도주의,음봉,전저점이탈,0.37,-1.61,2026-09-18
HCKT,2.0,10.38,377997,187339,3.92,2.42,1.6,-1.3,-2.4,강한매도,장대음봉,전저점이탈,0.33,-2.95,2026-09-18
AIOT,2.0,2.88,2338539,1167589,6.73,3.47,1.9,0.0,-3.0,강한매도,장대음봉,전저점이탈,0.1,-3.23,2026-09-18
ANGI,2.0,5.3,1375952,684520,7.29,4.12,1.8,0.0,0.0,강한매수,양봉스프링,완만한상승,0.88,2.86,2026-09-18
DNUT,2.0,3.02,3437374,1722603,10.38,6.04,1.7,-1.0,0.0,강한매도,위꼬리양봉,전저점이탈,0.0,-2.35,2026-09-18
PZZA,2.0,19.78,2907335,1479162,57.51,34.28,1.7,-0.5,-1.1,매도주의,음봉,전저점이탈,0.28,-1.71,2026-09-18
RENT,2.0,1.86,829272,423824,1.54,0.8,1.9,-1.0,-2.6,중립,망치형,잔구간,0.74,0.645,2026-09-18
RGP,2.0,3.96,696158,345869,2.76,1.32,2.1,-0.8,0.5,중립,위꼬리양봉,잔구간,0.25,-0.65,2026-09-18
VIV,2.0,11.95,2997359,1481388,35.82,17.15,2.1,-1.0,0.6,매수관심,양봉,수횡파,0.68,1.52,2026-09-18
CODI,2.0,11.03,872745,427720,9.63,6.18,1.6,-0.2,-0.3,중립,망치형,잔구간,0.7,0.62,2026-09-18
XRAY,2.0,9.54,8473267,4175745,80.83,43.87,1.8,0.1,1.7,중립,양봉,잔구간,0.63,0.43,2026-09-18
MAGN,2.0,11.5,715100,353685,8.22,4.0,2.1,-0.9,-0.9,중립,음봉,잔구간,0.4,-0.41,2026-09-18
STGW,2.0,8.12,2351044,1171396,19.09,10.3,1.9,-0.1,-2.2,강한매도,장대음봉,전저점이탈,0.26,-3.04,2026-09-18
IART,2.0,15.22,2169063,1109749,33.01,15.74,2.1,-0.8,1.6,매수관심,장대양봉,잔구간,0.95,1.27,2026-09-18
MSOX,2.0,2.9,2818430,1432831,8.17,4.41,1.9,-1.7,-0.7,중립,팽이도지,잔구간,0.65,0.09,2026-09-18
IBRX,2.0,8.48,18428898,9181618,156.28,76.98,2.0,0.0,0.2,강한매수,양봉스프링,완만한상승,0.85,2.82,2026-09-18
PUMP,2.0,10.48,8538837,4259791,89.49,40.12,2.2,0.2,0.0,매도주의,위꼬리양봉,잔구간,0.0,-0.8,2026-09-18
FPEI,2.0,18.83,728968,371986,13.73,6.86,2.0,-0.1,-0.1,중립,음봉,잔구간,0.25,-0.5,2026-09-18
BRUN,2.0,17.27,5623769,2788873,97.12,35.94,2.7,4.6,-1.0,매수관심,팽이도지,완만한상승,0.55,0.96,2026-09-18
FSIG,2.0,18.6,501528,256087,9.33,4.41,2.1,-0.2,0.0,매수관심,양봉스프링,잔구간,1.0,1.05,2026-09-18
FOTO,2.0,17.69,346699,173258,6.13,4.13,1.5,0.9,2.0,강한매수,장대양봉,완만한상승,0.92,3.4,2026-09-18
SFIX,2.0,2.84,3015171,1506737,8.56,4.26,2.0,0.0,-2.4,중립,음봉,잔구간,0.24,-0.505,2026-09-18
SNDQ,2.0,10.36,48557915,24085430,503.06,384.61,1.3,-1.7,-20.4,강한매도,장대음봉,전저점이탈,0.04,-3.3,2026-09-18
FOSL,2.0,5.47,1367767,669473,7.48,3.42,2.2,0.0,-2.8,매도주의,장대음봉,잔구간,0.33,-1.1,2026-09-18
EPM,2.0,3.86,1192043,609545,4.6,2.02,2.3,1.1,3.5,강한매수,장대양봉,수횡파,0.7,3.84,2026-09-18
MSTY,2.0,16.48,4426783,2233093,72.95,35.91,2.0,2.7,9.6,강한매수,장대양봉,전고점돌파,0.98,4.08,2026-09-18
MOMO,2.0,4.88,1620256,819094,7.91,5.61,1.4,0.0,-0.4,매도주의,위꼬리음봉,전저점부근,0.22,-1.09,2026-09-18
UAMY,2.0,4.63,9113997,4584972,42.2,24.81,1.7,1.5,-1.1,중립,음봉,잔구간,0.52,-0.34,2026-09-18
AVD,2.0,2.17,474749,238762,1.03,0.48,2.2,-0.5,0.0,매수관심,양봉스프링,잔구간,1.0,1.05,2026-09-18
TDAY,2.0,6.24,3653894,1859064,22.8,13.23,1.7,-0.3,-1.0,중립,음봉,잔구간,0.23,-0.51,2026-09-18
IBX,2.0,16.83,574703,294262,9.67,5.63,1.7,0.1,-7.1,강한매도,장대음봉,전저점이탈,0.01,-3.34,2026-09-18
HYLN,2.0,4.2,2807912,1396557,11.79,6.34,1.9,0.5,2.4,강한매수,양봉,완만한상승,0.9,2.08,2026-09-18
PENN,2.0,16.45,5341974,2670189,87.88,48.72,1.8,-1.4,-4.5,강한매도,장대음봉,전저점이탈,0.04,-3.3,2026-09-18
FJET,2.0,1.64,3259712,1593839,5.35,4.26,1.3,0.0,-11.4,강한매도,장대음봉,전저점이탈,0.0,-3.35,2026-09-18
AVO,2.0,12.9,1703926,842234,21.98,11.36,1.9,-0.3,3.9,매수관심,장대양봉,잔구간,0.84,1.205,2026-09-18
BLNK,2.0,0.599,1886939,948231,1.13,0.7,1.6,1.5,8.0,강한매수,장대양봉,전고점돌파,0.98,4.08,2026-09-18
ONT,2.0,18.11,954622,480757,17.29,8.09,2.1,-0.5,3.5,강한매수,양봉,완만한상승,0.89,2.07,2026-09-18
BGC,2.0,12.22,8290201,4197482,101.31,41.71,2.4,0.0,1.9,매수관심,양봉,수횡파,0.74,1.59,2026-09-18
FVRR,2.0,8.5,896325,457855,7.62,4.38,1.7,0.1,-2.9,강한매도,장대음봉,전저점이탈,0.21,-3.1,2026-09-18
HGTY,2.0,13.94,900341,453520,12.55,13.64,0.9,0.1,0.4,매수관심,양봉,완만한상승,0.76,1.91,2026-09-18
CDZI,2.0,3.56,1389222,696128,4.95,3.51,1.4,0.3,5.3,매수관심,장대양봉,잔구간,0.83,1.2,2026-09-18
CONL,2.0,6.27,57207307,29113750,358.69,130.79,2.7,5.1,17.2,강한매수,장대양봉,완만한상승,0.89,3.37,2026-09-18
HCAT,1.9,1.79,860996,457104,1.54,0.86,1.8,0.0,-0.6,중립,망치형,잔구간,0.86,0.715,2026-09-18
GSIT,1.9,5.32,1234753,646808,6.57,3.03,2.2,0.4,1.5,중립,양봉,잔구간,0.95,0.62,2026-09-18
HTGC,1.9,17.33,2091032,1107949,36.24,22.19,1.6,-0.1,-2.4,매도주의,장대음봉,전저점부근,0.13,-1.69,2026-09-18
NG,1.9,7.27,12904451,6704839,93.82,46.44,2.0,0.7,-2.8,매도주의,장대음봉,잔구간,0.31,-1.115,2026-09-18
OCGN,1.9,1.06,14758161,7886980,15.64,11.58,1.4,-0.5,3.4,매수관심,양봉,완만한상승,0.71,1.85,2026-09-18
GPGI,1.9,11.98,2460492,1306771,29.48,23.66,1.2,0.2,-3.1,중립,음봉,잔구간,0.1,-0.59,2026-09-18
LUCD,1.9,0.786,2402878,1252451,1.89,0.99,1.9,2.5,-1.8,중립,음봉,잔구간,0.57,-0.31,2026-09-18
LUXE,1.9,10.08,836851,432785,8.44,3.91,2.2,0.0,6.3,강한매수,장대양봉,전고점돌파,0.94,4.03,2026-09-18
VERX,1.9,11.96,2468954,1291531,29.53,18.25,1.6,-0.1,-2.7,매도주의,음봉,전저점이탈,0.24,-1.76,2026-09-18
LOCO,1.9,14.22,381450,196857,5.42,2.99,1.8,-0.5,-0.2,강한매도,위꼬리음봉,전저점이탈,0.11,-2.72,2026-09-18
WB,1.9,6.54,1937786,1009063,12.67,6.96,1.8,0.2,-0.3,매도주의,위꼬리음봉,잔구간,0.1,-0.99,2026-09-18
KLC,1.9,2.24,912854,491151,2.04,1.39,1.5,-0.8,-4.3,매도주의,음봉,전저점이탈,0.1,-1.93,2026-09-18
ACHR,1.9,5.26,46907175,25198446,246.73,126.69,1.9,2.0,-4.5,매도주의,장대음봉,잔구간,0.06,-1.265,2026-09-18
WWW,1.9,18.93,1268886,653420,24.02,14.54,1.7,-0.3,-1.9,매도주의,장대음봉,전저점부근,0.09,-1.74,2026-09-18
XE,1.9,15.77,16488003,8610446,260.02,127.81,2.0,-0.3,-3.1,중립,음봉,잔구간,0.28,-0.48,2026-09-18
NPWR,1.9,1.83,1048368,560246,1.92,1.2,1.6,0.0,0.5,강한매수,양봉스프링,완만한상승,0.88,2.86,2026-09-18
NPKI,1.9,12.73,1231216,636410,15.67,8.61,1.8,-0.1,-0.1,중립,팽이도지,잔구간,0.42,-0.05,2026-09-18
BDTX,1.9,1.96,1178623,627848,2.31,1.04,2.2,-1.0,2.6,매수관심,장대양봉,잔구간,1.0,1.3,2026-09-18
ORBS,1.9,1.04,17635178,9522438,18.34,14.61,1.3,5.7,8.6,매수관심,장대양봉,잔구간,0.74,1.145,2026-09-18
OFRM,1.9,16.56,799801,412954,13.24,6.0,2.2,-0.1,0.4,매수관심,팽이도지,완만한상승,0.47,0.86,2026-09-18
BOC,1.9,13.52,357778,189471,4.84,2.22,2.2,-0.1,-1.0,중립,음봉,잔구간,0.67,-0.25,2026-09-18
STDN,1.9,12.84,1211891,625447,15.56,8.13,1.9,-0.3,3.1,매수관심,양봉,완만한상승,0.77,1.92,2026-09-18
SWBI,1.9,13.64,1187708,610240,16.2,10.95,1.5,-0.5,2.9,강한매수,장대양봉,전고점돌파,0.98,4.08,2026-09-18
TBPH,1.9,17.02,683740,368838,11.64,5.38,2.2,-0.1,-0.1,중립,음봉,잔구간,0.0,-0.65,2026-09-18
TMCI,1.9,4.49,344759,181132,1.55,0.93,1.7,0.9,-1.8,중립,음봉,수횡파,0.12,-0.56,2026-09-18
TU,1.9,8.75,11172037,6026144,97.76,58.98,1.7,-0.7,-1.1,강한매도,장대음봉,전저점이탈,0.13,-3.19,2026-09-18
AVAH,1.9,13.67,6548263,3378833,89.51,46.39,1.9,-0.5,-1.7,중립,음봉,잔구간,0.17,-0.55,2026-09-18
TTGT,1.9,3.84,447638,231166,1.72,1.02,1.7,-0.8,0.8,강한매수,양봉스프링,완만한상승,0.9,2.88,2026-09-18
ASLE,1.9,5.47,761295,390859,4.16,2.51,1.7,0.0,0.0,중립,팽이도지,완만한상승,0.38,0.76,2026-09-18
PALI,1.9,1.59,6872526,3567927,10.93,6.58,1.7,-1.2,-5.4,강한매도,장대음봉,전저점이탈,0.04,-3.3,2026-09-18
QDEL,1.9,10.62,2978699,1527938,31.63,17.25,1.8,-0.8,-3.5,중립,음봉,전저점부근,0.36,-0.12,2026-09-18
RBBN,1.9,1.72,1671984,866640,2.88,1.9,1.5,-0.6,3.6,매수관심,양봉,완만한상승,0.64,1.77,2026-09-18
DRH,1.9,12.24,5774647,2998386,70.68,34.67,2.0,-0.5,0.4,중립,양봉,잔구간,0.83,0.55,2026-09-18
MNKD,1.9,3.54,5513382,2931353,19.52,12.56,1.6,0.3,-1.4,중립,음봉,전저점부근,0.33,-0.15,2026-09-18
MNTS,1.9,4.18,933142,482460,3.9,2.38,1.6,-0.2,-3.5,매도주의,장대음봉,잔구간,0.25,-1.15,2026-09-18
FNKO,1.9,5.38,1811566,976304,9.75,5.91,1.6,1.2,-0.8,매수관심,팽이도지,완만한상승,0.49,0.89,2026-09-18
ARR,1.9,14.68,9878095,5098524,145.01,66.04,2.2,0.0,-1.2,강한매도,장대음봉,전저점이탈,0.05,-3.29,2026-09-18
CABA,1.9,2.55,12484814,6694762,31.84,17.5,1.8,-1.2,0.0,중립,팽이도지,잔구간,0.33,-0.1,2026-09-18
RES,1.9,5.86,3458875,1868830,20.27,11.2,1.8,-0.2,-1.0,중립,음봉,전저점부근,0.32,-0.17,2026-09-18
RIVN,1.9,14.99,37236998,20089109,558.18,309.61,1.8,0.3,-2.9,매도주의,장대음봉,잔구간,0.11,-1.235,2026-09-18
ELTX,1.9,1.89,689736,367536,1.3,0.84,1.5,-0.3,1.6,중립,위꼬리양봉,잔구간,0.21,-0.675,2026-09-18
DOMO,1.9,3.76,1985754,1060886,7.47,5.69,1.3,0.0,-2.6,매도주의,장대음봉,잔구간,0.22,-1.17,2026-09-18
DFH,1.9,11.35,1947467,1025691,22.1,11.76,1.9,-1.3,-1.8,매도주의,음봉,전저점이탈,0.22,-1.79,2026-09-18
DJT,1.9,8.85,4519164,2381657,39.99,26.45,1.5,0.8,1.1,강한매수,양봉,완만한상승,0.87,2.04,2026-09-18
SRFM,1.9,0.698,7365253,3882884,5.14,4.17,1.2,4.7,5.0,중립,양봉,잔구간,0.76,0.505,2026-09-18
CAST,1.9,1.37,1037054,549884,1.42,1.05,1.4,-0.7,-2.8,매도주의,위꼬리음봉,잔구간,0.0,-1.05,2026-09-18
CXM,1.9,5.33,5515208,2945787,29.4,21.64,1.4,0.5,-5.7,매도주의,장대음봉,잔구간,0.09,-1.245,2026-09-18
MFA,1.9,8.36,3277162,1722489,27.4,13.49,2.0,-0.2,-1.4,매도주의,장대음봉,전저점부근,0.0,-1.85,2026-09-18
MKDW,1.9,2.63,1114406,579112,2.93,3.11,0.9,-0.7,-63.9,강한매도,장대음봉,전저점이탈,0.06,-3.28,2026-09-18
AREC,1.9,1.98,2550354,1373632,5.05,3.31,1.5,0.5,-1.5,중립,음봉,잔구간,0.29,-0.475,2026-09-18
BVS,1.9,12.91,828233,442588,10.69,6.45,1.7,-1.1,3.4,매수관심,장대양봉,잔구간,0.88,1.23,2026-09-18
RRGB,1.9,7.05,461318,245869,3.25,2.18,1.5,-0.3,-2.8,중립,음봉,잔구간,0.0,-0.65,2026-09-18
SMPL,1.9,10.13,4947137,2565601,50.11,24.06,2.1,-1.9,2.7,매수관심,장대양봉,잔구간,0.88,1.23,2026-09-18
CIEG,1.9,4.05,1257281,664925,5.09,3.48,1.5,7.1,-4.0,중립,음봉,완만한상승,0.55,0.26,2026-09-18
RKT,1.9,12.29,49461916,26075637,607.89,414.43,1.5,-0.7,-1.6,매도주의,음봉,전저점이탈,0.07,-1.97,2026-09-18
SBET,1.9,9.35,16209012,8349519,151.55,74.72,2.0,4.6,8.2,강한매수,장대양봉,완만한상승,0.98,3.48,2026-09-18
CCC,1.9,6.55,25232872,13626181,165.28,87.99,1.9,0.0,-0.8,중립,망치형,잔구간,0.65,0.59,2026-09-18
CGBD,1.9,11.41,602567,312228,6.88,3.82,1.8,-0.1,-1.8,매도주의,장대음봉,잔구간,0.17,-1.2,2026-09-18
CHPT,1.9,10.32,2675861,1400790,27.61,67.95,0.4,0.8,3.2,강한매수,양봉,전고점돌파,0.5,2.2,2026-09-18
CTMX,1.9,2.76,9598348,5176872,26.49,11.75,2.3,0.4,-2.5,중립,음봉,잔구간,0.29,-0.475,2026-09-18
RUM,1.9,9.09,12440637,6590642,113.09,54.54,2.1,1.8,0.4,중립,위꼬리양봉,전고점돌파,0.34,0.31,2026-09-18
VUZI,1.9,2.75,1112673,582405,3.06,1.46,2.1,0.4,-0.4,매수관심,팽이도지,완만한상승,0.48,0.88,2026-09-18
DCTH,1.8,16.11,703196,392123,11.33,5.62,2.0,0.0,-0.9,중립,음봉,잔구간,0.42,-0.4,2026-09-18
DEI,1.8,10.25,3583816,1944549,36.73,19.04,1.9,-0.5,0.1,중립,팽이도지,잔구간,0.55,0.03,2026-09-18
DNA,1.8,7.88,1763193,954437,13.89,7.51,1.8,-0.1,0.6,강한매수,양봉스프링,완만한상승,0.79,2.75,2026-09-18
REM,1.8,19.58,1160514,646157,22.72,14.05,1.6,0.2,-1.3,매도주의,장대음봉,전저점부근,0.07,-1.77,2026-09-18
RFIL,1.8,8.01,569723,319574,4.56,3.24,1.4,-0.4,1.4,중립,양봉,잔구간,0.73,0.49,2026-09-18
KC,1.8,9.92,1994435,1113101,19.78,12.07,1.6,3.5,2.2,매수관심,장대양봉,잔구간,0.92,1.25,2026-09-18
IREG,1.8,9.979,1127980,639109,11.26,6.42,1.8,5.8,8.2,강한매수,양봉,완만한상승,0.99,2.19,2026-09-18
AUR,1.8,6.31,44587089,25391315,281.34,197.35,1.4,0.2,-3.0,매도주의,장대음봉,수횡파,0.08,-1.9,2026-09-18
KVYO,1.8,15.42,11028814,6162497,170.06,105.24,1.6,0.8,-3.6,강한매도,장대음봉,전저점이탈,0.24,-3.06,2026-09-18
MPT,1.8,3.4,20813071,11714684,70.76,42.95,1.6,0.6,-6.1,매도주의,장대음봉,전저점부근,0.15,-1.67,2026-09-18
LOFF,1.8,17.52,3213312,1745462,56.3,35.43,1.6,-0.5,-2.0,중립,팽이도지,잔구간,0.48,-0.01,2026-09-18
VIVO,1.8,3.86,417009,226840,1.61,1.13,1.4,2.1,1.3,매수관심,양봉스프링,잔구간,0.81,0.935,2026-09-18
USNA,1.8,14.14,337828,191945,4.78,3.11,1.5,-0.3,-1.1,매도주의,음봉,전저점이탈,0.26,-1.74,2026-09-18
NAGE,1.8,2.99,609168,331187,1.82,1.08,1.7,0.0,0.0,중립,팽이도지,완만한상승,0.36,0.73,2026-09-18
CWK,1.8,12.4,2918873,1596115,36.19,23.02,1.6,-0.7,0.0,중립,팽이도지,전저점부근,0.48,0.73,2026-09-18
EOLS,1.8,7.86,1181608,660691,9.29,7.56,1.2,-0.1,-1.7,매도주의,장대음봉,잔구간,0.28,-1.13,2026-09-18
EQ,1.8,1.92,853468,475828,1.64,1.1,1.5,0.0,1.6,중립,위꼬리양봉,잔구간,0.44,-0.535,2026-09-18
DBI,1.8,6.02,1653499,933578,9.95,5.33,1.9,-0.2,-0.8,매도주의,위꼬리음봉,잔구간,0.14,-0.965,2026-09-18
PTON,1.8,4.97,11821062,6466361,58.75,45.78,1.3,0.0,1.4,중립,양봉,잔구간,0.86,0.565,2026-09-18
PSFE,1.8,6.23,522136,288481,3.25,1.98,1.6,-0.6,0.2,중립,팽이도지,잔구간,0.58,0.05,2026-09-18
UP,1.8,3.58,300824,167169,1.08,0.49,2.2,-0.3,1.4,중립,팽이도지,잔구간,0.64,0.085,2026-09-18
MARA,1.8,13.24,84319407,47714511,1116.39,579.55,1.9,4.1,9.3,강한매수,장대양봉,전고점돌파,0.94,4.03,2026-09-18
INMB,1.8,2.33,677640,377976,1.58,0.88,1.8,1.8,5.0,중립,양봉,잔구간,0.63,0.43,2026-09-18
TOYO,1.8,4.41,539701,295555,2.38,1.82,1.3,0.5,1.4,강한매수,장대양봉,완만한상승,0.7,3.14,2026-09-18
INSE,1.8,4.58,497967,282570,2.28,1.01,2.3,-0.4,-4.0,매도주의,음봉,전저점이탈,0.06,-1.98,2026-09-18
EYPT,1.8,3.85,7266552,4105623,27.98,14.39,1.9,-1.0,-2.5,중립,음봉,잔구간,0.27,-0.49,2026-09-18
FBIO,1.8,2.51,414780,225900,1.04,0.61,1.7,-0.4,0.4,중립,팽이도지,잔구간,0.42,-0.05,2026-09-18
CVRX,1.8,3.04,810573,455414,2.46,1.71,1.4,-0.3,1.7,강한매수,양봉,완만한상승,0.83,2.0,2026-09-18
PDM,1.8,9.13,2699547,1527923,24.65,23.5,1.0,-1.0,-1.5,매도주의,장대음봉,잔구간,0.05,-1.27,2026-09-18
CRCD,1.8,1.855,10729883,6054141,19.9,13.68,1.5,-5.5,-10.8,매도주의,장대음봉,잔구간,0.15,-1.21,2026-09-18
FOXF,1.8,18.77,763137,412971,14.32,8.52,1.7,-0.2,-3.0,강한매도,장대음봉,전저점이탈,0.1,-3.23,2026-09-18
FNB,1.8,17.93,7338685,4015626,131.58,68.68,1.9,-0.4,-0.2,중립,망치형,잔구간,0.58,0.55,2026-09-18
FSM,1.8,11.95,5821904,3201904,69.57,42.7,1.6,0.8,-0.6,중립,망치형,잔구간,0.61,0.565,2026-09-18
VMD,1.8,8.91,414564,231502,3.69,2.28,1.6,0.2,-0.7,중립,음봉,잔구간,0.25,-0.5,2026-09-18
VYX,1.8,6.74,5932108,3354277,39.98,24.12,1.7,-0.3,-2.6,강한매도,장대음봉,전저점이탈,0.11,-3.22,2026-09-18
WIT,1.8,1.66,12503000,7072729,20.75,16.13,1.3,0.0,-1.2,중립,음봉,잔구간,0.25,-0.5,2026-09-18
QUBT,1.8,8.7,9769051,5367179,84.99,46.97,1.8,2.0,1.0,강한매수,양봉스프링,전고점돌파,0.94,3.53,2026-09-18
WNC,1.8,11.86,1010579,568355,11.99,8.33,1.4,0.2,-2.3,중립,음봉,잔구간,0.42,-0.4,2026-09-18
ACI,1.8,12.35,15300972,8456765,188.97,99.54,1.9,-0.2,-1.5,매도주의,장대음봉,잔구간,0.12,-1.23,2026-09-18
SPWR,1.8,0.317,4830958,2678900,1.53,13.52,0.1,-0.3,-10.0,매도주의,장대음봉,잔구간,0.0,-1.3,2026-09-18
CRTO,1.8,16.7,338654,187158,5.66,3.84,1.5,0.4,-1.6,강한매도,장대음봉,전저점이탈,0.32,-2.97,2026-09-18
NXE,1.8,9.35,6516288,3557979,60.93,35.93,1.7,1.2,-2.2,매도주의,장대음봉,잔구간,0.03,-1.28,2026-09-18
GPK,1.8,9.31,11839273,6473856,110.22,66.44,1.7,-0.4,-5.0,매도주의,장대음봉,전저점부근,0.1,-1.73,2026-09-18
GPRE,1.8,15.15,2926507,1624983,44.34,24.56,1.8,0.0,0.4,강한매수,양봉스프링,완만한상승,0.83,2.8,2026-09-18
CLSK,1.8,14.47,29674676,16565368,429.39,226.9,1.9,3.1,5.1,강한매수,장대양봉,전고점돌파,0.98,4.08,2026-09-18
CLB,1.8,11.25,902044,487630,10.15,5.33,1.9,-0.3,-1.1,강한매도,위꼬리음봉,전저점이탈,0.17,-2.65,2026-09-18
CRML,1.8,6.73,10142447,5517028,68.26,37.57,1.8,1.9,-3.9,매도주의,장대음봉,잔구간,0.37,-1.08,2026-09-18
SVCO,1.8,6.84,621277,346098,4.25,2.05,2.1,0.4,1.5,매수관심,양봉,완만한상승,0.68,1.82,2026-09-18
BRBR,1.8,8.98,4542428,2549059,40.79,25.89,1.6,-1.0,-0.4,중립,팽이도지,잔구간,0.38,-0.07,2026-09-18
GRND,1.8,15.4,2329192,1272142,35.87,18.97,1.9,0.9,-1.2,중립,음봉,잔구간,0.21,-0.525,2026-09-18
IE,1.8,9.51,4539078,2532304,43.17,23.4,1.8,0.7,-0.4,중립,팽이도지,잔구간,0.54,0.025,2026-09-18
BLDP,1.8,2.17,4165505,2255217,9.04,7.35,1.2,0.5,-0.9,중립,망치형,잔구간,0.78,0.67,2026-09-18
NEXN,1.8,8.71,642938,364316,5.6,4.13,1.4,0.0,-3.0,강한매도,장대음봉,전저점이탈,0.18,-3.13,2026-09-18
HTLD,1.8,11.87,1294830,730675,15.37,9.17,1.7,-0.4,0.0,중립,팽이도지,잔구간,0.61,0.065,2026-09-18
AKR,1.8,19.28,2129224,1210664,41.05,28.97,1.4,1.7,-1.8,매도주의,장대음봉,잔구간,0.2,-1.18,2026-09-18
CAL,1.8,11.74,1060987,575835,12.46,8.23,1.5,-0.6,-2.2,중립,음봉,잔구간,0.17,-0.55,2026-09-18
GDYN,1.8,7.59,1717658,935747,13.04,8.16,1.6,-0.1,-5.9,강한매도,장대음봉,전저점이탈,0.08,-3.25,2026-09-18
SOC,1.8,4.56,14727609,8309126,67.16,33.81,2.0,0.0,4.8,매수관심,양봉,완만한상승,0.71,1.85,2026-09-18
CMCO,1.8,15.76,689311,390119,10.86,7.42,1.5,-0.8,0.9,매수관심,양봉,전저점부근,0.69,1.68,2026-09-18
CDE,1.8,19.76,57718764,31976520,1140.52,611.37,1.9,2.5,-3.5,매도주의,장대음봉,잔구간,0.18,-1.19,2026-09-18
ORN,1.8,9.05,700631,384943,6.34,3.37,1.9,0.4,-0.3,강한매수,망치형,완만한상승,0.67,2.1,2026-09-18
COIG,1.8,6.141,355216,198221,2.18,1.02,2.1,4.4,17.9,강한매수,장대양봉,완만한상승,0.91,3.39,2026-09-18
ALIT,1.8,11.77,731663,405907,8.61,5.26,1.6,-0.3,-3.9,매도주의,장대음봉,잔구간,0.12,-1.23,2026-09-18
LWLG,1.8,5.1,3867270,2193633,19.72,12.32,1.6,0.6,1.0,강한매수,양봉스프링,완만한상승,0.94,2.93,2026-09-18
FLWS,1.7,2.48,924975,535984,2.29,1.31,1.8,1.2,-5.7,강한매도,장대음봉,전저점이탈,0.06,-3.28,2026-09-18
PAGS,1.7,9.26,5043800,3015916,46.71,30.37,1.5,-0.1,-3.0,매도주의,장대음봉,잔구간,0.05,-1.27,2026-09-18
SHIP,1.7,18.59,585955,350477,10.89,8.24,1.3,0.9,-2.0,매도주의,장대음봉,잔구간,0.27,-1.14,2026-09-18
TK,1.7,14.71,1030407,620677,15.16,8.0,1.9,-0.5,0.8,매수관심,양봉,완만한상승,0.49,1.59,2026-09-18
SVRA,1.7,5.37,2181901,1265072,11.72,6.52,1.8,0.0,-0.9,중립,음봉,잔구간,0.39,-0.415,2026-09-18
GSOL,1.7,8.67,5370600,3167623,46.56,21.97,2.1,5.1,8.0,강한매수,장대양봉,전고점돌파,1.0,4.1,2026-09-18
NMFC,1.7,6.99,745820,432804,5.21,3.37,1.5,0.0,-2.0,매도주의,장대음봉,잔구간,0.18,-1.19,2026-09-18
COMP,1.7,10.08,25107988,15033660,253.09,139.86,1.8,-1.2,-2.6,중립,음봉,잔구간,0.25,-0.5,2026-09-18
ETHA,1.7,19.92,77608681,46089071,1545.96,896.05,1.7,2.3,5.5,강한매수,장대양봉,완만한상승,0.95,3.44,2026-09-18
XGN,1.7,8.41,351726,209592,2.96,1.74,1.7,0.0,6.9,강한매수,장대양봉,전고점돌파,0.98,4.08,2026-09-18
WVE,1.7,4.35,4410599,2617262,19.19,14.71,1.3,-0.5,-1.6,매도주의,음봉,전저점이탈,0.24,-1.76,2026-09-18
ACHV,1.7,7.98,2830274,1666526,22.59,14.36,1.6,0.0,0.9,매수관심,팽이도지,완만한상승,0.62,1.04,2026-09-18
VNET,1.7,6.52,4642414,2760664,30.27,19.44,1.6,1.1,5.8,매수관심,장대양봉,잔구간,0.9,1.24,2026-09-18
AHCO,1.7,5.71,4977191,2880064,28.42,17.88,1.6,0.0,-0.9,매도주의,위꼬리음봉,잔구간,0.16,-0.955,2026-09-18
CMRE,1.7,15.46,596671,357719,9.22,5.59,1.6,-0.5,1.1,강한매수,양봉,완만한상승,0.86,2.03,2026-09-18
GAU,1.7,2.13,3651298,2112218,7.78,5.12,1.5,1.0,1.9,강한매수,양봉,완만한상승,0.89,2.07,2026-09-18
CIM,1.7,10.87,2350900,1378782,25.55,12.98,2.0,-0.4,-0.8,매도주의,장대음봉,잔구간,0.16,-1.205,2026-09-18
NXH,1.7,3.47,4250169,2449827,14.75,8.58,1.7,0.0,3.0,매수관심,양봉,완만한상승,0.53,1.64,2026-09-18
GSM,1.7,4.18,1815610,1071666,7.59,5.89,1.3,0.2,-2.1,매도주의,장대음봉,잔구간,0.29,-1.125,2026-09-18
GDRX,1.7,3.38,1359895,779306,4.6,3.25,1.4,-1.2,0.6,매수관심,양봉스프링,잔구간,0.79,0.925,2026-09-18
BW,1.7,7.36,6881939,4044337,50.65,29.72,1.7,0.5,0.0,매수관심,양봉스프링,잔구간,0.76,0.905,2026-09-18
SPCQ,1.7,10.62,1582620,940929,16.81,16.17,1.0,-0.5,3.4,중립,양봉,잔구간,0.65,0.44,2026-09-18
BLMN,1.7,8.07,3460697,2023794,27.93,17.79,1.6,0.7,-0.5,강한매수,망치형,완만한상승,0.73,2.18,2026-09-18
FLO,1.7,5.94,13248126,7785948,78.69,50.66,1.6,-0.3,-2.1,매도주의,장대음봉,잔구간,0.38,-1.07,2026-09-18
CORN,1.7,19.7,456096,273470,8.99,8.67,1.0,-0.1,-0.6,매도주의,장대음봉,잔구간,0.23,-1.16,2026-09-18
CPNG,1.7,14.29,23417468,13837219,334.64,271.28,1.2,-0.6,-0.6,중립,팽이도지,잔구간,0.29,-0.125,2026-09-18
FTCA,1.7,7.03,501794,301491,3.53,2.57,1.4,-0.3,0.0,중립,팽이도지,잔구간,0.49,-0.005,2026-09-18
FIP,1.7,3.0,2614771,1524489,7.84,4.53,1.7,0.0,7.5,매수관심,장대양봉,잔구간,0.89,1.235,2026-09-18
RPAY,1.7,3.98,555430,332739,2.21,1.37,1.6,-0.3,1.0,중립,양봉,전고점부근,0.94,0.78,2026-09-18
LZ,1.7,5.91,3793075,2179410,22.42,15.61,1.4,-0.2,-2.5,매도주의,장대음봉,잔구간,0.05,-1.27,2026-09-18
PAYP,1.7,17.71,967997,559100,17.14,18.6,0.9,0.0,-1.1,중립,음봉,잔구간,0.53,-0.33,2026-09-18
NWL,1.7,5.48,9414654,5621834,51.59,38.32,1.3,-1.8,-0.5,강한매도,위꼬리음봉,전저점이탈,0.21,-2.6,2026-09-18
OCUL,1.7,9.99,4100930,2351596,40.97,24.88,1.6,0.1,-1.6,중립,음봉,잔구간,0.26,-0.495,2026-09-18
OTLK,1.7,0.653,5621989,3222991,3.67,2.94,1.2,2.8,-6.8,매도주의,장대음봉,잔구간,0.0,-1.3,2026-09-18
SCZM,1.7,9.53,834758,485438,7.96,4.41,1.8,3.9,2.8,중립,양봉,잔구간,0.97,0.63,2026-09-18
COTY,1.7,2.43,9036985,5383190,21.96,13.43,1.6,-1.2,0.0,매도주의,팽이도지,전저점이탈,0.33,-0.95,2026-09-18
SERV,1.7,4.41,4838352,2863443,21.34,12.83,1.7,1.2,1.4,중립,양봉,잔구간,0.97,0.63,2026-09-18
NAUT,1.7,0.966,1780667,1047086,1.72,1.31,1.3,-0.6,-0.0,중립,팽이도지,잔구간,0.46,-0.025,2026-09-18
APPX,1.7,12.33,2352379,1365860,29.0,16.79,1.7,0.7,-9.0,매도주의,장대음봉,잔구간,0.02,-1.29,2026-09-18
ARHS,1.7,7.79,1963681,1181459,15.3,8.78,1.7,-1.8,4.6,강한매수,장대양봉,완만한상승,0.89,3.37,2026-09-18
MARO,1.7,4.52,744554,440652,3.37,1.77,1.9,2.4,7.1,강한매수,장대양봉,전고점돌파,0.94,4.03,2026-09-18
PUSA,1.7,3.49,476440,284398,1.66,1.58,1.1,1.4,-5.4,매도주의,장대음봉,잔구간,0.09,-1.245,2026-09-18
RR,1.7,1.67,5563725,3348496,9.29,7.0,1.3,0.3,-2.6,중립,음봉,잔구간,0.38,-0.42,2026-09-18
FCEL,1.7,18.11,8253432,4973812,149.47,114.63,1.3,0.5,1.7,강한매수,양봉스프링,완만한상승,0.78,2.74,2026-09-18
FFAI,1.7,1.76,1401127,812009,2.47,1.58,1.6,4.5,-4.9,중립,음봉,잔구간,0.24,-0.505,2026-09-18
TTI,1.7,6.08,3393053,1968019,20.63,12.57,1.6,0.0,-1.1,매도주의,음봉,전저점이탈,0.09,-1.94,2026-09-18
PMVP,1.7,1.5,1184855,689757,1.78,0.99,1.8,0.0,2.7,매수관심,양봉,완만한상승,0.78,1.94,2026-09-18
PRME,1.7,3.12,4672909,2825844,14.58,9.3,1.6,-0.3,-0.3,중립,팽이도지,잔구간,0.6,0.06,2026-09-18
REAL,1.7,9.45,3410552,1977600,32.23,20.14,1.6,-0.8,0.7,중립,위꼬리양봉,수횡파,0.35,-0.58,2026-09-18
TSLX,1.7,17.9,692141,400826,12.39,6.58,1.9,-1.3,-0.3,중립,팽이도지,잔구간,0.42,-0.05,2026-09-18
AVTR,1.7,15.52,14825242,8660695,230.09,135.28,1.7,0.1,-2.2,매도주의,장대음봉,잔구간,0.17,-1.2,2026-09-18
LYFT,1.7,15.1,15101106,9059440,228.03,168.36,1.4,-0.6,-1.9,매도주의,장대음봉,잔구간,0.06,-1.265,2026-09-18
AVPT,1.7,13.19,3514415,2069773,46.36,22.39,2.1,-0.1,-2.3,매도주의,장대음봉,잔구간,0.1,-1.24,2026-09-18
DNOW,1.7,15.59,4424627,2607374,68.98,39.53,1.7,0.1,-2.3,매도주의,장대음봉,잔구간,0.37,-1.08,2026-09-18
IMMR,1.7,7.21,633648,381349,4.57,3.01,1.5,-0.9,-3.2,매도주의,장대음봉,잔구간,0.11,-1.235,2026-09-18
HBAN,1.7,15.88,53658214,31192610,852.09,472.45,1.8,-0.1,0.1,강한매수,양봉스프링,완만한상승,0.76,2.71,2026-09-18
ABAT,1.7,2.18,6021204,3532532,13.13,7.95,1.7,0.0,-2.7,중립,음봉,잔구간,0.38,-0.42,2026-09-18
XPER,1.6,5.49,486609,295516,2.67,2.17,1.2,0.2,-1.1,매도주의,음봉,전저점이탈,0.4,-1.57,2026-09-18
ALMS,1.6,7.77,6393054,4016337,49.67,42.02,1.2,0.1,-0.8,강한매수,망치형,전저점부근,0.64,2.92,2026-09-18
SMR,1.6,8.27,64383612,39689241,532.45,375.12,1.4,0.3,-8.8,매도주의,장대음봉,잔구간,0.04,-1.275,2026-09-18
GERN,1.6,1.3,17244691,10653825,22.42,15.48,1.4,0.0,-1.5,중립,음봉,잔구간,0.25,-0.5,2026-09-18
LULG,1.6,3.976,1123294,699041,4.47,8.6,0.5,0.4,-3.5,중립,음봉,잔구간,0.18,-0.54,2026-09-18
NEXT,1.6,6.87,3628313,2332365,24.93,16.6,1.5,0.1,-2.0,중립,음봉,전저점부근,0.07,-0.47,2026-09-18
LBRT,1.6,19.33,5222709,3196104,100.95,65.66,1.5,0.2,1.0,중립,양봉,잔구간,0.54,0.375,2026-09-18
ALHC,1.6,8.35,23590976,15209027,196.98,118.58,1.7,-0.2,-3.8,매도주의,장대음봉,전저점부근,0.09,-1.74,2026-09-18
SPAX,1.6,10.57,2561118,1643285,27.07,18.21,1.5,-0.6,-2.1,중립,음봉,잔구간,0.46,-0.375,2026-09-18
FTRE,1.6,19.93,3107458,1971243,61.93,28.51,2.2,-0.9,-0.8,중립,망치형,잔구간,0.69,0.615,2026-09-18
SNDL,1.6,1.37,2221913,1406467,3.04,1.87,1.6,0.0,0.7,강한매수,양봉스프링,완만한상승,0.75,2.7,2026-09-18
CNH,1.6,13.45,25528080,15642928,343.35,281.78,1.2,-0.2,-0.5,매도주의,위꼬리음봉,수횡파,0.16,-1.31,2026-09-18
OSG,1.6,4.5,723893,449348,3.26,2.36,1.4,-0.4,1.1,중립,양봉,잔구간,0.91,0.595,2026-09-18
AIRJ,1.6,4.33,1319255,816246,5.71,3.61,1.6,0.0,2.4,매수관심,양봉,완만한상승,0.62,1.74,2026-09-18
VTS,1.6,17.51,973166,623940,17.04,11.04,1.5,-0.2,-1.1,중립,음봉,잔구간,0.0,-0.65,2026-09-18
WDH,1.6,1.01,1018798,650817,1.03,1.82,0.6,-1.0,0.0,매도주의,위꼬리양봉,전저점부근,0.0,-0.85,2026-09-18
OLN,1.6,16.84,3944406,2485175,66.42,44.5,1.5,-0.7,-0.3,중립,팽이도지,잔구간,0.38,-0.07,2026-09-18
OABI,1.6,4.47,1862358,1190248,8.32,5.76,1.4,-0.2,0.9,강한매수,양봉스프링,완만한상승,0.85,2.82,2026-09-18
GORO,1.6,3.59,1829771,1127275,6.57,6.97,0.9,2.3,0.0,중립,팽이도지,잔구간,0.66,0.095,2026-09-18
SHLS,1.6,7.6,6797424,4365903,51.66,31.33,1.6,-0.1,-0.5,중립,팽이도지,잔구간,0.64,0.085,2026-09-18
FSK,1.6,11.29,3161493,1979040,35.69,20.89,1.7,-0.2,-3.7,강한매도,장대음봉,전저점이탈,0.08,-3.25,2026-09-18
COLD,1.6,14.41,7322519,4491868,105.52,55.91,1.9,-0.7,-2.4,매도주의,장대음봉,잔구간,0.08,-1.25,2026-09-18
SPCM,1.6,17.94,857146,524004,15.38,14.65,1.0,0.2,-2.8,중립,음봉,잔구간,0.41,-0.405,2026-09-18
CABO,1.6,17.37,460828,293813,8.0,6.0,1.3,-1.4,-2.7,매도주의,음봉,전저점이탈,0.26,-1.74,2026-09-18
CLF,1.6,12.5,20236011,12782275,252.95,131.92,1.9,-0.5,-1.6,중립,음봉,잔구간,0.31,-0.465,2026-09-18
OCSL,1.6,12.41,651895,412664,8.09,5.43,1.5,0.6,-2.1,매도주의,장대음봉,잔구간,0.11,-1.235,2026-09-18
NGEN,1.6,2.05,608534,387964,1.25,1.22,1.0,0.0,-9.7,강한매도,장대음봉,전저점이탈,0.04,-3.3,2026-09-18
HNST,1.6,5.33,2874681,1829340,15.32,11.3,1.4,0.0,0.2,중립,팽이도지,잔구간,0.73,0.14,2026-09-18
TKC,1.6,5.1,3030298,1887461,15.45,11.26,1.4,-1.6,1.6,강한매수,장대양봉,완만한상승,0.82,3.28,2026-09-18
RZLT,1.6,3.84,2527358,1594843,9.71,5.61,1.7,0.0,-2.8,매도주의,음봉,전저점이탈,0.61,-1.32,2026-09-18
RXT,1.6,3.8,14871393,9285213,56.51,26.34,2.1,0.5,-3.6,중립,음봉,잔구간,0.34,-0.445,2026-09-18
JBS,1.6,11.96,7101325,4425862,84.93,59.7,1.4,-0.9,0.1,강한매도,위꼬리양봉,전저점이탈,0.13,-2.19,2026-09-18
MNSO,1.6,8.6,1041844,670655,8.96,8.23,1.1,-2.3,0.0,매도주의,팽이도지,전저점이탈,0.36,-0.92,2026-09-18
KPTI,1.6,1.88,1901077,1209298,3.57,2.56,1.4,-1.1,6.2,강한매수,양봉,전고점돌파,0.98,2.78,2026-09-18
TYGO,1.6,0.975,1696237,1069630,1.65,0.84,2.0,-0.1,-1.0,강한매도,위꼬리음봉,전저점이탈,0.24,-2.56,2026-09-18
UPWK,1.6,8.35,4499760,2744154,37.57,22.97,1.6,0.1,-2.0,매도주의,장대음봉,잔구간,0.17,-1.2,2026-09-18
MEI,1.6,13.27,887643,559038,11.78,12.22,1.0,0.8,-2.6,중립,음봉,잔구간,0.26,-0.495,2026-09-18
DNN,1.6,2.86,33976173,21342235,97.17,72.69,1.3,1.4,-2.4,중립,음봉,잔구간,0.41,-0.405,2026-09-18
DV,1.6,13.46,4525049,2903688,60.91,65.6,0.9,-0.1,0.0,매수관심,양봉스프링,잔구간,0.8,0.93,2026-09-18
PLX,1.6,2.69,1249529,797633,3.36,2.11,1.6,-0.7,0.4,중립,팽이도지,잔구간,0.55,0.03,2026-09-18
REAX,1.6,16.53,1186314,724289,19.61,15.39,1.3,-1.4,-4.8,매도주의,음봉,전저점이탈,0.29,-1.7,2026-09-18
DYN,1.6,17.11,4849571,3113150,82.98,88.0,0.9,0.1,-5.3,매도주의,장대음봉,전저점부근,0.13,-1.69,2026-09-18
TSLZ,1.6,11.71,3658134,2314673,42.84,31.58,1.4,-1.3,2.4,매수관심,양봉,완만한상승,0.65,1.78,2026-09-18
IVVD,1.6,0.755,6277679,4018205,4.74,2.61,1.8,1.3,-0.0,중립,팽이도지,잔구간,0.44,-0.035,2026-09-18
UUUG,1.6,2.97,557679,345255,1.66,1.27,1.3,3.8,-8.6,매도주의,장대음봉,잔구간,0.14,-1.215,2026-09-18
NBIG,1.6,16.54,2961602,1841973,48.98,35.62,1.4,-0.3,4.9,중립,양봉,잔구간,0.92,0.6,2026-09-18
PCT,1.6,5.72,6332310,3922491,36.22,19.87,1.8,1.1,-0.5,중립,팽이도지,잔구간,0.35,-0.09,2026-09-18
IHS,1.6,8.42,1201321,768678,10.12,8.88,1.1,-0.2,-0.1,매도주의,위꼬리음봉,잔구간,0.0,-1.05,2026-09-18
CYRX,1.6,17.02,856799,532206,14.58,8.46,1.7,-0.7,2.1,강한매수,장대양봉,완만한상승,0.94,3.43,2026-09-18
RXST,1.6,5.2,1077975,673330,5.61,4.4,1.3,-1.3,-1.0,매도주의,위꼬리음봉,전저점부근,0.18,-1.13,2026-09-18
ERAS,1.6,14.77,8687430,5388833,128.31,72.91,1.8,0.5,-4.2,강한매도,장대음봉,전저점이탈,0.27,-3.03,2026-09-18
SGML,1.6,9.97,3363587,2136576,33.53,25.03,1.3,3.2,8.8,매수관심,장대양봉,잔구간,0.97,1.28,2026-09-18
FLYW,1.6,17.34,1824155,1119265,31.63,22.05,1.4,0.0,-2.2,매도주의,장대음봉,전저점부근,0.13,-1.69,2026-09-18
STLA,1.6,4.82,36673665,23016164,176.77,111.46,1.6,-3.0,-1.6,매도주의,음봉,전저점이탈,0.35,-1.63,2026-09-18
IMTX,1.6,8.62,759924,477487,6.55,4.69,1.4,-0.7,-1.6,중립,음봉,잔구간,0.37,-0.43,2026-09-18
SLI,1.6,2.12,2287042,1416180,4.85,2.76,1.8,1.0,0.5,중립,팽이도지,잔구간,0.62,0.07,2026-09-18
MGPI,1.5,14.13,388290,255747,5.49,3.85,1.4,-1.2,-0.6,매도주의,팽이도지,전저점이탈,0.26,-1.04,2026-09-18
KBDC,1.5,13.07,458990,313324,6.0,4.55,1.3,-0.2,-1.1,중립,음봉,잔구간,0.39,-0.415,2026-09-18
AUPH,1.5,16.9,1198256,801835,20.25,13.29,1.5,-0.2,-0.2,중립,팽이도지,잔구간,0.43,-0.04,2026-09-18
IREZ,1.5,7.63,4364126,2887876,33.3,26.71,1.2,-5.0,-10.2,강한매도,장대음봉,전저점이탈,0.0,-3.35,2026-09-18
ANGX,1.5,5.27,3751606,2509036,19.77,11.39,1.7,0.6,6.9,강한매수,장대양봉,완만한상승,0.76,3.21,2026-09-18
HSHP,1.5,19.23,831838,549884,16.0,9.77,1.6,-1.6,1.1,중립,양봉,잔구간,0.97,0.63,2026-09-18
SGHC,1.5,12.68,3230559,2100529,40.96,31.88,1.3,-0.5,-0.4,중립,팽이도지,전저점이탈,0.6,-0.63,2026-09-18
BB,1.5,7.99,13748113,9167136,109.85,71.66,1.5,1.5,-0.9,강한매수,망치형,완만한상승,0.62,2.04,2026-09-18
FLG,1.5,12.55,6500835,4434030,81.59,52.99,1.5,-0.5,-0.4,중립,망치형,잔구간,0.57,0.54,2026-09-18
INNV,1.5,10.92,331570,216473,3.62,3.35,1.1,0.0,2.1,강한매수,양봉,완만한상승,0.94,2.13,2026-09-18
INMD,1.5,14.35,758085,518384,10.88,8.42,1.3,-0.3,-1.0,매도주의,장대음봉,잔구간,0.26,-1.145,2026-09-18
QBTZ,1.5,16.22,331806,228737,5.38,5.72,0.9,-3.3,10.0,매수관심,양봉,완만한상승,0.62,1.74,2026-09-18
PRTH,1.5,5.83,724480,496932,4.22,2.33,1.8,-0.7,-1.4,중립,음봉,잔구간,0.5,-0.35,2026-09-18
CTKB,1.5,5.3,2085867,1360523,11.06,5.69,1.9,-2.3,4.1,강한매수,장대양봉,전고점부근,0.93,2.07,2026-09-18
RNW,1.5,6.84,2380866,1622258,16.29,13.93,1.2,0.1,-0.1,중립,음봉,완만한상승,0.5,0.2,2026-09-18
CTRI,1.5,19.35,2216759,1475147,42.89,29.66,1.4,0.6,0.5,중립,팽이도지,잔구간,0.44,-0.035,2026-09-18
CTOS,1.5,9.33,1340811,871423,12.51,8.58,1.5,0.0,2.4,강한매수,장대양봉,완만한상승,0.98,3.48,2026-09-18
RUN,1.5,8.53,11042963,7291765,94.2,61.7,1.5,-0.3,-2.0,중립,음봉,잔구간,0.38,-0.42,2026-09-18
MUZ,1.5,7.67,11922179,7976244,91.44,72.61,1.3,-1.6,-6.5,매도주의,장대음봉,잔구간,0.02,-1.29,2026-09-18
IMDX,1.5,4.0,317923,205716,1.27,0.98,1.3,-1.3,2.6,매수관심,양봉,완만한상승,0.7,1.84,2026-09-18
BBWI,1.5,17.4,8737154,5973514,152.03,110.82,1.4,-0.4,1.6,중립,위꼬리양봉,완만한상승,0.31,-0.33,2026-09-18
QBTS,1.5,17.11,19128641,12437605,327.29,270.19,1.2,2.2,-5.4,매도주의,장대음봉,잔구간,0.36,-1.085,2026-09-18
ENTA,1.5,12.2,428245,282560,5.22,3.31,1.6,-0.2,-2.3,매도주의,장대음봉,전저점부근,0.02,-1.83,2026-09-18
RETL,1.5,7.08,356093,237464,2.52,1.75,1.4,-1.4,-1.7,매도주의,음봉,전저점이탈,0.07,-1.97,2026-09-18
RERE,1.5,3.92,631794,425194,2.48,2.31,1.1,0.5,-1.0,매도주의,장대음봉,잔구간,0.0,-1.3,2026-09-18
DQ,1.5,12.07,1116856,757453,13.48,8.91,1.5,1.3,-0.1,중립,팽이도지,잔구간,0.52,0.01,2026-09-18
RDWU,1.5,6.19,708462,457572,4.39,3.4,1.3,2.8,-16.0,매도주의,장대음봉,잔구간,0.1,-1.24,2026-09-18
ZIP,1.5,3.7,1068457,700691,3.95,3.18,1.2,0.3,-3.4,매도주의,장대음봉,잔구간,0.38,-1.07,2026-09-18
ARMG,1.5,19.89,1000413,661093,19.9,14.54,1.4,3.3,4.4,강한매수,양봉,완만한상승,0.98,2.18,2026-09-18
KURA,1.5,11.73,2665262,1820909,31.26,20.69,1.5,-0.7,0.8,중립,양봉,잔구간,0.61,0.415,2026-09-18
UUUU,1.5,11.7,11096716,7231067,129.83,87.32,1.5,1.9,-4.2,매도주의,장대음봉,잔구간,0.15,-1.21,2026-09-18
ATOM,1.5,4.12,548595,358543,2.26,1.61,1.4,1.5,2.0,강한매수,양봉,완만한상승,0.89,2.07,2026-09-18
UGP,1.5,7.58,4808052,3109214,36.45,25.47,1.4,0.7,-0.7,중립,음봉,완만한상승,0.52,0.22,2026-09-18
IPWR,1.5,4.03,476138,323906,1.92,1.02,1.9,1.0,1.0,중립,팽이도지,잔구간,0.68,0.11,2026-09-18
HUTG,1.5,16.64,332675,218652,5.54,3.12,1.8,3.2,12.8,강한매수,장대양봉,완만한상승,0.98,3.48,2026-09-18
HNRG,1.5,15.12,1004877,688305,15.19,12.0,1.3,0.1,-0.5,중립,팽이도지,잔구간,0.43,-0.04,2026-09-18
BITX,1.5,18.7,14362565,9728459,268.58,210.72,1.3,4.1,7.9,강한매수,장대양봉,전고점돌파,0.93,4.02,2026-09-18
GRAB,1.5,2.795,105581037,68673645,295.1,203.41,1.5,-0.7,0.2,매수관심,양봉스프링,전저점이탈,0.79,1.1,2026-09-18
CRK,1.5,12.84,3615122,2394007,46.42,35.04,1.3,1.2,-1.8,중립,음봉,전저점부근,0.06,-0.48,2026-09-18
SIBN,1.5,18.09,861414,570935,15.58,9.72,1.6,-0.9,1.2,매수관심,양봉,수횡파,0.46,1.25,2026-09-18
SSYS,1.5,8.0,894091,583361,7.15,5.41,1.3,-0.1,0.1,강한매수,양봉스프링,완만한상승,0.76,2.71,2026-09-18
NEA,1.5,10.31,2540635,1728151,26.19,19.15,1.4,-0.6,-2.3,강한매도,장대음봉,전저점이탈,0.03,-3.31,2026-09-18
CRON,1.5,3.35,1070914,729457,3.59,2.52,1.4,0.3,-0.9,중립,음봉,잔구간,0.17,-0.55,2026-09-18
PAYS,1.5,12.34,1220257,799180,15.06,10.65,1.4,-1.5,0.9,중립,양봉,잔구간,0.53,0.37,2026-09-18
SHMD,1.5,3.69,530902,359195,1.96,1.48,1.3,0.8,3.4,강한매수,장대양봉,전고점돌파,0.95,4.04,2026-09-18
HL,1.5,18.92,52505529,34601777,993.4,625.72,1.6,1.7,-1.9,중립,음봉,잔구간,0.48,-0.36,2026-09-18
BMBL,1.5,2.79,3337644,2158290,9.31,6.89,1.4,0.0,-5.7,강한매도,장대음봉,전저점이탈,0.14,-3.18,2026-09-18
NOK,1.5,10.68,161955629,106225190,1729.69,999.01,1.7,2.1,-1.3,중립,음봉,완만한상승,0.47,0.16,2026-09-18
NUAI,1.5,5.86,8445399,5454990,49.49,38.01,1.3,7.1,-5.9,매도주의,장대음봉,잔구간,0.29,-1.125,2026-09-18
NRDS,1.5,9.05,1033860,687068,9.36,6.4,1.5,-0.8,-0.9,매도주의,음봉,전저점이탈,0.26,-1.74,2026-09-18
NTHI,1.5,3.26,419341,274825,1.37,0.91,1.5,6.5,-10.2,매도주의,장대음봉,잔구간,0.14,-1.215,2026-09-18
SVOL,1.5,16.7,448297,306564,7.49,5.26,1.4,-0.1,-0.5,중립,음봉,잔구간,0.0,-0.65,2026-09-18
BRBS,1.5,3.95,2644093,1755944,10.44,6.58,1.6,0.0,0.0,중립,팽이도지,잔구간,0.44,-0.035,2026-09-18
BNED,1.5,10.64,385633,257854,4.1,4.02,1.0,0.3,-0.5,중립,망치형,잔구간,0.69,0.615,2026-09-18
BITU,1.5,14.47,6657560,4339846,96.33,64.67,1.5,4.0,7.9,강한매수,장대양봉,전고점돌파,0.94,4.03,2026-09-18
BKD,1.5,11.45,7415026,4905486,84.9,49.8,1.7,-0.3,-0.9,매도주의,음봉,전저점이탈,0.12,-1.91,2026-09-18
SMCL,1.5,17.6,729212,502348,12.83,10.04,1.3,-0.3,-6.0,매도주의,장대음봉,잔구간,0.37,-1.08,2026-09-18
SOFX,1.5,8.16,1246470,846831,10.17,9.08,1.1,1.3,1.4,중립,양봉,잔구간,0.78,0.52,2026-09-18
SNXX,1.5,17.94,80998009,52706873,1453.1,892.03,1.6,2.0,19.6,매수관심,장대양봉,잔구간,0.96,1.275,2026-09-18
CMPS,1.5,15.19,3574304,2322189,54.29,44.37,1.2,0.7,0.6,매수관심,팽이도지,완만한상승,0.65,1.08,2026-09-18
OTF,1.5,10.59,2866448,1902130,30.36,22.66,1.3,-0.5,-2.0,매도주의,장대음봉,잔구간,0.19,-1.185,2026-09-18
QXO,1.5,11.38,27968938,18379200,318.29,205.78,1.5,-0.7,-1.6,중립,음봉,잔구간,0.01,-0.645,2026-09-18
WSE,1.5,11.45,2468064,1627950,28.26,20.85,1.4,-0.2,-2.1,강한매도,장대음봉,전저점이탈,0.04,-3.3,2026-09-18
ZUMZ,1.5,13.2,670568,434440,8.85,6.41,1.4,-1.0,-1.0,중립,음봉,전저점부근,0.3,-0.19,2026-09-18
AEBI,1.5,11.99,301052,203969,3.61,2.88,1.3,-0.1,0.3,중립,팽이도지,잔구간,0.64,0.085,2026-09-18
ZENA,1.5,1.45,2623547,1765149,3.8,2.65,1.4,2.3,-5.5,매도주의,장대음봉,잔구간,0.09,-1.245,2026-09-18
XRX,1.5,3.42,4752862,3107186,16.25,9.43,1.7,-0.8,-4.7,매도주의,장대음봉,잔구간,0.32,-1.11,2026-09-18
XMAX,1.5,8.69,750255,493419,6.52,5.39,1.2,-0.5,-0.1,매도주의,위꼬리음봉,잔구간,0.21,-0.925,2026-09-18
XIFR,1.5,10.94,893408,581873,9.77,6.8,1.4,-0.9,-2.1,강한매도,장대음봉,전저점이탈,0.06,-3.28,2026-09-18
XNDU,1.4,7.42,2462209,1776737,18.27,13.42,1.4,0.5,-3.6,중립,음봉,전저점부근,0.13,-0.39,2026-09-18
VREX,1.4,18.49,834416,613818,15.43,14.76,1.0,-0.2,-0.1,중립,음봉,잔구간,0.2,-0.53,2026-09-18
ABEO,1.4,5.57,2772456,1918987,15.44,9.48,1.6,4.1,-4.3,매도주의,장대음봉,잔구간,0.14,-1.215,2026-09-18
AMPL,1.4,13.2,1912703,1396016,25.25,19.93,1.3,1.1,-5.4,매도주의,장대음봉,잔구간,0.12,-1.23,2026-09-18
LRMR,1.4,3.79,1641201,1182615,6.22,4.39,1.4,0.3,-0.5,중립,팽이도지,잔구간,0.31,-0.115,2026-09-18
VMO,1.4,9.24,507311,369197,4.69,2.65,1.8,-0.2,-0.1,중립,팽이도지,잔구간,0.5,0.0,2026-09-18
VYGR,1.4,3.09,538103,393250,1.66,1.51,1.1,-1.0,2.7,매수관심,장대양봉,잔구간,0.82,1.19,2026-09-18
AIBZ,1.4,4.31,421072,295799,1.81,1.32,1.4,-1.4,5.6,매수관심,장대양봉,잔구간,0.86,1.215,2026-09-18
WBTN,1.4,10.46,809133,571179,8.46,4.46,1.9,0.5,0.7,매수관심,양봉,완만한상승,0.74,1.89,2026-09-18
XFOR,1.4,3.58,1543428,1135485,5.53,4.55,1.2,-0.6,2.9,강한매수,장대양봉,완만한상승,0.65,3.08,2026-09-18
WOOF,1.4,2.36,2703266,1970569,6.38,9.43,0.7,-0.4,-1.3,매도주의,장대음봉,잔구간,0.25,-1.15,2026-09-18
ETHT,1.4,19.0,2032209,1466099,38.61,36.01,1.1,4.8,10.4,매수관심,장대양봉,잔구간,0.94,1.265,2026-09-18
EVEX,1.4,2.04,1460422,1010051,2.98,1.96,1.5,1.5,-2.4,매도주의,장대음봉,잔구간,0.29,-1.125,2026-09-18
ERIC,1.4,10.17,9835492,6834318,100.03,70.17,1.4,-0.2,-1.0,중립,음봉,잔구간,0.5,-0.35,2026-09-18
LSPD,1.4,9.41,610797,434824,5.75,4.84,1.2,0.7,-1.5,강한매도,장대음봉,전저점이탈,0.2,-3.11,2026-09-18
SRAD,1.4,12.12,2623593,1813123,31.8,27.44,1.2,-0.4,-1.5,매도주의,음봉,전저점이탈,0.05,-1.99,2026-09-18
GBTG,1.4,9.46,1514857,1057053,14.33,16.73,0.9,0.0,0.0,매도주의,위꼬리양봉,전저점부근,0.0,-0.85,2026-09-18
CC,1.4,14.34,2775321,1985314,39.8,26.71,1.5,-0.1,-0.6,중립,망치형,잔구간,0.7,0.62,2026-09-18
CGNT,1.4,8.41,919395,655054,7.73,6.41,1.2,-0.2,-2.2,중립,음봉,잔구간,0.09,-0.595,2026-09-18
SMCZ,1.4,5.16,2611431,1839722,13.47,14.43,0.9,0.2,5.3,매수관심,양봉,완만한상승,0.56,1.67,2026-09-18
SNDG,1.4,11.12,7460501,5433895,82.96,67.57,1.2,1.8,19.3,매수관심,장대양봉,잔구간,0.96,1.275,2026-09-18
GLWG,1.4,12.76,1421538,1032764,18.14,15.56,1.2,5.9,-2.7,중립,음봉,완만한상승,0.28,-0.06,2026-09-18
LAND,1.4,9.43,744545,543372,7.02,7.31,1.0,0.1,-1.4,매도주의,장대음봉,잔구간,0.17,-1.2,2026-09-18
ZSQR,1.4,2.68,670938,469353,1.8,1.11,1.6,-1.6,7.2,중립,양봉,잔구간,0.53,0.37,2026-09-18
WCT,1.4,7.78,1187915,848277,9.24,3.35,2.8,1.5,-2.5,중립,음봉,잔구간,0.54,-0.325,2026-09-18
BLZE,1.4,13.16,2174135,1503647,28.61,21.54,1.3,-0.4,-4.2,매도주의,장대음봉,잔구간,0.32,-1.11,2026-09-18
TSL,1.4,13.706,666172,469956,9.13,7.98,1.1,1.3,-1.9,중립,음봉,잔구간,0.36,-0.435,2026-09-18
IOVA,1.4,10.25,22879704,16041286,234.52,131.01,1.8,1.0,1.3,강한매수,양봉스프링,완만한상승,0.95,2.94,2026-09-18
MH,1.4,12.86,577250,422016,7.42,6.17,1.2,-2.1,0.6,중립,위꼬리양봉,잔구간,0.27,-0.64,2026-09-18
NVDQ,1.4,8.65,6722827,4806355,58.15,44.13,1.3,0.1,-2.7,매도주의,장대음봉,잔구간,0.12,-1.23,2026-09-18
NOMD,1.4,10.66,1433054,1027172,15.28,14.73,1.0,-0.3,-0.5,매도주의,팽이도지,전저점이탈,0.36,-0.92,2026-09-18
PAYO,1.4,7.13,5369247,3804260,38.28,21.38,1.8,0.0,0.3,강한매수,장대양봉,완만한상승,1.0,3.5,2026-09-18
FPI,1.4,10.87,574469,407861,6.24,5.95,1.0,-0.3,-0.5,중립,망치형,잔구간,0.67,0.6,2026-09-18
HQ,1.4,13.54,991798,703243,13.43,8.8,1.5,0.0,0.2,중립,팽이도지,잔구간,0.34,-0.095,2026-09-18
SST,1.4,3.33,339847,243519,1.13,5.75,0.2,0.6,2.8,중립,팽이도지,잔구간,0.57,0.04,2026-09-18
BTG,1.4,5.49,27111988,19598680,148.84,131.57,1.1,0.4,1.3,강한매수,양봉,완만한상승,0.9,2.08,2026-09-18
BTBT,1.4,1.73,36944545,26036253,63.91,48.93,1.3,2.3,10.5,매수관심,장대양봉,잔구간,0.94,1.265,2026-09-18
HIO,1.4,3.4,589736,413010,2.01,1.76,1.1,0.3,-0.6,매도주의,장대음봉,잔구간,0.0,-1.3,2026-09-18
NCLH,1.4,14.12,22810156,16389701,322.08,240.54,1.3,-0.3,-1.6,매도주의,음봉,전저점이탈,0.12,-1.91,2026-09-18
FWRG,1.4,10.18,2007555,1427455,20.44,14.75,1.4,-1.3,2.1,매수관심,장대양봉,잔구간,0.8,1.18,2026-09-18
SLN,1.4,12.2,1142412,837136,13.94,11.53,1.2,-0.9,-3.1,매도주의,장대음봉,잔구간,0.1,-1.24,2026-09-18
SIGA,1.4,3.14,746251,536664,2.34,2.08,1.1,-0.7,3.6,매수관심,양봉,완만한상승,0.69,1.83,2026-09-18
CRSR,1.4,13.38,1493593,1085429,19.98,13.64,1.5,0.8,-1.8,중립,음봉,잔구간,0.49,-0.355,2026-09-18
PBYI,1.4,9.6,327066,231404,3.14,2.49,1.3,0.0,0.8,중립,양봉,전고점부근,0.73,0.53,2026-09-18
OBDC,1.4,11.17,3471973,2491861,38.78,29.75,1.3,-0.3,-1.3,매도주의,장대음봉,잔구간,0.23,-1.16,2026-09-18
BTQ,1.4,2.61,2934269,2098107,7.66,6.49,1.2,0.0,-3.3,매도주의,장대음봉,잔구간,0.07,-1.26,2026-09-18
SPAL,1.4,17.6,1708543,1225279,30.07,23.57,1.3,-0.1,-2.9,중립,음봉,잔구간,0.41,-0.405,2026-09-18
LODE,1.4,2.65,2197602,1526269,5.82,3.61,1.6,0.4,0.4,중립,팽이도지,잔구간,0.67,0.1,2026-09-18
ARDX,1.4,3.42,6443091,4730307,22.04,15.26,1.4,0.0,1.2,중립,양봉,잔구간,0.78,0.52,2026-09-18
KT,1.4,19.38,1682219,1245071,32.6,23.7,1.4,-1.4,0.9,매수관심,양봉,수횡파,0.75,1.6,2026-09-18
USOY,1.4,7.72,788332,546122,6.09,3.81,1.6,0.3,-0.4,중립,음봉,잔구간,0.0,-0.65,2026-09-18
METC,1.4,9.22,2805458,2016760,25.87,24.47,1.1,-1.6,-4.5,강한매도,장대음봉,전저점이탈,0.03,-3.31,2026-09-18
AQST,1.4,4.61,3509333,2510941,16.18,11.56,1.4,-0.2,-0.9,강한매수,망치형,전저점부근,0.71,3.0,2026-09-18
APPS,1.4,10.66,3533596,2530633,37.67,28.42,1.3,0.0,-2.7,중립,음봉,전저점부근,0.2,-0.31,2026-09-18
ANNX,1.4,4.23,4940247,3529529,20.9,13.81,1.5,-0.2,1.7,매수관심,양봉,완만한상승,0.56,1.67,2026-09-18
RGTI,1.4,15.76,19228984,14069292,303.05,267.19,1.1,1.6,-3.0,중립,음봉,잔구간,0.54,-0.325,2026-09-18
QS,1.4,5.025,14371379,10254024,72.22,52.76,1.4,1.4,-4.1,매도주의,장대음봉,잔구간,0.19,-1.185,2026-09-18
XRP,1.4,15.8,2401793,1671561,37.95,28.57,1.3,2.5,6.5,강한매수,장대양봉,완만한상승,1.0,3.5,2026-09-18
DRTS,1.4,15.24,624257,434794,9.51,8.24,1.2,0.7,-2.3,매도주의,장대음봉,잔구간,0.27,-1.14,2026-09-18
DRVN,1.4,12.28,1734149,1267731,21.3,17.95,1.2,0.0,0.2,강한매수,양봉스프링,완만한상승,0.86,2.83,2026-09-18
EGAN,1.4,5.36,446450,314009,2.39,2.45,1.0,-1.3,-0.2,중립,팽이도지,잔구간,0.53,0.02,2026-09-18
EBS,1.4,6.8,1874479,1338881,12.75,7.75,1.6,-0.6,-2.6,매도주의,장대음봉,잔구간,0.11,-1.235,2026-09-18
DOUG,1.4,1.69,857389,630542,1.45,0.88,1.7,0.6,-2.3,매도주의,장대음봉,잔구간,0.33,-1.1,2026-09-18
ADCT,1.4,1.05,1580274,1124464,1.66,1.85,0.9,0.0,-0.9,매도주의,위꼬리음봉,잔구간,0.0,-1.05,2026-09-18
EAD,1.4,6.16,303858,224372,1.87,1.33,1.4,0.0,-0.6,매도주의,장대음봉,잔구간,0.2,-1.18,2026-09-18
IVR,1.4,6.45,5470959,3791785,35.29,23.31,1.5,-0.5,-0.9,매도주의,장대음봉,잔구간,0.06,-1.265,2026-09-18
PSNL,1.4,16.4,3180446,2276285,52.16,42.83,1.2,0.4,0.6,강한매수,양봉,완만한상승,0.87,2.04,2026-09-18
KTF,1.4,8.44,416393,292109,3.51,2.27,1.5,-0.4,0.1,중립,팽이도지,잔구간,0.75,0.15,2026-09-18
KYIV,1.4,13.035,407205,296415,5.31,5.05,1.1,0.2,-2.0,중립,음봉,전저점부근,0.37,-0.11,2026-09-18
NEXA,1.4,13.01,965632,682723,12.56,11.79,1.1,0.0,0.7,강한매수,양봉스프링,완만한상승,0.93,2.92,2026-09-18
NEOV,1.4,3.41,1453399,1034017,4.96,4.01,1.2,0.3,-2.6,중립,음봉,잔구간,0.12,-0.58,2026-09-18
TE,1.4,4.17,22223494,15512918,92.67,83.71,1.1,1.6,-4.6,매도주의,장대음봉,잔구간,0.29,-1.125,2026-09-18
TGB,1.4,8.64,6322170,4594517,54.62,41.05,1.3,1.0,2.1,강한매수,양봉,완만한상승,0.95,2.14,2026-09-18
IMRX,1.4,4.48,1077860,743915,4.83,3.66,1.3,0.0,0.4,매수관심,팽이도지,완만한상승,0.62,1.04,2026-09-18
MSOS,1.4,4.9,5424150,3916887,26.58,19.43,1.4,0.0,-1.2,중립,망치형,잔구간,0.65,0.59,2026-09-18
HIMX,1.4,14.02,1276251,917538,17.89,14.49,1.2,1.3,1.2,중립,양봉,잔구간,0.97,0.63,2026-09-18
HDSN,1.4,5.17,553725,395892,2.86,2.15,1.3,0.0,0.4,매수관심,양봉,완만한상승,0.77,1.92,2026-09-18
HAPN,1.4,16.18,2216800,1582247,35.87,22.34,1.6,-0.9,1.1,매수관심,장대양봉,잔구간,0.68,1.11,2026-09-18
GT,1.4,5.05,15894979,11036179,80.27,56.1,1.4,-0.3,-1.7,매도주의,장대음봉,전저점부근,0.08,-1.75,2026-09-18
BETR,1.4,12.06,463807,321275,5.59,5.34,1.0,-0.8,-1.3,매도주의,위꼬리음봉,잔구간,0.05,-1.02,2026-09-18
COUR,1.4,5.04,6675047,4711575,33.64,24.85,1.4,-0.2,-1.9,강한매도,장대음봉,전저점이탈,0.13,-3.19,2026-09-18
SGRY,1.4,13.25,2763760,2036753,36.62,28.38,1.3,-1.7,1.0,매수관심,양봉,전저점부근,0.55,1.51,2026-09-18
CWH,1.4,5.6,2754029,1943772,15.42,11.09,1.4,-0.2,-3.1,매도주의,장대음봉,잔구간,0.17,-1.2,2026-09-18
IMUX,1.4,10.62,404000,291884,4.29,4.72,0.9,-0.5,3.1,매수관심,장대양봉,잔구간,0.77,1.16,2026-09-18
IIIV,1.4,14.78,1056691,773306,15.62,11.27,1.4,-0.5,-1.3,중립,음봉,잔구간,0.5,-0.35,2026-09-18
UAA,1.4,4.88,13288568,9762730,64.85,42.42,1.5,-0.4,-1.4,중립,음봉,잔구간,0.06,-0.615,2026-09-18
AVXL,1.4,2.42,920588,641311,2.23,1.47,1.5,0.4,0.0,중립,팽이도지,잔구간,0.57,0.04,2026-09-18
CSIQ,1.4,11.4,2313688,1670057,26.38,22.94,1.1,0.9,-3.9,중립,음봉,잔구간,0.34,-0.445,2026-09-18
QBTX,1.4,6.15,3145685,2286923,19.35,15.84,1.2,3.8,-9.6,중립,음봉,잔구간,0.38,-0.42,2026-09-18
EVV,1.4,8.68,819431,579972,7.11,4.6,1.5,0.0,-0.5,매도주의,장대음봉,잔구간,0.33,-1.1,2026-09-18
BBOT,1.4,4.77,1229848,905829,5.87,5.13,1.1,-0.6,-1.9,중립,음봉,전저점부근,0.47,0.01,2026-09-18
BEKE,1.4,16.28,5571287,4017756,90.7,77.67,1.2,1.6,0.2,중립,팽이도지,잔구간,0.56,0.035,2026-09-18
CLSX,1.3,15.91,483855,385891,7.7,5.66,1.4,4.6,12.1,강한매수,장대양봉,전고점돌파,1.0,4.1,2026-09-18
GBDC,1.3,12.54,1831179,1426885,22.96,18.57,1.2,-0.4,-1.1,중립,음봉,잔구간,0.32,-0.46,2026-09-18
GCTS,1.3,2.07,1978366,1510260,4.1,2.75,1.5,1.9,-1.4,중립,음봉,완만한상승,0.62,0.34,2026-09-18
ACDC,1.3,5.17,1765940,1412622,9.13,5.78,1.6,-1.0,3.2,매수관심,장대양봉,잔구간,0.72,1.13,2026-09-18
ABEV,1.3,2.94,26250757,20270842,77.18,71.7,1.1,-0.7,-0.7,매도주의,음봉,전저점이탈,0.2,-1.81,2026-09-18
AAOX,1.3,10.45,9305166,6925279,97.24,73.42,1.3,5.4,8.0,강한매수,장대양봉,완만한상승,0.97,3.46,2026-09-18
XHLD,1.3,9.84,6818215,5207769,67.09,41.71,1.6,-0.2,1.4,매수관심,양봉,완만한상승,0.59,1.71,2026-09-18
ALLT,1.3,8.0,478177,359878,3.83,3.02,1.3,-0.5,-0.6,중립,망치형,잔구간,0.8,0.68,2026-09-18
VLRS,1.3,6.52,366618,271626,2.39,2.19,1.1,-0.8,1.7,매수관심,장대양봉,잔구간,0.93,1.26,2026-09-18
ORGO,1.3,1.42,1003439,745518,1.42,1.06,1.3,0.0,4.4,매수관심,장대양봉,잔구간,1.0,1.3,2026-09-18
GGB,1.3,4.94,15852547,11825187,78.31,56.3,1.4,-0.8,-2.4,매도주의,장대음봉,잔구간,0.28,-1.13,2026-09-18
AG,1.3,19.84,12018437,9226497,238.45,171.91,1.4,1.1,0.7,매수관심,양봉스프링,잔구간,0.84,0.955,2026-09-18
WIW,1.3,8.13,523218,407341,4.25,2.91,1.5,-0.1,-0.4,중립,음봉,전저점부근,0.5,0.05,2026-09-18
QSI,1.3,0.745,1713327,1278635,1.28,1.01,1.3,2.6,-5.7,매도주의,장대음봉,잔구간,0.08,-1.25,2026-09-18
QTTB,1.3,10.54,972338,736606,10.25,8.52,1.2,-0.2,-2.8,중립,음봉,잔구간,0.16,-0.555,2026-09-18
WDCX,1.3,16.49,1606453,1265843,26.49,21.55,1.2,1.4,6.4,중립,양봉,잔구간,0.69,0.465,2026-09-18
ZNTL,1.3,3.11,1259913,977440,3.92,3.47,1.1,-0.3,1.3,중립,팽이도지,잔구간,0.63,0.08,2026-09-18
ALM,1.3,13.84,7864445,6009283,108.84,108.33,1.0,1.3,-3.4,중립,음봉,잔구간,0.18,-0.54,2026-09-18
AIRS,1.3,2.31,1059103,798161,2.45,2.43,1.0,-0.4,0.9,매수관심,양봉스프링,잔구간,0.91,0.995,2026-09-18
BUR,1.3,3.97,2521809,1957135,10.01,7.98,1.3,1.8,-2.2,중립,음봉,잔구간,0.4,-0.41,2026-09-18
BULL,1.3,8.25,18242640,13897886,150.5,144.14,1.0,1.8,5.1,매수관심,장대양봉,잔구간,0.85,1.21,2026-09-18
SRTA,1.3,5.34,896494,671146,4.79,3.92,1.2,0.4,-1.1,중립,팽이도지,잔구간,0.42,-0.05,2026-09-18
BFLY,1.3,7.88,5549323,4293083,43.73,31.9,1.4,1.5,-2.5,중립,음봉,잔구간,0.44,-0.385,2026-09-18
SB,1.3,9.18,2279564,1724141,20.93,16.04,1.3,-0.9,2.8,강한매수,장대양봉,전고점돌파,0.78,3.84,2026-09-18
TSLL,1.3,9.63,67671828,53928186,651.68,748.82,0.9,1.8,-2.5,중립,음봉,잔구간,0.37,-0.43,2026-09-18
IONL,1.3,12.27,749002,562232,9.19,8.0,1.1,1.5,-7.0,중립,음봉,잔구간,0.46,-0.375,2026-09-18
INGN,1.3,5.14,438993,350953,2.26,1.62,1.4,-0.6,0.8,중립,양봉,잔구간,0.56,0.385,2026-09-18
CORZ,1.3,17.99,13996548,10678467,251.8,198.56,1.3,3.7,1.2,강한매수,양봉스프링,완만한상승,0.96,2.95,2026-09-18
CRBU,1.3,1.3,1853974,1473427,2.41,1.99,1.2,1.5,-2.3,매도주의,장대음봉,잔구간,0.0,-1.3,2026-09-18
HTZ,1.3,1.82,16992233,13009647,30.93,25.37,1.2,-1.1,-1.1,강한매수,망치형,전저점부근,0.65,2.9299999999999997,2026-09-18
NRXP,1.3,3.32,947272,752530,3.14,2.31,1.4,-0.3,-1.8,중립,음봉,수횡파,0.09,-0.59,2026-09-18
MSTX,1.3,18.73,11567384,9084822,216.66,132.32,1.6,5.8,25.2,강한매수,장대양봉,전고점돌파,0.99,4.09,2026-09-18
RYLD,1.3,15.74,669249,503861,10.53,7.76,1.4,-0.8,0.1,중립,팽이도지,잔구간,0.5,0.0,2026-09-18
FHTX,1.3,4.14,502030,375875,2.08,1.47,1.4,0.2,-1.7,중립,음봉,잔구간,0.39,-0.415,2026-09-18
INV,1.3,0.598,6959737,5334331,4.16,3.55,1.2,0.6,-13.1,강한매도,장대음봉,전저점이탈,0.07,-3.27,2026-09-18
PCG,1.3,13.2,37281775,29494991,492.12,588.92,0.8,-0.7,-0.7,중립,음봉,잔구간,0.17,-0.55,2026-09-18
CRDU,1.3,7.525,7616830,5795838,57.32,46.51,1.2,3.7,5.0,강한매수,장대양봉,전고점돌파,0.98,4.08,2026-09-18
FUN,1.3,12.22,2810538,2085318,34.34,28.52,1.2,-0.7,-1.6,중립,음봉,전저점부근,0.37,-0.11,2026-09-18
BV,1.3,10.65,1238234,925932,13.19,10.34,1.3,-0.6,-1.4,강한매도,장대음봉,전저점이탈,0.0,-3.35,2026-09-18
OMER,1.3,17.87,2151925,1673562,38.45,27.16,1.4,1.3,-4.4,매도주의,장대음봉,잔구간,0.19,-1.185,2026-09-18
GOOY,1.3,12.14,410855,321809,4.99,3.78,1.3,2.1,-2.0,매도주의,장대음봉,완만한상승,0.0,-1.7,2026-09-18
GLAS,1.3,7.97,881501,674749,7.03,5.75,1.2,0.9,-1.1,중립,음봉,잔구간,0.58,-0.3,2026-09-18
FUBO,1.3,10.04,1971366,1509876,19.79,14.83,1.3,0.0,1.4,매수관심,양봉,완만한상승,0.69,1.83,2026-09-18
PACK,1.3,3.98,643169,501579,2.56,1.98,1.3,0.0,-0.3,중립,팽이도지,잔구간,0.68,0.11,2026-09-18
FRSH,1.3,12.25,5502897,4240770,67.41,48.83,1.4,0.2,-3.9,매도주의,장대음봉,잔구간,0.03,-1.28,2026-09-18
HOWL,1.3,0.965,1226768,935842,1.18,0.87,1.4,0.4,-0.2,매도주의,위꼬리음봉,완만한상승,0.1,-1.08,2026-09-18
FPE,1.3,17.49,1410206,1110585,24.66,18.46,1.3,-0.2,0.0,중립,팽이도지,잔구간,0.33,-0.1,2026-09-18
PAX,1.3,10.0,1463651,1095797,14.64,12.41,1.2,-0.1,-0.4,중립,팽이도지,잔구간,0.46,-0.025,2026-09-18
TIPX,1.3,18.33,310525,230616,5.69,5.15,1.1,-0.3,-0.1,매도주의,음봉,전저점이탈,0.27,-1.73,2026-09-18
HUN,1.3,9.09,3954105,3119125,35.94,24.53,1.5,1.0,-1.3,중립,음봉,전저점부근,0.55,0.11,2026-09-18
BRSL,1.3,10.18,2093427,1615374,21.31,19.55,1.1,-0.9,-1.4,매도주의,음봉,전저점이탈,0.13,-1.89,2026-09-18
KYTX,1.3,7.13,961255,718689,6.85,5.25,1.3,-0.3,1.6,중립,양봉,잔구간,0.68,0.46,2026-09-18
ASPN,1.3,5.07,834692,631307,4.23,3.05,1.4,1.0,-2.1,중립,음봉,잔구간,0.62,-0.28,2026-09-18
ULCC,1.3,5.82,3165902,2419351,18.43,13.82,1.3,-0.7,-0.3,중립,팽이도지,잔구간,0.43,-0.04,2026-09-18
AUTL,1.3,1.94,1769812,1404336,3.43,3.36,1.0,0.0,1.0,매수관심,양봉스프링,잔구간,0.86,0.965,2026-09-18
PWP,1.3,12.96,2505844,1882906,32.48,20.83,1.6,-0.8,2.3,중립,양봉,잔구간,0.65,0.44,2026-09-18
ENVX,1.3,2.99,8089302,6395884,24.19,19.44,1.2,1.0,0.7,매수관심,양봉스프링,잔구간,0.81,0.935,2026-09-18
USAR,1.3,15.37,17292545,13473311,265.79,221.31,1.2,2.0,-3.6,매도주의,장대음봉,잔구간,0.24,-1.155,2026-09-18
USAS,1.3,5.18,4852346,3681926,25.14,19.35,1.3,2.0,0.4,중립,팽이도지,잔구간,0.64,0.085,2026-09-18
MYGN,1.3,3.89,3509964,2715122,13.65,8.22,1.7,0.2,-6.3,매도주의,장대음봉,잔구간,0.1,-1.24,2026-09-18
BBCP,1.3,9.76,311681,245274,3.04,3.44,0.9,-1.3,0.9,매수관심,양봉,전저점부근,0.67,1.65,2026-09-18
BBAI,1.3,2.8,20366897,16178566,57.03,42.77,1.3,1.8,-3.1,중립,음봉,수횡파,0.25,-0.4,2026-09-18
BAK,1.3,1.7,1593695,1202500,2.71,3.13,0.9,-1.1,-4.0,매도주의,장대음봉,전저점부근,0.0,-1.85,2026-09-18
NAK,1.3,1.31,4796524,3591989,6.28,5.34,1.2,0.0,3.1,중립,양봉,잔구간,0.75,0.5,2026-09-18
DAKT,1.3,17.41,902821,693030,15.72,15.51,1.0,0.0,-0.2,중립,팽이도지,전저점부근,0.35,0.57,2026-09-18
RKLX,1.3,14.97,3723222,2933177,55.74,45.55,1.2,2.0,-11.4,매도주의,장대음봉,잔구간,0.16,-1.205,2026-09-18
RLMD,1.3,4.12,2069829,1631683,8.53,6.49,1.3,-1.2,-0.7,중립,망치형,잔구간,0.55,0.53,2026-09-18
AZ,1.3,5.65,423005,315764,2.39,2.16,1.1,-0.4,0.4,매수관심,팽이도지,완만한상승,0.48,0.88,2026-09-18
TRIN,1.3,17.63,1200944,929741,21.17,17.64,1.2,0.4,-2.5,매도주의,장대음봉,잔구간,0.1,-1.24,2026-09-18
MAX,1.3,10.49,1044330,780600,10.96,8.11,1.4,0.3,-1.0,매도주의,팽이도지,전저점이탈,0.3,-0.99,2026-09-18
KAZR,1.3,2.23,590447,441446,1.32,0.78,1.7,5.6,12.3,매수관심,장대양봉,잔구간,0.83,1.2,2026-09-18
LPTH,1.3,9.9,4290162,3409404,42.47,32.87,1.3,0.6,-2.7,중립,음봉,잔구간,0.4,-0.41,2026-09-18
KROS,1.3,11.19,302475,236988,3.38,2.05,1.7,-0.4,-1.1,중립,음봉,잔구간,0.3,-0.47,2026-09-18
VFC,1.3,12.79,9137136,7245819,116.86,88.04,1.3,-0.1,-1.0,중립,음봉,잔구간,0.06,-0.615,2026-09-18
UWMC,1.3,1.25,15666341,11782797,19.58,14.81,1.3,-1.6,0.8,중립,위꼬리양봉,잔구간,0.29,-0.625,2026-09-18
DOLE,1.3,13.03,1203834,911071,15.69,13.96,1.1,-0.5,-0.3,매도주의,팽이도지,전저점이탈,0.26,-1.04,2026-09-18
EGHT,1.3,1.77,1601725,1251095,2.84,2.43,1.2,-0.6,-1.7,매도주의,장대음봉,잔구간,0.2,-1.18,2026-09-18
DHX,1.3,4.9,368737,282303,1.81,1.44,1.3,0.2,-2.0,중립,음봉,잔구간,0.64,-0.265,2026-09-18
EH,1.3,4.58,774149,613336,3.55,2.96,1.2,0.0,-0.9,중립,망치형,잔구간,0.56,0.535,2026-09-18
RCEL,1.3,11.02,359083,278366,3.96,2.9,1.4,-0.6,-1.2,중립,망치형,잔구간,0.63,0.58,2026-09-18
QYLD,1.3,18.55,3833627,2966024,71.11,61.51,1.2,0.3,-0.1,매수관심,망치형,전고점부근,0.73,0.83,2026-09-18
ACRS,1.3,5.5,4688000,3550566,25.78,17.93,1.4,0.2,1.7,매수관심,양봉,수횡파,0.8,1.66,2026-09-18
XPOF,1.3,3.65,964270,749655,3.52,3.22,1.1,0.5,-2.7,중립,음봉,전저점부근,0.33,-0.15,2026-09-18
AAOG,1.2,2.32,3012902,2486471,6.99,6.15,1.1,6.1,7.4,강한매수,양봉,완만한상승,0.98,2.18,2026-09-18
ABCL,1.2,12.63,5438252,4496579,68.69,46.42,1.5,0.0,-0.8,중립,팽이도지,잔구간,0.44,-0.035,2026-09-18
XRPZ,1.2,15.35,690655,585179,10.6,11.95,0.9,2.4,6.5,강한매수,장대양봉,완만한상승,1.0,3.5,2026-09-18
VFF,1.2,2.84,599918,498651,1.7,1.78,1.0,0.0,0.0,매수관심,팽이도지,완만한상승,0.67,1.1,2026-09-18
ARCO,1.2,7.53,1226814,1032466,9.24,8.09,1.1,0.0,-1.4,강한매도,장대음봉,전저점이탈,0.15,-3.17,2026-09-18
MGTX,1.2,13.25,941210,816936,12.47,9.29,1.3,-1.0,2.6,강한매수,장대양봉,완만한상승,0.79,3.25,2026-09-18
ARCT,1.2,16.03,841474,723814,13.49,11.61,1.2,-1.4,-3.9,중립,음봉,잔구간,0.06,-0.615,2026-09-18
ARIS,1.2,19.4,1694134,1369814,32.87,26.61,1.2,0.8,1.6,중립,양봉,잔구간,0.91,0.595,2026-09-18
ETHW,1.2,18.86,1035358,844689,19.53,16.8,1.2,2.3,5.2,매수관심,장대양봉,잔구간,0.93,1.26,2026-09-18
ECC,1.2,3.63,964992,823775,3.5,3.01,1.2,0.8,-1.9,매도주의,장대음봉,잔구간,0.36,-1.085,2026-09-18
ELDN,1.2,2.62,828988,688583,2.17,2.28,1.0,0.8,-1.9,중립,음봉,전저점부근,0.45,-0.01,2026-09-18
DLO,1.2,14.21,1532037,1324273,21.77,23.72,0.9,-0.5,-0.5,중립,음봉,잔구간,0.23,-0.51,2026-09-18
DPRO,1.2,5.62,1306853,1120496,7.34,10.72,0.7,1.6,-3.8,중립,음봉,잔구간,0.38,-0.42,2026-09-18
DSL,1.2,10.2,616397,528302,6.29,5.26,1.2,-0.1,-0.5,매도주의,장대음봉,잔구간,0.25,-1.15,2026-09-18
EVC,1.2,7.8,1332440,1067896,10.39,8.79,1.2,0.8,-0.4,중립,망치형,잔구간,0.74,0.645,2026-09-18
HLMN,1.2,7.13,2911595,2358503,20.76,17.17,1.2,-0.6,-0.1,중립,팽이도지,잔구간,0.56,0.035,2026-09-18
RGTX,1.2,9.65,1049878,897320,10.13,10.59,1.0,3.1,-5.4,중립,음봉,잔구간,0.59,-0.295,2026-09-18
TRVI,1.2,14.95,2138489,1758402,31.97,24.46,1.3,-0.3,-1.5,중립,음봉,잔구간,0.25,-0.5,2026-09-18
BCSF,1.2,11.09,774734,666490,8.59,6.37,1.3,-0.5,-1.3,중립,음봉,잔구간,0.46,-0.375,2026-09-18
CWEB,1.2,18.97,786454,660470,14.92,13.84,1.1,3.1,0.6,매수관심,양봉,완만한상승,0.49,1.59,2026-09-18
TRDA,1.2,6.75,354430,294586,2.39,2.46,1.0,-0.7,-1.5,중립,음봉,잔구간,0.52,-0.34,2026-09-18
RGTZ,1.2,15.81,401721,328124,6.35,9.83,0.6,-3.8,6.1,매수관심,양봉,완만한상승,0.4,1.48,2026-09-18
MLCO,1.2,4.64,2204626,1822752,10.23,9.35,1.1,-0.6,-0.2,매도주의,위꼬리음봉,잔구간,0.07,-1.01,2026-09-18
EXFY,1.2,2.24,770865,668571,1.73,1.32,1.3,0.0,-4.3,매도주의,장대음봉,잔구간,0.23,-1.16,2026-09-18
IRE,1.2,12.11,6068412,5196067,73.49,67.43,1.1,5.6,8.5,강한매수,양봉,완만한상승,0.98,2.18,2026-09-18
MICC,1.2,18.98,974407,838188,18.49,16.62,1.1,0.1,0.2,강한매수,양봉스프링,완만한상승,0.92,2.9,2026-09-18
ASC,1.2,19.05,676625,559198,12.89,10.21,1.3,0.3,-0.1,매수관심,팽이도지,완만한상승,0.51,0.91,2026-09-18
TTAM,1.2,13.32,336457,290261,4.48,4.37,1.0,-1.0,-2.6,강한매도,장대음봉,전저점이탈,0.02,-3.33,2026-09-18
LZM,1.2,3.87,415220,354718,1.61,1.16,1.4,1.3,-0.8,중립,망치형,잔구간,0.63,0.58,2026-09-18
CIFG,1.2,4.88,1231879,1010657,6.01,4.26,1.4,10.4,5.4,강한매수,양봉,완만한상승,0.97,2.16,2026-09-18
CCXI,1.2,12.9,2994582,2467644,38.63,29.07,1.3,0.5,6.3,매수관심,장대양봉,잔구간,0.86,1.215,2026-09-18
AMBP,1.2,4.63,2241012,1893712,10.38,9.65,1.1,-0.4,-1.1,매도주의,장대음봉,잔구간,0.0,-1.3,2026-09-18
ORC,1.2,6.04,7009540,5630944,42.34,29.68,1.4,0.0,-0.8,중립,음봉,잔구간,0.3,-0.47,2026-09-18
AMPX,1.2,9.5,4848678,4128711,46.06,43.1,1.1,1.7,-2.1,중립,음봉,잔구간,0.46,-0.375,2026-09-18
ALEC,1.2,1.91,2119032,1699496,4.05,3.96,1.0,0.0,3.2,중립,양봉,잔구간,1.0,0.65,2026-09-18
VLN,1.2,1.65,745306,597397,1.23,1.17,1.1,1.2,0.0,중립,팽이도지,잔구간,0.69,0.115,2026-09-18
VMET,1.2,9.5,362623,290498,3.44,3.1,1.1,-0.1,-1.0,중립,팽이도지,잔구간,0.51,0.005,2026-09-18
LABX,1.2,11.16,1650596,1361003,18.42,14.8,1.2,3.6,2.9,강한매수,양봉,완만한상승,0.97,2.16,2026-09-18
KSS,1.2,16.55,4384957,3602181,72.57,63.47,1.1,0.4,-1.3,중립,음봉,잔구간,0.19,-0.535,2026-09-18
VIPS,1.2,12.31,3375818,2878888,41.56,39.64,1.0,0.1,0.9,중립,양봉,잔구간,0.41,0.295,2026-09-18
KOS,1.2,2.73,15780451,13497235,43.08,34.87,1.2,1.1,-4.9,강한매도,장대음봉,전저점이탈,0.07,-3.27,2026-09-18
ZURA,1.2,4.46,1661806,1345534,7.41,8.44,0.9,-1.5,-0.9,매도주의,팽이도지,전저점이탈,0.29,-1.0,2026-09-18
LCID,1.2,4.09,15137165,12423378,61.91,52.6,1.2,-0.4,-4.1,매도주의,장대음봉,잔구간,0.12,-1.23,2026-09-18
TLYS,1.2,4.14,789728,672341,3.27,9.7,0.3,0.2,-3.0,중립,음봉,잔구간,0.5,-0.35,2026-09-18
MX,1.2,2.75,453229,386970,1.25,1.02,1.2,1.8,-3.8,매도주의,장대음봉,잔구간,0.2,-1.18,2026-09-18
HSAI,1.2,16.52,1247286,1000410,20.61,22.84,0.9,0.3,-2.6,매도주의,장대음봉,전저점부근,0.22,-1.59,2026-09-18
SG,1.2,7.22,5876238,4932169,42.43,33.01,1.3,1.6,3.9,강한매수,장대양봉,완만한상승,0.88,3.36,2026-09-18
HLLY,1.2,2.54,1853967,1574937,4.71,3.74,1.3,-0.8,-3.4,강한매도,장대음봉,전저점이탈,0.0,-3.35,2026-09-18
BITO,1.2,10.92,100885327,84419701,1101.67,839.72,1.3,2.0,4.1,강한매수,장대양봉,전고점돌파,0.93,4.02,2026-09-18
PHAT,1.2,7.48,1788578,1444281,13.38,11.02,1.2,-1.5,-2.0,매도주의,음봉,전저점이탈,0.05,-1.99,2026-09-18
PICS,1.2,9.28,407636,338624,3.78,4.07,0.9,-0.1,-2.5,매도주의,음봉,전저점이탈,0.05,-1.99,2026-09-18
CRCG,1.2,14.91,4504600,3691107,67.16,57.07,1.2,4.9,9.8,강한매수,장대양봉,완만한상승,0.84,3.31,2026-09-18
SBSW,1.2,11.66,6071431,4928413,70.79,62.33,1.1,-4.1,0.9,중립,양봉,잔구간,0.91,0.595,2026-09-18
NKTX,1.2,2.83,609742,511611,1.73,1.95,0.9,0.0,0.7,중립,위꼬리양봉,잔구간,0.42,-0.55,2026-09-18
SSPC,1.2,8.71,16262754,14079742,141.65,143.5,1.0,0.5,2.5,중립,양봉,잔구간,0.59,0.405,2026-09-18
CLOV,1.2,4.46,6174737,4992143,27.54,21.4,1.3,-0.9,-0.9,중립,망치형,잔구간,0.65,0.59,2026-09-18
TAL,1.2,11.81,6372355,5148659,75.26,66.78,1.1,-0.3,1.3,매수관심,양봉,완만한상승,0.55,1.66,2026-09-18
TAK,1.2,18.91,2960710,2517990,55.99,43.86,1.3,-1.3,0.6,중립,양봉,잔구간,0.52,0.36,2026-09-18
TAC,1.2,12.22,2914822,2363127,35.62,26.77,1.3,0.1,-0.7,중립,음봉,잔구간,0.45,-0.38,2026-09-18
SVM,1.2,11.94,2264076,1842828,27.03,21.23,1.3,1.2,-2.9,매도주의,장대음봉,잔구간,0.32,-1.11,2026-09-18
FF,1.2,5.56,481163,393295,2.68,1.88,1.4,0.5,0.9,강한매수,양봉스프링,완만한상승,0.91,2.89,2026-09-18
YMAX,1.2,7.63,1216248,981493,9.28,7.62,1.2,-0.1,2.4,강한매수,장대양봉,전고점돌파,1.0,4.1,2026-09-18
LFMD,1.2,3.22,1184638,1018567,3.81,3.08,1.2,-0.3,0.9,중립,위꼬리양봉,완만한상승,0.43,-0.18,2026-09-18
AES,1.2,14.83,9540438,7781757,141.48,105.93,1.3,0.1,-0.3,매도주의,장대음봉,잔구간,0.0,-1.3,2026-09-18
PAR,1.2,15.25,1127583,956725,17.2,16.54,1.0,-0.4,-4.2,강한매도,장대음봉,전저점이탈,0.06,-3.28,2026-09-18
CAPR,1.2,9.06,3255709,2646850,29.5,25.36,1.2,-1.3,-2.5,중립,음봉,잔구간,0.25,-0.5,2026-09-18
GLUE,1.2,12.13,1598225,1326574,19.39,16.37,1.2,-0.2,-3.5,강한매도,장대음봉,전저점이탈,0.18,-3.13,2026-09-18
SOPH,1.2,8.19,965127,794882,7.9,6.13,1.3,0.2,-4.2,매도주의,장대음봉,잔구간,0.12,-1.23,2026-09-18
SOFI,1.2,16.96,44231547,38203214,750.17,654.49,1.1,0.6,0.8,중립,양봉,잔구간,0.75,0.5,2026-09-18
BTE,1.2,4.84,21168046,17760332,102.45,85.03,1.2,0.2,-0.4,중립,팽이도지,잔구간,0.5,0.0,2026-09-18
AGPU,1.2,12.13,488485,400449,5.93,3.81,1.6,-0.2,-5.9,매도주의,장대음봉,잔구간,0.01,-1.295,2026-09-18
WYFI,1.2,18.97,1556893,1274286,29.53,26.99,1.1,2.9,3.3,강한매수,장대양봉,완만한상승,0.94,3.43,2026-09-18
VERI,1.1,1.1,2695936,2474388,2.97,3.09,1.0,0.0,1.9,강한매수,양봉,완만한상승,0.83,2.0,2026-09-18
VTEX,1.1,3.64,753677,679992,2.74,2.56,1.1,0.3,-0.5,중립,음봉,잔구간,0.14,-0.565,2026-09-18
ARDT,1.1,10.48,501991,457105,5.26,5.24,1.0,0.1,-2.1,매도주의,장대음봉,잔구간,0.23,-1.16,2026-09-18
VELO,1.1,10.58,953830,895052,10.09,10.18,1.0,-0.6,-0.8,중립,망치형,잔구간,0.68,0.61,2026-09-18
VVR,1.1,2.88,782488,706175,2.25,2.32,1.0,0.0,-0.3,중립,음봉,잔구간,0.0,-0.65,2026-09-18
UNCY,1.1,4.8,1109036,1011516,5.32,4.71,1.1,0.6,0.0,중립,팽이도지,잔구간,0.44,-0.035,2026-09-18
AVS,1.1,8.15,11474481,10238480,93.52,100.56,0.9,-1.1,-1.8,중립,음봉,잔구간,0.47,-0.37,2026-09-18
QTRX,1.1,3.07,1048070,940310,3.22,3.26,1.0,0.0,-1.6,중립,음봉,잔구간,0.5,-0.35,2026-09-18
QCML,1.1,17.38,794224,720853,13.8,14.01,1.0,2.5,-13.5,매도주의,장대음봉,잔구간,0.12,-1.23,2026-09-18
DRN,1.1,9.19,1787289,1611003,16.43,17.33,0.9,-1.9,-1.1,매도주의,음봉,전저점이탈,0.11,-1.92,2026-09-18
JBLU,1.1,4.37,20743225,19087389,90.65,85.46,1.1,-0.4,-1.4,중립,음봉,잔구간,0.23,-0.51,2026-09-18
JACK,1.1,13.06,621645,585970,8.12,8.26,1.0,-0.5,-0.9,중립,음봉,전저점부근,0.34,-0.14,2026-09-18
POET,1.1,7.8,7118055,6686297,55.52,67.02,0.8,1.6,2.2,강한매수,양봉,완만한상승,0.93,2.12,2026-09-18
JDZG,1.1,4.14,994889,898258,4.12,2.15,1.9,-1.2,2.0,중립,위꼬리양봉,완만한상승,0.28,-0.36,2026-09-18
PDO,1.1,11.99,1384715,1236332,16.6,15.46,1.1,-0.1,-0.7,중립,음봉,잔구간,0.35,-0.44,2026-09-18
INFY,1.1,10.82,17157831,15415298,185.65,185.05,1.0,-1.1,-1.2,매도주의,장대음봉,잔구간,0.11,-1.235,2026-09-18
INO,1.1,1.24,2907373,2686063,3.61,3.8,0.9,0.4,2.1,중립,양봉,잔구간,0.5,0.35,2026-09-18
DAMD,1.1,11.05,2252266,2083958,24.89,35.67,0.7,-0.9,-4.5,강한매도,장대음봉,전저점이탈,0.0,-3.35,2026-09-18
ITRG,1.1,2.79,1714753,1615988,4.78,5.99,0.8,0.0,0.4,강한매수,양봉스프링,완만한상승,0.78,2.74,2026-09-18
MNR,1.1,11.13,1105926,1035518,12.31,21.69,0.6,-0.2,1.6,매수관심,장대양봉,잔구간,1.0,1.3,2026-09-18
UNG,1.1,10.41,22826499,20315144,237.62,192.54,1.2,0.8,0.0,중립,위꼬리양봉,완만한상승,0.19,-0.47,2026-09-18
EXK,1.1,10.21,7724275,7118132,78.86,84.63,0.9,1.5,-1.1,중립,음봉,잔구간,0.52,-0.34,2026-09-18
PLUG,1.1,2.09,55189049,48264932,115.35,105.48,1.1,0.5,-1.9,중립,음봉,잔구간,0.47,-0.37,2026-09-18
PL,1.1,16.42,10427853,9898782,171.23,283.05,0.6,0.6,-4.0,매도주의,장대음봉,잔구간,0.29,-1.125,2026-09-18
PHK,1.1,4.27,1627550,1481627,6.95,5.57,1.2,-1.4,-1.2,중립,음봉,전저점부근,0.11,-0.42,2026-09-18
SBS,1.1,5.31,7852657,7198716,41.7,36.05,1.2,0.0,0.6,매수관심,양봉,완만한상승,0.61,1.73,2026-09-18
CORD,1.1,3.41,10747907,10225738,36.65,34.42,1.1,-0.3,-3.7,중립,음봉,잔구간,0.13,-0.57,2026-09-18
OWL,1.1,9.84,17827051,16004395,175.42,206.16,0.9,-0.4,-0.8,중립,음봉,전저점부근,0.42,-0.05,2026-09-18
SAIL,1.1,19.83,5404598,5141607,107.17,100.1,1.1,0.9,-2.7,중립,음봉,잔구간,0.41,-0.405,2026-09-18
HPP,1.1,11.51,709531,627476,8.17,7.12,1.1,-0.3,-0.5,중립,팽이도지,잔구간,0.27,-0.14,2026-09-18
SFL,1.1,13.63,1865812,1701855,25.43,20.97,1.2,-0.1,-0.8,중립,음봉,잔구간,0.3,-0.47,2026-09-18
MTRX,1.1,9.87,536297,480025,5.29,5.04,1.1,-0.3,-0.5,중립,망치형,잔구간,0.71,0.625,2026-09-18
IEP,1.1,6.97,737375,670575,5.14,4.57,1.1,-0.1,-0.7,중립,음봉,잔구간,0.47,-0.37,2026-09-18
TJGC,1.1,16.84,2563493,2431364,43.17,24.55,1.8,-1.4,55.1,강한매수,장대양봉,전고점돌파,0.72,3.76,2026-09-18
BNGO,1.1,1.73,1197986,1137746,2.07,7.08,0.3,0.6,-1.1,매도주의,위꼬리음봉,잔구간,0.22,-0.92,2026-09-18
BMNZ,1.1,4.62,5113451,4590642,23.62,24.17,1.0,-7.9,-10.4,매도주의,장대음봉,잔구간,0.22,-1.17,2026-09-18
BLOX,1.1,14.4,351976,322740,5.07,4.49,1.1,1.0,4.6,강한매수,장대양봉,완만한상승,0.93,3.42,2026-09-18
TPST,1.1,0.968,4799040,4326382,4.65,15.54,0.3,-6.1,15.2,중립,양봉,잔구간,0.51,0.355,2026-09-18
ICL,1.1,5.36,1327610,1245293,7.12,7.32,1.0,0.0,-3.1,강한매도,장대음봉,전저점이탈,0.05,-3.29,2026-09-18
MUD,1.1,9.73,5644293,4974278,54.92,59.62,0.9,-0.8,-3.1,매도주의,장대음봉,잔구간,0.05,-1.27,2026-09-18
BMEA,1.1,1.83,1630910,1516878,2.98,3.55,0.8,0.0,2.2,중립,위꼬리양봉,완만한상승,0.37,-0.26,2026-09-18
MIN,1.1,2.35,486351,427763,1.14,0.89,1.3,-0.4,0.4,매수관심,양봉,완만한상승,0.5,1.6,2026-09-18
ASTL,1.1,4.25,841060,754394,3.57,3.69,1.0,-0.2,-3.6,매도주의,장대음봉,잔구간,0.23,-1.16,2026-09-18
RSKD,1.1,6.21,899480,797220,5.59,9.01,0.6,-1.4,-0.2,중립,팽이도지,잔구간,0.37,-0.08,2026-09-18
EOSE,1.1,3.96,24874110,22824822,98.5,101.71,1.0,1.0,-1.5,중립,팽이도지,잔구간,0.39,-0.065,2026-09-18
PTLO,1.1,3.75,1507481,1348758,5.65,5.54,1.0,-1.1,0.8,중립,위꼬리양봉,잔구간,0.4,-0.56,2026-09-18
PSQL,1.1,7.64,575995,520812,4.4,8.63,0.5,-0.1,-3.3,중립,음봉,잔구간,0.46,-0.375,2026-09-18
CURI,1.1,2.78,673607,625229,1.87,1.88,1.0,-0.2,-0.4,중립,팽이도지,잔구간,0.33,-0.1,2026-09-18
ENOV,1.1,18.04,2645397,2444011,47.72,45.63,1.0,-0.6,1.9,중립,양봉,잔구간,0.92,0.6,2026-09-18
TRIP,1.1,8.84,4579602,4234487,40.48,41.53,1.0,0.3,-0.7,매도주의,위꼬리음봉,잔구간,0.13,-0.97,2026-09-18
TSLT,1.1,13.37,2050543,1824361,27.42,34.69,0.8,1.2,-2.5,중립,음봉,잔구간,0.32,-0.46,2026-09-18
BBDC,1.1,8.74,600809,563894,5.25,5.16,1.0,-0.2,-2.0,매도주의,장대음봉,잔구간,0.12,-1.23,2026-09-18
BEZ,1.1,5.95,4532956,4255044,26.97,25.2,1.1,-2.4,13.1,매수관심,장대양봉,잔구간,0.95,1.27,2026-09-18
CIFR,1.1,18.34,41168296,38106876,755.03,656.37,1.2,5.1,3.0,강한매수,양봉,완만한상승,0.94,2.13,2026-09-18
OGG,1.1,2.72,1019928,912550,2.77,2.49,1.1,0.7,-1.4,중립,음봉,잔구간,0.27,-0.49,2026-09-18
SOUN,1.1,5.93,19977766,19014603,118.47,150.25,0.8,0.8,-2.0,중립,음봉,잔구간,0.4,-0.41,2026-09-18
BTX,1.1,8.77,392654,343282,3.44,3.35,1.0,1.0,-0.6,매도주의,장대음봉,완만한상승,0.37,-1.26,2026-09-18
CRESY,1.1,12.76,340903,312897,4.35,3.32,1.3,-0.2,-0.3,중립,팽이도지,잔구간,0.6,0.06,2026-09-18
SID,1.1,1.1,10505642,9796782,11.56,13.03,0.9,-0.8,-6.0,강한매도,장대음봉,전저점이탈,0.12,-3.21,2026-09-18
GTE,1.1,10.3,753844,662284,7.76,6.22,1.2,0.6,0.0,중립,팽이도지,잔구간,0.57,0.04,2026-09-18
SPCH,1.1,10.4,25750501,23652414,267.81,247.24,1.1,-0.1,-2.5,중립,음봉,잔구간,0.43,-0.39,2026-09-18
SKHL,1.1,11.39,1837237,1702974,20.93,18.88,1.1,1.8,3.0,매수관심,양봉,완만한상승,0.52,1.62,2026-09-18
SKHZ,1.1,9.48,1687123,1510999,15.99,16.56,1.0,-1.1,-1.6,중립,음봉,잔구간,0.44,-0.385,2026-09-18
GDXY,1.1,10.89,709743,672638,7.73,8.21,0.9,-0.4,0.4,매수관심,양봉스프링,잔구간,0.8,0.93,2026-09-18
SUPX,1.1,7.31,1156199,1100777,8.45,8.11,1.0,0.3,-7.2,중립,음봉,잔구간,0.23,-0.51,2026-09-18
BORR,1.1,4.46,7234219,6513139,32.26,26.12,1.2,3.2,-0.9,강한매수,망치형,완만한상승,0.58,2.0,2026-09-18
NVDX,1.1,19.67,4219712,3743256,83.0,91.22,0.9,-0.3,2.7,강한매수,장대양봉,완만한상승,0.89,3.37,2026-09-18
CLPT,1.1,13.83,525636,478228,7.27,7.72,0.9,-0.5,1.2,매수관심,양봉,완만한상승,0.74,1.89,2026-09-18
FTMH,1.1,11.15,387967,343237,4.33,4.4,1.0,-0.1,-0.3,중립,음봉,잔구간,0.5,-0.35,2026-09-18
NB,1.1,3.58,2749895,2450649,9.84,9.42,1.0,1.6,-3.5,매도주의,장대음봉,잔구간,0.25,-1.15,2026-09-18
SUZ,1.1,9.29,2637977,2466119,24.51,24.71,1.0,-0.5,0.9,매수관심,양봉,완만한상승,0.82,1.98,2026-09-18
BTCZ,1.1,3.155,27873612,25152215,87.94,71.6,1.2,-4.6,-8.3,강한매도,장대음봉,전저점이탈,0.06,-3.28,2026-09-18
GENB,1.1,17.14,1404547,1259495,24.07,19.04,1.3,0.3,-0.2,강한매수,망치형,완만한상승,0.79,2.25,2026-09-18
AKBA,1.1,0.916,7372561,6822622,6.75,6.22,1.1,-0.6,2.9,매수관심,양봉,완만한상승,0.77,1.92,2026-09-18
CCCC,1.1,3.39,1630922,1483985,5.53,6.28,0.9,0.4,-1.2,중립,음봉,잔구간,0.11,-0.585,2026-09-18
SMWB,1.1,8.23,627987,578900,5.17,4.95,1.0,0.8,-2.1,중립,음봉,잔구간,0.42,-0.4,2026-09-18
LOMA,1.1,9.51,357087,332521,3.4,3.21,1.1,-0.4,0.0,중립,팽이도지,잔구간,0.64,0.085,2026-09-18
WCMI,1.1,19.31,864521,768632,16.69,14.45,1.2,-0.6,-0.1,중립,망치형,잔구간,0.86,0.715,2026-09-18
ERY,1.1,8.84,16994957,16005501,150.24,139.52,1.1,0.1,0.5,매수관심,팽이도지,완만한상승,0.72,1.16,2026-09-18
WETO,1.1,1.69,2268604,1980038,3.83,14.89,0.3,-3.2,-6.1,매도주의,음봉,전저점이탈,0.43,-1.53,2026-09-18
AGRO,1.1,11.46,779140,693973,8.93,9.56,0.9,-1.1,-2.1,매도주의,장대음봉,잔구간,0.03,-1.28,2026-09-18
LITZ,1.1,6.6,4235017,3879725,27.95,39.94,0.7,-5.8,-3.2,중립,음봉,잔구간,0.34,-0.445,2026-09-18
AFYA,1.1,13.6,338687,306149,4.61,5.08,0.9,0.3,-0.6,중립,망치형,잔구간,0.63,0.58,2026-09-18
VZLA,1.1,4.08,4347032,4098824,17.74,17.19,1.0,0.2,1.5,중립,양봉,잔구간,0.82,0.54,2026-09-18
ZGN,1.1,12.29,1718170,1524776,21.12,18.97,1.1,-0.2,-0.4,중립,팽이도지,잔구간,0.54,0.025,2026-09-18
XPEV,1.0,10.62,6287194,6143869,66.77,76.08,0.9,2.2,-1.9,매도주의,장대음봉,완만한상승,0.27,-1.38,2026-09-18
ACB,1.0,3.87,625450,618554,2.42,2.94,0.8,0.0,0.5,중립,위꼬리양봉,완만한상승,0.4,-0.22,2026-09-18
YMM,1.0,8.13,3724397,3673835,30.28,37.71,0.8,0.1,0.2,중립,위꼬리양봉,완만한상승,0.42,-0.2,2026-09-18
XRPI,1.0,7.66,412105,401323,3.16,2.51,1.3,2.3,6.7,강한매수,장대양봉,완만한상승,1.0,3.5,2026-09-18
AMZD,1.0,8.635,9836073,10210211,84.93,92.26,0.9,-0.3,-0.6,중립,음봉,잔구간,0.48,-0.36,2026-09-18
MSDL,1.0,14.63,336590,340007,4.92,6.45,0.8,-0.3,-1.3,매도주의,장대음봉,잔구간,0.07,-1.26,2026-09-18
ATEC,1.0,10.18,2791490,2812030,28.42,29.82,1.0,-0.4,-0.6,매도주의,위꼬리음봉,잔구간,0.03,-1.03,2026-09-18
EVH,1.0,3.69,2563716,2595867,9.46,10.17,0.9,-0.5,1.1,매수관심,양봉,완만한상승,0.65,1.78,2026-09-18
INTR,1.0,5.35,3783154,3746419,20.24,24.58,0.8,-1.3,-0.6,중립,음봉,잔구간,0.33,-0.45,2026-09-18
IRT,1.0,14.79,4346873,4403134,64.29,70.47,0.9,-0.4,-1.4,강한매도,장대음봉,전저점이탈,0.08,-3.25,2026-09-18
GRFS,1.0,7.31,367745,387097,2.69,3.11,0.9,-0.4,-0.8,매도주의,음봉,전저점이탈,0.17,-1.85,2026-09-18
NVG,1.0,11.48,1038767,1035284,11.93,9.69,1.2,-0.3,-0.3,중립,음봉,잔구간,0.42,-0.4,2026-09-18
OSS,1.0,9.05,727107,764147,6.58,6.51,1.0,0.7,-0.9,중립,망치형,잔구간,0.77,0.66,2026-09-18
OSTX,1.0,1.77,908579,909796,1.61,1.82,0.9,-1.1,-2.2,중립,음봉,잔구간,0.14,-0.565,2026-09-18
CIG,1.0,2.14,6121321,6246009,13.1,12.31,1.1,-1.4,0.9,중립,양봉,잔구간,0.6,0.41,2026-09-18
SMCX,1.0,12.6,4352260,4273644,54.84,59.15,0.9,-0.4,-6.0,중립,음봉,잔구간,0.37,-0.43,2026-09-18
ONDS,1.0,7.39,63908739,66147949,472.29,442.99,1.1,1.6,-1.6,중립,음봉,완만한상승,0.58,0.3,2026-09-18
OPEN,1.0,2.56,40537981,39906082,103.78,91.91,1.1,0.4,-0.4,중립,팽이도지,잔구간,0.36,-0.085,2026-09-18
CX,1.0,10.06,6292045,6471930,63.3,65.7,1.0,-0.5,-0.8,중립,음봉,잔구간,0.23,-0.51,2026-09-18
TSDD,1.0,7.76,10376567,10451618,80.52,82.72,1.0,-1.7,2.8,매수관심,양봉,완만한상승,0.64,1.77,2026-09-18
TSLG,1.0,4.77,61248379,58922906,292.15,258.53,1.1,1.4,-2.7,중립,음봉,잔구간,0.33,-0.45,2026-09-18
TSLR,1.0,16.59,1568922,1508809,26.03,27.06,1.0,1.8,-2.8,중립,음봉,잔구간,0.33,-0.45,2026-09-18
NAD,1.0,10.63,1714138,1713276,18.22,14.51,1.3,-0.6,-1.1,매도주의,장대음봉,전저점부근,0.24,-1.56,2026-09-18
IGR,1.0,12.35,358300,351366,4.43,4.77,0.9,0.1,-0.3,중립,음봉,잔구간,0.48,-0.36,2026-09-18
TMQ,1.0,3.26,1198623,1211762,3.91,4.62,0.8,0.0,0.6,매수관심,양봉스프링,잔구간,0.77,0.91,2026-09-18
TNDM,1.0,16.87,2284175,2209848,38.53,36.37,1.1,-0.6,-1.5,매도주의,장대음봉,잔구간,0.26,-1.145,2026-09-18
HITI,1.0,2.58,1131625,1083873,2.92,2.84,1.0,-0.4,-2.3,중립,음봉,잔구간,0.28,-0.48,2026-09-18
PLTZ,1.0,8.89,3046233,2933288,27.08,38.46,0.7,-1.3,-0.1,매도주의,위꼬리음봉,전저점부근,0.03,-1.31,2026-09-18
RZLV,1.0,2.27,8624237,8511898,19.58,30.57,0.6,0.0,0.0,중립,팽이도지,완만한상승,0.4,0.78,2026-09-18
SAFX,1.0,0.473,4048448,3997391,1.92,1.69,1.1,-2.2,5.2,매수관심,양봉,완만한상승,0.39,1.47,2026-09-18
SUPV,1.0,8.04,348257,348689,2.8,3.31,0.8,-0.7,-3.4,강한매도,장대음봉,전저점이탈,0.11,-3.22,2026-09-18
BHC,1.0,5.67,1912984,2009047,10.85,13.48,0.8,0.5,-0.2,중립,팽이도지,잔구간,0.56,0.035,2026-09-18
PFLT,1.0,7.01,730932,715611,5.12,5.23,1.0,-0.3,-2.6,매도주의,장대음봉,잔구간,0.0,-1.3,2026-09-18
NU,1.0,13.65,70805832,70946105,966.5,1047.51,0.9,-0.5,-0.9,중립,음봉,잔구간,0.26,-0.495,2026-09-18
HAFN,1.0,10.12,2387841,2293306,24.16,24.38,1.0,1.3,2.7,강한매수,장대양봉,전고점돌파,1.0,4.1,2026-09-18
OXLC,1.0,9.09,810078,790263,7.36,7.5,1.0,1.3,-0.3,중립,음봉,잔구간,0.5,-0.35,2026-09-18
PACB,1.0,1.37,4959562,5019756,6.79,6.15,1.1,0.0,-0.7,중립,팽이도지,잔구간,0.5,0.0,2026-09-18
GRRR,1.0,12.89,460189,442454,5.93,8.02,0.7,0.1,-0.8,중립,팽이도지,잔구간,0.5,0.0,2026-09-18
BYND,1.0,11.51,1141689,1150713,13.14,12.42,1.1,0.0,-1.7,매도주의,위꼬리음봉,잔구간,0.05,-1.02,2026-09-18
CBRG,1.0,3.43,9473180,9613422,32.49,40.66,0.8,3.0,1.2,중립,위꼬리양봉,완만한상승,0.33,-0.3,2026-09-18
SPCF,1.0,17.32,1279998,1247257,22.17,29.06,0.8,0.0,-3.0,중립,음봉,잔구간,0.41,-0.405,2026-09-18
SPCG,1.0,14.85,698615,704298,10.37,20.15,0.5,0.1,2.4,중립,양봉,잔구간,0.58,0.4,2026-09-18
SPCU,1.0,13.85,1404289,1381768,19.45,20.82,0.9,-0.1,-2.5,중립,음봉,잔구간,0.45,-0.38,2026-09-18
AQN,1.0,5.35,5211613,5199153,27.88,27.86,1.0,-0.7,0.2,중립,위꼬리양봉,잔구간,0.38,-0.57,2026-09-18
ARCC,1.0,19.4,4880394,4731448,94.68,90.97,1.0,-0.1,-1.2,매도주의,장대음봉,잔구간,0.23,-1.16,2026-09-18
USGG,1.0,4.927,448441,434896,2.21,3.16,0.7,3.9,-6.5,중립,음봉,잔구간,0.26,-0.495,2026-09-18
REPL,1.0,13.07,2149948,2252754,28.1,27.21,1.0,1.2,0.4,매수관심,양봉스프링,잔구간,0.75,0.9,2026-09-18
PRCT,1.0,19.3,1491270,1434504,28.78,27.5,1.0,-0.3,-0.6,중립,망치형,잔구간,0.6,0.56,2026-09-18
EC,1.0,17.58,1367764,1377998,24.05,25.51,0.9,-1.2,2.3,매수관심,장대양봉,잔구간,0.94,1.265,2026-09-18
LAC,1.0,2.86,9702791,9537802,27.75,32.26,0.9,0.3,-1.4,중립,음봉,잔구간,0.46,-0.375,2026-09-18
LUNL,1.0,3.29,1362785,1374715,4.48,4.94,0.9,2.3,-13.4,매도주의,장대음봉,잔구간,0.11,-1.235,2026-09-18
LXFR,1.0,17.22,432340,432687,7.44,7.9,0.9,0.1,-0.1,중립,음봉,완만한상승,0.48,0.18,2026-09-18
AMPY,1.0,4.5,566685,567960,2.55,2.64,1.0,-0.2,-1.1,중립,음봉,전저점부근,0.37,-0.11,2026-09-18
VNCE,1.0,10.7,751918,718667,8.05,5.61,1.4,-1.7,10.9,강한매수,양봉,전고점돌파,0.79,2.55,2026-09-18
WTI,1.0,3.84,4374952,4481498,16.8,15.84,1.1,0.1,-2.2,중립,음봉,잔구간,0.07,-0.61,2026-09-18
WULF,1.0,17.01,32732799,32104170,556.78,494.2,1.1,1.7,1.6,강한매수,양봉스프링,완만한상승,0.94,2.93,2026-09-18
VG,1.0,14.02,16976043,16252030,238.0,221.4,1.1,-0.1,-2.6,강한매도,장대음봉,전저점이탈,0.0,-3.35,2026-09-18
LDI,1.0,0.698,10775624,10288659,7.52,7.34,1.0,-2.9,-0.3,매도주의,위꼬리음봉,잔구간,0.07,-1.01,2026-09-18
LAR,0.9,5.77,1945308,2104450,11.22,13.41,0.8,1.2,-1.2,중립,망치형,잔구간,0.71,0.625,2026-09-18
LEGN,0.9,17.61,2937734,3362493,51.73,43.66,1.2,0.7,-0.6,중립,팽이도지,잔구간,0.6,0.06,2026-09-18
LENZ,0.9,4.07,735159,791155,2.99,3.54,0.8,-0.7,-0.7,중립,음봉,잔구간,0.3,-0.47,2026-09-18
KULR,0.9,2.37,585333,674483,1.39,1.51,0.9,0.4,-2.1,중립,음봉,잔구간,0.27,-0.49,2026-09-18
LPL,0.9,2.91,1782906,1986257,5.19,6.14,0.8,0.0,-2.3,매도주의,음봉,전저점이탈,0.19,-1.82,2026-09-18
KEP,0.9,11.01,892413,1032654,9.83,13.91,0.7,-1.8,-1.0,강한매도,장대음봉,전저점이탈,0.14,-3.18,2026-09-18
KRO,0.9,8.01,357708,407651,2.87,3.54,0.8,-1.1,-1.5,매도주의,장대음봉,잔구간,0.29,-1.125,2026-09-18
AEO,0.9,15.06,6939268,7508107,104.51,162.29,0.6,-0.1,1.1,매수관심,양봉,완만한상승,0.56,1.67,2026-09-18
SKHX,0.9,17.64,1599823,1864755,28.22,34.74,0.8,1.8,3.0,중립,양봉,잔구간,0.54,0.375,2026-09-18
PCN,0.9,11.11,492016,572655,5.47,5.86,0.9,0.2,-1.5,매도주의,장대음봉,전저점부근,0.23,-1.57,2026-09-18
NUV,0.9,8.51,606345,709481,5.16,5.44,0.9,-0.6,-1.2,매도주의,장대음봉,잔구간,0.14,-1.215,2026-09-18
NVCR,0.9,16.69,1152697,1256196,19.24,18.61,1.0,-0.1,-0.1,중립,팽이도지,잔구간,0.48,-0.01,2026-09-18
GDXD,0.9,17.94,3231472,3426384,57.97,64.52,0.9,-0.6,1.2,중립,위꼬리양봉,완만한상승,0.25,-0.4,2026-09-18
SPRY,0.9,4.11,1885783,2020004,7.75,7.45,1.0,-1.2,0.2,중립,위꼬리양봉,전저점부근,0.1,-0.73,2026-09-18
CBRX,0.9,10.19,321519,367631,3.28,4.15,0.8,3.5,0.5,중립,위꼬리양봉,완만한상승,0.22,-0.44,2026-09-18
ONDG,0.9,2.19,2418283,2817387,5.3,6.42,0.8,3.1,-3.1,중립,음봉,잔구간,0.61,-0.285,2026-09-18
APLX,0.9,9.27,1831494,2016954,16.98,13.27,1.3,4.4,8.7,강한매수,양봉,완만한상승,0.94,2.13,2026-09-18
PRQR,0.9,1.83,570090,605638,1.04,1.18,0.9,0.0,-3.2,매도주의,장대음봉,잔구간,0.0,-1.3,2026-09-18
JKS,0.9,10.39,757491,832727,7.87,9.82,0.8,0.8,-4.2,매도주의,장대음봉,잔구간,0.15,-1.21,2026-09-18
JFR,0.9,7.53,568905,660336,4.28,4.81,0.9,0.1,0.4,중립,양봉,잔구간,1.0,0.65,2026-09-18
JMIA,0.9,6.95,1247990,1353229,8.67,11.09,0.8,0.3,-2.5,매도주의,장대음봉,전저점부근,0.21,-1.6,2026-09-18
PSIG,0.9,4.15,1593657,1720991,6.61,4.61,1.4,-4.1,-2.6,중립,음봉,잔구간,0.32,-0.46,2026-09-18
PML,0.9,6.85,560338,629900,3.84,3.67,1.0,0.1,-1.3,매도주의,장대음봉,잔구간,0.0,-1.3,2026-09-18
ELPC,0.9,12.47,418189,482306,5.21,5.45,1.0,-0.7,0.1,강한매수,양봉스프링,수횡파,0.79,3.45,2026-09-18
NSLR,0.9,7.89,410355,432444,3.24,5.64,0.6,0.9,-4.6,매도주의,장대음봉,잔구간,0.16,-1.205,2026-09-18
COHH,0.9,6.84,958429,1060183,6.56,6.31,1.0,6.2,7.5,강한매수,장대양봉,전고점부근,0.97,2.11,2026-09-18
SNK,0.9,14.34,2730342,2960366,39.15,55.09,0.7,-0.1,2.9,중립,양봉,잔구간,0.61,0.415,2026-09-18
OMAH,0.9,18.21,716360,804803,13.04,14.54,0.9,0.0,-0.2,중립,음봉,잔구간,0.6,-0.29,2026-09-18
RWT,0.9,3.94,9629064,10540855,37.94,42.56,0.9,0.8,-0.8,매도주의,위꼬리음봉,완만한상승,0.21,-0.95,2026-09-18
RWM,0.9,14.16,19895813,23088677,281.72,290.77,1.0,0.2,0.3,매수관심,양봉,완만한상승,0.36,1.43,2026-09-18
PEPG,0.9,2.85,580503,648249,1.65,2.39,0.7,0.0,-4.0,매도주의,장대음봉,전저점부근,0.1,-1.73,2026-09-18
MHD,0.9,10.76,537194,584253,5.78,6.59,0.9,0.0,-0.9,중립,음봉,잔구간,0.29,-0.475,2026-09-18
ETY,0.9,14.01,309982,338234,4.34,4.33,1.0,0.4,0.1,매수관심,팽이도지,완만한상승,0.5,0.9,2026-09-18
RCKT,0.9,3.37,1598193,1757807,5.39,5.58,1.0,-0.9,-2.9,중립,음봉,잔구간,0.1,-0.59,2026-09-18
LAES,0.9,2.24,4754532,5449382,10.65,12.28,0.9,1.3,-3.9,매도주의,장대음봉,잔구간,0.15,-1.21,2026-09-18
VFS,0.9,3.23,340313,375907,1.1,1.13,1.0,0.0,-0.3,중립,망치형,잔구간,0.76,0.655,2026-09-18
IREX,0.9,17.64,1470544,1617226,25.94,24.98,1.0,5.1,8.9,강한매수,장대양봉,완만한상승,1.0,3.5,2026-09-18
MORT,0.9,9.03,1664477,1761745,15.03,11.8,1.3,-0.3,-0.9,매도주의,장대음봉,전저점부근,0.1,-1.73,2026-09-18
ELVA,0.9,6.61,313906,361374,2.07,2.07,1.0,0.9,0.9,매수관심,양봉스프링,잔구간,0.96,1.025,2026-09-18
PTIR,0.9,19.06,2791021,3008088,53.2,57.19,0.9,0.8,0.6,매수관심,양봉스프링,전고점부근,0.97,1.61,2026-09-18
TIGR,0.9,4.73,1886718,2120075,8.92,10.63,0.8,0.7,-0.9,중립,음봉,잔구간,0.17,-0.55,2026-09-18
TLRY,0.9,3.99,3134642,3536573,12.51,15.61,0.8,0.3,1.0,중립,양봉,잔구간,0.88,0.58,2026-09-18
TMC,0.9,3.78,4175897,4765930,15.78,18.5,0.9,0.5,0.5,매수관심,양봉스프링,잔구간,0.76,0.905,2026-09-18
ICLN,0.9,17.56,5306866,5895484,93.19,127.65,0.7,0.5,-1.4,매도주의,장대음봉,잔구간,0.33,-1.1,2026-09-18
MUC,0.9,10.16,520350,588241,5.29,6.28,0.8,-0.3,-0.2,중립,망치형,잔구간,0.57,0.54,2026-09-18
MVIS,0.9,1.66,1206739,1410112,2.0,2.77,0.7,2.5,-0.6,매도주의,위꼬리음봉,완만한상승,0.11,-1.07,2026-09-18
TSLQ,0.9,18.5,5226354,5710683,96.69,129.69,0.7,-1.7,2.7,매수관심,양봉,완만한상승,0.65,1.78,2026-09-18
AXTX,0.9,7.33,11616351,12553281,85.15,80.44,1.1,6.7,-0.3,매수관심,팽이도지,완만한상승,0.64,1.07,2026-09-18
RIG,0.9,5.64,41095466,44533723,231.78,267.47,0.9,0.8,-1.1,중립,음봉,수횡파,0.15,-0.52,2026-09-18
PLTD,0.9,5.08,25963090,27656384,131.89,140.0,0.9,-0.4,-0.4,매도주의,위꼬리음봉,전저점부근,0.0,-1.35,2026-09-18
TETH,0.9,13.18,1497772,1734792,19.74,21.19,0.9,2.4,5.4,강한매수,장대양봉,완만한상승,0.95,3.44,2026-09-18
BILI,0.9,14.9,3049436,3479932,45.44,70.06,0.6,2.8,0.6,중립,양봉,잔구간,0.48,0.34,2026-09-18
BIT,0.9,11.64,394991,462915,4.6,4.53,1.0,0.1,0.1,중립,팽이도지,잔구간,0.73,0.14,2026-09-18
BLCO,0.9,16.85,359135,410864,6.05,6.57,0.9,-0.1,0.5,중립,팽이도지,잔구간,0.63,0.08,2026-09-18
FIGS,0.9,13.06,2445838,2745964,31.94,39.85,0.8,-0.4,0.4,매수관심,팽이도지,완만한상승,0.59,1.01,2026-09-18
STIM,0.9,2.9,1120477,1296693,3.25,5.06,0.6,-1.7,-0.7,중립,팽이도지,잔구간,0.26,-0.145,2026-09-18
VNM,0.9,17.63,615127,722819,10.84,12.89,0.8,0.6,-0.1,중립,팽이도지,완만한상승,0.29,0.65,2026-09-18
JOBY,0.8,6.12,23521200,28952206,143.95,185.34,0.8,2.1,-3.2,중립,음봉,잔구간,0.22,-0.52,2026-09-18
MCFT,0.8,19.82,331115,437750,6.56,7.05,0.9,-0.8,-0.7,중립,망치형,잔구간,0.74,0.645,2026-09-18
BZ,0.8,14.8,6229852,8150984,92.2,168.17,0.5,-0.1,-0.1,매도주의,위꼬리음봉,전저점부근,0.13,-1.19,2026-09-18
EIDO,0.8,12.47,906802,1071492,11.31,16.54,0.7,-2.0,0.0,중립,팽이도지,전저점이탈,0.6,-0.63,2026-09-18
FPSX,0.8,4.81,532713,626893,2.56,1.81,1.4,8.5,-1.0,강한매수,망치형,전고점돌파,0.8,2.86,2026-09-18
SHNY,0.8,9.44,1016623,1250899,9.6,12.11,0.8,1.4,0.5,매수관심,팽이도지,완만한상승,0.62,1.04,2026-09-18
PDBC,0.8,19.66,4908851,5842020,96.51,102.24,0.9,0.3,-0.6,중립,음봉,잔구간,0.21,-0.525,2026-09-18
GROY,0.8,3.34,1600002,1904391,5.34,7.28,0.7,-0.3,-1.2,중립,음봉,잔구간,0.24,-0.505,2026-09-18
NOWL,0.8,7.23,3400925,4104344,24.59,39.19,0.6,1.3,-6.2,매도주의,장대음봉,잔구간,0.0,-1.3,2026-09-18
LOVE,0.8,13.5,340830,427634,4.6,6.33,0.7,-1.6,-4.4,매도주의,장대음봉,전저점부근,0.08,-1.75,2026-09-18
AEHG,0.8,7.95,1049202,1363287,8.34,12.52,0.7,3.5,2.6,강한매수,양봉스프링,완만한상승,0.96,2.95,2026-09-18
WRN,0.8,2.42,1074786,1310343,2.6,3.04,0.9,0.0,0.4,중립,팽이도지,잔구간,0.65,0.09,2026-09-18
AESI,0.8,13.55,2275696,2923108,30.84,41.66,0.7,0.7,0.2,중립,팽이도지,잔구간,0.66,0.095,2026-09-18
AMPG,0.8,3.4,529769,649784,1.8,2.43,0.7,1.6,-1.7,중립,음봉,잔구간,0.46,-0.375,2026-09-18
KLAR,0.8,13.8,4047267,4872814,55.85,84.25,0.7,0.4,-1.4,매도주의,장대음봉,잔구간,0.25,-1.15,2026-09-18
DHY,0.8,1.66,772255,932695,1.28,1.6,0.8,0.6,1.2,매수관심,장대양봉,잔구간,1.0,1.3,2026-09-18
ITUB,0.8,8.2,19480803,25312886,159.74,206.81,0.8,-1.0,-0.1,중립,팽이도지,잔구간,0.67,0.1,2026-09-18
MFG,0.8,10.94,2748321,3604177,30.07,39.96,0.8,-2.4,1.3,매수관심,장대양봉,잔구간,0.95,1.27,2026-09-18
DFNS,0.8,7.66,350535,435702,2.69,5.85,0.5,3.2,-5.8,중립,음봉,잔구간,0.13,-0.57,2026-09-18
YDES,0.8,3.19,535918,661049,1.71,2.47,0.7,0.3,-1.8,매도주의,위꼬리음봉,수횡파,0.1,-1.38,2026-09-18
RAM,0.8,13.5,7808531,9188364,105.42,122.87,0.9,0.6,5.5,강한매수,장대양봉,완만한상승,0.94,3.43,2026-09-18
UNHG,0.8,18.13,442294,568380,8.02,11.67,0.7,0.4,0.3,중립,팽이도지,잔구간,0.75,0.15,2026-09-18
RBLU,0.8,5.43,305229,364068,1.66,2.48,0.7,-0.4,1.9,강한매수,양봉스프링,완만한상승,0.85,2.82,2026-09-18
TSSI,0.8,8.46,548139,703481,4.64,7.77,0.6,0.0,-1.9,중립,음봉,잔구간,0.21,-0.525,2026-09-18
GMEU,0.8,7.76,545833,716407,4.24,5.27,0.8,0.5,-2.6,중립,음봉,잔구간,0.38,-0.42,2026-09-18
GPRK,0.8,11.04,568890,735349,6.28,19.39,0.3,-0.5,-0.5,강한매도,위꼬리음봉,전저점이탈,0.07,-2.77,2026-09-18
OKLL,0.8,10.22,2153619,2771420,22.01,30.54,0.7,1.6,-9.8,매도주의,장대음봉,잔구간,0.17,-1.2,2026-09-18
BBD,0.8,3.43,21516202,25806755,73.8,104.99,0.7,-0.6,-0.9,중립,음봉,잔구간,0.17,-0.55,2026-09-18
BCAT,0.8,14.34,1295137,1585313,18.57,20.54,0.9,-0.2,0.3,중립,팽이도지,잔구간,0.62,0.07,2026-09-18
PYXS,0.8,3.33,564353,669886,1.88,4.55,0.4,-0.9,-1.5,중립,음봉,잔구간,0.0,-0.65,2026-09-18
RLGT,0.8,8.72,466833,553641,4.07,5.51,0.7,-0.4,-1.5,중립,음봉,잔구간,0.42,-0.4,2026-09-18
YMAG,0.8,11.31,626178,765460,7.08,10.52,0.7,0.5,-0.2,매수관심,팽이도지,완만한상승,0.5,0.9,2026-09-18
AAOZ,0.8,12.91,650745,788001,8.4,11.66,0.7,-6.4,-9.1,매도주의,장대음봉,잔구간,0.0,-1.3,2026-09-18
TIMB,0.8,18.9,320282,419658,6.05,8.89,0.7,-1.2,0.7,중립,양봉,잔구간,0.96,0.625,2026-09-18
NAT,0.8,8.25,4933691,5817396,40.7,38.25,1.1,0.6,0.6,중립,팽이도지,전고점부근,0.67,-0.25,2026-09-18
HUYA,0.8,2.07,820606,1025533,1.7,2.56,0.7,0.0,0.5,매수관심,양봉,완만한상승,0.8,1.96,2026-09-18
HYT,0.8,8.0,879530,1053324,7.04,8.37,0.8,0.2,-0.4,중립,음봉,잔구간,0.6,-0.29,2026-09-18
NAC,0.8,10.64,884565,1070154,9.41,10.45,0.9,-0.6,-1.0,매도주의,위꼬리음봉,잔구간,0.13,-0.97,2026-09-18
BSCQ,0.8,19.56,965273,1190533,18.88,21.02,0.9,-0.0,0.0,매도주의,위꼬리양봉,잔구간,0.0,-0.8,2026-09-18
NFE,0.8,12.22,388416,475486,4.75,4.24,1.1,-1.5,-0.1,매도주의,위꼬리음봉,잔구간,0.24,-0.905,2026-09-18
NIO,0.8,3.66,28136573,34368541,102.98,148.44,0.7,2.6,-1.5,중립,음봉,잔구간,0.4,-0.41,2026-09-18
SAN,0.8,14.31,5254510,6691053,75.19,106.48,0.7,-2.7,-0.8,매도주의,장대음봉,전저점부근,0.06,-1.78,2026-09-18
BPRE,0.8,11.91,664916,873921,7.92,9.49,0.8,-0.7,-1.1,중립,음봉,잔구간,0.06,-0.615,2026-09-18
RDTL,0.8,12.85,479489,634817,6.16,8.1,0.8,-0.8,-1.7,중립,음봉,잔구간,0.2,-0.53,2026-09-18
MRVI,0.8,6.97,2518507,3172470,17.55,18.78,0.9,-1.0,-3.2,중립,음봉,잔구간,0.35,-0.44,2026-09-18
ASM,0.8,6.38,2726348,3441957,17.39,29.5,0.6,1.7,-0.3,중립,팽이도지,잔구간,0.61,0.065,2026-09-18
MLTX,0.8,12.39,1803353,2315116,22.34,23.76,0.9,-0.6,0.9,중립,양봉,잔구간,0.73,0.49,2026-09-18
ORCU,0.8,7.68,5048547,5957335,38.77,59.88,0.6,-0.1,-3.9,중립,음봉,잔구간,0.48,-0.36,2026-09-18
SNAP,0.8,5.53,29652701,38088850,163.98,194.76,0.8,-0.2,-2.0,매도주의,장대음봉,잔구간,0.14,-1.215,2026-09-18
NBIZ,0.8,5.96,7035902,9232448,41.93,53.15,0.8,-0.2,-4.6,중립,음봉,잔구간,0.07,-0.61,2026-09-18
BIZD,0.8,13.08,1974832,2466529,25.83,36.45,0.7,0.2,-1.9,매도주의,장대음봉,잔구간,0.11,-1.235,2026-09-18
BSCV,0.8,15.994,366200,473166,5.86,8.6,0.7,-0.1,-0.2,중립,음봉,잔구간,0.27,-0.49,2026-09-18
BSM,0.8,14.82,419388,551010,6.22,6.03,1.0,0.0,0.1,매수관심,팽이도지,완만한상승,0.63,1.06,2026-09-18
AAPD,0.7,10.375,5841415,8086390,60.61,126.93,0.5,-0.3,0.7,중립,양봉,잔구간,0.42,0.3,2026-09-18
QID,0.7,14.09,24995683,34424850,352.19,463.74,0.8,-0.5,-0.7,매도주의,음봉,전저점이탈,0.07,-1.97,2026-09-18
GOF,0.7,8.64,2343054,3295759,20.24,27.48,0.7,-0.3,0.8,중립,양봉,잔구간,0.97,0.63,2026-09-18
GPRO,0.7,1.31,16262164,22281829,21.3,119.82,0.2,0.0,-2.2,중립,음봉,잔구간,0.5,-0.35,2026-09-18
GME.WS,0.7,2.37,594217,809694,1.41,2.35,0.6,12.1,-8.5,매도주의,장대음봉,완만한상승,0.21,-1.45,2026-09-18
CGC,0.7,0.934,1442793,1958577,1.35,1.91,0.7,-0.9,0.4,중립,팽이도지,잔구간,0.67,0.1,2026-09-18
ONDL,0.7,5.43,536615,737902,2.91,4.22,0.7,2.4,-2.9,중립,음봉,잔구간,0.6,-0.29,2026-09-18
OPTT,0.7,2.11,567888,759598,1.2,1.94,0.6,-0.5,9.9,매수관심,장대양봉,잔구간,0.7,1.12,2026-09-18
LYG,0.7,5.81,10109825,14216454,58.74,94.82,0.6,-1.7,-0.5,중립,음봉,잔구간,0.27,-0.49,2026-09-18
VALE,0.7,14.21,18520343,27353230,263.17,512.82,0.5,-0.6,-1.2,매도주의,장대음봉,잔구간,0.29,-1.125,2026-09-18
UVXY,0.7,17.53,5858302,8977047,102.7,153.51,0.7,0.1,0.4,중립,위꼬리양봉,완만한상승,0.18,-0.48,2026-09-18
DNP,0.7,10.09,650684,892938,6.57,8.61,0.8,-0.1,-1.2,매도주의,장대음봉,잔구간,0.24,-1.155,2026-09-18
SLRC,0.7,12.0,309856,433792,3.72,4.39,0.8,-0.3,-1.7,매도주의,장대음봉,잔구간,0.04,-1.275,2026-09-18
SKYX,0.7,1.27,810555,1190918,1.03,1.52,0.7,0.0,0.8,중립,위꼬리양봉,완만한상승,0.5,-0.1,2026-09-18
CRF,0.7,6.08,1468681,2201771,8.93,10.06,0.9,0.5,-1.3,매도주의,장대음봉,잔구간,0.1,-1.24,2026-09-18
NVD,0.7,3.84,55848634,81135373,214.46,327.21,0.7,0.3,-2.8,매도주의,장대음봉,잔구간,0.12,-1.23,2026-09-18
METD,0.7,14.31,558863,745476,8.0,13.2,0.6,-0.4,2.9,매수관심,장대양봉,잔구간,0.86,1.215,2026-09-18
FUTG,0.7,4.154,307831,459195,1.28,2.28,0.6,2.1,-1.1,매도주의,위꼬리음봉,잔구간,0.14,-0.965,2026-09-18
GAB,0.7,5.41,702684,1023976,3.8,4.46,0.9,0.4,0.4,매수관심,양봉스프링,잔구간,1.0,1.05,2026-09-18
CLBT,0.7,11.62,1611459,2432538,18.73,32.37,0.6,0.0,-1.7,매도주의,장대음봉,수횡파,0.38,-1.54,2026-09-18
NUVB,0.7,5.85,4434811,6395568,25.94,32.28,0.8,1.3,-4.9,매도주의,장대음봉,잔구간,0.08,-1.25,2026-09-18
NRK,0.7,9.71,311771,436111,3.03,3.97,0.8,-0.1,-1.2,매도주의,장대음봉,잔구간,0.0,-1.3,2026-09-18
MQY,0.7,10.35,730387,982474,7.56,9.45,0.8,-0.6,-0.9,중립,음봉,잔구간,0.17,-0.55,2026-09-18
VET,0.7,12.52,1259015,1770890,15.76,19.77,0.8,-0.1,-0.9,중립,음봉,잔구간,0.15,-0.56,2026-09-18
NWG,0.7,18.67,2517777,3421328,47.01,59.69,0.8,-1.3,-0.1,중립,팽이도지,잔구간,0.46,-0.025,2026-09-18
SMCY,0.7,5.3,1160709,1559530,6.15,9.7,0.6,-0.4,-0.2,중립,망치형,잔구간,0.73,0.64,2026-09-18
AXTL,0.7,2.84,784949,1057130,2.23,2.52,0.9,7.5,-0.4,매수관심,팽이도지,완만한상승,0.64,1.07,2026-09-18
DBRG,0.7,15.88,3816908,5782067,60.61,74.08,0.8,-0.1,-0.1,매도주의,위꼬리음봉,잔구간,0.14,-0.965,2026-09-18
EXG,0.7,9.62,316484,427165,3.04,3.81,0.8,0.3,0.0,중립,팽이도지,잔구간,0.35,-0.09,2026-09-18
HSLV,0.7,5.5,465169,633229,2.56,3.63,0.7,0.6,0.9,중립,팽이도지,잔구간,0.73,0.14,2026-09-18
PFXF,0.7,17.71,520128,721936,9.21,11.23,0.8,-0.2,-0.4,매도주의,장대음봉,잔구간,0.3,-1.12,2026-09-18
SES,0.7,0.54,20611427,31437470,11.13,14.21,0.8,0.0,1.5,매수관심,팽이도지,완만한상승,0.73,1.18,2026-09-18
CRDL,0.7,1.875,974691,1309736,1.83,2.68,0.7,1.1,-0.3,중립,팽이도지,잔구간,0.28,-0.13,2026-09-18
CSAN,0.7,2.75,2394260,3657953,6.58,8.67,0.8,-1.1,-0.7,중립,팽이도지,잔구간,0.4,-0.06,2026-09-18
RMIX,0.7,13.23,315552,451286,4.17,5.82,0.7,-0.5,-0.2,매도주의,위꼬리음봉,잔구간,0.21,-0.925,2026-09-18
INDP,0.7,3.55,1163500,1594260,4.13,6.0,0.7,-2.0,-7.8,중립,음봉,잔구간,0.07,-0.61,2026-09-18
NNDM,0.7,1.57,1259361,1716816,1.98,3.46,0.6,0.0,1.3,강한매수,장대양봉,완만한상승,1.0,3.5,2026-09-18
FSCO,0.7,5.25,564111,819161,2.96,4.13,0.7,-0.2,-1.3,매도주의,장대음봉,잔구간,0.0,-1.3,2026-09-18
NMZ,0.7,9.43,908420,1296779,8.57,10.81,0.8,-0.5,-0.5,중립,음봉,잔구간,0.5,-0.35,2026-09-18
SPDN,0.7,8.59,26595547,37467824,228.46,289.03,0.8,0.1,-0.1,매도주의,위꼬리음봉,완만한상승,0.0,-1.2,2026-09-18
OXSQ,0.7,1.27,1207595,1666177,1.53,2.14,0.7,0.0,0.0,강한매수,양봉스프링,완만한상승,0.75,2.7,2026-09-18
PATH,0.7,13.39,38661739,58749924,517.68,930.43,0.6,0.8,-3.4,매도주의,장대음봉,잔구간,0.1,-1.24,2026-09-18
QCLS,0.7,0.763,4536580,6342370,3.46,24.66,0.1,14.1,-12.0,중립,음봉,잔구간,0.31,-0.465,2026-09-18
AAL,0.6,12.96,50908135,81304283,659.77,960.79,0.7,0.2,-0.1,중립,팽이도지,완만한상승,0.29,0.65,2026-09-18
ACVA,0.6,10.48,11270771,19153131,118.12,212.93,0.6,0.0,0.0,매수관심,양봉스프링,전고점부근,0.86,1.48,2026-09-18
VXX,0.6,17.76,6487690,10339964,115.22,165.82,0.7,0.2,0.0,중립,위꼬리양봉,완만한상승,0.1,-0.58,2026-09-18
RQI,0.6,11.37,454468,804986,5.17,8.08,0.6,0.1,-1.0,매도주의,장대음봉,전저점부근,0.08,-1.75,2026-09-18
NZF,0.6,11.44,729883,1186393,8.35,12.41,0.7,-0.3,-0.5,중립,음봉,잔구간,0.43,-0.39,2026-09-18
CIFU,0.6,11.91,563960,870420,6.72,7.38,0.9,8.3,6.1,강한매수,양봉,완만한상승,0.93,2.12,2026-09-18
GFR,0.6,6.66,1295901,2214382,8.63,12.89,0.7,-0.3,0.3,매수관심,팽이도지,완만한상승,0.58,1.0,2026-09-18
BDJ,0.6,9.59,303246,524798,2.91,4.64,0.6,0.1,-0.1,매수관심,팽이도지,완만한상승,0.58,1.0,2026-09-18
JQC,0.6,4.69,321885,496738,1.51,2.36,0.6,0.4,-0.6,중립,음봉,잔구간,0.4,-0.41,2026-09-18
ACP,0.6,4.65,650234,1059942,3.02,5.91,0.5,0.2,-0.9,중립,음봉,잔구간,0.5,-0.35,2026-09-18
KBWD,0.6,11.73,347974,615233,4.08,6.01,0.7,-0.3,-1.2,매도주의,장대음봉,잔구간,0.15,-1.21,2026-09-18
SSL,0.6,13.72,1125426,1977609,15.44,30.93,0.5,-1.5,-1.5,매도주의,장대음봉,전저점부근,0.1,-1.73,2026-09-18
JPC,0.6,7.11,1291026,2083082,9.18,14.06,0.7,-0.6,0.3,매수관심,양봉스프링,잔구간,1.0,1.05,2026-09-18
SKDD,0.6,6.95,4903499,7766488,34.08,56.98,0.6,-2.2,-3.2,중립,음봉,잔구간,0.45,-0.38,2026-09-18
CRMG,0.6,8.53,830600,1402346,7.09,14.71,0.5,0.1,-4.5,강한매도,장대음봉,전저점이탈,0.18,-3.13,2026-09-18
AIV,0.6,2.18,1028296,1778429,2.24,3.56,0.6,-0.9,-0.9,매도주의,음봉,전저점이탈,0.1,-1.93,2026-09-18
VIXY,0.6,17.09,1970703,3206800,33.68,47.21,0.7,0.2,0.4,중립,위꼬리양봉,완만한상승,0.27,-0.38,2026-09-18
KVUE,0.6,17.81,26721864,43906964,475.92,609.5,0.8,-0.4,0.1,중립,위꼬리양봉,수횡파,0.24,-0.71,2026-09-18
KRP,0.6,14.62,704541,1101242,10.3,15.02,0.7,0.1,-0.3,중립,음봉,잔구간,0.56,-0.315,2026-09-18
RDY,0.6,12.19,1894904,3037428,23.1,38.93,0.6,-0.1,0.1,매수관심,팽이도지,완만한상승,0.44,0.83,2026-09-18
NMR,0.6,10.07,549967,899315,5.54,9.12,0.6,-0.9,-0.6,매도주의,음봉,전저점이탈,0.63,-1.29,2026-09-18
LI,0.6,12.14,1967145,3159212,23.88,38.08,0.6,1.7,-0.2,중립,팽이도지,완만한상승,0.37,0.74,2026-09-18
AEG,0.6,9.04,2611239,4496067,23.61,40.46,0.6,-1.6,0.9,매수관심,장대양봉,잔구간,0.84,1.205,2026-09-18
CLM,0.6,6.3,1899724,2982017,11.97,15.08,0.8,0.5,-1.3,매도주의,장대음봉,잔구간,0.27,-1.14,2026-09-18
IVA,0.6,3.78,1045553,1762218,3.95,6.82,0.6,1.1,-0.3,중립,망치형,잔구간,0.75,0.65,2026-09-18
DXD,0.6,17.73,1851414,3024371,32.83,46.61,0.7,0.2,0.2,중립,위꼬리양봉,완만한상승,0.35,-0.28,2026-09-18
CRBP,0.6,7.48,1155103,1788313,8.64,16.09,0.5,-0.6,3.6,중립,양봉,잔구간,0.63,0.43,2026-09-18
PLAY,0.6,6.73,3126601,5045638,21.04,34.14,0.6,1.5,1.4,중립,양봉,잔구간,0.58,0.4,2026-09-18
MYI,0.6,10.11,303410,551375,3.07,4.67,0.7,-0.3,-0.3,중립,팽이도지,잔구간,0.37,-0.08,2026-09-18
PTY,0.6,11.26,1183447,2023948,13.33,19.55,0.7,-0.6,-1.2,매도주의,장대음봉,잔구간,0.11,-1.235,2026-09-18
BATL,0.6,1.2,3538145,5832616,4.25,7.91,0.5,0.0,-2.4,강한매도,장대음봉,전저점이탈,0.0,-3.35,2026-09-18
VRA,0.6,4.25,323906,560912,1.38,6.45,0.2,0.5,-0.5,매수관심,팽이도지,완만한상승,0.47,0.86,2026-09-18
CNTB,0.6,1.28,1282861,2250637,1.64,4.42,0.4,-3.1,2.4,중립,양봉,잔구간,0.43,0.31,2026-09-18
DBGI,0.6,4.47,424807,701123,1.9,23.33,0.1,2.5,-1.3,중립,팽이도지,잔구간,0.46,-0.025,2026-09-18
ADBG,0.5,4.04,1554678,3053606,6.28,16.19,0.4,-0.5,-2.9,매도주의,장대음봉,잔구간,0.24,-1.155,2026-09-18
USA,0.5,5.84,739938,1520194,4.32,8.05,0.5,0.2,-0.7,매도주의,장대음봉,잔구간,0.0,-1.3,2026-09-18
PBR.A,0.5,18.82,3546492,7145800,66.74,140.51,0.5,-1.0,0.4,중립,양봉,잔구간,0.45,0.32,2026-09-18
PPLT,0.5,16.31,1262751,2412875,20.6,40.67,0.5,1.4,0.1,매수관심,팽이도지,완만한상승,0.57,0.98,2026-09-18
NVDY,0.5,12.53,1292348,2539192,16.19,25.39,0.6,0.0,1.2,강한매수,장대양봉,완만한상승,0.9,3.38,2026-09-18
LABD,0.5,7.33,10681812,20119003,78.3,131.12,0.6,0.0,3.1,매수관심,양봉,완만한상승,0.76,1.91,2026-09-18
PFFD,0.5,18.02,519560,1057180,9.36,17.96,0.5,-0.1,-0.1,중립,망치형,잔구간,0.53,0.52,2026-09-18
PDI,0.5,14.41,2903677,5592429,41.84,63.69,0.7,-0.1,-1.3,중립,음봉,잔구간,0.36,-0.435,2026-09-18
OBE,0.5,12.26,716430,1400380,8.78,13.47,0.7,0.7,0.4,강한매수,양봉스프링,완만한상승,0.76,2.71,2026-09-18
BSCR,0.5,19.615,345622,714584,6.78,13.29,0.5,0.0,-0.0,중립,음봉,완만한상승,0.5,0.2,2026-09-18
SCO,0.5,19.99,4234952,8750712,84.66,164.51,0.5,-0.5,-1.0,매도주의,장대음봉,잔구간,0.16,-1.205,2026-09-18
BSCT,0.5,18.35,404475,826722,7.42,13.61,0.5,-0.1,0.0,매수관심,양봉스프링,잔구간,1.0,1.05,2026-09-18
PFN,0.5,6.48,369922,716769,2.4,3.96,0.6,0.0,-1.1,매도주의,장대음봉,잔구간,0.0,-1.3,2026-09-18
CRDF,0.5,1.37,742260,1494659,1.02,1.49,0.7,-0.8,6.2,강한매수,장대양봉,완만한상승,0.81,3.27,2026-09-18
MSFD,0.5,10.436,748094,1454799,7.81,13.43,0.6,0.1,0.8,강한매수,장대양봉,완만한상승,0.64,3.07,2026-09-18
GOOS,0.5,7.46,651445,1235571,4.86,7.95,0.6,0.1,-0.1,중립,팽이도지,완만한상승,0.29,0.65,2026-09-18
PGX,0.4,10.45,2689391,6226707,28.1,77.68,0.4,0.0,-0.2,중립,음봉,잔구간,0.5,-0.35,2026-09-18
MLN,0.4,16.695,370805,892536,6.19,11.29,0.5,-0.2,-0.0,중립,망치형,잔구간,0.82,0.69,2026-09-18
BTAL,0.4,12.28,360848,886486,4.43,9.6,0.5,-0.8,-0.1,중립,팽이도지,잔구간,0.63,0.08,2026-09-18
BSBR,0.4,5.75,1665926,4321091,9.58,27.49,0.3,-2.7,-0.7,매도주의,음봉,전저점이탈,0.17,-1.85,2026-09-18
HRZN,0.4,4.67,313223,773531,1.46,3.44,0.4,-1.5,0.4,중립,팽이도지,잔구간,0.64,0.085,2026-09-18
AEHL,0.3,8.41,317686,1016269,2.67,31.53,0.1,-8.3,-25.4,매도주의,장대음봉,잔구간,0.02,-1.29,2026-09-18
SKYQ,0.3,2.76,869624,2871381,2.4,14.56,0.2,-1.7,-2.8,중립,음봉,잔구간,0.29,-0.475,2026-09-18
ECAT,0.3,14.36,323889,994911,4.65,11.18,0.4,0.0,0.6,중립,양봉,잔구간,0.72,0.48,2026-09-18
LASE,0.3,0.892,2085961,8282630,1.86,8.09,0.2,1.1,-0.6,매수관심,팽이도지,완만한상승,0.55,0.96,2026-09-18
PDSB,0.3,0.805,18976900,58362738,15.29,63.41,0.2,-2.3,-2.1,중립,팽이도지,잔구간,0.37,-0.08,2026-09-18
FTFT,0.1,5.5,1213338,16335982,6.67,155.58,0.0,-9.7,-2.7,중립,팽이도지,잔구간,0.36,-0.085,2026-09-18
TNON,0.1,4.08,497811,8363651,2.03,145.18,0.0,0.0,-2.9,중립,음봉,잔구간,0.38,-0.42,2026-09-18
VEEA,0.1,4.45,2053132,14185723,9.14,138.28,0.1,-6.2,-11.0,중립,음봉,잔구간,0.45,-0.38,2026-09-18
