ticker,ratio,latest_close,latest_volume,baseline_volume,dollar_volume_M,avg_dollar_vol_10d_M,dollar_surge_x,signal_gap_%,intraday_chg_%,candle_signal,candle_shape,candle_pos,close_pos,candle_score,latest_date
CHOW,1306.1,0.5,239546552,183403,119.77,0.05,2435.6,79.5,-21.3,중립,음봉,전고점돌파,0.23,0.48,2026-08-12
OFAL,895.8,1.36,152197207,169903,206.99,1.0,207.3,256.1,-46.5,중립,음봉,전고점돌파,0.01,0.21,2026-08-12
IVDA,318.8,0.368,91668160,287546,33.73,0.09,377.2,0.3,23.1,강한매수,양봉,전고점돌파,0.4,2.08,2026-08-12
DRMA,245.9,1.38,16783269,68262,23.16,2.58,9.0,16.7,9.5,강한매수,양봉,전고점돌파,0.7,2.44,2026-08-12
GXAI,236.4,0.871,34297193,145072,29.86,0.25,119.1,-1.3,-0.4,중립,팽이도지,수횡파,0.34,0.41,2026-08-12
FEED,171.3,0.407,23889434,139483,9.73,0.11,90.0,-7.1,10.1,매수관심,양봉,완만한상승,0.64,1.77,2026-08-12
PLAG,161.8,1.2,23780496,146968,28.54,124.22,0.2,-76.8,-11.1,중립,음봉,잔구간,0.29,-0.475,2026-08-12
SCKT,156.8,1.63,24849909,158481,40.51,49.04,0.8,1.4,15.6,중립,위꼬리양봉,잔구간,0.37,-0.58,2026-08-12
SCNX,139.1,0.45,33063071,237616,14.88,0.1,154.4,2.7,7.1,강한매수,양봉,전고점돌파,0.85,2.62,2026-08-12
SBEV,84.3,0.41,49213595,583558,20.16,2.79,7.2,-1.3,17.9,중립,위꼬리양봉,잔구간,0.21,-0.675,2026-08-12
YOUL,81.5,0.474,6869544,84279,3.26,0.07,46.8,-0.7,15.1,강한매수,장대양봉,완만한상승,0.69,3.13,2026-08-12
BIVI,63.8,1.56,126402476,1981409,197.19,2.23,88.5,6.3,15.6,중립,위꼬리양봉,완만한상승,0.1,-0.58,2026-08-12
LGCL,56.2,1.42,8741420,155581,12.41,0.2,61.0,-2.2,4.4,매수관심,팽이도지,완만한상승,0.48,0.88,2026-08-12
BAOS,39.7,0.76,68019528,1714859,51.69,3.15,16.4,49.4,-30.3,중립,음봉,완만한상승,0.22,-0.14,2026-08-12
FGL,37.0,0.783,11060873,298717,8.67,1.04,8.4,1.0,2.2,중립,위꼬리양봉,잔구간,0.29,-0.625,2026-08-12
GCDT,36.4,0.504,2676950,73609,1.35,0.11,11.9,4.7,14.6,강한매수,양봉,전고점돌파,0.5,2.2,2026-08-12
NCMI,36.0,2.22,10568007,293894,23.46,1.35,17.4,-31.1,-14.9,매도주의,음봉,전저점이탈,0.09,-1.94,2026-08-12
SLXN,31.0,0.454,4317624,139362,1.96,0.6,3.3,-57.6,3.5,매도주의,위꼬리양봉,전저점이탈,0.4,-1.87,2026-08-12
PAL,23.2,5.33,2686706,115793,14.32,3.84,3.7,2.0,2.5,매수관심,양봉,완만한상승,0.51,1.61,2026-08-12
GLND,22.4,1.115,14081576,628863,15.7,1.83,8.6,-28.4,-22.6,강한매도,장대음봉,전저점이탈,0.04,-3.3,2026-08-12
TANH,20.5,0.401,3350643,163434,1.34,0.07,19.1,1.7,-5.8,중립,음봉,수횡파,0.29,-0.35,2026-08-12
NTHI,20.3,3.46,1105288,54315,3.82,0.65,5.9,3.2,-22.9,매도주의,장대음봉,잔구간,0.11,-1.235,2026-08-12
BNTC,17.2,12.34,1268633,73848,15.65,0.93,16.9,0.7,-9.1,매도주의,장대음봉,잔구간,0.06,-1.265,2026-08-12
HVMC,17.0,10.21,1274476,74851,13.01,1.11,11.8,-0.1,0.0,매도주의,위꼬리양봉,잔구간,0.0,-0.8,2026-08-12
SMCZ,15.9,3.35,13716478,863226,45.95,7.09,6.5,-20.1,-23.2,강한매도,장대음봉,전저점이탈,0.11,-3.22,2026-08-12
CRIS,15.1,1.67,1147013,75955,1.92,0.41,4.7,0.9,-28.3,강한매도,장대음봉,전저점이탈,0.05,-3.29,2026-08-12
CURI,12.9,2.8,3445370,266738,9.65,0.67,14.3,-0.7,0.7,매수관심,팽이도지,완만한상승,0.74,1.19,2026-08-12
GRWG,12.8,1.78,3540180,277485,6.3,0.43,14.8,12.1,6.6,강한매수,양봉,전고점돌파,0.49,2.19,2026-08-12
EWAVU,12.7,9.965,797998,62878,7.95,6.31,1.3,0.1,0.0,매수관심,팽이도지,완만한상승,0.5,0.9,2026-08-12
GMRS,12.1,12.86,3123034,258215,40.16,3.62,11.1,1.5,6.5,중립,양봉,잔구간,0.61,0.415,2026-08-12
SMWB,11.8,8.79,5451937,461903,47.92,3.72,12.9,10.3,9.9,강한매수,양봉,전고점돌파,0.79,2.55,2026-08-12
RSKD,11.6,6.32,6347829,547992,40.12,3.31,12.1,15.0,4.3,강한매수,양봉,전고점돌파,0.97,2.76,2026-08-12
CIGL,11.6,0.492,2810866,242562,1.38,11.01,0.1,-21.5,5.2,중립,위꼬리양봉,잔구간,0.29,-0.625,2026-08-12
MSGY,11.5,2.95,721345,62492,2.13,14.57,0.1,-16.9,3.5,중립,양봉,잔구간,0.62,0.42,2026-08-12
SLN,11.2,13.58,5443587,485439,73.92,34.35,2.2,0.2,-7.9,매도주의,장대음봉,잔구간,0.02,-1.29,2026-08-12
SION,11.2,6.25,9438013,845795,58.99,48.49,1.2,-2.2,25.3,강한매수,장대양봉,완만한상승,0.89,3.37,2026-08-12
USIO,10.4,2.38,2795874,268176,6.65,0.59,11.3,0.0,6.7,강한매수,양봉,완만한상승,0.83,2.0,2026-08-12
DOMH,10.1,2.92,514078,50854,1.5,0.59,2.5,1.0,-7.9,중립,음봉,잔구간,0.16,-0.555,2026-08-12
TII,10.0,2.65,2534749,254142,6.72,0.51,13.1,10.5,0.4,매수관심,팽이도지,전고점돌파,0.49,1.49,2026-08-12
BBCQ,9.7,10.17,2839676,292009,28.88,3.22,9.0,0.2,-0.3,매도주의,장대음봉,전저점부근,0.25,-1.55,2026-08-12
MREO,9.4,0.303,8484539,900960,2.57,5.32,0.5,-5.0,4.3,중립,양봉,잔구간,1.0,0.65,2026-08-12
KLXE,9.2,1.65,2006415,219243,3.31,1.13,2.9,0.0,6.5,매수관심,장대양봉,잔구간,0.81,1.185,2026-08-12
MODD,9.2,2.07,1120706,121821,2.32,0.3,7.6,1.7,1.0,강한매수,양봉스프링,완만한상승,0.91,2.89,2026-08-12
KXIN,9.1,5.1,537313,58820,2.74,0.15,17.9,-0.2,0.2,중립,팽이도지,잔구간,0.32,-0.11,2026-08-12
NBIZ,9.0,5.31,43661626,4876136,231.84,93.45,2.5,-33.5,-51.5,강한매도,장대음봉,전저점이탈,0.0,-3.35,2026-08-12
GLE,8.8,0.396,3469475,393971,1.37,7.39,0.2,-18.6,-1.3,중립,망치형,잔구간,0.87,0.72,2026-08-12
DGNX,8.7,1.62,5782531,667375,9.37,2.96,3.2,11.1,-10.0,중립,음봉,완만한상승,0.32,-0.02,2026-08-12
ADVB,8.6,7.6,650224,75423,4.94,1.32,3.7,4.2,-6.2,중립,음봉,잔구간,0.3,-0.47,2026-08-12
MAAS,8.1,16.42,423832,52079,6.96,2.01,3.5,-3.1,-18.9,강한매도,장대음봉,전저점이탈,0.12,-3.21,2026-08-12
KMDA,7.9,6.88,466507,59168,3.21,0.39,8.2,0.0,-3.0,매도주의,음봉,전저점이탈,0.08,-1.95,2026-08-12
CBRZ,7.7,6.74,4200105,543820,28.31,5.87,4.8,-12.4,-12.2,매도주의,음봉,전저점이탈,0.16,-1.86,2026-08-12
ESOA,7.5,12.83,596444,79704,7.65,2.55,3.0,0.2,-3.2,매도주의,음봉,전저점이탈,0.52,-1.43,2026-08-12
RNW,7.3,6.81,7643148,1053802,52.05,21.56,2.4,0.0,-0.6,매도주의,장대음봉,잔구간,0.2,-1.18,2026-08-12
WXM,6.7,4.76,630289,93670,3.0,33.6,0.1,-34.2,-8.5,중립,음봉,잔구간,0.58,-0.3,2026-08-12
EMPD,6.6,2.72,1414698,215800,3.85,0.96,4.0,3.8,-1.1,매도주의,위꼬리음봉,완만한상승,0.22,-0.94,2026-08-12
SILO,6.5,3.095,425925,65452,1.32,0.18,7.4,-21.3,10.5,중립,양봉,전저점이탈,0.53,-0.01,2026-08-12
VREX,6.4,18.45,2248720,353485,41.49,33.88,1.2,-0.3,-0.4,강한매도,장대음봉,전고점부근,0.0,-4.05,2026-08-12
SVV,6.4,10.71,10168194,1585502,108.9,15.54,7.0,-6.9,-2.5,중립,음봉,잔구간,0.27,-0.49,2026-08-12
EVTL,6.3,0.826,15922601,2512220,13.16,12.31,1.1,2.5,-9.1,중립,음봉,잔구간,0.04,-0.625,2026-08-12
LESL,6.2,1.32,6080985,986047,8.03,1.89,4.2,0.0,-0.8,중립,팽이도지,잔구간,0.47,-0.02,2026-08-12
OGI,6.2,1.29,2447203,397706,3.16,3.21,1.0,-6.5,12.2,강한매수,장대양봉,전고점돌파,0.82,3.88,2026-08-12
CPOP,6.1,0.388,16437104,2678821,6.38,6.13,1.0,-3.3,11.5,강한매수,장대양봉,완만한상승,0.81,3.27,2026-08-12
BWAY,6.0,16.6,622708,103089,10.34,1.71,6.0,5.6,4.9,강한매수,양봉,전고점돌파,0.69,2.43,2026-08-12
CYCU,6.0,0.62,42398161,7037211,26.29,127.49,0.2,12.4,-6.2,중립,음봉,잔구간,0.3,-0.47,2026-08-12
OWLT,5.9,5.81,599528,102083,3.48,0.82,4.2,17.8,-9.4,중립,장대음봉,전고점돌파,0.26,-0.79,2026-08-12
WRD,5.6,5.72,11169549,1990762,63.89,10.71,6.0,-0.9,-8.8,매도주의,장대음봉,전저점부근,0.12,-1.71,2026-08-12
TENX,5.6,1.72,12540865,2251920,21.57,35.4,0.6,1.9,4.2,강한매수,양봉,완만한상승,0.83,2.0,2026-08-12
NNOX,5.5,1.02,4320661,785378,4.41,0.85,5.2,1.8,-9.7,매도주의,장대음봉,잔구간,0.19,-1.185,2026-08-12
CAMP,5.4,4.53,493137,90672,2.23,0.72,3.1,0.7,7.9,매수관심,장대양봉,잔구간,0.8,1.18,2026-08-12
PESI,5.3,19.43,1915558,359809,37.22,6.91,5.4,6.4,4.7,중립,위꼬리양봉,전고점돌파,0.32,0.28,2026-08-12
FRTT,5.2,1.17,1443807,275832,1.69,11.59,0.1,-17.1,9.3,매수관심,장대양봉,잔구간,0.8,1.18,2026-08-12
TC,5.1,2.32,1512572,295630,3.51,0.55,6.4,7.5,7.4,중립,위꼬리양봉,잔구간,0.34,-0.595,2026-08-12
MTEN,5.0,1.26,1632551,328154,2.06,7.37,0.3,-8.0,0.0,중립,팽이도지,잔구간,0.69,0.115,2026-08-12
RUBI,5.0,1.99,514242,102191,1.02,2.13,0.5,-0.9,-11.6,매도주의,음봉,전저점이탈,0.56,-1.38,2026-08-12
MIST,5.0,1.125,5785634,1156680,6.51,1.45,4.5,-15.0,4.2,중립,양봉,잔구간,0.57,0.39,2026-08-12
FEMY,4.9,2.35,701257,144535,1.65,0.49,3.3,10.6,-9.6,매도주의,장대음봉,잔구간,0.39,-1.065,2026-08-12
OCTV,4.9,19.08,7793542,1580901,148.7,27.52,5.4,-15.5,14.5,매수관심,장대양봉,잔구간,0.82,1.19,2026-08-12
AIFA,4.9,2.77,654863,134871,1.81,2.65,0.7,-21.7,11.2,중립,양봉,잔구간,0.6,0.41,2026-08-12
UAMY,4.7,4.97,27042698,5710923,134.4,33.1,4.1,-17.3,-8.6,매도주의,장대음봉,잔구간,0.1,-1.24,2026-08-12
HYLN,4.5,3.89,11976257,2665732,46.59,10.11,4.6,29.8,-23.6,매도주의,장대음봉,잔구간,0.04,-1.275,2026-08-12
HUMA,4.4,0.665,11169104,2562130,7.43,1.98,3.7,-9.3,3.3,중립,양봉,잔구간,1.0,0.65,2026-08-12
YYGH,4.4,1.3,2094522,479547,2.72,1.23,2.2,-3.8,3.2,중립,팽이도지,잔구간,0.48,-0.01,2026-08-12
WEN,4.4,8.66,45088860,10306033,390.47,64.12,6.1,-0.5,15.3,강한매수,장대양봉,전고점돌파,0.89,3.97,2026-08-12
VLN,4.4,1.87,2769856,629181,5.18,1.11,4.7,17.9,-5.6,중립,음봉,전고점돌파,0.48,0.78,2026-08-12
NOMD,4.3,11.4,3927650,912582,44.78,14.3,3.1,-1.3,1.6,중립,양봉,잔구간,0.49,0.345,2026-08-12
IHRT,4.3,2.91,1743950,405554,5.07,2.33,2.2,-1.2,0.3,중립,팽이도지,잔구간,0.32,-0.11,2026-08-12
CORN,4.2,18.2,559875,134418,10.19,3.61,2.8,0.7,2.8,강한매수,장대양봉,전고점돌파,0.96,4.05,2026-08-12
FXHO,4.2,13.92,1049617,247281,14.61,2.24,6.5,-2.8,38.0,강한매수,장대양봉,전고점돌파,0.95,4.04,2026-08-12
OPFI,4.1,6.86,1778516,430634,12.2,10.36,1.2,0.9,3.2,중립,양봉,잔구간,0.4,0.29,2026-08-12
LITZ,4.1,8.45,9135155,2209664,77.19,19.89,3.9,-19.5,-8.9,매도주의,팽이도지,전저점이탈,0.27,-1.03,2026-08-12
HURA,4.1,2.34,646504,158218,1.51,0.48,3.2,0.4,1.3,중립,위꼬리양봉,완만한상승,0.25,-0.4,2026-08-12
ALXO,4.1,2.01,2419813,587531,4.86,2.75,1.8,-1.0,5.2,매수관심,장대양봉,잔구간,0.92,1.25,2026-08-12
ENGN,4.1,1.7,1670501,407882,2.84,0.98,2.9,0.0,-6.6,강한매도,장대음봉,전저점이탈,0.07,-3.27,2026-08-12
LENZ,4.0,5.04,2139015,532544,10.78,3.64,3.0,13.8,-15.0,중립,음봉,잔구간,0.02,-0.64,2026-08-12
INFH,4.0,7.91,665335,167668,5.26,1.49,3.5,4.4,3.7,중립,양봉,전고점부근,0.92,0.75,2026-08-12
ENGS,4.0,2.86,1457790,361776,4.17,3.07,1.4,0.0,3.6,강한매수,장대양봉,전고점돌파,0.75,3.8,2026-08-12
AQST,4.0,4.23,9116267,2276087,38.56,11.92,3.2,-3.2,-0.9,매도주의,위꼬리음봉,잔구간,0.16,-0.955,2026-08-12
SNAL,4.0,2.91,697567,175168,2.03,0.74,2.7,-29.2,-10.5,강한매도,장대음봉,전저점이탈,0.04,-3.3,2026-08-12
QUIK,4.0,13.08,801492,201866,10.48,3.15,3.3,-3.4,-4.9,중립,음봉,잔구간,0.55,-0.32,2026-08-12
CORD,3.9,2.28,43905256,11116401,100.1,45.81,2.2,-39.8,1.8,중립,팽이도지,전저점이탈,0.62,-0.61,2026-08-12
BMM,3.9,5.31,986546,254280,5.24,1.12,4.7,2.8,-2.4,중립,망치형,잔구간,0.75,0.65,2026-08-12
ARI,3.9,6.9,9359038,2383895,64.58,20.31,3.2,0.7,1.9,강한매수,장대양봉,전고점돌파,0.67,3.7,2026-08-12
VNRX,3.8,0.669,1918153,507834,1.28,1.1,1.2,6.9,-12.6,매도주의,장대음봉,전저점부근,0.26,-1.54,2026-08-12
WATT,3.7,16.98,422814,114653,7.18,2.7,2.7,1.8,-10.6,매도주의,장대음봉,잔구간,0.25,-1.15,2026-08-12
EROC,3.7,13.82,5988665,1631013,82.76,19.57,4.2,16.6,5.3,강한매수,양봉,전고점돌파,0.7,2.44,2026-08-12
BW,3.7,9.77,9977914,2663015,97.48,47.77,2.0,2.5,3.7,중립,양봉,잔구간,0.54,0.375,2026-08-12
PZG,3.7,1.52,1926760,523523,2.93,0.53,5.5,0.0,-1.3,매도주의,위꼬리음봉,잔구간,0.14,-0.965,2026-08-12
SECZ,3.7,7.86,2708480,732160,21.29,5.42,3.9,1.5,4.8,매수관심,양봉,완만한상승,0.73,1.88,2026-08-12
SGLY,3.6,6.38,305052,85241,1.95,2.36,0.8,-2.1,6.0,매수관심,양봉,완만한상승,0.73,1.88,2026-08-12
AIOT,3.6,3.14,4867839,1355006,15.29,9.87,1.5,2.5,7.9,매수관심,장대양봉,잔구간,0.75,1.15,2026-08-12
INVE,3.6,2.62,576874,159544,1.51,0.54,2.8,-0.8,2.3,중립,양봉,잔구간,0.39,0.285,2026-08-12
PSBD,3.5,10.39,397345,113368,4.13,1.26,3.3,0.0,-0.6,중립,음봉,잔구간,0.17,-0.55,2026-08-12
SMCL,3.5,17.45,3383284,978549,59.04,11.36,5.2,19.1,15.0,강한매수,장대양봉,전고점돌파,0.86,3.93,2026-08-12
PONO,3.5,10.03,350209,100566,3.51,0.74,4.7,0.0,0.0,중립,무참고,전고점부근,,-0.45,2026-08-12
SMCX,3.5,12.55,23016394,6624590,288.86,58.32,5.0,19.7,14.1,강한매수,장대양봉,전고점돌파,0.86,3.93,2026-08-12
PROK,3.4,1.48,2428994,719022,3.59,1.47,2.4,-1.2,-6.9,매도주의,음봉,전저점이탈,0.32,-1.67,2026-08-12
CLBT,3.4,15.25,2883713,858122,43.98,15.75,2.8,-1.5,-3.4,중립,음봉,잔구간,0.18,-0.54,2026-08-12
KRNT,3.4,17.64,548308,159659,9.67,4.16,2.3,8.1,-7.2,강한매도,장대음봉,전고점부근,0.24,-3.76,2026-08-12
PICS,3.4,10.79,991893,288068,10.7,3.13,3.4,0.5,-1.9,강한매수,망치형,전저점부근,0.58,2.85,2026-08-12
MLTX,3.4,17.23,2913600,847663,50.2,23.48,2.1,1.9,1.9,매수관심,양봉,완만한상승,0.73,1.88,2026-08-12
PLX,3.3,2.62,2012469,604575,5.27,1.6,3.3,2.5,5.2,강한매수,양봉,전고점돌파,0.72,2.46,2026-08-12
EYE,3.3,19.51,6226570,1912790,121.48,41.9,2.9,-0.3,-11.3,강한매도,장대음봉,전저점이탈,0.0,-3.35,2026-08-12
TRON,3.3,1.57,1011686,306806,1.59,0.58,2.8,0.7,6.8,강한매수,장대양봉,전고점돌파,0.77,3.82,2026-08-12
EVI,3.3,16.01,497597,148837,7.97,2.08,3.8,-0.5,10.6,강한매수,장대양봉,전고점돌파,0.77,3.82,2026-08-12
CD,3.3,4.13,567646,174216,2.34,0.51,4.6,1.6,32.4,강한매수,장대양봉,전고점돌파,0.88,3.96,2026-08-12
SMCY,3.3,5.45,2983296,912521,16.26,3.92,4.1,7.3,5.8,강한매수,장대양봉,전고점돌파,0.87,3.94,2026-08-12
TROO,3.2,2.03,790203,248626,1.6,0.44,3.7,1.0,2.5,중립,위꼬리양봉,완만한상승,0.37,-0.26,2026-08-12
CGC,3.2,1.025,7794378,2472442,7.99,2.78,2.9,0.0,2.5,강한매수,양봉,전고점돌파,0.58,2.3,2026-08-12
GPRO,3.2,0.575,15369744,4865063,8.84,3.68,2.4,0.6,-7.8,강한매도,장대음봉,전저점이탈,0.09,-3.24,2026-08-12
KEP,3.2,11.88,2306947,717530,27.41,10.93,2.5,0.2,-3.6,강한매도,장대음봉,전저점이탈,0.28,-3.01,2026-08-12
CBRG,3.2,6.76,22551702,7151495,152.45,40.38,3.8,12.1,10.5,강한매수,양봉,전고점돌파,0.86,2.63,2026-08-12
RUM,3.2,7.55,6708322,2116362,50.65,17.28,2.9,0.9,8.2,강한매수,장대양봉,전고점돌파,0.89,3.97,2026-08-12
ENLV,3.2,1.84,644013,202500,1.18,0.59,2.0,4.2,-8.0,매도주의,음봉,전저점이탈,0.26,-1.74,2026-08-12
ANTX,3.2,6.28,429196,135212,2.7,1.18,2.3,3.7,3.1,중립,팽이도지,전고점부근,0.41,-0.56,2026-08-12
VIV,3.2,11.58,3695541,1151056,42.79,17.32,2.5,0.1,-0.6,중립,음봉,전저점부근,0.4,-0.07,2026-08-12
EXYN,3.1,2.89,890901,283900,2.57,0.68,3.8,1.6,10.7,중립,양봉,전고점부근,0.57,0.33,2026-08-12
NRDY,3.1,0.733,1397739,448000,1.02,0.3,3.4,-2.7,1.4,중립,위꼬리양봉,잔구간,0.31,-0.615,2026-08-12
MXCT,3.1,1.27,1956603,621420,2.48,0.65,3.8,9.7,-6.6,중립,장대음봉,전고점돌파,0.36,-0.67,2026-08-12
XZO,3.0,15.35,392792,131947,6.03,2.37,2.5,-0.6,-5.8,매도주의,장대음봉,수횡파,0.15,-1.82,2026-08-12
JMIA,3.0,6.4,6116641,2056454,39.15,9.61,4.1,7.9,2.1,강한매수,양봉,전고점돌파,0.92,2.7,2026-08-12
MSFO,3.0,12.65,331019,112194,4.19,1.58,2.7,-0.4,-0.9,매도주의,장대음봉,잔구간,0.29,-1.125,2026-08-12
NCI,3.0,12.26,1224429,404028,15.01,6.57,2.3,1.7,2.2,중립,위꼬리양봉,완만한상승,0.2,-0.46,2026-08-12
BCYC,3.0,4.06,639925,213790,2.6,1.09,2.4,0.5,-1.9,매도주의,장대음봉,잔구간,0.22,-1.17,2026-08-12
EWZS,3.0,12.11,361539,120312,4.38,1.33,3.3,-0.3,-0.2,강한매도,위꼬리음봉,전저점이탈,0.15,-2.67,2026-08-12
TTEC,2.9,1.57,1103746,386840,1.73,1.15,1.5,0.0,-9.2,매도주의,장대음봉,전저점부근,0.11,-1.72,2026-08-12
ORCU,2.9,8.58,12842184,4397633,110.19,46.87,2.4,10.6,0.0,강한매수,양봉스프링,전고점돌파,0.76,3.31,2026-08-12
CEPL,2.9,8.26,678964,230515,5.61,2.28,2.5,5.4,3.1,매수관심,팽이도지,완만한상승,0.51,0.91,2026-08-12
FFLX,2.9,9.68,1173669,401832,11.36,3.89,2.9,-0.1,0.2,중립,무참고,정보부족,,0.0,2026-08-12
PRLD,2.9,5.73,623877,218004,3.57,1.5,2.4,1.3,6.3,강한매수,장대양봉,완만한상승,0.67,3.1,2026-08-12
ACB,2.9,3.82,5109259,1748152,19.52,5.82,3.4,0.4,9.1,강한매수,장대양봉,전고점돌파,1.0,4.1,2026-08-12
OGN,2.8,13.66,5606650,2013824,76.59,30.04,2.5,0.0,0.1,강한매도,위꼬리양봉,전고점부근,0.2,-2.81,2026-08-12
KRMD,2.8,3.3,561732,199384,1.85,0.96,1.9,0.9,-5.2,매도주의,장대음봉,잔구간,0.09,-1.245,2026-08-12
QTRX,2.8,2.93,1267763,450416,3.71,2.62,1.4,0.2,11.4,강한매수,장대양봉,완만한상승,0.97,3.46,2026-08-12
MOBX,2.8,1.47,899985,320891,1.32,0.87,1.5,0.6,-6.4,매도주의,음봉,전저점이탈,0.44,-1.52,2026-08-12
HAIN,2.8,0.586,1913375,694155,1.12,0.37,3.1,5.5,2.7,매수관심,팽이도지,완만한상승,0.55,0.96,2026-08-12
ACVA,2.8,7.76,8857109,3206920,68.73,41.21,1.7,1.4,5.4,매수관심,양봉,완만한상승,0.69,1.83,2026-08-12
CLBK,2.8,11.65,12415019,4503868,144.63,58.01,2.5,-0.4,5.4,강한매수,장대양봉,전고점돌파,0.94,4.03,2026-08-12
STUB,2.8,8.54,12199828,4403439,104.19,39.11,2.7,0.0,4.3,매수관심,장대양봉,잔구간,0.97,1.28,2026-08-12
SPCQ,2.8,12.45,4862610,1736949,60.54,33.13,1.8,-2.1,-18.2,강한매도,장대음봉,전저점이탈,0.16,-3.16,2026-08-12
SKYH,2.8,11.49,324836,114576,3.73,1.9,2.0,3.5,-0.9,강한매수,망치형,완만한상승,0.78,2.24,2026-08-12
ALLT,2.8,7.7,621927,223018,4.79,1.73,2.8,4.0,-7.7,매도주의,장대음봉,잔구간,0.05,-1.27,2026-08-12
JFB,2.7,4.63,654375,242669,3.03,1.23,2.5,9.3,-3.7,중립,음봉,완만한상승,0.23,-0.12,2026-08-12
DGXX,2.7,4.19,6868936,2537584,28.78,10.57,2.7,7.4,2.9,강한매수,양봉,전고점돌파,0.84,2.61,2026-08-12
EVLV,2.7,5.72,4602951,1717536,26.33,10.83,2.4,0.3,-5.5,중립,음봉,잔구간,0.36,-0.435,2026-08-12
TJGC,2.7,3.75,2737252,1017556,10.26,6.38,1.6,0.5,-2.3,중립,망치형,잔구간,0.67,0.6,2026-08-12
COHH,2.7,9.56,2272700,834332,21.73,5.93,3.7,19.5,-1.9,강한매수,망치형,완만한상승,0.76,2.21,2026-08-12
INFQ,2.7,12.36,19048689,7011289,235.44,81.96,2.9,3.1,1.4,강한매수,양봉스프링,전고점돌파,1.0,3.6,2026-08-12
OMER,2.7,13.71,3583213,1309206,49.13,17.66,2.8,-0.7,1.6,매수관심,양봉,완만한상승,0.82,1.98,2026-08-12
HUYA,2.7,2.38,1057652,398118,2.52,1.08,2.3,1.7,-3.3,강한매도,장대음봉,전저점이탈,0.38,-2.89,2026-08-12
MASS,2.6,10.02,858415,336503,8.6,4.35,2.0,1.4,-1.3,매수관심,팽이도지,완만한상승,0.59,1.01,2026-08-12
BORR,2.6,4.11,13636005,5245007,56.04,19.42,2.9,-8.2,5.1,중립,양봉,잔구간,0.86,0.565,2026-08-12
JRVR,2.6,4.31,468225,179273,2.02,1.03,2.0,1.3,1.4,매수관심,양봉,완만한상승,0.73,1.88,2026-08-12
FBRT,2.6,8.05,3092322,1201686,24.89,11.51,2.2,0.8,0.5,중립,위꼬리양봉,완만한상승,0.43,-0.18,2026-08-12
CIEG,2.5,6.73,546141,222713,3.68,1.2,3.1,14.7,8.0,강한매수,양봉,전고점돌파,0.63,2.36,2026-08-12
RZLT,2.5,4.7,2391287,955617,11.24,5.29,2.1,0.6,1.1,중립,위꼬리양봉,잔구간,0.43,-0.54,2026-08-12
FRMI,2.5,7.6,34487251,13634723,262.1,127.01,2.1,4.6,2.0,강한매수,양봉,전고점돌파,0.85,2.62,2026-08-12
FTNY,2.5,7.82,392298,154933,3.07,1.15,2.7,0.0,0.3,매수관심,양봉,완만한상승,0.75,1.9,2026-08-12
HLIT,2.5,12.0,3022887,1202505,36.27,13.37,2.7,3.6,1.2,중립,양봉,잔구간,0.74,0.495,2026-08-12
VELO,2.5,15.1,4773746,1926207,72.08,23.21,3.1,24.5,-11.4,중립,음봉,전고점돌파,0.23,0.48,2026-08-12
NABL,2.5,3.24,3704145,1454888,12.0,9.01,1.3,-2.2,5.2,중립,양봉,잔구간,0.71,0.475,2026-08-12
GFR,2.5,7.1,547990,218270,3.89,1.93,2.0,0.3,6.4,강한매수,장대양봉,전고점돌파,0.91,3.99,2026-08-12
PAYO,2.5,7.12,11412752,4543109,81.26,47.87,1.7,0.0,0.4,매수관심,양봉스프링,잔구간,1.0,1.05,2026-08-12
MVIS,2.5,4.65,1839539,724613,8.55,2.46,3.5,0.8,26.7,강한매수,장대양봉,전고점돌파,0.8,3.86,2026-08-12
LUXE,2.4,7.97,326646,137856,2.6,0.94,2.8,-0.5,3.9,강한매수,양봉,완만한상승,0.87,2.04,2026-08-12
APC,2.4,18.79,357956,151065,6.73,2.68,2.5,-1.4,3.9,매수관심,장대양봉,잔구간,0.79,1.175,2026-08-12
TLSA,2.4,0.99,2047671,866546,2.03,0.9,2.2,0.0,-2.0,강한매수,망치형,수횡파,0.72,2.8600000000000003,2026-08-12
ZTG,2.4,10.02,4131109,1688164,41.39,9.37,4.4,-0.1,8.2,중립,위꼬리양봉,완만한상승,0.26,-0.39,2026-08-12
AIRS,2.4,3.25,1382269,579819,4.49,3.38,1.3,0.2,0.9,강한매수,양봉스프링,완만한상승,0.81,2.77,2026-08-12
STAK,2.4,1.6,2266643,954224,3.63,7.74,0.5,-3.5,15.1,중립,양봉,잔구간,0.66,0.445,2026-08-12
AADX,2.4,19.11,2237195,927167,42.75,20.09,2.1,-3.1,-4.2,중립,음봉,잔구간,0.34,-0.445,2026-08-12
PAGS,2.4,8.72,5955990,2492774,51.94,24.14,2.2,0.3,-2.2,매도주의,음봉,전저점이탈,0.49,-1.46,2026-08-12
BYND,2.3,0.414,110676334,49047073,45.83,23.56,1.9,1.4,-2.2,중립,음봉,전저점부근,0.4,-0.07,2026-08-12
WRAP,2.3,1.73,1174988,508130,2.03,1.37,1.5,5.3,-12.2,강한매도,장대음봉,전저점이탈,0.2,-3.11,2026-08-12
AVAH,2.3,9.05,3702543,1641003,33.51,15.69,2.1,-0.6,1.7,중립,양봉,잔구간,0.72,0.48,2026-08-12
TAC,2.3,12.4,3841056,1666932,47.63,24.34,2.0,0.2,-0.8,중립,음봉,잔구간,0.27,-0.49,2026-08-12
GORO,2.3,2.8,1750653,773996,4.9,2.32,2.1,2.5,12.0,강한매수,장대양봉,전고점돌파,0.85,3.92,2026-08-12
STIM,2.3,3.21,4343045,1868617,13.94,12.21,1.1,-0.3,0.9,중립,팽이도지,완만한상승,0.38,0.76,2026-08-12
BTAI,2.3,1.06,1112472,491815,1.18,0.48,2.5,3.0,10.4,강한매수,장대양봉,전고점돌파,0.77,3.82,2026-08-12
CVV,2.3,7.14,391935,169028,2.8,1.29,2.2,3.8,-12.1,강한매도,장대음봉,전저점이탈,0.01,-3.34,2026-08-12
AEBI,2.3,12.99,541249,234597,7.03,3.43,2.1,1.5,-0.5,강한매수,망치형,완만한상승,0.73,2.18,2026-08-12
UNCY,2.3,5.39,1511195,646675,8.15,3.73,2.2,2.8,4.9,매수관심,양봉,완만한상승,0.71,1.85,2026-08-12
AMZG,2.3,17.22,359865,154359,6.2,5.69,1.1,0.4,-4.0,매도주의,장대음봉,전저점부근,0.11,-1.72,2026-08-12
SEER,2.2,2.14,515091,235701,1.1,1.67,0.7,-6.5,5.9,매수관심,장대양봉,전저점이탈,0.86,1.68,2026-08-12
JACK,2.2,18.77,1578956,733939,29.64,13.78,2.2,0.1,5.0,강한매수,장대양봉,전고점돌파,0.72,3.76,2026-08-12
SGRY,2.2,15.32,3868743,1779465,59.27,30.11,2.0,-0.6,2.7,중립,양봉,잔구간,0.86,0.565,2026-08-12
TKNO,2.2,7.39,359898,166770,2.66,1.06,2.5,-1.1,6.2,강한매수,양봉,전고점돌파,0.94,2.73,2026-08-12
WVE,2.2,5.24,5205182,2413954,27.28,17.9,1.5,5.1,-1.1,매수관심,팽이도지,완만한상승,0.44,0.83,2026-08-12
ARCO,2.2,7.9,1721650,780577,13.6,7.86,1.7,0.8,-0.9,매도주의,장대음봉,전저점부근,0.27,-1.53,2026-08-12
OCUL,2.2,10.23,4006398,1808299,40.99,18.39,2.2,0.1,4.7,강한매수,장대양봉,전고점돌파,0.71,3.75,2026-08-12
ONDG,2.2,4.14,6154491,2800567,25.48,8.98,2.8,4.4,-3.0,매도주의,음봉,전고점부근,0.46,-1.2,2026-08-12
AEO,2.2,16.24,8729955,4031989,141.77,68.4,2.1,-0.7,-5.7,강한매도,장대음봉,전저점이탈,0.03,-3.31,2026-08-12
TLS,2.2,4.34,667282,304338,2.9,2.08,1.4,0.0,1.2,중립,위꼬리양봉,완만한상승,0.37,-0.26,2026-08-12
DEFT,2.2,0.509,3213140,1494413,1.64,0.71,2.3,3.4,1.8,강한매도,위꼬리양봉,전고점부근,0.41,-2.56,2026-08-12
SPCE,2.1,3.3,16450484,7668795,54.29,24.5,2.2,2.1,-1.8,매도주의,음봉,전고점부근,0.46,-1.2,2026-08-12
HSHP,2.1,14.92,629862,294817,9.4,4.47,2.1,-3.7,-0.1,중립,팽이도지,전저점이탈,0.68,-0.53,2026-08-12
ENVX,2.1,4.73,9073957,4291942,42.92,23.15,1.9,3.5,-5.4,매도주의,장대음봉,잔구간,0.25,-1.15,2026-08-12
CTNM,2.1,14.98,1000715,467334,14.99,6.26,2.4,0.5,0.5,중립,팽이도지,잔구간,0.59,0.055,2026-08-12
API,2.1,4.48,504648,237306,2.26,1.26,1.8,-0.4,-3.7,매도주의,장대음봉,잔구간,0.09,-1.245,2026-08-12
KOPN,2.1,5.02,7134003,3468286,35.81,20.06,1.8,2.0,-5.4,중립,음봉,잔구간,0.32,-0.46,2026-08-12
RRGB,2.1,8.16,447980,214429,3.66,2.18,1.7,1.5,2.6,중립,양봉,잔구간,0.45,0.32,2026-08-12
IPWR,2.1,4.38,302511,145052,1.33,0.6,2.2,3.3,0.9,강한매수,양봉스프링,완만한상승,1.0,3.0,2026-08-12
BAK,2.1,2.04,2456989,1167338,5.01,3.65,1.4,-0.9,-6.8,강한매도,장대음봉,전저점이탈,0.05,-3.29,2026-08-12
BRCB,2.1,8.23,796816,381169,6.56,2.74,2.4,7.5,10.8,매수관심,장대양봉,잔구간,0.77,1.16,2026-08-12
SUZ,2.1,8.02,5543782,2684646,44.46,22.18,2.0,0.4,1.9,매수관심,장대양봉,잔구간,0.79,1.175,2026-08-12
STXS,2.1,1.4,1373699,648470,1.92,0.95,2.0,2.7,-6.7,중립,음봉,잔구간,0.5,-0.35,2026-08-12
IDN,2.1,3.69,427972,201139,1.58,0.67,2.4,0.8,-2.9,중립,음봉,잔구간,0.26,-0.495,2026-08-12
BRR,2.1,1.78,718423,349555,1.28,0.6,2.1,-0.6,1.1,매수관심,양봉스프링,잔구간,0.85,0.96,2026-08-12
OXLC,2.1,9.52,1214796,588589,11.56,7.35,1.6,0.3,1.8,강한매수,장대양봉,전고점돌파,0.83,3.9,2026-08-12
CRWU,2.1,5.79,17483760,8230562,101.23,37.3,2.7,40.1,-1.9,매수관심,팽이도지,전고점돌파,0.32,1.28,2026-08-12
BGS,2.0,3.58,5509662,2729996,19.72,8.99,2.2,1.5,3.5,중립,양봉,잔구간,0.78,0.52,2026-08-12
IFRX,2.0,2.01,1570168,799380,3.16,1.4,2.2,-0.5,1.0,중립,팽이도지,전고점부근,0.62,-0.31,2026-08-12
XHLD,2.0,5.35,21791358,10976315,116.58,41.43,2.8,10.6,35.4,매수관심,장대양봉,전고점부근,0.61,1.68,2026-08-12
CRDF,2.0,0.991,1288176,643112,1.28,0.81,1.6,-4.8,-0.9,중립,팽이도지,잔구간,0.27,-0.14,2026-08-12
CMPX,2.0,2.37,8291258,4095200,19.65,7.53,2.6,0.0,7.7,강한매수,장대양봉,전고점부근,0.93,2.07,2026-08-12
MG,2.0,17.45,320952,156574,5.6,3.0,1.9,-3.2,-3.0,중립,음봉,잔구간,0.26,-0.495,2026-08-12
NOK,2.0,10.32,115698821,58042238,1194.01,674.37,1.8,10.1,-0.7,매수관심,팽이도지,전고점돌파,0.4,1.38,2026-08-12
TIGR,2.0,4.58,3100226,1586371,14.2,8.18,1.7,0.0,-3.6,강한매도,장대음봉,전저점이탈,0.19,-3.12,2026-08-12
NIQ,2.0,16.81,3444176,1680129,57.9,31.24,1.9,-0.5,1.9,매수관심,양봉스프링,전고점부근,0.88,1.51,2026-08-12
ANNX,2.0,5.33,3950406,2003065,21.06,12.58,1.7,-5.2,5.3,매수관심,장대양봉,잔구간,0.8,1.18,2026-08-12
ABOS,2.0,2.51,487164,242522,1.22,0.62,2.0,-2.4,4.1,중립,양봉,전고점부근,0.58,0.35,2026-08-12
IMXI,2.0,11.35,783232,388735,8.89,6.03,1.5,-0.4,-2.0,매도주의,음봉,전저점이탈,0.22,-1.79,2026-08-12
INN,2.0,6.07,1609423,819131,9.77,5.91,1.7,0.0,0.5,매수관심,양봉스프링,잔구간,0.84,0.955,2026-08-12
FF,1.9,5.85,933652,504641,5.46,4.38,1.2,0.3,-8.5,매도주의,장대음봉,잔구간,0.18,-1.19,2026-08-12
ABSI,1.9,9.5,4040439,2147401,38.38,20.91,1.8,-4.1,5.3,중립,양봉,전고점부근,0.83,0.65,2026-08-12
CDXS,1.9,1.6,1612482,850613,2.58,1.46,1.8,0.7,7.4,강한매수,장대양봉,전고점돌파,0.67,3.7,2026-08-12
HRTX,1.9,0.341,3588687,1921913,1.22,1.3,0.9,-0.2,5.4,중립,양봉,잔구간,0.65,0.44,2026-08-12
FSIG,1.9,18.84,385922,200216,7.27,4.16,1.7,0.2,-0.1,중립,음봉,완만한상승,0.67,0.4,2026-08-12
ARX,1.9,13.61,2201403,1181242,29.96,29.58,1.0,-0.8,9.6,강한매수,장대양봉,전고점돌파,0.97,4.06,2026-08-12
MNTN,1.9,11.95,2299299,1231549,27.48,12.62,2.2,-1.1,5.8,강한매수,양봉,전고점돌파,0.76,2.51,2026-08-12
MNR,1.9,13.06,448879,233398,5.86,3.09,1.9,-1.0,0.3,중립,위꼬리양봉,잔구간,0.11,-0.735,2026-08-12
QFIN,1.9,12.57,1952781,1007461,24.55,13.51,1.8,-0.1,-1.7,매도주의,음봉,전저점이탈,0.61,-1.32,2026-08-12
LMRI,1.9,11.73,749473,395299,8.79,4.95,1.8,0.9,-0.3,강한매수,망치형,완만한상승,0.71,2.15,2026-08-12
MHD,1.9,11.59,455842,237182,5.28,3.29,1.6,0.8,-0.9,매도주의,장대음봉,잔구간,0.39,-1.065,2026-08-12
SAFX,1.9,0.486,3659489,1902719,1.78,1.9,0.9,-1.2,10.5,강한매수,장대양봉,완만한상승,0.95,3.44,2026-08-12
JBI,1.9,4.87,2842368,1497476,13.84,8.39,1.7,-1.0,-2.8,중립,음봉,잔구간,0.33,-0.45,2026-08-12
CRF,1.9,7.16,1378941,745059,9.87,7.43,1.3,0.1,-1.5,매도주의,장대음봉,잔구간,0.0,-1.3,2026-08-12
PALI,1.9,1.96,2376604,1277310,4.66,2.73,1.7,0.0,-8.4,매도주의,장대음봉,잔구간,0.04,-1.275,2026-08-12
NVDQ,1.9,8.96,6913814,3545818,61.95,30.21,2.1,-3.4,-2.9,매도주의,장대음봉,전저점부근,0.18,-1.63,2026-08-12
FRNM,1.9,11.55,1407601,749710,16.26,8.73,1.9,0.0,-3.7,매도주의,장대음봉,잔구간,0.2,-1.18,2026-08-12
CRMD,1.9,7.1,1353419,721670,9.61,6.51,1.5,0.0,-2.7,강한매도,장대음봉,전저점이탈,0.0,-3.35,2026-08-12
ABCL,1.9,10.355,14854539,7617795,153.82,86.89,1.8,-5.5,12.3,강한매수,장대양봉,전고점부근,0.98,2.13,2026-08-12
FENC,1.8,11.83,358942,196579,4.25,2.37,1.8,0.2,-7.6,중립,음봉,잔구간,0.13,-0.57,2026-08-12
VSTS,1.8,14.16,2182300,1225925,30.9,21.75,1.4,4.5,-2.3,중립,음봉,잔구간,0.06,-0.615,2026-08-12
TSHA,1.8,6.405,3913789,2210726,25.07,17.05,1.5,-8.2,4.5,매수관심,장대양봉,잔구간,0.9,1.24,2026-08-12
ELVA,1.8,7.66,1033997,577663,7.92,5.98,1.3,1.1,3.4,강한매수,양봉,완만한상승,0.92,2.1,2026-08-12
AMRX,1.8,17.66,2929563,1634856,51.74,34.92,1.5,0.0,3.3,매수관심,장대양봉,잔구간,0.99,1.295,2026-08-12
GANX,1.8,2.12,586875,320213,1.24,0.95,1.3,-2.4,5.5,강한매수,장대양봉,완만한상승,0.69,3.13,2026-08-12
CRBP,1.8,9.76,551800,302382,5.39,2.51,2.1,0.0,2.6,매수관심,양봉,완만한상승,0.71,1.85,2026-08-12
ABEO,1.8,7.46,2213063,1200980,16.51,7.99,2.1,0.0,0.8,매수관심,양봉,완만한상승,0.64,1.77,2026-08-12
FINV,1.8,4.54,580583,328305,2.64,1.87,1.4,0.0,2.5,매수관심,장대양봉,잔구간,1.0,1.3,2026-08-12
NEXN,1.8,10.74,844805,462442,9.07,5.28,1.7,-3.1,5.8,중립,양봉,잔구간,0.71,0.475,2026-08-12
DBI,1.8,6.12,636330,344487,3.89,2.23,1.7,-0.6,-2.7,매도주의,장대음봉,잔구간,0.17,-1.2,2026-08-12
NAMI,1.8,3.35,754167,409362,2.53,25.37,0.1,-4.2,12.4,강한매수,양봉,완만한상승,0.93,2.12,2026-08-12
MTA,1.8,9.13,708794,387527,6.47,3.44,1.9,1.0,-1.7,중립,음봉,잔구간,0.65,-0.26,2026-08-12
DRAL,1.8,10.25,623443,338647,6.39,4.38,1.5,13.7,1.0,중립,팽이도지,잔구간,0.71,0.125,2026-08-12
JFR,1.8,7.77,803852,457101,6.25,4.29,1.5,0.0,-0.8,매도주의,장대음봉,잔구간,0.0,-1.3,2026-08-12
KYTX,1.8,8.05,1031485,559047,8.3,4.81,1.7,-1.2,1.6,중립,위꼬리양봉,완만한상승,0.31,-0.33,2026-08-12
NXTC,1.8,8.17,493351,273180,4.03,2.78,1.5,0.3,21.0,강한매수,장대양봉,전고점돌파,0.74,3.79,2026-08-12
BEKE,1.8,17.42,3800512,2084003,66.2,38.96,1.7,1.9,0.8,강한매수,양봉,완만한상승,0.85,2.02,2026-08-12
LU,1.8,1.53,1234581,700359,1.89,1.71,1.1,0.0,-1.3,중립,음봉,잔구간,0.41,-0.405,2026-08-12
LOFD,1.8,7.19,306843,170685,2.21,1.42,1.6,-3.1,-16.3,강한매도,장대음봉,전저점이탈,0.23,-3.07,2026-08-12
IONZ,1.8,2.5,12658699,7053062,31.65,21.15,1.5,-5.3,-2.9,강한매도,위꼬리음봉,전저점이탈,0.12,-2.71,2026-08-12
ASM,1.8,7.14,8338767,4705337,59.54,25.05,2.4,0.8,-4.0,중립,음봉,잔구간,0.32,-0.46,2026-08-12
IHS,1.8,8.33,920318,522502,7.67,15.36,0.5,0.4,-0.1,강한매수,망치형,완만한상승,0.75,2.2,2026-08-12
REKR,1.8,0.683,1576884,867287,1.08,0.64,1.7,3.6,-2.8,중립,음봉,완만한상승,0.0,-0.4,2026-08-12
TEUP,1.7,3.26,612944,364556,2.0,1.26,1.6,9.5,-27.6,매도주의,장대음봉,잔구간,0.01,-1.295,2026-08-12
BTX,1.7,8.84,610913,363786,5.4,3.88,1.4,1.9,0.9,강한매수,양봉,전고점돌파,1.0,2.8,2026-08-12
MNRO,1.7,11.48,1556190,897778,17.87,17.57,1.0,2.3,-3.8,강한매도,장대음봉,전저점이탈,0.32,-2.97,2026-08-12
MPT,1.7,4.05,8793925,5323216,35.62,36.04,1.0,0.5,0.2,매수관심,팽이도지,완만한상승,0.67,1.1,2026-08-12
KEEL,1.7,3.54,43908089,26133451,155.43,129.93,1.2,9.1,-1.4,중립,팽이도지,잔구간,0.45,-0.03,2026-08-12
OLMA,1.7,10.44,1301556,752548,13.59,10.94,1.2,0.7,-0.6,중립,팽이도지,완만한상승,0.38,0.76,2026-08-12
OSUR,1.7,3.75,619547,357568,2.32,1.75,1.3,-1.5,-1.8,매도주의,음봉,전저점이탈,0.46,-1.5,2026-08-12
PACB,1.7,1.11,13295179,7612826,14.76,8.99,1.6,0.9,-3.5,중립,음봉,전저점부근,0.44,-0.02,2026-08-12
PLUG,1.7,2.29,91497112,52641683,209.53,140.08,1.5,2.7,0.4,매수관심,팽이도지,완만한상승,0.64,1.07,2026-08-12
BLOX,1.7,13.27,484341,281108,6.43,4.75,1.4,4.6,-1.5,중립,음봉,잔구간,0.33,-0.45,2026-08-12
BMBL,1.7,2.61,6828732,3979694,17.82,9.03,2.0,-0.7,-5.4,강한매도,장대음봉,전저점이탈,0.16,-3.16,2026-08-12
MH,1.7,11.6,720155,436316,8.35,5.46,1.5,-1.7,2.7,매수관심,양봉,완만한상승,0.71,1.85,2026-08-12
BPRE,1.7,12.45,1238196,709018,15.42,12.08,1.3,0.5,-4.2,매도주의,장대음봉,잔구간,0.03,-1.28,2026-08-12
AURA,1.7,7.75,901979,518763,6.99,3.54,2.0,-3.4,-0.3,중립,망치형,잔구간,0.97,0.78,2026-08-12
PYXS,1.7,3.18,1935639,1120565,6.16,6.3,1.0,-2.5,15.2,강한매수,장대양봉,완만한상승,0.94,3.43,2026-08-12
CADL,1.7,10.68,1378941,828980,14.73,9.95,1.5,0.6,-0.3,매수관심,팽이도지,완만한상승,0.45,0.84,2026-08-12
RMIX,1.7,19.11,335507,199466,6.41,3.53,1.8,1.8,-3.0,매도주의,장대음봉,잔구간,0.06,-1.265,2026-08-12
SHMD,1.7,5.31,495701,296892,2.63,1.78,1.5,2.4,3.7,매수관심,양봉,완만한상승,0.61,1.73,2026-08-12
SUJA,1.7,5.87,2178292,1255450,12.79,5.98,2.1,0.7,-0.8,중립,팽이도지,전저점부근,0.41,0.64,2026-08-12
STNE,1.7,10.0,5055556,3023038,50.56,34.83,1.5,-0.1,0.5,매수관심,양봉스프링,잔구간,0.91,0.995,2026-08-12
CGEN,1.7,2.5,447014,257528,1.12,0.68,1.6,1.7,2.5,강한매수,장대양봉,전고점돌파,1.0,4.1,2026-08-12
GO,1.7,10.17,4363715,2505831,44.38,23.71,1.9,-1.0,4.5,강한매수,장대양봉,완만한상승,0.88,3.36,2026-08-12
SPCG,1.7,17.16,4325050,2519229,74.22,59.66,1.2,-2.9,-16.8,강한매도,장대음봉,전저점이탈,0.23,-3.07,2026-08-12
SOFX,1.7,9.59,1068550,645067,10.25,11.87,0.9,4.7,-4.9,매도주의,장대음봉,잔구간,0.38,-1.07,2026-08-12
SND,1.7,4.96,498217,286269,2.47,1.32,1.9,7.7,-1.0,중립,위꼬리음봉,전고점돌파,0.11,-0.47,2026-08-12
GOF,1.7,10.72,1448563,849739,15.53,10.83,1.4,-0.2,0.1,중립,팽이도지,잔구간,0.71,0.125,2026-08-12
FWDI,1.7,4.4,1038611,616236,4.57,3.09,1.5,1.4,1.4,중립,양봉,전고점부근,0.46,0.2,2026-08-12
GAU,1.7,2.09,5237345,3033639,10.95,6.22,1.8,2.4,-2.8,매도주의,장대음봉,잔구간,0.31,-1.115,2026-08-12
XNET,1.7,4.97,338509,194496,1.68,1.2,1.4,0.0,-1.4,중립,음봉,전저점부근,0.3,-0.19,2026-08-12
ABX,1.6,8.53,974192,591400,8.31,5.54,1.5,0.7,-5.0,강한매도,음봉,전저점이탈,0.04,-2.0,2026-08-12
ITRG,1.6,2.7,5886903,3668336,15.89,6.95,2.3,1.5,2.3,중립,위꼬리양봉,전고점돌파,0.32,0.28,2026-08-12
BULL,1.6,7.67,10417169,6697716,79.9,55.43,1.4,1.2,0.1,중립,팽이도지,전고점부근,0.47,-0.49,2026-08-12
BKD,1.6,12.98,7587589,4824700,98.49,81.59,1.2,1.2,2.2,중립,양봉,잔구간,0.78,0.52,2026-08-12
AMZY,1.6,11.24,354256,227697,3.98,3.73,1.1,0.5,-2.3,강한매도,장대음봉,전저점이탈,0.0,-3.35,2026-08-12
TRTX,1.6,7.95,1510813,919076,12.01,8.62,1.4,0.6,-1.2,중립,음봉,잔구간,0.19,-0.535,2026-08-12
DOLE,1.6,12.98,1216640,762080,15.79,18.62,0.8,0.3,-0.2,매도주의,위꼬리음봉,잔구간,0.23,-0.91,2026-08-12
EDD,1.6,5.82,555917,349723,3.24,1.96,1.7,0.5,-2.2,강한매도,장대음봉,전저점이탈,0.07,-3.27,2026-08-12
EVC,1.6,9.02,2651123,1628919,23.91,25.0,1.0,-0.7,-1.6,중립,팽이도지,잔구간,0.47,-0.02,2026-08-12
XFOR,1.6,4.29,1041027,631479,4.47,2.95,1.5,0.2,0.0,중립,위꼬리양봉,완만한상승,0.15,-0.52,2026-08-12
WWW,1.6,18.06,1198579,730989,21.65,15.87,1.4,-0.4,-0.4,중립,팽이도지,전저점이탈,0.53,-0.71,2026-08-12
DLO,1.6,14.28,1977628,1227762,28.24,22.84,1.2,0.3,0.9,매수관심,양봉스프링,잔구간,0.9,0.99,2026-08-12
QMLS,1.6,6.29,406995,249671,2.56,2.59,1.0,3.8,-0.8,중립,팽이도지,완만한상승,0.34,0.71,2026-08-12
POWW,1.6,2.3,812651,494431,1.87,1.73,1.1,0.9,-1.7,중립,음봉,잔구간,0.1,-0.59,2026-08-12
XRAY,1.6,11.41,7606949,4902730,86.8,68.7,1.3,-1.1,-0.6,매도주의,팽이도지,전저점이탈,0.36,-0.92,2026-08-12
NATR,1.6,15.51,332028,204383,5.15,4.09,1.3,-0.1,-2.9,중립,음봉,전저점부근,0.04,-0.5,2026-08-12
BILI,1.6,17.61,3272244,2076161,57.62,39.31,1.5,-2.2,0.1,매수관심,양봉스프링,전저점이탈,0.94,1.28,2026-08-12
GENB,1.6,15.09,750302,474930,11.32,6.7,1.7,-0.8,6.6,강한매수,장대양봉,완만한상승,0.79,3.25,2026-08-12
CHA,1.6,10.01,648583,394343,6.49,5.09,1.3,-0.5,-1.8,중립,음봉,잔구간,0.38,-0.42,2026-08-12
SVOL,1.6,16.24,349039,216581,5.67,4.22,1.3,-0.1,0.5,강한매수,양봉,전고점돌파,0.5,2.2,2026-08-12
GEMI,1.6,4.17,1366165,870307,5.7,4.97,1.1,1.0,2.0,매수관심,양봉,완만한상승,0.63,1.76,2026-08-12
RAM,1.6,12.08,18047400,11377820,218.01,156.07,1.4,14.2,0.5,중립,팽이도지,잔구간,0.68,0.11,2026-08-12
MBI,1.6,4.98,644804,408923,3.21,2.75,1.2,0.2,0.2,중립,팽이도지,잔구간,0.67,0.1,2026-08-12
FBIO,1.6,2.75,1007762,634310,2.77,2.21,1.3,0.0,5.4,매수관심,장대양봉,잔구간,0.86,1.215,2026-08-12
TSSI,1.6,12.11,758552,488317,9.19,6.54,1.4,3.2,2.9,강한매수,양봉,전고점돌파,0.57,2.28,2026-08-12
SOC,1.6,4.38,8658715,5363623,37.93,37.29,1.0,2.4,-8.0,중립,음봉,잔구간,0.19,-0.535,2026-08-12
SNDC,1.6,5.91,541362,333371,3.2,2.32,1.4,14.1,-1.5,매수관심,팽이도지,완만한상승,0.47,0.86,2026-08-12
LXEO,1.6,4.87,1630273,998634,7.94,4.19,1.9,1.3,0.6,중립,팽이도지,전고점부근,0.45,-0.51,2026-08-12
LPTH,1.6,13.73,3365712,2093243,46.21,25.03,1.8,5.0,-0.1,매수관심,팽이도지,전고점돌파,0.34,1.31,2026-08-12
OPRX,1.6,7.04,326669,205382,2.3,1.3,1.8,0.0,1.7,강한매수,양봉스프링,완만한상승,0.77,2.72,2026-08-12
BTBT,1.6,1.46,27379875,17198234,39.97,29.51,1.4,7.4,0.7,매수관심,팽이도지,전고점돌파,0.45,1.44,2026-08-12
ACHR,1.6,6.29,52340608,31742440,329.22,257.53,1.3,0.9,-8.2,매도주의,장대음봉,잔구간,0.17,-1.2,2026-08-12
ACHV,1.6,6.69,1407749,894730,9.42,6.78,1.4,0.0,-1.2,중립,망치형,잔구간,0.69,0.615,2026-08-12
AWF,1.6,10.16,425652,260045,4.32,2.69,1.6,0.2,-0.4,매도주의,장대음봉,잔구간,0.31,-1.115,2026-08-12
PAYP,1.5,14.92,1229112,812884,18.34,15.61,1.2,0.7,1.4,중립,양봉,잔구간,0.79,0.525,2026-08-12
CANE,1.5,10.69,426182,286609,4.56,3.23,1.4,0.4,-1.7,중립,음봉,잔구간,0.3,-0.47,2026-08-12
INDI,1.5,4.01,9635603,6356969,38.64,24.07,1.6,3.4,1.8,매수관심,팽이도지,완만한상승,0.56,0.97,2026-08-12
HUTG,1.5,15.83,334791,222562,5.3,3.2,1.7,16.7,-10.0,매도주의,장대음봉,잔구간,0.18,-1.19,2026-08-12
VUZI,1.5,2.62,979840,673997,2.57,1.84,1.4,1.9,-2.6,매도주의,장대음봉,잔구간,0.0,-1.3,2026-08-12
BZ,1.5,16.09,3698788,2451752,59.51,46.8,1.3,-1.4,-2.5,중립,음봉,잔구간,0.28,-0.48,2026-08-12
LION,1.5,11.73,4405480,2875641,51.68,39.04,1.3,2.4,-3.5,중립,음봉,전저점부근,0.12,-0.41,2026-08-12
QID,1.5,13.92,25845525,17553010,359.77,251.08,1.4,-2.3,0.9,매수관심,장대양봉,잔구간,0.82,1.19,2026-08-12
MAKO,1.5,9.99,321495,216056,3.21,1.72,1.9,1.7,-0.7,중립,팽이도지,전고점부근,0.57,-0.37,2026-08-12
CHPT,1.5,6.4,529019,346927,3.39,1.99,1.7,1.1,0.9,강한매수,양봉스프링,전고점돌파,0.87,3.44,2026-08-12
JBS,1.5,13.12,8388561,5546824,110.06,89.96,1.2,0.5,0.2,중립,팽이도지,잔구간,0.35,-0.09,2026-08-12
SKYX,1.5,1.21,904372,614050,1.09,0.84,1.3,-0.8,-0.8,중립,망치형,잔구간,0.56,0.535,2026-08-12
SONO,1.5,15.75,2055806,1374186,32.38,33.95,1.0,-1.1,5.7,매수관심,장대양봉,잔구간,0.79,1.175,2026-08-12
SLS,1.5,11.77,7796833,5106924,91.77,57.28,1.6,7.9,-1.3,중립,팽이도지,완만한상승,0.28,0.64,2026-08-12
CEPU,1.5,13.27,379058,254255,5.03,3.77,1.3,1.5,-1.8,중립,음봉,잔구간,0.17,-0.55,2026-08-12
PTLO,1.5,4.76,1946706,1315055,9.27,5.92,1.6,-0.9,6.5,강한매수,장대양봉,전고점부근,0.94,2.08,2026-08-12
CRNT,1.5,2.21,635052,431820,1.4,1.09,1.3,1.4,-0.5,중립,망치형,잔구간,0.67,0.6,2026-08-12
SBS,1.5,5.1,7663074,4971435,39.08,34.94,1.1,1.0,0.4,매수관심,양봉스프링,잔구간,0.89,0.985,2026-08-12
AGRO,1.5,9.29,962043,663038,8.94,6.49,1.4,-1.3,0.0,중립,팽이도지,잔구간,0.71,0.125,2026-08-12
VG,1.5,13.72,18815373,12250131,258.15,168.16,1.5,0.3,3.5,중립,양봉,잔구간,0.74,0.495,2026-08-12
DJT,1.5,8.27,6598713,4362040,54.57,49.0,1.1,0.0,-7.2,강한매도,장대음봉,전저점이탈,0.07,-3.27,2026-08-12
ANGO,1.5,15.75,787468,529822,12.4,8.17,1.5,0.3,-0.3,강한매수,망치형,완만한상승,0.79,2.25,2026-08-12
PRTH,1.5,5.18,922282,632161,4.78,3.07,1.6,0.4,-1.0,중립,음봉,잔구간,0.41,-0.405,2026-08-12
PLBY,1.5,1.24,1320683,876308,1.64,1.48,1.1,0.0,-8.8,중립,음봉,잔구간,0.29,-0.475,2026-08-12
CMBT,1.5,16.75,1358671,931038,22.76,15.01,1.5,-1.2,4.0,강한매수,장대양봉,전고점돌파,0.87,3.94,2026-08-12
NVDS,1.5,18.68,439790,300980,8.22,5.97,1.4,-1.9,-2.7,매도주의,장대음봉,전저점부근,0.18,-1.63,2026-08-12
FSSL,1.5,11.52,349447,237075,4.03,2.56,1.6,1.1,0.2,매수관심,팽이도지,전고점돌파,0.41,1.39,2026-08-12
KLC,1.5,4.64,530644,364726,2.46,2.28,1.1,-0.2,-2.7,매도주의,음봉,전저점이탈,0.22,-1.79,2026-08-12
FTRE,1.5,18.33,1664753,1144709,30.51,35.3,0.9,-1.0,-5.2,매도주의,장대음봉,잔구간,0.03,-1.28,2026-08-12
BTG,1.5,5.21,48174646,32518136,250.99,127.7,2.0,2.8,0.0,강한매수,양봉스프링,전고점돌파,0.84,3.41,2026-08-12
BTGO,1.5,4.99,1768643,1210140,8.83,5.24,1.7,2.0,-1.4,강한매수,망치형,수횡파,0.65,2.7800000000000002,2026-08-12
NRGV,1.5,3.92,10865131,7021926,42.59,20.61,2.1,16.8,-6.2,매도주의,장대음봉,전고점돌파,0.24,-0.81,2026-08-12
GRRR,1.5,14.64,1276385,836126,18.69,11.44,1.6,1.4,3.1,강한매수,장대양봉,전고점돌파,0.77,3.82,2026-08-12
IIIV,1.5,16.54,875533,584698,14.48,10.56,1.4,-1.6,-0.8,중립,팽이도지,잔구간,0.58,0.05,2026-08-12
RXT,1.5,4.64,9908086,6610454,45.97,34.34,1.3,2.3,4.3,매수관심,양봉,완만한상승,0.76,1.91,2026-08-12
VIPS,1.5,14.45,2382747,1608888,34.43,28.56,1.2,-1.3,-2.3,매도주의,음봉,전저점이탈,0.23,-1.77,2026-08-12
ENHA,1.5,2.24,674432,444349,1.51,1.04,1.5,9.3,-4.7,중립,음봉,잔구간,0.54,-0.325,2026-08-12
IREX,1.5,16.8,1620792,1095225,27.23,21.48,1.3,20.0,0.0,매수관심,팽이도지,전고점돌파,0.64,1.67,2026-08-12
ECAT,1.5,15.82,749382,507672,11.86,8.57,1.4,0.3,-0.4,매도주의,장대음봉,잔구간,0.27,-1.14,2026-08-12
QXO,1.5,15.03,24623829,15967551,370.1,275.42,1.3,0.5,-3.8,매도주의,장대음봉,잔구간,0.28,-1.13,2026-08-12
ITUB,1.5,7.4,32416108,22194015,239.88,156.34,1.5,-0.4,-0.9,매도주의,음봉,전저점이탈,0.14,-1.88,2026-08-12
BSBR,1.5,5.75,6944898,4723088,39.93,30.43,1.3,0.3,-0.3,중립,팽이도지,완만한상승,0.3,0.66,2026-08-12
ATTO,1.5,18.06,603875,413248,10.91,27.41,0.4,0.2,-3.3,중립,망치형,전저점이탈,0.61,0.38,2026-08-12
LAND,1.5,8.19,965433,640319,7.91,5.77,1.4,-1.2,1.0,중립,양봉,잔구간,0.67,0.45,2026-08-12
VTEX,1.4,3.87,1272733,895914,4.93,4.43,1.1,-2.3,0.8,강한매수,양봉스프링,전저점부근,0.78,3.59,2026-08-12
HPK,1.4,7.21,729311,507205,5.26,4.29,1.2,-1.8,-11.1,매도주의,장대음봉,잔구간,0.15,-1.21,2026-08-12
MCHB,1.4,17.165,589395,419242,10.12,9.69,1.0,-0.3,0.3,중립,팽이도지,잔구간,0.6,0.06,2026-08-12
FUBO,1.4,9.7,2319325,1717123,22.5,17.23,1.3,-1.5,1.6,매수관심,팽이도지,완만한상승,0.64,1.07,2026-08-12
ELPW,1.4,4.55,471429,336948,2.15,13.67,0.2,-14.1,9.6,매수관심,장대양봉,잔구간,0.74,1.145,2026-08-12
KLAR,1.4,19.12,3403949,2503456,65.08,57.15,1.1,0.1,0.4,중립,팽이도지,잔구간,0.64,0.085,2026-08-12
JPC,1.4,7.71,1311896,905866,10.11,7.29,1.4,0.0,-0.5,매도주의,장대음봉,잔구간,0.0,-1.3,2026-08-12
LUNR,1.4,16.95,13521514,9757924,229.19,138.2,1.7,1.1,1.7,중립,양봉,전고점부근,0.65,0.43,2026-08-12
SXC,1.4,9.44,2272204,1613553,21.45,21.44,1.0,0.3,1.6,강한매수,양봉,완만한상승,0.98,2.18,2026-08-12
FOSL,1.4,5.27,1152089,842444,6.07,6.72,0.9,0.4,0.2,중립,팽이도지,잔구간,0.51,0.005,2026-08-12
ASIX,1.4,15.82,485368,335675,7.68,5.24,1.5,-0.5,-5.0,매도주의,장대음봉,잔구간,0.06,-1.265,2026-08-12
BGC,1.4,10.76,3178785,2219764,34.2,29.41,1.2,0.9,5.0,매수관심,장대양봉,잔구간,0.96,1.275,2026-08-12
TSLR,1.4,13.84,1368619,967251,18.94,16.68,1.1,1.3,-4.6,매도주의,장대음봉,잔구간,0.31,-1.115,2026-08-12
CMPS,1.4,14.22,4086007,2881438,58.1,38.46,1.5,2.8,3.4,강한매수,양봉,전고점돌파,0.61,2.33,2026-08-12
SPCM,1.4,16.93,3062888,2252779,51.85,23.94,2.2,2.6,16.5,강한매수,장대양봉,전고점돌파,0.79,3.85,2026-08-12
IRE,1.4,11.74,8428805,6239883,98.95,82.72,1.2,19.3,0.2,매수관심,팽이도지,전고점돌파,0.61,1.63,2026-08-12
PDM,1.4,9.5,1259621,891690,11.97,9.36,1.3,0.4,1.2,매수관심,장대양봉,잔구간,0.87,1.22,2026-08-12
STTK,1.4,7.49,1286908,934557,9.64,7.23,1.3,-0.8,5.2,매수관심,양봉,완만한상승,0.5,1.6,2026-08-12
DUOT,1.4,9.32,564922,392385,5.27,6.15,0.9,1.1,5.1,매수관심,장대양봉,잔구간,0.79,1.175,2026-08-12
NEOV,1.4,3.34,2619627,1910625,8.75,4.77,1.8,1.9,1.2,매수관심,팽이도지,전고점돌파,0.64,1.67,2026-08-12
NAC,1.4,11.86,445752,310247,5.29,5.28,1.0,0.2,-0.1,중립,팽이도지,완만한상승,0.37,0.74,2026-08-12
SENS,1.4,7.93,1036870,768036,8.22,5.33,1.5,0.4,0.4,중립,팽이도지,전고점부근,0.36,-0.62,2026-08-12
QS,1.4,6.38,20123500,14211671,128.39,99.92,1.3,2.5,-1.8,매도주의,음봉,전고점부근,0.53,-1.11,2026-08-12
ALM,1.4,14.37,8180476,5935131,117.55,102.69,1.1,5.1,2.9,강한매수,양봉스프링,완만한상승,0.81,2.77,2026-08-12
ALVO,1.4,4.01,921390,658615,3.69,4.02,0.9,0.3,5.2,강한매수,장대양봉,완만한상승,0.96,3.45,2026-08-12
RLJ,1.4,10.9,2598974,1859538,28.33,24.43,1.2,0.2,0.5,매수관심,양봉스프링,잔구간,0.9,0.99,2026-08-12
ALT,1.4,2.93,6045805,4241676,17.71,15.29,1.2,1.7,-3.9,중립,음봉,잔구간,0.04,-0.625,2026-08-12
EVMN,1.4,14.12,694640,509046,9.81,6.83,1.4,-0.7,0.1,중립,팽이도지,잔구간,0.36,-0.085,2026-08-12
RAIL,1.4,7.41,304835,214052,2.26,1.74,1.3,1.4,-5.1,매도주의,장대음봉,잔구간,0.02,-1.29,2026-08-12
AEHG,1.4,17.84,572030,419128,10.21,4.79,2.1,12.2,7.9,강한매수,양봉,전고점돌파,0.73,2.48,2026-08-12
ACP,1.4,5.15,576667,399482,2.97,2.45,1.2,0.6,0.2,강한매수,양봉,전고점돌파,0.75,2.5,2026-08-12
MSTW,1.4,3.16,651084,466475,2.06,1.46,1.4,1.9,-3.1,매도주의,장대음봉,잔구간,0.15,-1.21,2026-08-12
SLNH,1.4,1.35,9370569,6698387,12.65,12.54,1.0,3.5,2.7,강한매수,양봉,전고점돌파,0.63,2.36,2026-08-12
BBAR,1.4,15.91,702903,512861,11.18,8.34,1.3,1.8,-5.0,강한매도,장대음봉,전저점이탈,0.12,-3.21,2026-08-12
MSTY,1.4,12.27,1628786,1183975,19.99,15.35,1.3,0.6,-1.8,매도주의,장대음봉,잔구간,0.06,-1.265,2026-08-12
APLX,1.4,12.28,1392729,961348,17.1,15.86,1.1,18.1,-7.0,중립,음봉,완만한상승,0.27,-0.08,2026-08-12
OTLK,1.4,1.1,8070070,5643712,8.88,9.89,0.9,-0.9,-1.8,중립,팽이도지,잔구간,0.27,-0.14,2026-08-12
CODI,1.4,12.07,1034836,745074,12.49,8.93,1.4,1.0,-3.0,중립,음봉,잔구간,0.4,-0.41,2026-08-12
CLYM,1.4,14.39,1318671,970931,18.98,13.01,1.5,0.9,3.0,강한매수,양봉,완만한상승,0.83,2.0,2026-08-12
GPGI,1.4,13.28,1661102,1209224,22.06,18.61,1.2,4.4,-10.3,매도주의,장대음봉,전저점부근,0.07,-1.77,2026-08-12
MUA,1.4,10.24,428739,303546,4.39,2.86,1.5,0.0,0.6,매수관심,양봉,완만한상승,0.64,1.77,2026-08-12
ANGX,1.4,3.68,2096430,1469463,7.71,5.28,1.5,0.3,-4.2,강한매도,장대음봉,전저점이탈,0.13,-3.19,2026-08-12
GOOY,1.4,12.31,429232,310716,5.28,4.47,1.2,0.2,-0.5,중립,음봉,전저점부근,0.59,0.16,2026-08-12
PRCH,1.4,16.16,1803443,1292550,29.14,35.79,0.8,3.0,-0.5,매수관심,팽이도지,완만한상승,0.48,0.88,2026-08-12
DHX,1.4,3.82,316806,232015,1.21,0.92,1.3,0.3,-0.3,매도주의,위꼬리음봉,완만한상승,0.15,-1.02,2026-08-12
UMH,1.4,16.29,1021277,755048,16.64,10.47,1.6,-0.2,1.2,강한매수,장대양봉,완만한상승,0.83,3.3,2026-08-12
UPWK,1.4,8.4,6387599,4507425,53.66,45.85,1.2,0.0,0.5,강한매수,양봉스프링,완만한상승,0.76,2.71,2026-08-12
PSKY,1.4,9.5,15823228,11525087,150.32,114.53,1.3,-0.5,1.8,강한매도,위꼬리양봉,전고점부근,0.28,-2.71,2026-08-12
PSFE,1.4,6.87,445774,308753,3.06,2.3,1.3,-1.5,1.2,매수관심,양봉,전저점부근,0.72,1.71,2026-08-12
BCAT,1.4,16.05,838297,586275,13.45,10.53,1.3,0.1,-0.5,중립,음봉,잔구간,0.3,-0.47,2026-08-12
VFF,1.4,2.51,1639328,1157123,4.11,3.02,1.4,0.8,2.4,매수관심,양봉,완만한상승,0.67,1.8,2026-08-12
ADT,1.4,7.31,9360704,6813910,68.43,68.84,1.0,-0.1,-1.7,강한매도,장대음봉,전저점이탈,0.14,-3.18,2026-08-12
NNE,1.4,19.01,2497183,1782091,47.47,34.38,1.4,2.1,-3.9,매도주의,장대음봉,잔구간,0.14,-1.215,2026-08-12
XMAX,1.4,8.91,669850,483022,5.97,5.34,1.1,0.2,-4.8,매도주의,장대음봉,잔구간,0.02,-1.29,2026-08-12
CYPH,1.4,0.658,1839186,1294647,1.21,0.79,1.5,1.8,-5.0,중립,음봉,잔구간,0.37,-0.43,2026-08-12
QNC,1.4,2.41,512232,362980,1.23,0.95,1.3,0.0,5.2,강한매수,장대양봉,전고점돌파,1.0,4.1,2026-08-12
ABUS,1.4,4.59,1399244,1008501,6.42,5.45,1.2,-1.7,0.0,매수관심,양봉스프링,잔구간,0.79,0.925,2026-08-12
AIAI,1.4,5.53,322566,238080,1.78,0.91,2.0,0.2,2.2,강한매도,위꼬리양봉,전고점부근,0.32,-2.67,2026-08-12
ACH,1.4,1.21,2049962,1482920,2.48,3.75,0.7,-1.6,-2.4,매도주의,위꼬리음봉,전저점부근,0.13,-1.19,2026-08-12
ADAM,1.3,10.16,980175,740777,9.96,9.93,1.0,0.2,-0.9,중립,음봉,잔구간,0.26,-0.495,2026-08-12
CTMX,1.3,3.49,2519272,1984045,8.79,7.5,1.2,0.9,0.3,매수관심,팽이도지,완만한상승,0.63,1.06,2026-08-12
CRVS,1.3,15.05,1025098,800714,15.43,11.25,1.4,0.5,1.7,강한매수,양봉,전고점돌파,0.56,2.27,2026-08-12
USAU,1.3,15.26,340293,260549,5.19,3.63,1.4,1.2,-1.1,중립,음봉,완만한상승,0.11,-0.27,2026-08-12
WULX,1.3,19.31,356212,264227,6.88,6.6,1.0,17.8,-10.2,매도주의,장대음봉,잔구간,0.25,-1.15,2026-08-12
WWR,1.3,0.63,5108755,4007211,3.22,11.8,0.3,-0.0,5.0,매수관심,장대양봉,잔구간,1.0,1.3,2026-08-12
WULF,1.3,17.19,35361831,27380813,607.87,599.57,1.0,8.7,-5.5,매도주의,장대음봉,잔구간,0.21,-1.175,2026-08-12
WOOF,1.3,2.73,1894381,1471548,5.17,3.96,1.3,0.7,-1.1,중립,음봉,잔구간,0.44,-0.385,2026-08-12
BBWI,1.3,18.13,5928009,4641656,107.47,96.67,1.1,-0.5,-3.5,강한매도,장대음봉,전저점이탈,0.05,-3.29,2026-08-12
DBRG,1.3,15.93,4942126,3892946,78.73,60.62,1.3,0.0,-0.1,중립,음봉,잔구간,0.5,-0.35,2026-08-12
ZURA,1.3,5.78,1219106,904002,7.05,4.25,1.7,1.4,2.5,매수관심,양봉,완만한상승,0.66,1.79,2026-08-12
OSPN,1.3,16.53,595975,442970,9.85,7.44,1.3,-0.9,2.4,강한매수,장대양봉,완만한상승,0.83,3.3,2026-08-12
NUAI,1.3,5.53,5194358,4030249,28.72,24.18,1.2,3.6,2.0,매수관심,양봉,완만한상승,0.62,1.74,2026-08-12
NUV,1.3,9.0,609261,482039,5.48,4.83,1.1,-0.1,-0.6,강한매도,장대음봉,전저점이탈,0.0,-3.35,2026-08-12
OPTX,1.3,8.7,457279,349276,3.98,2.86,1.4,0.7,-2.6,중립,음봉,잔구간,0.47,-0.37,2026-08-12
MICC,1.3,19.67,877841,684083,17.27,14.2,1.2,0.6,0.6,강한매수,양봉,전고점돌파,1.0,2.8,2026-08-12
ORBS,1.3,0.737,8472664,6519367,6.25,6.79,0.9,0.4,-1.5,중립,망치형,잔구간,0.71,0.625,2026-08-12
CNNE,1.3,15.02,663733,508662,9.97,6.8,1.5,-0.3,1.6,중립,양봉,잔구간,0.79,0.525,2026-08-12
LEO,1.3,6.22,442502,337348,2.75,1.89,1.5,0.5,-0.3,중립,음봉,완만한상승,0.22,-0.14,2026-08-12
TME,1.3,8.46,11919376,9045623,100.84,91.56,1.1,-2.4,-0.6,중립,망치형,잔구간,0.7,0.62,2026-08-12
TNXP,1.3,11.97,468544,373664,5.61,5.62,1.0,-0.2,-2.8,중립,음봉,잔구간,0.18,-0.54,2026-08-12
GRND,1.3,15.87,2522296,1904281,40.03,33.11,1.2,-1.0,-1.3,중립,음봉,잔구간,0.59,-0.295,2026-08-12
LPL,1.3,3.46,3794793,2886687,13.13,10.41,1.3,2.9,-2.0,중립,음봉,완만한상승,0.5,0.2,2026-08-12
LUCD,1.3,0.984,1101397,822932,1.08,1.04,1.0,1.7,0.7,매수관심,팽이도지,완만한상승,0.68,1.12,2026-08-12
LUNL,1.3,5.37,2009759,1537007,10.79,5.5,2.0,3.3,2.8,중립,팽이도지,전고점부근,0.69,-0.22,2026-08-12
MFM,1.3,5.41,316981,242375,1.71,1.73,1.0,0.6,-0.2,중립,팽이도지,완만한상승,0.31,0.67,2026-08-12
VOXR,1.3,5.16,663823,514483,3.43,2.08,1.6,0.6,-1.1,중립,음봉,잔구간,0.23,-0.51,2026-08-12
CHGG,1.3,0.8,1470214,1106188,1.18,1.36,0.9,-0.3,-3.9,중립,음봉,전저점부근,0.27,-0.23,2026-08-12
KRP,1.3,15.2,1297816,989810,19.73,14.84,1.3,0.5,-0.8,중립,음봉,잔구간,0.44,-0.385,2026-08-12
GDOT,1.3,13.45,576828,455579,7.76,5.72,1.4,-1.1,1.4,강한매수,장대양봉,완만한상승,0.69,3.13,2026-08-12
NEXR,1.3,2.83,643271,481154,1.82,2.07,0.9,-0.7,-2.4,중립,망치형,잔구간,0.6,0.56,2026-08-12
ONDL,1.3,10.55,2053281,1607795,21.66,13.52,1.6,4.0,-2.8,매도주의,음봉,전고점부근,0.46,-1.2,2026-08-12
SUGP,1.3,2.04,579373,434366,1.18,1.13,1.0,0.0,-5.6,중립,음봉,잔구간,0.47,-0.37,2026-08-12
BLCO,1.3,16.76,387574,288608,6.5,6.24,1.0,-1.4,0.8,매수관심,양봉스프링,잔구간,0.79,0.925,2026-08-12
BHVN,1.3,14.39,2139032,1657273,30.78,22.82,1.3,1.0,-1.6,중립,음봉,잔구간,0.37,-0.43,2026-08-12
PDYN,1.3,6.35,1248578,989732,7.93,5.3,1.5,2.1,-1.7,중립,음봉,완만한상승,0.32,-0.02,2026-08-12
HTLD,1.3,12.29,844499,651792,10.38,9.42,1.1,0.3,3.8,강한매수,장대양봉,완만한상승,0.82,3.28,2026-08-12
SSPC,1.3,10.1,38309983,28848382,386.93,366.37,1.1,-2.9,-17.0,강한매도,장대음봉,전저점이탈,0.21,-3.1,2026-08-12
AXTL,1.3,4.31,1143646,873562,4.93,3.52,1.4,25.9,-10.4,중립,음봉,완만한상승,0.5,0.2,2026-08-12
OXSQ,1.3,1.54,2138722,1646382,3.29,2.88,1.1,0.7,6.2,매수관심,장대양봉,잔구간,0.86,1.215,2026-08-12
RLX,1.3,2.02,2273923,1705021,4.59,3.47,1.3,0.0,2.0,매수관심,장대양봉,잔구간,0.67,1.1,2026-08-12
HQ,1.3,14.93,326611,253801,4.88,3.29,1.5,4.0,14.9,매수관심,장대양봉,잔구간,0.96,1.275,2026-08-12
BWEN,1.3,5.44,1070792,826679,5.83,4.96,1.2,1.3,0.6,매수관심,팽이도지,완만한상승,0.59,1.01,2026-08-12
RAMZ,1.3,19.13,477667,354625,9.14,8.16,1.1,-14.8,0.0,중립,팽이도지,전저점부근,0.36,0.58,2026-08-12
QUCY,1.3,1.305,849327,675100,1.11,1.03,1.1,-1.5,-3.3,중립,음봉,잔구간,0.51,-0.345,2026-08-12
MITT,1.3,6.7,441941,329615,2.96,2.44,1.2,-0.4,0.0,중립,팽이도지,잔구간,0.56,0.035,2026-08-12
KSS,1.3,19.27,3731400,2856861,71.9,62.69,1.1,0.1,4.1,매수관심,장대양봉,잔구간,0.89,1.235,2026-08-12
ARR,1.3,16.64,4714341,3627630,78.45,55.08,1.4,0.2,-0.4,중립,음봉,잔구간,0.14,-0.565,2026-08-12
BKKT,1.3,7.52,1106689,871543,8.32,7.12,1.2,1.8,0.3,강한매수,양봉스프링,완만한상승,0.78,2.74,2026-08-12
NVG,1.3,12.39,576890,430138,7.15,5.83,1.2,0.2,-0.5,매도주의,장대음봉,잔구간,0.11,-1.235,2026-08-12
ARLO,1.3,13.93,1858656,1430109,25.89,23.68,1.1,0.7,-6.1,매도주의,장대음봉,잔구간,0.02,-1.29,2026-08-12
SID,1.3,0.868,3422147,2632675,2.97,6.16,0.5,-0.5,0.6,중립,위꼬리양봉,잔구간,0.36,-0.585,2026-08-12
GGN,1.3,5.36,612237,487826,3.28,2.4,1.4,0.4,-0.2,중립,팽이도지,완만한상승,0.28,0.64,2026-08-12
GDYN,1.3,7.79,2612199,2074692,20.35,19.12,1.1,-1.0,1.3,매수관심,양봉,완만한상승,0.6,1.72,2026-08-12
GNL,1.3,8.99,4731806,3533848,42.54,29.31,1.5,1.0,-1.7,매도주의,장대음봉,잔구간,0.27,-1.14,2026-08-12
SWBI,1.3,14.19,475576,373975,6.75,5.73,1.2,0.6,-0.8,중립,음봉,잔구간,0.41,-0.405,2026-08-12
KBWD,1.3,12.64,664016,501848,8.39,6.17,1.4,0.2,-0.2,중립,망치형,잔구간,0.52,0.51,2026-08-12
LX,1.3,1.44,1458922,1094539,2.1,1.95,1.1,-0.7,-1.4,중립,음봉,수횡파,0.25,-0.4,2026-08-12
MARO,1.3,4.07,459742,364618,1.87,1.73,1.1,3.2,-3.1,매도주의,장대음봉,잔구간,0.1,-1.24,2026-08-12
NCTY,1.3,4.0,317347,235180,1.27,1.0,1.3,2.4,-6.3,중립,팽이도지,잔구간,0.5,0.0,2026-08-12
NEA,1.3,11.35,868815,652741,9.86,8.18,1.2,0.2,-0.2,중립,음봉,완만한상승,0.18,-0.18,2026-08-12
IQ,1.3,1.33,5396793,4210207,7.18,6.87,1.0,-0.7,-0.7,매도주의,위꼬리음봉,잔구간,0.14,-0.965,2026-08-12
EQ,1.3,2.18,600086,453609,1.31,1.2,1.1,0.9,-3.1,중립,음봉,잔구간,0.3,-0.47,2026-08-12
FJET,1.3,3.96,630480,483793,2.5,2.14,1.2,0.5,-3.9,중립,음봉,수횡파,0.4,-0.22,2026-08-12
LILAK,1.3,8.53,1523203,1160731,12.99,10.74,1.2,-1.1,1.8,강한매수,장대양봉,완만한상승,0.65,3.08,2026-08-12
HIVE,1.3,2.74,19159395,14649393,52.5,44.9,1.2,4.9,-1.4,강한매수,망치형,완만한상승,0.59,2.01,2026-08-12
HL,1.3,18.1,49224816,37473364,890.97,560.26,1.6,2.7,-0.8,매수관심,팽이도지,전고점돌파,0.37,1.34,2026-08-12
KDK,1.3,4.125,1449984,1148888,5.98,4.24,1.4,1.3,-11.3,매도주의,장대음봉,전저점부근,0.01,-1.84,2026-08-12
JQC,1.3,4.85,695796,527733,3.37,2.5,1.3,0.0,0.0,중립,팽이도지,전고점부근,0.67,-0.25,2026-08-12
CCAP,1.3,11.08,301062,227029,3.34,2.29,1.5,-0.3,-2.8,매도주의,장대음봉,잔구간,0.08,-1.25,2026-08-12
CLB,1.3,12.45,737565,582637,9.18,8.06,1.1,-1.5,1.7,강한매수,양봉,완만한상승,0.83,2.0,2026-08-12
FVRR,1.3,8.66,1202679,892930,10.42,12.12,0.9,-0.6,-0.5,매도주의,팽이도지,전저점이탈,0.28,-1.01,2026-08-12
FSCO,1.3,5.1,1021151,770588,5.21,4.25,1.2,0.8,0.4,강한매수,양봉,전고점돌파,0.5,2.2,2026-08-12
VIXY,1.2,18.77,2327817,2021352,43.69,51.08,0.9,-0.8,-2.0,매도주의,음봉,전저점이탈,0.42,-1.55,2026-08-12
ZGN,1.2,14.03,844463,697851,11.85,12.83,0.9,1.8,-2.6,매도주의,장대음봉,전저점부근,0.02,-1.83,2026-08-12
VNET,1.2,7.425,3051864,2577722,22.66,30.89,0.7,2.9,-3.9,매도주의,장대음봉,잔구간,0.25,-1.15,2026-08-12
VMET,1.2,9.94,312077,253980,3.1,2.08,1.5,2.0,-1.0,중립,음봉,완만한상승,0.48,0.18,2026-08-12
WEAV,1.2,5.01,1838426,1486270,9.21,7.94,1.2,-2.6,2.2,매수관심,장대양봉,잔구간,0.86,1.215,2026-08-12
PONY,1.2,8.2,3071763,2494272,25.19,27.96,0.9,-0.2,-3.0,중립,음봉,잔구간,0.31,-0.465,2026-08-12
QCML,1.2,14.77,412176,351674,6.09,7.88,0.8,5.1,-4.5,매도주의,장대음봉,완만한상승,0.33,-1.3,2026-08-12
ZIP,1.2,4.92,865117,714060,4.26,4.07,1.0,0.0,0.0,매수관심,팽이도지,완만한상승,0.61,1.03,2026-08-12
WFF,1.2,1.63,1064299,902962,1.73,8.21,0.2,-8.4,-12.4,중립,음봉,전저점부근,0.18,-0.33,2026-08-12
WNC,1.2,12.45,1033485,857123,12.87,15.36,0.8,1.7,-1.2,강한매수,망치형,수횡파,0.73,2.88,2026-08-12
DHT,1.2,18.72,4073677,3288448,76.26,55.81,1.4,-0.3,3.1,강한매수,장대양봉,수횡파,0.79,3.95,2026-08-12
CRON,1.2,3.17,2051509,1687859,6.5,5.13,1.3,-0.6,3.6,강한매수,장대양봉,전고점부근,0.96,2.1,2026-08-12
NN,1.2,19.23,4171636,3406093,80.22,58.08,1.4,1.9,5.8,매수관심,양봉,전고점부근,0.97,0.81,2026-08-12
SGHT,1.2,8.28,487940,417829,4.04,2.19,1.8,0.1,6.7,강한매수,장대양봉,전고점돌파,0.84,3.91,2026-08-12
VERI,1.2,1.52,2897181,2428665,4.4,3.09,1.4,0.7,1.3,매수관심,팽이도지,전고점돌파,0.73,1.78,2026-08-12
SERV,1.2,4.83,6108299,5080433,29.5,26.68,1.1,2.4,-3.8,중립,음봉,잔구간,0.03,-0.63,2026-08-12
NVD,1.2,3.96,77330602,63603978,306.23,316.59,1.0,-3.2,-2.8,중립,음봉,전저점부근,0.26,-0.24,2026-08-12
AUTL,1.2,2.12,4059386,3360812,8.61,7.64,1.1,0.4,-9.4,매도주의,장대음봉,잔구간,0.09,-1.245,2026-08-12
SIGA,1.2,2.87,636597,537941,1.83,1.97,0.9,-0.3,0.0,중립,팽이도지,전저점부근,0.44,0.68,2026-08-12
NXE,1.2,10.55,4508625,3776793,47.57,43.82,1.1,1.9,-2.0,매도주의,장대음봉,잔구간,0.21,-1.175,2026-08-12
MNSO,1.2,11.9,585070,503342,6.96,6.57,1.1,-0.6,-0.6,중립,음봉,전저점부근,0.29,-0.2,2026-08-12
ARKO,1.2,4.46,1919992,1545055,8.56,7.17,1.2,-0.7,1.8,중립,위꼬리양봉,전저점부근,0.33,-0.45,2026-08-12
APPX,1.2,12.34,3144708,2531025,38.81,31.15,1.2,0.1,-9.3,강한매도,장대음봉,전저점이탈,0.03,-3.31,2026-08-12
BTQ,1.2,4.35,1748193,1507812,7.6,5.77,1.3,3.4,-5.0,매도주의,장대음봉,잔구간,0.34,-1.095,2026-08-12
KRNY,1.2,9.53,537925,454090,5.13,4.48,1.1,-1.2,1.2,중립,양봉,잔구간,0.83,0.55,2026-08-12
CLSX,1.2,12.345,337377,285028,4.16,4.28,1.0,10.7,0.2,중립,팽이도지,잔구간,0.64,0.085,2026-08-12
MEI,1.2,16.96,638330,547537,10.83,8.99,1.2,3.4,-2.1,중립,음봉,완만한상승,0.52,0.22,2026-08-12
KULR,1.2,2.97,1162382,955859,3.45,2.5,1.4,3.2,2.8,강한매수,양봉,전고점돌파,0.86,2.63,2026-08-12
KURA,1.2,9.94,1147140,941274,11.4,11.2,1.0,0.7,-0.6,강한매수,망치형,완만한상승,0.59,2.01,2026-08-12
MBGL,1.2,19.62,4563612,3955092,89.54,86.37,1.0,-0.6,1.9,중립,양봉,잔구간,0.83,0.55,2026-08-12
TARA,1.2,3.89,467687,383216,1.82,1.57,1.2,2.3,-2.7,중립,음봉,잔구간,0.45,-0.38,2026-08-12
SWIM,1.2,7.83,1581840,1329880,12.39,8.26,1.5,-0.5,3.7,강한매수,장대양봉,전고점돌파,0.9,3.98,2026-08-12
GNW,1.2,10.02,3277143,2706596,32.84,26.47,1.2,0.1,2.2,매수관심,장대양봉,잔구간,0.94,1.265,2026-08-12
CHRS,1.2,1.17,1155915,988890,1.35,1.43,0.9,0.0,-3.3,중립,음봉,잔구간,0.0,-0.65,2026-08-12
LAR,1.2,6.81,2917286,2513895,19.87,13.77,1.4,2.4,0.0,매수관심,팽이도지,완만한상승,0.57,0.98,2026-08-12
LFST,1.2,12.23,6280353,5409212,76.81,53.43,1.4,0.5,5.8,강한매수,장대양봉,완만한상승,0.98,3.48,2026-08-12
BLND,1.2,1.4,3935780,3268962,5.51,4.72,1.2,4.9,-7.3,매도주의,장대음봉,전저점부근,0.27,-1.53,2026-08-12
AOD,1.2,10.7,447838,381087,4.79,5.06,0.9,0.3,-0.5,중립,음봉,잔구간,0.33,-0.45,2026-08-12
SMPL,1.2,10.94,2430539,1945895,26.59,23.11,1.2,-0.1,0.8,매수관심,양봉스프링,잔구간,0.92,1.0,2026-08-12
METD,1.2,16.55,435061,348499,7.2,12.06,0.6,-0.2,3.5,매수관심,장대양봉,잔구간,0.96,1.275,2026-08-12
SNK,1.2,16.71,4614547,3873844,77.11,93.22,0.8,-2.8,-16.6,강한매도,장대음봉,전저점이탈,0.23,-3.07,2026-08-12
CDZI,1.2,3.47,708674,608408,2.46,2.87,0.9,1.1,-3.3,중립,음봉,잔구간,0.25,-0.5,2026-08-12
REPL,1.2,15.24,8272476,6683838,126.07,120.88,1.0,-0.2,11.9,강한매수,장대양봉,전고점돌파,0.79,3.85,2026-08-12
PLG,1.2,1.53,1143948,922316,1.75,1.39,1.3,1.3,-0.6,매도주의,위꼬리음봉,완만한상승,0.0,-1.2,2026-08-12
BMNG,1.2,14.877,463800,373607,6.9,6.38,1.1,2.4,-4.0,매도주의,장대음봉,잔구간,0.2,-1.18,2026-08-12
TUSK,1.2,3.28,347743,283540,1.14,0.81,1.4,0.3,-0.3,중립,팽이도지,완만한상승,0.3,0.66,2026-08-12
CIK,1.2,2.45,637801,545859,1.56,1.1,1.4,-0.4,0.0,중립,팽이도지,수횡파,0.5,0.6,2026-08-12
TTGT,1.2,3.66,427795,345509,1.57,1.85,0.8,-0.8,-1.6,중립,팽이도지,잔구간,0.46,-0.025,2026-08-12
UAVS,1.2,0.946,2303324,1996569,2.18,2.28,1.0,0.5,-5.4,중립,음봉,잔구간,0.29,-0.475,2026-08-12
FETH,1.2,18.695,1292344,1073823,24.16,24.74,1.0,1.4,-1.5,매도주의,장대음봉,잔구간,0.05,-1.27,2026-08-12
BIT,1.2,12.28,320884,265268,3.94,3.37,1.2,0.1,-0.3,중립,음봉,잔구간,0.0,-0.65,2026-08-12
SAIL,1.2,18.73,3570144,2982864,66.87,56.07,1.2,0.4,-2.1,중립,음봉,잔구간,0.05,-0.62,2026-08-12
RQI,1.2,12.31,523616,444557,6.45,6.38,1.0,0.2,-0.2,매도주의,위꼬리음봉,잔구간,0.1,-0.99,2026-08-12
BTZ,1.2,10.24,388460,336656,3.98,2.89,1.4,0.1,-0.1,중립,팽이도지,완만한상승,0.4,0.78,2026-08-12
RPD,1.2,12.27,3074901,2554828,37.73,31.11,1.2,-2.8,-5.6,중립,음봉,잔구간,0.39,-0.415,2026-08-12
RGP,1.2,4.17,364603,306327,1.52,1.61,0.9,0.5,-0.7,매도주의,위꼬리음봉,전저점부근,0.24,-1.06,2026-08-12
ONDS,1.2,9.77,86718055,74084513,847.24,617.05,1.4,2.0,-1.6,매도주의,음봉,전고점부근,0.35,-1.33,2026-08-12
RETL,1.2,9.19,412121,352572,3.79,3.84,1.0,-1.4,-1.6,매도주의,음봉,전저점이탈,0.38,-1.59,2026-08-12
IMRX,1.2,5.07,902994,744043,4.58,2.98,1.5,0.4,5.2,강한매수,장대양봉,전고점돌파,0.93,4.02,2026-08-12
HLLY,1.2,3.17,1310039,1128605,4.15,3.05,1.4,0.6,1.0,강한매수,양봉스프링,완만한상승,0.89,2.87,2026-08-12
AMPY,1.2,4.39,708809,570271,3.11,2.36,1.3,-1.3,-1.3,중립,음봉,잔구간,0.21,-0.525,2026-08-12
TBPH,1.2,16.92,495210,423923,8.38,11.57,0.7,-0.1,0.1,중립,위꼬리양봉,완만한상승,0.25,-0.4,2026-08-12
INV,1.2,3.52,1191106,992177,4.19,3.92,1.1,2.1,2.6,중립,양봉,잔구간,0.52,0.36,2026-08-12
ECC,1.2,3.82,1231302,994729,4.7,3.59,1.3,-0.3,1.1,매수관심,양봉,완만한상승,0.44,1.53,2026-08-12
TWI,1.2,6.97,587517,499420,4.09,4.37,0.9,1.7,-4.0,강한매도,장대음봉,전저점이탈,0.15,-3.17,2026-08-12
TSLL,1.2,8.05,105896595,90908981,852.47,696.82,1.2,1.4,-4.5,매도주의,장대음봉,잔구간,0.34,-1.095,2026-08-12
SVCO,1.2,7.4,621984,505935,4.6,3.99,1.2,3.3,-5.6,매도주의,장대음봉,잔구간,0.2,-1.18,2026-08-12
IRWD,1.2,4.32,2721196,2197127,11.76,11.48,1.0,0.5,0.0,중립,팽이도지,완만한상승,0.26,0.61,2026-08-12
RMAX,1.2,12.33,715792,604888,8.83,5.71,1.5,1.0,0.8,강한매도,위꼬리양봉,전고점부근,0.5,-2.45,2026-08-12
IREG,1.2,9.44,716952,610243,6.77,7.43,0.9,17.9,1.0,매수관심,팽이도지,전고점돌파,0.61,1.63,2026-08-12
DSGN,1.2,14.66,465709,386273,6.83,5.97,1.1,0.5,-0.3,중립,팽이도지,전고점부근,0.36,-0.62,2026-08-12
DNUT,1.2,3.3,4996106,4011410,16.49,10.41,1.6,0.6,6.1,강한매수,장대양봉,완만한상승,0.88,3.36,2026-08-12
DSP,1.2,12.48,486955,416775,6.08,4.83,1.3,-0.9,-4.5,중립,음봉,잔구간,0.23,-0.51,2026-08-12
PDO,1.2,13.08,695952,568927,9.1,7.44,1.2,0.2,-0.3,중립,음봉,수횡파,0.64,0.07,2026-08-12
PDI,1.2,16.07,2654183,2256906,42.65,40.65,1.0,0.1,-0.5,중립,음봉,잔구간,0.21,-0.525,2026-08-12
PFFD,1.2,18.65,693786,564539,12.94,14.76,0.9,0.2,0.3,강한매수,장대양봉,완만한상승,0.85,3.32,2026-08-12
IREZ,1.2,10.46,1522379,1274723,15.92,29.19,0.5,-19.1,-1.1,매도주의,팽이도지,전저점이탈,0.35,-0.93,2026-08-12
SPIR,1.2,14.74,646062,557858,9.52,7.37,1.3,0.9,-1.5,중립,음봉,잔구간,0.34,-0.445,2026-08-12
IBX,1.2,18.16,450841,378595,8.19,9.25,0.9,-1.1,-1.3,중립,망치형,잔구간,0.73,0.64,2026-08-12
SSG,1.2,11.41,596357,509055,6.8,8.68,0.8,-5.1,-0.1,중립,팽이도지,전저점부근,0.49,0.74,2026-08-12
BXMT,1.2,14.28,3662541,3007737,52.3,52.3,1.0,0.4,-2.9,매도주의,장대음봉,잔구간,0.02,-1.29,2026-08-12
CRCG,1.2,10.25,3992464,3389566,40.92,31.73,1.3,1.8,-1.3,강한매수,망치형,완만한상승,0.71,2.15,2026-08-12
AI,1.1,10.08,3636649,3454305,36.66,43.76,0.8,-1.2,-4.0,매도주의,장대음봉,잔구간,0.04,-1.275,2026-08-12
WDCX,1.1,18.47,2430851,2262960,44.9,54.84,0.8,9.1,-1.0,매도주의,위꼬리음봉,잔구간,0.23,-0.91,2026-08-12
MYO,1.1,1.52,833986,734027,1.27,0.9,1.4,-3.3,4.1,강한매수,양봉,완만한상승,0.83,2.0,2026-08-12
SFIX,1.1,3.55,1775919,1554313,6.3,6.57,1.0,-0.8,-4.3,강한매도,장대음봉,전저점이탈,0.13,-3.19,2026-08-12
PBR.A,1.1,15.97,7924732,7176758,126.56,112.05,1.1,-0.6,0.1,중립,위꼬리양봉,잔구간,0.16,-0.705,2026-08-12
PENN,1.1,19.17,3186973,2973184,61.09,56.62,1.1,-0.5,0.7,매수관심,팽이도지,완만한상승,0.66,1.09,2026-08-12
BEZ,1.1,8.85,2687336,2440512,23.78,32.12,0.7,-23.3,-1.7,중립,팽이도지,잔구간,0.65,0.09,2026-08-12
SDGR,1.1,18.63,1476802,1403061,27.51,22.33,1.2,-0.3,0.2,매수관심,양봉스프링,잔구간,0.81,0.935,2026-08-12
NFXL,1.1,16.38,1055546,991992,17.29,16.69,1.0,-1.1,-0.5,중립,망치형,잔구간,0.63,0.58,2026-08-12
NMR,1.1,9.91,668332,604505,6.62,8.91,0.7,1.6,-0.3,매수관심,팽이도지,완만한상승,0.48,0.88,2026-08-12
CIFU,1.1,13.32,1091398,971021,14.54,10.26,1.4,14.0,-5.9,중립,음봉,잔구간,0.25,-0.5,2026-08-12
AMZD,1.1,8.205,9992848,9230259,81.99,106.57,0.8,-0.2,2.1,강한매수,장대양봉,전고점돌파,0.97,4.06,2026-08-12
ALMU,1.1,18.05,446620,393073,8.06,9.31,0.9,1.9,-2.6,중립,음봉,잔구간,0.08,-0.6,2026-08-12
RYLD,1.1,16.37,487875,453124,7.99,9.08,0.9,0.0,0.1,강한매수,양봉,전고점돌파,0.51,2.21,2026-08-12
RPAY,1.1,3.76,498119,444783,1.87,2.18,0.9,1.6,0.0,중립,팽이도지,잔구간,0.65,0.09,2026-08-12
RR,1.1,1.75,4924145,4513043,8.62,7.48,1.2,0.6,0.0,중립,팽이도지,완만한상승,0.38,0.76,2026-08-12
IAUX,1.1,1.75,15019624,13884379,26.28,17.58,1.5,3.6,1.7,강한매수,양봉,전고점돌파,1.0,2.8,2026-08-12
IEP,1.1,7.5,1263263,1199958,9.47,8.64,1.1,0.3,-1.3,매도주의,장대음봉,잔구간,0.14,-1.215,2026-08-12
SSYS,1.1,8.84,457595,414538,4.05,4.09,1.0,2.1,-3.9,매도주의,장대음봉,잔구간,0.1,-1.24,2026-08-12
HSLV,1.1,5.29,470401,444222,2.49,1.87,1.3,3.4,-4.2,매도주의,장대음봉,잔구간,0.0,-1.3,2026-08-12
SVM,1.1,12.1,3876348,3416591,46.9,31.6,1.5,3.1,-6.9,매도주의,장대음봉,잔구간,0.09,-1.245,2026-08-12
PANL,1.1,7.28,416840,367243,3.03,2.83,1.1,0.6,4.7,매수관심,장대양봉,잔구간,0.99,1.295,2026-08-12
BB,1.1,8.77,10728962,10210786,94.09,106.16,0.9,2.4,-4.7,매도주의,장대음봉,잔구간,0.0,-1.3,2026-08-12
AXTU,1.1,6.04,1648266,1555016,9.96,8.38,1.2,25.3,-9.6,중립,음봉,완만한상승,0.51,0.21,2026-08-12
PERI,1.1,9.59,409677,371826,3.93,3.81,1.0,-1.3,0.8,중립,양봉,잔구간,0.63,0.43,2026-08-12
RIG,1.1,5.7,45093818,42672438,257.03,242.1,1.1,-1.0,-0.9,중립,음봉,잔구간,0.36,-0.435,2026-08-12
RKLZ,1.1,2.85,9867633,9236753,28.12,30.29,0.9,-0.5,-2.9,중립,음봉,잔구간,0.23,-0.51,2026-08-12
RKT,1.1,14.05,33655399,30302500,472.86,426.68,1.1,2.3,-4.1,매도주의,장대음봉,잔구간,0.33,-1.1,2026-08-12
RLMD,1.1,4.72,1663026,1501557,7.85,7.07,1.1,1.1,4.4,매수관심,장대양봉,잔구간,0.7,1.12,2026-08-12
RGTZ,1.1,2.84,5097048,4570183,14.48,15.5,0.9,-5.6,2.0,매도주의,위꼬리양봉,전저점이탈,0.3,-1.99,2026-08-12
LYFT,1.1,16.58,15038378,13097500,249.34,212.79,1.2,-0.3,-5.2,매도주의,장대음봉,잔구간,0.18,-1.19,2026-08-12
TDUP,1.1,3.08,3810348,3590613,11.74,17.15,0.7,0.0,-1.9,중립,음봉,전저점부근,0.27,-0.23,2026-08-12
SMRT,1.1,1.45,1760074,1581364,2.55,2.28,1.1,3.5,-0.7,중립,팽이도지,전고점부근,0.46,-0.5,2026-08-12
HELP,1.1,11.49,3237440,2971742,37.2,20.15,1.8,6.6,6.8,강한매수,장대양봉,완만한상승,0.91,3.39,2026-08-12
LASE,1.1,1.27,1893066,1702890,2.4,1.87,1.3,-0.8,5.8,강한매수,장대양봉,전고점돌파,1.0,4.1,2026-08-12
MARA,1.1,9.64,40674876,36942443,392.11,412.09,1.0,4.6,-4.8,매도주의,장대음봉,잔구간,0.12,-1.23,2026-08-12
TROX,1.1,6.17,3895990,3571452,24.04,21.43,1.1,1.6,-4.9,매도주의,장대음봉,잔구간,0.3,-1.12,2026-08-12
LWLG,1.1,8.01,3615670,3188581,28.96,24.01,1.2,6.1,-0.1,매수관심,팽이도지,완만한상승,0.65,1.08,2026-08-12
AUR,1.1,6.87,27371848,24075406,188.04,176.15,1.1,0.7,-1.9,중립,음봉,잔구간,0.6,-0.29,2026-08-12
TDAY,1.1,6.86,4106431,3790172,28.17,23.72,1.2,-0.6,0.9,중립,팽이도지,잔구간,0.59,0.055,2026-08-12
KVYO,1.1,17.25,9888071,8636796,170.57,152.36,1.1,-2.3,-3.8,매도주의,장대음봉,잔구간,0.19,-1.185,2026-08-12
NVTS,1.1,13.93,13355217,12291258,186.04,173.61,1.1,5.4,-2.9,중립,음봉,완만한상승,0.15,-0.22,2026-08-12
FWRG,1.1,12.65,1369609,1250068,17.33,19.02,0.9,1.0,6.3,매수관심,장대양봉,잔구간,0.85,1.21,2026-08-12
LOFF,1.1,16.57,5707613,5138858,94.58,51.6,1.8,2.6,16.1,강한매수,장대양봉,전고점돌파,0.79,3.85,2026-08-12
LODE,1.1,3.49,1004428,886276,3.51,3.62,1.0,-0.6,-1.1,매도주의,위꼬리음봉,잔구간,0.06,-1.015,2026-08-12
KSCP,1.1,1.48,1075126,1000265,1.59,2.79,0.6,0.7,-2.0,중립,음봉,잔구간,0.38,-0.42,2026-08-12
EYPT,1.1,13.53,2261368,2149642,30.6,24.97,1.2,0.0,3.7,강한매수,장대양봉,완만한상승,0.68,3.12,2026-08-12
CGEM,1.1,19.6,675991,629604,13.25,10.3,1.3,-0.1,-0.1,중립,팽이도지,잔구간,0.38,-0.07,2026-08-12
SKHL,1.1,8.22,2825121,2470480,23.22,30.71,0.8,12.9,4.3,중립,양봉,잔구간,0.89,0.585,2026-08-12
FUTG,1.1,3.85,564824,506805,2.17,2.34,0.9,2.1,-1.8,중립,음봉,완만한상승,0.27,-0.08,2026-08-12
SBET,1.1,6.18,5472370,4844767,33.82,41.09,0.8,2.1,-2.8,매도주의,장대음봉,잔구간,0.18,-1.19,2026-08-12
SIDU,1.1,2.48,7759717,7168897,19.24,14.42,1.3,1.2,-5.7,매도주의,장대음봉,잔구간,0.14,-1.215,2026-08-12
ASST,1.1,12.39,2949183,2576872,36.54,32.6,1.1,1.9,-3.7,매도주의,장대음봉,잔구간,0.13,-1.22,2026-08-12
MQY,1.1,11.29,356770,325449,4.03,3.78,1.1,0.4,-0.7,매도주의,장대음봉,잔구간,0.0,-1.3,2026-08-12
ERAS,1.1,18.58,3647530,3265193,67.77,60.3,1.1,0.7,0.8,중립,위꼬리양봉,완만한상승,0.33,-0.3,2026-08-12
JANX,1.1,16.67,652909,571262,10.88,9.52,1.1,-0.5,1.4,매수관심,양봉,완만한상승,0.69,1.83,2026-08-12
BV,1.1,11.58,1849464,1641602,21.42,20.95,1.0,1.5,1.0,강한매수,양봉스프링,완만한상승,0.92,2.9,2026-08-12
PHAT,1.1,9.17,2084117,1966837,19.11,21.79,0.9,0.0,7.8,강한매수,장대양봉,완만한상승,0.98,3.48,2026-08-12
VLRS,1.1,7.88,545702,509805,4.3,3.55,1.2,0.8,-0.9,중립,팽이도지,잔구간,0.26,-0.145,2026-08-12
VERX,1.1,12.3,3382677,3117871,41.61,42.16,1.0,-2.5,3.2,강한매수,양봉,완만한상승,0.98,2.18,2026-08-12
UNIT,1.1,9.51,2061400,1855308,19.6,27.27,0.7,0.5,2.0,중립,양봉,잔구간,0.7,0.47,2026-08-12
QBTZ,1.1,2.95,4259796,3872898,12.57,14.87,0.8,-5.6,-0.2,매도주의,위꼬리음봉,잔구간,0.21,-0.925,2026-08-12
VTRS,1.1,16.1,13605624,12887137,219.05,204.73,1.1,-0.7,-0.4,중립,팽이도지,전저점부근,0.33,0.55,2026-08-12
SMMT,1.1,15.1,3676478,3323140,55.51,48.55,1.1,2.0,-2.0,중립,음봉,잔구간,0.14,-0.565,2026-08-12
TIMB,1.1,18.19,495131,467075,9.01,10.16,0.9,0.9,-0.1,중립,팽이도지,잔구간,0.56,0.035,2026-08-12
UWMC,1.1,1.51,35784024,33801521,54.03,48.38,1.1,1.3,-2.6,중립,팽이도지,잔구간,0.44,-0.035,2026-08-12
ALDX,1.1,1.52,939365,845136,1.43,1.18,1.2,0.0,0.7,중립,위꼬리양봉,완만한상승,0.25,-0.4,2026-08-12
PSO,1.1,16.12,785045,738826,12.65,14.34,0.9,-0.2,0.0,매수관심,양봉스프링,전저점이탈,0.77,1.07,2026-08-12
WSE,1.1,12.35,1167920,1068439,14.42,13.27,1.1,-2.7,-1.1,중립,음봉,잔구간,0.33,-0.45,2026-08-12
VXX,1.1,19.45,7554443,6614787,146.93,186.28,0.8,-0.9,-2.1,강한매도,장대음봉,전저점이탈,0.06,-3.28,2026-08-12
DCH,1.1,6.78,3411709,3016036,23.13,22.86,1.0,1.2,-2.7,중립,음봉,잔구간,0.33,-0.45,2026-08-12
BYRN,1.1,4.25,646015,583636,2.75,3.58,0.8,0.0,-9.2,강한매도,장대음봉,전저점이탈,0.07,-3.27,2026-08-12
USA,1.1,6.06,1585395,1380813,9.61,8.32,1.2,0.5,-0.5,중립,음봉,완만한상승,0.47,0.16,2026-08-12
DC,1.1,6.27,1387528,1283574,8.7,7.61,1.1,0.8,-1.3,매도주의,음봉,전고점부근,0.16,-1.56,2026-08-12
FFAI,1.1,3.82,703648,643185,2.69,11.03,0.2,3.6,-11.2,강한매도,장대음봉,전저점이탈,0.11,-3.22,2026-08-12
PLTK,1.1,2.365,3009418,2694986,7.12,5.91,1.2,0.4,-11.8,강한매도,장대음봉,전저점이탈,0.05,-3.29,2026-08-12
LYG,1.1,6.19,15862093,15028265,98.19,95.35,1.0,1.3,0.2,중립,팽이도지,잔구간,0.6,0.06,2026-08-12
NMZ,1.1,10.23,615398,545072,6.3,6.83,0.9,0.3,-0.8,매도주의,장대음봉,잔구간,0.2,-1.18,2026-08-12
MITK,1.1,18.57,708071,665909,13.15,14.29,0.9,-0.1,0.4,강한매수,양봉스프링,완만한상승,0.83,2.8,2026-08-12
BSIN,1.1,1.39,1663814,1534659,2.31,1.99,1.2,-4.9,2.2,중립,팽이도지,잔구간,0.75,0.15,2026-08-12
RES,1.1,6.3,1381499,1228624,8.7,8.37,1.0,-0.5,0.0,중립,팽이도지,잔구간,0.69,0.115,2026-08-12
OPRA,1.1,19.9,346239,302292,6.89,5.53,1.2,-0.0,-0.6,중립,팽이도지,잔구간,0.44,-0.035,2026-08-12
CNDT,1.0,1.55,1143068,1121352,1.77,1.67,1.1,-1.9,0.0,중립,팽이도지,잔구간,0.43,-0.04,2026-08-12
CMRE,1.0,14.16,311601,320226,4.41,5.12,0.9,0.3,0.9,매수관심,장대양봉,잔구간,0.71,1.125,2026-08-12
DRTS,1.0,13.87,500608,481216,6.94,6.38,1.1,0.8,-3.5,중립,음봉,잔구간,0.46,-0.375,2026-08-12
DX,1.0,12.97,5167408,5238693,67.02,65.98,1.0,0.5,-0.2,매도주의,위꼬리음봉,완만한상승,0.14,-1.03,2026-08-12
AGNC,1.0,10.88,16630305,16643635,180.94,212.75,0.9,0.6,-0.6,중립,음봉,잔구간,0.07,-0.61,2026-08-12
XERS,1.0,8.49,1728953,1811323,14.68,14.91,1.0,-0.3,1.5,강한매수,양봉,전고점돌파,0.89,2.67,2026-08-12
NKTX,1.0,2.39,629100,646441,1.5,1.49,1.0,0.0,2.6,매수관심,양봉,완만한상승,0.58,1.7,2026-08-12
TSL,1.0,12.079,395350,399230,4.78,5.84,0.8,0.8,-2.7,매도주의,장대음봉,잔구간,0.34,-1.095,2026-08-12
GSOL,1.0,5.73,2004324,2103377,11.48,13.76,0.8,0.9,-0.7,중립,음봉,완만한상승,0.41,0.09,2026-08-12
CDE,1.0,18.8,45238392,43991806,850.48,653.9,1.3,2.5,-1.3,중립,음봉,전고점돌파,0.22,0.46,2026-08-12
INSG,1.0,5.03,487617,500619,2.45,3.21,0.8,0.8,-3.5,매도주의,장대음봉,잔구간,0.2,-1.18,2026-08-12
AMPU,1.0,3.74,542697,517329,2.03,1.28,1.6,8.6,-4.6,중립,음봉,완만한상승,0.39,0.07,2026-08-12
IMMX,1.0,11.37,1549057,1602574,17.61,14.42,1.2,0.0,-1.0,중립,팽이도지,잔구간,0.56,0.035,2026-08-12
ILPT,1.0,9.07,308394,316236,2.8,3.31,0.8,1.2,1.2,강한매수,양봉,전고점돌파,0.79,2.55,2026-08-12
ICL,1.0,5.47,1258067,1227327,6.88,6.47,1.1,2.2,0.2,매수관심,팽이도지,전고점돌파,0.66,1.69,2026-08-12
AMPG,1.0,6.41,1916755,1875890,12.29,9.27,1.3,3.2,0.0,매수관심,팽이도지,전고점돌파,0.73,1.78,2026-08-12
BUR,1.0,4.38,1810259,1828834,7.93,8.1,1.0,0.0,0.9,강한매수,양봉스프링,완만한상승,0.8,2.76,2026-08-12
STDN,1.0,11.48,796415,787123,9.14,8.08,1.1,0.4,-5.4,중립,음봉,잔구간,0.31,-0.465,2026-08-12
SRXH,1.0,1.84,981281,1027295,1.81,1.75,1.0,1.1,-1.1,중립,팽이도지,완만한상승,0.31,0.67,2026-08-12
PCN,1.0,11.92,393262,388162,4.69,4.28,1.1,0.4,-0.5,중립,음봉,잔구간,0.24,-0.505,2026-08-12
PAX,1.0,11.11,1237563,1295387,13.75,15.69,0.9,0.7,-1.5,중립,음봉,잔구간,0.17,-0.55,2026-08-12
PATH,1.0,15.26,66647962,64660545,1017.05,867.93,1.2,-2.6,-0.3,중립,팽이도지,잔구간,0.51,0.005,2026-08-12
PBR,1.0,17.76,15093610,14798031,268.06,284.16,0.9,-0.8,-0.1,매도주의,위꼬리음봉,전저점부근,0.06,-1.28,2026-08-12
PBYI,1.0,8.9,372143,376277,3.31,2.94,1.1,2.7,-1.2,중립,팽이도지,완만한상승,0.27,0.62,2026-08-12
NAD,1.0,11.75,583615,567063,6.86,6.99,1.0,0.3,-0.4,매도주의,장대음봉,잔구간,0.25,-1.15,2026-08-12
SG,1.0,5.82,7696510,7860934,44.79,44.18,1.0,2.0,5.8,매수관심,장대양봉,잔구간,0.77,1.16,2026-08-12
SABS,1.0,3.8,307681,304696,1.17,1.63,0.7,0.0,1.1,매수관심,양봉,완만한상승,0.77,1.92,2026-08-12
SB,1.0,7.46,553602,564911,4.13,5.89,0.7,0.5,1.2,중립,양봉,잔구간,0.8,0.53,2026-08-12
EVV,1.0,9.26,390482,407440,3.62,4.03,0.9,0.4,0.1,중립,위꼬리양봉,완만한상승,0.33,-0.3,2026-08-12
EGY,1.0,5.72,1321201,1300927,7.56,6.59,1.1,0.5,-1.7,매도주의,장대음봉,잔구간,0.13,-1.22,2026-08-12
ELDN,1.0,3.77,796310,788192,3.0,3.26,0.9,0.0,0.5,매수관심,팽이도지,완만한상승,0.7,1.14,2026-08-12
HAPN,1.0,19.49,1245648,1198303,24.28,27.88,0.9,1.1,0.3,중립,팽이도지,잔구간,0.66,0.095,2026-08-12
CIFR,1.0,17.87,34008032,34478790,607.72,738.45,0.8,7.9,-3.8,중립,음봉,잔구간,0.24,-0.505,2026-08-12
CIFG,1.0,5.428,618191,634288,3.36,3.2,1.0,16.2,-7.5,중립,음봉,잔구간,0.23,-0.51,2026-08-12
CHMI,1.0,2.89,621329,646061,1.8,2.38,0.8,-0.3,-0.3,매도주의,위꼬리음봉,잔구간,0.25,-0.9,2026-08-12
F,1.0,13.83,38326501,40128119,530.06,754.92,0.7,0.4,-1.4,매도주의,장대음봉,잔구간,0.14,-1.215,2026-08-12
DPRO,1.0,4.57,718816,689652,3.28,3.48,0.9,1.6,1.6,매수관심,양봉,완만한상승,0.73,1.88,2026-08-12
MRTN,1.0,14.96,660060,646901,9.87,11.48,0.9,0.1,3.0,매수관심,장대양봉,잔구간,0.85,1.21,2026-08-12
IRT,1.0,16.79,3272722,3212596,54.95,62.4,0.9,-0.4,1.3,강한매수,장대양봉,완만한상승,0.82,3.28,2026-08-12
MRLN,1.0,4.16,1142948,1106277,4.75,4.41,1.1,1.4,-6.9,매도주의,장대음봉,잔구간,0.16,-1.205,2026-08-12
BTDR,1.0,9.02,14650580,15160774,132.15,166.52,0.8,6.8,-2.8,중립,음봉,잔구간,0.17,-0.55,2026-08-12
NVOX,1.0,14.44,334370,321719,4.83,8.47,0.6,-5.0,2.0,중립,양봉,잔구간,0.87,0.57,2026-08-12
GDXY,1.0,11.14,696349,668560,7.76,6.35,1.2,2.5,-2.0,강한매도,장대음봉,전고점부근,0.15,-3.87,2026-08-12
TALK,1.0,5.24,1441968,1438895,7.56,10.55,0.7,0.0,0.0,강한매도,위꼬리양봉,전고점부근,0.0,-3.05,2026-08-12
SMR,1.0,9.59,28975259,28204067,277.87,273.19,1.0,-0.6,-2.5,중립,음봉,잔구간,0.39,-0.415,2026-08-12
LI,1.0,12.47,2633780,2547011,32.84,42.19,0.8,-0.3,-1.3,매도주의,장대음봉,잔구간,0.04,-1.275,2026-08-12
MBLY,1.0,8.8,3924536,3862174,34.54,41.74,0.8,0.6,-1.3,중립,음봉,잔구간,0.45,-0.38,2026-08-12
SPPP,1.0,14.28,774317,779755,11.06,9.94,1.1,1.6,-0.7,중립,음봉,완만한상승,0.15,-0.22,2026-08-12
LOMA,1.0,9.68,508100,483976,4.92,4.56,1.1,0.9,-3.3,강한매도,장대음봉,전저점이탈,0.09,-3.24,2026-08-12
KELYA,1.0,15.44,323337,329144,4.99,5.93,0.8,-1.1,1.2,강한매수,양봉,완만한상승,1.0,2.2,2026-08-12
INO,1.0,0.77,3142480,3185414,2.42,5.09,0.5,-0.7,1.2,매수관심,양봉,완만한상승,0.7,1.84,2026-08-12
CC,1.0,15.24,3914982,4048248,59.66,58.06,1.0,2.9,0.1,매수관심,팽이도지,완만한상승,0.42,0.8,2026-08-12
ODD,1.0,12.9,837702,850409,10.81,11.57,0.9,-0.2,3.6,중립,양봉,잔구간,0.79,0.525,2026-08-12
OI,1.0,6.75,3084054,2954098,20.82,29.47,0.7,-0.1,-5.5,강한매도,장대음봉,전저점이탈,0.08,-3.25,2026-08-12
TMC,1.0,4.47,4209388,4399678,18.82,19.65,1.0,0.9,-2.6,중립,음봉,잔구간,0.3,-0.47,2026-08-12
TETH,1.0,9.36,671122,678890,6.28,7.4,0.8,1.4,-1.6,매도주의,장대음봉,잔구간,0.03,-1.28,2026-08-12
KPTI,1.0,2.03,1836839,1879140,3.73,11.25,0.3,0.0,-3.3,중립,음봉,수횡파,0.2,-0.46,2026-08-12
MQ,1.0,15.68,1371071,1372942,21.5,23.42,0.9,-0.4,1.2,중립,양봉,잔구간,0.8,0.53,2026-08-12
MOMO,1.0,5.87,448707,467575,2.63,2.8,0.9,0.0,0.7,강한매수,양봉,완만한상승,0.86,2.03,2026-08-12
SKHZ,1.0,12.08,1759414,1724230,21.25,44.41,0.5,-6.3,-2.8,매도주의,음봉,전저점이탈,0.08,-1.95,2026-08-12
NG,1.0,7.87,5840467,5588288,45.96,34.63,1.3,1.8,0.6,강한매도,위꼬리양봉,전고점부근,0.34,-2.6399999999999997,2026-08-12
ARIS,1.0,17.75,2114889,2194191,37.54,30.81,1.2,2.2,0.2,중립,위꼬리양봉,전고점돌파,0.12,0.04,2026-08-12
SKDD,1.0,11.93,5036078,5139666,60.08,165.53,0.4,-12.8,-6.0,매도주의,음봉,전저점이탈,0.08,-1.95,2026-08-12
NZF,1.0,12.34,474019,484101,5.85,7.73,0.8,0.4,-0.2,매도주의,위꼬리음봉,완만한상승,0.18,-0.98,2026-08-12
ELPC,1.0,10.67,352080,355566,3.76,4.39,0.9,-0.9,-0.7,매도주의,음봉,전저점이탈,0.28,-1.71,2026-08-12
COUR,1.0,5.58,3959842,4018063,22.1,52.0,0.4,-1.6,-0.4,중립,팽이도지,잔구간,0.38,-0.07,2026-08-12
RDTL,1.0,14.17,568789,561249,8.06,21.65,0.4,1.9,-4.9,매도주의,장대음봉,잔구간,0.25,-1.15,2026-08-12
MUX,1.0,19.15,938870,982850,17.98,16.61,1.1,3.3,-3.2,매도주의,장대음봉,완만한상승,0.14,-1.53,2026-08-12
BSM,1.0,14.47,524838,509164,7.59,7.1,1.1,0.1,1.9,매수관심,장대양봉,잔구간,0.94,1.265,2026-08-12
ORGO,1.0,1.81,883563,902936,1.6,2.5,0.6,0.0,-4.2,중립,음봉,잔구간,0.29,-0.475,2026-08-12
BLSM,1.0,16.24,424258,418320,6.89,13.41,0.5,0.0,-1.7,중립,음봉,잔구간,0.1,-0.59,2026-08-12
OSG,1.0,4.66,659618,690230,3.07,2.75,1.1,-0.9,3.6,매수관심,장대양봉,잔구간,0.84,1.205,2026-08-12
BCSF,1.0,12.65,384852,398419,4.87,4.6,1.1,0.0,-1.5,중립,음봉,잔구간,0.38,-0.42,2026-08-12
WB,1.0,7.76,742353,712350,5.76,6.13,0.9,-1.0,-0.4,매도주의,팽이도지,전저점이탈,0.4,-0.87,2026-08-12
FMNB,1.0,16.15,401404,394620,6.48,6.4,1.0,0.1,0.5,중립,양봉,전고점부근,0.86,0.68,2026-08-12
XP,1.0,15.44,3831283,3672583,59.16,58.11,1.0,-0.1,-0.3,매도주의,위꼬리음봉,전저점부근,0.13,-1.19,2026-08-12
FLO,1.0,7.17,4804929,4757898,34.45,41.07,0.8,0.2,-0.1,강한매수,망치형,완만한상승,0.9,2.38,2026-08-12
TK,1.0,11.78,491826,506252,5.79,5.71,1.0,-1.0,5.3,강한매수,장대양봉,완만한상승,0.94,3.43,2026-08-12
TNYA,1.0,0.763,2136101,2211202,1.63,1.6,1.0,1.9,-0.3,중립,팽이도지,완만한상승,0.29,0.65,2026-08-12
TRIN,1.0,18.29,1198840,1252954,21.93,23.83,0.9,1.2,-0.6,중립,음봉,완만한상승,0.55,0.26,2026-08-12
CERT,1.0,8.01,3340763,3233589,26.76,36.02,0.7,0.0,-1.5,중립,음봉,잔구간,0.29,-0.475,2026-08-12
BSCV,1.0,16.285,351771,336029,5.73,5.9,1.0,0.3,-0.2,매도주의,장대음봉,완만한상승,0.12,-1.56,2026-08-12
ASTN,1.0,3.7,2057858,2095859,7.61,10.22,0.7,-2.5,-4.6,중립,음봉,전저점부근,0.23,-0.27,2026-08-12
RCEL,1.0,8.12,592443,611788,4.81,7.57,0.6,-2.0,1.0,중립,팽이도지,잔구간,0.73,0.14,2026-08-12
CLM,1.0,7.5,1318248,1276424,9.89,11.89,0.8,0.3,-0.9,매도주의,장대음봉,잔구간,0.0,-1.3,2026-08-12
SBH,1.0,16.57,1674621,1681884,27.75,27.38,1.0,-1.1,-0.5,중립,망치형,잔구간,0.74,0.645,2026-08-12
URG,1.0,1.35,6090937,6155993,8.22,8.89,0.9,0.7,-3.6,중립,음봉,잔구간,0.22,-0.52,2026-08-12
SGML,1.0,11.82,1637045,1665754,19.35,17.41,1.1,2.2,-2.3,중립,음봉,잔구간,0.4,-0.41,2026-08-12
BZAI,1.0,1.15,2510589,2603512,2.89,2.77,1.0,3.7,1.8,중립,양봉,전고점부근,0.83,0.65,2026-08-12
CRNC,1.0,8.64,805615,777466,6.96,6.37,1.1,1.3,1.2,중립,양봉,잔구간,0.94,0.615,2026-08-12
YMAG,1.0,11.29,657694,638083,7.43,9.46,0.8,-0.8,-1.0,매도주의,장대음봉,전저점부근,0.13,-1.69,2026-08-12
XRP,1.0,11.25,675814,704047,7.6,7.0,1.1,0.4,-1.0,매도주의,장대음봉,잔구간,0.08,-1.25,2026-08-12
UROY,1.0,4.09,2765795,2810125,11.31,13.24,0.9,0.7,-2.6,중립,음봉,잔구간,0.19,-0.535,2026-08-12
CSAN,1.0,2.56,1301430,1340944,3.33,3.88,0.9,0.4,-1.2,중립,음봉,전저점부근,0.56,0.12,2026-08-12
CABA,1.0,2.85,2806526,2758700,8.0,8.73,0.9,-1.7,3.9,강한매수,장대양봉,전고점돌파,0.84,3.91,2026-08-12
CYH,1.0,2.91,1157200,1215706,3.37,4.31,0.8,0.0,2.5,강한매수,양봉,완만한상승,0.84,2.01,2026-08-12
AIRO,1.0,8.49,351825,335147,2.99,2.49,1.2,1.4,-0.7,중립,팽이도지,완만한상승,0.31,0.67,2026-08-12
DHY,1.0,1.73,604918,588506,1.05,1.01,1.0,0.6,-1.7,매도주의,장대음봉,잔구간,0.0,-1.3,2026-08-12
DFDV,1.0,2.87,463531,447900,1.33,1.19,1.1,1.1,-0.3,중립,팽이도지,완만한상승,0.38,0.76,2026-08-12
YSS,1.0,11.04,4001219,3843208,44.17,41.15,1.1,0.9,3.2,매수관심,양봉,완만한상승,0.63,1.76,2026-08-12
WIT,1.0,1.95,4735176,4894959,9.23,12.17,0.8,-0.5,-0.5,중립,팽이도지,전저점이탈,0.55,-0.69,2026-08-12
WEST,1.0,8.27,376391,374550,3.11,3.7,0.8,1.6,-1.5,중립,음봉,완만한상승,0.41,0.09,2026-08-12
ALHC,1.0,13.52,6011993,5743311,81.28,110.66,0.7,0.0,2.4,매수관심,장대양봉,잔구간,0.67,1.1,2026-08-12
WU,1.0,7.14,8675025,8306357,61.94,125.05,0.5,-0.7,2.0,중립,양봉,잔구간,0.88,0.58,2026-08-12
VVR,0.9,2.97,523617,607779,1.56,1.74,0.9,-0.3,-0.3,중립,음봉,수횡파,0.0,-0.7,2026-08-12
AAPD,0.9,11.49,6123368,7037626,70.36,122.15,0.6,0.0,0.8,중립,양봉,잔구간,0.61,0.415,2026-08-12
PRGO,0.9,12.69,2361991,2565853,29.97,40.72,0.7,-2.1,0.9,매수관심,양봉스프링,잔구간,0.88,0.98,2026-08-12
BBBY,0.9,4.23,2939783,3250585,12.44,15.39,0.8,0.2,-1.2,중립,팽이도지,전저점부근,0.25,0.45,2026-08-12
AIV,0.9,2.61,756703,849457,1.97,2.15,0.9,1.5,-0.8,중립,음봉,잔구간,0.5,-0.35,2026-08-12
ALLO,0.9,2.07,4577716,4982344,9.48,12.15,0.8,0.5,-2.8,매도주의,장대음봉,잔구간,0.25,-1.15,2026-08-12
VYGR,0.9,3.2,376086,425042,1.2,1.45,0.8,-0.3,0.3,중립,팽이도지,완만한상승,0.41,0.79,2026-08-12
CVRX,0.9,2.73,1372273,1589231,3.75,5.73,0.7,-1.9,7.1,강한매수,장대양봉,완만한상승,0.96,3.45,2026-08-12
CXM,0.9,6.74,2120354,2288764,14.29,18.27,0.8,-2.0,0.1,중립,팽이도지,잔구간,0.42,-0.05,2026-08-12
YMM,0.9,9.27,5764694,6218380,53.44,59.03,0.9,-1.2,0.3,중립,팽이도지,전저점이탈,0.56,-0.68,2026-08-12
AIBZ,0.9,6.24,347100,366991,2.17,2.87,0.8,-1.3,2.0,강한매수,양봉,완만한상승,1.0,2.2,2026-08-12
UNG,0.9,10.2,8935202,9763161,91.14,90.98,1.0,1.8,-0.5,중립,음봉,잔구간,0.23,-0.51,2026-08-12
UTZ,0.9,14.13,2413244,2686473,34.1,42.27,0.8,0.1,0.1,매수관심,양봉,완만한상승,0.33,1.4,2026-08-12
VATE,0.9,7.67,392141,421855,3.01,19.95,0.2,0.1,2.3,매수관심,양봉,완만한상승,0.48,1.58,2026-08-12
SHO,0.9,10.8,2748673,2902420,29.69,30.33,1.0,-0.3,1.8,매수관심,장대양봉,잔구간,0.86,1.215,2026-08-12
SHOE,0.9,15.47,335506,383551,5.19,7.94,0.7,-0.8,-1.1,중립,음봉,수횡파,0.56,-0.03,2026-08-12
BCRX,0.9,10.59,3865676,4213929,40.94,34.87,1.2,-0.1,2.5,중립,양봉,전고점부근,0.84,0.66,2026-08-12
BDJ,0.9,9.89,419579,447302,4.15,4.75,0.9,-0.1,-0.2,중립,음봉,잔구간,0.39,-0.415,2026-08-12
BDTX,0.9,2.1,645616,706568,1.36,1.21,1.1,1.4,-0.9,중립,망치형,전고점부근,0.67,0.75,2026-08-12
XHR,0.9,18.8,645581,725587,12.14,17.66,0.7,-0.4,1.2,매수관심,장대양봉,잔구간,0.7,1.12,2026-08-12
XIFR,0.9,11.48,572260,671740,6.57,12.08,0.5,0.9,-0.6,중립,음봉,잔구간,0.46,-0.375,2026-08-12
ACI,0.9,12.01,6081973,7145215,73.04,106.87,0.7,-1.6,-0.4,중립,팽이도지,잔구간,0.31,-0.115,2026-08-12
XNDU,0.9,10.62,812071,944669,8.62,10.56,0.8,1.5,1.1,중립,양봉,잔구간,0.84,0.555,2026-08-12
XPER,0.9,6.59,536453,625845,3.54,3.87,0.9,0.0,-0.5,강한매수,망치형,전저점부근,0.63,2.91,2026-08-12
XPEV,0.9,11.75,5318597,6172698,62.49,83.36,0.7,-1.3,0.3,중립,팽이도지,잔구간,0.43,-0.04,2026-08-12
XPRO,0.9,18.41,781879,882124,14.39,13.8,1.0,0.1,0.8,중립,양봉,전고점부근,0.7,0.49,2026-08-12
ACTG,0.9,4.66,356556,395332,1.66,1.48,1.1,0.0,0.9,중립,양봉,잔구간,0.75,0.5,2026-08-12
TKC,0.9,5.45,1292043,1510827,7.04,15.32,0.5,0.9,-0.4,중립,음봉,완만한상승,0.29,-0.05,2026-08-12
FMC,0.9,10.24,2939840,3167499,30.1,50.12,0.6,0.4,-2.0,중립,음봉,잔구간,0.43,-0.39,2026-08-12
ATOM,0.9,5.53,454147,485984,2.51,3.44,0.7,4.1,-4.7,매도주의,장대음봉,잔구간,0.19,-1.185,2026-08-12
SOLZ,0.9,7.57,1005724,1161265,7.61,7.25,1.0,1.2,-0.9,매도주의,장대음봉,완만한상승,0.36,-1.27,2026-08-12
LRMR,0.9,4.37,1180764,1338918,5.16,4.84,1.1,0.0,1.4,중립,양봉,전고점부근,0.76,0.56,2026-08-12
LSPD,0.9,10.46,525444,600972,5.5,10.73,0.5,-0.3,0.2,매수관심,양봉스프링,잔구간,0.91,0.995,2026-08-12
LTRX,0.9,6.17,587049,651093,3.62,3.64,1.0,1.7,2.7,중립,양봉,전고점부근,0.77,0.57,2026-08-12
MULL,0.9,19.92,6361878,7409698,126.73,163.2,0.8,10.4,-0.4,중립,팽이도지,완만한상승,0.31,0.67,2026-08-12
MUZ,0.9,10.76,9460968,10717353,101.8,187.77,0.5,-10.3,0.6,중립,팽이도지,잔구간,0.69,0.115,2026-08-12
MSDL,0.9,15.26,367843,424863,5.61,7.68,0.7,-0.1,-0.5,중립,음봉,잔구간,0.28,-0.48,2026-08-12
MSTX,0.9,8.19,5300353,5592361,43.41,55.67,0.8,2.1,-4.7,매도주의,장대음봉,잔구간,0.09,-1.245,2026-08-12
MPLT,0.9,11.38,478523,514728,5.45,16.34,0.3,1.4,-6.3,매도주의,장대음봉,잔구간,0.06,-1.265,2026-08-12
CLF,0.9,12.25,13268635,14829490,162.54,225.69,0.7,1.1,-2.4,중립,음봉,잔구간,0.43,-0.39,2026-08-12
CNH,0.9,10.73,14314709,15884793,153.6,187.92,0.8,0.4,0.6,강한매수,양봉스프링,완만한상승,0.87,2.84,2026-08-12
CLOV,0.9,4.54,4759032,5044350,21.61,23.36,0.9,-0.5,3.9,매수관심,장대양봉,잔구간,1.0,1.3,2026-08-12
QDEL,0.9,14.83,1953334,2122594,28.97,28.31,1.0,-1.5,7.6,매수관심,장대양봉,잔구간,0.92,1.25,2026-08-12
RCAT,0.9,10.32,9992974,10971256,103.13,92.51,1.1,2.1,-5.1,매도주의,장대음봉,잔구간,0.21,-1.175,2026-08-12
QUAD,0.9,9.84,403383,470706,3.97,5.71,0.7,0.1,1.0,중립,양봉,잔구간,0.72,0.48,2026-08-12
QUBT,0.9,8.92,7844005,9005176,69.97,77.82,0.9,2.2,-2.5,중립,음봉,잔구간,0.31,-0.465,2026-08-12
RDY,0.9,12.39,2217546,2546493,27.48,31.02,0.9,-0.9,0.4,중립,양봉,잔구간,0.68,0.46,2026-08-12
AVS,0.9,7.064,11124645,12869569,78.59,111.76,0.7,-2.5,2.7,매수관심,장대양봉,잔구간,0.92,1.25,2026-08-12
PMT,0.9,9.48,948876,1077286,9.0,13.63,0.7,0.6,-0.3,중립,팽이도지,완만한상승,0.33,0.7,2026-08-12
BSCT,0.9,18.55,401892,443830,7.46,9.06,0.8,0.2,-0.1,매도주의,장대음봉,완만한상승,0.0,-1.7,2026-08-12
BMNU,0.9,10.8,2608988,2916185,28.18,33.17,0.8,2.3,-4.7,매도주의,장대음봉,잔구간,0.11,-1.235,2026-08-12
BSOL,0.9,10.36,1673409,1922150,17.34,19.53,0.9,1.3,-1.0,매도주의,장대음봉,완만한상승,0.39,-1.23,2026-08-12
ORIC,0.9,13.75,1147119,1319404,15.77,23.95,0.7,-0.1,0.2,매수관심,팽이도지,완만한상승,0.56,0.97,2026-08-12
NU,0.9,13.56,45797388,53640677,621.01,720.24,0.9,0.8,-1.5,중립,음봉,잔구간,0.38,-0.42,2026-08-12
OTF,0.9,11.51,2872039,3362408,33.06,35.85,0.9,-0.0,-1.8,중립,음봉,잔구간,0.22,-0.52,2026-08-12
NUS,0.9,4.85,655368,726052,3.18,3.46,0.9,-1.0,0.6,중립,위꼬리양봉,잔구간,0.09,-0.745,2026-08-12
TSLT,0.9,11.23,1791437,1941757,20.12,26.35,0.8,1.3,-4.3,매도주의,장대음봉,잔구간,0.33,-1.1,2026-08-12
TSLZ,0.9,15.44,986008,1132911,15.22,21.06,0.7,-1.4,4.7,매수관심,장대양봉,잔구간,0.67,1.1,2026-08-12
UGP,0.9,5.85,2571055,2915337,15.04,18.51,0.8,-0.8,-1.0,매도주의,음봉,전저점이탈,0.12,-1.91,2026-08-12
UIS,0.9,2.83,606823,712936,1.72,2.59,0.7,0.4,0.4,중립,팽이도지,잔구간,0.46,-0.025,2026-08-12
GCMG,0.9,13.92,380766,445033,5.3,6.27,0.8,0.6,-1.1,중립,음봉,잔구간,0.58,-0.3,2026-08-12
GCTS,0.9,2.17,2874022,3150164,6.24,6.51,1.0,7.8,-1.4,매수관심,팽이도지,완만한상승,0.44,0.83,2026-08-12
GOGO,0.9,2.83,1972704,2185521,5.58,7.45,0.7,2.1,-4.1,매도주의,장대음봉,전저점부근,0.35,-1.43,2026-08-12
SVRA,0.9,5.7,1175071,1312784,6.7,7.39,0.9,6.1,-3.6,매도주의,장대음봉,완만한상승,0.36,-1.27,2026-08-12
LZ,0.9,5.43,3461095,3851992,18.79,25.36,0.7,-2.7,2.5,강한매수,장대양봉,전저점부근,0.9,4.23,2026-08-12
KYN,0.9,14.76,316878,367559,4.68,4.53,1.0,0.0,0.8,중립,양봉,전고점부근,0.59,0.36,2026-08-12
LABD,0.9,7.28,10973092,11721328,79.88,91.15,0.9,-0.5,-2.2,중립,음봉,전저점부근,0.2,-0.31,2026-08-12
LABX,0.9,13.36,1351085,1546721,18.05,25.4,0.7,14.6,-8.4,매도주의,장대음봉,완만한상승,0.06,-1.63,2026-08-12
LBGJ,0.9,3.13,399046,430850,1.25,5.86,0.2,0.3,1.0,중립,팽이도지,잔구간,0.46,-0.025,2026-08-12
LBTYA,0.9,10.42,2102737,2442175,21.91,28.0,0.8,0.1,2.2,강한매수,장대양봉,완만한상승,0.98,3.48,2026-08-12
LADR,0.9,9.86,1243249,1322036,12.26,13.68,0.9,-0.3,-0.3,매도주의,위꼬리음봉,잔구간,0.1,-0.99,2026-08-12
LAES,0.9,2.66,7071622,8103308,18.81,30.31,0.6,2.4,1.9,강한매수,양봉,전고점돌파,0.69,2.43,2026-08-12
GRAB,0.9,3.61,36625015,40899234,132.22,191.67,0.7,0.5,-4.0,매도주의,장대음봉,잔구간,0.11,-1.235,2026-08-12
TDOC,0.9,6.71,4092322,4680380,27.46,55.61,0.5,0.3,-1.8,중립,음봉,잔구간,0.57,-0.31,2026-08-12
TE,0.9,4.9,43047667,47737490,210.93,238.06,0.9,4.2,-14.0,매도주의,장대음봉,잔구간,0.02,-1.29,2026-08-12
TGB,0.9,8.73,6854102,7669497,59.84,60.14,1.0,1.7,-2.7,매도주의,장대음봉,잔구간,0.1,-1.24,2026-08-12
TMQ,0.9,3.76,1426076,1627837,5.36,5.04,1.1,0.5,-4.8,매도주의,장대음봉,잔구간,0.08,-1.25,2026-08-12
HE,0.9,11.93,1741155,1980270,20.77,26.75,0.8,0.7,0.0,중립,팽이도지,잔구간,0.33,-0.1,2026-08-12
OFRM,0.9,17.45,595390,654808,10.39,9.27,1.1,-1.2,5.8,매수관심,양봉,완만한상승,0.75,1.9,2026-08-12
OGG,0.9,2.78,1727094,1969635,4.8,4.92,1.0,1.8,0.4,매수관심,팽이도지,완만한상승,0.62,1.04,2026-08-12
CCCC,0.9,3.9,1956862,2241754,7.63,8.36,0.9,2.1,-1.3,중립,음봉,완만한상승,0.44,0.13,2026-08-12
LILA,0.9,8.65,551753,633532,4.77,5.53,0.9,3.2,-2.1,중립,음봉,완만한상승,0.4,0.08,2026-08-12
CATX,0.9,3.26,1185900,1375801,3.87,3.49,1.1,0.0,2.5,강한매수,양봉,전고점돌파,0.89,2.67,2026-08-12
CCC,0.9,6.97,7088914,8167777,49.41,66.79,0.7,-1.9,3.4,강한매수,장대양봉,완만한상승,0.91,3.39,2026-08-12
KD,0.9,13.08,3731955,4306924,48.81,68.71,0.7,-1.3,-0.8,중립,망치형,잔구간,0.64,0.585,2026-08-12
KODK,0.9,10.13,888261,983871,9.0,10.15,0.9,1.1,-0.6,강한매수,망치형,완만한상승,0.68,2.12,2026-08-12
JBLU,0.9,5.78,21067562,23205014,121.77,208.47,0.6,1.4,-1.9,매도주의,장대음봉,잔구간,0.0,-1.3,2026-08-12
KRO,0.9,7.86,458497,510339,3.6,4.49,0.8,-0.8,-5.3,매도주의,장대음봉,잔구간,0.14,-1.215,2026-08-12
CFFN,0.9,8.88,682789,757013,6.06,8.73,0.7,0.6,0.2,중립,팽이도지,잔구간,0.47,-0.02,2026-08-12
CCUP,0.9,1.79,5828207,6169108,10.43,8.26,1.3,2.5,-1.6,강한매수,망치형,완만한상승,0.75,2.2,2026-08-12
GBTG,0.9,9.44,1058265,1194119,9.99,14.6,0.7,0.0,0.0,중립,위꼬리양봉,완만한상승,0.0,-0.7,2026-08-12
TTI,0.9,8.74,1605118,1693499,14.03,15.92,0.9,1.8,-2.7,중립,음봉,잔구간,0.25,-0.5,2026-08-12
FWRD,0.9,19.49,631492,676525,12.31,12.16,1.0,1.3,3.5,강한매수,장대양봉,완만한상승,0.69,3.13,2026-08-12
FDMT,0.9,11.87,430295,465985,5.11,5.68,0.9,0.3,3.2,강한매수,장대양봉,전고점돌파,0.96,4.05,2026-08-12
SKHX,0.9,12.77,3808551,4339846,48.64,94.1,0.5,12.7,4.8,중립,양봉,잔구간,0.93,0.61,2026-08-12
MORT,0.9,9.89,903204,1041260,8.93,10.23,0.9,0.4,-0.6,중립,음봉,잔구간,0.0,-0.65,2026-08-12
MRVI,0.9,5.78,1739327,1925751,10.05,12.18,0.8,-0.5,0.0,중립,팽이도지,잔구간,0.46,-0.025,2026-08-12
EMBC,0.9,4.75,1651179,1893830,7.84,8.59,0.9,2.3,-4.8,매도주의,장대음봉,잔구간,0.32,-1.11,2026-08-12
ENTX,0.9,2.8,410047,437959,1.15,2.4,0.5,1.0,-7.6,매도주의,장대음봉,잔구간,0.18,-1.19,2026-08-12
ETHU,0.9,15.68,3216668,3447150,50.44,67.29,0.7,2.9,-3.0,매도주의,장대음봉,잔구간,0.06,-1.265,2026-08-12
PHK,0.9,4.69,541977,594073,2.54,3.06,0.8,0.2,-0.2,매도주의,위꼬리음봉,완만한상승,0.14,-1.03,2026-08-12
BUYW,0.9,14.63,343229,373838,5.02,5.78,0.9,0.1,0.1,강한매수,양봉스프링,전고점돌파,1.0,3.6,2026-08-12
SUPV,0.9,8.28,504044,567680,4.17,5.55,0.8,1.2,-2.2,매도주의,장대음봉,전저점부근,0.21,-1.6,2026-08-12
SVC,0.9,8.48,1591272,1711823,13.49,15.08,0.9,0.7,3.5,강한매수,장대양봉,완만한상승,0.92,3.4,2026-08-12
RGTX,0.9,14.41,663675,716368,9.56,9.22,1.0,5.4,-1.7,강한매수,망치형,전고점돌파,0.72,2.76,2026-08-12
RYAM,0.9,8.3,993712,1102073,8.25,10.68,0.8,1.4,-6.1,강한매도,장대음봉,전저점이탈,0.02,-3.33,2026-08-12
AMPL,0.9,12.38,2384891,2602328,29.52,26.56,1.1,-2.1,-0.3,중립,팽이도지,잔구간,0.32,-0.11,2026-08-12
GRNT,0.9,5.11,613073,717795,3.13,3.69,0.8,-1.0,-0.4,중립,망치형,잔구간,0.53,0.52,2026-08-12
GT,0.9,6.04,9170240,10035764,55.39,63.59,0.9,0.7,-1.5,중립,음봉,전저점부근,0.47,0.01,2026-08-12
IPSC,0.9,1.96,530612,558568,1.04,1.27,0.8,1.0,-5.8,매도주의,장대음봉,잔구간,0.0,-1.3,2026-08-12
CION,0.9,7.43,720684,758854,5.35,5.58,1.0,0.0,-0.5,중립,망치형,잔구간,0.75,0.65,2026-08-12
CAL,0.9,13.55,477543,528808,6.47,7.8,0.8,-0.4,-3.9,매도주의,장대음봉,잔구간,0.04,-1.275,2026-08-12
IMSR,0.9,5.81,1176355,1357622,6.83,11.61,0.6,3.2,-0.7,매수관심,팽이도지,완만한상승,0.49,0.89,2026-08-12
INFY,0.9,12.28,16074682,17549092,197.4,268.98,0.7,-2.1,-0.5,중립,망치형,잔구간,0.58,0.55,2026-08-12
HTGC,0.9,16.6,1621718,1724393,26.92,30.94,0.9,-0.1,-0.4,중립,음봉,잔구간,0.39,-0.415,2026-08-12
SPCH,0.9,9.88,55089384,61748016,544.28,336.92,1.6,2.5,16.4,강한매수,장대양봉,전고점돌파,0.79,3.85,2026-08-12
STLA,0.9,5.35,16350221,18684780,87.47,146.29,0.6,0.0,-1.8,강한매도,장대음봉,전저점이탈,0.29,-3.0,2026-08-12
HLX,0.9,10.11,1423742,1660317,14.39,16.0,0.9,-0.3,-0.5,중립,음봉,잔구간,0.53,-0.33,2026-08-12
AXTX,0.9,11.14,13077652,15161499,145.69,145.03,1.0,25.9,-10.4,중립,음봉,완만한상승,0.5,0.2,2026-08-12
AVO,0.9,12.74,745428,840104,9.5,11.55,0.8,-0.1,-1.2,중립,음봉,잔구간,0.22,-0.52,2026-08-12
PCT,0.9,7.17,4120770,4706774,29.55,33.89,0.9,2.9,-8.9,매도주의,장대음봉,잔구간,0.03,-1.28,2026-08-12
PAR,0.9,17.91,837317,898367,15.0,17.74,0.8,-1.5,4.3,강한매수,양봉,완만한상승,0.83,2.0,2026-08-12
EVH,0.9,4.17,3662611,4262481,15.27,14.89,1.0,0.0,1.7,중립,위꼬리양봉,완만한상승,0.39,-0.23,2026-08-12
EARN,0.9,4.35,308336,326039,1.34,2.07,0.6,0.2,-0.5,중립,음봉,잔구간,0.6,-0.29,2026-08-12
DQ,0.9,14.6,1012475,1150037,14.78,15.24,1.0,2.8,-2.3,중립,음봉,잔구간,0.28,-0.48,2026-08-12
DRVN,0.9,12.45,723078,768609,9.0,10.11,0.9,0.0,0.9,중립,양봉,잔구간,0.85,0.56,2026-08-12
DSL,0.9,10.74,427321,461270,4.59,4.9,0.9,0.6,-0.5,매도주의,장대음봉,완만한상승,0.25,-1.4,2026-08-12
EDIT,0.9,2.84,1629923,1801929,4.63,4.56,1.0,0.3,-4.1,중립,음봉,잔구간,0.1,-0.59,2026-08-12
NAT,0.9,6.44,2353238,2591796,15.15,19.5,0.8,0.6,3.7,매수관심,장대양봉,잔구간,0.94,1.265,2026-08-12
BITU,0.9,9.14,2921311,3192081,26.7,33.83,0.8,1.3,-1.7,매도주의,장대음봉,잔구간,0.13,-1.22,2026-08-12
BITX,0.9,11.77,6479895,6902228,76.27,88.51,0.9,1.4,-1.8,매도주의,장대음봉,잔구간,0.16,-1.205,2026-08-12
NCNO,0.9,19.0,1449185,1671976,27.53,35.86,0.8,-1.3,0.5,중립,팽이도지,잔구간,0.67,0.1,2026-08-12
NEXT,0.9,6.76,2032476,2301245,13.74,18.04,0.8,-0.4,0.6,중립,위꼬리양봉,잔구간,0.35,-0.59,2026-08-12
SD,0.9,14.27,309125,361774,4.41,4.49,1.0,-1.1,0.8,중립,양봉,잔구간,0.7,0.47,2026-08-12
PPLT,0.9,15.94,2321967,2712083,37.01,38.95,1.0,2.3,-1.2,매도주의,장대음봉,완만한상승,0.13,-1.54,2026-08-12
QNME,0.9,0.563,2118615,2446272,1.19,22.33,0.1,-6.1,16.0,매수관심,장대양봉,잔구간,0.71,1.125,2026-08-12
PUBM,0.9,17.18,805791,892555,13.84,14.84,0.9,-0.8,-1.8,중립,음봉,잔구간,0.15,-0.56,2026-08-12
PURR,0.9,6.75,5400502,5829438,36.45,44.42,0.8,3.2,-0.4,중립,팽이도지,완만한상승,0.31,0.67,2026-08-12
AG,0.9,19.16,10246653,11037156,196.33,202.14,1.0,4.3,-3.1,매도주의,장대음봉,전고점돌파,0.23,-0.82,2026-08-12
CRCD,0.9,4.425,858735,932318,3.8,6.43,0.6,-2.9,2.2,중립,위꼬리양봉,잔구간,0.28,-0.63,2026-08-12
ADTN,0.9,8.16,2081196,2387788,16.98,26.46,0.6,4.0,1.1,매수관심,양봉,완만한상승,0.56,1.67,2026-08-12
CRDL,0.9,1.52,790972,928833,1.2,1.31,0.9,0.7,0.7,강한매수,양봉스프링,완만한상승,1.0,3.0,2026-08-12
ZENA,0.9,1.9,6241831,6920945,11.86,14.51,0.8,1.1,3.3,중립,양봉,전고점부근,0.76,0.56,2026-08-12
CPRI,0.8,15.55,4090848,5059494,63.61,68.06,0.9,-1.3,1.2,중립,양봉,잔구간,0.63,0.43,2026-08-12
ZNTL,0.8,4.29,559030,745245,2.4,3.85,0.6,0.5,3.9,강한매수,장대양봉,완만한상승,0.91,3.39,2026-08-12
XRX,0.8,3.14,1729019,2287688,5.43,21.08,0.3,0.3,-2.8,중립,음봉,잔구간,0.44,-0.385,2026-08-12
DEI,0.8,11.66,1749352,2271064,20.4,24.72,0.8,0.8,0.7,중립,양봉,잔구간,0.91,0.595,2026-08-12
CWH,0.8,6.38,1425040,1853490,9.09,14.61,0.6,-0.2,0.8,중립,팽이도지,잔구간,0.74,0.145,2026-08-12
CX,0.8,11.24,7892796,10194339,88.72,94.84,0.9,0.9,-0.4,중립,음봉,잔구간,0.44,-0.385,2026-08-12
WLTH,0.8,9.37,760984,948853,7.13,8.54,0.8,-0.8,-1.6,중립,음봉,잔구간,0.18,-0.54,2026-08-12
VYX,0.8,8.14,1927640,2545265,15.69,19.82,0.8,-0.6,1.8,강한매수,양봉,완만한상승,0.91,2.09,2026-08-12
ALEC,0.8,2.15,786196,1026314,1.69,2.94,0.6,-1.4,4.4,강한매수,양봉,전고점돌파,0.84,2.61,2026-08-12
NSLR,0.8,10.84,315163,416848,3.42,3.33,1.0,1.5,0.4,매수관심,팽이도지,완만한상승,0.49,0.89,2026-08-12
SHC,0.8,18.89,2519209,3331735,47.59,56.0,0.8,-0.3,-0.8,중립,음봉,잔구간,0.45,-0.38,2026-08-12
SHEN,0.8,13.03,317805,415251,4.14,7.41,0.6,4.1,-6.4,매도주의,장대음봉,잔구간,0.05,-1.27,2026-08-12
SHLS,0.8,8.34,4472633,5479382,37.3,57.02,0.7,2.6,-6.9,매도주의,장대음봉,잔구간,0.21,-1.175,2026-08-12
SHNY,0.8,10.1,923426,1146939,9.33,8.65,1.1,2.9,-0.4,중립,팽이도지,전고점부근,0.38,-0.59,2026-08-12
SIBN,0.8,19.0,329281,425531,6.26,10.32,0.6,-1.2,2.3,매수관심,양봉,완만한상승,0.82,1.98,2026-08-12
SFL,0.8,11.82,948139,1219882,11.21,15.4,0.7,0.0,2.3,매수관심,장대양봉,잔구간,0.98,1.29,2026-08-12
SGHC,0.8,12.81,1883553,2443395,24.13,35.6,0.7,-0.2,-1.0,중립,음봉,전저점부근,0.21,-0.3,2026-08-12
SANA,0.8,3.77,1819577,2336846,6.86,8.0,0.9,0.0,-0.5,중립,팽이도지,잔구간,0.33,-0.1,2026-08-12
SATL,0.8,5.98,6657991,8263047,39.81,34.23,1.2,0.0,4.0,강한매수,장대양봉,전고점부근,1.0,2.15,2026-08-12
NMAX,0.8,8.86,449948,598791,3.99,5.37,0.7,-0.1,1.6,강한매수,양봉,완만한상승,0.96,2.15,2026-08-12
NFGC,0.8,1.65,1261293,1625158,2.08,2.31,0.9,1.8,-2.4,매도주의,장대음봉,잔구간,0.09,-1.245,2026-08-12
NB,0.8,5.22,3856351,4887163,20.13,23.6,0.9,1.1,-3.7,매도주의,장대음봉,잔구간,0.06,-1.265,2026-08-12
NCT,0.8,3.57,885575,1153007,3.16,4.27,0.7,-0.3,-0.6,매도주의,위꼬리음봉,수횡파,0.1,-1.38,2026-08-12
BITO,0.8,8.55,55869992,66941256,477.69,682.08,0.7,0.7,-0.9,매도주의,장대음봉,잔구간,0.17,-1.2,2026-08-12
BIZD,0.8,13.29,2433826,3087737,32.35,40.51,0.8,0.3,-0.8,매도주의,장대음봉,잔구간,0.35,-1.09,2026-08-12
NRXP,0.8,3.36,927898,1211829,3.12,5.28,0.6,0.0,-1.2,중립,팽이도지,잔구간,0.33,-0.1,2026-08-12
MNTS,0.8,4.86,1157220,1434021,5.62,6.41,0.9,0.4,0.6,매수관심,팽이도지,완만한상승,0.67,1.1,2026-08-12
ASAN,0.8,8.99,3109443,4044656,27.95,43.38,0.6,-2.5,-0.3,중립,팽이도지,잔구간,0.48,-0.01,2026-08-12
ASC,0.8,16.67,453434,564354,7.56,10.47,0.7,-1.0,3.9,매수관심,장대양봉,잔구간,0.83,1.2,2026-08-12
ASPN,0.8,6.15,1044743,1235202,6.43,15.84,0.4,2.6,-2.4,중립,음봉,완만한상승,0.38,0.06,2026-08-12
ARCC,0.8,19.87,3678049,4695046,73.08,93.72,0.8,0.0,-0.5,중립,음봉,잔구간,0.55,-0.32,2026-08-12
NIO,0.8,4.54,21016634,25544155,95.42,132.09,0.7,-1.1,-0.7,중립,음봉,잔구간,0.14,-0.565,2026-08-12
OABI,0.8,3.42,794029,947048,2.72,2.37,1.1,0.3,0.9,매수관심,팽이도지,완만한상승,0.53,0.94,2026-08-12
OBE,0.8,10.41,553252,720725,5.76,7.97,0.7,-1.4,-0.8,매도주의,위꼬리음봉,잔구간,0.0,-1.05,2026-08-12
OCFC,0.8,19.15,792057,956350,15.17,19.01,0.8,0.1,0.3,매수관심,팽이도지,완만한상승,0.57,0.98,2026-08-12
NVDY,0.8,13.06,1613470,1983920,21.07,24.81,0.8,1.1,1.4,매수관심,장대양봉,전고점부근,0.86,1.98,2026-08-12
BLDP,0.8,2.62,3126134,3767749,8.19,12.93,0.6,3.1,-2.2,매도주의,장대음봉,완만한상승,0.13,-1.54,2026-08-12
BLMN,0.8,11.39,1567642,1982539,17.86,30.22,0.6,1.1,1.3,강한매수,양봉스프링,완만한상승,0.93,2.92,2026-08-12
OSS,0.8,13.35,747949,896371,9.99,14.17,0.7,3.2,1.7,매수관심,양봉,완만한상승,0.57,1.68,2026-08-12
ORC,0.8,6.62,3842685,4584365,25.44,35.21,0.7,0.5,0.3,강한매수,양봉,전고점돌파,0.42,2.1,2026-08-12
BTAL,0.8,11.93,496532,635627,5.92,10.72,0.6,-1.0,1.2,강한매수,장대양봉,완만한상승,1.0,3.5,2026-08-12
BTCZ,0.8,5.58,8427596,10158329,47.03,59.22,0.8,-1.4,1.9,강한매수,장대양봉,완만한상승,0.87,3.34,2026-08-12
BRBR,0.8,10.85,3150953,4197486,34.19,63.78,0.5,-2.3,-3.8,중립,음봉,잔구간,0.2,-0.53,2026-08-12
BSCR,0.8,19.645,382152,507468,7.51,11.05,0.7,0.1,-0.0,매수관심,음봉,전고점돌파,0.5,0.8,2026-08-12
BMNR,0.8,17.89,21885160,28186616,391.53,512.0,0.8,1.5,-2.6,매도주의,장대음봉,잔구간,0.09,-1.245,2026-08-12
BOBS,0.8,18.35,1316564,1676470,24.16,25.76,0.9,-0.1,0.1,매수관심,팽이도지,완만한상승,0.63,1.06,2026-08-12
MFA,0.8,9.15,1202579,1576099,11.0,15.75,0.7,0.2,-0.5,중립,음봉,잔구간,0.23,-0.51,2026-08-12
MGNX,0.8,4.02,339281,422893,1.36,1.8,0.8,2.0,0.5,매수관심,팽이도지,완만한상승,0.48,0.88,2026-08-12
MSTZ,0.8,11.41,5319123,6773544,60.69,93.03,0.7,-2.4,5.2,강한매수,장대양봉,완만한상승,0.93,3.42,2026-08-12
LXU,0.8,9.87,797342,1008216,7.87,11.42,0.7,-1.0,-0.2,중립,팽이도지,잔구간,0.5,0.0,2026-08-12
SOFI,0.8,17.94,37161801,48496772,666.68,1210.83,0.6,2.2,-2.3,중립,음봉,잔구간,0.39,-0.415,2026-08-12
SNAP,0.8,5.2,30603473,38121706,159.14,251.72,0.6,-0.7,-4.9,매도주의,장대음봉,잔구간,0.03,-1.28,2026-08-12
SNDG,0.8,6.88,5893465,7200604,40.55,53.87,0.8,12.9,-1.9,매수관심,팽이도지,완만한상승,0.42,0.8,2026-08-12
SNDL,0.8,1.26,1389440,1697070,1.75,2.58,0.7,-3.1,0.0,중립,위꼬리양봉,잔구간,0.2,-0.68,2026-08-12
SNDX,0.8,19.8,1069456,1362155,21.18,31.46,0.7,-0.1,-2.3,중립,음봉,잔구간,0.11,-0.585,2026-08-12
ASTX,0.8,16.62,3585857,4675641,59.6,65.71,0.9,2.6,4.2,중립,양봉,전고점부근,0.76,0.56,2026-08-12
SLDB,0.8,9.065,744824,910862,6.75,7.63,0.9,0.9,1.5,매수관심,양봉,완만한상승,0.72,1.86,2026-08-12
LBTYK,0.8,10.13,1117201,1328443,11.32,16.02,0.7,-0.6,2.1,매수관심,장대양봉,잔구간,0.84,1.205,2026-08-12
LEG,0.8,9.42,1489914,1778200,14.03,18.24,0.8,-1.0,-0.1,중립,팽이도지,잔구간,0.48,-0.01,2026-08-12
MAT,0.8,14.65,3154776,3763464,46.22,61.6,0.8,-1.3,-1.3,중립,음봉,잔구간,0.1,-0.59,2026-08-12
JOBY,0.8,7.96,28142219,36940318,224.01,282.76,0.8,0.5,-5.9,매도주의,장대음봉,잔구간,0.04,-1.275,2026-08-12
KBDC,0.8,13.6,303228,392841,4.12,5.54,0.7,0.4,-1.5,매도주의,장대음봉,잔구간,0.15,-1.21,2026-08-12
LOCO,0.8,15.2,305883,369588,4.65,4.83,1.0,0.9,1.5,중립,양봉,잔구간,0.64,0.435,2026-08-12
OMAH,0.8,18.48,1493288,1768514,27.6,28.51,1.0,0.3,-0.4,중립,음봉,전저점부근,0.52,0.07,2026-08-12
OEC,0.8,6.44,378369,481964,2.44,3.24,0.8,1.2,-4.6,매도주의,장대음봉,잔구간,0.14,-1.215,2026-08-12
OIS,0.8,8.88,548992,707277,4.88,6.36,0.8,0.1,0.6,중립,팽이도지,잔구간,0.56,0.035,2026-08-12
OKLL,0.8,3.18,12635848,15143857,40.18,46.6,0.9,2.9,-10.9,매도주의,장대음봉,잔구간,0.1,-1.24,2026-08-12
RWT,0.8,4.71,1256353,1492087,5.92,9.38,0.6,0.9,-0.2,중립,팽이도지,완만한상승,0.4,0.78,2026-08-12
RXST,0.8,7.06,811260,1028280,5.73,6.08,0.9,-0.9,1.1,매수관심,양봉,완만한상승,0.59,1.71,2026-08-12
RMNI,0.8,4.77,307620,393089,1.47,2.39,0.6,-0.2,-0.6,중립,망치형,잔구간,0.57,0.54,2026-08-12
RIVN,0.8,15.93,14781727,17681059,235.47,361.7,0.7,1.1,-3.7,매도주의,장대음봉,잔구간,0.1,-1.24,2026-08-12
RGTI,0.8,18.42,16914862,20939892,311.57,351.12,0.9,2.7,-0.8,강한매수,망치형,전고점돌파,0.73,2.78,2026-08-12
IVR,0.8,7.45,1750326,2238720,13.04,19.56,0.7,0.3,-0.3,중립,음봉,완만한상승,0.29,-0.05,2026-08-12
JBGS,0.8,11.8,844812,1091185,9.97,13.84,0.7,0.3,3.3,강한매수,장대양봉,완만한상승,0.69,3.13,2026-08-12
SSTK,0.8,5.64,1035034,1247279,5.84,7.8,0.7,1.8,2.4,중립,양봉,잔구간,0.53,0.37,2026-08-12
SPRY,0.8,6.05,1314029,1641615,7.95,12.92,0.6,0.2,1.5,강한매수,양봉,완만한상승,0.91,2.09,2026-08-12
SPT,0.8,9.55,1219547,1568313,11.65,13.6,0.9,-2.2,-1.4,중립,음봉,잔구간,0.02,-0.64,2026-08-12
SRFM,0.8,0.794,1661847,2192312,1.32,1.54,0.9,2.5,-3.2,중립,음봉,잔구간,0.51,-0.345,2026-08-12
SRPT,0.8,18.38,2369421,3033454,43.55,54.25,0.8,-0.9,1.8,강한매수,양봉,전고점돌파,0.83,2.6,2026-08-12
SPCF,0.8,16.53,6321917,7664113,104.5,71.18,1.5,2.3,16.4,강한매수,장대양봉,전고점돌파,0.79,3.85,2026-08-12
HTZ,0.8,2.8,79484360,95367977,222.56,151.0,1.5,1.0,13.1,강한매수,장대양봉,전고점돌파,0.88,3.96,2026-08-12
HUN,0.8,10.15,2209352,2879599,22.42,41.58,0.5,1.1,-3.8,매도주의,장대음봉,잔구간,0.14,-1.215,2026-08-12
HYT,0.8,8.42,683890,848017,5.76,7.5,0.8,0.2,-0.5,매도주의,장대음봉,잔구간,0.2,-1.18,2026-08-12
IAG,0.8,18.07,6092369,7357643,110.09,106.91,1.0,3.6,-4.0,매도주의,장대음봉,잔구간,0.1,-1.24,2026-08-12
IART,0.8,17.38,469648,623660,8.16,17.68,0.5,0.8,-0.7,강한매수,망치형,완만한상승,0.75,2.2,2026-08-12
CAG,0.8,14.96,7796262,10035221,116.63,181.88,0.6,-0.8,1.0,매수관심,양봉,완만한상승,0.73,1.88,2026-08-12
CAPR,0.8,4.19,2752846,3474937,11.53,28.47,0.4,0.5,6.1,매수관심,장대양봉,잔구간,0.73,1.14,2026-08-12
IVA,0.8,4.68,414801,511369,1.94,3.53,0.6,0.0,-0.8,매도주의,위꼬리음봉,잔구간,0.07,-1.01,2026-08-12
PFLT,0.8,7.48,883482,1165890,6.61,8.2,0.8,0.8,-0.9,중립,음봉,잔구간,0.32,-0.46,2026-08-12
PGX,0.8,10.67,2022730,2500394,21.58,28.54,0.8,-0.1,0.1,중립,위꼬리양봉,완만한상승,0.43,-0.18,2026-08-12
PDBC,0.8,17.97,5210349,6395980,93.63,141.34,0.7,-0.1,0.4,강한매수,장대양봉,전고점돌파,0.92,4.0,2026-08-12
PD,0.8,11.36,828249,1020024,9.41,13.7,0.7,-1.8,-2.6,매도주의,장대음봉,잔구간,0.01,-1.295,2026-08-12
AVPT,0.8,13.02,1756748,2080655,22.87,28.21,0.8,-1.9,1.1,중립,양봉,잔구간,0.79,0.525,2026-08-12
AVR,0.8,8.87,832924,1028379,7.39,8.64,0.9,-1.5,-1.8,중립,음봉,잔구간,0.56,-0.315,2026-08-12
HPP,0.8,14.31,1100741,1306586,15.75,13.24,1.2,5.6,1.5,중립,팽이도지,잔구간,0.7,0.12,2026-08-12
HRZN,0.8,4.97,671229,819879,3.34,3.04,1.1,0.0,1.6,강한매수,장대양봉,전고점돌파,0.84,3.91,2026-08-12
HLMN,0.8,8.91,1012944,1298309,9.03,15.91,0.6,0.1,-1.2,중립,음봉,잔구간,0.38,-0.42,2026-08-12
HMY,0.8,19.86,2272953,2906661,45.14,53.41,0.8,3.5,-1.7,매도주의,장대음봉,완만한상승,0.36,-1.27,2026-08-12
HNRG,0.8,15.77,760203,899880,11.99,16.35,0.7,1.9,-1.0,중립,음봉,완만한상승,0.39,0.07,2026-08-12
HNST,0.8,5.07,3038814,3965605,15.41,21.4,0.7,1.2,-3.9,매도주의,장대음봉,잔구간,0.07,-1.26,2026-08-12
HOPE,0.8,14.3,815928,993004,11.67,15.9,0.7,0.3,0.1,매수관심,팽이도지,완만한상승,0.57,0.98,2026-08-12
HDSN,0.8,5.6,466603,582868,2.61,3.39,0.8,0.5,0.7,중립,양봉,잔구간,0.8,0.53,2026-08-12
HLF,0.8,11.69,1547805,2031221,18.09,21.06,0.9,-0.9,0.4,중립,위꼬리양봉,잔구간,0.27,-0.64,2026-08-12
HAYW,0.8,15.3,1542849,1986309,23.61,50.71,0.5,0.4,-2.0,중립,음봉,잔구간,0.27,-0.49,2026-08-12
HCAT,0.8,1.79,1236518,1545277,2.21,2.44,0.9,-2.8,4.7,강한매수,장대양봉,완만한상승,0.73,3.18,2026-08-12
INMD,0.8,15.23,358414,428496,5.46,7.63,0.7,-0.8,1.4,매수관심,장대양봉,잔구간,0.81,1.185,2026-08-12
IOVA,0.8,6.74,13458733,16450701,90.71,119.79,0.8,0.0,3.9,강한매수,장대양봉,완만한상승,1.0,3.5,2026-08-12
GROY,0.8,3.17,2507462,2976238,7.95,7.55,1.1,1.9,0.6,매수관심,팽이도지,전고점돌파,0.73,1.78,2026-08-12
GSIT,0.8,6.64,424069,515659,2.82,4.29,0.7,3.0,-2.2,중립,음봉,완만한상승,0.26,-0.09,2026-08-12
AMBP,0.8,5.06,1636367,2033967,8.28,10.78,0.8,0.0,0.2,매수관심,팽이도지,완만한상승,0.5,0.9,2026-08-12
AMC,0.8,2.53,15404683,18266999,38.97,85.66,0.5,-0.8,6.3,매수관심,장대양봉,잔구간,0.75,1.15,2026-08-12
TALO,0.8,15.5,1623381,2093457,25.16,34.19,0.7,-0.4,-0.1,중립,팽이도지,잔구간,0.41,-0.055,2026-08-12
TASK,0.8,6.92,501804,610695,3.47,7.22,0.5,-0.9,1.2,매수관심,양봉스프링,잔구간,0.99,1.045,2026-08-12
TBLA,0.8,3.88,2780958,3301785,10.79,16.35,0.7,-0.5,-5.4,매도주의,장대음봉,잔구간,0.17,-1.2,2026-08-12
TAL,0.8,11.87,4015139,5284392,47.66,84.7,0.6,-1.6,-0.8,중립,망치형,잔구간,0.59,0.555,2026-08-12
GILT,0.8,11.62,506405,601476,5.88,7.24,0.8,4.9,-1.2,중립,음봉,잔구간,0.51,-0.345,2026-08-12
GLWG,0.8,16.94,1211552,1448673,20.52,26.93,0.8,11.4,-1.1,강한매수,망치형,완만한상승,0.58,2.0,2026-08-12
GERN,0.8,1.57,10202342,13090581,16.02,22.89,0.7,0.0,-3.7,매도주의,장대음봉,잔구간,0.13,-1.22,2026-08-12
GAB,0.8,5.82,580599,762930,3.38,4.09,0.8,0.3,0.5,강한매수,양봉,전고점돌파,0.79,2.55,2026-08-12
CERS,0.8,2.71,2719910,3373328,7.37,9.0,0.8,2.5,3.0,강한매수,양봉,전고점돌파,0.8,2.56,2026-08-12
FLG,0.8,14.21,2896363,3711021,41.16,60.6,0.7,0.4,-0.3,중립,팽이도지,완만한상승,0.28,0.64,2026-08-12
FNB,0.8,19.27,2961228,3701650,57.06,73.98,0.8,0.6,0.3,강한매수,양봉스프링,완만한상승,0.76,2.71,2026-08-12
FIP,0.8,4.51,1545920,2059136,6.97,8.38,0.8,0.7,2.5,중립,양봉,전고점부근,0.41,0.14,2026-08-12
TLK,0.8,14.64,629071,744290,9.21,11.88,0.8,-0.3,0.3,강한매수,양봉,완만한상승,0.85,2.02,2026-08-12
AVTR,0.8,13.93,6196739,8190153,86.32,183.48,0.5,-1.5,2.7,강한매수,장대양봉,완만한상승,0.98,3.48,2026-08-12
PNNT,0.8,3.82,573324,709908,2.19,2.4,0.9,-0.5,2.7,강한매수,장대양봉,전고점부근,1.0,2.15,2026-08-12
AUPH,0.8,15.45,854448,1037649,13.2,19.29,0.7,0.2,0.3,매수관심,팽이도지,완만한상승,0.65,1.08,2026-08-12
PLTD,0.8,5.36,27244751,34061958,146.03,226.4,0.6,0.7,1.6,중립,양봉,잔구간,0.55,0.38,2026-08-12
REAX,0.8,2.33,4721695,5877786,11.0,10.47,1.1,0.0,1.3,중립,양봉,전고점부근,0.33,0.05,2026-08-12
RBLU,0.8,3.14,438703,524541,1.38,4.66,0.3,-0.3,-3.7,중립,음봉,잔구간,0.29,-0.475,2026-08-12
RDW,0.8,13.49,16544700,19993886,223.19,236.81,0.9,1.0,-1.2,중립,망치형,잔구간,0.55,0.53,2026-08-12
QYLD,0.8,18.18,2497590,3328408,45.41,67.89,0.7,0.2,-0.1,매도주의,음봉,전고점부근,0.5,-1.15,2026-08-12
CLPT,0.8,15.18,538737,647141,8.18,11.3,0.7,0.1,1.8,강한매수,양봉,완만한상승,0.84,2.01,2026-08-12
CLSK,0.8,12.18,17831993,21056461,217.19,290.13,0.7,5.4,0.3,중립,팽이도지,잔구간,0.64,0.085,2026-08-12
EXG,0.8,10.11,362901,437377,3.67,4.95,0.7,0.2,0.0,강한매수,양봉스프링,전고점돌파,0.8,3.36,2026-08-12
EXK,0.8,10.61,6643746,8433643,70.49,72.24,1.0,3.9,-3.5,강한매도,장대음봉,전고점부근,0.18,-3.83,2026-08-12
FULC,0.8,3.72,901395,1188324,3.35,5.97,0.6,0.3,0.5,강한매수,양봉스프링,완만한상승,0.84,2.81,2026-08-12
FPE,0.8,17.79,778048,1000645,13.84,18.82,0.7,0.2,0.0,강한매수,양봉스프링,완만한상승,0.8,2.76,2026-08-12
EIDO,0.8,12.69,873612,1033053,11.09,15.21,0.7,1.8,-0.1,중립,망치형,잔구간,0.8,0.68,2026-08-12
EIKN,0.8,10.42,371294,449168,3.87,3.53,1.1,-0.2,2.1,매수관심,양봉,완만한상승,0.57,1.68,2026-08-12
UA,0.8,5.12,2854960,3746884,14.62,20.36,0.7,0.0,-1.5,매도주의,음봉,전저점이탈,0.24,-1.76,2026-08-12
ULCC,0.8,6.7,2416790,3209127,16.19,30.33,0.5,1.5,-4.6,강한매도,장대음봉,전저점이탈,0.01,-3.34,2026-08-12
UMC,0.8,19.31,10598477,12664153,204.66,294.44,0.7,3.9,-1.8,매도주의,장대음봉,완만한상승,0.03,-1.66,2026-08-12
TV,0.8,2.83,482599,634299,1.37,2.29,0.6,0.4,0.7,중립,양봉,잔구간,0.64,0.435,2026-08-12
TRX,0.8,1.1,3748983,4663273,4.12,2.83,1.5,1.9,0.9,매수관심,양봉스프링,전고점부근,0.8,1.41,2026-08-12
TSDD,0.8,10.23,2898362,3469255,29.65,63.06,0.5,-1.3,4.5,매수관심,장대양봉,잔구간,0.66,1.095,2026-08-12
TSLG,0.8,3.99,22044423,28585965,87.96,113.0,0.8,1.7,-4.8,매도주의,장대음봉,잔구간,0.31,-1.115,2026-08-12
ECVT,0.8,9.93,1264697,1602877,12.56,15.14,0.8,1.2,-3.0,강한매도,장대음봉,전저점이탈,0.05,-3.29,2026-08-12
EFC,0.8,13.62,983005,1224699,13.39,18.55,0.7,0.4,-0.2,중립,팽이도지,잔구간,0.36,-0.085,2026-08-12
DRN,0.8,10.68,552329,703957,5.9,7.66,0.8,-0.1,2.9,매수관심,장대양봉,잔구간,0.94,1.265,2026-08-12
DNA,0.8,7.21,1064661,1336575,7.68,9.62,0.8,0.5,-4.5,강한매도,장대음봉,전저점이탈,0.03,-3.31,2026-08-12
DNN,0.8,3.29,20599447,25441093,67.77,72.36,0.9,1.2,-1.8,중립,음봉,잔구간,0.08,-0.6,2026-08-12
ESRT,0.8,4.72,1581286,2087485,7.46,12.63,0.6,0.2,1.7,매수관심,장대양봉,잔구간,0.76,1.155,2026-08-12
ETHE,0.8,15.13,1332236,1569785,20.16,24.71,0.8,1.3,-1.4,매도주의,장대음봉,잔구간,0.08,-1.25,2026-08-12
ENIC,0.8,4.37,402956,497869,1.76,2.73,0.6,0.7,-2.9,강한매도,장대음봉,전저점이탈,0.0,-3.35,2026-08-12
EOSE,0.8,4.24,20036148,24376988,84.95,119.45,0.7,4.7,-4.5,매도주의,장대음봉,완만한상승,0.32,-1.32,2026-08-12
CTGO,0.8,19.6,324456,402343,6.36,6.91,0.9,1.0,-2.6,매도주의,장대음봉,잔구간,0.04,-1.275,2026-08-12
CTKB,0.8,4.78,846431,1083064,4.05,3.87,1.0,-0.8,1.7,강한매수,양봉,완만한상승,0.87,2.04,2026-08-12
VGZ,0.8,2.32,1165929,1401133,2.7,2.86,0.9,2.6,-0.4,매수관심,팽이도지,완만한상승,0.6,1.02,2026-08-12
VALE,0.8,14.42,18710306,23325219,269.8,375.29,0.7,1.5,-0.8,매도주의,장대음봉,완만한상승,0.21,-1.45,2026-08-12
VFC,0.8,14.57,5955241,7079728,86.77,159.5,0.5,0.1,-1.6,중립,음봉,전저점부근,0.17,-0.35,2026-08-12
USAR,0.8,18.41,11148671,14510053,205.25,226.15,0.9,1.8,-4.3,중립,음봉,잔구간,0.32,-0.46,2026-08-12
USAS,0.8,5.19,4262030,5383274,22.12,22.41,1.0,3.9,-2.8,강한매도,장대음봉,전고점부근,0.28,-3.71,2026-08-12
UUUG,0.8,4.843,343409,412104,1.66,1.49,1.1,4.0,-7.8,매도주의,장대음봉,잔구간,0.09,-1.245,2026-08-12
UPB,0.8,6.91,635221,748823,4.39,4.73,0.9,-1.3,-1.3,매도주의,위꼬리음봉,잔구간,0.17,-0.95,2026-08-12
UPBD,0.8,19.04,807185,1062857,15.37,27.54,0.6,0.3,-0.6,강한매수,망치형,전저점부근,0.57,2.83,2026-08-12
PTY,0.8,11.84,987282,1299028,11.69,15.7,0.7,0.3,-0.4,매도주의,장대음봉,잔구간,0.29,-1.125,2026-08-12
BBD,0.8,3.2,26337455,33606298,84.28,111.93,0.8,-0.3,0.0,중립,팽이도지,전저점부근,0.27,0.47,2026-08-12
WRN,0.8,2.4,769147,989309,1.85,2.15,0.9,1.6,-3.6,매도주의,장대음봉,잔구간,0.07,-1.26,2026-08-12
CRK,0.8,13.92,1373749,1744012,19.12,31.72,0.6,0.3,-3.6,매도주의,장대음봉,잔구간,0.04,-1.275,2026-08-12
CRGY,0.8,12.06,5661126,7200827,68.27,70.9,1.0,-0.2,-2.7,매도주의,장대음봉,잔구간,0.1,-1.24,2026-08-12
ABAT,0.8,2.52,2474709,2961803,6.24,8.47,0.7,0.4,-5.6,매도주의,장대음봉,잔구간,0.09,-1.245,2026-08-12
VOD,0.8,16.09,3918514,4937848,63.05,82.84,0.8,1.3,-0.1,매수관심,팽이도지,완만한상승,0.58,1.0,2026-08-12
AAL,0.8,14.93,39959238,49296961,596.59,791.43,0.8,1.1,-3.4,매도주의,장대음봉,전저점부근,0.02,-1.83,2026-08-12
AAOG,0.7,4.67,3093749,4611413,14.45,13.41,1.1,10.2,-3.7,강한매수,망치형,완만한상승,0.68,2.12,2026-08-12
AIB,0.7,1.81,661467,907440,1.2,2.29,0.5,2.9,0.6,매수관심,팽이도지,완만한상승,0.53,0.94,2026-08-12
ABR,0.7,5.22,2488111,3721725,12.99,25.26,0.5,0.0,-2.4,매도주의,장대음봉,잔구간,0.0,-1.3,2026-08-12
ABTC,0.7,6.93,875927,1185574,6.07,8.88,0.7,1.4,-1.3,매도주의,위꼬리음봉,완만한상승,0.13,-1.04,2026-08-12
AHRT,0.7,6.72,498541,704451,3.35,5.55,0.6,1.0,-1.0,중립,음봉,전저점부근,0.33,-0.15,2026-08-12
DV,0.7,13.29,4700584,6831757,62.47,97.17,0.6,-0.1,0.4,매수관심,양봉,완만한상승,0.55,1.66,2026-08-12
DXC,0.7,10.68,2397640,3429833,25.61,52.86,0.5,-1.7,0.5,매수관심,양봉스프링,잔구간,0.78,0.92,2026-08-12
EBS,0.7,4.55,1698371,2448083,7.73,8.86,0.9,-0.7,2.9,중립,양봉,잔구간,0.65,0.44,2026-08-12
EVEX,0.7,2.72,958273,1281476,2.61,3.13,0.8,0.7,-5.2,매도주의,장대음봉,잔구간,0.06,-1.265,2026-08-12
DNOW,0.7,16.84,2647057,3596820,44.58,47.38,0.9,0.5,0.6,매수관심,양봉,완만한상승,0.74,1.89,2026-08-12
DNP,0.7,10.93,535208,735559,5.85,7.1,0.8,0.0,0.5,강한매수,양봉,전고점돌파,0.94,2.73,2026-08-12
DOMO,0.7,3.92,521857,725049,2.05,3.62,0.6,0.3,-0.3,강한매수,망치형,완만한상승,0.62,2.04,2026-08-12
DRH,0.7,12.23,1831159,2605599,22.4,41.21,0.5,1.1,0.7,중립,양봉,잔구간,0.95,0.62,2026-08-12
ERIC,0.7,10.18,7421316,11096637,75.55,117.2,0.6,2.7,-1.5,매도주의,장대음봉,완만한상승,0.1,-1.58,2026-08-12
ERII,0.7,7.78,714916,963722,5.56,9.66,0.6,0.6,0.1,중립,위꼬리양봉,잔구간,0.21,-0.675,2026-08-12
ETH,0.7,17.92,1368306,2097182,24.52,33.61,0.7,1.3,-1.4,매도주의,장대음봉,잔구간,0.08,-1.25,2026-08-12
ETHA,0.7,14.16,18644430,25312313,264.01,376.09,0.7,1.4,-1.5,매도주의,장대음봉,잔구간,0.04,-1.275,2026-08-12
ETHT,0.7,10.15,845794,1209060,8.58,12.42,0.7,2.8,-2.9,매도주의,장대음봉,잔구간,0.1,-1.24,2026-08-12
ETHW,0.7,13.43,518756,748761,6.97,12.19,0.6,1.3,-1.5,매도주의,장대음봉,잔구간,0.02,-1.29,2026-08-12
RILY,0.7,7.55,465974,709136,3.52,5.04,0.7,2.1,1.8,매수관심,양봉,완만한상승,0.7,1.84,2026-08-12
RPC,0.7,8.82,480645,657463,4.24,5.27,0.8,0.9,-1.2,중립,음봉,잔구간,0.5,-0.35,2026-08-12
RUN,0.7,9.84,7767125,11777100,76.43,105.05,0.7,3.5,-5.2,매도주의,장대음봉,잔구간,0.13,-1.22,2026-08-12
RWAY,0.7,6.78,608363,816430,4.12,4.6,0.9,0.4,0.7,매수관심,양봉,완만한상승,0.6,1.72,2026-08-12
RWM,0.7,13.26,11815402,17836360,156.67,271.7,0.6,-0.6,0.1,중립,위꼬리양봉,잔구간,0.27,-0.64,2026-08-12
RXRX,0.7,3.29,10305060,14414578,33.9,46.48,0.7,0.6,-2.4,매도주의,장대음봉,잔구간,0.25,-1.15,2026-08-12
RZLV,0.7,2.68,5896144,8495811,15.8,22.7,0.7,1.1,-4.6,매도주의,장대음봉,잔구간,0.0,-1.3,2026-08-12
PBI,0.7,16.6,1238671,1854412,20.56,39.7,0.5,1.2,-0.8,중립,음봉,전저점부근,0.52,0.07,2026-08-12
PCG,0.7,17.38,17640771,23973713,306.6,487.83,0.6,0.3,0.1,강한매수,양봉스프링,완만한상승,0.9,2.88,2026-08-12
PEB,0.7,18.08,1482412,2180999,26.8,44.76,0.6,-0.7,2.4,매수관심,장대양봉,잔구간,0.98,1.29,2026-08-12
PGEN,0.7,6.85,4424089,6514423,30.31,45.28,0.7,0.3,-0.4,중립,망치형,잔구간,0.67,0.6,2026-08-12
RGNX,0.7,10.91,877342,1188383,9.57,12.26,0.8,1.1,1.3,중립,위꼬리양봉,완만한상승,0.44,-0.17,2026-08-12
AVXL,0.7,3.41,667078,951028,2.27,3.45,0.7,-0.3,-2.6,중립,음봉,잔구간,0.06,-0.615,2026-08-12
BBAI,0.7,3.26,15801874,21631300,51.51,82.47,0.6,0.9,-3.0,매도주의,장대음봉,잔구간,0.2,-1.18,2026-08-12
PACK,0.7,5.41,332677,490262,1.8,3.85,0.5,1.9,-1.3,중립,음봉,완만한상승,0.19,-0.17,2026-08-12
RERE,0.7,4.46,513442,742238,2.29,3.77,0.6,-0.2,0.2,중립,위꼬리양봉,완만한상승,0.17,-0.5,2026-08-12
POEL,0.7,12.45,448859,688407,5.59,7.49,0.7,10.7,-3.5,중립,음봉,완만한상승,0.52,0.22,2026-08-12
TYGO,0.7,1.22,1602846,2141317,1.96,3.88,0.5,-6.4,4.3,중립,양봉,잔구간,1.0,0.65,2026-08-12
UAA,0.7,5.26,9501427,14114053,49.98,62.57,0.8,0.2,-1.7,매도주의,음봉,전저점이탈,0.33,-1.65,2026-08-12
CMRC,0.7,2.16,1003522,1377098,2.17,3.82,0.6,-0.9,-3.1,중립,음봉,잔구간,0.31,-0.465,2026-08-12
COLD,0.7,14.6,2907252,4079512,42.45,54.44,0.8,0.3,0.5,매수관심,양봉,완만한상승,0.67,1.8,2026-08-12
TRVI,0.7,17.73,1226987,1731477,21.75,29.41,0.7,1.0,-1.3,중립,음봉,잔구간,0.28,-0.48,2026-08-12
TTDU,0.7,1.305,2862125,4365791,3.74,6.76,0.6,-0.8,-1.1,중립,망치형,잔구간,0.62,0.57,2026-08-12
FSM,0.7,10.84,4357509,6593837,47.24,58.02,0.8,3.0,-2.9,강한매도,장대음봉,전고점부근,0.04,-4.0,2026-08-12
FUN,0.7,16.44,2241876,3025811,36.86,49.74,0.7,-0.7,4.1,강한매수,장대양봉,완만한상승,0.96,3.45,2026-08-12
FRSH,0.7,11.645,4860451,7378829,56.6,102.05,0.6,-2.5,-0.3,중립,팽이도지,잔구간,0.27,-0.14,2026-08-12
SAN,0.7,14.82,9219153,13157183,136.63,201.96,0.7,1.2,-0.5,중립,음봉,완만한상승,0.38,0.06,2026-08-12
SCZM,0.7,8.87,426175,584679,3.78,4.0,0.9,2.4,-4.4,매도주의,장대음봉,잔구간,0.09,-1.245,2026-08-12
SGMT,0.7,9.39,1096390,1593222,10.3,11.82,0.9,0.3,-1.7,중립,음봉,잔구간,0.02,-0.64,2026-08-12
NWG,0.7,19.26,2146400,3093640,41.34,80.84,0.5,0.9,0.2,중립,양봉,잔구간,0.68,0.46,2026-08-12
NWL,0.7,6.16,6220655,9268230,38.32,83.98,0.5,-0.7,0.8,매수관심,양봉스프링,잔구간,0.94,1.015,2026-08-12
OVID,0.7,2.62,931468,1273376,2.44,3.39,0.7,-5.4,7.4,강한매수,장대양봉,완만한상승,0.88,3.36,2026-08-12
OWL,0.7,12.22,18694855,25530457,228.45,304.91,0.7,0.5,-1.3,중립,음봉,잔구간,0.55,-0.32,2026-08-12
NTSK,0.7,14.99,3598284,4970545,53.94,62.12,0.9,-0.7,-1.9,중립,음봉,잔구간,0.23,-0.51,2026-08-12
NVAX,0.7,7.96,2541803,3441122,20.23,26.52,0.8,-0.5,0.6,매수관심,양봉,완만한상승,0.81,1.97,2026-08-12
NVCR,0.7,17.59,764680,1139625,13.45,21.02,0.6,0.0,-0.4,중립,망치형,잔구간,0.81,0.685,2026-08-12
OLN,0.7,18.72,2153010,3222176,40.3,77.03,0.5,0.2,-2.1,매도주의,장대음봉,잔구간,0.29,-1.125,2026-08-12
ONT,0.7,16.4,611249,936641,10.02,18.21,0.6,-1.0,1.0,중립,팽이도지,잔구간,0.58,0.05,2026-08-12
OPK,0.7,1.39,1834641,2621554,2.55,4.83,0.5,0.0,0.0,중립,팽이도지,완만한상승,0.37,0.74,2026-08-12
THRY,0.7,2.07,1118380,1602915,2.32,3.48,0.7,0.5,-3.7,매도주의,장대음봉,전저점부근,0.13,-1.69,2026-08-12
TIC,0.7,10.19,2445942,3634565,24.92,27.57,0.9,2.5,-5.6,매도주의,장대음봉,잔구간,0.05,-1.27,2026-08-12
TLRY,0.7,4.68,2971246,4301209,13.91,26.69,0.5,-0.6,-1.5,중립,음봉,잔구간,0.33,-0.45,2026-08-12
TMCI,0.7,4.75,459880,655676,2.18,2.27,1.0,-0.4,0.6,강한매수,양봉스프링,완만한상승,0.76,2.71,2026-08-12
TOYO,0.7,5.64,536166,757821,3.02,3.68,0.8,2.5,-0.4,매수관심,팽이도지,완만한상승,0.55,0.96,2026-08-12
COMP,0.7,12.73,7684066,11223672,97.82,150.76,0.6,1.3,-0.9,중립,음봉,완만한상승,0.53,0.24,2026-08-12
CONL,0.7,4.11,12796438,18281716,52.59,89.51,0.6,2.1,-1.6,중립,음봉,완만한상승,0.42,0.1,2026-08-12
GPK,0.7,11.69,2750996,4019105,32.16,62.46,0.5,-0.6,-1.7,중립,음봉,잔구간,0.12,-0.58,2026-08-12
GPRE,0.7,15.11,929895,1402774,14.05,26.25,0.5,0.6,-3.5,매도주의,장대음봉,잔구간,0.12,-1.23,2026-08-12
ANGI,0.7,4.33,855325,1156618,3.7,4.97,0.7,0.2,-3.8,중립,음봉,잔구간,0.14,-0.565,2026-08-12
TFSL,0.7,17.45,724638,1028004,12.64,23.19,0.5,0.6,0.6,중립,양봉,잔구간,0.83,0.55,2026-08-12
TH,0.7,16.14,1037569,1425071,16.75,21.19,0.8,1.1,-4.0,매도주의,장대음봉,잔구간,0.03,-1.28,2026-08-12
THM,0.7,2.8,1654237,2274810,4.63,4.09,1.1,1.4,-2.4,중립,음봉,잔구간,0.4,-0.41,2026-08-12
GDRX,0.7,3.59,1600826,2324954,5.75,7.22,0.8,-0.3,-5.3,매도주의,장대음봉,잔구간,0.1,-1.24,2026-08-12
GLUE,0.7,15.95,780929,1056767,12.46,35.79,0.3,0.7,0.5,중립,위꼬리양봉,완만한상승,0.36,-0.27,2026-08-12
GME,0.7,18.54,5162108,7856197,95.71,182.05,0.5,0.0,-1.5,매도주의,장대음봉,전저점부근,0.28,-1.51,2026-08-12
GOOD,0.7,13.01,374204,500903,4.87,6.01,0.8,0.0,1.8,강한매수,장대양봉,완만한상승,0.85,3.32,2026-08-12
GTM,0.7,3.86,7183317,10282107,27.73,33.52,0.8,-0.7,-4.7,매도주의,장대음봉,잔구간,0.37,-1.08,2026-08-12
HAFN,0.7,7.49,746154,1065693,5.59,7.14,0.8,-0.5,2.9,매수관심,장대양봉,잔구간,0.91,1.245,2026-08-12
CGBD,0.7,11.1,432869,617877,4.8,6.13,0.8,0.0,-0.6,중립,망치형,잔구간,0.53,0.52,2026-08-12
AQN,0.7,5.77,3501702,4686370,20.2,24.26,0.8,-0.2,-0.5,매도주의,위꼬리음봉,잔구간,0.17,-0.95,2026-08-12
AREC,0.7,2.8,2110036,3193974,5.91,6.61,0.9,0.0,-3.4,중립,음봉,잔구간,0.17,-0.55,2026-08-12
ASLE,0.7,5.63,352987,541278,1.99,3.17,0.6,0.7,-2.4,매도주의,장대음봉,잔구간,0.11,-1.235,2026-08-12
NHP,0.7,16.14,468869,674866,7.57,10.96,0.7,-0.7,0.1,중립,위꼬리양봉,잔구간,0.13,-0.72,2026-08-12
NMRK,0.7,14.82,926532,1333571,13.73,25.77,0.5,0.9,-0.5,중립,망치형,잔구간,0.53,0.52,2026-08-12
SKHU,0.7,16.77,859263,1243151,14.41,32.22,0.4,13.0,4.3,중립,양봉,잔구간,0.87,0.57,2026-08-12
SKYQ,0.7,3.43,1171227,1602897,4.02,13.98,0.3,-3.7,1.2,매수관심,양봉스프링,잔구간,0.99,1.045,2026-08-12
APPS,0.7,12.41,4167812,6161210,51.72,70.78,0.7,0.7,-5.5,중립,음봉,잔구간,0.24,-0.505,2026-08-12
NAVI,0.7,8.84,1065161,1626472,9.42,13.19,0.7,0.2,3.3,강한매수,양봉,완만한상승,0.89,2.07,2026-08-12
NOWL,0.7,6.53,9299190,13661244,60.72,95.86,0.6,-6.0,2.0,중립,양봉,잔구간,0.8,0.53,2026-08-12
NPKI,0.7,14.01,476204,677738,6.67,12.98,0.5,0.4,0.7,강한매도,위꼬리양봉,전고점부근,0.27,-2.73,2026-08-12
NRDS,0.7,9.65,612963,940024,5.92,8.31,0.7,-0.6,-0.7,중립,팽이도지,잔구간,0.52,0.01,2026-08-12
BFLY,0.7,9.45,3901575,5527769,36.87,70.25,0.5,2.3,-1.5,강한매수,망치형,완만한상승,0.63,2.06,2026-08-12
BIOA,0.7,10.48,614578,899095,6.44,24.26,0.3,1.0,-2.8,중립,음봉,잔구간,0.1,-0.59,2026-08-12
ALTO,0.7,4.06,1876682,2527278,7.62,10.95,0.7,0.0,-2.6,중립,음봉,전저점부근,0.17,-0.35,2026-08-12
AMPX,0.7,12.24,5132572,7662828,62.82,76.85,0.8,4.4,-2.9,중립,음봉,완만한상승,0.34,0.01,2026-08-12
HR,0.7,19.21,2696897,4013945,51.81,84.19,0.6,0.3,0.1,중립,위꼬리양봉,잔구간,0.13,-0.72,2026-08-12
HSAI,0.7,19.02,967111,1323044,18.39,30.47,0.6,1.7,-1.3,중립,음봉,완만한상승,0.26,-0.09,2026-08-12
IONL,0.7,17.47,539007,772643,9.42,10.78,0.9,5.2,2.5,강한매수,양봉스프링,전고점돌파,0.88,3.46,2026-08-12
CIM,0.7,11.84,596321,905209,7.06,11.53,0.6,0.8,-1.3,매도주의,장대음봉,잔구간,0.11,-1.235,2026-08-12
STWD,0.7,16.46,4942446,6620626,81.35,95.29,0.9,-0.1,-1.1,중립,음봉,잔구간,0.16,-0.555,2026-08-12
IRD,0.7,3.76,480422,699786,1.81,3.32,0.5,0.5,-3.6,중립,음봉,잔구간,0.06,-0.615,2026-08-12
CALY,0.7,16.53,1660374,2389003,27.45,41.56,0.7,1.4,-3.3,강한매도,장대음봉,전저점이탈,0.08,-3.25,2026-08-12
SRAD,0.7,12.99,1780071,2597726,23.12,54.94,0.4,-0.5,-1.7,매도주의,장대음봉,잔구간,0.03,-1.28,2026-08-12
STLN,0.7,6.32,1282756,1906549,8.11,15.13,0.5,-0.9,2.9,중립,양봉,잔구간,0.87,0.57,2026-08-12
CCOI,0.7,10.25,1509950,2128868,15.48,21.87,0.7,2.0,-7.2,매도주의,장대음봉,잔구간,0.01,-1.295,2026-08-12
SPAX,0.7,9.99,5303382,7219437,52.98,38.69,1.4,2.6,16.0,강한매수,장대양봉,전고점돌파,0.78,3.84,2026-08-12
METC,0.7,10.91,2085565,2943936,22.75,26.13,0.9,2.1,4.7,강한매수,장대양봉,전고점돌파,0.87,3.94,2026-08-12
KT,0.7,18.53,1266803,1902186,23.47,37.27,0.6,0.9,-1.0,중립,음봉,잔구간,0.46,-0.375,2026-08-12
LCID,0.7,6.54,6057811,8680696,39.62,83.5,0.5,0.4,-2.8,중립,음봉,잔구간,0.44,-0.385,2026-08-12
CARS,0.7,12.1,533550,809739,6.46,9.77,0.7,-0.8,2.8,매수관심,장대양봉,잔구간,0.97,1.28,2026-08-12
LXRX,0.7,2.35,2569147,3497317,6.04,7.52,0.8,-0.8,-2.5,중립,음봉,잔구간,0.0,-0.65,2026-08-12
MAMA,0.7,17.77,338535,458900,6.02,9.37,0.6,0.5,-0.7,중립,망치형,잔구간,0.57,0.54,2026-08-12
SLI,0.7,2.41,1115959,1671159,2.69,4.07,0.7,0.8,-2.4,매도주의,장대음봉,잔구간,0.35,-1.09,2026-08-12
SNDU,0.7,17.32,8906718,12743901,154.26,268.12,0.6,13.5,-1.5,매수관심,팽이도지,완만한상승,0.45,0.84,2026-08-12
SNXX,0.7,11.07,76315925,102449992,844.82,1273.46,0.7,13.9,-2.2,매수관심,팽이도지,완만한상승,0.44,0.83,2026-08-12
SPAL,0.7,16.64,2286001,3252801,38.04,31.17,1.2,3.1,15.9,강한매수,장대양봉,전고점돌파,0.78,3.84,2026-08-12
BRSP,0.7,4.96,842511,1272817,4.18,8.65,0.5,0.4,-0.2,매도주의,위꼬리음봉,완만한상승,0.25,-0.9,2026-08-12
ATAI,0.7,7.23,3865814,5369376,27.95,65.46,0.4,0.1,0.1,강한매수,장대양봉,완만한상승,1.0,3.5,2026-08-12
MSTU,0.7,1.81,94223294,131350423,170.54,238.7,0.7,1.6,-3.7,중립,음봉,잔구간,0.23,-0.51,2026-08-12
MVST,0.7,0.92,6352294,9406133,5.84,6.12,1.0,1.2,5.2,중립,양봉,잔구간,0.88,0.58,2026-08-12
MFG,0.7,10.81,1972028,2858880,21.32,37.75,0.6,3.3,0.3,매수관심,양봉,완만한상승,0.56,1.67,2026-08-12
ASPI,0.7,4.3,2256597,3458369,9.7,15.13,0.6,2.3,-2.7,매도주의,장대음봉,잔구간,0.12,-1.23,2026-08-12
MPG,0.7,5.1,350296,528737,1.79,1.76,1.0,1.9,-5.4,매도주의,장대음봉,잔구간,0.3,-1.12,2026-08-12
MRAM,0.7,17.06,1218754,1715620,20.79,22.18,0.9,4.3,-0.5,매도주의,위꼬리음봉,완만한상승,0.07,-1.12,2026-08-12
MSFD,0.7,10.47,1818584,2720105,19.04,37.26,0.5,0.5,1.7,강한매수,장대양봉,완만한상승,0.9,3.38,2026-08-12
VTS,0.7,16.27,450523,602042,7.33,8.64,0.8,-1.0,0.2,중립,팽이도지,잔구간,0.58,0.05,2026-08-12
AESI,0.7,11.74,2193028,3223341,25.75,45.08,0.6,0.5,-2.5,중립,음봉,잔구간,0.23,-0.51,2026-08-12
AGEN,0.7,6.9,1154187,1690259,7.96,13.84,0.6,1.2,-0.1,매도주의,위꼬리음봉,잔구간,0.19,-0.935,2026-08-12
CRSR,0.7,12.92,1779519,2736489,22.99,35.68,0.6,1.6,-0.9,중립,망치형,잔구간,0.62,0.57,2026-08-12
VLY,0.7,14.93,4357340,6616033,65.06,89.87,0.7,0.8,0.3,강한매수,양봉스프링,완만한상승,0.77,2.72,2026-08-12
VNDA,0.7,5.19,1076326,1453938,5.59,6.14,0.9,0.4,4.8,강한매수,장대양봉,완만한상승,0.79,3.25,2026-08-12
YEXT,0.7,5.73,522279,698770,2.99,4.04,0.7,-1.2,1.6,강한매수,양봉,완만한상승,0.84,2.01,2026-08-12
ZVRA,0.7,11.44,708532,1028567,8.11,13.87,0.6,1.1,-0.2,매수관심,팽이도지,완만한상승,0.58,1.0,2026-08-12
CRBU,0.7,1.7,717444,1027302,1.22,1.69,0.7,0.0,0.6,강한매수,양봉스프링,완만한상승,0.8,2.76,2026-08-12
CYRX,0.7,14.8,425483,619765,6.3,8.49,0.7,0.1,-1.1,중립,음봉,잔구간,0.48,-0.36,2026-08-12
DFH,0.7,14.39,595200,899815,8.56,12.1,0.7,-0.3,2.1,강한매수,양봉,완만한상승,0.89,2.07,2026-08-12
PWP,0.7,17.25,897326,1288503,15.48,26.65,0.6,0.0,-2.9,매도주의,장대음봉,수횡파,0.04,-1.95,2026-08-12
QBTX,0.7,9.67,1198638,1816477,11.59,19.11,0.6,4.8,0.1,매수관심,팽이도지,완만한상승,0.72,1.16,2026-08-12
QTEX,0.7,1.01,1046212,1462876,1.06,1.59,0.7,0.4,1.0,매수관심,양봉스프링,잔구간,0.87,0.97,2026-08-12
RCAX,0.7,4.87,300065,426634,1.46,1.54,0.9,5.5,-10.6,매도주의,장대음봉,잔구간,0.24,-1.155,2026-08-12
PRAA,0.7,19.58,329271,448212,6.45,9.03,0.7,-0.4,4.9,강한매수,장대양봉,완만한상승,0.71,3.15,2026-08-12
AKBA,0.7,0.893,4554986,6508803,4.07,5.88,0.7,0.7,2.4,중립,양봉,잔구간,0.61,0.415,2026-08-12
ALIT,0.7,13.99,427169,585506,5.98,11.78,0.5,-0.6,4.2,중립,양봉,잔구간,0.92,0.6,2026-08-12
WBTN,0.7,8.63,353968,516719,3.05,3.74,0.8,-0.4,-1.6,매도주의,위꼬리음봉,잔구간,0.21,-0.925,2026-08-12
WTI,0.7,3.68,4143202,5646500,15.25,17.86,0.9,-0.8,-2.6,매도주의,장대음봉,잔구간,0.11,-1.235,2026-08-12
XPOF,0.7,4.92,766347,1173275,3.77,9.07,0.4,0.8,0.2,중립,팽이도지,잔구간,0.47,-0.02,2026-08-12
AIIO,0.7,2.96,363813,495379,1.08,1.95,0.6,-0.7,0.0,매수관심,팽이도지,수횡파,0.7,0.84,2026-08-12
ADNT,0.6,18.62,724562,1191131,13.49,22.81,0.6,-0.2,-2.5,매도주의,장대음봉,전저점부근,0.14,-1.68,2026-08-12
AIRJ,0.6,6.32,1418232,2376028,8.96,11.75,0.8,1.3,-2.5,중립,음봉,잔구간,0.23,-0.51,2026-08-12
ADMA,0.6,9.78,1919177,3062895,18.77,25.97,0.7,-0.8,-0.5,매도주의,위꼬리음봉,잔구간,0.12,-0.98,2026-08-12
PUMP,0.6,11.59,1603133,2622018,18.58,43.34,0.4,0.4,-0.9,중립,음봉,잔구간,0.18,-0.54,2026-08-12
PTON,0.6,5.42,6258048,11278168,33.92,68.7,0.5,-0.9,-2.3,매도주의,장대음봉,전저점부근,0.1,-1.73,2026-08-12
PTEN,0.6,11.02,5429245,9041471,59.83,97.71,0.6,-0.5,0.2,중립,팽이도지,잔구간,0.67,0.1,2026-08-12
PTIR,0.6,18.28,3558045,6307655,65.04,108.55,0.6,-0.7,-3.8,중립,음봉,잔구간,0.41,-0.405,2026-08-12
PSNL,0.6,14.21,1549807,2456299,22.02,37.33,0.6,0.1,1.3,강한매수,양봉,완만한상승,0.83,2.0,2026-08-12
BBNX,0.6,17.33,637904,1085665,11.05,25.65,0.4,-0.6,-1.1,중립,망치형,잔구간,0.75,0.65,2026-08-12
DEC,0.6,14.48,503537,825000,7.29,11.77,0.6,-0.6,-0.5,매도주의,위꼬리음봉,잔구간,0.22,-0.92,2026-08-12
DCTH,0.6,17.11,774666,1220765,13.25,14.14,0.9,-0.7,0.1,중립,팽이도지,잔구간,0.74,0.145,2026-08-12
RDWU,0.6,10.37,728601,1297621,7.56,10.18,0.7,2.3,-2.5,중립,음봉,잔구간,0.52,-0.34,2026-08-12
QSI,0.6,0.837,1499136,2459615,1.26,2.07,0.6,1.3,0.8,중립,위꼬리양봉,완만한상승,0.27,-0.38,2026-08-12
RC,0.6,1.75,798889,1367851,1.4,2.11,0.7,0.0,-2.2,중립,음봉,잔구간,0.0,-0.65,2026-08-12
MUD,0.6,11.09,7302528,11991132,80.99,176.63,0.5,-5.1,0.2,중립,팽이도지,잔구간,0.67,0.1,2026-08-12
VRRM,0.6,4.7,3098343,5504981,14.56,41.9,0.3,-0.4,-1.3,중립,음봉,잔구간,0.28,-0.48,2026-08-12
AES,0.6,14.71,4491579,7620965,66.07,113.83,0.6,0.1,-0.0,매도주의,위꼬리음봉,완만한상승,0.0,-1.2,2026-08-12
CRML,0.6,6.61,3644271,6303130,24.09,41.34,0.6,1.9,-4.2,매도주의,장대음봉,잔구간,0.13,-1.22,2026-08-12
VNM,0.6,17.8,347032,593966,6.18,13.95,0.4,0.9,0.6,강한매수,장대양봉,전고점돌파,0.74,3.79,2026-08-12
VSTM,0.6,6.95,1263817,2138574,8.78,13.24,0.7,-0.6,-0.9,중립,음봉,잔구간,0.28,-0.48,2026-08-12
CRCT,0.6,5.88,784141,1406951,4.61,6.42,0.7,-1.7,0.2,중립,팽이도지,잔구간,0.74,0.145,2026-08-12
ZCMD,0.6,1.07,1260050,2151050,1.35,5.87,0.2,0.5,-1.4,중립,망치형,잔구간,0.6,0.56,2026-08-12
CRCA,0.6,15.12,645830,1124560,9.76,12.26,0.8,2.3,-1.9,강한매수,망치형,완만한상승,0.69,2.13,2026-08-12
XXI,0.6,4.71,867203,1364151,4.08,6.3,0.6,0.4,4.2,강한매수,장대양봉,전고점돌파,0.83,3.9,2026-08-12
DHC,0.6,8.33,1918155,3167565,15.98,21.15,0.8,1.5,0.6,중립,양봉,잔구간,0.46,0.325,2026-08-12
IGR,0.6,4.68,335084,556166,1.57,2.73,0.6,0.0,0.9,강한매수,장대양봉,완만한상승,0.89,3.37,2026-08-12
IE,0.6,10.66,1413043,2533055,15.06,23.27,0.6,1.3,-5.4,매도주의,장대음봉,잔구간,0.02,-1.29,2026-08-12
ICLN,0.6,18.41,5321042,8870353,97.96,165.89,0.6,2.6,-1.4,중립,음봉,완만한상승,0.43,0.12,2026-08-12
IBRX,0.6,7.74,5340411,8589067,41.33,70.0,0.6,1.4,0.4,매수관심,팽이도지,전고점돌파,0.64,1.67,2026-08-12
KOS,0.6,2.51,7399805,13306204,18.57,35.73,0.5,-2.0,0.0,중립,팽이도지,잔구간,0.67,0.1,2026-08-12
SSL,0.6,11.48,643035,1111168,7.38,12.18,0.6,0.8,-1.0,매도주의,장대음봉,잔구간,0.27,-1.14,2026-08-12
JKS,0.6,16.42,397195,688825,6.52,10.95,0.6,1.1,-2.6,매도주의,장대음봉,잔구간,0.03,-1.28,2026-08-12
BVS,0.6,13.915,536554,943522,7.47,15.01,0.5,-0.5,1.0,매수관심,양봉스프링,잔구간,0.81,0.935,2026-08-12
MBC,0.6,9.21,1488742,2336231,13.71,19.9,0.7,0.4,-0.5,중립,망치형,잔구간,0.84,0.705,2026-08-12
LAC,0.6,3.26,7599026,11950390,24.77,28.01,0.9,3.1,-2.7,매도주의,장대음봉,완만한상승,0.25,-1.4,2026-08-12
CCO,0.6,2.41,2314102,3938717,5.58,18.3,0.3,0.4,-0.4,매도주의,장대음봉,완만한상승,0.0,-1.7,2026-08-12
MX,0.6,3.82,585096,959265,2.24,3.96,0.6,3.3,-5.2,매도주의,장대음봉,잔구간,0.0,-1.3,2026-08-12
MSOX,0.6,2.58,1054246,1824853,2.72,3.73,0.7,-1.1,-1.1,중립,음봉,잔구간,0.27,-0.49,2026-08-12
BTE,0.6,4.36,11107178,17142730,48.43,73.91,0.7,-1.1,0.2,중립,위꼬리양봉,잔구간,0.24,-0.655,2026-08-12
ASTL,0.6,4.45,776729,1280862,3.46,5.54,0.6,0.5,0.2,매수관심,팽이도지,완만한상승,0.54,0.95,2026-08-12
AGNT,0.6,4.28,891329,1497216,3.81,6.85,0.6,0.0,0.2,매수관심,팽이도지,완만한상승,0.59,1.01,2026-08-12
SLDP,0.6,2.35,2652685,4607545,6.23,9.34,0.7,1.7,-4.1,매도주의,장대음봉,잔구간,0.03,-1.28,2026-08-12
MLCO,0.6,5.52,794875,1389129,4.39,8.68,0.5,1.4,-2.0,매도주의,장대음봉,잔구간,0.12,-1.23,2026-08-12
MNKD,0.6,3.85,3055998,5083128,11.77,21.09,0.6,0.5,-0.3,매도주의,위꼬리음봉,완만한상승,0.18,-0.98,2026-08-12
BRSL,0.6,11.31,1711352,2652312,19.36,26.33,0.7,-0.5,1.1,강한매수,양봉,완만한상승,0.93,2.12,2026-08-12
ATEC,0.6,9.63,1947996,3054053,18.76,28.77,0.7,-1.4,4.2,강한매수,장대양봉,완만한상승,0.89,3.37,2026-08-12
MIR,0.6,15.21,2799431,4319332,42.58,80.15,0.5,1.5,-1.9,매도주의,장대음봉,잔구간,0.3,-1.12,2026-08-12
MFIC,0.6,9.65,467420,743448,4.51,7.38,0.6,-0.5,-0.6,중립,음봉,잔구간,0.44,-0.385,2026-08-12
SMU,0.6,6.85,1143807,1994027,7.84,12.04,0.7,-1.0,-5.6,중립,음봉,잔구간,0.4,-0.41,2026-08-12
LTBR,0.6,8.89,465852,779156,4.14,10.25,0.4,1.7,-3.5,매도주의,장대음봉,잔구간,0.16,-1.205,2026-08-12
LUMN,0.6,6.29,10760185,18629384,67.68,107.12,0.6,1.9,-3.2,매도주의,장대음봉,잔구간,0.04,-1.275,2026-08-12
MATV,0.6,12.5,583859,990129,7.3,8.46,0.9,-0.9,-1.5,중립,음봉,잔구간,0.25,-0.5,2026-08-12
LFMD,0.6,3.29,893171,1549078,2.94,5.15,0.6,-0.3,-2.4,중립,음봉,잔구간,0.46,-0.375,2026-08-12
PAYS,0.6,12.8,520762,849542,6.67,10.59,0.6,1.2,0.2,매수관심,양봉스프링,전고점부근,0.85,1.47,2026-08-12
PEPG,0.6,2.9,768008,1335187,2.23,3.35,0.7,-1.4,1.4,중립,위꼬리양봉,완만한상승,0.33,-0.3,2026-08-12
BANC,0.6,19.59,2066219,3430611,40.48,83.86,0.5,0.6,-0.1,강한매수,망치형,완만한상승,0.82,2.28,2026-08-12
BATL,0.6,1.35,2999277,4667717,4.05,9.58,0.4,-0.7,0.0,중립,팽이도지,잔구간,0.67,0.1,2026-08-12
CVGI,0.6,3.15,587297,957333,1.85,2.81,0.7,-0.6,-4.5,매도주의,장대음봉,잔구간,0.11,-1.235,2026-08-12
ARRY,0.6,5.19,5549238,9435792,28.8,44.77,0.6,2.8,-5.6,매도주의,장대음봉,전저점부근,0.13,-1.69,2026-08-12
OFIX,0.6,10.4,333040,515438,3.46,5.4,0.6,1.6,-0.9,중립,망치형,잔구간,0.68,0.61,2026-08-12
GGB,0.6,4.83,8509013,13407636,41.1,63.68,0.6,2.1,0.8,매수관심,양봉,완만한상승,0.8,1.96,2026-08-12
APLE,0.6,15.73,2346968,3676458,36.92,62.02,0.6,0.2,0.8,매수관심,장대양봉,잔구간,0.86,1.215,2026-08-12
GBDC,0.6,13.09,869825,1426634,11.39,16.16,0.7,-0.4,-0.3,중립,망치형,잔구간,0.66,0.595,2026-08-12
OPRT,0.6,7.52,364379,564446,2.74,5.1,0.5,0.1,-1.2,중립,망치형,잔구간,0.64,0.585,2026-08-12
ORN,0.6,9.93,352725,550075,3.5,9.59,0.4,3.5,-1.8,중립,음봉,완만한상승,0.29,-0.05,2026-08-12
NXDR,0.6,2.55,1938542,3208559,4.94,7.06,0.7,0.8,-4.9,매도주의,장대음봉,잔구간,0.07,-1.26,2026-08-12
OCGN,0.6,1.4,3182828,5049152,4.46,6.0,0.7,0.0,2.2,강한매수,양봉,전고점돌파,0.64,2.37,2026-08-12
SBSW,0.6,10.71,3432302,5657037,36.76,51.52,0.7,2.8,-1.8,매도주의,장대음봉,완만한상승,0.17,-1.5,2026-08-12
SES,0.6,0.571,10277727,16481033,5.87,10.94,0.5,-5.2,7.8,매수관심,장대양봉,잔구간,0.68,1.11,2026-08-12
NWBI,0.6,15.72,622785,995267,9.79,17.01,0.6,0.0,0.6,중립,양봉,잔구간,0.56,0.385,2026-08-12
TRIP,0.6,10.71,3054520,5197127,32.71,59.81,0.5,-1.4,-0.8,중립,팽이도지,잔구간,0.55,0.03,2026-08-12
ARCT,0.6,7.6,422595,717040,3.21,3.85,0.8,0.7,0.4,중립,위꼬리양봉,완만한상승,0.28,-0.36,2026-08-12
ARDX,0.6,3.97,4954857,7724824,19.67,27.43,0.7,0.0,0.8,중립,양봉,잔구간,0.67,0.45,2026-08-12
BHC,0.6,6.21,2195006,3873340,13.63,56.54,0.2,-0.5,0.0,중립,팽이도지,잔구간,0.58,0.05,2026-08-12
BETR,0.6,14.835,593244,918955,8.8,17.63,0.5,0.6,-5.0,매도주의,장대음봉,전저점부근,0.04,-1.8,2026-08-12
NCLH,0.6,18.92,8245705,12958444,156.01,335.0,0.5,1.3,-0.1,매수관심,팽이도지,완만한상승,0.57,0.98,2026-08-12
MYGN,0.6,3.23,1162680,2013260,3.76,13.08,0.3,0.9,-0.6,강한매수,망치형,완만한상승,0.83,2.3,2026-08-12
SITC,0.6,2.98,779894,1318228,2.32,3.75,0.6,1.0,-0.3,중립,팽이도지,잔구간,0.33,-0.1,2026-08-12
NEXA,0.6,14.57,442312,728515,6.44,9.87,0.7,2.9,-2.0,중립,음봉,완만한상승,0.18,-0.18,2026-08-12
NEWP,0.6,6.61,442462,720693,2.92,3.59,0.8,2.6,-1.0,매도주의,음봉,전고점부근,0.48,-1.17,2026-08-12
NEOG,0.6,11.46,1262289,2289420,14.47,35.02,0.4,0.0,-0.3,중립,팽이도지,잔구간,0.52,0.01,2026-08-12
AMCX,0.6,11.75,512147,794164,6.02,13.12,0.5,1.4,-1.7,매도주의,장대음봉,잔구간,0.35,-1.09,2026-08-12
AMPH,0.6,19.98,343843,548913,6.87,10.85,0.6,-1.3,-0.9,중립,망치형,잔구간,0.61,0.565,2026-08-12
GSBD,0.6,9.58,703328,1150504,6.74,10.67,0.6,-0.6,-0.6,중립,음봉,잔구간,0.21,-0.525,2026-08-12
HLN,0.6,9.8,5010516,7786302,49.1,111.67,0.4,-1.3,0.0,중립,팽이도지,잔구간,0.42,-0.05,2026-08-12
HIMX,0.6,15.09,1375155,2210069,20.75,25.65,0.8,3.5,-2.6,매도주의,장대음봉,완만한상승,0.19,-1.47,2026-08-12
CIG,0.6,1.96,2107046,3324092,4.13,7.77,0.5,0.5,-1.0,매도주의,음봉,전저점이탈,0.25,-1.75,2026-08-12
INTR,0.6,5.05,5625050,9774940,28.41,38.31,0.7,0.2,-3.1,매도주의,장대음봉,전저점부근,0.05,-1.79,2026-08-12
IMMR,0.6,7.43,407808,629201,3.03,4.8,0.6,0.3,-0.9,중립,음봉,잔구간,0.49,-0.355,2026-08-12
CSIQ,0.6,15.72,1126548,1805838,17.71,28.12,0.6,3.7,-4.6,매도주의,장대음봉,수횡파,0.04,-1.95,2026-08-12
CWK,0.6,13.81,1213003,1876654,16.75,25.95,0.6,1.1,-0.6,강한매수,망치형,완만한상승,0.75,2.2,2026-08-12
CTOS,0.6,10.82,615545,1091978,6.66,16.26,0.4,2.0,-0.3,매수관심,팽이도지,완만한상승,0.48,0.88,2026-08-12
PK,0.6,14.85,2986005,4803704,44.34,67.15,0.7,0.6,2.9,매수관심,장대양봉,잔구간,1.0,1.3,2026-08-12
PFXF,0.6,18.17,520181,894397,9.45,16.1,0.6,0.2,0.8,강한매수,장대양봉,전고점돌파,0.81,3.87,2026-08-12
DVLT,0.6,0.31,10889956,17023857,3.38,9.19,0.4,1.2,0.0,매수관심,팽이도지,완만한상승,0.66,1.09,2026-08-12
EU,0.6,1.38,2243642,3472542,3.1,4.34,0.7,0.7,-0.7,매도주의,위꼬리음봉,완만한상승,0.2,-0.96,2026-08-12
EQX,0.6,11.53,13381723,23168714,154.29,207.7,0.7,3.3,-4.2,매도주의,장대음봉,잔구간,0.1,-1.24,2026-08-12
DXD,0.6,16.36,872346,1345084,14.27,17.0,0.8,-0.6,0.8,강한매수,장대양봉,완만한상승,0.93,3.42,2026-08-12
DSX,0.6,2.38,515770,882620,1.23,2.23,0.6,0.0,0.8,매수관심,양봉스프링,잔구간,0.89,0.985,2026-08-12
VIVK,0.6,1.33,1105453,1903443,1.47,19.83,0.1,-1.5,3.1,중립,양봉,잔구간,0.6,0.41,2026-08-12
VITL,0.6,11.52,1192592,1965029,13.74,21.69,0.6,-2.2,1.9,매수관심,장대양봉,잔구간,0.88,1.23,2026-08-12
VISN,0.6,11.58,6941804,12509156,80.39,117.27,0.7,0.4,-1.4,중립,음봉,잔구간,0.17,-0.55,2026-08-12
VIR,0.6,8.96,984213,1575172,8.82,13.4,0.7,-0.4,0.8,매수관심,양봉,완만한상승,0.45,1.54,2026-08-12
VET,0.6,11.3,700601,1272853,7.92,17.59,0.5,-1.1,0.6,중립,양봉,잔구간,0.41,0.295,2026-08-12
UUUU,0.6,14.47,5137521,8604204,74.34,101.09,0.7,2.2,-4.2,매도주의,장대음봉,잔구간,0.06,-1.265,2026-08-12
EH,0.6,5.7,316818,543627,1.81,2.86,0.6,1.7,-2.9,매도주의,장대음봉,잔구간,0.21,-1.175,2026-08-12
UEC,0.6,11.36,4827469,7483491,54.84,86.82,0.6,3.0,-3.7,매도주의,장대음봉,잔구간,0.11,-1.235,2026-08-12
PLAY,0.6,10.37,1150015,1964944,11.93,16.62,0.7,1.6,1.8,중립,양봉,잔구간,0.98,0.64,2026-08-12
EXFY,0.6,2.22,1028486,1583503,2.28,3.58,0.6,2.2,-5.9,매도주의,장대음봉,잔구간,0.11,-1.235,2026-08-12
PHR,0.6,12.26,450617,765960,5.52,9.17,0.6,-1.3,1.2,중립,양봉,잔구간,0.97,0.63,2026-08-12
REI,0.6,1.36,2090084,3561113,2.84,4.89,0.6,-1.5,0.7,매수관심,양봉스프링,잔구간,0.75,0.9,2026-08-12
REAL,0.6,11.17,2485553,3832001,27.76,50.36,0.6,0.0,-5.3,강한매도,장대음봉,전저점이탈,0.04,-3.3,2026-08-12
EOLS,0.6,8.12,959131,1513782,7.79,9.37,0.8,-1.2,-1.5,중립,음봉,잔구간,0.18,-0.54,2026-08-12
PLTZ,0.6,10.29,4089546,7284019,42.08,61.77,0.7,0.8,3.3,매수관심,양봉,완만한상승,0.57,1.68,2026-08-12
POET,0.6,8.87,10159869,15775573,90.12,111.21,0.8,4.5,-1.2,중립,음봉,완만한상승,0.55,0.26,2026-08-12
CMCO,0.6,19.28,378455,641026,7.3,21.23,0.3,1.9,-3.3,중립,음봉,잔구간,0.37,-0.43,2026-08-12
NNDM,0.6,1.63,1448733,2319617,2.36,3.61,0.7,0.6,-2.4,중립,음봉,잔구간,0.14,-0.565,2026-08-12
FPI,0.6,9.73,312431,519500,3.04,4.97,0.6,0.0,-0.1,중립,팽이도지,잔구간,0.41,-0.055,2026-08-12
FLYW,0.6,17.46,1551440,2727688,27.09,47.19,0.6,-0.4,0.3,중립,팽이도지,잔구간,0.43,-0.04,2026-08-12
COTY,0.6,2.76,4175202,6492852,11.52,24.02,0.5,0.0,-2.1,매도주의,장대음봉,수횡파,0.4,-1.52,2026-08-12
BDN,0.5,3.14,1137564,2393349,3.57,7.64,0.5,1.3,0.0,강한매수,양봉스프링,완만한상승,0.99,2.99,2026-08-12
PRME,0.5,3.2,1444189,2849813,4.62,8.11,0.6,-0.6,-1.2,중립,음봉,잔구간,0.22,-0.52,2026-08-12
ACRE,0.5,4.7,329616,599462,1.55,3.21,0.5,0.0,-0.6,매도주의,위꼬리음봉,잔구간,0.11,-0.985,2026-08-12
VZLA,0.5,3.8,3308229,6559515,12.57,19.85,0.6,2.6,-3.3,매도주의,장대음봉,잔구간,0.14,-1.215,2026-08-12
WHWK,0.5,4.71,310892,599717,1.46,2.25,0.7,-0.4,1.3,매수관심,팽이도지,완만한상승,0.74,1.19,2026-08-12
EGHT,0.5,2.01,1230604,2302869,2.47,4.0,0.6,-0.5,-5.6,매도주의,장대음봉,잔구간,0.14,-1.215,2026-08-12
TSLX,0.5,18.8,305502,638107,5.74,10.02,0.6,-0.6,0.9,강한매수,양봉,완만한상승,0.85,2.02,2026-08-12
TRLV,0.5,9.11,435673,838508,3.97,7.69,0.5,2.0,-4.0,매도주의,장대음봉,잔구간,0.15,-1.21,2026-08-12
TTD,0.5,13.49,23483802,44609888,316.8,666.68,0.5,-0.7,0.2,중립,팽이도지,잔구간,0.68,0.11,2026-08-12
OPEN,0.5,3.49,19415774,39706720,67.76,148.47,0.5,1.1,-3.6,매도주의,장대음봉,잔구간,0.2,-1.18,2026-08-12
GOOS,0.5,8.64,541540,1030291,4.68,8.93,0.5,-0.7,-0.8,중립,음봉,잔구간,0.12,-0.58,2026-08-12
CCXI,0.5,16.19,1790368,3631197,28.99,45.74,0.6,2.3,-3.3,매도주의,장대음봉,잔구간,0.23,-1.16,2026-08-12
CGNT,0.5,9.13,300358,621973,2.74,4.66,0.6,-1.0,-1.6,중립,음봉,잔구간,0.06,-0.615,2026-08-12
KVUE,0.5,18.98,11026140,24462004,209.28,455.66,0.5,-1.9,1.6,매수관심,장대양봉,잔구간,0.8,1.18,2026-08-12
MAX,0.5,12.84,423222,794605,5.43,13.64,0.4,-2.2,0.2,중립,팽이도지,잔구간,0.31,-0.115,2026-08-12
SOUN,0.5,7.4,18209229,36244357,134.75,277.52,0.5,1.8,-1.9,중립,음봉,잔구간,0.4,-0.41,2026-08-12
SOPH,0.5,7.57,311299,576374,2.36,3.63,0.6,-1.4,0.9,중립,양봉,잔구간,0.85,0.56,2026-08-12
VMD,0.5,9.26,389636,742785,3.61,5.45,0.7,-0.1,-0.1,매수관심,팽이도지,전저점부근,0.57,0.83,2026-08-12
BSCU,0.5,16.56,341182,703204,5.65,11.12,0.5,0.3,-0.2,매도주의,장대음봉,완만한상승,0.0,-1.7,2026-08-12
BSCQ,0.5,19.555,429534,822158,8.4,21.69,0.4,0.0,0.0,강한매수,양봉,전고점돌파,0.5,2.2,2026-08-12
AEG,0.5,9.4,2535450,4705793,23.83,48.09,0.5,0.3,-0.2,중립,음봉,잔구간,0.0,-0.65,2026-08-12
LDI,0.5,0.88,1834598,3853637,1.61,3.63,0.4,-0.9,4.2,중립,양봉,잔구간,0.9,0.59,2026-08-12
MDXG,0.5,4.28,729379,1375791,3.12,8.83,0.4,0.0,-0.9,중립,음봉,잔구간,0.14,-0.565,2026-08-12
SRTA,0.5,6.03,724527,1333315,4.37,7.98,0.5,1.0,-1.0,중립,음봉,완만한상승,0.63,0.36,2026-08-12
YMAX,0.5,7.63,530920,1060625,4.05,8.58,0.5,-1.0,0.0,중립,팽이도지,잔구간,0.29,-0.125,2026-08-12
KREF,0.5,7.66,479741,925325,3.67,6.89,0.5,0.4,0.8,매수관심,양봉,완만한상승,0.75,1.9,2026-08-12
RCKT,0.5,3.41,954048,1839545,3.25,5.92,0.5,-0.3,-2.3,중립,음봉,잔구간,0.07,-0.61,2026-08-12
DDD,0.5,3.63,2308963,4634096,8.38,18.29,0.5,1.6,-6.2,매도주의,장대음봉,잔구간,0.07,-1.26,2026-08-12
PSEC,0.5,2.29,1833523,3702491,4.2,9.74,0.4,0.0,0.4,매수관심,양봉,완만한상승,0.5,1.6,2026-08-12
SPDN,0.5,8.44,21110067,40148796,178.17,408.63,0.4,-0.6,0.4,매수관심,장대양봉,잔구간,0.75,1.15,2026-08-12
SPCU,0.5,13.17,4330957,7935278,57.04,55.13,1.0,3.2,15.6,강한매수,장대양봉,전고점돌파,0.78,3.84,2026-08-12
SSP,0.5,3.39,460405,978804,1.56,2.61,0.6,-1.2,3.7,강한매수,장대양봉,완만한상승,0.8,3.26,2026-08-12
IVVD,0.5,0.732,1685479,3390600,1.23,1.93,0.6,2.8,3.6,강한매수,양봉,완만한상승,0.92,2.1,2026-08-12
ABEV,0.5,2.82,17641778,34940390,49.75,125.42,0.4,0.4,-1.1,강한매도,장대음봉,전저점이탈,0.2,-3.11,2026-08-12
EC,0.5,16.96,1252800,2556524,21.25,39.45,0.5,-0.6,0.3,중립,팽이도지,잔구간,0.67,0.1,2026-08-12
AHCO,0.5,5.77,4282073,8721177,24.71,40.56,0.6,-0.7,2.9,중립,양봉,잔구간,0.69,0.465,2026-08-12
TU,0.5,9.52,5603081,11199509,53.34,132.63,0.4,-0.4,-0.8,중립,음봉,잔구간,0.43,-0.39,2026-08-12
RITM,0.5,10.23,2763524,5690102,28.27,67.84,0.4,0.4,-0.6,중립,음봉,수횡파,0.31,-0.33,2026-08-12
BAER,0.5,1.2,1975727,3798772,2.37,3.46,0.7,-2.3,-5.5,중립,음봉,잔구간,0.08,-0.6,2026-08-12
ERY,0.5,9.8,550237,1155188,5.39,12.81,0.4,1.1,-1.5,중립,음봉,전저점부근,0.14,-0.38,2026-08-12
EVGO,0.5,1.58,2287931,4268909,3.61,6.59,0.5,1.3,-2.5,중립,음봉,잔구간,0.13,-0.57,2026-08-12
CLNE,0.5,1.74,1353776,2467939,2.36,3.67,0.6,1.2,0.6,중립,위꼬리양봉,완만한상승,0.5,-0.1,2026-08-12
FNKO,0.5,5.92,1142454,2463360,6.76,10.87,0.6,1.2,-1.3,중립,망치형,잔구간,0.59,0.555,2026-08-12
FIGS,0.5,14.42,2362267,4362234,34.06,58.52,0.6,0.2,0.8,매수관심,팽이도지,완만한상승,0.71,1.15,2026-08-12
FSK,0.5,12.17,1763456,3286609,21.46,35.85,0.6,0.0,-0.7,중립,음봉,잔구간,0.51,-0.345,2026-08-12
NTLA,0.5,12.09,2041977,4340558,24.69,41.32,0.6,0.3,0.2,매수관심,팽이도지,완만한상승,0.49,0.89,2026-08-12
SABR,0.5,2.06,3101616,5917115,6.39,10.34,0.6,-1.0,4.6,매수관심,양봉,완만한상승,0.75,1.9,2026-08-12
OBDC,0.5,11.67,2949306,5391715,34.42,59.36,0.6,0.4,-0.5,중립,망치형,잔구간,0.61,0.565,2026-08-12
SBGI,0.5,13.88,344517,683899,4.78,9.31,0.5,0.0,1.5,중립,양봉,잔구간,0.77,0.51,2026-08-12
ARHS,0.5,9.65,1161572,2285984,11.21,17.68,0.6,-0.2,-1.7,중립,음봉,잔구간,0.26,-0.495,2026-08-12
GTN,0.5,4.84,799354,1464981,3.87,7.58,0.5,1.5,0.2,매수관심,팽이도지,완만한상승,0.74,1.19,2026-08-12
GEVO,0.5,1.58,1884210,3771276,2.98,5.37,0.6,0.6,-3.7,매도주의,장대음봉,잔구간,0.24,-1.155,2026-08-12
TBI,0.5,9.92,311613,666586,3.09,4.42,0.7,-0.8,-1.9,중립,음봉,잔구간,0.23,-0.51,2026-08-12
TAK,0.5,17.41,2004374,4262931,34.9,75.34,0.5,-0.7,0.3,중립,양봉,잔구간,0.5,0.35,2026-08-12
HBAN,0.5,17.86,15539012,29175431,277.53,445.72,0.6,0.4,0.1,매수관심,양봉스프링,전고점부근,0.79,1.4,2026-08-12
HOVR,0.5,1.99,792416,1712657,1.58,2.62,0.6,1.0,-2.9,중립,음봉,잔구간,0.2,-0.53,2026-08-12
ALOY,0.5,12.54,1974981,3917976,24.77,41.8,0.6,3.0,-4.5,매도주의,장대음봉,잔구간,0.06,-1.265,2026-08-12
NAK,0.5,1.7,1829355,3581581,3.11,6.87,0.5,0.0,0.0,중립,팽이도지,완만한상승,0.29,0.65,2026-08-12
NAGE,0.5,3.06,395186,822359,1.21,2.91,0.4,0.6,-1.3,매도주의,장대음봉,잔구간,0.31,-1.115,2026-08-12
NEO,0.5,16.42,1047450,1926134,17.2,52.25,0.3,-0.8,0.1,중립,팽이도지,잔구간,0.53,0.02,2026-08-12
GTE,0.5,9.35,727046,1545423,6.8,28.13,0.2,-3.4,1.5,중립,위꼬리양봉,잔구간,0.31,-0.615,2026-08-12
NMFC,0.5,7.71,343689,652416,2.65,5.05,0.5,0.0,-0.3,중립,팽이도지,잔구간,0.55,0.03,2026-08-12
BLZE,0.5,19.34,2137741,3892583,41.34,71.01,0.6,1.5,1.8,중립,위꼬리양봉,완만한상승,0.39,-0.23,2026-08-12
NUVB,0.5,6.42,2592651,5167959,16.64,35.92,0.5,0.8,0.0,매수관심,팽이도지,완만한상승,0.66,1.09,2026-08-12
OCSL,0.5,12.74,433584,804544,5.52,8.04,0.7,-0.1,-0.5,중립,음봉,잔구간,0.47,-0.37,2026-08-12
AAOZ,0.5,10.47,2008673,4312041,21.03,38.67,0.5,-11.1,5.7,중립,위꼬리양봉,잔구간,0.33,-0.6,2026-08-12
ACCO,0.5,4.32,393618,815894,1.7,3.07,0.6,0.2,0.5,강한매수,양봉스프링,완만한상승,0.83,2.8,2026-08-12
FLNC,0.5,13.2,4049728,8891554,53.46,137.81,0.4,3.0,-2.3,중립,음봉,잔구간,0.2,-0.53,2026-08-12
CPNG,0.5,16.32,12120847,24523091,197.81,377.43,0.5,-0.2,-0.9,중립,음봉,잔구간,0.07,-0.61,2026-08-12
CLVT,0.5,1.86,2304233,4315357,4.29,12.6,0.3,-0.5,-2.1,매도주의,장대음봉,잔구간,0.08,-1.25,2026-08-12
FEAM,0.5,1.76,573742,1176313,1.01,3.63,0.3,2.7,-6.9,매도주의,장대음봉,잔구간,0.25,-1.15,2026-08-12
TCPC,0.4,4.0,429855,965234,1.72,4.0,0.4,0.0,2.6,강한매수,장대양봉,완만한상승,0.94,3.43,2026-08-12
STGW,0.4,9.35,795041,1868298,7.43,19.44,0.4,-0.6,1.4,강한매수,양봉,완만한상승,0.9,2.08,2026-08-12
ADBG,0.4,4.54,1555700,4379602,7.06,26.67,0.3,-4.2,0.4,중립,팽이도지,잔구간,0.41,-0.055,2026-08-12
ACRS,0.4,5.84,937108,2482517,5.47,13.49,0.4,0.3,-1.7,매도주의,장대음봉,잔구간,0.0,-1.3,2026-08-12
DAMD,0.4,1.61,23328136,58188127,37.56,96.3,0.4,-4.8,0.6,중립,팽이도지,잔구간,0.63,0.08,2026-08-12
JELD,0.4,1.89,708003,1662561,1.34,3.66,0.4,1.6,-1.6,강한매수,망치형,완만한상승,0.68,2.12,2026-08-12
YXT,0.4,4.53,350880,784004,1.59,164.0,0.0,2.7,-14.7,매도주의,장대음봉,잔구간,0.01,-1.295,2026-08-12
CRMG,0.4,5.96,1715661,4724291,10.23,32.36,0.3,-4.3,0.2,중립,팽이도지,잔구간,0.31,-0.115,2026-08-12
SMJF,0.4,9.6,544897,1280518,5.23,7.53,0.7,-0.2,5.7,강한매수,장대양봉,전고점돌파,0.8,3.86,2026-08-12
KC,0.4,11.75,653295,1546762,7.68,22.71,0.3,1.1,-1.1,중립,음봉,잔구간,0.55,-0.32,2026-08-12
ACDC,0.4,5.14,1344321,3057351,6.91,10.41,0.7,-0.6,-1.9,매도주의,위꼬리음봉,잔구간,0.11,-0.985,2026-08-12
AVTX,0.4,19.55,317250,732385,6.2,15.34,0.4,0.3,0.2,매수관심,팽이도지,완만한상승,0.56,0.97,2026-08-12
NNBR,0.4,3.66,1947238,4424463,7.13,13.99,0.5,2.7,-2.4,중립,음봉,완만한상승,0.5,0.2,2026-08-12
ONFO,0.4,2.35,924775,2255457,2.17,7.56,0.3,-4.5,0.0,매수관심,양봉스프링,잔구간,0.88,0.98,2026-08-12
GENI,0.4,7.65,3950312,10835065,30.22,71.35,0.4,-0.4,-1.3,중립,음봉,잔구간,0.39,-0.415,2026-08-12
HODL,0.4,17.92,491887,1133727,8.81,23.27,0.4,0.6,-0.8,매도주의,장대음봉,잔구간,0.16,-1.205,2026-08-12
GSM,0.4,4.45,1282775,2870710,5.71,9.74,0.6,-0.4,-2.2,중립,음봉,잔구간,0.19,-0.535,2026-08-12
ARVN,0.4,8.87,524458,1394860,4.65,10.67,0.4,0.0,-1.3,중립,음봉,잔구간,0.57,-0.31,2026-08-12
FATE,0.4,2.72,1230019,2807449,3.35,6.46,0.5,0.4,-1.1,중립,음봉,잔구간,0.26,-0.495,2026-08-12
TWO,0.3,12.04,1466615,4618302,17.66,62.75,0.3,0.1,0.3,강한매수,장대양봉,완만한상승,0.8,3.26,2026-08-12
BBDC,0.3,9.23,373500,1122263,3.45,7.56,0.5,-0.1,-0.8,중립,음봉,잔구간,0.43,-0.39,2026-08-12
MSOS,0.3,4.56,1843854,5560351,8.41,20.23,0.4,-0.1,-1.4,매도주의,장대음봉,잔구간,0.1,-1.24,2026-08-12
AMIX,0.2,7.535,334095,2012712,2.52,289.64,0.0,-4.1,-13.9,매도주의,장대음봉,잔구간,0.04,-1.275,2026-08-12
ZJYL,0.1,3.49,349657,6051050,1.22,10.54,0.1,-14.8,37.4,강한매수,장대양봉,완만한상승,0.98,3.48,2026-08-12
WYHG,0.1,6.53,675092,6216230,4.41,72.47,0.1,-14.7,3.7,중립,위꼬리양봉,잔구간,0.33,-0.6,2026-08-12
CELZ,0.0,1.2,1103793,23563775,1.32,44.29,0.0,0.0,-3.2,중립,음봉,잔구간,0.27,-0.49,2026-08-12
