ticker,ratio,latest_close,latest_volume,baseline_volume,dollar_volume_M,avg_dollar_vol_10d_M,dollar_surge_x,signal_gap_%,intraday_chg_%,candle_signal,candle_shape,candle_pos,close_pos,candle_score,latest_date
AEHL,521.0,0.717,96649978,185503,69.26,6.27,11.0,30.9,-1.6,매도주의,위꼬리음봉,잔구간,0.16,-0.955,2026-07-23
LGCL,512.8,1.76,64305052,125401,113.18,1.35,83.6,67.1,10.7,강한매수,양봉,전고점돌파,0.76,2.51,2026-07-23
EHGO,363.7,2.71,80233712,220610,217.43,7.57,28.7,134.1,-34.2,중립,음봉,전고점돌파,0.18,0.42,2026-07-23
ZCMD,279.7,1.73,31377466,112190,54.28,56.55,1.0,-12.1,-54.1,중립,음봉,잔구간,0.05,-0.62,2026-07-23
JEM,215.7,4.74,27254803,126369,129.19,2.48,52.0,46.5,-8.3,중립,음봉,잔구간,0.47,-0.37,2026-07-23
PLAG,182.9,0.697,41168441,225112,28.69,1.67,17.2,30.9,-9.6,중립,음봉,잔구간,0.42,-0.4,2026-07-23
OMH,98.5,0.424,20106367,204142,8.53,25.12,0.3,10.2,6.6,중립,위꼬리양봉,잔구간,0.39,-0.565,2026-07-23
LICN,77.9,1.19,4350249,55861,5.18,2.24,2.3,0.8,30.8,중립,양봉,잔구간,0.66,0.445,2026-07-23
YOUL,62.9,0.78,7349731,116825,5.73,0.32,17.9,-5.4,37.3,강한매수,양봉,전고점돌파,0.61,2.33,2026-07-23
UCAR,60.8,1.0,3634684,59738,3.63,0.92,4.0,-1.0,-3.8,매도주의,장대음봉,전저점부근,0.0,-1.85,2026-07-23
GSUN,55.8,0.346,23707276,425184,8.2,1.45,5.6,2.1,23.6,매수관심,양봉,완만한상승,0.53,1.64,2026-07-23
IPW,53.9,0.83,16341645,303292,13.56,1.78,7.6,-6.7,0.0,중립,위꼬리양봉,전저점부근,0.09,-0.74,2026-07-23
TNMG,43.9,0.4,6776182,154460,2.71,0.19,14.4,0.0,17.6,매수관심,양봉,완만한상승,0.43,1.52,2026-07-23
ANY,35.6,1.765,5551918,155762,9.8,0.51,19.1,0.0,8.3,강한매수,장대양봉,완만한상승,0.86,3.33,2026-07-23
DOMO,24.2,3.95,30837062,1276497,121.81,4.04,30.2,36.0,-7.8,중립,음봉,전고점돌파,0.31,0.57,2026-07-23
NCI,19.9,11.71,1404156,70566,16.44,2.11,7.8,-5.3,5.7,강한매수,장대양봉,완만한상승,0.9,3.38,2026-07-23
CHAI,18.1,0.469,4474234,247700,2.1,7.76,0.3,-8.1,2.0,매수관심,양봉스프링,잔구간,0.77,0.91,2026-07-23
LGHL,15.9,1.24,4679664,293696,5.8,11.66,0.5,-0.7,-7.5,중립,음봉,전저점부근,0.39,-0.08,2026-07-23
SMCZ,15.2,6.33,5739394,376961,36.33,14.75,2.5,1.2,-5.5,중립,음봉,잔구간,0.57,-0.31,2026-07-23
LABT,14.4,3.06,2060651,142722,6.31,27.66,0.2,4.1,-13.8,매도주의,장대음봉,잔구간,0.37,-1.08,2026-07-23
NIKI,13.3,8.58,2798618,210284,24.01,3.59,6.7,-1.1,-3.5,중립,팽이도지,잔구간,0.3,-0.12,2026-07-23
VIVK,12.1,2.12,23666613,1963298,50.17,40.04,1.3,-4.9,36.8,중립,양봉,잔구간,0.57,0.39,2026-07-23
TMDE,11.9,1.03,1534835,128500,1.58,0.23,6.8,4.0,15.1,강한매수,양봉,전고점돌파,0.7,2.44,2026-07-23
CJMB,10.5,2.35,32626318,3119828,76.67,8.2,9.4,7.1,30.6,강한매수,양봉,전고점돌파,0.47,2.16,2026-07-23
OTLY,10.4,12.56,596173,57542,7.49,1.65,4.5,-2.6,19.6,매수관심,장대양봉,전고점부근,0.86,1.98,2026-07-23
ACI,10.4,11.44,47789673,4595402,546.71,90.82,6.0,-14.4,-8.5,강한매도,장대음봉,전저점이탈,0.28,-3.01,2026-07-23
AXG,10.3,3.2,684307,66522,2.19,0.19,11.3,0.6,-0.6,강한매수,망치형,완만한상승,0.7,2.14,2026-07-23
VGSR,9.4,11.576,689157,73617,7.98,0.75,10.7,-0.3,0.2,중립,위꼬리양봉,잔구간,0.33,-0.6,2026-07-23
SKYQ,8.6,5.64,34569141,4027958,194.97,31.72,6.1,12.6,21.3,강한매수,양봉,전고점돌파,0.62,2.34,2026-07-23
NVCR,8.4,19.99,8948689,1067046,178.88,17.97,10.0,15.6,11.1,강한매수,장대양봉,전고점돌파,0.78,3.84,2026-07-23
MRCOU,7.9,10.02,519765,66155,5.21,9.54,0.5,0.0,0.0,강한매수,양봉스프링,완만한상승,1.0,3.0,2026-07-23
NVVE,7.5,3.23,11754689,1568591,37.97,46.51,0.8,-5.0,-41.3,강한매도,위꼬리음봉,전저점이탈,0.09,-2.74,2026-07-23
OPEX,7.5,11.35,495541,66289,5.62,1.95,2.9,-4.3,-21.2,강한매도,장대음봉,전저점이탈,0.1,-3.23,2026-07-23
NPCE,6.8,14.68,553283,81218,8.12,1.92,4.2,0.1,0.5,중립,팽이도지,잔구간,0.47,-0.02,2026-07-23
INLF,6.7,3.75,902719,134131,3.39,19.82,0.2,-12.2,13.6,중립,양봉,잔구간,1.0,0.65,2026-07-23
EVH,6.5,4.64,11186764,1721045,51.91,11.39,4.6,-3.9,-13.3,강한매도,장대음봉,전저점이탈,0.05,-3.29,2026-07-23
KIDZ,6.4,0.544,4162811,651707,2.27,16.56,0.1,-18.0,15.8,매수관심,장대양봉,잔구간,0.94,1.265,2026-07-23
MODD,6.0,3.04,546226,91446,1.66,0.5,3.3,3.7,-1.0,중립,팽이도지,잔구간,0.59,0.055,2026-07-23
RBNE,5.9,5.68,665127,112876,3.78,1.28,2.9,0.2,27.1,강한매수,장대양봉,완만한상승,0.67,3.1,2026-07-23
BRUNW,5.5,12.57,580831,106097,7.3,1.3,5.6,-0.0,-1.4,매도주의,위꼬리음봉,잔구간,0.25,-0.9,2026-07-23
TKC,5.5,5.6,5801160,1061178,32.49,7.58,4.3,-5.1,0.5,중립,양봉,전저점이탈,0.8,0.31,2026-07-23
SSTK,5.4,5.76,4989501,917500,28.74,9.26,3.1,-5.7,-17.2,강한매도,장대음봉,전저점이탈,0.28,-3.01,2026-07-23
CYH,5.3,2.78,8007777,1521170,22.26,6.35,3.5,-12.4,-1.4,강한매도,위꼬리음봉,전저점이탈,0.25,-2.55,2026-07-23
MBLY,5.3,7.47,29289432,5515263,218.79,58.49,3.7,-7.2,-8.3,매도주의,음봉,전저점이탈,0.32,-1.67,2026-07-23
CXDO,5.2,6.69,2115989,408226,14.16,2.97,4.8,-2.1,-8.4,매도주의,음봉,전저점이탈,0.56,-1.38,2026-07-23
MTEN,5.2,1.2,1303925,248482,1.56,3.99,0.4,-8.0,4.3,중립,팽이도지,잔구간,0.61,0.065,2026-07-23
ADVB,5.2,16.78,11978773,2282334,201.0,86.03,2.3,23.7,10.8,매수관심,팽이도지,완만한상승,0.5,0.9,2026-07-23
COPY,5.2,15.204,590393,113486,8.98,1.73,5.2,0.2,-1.5,매도주의,장대음봉,잔구간,0.1,-1.24,2026-07-23
CBRZ,5.1,13.4,732937,144457,9.82,6.07,1.6,4.6,-12.9,중립,음봉,잔구간,0.47,-0.37,2026-07-23
QSU,4.9,5.63,567695,116761,3.2,0.96,3.3,-11.1,-16.3,매도주의,음봉,전저점이탈,0.2,-1.81,2026-07-23
RNTX,4.8,0.8,1345932,277629,1.08,0.32,3.4,1.5,-6.1,매도주의,음봉,전저점이탈,0.38,-1.59,2026-07-23
ENHA,4.7,3.36,1512597,321285,5.08,1.38,3.7,0.3,10.9,강한매수,양봉,전고점돌파,0.73,2.48,2026-07-23
NHIC,4.6,10.8,388840,85055,4.2,1.05,4.0,-0.5,0.4,매수관심,장대양봉,잔구간,0.6,1.06,2026-07-23
TSLL,4.6,7.76,215821995,47005418,1674.78,542.96,3.1,-17.7,-14.0,강한매도,장대음봉,전저점이탈,0.14,-3.18,2026-07-23
ACOG,4.4,8.23,359656,81788,2.96,0.8,3.7,1.3,2.9,매수관심,팽이도지,완만한상승,0.74,1.19,2026-07-23
TPET,4.4,0.322,6709341,1510930,2.16,0.94,2.3,2.5,-0.2,중립,팽이도지,완만한상승,0.34,0.71,2026-07-23
FTMA,4.4,8.93,326279,74718,2.91,1.21,2.4,0.1,-0.6,강한매도,장대음봉,전저점이탈,0.37,-2.91,2026-07-23
LVWR,4.3,0.77,2077564,486826,1.6,0.75,2.1,1.8,-16.8,매도주의,장대음봉,잔구간,0.0,-1.3,2026-07-23
TASK,4.2,5.35,2044366,487521,10.94,3.83,2.9,-1.7,-7.0,강한매도,장대음봉,전저점이탈,0.07,-3.27,2026-07-23
RDY,4.1,11.8,7332864,1769889,86.53,32.81,2.6,1.9,1.7,중립,양봉,잔구간,0.7,0.47,2026-07-23
LBRT,3.9,19.62,13699752,3488393,268.79,77.6,3.5,3.4,-24.5,강한매도,장대음봉,전저점이탈,0.0,-3.35,2026-07-23
ASG,3.9,5.07,974399,246864,4.94,1.13,4.4,-0.6,-0.8,중립,팽이도지,전저점이탈,0.5,-0.75,2026-07-23
LUXE,3.9,7.96,333954,86410,2.66,0.8,3.3,-1.6,0.3,매수관심,양봉스프링,잔구간,0.83,0.95,2026-07-23
PYXS,3.9,2.68,1610737,408755,4.32,2.12,2.0,2.2,3.7,강한매수,양봉,전고점돌파,0.66,2.39,2026-07-23
OVID,3.9,2.4,4728431,1220299,11.35,3.32,3.4,-0.8,1.7,매수관심,양봉,수횡파,0.79,1.65,2026-07-23
TUYA,3.8,1.62,1804920,475304,2.92,1.11,2.6,-0.6,-6.9,강한매도,장대음봉,전저점이탈,0.0,-3.35,2026-07-23
CLM,3.8,7.16,4035098,1049413,28.89,12.13,2.4,-0.5,-3.2,강한매도,장대음봉,전저점이탈,0.19,-3.12,2026-07-23
GMEU,3.7,7.59,568615,152823,4.32,1.44,3.0,-1.2,-1.2,매도주의,음봉,전저점이탈,0.47,-1.49,2026-07-23
ADAG,3.7,3.37,346654,92442,1.17,0.69,1.7,-1.7,-4.3,중립,음봉,잔구간,0.16,-0.555,2026-07-23
SMCL,3.5,12.98,2132828,615017,27.68,9.28,3.0,-1.4,5.8,중립,양봉,잔구간,0.43,0.31,2026-07-23
TSLT,3.5,10.83,6569226,1856667,71.14,33.92,2.1,-17.5,-14.5,강한매도,장대음봉,전저점이탈,0.13,-3.19,2026-07-23
CLF,3.5,10.96,67421952,19209556,738.94,175.95,4.2,12.9,2.7,강한매수,양봉,전고점돌파,0.42,2.1,2026-07-23
EONR,3.4,0.57,2027968,592966,1.16,0.39,3.0,0.1,4.6,중립,위꼬리양봉,완만한상승,0.33,-0.3,2026-07-23
SPWR,3.4,0.5,6573976,1911627,3.29,1.4,2.3,0.8,-15.0,강한매도,장대음봉,전저점이탈,0.21,-3.1,2026-07-23
BDN,3.4,3.07,4696552,1372437,14.42,5.41,2.7,-0.7,0.7,중립,위꼬리양봉,완만한상승,0.19,-0.47,2026-07-23
ASTL,3.4,4.35,2220280,659493,9.66,2.75,3.5,0.2,6.6,강한매수,장대양봉,전고점돌파,0.97,4.06,2026-07-23
JPMpM,3.4,16.9,423673,124569,7.16,2.35,3.0,-0.2,-1.2,강한매도,장대음봉,전저점이탈,0.12,-3.21,2026-07-23
COLD,3.3,14.1,10430929,3178009,147.08,53.98,2.7,-3.9,-4.1,매도주의,음봉,전저점이탈,0.29,-1.7,2026-07-23
CPIX,3.3,6.985,419000,128469,2.93,0.98,3.0,-5.3,3.6,매수관심,양봉스프링,잔구간,0.95,1.02,2026-07-23
TSLR,3.3,13.365,2723352,825097,36.4,17.49,2.1,-17.7,-13.7,강한매도,장대음봉,전저점이탈,0.15,-3.17,2026-07-23
ISD,3.3,12.51,356327,107273,4.46,1.38,3.2,-0.2,-1.5,매도주의,음봉,전저점이탈,0.38,-1.59,2026-07-23
LDI,3.3,0.968,5207667,1564390,5.04,1.77,2.8,-1.0,-5.1,강한매도,장대음봉,전저점이탈,0.25,-3.05,2026-07-23
VET,3.2,11.24,3478586,1088972,39.1,11.88,3.3,3.2,-1.2,중립,음봉,완만한상승,0.17,-0.2,2026-07-23
RGTU,3.2,10.76,431517,134403,4.64,1.43,3.3,-6.3,-0.2,매도주의,위꼬리음봉,잔구간,0.1,-0.99,2026-07-23
AMPL,3.1,8.05,3923877,1276154,31.59,15.92,2.0,0.9,-8.7,매도주의,음봉,전저점이탈,0.37,-1.61,2026-07-23
CGBD,3.1,10.01,2063861,660760,20.66,5.96,3.5,0.5,-3.5,강한매도,장대음봉,전저점이탈,0.04,-3.3,2026-07-23
OGN,3.1,13.56,6563596,2151067,89.0,27.36,3.3,-0.1,0.4,강한매수,장대양봉,전고점돌파,0.71,3.75,2026-07-23
RGP,3.1,3.76,1973094,627075,7.42,2.77,2.7,-15.8,-3.1,매도주의,음봉,전저점이탈,0.37,-1.61,2026-07-23
FLWS,3.1,3.89,630370,203115,2.45,0.87,2.8,-2.4,-5.4,중립,음봉,잔구간,0.24,-0.505,2026-07-23
ZYBT,3.0,1.8,15572594,5276150,28.03,145.24,0.2,27.5,2.3,매수관심,팽이도지,완만한상승,0.47,0.86,2026-07-23
XXI,3.0,4.61,3175048,1066984,14.64,8.1,1.8,-3.8,-4.6,중립,음봉,잔구간,0.36,-0.435,2026-07-23
CRBP,3.0,9.32,639811,212784,5.96,2.1,2.8,-1.1,6.6,강한매수,장대양봉,전고점돌파,0.79,3.85,2026-07-23
ALVO,3.0,3.18,1179396,396984,3.75,1.93,1.9,0.6,-0.9,중립,팽이도지,전저점부근,0.42,0.65,2026-07-23
TpC,2.9,17.12,412263,144157,7.06,4.48,1.6,-0.4,-1.3,강한매도,장대음봉,전저점이탈,0.21,-3.1,2026-07-23
KZIA,2.9,13.04,381380,133259,4.97,2.13,2.3,-0.3,-10.4,매도주의,장대음봉,잔구간,0.24,-1.155,2026-07-23
UTZ,2.9,14.09,8491445,2903576,119.64,129.26,0.9,0.1,0.1,매수관심,양봉스프링,전고점부근,0.75,1.35,2026-07-23
AVAL,2.9,4.94,300248,104793,1.48,0.61,2.4,-1.4,-0.6,중립,팽이도지,잔구간,0.45,-0.03,2026-07-23
KLTR,2.9,1.37,871692,302831,1.19,0.35,3.4,-2.7,-3.5,중립,음봉,잔구간,0.37,-0.43,2026-07-23
WAGN,2.8,13.785,368330,130330,5.08,2.29,2.2,-0.6,-0.4,중립,음봉,잔구간,0.19,-0.535,2026-07-23
EAD,2.8,6.3,438979,156842,2.77,1.52,1.8,-0.3,-0.6,강한매도,장대음봉,전저점이탈,0.09,-3.24,2026-07-23
ATII,2.8,10.7,385122,136416,4.12,1.78,2.3,-0.2,0.4,매수관심,장대양봉,잔구간,0.67,1.1,2026-07-23
HIO,2.8,3.57,880212,319381,3.14,0.9,3.5,0.0,-1.4,매도주의,음봉,전저점이탈,0.58,-1.35,2026-07-23
NOWL,2.7,3.66,34234156,12782619,125.3,75.25,1.7,9.1,-15.1,강한매도,장대음봉,전저점이탈,0.07,-3.27,2026-07-23
GOOY,2.7,11.81,978487,359582,11.56,4.3,2.7,-5.4,-1.3,매도주의,음봉,전저점이탈,0.42,-1.55,2026-07-23
TSL,2.7,11.72,1083585,405334,12.7,6.99,1.8,-11.2,-8.3,강한매도,장대음봉,전저점이탈,0.13,-3.19,2026-07-23
WALD,2.7,1.74,675219,248181,1.17,0.5,2.4,0.0,-1.7,중립,음봉,잔구간,0.43,-0.39,2026-07-23
CNH,2.7,10.62,20111345,7352007,213.58,81.41,2.6,-0.3,-0.5,매도주의,위꼬리음봉,잔구간,0.12,-0.98,2026-07-23
TEMT,2.7,14.72,505537,188730,7.44,4.16,1.8,-3.7,-1.5,강한매도,위꼬리음봉,전저점이탈,0.18,-2.63,2026-07-23
CX,2.6,12.26,13159769,5021586,161.34,68.37,2.4,1.7,-5.3,강한매도,장대음봉,전저점이탈,0.1,-3.23,2026-07-23
FOSL,2.6,3.99,1161930,440798,4.64,2.97,1.6,-1.7,-2.4,매도주의,장대음봉,잔구간,0.25,-1.15,2026-07-23
AIRJ,2.6,4.48,2502594,962300,11.21,5.86,1.9,0.9,-3.4,중립,음봉,잔구간,0.53,-0.33,2026-07-23
SJT,2.6,2.53,461790,179797,1.17,0.61,1.9,0.0,1.2,중립,위꼬리양봉,완만한상승,0.37,-0.26,2026-07-23
HBAN,2.6,17.4,68577289,26088093,1193.24,378.47,3.2,-4.7,-0.0,매도주의,팽이도지,전저점이탈,0.46,-0.8,2026-07-23
INDO,2.6,3.07,607810,236929,1.87,0.95,2.0,3.2,-4.1,매도주의,장대음봉,잔구간,0.16,-1.205,2026-07-23
PALI,2.6,2.02,5911949,2236939,11.94,5.65,2.1,6.8,-0.5,매도주의,위꼬리음봉,완만한상승,0.22,-0.94,2026-07-23
HYLN,2.5,4.12,5361135,2179962,22.09,9.85,2.2,9.2,-4.0,중립,음봉,완만한상승,0.17,-0.2,2026-07-23
INO,2.5,1.02,2270990,899671,2.32,1.25,1.9,0.0,-3.8,강한매도,장대음봉,전저점이탈,0.33,-2.95,2026-07-23
AERO,2.5,14.85,408557,162984,6.07,2.89,2.1,-2.7,0.4,중립,위꼬리양봉,전저점부근,0.24,-0.56,2026-07-23
VALE,2.5,14.83,40181001,16282754,595.88,263.77,2.3,-0.3,0.2,중립,위꼬리양봉,잔구간,0.13,-0.72,2026-07-23
TSLZ,2.5,16.49,5903871,2325579,97.35,25.73,3.8,17.8,9.8,강한매수,장대양봉,전고점돌파,0.86,3.93,2026-07-23
PRCH,2.5,11.63,2443991,960367,28.42,19.09,1.5,-0.9,-3.7,강한매도,장대음봉,전저점이탈,0.12,-3.21,2026-07-23
SKHZ,2.5,11.9,3757471,1524154,44.71,22.41,2.0,-3.2,0.8,매수관심,양봉스프링,잔구간,0.78,0.92,2026-07-23
KSCP,2.5,1.7,2563758,1028049,4.36,5.35,0.8,-4.3,-14.6,매도주의,장대음봉,잔구간,0.0,-1.3,2026-07-23
BZFD,2.4,1.13,1050760,445609,1.19,0.6,2.0,-3.2,-5.8,강한매도,장대음봉,전저점이탈,0.0,-3.35,2026-07-23
VWAV,2.4,3.28,1130757,466595,3.71,1.74,2.1,1.4,-7.6,매도주의,음봉,전저점이탈,0.24,-1.76,2026-07-23
BCAR,2.4,10.36,1817925,757310,18.83,8.85,2.1,0.0,0.0,매수관심,팽이도지,완만한상승,0.5,0.9,2026-07-23
QS,2.4,5.115,63868752,26787690,326.69,157.21,2.1,-6.0,-7.3,매도주의,음봉,전저점이탈,0.19,-1.82,2026-07-23
PCG,2.4,17.54,38979793,16122917,683.71,247.58,2.8,-1.7,-1.5,중립,음봉,잔구간,0.15,-0.56,2026-07-23
BSCQ,2.4,19.505,1792357,757660,34.96,13.22,2.6,-0.0,0.0,매수관심,양봉,완만한상승,0.5,1.6,2026-07-23
CCAP,2.4,10.78,587313,245950,6.33,2.72,2.3,-0.5,-2.0,강한매도,장대음봉,전저점이탈,0.39,-2.88,2026-07-23
OBE,2.4,10.73,2213183,930047,23.75,7.75,3.1,4.3,0.8,매수관심,팽이도지,전고점돌파,0.53,1.54,2026-07-23
NMCO,2.4,10.47,316322,132557,3.31,1.64,2.0,-0.6,-0.8,강한매도,장대음봉,전저점이탈,0.08,-3.25,2026-07-23
SIGA,2.4,3.15,1137242,467150,3.58,1.81,2.0,-1.2,-6.0,강한매도,장대음봉,전저점이탈,0.2,-3.11,2026-07-23
SFL,2.4,11.86,2751206,1149435,32.63,12.53,2.6,0.7,3.8,강한매수,장대양봉,전고점돌파,1.0,4.1,2026-07-23
NCDL,2.4,12.11,356613,149706,4.32,1.77,2.4,-0.3,-2.8,강한매도,음봉,전저점이탈,0.02,-2.03,2026-07-23
NHS,2.4,6.0,366554,150532,2.2,0.88,2.5,-0.3,-1.3,강한매도,장대음봉,전저점이탈,0.0,-3.35,2026-07-23
SHC,2.3,17.49,5700374,2488021,99.7,49.94,2.0,-0.9,2.0,매수관심,장대양봉,잔구간,0.72,1.13,2026-07-23
USOY,2.3,7.91,726306,316546,5.75,3.26,1.8,3.0,1.5,강한매수,양봉,전고점돌파,0.5,2.2,2026-07-23
MNSO,2.3,12.4,1324836,566471,16.43,8.93,1.8,-0.6,-0.2,중립,팽이도지,잔구간,0.58,0.05,2026-07-23
SLQT,2.3,0.692,1494097,660695,1.03,0.65,1.6,-2.1,-1.3,강한매도,위꼬리음봉,전저점이탈,0.2,-2.61,2026-07-23
GETY,2.3,0.429,9106897,3875281,3.91,3.11,1.3,-1.1,-9.7,강한매도,장대음봉,전저점이탈,0.13,-3.19,2026-07-23
CTM,2.3,0.7,1896307,812714,1.33,0.53,2.5,-1.5,9.3,강한매수,장대양봉,전고점돌파,0.95,4.04,2026-07-23
AADX,2.2,19.1,1390093,642009,26.55,11.42,2.3,3.6,6.6,매수관심,장대양봉,잔구간,0.79,1.175,2026-07-23
OMAH,2.2,18.63,1549290,717832,28.86,14.56,2.0,-0.4,-0.9,강한매도,장대음봉,전저점이탈,0.22,-3.09,2026-07-23
SMCX,2.2,9.4,11362462,5220291,106.81,50.67,2.1,-1.2,5.9,중립,양봉,잔구간,0.43,0.31,2026-07-23
RDTL,2.2,18.89,528644,239702,9.99,8.5,1.2,4.5,-6.3,중립,음봉,잔구간,0.0,-0.65,2026-07-23
MITK,2.2,15.91,1338340,617566,21.29,11.2,1.9,-1.8,-5.6,강한매도,장대음봉,전저점이탈,0.06,-3.28,2026-07-23
MBI,2.2,5.76,646857,289305,3.73,1.83,2.0,-0.2,-4.0,강한매도,장대음봉,전저점이탈,0.06,-3.28,2026-07-23
NG,2.2,5.92,8160541,3708612,48.31,33.42,1.4,-2.4,-2.3,중립,음봉,잔구간,0.33,-0.45,2026-07-23
PACK,2.2,6.31,734436,332967,4.63,2.25,2.1,-1.9,-8.3,강한매도,장대음봉,전저점이탈,0.07,-3.27,2026-07-23
LAB,2.2,0.875,2976205,1375944,2.61,1.56,1.7,-2.1,9.3,강한매수,장대양봉,완만한상승,0.94,3.43,2026-07-23
LESL,2.2,1.33,2114330,943330,2.81,6.58,0.4,-37.8,-11.3,매도주의,음봉,전저점이탈,0.12,-1.91,2026-07-23
ENGN,2.2,1.89,1659521,758029,3.14,1.65,1.9,-1.1,3.3,매수관심,양봉,완만한상승,0.72,1.86,2026-07-23
EDZ,2.2,16.82,393267,182725,6.61,2.91,2.3,2.2,-0.2,매수관심,팽이도지,완만한상승,0.48,0.88,2026-07-23
FLO,2.1,7.75,7304496,3443968,56.61,34.47,1.6,-1.1,-5.1,강한매도,장대음봉,전저점이탈,0.17,-3.15,2026-07-23
TRDA,2.1,6.05,791911,377071,4.79,2.82,1.7,-1.6,0.0,매도주의,팽이도지,전저점이탈,0.33,-0.95,2026-07-23
EQPT,2.1,19.4,6646359,3101997,128.94,70.63,1.8,0.5,11.4,강한매수,장대양봉,전고점돌파,0.84,3.91,2026-07-23
BATL,2.1,1.73,29368203,14063796,50.81,31.83,1.6,6.5,4.8,중립,양봉,잔구간,0.44,0.315,2026-07-23
GGN,2.1,4.89,984707,472679,4.82,2.83,1.7,-0.6,-0.4,중립,음봉,잔구간,0.34,-0.445,2026-07-23
GLAS,2.1,10.04,450734,216895,4.53,3.0,1.5,0.0,-4.7,강한매도,장대음봉,전저점이탈,0.15,-3.17,2026-07-23
SID,2.1,1.06,3687716,1726413,3.91,2.14,1.8,-1.8,-0.9,매도주의,위꼬리음봉,잔구간,0.14,-0.965,2026-07-23
KRNT,2.1,14.87,367942,172576,5.47,2.87,1.9,-0.9,-1.7,중립,음봉,전저점부근,0.31,-0.18,2026-07-23
PONY,2.1,7.32,5967027,2877358,43.68,19.08,2.3,0.4,6.7,강한매수,장대양봉,전고점돌파,0.82,3.88,2026-07-23
LYFT,2.1,14.02,23056447,11080230,323.25,153.79,2.1,0.1,-4.4,매도주의,음봉,전저점이탈,0.44,-1.52,2026-07-23
VLRS,2.0,7.56,744256,371232,5.63,4.85,1.2,-3.6,-0.1,매도주의,팽이도지,전저점이탈,0.29,-1.0,2026-07-23
ETW,2.0,9.42,319255,162904,3.01,1.86,1.6,-0.8,-0.4,매도주의,음봉,전저점이탈,0.41,-1.56,2026-07-23
WIT,2.0,1.78,13033758,6457476,23.2,17.35,1.3,-0.6,-1.1,매도주의,음봉,전저점이탈,0.38,-1.59,2026-07-23
XGN,2.0,4.95,328270,168139,1.62,1.03,1.6,-2.4,2.7,매수관심,양봉,완만한상승,0.76,1.91,2026-07-23
RZLT,2.0,5.31,2163872,1078645,11.49,6.82,1.7,-1.2,7.5,강한매수,장대양봉,전고점돌파,0.82,3.88,2026-07-23
NKTX,2.0,2.3,945182,472196,2.17,1.94,1.1,-0.8,-3.8,강한매도,장대음봉,전저점이탈,0.21,-3.1,2026-07-23
PUMP,2.0,12.3,5768188,2895026,70.95,37.88,1.9,1.9,-11.2,강한매도,장대음봉,전저점이탈,0.05,-3.29,2026-07-23
SPRO,2.0,1.16,3732613,1854635,4.33,3.82,1.1,0.8,-9.4,강한매도,장대음봉,전저점이탈,0.33,-2.95,2026-07-23
LFMD,2.0,3.87,1243976,629710,4.81,2.61,1.8,-0.5,0.3,중립,팽이도지,전저점부근,0.48,0.73,2026-07-23
KREF,2.0,7.14,2464879,1249505,17.6,8.99,2.0,0.4,-4.0,매도주의,음봉,전저점이탈,0.2,-1.81,2026-07-23
ONDG,2.0,2.9,3882169,1933543,11.26,5.98,1.9,-5.1,2.8,중립,위꼬리양봉,잔구간,0.42,-0.55,2026-07-23
CIG,2.0,2.17,7987370,3913254,17.33,10.35,1.7,-1.4,-0.5,중립,음봉,잔구간,0.5,-0.35,2026-07-23
LITZ,2.0,14.2,1674107,839825,23.77,13.63,1.7,-2.1,0.9,매수관심,양봉스프링,잔구간,0.88,0.98,2026-07-23
MSFD,1.9,13.88,1133994,596470,15.74,8.22,1.9,0.1,2.3,강한매수,장대양봉,완만한상승,0.73,3.18,2026-07-23
DSP,1.9,10.41,427353,227895,4.45,2.52,1.8,-1.1,-4.6,매도주의,음봉,전저점이탈,0.28,-1.71,2026-07-23
PDI,1.9,16.08,3678930,1979235,59.16,39.09,1.5,-0.3,-0.6,매도주의,음봉,전저점이탈,0.37,-1.61,2026-07-23
FBRT,1.9,7.61,1782417,919193,13.56,7.74,1.8,-1.0,-2.2,강한매도,장대음봉,전저점이탈,0.15,-3.17,2026-07-23
TDAY,1.9,8.34,2792469,1470816,23.29,10.38,2.2,-0.2,-2.0,중립,음봉,수횡파,0.54,-0.05,2026-07-23
FLG,1.9,14.71,6348647,3310996,93.39,47.79,2.0,-1.7,0.5,중립,양봉,잔구간,1.0,0.65,2026-07-23
MUC,1.9,10.7,475148,253775,5.08,3.45,1.5,-0.5,-0.2,중립,망치형,전저점이탈,0.8,0.61,2026-07-23
AMBP,1.9,4.72,4454728,2400094,21.03,10.18,2.1,9.6,-8.5,중립,음봉,완만한상승,0.07,-0.32,2026-07-23
KRNY,1.9,9.12,862309,451007,7.86,4.29,1.8,-5.9,2.2,중립,양봉,전저점이탈,0.82,0.33,2026-07-23
ACDC,1.9,4.55,2036131,1084911,9.26,6.42,1.4,3.2,-12.8,강한매도,장대음봉,전저점이탈,0.1,-3.23,2026-07-23
LILAP,1.9,18.69,388729,207615,7.27,3.83,1.9,-0.3,-0.6,중립,음봉,잔구간,0.53,-0.33,2026-07-23
MRTN,1.9,16.88,971871,510179,16.41,9.3,1.8,0.6,-3.2,강한매도,장대음봉,전저점이탈,0.29,-3.0,2026-07-23
FWRD,1.9,15.48,1120376,604858,17.34,11.28,1.5,-0.2,-3.5,매도주의,장대음봉,잔구간,0.3,-1.12,2026-07-23
NUV,1.9,9.12,717676,371134,6.55,4.11,1.6,-0.4,0.1,매수관심,양봉스프링,잔구간,1.0,1.05,2026-07-23
BBAR,1.9,18.86,721702,380850,13.61,10.32,1.3,-2.7,-7.1,매도주의,장대음봉,전저점부근,0.0,-1.85,2026-07-23
VYGR,1.9,3.09,1235651,655676,3.82,2.25,1.7,-1.3,1.0,매수관심,양봉스프링,잔구간,1.0,1.05,2026-07-23
MH,1.8,9.56,884216,482708,8.45,5.35,1.6,-0.8,5.9,매수관심,장대양봉,잔구간,0.87,1.22,2026-07-23
VTS,1.8,15.93,630757,351000,10.05,6.15,1.6,2.1,-1.8,중립,음봉,완만한상승,0.0,-0.4,2026-07-23
YSWY,1.8,19.78,361541,197491,7.15,5.2,1.4,-0.7,-0.2,매수관심,팽이도지,수횡파,0.67,0.8,2026-07-23
IRD,1.8,2.92,1453407,819168,4.24,2.86,1.5,-1.6,-2.7,매도주의,음봉,전저점이탈,0.15,-1.87,2026-07-23
TGB,1.8,7.26,8013614,4528879,58.18,35.66,1.6,-2.8,-1.5,매도주의,위꼬리음봉,잔구간,0.08,-1.0,2026-07-23
PFLT,1.8,6.88,1971534,1086228,13.56,8.25,1.6,-0.4,-1.3,강한매도,장대음봉,전저점이탈,0.14,-3.18,2026-07-23
NCT,1.8,3.06,1032349,585210,3.16,2.13,1.5,-0.3,5.5,매수관심,양봉,완만한상승,0.65,1.78,2026-07-23
AESI,1.8,13.07,4694912,2612510,61.36,31.89,1.9,2.3,-12.2,강한매도,장대음봉,전저점이탈,0.08,-3.25,2026-07-23
MAMA,1.8,17.48,887244,502196,15.51,10.38,1.5,-1.7,3.2,강한매수,장대양봉,완만한상승,0.95,3.44,2026-07-23
CBRG,1.8,5.25,16735534,9280948,87.86,46.03,1.9,-4.2,14.4,매수관심,양봉,완만한상승,0.52,1.62,2026-07-23
SABS,1.8,3.58,892588,483129,3.2,1.64,1.9,-1.7,1.7,매수관심,양봉,완만한상승,0.47,1.56,2026-07-23
ANGI,1.8,5.42,633248,356847,3.43,2.9,1.2,-0.9,-5.4,강한매도,장대음봉,전저점이탈,0.28,-3.01,2026-07-23
LOMA,1.8,11.92,421752,239753,5.03,3.9,1.3,-0.7,-1.5,중립,음봉,잔구간,0.27,-0.49,2026-07-23
GNW,1.8,9.91,5363646,3034357,53.15,27.49,1.9,-0.5,-0.4,중립,망치형,잔구간,0.64,0.585,2026-07-23
SSL,1.8,12.05,1598770,893680,19.27,13.55,1.4,6.4,0.1,중립,위꼬리양봉,전고점돌파,0.12,0.04,2026-07-23
ARIS,1.8,14.59,2179705,1230676,31.8,20.13,1.6,-3.8,1.7,중립,양봉,잔구간,0.91,0.595,2026-07-23
CRF,1.8,6.95,1265549,712711,8.8,9.01,1.0,-0.4,-1.6,강한매도,장대음봉,전저점이탈,0.13,-3.19,2026-07-23
RBBN,1.8,2.02,1106712,609250,2.24,1.79,1.3,0.0,-6.5,강한매도,장대음봉,전저점이탈,0.21,-3.1,2026-07-23
SVOL,1.8,16.07,309090,174791,4.97,2.92,1.7,-0.4,-0.7,중립,음봉,잔구간,0.51,-0.345,2026-07-23
CGC,1.8,0.905,3389396,1897514,3.07,1.77,1.7,0.3,-0.8,중립,망치형,전저점이탈,0.72,0.51,2026-07-23
LXU,1.8,12.21,1016676,579386,12.41,6.83,1.8,2.3,0.8,매수관심,팽이도지,전고점돌파,0.64,1.67,2026-07-23
PSFE,1.8,7.75,310409,172765,2.41,1.55,1.6,-1.3,-0.5,중립,팽이도지,전저점이탈,0.54,-0.7,2026-07-23
BRCC,1.8,1.2,1103145,614088,1.32,0.59,2.2,-0.8,-4.0,중립,음봉,잔구간,0.1,-0.59,2026-07-23
PTEN,1.7,10.34,13883418,8283239,143.55,74.66,1.9,2.6,-6.0,매도주의,장대음봉,잔구간,0.02,-1.29,2026-07-23
PSLV,1.7,18.53,12363404,7479000,229.09,119.28,1.9,-3.6,-0.1,중립,팽이도지,잔구간,0.36,-0.085,2026-07-23
CDXS,1.7,1.99,848452,500720,1.69,1.48,1.1,-1.5,-2.0,매도주의,음봉,전저점이탈,0.22,-1.79,2026-07-23
OPRA,1.7,18.07,527719,316259,9.54,6.66,1.4,-1.0,-5.0,강한매도,장대음봉,전저점이탈,0.14,-3.18,2026-07-23
ORIC,1.7,10.89,2168816,1285492,23.62,12.57,1.9,-2.2,3.6,매수관심,양봉,완만한상승,0.41,1.49,2026-07-23
MFA,1.7,9.07,2029442,1227234,18.41,12.37,1.5,-0.5,-1.8,강한매도,장대음봉,전저점이탈,0.19,-3.12,2026-07-23
SPCU,1.7,9.38,1746781,1050028,16.38,11.32,1.4,-0.3,5.0,중립,양봉,잔구간,0.95,0.62,2026-07-23
RANI,1.7,0.89,1435194,863052,1.28,1.03,1.2,-2.5,1.8,매수관심,양봉스프링,잔구간,0.92,1.0,2026-07-23
ASC,1.7,16.58,732173,423733,12.14,8.29,1.5,0.6,2.7,강한매수,장대양봉,전고점돌파,0.82,3.88,2026-07-23
MMT,1.7,4.31,673966,399007,2.9,1.52,1.9,-0.5,-1.6,강한매도,장대음봉,전저점이탈,0.0,-3.35,2026-07-23
GO,1.7,8.94,3403670,2002529,30.43,17.65,1.7,-3.4,-1.2,매도주의,음봉,전저점이탈,0.47,-1.49,2026-07-23
GTE,1.7,7.7,434018,249331,3.34,1.76,1.9,3.6,2.3,강한매수,양봉,전고점돌파,0.86,2.63,2026-07-23
NAVI,1.7,8.44,1077376,639434,9.09,6.2,1.5,-0.6,-1.4,중립,음봉,잔구간,0.14,-0.565,2026-07-23
NOK,1.7,9.73,183175435,108141885,1782.3,1095.17,1.6,-1.7,-3.8,매도주의,음봉,전저점이탈,0.07,-1.97,2026-07-23
RYLD,1.7,15.96,806848,468827,12.88,8.72,1.5,-0.2,-0.2,중립,망치형,잔구간,0.73,0.64,2026-07-23
DOLE,1.7,14.05,1000151,587303,14.05,8.35,1.7,-1.5,-0.2,중립,망치형,잔구간,0.68,0.61,2026-07-23
AVXX,1.7,5.98,818077,477859,4.89,3.07,1.6,2.0,8.7,강한매수,장대양봉,전고점돌파,0.68,3.72,2026-07-23
BYND,1.7,0.56,43067796,24822432,24.12,17.92,1.3,-0.3,-5.8,강한매도,장대음봉,전저점이탈,0.2,-3.11,2026-07-23
HUYA,1.7,2.4,622269,369098,1.49,1.0,1.5,-0.8,1.7,매수관심,양봉,완만한상승,0.5,1.6,2026-07-23
ECAT,1.7,15.14,665413,388415,10.07,7.13,1.4,-0.5,-1.2,강한매도,장대음봉,전저점이탈,0.24,-3.06,2026-07-23
SPCH,1.7,7.05,30172772,17559001,212.72,138.61,1.5,-0.3,5.5,중립,양봉,잔구간,0.99,0.645,2026-07-23
VFS,1.6,3.07,482632,303192,1.48,1.27,1.2,-0.5,-1.9,매도주의,장대음봉,잔구간,0.1,-1.24,2026-07-23
AMPY,1.6,4.13,859107,533157,3.55,2.34,1.5,2.2,-1.4,중립,음봉,잔구간,0.48,-0.36,2026-07-23
SOC,1.6,4.66,9705316,6003631,45.23,40.28,1.1,2.7,3.6,강한매수,양봉,전고점돌파,0.79,2.55,2026-07-23
NTSK,1.6,11.17,7404987,4572761,82.71,69.3,1.2,-0.0,-6.5,매도주의,음봉,전저점이탈,0.42,-1.55,2026-07-23
SUJA,1.6,9.86,359539,218715,3.55,2.2,1.6,-0.5,5.6,강한매수,장대양봉,완만한상승,0.89,3.37,2026-07-23
CYPH,1.6,0.661,1920850,1238216,1.27,1.09,1.2,-1.8,0.2,매도주의,팽이도지,전저점이탈,0.36,-0.92,2026-07-23
METD,1.6,15.96,609543,388521,9.73,12.39,0.8,3.1,0.2,매수관심,팽이도지,전고점돌파,0.47,1.46,2026-07-23
SVV,1.6,9.02,866614,549640,7.82,7.16,1.1,-2.1,-3.6,매도주의,음봉,전저점이탈,0.43,-1.53,2026-07-23
RETL,1.6,8.57,608556,392079,5.22,3.69,1.4,-3.5,-4.7,강한매도,장대음봉,전저점이탈,0.3,-2.99,2026-07-23
FTRE,1.6,19.5,1705269,1066550,33.25,18.46,1.8,3.7,1.7,중립,위꼬리양봉,전고점돌파,0.41,0.39,2026-07-23
GLND,1.6,2.2,892476,566764,1.96,1.42,1.4,0.9,-1.8,중립,팽이도지,잔구간,0.39,-0.065,2026-07-23
SBS,1.6,5.73,7798842,4768399,44.69,28.35,1.6,-2.2,0.5,매수관심,양봉스프링,잔구간,0.9,0.99,2026-07-23
PGX,1.6,10.71,3617578,2208128,38.74,27.67,1.4,-0.2,-0.3,매도주의,음봉,전저점이탈,0.46,-1.5,2026-07-23
PEB,1.6,18.97,3079835,1906756,58.42,38.23,1.5,-1.0,-2.7,중립,음봉,잔구간,0.5,-0.35,2026-07-23
MGNI,1.6,17.92,3085281,1924306,55.29,44.45,1.2,-1.1,-0.9,매도주의,음봉,전저점이탈,0.35,-1.63,2026-07-23
BWEN,1.6,5.18,532171,341108,2.76,1.97,1.4,0.4,2.6,매수관심,양봉,수횡파,0.4,1.18,2026-07-23
MUA,1.6,10.5,430223,272186,4.52,2.35,1.9,-0.4,-0.5,강한매도,장대음봉,전저점이탈,0.12,-3.21,2026-07-23
BZAI,1.6,0.995,5258666,3337724,5.23,3.39,1.5,-1.0,-1.5,강한매수,망치형,전저점부근,0.58,2.85,2026-07-23
SMPL,1.6,10.28,3854144,2432823,39.62,37.35,1.1,-0.9,-1.4,매도주의,음봉,전저점이탈,0.36,-1.62,2026-07-23
BSCV,1.6,16.175,606711,388390,9.81,6.51,1.5,-0.2,-0.0,중립,망치형,전저점이탈,0.6,0.37,2026-07-23
VLY,1.6,14.45,12040035,7711638,173.98,97.31,1.8,-3.0,2.6,매수관심,양봉,전저점부근,0.7,1.69,2026-07-23
VIXM,1.6,14.64,338673,212892,4.96,4.44,1.1,1.0,0.1,강한매도,위꼬리양봉,전고점부근,0.13,-2.8899999999999997,2026-07-23
VREX,1.6,10.72,471777,297397,5.06,3.86,1.3,-1.6,2.2,강한매수,장대양봉,완만한상승,0.97,3.46,2026-07-23
SMCY,1.6,4.94,1109995,709187,5.48,3.3,1.7,-1.8,1.4,중립,위꼬리양봉,잔구간,0.34,-0.595,2026-07-23
PUSA,1.6,3.29,439225,281264,1.45,1.0,1.4,0.0,-2.4,매도주의,음봉,전저점이탈,0.31,-1.68,2026-07-23
ALOY,1.6,7.47,3165573,1943209,23.65,17.41,1.4,-2.3,-6.6,강한매도,장대음봉,전저점이탈,0.17,-3.15,2026-07-23
KODK,1.6,8.05,985491,628605,7.93,5.41,1.5,-1.6,-1.5,중립,팽이도지,잔구간,0.35,-0.09,2026-07-23
IVR,1.6,7.64,4123926,2596445,31.51,21.34,1.5,-0.3,-2.4,강한매도,장대음봉,전저점이탈,0.1,-3.23,2026-07-23
GRNT,1.6,4.93,1090503,702003,5.38,3.39,1.6,2.1,-0.4,매수관심,팽이도지,전고점돌파,0.37,1.34,2026-07-23
AMPH,1.6,18.87,650430,413051,12.27,7.83,1.6,-1.1,-1.1,중립,음봉,잔구간,0.23,-0.51,2026-07-23
QMLS,1.6,8.2,655014,405368,5.37,8.18,0.7,-0.6,-9.9,중립,음봉,잔구간,0.48,-0.36,2026-07-23
VERX,1.6,10.89,2173682,1397513,23.67,21.18,1.1,1.7,-3.1,강한매도,장대음봉,전저점이탈,0.1,-3.23,2026-07-23
KLRA,1.6,17.4,609461,389666,10.6,8.79,1.2,1.2,-3.3,매도주의,음봉,전저점이탈,0.4,-1.57,2026-07-23
LADR,1.6,9.54,1568684,969604,14.97,9.8,1.5,-1.5,-0.6,매도주의,팽이도지,전저점이탈,0.32,-0.97,2026-07-23
AGPU,1.5,7.36,741303,486864,5.46,4.52,1.2,0.1,3.4,매수관심,양봉,완만한상승,0.56,1.67,2026-07-23
TTD,1.5,16.79,17346790,11911258,291.25,212.58,1.4,0.0,-4.5,강한매도,장대음봉,전저점이탈,0.1,-3.23,2026-07-23
NWL,1.5,5.03,10037509,6773635,50.49,37.7,1.3,-1.7,-5.1,매도주의,장대음봉,잔구간,0.25,-1.15,2026-07-23
SPAX,1.5,7.12,1918644,1296355,13.66,11.95,1.1,-0.1,5.2,중립,양봉,잔구간,0.99,0.645,2026-07-23
HCKT,1.5,9.3,461182,314369,4.29,3.95,1.1,-0.2,-1.2,매도주의,음봉,전저점이탈,0.47,-1.49,2026-07-23
AVTR,1.5,11.35,15496603,10577469,175.89,106.98,1.6,2.2,1.4,중립,위꼬리양봉,잔구간,0.39,-0.565,2026-07-23
ELPC,1.5,11.74,651927,424047,7.65,5.02,1.5,-1.8,0.7,중립,양봉,잔구간,0.57,0.39,2026-07-23
NAT,1.5,6.42,4047784,2624129,25.99,19.14,1.4,0.6,0.3,중립,위꼬리양봉,완만한상승,0.35,-0.28,2026-07-23
INFY,1.5,10.67,39061039,25508191,416.78,253.11,1.6,-4.9,2.7,매수관심,장대양봉,전저점이탈,0.81,1.62,2026-07-23
AYA,1.5,19.94,756613,490431,15.09,12.4,1.2,-6.2,1.7,중립,양봉,잔구간,0.69,0.465,2026-07-23
AMPU,1.5,2.64,495507,320697,1.31,1.11,1.2,-3.9,-1.5,매도주의,위꼬리음봉,잔구간,0.2,-0.93,2026-07-23
CRMG,1.5,4.01,6351847,4310220,25.47,22.08,1.2,2.5,-10.1,강한매도,장대음봉,전저점이탈,0.16,-3.16,2026-07-23
HPK,1.5,8.03,560115,373943,4.5,3.0,1.5,3.0,-2.1,중립,음봉,완만한상승,0.18,-0.18,2026-07-23
QYLD,1.5,17.64,6443394,4183317,113.66,75.06,1.5,-0.7,-0.2,중립,팽이도지,잔구간,0.45,-0.03,2026-07-23
BBBY,1.5,4.94,2379670,1564644,11.76,10.04,1.2,-1.9,-2.2,중립,음봉,잔구간,0.61,-0.285,2026-07-23
GREE,1.5,2.84,1373163,939667,3.9,5.22,0.7,-1.4,-2.1,매도주의,위꼬리음봉,잔구간,0.05,-1.02,2026-07-23
CTOS,1.5,10.88,914502,627378,9.95,7.98,1.2,-1.0,4.4,매수관심,장대양봉,잔구간,0.82,1.19,2026-07-23
GOGO,1.5,3.77,1573737,1057091,5.93,4.29,1.4,-0.8,2.4,중립,양봉,전고점부근,0.69,0.48,2026-07-23
AVXL,1.5,2.48,1179850,796749,2.93,2.35,1.2,-2.7,0.0,중립,위꼬리양봉,잔구간,0.21,-0.675,2026-07-23
SHO,1.5,11.65,3246279,2207808,37.82,24.9,1.5,-0.4,-0.4,중립,팽이도지,잔구간,0.44,-0.035,2026-07-23
NVG,1.5,12.31,567807,379956,6.99,5.65,1.2,-0.5,-0.7,강한매도,장대음봉,전저점이탈,0.1,-3.23,2026-07-23
AMZY,1.5,10.24,317980,210930,3.26,2.28,1.4,-3.6,-1.2,매도주의,음봉,전저점이탈,0.35,-1.63,2026-07-23
SKDD,1.5,12.7,18567463,12784651,235.81,213.25,1.1,-6.4,1.8,매수관심,양봉스프링,잔구간,0.78,0.92,2026-07-23
WHWK,1.5,3.83,477532,322482,1.83,1.47,1.2,-1.5,-2.5,중립,음봉,잔구간,0.47,-0.37,2026-07-23
ORC,1.5,6.61,6203613,4085527,41.01,29.59,1.4,-0.1,-1.0,매도주의,음봉,전저점이탈,0.38,-1.59,2026-07-23
WWW,1.5,18.45,956873,651548,17.65,13.45,1.3,-1.8,-4.3,매도주의,장대음봉,잔구간,0.22,-1.17,2026-07-23
XERS,1.5,8.41,2191194,1506186,18.43,13.41,1.4,-1.1,1.4,강한매수,양봉,완만한상승,0.91,2.09,2026-07-23
TDUP,1.5,5.74,1772360,1143980,10.17,7.84,1.3,-3.0,-2.0,매도주의,음봉,전저점이탈,0.48,-1.47,2026-07-23
RSKD,1.5,4.96,850061,569464,4.22,2.85,1.5,-0.2,-1.2,중립,음봉,전저점부근,0.22,-0.29,2026-07-23
XRAY,1.5,12.72,7748865,5330924,98.57,69.22,1.4,-0.9,-3.3,중립,음봉,잔구간,0.42,-0.4,2026-07-23
TENX,1.5,14.64,1400924,952813,20.51,18.54,1.1,-1.5,0.5,중립,팽이도지,잔구간,0.42,-0.05,2026-07-23
EPM,1.5,3.94,353404,233935,1.39,1.0,1.4,0.2,-1.7,매도주의,장대음봉,잔구간,0.1,-1.24,2026-07-23
GFUZ,1.5,6.96,612069,420904,4.26,14.5,0.3,0.2,-15.7,강한매도,장대음봉,전저점이탈,0.24,-3.06,2026-07-23
NAC,1.5,11.75,503445,329261,5.92,4.25,1.4,-0.3,-0.3,매도주의,음봉,전저점이탈,0.47,-1.49,2026-07-23
RPAY,1.5,3.6,511098,331457,1.84,1.36,1.4,-1.9,0.3,중립,팽이도지,전저점이탈,0.6,-0.63,2026-07-23
UPB,1.5,6.4,626145,418003,4.01,2.99,1.3,-2.0,-0.9,매도주의,팽이도지,전저점이탈,0.3,-0.99,2026-07-23
VERI,1.5,1.06,2780554,1893075,2.95,2.52,1.2,-2.7,-3.6,중립,음봉,잔구간,0.29,-0.475,2026-07-23
SD,1.5,14.19,354659,232141,5.03,3.57,1.4,2.5,-1.1,중립,장대음봉,전고점돌파,0.31,-0.73,2026-07-23
VIV,1.5,13.7,1454741,944273,19.93,14.83,1.3,-1.9,-0.6,매도주의,팽이도지,전저점이탈,0.36,-0.92,2026-07-23
KLC,1.5,4.83,551102,367157,2.66,2.26,1.2,-1.0,-1.4,중립,망치형,전저점이탈,0.62,0.39,2026-07-23
CDE,1.5,15.24,44695036,29597504,681.15,368.48,1.8,-3.5,-0.3,중립,팽이도지,잔구간,0.64,0.085,2026-07-23
ORLA,1.5,9.27,4815347,3240179,44.64,27.09,1.6,-2.8,2.4,중립,양봉,잔구간,0.62,0.42,2026-07-23
GTM,1.4,2.88,8709968,6276105,25.08,21.55,1.2,-0.3,-1.0,매수관심,팽이도지,전저점부근,0.58,0.85,2026-07-23
HOPE,1.4,13.44,1250057,916044,16.8,12.74,1.3,-1.8,1.1,중립,양봉,잔구간,1.0,0.65,2026-07-23
ICLN,1.4,18.37,5578790,4026392,102.48,71.46,1.4,-0.6,-0.3,중립,팽이도지,잔구간,0.37,-0.08,2026-07-23
UAA,1.4,6.74,10023564,6960514,67.56,50.54,1.3,-2.8,-4.5,매도주의,장대음봉,잔구간,0.34,-1.095,2026-07-23
IKT,1.4,2.33,1347743,941527,3.14,2.41,1.3,-1.8,9.4,강한매수,장대양봉,완만한상승,0.95,3.44,2026-07-23
TV,1.4,2.79,1018791,718336,2.84,2.11,1.3,-2.1,1.1,중립,양봉,잔구간,0.67,0.45,2026-07-23
GPK,1.4,10.99,5434691,3920298,59.73,44.14,1.4,-0.4,-0.7,중립,팽이도지,잔구간,0.32,-0.11,2026-07-23
CORN,1.4,18.31,378639,278909,6.93,5.27,1.3,0.4,-0.2,중립,팽이도지,전고점부근,0.26,-0.74,2026-07-23
CRCT,1.4,4.25,599318,440797,2.55,2.14,1.2,-0.2,-4.3,강한매도,장대음봉,전저점이탈,0.0,-3.35,2026-07-23
AIBZ,1.4,6.08,679402,472170,4.13,4.64,0.9,-5.7,-6.6,강한매도,장대음봉,전저점이탈,0.14,-3.18,2026-07-23
CORD,1.4,7.08,4278628,3022285,30.29,23.07,1.3,3.8,-0.4,강한매수,망치형,완만한상승,0.87,2.34,2026-07-23
CLPT,1.4,14.49,785344,546862,11.38,7.47,1.5,-1.9,-1.7,중립,팽이도지,전저점부근,0.5,0.75,2026-07-23
BTAL,1.4,11.97,729592,523871,8.73,6.07,1.4,1.0,-0.2,매수관심,팽이도지,완만한상승,0.55,0.96,2026-07-23
BOBS,1.4,14.65,985349,682368,14.44,12.89,1.1,-1.7,-3.9,매도주의,음봉,전저점이탈,0.38,-1.59,2026-07-23
PROP,1.4,0.804,1767114,1257940,1.42,0.98,1.5,1.5,-2.9,중립,음봉,잔구간,0.47,-0.37,2026-07-23
BBDC,1.4,8.19,776555,558181,6.36,4.38,1.5,-0.8,-1.0,강한매도,장대음봉,전저점이탈,0.31,-2.98,2026-07-23
QSI,1.4,0.79,3288670,2275208,2.6,2.08,1.2,-1.3,0.0,강한매도,위꼬리양봉,전저점이탈,0.19,-2.12,2026-07-23
ANNA,1.4,3.44,454475,323155,1.56,1.14,1.4,3.5,-10.2,매도주의,장대음봉,잔구간,0.15,-1.21,2026-07-23
NWBI,1.4,15.29,1487841,1057992,22.75,14.7,1.5,-1.1,0.8,중립,양봉,잔구간,0.96,0.625,2026-07-23
AOD,1.4,10.46,542131,380613,5.67,3.71,1.5,-1.9,0.3,중립,양봉,잔구간,0.67,0.45,2026-07-23
DEI,1.4,12.13,2279750,1581469,27.65,26.19,1.1,-1.2,1.8,매수관심,양봉,완만한상승,0.52,1.62,2026-07-23
TWI,1.4,7.89,498141,349006,3.93,2.9,1.4,-1.8,0.9,중립,팽이도지,잔구간,0.71,0.125,2026-07-23
CRVS,1.4,13.68,999379,722597,13.67,14.84,0.9,-2.5,0.3,중립,팽이도지,전저점이탈,0.47,-0.79,2026-07-23
MIST,1.4,1.2,1018798,732296,1.22,0.94,1.3,0.0,0.8,매수관심,양봉스프링,잔구간,0.8,0.93,2026-07-23
MHD,1.4,11.51,309049,226069,3.56,3.16,1.1,-0.3,-0.9,강한매도,장대음봉,전저점이탈,0.17,-3.15,2026-07-23
PREF,1.4,18.87,303558,211658,5.73,4.32,1.3,-0.2,-0.2,강한매도,장대음봉,전저점이탈,0.25,-3.05,2026-07-23
WLTH,1.4,8.98,913026,640012,8.2,8.81,0.9,-1.4,-0.9,매도주의,음봉,전저점이탈,0.58,-1.35,2026-07-23
FLGT,1.4,19.98,302008,222785,6.03,4.81,1.3,-0.4,2.7,매수관심,장대양봉,잔구간,0.68,1.11,2026-07-23
TDOC,1.4,8.66,5131117,3677674,44.44,36.32,1.2,0.0,-2.9,강한매도,장대음봉,전저점이탈,0.32,-2.97,2026-07-23
WOOF,1.4,2.54,1832115,1349414,4.65,3.8,1.2,-0.9,-4.5,매도주의,장대음봉,잔구간,0.08,-1.25,2026-07-23
FLYT,1.4,4.99,416623,295583,2.08,1.32,1.6,-5.8,10.6,강한매수,장대양봉,완만한상승,0.63,3.06,2026-07-23
FMNB,1.4,14.82,569611,397724,8.44,5.76,1.5,-1.1,-0.1,중립,팽이도지,잔구간,0.44,-0.035,2026-07-23
F,1.4,14.15,65393705,47196391,925.32,661.02,1.4,-1.5,-0.4,중립,팽이도지,잔구간,0.5,0.0,2026-07-23
ADAM,1.4,8.59,1052891,755278,9.04,6.56,1.4,-1.5,-0.8,매도주의,음봉,전저점이탈,0.32,-1.67,2026-07-23
ETHW,1.4,13.41,901700,622098,12.09,9.33,1.3,-1.4,-1.3,매도주의,장대음봉,잔구간,0.15,-1.21,2026-07-23
VNM,1.4,16.66,953574,679551,15.89,11.16,1.4,1.6,-0.5,중립,음봉,잔구간,0.32,-0.46,2026-07-23
MSBT,1.4,18.59,329587,231573,6.13,5.27,1.2,-1.3,-0.2,중립,팽이도지,잔구간,0.44,-0.035,2026-07-23
ITRG,1.4,2.13,3906463,2747250,8.32,6.19,1.3,-1.9,1.4,중립,양봉,잔구간,0.87,0.57,2026-07-23
CERT,1.4,7.11,3347858,2367197,23.8,19.58,1.2,0.3,2.9,강한매수,장대양봉,완만한상승,0.85,3.32,2026-07-23
PFFD,1.4,18.39,773346,547417,14.22,10.76,1.3,-0.4,-0.5,강한매도,장대음봉,전저점이탈,0.08,-3.25,2026-07-23
VMD,1.4,11.67,352383,256240,4.11,3.54,1.2,-1.0,-1.1,매도주의,음봉,전저점이탈,0.44,-1.52,2026-07-23
TBPH,1.4,16.86,939155,652759,15.83,10.95,1.4,0.2,0.1,매수관심,팽이도지,완만한상승,0.6,1.02,2026-07-23
TPTS,1.4,16.61,2043666,1476573,33.95,27.74,1.2,-0.2,-4.4,중립,음봉,전저점부근,0.19,-0.32,2026-07-23
PYPD,1.4,4.24,302140,215364,1.28,1.95,0.7,-1.7,7.9,매수관심,장대양봉,잔구간,0.84,1.205,2026-07-23
BXBL,1.4,5.4,1277007,910813,6.9,13.44,0.5,0.8,-12.2,매도주의,음봉,전저점이탈,0.61,-1.32,2026-07-23
LBTYK,1.4,9.98,969804,712415,9.68,7.99,1.2,-0.6,-1.2,중립,음봉,잔구간,0.3,-0.47,2026-07-23
IVVD,1.4,0.609,3732526,2761855,2.27,1.88,1.2,0.3,-2.0,매도주의,위꼬리음봉,전저점부근,0.08,-1.25,2026-07-23
FSK,1.4,10.58,2768660,2039121,29.29,23.72,1.2,-1.3,-1.3,매도주의,음봉,전저점이탈,0.32,-1.67,2026-07-23
ECC,1.4,3.61,1200469,849063,4.33,3.26,1.3,-0.8,-1.9,매도주의,음봉,전저점이탈,0.38,-1.59,2026-07-23
NRXP,1.4,4.11,883990,631682,3.63,3.15,1.2,-2.9,-5.5,중립,음봉,수횡파,0.3,-0.34,2026-07-23
LODE,1.4,3.88,1115992,781499,4.33,3.17,1.4,-1.0,-0.8,매도주의,위꼬리음봉,잔구간,0.12,-0.98,2026-07-23
LSPD,1.4,9.57,844457,595638,8.08,6.42,1.3,0.3,-2.2,강한매도,장대음봉,전저점이탈,0.29,-3.0,2026-07-23
LBTYA,1.4,10.29,2064963,1502322,21.25,15.93,1.3,-1.5,0.3,중립,위꼬리양봉,잔구간,0.33,-0.6,2026-07-23
SXC,1.4,8.99,1507021,1102028,13.55,9.5,1.4,1.5,1.8,강한매수,양봉,전고점돌파,0.71,2.45,2026-07-23
VIVO,1.4,3.91,1298417,911285,5.08,4.41,1.2,-1.5,1.8,중립,양봉,잔구간,0.68,0.46,2026-07-23
SSP,1.4,2.94,890012,635235,2.62,2.18,1.2,-1.9,-5.5,매도주의,장대음봉,잔구간,0.16,-1.205,2026-07-23
DNOW,1.4,14.4,3152584,2266416,45.4,28.11,1.6,0.6,0.6,매수관심,양봉스프링,전고점부근,0.84,1.46,2026-07-23
PANL,1.4,7.63,427633,311671,3.26,2.42,1.3,-1.2,3.2,강한매수,장대양봉,전고점돌파,1.0,4.1,2026-07-23
ESRT,1.4,5.46,1831579,1346086,10.0,7.22,1.4,-0.7,1.3,매수관심,양봉,완만한상승,0.54,1.65,2026-07-23
REAX,1.4,1.67,4606812,3280472,7.69,7.51,1.0,-1.6,-9.7,강한매도,장대음봉,전저점이탈,0.16,-3.16,2026-07-23
PAX,1.4,10.79,1085928,767287,11.72,7.79,1.5,-0.9,-0.4,매도주의,팽이도지,전저점이탈,0.36,-0.92,2026-07-23
EGY,1.4,5.71,1417893,990190,8.1,5.88,1.4,1.4,0.0,매수관심,팽이도지,전고점돌파,0.52,1.52,2026-07-23
EGHT,1.4,1.615,1995048,1428548,3.22,2.94,1.1,0.3,-5.6,강한매도,장대음봉,전저점이탈,0.04,-3.3,2026-07-23
RIG,1.4,5.32,45770576,33817010,243.5,197.04,1.2,1.5,-1.1,중립,음봉,완만한상승,0.16,-0.21,2026-07-23
COTY,1.4,2.6,14849177,10403063,38.61,23.7,1.6,-2.2,-2.6,중립,음봉,잔구간,0.59,-0.295,2026-07-23
KYIV,1.4,13.65,452098,319182,6.17,5.52,1.1,-1.0,-0.7,매도주의,음봉,전저점이탈,0.47,-1.49,2026-07-23
PMT,1.4,9.58,1877061,1372730,17.98,14.37,1.3,-0.3,-2.4,강한매도,장대음봉,전저점이탈,0.07,-3.27,2026-07-23
INGN,1.4,6.32,308604,219985,1.95,1.3,1.5,-1.7,-1.3,중립,음봉,잔구간,0.02,-0.64,2026-07-23
RES,1.4,5.86,1744636,1209889,10.22,6.91,1.5,2.8,-4.7,매도주의,장대음봉,잔구간,0.15,-1.21,2026-07-23
MRLN,1.4,3.525,2642998,1875704,9.32,6.06,1.5,-0.7,6.5,중립,양봉,잔구간,0.35,0.26,2026-07-23
PRAA,1.3,16.15,390157,292741,6.3,4.85,1.3,-1.2,-3.2,매도주의,음봉,전저점이탈,0.4,-1.57,2026-07-23
PML,1.3,7.28,447061,340425,3.25,2.54,1.3,0.0,-1.4,강한매도,장대음봉,전저점이탈,0.0,-3.35,2026-07-23
BSM,1.3,14.56,348555,259722,5.07,4.21,1.2,0.8,-0.5,중립,음봉,완만한상승,0.22,-0.14,2026-07-23
SERV,1.3,5.04,3044473,2394416,15.34,14.06,1.1,-2.6,-2.5,중립,음봉,전저점부근,0.03,-0.51,2026-07-23
SHNY,1.3,7.94,599593,444491,4.76,3.53,1.3,-5.3,-1.1,중립,음봉,잔구간,0.26,-0.495,2026-07-23
YMAG,1.3,10.95,1558516,1243676,17.07,13.05,1.3,-3.0,-1.7,강한매도,장대음봉,전저점이탈,0.2,-3.11,2026-07-23
LAND,1.3,8.57,713593,545231,6.12,4.62,1.3,-0.2,-1.0,중립,음봉,전저점부근,0.41,-0.06,2026-07-23
SKHX,1.3,16.73,6587242,4974136,110.2,90.34,1.2,6.9,-1.4,매도주의,위꼬리음봉,잔구간,0.24,-0.905,2026-07-23
LCTX,1.3,1.07,1025069,815278,1.1,1.13,1.0,0.0,-3.6,강한매도,장대음봉,전저점이탈,0.0,-3.35,2026-07-23
SKYX,1.3,1.14,1504821,1125701,1.72,1.85,0.9,-1.5,-12.3,강한매도,장대음봉,전저점이탈,0.06,-3.28,2026-07-23
LIFE,1.3,19.03,344342,275126,6.55,7.44,0.9,-2.3,1.3,중립,양봉,잔구간,0.69,0.465,2026-07-23
VFC,1.3,16.53,8223936,6493425,135.94,95.33,1.4,-2.4,-1.4,중립,음봉,잔구간,0.39,-0.415,2026-07-23
AMCX,1.3,9.79,707699,544353,6.93,5.26,1.3,-1.1,-2.6,중립,음봉,전저점부근,0.44,-0.02,2026-07-23
CLDT,1.3,13.28,390521,298107,5.19,4.35,1.2,-0.9,-1.3,중립,음봉,잔구간,0.42,-0.4,2026-07-23
OMER,1.3,10.28,1544963,1165248,15.88,12.22,1.3,-2.4,7.1,매수관심,장대양봉,잔구간,0.89,1.235,2026-07-23
OSG,1.3,5.54,375860,291070,2.08,1.96,1.1,-1.4,-3.8,강한매도,장대음봉,전저점이탈,0.07,-3.27,2026-07-23
USDE,1.3,1.74,908254,676969,1.58,1.66,1.0,1.6,-8.4,매도주의,장대음봉,잔구간,0.14,-1.215,2026-07-23
APLE,1.3,16.61,2972214,2285901,49.37,42.65,1.2,-0.7,-1.3,중립,음봉,잔구간,0.23,-0.51,2026-07-23
OPTX,1.3,7.55,442888,339541,3.34,3.65,0.9,-4.9,-4.4,중립,음봉,잔구간,0.19,-0.535,2026-07-23
ANVS,1.3,1.75,630752,470552,1.1,1.36,0.8,-2.3,2.9,강한매수,장대양봉,완만한상승,0.86,3.33,2026-07-23
NMFC,1.3,6.82,552705,427615,3.77,3.91,1.0,0.1,-1.6,매도주의,음봉,전저점이탈,0.45,-1.51,2026-07-23
GOF,1.3,10.44,1736635,1300004,18.13,15.93,1.1,-0.4,-0.6,매도주의,음봉,전저점이탈,0.33,-1.65,2026-07-23
QTEX,1.3,0.885,3112888,2468999,2.76,4.19,0.7,-1.8,-0.5,매도주의,위꼬리음봉,잔구간,0.07,-1.01,2026-07-23
CMPX,1.3,2.12,2266567,1766005,4.81,4.23,1.1,-1.0,5.0,매수관심,장대양봉,잔구간,0.87,1.22,2026-07-23
MNRO,1.3,16.71,686619,512574,11.47,11.04,1.0,-2.9,2.3,강한매수,장대양봉,수횡파,0.96,4.15,2026-07-23
ARHS,1.3,7.18,1078843,850893,7.75,6.76,1.1,-2.2,-1.4,매도주의,음봉,전저점이탈,0.5,-1.45,2026-07-23
IBTK,1.3,19.345,304986,235108,5.9,7.38,0.8,-0.2,-0.0,매도주의,음봉,전저점이탈,0.31,-1.68,2026-07-23
OCFC,1.3,19.48,1107910,858638,21.58,16.26,1.3,-1.3,0.4,매수관심,양봉스프링,잔구간,0.82,0.94,2026-07-23
ALDX,1.3,1.55,1414587,1119330,2.19,2.55,0.9,0.0,-8.8,강한매도,장대음봉,전저점이탈,0.06,-3.28,2026-07-23
OFRM,1.3,15.16,543796,404809,8.24,8.54,1.0,-1.2,-5.2,강한매도,장대음봉,전저점이탈,0.07,-3.27,2026-07-23
UA,1.3,6.59,3500811,2688759,23.07,16.39,1.4,-3.2,-3.8,중립,음봉,잔구간,0.38,-0.42,2026-07-23
SUPV,1.3,9.67,431346,341170,4.17,3.86,1.1,-1.9,-3.8,중립,음봉,잔구간,0.07,-0.61,2026-07-23
SVRA,1.3,5.75,1622015,1291845,9.33,10.17,0.9,-2.5,4.4,강한매수,장대양봉,완만한상승,0.82,3.28,2026-07-23
GOOS,1.3,9.17,747830,582292,6.86,5.39,1.3,-1.9,-4.1,강한매도,장대음봉,전저점이탈,0.08,-3.25,2026-07-23
GOOD,1.3,12.78,525033,402636,6.71,5.04,1.3,-0.4,-1.3,중립,음봉,잔구간,0.21,-0.525,2026-07-23
IHRT,1.3,3.65,571778,445456,2.09,2.26,0.9,-2.2,1.7,중립,양봉,잔구간,0.61,0.415,2026-07-23
ULCC,1.3,5.5,4464001,3421258,24.55,28.78,0.9,-4.7,-3.0,매도주의,음봉,전저점이탈,0.27,-1.73,2026-07-23
LXEO,1.3,4.71,945339,751125,4.45,5.07,0.9,-2.9,-0.4,중립,팽이도지,수횡파,0.32,0.38,2026-07-23
KPTI,1.3,7.09,680130,515062,4.82,5.23,0.9,-0.6,-0.7,중립,망치형,잔구간,0.77,0.66,2026-07-23
SSPC,1.3,19.73,16281645,12529699,321.24,199.65,1.6,0.0,-5.1,중립,음봉,잔구간,0.05,-0.62,2026-07-23
HSLV,1.3,4.32,551241,432136,2.38,2.22,1.1,-2.6,-5.7,매도주의,장대음봉,잔구간,0.17,-1.2,2026-07-23
HAYW,1.3,14.41,3713759,2828861,53.52,44.24,1.2,-0.3,1.6,강한매수,양봉,완만한상승,0.85,2.02,2026-07-23
SOUN,1.3,6.22,49782660,37626677,309.65,220.67,1.4,-0.6,-3.1,매도주의,장대음봉,수횡파,0.1,-1.88,2026-07-23
AUR,1.3,5.99,24668431,19069984,147.76,124.78,1.2,-0.9,-8.5,매도주의,장대음봉,잔구간,0.02,-1.29,2026-07-23
HYT,1.3,8.34,910624,712546,7.59,6.37,1.2,-0.2,-0.6,강한매도,장대음봉,전저점이탈,0.37,-2.91,2026-07-23
NNDM,1.3,1.47,3342418,2625870,4.91,5.36,0.9,0.3,-1.0,중립,음봉,잔구간,0.5,-0.35,2026-07-23
MQY,1.3,11.25,450292,359296,5.07,4.52,1.1,-0.3,-1.0,강한매도,장대음봉,전저점이탈,0.0,-3.35,2026-07-23
SLP,1.3,18.33,571006,438344,10.47,11.5,0.9,0.2,0.3,중립,양봉,전고점부근,0.5,0.25,2026-07-23
DFH,1.3,14.63,718280,536135,10.51,8.17,1.3,-2.6,-1.6,중립,음봉,전저점부근,0.47,0.01,2026-07-23
SLDP,1.3,2.15,4489621,3546486,9.65,8.11,1.2,-3.0,-4.9,강한매도,장대음봉,전저점이탈,0.06,-3.28,2026-07-23
LOFF,1.3,11.79,1258552,951543,14.84,12.7,1.2,-0.4,5.5,중립,양봉,잔구간,0.97,0.63,2026-07-23
NAD,1.3,11.6,598177,470505,6.94,6.41,1.1,-0.5,-0.2,중립,망치형,전저점이탈,0.5,0.25,2026-07-23
NCLH,1.3,18.71,13284579,10241384,248.55,212.13,1.2,-4.4,1.2,중립,양봉,전저점이탈,0.54,-0.0,2026-07-23
MVST,1.3,0.86,5620330,4229332,4.83,5.2,0.9,0.6,-5.5,강한매도,장대음봉,전저점이탈,0.13,-3.19,2026-07-23
EMPD,1.3,3.42,347499,265210,1.19,1.19,1.0,-1.8,2.1,매수관심,팽이도지,완만한상승,0.65,1.08,2026-07-23
SOFX,1.3,8.62,1062336,830423,9.16,9.75,0.9,-1.8,-3.4,중립,음봉,잔구간,0.34,-0.445,2026-07-23
IMXI,1.3,13.32,385715,285899,5.14,3.84,1.3,-0.8,1.5,중립,양봉,잔구간,0.81,0.535,2026-07-23
DRAL,1.3,12.55,559313,435563,7.02,5.46,1.3,-1.3,3.5,매수관심,양봉,완만한상승,0.64,1.77,2026-07-23
EFC,1.3,13.28,1373068,1064251,18.23,14.93,1.2,-0.4,-0.9,강한매도,장대음봉,전저점이탈,0.22,-3.09,2026-07-23
LYG,1.3,5.99,18818690,14874717,112.72,92.94,1.2,-2.1,-0.2,중립,망치형,잔구간,0.58,0.55,2026-07-23
CAPR,1.3,19.83,2009540,1517356,39.85,28.98,1.4,-2.1,7.1,강한매수,장대양봉,완만한상승,0.65,3.08,2026-07-23
ITUB,1.3,8.35,22073133,16950241,184.31,158.73,1.2,-0.8,-0.7,중립,음봉,잔구간,0.34,-0.445,2026-07-23
BHR,1.3,2.15,477436,369463,1.03,0.83,1.2,-1.4,0.9,중립,팽이도지,잔구간,0.66,0.095,2026-07-23
BEKE,1.3,16.08,4594898,3621826,73.89,61.15,1.2,1.5,-1.3,매도주의,장대음봉,전저점부근,0.11,-1.72,2026-07-23
TLRY,1.3,3.99,4045320,3015342,16.14,14.03,1.2,-1.0,-3.2,강한매도,장대음봉,전저점이탈,0.3,-2.99,2026-07-23
CBLL,1.3,16.28,406282,302526,6.61,5.93,1.1,-1.3,-1.9,매도주의,음봉,전저점이탈,0.43,-1.53,2026-07-23
RMNI,1.3,4.3,304084,226074,1.31,1.33,1.0,-1.4,0.2,중립,팽이도지,전저점부근,0.42,0.65,2026-07-23
MARA,1.3,12.77,58888865,46632870,752.01,674.67,1.1,-2.2,5.2,강한매수,장대양봉,완만한상승,0.63,3.06,2026-07-23
MATV,1.3,7.85,506078,376611,3.97,3.43,1.2,-1.4,-2.1,매도주의,장대음봉,잔구간,0.11,-1.235,2026-07-23
GGB,1.3,4.77,20133101,15066072,96.03,80.09,1.2,-0.2,0.2,매수관심,팽이도지,완만한상승,0.53,0.94,2026-07-23
GCMG,1.3,11.79,1021073,800999,12.04,8.5,1.4,-1.6,-0.1,매수관심,팽이도지,전저점부근,0.66,0.94,2026-07-23
SAFE,1.3,16.06,426497,322945,6.85,4.62,1.5,-1.3,-2.4,매도주의,음봉,전저점이탈,0.25,-1.75,2026-07-23
IREG,1.3,9.36,880104,653263,8.24,7.26,1.1,-3.7,0.3,중립,위꼬리양봉,잔구간,0.08,-0.75,2026-07-23
FVRR,1.3,10.29,668264,508506,6.88,6.09,1.1,0.1,-2.1,매도주의,음봉,전저점이탈,0.3,-1.69,2026-07-23
MSIF,1.3,10.94,357805,270525,3.91,3.06,1.3,-0.4,-0.3,중립,팽이도지,전저점부근,0.45,0.69,2026-07-23
PWP,1.3,14.96,1338847,1044854,20.03,14.96,1.3,-2.2,1.1,중립,양봉,잔구간,0.56,0.385,2026-07-23
BV,1.3,14.15,882892,673021,12.49,13.64,0.9,-1.5,0.6,중립,양봉,잔구간,0.55,0.38,2026-07-23
BSCR,1.3,19.575,619780,487642,12.13,8.96,1.4,-0.1,0.0,중립,양봉,전저점이탈,0.5,-0.05,2026-07-23
PDO,1.3,12.89,567903,441776,7.32,6.48,1.1,-0.2,-0.8,강한매도,장대음봉,전저점이탈,0.07,-3.27,2026-07-23
MSFX,1.3,15.12,346786,261756,5.24,4.07,1.3,0.3,-4.7,매도주의,장대음봉,잔구간,0.26,-1.145,2026-07-23
MSTX,1.3,8.24,7912419,6183401,65.2,57.74,1.1,-5.9,-7.0,매도주의,장대음봉,잔구간,0.26,-1.145,2026-07-23
WTI,1.3,3.85,5004038,3746022,19.27,13.71,1.4,4.6,-1.0,중립,위꼬리음봉,전고점돌파,0.19,-0.37,2026-07-23
XPRO,1.3,15.7,1391250,1098433,21.84,17.05,1.3,1.2,-1.5,중립,음봉,잔구간,0.28,-0.48,2026-07-23
XPEV,1.2,12.76,8302202,7160502,105.94,88.21,1.2,0.3,-1.0,강한매수,망치형,전저점부근,0.59,2.8600000000000003,2026-07-23
BLDP,1.2,2.98,6796502,5451156,20.25,18.26,1.1,-1.3,-2.6,매도주의,위꼬리음봉,잔구간,0.04,-1.025,2026-07-23
WEST,1.2,7.56,481332,390260,3.64,3.22,1.1,-2.1,-0.3,중립,팽이도지,잔구간,0.63,0.08,2026-07-23
MFIC,1.2,9.46,428669,372719,4.06,4.21,1.0,-0.6,0.3,매수관심,양봉스프링,잔구간,0.77,0.91,2026-07-23
MIR,1.2,16.88,3865483,3121630,65.25,58.61,1.1,-1.4,3.2,강한매수,장대양봉,전고점돌파,0.9,3.98,2026-07-23
SENS,1.2,4.87,440321,380937,2.14,2.45,0.9,-1.2,1.5,중립,양봉,잔구간,0.57,0.39,2026-07-23
ARR,1.2,16.13,5139833,4175473,82.91,80.71,1.0,-0.8,-0.7,중립,망치형,전저점이탈,0.53,0.29,2026-07-23
ARVN,1.2,8.12,704977,590537,5.72,4.61,1.2,-1.9,0.2,중립,위꼬리양봉,수횡파,0.3,-0.64,2026-07-23
TETH,1.2,9.36,2164494,1842698,20.26,13.28,1.5,-1.4,-1.3,매도주의,장대음봉,잔구간,0.15,-1.21,2026-07-23
FOXF,1.2,18.25,557917,484341,10.18,8.43,1.2,-1.6,-0.4,중립,망치형,잔구간,0.75,0.65,2026-07-23
FRNM,1.2,12.2,763681,641836,9.32,8.4,1.1,-0.6,-6.6,중립,무참고,정보부족,,0.0,2026-07-23
FIGS,1.2,9.24,3304045,2745911,30.53,25.6,1.2,-1.3,-5.6,강한매도,장대음봉,전저점이탈,0.11,-3.22,2026-07-23
ETH,1.2,17.86,1958404,1669068,34.98,32.95,1.1,-1.4,-1.2,중립,음봉,잔구간,0.16,-0.555,2026-07-23
ETHE,1.2,15.12,1901688,1635255,28.75,25.08,1.1,-1.5,-1.2,중립,음봉,잔구간,0.14,-0.565,2026-07-23
EVC,1.2,10.53,1659502,1392397,17.47,15.19,1.2,-0.5,1.2,중립,양봉,잔구간,0.58,0.4,2026-07-23
SABR,1.2,1.69,3503878,3018336,5.92,5.18,1.1,-1.2,3.0,매수관심,양봉,완만한상승,0.56,1.67,2026-07-23
RR,1.2,1.61,6655718,5481289,10.72,9.76,1.1,-2.4,-1.8,중립,팽이도지,잔구간,0.5,0.0,2026-07-23
RUN,1.2,10.38,9584032,7952641,99.48,101.77,1.0,-1.6,-3.7,매도주의,음봉,전저점이탈,0.26,-1.74,2026-07-23
GDOT,1.2,13.1,348108,288597,4.56,3.86,1.2,-0.2,-1.3,매도주의,음봉,전저점이탈,0.42,-1.55,2026-07-23
GDYN,1.2,5.61,1464172,1247785,8.21,7.44,1.1,-2.0,2.2,강한매수,장대양봉,수횡파,0.95,4.140000000000001,2026-07-23
RNW,1.2,6.25,1114238,955499,6.96,8.27,0.8,0.2,0.3,매수관심,팽이도지,완만한상승,0.54,0.95,2026-07-23
TARA,1.2,4.04,397834,327771,1.61,1.87,0.9,-1.7,0.7,중립,양봉,잔구간,0.58,0.4,2026-07-23
IQST,1.2,1.07,2371179,1909300,2.54,18.51,0.1,-1.0,4.9,중립,양봉,잔구간,0.89,0.585,2026-07-23
EVMN,1.2,11.32,827602,677754,9.37,8.68,1.1,-2.1,1.4,매수관심,양봉스프링,잔구간,0.9,0.99,2026-07-23
EVV,1.2,9.11,508789,433682,4.64,4.88,0.9,-0.1,-0.9,강한매도,장대음봉,전저점이탈,0.24,-3.06,2026-07-23
TIC,1.2,6.97,3044791,2462918,21.22,15.89,1.3,-2.5,-0.3,중립,팽이도지,잔구간,0.64,0.085,2026-07-23
TIGR,1.2,4.87,1907491,1644571,9.29,8.47,1.1,-0.4,-2.6,중립,음봉,잔구간,0.24,-0.505,2026-07-23
NAGE,1.2,3.19,837001,701593,2.67,2.5,1.1,-1.6,-4.5,강한매도,장대음봉,전저점이탈,0.13,-3.19,2026-07-23
NCNO,1.2,16.22,2040001,1747831,33.09,34.85,0.9,0.0,-2.3,중립,음봉,전저점부근,0.13,-0.39,2026-07-23
NIU,1.2,2.56,417970,353058,1.07,0.74,1.4,-2.2,-4.5,중립,음봉,잔구간,0.05,-0.62,2026-07-23
ENVX,1.2,4.34,6185089,5044297,26.84,27.46,1.0,-1.7,-5.7,강한매도,장대음봉,전저점이탈,0.03,-3.31,2026-07-23
EOLS,1.2,5.99,692686,580861,4.15,4.7,0.9,-0.8,2.6,매수관심,양봉,완만한상승,0.42,1.5,2026-07-23
EQX,1.2,9.29,13882604,11861871,128.97,95.44,1.4,-2.8,2.2,중립,양봉,잔구간,0.65,0.44,2026-07-23
EVEX,1.2,2.42,1166338,977065,2.82,2.47,1.1,-3.3,2.5,중립,양봉,잔구간,0.55,0.38,2026-07-23
NEA,1.2,11.25,864192,729725,9.72,8.94,1.1,-0.5,-0.4,중립,음봉,전저점부근,0.35,-0.13,2026-07-23
NEXT,1.2,7.96,2681156,2217992,21.34,15.77,1.4,2.7,1.4,매수관심,양봉,완만한상승,0.57,1.68,2026-07-23
IMTX,1.2,9.29,352460,296513,3.27,2.58,1.3,-1.6,3.0,강한매수,장대양봉,완만한상승,0.71,3.15,2026-07-23
INR,1.2,13.31,337326,282589,4.49,3.86,1.2,2.1,-4.2,매도주의,장대음봉,잔구간,0.17,-1.2,2026-07-23
HUN,1.2,12.81,3853346,3195259,49.36,42.75,1.2,-0.7,-2.4,중립,음봉,잔구간,0.27,-0.49,2026-07-23
LZM,1.2,3.29,477623,407246,1.57,1.54,1.0,-3.6,3.5,중립,양봉,잔구간,0.52,0.36,2026-07-23
MORT,1.2,9.65,1794159,1507584,17.31,13.82,1.3,-0.5,-0.7,매도주의,음봉,전저점이탈,0.4,-1.57,2026-07-23
NNBR,1.2,3.42,1711147,1372239,5.85,5.43,1.1,-2.6,1.8,중립,양봉,잔구간,0.88,0.58,2026-07-23
NNOX,1.2,0.974,1056824,904926,1.03,1.17,0.9,-1.3,0.8,중립,위꼬리양봉,전저점부근,0.34,-0.44,2026-07-23
EAF,1.2,7.1,448841,364923,3.19,2.37,1.3,-1.2,5.5,매수관심,양봉,완만한상승,0.6,1.72,2026-07-23
TRTX,1.2,8.5,686243,584351,5.83,5.75,1.0,-0.7,-1.3,매도주의,장대음봉,잔구간,0.37,-1.08,2026-07-23
AEG,1.2,9.03,6303232,5100496,56.92,42.67,1.3,-1.1,-0.3,중립,음봉,잔구간,0.47,-0.37,2026-07-23
NPKI,1.2,14.49,731292,602670,10.6,9.5,1.1,-1.1,-1.1,매도주의,위꼬리음봉,잔구간,0.05,-1.02,2026-07-23
RCKT,1.2,3.28,1694993,1392195,5.56,5.86,0.9,-1.5,0.9,중립,팽이도지,잔구간,0.69,0.115,2026-07-23
SCM,1.2,7.04,309288,258430,2.18,2.39,0.9,0.8,-1.8,중립,음봉,잔구간,0.52,-0.34,2026-07-23
LPL,1.2,3.37,3220382,2788058,10.85,12.36,0.9,5.2,-2.6,중립,음봉,완만한상승,0.26,-0.09,2026-07-23
JACK,1.2,13.77,687340,588077,9.46,10.31,0.9,-2.5,-0.8,중립,망치형,전저점이탈,0.8,0.61,2026-07-23
NU,1.2,14.19,181328380,154003894,2573.05,1930.22,1.3,-0.6,-1.6,중립,음봉,잔구간,0.24,-0.505,2026-07-23
DQ,1.2,11.91,658602,527074,7.84,6.92,1.1,2.2,-2.9,중립,음봉,잔구간,0.12,-0.58,2026-07-23
FSM,1.2,8.42,6079046,4878076,51.19,39.28,1.3,-3.8,1.6,중립,양봉,잔구간,0.79,0.525,2026-07-23
FUN,1.2,17.21,2329031,2016826,40.08,36.45,1.1,-1.0,0.6,매수관심,양봉스프링,잔구간,0.91,0.995,2026-07-23
AVAH,1.2,9.08,2094932,1791884,19.02,19.11,1.0,-0.4,-3.3,매도주의,장대음봉,잔구간,0.17,-1.2,2026-07-23
AGNT,1.2,3.87,1540477,1324253,5.96,5.48,1.1,1.2,-10.6,강한매도,장대음봉,전저점이탈,0.04,-3.3,2026-07-23
AGRO,1.2,10.77,797062,650443,8.58,6.86,1.3,-1.0,-3.8,중립,음봉,잔구간,0.01,-0.645,2026-07-23
NXDR,1.2,2.22,2896595,2349990,6.43,6.4,1.0,-1.1,-3.3,강한매도,장대음봉,전저점이탈,0.35,-2.93,2026-07-23
AMRX,1.2,17.97,2423821,2046698,43.56,33.02,1.3,-1.1,2.3,강한매수,장대양봉,완만한상승,0.87,3.34,2026-07-23
AMTX,1.2,1.85,1135491,968047,2.1,1.84,1.1,0.0,8.2,강한매수,장대양봉,전고점돌파,0.94,4.03,2026-07-23
CVGI,1.2,4.65,324446,275494,1.51,1.43,1.1,-0.8,-1.7,중립,망치형,잔구간,0.6,0.56,2026-07-23
CRON,1.2,2.74,948059,765486,2.6,1.95,1.3,0.0,-1.4,중립,음봉,잔구간,0.36,-0.435,2026-07-23
DDL,1.2,2.38,434259,362190,1.03,0.9,1.2,-0.8,-0.8,중립,음봉,잔구간,0.23,-0.51,2026-07-23
JANX,1.2,15.72,931838,805420,14.65,13.2,1.1,-1.3,2.0,강한매수,양봉,완만한상승,0.87,2.04,2026-07-23
RYAM,1.2,8.44,1148702,952231,9.7,6.58,1.5,-0.2,-6.2,매도주의,장대음봉,잔구간,0.03,-1.28,2026-07-23
JBLU,1.2,4.99,35380192,29532298,176.55,159.61,1.1,-3.8,0.5,매수관심,양봉스프링,전저점이탈,0.96,1.3,2026-07-23
JCAP,1.2,19.13,380324,311189,7.28,6.46,1.1,-1.2,0.4,매수관심,양봉스프링,잔구간,0.86,0.965,2026-07-23
JFR,1.2,7.65,546103,448431,4.18,3.54,1.2,0.0,-0.8,매도주의,장대음봉,전저점부근,0.06,-1.78,2026-07-23
AIOT,1.2,3.79,1252924,1046998,4.75,4.41,1.1,-1.0,-6.2,강한매도,장대음봉,전저점이탈,0.08,-3.25,2026-07-23
KBDC,1.2,13.35,390483,319069,5.21,3.88,1.3,-0.6,0.4,매수관심,양봉,전저점부근,0.69,1.68,2026-07-23
KBWD,1.2,11.96,509883,429090,6.1,4.56,1.3,-0.4,-1.1,강한매도,장대음봉,전저점이탈,0.32,-2.97,2026-07-23
KDK,1.2,4.27,1070631,862180,4.57,4.06,1.1,-2.7,-1.2,중립,팽이도지,잔구간,0.44,-0.035,2026-07-23
KEEL,1.2,4.81,30645612,26315500,147.41,119.16,1.2,0.6,1.9,중립,위꼬리양봉,완만한상승,0.3,-0.34,2026-07-23
ASM,1.2,5.69,3959634,3207287,22.53,18.13,1.2,-5.3,-4.0,매도주의,장대음봉,잔구간,0.2,-1.18,2026-07-23
TTGT,1.2,3.56,466808,386925,1.66,1.08,1.5,0.0,-0.8,중립,망치형,잔구간,0.7,0.62,2026-07-23
TTI,1.2,8.53,1412903,1175850,12.05,11.22,1.1,-1.0,-5.1,강한매도,장대음봉,전저점이탈,0.08,-3.25,2026-07-23
ODD,1.2,15.53,767347,618748,11.92,12.14,1.0,-2.5,-2.8,매도주의,음봉,전저점이탈,0.5,-1.45,2026-07-23
OEC,1.2,6.86,545831,467633,3.74,4.25,0.9,-0.5,-8.7,매도주의,장대음봉,잔구간,0.08,-1.25,2026-07-23
UMH,1.2,15.4,574872,476781,8.85,6.85,1.3,-1.2,0.7,매수관심,장대양봉,잔구간,0.71,1.125,2026-07-23
CRDL,1.2,1.23,988059,812647,1.22,1.37,0.9,-2.2,-1.8,매도주의,위꼬리음봉,잔구간,0.14,-0.965,2026-07-23
IAG,1.2,14.73,6181423,4961582,91.05,69.07,1.3,-3.2,0.5,중립,팽이도지,잔구간,0.68,0.11,2026-07-23
ICL,1.2,5.3,1162239,957416,6.16,6.01,1.0,0.4,-0.7,중립,음봉,잔구간,0.23,-0.51,2026-07-23
HMY,1.2,15.49,3077443,2631574,47.67,43.75,1.1,-3.1,0.7,중립,양봉,잔구간,0.64,0.435,2026-07-23
ARLO,1.2,12.53,968168,807677,12.13,11.79,1.0,-0.9,-2.3,매도주의,음봉,전저점이탈,0.29,-1.7,2026-07-23
STLA,1.2,5.75,16434316,13351503,94.5,101.79,0.9,-1.2,0.3,매수관심,양봉스프링,잔구간,0.88,0.98,2026-07-23
CRK,1.2,13.72,2761726,2313721,37.89,33.61,1.1,2.7,-4.7,매도주의,장대음봉,잔구간,0.07,-1.26,2026-07-23
CRSR,1.2,10.08,1557647,1347718,15.7,13.22,1.2,0.9,-5.8,매도주의,장대음봉,잔구간,0.11,-1.235,2026-07-23
UNG,1.2,10.61,7649061,6546870,81.16,84.03,1.0,0.3,-0.2,매도주의,위꼬리음봉,완만한상승,0.16,-1.01,2026-07-23
USA,1.2,5.65,1883295,1515786,10.64,8.97,1.2,-0.3,-1.2,매도주의,음봉,전저점이탈,0.33,-1.65,2026-07-23
USAS,1.2,4.06,5214462,4190402,21.17,15.37,1.4,-4.3,1.5,중립,양봉,잔구간,0.75,0.5,2026-07-23
ONDL,1.2,7.525,1980149,1627130,14.9,10.74,1.4,-5.0,3.2,중립,위꼬리양봉,잔구간,0.45,-0.53,2026-07-23
OPFI,1.2,8.86,495604,430675,4.39,4.48,1.0,-1.0,-3.2,강한매도,장대음봉,전저점이탈,0.14,-3.18,2026-07-23
OPK,1.2,1.17,2958377,2450947,3.46,3.56,1.0,-0.8,0.0,중립,위꼬리양봉,전저점부근,0.14,-0.68,2026-07-23
ORN,1.2,12.92,474699,380632,6.13,5.35,1.1,0.2,-1.9,중립,음봉,잔구간,0.36,-0.435,2026-07-23
CLVT,1.2,1.94,4753935,3839668,9.22,11.4,0.8,-1.5,-1.0,강한매수,망치형,전저점부근,0.66,2.94,2026-07-23
CERS,1.2,2.87,2535678,2053951,7.28,5.77,1.3,-1.0,-4.0,강한매도,장대음봉,전저점이탈,0.14,-3.18,2026-07-23
COMP,1.2,10.78,12698183,10982373,136.89,129.78,1.1,-1.9,-2.4,매도주의,음봉,전저점이탈,0.44,-1.52,2026-07-23
VIA,1.2,17.08,943039,771920,16.11,13.42,1.2,0.6,-3.0,중립,음봉,잔구간,0.36,-0.435,2026-07-23
ORCU,1.2,5.44,5975033,4897040,32.5,34.21,1.0,-2.4,-6.8,매도주의,장대음봉,전저점부근,0.12,-1.71,2026-07-23
ORGO,1.2,2.43,782994,641372,1.9,1.91,1.0,-0.8,-0.8,중립,망치형,잔구간,0.63,0.58,2026-07-23
ALLO,1.2,1.82,5640284,4714930,10.27,11.02,0.9,-2.2,0.0,중립,팽이도지,잔구간,0.57,0.04,2026-07-23
QNST,1.2,14.98,913671,746941,13.69,11.74,1.2,-2.6,-1.6,매도주의,음봉,전저점이탈,0.08,-1.95,2026-07-23
SPAL,1.2,11.83,1878358,1530236,22.22,16.76,1.3,-0.3,5.4,중립,양봉,잔구간,0.99,0.645,2026-07-23
HLLY,1.2,2.52,849679,696580,2.14,2.03,1.1,-2.0,0.8,강한매수,양봉스프링,전저점부근,0.87,3.69,2026-07-23
SSYS,1.2,8.0,402774,340165,3.22,3.76,0.9,-1.6,-1.0,매도주의,위꼬리음봉,전저점부근,0.24,-1.06,2026-07-23
PAR,1.2,15.54,748347,619651,11.63,12.48,0.9,0.3,1.0,중립,팽이도지,잔구간,0.7,0.12,2026-07-23
PAYS,1.2,8.39,579587,486063,4.86,4.36,1.1,-0.2,-6.2,매도주의,장대음봉,전저점부근,0.07,-1.77,2026-07-23
PBR.A,1.2,16.88,6971394,5711765,117.68,104.01,1.1,1.6,-0.9,중립,음봉,완만한상승,0.11,-0.27,2026-07-23
BTZ,1.2,9.97,305551,244961,3.05,3.63,0.8,-0.1,-1.2,강한매도,장대음봉,전저점이탈,0.0,-3.35,2026-07-23
ADTN,1.2,10.15,1967762,1614822,19.97,19.84,1.0,-2.1,-0.8,매도주의,위꼬리음봉,잔구간,0.12,-0.98,2026-07-23
PDM,1.2,9.57,719953,581708,6.89,5.72,1.2,-1.3,1.3,강한매수,장대양봉,완만한상승,0.69,3.13,2026-07-23
ZGN,1.2,13.81,1438321,1222192,19.86,16.09,1.2,3.0,-3.4,매도주의,장대음봉,잔구간,0.23,-1.16,2026-07-23
PTY,1.2,11.61,1212647,991087,14.08,12.99,1.1,-0.3,-0.4,강한매도,장대음봉,전저점이탈,0.12,-3.21,2026-07-23
ABEV,1.2,3.09,19580232,16080848,60.5,63.5,1.0,-1.0,-0.6,매도주의,위꼬리음봉,잔구간,0.14,-0.965,2026-07-23
BMNG,1.2,13.393,926234,768400,12.41,12.76,1.0,-5.5,-7.8,중립,음봉,잔구간,0.19,-0.535,2026-07-23
BMNR,1.2,16.59,42764970,35566304,709.47,542.29,1.3,-2.9,-3.7,중립,음봉,잔구간,0.19,-0.535,2026-07-23
BMNZ,1.2,17.29,827024,675104,14.3,12.08,1.2,5.2,6.6,중립,양봉,잔구간,0.8,0.53,2026-07-23
BRBR,1.2,12.9,3739536,3025596,48.24,48.25,1.0,-0.5,1.5,강한매수,양봉스프링,완만한상승,0.98,2.98,2026-07-23
BRSP,1.2,5.21,1253809,1043538,6.53,6.62,1.0,-0.9,-1.5,매도주의,음봉,전저점이탈,0.35,-1.63,2026-07-23
ABAT,1.2,2.28,2843930,2444676,6.48,7.04,0.9,-2.0,-4.6,매도주의,장대음봉,잔구간,0.0,-1.3,2026-07-23
WVE,1.2,5.78,2223139,1785923,12.85,12.26,1.0,-1.9,2.7,매수관심,장대양봉,잔구간,0.86,1.215,2026-07-23
PRGO,1.1,10.1,3013556,2657072,30.44,28.1,1.1,-1.6,-1.9,중립,음봉,잔구간,0.53,-0.33,2026-07-23
PSO,1.1,16.04,727690,653614,11.67,15.43,0.8,0.1,-0.4,강한매도,위꼬리음봉,전저점이탈,0.18,-2.63,2026-07-23
PHR,1.1,9.8,677979,604698,6.64,7.17,0.9,1.0,-3.1,매도주의,음봉,전저점이탈,0.23,-1.77,2026-07-23
BORR,1.1,4.23,3845444,3596945,16.27,15.41,1.1,1.0,-0.5,중립,팽이도지,잔구간,0.54,0.025,2026-07-23
BPRE,1.1,12.51,1004255,941854,12.56,11.59,1.1,-1.5,0.8,중립,양봉,잔구간,0.52,0.36,2026-07-23
ACH,1.1,3.13,498808,455165,1.56,1.65,0.9,-0.6,-0.3,강한매수,망치형,전저점부근,0.84,3.16,2026-07-23
XFOR,1.1,3.99,579989,521958,2.31,2.56,0.9,-0.9,9.0,매수관심,장대양봉,잔구간,0.95,1.27,2026-07-23
XP,1.1,16.83,4121001,3785769,69.36,73.48,0.9,-1.0,-1.7,중립,음봉,잔구간,0.07,-0.61,2026-07-23
ZIP,1.1,3.86,480534,457425,1.85,1.63,1.1,1.0,-2.8,중립,음봉,잔구간,0.6,-0.29,2026-07-23
MFG,1.1,10.57,3289829,3122374,34.77,45.64,0.8,1.0,-0.3,매수관심,팽이도지,완만한상승,0.47,0.86,2026-07-23
HTZ,1.1,1.905,17779120,15577778,33.87,36.11,0.9,-1.6,0.3,중립,위꼬리양봉,잔구간,0.16,-0.705,2026-07-23
AXIA,1.1,10.12,2009872,1785750,20.34,19.67,1.0,-1.9,0.6,중립,양봉,잔구간,0.62,0.42,2026-07-23
HDSN,1.1,6.33,368257,332911,2.33,2.51,0.9,1.3,1.0,매수관심,장대양봉,전고점부근,0.7,1.79,2026-07-23
HLF,1.1,11.8,1463366,1303169,17.27,18.8,0.9,-1.6,-1.7,매도주의,음봉,전저점이탈,0.43,-1.53,2026-07-23
HLIT,1.1,11.6,1392399,1269761,16.15,17.83,0.9,-1.6,-1.8,매도주의,음봉,전저점이탈,0.28,-1.71,2026-07-23
HLMN,1.1,7.87,1161444,1076655,9.14,8.44,1.1,-1.0,-0.6,중립,팽이도지,잔구간,0.54,0.025,2026-07-23
METC,1.1,11.2,1319234,1252021,14.78,14.66,1.0,0.0,-10.0,매도주의,장대음봉,전저점부근,0.06,-1.78,2026-07-23
SPDN,1.1,8.8,48977116,45029030,431.0,328.82,1.3,1.0,0.1,매수관심,팽이도지,전고점돌파,0.53,1.54,2026-07-23
SPPP,1.1,12.93,663572,584376,8.58,6.83,1.3,-3.3,0.2,중립,팽이도지,잔구간,0.52,0.01,2026-07-23
SPRY,1.1,6.0,2660290,2530677,15.96,15.22,1.0,0.7,-1.6,중립,망치형,전저점이탈,0.7,0.49,2026-07-23
HLX,1.1,9.7,1298451,1144899,12.59,11.24,1.1,1.9,-1.3,중립,음봉,완만한상승,0.04,-0.35,2026-07-23
HSAI,1.1,14.76,1307099,1138439,19.29,21.15,0.9,0.5,-1.3,중립,망치형,잔구간,0.53,0.52,2026-07-23
AQST,1.1,3.77,2015861,1842151,7.6,7.1,1.1,-1.0,-3.3,강한매도,장대음봉,전저점이탈,0.06,-3.28,2026-07-23
ARCO,1.1,8.28,1025023,956638,8.49,11.67,0.7,-0.8,-1.2,중립,음봉,잔구간,0.2,-0.53,2026-07-23
MEI,1.1,16.03,519004,491388,8.32,10.51,0.8,-2.2,-0.2,중립,팽이도지,잔구간,0.64,0.085,2026-07-23
GSBD,1.1,8.61,556326,527684,4.79,7.69,0.6,0.0,-0.6,중립,음봉,전저점부근,0.41,-0.06,2026-07-23
GSOL,1.1,5.705,5471790,5131139,31.22,30.4,1.0,-1.5,-1.1,중립,음봉,잔구간,0.17,-0.55,2026-07-23
GPGI,1.1,14.07,1579806,1405845,22.23,20.42,1.1,-2.8,1.5,중립,양봉,전저점이탈,0.72,0.21,2026-07-23
GPRO,1.1,0.69,4645219,4369815,3.21,3.49,0.9,-2.4,-4.3,중립,음봉,잔구간,0.23,-0.51,2026-07-23
RWT,1.1,4.9,1626002,1446553,7.97,11.19,0.7,-0.6,-3.0,강한매도,장대음봉,전저점이탈,0.23,-3.07,2026-07-23
GME.WS,1.1,1.74,643520,586199,1.12,1.48,0.8,2.2,-4.4,매도주의,음봉,전저점이탈,0.27,-1.73,2026-07-23
AUTL,1.1,1.52,970694,865827,1.48,1.95,0.8,-1.4,7.0,강한매수,장대양봉,수횡파,0.88,4.0600000000000005,2026-07-23
AVO,1.1,12.22,865902,822128,10.58,13.54,0.8,-1.2,-2.2,매도주의,음봉,전저점이탈,0.27,-1.73,2026-07-23
IMMR,1.1,6.6,496545,439493,3.28,3.08,1.1,-1.2,1.9,강한매수,장대양봉,완만한상승,0.89,3.37,2026-07-23
INMD,1.1,15.09,536870,480763,8.1,10.92,0.7,-0.1,-0.7,중립,음봉,잔구간,0.5,-0.35,2026-07-23
INN,1.1,6.91,831212,781875,5.74,5.47,1.1,-0.4,-1.1,중립,음봉,잔구간,0.32,-0.46,2026-07-23
MRAM,1.1,16.6,1213662,1121349,20.15,18.36,1.1,-4.5,8.2,매수관심,장대양봉,잔구간,0.73,1.14,2026-07-23
RUM,1.1,5.99,2190144,2025801,13.12,12.78,1.0,-3.7,1.2,중립,양봉,잔구간,0.47,0.33,2026-07-23
GCTS,1.1,2.05,1747841,1528249,3.58,3.38,1.1,-1.0,-1.4,중립,팽이도지,잔구간,0.36,-0.085,2026-07-23
RLJ,1.1,12.06,1534672,1424762,18.51,20.81,0.9,-0.2,-2.0,매도주의,장대음봉,잔구간,0.28,-1.13,2026-07-23
RMAX,1.1,9.25,365881,332015,3.38,3.99,0.8,-1.4,-8.4,강한매도,장대음봉,전저점이탈,0.1,-3.23,2026-07-23
MNTN,1.1,8.36,836252,787695,6.99,8.04,0.9,-1.4,-1.1,중립,망치형,전저점이탈,0.5,0.25,2026-07-23
FNKO,1.1,5.72,487752,456976,2.79,3.37,0.8,-1.3,-2.7,중립,음봉,잔구간,0.25,-0.5,2026-07-23
FPE,1.1,17.75,882084,786019,15.66,15.37,1.0,-0.4,-0.1,중립,팽이도지,전저점이탈,0.47,-0.79,2026-07-23
MUD,1.1,10.91,12320252,10853216,134.41,139.73,1.0,-1.5,-1.6,중립,음봉,전저점부근,0.48,0.03,2026-07-23
RITM,1.1,8.98,5878272,5514926,52.79,52.87,1.0,-0.4,-1.2,강한매도,장대음봉,전저점이탈,0.14,-3.18,2026-07-23
RIVN,1.1,16.46,30050265,27279747,494.63,600.23,0.8,-1.3,-2.9,매도주의,장대음봉,전저점부근,0.15,-1.67,2026-07-23
MSOS,1.1,4.27,3103861,2858644,13.25,17.61,0.8,-1.1,-1.6,매도주의,음봉,전저점이탈,0.11,-1.92,2026-07-23
MSOX,1.1,2.31,1733546,1560987,4.0,4.17,1.0,-0.4,-4.5,매도주의,음봉,전저점이탈,0.14,-1.88,2026-07-23
FETH,1.1,18.67,1514550,1352577,28.28,28.96,1.0,-1.3,-1.3,매도주의,장대음봉,잔구간,0.16,-1.205,2026-07-23
FJET,1.1,3.71,889299,789692,3.3,3.18,1.0,-1.9,1.6,매수관심,양봉스프링,잔구간,0.93,1.01,2026-07-23
MBC,1.1,8.42,2075865,1903213,17.48,14.96,1.2,-1.8,2.1,중립,양봉,잔구간,0.86,0.565,2026-07-23
SANA,1.1,3.21,2237932,2108720,7.18,8.27,0.9,-1.6,4.6,매수관심,장대양봉,잔구간,0.8,1.18,2026-07-23
SBH,1.1,14.49,1284921,1168854,18.62,18.56,1.0,-1.1,0.0,매수관심,팽이도지,수횡파,0.69,0.83,2026-07-23
EVLV,1.1,5.27,1722882,1499705,9.08,8.4,1.1,-1.1,-0.6,매도주의,팽이도지,전저점이탈,0.45,-0.81,2026-07-23
TK,1.1,11.18,621020,555353,6.94,5.99,1.2,-0.5,1.0,매수관심,양봉,완만한상승,0.79,1.95,2026-07-23
TLK,1.1,14.36,912331,818532,13.1,11.37,1.2,-0.9,-2.5,매도주의,장대음봉,잔구간,0.0,-1.3,2026-07-23
NIO,1.1,4.64,21891923,20686871,101.58,108.37,0.9,0.2,-0.9,매도주의,음봉,전저점이탈,0.4,-1.57,2026-07-23
MUZ,1.1,11.56,14385360,12563637,166.29,170.18,1.0,-2.7,-3.4,중립,음봉,전저점부근,0.48,0.03,2026-07-23
EOSE,1.1,3.72,26336358,23841410,97.97,107.2,0.9,-2.3,-4.4,중립,음봉,전저점부근,0.23,-0.27,2026-07-23
EBS,1.1,7.5,661151,591906,4.96,5.81,0.9,-1.1,0.0,중립,팽이도지,잔구간,0.29,-0.125,2026-07-23
RGTX,1.1,10.21,1019654,897477,10.41,8.07,1.3,-5.3,0.1,중립,위꼬리양봉,잔구간,0.2,-0.68,2026-07-23
ECVT,1.1,12.89,1407177,1267646,18.14,17.89,1.0,-0.2,-0.2,매도주의,위꼬리음봉,잔구간,0.17,-0.95,2026-07-23
DRN,1.1,11.1,761990,675207,8.46,7.79,1.1,-0.9,0.4,중립,위꼬리양봉,잔구간,0.3,-0.62,2026-07-23
DUOT,1.1,8.38,694825,645518,5.82,6.39,0.9,-1.8,4.1,중립,양봉,잔구간,0.73,0.49,2026-07-23
TOYO,1.1,4.96,823237,768623,4.08,3.88,1.1,0.4,-2.0,매도주의,위꼬리음봉,전저점부근,0.01,-1.34,2026-07-23
TROX,1.1,6.38,2439962,2221455,15.57,13.25,1.2,-0.8,-2.9,중립,음봉,잔구간,0.18,-0.54,2026-07-23
SBSW,1.1,8.43,5525915,4942800,46.58,39.07,1.2,-4.9,1.1,중립,양봉,잔구간,0.68,0.46,2026-07-23
LUMN,1.1,6.53,10542166,9626972,68.84,58.81,1.2,-2.5,0.0,중립,팽이도지,잔구간,0.56,0.035,2026-07-23
DNUT,1.1,3.11,2958346,2701660,9.2,8.24,1.1,-0.6,-1.3,매도주의,음봉,전저점이탈,0.33,-1.65,2026-07-23
CYRX,1.1,16.03,799231,719275,12.81,11.15,1.1,-0.4,-2.0,중립,음봉,잔구간,0.18,-0.54,2026-07-23
DAMD,1.1,1.49,71500389,64439581,106.54,90.19,1.2,3.5,2.1,매수관심,팽이도지,완만한상승,0.56,0.97,2026-07-23
DBRG,1.1,15.84,1950852,1769485,30.9,39.39,0.8,0.0,0.2,매수관심,양봉,완만한상승,0.67,1.8,2026-07-23
NUCL,1.1,6.01,406115,384343,2.44,2.47,1.0,0.3,-8.0,매도주의,장대음봉,잔구간,0.05,-1.27,2026-07-23
NMZ,1.1,10.28,584783,530416,6.01,6.13,1.0,-0.5,0.1,중립,팽이도지,잔구간,0.5,0.0,2026-07-23
DFDV,1.1,2.87,644637,600874,1.85,1.89,1.0,-3.2,-4.3,중립,음봉,잔구간,0.3,-0.47,2026-07-23
RCAT,1.1,8.03,8071538,7518256,64.81,60.94,1.1,-1.0,3.5,매수관심,장대양봉,잔구간,0.8,1.18,2026-07-23
BBNX,1.1,16.13,1329100,1164538,21.44,18.19,1.2,-3.4,2.4,중립,양봉,잔구간,0.57,0.39,2026-07-23
CTKB,1.1,4.56,766517,724399,3.5,3.58,1.0,-1.3,1.8,중립,양봉,잔구간,0.38,0.28,2026-07-23
CWK,1.1,12.47,2577913,2253533,32.15,28.13,1.1,-2.0,1.9,매수관심,장대양봉,잔구간,0.89,1.235,2026-07-23
CRNC,1.1,8.81,966556,900483,8.52,7.03,1.2,1.2,-8.9,매도주의,장대음봉,잔구간,0.17,-1.2,2026-07-23
JMIA,1.1,5.93,2150843,1910880,12.75,9.81,1.3,-1.8,0.5,중립,팽이도지,전저점부근,0.44,0.68,2026-07-23
JPC,1.1,7.7,848477,747037,6.53,6.29,1.0,-0.3,-0.6,강한매도,장대음봉,전저점이탈,0.17,-3.15,2026-07-23
IONL,1.1,10.58,788179,707856,8.34,8.57,1.0,-4.0,0.3,중립,위꼬리양봉,잔구간,0.27,-0.64,2026-07-23
JQC,1.1,4.75,670368,603620,3.18,2.8,1.1,-0.6,-0.2,매도주의,위꼬리음봉,전저점부근,0.12,-1.21,2026-07-23
CSAN,1.1,3.11,838963,751517,2.61,2.56,1.0,-1.3,0.6,중립,양봉,잔구간,0.77,0.51,2026-07-23
BAK,1.1,2.47,1736432,1526285,4.29,3.91,1.1,0.8,0.8,중립,팽이도지,잔구간,0.57,0.04,2026-07-23
NZF,1.1,12.26,443622,410697,5.44,6.13,0.9,-0.5,-0.4,강한매도,장대음봉,전저점이탈,0.13,-3.19,2026-07-23
CMRC,1.1,2.605,569112,539869,1.48,1.58,0.9,-1.1,-3.2,매도주의,음봉,전저점이탈,0.19,-1.82,2026-07-23
CMRE,1.1,15.67,416390,369421,6.52,6.32,1.0,0.3,2.7,강한매수,장대양봉,완만한상승,0.99,3.49,2026-07-23
CNDT,1.1,1.46,782426,711514,1.14,1.25,0.9,-0.7,-2.7,매도주의,음봉,전저점이탈,0.22,-1.79,2026-07-23
COUR,1.1,5.38,6020728,5453249,32.39,29.05,1.1,-1.5,2.3,중립,양봉,잔구간,0.67,0.45,2026-07-23
UWMC,1.1,1.74,15036647,13822881,26.16,30.12,0.9,-2.2,-3.3,매도주의,음봉,전저점이탈,0.24,-1.76,2026-07-23
CIM,1.1,12.33,659209,613876,8.13,7.42,1.1,-0.5,-1.8,강한매도,장대음봉,전저점이탈,0.19,-3.12,2026-07-23
CLB,1.1,11.8,790238,704041,9.32,8.67,1.1,1.1,-2.4,중립,음봉,잔구간,0.2,-0.53,2026-07-23
CGNT,1.1,8.19,459500,422445,3.76,4.4,0.9,-0.4,-1.2,중립,팽이도지,전저점부근,0.38,0.61,2026-07-23
CHGG,1.1,0.973,1298202,1160195,1.26,0.91,1.4,3.7,5.1,강한매수,양봉,전고점돌파,0.84,2.61,2026-07-23
VG,1.1,15.16,22722430,19927958,344.47,230.54,1.5,3.2,-0.9,중립,음봉,전고점돌파,0.3,0.56,2026-07-23
ORBS,1.1,0.646,14843791,12920900,9.59,7.75,1.2,-1.9,2.8,중립,양봉,잔구간,0.93,0.61,2026-07-23
ORCX,1.1,15.2,3611906,3337083,54.9,72.36,0.8,-2.4,-6.9,매도주의,장대음봉,전저점부근,0.12,-1.71,2026-07-23
KRO,1.1,6.64,405961,365012,2.7,3.1,0.9,-0.8,-5.7,매도주의,장대음봉,잔구간,0.19,-1.185,2026-07-23
SKHL,1.1,10.8,1312086,1207833,14.17,12.49,1.1,6.6,-1.5,매도주의,위꼬리음봉,잔구간,0.22,-0.92,2026-07-23
QID,1.1,15.3,16672233,15165985,255.09,212.36,1.2,3.1,0.8,매수관심,양봉,완만한상승,0.62,1.74,2026-07-23
AMC,1.1,2.28,44787006,42161993,102.11,119.87,0.9,-0.9,2.2,강한매수,양봉스프링,완만한상승,1.0,3.0,2026-07-23
CALY,1.1,17.91,2073191,1925475,37.13,34.88,1.1,-2.5,0.1,매도주의,팽이도지,전저점이탈,0.37,-0.91,2026-07-23
CFFN,1.1,8.55,929197,822754,7.94,6.35,1.3,-1.4,0.9,중립,양봉,잔구간,0.86,0.565,2026-07-23
PFN,1.1,7.01,611704,564928,4.29,6.42,0.7,-0.3,-0.4,매도주의,음봉,전저점이탈,0.29,-1.7,2026-07-23
PFXF,1.1,17.42,934964,874022,16.29,12.94,1.3,-0.5,-0.7,매도주의,장대음봉,잔구간,0.32,-1.11,2026-07-23
PD,1.1,8.63,1906130,1691354,16.45,17.09,1.0,1.1,-3.3,강한매도,장대음봉,전저점이탈,0.22,-3.09,2026-07-23
QBTX,1.1,7.31,1692715,1487402,12.37,12.88,1.0,-4.8,2.4,중립,위꼬리양봉,잔구간,0.21,-0.675,2026-07-23
QBTZ,1.1,6.37,1623037,1480102,10.34,10.41,1.0,4.5,-1.5,강한매수,망치형,완만한상승,0.79,2.25,2026-07-23
PNNT,1.1,3.24,600034,566083,1.94,2.14,0.9,0.0,-0.6,중립,음봉,잔구간,0.39,-0.415,2026-07-23
LION,1.1,13.4,2323495,2099163,31.13,37.45,0.8,-1.2,-2.1,중립,음봉,잔구간,0.05,-0.62,2026-07-23
SFIX,1.1,3.53,1289913,1203325,4.55,4.47,1.0,-2.7,-3.3,매도주의,음봉,전저점이탈,0.29,-1.7,2026-07-23
SGRY,1.1,15.22,1078084,1022315,16.41,18.95,0.9,-0.6,1.1,매수관심,양봉,완만한상승,0.76,1.91,2026-07-23
SHEN,1.1,11.48,454954,419912,5.22,5.15,1.0,-1.6,-0.8,매도주의,위꼬리음봉,잔구간,0.16,-0.955,2026-07-23
KRP,1.1,15.17,638188,565647,9.68,8.52,1.1,1.5,-1.2,중립,음봉,완만한상승,0.34,0.01,2026-07-23
LAES,1.1,2.57,15101896,13320100,38.81,32.39,1.2,-2.7,1.6,중립,양봉,잔구간,0.46,0.325,2026-07-23
PRCT,1.1,17.55,1532620,1369092,26.9,29.56,0.9,0.0,-0.8,중립,팽이도지,전저점부근,0.52,0.77,2026-07-23
PPTA,1.1,17.84,1322568,1201719,23.59,19.45,1.2,-3.6,0.1,중립,팽이도지,잔구간,0.59,0.055,2026-07-23
ACCO,1.1,3.92,610497,572677,2.39,2.74,0.9,-2.0,-1.8,중립,음봉,잔구간,0.23,-0.51,2026-07-23
ABR,1.1,5.02,3646794,3175791,18.31,15.74,1.2,-0.2,-0.2,중립,망치형,잔구간,0.8,0.68,2026-07-23
WRN,1.1,2.15,1697095,1512075,3.65,3.36,1.1,-2.7,-1.8,중립,음봉,잔구간,0.1,-0.59,2026-07-23
ZVRA,1.1,12.52,965776,906577,12.09,14.1,0.9,-1.6,4.9,매수관심,장대양봉,잔구간,0.95,1.27,2026-07-23
XRX,1.0,2.61,1992184,2012510,5.2,5.79,0.9,-2.3,0.4,강한매수,양봉스프링,수횡파,0.76,3.41,2026-07-23
ABX,1.0,10.05,670580,667706,6.74,7.46,0.9,2.6,-4.9,강한매도,장대음봉,전저점이탈,0.11,-3.22,2026-07-23
PRTA,1.0,8.53,532213,546087,4.54,4.91,0.9,-2.0,3.1,강한매수,장대양봉,완만한상승,0.76,3.21,2026-07-23
WBTN,1.0,9.16,327642,332543,3.0,3.81,0.8,-0.7,-2.1,강한매도,장대음봉,전저점이탈,0.27,-3.03,2026-07-23
BMBL,1.0,2.79,1974236,1932713,5.51,6.3,0.9,0.0,-0.7,강한매수,망치형,전저점부근,0.67,2.95,2026-07-23
POWW,1.0,2.1,492870,518444,1.04,2.06,0.5,-2.2,-3.7,강한매도,장대음봉,전저점이탈,0.0,-3.35,2026-07-23
PUBM,1.0,12.3,450567,456982,5.54,5.86,0.9,-0.7,-2.1,매도주의,음봉,전저점이탈,0.2,-1.81,2026-07-23
ACHR,1.0,5.11,30465558,31253691,155.68,178.71,0.9,-1.5,0.2,중립,위꼬리양봉,잔구간,0.24,-0.655,2026-07-23
BXMT,1.0,16.49,1595520,1528417,26.31,27.09,1.0,0.0,-1.3,강한매도,장대음봉,전저점이탈,0.25,-3.05,2026-07-23
BZ,1.0,15.25,2914628,2938230,44.45,41.16,1.1,0.4,-1.4,중립,음봉,잔구간,0.31,-0.465,2026-07-23
ADMA,1.0,8.37,2617491,2532998,21.91,24.19,0.9,-0.2,0.1,매수관심,양봉스프링,잔구간,0.86,0.965,2026-07-23
SLN,1.0,11.45,480128,463991,5.5,4.4,1.2,-0.7,-2.6,중립,음봉,잔구간,0.36,-0.435,2026-07-23
JBI,1.0,5.26,867010,872456,4.56,5.29,0.9,-1.9,0.8,중립,양봉,잔구간,0.52,0.36,2026-07-23
KD,1.0,11.66,3264388,3229402,38.06,41.13,0.9,-0.3,0.4,매수관심,팽이도지,완만한상승,0.71,1.15,2026-07-23
ASPN,1.0,5.16,829016,849623,4.28,4.09,1.0,-2.1,-0.8,중립,팽이도지,잔구간,0.48,-0.01,2026-07-23
ALHC,1.0,20.0,3263621,3433252,65.27,78.14,0.8,-1.1,-2.7,중립,음봉,잔구간,0.19,-0.535,2026-07-23
KOPN,1.0,3.8,4702852,4823813,17.87,16.5,1.1,-0.5,1.9,강한매수,양봉스프링,완만한상승,0.87,2.84,2026-07-23
KOS,1.0,2.74,14185754,14285414,38.87,45.52,0.9,4.2,-0.7,매수관심,팽이도지,전고점돌파,0.58,1.6,2026-07-23
AIB,1.0,1.79,647970,619628,1.16,1.66,0.7,0.0,-8.7,매도주의,장대음봉,잔구간,0.14,-1.215,2026-07-23
LILA,1.0,7.455,433804,454711,3.23,3.79,0.9,-0.7,1.2,강한매수,양봉,완만한상승,0.98,2.18,2026-07-23
PDYN,1.0,5.23,709315,744559,3.71,5.44,0.7,-1.7,-0.2,매도주의,위꼬리음봉,잔구간,0.24,-0.905,2026-07-23
PEPG,1.0,2.1,828631,801487,1.74,3.43,0.5,-1.0,10.5,매수관심,장대양봉,잔구간,0.91,1.245,2026-07-23
PGEN,1.0,5.54,3101197,3261213,17.18,16.74,1.0,-2.6,6.9,강한매수,장대양봉,완만한상승,0.95,3.44,2026-07-23
PHAT,1.0,11.6,733228,759943,8.51,14.1,0.6,-1.5,0.7,중립,팽이도지,잔구간,0.56,0.035,2026-07-23
BDJ,1.0,9.58,327144,318418,3.13,3.77,0.8,-0.4,-0.8,매도주의,장대음봉,잔구간,0.27,-1.14,2026-07-23
BGS,1.0,3.51,2166752,2276205,7.61,7.98,1.0,-0.8,-1.1,매도주의,음봉,전저점이탈,0.13,-1.89,2026-07-23
VNDA,1.0,5.36,883804,867425,4.74,4.95,1.0,-0.9,1.1,중립,양봉,잔구간,0.61,0.415,2026-07-23
VSTM,1.0,6.18,2193680,2307927,13.56,15.62,0.9,-0.3,5.3,매수관심,양봉,완만한상승,0.77,1.92,2026-07-23
MCHB,1.0,15.94,725032,698291,11.56,10.85,1.1,-1.0,1.2,매수관심,장대양봉,잔구간,0.83,1.2,2026-07-23
S,1.0,17.38,7399142,7305840,128.6,149.86,0.9,0.5,-5.1,강한매도,장대음봉,전저점이탈,0.06,-3.28,2026-07-23
IONX,1.0,19.7,1170878,1182211,23.07,26.56,0.9,-3.7,0.2,중립,팽이도지,잔구간,0.29,-0.125,2026-07-23
IRE,1.0,11.82,8552643,8337509,101.09,89.12,1.1,-3.7,0.3,중립,위꼬리양봉,잔구간,0.08,-0.75,2026-07-23
SLRC,1.0,12.88,324638,330157,4.18,4.07,1.0,-0.3,-1.7,매도주의,장대음봉,잔구간,0.3,-1.12,2026-07-23
SMMT,1.0,14.98,3283513,3297639,49.19,45.88,1.1,-0.1,1.7,매수관심,양봉,완만한상승,0.62,1.74,2026-07-23
SMU,1.0,6.17,1522530,1533824,9.39,8.87,1.1,-5.5,8.4,강한매수,장대양봉,완만한상승,0.79,3.25,2026-07-23
LUNL,1.0,3.76,1217871,1280165,4.58,5.14,0.9,-6.0,0.5,중립,팽이도지,잔구간,0.32,-0.11,2026-07-23
SLDB,1.0,7.98,957352,995197,7.64,10.29,0.7,-1.2,-0.2,중립,팽이도지,전저점이탈,0.53,-0.71,2026-07-23
SOPH,1.0,6.05,392033,384533,2.37,2.1,1.1,2.5,-7.8,매도주의,장대음봉,잔구간,0.04,-1.275,2026-07-23
SPCM,1.0,11.97,419260,429699,5.02,7.26,0.7,-0.2,5.3,중립,양봉,잔구간,0.99,0.645,2026-07-23
IBX,1.0,13.92,1915776,1847052,26.67,45.32,0.6,-3.1,4.1,중립,양봉,잔구간,0.91,0.595,2026-07-23
HPP,1.0,14.87,585111,602791,8.7,8.75,1.0,-1.5,4.6,매수관심,장대양봉,잔구간,0.77,1.16,2026-07-23
PBR,1.0,19.0,13140281,13470244,249.67,266.22,0.9,1.8,-1.2,매도주의,장대음봉,완만한상승,0.12,-1.56,2026-07-23
CARS,1.0,11.42,718972,726315,8.21,8.16,1.0,-1.9,-0.2,중립,망치형,잔구간,0.92,0.75,2026-07-23
CAL,1.0,11.68,464339,443654,5.42,5.19,1.0,-4.2,-2.9,매도주의,장대음봉,잔구간,0.19,-1.185,2026-07-23
CGAU,1.0,16.3,1146356,1189280,18.69,20.4,0.9,-3.5,1.1,중립,양봉,잔구간,0.91,0.595,2026-07-23
CHA,1.0,11.22,363478,369401,4.08,4.93,0.8,0.0,2.0,강한매수,장대양봉,완만한상승,0.81,3.27,2026-07-23
CHPT,1.0,5.41,431407,453144,2.33,2.75,0.8,-2.1,-5.3,강한매도,장대음봉,전저점이탈,0.02,-3.33,2026-07-23
AMCI,1.0,5.18,301405,293559,1.56,1.23,1.3,-2.0,4.9,매수관심,양봉,완만한상승,0.47,1.56,2026-07-23
OSUR,1.0,4.03,449554,457923,1.81,1.49,1.2,-1.1,7.5,매수관심,장대양봉,잔구간,1.0,1.3,2026-07-23
OWL,1.0,9.21,14297354,14958982,131.68,134.56,1.0,-1.1,1.7,중립,양봉,잔구간,0.41,0.295,2026-07-23
OIS,1.0,8.68,545655,521145,4.74,4.98,1.0,1.9,-2.5,중립,음봉,잔구간,0.16,-0.555,2026-07-23
OLMA,1.0,11.74,879496,852990,10.33,11.68,0.9,-2.6,4.9,중립,양봉,잔구간,0.96,0.625,2026-07-23
CION,1.0,5.94,519838,518039,3.09,2.97,1.0,-0.5,-1.0,매도주의,음봉,전저점이탈,0.35,-1.63,2026-07-23
CCOI,1.0,12.9,981525,1013321,12.66,13.23,1.0,-2.5,2.3,중립,양봉,잔구간,0.76,0.505,2026-07-23
ARKO,1.0,7.98,544277,537950,4.34,4.46,1.0,-1.0,-1.5,중립,음봉,잔구간,0.33,-0.45,2026-07-23
GRND,1.0,14.7,1520217,1491254,22.35,22.63,1.0,0.0,1.4,매수관심,양봉스프링,잔구간,0.82,0.94,2026-07-23
HAFN,1.0,7.6,1000640,1017794,7.6,8.32,0.9,0.7,0.3,중립,위꼬리양봉,완만한상승,0.32,-0.32,2026-07-23
HE,1.0,13.53,1605846,1559833,21.73,21.43,1.0,-1.0,0.4,중립,위꼬리양봉,잔구간,0.27,-0.64,2026-07-23
OBDC,1.0,10.7,2846995,2935570,30.46,35.73,0.9,-0.6,-0.5,매도주의,음봉,전저점이탈,0.42,-1.55,2026-07-23
CNNE,1.0,14.36,467856,456753,6.72,6.54,1.0,-1.3,-1.8,강한매도,장대음봉,전저점이탈,0.35,-2.93,2026-07-23
CRWU,1.0,3.78,5757592,5897499,21.76,18.29,1.2,-3.9,0.3,중립,위꼬리양봉,잔구간,0.12,-0.73,2026-07-23
TYGO,1.0,1.77,1042293,1046709,1.84,2.19,0.8,0.0,-1.7,중립,음봉,잔구간,0.0,-0.65,2026-07-23
OCTV,1.0,15.5,745183,757002,11.55,14.7,0.8,-1.0,-0.3,강한매도,위꼬리음봉,전저점이탈,0.21,-2.6,2026-07-23
OCUL,1.0,8.62,1811982,1873265,15.62,17.95,0.9,-1.0,1.4,매수관심,양봉,전저점부근,0.83,1.85,2026-07-23
BBWI,1.0,19.34,4875110,4694150,94.28,92.88,1.0,-2.4,-1.2,매도주의,음봉,전저점이탈,0.28,-1.71,2026-07-23
CWH,1.0,5.63,2495597,2449232,14.05,16.09,0.9,-2.1,-8.3,강한매도,장대음봉,전저점이탈,0.17,-3.15,2026-07-23
CRNT,1.0,2.22,532166,520679,1.18,2.06,0.6,0.4,-1.8,중립,망치형,잔구간,0.52,0.51,2026-07-23
DC,1.0,4.68,1244777,1278400,5.83,5.96,1.0,-3.6,1.5,중립,양봉,잔구간,0.9,0.59,2026-07-23
DEC,1.0,13.24,742674,736825,9.83,10.17,1.0,2.1,-3.0,매도주의,장대음봉,잔구간,0.0,-1.3,2026-07-23
AG,1.0,16.45,9767872,9858120,160.68,159.03,1.0,-4.1,-0.9,중립,팽이도지,잔구간,0.55,0.03,2026-07-23
GDXY,1.0,9.74,398977,387940,3.89,3.85,1.0,-2.1,-0.1,중립,망치형,잔구간,0.91,0.745,2026-07-23
FUTG,1.0,3.49,974646,932927,3.4,3.37,1.0,-5.2,-8.6,매도주의,장대음봉,잔구간,0.16,-1.205,2026-07-23
SWIM,1.0,5.5,687437,688851,3.78,3.84,1.0,-1.9,-4.0,강한매도,장대음봉,전저점이탈,0.03,-3.31,2026-07-23
GMRS,1.0,12.65,353804,342031,4.48,6.84,0.7,-1.0,-0.2,중립,팽이도지,잔구간,0.41,-0.055,2026-07-23
AVS,1.0,7.523,15678463,15129146,117.95,103.11,1.1,1.3,-0.1,중립,팽이도지,잔구간,0.49,-0.005,2026-07-23
GAU,1.0,1.84,2964335,2881498,5.45,4.61,1.2,-2.1,-1.6,중립,음봉,잔구간,0.62,-0.28,2026-07-23
SWBI,1.0,14.43,467390,461193,6.74,7.27,0.9,-0.5,-0.8,매도주의,음봉,전저점이탈,0.12,-1.91,2026-07-23
RWM,1.0,13.72,27555954,26450465,378.07,296.37,1.3,1.0,-0.4,매도주의,음봉,전고점부근,0.36,-1.32,2026-07-23
RXRX,1.0,3.01,18832246,19391160,56.69,71.51,0.8,-1.8,2.9,매수관심,장대양봉,잔구간,0.82,1.19,2026-07-23
AGBK,1.0,6.69,365057,350484,2.44,1.82,1.3,-1.0,-0.4,중립,팽이도지,잔구간,0.4,-0.06,2026-07-23
AGEN,1.0,6.19,2333435,2285924,14.44,120.59,0.1,0.0,11.9,매수관심,장대양봉,잔구간,0.95,1.27,2026-07-23
AGNC,1.0,10.56,23668453,23654608,249.94,201.94,1.2,-1.1,-0.4,중립,팽이도지,전저점이탈,0.53,-0.71,2026-07-23
TSHA,1.0,5.83,2441982,2351007,14.24,19.51,0.7,-2.7,5.9,매수관심,장대양봉,잔구간,0.88,1.23,2026-07-23
TSLG,1.0,3.86,39255706,39952379,151.53,208.45,0.7,-17.8,-13.8,강한매도,장대음봉,전저점이탈,0.15,-3.17,2026-07-23
NTLA,1.0,11.1,3768746,3883474,41.83,63.93,0.7,-1.5,1.3,중립,양봉,잔구간,0.42,0.3,2026-07-23
DNA,1.0,7.93,763255,790992,6.05,7.57,0.8,-1.5,2.9,매수관심,장대양봉,잔구간,0.69,1.115,2026-07-23
DAKT,1.0,19.81,412855,417728,8.18,10.18,0.8,-1.5,4.2,매수관심,장대양봉,잔구간,0.88,1.23,2026-07-23
MSTW,1.0,3.29,355055,359928,1.17,1.33,0.9,-4.2,-3.2,중립,음봉,잔구간,0.32,-0.46,2026-07-23
GAB,1.0,5.52,874718,879672,4.83,6.06,0.8,-0.4,-1.1,강한매도,장대음봉,전저점이탈,0.2,-3.11,2026-07-23
TAL,1.0,10.34,3138649,3154463,32.45,32.66,1.0,0.0,0.1,매수관심,팽이도지,완만한상승,0.6,1.02,2026-07-23
TALO,1.0,15.26,2057102,1988349,31.39,26.24,1.2,2.8,-2.7,매도주의,장대음봉,잔구간,0.02,-1.29,2026-07-23
TBLA,1.0,4.81,2212950,2156275,10.64,12.17,0.9,-0.2,-2.0,중립,음봉,전저점부근,0.41,-0.06,2026-07-23
TCPC,1.0,3.13,552581,528378,1.73,1.98,0.9,0.0,-1.9,매도주의,장대음봉,잔구간,0.33,-1.1,2026-07-23
RVT,1.0,17.98,301297,307989,5.42,8.38,0.6,-0.4,0.1,중립,팽이도지,잔구간,0.48,-0.01,2026-07-23
NUS,1.0,5.08,540645,516327,2.75,3.12,0.9,-1.7,-0.8,중립,음봉,잔구간,0.5,-0.35,2026-07-23
NVD,1.0,4.68,85131209,82250833,398.41,364.73,1.1,2.4,0.6,중립,팽이도지,수횡파,0.4,0.48,2026-07-23
NVTS,1.0,12.03,12691769,13080631,152.68,161.46,0.9,-5.6,0.5,중립,위꼬리양봉,잔구간,0.26,-0.645,2026-07-23
NMAX,1.0,7.75,538918,517405,4.18,4.55,0.9,-1.1,-2.1,매도주의,음봉,전저점이탈,0.3,-1.69,2026-07-23
DXD,1.0,17.65,426727,448069,7.53,9.95,0.8,2.4,-0.5,중립,음봉,전고점돌파,0.45,0.74,2026-07-23
AEHG,1.0,9.75,355907,350967,3.47,4.68,0.7,2.4,-12.4,매도주의,장대음봉,잔구간,0.1,-1.24,2026-07-23
NRDS,1.0,8.71,553106,527989,4.82,4.97,1.0,-1.1,-2.7,강한매도,장대음봉,전저점이탈,0.2,-3.11,2026-07-23
MSDL,1.0,15.07,345096,335387,5.2,6.17,0.8,-0.6,-0.7,강한매도,장대음봉,전저점이탈,0.18,-3.13,2026-07-23
MSTU,1.0,1.8,96390851,94933781,173.5,170.7,1.0,-5.6,-7.7,매도주의,장대음봉,잔구간,0.24,-1.155,2026-07-23
FATE,1.0,2.52,1637234,1595882,4.13,8.94,0.5,-0.4,-1.9,매도주의,음봉,전저점이탈,0.36,-1.62,2026-07-23
FIP,1.0,4.39,869121,900301,3.82,3.32,1.1,1.4,-3.8,매도주의,장대음봉,잔구간,0.17,-1.2,2026-07-23
ETHA,1.0,14.11,30212896,31753277,426.3,412.85,1.0,-1.4,-1.5,매도주의,장대음봉,잔구간,0.06,-1.265,2026-07-23
TFSL,1.0,18.16,753108,783664,13.68,13.31,1.0,-0.6,0.0,매수관심,양봉스프링,잔구간,0.9,0.99,2026-07-23
FNB,1.0,18.87,7174566,7138648,135.38,151.48,0.9,-0.8,0.9,강한매수,양봉,완만한상승,0.9,2.08,2026-07-23
EYE,1.0,19.99,1891756,1837721,37.82,37.95,1.0,-1.6,2.5,강한매수,양봉,완만한상승,0.95,2.14,2026-07-23
REI,1.0,1.31,3724365,3693214,4.88,6.03,0.8,2.3,0.0,중립,팽이도지,완만한상승,0.33,0.7,2026-07-23
REPL,1.0,10.46,3792173,3638290,39.67,31.01,1.3,-0.4,-2.3,중립,음봉,잔구간,0.27,-0.49,2026-07-23
RERE,1.0,3.8,540492,536294,2.05,2.82,0.7,-1.0,0.3,중립,위꼬리양봉,잔구간,0.31,-0.615,2026-07-23
RGTZ,1.0,5.5,3056057,3129672,16.81,18.23,0.9,5.5,-0.5,강한매수,망치형,완만한상승,0.81,2.27,2026-07-23
EDIT,1.0,2.73,1437251,1394073,3.92,5.98,0.7,-2.5,0.7,중립,위꼬리양봉,전저점부근,0.5,-0.25,2026-07-23
ELMT,1.0,14.91,308567,300941,4.6,4.44,1.0,-0.3,-2.0,중립,음봉,잔구간,0.18,-0.54,2026-07-23
DRH,1.0,12.67,2648063,2723728,33.55,29.02,1.2,-0.9,-0.9,중립,음봉,잔구간,0.23,-0.51,2026-07-23
DSU,1.0,9.45,443309,439726,4.19,4.3,1.0,-0.3,-0.5,중립,음봉,잔구간,0.33,-0.45,2026-07-23
NEOG,1.0,9.61,1515044,1555145,14.56,14.96,1.0,-1.6,-0.7,중립,팽이도지,잔구간,0.37,-0.08,2026-07-23
NMAD,1.0,4.87,334530,336094,1.63,2.15,0.8,-0.4,-2.0,중립,망치형,전저점이탈,0.69,0.48,2026-07-23
MUX,1.0,17.59,928895,917233,16.34,13.8,1.2,-3.6,1.4,중립,양봉,잔구간,1.0,0.65,2026-07-23
MX,1.0,3.65,791475,784336,2.89,4.33,0.7,-1.9,2.0,중립,양봉,잔구간,0.61,0.415,2026-07-23
MYGN,1.0,5.7,679239,710809,3.87,4.93,0.8,-1.1,1.8,중립,양봉,잔구간,0.45,0.32,2026-07-23
NABL,1.0,3.89,1690108,1739520,6.57,8.55,0.8,1.2,-10.0,강한매도,장대음봉,전저점이탈,0.14,-3.18,2026-07-23
TME,1.0,8.76,4875608,4971717,42.71,46.64,0.9,0.3,-0.6,중립,망치형,잔구간,0.64,0.585,2026-07-23
TMQ,1.0,3.16,1177781,1135871,3.72,5.53,0.7,-2.2,1.6,중립,양봉,잔구간,0.57,0.39,2026-07-23
EMBC,1.0,3.25,1260887,1233009,4.1,4.29,1.0,0.0,0.0,매수관심,팽이도지,완만한상승,0.74,1.19,2026-07-23
ERY,1.0,10.43,873265,838431,9.11,11.16,0.8,-3.2,2.6,매수관심,장대양봉,잔구간,0.87,1.22,2026-07-23
EXG,1.0,9.52,350130,335813,3.33,3.32,1.0,-0.9,-0.6,매도주의,음봉,전저점이탈,0.2,-1.81,2026-07-23
TH,1.0,16.34,659482,648933,10.78,12.66,0.9,-1.0,-1.2,중립,음봉,잔구간,0.27,-0.49,2026-07-23
THM,1.0,2.07,537490,523138,1.11,1.17,0.9,-6.1,3.0,중립,양봉,잔구간,0.55,0.38,2026-07-23
PLAY,1.0,9.75,1708665,1697416,16.66,15.43,1.1,-2.8,-1.7,중립,음봉,잔구간,0.22,-0.52,2026-07-23
PLG,1.0,1.3,838563,814365,1.09,1.09,1.0,-2.2,-0.8,중립,팽이도지,잔구간,0.55,0.03,2026-07-23
BNED,1.0,11.83,339832,336720,4.02,5.65,0.7,-1.1,0.5,매수관심,팽이도지,전저점부근,0.69,0.98,2026-07-23
BRR,1.0,1.86,931935,923195,1.73,2.48,0.7,0.0,-6.5,중립,음봉,잔구간,0.23,-0.51,2026-07-23
ZENA,1.0,1.49,1879328,1880052,2.8,2.7,1.0,-0.7,-0.7,매도주의,위꼬리음봉,잔구간,0.14,-0.965,2026-07-23
VYX,1.0,7.6,1765057,1760086,13.41,13.7,1.0,-0.5,-1.9,매도주의,음봉,전저점이탈,0.52,-1.43,2026-07-23
VZLA,1.0,3.24,5600395,5655032,18.15,17.58,1.0,-3.5,-1.8,중립,음봉,잔구간,0.2,-0.53,2026-07-23
BSCT,1.0,18.435,542389,518816,10.0,11.79,0.8,-0.2,0.0,중립,양봉,전저점이탈,0.75,0.25,2026-07-23
BSOL,1.0,10.31,2311715,2329260,23.83,23.84,1.0,-1.2,-1.4,매도주의,장대음봉,잔구간,0.18,-1.19,2026-07-23
BTBT,1.0,1.5,27259424,26418346,40.89,40.62,1.0,-1.9,-2.0,매도주의,위꼬리음봉,잔구간,0.15,-0.96,2026-07-23
BTDR,1.0,12.17,6746841,6633909,82.11,95.59,0.9,-2.3,1.6,중립,위꼬리양봉,잔구간,0.24,-0.655,2026-07-23
SGML,1.0,10.02,1454387,1493413,14.57,16.74,0.9,3.3,-4.6,매도주의,장대음봉,잔구간,0.02,-1.29,2026-07-23
KSS,1.0,18.2,3330017,3189785,60.61,51.42,1.2,-0.2,-4.5,매도주의,장대음봉,잔구간,0.25,-1.15,2026-07-23
KT,1.0,18.26,1211220,1261429,22.12,24.17,0.9,1.1,0.4,중립,위꼬리양봉,전고점돌파,0.29,0.25,2026-07-23
KULR,1.0,2.77,1255765,1288380,3.48,3.59,1.0,-1.0,-4.2,중립,음봉,잔구간,0.08,-0.6,2026-07-23
KVUE,1.0,18.9,14410892,14327335,272.37,346.22,0.8,-1.2,0.0,매수관심,양봉스프링,잔구간,0.76,0.905,2026-07-23
KLAR,1.0,17.58,2969041,2852093,52.2,71.91,0.7,-1.7,0.2,중립,팽이도지,전저점이탈,0.52,-0.73,2026-07-23
YMAX,1.0,7.39,1421915,1465770,10.51,11.24,0.9,-1.2,-0.8,중립,음봉,전저점부근,0.4,-0.07,2026-07-23
XMAX,1.0,8.51,463619,486450,3.95,7.15,0.6,-0.1,-0.9,중립,음봉,잔구간,0.2,-0.53,2026-07-23
XPER,1.0,7.41,366258,357357,2.71,2.3,1.2,-1.3,0.5,매수관심,양봉스프링,잔구간,0.8,0.93,2026-07-23
BLCO,1.0,15.98,409791,425577,6.55,6.03,1.1,-1.2,1.4,강한매수,장대양봉,완만한상승,0.66,3.09,2026-07-23
BIZD,0.9,12.3,2872708,3041650,35.33,35.97,1.0,-0.3,-1.0,강한매도,장대음봉,전저점이탈,0.37,-2.91,2026-07-23
ZLAB,0.9,19.68,660434,712551,13.0,16.32,0.8,-1.0,-3.1,매도주의,장대음봉,잔구간,0.02,-1.29,2026-07-23
YSS,0.9,17.62,850932,970416,14.99,19.7,0.8,-1.4,0.9,중립,위꼬리양봉,잔구간,0.23,-0.66,2026-07-23
ATOM,0.9,5.58,569999,651371,3.18,4.06,0.8,-2.4,-1.1,매도주의,위꼬리음봉,잔구간,0.17,-0.95,2026-07-23
LAC,0.9,2.91,8478943,9384535,24.67,38.95,0.6,-1.0,-1.7,중립,음봉,잔구간,0.19,-0.535,2026-07-23
SES,0.9,0.537,14597082,15846143,7.84,10.09,0.8,0.8,-9.7,강한매도,장대음봉,전저점이탈,0.1,-3.23,2026-07-23
BTE,0.9,4.39,16275133,17828867,71.45,77.19,0.9,2.3,0.0,매수관심,팽이도지,전고점돌파,0.33,1.3,2026-07-23
BSCU,0.9,16.465,608580,658363,10.02,11.71,0.9,-0.2,-0.0,중립,망치형,전저점이탈,0.75,0.55,2026-07-23
ZETA,0.9,19.38,5884545,6648133,114.04,171.72,0.7,1.0,-4.9,강한매도,장대음봉,전저점이탈,0.17,-3.15,2026-07-23
BRSL,0.9,10.32,1298456,1452723,13.4,14.88,0.9,-0.8,-0.4,중립,망치형,전저점이탈,0.74,0.54,2026-07-23
PLTK,0.9,3.58,1002167,1148347,3.59,6.61,0.5,-1.3,-5.0,강한매도,장대음봉,전저점이탈,0.15,-3.17,2026-07-23
THRY,0.9,3.75,481676,531956,1.81,1.82,1.0,-2.1,0.3,중립,팽이도지,잔구간,0.53,0.02,2026-07-23
EVGO,0.9,1.51,2624971,2994527,3.96,4.96,0.8,-2.5,-1.9,강한매도,음봉,전저점이탈,0.0,-2.05,2026-07-23
EARN,0.9,4.4,333541,375430,1.47,1.51,1.0,0.5,0.7,강한매수,양봉스프링,완만한상승,1.0,3.0,2026-07-23
ERII,0.9,8.41,546532,602278,4.6,6.05,0.8,-1.3,-0.2,강한매도,위꼬리음봉,전저점이탈,0.16,-2.66,2026-07-23
NIXX,0.9,0.84,1203377,1409662,1.01,1.92,0.5,-3.4,-3.4,중립,팽이도지,잔구간,0.48,-0.01,2026-07-23
NEXN,0.9,9.73,445642,483734,4.34,5.45,0.8,-0.5,0.7,중립,팽이도지,잔구간,0.6,0.06,2026-07-23
DSGN,0.9,11.63,403094,451023,4.69,7.79,0.6,-1.9,0.6,중립,위꼬리양봉,전저점부근,0.34,-0.44,2026-07-23
ELME,0.9,1.47,771779,840082,1.13,2.27,0.5,0.0,-1.3,매도주의,음봉,전저점이탈,0.25,-1.75,2026-07-23
EFOR,0.9,19.64,851002,905101,16.71,16.26,1.0,0.0,-3.6,매도주의,장대음봉,잔구간,0.32,-1.11,2026-07-23
REAL,0.9,11.37,3101722,3364409,35.27,30.54,1.2,-2.7,2.8,강한매수,양봉,완만한상승,0.94,2.13,2026-07-23
RDW,0.9,9.28,15178480,17803150,140.86,142.94,1.0,-1.3,4.6,강한매수,장대양봉,완만한상승,0.68,3.12,2026-07-23
FSCO,0.9,4.93,801829,848314,3.95,4.59,0.9,-1.0,0.0,중립,위꼬리양봉,잔구간,0.17,-0.7,2026-07-23
FLYW,0.9,16.125,1868599,2125182,30.13,33.71,0.9,-1.4,-1.1,매도주의,음봉,전저점이탈,0.57,-1.37,2026-07-23
FLNC,0.9,14.42,5665729,6651210,81.7,113.11,0.7,-0.8,-0.8,중립,팽이도지,잔구간,0.26,-0.145,2026-07-23
ETHU,0.9,15.81,4606378,5289446,72.83,88.65,0.8,-3.0,-2.3,중립,음봉,잔구간,0.16,-0.555,2026-07-23
FIG,0.9,20.0,16406103,17277068,328.12,552.53,0.6,1.0,-7.8,강한매도,장대음봉,전저점이탈,0.05,-3.29,2026-07-23
EYPT,0.9,12.47,1284723,1384200,16.02,18.37,0.9,-1.7,0.2,중립,팽이도지,전저점부근,0.29,0.5,2026-07-23
NB,0.9,4.36,1880394,2182627,8.2,11.79,0.7,-2.2,-0.5,매도주의,위꼬리음봉,잔구간,0.15,-0.96,2026-07-23
TLS,0.9,4.51,396374,451461,1.79,2.19,0.8,-1.6,2.3,매수관심,장대양봉,잔구간,0.8,1.18,2026-07-23
RCAX,0.9,3.18,349261,381380,1.11,1.23,0.9,-4.0,8.9,매수관심,장대양봉,잔구간,0.87,1.22,2026-07-23
AEBI,0.9,13.38,320128,368912,4.28,4.33,1.0,-1.1,1.4,매수관심,양봉,완만한상승,0.46,1.55,2026-07-23
TRVI,0.9,17.18,2375412,2649594,40.81,52.3,0.8,-2.0,1.0,중립,위꼬리양봉,잔구간,0.32,-0.61,2026-07-23
TRLV,0.9,8.55,508304,576495,4.35,6.8,0.6,-0.9,-0.5,매도주의,위꼬리음봉,잔구간,0.13,-0.97,2026-07-23
DX,0.9,12.6,7281860,8558821,91.75,89.99,1.0,-2.2,-0.6,매도주의,음봉,전저점이탈,0.35,-1.63,2026-07-23
DV,0.9,10.38,1566834,1780762,16.26,19.94,0.8,-0.6,-4.2,강한매도,장대음봉,전저점이탈,0.05,-3.29,2026-07-23
NVDX,0.9,18.19,5203726,5620562,94.66,113.92,0.8,-2.7,-0.5,중립,팽이도지,잔구간,0.56,0.035,2026-07-23
NVAX,0.9,7.825,2389394,2534014,18.7,26.42,0.7,-1.0,-0.1,매수관심,팽이도지,전저점부근,0.55,0.81,2026-07-23
NUAI,0.9,5.315,7260514,8481298,38.59,42.59,0.9,-3.8,-4.9,중립,음봉,잔구간,0.13,-0.57,2026-07-23
MQ,0.9,16.73,1019987,1150834,17.06,18.45,0.9,-0.5,-2.0,매도주의,장대음봉,잔구간,0.38,-1.07,2026-07-23
MOMO,0.9,5.89,395987,436494,2.33,3.29,0.7,-0.3,-0.3,중립,팽이도지,전저점이탈,0.5,-0.75,2026-07-23
GAP,0.9,18.88,6467939,7079631,122.11,149.44,0.8,-1.5,-2.5,매도주의,음봉,전저점이탈,0.14,-1.88,2026-07-23
FWRG,0.9,11.96,684462,804727,8.19,9.93,0.8,-1.6,-1.5,매도주의,장대음봉,전저점부근,0.21,-1.6,2026-07-23
FWDI,0.9,4.26,806855,893682,3.44,4.02,0.9,-2.3,0.7,중립,팽이도지,잔구간,0.53,0.02,2026-07-23
RPC,0.9,8.32,538607,606536,4.48,4.59,1.0,-0.6,0.7,강한매수,양봉스프링,완만한상승,0.79,2.75,2026-07-23
RKT,0.9,12.78,30314671,33011277,387.42,403.25,1.0,-3.2,-1.8,매도주의,음봉,전저점이탈,0.43,-1.53,2026-07-23
RILY,0.9,6.93,355407,390974,2.46,3.13,0.8,-1.4,-0.7,중립,팽이도지,잔구간,0.33,-0.1,2026-07-23
MSTY,0.9,12.47,777423,870155,9.69,11.73,0.8,-3.5,-3.0,매도주의,장대음봉,잔구간,0.24,-1.155,2026-07-23
DBI,0.9,5.36,398950,421861,2.14,3.09,0.7,-2.4,-5.0,매도주의,장대음봉,잔구간,0.03,-1.28,2026-07-23
DAPP,0.9,18.99,324991,343486,6.17,5.04,1.2,-1.7,1.0,중립,위꼬리양봉,잔구간,0.35,-0.59,2026-07-23
CXM,0.9,5.5,2729939,3010646,15.01,18.11,0.8,1.6,-2.7,매도주의,장대음봉,잔구간,0.21,-1.175,2026-07-23
DNN,0.9,3.09,19958314,21150760,61.67,72.09,0.9,-1.3,2.7,강한매수,장대양봉,완만한상승,0.74,3.19,2026-07-23
DLO,0.9,14.08,1608282,1737871,22.64,25.11,0.9,-1.5,0.2,중립,팽이도지,잔구간,0.39,-0.065,2026-07-23
ANIX,0.9,3.75,324065,376556,1.22,0.98,1.2,0.9,5.6,강한매수,양봉,전고점돌파,0.78,2.54,2026-07-23
NWG,0.9,17.86,3662959,3883492,65.42,63.65,1.0,-2.1,-0.2,중립,팽이도지,잔구간,0.46,-0.025,2026-07-23
RC,0.9,1.48,1226229,1435123,1.81,2.27,0.8,-0.7,-2.0,강한매도,장대음봉,전저점이탈,0.0,-3.35,2026-07-23
STXS,0.9,1.41,1520057,1677261,2.14,2.78,0.8,-0.7,-4.7,매도주의,장대음봉,잔구간,0.27,-1.14,2026-07-23
GBDC,0.9,12.78,746389,866077,9.54,12.02,0.8,-0.8,0.2,매수관심,양봉스프링,잔구간,0.76,0.905,2026-07-23
AVPT,0.9,11.825,2028078,2191430,23.98,27.78,0.9,1.5,-2.8,매도주의,장대음봉,전저점부근,0.16,-1.66,2026-07-23
GILT,0.9,11.38,480684,531390,5.47,5.75,1.0,-0.6,1.2,중립,양봉,잔구간,0.47,0.33,2026-07-23
FUBO,0.9,8.62,1299163,1434846,11.2,14.96,0.7,-1.1,-3.0,강한매도,장대음봉,전저점이탈,0.12,-3.21,2026-07-23
GEVO,0.9,1.83,4980312,5548388,9.11,6.64,1.4,0.0,4.6,강한매수,양봉,전고점돌파,0.79,2.55,2026-07-23
GENI,0.9,6.43,5379599,5904272,34.59,28.43,1.2,-1.1,2.1,중립,양봉,잔구간,0.93,0.61,2026-07-23
AEVA,0.9,16.1,1158189,1336778,18.65,23.34,0.8,-1.5,-2.4,중립,음봉,잔구간,0.19,-0.535,2026-07-23
DCH,0.9,5.59,2750928,3123085,15.38,15.09,1.0,-2.1,0.2,매수관심,양봉스프링,잔구간,0.84,0.955,2026-07-23
BCAT,0.9,15.45,601623,644487,9.3,14.88,0.6,-0.6,-0.6,매도주의,장대음봉,잔구간,0.19,-1.185,2026-07-23
TTDU,0.9,2.27,1100245,1163414,2.5,3.27,0.8,0.4,-9.6,강한매도,장대음봉,전저점이탈,0.11,-3.22,2026-07-23
TSLX,0.9,16.58,390902,427647,6.48,7.99,0.8,-0.4,-0.7,매도주의,음봉,전저점이탈,0.36,-1.62,2026-07-23
QXO,0.9,13.83,22108020,23674774,305.75,412.26,0.7,-1.9,1.8,중립,양봉,잔구간,0.47,0.33,2026-07-23
OI,0.9,8.94,2268229,2651334,20.28,38.82,0.5,-1.8,0.7,중립,팽이도지,잔구간,0.58,0.05,2026-07-23
OGG,0.9,2.28,1512166,1770084,3.45,7.08,0.5,-2.2,3.6,매수관심,장대양봉,잔구간,0.83,1.2,2026-07-23
TWO,0.9,12.09,1202910,1317232,14.54,19.79,0.7,-0.3,0.2,매수관심,장대양봉,잔구간,0.75,1.15,2026-07-23
BBAI,0.9,2.85,20767201,22974960,59.19,74.5,0.8,-1.4,0.4,중립,위꼬리양봉,잔구간,0.19,-0.685,2026-07-23
CRML,0.9,6.11,5993657,6720033,36.62,42.55,0.9,-3.2,-3.2,중립,음봉,잔구간,0.2,-0.53,2026-07-23
CRCG,0.9,8.01,3196781,3693669,25.61,43.3,0.6,-3.9,-8.6,매도주의,장대음봉,잔구간,0.18,-1.19,2026-07-23
UIS,0.9,3.26,682123,756034,2.22,3.8,0.6,-2.6,-1.5,매도주의,음봉,전저점이탈,0.26,-1.74,2026-07-23
AQN,0.9,5.99,2633247,2926600,15.77,19.26,0.8,-1.0,1.5,강한매수,장대양봉,전고점돌파,0.88,3.96,2026-07-23
OPTU,0.9,0.867,4346324,4961245,3.77,6.45,0.6,-1.6,-1.4,중립,팽이도지,잔구간,0.38,-0.07,2026-07-23
OPRT,0.9,5.3,352234,398435,1.87,3.04,0.6,-2.0,-3.3,매도주의,음봉,전저점이탈,0.12,-1.91,2026-07-23
OPEN,0.9,3.845,86806345,101136598,333.77,443.36,0.8,-2.3,-10.2,강한매도,장대음봉,전저점이탈,0.07,-3.27,2026-07-23
OOMA,0.9,19.36,311831,336222,6.04,6.79,0.9,-1.0,-3.3,강한매도,장대음봉,전저점이탈,0.04,-3.3,2026-07-23
ONT,0.9,18.6,456278,526188,8.49,10.42,0.8,-0.6,-5.9,매도주의,장대음봉,잔구간,0.03,-1.28,2026-07-23
USAR,0.9,15.14,8482556,9705731,128.43,162.42,0.8,-2.7,-1.6,중립,음봉,잔구간,0.32,-0.46,2026-07-23
LXRX,0.9,2.3,2708450,2916256,6.23,5.79,1.1,-1.8,4.1,매수관심,양봉,완만한상승,0.71,1.85,2026-07-23
MICC,0.9,17.74,825714,956901,14.65,26.02,0.6,-3.5,1.7,매수관심,장대양봉,전저점이탈,0.83,1.65,2026-07-23
MGNX,0.9,4.01,575820,625780,2.31,3.54,0.7,-2.1,-4.8,매도주의,장대음봉,전저점부근,0.03,-1.81,2026-07-23
HLN,0.9,9.71,9034543,9631252,87.73,78.03,1.1,-1.7,0.3,중립,양봉,잔구간,0.77,0.51,2026-07-23
HL,0.9,15.32,48310568,56447187,740.12,678.75,1.1,-2.7,0.3,중립,팽이도지,잔구간,0.74,0.145,2026-07-23
HAPN,0.9,17.98,1294813,1374377,23.28,24.28,1.0,-1.1,-3.3,강한매도,장대음봉,전저점이탈,0.07,-3.27,2026-07-23
GUTS,0.9,0.757,2243004,2447530,1.7,2.23,0.8,0.0,-0.2,매수관심,팽이도지,전저점부근,0.56,0.82,2026-07-23
GTN,0.9,3.89,1198040,1264413,4.66,4.15,1.1,-2.2,-0.5,중립,팽이도지,잔구간,0.58,0.05,2026-07-23
GT,0.9,7.03,7615169,8942941,53.53,59.31,0.9,-1.3,-4.4,매도주의,장대음봉,잔구간,0.33,-1.1,2026-07-23
GRAB,0.9,3.3,34908551,37055273,115.2,125.52,0.9,-1.2,-0.3,매도주의,팽이도지,전저점이탈,0.33,-0.95,2026-07-23
STGW,0.9,7.09,726300,796126,5.15,7.15,0.7,-1.1,1.6,매수관심,장대양봉,잔구간,0.92,1.25,2026-07-23
RXST,0.9,5.37,781930,840553,4.2,5.38,0.8,-2.0,1.7,중립,양봉,잔구간,0.78,0.52,2026-07-23
UROY,0.9,3.1,3463291,3765707,10.74,8.05,1.3,-2.0,4.4,강한매수,장대양봉,전고점돌파,0.68,3.72,2026-07-23
UNIT,0.9,11.02,1581405,1708502,17.43,19.4,0.9,-1.5,0.5,중립,양봉,잔구간,0.63,0.43,2026-07-23
CPHI,0.9,1.85,10522207,12018707,19.47,90.99,0.2,1.2,6.9,중립,위꼬리양봉,완만한상승,0.26,-0.39,2026-07-23
CODI,0.9,9.91,528940,565318,5.24,7.03,0.7,-1.3,-2.9,매도주의,장대음봉,잔구간,0.1,-1.24,2026-07-23
CLSK,0.9,15.61,24116490,27278683,376.46,388.43,1.0,-1.2,3.1,중립,양봉,전고점부근,0.52,0.27,2026-07-23
CLNE,0.9,2.09,1439011,1686589,3.01,4.29,0.7,0.5,-1.9,중립,음봉,잔구간,0.1,-0.59,2026-07-23
CLBK,0.9,11.01,9987953,11344120,109.97,145.08,0.8,0.3,0.4,강한매수,양봉스프링,전저점부근,0.93,3.77,2026-07-23
CIRC,0.9,0.769,1393816,1479589,1.07,10.42,0.1,-3.0,10.7,매수관심,장대양봉,잔구간,0.88,1.23,2026-07-23
VITL,0.9,12.75,1423278,1669323,18.15,20.35,0.9,0.0,-2.9,중립,음봉,잔구간,0.31,-0.465,2026-07-23
VIR,0.9,9.34,1514525,1603502,14.15,15.42,0.9,-1.5,1.4,중립,양봉,잔구간,0.59,0.405,2026-07-23
CAG,0.9,14.37,15465096,17023945,222.23,247.26,0.9,-0.9,-2.2,중립,음봉,잔구간,0.28,-0.48,2026-07-23
CABA,0.9,2.72,2307679,2683671,6.28,10.61,0.6,-1.8,0.7,중립,위꼬리양봉,잔구간,0.26,-0.645,2026-07-23
CCO,0.9,2.41,2081609,2372042,5.02,9.44,0.5,0.0,0.0,매수관심,팽이도지,완만한상승,0.5,0.9,2026-07-23
CCC,0.9,5.74,8927206,10035461,51.24,68.73,0.7,0.9,-0.7,중립,망치형,잔구간,0.59,0.555,2026-07-23
CC,0.9,17.47,1826019,2001103,31.9,42.17,0.8,0.7,-4.9,매도주의,장대음봉,잔구간,0.1,-1.24,2026-07-23
BITU,0.9,9.69,3646963,4079507,35.34,38.61,0.9,-2.9,-0.6,중립,음봉,잔구간,0.37,-0.43,2026-07-23
PDBC,0.9,18.06,4746623,5445854,85.72,193.38,0.4,1.5,-0.1,중립,위꼬리음봉,전고점돌파,0.0,-0.6,2026-07-23
PAYP,0.9,15.65,654818,753445,10.25,12.28,0.8,2.0,-3.5,매도주의,장대음봉,잔구간,0.2,-1.18,2026-07-23
PAYO,0.9,7.12,2534553,2892183,18.05,20.2,0.9,0.0,0.0,매수관심,팽이도지,완만한상승,0.5,0.9,2026-07-23
MAT,0.9,14.24,4267557,4937210,60.77,82.57,0.7,-0.9,-0.2,중립,팽이도지,잔구간,0.53,0.02,2026-07-23
MAGN,0.9,13.26,325025,346956,4.31,6.14,0.7,-1.8,-0.7,중립,팽이도지,잔구간,0.42,-0.05,2026-07-23
LZ,0.9,7.05,2126940,2351420,14.99,18.63,0.8,1.0,-1.4,중립,음봉,전저점부근,0.4,-0.07,2026-07-23
INTR,0.9,5.46,4235363,4786656,23.13,25.42,0.9,-1.9,-2.2,중립,음봉,잔구간,0.36,-0.435,2026-07-23
ILPT,0.9,9.19,533054,572594,4.9,4.33,1.1,-2.1,2.8,중립,양봉,잔구간,0.64,0.435,2026-07-23
SOFI,0.9,16.65,73418072,83775575,1222.41,1495.09,0.8,-1.1,-1.4,중립,음봉,잔구간,0.31,-0.465,2026-07-23
HODL,0.9,18.325,655592,696363,12.01,15.1,0.8,-1.5,-0.2,중립,음봉,잔구간,0.34,-0.445,2026-07-23
HNST,0.9,3.72,1210081,1308400,4.5,4.75,0.9,-1.6,-1.6,중립,음봉,잔구간,0.54,-0.325,2026-07-23
IAUX,0.9,1.38,9503925,10566789,13.12,13.87,0.9,-2.8,0.0,중립,팽이도지,잔구간,0.5,0.0,2026-07-23
SPCF,0.9,11.76,1369097,1489011,16.1,18.71,0.9,-0.2,5.5,중립,양봉,잔구간,0.98,0.64,2026-07-23
HUMA,0.9,0.639,5137091,5894867,3.28,5.04,0.7,-1.3,0.4,중립,팽이도지,잔구간,0.37,-0.08,2026-07-23
HTLD,0.9,14.83,630261,686758,9.35,9.6,1.0,-0.5,-2.2,매도주의,장대음봉,잔구간,0.23,-1.16,2026-07-23
SB,0.9,7.55,878564,972002,6.63,7.66,0.9,0.1,2.4,강한매수,장대양봉,전고점돌파,0.94,4.03,2026-07-23
SNAP,0.9,4.41,33153491,38657066,146.21,147.48,1.0,-1.6,0.2,매수관심,양봉스프링,전저점이탈,0.76,1.06,2026-07-23
SMR,0.9,8.81,29795405,32708851,262.5,247.27,1.1,-2.2,3.8,매수관심,양봉,완만한상승,0.8,1.96,2026-07-23
ITG,0.9,13.78,448671,524716,6.18,4.93,1.3,-0.4,3.1,중립,팽이도지,전고점부근,0.72,-0.19,2026-07-23
IREX,0.9,16.68,981243,1115045,16.37,17.03,1.0,-3.6,0.0,중립,위꼬리양봉,잔구간,0.09,-0.745,2026-07-23
SAN,0.9,13.21,9023487,9519956,119.2,126.53,0.9,-3.0,-0.9,매도주의,음봉,전저점이탈,0.26,-1.74,2026-07-23
SAIL,0.9,14.315,3406981,3912665,48.77,61.96,0.8,1.6,-4.6,매도주의,장대음봉,잔구간,0.07,-1.26,2026-07-23
VRRM,0.9,3.9,2631579,2924973,10.26,16.56,0.6,-1.5,-1.0,매도주의,음봉,전저점이탈,0.27,-1.73,2026-07-23
VOD,0.9,15.25,3299419,3731152,50.32,85.83,0.6,-0.5,-1.2,중립,음봉,잔구간,0.09,-0.595,2026-07-23
VNET,0.9,7.77,2048563,2269748,15.92,20.11,0.8,-0.1,-0.5,중립,팽이도지,잔구간,0.41,-0.055,2026-07-23
BHVN,0.9,14.65,1549226,1768550,22.7,29.47,0.8,-0.7,0.0,중립,팽이도지,잔구간,0.59,0.055,2026-07-23
BHK,0.9,8.83,305801,324207,2.7,3.87,0.7,-0.2,-0.6,강한매도,장대음봉,전저점이탈,0.0,-3.35,2026-07-23
BHC,0.9,4.45,1383545,1619701,6.16,8.57,0.7,-0.9,-1.5,중립,음봉,잔구간,0.08,-0.6,2026-07-23
BGC,0.9,11.585,1925407,2138067,22.31,25.87,0.9,-1.1,1.8,강한매수,장대양봉,전고점돌파,0.76,3.81,2026-07-23
PACB,0.9,1.4,6861412,7258770,9.61,9.02,1.1,-1.4,2.9,중립,양봉,잔구간,0.57,0.39,2026-07-23
LILAK,0.9,7.38,1110443,1221231,8.2,9.68,0.8,0.0,1.1,매수관심,양봉스프링,잔구간,0.92,1.0,2026-07-23
LEG,0.9,10.6,1611034,1700712,17.08,21.75,0.8,-2.6,1.5,중립,양봉,잔구간,0.68,0.46,2026-07-23
AI,0.9,8.15,5341899,5640438,43.54,46.1,0.9,-0.1,-0.4,중립,망치형,잔구간,0.88,0.73,2026-07-23
AHCO,0.9,10.47,1022225,1143374,10.7,11.77,0.9,-0.7,-3.1,매도주의,장대음봉,잔구간,0.22,-1.17,2026-07-23
ASAN,0.9,6.57,4468366,4838520,29.36,37.12,0.8,0.7,-5.2,강한매도,장대음봉,전저점이탈,0.21,-3.1,2026-07-23
ARX,0.9,13.77,1015482,1082138,13.98,18.9,0.7,-0.1,2.5,강한매수,양봉,완만한상승,0.97,2.16,2026-07-23
JOBY,0.9,7.54,58848059,65446273,443.71,425.78,1.0,-2.2,1.1,중립,위꼬리양봉,잔구간,0.42,-0.55,2026-07-23
QCML,0.9,16.604,353374,415310,5.87,9.65,0.6,-4.7,-1.0,중립,팽이도지,잔구간,0.44,-0.035,2026-07-23
VTRS,0.9,17.28,7908878,9013915,136.67,151.97,0.9,-0.8,2.4,강한매수,장대양봉,완만한상승,1.0,3.5,2026-07-23
BYRN,0.9,3.37,535835,627978,1.81,5.06,0.4,-1.1,-3.7,중립,음봉,잔구간,0.17,-0.55,2026-07-23
BUYW,0.9,14.56,314346,332449,4.58,4.46,1.0,-0.5,0.5,강한매수,장대양봉,수횡파,1.0,4.2,2026-07-23
BUR,0.9,4.15,1915100,2035765,7.95,7.82,1.0,-2.9,2.5,중립,양봉,잔구간,0.95,0.62,2026-07-23
QBTS,0.9,17.1,13648723,15974292,233.39,292.98,0.8,-2.7,1.3,중립,위꼬리양봉,잔구간,0.27,-0.64,2026-07-23
PTLO,0.9,4.335,770253,887488,3.34,4.3,0.8,-0.9,-2.1,매도주의,음봉,전저점이탈,0.37,-1.61,2026-07-23
PPLT,0.9,14.46,1638097,1781700,23.69,27.37,0.9,-2.8,0.0,중립,팽이도지,잔구간,0.26,-0.145,2026-07-23
BLOX,0.9,14.61,318267,347951,4.65,4.62,1.0,-0.8,0.4,중립,위꼬리양봉,잔구간,0.2,-0.68,2026-07-23
PK,0.9,14.59,3031777,3529456,44.23,55.86,0.8,-0.6,-2.5,매도주의,장대음봉,잔구간,0.18,-1.19,2026-07-23
BLND,0.9,1.69,2031458,2308385,3.43,4.59,0.7,0.0,-2.3,매도주의,장대음봉,수횡파,0.14,-1.83,2026-07-23
PROK,0.9,1.52,791710,909619,1.2,1.9,0.6,-1.3,0.7,중립,팽이도지,전저점이탈,0.68,-0.53,2026-07-23
WCMI,0.9,19.03,871922,958800,16.59,17.39,1.0,-1.1,0.3,중립,팽이도지,잔구간,0.5,0.0,2026-07-23
ABUS,0.9,4.47,1475494,1710324,6.6,9.54,0.7,-1.2,4.4,매수관심,장대양봉,잔구간,0.96,1.275,2026-07-23
AAOX,0.9,15.95,5239743,5785813,83.57,91.18,0.9,-3.1,6.2,중립,위꼬리양봉,완만한상승,0.32,-0.32,2026-07-23
WNC,0.9,13.3,1132848,1252344,15.07,24.46,0.6,-0.2,-4.2,매도주의,장대음봉,잔구간,0.21,-1.175,2026-07-23
ABTC,0.8,6.1,1008548,1335615,6.15,9.07,0.7,-1.5,1.5,중립,위꼬리양봉,완만한상승,0.2,-0.46,2026-07-23
ACB,0.8,2.69,901686,1151822,2.43,3.02,0.8,-0.4,1.5,강한매수,장대양봉,완만한상승,0.92,3.4,2026-07-23
YEXT,0.8,4.92,819629,1012851,4.03,5.9,0.7,0.4,-1.2,강한매수,망치형,전저점부근,0.6,2.87,2026-07-23
ZSQR,0.8,4.76,443278,569025,2.11,3.97,0.5,1.4,-5.7,중립,음봉,잔구간,0.25,-0.5,2026-07-23
XIFR,0.8,12.51,696004,851547,8.71,10.74,0.8,-0.9,-2.0,매도주의,장대음봉,잔구간,0.07,-1.26,2026-07-23
XOVR,0.8,18.81,1616412,2028458,30.4,39.07,0.8,-0.6,-0.6,중립,망치형,전저점이탈,0.59,0.36,2026-07-23
BTGO,0.8,5.06,800523,1008611,4.05,4.71,0.9,-1.9,-4.0,매도주의,장대음봉,잔구간,0.14,-1.215,2026-07-23
XPOF,0.8,6.03,661776,780913,3.99,4.16,1.0,-1.6,0.5,매수관심,팽이도지,전저점부근,0.72,1.01,2026-07-23
BTCZ,0.8,5.37,18553707,23278884,99.63,115.85,0.9,2.8,0.8,매수관심,양봉,완만한상승,0.76,1.91,2026-07-23
AAOG,0.8,3.57,1190782,1551490,4.25,5.27,0.8,-2.6,6.2,중립,위꼬리양봉,완만한상승,0.32,-0.32,2026-07-23
TAC,0.8,14.11,943952,1237416,13.32,16.49,0.8,0.0,0.5,매수관심,양봉,완만한상승,0.75,1.9,2026-07-23
TE,0.8,5.68,41066422,49689980,233.26,253.36,0.9,-1.2,-4.7,중립,음봉,잔구간,0.13,-0.57,2026-07-23
EXK,0.8,7.91,5211955,6133079,41.23,46.49,0.9,-4.2,-1.0,중립,팽이도지,잔구간,0.48,-0.01,2026-07-23
FA,0.8,19.18,1618640,2015870,31.05,43.3,0.7,-1.0,-3.0,강한매도,장대음봉,전저점이탈,0.18,-3.13,2026-07-23
FBIO,0.8,3.43,445373,581001,1.53,2.52,0.6,-0.6,-2.8,중립,음봉,잔구간,0.22,-0.52,2026-07-23
FFAI,0.8,10.755,368705,458170,3.97,7.16,0.6,-2.9,-6.9,매도주의,위꼬리음봉,잔구간,0.01,-1.045,2026-07-23
FINV,0.8,4.72,319064,419010,1.51,2.23,0.7,0.4,-1.9,매도주의,장대음봉,잔구간,0.11,-1.235,2026-07-23
ACVA,0.8,7.57,2501114,3170364,18.93,22.76,0.8,0.0,-1.4,중립,음봉,잔구간,0.23,-0.51,2026-07-23
BTQ,0.8,3.33,1340288,1581694,4.46,6.54,0.7,-2.6,-1.2,매도주의,위꼬리음봉,잔구간,0.05,-1.02,2026-07-23
BTX,0.8,8.34,474990,623179,3.96,6.7,0.6,-1.1,0.0,중립,팽이도지,잔구간,0.29,-0.125,2026-07-23
BW,0.8,11.01,2083155,2663971,22.94,35.68,0.6,-1.0,4.1,매수관심,장대양봉,잔구간,0.83,1.2,2026-07-23
ADT,0.8,6.82,5964706,7131648,40.68,47.52,0.9,-1.3,0.1,중립,팽이도지,잔구간,0.6,0.06,2026-07-23
ALTO,0.8,4.97,1946462,2487730,9.67,14.3,0.7,-0.1,-2.0,중립,음봉,잔구간,0.22,-0.52,2026-07-23
OSPN,0.8,14.75,328284,389446,4.84,5.72,0.8,-0.1,-2.5,매도주의,장대음봉,잔구간,0.17,-1.2,2026-07-23
OTLK,0.8,1.32,6068957,7745510,8.01,13.61,0.6,-1.5,0.0,중립,팽이도지,잔구간,0.71,0.125,2026-07-23
OKLL,0.8,3.3,8836477,10599691,29.16,37.38,0.8,-6.2,3.8,중립,양봉,잔구간,0.73,0.49,2026-07-23
NFGC,0.8,1.44,977251,1301264,1.41,1.89,0.7,-4.1,2.1,중립,양봉,잔구간,0.43,0.31,2026-07-23
APPS,0.8,8.03,2022944,2461035,16.24,23.37,0.7,-1.1,-4.4,매도주의,장대음봉,전저점부근,0.0,-1.85,2026-07-23
OCGN,0.8,1.27,3295851,4239276,4.19,6.57,0.6,-0.8,-0.8,중립,망치형,잔구간,0.75,0.65,2026-07-23
AMPX,0.8,9.91,4210710,5188875,41.73,61.13,0.7,-1.7,-0.9,매도주의,위꼬리음봉,잔구간,0.15,-0.96,2026-07-23
AMZD,0.8,9.64,13750930,17113872,132.56,134.03,1.0,3.4,1.2,강한매수,양봉,전고점돌파,0.75,2.5,2026-07-23
NVDY,0.8,12.57,1442684,1874427,18.13,27.76,0.7,-1.7,0.0,중립,팽이도지,잔구간,0.62,0.07,2026-07-23
BEZ,0.8,16.8,802820,1031224,13.49,17.33,0.8,2.8,-2.7,강한매수,망치형,완만한상승,0.73,2.18,2026-07-23
ACRE,0.8,4.52,306082,376608,1.38,1.76,0.8,-1.5,0.4,중립,양봉,잔구간,0.57,0.39,2026-07-23
TNXP,0.8,10.62,379385,486098,4.03,7.09,0.6,-0.4,0.7,매수관심,팽이도지,전저점부근,0.73,1.03,2026-07-23
TNYA,0.8,0.773,1406927,1685446,1.09,1.83,0.6,-1.8,-0.3,매도주의,위꼬리음봉,전저점부근,0.1,-1.23,2026-07-23
ERAS,0.8,19.34,3883087,5049991,75.1,106.29,0.7,-2.5,1.6,중립,양봉,잔구간,0.7,0.47,2026-07-23
EROC,0.8,11.93,1283096,1585022,15.31,17.48,0.9,-1.6,-1.6,중립,팽이도지,잔구간,0.3,-0.12,2026-07-23
EC,0.8,16.33,1835831,2251544,29.98,39.09,0.8,1.8,-3.9,매도주의,장대음봉,잔구간,0.01,-1.295,2026-07-23
EIDO,0.8,12.4,979636,1191420,12.15,15.63,0.8,-1.8,-0.3,중립,음봉,잔구간,0.33,-0.45,2026-07-23
ELDN,0.8,3.74,617132,779074,2.31,3.87,0.6,3.1,-2.5,중립,음봉,잔구간,0.55,-0.32,2026-07-23
STWD,0.8,16.33,2884309,3613103,47.1,58.01,0.8,-0.4,-0.5,매도주의,음봉,전저점이탈,0.35,-1.63,2026-07-23
SUZ,0.8,8.34,1732809,2088308,14.45,17.76,0.8,-1.5,0.2,중립,팽이도지,잔구간,0.58,0.05,2026-07-23
GBTG,0.8,9.41,1355876,1733180,12.76,13.91,0.9,0.0,0.0,중립,위꼬리양봉,완만한상승,0.0,-0.7,2026-07-23
ARQQ,0.8,18.35,326092,392477,5.98,7.57,0.8,-4.4,6.1,중립,양봉,잔구간,0.53,0.37,2026-07-23
MRVI,0.8,7.05,2157985,2839331,15.21,24.25,0.6,-0.1,-0.6,매도주의,위꼬리음봉,잔구간,0.11,-0.985,2026-07-23
RDWU,0.8,5.38,1100979,1445442,5.92,6.45,0.9,-4.4,11.6,매수관심,장대양봉,잔구간,0.71,1.125,2026-07-23
RGTI,0.8,14.85,18547620,22415380,275.43,336.18,0.8,-2.9,0.4,중립,위꼬리양봉,잔구간,0.2,-0.68,2026-07-23
GEMI,0.8,4.4,849161,1113456,3.74,4.49,0.8,-2.6,-0.9,중립,망치형,잔구간,0.64,0.585,2026-07-23
GERN,0.8,1.45,4264753,5451515,6.18,10.83,0.6,0.0,2.8,강한매수,양봉,완만한상승,0.86,2.03,2026-07-23
SRTA,0.8,5.09,671738,851315,3.42,4.54,0.8,-1.6,1.8,매수관심,장대양봉,잔구간,0.69,1.115,2026-07-23
GROY,0.8,2.58,1602487,2033242,4.13,4.58,0.9,-2.3,0.0,중립,팽이도지,잔구간,0.64,0.085,2026-07-23
AXTU,0.8,3.55,300471,399871,1.07,1.82,0.6,-5.0,4.7,중립,위꼬리양봉,잔구간,0.21,-0.675,2026-07-23
DRVN,0.8,13.68,500938,637112,6.85,10.49,0.7,-0.6,-2.6,강한매도,장대음봉,전저점이탈,0.23,-3.07,2026-07-23
DVLT,0.8,0.374,9164303,10944430,3.42,4.74,0.7,-2.0,1.0,중립,위꼬리양봉,잔구간,0.42,-0.55,2026-07-23
DXC,0.8,9.27,2545574,3006294,23.6,28.8,0.8,-1.5,0.0,강한매수,양봉스프링,수횡파,0.8,3.46,2026-07-23
TOI,0.8,5.07,1339890,1655214,6.79,13.37,0.5,-1.5,-2.7,매도주의,장대음봉,전저점부근,0.18,-1.63,2026-07-23
AEO,0.8,17.08,3197433,4208280,54.61,76.53,0.7,-2.1,-2.1,중립,음봉,잔구간,0.15,-0.56,2026-07-23
AES,0.8,14.83,5008468,6447341,74.28,129.34,0.6,0.0,-0.2,중립,음봉,잔구간,0.17,-0.55,2026-07-23
DFNS,0.8,3.9,595787,713277,2.32,19.65,0.1,-8.1,-9.7,매도주의,음봉,전저점이탈,0.12,-1.91,2026-07-23
DHC,0.8,9.24,1093708,1369415,10.11,11.69,0.9,-1.2,0.8,중립,양봉,잔구간,0.35,0.26,2026-07-23
DHY,0.8,1.75,774897,963620,1.36,2.08,0.7,0.0,-1.7,매도주의,장대음봉,잔구간,0.0,-1.3,2026-07-23
IHS,0.8,8.24,431070,564053,3.55,5.37,0.7,-0.1,0.0,중립,팽이도지,잔구간,0.67,0.1,2026-07-23
HOVR,0.8,1.85,1205022,1550378,2.23,2.89,0.8,-1.6,-1.6,매도주의,위꼬리음봉,잔구간,0.15,-0.96,2026-07-23
MDXG,0.8,4.13,868551,1090226,3.59,4.49,0.8,-1.2,0.2,중립,위꼬리양봉,잔구간,0.18,-0.69,2026-07-23
VFF,0.8,1.95,530681,643843,1.03,1.18,0.9,-1.0,-1.0,중립,음봉,잔구간,0.15,-0.56,2026-07-23
VGZ,0.8,1.71,920093,1219493,1.57,2.4,0.7,-2.3,0.6,중립,팽이도지,잔구간,0.5,0.0,2026-07-23
BILI,0.8,17.49,1933680,2497157,33.82,41.58,0.8,-0.8,-0.3,중립,팽이도지,잔구간,0.51,0.005,2026-07-23
BITX,0.8,12.42,6429688,7717711,79.86,100.23,0.8,-3.1,-0.4,중립,팽이도지,잔구간,0.37,-0.08,2026-07-23
CAI,0.8,15.65,2540923,3241701,39.77,58.1,0.7,-1.2,3.0,매수관심,양봉,완만한상승,0.49,1.59,2026-07-23
BETA,0.8,18.37,1158705,1430384,21.29,23.79,0.9,-2.5,2.8,매수관심,양봉,완만한상승,0.57,1.68,2026-07-23
MSFL,0.8,15.22,1100167,1351939,16.74,23.68,0.7,-0.3,-4.4,매도주의,장대음봉,잔구간,0.28,-1.13,2026-07-23
MSTZ,0.8,12.27,7606674,9441362,93.33,117.81,0.8,5.6,6.2,매수관심,장대양봉,잔구간,0.72,1.13,2026-07-23
HIMX,0.8,13.27,1009835,1284936,13.4,21.88,0.6,-2.5,-0.1,중립,팽이도지,잔구간,0.33,-0.1,2026-07-23
HIVE,0.8,3.18,13899857,16688525,44.2,47.9,0.9,-2.2,1.9,중립,양봉,잔구간,0.4,0.29,2026-07-23
SPT,0.8,7.32,693070,922176,5.07,7.94,0.6,0.8,-4.6,강한매도,장대음봉,전저점이탈,0.08,-3.25,2026-07-23
SLS,0.8,12.34,5571899,7074778,68.76,88.64,0.8,-2.7,5.0,중립,양봉,잔구간,0.53,0.37,2026-07-23
SNXX,0.8,18.32,84286813,99827093,1544.13,1560.04,1.0,-3.7,5.5,중립,위꼬리양봉,완만한상승,0.37,-0.26,2026-07-23
IMSR,0.8,5.31,1619460,2055624,8.6,10.41,0.8,-2.6,1.3,중립,위꼬리양봉,잔구간,0.34,-0.595,2026-07-23
INDI,0.8,3.64,2948693,3741090,10.73,16.59,0.6,-1.8,-2.2,중립,음봉,전저점부근,0.29,-0.2,2026-07-23
INFQ,0.8,9.69,8442045,10829129,81.8,97.8,0.8,-3.3,-2.1,중립,음봉,잔구간,0.1,-0.59,2026-07-23
IART,0.8,18.56,609266,794375,11.31,17.21,0.7,-1.5,0.1,중립,팽이도지,잔구간,0.47,-0.02,2026-07-23
IBRX,0.8,7.4,6132647,8165123,45.38,71.09,0.6,-2.0,0.5,중립,위꼬리양봉,잔구간,0.29,-0.625,2026-07-23
DNP,0.8,11.0,448769,546202,4.94,7.33,0.7,-0.1,-0.1,매도주의,위꼬리음봉,잔구간,0.12,-0.98,2026-07-23
DPRO,0.8,4.38,596750,719024,2.61,3.46,0.8,-1.4,3.1,중립,양봉,잔구간,0.5,0.35,2026-07-23
LPTH,0.8,12.37,2436837,3016563,30.14,32.61,0.9,-1.2,3.3,중립,양봉,잔구간,0.46,0.325,2026-07-23
LTBR,0.8,8.03,567938,756607,4.56,5.32,0.9,-2.1,0.2,중립,팽이도지,잔구간,0.44,-0.035,2026-07-23
RWAY,0.8,5.47,354916,469914,1.94,3.45,0.6,0.0,-0.5,중립,음봉,잔구간,0.5,-0.35,2026-07-23
ARCC,0.8,18.61,3876657,4838188,72.14,85.23,0.8,-0.1,-1.3,강한매도,장대음봉,전저점이탈,0.26,-3.04,2026-07-23
ARDT,0.8,10.42,392855,493891,4.09,4.84,0.8,-1.9,2.5,강한매수,장대양봉,완만한상승,1.0,3.5,2026-07-23
ARDX,0.8,5.13,2074421,2557629,10.64,13.89,0.8,-1.6,2.6,강한매수,장대양봉,완만한상승,0.89,3.37,2026-07-23
MGTX,0.8,12.1,379358,471576,4.59,9.93,0.5,-1.8,1.3,매수관심,양봉,수횡파,0.56,1.37,2026-07-23
ASTX,0.8,11.195,5140145,6324623,57.54,76.43,0.8,-7.0,-2.1,중립,팽이도지,잔구간,0.31,-0.115,2026-07-23
CMTG,0.8,2.2,469962,553364,1.03,1.12,0.9,-2.2,-1.8,중립,음봉,전저점부근,0.29,-0.2,2026-07-23
CNTN,0.8,2.06,531768,656004,1.1,1.65,0.7,-1.0,-0.5,중립,팽이도지,잔구간,0.63,0.08,2026-07-23
CONL,0.8,4.98,13127721,15801529,65.38,92.34,0.7,-3.6,-2.5,중립,음봉,잔구간,0.32,-0.46,2026-07-23
UUUU,0.8,12.01,5392824,6576658,64.77,90.18,0.7,-2.5,0.1,중립,팽이도지,잔구간,0.3,-0.12,2026-07-23
CLOV,0.8,4.55,3580907,4517699,16.29,21.91,0.7,0.0,-2.6,중립,음봉,잔구간,0.32,-0.46,2026-07-23
CMCO,0.8,15.53,450160,533741,6.99,7.71,0.9,-1.4,0.3,중립,팽이도지,잔구간,0.37,-0.08,2026-07-23
CCXI,0.8,14.4,2068836,2578187,29.79,43.1,0.7,-3.1,1.4,중립,팽이도지,잔구간,0.71,0.125,2026-07-23
SBGI,0.8,13.37,450766,547716,6.03,7.66,0.8,-1.4,-2.0,매도주의,음봉,전저점이탈,0.43,-1.53,2026-07-23
SCZM,0.8,6.3,390738,477320,2.46,3.24,0.8,-2.2,-4.7,매도주의,장대음봉,잔구간,0.22,-1.17,2026-07-23
DDD,0.8,2.59,1431955,1891963,3.71,5.68,0.7,-1.5,-1.1,매도주의,위꼬리음봉,잔구간,0.23,-0.91,2026-07-23
TSDD,0.8,10.91,18922812,24351200,206.45,177.2,1.2,17.9,9.6,강한매수,장대양봉,전고점돌파,0.85,3.92,2026-07-23
CTGO,0.8,15.91,311781,370825,4.96,5.92,0.8,-0.4,-0.9,중립,망치형,잔구간,0.59,0.555,2026-07-23
CUB,0.8,10.81,320789,400605,3.47,3.26,1.1,0.0,0.0,강한매수,양봉스프링,완만한상승,1.0,3.0,2026-07-23
ALKT,0.8,16.28,828224,1061516,13.48,18.98,0.7,0.6,-1.8,중립,음봉,전저점부근,0.24,-0.26,2026-07-23
SLDE,0.8,19.71,817389,1088212,16.11,22.47,0.7,-0.3,-0.2,중립,망치형,잔구간,0.91,0.745,2026-07-23
SLI,0.8,2.17,1346155,1791722,2.92,4.01,0.7,-0.9,-4.8,매도주의,장대음봉,잔구간,0.07,-1.26,2026-07-23
IVA,0.8,4.51,636793,839559,2.87,4.12,0.7,-2.6,2.0,매수관심,양봉,수횡파,0.76,1.61,2026-07-23
JBGS,0.8,14.48,385924,479158,5.59,6.91,0.8,0.1,0.8,중립,위꼬리양봉,잔구간,0.34,-0.595,2026-07-23
JBS,0.8,12.13,3029706,3952842,36.75,41.11,0.9,0.6,-1.5,중립,음봉,잔구간,0.43,-0.39,2026-07-23
UEC,0.8,9.83,7792088,9855554,76.6,78.52,1.0,-2.8,3.9,강한매수,장대양봉,완만한상승,0.82,3.28,2026-07-23
CPRI,0.8,15.54,2615462,3203559,40.64,56.07,0.7,-1.9,-2.0,중립,음봉,전저점부근,0.32,-0.17,2026-07-23
CRCA,0.8,11.88,1104055,1421076,13.12,24.07,0.5,-4.6,-7.9,매도주의,장대음봉,잔구간,0.19,-1.185,2026-07-23
CRMD,0.8,8.05,698511,867410,5.62,7.07,0.8,-1.1,2.5,강한매수,장대양봉,완만한상승,0.93,3.42,2026-07-23
SDGR,0.8,15.13,716739,940638,10.84,14.27,0.8,-1.2,1.9,중립,양봉,잔구간,0.51,0.355,2026-07-23
SGHC,0.8,14.49,1725612,2053814,25.0,39.04,0.6,-0.3,0.3,강한매수,양봉스프링,완만한상승,0.86,2.83,2026-07-23
SHMD,0.8,4.37,407832,521242,1.78,2.72,0.7,-4.1,4.0,매수관심,장대양봉,잔구간,0.77,1.16,2026-07-23
KURA,0.8,10.45,727766,894486,7.61,13.04,0.6,-1.9,1.1,매수관심,양봉,전저점부근,0.77,1.77,2026-07-23
KVYO,0.8,15.67,3133722,3753305,49.11,67.94,0.7,1.6,-4.8,강한매도,장대음봉,전저점이탈,0.19,-3.12,2026-07-23
IQ,0.8,1.21,6270452,7461317,7.59,8.22,0.9,-1.6,-0.8,매도주의,위꼬리음봉,잔구간,0.2,-0.93,2026-07-23
AUPH,0.8,15.24,675893,895067,10.3,16.43,0.6,-1.4,0.9,중립,양봉,잔구간,0.64,0.435,2026-07-23
SIBN,0.8,16.47,331108,422492,5.45,8.09,0.7,-1.3,-0.1,매수관심,팽이도지,전저점부근,0.58,0.85,2026-07-23
SITC,0.8,4.26,462492,608332,1.97,3.1,0.6,-1.2,0.9,중립,양봉,잔구간,0.79,0.525,2026-07-23
KC,0.8,9.69,870301,1066928,8.43,12.98,0.6,1.0,-1.7,중립,음봉,잔구간,0.28,-0.48,2026-07-23
KEP,0.8,12.07,1047064,1240578,12.64,15.99,0.8,1.9,-0.2,매수관심,팽이도지,전고점돌파,0.47,1.46,2026-07-23
ASST,0.8,12.09,2304061,2723744,27.86,31.25,0.9,-4.8,0.2,중립,위꼬리양봉,잔구간,0.22,-0.67,2026-07-23
BB,0.8,8.63,16574670,21810599,143.04,219.92,0.7,-1.5,-2.2,매도주의,음봉,전저점이탈,0.5,-1.45,2026-07-23
UAMY,0.8,5.51,4620541,5800388,25.46,34.21,0.7,-3.6,-2.1,중립,음봉,잔구간,0.17,-0.55,2026-07-23
PRQR,0.8,1.79,590118,750725,1.06,1.8,0.6,0.0,-1.1,중립,망치형,잔구간,0.56,0.535,2026-07-23
PLTD,0.8,8.29,37229305,44276875,308.63,356.5,0.9,-1.3,2.2,매수관심,양봉,완만한상승,0.51,1.61,2026-07-23
BKD,0.8,14.5,3671303,4540262,53.23,81.4,0.7,-1.0,0.0,중립,팽이도지,잔구간,0.33,-0.1,2026-07-23
BKKT,0.8,7.68,733257,942778,5.63,7.61,0.7,-2.1,-1.5,중립,음봉,잔구간,0.26,-0.495,2026-07-23
BLMN,0.8,8.19,1304287,1658791,10.68,13.46,0.8,-1.8,-1.0,강한매수,망치형,전저점부근,0.61,2.88,2026-07-23
WEAV,0.8,5.96,890562,1101461,5.31,8.27,0.6,0.7,-3.6,강한매도,장대음봉,전저점이탈,0.1,-3.23,2026-07-23
WEN,0.8,7.17,6140925,7563328,44.03,62.75,0.7,-1.5,-1.6,매도주의,음봉,전저점이탈,0.37,-1.61,2026-07-23
WRD,0.8,5.71,1709375,2129625,9.76,13.75,0.7,-1.0,-0.3,매도주의,위꼬리음봉,잔구간,0.23,-0.91,2026-07-23
WSE,0.8,12.08,695556,915684,8.4,13.19,0.6,-1.9,-0.3,중립,팽이도지,잔구간,0.26,-0.145,2026-07-23
WT,0.8,19.7,1754723,2250311,34.57,52.99,0.7,-1.7,0.6,매수관심,양봉스프링,잔구간,0.83,0.95,2026-07-23
WU,0.8,8.31,6909943,8762664,57.42,71.7,0.8,-0.2,-1.7,중립,음봉,잔구간,0.42,-0.4,2026-07-23
PLUG,0.8,2.19,32268283,42636909,70.67,97.96,0.7,-1.3,-0.5,매도주의,위꼬리음봉,잔구간,0.18,-0.94,2026-07-23
PLX,0.8,2.37,449023,555636,1.06,1.34,0.8,-1.3,1.3,매수관심,양봉,완만한상승,0.79,1.95,2026-07-23
PTIR,0.8,10.26,2338874,3105313,24.0,46.0,0.5,2.4,-4.6,중립,음봉,전저점부근,0.44,-0.02,2026-07-23
PURR,0.8,6.51,7545540,9086470,49.12,67.39,0.7,-1.5,-3.6,중립,음봉,잔구간,0.09,-0.595,2026-07-23
PBI,0.8,17.85,1244652,1471063,22.22,30.26,0.7,-0.4,-0.3,중립,망치형,잔구간,0.76,0.655,2026-07-23
PCT,0.8,6.01,3198661,3844949,19.22,27.44,0.7,-2.7,-1.5,중립,음봉,잔구간,0.26,-0.495,2026-07-23
VUZI,0.8,2.3,784563,1012156,1.8,2.46,0.7,-1.7,-3.4,중립,음봉,잔구간,0.17,-0.55,2026-07-23
BSBR,0.7,5.36,774686,1120224,4.15,8.62,0.5,-1.1,-0.6,중립,음봉,잔구간,0.45,-0.38,2026-07-23
VVR,0.7,2.97,468008,685799,1.39,2.89,0.5,0.0,-0.7,매도주의,장대음봉,잔구간,0.0,-1.3,2026-07-23
VTEX,0.7,3.88,636189,872606,2.47,3.38,0.7,-0.2,-4.0,매도주의,장대음봉,전저점부근,0.0,-1.85,2026-07-23
PAGS,0.7,9.46,2283942,3363871,21.61,27.46,0.8,-1.3,-0.8,중립,음봉,잔구간,0.47,-0.37,2026-07-23
PHK,0.7,4.63,928041,1268968,4.3,7.65,0.6,-0.2,-0.4,강한매도,장대음봉,전저점이탈,0.33,-2.95,2026-07-23
PGY,0.7,16.26,1611968,2229996,26.21,41.94,0.6,-0.9,-2.6,매도주의,음봉,전저점이탈,0.4,-1.57,2026-07-23
PTON,0.7,6.03,5362587,7447489,32.34,44.22,0.7,-1.0,-2.7,매도주의,장대음봉,잔구간,0.18,-1.19,2026-07-23
POEL,0.7,10.11,340942,498805,3.45,6.09,0.6,-3.9,1.8,중립,위꼬리양봉,잔구간,0.16,-0.705,2026-07-23
APLX,0.7,12.43,947126,1431955,11.77,15.35,0.8,-5.2,4.3,중립,위꼬리양봉,잔구간,0.42,-0.55,2026-07-23
XRP,0.7,12.34,405024,545945,5.0,6.86,0.7,-2.0,-0.9,중립,음봉,잔구간,0.27,-0.49,2026-07-23
PSKY,0.7,8.49,6752962,9138853,57.33,95.42,0.6,-1.3,-2.1,매도주의,장대음봉,잔구간,0.13,-1.22,2026-07-23
PSEC,0.7,2.11,4223224,5688434,8.91,10.54,0.8,-0.5,-0.5,중립,음봉,전저점부근,0.01,-0.54,2026-07-23
PRME,0.7,2.97,2485802,3319850,7.38,13.0,0.6,-1.3,-2.6,매도주의,장대음봉,잔구간,0.18,-1.19,2026-07-23
BSIN,0.7,1.36,1856403,2689945,2.52,2.84,0.9,1.5,-1.4,매도주의,위꼬리음봉,완만한상승,0.07,-1.12,2026-07-23
TU,0.7,10.11,4974446,6921232,50.29,61.8,0.8,-0.4,-0.6,중립,음봉,잔구간,0.37,-0.43,2026-07-23
AIV,0.7,2.64,859852,1260853,2.27,3.34,0.7,1.1,-0.4,중립,망치형,잔구간,0.83,0.7,2026-07-23
AIRS,0.7,4.67,310336,442995,1.45,1.94,0.7,-2.3,-0.8,중립,팽이도지,잔구간,0.28,-0.13,2026-07-23
AHRT,0.7,6.93,444305,609265,3.08,4.24,0.7,0.0,-1.0,강한매도,음봉,전저점이탈,0.04,-2.0,2026-07-23
SHOE,0.7,14.3,724592,1049864,10.36,15.2,0.7,-0.1,-2.8,매도주의,장대음봉,잔구간,0.17,-1.2,2026-07-23
IRT,0.7,16.4,1393851,1970352,22.86,38.33,0.6,-0.4,0.7,중립,양봉,잔구간,0.45,0.32,2026-07-23
IPSC,0.7,2.17,519962,786104,1.13,2.37,0.5,-2.3,3.3,강한매수,장대양봉,완만한상승,0.87,3.34,2026-07-23
SGMT,0.7,7.01,619393,889471,4.34,7.5,0.6,-0.4,-0.2,매수관심,팽이도지,전저점부근,0.67,0.95,2026-07-23
SG,0.7,6.04,5059485,7478333,30.56,46.39,0.7,-1.3,-2.9,중립,음봉,잔구간,0.04,-0.625,2026-07-23
LI,0.7,12.37,2894755,3904623,35.81,50.04,0.7,2.4,-0.3,중립,팽이도지,잔구간,0.55,0.03,2026-07-23
CRMT,0.7,3.64,352443,541416,1.28,4.09,0.3,-4.1,3.7,중립,양봉,잔구간,0.67,0.45,2026-07-23
CRGY,0.7,11.39,4672659,6420345,53.22,60.51,0.9,2.1,-2.0,매도주의,장대음봉,완만한상승,0.19,-1.47,2026-07-23
CRDU,0.7,17.05,922299,1354123,15.73,24.47,0.6,-3.6,12.3,강한매수,장대양봉,완만한상승,0.76,3.21,2026-07-23
CRCD,0.7,6.16,1057840,1609950,6.52,11.18,0.6,3.6,8.1,강한매수,장대양봉,완만한상승,0.78,3.24,2026-07-23
SLNH,0.7,1.32,8624187,12381077,11.38,18.2,0.6,-3.1,4.8,매수관심,양봉,완만한상승,0.64,1.77,2026-07-23
AKBA,0.7,1.22,1626715,2342412,1.98,3.96,0.5,-2.4,-0.8,중립,팽이도지,전저점이탈,0.5,-0.75,2026-07-23
AXTX,0.7,6.57,3177082,4751957,20.87,37.38,0.6,-4.9,5.1,중립,위꼬리양봉,완만한상승,0.24,-0.41,2026-07-23
CSIQ,0.7,14.69,1452602,2220445,21.34,33.91,0.6,0.6,-5.2,매도주의,장대음봉,잔구간,0.1,-1.24,2026-07-23
BBD,0.7,3.66,24617839,34591252,90.1,121.12,0.7,-1.1,-0.8,중립,음봉,잔구간,0.31,-0.465,2026-07-23
TRX,0.7,0.808,1273459,1866632,1.03,1.15,0.9,-2.7,-2.7,중립,음봉,잔구간,0.44,-0.385,2026-07-23
SBET,0.7,6.0,5935566,8258490,35.61,50.85,0.7,-2.7,-2.4,중립,음봉,잔구간,0.12,-0.58,2026-07-23
CLBT,0.7,14.06,1089291,1453410,15.32,22.38,0.7,0.6,-1.5,중립,음봉,전저점부근,0.37,-0.11,2026-07-23
UPWK,0.7,8.72,2614471,3668809,22.8,30.03,0.8,-1.3,-1.4,중립,음봉,전저점부근,0.16,-0.36,2026-07-23
UNCY,0.7,5.46,649585,906448,3.55,5.01,0.7,-1.3,-0.7,중립,팽이도지,잔구간,0.37,-0.08,2026-07-23
LABX,0.7,15.44,474081,671861,7.32,16.56,0.4,-4.2,1.2,중립,팽이도지,잔구간,0.34,-0.095,2026-07-23
LABD,0.7,8.46,6488533,9187833,54.89,118.66,0.5,3.7,-3.9,중립,음봉,잔구간,0.26,-0.495,2026-07-23
MLTX,0.7,19.36,743202,1071168,14.39,23.59,0.6,-1.1,3.3,매수관심,양봉,완만한상승,0.82,1.98,2026-07-23
MLCO,0.7,5.57,1656823,2394839,9.23,17.08,0.5,0.0,1.8,강한매수,장대양봉,완만한상승,0.85,3.32,2026-07-23
ARCT,0.7,5.79,352259,472600,2.04,3.58,0.6,-1.0,-1.4,중립,음봉,전저점부근,0.29,-0.2,2026-07-23
MNKD,0.7,3.89,2941996,3956185,11.44,16.71,0.7,-2.9,4.3,매수관심,장대양봉,잔구간,0.9,1.24,2026-07-23
MMED,0.7,16.33,749865,1141773,12.25,18.63,0.7,1.1,-1.1,강한매수,망치형,완만한상승,0.58,2.0,2026-07-23
RZLV,0.7,2.3,6523369,8938702,15.0,23.93,0.6,-1.3,0.9,중립,위꼬리양봉,잔구간,0.5,-0.5,2026-07-23
LAR,0.7,6.07,1486567,2069049,9.02,11.95,0.8,0.5,-5.0,매도주의,장대음봉,잔구간,0.08,-1.25,2026-07-23
LWLG,0.7,6.68,2116382,3090581,14.14,20.48,0.7,-2.7,1.4,중립,팽이도지,잔구간,0.48,-0.01,2026-07-23
LTRX,0.7,5.59,631571,900360,3.53,4.86,0.7,-1.3,2.8,강한매수,장대양봉,완만한상승,0.86,3.33,2026-07-23
IE,0.7,9.06,1721734,2420240,15.6,20.59,0.8,-1.5,0.7,중립,팽이도지,잔구간,0.55,0.03,2026-07-23
SMJF,0.7,5.59,679203,1020007,3.8,5.95,0.6,-1.3,2.0,중립,양봉,전고점부근,0.5,0.25,2026-07-23
IRWD,0.7,3.79,1075280,1583986,4.08,8.08,0.5,-2.8,0.5,매도주의,위꼬리양봉,전저점이탈,0.38,-1.89,2026-07-23
SRAD,0.7,14.28,1658599,2308213,23.68,31.52,0.8,0.0,0.0,중립,팽이도지,잔구간,0.33,-0.1,2026-07-23
RPD,0.7,9.56,1885893,2624301,18.03,32.51,0.6,1.4,-4.9,매도주의,장대음봉,전저점부근,0.03,-1.81,2026-07-23
RLAY,0.7,19.09,1241745,1847678,23.7,49.6,0.5,-2.3,1.4,중립,양봉,잔구간,0.65,0.44,2026-07-23
RKLX,0.7,19.75,2368402,3410816,46.78,68.08,0.7,-4.3,5.0,매수관심,양봉,완만한상승,0.79,1.95,2026-07-23
MTA,0.7,7.56,348041,480669,2.63,3.27,0.8,-2.2,-0.4,중립,팽이도지,잔구간,0.47,-0.02,2026-07-23
CADL,0.7,9.86,766392,1136851,7.56,12.83,0.6,-1.8,-0.5,매도주의,위꼬리음봉,잔구간,0.11,-0.985,2026-07-23
VISN,0.7,11.94,3754632,5224990,44.83,63.65,0.7,-1.2,0.1,중립,팽이도지,수횡파,0.35,0.42,2026-07-23
CGEM,0.7,17.28,368588,499743,6.37,10.16,0.6,-1.0,-1.1,중립,음봉,잔구간,0.25,-0.5,2026-07-23
SONO,0.7,14.53,1513765,2209541,22.0,31.45,0.7,-1.0,0.1,중립,팽이도지,잔구간,0.64,0.085,2026-07-23
SOLZ,0.7,7.563,467935,637415,3.54,4.94,0.7,-1.4,-1.3,매도주의,장대음봉,잔구간,0.15,-1.21,2026-07-23
HTGC,0.7,15.64,1051164,1492943,16.44,24.8,0.7,-0.8,-1.0,매도주의,음봉,전저점이탈,0.13,-1.89,2026-07-23
HRZN,0.7,4.41,466696,628764,2.06,2.84,0.7,0.0,-2.0,매도주의,음봉,전저점이탈,0.31,-1.68,2026-07-23
HNRG,0.7,16.05,460654,679721,7.39,9.71,0.8,0.5,-2.0,중립,음봉,잔구간,0.36,-0.435,2026-07-23
IEP,0.7,7.71,417291,627932,3.22,4.58,0.7,-0.1,-0.5,중립,음봉,잔구간,0.26,-0.495,2026-07-23
DHT,0.7,18.41,1746204,2459505,32.15,48.72,0.7,0.8,0.8,중립,양봉,잔구간,0.54,0.375,2026-07-23
TRIN,0.7,17.46,782787,1071749,13.67,17.9,0.8,-0.5,-0.2,중립,망치형,잔구간,0.67,0.6,2026-07-23
GORO,0.7,2.29,3677936,4962717,8.42,11.33,0.7,-2.7,-8.4,매도주의,장대음봉,잔구간,0.18,-1.19,2026-07-23
GNL,0.7,8.88,1762019,2581942,15.65,23.38,0.7,-0.7,-2.4,중립,음봉,잔구간,0.11,-0.585,2026-07-23
GSM,0.7,3.35,602472,924594,2.02,4.45,0.5,-1.2,-0.9,매도주의,위꼬리음봉,잔구간,0.19,-0.935,2026-07-23
GRFS,0.7,7.54,397792,542265,3.0,3.87,0.8,-2.8,-1.6,매도주의,장대음봉,잔구간,0.14,-1.215,2026-07-23
STAK,0.7,1.32,1161700,1757518,1.53,27.81,0.1,-2.3,3.1,중립,팽이도지,잔구간,0.56,0.035,2026-07-23
SRPT,0.7,15.88,2485535,3344784,39.47,56.27,0.7,-1.6,2.0,매수관심,양봉,전저점부근,0.76,1.76,2026-07-23
SRFM,0.7,0.789,1611891,2189058,1.27,2.09,0.6,2.0,-4.3,중립,음봉,잔구간,0.32,-0.46,2026-07-23
GDRX,0.7,2.87,678178,986025,1.95,2.94,0.7,-1.4,-0.7,중립,망치형,전저점이탈,0.5,0.25,2026-07-23
NEXA,0.7,13.22,356883,513659,4.72,8.05,0.6,-2.6,-0.4,중립,팽이도지,잔구간,0.31,-0.115,2026-07-23
NEWP,0.7,4.46,456252,699324,2.03,2.58,0.8,-3.0,-1.8,중립,음봉,잔구간,0.31,-0.465,2026-07-23
NEOV,0.7,2.24,756041,1061057,1.69,2.34,0.7,-2.3,-2.6,중립,음봉,잔구간,0.06,-0.615,2026-07-23
NEO,0.7,14.24,1901395,2580708,27.08,42.61,0.6,-2.5,4.2,매수관심,양봉,완만한상승,0.59,1.71,2026-07-23
RGNX,0.7,10.25,1364649,1994244,13.99,29.2,0.5,-2.5,3.1,중립,양봉,잔구간,0.89,0.585,2026-07-23
NOMD,0.7,11.65,954245,1467337,11.12,16.25,0.7,-0.8,-0.9,중립,음봉,잔구간,0.48,-0.36,2026-07-23
NNE,0.7,16.88,1424207,1935828,24.04,35.77,0.7,-2.4,-0.1,중립,팽이도지,잔구간,0.33,-0.1,2026-07-23
NMRK,0.7,15.05,861981,1260637,12.97,17.45,0.7,-1.7,-0.2,중립,팽이도지,잔구간,0.44,-0.035,2026-07-23
NMR,0.7,9.77,707136,945406,6.91,10.36,0.7,0.1,-0.6,중립,음봉,잔구간,0.39,-0.415,2026-07-23
RQI,0.7,12.33,627101,889676,7.73,12.86,0.6,-0.6,-0.2,중립,팽이도지,잔구간,0.49,-0.005,2026-07-23
MPT,0.7,4.8,3477840,4833926,16.69,26.62,0.6,0.0,-0.2,중립,팽이도지,잔구간,0.3,-0.12,2026-07-23
ARRY,0.7,5.625,5100775,7317215,28.69,40.54,0.7,-1.2,-2.2,매도주의,음봉,전저점이탈,0.37,-1.61,2026-07-23
AVEX,0.7,15.13,2053052,3035091,31.06,40.99,0.8,-0.5,2.6,중립,위꼬리양봉,완만한상승,0.31,-0.33,2026-07-23
GLWG,0.7,15.58,1100465,1488940,17.15,24.51,0.7,-2.7,5.0,중립,양봉,잔구간,0.43,0.31,2026-07-23
SVM,0.7,9.62,1859110,2641627,17.88,24.74,0.7,-4.0,0.8,중립,양봉,잔구간,0.63,0.43,2026-07-23
STUB,0.7,8.52,4278727,6037062,36.45,68.66,0.5,-1.2,-0.7,중립,팽이도지,전저점이탈,0.54,-0.7,2026-07-23
STNE,0.7,10.98,2546530,3578073,27.96,42.48,0.7,-2.1,-1.3,중립,음봉,수횡파,0.35,-0.28,2026-07-23
TMC,0.7,3.81,2391444,3520321,9.11,14.69,0.6,-2.0,-1.0,매도주의,위꼬리음봉,잔구간,0.17,-0.95,2026-07-23
ACP,0.7,5.16,467290,625159,2.41,2.91,0.8,-1.9,-0.8,중립,음봉,잔구간,0.29,-0.475,2026-07-23
ACHV,0.7,6.17,893289,1197986,5.51,8.82,0.6,-0.8,-1.4,중립,음봉,잔구간,0.04,-0.625,2026-07-23
NUVB,0.7,6.49,4261711,5982186,27.66,40.26,0.7,-2.0,1.1,중립,팽이도지,잔구간,0.68,0.11,2026-07-23
ANNX,0.7,5.3,2194269,3148871,11.63,25.15,0.5,-2.1,3.5,매수관심,장대양봉,잔구간,0.84,1.205,2026-07-23
RAM,0.7,14.71,10769113,16263063,158.41,239.27,0.7,-1.0,3.1,매수관심,양봉,완만한상승,0.58,1.7,2026-07-23
QUBT,0.7,7.86,6243067,8530702,49.07,72.6,0.7,-1.9,1.3,중립,위꼬리양봉,잔구간,0.42,-0.55,2026-07-23
QTRX,0.7,3.92,418191,584311,1.64,2.15,0.8,-1.3,3.4,강한매수,장대양봉,완만한상승,0.69,3.13,2026-07-23
OCSL,0.7,11.62,381635,515251,4.43,5.37,0.8,-0.3,-1.7,강한매도,장대음봉,전저점이탈,0.19,-3.12,2026-07-23
OTF,0.7,9.93,1850746,2506681,18.38,22.84,0.8,-0.5,0.3,중립,팽이도지,잔구간,0.75,0.15,2026-07-23
OSS,0.7,13.31,881470,1252495,11.73,14.8,0.8,-1.2,3.5,중립,양봉,잔구간,0.58,0.4,2026-07-23
QMCO,0.7,11.55,611039,816570,7.06,8.29,0.9,-2.5,1.6,중립,위꼬리양봉,잔구간,0.21,-0.675,2026-07-23
QDEL,0.7,16.58,806537,1196956,13.37,19.44,0.7,0.1,-0.7,중립,팽이도지,잔구간,0.53,0.02,2026-07-23
BVS,0.7,11.48,391229,587874,4.49,7.15,0.6,-0.9,-0.4,매도주의,위꼬리음봉,잔구간,0.21,-0.925,2026-07-23
BULL,0.7,7.84,7316802,10564971,57.36,75.68,0.8,-1.5,-1.8,중립,음봉,잔구간,0.18,-0.54,2026-07-23
ACRS,0.7,5.48,879818,1306192,4.82,10.03,0.5,-2.0,-0.5,중립,팽이도지,수횡파,0.45,0.54,2026-07-23
ETHT,0.7,10.28,1206845,1663809,12.41,16.18,0.8,-3.1,-2.2,중립,음봉,잔구간,0.16,-0.555,2026-07-23
FDMT,0.7,10.38,567285,769391,5.89,8.11,0.7,-2.7,-2.6,중립,음봉,잔구간,0.11,-0.585,2026-07-23
FMC,0.7,11.69,2527081,3500003,29.54,38.47,0.8,0.0,-0.8,중립,팽이도지,잔구간,0.42,-0.05,2026-07-23
TALK,0.7,5.21,927380,1286988,4.83,8.13,0.6,0.0,0.0,매도주의,위꼬리양봉,전저점부근,0.0,-0.85,2026-07-23
TAK,0.7,16.82,3511437,4782789,59.06,69.2,0.9,-0.9,0.7,매수관심,장대양봉,잔구간,0.84,1.205,2026-07-23
GALT,0.7,3.45,335756,454003,1.16,3.23,0.4,0.0,-1.4,중립,음봉,전저점부근,0.39,-0.08,2026-07-23
FSSL,0.7,11.02,375902,512774,4.14,5.99,0.7,-0.9,-0.4,중립,팽이도지,잔구간,0.26,-0.145,2026-07-23
FSLY,0.7,19.43,3290934,4537362,63.94,110.43,0.6,-0.0,-5.0,매도주의,장대음봉,수횡파,0.09,-1.89,2026-07-23
BTG,0.7,3.84,14192303,18937304,54.5,68.07,0.8,-2.5,-0.3,중립,팽이도지,잔구간,0.5,0.0,2026-07-23
BLZE,0.7,12.76,1308391,2006779,16.7,34.37,0.5,-1.1,-3.8,중립,음봉,잔구간,0.33,-0.45,2026-07-23
XE,0.7,15.92,3530356,5253648,56.2,76.06,0.7,-2.0,-1.2,중립,팽이도지,잔구간,0.43,-0.04,2026-07-23
BMNU,0.7,9.8,3044067,4228970,29.83,38.76,0.8,-5.5,-7.0,중립,음봉,잔구간,0.22,-0.52,2026-07-23
ABEO,0.7,6.38,872238,1182306,5.56,9.72,0.6,0.5,-1.1,중립,음봉,잔구간,0.33,-0.45,2026-07-23
AAL,0.7,13.555,121520334,171360292,1647.21,2222.03,0.7,-5.4,-3.1,매도주의,음봉,전저점이탈,0.29,-1.7,2026-07-23
XNCR,0.6,19.53,832624,1471933,16.26,21.3,0.8,-1.7,1.8,매수관심,양봉,완만한상승,0.58,1.7,2026-07-23
XNDU,0.6,10.75,598368,1022204,6.43,12.1,0.5,-2.7,0.0,중립,위꼬리양봉,잔구간,0.23,-0.66,2026-07-23
PSNL,0.6,12.22,3745715,6715602,45.77,103.09,0.4,-0.6,-1.4,강한매도,위꼬리음봉,전저점이탈,0.18,-2.63,2026-07-23
NXE,0.6,9.37,3224769,5439833,30.22,43.32,0.7,-1.5,0.8,중립,양봉,잔구간,0.67,0.45,2026-07-23
ABCL,0.6,5.67,2892320,4680827,16.4,32.84,0.5,-0.7,-0.4,중립,팽이도지,잔구간,0.26,-0.145,2026-07-23
ABSI,0.6,8.07,2110826,3418117,17.03,36.41,0.5,-1.8,-0.3,중립,팽이도지,잔구간,0.33,-0.1,2026-07-23
ZURA,0.6,5.29,427509,724382,2.26,4.49,0.5,-1.9,-0.2,중립,팽이도지,잔구간,0.29,-0.125,2026-07-23
FULC,0.6,3.76,830085,1474096,3.12,5.83,0.5,-1.6,3.3,강한매수,장대양봉,완만한상승,0.87,3.34,2026-07-23
EVTL,0.6,1.51,1796423,2784815,2.71,3.53,0.8,-1.2,-6.2,중립,음봉,잔구간,0.0,-0.65,2026-07-23
EU,0.6,1.21,1483533,2396380,1.8,3.17,0.6,-0.8,0.8,중립,위꼬리양봉,잔구간,0.18,-0.69,2026-07-23
FRSH,0.6,9.77,9065159,15612806,88.57,183.37,0.5,2.1,-4.9,강한매도,장대음봉,전저점이탈,0.01,-3.34,2026-07-23
ELVA,0.6,8.62,697992,1218690,6.02,43.58,0.1,0.0,-5.2,매도주의,장대음봉,잔구간,0.27,-1.14,2026-07-23
ERIC,0.6,9.31,9361090,15136006,87.15,204.89,0.4,-1.4,-0.5,매도주의,음봉,전저점이탈,0.22,-1.79,2026-07-23
EH,0.6,5.09,538761,947510,2.74,5.48,0.5,-0.1,-2.7,중립,음봉,잔구간,0.07,-0.61,2026-07-23
TNDM,0.6,16.9,1160032,1813937,19.6,28.17,0.7,0.1,-0.2,중립,망치형,잔구간,0.8,0.68,2026-07-23
DJT,0.6,8.89,3133888,5071458,27.86,43.04,0.6,-2.0,-1.8,중립,음봉,잔구간,0.45,-0.38,2026-07-23
SPCE,0.6,2.58,5246807,9259095,13.54,28.42,0.5,-1.5,-1.9,중립,음봉,잔구간,0.15,-0.56,2026-07-23
AVTX,0.6,17.76,527830,909313,9.37,16.92,0.6,-1.7,-0.4,매도주의,위꼬리음봉,수횡파,0.02,-1.48,2026-07-23
SVC,0.6,8.53,1174584,1831585,10.02,18.77,0.5,-0.2,0.1,매수관심,팽이도지,수횡파,0.72,0.86,2026-07-23
TRIP,0.6,13.49,1646001,2596978,22.2,41.89,0.5,-1.4,-1.2,매도주의,음봉,전저점이탈,0.45,-1.51,2026-07-23
DGXX,0.6,4.33,3164167,4987834,13.7,17.93,0.8,-1.6,2.6,매수관심,양봉,완만한상승,0.36,1.43,2026-07-23
DRTS,0.6,13.24,460918,726613,6.1,8.76,0.7,0.2,1.5,중립,양봉,잔구간,0.62,0.42,2026-07-23
GRRR,0.6,12.57,814890,1479918,10.24,23.83,0.4,-2.1,1.2,중립,팽이도지,잔구간,0.63,0.08,2026-07-23
CPNG,0.6,15.63,11244263,19803220,175.75,369.93,0.5,-0.4,0.4,강한매수,양봉스프링,전저점부근,0.81,3.62,2026-07-23
CRBU,0.6,1.63,824433,1331443,1.34,3.51,0.4,-2.4,0.6,중립,팽이도지,잔구간,0.6,0.06,2026-07-23
LFST,0.6,10.81,1800419,2881655,19.46,35.83,0.5,-1.2,-0.6,중립,팽이도지,잔구간,0.26,-0.145,2026-07-23
ASPI,0.6,4.04,2660887,4291660,10.75,18.53,0.6,-3.4,2.5,매수관심,장대양봉,잔구간,0.69,1.115,2026-07-23
INV,0.6,2.98,1813024,2881883,5.4,8.12,0.7,-2.7,-9.1,강한매도,장대음봉,전저점이탈,0.03,-3.31,2026-07-23
CWVX,0.6,16.44,569225,978690,9.36,15.46,0.6,-4.4,1.4,중립,위꼬리양봉,잔구간,0.14,-0.715,2026-07-23
TSSI,0.6,10.47,504834,914532,5.29,8.21,0.6,-3.3,6.7,매수관심,장대양봉,잔구간,0.96,1.275,2026-07-23
BCRX,0.6,9.38,1635328,2911427,15.34,34.18,0.4,-2.0,0.6,중립,양봉,잔구간,0.56,0.385,2026-07-23
ALIT,0.6,18.28,366391,593004,6.7,13.76,0.5,0.4,-5.8,매도주의,장대음봉,잔구간,0.33,-1.1,2026-07-23
IMMX,0.6,8.8,995836,1654397,8.76,17.13,0.5,-1.9,-4.7,매도주의,장대음봉,잔구간,0.04,-1.275,2026-07-23
SNDG,0.6,11.58,2185449,3885090,25.31,34.62,0.7,-4.5,7.1,매수관심,양봉,완만한상승,0.41,1.49,2026-07-23
SMRT,0.6,0.948,1235265,2009875,1.17,2.04,0.6,-1.0,-1.2,중립,음봉,잔구간,0.17,-0.55,2026-07-23
ATEC,0.6,8.21,1335843,2089504,10.97,17.55,0.6,2.6,-0.7,강한매수,망치형,완만한상승,0.71,2.15,2026-07-23
SIDU,0.6,1.97,3864518,6298749,7.61,13.38,0.6,-3.0,2.1,중립,양봉,잔구간,0.46,0.325,2026-07-23
AIIO,0.6,2.86,794023,1302477,2.27,5.19,0.4,-0.6,-6.8,강한매도,장대음봉,전저점이탈,0.12,-3.21,2026-07-23
IONZ,0.6,5.68,6364732,11326749,36.15,58.03,0.6,3.5,-0.3,매수관심,팽이도지,완만한상승,0.73,1.18,2026-07-23
VOR,0.6,18.98,553285,924452,10.5,21.47,0.5,-1.1,-1.6,중립,음봉,잔구간,0.26,-0.495,2026-07-23
VRDN,0.6,19.26,1346734,2110996,25.94,33.13,0.8,-1.6,2.1,매수관심,양봉,완만한상승,0.66,1.79,2026-07-23
ADBG,0.6,3.14,4047855,6536489,12.71,26.11,0.5,3.4,-9.1,강한매도,장대음봉,전저점이탈,0.11,-3.22,2026-07-23
NVDQ,0.6,10.66,1811149,2798458,19.31,30.65,0.6,2.3,0.7,중립,팽이도지,수횡파,0.45,0.54,2026-07-23
QFIN,0.6,13.13,535290,945714,7.03,17.98,0.4,-0.9,0.5,중립,팽이도지,잔구간,0.64,0.085,2026-07-23
ZNTL,0.6,4.45,992448,1653817,4.42,6.92,0.6,2.0,-3.1,중립,음봉,잔구간,0.08,-0.6,2026-07-23
POET,0.6,7.6,8709126,14700742,66.19,103.96,0.6,-1.6,0.9,중립,위꼬리양봉,잔구간,0.22,-0.67,2026-07-23
OXLC,0.6,8.64,696266,1232470,6.02,8.1,0.7,-0.1,-1.9,매도주의,장대음봉,잔구간,0.18,-1.19,2026-07-23
AMPG,0.6,6.34,1505122,2462923,9.54,15.72,0.6,-0.6,-1.4,중립,팽이도지,잔구간,0.41,-0.055,2026-07-23
AMLX,0.6,17.59,816143,1334447,14.36,25.64,0.6,-3.0,2.4,매수관심,양봉,수횡파,0.57,1.38,2026-07-23
ALT,0.6,2.84,1625861,2738442,4.62,7.99,0.6,-0.7,1.8,강한매수,양봉,완만한상승,1.0,2.2,2026-07-23
ALM,0.6,14.18,3055477,5481704,43.33,89.42,0.5,-2.1,1.4,중립,양봉,잔구간,0.6,0.41,2026-07-23
WB,0.6,7.8,559990,999345,4.37,6.16,0.7,0.0,-0.6,중립,음봉,잔구간,0.4,-0.41,2026-07-23
VSTS,0.6,15.59,1016088,1623190,15.84,21.2,0.7,-1.8,-0.2,중립,팽이도지,잔구간,0.52,0.01,2026-07-23
PESI,0.6,16.16,345063,585701,5.58,10.83,0.5,-2.2,-1.0,중립,팽이도지,잔구간,0.27,-0.14,2026-07-23
NFXL,0.6,14.23,1091058,1739115,15.53,34.48,0.5,0.0,0.9,매수관심,팽이도지,완만한상승,0.71,1.15,2026-07-23
NAK,0.6,1.71,2419334,4154411,4.14,6.57,0.6,-2.3,1.8,중립,양봉,잔구간,0.7,0.47,2026-07-23
RLMD,0.6,5.2,1425399,2201507,7.41,10.62,0.7,-2.2,6.3,매수관심,장대양봉,잔구간,0.95,1.27,2026-07-23
CBIO,0.6,17.03,348055,568617,5.93,8.55,0.7,-1.8,9.6,강한매수,장대양봉,완만한상승,0.79,3.25,2026-07-23
CCCC,0.6,3.65,1782499,3165807,6.51,11.46,0.6,-2.1,-0.3,중립,팽이도지,잔구간,0.36,-0.085,2026-07-23
LENZ,0.6,5.05,613457,1098094,3.1,6.18,0.5,-1.5,-4.0,중립,음봉,잔구간,0.1,-0.59,2026-07-23
RXT,0.6,4.02,5522112,9492051,22.2,94.27,0.2,-0.7,-2.2,중립,음봉,잔구간,0.43,-0.39,2026-07-23
LUNR,0.6,13.71,5613605,8954192,76.96,142.67,0.5,-2.7,-0.0,중립,팽이도지,잔구간,0.29,-0.125,2026-07-23
LASE,0.6,1.11,2163402,3913953,2.4,5.99,0.4,0.0,5.7,매수관심,양봉,완만한상승,0.55,1.66,2026-07-23
LX,0.6,1.46,1424517,2198290,2.08,6.32,0.3,-1.4,0.0,중립,팽이도지,잔구간,0.67,0.1,2026-07-23
VELO,0.6,10.11,1176842,1834074,11.9,21.43,0.6,-3.7,-0.1,중립,팽이도지,잔구간,0.27,-0.14,2026-07-23
KYTX,0.6,7.29,648518,1084619,4.73,10.26,0.5,-1.4,-0.1,중립,팽이도지,잔구간,0.46,-0.025,2026-07-23
SHLS,0.6,9.89,3435653,5757832,33.98,59.65,0.6,-2.2,-3.0,중립,음봉,잔구간,0.17,-0.55,2026-07-23
NRGV,0.6,3.25,2733823,4393362,8.88,15.0,0.6,0.0,-3.0,중립,음봉,잔구간,0.2,-0.53,2026-07-23
NIQ,0.6,10.43,838709,1315792,8.75,15.53,0.6,0.4,-2.2,중립,음봉,잔구간,0.39,-0.415,2026-07-23
YMM,0.5,9.07,3946756,7225279,35.8,59.87,0.6,0.4,-0.7,중립,팽이도지,잔구간,0.29,-0.125,2026-07-23
PYPG,0.5,8.335,303091,670920,2.53,8.2,0.3,0.0,2.1,강한매수,양봉,완만한상승,0.98,2.18,2026-07-23
SECZ,0.5,7.3,752060,1451859,5.49,11.14,0.5,-0.8,-4.1,중립,음봉,잔구간,0.22,-0.52,2026-07-23
CLYM,0.5,12.76,573619,1174634,7.32,15.1,0.5,-1.0,2.4,매수관심,양봉,완만한상승,0.8,1.96,2026-07-23
SATL,0.5,3.81,2737712,5742471,10.43,19.57,0.5,-0.4,1.9,중립,양봉,잔구간,0.65,0.44,2026-07-23
RKLZ,0.5,4.62,5572371,10204635,25.74,43.77,0.6,5.1,-5.9,중립,음봉,잔구간,0.17,-0.55,2026-07-23
MAX,0.5,13.1,808582,1560458,10.59,17.38,0.6,-2.4,0.8,중립,팽이도지,전저점이탈,0.53,-0.71,2026-07-23
AREC,0.5,1.77,1394110,2772867,2.47,5.34,0.5,-2.8,2.9,매수관심,양봉,완만한상승,0.55,1.66,2026-07-23
URG,0.5,1.29,3708913,6949449,4.78,8.44,0.6,-1.5,0.8,중립,위꼬리양봉,잔구간,0.38,-0.57,2026-07-23
CMBT,0.5,15.61,392719,760914,6.13,13.1,0.5,1.0,0.8,중립,양봉,잔구간,0.65,0.44,2026-07-23
MNTS,0.5,4.89,523043,1072133,2.56,5.55,0.5,-3.3,3.6,중립,양봉,잔구간,0.76,0.505,2026-07-23
NN,0.5,12.65,1523286,2847467,19.27,34.94,0.6,-0.1,-1.2,매도주의,위꼬리음봉,잔구간,0.19,-0.935,2026-07-23
VIPS,0.5,14.41,1072230,2227935,15.45,30.34,0.5,0.1,-1.9,매도주의,장대음봉,잔구간,0.35,-1.09,2026-07-23
CRWG,0.5,19.74,777081,1620545,15.34,26.04,0.6,-3.6,0.3,중립,위꼬리양봉,잔구간,0.11,-0.735,2026-07-23
DSL,0.5,10.63,376634,703703,4.0,8.08,0.5,-0.5,-0.7,매도주의,장대음봉,잔구간,0.0,-1.3,2026-07-23
GSIT,0.5,6.06,414634,767793,2.51,4.07,0.6,-1.9,-0.5,중립,팽이도지,잔구간,0.27,-0.14,2026-07-23
IMRX,0.5,4.39,514556,979060,2.26,4.32,0.5,-2.2,0.5,중립,팽이도지,잔구간,0.73,0.14,2026-07-23
UGP,0.5,6.56,2525540,5388715,16.57,38.82,0.4,0.0,0.9,강한매수,장대양봉,전고점돌파,1.0,4.1,2026-07-23
SSG,0.5,12.41,443293,912125,5.5,11.68,0.5,1.5,0.2,매수관심,팽이도지,완만한상승,0.42,0.8,2026-07-23
AVR,0.5,8.19,541783,1002676,4.44,8.62,0.5,-1.8,-0.1,중립,팽이도지,잔구간,0.44,-0.035,2026-07-23
GPRE,0.5,17.2,756774,1489409,13.02,27.77,0.5,2.3,-5.3,매도주의,장대음봉,잔구간,0.02,-1.29,2026-07-23
FRMI,0.5,6.32,7720786,15996838,48.8,139.14,0.4,-1.5,-2.5,중립,음봉,잔구간,0.34,-0.445,2026-07-23
JBIO,0.5,19.62,385490,793417,7.56,20.71,0.4,-2.2,1.0,중립,팽이도지,잔구간,0.6,0.06,2026-07-23
JKS,0.5,15.75,366172,712596,5.77,11.38,0.5,0.2,-2.5,중립,음봉,잔구간,0.12,-0.58,2026-07-23
ATAI,0.5,7.17,9045320,18093463,64.85,207.16,0.3,-0.3,0.1,강한매도,위꼬리양봉,전고점부근,0.4,-2.5700000000000003,2026-07-23
TVRD,0.5,2.56,498130,1060886,1.28,6.94,0.2,-2.5,-4.8,매도주의,음봉,전저점이탈,0.18,-1.83,2026-07-23
CCUP,0.5,1.39,5485311,10581355,7.62,14.09,0.5,-3.5,-8.6,매도주의,장대음봉,잔구간,0.17,-1.2,2026-07-23
LRMR,0.5,4.01,698871,1323813,2.8,7.51,0.4,-0.2,0.0,중립,팽이도지,잔구간,0.47,-0.02,2026-07-23
SMWB,0.5,6.06,594906,1160885,3.61,8.33,0.4,-0.6,-2.9,매도주의,음봉,전저점이탈,0.28,-1.71,2026-07-23
LPRO,0.5,3.13,935282,1842235,2.93,5.67,0.5,-0.3,0.0,매도주의,위꼬리양봉,수횡파,0.0,-1.0,2026-07-23
OXSQ,0.5,1.44,760999,1516486,1.1,2.48,0.4,-0.7,-0.7,중립,망치형,잔구간,0.52,0.51,2026-07-23
ADUR,0.5,13.9,394916,873482,5.49,9.94,0.6,-4.1,1.6,중립,위꼬리양봉,잔구간,0.38,-0.57,2026-07-23
ONDS,0.5,7.93,86047632,181729180,682.36,1057.49,0.6,-2.2,1.4,중립,위꼬리양봉,잔구간,0.42,-0.55,2026-07-23
BFLY,0.5,6.62,4570357,9255069,30.26,62.78,0.5,-0.2,0.3,매수관심,양봉스프링,잔구간,0.84,0.955,2026-07-23
ANGX,0.5,4.06,749631,1398122,3.04,5.75,0.5,-0.5,-2.6,중립,음봉,잔구간,0.3,-0.47,2026-07-23
CCIX,0.5,10.87,321123,704623,3.49,14.41,0.2,0.0,0.0,매수관심,팽이도지,완만한상승,0.67,1.1,2026-07-23
CATX,0.5,2.95,582707,1077841,1.72,5.97,0.3,-1.0,0.3,매수관심,양봉스프링,잔구간,0.77,0.91,2026-07-23
CMPS,0.4,11.71,1822118,4468817,21.34,57.74,0.4,-1.1,-0.8,중립,음봉,잔구간,0.29,-0.475,2026-07-23
STIM,0.4,1.88,1098435,3018048,2.07,6.1,0.3,-2.6,0.0,중립,팽이도지,잔구간,0.31,-0.115,2026-07-23
SPIR,0.4,11.53,422992,1051748,4.88,14.21,0.3,-0.5,1.4,중립,양봉,잔구간,0.63,0.43,2026-07-23
SRXH,0.4,1.8,1380818,3115974,2.49,27.98,0.1,-2.5,-6.2,매도주의,장대음봉,잔구간,0.0,-1.3,2026-07-23
AAPD,0.4,10.88,6982891,15731623,75.97,124.04,0.6,1.1,0.4,중립,양봉,잔구간,0.46,0.325,2026-07-23
BABX,0.4,19.11,393751,1088017,7.52,21.54,0.3,-2.0,-2.4,중립,음봉,잔구간,0.29,-0.475,2026-07-23
HIHO,0.4,1.32,1299063,3076007,1.71,9.25,0.2,-6.1,22.2,강한매수,장대양봉,완만한상승,0.92,3.4,2026-07-23
IOVA,0.4,5.13,9732094,21916369,49.93,93.02,0.5,-2.7,2.0,중립,양봉,잔구간,0.47,0.33,2026-07-23
ASTN,0.4,6.88,1328034,3217916,9.14,19.54,0.5,5.8,2.5,매수관심,팽이도지,완만한상승,0.68,1.12,2026-07-23
PATH,0.4,10.2,44707326,116437438,456.01,1332.77,0.3,0.7,-5.3,강한매도,장대음봉,전저점이탈,0.05,-3.29,2026-07-23
RLX,0.4,2.02,563620,1496746,1.14,3.09,0.4,0.0,-1.9,매도주의,장대음봉,잔구간,0.0,-1.3,2026-07-23
CDZI,0.4,3.2,511940,1168069,1.64,6.41,0.3,-1.2,-2.4,강한매도,장대음봉,전저점이탈,0.0,-3.35,2026-07-23
BITO,0.4,8.77,167550100,469608837,1469.41,3692.92,0.4,-1.6,-0.5,중립,음봉,잔구간,0.22,-0.52,2026-07-23
HELP,0.4,7.73,990484,2579369,7.66,16.67,0.5,-0.5,-0.6,매도주의,위꼬리음봉,잔구간,0.12,-0.98,2026-07-23
ARI,0.4,6.76,4550407,11553104,30.76,68.44,0.4,-0.3,0.0,강한매수,양봉스프링,전저점부근,0.79,3.6,2026-07-23
KUST,0.4,1.39,1500356,3414470,2.09,20.17,0.1,-5.0,3.7,중립,양봉,잔구간,0.59,0.405,2026-07-23
STTK,0.3,7.09,606885,1924631,4.3,11.12,0.4,-1.7,2.8,강한매수,양봉,완만한상승,0.97,2.16,2026-07-23
CTMX,0.3,3.33,1381303,4963834,4.6,14.62,0.3,-0.6,0.6,중립,팽이도지,전저점부근,0.42,0.65,2026-07-23
BIYA,0.3,2.68,1437991,5338709,3.85,41.42,0.1,0.7,-11.0,중립,음봉,전저점부근,0.17,-0.35,2026-07-23
STDN,0.3,8.78,523392,2021543,4.6,28.76,0.2,1.6,-10.4,매도주의,장대음봉,잔구간,0.07,-1.26,2026-07-23
LCID,0.3,6.45,10404572,33302481,67.11,216.79,0.3,-1.8,-3.2,중립,음봉,잔구간,0.45,-0.38,2026-07-23
QTTB,0.3,15.38,395514,1293364,6.08,91.16,0.1,-0.5,2.5,중립,양봉,잔구간,0.6,0.41,2026-07-23
NXXT,0.2,0.343,3381495,13729025,1.16,3.98,0.3,3.9,-7.2,매도주의,장대음봉,잔구간,0.31,-1.115,2026-07-23
VEEE,0.1,14.5,367269,3933882,5.33,372.82,0.0,-8.5,-14.6,강한매도,장대음봉,전저점이탈,0.0,-3.35,2026-07-23
BRTMU,0.1,9.95,920937,6661816,9.16,66.41,0.1,0.1,-0.2,중립,무참고,정보부족,,0.0,2026-07-23
