ticker,ratio,latest_close,latest_volume,baseline_volume,dollar_volume_M,avg_dollar_vol_10d_M,dollar_surge_x,signal_gap_%,intraday_chg_%,candle_signal,candle_shape,candle_pos,close_pos,candle_score,latest_date
BTCT,823.0,0.837,147556380,179300,123.46,0.09,1398.5,3.2,74.3,강한매수,양봉,전고점돌파,0.43,2.12,2026-08-19
TNON,808.0,11.41,49493273,61250,564.72,6.75,83.7,114.1,-2.2,중립,위꼬리음봉,전고점돌파,0.19,-0.37,2026-08-19
YJ,714.3,4.25,129380863,181140,549.87,18.84,29.2,237.4,-27.6,강한매도,장대음봉,전고점부근,0.35,-3.63,2026-08-19
LOOP,528.8,0.62,30430520,57545,18.88,0.03,655.1,-2.0,0.0,매도주의,위꼬리양봉,전저점부근,0.01,-0.84,2026-08-19
EHGO,442.8,1.21,56182152,126885,67.98,0.29,233.4,50.3,-55.5,강한매도,장대음봉,전저점이탈,0.08,-3.25,2026-08-19
AZI,373.6,1.66,61750142,165283,102.51,13.56,7.6,7.0,35.0,강한매수,양봉,전고점돌파,0.5,2.2,2026-08-19
MSS,323.6,1.86,56920523,175907,105.87,1.97,53.7,29.0,-8.1,중립,위꼬리음봉,전고점돌파,0.09,-0.49,2026-08-19
FEMY,185.8,2.71,36720212,197617,99.51,0.77,129.3,36.4,-9.7,중립,팽이도지,완만한상승,0.31,0.67,2026-08-19
ZNB,109.3,2.24,25797001,236035,57.79,0.88,65.6,19.3,-15.8,중립,음봉,잔구간,0.31,-0.465,2026-08-19
AIXC,85.2,1.55,5936814,69660,9.2,8.61,1.1,-15.2,38.4,강한매수,장대양봉,완만한상승,0.87,3.34,2026-08-19
GDC,82.9,2.2,17417738,210097,38.32,0.34,113.5,4.8,12.2,중립,위꼬리양봉,전고점돌파,0.33,0.3,2026-08-19
BTTC,50.6,0.601,14061480,278153,8.45,1.64,5.2,-2.5,2.7,중립,위꼬리양봉,잔구간,0.45,-0.53,2026-08-19
GOVX,47.1,0.595,12403904,263122,7.38,0.15,48.2,-5.0,-3.7,강한매도,위꼬리음봉,전저점이탈,0.06,-2.78,2026-08-19
POLA,37.1,1.59,7110502,191891,11.31,0.36,31.0,-5.8,-1.9,중립,망치형,전저점이탈,0.6,0.37,2026-08-19
LGHL,31.5,0.701,27070510,860187,18.98,3.43,5.5,0.3,25.1,중립,양봉,잔구간,0.45,0.32,2026-08-19
CDTG,30.8,3.01,37484778,1215967,112.83,14.72,7.7,-11.2,3.1,중립,위꼬리양봉,잔구간,0.07,-0.76,2026-08-19
QTEX,28.2,1.12,27826361,986591,31.17,1.22,25.5,1.4,23.0,강한매수,양봉,전고점돌파,0.48,2.18,2026-08-19
CISS,27.1,3.09,7330638,270029,22.65,7.76,2.9,1.8,10.8,중립,위꼬리양봉,잔구간,0.23,-0.66,2026-08-19
BEEM,25.9,1.21,8844134,341524,10.7,0.35,30.3,0.0,5.2,강한매수,양봉,전고점돌파,0.67,2.4,2026-08-19
IVF,23.4,1.13,1332243,56961,1.51,18.97,0.1,-8.4,-13.7,매도주의,장대음봉,잔구간,0.14,-1.215,2026-08-19
EPM,19.3,3.34,4411320,228748,14.73,1.02,14.5,-11.2,-1.8,매도주의,음봉,전저점이탈,0.47,-1.49,2026-08-19
OCLTU,19.2,9.98,1091869,57003,10.9,5.94,1.8,-0.1,0.0,매도주의,위꼬리양봉,전저점부근,0.0,-0.85,2026-08-19
CAST,18.6,1.7,42471428,2281307,72.2,33.56,2.2,5.7,-23.4,매도주의,장대음봉,잔구간,0.14,-1.215,2026-08-19
NERV,18.4,4.79,2278050,123720,10.91,0.68,16.0,1.8,3.7,중립,양봉,전고점부근,0.53,0.29,2026-08-19
MASK,17.0,1.6,1463274,86027,2.34,0.26,8.9,-0.7,6.7,중립,양봉,잔구간,0.64,0.435,2026-08-19
XOS,16.9,2.9,7745778,458218,22.46,55.85,0.4,-12.4,-25.4,매도주의,장대음봉,잔구간,0.05,-1.27,2026-08-19
FVR,15.2,19.65,1779197,117066,34.96,2.99,11.7,1.6,-2.0,매도주의,장대음봉,잔구간,0.12,-1.23,2026-08-19
EUM,14.6,16.0,744512,50967,11.91,1.39,8.6,-1.6,0.5,매수관심,장대양봉,잔구간,0.73,1.14,2026-08-19
KWM,14.4,1.64,1048676,72991,1.72,0.28,6.2,13.6,-45.3,강한매도,장대음봉,전저점이탈,0.08,-3.25,2026-08-19
PWCM,14.4,1.65,3639917,253605,6.01,0.77,7.8,14.0,6.5,강한매수,양봉,전고점돌파,0.76,2.51,2026-08-19
VTIX,13.7,1.62,4289025,312441,6.95,0.63,10.9,0.6,1.3,중립,위꼬리양봉,완만한상승,0.25,-0.4,2026-08-19
HYPD,12.2,3.04,2167454,178198,6.59,0.47,13.9,1.5,10.9,강한매수,양봉,전고점돌파,0.57,2.28,2026-08-19
RIME,12.0,0.3,13132049,1095960,3.94,0.29,13.6,-6.3,1.6,중립,위꼬리양봉,잔구간,0.25,-0.65,2026-08-19
PURR,11.4,9.39,62000006,5419606,582.18,43.7,13.3,0.8,29.3,강한매수,장대양봉,전고점돌파,0.98,4.08,2026-08-19
BIVI,11.1,1.34,42468761,3821204,56.91,24.18,2.4,34.8,3.1,매수관심,팽이도지,완만한상승,0.67,1.1,2026-08-19
ARCT,11.0,10.28,5634336,510878,57.92,5.01,11.6,14.6,9.3,강한매수,양봉,전고점돌파,0.54,2.25,2026-08-19
ELAB,10.1,0.56,2050998,203738,1.15,0.19,6.1,5.1,-35.7,강한매도,장대음봉,전저점이탈,0.06,-3.28,2026-08-19
BIAF,10.1,0.409,4297089,424440,1.76,8.21,0.2,-4.6,-9.4,매도주의,장대음봉,잔구간,0.3,-1.12,2026-08-19
WYFL,10.1,6.13,1612447,160124,9.88,1.16,8.6,-34.7,-11.2,매도주의,음봉,전저점이탈,0.66,-1.26,2026-08-19
ZYBT,10.1,1.85,1661844,164136,3.07,20.34,0.2,2.6,17.8,중립,양봉,잔구간,0.5,0.35,2026-08-19
INLF,9.9,4.73,1020465,103204,4.83,39.8,0.1,3.3,1.3,중립,위꼬리양봉,잔구간,0.32,-0.61,2026-08-19
BTCS,9.8,1.26,6835729,701000,8.61,0.82,10.6,0.9,15.6,강한매수,장대양봉,전고점돌파,0.9,3.98,2026-08-19
BLSG,9.6,2.03,851154,88393,1.73,0.19,9.0,6.7,10.6,매수관심,양봉,완만한상승,0.53,1.64,2026-08-19
NAKA,9.5,6.06,617886,64715,3.74,0.41,9.1,1.6,19.1,강한매수,장대양봉,전고점돌파,0.96,4.05,2026-08-19
SBTU,9.1,3.01,636617,70200,1.92,0.21,9.2,3.3,20.4,강한매수,장대양봉,전고점돌파,0.82,3.88,2026-08-19
MRVI,7.8,7.22,15140362,1944693,109.31,12.38,8.8,17.0,7.5,강한매수,양봉,전고점돌파,0.51,2.21,2026-08-19
OSRH,7.8,0.373,22226998,2832781,8.29,28.46,0.3,-1.2,-12.2,중립,음봉,잔구간,0.02,-0.64,2026-08-19
BRBS,7.3,3.94,1800894,245488,7.1,4.96,1.4,-0.5,0.0,매수관심,양봉스프링,잔구간,0.79,0.925,2026-08-19
PSNL,7.3,15.81,8279946,1131449,130.91,27.69,4.7,9.4,3.9,강한매수,양봉,전고점돌파,0.92,2.7,2026-08-19
TOYO,7.1,4.335,4809216,678339,20.85,4.41,4.7,-21.3,-3.7,매도주의,음봉,전저점이탈,0.15,-1.87,2026-08-19
SLE,7.1,4.12,1734863,244111,7.15,33.93,0.2,-6.4,-20.0,매도주의,장대음봉,잔구간,0.22,-1.17,2026-08-19
HUIZ,6.8,1.46,870946,128794,1.27,5.53,0.2,5.0,15.0,매수관심,장대양봉,잔구간,0.7,1.12,2026-08-19
ASTL,6.5,4.79,5405026,834071,25.89,4.75,5.5,2.2,14.6,강한매수,장대양봉,전고점돌파,0.69,3.73,2026-08-19
ETHU,6.4,19.48,18435890,2868847,359.13,54.02,6.6,2.5,16.9,강한매수,장대양봉,전고점돌파,0.93,4.02,2026-08-19
AFIF,6.4,9.43,478840,74688,4.52,1.8,2.5,0.1,0.0,강한매수,양봉스프링,완만한상승,1.0,3.0,2026-08-19
CYPH,6.3,1.07,10521478,1673179,11.26,1.17,9.6,0.6,32.1,강한매수,장대양봉,전고점돌파,0.74,3.79,2026-08-19
NVCR,6.2,18.2,4838625,778658,88.06,16.92,5.2,0.9,4.6,강한매수,장대양봉,전고점돌파,0.85,3.92,2026-08-19
ENRD,6.1,6.04,330496,53946,2.0,2.88,0.7,1.2,4.1,매수관심,양봉,완만한상승,0.56,1.67,2026-08-19
FRTT,6.1,0.96,4278380,701890,4.11,11.91,0.3,-1.1,-2.9,중립,음봉,전저점부근,0.2,-0.31,2026-08-19
DCGO,6.1,0.42,3429257,560389,1.44,0.53,2.7,4.2,-15.1,강한매도,장대음봉,전저점이탈,0.01,-3.34,2026-08-19
RNAC,6.0,10.49,482468,80580,5.06,0.79,6.4,3.3,10.4,강한매수,장대양봉,전고점돌파,0.75,3.8,2026-08-19
ETHT,5.7,12.57,4839976,854931,60.84,11.75,5.2,2.8,16.7,강한매수,장대양봉,전고점돌파,0.93,4.02,2026-08-19
DUG,5.7,14.78,512362,89541,7.57,1.76,4.3,-0.6,1.1,매수관심,양봉,전저점부근,0.86,1.88,2026-08-19
ETHA,5.7,15.88,106806616,18752869,1696.09,338.82,5.0,1.2,8.7,강한매수,장대양봉,전고점돌파,0.93,4.02,2026-08-19
NWGL,5.6,0.487,3474561,625788,1.69,0.29,5.9,-0.5,31.6,강한매수,장대양봉,전고점돌파,0.71,3.75,2026-08-19
VANI,5.6,1.39,789164,140105,1.1,0.21,5.1,0.7,-4.8,중립,음봉,수횡파,0.39,-0.23,2026-08-19
EDIT,5.4,3.25,9641325,1770426,31.33,5.47,5.7,4.5,8.0,강한매수,장대양봉,전고점돌파,0.84,3.91,2026-08-19
WEAV,5.4,7.31,8402077,1568811,61.42,44.48,1.4,0.1,0.3,강한매수,장대양봉,전고점부근,1.0,2.15,2026-08-19
KIDZ,5.3,4.78,1153326,219548,5.51,1.42,3.9,-0.4,1.7,매수관심,팽이도지,완만한상승,0.48,0.88,2026-08-19
KLRA,5.3,18.32,2077576,394906,38.06,7.74,4.9,-0.1,2.9,매수관심,장대양봉,잔구간,0.79,1.175,2026-08-19
OPRA,5.2,18.12,1542096,296857,27.94,5.77,4.8,-6.2,-1.0,매도주의,팽이도지,전저점이탈,0.42,-0.85,2026-08-19
BCTX,5.2,3.96,319878,60996,1.27,0.36,3.5,0.8,11.2,강한매수,장대양봉,전고점돌파,0.88,3.96,2026-08-19
CODX,5.0,1.1,1791336,361183,1.97,0.51,3.8,4.0,-16.0,매도주의,음봉,전저점이탈,0.41,-1.56,2026-08-19
CONX,5.0,5.674,417381,83723,2.37,0.48,4.9,2.7,15.6,강한매수,장대양봉,전고점돌파,0.68,3.72,2026-08-19
ASYS,5.0,14.82,1317788,266130,19.53,7.37,2.6,1.4,-13.4,매도주의,장대음봉,전저점부근,0.08,-1.75,2026-08-19
FSMB,4.9,19.95,419582,86405,8.37,1.68,5.0,0.1,0.0,중립,팽이도지,완만한상승,0.4,0.78,2026-08-19
NVAX,4.8,8.79,11451112,2410687,100.66,25.61,3.9,6.3,4.3,강한매수,양봉,전고점돌파,0.94,2.73,2026-08-19
SAN,4.8,14.17,73490618,15448470,1041.36,277.34,3.8,0.6,-1.0,매도주의,음봉,전저점이탈,0.33,-1.65,2026-08-19
DFDV,4.8,3.42,2992636,622287,10.23,1.72,6.0,1.0,10.0,강한매수,장대양봉,전고점돌파,0.93,4.02,2026-08-19
PLTM,4.7,17.47,419729,90173,7.33,1.72,4.3,2.7,3.4,강한매수,장대양봉,전고점돌파,1.0,4.1,2026-08-19
KLAR,4.7,14.73,17669010,3778513,260.26,117.71,2.2,0.9,-3.1,매도주의,음봉,전저점이탈,0.39,-1.58,2026-08-19
BXBL,4.6,4.08,942654,207070,3.85,0.86,4.5,1.7,-1.7,중립,음봉,잔구간,0.27,-0.49,2026-08-19
ETHE,4.6,16.93,6013963,1308485,101.82,21.7,4.7,1.2,8.5,강한매수,장대양봉,전고점돌파,0.92,4.0,2026-08-19
PRME,4.4,3.54,6791332,1535847,24.04,6.61,3.6,7.9,7.6,강한매수,장대양봉,전고점돌파,0.85,3.92,2026-08-19
SKYA,4.4,1.27,1559837,355567,1.98,0.26,7.8,4.4,23.3,강한매수,장대양봉,전고점돌파,0.78,3.84,2026-08-19
ANIX,4.4,3.71,569586,130526,2.11,0.55,3.8,1.7,6.3,강한매수,장대양봉,전고점돌파,0.71,3.75,2026-08-19
ETHW,4.4,15.04,2398643,542189,36.08,9.0,4.0,1.3,8.6,강한매수,장대양봉,전고점돌파,0.93,4.02,2026-08-19
CRCD,4.4,3.445,4406164,997829,15.18,5.53,2.7,-5.6,-14.1,강한매도,장대음봉,전저점이탈,0.35,-2.93,2026-08-19
COIG,4.4,4.578,503889,114354,2.31,0.6,3.8,2.4,15.9,강한매수,장대양봉,전고점돌파,0.68,3.72,2026-08-19
BMNZ,4.3,9.73,2462401,567814,23.96,8.86,2.7,-3.3,-18.9,강한매도,장대음봉,전저점이탈,0.26,-3.04,2026-08-19
BITU,4.3,10.6,12437625,2922407,131.84,28.45,4.6,1.3,10.4,강한매수,장대양봉,전고점돌파,0.74,3.79,2026-08-19
MOB,4.2,6.29,420302,101230,2.64,0.76,3.5,1.2,8.8,매수관심,양봉,완만한상승,0.81,1.97,2026-08-19
FLWS,4.2,4.08,561247,133588,2.29,0.58,4.0,0.7,0.7,중립,위꼬리양봉,완만한상승,0.36,-0.27,2026-08-19
GIW,4.2,10.17,423671,100167,4.31,1.81,2.4,-0.1,0.4,강한매수,장대양봉,전고점돌파,1.0,4.1,2026-08-19
BMNG,4.2,18.495,1931870,459328,35.73,7.05,5.1,2.7,17.1,강한매수,장대양봉,전고점돌파,0.72,3.76,2026-08-19
SOPH,4.2,8.28,1322751,318589,10.95,3.19,3.4,1.4,7.1,강한매수,장대양봉,전고점돌파,0.95,4.04,2026-08-19
UFI,4.2,7.83,333968,79025,2.61,1.35,1.9,1.2,-4.4,중립,음봉,잔구간,0.03,-0.63,2026-08-19
TETH,4.1,10.49,2098482,511199,22.01,6.06,3.6,1.3,8.6,강한매수,장대양봉,전고점돌파,0.92,4.0,2026-08-19
AUNA,4.0,5.43,913994,226776,4.96,1.15,4.3,-14.4,17.0,강한매수,장대양봉,완만한상승,0.8,3.26,2026-08-19
OPTU,4.0,0.861,5484034,1383145,4.72,1.55,3.0,1.7,1.2,강한매수,양봉스프링,완만한상승,0.86,2.83,2026-08-19
RCON,4.0,3.67,2138500,530422,7.85,4.85,1.6,18.3,-7.1,중립,음봉,잔구간,0.29,-0.475,2026-08-19
WXM,4.0,4.5,619112,153093,2.79,34.11,0.1,4.6,-5.5,매도주의,위꼬리음봉,잔구간,0.1,-0.99,2026-08-19
IPST,4.0,8.45,1917943,476691,16.21,127.95,0.1,2.6,-47.7,매도주의,장대음봉,잔구간,0.09,-1.245,2026-08-19
IVOL,4.0,17.5,599012,148770,10.48,4.5,2.3,-0.3,-0.5,매도주의,장대음봉,잔구간,0.25,-1.15,2026-08-19
BITX,4.0,13.66,26015508,6468713,355.37,82.73,4.3,1.1,10.6,강한매수,장대양봉,전고점돌파,0.74,3.79,2026-08-19
CTXR,3.9,0.637,2201410,567628,1.4,0.87,1.6,1.4,9.9,강한매수,장대양봉,완만한상승,0.79,3.25,2026-08-19
IVVD,3.9,0.96,7262410,1871770,6.97,2.24,3.1,2.3,8.0,강한매수,양봉,전고점돌파,0.59,2.31,2026-08-19
AEHL,3.9,5.67,717397,183779,4.07,1.85,2.2,-13.4,15.0,매수관심,장대양봉,잔구간,0.77,1.16,2026-08-19
GDXY,3.7,11.59,2228407,601019,25.83,7.25,3.6,3.8,2.6,강한매수,장대양봉,전고점돌파,0.97,4.06,2026-08-19
MSTZ,3.7,8.77,26304768,7030753,230.69,84.21,2.7,-4.3,-21.6,강한매도,장대음봉,전저점이탈,0.22,-3.09,2026-08-19
EYPT,3.7,6.3,8792924,2386233,55.4,55.88,1.0,10.4,4.3,강한매수,양봉,완만한상승,0.94,2.13,2026-08-19
CONL,3.6,4.65,58969402,16411943,274.21,74.14,3.7,1.9,16.1,강한매수,장대양봉,전고점돌파,0.67,3.7,2026-08-19
FUTG,3.6,4.15,1708437,472038,7.09,2.16,3.3,1.2,0.5,중립,팽이도지,완만한상승,0.36,0.73,2026-08-19
HAIN,3.5,0.627,2099651,592820,1.32,0.44,3.0,1.5,18.3,강한매수,장대양봉,전고점돌파,0.89,3.97,2026-08-19
BULL,3.4,8.64,39164510,11470592,338.38,70.66,4.8,1.0,7.9,강한매수,장대양봉,전고점돌파,0.92,4.0,2026-08-19
ALEC,3.4,2.43,3755621,1104284,9.13,4.42,2.1,1.6,8.2,강한매수,양봉,전고점돌파,0.74,2.49,2026-08-19
XRPI,3.4,5.83,315678,93765,1.84,0.55,3.3,1.8,4.7,강한매수,장대양봉,전고점돌파,0.92,4.0,2026-08-19
UPXI,3.4,0.88,3612397,1057162,3.18,0.78,4.1,-1.9,14.2,강한매수,장대양봉,전고점돌파,0.83,3.9,2026-08-19
GSOL,3.4,6.25,4908431,1446438,30.68,10.32,3.0,1.9,5.0,강한매수,장대양봉,전고점돌파,0.91,3.99,2026-08-19
GRFS,3.4,8.25,926385,269450,7.64,2.52,3.0,0.8,5.6,강한매수,장대양봉,전고점돌파,0.77,3.82,2026-08-19
MSBT,3.4,19.615,1253532,365064,24.59,8.22,3.0,0.6,5.3,강한매수,장대양봉,전고점돌파,0.74,3.79,2026-08-19
HODL,3.4,19.37,2359790,685978,45.71,19.85,2.3,0.5,5.5,강한매수,장대양봉,전고점돌파,0.76,3.81,2026-08-19
SUGP,3.3,2.73,827889,250957,2.26,1.49,1.5,0.0,13.8,강한매수,양봉,전고점돌파,0.79,2.55,2026-08-19
FSOL,3.3,9.75,538039,161589,5.25,1.54,3.4,1.9,4.8,강한매수,장대양봉,전고점돌파,0.87,3.94,2026-08-19
KC,3.2,12.37,3369092,1068943,41.68,15.52,2.7,13.2,0.8,강한매수,양봉스프링,전고점돌파,0.82,3.38,2026-08-19
CNTX,3.2,0.487,4181060,1311966,2.04,1.15,1.8,-2.3,0.5,중립,팽이도지,잔구간,0.75,0.15,2026-08-19
SUPX,3.2,6.75,320305,100951,2.16,1.0,2.2,0.9,2.1,중립,위꼬리양봉,완만한상승,0.3,-0.34,2026-08-19
ELTX,3.2,3.13,502610,156319,1.57,0.67,2.3,7.4,-6.3,매도주의,장대음봉,완만한상승,0.28,-1.36,2026-08-19
CABA,3.2,3.1,10448708,3313075,32.39,12.65,2.6,1.4,5.1,강한매수,양봉,전고점돌파,0.5,2.2,2026-08-19
PARA,3.2,1.43,879136,276555,1.26,0.38,3.3,1.5,3.6,중립,팽이도지,완만한상승,0.37,0.74,2026-08-19
EIKN,3.1,12.01,1406872,458706,16.9,5.0,3.4,9.6,-6.0,중립,위꼬리음봉,전고점돌파,0.1,-0.48,2026-08-19
CSAN,3.1,2.54,5869149,1885659,14.91,4.53,3.3,3.5,2.2,중립,양봉,잔구간,0.83,0.55,2026-08-19
PGX,3.1,10.66,9644775,3113597,102.81,35.35,2.9,0.5,0.3,강한매수,장대양봉,완만한상승,1.0,3.5,2026-08-19
RNA,3.1,13.71,360317,117527,4.94,1.7,2.9,1.2,5.5,강한매수,장대양봉,전고점돌파,0.99,4.09,2026-08-19
SBET,3.1,7.08,18881215,6070767,133.68,37.24,3.6,1.0,11.5,강한매수,장대양봉,전고점돌파,0.85,3.92,2026-08-19
BLZE,3.0,16.88,6688330,2223588,112.9,55.85,2.0,-12.8,0.8,중립,팽이도지,전저점이탈,0.68,-0.53,2026-08-19
KRNY,3.0,9.63,1567799,530870,15.1,6.14,2.5,0.1,-1.5,중립,음봉,잔구간,0.12,-0.58,2026-08-19
XRP,3.0,11.92,1922399,637922,22.92,7.72,3.0,2.1,4.4,강한매수,장대양봉,전고점돌파,0.88,3.96,2026-08-19
BRNX,3.0,2.97,1878419,628179,5.58,4.59,1.2,3.8,8.0,중립,위꼬리양봉,잔구간,0.26,-0.645,2026-08-19
SANA,2.9,4.1,5910519,2034710,24.23,8.49,2.9,2.2,10.5,강한매수,장대양봉,전고점돌파,0.96,4.05,2026-08-19
CRTO,2.9,17.85,1417755,486016,25.31,10.73,2.4,1.1,-1.2,중립,음봉,잔구간,0.09,-0.595,2026-08-19
BMEZ,2.9,17.25,332763,112948,5.74,1.84,3.1,2.3,3.5,강한매수,장대양봉,전고점돌파,1.0,4.1,2026-08-19
SOLZ,2.9,8.229,3058636,1054736,25.17,8.65,2.9,1.6,5.0,강한매수,장대양봉,전고점돌파,0.87,3.94,2026-08-19
TRON,2.9,1.62,1391634,480642,2.25,0.69,3.3,0.0,8.0,매수관심,양봉,완만한상승,0.57,1.68,2026-08-19
ORBS,2.9,0.744,28555441,9787446,21.26,6.58,3.2,3.4,8.7,매수관심,장대양봉,잔구간,0.9,1.24,2026-08-19
AIB,2.9,1.44,2420680,844002,3.49,1.87,1.9,6.5,9.1,강한매수,양봉,완만한상승,1.0,2.2,2026-08-19
NHP,2.9,16.88,1607885,547510,27.14,13.35,2.0,0.5,1.3,매수관심,양봉,완만한상승,0.62,1.74,2026-08-19
JELD,2.9,2.04,3018596,1036062,6.16,2.38,2.6,3.3,7.4,강한매수,양봉,전고점돌파,0.6,2.32,2026-08-19
BMNU,2.9,13.6,8179007,2859933,111.23,34.33,3.2,2.3,18.5,강한매수,장대양봉,전고점돌파,0.75,3.8,2026-08-19
YXT,2.9,3.11,801051,273981,2.49,151.66,0.0,8.3,-4.3,중립,음봉,잔구간,0.58,-0.3,2026-08-19
RXRX,2.8,3.5,30369727,10660797,106.29,40.18,2.6,6.0,6.9,강한매수,장대양봉,전고점돌파,1.0,4.1,2026-08-19
ALT,2.8,3.12,10824068,3845761,33.77,12.05,2.8,2.4,2.6,중립,양봉,잔구간,0.59,0.405,2026-08-19
THEO,2.8,9.85,715313,253529,7.05,4.65,1.5,0.0,0.1,강한매도,위꼬리양봉,전고점부근,0.06,-2.98,2026-08-19
CARL,2.8,15.52,308595,108732,4.79,2.22,2.2,0.8,3.5,강한매수,양봉,전고점돌파,0.95,2.74,2026-08-19
DSL,2.8,10.62,1133136,400824,12.03,5.06,2.4,-0.3,-0.5,강한매도,음봉,전저점이탈,0.0,-2.05,2026-08-19
CONY,2.8,19.04,817662,291352,15.57,5.61,2.8,0.7,6.6,강한매수,장대양봉,전고점돌파,0.67,3.7,2026-08-19
CLF,2.8,11.17,33519873,12136180,374.42,160.88,2.3,1.4,-7.3,강한매도,장대음봉,전저점이탈,0.14,-3.18,2026-08-19
CEPO,2.8,10.69,310756,109994,3.32,1.31,2.5,-0.1,0.1,중립,양봉,전고점부근,0.5,0.25,2026-08-19
BSOL,2.8,11.29,5422775,1952709,61.22,20.16,3.0,1.7,5.0,강한매수,장대양봉,전고점돌파,0.89,3.97,2026-08-19
OABI,2.7,4.19,2872344,1056877,12.04,11.16,1.1,0.8,6.1,강한매수,장대양봉,완만한상승,1.0,3.5,2026-08-19
COTY,2.7,3.03,15908331,5793917,48.2,17.75,2.7,1.8,8.6,강한매수,장대양봉,전고점돌파,0.8,3.86,2026-08-19
FDMT,2.7,16.76,1965152,740599,32.94,13.65,2.4,3.3,10.2,강한매수,장대양봉,전고점돌파,0.92,4.0,2026-08-19
MSTY,2.7,12.99,4600420,1677687,59.76,19.77,3.0,1.3,7.5,강한매수,장대양봉,전고점돌파,0.76,3.81,2026-08-19
SAFX,2.7,0.343,10418600,3913569,3.57,2.3,1.6,-2.8,-16.4,강한매도,장대음봉,전저점이탈,0.23,-3.07,2026-08-19
RANI,2.7,0.917,1363444,504220,1.25,0.58,2.2,-1.7,13.0,강한매수,장대양봉,전고점돌파,0.91,3.99,2026-08-19
CWK,2.7,15.37,3290976,1235851,50.58,23.31,2.2,1.8,6.6,강한매수,장대양봉,전고점돌파,0.79,3.85,2026-08-19
CHRS,2.7,1.33,3038144,1107952,4.04,2.0,2.0,2.9,-3.6,중립,음봉,잔구간,0.32,-0.46,2026-08-19
NOMD,2.6,11.94,6527938,2503898,77.94,22.29,3.5,1.5,3.0,매수관심,양봉,완만한상승,0.74,1.89,2026-08-19
NCI,2.6,12.35,1038680,402127,12.83,8.52,1.5,-0.4,-0.8,중립,팽이도지,잔구간,0.41,-0.055,2026-08-19
GENB,2.6,16.97,1390392,542037,23.59,8.42,2.8,2.4,3.0,강한매수,양봉,전고점돌파,0.58,2.3,2026-08-19
DAPP,2.6,18.13,637084,248476,11.55,8.93,1.3,0.3,4.1,매수관심,양봉,완만한상승,0.73,1.88,2026-08-19
DUOT,2.6,10.75,2007328,761878,21.58,16.87,1.3,-0.6,-6.7,중립,음봉,잔구간,0.22,-0.52,2026-08-19
GDRX,2.6,3.54,3767366,1455018,13.34,7.28,1.8,-1.9,-1.1,강한매수,망치형,전저점부근,0.61,2.88,2026-08-19
JPMpK,2.6,17.85,380787,145543,6.8,2.91,2.3,0.7,1.2,중립,양봉,잔구간,0.67,0.45,2026-08-19
ASST,2.6,14.73,7615701,2946447,112.18,33.94,3.3,1.2,13.7,강한매수,장대양봉,전고점돌파,0.95,4.04,2026-08-19
ACHV,2.5,8.53,3924730,1575595,33.48,9.11,3.7,1.3,11.9,강한매수,장대양봉,전고점돌파,0.92,4.0,2026-08-19
SOC,2.5,4.78,28922497,11407322,138.25,38.37,3.6,1.8,17.7,매수관심,장대양봉,잔구간,0.68,1.11,2026-08-19
BITO,2.5,9.25,147103058,59982270,1360.7,552.94,2.5,0.6,5.4,강한매수,장대양봉,전고점돌파,0.75,3.8,2026-08-19
GDXD,2.5,18.38,3802366,1493802,69.89,39.98,1.7,-16.9,-13.3,강한매도,장대음봉,전저점이탈,0.03,-3.31,2026-08-19
AUTL,2.5,2.54,7840758,3199725,19.92,7.22,2.8,3.1,7.6,강한매수,장대양봉,전고점돌파,0.84,3.91,2026-08-19
MSOS,2.5,4.76,6900482,2714996,32.85,18.27,1.8,0.7,4.6,강한매수,장대양봉,전고점돌파,0.76,3.81,2026-08-19
OCGN,2.5,1.48,6882661,2752730,10.19,4.97,2.0,3.0,7.2,강한매수,장대양봉,전고점돌파,0.93,4.02,2026-08-19
YMM,2.5,8.7,13850591,5471087,120.5,52.72,2.3,-6.0,5.2,강한매수,장대양봉,전저점부근,0.76,4.0600000000000005,2026-08-19
ABUS,2.5,4.98,3428246,1394703,17.07,5.97,2.9,-0.2,3.1,강한매수,양봉,전고점돌파,0.43,2.12,2026-08-19
NTLA,2.5,13.28,6114892,2465120,81.21,37.35,2.2,4.3,9.8,강한매수,장대양봉,전고점돌파,0.95,4.04,2026-08-19
AKBA,2.5,0.885,9875848,3943294,8.74,5.79,1.5,0.0,3.9,강한매수,장대양봉,완만한상승,0.74,3.19,2026-08-19
ENTX,2.4,3.11,696061,292104,2.16,1.06,2.0,1.4,6.1,중립,양봉,전고점부근,0.7,0.49,2026-08-19
SRPT,2.4,19.73,4943337,2049057,97.53,46.84,2.1,4.0,5.3,강한매수,장대양봉,전고점돌파,0.68,3.72,2026-08-19
RAMZ,2.4,18.1,1662846,690514,30.1,14.25,2.1,-6.7,7.1,매수관심,장대양봉,잔구간,0.68,1.11,2026-08-19
VERI,2.4,0.966,10770271,4440306,10.4,5.88,1.8,0.5,-3.4,매도주의,장대음봉,전저점부근,0.08,-1.75,2026-08-19
VET,2.4,12.56,2055521,872501,25.82,12.49,2.1,1.1,1.5,강한매수,양봉,전고점돌파,0.43,2.12,2026-08-19
AGPU,2.4,10.9,455212,190722,4.96,5.19,1.0,-0.5,6.0,매수관심,양봉,전고점부근,0.98,0.83,2026-08-19
PPLT,2.4,16.46,4080637,1693666,67.17,34.18,2.0,2.9,2.8,강한매수,장대양봉,전고점돌파,0.89,3.97,2026-08-19
IBRX,2.4,8.13,13063682,5376856,106.21,51.56,2.1,4.7,0.6,매수관심,팽이도지,전고점돌파,0.58,1.6,2026-08-19
CYRX,2.4,16.31,999289,410005,16.3,7.98,2.0,2.1,5.9,강한매수,장대양봉,전고점돌파,0.77,3.82,2026-08-19
KVUE,2.4,19.13,36188250,14912344,692.28,387.71,1.8,0.6,1.2,강한매수,장대양봉,완만한상승,0.82,3.28,2026-08-19
SKHZ,2.4,11.78,4697216,1928700,55.33,25.14,2.2,-4.7,4.6,매수관심,장대양봉,잔구간,0.95,1.27,2026-08-19
GGB,2.4,4.46,18726354,7894229,83.52,48.63,1.7,1.9,-6.3,강한매도,장대음봉,전저점이탈,0.08,-3.25,2026-08-19
ERY,2.4,9.03,1847542,754477,16.68,10.28,1.6,-0.6,0.8,매수관심,양봉,전저점부근,0.76,1.76,2026-08-19
USAU,2.4,15.66,373440,154144,5.85,3.3,1.8,2.7,4.3,강한매수,장대양봉,완만한상승,0.88,3.36,2026-08-19
TpA,2.4,17.73,586455,247994,10.4,4.35,2.4,0.6,-0.5,중립,음봉,수횡파,0.33,-0.3,2026-08-19
ABTC,2.3,7.9,2351112,1041443,18.57,8.31,2.2,0.6,13.2,강한매수,장대양봉,전고점돌파,0.7,3.74,2026-08-19
PHR,2.3,11.96,1453976,619657,17.39,9.44,1.8,1.1,3.4,중립,양봉,잔구간,0.79,0.525,2026-08-19
MSTX,2.3,9.63,15231405,6705130,146.68,61.64,2.4,2.6,20.2,강한매수,장대양봉,전고점돌파,0.79,3.85,2026-08-19
SCZM,2.3,9.54,965876,412815,9.21,4.65,2.0,4.2,9.4,강한매수,장대양봉,전고점돌파,0.96,4.05,2026-08-19
BBCQ,2.3,10.17,504503,219771,5.13,6.32,0.8,-0.1,0.2,강한매수,장대양봉,완만한상승,1.0,3.5,2026-08-19
GLNK,2.3,8.99,588194,260569,5.29,2.11,2.5,2.6,3.8,강한매수,장대양봉,전고점돌파,0.96,4.05,2026-08-19
SABS,2.3,3.78,701271,309859,2.65,1.13,2.3,1.1,-1.3,중립,음봉,잔구간,0.17,-0.55,2026-08-19
PN,2.3,2.75,490493,212797,1.35,12.13,0.1,1.1,0.4,매수관심,양봉스프링,잔구간,0.83,0.95,2026-08-19
REI,2.3,1.43,5375936,2351550,7.69,4.47,1.7,0.7,-1.4,매도주의,위꼬리음봉,잔구간,0.22,-0.92,2026-08-19
HITI,2.3,2.46,926159,406496,2.28,0.88,2.6,0.0,2.5,강한매수,장대양봉,전고점돌파,0.87,3.94,2026-08-19
WIT,2.3,1.95,8465216,3711054,16.51,8.64,1.9,-0.5,2.6,매수관심,장대양봉,잔구간,0.71,1.125,2026-08-19
ORMP,2.2,4.79,363166,163517,1.74,0.79,2.2,1.0,-0.8,중립,팽이도지,완만한상승,0.37,0.74,2026-08-19
YALA,2.2,5.51,563063,256625,3.1,1.81,1.7,-0.4,-0.5,매도주의,위꼬리음봉,잔구간,0.19,-0.935,2026-08-19
ABR,2.2,5.17,6740483,3116475,34.85,18.06,1.9,1.4,4.0,매수관심,장대양봉,잔구간,0.7,1.12,2026-08-19
NMRK,2.2,16.42,2527887,1129512,41.51,17.8,2.3,1.7,6.3,강한매수,장대양봉,전고점돌파,0.97,4.06,2026-08-19
HUYA,2.2,2.21,2503793,1148133,5.53,2.15,2.6,0.0,-2.2,매도주의,음봉,전저점이탈,0.38,-1.59,2026-08-19
HLN,2.2,9.87,11622374,5215692,114.71,59.65,1.9,0.9,0.6,매수관심,양봉,완만한상승,0.47,1.56,2026-08-19
MUA,2.2,10.07,739291,336117,7.44,3.2,2.3,0.4,-0.3,중립,음봉,잔구간,0.32,-0.46,2026-08-19
KOS,2.2,2.82,16587000,7461854,46.78,26.98,1.7,0.7,2.2,강한매수,양봉,전고점돌파,0.67,2.4,2026-08-19
MFG,2.2,10.14,4999282,2288958,50.69,29.41,1.7,-2.4,-2.4,강한매도,장대음봉,전저점이탈,0.11,-3.22,2026-08-19
NUVB,2.2,7.26,11552379,5142432,83.87,39.55,2.1,2.9,1.4,매수관심,팽이도지,전고점돌파,0.43,1.42,2026-08-19
AGEN,2.2,8.26,2290360,1060872,18.92,9.56,2.0,1.7,7.8,강한매수,양봉,전고점돌파,0.57,2.28,2026-08-19
BKKT,2.2,7.74,2949788,1321067,22.83,8.77,2.6,0.1,11.5,강한매수,장대양봉,전고점부근,0.93,2.07,2026-08-19
CRCG,2.2,12.18,7393983,3311150,90.06,35.92,2.5,6.1,11.9,강한매수,장대양봉,전고점돌파,0.64,3.67,2026-08-19
CTMX,2.2,3.57,4579167,2087020,16.35,7.0,2.3,2.7,2.6,강한매수,장대양봉,전고점돌파,0.79,3.85,2026-08-19
DLO,2.2,14.3,7035433,3153664,100.61,35.29,2.9,0.0,4.8,매수관심,장대양봉,잔구간,0.97,1.28,2026-08-19
DNA,2.2,7.71,2466725,1116892,19.02,9.51,2.0,6.9,10.5,매수관심,장대양봉,잔구간,0.95,1.27,2026-08-19
BMEA,2.2,1.39,1063884,478296,1.48,0.59,2.5,2.2,0.7,강한매수,양봉스프링,완만한상승,0.8,2.76,2026-08-19
STLA,2.2,5.43,32579728,14798516,176.91,95.45,1.9,4.8,2.6,매수관심,장대양봉,잔구간,0.8,1.18,2026-08-19
CCC,2.2,7.44,16503696,7354353,122.79,69.42,1.8,0.1,4.1,매수관심,양봉,완만한상승,0.62,1.74,2026-08-19
CIFG,2.2,4.11,1691805,758929,6.95,4.13,1.7,-1.7,-1.4,강한매수,망치형,전저점부근,0.7,2.99,2026-08-19
AAL,2.1,13.86,97662810,47506808,1353.61,694.93,1.9,0.1,-1.4,매도주의,음봉,전저점이탈,0.2,-1.81,2026-08-19
XRPZ,2.1,11.6,461499,215775,5.35,2.86,1.9,2.2,4.3,강한매수,장대양봉,전고점돌파,0.91,3.99,2026-08-19
TROO,2.1,2.28,511245,244835,1.17,0.62,1.9,3.1,12.2,강한매수,양봉,전고점돌파,0.93,2.72,2026-08-19
CNTN,2.1,2.09,916332,437201,1.92,0.97,2.0,2.0,2.0,중립,양봉,전고점부근,0.85,0.67,2026-08-19
MSTU,2.1,2.105,244659600,114521027,515.01,245.82,2.1,3.8,19.6,강한매수,장대양봉,전고점돌파,0.77,3.82,2026-08-19
BRR,2.1,2.1,1130374,548670,2.37,0.83,2.8,-0.5,10.5,강한매수,장대양봉,전고점돌파,0.87,3.94,2026-08-19
NMR,2.1,9.51,1096232,529002,10.43,5.58,1.9,0.1,-1.6,강한매도,장대음봉,전저점이탈,0.0,-3.35,2026-08-19
JDZG,2.1,4.25,448269,214486,1.91,2.28,0.8,0.0,3.7,매수관심,양봉,완만한상승,0.5,1.6,2026-08-19
OBIO,2.1,5.55,463861,224210,2.57,1.92,1.3,-3.0,1.1,중립,위꼬리양봉,잔구간,0.21,-0.675,2026-08-19
IQST,2.1,1.01,1405104,659273,1.42,1.47,1.0,-5.7,-12.2,강한매도,장대음봉,전저점이탈,0.31,-2.98,2026-08-19
CGNT,2.0,8.81,619942,309254,5.46,4.23,1.3,-1.0,-0.8,매도주의,팽이도지,전저점이탈,0.43,-0.83,2026-08-19
BTGO,2.0,6.25,3586274,1778964,22.41,8.53,2.6,1.5,14.3,강한매수,장대양봉,전고점돌파,0.73,3.78,2026-08-19
CCXI,2.0,14.6,6892190,3379778,100.63,52.4,1.9,5.3,-11.4,강한매도,장대음봉,전저점이탈,0.13,-3.19,2026-08-19
AUPH,2.0,16.17,1646453,840850,26.62,18.01,1.5,1.8,3.9,강한매수,장대양봉,전고점돌파,0.99,4.09,2026-08-19
CRCA,2.0,18.0,1472320,743852,26.5,12.76,2.1,5.5,12.5,강한매수,장대양봉,전고점돌파,0.63,3.66,2026-08-19
GPK,2.0,11.4,5705543,2816419,65.04,42.17,1.5,1.5,2.4,중립,양봉,잔구간,0.77,0.51,2026-08-19
BTBT,2.0,1.4,53128690,26395552,74.38,32.39,2.3,-2.1,-1.4,중립,망치형,잔구간,0.86,0.715,2026-08-19
SDGR,2.0,19.85,1898074,934867,37.68,23.86,1.6,2.5,9.5,강한매수,장대양봉,전고점돌파,0.96,4.05,2026-08-19
MBC,2.0,9.38,2669918,1310509,25.04,15.43,1.6,1.4,4.6,매수관심,장대양봉,잔구간,0.73,1.14,2026-08-19
AZ,2.0,7.48,1267841,642779,9.48,5.54,1.7,5.6,-2.6,중립,망치형,잔구간,0.74,0.645,2026-08-19
CHGG,2.0,0.76,1690470,835814,1.28,1.25,1.0,2.7,-2.6,중립,음봉,잔구간,0.19,-0.535,2026-08-19
CCUP,2.0,2.12,11217730,5565426,23.78,10.76,2.2,5.9,12.2,강한매수,장대양봉,전고점돌파,0.63,3.66,2026-08-19
ABEV,2.0,2.81,43163940,21766187,121.29,86.77,1.4,2.2,-1.1,중립,음봉,잔구간,0.38,-0.42,2026-08-19
CXAI,2.0,4.59,667186,325712,3.06,2.35,1.3,-4.9,13.3,매수관심,장대양봉,잔구간,0.98,1.29,2026-08-19
EPRX,2.0,7.01,395501,200975,2.77,1.59,1.7,1.2,1.2,강한매수,양봉,전고점돌파,0.72,2.46,2026-08-19
SGLY,2.0,2.98,416095,210285,1.24,6.14,0.2,-20.9,8.0,중립,양봉,전저점이탈,0.71,0.2,2026-08-19
SJT,2.0,2.7,396435,199946,1.07,0.52,2.1,-1.1,-2.5,중립,음봉,잔구간,0.13,-0.57,2026-08-19
KURA,2.0,12.53,4077719,1994823,51.09,20.34,2.5,3.3,-1.6,중립,음봉,완만한상승,0.21,-0.15,2026-08-19
NXDT,2.0,5.74,394165,193473,2.26,0.87,2.6,0.2,12.3,강한매수,장대양봉,전고점돌파,0.95,4.04,2026-08-19
LABD,2.0,5.93,28044730,14201611,166.31,108.9,1.5,-10.0,-8.5,강한매도,장대음봉,전저점이탈,0.03,-3.31,2026-08-19
DC,1.9,6.3,1982093,1033164,12.49,8.07,1.5,5.3,2.4,중립,양봉,잔구간,0.72,0.48,2026-08-19
OVID,1.9,2.93,2875502,1494448,8.43,4.01,2.1,2.1,1.0,중립,양봉,전고점부근,0.82,0.63,2026-08-19
MSTW,1.9,3.43,1097773,589585,3.77,1.88,2.0,2.0,11.7,강한매수,장대양봉,전고점돌파,0.77,3.82,2026-08-19
WFCpZ,1.9,18.22,326131,174417,5.94,3.03,2.0,0.4,1.7,매수관심,장대양봉,잔구간,0.94,1.265,2026-08-19
ACRS,1.9,6.44,2065238,1076096,13.3,11.87,1.1,1.5,0.6,강한매수,양봉스프링,전고점돌파,0.97,3.56,2026-08-19
WB,1.9,7.49,1662594,854861,12.45,5.99,2.1,1.2,-2.5,강한매도,장대음봉,전저점이탈,0.17,-3.15,2026-08-19
TRLV,1.9,10.09,1474706,775752,14.88,7.75,1.9,-0.5,4.7,강한매수,장대양봉,전고점돌파,0.89,3.97,2026-08-19
SKDD,1.9,11.13,14161215,7385595,157.61,73.22,2.2,-9.2,9.2,매수관심,장대양봉,잔구간,0.92,1.25,2026-08-19
QFIN,1.9,11.79,2445950,1264263,28.84,15.99,1.8,-0.9,-1.3,매도주의,음봉,전저점이탈,0.19,-1.82,2026-08-19
GLDG,1.9,1.06,1262814,660910,1.34,0.83,1.6,2.9,1.0,중립,위꼬리양봉,완만한상승,0.33,-0.3,2026-08-19
JPMpM,1.9,16.58,408470,209773,6.77,3.84,1.8,0.7,1.4,매수관심,장대양봉,잔구간,0.83,1.2,2026-08-19
RERE,1.9,4.59,1388749,730277,6.37,3.46,1.8,0.9,2.2,강한매수,양봉,완만한상승,0.95,2.14,2026-08-19
FULC,1.9,3.91,2179466,1168941,8.52,7.66,1.1,0.8,0.3,매수관심,팽이도지,전고점돌파,0.65,1.68,2026-08-19
GOF,1.9,10.09,2627504,1373520,26.51,13.82,1.9,0.5,-1.1,매도주의,음봉,전저점이탈,0.25,-1.75,2026-08-19
CNXU,1.9,8.96,399401,212541,3.58,1.95,1.8,1.9,-12.0,중립,음봉,잔구간,0.41,-0.405,2026-08-19
CRDU,1.9,14.99,1913106,988113,28.68,18.48,1.6,1.0,-10.1,강한매도,장대음봉,전저점이탈,0.27,-3.03,2026-08-19
CPSH,1.9,4.0,336038,180457,1.34,0.95,1.4,1.9,-6.8,강한매도,장대음봉,전저점이탈,0.15,-3.17,2026-08-19
RBBN,1.9,2.03,1062322,556642,2.16,1.21,1.8,1.0,-1.5,중립,음봉,잔구간,0.47,-0.37,2026-08-19
ACRV,1.9,2.39,731493,379340,1.75,0.86,2.0,0.5,16.0,강한매수,장대양봉,전고점돌파,1.0,4.1,2026-08-19
OCFC,1.9,19.22,1652345,879731,31.76,18.79,1.7,0.7,-2.4,매도주의,장대음봉,잔구간,0.1,-1.24,2026-08-19
VGZ,1.9,2.47,1965932,1056267,4.86,2.52,1.9,4.4,3.8,강한매수,장대양봉,전고점돌파,0.86,3.93,2026-08-19
HDSN,1.9,5.86,893620,479178,5.24,4.88,1.1,0.6,3.4,강한매수,장대양봉,완만한상승,0.68,3.12,2026-08-19
IKT,1.8,2.45,644989,352349,1.58,1.14,1.4,1.7,0.4,중립,위꼬리양봉,완만한상승,0.24,-0.41,2026-08-19
AVR,1.8,9.83,1261282,702180,12.4,6.65,1.9,1.5,1.1,매수관심,팽이도지,전고점돌파,0.62,1.64,2026-08-19
PACB,1.8,1.27,10910170,6120256,13.86,9.63,1.4,5.3,5.8,강한매수,장대양봉,전고점돌파,0.64,3.67,2026-08-19
MPLT,1.8,12.15,896389,489933,10.89,6.41,1.7,2.5,0.3,매수관심,팽이도지,완만한상승,0.73,1.18,2026-08-19
MSOX,1.8,2.8,2750147,1494577,7.7,3.79,2.0,0.8,9.8,강한매수,장대양봉,전고점돌파,0.78,3.84,2026-08-19
DEFT,1.8,0.482,4782225,2647408,2.3,1.04,2.2,-0.4,10.7,강한매수,장대양봉,완만한상승,0.76,3.21,2026-08-19
PGF,1.8,13.49,344383,192667,4.65,2.49,1.9,0.5,0.4,매수관심,양봉,완만한상승,0.76,1.91,2026-08-19
PONY,1.8,7.83,5556948,3022257,43.51,27.38,1.6,-1.1,2.2,중립,양봉,잔구간,0.63,0.43,2026-08-19
STEX,1.8,0.78,1578012,897871,1.23,0.81,1.5,0.4,-0.0,강한매수,망치형,완만한상승,0.8,2.26,2026-08-19
SHNY,1.8,10.67,1643046,934347,17.53,10.24,1.7,7.7,3.4,강한매수,장대양봉,전고점돌파,0.96,4.05,2026-08-19
TTI,1.8,7.48,2797436,1569924,20.92,13.55,1.5,1.5,-7.7,강한매도,장대음봉,전저점이탈,0.09,-3.24,2026-08-19
GPRK,1.8,9.53,456610,258281,4.35,2.95,1.5,1.7,0.0,중립,팽이도지,완만한상승,0.41,0.79,2026-08-19
TRTX,1.8,7.92,1148717,633422,9.1,6.82,1.3,0.8,-0.5,매도주의,위꼬리음봉,완만한상승,0.03,-1.16,2026-08-19
NG,1.8,8.46,6328968,3468629,53.54,35.5,1.5,7.4,6.3,강한매수,장대양봉,전고점돌파,0.97,4.06,2026-08-19
MYI,1.8,10.82,560642,312740,6.07,3.16,1.9,0.6,0.1,매수관심,양봉스프링,잔구간,1.0,1.05,2026-08-19
CRMG,1.8,6.72,3140588,1785600,21.1,21.48,1.0,0.0,10.2,강한매수,장대양봉,전고점돌파,0.85,3.92,2026-08-19
TSDD,1.8,8.82,5751543,3236904,50.73,38.95,1.3,-1.1,-7.5,매도주의,장대음봉,전저점부근,0.03,-1.81,2026-08-19
NAGE,1.8,3.17,806652,456904,2.56,2.12,1.2,0.0,3.6,강한매수,양봉,전고점돌파,0.55,2.26,2026-08-19
PDI,1.8,15.19,6031968,3276312,91.63,59.08,1.6,0.5,-0.2,중립,팽이도지,잔구간,0.35,-0.09,2026-08-19
XXI,1.8,5.55,1862115,1019438,10.33,5.38,1.9,1.7,12.8,강한매수,장대양봉,전고점돌파,0.94,4.03,2026-08-19
TFSL,1.8,17.31,1179715,642056,20.42,14.7,1.4,0.0,-1.4,중립,음봉,잔구간,0.31,-0.465,2026-08-19
HAYW,1.8,15.1,2569228,1420708,38.8,27.48,1.4,1.4,2.0,중립,양봉,잔구간,0.62,0.42,2026-08-19
TLRY,1.8,4.83,5615493,3051959,27.12,16.72,1.6,0.4,7.6,강한매수,장대양봉,전고점부근,0.92,2.05,2026-08-19
ABSI,1.8,9.99,4530095,2517777,45.26,23.06,2.0,6.4,6.1,강한매수,장대양봉,전고점돌파,0.96,4.05,2026-08-19
RA,1.8,12.62,316001,177478,3.99,2.0,2.0,0.3,-0.4,중립,음봉,잔구간,0.17,-0.55,2026-08-19
AGRO,1.8,10.57,1904277,1049472,20.13,8.15,2.5,3.8,3.8,강한매수,양봉,전고점돌파,0.56,2.27,2026-08-19
SLS,1.8,13.85,9123107,5200532,126.36,63.81,2.0,2.7,2.9,강한매수,양봉,전고점돌파,0.66,2.39,2026-08-19
LAES,1.8,2.6,15354299,8513445,39.92,25.36,1.6,0.7,-5.8,매도주의,장대음봉,잔구간,0.09,-1.245,2026-08-19
PUMP,1.8,11.9,3482290,1905831,41.44,26.94,1.5,1.9,-5.6,매도주의,장대음봉,잔구간,0.16,-1.205,2026-08-19
FBRT,1.8,8.09,1906349,1038494,15.42,10.46,1.5,0.9,-0.1,매도주의,위꼬리음봉,완만한상승,0.0,-1.2,2026-08-19
ZNTL,1.8,3.82,1780302,1010823,6.8,5.04,1.3,2.2,1.6,중립,양봉,잔구간,0.8,0.53,2026-08-19
SPCG,1.8,18.58,3592379,1990005,66.75,61.42,1.1,-2.0,7.6,강한매수,장대양봉,완만한상승,0.66,3.09,2026-08-19
SHEN,1.8,12.15,588604,323514,7.15,4.94,1.4,0.1,-0.2,중립,팽이도지,잔구간,0.3,-0.12,2026-08-19
SKHX,1.8,12.84,5939370,3304925,76.26,45.51,1.7,9.5,-7.8,매도주의,장대음봉,완만한상승,0.1,-1.58,2026-08-19
WEST,1.8,8.55,518267,288911,4.43,3.54,1.3,2.4,1.4,매수관심,양봉,완만한상승,0.73,1.88,2026-08-19
IAG,1.8,19.72,9526107,5192838,187.85,116.93,1.6,6.3,2.0,강한매수,양봉,전고점돌파,0.57,2.28,2026-08-19
IMTX,1.8,9.25,593319,323445,5.49,4.44,1.2,2.1,-0.3,중립,망치형,잔구간,0.79,0.675,2026-08-19
ATAI,1.8,7.36,9140260,5099670,67.27,43.21,1.6,-0.1,1.1,강한매수,장대양봉,전고점돌파,0.9,3.98,2026-08-19
RMNI,1.8,5.06,586555,330579,2.97,1.9,1.6,0.2,0.8,중립,위꼬리양봉,잔구간,0.3,-0.62,2026-08-19
AIBZ,1.8,6.73,652502,369439,4.39,2.28,1.9,0.2,8.4,매수관심,양봉,완만한상승,0.82,1.98,2026-08-19
OPK,1.8,1.46,3365709,1837712,4.91,3.25,1.5,0.7,6.6,강한매수,장대양봉,전고점돌파,0.83,3.9,2026-08-19
VIR,1.7,9.77,2085738,1224793,20.38,13.19,1.5,3.9,-0.9,매수관심,팽이도지,전고점돌파,0.43,1.42,2026-08-19
VMET,1.7,10.51,419639,254198,4.41,2.42,1.8,4.5,0.7,강한매수,양봉스프링,완만한상승,0.8,2.76,2026-08-19
CRNC,1.7,8.12,1212390,730690,9.84,6.58,1.5,1.3,-5.4,강한매도,장대음봉,전저점이탈,0.09,-3.24,2026-08-19
NAK,1.7,1.68,4764402,2756332,8.0,5.23,1.5,1.9,5.0,매수관심,장대양봉,잔구간,0.89,1.235,2026-08-19
MICC,1.7,19.41,1030018,589148,19.99,13.86,1.4,3.2,-0.9,중립,음봉,완만한상승,0.22,-0.14,2026-08-19
SLDB,1.7,9.74,1243988,752111,12.12,7.06,1.7,3.7,3.4,강한매수,양봉,전고점돌파,0.78,2.54,2026-08-19
MBI,1.7,4.82,851255,508953,4.1,2.82,1.5,0.8,-3.8,매도주의,음봉,전저점이탈,0.24,-1.76,2026-08-19
ELPW,1.7,4.2,359221,210289,1.51,5.76,0.3,1.3,6.9,중립,양봉,잔구간,0.65,0.44,2026-08-19
DTIL,1.7,8.5,428436,247460,3.64,1.9,1.9,1.3,1.9,중립,위꼬리양봉,전고점돌파,0.29,0.25,2026-08-19
FLG,1.7,13.69,5942500,3496426,81.35,49.53,1.6,0.4,-1.4,매도주의,음봉,전저점이탈,0.39,-1.58,2026-08-19
ZGN,1.7,13.77,1495811,896698,20.6,11.43,1.8,0.4,1.8,매수관심,장대양봉,잔구간,0.92,1.25,2026-08-19
AES,1.7,14.7,6820690,4009697,100.26,89.78,1.1,0.3,-0.6,매도주의,장대음봉,잔구간,0.0,-1.3,2026-08-19
AQST,1.7,4.59,8415711,4903053,38.63,18.97,2.0,-0.2,6.5,강한매수,장대양봉,완만한상승,0.64,3.07,2026-08-19
IQ,1.7,1.13,11380764,6799401,12.86,7.41,1.7,-3.3,-5.0,강한매도,장대음봉,전저점이탈,0.3,-2.99,2026-08-19
ARTV,1.7,11.7,457997,269808,5.36,3.54,1.5,0.1,0.1,강한매수,양봉스프링,완만한상승,0.77,2.72,2026-08-19
VISN,1.7,11.2,11998195,7001057,134.38,119.08,1.1,0.1,-1.7,중립,음봉,잔구간,0.26,-0.495,2026-08-19
VIXY,1.7,18.31,3800202,2204310,69.58,41.24,1.7,-1.3,-1.7,강한매도,장대음봉,전저점이탈,0.14,-3.18,2026-08-19
GSM,1.7,4.05,2077061,1247512,8.41,9.21,0.9,-0.4,-2.3,매도주의,음봉,전저점이탈,0.28,-1.71,2026-08-19
DRVN,1.7,13.23,1272426,742278,16.83,11.57,1.5,0.5,2.1,매수관심,장대양봉,전고점부근,0.68,1.77,2026-08-19
MARA,1.7,9.65,67214656,38997686,648.62,399.03,1.6,-0.6,8.4,매수관심,장대양봉,잔구간,0.8,1.18,2026-08-19
RZLT,1.7,4.72,1220243,728875,5.76,4.66,1.2,2.4,-1.0,중립,팽이도지,완만한상승,0.32,0.68,2026-08-19
HAPN,1.7,18.56,1601654,922363,29.73,20.79,1.4,0.5,-0.6,중립,음봉,전저점부근,0.37,-0.11,2026-08-19
SVM,1.7,12.61,4396395,2597505,55.44,36.64,1.5,6.4,2.7,중립,양봉,잔구간,0.92,0.6,2026-08-19
GMRS,1.7,14.42,1540129,915338,22.21,13.52,1.6,-1.3,3.5,매수관심,양봉,완만한상승,0.69,1.83,2026-08-19
HUMA,1.7,0.735,21660153,12454920,15.92,6.77,2.4,3.1,22.5,매수관심,장대양봉,잔구간,0.9,1.24,2026-08-19
XGN,1.7,7.43,471184,270580,3.5,2.89,1.2,1.7,10.9,강한매수,장대양봉,전고점돌파,0.97,4.06,2026-08-19
OCC,1.7,14.36,407368,236690,5.85,3.78,1.5,0.1,-11.4,강한매도,장대음봉,전저점이탈,0.09,-3.24,2026-08-19
OBE,1.7,11.7,1053702,625746,12.33,7.6,1.6,1.2,-0.4,매도주의,위꼬리음봉,완만한상승,0.12,-1.06,2026-08-19
BBOT,1.7,9.6,414324,238693,3.98,2.13,1.9,2.3,4.8,매수관심,장대양봉,전고점부근,0.79,1.9,2026-08-19
PRQR,1.7,2.22,981950,592991,2.18,1.54,1.4,1.4,1.8,강한매수,양봉,전고점돌파,0.77,2.52,2026-08-19
LILAK,1.7,8.28,2018642,1188975,16.71,10.98,1.5,0.7,-1.0,중립,음봉,잔구간,0.41,-0.405,2026-08-19
PSEC,1.7,2.25,3953339,2337703,8.9,7.49,1.2,0.0,0.0,중립,위꼬리양봉,완만한상승,0.0,-0.7,2026-08-19
KORU,1.7,19.11,42012670,25215549,802.86,545.65,1.5,13.2,-5.4,매도주의,장대음봉,완만한상승,0.29,-1.35,2026-08-19
DEC,1.7,14.42,1380021,788985,19.9,12.55,1.6,0.0,0.1,중립,위꼬리양봉,완만한상승,0.18,-0.48,2026-08-19
MAKO,1.7,10.4,343504,201040,3.57,2.28,1.6,4.3,2.6,강한매수,양봉,전고점돌파,0.7,2.44,2026-08-19
IOVA,1.7,7.99,24248267,14134924,193.74,139.23,1.4,2.4,11.0,강한매수,장대양봉,전고점돌파,0.92,4.0,2026-08-19
MG,1.7,19.45,426331,256442,8.29,4.15,2.0,0.9,5.9,강한매수,장대양봉,완만한상승,0.93,3.42,2026-08-19
GGN,1.7,5.48,769210,447930,4.22,2.69,1.6,1.5,0.6,강한매수,양봉,전고점돌파,0.85,2.62,2026-08-19
BDTX,1.7,2.19,827216,481957,1.81,1.11,1.6,1.0,5.3,강한매수,장대양봉,전고점돌파,0.85,3.92,2026-08-19
WSE,1.7,12.51,1509839,900316,18.89,12.65,1.5,-0.2,-1.1,중립,음봉,잔구간,0.0,-0.65,2026-08-19
CWH,1.7,6.8,2266086,1354702,15.41,10.09,1.5,1.4,6.4,강한매수,장대양봉,전고점돌파,0.87,3.94,2026-08-19
NXH,1.6,4.27,2194182,1357331,9.37,5.79,1.6,0.0,0.2,중립,무참고,정보부족,,0.0,2026-08-19
LYG,1.6,5.94,14868305,9541847,88.32,74.81,1.2,0.2,-2.1,강한매도,장대음봉,전저점이탈,0.04,-3.3,2026-08-19
DSGN,1.6,15.94,706353,436272,11.26,6.75,1.7,1.5,2.8,강한매수,양봉,전고점돌파,0.78,2.54,2026-08-19
SSYS,1.6,8.6,1456192,937155,12.52,5.71,2.2,1.2,-1.1,매수관심,망치형,완만한상승,0.52,1.92,2026-08-19
DXD,1.6,16.54,1424473,898153,23.56,17.34,1.4,-0.8,0.2,중립,팽이도지,잔구간,0.72,0.13,2026-08-19
PGEN,1.6,7.16,8152571,5204538,58.37,46.06,1.3,3.3,2.7,중립,양봉,잔구간,0.88,0.58,2026-08-19
MNSO,1.6,11.12,992862,622065,11.04,7.86,1.4,1.2,2.9,매수관심,장대양봉,잔구간,0.91,1.245,2026-08-19
INVZ,1.6,0.346,5272948,3294098,1.82,1.92,0.9,-1.0,-3.0,매도주의,음봉,전저점이탈,0.58,-1.35,2026-08-19
CYH,1.6,2.92,1564010,971591,4.57,3.23,1.4,0.3,-2.3,중립,음봉,잔구간,0.0,-0.65,2026-08-19
AMTX,1.6,1.86,858212,545663,1.6,1.48,1.1,0.5,-0.5,매수관심,팽이도지,완만한상승,0.44,0.83,2026-08-19
UAMY,1.6,5.73,9663487,6151607,55.37,46.87,1.2,7.3,2.7,강한매수,양봉,완만한상승,0.86,2.03,2026-08-19
UMC,1.6,18.12,12432541,7827533,225.28,206.32,1.1,1.7,-3.6,매도주의,장대음봉,전저점부근,0.15,-1.67,2026-08-19
CDXS,1.6,1.6,1984388,1222307,3.18,1.83,1.7,0.7,6.0,강한매수,장대양봉,완만한상승,0.64,3.07,2026-08-19
OCSL,1.6,13.08,811243,512564,10.61,9.03,1.2,0.7,0.4,중립,위꼬리양봉,완만한상승,0.39,-0.23,2026-08-19
URG,1.6,1.4,6663700,4263153,9.33,6.97,1.3,0.7,3.7,매수관심,장대양봉,잔구간,0.83,1.2,2026-08-19
OFRM,1.6,17.91,512907,318690,9.19,8.62,1.1,0.2,0.5,매수관심,팽이도지,완만한상승,0.54,0.95,2026-08-19
SOUN,1.6,7.16,36261678,22038153,259.63,264.56,1.0,-0.4,2.9,중립,양봉,잔구간,0.79,0.525,2026-08-19
SXC,1.6,9.46,1662661,1060919,15.73,13.37,1.2,1.2,2.3,강한매수,장대양봉,완만한상승,0.83,3.3,2026-08-19
COIW,1.6,8.1,307743,194497,2.49,1.52,1.6,1.2,9.9,강한매수,장대양봉,전고점돌파,0.69,3.73,2026-08-19
VNET,1.6,6.8,5059064,3200326,34.4,34.06,1.0,3.7,-0.4,매수관심,팽이도지,완만한상승,0.52,0.92,2026-08-19
GTE,1.6,9.81,1231572,765457,12.08,30.1,0.4,-0.2,3.5,강한매수,장대양봉,전고점돌파,0.69,3.73,2026-08-19
IAUX,1.6,1.73,16487803,10360977,28.52,20.59,1.4,6.3,3.0,중립,양봉,잔구간,0.78,0.52,2026-08-19
XHR,1.6,19.42,755708,484094,14.68,11.61,1.3,1.2,-0.4,매도주의,음봉,전고점부근,0.21,-1.5,2026-08-19
CLSX,1.6,11.26,572035,358252,6.44,4.02,1.6,-2.1,1.4,중립,팽이도지,수횡파,0.57,0.68,2026-08-19
TCPC,1.6,4.09,1081518,660248,4.42,4.2,1.1,2.5,-2.2,매도주의,장대음봉,완만한상승,0.0,-1.7,2026-08-19
ADMA,1.6,10.05,2688986,1708236,27.02,25.55,1.1,2.3,3.0,매수관심,장대양봉,전고점부근,0.83,1.95,2026-08-19
HSAI,1.6,17.77,1931722,1199288,34.33,28.25,1.2,3.4,0.4,매수관심,양봉스프링,잔구간,0.81,0.935,2026-08-19
CHMI,1.6,2.92,606469,376099,1.77,2.67,0.7,0.0,0.3,중립,위꼬리양봉,완만한상승,0.21,-0.45,2026-08-19
CGC,1.6,1.04,7321614,4676341,7.61,3.93,1.9,0.0,5.1,강한매수,장대양봉,완만한상승,0.84,3.31,2026-08-19
CDZI,1.6,3.42,806532,513021,2.76,1.89,1.5,0.0,5.9,강한매수,장대양봉,완만한상승,0.9,3.38,2026-08-19
YMAX,1.6,7.56,1104632,712561,8.35,6.83,1.2,0.1,-0.5,매도주의,음봉,전저점이탈,0.28,-1.71,2026-08-19
HAFN,1.6,7.91,1597772,993474,12.64,7.11,1.8,3.9,-2.1,강한매도,장대음봉,전고점부근,0.18,-3.83,2026-08-19
CBRX,1.6,12.7,716285,461249,9.1,5.53,1.6,-2.9,-1.4,강한매수,망치형,전저점부근,0.85,3.17,2026-08-19
CRBU,1.6,1.64,1569682,973675,2.57,1.51,1.7,2.6,2.5,중립,양봉,잔구간,0.75,0.5,2026-08-19
NOWL,1.6,6.68,14907946,9314207,99.59,73.0,1.4,-1.5,14.4,강한매수,장대양봉,완만한상승,0.76,3.21,2026-08-19
NIO,1.6,4.58,34791319,21360124,159.34,122.72,1.3,0.0,1.1,중립,양봉,잔구간,0.83,0.55,2026-08-19
BTCZ,1.6,4.72,14510844,9081456,68.49,49.65,1.4,-1.3,-10.8,강한매도,장대음봉,전저점이탈,0.25,-3.05,2026-08-19
NEO,1.6,16.655,1561878,1001845,26.01,25.52,1.0,1.9,2.8,매수관심,장대양봉,잔구간,0.93,1.26,2026-08-19
NEWT,1.6,12.6,311504,193338,3.92,3.46,1.1,0.9,-2.3,강한매도,장대음봉,전저점이탈,0.24,-3.06,2026-08-19
GOOS,1.6,8.77,865284,554078,7.59,6.61,1.1,0.8,2.2,강한매수,장대양봉,완만한상승,0.96,3.45,2026-08-19
TSHA,1.6,6.43,4280345,2617937,27.52,16.76,1.6,3.4,0.5,중립,팽이도지,잔구간,0.61,0.065,2026-08-19
FSM,1.6,11.63,7346444,4697694,85.44,62.88,1.4,6.6,4.4,강한매수,장대양봉,전고점돌파,0.85,3.92,2026-08-19
RCEL,1.6,10.34,789203,498236,8.16,9.9,0.8,-0.2,5.2,강한매수,양봉,전고점돌파,0.94,2.73,2026-08-19
ENGN,1.6,1.85,1263362,805331,2.34,1.24,1.9,0.6,6.9,강한매수,장대양봉,전고점돌파,0.73,3.78,2026-08-19
ARHS,1.6,9.83,1949097,1231275,19.16,18.41,1.0,-1.2,-0.8,매도주의,위꼬리음봉,잔구간,0.09,-0.995,2026-08-19
JANX,1.6,17.52,914233,580521,16.02,10.03,1.6,1.5,1.8,강한매수,양봉,전고점돌파,0.74,2.49,2026-08-19
GAU,1.6,2.21,4676896,2938102,10.34,6.23,1.7,4.9,3.8,강한매수,양봉,전고점돌파,0.74,2.49,2026-08-19
GDYN,1.6,7.98,2176123,1349461,17.37,13.94,1.2,0.0,4.0,강한매수,장대양봉,완만한상승,0.68,3.12,2026-08-19
SBSW,1.6,11.59,6349239,4027119,73.59,52.46,1.4,6.8,2.7,강한매수,장대양봉,전고점돌파,0.86,3.93,2026-08-19
SKHU,1.6,16.88,1298680,824720,21.92,16.85,1.3,9.0,-7.6,매도주의,장대음봉,완만한상승,0.09,-1.59,2026-08-19
VYGR,1.6,3.41,638548,387042,2.18,1.41,1.5,0.9,2.4,강한매수,양봉,전고점돌파,0.59,2.31,2026-08-19
ARIS,1.6,19.61,1866791,1168090,36.61,27.91,1.3,6.9,4.3,강한매수,장대양봉,전고점돌파,0.77,3.82,2026-08-19
SPDN,1.6,8.49,32388897,19945899,274.98,249.05,1.1,-0.4,0.2,중립,양봉,잔구간,0.8,0.53,2026-08-19
PDM,1.5,9.58,1463742,990439,14.02,8.86,1.6,0.4,1.5,매수관심,양봉,완만한상승,0.78,1.94,2026-08-19
NBIG,1.5,17.34,4903916,3245333,85.03,62.84,1.4,-13.0,-8.3,중립,음봉,잔구간,0.44,-0.385,2026-08-19
COMP,1.5,12.8,11697510,7648572,149.73,145.66,1.0,1.7,2.3,매수관심,양봉,완만한상승,0.77,1.92,2026-08-19
GEMI,1.5,3.93,3076408,1991626,12.09,6.9,1.8,0.3,10.7,매수관심,장대양봉,잔구간,0.84,1.205,2026-08-19
BTG,1.5,5.27,26545607,17800438,139.9,145.8,1.0,5.4,0.4,중립,위꼬리양봉,전고점돌파,0.29,0.25,2026-08-19
GROY,1.5,3.35,3434842,2220578,11.51,8.06,1.4,4.2,2.8,강한매수,양봉,전고점돌파,0.72,2.46,2026-08-19
RIVN,1.5,15.73,23916723,16322978,376.21,300.12,1.3,1.6,4.7,매수관심,장대양봉,잔구간,0.99,1.295,2026-08-19
RIV,1.5,11.02,416911,280987,4.59,2.19,2.1,0.6,-0.1,중립,팽이도지,잔구간,0.62,0.07,2026-08-19
NEXA,1.5,14.17,675745,438352,9.58,8.55,1.1,5.1,-0.1,매도주의,위꼬리음봉,잔구간,0.13,-0.97,2026-08-19
CRML,1.5,6.17,7264799,4756705,44.82,37.34,1.2,2.1,-1.8,중립,음봉,잔구간,0.39,-0.415,2026-08-19
SVOL,1.5,16.37,323711,211400,5.3,3.81,1.4,0.0,-0.2,중립,음봉,잔구간,0.36,-0.435,2026-08-19
TRVI,1.5,18.81,1977445,1355975,37.2,28.08,1.3,2.4,-2.5,매도주의,장대음봉,잔구간,0.39,-1.065,2026-08-19
CHA,1.5,10.37,805307,522580,8.35,5.57,1.5,0.0,3.2,매수관심,장대양봉,전고점부근,0.66,1.74,2026-08-19
CATX,1.5,3.48,1751656,1177081,6.1,3.55,1.7,3.1,5.1,강한매수,장대양봉,전고점돌파,0.9,3.98,2026-08-19
AVD,1.5,2.35,548324,373538,1.29,0.97,1.3,5.5,2.6,중립,양봉,잔구간,0.52,0.36,2026-08-19
AUR,1.5,6.195,36302422,23914334,224.89,185.43,1.2,0.7,0.1,중립,팽이도지,잔구간,0.44,-0.035,2026-08-19
ABAT,1.5,2.4,3448771,2358672,8.28,7.01,1.2,1.3,0.8,매수관심,양봉스프링,잔구간,0.8,0.93,2026-08-19
AAOG,1.5,3.43,4949525,3199986,16.98,16.87,1.0,6.0,-19.1,강한매도,장대음봉,전저점이탈,0.05,-3.29,2026-08-19
AAOZ,1.5,11.26,5390502,3650129,60.7,51.26,1.2,-6.9,22.4,매수관심,장대양봉,잔구간,0.96,1.275,2026-08-19
CAG,1.5,16.22,13306658,8699161,215.83,144.36,1.5,0.3,4.2,강한매수,장대양봉,전고점돌파,0.77,3.82,2026-08-19
HBAN,1.5,17.17,24160968,15798612,414.84,388.47,1.1,1.5,-4.2,강한매도,장대음봉,전저점이탈,0.06,-3.28,2026-08-19
NWBI,1.5,15.27,921449,614954,14.07,11.99,1.2,0.1,-2.4,강한매도,장대음봉,전저점이탈,0.07,-3.27,2026-08-19
RMIX,1.5,18.33,485442,320753,8.9,5.62,1.6,-0.2,4.7,매수관심,장대양봉,잔구간,0.87,1.22,2026-08-19
IBTK,1.5,19.439,316522,209775,6.15,5.98,1.0,0.1,-0.1,중립,음봉,완만한상승,0.63,0.36,2026-08-19
IBIO,1.5,1.49,839378,555928,1.25,1.01,1.2,1.4,1.4,강한매수,양봉스프링,완만한상승,0.88,2.86,2026-08-19
SAFE,1.5,15.2,343426,234365,5.22,4.06,1.3,1.0,1.7,매수관심,장대양봉,잔구간,0.96,1.275,2026-08-19
IMMX,1.5,13.19,1975395,1324084,26.06,15.2,1.7,1.5,10.0,강한매수,장대양봉,전고점돌파,1.0,4.1,2026-08-19
CMPX,1.5,2.48,3903263,2651777,9.68,8.8,1.1,1.3,2.5,강한매수,양봉,전고점돌파,0.64,2.37,2026-08-19
ALXO,1.5,2.06,1221858,800012,2.52,3.36,0.8,1.0,-1.9,중립,음봉,잔구간,0.32,-0.46,2026-08-19
VLY,1.5,14.44,6608707,4542629,95.43,77.93,1.2,0.3,-3.2,매도주의,장대음봉,전저점부근,0.19,-1.62,2026-08-19
CPNG,1.5,16.66,19967466,13715174,332.66,314.13,1.1,1.0,5.8,매수관심,장대양봉,잔구간,0.94,1.265,2026-08-19
F,1.5,14.5,50810296,33935329,736.75,535.85,1.4,0.9,3.2,강한매수,장대양봉,전고점돌파,1.0,4.1,2026-08-19
EH,1.5,5.76,589901,396024,3.4,2.69,1.3,0.5,1.1,매수관심,양봉,완만한상승,0.77,1.92,2026-08-19
ELDN,1.5,3.55,1106113,760181,3.93,3.02,1.3,0.8,-2.7,중립,음봉,잔구간,0.11,-0.585,2026-08-19
DX,1.5,13.33,7018683,4560617,93.56,60.74,1.5,0.5,0.6,강한매수,양봉,전고점돌파,0.58,2.3,2026-08-19
DOMO,1.5,3.74,836304,564650,3.13,2.8,1.1,0.5,-0.8,중립,팽이도지,잔구간,0.38,-0.07,2026-08-19
BAK,1.5,2.01,2986337,2041794,6.0,3.89,1.5,0.0,2.0,중립,위꼬리양봉,잔구간,0.17,-0.7,2026-08-19
MQY,1.5,11.2,611117,405787,6.84,4.7,1.5,0.5,-0.1,중립,팽이도지,잔구간,0.56,0.035,2026-08-19
BEKE,1.5,17.38,3954736,2574581,68.73,42.14,1.6,2.4,0.6,강한매수,양봉,완만한상승,0.9,2.08,2026-08-19
MOMO,1.5,5.745,690712,465775,3.97,2.61,1.5,0.7,-0.9,매도주의,장대음봉,잔구간,0.31,-1.115,2026-08-19
MCHB,1.5,16.7,589434,401032,9.84,7.17,1.4,0.2,-0.6,중립,망치형,잔구간,0.66,0.595,2026-08-19
SG,1.5,6.42,8357997,5526265,53.66,42.7,1.3,2.2,7.9,강한매수,장대양봉,전고점돌파,0.67,3.7,2026-08-19
IREZ,1.5,10.74,2147778,1477781,23.07,17.94,1.3,2.9,-6.3,중립,음봉,잔구간,0.17,-0.55,2026-08-19
LILA,1.5,8.34,665557,433932,5.55,4.54,1.2,0.6,-1.1,매도주의,장대음봉,잔구간,0.33,-1.1,2026-08-19
EQX,1.5,12.66,16237045,10749584,205.56,190.45,1.1,5.9,4.4,강한매수,장대양봉,전고점돌파,0.93,4.02,2026-08-19
SMPL,1.5,11.45,2740734,1879664,31.38,20.03,1.6,0.7,3.6,강한매수,장대양봉,전고점돌파,0.73,3.78,2026-08-19
KEEL,1.5,3.25,61937000,42505572,201.3,131.58,1.5,2.5,0.3,매수관심,팽이도지,완만한상승,0.62,1.04,2026-08-19
LEG,1.5,9.68,2235770,1476122,21.64,15.88,1.4,1.9,1.5,매수관심,장대양봉,잔구간,0.73,1.14,2026-08-19
SIGA,1.5,3.11,898452,585248,2.79,1.82,1.5,0.0,4.0,강한매수,장대양봉,전고점돌파,0.93,4.02,2026-08-19
LTRX,1.5,6.01,946548,648035,5.69,4.19,1.4,1.8,-5.9,매도주의,장대음봉,잔구간,0.02,-1.29,2026-08-19
LI,1.5,12.71,3564011,2401325,45.3,29.86,1.5,1.9,2.9,매수관심,장대양봉,잔구간,0.81,1.185,2026-08-19
FHTX,1.5,7.06,335842,225199,2.37,1.58,1.5,2.8,1.7,강한매수,양봉,전고점돌파,0.72,2.46,2026-08-19
ZVRA,1.5,12.13,1117955,766025,13.56,11.48,1.2,1.8,3.0,강한매수,장대양봉,전고점돌파,0.96,4.05,2026-08-19
ADBG,1.5,5.0,3497143,2293290,17.49,14.56,1.2,-0.4,7.8,매수관심,장대양봉,잔구간,0.78,1.17,2026-08-19
QUCY,1.5,1.44,1003242,667138,1.44,1.11,1.3,2.1,-1.4,매도주의,위꼬리음봉,잔구간,0.05,-1.02,2026-08-19
LAB,1.5,0.672,1886584,1300588,1.27,0.9,1.4,3.1,-1.6,매도주의,위꼬리음봉,잔구간,0.15,-0.96,2026-08-19
TRC,1.5,16.53,304538,208219,5.03,3.08,1.6,0.3,0.6,중립,위꼬리양봉,완만한상승,0.4,-0.22,2026-08-19
OGN,1.5,13.73,3314288,2237960,45.51,35.2,1.3,0.2,0.1,강한매수,양봉,전고점돌파,0.8,2.56,2026-08-19
OLMA,1.5,11.31,1757970,1157595,19.88,12.07,1.6,2.3,3.8,강한매수,장대양봉,완만한상승,0.92,3.4,2026-08-19
AEG,1.5,9.28,4969683,3344810,46.12,39.27,1.2,-0.2,-1.2,강한매도,장대음봉,전저점이탈,0.07,-3.27,2026-08-19
AEHG,1.4,11.63,855555,632478,9.95,8.25,1.2,-0.1,-25.0,매도주의,장대음봉,전저점부근,0.04,-1.8,2026-08-19
TNXP,1.4,12.73,598844,428767,7.62,5.96,1.3,0.1,0.5,중립,위꼬리양봉,완만한상승,0.19,-0.47,2026-08-19
USAS,1.4,5.39,6384422,4530518,34.41,25.12,1.4,6.1,2.7,강한매수,양봉,전고점돌파,0.7,2.44,2026-08-19
FFAI,1.4,3.23,959391,705604,3.1,4.3,0.7,5.7,-7.7,매도주의,장대음봉,전저점부근,0.14,-1.68,2026-08-19
ABOS,1.4,3.15,617831,431078,1.95,0.85,2.3,1.8,12.9,강한매수,장대양봉,전고점돌파,0.95,4.04,2026-08-19
WEN,1.4,8.93,10327299,7542439,92.22,110.62,0.8,0.9,4.8,강한매수,장대양봉,전고점돌파,0.87,3.94,2026-08-19
PTIR,1.4,19.09,4191425,2948891,80.01,77.61,1.0,1.1,3.1,매수관심,양봉,수횡파,0.78,1.64,2026-08-19
PROK,1.4,1.48,1768326,1229661,2.62,1.84,1.4,2.9,4.2,중립,양봉,잔구간,0.83,0.55,2026-08-19
SNDQ,1.4,15.46,64352373,46109942,994.89,564.65,1.8,-7.2,15.5,매수관심,장대양봉,잔구간,0.84,1.205,2026-08-19
SNDL,1.4,1.31,1915069,1322627,2.51,1.98,1.3,0.0,6.5,강한매수,장대양봉,전고점돌파,0.89,3.97,2026-08-19
ARDT,1.4,10.62,369620,262547,3.93,4.71,0.8,0.8,-3.6,강한매도,음봉,전저점이탈,0.01,-2.04,2026-08-19
AQN,1.4,5.82,4316148,3156352,25.12,21.48,1.2,0.5,0.0,매수관심,팽이도지,완만한상승,0.43,0.82,2026-08-19
LCID,1.4,5.92,8536459,6104393,50.54,55.15,0.9,1.9,0.7,매수관심,양봉스프링,잔구간,0.94,1.015,2026-08-19
EVV,1.4,9.1,525063,379274,4.78,4.07,1.2,0.0,-0.3,중립,음봉,잔구간,0.38,-0.42,2026-08-19
MYGN,1.4,3.19,2194148,1520323,7.0,5.74,1.2,2.8,8.1,매수관심,장대양봉,잔구간,0.96,1.275,2026-08-19
BLCO,1.4,17.45,537946,397612,9.39,5.39,1.7,1.3,1.1,매수관심,양봉,완만한상승,0.37,1.44,2026-08-19
CMBT,1.4,17.86,1108102,771717,19.79,16.65,1.2,1.9,0.2,매수관심,팽이도지,전고점돌파,0.48,1.48,2026-08-19
TAK,1.4,18.34,3309734,2402307,60.7,57.82,1.0,0.9,0.7,강한매수,양봉,전고점돌파,0.44,2.13,2026-08-19
NKTX,1.4,2.54,569934,395076,1.45,1.2,1.2,2.5,2.8,강한매수,양봉,전고점돌파,0.56,2.27,2026-08-19
OXLC,1.4,9.3,1656111,1149857,15.4,9.52,1.6,1.0,-0.6,중립,음봉,완만한상승,0.3,-0.04,2026-08-19
THM,1.4,2.83,1318781,952323,3.73,3.77,1.0,5.1,6.0,강한매수,장대양봉,완만한상승,0.88,3.36,2026-08-19
CLPT,1.4,15.96,516782,366487,8.25,6.93,1.2,1.4,3.6,강한매수,장대양봉,전고점돌파,0.82,3.88,2026-08-19
NWG,1.4,18.41,3224826,2284802,59.37,51.35,1.2,0.3,-2.0,강한매도,장대음봉,전저점이탈,0.0,-3.35,2026-08-19
RDY,1.4,12.11,3263319,2317361,39.52,29.86,1.3,0.2,-0.5,중립,음봉,잔구간,0.53,-0.33,2026-08-19
FWDI,1.4,4.94,1625330,1128352,8.03,3.86,2.1,1.1,7.6,강한매수,장대양봉,전고점돌파,0.7,3.74,2026-08-19
BOIL,1.4,19.19,5796099,4151544,111.23,87.89,1.3,3.2,-5.2,매도주의,장대음봉,잔구간,0.01,-1.295,2026-08-19
EC,1.4,17.89,1881909,1330775,33.67,31.91,1.1,0.8,0.4,중립,위꼬리양봉,전고점돌파,0.19,0.13,2026-08-19
INFY,1.4,12.03,21522341,15486879,258.91,215.54,1.2,-0.8,2.6,매수관심,양봉,완만한상승,0.61,1.73,2026-08-19
SGHT,1.4,8.47,465131,326741,3.94,3.13,1.3,2.7,0.4,중립,위꼬리양봉,완만한상승,0.26,-0.39,2026-08-19
IRD,1.4,4.07,731999,525877,2.98,2.37,1.3,1.9,8.2,강한매수,장대양봉,전고점돌파,0.97,4.06,2026-08-19
MGTX,1.4,14.97,1096994,785649,16.42,6.94,2.4,2.9,4.8,강한매수,장대양봉,전고점돌파,0.92,4.0,2026-08-19
MNKD,1.4,4.395,5435477,3909946,23.89,19.26,1.2,0.7,7.2,강한매수,장대양봉,전고점돌파,0.98,4.08,2026-08-19
DNUT,1.4,3.5,4462932,3080616,15.62,12.31,1.3,1.5,6.4,강한매수,장대양봉,완만한상승,0.74,3.19,2026-08-19
DRTS,1.4,14.47,651995,472958,9.43,7.0,1.3,1.8,-0.3,매수관심,팽이도지,완만한상승,0.57,0.98,2026-08-19
INMD,1.4,15.04,491748,356920,7.4,6.4,1.2,0.2,0.1,중립,팽이도지,잔구간,0.51,0.005,2026-08-19
SSL,1.4,12.1,1322043,940917,16.0,12.14,1.3,1.8,0.3,강한매도,위꼬리양봉,전고점부근,0.23,-2.77,2026-08-19
INV,1.4,1.54,9074202,6341925,13.97,12.56,1.1,4.9,10.8,중립,양봉,잔구간,0.92,0.6,2026-08-19
INTR,1.4,5.32,6533636,4642089,34.76,39.63,0.9,2.6,1.9,매수관심,양봉,수횡파,0.51,1.31,2026-08-19
AXTX,1.4,9.17,15767329,11165780,144.59,153.51,0.9,5.2,-25.2,강한매도,장대음봉,전저점이탈,0.05,-3.29,2026-08-19
GLUE,1.4,15.77,1070233,742670,16.88,14.93,1.1,3.7,1.2,중립,팽이도지,잔구간,0.49,-0.005,2026-08-19
RGNX,1.4,12.02,1146910,841461,13.79,11.59,1.2,3.9,4.5,강한매수,장대양봉,전고점돌파,0.96,4.05,2026-08-19
VLRS,1.4,7.14,702564,487366,5.02,4.28,1.2,1.0,-3.8,강한매도,장대음봉,전저점이탈,0.17,-3.15,2026-08-19
WFF,1.4,2.2,1957683,1427310,4.31,31.69,0.1,-7.2,6.8,중립,양봉,잔구간,0.69,0.465,2026-08-19
MTA,1.4,10.89,1089001,787785,11.86,5.71,2.1,3.7,7.5,강한매수,장대양봉,전고점돌파,0.85,3.92,2026-08-19
PFXF,1.4,17.98,746025,528663,13.41,13.16,1.0,0.3,-0.3,중립,음봉,잔구간,0.47,-0.37,2026-08-19
TSL,1.4,13.162,508387,374033,6.69,5.2,1.3,0.6,4.8,강한매수,장대양봉,전고점부근,0.98,2.13,2026-08-19
WLTH,1.4,9.08,1132813,818607,10.29,8.89,1.2,0.8,0.6,매수관심,팽이도지,완만한상승,0.58,1.0,2026-08-19
ALLO,1.4,2.23,6714917,4640923,14.97,9.48,1.6,2.5,7.2,강한매수,장대양봉,전고점돌파,1.0,4.1,2026-08-19
CRVO,1.4,2.71,531660,383713,1.44,1.18,1.2,2.3,1.5,중립,위꼬리양봉,잔구간,0.36,-0.585,2026-08-19
CRCT,1.4,5.43,1053375,754342,5.72,7.17,0.8,0.5,-1.5,중립,음봉,전저점부근,0.07,-0.47,2026-08-19
MYO,1.4,1.86,1084962,783062,2.02,1.45,1.4,2.4,8.1,강한매수,장대양봉,전고점돌파,0.87,3.94,2026-08-19
COLD,1.4,15.08,3841202,2764814,57.93,53.49,1.1,2.6,-1.0,중립,음봉,완만한상승,0.41,0.09,2026-08-19
GOGO,1.4,2.66,2473651,1726779,6.58,6.44,1.0,0.0,1.5,중립,위꼬리양봉,잔구간,0.45,-0.53,2026-08-19
MVIS,1.4,1.77,2993182,2082624,5.3,7.96,0.7,0.8,-2.2,중립,음봉,전저점부근,0.56,0.12,2026-08-19
HYT,1.4,8.33,1039542,745769,8.66,7.11,1.2,0.2,-0.2,중립,음봉,잔구간,0.5,-0.35,2026-08-19
CADL,1.4,13.5,2376815,1724116,32.09,14.61,2.2,3.1,8.7,강한매수,장대양봉,전고점돌파,0.79,3.85,2026-08-19
HOPE,1.4,13.97,1203911,837483,16.82,13.21,1.3,0.4,-2.2,매도주의,장대음봉,잔구간,0.14,-1.215,2026-08-19
CCOI,1.4,10.365,2375578,1747052,24.62,23.69,1.0,-5.3,8.1,강한매수,양봉,완만한상승,1.0,2.2,2026-08-19
IDN,1.4,3.06,1093633,809301,3.35,2.19,1.5,5.7,-2.5,매도주의,위꼬리음봉,완만한상승,0.11,-1.07,2026-08-19
BZ,1.4,16.08,6520434,4563671,104.85,61.75,1.7,0.0,1.8,강한매수,양봉,완만한상승,0.91,2.09,2026-08-19
AVIR,1.4,5.59,339749,241795,1.9,1.34,1.4,2.1,3.7,강한매수,장대양봉,전고점돌파,0.92,4.0,2026-08-19
AESI,1.3,13.03,3411074,2601520,44.45,33.48,1.3,1.7,1.2,매수관심,양봉스프링,전고점부근,0.81,1.42,2026-08-19
RAM,1.3,12.07,24581979,18471969,296.7,179.07,1.7,6.4,-6.0,매도주의,장대음봉,완만한상승,0.31,-1.33,2026-08-19
KD,1.3,12.38,4608589,3630309,57.05,59.43,1.0,1.4,-1.0,매도주의,위꼬리음봉,잔구간,0.05,-1.02,2026-08-19
ACH,1.3,1.32,3866625,2909953,5.1,4.12,1.2,-0.9,17.9,매수관심,장대양봉,잔구간,1.0,1.3,2026-08-19
QSI,1.3,0.77,2863169,2243017,2.2,2.16,1.0,-1.2,7.1,강한매수,장대양봉,완만한상승,0.78,3.24,2026-08-19
OGG,1.3,2.9,1461277,1148767,4.24,5.0,0.8,6.3,1.0,중립,위꼬리양봉,잔구간,0.44,-0.535,2026-08-19
AGNC,1.3,11.08,17359460,13149999,192.34,159.13,1.2,0.7,0.7,중립,양봉,전고점부근,0.69,0.48,2026-08-19
TLSA,1.3,1.07,2092125,1571473,2.24,1.38,1.6,0.0,-4.5,중립,음봉,잔구간,0.34,-0.445,2026-08-19
TMC,1.3,3.97,7232421,5416129,28.71,26.34,1.1,0.3,1.0,매수관심,양봉스프링,잔구간,0.95,1.02,2026-08-19
JPC,1.3,7.59,1465650,1104506,11.12,7.99,1.4,0.0,-0.7,매도주의,음봉,전저점이탈,0.21,-1.8,2026-08-19
JOBY,1.3,7.72,31841198,25075827,245.81,266.08,0.9,0.7,0.3,매수관심,양봉스프링,잔구간,0.9,0.99,2026-08-19
EOLS,1.3,8.6,964004,744407,8.29,10.5,0.8,0.5,4.6,강한매수,장대양봉,전고점돌파,0.81,3.87,2026-08-19
ENVX,1.3,3.4,12911995,9866001,43.9,42.74,1.0,2.4,5.9,매수관심,장대양봉,잔구간,0.8,1.18,2026-08-19
EXK,1.3,10.99,9963275,7641281,109.5,83.38,1.3,7.1,6.2,강한매수,장대양봉,전고점부근,0.99,2.14,2026-08-19
ENIC,1.3,4.52,505481,388193,2.28,2.07,1.1,0.7,-0.7,매도주의,위꼬리음봉,완만한상승,0.15,-1.02,2026-08-19
PZG,1.3,1.57,676490,510717,1.06,0.96,1.1,4.2,4.7,매수관심,장대양봉,잔구간,1.0,1.3,2026-08-19
USDE,1.3,3.09,541197,420990,1.67,1.15,1.5,-2.2,13.2,강한매수,장대양봉,완만한상승,0.89,3.37,2026-08-19
AMC,1.3,2.52,19228747,14725865,48.46,43.43,1.1,0.4,5.4,중립,양봉,잔구간,0.68,0.46,2026-08-19
GLAS,1.3,9.7,356718,283719,3.46,3.45,1.0,1.0,2.6,중립,양봉,잔구간,0.58,0.4,2026-08-19
GGT,1.3,4.12,369189,290093,1.52,1.12,1.4,0.2,-0.2,중립,음봉,잔구간,0.0,-0.65,2026-08-19
SSG,1.3,12.53,649461,504501,8.14,5.96,1.4,-1.3,5.3,강한매수,장대양봉,전고점돌파,0.77,3.82,2026-08-19
DRH,1.3,12.72,2317816,1844097,29.48,27.15,1.1,3.3,-1.4,매수관심,음봉,전고점돌파,0.56,0.87,2026-08-19
IREG,1.3,9.03,928981,730878,8.39,7.15,1.2,-3.1,7.2,강한매수,양봉,완만한상승,0.85,2.02,2026-08-19
IRE,1.3,11.17,8473871,6599668,94.65,77.03,1.2,-2.8,7.3,강한매수,양봉,완만한상승,0.84,2.01,2026-08-19
UVXY,1.3,19.59,8649599,6636385,169.45,130.86,1.3,-2.1,-2.4,강한매도,장대음봉,전저점이탈,0.15,-3.17,2026-08-19
MBLY,1.3,9.1,4723143,3759347,42.98,33.43,1.3,1.9,0.7,강한매수,양봉스프링,완만한상승,0.78,2.74,2026-08-19
IREX,1.3,15.96,1595837,1268774,25.47,22.3,1.1,-2.8,6.7,강한매수,양봉,완만한상승,0.83,2.0,2026-08-19
PLTK,1.3,2.35,2700879,2147351,6.35,6.55,1.0,0.9,4.4,매수관심,장대양봉,잔구간,0.68,1.11,2026-08-19
METD,1.3,17.5,461508,353902,8.08,5.74,1.4,0.7,-1.1,중립,음봉,잔구간,0.47,-0.37,2026-08-19
LU,1.3,1.45,1293288,1028746,1.88,1.96,1.0,-2.0,-3.3,중립,음봉,잔구간,0.31,-0.465,2026-08-19
BLOX,1.3,12.95,414362,320652,5.37,4.62,1.2,-0.1,2.4,매수관심,양봉,완만한상승,0.67,1.8,2026-08-19
TV,1.3,2.72,660978,514326,1.8,1.77,1.0,2.7,-3.0,강한매도,장대음봉,전저점이탈,0.18,-3.13,2026-08-19
LYFT,1.3,17.43,12410852,9418220,216.32,211.37,1.0,-0.3,3.3,매수관심,양봉,완만한상승,0.62,1.74,2026-08-19
PRTH,1.3,5.63,674714,534685,3.8,3.92,1.0,0.4,0.0,중립,팽이도지,잔구간,0.4,-0.06,2026-08-19
SKHL,1.3,8.35,2761646,2174440,23.06,19.69,1.2,8.9,-6.7,매도주의,장대음봉,완만한상승,0.17,-1.5,2026-08-19
FPI,1.3,10.01,437050,338469,4.37,4.35,1.0,0.7,0.0,중립,팽이도지,전고점부근,0.75,-0.15,2026-08-19
FMC,1.3,10.81,3499063,2646996,37.82,28.23,1.3,1.7,5.1,강한매수,장대양봉,전고점돌파,0.64,3.67,2026-08-19
EOSE,1.3,3.74,27179332,20448508,101.65,91.72,1.1,-0.3,2.2,매수관심,양봉스프링,잔구간,0.94,1.015,2026-08-19
VVR,1.3,2.94,660275,507972,1.94,1.76,1.1,0.7,-0.3,중립,음봉,완만한상승,0.5,0.2,2026-08-19
ERAS,1.3,18.07,3311943,2535452,59.85,50.92,1.2,3.7,-3.7,매도주의,장대음봉,잔구간,0.34,-1.095,2026-08-19
LSPD,1.3,10.41,801299,621100,8.34,6.81,1.2,-0.1,0.9,중립,위꼬리양봉,잔구간,0.29,-0.625,2026-08-19
BIT,1.3,12.04,577691,445958,6.96,4.63,1.5,0.2,-0.2,중립,음봉,잔구간,0.4,-0.41,2026-08-19
LPL,1.3,3.37,3019354,2414843,10.18,9.53,1.1,2.7,-0.6,중립,팽이도지,완만한상승,0.41,0.79,2026-08-19
FSK,1.3,12.06,2188517,1741500,26.39,31.53,0.8,0.8,0.5,중립,양봉,잔구간,0.66,0.445,2026-08-19
ANVS,1.3,1.85,746906,582137,1.38,1.09,1.3,5.6,-2.6,중립,음봉,완만한상승,0.55,0.26,2026-08-19
RCKT,1.3,3.65,1439337,1133982,5.25,4.99,1.1,2.1,7.0,매수관심,장대양봉,잔구간,0.96,1.275,2026-08-19
REAL,1.3,11.78,3353095,2532866,39.5,51.44,0.8,0.0,6.6,매수관심,장대양봉,잔구간,0.82,1.19,2026-08-19
RGTZ,1.3,3.25,6503534,4939622,21.14,14.44,1.5,3.6,3.8,강한매수,양봉,전고점돌파,0.71,2.45,2026-08-19
ALMU,1.3,15.44,488147,368967,7.54,6.91,1.1,-0.4,-3.5,매도주의,음봉,전저점이탈,0.17,-1.85,2026-08-19
NFXL,1.3,19.01,1653895,1256113,31.44,19.47,1.6,1.2,5.0,강한매수,장대양봉,전고점돌파,0.69,3.73,2026-08-19
NFGC,1.3,1.78,1908828,1420401,3.4,2.53,1.3,4.3,4.1,강한매수,장대양봉,전고점돌파,0.71,3.75,2026-08-19
GMEU,1.3,5.145,379255,286889,1.95,2.03,1.0,1.0,0.1,중립,팽이도지,완만한상승,0.32,0.68,2026-08-19
GLWG,1.3,13.84,1687131,1280741,23.35,25.83,0.9,0.6,-9.7,강한매도,장대음봉,전저점이탈,0.18,-3.13,2026-08-19
HIVE,1.3,2.82,38291788,30614783,107.98,69.96,1.5,0.0,1.4,매수관심,팽이도지,완만한상승,0.62,1.04,2026-08-19
ASPI,1.3,4.09,2843138,2234950,11.63,12.58,0.9,1.8,4.1,중립,양봉,잔구간,0.84,0.555,2026-08-19
NCTY,1.3,4.32,312254,239583,1.35,1.08,1.3,0.5,-0.5,중립,팽이도지,완만한상승,0.41,0.79,2026-08-19
NEOG,1.3,12.15,2055783,1590262,24.98,21.37,1.2,1.6,3.4,강한매수,장대양봉,전고점돌파,0.84,3.91,2026-08-19
TSLG,1.3,4.57,37928470,28662143,173.33,121.95,1.4,0.9,7.3,강한매수,장대양봉,전고점부근,0.97,2.11,2026-08-19
BSCV,1.3,16.305,544024,408676,8.87,6.76,1.3,0.2,-0.1,중립,음봉,완만한상승,0.5,0.2,2026-08-19
PFFD,1.3,18.48,672086,502000,12.42,10.45,1.2,0.3,0.1,매수관심,팽이도지,완만한상승,0.5,0.9,2026-08-19
DDD,1.3,3.41,2836455,2131611,9.67,12.45,0.8,-0.3,-0.6,매수관심,팽이도지,전저점부근,0.65,0.93,2026-08-19
TALO,1.3,17.17,1914359,1509867,32.87,29.17,1.1,1.7,3.2,강한매수,장대양봉,전고점돌파,0.91,3.99,2026-08-19
OSS,1.3,12.11,917757,715410,11.11,13.1,0.8,2.0,-6.3,강한매도,장대음봉,전저점이탈,0.21,-3.1,2026-08-19
CNTB,1.3,2.46,450701,346144,1.11,1.06,1.0,2.5,-1.2,매도주의,위꼬리음봉,완만한상승,0.14,-1.03,2026-08-19
CMTG,1.3,1.72,692729,517603,1.19,1.21,1.0,2.4,-1.1,중립,음봉,완만한상승,0.4,0.08,2026-08-19
CIFU,1.3,10.17,1304404,990892,13.27,11.57,1.1,-1.1,-1.7,중립,망치형,잔구간,0.74,0.645,2026-08-19
CIFR,1.3,15.89,44327956,34653947,704.37,634.53,1.1,-0.3,-1.0,중립,망치형,잔구간,0.7,0.62,2026-08-19
VALE,1.3,13.9,25897140,19746632,359.97,311.84,1.2,3.7,-2.0,매도주의,장대음봉,잔구간,0.1,-1.24,2026-08-19
XERS,1.3,8.78,2250053,1753977,19.76,15.95,1.2,0.9,-1.7,매도주의,장대음봉,잔구간,0.04,-1.275,2026-08-19
NPKI,1.3,14.05,771748,607758,10.84,8.64,1.3,0.9,-0.6,강한매수,망치형,완만한상승,0.76,2.21,2026-08-19
NU,1.3,14.61,102717469,76880784,1500.7,1024.86,1.5,0.6,1.2,중립,팽이도지,잔구간,0.49,-0.005,2026-08-19
TASK,1.3,8.08,746580,585848,6.03,6.74,0.9,0.0,9.5,강한매수,장대양봉,전고점돌파,0.93,4.02,2026-08-19
NVD,1.3,4.19,68190256,53896828,285.72,241.98,1.2,-1.8,3.8,강한매수,장대양봉,완만한상승,0.83,3.3,2026-08-19
ORIC,1.3,14.65,1393027,1033986,20.41,15.91,1.3,2.0,3.2,강한매수,장대양봉,전고점돌파,0.95,4.04,2026-08-19
ORC,1.3,6.78,3751689,2931122,25.44,23.51,1.1,0.4,1.2,강한매수,양봉,전고점돌파,0.78,2.54,2026-08-19
CLSK,1.3,11.67,25132469,18618870,293.3,239.7,1.2,0.0,-0.6,중립,팽이도지,수횡파,0.55,0.66,2026-08-19
RUN,1.3,9.8,10494192,8018331,102.84,100.3,1.0,1.5,4.3,강한매수,장대양봉,완만한상승,0.88,3.36,2026-08-19
HLMN,1.3,8.53,1288988,1024812,11.0,12.8,0.9,1.3,0.0,중립,위꼬리양봉,잔구간,0.2,-0.68,2026-08-19
HOVR,1.3,1.885,853907,634705,1.61,2.27,0.7,0.5,-0.8,매수관심,팽이도지,전저점부근,0.55,0.81,2026-08-19
RYAM,1.3,8.73,1137118,875896,9.93,10.28,1.0,1.1,2.9,매수관심,장대양봉,잔구간,0.67,1.1,2026-08-19
AAOX,1.3,15.31,13599914,10180442,208.21,242.1,0.9,6.7,-19.9,강한매도,장대음봉,전저점이탈,0.02,-3.33,2026-08-19
CLNE,1.2,1.57,2528770,2150241,3.97,4.2,0.9,-0.3,-1.9,중립,음봉,잔구간,0.17,-0.55,2026-08-19
TIGR,1.2,4.84,2993457,2587227,14.49,9.61,1.5,1.0,0.2,중립,팽이도지,잔구간,0.54,0.025,2026-08-19
TII,1.2,2.6,475754,393811,1.24,1.44,0.9,4.1,3.2,중립,양봉,잔구간,0.72,0.48,2026-08-19
TK,1.2,13.17,667345,554654,8.79,6.03,1.5,1.2,0.3,매수관심,팽이도지,전고점돌파,0.74,1.79,2026-08-19
NVDY,1.2,12.74,1587394,1374750,20.22,22.06,0.9,0.6,-1.5,매도주의,장대음봉,잔구간,0.13,-1.22,2026-08-19
NVOX,1.2,14.64,387637,310204,5.68,4.78,1.2,1.2,1.8,중립,양봉,잔구간,0.42,0.3,2026-08-19
GTN,1.2,5.0,1186237,1002856,5.93,7.58,0.8,0.6,2.2,매수관심,양봉,완만한상승,0.52,1.62,2026-08-19
IART,1.2,17.24,652366,541216,11.25,10.36,1.1,0.6,-2.3,중립,음봉,잔구간,0.07,-0.61,2026-08-19
HE,1.2,11.71,2149159,1829114,25.17,27.47,0.9,0.4,0.9,매수관심,양봉,완만한상승,0.39,1.47,2026-08-19
AURA,1.2,7.79,1144450,955256,8.92,7.82,1.1,1.5,-5.9,매도주의,장대음봉,수횡파,0.14,-1.83,2026-08-19
RSKD,1.2,6.02,3408227,2863958,20.52,13.66,1.5,1.3,-3.5,매도주의,장대음봉,잔구간,0.14,-1.215,2026-08-19
HPP,1.2,14.53,750085,631804,10.9,12.04,0.9,2.2,2.6,매수관심,양봉,완만한상승,0.4,1.48,2026-08-19
HSLV,1.2,5.4,576054,471112,3.11,2.71,1.1,4.7,1.1,중립,양봉,잔구간,0.54,0.375,2026-08-19
CMPS,1.2,14.01,2836065,2288878,39.73,42.81,0.9,0.2,0.6,매수관심,팽이도지,완만한상승,0.67,1.1,2026-08-19
CNH,1.2,10.29,15169464,12330812,156.09,141.47,1.1,0.9,1.7,매수관심,양봉,완만한상승,0.56,1.67,2026-08-19
WULF,1.2,15.5,34263312,28373489,531.08,544.91,1.0,2.8,-3.5,중립,음봉,잔구간,0.57,-0.31,2026-08-19
AIIO,1.2,2.83,549658,455195,1.56,1.51,1.0,0.0,1.8,매수관심,양봉스프링,잔구간,0.94,1.015,2026-08-19
SFL,1.2,12.65,1239964,1034504,15.69,13.51,1.2,0.7,1.0,강한매수,장대양봉,전고점돌파,0.87,3.94,2026-08-19
VNM,1.2,17.08,460225,373032,7.86,9.52,0.8,-0.1,-0.1,매도주의,위꼬리음봉,전저점부근,0.08,-1.25,2026-08-19
RITM,1.2,10.38,4048911,3247134,42.03,44.83,0.9,0.9,0.9,매수관심,양봉,완만한상승,0.55,1.66,2026-08-19
ICLN,1.2,17.83,6031283,4827552,107.54,114.2,0.9,0.6,-0.1,중립,망치형,잔구간,0.81,0.685,2026-08-19
NEXT,1.2,6.72,2585671,2199931,17.38,15.77,1.1,1.0,-3.9,매도주의,장대음봉,잔구간,0.07,-1.26,2026-08-19
CORN,1.2,18.76,477507,385646,8.96,5.29,1.7,0.7,1.2,강한매수,장대양봉,전고점돌파,0.96,4.05,2026-08-19
BTDR,1.2,9.63,18961061,15561208,182.6,147.24,1.2,-0.1,7.1,매수관심,양봉,완만한상승,0.71,1.85,2026-08-19
CRGY,1.2,13.43,6299417,5212621,84.6,70.63,1.2,0.8,2.9,강한매수,장대양봉,전고점돌파,1.0,4.1,2026-08-19
SUZ,1.2,8.34,4822841,4010319,40.22,27.01,1.5,0.4,4.8,강한매수,장대양봉,전고점돌파,0.95,4.04,2026-08-19
SVC,1.2,8.0,1573153,1351776,12.59,13.37,0.9,1.3,0.9,중립,양봉,잔구간,0.47,0.33,2026-08-19
PACK,1.2,5.08,436078,365066,2.22,2.28,1.0,1.4,-3.2,강한매도,장대음봉,전저점이탈,0.05,-3.29,2026-08-19
PALI,1.2,2.16,2290012,1945882,4.95,3.42,1.4,2.9,2.9,매수관심,양봉,완만한상승,0.71,1.85,2026-08-19
CSIQ,1.2,15.78,1586206,1338438,25.03,23.67,1.1,1.6,5.3,매수관심,장대양봉,잔구간,0.87,1.22,2026-08-19
CTKB,1.2,4.7,1038803,886957,4.88,4.3,1.1,0.0,0.6,중립,위꼬리양봉,완만한상승,0.12,-0.56,2026-08-19
PBR,1.2,18.54,17680865,14503549,327.8,289.86,1.1,2.8,-0.8,매도주의,음봉,전고점부근,0.09,-1.64,2026-08-19
DAMD,1.2,1.69,33296686,28456756,56.27,62.27,0.9,-1.3,8.3,강한매수,장대양봉,완만한상승,0.81,3.27,2026-08-19
DBI,1.2,6.19,459905,382572,2.85,2.4,1.2,2.4,2.8,매수관심,장대양봉,잔구간,0.96,1.275,2026-08-19
TSLZ,1.2,13.29,1801953,1493430,23.95,20.44,1.2,-1.0,-7.6,매도주의,장대음봉,전저점부근,0.02,-1.83,2026-08-19
BRSL,1.2,11.38,2265330,1813749,25.78,24.25,1.1,1.1,2.3,강한매수,장대양봉,완만한상승,0.8,3.26,2026-08-19
WRN,1.2,2.49,936269,771632,2.33,2.2,1.1,3.8,1.6,중립,양봉,잔구간,0.62,0.42,2026-08-19
RGTI,1.2,17.0,19255498,16664535,327.34,328.34,1.0,-1.9,-2.2,매도주의,음봉,전저점이탈,0.29,-1.7,2026-08-19
AVS,1.2,8.05,14174493,11598546,114.1,94.95,1.2,1.6,2.7,강한매수,장대양봉,전고점돌파,0.68,3.72,2026-08-19
SB,1.2,8.17,751450,610426,6.14,4.65,1.3,1.9,-0.1,매수관심,팽이도지,전고점돌파,0.27,1.22,2026-08-19
SBH,1.2,16.73,1554711,1259110,26.01,23.01,1.1,2.3,0.2,중립,팽이도지,잔구간,0.62,0.07,2026-08-19
STTK,1.2,7.66,767473,659403,5.88,6.67,0.9,3.2,-0.4,매수관심,팽이도지,완만한상승,0.46,0.85,2026-08-19
STWD,1.2,16.56,4617539,3821629,76.47,85.46,0.9,0.7,1.3,중립,양봉,잔구간,0.61,0.415,2026-08-19
DHT,1.2,19.99,4041012,3246940,80.78,62.3,1.3,1.3,2.2,강한매수,양봉,전고점돌파,0.88,2.66,2026-08-19
MUD,1.2,10.7,8793164,7543415,94.09,106.91,0.9,-1.9,2.4,중립,양봉,잔구간,0.5,0.35,2026-08-19
PEB,1.2,18.39,1996923,1710623,36.72,38.23,1.0,-0.4,0.9,매수관심,양봉,완만한상승,0.35,1.42,2026-08-19
PK,1.2,15.83,4399057,3676546,69.64,62.44,1.1,0.8,2.1,강한매수,장대양봉,전고점돌파,0.72,3.76,2026-08-19
MNRO,1.2,12.57,1479918,1217803,18.6,13.74,1.4,0.8,5.3,강한매수,장대양봉,전고점부근,0.88,2.01,2026-08-19
MFIC,1.2,9.81,571436,471778,5.61,7.43,0.8,0.4,1.1,매수관심,장대양봉,잔구간,0.76,1.155,2026-08-19
MIST,1.2,1.08,2330249,1879311,2.52,2.15,1.2,1.9,-0.9,매도주의,위꼬리음봉,완만한상승,0.18,-0.98,2026-08-19
GCMG,1.2,13.78,454050,394186,6.26,6.61,0.9,0.7,0.1,중립,팽이도지,잔구간,0.38,-0.07,2026-08-19
SGMT,1.2,10.58,1552035,1288414,16.42,14.93,1.1,2.1,-2.0,중립,음봉,잔구간,0.17,-0.55,2026-08-19
IMXI,1.2,14.17,1278699,1035010,18.12,15.63,1.2,-0.8,-1.7,중립,음봉,잔구간,0.13,-0.57,2026-08-19
INO,1.2,1.3,6970649,5616268,9.06,5.1,1.8,1.7,6.6,강한매수,양봉,전고점돌파,0.89,2.67,2026-08-19
DRN,1.2,11.02,793688,644711,8.75,6.97,1.3,1.7,0.6,강한매수,양봉스프링,완만한상승,0.84,2.81,2026-08-19
PLTZ,1.2,9.72,4682902,3956387,45.52,54.94,0.8,-1.4,-2.8,중립,음봉,잔구간,0.23,-0.51,2026-08-19
LUCD,1.2,1.01,1158924,997534,1.17,0.97,1.2,-1.0,3.1,매수관심,양봉,완만한상승,0.66,1.79,2026-08-19
LX,1.2,1.36,1651866,1403496,2.25,2.29,1.0,0.7,0.7,중립,팽이도지,잔구간,0.67,0.1,2026-08-19
DXC,1.2,10.85,3208091,2574850,34.81,32.13,1.1,0.1,3.2,중립,양봉,잔구간,0.45,0.32,2026-08-19
EBS,1.2,4.89,1593454,1278262,7.79,9.64,0.8,3.2,1.7,강한매수,양봉,전고점돌파,0.84,2.61,2026-08-19
EFC,1.2,13.71,1078545,902296,14.79,15.4,1.0,1.0,-0.3,중립,음봉,완만한상승,0.27,-0.08,2026-08-19
PRGO,1.2,13.96,2571940,2226713,35.9,38.88,0.9,1.7,5.8,강한매수,장대양봉,전고점돌파,0.99,4.09,2026-08-19
APLE,1.2,16.36,2604470,2125753,42.61,50.8,0.8,1.1,0.7,강한매수,양봉,전고점돌파,0.7,2.44,2026-08-19
SOFX,1.2,10.05,1179381,1018069,11.85,8.01,1.5,1.7,6.8,강한매수,장대양봉,수횡파,0.7,3.84,2026-08-19
SPPP,1.2,14.53,647074,519275,9.4,9.28,1.0,2.7,2.0,강한매수,장대양봉,전고점부근,0.92,2.05,2026-08-19
SIBN,1.2,19.91,436391,372661,8.69,7.25,1.2,0.0,4.0,강한매수,장대양봉,전고점돌파,0.99,4.09,2026-08-19
FUN,1.2,16.9,2080368,1690320,35.16,49.44,0.7,1.5,5.8,강한매수,장대양봉,완만한상승,0.96,3.45,2026-08-19
FJET,1.2,3.97,837634,702037,3.33,2.34,1.4,0.8,-0.7,매수관심,팽이도지,완만한상승,0.46,0.85,2026-08-19
FLNC,1.2,12.07,5938996,5041810,71.68,122.37,0.6,0.3,2.4,강한매수,양봉,완만한상승,0.86,2.03,2026-08-19
FLYW,1.2,18.83,1941991,1554964,36.57,41.19,0.9,1.4,1.8,중립,양봉,전고점부근,0.57,0.33,2026-08-19
JBLU,1.2,4.9,24771422,20117529,121.38,121.69,1.0,0.8,-3.5,강한매도,장대음봉,전저점이탈,0.17,-3.15,2026-08-19
JBS,1.2,13.75,7258345,6059592,99.8,87.41,1.1,1.5,-0.8,매도주의,위꼬리음봉,완만한상승,0.11,-1.07,2026-08-19
BBAR,1.2,14.48,916942,755698,13.28,11.19,1.2,1.1,-2.9,매도주의,장대음봉,전저점부근,0.19,-1.62,2026-08-19
UUUU,1.2,14.85,6972708,5806347,103.54,103.7,1.0,3.2,2.1,매수관심,양봉,완만한상승,0.69,1.83,2026-08-19
SRTA,1.2,5.89,819318,706548,4.83,6.41,0.8,1.6,1.7,매수관심,양봉,완만한상승,0.66,1.79,2026-08-19
PRTA,1.2,9.29,385539,327829,3.58,3.67,1.0,2.3,4.3,강한매수,장대양봉,완만한상승,0.88,3.36,2026-08-19
SNXX,1.2,14.58,142931707,122072987,2083.94,1492.35,1.4,6.6,-12.7,매도주의,장대음봉,잔구간,0.19,-1.185,2026-08-19
UEC,1.2,11.63,6515740,5485235,75.78,70.5,1.1,1.9,4.1,매수관심,장대양봉,잔구간,0.97,1.28,2026-08-19
BGC,1.2,10.8,3590680,2907466,38.78,29.22,1.3,0.2,-2.6,매도주의,장대음봉,잔구간,0.11,-1.235,2026-08-19
BHC,1.2,6.89,2503397,2148135,17.25,19.07,0.9,0.9,-1.4,중립,음봉,잔구간,0.48,-0.36,2026-08-19
PWP,1.2,16.63,1001656,859032,16.66,17.18,1.0,1.4,1.4,중립,양봉,잔구간,0.54,0.375,2026-08-19
QID,1.2,14.22,28366788,23621925,403.38,298.94,1.3,-0.8,1.2,중립,양봉,전고점부근,0.6,0.37,2026-08-19
SMCY,1.2,5.31,1362458,1127161,7.23,6.22,1.2,-0.2,-1.5,중립,음봉,잔구간,0.47,-0.37,2026-08-19
SMR,1.2,9.29,36176638,29674543,336.08,281.0,1.2,0.4,7.1,매수관심,장대양봉,잔구간,0.93,1.26,2026-08-19
KLC,1.2,2.91,1502081,1292212,4.37,4.88,0.9,-1.8,9.0,매수관심,장대양봉,잔구간,0.81,1.185,2026-08-19
VREX,1.2,18.46,1254308,1061896,23.15,42.52,0.5,0.2,-0.2,중립,음봉,완만한상승,0.15,-0.22,2026-08-19
VSTM,1.2,7.295,2371623,1972293,17.3,14.92,1.2,3.0,-4.6,중립,음봉,잔구간,0.14,-0.565,2026-08-19
VZLA,1.2,3.89,5284393,4349749,20.56,20.78,1.0,4.5,4.3,매수관심,장대양봉,잔구간,0.91,1.245,2026-08-19
FMNB,1.2,15.65,454652,383313,7.12,6.13,1.2,0.2,-2.5,매도주의,장대음봉,잔구간,0.06,-1.265,2026-08-19
FNB,1.2,18.57,3781126,3099685,70.22,66.77,1.1,0.3,-3.7,강한매도,장대음봉,전저점이탈,0.0,-3.35,2026-08-19
FPEI,1.2,19.165,385278,327694,7.38,7.78,0.9,0.1,0.1,강한매수,양봉,완만한상승,0.9,2.08,2026-08-19
LABX,1.2,10.89,1408545,1133072,15.34,23.01,0.7,-0.7,-9.2,매도주의,음봉,전저점이탈,0.38,-1.59,2026-08-19
QS,1.2,5.88,17489285,14872090,102.84,93.14,1.1,1.2,0.9,강한매수,양봉스프링,완만한상승,0.96,2.95,2026-08-19
UNG,1.2,10.01,11197323,8996147,112.09,97.03,1.2,1.9,-2.7,매도주의,장대음봉,잔구간,0.03,-1.28,2026-08-19
UNHG,1.2,19.41,509470,437907,9.89,11.49,0.9,0.2,-2.8,매도주의,음봉,전저점이탈,0.21,-1.8,2026-08-19
BBWI,1.2,19.67,6759143,5610552,132.95,110.36,1.2,1.5,-3.3,중립,음봉,잔구간,0.01,-0.645,2026-08-19
BCSF,1.2,12.08,465540,386190,5.62,6.01,0.9,0.0,0.1,중립,팽이도지,잔구간,0.45,-0.03,2026-08-19
ALDX,1.2,1.58,982203,810396,1.55,1.31,1.2,2.6,-0.6,강한매수,망치형,완만한상승,0.67,2.1,2026-08-19
AEVA,1.2,19.78,1677420,1434372,33.18,57.31,0.6,-1.1,-4.9,매도주의,음봉,전저점이탈,0.28,-1.71,2026-08-19
YMAG,1.2,11.17,846157,682232,9.45,7.57,1.2,-0.3,0.4,중립,팽이도지,잔구간,0.68,0.11,2026-08-19
CFFN,1.2,8.49,894923,716212,7.6,6.64,1.1,0.2,-2.0,강한매도,장대음봉,전저점이탈,0.2,-3.11,2026-08-19
CHCT,1.2,14.79,352444,292864,5.21,7.34,0.7,-2.5,2.6,매수관심,장대양봉,잔구간,0.88,1.23,2026-08-19
AAPD,1.2,10.97,7508373,6325541,82.37,77.63,1.1,0.1,-2.2,강한매도,장대음봉,전저점이탈,0.25,-3.05,2026-08-19
OLN,1.2,18.71,2505765,2076973,46.88,47.44,1.0,1.4,-0.1,매도주의,위꼬리음봉,완만한상승,0.08,-1.1,2026-08-19
ACCO,1.2,4.3,789755,661590,3.4,2.78,1.2,0.5,0.0,중립,위꼬리양봉,완만한상승,0.0,-0.7,2026-08-19
ADCT,1.1,1.04,1900697,1768694,1.98,1.59,1.2,1.9,-1.0,중립,팽이도지,완만한상승,0.33,0.7,2026-08-19
OMER,1.1,18.39,3197709,3025328,58.81,49.56,1.2,-0.3,7.4,강한매수,장대양봉,전고점돌파,0.72,3.76,2026-08-19
XPRO,1.1,18.96,879686,792199,16.68,14.93,1.1,1.8,1.4,매수관심,양봉,완만한상승,0.76,1.91,2026-08-19
YYGH,1.1,1.34,846514,748531,1.13,0.91,1.2,-1.4,-3.6,중립,음봉,잔구간,0.34,-0.445,2026-08-19
AEBI,1.1,12.42,488943,441438,6.07,6.52,0.9,1.0,1.8,매수관심,양봉,완만한상승,0.4,1.48,2026-08-19
TRIP,1.1,10.4,3606154,3157399,37.5,49.21,0.8,0.3,1.3,매수관심,양봉,완만한상승,0.45,1.54,2026-08-19
CEPL,1.1,6.26,520769,484318,3.26,3.86,0.8,0.2,-6.1,매도주의,장대음봉,전저점부근,0.16,-1.66,2026-08-19
CAL,1.1,13.74,413619,387449,5.68,6.57,0.9,2.2,4.0,매수관심,장대양봉,잔구간,0.98,1.29,2026-08-19
TLS,1.1,4.43,587145,538732,2.6,2.21,1.2,-0.9,1.6,강한매수,양봉,완만한상승,0.83,2.0,2026-08-19
SND,1.1,4.77,327782,300138,1.56,1.55,1.0,0.6,-4.6,매도주의,장대음봉,잔구간,0.09,-1.245,2026-08-19
SGRY,1.1,13.6,2090441,1955006,28.43,34.7,0.8,1.3,-5.7,강한매도,장대음봉,전저점이탈,0.02,-3.33,2026-08-19
FBL,1.1,18.71,915474,826755,17.13,16.8,1.0,-1.1,2.0,중립,양봉,잔구간,0.54,0.375,2026-08-19
FNKO,1.1,5.97,900549,857295,5.38,9.91,0.5,0.2,-3.7,중립,음봉,잔구간,0.13,-0.57,2026-08-19
KT,1.1,19.0,2018322,1801917,38.35,31.71,1.2,1.0,0.2,중립,팽이도지,완만한상승,0.36,0.73,2026-08-19
AGNT,1.1,4.74,1145777,1075918,5.43,5.42,1.0,0.0,8.0,강한매수,장대양봉,전고점돌파,0.89,3.97,2026-08-19
TMCI,1.1,4.56,398356,352635,1.82,2.44,0.7,0.2,2.2,매수관심,양봉,완만한상승,0.76,1.91,2026-08-19
VXX,1.1,19.05,7460482,6912823,142.12,143.88,1.0,-1.4,-1.7,강한매도,장대음봉,전저점이탈,0.16,-3.16,2026-08-19
BIZD,1.1,13.26,2829281,2467711,37.52,36.98,1.0,0.1,0.2,중립,위꼬리양봉,완만한상승,0.31,-0.33,2026-08-19
FDUS,1.1,19.75,386775,367505,7.64,9.21,0.8,1.0,0.2,중립,팽이도지,잔구간,0.73,0.14,2026-08-19
UNCY,1.1,5.58,845888,753585,4.72,4.03,1.2,2.1,-3.0,매도주의,장대음봉,잔구간,0.16,-1.205,2026-08-19
GALT,1.1,3.67,353794,308992,1.3,1.23,1.1,0.6,3.7,중립,양봉,전고점부근,0.57,0.33,2026-08-19
MEI,1.1,14.21,695933,631432,9.89,10.3,1.0,1.9,-12.9,강한매도,장대음봉,전저점이탈,0.0,-3.35,2026-08-19
TU,1.1,10.03,5817886,5417649,58.35,72.84,0.8,0.2,3.5,강한매수,장대양봉,전고점돌파,0.95,4.04,2026-08-19
TWI,1.1,6.53,611855,580422,4.0,3.96,1.0,0.5,1.2,중립,양봉,잔구간,0.77,0.51,2026-08-19
UAA,1.1,5.25,10415128,9100712,54.68,62.28,0.9,0.2,3.3,매수관심,장대양봉,잔구간,0.87,1.22,2026-08-19
AMZY,1.1,11.08,308476,281825,3.42,3.0,1.1,0.6,1.7,매수관심,장대양봉,잔구간,0.96,1.275,2026-08-19
DNN,1.1,3.22,23372568,21587198,75.26,74.32,1.0,1.3,0.9,중립,양봉,잔구간,0.6,0.41,2026-08-19
SPT,1.1,10.03,1346125,1193684,13.5,15.38,0.9,-1.1,3.4,중립,양봉,잔구간,0.57,0.39,2026-08-19
PSKY,1.1,10.6,10702657,10094378,113.45,112.22,1.0,0.1,1.5,강한매수,양봉,전고점돌파,0.92,2.7,2026-08-19
SHLS,1.1,7.95,3726841,3426243,29.63,38.26,0.8,0.7,2.8,중립,양봉,잔구간,0.95,0.62,2026-08-19
SHC,1.1,19.0,2683337,2491111,50.98,66.92,0.8,0.8,1.9,매수관심,양봉,수횡파,0.63,1.46,2026-08-19
SPCQ,1.1,13.6,2390963,2191119,32.52,35.5,0.9,-1.9,7.3,강한매수,장대양봉,완만한상승,0.63,3.06,2026-08-19
BBAI,1.1,3.17,19936349,17965790,63.2,63.46,1.0,0.6,1.0,매수관심,양봉스프링,잔구간,0.8,0.93,2026-08-19
UIS,1.1,2.76,595678,553631,1.64,1.81,0.9,0.8,3.0,매수관심,장대양봉,잔구간,0.76,1.155,2026-08-19
QBTS,1.1,19.32,13084850,12012483,252.8,289.79,0.9,-1.3,0.3,중립,팽이도지,전저점이탈,0.48,-0.77,2026-08-19
PYXS,1.1,3.37,1036103,985657,3.49,6.49,0.5,2.7,9.8,강한매수,장대양봉,완만한상승,0.7,3.14,2026-08-19
SOFI,1.1,18.42,42854277,38031596,789.38,849.28,0.9,1.1,3.2,강한매수,장대양봉,수횡파,0.66,3.79,2026-08-19
QBTZ,1.1,3.35,4725264,4320860,15.83,14.97,1.1,2.1,0.0,매수관심,팽이도지,전고점돌파,0.53,1.54,2026-08-19
LCTX,1.1,1.1,951490,876488,1.05,0.92,1.1,2.8,0.9,중립,위꼬리양봉,잔구간,0.41,-0.555,2026-08-19
SLNH,1.1,1.2,11109995,10548422,13.33,11.34,1.2,2.6,0.0,강한매수,양봉스프링,완만한상승,0.83,2.8,2026-08-19
KEP,1.1,11.18,1305626,1158859,14.6,12.62,1.2,-0.8,-0.1,강한매도,위꼬리음봉,전저점이탈,0.2,-2.61,2026-08-19
PLTD,1.1,5.22,26295614,24380431,137.26,156.18,0.9,-0.7,-1.6,중립,음봉,잔구간,0.19,-0.535,2026-08-19
ANNX,1.1,5.5,3504308,3056578,19.27,13.69,1.4,3.2,0.9,중립,팽이도지,전고점부근,0.64,-0.28,2026-08-19
ECVT,1.1,10.45,1380490,1226958,14.43,15.12,1.0,0.5,0.9,중립,위꼬리양봉,완만한상승,0.26,-0.39,2026-08-19
IVA,1.1,4.76,575198,534831,2.74,2.49,1.1,1.9,0.6,중립,양봉,잔구간,0.7,0.47,2026-08-19
AVTR,1.1,13.96,6421211,6066168,89.64,88.91,1.0,1.7,2.9,강한매수,장대양봉,수횡파,0.75,3.9,2026-08-19
MDXG,1.1,4.45,1159602,1021306,5.16,4.89,1.1,0.7,1.8,강한매수,양봉,전고점돌파,0.63,2.36,2026-08-19
BTE,1.1,4.73,10878297,10158078,51.45,60.8,0.8,0.9,0.2,중립,위꼬리양봉,전고점돌파,0.22,0.16,2026-08-19
BUR,1.1,4.34,1408012,1328453,6.11,7.35,0.8,1.7,3.1,강한매수,장대양봉,완만한상승,0.62,3.04,2026-08-19
AIOT,1.1,3.05,2481735,2163895,7.57,12.01,0.6,1.0,1.0,중립,위꼬리양봉,완만한상승,0.34,-0.29,2026-08-19
RIOT,1.1,19.38,22437698,21076231,434.84,534.05,0.8,-0.2,2.7,매수관심,팽이도지,완만한상승,0.75,1.2,2026-08-19
ASM,1.1,7.57,4910311,4339560,37.17,34.71,1.1,5.1,5.4,강한매수,장대양봉,전고점돌파,0.89,3.97,2026-08-19
RILY,1.1,7.23,556680,500819,4.02,4.49,0.9,0.6,0.4,강한매수,양봉스프링,완만한상승,0.79,2.75,2026-08-19
AVO,1.1,13.22,451989,395975,5.98,10.68,0.6,0.8,0.3,중립,위꼬리양봉,완만한상승,0.16,-0.51,2026-08-19
ICL,1.1,5.5,1026408,907273,5.65,6.73,0.8,0.6,1.1,매수관심,양봉,완만한상승,0.54,1.65,2026-08-19
GSIT,1.1,5.97,543190,473019,3.24,3.35,1.0,0.6,-6.1,강한매도,장대음봉,전저점이탈,0.02,-3.33,2026-08-19
XMAX,1.1,8.89,609941,532684,5.42,4.56,1.2,0.2,0.0,중립,팽이도지,잔구간,0.42,-0.05,2026-08-19
IMRX,1.1,5.33,751062,713607,4.0,3.52,1.1,3.0,2.9,강한매수,장대양봉,전고점돌파,0.83,3.9,2026-08-19
NNDM,1.1,1.53,1515020,1435440,2.32,2.89,0.8,1.3,-2.5,중립,음봉,전저점부근,0.14,-0.38,2026-08-19
ORN,1.1,9.61,428990,376122,4.12,4.55,0.9,1.3,-0.6,중립,망치형,잔구간,0.71,0.625,2026-08-19
TJGC,1.1,4.38,2132044,1884169,9.34,7.02,1.3,-0.2,-1.4,중립,음봉,잔구간,0.08,-0.6,2026-08-19
TIMB,1.1,17.78,489650,462348,8.71,9.02,1.0,2.0,0.9,매수관심,양봉,완만한상승,0.47,1.56,2026-08-19
XRX,1.1,2.85,1880104,1684300,5.36,6.35,0.8,0.3,-4.4,강한매도,장대음봉,전저점이탈,0.17,-3.15,2026-08-19
OCTV,1.1,18.47,2885929,2577409,53.3,48.09,1.1,-1.9,1.1,중립,팽이도지,잔구간,0.55,0.03,2026-08-19
ATEC,1.1,9.75,1544998,1447782,15.06,21.34,0.7,0.0,2.3,매수관심,양봉,완만한상승,0.5,1.6,2026-08-19
TAL,1.1,12.12,3799996,3533116,46.06,48.12,1.0,0.1,0.7,중립,위꼬리양봉,완만한상승,0.4,-0.22,2026-08-19
CLVT,1.1,2.04,4039300,3683379,8.24,8.33,1.0,0.5,7.4,강한매수,장대양봉,완만한상승,1.0,3.5,2026-08-19
HPK,1.1,8.16,466865,417671,3.81,4.51,0.8,0.3,3.7,강한매수,장대양봉,완만한상승,0.71,3.15,2026-08-19
ATOM,1.1,4.73,505949,443622,2.39,2.75,0.9,1.0,-4.8,매도주의,음봉,전저점이탈,0.29,-1.7,2026-08-19
NRK,1.1,10.35,303621,274009,3.14,3.01,1.0,0.9,-0.9,매도주의,장대음봉,잔구간,0.0,-1.3,2026-08-19
TBI,1.1,10.85,300460,269416,3.26,4.99,0.7,1.3,1.9,강한매수,양봉,전고점돌파,0.53,2.24,2026-08-19
PCN,1.1,11.74,411441,378446,4.83,4.51,1.1,0.5,-0.1,중립,팽이도지,잔구간,0.47,-0.02,2026-08-19
MUZ,1.1,9.84,10613285,9866815,104.43,108.42,1.0,-3.9,4.8,중립,양봉,잔구간,0.5,0.35,2026-08-19
RES,1.1,6.33,1508931,1346774,9.55,7.82,1.2,1.4,-1.2,중립,음봉,완만한상승,0.07,-0.32,2026-08-19
AXTU,1.1,4.94,1515805,1418986,7.49,10.29,0.7,4.2,-25.0,강한매도,장대음봉,전저점이탈,0.05,-3.29,2026-08-19
WOOF,1.1,2.95,1518910,1410878,4.48,4.19,1.1,0.5,6.3,강한매수,장대양봉,전고점돌파,1.0,4.1,2026-08-19
MSGY,1.1,2.64,488768,463416,1.29,14.58,0.1,6.0,-0.4,중립,팽이도지,잔구간,0.39,-0.065,2026-08-19
PCT,1.1,7.17,4634487,4276473,33.23,33.83,1.0,-0.3,4.5,매수관심,장대양봉,잔구간,0.63,1.08,2026-08-19
TSLT,1.1,12.82,2017119,1810424,25.86,23.44,1.1,1.1,7.3,강한매수,장대양봉,전고점부근,0.96,2.1,2026-08-19
BRUN,1.1,19.01,3321849,3125282,63.15,52.23,1.2,1.2,-6.7,중립,음봉,잔구간,0.45,-0.38,2026-08-19
BSCT,1.1,18.585,485663,449464,9.03,8.74,1.0,0.1,-0.0,강한매수,망치형,완만한상승,0.83,2.3,2026-08-19
CRON,1.1,3.29,1375172,1268295,4.52,5.94,0.8,0.0,2.5,강한매수,장대양봉,완만한상승,0.89,3.37,2026-08-19
MXCT,1.1,1.39,948457,874684,1.32,1.47,0.9,1.6,7.8,강한매수,장대양봉,완만한상승,0.92,3.4,2026-08-19
NAT,1.1,7.02,2612951,2312881,18.34,15.36,1.2,1.0,0.3,매수관심,팽이도지,전고점돌파,0.48,1.48,2026-08-19
CRDL,1.1,1.96,1754124,1661281,3.44,2.16,1.6,1.3,2.1,강한매수,양봉,전고점돌파,0.95,2.74,2026-08-19
NAVI,1.1,9.25,1249593,1124172,11.56,14.48,0.8,0.8,2.0,강한매수,장대양봉,완만한상승,0.86,3.33,2026-08-19
PAYP,1.1,14.68,695494,656807,10.21,11.7,0.9,-0.3,-2.0,중립,음봉,수횡파,0.14,-0.53,2026-08-19
PBR.A,1.1,16.66,8601864,7660662,143.31,120.33,1.2,2.9,-1.1,중립,음봉,전고점돌파,0.09,0.31,2026-08-19
GORO,1.1,2.83,1111296,1039199,3.14,2.83,1.1,2.2,2.9,매수관심,양봉,완만한상승,0.36,1.43,2026-08-19
CX,1.1,10.66,7083868,6732791,75.51,90.45,0.8,1.1,-1.1,중립,음봉,전저점부근,0.07,-0.47,2026-08-19
SENS,1.1,9.11,1020162,898885,9.29,7.48,1.2,0.2,4.6,강한매수,장대양봉,전고점돌파,0.83,3.9,2026-08-19
STLN,1.1,6.66,1305530,1160813,8.69,12.08,0.7,1.7,2.3,매수관심,양봉,완만한상승,0.72,1.86,2026-08-19
DFH,1.1,14.91,640105,594338,9.54,10.28,0.9,5.7,-1.3,매도주의,위꼬리음봉,완만한상승,0.07,-1.12,2026-08-19
GNW,1.1,9.92,2482584,2192427,24.63,26.07,0.9,-1.1,-0.5,매도주의,위꼬리음봉,잔구간,0.0,-1.05,2026-08-19
VIV,1.1,11.49,2203757,1980671,25.32,24.06,1.1,2.3,-0.5,중립,음봉,잔구간,0.22,-0.52,2026-08-19
RGTX,1.1,12.18,554548,519078,6.75,8.11,0.8,-3.8,-4.2,매도주의,음봉,전저점이탈,0.25,-1.75,2026-08-19
MRAM,1.1,17.44,1540515,1394238,26.87,26.83,1.0,2.5,-7.7,매도주의,장대음봉,잔구간,0.29,-1.125,2026-08-19
MLTX,1.1,16.74,1448058,1269113,24.24,27.95,0.9,1.4,1.0,매수관심,양봉스프링,잔구간,0.84,0.955,2026-08-19
MITK,1.1,18.88,745364,674220,14.07,15.65,0.9,1.0,2.8,강한매수,장대양봉,완만한상승,0.67,3.1,2026-08-19
PEPG,1.1,3.05,780072,722628,2.38,4.14,0.6,2.4,2.3,강한매수,양봉,완만한상승,0.85,2.02,2026-08-19
MASS,1.1,10.24,655822,582309,6.72,5.49,1.2,1.7,-0.1,매수관심,팽이도지,완만한상승,0.53,0.94,2026-08-19
MARO,1.1,4.0,328067,309702,1.31,1.49,0.9,0.3,5.3,강한매수,양봉,완만한상승,0.84,2.01,2026-08-19
DNOW,1.1,15.61,2819341,2645303,44.01,53.13,0.8,0.5,-2.5,강한매도,장대음봉,전저점이탈,0.11,-3.22,2026-08-19
DOUG,1.1,1.96,533871,465933,1.05,0.92,1.1,0.5,3.7,강한매수,장대양봉,완만한상승,0.78,3.24,2026-08-19
DQ,1.1,14.05,952099,841953,13.38,14.43,0.9,-2.2,3.5,매수관심,장대양봉,잔구간,0.95,1.27,2026-08-19
TARA,1.1,3.96,359703,334634,1.42,1.5,0.9,2.0,-2.5,매도주의,장대음봉,잔구간,0.06,-1.265,2026-08-19
SVV,1.1,11.3,3194491,2874751,36.1,34.91,1.0,1.4,5.8,매수관심,장대양봉,잔구간,0.98,1.29,2026-08-19
NMZ,1.1,10.14,622984,566341,6.32,5.88,1.1,0.7,-0.9,매도주의,장대음봉,전저점부근,0.18,-1.63,2026-08-19
OWL,1.1,11.77,18694696,17742436,220.04,242.63,0.9,1.4,0.2,중립,팽이도지,잔구간,0.55,0.03,2026-08-19
NMRA,1.1,1.64,716166,649637,1.17,1.12,1.0,0.6,-0.6,중립,팽이도지,완만한상승,0.26,0.61,2026-08-19
SXTC,1.1,4.54,436468,409014,1.98,16.0,0.1,-2.5,-9.2,중립,음봉,잔구간,0.3,-0.47,2026-08-19
SWBI,1.1,14.12,428111,403116,6.04,5.42,1.1,0.7,-1.1,매도주의,장대음봉,잔구간,0.29,-1.125,2026-08-19
SGHC,1.0,13.16,1641574,1716031,21.6,28.26,0.8,0.5,2.2,강한매수,장대양봉,완만한상승,0.86,3.33,2026-08-19
PLG,1.0,1.51,1168959,1214736,1.77,1.82,1.0,4.9,1.3,중립,위꼬리양봉,완만한상승,0.44,-0.17,2026-08-19
DRAL,1.0,10.19,388751,392811,3.96,4.03,1.0,7.1,-6.4,매도주의,장대음봉,완만한상승,0.28,-1.36,2026-08-19
SGML,1.0,10.94,1601939,1679557,17.53,22.41,0.8,2.5,-3.3,중립,음봉,잔구간,0.42,-0.4,2026-08-19
ITRG,1.0,2.83,2904622,2770826,8.22,9.11,0.9,5.0,4.0,강한매수,장대양봉,완만한상승,0.69,3.13,2026-08-19
INTW,1.0,19.96,4336041,4479145,86.55,96.48,0.9,1.0,-8.9,강한매도,장대음봉,전저점이탈,0.23,-3.07,2026-08-19
IVR,1.0,7.58,1897464,1938910,14.38,15.71,0.9,0.8,0.7,강한매수,양봉,전고점돌파,0.51,2.21,2026-08-19
GILT,1.0,10.81,551704,567513,5.96,7.32,0.8,1.3,-1.9,중립,음봉,잔구간,0.53,-0.33,2026-08-19
IONZ,1.0,2.65,10901399,10493985,28.89,26.64,1.1,3.5,-0.4,중립,팽이도지,잔구간,0.39,-0.065,2026-08-19
SPAX,1.0,9.07,2381959,2454129,21.6,41.21,0.5,2.5,-7.3,매도주의,장대음봉,잔구간,0.36,-1.085,2026-08-19
APPS,1.0,11.23,3049473,2950823,34.25,73.16,0.5,-1.0,-6.4,강한매도,장대음봉,전저점이탈,0.1,-3.23,2026-08-19
AOD,1.0,10.62,348367,360848,3.7,3.98,0.9,0.3,-0.5,중립,음봉,잔구간,0.04,-0.625,2026-08-19
LADR,1.0,10.1,1126541,1100069,11.38,11.84,1.0,0.9,1.0,매수관심,양봉,완만한상승,0.44,1.53,2026-08-19
SMJF,1.0,10.72,1448079,1394088,15.52,11.49,1.4,-1.6,0.1,중립,위꼬리양봉,잔구간,0.2,-0.68,2026-08-19
LDI,1.0,0.876,1779188,1774602,1.56,2.59,0.6,2.6,-0.4,매도주의,위꼬리음봉,잔구간,0.0,-1.05,2026-08-19
LBTYK,1.0,10.43,1058047,1110613,11.04,12.53,0.9,0.9,1.1,매수관심,장대양봉,전고점부근,0.87,1.99,2026-08-19
SNK,1.0,18.02,3998187,3812367,72.05,90.78,0.8,-2.5,7.6,강한매수,장대양봉,완만한상승,0.65,3.08,2026-08-19
WBTN,1.0,8.54,363061,362483,3.1,3.68,0.8,0.6,2.9,매수관심,장대양봉,잔구간,0.73,1.14,2026-08-19
WCMI,1.0,19.68,675693,657835,13.3,14.64,0.9,0.2,-0.2,매수관심,팽이도지,완만한상승,0.53,0.94,2026-08-19
AVXL,1.0,3.39,655292,664848,2.22,2.46,0.9,0.0,5.9,매수관심,장대양봉,잔구간,0.9,1.24,2026-08-19
APLX,1.0,10.05,1314267,1344461,13.21,12.96,1.0,-0.8,-1.2,중립,망치형,잔구간,0.77,0.66,2026-08-19
EGY,1.0,5.93,1188177,1210002,7.05,7.29,1.0,0.9,0.9,중립,양봉,잔구간,0.38,0.28,2026-08-19
BLND,1.0,1.5,3889495,3981483,5.83,5.65,1.0,2.8,0.7,중립,팽이도지,잔구간,0.57,0.04,2026-08-19
EARN,1.0,4.41,329993,342738,1.46,1.57,0.9,-0.2,0.9,강한매수,장대양봉,완만한상승,0.67,3.1,2026-08-19
LWLG,1.0,6.24,3197262,3303110,19.95,23.38,0.9,-2.1,-4.0,매도주의,음봉,전저점이탈,0.19,-1.82,2026-08-19
BDN,1.0,3.07,1419005,1355791,4.36,5.53,0.8,0.7,2.3,강한매수,장대양봉,완만한상승,0.78,3.24,2026-08-19
LAND,1.0,8.61,686248,681974,5.91,5.62,1.1,0.4,4.2,강한매수,장대양봉,전고점돌파,0.96,4.05,2026-08-19
BHVN,1.0,14.14,1963568,1907248,27.76,24.43,1.1,2.7,1.4,중립,양봉,잔구간,0.56,0.385,2026-08-19
ULCC,1.0,5.99,2241178,2333373,13.42,18.68,0.7,0.5,-3.1,강한매도,장대음봉,전저점이탈,0.12,-3.21,2026-08-19
BILI,1.0,17.31,2344703,2333770,40.59,39.6,1.0,0.6,1.2,매수관심,장대양봉,잔구간,0.93,1.26,2026-08-19
RWM,1.0,13.32,13791807,13932801,183.71,204.98,0.9,-1.0,0.5,매수관심,장대양봉,잔구간,0.84,1.205,2026-08-19
RYLD,1.0,16.42,336613,351183,5.53,6.43,0.9,0.1,0.0,중립,팽이도지,전고점부근,0.5,-0.45,2026-08-19
CCCC,1.0,4.21,2848774,2982095,11.99,9.87,1.2,1.7,-0.9,중립,팽이도지,완만한상승,0.33,0.7,2026-08-19
SABR,1.0,2.11,3288436,3412023,6.94,10.07,0.7,0.5,-0.5,매도주의,위꼬리음봉,완만한상승,0.17,-1.0,2026-08-19
KYTX,1.0,8.87,796718,795664,7.07,5.79,1.2,3.6,0.7,매수관심,팽이도지,완만한상승,0.46,0.85,2026-08-19
KBDC,1.0,13.28,423600,436517,5.63,6.28,0.9,0.4,-0.8,매도주의,위꼬리음봉,잔구간,0.17,-0.95,2026-08-19
YEXT,1.0,6.28,674186,686025,4.23,3.89,1.1,0.7,3.8,강한매수,장대양봉,전고점돌파,0.69,3.73,2026-08-19
OEC,1.0,6.07,379794,377282,2.31,3.07,0.8,2.6,-2.6,중립,음봉,잔구간,0.06,-0.615,2026-08-19
ODD,1.0,13.1,836610,836744,10.96,10.68,1.0,-0.1,6.6,강한매수,장대양봉,완만한상승,0.94,3.43,2026-08-19
ZURA,1.0,5.84,884795,872078,5.17,5.36,1.0,2.6,-1.4,중립,음봉,완만한상승,0.25,-0.1,2026-08-19
ZIP,1.0,4.99,807323,790419,4.03,4.52,0.9,-1.0,1.4,매수관심,양봉,완만한상승,0.45,1.54,2026-08-19
UROY,1.0,4.19,2066801,2133200,8.66,11.17,0.8,1.7,1.9,매수관심,양봉,완만한상승,0.62,1.74,2026-08-19
XRAY,1.0,11.03,3855816,3876817,42.53,58.47,0.7,1.8,-2.5,강한매도,음봉,전저점이탈,0.01,-2.04,2026-08-19
ADT,1.0,7.39,7392229,7621769,54.63,55.38,1.0,1.2,1.1,매수관심,양봉,완만한상승,0.62,1.74,2026-08-19
AEO,1.0,16.67,4230912,4172709,70.53,75.05,0.9,1.7,0.3,중립,위꼬리양봉,완만한상승,0.19,-0.47,2026-08-19
RWAY,1.0,6.65,634565,656834,4.22,5.79,0.7,0.1,-0.7,중립,음봉,잔구간,0.29,-0.475,2026-08-19
FPE,1.0,17.77,848417,826889,15.08,17.44,0.9,0.2,0.2,매수관심,장대양봉,잔구간,0.75,1.15,2026-08-19
RBLU,1.0,3.7,440914,456389,1.63,1.54,1.1,2.9,2.8,중립,위꼬리양봉,잔구간,0.32,-0.61,2026-08-19
AREC,1.0,2.64,2192434,2171725,5.79,8.01,0.7,1.0,-2.5,매도주의,음봉,전저점이탈,0.2,-1.81,2026-08-19
EVLV,1.0,5.64,2356963,2310777,13.29,12.4,1.1,5.5,-1.7,중립,음봉,완만한상승,0.16,-0.21,2026-08-19
KDK,1.0,3.905,979695,981472,3.83,4.66,0.8,0.0,-2.6,매도주의,음봉,전저점이탈,0.27,-1.73,2026-08-19
LTBR,1.0,8.05,530255,505566,4.27,5.95,0.7,0.4,0.5,중립,팽이도지,잔구간,0.72,0.13,2026-08-19
LRMR,1.0,4.25,1232364,1181917,5.24,4.79,1.1,3.2,1.4,매수관심,양봉,완만한상승,0.47,1.56,2026-08-19
FRVO,1.0,17.83,4490596,4457074,80.07,77.24,1.0,0.2,-0.9,강한매수,망치형,전저점부근,0.65,2.9299999999999997,2026-08-19
REPL,1.0,14.81,3441404,3477857,50.97,72.17,0.7,-2.6,-2.4,중립,음봉,잔구간,0.09,-0.595,2026-08-19
FWRD,1.0,18.52,453396,464225,8.4,12.33,0.7,1.5,-4.9,매도주의,장대음봉,전저점부근,0.19,-1.62,2026-08-19
SHMD,1.0,4.79,437368,429714,2.09,2.17,1.0,-1.0,-7.5,강한매도,장대음봉,전저점이탈,0.11,-3.22,2026-08-19
FWRG,1.0,12.49,1008852,1048434,12.6,14.01,0.9,0.9,3.1,중립,양봉,잔구간,0.54,0.375,2026-08-19
NCMI,1.0,2.64,1497020,1573933,3.95,5.85,0.7,1.6,3.1,중립,양봉,잔구간,0.87,0.57,2026-08-19
NCLH,1.0,17.34,11274881,11626875,195.51,236.87,0.8,1.6,-3.1,강한매도,장대음봉,전저점이탈,0.06,-3.28,2026-08-19
CRVS,1.0,15.4,846327,806206,13.03,12.19,1.1,2.5,1.3,중립,양봉,전고점부근,0.59,0.36,2026-08-19
CVGI,1.0,3.12,401442,422425,1.25,2.17,0.6,0.6,-5.5,매도주의,장대음봉,잔구간,0.09,-1.245,2026-08-19
CPRI,1.0,14.4,4316985,4525569,62.16,77.06,0.8,1.5,-1.6,중립,음봉,전저점부근,0.45,-0.01,2026-08-19
CTOS,1.0,9.78,782506,805090,7.65,9.88,0.8,0.7,-2.4,중립,음봉,잔구간,0.33,-0.45,2026-08-19
TSLR,1.0,15.86,1257684,1274349,19.95,16.54,1.2,1.2,7.2,강한매수,장대양봉,전고점부근,0.98,2.13,2026-08-19
WHWK,1.0,4.87,328241,314345,1.6,2.08,0.8,1.1,1.2,중립,팽이도지,전고점부근,0.52,-0.43,2026-08-19
ALHC,1.0,12.78,3993211,4097269,51.03,68.55,0.7,-0.6,-2.8,강한매도,장대음봉,전저점이탈,0.14,-3.18,2026-08-19
AMCX,1.0,12.12,486117,477148,5.89,7.7,0.8,0.0,1.5,중립,양봉,잔구간,0.9,0.59,2026-08-19
STGW,1.0,8.71,1131962,1078490,9.86,14.44,0.7,-1.2,-0.3,매도주의,위꼬리음봉,잔구간,0.07,-1.01,2026-08-19
AXTL,1.0,3.54,1180291,1127692,4.18,4.77,0.9,6.2,-25.6,강한매도,장대음봉,전저점이탈,0.05,-3.29,2026-08-19
BRCB,1.0,8.81,430256,432448,3.79,3.16,1.2,1.2,11.8,강한매수,장대양봉,전고점돌파,0.97,4.06,2026-08-19
PAX,1.0,11.46,1218240,1202193,13.96,13.56,1.0,0.8,1.0,중립,양봉,잔구간,0.52,0.36,2026-08-19
VMD,1.0,8.94,421343,438809,3.77,5.08,0.7,-0.8,-1.2,매도주의,음봉,전저점이탈,0.26,-1.74,2026-08-19
STNE,1.0,9.47,6682110,6785260,63.28,53.47,1.2,1.5,2.3,매수관심,장대양봉,잔구간,0.79,1.175,2026-08-19
MPT,1.0,4.16,8168292,8533306,33.98,40.43,0.8,0.2,3.2,매수관심,장대양봉,잔구간,0.79,1.175,2026-08-19
MNR,1.0,12.63,441025,454340,5.57,5.02,1.1,0.8,-0.6,중립,음봉,잔구간,0.09,-0.595,2026-08-19
MFA,1.0,9.1,1127986,1089738,10.26,12.92,0.8,0.4,0.7,중립,양봉,잔구간,0.46,0.325,2026-08-19
MAT,1.0,14.53,3008736,2986428,43.72,56.12,0.8,1.7,-1.5,매도주의,장대음봉,완만한상승,0.1,-1.58,2026-08-19
DNP,1.0,10.97,435243,439869,4.77,6.11,0.8,0.5,-0.1,강한매수,망치형,완만한상승,0.67,2.1,2026-08-19
MAX,1.0,13.49,446500,428579,6.02,8.23,0.7,-0.2,2.4,중립,양봉,잔구간,0.78,0.52,2026-08-19
MIR,1.0,15.6,2840192,2961557,44.31,54.43,0.8,0.1,1.7,매수관심,양봉,완만한상승,0.71,1.85,2026-08-19
GOOD,1.0,13.04,387835,381075,5.06,5.88,0.9,0.3,1.2,강한매수,장대양봉,완만한상승,0.86,3.33,2026-08-19
WTI,1.0,3.86,2744961,2795429,10.6,15.4,0.7,0.3,0.5,중립,위꼬리양봉,완만한상승,0.17,-0.5,2026-08-19
CXM,1.0,7.13,2098592,2062182,14.96,16.55,0.9,-0.4,3.6,강한매수,장대양봉,전고점돌파,0.83,3.9,2026-08-19
CWVX,1.0,17.53,1421168,1473300,24.91,24.89,1.0,2.5,-7.4,매도주의,장대음봉,잔구간,0.36,-1.085,2026-08-19
GPRE,1.0,16.03,1070789,1047486,17.16,21.45,0.8,0.9,-1.8,중립,음봉,잔구간,0.16,-0.555,2026-08-19
GPGI,1.0,13.06,1617476,1676882,21.12,18.18,1.2,1.2,3.1,매수관심,장대양봉,잔구간,0.75,1.15,2026-08-19
TSLL,1.0,9.19,114490284,119292265,1052.17,868.97,1.2,1.2,7.1,강한매수,장대양봉,전고점부근,0.96,2.1,2026-08-19
TRUG,1.0,0.96,2306349,2242818,2.21,14.66,0.2,-4.6,-7.7,중립,음봉,잔구간,0.47,-0.37,2026-08-19
ASLE,1.0,5.77,381674,370190,2.2,3.4,0.6,0.9,-0.7,중립,음봉,완만한상승,0.29,-0.05,2026-08-19
IEP,1.0,6.65,2067244,2005009,13.75,13.86,1.0,0.0,-2.6,강한매도,장대음봉,전저점이탈,0.17,-3.15,2026-08-19
IE,1.0,10.58,1299490,1351108,13.75,22.14,0.6,3.4,0.8,매수관심,팽이도지,완만한상승,0.51,0.91,2026-08-19
NMFC,1.0,7.59,399735,399654,3.03,4.0,0.8,0.3,1.6,매수관심,장대양봉,잔구간,0.92,1.25,2026-08-19
AIRJ,1.0,5.26,1689889,1762597,8.89,12.45,0.7,0.2,-1.3,강한매수,망치형,전저점부근,0.7,2.99,2026-08-19
GRNT,1.0,5.18,686182,681368,3.55,4.18,0.8,0.4,-1.1,중립,음봉,잔구간,0.09,-0.595,2026-08-19
HLIT,1.0,12.56,2149038,2130003,26.99,26.89,1.0,1.3,-2.6,매도주의,장대음봉,잔구간,0.07,-1.26,2026-08-19
HLF,1.0,12.45,1429086,1424305,17.79,22.88,0.8,1.3,-0.4,매도주의,위꼬리음봉,완만한상승,0.14,-1.03,2026-08-19
NIQ,1.0,18.31,1804873,1813309,33.05,39.19,0.8,0.4,5.3,강한매수,장대양봉,전고점돌파,0.86,3.93,2026-08-19
CRK,1.0,13.54,1779758,1767180,24.1,23.72,1.0,1.8,-2.7,매도주의,장대음봉,잔구간,0.13,-1.22,2026-08-19
STXS,1.0,1.38,752103,719838,1.04,0.93,1.1,2.2,-0.7,중립,팽이도지,완만한상승,0.33,0.7,2026-08-19
SUJA,1.0,7.39,1268898,1249354,9.38,9.19,1.0,0.4,9.6,강한매수,장대양봉,전고점돌파,0.89,3.97,2026-08-19
PATH,1.0,15.78,72840291,69473580,1149.42,1136.78,1.0,0.1,1.2,중립,위꼬리양봉,잔구간,0.41,-0.555,2026-08-19
BUYW,1.0,14.64,431115,414006,6.31,5.95,1.1,0.1,-0.1,매수관심,망치형,완만한상승,0.56,1.97,2026-08-19
CORD,1.0,3.08,18722599,18479894,57.67,51.93,1.1,-2.9,8.5,강한매수,장대양봉,완만한상승,0.67,3.1,2026-08-19
NN,1.0,18.26,2409807,2511496,44.0,66.09,0.7,0.9,-5.6,매도주의,장대음봉,잔구간,0.23,-1.16,2026-08-19
HTLD,1.0,12.665,1049406,1007720,13.29,10.61,1.3,0.3,-1.0,중립,음봉,잔구간,0.02,-0.64,2026-08-19
RLX,1.0,1.83,3695247,3609596,6.76,6.77,1.0,0.5,-0.5,중립,팽이도지,잔구간,0.57,0.04,2026-08-19
CMRE,1.0,15.13,350184,339771,5.3,5.15,1.0,0.6,0.7,매수관심,양봉,완만한상승,0.51,1.61,2026-08-19
NRGV,1.0,3.86,4729792,4656540,18.26,25.57,0.7,1.9,3.8,매수관심,양봉,완만한상승,0.76,1.91,2026-08-19
NUAI,1.0,5.4,7066435,6925409,38.16,28.35,1.3,0.0,5.3,매수관심,양봉,완만한상승,0.73,1.88,2026-08-19
WULX,1.0,15.19,381145,375680,5.79,6.2,0.9,5.2,-6.3,중립,음봉,잔구간,0.57,-0.31,2026-08-19
AI,1.0,10.38,4332935,4307913,44.98,39.88,1.1,0.7,4.4,강한매수,장대양봉,완만한상승,0.95,3.44,2026-08-19
IMPP,1.0,5.0,334902,334661,1.67,1.64,1.0,1.0,-2.0,중립,음봉,잔구간,0.24,-0.505,2026-08-19
OPEN,1.0,3.58,40292768,41379916,144.25,188.43,0.8,3.9,2.6,중립,양봉,잔구간,0.67,0.45,2026-08-19
OPRT,1.0,7.55,341977,340401,2.58,5.02,0.5,1.6,0.1,중립,위꼬리양봉,잔구간,0.04,-0.775,2026-08-19
IMMR,1.0,7.59,408415,393229,3.1,3.84,0.8,0.7,0.1,강한매수,양봉스프링,완만한상승,0.93,2.92,2026-08-19
GTM,1.0,3.82,6763257,6798652,25.84,36.21,0.7,-0.3,0.3,중립,위꼬리양봉,잔구간,0.04,-0.775,2026-08-19
NVG,1.0,12.37,589277,563744,7.29,6.11,1.2,0.5,-0.6,매도주의,장대음봉,잔구간,0.16,-1.205,2026-08-19
NVDQ,1.0,9.485,4605987,4799713,43.69,39.77,1.1,-1.4,3.3,강한매수,장대양봉,완만한상승,0.85,3.32,2026-08-19
TENX,1.0,1.9,11930769,11589774,22.67,30.8,0.7,2.9,8.6,매수관심,양봉,완만한상승,0.77,1.92,2026-08-19
AADX,1.0,17.27,1231617,1197773,21.27,21.62,1.0,1.2,-4.1,매도주의,장대음봉,전저점부근,0.12,-1.71,2026-08-19
YYAI,0.9,1.18,2021375,2154188,2.39,8.25,0.3,-9.3,-13.2,매도주의,장대음봉,잔구간,0.27,-1.14,2026-08-19
XNDU,0.9,10.37,837350,917043,8.68,10.09,0.9,0.9,-1.7,중립,음봉,잔구간,0.44,-0.385,2026-08-19
XP,0.9,16.53,5204976,5754531,86.04,73.33,1.2,2.5,1.8,강한매수,양봉,전고점돌파,0.74,2.49,2026-08-19
BEZ,0.9,11.44,1357893,1523672,15.53,18.35,0.8,-3.1,6.4,매수관심,양봉,완만한상승,0.52,1.62,2026-08-19
USIO,0.9,2.56,564588,629657,1.45,1.94,0.7,-1.2,5.3,매수관심,양봉,완만한상승,0.75,1.9,2026-08-19
NBIZ,0.9,6.51,34997742,39410451,227.84,137.59,1.7,13.1,6.2,매수관심,양봉,완만한상승,0.56,1.67,2026-08-19
NZF,0.9,12.34,411663,467646,5.08,5.78,0.9,1.0,-0.5,매도주의,장대음봉,잔구간,0.4,-1.06,2026-08-19
OBDC,0.9,11.33,3369553,3623465,38.18,55.39,0.7,0.1,-0.8,매도주의,음봉,전저점이탈,0.05,-1.99,2026-08-19
OCUL,0.9,11.73,3024296,3295618,35.47,33.42,1.1,2.5,3.9,강한매수,장대양봉,전고점돌파,0.98,4.08,2026-08-19
NUS,0.9,4.79,542896,609731,2.6,3.81,0.7,1.3,0.6,중립,위꼬리양봉,잔구간,0.35,-0.59,2026-08-19
NUV,0.9,9.03,436970,498097,3.95,4.78,0.8,0.2,0.2,매수관심,장대양봉,잔구간,1.0,1.3,2026-08-19
VFF,0.9,2.61,1062014,1134525,2.77,3.65,0.8,0.0,2.8,매수관심,양봉,완만한상승,0.82,1.98,2026-08-19
UNIT,0.9,10.33,1693541,1899986,17.49,19.62,0.9,1.7,2.5,강한매수,양봉,전고점돌파,0.92,2.7,2026-08-19
UPB,0.9,7.515,574178,631638,4.31,4.57,0.9,2.8,6.7,강한매수,장대양봉,완만한상승,0.98,3.48,2026-08-19
UPBD,0.9,19.5,681240,779633,13.28,17.46,0.8,1.0,0.7,중립,양봉,잔구간,0.59,0.405,2026-08-19
BCYC,0.9,4.14,346469,400392,1.43,1.26,1.1,1.5,2.2,매수관심,장대양봉,잔구간,0.85,1.21,2026-08-19
BSCR,0.9,19.655,418626,466543,8.23,13.19,0.6,0.1,-0.0,중립,음봉,완만한상승,0.5,0.2,2026-08-19
BSCU,0.9,16.595,573131,609454,9.51,9.56,1.0,0.2,-0.1,중립,음봉,완만한상승,0.62,0.34,2026-08-19
BSIN,0.9,1.4,1091667,1247045,1.53,1.81,0.8,-1.4,2.2,중립,양봉,잔구간,0.35,0.26,2026-08-19
BLMN,0.9,10.61,1409739,1543547,14.96,31.58,0.5,-0.6,0.1,중립,위꼬리양봉,잔구간,0.21,-0.675,2026-08-19
TTEC,0.9,1.5,732976,813620,1.1,1.29,0.9,2.1,3.4,중립,양봉,잔구간,0.74,0.495,2026-08-19
TWO,0.9,12.01,1478959,1631516,17.76,35.81,0.5,0.3,-0.2,매도주의,장대음봉,수횡파,0.33,-1.6,2026-08-19
PAYS,0.9,13.8,551338,587233,7.61,12.15,0.6,-0.1,2.2,강한매수,양봉,전고점돌파,0.78,2.54,2026-08-19
PCG,0.9,17.65,17205039,18433385,303.67,390.96,0.8,0.7,-1.7,매도주의,장대음봉,잔구간,0.11,-1.235,2026-08-19
PD,0.9,12.17,989724,1084986,12.04,12.16,1.0,-0.8,3.4,강한매수,장대양봉,수횡파,0.75,3.9,2026-08-19
PDO,0.9,12.71,741706,814909,9.43,9.01,1.0,0.8,-1.6,매도주의,장대음봉,잔구간,0.09,-1.245,2026-08-19
UA,0.9,5.13,2574975,2715818,13.21,19.5,0.7,3.0,0.8,매수관심,양봉스프링,잔구간,0.91,0.995,2026-08-19
UGP,0.9,6.55,3307978,3689336,21.67,21.68,1.0,3.6,-0.2,매수관심,팽이도지,완만한상승,0.62,1.04,2026-08-19
BTX,0.9,8.88,511721,599253,4.54,4.32,1.1,1.2,-2.3,매도주의,장대음봉,잔구간,0.25,-1.15,2026-08-19
BRBR,0.9,10.73,2964157,3230054,31.81,41.93,0.8,-0.7,4.1,매수관심,양봉,완만한상승,0.61,1.73,2026-08-19
VIVK,0.9,1.17,1189171,1350332,1.39,5.76,0.2,0.8,-1.7,중립,팽이도지,전저점부근,0.44,0.68,2026-08-19
VNDA,0.9,5.57,898030,980687,5.0,6.65,0.8,1.1,1.3,강한매수,양봉,전고점돌파,0.9,2.68,2026-08-19
VOXR,0.9,5.4,508301,556004,2.74,2.86,1.0,2.7,2.7,강한매수,장대양봉,완만한상승,0.7,3.14,2026-08-19
ARVN,0.9,9.68,494206,563415,4.78,8.52,0.6,1.9,2.5,강한매수,장대양봉,전고점돌파,0.96,4.05,2026-08-19
MORT,0.9,10.05,848628,933922,8.53,9.45,0.9,0.4,1.2,매수관심,장대양봉,전고점부근,0.67,1.75,2026-08-19
MQ,0.9,15.64,803518,885201,12.57,18.99,0.7,1.2,-0.1,매도주의,위꼬리음봉,잔구간,0.13,-0.97,2026-08-19
NEA,0.9,11.33,920142,1055576,10.43,10.02,1.0,0.4,-0.2,중립,음봉,완만한상승,0.43,0.12,2026-08-19
NEWP,0.9,6.83,542237,577846,3.7,4.37,0.8,5.5,-1.2,중립,음봉,완만한상승,0.39,0.07,2026-08-19
NABL,0.9,3.46,2886086,3306587,9.99,10.9,0.9,-1.2,2.7,매수관심,양봉,완만한상승,0.47,1.56,2026-08-19
NAC,0.9,11.81,381647,411451,4.51,4.49,1.0,0.8,0.0,매수관심,팽이도지,완만한상승,0.57,0.98,2026-08-19
NAD,0.9,11.81,565374,603144,6.68,6.79,1.0,0.6,0.3,매수관심,장대양봉,잔구간,1.0,1.3,2026-08-19
PAYO,0.9,7.1,4766389,5140057,33.84,37.61,0.9,-0.1,0.0,중립,위꼬리양봉,잔구간,0.2,-0.68,2026-08-19
CHPT,0.9,5.84,317564,371045,1.85,2.14,0.9,1.3,3.5,중립,양봉,잔구간,0.91,0.595,2026-08-19
CBRG,0.9,4.29,17109603,18973387,73.4,69.52,1.1,-2.2,-1.6,강한매수,망치형,전저점부근,0.88,3.21,2026-08-19
TME,0.9,9.02,11425040,12582189,103.05,114.66,0.9,0.1,2.5,강한매수,장대양봉,완만한상승,0.65,3.08,2026-08-19
TNYA,0.9,0.713,1942404,2079854,1.38,1.78,0.8,2.4,-0.3,중립,팽이도지,잔구간,0.5,0.0,2026-08-19
CGBD,0.9,11.33,596953,642726,6.76,7.22,0.9,0.2,0.9,중립,양봉,잔구간,0.65,0.44,2026-08-19
COHH,0.9,5.99,1609651,1715163,9.64,11.48,0.8,1.5,-13.7,강한매도,장대음봉,전저점이탈,0.11,-3.22,2026-08-19
CORZ,0.9,18.72,9751261,11117680,182.54,229.51,0.8,0.3,-1.0,중립,팽이도지,잔구간,0.48,-0.01,2026-08-19
CLYM,0.9,17.34,1286595,1449609,22.31,20.26,1.1,4.0,-4.1,중립,음봉,잔구간,0.49,-0.355,2026-08-19
CMCO,0.9,17.69,315335,355156,5.58,9.72,0.6,1.3,-1.9,중립,음봉,전저점부근,0.13,-0.39,2026-08-19
CNDT,0.9,1.46,999295,1087170,1.46,1.68,0.9,0.7,1.4,중립,위꼬리양봉,잔구간,0.29,-0.625,2026-08-19
TDUP,0.9,2.95,2458304,2795642,7.25,17.28,0.4,1.8,3.1,중립,양봉,잔구간,0.94,0.615,2026-08-19
TE,0.9,4.55,22389776,24358003,101.87,187.85,0.5,0.6,-2.8,중립,음봉,전저점부근,0.53,0.09,2026-08-19
CIM,0.9,11.76,598925,631216,7.04,10.69,0.7,0.6,-0.3,매도주의,위꼬리음봉,잔구간,0.09,-0.995,2026-08-19
DJT,0.9,8.35,4086864,4431575,34.13,40.2,0.8,1.0,2.6,중립,양봉,잔구간,0.66,0.445,2026-08-19
METC,0.9,12.06,1916435,2165477,23.11,24.88,0.9,2.8,1.2,매수관심,팽이도지,완만한상승,0.75,1.2,2026-08-19
PNNT,0.9,3.76,479580,536476,1.8,2.24,0.8,-0.3,2.7,강한매수,장대양봉,완만한상승,0.71,3.15,2026-08-19
PRAA,0.9,19.44,350543,376889,6.81,9.87,0.7,-0.2,-0.9,매도주의,위꼬리음봉,잔구간,0.18,-0.94,2026-08-19
PFN,0.9,7.06,303326,328254,2.14,2.18,1.0,0.1,0.1,중립,위꼬리양봉,잔구간,0.5,-0.5,2026-08-19
CRSR,0.9,11.35,1759355,1949176,19.97,39.2,0.5,-4.9,0.1,매수관심,양봉스프링,전저점이탈,0.83,1.15,2026-08-19
SUPV,0.9,7.65,512380,552676,3.92,5.37,0.7,0.8,-1.7,중립,음봉,전저점부근,0.29,-0.2,2026-08-19
SVRA,0.9,5.58,1298220,1387214,7.24,7.79,0.9,2.2,1.6,강한매수,양봉,완만한상승,0.9,2.08,2026-08-19
CODI,0.9,11.59,948470,1029969,10.99,11.18,1.0,2.1,-4.5,매도주의,장대음봉,잔구간,0.0,-1.3,2026-08-19
SSP,0.9,3.46,467314,505409,1.62,2.8,0.6,0.6,4.2,강한매수,장대양봉,완만한상승,0.82,3.28,2026-08-19
ELPC,0.9,10.59,469603,531232,4.97,5.6,0.9,2.9,-2.0,매도주의,장대음봉,잔구간,0.0,-1.3,2026-08-19
MAMA,0.9,16.48,432533,480564,7.13,8.12,0.9,1.5,1.2,중립,위꼬리양봉,완만한상승,0.4,-0.22,2026-08-19
LITZ,0.9,10.07,3585920,3930348,36.11,34.15,1.1,-4.4,15.9,매수관심,장대양봉,잔구간,0.93,1.26,2026-08-19
METU,0.9,18.07,5184566,5557795,93.69,99.46,0.9,-1.0,1.8,중립,양봉,잔구간,0.52,0.36,2026-08-19
MATV,0.9,12.15,499606,578697,6.07,9.67,0.6,1.1,-0.4,매도주의,위꼬리음봉,완만한상승,0.15,-1.02,2026-08-19
SNDG,0.9,9.01,8786657,9536058,79.17,67.69,1.2,6.5,-13.2,매도주의,장대음봉,잔구간,0.16,-1.205,2026-08-19
SONO,0.9,16.28,1384622,1612173,22.54,23.67,1.0,0.2,2.9,강한매수,장대양봉,완만한상승,0.63,3.06,2026-08-19
SMMT,0.9,13.11,5431233,5761453,71.2,69.65,1.0,3.8,-1.5,중립,음봉,잔구간,0.4,-0.41,2026-08-19
SMU,0.9,6.3,1165773,1233757,7.34,10.34,0.7,0.4,14.5,매수관심,장대양봉,잔구간,0.94,1.265,2026-08-19
SNAP,0.9,5.24,29988180,32345838,157.14,212.64,0.7,0.2,2.3,강한매수,양봉,완만한상승,0.84,2.01,2026-08-19
VTEX,0.9,3.63,763166,840740,2.77,3.72,0.7,0.0,2.5,매수관심,장대양봉,잔구간,0.64,1.085,2026-08-19
VYX,0.9,7.64,2083964,2379524,15.92,21.47,0.7,-0.4,1.2,매수관심,양봉,완만한상승,0.37,1.44,2026-08-19
ARI,0.9,6.9,3107227,3493864,21.44,24.4,0.9,0.4,0.7,매수관심,양봉,완만한상승,0.38,1.46,2026-08-19
FVRR,0.9,9.28,642150,734955,5.96,7.19,0.8,1.5,3.1,매수관심,장대양봉,전고점부근,0.7,1.79,2026-08-19
FLO,0.9,7.46,4485055,4760688,33.46,34.54,1.0,0.7,0.4,매수관심,팽이도지,완만한상승,0.56,0.97,2026-08-19
SLDP,0.9,2.32,2202727,2587489,5.11,7.83,0.7,1.8,0.9,강한매수,양봉스프링,완만한상승,0.75,2.7,2026-08-19
SLI,0.9,2.31,1352628,1493186,3.12,3.76,0.8,2.7,0.0,중립,팽이도지,잔구간,0.67,0.1,2026-08-19
EYE,0.9,18.92,2170188,2545343,41.06,52.07,0.8,0.7,-0.1,중립,팽이도지,잔구간,0.31,-0.115,2026-08-19
GENI,0.9,7.77,4167921,4521306,32.38,55.76,0.6,-0.3,4.0,매수관심,양봉,완만한상승,0.76,1.91,2026-08-19
GERN,0.9,1.59,8015954,9307330,12.75,18.69,0.7,2.6,1.3,강한매수,양봉스프링,완만한상승,1.0,3.0,2026-08-19
PTON,0.9,5.47,7878690,8319688,43.1,61.99,0.7,0.2,2.8,강한매수,장대양봉,완만한상승,0.88,3.36,2026-08-19
QBTX,0.9,8.35,1221384,1349712,10.2,15.33,0.7,-2.9,0.6,중립,팽이도지,전저점이탈,0.48,-0.77,2026-08-19
QDEL,0.9,13.8,1315285,1412519,18.15,28.62,0.6,2.0,0.7,중립,위꼬리양봉,완만한상승,0.21,-0.45,2026-08-19
LAR,0.9,6.19,1902594,2169148,11.78,15.94,0.7,2.3,-1.7,중립,음봉,전저점부근,0.56,0.12,2026-08-19
LBTYA,0.9,10.7,1948798,2123144,20.85,22.91,0.9,1.3,0.8,강한매수,양봉,전고점돌파,0.95,2.74,2026-08-19
LXEO,0.9,5.37,941949,1011690,5.06,5.01,1.0,2.8,5.9,강한매수,장대양봉,전고점돌파,0.9,3.98,2026-08-19
GEVO,0.9,1.54,2010715,2352870,3.1,5.32,0.6,0.7,0.0,매수관심,팽이도지,완만한상승,0.5,0.9,2026-08-19
SHOE,0.9,15.87,417655,442079,6.63,7.07,0.9,0.9,3.1,매수관심,장대양봉,잔구간,0.9,1.24,2026-08-19
GME,0.9,18.03,4887218,5337884,88.12,113.46,0.8,0.7,-0.3,중립,팽이도지,완만한상승,0.35,0.72,2026-08-19
GNL,0.9,9.01,2353797,2683344,21.21,33.84,0.6,0.6,1.3,강한매수,장대양봉,완만한상승,0.88,3.36,2026-08-19
SECZ,0.9,6.03,2758864,3202703,16.64,14.22,1.2,-1.0,3.4,중립,위꼬리양봉,완만한상승,0.43,-0.18,2026-08-19
HNST,0.9,5.02,2061129,2195920,10.35,24.74,0.4,1.1,4.6,매수관심,장대양봉,잔구간,0.82,1.19,2026-08-19
RXST,0.9,6.16,622526,707773,3.83,5.97,0.6,0.0,-3.3,매도주의,음봉,전저점이탈,0.12,-1.91,2026-08-19
RXT,0.9,3.42,7234157,8342480,24.74,34.57,0.7,1.8,-4.6,강한매도,장대음봉,전저점이탈,0.29,-3.0,2026-08-19
HBNC,0.9,19.64,453484,489524,8.91,9.85,0.9,0.2,-3.4,강한매도,장대음봉,전저점이탈,0.1,-3.23,2026-08-19
IMSR,0.9,5.69,992079,1114780,5.64,6.81,0.8,1.1,2.2,매수관심,양봉,완만한상승,0.78,1.94,2026-08-19
HUN,0.9,10.18,1935012,2184581,19.7,24.65,0.8,1.7,-0.4,매도주의,위꼬리음봉,완만한상승,0.08,-1.1,2026-08-19
IBX,0.9,18.3,359191,382381,6.57,6.63,1.0,0.0,3.8,매수관심,양봉,완만한상승,0.81,1.97,2026-08-19
KSS,0.9,18.84,3120845,3314308,58.8,61.34,1.0,0.7,0.0,매수관심,팽이도지,완만한상승,0.46,0.85,2026-08-19
KULR,0.9,2.65,992843,1066606,2.63,3.61,0.7,-0.8,3.9,강한매수,장대양봉,완만한상승,0.93,3.42,2026-08-19
KXIN,0.9,5.35,350580,377960,1.88,1.5,1.2,1.3,-0.7,매수관심,팽이도지,완만한상승,0.57,0.98,2026-08-19
QMLS,0.9,5.91,435820,472496,2.58,3.48,0.7,0.0,-12.3,매도주의,장대음봉,잔구간,0.08,-1.25,2026-08-19
QNC,0.9,2.23,488183,532573,1.09,1.05,1.0,1.8,-0.4,강한매수,망치형,완만한상승,0.71,2.15,2026-08-19
QUBT,0.9,8.42,6604434,7648674,55.61,70.47,0.8,-1.9,0.7,매수관심,양봉스프링,전저점이탈,0.78,1.09,2026-08-19
QXO,0.9,14.11,15891344,17686969,224.23,261.31,0.9,1.6,2.8,매수관심,장대양봉,잔구간,0.78,1.17,2026-08-19
LMRI,0.9,11.85,624040,682912,7.39,6.72,1.1,2.2,-3.3,중립,음봉,잔구간,0.18,-0.54,2026-08-19
ALIT,0.9,13.77,374299,434295,5.15,8.3,0.6,0.7,1.8,중립,위꼬리양봉,잔구간,0.32,-0.61,2026-08-19
ALM,0.9,16.18,6694059,7261122,108.31,102.19,1.1,2.9,0.8,강한매수,양봉스프링,완만한상승,0.83,2.8,2026-08-19
ALOY,0.9,12.51,2075445,2397088,25.96,41.06,0.6,-0.4,-7.0,매도주의,장대음봉,잔구간,0.09,-1.245,2026-08-19
INDI,0.9,4.005,10904111,12009821,43.67,39.99,1.1,0.7,-8.4,매도주의,장대음봉,잔구간,0.19,-1.185,2026-08-19
IONL,0.9,15.9,450545,514412,7.16,10.24,0.7,-3.9,0.2,중립,팽이도지,잔구간,0.56,0.035,2026-08-19
RIG,0.9,5.84,42306644,46173378,247.07,259.26,1.0,1.4,-1.0,중립,음봉,완만한상승,0.12,-0.26,2026-08-19
IFRX,0.9,2.12,958323,1016578,2.03,1.94,1.0,0.0,-2.8,중립,음봉,잔구간,0.23,-0.51,2026-08-19
KOPN,0.9,4.93,4156929,4872964,20.49,25.16,0.8,2.0,-4.1,중립,음봉,잔구간,0.35,-0.44,2026-08-19
RDTL,0.9,13.5,759354,832284,10.25,12.71,0.8,-3.3,-5.0,매도주의,음봉,전저점이탈,0.09,-1.94,2026-08-19
RDWU,0.9,8.66,442219,513835,3.83,10.1,0.4,-2.6,-6.1,중립,음봉,잔구간,0.52,-0.34,2026-08-19
REKR,0.9,0.597,1889435,2177162,1.13,1.08,1.0,-0.0,-2.2,매도주의,음봉,전저점이탈,0.48,-1.47,2026-08-19
JFR,0.9,7.61,616272,663155,4.69,4.7,1.0,0.0,-0.4,매도주의,음봉,전저점이탈,0.28,-1.71,2026-08-19
OI,0.9,6.58,2333693,2478553,15.36,19.35,0.8,1.3,2.2,매수관심,장대양봉,잔구간,0.8,1.18,2026-08-19
OIS,0.9,8.88,468205,497380,4.16,5.21,0.8,1.8,-2.7,매도주의,장대음봉,잔구간,0.12,-1.23,2026-08-19
ONDS,0.9,8.9,72041087,83104933,641.17,798.97,0.8,-1.4,-0.3,중립,망치형,잔구간,0.74,0.645,2026-08-19
NXDR,0.9,2.45,1249293,1447574,3.06,6.44,0.5,1.6,-2.4,강한매도,장대음봉,전저점이탈,0.33,-2.95,2026-08-19
ACI,0.9,12.12,5314141,5597271,64.41,78.23,0.8,-0.6,-0.2,매도주의,위꼬리음봉,잔구간,0.1,-0.99,2026-08-19
NNE,0.9,19.15,1645314,1863594,31.51,36.45,0.9,0.4,4.5,매수관심,장대양봉,잔구간,0.89,1.235,2026-08-19
NOK,0.9,10.13,89535103,100504433,906.99,781.73,1.2,3.1,-5.4,매도주의,장대음봉,잔구간,0.06,-1.265,2026-08-19
ALVO,0.9,3.99,546895,641425,2.18,2.62,0.8,1.3,-0.2,중립,팽이도지,완만한상승,0.36,0.73,2026-08-19
WU,0.9,7.2,7568596,8306785,54.49,63.36,0.9,0.0,-0.1,매도주의,위꼬리음봉,잔구간,0.13,-0.97,2026-08-19
XE,0.9,19.85,4768262,5353090,94.65,106.38,0.9,0.5,4.7,중립,양봉,잔구간,0.88,0.58,2026-08-19
AHCO,0.9,5.66,2664781,2873621,15.08,31.65,0.5,1.0,-3.7,매도주의,장대음봉,잔구간,0.1,-1.24,2026-08-19
AHRT,0.9,6.72,503999,579431,3.39,3.96,0.9,0.7,-0.3,중립,음봉,완만한상승,0.09,-0.29,2026-08-19
AIRS,0.9,2.81,1113294,1255183,3.13,4.5,0.7,0.6,3.7,매수관심,양봉,완만한상승,0.82,1.98,2026-08-19
YSS,0.8,10.18,3780987,4491497,38.49,46.17,0.8,-1.0,-1.4,중립,망치형,잔구간,0.54,0.525,2026-08-19
AIRO,0.8,8.59,440166,576900,3.78,7.81,0.5,1.3,-5.6,매도주의,장대음봉,잔구간,0.26,-1.145,2026-08-19
XIFR,0.8,11.58,454386,588664,5.26,7.45,0.7,1.6,-0.3,매수관심,팽이도지,완만한상승,0.52,0.92,2026-08-19
ADAM,0.8,10.18,731216,865400,7.44,8.23,0.9,1.0,0.0,매수관심,팽이도지,완만한상승,0.68,1.12,2026-08-19
ADNT,0.8,19.63,694964,906010,13.64,22.97,0.6,0.5,0.3,중립,위꼬리양봉,완만한상승,0.15,-0.52,2026-08-19
ORCU,0.8,7.52,4039423,5066685,30.38,40.79,0.7,0.2,1.4,중립,팽이도지,잔구간,0.73,0.14,2026-08-19
ORGO,0.8,1.91,604765,722553,1.16,2.26,0.5,0.6,6.1,강한매수,장대양봉,완만한상승,0.73,3.18,2026-08-19
UTZ,0.8,14.15,1159958,1444578,16.41,27.33,0.6,0.1,-0.2,매도주의,장대음봉,잔구간,0.0,-1.3,2026-08-19
VG,0.8,13.79,12317080,16038837,169.85,199.87,0.8,-0.5,-2.4,매도주의,장대음봉,잔구간,0.2,-1.18,2026-08-19
VIPS,0.8,14.45,1297325,1662472,18.75,27.68,0.7,0.1,1.6,매수관심,장대양봉,잔구간,0.82,1.19,2026-08-19
UMH,0.8,16.56,574035,716982,9.51,12.2,0.8,0.7,1.8,강한매수,장대양봉,완만한상승,0.83,3.3,2026-08-19
USAR,0.8,18.09,9283841,11596261,167.94,242.75,0.7,0.0,-2.3,중립,음봉,잔구간,0.17,-0.55,2026-08-19
BBD,0.8,3.05,24008045,30201565,73.22,106.69,0.7,2.6,-2.2,매도주의,장대음봉,잔구간,0.0,-1.3,2026-08-19
BCRX,0.8,10.07,2906761,3843227,29.27,39.04,0.7,2.4,1.4,강한매수,양봉,완만한상승,0.88,2.06,2026-08-19
INFQ,0.8,12.5,8612230,10829245,107.65,123.94,0.9,-1.0,-2.2,중립,음봉,잔구간,0.57,-0.31,2026-08-19
RKLZ,0.8,3.21,7047230,9030433,22.62,27.45,0.8,5.4,2.6,매수관심,양봉,완만한상승,0.44,1.53,2026-08-19
RKT,0.8,14.63,19663048,25822027,287.67,400.39,0.7,6.1,-1.5,중립,음봉,잔구간,0.18,-0.54,2026-08-19
KBWD,0.8,12.7,346795,442465,4.4,6.31,0.7,0.3,0.5,중립,양봉,잔구간,0.37,0.27,2026-08-19
KODK,0.8,9.73,690710,855458,6.72,10.35,0.6,1.2,-2.1,중립,음봉,잔구간,0.3,-0.47,2026-08-19
RDW,0.8,12.4,13872544,16441601,172.02,258.67,0.7,-2.9,-1.4,중립,망치형,잔구간,0.65,0.59,2026-08-19
JBI,0.8,5.11,1540156,1905273,7.87,9.81,0.8,1.2,-1.5,중립,음봉,잔구간,0.13,-0.57,2026-08-19
JKS,0.8,16.96,301703,386250,5.12,8.3,0.6,0.5,2.8,강한매수,장대양봉,수횡파,0.92,4.1,2026-08-19
ARR,0.8,16.48,3155241,3999391,52.0,62.92,0.8,0.4,0.2,매수관심,팽이도지,완만한상승,0.67,1.1,2026-08-19
AMPX,0.8,10.63,4053194,5197216,43.09,82.42,0.5,1.1,-1.8,중립,음봉,전저점부근,0.66,0.24,2026-08-19
AMZD,0.8,8.255,8249190,10166869,68.1,76.87,0.9,-0.7,-1.7,중립,음봉,잔구간,0.08,-0.6,2026-08-19
ANGO,0.8,16.07,305502,372542,4.91,7.54,0.7,1.5,0.1,매수관심,팽이도지,완만한상승,0.52,0.92,2026-08-19
ANGX,0.8,4.6,1907851,2366754,8.78,9.08,1.0,-1.2,-4.0,중립,음봉,잔구간,0.09,-0.595,2026-08-19
WRAP,0.8,1.61,746162,976536,1.2,1.83,0.7,1.3,0.6,매수관심,팽이도지,완만한상승,0.67,1.1,2026-08-19
WRD,0.8,6.07,1930431,2369988,11.72,19.4,0.6,-0.5,1.7,매수관심,양봉,완만한상승,0.69,1.83,2026-08-19
BDJ,0.8,9.78,308793,389367,3.02,4.26,0.7,0.2,-0.5,매도주의,장대음봉,전저점부근,0.0,-1.85,2026-08-19
BETR,0.8,13.03,651781,809724,8.49,13.7,0.6,-0.2,0.0,중립,팽이도지,전저점부근,0.36,0.58,2026-08-19
BLDP,0.8,2.5,2564406,3179417,6.41,9.46,0.7,0.8,0.4,강한매수,양봉스프링,완만한상승,0.79,2.75,2026-08-19
BMBL,0.8,2.79,2617812,3198969,7.3,10.61,0.7,0.0,2.6,강한매수,장대양봉,완만한상승,0.84,3.31,2026-08-19
PDBC,0.8,18.33,3102847,3731174,56.88,98.22,0.6,0.5,0.2,중립,위꼬리양봉,완만한상승,0.25,-0.4,2026-08-19
PDYN,0.8,6.23,874413,1062394,5.45,6.48,0.8,0.0,-0.8,중립,망치형,잔구간,0.69,0.615,2026-08-19
NTHI,0.8,4.63,400193,517719,1.85,1.72,1.1,0.0,-16.3,매도주의,장대음봉,잔구간,0.08,-1.25,2026-08-19
NEXN,0.8,10.05,382757,506084,3.85,5.73,0.7,-0.1,-1.8,매도주의,장대음봉,잔구간,0.21,-1.175,2026-08-19
NMAX,0.8,10.91,1558082,1839864,17.0,15.76,1.1,0.6,-5.1,매도주의,장대음봉,잔구간,0.2,-1.18,2026-08-19
RWT,0.8,4.83,1052556,1317511,5.08,7.57,0.7,1.5,0.6,매수관심,양봉,완만한상승,0.5,1.6,2026-08-19
RNW,0.8,6.8,2741925,3473551,18.65,31.84,0.6,0.3,-0.6,매도주의,장대음봉,잔구간,0.0,-1.3,2026-08-19
RQI,0.8,12.41,379107,474921,4.7,5.64,0.8,0.9,-0.1,강한매수,망치형,완만한상승,0.67,2.1,2026-08-19
OSUR,0.8,3.7,419152,521098,1.55,2.13,0.7,1.1,-2.4,중립,음봉,전저점부근,0.0,-0.55,2026-08-19
BFLY,0.8,9.17,3835461,4935680,35.17,51.5,0.7,0.9,1.0,중립,위꼬리양봉,잔구간,0.33,-0.6,2026-08-19
CALY,0.8,16.14,1422274,1688590,22.96,35.47,0.6,2.0,-1.9,매도주의,장대음봉,전저점부근,0.14,-1.68,2026-08-19
BTAL,0.8,11.95,357231,421262,4.27,5.81,0.7,-0.8,-0.6,중립,음봉,잔구간,0.35,-0.44,2026-08-19
BTQ,0.8,3.59,1540681,1885193,5.53,7.09,0.8,0.5,-3.5,중립,음봉,전저점부근,0.48,0.03,2026-08-19
TSSI,0.8,9.14,1066879,1316709,9.75,12.6,0.8,0.0,-3.2,중립,음봉,전저점부근,0.32,-0.17,2026-08-19
TTDU,0.8,1.3,1941424,2312008,2.52,7.09,0.4,-0.8,2.4,매수관심,양봉,완만한상승,0.6,1.72,2026-08-19
BPRE,0.8,12.06,508999,664240,6.14,9.29,0.7,0.6,-0.1,매도주의,위꼬리음봉,잔구간,0.12,-0.98,2026-08-19
AVPT,0.8,13.28,1428502,1706608,18.97,27.52,0.7,0.1,-0.4,매도주의,위꼬리음봉,잔구간,0.21,-0.925,2026-08-19
VOD,0.8,16.17,2693438,3304131,43.55,62.48,0.7,0.1,0.2,중립,위꼬리양봉,완만한상승,0.33,-0.3,2026-08-19
ARRY,0.8,4.92,4432227,5544915,21.81,40.9,0.5,0.4,2.1,매수관심,장대양봉,잔구간,0.88,1.23,2026-08-19
ASAN,0.8,9.57,3011297,3907106,28.82,42.32,0.7,1.5,2.9,매수관심,양봉,완만한상승,0.57,1.68,2026-08-19
ASC,0.8,18.39,394326,522083,7.25,8.79,0.8,1.4,0.7,중립,양봉,전고점부근,0.51,0.26,2026-08-19
ASIX,0.8,17.05,310104,381931,5.29,6.58,0.8,1.9,1.0,중립,위꼬리양봉,완만한상승,0.27,-0.38,2026-08-19
ASPN,0.8,5.45,735589,979386,4.01,16.14,0.2,0.2,-2.5,중립,음봉,전저점부근,0.04,-0.5,2026-08-19
PICS,0.8,10.5,321844,408426,3.38,5.85,0.6,1.3,1.0,중립,위꼬리양봉,완만한상승,0.43,-0.18,2026-08-19
PLAY,0.8,9.97,984460,1225810,9.82,14.95,0.7,0.2,0.2,중립,위꼬리양봉,완만한상승,0.15,-0.52,2026-08-19
MNTS,0.8,4.24,944541,1195897,4.0,6.82,0.6,2.4,-2.3,중립,음봉,전저점부근,0.36,-0.12,2026-08-19
GRND,0.8,15.59,1200088,1572361,18.71,31.94,0.6,1.5,-3.8,매도주의,장대음봉,잔구간,0.16,-1.205,2026-08-19
GSBD,0.8,9.88,753461,904556,7.44,10.65,0.7,0.0,0.8,중립,양봉,잔구간,0.79,0.525,2026-08-19
SFIX,0.8,3.36,1009374,1318860,3.39,5.53,0.6,1.8,0.9,중립,양봉,잔구간,0.5,0.35,2026-08-19
HLX,0.8,10.43,1136493,1393547,11.85,14.87,0.8,1.0,-0.5,중립,팽이도지,완만한상승,0.4,0.78,2026-08-19
HNRG,0.8,16.38,616596,739372,10.1,14.78,0.7,0.3,3.5,강한매수,장대양봉,전고점돌파,0.97,4.06,2026-08-19
HR,0.8,19.32,2335606,3105484,45.12,69.45,0.6,0.9,0.2,강한매수,양봉스프링,완만한상승,0.85,2.82,2026-08-19
HTGC,0.8,16.9,1356474,1738224,22.92,29.75,0.8,0.3,1.2,매수관심,장대양봉,잔구간,0.87,1.22,2026-08-19
MVST,0.8,0.801,5132919,6459117,4.11,6.77,0.6,0.2,5.0,매수관심,장대양봉,잔구간,0.88,1.23,2026-08-19
MX,0.8,3.33,400763,532150,1.33,2.83,0.5,0.6,-2.9,매도주의,음봉,전저점이탈,0.23,-1.77,2026-08-19
CARS,0.8,12.44,470277,555815,5.85,9.43,0.6,1.0,3.8,강한매수,장대양봉,완만한상승,0.91,3.39,2026-08-19
TMQ,0.8,3.69,826445,1059597,3.05,4.87,0.6,0.8,1.9,중립,양봉,잔구간,0.58,0.4,2026-08-19
TROX,0.8,5.73,1979814,2525891,11.34,20.58,0.6,2.0,1.4,중립,양봉,잔구간,0.48,0.34,2026-08-19
BV,0.8,11.51,842282,990963,9.69,20.87,0.5,1.1,-1.0,매도주의,위꼬리음봉,완만한상승,0.02,-1.18,2026-08-19
BVS,0.8,14.68,466986,569540,6.86,13.54,0.5,0.3,2.3,강한매수,양봉,전고점돌파,0.58,2.3,2026-08-19
BWEN,0.8,4.66,456439,545310,2.13,3.93,0.5,1.2,-5.5,중립,음봉,잔구간,0.41,-0.405,2026-08-19
BXMT,0.8,14.46,1833777,2374359,26.52,39.56,0.7,0.8,1.1,중립,양봉,잔구간,0.33,0.25,2026-08-19
LXU,0.8,10.38,599710,758476,6.22,8.5,0.7,1.7,-0.2,매도주의,위꼬리음봉,완만한상승,0.07,-1.12,2026-08-19
GDOT,0.8,13.47,357398,444247,4.81,6.21,0.8,0.0,-0.3,중립,음봉,잔구간,0.08,-0.6,2026-08-19
SHO,0.8,11.17,2048047,2600334,22.88,30.07,0.8,0.3,0.7,강한매수,양봉,전고점돌파,0.6,2.32,2026-08-19
FSCO,0.8,5.17,788128,932743,4.07,4.26,1.0,0.2,0.2,중립,팽이도지,전고점부근,0.57,-0.37,2026-08-19
HIMX,0.8,13.9,924265,1193163,12.85,23.1,0.6,1.0,-4.2,강한매도,장대음봉,전저점이탈,0.25,-3.05,2026-08-19
GPRO,0.8,0.635,6643864,8713250,4.22,4.87,0.9,0.6,6.5,매수관심,장대양봉,잔구간,0.93,1.26,2026-08-19
GRAB,0.8,3.54,29873574,36840328,105.75,133.58,0.8,0.9,1.7,중립,양봉,잔구간,0.91,0.595,2026-08-19
CLBT,0.8,11.24,6081344,7790441,68.35,78.15,0.9,-1.4,3.6,강한매수,장대양봉,완만한상승,0.8,3.26,2026-08-19
TKC,0.8,5.43,1062525,1407369,5.77,9.38,0.6,0.7,-0.2,매도주의,위꼬리음봉,잔구간,0.13,-0.97,2026-08-19
TLK,0.8,14.74,474024,602175,6.99,9.15,0.8,0.8,0.1,중립,위꼬리양봉,완만한상승,0.16,-0.51,2026-08-19
COUR,0.8,5.85,3397628,4212888,19.88,23.73,0.8,-1.6,4.5,매수관심,장대양봉,잔구간,0.89,1.235,2026-08-19
FOTO,0.8,18.64,332003,408001,6.19,9.39,0.7,1.9,-6.4,강한매도,장대음봉,전저점이탈,0.07,-3.27,2026-08-19
FRMI,0.8,5.76,22015072,28154393,126.81,153.53,0.8,0.5,-0.2,강한매수,망치형,전저점부근,0.84,3.16,2026-08-19
SITC,0.8,3.03,681769,835810,2.07,3.08,0.7,0.0,0.0,중립,팽이도지,완만한상승,0.29,0.65,2026-08-19
LPTH,0.8,13.24,2694854,3231445,35.68,38.01,0.9,0.6,-7.4,매도주의,장대음봉,잔구간,0.25,-1.15,2026-08-19
PTLO,0.8,4.91,1063586,1275536,5.22,7.62,0.7,0.4,3.4,강한매수,장대양봉,완만한상승,0.65,3.08,2026-08-19
PTY,0.8,11.74,1029695,1249549,12.09,15.84,0.8,0.6,0.0,매수관심,양봉스프링,잔구간,0.82,0.94,2026-08-19
LENZ,0.8,4.92,583507,753770,2.87,4.25,0.7,1.0,2.1,중립,양봉,잔구간,0.49,0.345,2026-08-19
LFMD,0.8,3.4,544455,714260,1.85,5.16,0.4,1.8,2.1,중립,양봉,잔구간,0.75,0.5,2026-08-19
TDOC,0.8,6.66,3226759,3923393,21.49,28.79,0.7,1.4,1.5,매수관심,장대양봉,잔구간,0.97,1.28,2026-08-19
POWW,0.8,2.28,483535,636911,1.1,1.95,0.6,1.3,-0.4,중립,망치형,잔구간,0.6,0.56,2026-08-19
MSDL,0.8,15.37,343603,439679,5.28,7.49,0.7,0.2,-0.2,매도주의,위꼬리음봉,완만한상승,0.25,-0.9,2026-08-19
MTW,0.8,19.18,366975,448712,7.04,10.23,0.7,0.0,-0.6,중립,음봉,잔구간,0.62,-0.28,2026-08-19
PFLT,0.8,7.36,799864,993619,5.89,7.95,0.7,0.1,0.4,중립,위꼬리양봉,완만한상승,0.3,-0.34,2026-08-19
PHK,0.8,4.56,638561,785891,2.91,3.35,0.9,0.4,-0.2,중립,음봉,잔구간,0.25,-0.5,2026-08-19
CRWU,0.8,4.05,6752502,8174505,27.35,43.09,0.6,2.3,-7.2,매도주의,장대음봉,잔구간,0.37,-1.08,2026-08-19
SVCO,0.8,6.67,316409,404582,2.11,3.84,0.5,1.0,-2.9,중립,음봉,잔구간,0.51,-0.345,2026-08-19
DCH,0.8,6.61,1821321,2360857,12.04,22.15,0.5,0.8,1.1,중립,양봉,잔구간,0.36,0.265,2026-08-19
EVEX,0.8,2.67,593427,747241,1.58,2.65,0.6,0.8,0.0,중립,팽이도지,잔구간,0.67,0.1,2026-08-19
VRRM,0.8,4.65,2637421,3212759,12.26,20.86,0.6,1.6,2.9,매수관심,장대양봉,잔구간,0.81,1.185,2026-08-19
VTS,0.8,16.82,364292,455785,6.13,8.43,0.7,0.5,1.7,강한매수,장대양봉,완만한상승,0.72,3.16,2026-08-19
ARCC,0.8,19.8,2890773,3832353,57.24,84.18,0.7,0.6,0.1,중립,위꼬리양봉,잔구간,0.23,-0.66,2026-08-19
FTRE,0.8,18.14,1034057,1241078,18.76,24.51,0.8,1.9,1.2,중립,양봉,잔구간,0.44,0.315,2026-08-19
DCTH,0.8,17.15,531085,653613,9.11,16.93,0.5,1.7,0.1,매수관심,팽이도지,완만한상승,0.58,1.0,2026-08-19
ELVA,0.8,7.32,529954,630228,3.88,6.31,0.6,0.0,-2.4,중립,음봉,잔구간,0.28,-0.48,2026-08-19
EMBC,0.8,5.42,1263581,1610930,6.85,10.81,0.6,0.0,6.3,강한매수,장대양봉,전고점돌파,0.97,4.06,2026-08-19
LZ,0.8,5.86,2748329,3245357,16.11,26.32,0.6,0.2,2.8,중립,양봉,전고점부근,0.48,0.23,2026-08-19
MAGN,0.8,12.03,340211,435738,4.09,8.25,0.5,1.5,-3.1,중립,음봉,잔구간,0.14,-0.565,2026-08-19
PRLD,0.8,5.78,421547,538007,2.44,2.13,1.1,1.6,-1.0,매수관심,팽이도지,완만한상승,0.5,0.9,2026-08-19
PROP,0.8,0.61,1915080,2388143,1.17,2.5,0.5,0.4,-1.6,매도주의,위꼬리음봉,잔구간,0.2,-0.93,2026-08-19
MRTN,0.8,14.83,484333,589203,7.18,9.07,0.8,0.9,-1.4,중립,음봉,잔구간,0.09,-0.595,2026-08-19
SRFM,0.8,0.692,2315316,2926274,1.6,2.05,0.8,-0.2,3.7,중립,양봉,잔구간,0.95,0.62,2026-08-19
SRXH,0.8,1.87,897244,1120133,1.68,2.05,0.8,-0.6,5.1,강한매수,장대양봉,완만한상승,0.8,3.26,2026-08-19
DV,0.8,13.29,3448477,4469002,45.83,112.31,0.4,0.2,-0.1,매도주의,위꼬리음봉,완만한상승,0.17,-1.0,2026-08-19
EVTL,0.8,0.766,7251818,9379739,5.55,14.42,0.4,0.6,-1.8,매도주의,위꼬리음봉,잔구간,0.18,-0.94,2026-08-19
ERII,0.8,7.905,889931,1171029,7.03,8.89,0.8,-0.3,0.6,매수관심,팽이도지,완만한상승,0.57,0.98,2026-08-19
FFLX,0.8,9.709,388076,500468,3.77,4.6,0.8,0.2,0.1,강한매수,양봉스프링,완만한상승,0.96,2.95,2026-08-19
FINV,0.8,4.42,484989,623345,2.14,2.51,0.9,0.5,0.5,중립,팽이도지,잔구간,0.74,0.145,2026-08-19
FIP,0.8,4.06,728273,964320,2.96,6.01,0.5,1.2,-0.5,중립,팽이도지,완만한상승,0.36,0.73,2026-08-19
XPEV,0.8,11.99,4796110,6076155,57.51,75.25,0.8,1.1,1.0,중립,양봉,잔구간,0.74,0.495,2026-08-19
ABCL,0.8,12.01,10808540,13614811,129.81,143.35,0.9,3.4,4.4,강한매수,장대양봉,전고점돌파,0.79,3.85,2026-08-19
BATL,0.8,1.36,3868007,4692084,5.26,6.32,0.8,-4.2,-0.7,중립,음봉,잔구간,0.25,-0.5,2026-08-19
NB,0.8,4.46,2631532,3272722,11.74,19.75,0.6,1.5,-3.0,매도주의,장대음봉,전저점부근,0.22,-1.59,2026-08-19
NVDX,0.8,19.32,3652123,4595942,70.56,113.81,0.6,1.6,-3.8,매도주의,장대음봉,잔구간,0.11,-1.235,2026-08-19
NVTS,0.8,12.83,11460015,13975984,147.03,185.16,0.8,1.0,-3.5,매도주의,음봉,전저점이탈,0.4,-1.57,2026-08-19
NWL,0.8,6.16,4623002,6123741,28.48,45.71,0.6,0.8,3.0,강한매수,장대양봉,완만한상승,0.75,3.2,2026-08-19
XPOF,0.8,4.96,528003,628089,2.62,8.81,0.3,0.0,-2.2,중립,음봉,잔구간,0.13,-0.57,2026-08-19
OMAH,0.8,18.53,1100010,1445199,20.38,30.95,0.7,0.3,-0.1,매도주의,위꼬리음봉,완만한상승,0.12,-1.06,2026-08-19
ONFO,0.8,2.37,1688251,2125144,4.0,28.76,0.1,4.6,4.9,중립,양봉,잔구간,1.0,0.65,2026-08-19
NXE,0.8,10.56,4325528,5106343,45.68,60.9,0.8,1.4,1.5,매수관심,양봉,완만한상승,0.8,1.96,2026-08-19
AIV,0.8,2.63,656086,841989,1.73,2.32,0.7,0.0,0.4,매수관심,팽이도지,완만한상승,0.5,0.9,2026-08-19
NNBR,0.7,3.71,1956720,2686030,7.26,17.79,0.4,1.3,-4.6,매도주의,장대음봉,잔구간,0.15,-1.21,2026-08-19
OSPN,0.7,15.77,306143,417016,4.83,7.9,0.6,0.0,-0.1,중립,팽이도지,잔구간,0.7,0.12,2026-08-19
OKLL,0.7,2.85,8570250,13000929,24.43,48.54,0.5,-0.2,8.2,매수관심,장대양봉,잔구간,0.97,1.28,2026-08-19
ACB,0.7,3.91,1802282,2455907,7.05,8.91,0.8,0.5,6.0,매수관심,장대양봉,전고점부근,0.85,1.97,2026-08-19
SSPC,0.7,10.93,16817642,23092220,183.82,363.76,0.5,-2.1,7.3,강한매수,장대양봉,완만한상승,0.63,3.06,2026-08-19
SSTK,0.7,5.52,690914,1021141,3.81,6.35,0.6,0.7,2.0,중립,양봉,잔구간,0.58,0.4,2026-08-19
ONT,0.7,16.62,502373,758794,8.35,19.68,0.4,3.0,0.2,매수관심,팽이도지,완만한상승,0.69,1.13,2026-08-19
XPER,0.7,6.27,366672,545765,2.3,4.32,0.5,0.6,-3.7,강한매도,장대음봉,전저점이탈,0.03,-3.31,2026-08-19
BANC,0.7,18.94,1577359,2143891,29.88,49.66,0.6,0.6,-2.4,매도주의,장대음봉,잔구간,0.12,-1.23,2026-08-19
BB,0.7,8.34,7049250,10242791,58.79,89.23,0.7,0.0,-2.8,중립,음봉,전저점부근,0.34,-0.14,2026-08-19
PAGS,0.7,8.59,2235111,3353249,19.2,27.94,0.7,1.8,0.0,중립,팽이도지,잔구간,0.26,-0.145,2026-08-19
PAR,0.7,19.28,700034,963217,13.5,19.69,0.7,-1.2,0.5,중립,위꼬리양봉,잔구간,0.1,-0.74,2026-08-19
ERIC,0.7,10.15,5265923,7450614,53.45,93.75,0.6,1.5,-0.9,매도주의,장대음봉,완만한상승,0.23,-1.42,2026-08-19
EQPT,0.7,19.68,1860184,2672257,36.61,50.15,0.7,2.4,-1.6,중립,음봉,완만한상승,0.47,0.16,2026-08-19
EXFY,0.7,2.44,781273,1142557,1.91,4.34,0.4,-1.7,6.1,강한매수,장대양봉,완만한상승,0.74,3.19,2026-08-19
EROC,0.7,14.36,3579831,4930525,51.41,57.73,0.9,4.3,-9.5,매도주의,장대음봉,잔구간,0.16,-1.205,2026-08-19
SNDC,0.7,7.64,441965,663934,3.38,3.82,0.9,9.6,-16.0,매도주의,장대음봉,잔구간,0.13,-1.22,2026-08-19
ESRT,0.7,4.85,1238368,1711558,6.01,8.22,0.7,0.2,3.0,강한매수,장대양봉,완만한상승,0.68,3.12,2026-08-19
FIGS,0.7,14.49,1427397,1906666,20.68,49.59,0.4,1.5,0.8,매수관심,양봉스프링,잔구간,0.92,1.0,2026-08-19
SMRT,0.7,1.38,862433,1283641,1.19,2.99,0.4,0.0,-0.7,매도주의,위꼬리음봉,잔구간,0.25,-0.9,2026-08-19
EVGO,0.7,1.53,2048478,2963322,3.13,6.35,0.5,1.3,0.7,강한매수,양봉스프링,완만한상승,0.8,2.76,2026-08-19
DSX,0.7,2.65,485233,656969,1.29,2.19,0.6,1.1,-1.1,중립,음봉,완만한상승,0.5,0.2,2026-08-19
SRAD,0.7,13.05,1369210,2077969,17.87,33.98,0.5,-0.2,1.7,매수관심,장대양봉,잔구간,0.9,1.24,2026-08-19
EVH,0.7,4.58,2559921,3626227,11.72,16.52,0.7,1.1,-1.1,강한매수,망치형,완만한상승,0.63,2.06,2026-08-19
ASTX,0.7,13.22,2199739,3293410,29.08,58.85,0.5,-0.2,-1.7,중립,망치형,잔구간,0.75,0.65,2026-08-19
STUB,0.7,6.94,7119843,10023208,49.41,68.43,0.7,-0.1,-2.5,매도주의,장대음봉,잔구간,0.18,-1.19,2026-08-19
EMAT,0.7,2.85,580896,869475,1.66,2.52,0.7,2.2,-10.7,매도주의,장대음봉,잔구간,0.29,-1.125,2026-08-19
DGXX,0.7,3.58,3039968,4272575,10.88,15.2,0.7,2.2,-2.2,강한매수,망치형,전저점부근,0.62,2.8899999999999997,2026-08-19
SPCU,0.7,11.93,2099880,2901400,25.05,59.64,0.4,2.5,-7.5,매도주의,장대음봉,잔구간,0.34,-1.095,2026-08-19
SPCM,0.7,15.34,947957,1387050,14.54,31.08,0.5,2.6,-7.5,매도주의,장대음봉,잔구간,0.34,-1.095,2026-08-19
PSFE,0.7,6.74,331324,487844,2.23,3.99,0.6,0.6,2.7,중립,양봉,잔구간,0.69,0.465,2026-08-19
PRCH,0.7,17.04,969653,1340123,16.52,21.09,0.8,0.1,2.0,매수관심,양봉,완만한상승,0.53,1.64,2026-08-19
PTEN,0.7,12.06,4324188,6059276,52.15,78.41,0.7,0.9,-1.5,중립,음봉,잔구간,0.27,-0.49,2026-08-19
MGNX,0.7,4.17,411877,558835,1.72,2.36,0.7,1.7,0.2,중립,팽이도지,완만한상승,0.39,0.77,2026-08-19
MH,0.7,13.2,641553,919137,8.47,10.18,0.8,-0.8,1.5,매수관심,양봉,완만한상승,0.37,1.44,2026-08-19
SPIR,0.7,13.7,410751,579824,5.63,8.01,0.7,-0.4,-1.1,중립,망치형,잔구간,0.72,0.63,2026-08-19
VUZI,0.7,3.01,1256574,1725518,3.78,3.88,1.0,-1.0,-1.3,중립,망치형,잔구간,0.76,0.655,2026-08-19
VSTS,0.7,13.05,989865,1464657,12.92,25.02,0.5,1.0,-0.7,중립,팽이도지,완만한상승,0.28,0.64,2026-08-19
DOLE,0.7,13.29,817134,1174556,10.86,16.06,0.7,1.5,1.4,중립,양봉,잔구간,0.64,0.435,2026-08-19
STDN,0.7,11.97,443740,671460,5.31,9.66,0.5,1.2,-3.1,중립,음봉,잔구간,0.39,-0.415,2026-08-19
SMWB,0.7,8.35,745875,1026872,6.23,11.62,0.5,0.4,-2.9,매도주의,장대음봉,잔구간,0.15,-1.21,2026-08-19
EVC,0.7,8.43,1177955,1707567,9.93,24.63,0.4,1.3,-1.2,중립,음봉,전저점부근,0.27,-0.23,2026-08-19
ARDX,0.7,4.03,3050143,4198125,12.29,29.0,0.4,2.6,0.2,매수관심,팽이도지,완만한상승,0.68,1.12,2026-08-19
ARLO,0.7,13.57,981013,1425943,13.31,24.21,0.5,1.0,0.4,매수관심,양봉스프링,잔구간,0.82,0.94,2026-08-19
CLB,0.7,12.65,421777,595837,5.34,6.59,0.8,1.4,-0.4,중립,팽이도지,완만한상승,0.4,0.78,2026-08-19
SBS,0.7,4.57,7686362,10811385,35.13,48.38,0.7,1.5,-1.1,중립,음봉,잔구간,0.0,-0.65,2026-08-19
SATL,0.7,5.53,4262634,5882829,23.57,40.74,0.6,1.4,-5.0,매도주의,장대음봉,잔구간,0.36,-1.085,2026-08-19
HLLY,0.7,3.14,803640,1127669,2.52,3.83,0.7,0.0,1.6,매수관심,양봉,완만한상승,0.45,1.54,2026-08-19
FUBO,0.7,10.33,1252937,1777598,12.94,20.36,0.6,0.4,3.0,매수관심,양봉,완만한상승,0.75,1.9,2026-08-19
TKNO,0.7,7.21,315407,431447,2.27,2.71,0.8,2.2,3.6,중립,양봉,잔구간,0.65,0.44,2026-08-19
CERT,0.7,8.36,2026419,2848281,16.94,27.16,0.6,1.2,3.1,강한매수,장대양봉,전고점돌파,0.97,4.06,2026-08-19
CMRC,0.7,2.15,766970,1032283,1.65,3.93,0.4,0.0,3.9,매수관심,양봉,완만한상승,0.57,1.68,2026-08-19
TDAY,0.7,6.73,2489874,3601093,16.76,25.79,0.6,0.3,0.4,중립,팽이도지,완만한상승,0.36,0.73,2026-08-19
SKYQ,0.7,2.54,885973,1263423,2.25,4.9,0.5,-3.6,-5.6,강한매도,장대음봉,전저점이탈,0.18,-3.13,2026-08-19
FATE,0.7,2.65,1216805,1639125,3.22,5.97,0.5,2.0,1.5,중립,양봉,잔구간,0.55,0.38,2026-08-19
PUBM,0.7,16.78,622327,923340,10.44,19.71,0.5,-0.1,-3.3,매도주의,장대음봉,수횡파,0.08,-1.9,2026-08-19
PLUG,0.7,2.25,46056834,66193997,103.63,164.97,0.6,1.4,2.7,강한매수,양봉,완만한상승,0.92,2.1,2026-08-19
POET,0.7,8.44,7782834,11769434,65.69,122.51,0.5,0.9,-1.3,중립,망치형,잔구간,0.61,0.565,2026-08-19
DBRG,0.7,15.92,1958531,2719116,31.18,53.4,0.6,-0.0,0.1,매수관심,양봉,완만한상승,0.67,1.8,2026-08-19
CIG,0.7,1.93,3065918,4660584,5.92,8.21,0.7,1.6,0.0,중립,위꼬리양봉,잔구간,0.25,-0.65,2026-08-19
PENN,0.7,18.56,1978743,2767585,36.73,53.9,0.7,0.9,0.5,중립,팽이도지,잔구간,0.62,0.07,2026-08-19
LUMN,0.7,6.13,7580232,11619469,46.47,102.52,0.5,1.5,-1.4,중립,음봉,잔구간,0.18,-0.54,2026-08-19
CTNM,0.7,16.02,545563,825268,8.74,10.58,0.8,2.6,7.7,강한매수,장대양봉,완만한상승,0.92,3.4,2026-08-19
PHAT,0.7,9.32,781954,1171056,7.29,13.84,0.5,1.8,-1.1,매도주의,위꼬리음봉,완만한상승,0.03,-1.16,2026-08-19
CRBP,0.7,9.99,345728,488861,3.45,4.38,0.8,1.1,-2.0,중립,음봉,잔구간,0.23,-0.51,2026-08-19
CRMD,0.7,8.52,1467119,2103567,12.5,14.3,0.9,1.6,2.7,강한매수,양봉,완만한상승,0.98,2.18,2026-08-19
SWIM,0.7,7.19,577986,873357,4.16,9.78,0.4,1.6,1.3,중립,양봉,잔구간,0.78,0.52,2026-08-19
ECAT,0.7,15.23,379134,539743,5.77,8.86,0.7,1.1,-0.9,매도주의,장대음봉,전저점부근,0.25,-1.55,2026-08-19
WVE,0.7,5.415,2837020,4350695,15.36,20.86,0.7,1.9,0.5,중립,위꼬리양봉,완만한상승,0.36,-0.27,2026-08-19
ACVA,0.7,7.47,4002740,5596076,29.9,52.36,0.6,0.1,-2.2,중립,음봉,잔구간,0.32,-0.46,2026-08-19
VELO,0.7,13.89,1249598,1904582,17.36,29.67,0.6,-0.8,-4.3,중립,음봉,잔구간,0.29,-0.475,2026-08-19
RLJ,0.7,11.34,1278422,1705895,14.5,22.87,0.6,0.6,0.7,중립,위꼬리양봉,전고점돌파,0.44,0.43,2026-08-19
BKD,0.7,12.12,3456911,4693825,41.9,77.3,0.5,1.5,-2.3,매도주의,장대음봉,전저점부근,0.07,-1.77,2026-08-19
BBDC,0.7,9.42,563025,791151,5.3,9.42,0.6,0.4,-0.1,중립,팽이도지,완만한상승,0.31,0.67,2026-08-19
INN,0.7,6.15,807520,1153640,4.97,6.51,0.8,0.8,1.2,매수관심,양봉,완만한상승,0.63,1.76,2026-08-19
BSBR,0.7,5.57,5170731,7101902,28.8,32.54,0.9,1.4,-1.9,강한매도,장대음봉,전저점이탈,0.2,-3.11,2026-08-19
JQC,0.7,4.79,427528,651351,2.05,2.89,0.7,0.0,0.6,매수관심,장대양봉,잔구간,1.0,1.3,2026-08-19
AMRX,0.7,18.11,1469872,2135330,26.62,33.6,0.8,1.8,-2.2,매도주의,장대음봉,잔구간,0.25,-1.15,2026-08-19
ANGI,0.7,4.8,549039,818639,2.64,5.07,0.5,0.0,3.7,매수관심,장대양봉,잔구간,0.65,1.09,2026-08-19
WDCX,0.7,18.57,1859115,2621403,34.52,60.51,0.6,0.6,-14.3,매도주의,장대음봉,잔구간,0.02,-1.29,2026-08-19
ITUB,0.7,7.37,17928454,27573045,132.13,183.71,0.7,3.3,-1.9,매도주의,장대음봉,잔구간,0.06,-1.265,2026-08-19
IRWD,0.7,4.36,1478134,2006993,6.44,9.1,0.7,3.9,-2.7,매도주의,장대음봉,완만한상승,0.3,-1.34,2026-08-19
NRDS,0.7,10.12,468958,688772,4.75,9.35,0.5,-1.1,2.8,강한매수,장대양봉,수횡파,0.78,3.94,2026-08-19
PBI,0.7,16.09,955134,1311952,15.37,26.25,0.6,0.5,-1.0,매도주의,장대음봉,잔구간,0.05,-1.27,2026-08-19
LODE,0.7,3.43,775745,1074572,2.66,3.31,0.8,1.2,-1.2,중립,팽이도지,완만한상승,0.36,0.73,2026-08-19
QUAD,0.7,10.12,322975,437091,3.27,4.84,0.7,1.3,-0.6,중립,음봉,완만한상승,0.28,-0.06,2026-08-19
QTRX,0.7,2.96,847242,1299936,2.51,3.45,0.7,2.6,7.6,강한매수,장대양봉,완만한상승,0.9,3.38,2026-08-19
LAC,0.7,3.0,8467675,11522376,25.4,34.5,0.7,2.4,-1.0,강한매수,망치형,완만한상승,0.64,2.07,2026-08-19
IHS,0.7,8.33,426521,630499,3.55,5.86,0.6,0.0,0.0,매수관심,팽이도지,완만한상승,0.5,0.9,2026-08-19
NTSK,0.7,14.7,2775932,3911515,40.81,72.49,0.6,-0.3,-4.0,매도주의,장대음봉,전저점부근,0.37,-1.41,2026-08-19
LOMA,0.7,9.42,406815,607355,3.83,5.19,0.7,1.2,1.0,중립,양봉,잔구간,0.71,0.475,2026-08-19
RR,0.7,1.63,3645774,5377729,5.94,8.26,0.7,0.6,0.6,매수관심,팽이도지,완만한상승,0.64,1.07,2026-08-19
GBDC,0.7,13.17,836912,1137119,11.02,16.53,0.7,0.0,0.8,중립,양봉,잔구간,0.5,0.35,2026-08-19
GBTG,0.7,9.45,634866,904080,6.0,10.0,0.6,0.0,0.0,중립,위꼬리양봉,완만한상승,0.0,-0.7,2026-08-19
FRNM,0.7,13.63,840131,1234144,11.45,12.44,0.9,-2.3,3.7,중립,양봉,전고점부근,0.58,0.35,2026-08-19
FRSH,0.7,13.07,6127808,9007038,80.09,98.47,0.8,-0.1,2.8,강한매수,장대양봉,전고점돌파,0.68,3.72,2026-08-19
CLOV,0.7,4.22,2883525,3993951,12.17,24.45,0.5,1.4,-1.6,중립,음봉,잔구간,0.29,-0.475,2026-08-19
CLM,0.7,6.91,2361512,3601138,16.32,20.21,0.8,0.3,0.7,중립,양봉,잔구간,0.5,0.35,2026-08-19
TGB,0.7,8.47,4480791,6020960,37.95,53.41,0.7,4.1,-2.6,중립,음봉,잔구간,0.22,-0.52,2026-08-19
THRY,0.7,2.09,750931,1070718,1.57,2.99,0.5,1.0,5.0,중립,양봉,잔구간,0.56,0.385,2026-08-19
MODD,0.7,3.32,659761,938236,2.19,1.47,1.5,0.7,8.9,강한매수,양봉,전고점돌파,0.55,2.26,2026-08-19
GT,0.7,5.99,6568381,9056067,39.34,69.18,0.6,2.0,-1.0,중립,팽이도지,잔구간,0.4,-0.06,2026-08-19
SERV,0.7,4.78,4165819,5887540,19.91,30.2,0.7,0.8,4.3,중립,양봉,잔구간,0.92,0.6,2026-08-19
CION,0.7,7.32,363262,526215,2.66,5.8,0.5,0.0,0.0,중립,위꼬리양봉,잔구간,0.07,-0.76,2026-08-19
CBRZ,0.7,8.38,1742130,2571443,14.6,13.88,1.1,2.4,1.8,중립,위꼬리양봉,완만한상승,0.16,-0.51,2026-08-19
CC,0.7,15.91,1804812,2758727,28.71,60.68,0.5,1.3,1.9,매수관심,양봉,완만한상승,0.42,1.5,2026-08-19
TRIN,0.7,18.13,732418,1001151,13.28,22.85,0.6,0.2,-0.3,중립,팽이도지,잔구간,0.47,-0.02,2026-08-19
JBGS,0.7,12.18,582566,857734,7.1,10.84,0.7,0.9,5.6,강한매수,장대양봉,전고점돌파,0.9,3.98,2026-08-19
RC,0.7,1.76,718862,973649,1.27,2.07,0.6,0.0,4.1,매수관심,장대양봉,잔구간,0.88,1.23,2026-08-19
REAX,0.7,2.79,4348441,6557267,12.13,14.31,0.8,-0.4,5.7,강한매수,장대양봉,전고점돌파,0.88,3.96,2026-08-19
BIOA,0.7,10.75,412251,575755,4.43,7.68,0.6,2.2,0.6,중립,팽이도지,잔구간,0.74,0.145,2026-08-19
VFC,0.7,14.37,4131171,6101660,59.36,92.19,0.6,1.0,-0.6,중립,음봉,잔구간,0.22,-0.52,2026-08-19
HCAT,0.7,1.69,720829,1078109,1.22,2.62,0.5,0.6,-1.7,매도주의,위꼬리음봉,잔구간,0.0,-1.05,2026-08-19
SAIL,0.7,19.19,1996601,3035442,38.31,59.57,0.6,-0.1,0.0,중립,팽이도지,잔구간,0.49,-0.005,2026-08-19
ARX,0.7,19.55,4669900,6984946,91.3,212.68,0.4,0.1,-0.2,매도주의,음봉,전고점부근,0.36,-1.32,2026-08-19
VITL,0.7,10.87,879616,1256543,9.56,20.35,0.5,-1.4,0.1,중립,팽이도지,잔구간,0.51,0.005,2026-08-19
CAPR,0.7,7.98,8565517,12644242,68.35,79.45,0.9,1.6,11.0,강한매수,장대양봉,완만한상승,0.99,3.49,2026-08-19
BYRN,0.7,3.77,374177,548142,1.41,2.4,0.6,-0.8,-2.6,매도주의,음봉,전저점이탈,0.26,-1.74,2026-08-19
BYND,0.7,14.08,2200251,3349859,30.98,36.68,0.8,-0.9,11.5,매수관심,장대양봉,잔구간,0.89,1.235,2026-08-19
OXSQ,0.7,1.42,1430937,2100770,2.03,3.15,0.6,0.0,-1.4,중립,음봉,잔구간,0.25,-0.5,2026-08-19
TRX,0.7,1.15,2451192,3654761,2.82,4.3,0.7,4.7,3.6,강한매수,양봉,완만한상승,0.86,2.03,2026-08-19
TSLX,0.7,18.7,334017,456455,6.25,10.33,0.6,-0.2,1.1,매수관심,양봉,완만한상승,0.54,1.65,2026-08-19
ALTO,0.6,4.19,1074109,1707159,4.5,10.41,0.4,0.7,-1.9,중립,음봉,잔구간,0.5,-0.35,2026-08-19
ACHR,0.6,6.45,26609637,48198652,171.63,331.16,0.5,-0.4,2.5,중립,양봉,잔구간,0.95,0.62,2026-08-19
BAER,0.6,1.16,874641,1525459,1.01,2.91,0.3,0.9,-0.9,매도주의,위꼬리음봉,잔구간,0.2,-0.93,2026-08-19
BAOS,0.6,0.521,5170875,9341036,2.69,9.63,0.3,-3.4,11.7,강한매수,양봉,완만한상승,0.83,2.0,2026-08-19
KRP,0.6,15.04,712958,1138452,10.72,18.12,0.6,0.4,0.5,중립,양봉,잔구간,0.87,0.57,2026-08-19
KREF,0.6,7.51,439685,681422,3.3,6.41,0.5,1.5,1.6,중립,양봉,잔구간,0.5,0.35,2026-08-19
ONDL,0.6,8.54,1155184,1976033,9.87,18.99,0.5,-3.9,0.1,매수관심,양봉스프링,잔구간,0.78,0.92,2026-08-19
ADTN,0.6,8.01,1333206,2077425,10.68,17.94,0.6,1.5,-2.6,중립,음봉,잔구간,0.49,-0.355,2026-08-19
SMCZ,0.6,3.47,3516856,6337867,12.2,20.18,0.6,1.5,2.4,중립,팽이도지,잔구간,0.54,0.025,2026-08-19
SPRY,0.6,6.38,1212559,1962025,7.74,12.62,0.6,1.9,-0.6,매도주의,위꼬리음봉,완만한상승,0.13,-1.04,2026-08-19
EU,0.6,1.08,2318259,3809057,2.5,4.6,0.5,0.0,0.9,중립,위꼬리양봉,전저점부근,0.25,-0.55,2026-08-19
ARKO,0.6,4.7,973177,1719224,4.57,8.53,0.5,0.0,-0.4,중립,망치형,잔구간,0.69,0.615,2026-08-19
APPX,0.6,12.85,1273810,2265672,16.37,39.17,0.4,-0.8,3.2,중립,양봉,잔구간,0.64,0.435,2026-08-19
VWAV,0.6,1.23,837537,1460762,1.03,6.03,0.2,-2.3,-5.4,중립,음봉,잔구간,0.16,-0.555,2026-08-19
SPCF,0.6,14.94,2833633,4472887,42.33,89.48,0.5,2.1,-7.1,매도주의,장대음봉,잔구간,0.35,-1.09,2026-08-19
SPCH,0.6,8.94,24184209,41046608,216.21,435.57,0.5,1.9,-7.2,매도주의,장대음봉,잔구간,0.35,-1.09,2026-08-19
ENHA,0.6,1.61,1047330,1691303,1.69,2.98,0.6,4.3,-5.3,매도주의,장대음봉,잔구간,0.19,-1.185,2026-08-19
DHC,0.6,8.1,1029174,1587562,8.34,17.95,0.5,1.1,0.4,중립,위꼬리양봉,완만한상승,0.17,-0.5,2026-08-19
PSO,0.6,16.06,423642,689213,6.8,12.18,0.6,0.0,0.6,중립,양봉,잔구간,0.36,0.265,2026-08-19
MLCO,0.6,5.48,878903,1389976,4.82,8.66,0.6,0.6,0.2,중립,팽이도지,잔구간,0.57,0.04,2026-08-19
NCT,0.6,4.0,1249247,2021810,5.0,6.42,0.8,0.0,2.8,중립,위꼬리양봉,전고점돌파,0.34,0.31,2026-08-19
ACDC,0.6,4.7,1155161,1786718,5.43,11.54,0.5,1.2,-8.7,매도주의,장대음봉,잔구간,0.05,-1.27,2026-08-19
EGHT,0.6,2.1,754420,1215320,1.58,3.43,0.5,0.0,2.4,매수관심,장대양봉,잔구간,0.75,1.15,2026-08-19
EIDO,0.6,12.58,571827,927902,7.19,13.34,0.5,0.5,-0.3,매도주의,장대음봉,완만한상승,0.33,-1.3,2026-08-19
SID,0.6,0.88,1735268,2694547,1.53,2.73,0.6,2.2,-4.7,매도주의,장대음봉,잔구간,0.16,-1.205,2026-08-19
LXRX,0.6,2.41,1776304,2737070,4.28,7.36,0.6,1.7,-2.0,중립,음봉,잔구간,0.24,-0.505,2026-08-19
FBIO,0.6,2.85,536559,923269,1.53,2.25,0.7,0.7,-2.7,중립,음봉,잔구간,0.43,-0.39,2026-08-19
TBLA,0.6,3.86,1651634,2750867,6.38,16.21,0.4,-0.5,1.3,중립,양봉,잔구간,0.36,0.265,2026-08-19
LUNR,0.6,18.52,9968549,16215495,184.62,230.35,0.8,-1.7,-2.4,중립,망치형,잔구간,0.64,0.585,2026-08-19
LASE,0.6,1.33,1118421,1750458,1.49,2.4,0.6,-0.7,-0.7,중립,팽이도지,잔구간,0.41,-0.055,2026-08-19
MBOT,0.6,1.55,723623,1148698,1.12,1.67,0.7,2.0,3.3,매수관심,장대양봉,잔구간,0.88,1.23,2026-08-19
PMT,0.6,9.54,813649,1263485,7.76,10.88,0.7,1.1,0.1,중립,위꼬리양봉,완만한상승,0.18,-0.48,2026-08-19
ECC,0.6,3.82,545793,904611,2.08,3.57,0.6,0.3,0.8,중립,팽이도지,잔구간,0.54,0.025,2026-08-19
CRF,0.6,6.61,1682906,2675823,11.12,13.68,0.8,0.3,0.9,매수관심,장대양봉,잔구간,0.67,1.1,2026-08-19
CNNE,0.6,15.12,367157,607313,5.55,8.34,0.7,0.7,0.2,중립,위꼬리양봉,완만한상승,0.08,-0.6,2026-08-19
TH,0.6,17.04,675670,1102002,11.51,21.47,0.5,0.1,-2.5,중립,음봉,잔구간,0.02,-0.64,2026-08-19
TIC,0.6,9.2,1333310,2289741,12.27,29.42,0.4,1.2,-2.2,매도주의,음봉,전저점이탈,0.21,-1.8,2026-08-19
GCTS,0.6,1.98,1548335,2396449,3.07,6.65,0.5,3.6,-1.0,중립,팽이도지,잔구간,0.5,0.0,2026-08-19
GAB,0.6,5.72,411479,637620,2.35,4.08,0.6,0.5,-0.3,중립,음봉,완만한상승,0.17,-0.2,2026-08-19
TAC,0.6,12.38,924832,1574174,11.45,21.33,0.5,0.8,-1.5,중립,음봉,잔구간,0.29,-0.475,2026-08-19
FOSL,0.6,5.69,550973,904734,3.14,5.97,0.5,0.7,2.7,매수관심,양봉,완만한상승,0.47,1.56,2026-08-19
CERS,0.6,2.85,1604075,2765450,4.57,7.61,0.6,3.2,0.1,매수관심,팽이도지,완만한상승,0.48,0.88,2026-08-19
GRRR,0.6,14.59,679870,1080542,9.92,14.77,0.7,-1.5,-2.5,중립,음봉,잔구간,0.21,-0.525,2026-08-19
GO,0.6,11.3,2188073,3617705,24.73,36.06,0.7,-0.2,2.4,매수관심,양봉,완만한상승,0.78,1.94,2026-08-19
SES,0.6,0.548,7417459,12120508,4.06,8.66,0.5,3.5,-0.4,강한매수,망치형,완만한상승,0.71,2.15,2026-08-19
HRZN,0.6,5.08,559450,947559,2.84,4.34,0.7,-0.2,0.8,강한매수,장대양봉,완만한상승,0.61,3.03,2026-08-19
MRLN,0.6,3.315,875087,1450025,2.9,5.4,0.5,2.7,-2.5,중립,음봉,잔구간,0.6,-0.29,2026-08-19
BW,0.6,9.11,4468660,7578280,40.71,64.51,0.6,0.0,-0.3,중립,망치형,잔구간,0.86,0.715,2026-08-19
GFR,0.6,6.18,353217,585020,2.18,3.19,0.7,0.2,-3.4,매도주의,장대음봉,잔구간,0.1,-1.24,2026-08-19
HYLN,0.6,3.67,2700003,4190703,9.91,16.82,0.6,0.3,-5.2,매도주의,음봉,전저점이탈,0.23,-1.77,2026-08-19
BRSP,0.6,4.91,598778,936712,2.94,5.54,0.5,0.4,0.8,매수관심,양봉,완만한상승,0.38,1.46,2026-08-19
TTD,0.6,13.54,14828722,23328368,200.78,662.42,0.3,-0.1,1.0,매수관심,양봉,완만한상승,0.59,1.71,2026-08-19
ASTN,0.6,4.541,677600,1123969,3.08,7.75,0.4,0.0,1.1,중립,위꼬리양봉,완만한상승,0.25,-0.4,2026-08-19
MNTN,0.6,12.82,806613,1419514,10.34,17.22,0.6,0.5,2.1,매수관심,양봉,완만한상승,0.69,1.83,2026-08-19
KVYO,0.6,18.2,3767012,6713034,68.56,157.13,0.4,-0.1,2.3,매수관심,양봉,완만한상승,0.6,1.72,2026-08-19
QYLD,0.6,18.21,1664303,2669659,30.31,52.96,0.6,0.1,0.0,강한매수,양봉스프링,완만한상승,1.0,3.0,2026-08-19
OTF,0.6,11.16,1790575,2894786,19.98,36.09,0.6,0.3,0.1,중립,팽이도지,잔구간,0.32,-0.11,2026-08-19
LOFF,0.6,15.01,2296172,3767512,34.47,72.92,0.5,2.5,-7.1,매도주의,장대음봉,잔구간,0.36,-1.085,2026-08-19
BSCQ,0.6,19.57,518984,889728,10.16,22.72,0.4,0.1,0.0,매수관심,양봉스프링,전고점부근,1.0,1.65,2026-08-19
BOBS,0.6,18.45,509846,866233,9.41,23.39,0.4,2.4,-2.1,중립,음봉,완만한상승,0.12,-0.26,2026-08-19
NRXP,0.6,3.33,713627,1147927,2.38,5.32,0.4,2.6,-5.7,매도주의,장대음봉,수횡파,0.05,-1.94,2026-08-19
JACK,0.6,17.15,687722,1222996,11.79,19.63,0.6,0.6,1.9,중립,위꼬리양봉,완만한상승,0.31,-0.33,2026-08-19
AMPY,0.6,4.79,714254,1114993,3.42,6.06,0.6,1.2,-1.8,중립,음봉,잔구간,0.09,-0.595,2026-08-19
JMIA,0.6,6.73,1375706,2183676,9.26,15.3,0.6,2.5,3.5,강한매수,양봉,전고점돌파,0.9,2.68,2026-08-19
RRGB,0.6,9.51,349743,541985,3.33,5.35,0.6,0.2,-7.0,매도주의,장대음봉,잔구간,0.05,-1.27,2026-08-19
LFTO,0.6,19.51,781847,1375194,15.25,28.39,0.5,-0.8,0.1,매수관심,팽이도지,전저점부근,0.55,0.81,2026-08-19
RCAT,0.6,9.89,5815774,9837209,57.52,116.0,0.5,-1.4,-1.7,중립,음봉,잔구간,0.43,-0.39,2026-08-19
UPWK,0.6,8.69,2713824,4881585,23.58,48.38,0.5,-0.1,2.5,매수관심,양봉,완만한상승,0.43,1.52,2026-08-19
AMPG,0.6,3.57,2310243,4116793,8.25,16.9,0.5,0.8,0.3,강한매수,양봉스프링,전저점부근,0.89,3.72,2026-08-19
UWMC,0.6,1.49,10494462,18996823,15.64,47.22,0.3,2.8,0.7,중립,위꼬리양봉,잔구간,0.24,-0.655,2026-08-19
AMPL,0.6,12.83,1458189,2551221,18.71,32.94,0.6,-0.2,2.1,중립,양봉,잔구간,0.87,0.57,2026-08-19
ACP,0.6,5.19,310641,506815,1.61,2.43,0.7,0.0,-0.2,중립,팽이도지,잔구간,0.44,-0.035,2026-08-19
ABX,0.6,9.15,493332,796627,4.51,6.41,0.7,0.8,0.8,중립,위꼬리양봉,잔구간,0.23,-0.66,2026-08-19
ABEO,0.6,6.13,1300703,2201859,7.97,14.64,0.5,2.4,-2.9,매도주의,장대음봉,잔구간,0.1,-1.24,2026-08-19
ZTG,0.5,1.64,765407,1513871,1.26,15.12,0.1,-2.1,-13.7,중립,음봉,전저점부근,0.53,0.09,2026-08-19
AKAN,0.5,4.06,361909,756936,1.47,15.48,0.1,-8.6,-8.6,강한매도,장대음봉,전저점이탈,0.18,-3.13,2026-08-19
ONDG,0.5,3.36,2668406,5537742,8.97,17.96,0.5,-2.9,-0.3,중립,망치형,잔구간,0.75,0.65,2026-08-19
VERX,0.5,13.52,1415432,2798678,19.14,33.79,0.6,1.8,3.5,강한매수,장대양봉,전고점돌파,0.76,3.81,2026-08-19
AVAH,0.5,13.16,2481008,4658408,32.65,43.45,0.8,2.0,1.9,강한매수,양봉,전고점돌파,1.0,2.8,2026-08-19
BGS,0.5,3.55,1284951,2492651,4.56,9.75,0.5,1.4,1.4,매수관심,양봉,완만한상승,0.56,1.67,2026-08-19
USA,0.5,6.02,781971,1505135,4.71,7.79,0.6,0.0,0.2,중립,위꼬리양봉,완만한상승,0.14,-0.53,2026-08-19
BCAT,0.5,15.9,404701,787371,6.43,10.68,0.6,0.6,0.3,매수관심,양봉,완만한상승,0.68,1.82,2026-08-19
BORR,0.5,4.4,4239585,9112496,18.65,33.34,0.6,1.8,-2.4,매도주의,장대음봉,잔구간,0.21,-1.175,2026-08-19
VLN,0.5,1.82,688283,1303303,1.25,2.11,0.6,0.5,-1.1,중립,팽이도지,잔구간,0.52,0.01,2026-08-19
BZAI,0.5,0.51,4658965,8999818,2.38,8.28,0.3,2.1,-10.5,매도주의,장대음봉,잔구간,0.14,-1.215,2026-08-19
CVRX,0.5,2.82,586676,1297832,1.65,7.09,0.2,0.0,2.5,매수관심,양봉,완만한상승,0.75,1.9,2026-08-19
CLBK,0.5,11.69,3200790,5873652,37.42,68.18,0.5,0.0,-1.1,중립,음봉,잔구간,0.44,-0.385,2026-08-19
VTRS,0.5,16.245,5677005,10904035,92.22,206.54,0.4,1.5,-1.1,중립,음봉,완만한상승,0.04,-0.35,2026-08-19
SLN,0.5,13.61,977258,2150979,13.3,47.03,0.3,3.5,-6.7,매도주의,장대음봉,잔구간,0.12,-1.23,2026-08-19
DEI,0.5,11.82,801317,1568480,9.47,22.95,0.4,1.0,1.1,중립,양봉,잔구간,0.41,0.295,2026-08-19
DPRO,0.5,4.46,438153,831447,1.95,3.97,0.5,2.9,-2.8,중립,음봉,완만한상승,0.54,0.25,2026-08-19
ARCO,0.5,7.78,761080,1512653,5.92,9.46,0.6,0.8,0.3,중립,팽이도지,잔구간,0.4,-0.06,2026-08-19
SPAL,0.5,15.09,1022630,2096651,15.43,36.1,0.4,1.9,-7.3,매도주의,장대음봉,잔구간,0.34,-1.095,2026-08-19
SPCE,0.5,3.21,5779341,12615303,18.55,32.82,0.6,-0.3,0.9,매수관심,팽이도지,완만한상승,0.69,1.13,2026-08-19
WNC,0.5,12.16,412284,901333,5.01,10.93,0.5,1.5,-0.5,매도주의,위꼬리음봉,완만한상승,0.11,-1.07,2026-08-19
RPAY,0.5,3.69,322879,671959,1.19,1.97,0.6,-0.3,0.8,중립,위꼬리양봉,완만한상승,0.32,-0.32,2026-08-19
RPC,0.5,8.7,437506,801847,3.81,6.15,0.6,0.7,1.4,중립,양봉,잔구간,0.77,0.51,2026-08-19
RPD,0.5,12.205,1026614,2111366,12.53,33.98,0.4,0.0,-3.1,중립,음봉,잔구간,0.31,-0.465,2026-08-19
IIIV,0.5,16.49,336462,669482,5.55,12.9,0.4,0.1,2.1,매수관심,양봉,완만한상승,0.44,1.53,2026-08-19
HELP,0.5,11.78,734630,1411558,8.65,23.56,0.4,1.8,-0.8,중립,팽이도지,완만한상승,0.37,0.74,2026-08-19
RZLV,0.5,2.5,5333255,9759083,13.33,26.01,0.5,0.6,1.4,중립,양봉,잔구간,0.82,0.54,2026-08-19
GLND,0.5,1.41,1282919,2722216,1.81,3.89,0.5,0.0,8.5,강한매수,장대양봉,완만한상승,1.0,3.5,2026-08-19
SIDU,0.5,2.45,3729040,7105416,9.14,15.84,0.6,0.4,0.0,강한매수,양봉스프링,완만한상승,0.89,2.87,2026-08-19
NEOV,0.5,3.34,1019765,1917087,3.41,6.99,0.5,0.4,-2.9,중립,음봉,잔구간,0.46,-0.375,2026-08-19
OPFI,0.5,7.18,586571,1186612,4.21,12.06,0.3,1.6,1.0,매수관심,양봉,완만한상승,0.65,1.78,2026-08-19
AMBP,0.5,5.23,982859,1792136,5.14,11.04,0.5,1.2,1.8,강한매수,장대양봉,완만한상승,0.62,3.04,2026-08-19
AMAU,0.5,15.03,315466,613163,4.74,8.66,0.5,-1.3,-5.8,매도주의,장대음봉,전저점부근,0.29,-1.5,2026-08-19
LUNL,0.5,6.24,1087731,2242322,6.79,12.48,0.5,-4.4,-4.1,중립,망치형,잔구간,0.65,0.59,2026-08-19
LION,0.5,11.58,1608248,3095884,18.62,38.11,0.5,0.1,-1.0,중립,음봉,전저점부근,0.18,-0.33,2026-08-19
PLX,0.5,2.35,477242,1035768,1.12,2.24,0.5,1.3,-0.8,매수관심,망치형,완만한상승,0.57,1.98,2026-08-19
MSFD,0.5,10.64,940662,1784388,10.01,21.44,0.5,0.4,-0.8,중립,음봉,잔구간,0.53,-0.33,2026-08-19
LFST,0.5,12.83,2637656,5114915,33.84,67.34,0.5,2.8,1.0,강한매수,양봉스프링,전고점돌파,0.95,3.54,2026-08-19
ARMG,0.5,17.15,477382,948262,8.19,18.15,0.5,2.2,-5.1,중립,음봉,잔구간,0.3,-0.47,2026-08-19
IRT,0.5,16.62,1414600,2625933,23.51,48.85,0.5,0.7,0.8,강한매수,양봉,완만한상승,0.83,2.0,2026-08-19
RUM,0.5,8.32,3017100,6071008,25.1,32.29,0.8,0.4,2.3,매수관심,양봉,완만한상승,0.44,1.53,2026-08-19
IHRT,0.5,3.11,474863,942787,1.48,2.74,0.5,0.7,2.6,강한매수,장대양봉,완만한상승,0.85,3.32,2026-08-19
KPTI,0.5,2.0,792127,1557363,1.58,3.2,0.5,0.0,3.6,강한매수,장대양봉,완만한상승,0.82,3.28,2026-08-19
RLMD,0.5,4.83,595935,1103122,2.88,6.45,0.4,1.9,-2.2,중립,음봉,잔구간,0.21,-0.525,2026-08-19
ZENA,0.4,2.0,2496288,7070401,4.99,20.35,0.2,-1.5,-0.5,중립,팽이도지,잔구간,0.62,0.07,2026-08-19
XFOR,0.4,4.16,406049,1060472,1.69,3.73,0.5,1.0,-2.1,중립,음봉,잔구간,0.1,-0.59,2026-08-19
RMAX,0.4,14.41,314876,817947,4.54,9.3,0.5,0.0,5.9,강한매수,장대양봉,전고점돌파,0.94,4.03,2026-08-19
SMCX,0.4,11.78,4519385,12592192,53.24,121.99,0.4,-1.4,-3.2,중립,음봉,잔구간,0.42,-0.4,2026-08-19
SMCL,0.4,16.42,754336,1765354,12.39,23.0,0.5,-1.3,-3.2,중립,음봉,잔구간,0.43,-0.39,2026-08-19
CURI,0.4,2.92,1405076,3569886,4.1,12.31,0.3,0.0,2.1,매수관심,양봉,완만한상승,0.58,1.7,2026-08-19
CYCU,0.4,0.692,3937180,8873661,2.72,11.51,0.2,-0.0,-5.5,중립,음봉,잔구간,0.23,-0.51,2026-08-19
STIM,0.4,3.14,1309469,3153053,4.11,15.22,0.3,0.3,-0.6,중립,팽이도지,잔구간,0.49,-0.005,2026-08-19
AVEX,0.4,18.9,766699,1842992,14.49,34.09,0.4,0.4,-5.4,강한매도,장대음봉,전저점이탈,0.18,-3.13,2026-08-19
XHLD,0.4,7.64,779481,2031184,5.96,56.63,0.1,-2.0,18.3,중립,양봉,전고점부근,0.67,0.45,2026-08-19
PAL,0.4,5.41,461277,1121114,2.5,6.77,0.4,0.0,-3.7,매도주의,장대음봉,잔구간,0.04,-1.275,2026-08-19
HTZ,0.4,2.16,24528571,58349322,52.98,199.03,0.3,-0.1,3.9,중립,양봉,잔구간,0.76,0.505,2026-08-19
SION,0.4,6.25,1873737,4235734,11.71,50.6,0.2,2.5,2.6,강한매수,양봉,완만한상승,0.92,2.1,2026-08-19
OTLK,0.3,0.69,20760414,60849766,14.33,27.68,0.5,1.1,-2.5,중립,음봉,잔구간,0.41,-0.405,2026-08-19
CCO,0.3,2.37,5168515,15499829,12.25,28.0,0.4,0.4,-0.4,중립,음봉,완만한상승,0.5,0.2,2026-08-19
GXAI,0.2,0.854,1343646,6895170,1.15,14.7,0.1,8.0,-3.0,중립,팽이도지,완만한상승,0.39,0.77,2026-08-19
DFSC,0.1,1.9,585435,5445035,1.11,36.83,0.0,-3.4,-5.0,중립,음봉,잔구간,0.26,-0.495,2026-08-19
