ticker,ratio,latest_close,latest_volume,baseline_volume,dollar_volume_M,avg_dollar_vol_10d_M,dollar_surge_x,signal_gap_%,intraday_chg_%,candle_signal,candle_shape,candle_pos,close_pos,candle_score,latest_date
TRUG,783.1,1.09,39582795,50547,43.15,10.35,4.2,11.0,-36.3,매도주의,장대음봉,잔구간,0.05,-1.27,2026-08-18
XOS,425.1,4.44,110132708,259049,488.99,7.13,68.6,116.7,-2.0,매수관심,팽이도지,전고점돌파,0.46,1.45,2026-08-18
BIAF,400.9,0.473,170147099,424440,80.53,0.17,460.2,35.7,-11.1,중립,음봉,잔구간,0.28,-0.48,2026-08-18
TNON,186.6,5.45,11428134,61250,62.28,0.72,87.1,3.5,7.1,매수관심,양봉,완만한상승,0.51,1.61,2026-08-18
SGLY,137.6,3.49,13334858,96906,46.54,1.71,27.2,50.3,-48.3,강한매도,장대음봉,전저점이탈,0.06,-3.28,2026-08-18
CAST,123.5,2.1,154052780,1247037,323.51,1.3,249.6,0.0,144.2,강한매수,장대양봉,전고점돌파,0.86,3.93,2026-08-18
OSRH,73.3,0.43,146884107,2004660,63.16,22.16,2.9,9.0,-33.1,중립,음봉,잔구간,0.14,-0.565,2026-08-18
IVF,66.7,1.43,3799533,56961,5.43,18.44,0.3,2.0,-8.3,중립,음봉,잔구간,0.35,-0.44,2026-08-18
MSS,59.6,1.57,10490392,175907,16.47,0.39,42.5,-2.1,9.8,강한매수,양봉,전고점돌파,0.67,2.4,2026-08-18
CDTG,56.0,3.29,37465850,668606,123.26,2.64,46.7,5.0,11.9,강한매도,위꼬리양봉,전고점부근,0.14,-2.88,2026-08-18
SAGT,52.5,0.781,18541500,353034,14.48,0.61,23.9,3.1,16.8,중립,양봉,잔구간,0.51,0.355,2026-08-18
GNPX,38.5,3.95,4292444,111375,16.96,0.77,22.0,-5.3,-6.8,강한매도,위꼬리음봉,전저점이탈,0.12,-2.71,2026-08-18
SXTC,37.9,5.13,13226088,348856,67.85,11.29,6.0,27.7,7.1,강한매수,양봉,전고점돌파,0.69,2.43,2026-08-18
WEAV,31.5,7.28,49373160,1568811,359.44,9.04,39.8,31.8,-0.1,중립,위꼬리음봉,전고점돌파,0.0,-0.6,2026-08-18
HCWB,22.8,2.13,1237428,54227,2.64,0.18,14.7,0.0,-15.5,매도주의,음봉,전저점이탈,0.08,-1.95,2026-08-18
JAB,18.3,9.94,1884351,102744,18.73,4.91,3.8,0.0,0.1,강한매수,양봉,전고점돌파,0.75,2.5,2026-08-18
WFF,18.1,2.22,25878056,1427310,57.45,25.95,2.2,23.5,-11.0,중립,음봉,완만한상승,0.09,-0.29,2026-08-18
BRBS,16.8,3.96,4002058,238882,15.85,3.52,4.5,1.0,-2.0,매도주의,장대음봉,잔구간,0.11,-1.235,2026-08-18
CMND,15.8,1.96,835580,52864,1.64,0.15,11.2,-0.5,4.3,강한매도,위꼬리양봉,전고점부근,0.26,-2.74,2026-08-18
FCUV,14.0,7.795,970750,69566,7.57,3.04,2.5,0.8,19.2,강한매수,양봉,전고점돌파,0.37,2.04,2026-08-18
VOGX,13.1,19.75,776165,59125,15.33,2.77,5.5,18.3,6.0,강한매수,양봉,전고점돌파,0.9,2.68,2026-08-18
FBY,12.5,8.05,921531,73500,7.42,0.99,7.5,-2.4,-1.8,강한매도,장대음봉,전저점이탈,0.1,-3.23,2026-08-18
CXAI,10.9,4.26,2369027,217341,10.09,1.39,7.3,-2.2,-2.1,매도주의,팽이도지,전저점이탈,0.28,-1.01,2026-08-18
DVLT,10.8,0.387,154080998,14230156,59.58,9.56,6.2,12.2,7.6,강한매수,양봉,전고점돌파,0.8,2.56,2026-08-18
HAO,10.4,4.49,2173580,208997,9.76,1.56,6.2,0.7,9.2,매수관심,양봉,완만한상승,0.72,1.86,2026-08-18
KLAR,9.8,15.06,34554067,3536263,520.38,73.74,7.1,-19.7,-3.8,강한매도,음봉,전저점이탈,0.04,-2.0,2026-08-18
OBIO,9.6,5.66,2063439,214667,11.68,0.82,14.2,0.4,19.4,강한매수,장대양봉,전고점돌파,0.9,3.98,2026-08-18
MSFO,9.0,12.16,902195,100588,10.97,1.77,6.2,-0.2,-0.6,중립,음봉,잔구간,0.32,-0.46,2026-08-18
DUOT,8.9,11.59,5690921,639919,65.96,10.66,6.2,12.1,0.6,매수관심,팽이도지,전고점돌파,0.33,1.3,2026-08-18
RCON,8.8,3.34,4650553,530422,15.53,3.45,4.5,-5.1,-21.4,강한매도,위꼬리음봉,전저점이탈,0.09,-2.74,2026-08-18
EMAT,8.3,3.12,1968197,238141,6.14,2.04,3.0,-1.6,13.7,중립,양봉,잔구간,0.49,0.345,2026-08-18
GSUN,8.2,0.32,6744336,822174,2.15,0.75,2.9,2.0,2.7,중립,양봉,잔구간,0.58,0.4,2026-08-18
KIDZ,7.6,4.72,1397367,183827,6.6,0.99,6.6,-2.5,18.9,강한매수,장대양봉,완만한상승,0.97,3.46,2026-08-18
EYPT,7.5,5.47,16238028,2159921,88.82,50.42,1.8,-2.9,15.6,매수관심,장대양봉,잔구간,0.94,1.265,2026-08-18
BACpO,7.2,16.56,513470,71220,8.5,1.16,7.3,0.1,-0.7,매도주의,음봉,전저점이탈,0.52,-1.43,2026-08-18
PBK,7.0,0.47,2427416,345153,1.14,0.33,3.4,5.4,-2.6,강한매수,망치형,완만한상승,0.72,2.16,2026-08-18
YYAI,6.9,1.5,14823582,2154188,22.24,7.4,3.0,8.2,13.6,강한매수,장대양봉,완만한상승,0.76,3.21,2026-08-18
HHS,6.3,3.99,394887,62836,1.58,2.43,0.6,0.0,-4.5,중립,음봉,잔구간,0.42,-0.4,2026-08-18
AGPU,6.3,10.33,1072002,169159,11.07,4.35,2.5,0.2,-2.9,중립,망치형,잔구간,0.65,0.59,2026-08-18
DCGO,6.3,0.475,3518498,560389,1.67,0.38,4.4,-19.3,-17.1,강한매도,장대음봉,전저점이탈,0.06,-3.28,2026-08-18
TAIL,6.3,10.37,368521,58059,3.82,1.39,2.7,0.0,0.4,매수관심,장대양봉,잔구간,1.0,1.3,2026-08-18
RANI,6.2,0.825,2632592,421687,2.17,0.45,4.8,1.8,1.9,중립,팽이도지,전고점부근,0.53,-0.41,2026-08-18
GMEX,6.1,1.16,1234901,203981,1.43,0.8,1.8,-0.8,-3.3,중립,팽이도지,잔구간,0.42,-0.05,2026-08-18
PROP,5.8,0.618,8993676,1560290,5.55,2.02,2.7,3.8,-16.2,매도주의,장대음봉,잔구간,0.12,-1.23,2026-08-18
VFS,5.6,3.08,1072383,190771,3.3,0.93,3.6,-0.3,-1.0,강한매도,위꼬리음봉,전저점이탈,0.13,-2.69,2026-08-18
ALEC,5.6,2.21,4774016,859701,10.55,3.43,3.1,-0.5,8.3,강한매수,장대양봉,전고점돌파,0.65,3.68,2026-08-18
IBIO,5.4,1.45,2794827,515191,4.05,0.68,6.0,0.0,0.0,매수관심,팽이도지,완만한상승,0.71,1.15,2026-08-18
VNET,5.2,6.58,16500138,3200326,108.57,25.58,4.2,-11.6,-6.0,매도주의,음봉,전저점이탈,0.14,-1.88,2026-08-18
AVD,5.0,2.17,1720872,342944,3.73,0.63,5.9,-1.3,-1.4,중립,팽이도지,잔구간,0.32,-0.11,2026-08-18
SUGP,4.8,2.4,1207257,250957,2.9,1.26,2.3,-3.0,23.7,강한매수,장대양봉,전고점돌파,0.94,4.03,2026-08-18
SSTI,4.6,5.9,300631,65316,1.77,1.33,1.3,-0.7,6.5,강한매수,장대양봉,완만한상승,0.89,3.37,2026-08-18
PLBL,4.6,5.95,451081,97689,2.68,1.52,1.8,-2.5,-5.4,중립,망치형,잔구간,0.64,0.585,2026-08-18
MSpO,4.6,16.12,611740,133056,9.86,2.32,4.2,-0.2,-0.9,매도주의,음봉,전저점이탈,0.41,-1.56,2026-08-18
DAIC,4.6,0.639,2313971,503326,1.48,0.53,2.8,-2.8,17.8,매수관심,양봉,완만한상승,0.71,1.85,2026-08-18
DHF,4.4,2.37,767504,173063,1.82,0.53,3.5,-0.4,-0.4,중립,음봉,잔구간,0.33,-0.45,2026-08-18
CEGX,4.3,13.03,313141,73219,4.08,1.35,3.0,-1.3,-7.0,매도주의,장대음봉,잔구간,0.11,-1.235,2026-08-18
KLRA,4.2,17.83,1297635,306299,23.14,6.15,3.8,-0.9,-2.8,중립,음봉,잔구간,0.24,-0.505,2026-08-18
VERI,4.2,0.995,15002300,3557215,14.93,4.7,3.2,-3.2,-5.2,매도주의,음봉,전저점이탈,0.35,-1.63,2026-08-18
AUR,4.2,6.15,77285378,18510469,475.31,161.21,2.9,-7.0,-5.1,매도주의,음봉,전저점이탈,0.4,-1.57,2026-08-18
IVVD,4.1,0.868,7745796,1871770,6.72,1.82,3.7,2.6,14.2,강한매수,장대양봉,전고점돌파,0.95,4.04,2026-08-18
AIXI,4.0,0.725,1730347,428158,1.25,1.89,0.7,-12.0,-7.7,매도주의,장대음봉,전저점부근,0.25,-1.55,2026-08-18
FTMS,4.0,9.91,340323,84594,3.37,1.45,2.3,-0.1,0.1,강한매수,양봉스프링,완만한상승,1.0,3.0,2026-08-18
CCC,4.0,7.14,29500654,7354353,210.63,54.75,3.8,0.7,5.9,매수관심,양봉,완만한상승,0.52,1.62,2026-08-18
PCQ,3.9,8.72,340811,86425,2.97,0.86,3.5,-0.1,0.1,강한매수,양봉스프링,전저점부근,0.75,3.55,2026-08-18
ENVX,3.9,3.135,28491075,7279430,89.32,35.68,2.5,-0.7,-12.2,강한매도,장대음봉,전저점이탈,0.13,-3.19,2026-08-18
AIFC,3.9,0.47,2214657,566197,1.04,0.29,3.6,-0.8,12.0,매수관심,양봉,완만한상승,0.61,1.73,2026-08-18
BIVI,3.8,0.964,10538113,2739119,10.16,23.24,0.4,-3.4,-14.7,매도주의,장대음봉,전저점부근,0.1,-1.73,2026-08-18
ASYS,3.8,16.88,1009372,266130,17.04,6.32,2.7,3.2,-3.0,중립,음봉,완만한상승,0.5,0.2,2026-08-18
AIB,3.8,1.24,2985988,778792,3.7,1.93,1.9,0.0,-24.4,강한매도,장대음봉,전저점이탈,0.0,-3.35,2026-08-18
SAN,3.8,14.24,50847392,13292729,724.07,220.34,3.3,-0.2,-2.2,강한매도,장대음봉,전저점이탈,0.08,-3.25,2026-08-18
RAMZ,3.7,18.11,1972197,528311,35.72,11.04,3.2,11.6,4.3,중립,양봉,잔구간,0.86,0.565,2026-08-18
IMTX,3.6,9.09,995017,274304,9.04,3.95,2.3,-2.1,0.3,중립,팽이도지,전저점이탈,0.57,-0.67,2026-08-18
KLC,3.5,2.72,1979288,567890,5.38,4.52,1.2,-1.6,7.9,매수관심,장대양봉,잔구간,0.7,1.12,2026-08-18
PLRX,3.5,1.15,1373048,396027,1.58,0.43,3.6,6.4,-1.7,매수관심,팽이도지,전고점돌파,0.27,1.22,2026-08-18
MVIS,3.5,1.795,6618467,1874933,11.88,6.99,1.7,-4.2,-12.4,강한매도,장대음봉,전저점이탈,0.22,-3.09,2026-08-18
ADCT,3.4,1.03,3444158,1005716,3.55,1.39,2.6,-4.5,-1.9,중립,음봉,잔구간,0.0,-0.65,2026-08-18
HDSN,3.4,5.635,1622008,479178,9.14,4.33,2.1,1.6,-9.8,매도주의,장대음봉,잔구간,0.13,-1.22,2026-08-18
XTIA,3.4,1.32,2177657,642108,2.87,0.94,3.1,-8.3,-8.3,매도주의,음봉,전저점이탈,0.1,-1.93,2026-08-18
CHRS,3.4,1.34,3477723,1019224,4.66,1.63,2.9,9.6,6.3,중립,양봉,잔구간,0.86,0.565,2026-08-18
AUNA,3.4,5.42,496193,146850,2.69,0.96,2.8,0.0,0.7,중립,위꼬리양봉,완만한상승,0.44,-0.17,2026-08-18
PDI,3.3,15.14,8815832,2701224,133.47,51.14,2.6,-1.0,-0.9,매도주의,음봉,전저점이탈,0.33,-1.65,2026-08-18
ALLT,3.2,7.87,797264,247776,6.27,2.22,2.8,0.0,2.5,중립,양봉,잔구간,0.46,0.325,2026-08-18
HSAI,3.2,17.11,3840658,1199288,65.71,25.33,2.6,-12.8,8.5,매수관심,장대양봉,전저점이탈,0.76,1.56,2026-08-18
MWC,3.1,1.46,771357,247302,1.13,0.55,2.1,2.3,8.1,중립,양봉,잔구간,0.41,0.295,2026-08-18
OABI,3.1,3.92,3247821,1056877,12.73,9.95,1.3,0.5,2.1,중립,위꼬리양봉,완만한상승,0.33,-0.3,2026-08-18
FXHO,3.1,10.4,430514,137474,4.48,3.01,1.5,0.7,-11.2,매도주의,장대음봉,잔구간,0.19,-1.185,2026-08-18
PHR,3.1,11.44,1612686,517542,18.45,8.49,2.2,1.2,-2.4,매도주의,장대음봉,잔구간,0.2,-1.18,2026-08-18
FDMT,3.1,14.72,2320207,740599,34.15,10.73,3.2,-2.0,3.3,매수관심,양봉,완만한상승,0.72,1.86,2026-08-18
JPMpM,3.0,16.23,598101,200231,9.71,3.5,2.8,-0.2,-1.3,강한매도,장대음봉,전저점이탈,0.0,-3.35,2026-08-18
MCRP,3.0,1.3,809997,271333,1.05,0.25,4.3,1.7,10.2,중립,양봉,전고점부근,0.71,0.5,2026-08-18
AUUD,3.0,1.09,5503014,1807406,6.0,19.77,0.3,5.1,6.9,중립,양봉,잔구간,0.77,0.51,2026-08-18
CIFG,2.9,4.24,1957115,677937,8.3,3.9,2.1,-9.6,-17.7,강한매도,장대음봉,전저점이탈,0.13,-3.19,2026-08-18
LGHL,2.9,0.558,2468742,860187,1.38,3.31,0.4,-19.3,-6.8,매도주의,음봉,전저점이탈,0.49,-1.46,2026-08-18
ASTL,2.9,4.09,2429550,834071,9.94,4.41,2.3,-1.4,-0.2,중립,팽이도지,잔구간,0.29,-0.125,2026-08-18
YALA,2.9,5.56,746346,256625,4.15,1.6,2.6,-2.6,6.9,강한매수,장대양봉,완만한상승,0.67,3.1,2026-08-18
RCEL,2.9,9.85,1426741,498236,14.05,8.55,1.6,0.5,24.1,강한매수,장대양봉,전고점돌파,0.86,3.93,2026-08-18
JPMpK,2.8,17.52,406761,145543,7.13,2.62,2.7,-0.3,-0.3,강한매도,위꼬리음봉,전저점이탈,0.0,-2.85,2026-08-18
JSPR,2.8,0.75,1997467,726165,1.5,0.59,2.5,-2.6,-8.5,중립,음봉,잔구간,0.36,-0.435,2026-08-18
PRQR,2.8,2.15,1555223,550718,3.34,1.44,2.3,0.0,11.4,강한매수,장대양봉,전고점돌파,0.96,4.05,2026-08-18
AMTX,2.8,1.86,1463314,516872,2.72,1.35,2.0,-0.6,3.9,강한매수,양봉,전고점돌파,0.49,2.19,2026-08-18
CYPH,2.7,0.805,4030893,1497987,3.25,0.94,3.5,0.7,13.4,강한매수,장대양봉,전고점돌파,0.74,3.79,2026-08-18
EDZ,2.7,15.83,463034,169249,7.33,3.44,2.1,5.8,2.5,중립,양봉,잔구간,0.85,0.56,2026-08-18
LYEL,2.6,15.79,311000,119316,4.91,2.67,1.8,-0.1,16.6,강한매수,장대양봉,전고점돌파,0.99,4.09,2026-08-18
FULC,2.6,3.87,2751104,1051428,10.65,7.49,1.4,0.3,0.5,강한매수,양봉스프링,완만한상승,0.81,2.77,2026-08-18
ATAI,2.6,7.29,10494558,3982545,76.51,40.1,1.9,0.1,0.6,강한매수,양봉,전고점돌파,0.59,2.31,2026-08-18
CNTX,2.5,0.496,3336355,1311966,1.66,1.05,1.6,0.0,-6.4,매도주의,장대음봉,잔구간,0.16,-1.205,2026-08-18
ELTX,2.5,3.11,389097,156319,1.21,0.77,1.6,0.3,2.6,중립,양봉,잔구간,0.93,0.61,2026-08-18
CABA,2.4,2.91,6981676,2952992,20.32,11.37,1.8,0.0,0.7,매수관심,팽이도지,완만한상승,0.64,1.07,2026-08-18
BBAR,2.4,14.76,1491712,630825,22.02,10.02,2.2,-0.9,-2.4,강한매도,장대음봉,전저점이탈,0.36,-2.92,2026-08-18
NRK,2.4,10.35,556196,229147,5.76,2.76,2.1,0.0,-1.0,매도주의,음봉,전저점이탈,0.52,-1.43,2026-08-18
NCT,2.4,3.89,2967656,1213629,11.54,5.65,2.0,-1.8,2.4,강한매수,양봉,완만한상승,0.96,2.15,2026-08-18
IHS,2.4,8.33,1401890,587995,11.68,5.01,2.3,0.1,-0.1,강한매수,망치형,완만한상승,0.67,2.1,2026-08-18
EPM,2.4,3.83,543359,228748,2.08,0.92,2.3,0.5,-0.3,중립,팽이도지,전고점부근,0.32,-0.67,2026-08-18
GOF,2.4,10.15,3011933,1251459,30.57,12.17,2.5,-0.4,-1.1,매도주의,음봉,전저점이탈,0.16,-1.86,2026-08-18
KURA,2.3,12.33,4086892,1791446,50.39,16.25,3.1,6.3,2.9,강한매수,양봉,전고점돌파,0.4,2.08,2026-08-18
SNDQ,2.3,14.42,63541752,27537292,916.27,513.35,1.8,11.9,5.4,중립,양봉,잔구간,0.79,0.525,2026-08-18
MYSZ,2.3,2.32,612976,271416,1.42,3.21,0.4,-5.2,-20.5,강한매도,장대음봉,전저점이탈,0.13,-3.19,2026-08-18
CNXU,2.3,9.99,403879,177968,4.03,1.69,2.4,3.4,-1.2,매수관심,팽이도지,완만한상승,0.59,1.01,2026-08-18
TpA,2.2,17.72,471420,218294,8.35,4.4,1.9,-0.1,-0.6,강한매도,장대음봉,전저점이탈,0.0,-3.35,2026-08-18
PONY,2.2,7.745,6530320,3022257,50.58,24.26,2.1,-5.6,2.9,중립,팽이도지,전저점이탈,0.57,-0.67,2026-08-18
ARX,2.2,19.56,8446806,3862245,165.22,197.88,0.8,0.2,-0.1,중립,팽이도지,전고점부근,0.33,-0.65,2026-08-18
MICC,2.2,18.98,1291246,589148,24.51,13.21,1.9,-0.7,0.5,매수관심,양봉,전저점부근,0.35,1.27,2026-08-18
BHC,2.2,6.93,4775289,2148135,33.09,26.81,1.2,0.9,4.4,강한매수,장대양봉,전고점돌파,0.78,3.84,2026-08-18
UMC,2.2,18.48,17417079,7827533,321.87,215.56,1.5,-5.0,-0.4,중립,팽이도지,잔구간,0.55,0.03,2026-08-18
EMD,2.2,10.62,359881,164403,3.82,1.58,2.4,0.3,0.2,강한매수,양봉,전고점돌파,0.67,2.4,2026-08-18
DRVN,2.2,12.89,1664499,742278,21.46,10.51,2.0,1.1,-0.1,매수관심,팽이도지,완만한상승,0.44,0.83,2026-08-18
VUZI,2.1,3.08,2275440,1077717,7.01,3.46,2.0,5.2,-5.2,중립,음봉,잔구간,0.29,-0.475,2026-08-18
SMJF,2.1,10.88,1864084,876336,20.28,9.74,2.1,0.0,4.1,강한매수,장대양봉,전고점돌파,0.95,4.04,2026-08-18
AVTX,2.1,19.71,1069177,519060,21.07,12.74,1.7,-0.2,-1.0,매도주의,위꼬리음봉,잔구간,0.11,-0.985,2026-08-18
ANGX,2.1,4.85,4073332,1929628,19.76,7.85,2.5,1.7,1.3,강한매도,위꼬리양봉,전고점부근,0.16,-2.8600000000000003,2026-08-18
FPE,2.1,17.71,1723813,826889,30.53,16.3,1.9,-0.2,0.0,중립,팽이도지,전저점이탈,0.5,-0.75,2026-08-18
TBLA,2.1,3.83,5723959,2750867,21.92,15.77,1.4,-0.3,-1.3,중립,팽이도지,전저점부근,0.27,0.47,2026-08-18
HLN,2.1,9.72,9481911,4453527,92.16,59.38,1.6,0.7,0.7,중립,양봉,잔구간,0.51,0.355,2026-08-18
CRDU,2.1,16.51,1914386,932331,31.61,17.52,1.8,-12.6,-15.4,매도주의,장대음봉,잔구간,0.2,-1.18,2026-08-18
MUX,2.1,18.36,2016264,948946,37.02,22.01,1.7,-2.0,-0.6,매도주의,위꼬리음봉,잔구간,0.13,-0.97,2026-08-18
DSGN,2.1,15.27,917957,436272,14.02,5.71,2.5,-0.9,2.0,강한매수,양봉,전고점돌파,0.79,2.55,2026-08-18
SNSC,2.1,2.03,556907,266711,1.13,1.64,0.7,0.0,-32.3,강한매도,장대음봉,전저점이탈,0.09,-3.24,2026-08-18
VET,2.1,12.23,1848305,872501,22.6,12.2,1.9,1.0,1.9,강한매수,장대양봉,전고점돌파,0.92,4.0,2026-08-18
CANE,2.0,11.18,414958,204039,4.64,3.58,1.3,-0.6,2.9,강한매수,장대양봉,전고점돌파,1.0,4.1,2026-08-18
SPAI,2.0,5.51,302235,153881,1.67,5.52,0.3,-4.9,-1.8,매도주의,위꼬리음봉,잔구간,0.09,-0.995,2026-08-18
CISS,2.0,2.74,547969,270029,1.5,8.2,0.2,1.0,14.2,매수관심,장대양봉,잔구간,0.94,1.265,2026-08-18
RSKD,2.0,6.16,4523673,2305488,27.87,11.14,2.5,1.7,-3.9,매도주의,장대음봉,잔구간,0.31,-1.115,2026-08-18
JPMpL,2.0,17.9,346117,175572,6.2,3.49,1.8,-0.2,-0.5,강한매도,장대음봉,전저점이탈,0.15,-3.17,2026-08-18
NMAX,2.0,11.43,2368739,1162296,27.07,13.75,2.0,-0.5,10.9,강한매수,장대양봉,완만한상승,0.76,3.21,2026-08-18
METD,2.0,17.58,613655,306457,10.79,5.34,2.0,1.9,2.5,강한매수,장대양봉,전고점돌파,1.0,4.1,2026-08-18
DSX,2.0,2.65,1154872,576756,3.06,2.12,1.4,-1.5,1.1,중립,팽이도지,잔구간,0.45,-0.03,2026-08-18
DSL,2.0,10.7,802306,400824,8.58,4.75,1.8,0.0,-0.7,강한매도,위꼬리음봉,전저점이탈,0.04,-2.8,2026-08-18
INV,2.0,1.325,6959400,3457778,9.22,12.22,0.8,-4.3,0.0,매수관심,팽이도지,전저점부근,0.62,0.89,2026-08-18
ERY,2.0,9.01,1542305,754477,13.9,10.6,1.3,-2.5,-1.0,매도주의,음봉,전저점이탈,0.09,-1.94,2026-08-18
LABX,2.0,12.09,2170577,1074940,26.24,27.91,0.9,-11.0,1.1,중립,팽이도지,전저점이탈,0.6,-0.63,2026-08-18
PHK,2.0,4.55,1159693,569100,5.28,3.37,1.6,0.2,-0.2,중립,팽이도지,잔구간,0.5,0.0,2026-08-18
KORU,2.0,17.84,48454409,23884919,864.43,529.68,1.6,-15.1,-10.7,매도주의,장대음봉,잔구간,0.02,-1.29,2026-08-18
BBOT,2.0,8.95,446873,218195,4.0,2.18,1.8,-0.2,-0.8,중립,팽이도지,잔구간,0.43,-0.04,2026-08-18
OCUL,1.9,11.01,4582559,2382529,50.45,30.29,1.7,-1.4,4.9,매수관심,양봉,완만한상승,0.78,1.94,2026-08-18
KOS,1.9,2.74,14246339,7461854,39.03,27.2,1.4,3.5,1.9,강한매수,양봉스프링,전고점돌파,0.94,3.53,2026-08-18
HIX,1.9,3.96,456963,238813,1.81,1.16,1.6,-0.3,0.3,매수관심,양봉,완만한상승,0.75,1.9,2026-08-18
EPRX,1.9,6.85,379170,200975,2.6,1.5,1.7,-0.1,0.6,강한매수,양봉스프링,완만한상승,0.82,2.78,2026-08-18
ACP,1.9,5.2,813114,420243,4.23,2.2,1.9,0.0,1.2,강한매수,장대양봉,전고점돌파,1.0,4.1,2026-08-18
ACRS,1.9,6.305,2012740,1076096,12.69,12.14,1.0,-0.7,7.2,강한매수,장대양봉,전고점돌파,0.98,4.08,2026-08-18
AIAI,1.9,5.9,400536,206507,2.36,1.09,2.2,0.0,17.8,강한매수,장대양봉,완만한상승,0.87,3.34,2026-08-18
MQY,1.9,11.15,649501,338562,7.24,4.33,1.7,-0.2,-0.6,매도주의,음봉,전저점이탈,0.28,-1.71,2026-08-18
IMXI,1.9,14.52,1537306,829861,22.32,13.9,1.6,-0.2,-2.3,중립,음봉,잔구간,0.27,-0.49,2026-08-18
WULX,1.9,15.41,606731,326438,9.35,5.86,1.6,-5.2,-18.2,강한매도,장대음봉,전저점이탈,0.11,-3.22,2026-08-18
BSCR,1.9,19.65,791455,407929,15.55,12.76,1.2,0.1,-0.1,매도주의,장대음봉,완만한상승,0.0,-1.7,2026-08-18
IEP,1.9,6.83,2640209,1363475,18.03,12.64,1.4,-1.1,-2.8,강한매도,장대음봉,전저점이탈,0.16,-3.16,2026-08-18
MBOT,1.8,1.47,1364509,779352,2.01,1.59,1.3,-0.7,-2.0,중립,음봉,잔구간,0.43,-0.39,2026-08-18
CRF,1.8,6.53,3223364,1753612,21.05,12.55,1.7,-0.5,-1.5,매도주의,음봉,전저점이탈,0.33,-1.65,2026-08-18
IPW,1.8,3.06,332485,185232,1.02,2.31,0.4,-3.2,0.7,중립,팽이도지,전저점부근,0.5,0.75,2026-08-18
PURR,1.8,7.2,9727842,5419606,70.04,41.82,1.7,-2.5,3.3,매수관심,양봉,완만한상승,0.63,1.76,2026-08-18
LPL,1.8,3.3,4406472,2414843,14.54,9.18,1.6,-4.2,-2.4,매도주의,장대음봉,잔구간,0.16,-1.205,2026-08-18
ORMP,1.8,4.78,300901,163517,1.44,0.76,1.9,-0.2,4.8,강한매수,장대양봉,전고점돌파,0.88,3.96,2026-08-18
AMZY,1.8,10.82,490607,270734,5.31,2.81,1.9,-0.1,-0.9,매도주의,장대음봉,전저점부근,0.21,-1.6,2026-08-18
UIS,1.8,2.66,987896,553631,2.63,1.78,1.5,-0.4,-4.7,강한매도,장대음봉,전저점이탈,0.05,-3.29,2026-08-18
PTY,1.8,11.67,2309788,1249549,26.96,15.76,1.7,-0.3,0.2,중립,위꼬리양봉,잔구간,0.43,-0.54,2026-08-18
BBNX,1.8,19.02,1975998,1101810,37.58,19.91,1.9,0.0,8.3,강한매수,장대양봉,전고점돌파,0.96,4.05,2026-08-18
BBDC,1.8,9.39,1403856,791151,13.18,8.81,1.5,-1.0,1.0,매수관심,양봉,완만한상승,0.42,1.5,2026-08-18
AAOZ,1.8,9.88,6391798,3650129,63.15,49.14,1.3,11.5,16.9,매수관심,장대양봉,잔구간,0.99,1.295,2026-08-18
PGX,1.8,10.58,5482389,3098286,58.0,31.52,1.8,-0.2,-0.3,강한매도,장대음봉,전저점이탈,0.0,-3.35,2026-08-18
OPRA,1.8,19.51,440617,238406,8.6,5.82,1.5,-0.1,-0.5,중립,팽이도지,수횡파,0.41,0.49,2026-08-18
BFRI,1.8,1.44,1058341,602351,1.52,0.64,2.4,3.0,3.6,강한매수,양봉,전고점돌파,0.52,2.22,2026-08-18
COIW,1.8,7.28,321346,178103,2.34,1.37,1.7,-1.7,-1.5,강한매도,음봉,전저점이탈,0.0,-2.05,2026-08-18
MBI,1.8,4.97,798401,456033,3.97,2.66,1.5,1.6,-0.8,강한매수,망치형,완만한상승,0.76,2.21,2026-08-18
SHLS,1.8,7.68,5716762,3152404,43.9,46.69,0.9,-1.2,-5.5,강한매도,장대음봉,전저점이탈,0.04,-3.3,2026-08-18
INHD,1.8,8.0,630400,355313,5.04,8.91,0.6,-11.8,13.2,중립,위꼬리양봉,잔구간,0.3,-0.62,2026-08-18
MRAM,1.8,18.45,1990976,1124749,36.73,27.28,1.3,-6.8,-0.3,중립,팽이도지,잔구간,0.49,-0.005,2026-08-18
KEEL,1.8,3.16,73111552,40551178,231.03,120.44,1.9,-1.6,-14.8,강한매도,장대음봉,전저점이탈,0.03,-3.31,2026-08-18
REXC,1.8,18.53,307755,173569,5.7,7.08,0.8,-1.5,-1.6,중립,음봉,잔구간,0.32,-0.46,2026-08-18
SHEN,1.7,12.17,538988,323514,6.56,5.19,1.3,-0.6,-3.0,매도주의,음봉,전저점이탈,0.33,-1.65,2026-08-18
CNTN,1.7,2.01,706323,424787,1.42,1.0,1.4,0.2,-1.0,중립,팽이도지,잔구간,0.5,0.0,2026-08-18
VYGR,1.7,3.3,657988,384775,2.17,1.33,1.6,-0.3,2.5,매수관심,양봉,완만한상승,0.47,1.56,2026-08-18
WULF,1.7,15.62,48454294,28373489,756.86,518.86,1.5,-2.8,-8.7,강한매도,장대음봉,전저점이탈,0.12,-3.21,2026-08-18
STGW,1.7,8.85,1857595,1078490,16.44,14.74,1.1,0.1,1.6,중립,양봉,잔구간,0.64,0.435,2026-08-18
CSAN,1.7,2.4,2686792,1576394,6.45,4.4,1.5,-0.4,-4.4,중립,음봉,전저점부근,0.11,-0.42,2026-08-18
IQ,1.7,1.23,10144273,5955558,12.48,6.75,1.8,-4.5,-3.1,매도주의,음봉,전저점이탈,0.32,-1.67,2026-08-18
GUTS,1.7,0.717,1526574,894079,1.09,0.7,1.6,-0.0,8.7,매수관심,장대양봉,잔구간,0.65,1.09,2026-08-18
QUIK,1.7,12.07,416933,241074,5.03,3.87,1.3,-3.0,-1.5,중립,망치형,전저점이탈,0.55,0.31,2026-08-18
KVUE,1.7,18.8,25521737,14912344,479.81,385.86,1.2,1.1,-1.1,매도주의,장대음봉,완만한상승,0.0,-1.7,2026-08-18
BLOX,1.7,12.66,558361,320652,7.07,4.27,1.7,-2.0,-2.8,강한매도,장대음봉,전저점이탈,0.19,-3.12,2026-08-18
QID,1.7,14.17,36005746,21381209,510.2,285.38,1.8,2.8,0.7,매수관심,양봉,완만한상승,0.75,1.9,2026-08-18
ATOM,1.7,4.92,699491,418493,3.44,3.12,1.1,-5.1,-4.3,매도주의,음봉,전저점이탈,0.05,-1.99,2026-08-18
CIFU,1.7,10.47,1512128,892057,15.83,12.1,1.3,-10.5,-16.3,강한매도,장대음봉,전저점이탈,0.18,-3.13,2026-08-18
COLD,1.7,14.86,4640611,2756947,68.96,52.22,1.3,0.1,2.3,매수관심,장대양봉,잔구간,0.66,1.095,2026-08-18
CORN,1.7,18.42,463535,268196,8.54,4.66,1.8,0.5,-0.7,매도주의,장대음봉,잔구간,0.09,-1.245,2026-08-18
CWK,1.7,14.16,2087343,1235851,29.56,23.74,1.2,0.0,0.5,매수관심,팽이도지,완만한상승,0.43,0.82,2026-08-18
XP,1.7,15.84,8140480,4736658,128.95,67.6,1.9,0.0,0.9,중립,위꼬리양봉,잔구간,0.41,-0.555,2026-08-18
MSTY,1.7,11.92,2814918,1618516,33.55,17.9,1.9,-1.8,-2.4,중립,음봉,잔구간,0.07,-0.61,2026-08-18
BTAI,1.7,0.792,1848123,1099851,1.46,0.97,1.5,-4.5,-6.8,매도주의,음봉,전저점이탈,0.1,-1.93,2026-08-18
RETL,1.7,8.66,374179,219922,3.24,3.16,1.0,0.9,-2.3,매도주의,음봉,전저점이탈,0.06,-1.98,2026-08-18
RMIX,1.7,17.53,511072,301731,8.96,5.11,1.8,-1.5,0.6,중립,위꼬리양봉,잔구간,0.38,-0.57,2026-08-18
SPDN,1.7,8.5,33750532,19945899,286.88,257.23,1.1,0.5,0.1,강한매수,양봉,전고점돌파,0.67,2.4,2026-08-18
HUYA,1.7,2.26,1820104,1084271,4.11,1.85,2.2,0.9,-1.7,중립,음봉,전저점부근,0.12,-0.41,2026-08-18
SBSW,1.7,10.56,6961683,4027119,73.52,51.77,1.4,-2.7,-1.0,중립,음봉,잔구간,0.14,-0.565,2026-08-18
HSLV,1.7,5.1,788899,471112,4.02,2.42,1.7,-2.3,-0.8,매도주의,위꼬리음봉,잔구간,0.24,-0.905,2026-08-18
ETHA,1.6,14.44,30465053,18752869,439.92,323.66,1.4,-0.8,1.0,강한매수,장대양봉,완만한상승,0.71,3.15,2026-08-18
BUYW,1.6,14.63,623155,382566,9.12,5.75,1.6,-0.2,0.1,매수관심,장대양봉,잔구간,1.0,1.3,2026-08-18
EXG,1.6,9.85,607887,385251,5.99,4.66,1.3,-0.3,-1.2,강한매도,장대음봉,전저점이탈,0.08,-3.25,2026-08-18
TOYO,1.6,5.72,1021878,627632,5.85,4.17,1.4,-2.0,-1.7,중립,망치형,잔구간,0.58,0.55,2026-08-18
OBE,1.6,11.61,1001401,625746,11.63,7.47,1.6,1.5,-1.1,중립,망치형,전고점부근,0.63,0.71,2026-08-18
REI,1.6,1.44,3665833,2351550,5.28,4.47,1.2,0.7,2.1,강한매수,양봉,전고점돌파,0.83,2.6,2026-08-18
AXTU,1.6,6.32,2097735,1341009,13.26,10.13,1.3,-15.8,-14.5,중립,음봉,잔구간,0.15,-0.56,2026-08-18
FRNM,1.6,13.45,1549223,980031,20.84,11.01,1.9,-0.6,4.1,강한매수,양봉,전고점돌파,0.76,2.51,2026-08-18
ORBS,1.6,0.662,13111645,8316362,8.68,6.42,1.4,-3.3,0.3,중립,팽이도지,잔구간,0.36,-0.085,2026-08-18
PDO,1.6,12.82,1061015,656196,13.6,8.7,1.6,-0.4,1.2,매수관심,장대양봉,잔구간,0.97,1.28,2026-08-18
FBL,1.6,18.55,1296633,826755,24.05,17.24,1.4,-3.6,-5.4,강한매도,장대음봉,전저점이탈,0.03,-3.31,2026-08-18
APC,1.6,18.55,333490,214728,6.19,3.55,1.7,-2.5,-2.4,매도주의,장대음봉,잔구간,0.24,-1.155,2026-08-18
OVID,1.6,2.84,1935255,1246631,5.5,3.89,1.4,-0.7,-1.0,중립,음봉,잔구간,0.41,-0.405,2026-08-18
NVDY,1.6,12.85,2147900,1374750,27.6,21.73,1.3,-1.5,-0.4,중립,음봉,잔구간,0.34,-0.445,2026-08-18
TAK,1.6,18.05,3809695,2402307,68.76,60.73,1.1,2.8,1.1,강한매수,양봉,전고점돌파,0.66,2.39,2026-08-18
CBRX,1.6,13.27,666096,419076,8.84,5.02,1.8,-10.0,-17.1,매도주의,장대음봉,잔구간,0.22,-1.17,2026-08-18
IVA,1.6,4.64,770559,479216,3.58,2.6,1.4,-1.3,0.0,매수관심,양봉스프링,잔구간,0.83,0.95,2026-08-18
RZLV,1.6,2.45,12649482,7700076,30.99,25.26,1.2,-3.8,-2.4,매도주의,음봉,전저점이탈,0.08,-1.95,2026-08-18
HSHP,1.6,15.83,520345,324591,8.24,5.3,1.6,-1.8,-1.3,중립,망치형,잔구간,0.62,0.57,2026-08-18
SPSK,1.6,17.92,320616,203047,5.75,4.06,1.4,0.0,0.0,강한매수,양봉스프링,완만한상승,0.78,2.74,2026-08-18
SSYS,1.6,8.6,1040782,662827,8.95,5.68,1.6,-1.5,-1.3,매도주의,위꼬리음봉,잔구간,0.21,-0.925,2026-08-18
RLX,1.6,1.83,4206416,2643349,7.7,6.32,1.2,-0.5,-1.6,중립,음봉,잔구간,0.53,-0.33,2026-08-18
BTE,1.6,4.68,16084576,10158078,75.28,60.53,1.2,1.3,1.5,강한매수,양봉,전고점돌파,0.94,2.73,2026-08-18
EIKN,1.6,11.65,747842,458706,8.71,4.51,1.9,-1.1,12.6,강한매수,장대양봉,전고점돌파,0.96,4.05,2026-08-18
CIFR,1.6,16.095,53429081,33821167,859.94,673.84,1.3,-5.2,-8.2,강한매도,장대음봉,전저점이탈,0.15,-3.17,2026-08-18
CMPS,1.6,13.9,3271292,2004141,45.47,41.06,1.1,-1.2,2.6,강한매수,양봉,완만한상승,0.87,2.04,2026-08-18
CLM,1.6,6.84,3923299,2434146,26.84,18.7,1.4,-0.7,-0.7,매도주의,음봉,전저점이탈,0.39,-1.58,2026-08-18
WIT,1.6,1.91,5328389,3407564,10.18,9.37,1.1,-1.0,1.1,중립,양봉,잔구간,0.5,0.35,2026-08-18
ZGN,1.6,13.47,1307478,824007,17.61,11.31,1.6,0.1,0.7,중립,팽이도지,잔구간,0.56,0.035,2026-08-18
WB,1.6,7.59,1162006,713601,8.82,5.71,1.5,0.4,0.0,중립,팽이도지,잔구간,0.61,0.065,2026-08-18
ARHS,1.6,10.03,1999860,1231275,20.06,18.52,1.1,0.4,4.8,강한매수,장대양봉,완만한상승,0.83,3.3,2026-08-18
ABAT,1.5,2.35,3541274,2358672,8.32,6.95,1.2,-2.9,-0.4,중립,팽이도지,전저점이탈,0.64,-0.58,2026-08-18
MFM,1.5,5.41,374098,242832,2.02,1.55,1.3,0.0,-0.6,중립,음봉,잔구간,0.4,-0.41,2026-08-18
MAMA,1.5,16.04,646229,442138,10.37,8.62,1.2,0.1,-7.2,강한매도,장대음봉,전저점이탈,0.05,-3.29,2026-08-18
ASST,1.5,12.8,3893169,2657344,49.83,32.8,1.5,-0.2,-2.9,중립,음봉,잔구간,0.13,-0.57,2026-08-18
PFFD,1.5,18.41,770941,502000,14.19,11.7,1.2,-0.2,-0.5,강한매도,음봉,전저점이탈,0.03,-2.01,2026-08-18
AGBK,1.5,5.94,313439,213045,1.86,2.75,0.7,0.7,-2.9,강한매도,장대음봉,전저점이탈,0.11,-3.22,2026-08-18
METU,1.5,17.93,7333223,5018823,131.48,97.69,1.3,-4.2,-4.9,강한매도,장대음봉,전저점이탈,0.03,-3.31,2026-08-18
DEC,1.5,14.4,1156006,747670,16.65,12.41,1.3,1.7,-1.6,중립,음봉,완만한상승,0.42,0.1,2026-08-18
SKDD,1.5,11.22,8492543,5657362,95.29,72.98,1.3,11.3,6.4,매수관심,장대양봉,잔구간,0.89,1.235,2026-08-18
ASPI,1.5,3.86,3295012,2234950,12.72,13.83,0.9,-1.0,-3.0,매도주의,음봉,전저점이탈,0.13,-1.89,2026-08-18
CRTO,1.5,17.88,560029,371932,10.01,10.54,1.0,3.6,-3.2,매도주의,장대음봉,완만한상승,0.07,-1.62,2026-08-18
SHMD,1.5,5.23,639550,429714,3.34,2.05,1.6,-8.3,0.4,중립,팽이도지,잔구간,0.47,-0.02,2026-08-18
CCO,1.5,2.37,14439163,9557737,34.22,25.98,1.3,-0.4,2.6,강한매수,장대양봉,완만한상승,0.86,3.33,2026-08-18
NCLH,1.5,17.61,17636689,11626875,310.58,243.87,1.3,-2.2,-1.0,매도주의,음봉,전저점이탈,0.07,-1.97,2026-08-18
KC,1.5,10.84,1650671,1068943,17.89,18.34,1.0,-2.5,-2.3,강한매도,장대음봉,전저점이탈,0.22,-3.09,2026-08-18
RXRX,1.5,3.09,16348347,10660797,50.52,42.27,1.2,-2.6,2.0,매수관심,양봉,전저점부근,0.94,1.98,2026-08-18
CHCT,1.5,14.79,426096,292864,6.3,7.64,0.8,1.6,-0.7,중립,음봉,잔구간,0.23,-0.51,2026-08-18
MRLN,1.5,3.31,1976452,1291301,6.54,5.6,1.2,-1.0,-5.4,매도주의,음봉,전저점이탈,0.41,-1.56,2026-08-18
SIBN,1.5,19.14,499054,339389,9.55,8.59,1.1,0.9,1.5,중립,양봉,잔구간,0.5,0.35,2026-08-18
BKKT,1.5,6.93,1821093,1208129,12.62,8.18,1.5,-2.2,-0.4,매도주의,위꼬리음봉,전저점부근,0.11,-1.22,2026-08-18
HITI,1.5,2.4,617879,406496,1.48,0.91,1.6,-0.4,3.4,강한매수,장대양봉,전고점돌파,1.0,4.1,2026-08-18
MNTN,1.5,12.5,1901085,1231549,23.76,16.73,1.4,1.4,-1.0,매도주의,위꼬리음봉,완만한상승,0.01,-1.19,2026-08-18
HE,1.5,11.56,2667580,1829114,30.84,26.32,1.2,-0.8,-1.4,중립,음봉,잔구간,0.26,-0.495,2026-08-18
LBGJ,1.5,3.46,513813,334200,1.78,7.84,0.2,2.2,4.5,매수관심,양봉,완만한상승,0.7,1.84,2026-08-18
OSS,1.5,12.68,1043418,702662,13.23,13.61,1.0,-4.9,-0.8,매도주의,위꼬리음봉,전저점부근,0.17,-1.15,2026-08-18
PALI,1.5,2.04,2286295,1504744,4.66,3.29,1.4,0.0,-5.1,매도주의,장대음봉,잔구간,0.21,-1.175,2026-08-18
GLUE,1.5,15.03,1131845,742670,17.01,17.77,1.0,-2.3,0.0,중립,팽이도지,전저점이탈,0.49,-0.76,2026-08-18
VSTM,1.5,7.43,2924317,1972293,21.73,13.79,1.6,0.0,3.5,강한매수,양봉,전고점돌파,0.5,2.2,2026-08-18
VENU,1.5,1.86,720424,482312,1.34,0.91,1.5,0.0,0.5,매수관심,팽이도지,완만한상승,0.69,1.13,2026-08-18
VERX,1.5,12.83,3347126,2203896,42.94,38.31,1.1,2.2,0.6,중립,위꼬리양봉,완만한상승,0.33,-0.3,2026-08-18
XIFR,1.5,11.43,859095,588664,9.82,7.61,1.3,0.2,-1.7,매도주의,장대음봉,잔구간,0.04,-1.275,2026-08-18
NAK,1.5,1.57,4204060,2756332,6.6,5.78,1.1,-3.1,0.6,매수관심,양봉스프링,전저점이탈,0.8,1.11,2026-08-18
ZNTL,1.5,3.68,1201439,822482,4.42,4.99,0.9,1.2,-1.9,중립,팽이도지,잔구간,0.36,-0.085,2026-08-18
TFSL,1.5,17.55,956252,642056,16.78,15.73,1.1,0.3,0.0,매수관심,팽이도지,완만한상승,0.59,1.01,2026-08-18
AIRO,1.5,8.98,667369,443078,5.99,7.48,0.8,-4.3,-0.3,매도주의,위꼬리음봉,잔구간,0.23,-0.91,2026-08-18
DLO,1.5,13.64,3616251,2334352,49.33,32.21,1.5,-1.2,-0.8,매도주의,음봉,전저점이탈,0.22,-1.79,2026-08-18
TMC,1.5,3.92,6553782,4381687,25.69,25.48,1.0,-1.3,5.4,중립,양봉,잔구간,0.59,0.405,2026-08-18
NXE,1.5,10.26,5704060,3896332,58.52,60.31,1.0,-1.8,-2.8,중립,음봉,잔구간,0.44,-0.385,2026-08-18
CCXI,1.5,15.65,4149938,2807592,64.95,51.74,1.3,-4.0,-5.2,중립,음봉,잔구간,0.1,-0.59,2026-08-18
CIG,1.4,1.9,5275900,3862468,10.02,8.0,1.3,0.0,-1.0,중립,음봉,잔구간,0.0,-0.65,2026-08-18
CONY,1.4,17.73,383693,273010,6.8,5.52,1.2,-1.0,-1.2,강한매도,음봉,전저점이탈,0.04,-2.0,2026-08-18
CLBT,1.4,11.0,7730824,5366885,85.04,71.13,1.2,0.0,5.4,매수관심,장대양봉,잔구간,0.94,1.265,2026-08-18
SLNH,1.4,1.17,13096703,9180413,15.32,11.26,1.4,-3.8,-8.6,매도주의,장대음봉,잔구간,0.12,-1.23,2026-08-18
CONL,1.4,3.93,19588732,14470386,76.98,74.06,1.0,-3.4,-2.2,중립,음봉,전저점부근,0.04,-0.5,2026-08-18
PK,1.4,15.37,4290552,3065994,65.95,65.72,1.0,-0.1,2.6,강한매수,장대양봉,전고점돌파,0.78,3.84,2026-08-18
IRD,1.4,3.69,752875,525877,2.78,2.36,1.2,0.0,1.1,강한매수,양봉,완만한상승,0.84,2.01,2026-08-18
PPLT,1.4,15.56,2168103,1598379,33.74,38.85,0.9,-1.9,-1.3,매도주의,장대음봉,잔구간,0.06,-1.265,2026-08-18
PWP,1.4,16.17,1132541,822327,18.31,17.84,1.0,0.0,-3.6,강한매도,장대음봉,전저점이탈,0.14,-3.18,2026-08-18
MBLY,1.4,8.87,5371017,3759347,47.64,34.14,1.4,-2.6,-1.3,중립,음봉,잔구간,0.51,-0.345,2026-08-18
AGRO,1.4,9.81,1345289,972287,13.2,7.87,1.7,1.1,4.8,강한매수,장대양봉,전고점돌파,0.96,4.05,2026-08-18
EQPT,1.4,19.54,3273467,2293377,63.96,50.1,1.3,-5.0,-4.0,중립,음봉,잔구간,0.09,-0.595,2026-08-18
VISN,1.4,11.38,9531822,7001057,108.47,118.06,0.9,-1.5,-0.9,중립,팽이도지,잔구간,0.49,-0.005,2026-08-18
LCUT,1.4,9.9,329827,243475,3.27,2.21,1.5,-1.3,5.4,강한매수,장대양봉,완만한상승,0.73,3.18,2026-08-18
LCTX,1.4,1.06,1112362,779598,1.18,0.9,1.3,0.0,0.0,중립,팽이도지,잔구간,0.43,-0.04,2026-08-18
VIXY,1.4,18.86,2596473,1913939,48.97,41.19,1.2,0.5,-0.3,매도주의,위꼬리음봉,잔구간,0.14,-0.965,2026-08-18
ALXO,1.4,2.08,901321,659589,1.87,3.26,0.6,-1.0,6.7,강한매수,장대양봉,완만한상승,1.0,3.5,2026-08-18
ALMU,1.4,16.07,515714,367128,8.29,7.9,1.0,-5.5,-4.4,강한매도,음봉,전저점이탈,0.04,-2.0,2026-08-18
TV,1.4,2.73,682925,494237,1.86,1.81,1.0,0.4,-4.5,강한매도,장대음봉,전저점이탈,0.0,-3.35,2026-08-18
TUSK,1.4,3.07,468436,326334,1.44,0.89,1.6,0.3,-7.3,매도주의,장대음봉,잔구간,0.0,-1.3,2026-08-18
ALIT,1.4,13.43,620101,434295,8.33,9.79,0.9,-1.3,1.2,중립,양봉,잔구간,0.51,0.355,2026-08-18
ADTN,1.4,8.1,2900488,2077425,23.49,19.99,1.2,-4.4,-2.1,중립,음봉,잔구간,0.38,-0.42,2026-08-18
QNC,1.4,2.2,703337,518096,1.55,1.01,1.5,-3.6,2.3,중립,양봉,잔구간,0.73,0.49,2026-08-18
NUAI,1.4,5.13,8297274,5953238,42.57,26.83,1.6,-4.2,-1.9,매도주의,위꼬리음봉,수횡파,0.1,-1.38,2026-08-18
LTBR,1.4,7.98,697783,505566,5.57,5.98,0.9,-2.7,0.6,중립,팽이도지,전저점이탈,0.59,-0.64,2026-08-18
HIVE,1.4,2.78,33550357,24751219,93.27,64.81,1.4,-3.6,-6.1,중립,음봉,잔구간,0.04,-0.625,2026-08-18
PATH,1.4,15.58,93969568,66701755,1464.05,1077.78,1.4,-3.8,1.2,중립,팽이도지,잔구간,0.61,0.065,2026-08-18
MBGL,1.4,19.82,5744733,4083852,113.86,92.04,1.2,-0.2,0.7,매수관심,팽이도지,완만한상승,0.52,0.92,2026-08-18
NUVB,1.4,6.96,6993659,4946922,48.68,37.68,1.3,1.4,5.9,강한매수,장대양봉,전고점돌파,1.0,4.1,2026-08-18
HIO,1.4,3.55,343957,240523,1.22,1.06,1.2,-0.6,0.0,매수관심,팽이도지,수횡파,0.67,0.8,2026-08-18
TRVI,1.4,18.84,1747770,1274585,32.93,29.45,1.1,-0.1,2.1,강한매수,양봉,완만한상승,0.84,2.01,2026-08-18
FRVO,1.4,17.97,5013426,3680049,90.09,73.31,1.2,-0.3,-0.4,매도주의,위꼬리음봉,잔구간,0.2,-0.93,2026-08-18
KRNY,1.4,9.775,664226,474242,6.49,5.89,1.1,0.5,-0.5,중립,음봉,완만한상승,0.46,0.15,2026-08-18
LAB,1.4,0.662,1576127,1166596,1.04,0.89,1.2,3.4,-6.4,강한매도,장대음봉,전저점이탈,0.0,-3.35,2026-08-18
AZ,1.4,7.27,722463,527598,5.25,5.15,1.0,0.1,-0.3,중립,팽이도지,잔구간,0.62,0.07,2026-08-18
CHPT,1.4,5.57,440657,318651,2.45,2.24,1.1,-2.7,-2.6,매도주의,음봉,전저점이탈,0.23,-1.77,2026-08-18
IQST,1.4,1.22,928225,659273,1.13,1.41,0.8,0.0,8.9,강한매수,장대양봉,전고점부근,0.91,2.04,2026-08-18
SKHZ,1.4,11.81,2563078,1773783,30.27,24.22,1.2,5.5,3.4,매수관심,장대양봉,잔구간,0.87,1.22,2026-08-18
MYGN,1.4,2.87,2041073,1436629,5.86,6.27,0.9,-1.5,-4.5,강한매도,장대음봉,전저점이탈,0.2,-3.11,2026-08-18
CBRZ,1.4,8.04,2570151,1858769,20.66,12.35,1.7,8.1,15.9,매수관심,장대양봉,잔구간,0.81,1.185,2026-08-18
SNXX,1.4,15.66,132600463,93930717,2076.52,1420.91,1.5,-12.2,-6.5,중립,음봉,잔구간,0.23,-0.51,2026-08-18
SFL,1.4,12.43,1422197,1034504,17.68,13.93,1.3,0.4,-0.8,중립,음봉,잔구간,0.45,-0.38,2026-08-18
INVE,1.4,2.88,573080,415692,1.65,0.85,2.0,0.0,5.1,강한매수,장대양봉,전고점돌파,0.64,3.67,2026-08-18
CTMX,1.4,3.39,2456721,1802249,8.33,6.98,1.2,-1.2,-0.6,중립,망치형,잔구간,0.67,0.6,2026-08-18
KYN,1.4,14.87,423385,304370,6.3,4.65,1.4,0.4,0.4,매수관심,양봉,완만한상승,0.37,1.44,2026-08-18
BZAI,1.4,0.558,8864213,6365734,4.95,8.34,0.6,-5.6,13.6,강한매수,장대양봉,완만한상승,0.77,3.22,2026-08-18
RIVN,1.4,14.78,22724768,16322978,335.87,303.35,1.1,-1.9,1.3,중립,양봉,잔구간,0.84,0.555,2026-08-18
HAYW,1.4,14.61,2008632,1420708,29.35,31.75,0.9,0.1,-1.1,매도주의,음봉,전저점이탈,0.3,-1.69,2026-08-18
RDY,1.4,12.15,3068819,2240353,37.29,29.47,1.3,0.1,0.2,중립,팽이도지,잔구간,0.6,0.06,2026-08-18
MPG,1.4,5.556,489692,345101,2.72,2.21,1.2,-8.0,1.8,중립,위꼬리양봉,잔구간,0.29,-0.625,2026-08-18
MMED,1.4,19.36,1501753,1084283,29.07,21.7,1.3,0.1,-1.0,매도주의,위꼬리음봉,잔구간,0.16,-0.955,2026-08-18
UNIT,1.4,9.91,2301742,1613436,22.81,20.31,1.1,-1.0,1.6,매수관심,양봉,완만한상승,0.73,1.88,2026-08-18
XPER,1.4,6.47,747737,545765,4.84,4.24,1.1,0.0,-0.5,중립,팽이도지,잔구간,0.41,-0.055,2026-08-18
YYGH,1.4,1.41,827634,612022,1.17,1.36,0.9,-2.1,0.0,중립,팽이도지,잔구간,0.4,-0.06,2026-08-18
XPEV,1.4,11.74,7191000,5243186,84.42,78.89,1.1,-2.0,-1.8,매도주의,장대음봉,잔구간,0.09,-1.245,2026-08-18
MIR,1.4,15.33,4095220,2961557,62.78,55.39,1.1,-0.9,-1.7,중립,음봉,잔구간,0.25,-0.5,2026-08-18
MGTX,1.4,13.89,775667,553234,10.77,6.56,1.6,-0.7,1.6,매수관심,양봉,완만한상승,0.75,1.9,2026-08-18
PCN,1.4,11.69,492831,361460,5.76,4.34,1.3,-1.0,0.5,중립,양봉,전저점이탈,0.47,-0.09,2026-08-18
KEP,1.4,11.28,1317187,924794,14.86,12.81,1.2,-2.5,-2.0,강한매도,장대음봉,전저점이탈,0.0,-3.35,2026-08-18
SBET,1.4,6.29,8679368,6070767,54.59,35.85,1.5,-2.9,-0.5,중립,팽이도지,잔구간,0.48,-0.01,2026-08-18
FPI,1.4,9.94,482409,338469,4.8,4.36,1.1,0.2,1.4,강한매수,장대양봉,완만한상승,0.68,3.12,2026-08-18
EDIT,1.4,2.88,2232640,1553985,6.43,5.26,1.2,1.8,-0.3,매수관심,팽이도지,완만한상승,0.42,0.8,2026-08-18
DTIL,1.4,8.23,301630,216178,2.48,1.93,1.3,0.5,10.6,강한매수,장대양봉,전고점돌파,0.98,4.08,2026-08-18
NOK,1.4,10.39,111844360,78830793,1162.06,764.02,1.5,-4.5,0.9,중립,양봉,잔구간,0.56,0.385,2026-08-18
NMRA,1.4,1.64,781774,549146,1.28,1.13,1.1,-1.3,9.3,강한매수,장대양봉,완만한상승,0.94,3.43,2026-08-18
SOPH,1.4,7.62,444822,318589,3.39,3.97,0.9,-1.4,1.3,중립,팽이도지,잔구간,0.48,-0.01,2026-08-18
FLG,1.3,13.82,4419123,3496426,61.07,51.02,1.2,-0.1,-1.1,매도주의,장대음봉,전저점부근,0.17,-1.65,2026-08-18
FSSL,1.3,11.49,300029,237075,3.45,2.82,1.2,-0.7,0.2,중립,팽이도지,잔구간,0.53,0.02,2026-08-18
ASC,1.3,18.01,614039,484510,11.06,8.93,1.2,0.6,-0.9,중립,음봉,잔구간,0.58,-0.3,2026-08-18
LYG,1.3,6.06,10935200,8111579,66.27,78.01,0.8,-0.5,-1.0,강한매도,장대음봉,전저점이탈,0.0,-3.35,2026-08-18
MAAS,1.3,16.1,337669,267615,5.44,3.17,1.7,-2.0,-2.7,중립,음봉,잔구간,0.11,-0.585,2026-08-18
AGNT,1.3,4.39,1379170,1075918,6.05,5.59,1.1,-0.7,4.0,매수관심,장대양봉,잔구간,0.83,1.2,2026-08-18
ACH,1.3,1.13,3770709,2909953,4.26,4.19,1.0,-1.9,7.6,중립,양봉,잔구간,1.0,0.65,2026-08-18
FFAI,1.3,3.31,813313,641534,2.69,4.52,0.6,-0.5,-10.5,강한매도,장대음봉,전저점이탈,0.09,-3.24,2026-08-18
QBTZ,1.3,3.28,5308927,3972626,17.41,14.24,1.2,10.1,2.0,매수관심,양봉스프링,잔구간,0.96,1.025,2026-08-18
INFY,1.3,11.83,19065440,14933636,225.54,217.97,1.0,0.9,0.9,매수관심,양봉,완만한상승,0.64,1.77,2026-08-18
NAC,1.3,11.72,495528,389818,5.81,4.61,1.3,-0.2,0.0,매도주의,팽이도지,전저점이탈,0.29,-1.0,2026-08-18
CWVX,1.3,18.48,1567855,1200633,28.97,24.37,1.2,-8.2,-17.4,매도주의,장대음봉,잔구간,0.01,-1.295,2026-08-18
CWH,1.3,6.3,1795715,1354702,11.31,10.21,1.1,-1.3,2.6,매수관심,양봉,완만한상승,0.65,1.78,2026-08-18
DBRG,1.3,15.91,3413564,2719116,54.31,55.26,1.0,0.0,0.0,중립,위꼬리양봉,잔구간,0.14,-0.715,2026-08-18
DBI,1.3,5.88,478858,356615,2.82,2.39,1.2,-0.2,1.4,중립,양봉,잔구간,0.67,0.45,2026-08-18
COHH,1.3,6.84,2062974,1618065,14.11,10.98,1.3,-14.7,-12.3,강한매도,장대음봉,전저점이탈,0.03,-3.31,2026-08-18
LSPD,1.3,10.33,692342,544402,7.15,7.07,1.0,1.2,-0.2,중립,팽이도지,잔구간,0.41,-0.055,2026-08-18
LPTH,1.3,14.22,3438587,2602959,48.9,36.1,1.4,-5.4,1.5,중립,위꼬리양봉,잔구간,0.35,-0.59,2026-08-18
FOTO,1.3,19.53,549877,408001,10.74,10.04,1.1,-5.9,-5.2,강한매도,장대음봉,전저점이탈,0.1,-3.23,2026-08-18
FNB,1.3,19.22,4056814,3099685,77.97,65.25,1.2,0.0,-0.9,중립,음봉,잔구간,0.22,-0.52,2026-08-18
KODK,1.3,9.82,1115443,853021,10.95,10.7,1.0,-1.8,0.3,중립,팽이도지,잔구간,0.41,-0.055,2026-08-18
LITZ,1.3,9.09,4422612,3420866,40.2,32.72,1.2,12.6,6.3,중립,양봉,잔구간,0.87,0.57,2026-08-18
AVAH,1.3,12.67,5047346,3986006,63.95,38.75,1.7,-0.1,-0.1,매수관심,망치형,전고점부근,0.83,0.95,2026-08-18
AXTL,1.3,4.48,1214674,943327,5.44,4.67,1.2,-15.3,-15.9,중립,음봉,잔구간,0.13,-0.57,2026-08-18
BTQ,1.3,3.7,2173010,1734101,8.04,6.9,1.2,-4.7,0.8,중립,팽이도지,전저점이탈,0.52,-0.73,2026-08-18
SENS,1.3,8.69,1199341,898885,10.42,6.65,1.6,-1.2,9.6,강한매수,장대양봉,전고점돌파,0.8,3.86,2026-08-18
SNDC,1.3,8.3,748336,560447,6.21,3.41,1.8,-13.6,-5.1,중립,음봉,잔구간,0.21,-0.525,2026-08-18
CMCO,1.3,17.8,472512,355156,8.41,10.6,0.8,-1.1,-5.7,강한매도,장대음봉,전저점이탈,0.07,-3.27,2026-08-18
SHOE,1.3,15.27,592505,442079,9.05,7.0,1.3,1.0,-2.4,매도주의,장대음봉,잔구간,0.12,-1.23,2026-08-18
MNR,1.3,12.6,546149,417630,6.88,4.67,1.5,0.4,-1.1,중립,음봉,잔구간,0.37,-0.43,2026-08-18
KD,1.3,12.33,4471526,3576617,55.13,63.51,0.9,0.5,-3.5,강한매도,장대음봉,전저점이탈,0.02,-3.33,2026-08-18
RZLT,1.3,4.66,912778,706800,4.25,5.5,0.8,-1.3,0.9,매수관심,양봉,수횡파,0.57,1.38,2026-08-18
NB,1.3,4.53,4270680,3272722,19.35,24.49,0.8,-3.1,-2.8,매도주의,음봉,전저점이탈,0.18,-1.83,2026-08-18
NFXL,1.3,17.9,1470260,1140182,26.32,18.63,1.4,3.4,1.1,중립,팽이도지,잔구간,0.53,0.02,2026-08-18
BTAL,1.3,12.12,542430,415364,6.57,6.03,1.1,1.4,1.3,강한매수,장대양봉,전고점돌파,0.88,3.96,2026-08-18
SVC,1.3,7.83,1686674,1333630,13.21,14.2,0.9,0.0,-3.2,강한매도,장대음봉,전저점이탈,0.07,-3.27,2026-08-18
BSCU,1.3,16.57,675193,536908,11.19,10.12,1.1,-0.2,0.1,매수관심,장대양봉,잔구간,0.67,1.1,2026-08-18
CAL,1.3,12.92,496938,370076,6.42,6.92,0.9,0.5,-3.1,강한매도,장대음봉,전저점이탈,0.11,-3.22,2026-08-18
BTDR,1.3,9.0,20894535,15561208,188.05,159.37,1.2,-3.8,-0.3,중립,팽이도지,잔구간,0.63,0.08,2026-08-18
SRTA,1.3,5.7,896096,706548,5.11,7.04,0.7,-1.7,-1.7,중립,음봉,잔구간,0.11,-0.585,2026-08-18
BZ,1.3,15.8,5584696,4152752,88.24,55.91,1.6,1.0,0.6,매수관심,팽이도지,완만한상승,0.58,1.0,2026-08-18
TASK,1.3,7.38,729121,556965,5.38,6.62,0.8,0.4,2.2,매수관심,양봉,완만한상승,0.62,1.74,2026-08-18
AXTX,1.3,11.65,14758631,11165780,171.94,156.11,1.1,-15.7,-15.0,중립,음봉,잔구간,0.14,-0.565,2026-08-18
TLSA,1.3,1.12,1623760,1255555,1.82,1.26,1.4,-0.9,-1.8,중립,팽이도지,잔구간,0.5,0.0,2026-08-18
BAK,1.3,1.97,2127505,1674998,4.19,3.73,1.1,-1.0,-1.0,중립,팽이도지,잔구간,0.4,-0.06,2026-08-18
NTLA,1.3,11.6,3178625,2465120,36.87,38.58,1.0,-2.4,-1.7,중립,음봉,잔구간,0.24,-0.505,2026-08-18
NPWR,1.3,1.65,959138,725490,1.58,1.66,1.0,-1.7,-2.9,매도주의,위꼬리음봉,잔구간,0.05,-1.02,2026-08-18
FLNC,1.3,11.75,5912328,4679962,69.47,130.0,0.5,-4.6,-2.5,매도주의,음봉,전저점이탈,0.21,-1.8,2026-08-18
NWBI,1.3,15.64,828552,614954,12.96,12.48,1.0,0.1,-0.4,중립,음봉,잔구간,0.42,-0.4,2026-08-18
ONT,1.3,16.09,1024275,758794,16.48,19.67,0.8,1.7,-1.3,매도주의,위꼬리음봉,완만한상승,0.03,-1.16,2026-08-18
SSG,1.3,12.06,590940,468638,7.13,6.36,1.1,5.9,1.4,중립,양봉,잔구간,0.57,0.39,2026-08-18
RNW,1.3,6.82,3864397,2887053,26.36,29.94,0.9,0.1,-0.1,중립,음봉,완만한상승,0.6,0.32,2026-08-18
REAX,1.3,2.65,7793904,6025230,20.65,13.26,1.6,-0.4,10.0,강한매수,장대양봉,전고점돌파,0.85,3.92,2026-08-18
RBBN,1.3,2.04,632873,504413,1.29,1.21,1.1,-1.4,-0.5,중립,팽이도지,잔구간,0.57,0.04,2026-08-18
DXD,1.3,16.63,1172779,898153,19.5,17.93,1.1,0.4,0.2,매수관심,팽이도지,전고점돌파,0.6,1.62,2026-08-18
ORN,1.3,9.55,492449,376122,4.7,4.76,1.0,-1.2,-1.4,매도주의,음봉,전저점이탈,0.39,-1.58,2026-08-18
HL,1.3,17.95,56515405,43327498,1014.45,703.84,1.4,-2.9,-1.8,중립,음봉,잔구간,0.23,-0.51,2026-08-18
EU,1.3,1.07,4389913,3472542,4.7,4.64,1.0,0.0,-5.3,강한매도,장대음봉,전저점이탈,0.0,-3.35,2026-08-18
PAYS,1.3,13.52,739326,587233,10.0,11.66,0.9,0.0,4.0,강한매수,양봉,전고점돌파,0.78,2.54,2026-08-18
GPGI,1.3,12.52,1692662,1344979,21.19,18.45,1.1,-2.0,-3.1,매도주의,장대음봉,전저점부근,0.07,-1.77,2026-08-18
GSM,1.3,4.16,1623201,1247512,6.75,9.75,0.7,-0.2,-2.8,중립,음봉,전저점부근,0.43,-0.03,2026-08-18
GILT,1.3,10.88,665974,520239,7.25,7.39,1.0,-2.8,-0.5,매도주의,팽이도지,전저점이탈,0.32,-0.97,2026-08-18
MNSO,1.3,10.68,786955,590980,8.4,7.82,1.1,-0.7,-0.1,중립,팽이도지,전저점부근,0.31,0.52,2026-08-18
ARI,1.3,6.82,4502540,3352926,30.71,23.02,1.3,0.1,-0.3,중립,팽이도지,잔구간,0.33,-0.1,2026-08-18
ARMG,1.3,17.69,984285,760182,17.41,20.0,0.9,-10.2,-3.9,매도주의,음봉,전저점이탈,0.51,-1.44,2026-08-18
VIVO,1.3,4.4,569374,443418,2.51,2.44,1.0,-3.6,-6.9,매도주의,장대음봉,잔구간,0.05,-1.27,2026-08-18
TTI,1.3,7.98,1862625,1456522,14.86,14.3,1.0,-0.8,-4.4,강한매도,장대음봉,전저점이탈,0.04,-3.3,2026-08-18
UA,1.3,4.94,3431348,2715818,16.95,19.77,0.9,-0.2,-4.6,강한매도,장대음봉,전저점이탈,0.03,-3.31,2026-08-18
ZSQR,1.3,3.85,314638,243219,1.21,1.49,0.8,1.0,-1.3,중립,팽이도지,수횡파,0.46,0.55,2026-08-18
XERS,1.3,8.85,2142019,1672540,18.96,15.56,1.2,0.7,3.1,강한매수,장대양봉,전고점돌파,0.93,4.02,2026-08-18
VLN,1.3,1.83,1448374,1107620,2.65,2.01,1.3,-4.7,0.5,중립,팽이도지,잔구간,0.32,-0.11,2026-08-18
VXX,1.3,19.65,8474953,6420106,166.53,142.79,1.2,1.1,-0.3,중립,망치형,잔구간,0.57,0.54,2026-08-18
LCID,1.3,5.77,8212053,6104393,47.38,59.05,0.8,-1.3,-6.0,강한매도,장대음봉,전저점이탈,0.09,-3.24,2026-08-18
AEG,1.3,9.41,4353725,3344810,40.97,39.43,1.0,0.7,-1.1,매도주의,장대음봉,잔구간,0.0,-1.3,2026-08-18
MEI,1.2,16.01,733330,629250,11.74,9.76,1.2,-5.5,-6.3,중립,음봉,잔구간,0.22,-0.52,2026-08-18
METC,1.2,11.6,2245389,1847836,26.05,25.95,1.0,-8.0,3.1,중립,양봉,잔구간,0.91,0.595,2026-08-18
VLY,1.2,14.86,5465133,4542629,81.21,85.82,0.9,0.2,-0.7,중립,음봉,잔구간,0.32,-0.46,2026-08-18
ADAG,1.2,4.05,332572,285424,1.35,1.42,0.9,-0.5,6.3,중립,양봉,잔구간,0.66,0.445,2026-08-18
XNDU,1.2,10.46,1058482,917043,11.07,10.48,1.1,-3.6,-3.6,매도주의,장대음봉,잔구간,0.09,-1.245,2026-08-18
WCMI,1.2,19.68,741517,636224,14.59,14.79,1.0,-0.9,-1.2,매도주의,장대음봉,잔구간,0.04,-1.275,2026-08-18
VWAV,1.2,1.33,1453406,1209369,1.93,5.99,0.3,-7.0,0.0,중립,팽이도지,잔구간,0.65,0.09,2026-08-18
YSS,1.2,10.42,5034878,4195490,52.46,48.28,1.1,-3.9,1.8,매수관심,양봉스프링,잔구간,0.76,0.905,2026-08-18
AADX,1.2,17.79,1344796,1105958,23.92,21.7,1.1,-1.2,-0.6,중립,팽이도지,전저점부근,0.29,0.5,2026-08-18
MSTU,1.2,1.695,134088807,114521027,227.28,243.17,0.9,-3.7,-6.4,매도주의,장대음봉,전저점부근,0.03,-1.81,2026-08-18
MUZ,1.2,9.77,10272661,8432377,100.36,110.81,0.9,11.1,2.7,중립,양봉,잔구간,0.72,0.48,2026-08-18
AMBP,1.2,5.08,2077937,1677542,10.56,11.57,0.9,0.0,-2.7,매도주의,장대음봉,잔구간,0.0,-1.3,2026-08-18
TWO,1.2,11.99,2024366,1631516,24.27,44.1,0.6,0.2,-0.4,매도주의,장대음봉,잔구간,0.0,-1.3,2026-08-18
UEC,1.2,10.96,6726258,5485235,73.72,73.6,1.0,-3.5,1.7,매수관심,양봉,전저점부근,0.8,1.81,2026-08-18
APLX,1.2,10.25,1460171,1211972,14.97,13.73,1.1,-6.1,-11.5,매도주의,장대음봉,잔구간,0.17,-1.2,2026-08-18
AOD,1.2,10.64,426343,360848,4.54,4.12,1.1,-0.3,-1.0,강한매도,장대음봉,전저점이탈,0.29,-3.0,2026-08-18
PML,1.2,7.36,339947,280586,2.5,2.57,1.0,0.0,-0.4,중립,음봉,전저점부근,0.14,-0.38,2026-08-18
GORO,1.2,2.69,1253841,1039199,3.37,2.69,1.3,-1.4,-1.1,매도주의,위꼬리음봉,잔구간,0.24,-0.905,2026-08-18
GRAB,1.2,3.45,39828878,32439176,137.41,158.19,0.9,-2.2,-1.4,강한매도,장대음봉,전저점이탈,0.13,-3.19,2026-08-18
PACK,1.2,5.18,409296,336370,2.12,2.41,0.9,-1.1,0.0,중립,팽이도지,잔구간,0.33,-0.1,2026-08-18
PAR,1.2,19.42,1164081,934623,22.61,18.69,1.2,0.9,3.7,매수관심,장대양봉,전고점부근,0.7,1.79,2026-08-18
BLND,1.2,1.45,4027186,3316528,5.84,5.46,1.1,2.0,-4.0,중립,음봉,잔구간,0.14,-0.565,2026-08-18
TENX,1.2,1.7,13374333,11589774,22.74,31.64,0.7,-1.8,1.2,매수관심,양봉스프링,잔구간,0.79,0.925,2026-08-18
TEO,1.2,13.1,302889,244095,3.97,3.41,1.2,-0.7,-1.0,중립,음봉,전저점부근,0.54,0.1,2026-08-18
MLCO,1.2,5.44,1472606,1276330,8.01,8.71,0.9,0.2,-0.7,중립,음봉,잔구간,0.11,-0.585,2026-08-18
MODD,1.2,3.03,755765,648453,2.29,1.28,1.8,-7.2,37.7,강한매수,장대양봉,전고점돌파,0.95,4.04,2026-08-18
MNKD,1.2,4.07,4600594,3739845,18.72,19.41,1.0,-0.8,5.2,강한매수,장대양봉,완만한상승,0.87,3.34,2026-08-18
GTN,1.2,4.86,1251338,1002856,6.08,7.47,0.8,1.4,-3.8,매도주의,장대음봉,잔구간,0.0,-1.3,2026-08-18
HAFN,1.2,7.78,1068539,905924,8.31,7.2,1.2,-0.2,-0.8,중립,음봉,잔구간,0.47,-0.37,2026-08-18
ETHW,1.2,13.67,655432,542189,8.96,9.65,0.9,-0.7,1.0,강한매수,장대양봉,완만한상승,0.65,3.08,2026-08-18
QS,1.2,5.76,18033636,14872090,103.87,91.41,1.1,-4.4,-1.5,중립,음봉,잔구간,0.37,-0.43,2026-08-18
QUAD,1.2,10.05,470799,396029,4.73,4.95,1.0,1.1,-1.8,중립,음봉,잔구간,0.05,-0.62,2026-08-18
NUV,1.2,8.99,569185,467404,5.12,4.62,1.1,-0.1,0.0,매도주의,팽이도지,전저점이탈,0.33,-0.95,2026-08-18
LU,1.2,1.53,1278497,1028746,1.96,1.86,1.1,0.7,4.8,중립,양봉,잔구간,0.56,0.385,2026-08-18
LABD,1.2,7.2,15057921,12159197,108.42,105.32,1.0,2.3,-3.4,매도주의,장대음봉,수횡파,0.19,-1.77,2026-08-18
KYTX,1.2,8.5,851456,698800,7.24,5.51,1.3,-1.7,-3.4,매도주의,장대음봉,잔구간,0.3,-1.12,2026-08-18
BLCO,1.2,17.04,429477,356319,7.32,5.19,1.4,0.4,-0.1,매도주의,위꼬리음봉,완만한상승,0.0,-1.2,2026-08-18
TRLV,1.2,9.69,945857,760760,9.17,7.48,1.2,-0.8,3.2,강한매수,장대양봉,완만한상승,0.83,3.3,2026-08-18
BANC,1.2,19.3,2467560,2143891,47.62,52.05,0.9,0.2,-2.1,매도주의,장대음봉,잔구간,0.08,-1.25,2026-08-18
TSLG,1.2,4.22,34423079,28662143,145.27,117.6,1.2,-3.4,2.3,중립,양봉,잔구간,0.66,0.445,2026-08-18
NVTS,1.2,13.17,16108830,13258143,212.15,180.43,1.2,-5.8,-4.1,중립,음봉,잔구간,0.19,-0.535,2026-08-18
NU,1.2,14.35,87674489,70555755,1258.13,972.92,1.3,-1.4,-1.2,매도주의,위꼬리음봉,잔구간,0.03,-1.03,2026-08-18
NXDR,1.2,2.47,1734787,1447574,4.28,6.62,0.6,-0.8,-1.2,중립,음봉,전저점부근,0.0,-0.55,2026-08-18
NZF,1.2,12.28,564509,455008,6.93,7.0,1.0,-0.2,0.0,매수관심,팽이도지,전저점부근,0.62,0.89,2026-08-18
FRSH,1.2,12.73,9100522,7683486,115.85,96.99,1.2,1.2,2.0,중립,양봉,잔구간,0.51,0.355,2026-08-18
SRFM,1.2,0.669,3592500,2926274,2.4,1.96,1.2,-2.9,-0.2,중립,팽이도지,전저점이탈,0.65,-0.57,2026-08-18
SPRY,1.2,6.3,1945327,1665266,12.26,12.43,1.0,-1.9,2.9,중립,양봉,전고점부근,0.45,0.19,2026-08-18
SSL,1.2,11.85,1095942,906582,12.99,12.13,1.1,2.5,-1.3,중립,음봉,전고점돌파,0.25,0.5,2026-08-18
SES,1.2,0.531,13606989,11046065,7.23,8.84,0.8,-2.6,-4.2,매도주의,장대음봉,잔구간,0.0,-1.3,2026-08-18
ELPC,1.2,10.51,576313,470405,6.06,5.33,1.1,-0.2,-0.7,중립,음봉,잔구간,0.0,-0.65,2026-08-18
ECVT,1.2,10.31,1475179,1226958,15.21,14.96,1.0,-0.1,-0.7,중립,팽이도지,잔구간,0.44,-0.035,2026-08-18
RUN,1.2,9.26,9233035,8018331,85.5,104.92,0.8,-2.5,-3.3,강한매도,음봉,전저점이탈,0.04,-2.0,2026-08-18
DHY,1.2,1.72,1159578,929207,1.99,1.31,1.5,0.0,-1.1,매도주의,장대음봉,전저점부근,0.0,-1.85,2026-08-18
HTLD,1.2,12.75,1076055,891942,13.72,10.09,1.4,-0.2,-0.4,중립,망치형,잔구간,0.69,0.615,2026-08-18
CAG,1.2,15.52,10603161,8629703,164.56,146.04,1.1,1.4,-1.5,매도주의,장대음봉,잔구간,0.0,-1.3,2026-08-18
BULL,1.2,7.93,12598310,10819117,99.9,67.44,1.5,-2.2,-0.6,중립,팽이도지,잔구간,0.42,-0.05,2026-08-18
TAL,1.2,12.03,4077075,3533116,49.05,53.23,0.9,0.9,2.1,강한매수,장대양봉,완만한상승,0.95,3.44,2026-08-18
SVCO,1.2,6.8,478222,404582,3.25,3.84,0.8,-5.9,-1.7,매도주의,팽이도지,전저점이탈,0.27,-1.03,2026-08-18
SVRA,1.2,5.37,1510437,1235449,8.11,7.72,1.1,-0.7,0.8,중립,양봉,잔구간,0.59,0.405,2026-08-18
BYND,1.2,12.74,3528711,3026171,44.96,34.05,1.3,-4.4,14.6,매수관심,장대양봉,잔구간,1.0,1.3,2026-08-18
KELYA,1.2,16.5,392846,320451,6.48,5.7,1.1,1.3,1.2,강한매수,양봉,전고점돌파,0.85,2.62,2026-08-18
HRTX,1.2,0.301,4123150,3454992,1.24,1.42,0.9,-3.1,-2.9,중립,음봉,전저점부근,0.06,-0.48,2026-08-18
DRN,1.2,10.77,779782,644711,8.4,7.1,1.2,1.0,-2.2,매도주의,장대음봉,잔구간,0.11,-1.235,2026-08-18
RYAM,1.2,8.39,1073393,875896,9.01,10.39,0.9,-0.2,1.1,매수관심,양봉스프링,잔구간,0.79,0.925,2026-08-18
SABS,1.2,3.79,351302,302518,1.33,1.45,0.9,-0.5,1.1,매수관심,양봉스프링,잔구간,0.8,0.93,2026-08-18
MOBX,1.2,1.09,1277055,1027648,1.39,1.51,0.9,-7.1,-6.8,매도주의,음봉,전저점이탈,0.38,-1.59,2026-08-18
MYI,1.2,10.75,368375,303840,3.96,3.13,1.3,0.0,-0.2,매도주의,음봉,전저점이탈,0.54,-1.4,2026-08-18
CRMD,1.2,8.17,2033422,1763565,16.61,13.13,1.3,0.5,6.0,강한매수,장대양봉,완만한상승,0.82,3.28,2026-08-18
CRMG,1.2,6.1,2126432,1785600,12.97,23.56,0.6,1.9,3.0,중립,양봉,잔구간,0.47,0.33,2026-08-18
CIEG,1.2,5.83,344062,288587,2.01,1.84,1.1,-11.2,-7.4,중립,음봉,잔구간,0.39,-0.415,2026-08-18
CRGY,1.2,12.95,6308595,5212621,81.7,71.84,1.1,1.7,0.4,강한매수,양봉스프링,전고점돌파,1.0,3.6,2026-08-18
CORZ,1.2,18.85,13780899,11117680,259.77,237.47,1.1,-3.1,-3.3,매도주의,음봉,전저점이탈,0.26,-1.74,2026-08-18
COUR,1.2,5.69,4764300,4041745,27.11,26.04,1.0,2.9,-0.2,중립,팽이도지,잔구간,0.29,-0.125,2026-08-18
IMMR,1.2,7.53,471794,393229,3.55,3.99,0.9,-1.1,1.3,강한매수,양봉,완만한상승,0.88,2.06,2026-08-18
NEA,1.2,11.3,1121371,929298,12.67,9.45,1.3,-0.1,0.1,매수관심,양봉스프링,잔구간,0.83,0.95,2026-08-18
BSCQ,1.2,19.56,955307,779026,18.69,22.18,0.8,0.0,0.0,중립,위꼬리양봉,완만한상승,0.0,-0.7,2026-08-18
BAOS,1.2,0.483,9864216,8234378,4.76,9.16,0.5,1.8,-1.0,강한매수,망치형,완만한상승,0.84,2.31,2026-08-18
LOMA,1.2,9.22,644223,551839,5.94,5.21,1.1,-1.0,-0.3,강한매수,망치형,전저점부근,0.69,2.98,2026-08-18
ETHE,1.2,15.41,1540088,1308485,23.73,22.05,1.1,-0.7,1.0,강한매수,장대양봉,완만한상승,0.75,3.2,2026-08-18
ETHU,1.2,16.26,3515288,2868847,57.16,53.25,1.1,-1.4,2.1,강한매수,장대양봉,완만한상승,0.69,3.13,2026-08-18
EQ,1.2,2.35,710427,571499,1.67,1.18,1.4,-1.2,-4.1,중립,음봉,잔구간,0.13,-0.57,2026-08-18
GGB,1.2,4.67,8471340,7185285,39.56,54.27,0.7,0.0,-2.7,매도주의,장대음봉,전저점부근,0.11,-1.72,2026-08-18
GDXY,1.2,10.89,636192,535624,6.93,7.15,1.0,-0.7,-1.4,매도주의,장대음봉,잔구간,0.22,-1.17,2026-08-18
FWDI,1.2,4.54,1273085,1054839,5.78,3.67,1.6,-0.9,7.1,강한매수,장대양봉,전고점돌파,0.97,4.06,2026-08-18
GFR,1.2,6.39,710008,585020,4.54,2.85,1.6,0.9,-1.8,중립,음봉,잔구간,0.48,-0.36,2026-08-18
PMT,1.2,9.43,1422300,1140617,13.41,10.4,1.3,0.2,-2.2,매도주의,장대음봉,잔구간,0.0,-1.3,2026-08-18
VG,1.2,14.2,17225445,14862678,244.6,189.96,1.3,2.0,1.2,매수관심,양봉,완만한상승,0.54,1.65,2026-08-18
VIR,1.2,9.49,1480848,1224793,14.05,13.35,1.1,-1.3,2.4,강한매수,장대양봉,전고점부근,0.96,2.1,2026-08-18
ZVRA,1.2,11.57,911555,766025,10.55,11.78,0.9,-0.4,0.8,매수관심,양봉,완만한상승,0.78,1.94,2026-08-18
MBC,1.2,8.85,1583391,1310509,14.01,16.71,0.8,-0.3,-1.2,중립,음봉,전저점부근,0.33,-0.15,2026-08-18
MFG,1.2,10.65,2605887,2193813,27.75,29.76,0.9,-1.4,-0.3,중립,팽이도지,잔구간,0.36,-0.085,2026-08-18
MARA,1.2,8.96,45477029,38997686,407.47,393.8,1.0,-3.7,-4.3,매도주의,장대음봉,전저점부근,0.08,-1.75,2026-08-18
AAL,1.2,14.05,51035661,43419546,717.05,724.44,1.0,-0.9,-1.7,강한매도,장대음봉,전저점이탈,0.07,-3.27,2026-08-18
AAOG,1.2,4.0,3983906,3199986,15.94,17.73,0.9,-12.2,-20.3,매도주의,장대음봉,전저점부근,0.01,-1.84,2026-08-18
MDXG,1.2,4.34,1220148,1021306,5.3,5.13,1.0,0.2,3.3,매수관심,장대양봉,잔구간,0.82,1.19,2026-08-18
AAPD,1.2,11.21,7677748,6325541,86.07,78.91,1.1,-0.6,-0.8,중립,음봉,잔구간,0.2,-0.53,2026-08-18
YMAG,1.2,11.16,706769,596971,7.89,7.62,1.0,-0.4,-0.6,강한매도,장대음봉,전저점이탈,0.28,-3.01,2026-08-18
XRP,1.1,11.19,655431,600436,7.33,7.51,1.0,-0.3,0.4,중립,양봉,잔구간,0.58,0.4,2026-08-18
GOOS,1.1,8.51,621785,554078,5.29,7.24,0.7,0.9,-0.4,중립,팽이도지,완만한상승,0.26,0.61,2026-08-18
ACCO,1.1,4.28,664239,599448,2.84,2.85,1.0,1.2,0.0,중립,팽이도지,완만한상승,0.32,0.68,2026-08-18
OSPN,1.1,15.78,429754,378839,6.78,8.05,0.8,0.3,-1.2,중립,음봉,잔구간,0.04,-0.625,2026-08-18
GSIT,1.1,6.32,478307,445901,3.02,3.82,0.8,-4.7,-2.2,매도주의,음봉,전저점이탈,0.25,-1.75,2026-08-18
ADBG,1.1,4.66,2347571,2227206,10.94,16.07,0.7,4.8,2.2,중립,양봉,잔구간,0.52,0.36,2026-08-18
PBR.A,1.1,16.37,8524221,7660662,139.54,117.82,1.2,1.1,-0.9,중립,음봉,완만한상승,0.27,-0.08,2026-08-18
GLWG,1.1,15.24,1349930,1250699,20.57,29.22,0.7,-13.5,-2.3,매도주의,위꼬리음봉,잔구간,0.2,-0.93,2026-08-18
GGT,1.1,4.12,303284,281964,1.25,1.09,1.1,-0.5,0.2,매수관심,팽이도지,전저점부근,0.6,0.87,2026-08-18
GENB,1.1,16.08,580498,513449,9.33,7.92,1.2,-1.1,3.7,강한매수,양봉,전고점돌파,0.51,2.21,2026-08-18
FSM,1.1,10.45,5402219,4697694,56.45,62.85,0.9,-1.9,-1.1,중립,음봉,잔구간,0.07,-0.61,2026-08-18
QBTX,1.1,8.55,1390962,1314623,11.89,16.83,0.7,-9.6,-3.1,강한매도,위꼬리음봉,전저점이탈,0.05,-2.79,2026-08-18
NVG,1.1,12.38,592536,538588,7.34,6.0,1.2,-0.3,0.1,중립,팽이도지,잔구간,0.67,0.1,2026-08-18
OLN,1.1,18.48,2207523,2076973,40.8,52.53,0.8,0.4,-3.2,매도주의,장대음봉,잔구간,0.1,-1.24,2026-08-18
OCFC,1.1,19.56,880082,835845,17.21,18.78,0.9,0.2,-0.6,중립,음봉,잔구간,0.34,-0.445,2026-08-18
NVRI,1.1,19.66,485727,453581,9.55,8.98,1.1,-0.2,-5.8,매도주의,장대음봉,전저점부근,0.18,-1.63,2026-08-18
PTEN,1.1,12.125,6590214,6059276,79.91,81.4,1.0,2.1,-2.8,매도주의,장대음봉,잔구간,0.28,-1.13,2026-08-18
PFXF,1.1,17.98,602895,528663,10.84,14.11,0.8,-0.2,-0.5,매도주의,장대음봉,잔구간,0.08,-1.25,2026-08-18
GME,1.1,17.95,5645676,5337884,101.34,124.14,0.8,-0.1,-2.3,강한매도,장대음봉,전저점이탈,0.07,-3.27,2026-08-18
QBTS,1.1,19.53,12926407,12055630,252.45,316.61,0.8,-5.1,-1.4,매도주의,위꼬리음봉,전저점부근,0.06,-1.28,2026-08-18
ESRT,1.1,4.7,1880157,1711558,8.84,8.76,1.0,0.4,0.4,중립,팽이도지,잔구간,0.64,0.085,2026-08-18
QYLD,1.1,18.2,2964575,2669659,53.96,53.9,1.0,-0.1,0.1,강한매수,장대양봉,완만한상승,0.67,3.1,2026-08-18
RAM,1.1,12.07,19589791,17781800,236.45,172.55,1.4,-11.9,-6.1,중립,음봉,잔구간,0.14,-0.565,2026-08-18
RBLU,1.1,3.5,502931,456389,1.76,1.67,1.1,-0.4,-1.3,매도주의,위꼬리음봉,잔구간,0.05,-1.02,2026-08-18
RDWU,1.1,9.47,544577,513835,5.16,10.45,0.5,-11.6,4.6,매수관심,양봉,수횡파,0.56,1.37,2026-08-18
ENIC,1.1,4.52,440373,388193,1.99,2.1,0.9,-0.4,-0.4,중립,음봉,잔구간,0.46,-0.375,2026-08-18
EOSE,1.1,3.67,20860869,18489725,76.56,105.26,0.7,-4.6,-2.1,매도주의,음봉,전저점이탈,0.13,-1.89,2026-08-18
DX,1.1,13.18,5242299,4560617,69.09,63.58,1.1,0.1,0.8,강한매수,장대양봉,전고점돌파,0.94,4.03,2026-08-18
CSIQ,1.1,14.74,1450859,1265754,21.39,24.49,0.9,-3.3,3.1,강한매수,장대양봉,전저점부근,0.75,4.05,2026-08-18
ENHA,1.1,1.63,1593261,1407755,2.6,2.8,0.9,-0.6,-4.1,중립,음봉,잔구간,0.16,-0.555,2026-08-18
DFDV,1.1,3.08,617516,545295,1.9,1.68,1.1,-0.6,-1.9,중립,음봉,잔구간,0.12,-0.58,2026-08-18
SECZ,1.1,5.89,3272748,2920569,19.28,12.78,1.5,-1.9,11.3,매수관심,장대양봉,잔구간,0.77,1.16,2026-08-18
SD,1.1,14.35,337676,308883,4.85,4.81,1.0,1.5,-1.2,매도주의,장대음봉,완만한상승,0.37,-1.26,2026-08-18
DHX,1.1,4.27,347940,304364,1.49,1.06,1.4,-1.2,1.7,중립,위꼬리양봉,완만한상승,0.23,-0.42,2026-08-18
INMD,1.1,14.99,375897,356920,5.63,6.39,0.9,0.3,-0.5,중립,음봉,잔구간,0.33,-0.45,2026-08-18
NPKI,1.1,14.01,630168,579562,8.83,9.28,1.0,-1.3,-0.9,중립,음봉,잔구간,0.62,-0.28,2026-08-18
COTY,1.1,2.74,5793994,5453630,15.88,19.63,0.8,0.7,1.9,매수관심,양봉,수횡파,0.75,1.6,2026-08-18
CPNG,1.1,15.58,15093815,13715174,235.16,335.76,0.7,-0.3,-0.6,매도주의,음봉,전저점이탈,0.08,-1.95,2026-08-18
NOMD,1.1,11.42,2327083,2167803,26.58,20.88,1.3,0.8,-0.5,중립,팽이도지,잔구간,0.26,-0.145,2026-08-18
RYLD,1.1,16.41,357040,325383,5.86,7.17,0.8,0.0,0.0,매수관심,팽이도지,완만한상승,0.73,1.18,2026-08-18
SB,1.1,8.03,669595,610426,5.38,4.68,1.1,-0.2,-0.6,중립,망치형,잔구간,0.72,0.63,2026-08-18
IBX,1.1,17.63,406780,355753,7.17,7.04,1.0,0.2,3.2,강한매수,장대양봉,완만한상승,0.7,3.14,2026-08-18
EXK,1.1,9.66,8666128,7641281,83.71,82.71,1.0,-2.2,-2.6,중립,음봉,잔구간,0.02,-0.64,2026-08-18
HLMN,1.1,8.42,1120810,1024812,9.44,16.59,0.6,-0.6,-4.0,강한매도,장대음봉,전저점이탈,0.03,-3.31,2026-08-18
DNN,1.1,3.15,24181155,21587198,76.17,74.56,1.0,-2.5,1.3,중립,양봉,잔구간,0.85,0.56,2026-08-18
DNOW,1.1,15.93,2829470,2645303,45.07,51.51,0.9,0.2,-1.6,매도주의,장대음봉,잔구간,0.0,-1.3,2026-08-18
SOFX,1.1,9.25,967587,863747,8.95,8.26,1.1,-4.3,-3.1,중립,음봉,전저점부근,0.04,-0.5,2026-08-18
SOLZ,1.1,7.72,1200716,1054736,9.27,8.42,1.1,0.5,1.4,강한매수,장대양봉,전고점돌파,0.89,3.97,2026-08-18
CCCC,1.1,4.18,2878764,2586117,12.03,9.58,1.3,-1.3,-0.7,중립,팽이도지,잔구간,0.38,-0.07,2026-08-18
IMPP,1.1,5.05,339411,317397,1.71,1.53,1.1,0.2,1.4,매수관심,양봉,완만한상승,0.74,1.89,2026-08-18
INDI,1.1,4.34,11696940,10979153,50.76,36.82,1.4,-4.9,-3.1,중립,음봉,잔구간,0.58,-0.3,2026-08-18
SHNY,1.1,9.58,1009550,934347,9.67,9.77,1.0,-2.0,-3.2,매도주의,장대음봉,잔구간,0.1,-1.24,2026-08-18
SLI,1.1,2.25,1671884,1493186,3.76,3.81,1.0,-1.7,0.0,매수관심,팽이도지,전저점부근,0.57,0.83,2026-08-18
SKYQ,1.1,2.79,1438791,1263423,4.01,5.57,0.7,5.5,-3.1,중립,음봉,잔구간,0.08,-0.6,2026-08-18
CLF,1.1,11.88,13332150,12136180,158.39,171.8,0.9,-1.7,-1.8,중립,음봉,잔구간,0.24,-0.505,2026-08-18
CX,1.1,10.66,7397791,6980293,78.86,90.42,0.9,-1.2,-2.9,강한매도,장대음봉,전저점이탈,0.05,-3.29,2026-08-18
CYRX,1.1,15.09,456217,410005,6.88,8.18,0.8,-0.6,-0.9,중립,음봉,잔구간,0.47,-0.37,2026-08-18
SONO,1.1,15.79,1627708,1539155,25.7,24.05,1.1,-0.5,2.7,중립,양봉,잔구간,0.72,0.48,2026-08-18
SNDG,1.1,9.74,9114920,8022443,88.78,64.76,1.4,-12.9,-5.8,중립,음봉,잔구간,0.22,-0.52,2026-08-18
SMR,1.1,8.64,30373827,27545351,262.43,278.93,0.9,-3.3,-2.8,매도주의,음봉,전저점이탈,0.1,-1.93,2026-08-18
CMRE,1.1,14.93,346524,322309,5.17,5.24,1.0,0.3,-0.9,중립,음봉,잔구간,0.52,-0.34,2026-08-18
BTG,1.1,4.98,19580735,17893694,97.51,146.07,0.7,-1.3,-3.0,매도주의,장대음봉,잔구간,0.06,-1.265,2026-08-18
TSLL,1.1,8.48,123508578,112519615,1047.35,849.29,1.2,-3.6,2.2,중립,양봉,잔구간,0.6,0.41,2026-08-18
TNYA,1.1,0.699,2225357,2079854,1.55,1.75,0.9,-0.0,-0.2,중립,팽이도지,잔구간,0.62,0.07,2026-08-18
TK,1.1,12.97,552309,524412,7.16,5.84,1.2,0.5,0.5,매수관심,양봉스프링,전고점부근,0.89,1.52,2026-08-18
AUTL,1.1,2.29,3363410,2983757,7.7,7.27,1.1,-1.3,1.8,매수관심,양봉,완만한상승,0.58,1.7,2026-08-18
BEKE,1.1,16.87,2841151,2574581,47.93,40.77,1.2,0.8,-0.7,매도주의,장대음봉,완만한상승,0.2,-1.46,2026-08-18
BHVN,1.1,13.57,1965319,1750523,26.67,25.08,1.1,-1.1,-5.1,강한매도,장대음봉,전저점이탈,0.03,-3.31,2026-08-18
BRR,1.1,1.91,600343,547747,1.15,0.79,1.4,-2.2,7.3,강한매수,장대양봉,전고점돌파,0.84,3.91,2026-08-18
BRSL,1.1,11.0,1916146,1688519,21.08,27.76,0.8,-1.0,-4.0,매도주의,장대음봉,잔구간,0.02,-1.29,2026-08-18
BMNZ,1.1,12.41,648926,567814,8.05,8.78,0.9,3.9,0.6,강한매수,양봉스프링,완만한상승,0.99,2.99,2026-08-18
BLDP,1.1,2.47,3406572,3179417,8.41,9.63,0.9,-2.7,-2.4,매도주의,음봉,전저점이탈,0.25,-1.75,2026-08-18
ASM,1.1,6.83,4679180,4447081,31.96,33.65,0.9,-2.1,-3.1,중립,음봉,잔구간,0.18,-0.54,2026-08-18
AIV,1.1,2.62,968127,841989,2.54,2.26,1.1,0.0,0.0,중립,위꼬리양봉,완만한상승,0.17,-0.5,2026-08-18
UUUU,1.1,14.09,6188150,5806347,87.19,106.46,0.8,-4.1,-0.7,중립,팽이도지,잔구간,0.39,-0.065,2026-08-18
USAS,1.1,4.95,4908559,4530518,24.3,25.61,0.9,-2.1,-2.0,중립,음봉,잔구간,0.2,-0.53,2026-08-18
VFC,1.1,14.31,6248079,5937216,89.41,98.42,0.9,0.9,-2.1,강한매도,장대음봉,전저점이탈,0.07,-3.27,2026-08-18
LXRX,1.1,2.42,2904994,2632929,7.03,7.63,0.9,-0.4,3.9,매수관심,장대양봉,잔구간,0.83,1.2,2026-08-18
XXI,1.1,4.84,1112179,997232,5.38,5.82,0.9,-1.4,-0.8,중립,망치형,잔구간,0.64,0.585,2026-08-18
MFA,1.1,9.0,1170943,1094518,10.54,13.33,0.8,0.4,-1.6,매도주의,장대음봉,전저점부근,0.0,-1.85,2026-08-18
MFIC,1.1,9.66,510486,471778,4.93,7.77,0.6,-0.1,-0.3,매도주의,위꼬리음봉,잔구간,0.19,-0.935,2026-08-18
ANGI,1.1,4.63,869557,818639,4.03,5.06,0.8,0.0,3.8,매수관심,장대양봉,잔구간,0.85,1.21,2026-08-18
TTGT,1.1,3.85,443113,408332,1.71,1.59,1.1,-1.1,4.1,강한매수,장대양봉,완만한상승,1.0,3.5,2026-08-18
BBAI,1.1,3.12,19693733,17425070,61.44,70.72,0.9,-3.1,0.3,중립,위꼬리양봉,잔구간,0.27,-0.64,2026-08-18
LILAK,1.1,8.3,1310331,1188975,10.88,10.91,1.0,0.6,-2.2,매도주의,장대음봉,잔구간,0.24,-1.155,2026-08-18
KT,1.1,18.78,1871167,1696234,35.14,34.3,1.0,0.4,-1.6,매도주의,장대음봉,잔구간,0.12,-1.23,2026-08-18
LWLG,1.1,6.64,3680246,3303110,24.44,25.6,1.0,-5.6,-5.2,강한매도,장대음봉,전저점이탈,0.16,-3.16,2026-08-18
KREF,1.1,7.28,777450,681422,5.66,6.44,0.9,0.7,-3.2,강한매도,장대음봉,전저점이탈,0.03,-3.31,2026-08-18
LAES,1.1,2.74,8621608,7946953,23.62,25.6,0.9,-6.9,1.5,중립,양봉,잔구간,0.48,0.34,2026-08-18
TH,1.1,17.47,1195072,1102002,20.88,20.92,1.0,-1.1,-2.3,중립,음봉,잔구간,0.39,-0.415,2026-08-18
TDOC,1.1,6.47,4230517,3923393,27.37,30.26,0.9,0.0,-1.1,매도주의,음봉,전저점이탈,0.24,-1.76,2026-08-18
NAGE,1.1,3.06,518621,475131,1.59,2.32,0.7,-0.3,1.0,매수관심,양봉,수횡파,1.0,1.9,2026-08-18
MUA,1.1,10.06,364151,323262,3.66,3.13,1.2,0.7,-1.0,강한매도,장대음봉,전저점이탈,0.29,-3.0,2026-08-18
CBRG,1.1,4.46,17390478,16405144,77.56,66.95,1.2,-9.2,-18.2,매도주의,장대음봉,잔구간,0.19,-1.185,2026-08-18
BTGO,1.1,5.39,1789286,1685419,9.64,8.49,1.1,-2.7,-0.2,중립,팽이도지,잔구간,0.3,-0.12,2026-08-18
BSOL,1.1,10.57,1999383,1861406,21.13,20.09,1.1,0.5,1.4,강한매수,장대양봉,전고점돌파,0.85,3.92,2026-08-18
SPH,1.1,17.56,326232,301782,5.73,4.61,1.2,0.4,0.0,중립,위꼬리양봉,완만한상승,0.11,-0.57,2026-08-18
CDE,1.1,18.51,38571027,36386724,713.95,748.86,1.0,-2.3,-1.9,매도주의,장대음봉,잔구간,0.04,-1.275,2026-08-18
CFFN,1.1,8.64,784806,692527,6.78,6.8,1.0,0.1,-1.0,매도주의,음봉,전저점이탈,0.4,-1.57,2026-08-18
CGNT,1.1,8.97,339420,309254,3.04,4.59,0.7,0.1,0.1,매수관심,팽이도지,완만한상승,0.45,0.84,2026-08-18
CHA,1.1,10.05,572428,522580,5.75,5.47,1.1,-0.3,-0.7,중립,팽이도지,잔구간,0.32,-0.11,2026-08-18
TALO,1.1,16.36,1604893,1519111,26.26,30.17,0.9,2.1,-2.3,강한매도,장대음봉,전고점부근,0.16,-3.86,2026-08-18
MPLT,1.1,11.82,547827,489933,6.48,6.86,0.9,-0.4,5.5,강한매수,장대양봉,완만한상승,0.87,3.34,2026-08-18
JBLU,1.1,5.04,21416109,20117529,107.94,137.59,0.8,-2.1,-1.8,매도주의,음봉,전저점이탈,0.11,-1.92,2026-08-18
JBGS,1.1,11.43,934475,857734,10.68,14.71,0.7,0.6,-0.3,강한매수,망치형,완만한상승,0.7,2.14,2026-08-18
EARN,1.0,4.38,339592,327110,1.49,1.64,0.9,-0.5,-0.2,매도주의,위꼬리음봉,잔구간,0.0,-1.05,2026-08-18
HODL,1.0,18.27,706534,685978,12.91,21.77,0.6,-0.4,1.0,중립,양봉,잔구간,0.6,0.41,2026-08-18
NVD,1.0,4.11,56548210,53896828,232.41,248.08,0.9,4.3,0.5,매수관심,팽이도지,완만한상승,0.63,1.06,2026-08-18
NVDQ,1.0,9.31,4791729,4696455,44.61,38.45,1.2,4.2,0.4,매수관심,팽이도지,완만한상승,0.62,1.04,2026-08-18
ODD,1.0,12.3,835786,871875,10.28,10.87,0.9,-0.4,2.2,중립,양봉,잔구간,0.52,0.36,2026-08-18
XE,1.0,18.86,4918605,5036191,92.76,104.93,0.9,-3.8,-4.1,강한매도,음봉,전저점이탈,0.04,-2.0,2026-08-18
WWW,1.0,19.99,1122608,1172089,22.44,18.73,1.2,0.6,0.2,중립,위꼬리양봉,잔구간,0.18,-0.69,2026-08-18
XRX,1.0,2.97,1717581,1690020,5.1,7.2,0.7,1.7,-1.0,매도주의,위꼬리음봉,잔구간,0.08,-1.0,2026-08-18
GOOD,1.0,12.84,387945,370542,4.98,6.06,0.8,-0.8,-0.2,중립,팽이도지,잔구간,0.31,-0.115,2026-08-18
GPRE,1.0,16.18,1165076,1186090,18.85,21.31,0.9,0.2,0.0,매수관심,양봉스프링,전고점부근,0.83,1.45,2026-08-18
ACI,1.0,12.21,5789333,5743591,70.69,82.82,0.9,1.9,-1.8,매도주의,장대음봉,완만한상승,0.06,-1.63,2026-08-18
AMAU,1.0,16.16,486583,509632,7.86,8.14,1.0,-9.6,1.8,매수관심,양봉스프링,잔구간,0.87,0.97,2026-08-18
XRAY,1.0,11.11,4070787,3911871,45.23,60.08,0.8,0.4,-1.2,중립,음봉,전저점부근,0.09,-0.44,2026-08-18
YMM,1.0,8.8,5405137,5650865,47.57,54.06,0.9,-0.8,0.3,중립,팽이도지,잔구간,0.61,0.065,2026-08-18
ZURA,1.0,5.77,909324,949982,5.25,5.23,1.0,-1.1,2.7,중립,양봉,잔구간,0.52,0.36,2026-08-18
AAOX,1.0,17.92,10524286,10458457,188.6,255.32,0.7,-11.2,-21.4,매도주의,장대음봉,전저점부근,0.01,-1.84,2026-08-18
CXM,1.0,6.91,1984755,2062182,13.71,17.22,0.8,1.6,1.5,중립,양봉,잔구간,0.79,0.525,2026-08-18
DCH,1.0,6.49,2373727,2443910,15.41,22.41,0.7,-1.9,-2.7,매도주의,장대음봉,잔구간,0.16,-1.205,2026-08-18
COMP,1.0,12.3,7613078,7443091,93.64,151.03,0.6,-1.6,0.9,중립,팽이도지,잔구간,0.53,0.02,2026-08-18
CPRI,1.0,14.42,4524892,4355262,65.25,78.63,0.8,1.5,-3.2,강한매도,장대음봉,전저점이탈,0.03,-3.31,2026-08-18
INN,1.0,6.03,1125232,1126533,6.79,6.39,1.1,-0.3,1.7,매수관심,장대양봉,잔구간,0.94,1.265,2026-08-18
CORD,1.0,2.925,18236786,18243025,53.34,50.45,1.1,9.1,13.4,강한매수,장대양봉,완만한상승,0.99,3.49,2026-08-18
IREZ,1.0,11.14,1433184,1374444,15.97,18.29,0.9,6.4,5.9,중립,양봉,잔구간,0.87,0.57,2026-08-18
IONL,1.0,16.51,513417,527207,8.48,10.47,0.8,-10.3,-1.7,매도주의,위꼬리음봉,잔구간,0.17,-0.95,2026-08-18
NMRK,1.0,15.18,1136752,1191535,17.26,19.02,0.9,0.4,-0.1,중립,팽이도지,완만한상승,0.34,0.71,2026-08-18
IREG,1.0,8.69,724975,726867,6.3,7.39,0.9,-5.6,-7.9,중립,음봉,잔구간,0.12,-0.58,2026-08-18
IREX,1.0,15.39,1238716,1247225,19.06,22.27,0.9,-6.4,-7.2,중립,음봉,잔구간,0.1,-0.59,2026-08-18
RWM,1.0,13.39,14341009,13745467,192.03,208.14,0.9,0.5,0.8,매수관심,장대양봉,잔구간,1.0,1.3,2026-08-18
RXT,1.0,3.52,7798774,8117505,27.45,36.53,0.8,-3.9,-7.2,강한매도,장대음봉,전저점이탈,0.03,-3.31,2026-08-18
DNUT,1.0,3.24,3313803,3417356,10.74,12.27,0.9,0.2,1.1,매수관심,양봉스프링,잔구간,0.85,0.96,2026-08-18
HRZN,1.0,5.05,954982,947787,4.82,4.06,1.2,-0.4,1.4,매수관심,양봉,완만한상승,0.67,1.8,2026-08-18
NNE,1.0,18.25,1880927,1837199,34.33,37.1,0.9,-3.7,-3.3,중립,음봉,잔구간,0.06,-0.615,2026-08-18
EDD,1.0,5.91,364204,359132,2.15,2.04,1.1,-0.2,0.5,중립,양봉,잔구간,0.57,0.39,2026-08-18
SERV,1.0,4.55,5666781,5437067,25.78,29.95,0.9,-4.1,-3.2,매도주의,음봉,전저점이탈,0.32,-1.67,2026-08-18
HOVR,1.0,1.89,655359,647099,1.24,2.46,0.5,-1.0,-3.6,매도주의,장대음봉,전저점부근,0.11,-1.72,2026-08-18
EVEX,1.0,2.65,804700,808972,2.13,3.19,0.7,-2.3,1.9,중립,양봉,잔구간,0.87,0.57,2026-08-18
QTTB,1.0,15.29,319355,307230,4.88,7.32,0.7,-1.9,-2.3,중립,음봉,잔구간,0.25,-0.5,2026-08-18
IMDX,1.0,4.28,318061,305666,1.36,1.26,1.1,-1.2,1.4,중립,팽이도지,잔구간,0.73,0.14,2026-08-18
IAUX,1.0,1.58,11016862,10889840,17.41,20.62,0.8,-0.6,-3.7,매도주의,장대음봉,잔구간,0.07,-1.26,2026-08-18
IBRX,1.0,7.72,5413300,5670991,41.79,60.59,0.7,-1.7,-0.8,중립,망치형,잔구간,0.62,0.57,2026-08-18
HR,1.0,19.11,3229872,3358893,61.72,71.01,0.9,0.6,-0.8,매도주의,장대음봉,잔구간,0.13,-1.22,2026-08-18
HUN,1.0,10.05,2195749,2191383,22.07,28.71,0.8,0.2,-2.7,매도주의,장대음봉,잔구간,0.07,-1.26,2026-08-18
ICLN,1.0,17.74,4861666,5057239,86.25,128.98,0.7,-1.0,-1.0,강한매도,장대음봉,전저점이탈,0.25,-3.05,2026-08-18
ICL,1.0,5.41,997506,1037553,5.4,6.68,0.8,-1.1,0.2,중립,팽이도지,잔구간,0.57,0.04,2026-08-18
DFH,1.0,14.29,593476,600608,8.48,11.09,0.8,0.3,-5.5,매도주의,장대음봉,잔구간,0.01,-1.295,2026-08-18
RRGB,1.0,10.21,508926,511512,5.2,5.47,0.9,-1.3,-2.3,중립,음봉,잔구간,0.21,-0.525,2026-08-18
RMNI,1.0,5.01,339448,338799,1.7,2.02,0.8,0.2,0.8,중립,팽이도지,잔구간,0.56,0.035,2026-08-18
RES,1.0,6.32,1322032,1331633,8.36,7.82,1.1,0.0,-3.8,매도주의,장대음봉,잔구간,0.1,-1.24,2026-08-18
RCAX,1.0,4.68,474861,454726,2.22,2.33,1.0,-12.4,9.1,중립,양봉,잔구간,0.37,0.27,2026-08-18
REKR,1.0,0.61,2047540,1993372,1.25,1.04,1.2,-1.2,-4.7,강한매도,장대음봉,전저점이탈,0.0,-3.35,2026-08-18
ECAT,1.0,15.21,581172,556225,8.84,8.65,1.0,-0.2,-1.1,강한매도,장대음봉,전저점이탈,0.0,-3.35,2026-08-18
RDTL,1.0,14.69,763077,735140,11.21,13.19,0.8,2.5,-9.8,매도주의,장대음봉,잔구간,0.07,-1.26,2026-08-18
HLF,1.0,12.34,1467427,1464493,18.11,22.44,0.8,0.9,2.0,매수관심,양봉,완만한상승,0.66,1.79,2026-08-18
HAPN,1.0,18.57,927426,922071,17.22,23.35,0.7,-1.5,-1.8,강한매도,장대음봉,전저점이탈,0.08,-3.25,2026-08-18
AES,1.0,14.74,4297353,4106810,63.34,94.13,0.7,0.0,-0.1,중립,음봉,수횡파,0.0,-0.7,2026-08-18
ADT,1.0,7.22,7487268,7361339,54.06,60.91,0.9,1.0,-0.4,중립,음봉,잔구간,0.14,-0.565,2026-08-18
XMAX,1.0,8.87,509257,531387,4.52,5.16,0.9,0.0,-0.9,중립,음봉,잔구간,0.06,-0.615,2026-08-18
ABUS,1.0,4.84,1446205,1389188,7.0,5.69,1.2,1.7,1.0,강한매수,양봉스프링,전고점돌파,0.95,3.54,2026-08-18
VYX,1.0,7.58,2423219,2388834,18.37,21.09,0.9,0.8,-2.3,강한매도,음봉,전저점이탈,0.03,-2.01,2026-08-18
VNDA,1.0,5.44,996307,1015280,5.42,6.5,0.8,-0.6,4.0,강한매수,장대양봉,전고점돌파,0.84,3.91,2026-08-18
ALVO,1.0,3.95,675581,690039,2.67,2.58,1.0,1.0,0.8,매수관심,팽이도지,완만한상승,0.71,1.15,2026-08-18
PFN,1.0,7.04,316842,321088,2.23,2.23,1.0,-0.6,0.7,매수관심,장대양봉,잔구간,0.86,1.215,2026-08-18
PLG,1.0,1.42,1219653,1177001,1.73,1.78,1.0,-2.0,-4.1,강한매도,장대음봉,전저점이탈,0.2,-3.11,2026-08-18
FBRT,1.0,8.03,1054822,1039269,8.47,10.62,0.8,0.6,-0.6,중립,음봉,완만한상승,0.4,0.08,2026-08-18
PTON,1.0,5.31,8565726,8377118,45.48,65.16,0.7,-1.5,1.9,강한매수,장대양봉,완만한상승,0.62,3.04,2026-08-18
ETHT,1.0,10.48,841466,854931,8.82,12.17,0.7,-1.6,2.1,강한매수,장대양봉,완만한상승,0.65,3.08,2026-08-18
GDYN,1.0,7.67,1417185,1429225,10.87,14.53,0.7,0.4,1.9,매수관심,양봉,완만한상승,0.52,1.62,2026-08-18
PDM,1.0,9.4,976779,950433,9.18,8.7,1.1,0.3,0.1,매수관심,팽이도지,완만한상승,0.67,1.1,2026-08-18
FOCL,1.0,4.26,339908,332193,1.45,1.32,1.1,0.7,-3.0,중립,음봉,전저점부근,0.42,-0.05,2026-08-18
FOSL,1.0,5.5,895887,877197,4.93,6.27,0.8,0.7,-4.8,매도주의,장대음봉,잔구간,0.35,-1.09,2026-08-18
PUBM,1.0,17.36,920950,950760,15.99,18.8,0.9,0.0,0.5,중립,팽이도지,수횡파,0.49,0.59,2026-08-18
PRGO,1.0,12.97,2182415,2204276,28.31,39.13,0.7,1.1,0.1,매수관심,팽이도지,완만한상승,0.44,0.83,2026-08-18
OPEN,1.0,3.36,38732584,38436246,130.14,198.5,0.7,-2.0,-3.2,매도주의,장대음봉,잔구간,0.06,-1.265,2026-08-18
OGN,1.0,13.68,2158468,2215365,29.53,34.43,0.9,0.0,-0.1,중립,음봉,잔구간,0.27,-0.49,2026-08-18
OEC,1.0,6.07,376195,363511,2.28,3.14,0.7,1.1,-3.7,강한매도,장대음봉,전저점이탈,0.15,-3.17,2026-08-18
SOUN,1.0,6.99,22789472,22056974,159.3,263.53,0.6,-2.4,1.7,중립,양봉,잔구간,0.44,0.315,2026-08-18
NAT,1.0,6.93,2330566,2273533,16.15,15.48,1.0,0.3,1.3,강한매수,양봉,전고점돌파,0.94,2.73,2026-08-18
MSTX,1.0,7.81,6835510,6854875,53.39,59.94,0.9,-3.7,-5.6,중립,음봉,잔구간,0.09,-0.595,2026-08-18
KDK,1.0,4.01,963883,931798,3.87,4.91,0.8,-1.4,-2.0,중립,음봉,전저점부근,0.16,-0.36,2026-08-18
CALY,1.0,16.14,1686811,1712163,27.23,38.57,0.7,-0.4,-2.4,강한매도,장대음봉,전저점이탈,0.02,-3.33,2026-08-18
BVS,1.0,14.3,600965,585361,8.59,13.95,0.6,0.7,2.3,중립,양봉,잔구간,0.61,0.415,2026-08-18
SWBI,1.0,14.17,401309,386730,5.69,5.44,1.0,-0.2,0.4,중립,양봉,잔구간,0.83,0.55,2026-08-18
TARA,1.0,3.98,335973,321619,1.34,1.54,0.9,-0.3,0.3,매수관심,팽이도지,완만한상승,0.7,1.14,2026-08-18
BLMN,1.0,10.66,1528708,1563014,16.3,31.7,0.5,-0.2,-0.1,중립,팽이도지,잔구간,0.37,-0.08,2026-08-18
BILI,1.0,16.99,2161386,2227175,36.72,40.34,0.9,-1.6,0.2,중립,위꼬리양봉,잔구간,0.36,-0.585,2026-08-18
MORT,1.0,9.89,964640,980304,9.54,9.75,1.0,-0.1,-0.2,중립,팽이도지,잔구간,0.41,-0.055,2026-08-18
MNRO,1.0,11.85,1230558,1252661,14.58,13.48,1.1,0.0,2.5,중립,양봉,잔구간,0.85,0.56,2026-08-18
MNTS,1.0,4.24,1187793,1180611,5.04,7.55,0.7,-4.1,-5.8,강한매도,장대음봉,전저점이탈,0.06,-3.28,2026-08-18
IVR,1.0,7.47,1935205,1977724,14.46,16.75,0.9,0.0,-0.7,매도주의,장대음봉,잔구간,0.15,-1.21,2026-08-18
MOMO,1.0,5.76,488833,465775,2.82,2.63,1.1,-0.3,1.1,매수관심,양봉,완만한상승,0.81,1.97,2026-08-18
CDZI,1.0,3.23,539627,535445,1.74,1.95,0.9,-1.9,2.9,중립,양봉,잔구간,0.8,0.53,2026-08-18
JMIA,1.0,6.34,2149827,2200545,13.63,14.85,0.9,-2.4,2.6,강한매수,장대양봉,완만한상승,0.73,3.18,2026-08-18
CLSX,1.0,11.34,353483,350200,4.01,4.05,1.0,-6.4,-4.9,중립,음봉,잔구간,0.35,-0.44,2026-08-18
SPIR,1.0,13.9,577954,599299,8.03,8.31,1.0,-3.0,4.3,중립,양봉,잔구간,0.7,0.47,2026-08-18
SITC,1.0,3.03,811950,819782,2.46,3.66,0.7,0.0,2.0,강한매수,장대양봉,완만한상승,0.76,3.21,2026-08-18
DAKT,1.0,19.43,363761,359503,7.07,9.17,0.8,-1.0,-1.6,강한매도,장대음봉,전저점이탈,0.05,-3.29,2026-08-18
IMMX,1.0,11.81,1352754,1422235,15.98,15.35,1.0,-1.9,6.2,강한매수,장대양봉,전고점돌파,0.94,4.03,2026-08-18
CRDL,1.0,1.895,1596954,1622561,3.03,2.06,1.5,1.1,4.1,강한매수,양봉,완만한상승,0.97,2.16,2026-08-18
CRCG,1.0,10.25,3179274,3161427,32.59,35.7,0.9,-5.4,-2.6,중립,음봉,잔구간,0.13,-0.57,2026-08-18
CRCA,1.0,15.16,726272,735140,11.01,12.91,0.9,-5.6,-2.4,중립,음봉,잔구간,0.12,-0.58,2026-08-18
CRNC,1.0,8.47,745561,760717,6.31,6.58,1.0,-1.4,0.8,중립,양봉,잔구간,0.72,0.48,2026-08-18
CRML,1.0,6.15,4818048,4831956,29.63,40.68,0.7,-5.3,-1.1,강한매도,위꼬리음봉,전저점이탈,0.18,-2.63,2026-08-18
CRK,1.0,13.66,1807996,1767180,24.7,24.13,1.0,1.9,-1.1,중립,음봉,완만한상승,0.46,0.15,2026-08-18
SKHU,1.0,16.76,816556,846073,13.69,17.71,0.8,-10.8,-8.6,매도주의,장대음봉,잔구간,0.12,-1.23,2026-08-18
MSOX,1.0,2.53,1533344,1576211,3.88,3.64,1.1,0.4,-0.4,매수관심,팽이도지,완만한상승,0.48,0.88,2026-08-18
MUD,1.0,10.65,7719379,7620414,82.21,113.92,0.7,5.5,1.5,중립,양봉,잔구간,0.71,0.475,2026-08-18
MUC,1.0,10.68,434652,422950,4.64,4.19,1.1,-0.1,0.0,중립,팽이도지,잔구간,0.67,0.1,2026-08-18
BOIL,1.0,19.62,4295534,4357320,84.28,91.93,0.9,1.3,3.7,매수관심,장대양봉,잔구간,0.99,1.295,2026-08-18
TSLT,1.0,11.82,1750416,1810424,20.69,24.15,0.9,-3.1,1.5,중립,양봉,잔구간,0.6,0.41,2026-08-18
TKC,1.0,5.4,1413509,1355364,7.63,9.55,0.8,-0.2,-0.2,매도주의,위꼬리음봉,잔구간,0.1,-0.99,2026-08-18
TKNO,1.0,6.81,402865,418316,2.74,2.52,1.1,-1.2,-4.5,중립,음봉,잔구간,0.21,-0.525,2026-08-18
BRBR,1.0,10.38,3309154,3336156,34.35,53.79,0.6,2.0,0.0,중립,팽이도지,잔구간,0.34,-0.095,2026-08-18
BCSF,1.0,12.07,368779,386190,4.45,6.09,0.7,0.2,-0.1,중립,팽이도지,잔구간,0.42,-0.05,2026-08-18
AVS,1.0,7.713,12072446,11908957,93.12,94.86,1.0,2.4,1.1,강한매수,양봉,전고점돌파,0.75,2.5,2026-08-18
AVTR,1.0,13.33,6310267,6066168,84.12,96.67,0.9,0.8,-2.1,매도주의,장대음봉,잔구간,0.01,-1.295,2026-08-18
ARVN,1.0,9.26,554727,578066,5.14,10.74,0.5,-0.1,0.8,중립,양봉,전고점부근,0.69,0.48,2026-08-18
KSS,1.0,18.7,3215302,3224383,60.13,61.17,1.0,-0.7,-2.3,매도주의,장대음봉,잔구간,0.15,-1.21,2026-08-18
KXIN,1.0,5.32,372599,377960,1.98,1.29,1.5,-3.7,2.1,매수관심,양봉,수횡파,0.38,1.16,2026-08-18
LI,1.0,12.12,2455117,2360526,29.76,30.38,1.0,-1.2,-1.1,강한매도,장대음봉,전저점이탈,0.06,-3.28,2026-08-18
BTBT,1.0,1.45,25411228,24841838,36.85,32.28,1.1,-3.8,-5.8,매도주의,장대음봉,잔구간,0.07,-1.26,2026-08-18
TROX,1.0,5.54,2455018,2540301,13.6,20.85,0.7,-0.3,-3.8,매도주의,장대음봉,전저점부근,0.28,-1.51,2026-08-18
TME,1.0,8.79,12942424,13104920,113.76,108.35,1.0,-0.3,-0.6,중립,음봉,잔구간,0.09,-0.595,2026-08-18
TSLR,1.0,14.62,1240475,1234313,18.14,16.45,1.1,-3.7,2.2,중립,양봉,잔구간,0.63,0.43,2026-08-18
BATL,1.0,1.43,4865919,4692084,6.96,6.66,1.0,1.4,-0.7,강한매수,망치형,완만한상승,0.83,2.3,2026-08-18
AQST,1.0,4.32,5455979,5422581,23.57,17.62,1.3,-0.5,1.2,매수관심,양봉,완만한상승,0.5,1.6,2026-08-18
AMPU,1.0,2.76,525163,507404,1.45,1.6,0.9,-14.9,-1.4,강한매도,위꼬리음봉,전저점이탈,0.0,-2.85,2026-08-18
ARRY,1.0,4.8,5540593,5589064,26.59,43.59,0.6,-1.4,-2.2,매도주의,음봉,전저점이탈,0.23,-1.77,2026-08-18
AQN,1.0,5.79,3203321,3305542,18.55,21.79,0.9,0.9,-1.5,매도주의,장대음봉,잔구간,0.05,-1.27,2026-08-18
AMC,1.0,2.38,14715949,15070232,35.02,51.25,0.7,-1.6,-0.8,매수관심,팽이도지,전저점부근,0.55,0.81,2026-08-18
AVR,1.0,9.58,720898,758194,6.91,7.01,1.0,-0.6,2.4,매수관심,장대양봉,전고점부근,0.66,1.74,2026-08-18
TXO,1.0,13.77,300341,313768,4.14,3.55,1.2,1.1,-1.6,매도주의,장대음봉,잔구간,0.21,-1.175,2026-08-18
TWI,1.0,6.42,573327,590557,3.68,4.0,0.9,0.5,-3.5,강한매도,장대음봉,전저점이탈,0.18,-3.13,2026-08-18
UNCY,1.0,5.63,738895,747855,4.16,4.06,1.0,0.0,1.1,강한매도,위꼬리양봉,전고점부근,0.24,-2.76,2026-08-18
UNHG,1.0,19.94,423264,427373,8.44,11.97,0.7,1.2,-2.0,매도주의,장대음봉,잔구간,0.02,-1.29,2026-08-18
AMRX,1.0,18.19,2026546,2125314,36.86,33.84,1.1,0.2,-1.4,중립,음봉,잔구간,0.23,-0.51,2026-08-18
AMZD,1.0,8.46,10089300,10202962,85.36,77.29,1.1,0.4,0.4,매수관심,팽이도지,완만한상승,0.64,1.07,2026-08-18
VIPS,1.0,14.21,1657794,1657573,23.56,29.35,0.8,0.8,0.4,중립,양봉,잔구간,0.83,0.55,2026-08-18
AMPL,1.0,12.59,2665243,2588138,33.56,31.43,1.1,-0.6,0.4,중립,위꼬리양봉,잔구간,0.18,-0.69,2026-08-18
AI,1.0,9.87,4207197,4022639,41.53,39.91,1.0,-0.3,2.1,강한매수,장대양봉,완만한상승,0.93,3.42,2026-08-18
VITL,1.0,11.01,1261779,1271535,13.89,20.94,0.7,1.2,-2.5,매도주의,장대음봉,잔구간,0.19,-1.185,2026-08-18
LBTYA,1.0,10.48,2143551,2253130,22.46,23.57,1.0,-0.4,1.5,매수관심,양봉,완만한상승,0.76,1.91,2026-08-18
LBTYK,1.0,10.23,1104024,1124114,11.29,13.2,0.9,0.1,1.2,매수관심,양봉,완만한상승,0.74,1.89,2026-08-18
LXU,1.0,10.23,795274,758476,8.14,9.46,0.9,1.8,-4.3,매도주의,장대음봉,잔구간,0.0,-1.3,2026-08-18
LZM,1.0,3.88,328932,314850,1.28,1.6,0.8,-3.0,0.0,중립,팽이도지,잔구간,0.66,0.095,2026-08-18
XPRO,0.9,18.37,769059,838029,14.13,14.93,0.9,0.0,-1.1,중립,음봉,잔구간,0.31,-0.465,2026-08-18
ABR,0.9,4.9,2933660,3116475,14.37,19.42,0.7,-0.6,-1.4,강한매도,음봉,전저점이탈,0.04,-2.0,2026-08-18
WU,0.9,7.21,7615868,8375784,54.91,82.53,0.7,0.6,-0.2,매도주의,위꼬리음봉,완만한상승,0.07,-1.12,2026-08-18
ABSI,0.9,8.85,2482404,2717078,21.97,22.55,1.0,-4.0,-0.2,중립,팽이도지,잔구간,0.51,0.005,2026-08-18
MAGN,0.9,12.23,432218,462970,5.29,8.05,0.7,-0.4,2.3,매수관심,장대양봉,잔구간,0.95,1.27,2026-08-18
LZ,0.9,5.69,3029620,3528050,17.24,26.03,0.7,1.3,3.3,매수관심,장대양봉,잔구간,0.75,1.15,2026-08-18
ADAM,0.9,10.08,776004,847588,7.82,8.28,0.9,0.2,-0.6,중립,음봉,잔구간,0.45,-0.38,2026-08-18
YMAX,0.9,7.59,715330,761830,5.43,7.28,0.7,-0.7,-0.1,매도주의,위꼬리음봉,잔구간,0.0,-1.05,2026-08-18
LEG,0.9,9.36,1372414,1534192,12.85,16.41,0.8,-0.3,-1.8,매도주의,장대음봉,잔구간,0.04,-1.275,2026-08-18
ADUR,0.9,15.63,314568,340681,4.92,6.38,0.8,-2.8,1.4,중립,양봉,잔구간,0.91,0.595,2026-08-18
AEHG,0.9,15.51,541128,632478,8.39,8.32,1.0,-14.5,-18.7,중립,음봉,잔구간,0.12,-0.58,2026-08-18
MAX,0.9,13.19,382817,435639,5.05,8.69,0.6,1.5,2.4,중립,양봉,잔구간,0.93,0.61,2026-08-18
SMCZ,0.9,3.34,5427412,6154150,18.13,18.88,1.0,5.7,-0.6,중립,팽이도지,잔구간,0.4,-0.06,2026-08-18
CAPR,0.9,7.08,8538983,10040603,60.46,75.16,0.8,0.7,-5.6,중립,음봉,잔구간,0.21,-0.525,2026-08-18
CARS,0.9,11.87,562354,618702,6.68,9.32,0.7,1.3,-1.2,중립,음봉,잔구간,0.26,-0.495,2026-08-18
CCOI,0.9,10.13,1763969,1967802,17.87,23.34,0.8,0.0,-5.8,매도주의,장대음봉,잔구간,0.38,-1.07,2026-08-18
CCUP,0.9,1.785,4998107,5565426,8.92,10.26,0.9,-5.7,-2.5,중립,음봉,잔구간,0.1,-0.59,2026-08-18
SNDX,0.9,19.915,1015057,1082923,20.21,29.61,0.7,0.4,0.4,중립,팽이도지,잔구간,0.57,0.04,2026-08-18
CRNT,0.9,2.11,482767,527587,1.02,1.18,0.9,-1.8,-1.4,중립,음봉,잔구간,0.33,-0.45,2026-08-18
SLDP,0.9,2.26,2522293,2806427,5.7,8.54,0.7,-3.4,-0.4,중립,팽이도지,잔구간,0.4,-0.06,2026-08-18
SLS,0.9,13.1,4967789,5338856,65.08,63.31,1.0,-2.6,3.5,매수관심,양봉,완만한상승,0.6,1.72,2026-08-18
SGHT,0.9,8.22,300452,326741,2.47,3.25,0.8,-0.1,-0.1,중립,팽이도지,잔구간,0.49,-0.005,2026-08-18
SGML,0.9,11.03,1722069,1872626,18.99,22.63,0.8,-2.7,-0.8,중립,팽이도지,잔구간,0.5,0.0,2026-08-18
IRE,0.9,10.71,5956423,6599668,63.79,79.12,0.8,-6.1,-7.6,중립,음봉,잔구간,0.09,-0.595,2026-08-18
IRT,0.9,16.38,2400265,2617091,39.32,58.3,0.7,0.8,-2.5,강한매도,장대음봉,전저점이탈,0.0,-3.35,2026-08-18
MYO,0.9,1.68,732138,796408,1.23,1.36,0.9,0.6,6.3,강한매수,양봉,완만한상승,0.91,2.09,2026-08-18
NAD,0.9,11.7,561954,603144,6.57,6.83,1.0,-0.2,-0.3,매도주의,음봉,전저점이탈,0.36,-1.62,2026-08-18
IMSR,0.9,5.51,1053204,1213844,5.8,7.18,0.8,-4.6,-0.7,매도주의,위꼬리음봉,잔구간,0.03,-1.03,2026-08-18
IONZ,0.9,2.57,9434724,10493985,24.25,25.45,1.0,10.4,0.8,매수관심,양봉스프링,잔구간,0.85,0.96,2026-08-18
LAC,0.9,2.96,10937058,12128410,32.37,35.4,0.9,-3.2,-3.0,강한매도,음봉,전저점이탈,0.0,-2.05,2026-08-18
LADR,0.9,9.91,1067933,1132281,10.58,11.86,0.9,1.0,-0.7,중립,음봉,잔구간,0.5,-0.35,2026-08-18
JANX,0.9,16.96,583179,615386,9.89,9.94,1.0,-0.3,4.6,강한매수,장대양봉,전고점돌파,0.97,4.06,2026-08-18
MITK,0.9,18.18,640368,738965,11.64,15.49,0.8,-1.2,-0.7,매도주의,위꼬리음봉,잔구간,0.1,-0.99,2026-08-18
MPT,0.9,4.02,8272688,9422264,33.26,39.64,0.8,-0.2,-0.5,중립,망치형,잔구간,0.57,0.54,2026-08-18
CLSK,0.9,11.73,16828122,18618870,197.39,257.48,0.8,-2.3,-3.1,중립,음봉,잔구간,0.34,-0.445,2026-08-18
CLVT,0.9,1.89,3637522,3902022,6.87,8.42,0.8,1.1,-1.0,중립,음봉,완만한상승,0.37,0.04,2026-08-18
SKHL,0.9,8.22,2057203,2172549,16.91,20.04,0.8,-11.4,-7.8,매도주의,장대음봉,잔구간,0.12,-1.23,2026-08-18
SPT,0.9,9.81,1167822,1287841,11.46,15.15,0.8,0.4,2.3,중립,양봉,잔구간,0.47,0.33,2026-08-18
CEPL,0.9,6.66,429959,484318,2.86,3.74,0.8,-2.2,2.1,중립,위꼬리양봉,잔구간,0.26,-0.645,2026-08-18
CERS,0.9,2.76,2546442,2768699,7.03,8.28,0.8,-1.0,-6.1,매도주의,장대음봉,잔구간,0.0,-1.3,2026-08-18
STLA,0.9,5.05,14148544,15899355,71.45,102.23,0.7,0.8,-2.1,강한매도,장대음봉,전저점이탈,0.0,-3.35,2026-08-18
STNE,0.9,9.12,5688041,6469017,51.87,50.81,1.0,-0.1,-1.5,강한매도,장대음봉,전저점이탈,0.17,-3.15,2026-08-18
BUR,0.9,4.14,1330447,1411524,5.51,7.65,0.7,-1.6,-1.4,강한매도,장대음봉,전저점이탈,0.0,-3.35,2026-08-18
DRH,0.9,12.49,1857035,2078698,23.19,29.89,0.8,0.1,1.0,매수관심,양봉,완만한상승,0.79,1.95,2026-08-18
RXST,0.9,6.37,712537,757134,4.54,5.92,0.8,-1.5,-0.2,중립,팽이도지,잔구간,0.27,-0.14,2026-08-18
SAFX,0.9,0.422,4167649,4457213,1.76,2.16,0.8,3.5,-6.3,중립,음봉,잔구간,0.0,-0.65,2026-08-18
SANA,0.9,3.63,2102866,2243385,7.63,8.31,0.9,-0.3,-1.1,중립,음봉,잔구간,0.58,-0.3,2026-08-18
SBH,0.9,16.32,1288158,1374594,21.02,25.41,0.8,1.2,-0.7,매도주의,위꼬리음봉,잔구간,0.0,-1.05,2026-08-18
DAMD,0.9,1.58,24868317,29094005,39.29,67.86,0.6,6.2,1.9,매수관심,양봉,완만한상승,0.45,1.54,2026-08-18
SFIX,0.9,3.27,1286894,1361766,4.21,5.97,0.7,-0.3,-1.5,강한매도,위꼬리음봉,전저점이탈,0.0,-2.85,2026-08-18
RLJ,0.9,11.19,1560144,1794549,17.46,23.5,0.7,-0.1,1.2,강한매수,장대양봉,완만한상승,0.79,3.25,2026-08-18
RETO,0.9,1.88,923292,1039527,1.74,3.87,0.4,1.8,10.6,매수관심,양봉,완만한상승,0.74,1.89,2026-08-18
RGTX,0.9,13.22,474104,528913,6.27,8.56,0.7,-11.5,1.4,중립,위꼬리양봉,잔구간,0.16,-0.705,2026-08-18
RGTZ,0.9,3.02,4658093,4939622,14.07,14.29,1.0,11.5,-0.8,중립,망치형,잔구간,0.86,0.715,2026-08-18
HTGC,0.9,16.65,1635490,1868172,27.23,29.58,0.9,0.1,0.6,매수관심,장대양봉,잔구간,0.93,1.26,2026-08-18
NEXT,0.9,6.92,2045969,2276704,14.16,16.1,0.9,0.7,-1.1,중립,음봉,잔구간,0.16,-0.555,2026-08-18
NMR,0.9,9.65,489665,566765,4.73,5.96,0.8,-0.5,-1.1,강한매도,장대음봉,전저점이탈,0.15,-3.17,2026-08-18
JRVR,0.9,4.05,318099,335711,1.29,1.25,1.0,0.0,0.7,중립,위꼬리양봉,잔구간,0.45,-0.53,2026-08-18
HYT,0.9,8.33,699629,792497,5.83,7.51,0.8,-0.4,0.1,중립,위꼬리양봉,잔구간,0.38,-0.57,2026-08-18
IART,0.9,17.55,541279,575535,9.5,10.75,0.9,0.6,-1.2,중립,음봉,잔구간,0.08,-0.6,2026-08-18
IGR,0.9,4.62,401896,427947,1.86,2.51,0.7,0.0,-1.9,강한매도,장대음봉,전저점이탈,0.0,-3.35,2026-08-18
NNDM,0.9,1.55,1297029,1482093,2.01,3.18,0.6,-0.6,-1.9,매도주의,음봉,전저점이탈,0.25,-1.75,2026-08-18
JPC,0.9,7.64,947278,1104506,7.24,7.77,0.9,0.0,-0.3,중립,음봉,전저점부근,0.37,-0.11,2026-08-18
JQC,0.9,4.76,570980,651351,2.72,2.86,1.0,-0.2,0.0,강한매도,위꼬리양봉,전저점이탈,0.0,-2.35,2026-08-18
INO,0.9,1.2,4745123,5453424,5.69,4.8,1.2,-0.9,5.3,강한매수,양봉,전고점돌파,0.87,2.64,2026-08-18
MSTZ,0.9,11.69,6243180,7030753,72.98,84.58,0.9,3.7,6.2,강한매수,장대양봉,완만한상승,0.97,3.46,2026-08-18
DNP,0.9,10.92,390544,457089,4.26,6.53,0.7,-0.4,0.2,중립,위꼬리양봉,잔구간,0.25,-0.65,2026-08-18
DOLE,0.9,12.92,1132471,1268442,14.63,15.54,0.9,1.5,-1.6,매도주의,장대음봉,잔구간,0.0,-1.3,2026-08-18
RWAY,0.9,6.69,622477,708890,4.16,5.55,0.7,1.9,1.8,강한매수,장대양봉,완만한상승,0.84,3.31,2026-08-18
DGXX,0.9,3.58,3440783,4029744,12.32,15.34,0.8,-2.8,-5.0,강한매도,장대음봉,전저점이탈,0.08,-3.25,2026-08-18
DNA,0.9,6.53,1115198,1221622,7.28,9.78,0.7,-2.9,-2.8,매도주의,음봉,전저점이탈,0.15,-1.87,2026-08-18
BIT,0.9,12.05,397334,445958,4.79,4.49,1.1,-0.1,-0.4,강한매도,위꼬리음봉,전저점이탈,0.06,-2.78,2026-08-18
BITO,0.9,8.73,57048659,62119136,498.03,566.12,0.9,-0.6,1.0,중립,양봉,잔구간,0.61,0.415,2026-08-18
BITU,0.9,9.48,2584506,3040577,24.5,29.47,0.8,-0.9,1.8,중립,양봉,잔구간,0.57,0.39,2026-08-18
SXC,0.9,9.14,975673,1060919,8.92,15.1,0.6,-1.9,-2.0,중립,음봉,잔구간,0.32,-0.46,2026-08-18
TCPC,0.9,4.08,673514,722761,2.75,4.23,0.6,-1.2,1.2,매수관심,양봉,완만한상승,0.71,1.85,2026-08-18
BLZE,0.9,19.2,2153669,2331913,41.35,75.11,0.6,-2.1,1.1,중립,팽이도지,잔구간,0.5,0.0,2026-08-18
NRDS,0.9,9.95,690024,747803,6.87,9.23,0.7,1.0,2.6,매수관심,장대양봉,잔구간,0.73,1.14,2026-08-18
HIMX,0.9,14.37,1160727,1300377,16.68,25.01,0.7,-4.8,-2.1,중립,음봉,잔구간,0.27,-0.49,2026-08-18
UNG,0.9,10.1,9057092,9893285,91.48,100.22,0.9,0.8,1.9,매수관심,장대양봉,잔구간,1.0,1.3,2026-08-18
NVCR,0.9,17.24,792636,844269,13.67,18.39,0.7,-1.6,-0.1,매도주의,위꼬리음봉,잔구간,0.25,-0.9,2026-08-18
NWG,0.9,18.74,2138011,2436506,40.07,58.46,0.7,-0.8,-0.7,매도주의,음봉,전저점이탈,0.26,-1.74,2026-08-18
HNRG,0.9,15.79,718540,762910,11.35,14.8,0.8,-2.2,-0.3,중립,팽이도지,잔구간,0.46,-0.025,2026-08-18
OCTV,0.9,18.63,2336221,2528409,43.52,46.74,0.9,-0.6,4.0,매수관심,장대양봉,잔구간,0.94,1.265,2026-08-18
NUS,0.9,4.7,601249,634147,2.83,3.86,0.7,-0.2,0.6,중립,팽이도지,잔구간,0.64,0.085,2026-08-18
NBIZ,0.9,5.42,35159276,38611227,190.56,125.75,1.5,0.4,14.8,강한매수,장대양봉,완만한상승,0.88,3.36,2026-08-18
NEO,0.9,15.9,936592,1092470,14.89,28.44,0.5,-0.7,-0.9,중립,음봉,잔구간,0.27,-0.49,2026-08-18
NEOG,0.9,11.57,1433240,1608319,16.58,23.45,0.7,-0.7,-1.9,중립,음봉,잔구간,0.2,-0.53,2026-08-18
RDW,0.9,12.94,14636589,16781150,189.4,261.15,0.7,-6.0,2.7,중립,양봉,잔구간,0.58,0.4,2026-08-18
REAL,0.9,11.05,2453210,2620731,27.11,52.34,0.5,-2.5,2.3,중립,양봉,잔구간,0.65,0.44,2026-08-18
EVMN,0.9,14.22,322426,353902,4.58,7.12,0.6,-1.1,0.9,중립,위꼬리양봉,수횡파,0.33,-0.6,2026-08-18
EVV,0.9,9.13,368067,406237,3.36,3.99,0.8,-0.5,0.6,매수관심,장대양봉,잔구간,0.83,1.2,2026-08-18
BITX,0.9,12.22,6206201,6668328,75.84,82.83,0.9,-0.9,1.8,중립,양봉,잔구간,0.58,0.4,2026-08-18
EGHT,0.9,2.05,1200036,1270865,2.46,3.69,0.7,-1.5,2.0,중립,위꼬리양봉,잔구간,0.33,-0.6,2026-08-18
QUBT,0.9,8.52,7453343,8335806,63.5,76.07,0.8,-6.1,0.2,강한매도,위꼬리양봉,전저점이탈,0.14,-2.18,2026-08-18
QXO,0.9,13.5,15130872,17686969,204.27,300.03,0.7,-1.4,-2.1,매도주의,음봉,전저점이탈,0.07,-1.97,2026-08-18
RCKT,0.9,3.34,1091042,1259854,3.64,5.34,0.7,-2.1,0.3,중립,팽이도지,잔구간,0.46,-0.025,2026-08-18
ENGN,0.9,1.72,690939,771524,1.19,1.23,1.0,0.0,1.2,매수관심,양봉,완만한상승,0.6,1.72,2026-08-18
ENSC,0.9,0.385,2924427,3226763,1.13,35.6,0.0,5.2,-2.8,중립,망치형,잔구간,0.53,0.52,2026-08-18
PSO,0.9,15.97,689690,736891,11.01,12.63,0.9,-0.7,-0.4,중립,음봉,잔구간,0.0,-0.65,2026-08-18
FMNB,0.9,16.02,365222,401918,5.85,6.21,0.9,0.6,-1.2,매도주의,장대음봉,잔구간,0.28,-1.13,2026-08-18
PRCH,0.9,16.68,1148593,1340123,19.16,24.07,0.8,-0.3,-0.2,중립,팽이도지,잔구간,0.33,-0.1,2026-08-18
PSFE,0.9,6.52,449914,485774,2.93,3.89,0.8,0.7,-3.6,매도주의,장대음봉,잔구간,0.05,-1.27,2026-08-18
PSKY,0.9,10.43,9512637,10231875,99.22,115.92,0.9,0.6,0.9,강한매수,양봉스프링,전고점돌파,0.87,3.44,2026-08-18
ERII,0.9,7.88,1003799,1171029,7.91,8.96,0.9,-1.0,-2.2,중립,음봉,잔구간,0.38,-0.42,2026-08-18
EVGO,0.9,1.5,2903521,3149863,4.36,6.58,0.7,-0.6,-2.6,중립,음봉,잔구간,0.43,-0.39,2026-08-18
EVH,0.9,4.58,3477395,3674593,15.93,15.82,1.0,0.0,3.9,매수관심,양봉,완만한상승,0.66,1.79,2026-08-18
QDEL,0.9,13.43,1378643,1470976,18.52,28.84,0.6,-1.4,-6.5,매도주의,장대음봉,잔구간,0.16,-1.205,2026-08-18
PD,0.9,11.86,985041,1078674,11.68,12.49,0.9,0.9,0.5,중립,위꼬리양봉,수횡파,0.39,-0.53,2026-08-18
PDYN,0.9,6.28,903675,1062394,5.68,6.68,0.8,-3.2,0.3,중립,위꼬리양봉,잔구간,0.15,-0.71,2026-08-18
POET,0.9,8.48,11821422,13044347,100.25,133.47,0.8,-6.6,-3.4,중립,음봉,잔구간,0.08,-0.6,2026-08-18
GRRR,0.9,15.2,1021061,1163142,15.52,14.26,1.1,-1.1,2.8,매수관심,양봉,완만한상승,0.48,1.58,2026-08-18
GPK,0.9,10.97,2881842,3192731,31.61,50.0,0.6,1.0,-1.3,중립,음봉,전저점부근,0.05,-0.49,2026-08-18
TSSI,0.9,9.44,1088979,1151496,10.28,12.57,0.8,-2.7,2.4,중립,위꼬리양봉,잔구간,0.37,-0.58,2026-08-18
ASAN,0.9,9.16,3578878,4196770,32.78,42.06,0.8,2.2,1.6,중립,양봉,잔구간,0.69,0.465,2026-08-18
ASIX,0.9,16.56,364755,418715,6.04,6.34,1.0,0.4,-1.3,중립,음봉,잔구간,0.31,-0.465,2026-08-18
ASPN,0.9,5.58,857800,1005358,4.79,16.19,0.3,-2.2,-1.9,매도주의,음봉,전저점이탈,0.48,-1.47,2026-08-18
ASTX,0.9,13.48,3211980,3480349,43.3,63.61,0.7,-9.4,-2.4,매도주의,음봉,전저점이탈,0.41,-1.56,2026-08-18
ATEC,0.9,9.53,1432174,1611297,13.65,24.51,0.6,1.1,-0.2,매도주의,위꼬리음봉,완만한상승,0.13,-1.04,2026-08-18
ULCC,0.9,6.15,2249955,2428074,13.84,21.56,0.6,-2.0,-1.1,매도주의,음봉,전저점이탈,0.15,-1.87,2026-08-18
AMPX,0.9,10.71,5261859,5836760,56.35,86.26,0.7,-6.3,-1.3,강한매도,위꼬리음봉,전저점이탈,0.07,-2.77,2026-08-18
UAA,0.9,5.07,8734002,9484425,44.28,61.98,0.7,1.3,-5.4,강한매도,장대음봉,전저점이탈,0.03,-3.31,2026-08-18
UAMY,0.9,5.2,5607335,6568922,29.16,46.85,0.6,-5.2,-2.4,중립,음봉,잔구간,0.18,-0.54,2026-08-18
FETH,0.9,19.06,1005408,1069909,19.16,20.79,0.9,-0.6,1.0,강한매수,장대양봉,완만한상승,0.73,3.18,2026-08-18
FINV,0.9,4.38,582570,680548,2.55,2.36,1.1,-0.9,1.2,중립,양봉,잔구간,0.64,0.435,2026-08-18
FLO,0.9,7.38,4241614,4835802,31.3,34.93,0.9,0.7,0.3,중립,팽이도지,완만한상승,0.33,0.7,2026-08-18
PLTZ,0.9,10.14,3823229,4386150,38.77,69.0,0.6,0.7,0.3,강한매수,양봉스프링,완만한상승,0.76,2.71,2026-08-18
TLK,0.9,14.61,577026,608188,8.43,9.9,0.9,-0.2,-1.3,매도주의,장대음봉,잔구간,0.0,-1.3,2026-08-18
TLRY,0.9,4.47,2792979,3201298,12.48,18.44,0.7,-1.3,1.1,중립,위꼬리양봉,잔구간,0.45,-0.53,2026-08-18
TRIP,0.9,10.23,3260278,3484931,33.35,53.14,0.6,0.6,0.0,중립,팽이도지,완만한상승,0.38,0.76,2026-08-18
BMNU,0.9,11.22,2779499,2962769,31.19,34.37,0.9,-3.6,-0.8,매도주의,위꼬리음봉,잔구간,0.07,-1.01,2026-08-18
BORR,0.9,4.43,7771768,9112496,34.43,31.7,1.1,1.3,-2.9,중립,음봉,잔구간,0.43,-0.39,2026-08-18
BPRE,0.9,12.0,619861,664240,7.44,11.14,0.7,-0.4,0.1,중립,위꼬리양봉,전저점부근,0.11,-0.72,2026-08-18
BFLY,0.9,9.0,4619997,5253656,41.58,56.6,0.7,0.3,-0.6,중립,팽이도지,잔구간,0.38,-0.07,2026-08-18
BGC,0.9,11.07,2475824,2907466,27.41,30.5,0.9,0.4,-1.2,중립,음봉,잔구간,0.45,-0.38,2026-08-18
TRTX,0.9,7.9,661226,749871,5.22,7.02,0.7,0.6,-1.1,중립,음봉,잔구간,0.46,-0.375,2026-08-18
BB,0.9,8.58,9210590,10598348,79.03,92.91,0.9,-2.5,0.8,강한매수,양봉스프링,전저점부근,0.78,3.59,2026-08-18
BBD,0.9,3.04,26301503,30201565,79.96,108.49,0.7,-0.6,-1.0,강한매도,음봉,전저점이탈,0.0,-2.05,2026-08-18
PBR,0.9,18.18,12909160,14503549,234.69,293.87,0.8,1.3,-1.7,매도주의,장대음봉,잔구간,0.16,-1.205,2026-08-18
PCG,0.9,17.82,16106914,18433385,287.03,434.51,0.7,1.1,0.7,매수관심,양봉,완만한상승,0.41,1.49,2026-08-18
OSUR,0.9,3.75,459749,493506,1.72,2.06,0.8,0.0,-1.6,중립,음봉,잔구간,0.25,-0.5,2026-08-18
OTLK,0.9,0.7,41041268,45486213,28.73,26.2,1.1,0.0,4.1,매수관심,양봉스프링,잔구간,0.96,1.025,2026-08-18
FSK,0.9,11.91,1697919,1799323,20.22,33.79,0.6,-0.2,-0.7,중립,음봉,잔구간,0.07,-0.61,2026-08-18
FUTG,0.9,4.08,419750,478858,1.71,2.29,0.7,-4.6,2.8,중립,양봉,잔구간,0.72,0.48,2026-08-18
FWRG,0.9,12.01,985308,1120326,11.83,17.74,0.7,0.1,-2.5,중립,음봉,잔구간,0.06,-0.615,2026-08-18
PAYO,0.9,7.11,4566548,5235881,32.47,38.58,0.8,-0.1,-0.1,중립,음봉,잔구간,0.33,-0.45,2026-08-18
OIS,0.9,8.97,481397,531178,4.32,5.39,0.8,0.7,-2.7,매도주의,장대음봉,잔구간,0.13,-1.22,2026-08-18
OKLL,0.9,2.64,12286234,13474367,32.44,49.1,0.7,-8.3,-4.0,매도주의,음봉,전저점이탈,0.08,-1.95,2026-08-18
ONDG,0.9,3.47,4920992,5327422,17.08,17.55,1.0,-9.8,11.2,강한매수,장대양봉,완만한상승,0.64,3.07,2026-08-18
GALT,0.9,3.52,317939,335579,1.12,1.37,0.8,-1.1,1.4,강한매수,양봉스프링,완만한상승,0.87,2.84,2026-08-18
GBTG,0.9,9.45,801666,904080,7.58,13.09,0.6,0.2,-0.1,매도주의,장대음봉,완만한상승,0.0,-1.7,2026-08-18
GRND,0.9,15.96,1554633,1773902,24.81,32.78,0.8,-0.2,1.1,중립,양봉,잔구간,0.89,0.585,2026-08-18
ONDS,0.9,9.06,79491812,87384170,720.2,791.95,0.9,-4.6,5.5,강한매수,장대양봉,완만한상승,0.66,3.09,2026-08-18
ORIC,0.9,13.92,948876,1096544,13.21,21.38,0.6,-0.8,4.9,강한매수,장대양봉,완만한상승,0.89,3.37,2026-08-18
OI,0.9,6.36,2481628,2649432,15.78,20.63,0.8,0.6,-4.5,강한매도,장대음봉,전저점이탈,0.03,-3.31,2026-08-18
LTRX,0.9,6.28,561578,648035,3.53,4.57,0.8,-3.5,-2.2,중립,음봉,잔구간,0.3,-0.47,2026-08-18
VVR,0.9,2.93,476117,507972,1.4,1.78,0.8,0.7,-0.7,매도주의,장대음봉,전저점부근,0.0,-1.85,2026-08-18
WBTN,0.9,8.25,370999,431449,3.06,3.89,0.8,-1.8,-0.4,중립,팽이도지,잔구간,0.5,0.0,2026-08-18
CMPX,0.9,2.39,2934326,3176939,7.01,8.7,0.8,-1.5,5.1,중립,양봉,전고점부근,0.75,0.55,2026-08-18
CNNE,0.9,14.99,550892,592671,8.26,8.36,1.0,0.3,0.4,중립,위꼬리양봉,완만한상승,0.26,-0.39,2026-08-18
WOOF,0.9,2.76,1439583,1526041,3.97,4.26,0.9,0.4,1.8,중립,양봉,잔구간,0.72,0.48,2026-08-18
APLE,0.9,16.07,2088270,2208010,33.56,51.68,0.6,0.1,0.9,매수관심,양봉,완만한상승,0.81,1.97,2026-08-18
ARCO,0.9,7.7,1344065,1512653,10.35,9.74,1.1,0.6,-2.7,강한매도,장대음봉,전저점이탈,0.11,-3.22,2026-08-18
MSBT,0.9,18.52,339312,380377,6.28,8.93,0.7,-0.4,0.9,중립,양봉,잔구간,0.6,0.41,2026-08-18
ARDX,0.9,3.92,4041483,4654812,15.84,28.99,0.5,-0.2,-3.2,매도주의,장대음봉,잔구간,0.15,-1.21,2026-08-18
AREC,0.9,2.68,2233414,2595288,5.99,8.08,0.7,-5.1,-4.3,매도주의,장대음봉,잔구간,0.11,-1.235,2026-08-18
UROY,0.9,4.04,2142219,2390350,8.65,11.21,0.8,-2.4,-0.5,중립,팽이도지,수횡파,0.32,0.38,2026-08-18
AIIO,0.9,2.78,402261,470982,1.12,1.53,0.7,-2.4,-1.1,강한매도,위꼬리음봉,전저점이탈,0.17,-2.65,2026-08-18
AIRJ,0.9,5.32,1675466,1770051,8.91,13.85,0.6,-3.1,-5.5,강한매도,장대음봉,전저점이탈,0.11,-3.22,2026-08-18
USDE,0.9,2.79,376766,417437,1.05,1.15,0.9,-0.3,-7.3,중립,음봉,잔구간,0.36,-0.435,2026-08-18
VALE,0.9,13.68,18233490,19990840,249.43,319.6,0.8,-0.7,0.1,중립,위꼬리양봉,잔구간,0.09,-0.745,2026-08-18
VATE,0.9,7.64,318415,365513,2.43,20.68,0.1,-1.6,2.7,매수관심,양봉,완만한상승,0.7,1.84,2026-08-18
AG,0.9,18.48,8274671,9053860,152.92,182.28,0.8,-2.9,-2.7,매도주의,장대음봉,잔구간,0.01,-1.295,2026-08-18
AHCO,0.9,5.82,3159126,3435095,18.39,42.59,0.4,-0.2,0.3,매수관심,팽이도지,완만한상승,0.43,0.82,2026-08-18
AHRT,0.9,6.69,559769,618206,3.74,4.8,0.8,0.6,-0.1,중립,팽이도지,완만한상승,0.36,0.73,2026-08-18
VIV,0.9,11.29,1675919,1833113,18.92,23.56,0.8,0.4,-1.4,매도주의,장대음봉,잔구간,0.04,-1.275,2026-08-18
VMD,0.9,9.12,432579,463550,3.95,5.6,0.7,0.9,-0.1,중립,망치형,잔구간,0.73,0.64,2026-08-18
XHR,0.8,19.27,389687,515292,7.51,12.36,0.6,-0.2,1.3,강한매수,장대양봉,완만한상승,0.78,3.24,2026-08-18
AGEN,0.8,7.53,967558,1203076,7.29,10.51,0.7,-0.3,5.6,매수관심,장대양봉,전고점부근,0.8,1.91,2026-08-18
AGNC,0.8,10.92,11326219,14082471,123.68,174.69,0.7,0.0,-0.3,중립,음봉,잔구간,0.37,-0.43,2026-08-18
WVE,0.8,5.29,3496207,4224409,18.49,20.37,0.9,0.0,3.9,매수관심,장대양봉,잔구간,0.94,1.265,2026-08-18
KOPN,0.8,5.04,3785405,4891211,19.08,25.34,0.8,-5.4,0.2,중립,위꼬리양봉,잔구간,0.13,-0.72,2026-08-18
KRO,0.8,7.93,360989,433191,2.86,5.19,0.6,0.1,-2.1,중립,음봉,잔구간,0.34,-0.445,2026-08-18
INSG,0.8,4.33,375424,475999,1.63,3.42,0.5,-2.2,-2.9,매도주의,음봉,전저점이탈,0.26,-1.74,2026-08-18
INVZ,0.8,0.36,2957226,3718555,1.06,2.2,0.5,-0.3,-1.9,중립,음봉,잔구간,0.59,-0.295,2026-08-18
MRTN,0.8,14.9,530421,646901,7.9,9.91,0.8,0.1,-2.6,매도주의,장대음봉,잔구간,0.02,-1.29,2026-08-18
MRVI,0.8,5.74,1715706,2196504,9.85,12.43,0.8,-0.5,1.6,중립,양봉,잔구간,0.81,0.535,2026-08-18
LAND,0.8,8.23,563366,733727,4.64,5.91,0.8,-0.2,0.1,중립,팽이도지,잔구간,0.53,0.02,2026-08-18
LASE,0.8,1.35,1607850,1958562,2.17,2.38,0.9,-4.8,-2.2,중립,음봉,잔구간,0.38,-0.42,2026-08-18
MGNX,0.8,4.09,430575,558835,1.76,2.52,0.7,0.2,0.5,매수관심,팽이도지,완만한상승,0.58,1.0,2026-08-18
LUMN,0.8,6.13,10149907,12626774,62.22,108.44,0.6,-2.0,-5.0,매도주의,장대음봉,잔구간,0.17,-1.2,2026-08-18
CIM,0.8,11.73,552652,664617,6.48,10.78,0.6,-0.3,0.3,중립,팽이도지,잔구간,0.47,-0.02,2026-08-18
CLB,0.8,12.52,541349,637254,6.78,6.64,1.0,0.1,-0.9,중립,망치형,잔구간,0.72,0.63,2026-08-18
CLOV,0.8,4.23,3429889,4544737,14.51,24.56,0.6,-0.7,-0.2,매도주의,위꼬리음봉,잔구간,0.2,-0.93,2026-08-18
SKHX,0.8,12.71,2771014,3370240,35.22,49.44,0.7,-10.7,-8.4,매도주의,장대음봉,잔구간,0.11,-1.235,2026-08-18
MH,0.8,13.12,729556,914436,9.57,9.82,1.0,1.8,0.9,매수관심,팽이도지,완만한상승,0.53,0.94,2026-08-18
MIST,0.8,1.07,1481088,1897054,1.58,2.15,0.7,-2.7,0.0,중립,팽이도지,잔구간,0.33,-0.1,2026-08-18
SPCU,0.8,12.58,2744075,3573158,34.52,64.78,0.5,-7.2,3.0,중립,양봉,잔구간,0.54,0.375,2026-08-18
SPPP,0.8,13.87,519275,622161,7.2,10.82,0.7,-1.5,-1.1,중립,음봉,잔구간,0.24,-0.505,2026-08-18
SRXH,0.8,1.79,1038174,1356826,1.86,2.05,0.9,-2.6,-2.7,중립,음봉,잔구간,0.18,-0.54,2026-08-18
CGC,0.8,0.99,3599253,4676341,3.56,3.77,0.9,-0.5,-0.5,매도주의,위꼬리음봉,잔구간,0.07,-1.01,2026-08-18
BETR,0.8,13.05,663242,842598,8.66,19.84,0.4,-2.4,-1.2,매도주의,위꼬리음봉,전저점부근,0.16,-1.16,2026-08-18
TRX,0.8,1.06,3015977,3736147,3.2,4.06,0.8,-1.8,-2.8,중립,음봉,잔구간,0.18,-0.54,2026-08-18
PAX,0.8,11.26,936556,1203528,10.55,14.44,0.7,0.0,-1.4,매도주의,장대음봉,잔구간,0.23,-1.16,2026-08-18
OWL,0.8,11.59,13357187,17742436,154.81,266.22,0.6,-1.0,0.4,중립,팽이도지,잔구간,0.54,0.025,2026-08-18
PACB,0.8,1.14,4817953,6234650,5.49,10.0,0.5,-1.7,-4.2,중립,음봉,잔구간,0.24,-0.505,2026-08-18
PAGS,0.8,8.44,2685734,3353249,22.67,27.79,0.8,0.0,-2.5,강한매도,장대음봉,전저점이탈,0.05,-3.29,2026-08-18
ORGO,0.8,1.79,642324,836452,1.15,2.34,0.5,0.6,3.5,강한매수,장대양봉,완만한상승,0.86,3.33,2026-08-18
OLMA,0.8,10.65,960519,1157595,10.23,12.48,0.8,-0.7,-0.4,중립,팽이도지,잔구간,0.38,-0.07,2026-08-18
GAB,0.8,5.71,502019,661001,2.87,4.33,0.7,0.3,-1.0,매도주의,장대음봉,잔구간,0.0,-1.3,2026-08-18
GDOT,0.8,13.51,372788,444247,5.04,6.42,0.8,0.7,-0.2,중립,음봉,완만한상승,0.22,-0.14,2026-08-18
FSCO,0.8,5.15,763194,932743,3.93,4.37,0.9,-0.2,1.2,강한매수,양봉,완만한상승,0.96,2.15,2026-08-18
ALLO,0.8,2.03,4088803,4821999,8.3,9.6,0.9,-0.5,-1.9,중립,음봉,잔구간,0.35,-0.44,2026-08-18
ALM,0.8,15.6,6118035,7261122,95.44,100.01,1.0,-3.5,-1.1,중립,팽이도지,잔구간,0.38,-0.07,2026-08-18
MAT,0.8,14.5,2652628,3144885,38.46,61.0,0.6,1.2,-1.7,매도주의,장대음봉,잔구간,0.03,-1.28,2026-08-18
GNW,0.8,10.08,1968305,2364822,19.84,26.54,0.7,0.8,-0.9,중립,음봉,잔구간,0.0,-0.65,2026-08-18
GO,0.8,11.06,2760319,3617705,30.53,34.93,0.9,-1.0,-2.7,매도주의,장대음봉,잔구간,0.11,-1.235,2026-08-18
POEL,0.8,11.18,430847,552073,4.82,9.07,0.5,-13.4,-6.8,중립,음봉,전저점부근,0.1,-0.43,2026-08-18
PGEN,0.8,6.75,4356333,5204538,29.41,48.35,0.6,-2.0,5.1,매수관심,장대양봉,잔구간,0.91,1.245,2026-08-18
TSLZ,0.8,14.54,1247694,1493430,18.14,20.3,0.9,3.4,-1.9,중립,음봉,잔구간,0.4,-0.41,2026-08-18
ASLE,0.8,5.76,327278,401911,1.89,3.39,0.6,-0.2,-2.2,매도주의,장대음봉,잔구간,0.26,-1.145,2026-08-18
GRNT,0.8,5.22,566060,695316,2.95,4.19,0.7,1.7,-2.4,매도주의,장대음봉,잔구간,0.17,-1.2,2026-08-18
GT,0.8,5.93,7992347,9555342,47.39,68.36,0.7,0.1,-2.1,중립,음봉,전저점부근,0.0,-0.55,2026-08-18
GMRS,0.8,14.11,651275,845504,9.19,12.91,0.7,1.2,0.8,매수관심,팽이도지,완만한상승,0.65,1.08,2026-08-18
URG,0.8,1.34,4181499,5193988,5.6,7.78,0.7,-0.7,-0.7,중립,망치형,잔구간,0.6,0.56,2026-08-18
TU,0.8,9.67,4712203,5702192,45.57,87.51,0.5,0.5,-0.7,중립,음봉,잔구간,0.07,-0.61,2026-08-18
AUPH,0.8,15.3,718428,928090,10.99,18.37,0.6,0.0,0.1,중립,팽이도지,잔구간,0.71,0.125,2026-08-18
AVO,0.8,13.07,402593,528938,5.26,10.89,0.5,0.5,0.5,중립,위꼬리양봉,잔구간,0.36,-0.585,2026-08-18
TIMB,0.8,17.28,364969,462348,6.31,9.52,0.7,-0.2,-1.5,중립,음봉,잔구간,0.08,-0.6,2026-08-18
TRIN,0.8,18.15,772458,1024409,14.02,23.84,0.6,0.2,1.1,강한매수,장대양봉,완만한상승,0.85,3.32,2026-08-18
PLTK,0.8,2.23,2052722,2485071,4.58,6.61,0.7,0.0,-1.3,강한매수,망치형,전저점부근,0.7,2.99,2026-08-18
UPBD,0.8,19.17,601980,786378,11.54,18.64,0.6,0.4,-1.6,매도주의,장대음봉,잔구간,0.04,-1.275,2026-08-18
BRSP,0.8,4.85,807124,993669,3.91,5.96,0.7,0.6,-0.8,중립,음봉,잔구간,0.5,-0.35,2026-08-18
BSBR,0.8,5.6,5877898,7101902,32.92,31.42,1.0,-0.2,-1.8,강한매도,장대음봉,전저점이탈,0.07,-3.27,2026-08-18
BSCT,0.8,18.565,363918,467100,6.76,8.84,0.8,-0.1,0.1,강한매수,장대양봉,완만한상승,0.75,3.2,2026-08-18
BTX,0.8,8.98,461267,599253,4.14,4.37,0.9,-1.6,-1.3,중립,음봉,잔구간,0.29,-0.475,2026-08-18
SBS,0.8,4.55,8805531,10386774,40.07,48.8,0.8,-0.9,0.2,중립,팽이도지,잔구간,0.43,-0.04,2026-08-18
SCZM,0.8,8.37,399455,499715,3.34,4.75,0.7,-1.4,-3.0,매도주의,장대음봉,잔구간,0.05,-1.27,2026-08-18
DV,0.8,13.27,4237421,5502548,56.23,109.51,0.5,0.0,-0.2,중립,음봉,잔구간,0.07,-0.61,2026-08-18
SABR,0.8,2.11,2773537,3538990,5.85,10.8,0.5,-1.6,-0.5,중립,팽이도지,잔구간,0.53,0.02,2026-08-18
SDGR,0.8,17.67,841091,1074251,14.86,23.89,0.6,-0.5,2.1,매수관심,장대양봉,잔구간,0.92,1.25,2026-08-18
CTOS,0.8,9.95,747238,947666,7.44,11.65,0.6,-1.4,-3.8,매도주의,음봉,전저점이탈,0.29,-1.7,2026-08-18
SATL,0.8,5.74,5381482,6521084,30.89,40.69,0.8,-5.3,4.4,중립,양봉,잔구간,0.6,0.41,2026-08-18
RITM,0.8,10.2,3034712,3676630,30.95,49.64,0.6,0.5,-1.1,매도주의,장대음봉,잔구간,0.0,-1.3,2026-08-18
EOLS,0.8,8.18,710440,868753,5.81,10.33,0.6,0.5,4.7,매수관심,장대양봉,잔구간,0.81,1.185,2026-08-18
RGTI,0.8,17.71,13748045,16937757,243.48,346.21,0.7,-5.7,0.6,중립,위꼬리양봉,잔구간,0.17,-0.7,2026-08-18
RIG,0.8,5.82,39192987,51704770,228.1,255.98,0.9,1.4,-2.2,매도주의,장대음봉,잔구간,0.15,-1.21,2026-08-18
DDD,0.8,3.44,1744308,2252724,6.0,18.36,0.3,-3.3,-2.3,매도주의,음봉,전저점이탈,0.24,-1.76,2026-08-18
RERE,0.8,4.45,630623,811806,2.81,3.35,0.8,-0.4,-2.0,매도주의,장대음봉,잔구간,0.3,-1.12,2026-08-18
DXC,0.8,10.5,2174764,2632849,22.84,34.64,0.7,2.0,-0.9,중립,음봉,잔구간,0.45,-0.38,2026-08-18
EFC,0.8,13.61,789034,1003024,10.74,15.78,0.7,0.3,-0.1,강한매수,망치형,완만한상승,0.7,2.14,2026-08-18
RCAT,0.8,10.205,9092808,10836750,92.79,117.9,0.8,-5.7,3.6,중립,위꼬리양봉,잔구간,0.35,-0.59,2026-08-18
PSNL,0.8,13.91,1025379,1359390,14.26,28.53,0.5,-0.9,1.0,매수관심,양봉,완만한상승,0.77,1.92,2026-08-18
PRAA,0.8,19.65,327226,424861,6.43,9.9,0.6,-0.1,-2.7,매도주의,장대음봉,잔구간,0.12,-1.23,2026-08-18
EGY,0.8,5.83,1075668,1300927,6.27,7.39,0.8,1.7,-2.0,매도주의,장대음봉,잔구간,0.38,-1.07,2026-08-18
ETH,0.8,18.26,1126115,1400921,20.56,32.34,0.6,-0.7,1.1,강한매수,장대양봉,완만한상승,0.72,3.16,2026-08-18
PUMP,0.8,12.38,1794985,2279376,22.22,29.79,0.7,0.1,-3.3,중립,음봉,잔구간,0.28,-0.48,2026-08-18
QFIN,0.8,12.06,1224061,1465368,14.76,15.82,0.9,0.2,0.8,중립,양봉,잔구간,0.68,0.46,2026-08-18
PROK,0.8,1.38,1043955,1327776,1.44,1.81,0.8,-0.7,-0.7,중립,팽이도지,잔구간,0.54,0.025,2026-08-18
PICS,0.8,10.27,336418,408426,3.46,5.9,0.6,-1.1,1.6,중립,위꼬리양봉,잔구간,0.34,-0.595,2026-08-18
GEMI,0.8,3.54,1534275,1908997,5.43,6.99,0.8,-0.8,-1.1,중립,망치형,잔구간,0.65,0.59,2026-08-18
PDBC,0.8,18.2,2981020,3793786,54.25,103.75,0.5,1.4,-1.4,매도주의,장대음봉,잔구간,0.07,-1.26,2026-08-18
IAG,0.8,18.19,4477154,5746061,81.44,117.74,0.7,-1.7,-2.8,매도주의,장대음봉,잔구간,0.14,-1.215,2026-08-18
IE,0.8,10.15,1289174,1579470,13.09,24.02,0.5,-2.6,-1.6,매도주의,음봉,전저점이탈,0.28,-1.71,2026-08-18
NG,0.8,7.41,2795057,3543957,20.71,37.18,0.6,-1.9,-2.5,매도주의,장대음봉,잔구간,0.0,-1.3,2026-08-18
MSTW,0.8,3.01,501085,613315,1.51,1.86,0.8,-2.2,-3.8,강한매도,장대음봉,전저점이탈,0.08,-3.25,2026-08-18
MTA,0.8,9.77,594671,787785,5.81,5.45,1.1,-2.0,0.2,중립,팽이도지,잔구간,0.54,0.025,2026-08-18
JFB,0.8,4.11,425023,519358,1.75,2.11,0.8,-0.2,-1.9,매도주의,음봉,전저점이탈,0.38,-1.59,2026-08-18
DOMO,0.8,3.75,506885,665823,1.9,3.14,0.6,0.0,-1.6,매도주의,음봉,전저점이탈,0.17,-1.85,2026-08-18
RPD,0.8,12.59,2071820,2612906,26.08,34.17,0.8,1.0,0.8,중립,위꼬리양봉,완만한상승,0.27,-0.38,2026-08-18
RQI,0.8,12.31,385140,504898,4.74,5.82,0.8,0.2,-0.6,중립,음봉,잔구간,0.0,-0.65,2026-08-18
RR,0.8,1.61,4579090,5608206,7.37,8.58,0.9,-3.5,-3.0,중립,음봉,잔구간,0.11,-0.585,2026-08-18
KBDC,0.8,13.34,416929,496104,5.56,6.29,0.9,0.6,-0.4,중립,음봉,잔구간,0.42,-0.4,2026-08-18
MSOS,0.8,4.52,2455796,3251722,11.1,19.57,0.6,0.0,-0.4,중립,팽이도지,잔구간,0.43,-0.04,2026-08-18
SWIM,0.8,6.99,750189,890719,5.24,9.84,0.5,0.3,-2.2,매도주의,음봉,전저점이탈,0.5,-1.45,2026-08-18
TDAY,0.8,6.68,3095756,3978405,20.68,26.12,0.8,0.4,-7.2,매도주의,장대음봉,잔구간,0.08,-1.25,2026-08-18
SUPV,0.8,7.72,601307,770673,4.64,5.45,0.9,-1.0,-2.3,매도주의,음봉,전저점이탈,0.14,-1.88,2026-08-18
DHT,0.8,19.31,2723364,3246940,52.59,63.21,0.8,0.2,2.0,강한매수,장대양봉,완만한상승,0.86,3.33,2026-08-18
BLSM,0.8,16.1,308067,373396,4.96,8.92,0.6,1.2,-2.9,매도주의,장대음봉,잔구간,0.18,-1.19,2026-08-18
BMNG,0.8,15.375,397712,483906,6.11,6.9,0.9,-3.1,-0.9,매도주의,위꼬리음봉,잔구간,0.09,-0.995,2026-08-18
BMNR,0.8,18.28,20742010,25339955,379.16,482.85,0.8,-2.1,-0.3,매도주의,위꼬리음봉,잔구간,0.03,-1.03,2026-08-18
TE,0.8,4.65,20906882,26554794,97.22,205.03,0.5,-4.5,-0.2,중립,팽이도지,전저점이탈,0.54,-0.7,2026-08-18
TETH,0.8,9.54,476711,578093,4.55,6.28,0.7,-0.6,1.0,강한매수,장대양봉,완만한상승,0.7,3.14,2026-08-18
BIOA,0.8,10.46,478458,604484,5.0,9.83,0.5,-0.9,1.5,중립,양봉,잔구간,0.48,0.34,2026-08-18
HMY,0.8,19.28,1882879,2328820,36.3,55.62,0.7,-2.2,-1.6,중립,음봉,잔구간,0.03,-0.63,2026-08-18
IHRT,0.8,3.01,749022,974701,2.25,2.7,0.8,0.3,1.3,매수관심,양봉스프링,잔구간,0.89,0.985,2026-08-18
UMH,0.8,16.14,604707,716982,9.76,12.36,0.8,0.9,-0.9,매도주의,장대음봉,완만한상승,0.21,-1.45,2026-08-18
OBDC,0.8,11.41,3127681,3744466,35.69,59.64,0.6,0.0,-0.8,매도주의,장대음봉,잔구간,0.13,-1.22,2026-08-18
OCGN,0.8,1.34,2527228,3080530,3.39,5.49,0.6,0.4,-2.9,매도주의,장대음봉,잔구간,0.33,-1.1,2026-08-18
NRXP,0.8,3.44,905074,1202771,3.11,5.39,0.6,-1.2,1.5,매수관심,양봉스프링,잔구간,0.84,0.955,2026-08-18
NVAX,0.8,7.93,2015486,2574584,15.98,26.5,0.6,-1.2,-0.5,중립,팽이도지,잔구간,0.39,-0.065,2026-08-18
QNTM,0.8,3.34,310844,376153,1.04,1.66,0.6,0.0,-9.2,매도주의,장대음봉,잔구간,0.22,-1.17,2026-08-18
NMZ,0.8,10.16,457418,566341,4.65,6.47,0.7,0.0,-0.3,강한매도,장대음봉,전저점이탈,0.4,-2.87,2026-08-18
NEOV,0.8,3.425,1452703,1917087,4.98,6.79,0.7,-2.7,-3.2,중립,음봉,잔구간,0.45,-0.38,2026-08-18
NEXA,0.8,13.49,362653,444982,4.89,9.62,0.5,-2.2,-4.1,강한매도,장대음봉,전저점이탈,0.1,-3.23,2026-08-18
AEO,0.8,16.35,3184772,4172709,52.07,77.87,0.7,1.2,-1.2,중립,음봉,완만한상승,0.24,-0.11,2026-08-18
LFMD,0.8,3.27,658132,820780,2.15,5.19,0.4,-1.2,-0.3,중립,팽이도지,잔구간,0.26,-0.145,2026-08-18
ADNT,0.8,19.48,691805,906010,13.48,24.56,0.5,0.2,-3.3,매도주의,장대음봉,잔구간,0.24,-1.155,2026-08-18
SOFI,0.8,17.66,32609374,38557527,575.88,906.41,0.6,-2.2,-1.4,중립,음봉,전저점부근,0.03,-0.51,2026-08-18
SMMT,0.8,12.82,4603920,5761453,59.02,69.26,0.9,-1.4,1.7,중립,양봉,잔구간,0.62,0.42,2026-08-18
SMU,0.8,5.48,1068922,1285842,5.86,10.9,0.5,-6.7,-5.7,매도주의,음봉,전저점이탈,0.09,-1.94,2026-08-18
SNAP,0.8,5.11,25579512,32345838,130.71,250.95,0.5,0.4,-1.7,중립,음봉,잔구간,0.05,-0.62,2026-08-18
CLYM,0.8,17.39,1159760,1449609,20.17,19.54,1.0,-3.1,2.9,중립,양봉,잔구간,0.87,0.57,2026-08-18
AESI,0.8,12.65,2057467,2601520,26.03,41.16,0.6,-0.4,-0.9,중립,팽이도지,잔구간,0.44,-0.035,2026-08-18
CRCD,0.8,4.25,754269,997829,3.21,5.83,0.6,5.3,1.9,매수관심,양봉스프링,잔구간,0.89,0.985,2026-08-18
CRCT,0.8,5.48,663610,803494,3.64,7.21,0.5,0.2,-0.7,매도주의,음봉,전저점이탈,0.33,-1.65,2026-08-18
SGHC,0.8,12.82,1343756,1716031,17.23,31.06,0.6,0.0,-1.6,매도주의,장대음봉,잔구간,0.15,-1.21,2026-08-18
SOC,0.8,3.99,9411958,11407322,37.55,37.15,1.0,-0.5,-0.2,중립,망치형,잔구간,0.75,0.65,2026-08-18
NAVI,0.8,9.0,936587,1184709,8.43,14.8,0.6,0.1,-1.9,중립,음봉,잔구간,0.14,-0.565,2026-08-18
SHC,0.8,18.51,2463014,2903438,45.59,66.15,0.7,0.2,-1.8,매도주의,장대음봉,전저점부근,0.26,-1.54,2026-08-18
SHO,0.8,11.06,2053598,2707642,22.71,31.03,0.7,0.3,1.3,강한매수,장대양봉,완만한상승,0.93,3.42,2026-08-18
VOD,0.8,16.13,2709230,3527395,43.7,69.43,0.6,0.3,-0.7,중립,음봉,잔구간,0.28,-0.48,2026-08-18
AIRS,0.8,2.695,1128097,1470202,3.04,4.42,0.7,-2.4,-10.5,매도주의,장대음봉,잔구간,0.01,-1.295,2026-08-18
ALDX,0.8,1.55,703029,849301,1.09,1.35,0.8,-1.3,0.6,중립,팽이도지,수횡파,0.5,0.6,2026-08-18
WTI,0.8,3.83,2792191,3470935,10.69,15.87,0.7,2.7,-0.5,매수관심,팽이도지,완만한상승,0.54,0.95,2026-08-18
VTS,0.8,16.45,383539,510683,6.31,9.13,0.7,1.3,-2.4,매도주의,장대음봉,잔구간,0.09,-1.245,2026-08-18
VZLA,0.8,3.57,4061937,5228124,14.5,21.7,0.7,-1.9,-0.3,중립,팽이도지,전저점이탈,0.5,-0.75,2026-08-18
APPS,0.8,12.12,2516422,3047904,30.5,77.41,0.4,-2.5,1.5,중립,위꼬리양봉,전저점부근,0.42,-0.35,2026-08-18
MSDL,0.8,15.37,349747,439679,5.38,7.56,0.7,0.4,-0.3,중립,음봉,잔구간,0.34,-0.445,2026-08-18
CMBT,0.8,17.49,704179,839959,12.32,16.54,0.7,0.2,0.5,강한매수,양봉스프링,완만한상승,0.79,2.75,2026-08-18
WRAP,0.8,1.58,774143,976536,1.22,1.8,0.7,-0.6,-1.9,중립,음봉,잔구간,0.4,-0.41,2026-08-18
VACI,0.8,10.22,536920,670391,5.49,6.14,0.9,-0.0,0.0,중립,팽이도지,잔구간,0.67,0.1,2026-08-18
ARLO,0.8,13.38,1224731,1490547,16.39,24.71,0.7,-0.9,-1.5,강한매도,음봉,전저점이탈,0.04,-2.0,2026-08-18
VELO,0.7,14.63,1521280,2157879,22.26,31.36,0.7,-5.5,-0.7,매도주의,위꼬리음봉,잔구간,0.18,-0.94,2026-08-18
ARIS,0.7,17.59,1048049,1464974,18.44,29.4,0.6,-2.3,-0.6,중립,팽이도지,잔구간,0.39,-0.065,2026-08-18
ARR,0.7,16.38,2872233,4220485,47.05,62.98,0.7,-0.2,-0.3,중립,음봉,전저점부근,0.32,-0.17,2026-08-18
USA,0.7,6.01,1000120,1505135,6.01,8.14,0.7,-0.3,-0.3,중립,음봉,잔구간,0.5,-0.35,2026-08-18
ANGO,0.7,15.82,335656,465316,5.31,7.96,0.7,0.1,0.9,매수관심,팽이도지,완만한상승,0.6,1.02,2026-08-18
ANNX,0.7,5.28,2244310,3056578,11.85,13.87,0.9,-1.9,5.0,매수관심,장대양봉,잔구간,0.9,1.24,2026-08-18
ITRG,0.7,2.59,2341487,3275569,6.06,8.88,0.7,-1.5,-4.1,매도주의,장대음봉,잔구간,0.07,-1.26,2026-08-18
ITUB,0.7,7.27,19682186,27573045,143.09,183.18,0.8,-0.3,-1.0,중립,음봉,잔구간,0.0,-0.65,2026-08-18
CNDT,0.7,1.43,824346,1132197,1.18,1.79,0.7,0.0,-2.1,강한매도,음봉,전저점이탈,0.0,-2.05,2026-08-18
CNH,0.7,10.03,10346916,14482245,103.78,152.02,0.7,-0.1,-2.4,강한매도,장대음봉,전저점이탈,0.0,-3.35,2026-08-18
WSE,0.7,12.67,646479,961834,8.19,13.77,0.6,-0.2,-1.6,중립,음봉,잔구간,0.06,-0.615,2026-08-18
VTEX,0.7,3.54,706811,951966,2.5,3.85,0.6,-0.8,1.1,중립,양봉,잔구간,0.68,0.46,2026-08-18
VTRS,0.7,16.17,9049178,12992444,146.33,207.65,0.7,0.8,-1.2,중립,음봉,잔구간,0.01,-0.645,2026-08-18
WLTH,0.7,8.96,713161,996155,6.39,8.99,0.7,-0.3,-1.9,강한매도,장대음봉,전저점이탈,0.29,-3.0,2026-08-18
ALTO,0.7,4.24,1451532,2022941,6.15,10.87,0.6,-2.4,2.9,매수관심,장대양봉,잔구간,0.83,1.2,2026-08-18
AMPG,0.7,3.53,2782734,3852071,9.82,17.01,0.6,-3.3,-1.3,강한매도,위꼬리음봉,전저점이탈,0.1,-2.73,2026-08-18
VRRM,0.7,4.45,2306969,3330656,10.27,22.91,0.4,0.4,-3.7,강한매도,장대음봉,전저점이탈,0.0,-3.35,2026-08-18
VSTS,0.7,13.01,1298947,1849248,16.9,24.97,0.7,0.9,-3.8,매도주의,장대음봉,잔구간,0.08,-1.25,2026-08-18
AKAN,0.7,4.86,485649,703106,2.36,15.25,0.2,-6.3,-4.1,중립,음봉,잔구간,0.23,-0.51,2026-08-18
ALHC,0.7,13.23,3422273,5234325,45.28,80.95,0.6,0.1,-1.8,중립,음봉,잔구간,0.1,-0.59,2026-08-18
NABL,0.7,3.41,2688604,3652704,9.17,10.65,0.9,1.2,3.0,중립,양봉,잔구간,0.43,0.31,2026-08-18
SLDB,0.7,9.08,536331,793828,4.87,7.36,0.7,-1.2,1.0,중립,양봉,잔구간,0.8,0.53,2026-08-18
SGRY,0.7,14.24,1582481,2332783,22.53,34.9,0.6,1.0,-1.8,중립,음봉,잔구간,0.07,-0.61,2026-08-18
SIGA,0.7,2.99,457038,612380,1.37,1.83,0.7,-0.3,2.4,중립,양봉,잔구간,0.92,0.6,2026-08-18
CRBP,0.7,10.08,329421,488861,3.32,4.3,0.8,0.0,-3.9,중립,음봉,잔구간,0.16,-0.555,2026-08-18
CRON,0.7,3.21,1047640,1422937,3.36,6.0,0.6,-0.3,2.2,강한매수,장대양봉,완만한상승,0.73,3.18,2026-08-18
CRSR,0.7,11.93,1609158,2159879,19.2,39.28,0.5,-2.2,-0.3,매도주의,위꼬리음봉,잔구간,0.16,-0.955,2026-08-18
SG,0.7,5.82,3943297,5704568,22.95,44.94,0.5,-1.9,0.9,중립,위꼬리양봉,잔구간,0.27,-0.64,2026-08-18
SNK,0.7,17.17,3169052,4346652,54.41,96.72,0.6,7.5,-2.9,중립,음봉,완만한상승,0.47,0.16,2026-08-18
SMPL,0.7,10.97,1271455,1879664,13.95,21.28,0.7,1.6,-0.4,강한매수,망치형,완만한상승,0.83,2.3,2026-08-18
SMRT,0.7,1.39,973045,1364655,1.35,2.94,0.5,-0.7,-5.4,매도주의,장대음봉,잔구간,0.0,-1.3,2026-08-18
LENZ,0.7,4.77,534407,753770,2.55,4.42,0.6,-0.4,0.0,중립,위꼬리양봉,잔구간,0.2,-0.68,2026-08-18
ADMA,0.7,9.54,1369891,1908955,13.07,26.76,0.5,0.1,2.0,매수관심,장대양봉,잔구간,0.84,1.205,2026-08-18
ABTC,0.7,6.94,802814,1180266,5.57,8.48,0.7,-1.7,-0.9,중립,음봉,잔구간,0.3,-0.47,2026-08-18
ACHV,0.7,7.52,1064174,1575595,8.0,9.11,0.9,-0.9,1.2,매수관심,양봉,완만한상승,0.72,1.86,2026-08-18
USAR,0.7,18.51,8847872,13591186,163.77,250.35,0.7,-4.7,0.7,중립,위꼬리양봉,잔구간,0.23,-0.66,2026-08-18
EYE,0.7,18.8,1954680,2909663,36.75,53.09,0.7,0.6,1.2,중립,양봉,잔구간,0.45,0.32,2026-08-18
F,0.7,13.93,25839078,37360696,359.94,576.64,0.6,0.0,-0.9,매도주의,장대음봉,잔구간,0.37,-1.08,2026-08-18
NCMI,0.7,2.52,1124694,1573933,2.83,5.68,0.5,-0.7,-7.0,매도주의,장대음봉,잔구간,0.18,-1.19,2026-08-18
NEXN,0.7,10.24,391692,542702,4.01,5.77,0.7,-0.2,-2.6,매도주의,장대음봉,잔구간,0.1,-1.24,2026-08-18
NWL,0.7,5.93,4188606,6310252,24.84,49.57,0.5,-0.2,-1.7,중립,음봉,잔구간,0.12,-0.58,2026-08-18
OFRM,0.7,17.79,324524,454123,5.77,9.44,0.6,1.0,1.0,중립,위꼬리양봉,완만한상승,0.45,-0.16,2026-08-18
NTSK,0.7,15.37,3209593,4609490,49.33,73.12,0.7,-1.6,2.5,매수관심,장대양봉,잔구간,0.76,1.155,2026-08-18
NVDX,0.7,19.75,4031871,5405362,79.63,120.66,0.7,-4.1,-0.7,중립,팽이도지,잔구간,0.36,-0.085,2026-08-18
HLX,0.7,10.38,950570,1458880,9.87,15.41,0.6,0.8,-2.3,매도주의,장대음봉,잔구간,0.22,-1.17,2026-08-18
HOPE,0.7,14.24,640264,878858,9.12,14.42,0.6,0.1,-1.0,중립,음봉,잔구간,0.27,-0.49,2026-08-18
HPK,0.7,7.85,405899,579376,3.19,4.44,0.7,2.2,-2.5,매도주의,장대음봉,잔구간,0.25,-1.15,2026-08-18
HBAN,0.7,17.66,13615127,19411530,240.44,415.63,0.6,0.3,-1.9,매도주의,장대음봉,잔구간,0.07,-1.26,2026-08-18
HLIT,0.7,12.73,1522924,2101967,19.39,26.5,0.7,-3.7,-1.5,중립,음봉,잔구간,0.07,-0.61,2026-08-18
BIZD,0.7,13.22,1863658,2536299,24.64,39.61,0.6,-0.2,0.5,중립,양봉,잔구간,0.61,0.415,2026-08-18
BMBL,0.7,2.72,2816940,3890921,7.66,10.69,0.7,0.4,4.2,매수관심,장대양봉,잔구간,0.81,1.185,2026-08-18
SVV,0.7,10.53,2107269,2874751,22.19,33.9,0.7,-0.7,0.4,중립,위꼬리양봉,잔구간,0.3,-0.62,2026-08-18
TDUP,0.7,2.81,2503737,3428615,7.04,17.91,0.4,-1.0,-0.7,중립,팽이도지,전저점부근,0.44,0.68,2026-08-18
BW,0.7,9.14,5241962,7578280,47.91,62.82,0.8,-3.2,-4.8,매도주의,장대음봉,잔구간,0.17,-1.2,2026-08-18
BWEN,0.7,4.87,540118,741588,2.63,4.9,0.5,-3.8,-3.9,중립,음봉,잔구간,0.16,-0.555,2026-08-18
RIOT,0.7,18.91,16537297,22665876,312.72,540.28,0.6,-2.9,-2.8,중립,음봉,잔구간,0.12,-0.58,2026-08-18
INFQ,0.7,12.91,7618167,10829245,98.35,125.67,0.8,-5.1,1.5,중립,양봉,잔구간,0.6,0.41,2026-08-18
MTW,0.7,19.3,374604,522089,7.23,9.8,0.7,-0.9,-3.5,매도주의,장대음봉,잔구간,0.17,-1.2,2026-08-18
MVST,0.7,0.761,5462021,8091697,4.16,6.85,0.6,-1.7,-4.1,강한매도,장대음봉,전저점이탈,0.0,-3.35,2026-08-18
MX,0.7,3.41,386749,568612,1.32,3.06,0.4,-3.0,-2.8,매도주의,음봉,전저점이탈,0.3,-1.69,2026-08-18
JELD,0.7,1.84,769731,1036062,1.42,3.44,0.4,-1.1,-0.5,매도주의,위꼬리음봉,수횡파,0.17,-1.3,2026-08-18
JFR,0.7,7.64,506371,761220,3.87,4.59,0.8,0.3,-0.3,중립,음봉,전저점부근,0.37,-0.11,2026-08-18
JOBY,0.7,7.65,18833520,27242621,144.08,273.25,0.5,-3.0,-0.3,매도주의,팽이도지,전저점이탈,0.38,-0.89,2026-08-18
IDN,0.7,2.97,535665,755454,1.59,2.12,0.8,0.0,0.7,매수관심,팽이도지,완만한상승,0.57,0.98,2026-08-18
NOWL,0.7,5.93,6874760,9510704,40.77,77.63,0.5,2.9,-0.3,중립,팽이도지,완만한상승,0.38,0.76,2026-08-18
HUMA,0.7,0.582,9261658,12454920,5.39,6.44,0.8,-0.1,3.9,중립,양봉,잔구간,0.85,0.56,2026-08-18
NHP,0.7,16.58,374838,571608,6.21,13.38,0.5,1.3,-1.3,중립,음봉,완만한상승,0.23,-0.12,2026-08-18
PHAT,0.7,9.25,976462,1496483,9.03,14.78,0.6,0.5,-0.9,매도주의,위꼬리음봉,잔구간,0.13,-0.97,2026-08-18
PLAY,0.7,9.93,931676,1309440,9.25,16.28,0.6,-1.5,-0.7,매도주의,위꼬리음봉,잔구간,0.03,-1.03,2026-08-18
GEVO,0.7,1.53,2099960,2870947,3.21,5.52,0.6,-1.9,-2.5,매도주의,장대음봉,잔구간,0.0,-1.3,2026-08-18
GGN,0.7,5.37,358899,509694,1.93,2.69,0.7,-0.2,-0.4,중립,음봉,잔구간,0.44,-0.385,2026-08-18
EROC,0.7,15.22,3529957,4930525,53.73,54.64,1.0,-1.6,-11.1,매도주의,장대음봉,잔구간,0.05,-1.27,2026-08-18
EVLV,0.7,5.44,1569018,2310777,8.54,12.77,0.7,0.0,-0.5,중립,팽이도지,전저점부근,0.26,0.46,2026-08-18
EQX,0.7,11.45,8788158,12717811,100.62,198.7,0.5,-1.8,-1.1,중립,음봉,잔구간,0.15,-0.56,2026-08-18
PRME,0.7,3.05,1270981,1729971,3.88,7.16,0.5,-2.2,-1.6,중립,음봉,잔구간,0.17,-0.55,2026-08-18
PRTH,0.7,5.61,454627,632161,2.55,3.81,0.7,0.2,4.9,매수관심,장대양봉,잔구간,0.93,1.26,2026-08-18
PSEC,0.7,2.25,2068768,2857901,4.65,8.45,0.6,0.0,1.8,매수관심,장대양봉,잔구간,1.0,1.3,2026-08-18
FLYW,0.7,18.25,1185040,1628135,21.63,43.83,0.5,-0.5,0.2,중립,위꼬리양봉,잔구간,0.11,-0.735,2026-08-18
FNKO,0.7,6.19,744681,1048461,4.61,10.07,0.5,-0.5,2.1,매수관심,양봉,완만한상승,0.72,1.86,2026-08-18
FRMI,0.7,5.74,18843243,28154393,108.16,151.76,0.7,-3.1,-3.5,강한매도,장대음봉,전저점이탈,0.03,-3.31,2026-08-18
EH,0.7,5.67,325505,498820,1.85,2.84,0.6,-2.1,1.4,중립,양봉,잔구간,0.68,0.46,2026-08-18
EIDO,0.7,12.56,658071,929625,8.27,13.65,0.6,-0.1,-0.2,매도주의,장대음봉,잔구간,0.0,-1.3,2026-08-18
ELDN,0.7,3.62,612966,831421,2.22,3.08,0.7,-0.8,2.0,매수관심,양봉,완만한상승,0.59,1.71,2026-08-18
ELVA,0.7,7.5,455875,680036,3.42,6.45,0.5,-2.7,0.1,중립,팽이도지,잔구간,0.37,-0.08,2026-08-18
EC,0.7,17.68,1124506,1634301,19.88,34.52,0.6,0.6,-0.5,중립,음봉,완만한상승,0.56,0.27,2026-08-18
NIO,0.7,4.53,17996945,24469294,81.53,125.68,0.6,-2.0,0.4,중립,양봉,잔구간,0.83,0.55,2026-08-18
RGNX,0.7,11.07,623930,879271,6.91,11.9,0.6,-1.8,-0.5,강한매수,망치형,수횡파,0.72,2.8600000000000003,2026-08-18
DC,0.7,5.84,831642,1230155,4.86,8.32,0.6,-1.5,-3.3,매도주의,장대음봉,잔구간,0.04,-1.275,2026-08-18
CRVS,0.7,14.83,635371,889479,9.42,12.31,0.8,-1.1,0.5,중립,팽이도지,잔구간,0.42,-0.05,2026-08-18
CRWU,0.7,4.265,6086545,8174505,25.96,45.63,0.6,-8.9,-16.7,매도주의,장대음봉,잔구간,0.01,-1.295,2026-08-18
CTKB,0.7,4.67,713315,975220,3.33,4.32,0.8,0.6,-2.1,중립,음봉,잔구간,0.41,-0.405,2026-08-18
SAIL,0.7,19.2,2396074,3368505,46.0,59.96,0.8,0.3,3.0,매수관심,장대양봉,잔구간,0.71,1.125,2026-08-18
SBGI,0.7,14.36,354565,488499,5.09,9.67,0.5,1.1,-0.3,매도주의,위꼬리음봉,완만한상승,0.25,-0.9,2026-08-18
DQ,0.7,13.89,701139,982852,9.74,15.81,0.6,-2.5,0.1,매수관심,양봉스프링,전저점이탈,0.86,1.18,2026-08-18
DRTS,0.7,14.26,374755,547711,5.34,7.23,0.7,-1.1,1.9,매수관심,양봉,완만한상승,0.61,1.73,2026-08-18
RWT,0.7,4.73,1061306,1496283,5.02,7.68,0.7,0.2,-1.7,중립,음봉,잔구간,0.47,-0.37,2026-08-18
STWD,0.7,16.24,3128933,4235851,50.81,93.8,0.5,-0.1,0.1,매수관심,양봉스프링,잔구간,0.78,0.92,2026-08-18
BV,0.7,11.5,761426,1046826,8.76,22.24,0.4,0.4,1.0,매수관심,양봉,완만한상승,0.81,1.97,2026-08-18
SSTK,0.7,5.37,706626,1033089,3.79,6.73,0.6,0.4,-1.1,중립,음봉,잔구간,0.32,-0.46,2026-08-18
STLN,0.7,6.4,927186,1258700,5.93,12.04,0.5,-1.4,2.9,매수관심,양봉,완만한상승,0.66,1.79,2026-08-18
STTK,0.7,7.45,517147,789938,3.85,7.43,0.5,-0.9,1.8,강한매수,양봉스프링,완만한상승,0.95,2.94,2026-08-18
FIP,0.7,4.03,746930,1022070,3.01,7.69,0.4,-1.2,-4.0,매도주의,장대음봉,전저점부근,0.11,-1.72,2026-08-18
FJET,0.7,3.97,460761,702037,1.83,2.51,0.7,-0.7,-1.2,강한매수,망치형,수횡파,0.53,2.6399999999999997,2026-08-18
PLTD,0.7,5.34,21516110,29149156,114.9,181.54,0.6,0.2,0.4,강한매수,양봉스프링,완만한상승,0.84,2.81,2026-08-18
UPB,0.7,6.85,461779,661735,3.16,5.18,0.6,2.0,-5.9,매도주의,장대음봉,잔구간,0.17,-1.2,2026-08-18
TTD,0.7,13.42,19771374,27653574,265.33,678.08,0.4,0.3,-0.1,매도주의,위꼬리음봉,잔구간,0.22,-0.92,2026-08-18
UAVS,0.7,0.855,2539179,3718865,2.17,3.53,0.6,-4.3,-2.8,매도주의,위꼬리음봉,잔구간,0.05,-1.02,2026-08-18
UGP,0.7,6.33,2573367,3689336,16.29,21.86,0.7,1.1,-3.4,매도주의,장대음봉,잔구간,0.06,-1.265,2026-08-18
AURA,0.7,8.16,680486,955256,5.55,7.46,0.7,-0.4,6.7,매수관심,장대양봉,잔구간,0.88,1.23,2026-08-18
TSLX,0.7,18.54,365310,496068,6.77,10.6,0.6,0.4,0.1,중립,위꼬리양봉,잔구간,0.31,-0.615,2026-08-18
GROY,0.7,3.13,1594532,2386455,4.99,8.37,0.6,-1.6,-0.6,중립,팽이도지,잔구간,0.34,-0.095,2026-08-18
GSOL,0.7,5.84,1238057,1672508,7.23,10.52,0.7,0.2,1.6,강한매수,장대양봉,전고점돌파,0.82,3.88,2026-08-18
PLUG,0.7,2.16,59853739,82015684,129.28,162.43,0.8,-4.2,-1.1,중립,팽이도지,잔구간,0.4,-0.06,2026-08-18
PENN,0.7,18.29,2189744,2975237,40.05,54.1,0.7,0.1,-2.0,강한매도,장대음봉,전저점이탈,0.07,-3.27,2026-08-18
PEPG,0.7,2.91,677247,956600,1.97,4.01,0.5,-0.3,-4.0,매도주의,장대음봉,잔구간,0.08,-1.25,2026-08-18
PFLT,0.7,7.32,823028,1136891,6.02,8.05,0.7,0.6,0.3,중립,팽이도지,잔구간,0.45,-0.03,2026-08-18
LILA,0.7,8.38,345448,501825,2.89,4.83,0.6,-0.2,-1.3,중립,음봉,잔구간,0.35,-0.44,2026-08-18
LODE,0.7,3.43,787883,1074572,2.7,3.33,0.8,-0.6,-0.6,중립,팽이도지,잔구간,0.36,-0.085,2026-08-18
LRMR,0.7,4.06,869633,1289927,3.53,5.13,0.7,-0.2,-5.8,매도주의,장대음봉,잔구간,0.03,-1.28,2026-08-18
GPRO,0.7,0.592,5975088,9065292,3.54,4.94,0.7,0.1,-3.7,중립,음봉,잔구간,0.33,-0.45,2026-08-18
OPK,0.7,1.36,1602443,2201672,2.18,3.52,0.6,1.5,-1.4,중립,음봉,완만한상승,0.14,-0.23,2026-08-18
ORC,0.7,6.67,2425309,3399726,16.18,26.1,0.6,0.0,0.0,매수관심,팽이도지,완만한상승,0.73,1.18,2026-08-18
FUBO,0.7,9.99,1192024,1777598,11.91,20.99,0.6,-0.2,-2.5,중립,음봉,잔구간,0.04,-0.625,2026-08-18
FVRR,0.7,8.87,594533,842979,5.27,7.71,0.7,0.1,1.4,중립,양봉,잔구간,0.44,0.315,2026-08-18
PAYP,0.7,15.02,496353,713358,7.46,12.39,0.6,-1.2,1.6,매수관심,양봉,완만한상승,0.65,1.78,2026-08-18
PCT,0.7,6.88,2956750,4463346,20.34,35.18,0.6,-3.0,-1.7,중립,음봉,잔구간,0.1,-0.59,2026-08-18
OTF,0.7,11.12,2022800,2894786,22.49,39.25,0.6,0.2,-0.3,강한매수,망치형,수횡파,0.61,2.73,2026-08-18
OXSQ,0.7,1.44,1474813,2134452,2.12,3.18,0.7,-0.7,2.1,매수관심,장대양봉,잔구간,0.77,1.16,2026-08-18
BCAT,0.7,15.76,557712,787371,8.79,11.04,0.8,-0.3,0.5,강한매수,장대양봉,완만한상승,0.85,3.32,2026-08-18
BDJ,0.7,9.81,302434,438251,2.97,4.39,0.7,-0.1,-0.3,매도주의,장대음봉,잔구간,0.2,-1.18,2026-08-18
BDN,0.7,2.98,1034056,1573992,3.08,6.2,0.5,-1.0,0.0,중립,위꼬리양봉,잔구간,0.17,-0.7,2026-08-18
BEZ,0.7,11.09,1116035,1523672,12.38,20.06,0.6,10.3,8.7,강한매수,장대양봉,완만한상승,0.78,3.24,2026-08-18
TSDD,0.7,9.64,2292277,3236904,22.1,41.22,0.5,3.4,-1.8,중립,음봉,잔구간,0.4,-0.41,2026-08-18
TSL,0.7,12.49,306184,447818,3.82,5.23,0.7,-2.5,1.5,중립,양봉,잔구간,0.59,0.405,2026-08-18
STUB,0.7,7.13,6805115,10023208,48.52,67.71,0.7,-1.5,1.7,매수관심,장대양봉,잔구간,0.93,1.26,2026-08-18
SRPT,0.7,18.02,1600161,2443861,28.83,48.67,0.6,-0.1,-0.8,중립,음봉,잔구간,0.35,-0.44,2026-08-18
SSPC,0.7,10.41,18204104,26075975,189.5,389.79,0.5,7.5,-3.3,중립,음봉,완만한상승,0.44,0.13,2026-08-18
CDXS,0.7,1.5,940063,1302128,1.41,1.78,0.8,-1.3,-4.5,중립,음봉,잔구간,0.17,-0.55,2026-08-18
CLBK,0.7,11.82,4242965,5873652,50.15,69.44,0.7,-0.2,1.4,강한매수,장대양봉,완만한상승,0.91,3.39,2026-08-18
JBI,0.7,5.13,1347695,1905273,6.91,9.9,0.7,-0.8,1.2,매수관심,양봉,완만한상승,0.72,1.86,2026-08-18
MQ,0.7,15.48,668456,973802,10.35,22.4,0.5,0.8,-1.1,중립,음봉,잔구간,0.18,-0.54,2026-08-18
LAR,0.7,6.16,1880386,2587642,11.58,15.93,0.7,-3.3,-3.4,강한매도,장대음봉,전저점이탈,0.0,-3.35,2026-08-18
LX,0.7,1.34,1180474,1657532,1.58,2.27,0.7,0.7,-2.2,매도주의,장대음봉,잔구간,0.2,-1.18,2026-08-18
KPTI,0.7,1.93,1145247,1761431,2.21,3.72,0.6,3.9,2.7,중립,양봉,잔구간,0.79,0.525,2026-08-18
IOVA,0.7,7.03,10499437,15245235,73.81,136.51,0.5,-1.4,0.4,중립,위꼬리양봉,잔구간,0.26,-0.645,2026-08-18
IRWD,0.7,4.31,1411493,2134301,6.08,10.98,0.6,-0.3,-0.8,중립,팽이도지,잔구간,0.36,-0.085,2026-08-18
WYHG,0.7,5.18,352507,510598,1.83,73.32,0.0,0.2,-2.8,중립,망치형,잔구간,0.72,0.63,2026-08-18
VIVK,0.7,1.18,1079772,1658255,1.27,5.93,0.2,0.0,-3.3,매도주의,장대음봉,잔구간,0.16,-1.205,2026-08-18
ZIP,0.7,4.97,563019,790419,2.8,4.56,0.6,-1.6,4.0,매수관심,장대양봉,잔구간,0.84,1.205,2026-08-18
YEXT,0.6,6.01,435899,715550,2.62,4.03,0.6,1.2,1.7,매수관심,양봉,완만한상승,0.56,1.67,2026-08-18
BTCZ,0.6,5.36,5899733,9358796,31.62,52.03,0.6,1.2,-2.0,중립,음봉,잔구간,0.45,-0.38,2026-08-18
MASS,0.6,10.08,355880,582309,3.59,5.51,0.7,-2.4,1.3,중립,양봉,잔구간,0.9,0.59,2026-08-18
LYFT,0.6,16.93,7514988,11578192,127.23,213.37,0.6,-0.9,-0.8,매도주의,위꼬리음봉,잔구간,0.13,-0.97,2026-08-18
LXEO,0.6,4.93,649790,1011690,3.2,5.09,0.6,-0.8,-0.2,중립,팽이도지,잔구간,0.47,-0.02,2026-08-18
MATV,0.6,12.07,373671,625079,4.51,9.78,0.5,0.1,-1.4,중립,음봉,잔구간,0.48,-0.36,2026-08-18
LION,0.6,11.69,1753120,3095884,20.49,40.74,0.5,0.4,-2.6,매도주의,장대음봉,잔구간,0.1,-1.24,2026-08-18
LFST,0.6,12.36,3517040,5733528,43.47,66.67,0.7,0.7,-2.2,매도주의,장대음봉,잔구간,0.07,-1.26,2026-08-18
MDXH,0.6,0.751,2647221,4367870,1.99,27.77,0.1,-3.0,-9.5,중립,음봉,잔구간,0.04,-0.625,2026-08-18
ALOY,0.6,13.5,1888914,2967290,25.5,42.81,0.6,-4.8,2.4,중립,양봉,잔구간,0.44,0.315,2026-08-18
LMRI,0.6,11.99,394296,682912,4.73,7.0,0.7,-0.3,1.9,강한매수,양봉,완만한상승,0.91,2.09,2026-08-18
WRD,0.6,6.0,1707005,2986816,10.24,19.41,0.5,0.1,-1.4,중립,음봉,잔구간,0.17,-0.55,2026-08-18
WRN,0.6,2.36,489591,788708,1.16,2.24,0.5,-2.1,-0.8,중립,음봉,잔구간,0.26,-0.495,2026-08-18
WNC,0.6,12.04,571086,901333,6.88,11.99,0.6,-1.2,-4.3,매도주의,장대음봉,수횡파,0.06,-1.93,2026-08-18
WEN,0.6,8.44,6644764,10266209,56.08,108.93,0.5,-2.0,-0.1,중립,팽이도지,잔구간,0.44,-0.035,2026-08-18
AMCX,0.6,11.94,341200,526180,4.07,8.59,0.5,0.4,-1.6,중립,음봉,잔구간,0.05,-0.62,2026-08-18
ALT,0.6,2.97,2472114,4082934,7.34,13.82,0.5,-0.3,-0.7,중립,음봉,잔구간,0.14,-0.565,2026-08-18
SPAX,0.6,9.54,1776051,3020842,16.94,45.16,0.4,-7.4,3.6,중립,양봉,잔구간,0.54,0.375,2026-08-18
SMWB,0.6,8.57,580898,1026872,4.98,11.51,0.4,0.9,-0.8,중립,음봉,잔구간,0.59,-0.295,2026-08-18
SMCY,0.6,5.4,721426,1200068,3.9,6.33,0.6,-2.2,0.4,중립,팽이도지,잔구간,0.64,0.085,2026-08-18
CTNM,0.6,14.5,531007,825268,7.7,10.5,0.7,-1.0,0.8,중립,위꼬리양봉,잔구간,0.28,-0.63,2026-08-18
RILY,0.6,7.16,306780,547437,2.2,4.74,0.5,-0.6,1.3,매수관심,양봉,완만한상승,0.76,1.91,2026-08-18
CODI,0.6,11.88,580284,1029969,6.89,11.5,0.6,0.1,-1.9,중립,음봉,잔구간,0.0,-0.65,2026-08-18
CYH,0.6,2.98,642733,1046591,1.92,3.4,0.6,0.0,1.0,매수관심,양봉,완만한상승,0.5,1.6,2026-08-18
RKT,0.6,13.99,17697323,30302500,247.59,413.53,0.6,-2.1,-1.5,매도주의,장대음봉,잔구간,0.04,-1.275,2026-08-18
CION,0.6,7.32,382954,637627,2.8,5.82,0.5,0.1,1.4,중립,양봉,잔구간,0.49,0.345,2026-08-18
CERT,0.6,8.01,1940532,3198926,15.54,34.03,0.5,0.0,0.1,매수관심,팽이도지,완만한상승,0.47,0.86,2026-08-18
SPCQ,0.6,12.92,1583477,2676597,20.46,36.22,0.6,8.6,-3.7,중립,음봉,완만한상승,0.4,0.08,2026-08-18
SPCM,0.6,16.165,1107254,1941070,17.9,32.34,0.6,-7.5,3.8,중립,양봉,잔구간,0.55,0.38,2026-08-18
SGMT,0.6,10.58,980518,1639827,10.37,15.25,0.7,-0.2,1.6,중립,양봉,잔구간,0.56,0.385,2026-08-18
SIDU,0.6,2.44,4296762,7105416,10.48,17.32,0.6,-4.1,0.4,중립,위꼬리양봉,잔구간,0.13,-0.72,2026-08-18
CATX,0.6,3.21,757950,1177081,2.43,3.99,0.6,-0.3,0.0,중립,팽이도지,잔구간,0.68,0.11,2026-08-18
SPCH,0.6,9.45,30143090,46588425,284.85,453.61,0.6,-7.5,4.0,중립,양봉,잔구간,0.57,0.39,2026-08-18
DCTH,0.6,16.86,481600,794857,8.12,16.7,0.5,-0.6,-0.5,중립,팽이도지,잔구간,0.44,-0.035,2026-08-18
EVC,0.6,8.42,1344959,2290153,11.32,24.59,0.5,-0.6,-4.8,매도주의,장대음봉,전저점부근,0.07,-1.77,2026-08-18
FBIO,0.6,2.91,593190,923269,1.73,2.34,0.7,0.0,3.2,강한매수,장대양봉,완만한상승,1.0,3.5,2026-08-18
FF,0.6,5.66,398191,706800,2.25,5.14,0.4,-1.0,-0.4,중립,망치형,잔구간,0.75,0.65,2026-08-18
THRY,0.6,1.97,738837,1178806,1.46,3.85,0.4,-0.3,-0.5,중립,팽이도지,잔구간,0.67,0.1,2026-08-18
GBDC,0.6,13.07,683272,1236239,8.93,17.93,0.5,0.0,-0.4,중립,음봉,잔구간,0.39,-0.415,2026-08-18
GDRX,0.6,3.65,1089951,1724915,3.98,7.81,0.5,-0.5,-1.4,중립,음봉,수횡파,0.03,-0.66,2026-08-18
OMAH,0.6,18.5,994206,1548659,18.39,31.63,0.6,0.5,-0.1,매수관심,팽이도지,완만한상승,0.43,0.82,2026-08-18
PBI,0.6,16.17,953797,1519656,15.42,28.48,0.5,1.4,-0.4,매도주의,위꼬리음봉,잔구간,0.19,-0.935,2026-08-18
FUN,0.6,15.75,1346702,2092397,21.21,50.29,0.4,-0.4,1.4,중립,위꼬리양봉,완만한상승,0.37,-0.26,2026-08-18
GAU,0.6,2.03,1768169,3144668,3.59,6.31,0.6,-2.4,-1.5,중립,음봉,잔구간,0.14,-0.565,2026-08-18
PAL,0.6,5.62,639481,1121114,3.59,6.48,0.6,0.8,-5.4,매도주의,장대음봉,잔구간,0.03,-1.28,2026-08-18
AVXL,0.6,3.2,400665,667939,1.28,2.96,0.4,-1.6,1.3,중립,양봉,잔구간,0.84,0.555,2026-08-18
OXLC,0.6,9.27,692231,1149857,6.42,9.67,0.7,-0.5,-0.9,중립,음봉,잔구간,0.43,-0.39,2026-08-18
POWW,0.6,2.26,470658,729650,1.06,1.95,0.5,-0.5,2.3,매수관심,장대양봉,잔구간,0.63,1.08,2026-08-18
PTIR,0.6,18.31,2263022,3648989,41.44,111.05,0.4,-0.7,-0.4,매도주의,위꼬리음봉,잔구간,0.2,-0.93,2026-08-18
THM,0.6,2.54,752910,1314366,1.91,4.52,0.4,-2.2,-5.2,매도주의,장대음봉,잔구간,0.0,-1.3,2026-08-18
BKD,0.6,12.22,3612519,6529231,44.14,80.85,0.5,0.7,-0.7,중립,팽이도지,전저점부근,0.39,0.62,2026-08-18
EXFY,0.6,2.34,905198,1604691,2.12,4.33,0.5,-0.4,3.5,매수관심,장대양봉,잔구간,0.64,1.085,2026-08-18
QSI,0.6,0.728,1520320,2432057,1.11,2.36,0.5,-1.6,-0.6,중립,팽이도지,잔구간,0.38,-0.07,2026-08-18
RC,0.6,1.69,680187,1218087,1.15,2.21,0.5,-1.2,0.6,중립,위꼬리양봉,잔구간,0.33,-0.6,2026-08-18
QTRX,0.6,2.68,796275,1337299,2.13,3.41,0.6,-2.7,-5.6,매도주의,장대음봉,잔구간,0.13,-1.22,2026-08-18
FMC,0.6,10.12,1743978,3032329,17.65,31.18,0.6,0.9,-1.5,중립,음봉,잔구간,0.36,-0.435,2026-08-18
ECC,0.6,3.78,669388,1057397,2.53,3.75,0.7,-0.3,0.0,매수관심,양봉스프링,잔구간,0.86,0.965,2026-08-18
PTLO,0.6,4.73,931523,1545837,4.41,7.74,0.6,-0.4,-4.4,매도주의,장대음봉,잔구간,0.16,-1.205,2026-08-18
BXMT,0.6,14.18,1540783,2374359,21.85,44.12,0.5,0.3,-0.7,중립,음봉,잔구간,0.37,-0.43,2026-08-18
SUJA,0.6,6.71,840592,1311632,5.64,8.83,0.6,0.9,0.0,매수관심,팽이도지,완만한상승,0.65,1.08,2026-08-18
SUZ,0.6,7.93,2500709,4010319,19.83,27.22,0.7,0.6,0.3,중립,위꼬리양봉,잔구간,0.31,-0.615,2026-08-18
TAC,0.6,12.47,965666,1574174,12.04,24.74,0.5,-0.7,-1.2,매도주의,장대음봉,잔구간,0.15,-1.21,2026-08-18
BYRN,0.6,3.9,345620,597511,1.35,2.6,0.5,-1.3,-0.3,중립,팽이도지,전저점이탈,0.5,-0.75,2026-08-18
DEI,0.6,11.57,1054603,1639799,12.2,24.1,0.5,0.2,-0.4,중립,음봉,잔구간,0.26,-0.495,2026-08-18
DHC,0.6,7.98,1207918,1871012,9.64,21.02,0.5,0.1,-3.9,매도주의,장대음봉,전저점부근,0.03,-1.81,2026-08-18
VFF,0.6,2.54,896640,1398776,2.28,3.49,0.7,0.0,-1.6,중립,음봉,잔구간,0.5,-0.35,2026-08-18
VGZ,0.6,2.28,729031,1211844,1.66,2.74,0.6,-2.2,1.8,중립,양봉,잔구간,0.86,0.565,2026-08-18
ABEO,0.6,6.16,1325872,2201859,8.17,14.65,0.6,-0.7,4.4,매수관심,장대양봉,잔구간,0.67,1.1,2026-08-18
ACHR,0.6,6.32,31859047,56994406,201.35,326.64,0.6,-3.4,2.4,중립,양봉,잔구간,0.66,0.445,2026-08-18
ARCT,0.6,8.21,403151,692515,3.31,5.06,0.7,-1.4,2.2,매수관심,양봉,완만한상승,0.39,1.47,2026-08-18
ARCC,0.6,19.67,2684419,4271274,52.8,92.32,0.6,0.1,0.1,중립,팽이도지,잔구간,0.5,0.0,2026-08-18
HYLN,0.6,3.86,2552874,4190703,9.85,16.99,0.6,-3.4,-2.3,중립,음봉,잔구간,0.19,-0.535,2026-08-18
HPP,0.6,13.86,401177,631804,5.56,13.34,0.4,-0.3,0.7,중립,양봉,잔구간,0.54,0.375,2026-08-18
MSFD,0.6,10.69,1205165,1971517,12.88,24.52,0.5,-0.1,-0.1,중립,팽이도지,잔구간,0.32,-0.11,2026-08-18
ACVA,0.6,7.63,4217947,6542605,32.18,50.89,0.6,-0.7,0.8,중립,위꼬리양봉,완만한상승,0.35,-0.28,2026-08-18
NN,0.6,19.17,1383450,2511496,26.52,68.08,0.4,-1.0,0.9,중립,팽이도지,잔구간,0.54,0.025,2026-08-18
NNBR,0.6,3.84,2102539,3496421,8.07,17.76,0.5,-2.4,-4.2,중립,음봉,잔구간,0.11,-0.585,2026-08-18
NFGC,0.6,1.64,915564,1516556,1.5,2.61,0.6,-1.2,0.0,중립,팽이도지,잔구간,0.36,-0.085,2026-08-18
NEWP,0.6,6.55,474073,753959,3.11,4.4,0.7,-2.3,0.6,중립,팽이도지,잔구간,0.52,0.01,2026-08-18
OGG,0.6,2.7,746970,1294804,2.02,5.37,0.4,0.4,-4.3,매도주의,장대음봉,전저점부근,0.11,-1.72,2026-08-18
OCSL,0.6,12.94,317061,571820,4.1,9.23,0.4,0.2,0.5,중립,양봉,잔구간,0.58,0.4,2026-08-18
AMPY,0.6,4.82,625410,1114993,3.01,6.01,0.5,1.9,-1.8,매도주의,장대음봉,완만한상승,0.21,-1.45,2026-08-18
IIIV,0.6,16.14,471409,741250,7.61,12.93,0.6,0.6,0.3,중립,팽이도지,잔구간,0.54,0.025,2026-08-18
GTM,0.6,3.82,4368016,7055447,16.69,36.17,0.5,1.1,0.5,중립,위꼬리양봉,잔구간,0.19,-0.685,2026-08-18
HELP,0.6,11.67,994054,1732405,11.6,25.77,0.5,-0.1,1.0,강한매수,양봉스프링,완만한상승,0.84,2.81,2026-08-18
HLLY,0.6,3.09,642596,1127669,1.99,3.85,0.5,-1.3,2.7,매수관심,장대양봉,잔구간,0.73,1.14,2026-08-18
HNST,0.6,4.75,1634077,2663383,7.76,24.51,0.3,-0.6,1.7,중립,양봉,잔구간,0.65,0.44,2026-08-18
NRGV,0.6,3.65,4278816,7038240,15.62,25.64,0.6,-4.7,0.3,중립,팽이도지,잔구간,0.36,-0.085,2026-08-18
NTHI,0.6,5.53,319746,517719,1.77,1.56,1.1,-0.8,13.6,강한매수,장대양봉,전고점돌파,0.7,3.74,2026-08-18
GTE,0.6,9.5,553329,910072,5.26,29.76,0.2,0.4,0.8,매수관심,양봉,완만한상승,0.69,1.83,2026-08-18
OSG,0.6,4.59,343176,608264,1.58,2.93,0.5,0.2,-0.6,중립,팽이도지,잔구간,0.37,-0.08,2026-08-18
ASTN,0.6,4.49,1045732,1630032,4.7,7.98,0.6,10.0,1.8,매수관심,양봉,완만한상승,0.68,1.82,2026-08-18
AVEX,0.6,19.91,1051863,1842992,20.94,34.8,0.6,-3.6,2.1,중립,위꼬리양봉,수횡파,0.33,-0.6,2026-08-18
GNL,0.6,8.84,2116823,3804081,18.71,33.93,0.6,0.6,-0.2,중립,팽이도지,완만한상승,0.35,0.72,2026-08-18
GOGO,0.6,2.62,1236334,2010967,3.24,6.68,0.5,-1.5,-1.5,중립,음봉,전저점부근,0.11,-0.42,2026-08-18
GSBD,0.6,9.8,616668,1036943,6.04,11.12,0.5,0.1,0.1,중립,팽이도지,잔구간,0.54,0.025,2026-08-18
ERAS,0.6,18.1,1922595,3015579,34.8,56.18,0.6,-0.5,-0.5,중립,팽이도지,잔구간,0.29,-0.125,2026-08-18
TMQ,0.6,3.59,774385,1247057,2.78,5.25,0.5,-1.9,-1.6,매도주의,음봉,전저점이탈,0.31,-1.68,2026-08-18
TSHA,0.6,6.19,1631644,2645783,10.1,18.04,0.6,-2.1,1.8,중립,양봉,잔구간,0.65,0.44,2026-08-18
IMRX,0.6,5.03,512524,804915,2.58,3.6,0.7,-1.5,-2.1,중립,음봉,잔구간,0.29,-0.475,2026-08-18
JBS,0.6,13.66,4883382,7812181,66.71,86.94,0.8,0.4,1.2,매수관심,양봉,완만한상승,0.81,1.97,2026-08-18
INTR,0.6,5.09,3034819,5251329,15.45,40.27,0.4,-1.5,-2.3,중립,음봉,잔구간,0.04,-0.625,2026-08-18
JACK,0.6,16.73,786334,1222996,13.16,19.65,0.7,-0.4,-1.7,중립,음봉,전저점부근,0.34,-0.14,2026-08-18
KVYO,0.6,17.81,5157352,8185134,91.85,160.37,0.6,1.4,0.2,중립,위꼬리양봉,완만한상승,0.06,-0.63,2026-08-18
LUNR,0.6,19.31,9469271,16215495,182.85,234.6,0.8,-5.3,0.0,중립,위꼬리양봉,잔구간,0.07,-0.76,2026-08-18
ONDL,0.6,8.88,1258870,1976033,11.18,19.87,0.6,-9.9,12.3,강한매수,장대양봉,완만한상승,0.67,3.1,2026-08-18
BOBS,0.5,18.39,470004,995075,8.64,25.22,0.3,-0.8,1.1,중립,위꼬리양봉,완만한상승,0.31,-0.33,2026-08-18
FIGS,0.5,14.16,1411452,2604704,19.99,51.96,0.4,-0.6,-0.6,매도주의,위꼬리음봉,잔구간,0.05,-1.02,2026-08-18
FATE,0.5,2.56,942751,1972417,2.41,7.38,0.3,-1.1,-1.2,중립,음봉,잔구간,0.27,-0.49,2026-08-18
STDN,0.5,12.2,536829,1012759,6.55,10.05,0.7,0.0,-8.3,매도주의,장대음봉,잔구간,0.27,-1.14,2026-08-18
SLN,0.5,14.1,1487596,3051858,20.98,45.51,0.5,-1.3,-0.5,중립,팽이도지,잔구간,0.63,0.08,2026-08-18
DPRO,0.5,4.46,509831,1035672,2.27,4.05,0.6,-3.6,-1.1,매도주의,위꼬리음봉,잔구간,0.04,-1.025,2026-08-18
FGI,0.5,9.35,432050,925976,4.04,124.01,0.0,-2.2,5.3,중립,위꼬리양봉,완만한상승,0.25,-0.4,2026-08-18
CGBD,0.5,11.21,385930,707256,4.33,7.34,0.6,-0.4,-0.1,중립,망치형,잔구간,0.69,0.615,2026-08-18
SPCE,0.5,3.19,6201770,12615303,19.78,33.95,0.6,-3.2,5.3,강한매수,장대양봉,완만한상승,0.95,3.44,2026-08-18
SMCX,0.5,12.34,5958487,12592192,73.53,121.48,0.6,-5.6,1.1,중립,팽이도지,잔구간,0.61,0.065,2026-08-18
ABX,0.5,9.01,360953,796627,3.25,6.71,0.5,-1.0,-0.2,매도주의,위꼬리음봉,잔구간,0.0,-1.05,2026-08-18
LFTO,0.5,19.66,688883,1375194,13.54,29.71,0.5,-0.1,0.8,중립,위꼬리양봉,잔구간,0.23,-0.66,2026-08-18
LOFF,0.5,15.77,2390697,4382916,37.7,73.8,0.5,-7.9,3.8,중립,양봉,잔구간,0.53,0.37,2026-08-18
CMRC,0.5,2.07,560192,1156237,1.16,3.99,0.3,1.9,-1.4,중립,음봉,잔구간,0.53,-0.33,2026-08-18
AKBA,0.5,0.852,1955461,4178335,1.67,5.98,0.3,-0.4,-0.6,중립,망치형,잔구간,0.56,0.535,2026-08-18
SPCF,0.5,15.75,3091451,5805737,48.69,91.73,0.5,-7.7,3.7,중립,양봉,잔구간,0.54,0.375,2026-08-18
CLNE,0.5,1.605,1206149,2603270,1.94,4.38,0.4,0.3,-3.3,매도주의,장대음봉,잔구간,0.07,-1.26,2026-08-18
RKLZ,0.5,2.97,4910929,9617953,14.59,28.41,0.5,8.7,-1.3,매수관심,팽이도지,완만한상승,0.44,0.83,2026-08-18
CC,0.5,15.42,1912530,3492725,29.49,62.88,0.5,-1.5,-0.4,중립,망치형,잔구간,0.75,0.65,2026-08-18
SRAD,0.5,12.86,1251710,2304389,16.1,41.46,0.4,0.5,-2.6,매도주의,장대음봉,잔구간,0.0,-1.3,2026-08-18
SSP,0.5,3.3,306166,632223,1.01,2.77,0.4,0.3,0.9,중립,위꼬리양봉,완만한상승,0.37,-0.26,2026-08-18
RLMD,0.5,4.85,751699,1456660,3.65,6.74,0.5,-0.4,2.1,강한매수,장대양봉,완만한상승,0.93,3.42,2026-08-18
SPCG,0.5,17.61,1766028,3217151,31.1,64.99,0.5,7.6,-3.2,중립,음봉,완만한상승,0.43,0.12,2026-08-18
ZTG,0.5,1.94,987460,1818984,1.92,15.94,0.1,-18.0,-27.6,매도주의,장대음봉,전저점부근,0.03,-1.81,2026-08-18
ABCL,0.5,11.12,8201820,16612863,91.2,136.65,0.7,-3.6,3.0,중립,양봉,잔구간,0.52,0.36,2026-08-18
ARKO,0.5,4.72,958948,1889880,4.53,8.56,0.5,0.0,-2.9,중립,음봉,잔구간,0.24,-0.505,2026-08-18
APPX,0.5,12.55,1093991,2265672,13.73,39.62,0.3,-2.2,-0.9,매도주의,위꼬리음봉,잔구간,0.02,-1.04,2026-08-18
LUNL,0.5,6.81,1208359,2242322,8.23,12.6,0.7,-9.7,-0.7,매도주의,위꼬리음봉,잔구간,0.07,-1.01,2026-08-18
IFRX,0.5,2.18,556583,1184465,1.21,1.98,0.6,-1.0,6.3,강한매수,장대양봉,전고점돌파,1.0,4.1,2026-08-18
KULR,0.5,2.57,634859,1241407,1.63,3.79,0.4,-3.4,1.6,중립,양봉,잔구간,0.73,0.49,2026-08-18
ABEV,0.5,2.78,12823134,25286107,35.65,93.27,0.4,0.4,-0.4,매도주의,위꼬리음봉,잔구간,0.2,-0.93,2026-08-18
BGS,0.5,3.45,1287723,2680587,4.44,9.98,0.4,0.6,-0.6,중립,음봉,완만한상승,0.17,-0.2,2026-08-18
AVPT,0.5,13.32,1013031,1866528,13.49,28.88,0.5,0.7,-0.1,매도주의,위꼬리음봉,완만한상승,0.24,-0.91,2026-08-18
KRP,0.5,14.91,677569,1344560,10.1,18.57,0.5,0.1,-0.5,중립,음봉,잔구간,0.51,-0.345,2026-08-18
NIQ,0.5,17.32,1008155,2090805,17.46,39.69,0.4,1.2,-0.8,중립,음봉,완만한상승,0.13,-0.24,2026-08-18
TJGC,0.5,4.45,883259,1884169,3.93,7.12,0.6,-2.7,14.1,강한매수,양봉,전고점돌파,0.53,2.24,2026-08-18
FTRE,0.5,17.6,682076,1241078,12.0,27.49,0.4,-1.7,-1.1,중립,음봉,잔구간,0.28,-0.48,2026-08-18
ACDC,0.5,5.09,995678,1961092,5.07,11.95,0.4,1.1,-4.7,매도주의,장대음봉,잔구간,0.18,-1.19,2026-08-18
GCTS,0.5,1.93,1900268,3518540,3.67,6.92,0.5,-4.8,-3.0,중립,음봉,전저점부근,0.08,-0.45,2026-08-18
EMBC,0.5,5.1,1109457,2057516,5.66,10.64,0.5,0.0,-0.6,매도주의,위꼬리음봉,잔구간,0.11,-0.985,2026-08-18
EBS,0.5,4.66,746278,1579739,3.48,9.66,0.4,-0.9,4.5,매수관심,장대양봉,잔구간,0.95,1.27,2026-08-18
RMAX,0.5,13.61,402140,817947,5.47,9.18,0.6,-2.0,8.4,강한매수,장대양봉,전고점돌파,0.87,3.94,2026-08-18
SVM,0.5,11.54,1727455,3497002,19.93,37.94,0.5,-2.3,-0.9,중립,음봉,잔구간,0.32,-0.46,2026-08-18
DJT,0.5,8.06,2709688,5076253,21.84,42.58,0.5,-1.2,0.8,중립,양봉,잔구간,0.36,0.265,2026-08-18
RUM,0.5,8.1,3130383,6071008,25.36,31.16,0.8,-3.5,1.9,중립,팽이도지,잔구간,0.62,0.07,2026-08-18
CADL,0.5,12.05,786870,1724116,9.48,14.79,0.6,-1.1,0.2,중립,팽이도지,잔구간,0.74,0.145,2026-08-18
RPAY,0.5,3.67,347783,671959,1.28,2.02,0.6,0.0,4.6,매수관심,장대양봉,잔구간,0.77,1.16,2026-08-18
TIC,0.5,9.3,1241700,2418853,11.55,30.6,0.4,0.4,-3.6,매도주의,장대음봉,잔구간,0.04,-1.275,2026-08-18
GERN,0.5,1.53,4242479,9307330,6.49,19.85,0.3,-0.7,0.7,중립,위꼬리양봉,완만한상승,0.41,-0.21,2026-08-18
TGB,0.5,8.36,3231103,6485649,27.01,56.26,0.5,-2.5,-2.2,중립,음봉,잔구간,0.27,-0.49,2026-08-18
REPL,0.5,15.58,2245162,4251024,34.98,75.93,0.5,-0.2,6.7,강한매수,장대양봉,전고점부근,0.97,2.11,2026-08-18
PEB,0.5,18.3,1109763,2030021,20.31,40.49,0.5,0.0,0.9,매수관심,양봉,완만한상승,0.76,1.91,2026-08-18
GENI,0.5,7.49,2710966,5276474,20.31,67.34,0.3,-0.1,-3.4,매도주의,장대음봉,잔구간,0.03,-1.28,2026-08-18
TIGR,0.5,4.78,1202674,2587227,5.75,9.96,0.6,-0.8,-0.4,중립,망치형,잔구간,0.61,0.565,2026-08-18
BCRX,0.5,9.7,2122109,3941376,20.58,39.61,0.5,-0.5,-1.9,중립,음봉,잔구간,0.39,-0.415,2026-08-18
ZENA,0.5,2.04,4543561,8290701,9.27,19.66,0.5,-5.1,4.9,중립,양봉,잔구간,0.4,0.29,2026-08-18
AIOT,0.5,2.99,1933691,3628100,5.78,11.89,0.5,-0.7,4.5,매수관심,장대양봉,잔구간,0.7,1.12,2026-08-18
ORCU,0.5,7.4,2850079,5539743,21.09,45.62,0.5,-4.8,-0.8,강한매도,위꼬리음봉,전저점이탈,0.07,-2.77,2026-08-18
OPFI,0.5,7.0,594181,1186612,4.16,12.03,0.3,-0.3,0.0,중립,위꼬리양봉,잔구간,0.15,-0.71,2026-08-18
TTDU,0.5,1.28,1292393,2687918,1.65,7.31,0.2,0.8,-0.8,매도주의,위꼬리음봉,잔구간,0.24,-0.905,2026-08-18
UPWK,0.5,8.49,3375571,6536809,28.66,48.91,0.6,1.1,2.5,강한매수,장대양봉,완만한상승,0.86,3.33,2026-08-18
OMER,0.4,17.19,1234652,3025328,21.22,49.56,0.4,-1.9,1.0,중립,양봉,잔구간,0.74,0.495,2026-08-18
UWMC,0.4,1.44,9476951,26291817,13.65,48.81,0.3,-0.7,-2.7,중립,음봉,잔구간,0.25,-0.5,2026-08-18
VREX,0.4,18.46,642496,1656464,11.86,41.83,0.3,0.1,-0.1,매도주의,음봉,전고점부근,0.2,-1.51,2026-08-18
ACB,0.4,3.67,987407,2455907,3.62,8.99,0.4,1.4,0.5,중립,위꼬리양봉,잔구간,0.4,-0.56,2026-08-18
XPOF,0.4,5.07,332962,871789,1.69,9.0,0.2,-0.4,0.0,중립,팽이도지,수횡파,0.4,0.48,2026-08-18
STIM,0.4,3.15,1473242,3777725,4.64,15.28,0.3,-1.5,-2.2,중립,음봉,잔구간,0.24,-0.505,2026-08-18
CURI,0.4,2.86,1485401,3569886,4.25,11.96,0.4,-3.4,0.4,매수관심,양봉스프링,잔구간,0.94,1.015,2026-08-18
CVRX,0.4,2.75,639087,1635043,1.76,6.99,0.3,0.7,-0.7,매도주의,위꼬리음봉,완만한상승,0.16,-1.01,2026-08-18
SPAL,0.4,15.96,901940,2232825,14.39,39.15,0.4,-7.5,4.0,중립,양봉,잔구간,0.58,0.4,2026-08-18
CYCU,0.4,0.732,3670514,8873661,2.69,13.12,0.2,-4.0,4.2,매수관심,양봉,완만한상승,0.62,1.74,2026-08-18
MLTX,0.4,16.34,825733,2125671,13.49,28.03,0.5,0.1,-0.1,중립,팽이도지,잔구간,0.39,-0.065,2026-08-18
RPC,0.4,8.52,335975,801847,2.86,6.56,0.4,-0.2,0.1,중립,팽이도지,잔구간,0.74,0.145,2026-08-18
ERIC,0.4,10.09,4066095,9446395,41.03,100.08,0.4,-0.3,-0.5,중립,음봉,잔구간,0.07,-0.61,2026-08-18
ONFO,0.4,2.16,806747,2255457,1.74,28.7,0.1,-8.9,0.9,중립,팽이도지,전저점부근,0.42,0.65,2026-08-18
UTZ,0.4,14.16,633909,1668916,8.98,29.95,0.3,0.1,-0.1,중립,음봉,완만한상승,0.5,0.2,2026-08-18
SION,0.3,5.94,2057574,7461975,12.22,53.94,0.2,-2.7,3.3,강한매수,양봉,완만한상승,0.89,2.07,2026-08-18
SMCL,0.3,17.19,607233,2039196,10.44,23.29,0.4,-5.6,1.2,중립,팽이도지,잔구간,0.62,0.07,2026-08-18
XFOR,0.3,4.21,362085,1060472,1.52,3.84,0.4,-0.7,-1.4,중립,음봉,잔구간,0.37,-0.43,2026-08-18
PYXS,0.3,2.99,353483,1133289,1.06,6.68,0.2,0.3,-1.3,매도주의,위꼬리음봉,잔구간,0.13,-0.97,2026-08-18
EVTL,0.3,0.776,3806672,13129397,2.95,14.44,0.2,-3.9,0.7,중립,위꼬리양봉,잔구간,0.11,-0.735,2026-08-18
BRNX,0.2,2.65,425752,2020644,1.13,6.32,0.2,-1.3,-12.0,중립,무참고,정보부족,,0.0,2026-08-18
DFSC,0.2,2.07,918905,5041781,1.9,36.65,0.1,9.7,-12.7,매도주의,장대음봉,잔구간,0.15,-1.21,2026-08-18
OFAL,0.2,1.04,1123926,6643467,1.17,28.97,0.0,0.0,-5.5,매도주의,위꼬리음봉,잔구간,0.12,-0.98,2026-08-18
BOXL,0.2,7.57,468753,3061644,3.55,58.19,0.1,-2.8,7.8,매수관심,양봉,완만한상승,0.34,1.41,2026-08-18
HTZ,0.2,2.08,18894333,77028669,39.3,201.15,0.2,-2.1,-1.7,중립,음봉,잔구간,0.4,-0.41,2026-08-18
XHLD,0.1,6.59,474209,3401623,3.13,56.32,0.1,-4.9,-5.9,중립,음봉,잔구간,0.45,-0.38,2026-08-18
