ticker,ratio,latest_close,latest_volume,baseline_volume,dollar_volume_M,avg_dollar_vol_10d_M,dollar_surge_x,signal_gap_%,intraday_chg_%,candle_signal,candle_shape,candle_pos,close_pos,candle_score,latest_date
VCIG,201.6,2.8,22295846,110619,62.43,0.42,147.5,38.4,-28.8,매도주의,장대음봉,잔구간,0.22,-1.17,2026-08-26
XPON,154.7,9.17,36813364,238005,337.58,64.24,5.3,21.4,43.3,중립,양봉,전고점부근,0.52,0.27,2026-08-26
MERC,147.9,0.413,56036557,378841,23.14,0.18,130.7,-1.5,-1.7,중립,팽이도지,잔구간,0.28,-0.13,2026-08-26
YYGH,145.3,2.12,86907696,597997,184.24,4.41,41.8,66.5,10.7,강한매수,양봉,전고점돌파,0.92,2.7,2026-08-26
VNRX,112.1,0.339,62421511,556960,21.17,0.44,48.2,17.0,-24.6,강한매도,장대음봉,전저점이탈,0.09,-3.24,2026-08-26
SBFM,81.8,1.24,9362445,114405,11.61,0.2,57.1,14.0,-4.6,강한매수,망치형,전고점돌파,0.77,2.82,2026-08-26
ZCMD,64.9,0.805,33055919,509459,26.62,1.57,17.0,9.8,0.8,중립,팽이도지,잔구간,0.39,-0.065,2026-08-26
NUWE,58.1,1.01,24386885,419565,24.63,0.52,47.6,8.9,-3.3,중립,음봉,잔구간,0.23,-0.51,2026-08-26
RDGT,50.0,1.03,4887998,97764,5.03,0.16,31.4,-2.2,28.0,강한매수,장대양봉,전고점돌파,0.82,3.88,2026-08-26
MSS,49.1,1.63,39342244,801133,64.13,12.7,5.1,38.2,-20.3,중립,음봉,완만한상승,0.09,-0.29,2026-08-26
MEDS,41.8,1.335,2800834,66950,3.74,0.22,17.2,-0.7,-1.1,중립,망치형,잔구간,0.7,0.62,2026-08-26
GCDT,35.4,0.417,3274662,92423,1.37,0.53,2.6,1.7,8.6,중립,양봉,잔구간,0.45,0.32,2026-08-26
DAIC,28.0,5.15,52229811,1862960,268.98,74.22,3.6,60.1,-17.1,매도주의,음봉,전고점부근,0.37,-1.31,2026-08-26
NEXR,27.3,2.01,3232606,118232,6.5,0.89,7.3,-18.1,-9.0,강한매도,장대음봉,전저점이탈,0.04,-3.3,2026-08-26
MWYN,26.4,1.33,1448051,54802,1.93,0.12,16.0,1.8,18.7,강한매수,장대양봉,전고점돌파,0.89,3.97,2026-08-26
LUCY,25.2,1.13,5199035,206116,5.87,22.71,0.3,0.9,4.6,중립,위꼬리양봉,완만한상승,0.29,-0.35,2026-08-26
RPGL,20.6,2.32,2543952,123778,5.9,1.51,3.9,11.8,4.5,강한매수,양봉스프링,완만한상승,0.87,2.84,2026-08-26
NCPL,20.3,0.501,13370667,659781,6.7,29.58,0.2,-26.4,17.3,중립,양봉,잔구간,0.54,0.375,2026-08-26
BDRX,16.5,0.977,1066954,64678,1.04,2.15,0.5,-9.3,-8.7,강한매도,장대음봉,전저점이탈,0.32,-2.97,2026-08-26
SMTK,14.3,4.22,5350251,374330,22.58,1.96,11.5,20.3,-5.2,중립,팽이도지,잔구간,0.39,-0.065,2026-08-26
TNMG,13.9,0.58,2850756,204838,1.65,11.33,0.1,-4.7,6.7,매수관심,양봉,완만한상승,0.59,1.71,2026-08-26
GRML,12.1,5.04,2782123,230810,14.02,5.04,2.8,-44.4,-6.7,매도주의,음봉,전저점이탈,0.06,-1.98,2026-08-26
AIHS,11.1,1.76,733799,65981,1.29,0.21,6.2,6.5,6.7,강한매수,양봉,전고점돌파,0.51,2.21,2026-08-26
ACTU,10.9,1.78,3304333,301866,5.88,0.37,15.9,9.5,2.9,매수관심,팽이도지,전고점돌파,0.53,1.54,2026-08-26
AXG,10.3,2.37,930655,90587,2.21,0.43,5.1,-1.3,2.6,매수관심,장대양봉,잔구간,0.86,1.215,2026-08-26
DDC,10.1,0.581,6235661,616087,3.62,0.47,7.7,-2.0,-15.0,매도주의,장대음봉,잔구간,0.21,-1.175,2026-08-26
AMIX,10.0,6.38,1438930,143399,9.18,29.9,0.3,-5.0,-6.6,중립,음봉,잔구간,0.07,-0.61,2026-08-26
JEM,9.3,5.67,501507,53784,2.84,13.92,0.2,-23.0,8.4,매수관심,장대양봉,잔구간,0.73,1.14,2026-08-26
OLOX,9.2,1.48,10973299,1197961,16.24,4.43,3.7,4.4,-4.5,매도주의,위꼬리음봉,잔구간,0.06,-1.015,2026-08-26
AIXI,9.0,0.805,17481388,1945520,14.07,34.96,0.4,-14.9,-27.8,매도주의,장대음봉,잔구간,0.11,-1.235,2026-08-26
TRUG,8.9,0.66,16205317,1830477,10.7,16.01,0.7,15.8,-2.6,중립,망치형,잔구간,0.75,0.65,2026-08-26
FXHO,8.1,9.65,575396,71017,5.55,3.2,1.7,2.9,0.3,중립,팽이도지,잔구간,0.58,0.05,2026-08-26
LBGJ,7.9,3.22,1422393,180725,4.58,4.8,1.0,11.5,-2.1,매도주의,위꼬리음봉,잔구간,0.15,-0.96,2026-08-26
BHVN,7.8,16.95,15767953,2025602,267.27,30.59,8.7,-1.0,19.0,강한매수,양봉,전고점돌파,0.75,2.5,2026-08-26
PRZO,7.5,0.801,5732150,760486,4.59,6.44,0.7,-3.7,1.3,중립,위꼬리양봉,잔구간,0.14,-0.715,2026-08-26
EWAV,7.4,9.87,425400,57830,4.2,2.65,1.6,-0.1,0.2,강한매수,장대양봉,완만한상승,1.0,3.5,2026-08-26
ENGS,7.4,2.93,1109120,148917,3.25,3.21,1.0,-0.7,1.0,중립,위꼬리양봉,완만한상승,0.3,-0.34,2026-08-26
DFNS,7.0,11.875,1671334,237113,19.85,25.41,0.8,-6.7,-2.3,중립,음봉,잔구간,0.34,-0.445,2026-08-26
NWGL,6.8,0.847,4458287,657782,3.78,0.45,8.3,-0.3,26.6,강한매수,양봉,전고점돌파,0.61,2.33,2026-08-26
BAK,6.7,1.48,11631850,1741237,17.22,4.64,3.7,-4.9,-4.5,매도주의,음봉,전저점이탈,0.53,-1.41,2026-08-26
LEG,6.2,9.2,13663087,2197393,125.7,18.04,7.0,0.1,-1.4,매도주의,음봉,전저점이탈,0.17,-1.85,2026-08-26
IVOL,5.5,17.42,957209,174815,16.67,3.82,4.4,-0.5,0.1,매수관심,양봉스프링,잔구간,1.0,1.05,2026-08-26
BRLS,5.4,1.25,1874262,347173,2.34,8.52,0.3,-3.1,0.8,중립,위꼬리양봉,잔구간,0.25,-0.65,2026-08-26
REF,5.3,13.68,1247870,233437,17.07,3.53,4.8,-0.6,3.3,중립,양봉,잔구간,0.73,0.49,2026-08-26
METD,5.2,16.61,1345862,258702,22.35,5.41,4.1,-3.3,2.3,중립,양봉,잔구간,0.55,0.38,2026-08-26
DOMO,5.2,3.78,2850606,549680,10.78,2.58,4.2,-1.3,3.0,매수관심,장대양봉,잔구간,0.62,1.07,2026-08-26
NVDG,5.1,18.015,581251,114492,10.47,2.59,4.0,-0.4,-2.8,매도주의,장대음봉,잔구간,0.04,-1.275,2026-08-26
MTEN,5.1,1.14,1802006,350388,2.05,0.75,2.7,4.9,6.5,매수관심,양봉,완만한상승,0.56,1.67,2026-08-26
SHMD,5.0,3.17,2677266,538459,8.49,3.31,2.6,-1.2,-6.2,매도주의,음봉,전저점이탈,0.53,-1.41,2026-08-26
IVF,4.6,1.06,3547365,769218,3.76,19.34,0.2,0.9,-0.9,매도주의,위꼬리음봉,잔구간,0.17,-0.95,2026-08-26
AZIO,4.5,1.17,1498092,334210,1.75,0.52,3.4,0.8,-2.5,중립,팽이도지,잔구간,0.5,0.0,2026-08-26
BZ,4.5,18.84,25679474,5722210,483.8,95.15,5.1,2.9,12.3,강한매수,장대양봉,전고점돌파,0.82,3.88,2026-08-26
QFIN,4.4,9.35,11288175,2546938,105.54,32.75,3.2,-15.4,-4.2,매도주의,음봉,전저점이탈,0.11,-1.92,2026-08-26
ERIC,4.4,10.06,19806256,4499900,199.25,59.9,3.3,-1.3,-1.9,강한매도,장대음봉,전저점이탈,0.34,-2.94,2026-08-26
CMMB,4.3,2.59,421374,98774,1.09,0.14,7.7,2.6,9.7,강한매수,장대양봉,전고점돌파,0.82,3.88,2026-08-26
RZLV,4.3,2.91,31496007,7385210,91.65,47.81,1.9,-2.7,1.0,중립,위꼬리양봉,잔구간,0.38,-0.57,2026-08-26
CYCU,4.3,0.459,11326873,2638431,5.19,10.35,0.5,-0.7,-29.0,강한매도,장대음봉,전저점이탈,0.23,-3.07,2026-08-26
GIPR,4.0,0.483,2492065,621860,1.2,24.06,0.1,-1.2,-8.0,중립,음봉,잔구간,0.54,-0.325,2026-08-26
FTCI,4.0,2.29,688092,171014,1.58,0.46,3.5,6.5,8.0,매수관심,장대양봉,잔구간,0.95,1.27,2026-08-26
JKS,3.8,13.66,2091968,555026,28.58,7.98,3.6,-4.6,-7.6,강한매도,장대음봉,전저점이탈,0.34,-2.94,2026-08-26
FINV,3.7,4.21,1911825,515886,8.05,2.49,3.2,-2.5,-1.2,매도주의,음봉,전저점이탈,0.12,-1.91,2026-08-26
BMEA,3.7,1.71,3218753,865858,5.5,3.21,1.7,1.4,-2.6,중립,팽이도지,잔구간,0.33,-0.1,2026-08-26
CRMX,3.5,6.68,609115,175213,4.07,1.34,3.0,-5.1,1.7,중립,위꼬리양봉,잔구간,0.15,-0.71,2026-08-26
ONL,3.5,2.81,755342,214047,2.12,0.63,3.4,-0.7,-3.8,매도주의,장대음봉,잔구간,0.25,-1.15,2026-08-26
NERV,3.4,5.43,383961,113126,2.08,1.68,1.2,0.2,8.4,강한매수,장대양봉,전고점돌파,0.69,3.73,2026-08-26
FRTT,3.4,1.08,1102422,321009,1.19,0.99,1.2,3.7,-2.7,중립,음봉,잔구간,0.5,-0.35,2026-08-26
CRMG,3.4,6.71,6276968,1855853,42.12,15.71,2.7,-6.4,7.2,강한매수,장대양봉,완만한상승,0.97,3.46,2026-08-26
KSS,3.3,17.94,12994738,3982032,233.13,78.34,3.0,-5.9,7.8,강한매수,양봉,완만한상승,0.87,2.04,2026-08-26
GENB,3.3,16.14,3850038,1171546,62.14,23.7,2.6,-1.9,-19.3,매도주의,장대음봉,잔구간,0.05,-1.27,2026-08-26
EXYN,3.2,4.0,3241418,1001971,12.97,5.05,2.6,6.2,17.0,강한매수,양봉,전고점돌파,0.73,2.48,2026-08-26
ERY,3.2,9.38,5815057,1827891,54.55,19.12,2.9,1.8,-2.9,중립,음봉,잔구간,0.35,-0.44,2026-08-26
KLXE,3.2,1.55,806055,250222,1.25,0.82,1.5,0.0,4.7,매수관심,장대양봉,잔구간,0.8,1.18,2026-08-26
LX,3.1,1.18,4709047,1520451,5.56,2.57,2.2,-0.8,-8.5,강한매도,장대음봉,전저점이탈,0.08,-3.25,2026-08-26
AIV,3.1,2.53,2230016,713800,5.64,1.91,3.0,-0.4,-1.6,강한매도,장대음봉,전저점이탈,0.17,-3.15,2026-08-26
LTRX,3.1,5.66,2286749,731027,12.94,4.89,2.6,0.3,-3.7,매도주의,장대음봉,잔구간,0.3,-1.12,2026-08-26
ELME,3.1,1.67,1216048,393278,2.03,0.73,2.8,-0.6,-0.6,중립,음봉,잔구간,0.0,-0.65,2026-08-26
IFRX,3.0,2.42,1714705,572160,4.15,2.67,1.6,-0.4,-1.2,중립,팽이도지,잔구간,0.53,0.02,2026-08-26
WBTN,3.0,10.47,1089207,367030,11.4,3.75,3.0,0.0,10.8,강한매수,양봉,전고점돌파,0.64,2.37,2026-08-26
ERAS,3.0,19.15,7691202,2554274,147.29,47.04,3.1,-1.1,9.0,강한매수,장대양봉,전고점돌파,0.85,3.92,2026-08-26
HCWC,2.9,0.305,3521040,1227565,1.08,2.07,0.5,7.3,-2.2,중립,음봉,완만한상승,0.27,-0.08,2026-08-26
CRDL,2.9,2.14,4532755,1561910,9.7,2.91,3.3,1.5,5.4,강한매수,양봉,전고점돌파,0.49,2.19,2026-08-26
DAPP,2.9,19.68,1722757,591702,33.9,13.77,2.5,-2.0,-0.9,중립,음봉,잔구간,0.3,-0.47,2026-08-26
ADVB,2.9,9.24,570869,193804,5.27,2.38,2.2,-2.0,2.7,중립,팽이도지,잔구간,0.5,0.0,2026-08-26
LVWR,2.9,1.37,1092249,378067,1.5,0.75,2.0,4.1,7.0,강한매수,양봉,전고점돌파,0.67,2.4,2026-08-26
BPRE,2.8,11.87,1642435,594456,19.5,8.9,2.2,-0.1,-1.8,매도주의,음봉,전저점이탈,0.26,-1.74,2026-08-26
CRMU,2.8,2.87,882873,311608,2.53,0.73,3.5,-1.0,-1.4,매도주의,위꼬리음봉,잔구간,0.17,-0.95,2026-08-26
MATV,2.7,12.33,1313883,486485,16.2,6.5,2.5,-0.2,0.0,중립,팽이도지,잔구간,0.38,-0.07,2026-08-26
OKLL,2.7,2.61,22715713,8370371,59.29,31.85,1.9,1.3,-13.3,중립,음봉,잔구간,0.09,-0.595,2026-08-26
OWLT,2.7,5.16,563192,206902,2.91,1.62,1.8,-1.0,0.2,중립,팽이도지,잔구간,0.66,0.095,2026-08-26
RXST,2.7,6.38,1720603,642765,10.98,4.57,2.4,-0.6,0.3,중립,팽이도지,잔구간,0.46,-0.025,2026-08-26
ENGN,2.7,1.95,1831085,666721,3.57,1.39,2.6,0.0,4.3,강한매수,장대양봉,전고점돌파,1.0,4.1,2026-08-26
BSM,2.6,14.8,674342,262568,9.98,5.66,1.8,0.0,-0.6,매도주의,위꼬리음봉,잔구간,0.05,-1.02,2026-08-26
NVDX,2.6,17.92,9916179,3841997,177.7,89.49,2.0,-0.7,-2.3,중립,음봉,잔구간,0.13,-0.57,2026-08-26
MOBI,2.6,11.65,315878,122405,3.68,1.57,2.3,-1.1,10.8,매수관심,장대양봉,잔구간,0.75,1.15,2026-08-26
TARA,2.5,3.91,763153,304354,2.98,1.25,2.4,-0.3,-1.3,중립,음봉,잔구간,0.18,-0.54,2026-08-26
GDRX,2.5,3.65,3535665,1433458,12.91,6.25,2.1,-1.0,6.1,매수관심,장대양봉,잔구간,0.95,1.27,2026-08-26
SNOY,2.5,11.17,435443,176618,4.86,2.28,2.1,-1.2,1.7,매수관심,장대양봉,잔구간,1.0,1.3,2026-08-26
CISS,2.5,2.93,843441,335767,2.47,3.07,0.8,11.2,-1.3,매수관심,팽이도지,완만한상승,0.6,1.02,2026-08-26
BBWI,2.5,18.9,16379273,6666493,309.57,129.67,2.4,3.9,3.5,중립,양봉,잔구간,0.86,0.565,2026-08-26
ARMG,2.4,17.29,1209562,509373,20.91,14.7,1.4,-1.9,9.9,매수관심,장대양봉,잔구간,0.88,1.23,2026-08-26
QBTX,2.4,6.68,4199574,1747982,28.05,13.99,2.0,-6.0,-13.2,강한매도,장대음봉,전저점이탈,0.06,-3.28,2026-08-26
CDTG,2.4,1.15,32111726,13387130,36.93,30.92,1.2,19.4,-1.7,매도주의,위꼬리음봉,전저점부근,0.08,-1.25,2026-08-26
KYIV,2.4,13.61,564849,236957,7.69,2.9,2.6,0.0,-1.9,중립,음봉,잔구간,0.36,-0.435,2026-08-26
PLX,2.3,2.48,1023782,443587,2.54,2.11,1.2,-0.4,3.8,강한매수,장대양봉,전고점돌파,1.0,4.1,2026-08-26
AVXL,2.3,3.24,1180598,518982,3.83,2.58,1.5,-1.7,-7.4,매도주의,장대음봉,잔구간,0.06,-1.265,2026-08-26
PERI,2.3,9.52,532557,228813,5.07,2.65,1.9,-0.1,-2.8,중립,음봉,잔구간,0.38,-0.42,2026-08-26
CBRX,2.3,8.99,1413949,620324,12.71,7.37,1.7,-3.3,1.6,강한매수,양봉스프링,전저점부근,0.75,3.55,2026-08-26
USGG,2.3,7.64,796612,346813,6.09,3.02,2.0,1.4,-6.8,중립,음봉,잔구간,0.11,-0.585,2026-08-26
GRRR,2.3,15.45,2005899,873523,30.99,17.99,1.7,-0.1,10.1,강한매수,장대양봉,완만한상승,0.73,3.18,2026-08-26
OFAL,2.3,0.937,1085195,473244,1.02,36.51,0.0,-8.5,-2.4,중립,음봉,잔구간,0.3,-0.47,2026-08-26
TV,2.3,2.88,1789740,783542,5.15,1.93,2.7,-0.4,4.7,매수관심,장대양봉,잔구간,0.9,1.24,2026-08-26
BSIN,2.3,1.58,2080399,913161,3.29,1.4,2.3,0.0,6.8,강한매수,장대양봉,전고점돌파,0.96,4.05,2026-08-26
CAMP,2.3,4.2,364503,156489,1.53,1.29,1.2,0.0,-5.6,매도주의,음봉,전저점이탈,0.31,-1.68,2026-08-26
XRPI,2.2,7.52,1108628,511457,8.34,2.82,3.0,-6.4,0.0,중립,팽이도지,잔구간,0.45,-0.03,2026-08-26
LGHL,2.2,0.557,10379975,4799188,5.78,6.88,0.8,0.0,1.4,중립,팽이도지,잔구간,0.43,-0.04,2026-08-26
EMPD,2.2,3.08,462099,210126,1.42,1.47,1.0,-2.7,8.1,강한매수,장대양봉,전고점부근,0.9,2.03,2026-08-26
SMU,2.2,6.18,2598076,1198878,16.06,8.28,1.9,1.1,-11.6,중립,음봉,잔구간,0.17,-0.55,2026-08-26
GANX,2.2,1.81,723423,333737,1.31,0.99,1.3,0.3,-5.2,강한매도,장대음봉,전저점이탈,0.08,-3.25,2026-08-26
SNAP,2.2,5.42,69428586,30860303,376.3,197.91,1.9,0.8,-9.2,매도주의,장대음봉,잔구간,0.15,-1.21,2026-08-26
RR,2.1,1.85,9103515,4305700,16.84,10.88,1.5,-1.5,-4.6,중립,음봉,잔구간,0.33,-0.45,2026-08-26
SFL,2.1,12.03,2339022,1140926,28.14,13.66,2.1,1.1,-2.6,매도주의,음봉,전저점이탈,0.17,-1.85,2026-08-26
CBIO,2.1,18.02,317590,150571,5.72,2.77,2.1,-0.4,6.4,매수관심,장대양봉,전고점부근,0.71,1.8,2026-08-26
CARS,2.1,11.97,959021,454550,11.48,6.01,1.9,-0.5,-2.5,중립,음봉,잔구간,0.1,-0.59,2026-08-26
SXC,2.1,9.82,2219658,1073584,21.8,11.84,1.8,-0.8,1.4,매수관심,양봉,완만한상승,0.81,1.97,2026-08-26
GPRE,2.1,14.88,2411799,1136540,35.89,17.17,2.1,0.3,1.3,중립,위꼬리양봉,잔구간,0.29,-0.625,2026-08-26
ALHC,2.0,13.9,7243741,3589419,100.69,53.81,1.9,0.0,2.3,중립,위꼬리양봉,전고점돌파,0.32,0.28,2026-08-26
ZURA,2.0,5.99,1802143,897060,10.79,10.93,1.0,-3.0,-2.3,중립,음봉,잔구간,0.03,-0.63,2026-08-26
VIPS,2.0,14.08,4849876,2389508,68.29,42.5,1.6,-1.1,0.6,중립,팽이도지,잔구간,0.55,0.03,2026-08-26
KBWY,2.0,18.24,388209,191179,7.08,3.85,1.8,-0.2,-0.7,매도주의,장대음봉,잔구간,0.06,-1.265,2026-08-26
GCTS,2.0,1.88,3490393,1724302,6.56,4.22,1.6,1.6,0.5,중립,위꼬리양봉,완만한상승,0.29,-0.35,2026-08-26
GRDX,2.0,4.04,303243,148757,1.23,0.69,1.8,-1.2,0.7,중립,팽이도지,잔구간,0.62,0.07,2026-08-26
IRT,2.0,16.61,2520680,1251662,41.87,32.59,1.3,0.3,-0.8,중립,음봉,잔구간,0.0,-0.65,2026-08-26
PN,2.0,2.8,364921,178793,1.02,0.62,1.7,1.1,4.5,중립,위꼬리양봉,잔구간,0.42,-0.55,2026-08-26
PICS,2.0,10.61,918478,468498,9.75,8.52,1.1,-0.2,-2.0,중립,팽이도지,잔구간,0.28,-0.13,2026-08-26
CGEN,2.0,2.84,667034,332760,1.89,1.01,1.9,-1.4,0.4,중립,위꼬리양봉,잔구간,0.3,-0.62,2026-08-26
SMMT,2.0,14.23,11634709,5882447,165.56,84.93,1.9,10.4,-3.5,중립,음봉,전고점돌파,0.12,0.34,2026-08-26
TH,2.0,16.78,2086285,1031335,35.01,17.24,2.0,5.5,-8.6,강한매도,장대음봉,전저점이탈,0.04,-3.3,2026-08-26
SKYX,1.9,1.25,1520581,813911,1.9,1.18,1.6,0.0,-0.8,중립,팽이도지,잔구간,0.3,-0.12,2026-08-26
CMBT,1.9,17.65,1610743,842680,28.43,15.65,1.8,-1.4,-1.5,중립,음봉,잔구간,0.25,-0.5,2026-08-26
CCLD,1.9,2.64,421754,221375,1.11,0.7,1.6,0.0,9.5,매수관심,장대양봉,잔구간,0.96,1.275,2026-08-26
BNED,1.9,12.51,410651,211374,5.14,2.45,2.1,-0.4,-0.4,중립,팽이도지,잔구간,0.25,-0.15,2026-08-26
FBDT,1.9,1.2,2439020,1272749,2.93,3.22,0.9,-7.0,-9.8,중립,음봉,전저점부근,0.48,0.03,2026-08-26
LDI,1.9,0.882,2044056,1090073,1.8,1.44,1.2,-0.2,-4.3,매도주의,장대음봉,잔구간,0.16,-1.205,2026-08-26
GRNT,1.9,5.0,1478282,769499,7.39,4.24,1.7,-1.2,0.2,중립,팽이도지,잔구간,0.5,0.0,2026-08-26
QBTS,1.9,17.51,26526296,14090708,464.48,272.81,1.7,-3.2,-6.5,강한매도,장대음봉,전저점이탈,0.04,-3.3,2026-08-26
VOD,1.9,15.94,4454326,2391317,71.0,43.58,1.6,-1.1,-0.1,중립,팽이도지,잔구간,0.45,-0.03,2026-08-26
QMLS,1.9,6.1,823634,434698,5.02,2.87,1.7,3.2,-5.7,매도주의,위꼬리음봉,잔구간,0.17,-0.95,2026-08-26
LCID,1.9,4.95,17079856,8823251,84.55,48.47,1.7,-0.4,-5.5,매도주의,음봉,전저점이탈,0.24,-1.76,2026-08-26
OPTX,1.9,8.51,368080,189963,3.13,2.04,1.5,-1.0,9.7,매수관심,장대양봉,잔구간,0.67,1.1,2026-08-26
NAT,1.8,6.52,4434744,2471759,28.91,17.47,1.7,-2.8,-2.8,매도주의,음봉,전저점이탈,0.31,-1.68,2026-08-26
CRML,1.8,7.99,15287831,8303081,122.15,57.62,2.1,-1.4,0.1,중립,위꼬리양봉,잔구간,0.2,-0.68,2026-08-26
HUIZ,1.8,1.76,1280029,715703,2.25,15.73,0.1,-1.4,21.4,매수관심,장대양봉,잔구간,0.78,1.17,2026-08-26
XFOR,1.8,4.17,707142,398402,2.95,3.08,1.0,0.0,0.2,매수관심,팽이도지,완만한상승,0.61,1.03,2026-08-26
IE,1.8,11.93,2884790,1622236,34.42,18.07,1.9,2.8,-2.5,매도주의,음봉,전고점부근,0.27,-1.43,2026-08-26
FTCA,1.8,7.231,313421,178579,2.27,1.59,1.4,-0.1,-0.3,매도주의,장대음봉,전저점부근,0.04,-1.8,2026-08-26
DOLE,1.8,13.63,1582168,894130,21.56,13.13,1.6,-0.1,0.7,강한매수,양봉,전고점돌파,0.6,2.32,2026-08-26
EOLS,1.8,8.78,1513608,837222,13.29,7.63,1.7,-1.3,-0.9,매도주의,위꼬리음봉,잔구간,0.03,-1.03,2026-08-26
FPI,1.8,10.36,833937,457643,8.64,4.16,2.1,0.0,0.9,매수관심,양봉,완만한상승,0.54,1.65,2026-08-26
JQC,1.8,4.75,912577,520341,4.33,3.12,1.4,-0.2,-0.2,매도주의,위꼬리음봉,잔구간,0.25,-0.9,2026-08-26
GT,1.8,6.26,12031278,6615771,75.32,50.06,1.5,-0.6,1.6,중립,위꼬리양봉,전고점돌파,0.24,0.19,2026-08-26
YMAG,1.8,11.09,1797925,1021594,19.94,10.62,1.9,-0.9,-0.3,중립,음봉,잔구간,0.65,-0.26,2026-08-26
TBLA,1.8,3.73,3242467,1772105,12.09,9.63,1.3,-0.3,1.1,매수관심,양봉,완만한상승,0.57,1.68,2026-08-26
BCCQ,1.8,10.035,1383807,765940,13.89,12.55,1.1,0.6,-0.3,매도주의,장대음봉,완만한상승,0.22,-1.44,2026-08-26
AEO,1.8,17.59,7608541,4189285,133.83,75.37,1.8,3.0,2.1,강한매수,양봉,전고점돌파,0.69,2.43,2026-08-26
RNXT,1.7,1.49,763831,440074,1.14,0.91,1.3,-0.7,5.7,매수관심,양봉,완만한상승,0.64,1.77,2026-08-26
PENN,1.7,17.85,3416773,1992223,60.99,41.95,1.5,-0.1,0.6,강한매수,양봉스프링,수횡파,0.84,3.51,2026-08-26
SMWB,1.7,9.06,1231962,743567,11.16,12.83,0.9,-1.5,3.0,강한매수,장대양봉,전고점돌파,0.9,3.98,2026-08-26
DNP,1.7,11.01,776140,455824,8.55,5.02,1.7,-0.1,0.4,매수관심,양봉,완만한상승,0.4,1.48,2026-08-26
ORMP,1.7,5.34,403559,239039,2.16,1.15,1.9,1.9,0.6,매수관심,팽이도지,전고점돌파,0.71,1.75,2026-08-26
CION,1.7,7.34,603162,345859,4.43,3.17,1.4,-0.9,-1.3,중립,음봉,잔구간,0.14,-0.565,2026-08-26
WYFL,1.7,5.27,564779,325840,2.98,2.62,1.1,-2.9,-2.0,중립,팽이도지,잔구간,0.31,-0.115,2026-08-26
BTZ,1.7,10.16,457389,265131,4.65,3.22,1.4,0.3,0.3,중립,양봉,잔구간,0.98,0.64,2026-08-26
PTEN,1.7,11.75,9073863,5364123,106.62,73.29,1.5,-2.7,4.8,매수관심,장대양봉,잔구간,0.95,1.27,2026-08-26
ATOM,1.7,4.5,632544,369140,2.85,2.15,1.3,-0.4,-1.1,중립,팽이도지,전저점부근,0.49,0.74,2026-08-26
LFST,1.7,12.15,4432493,2680169,53.85,46.3,1.2,-0.6,-0.5,중립,팽이도지,잔구간,0.3,-0.12,2026-08-26
VISN,1.7,11.05,13119433,7863501,144.97,83.95,1.7,-0.5,0.6,중립,양봉,잔구간,0.79,0.525,2026-08-26
AMCI,1.7,3.985,317654,184280,1.27,0.93,1.4,0.2,-18.8,강한매도,장대음봉,전저점이탈,0.02,-3.33,2026-08-26
IONZ,1.7,2.92,15895917,9485561,46.42,28.82,1.6,4.3,4.7,강한매수,양봉,완만한상승,0.94,2.13,2026-08-26
SDOT,1.7,16.99,1971216,1144778,33.49,100.38,0.3,22.4,-15.1,매도주의,장대음봉,잔구간,0.1,-1.24,2026-08-26
IVA,1.7,4.82,924332,546268,4.46,2.53,1.8,3.8,-1.0,강한매수,망치형,완만한상승,0.63,2.06,2026-08-26
TK,1.6,12.25,843662,542354,10.33,7.13,1.4,-1.4,-7.0,강한매도,장대음봉,전저점이탈,0.11,-3.22,2026-08-26
TME,1.6,8.8,19752816,12183732,173.82,116.52,1.5,-0.3,1.0,중립,양봉,잔구간,0.68,0.46,2026-08-26
VMET,1.6,10.41,675926,420074,7.04,5.29,1.3,1.2,-4.1,매도주의,장대음봉,잔구간,0.09,-1.245,2026-08-26
NCI,1.6,12.2,1600036,1016619,19.52,13.27,1.5,-4.1,-6.2,중립,음봉,잔구간,0.41,-0.405,2026-08-26
KEP,1.6,12.24,1267321,795240,15.51,13.02,1.2,5.3,-1.4,매도주의,장대음봉,전고점돌파,0.11,-0.97,2026-08-26
MPLT,1.6,12.86,910063,559384,11.7,6.72,1.7,-0.6,3.1,강한매수,양봉,전고점돌파,0.93,2.72,2026-08-26
PDM,1.6,9.88,1470546,919728,14.53,9.09,1.6,-0.4,0.2,중립,팽이도지,잔구간,0.49,-0.005,2026-08-26
QUAD,1.6,10.0,494266,302084,4.94,4.15,1.2,0.5,-2.4,매도주의,장대음봉,잔구간,0.07,-1.26,2026-08-26
TBCH,1.6,12.8,416173,261507,5.33,3.3,1.6,-0.8,0.4,중립,팽이도지,잔구간,0.65,0.09,2026-08-26
FF,1.6,5.31,375840,238052,2.0,2.17,0.9,-0.4,-0.9,매도주의,음봉,전저점이탈,0.22,-1.79,2026-08-26
GRFS,1.6,7.9,465303,283827,3.68,2.83,1.3,0.0,-2.3,매도주의,장대음봉,잔구간,0.05,-1.27,2026-08-26
HOOZ,1.6,8.39,533831,341007,4.48,2.98,1.5,3.7,1.9,강한매수,양봉,완만한상승,0.91,2.09,2026-08-26
ASYS,1.6,15.17,718464,456358,10.9,8.14,1.3,3.4,3.0,매수관심,양봉,완만한상승,0.59,1.71,2026-08-26
SHLS,1.6,7.31,8825445,5678472,64.51,36.9,1.7,0.6,5.5,매수관심,장대양봉,잔구간,0.84,1.205,2026-08-26
EQ,1.6,2.36,698728,442078,1.65,1.04,1.6,0.0,8.3,중립,양봉,잔구간,0.66,0.445,2026-08-26
EDD,1.6,5.88,459551,290553,2.7,1.81,1.5,0.0,-1.8,매도주의,장대음봉,잔구간,0.21,-1.175,2026-08-26
DFSC,1.6,1.71,851450,524740,1.46,37.2,0.0,6.9,0.6,중립,위꼬리양봉,잔구간,0.19,-0.685,2026-08-26
DRN,1.6,11.07,1483662,931029,16.42,8.87,1.9,0.0,-1.7,매도주의,장대음봉,잔구간,0.12,-1.23,2026-08-26
AKBA,1.6,0.906,14030629,9000567,12.72,6.02,2.1,-0.1,-5.3,매도주의,장대음봉,잔구간,0.38,-1.07,2026-08-26
PESI,1.5,18.14,456696,305027,8.28,10.44,0.8,-0.5,2.9,중립,양봉,전고점부근,0.93,0.77,2026-08-26
NPKI,1.5,13.18,1044753,701026,13.77,9.19,1.5,0.3,-0.2,중립,망치형,잔구간,0.92,0.75,2026-08-26
MSOS,1.5,4.85,5518921,3620250,26.77,17.27,1.6,-0.6,-0.8,매도주의,위꼬리음봉,잔구간,0.0,-1.05,2026-08-26
NVDQ,1.5,10.155,7058568,4698858,71.68,47.27,1.5,0.6,2.3,강한매수,양봉,완만한상승,0.84,2.01,2026-08-26
OCFC,1.5,19.02,1463050,954246,27.83,19.66,1.4,0.4,0.4,중립,팽이도지,잔구간,0.5,0.0,2026-08-26
PLBL,1.5,5.955,308882,202430,1.84,1.03,1.8,0.0,-2.2,중립,음봉,잔구간,0.1,-0.59,2026-08-26
NEO,1.5,17.37,1682451,1118055,29.22,20.4,1.4,-0.6,4.1,강한매수,장대양봉,전고점돌파,0.9,3.98,2026-08-26
LYFT,1.5,17.39,14069703,9506078,244.67,168.35,1.5,0.2,-1.6,중립,음봉,수횡파,0.44,-0.17,2026-08-26
VITL,1.5,10.94,1654140,1140292,18.1,13.99,1.3,-0.7,-0.8,매도주의,위꼬리음봉,잔구간,0.16,-0.955,2026-08-26
BEEM,1.5,1.71,4900256,3374441,8.38,5.31,1.6,-0.7,26.7,강한매수,장대양봉,전고점돌파,0.9,3.98,2026-08-26
RC,1.5,1.84,1389825,923284,2.56,1.76,1.5,-1.0,-6.6,매도주의,장대음봉,잔구간,0.09,-1.245,2026-08-26
ORC,1.5,6.67,4519981,3094614,30.15,21.24,1.4,0.1,-0.8,중립,음봉,잔구간,0.5,-0.35,2026-08-26
AES,1.5,14.73,10823550,7352369,159.43,98.44,1.6,0.0,0.0,중립,팽이도지,잔구간,0.5,0.0,2026-08-26
RGTX,1.5,10.31,952131,626234,9.82,7.77,1.3,-3.1,-8.7,매도주의,장대음봉,전저점부근,0.03,-1.81,2026-08-26
OBIO,1.5,5.26,391713,263098,2.06,2.27,0.9,0.0,-1.9,중립,음봉,잔구간,0.34,-0.445,2026-08-26
ADNT,1.5,18.96,1153196,754257,21.86,18.78,1.2,-0.1,1.8,중립,양봉,잔구간,0.97,0.63,2026-08-26
ORCU,1.5,8.02,4328375,2803217,34.71,34.81,1.0,3.0,2.6,매수관심,양봉,완만한상승,0.46,1.55,2026-08-26
XHR,1.5,19.3,830237,537581,16.02,11.22,1.4,-0.4,-1.6,매도주의,장대음봉,잔구간,0.16,-1.205,2026-08-26
PBR,1.5,17.76,29000354,18791865,515.05,336.51,1.5,-0.7,0.2,중립,팽이도지,잔구간,0.36,-0.085,2026-08-26
CYH,1.5,2.92,1027211,686966,3.0,2.71,1.1,-0.3,-1.4,중립,음봉,잔구간,0.14,-0.565,2026-08-26
TCPC,1.5,4.13,1002281,680310,4.14,2.86,1.4,-0.5,-0.7,매도주의,위꼬리음봉,잔구간,0.24,-0.905,2026-08-26
TIGR,1.5,5.46,4728324,3141310,25.82,14.38,1.8,-4.7,4.8,강한매수,장대양봉,전고점부근,0.94,2.08,2026-08-26
DRH,1.5,12.62,2982104,1962163,37.63,26.7,1.4,0.1,-2.0,매도주의,장대음봉,잔구간,0.04,-1.275,2026-08-26
CMRC,1.5,2.24,1053031,694202,2.36,2.35,1.0,-0.4,-3.4,중립,음봉,잔구간,0.06,-0.615,2026-08-26
WRD,1.5,5.91,2792178,1832639,16.5,19.6,0.8,-1.2,-1.7,중립,음봉,잔구간,0.42,-0.4,2026-08-26
SPCQ,1.5,13.41,2255780,1488580,30.25,25.93,1.2,2.1,-3.9,중립,음봉,잔구간,0.11,-0.585,2026-08-26
CRK,1.5,14.5,2888886,1912293,41.89,26.19,1.6,-0.6,2.9,매수관심,양봉,완만한상승,0.42,1.5,2026-08-26
USOY,1.5,6.886,347523,236872,2.39,1.68,1.4,0.0,1.0,매수관심,양봉,완만한상승,0.5,1.6,2026-08-26
GEVO,1.5,1.65,3035197,1970654,5.01,3.75,1.3,-1.8,-0.6,매도주의,위꼬리음봉,잔구간,0.21,-0.925,2026-08-26
BHK,1.5,9.09,376080,248279,3.42,1.88,1.8,0.0,0.0,매수관심,팽이도지,완만한상승,0.53,0.94,2026-08-26
LODE,1.5,3.5,1177619,799742,4.12,3.28,1.3,-2.0,0.0,중립,위꼬리양봉,잔구간,0.2,-0.68,2026-08-26
SBGI,1.5,14.33,435967,285345,6.25,5.31,1.2,0.0,-2.5,매도주의,장대음봉,수횡파,0.3,-1.64,2026-08-26
IGR,1.5,4.66,580675,385599,2.71,1.89,1.4,-1.9,1.1,매수관심,장대양봉,잔구간,0.71,1.125,2026-08-26
IQMX,1.5,10.99,301368,200772,3.31,4.74,0.7,1.7,1.0,중립,위꼬리양봉,완만한상승,0.36,-0.27,2026-08-26
ASC,1.5,16.98,876836,587071,14.89,9.89,1.5,-0.8,-4.9,강한매도,장대음봉,전저점이탈,0.1,-3.23,2026-08-26
VYX,1.5,8.88,3191645,2068965,28.34,16.22,1.7,-1.2,10.6,강한매수,장대양봉,전고점돌파,0.92,4.0,2026-08-26
IREG,1.5,7.61,1046941,694757,7.97,7.58,1.1,-4.7,-8.1,매도주의,장대음봉,전저점부근,0.12,-1.71,2026-08-26
RUM,1.5,9.375,5115656,3527218,47.96,47.21,1.0,-1.6,-6.9,매도주의,장대음봉,잔구간,0.23,-1.16,2026-08-26
WEN,1.5,9.04,7990572,5432284,72.23,94.8,0.8,-0.8,-0.1,중립,망치형,잔구간,0.75,0.65,2026-08-26
EC,1.5,16.52,1866573,1285738,30.84,25.1,1.2,-0.7,-1.0,매도주의,음봉,전저점이탈,0.19,-1.82,2026-08-26
SHIP,1.5,17.03,331917,228611,5.65,4.67,1.2,0.1,-5.4,매도주의,장대음봉,잔구간,0.1,-1.24,2026-08-26
SGRY,1.5,14.04,3297460,2211233,46.3,41.08,1.1,-0.3,0.2,중립,위꼬리양봉,잔구간,0.1,-0.74,2026-08-26
GPUS,1.5,0.37,19088534,12797646,7.06,7.0,1.0,-1.9,-5.7,매도주의,장대음봉,잔구간,0.0,-1.3,2026-08-26
SHOE,1.5,14.41,722211,490719,10.41,7.97,1.3,1.0,-0.3,매도주의,위꼬리음봉,완만한상승,0.24,-0.91,2026-08-26
GLAS,1.5,10.4,425164,281611,4.42,2.91,1.5,0.7,2.0,강한매수,양봉,전고점돌파,0.87,2.64,2026-08-26
PLUG,1.4,2.17,79817441,58564346,173.2,139.94,1.2,0.0,-4.4,매도주의,장대음봉,잔구간,0.13,-1.22,2026-08-26
OPTU,1.4,1.08,2756568,1959761,2.98,1.74,1.7,0.0,8.0,강한매수,장대양봉,전고점돌파,1.0,4.1,2026-08-26
BILI,1.4,16.15,4055629,2855692,65.5,45.86,1.4,-2.1,-0.4,강한매도,위꼬리음봉,전저점이탈,0.19,-2.62,2026-08-26
LITZ,1.4,7.49,4376318,3109827,32.78,35.28,0.9,1.4,-13.1,매도주의,장대음봉,잔구간,0.11,-1.235,2026-08-26
ALEC,1.4,2.46,996494,733119,2.45,3.34,0.7,0.8,3.4,매수관심,양봉,완만한상승,0.78,1.94,2026-08-26
BDN,1.4,3.22,1760607,1242303,5.67,4.67,1.2,0.3,-2.1,매도주의,장대음봉,잔구간,0.11,-1.235,2026-08-26
QYLD,1.4,18.15,4891525,3618207,88.78,58.4,1.5,-0.2,0.3,강한매수,장대양봉,완만한상승,0.75,3.2,2026-08-26
PNNT,1.4,3.76,459367,330060,1.73,1.54,1.1,-0.3,-1.1,중립,음봉,잔구간,0.1,-0.59,2026-08-26
VNM,1.4,18.15,510518,362832,9.27,6.61,1.4,0.7,0.4,강한매수,양봉,전고점돌파,0.56,2.27,2026-08-26
MVST,1.4,0.766,8089922,5940990,6.2,5.51,1.1,-0.7,-1.7,중립,팽이도지,잔구간,0.41,-0.055,2026-08-26
NVD,1.4,4.49,86521712,63657819,388.48,255.66,1.5,0.5,2.5,강한매수,장대양봉,완만한상승,0.83,3.3,2026-08-26
AVEX,1.4,18.34,1439032,1061143,26.39,32.06,0.8,0.3,4.7,중립,양봉,잔구간,0.71,0.475,2026-08-26
PGEN,1.4,7.42,7409483,5124144,54.98,40.03,1.4,5.2,-3.1,중립,음봉,완만한상승,0.32,-0.02,2026-08-26
OEC,1.4,6.17,541521,391361,3.34,2.56,1.3,0.3,3.0,강한매수,양봉,완만한상승,0.84,2.01,2026-08-26
ITUB,1.4,7.61,26139421,18805320,198.92,165.58,1.2,0.8,-1.4,매도주의,장대음봉,잔구간,0.06,-1.265,2026-08-26
ILPT,1.4,8.43,334111,236894,2.82,2.47,1.1,0.4,0.1,중립,위꼬리양봉,잔구간,0.23,-0.66,2026-08-26
BTAL,1.4,12.07,506345,355472,6.11,4.35,1.4,0.6,0.0,강한매수,양봉스프링,완만한상승,0.94,2.93,2026-08-26
IMPP,1.4,4.85,522441,374567,2.53,1.88,1.3,0.0,-4.9,매도주의,장대음봉,잔구간,0.19,-1.185,2026-08-26
CAPR,1.4,9.36,12037061,8552250,112.67,118.59,1.0,0.0,12.9,강한매수,양봉,전고점돌파,0.72,2.46,2026-08-26
HNST,1.4,5.72,3144901,2267211,17.99,11.64,1.5,-0.5,4.4,강한매수,양봉,전고점돌파,0.6,2.32,2026-08-26
URG,1.4,1.52,7596894,5453816,11.55,7.63,1.5,2.7,0.0,중립,팽이도지,전고점부근,0.6,-0.33,2026-08-26
GPRO,1.4,0.597,8095489,5920606,4.83,4.47,1.1,0.3,-2.1,중립,음봉,잔구간,0.5,-0.35,2026-08-26
KMDA,1.4,8.38,306129,216116,2.57,1.83,1.4,-1.4,-1.5,중립,음봉,잔구간,0.21,-0.525,2026-08-26
FWRD,1.4,17.63,425498,315089,7.5,7.62,1.0,0.0,1.3,중립,양봉,잔구간,0.83,0.55,2026-08-26
FLWS,1.4,3.74,325145,239784,1.22,0.9,1.3,0.0,-4.6,강한매도,장대음봉,전저점이탈,0.09,-3.24,2026-08-26
SMR,1.4,9.27,51877029,36589071,480.9,337.29,1.4,0.4,-5.9,중립,음봉,잔구간,0.18,-0.54,2026-08-26
CLVT,1.4,1.99,5767329,4131647,11.48,7.33,1.6,-2.3,-5.7,중립,음봉,잔구간,0.2,-0.53,2026-08-26
EIDO,1.4,12.5,905658,645925,11.32,11.31,1.0,-2.1,-0.2,중립,음봉,전저점부근,0.0,-0.55,2026-08-26
SRPT,1.4,19.46,2409799,1685558,46.89,42.06,1.1,-1.0,3.8,매수관심,장대양봉,잔구간,0.98,1.29,2026-08-26
UMH,1.4,16.66,910945,649409,15.18,11.67,1.3,0.1,0.5,강한매수,양봉,완만한상승,0.85,2.02,2026-08-26
CXM,1.4,7.47,3408351,2465727,25.46,17.49,1.5,-2.0,2.0,강한매수,장대양봉,완만한상승,0.7,3.14,2026-08-26
DEI,1.4,11.96,1223436,883657,14.63,14.3,1.0,0.0,-1.6,매도주의,장대음봉,잔구간,0.11,-1.235,2026-08-26
DBI,1.4,5.72,590128,418941,3.38,2.5,1.4,0.2,3.4,강한매수,장대양봉,완만한상승,0.79,3.25,2026-08-26
TNXP,1.4,13.64,514030,365108,7.01,5.98,1.2,-0.8,0.7,중립,팽이도지,잔구간,0.65,0.09,2026-08-26
AAPD,1.3,11.104,8235643,6395352,91.45,73.43,1.2,-0.2,-0.9,중립,음봉,잔구간,0.3,-0.47,2026-08-26
ACIC,1.3,9.51,338478,266903,3.22,2.63,1.2,-0.1,1.3,매수관심,양봉,완만한상승,0.41,1.49,2026-08-26
TMC,1.3,5.01,9473284,7186012,47.46,36.12,1.3,-0.8,1.8,중립,양봉,전고점부근,0.88,0.71,2026-08-26
PBYI,1.3,9.16,374470,284790,3.43,2.6,1.3,-0.1,-1.6,중립,음봉,잔구간,0.44,-0.385,2026-08-26
PEPG,1.3,3.22,952367,728660,3.07,2.46,1.2,-0.4,-5.6,매도주의,장대음봉,잔구간,0.37,-1.08,2026-08-26
NVDY,1.3,12.24,1871541,1492407,22.91,19.7,1.2,0.0,-1.2,매도주의,장대음봉,잔구간,0.19,-1.185,2026-08-26
NWL,1.3,5.96,6078998,4753140,36.23,33.26,1.1,0.2,0.3,중립,팽이도지,잔구간,0.53,0.02,2026-08-26
NXDR,1.3,2.29,1799799,1342078,4.12,3.37,1.2,-0.8,-3.4,강한매도,장대음봉,전저점이탈,0.05,-3.29,2026-08-26
BBD,1.3,3.26,33624333,25572020,109.62,85.57,1.3,0.5,-0.2,매도주의,위꼬리음봉,완만한상승,0.12,-1.06,2026-08-26
PUMP,1.3,10.63,3552813,2640450,37.77,27.75,1.4,-0.6,0.9,강한매수,양봉스프링,전저점부근,0.94,3.78,2026-08-26
AIOT,1.3,3.01,2116157,1605248,6.37,6.45,1.0,-0.2,2.6,강한매수,장대양봉,완만한상승,0.75,3.2,2026-08-26
AKAN,1.3,4.24,348264,263360,1.48,16.32,0.1,-11.1,-3.6,중립,음봉,잔구간,0.5,-0.35,2026-08-26
MAGN,1.3,12.45,406129,322716,5.06,4.6,1.1,0.2,-2.5,매도주의,장대음봉,잔구간,0.16,-1.205,2026-08-26
LUNL,1.3,4.63,1394813,1042591,6.46,12.13,0.5,-3.8,-2.5,중립,팽이도지,전저점부근,0.32,0.53,2026-08-26
VIR,1.3,11.08,2248635,1748093,24.91,15.35,1.6,-1.0,4.5,강한매수,양봉,완만한상승,0.95,2.14,2026-08-26
KVUE,1.3,19.22,25400462,19063781,488.2,373.46,1.3,0.5,-1.0,매도주의,장대음봉,잔구간,0.04,-1.275,2026-08-26
RNW,1.3,6.82,3839189,2865623,26.18,22.96,1.1,0.0,0.1,매수관심,양봉,완만한상승,0.5,1.6,2026-08-26
KRNY,1.3,9.84,877682,677222,8.64,8.1,1.1,0.3,-0.8,중립,음봉,잔구간,0.27,-0.49,2026-08-26
TGB,1.3,9.23,6463833,4824460,59.66,46.33,1.3,-1.1,-1.9,매도주의,장대음봉,잔구간,0.08,-1.25,2026-08-26
JELD,1.3,2.42,2521576,1875812,6.1,3.24,1.9,0.8,0.0,중립,위꼬리양봉,완만한상승,0.24,-0.41,2026-08-26
JMIA,1.3,6.83,1739175,1382897,11.88,14.65,0.8,-0.3,0.0,중립,위꼬리양봉,잔구간,0.13,-0.72,2026-08-26
BOBS,1.3,17.13,757359,584808,12.97,13.22,1.0,0.2,-1.2,중립,음봉,전저점부근,0.24,-0.26,2026-08-26
JBGS,1.3,12.35,927826,697555,11.46,9.27,1.2,0.4,-2.8,중립,음봉,잔구간,0.41,-0.405,2026-08-26
RWT,1.3,4.61,1403119,1056931,6.47,5.97,1.1,0.0,-2.3,강한매도,장대음봉,전저점이탈,0.0,-3.35,2026-08-26
AIB,1.3,1.19,1466402,1096269,1.75,1.89,0.9,1.5,-9.8,매도주의,장대음봉,잔구간,0.35,-1.09,2026-08-26
IQ,1.3,0.983,9599376,7658720,9.43,8.46,1.1,-1.0,-3.6,강한매도,장대음봉,전저점이탈,0.21,-3.1,2026-08-26
IRE,1.3,9.36,7497358,5557514,70.18,81.98,0.9,-4.7,-8.3,매도주의,장대음봉,전저점부근,0.1,-1.73,2026-08-26
ASTN,1.3,5.34,1037900,801823,5.54,4.82,1.2,3.8,2.7,강한매수,양봉,전고점돌파,0.78,2.54,2026-08-26
IMTX,1.3,9.43,777957,602318,7.34,5.47,1.3,-0.2,2.3,강한매수,양봉,완만한상승,0.93,2.12,2026-08-26
HUN,1.3,9.63,2701656,2065381,26.02,21.25,1.2,0.6,0.4,매수관심,양봉스프링,잔구간,0.94,1.015,2026-08-26
HLX,1.3,9.79,1432201,1097884,14.02,12.47,1.1,-1.3,-0.8,매도주의,음봉,전저점이탈,0.61,-1.32,2026-08-26
HOWL,1.3,0.989,11618664,9237311,11.49,30.46,0.4,1.1,9.9,매수관심,양봉,완만한상승,0.6,1.72,2026-08-26
GSM,1.3,4.07,1921647,1526114,7.82,5.72,1.4,-0.2,1.8,중립,위꼬리양봉,잔구간,0.46,-0.525,2026-08-26
GTE,1.3,10.09,735622,575918,7.42,6.79,1.1,-0.8,5.8,강한매수,장대양봉,완만한상승,0.81,3.27,2026-08-26
BXMT,1.3,13.92,2087918,1598579,29.06,29.12,1.0,0.0,-0.8,강한매도,장대음봉,전저점이탈,0.29,-3.0,2026-08-26
UTZ,1.3,14.22,3737982,2794676,53.15,32.69,1.6,-0.1,-0.1,매도주의,위꼬리음봉,잔구간,0.2,-0.93,2026-08-26
UUUG,1.3,5.51,446910,348728,2.46,1.94,1.3,1.7,-5.3,중립,음봉,잔구간,0.21,-0.525,2026-08-26
DHT,1.3,18.32,4958772,3707543,90.84,69.48,1.3,-0.7,-3.8,매도주의,장대음봉,전저점부근,0.09,-1.74,2026-08-26
BSCR,1.3,19.605,586828,460396,11.5,13.01,0.9,-0.1,0.0,중립,양봉,잔구간,0.5,0.35,2026-08-26
SITC,1.3,3.03,952641,732915,2.89,2.35,1.2,0.0,1.7,매수관심,양봉,완만한상승,0.75,1.9,2026-08-26
GERN,1.3,1.53,9123636,7001909,13.96,12.44,1.1,1.9,-3.2,매도주의,장대음봉,잔구간,0.38,-1.07,2026-08-26
SOUN,1.3,7.01,27996247,22362543,196.25,167.76,1.2,-1.3,0.7,중립,위꼬리양봉,잔구간,0.34,-0.595,2026-08-26
APPS,1.3,10.84,2546614,1957650,27.61,29.93,0.9,-2.3,2.5,중립,양봉,잔구간,0.39,0.285,2026-08-26
STDN,1.3,13.7,531026,401584,7.28,8.4,0.9,0.1,-1.8,중립,망치형,잔구간,0.57,0.54,2026-08-26
CLSX,1.3,12.0,544369,433061,6.53,5.08,1.3,-5.7,-3.0,중립,음봉,잔구간,0.23,-0.51,2026-08-26
TSLZ,1.3,13.53,1704468,1300480,23.06,22.12,1.0,2.3,0.2,매수관심,팽이도지,완만한상승,0.65,1.08,2026-08-26
ECAT,1.3,15.55,500772,374565,7.79,7.37,1.1,0.2,0.1,매수관심,팽이도지,전고점돌파,0.56,1.57,2026-08-26
DBRG,1.3,15.97,4590692,3466032,73.31,62.73,1.2,0.0,0.0,강한매수,양봉스프링,완만한상승,1.0,3.0,2026-08-26
CMTG,1.3,1.66,658320,522697,1.09,1.01,1.1,0.6,-3.5,매도주의,장대음봉,전저점부근,0.08,-1.75,2026-08-26
XRPZ,1.3,14.99,1030026,798955,15.44,8.03,1.9,-6.2,-0.1,중립,팽이도지,잔구간,0.48,-0.01,2026-08-26
ABEO,1.2,6.01,1223993,1061329,7.36,13.14,0.6,0.5,-3.7,매도주의,장대음봉,잔구간,0.06,-1.265,2026-08-26
PACB,1.2,1.56,7859558,6354182,12.26,10.02,1.2,0.0,2.6,강한매수,양봉,전고점돌파,0.66,2.39,2026-08-26
TRLV,1.2,11.43,1630532,1408042,18.64,11.59,1.6,-0.9,1.9,중립,위꼬리양봉,완만한상승,0.42,-0.2,2026-08-26
PD,1.2,12.19,1212713,1044187,14.78,14.26,1.0,-4.1,3.7,매수관심,장대양봉,잔구간,0.7,1.12,2026-08-26
OSG,1.2,4.6,405607,324617,1.87,1.85,1.0,-0.2,2.2,매수관심,장대양봉,잔구간,0.93,1.26,2026-08-26
OPK,1.2,1.51,2890993,2392031,4.37,3.44,1.3,0.7,0.7,강한매수,양봉스프링,완만한상승,0.8,2.76,2026-08-26
PDO,1.2,12.61,1043140,901360,13.15,11.41,1.2,0.2,-0.6,매도주의,장대음봉,잔구간,0.31,-1.115,2026-08-26
OGN,1.2,13.77,4153509,3438512,57.19,43.28,1.3,-0.1,0.2,강한매수,장대양봉,전고점돌파,1.0,4.1,2026-08-26
OIS,1.2,8.29,602333,505106,4.99,4.6,1.1,1.2,-2.2,중립,음봉,잔구간,0.54,-0.325,2026-08-26
NVTS,1.2,12.67,14965130,12903529,189.61,179.88,1.1,1.3,0.6,매수관심,팽이도지,완만한상승,0.54,0.95,2026-08-26
NWG,1.2,18.75,2444102,2060038,45.83,45.43,1.0,-0.4,-0.2,중립,음봉,잔구간,0.27,-0.49,2026-08-26
VTRS,1.2,16.85,7402327,6085762,124.73,139.15,0.9,0.0,0.8,강한매수,양봉,전고점돌파,0.48,2.18,2026-08-26
NRXP,1.2,3.46,1011362,853846,3.5,3.22,1.1,-1.4,-4.4,매도주의,장대음봉,잔구간,0.33,-1.1,2026-08-26
NUCL,1.2,7.01,329488,273665,2.31,1.94,1.2,1.4,-4.0,매도주의,장대음봉,잔구간,0.38,-1.07,2026-08-26
NN,1.2,15.39,2470460,2030423,38.02,43.4,0.9,0.4,-2.2,매도주의,음봉,전저점이탈,0.27,-1.73,2026-08-26
NEWP,1.2,7.14,622914,535692,4.45,4.2,1.1,-1.8,2.9,강한매수,양봉,전고점돌파,0.53,2.24,2026-08-26
NEWT,1.2,12.33,322977,279481,3.98,2.97,1.3,0.2,-1.1,중립,음봉,잔구간,0.04,-0.625,2026-08-26
MSOX,1.2,2.87,2153534,1794982,6.18,4.51,1.4,-2.0,-0.7,매도주의,위꼬리음봉,잔구간,0.0,-1.05,2026-08-26
MTW,1.2,19.45,445710,370789,8.67,8.51,1.0,0.4,-0.5,중립,팽이도지,잔구간,0.35,-0.09,2026-08-26
QDEL,1.2,14.91,1599003,1346964,23.84,21.56,1.1,0.3,-1.2,중립,음봉,잔구간,0.67,-0.25,2026-08-26
QNC,1.2,2.09,530038,425184,1.11,1.14,1.0,0.5,2.0,중립,양봉,잔구간,0.62,0.42,2026-08-26
MNTN,1.2,13.05,1055438,851804,13.77,14.58,0.9,-1.3,0.0,중립,팽이도지,잔구간,0.74,0.145,2026-08-26
MORT,1.2,9.77,951327,786644,9.29,8.3,1.1,0.0,-1.1,강한매도,장대음봉,전저점이탈,0.0,-3.35,2026-08-26
SVM,1.2,13.07,2911785,2405880,38.06,32.92,1.2,-1.2,3.1,중립,양봉,전고점부근,0.8,0.61,2026-08-26
TAC,1.2,12.64,1284727,1114594,16.24,23.59,0.7,-0.6,3.8,매수관심,장대양봉,잔구간,0.81,1.185,2026-08-26
DC,1.2,6.1,1645505,1403187,10.04,8.76,1.1,-1.9,-2.7,중립,음봉,잔구간,0.09,-0.595,2026-08-26
CLYM,1.2,16.08,1392870,1168860,22.4,23.08,1.0,-0.7,-9.3,매도주의,장대음봉,수횡파,0.04,-1.95,2026-08-26
MRTN,1.2,14.46,471950,409245,6.82,6.98,1.0,-0.3,0.1,매수관심,팽이도지,전저점부근,0.74,1.04,2026-08-26
METC,1.2,12.7,2146773,1789350,27.26,23.65,1.2,-3.1,1.4,매수관심,양봉스프링,잔구간,0.94,1.015,2026-08-26
BCSF,1.2,11.9,449631,370050,5.35,5.31,1.0,0.2,-1.8,매도주의,장대음봉,수횡파,0.12,-1.86,2026-08-26
AEBI,1.2,12.35,321338,277058,3.97,7.2,0.6,0.5,-0.6,중립,망치형,잔구간,0.7,0.62,2026-08-26
MBI,1.2,5.01,732055,603106,3.67,2.76,1.3,0.4,1.8,매수관심,양봉,완만한상승,0.76,1.91,2026-08-26
LUMN,1.2,6.09,11391783,9530652,69.38,68.29,1.0,-0.5,3.9,매수관심,장대양봉,잔구간,0.94,1.265,2026-08-26
VG,1.2,14.3,15028331,12716478,214.91,197.63,1.1,-2.1,3.8,강한매수,장대양봉,완만한상승,0.85,3.32,2026-08-26
KOPN,1.2,4.73,3904749,3339236,18.47,20.55,0.9,0.6,-2.7,중립,음봉,잔구간,0.18,-0.54,2026-08-26
DSGN,1.2,15.59,718728,580122,11.2,8.2,1.4,-0.5,-0.1,중립,팽이도지,잔구간,0.55,0.03,2026-08-26
EFC,1.2,13.46,1012670,831587,13.63,12.11,1.1,-0.1,-0.8,강한매도,장대음봉,전저점이탈,0.16,-3.16,2026-08-26
DHY,1.2,1.72,662307,568590,1.14,1.36,0.8,-0.6,0.0,중립,팽이도지,잔구간,0.53,0.02,2026-08-26
CSAN,1.2,2.82,3782710,3228805,10.67,7.33,1.5,2.1,-2.4,매도주의,장대음봉,잔구간,0.36,-1.085,2026-08-26
COUR,1.2,6.06,4922343,4011465,29.83,22.89,1.3,-1.6,-0.5,중립,망치형,잔구간,0.61,0.565,2026-08-26
WFCpZ,1.2,18.46,365882,303569,6.75,4.65,1.5,-0.2,0.2,매수관심,양봉,완만한상승,0.8,1.96,2026-08-26
ALTO,1.2,4.075,1766641,1449626,7.2,6.67,1.1,-0.3,2.4,중립,양봉,잔구간,0.67,0.45,2026-08-26
BSCT,1.2,18.515,517295,431339,9.58,8.03,1.2,-0.1,-0.0,중립,음봉,잔구간,0.5,-0.35,2026-08-26
BMBL,1.2,2.75,2521477,2104109,6.93,7.87,0.9,-1.4,-1.8,중립,음봉,잔구간,0.38,-0.42,2026-08-26
BMNZ,1.2,6.18,3830780,3184887,23.67,15.94,1.5,4.7,-5.1,매도주의,장대음봉,잔구간,0.33,-1.1,2026-08-26
IBRX,1.2,8.25,9446459,7859444,77.93,58.69,1.3,-0.2,1.0,중립,팽이도지,전고점부근,0.55,-0.39,2026-08-26
HAFN,1.2,7.77,1509987,1250539,11.73,8.97,1.3,-3.1,-2.1,매도주의,장대음봉,잔구간,0.14,-1.215,2026-08-26
CVRX,1.2,3.27,884492,744285,2.89,3.26,0.9,-1.8,-1.2,중립,팽이도지,잔구간,0.48,-0.01,2026-08-26
GORO,1.2,3.56,2149987,1768445,7.65,5.25,1.5,-2.6,-5.6,중립,음봉,잔구간,0.34,-0.445,2026-08-26
GPGI,1.2,13.55,1372020,1153330,18.59,16.46,1.1,-2.1,1.9,매수관심,양봉,수횡파,0.73,1.58,2026-08-26
GDXY,1.2,11.97,1239991,992375,14.84,10.87,1.4,-1.3,-0.7,중립,음봉,잔구간,0.2,-0.53,2026-08-26
CBRG,1.2,3.01,12513341,10048734,37.67,72.84,0.5,-3.6,1.0,매수관심,팽이도지,전저점부근,0.67,0.95,2026-08-26
SMCZ,1.2,3.17,4894404,4060846,15.52,22.94,0.7,2.5,2.8,매수관심,양봉,완만한상승,0.78,1.94,2026-08-26
CDZI,1.2,4.03,1269373,1026937,5.12,3.28,1.6,-0.7,-1.9,중립,음봉,잔구간,0.12,-0.58,2026-08-26
UNCY,1.2,5.43,906196,740925,4.92,4.51,1.1,-0.2,-0.5,중립,팽이도지,잔구간,0.4,-0.06,2026-08-26
FIP,1.2,3.73,1088388,938622,4.06,4.17,1.0,0.0,-1.1,중립,음봉,잔구간,0.41,-0.405,2026-08-26
EVV,1.2,9.09,443919,364837,4.04,4.09,1.0,-0.3,-0.2,중립,팽이도지,잔구간,0.33,-0.1,2026-08-26
EYE,1.2,18.67,2652054,2233882,49.51,48.3,1.0,0.3,-0.4,중립,팽이도지,잔구간,0.28,-0.13,2026-08-26
ARDT,1.2,11.23,385193,319416,4.33,3.2,1.4,-0.4,-0.3,매도주의,위꼬리음봉,잔구간,0.07,-1.01,2026-08-26
SRXH,1.2,1.84,766757,640715,1.41,1.73,0.8,-1.7,4.0,중립,양봉,잔구간,0.79,0.525,2026-08-26
ENTX,1.2,3.19,523310,435635,1.67,1.18,1.4,-0.3,-7.8,매도주의,장대음봉,잔구간,0.24,-1.155,2026-08-26
EQPT,1.2,18.06,2172384,1800350,39.23,52.62,0.7,0.0,-2.2,중립,음봉,잔구간,0.26,-0.495,2026-08-26
ENIC,1.2,4.47,552838,455248,2.47,1.98,1.2,-0.2,-2.0,중립,음봉,잔구간,0.3,-0.47,2026-08-26
ZGN,1.2,13.73,959339,799685,13.17,12.06,1.1,0.7,-0.1,매수관심,팽이도지,완만한상승,0.55,0.96,2026-08-26
OWL,1.1,11.8,13845973,12999106,163.38,183.87,0.9,-0.2,0.3,중립,위꼬리양봉,완만한상승,0.23,-0.42,2026-08-26
AAL,1.1,13.84,72183708,64650404,999.02,817.19,1.2,1.1,-1.8,매도주의,장대음봉,잔구간,0.11,-1.235,2026-08-26
TLRY,1.1,4.64,4159383,3625006,19.3,16.63,1.2,-0.8,-4.1,매도주의,장대음봉,잔구간,0.15,-1.21,2026-08-26
ABSI,1.1,9.22,2677425,2411141,24.69,26.14,0.9,-0.8,-3.5,중립,음봉,잔구간,0.43,-0.39,2026-08-26
ACHV,1.1,8.27,1322472,1194046,10.94,12.96,0.8,0.4,0.9,강한매수,양봉스프링,완만한상승,0.78,2.74,2026-08-26
AIAI,1.1,3.94,797567,702377,3.14,10.58,0.3,0.5,-8.6,매도주의,음봉,전저점이탈,0.26,-1.74,2026-08-26
TRIN,1.1,18.73,760511,722419,14.24,15.42,0.9,0.0,0.2,중립,팽이도지,전고점부근,0.55,-0.39,2026-08-26
AIRS,1.1,2.72,833291,788405,2.27,3.01,0.8,-1.5,3.4,매수관심,양봉,완만한상승,0.7,1.84,2026-08-26
AIBZ,1.1,5.61,498135,439952,2.79,2.59,1.1,-1.3,-8.2,강한매도,장대음봉,전저점이탈,0.07,-3.27,2026-08-26
APLX,1.1,8.94,1349756,1184866,12.07,12.98,0.9,-2.9,-11.1,매도주의,장대음봉,잔구간,0.0,-1.3,2026-08-26
ZSQR,1.1,4.36,317739,287417,1.39,1.3,1.1,-0.2,6.6,강한매수,양봉,전고점돌파,0.5,2.2,2026-08-26
YEXT,1.1,6.5,745734,667167,4.85,4.32,1.1,-0.7,-0.5,중립,망치형,잔구간,0.77,0.66,2026-08-26
AQST,1.1,5.39,3412030,3168427,18.39,20.2,0.9,0.0,6.1,강한매수,장대양봉,전고점돌파,0.95,4.04,2026-08-26
RLJ,1.1,11.46,1700693,1589635,19.49,18.61,1.0,0.3,-1.2,매도주의,장대음봉,잔구간,0.39,-1.065,2026-08-26
FMNB,1.1,15.66,399608,349131,6.26,6.07,1.0,1.2,-0.9,중립,음봉,잔구간,0.03,-0.63,2026-08-26
ODD,1.1,14.53,884963,824180,12.86,10.33,1.2,0.4,2.0,강한매도,위꼬리양봉,전고점부근,0.35,-2.63,2026-08-26
EVMN,1.1,14.11,343009,324489,4.84,5.65,0.9,2.8,-0.4,강한매수,망치형,완만한상승,0.75,2.2,2026-08-26
EU,1.1,1.37,4178441,3685439,5.72,4.8,1.2,1.1,-1.4,매도주의,위꼬리음봉,잔구간,0.13,-0.97,2026-08-26
FFAI,1.1,2.6,989073,886352,2.57,4.67,0.6,-2.5,-3.7,강한매도,위꼬리음봉,전저점이탈,0.05,-2.79,2026-08-26
RLAY,1.1,19.46,2936819,2691791,57.15,44.72,1.3,-3.0,-2.5,중립,음봉,잔구간,0.29,-0.475,2026-08-26
LBTYA,1.1,10.78,2176894,1924816,23.47,20.46,1.1,0.3,-0.4,중립,팽이도지,잔구간,0.46,-0.025,2026-08-26
LTBR,1.1,8.05,653437,603321,5.26,4.78,1.1,-1.6,-1.8,매도주의,위꼬리음봉,잔구간,0.1,-0.99,2026-08-26
MAX,1.1,12.67,696763,639912,8.83,7.24,1.2,-1.1,-0.3,중립,망치형,잔구간,0.71,0.625,2026-08-26
PDBC,1.1,18.18,4390774,3844958,79.82,74.41,1.1,-0.4,0.4,매수관심,양봉,완만한상승,0.43,1.52,2026-08-26
AVO,1.1,12.95,466159,430520,6.04,5.82,1.0,-0.2,-0.5,매도주의,위꼬리음봉,잔구간,0.19,-0.935,2026-08-26
AVXX,1.1,4.71,358108,316431,1.69,2.0,0.8,-0.4,-0.8,매도주의,위꼬리음봉,전저점부근,0.06,-1.28,2026-08-26
FSK,1.1,12.16,1557880,1463159,18.94,19.53,1.0,-0.4,1.3,강한매수,장대양봉,완만한상승,0.75,3.2,2026-08-26
LAND,1.1,8.87,715867,680234,6.35,6.3,1.0,0.0,1.0,강한매수,장대양봉,완만한상승,0.86,3.33,2026-08-26
SWIM,1.1,7.12,693895,635023,4.94,5.43,0.9,0.3,-0.6,중립,팽이도지,잔구간,0.3,-0.12,2026-08-26
STWD,1.1,15.91,3357774,3058522,53.42,60.21,0.9,0.2,-1.5,강한매도,장대음봉,전저점이탈,0.0,-3.35,2026-08-26
SUPX,1.1,9.37,519426,484053,4.87,3.8,1.3,-3.8,-7.2,중립,음봉,잔구간,0.17,-0.55,2026-08-26
VIVO,1.1,4.205,399719,350543,1.68,2.49,0.7,0.7,0.1,중립,팽이도지,잔구간,0.57,0.04,2026-08-26
UGP,1.1,6.45,2938838,2675108,18.96,21.81,0.9,-4.9,1.2,중립,양봉,잔구간,0.8,0.53,2026-08-26
FPE,1.1,17.68,1132781,1036802,20.03,17.04,1.2,0.0,-0.1,중립,음봉,잔구간,0.25,-0.5,2026-08-26
FNB,1.1,18.46,3211672,3002673,59.29,58.06,1.0,0.4,0.1,중립,팽이도지,잔구간,0.55,0.03,2026-08-26
OLN,1.1,17.52,2933543,2672993,51.4,45.22,1.1,-0.2,1.0,중립,양봉,잔구간,0.95,0.62,2026-08-26
PAGS,1.1,9.04,2436954,2260626,22.03,25.79,0.9,-0.6,0.7,강한매도,위꼬리양봉,전고점부근,0.26,-2.74,2026-08-26
RGNX,1.1,9.38,1160019,1076967,10.88,14.0,0.8,-0.7,6.0,매수관심,장대양봉,잔구간,0.94,1.265,2026-08-26
RERE,1.1,4.0,1607983,1413533,6.43,6.6,1.0,1.0,0.5,매수관심,양봉스프링,잔구간,0.77,0.91,2026-08-26
VERX,1.1,13.56,1255236,1126091,17.02,22.14,0.8,-2.0,2.3,강한매수,장대양봉,완만한상승,0.84,3.31,2026-08-26
VGZ,1.1,2.31,1147895,1027111,2.65,2.61,1.0,-1.7,-0.9,중립,음봉,잔구간,0.17,-0.55,2026-08-26
SMJF,1.1,11.33,1986091,1745554,22.5,16.25,1.4,0.0,1.6,강한매수,장대양봉,완만한상승,0.93,3.42,2026-08-26
CIG,1.1,1.98,3952290,3471302,7.83,8.6,0.9,-0.5,-1.5,중립,음봉,잔구간,0.0,-0.65,2026-08-26
RZLT,1.1,5.04,1368016,1258829,6.89,8.36,0.8,0.0,0.6,매수관심,팽이도지,완만한상승,0.73,1.18,2026-08-26
ADTN,1.1,7.91,1540377,1391200,12.18,14.96,0.8,-0.2,-1.1,중립,음봉,잔구간,0.25,-0.5,2026-08-26
LYNX,1.1,13.65,1257884,1126369,17.17,47.52,0.4,-1.4,-1.2,중립,팽이도지,잔구간,0.55,0.03,2026-08-26
BEKE,1.1,17.87,4882871,4369556,87.26,73.68,1.2,0.7,-1.5,중립,음봉,잔구간,0.01,-0.645,2026-08-26
SGHC,1.1,13.92,2236996,2030950,31.14,27.86,1.1,-0.4,0.1,매수관심,양봉스프링,잔구간,0.89,0.985,2026-08-26
SGMT,1.1,10.86,1237469,1080630,13.44,13.77,1.0,-0.3,5.8,강한매수,장대양봉,완만한상승,0.99,3.49,2026-08-26
WULX,1.1,15.96,514795,461174,8.22,7.16,1.1,-2.4,-1.5,중립,팽이도지,잔구간,0.33,-0.1,2026-08-26
SATL,1.1,5.13,4767519,4347253,24.46,27.26,0.9,0.3,-4.5,매도주의,음봉,전저점이탈,0.06,-1.98,2026-08-26
AMPX,1.1,10.2,4522487,4087494,46.13,57.43,0.8,-0.4,0.6,중립,팽이도지,잔구간,0.51,0.005,2026-08-26
AMC,1.1,2.61,18052987,16535567,47.12,42.59,1.1,0.4,-1.9,중립,음봉,잔구간,0.0,-0.65,2026-08-26
BEZ,1.1,10.05,1368955,1211638,13.76,14.51,0.9,3.6,-4.1,중립,음봉,잔구간,0.6,-0.29,2026-08-26
AZ,1.1,6.92,677659,604938,4.69,7.05,0.7,-1.3,1.5,중립,팽이도지,잔구간,0.69,0.115,2026-08-26
PONY,1.1,7.28,6503586,5757330,47.35,35.06,1.4,-3.2,-0.3,중립,팽이도지,잔구간,0.42,-0.05,2026-08-26
PRGO,1.1,14.76,2602663,2471192,38.42,32.64,1.2,0.2,1.8,강한매수,장대양봉,전고점돌파,0.92,4.0,2026-08-26
CLOV,1.1,4.25,3200068,2822095,13.6,15.26,0.9,-0.7,3.7,매수관심,장대양봉,잔구간,0.7,1.12,2026-08-26
USAR,1.1,18.92,14635312,13410798,276.9,244.55,1.1,0.6,-3.1,중립,음봉,잔구간,0.12,-0.58,2026-08-26
SIBN,1.1,19.43,601112,537907,11.68,10.25,1.1,-0.2,-0.4,중립,팽이도지,잔구간,0.27,-0.14,2026-08-26
HLLY,1.1,2.86,955230,860136,2.73,3.03,0.9,0.3,-1.4,매도주의,음봉,전저점이탈,0.11,-1.92,2026-08-26
GNW,1.1,9.91,2585716,2387305,25.62,23.24,1.1,-0.1,0.6,중립,양봉,잔구간,0.67,0.45,2026-08-26
BTE,1.1,4.68,14921861,13215495,69.83,55.47,1.3,-1.7,3.3,강한매수,장대양봉,완만한상승,0.74,3.19,2026-08-26
NNE,1.1,18.5,1734213,1517762,32.08,35.01,0.9,-0.6,-3.2,중립,음봉,잔구간,0.18,-0.54,2026-08-26
NCTY,1.1,4.85,321871,282084,1.56,1.95,0.8,-1.4,12.5,강한매수,장대양봉,완만한상승,0.87,3.34,2026-08-26
QID,1.1,14.44,30833406,28618451,445.23,372.3,1.2,0.6,-0.8,중립,음봉,잔구간,0.35,-0.44,2026-08-26
NEXN,1.1,10.06,589402,532255,5.93,6.11,1.0,0.0,-1.1,중립,망치형,잔구간,0.74,0.645,2026-08-26
CRON,1.1,3.55,1421194,1344528,5.05,5.04,1.0,-0.6,1.7,중립,양봉,전고점부근,0.7,0.49,2026-08-26
GRAB,1.1,3.64,33215473,30674279,120.9,109.96,1.1,0.3,1.4,강한매수,양봉,완만한상승,0.89,2.07,2026-08-26
GAU,1.1,2.37,2778894,2501795,6.59,6.62,1.0,-1.7,0.4,중립,위꼬리양봉,잔구간,0.17,-0.7,2026-08-26
QBTZ,1.1,3.75,4916271,4670704,18.44,13.23,1.4,6.7,11.6,강한매수,장대양봉,전고점돌파,0.97,4.06,2026-08-26
NG,1.1,9.32,6047619,5681794,56.36,43.43,1.3,-2.3,-2.4,중립,음봉,잔구간,0.07,-0.61,2026-08-26
GFR,1.1,6.12,899086,812313,5.5,4.79,1.1,-0.8,-0.8,중립,음봉,잔구간,0.27,-0.49,2026-08-26
THM,1.1,2.67,862236,769236,2.3,2.54,0.9,-2.8,-2.6,중립,음봉,잔구간,0.0,-0.65,2026-08-26
TLK,1.1,14.71,555304,524882,8.17,8.18,1.0,-2.0,-1.2,매도주의,장대음봉,잔구간,0.19,-1.185,2026-08-26
PK,1.1,15.93,4375949,3996195,69.71,59.28,1.2,0.0,-1.5,매도주의,장대음봉,잔구간,0.28,-1.13,2026-08-26
PLTZ,1.1,9.38,5220679,4723443,48.97,41.84,1.2,2.5,-7.9,매도주의,장대음봉,잔구간,0.1,-1.24,2026-08-26
NVCR,1.1,17.89,1270871,1179859,22.74,24.7,0.9,-1.1,2.6,중립,양봉,잔구간,0.9,0.59,2026-08-26
VLY,1.1,14.09,6778372,6321616,95.51,84.18,1.1,0.6,-0.6,매도주의,장대음봉,잔구간,0.23,-1.16,2026-08-26
CRVS,1.1,14.73,692829,638813,10.21,10.69,1.0,-0.1,1.2,매수관심,양봉,완만한상승,0.56,1.67,2026-08-26
SSTK,1.1,5.54,741423,698770,4.11,4.67,0.9,-0.2,0.2,강한매수,양봉스프링,완만한상승,0.97,2.96,2026-08-26
TSLR,1.1,15.27,1385668,1249080,21.16,21.03,1.0,-2.9,0.3,중립,팽이도지,잔구간,0.34,-0.095,2026-08-26
TSLG,1.1,4.403,46540666,44280580,204.92,169.73,1.2,-3.1,0.5,중립,팽이도지,잔구간,0.36,-0.085,2026-08-26
KDK,1.1,3.95,1065979,971789,4.21,4.25,1.0,0.3,-1.2,매도주의,위꼬리음봉,잔구간,0.12,-0.98,2026-08-26
GDXD,1.1,15.51,4639748,4195401,71.96,54.62,1.3,6.6,1.8,중립,양봉,잔구간,0.94,0.615,2026-08-26
CMRE,1.1,14.84,382439,348354,5.68,5.44,1.0,-0.8,-5.2,매도주의,장대음봉,잔구간,0.02,-1.29,2026-08-26
TAL,1.1,11.69,4298225,3938535,50.25,51.31,1.0,0.8,0.1,중립,위꼬리양봉,완만한상승,0.25,-0.4,2026-08-26
CLPT,1.1,16.37,506048,469427,8.28,7.56,1.1,-0.6,-2.8,중립,음봉,잔구간,0.24,-0.505,2026-08-26
DHC,1.1,8.04,1137933,1029402,9.15,10.19,0.9,0.0,-0.5,중립,망치형,잔구간,0.56,0.535,2026-08-26
IHS,1.1,8.36,1458908,1368037,12.2,7.96,1.5,-0.1,0.4,강한매수,장대양봉,완만한상승,1.0,3.5,2026-08-26
SSP,1.1,3.15,393410,343624,1.24,1.61,0.8,0.0,-4.3,강한매도,장대음봉,전저점이탈,0.18,-3.13,2026-08-26
BLMN,1.1,11.15,1855153,1626894,20.68,18.51,1.1,0.5,0.5,중립,팽이도지,잔구간,0.63,0.08,2026-08-26
BETR,1.1,13.41,745447,681791,10.0,10.81,0.9,1.0,8.0,강한매수,장대양봉,완만한상승,0.8,3.26,2026-08-26
VTS,1.0,16.93,369669,373363,6.26,7.09,0.9,-1.2,0.8,중립,양봉,잔구간,0.56,0.385,2026-08-26
CAL,1.0,13.09,468587,486139,6.13,5.77,1.1,0.7,-0.4,매도주의,위꼬리음봉,완만한상승,0.24,-0.91,2026-08-26
VET,1.0,12.26,1388567,1412607,17.02,14.52,1.2,-2.3,2.9,매수관심,양봉,완만한상승,0.62,1.74,2026-08-26
VFF,1.0,2.86,1032618,1071483,2.95,2.76,1.1,-0.3,-0.3,중립,팽이도지,잔구간,0.42,-0.05,2026-08-26
FUTG,1.0,5.47,2113999,2124281,11.56,7.81,1.5,-2.6,5.2,강한매수,장대양봉,전고점돌파,0.75,3.8,2026-08-26
SONO,1.0,15.33,941472,976602,14.43,21.39,0.7,-0.6,0.9,중립,양봉,잔구간,0.73,0.49,2026-08-26
UAMY,1.0,5.06,6318568,6228581,31.97,46.88,0.7,-1.0,-1.7,매도주의,위꼬리음봉,잔구간,0.08,-1.0,2026-08-26
NPWR,1.0,1.81,834866,798633,1.51,2.8,0.5,-1.0,-6.2,매도주의,장대음봉,잔구간,0.0,-1.3,2026-08-26
STLN,1.0,6.56,1219102,1200878,8.0,7.58,1.1,-1.4,5.6,강한매수,장대양봉,완만한상승,0.77,3.22,2026-08-26
STNE,1.0,9.72,4567311,4738878,44.39,59.77,0.7,0.0,-0.6,매도주의,위꼬리음봉,잔구간,0.04,-1.025,2026-08-26
SVRA,1.0,5.61,1529844,1559545,8.58,9.46,0.9,-0.4,0.5,매수관심,팽이도지,완만한상승,0.59,1.01,2026-08-26
LASE,1.0,1.41,1057817,1095729,1.49,2.23,0.7,0.4,0.7,중립,팽이도지,잔구간,0.47,-0.02,2026-08-26
CALY,1.0,15.74,1487096,1554543,23.41,26.42,0.9,0.4,1.4,중립,양봉,잔구간,0.93,0.61,2026-08-26
FBRT,1.0,8.45,1539891,1593479,13.01,13.08,1.0,-0.4,0.1,중립,팽이도지,잔구간,0.39,-0.065,2026-08-26
MBC,1.0,8.84,1416546,1444033,12.52,13.51,0.9,0.6,-2.9,매도주의,장대음봉,잔구간,0.12,-1.23,2026-08-26
MAMA,1.0,16.76,453493,457430,7.6,8.17,0.9,-0.2,1.0,매수관심,양봉,완만한상승,0.64,1.77,2026-08-26
LWLG,1.0,5.83,2288310,2368312,13.34,18.71,0.7,-0.8,-1.0,매도주의,위꼬리음봉,잔구간,0.11,-0.985,2026-08-26
SPCH,1.0,8.88,24391100,24466393,216.59,309.04,0.7,-1.4,3.7,중립,양봉,잔구간,0.9,0.59,2026-08-26
PDYN,1.0,5.99,789239,807718,4.73,5.79,0.8,0.3,1.9,중립,양봉,잔구간,0.59,0.405,2026-08-26
SPDN,1.0,8.53,30560900,29832352,260.68,207.3,1.3,0.2,-0.1,매수관심,팽이도지,완만한상승,0.44,0.83,2026-08-26
ARVN,1.0,9.32,532586,542667,4.96,5.67,0.9,-0.7,-2.2,매도주의,장대음봉,잔구간,0.15,-1.21,2026-08-26
ORBS,1.0,0.802,18264422,18184497,14.65,12.94,1.1,-0.6,0.9,매수관심,팽이도지,완만한상승,0.68,1.12,2026-08-26
FMC,1.0,11.08,2086012,2181421,23.11,27.77,0.8,0.1,-0.9,매도주의,위꼬리음봉,잔구간,0.05,-1.02,2026-08-26
UPWK,1.0,8.64,1800840,1783573,15.56,27.38,0.6,-0.7,-0.5,중립,망치형,잔구간,0.6,0.56,2026-08-26
NWBI,1.0,15.32,784903,747762,12.02,10.16,1.2,0.5,-0.3,중립,음봉,잔구간,0.53,-0.33,2026-08-26
LOFF,1.0,14.88,2304691,2288229,34.29,47.34,0.7,-1.2,3.6,중립,양봉,잔구간,0.89,0.585,2026-08-26
BIZD,1.0,13.37,2513097,2534155,33.6,34.07,1.0,-0.2,0.1,중립,위꼬리양봉,잔구간,0.29,-0.625,2026-08-26
LENZ,1.0,4.78,546041,538317,2.61,3.96,0.7,0.0,2.4,매수관심,양봉,완만한상승,0.77,1.92,2026-08-26
FJET,1.0,3.87,453001,470865,1.75,2.5,0.7,-2.3,2.7,강한매수,장대양봉,완만한상승,0.72,3.16,2026-08-26
ACB,1.0,4.0,1406411,1373692,5.63,7.62,0.7,-0.2,0.0,중립,팽이도지,잔구간,0.47,-0.02,2026-08-26
ONDG,1.0,2.81,2796790,2881069,7.86,17.1,0.5,-4.2,2.9,매수관심,양봉,전저점부근,0.75,1.75,2026-08-26
SRFM,1.0,0.691,1773766,1834130,1.22,1.63,0.8,4.4,-0.6,매수관심,팽이도지,완만한상승,0.51,0.91,2026-08-26
XPRO,1.0,17.55,809680,813600,14.21,14.48,1.0,-0.3,-0.1,강한매수,망치형,전저점부근,0.85,3.17,2026-08-26
PAX,1.0,11.6,953317,958541,11.06,12.98,0.9,-0.1,-1.4,매도주의,장대음봉,잔구간,0.04,-1.275,2026-08-26
XPEV,1.0,11.71,8594444,8325327,100.64,108.65,0.9,2.6,-1.6,중립,음봉,완만한상승,0.03,-0.36,2026-08-26
ORIC,1.0,13.91,1123808,1139440,15.63,15.18,1.0,-0.7,1.2,강한매수,양봉,완만한상승,0.88,2.06,2026-08-26
PBR.A,1.0,16.02,7705108,7796295,123.44,126.23,1.0,-0.6,0.3,중립,위꼬리양봉,잔구간,0.31,-0.615,2026-08-26
BIOA,1.0,9.84,504282,488894,4.96,5.63,0.9,-0.8,-1.9,매도주의,장대음봉,잔구간,0.3,-1.12,2026-08-26
RCKT,1.0,3.66,1120235,1101192,4.1,4.37,0.9,-1.3,-1.9,중립,음봉,잔구간,0.53,-0.33,2026-08-26
UEC,1.0,13.13,8578805,8329519,112.64,93.93,1.2,1.2,-2.2,중립,음봉,잔구간,0.22,-0.52,2026-08-26
UNG,1.0,10.41,10839862,10367500,112.84,100.61,1.1,0.9,0.9,강한매수,양봉,전고점돌파,0.52,2.22,2026-08-26
VSTM,1.0,7.39,1682177,1742238,12.43,12.4,1.0,0.0,4.4,강한매수,양봉,완만한상승,0.89,2.07,2026-08-26
RDWU,1.0,7.07,433486,452246,3.06,4.48,0.7,2.2,-5.9,중립,음봉,전저점부근,0.05,-0.49,2026-08-26
LFMD,1.0,3.24,476320,467954,1.54,1.92,0.8,-0.9,0.6,중립,위꼬리양봉,잔구간,0.42,-0.55,2026-08-26
WTI,1.0,3.57,2792580,2768576,9.97,11.4,0.9,-2.5,1.7,매수관심,양봉,전저점부근,0.46,1.4,2026-08-26
MRLN,1.0,3.32,874841,881508,2.9,4.65,0.6,-0.3,-0.6,중립,팽이도지,잔구간,0.44,-0.035,2026-08-26
CRWG,1.0,19.68,983173,1020043,19.35,48.58,0.4,-2.6,2.6,중립,양봉,잔구간,0.4,0.29,2026-08-26
JBLU,1.0,4.99,24187073,24630411,120.69,114.52,1.1,1.4,-3.1,매도주의,장대음봉,잔구간,0.04,-1.275,2026-08-26
TDOC,1.0,6.33,3086722,3246073,19.54,23.19,0.8,-0.8,3.1,매수관심,장대양봉,잔구간,0.8,1.18,2026-08-26
NTSK,1.0,13.92,3002443,2983261,41.79,54.26,0.8,-2.2,5.5,매수관심,장대양봉,잔구간,0.95,1.27,2026-08-26
PLG,1.0,1.51,1231267,1194306,1.86,1.98,0.9,-1.9,-3.2,매도주의,장대음봉,잔구간,0.14,-1.215,2026-08-26
PLAY,1.0,9.86,950368,958068,9.37,11.99,0.8,0.1,-2.2,매도주의,장대음봉,잔구간,0.18,-1.19,2026-08-26
TU,1.0,9.7,5415927,5265044,52.53,52.18,1.0,-0.7,-0.6,중립,음봉,잔구간,0.37,-0.43,2026-08-26
TTI,1.0,6.83,1922221,1870859,13.13,13.53,1.0,-0.1,1.0,중립,양봉,잔구간,0.97,0.63,2026-08-26
BORR,1.0,4.4,4190710,4384162,18.44,31.2,0.6,-1.3,0.0,강한매수,양봉스프링,수횡파,0.8,3.46,2026-08-26
TUYA,1.0,1.83,619367,596951,1.13,1.17,1.0,-0.6,2.8,강한매수,장대양봉,전고점돌파,0.8,3.86,2026-08-26
FSCO,1.0,5.12,769976,775661,3.94,4.56,0.9,0.2,0.8,매수관심,양봉,완만한상승,0.71,1.85,2026-08-26
DEC,1.0,14.93,716663,710116,10.7,12.42,0.9,-1.3,3.1,강한매수,장대양봉,완만한상승,0.92,3.4,2026-08-26
NFGC,1.0,1.9,1863903,1916516,3.54,2.93,1.2,-2.0,-5.0,매도주의,장대음봉,잔구간,0.08,-1.25,2026-08-26
NEOG,1.0,11.7,1415607,1399823,16.56,17.25,1.0,4.6,-3.9,매도주의,장대음봉,완만한상승,0.08,-1.6,2026-08-26
ICLN,1.0,17.68,6020818,6062049,106.45,100.87,1.1,0.0,0.2,중립,팽이도지,잔구간,0.41,-0.055,2026-08-26
NOMD,1.0,12.15,1951214,1948851,23.71,32.32,0.7,0.5,1.7,매수관심,양봉,완만한상승,0.68,1.82,2026-08-26
CRCT,1.0,5.81,698997,679273,4.06,4.68,0.9,-0.9,-0.2,중립,팽이도지,잔구간,0.46,-0.025,2026-08-26
MMED,1.0,19.49,1244736,1271832,24.26,25.26,1.0,-0.3,3.3,매수관심,장대양봉,잔구간,0.9,1.24,2026-08-26
MNR,1.0,12.44,366461,359201,4.56,5.14,0.9,-0.2,-0.5,매도주의,음봉,전저점이탈,0.2,-1.81,2026-08-26
MQ,1.0,16.08,719252,692982,11.57,12.5,0.9,-0.7,-0.7,중립,음봉,잔구간,0.25,-0.5,2026-08-26
VOXR,1.0,5.72,516230,511184,2.95,2.93,1.0,-1.2,0.0,중립,위꼬리양봉,잔구간,0.12,-0.73,2026-08-26
PTON,1.0,5.36,5199222,5458740,27.87,35.2,0.8,-0.4,0.0,중립,팽이도지,잔구간,0.38,-0.07,2026-08-26
PUBM,1.0,16.25,583229,575502,9.48,12.09,0.8,-0.3,-1.5,중립,망치형,잔구간,0.67,0.6,2026-08-26
UWMC,1.0,1.46,10853034,10516978,15.85,23.6,0.7,-0.7,-2.7,중립,음봉,잔구간,0.4,-0.41,2026-08-26
BSBR,1.0,5.81,3030390,3076813,17.61,26.67,0.7,0.7,-0.5,중립,음봉,완만한상승,0.3,-0.04,2026-08-26
BSCQ,1.0,19.525,534461,544159,10.44,14.81,0.7,-0.0,0.1,강한매수,장대양봉,완만한상승,0.75,3.2,2026-08-26
NRGV,1.0,3.7,3731302,3559190,13.81,16.62,0.8,-1.0,-4.9,매도주의,장대음봉,잔구간,0.33,-1.1,2026-08-26
VNDA,1.0,5.35,928370,887198,4.97,4.69,1.1,-0.2,-1.5,중립,음봉,잔구간,0.58,-0.3,2026-08-26
SIGA,1.0,3.07,651123,624840,2.0,2.09,1.0,0.7,0.3,매수관심,팽이도지,완만한상승,0.64,1.07,2026-08-26
SID,1.0,1.03,1533087,1598438,1.58,1.87,0.8,-1.0,2.0,매수관심,양봉,완만한상승,0.5,1.6,2026-08-26
GO,1.0,12.21,2222935,2214583,27.14,36.14,0.8,0.7,0.0,강한매수,양봉스프링,전고점돌파,0.95,3.54,2026-08-26
GOGO,1.0,2.85,2089174,2099997,5.95,5.13,1.2,-0.4,5.2,강한매수,장대양봉,전고점돌파,0.94,4.03,2026-08-26
TSLT,1.0,12.35,2269869,2166056,28.03,29.04,1.0,-2.3,-0.2,중립,팽이도지,잔구간,0.35,-0.09,2026-08-26
TAK,1.0,18.23,2331743,2229112,42.51,42.73,1.0,-0.2,-0.5,중립,음봉,잔구간,0.07,-0.61,2026-08-26
BV,1.0,11.04,811469,813484,8.96,10.73,0.8,0.3,-1.3,중립,음봉,잔구간,0.33,-0.45,2026-08-26
DJT,1.0,9.5,4205538,4124228,39.95,36.82,1.1,0.2,0.9,매수관심,팽이도지,전고점돌파,0.75,1.8,2026-08-26
CSIQ,1.0,13.87,1627236,1563985,22.57,22.46,1.0,-0.2,-2.7,매도주의,음봉,전저점이탈,0.4,-1.57,2026-08-26
BSCV,1.0,16.245,469964,483866,7.63,7.69,1.0,-0.1,-0.0,중립,망치형,잔구간,0.75,0.65,2026-08-26
CTOS,1.0,9.59,720660,711566,6.91,7.74,0.9,0.6,-1.2,중립,음봉,전저점부근,0.2,-0.31,2026-08-26
CIM,1.0,11.48,654751,679564,7.52,8.38,0.9,0.2,-1.3,강한매도,장대음봉,전저점이탈,0.25,-3.05,2026-08-26
UROY,1.0,4.24,2206737,2159694,9.36,9.49,1.0,-1.4,-3.0,중립,음봉,잔구간,0.04,-0.625,2026-08-26
HOPE,1.0,13.92,743650,732883,10.35,12.55,0.8,0.0,0.4,중립,양봉,잔구간,0.88,0.58,2026-08-26
PRLD,1.0,6.56,466282,468631,3.06,4.17,0.7,0.3,-0.8,중립,팽이도지,잔구간,0.56,0.035,2026-08-26
USA,1.0,5.99,994243,960022,5.96,6.61,0.9,-0.2,0.3,매수관심,양봉,완만한상승,0.59,1.71,2026-08-26
SB,1.0,8.28,750969,729211,6.22,6.04,1.0,-1.1,-3.7,매도주의,장대음봉,잔구간,0.09,-1.245,2026-08-26
IMSR,1.0,5.36,1067337,1090260,5.72,6.29,0.9,-1.1,-2.9,중립,음봉,잔구간,0.32,-0.46,2026-08-26
IMRX,1.0,5.15,461152,459439,2.37,3.08,0.8,0.0,-1.5,매도주의,장대음봉,잔구간,0.34,-1.095,2026-08-26
BSOL,1.0,13.26,3977249,4071671,52.74,42.59,1.2,-2.0,0.7,중립,양봉,잔구간,0.74,0.495,2026-08-26
PTIR,1.0,19.51,2907243,2943808,56.72,63.0,0.9,-2.8,8.6,매수관심,장대양봉,잔구간,0.9,1.24,2026-08-26
RWM,1.0,13.46,13766593,14066408,185.3,179.29,1.0,0.2,0.0,매수관심,팽이도지,완만한상승,0.69,1.13,2026-08-26
XE,1.0,18.26,4739296,4843434,86.54,102.62,0.8,-0.1,-4.4,중립,음봉,잔구간,0.09,-0.595,2026-08-26
ALT,1.0,3.15,4050554,4250585,12.76,14.55,0.9,0.0,-1.6,중립,음봉,잔구간,0.55,-0.32,2026-08-26
RQI,1.0,12.41,392312,401322,4.87,5.78,0.8,0.0,0.0,중립,위꼬리양봉,완만한상승,0.15,-0.52,2026-08-26
BRBR,1.0,10.79,2595736,2482768,28.01,29.04,1.0,-1.0,1.3,매수관심,양봉,완만한상승,0.42,1.5,2026-08-26
RXT,1.0,3.4,7482240,7516465,25.44,28.31,0.9,-2.4,2.4,중립,양봉,잔구간,0.55,0.38,2026-08-26
BGC,1.0,11.9,2596835,2686860,30.9,35.99,0.9,0.1,0.8,강한매수,양봉스프링,완만한상승,0.85,2.82,2026-08-26
BANC,1.0,18.82,1770810,1813909,33.33,37.04,0.9,0.4,0.9,중립,양봉,잔구간,0.55,0.38,2026-08-26
MX,1.0,3.26,350623,350507,1.14,1.44,0.8,-0.9,0.6,중립,팽이도지,잔구간,0.5,0.0,2026-08-26
HSAI,1.0,17.08,1979648,2057667,33.81,32.22,1.0,-2.3,-4.4,매도주의,장대음봉,잔구간,0.12,-1.23,2026-08-26
PSEC,1.0,2.31,4658841,4537242,10.76,8.79,1.2,0.0,-1.7,중립,음봉,잔구간,0.29,-0.475,2026-08-26
ORN,1.0,9.33,379922,389174,3.54,3.55,1.0,-0.5,0.5,매수관심,팽이도지,완만한상승,0.62,1.04,2026-08-26
IRD,1.0,3.8,908741,932433,3.45,3.29,1.0,1.5,-8.9,매도주의,장대음봉,잔구간,0.07,-1.26,2026-08-26
INN,1.0,5.99,705214,686159,4.22,5.63,0.8,0.0,-3.4,매도주의,장대음봉,잔구간,0.05,-1.27,2026-08-26
INTW,1.0,17.94,3330951,3439382,59.76,87.78,0.7,-1.7,3.4,중립,양봉,잔구간,0.98,0.64,2026-08-26
INMB,1.0,2.445,419652,415371,1.03,0.81,1.3,-1.2,1.9,매수관심,양봉,완만한상승,0.46,1.55,2026-08-26
PSO,1.0,16.43,424337,427563,6.97,9.58,0.7,-0.1,-0.8,매도주의,장대음봉,잔구간,0.0,-1.3,2026-08-26
OPFI,1.0,7.1,662991,633538,4.71,6.39,0.7,0.5,-3.3,매도주의,장대음봉,잔구간,0.14,-1.215,2026-08-26
ONT,1.0,16.58,811323,819616,13.45,12.65,1.1,-0.3,3.9,강한매수,장대양봉,완만한상승,0.99,3.49,2026-08-26
BDJ,1.0,9.81,301093,311742,2.95,3.8,0.8,0.0,0.1,중립,팽이도지,잔구간,0.46,-0.025,2026-08-26
ELDN,1.0,3.35,820433,857228,2.75,3.12,0.9,0.0,-3.5,매도주의,장대음봉,잔구간,0.09,-1.245,2026-08-26
EH,1.0,4.855,671125,675598,3.26,4.11,0.8,-1.2,1.8,중립,양봉,잔구간,0.58,0.4,2026-08-26
SSL,1.0,11.36,1217478,1163805,13.83,12.95,1.1,-1.8,1.1,매수관심,장대양봉,전저점이탈,0.69,1.48,2026-08-26
ALLO,1.0,2.04,5020715,4808593,10.24,10.68,1.0,0.0,-6.0,매도주의,장대음봉,잔구간,0.07,-1.26,2026-08-26
LZM,1.0,4.43,424066,433747,1.88,1.51,1.2,-0.7,-3.3,중립,음봉,잔구간,0.24,-0.505,2026-08-26
ADT,1.0,7.44,5967320,5806301,44.4,47.11,0.9,-0.4,0.5,매수관심,양봉,완만한상승,0.78,1.94,2026-08-26
PAYS,1.0,13.23,779706,748580,10.32,9.04,1.1,-1.6,-4.9,매도주의,장대음봉,잔구간,0.13,-1.22,2026-08-26
XRX,0.9,2.98,1517275,1606973,4.52,5.09,0.9,-0.3,1.4,매수관심,양봉,완만한상승,0.69,1.83,2026-08-26
ADCT,0.9,1.05,1947239,2161787,2.04,2.21,0.9,0.0,1.0,매수관심,팽이도지,완만한상승,0.62,1.04,2026-08-26
PBI,0.9,17.01,1145811,1256281,19.49,22.22,0.9,-0.1,-0.4,중립,팽이도지,잔구간,0.38,-0.07,2026-08-26
LXU,0.9,10.41,733502,773843,7.64,7.64,1.0,0.4,0.9,매수관심,팽이도지,완만한상승,0.71,1.15,2026-08-26
BDTX,0.9,2.27,491288,565769,1.12,1.22,0.9,-1.3,2.7,강한매수,양봉,전고점돌파,0.85,2.62,2026-08-26
LION,0.9,11.52,1588814,1701620,18.3,26.96,0.7,-0.2,-2.0,매도주의,장대음봉,잔구간,0.08,-1.25,2026-08-26
CRF,0.9,6.43,1550215,1729157,9.97,15.89,0.6,-0.2,-0.6,매도주의,음봉,전저점이탈,0.13,-1.89,2026-08-26
ESRT,0.9,4.72,1365744,1510182,6.45,8.58,0.8,0.0,-1.0,매도주의,장대음봉,잔구간,0.0,-1.3,2026-08-26
ARR,0.9,16.22,2347604,2665241,38.08,53.41,0.7,0.2,-1.3,강한매도,장대음봉,전저점이탈,0.09,-3.24,2026-08-26
AGNC,0.9,10.81,12299646,13205913,132.96,146.68,0.9,0.1,-1.0,강한매도,장대음봉,전저점이탈,0.0,-3.35,2026-08-26
AEVA,0.9,15.79,1462804,1545834,23.1,31.29,0.7,-0.9,-1.4,중립,음봉,전저점부근,0.22,-0.29,2026-08-26
ONDS,0.9,8.22,55499128,63669079,456.2,668.22,0.7,-1.7,1.5,중립,양봉,잔구간,0.85,0.56,2026-08-26
CNNE,0.9,15.48,420301,474637,6.51,7.78,0.8,-0.5,-0.3,중립,팽이도지,잔구간,0.5,0.0,2026-08-26
XP,0.9,17.81,4974466,5495639,88.6,89.45,1.0,1.6,-1.5,매도주의,음봉,전고점부근,0.05,-1.69,2026-08-26
IONL,0.9,13.31,428343,480184,5.7,7.73,0.7,-4.7,-5.3,강한매도,음봉,전저점이탈,0.04,-2.0,2026-08-26
AMRX,0.9,17.99,1205166,1417699,21.68,31.94,0.7,0.4,-0.1,중립,팽이도지,잔구간,0.52,0.01,2026-08-26
BFLY,0.9,8.64,3904619,4419197,33.74,42.38,0.8,-1.5,-2.9,중립,음봉,잔구간,0.35,-0.44,2026-08-26
NAGE,0.9,3.3,388620,423827,1.28,1.42,0.9,0.0,0.9,강한매수,양봉,전고점돌파,0.8,2.56,2026-08-26
PTLO,0.9,4.75,921378,1008464,4.38,6.74,0.6,0.2,-2.3,매도주의,장대음봉,잔구간,0.31,-1.115,2026-08-26
HBNC,0.9,19.6,411279,456598,8.06,9.13,0.9,0.3,0.0,중립,팽이도지,잔구간,0.56,0.035,2026-08-26
SBH,0.9,16.58,902488,976088,14.96,18.92,0.8,0.1,0.6,매수관심,팽이도지,완만한상승,0.73,1.18,2026-08-26
ASAN,0.9,9.44,3094706,3575975,29.21,38.08,0.8,-3.6,3.7,강한매수,장대양봉,완만한상승,0.87,3.34,2026-08-26
BLND,0.9,1.5,1285431,1377694,1.93,3.83,0.5,-2.0,3.4,매수관심,장대양봉,잔구간,0.83,1.2,2026-08-26
BTCZ,0.9,3.495,12402528,13274474,43.35,49.92,0.9,2.7,-1.8,매도주의,장대음봉,잔구간,0.15,-1.21,2026-08-26
HAYW,0.9,14.52,1495682,1644954,21.72,24.08,0.9,0.3,0.1,중립,팽이도지,잔구간,0.35,-0.09,2026-08-26
SGLY,0.9,1.93,1434829,1624674,2.77,22.5,0.1,-0.9,-9.4,강한매도,장대음봉,전저점이탈,0.0,-3.35,2026-08-26
BBDC,0.9,9.35,667345,748037,6.24,7.6,0.8,0.0,-1.1,매도주의,장대음봉,잔구간,0.38,-1.07,2026-08-26
AMBP,0.9,5.23,1429999,1548321,7.48,9.82,0.8,0.8,-1.9,매도주의,장대음봉,잔구간,0.13,-1.22,2026-08-26
JBI,0.9,5.07,1323472,1463963,6.71,8.52,0.8,0.6,-0.2,중립,팽이도지,수횡파,0.33,0.4,2026-08-26
IMMX,0.9,14.07,1385446,1588386,19.49,21.53,0.9,-0.1,-2.6,중립,음봉,잔구간,0.36,-0.435,2026-08-26
HPP,0.9,14.29,416407,460126,5.95,8.56,0.7,0.1,-4.2,매도주의,장대음봉,잔구간,0.05,-1.27,2026-08-26
HLMN,0.9,8.04,919200,1025988,7.39,10.12,0.7,0.4,-1.3,매도주의,음봉,전저점이탈,0.09,-1.94,2026-08-26
IART,0.9,16.88,489357,567072,8.26,9.73,0.8,0.4,0.2,중립,팽이도지,잔구간,0.55,0.03,2026-08-26
CTNM,0.9,17.02,387857,442457,6.6,10.66,0.6,-0.4,0.2,중립,팽이도지,잔구간,0.55,0.03,2026-08-26
CLB,0.9,11.99,395430,434750,4.74,6.2,0.8,-0.4,-0.2,중립,팽이도지,잔구간,0.63,0.08,2026-08-26
GLUE,0.9,14.38,997716,1084500,14.35,15.01,1.0,-0.8,-0.4,중립,팽이도지,잔구간,0.53,0.02,2026-08-26
HBAN,0.9,17.04,17133404,19686889,291.95,327.84,0.9,0.5,0.1,중립,팽이도지,잔구간,0.48,-0.01,2026-08-26
PRCH,0.9,17.26,693049,772811,11.96,18.54,0.6,-0.3,-0.7,매도주의,위꼬리음봉,수횡파,0.08,-1.4,2026-08-26
NEXT,0.9,7.36,2437664,2601915,17.94,17.12,1.0,-0.9,-0.5,중립,팽이도지,잔구간,0.33,-0.1,2026-08-26
NOWL,0.9,6.52,5473005,6404411,35.68,58.81,0.6,-7.1,5.7,매수관심,장대양봉,잔구간,0.82,1.19,2026-08-26
NNDM,0.9,1.59,1377244,1485389,2.19,2.29,1.0,0.0,3.2,강한매수,장대양봉,완만한상승,0.75,3.2,2026-08-26
NMRK,0.9,15.76,1048273,1221430,16.52,19.91,0.8,0.2,-1.7,매도주의,장대음봉,잔구간,0.07,-1.26,2026-08-26
JPC,0.9,7.49,1128185,1213991,8.45,8.77,1.0,-0.3,-0.4,중립,음봉,잔구간,0.33,-0.45,2026-08-26
MNRO,0.9,12.61,1188861,1294573,14.99,17.04,0.9,0.3,-9.9,매도주의,장대음봉,잔구간,0.03,-1.28,2026-08-26
PYXS,0.9,3.34,634702,699271,2.12,2.64,0.8,-1.0,10.2,매수관심,장대양봉,잔구간,0.94,1.265,2026-08-26
VRRM,0.9,4.42,2331358,2627303,10.3,13.01,0.8,0.0,-0.2,중립,팽이도지,잔구간,0.48,-0.01,2026-08-26
VNET,0.9,6.59,4946726,5333008,32.6,45.15,0.7,-1.3,-3.1,중립,음봉,잔구간,0.09,-0.595,2026-08-26
GRPN,0.9,19.06,912189,1026041,17.39,23.18,0.7,-1.4,-1.3,중립,음봉,잔구간,0.43,-0.39,2026-08-26
GRND,0.9,15.79,1097044,1238584,17.32,23.6,0.7,-1.2,1.9,강한매수,장대양봉,완만한상승,0.75,3.2,2026-08-26
UUUU,0.9,15.7,6655922,7319670,104.5,104.75,1.0,0.9,-2.5,중립,음봉,잔구간,0.22,-0.52,2026-08-26
CRNC,0.9,8.03,653130,708817,5.24,6.31,0.8,-0.2,0.4,중립,팽이도지,잔구간,0.7,0.12,2026-08-26
GME,0.9,17.97,4589262,5174289,82.47,94.7,0.9,-0.4,-0.3,중립,팽이도지,잔구간,0.5,0.0,2026-08-26
GLWG,0.9,13.74,494735,538143,6.8,19.19,0.4,-0.4,7.3,매수관심,장대양봉,잔구간,0.94,1.265,2026-08-26
SLI,0.9,2.61,1432734,1564553,3.74,3.78,1.0,0.8,0.8,강한매수,양봉스프링,전고점돌파,0.75,3.3,2026-08-26
NGEN,0.9,2.21,469101,517582,1.04,1.05,1.0,0.5,5.7,강한매수,양봉,전고점돌파,0.95,2.74,2026-08-26
PLTD,0.9,5.15,24097430,26453981,124.1,142.62,0.9,1.3,-3.9,매도주의,장대음봉,잔구간,0.1,-1.24,2026-08-26
PHK,0.9,4.52,676554,753508,3.06,3.6,0.8,-0.2,-0.7,매도주의,장대음봉,잔구간,0.0,-1.3,2026-08-26
NUV,0.9,8.92,405160,432487,3.61,4.1,0.9,-0.3,-0.4,매도주의,음봉,전저점이탈,0.33,-1.65,2026-08-26
TIC,0.9,9.81,1313563,1506841,12.89,18.07,0.7,-0.3,0.9,중립,양봉,전고점부근,0.8,0.61,2026-08-26
TETH,0.9,12.33,1148449,1341521,14.16,12.05,1.2,-0.8,1.1,매수관심,양봉,완만한상승,0.75,1.9,2026-08-26
DNN,0.9,3.63,27661305,31411135,100.41,98.64,1.0,0.5,-2.9,중립,음봉,잔구간,0.12,-0.58,2026-08-26
WIT,0.9,1.83,4667235,5482834,8.54,8.95,1.0,-1.6,-1.1,매도주의,음봉,전저점이탈,0.15,-1.87,2026-08-26
IVR,0.9,7.37,1921014,2175433,14.16,17.21,0.8,0.1,-1.1,매도주의,장대음봉,잔구간,0.19,-1.185,2026-08-26
VTEX,0.9,3.66,656739,708665,2.4,2.83,0.8,-0.6,1.7,강한매수,장대양봉,완만한상승,0.9,3.38,2026-08-26
TTD,0.9,13.03,13502825,14538420,175.94,255.45,0.7,-0.8,-0.8,강한매도,위꼬리음봉,전저점이탈,0.11,-2.72,2026-08-26
TSLL,0.9,8.87,102583011,116255476,909.91,1016.63,0.9,-2.9,0.5,중립,팽이도지,잔구간,0.37,-0.08,2026-08-26
TSL,0.9,12.89,354962,402418,4.58,5.83,0.8,-2.0,0.4,중립,위꼬리양봉,잔구간,0.34,-0.595,2026-08-26
FRVO,0.9,15.44,3617926,4081444,55.86,82.92,0.7,-0.4,-5.7,매도주의,장대음봉,전저점부근,0.18,-1.63,2026-08-26
BTG,0.9,5.74,23619060,27332303,135.57,149.14,0.9,-2.0,-0.2,매도주의,위꼬리음봉,잔구간,0.18,-0.94,2026-08-26
KLRA,0.9,18.44,785304,923590,14.48,14.15,1.0,-0.2,4.1,매수관심,장대양봉,잔구간,0.97,1.28,2026-08-26
RMNI,0.9,5.15,394321,418403,2.03,2.0,1.0,-0.8,-0.2,중립,팽이도지,잔구간,0.42,-0.05,2026-08-26
MFA,0.9,8.8,1355265,1462575,11.93,11.43,1.0,0.2,-0.7,매도주의,장대음봉,전저점부근,0.26,-1.54,2026-08-26
MEI,0.9,17.06,573373,627414,9.78,9.15,1.1,1.2,5.0,중립,양봉,잔구간,0.77,0.51,2026-08-26
MCHB,0.9,16.05,371604,431297,5.96,7.23,0.8,0.2,-0.5,중립,음봉,전저점부근,0.36,-0.12,2026-08-26
DDD,0.9,3.3,1626099,1875992,5.37,7.07,0.8,-0.3,2.8,중립,양봉,잔구간,0.84,0.555,2026-08-26
DCH,0.9,6.4,1902625,2004946,12.18,16.15,0.8,-2.2,1.7,중립,양봉,잔구간,0.78,0.52,2026-08-26
TALO,0.9,16.72,1510616,1643820,25.26,27.42,0.9,-2.1,3.5,매수관심,장대양봉,잔구간,0.96,1.275,2026-08-26
DRTS,0.9,14.96,436743,489535,6.53,7.41,0.9,0.0,1.8,강한매수,장대양봉,완만한상승,0.9,3.38,2026-08-26
DPRO,0.9,4.35,425959,473992,1.85,2.98,0.6,-0.7,1.2,매수관심,양봉,완만한상승,0.81,1.97,2026-08-26
RIVN,0.9,16.33,19289204,22270507,314.99,351.13,0.9,-0.5,-2.0,중립,음봉,잔구간,0.5,-0.35,2026-08-26
RITM,0.9,10.08,3220710,3733684,32.46,36.95,0.9,-0.1,-0.8,강한매도,장대음봉,전저점이탈,0.18,-3.13,2026-08-26
LBRT,0.9,18.51,3859060,4286372,71.43,69.52,1.0,-1.0,1.8,중립,양봉,잔구간,1.0,0.65,2026-08-26
LADR,0.9,9.86,670993,752379,6.62,8.82,0.7,0.4,-1.5,매도주의,장대음봉,잔구간,0.06,-1.265,2026-08-26
EDIT,0.9,3.18,2947996,3222815,9.37,9.53,1.0,3.7,-6.5,매도주의,장대음봉,잔구간,0.06,-1.265,2026-08-26
DXC,0.9,10.55,1879929,2108267,19.83,26.62,0.7,-1.7,-1.4,매도주의,장대음봉,잔구간,0.18,-1.19,2026-08-26
DV,0.9,13.3,2072841,2259335,27.57,42.73,0.6,-0.2,0.0,중립,팽이도지,수횡파,0.5,0.6,2026-08-26
DUOT,0.9,9.935,949253,1045001,9.43,20.9,0.5,-4.4,1.7,중립,양봉,잔구간,0.57,0.39,2026-08-26
SUPV,0.9,8.8,570495,666350,5.02,5.81,0.9,0.2,0.0,중립,팽이도지,전고점부근,0.54,-0.4,2026-08-26
SUJA,0.9,9.44,797885,924124,7.53,7.95,0.9,0.6,0.6,중립,팽이도지,전고점부근,0.47,-0.49,2026-08-26
STUB,0.9,6.58,5065505,5799751,33.33,67.67,0.5,-0.9,-2.5,중립,음봉,전저점부근,0.1,-0.43,2026-08-26
SOFI,0.9,18.84,36525603,41560860,688.14,845.43,0.8,-0.2,-0.7,매도주의,위꼬리음봉,잔구간,0.21,-0.925,2026-08-26
FSM,0.9,12.41,5046731,5863155,62.63,66.72,0.9,-1.9,1.6,중립,양봉,잔구간,0.75,0.5,2026-08-26
STTK,0.9,7.9,581839,642310,4.6,6.32,0.7,-0.4,-1.6,중립,음봉,잔구간,0.44,-0.385,2026-08-26
OBDC,0.9,11.25,2809103,2969143,31.6,40.72,0.8,-1.0,0.0,중립,위꼬리양봉,전저점부근,0.18,-0.63,2026-08-26
ARKO,0.9,4.67,814094,948911,3.8,5.58,0.7,0.2,-0.2,중립,팽이도지,잔구간,0.32,-0.11,2026-08-26
AVPT,0.9,13.21,1099681,1291703,14.53,21.02,0.7,-1.7,2.8,중립,양봉,잔구간,0.71,0.475,2026-08-26
ATEC,0.9,9.42,1418758,1529710,13.36,14.8,0.9,0.4,0.5,강한매수,양봉스프링,완만한상승,0.76,2.71,2026-08-26
UIS,0.9,2.61,473014,537817,1.23,1.48,0.8,-0.4,-2.6,강한매도,장대음봉,전저점이탈,0.3,-2.99,2026-08-26
CFFN,0.9,8.66,771210,839864,6.68,6.71,1.0,0.5,0.9,강한매수,양봉,완만한상승,0.83,2.0,2026-08-26
SMRT,0.9,1.35,761014,836849,1.03,1.68,0.6,-0.7,-5.6,매도주의,장대음봉,잔구간,0.09,-1.245,2026-08-26
SMPL,0.9,10.54,1250936,1333018,13.18,19.0,0.7,-1.3,-2.5,강한매도,장대음봉,전저점이탈,0.08,-3.25,2026-08-26
SLNH,0.9,1.16,9389511,10058168,10.89,13.64,0.8,-2.4,-3.3,중립,음봉,잔구간,0.38,-0.42,2026-08-26
FUBO,0.9,10.3,1090350,1259479,11.23,16.04,0.7,-1.5,-4.5,매도주의,장대음봉,잔구간,0.18,-1.19,2026-08-26
SOFX,0.9,10.37,1003968,1127435,10.41,10.79,1.0,0.0,-1.7,중립,음봉,잔구간,0.22,-0.52,2026-08-26
KPTI,0.9,1.96,753814,871220,1.48,2.22,0.7,0.0,2.1,매수관심,양봉,완만한상승,0.77,1.92,2026-08-26
QS,0.9,5.74,16231775,18603203,93.17,108.42,0.9,0.0,-1.4,중립,음봉,잔구간,0.37,-0.43,2026-08-26
MLCO,0.9,5.41,1034106,1123111,5.59,7.79,0.7,0.7,-2.0,매도주의,장대음봉,잔구간,0.0,-1.3,2026-08-26
BRSP,0.9,4.79,801977,849898,3.84,4.64,0.8,0.2,-1.8,매도주의,장대음봉,전저점부근,0.08,-1.75,2026-08-26
BRR,0.9,2.17,909460,1048699,1.97,1.75,1.1,-2.2,-1.4,중립,망치형,잔구간,0.67,0.6,2026-08-26
RES,0.9,6.14,1208318,1384385,7.42,8.56,0.9,-1.1,1.2,강한매수,양봉,완만한상승,0.83,2.0,2026-08-26
WOOF,0.9,2.77,1390852,1479247,3.85,4.46,0.9,0.0,0.4,매수관심,팽이도지,완만한상승,0.62,1.04,2026-08-26
FOSL,0.9,5.42,587446,637316,3.18,5.22,0.6,-0.5,-0.2,중립,팽이도지,잔구간,0.47,-0.02,2026-08-26
FLYW,0.9,18.84,1234973,1341705,23.27,28.36,0.8,-0.1,-1.8,매도주의,장대음봉,잔구간,0.31,-1.115,2026-08-26
UPBD,0.9,19.44,654556,744658,12.72,14.12,0.9,0.6,-0.2,매수관심,팽이도지,완만한상승,0.42,0.8,2026-08-26
OCTV,0.9,18.6,1738873,1832445,32.34,50.78,0.6,-2.0,4.0,강한매수,장대양봉,완만한상승,0.94,3.43,2026-08-26
OCSL,0.9,13.06,462950,498117,6.05,6.96,0.9,-0.2,-0.5,중립,음봉,잔구간,0.17,-0.55,2026-08-26
PFXF,0.9,18.06,474667,546451,8.57,10.5,0.8,-0.4,0.7,강한매수,장대양봉,완만한상승,0.9,3.38,2026-08-26
EVLV,0.9,5.2,1631938,1837400,8.49,12.44,0.7,-0.2,-1.3,중립,음봉,전저점부근,0.19,-0.32,2026-08-26
EVGO,0.9,1.46,2346458,2476000,3.43,4.12,0.8,0.7,-2.7,매도주의,장대음봉,잔구간,0.2,-1.18,2026-08-26
EVEX,0.9,2.4,575719,650914,1.38,1.9,0.7,0.8,-3.2,매도주의,장대음봉,전저점부근,0.0,-1.85,2026-08-26
FHTX,0.9,6.69,318860,369382,2.13,2.67,0.8,0.0,-2.3,중립,음봉,잔구간,0.53,-0.33,2026-08-26
FAC,0.9,4.92,318562,340985,1.57,1.62,1.0,-0.8,-4.8,매도주의,장대음봉,잔구간,0.19,-1.185,2026-08-26
LXEO,0.9,5.01,689958,793587,3.46,4.5,0.8,-0.6,-1.8,중립,음봉,잔구간,0.5,-0.35,2026-08-26
LOMA,0.9,9.65,368576,407695,3.56,4.51,0.8,0.2,-1.2,중립,음봉,잔구간,0.21,-0.525,2026-08-26
LI,0.9,12.14,3127978,3452896,37.97,35.18,1.1,-1.1,0.0,중립,위꼬리양봉,전저점부근,0.05,-0.79,2026-08-26
AREC,0.9,2.67,1836914,2011937,4.9,5.97,0.8,-1.5,-0.4,중립,팽이도지,잔구간,0.49,-0.005,2026-08-26
ARCT,0.9,15.83,2230326,2353245,35.31,21.26,1.7,-0.6,3.1,매수관심,양봉,완만한상승,0.63,1.76,2026-08-26
APLE,0.9,16.55,1877686,2031813,31.08,34.63,0.9,-0.2,-0.9,매도주의,장대음봉,잔구간,0.13,-1.22,2026-08-26
ANNX,0.9,4.99,2276561,2593051,11.36,15.12,0.8,-0.4,-2.7,매도주의,장대음봉,잔구간,0.16,-1.205,2026-08-26
SRAD,0.9,12.95,1528011,1611968,19.79,25.69,0.8,-0.2,0.5,강한매수,양봉스프링,완만한상승,0.77,2.72,2026-08-26
SPT,0.9,10.64,1125430,1321525,11.97,13.1,0.9,-2.2,1.7,중립,양봉,잔구간,0.69,0.465,2026-08-26
SPIR,0.9,13.54,454040,523398,6.15,8.11,0.8,0.1,-1.5,중립,음봉,수횡파,0.21,-0.45,2026-08-26
PAL,0.9,5.38,492646,537399,2.65,5.2,0.5,0.7,-1.3,중립,음봉,잔구간,0.58,-0.3,2026-08-26
OMER,0.9,18.22,1409101,1537489,25.67,60.17,0.4,-1.7,-3.9,매도주의,장대음봉,잔구간,0.02,-1.29,2026-08-26
QTTB,0.9,16.18,327152,365518,5.29,5.83,0.9,-1.2,0.3,중립,팽이도지,잔구간,0.53,0.02,2026-08-26
XIFR,0.9,11.69,684927,804263,8.01,8.0,1.0,0.2,0.1,매수관심,팽이도지,완만한상승,0.53,0.94,2026-08-26
ABX,0.9,9.78,408558,477142,4.0,5.57,0.7,-0.5,-0.5,중립,팽이도지,잔구간,0.43,-0.04,2026-08-26
ACRS,0.9,6.19,1736052,2038989,10.75,10.17,1.1,-0.1,-5.2,매도주의,장대음봉,잔구간,0.26,-1.145,2026-08-26
ACI,0.9,12.4,5032255,5551737,62.4,67.86,0.9,0.2,0.0,중립,팽이도지,완만한상승,0.29,0.65,2026-08-26
AI,0.9,9.7,3821791,4135985,37.07,42.85,0.9,-1.9,1.0,중립,양봉,잔구간,0.65,0.44,2026-08-26
PAR,0.9,19.69,695995,806766,13.7,17.47,0.8,-2.4,4.2,매수관심,장대양봉,잔구간,1.0,1.3,2026-08-26
PCG,0.9,18.22,17279887,19508726,314.84,435.75,0.7,-0.5,-0.2,중립,망치형,잔구간,0.69,0.615,2026-08-26
TMQ,0.9,3.72,806934,853883,3.0,4.21,0.7,-0.3,-2.9,중립,음봉,잔구간,0.09,-0.595,2026-08-26
XPOF,0.9,5.68,519953,587409,2.95,3.07,1.0,1.0,7.4,강한매수,장대양봉,전고점돌파,0.8,3.86,2026-08-26
PATH,0.8,16.76,56498604,68296063,946.92,1144.2,0.8,-2.2,2.9,중립,양봉,전고점부근,0.77,0.57,2026-08-26
OXSQ,0.8,1.35,1146999,1452875,1.55,2.77,0.6,-0.4,-1.1,매도주의,음봉,전저점이탈,0.33,-1.65,2026-08-26
OXLC,0.8,9.52,550092,678590,5.24,10.91,0.5,-0.6,0.0,중립,위꼬리양봉,잔구간,0.07,-0.76,2026-08-26
OVID,0.8,2.88,1143484,1390750,3.29,4.58,0.7,-0.2,-0.9,중립,음봉,잔구간,0.41,-0.405,2026-08-26
ACDC,0.8,4.62,1271661,1616275,5.88,8.4,0.7,-1.5,0.4,중립,팽이도지,잔구간,0.53,0.02,2026-08-26
PANL,0.8,7.92,332866,391757,2.64,3.18,0.8,-0.5,-5.1,매도주의,장대음봉,잔구간,0.1,-1.24,2026-08-26
TRVI,0.8,17.92,1207761,1498759,21.64,27.52,0.8,-0.3,0.2,매수관심,양봉스프링,잔구간,0.85,0.96,2026-08-26
TRIP,0.8,9.87,2421408,2901957,23.9,29.56,0.8,0.7,-2.9,강한매도,장대음봉,전저점이탈,0.06,-3.28,2026-08-26
ADMA,0.8,9.63,1371358,1720941,13.21,18.35,0.7,-0.2,-0.7,중립,음봉,잔구간,0.51,-0.345,2026-08-26
PACK,0.8,5.08,344699,415158,1.75,2.01,0.9,0.4,0.0,중립,팽이도지,잔구간,0.63,0.08,2026-08-26
XRAY,0.8,10.93,2882807,3392145,31.51,42.47,0.7,0.0,-0.4,중립,팽이도지,잔구간,0.27,-0.14,2026-08-26
PAYP,0.8,15.63,493526,595924,7.71,10.57,0.7,-1.1,-2.3,매도주의,장대음봉,잔구간,0.25,-1.15,2026-08-26
LYG,0.8,6.04,9686776,12080444,58.51,66.61,0.9,-0.2,-0.5,매도주의,장대음봉,잔구간,0.25,-1.15,2026-08-26
AEG,0.8,9.21,3332775,4103006,30.69,34.36,0.9,0.3,-0.3,중립,음봉,잔구간,0.06,-0.615,2026-08-26
ALMU,0.8,13.82,442141,531903,6.11,7.59,0.8,-0.8,-2.0,중립,음봉,잔구간,0.32,-0.46,2026-08-26
BCRX,0.8,9.83,1858895,2330951,18.27,28.28,0.6,-0.6,0.6,매수관심,양봉,완만한상승,0.63,1.76,2026-08-26
BCAT,0.8,15.79,440761,533070,6.96,10.38,0.7,-0.2,-0.4,중립,음봉,잔구간,0.09,-0.595,2026-08-26
BLCO,0.8,17.25,350897,420643,6.05,6.56,0.9,0.5,-0.5,강한매수,망치형,완만한상승,0.67,2.1,2026-08-26
LBTYK,0.8,10.5,978591,1203703,10.28,12.54,0.8,0.4,-0.5,중립,팽이도지,잔구간,0.45,-0.03,2026-08-26
LSPD,0.8,10.49,506595,628213,5.31,6.58,0.8,-1.4,0.0,중립,팽이도지,잔구간,0.48,-0.01,2026-08-26
MAT,0.8,15.23,2555459,3327361,38.92,51.07,0.8,0.6,-0.8,중립,음봉,잔구간,0.2,-0.53,2026-08-26
MASS,0.8,10.37,461183,592067,4.78,6.1,0.8,-0.4,-5.4,매도주의,장대음봉,잔구간,0.08,-1.25,2026-08-26
BITO,0.8,10.58,87665908,116453288,927.51,853.89,1.1,-1.3,0.6,중립,양봉,잔구간,0.74,0.495,2026-08-26
QTEX,0.8,0.819,1489770,1801370,1.22,4.73,0.3,0.0,-5.1,매도주의,장대음봉,전저점부근,0.0,-1.85,2026-08-26
QSI,0.8,0.791,2662928,3543718,2.11,3.07,0.7,0.3,-7.0,매도주의,장대음봉,잔구간,0.01,-1.295,2026-08-26
QNST,0.8,19.68,665691,835942,13.1,17.66,0.7,-0.8,-1.3,매도주의,음봉,전저점이탈,0.35,-1.63,2026-08-26
MLTX,0.8,15.62,1001603,1244832,15.65,21.91,0.7,-0.4,0.8,중립,양봉,잔구간,0.66,0.445,2026-08-26
MIR,0.8,14.9,2297145,2946842,34.23,48.42,0.7,0.0,1.3,중립,양봉,잔구간,0.69,0.465,2026-08-26
MH,0.8,13.04,474184,620007,6.18,12.37,0.5,-1.2,1.2,매수관심,양봉,완만한상승,0.67,1.8,2026-08-26
MGTX,0.8,14.56,606490,798520,8.83,10.71,0.8,-0.5,-2.0,중립,음봉,잔구간,0.29,-0.475,2026-08-26
VIV,0.8,11.61,943972,1171572,10.96,24.53,0.4,0.0,-0.3,중립,음봉,잔구간,0.41,-0.405,2026-08-26
VFC,0.8,13.89,4980427,6184969,69.18,82.96,0.8,0.1,0.1,중립,팽이도지,잔구간,0.49,-0.005,2026-08-26
REPL,0.8,15.88,2375263,3053193,37.72,53.59,0.7,-1.3,1.8,중립,양봉,전고점부근,0.88,0.71,2026-08-26
REI,0.8,1.4,2629865,3238006,3.68,4.49,0.8,-2.8,0.0,중립,팽이도지,잔구간,0.34,-0.095,2026-08-26
RKLZ,0.8,4.088,4013060,5211054,16.4,19.4,0.8,1.5,0.4,매수관심,양봉스프링,전고점부근,0.8,1.41,2026-08-26
RGTZ,0.8,3.35,4354993,5377902,14.59,16.33,0.9,2.3,8.8,강한매수,장대양봉,완만한상승,0.94,3.43,2026-08-26
LAR,0.8,6.71,1645850,1976666,11.04,14.1,0.8,0.6,-0.7,중립,팽이도지,잔구간,0.37,-0.08,2026-08-26
LABX,0.8,10.92,584640,773835,6.38,15.77,0.4,-2.0,7.8,매수관심,장대양봉,잔구간,1.0,1.3,2026-08-26
LABD,0.8,5.96,16230108,20977079,96.73,125.72,0.8,2.2,-1.2,중립,음봉,잔구간,0.19,-0.535,2026-08-26
KVYO,0.8,17.79,3213015,3811134,57.16,95.68,0.6,-0.3,1.4,매수관심,양봉,완만한상승,0.58,1.7,2026-08-26
KURA,0.8,13.06,2705084,3387020,35.33,35.8,1.0,0.3,-4.2,매도주의,장대음봉,잔구간,0.11,-1.235,2026-08-26
RGTI,0.8,15.94,15413310,19714993,245.69,308.1,0.8,-1.4,-4.6,매도주의,장대음봉,잔구간,0.01,-1.295,2026-08-26
EBS,0.8,5.97,1165906,1390700,6.96,6.04,1.2,-1.4,7.4,강한매수,장대양봉,전고점돌파,0.93,4.02,2026-08-26
DXD,0.8,16.54,1095569,1413659,18.12,20.76,0.9,0.1,0.3,중립,양봉,잔구간,0.59,0.405,2026-08-26
KOS,0.8,2.78,12406660,14598062,34.49,33.17,1.0,-2.9,4.9,강한매수,장대양봉,완만한상승,0.9,3.38,2026-08-26
RLX,0.8,1.79,2716263,3340364,4.86,7.58,0.6,0.0,0.0,중립,위꼬리양봉,완만한상승,0.0,-0.7,2026-08-26
CMCO,0.8,17.98,300365,362525,5.4,6.99,0.8,0.2,0.9,중립,양봉,잔구간,0.72,0.48,2026-08-26
CRBU,0.8,1.65,841305,1027517,1.39,1.69,0.8,-0.6,-5.7,매도주의,장대음봉,잔구간,0.09,-1.245,2026-08-26
CRBP,0.8,11.3,392194,474873,4.43,7.04,0.6,0.4,-0.5,중립,팽이도지,전고점부근,0.58,-0.35,2026-08-26
TE,0.8,4.51,15576802,19852885,70.25,108.06,0.7,-1.9,-1.1,중립,팽이도지,잔구간,0.3,-0.12,2026-08-26
TDAY,0.8,6.4,2005338,2553889,12.83,19.17,0.7,0.3,-1.7,중립,음봉,잔구간,0.18,-0.54,2026-08-26
JBS,0.8,13.75,4191031,5386398,57.63,79.04,0.7,0.5,-2.6,매도주의,장대음봉,잔구간,0.07,-1.26,2026-08-26
WLTH,0.8,9.3,929500,1145597,8.64,10.12,0.9,-0.2,-1.2,매도주의,장대음봉,잔구간,0.06,-1.265,2026-08-26
WETO,0.8,17.28,531295,685282,9.18,183.48,0.1,-18.2,-25.4,매도주의,장대음봉,잔구간,0.19,-1.185,2026-08-26
WEAV,0.8,7.31,4341825,5468139,31.74,58.9,0.5,0.1,0.1,매수관심,양봉,전고점부근,1.0,0.85,2026-08-26
WDCX,0.8,18.97,1109591,1380672,21.05,41.51,0.5,-0.4,8.5,매수관심,장대양봉,잔구간,0.93,1.26,2026-08-26
VWAV,0.8,1.02,1233380,1555755,1.26,6.43,0.2,-0.9,-5.6,매도주의,장대음봉,전저점부근,0.22,-1.59,2026-08-26
IREX,0.8,13.44,1029278,1212254,13.83,23.34,0.6,-4.1,-8.6,매도주의,장대음봉,전저점부근,0.09,-1.74,2026-08-26
KD,0.8,12.68,3320361,4337677,42.1,50.7,0.8,-1.7,-0.9,중립,음봉,잔구간,0.47,-0.37,2026-08-26
KC,0.8,10.23,1578705,1881540,16.15,18.78,0.9,-1.3,-1.4,매도주의,음봉,전저점이탈,0.07,-1.97,2026-08-26
KBDC,0.8,13.48,339103,420265,4.57,6.01,0.8,0.1,-0.4,중립,음봉,수횡파,0.12,-0.56,2026-08-26
JOBY,0.8,7.14,18210186,23333427,130.02,189.57,0.7,-0.6,-0.6,매도주의,위꼬리음봉,전저점부근,0.12,-1.21,2026-08-26
MSTZ,0.8,6.01,20120483,25347543,120.92,129.62,0.9,5.4,0.2,중립,팽이도지,잔구간,0.51,0.005,2026-08-26
AMCX,0.8,12.71,390025,499344,4.96,6.48,0.8,0.0,-1.1,중립,음봉,잔구간,0.58,-0.3,2026-08-26
XERS,0.8,8.68,1504242,1782047,13.06,13.91,0.9,0.0,-0.7,매도주의,위꼬리음봉,잔구간,0.25,-0.9,2026-08-26
WVE,0.8,5.23,2197307,2779482,11.49,18.91,0.6,0.2,-0.6,중립,팽이도지,잔구간,0.42,-0.05,2026-08-26
RSKD,0.8,5.97,1217794,1589981,7.27,17.05,0.4,-0.8,1.4,중립,양봉,잔구간,0.76,0.505,2026-08-26
BRNX,0.8,6.24,1282569,1594308,8.0,5.55,1.4,16.0,-3.3,매수관심,팽이도지,전고점돌파,0.28,1.24,2026-08-26
ICL,0.8,5.68,890291,1142117,5.06,5.77,0.9,0.5,0.2,매수관심,팽이도지,완만한상승,0.57,0.98,2026-08-26
INTR,0.8,5.53,3797210,4697331,21.0,24.89,0.8,1.4,-3.3,매도주의,장대음봉,잔구간,0.04,-1.275,2026-08-26
INO,0.8,1.3,3723935,4669009,4.84,7.08,0.7,-0.8,1.6,매수관심,팽이도지,완만한상승,0.44,0.83,2026-08-26
INMD,0.8,14.93,319179,400460,4.77,5.93,0.8,-0.2,-0.5,매도주의,장대음봉,잔구간,0.26,-1.145,2026-08-26
SAIL,0.8,18.22,1984984,2386468,36.17,53.66,0.7,-2.9,5.0,매수관심,장대양봉,잔구간,0.93,1.26,2026-08-26
BB,0.8,7.79,6253534,7392809,48.72,73.12,0.7,-1.2,1.2,중립,양봉,잔구간,0.68,0.46,2026-08-26
NB,0.8,4.33,2838198,3571333,12.29,15.41,0.8,-0.4,-2.7,중립,음봉,잔구간,0.13,-0.57,2026-08-26
NAC,0.8,11.68,342645,454653,4.0,5.0,0.8,-0.2,-0.3,매도주의,장대음봉,잔구간,0.0,-1.3,2026-08-26
NABL,0.8,3.8,1915662,2460336,7.28,9.76,0.7,-1.6,3.0,중립,양봉,전고점부근,0.72,0.51,2026-08-26
PSKY,0.8,10.74,7909513,9560623,84.95,108.38,0.8,-0.4,1.0,중립,양봉,전고점부근,0.91,0.74,2026-08-26
HTGC,0.8,17.64,1379796,1657206,24.34,28.43,0.9,-0.2,0.5,중립,양봉,전고점부근,0.63,0.41,2026-08-26
SDGR,0.8,19.47,752125,974266,14.64,20.21,0.7,-1.3,-1.3,중립,음봉,잔구간,0.25,-0.5,2026-08-26
SBS,0.8,4.85,7177163,9369081,34.81,58.3,0.6,2.3,-1.2,매도주의,장대음봉,전고점돌파,0.16,-0.91,2026-08-26
SANA,0.8,4.16,2293828,2836484,9.54,10.65,0.9,-0.7,2.2,중립,양봉,전고점부근,0.8,0.61,2026-08-26
ASTX,0.8,10.54,2308511,3007006,24.33,41.75,0.6,-4.0,-3.1,매도주의,음봉,전저점이탈,0.17,-1.85,2026-08-26
ASPI,0.8,3.945,2644899,3419500,10.43,12.72,0.8,0.0,-1.4,매도주의,위꼬리음봉,잔구간,0.24,-0.905,2026-08-26
GSBD,0.8,10.02,693288,830797,6.95,8.74,0.8,-0.3,-0.5,중립,음봉,잔구간,0.38,-0.42,2026-08-26
SHEN,0.8,12.37,308989,406771,3.82,4.69,0.8,0.6,0.2,중립,팽이도지,잔구간,0.57,0.04,2026-08-26
SHC,0.8,19.54,1908969,2406616,37.3,53.98,0.7,0.0,0.2,중립,위꼬리양봉,완만한상승,0.19,-0.47,2026-08-26
SFIX,0.8,3.17,1053171,1370549,3.34,4.71,0.7,0.5,-0.5,중립,팽이도지,잔구간,0.53,0.02,2026-08-26
HR,0.8,19.26,2166894,2683395,41.73,55.21,0.8,0.1,-0.7,매도주의,장대음봉,잔구간,0.06,-1.265,2026-08-26
HITI,0.8,2.52,564508,752075,1.42,1.4,1.0,0.0,-1.9,매도주의,장대음봉,잔구간,0.17,-1.2,2026-08-26
HTZ,0.8,2.09,15118826,18584699,31.6,89.76,0.4,0.0,-6.3,매도주의,장대음봉,잔구간,0.0,-1.3,2026-08-26
CLBK,0.8,11.62,2599699,3081339,30.21,55.18,0.5,0.1,-0.4,강한매수,망치형,수횡파,0.65,2.7800000000000002,2026-08-26
USIO,0.8,2.91,401836,500481,1.17,2.4,0.5,0.0,-1.0,중립,팽이도지,잔구간,0.3,-0.12,2026-08-26
BZAI,0.8,0.496,3054010,4005037,1.52,7.87,0.2,-2.6,7.9,매수관심,장대양봉,잔구간,0.6,1.06,2026-08-26
HDSN,0.8,5.29,600963,756733,3.18,4.92,0.6,0.7,-4.0,강한매도,장대음봉,전저점이탈,0.18,-3.13,2026-08-26
POET,0.8,8.08,5683390,7278481,45.92,89.87,0.5,-1.2,1.3,중립,양봉,잔구간,0.72,0.48,2026-08-26
NCT,0.8,4.25,888774,1168704,3.78,6.47,0.6,-0.5,-1.4,중립,팽이도지,잔구간,0.5,0.0,2026-08-26
HELP,0.8,13.63,1559908,1843211,21.26,22.93,0.9,1.5,-3.9,매도주의,장대음봉,잔구간,0.06,-1.265,2026-08-26
HE,0.8,11.49,1872129,2313367,21.51,24.26,0.9,-0.4,1.4,중립,양봉,잔구간,0.89,0.585,2026-08-26
CRTO,0.8,16.97,327415,399280,5.56,8.53,0.7,0.5,-2.4,매도주의,장대음봉,전저점부근,0.17,-1.65,2026-08-26
DAMD,0.8,1.58,21180306,25938352,33.46,46.5,0.7,1.3,-2.5,중립,음봉,잔구간,0.64,-0.265,2026-08-26
DAKT,0.8,19.51,315961,402017,6.16,8.42,0.7,0.4,1.7,강한매수,장대양봉,완만한상승,0.89,3.37,2026-08-26
CWK,0.8,14.5,1359442,1734482,19.71,24.83,0.8,-0.3,-2.0,매도주의,장대음봉,잔구간,0.12,-1.23,2026-08-26
GOF,0.8,9.69,2483690,3062438,24.07,44.85,0.5,-0.3,0.9,중립,양봉,잔구간,0.59,0.405,2026-08-26
GNL,0.8,9.14,1283285,1614261,11.73,20.7,0.6,0.0,-1.2,매도주의,장대음봉,잔구간,0.15,-1.21,2026-08-26
GMEU,0.8,5.08,333744,398826,1.7,1.94,0.9,-0.7,-0.6,중립,망치형,잔구간,0.59,0.555,2026-08-26
SLDP,0.8,2.34,1980827,2405389,4.64,5.71,0.8,0.4,-0.4,중립,팽이도지,완만한상승,0.4,0.78,2026-08-26
SIDU,0.8,2.25,2610463,3259593,5.87,11.72,0.5,-0.9,0.0,중립,팽이도지,잔구간,0.36,-0.085,2026-08-26
NMAX,0.8,10.56,816319,1045250,8.62,18.73,0.5,-1.6,-1.7,중립,음봉,잔구간,0.39,-0.415,2026-08-26
NIQ,0.8,18.74,1093644,1348564,20.49,30.12,0.7,-0.2,-2.4,중립,음봉,잔구간,0.24,-0.505,2026-08-26
PLTK,0.8,2.41,1318872,1709741,3.18,4.74,0.7,-1.2,-0.4,중립,팽이도지,잔구간,0.59,0.055,2026-08-26
NUS,0.8,4.84,409041,488192,1.98,2.44,0.8,0.6,-0.8,중립,음봉,수횡파,0.29,-0.35,2026-08-26
TSDD,0.8,8.97,3772513,4818613,33.84,44.28,0.8,3.3,-0.7,강한매수,망치형,완만한상승,0.65,2.08,2026-08-26
GENI,0.8,7.62,3003929,3947779,22.89,33.66,0.7,-0.9,-3.3,중립,음봉,잔구간,0.22,-0.52,2026-08-26
GBDC,0.8,13.11,692891,921969,9.08,14.07,0.6,0.2,-0.2,중립,음봉,완만한상승,0.0,-0.4,2026-08-26
BVS,0.8,13.97,488878,608703,6.83,8.61,0.8,-0.4,-0.4,중립,망치형,잔구간,0.82,0.69,2026-08-26
BTQ,0.8,3.33,1292508,1709443,4.3,6.61,0.7,-0.9,-1.5,중립,음봉,잔구간,0.36,-0.435,2026-08-26
CC,0.8,15.78,1388222,1731607,21.91,33.46,0.7,-0.7,0.8,매수관심,양봉,완만한상승,0.75,1.9,2026-08-26
CATX,0.8,3.16,799217,954526,2.53,3.57,0.7,-0.3,-3.7,매도주의,장대음봉,잔구간,0.13,-1.22,2026-08-26
STLA,0.8,5.15,19740211,24374779,101.66,110.56,0.9,0.2,-2.3,매도주의,장대음봉,잔구간,0.07,-1.26,2026-08-26
UA,0.8,5.02,1770677,2207447,8.89,12.58,0.7,1.0,-0.6,매도주의,위꼬리음봉,완만한상승,0.17,-1.0,2026-08-26
OBE,0.8,11.03,572208,673654,6.31,7.88,0.8,-2.7,3.0,매수관심,양봉,완만한상승,0.74,1.89,2026-08-26
NZF,0.8,12.23,339383,415896,4.15,5.43,0.8,-0.4,-0.2,중립,팽이도지,잔구간,0.28,-0.13,2026-08-26
AVTR,0.8,14.5,4772318,6186973,69.2,80.11,0.9,-1.3,1.9,매수관심,장대양봉,전고점부근,0.71,1.8,2026-08-26
AVS,0.8,8.215,7328439,9250037,60.2,90.55,0.7,-0.1,0.3,강한매도,위꼬리양봉,전고점부근,0.37,-2.6100000000000003,2026-08-26
AUPH,0.8,16.54,777987,1014673,12.87,19.39,0.7,-0.9,-0.4,중립,망치형,잔구간,0.65,0.59,2026-08-26
NXE,0.8,11.07,3637950,4486335,40.27,67.37,0.6,-0.7,-0.5,매도주의,위꼬리음봉,잔구간,0.05,-1.02,2026-08-26
UPB,0.8,7.13,432931,546482,3.09,4.01,0.8,0.0,-0.7,중립,팽이도지,잔구간,0.56,0.035,2026-08-26
ULCC,0.8,5.97,2117519,2706926,12.64,15.51,0.8,2.7,-2.6,매도주의,장대음봉,잔구간,0.09,-1.245,2026-08-26
FLG,0.8,13.61,3592702,4421697,48.9,54.4,0.9,0.1,1.1,중립,양봉,잔구간,0.7,0.47,2026-08-26
FWDI,0.8,5.93,1514384,1809173,8.98,9.58,0.9,-1.3,-0.7,중립,팽이도지,잔구간,0.48,-0.01,2026-08-26
SPCE,0.8,2.89,4469306,5887005,12.92,29.94,0.4,-0.3,-2.4,강한매도,장대음봉,전저점이탈,0.09,-3.24,2026-08-26
SOC,0.8,4.63,7572557,9991679,35.06,53.32,0.7,0.0,-1.7,중립,팽이도지,잔구간,0.49,-0.005,2026-08-26
FNKO,0.8,6.38,700254,827586,4.47,5.51,0.8,-0.7,-4.5,매도주의,장대음봉,잔구간,0.05,-1.27,2026-08-26
FLNC,0.8,11.08,5323650,6426707,58.99,73.9,0.8,-1.1,-0.4,중립,팽이도지,잔구간,0.57,0.04,2026-08-26
UPXI,0.8,1.06,2810082,3737107,2.98,2.91,1.0,-6.4,3.9,매수관심,장대양봉,잔구간,1.0,1.3,2026-08-26
OGG,0.8,3.08,1085131,1367142,3.34,7.77,0.4,-3.1,-0.3,중립,팽이도지,잔구간,0.45,-0.03,2026-08-26
PHAT,0.8,8.77,800621,977936,7.02,10.23,0.7,-0.2,-0.1,중립,팽이도지,잔구간,0.68,0.11,2026-08-26
PFLT,0.8,7.37,572587,744735,4.22,6.3,0.7,0.1,-0.8,매도주의,장대음봉,잔구간,0.0,-1.3,2026-08-26
PEB,0.8,18.37,1181643,1477467,21.71,29.99,0.7,0.3,-0.2,강한매수,망치형,완만한상승,0.69,2.13,2026-08-26
OPRA,0.8,19.47,363978,430408,7.09,8.71,0.8,-0.1,0.4,매수관심,팽이도지,완만한상승,0.7,1.14,2026-08-26
ABEV,0.8,2.9,21158584,25868420,61.36,98.23,0.6,0.7,-1.7,매도주의,장대음봉,잔구간,0.17,-1.2,2026-08-26
SPCU,0.8,11.85,1736722,2045932,20.58,30.14,0.7,-1.7,3.9,중립,양봉,잔구간,0.91,0.595,2026-08-26
EVH,0.8,4.92,2231980,2671919,10.98,13.29,0.8,-1.8,2.5,매수관심,양봉,완만한상승,0.63,1.76,2026-08-26
FIGS,0.8,15.22,1858905,2248799,28.29,31.35,0.9,1.4,2.2,중립,양봉,전고점부근,0.88,0.71,2026-08-26
FBIO,0.8,2.81,395827,493951,1.11,2.01,0.6,-1.4,0.7,중립,위꼬리양봉,수횡파,0.3,-0.64,2026-08-26
WSE,0.8,13.23,628204,779100,8.31,11.44,0.7,0.5,0.7,중립,양봉,전고점부근,0.5,0.25,2026-08-26
WRN,0.8,2.57,688560,859981,1.77,2.29,0.8,-1.1,-0.8,매도주의,위꼬리음봉,잔구간,0.12,-0.98,2026-08-26
ARDX,0.8,3.83,2916874,3734949,11.17,15.73,0.7,1.7,-0.4,중립,팽이도지,잔구간,0.48,-0.01,2026-08-26
ANGX,0.8,4.47,867681,1120385,3.88,8.82,0.4,-0.9,-1.5,중립,음봉,잔구간,0.12,-0.58,2026-08-26
ZIP,0.8,4.31,1071615,1286219,4.62,5.58,0.8,-0.9,0.0,중립,팽이도지,잔구간,0.41,-0.055,2026-08-26
ELVA,0.8,6.55,425374,547687,2.79,4.7,0.6,0.1,-1.9,중립,음봉,잔구간,0.32,-0.46,2026-08-26
ELPC,0.8,11.29,368309,452883,4.16,5.78,0.7,0.2,-1.3,매도주의,장대음봉,잔구간,0.11,-1.235,2026-08-26
ERII,0.8,7.94,684123,850699,5.43,7.42,0.7,0.1,1.0,매수관심,양봉,완만한상승,0.62,1.74,2026-08-26
WTTR,0.8,19.23,889496,1142460,17.11,22.5,0.8,-0.5,1.9,중립,양봉,잔구간,0.99,0.645,2026-08-26
ARRY,0.8,4.71,4565997,6068124,21.51,29.64,0.7,0.2,3.3,매수관심,장대양봉,잔구간,0.89,1.235,2026-08-26
AHCO,0.8,5.67,2255904,2679330,12.79,15.87,0.8,-0.2,3.7,강한매수,장대양봉,완만한상승,0.95,3.44,2026-08-26
AESI,0.8,12.07,2414802,3044458,29.15,38.14,0.8,-0.9,1.3,중립,양봉,잔구간,0.57,0.39,2026-08-26
OPEN,0.8,3.41,24600183,32007632,83.89,170.69,0.5,-0.7,-4.6,매도주의,장대음봉,잔구간,0.0,-1.3,2026-08-26
COLD,0.8,15.27,2971459,3842475,45.37,47.98,0.9,-0.7,-0.7,매도주의,위꼬리음봉,잔구간,0.03,-1.03,2026-08-26
OTF,0.8,11.07,2034895,2581834,22.53,31.04,0.7,-0.6,-0.4,중립,팽이도지,잔구간,0.31,-0.115,2026-08-26
XRP,0.8,15.42,2645999,3416778,40.8,32.65,1.2,-6.3,-0.1,중립,팽이도지,잔구간,0.49,-0.005,2026-08-26
ABAT,0.8,2.6,2919210,3495023,7.59,7.15,1.1,0.8,-0.4,중립,팽이도지,전고점부근,0.44,-0.52,2026-08-26
XHLD,0.8,8.55,1013111,1299439,8.66,21.4,0.4,-0.4,0.8,강한매수,양봉스프링,완만한상승,0.99,2.99,2026-08-26
XNDU,0.8,10.26,696853,895281,7.15,13.1,0.5,-1.0,-2.4,중립,음봉,잔구간,0.11,-0.585,2026-08-26
PAYO,0.7,7.12,1360515,1835077,9.69,29.09,0.3,0.0,0.1,강한매수,양봉,완만한상승,1.0,2.2,2026-08-26
XOS,0.7,3.6,3101514,4705501,11.17,64.16,0.2,-0.9,3.2,중립,위꼬리양봉,완만한상승,0.33,-0.3,2026-08-26
PCT,0.7,6.69,2421262,3716614,16.2,27.76,0.6,0.1,0.0,매수관심,팽이도지,완만한상승,0.56,0.97,2026-08-26
XMAX,0.7,9.14,405549,585083,3.71,5.1,0.7,-0.9,0.1,중립,위꼬리양봉,잔구간,0.3,-0.62,2026-08-26
OSS,0.7,11.07,583280,850962,6.46,10.51,0.6,0.0,-0.4,중립,팽이도지,잔구간,0.37,-0.08,2026-08-26
ADBG,0.7,5.016,1798021,2474182,9.02,12.72,0.7,-5.8,5.6,매수관심,장대양봉,잔구간,0.77,1.16,2026-08-26
ABCL,0.7,12.24,5035544,7396620,61.64,115.12,0.5,-2.2,0.2,중립,팽이도지,잔구간,0.61,0.065,2026-08-26
COTY,0.7,2.74,6433076,8998498,17.63,23.89,0.7,-1.1,3.8,강한매수,장대양봉,완만한상승,0.77,3.22,2026-08-26
CPRI,0.7,13.6,3128743,4187787,42.55,64.22,0.7,0.9,1.3,중립,양봉,잔구간,0.7,0.47,2026-08-26
CRCD,0.7,2.56,2873252,4072211,7.36,8.48,0.9,4.3,0.8,중립,팽이도지,잔구간,0.56,0.035,2026-08-26
CRGY,0.7,13.37,4034019,5787976,53.93,68.25,0.8,-1.9,1.3,중립,양봉,잔구간,0.64,0.435,2026-08-26
TRON,0.7,2.15,928838,1381320,2.0,3.51,0.6,-1.4,3.4,매수관심,양봉,완만한상승,0.5,1.6,2026-08-26
TRTX,0.7,7.71,728133,1022808,5.61,7.39,0.8,0.3,-1.4,매도주의,장대음봉,전저점부근,0.21,-1.6,2026-08-26
DFH,0.7,14.7,314445,441460,4.62,7.66,0.6,-0.5,-3.5,매도주의,장대음봉,잔구간,0.07,-1.26,2026-08-26
NAD,0.7,11.7,390914,563664,4.57,6.68,0.7,0.3,-0.2,중립,음봉,완만한상승,0.5,0.2,2026-08-26
NAVI,0.7,9.37,653828,951771,6.13,9.8,0.6,-0.1,-1.2,중립,음봉,잔구간,0.13,-0.57,2026-08-26
NXH,0.7,4.01,1368413,2050825,5.49,7.7,0.7,-1.0,-0.2,중립,망치형,잔구간,0.91,0.745,2026-08-26
OABI,0.7,4.81,1443086,2097219,6.94,13.63,0.5,0.8,2.4,중립,양봉,전고점부근,0.59,0.36,2026-08-26
NTLA,0.7,13.19,2707210,3719809,35.71,42.37,0.8,-1.0,-1.4,중립,음봉,잔구간,0.4,-0.41,2026-08-26
PHR,0.7,11.6,585295,890955,6.79,10.21,0.7,-1.3,2.0,강한매수,장대양봉,완만한상승,0.66,3.09,2026-08-26
WCMI,0.7,19.87,498826,708605,9.91,23.1,0.4,-0.3,-0.1,매도주의,위꼬리음봉,잔구간,0.18,-0.94,2026-08-26
CWVX,0.7,16.41,551634,821207,9.05,23.78,0.4,-2.1,2.2,중립,양봉,잔구간,0.43,0.31,2026-08-26
CYPH,0.7,1.63,7704078,10860273,12.56,14.04,0.9,-2.4,1.9,중립,위꼬리양봉,잔구간,0.33,-0.6,2026-08-26
CRSR,0.7,11.84,1208746,1713638,14.31,21.02,0.7,-2.7,2.8,매수관심,장대양봉,잔구간,0.82,1.19,2026-08-26
CTMX,0.7,3.32,2216285,3043197,7.36,9.46,0.8,-0.6,-0.9,중립,음봉,잔구간,0.37,-0.43,2026-08-26
TFSL,0.7,17.92,624292,882815,11.19,14.26,0.8,0.2,0.6,강한매수,양봉,전고점돌파,0.69,2.43,2026-08-26
TIMB,0.7,18.18,396135,560896,7.2,11.85,0.6,0.0,-0.4,중립,음봉,잔구간,0.1,-0.59,2026-08-26
DSL,0.7,10.64,390611,597550,4.16,5.98,0.7,0.1,-0.3,중립,음봉,잔구간,0.5,-0.35,2026-08-26
ECC,0.7,3.84,364913,510769,1.4,2.57,0.5,0.0,0.3,매수관심,팽이도지,완만한상승,0.5,0.9,2026-08-26
ECVT,0.7,10.21,1049873,1469059,10.72,13.49,0.8,0.0,0.8,매수관심,양봉,완만한상승,0.65,1.78,2026-08-26
MUZ,0.7,9.68,6048525,8218416,58.55,87.92,0.7,1.5,-2.2,중립,음봉,잔구간,0.42,-0.4,2026-08-26
PTY,0.7,11.76,911230,1385444,10.72,15.98,0.7,-0.2,-0.3,중립,음봉,잔구간,0.0,-0.65,2026-08-26
PUSA,0.7,3.85,346969,525843,1.34,2.61,0.5,1.5,0.4,매수관심,팽이도지,완만한상승,0.7,1.14,2026-08-26
NMR,0.7,10.05,421192,563817,4.23,6.09,0.7,1.4,0.0,중립,위꼬리양봉,전고점돌파,0.08,-0.0,2026-08-26
NEOV,0.7,3.48,883061,1220503,3.07,5.31,0.6,0.0,2.7,중립,양봉,잔구간,0.64,0.435,2026-08-26
NEXA,0.7,15.58,529315,759294,8.25,9.44,0.9,-1.1,-0.4,중립,팽이도지,잔구간,0.37,-0.08,2026-08-26
MYGN,0.7,3.12,1288004,1842870,4.02,5.07,0.8,-0.3,-1.9,중립,음봉,잔구간,0.33,-0.45,2026-08-26
DRVN,0.7,13.0,750316,1119092,9.75,12.02,0.8,0.2,-1.4,중립,음봉,잔구간,0.32,-0.46,2026-08-26
SWBI,0.7,13.37,362563,520338,4.85,6.97,0.7,-0.3,-0.7,매도주의,음봉,전저점이탈,0.2,-1.81,2026-08-26
DCTH,0.7,16.4,367176,492661,6.02,9.33,0.6,-0.1,-3.0,강한매도,장대음봉,전저점이탈,0.08,-3.25,2026-08-26
EPM,0.7,3.42,460730,634778,1.58,3.06,0.5,-0.3,-1.4,중립,음봉,잔구간,0.12,-0.58,2026-08-26
EQX,0.7,13.63,11283557,15368480,153.79,164.16,0.9,-2.7,0.2,중립,위꼬리양봉,잔구간,0.15,-0.71,2026-08-26
EGHT,0.7,1.9,752683,1043809,1.43,2.1,0.7,-1.0,-1.6,강한매도,장대음봉,전저점이탈,0.4,-2.87,2026-08-26
EGY,0.7,5.69,907469,1216394,5.16,7.9,0.7,-1.4,0.9,중립,양봉,잔구간,0.56,0.385,2026-08-26
EMAT,0.7,3.36,1144580,1647702,3.85,5.55,0.7,-1.5,-13.4,매도주의,장대음봉,잔구간,0.06,-1.265,2026-08-26
EMBC,0.7,4.96,817063,1195230,4.05,7.58,0.5,-1.0,-0.4,중립,팽이도지,잔구간,0.56,0.035,2026-08-26
SSPC,0.7,10.86,10893815,14637071,118.31,216.72,0.5,1.6,-3.9,중립,음봉,잔구간,0.1,-0.59,2026-08-26
MOMO,0.7,5.76,350623,477351,2.02,2.65,0.8,-0.2,0.0,중립,팽이도지,잔구간,0.67,0.1,2026-08-26
MRAM,0.7,17.61,978336,1322945,17.23,25.51,0.7,-1.8,1.7,중립,양봉,잔구간,0.63,0.43,2026-08-26
MDXG,0.7,4.42,711026,1028356,3.14,4.27,0.7,-0.2,2.1,강한매수,양봉,완만한상승,0.88,2.06,2026-08-26
MFG,0.7,10.45,1841563,2609278,19.24,30.02,0.6,0.5,-0.1,중립,팽이도지,잔구간,0.26,-0.145,2026-08-26
MFIC,0.7,9.64,368701,540961,3.55,5.31,0.7,0.2,-0.5,중립,음봉,잔구간,0.39,-0.415,2026-08-26
QTRX,0.7,2.68,381776,542175,1.02,2.38,0.4,1.4,-5.3,매도주의,장대음봉,잔구간,0.14,-1.215,2026-08-26
QXO,0.7,14.02,10401724,14298951,145.83,244.75,0.6,-0.1,1.4,매수관심,양봉,완만한상승,0.41,1.49,2026-08-26
NBIG,0.7,15.74,1602721,2145755,25.23,62.82,0.4,-6.0,-1.2,매도주의,위꼬리음봉,잔구간,0.03,-1.03,2026-08-26
MRVI,0.7,8.9,5539075,8178825,49.3,46.32,1.1,-1.7,0.6,중립,위꼬리양봉,잔구간,0.3,-0.62,2026-08-26
MSFD,0.7,10.38,666818,901455,6.92,12.21,0.6,0.6,-1.4,강한매도,장대음봉,전저점이탈,0.17,-3.15,2026-08-26
RDTL,0.7,13.95,501239,761215,6.99,15.02,0.5,-0.9,-8.1,매도주의,장대음봉,잔구간,0.0,-1.3,2026-08-26
RDY,0.7,12.22,1674682,2310799,20.46,29.43,0.7,-0.7,-0.2,중립,팽이도지,잔구간,0.52,0.01,2026-08-26
VSTS,0.7,13.03,718786,973023,9.37,16.48,0.6,0.0,1.2,강한매수,양봉,완만한상승,0.95,2.14,2026-08-26
AURA,0.7,7.73,557598,762156,4.31,8.85,0.5,-0.8,-0.4,중립,망치형,잔구간,0.72,0.63,2026-08-26
AVR,0.7,8.95,558859,761704,5.0,6.93,0.7,-0.3,1.0,매수관심,양봉,완만한상승,0.68,1.82,2026-08-26
ARLO,0.7,13.06,771059,1069035,10.07,15.83,0.6,-0.2,-1.8,중립,음봉,잔구간,0.27,-0.49,2026-08-26
ASM,0.7,7.59,3592074,4794746,27.26,34.86,0.8,-2.4,3.8,강한매수,장대양봉,완만한상승,0.79,3.25,2026-08-26
ASPN,0.7,5.19,535033,793708,2.78,4.83,0.6,-0.6,-0.2,매도주의,위꼬리음봉,잔구간,0.1,-0.99,2026-08-26
VVR,0.7,2.94,474901,638797,1.4,1.79,0.8,0.0,0.0,매수관심,팽이도지,완만한상승,0.5,0.9,2026-08-26
PWP,0.7,16.49,608910,896519,10.04,13.75,0.7,-0.1,-0.4,중립,팽이도지,잔구간,0.37,-0.08,2026-08-26
STIM,0.7,3.0,640502,942622,1.92,5.9,0.3,-2.5,3.3,매수관심,장대양봉,잔구간,0.89,1.235,2026-08-26
SUGP,0.7,1.0,3688434,5314317,3.69,12.05,0.3,4.3,-17.4,강한매도,장대음봉,전저점이탈,0.09,-3.24,2026-08-26
CMPS,0.7,14.61,1744745,2529237,25.49,34.73,0.7,-0.6,-1.2,중립,음봉,잔구간,0.1,-0.59,2026-08-26
CNH,0.7,11.62,12678803,18886350,147.33,186.68,0.8,-0.2,0.7,중립,위꼬리양봉,완만한상승,0.38,-0.24,2026-08-26
CODI,0.7,11.38,411031,602062,4.68,9.62,0.5,0.1,-1.3,중립,음봉,잔구간,0.04,-0.625,2026-08-26
COHH,0.7,6.2,789210,1062954,4.89,10.95,0.4,-1.8,5.8,매수관심,장대양봉,잔구간,0.94,1.265,2026-08-26
CLM,0.7,6.69,1870967,2667708,12.52,23.39,0.5,-0.1,-0.6,매도주의,장대음봉,잔구간,0.31,-1.115,2026-08-26
CLNE,0.7,1.62,1273393,1758968,2.06,3.13,0.7,0.0,3.2,매수관심,장대양봉,잔구간,0.8,1.18,2026-08-26
CLSK,0.7,12.18,15196443,21983020,185.09,260.82,0.7,-2.6,-1.9,중립,음봉,수횡파,0.21,-0.45,2026-08-26
TSSI,0.7,8.51,657291,883672,5.59,13.59,0.4,-0.1,0.0,중립,위꼬리양봉,잔구간,0.14,-0.715,2026-08-26
RKLX,0.7,16.24,1131649,1522857,18.38,40.87,0.4,-1.7,-0.6,매도주의,위꼬리음봉,전저점부근,0.21,-1.1,2026-08-26
RKT,0.7,13.9,14514557,20996531,201.75,338.86,0.6,-1.5,-1.3,중립,음봉,잔구간,0.2,-0.53,2026-08-26
RPD,0.7,11.79,1048751,1422295,12.36,21.53,0.6,-5.3,2.6,중립,양봉,잔구간,0.75,0.5,2026-08-26
MARA,0.7,11.22,41989723,64333734,471.12,593.37,0.8,-2.3,-2.9,중립,음봉,잔구간,0.31,-0.465,2026-08-26
LPL,0.7,3.34,1519357,2301181,5.07,8.68,0.6,-0.9,-0.3,중립,팽이도지,잔구간,0.46,-0.025,2026-08-26
LRMR,0.7,4.17,702135,1013848,2.93,4.54,0.6,-0.5,0.7,강한매수,양봉스프링,완만한상승,0.94,2.93,2026-08-26
LUNR,0.7,16.11,5396498,7915305,86.94,224.86,0.4,-1.2,-1.8,중립,음봉,전저점부근,0.34,-0.14,2026-08-26
LFTO,0.7,18.44,432185,649477,7.97,24.99,0.3,0.3,-1.7,중립,음봉,잔구간,0.19,-0.535,2026-08-26
LILAK,0.7,8.57,813735,1187113,6.97,12.95,0.5,0.1,0.1,매수관심,양봉스프링,잔구간,0.79,0.925,2026-08-26
F,0.7,13.9,28493678,43153419,396.06,561.26,0.7,-0.1,-0.2,중립,망치형,잔구간,0.82,0.69,2026-08-26
FATE,0.7,2.57,1050526,1439761,2.7,4.56,0.6,-0.4,1.2,매수관심,양봉,완만한상승,0.7,1.84,2026-08-26
EVC,0.7,7.99,797056,1179243,6.37,12.31,0.5,-0.4,-1.6,매도주의,장대음봉,잔구간,0.1,-1.24,2026-08-26
EXFY,0.7,2.55,610452,855310,1.56,2.49,0.6,0.0,-2.7,중립,음봉,잔구간,0.16,-0.555,2026-08-26
SSG,0.7,13.04,313051,455125,4.08,5.69,0.7,1.1,-0.2,매수관심,팽이도지,완만한상승,0.54,0.95,2026-08-26
EOSE,0.7,3.34,19848144,27379157,66.29,89.9,0.7,-1.3,-4.4,중립,음봉,잔구간,0.11,-0.585,2026-08-26
SMCY,0.7,5.36,854912,1150119,4.58,7.4,0.6,-0.6,-0.7,중립,음봉,잔구간,0.26,-0.495,2026-08-26
SNDG,0.7,8.17,5356927,7383622,43.77,74.71,0.6,-3.8,6.5,매수관심,장대양봉,잔구간,0.8,1.18,2026-08-26
FLO,0.7,7.17,5453753,7471848,39.1,48.64,0.8,0.3,0.6,중립,위꼬리양봉,완만한상승,0.27,-0.38,2026-08-26
FRSH,0.7,12.91,2826641,4273859,36.49,82.26,0.4,-2.0,2.5,강한매수,장대양봉,완만한상승,0.83,3.3,2026-08-26
SNDL,0.7,1.38,1000047,1483400,1.38,1.95,0.7,1.5,-0.7,강한매수,망치형,완만한상승,0.8,2.26,2026-08-26
KRP,0.7,15.1,621998,906483,9.39,16.08,0.6,-0.1,-0.3,중립,팽이도지,잔구간,0.38,-0.07,2026-08-26
KT,0.7,19.66,1034554,1505132,20.34,27.83,0.7,0.6,1.7,강한매수,장대양봉,전고점돌파,0.93,4.02,2026-08-26
JDST,0.7,19.87,799169,1121480,15.88,20.56,0.8,4.0,0.4,매수관심,양봉스프링,잔구간,0.86,0.965,2026-08-26
IRWD,0.7,4.29,1029313,1474605,4.42,7.85,0.6,-0.2,-2.1,매도주의,장대음봉,잔구간,0.38,-1.07,2026-08-26
JACK,0.7,16.47,453883,647201,7.48,18.3,0.4,-0.7,-0.7,중립,망치형,잔구간,0.64,0.585,2026-08-26
RUN,0.7,9.13,5172304,7576922,47.22,74.02,0.6,0.1,-0.7,중립,망치형,잔구간,0.62,0.57,2026-08-26
RYAM,0.7,8.41,667503,967065,5.61,7.6,0.7,-0.3,-2.0,중립,음봉,잔구간,0.1,-0.59,2026-08-26
INFQ,0.7,13.53,6444765,8664196,87.2,150.96,0.6,-0.2,-2.0,중립,음봉,잔구간,0.41,-0.405,2026-08-26
REAL,0.7,10.93,1685380,2585352,18.42,36.32,0.5,0.6,-2.3,매도주의,장대음봉,잔구간,0.18,-1.19,2026-08-26
IMMR,0.7,7.69,304695,443187,2.34,3.28,0.7,-0.3,0.7,매수관심,양봉,완만한상승,0.57,1.68,2026-08-26
SBSW,0.7,12.09,4119347,6221385,49.8,61.83,0.8,-1.6,-1.9,매도주의,장대음봉,잔구간,0.08,-1.25,2026-08-26
HSLV,0.7,5.57,522567,803933,2.91,3.36,0.9,-2.3,2.6,중립,양봉,전고점부근,0.81,0.62,2026-08-26
BKD,0.7,12.2,2901772,4232624,35.4,58.02,0.6,0.3,-0.3,중립,팽이도지,잔구간,0.49,-0.005,2026-08-26
AXTL,0.7,2.725,561987,817616,1.53,4.14,0.4,-7.5,0.6,중립,팽이도지,잔구간,0.45,-0.03,2026-08-26
BAER,0.7,1.16,952267,1330937,1.1,1.7,0.6,-0.4,-4.1,매도주의,장대음봉,잔구간,0.29,-1.125,2026-08-26
BATL,0.7,1.31,2553067,3621202,3.34,5.36,0.6,-0.8,0.8,중립,팽이도지,잔구간,0.67,0.1,2026-08-26
VLRS,0.7,6.99,340942,482880,2.38,4.22,0.6,0.6,-2.5,매도주의,장대음봉,잔구간,0.04,-1.275,2026-08-26
VREX,0.7,18.48,552755,739460,10.21,18.27,0.6,0.2,-0.3,매도주의,장대음봉,잔구간,0.38,-1.07,2026-08-26
SPAX,0.7,9.0,1286707,1971432,11.58,23.03,0.5,-1.6,3.9,중립,양봉,잔구간,0.9,0.59,2026-08-26
GILT,0.7,10.17,402637,566871,4.09,6.31,0.6,0.5,0.0,중립,팽이도지,잔구간,0.37,-0.08,2026-08-26
GAB,0.7,5.69,427788,576328,2.43,3.66,0.7,-0.2,-0.2,매도주의,위꼬리음봉,잔구간,0.11,-0.985,2026-08-26
GDYN,0.7,7.72,853734,1269197,6.59,11.26,0.6,-1.7,-0.3,중립,팽이도지,잔구간,0.61,0.065,2026-08-26
FUN,0.7,16.13,994666,1483978,16.04,26.06,0.6,-0.2,-2.5,매도주의,장대음봉,잔구간,0.14,-1.215,2026-08-26
FWRG,0.7,12.89,556823,831144,7.18,12.08,0.6,0.2,-1.0,중립,음봉,잔구간,0.46,-0.375,2026-08-26
HYLN,0.7,3.32,1711434,2621040,5.68,15.35,0.4,-0.9,3.4,중립,양봉,잔구간,0.83,0.55,2026-08-26
HLF,0.7,12.39,1058301,1448256,13.11,16.82,0.8,-0.2,-4.0,매도주의,장대음봉,잔구간,0.12,-1.23,2026-08-26
HNRG,0.7,16.24,462228,667568,7.51,11.04,0.7,-1.4,0.7,중립,위꼬리양봉,잔구간,0.27,-0.64,2026-08-26
BRUN,0.7,18.19,1424045,2012697,25.9,61.86,0.4,-3.0,0.4,중립,팽이도지,잔구간,0.34,-0.095,2026-08-26
BSCU,0.7,16.525,344333,528616,5.69,8.25,0.7,-0.1,-0.0,중립,음봉,잔구간,0.35,-0.44,2026-08-26
VIVK,0.7,0.872,1291703,1912104,1.13,2.79,0.4,-2.9,3.8,중립,위꼬리양봉,잔구간,0.38,-0.57,2026-08-26
VIXY,0.7,17.83,1509773,2192223,26.92,43.36,0.6,-0.3,-0.7,매도주의,음봉,전저점이탈,0.13,-1.89,2026-08-26
BHC,0.7,6.51,2142382,3084431,13.95,18.65,0.7,-0.6,-2.7,중립,음봉,잔구간,0.03,-0.63,2026-08-26
SMCX,0.7,12.12,4049544,5855316,49.08,123.67,0.4,-2.3,-3.4,매도주의,장대음봉,잔구간,0.17,-1.2,2026-08-26
CCO,0.7,2.4,6757215,9991728,16.22,35.98,0.5,0.0,0.8,강한매수,장대양봉,전고점부근,1.0,2.15,2026-08-26
CGNT,0.7,8.49,451688,614815,3.83,4.29,0.9,-1.3,2.8,매수관심,장대양봉,잔구간,0.72,1.13,2026-08-26
UAA,0.7,5.15,5310292,7942433,27.35,43.37,0.6,1.0,-0.4,중립,팽이도지,완만한상승,0.25,0.6,2026-08-26
CAG,0.7,16.19,7372384,10310892,119.36,156.77,0.8,-0.9,0.4,중립,팽이도지,잔구간,0.7,0.12,2026-08-26
SHNY,0.7,11.22,1096634,1540761,12.3,14.07,0.9,-3.7,-1.1,중립,음봉,잔구간,0.25,-0.5,2026-08-26
SHO,0.7,11.23,1241008,1823596,13.94,22.45,0.6,-0.4,-0.8,중립,음봉,잔구간,0.04,-0.625,2026-08-26
GSOL,0.7,7.35,2518433,3629276,18.51,18.72,1.0,-2.2,1.1,중립,양봉,잔구간,0.85,0.56,2026-08-26
HAPN,0.7,18.36,751605,1141187,13.8,20.53,0.7,0.0,0.5,중립,양봉,잔구간,0.83,0.55,2026-08-26
GOOS,0.7,8.12,615743,826620,5.0,6.87,0.7,0.4,-1.6,중립,음봉,전저점부근,0.0,-0.55,2026-08-26
GPK,0.7,11.45,2904452,4136527,33.26,43.94,0.8,0.1,0.2,중립,위꼬리양봉,완만한상승,0.17,-0.5,2026-08-26
SKHX,0.7,12.99,1772084,2665614,23.02,45.5,0.5,-1.4,-0.5,매도주의,위꼬리음봉,잔구간,0.12,-0.98,2026-08-26
CCCC,0.7,4.24,1862420,2560743,7.9,10.92,0.7,-0.7,1.7,강한매수,양봉,완만한상승,1.0,2.2,2026-08-26
BW,0.7,7.53,3305820,4870377,24.89,53.65,0.5,-0.6,-3.2,강한매도,장대음봉,전저점이탈,0.2,-3.11,2026-08-26
CADL,0.7,13.28,977998,1341118,12.99,19.94,0.7,0.0,-2.4,중립,음봉,잔구간,0.14,-0.565,2026-08-26
USAS,0.7,5.57,4146706,6139303,23.1,28.13,0.8,-2.1,1.3,중립,양봉,잔구간,0.55,0.38,2026-08-26
UVXY,0.7,18.79,4479082,6386328,84.16,133.13,0.6,0.5,-1.3,강한매도,장대음봉,전저점이탈,0.06,-3.28,2026-08-26
VALE,0.7,15.16,19571254,26682250,296.7,361.76,0.8,0.3,-1.4,매도주의,장대음봉,잔구간,0.13,-1.22,2026-08-26
HUMA,0.7,0.682,5678050,7954950,3.87,9.16,0.4,1.3,-4.0,매도주의,장대음봉,잔구간,0.28,-1.13,2026-08-26
ONDL,0.7,7.13,745733,1066109,5.32,15.45,0.3,-2.9,2.1,매수관심,양봉,전저점부근,0.82,1.83,2026-08-26
AMPY,0.7,4.58,439295,669832,2.01,6.41,0.3,-1.5,-0.4,강한매도,위꼬리음봉,전저점이탈,0.2,-2.61,2026-08-26
ANGI,0.7,4.85,463890,696296,2.25,3.61,0.6,-0.2,-1.4,중립,음봉,잔구간,0.21,-0.525,2026-08-26
AGRO,0.7,11.08,833878,1226187,9.24,11.67,0.8,-0.9,1.4,매수관심,양봉,완만한상승,0.64,1.77,2026-08-26
AHRT,0.7,6.71,393657,531884,2.64,3.51,0.8,-0.3,-0.9,매도주의,장대음봉,잔구간,0.11,-1.235,2026-08-26
ACCO,0.7,4.19,480506,726997,2.01,2.88,0.7,0.0,-0.5,중립,망치형,잔구간,0.71,0.625,2026-08-26
ACP,0.7,5.02,323692,432923,1.62,2.3,0.7,-0.4,-0.6,매도주의,장대음봉,잔구간,0.0,-1.3,2026-08-26
AQN,0.7,5.71,2377535,3345131,13.58,18.35,0.7,-0.7,0.0,중립,팽이도지,잔구간,0.31,-0.115,2026-08-26
ARCC,0.7,19.9,2095761,2970618,41.71,68.83,0.6,0.0,-0.2,매도주의,위꼬리음봉,잔구간,0.13,-0.97,2026-08-26
ARHS,0.7,8.94,978457,1435150,8.75,13.15,0.7,0.2,0.0,중립,팽이도지,잔구간,0.54,0.025,2026-08-26
ARI,0.7,6.81,1974407,2866337,13.45,25.75,0.5,0.0,-0.7,매도주의,장대음봉,잔구간,0.12,-1.23,2026-08-26
WNC,0.7,12.51,383644,515584,4.8,8.94,0.5,0.6,0.2,중립,위꼬리양봉,완만한상승,0.3,-0.34,2026-08-26
WYFI,0.7,20.0,2732672,3771474,54.65,95.62,0.6,-1.7,-0.2,중립,팽이도지,잔구간,0.36,-0.085,2026-08-26
AMPL,0.7,12.96,1006862,1484577,13.05,25.76,0.5,-2.4,1.3,중립,양봉,잔구간,0.8,0.53,2026-08-26
XXI,0.7,6.3,1275693,1882113,8.04,9.21,0.9,-2.3,-0.9,중립,망치형,잔구간,0.78,0.67,2026-08-26
ABUS,0.7,5.19,4596779,6170620,23.86,29.1,0.8,-0.2,0.0,중립,팽이도지,잔구간,0.27,-0.14,2026-08-26
ABTC,0.7,8.18,1644455,2302041,13.45,14.94,0.9,-4.3,-7.5,매도주의,장대음봉,잔구간,0.07,-1.26,2026-08-26
ALVO,0.6,4.91,890179,1571264,4.37,5.71,0.8,-1.4,-1.4,중립,음봉,잔구간,0.62,-0.28,2026-08-26
ALOY,0.6,11.55,1418681,2452183,16.39,35.87,0.5,-3.2,-1.9,매도주의,위꼬리음봉,잔구간,0.17,-0.95,2026-08-26
WULF,0.6,15.97,19948792,33335794,318.58,545.8,0.6,-1.3,-0.8,중립,팽이도지,잔구간,0.28,-0.13,2026-08-26
WU,0.6,7.26,4134500,7350729,30.02,60.14,0.5,-0.3,-0.8,중립,음봉,잔구간,0.27,-0.49,2026-08-26
ARCO,0.6,8.01,629460,1003532,5.04,10.32,0.5,-0.1,-1.4,중립,음봉,잔구간,0.12,-0.58,2026-08-26
APPX,0.6,12.55,669227,1078123,8.4,20.64,0.4,-0.4,-1.2,매도주의,위꼬리음봉,잔구간,0.13,-0.97,2026-08-26
ADAM,0.6,9.77,486449,753610,4.75,8.31,0.6,0.0,-0.7,중립,음봉,잔구간,0.46,-0.375,2026-08-26
ACHR,0.6,5.9,20797304,32201888,122.7,238.46,0.5,-0.9,-0.1,매도주의,위꼬리음봉,잔구간,0.14,-0.965,2026-08-26
AGNT,0.6,4.38,730744,1160110,3.2,4.96,0.6,0.0,-3.9,매도주의,장대음봉,잔구간,0.2,-1.18,2026-08-26
AGEN,0.6,8.25,779942,1349672,6.43,9.36,0.7,-0.7,-0.6,중립,팽이도지,잔구간,0.59,0.055,2026-08-26
ALIT,0.6,14.33,314280,505962,4.5,6.67,0.7,-0.7,-3.5,매도주의,장대음봉,잔구간,0.06,-1.265,2026-08-26
AMZD,0.6,8.427,5059220,8983945,42.63,77.18,0.6,-0.1,0.4,매수관심,양봉,완만한상승,0.33,1.4,2026-08-26
PFFD,0.6,18.51,455722,774025,8.44,12.31,0.7,-0.4,0.5,강한매수,장대양봉,완만한상승,0.86,3.33,2026-08-26
OMAH,0.6,18.3,806334,1305834,14.76,24.14,0.6,0.1,-0.2,중립,음봉,잔구간,0.28,-0.48,2026-08-26
ABR,0.6,5.06,2048062,3341722,10.36,18.98,0.5,-0.2,-1.6,매도주의,장대음봉,잔구간,0.25,-1.15,2026-08-26
BUR,0.6,4.34,761491,1182539,3.3,5.46,0.6,-0.7,-2.3,중립,음봉,잔구간,0.26,-0.495,2026-08-26
SKHZ,0.6,11.57,1247124,1989727,14.43,24.74,0.6,0.4,0.3,매수관심,양봉스프링,잔구간,0.92,1.0,2026-08-26
SKHL,0.6,8.41,969634,1641791,8.15,17.7,0.5,-1.5,-0.2,매도주의,위꼬리음봉,잔구간,0.19,-0.935,2026-08-26
GROY,0.6,3.41,1477957,2304711,5.04,7.9,0.6,-1.7,-1.4,중립,음봉,잔구간,0.1,-0.59,2026-08-26
GTM,0.6,3.8,2506946,4262340,9.53,23.15,0.4,-1.3,-0.3,중립,팽이도지,수횡파,0.35,0.42,2026-08-26
UNIT,0.6,10.16,947562,1693577,9.63,18.11,0.5,0.7,-0.1,매수관심,팽이도지,완만한상승,0.45,0.84,2026-08-26
UMC,0.6,19.03,6789313,11471037,129.2,199.94,0.6,-1.0,-2.0,매도주의,장대음봉,잔구간,0.31,-1.115,2026-08-26
UAVS,0.6,1.1,1380858,2225044,1.52,2.77,0.5,-0.9,2.8,강한매수,장대양봉,완만한상승,1.0,3.5,2026-08-26
CIFG,0.6,4.08,1136091,1824460,4.64,6.18,0.8,-3.8,0.5,중립,팽이도지,잔구간,0.38,-0.07,2026-08-26
CHRS,0.6,1.45,896540,1432364,1.3,1.99,0.7,0.0,5.8,강한매수,장대양봉,전고점돌파,0.96,4.05,2026-08-26
CHA,0.6,10.63,300445,480763,3.19,5.24,0.6,-0.4,-1.3,중립,음봉,잔구간,0.34,-0.445,2026-08-26
CGC,0.6,1.035,2646951,4770628,2.74,5.37,0.5,-0.9,-2.4,매도주의,장대음봉,잔구간,0.12,-1.23,2026-08-26
CEPO,0.6,10.76,406012,645431,4.37,5.46,0.8,0.0,-0.2,중립,음봉,잔구간,0.2,-0.53,2026-08-26
VERI,0.6,0.801,5060641,8107202,4.06,7.2,0.6,0.5,-8.4,매도주의,장대음봉,전저점부근,0.14,-1.68,2026-08-26
VELO,0.6,12.44,669209,1092839,8.32,24.46,0.3,-0.2,-3.1,중립,음봉,잔구간,0.1,-0.59,2026-08-26
BRSL,0.6,11.47,1252520,2067334,14.37,21.73,0.7,-0.1,-1.1,중립,음봉,잔구간,0.21,-0.525,2026-08-26
BRBS,0.6,3.94,670003,1064800,2.64,6.66,0.4,0.0,0.5,중립,양봉,잔구간,0.6,0.41,2026-08-26
SG,0.6,6.85,3072442,4749361,21.05,35.17,0.6,0.7,-1.4,중립,음봉,잔구간,0.43,-0.39,2026-08-26
HLN,0.6,10.17,5398534,8799932,54.9,73.49,0.7,0.7,-0.8,매도주의,장대음봉,잔구간,0.1,-1.24,2026-08-26
HLIT,0.6,12.44,865151,1501671,10.76,29.59,0.4,-0.5,1.6,매수관심,장대양봉,잔구간,0.61,1.065,2026-08-26
HYT,0.6,8.28,452625,822020,3.75,7.06,0.5,-0.1,-0.1,매도주의,위꼬리음봉,잔구간,0.0,-1.05,2026-08-26
SMCL,0.6,16.896,445524,695734,7.53,22.09,0.3,-2.0,-3.4,매도주의,장대음봉,잔구간,0.18,-1.19,2026-08-26
FVRR,0.6,9.47,354326,582969,3.36,5.99,0.6,0.1,-1.3,중립,음봉,잔구간,0.43,-0.39,2026-08-26
FULC,0.6,3.86,854863,1416415,3.3,8.24,0.4,0.0,0.0,매수관심,팽이도지,완만한상승,0.67,1.1,2026-08-26
FTRE,0.6,18.53,598295,949089,11.09,22.41,0.5,-0.9,2.4,강한매수,장대양봉,완만한상승,0.96,3.45,2026-08-26
GGB,0.6,4.46,7598491,11958057,33.89,47.05,0.7,1.4,0.9,매수관심,양봉,완만한상승,0.82,1.98,2026-08-26
SPCG,0.6,18.44,1073483,1833055,19.8,40.95,0.5,1.4,-3.6,중립,음봉,잔구간,0.11,-0.585,2026-08-26
SPCF,0.6,14.84,1497114,2420754,22.22,50.74,0.4,-1.4,3.8,중립,양봉,잔구간,0.89,0.585,2026-08-26
SOLZ,0.6,9.66,1518788,2393480,14.67,15.12,1.0,-1.8,0.6,중립,양봉,잔구간,0.8,0.53,2026-08-26
SNXX,0.6,13.14,58405424,93668168,767.45,1639.62,0.5,-3.9,6.1,매수관심,장대양봉,잔구간,0.79,1.175,2026-08-26
SNK,0.6,17.87,1962727,3178993,35.07,62.95,0.6,1.5,-3.7,중립,음봉,잔구간,0.1,-0.59,2026-08-26
KREF,0.6,7.55,400488,668345,3.02,5.08,0.6,0.3,-0.9,매도주의,장대음봉,잔구간,0.18,-1.19,2026-08-26
BBAI,0.6,3.05,12255581,18875932,37.38,55.21,0.7,-1.0,-0.3,매도주의,위꼬리음봉,잔구간,0.17,-0.95,2026-08-26
BLDP,0.6,2.29,1752840,2847779,4.01,7.27,0.6,0.9,-1.7,중립,음봉,잔구간,0.38,-0.42,2026-08-26
HRZN,0.6,4.79,340839,601579,1.63,3.67,0.4,0.2,0.2,매수관심,팽이도지,완만한상승,0.62,1.04,2026-08-26
SCZM,0.6,9.63,348268,602087,3.35,5.23,0.6,-1.6,0.2,중립,팽이도지,잔구간,0.59,0.055,2026-08-26
SAN,0.6,14.7,15189022,26964715,223.28,387.27,0.6,1.3,-0.8,매도주의,장대음봉,완만한상승,0.2,-1.46,2026-08-26
IMXI,0.6,14.3,323957,550853,4.63,17.55,0.3,-0.6,2.2,매수관심,장대양봉,잔구간,0.91,1.245,2026-08-26
LAES,0.6,2.48,5021990,9033992,12.45,26.84,0.5,-0.8,-1.6,중립,음봉,잔구간,0.4,-0.41,2026-08-26
LAC,0.6,3.21,6250292,9702366,20.06,33.41,0.6,-0.9,-0.3,매도주의,위꼬리음봉,잔구간,0.24,-0.905,2026-08-26
REZI,0.6,19.87,1967711,3047611,39.1,78.38,0.5,0.4,-0.7,중립,망치형,잔구간,0.56,0.535,2026-08-26
SABR,0.6,2.18,1737510,2927095,3.79,6.52,0.6,-0.9,-2.7,매도주의,장대음봉,잔구간,0.22,-1.17,2026-08-26
RXRX,0.6,3.49,12978424,21985193,45.29,57.37,0.8,-1.4,-0.6,중립,팽이도지,잔구간,0.5,0.0,2026-08-26
IVVD,0.6,0.902,3627160,6344389,3.27,3.91,0.8,-1.7,-2.3,중립,망치형,잔구간,0.73,0.64,2026-08-26
ITRG,0.6,2.91,1602969,2618648,4.66,8.17,0.6,-2.4,1.0,중립,양봉,잔구간,0.34,0.255,2026-08-26
SNDQ,0.6,16.7,20366147,32853867,340.11,617.93,0.6,3.5,-5.6,매도주의,장대음봉,잔구간,0.22,-1.17,2026-08-26
FRNM,0.6,14.09,500380,787601,7.05,12.42,0.6,-0.1,0.8,매수관심,양봉,완만한상승,0.4,1.48,2026-08-26
ENVX,0.6,3.4,4328341,7590559,14.72,46.09,0.3,0.6,0.0,매수관심,팽이도지,완만한상승,0.5,0.9,2026-08-26
SPRY,0.6,6.03,1163506,1826283,7.02,12.29,0.6,-0.3,5.8,강한매수,장대양봉,완만한상승,0.86,3.33,2026-08-26
EXK,0.6,10.89,6308470,10600110,68.7,102.72,0.7,-2.4,0.6,중립,팽이도지,잔구간,0.52,0.01,2026-08-26
LPTH,0.6,13.18,1502381,2693031,19.8,43.45,0.5,0.0,-4.4,매도주의,장대음봉,잔구간,0.1,-1.24,2026-08-26
MBLY,0.6,8.54,2885820,4646311,24.64,35.01,0.7,-0.2,-1.4,중립,음봉,전저점부근,0.28,-0.21,2026-08-26
RBBN,0.6,2.03,524077,872295,1.06,1.4,0.8,0.0,-1.5,중립,음봉,잔구간,0.34,-0.445,2026-08-26
KODK,0.6,9.53,412157,688243,3.93,7.99,0.5,0.1,0.8,매수관심,양봉,수횡파,1.0,1.9,2026-08-26
KEEL,0.6,3.36,25032516,43619362,84.11,151.55,0.6,-2.0,-2.3,중립,음봉,잔구간,0.09,-0.595,2026-08-26
RILY,0.6,7.09,350791,569985,2.49,3.76,0.7,-1.1,-0.7,매도주의,위꼬리음봉,수횡파,0.25,-1.2,2026-08-26
RIG,0.6,5.6,23534146,36669343,131.79,239.79,0.5,-1.2,-1.4,매도주의,음봉,전저점이탈,0.12,-1.91,2026-08-26
TWI,0.6,7.05,390708,614368,2.75,3.97,0.7,0.3,-2.2,매도주의,장대음봉,잔구간,0.0,-1.3,2026-08-26
CLBT,0.6,11.62,2378113,3910768,27.63,92.43,0.3,-1.4,4.4,강한매수,장대양봉,완만한상승,0.94,3.43,2026-08-26
CIFR,0.6,16.02,24944595,40184973,399.61,642.55,0.6,-1.9,0.1,중립,팽이도지,잔구간,0.43,-0.04,2026-08-26
COMP,0.6,11.38,5868702,10165190,66.79,115.13,0.6,-1.0,-2.6,매도주의,장대음봉,전저점부근,0.21,-1.6,2026-08-26
CNTN,0.6,2.23,508283,872363,1.13,1.52,0.7,-0.9,-2.6,중립,음봉,잔구간,0.07,-0.61,2026-08-26
CMPX,0.6,2.43,1445009,2237312,3.51,6.82,0.5,-0.8,-3.2,매도주의,장대음봉,잔구간,0.18,-1.19,2026-08-26
MNTS,0.6,4.24,466220,740520,1.98,5.17,0.4,-0.7,1.0,매수관심,팽이도지,완만한상승,0.62,1.04,2026-08-26
MNSO,0.6,11.42,474117,791583,5.41,9.34,0.6,2.1,-0.7,매도주의,장대음봉,전고점돌파,0.15,-0.92,2026-08-26
VXX,0.6,18.54,4331559,6828332,80.31,135.99,0.6,0.1,-0.8,강한매도,장대음봉,전저점이탈,0.08,-3.25,2026-08-26
AVAH,0.6,13.62,2509459,4166813,34.18,65.53,0.5,0.4,-0.2,중립,팽이도지,완만한상승,0.4,0.78,2026-08-26
AUR,0.6,5.76,19898566,34112689,114.62,210.02,0.5,0.0,-0.2,중립,팽이도지,잔구간,0.45,-0.03,2026-08-26
RDW,0.6,11.27,7870368,12672216,88.7,178.59,0.5,1.5,-3.3,중립,음봉,전저점부근,0.08,-0.45,2026-08-26
NCMI,0.6,2.64,483472,833659,1.28,6.29,0.2,-0.7,-2.2,매도주의,장대음봉,잔구간,0.13,-1.22,2026-08-26
NCLH,0.6,17.09,8931565,14357495,152.64,245.21,0.6,0.8,-1.8,중립,음봉,잔구간,0.16,-0.555,2026-08-26
RAMZ,0.6,17.04,585559,1030463,9.98,18.41,0.5,2.0,-2.5,매도주의,장대음봉,잔구간,0.34,-1.095,2026-08-26
RAM,0.6,12.43,10337366,16794645,128.49,221.82,0.6,-1.6,1.9,매수관심,양봉,완만한상승,0.6,1.72,2026-08-26
QUBT,0.6,8.35,4969800,7750111,41.5,71.13,0.6,-0.4,-0.9,중립,음봉,잔구간,0.21,-0.525,2026-08-26
MITK,0.6,17.75,399849,715240,7.1,13.44,0.5,0.6,-2.0,중립,음봉,잔구간,0.42,-0.4,2026-08-26
EIKN,0.6,11.98,324085,563465,3.88,6.83,0.6,0.1,-4.6,중립,음봉,잔구간,0.07,-0.61,2026-08-26
EFXT,0.6,19.87,433829,724710,8.62,17.44,0.5,-1.2,2.0,중립,양봉,잔구간,0.67,0.45,2026-08-26
ETHA,0.6,18.65,39975193,68430448,745.54,820.24,0.9,-0.8,1.1,매수관심,양봉,완만한상승,0.75,1.9,2026-08-26
SVV,0.6,10.84,883259,1453751,9.57,32.94,0.3,0.9,0.2,강한매수,양봉스프링,완만한상승,0.81,2.77,2026-08-26
SVC,0.6,7.83,950249,1489578,7.44,10.95,0.7,0.1,-1.8,중립,음봉,수횡파,0.13,-0.54,2026-08-26
SUZ,0.6,8.94,2522198,4397987,22.55,39.43,0.6,0.0,-1.0,매도주의,장대음봉,잔구간,0.18,-1.19,2026-08-26
PRME,0.6,3.58,1951665,3461801,6.99,9.23,0.8,-1.3,-2.2,중립,음봉,잔구간,0.64,-0.265,2026-08-26
NEA,0.6,11.25,593024,959256,6.67,11.47,0.6,0.1,-0.3,매도주의,장대음봉,잔구간,0.4,-1.06,2026-08-26
NOK,0.6,10.41,37284209,66061090,388.13,833.14,0.5,-1.2,1.8,강한매수,양봉,완만한상승,1.0,2.2,2026-08-26
NNBR,0.6,3.53,1046453,1667669,3.69,9.42,0.4,-0.3,0.3,중립,위꼬리양봉,전저점부근,0.13,-0.69,2026-08-26
NMZ,0.6,10.04,357893,610402,3.59,6.31,0.6,0.1,-0.4,중립,음봉,잔구간,0.14,-0.565,2026-08-26
PURR,0.6,11.56,19635543,32958263,226.99,232.17,1.0,-2.4,-0.2,중립,팽이도지,잔구간,0.51,0.005,2026-08-26
MUD,0.6,10.66,4183845,7045051,44.6,71.48,0.6,0.7,-1.2,중립,음봉,잔구간,0.43,-0.39,2026-08-26
MTA,0.6,10.86,416130,696826,4.52,7.96,0.6,-1.9,-2.5,중립,음봉,잔구간,0.17,-0.55,2026-08-26
MSTW,0.6,4.15,566220,905160,2.35,2.94,0.8,-3.2,-0.5,중립,팽이도지,잔구간,0.47,-0.02,2026-08-26
DNUT,0.6,3.44,1889251,3285215,6.5,11.44,0.6,-0.3,-3.1,매도주의,장대음봉,잔구간,0.14,-1.215,2026-08-26
DLO,0.6,15.36,2021805,3156486,31.05,52.3,0.6,0.5,-1.5,중립,음봉,잔구간,0.13,-0.57,2026-08-26
DX,0.6,12.88,3022543,5319858,38.93,64.89,0.6,0.1,-1.1,강한매도,장대음봉,전저점이탈,0.07,-3.27,2026-08-26
DSX,0.6,2.67,607873,1101938,1.62,2.76,0.6,-0.4,-2.6,매도주의,장대음봉,잔구간,0.12,-1.23,2026-08-26
TENX,0.6,2.12,5148438,9102579,10.91,17.36,0.6,-1.3,-7.4,매도주의,장대음봉,잔구간,0.0,-1.3,2026-08-26
CRMD,0.6,8.39,865512,1351367,7.26,16.47,0.4,0.5,-2.4,매도주의,장대음봉,잔구간,0.09,-1.245,2026-08-26
CWH,0.6,6.51,1012582,1799857,6.59,10.21,0.6,-0.3,0.8,매수관심,양봉,완만한상승,0.7,1.84,2026-08-26
WB,0.6,7.04,952544,1719384,6.71,11.45,0.6,-0.3,-0.8,중립,음봉,잔구간,0.15,-0.56,2026-08-26
NIO,0.6,4.37,18312126,28415631,80.02,123.79,0.6,0.7,-2.5,매도주의,장대음봉,잔구간,0.0,-1.3,2026-08-26
NUVB,0.6,6.96,3441013,5678540,23.95,42.48,0.6,-0.1,-1.8,매도주의,장대음봉,잔구간,0.24,-1.155,2026-08-26
NUAI,0.6,4.94,4097155,6480045,20.24,34.8,0.6,-1.0,-1.6,중립,음봉,잔구간,0.21,-0.525,2026-08-26
NU,0.6,15.17,45113683,78371228,684.37,1167.67,0.6,0.5,-0.3,매도주의,위꼬리음봉,완만한상승,0.14,-1.03,2026-08-26
NRDS,0.6,9.79,404649,628190,3.96,6.93,0.6,-0.6,-2.7,매도주의,장대음봉,잔구간,0.03,-1.28,2026-08-26
OI,0.6,7.44,1758744,2751642,13.09,20.15,0.6,-1.6,0.7,중립,위꼬리양봉,잔구간,0.2,-0.68,2026-08-26
OCGN,0.6,1.41,2013563,3425076,2.84,5.01,0.6,0.4,0.4,강한매수,양봉스프링,완만한상승,0.75,2.7,2026-08-26
NAK,0.6,1.75,2466597,4360792,4.32,5.63,0.8,0.0,-2.2,중립,음봉,잔구간,0.25,-0.5,2026-08-26
DGXX,0.6,3.9,1759567,3181600,6.86,15.57,0.4,-2.0,-1.8,중립,음봉,잔구간,0.26,-0.495,2026-08-26
DFDV,0.6,4.5,1386722,2233185,6.24,6.0,1.0,-5.0,3.4,중립,양봉,잔구간,0.42,0.3,2026-08-26
TROX,0.6,5.47,1200945,1984966,6.57,13.42,0.5,-0.5,-0.2,중립,팽이도지,잔구간,0.5,0.0,2026-08-26
CRDU,0.6,13.87,565545,939196,7.84,19.13,0.4,-2.2,2.3,중립,양봉,잔구간,0.97,0.63,2026-08-26
CRCG,0.6,15.74,3442960,5717682,54.19,61.56,0.9,-4.9,0.2,중립,팽이도지,잔구간,0.47,-0.02,2026-08-26
CPNG,0.6,16.53,7334796,12317036,121.24,209.08,0.6,-0.5,-0.4,중립,팽이도지,잔구간,0.3,-0.12,2026-08-26
CORZ,0.6,17.42,6978577,10973939,121.57,212.8,0.6,-1.4,-2.0,중립,음봉,잔구간,0.23,-0.51,2026-08-26
CORD,0.6,3.26,5712733,10130738,18.62,46.9,0.4,2.9,-2.7,중립,음봉,완만한상승,0.57,0.28,2026-08-26
TKC,0.6,5.42,733132,1168224,3.97,7.0,0.6,0.7,-0.7,매도주의,장대음봉,완만한상승,0.31,-1.33,2026-08-26
AAOX,0.6,12.82,5722012,10207067,73.36,192.72,0.4,-3.7,5.5,매수관심,장대양봉,잔구간,0.91,1.245,2026-08-26
AADX,0.6,14.3,928015,1490858,13.27,27.03,0.5,0.0,-0.6,중립,팽이도지,잔구간,0.31,-0.115,2026-08-26
PALI,0.6,2.13,1190554,1843309,2.54,3.85,0.7,-0.5,3.4,강한매수,장대양봉,완만한상승,0.95,3.44,2026-08-26
ZVRA,0.6,11.74,555418,866057,6.52,9.71,0.7,-0.3,-2.2,매도주의,장대음봉,잔구간,0.16,-1.205,2026-08-26
YSS,0.6,9.13,1974937,3522045,18.03,43.93,0.4,-1.3,-0.8,매도주의,위꼬리음봉,잔구간,0.09,-0.995,2026-08-26
YMM,0.6,8.82,7258850,11395147,64.02,76.35,0.8,0.5,0.2,중립,위꼬리양봉,잔구간,0.2,-0.68,2026-08-26
YMAX,0.6,7.62,598864,1082119,4.56,7.31,0.6,-1.6,0.9,매수관심,장대양봉,잔구간,1.0,1.3,2026-08-26
ZENA,0.5,1.78,1495963,3275209,2.66,9.64,0.3,-0.5,-2.2,중립,음봉,잔구간,0.38,-0.42,2026-08-26
ZNTL,0.5,3.89,576210,1095060,2.24,5.48,0.4,-0.3,0.5,매수관심,팽이도지,완만한상승,0.6,1.02,2026-08-26
AIRJ,0.5,4.83,758751,1654724,3.66,9.36,0.4,-0.2,0.0,중립,위꼬리양봉,잔구간,0.13,-0.72,2026-08-26
PGX,0.5,10.61,2773765,5226649,29.43,49.91,0.6,0.1,-0.4,매도주의,장대음봉,잔구간,0.0,-1.3,2026-08-26
ACVA,0.5,7.32,1593138,3131194,11.66,33.22,0.4,-0.8,1.4,매수관심,양봉,완만한상승,0.4,1.48,2026-08-26
ALM,0.5,18.24,3478069,6406047,63.44,116.51,0.5,-1.7,-2.0,중립,음봉,잔구간,0.18,-0.54,2026-08-26
CURI,0.5,2.76,591593,1165347,1.63,13.48,0.1,0.4,1.1,강한매수,양봉,완만한상승,0.88,2.06,2026-08-26
CX,0.5,10.98,3420481,7240830,37.56,73.21,0.5,0.7,-0.9,중립,음봉,잔구간,0.22,-0.52,2026-08-26
TRX,0.5,1.21,1683428,3267136,2.04,3.84,0.5,-1.6,0.0,중립,팽이도지,잔구간,0.66,0.095,2026-08-26
TOYO,0.5,4.67,635525,1246260,2.97,6.45,0.5,-0.2,0.2,중립,위꼬리양봉,완만한상승,0.13,-0.54,2026-08-26
DQ,0.5,13.52,670802,1241196,9.07,16.67,0.5,-1.1,-3.8,매도주의,장대음봉,잔구간,0.19,-1.185,2026-08-26
DNOW,0.5,15.99,1252218,2510994,20.02,39.05,0.5,0.1,1.3,중립,양봉,잔구간,0.97,0.63,2026-08-26
TDUP,0.5,2.75,1157122,2403623,3.18,7.51,0.4,0.7,-1.1,중립,음봉,잔구간,0.36,-0.435,2026-08-26
CTKB,0.5,4.57,437704,810435,2.0,3.86,0.5,-1.1,0.9,중립,양봉,잔구간,0.86,0.565,2026-08-26
EVTL,0.5,0.75,2053242,4365992,1.54,5.26,0.3,-1.2,-1.8,중립,음봉,잔구간,0.0,-0.65,2026-08-26
FDMT,0.5,15.56,717884,1552811,11.17,21.81,0.5,-1.4,0.4,매수관심,양봉스프링,잔구간,0.83,0.95,2026-08-26
CLF,0.5,11.54,10753729,20358554,124.1,197.51,0.6,0.2,0.0,중립,위꼬리양봉,완만한상승,0.03,-0.66,2026-08-26
STGW,0.5,8.64,552027,1085667,4.77,9.67,0.5,-0.5,-0.3,중립,팽이도지,수횡파,0.38,0.46,2026-08-26
EROC,0.5,12.99,1676368,3166207,21.78,66.36,0.3,0.4,-0.1,매도주의,위꼬리음봉,잔구간,0.09,-0.995,2026-08-26
TSHA,0.5,6.02,1281365,2710394,7.71,17.13,0.5,-0.8,-2.1,중립,음봉,잔구간,0.31,-0.465,2026-08-26
SION,0.5,6.17,926262,1905774,5.72,19.72,0.3,-0.8,-0.5,중립,팽이도지,잔구간,0.56,0.035,2026-08-26
GTN,0.5,4.92,507340,964529,2.5,4.77,0.5,-0.8,-1.2,중립,음봉,잔구간,0.46,-0.375,2026-08-26
SLS,0.5,13.73,4594612,8515067,63.08,106.28,0.6,-2.0,-0.6,중립,망치형,잔구간,0.63,0.58,2026-08-26
CCOI,0.5,10.05,954574,1811719,9.59,19.13,0.5,0.1,1.6,매수관심,양봉,완만한상승,0.65,1.78,2026-08-26
CERT,0.5,8.22,1150273,2174650,9.46,23.21,0.4,-0.2,1.2,강한매수,양봉,완만한상승,0.9,2.08,2026-08-26
GMRS,0.5,12.82,338954,707504,4.35,17.64,0.2,0.4,0.5,중립,팽이도지,잔구간,0.48,-0.01,2026-08-26
GGN,0.5,5.66,339751,744208,1.92,3.58,0.5,-0.5,-0.2,매도주의,위꼬리음봉,잔구간,0.0,-1.05,2026-08-26
FRMI,0.5,5.61,8876687,16339962,49.8,128.3,0.4,-1.0,-5.7,매도주의,장대음봉,잔구간,0.02,-1.29,2026-08-26
SRTA,0.5,6.12,431579,901346,2.64,5.05,0.5,-0.6,-0.5,중립,팽이도지,잔구간,0.47,-0.02,2026-08-26
SPCM,0.5,15.26,392156,775534,5.98,17.96,0.3,-2.1,4.3,매수관심,장대양봉,잔구간,0.89,1.235,2026-08-26
CABA,0.5,3.25,2486357,5071326,8.08,15.3,0.5,-0.6,1.6,매수관심,양봉,완만한상승,0.8,1.96,2026-08-26
IAUX,0.5,1.88,8747586,16162399,16.45,23.16,0.7,-2.6,0.5,중립,팽이도지,잔구간,0.55,0.03,2026-08-26
CERS,0.5,2.74,1103083,2056677,3.02,6.41,0.5,-1.1,1.9,강한매수,장대양봉,완만한상승,0.8,3.26,2026-08-26
HTLD,0.5,12.47,448517,827175,5.59,10.98,0.5,-0.2,1.6,중립,양봉,잔구간,0.97,0.63,2026-08-26
BULL,0.5,8.78,12801274,26168918,112.4,185.03,0.6,-0.6,-1.2,중립,음봉,잔구간,0.33,-0.45,2026-08-26
CCC,0.5,7.3,5417650,9873162,39.55,76.04,0.5,-3.3,1.2,중립,양봉,잔구간,0.46,0.325,2026-08-26
SLDB,0.5,9.72,594174,1095834,5.78,8.44,0.7,-0.5,-1.2,중립,음봉,잔구간,0.48,-0.36,2026-08-26
SKDD,0.5,10.68,3066034,6266768,32.75,81.23,0.4,1.4,0.2,매수관심,양봉스프링,잔구간,0.81,0.935,2026-08-26
MNKD,0.5,4.09,1766310,3310470,7.22,15.05,0.5,0.0,-1.7,중립,음봉,잔구간,0.29,-0.475,2026-08-26
MPT,0.5,4.08,3831377,7444346,15.63,31.63,0.5,-0.7,0.0,매도주의,위꼬리양봉,잔구간,0.0,-0.8,2026-08-26
VZLA,0.5,4.02,2592605,5169046,10.42,20.61,0.5,-2.5,2.0,중립,양봉,잔구간,0.68,0.46,2026-08-26
PRQR,0.5,2.35,700029,1308700,1.65,2.51,0.7,0.0,-1.3,중립,망치형,잔구간,0.6,0.56,2026-08-26
NFXL,0.5,19.54,512384,947217,10.01,20.65,0.5,-0.4,-1.5,중립,음봉,잔구간,0.15,-0.56,2026-08-26
MVIS,0.5,1.85,968016,1913190,1.79,8.11,0.2,-1.7,3.9,중립,양봉,잔구간,0.63,0.43,2026-08-26
MSTY,0.5,14.79,1389601,2691301,20.55,31.79,0.6,-2.0,-0.2,중립,팽이도지,잔구간,0.52,0.01,2026-08-26
MSTX,0.5,13.21,6750243,13934299,89.17,118.06,0.8,-5.8,-0.2,중립,팽이도지,잔구간,0.48,-0.01,2026-08-26
SERV,0.5,4.78,2840369,5271673,13.58,25.76,0.5,0.0,-2.0,매도주의,위꼬리음봉,잔구간,0.01,-1.045,2026-08-26
SENS,0.5,9.34,440580,938312,4.12,7.35,0.6,-0.4,-1.5,중립,망치형,잔구간,0.7,0.62,2026-08-26
BGS,0.5,3.53,922512,1753009,3.26,8.24,0.4,-0.3,0.6,매수관심,양봉,완만한상승,0.71,1.85,2026-08-26
JANX,0.5,18.89,523997,994340,9.9,14.18,0.7,-0.5,1.6,강한매수,양봉,완만한상승,0.9,2.08,2026-08-26
JFR,0.5,7.57,300444,622680,2.27,4.83,0.5,0.3,-0.5,매도주의,장대음봉,잔구간,0.0,-1.3,2026-08-26
BBAR,0.5,14.92,539909,1034012,8.06,15.08,0.5,0.0,0.8,중립,팽이도지,잔구간,0.53,0.02,2026-08-26
BAOS,0.5,0.44,2321698,5051719,1.02,8.19,0.1,-2.5,2.8,강한매수,양봉스프링,완만한상승,0.82,2.78,2026-08-26
AXTX,0.5,7.04,5979157,11835920,42.09,123.33,0.3,-4.9,-1.4,중립,팽이도지,잔구간,0.45,-0.03,2026-08-26
KULR,0.5,2.67,445088,946170,1.19,3.64,0.3,0.0,-1.8,중립,음봉,잔구간,0.25,-0.5,2026-08-26
IREZ,0.5,12.2,703658,1298245,8.58,16.64,0.5,4.8,7.7,강한매수,장대양봉,완만한상승,0.93,3.42,2026-08-26
IOVA,0.5,8.08,10102348,19989735,81.63,153.96,0.5,-1.2,-3.1,중립,음봉,잔구간,0.11,-0.585,2026-08-26
BITI,0.5,19.32,1258303,2702128,24.31,39.97,0.6,0.9,-0.5,중립,음봉,잔구간,0.08,-0.6,2026-08-26
BLZE,0.5,14.98,1833484,3341825,27.47,63.41,0.4,-0.2,-1.8,중립,음봉,잔구간,0.22,-0.52,2026-08-26
BTBT,0.5,1.56,27100374,49836635,42.28,59.73,0.7,-3.2,2.0,중립,양봉,잔구간,0.89,0.585,2026-08-26
SES,0.5,0.536,4174761,9126430,2.24,6.55,0.3,-1.9,0.2,중립,팽이도지,잔구간,0.58,0.05,2026-08-26
HIMX,0.5,13.84,521951,958262,7.22,15.05,0.5,-0.1,1.4,중립,양봉,잔구간,0.87,0.57,2026-08-26
AAOG,0.5,2.84,1699709,3641720,4.83,14.37,0.3,-3.9,5.2,매수관심,장대양봉,잔구간,0.86,1.215,2026-08-26
PMT,0.5,9.23,651594,1283079,6.01,12.27,0.5,0.1,-0.8,매도주의,장대음봉,잔구간,0.12,-1.23,2026-08-26
OLMA,0.5,10.85,472336,880221,5.12,11.34,0.5,-1.2,0.6,중립,팽이도지,잔구간,0.71,0.125,2026-08-26
OCUL,0.5,10.77,1368113,3037811,14.73,40.4,0.4,-0.8,-0.2,중립,팽이도지,잔구간,0.39,-0.065,2026-08-26
NVAX,0.5,9.21,3514522,6542059,32.37,45.96,0.7,-1.2,-1.3,중립,음봉,잔구간,0.26,-0.495,2026-08-26
KLC,0.5,2.49,512752,966813,1.28,5.21,0.2,-0.8,-1.2,중립,음봉,잔구간,0.0,-0.65,2026-08-26
RLMD,0.5,4.55,476693,960460,2.17,4.77,0.5,-0.4,-0.4,중립,망치형,잔구간,0.64,0.585,2026-08-26
KYTX,0.5,8.61,413817,787465,3.56,6.85,0.5,-0.3,-2.3,중립,음봉,잔구간,0.32,-0.46,2026-08-26
AUTL,0.5,2.33,1433319,2832396,3.34,7.37,0.5,-1.2,-3.3,매도주의,장대음봉,잔구간,0.14,-1.215,2026-08-26
RCON,0.5,1.81,753356,1609785,1.36,8.05,0.2,-14.2,3.4,중립,양봉,전저점이탈,0.53,-0.01,2026-08-26
LZ,0.5,5.9,1325376,2599347,7.82,16.56,0.5,-0.2,0.7,강한매수,양봉스프링,완만한상승,0.8,2.76,2026-08-26
LXRX,0.5,2.31,1200274,2363121,2.77,6.1,0.5,-0.9,-0.4,중립,팽이도지,잔구간,0.44,-0.035,2026-08-26
RCAT,0.5,8.93,3939232,7243431,35.18,90.32,0.4,-1.3,-0.6,중립,팽이도지,잔구간,0.29,-0.125,2026-08-26
CBRZ,0.4,11.38,533955,1425270,6.08,16.54,0.4,3.1,-1.9,중립,음봉,완만한상승,0.22,-0.14,2026-08-26
CAN,0.4,0.398,18627401,43094127,7.42,9.38,0.8,-4.7,0.2,중립,팽이도지,잔구간,0.35,-0.09,2026-08-26
HYPD,0.4,3.39,339799,820899,1.15,1.99,0.6,-2.1,1.5,매수관심,양봉스프링,잔구간,0.9,0.99,2026-08-26
SSYS,0.4,7.92,439776,1128191,3.48,9.4,0.4,0.0,0.1,중립,위꼬리양봉,완만한상승,0.22,-0.44,2026-08-26
FCEL,0.4,19.07,4024079,9254418,76.74,189.93,0.4,-1.8,0.7,중립,팽이도지,잔구간,0.4,-0.06,2026-08-26
DNA,0.4,7.23,628789,1428598,4.55,9.72,0.5,-2.8,-1.4,중립,음봉,잔구간,0.14,-0.565,2026-08-26
ETHE,0.4,19.91,1787899,4413650,35.6,52.33,0.7,-0.9,1.2,매수관심,양봉,완만한상승,0.78,1.94,2026-08-26
ETHT,0.4,17.14,1526588,4123273,26.17,36.43,0.7,-1.5,2.1,매수관심,양봉,완만한상승,0.76,1.91,2026-08-26
ETHW,0.4,17.67,558298,1483849,9.87,17.57,0.6,-0.7,1.1,매수관심,양봉,완만한상승,0.75,1.9,2026-08-26
OTLK,0.4,0.623,6063220,15372998,3.78,29.1,0.1,0.0,-2.6,중립,음봉,잔구간,0.01,-0.645,2026-08-26
CONL,0.4,5.92,13769028,34787733,81.51,146.89,0.6,-5.7,0.0,중립,팽이도지,잔구간,0.42,-0.05,2026-08-26
SLN,0.4,13.53,301700,732119,4.08,20.92,0.2,0.1,-1.1,중립,음봉,잔구간,0.54,-0.325,2026-08-26
EYPT,0.4,4.99,3261916,7796333,16.28,60.71,0.3,0.4,-0.7,중립,팽이도지,잔구간,0.43,-0.04,2026-08-26
CCXI,0.4,14.82,811098,1990811,12.02,48.61,0.2,0.1,2.4,중립,양봉,잔구간,0.97,0.63,2026-08-26
SPAL,0.4,15.0,340659,805697,5.11,19.9,0.3,-1.5,4.0,중립,양봉,잔구간,0.89,0.585,2026-08-26
GBTG,0.4,9.46,376694,1008784,3.56,10.75,0.3,0.0,-0.1,중립,음봉,잔구간,0.0,-0.65,2026-08-26
GEMI,0.4,4.54,1794165,4987323,8.15,16.89,0.5,-2.6,0.0,중립,팽이도지,잔구간,0.32,-0.11,2026-08-26
BTGO,0.4,7.02,989439,2355624,6.95,13.93,0.5,-0.6,-0.6,중립,망치형,잔구간,0.74,0.645,2026-08-26
HUYA,0.4,2.18,875963,2227123,1.91,4.15,0.5,0.0,1.4,중립,양봉,잔구간,1.0,0.65,2026-08-26
VUZI,0.4,2.66,462748,1092002,1.23,4.5,0.3,-0.4,-2.6,매도주의,장대음봉,잔구간,0.0,-1.3,2026-08-26
ATAI,0.4,7.39,3740404,9455541,27.64,56.39,0.5,-0.5,-0.1,매도주의,위꼬리음봉,잔구간,0.17,-0.95,2026-08-26
NBIZ,0.4,7.0,4671689,11114645,32.7,151.3,0.2,6.3,1.0,강한매수,양봉스프링,완만한상승,0.96,2.95,2026-08-26
PPLT,0.4,16.61,1520352,4066021,25.25,48.42,0.5,-0.4,-1.1,매도주의,장대음봉,잔구간,0.09,-1.245,2026-08-26
AAOZ,0.4,12.03,1400273,3737704,16.85,40.9,0.4,4.3,-6.0,매도주의,장대음봉,잔구간,0.05,-1.27,2026-08-26
BBNX,0.4,19.34,529896,1399190,10.25,23.14,0.4,-0.9,0.9,매수관심,양봉,완만한상승,0.77,1.92,2026-08-26
BKKT,0.4,8.23,1087831,2540526,8.95,16.15,0.6,-2.9,-1.8,중립,음봉,잔구간,0.34,-0.445,2026-08-26
BITX,0.4,17.81,8732508,24867380,155.53,246.16,0.6,-2.3,1.1,중립,양봉,잔구간,0.83,0.55,2026-08-26
IEP,0.4,6.81,750013,1821954,5.11,14.33,0.4,-0.3,2.9,매수관심,장대양봉,잔구간,0.91,1.245,2026-08-26
INV,0.4,1.46,1627761,4113758,2.38,14.48,0.2,-2.6,-2.0,중립,음봉,잔구간,0.23,-0.51,2026-08-26
INDI,0.4,3.9,2936995,7770851,11.45,41.4,0.3,1.0,-2.5,중립,음봉,잔구간,0.26,-0.495,2026-08-26
INFY,0.4,11.69,6737108,15973292,78.76,184.43,0.4,-1.8,-1.0,매도주의,장대음봉,수횡파,0.25,-1.7,2026-08-26
SBET,0.4,8.32,5904968,14463993,49.13,79.61,0.6,-2.3,2.0,중립,양봉,잔구간,0.65,0.44,2026-08-26
SECZ,0.4,6.8,962285,2330407,6.54,18.49,0.4,-2.1,3.2,중립,양봉,전고점부근,0.68,0.47,2026-08-26
BTDR,0.4,10.67,7435303,19927798,79.33,170.26,0.5,-2.1,-3.4,중립,음봉,잔구간,0.09,-0.595,2026-08-26
SGML,0.4,12.2,740283,1662004,9.03,23.32,0.4,0.2,-1.3,중립,음봉,잔구간,0.46,-0.375,2026-08-26
PMI,0.4,9.8,2107367,5476389,20.65,56.24,0.4,-3.5,6.3,강한매수,양봉,완만한상승,0.88,2.06,2026-08-26
KLAR,0.4,14.21,4373022,11910691,62.14,170.54,0.4,-0.1,-0.3,매도주의,위꼬리음봉,잔구간,0.14,-0.965,2026-08-26
ARX,0.4,19.67,1833454,4376798,36.06,242.93,0.1,-0.1,0.1,중립,위꼬리양봉,완만한상승,0.33,-0.3,2026-08-26
ASTL,0.4,4.16,959720,2269421,3.99,7.95,0.5,-0.9,5.2,매수관심,장대양봉,잔구간,0.88,1.23,2026-08-26
YJ,0.3,2.76,600837,1994497,1.66,59.58,0.0,0.4,2.6,중립,위꼬리양봉,잔구간,0.17,-0.7,2026-08-26
BYND,0.3,14.25,522984,1913109,7.45,32.35,0.2,-0.6,1.0,매수관심,팽이도지,완만한상승,0.65,1.08,2026-08-26
USDE,0.3,5.98,1654127,5646023,9.89,88.28,0.1,-4.1,2.9,중립,양봉,잔구간,0.73,0.49,2026-08-26
PDI,0.3,15.41,1948850,5805284,30.03,77.03,0.4,0.0,-0.3,중립,음봉,잔구간,0.23,-0.51,2026-08-26
PSNL,0.3,17.08,2175012,6397436,37.15,73.25,0.5,-0.4,-0.6,중립,팽이도지,잔구간,0.36,-0.085,2026-08-26
HIVE,0.3,2.87,10410793,35921072,29.88,100.08,0.3,-2.3,-2.7,매도주의,장대음봉,잔구간,0.17,-1.2,2026-08-26
BITU,0.3,13.81,3575252,10677611,49.37,82.44,0.6,-2.3,1.0,중립,양봉,잔구간,0.82,0.54,2026-08-26
BTCS,0.3,1.45,1895684,5938160,2.75,4.38,0.6,-2.7,-0.7,중립,팽이도지,잔구간,0.5,0.0,2026-08-26
AMPG,0.3,3.55,571805,1835097,2.03,14.73,0.1,-2.2,0.3,중립,팽이도지,잔구간,0.36,-0.085,2026-08-26
CAST,0.1,1.51,744532,7969333,1.12,43.65,0.0,-0.3,-3.8,중립,음봉,잔구간,0.27,-0.49,2026-08-26
BIVI,0.1,2.11,922448,15150977,1.95,41.48,0.0,-4.1,5.2,매수관심,양봉,완만한상승,0.5,1.6,2026-08-26
BTCT,0.1,1.81,6520516,87640145,11.8,74.47,0.2,-10.5,1.1,중립,팽이도지,잔구간,0.7,0.12,2026-08-26
