ticker,ratio,latest_close,latest_volume,baseline_volume,dollar_volume_M,avg_dollar_vol_10d_M,dollar_surge_x,signal_gap_%,intraday_chg_%,candle_signal,candle_shape,candle_pos,close_pos,candle_score,latest_date
WETO,807.2,8.22,63041918,78100,518.2,14.51,35.7,195.0,-22.8,중립,음봉,전고점돌파,0.17,0.4,2026-08-14
MDXH,794.3,0.808,326589347,411182,263.88,0.49,539.3,31.5,33.0,강한매수,양봉,전고점돌파,0.41,2.09,2026-08-14
GIPR,512.1,0.498,34923714,68199,17.41,0.08,218.2,2.1,-30.8,강한매도,위꼬리음봉,전저점이탈,0.09,-2.74,2026-08-14
DFSC,373.9,3.0,27001419,72207,81.0,26.4,3.1,12.1,15.8,매수관심,양봉,완만한상승,0.67,1.8,2026-08-14
ITOC,239.2,0.313,21261875,88884,6.66,0.03,218.9,0.3,7.6,강한매수,양봉,전고점돌파,0.35,2.02,2026-08-14
LFS,236.2,2.42,30961520,131082,74.93,3.89,19.2,12.5,-0.4,매도주의,위꼬리음봉,완만한상승,0.06,-1.13,2026-08-14
DARE,86.6,0.93,8087945,93424,7.52,0.99,7.6,13.1,-40.0,강한매도,장대음봉,전저점이탈,0.2,-3.11,2026-08-14
STKH,79.9,3.6,29162727,365016,104.99,36.53,2.9,82.6,-31.6,중립,음봉,잔구간,0.13,-0.57,2026-08-14
GXAI,73.5,0.83,10658724,145072,8.85,13.6,0.7,-18.3,-19.4,매도주의,장대음봉,전저점부근,0.07,-1.77,2026-08-14
SKYE,73.2,0.501,6604361,90282,3.31,0.09,38.7,59.0,-41.7,매도주의,장대음봉,잔구간,0.07,-1.26,2026-08-14
SCNX,68.5,0.459,29697040,433242,13.63,1.62,8.4,-3.2,2.0,매수관심,양봉스프링,잔구간,0.86,0.965,2026-08-14
SPAI,67.8,6.17,7365272,108611,45.44,0.43,105.6,-4.0,43.5,강한매수,장대양봉,전고점돌파,0.96,4.05,2026-08-14
SST,58.7,2.35,3435389,58517,8.07,0.12,68.7,1.8,35.8,강한매수,장대양봉,전고점돌파,0.91,3.99,2026-08-14
FIEE,53.8,5.0,5133250,95390,25.67,0.36,70.9,1.6,0.0,강한매도,위꼬리양봉,전고점부근,0.01,-3.04,2026-08-14
BGI,52.7,0.379,6381545,121206,2.42,0.11,22.9,15.2,-0.3,중립,팽이도지,잔구간,0.37,-0.08,2026-08-14
RMCF,51.4,1.22,2779578,54062,3.39,31.62,0.1,2.4,-27.8,매도주의,장대음봉,잔구간,0.2,-1.18,2026-08-14
SXTC,46.2,4.33,16110811,348856,69.76,7.85,8.9,39.4,-5.9,중립,망치형,잔구간,0.55,0.53,2026-08-14
ONFO,37.6,2.59,84764727,2255457,219.54,9.22,23.8,16.9,-4.1,매도주의,위꼬리음봉,잔구간,0.01,-1.045,2026-08-14
LBGJ,35.5,3.12,12623401,355873,39.39,5.7,6.9,24.1,-15.9,중립,음봉,잔구간,0.22,-0.52,2026-08-14
AEHL,33.4,4.94,1983644,59475,9.8,0.65,15.0,-5.5,10.5,중립,위꼬리양봉,잔구간,0.2,-0.68,2026-08-14
INV,32.9,1.615,32639822,992177,52.71,5.4,9.8,-43.6,-20.4,강한매도,장대음봉,전저점이탈,0.16,-3.16,2026-08-14
LNKS,28.2,1.14,3224336,114396,3.68,0.31,11.7,0.0,4.6,중립,위꼬리양봉,완만한상승,0.33,-0.3,2026-08-14
VWAV,27.4,1.78,25301928,923257,45.04,1.3,34.6,4.9,38.0,강한매수,양봉,전고점돌파,0.58,2.3,2026-08-14
IVDA,25.1,0.426,8366016,333323,3.56,13.04,0.3,-10.5,-9.4,중립,음봉,잔구간,0.22,-0.52,2026-08-14
BBBY.WS,23.5,0.737,1858956,78938,1.37,0.45,3.0,41.1,-6.7,매수관심,팽이도지,완만한상승,0.53,0.94,2026-08-14
BZAI,21.3,0.593,57196622,2683016,33.92,3.57,9.5,-34.5,-22.6,매도주의,음봉,전저점이탈,0.17,-1.85,2026-08-14
CAPR,20.3,6.65,66333884,3272109,441.12,21.71,20.3,81.9,-13.2,중립,음봉,전고점돌파,0.29,0.55,2026-08-14
MF,18.5,13.0,3856928,208299,50.14,1.7,29.5,30.4,-0.3,중립,위꼬리음봉,전고점돌파,0.21,-0.35,2026-08-14
ARX,16.7,19.58,19773693,1181242,387.17,158.53,2.4,0.3,0.1,중립,팽이도지,전고점부근,0.5,-0.45,2026-08-14
EMAT,16.2,3.03,3556155,219666,10.78,0.76,14.2,8.0,24.2,중립,양봉,잔구간,0.56,0.385,2026-08-14
KLC,15.6,2.6,7126600,456753,18.53,2.2,8.4,-26.5,-26.8,강한매도,장대음봉,전저점이탈,0.04,-3.3,2026-08-14
UAE,15.0,19.62,1211894,80784,23.78,2.55,9.3,0.4,-0.3,중립,망치형,잔구간,0.52,0.51,2026-08-14
OTLK,14.8,0.756,104623239,7080223,79.14,14.21,5.6,-5.1,-10.4,매도주의,장대음봉,전저점부근,0.34,-1.44,2026-08-14
AEYE,14.7,7.99,965070,65561,7.71,0.38,20.3,6.5,29.1,강한매수,장대양봉,전고점돌파,0.9,3.98,2026-08-14
CURI,13.8,3.55,3694402,268140,13.12,9.66,1.4,5.6,-15.8,매도주의,장대음봉,잔구간,0.04,-1.275,2026-08-14
SSTI,13.4,6.2,876095,65316,5.43,0.58,9.4,-25.2,0.2,매도주의,팽이도지,전저점이탈,0.45,-0.81,2026-08-14
MVIS,13.1,2.235,13646754,1041335,30.5,3.95,7.7,-38.7,-3.2,중립,망치형,전저점이탈,0.67,0.45,2026-08-14
HCTI,12.1,1.21,1716254,141661,2.08,8.14,0.3,-17.3,-15.4,매도주의,장대음봉,잔구간,0.09,-1.245,2026-08-14
CYCU,11.7,0.685,77383596,6587455,53.01,26.66,2.0,28.6,-23.9,매도주의,장대음봉,잔구간,0.16,-1.205,2026-08-14
IDN,11.5,2.805,2592115,225818,7.27,1.11,6.5,-20.3,-6.2,강한매도,장대음봉,전저점이탈,0.35,-2.93,2026-08-14
AMAU,11.5,15.83,1466242,127319,23.21,5.06,4.6,-13.8,2.8,매도주의,위꼬리양봉,전저점이탈,0.36,-1.92,2026-08-14
SORA,11.3,2.7,1651307,145679,4.46,0.25,17.6,-7.0,1.5,중립,위꼬리양봉,잔구간,0.24,-0.655,2026-08-14
NMAX,11.0,10.87,5946344,540741,64.64,6.42,10.1,4.3,9.9,강한매수,양봉,전고점돌파,0.58,2.3,2026-08-14
PWCM,10.9,1.26,1827618,166947,2.3,1.94,1.2,-23.0,7.7,중립,양봉,전저점이탈,0.63,0.11,2026-08-14
JAGX,10.8,0.916,1230679,114253,1.13,0.1,11.4,-1.7,19.0,중립,양봉,잔구간,0.68,0.46,2026-08-14
IMXI,10.4,14.59,5173817,499370,75.49,7.52,10.0,21.7,2.5,강한매수,양봉,전고점돌파,0.98,2.78,2026-08-14
HAO,10.3,3.98,1083634,104936,4.31,1.0,4.3,9.4,11.8,강한매수,양봉,전고점돌파,0.81,2.57,2026-08-14
HUMA,10.3,0.605,33057500,3220591,19.99,4.01,5.0,4.2,5.6,중립,양봉,잔구간,0.83,0.55,2026-08-14
JDZG,10.3,3.85,1667220,162163,6.42,2.34,2.7,3.2,9.7,매수관심,양봉,완만한상승,0.44,1.53,2026-08-14
TANH,10.3,0.397,2736390,265304,1.09,0.21,5.2,-1.4,10.3,강한매수,장대양봉,완만한상승,0.96,3.45,2026-08-14
IQST,10.0,1.17,6071123,608838,7.1,0.86,8.2,-0.8,0.0,매수관심,양봉스프링,잔구간,0.77,0.91,2026-08-14
VOC,10.0,3.17,584564,58657,1.85,0.26,7.3,1.8,-5.1,중립,음봉,잔구간,0.15,-0.56,2026-08-14
VGSR,9.4,11.587,663621,70587,7.69,0.85,9.0,0.2,-0.1,매도주의,위꼬리음봉,완만한상승,0.16,-1.01,2026-08-14
CDTG,9.4,2.09,1250533,133599,2.61,0.7,3.7,-3.1,34.8,강한매수,장대양봉,전고점돌파,0.95,4.04,2026-08-14
NPWR,9.3,1.95,4036009,434801,7.87,0.75,10.4,-3.7,25.0,강한매수,장대양봉,전고점돌파,0.76,3.81,2026-08-14
IPW,8.5,3.415,1665011,196752,5.69,2.91,2.0,-3.5,4.4,중립,위꼬리양봉,완만한상승,0.45,-0.16,2026-08-14
NBIZ,8.2,4.435,45646393,5555010,202.44,115.55,1.8,-2.2,-15.7,매도주의,장대음봉,전저점부근,0.04,-1.8,2026-08-14
GRSD,7.9,2.28,2130227,270563,4.86,0.55,8.9,13.1,5.6,강한매수,양봉,전고점돌파,0.65,2.38,2026-08-14
ADVB,7.7,8.95,486485,63173,4.35,1.55,2.8,2.6,1.7,중립,팽이도지,잔구간,0.48,-0.01,2026-08-14
AZ,6.8,7.33,1649862,243279,12.09,3.89,3.1,-1.1,-8.5,매도주의,장대음봉,잔구간,0.27,-1.14,2026-08-14
EDBL,6.7,1.67,918791,138153,1.53,6.44,0.2,0.6,-0.6,중립,망치형,잔구간,0.75,0.65,2026-08-14
LGCL,6.6,1.45,1510725,230533,2.19,1.75,1.3,-0.6,-8.8,중립,음봉,잔구간,0.13,-0.57,2026-08-14
ENHA,6.6,1.96,4077712,620412,7.99,1.46,5.5,-7.6,-15.2,중립,음봉,잔구간,0.47,-0.37,2026-08-14
TDIC,6.2,2.79,464652,74661,1.3,0.93,1.4,-0.4,4.5,중립,위꼬리양봉,완만한상승,0.23,-0.42,2026-08-14
KXIN,6.1,5.1,373639,60832,1.91,0.67,2.8,-1.2,0.8,중립,팽이도지,잔구간,0.5,0.0,2026-08-14
ZNTL,6.0,3.56,4575463,761013,16.29,3.6,4.5,-14.9,0.8,매도주의,위꼬리양봉,전저점이탈,0.33,-1.95,2026-08-14
PYPG,6.0,9.94,1187147,196416,11.8,1.97,6.0,-0.9,4.1,강한매수,양봉,전고점돌파,0.8,2.56,2026-08-14
WOK,6.0,2.22,924100,152864,2.05,1.02,2.0,1.7,4.5,매수관심,양봉,완만한상승,0.65,1.78,2026-08-14
BRUNW,5.9,11.28,606605,102268,6.84,1.69,4.0,23.4,-16.8,매도주의,음봉,전고점부근,0.16,-1.56,2026-08-14
OCLTU,5.9,9.995,360726,61393,3.61,8.54,0.4,-0.2,0.2,매수관심,장대양봉,잔구간,1.0,1.3,2026-08-14
TSSI,5.8,9.68,3273682,559871,31.69,9.7,3.3,-22.9,5.0,매수관심,장대양봉,전저점이탈,0.75,1.55,2026-08-14
FOCL,5.8,4.76,355832,61700,1.69,1.04,1.6,-2.6,5.5,매수관심,장대양봉,잔구간,0.93,1.26,2026-08-14
WYY,5.6,9.45,492373,88268,4.65,1.25,3.7,-17.0,-2.1,강한매도,위꼬리음봉,전저점이탈,0.23,-2.57,2026-08-14
CCO,5.4,2.33,16560495,3052968,38.59,24.43,1.6,0.9,-0.4,중립,음봉,완만한상승,0.33,-0.0,2026-08-14
MOBX,5.3,1.27,2910065,553173,3.7,1.18,3.1,-0.7,-16.4,강한매도,장대음봉,전저점이탈,0.32,-2.97,2026-08-14
RIV,5.3,11.11,441982,83659,4.91,1.3,3.8,-0.4,-0.8,매도주의,음봉,전저점이탈,0.46,-1.5,2026-08-14
CLBT,5.3,11.14,7850058,1492901,87.45,56.19,1.6,0.3,2.9,매수관심,장대양봉,잔구간,0.86,1.215,2026-08-14
STEX,5.2,1.04,2927134,566029,3.04,0.46,6.6,5.0,14.4,강한매수,양봉,전고점돌파,0.95,2.74,2026-08-14
AMPG,5.2,3.995,10355174,1973268,41.37,12.03,3.4,-27.1,-8.5,강한매도,장대음봉,전저점이탈,0.14,-3.18,2026-08-14
CAST,5.2,0.996,3211915,620656,3.2,0.93,3.5,14.6,-12.6,매도주의,장대음봉,전저점부근,0.22,-1.59,2026-08-14
MST,4.9,7.674,353675,72877,2.71,0.69,3.9,-4.3,-4.6,강한매도,장대음봉,전저점이탈,0.32,-2.97,2026-08-14
DWSN,4.9,3.195,520874,106290,1.66,0.43,3.9,-3.9,-27.1,강한매도,장대음봉,전저점이탈,0.07,-3.27,2026-08-14
ZCMD,4.7,1.0,7188336,1523654,7.19,5.27,1.4,13.6,-14.5,매도주의,장대음봉,전저점부근,0.0,-1.85,2026-08-14
CAMP,4.7,5.44,426629,90241,2.32,0.92,2.5,0.0,20.9,강한매수,장대양봉,전고점돌파,0.97,4.06,2026-08-14
FGL,4.6,0.4,2692498,584529,1.08,2.32,0.5,-19.4,0.2,매도주의,팽이도지,전저점이탈,0.36,-0.92,2026-08-14
MGRX,4.6,0.534,21113248,4628966,11.28,37.06,0.3,9.6,-8.6,중립,음봉,완만한상승,0.49,0.19,2026-08-14
MBOT,4.4,1.55,2737679,616708,4.24,1.14,3.7,0.0,-7.7,매도주의,음봉,전저점이탈,0.42,-1.55,2026-08-14
CIIT,4.4,3.64,357127,81769,1.3,0.24,5.4,-4.5,7.4,강한매수,장대양봉,완만한상승,0.82,3.28,2026-08-14
RLX,4.3,1.94,8778413,2023897,17.03,3.83,4.4,-7.5,4.9,매수관심,양봉,전저점부근,0.81,1.82,2026-08-14
IPWR,4.3,5.23,715583,168007,3.74,0.83,4.5,0.5,22.2,강한매수,장대양봉,전고점부근,0.9,2.03,2026-08-14
ENSC,4.2,0.4,18710015,4454488,7.48,38.18,0.2,-2.7,17.9,중립,양봉,잔구간,0.48,0.34,2026-08-14
PSFE,4.1,6.64,1646980,406254,10.94,2.82,3.9,-2.0,-14.3,매도주의,장대음봉,전저점부근,0.23,-1.57,2026-08-14
VIV,4.1,11.41,5963972,1470749,68.05,17.91,3.8,-0.3,0.9,중립,양봉,잔구간,0.86,0.565,2026-08-14
AEBI,4.1,12.71,1222720,296349,15.54,5.33,2.9,1.0,-8.1,매도주의,장대음봉,잔구간,0.21,-1.175,2026-08-14
VUZI,4.0,3.1,2846227,719854,8.82,1.95,4.5,-9.1,29.2,강한매수,장대양봉,전고점돌파,1.0,4.1,2026-08-14
NEXR,4.0,2.86,1214385,301718,3.47,1.99,1.7,1.8,2.5,중립,위꼬리양봉,잔구간,0.32,-0.61,2026-08-14
AIRO,4.0,9.57,1517053,375775,14.52,6.08,2.4,3.8,-13.9,매도주의,장대음봉,잔구간,0.09,-1.245,2026-08-14
BOXL,3.9,6.95,4082130,1042578,28.37,55.14,0.5,30.4,-21.6,매도주의,장대음봉,잔구간,0.0,-1.3,2026-08-14
ONCH,3.9,10.28,840802,215807,8.64,2.46,3.5,0.1,0.0,매수관심,양봉스프링,전고점부근,1.0,1.65,2026-08-14
SPRY,3.8,5.65,5046019,1341001,28.51,10.25,2.8,-16.4,10.8,매수관심,장대양봉,잔구간,0.77,1.16,2026-08-14
BAK,3.8,1.95,4842124,1272827,9.44,3.17,3.0,1.4,-7.1,매도주의,음봉,전저점이탈,0.33,-1.65,2026-08-14
INO,3.8,1.09,12214799,3231114,13.31,4.11,3.2,3.3,17.3,강한매수,장대양봉,전고점돌파,0.95,4.04,2026-08-14
JFB,3.7,4.6,1169856,315551,5.38,1.53,3.5,2.5,2.9,중립,위꼬리양봉,완만한상승,0.2,-0.46,2026-08-14
HQWWW,3.7,7.351,364889,99639,2.68,0.52,5.2,-5.7,7.5,중립,양봉,잔구간,0.64,0.435,2026-08-14
SNDQ,3.7,14.84,49511619,13218335,734.75,531.5,1.4,-15.3,0.5,강한매도,위꼬리양봉,전저점이탈,0.24,-2.06,2026-08-14
RDTL,3.5,18.69,1923348,549060,35.95,19.29,1.9,22.9,1.5,중립,위꼬리양봉,전고점돌파,0.37,0.34,2026-08-14
RSKD,3.5,6.54,3278159,925671,21.44,8.42,2.5,-7.0,9.0,강한매수,장대양봉,전고점돌파,0.89,3.97,2026-08-14
PEW,3.5,2.55,840214,242681,2.14,0.62,3.5,-5.6,0.0,강한매도,위꼬리양봉,전저점이탈,0.23,-2.07,2026-08-14
RRGB,3.5,10.14,860222,244138,8.72,4.35,2.0,-0.8,3.3,매수관심,양봉,완만한상승,0.77,1.92,2026-08-14
AVAH,3.5,12.32,7334205,2073555,90.36,27.66,3.3,5.5,3.4,강한매수,양봉,전고점돌파,0.82,2.58,2026-08-14
DLO,3.4,14.17,5074192,1492262,71.9,26.31,2.7,3.5,-7.3,매도주의,장대음봉,잔구간,0.13,-1.22,2026-08-14
CTNT,3.4,1.61,989418,287260,1.59,0.6,2.7,0.0,-1.8,중립,망치형,잔구간,0.58,0.55,2026-08-14
GP,3.4,1.82,1055889,311338,1.92,0.37,5.2,0.6,14.5,강한매수,장대양봉,전고점돌파,0.93,4.02,2026-08-14
VERI,3.4,1.15,9193563,2703944,10.57,3.84,2.8,-23.5,0.9,중립,위꼬리양봉,전저점부근,0.26,-0.54,2026-08-14
HEPS,3.4,2.79,442993,129467,1.24,0.45,2.7,0.0,-1.1,매도주의,위꼬리음봉,수횡파,0.06,-1.43,2026-08-14
GMRS,3.3,13.31,1179400,362216,15.7,11.46,1.4,0.0,-4.7,중립,음봉,잔구간,0.04,-0.625,2026-08-14
SBC,3.3,3.66,350551,107241,1.28,0.37,3.5,0.0,14.7,강한매수,장대양봉,전고점돌파,0.98,4.08,2026-08-14
GEMI,3.3,3.92,3752848,1137104,14.71,5.68,2.6,-9.3,0.5,중립,위꼬리양봉,전저점부근,0.13,-0.69,2026-08-14
XOS,3.3,2.095,536850,161261,1.12,1.19,0.9,-24.6,7.7,중립,양봉,전저점이탈,0.72,0.21,2026-08-14
PUSA,3.3,3.64,980054,300816,3.57,2.83,1.3,7.3,-2.3,중립,음봉,완만한상승,0.27,-0.08,2026-08-14
KULR,3.3,2.64,3618989,1106337,9.55,3.04,3.1,-15.8,5.6,중립,양봉,전저점이탈,0.87,0.39,2026-08-14
BFRI,3.2,1.3,976249,308243,1.27,0.51,2.5,1.6,1.6,중립,위꼬리양봉,완만한상승,0.29,-0.35,2026-08-14
SECZ,3.2,5.61,3340275,1034342,18.74,10.14,1.8,2.5,-3.9,중립,음봉,전저점부근,0.59,0.16,2026-08-14
SMCZ,3.2,2.95,7248321,2237217,21.38,16.28,1.3,-0.3,-3.6,중립,음봉,잔구간,0.35,-0.44,2026-08-14
UPXI,3.2,0.748,2075538,639033,1.55,0.67,2.3,3.2,-2.9,중립,망치형,잔구간,0.68,0.61,2026-08-14
STNE,3.1,9.55,11366249,3714552,108.55,40.15,2.7,-3.3,-3.4,매도주의,음봉,전저점이탈,0.28,-1.71,2026-08-14
QSI,3.1,0.74,7000672,2245351,5.18,1.99,2.6,-5.1,-1.4,중립,팽이도지,전저점이탈,0.52,-0.73,2026-08-14
GRDX,3.1,4.17,311575,99110,1.3,0.39,3.3,5.5,4.2,강한매수,양봉,전고점돌파,0.86,2.63,2026-08-14
ABEO,3.0,5.985,5445167,1793762,32.59,11.22,2.9,-2.1,-3.6,매도주의,음봉,전저점이탈,0.35,-1.63,2026-08-14
SHIM,3.0,3.71,303076,102343,1.12,0.31,3.6,0.0,-0.5,중립,팽이도지,전저점부근,0.3,0.51,2026-08-14
NU,3.0,15.23,156384143,51698929,2381.73,735.35,3.2,13.0,-3.2,중립,음봉,전고점돌파,0.19,0.43,2026-08-14
OXLC,3.0,9.61,2166040,732059,20.82,8.61,2.4,1.1,-2.3,매도주의,장대음봉,잔구간,0.13,-1.22,2026-08-14
RMIX,3.0,18.47,734516,244269,13.57,4.0,3.4,-9.4,8.3,매수관심,장대양봉,잔구간,0.88,1.23,2026-08-14
AMPY,2.9,4.78,2135849,741127,10.21,4.97,2.1,2.3,-3.2,중립,음봉,잔구간,0.54,-0.325,2026-08-14
LPTH,2.9,15.17,6172196,2093243,93.63,26.02,3.6,10.5,4.6,강한매수,양봉,전고점돌파,0.73,2.48,2026-08-14
ACRV,2.9,1.95,758082,265575,1.48,0.47,3.1,2.7,2.6,강한매수,양봉,전고점돌파,0.71,2.45,2026-08-14
CNVS,2.9,2.69,389028,133900,1.05,0.32,3.2,-5.6,-0.7,매도주의,위꼬리음봉,잔구간,0.11,-0.985,2026-08-14
LX,2.8,1.36,3917162,1403496,5.33,1.8,3.0,0.0,-4.9,강한매도,장대음봉,전저점이탈,0.22,-3.09,2026-08-14
MUX,2.7,18.8,2521123,948946,47.4,17.36,2.7,1.9,-0.7,매도주의,위꼬리음봉,완만한상승,0.16,-1.01,2026-08-14
DGXX,2.7,3.97,6783273,2537584,26.93,12.99,2.1,-5.1,1.3,매수관심,양봉스프링,잔구간,0.96,1.025,2026-08-14
NCMI,2.7,2.86,1506180,558365,4.31,5.14,0.8,0.4,6.3,매수관심,장대양봉,잔구간,0.81,1.185,2026-08-14
SMMT,2.7,13.35,9748872,3584063,130.15,53.32,2.4,-2.8,-1.9,매도주의,음봉,전저점이탈,0.5,-1.45,2026-08-14
CRMD,2.7,7.54,2701417,1012462,20.37,10.55,1.9,-1.1,-6.3,매도주의,장대음봉,잔구간,0.11,-1.235,2026-08-14
SGML,2.6,11.99,4262556,1639528,51.11,18.61,2.7,-3.0,9.1,강한매수,양봉,완만한상승,0.94,2.13,2026-08-14
NUVB,2.6,6.22,13327001,5034215,82.89,32.64,2.5,-1.3,3.3,강한매수,양봉,완만한상승,0.85,2.02,2026-08-14
TGEN,2.6,3.65,356362,136980,1.3,0.61,2.1,-1.7,-11.4,매도주의,장대음봉,잔구간,0.16,-1.205,2026-08-14
GLWG,2.6,16.6,3255015,1250699,54.03,24.78,2.2,2.8,6.4,강한매수,양봉,완만한상승,0.83,2.0,2026-08-14
AIB,2.6,1.82,1810194,694973,3.29,2.09,1.6,-2.2,2.2,매수관심,팽이도지,완만한상승,0.7,1.14,2026-08-14
IEP,2.6,7.42,3355900,1310202,24.9,9.77,2.5,0.0,-1.1,중립,음봉,잔구간,0.14,-0.565,2026-08-14
BTAI,2.6,1.19,2031440,780818,2.42,0.63,3.8,-1.8,7.2,강한매수,양봉,전고점돌파,0.78,2.54,2026-08-14
NERV,2.5,4.58,340693,137878,1.56,0.53,3.0,12.8,3.6,매수관심,양봉,완만한상승,0.57,1.68,2026-08-14
CLM,2.5,7.35,3278976,1314525,24.1,13.03,1.8,-1.9,-0.1,강한매도,위꼬리음봉,전저점이탈,0.0,-2.85,2026-08-14
TSDD,2.5,9.33,8008683,3146034,74.72,46.62,1.6,-1.1,-0.2,매수관심,팽이도지,전저점부근,0.56,0.82,2026-08-14
IQI,2.5,10.27,329768,134511,3.39,1.36,2.5,0.1,0.3,강한매수,양봉,전고점돌파,0.57,2.28,2026-08-14
MH,2.5,13.1,1482900,596480,19.43,7.46,2.6,-0.1,-3.3,중립,망치형,잔구간,0.61,0.565,2026-08-14
NGL,2.5,17.97,593329,235981,10.66,4.87,2.2,0.5,4.5,강한매수,장대양봉,전고점부근,0.89,2.02,2026-08-14
SSYS,2.4,9.0,1006250,414538,9.06,4.62,2.0,-0.7,1.0,매수관심,양봉,완만한상승,0.68,1.82,2026-08-14
RNXT,2.4,1.4,1007048,419297,1.41,0.55,2.6,0.8,10.2,강한매수,장대양봉,전고점돌파,0.74,3.79,2026-08-14
OCC,2.4,17.8,382881,158738,6.82,3.58,1.9,0.8,6.1,강한매수,양봉,전고점돌파,0.51,2.21,2026-08-14
MGTX,2.4,13.52,809173,332611,10.94,5.53,2.0,-1.7,8.5,강한매수,장대양봉,완만한상승,0.82,3.28,2026-08-14
RCAX,2.4,5.59,1001960,420776,5.6,1.66,3.4,22.1,-4.1,매수관심,팽이도지,전고점돌파,0.52,1.52,2026-08-14
LTRX,2.4,6.47,1264522,537323,8.18,3.52,2.3,5.1,1.1,강한매수,양봉스프링,전고점돌파,0.78,3.34,2026-08-14
NMRA,2.3,1.6,1165565,502896,1.86,1.06,1.8,-2.3,-5.3,매도주의,장대음봉,잔구간,0.15,-1.21,2026-08-14
ELMT,2.3,18.815,432942,192190,8.15,3.89,2.1,0.0,9.7,강한매수,장대양봉,완만한상승,0.98,3.48,2026-08-14
ABOS,2.2,2.67,526703,242522,1.41,0.69,2.1,-1.6,6.4,강한매수,장대양봉,전고점돌파,0.9,3.98,2026-08-14
ANVS,2.2,1.85,949713,426991,1.76,1.01,1.7,2.2,1.1,매수관심,팽이도지,완만한상승,0.5,0.9,2026-08-14
FTRE,2.2,17.41,2561091,1144709,44.59,30.57,1.5,-1.0,-1.4,중립,망치형,전저점이탈,0.57,0.33,2026-08-14
CLYM,2.2,16.33,2498243,1114473,40.8,13.98,2.9,2.2,8.4,강한매수,양봉,전고점돌파,0.76,2.51,2026-08-14
DEFT,2.2,0.489,4374145,1974077,2.14,0.89,2.4,-2.2,4.1,강한매수,양봉스프링,완만한상승,0.89,2.87,2026-08-14
TMC,2.2,4.01,9287187,4243932,37.24,20.32,1.8,-4.3,-5.0,매도주의,장대음봉,잔구간,0.33,-1.1,2026-08-14
CRDL,2.2,1.8,1725609,790567,3.11,1.58,2.0,1.2,4.0,강한매수,양봉,전고점돌파,0.88,2.66,2026-08-14
CRF,2.2,7.04,2128282,989897,14.98,9.54,1.6,-1.5,-0.3,강한매도,위꼬리음봉,전저점이탈,0.14,-2.68,2026-08-14
NTHI,2.2,4.22,646954,299141,2.73,1.14,2.4,0.3,31.1,강한매수,장대양봉,완만한상승,0.91,3.39,2026-08-14
ONDG,2.2,3.63,8338699,3725881,30.27,14.26,2.1,10.3,-3.2,중립,음봉,완만한상승,0.34,0.01,2026-08-14
ONDU,2.2,5.8,321969,145994,1.87,1.0,1.9,11.9,-4.9,중립,음봉,완만한상승,0.27,-0.08,2026-08-14
OMER,2.2,17.19,3675975,1639393,63.19,42.33,1.5,0.0,-0.9,중립,망치형,잔구간,0.61,0.565,2026-08-14
PROP,2.2,1.0,3376576,1535192,3.38,1.07,3.2,1.2,17.6,강한매수,장대양봉,전고점돌파,0.83,3.9,2026-08-14
GLDG,2.2,1.05,1448522,669466,1.52,0.69,2.2,0.0,0.0,중립,위꼬리양봉,완만한상승,0.11,-0.57,2026-08-14
QUAD,2.2,9.94,865047,396029,8.6,5.03,1.7,0.3,1.0,중립,양봉,잔구간,0.71,0.475,2026-08-14
BTCS,2.2,1.12,1266655,588909,1.42,0.73,1.9,1.9,2.8,중립,양봉,잔구간,0.85,0.56,2026-08-14
ADCT,2.2,1.01,1347088,616948,1.36,1.01,1.3,-2.9,-1.0,매도주의,위꼬리음봉,잔구간,0.25,-0.9,2026-08-14
HLIT,2.1,13.92,2737082,1308995,38.1,23.43,1.6,0.8,5.6,강한매수,장대양봉,완만한상승,0.92,3.4,2026-08-14
USDE,2.1,2.93,662693,319964,1.94,0.91,2.1,0.0,13.1,강한매수,장대양봉,전고점돌파,0.95,4.04,2026-08-14
CNTN,2.1,2.02,747915,352025,1.51,1.19,1.3,0.0,2.5,강한매수,양봉,전고점돌파,0.63,2.36,2026-08-14
ARCO,2.1,7.91,1622319,780577,12.83,9.22,1.4,-1.7,-1.1,중립,음봉,잔구간,0.27,-0.49,2026-08-14
ARBE,2.1,0.797,1630679,768534,1.3,0.79,1.6,-3.6,7.7,강한매수,장대양봉,전고점돌파,0.86,3.93,2026-08-14
SGMT,2.1,10.55,2659469,1289410,28.06,13.13,2.1,1.5,12.0,강한매수,장대양봉,전고점돌파,0.97,4.06,2026-08-14
AAOZ,2.1,8.07,8538952,4066595,68.91,40.94,1.7,-1.6,-29.9,매도주의,장대음봉,전저점부근,0.12,-1.71,2026-08-14
MTA,2.1,9.75,906172,428747,8.84,4.11,2.1,0.4,7.0,강한매수,장대양봉,전고점돌파,0.74,3.79,2026-08-14
CRMX,2.1,5.09,304597,144774,1.55,1.03,1.5,2.0,0.2,중립,위꼬리양봉,잔구간,0.07,-0.76,2026-08-14
DGNX,2.1,1.32,2614790,1245573,3.45,2.48,1.4,-19.1,7.3,매수관심,양봉,전저점부근,0.57,1.53,2026-08-14
OM,2.1,4.51,311975,151192,1.41,0.65,2.2,-0.9,7.1,중립,양봉,잔구간,0.65,0.44,2026-08-14
TSLZ,2.1,14.08,2441066,1140036,34.37,19.7,1.7,-1.1,-0.1,매수관심,팽이도지,전저점부근,0.56,0.82,2026-08-14
JACK,2.1,17.03,1654240,781114,28.17,18.76,1.5,-0.9,-8.4,매도주의,장대음봉,전저점부근,0.11,-1.72,2026-08-14
MGNX,2.0,4.22,851459,422893,3.59,2.25,1.6,-5.8,9.8,강한매수,장대양봉,완만한상승,0.96,3.45,2026-08-14
HSAI,2.0,18.21,2086320,1058279,37.99,26.22,1.4,-1.8,-3.9,매도주의,장대음봉,잔구간,0.28,-1.13,2026-08-14
LUNL,2.0,6.64,3644945,1841011,24.2,8.96,2.7,18.8,-1.9,중립,위꼬리음봉,전고점돌파,0.16,-0.41,2026-08-14
RMAX,2.0,12.55,1447059,713857,18.16,7.17,2.5,1.4,-0.4,강한매도,위꼬리음봉,전고점부근,0.04,-3.5,2026-08-14
SNDC,2.0,8.61,843942,418179,7.27,2.66,2.7,16.4,-1.1,강한매수,망치형,전고점돌파,0.8,2.86,2026-08-14
DFDV,2.0,3.07,890402,447900,2.73,1.46,1.9,-2.0,2.7,매수관심,양봉,완만한상승,0.72,1.86,2026-08-14
FWDI,2.0,4.26,1448985,721247,6.17,3.27,1.9,-1.2,4.2,강한매수,양봉,완만한상승,0.96,2.15,2026-08-14
OXSQ,2.0,1.46,4215501,2105040,6.15,3.28,1.9,0.7,-2.7,중립,음봉,잔구간,0.29,-0.475,2026-08-14
ENGN,2.0,1.7,919724,467134,1.56,1.12,1.4,0.0,0.6,매수관심,팽이도지,완만한상승,0.57,0.98,2026-08-14
METC,1.9,12.25,3456817,1847836,42.35,25.01,1.7,0.9,15.3,강한매수,장대양봉,전고점돌파,0.95,4.04,2026-08-14
MSTW,1.9,3.085,1033421,551815,3.19,1.62,2.0,-2.8,-2.4,매도주의,음봉,전저점이탈,0.42,-1.55,2026-08-14
SMWB,1.9,8.89,1220150,654044,10.85,10.3,1.1,0.0,-1.3,중립,음봉,잔구간,0.56,-0.315,2026-08-14
TONX,1.9,2.69,596047,306132,1.6,0.99,1.6,-1.4,-6.3,매도주의,장대음봉,전저점부근,0.28,-1.51,2026-08-14
BIT,1.9,12.17,560379,294462,6.82,3.66,1.9,-0.8,-0.1,강한매도,위꼬리음봉,전저점이탈,0.17,-2.65,2026-08-14
KURA,1.9,10.86,1886011,1011923,20.48,13.95,1.5,-1.0,8.8,강한매수,장대양봉,완만한상승,0.85,3.32,2026-08-14
API,1.9,4.64,644976,347214,2.99,1.36,2.2,-2.9,-1.1,중립,망치형,잔구간,0.67,0.6,2026-08-14
CADL,1.9,11.72,2069292,1077702,24.25,11.74,2.1,0.4,-1.1,중립,망치형,잔구간,0.75,0.65,2026-08-14
ALOY,1.9,14.72,5130844,2746770,75.53,38.45,2.0,2.2,11.2,강한매수,장대양봉,전고점돌파,0.72,3.76,2026-08-14
NRK,1.9,10.61,417404,222124,4.43,2.53,1.7,-0.8,0.3,중립,팽이도지,잔구간,0.72,0.13,2026-08-14
SBS,1.9,4.6,12817238,6729371,58.96,43.42,1.4,-3.0,1.3,매수관심,양봉,전저점부근,0.86,1.88,2026-08-14
LAES,1.9,3.01,15488903,8103308,46.62,25.8,1.8,0.0,6.0,강한매수,장대양봉,전고점돌파,0.76,3.81,2026-08-14
SPCE,1.9,3.32,16846821,8752919,55.93,30.99,1.8,-0.6,6.4,매수관심,양봉,완만한상승,0.57,1.68,2026-08-14
MRLN,1.9,3.755,2217222,1155333,8.33,4.89,1.7,-6.1,-9.5,강한매도,장대음봉,전저점이탈,0.27,-3.03,2026-08-14
RDCM,1.9,10.49,313990,162508,3.29,1.81,1.8,0.9,2.3,매수관심,양봉,완만한상승,0.52,1.62,2026-08-14
IREG,1.9,9.62,1145920,610243,11.02,7.71,1.4,-2.5,-0.3,매도주의,위꼬리음봉,잔구간,0.14,-0.965,2026-08-14
EROC,1.9,16.72,4834249,2525335,80.83,41.14,2.0,2.5,4.2,중립,양봉,전고점부근,0.82,0.63,2026-08-14
CBRX,1.9,13.64,422220,223133,5.76,4.22,1.4,-5.2,-5.9,중립,음봉,잔구간,0.19,-0.535,2026-08-14
TSLT,1.8,12.23,3168889,1810424,38.76,24.51,1.6,1.2,0.2,중립,팽이도지,전고점부근,0.44,-0.52,2026-08-14
CSAN,1.8,2.52,2236241,1224120,5.64,3.66,1.5,-3.1,-0.4,강한매수,망치형,전저점부근,0.88,3.21,2026-08-14
GFR,1.8,6.94,835375,467443,5.8,2.52,2.3,-1.0,3.0,강한매수,장대양봉,완만한상승,0.65,3.08,2026-08-14
SNXX,1.8,16.19,155836967,87277363,2523.0,1239.11,2.0,15.5,-0.5,강한매수,망치형,전고점돌파,0.75,2.8,2026-08-14
HIVE,1.8,2.69,30343044,16626126,81.62,47.2,1.7,-0.8,5.1,강한매수,장대양봉,완만한상승,0.88,3.36,2026-08-14
SMJF,1.8,10.25,1207776,683336,12.38,7.31,1.7,1.4,2.1,강한매수,장대양봉,전고점부근,1.0,2.15,2026-08-14
STDN,1.8,13.31,1229104,669159,16.36,8.63,1.9,0.9,9.1,강한매수,장대양봉,전고점돌파,0.73,3.78,2026-08-14
BCYC,1.8,3.9,468117,256875,1.83,1.23,1.5,-0.8,-1.3,매도주의,음봉,전저점이탈,0.3,-1.69,2026-08-14
MYO,1.8,1.72,1432048,796408,2.46,1.05,2.4,-1.4,19.4,강한매수,장대양봉,전고점돌파,0.86,3.93,2026-08-14
CBRZ,1.8,9.14,1144801,650508,10.46,9.87,1.1,4.6,5.3,중립,양봉,잔구간,0.76,0.505,2026-08-14
TSLR,1.8,15.09,1794111,1007229,27.07,16.5,1.6,1.2,0.0,중립,팽이도지,전고점부근,0.44,-0.52,2026-08-14
PHK,1.8,4.6,975560,551410,4.49,3.04,1.5,0.0,-0.9,강한매도,장대음봉,전저점이탈,0.0,-3.35,2026-08-14
RCAT,1.8,11.13,18423841,10146244,205.06,100.72,2.0,11.1,-2.1,매수관심,팽이도지,전고점돌파,0.49,1.49,2026-08-14
IONZ,1.8,2.36,17199826,9338701,40.59,22.69,1.8,1.2,-7.5,매도주의,장대음봉,잔구간,0.3,-1.12,2026-08-14
SANA,1.8,3.55,3705758,2060015,13.16,7.89,1.7,-0.8,-2.5,중립,망치형,잔구간,0.67,0.6,2026-08-14
ELDN,1.8,3.54,1341635,760181,4.75,3.06,1.6,-2.7,-1.7,중립,음봉,잔구간,0.21,-0.525,2026-08-14
FDMT,1.8,12.19,773765,441980,9.43,5.96,1.6,-0.2,4.8,강한매수,양봉,전고점돌파,0.85,2.62,2026-08-14
DAPP,1.8,17.76,305979,174222,5.43,5.3,1.0,-0.6,0.2,중립,팽이도지,잔구간,0.73,0.14,2026-08-14
MNTS,1.8,4.84,2087069,1149799,10.1,7.11,1.4,-1.8,0.4,중립,위꼬리양봉,잔구간,0.1,-0.74,2026-08-14
TALK,1.8,5.25,2409426,1329331,12.65,10.92,1.2,0.0,0.0,매수관심,양봉스프링,전고점부근,1.0,1.65,2026-08-14
CRVO,1.8,2.73,608534,335204,1.66,1.1,1.5,2.0,-8.7,매도주의,장대음봉,잔구간,0.16,-1.205,2026-08-14
SKYH,1.8,10.26,412508,223667,4.23,2.64,1.6,-0.1,-6.6,매도주의,장대음봉,잔구간,0.03,-1.28,2026-08-14
AIBZ,1.7,6.75,596843,348531,4.03,2.39,1.7,0.2,11.4,매수관심,장대양봉,잔구간,0.92,1.25,2026-08-14
AGRO,1.7,8.91,1182514,679659,10.54,7.13,1.5,1.3,-2.8,강한매도,장대음봉,전저점이탈,0.09,-3.24,2026-08-14
HITI,1.7,2.35,475535,282099,1.12,0.75,1.5,0.4,0.9,매수관심,양봉,완만한상승,0.67,1.8,2026-08-14
AEHG,1.7,19.076,837845,486705,15.98,5.9,2.7,18.1,-0.0,중립,위꼬리음봉,전고점돌파,0.19,-0.37,2026-08-14
YSS,1.7,10.93,6604351,3966634,72.19,41.15,1.8,-12.6,8.7,중립,양봉,잔구간,0.81,0.535,2026-08-14
AVS,1.7,7.46,19409652,11731237,144.81,94.4,1.5,1.3,4.7,강한매수,장대양봉,전고점돌파,0.85,3.92,2026-08-14
FRSH,1.7,12.66,11011253,6584514,139.4,91.67,1.5,0.4,-0.5,중립,망치형,잔구간,0.78,0.67,2026-08-14
VLRS,1.7,7.88,840640,487366,6.62,4.31,1.5,-0.9,-0.9,매도주의,위꼬리음봉,잔구간,0.22,-0.92,2026-08-14
BSM,1.7,14.36,821813,483530,11.8,7.96,1.5,-0.2,0.1,중립,위꼬리양봉,잔구간,0.1,-0.74,2026-08-14
USGG,1.7,8.88,584624,334660,5.19,2.7,1.9,-0.5,16.1,강한매수,장대양봉,전고점돌파,0.77,3.82,2026-08-14
QNC,1.7,2.43,615445,366788,1.5,0.88,1.7,-0.8,2.5,매수관심,양봉,완만한상승,0.47,1.56,2026-08-14
NUAI,1.7,5.07,7138700,4086578,36.19,24.44,1.5,1.3,0.2,중립,팽이도지,완만한상승,0.28,0.64,2026-08-14
TIMB,1.7,17.35,808191,462348,14.02,9.48,1.5,-0.5,0.8,중립,양봉,잔구간,0.68,0.46,2026-08-14
CCCC,1.7,4.24,3399046,1960353,14.41,8.71,1.7,-0.2,4.2,중립,양봉,전고점부근,0.82,0.63,2026-08-14
OPRX,1.7,8.72,386066,227418,3.37,2.25,1.5,-0.7,0.0,중립,팽이도지,잔구간,0.43,-0.04,2026-08-14
RPC,1.7,8.67,1113776,640526,9.66,5.8,1.7,-0.3,-2.9,매도주의,장대음봉,잔구간,0.09,-1.245,2026-08-14
TTAM,1.7,16.04,354919,204828,5.69,4.53,1.3,-0.8,2.9,강한매수,장대양봉,완만한상승,0.93,3.42,2026-08-14
ELPC,1.7,10.46,692911,397350,7.25,5.09,1.4,-1.1,-0.2,중립,망치형,전저점이탈,0.88,0.71,2026-08-14
BORR,1.7,4.43,11671572,7004544,51.71,25.1,2.1,6.4,3.0,강한매수,장대양봉,전고점돌파,0.92,4.0,2026-08-14
BETR,1.7,13.73,1363073,801111,18.71,18.47,1.0,-1.3,-7.2,매도주의,장대음봉,전저점부근,0.16,-1.66,2026-08-14
LUNR,1.7,19.01,18909475,11103543,359.47,178.76,2.0,9.2,-0.8,중립,위꼬리음봉,전고점돌파,0.17,-0.4,2026-08-14
DHY,1.7,1.73,1047620,602105,1.81,1.15,1.6,-0.6,0.0,중립,팽이도지,잔구간,0.33,-0.1,2026-08-14
LABD,1.7,7.57,19545078,11778400,147.96,94.59,1.6,2.0,-2.6,중립,음봉,잔구간,0.1,-0.59,2026-08-14
CMTG,1.7,1.82,922365,540734,1.68,1.42,1.2,-1.6,-2.7,중립,음봉,잔구간,0.0,-0.65,2026-08-14
VLN,1.7,1.94,1158232,681323,2.25,1.82,1.2,1.5,-1.5,중립,팽이도지,완만한상승,0.26,0.61,2026-08-14
SNDG,1.7,10.08,11117848,6508080,112.07,53.9,2.1,15.2,0.0,강한매수,양봉스프링,전고점돌파,0.76,3.31,2026-08-14
STAK,1.7,1.76,1555375,910242,2.74,3.0,0.9,-1.9,13.5,중립,양봉,잔구간,0.69,0.465,2026-08-14
VIVO,1.6,4.87,578511,351613,2.82,1.93,1.5,1.1,5.0,강한매수,양봉,전고점돌파,0.8,2.56,2026-08-14
GNLX,1.6,2.74,462788,283272,1.27,1.11,1.1,0.8,3.4,매수관심,양봉,완만한상승,0.67,1.8,2026-08-14
GEL,1.6,15.82,408247,249991,6.46,4.57,1.4,0.6,0.1,매수관심,팽이도지,완만한상승,0.43,0.82,2026-08-14
USIO,1.6,2.76,482636,295285,1.33,1.74,0.8,1.9,4.5,강한매수,양봉,완만한상승,0.85,2.02,2026-08-14
FJET,1.6,4.24,810433,514986,3.44,2.34,1.5,0.5,5.2,강한매수,양봉,전고점돌파,0.94,2.73,2026-08-14
DPRO,1.6,4.89,1281163,810121,6.26,3.47,1.8,3.9,1.9,강한매수,양봉,전고점돌파,0.63,2.36,2026-08-14
XP,1.6,15.82,6005516,3642876,95.01,58.9,1.6,0.5,-0.7,중립,망치형,잔구간,0.58,0.55,2026-08-14
LASE,1.6,1.48,2680220,1707085,3.97,2.03,2.0,-1.1,9.2,강한매수,장대양봉,전고점돌파,0.9,3.98,2026-08-14
TIGR,1.6,4.6,2667797,1715782,12.27,9.0,1.4,0.0,-1.3,중립,음봉,잔구간,0.6,-0.29,2026-08-14
QXO,1.6,14.51,25376651,15967551,368.22,281.26,1.3,2.8,-5.2,매도주의,음봉,전저점이탈,0.16,-1.86,2026-08-14
CCXI,1.6,17.07,3282580,2111976,56.03,44.51,1.3,2.7,2.6,강한매수,양봉스프링,완만한상승,1.0,3.0,2026-08-14
PDI,1.6,15.75,3804357,2425848,59.92,42.55,1.4,0.0,-0.8,강한매도,장대음봉,전저점이탈,0.07,-3.27,2026-08-14
FBIO,1.6,2.93,1031522,634310,3.02,2.64,1.1,-2.0,0.3,중립,팽이도지,잔구간,0.71,0.125,2026-08-14
BTX,1.6,9.11,587593,378721,5.35,4.17,1.3,-0.1,0.7,중립,양봉,전고점부근,0.92,0.75,2026-08-14
IMDX,1.6,4.32,331687,208565,1.43,1.25,1.1,1.3,14.9,매수관심,장대양봉,잔구간,0.93,1.26,2026-08-14
AMPX,1.6,12.51,9072325,5757986,113.49,77.03,1.5,8.1,-3.1,중립,음봉,완만한상승,0.02,-0.38,2026-08-14
KBDC,1.6,13.5,690292,420031,9.32,5.67,1.6,0.1,-2.0,매도주의,장대음봉,잔구간,0.03,-1.28,2026-08-14
TMTS,1.6,10.09,495117,303862,5.0,2.65,1.9,0.0,0.2,강한매수,장대양봉,전고점돌파,1.0,4.1,2026-08-14
CIG,1.6,1.93,5299782,3324092,10.23,7.87,1.3,3.1,-4.0,매도주의,장대음봉,전저점부근,0.27,-1.53,2026-08-14
DUOT,1.6,9.11,808840,497561,7.37,5.73,1.3,0.7,-3.4,중립,음봉,잔구간,0.14,-0.565,2026-08-14
BGC,1.6,11.2,3858228,2436507,43.21,29.33,1.5,0.0,2.4,강한매수,장대양봉,전고점부근,0.97,2.11,2026-08-14
KOPN,1.6,5.5,5960524,3801739,32.78,22.29,1.5,1.9,11.8,강한매수,장대양봉,전고점부근,1.0,2.15,2026-08-14
GLND,1.6,1.28,2902249,1806534,3.71,3.68,1.0,4.0,-1.5,중립,팽이도지,잔구간,0.57,0.04,2026-08-14
TII,1.6,2.73,419173,254422,1.14,1.29,0.9,0.7,-1.4,매도주의,위꼬리음봉,잔구간,0.14,-0.965,2026-08-14
HUYA,1.5,2.3,1312930,847083,3.02,1.46,2.1,-0.9,-0.9,매도주의,음봉,전저점이탈,0.15,-1.87,2026-08-14
UAVS,1.5,1.09,4441202,2950246,4.84,2.71,1.8,1.9,0.0,중립,팽이도지,전고점부근,0.55,-0.39,2026-08-14
FINV,1.5,4.38,795159,525832,3.48,1.99,1.7,-0.4,-2.9,강한매도,장대음봉,전저점이탈,0.1,-3.23,2026-08-14
TKNO,1.5,7.29,553387,368250,4.03,1.88,2.2,1.6,-2.8,중립,망치형,잔구간,0.71,0.625,2026-08-14
RPAY,1.5,3.66,709123,483879,2.6,2.13,1.2,0.5,-4.9,매도주의,장대음봉,잔구간,0.05,-1.27,2026-08-14
KROS,1.5,10.1,315284,205150,3.18,2.45,1.3,-0.7,-4.6,매도주의,장대음봉,잔구간,0.14,-1.215,2026-08-14
OPK,1.5,1.38,3284020,2200101,4.53,3.63,1.2,-0.7,-0.7,중립,망치형,잔구간,0.75,0.65,2026-08-14
KRMD,1.5,3.4,554161,380540,1.88,1.18,1.6,0.8,1.5,중립,양봉,잔구간,0.72,0.48,2026-08-14
EIKN,1.5,11.05,637720,436841,7.05,3.82,1.8,3.8,3.1,강한매수,양봉스프링,전고점돌파,0.84,3.41,2026-08-14
TSL,1.5,12.76,590042,406430,7.53,5.48,1.4,1.0,-0.2,매수관심,팽이도지,전고점돌파,0.45,1.44,2026-08-14
TSLL,1.5,8.76,138118419,91721196,1209.92,764.54,1.6,1.5,-0.1,중립,팽이도지,전고점부근,0.43,-0.53,2026-08-14
PLG,1.5,1.48,1575560,1040948,2.33,1.48,1.6,1.4,-1.3,중립,음봉,완만한상승,0.34,0.01,2026-08-14
PGEN,1.5,6.1,7960238,5204538,48.56,47.83,1.0,-2.6,-3.5,강한매도,장대음봉,전저점이탈,0.06,-3.28,2026-08-14
EH,1.5,5.93,762456,503791,4.52,2.63,1.7,1.7,0.0,매수관심,팽이도지,전고점돌파,0.31,1.27,2026-08-14
INFQ,1.5,12.86,11661051,7843538,149.96,112.7,1.3,0.7,4.8,강한매수,장대양봉,완만한상승,0.67,3.1,2026-08-14
ONDL,1.5,9.24,2356679,1607795,21.78,18.4,1.2,11.6,-4.0,중립,음봉,완만한상승,0.34,0.01,2026-08-14
SIF,1.5,20.0,333576,225074,6.67,5.24,1.3,0.0,3.4,중립,양봉,잔구간,0.57,0.39,2026-08-14
DRAL,1.5,11.19,608713,396519,6.81,4.64,1.5,4.2,-2.5,중립,음봉,완만한상승,0.35,0.02,2026-08-14
MASS,1.5,10.01,645550,434563,6.46,4.94,1.3,1.5,-2.4,중립,음봉,잔구간,0.09,-0.595,2026-08-14
STUB,1.5,8.08,8397822,5653751,67.85,59.63,1.1,-0.3,5.5,매수관심,장대양봉,잔구간,1.0,1.3,2026-08-14
SND,1.5,5.1,454108,302322,2.32,1.47,1.6,-0.6,3.7,강한매수,장대양봉,완만한상승,0.68,3.12,2026-08-14
NEA,1.5,11.37,1161907,791688,13.21,8.83,1.5,-0.5,0.1,매수관심,양봉스프링,잔구간,0.78,0.92,2026-08-14
NNBR,1.5,3.9,6847554,4424463,26.71,14.36,1.9,0.3,7.7,매수관심,장대양봉,잔구간,0.78,1.17,2026-08-14
NMFC,1.5,7.73,832951,540669,6.44,4.85,1.3,0.4,-1.2,중립,음봉,잔구간,0.44,-0.385,2026-08-14
LCTX,1.5,1.07,1129385,758111,1.21,0.87,1.4,0.0,0.9,중립,위꼬리양봉,잔구간,0.5,-0.5,2026-08-14
LVWR,1.5,1.2,1073002,701596,1.29,1.78,0.7,0.0,-4.0,매도주의,위꼬리음봉,잔구간,0.21,-0.925,2026-08-14
ATAI,1.5,7.26,6100063,3982545,44.29,47.18,0.9,-0.1,0.3,중립,양봉,전고점부근,0.6,0.37,2026-08-14
SRXH,1.5,1.92,1511559,1040636,2.9,1.83,1.6,-6.6,12.3,매수관심,장대양봉,전고점부근,0.72,1.81,2026-08-14
MSTX,1.5,7.82,9936369,6564415,77.7,57.81,1.3,-4.8,-4.2,매도주의,음봉,전저점이탈,0.36,-1.62,2026-08-14
AVXX,1.5,8.33,447595,303529,3.73,2.04,1.8,13.0,-8.5,중립,음봉,완만한상승,0.22,-0.14,2026-08-14
ACHV,1.5,7.59,1743442,1149486,13.23,8.42,1.6,0.3,4.4,강한매수,장대양봉,전고점돌파,0.98,4.08,2026-08-14
XNDU,1.5,11.53,1338375,917043,15.43,10.14,1.5,1.0,5.9,매수관심,장대양봉,전고점부근,0.74,1.84,2026-08-14
GLNK,1.4,7.98,326909,238461,2.61,2.03,1.3,-0.1,2.0,강한매수,장대양봉,전고점돌파,0.91,3.99,2026-08-14
GOF,1.4,10.46,1204441,878836,12.6,11.45,1.1,-1.7,-0.5,매도주의,음봉,전저점이탈,0.22,-1.79,2026-08-14
GPK,1.4,11.4,4007455,2916899,45.68,55.58,0.8,-0.3,-3.4,강한매도,장대음봉,전저점이탈,0.11,-3.22,2026-08-14
CTNM,1.4,14.19,747312,516691,10.6,7.59,1.4,0.2,-7.4,매도주의,장대음봉,전저점부근,0.06,-1.78,2026-08-14
MRAM,1.4,18.88,1569722,1124749,29.64,23.27,1.3,1.3,10.7,강한매수,장대양봉,전고점돌파,0.98,4.08,2026-08-14
SOC,1.4,4.15,10659844,7625164,44.24,40.72,1.1,3.0,0.0,중립,팽이도지,잔구간,0.38,-0.07,2026-08-14
ABEV,1.4,2.8,38427589,28271135,107.6,105.24,1.0,-1.1,-0.4,중립,망치형,전저점이탈,0.67,0.45,2026-08-14
CRML,1.4,6.66,6360591,4626174,42.36,40.5,1.0,1.7,-0.4,매도주의,위꼬리음봉,잔구간,0.11,-0.985,2026-08-14
MIST,1.4,1.1,2167126,1505391,2.38,1.95,1.2,0.0,2.8,강한매수,양봉,완만한상승,1.0,2.2,2026-08-14
MSTY,1.4,11.93,2112467,1483234,25.2,16.66,1.5,-2.3,-1.4,매도주의,음봉,전저점이탈,0.44,-1.52,2026-08-14
AIRJ,1.4,6.04,2796021,1958059,16.89,12.7,1.3,-12.8,9.6,매수관심,장대양봉,잔구간,0.73,1.14,2026-08-14
QFIN,1.4,12.27,1626271,1191666,19.95,15.29,1.3,-0.2,-1.6,중립,음봉,잔구간,0.4,-0.41,2026-08-14
BSOL,1.4,10.24,2488342,1790324,25.48,18.77,1.4,-1.2,-0.5,중립,음봉,잔구간,0.23,-0.51,2026-08-14
INVZ,1.4,0.371,5300247,3718555,1.97,2.1,0.9,0.9,-7.2,강한매도,장대음봉,전저점이탈,0.04,-3.3,2026-08-14
FAC,1.4,5.16,309492,226930,1.6,1.66,1.0,0.9,-11.0,강한매도,장대음봉,전저점이탈,0.02,-3.33,2026-08-14
RC,1.4,1.85,1332955,973649,2.47,2.12,1.2,-1.7,5.7,강한매수,장대양봉,완만한상승,0.91,3.39,2026-08-14
OCTV,1.4,18.91,2818597,2077864,53.3,45.61,1.2,2.6,-2.5,중립,음봉,잔구간,0.18,-0.54,2026-08-14
APLX,1.4,12.35,1374438,961348,16.97,14.27,1.2,0.2,3.7,강한매수,양봉,완만한상승,0.92,2.1,2026-08-14
CBRG,1.4,4.61,12253992,8563090,56.49,57.1,1.0,-4.8,-6.1,중립,음봉,잔구간,0.23,-0.51,2026-08-14
KEP,1.4,11.77,1000531,717530,11.78,13.1,0.9,1.0,1.2,강한매수,장대양봉,완만한상승,0.94,3.43,2026-08-14
SKDD,1.4,10.08,6278647,4610310,63.29,108.55,0.6,-4.2,3.7,중립,양봉,잔구간,0.66,0.445,2026-08-14
SKYX,1.4,1.12,1167012,825939,1.31,0.95,1.4,1.8,0.0,강한매수,양봉스프링,완만한상승,0.8,2.76,2026-08-14
LESL,1.4,0.645,3178472,2338563,2.05,2.85,0.7,0.7,-16.8,강한매도,장대음봉,전저점이탈,0.08,-3.25,2026-08-14
SLNH,1.4,1.31,11726276,8142177,15.36,11.91,1.3,-3.1,4.0,매수관심,양봉,완만한상승,0.73,1.88,2026-08-14
AXTL,1.4,4.65,1111737,796353,5.17,4.09,1.3,1.2,9.2,매수관심,양봉,완만한상승,0.57,1.68,2026-08-14
COHH,1.4,7.92,1624490,1135357,12.87,8.99,1.4,0.5,-2.1,중립,팽이도지,잔구간,0.29,-0.125,2026-08-14
ASAN,1.4,9.14,6038952,4196770,55.2,42.2,1.3,-0.3,-7.1,매도주의,장대음봉,잔구간,0.03,-1.28,2026-08-14
DAMD,1.4,1.41,45474622,33575990,64.12,75.1,0.9,-1.9,-10.8,강한매도,장대음봉,전저점이탈,0.02,-3.33,2026-08-14
DC,1.4,6.23,1811277,1252221,11.28,7.93,1.4,2.4,-1.4,중립,음봉,완만한상승,0.22,-0.14,2026-08-14
SPH,1.4,17.75,330329,240146,5.86,4.66,1.3,-0.1,1.1,강한매수,장대양봉,수횡파,0.67,3.8,2026-08-14
SRFM,1.4,0.726,3327266,2388768,2.42,1.67,1.4,-0.1,-8.1,강한매도,장대음봉,전저점이탈,0.18,-3.13,2026-08-14
PLX,1.4,2.22,995919,721820,2.21,2.41,0.9,0.0,-5.9,강한매도,장대음봉,전저점이탈,0.26,-3.04,2026-08-14
INDI,1.4,4.71,12515240,8832044,58.95,29.9,2.0,-1.0,14.9,강한매수,장대양봉,전고점돌파,0.96,4.05,2026-08-14
IFRX,1.4,2.04,1468326,1034009,3.0,1.76,1.7,0.0,1.5,강한매수,양봉스프링,완만한상승,0.92,2.9,2026-08-14
BZ,1.4,15.51,5238080,3794025,81.24,52.28,1.6,0.5,0.1,매수관심,양봉스프링,잔구간,0.93,1.01,2026-08-14
ETW,1.4,9.79,455007,327556,4.45,3.27,1.4,-0.5,-0.4,중립,음봉,잔구간,0.11,-0.585,2026-08-14
PROK,1.4,1.33,1415368,989643,1.88,1.73,1.1,0.4,-5.7,강한매도,장대음봉,전저점이탈,0.27,-3.03,2026-08-14
BSCV,1.4,16.295,541674,399406,8.83,6.45,1.4,0.0,-0.2,매도주의,장대음봉,잔구간,0.13,-1.22,2026-08-14
VNM,1.4,17.16,541626,398641,9.29,12.12,0.8,-2.1,0.0,강한매도,위꼬리양봉,전저점이탈,0.23,-2.07,2026-08-14
AESI,1.3,12.45,3012367,2398318,37.5,40.51,0.9,0.3,5.3,강한매수,장대양봉,전고점돌파,0.79,3.85,2026-08-14
GSIT,1.3,7.03,583158,443408,4.1,4.02,1.0,-0.4,4.5,강한매수,양봉,전고점돌파,0.61,2.33,2026-08-14
QBTZ,1.3,2.83,5415575,4320860,15.33,14.08,1.1,1.7,-4.7,중립,음봉,잔구간,0.27,-0.49,2026-08-14
BTBT,1.3,1.57,22303801,17198234,35.02,31.07,1.1,0.7,4.7,강한매수,장대양봉,완만한상승,1.0,3.5,2026-08-14
HRZN,1.3,5.01,1100054,819879,5.51,3.45,1.6,-0.2,-1.8,매도주의,장대음봉,잔구간,0.07,-1.26,2026-08-14
QUCY,1.3,1.475,862529,675100,1.27,1.29,1.0,4.2,-0.3,중립,망치형,잔구간,0.83,0.7,2026-08-14
MPG,1.3,5.97,524021,418736,3.13,1.95,1.6,2.8,8.0,강한매수,양봉,전고점돌파,0.51,2.21,2026-08-14
MHD,1.3,11.65,350712,279696,4.09,3.53,1.2,-0.3,-0.1,중립,팽이도지,잔구간,0.33,-0.1,2026-08-14
FSCO,1.3,5.11,990280,770588,5.06,4.37,1.2,-0.2,0.6,매수관심,양봉,완만한상승,0.63,1.76,2026-08-14
GCTS,1.3,1.97,4166079,3150164,8.21,6.71,1.2,0.5,-8.4,강한매도,장대음봉,전저점이탈,0.09,-3.24,2026-08-14
AAOG,1.3,5.4,4310242,3280073,23.28,15.15,1.5,1.5,29.2,강한매수,장대양봉,전고점부근,0.89,2.02,2026-08-14
VMD,1.3,9.2,590993,463550,5.44,5.74,0.9,0.8,-0.4,중립,팽이도지,잔구간,0.48,-0.01,2026-08-14
MQY,1.3,11.31,454804,343657,5.14,4.29,1.2,-0.3,-0.2,중립,음봉,잔구간,0.2,-0.53,2026-08-14
EXG,1.3,9.98,492099,385251,4.91,4.72,1.0,-0.2,-1.0,매도주의,장대음봉,잔구간,0.31,-1.115,2026-08-14
UUUU,1.3,15.1,7996626,6367504,120.75,102.21,1.2,0.8,2.7,중립,양봉,전고점부근,0.6,0.37,2026-08-14
F,1.3,14.37,49580807,37360696,712.48,605.02,1.2,0.6,2.9,강한매수,장대양봉,완만한상승,0.86,3.33,2026-08-14
EYPT,1.3,14.75,2511098,1907823,37.04,25.19,1.5,0.4,9.0,강한매수,장대양봉,전고점돌파,0.99,4.09,2026-08-14
TTEC,1.3,1.58,847817,634299,1.34,1.28,1.1,1.9,-1.3,매도주의,위꼬리음봉,전저점부근,0.18,-1.13,2026-08-14
ERII,1.3,8.35,1353847,1070344,11.3,9.27,1.2,1.2,5.6,매수관심,장대양봉,잔구간,0.94,1.265,2026-08-14
BMNU,1.3,10.93,4013164,3119816,43.86,32.39,1.4,-3.2,0.4,매수관심,양봉스프링,잔구간,0.78,0.92,2026-08-14
EMPD,1.3,2.89,470485,370682,1.36,1.48,0.9,-1.8,4.0,매수관심,양봉,완만한상승,0.69,1.83,2026-08-14
LENZ,1.3,4.73,702705,532544,3.32,4.68,0.7,0.7,2.2,중립,양봉,잔구간,0.42,0.3,2026-08-14
DOMH,1.3,2.71,409704,324308,1.11,0.78,1.4,-3.4,-3.2,중립,음봉,잔구간,0.47,-0.37,2026-08-14
CODI,1.3,12.71,1064033,814738,13.52,10.06,1.3,5.9,-2.2,중립,음봉,완만한상승,0.24,-0.11,2026-08-14
IVA,1.3,4.6,573820,429234,2.64,3.11,0.8,0.7,-0.6,중립,음봉,잔구간,0.55,-0.32,2026-08-14
REKR,1.3,0.714,1679959,1260969,1.2,0.86,1.4,0.0,0.6,매수관심,팽이도지,완만한상승,0.59,1.01,2026-08-14
RR,1.3,1.8,5831313,4459772,10.5,7.57,1.4,0.6,4.0,강한매수,장대양봉,완만한상승,0.82,3.28,2026-08-14
SAN,1.3,14.76,16916602,13157183,249.69,207.25,1.2,0.4,-0.5,중립,음봉,잔구간,0.4,-0.41,2026-08-14
RNW,1.3,6.81,2691401,2115948,18.33,27.53,0.7,0.0,0.1,중립,양봉,잔구간,0.5,0.35,2026-08-14
OPEN,1.3,3.64,44027248,32705023,160.26,190.56,0.8,0.8,-1.1,중립,팽이도지,잔구간,0.35,-0.09,2026-08-14
KUST,1.3,1.23,980818,753751,1.21,8.4,0.1,-8.8,-1.6,중립,팽이도지,잔구간,0.43,-0.04,2026-08-14
OGG,1.3,2.86,1824605,1451960,5.22,5.0,1.0,2.6,1.8,중립,팽이도지,잔구간,0.73,0.14,2026-08-14
KEEL,1.3,3.51,42959010,31943915,150.79,117.37,1.3,-0.8,6.8,매수관심,장대양봉,잔구간,0.85,1.21,2026-08-14
KLRA,1.3,17.94,335985,261358,6.03,5.67,1.1,-0.2,0.1,중립,팽이도지,잔구간,0.51,0.005,2026-08-14
ZGN,1.3,13.76,948932,707474,13.06,11.66,1.1,-2.2,1.1,매수관심,양봉스프링,잔구간,0.78,0.92,2026-08-14
PAR,1.3,19.05,1333689,1027360,25.41,18.8,1.4,4.2,-1.8,매수관심,음봉,전고점돌파,0.64,0.97,2026-08-14
IMTX,1.3,9.44,362690,274304,3.42,3.04,1.1,0.9,-2.5,매도주의,장대음봉,잔구간,0.17,-1.2,2026-08-14
BYND,1.3,13.47,3171006,2512850,42.71,29.79,1.4,0.0,10.3,중립,양봉,잔구간,0.59,0.405,2026-08-14
IHS,1.3,8.33,690053,532412,5.75,15.88,0.4,0.1,0.1,중립,위꼬리양봉,완만한상승,0.33,-0.3,2026-08-14
PDYN,1.3,6.61,1328273,989732,8.78,5.8,1.5,1.3,3.8,강한매수,장대양봉,전고점돌파,0.81,3.87,2026-08-14
RAMZ,1.3,17.33,578955,441912,10.03,9.12,1.1,-4.3,3.1,중립,양봉,잔구간,0.67,0.45,2026-08-14
ERIC,1.3,10.27,11412879,8986396,117.21,105.37,1.1,-0.9,0.9,매수관심,양봉,완만한상승,0.76,1.91,2026-08-14
MYI,1.3,10.83,355150,265405,3.85,3.01,1.3,-0.3,-0.2,중립,음봉,잔구간,0.33,-0.45,2026-08-14
NPKI,1.3,14.22,726437,568330,10.33,10.3,1.0,0.0,2.7,강한매수,장대양봉,완만한상승,0.84,3.31,2026-08-14
LUNG,1.3,2.42,867231,658697,2.1,2.04,1.0,1.4,10.5,매수관심,장대양봉,전고점부근,0.8,1.91,2026-08-14
LUMN,1.3,6.72,19814751,15096633,133.16,103.8,1.3,0.5,4.5,매수관심,장대양봉,전고점부근,0.81,1.92,2026-08-14
TOYO,1.3,6.07,820438,627632,4.98,3.73,1.3,1.2,5.9,강한매수,장대양봉,전고점돌파,0.93,4.02,2026-08-14
OWLT,1.3,6.66,313366,236817,2.09,1.26,1.7,0.3,5.9,매수관심,양봉,완만한상승,0.78,1.94,2026-08-14
NWG,1.3,19.1,2918995,2322170,55.75,71.93,0.8,-1.2,0.1,중립,팽이도지,잔구간,0.37,-0.08,2026-08-14
NVTS,1.3,14.45,16582482,12597692,239.62,168.67,1.4,0.8,5.0,매수관심,장대양봉,전고점부근,0.72,1.81,2026-08-14
ARCT,1.3,8.23,930679,692515,7.66,4.23,1.8,0.0,4.7,중립,양봉,전고점부근,0.68,0.47,2026-08-14
COTY,1.3,2.85,7350495,5453630,20.95,22.57,0.9,-0.4,4.0,매수관심,장대양봉,잔구간,0.88,1.23,2026-08-14
MUC,1.3,10.76,484564,376918,5.21,4.41,1.2,-0.5,-0.5,매도주의,장대음봉,잔구간,0.0,-1.3,2026-08-14
CRBU,1.3,1.58,1188579,900623,1.88,1.67,1.1,0.0,-1.9,강한매수,망치형,전저점부근,0.67,2.95,2026-08-14
SVRA,1.3,5.38,1650087,1235315,8.88,7.69,1.2,-0.4,2.5,강한매수,양봉,완만한상승,0.92,2.1,2026-08-14
MAMA,1.3,17.25,507325,396169,8.75,9.01,1.0,-0.4,1.9,중립,양봉,잔구간,0.62,0.42,2026-08-14
PALI,1.3,2.14,1605470,1277310,3.44,3.2,1.1,-1.4,0.9,매수관심,양봉스프링,잔구간,0.89,0.985,2026-08-14
ABX,1.3,9.27,1071543,794409,9.93,6.02,1.6,6.1,2.5,중립,양봉,잔구간,0.42,0.3,2026-08-14
USAR,1.3,20.0,16530523,13143596,330.61,229.21,1.4,-0.1,7.6,강한매수,장대양봉,전고점돌파,0.74,3.79,2026-08-14
RAM,1.3,13.2,17516199,13300661,231.21,161.3,1.4,4.1,-2.6,중립,음봉,완만한상승,0.35,0.02,2026-08-14
IREZ,1.3,10.27,2004034,1594654,20.58,22.46,0.9,3.0,-0.4,중립,망치형,잔구간,0.86,0.715,2026-08-14
AADX,1.2,17.92,1158233,1006898,20.76,22.05,0.9,-1.2,-3.5,강한매도,음봉,전저점이탈,0.01,-2.04,2026-08-14
AWF,1.2,10.15,389588,322069,3.95,2.96,1.3,0.0,-0.3,중립,음봉,잔구간,0.57,-0.31,2026-08-14
MORT,1.2,9.95,1058867,872549,10.54,10.22,1.0,0.1,-0.3,매도주의,위꼬리음봉,잔구간,0.17,-0.95,2026-08-14
VNET,1.2,7.6,3255363,2826108,24.74,27.16,0.9,2.6,-0.5,중립,팽이도지,완만한상승,0.32,0.68,2026-08-14
ACH,1.2,0.951,2922332,2473768,2.78,3.98,0.7,-1.8,-12.0,강한매도,장대음봉,전저점이탈,0.11,-3.22,2026-08-14
GERN,1.2,1.47,11157986,9543946,16.4,21.95,0.7,-0.3,-3.9,매도주의,장대음봉,잔구간,0.33,-1.1,2026-08-14
GLAS,1.2,9.41,381350,314409,3.59,3.64,1.0,-4.1,-1.6,매도주의,위꼬리음봉,잔구간,0.1,-0.99,2026-08-14
WBTN,1.2,8.285,508931,421727,4.22,3.74,1.1,-0.6,-2.1,중립,음봉,잔구간,0.42,-0.4,2026-08-14
GRWG,1.2,1.77,593611,484181,1.05,1.17,0.9,0.5,-4.3,매도주의,장대음봉,잔구간,0.22,-1.17,2026-08-14
FRVO,1.2,19.76,3459376,2906923,68.36,65.8,1.0,1.2,-3.9,매도주의,위꼬리음봉,잔구간,0.02,-1.04,2026-08-14
GO,1.2,11.13,3536496,2987460,39.36,31.19,1.3,-1.3,4.4,강한매수,장대양봉,전고점부근,0.91,2.04,2026-08-14
CRK,1.2,14.06,1769665,1525605,24.88,26.71,0.9,0.9,2.6,강한매수,장대양봉,완만한상승,0.85,3.32,2026-08-14
CRTO,1.2,19.0,436944,364553,8.3,16.01,0.5,0.0,4.3,강한매수,장대양봉,전고점돌파,0.96,4.05,2026-08-14
MSTZ,1.2,11.765,7599033,6318114,89.4,87.66,1.0,4.3,3.7,강한매수,양봉,전고점돌파,0.61,2.33,2026-08-14
CORD,1.2,2.39,17763049,14317022,42.45,49.82,0.9,0.6,0.8,매수관심,팽이도지,완만한상승,0.62,1.04,2026-08-14
STXS,1.2,1.38,733107,610612,1.01,1.06,1.0,2.2,-2.1,중립,음봉,완만한상승,0.65,0.38,2026-08-14
MRVI,1.2,5.7,2378077,1991138,13.56,11.88,1.1,-1.0,-0.3,중립,팽이도지,잔구간,0.56,0.035,2026-08-14
NOK,1.2,10.76,68497078,58042238,737.03,735.23,1.0,-0.3,2.2,강한매수,장대양봉,완만한상승,0.8,3.26,2026-08-14
BBWI,1.2,19.41,6479258,5267232,125.76,98.55,1.3,2.5,1.6,중립,양봉,잔구간,0.71,0.475,2026-08-14
SMR,1.2,9.39,35649812,29633975,334.75,281.54,1.2,-0.8,-3.9,중립,음봉,잔구간,0.25,-0.5,2026-08-14
DSU,1.2,9.45,301726,245752,2.85,2.48,1.2,-0.6,-0.2,중립,음봉,잔구간,0.49,-0.355,2026-08-14
OLMA,1.2,10.63,1163129,954629,12.36,11.96,1.0,-0.7,1.8,매수관심,양봉,완만한상승,0.74,1.89,2026-08-14
SKHZ,1.2,11.16,2097985,1744641,23.41,30.98,0.8,-2.4,2.0,중립,양봉,잔구간,0.68,0.46,2026-08-14
NAD,1.2,11.87,690010,567063,8.19,6.71,1.2,-0.6,0.6,강한매수,양봉,완만한상승,1.0,2.2,2026-08-14
NCLH,1.2,19.01,12502516,10515797,237.67,267.05,0.9,-0.5,-2.3,매도주의,장대음봉,잔구간,0.13,-1.22,2026-08-14
LITZ,1.2,8.38,3403649,2749465,28.52,28.24,1.0,-2.6,-7.9,중립,음봉,잔구간,0.45,-0.38,2026-08-14
DXC,1.2,10.79,2830299,2455639,30.54,45.99,0.7,0.9,-4.5,매도주의,장대음봉,잔구간,0.11,-1.235,2026-08-14
ITUB,1.2,7.4,31065216,25603515,229.88,170.05,1.4,-0.3,1.1,중립,양봉,잔구간,0.72,0.48,2026-08-14
ENVX,1.2,4.39,5484903,4586460,24.08,25.04,1.0,1.6,-2.4,중립,음봉,잔구간,0.28,-0.48,2026-08-14
CIFG,1.2,5.36,737683,611952,3.95,3.53,1.1,-1.8,16.8,매수관심,장대양봉,잔구간,0.88,1.23,2026-08-14
KRP,1.2,15.1,1556475,1344560,23.5,17.16,1.4,0.6,-0.7,중립,음봉,잔구간,0.32,-0.46,2026-08-14
ONDS,1.2,9.24,96853915,80762715,894.93,731.09,1.2,5.8,-2.0,중립,음봉,완만한상승,0.33,-0.0,2026-08-14
CGNT,1.2,9.12,442267,361492,4.03,4.66,0.9,0.4,-3.0,매도주의,장대음봉,잔구간,0.14,-1.215,2026-08-14
AMBP,1.2,5.23,1865554,1605696,9.76,11.18,0.9,-1.5,0.6,중립,위꼬리양봉,잔구간,0.44,-0.535,2026-08-14
ARI,1.2,6.83,3285199,2806498,22.44,23.49,1.0,-0.2,-0.9,중립,음봉,잔구간,0.14,-0.565,2026-08-14
SGHC,1.2,13.3,2013711,1724326,26.78,33.26,0.8,0.6,1.0,매수관심,양봉,완만한상승,0.63,1.76,2026-08-14
TSLG,1.2,4.35,35568719,28662143,154.72,112.8,1.4,1.6,-0.2,중립,팽이도지,전고점부근,0.42,-0.55,2026-08-14
ANNX,1.2,5.29,2990327,2547605,15.82,13.27,1.2,-1.0,1.5,중립,양봉,잔구간,0.79,0.525,2026-08-14
REAX,1.2,2.4,7007206,6025230,16.82,11.47,1.5,0.4,-0.4,강한매도,위꼬리음봉,전고점부근,0.08,-3.45,2026-08-14
QYLD,1.2,18.21,3303665,2736767,60.16,56.34,1.1,0.1,0.0,강한매수,양봉스프링,전고점돌파,1.0,3.6,2026-08-14
IGR,1.2,4.72,441360,375024,2.08,2.64,0.8,0.4,-0.4,강한매수,망치형,완만한상승,0.8,2.26,2026-08-14
INMB,1.2,2.17,462033,394363,1.0,0.8,1.2,0.5,3.8,매수관심,양봉,완만한상승,0.81,1.97,2026-08-14
IQ,1.2,1.35,6514324,5224869,8.79,6.95,1.3,-1.5,0.7,중립,위꼬리양봉,잔구간,0.5,-0.5,2026-08-14
PAYO,1.2,7.13,5211235,4501060,37.16,44.32,0.8,0.0,-0.1,중립,음봉,잔구간,0.43,-0.39,2026-08-14
PCG,1.2,17.84,22027860,19089960,392.98,480.03,0.8,-0.2,2.4,강한매수,장대양봉,전고점돌파,0.98,4.08,2026-08-14
PD,1.2,11.9,1184931,948014,14.1,13.03,1.1,2.6,-4.1,매도주의,장대음봉,잔구간,0.22,-1.17,2026-08-14
PFN,1.2,7.08,339665,291401,2.4,2.19,1.1,-0.1,0.0,중립,팽이도지,잔구간,0.5,0.0,2026-08-14
PGX,1.2,10.68,3405927,2734305,36.38,30.68,1.2,-0.4,0.2,매수관심,장대양봉,잔구간,0.67,1.1,2026-08-14
HTLD,1.2,12.79,939384,766523,12.01,9.85,1.2,0.2,0.9,매수관심,팽이도지,완만한상승,0.46,0.85,2026-08-14
UNIT,1.2,10.01,1738571,1446006,17.4,22.88,0.8,1.2,1.0,중립,양봉,잔구간,0.9,0.59,2026-08-14
UNCY,1.2,5.51,768274,646675,4.23,3.85,1.1,0.4,1.7,매수관심,양봉,완만한상승,0.44,1.53,2026-08-14
ABUS,1.2,4.67,1438732,1156770,6.72,5.49,1.2,0.4,1.5,중립,양봉,잔구간,0.75,0.5,2026-08-14
UUUG,1.2,5.23,485310,398681,2.54,1.72,1.5,2.4,4.2,중립,양봉,전고점부근,0.58,0.35,2026-08-14
BTDR,1.2,9.13,15853639,13081162,144.74,154.04,0.9,0.9,3.3,중립,양봉,잔구간,0.89,0.585,2026-08-14
QCML,1.2,15.28,418197,351674,6.39,6.11,1.0,1.3,-0.1,매수관심,팽이도지,완만한상승,0.7,1.14,2026-08-14
BSCR,1.2,19.655,517345,448634,10.17,13.05,0.8,0.0,0.0,강한매수,양봉,전고점돌파,0.5,2.2,2026-08-14
PONY,1.2,8.14,2972751,2503881,24.2,26.2,0.9,0.0,-2.3,중립,음봉,잔구간,0.17,-0.55,2026-08-14
FMNB,1.2,16.31,470932,401918,7.68,6.23,1.2,-0.2,-0.2,매도주의,위꼬리음봉,잔구간,0.23,-0.91,2026-08-14
AI,1.2,9.93,4408629,3774639,43.78,46.03,1.0,0.3,-2.7,중립,음봉,잔구간,0.37,-0.43,2026-08-14
VIXY,1.1,18.63,2080804,1868774,38.77,42.17,0.9,-0.8,-0.4,매도주의,위꼬리음봉,잔구간,0.16,-0.955,2026-08-14
GANX,1.1,2.12,519002,479409,1.1,1.15,1.0,-0.2,-1.9,중립,음봉,잔구간,0.31,-0.465,2026-08-14
GALT,1.1,3.44,388207,350493,1.34,1.33,1.0,-0.8,-1.7,중립,망치형,잔구간,0.69,0.615,2026-08-14
GAB,1.1,5.8,759923,661001,4.41,4.2,1.0,-0.3,0.0,중립,팽이도지,잔구간,0.43,-0.04,2026-08-14
FWRG,1.1,12.72,1185082,1048434,15.07,18.7,0.8,-0.5,-1.5,중립,음봉,잔구간,0.07,-0.61,2026-08-14
USOY,1.1,6.95,330260,296369,2.3,2.33,1.0,0.0,0.3,매수관심,양봉,완만한상승,0.75,1.9,2026-08-14
USAS,1.1,5.24,5012788,4666466,26.27,23.51,1.1,0.4,3.4,강한매수,장대양봉,완만한상승,0.68,3.12,2026-08-14
UPB,1.1,7.07,688249,624950,4.87,4.77,1.0,0.6,1.7,매수관심,양봉,완만한상승,0.79,1.95,2026-08-14
UNG,1.1,9.92,10851367,10200845,107.65,94.94,1.1,0.5,-1.0,중립,음봉,잔구간,0.09,-0.595,2026-08-14
UGP,1.1,6.16,3371983,3208639,20.77,20.15,1.0,-2.9,3.0,매수관심,장대양봉,잔구간,0.94,1.265,2026-08-14
TXO,1.1,13.81,313805,281961,4.33,2.95,1.5,-1.4,-1.1,중립,음봉,잔구간,0.05,-0.62,2026-08-14
TV,1.1,2.9,505876,467301,1.47,1.93,0.8,0.7,0.7,매수관심,팽이도지,완만한상승,0.59,1.01,2026-08-14
ANGX,1.1,4.37,1715140,1507819,7.5,6.58,1.1,-0.2,1.4,중립,양봉,잔구간,0.94,0.615,2026-08-14
AMRX,1.1,18.15,2006514,1824378,36.42,35.59,1.0,-1.2,6.3,매수관심,장대양봉,잔구간,0.98,1.29,2026-08-14
ARRY,1.1,5.05,6354115,5589064,32.09,44.88,0.7,-0.4,-1.9,중립,음봉,전저점부근,0.0,-0.55,2026-08-14
ARR,1.1,16.74,4427835,4146946,74.12,60.36,1.2,0.2,-0.1,매도주의,위꼬리음봉,완만한상승,0.1,-1.08,2026-08-14
ATOM,1.1,5.6,463939,429290,2.6,3.3,0.8,0.4,2.9,매수관심,양봉,완만한상승,0.56,1.67,2026-08-14
SONO,1.1,16.31,1481672,1374186,24.17,25.95,0.9,1.4,-3.1,매도주의,장대음봉,잔구간,0.03,-1.28,2026-08-14
SNDX,1.1,19.84,1251152,1132282,24.82,30.35,0.8,0.0,4.0,매수관심,장대양봉,잔구간,0.98,1.29,2026-08-14
GENI,1.1,8.38,6003972,5517049,50.31,69.12,0.7,0.1,5.8,매수관심,장대양봉,잔구간,0.91,1.245,2026-08-14
GBDC,1.1,13.26,1350426,1213663,17.91,17.14,1.0,-0.6,-0.5,중립,음봉,잔구간,0.21,-0.525,2026-08-14
SNAP,1.1,5.41,33881725,31458265,183.3,259.51,0.7,1.3,0.7,매수관심,팽이도지,완만한상승,0.5,0.9,2026-08-14
SLI,1.1,2.38,1665905,1470474,3.96,3.82,1.0,-0.9,3.0,강한매수,양봉,완만한상승,0.83,2.0,2026-08-14
SIDU,1.1,2.6,7818425,7105416,20.33,16.15,1.3,0.4,2.0,매수관심,팽이도지,완만한상승,0.71,1.15,2026-08-14
SBET,1.1,6.26,5556815,5201042,34.79,38.08,0.9,-0.8,-0.2,중립,망치형,잔구간,0.87,0.72,2026-08-14
SABS,1.1,3.7,324657,302518,1.2,1.64,0.7,0.5,-1.9,매도주의,장대음봉,잔구간,0.2,-1.18,2026-08-14
BKKT,1.1,7.65,1167735,1056121,8.93,7.24,1.2,0.5,2.8,강한매수,양봉,완만한상승,0.9,2.08,2026-08-14
RIVN,1.1,15.36,17231840,15097922,264.68,329.12,0.8,-0.1,-2.8,매도주의,장대음봉,잔구간,0.07,-1.26,2026-08-14
RES,1.1,6.36,1371516,1228624,8.72,8.23,1.1,0.5,0.8,강한매도,위꼬리양봉,전고점부근,0.32,-2.67,2026-08-14
RBLU,1.1,3.61,474076,424358,1.71,4.6,0.4,3.1,-1.4,매도주의,위꼬리음봉,잔구간,0.23,-0.91,2026-08-14
BSBR,1.1,5.77,7281128,6687430,42.01,35.06,1.2,0.3,-0.3,매수관심,팽이도지,완만한상승,0.47,0.86,2026-08-14
BMNR,1.1,18.08,26286669,24698525,475.26,477.27,1.0,-1.6,0.4,매수관심,양봉스프링,잔구간,0.82,0.94,2026-08-14
QID,1.1,13.66,20233223,18589455,276.39,273.32,1.0,-0.3,0.7,매수관심,양봉,완만한상승,0.59,1.71,2026-08-14
GORO,1.1,2.75,1223252,1118463,3.36,2.46,1.4,1.1,-2.8,매도주의,위꼬리음봉,잔구간,0.03,-1.03,2026-08-14
BSCT,1.1,18.575,523586,473767,9.73,9.08,1.1,0.0,-0.1,매도주의,장대음봉,잔구간,0.25,-1.15,2026-08-14
BSCQ,1.1,19.555,928540,822158,18.16,23.41,0.8,0.0,-0.0,매도주의,위꼬리음봉,완만한상승,0.25,-0.9,2026-08-14
PML,1.1,7.42,386241,347509,2.87,2.63,1.1,0.3,-0.4,매도주의,장대음봉,잔구간,0.0,-1.3,2026-08-14
PDO,1.1,12.79,616440,568927,7.88,8.0,1.0,-0.1,-0.6,강한매도,음봉,전저점이탈,0.0,-2.05,2026-08-14
CCLD,1.1,2.59,404520,362165,1.05,1.37,0.8,0.0,5.7,강한매수,장대양봉,완만한상승,0.79,3.25,2026-08-14
CAG,1.1,15.62,9068213,8132922,141.65,155.83,0.9,0.2,1.3,강한매수,장대양봉,전고점돌파,0.85,3.92,2026-08-14
OVID,1.1,2.83,1240941,1091894,3.51,3.81,0.9,0.0,1.1,매수관심,팽이도지,완만한상승,0.68,1.12,2026-08-14
OGI,1.1,1.23,1007926,877470,1.24,3.6,0.3,-0.8,-1.6,중립,팽이도지,잔구간,0.38,-0.07,2026-08-14
CJMB,1.1,2.37,574731,510871,1.36,0.73,1.9,0.0,3.0,중립,팽이도지,전고점부근,0.51,-0.44,2026-08-14
CIK,1.1,2.44,553828,526616,1.35,1.28,1.1,0.4,-0.8,매도주의,장대음봉,잔구간,0.0,-1.3,2026-08-14
CIFR,1.1,17.855,38126993,33821167,680.76,705.19,1.0,-0.9,8.4,매수관심,장대양봉,잔구간,0.85,1.21,2026-08-14
NVG,1.1,12.48,526578,474721,6.57,5.96,1.1,-0.6,0.6,강한매수,장대양봉,완만한상승,0.9,3.38,2026-08-14
NVDQ,1.1,8.88,4807697,4218798,42.69,36.22,1.2,-1.1,1.4,매수관심,양봉,완만한상승,0.76,1.91,2026-08-14
CMRE,1.1,14.64,333018,312563,4.88,4.81,1.0,0.2,1.2,강한매수,장대양봉,완만한상승,0.79,3.25,2026-08-14
NIO,1.1,4.52,27234972,24516140,123.1,125.82,1.0,-0.2,0.7,중립,양봉,잔구간,0.67,0.45,2026-08-14
GRRR,1.1,16.37,1186261,1055222,19.42,12.46,1.6,-1.0,7.1,강한매수,장대양봉,전고점돌파,0.92,4.0,2026-08-14
NCT,1.1,3.65,1246064,1180634,4.55,5.05,0.9,0.5,-4.2,중립,음봉,잔구간,0.46,-0.375,2026-08-14
NAC,1.1,11.88,381395,360523,4.53,5.37,0.8,-0.7,-0.2,매도주의,위꼬리음봉,잔구간,0.13,-0.97,2026-08-14
CRCD,1.1,4.32,911242,816938,3.94,6.78,0.6,2.8,6.9,매수관심,장대양봉,잔구간,0.91,1.245,2026-08-14
CRBP,1.1,10.09,425922,390372,4.3,3.39,1.3,-0.4,0.5,매수관심,팽이도지,완만한상승,0.51,0.91,2026-08-14
MYGN,1.1,3.03,1555214,1463151,4.71,12.07,0.4,0.0,-4.4,매도주의,장대음봉,잔구간,0.12,-1.23,2026-08-14
MXCT,1.1,1.32,1003418,893609,1.32,1.31,1.0,0.0,-5.0,중립,음봉,잔구간,0.36,-0.435,2026-08-14
MSBT,1.1,18.04,390817,354063,7.05,9.92,0.7,-1.0,0.3,중립,양봉,잔구간,0.67,0.45,2026-08-14
MOMO,1.1,5.75,491676,455890,2.83,2.66,1.1,0.4,-0.4,중립,음봉,완만한상승,0.4,0.08,2026-08-14
CSIQ,1.1,15.14,1558426,1447316,23.59,25.94,0.9,0.0,-1.1,중립,팽이도지,잔구간,0.28,-0.13,2026-08-14
MNR,1.1,13.01,459802,406757,5.98,3.97,1.5,0.7,-0.5,중립,음봉,잔구간,0.46,-0.375,2026-08-14
DDD,1.1,3.71,2783034,2563757,10.33,18.46,0.6,-0.3,2.8,매수관심,장대양봉,잔구간,0.67,1.1,2026-08-14
LZM,1.1,3.96,410446,366018,1.63,1.71,1.0,1.3,3.1,중립,양봉,잔구간,0.63,0.43,2026-08-14
LTGO,1.1,19.49,303586,273538,5.92,17.07,0.3,-0.2,-2.6,중립,음봉,잔구간,0.63,-0.27,2026-08-14
LOMA,1.1,9.44,595578,563616,5.62,4.85,1.2,0.0,-0.6,강한매수,망치형,전저점부근,0.58,2.85,2026-08-14
DNN,1.1,3.23,22574950,20653862,72.92,68.9,1.1,0.0,-0.9,중립,팽이도지,잔구간,0.27,-0.14,2026-08-14
DNA,1.1,6.79,1451274,1336575,9.85,10.1,1.0,-0.6,-5.7,강한매도,장대음봉,전저점이탈,0.04,-3.3,2026-08-14
DHT,1.1,19.52,3314007,3151127,64.69,59.44,1.1,1.0,0.7,강한매수,양봉,전고점돌파,0.6,2.32,2026-08-14
LEO,1.1,6.26,357861,337348,2.24,2.05,1.1,0.2,0.2,중립,양봉,전고점부근,0.6,0.37,2026-08-14
FFAI,1.1,3.92,707560,648530,2.77,11.19,0.2,-2.6,-14.0,매도주의,장대음봉,잔구간,0.0,-1.3,2026-08-14
DVLT,1.1,0.318,16568806,14971889,5.27,9.18,0.6,2.7,-4.5,매도주의,장대음봉,잔구간,0.2,-1.18,2026-08-14
KSCP,1.1,1.52,1129924,1026231,1.72,2.24,0.8,-1.9,-4.4,중립,음봉,잔구간,0.06,-0.615,2026-08-14
EARN,1.1,4.4,345884,310485,1.52,1.85,0.8,-0.2,-0.7,중립,음봉,잔구간,0.4,-0.41,2026-08-14
JKS,1.1,16.75,430220,388629,7.21,10.55,0.7,-0.9,3.8,매수관심,장대양봉,잔구간,0.86,1.215,2026-08-14
IRWD,1.1,4.31,2334027,2134301,10.06,12.58,0.8,-1.2,6.9,강한매수,장대양봉,완만한상승,0.9,3.38,2026-08-14
IRE,1.1,11.88,6603467,6239883,78.45,85.73,0.9,-3.5,-0.3,매도주의,위꼬리음봉,잔구간,0.11,-0.985,2026-08-14
IOVA,1.1,6.98,17507568,16492781,122.2,127.52,1.0,0.0,7.1,강한매수,장대양봉,전고점부근,0.97,2.11,2026-08-14
EVGO,1.1,1.65,3577690,3315701,5.9,6.26,0.9,-0.6,0.6,매수관심,팽이도지,완만한상승,0.67,1.1,2026-08-14
IMPP,1.1,4.79,329911,295591,1.58,1.41,1.1,0.6,2.4,강한매수,양봉,전고점돌파,0.77,2.52,2026-08-14
HYT,1.1,8.32,795163,745769,6.62,7.69,0.9,-0.8,-0.2,강한매도,음봉,전저점이탈,0.0,-2.05,2026-08-14
HNRG,1.1,16.16,765617,708349,12.37,15.21,0.8,-0.1,4.4,강한매수,장대양봉,완만한상승,0.87,3.34,2026-08-14
HL,1.1,18.37,41165379,37473364,756.21,608.8,1.2,2.0,1.5,매수관심,양봉,완만한상승,0.46,1.55,2026-08-14
WSE,1.1,13.09,1046637,993457,13.7,13.59,1.0,1.1,0.2,매수관심,팽이도지,전고점돌파,0.64,1.67,2026-08-14
ADUR,1.1,16.17,339867,314988,5.5,6.52,0.8,-1.6,-2.0,중립,음봉,잔구간,0.08,-0.6,2026-08-14
XPRO,1.1,18.71,916416,838029,17.15,14.42,1.2,-0.3,0.6,중립,팽이도지,전고점부근,0.53,-0.41,2026-08-14
ABTC,1.1,7.26,1213460,1108829,8.81,8.64,1.0,-1.6,0.8,중립,팽이도지,잔구간,0.45,-0.03,2026-08-14
NFGC,1.0,1.69,1504752,1471449,2.54,2.38,1.1,1.2,1.2,매수관심,양봉,완만한상승,0.34,1.41,2026-08-14
WNC,1.0,12.56,884734,857123,11.11,13.44,0.8,0.5,0.1,중립,위꼬리양봉,완만한상승,0.22,-0.44,2026-08-14
NEXT,1.0,7.19,2136020,2212605,15.36,16.67,0.9,0.3,5.7,강한매수,장대양봉,전고점돌파,0.98,4.08,2026-08-14
NOMD,1.0,11.73,1405765,1384482,16.49,18.63,0.9,-0.2,-2.3,중립,음봉,잔구간,0.45,-0.38,2026-08-14
TARA,1.0,3.97,333294,334999,1.32,1.51,0.9,0.0,0.8,강한매수,양봉스프링,완만한상승,0.82,2.78,2026-08-14
TAK,1.0,17.63,3137294,3255756,55.31,63.25,0.9,0.6,0.7,매수관심,장대양봉,전고점부근,0.83,1.95,2026-08-14
WULF,1.0,17.38,31090993,30508908,540.36,553.34,1.0,0.7,5.8,매수관심,장대양봉,잔구간,0.9,1.24,2026-08-14
WU,1.0,7.45,7938545,8306357,59.14,119.04,0.5,-0.4,-0.1,중립,망치형,잔구간,0.71,0.625,2026-08-14
AAL,1.0,14.83,46400805,44286024,688.12,756.78,0.9,-0.3,-1.2,매도주의,음봉,전저점이탈,0.11,-1.92,2026-08-14
VZLA,1.0,3.76,4637562,4694043,17.44,20.07,0.9,0.8,-0.3,매도주의,위꼬리음봉,잔구간,0.15,-0.96,2026-08-14
NNE,1.0,19.66,1828136,1844319,35.94,38.92,0.9,-1.3,-2.9,중립,음봉,잔구간,0.1,-0.59,2026-08-14
SRAD,1.0,13.82,2236847,2272712,30.91,53.57,0.6,1.2,0.6,강한매수,양봉스프링,전고점돌파,0.96,3.55,2026-08-14
SPIR,1.0,13.95,581693,578810,8.11,8.12,1.0,3.4,-3.3,중립,음봉,완만한상승,0.21,-0.15,2026-08-14
HMY,1.0,19.44,2384686,2502790,46.36,53.67,0.9,0.6,0.3,매수관심,팽이도지,완만한상승,0.59,1.01,2026-08-14
FATE,1.0,2.57,1995029,2088607,5.13,6.71,0.8,2.4,-0.4,중립,망치형,잔구간,0.75,0.65,2026-08-14
EVV,1.0,9.15,421993,413971,3.86,4.26,0.9,0.0,-0.2,강한매도,음봉,전저점이탈,0.0,-2.05,2026-08-14
EVMN,1.0,14.65,362586,377141,5.31,7.46,0.7,-0.9,5.1,강한매수,장대양봉,전고점부근,0.96,2.1,2026-08-14
ASC,1.0,17.61,463391,479531,8.16,9.47,0.9,0.5,1.3,강한매수,양봉,전고점돌파,0.72,2.46,2026-08-14
OLN,1.0,19.1,2255443,2218944,43.08,72.7,0.6,0.8,-0.6,매수관심,팽이도지,완만한상승,0.52,0.92,2026-08-14
OIS,1.0,8.93,513364,515061,4.58,5.93,0.8,1.5,0.9,중립,양봉,잔구간,0.53,0.37,2026-08-14
CLDT,1.0,12.99,319001,313619,4.14,4.47,0.9,-0.5,1.1,매수관심,양봉,완만한상승,0.57,1.68,2026-08-14
MSOX,1.0,2.64,1696612,1628590,4.48,3.44,1.3,0.4,-1.5,중립,망치형,잔구간,0.81,0.685,2026-08-14
MSDL,1.0,15.46,430415,449916,6.65,7.21,0.9,-0.1,-0.6,중립,음봉,잔구간,0.26,-0.495,2026-08-14
CXM,1.0,6.89,2004010,2060581,13.81,18.62,0.7,0.7,-2.7,매도주의,장대음봉,잔구간,0.19,-1.185,2026-08-14
CEPL,1.0,6.675,481048,458892,3.21,3.47,0.9,-1.3,0.2,중립,팽이도지,잔구간,0.36,-0.085,2026-08-14
GDRX,1.0,3.73,1849004,1913936,6.9,7.09,1.0,0.0,0.3,강한매수,양봉스프링,완만한상승,0.83,2.8,2026-08-14
GDOT,1.0,13.53,416977,419020,5.64,6.1,0.9,-0.1,0.2,강한매수,양봉스프링,완만한상승,0.85,2.82,2026-08-14
ERY,1.0,9.53,751092,750979,7.16,10.78,0.7,-0.7,-2.1,강한매도,장대음봉,전저점이탈,0.2,-3.11,2026-08-14
INN,1.0,6.04,1005613,1007353,6.07,6.29,1.0,0.2,-0.8,매도주의,위꼬리음봉,잔구간,0.0,-1.05,2026-08-14
CDXS,1.0,1.56,1244613,1240244,1.94,1.67,1.2,0.6,-3.1,중립,음봉,잔구간,0.45,-0.38,2026-08-14
CD,1.0,3.96,351598,348404,1.39,0.86,1.6,-0.9,16.5,강한매수,장대양봉,완만한상승,0.9,3.38,2026-08-14
CCUP,1.0,1.79,5588985,5685037,10.0,9.65,1.0,-3.0,-7.3,매도주의,장대음봉,잔구간,0.14,-1.215,2026-08-14
ORBS,1.0,0.722,7866873,7722691,5.68,6.05,0.9,-0.2,-4.1,매도주의,장대음봉,잔구간,0.05,-1.27,2026-08-14
OPTU,1.0,0.92,1964476,2028096,1.81,1.88,1.0,2.3,7.6,강한매수,장대양봉,전고점돌파,0.92,4.0,2026-08-14
DEC,1.0,14.32,832224,806625,11.92,12.65,0.9,2.7,-1.6,매도주의,장대음봉,완만한상승,0.23,-1.42,2026-08-14
DBI,1.0,5.89,334119,346649,1.97,2.38,0.8,-0.8,-3.3,강한매도,장대음봉,전저점이탈,0.14,-3.18,2026-08-14
CVRX,1.0,3.08,1897812,1979742,5.85,6.24,0.9,4.8,0.0,매수관심,팽이도지,완만한상승,0.53,0.94,2026-08-14
MNSO,1.0,11.8,596890,570896,7.04,6.44,1.1,-0.8,0.8,매수관심,장대양봉,잔구간,0.83,1.2,2026-08-14
PAL,1.0,5.5,703105,724979,3.87,5.63,0.7,0.7,-0.4,강한매수,망치형,완만한상승,0.75,2.2,2026-08-14
PAGS,1.0,8.72,3348050,3304331,29.2,25.83,1.1,0.1,-1.2,중립,음봉,잔구간,0.29,-0.475,2026-08-14
ETHE,1.0,15.14,1284733,1262458,19.45,23.19,0.8,-0.8,0.5,중립,양봉,잔구간,0.73,0.49,2026-08-14
VOXR,1.0,5.21,573462,562879,2.99,2.48,1.2,1.5,-4.1,매도주의,장대음봉,잔구간,0.06,-1.265,2026-08-14
SIGA,1.0,3.0,588162,609466,1.76,1.81,1.0,0.3,3.8,매수관심,장대양봉,잔구간,0.94,1.265,2026-08-14
GCMG,1.0,13.86,407605,422250,5.65,7.06,0.8,-0.2,-1.1,중립,음봉,잔구간,0.33,-0.45,2026-08-14
SMU,1.0,6.51,1352560,1372823,8.81,11.55,0.8,-1.4,-8.6,중립,음봉,잔구간,0.24,-0.505,2026-08-14
BBNX,1.0,17.57,935923,956080,16.44,22.38,0.7,0.2,-3.0,매도주의,장대음봉,잔구간,0.12,-1.23,2026-08-14
BBAR,1.0,15.34,535538,512861,8.22,9.42,0.9,0.1,-4.4,강한매도,장대음봉,전저점이탈,0.04,-3.3,2026-08-14
GEVO,1.0,1.69,3481569,3662185,5.88,5.32,1.1,0.6,3.7,강한매수,장대양봉,전고점돌파,0.86,3.93,2026-08-14
OSUR,1.0,3.84,582448,571847,2.24,2.07,1.1,0.0,-4.5,매도주의,장대음봉,잔구간,0.03,-1.28,2026-08-14
ALMU,1.0,18.42,365617,366680,6.73,8.64,0.8,1.0,3.7,강한매수,장대양봉,완만한상승,0.72,3.16,2026-08-14
ALLO,1.0,2.05,4605146,4772507,9.44,10.02,0.9,-1.0,4.6,매수관심,양봉,완만한상승,0.81,1.97,2026-08-14
CCOI,1.0,11.31,2261923,2366534,25.58,22.57,1.1,-1.7,11.2,강한매수,장대양봉,완만한상승,0.89,3.37,2026-08-14
BW,1.0,10.29,7500258,7490977,77.18,56.84,1.4,2.7,7.2,매수관심,장대양봉,잔구간,0.69,1.115,2026-08-14
BUYW,1.0,14.65,362063,373149,5.3,5.29,1.0,0.1,-0.1,강한매수,망치형,전고점돌파,0.75,2.8,2026-08-14
SGHT,1.0,8.14,332025,348123,2.7,2.74,1.0,0.2,-2.4,중립,음봉,잔구간,0.13,-0.57,2026-08-14
BHC,1.0,6.51,2560558,2498087,16.67,46.09,0.4,-0.6,3.3,강한매수,장대양봉,완만한상승,0.96,3.45,2026-08-14
BFLY,1.0,8.84,5255950,5076446,46.46,67.19,0.7,-2.4,2.2,중립,양봉,잔구간,0.82,0.54,2026-08-14
BATL,1.0,1.38,4524030,4667717,6.24,7.43,0.8,0.0,3.0,중립,양봉,잔구간,0.78,0.52,2026-08-14
AGEN,1.0,7.32,1251966,1282268,9.16,11.47,0.8,-1.0,5.6,강한매수,장대양봉,완만한상승,0.78,3.24,2026-08-14
AG,1.0,19.26,9580974,9552770,184.53,182.17,1.0,2.4,0.2,중립,위꼬리양봉,완만한상승,0.22,-0.44,2026-08-14
BTQ,1.0,4.06,1720009,1670282,6.98,6.41,1.1,4.6,-5.6,매도주의,장대음봉,잔구간,0.18,-1.19,2026-08-14
POET,1.0,9.58,16318935,15775573,156.34,122.41,1.3,0.0,7.5,강한매수,장대양봉,전고점돌파,0.88,3.96,2026-08-14
LMRI,1.0,12.02,616350,597711,7.41,6.41,1.2,0.0,-1.5,중립,음봉,잔구간,0.56,-0.315,2026-08-14
MAT,1.0,15.03,3265277,3144885,49.08,59.71,0.8,0.3,0.7,매수관심,양봉,완만한상승,0.61,1.73,2026-08-14
PTEN,1.0,11.37,6022992,5770037,68.48,85.44,0.8,1.1,3.2,강한매수,장대양봉,전고점돌파,0.89,3.97,2026-08-14
PSO,1.0,16.15,688736,704991,11.12,14.29,0.8,1.4,-2.0,매도주의,장대음봉,잔구간,0.03,-1.28,2026-08-14
PRLD,1.0,5.55,452138,433109,2.51,1.94,1.3,1.7,1.8,강한매수,양봉스프링,완만한상승,0.87,2.84,2026-08-14
PRCH,1.0,17.38,1311825,1292550,22.8,32.69,0.7,0.4,2.2,강한매수,장대양봉,전고점돌파,0.83,3.9,2026-08-14
TSHA,1.0,5.95,2131866,2212541,12.68,17.35,0.7,-1.5,0.8,강한매수,양봉스프링,전저점부근,0.81,3.62,2026-08-14
DNUT,1.0,3.33,4005755,4215483,13.34,11.78,1.1,-0.3,1.8,중립,위꼬리양봉,완만한상승,0.22,-0.44,2026-08-14
BSIN,1.0,1.43,1344611,1315250,1.92,1.97,1.0,-0.7,5.9,강한매수,장대양봉,완만한상승,1.0,3.5,2026-08-14
QBTX,1.0,10.08,1400350,1365162,14.12,18.01,0.8,-1.5,4.3,매수관심,양봉,완만한상승,0.71,1.85,2026-08-14
PURR,1.0,6.68,5438709,5196237,36.33,42.31,0.9,-0.9,-1.2,중립,음봉,잔구간,0.44,-0.385,2026-08-14
QS,1.0,6.19,14750766,15358546,91.31,93.29,1.0,1.5,-1.0,중립,음봉,완만한상승,0.25,-0.1,2026-08-14
RXRX,1.0,3.16,10545172,10854158,33.32,44.91,0.7,-0.3,-4.2,매도주의,장대음봉,잔구간,0.12,-1.23,2026-08-14
RWT,1.0,4.81,1663424,1643369,8.0,8.08,1.0,0.0,0.8,중립,양봉,전고점부근,0.5,0.25,2026-08-14
RWM,1.0,13.16,14067195,14091822,185.12,234.14,0.8,0.2,-0.6,매도주의,장대음봉,전저점부근,0.0,-1.85,2026-08-14
KELYA,1.0,16.06,332163,332468,5.33,5.95,0.9,0.1,-1.7,중립,음봉,잔구간,0.45,-0.38,2026-08-14
SB,1.0,7.75,598877,575178,4.64,5.04,0.9,-0.1,1.2,매수관심,양봉,완만한상승,0.74,1.89,2026-08-14
SHNY,1.0,9.85,1032344,1032640,10.17,9.21,1.1,2.2,-0.1,중립,팽이도지,완만한상승,0.35,0.72,2026-08-14
SHMD,1.0,5.45,340955,356001,1.86,1.85,1.0,-0.9,0.0,중립,팽이도지,잔구간,0.33,-0.1,2026-08-14
BTGO,1.0,5.76,1602195,1635828,9.23,7.28,1.3,-1.1,5.3,강한매수,장대양봉,전고점돌파,1.0,4.1,2026-08-14
FRNM,1.0,11.56,775653,755444,8.97,9.89,0.9,0.8,-1.2,중립,음봉,잔구간,0.25,-0.5,2026-08-14
FPI,1.0,9.92,450058,442224,4.46,4.6,1.0,0.1,1.6,강한매수,장대양봉,완만한상승,0.73,3.18,2026-08-14
BMNZ,1.0,12.74,575473,590716,7.33,9.64,0.8,3.4,-0.9,매도주의,위꼬리음봉,완만한상승,0.16,-1.01,2026-08-14
FDUS,1.0,19.59,378888,385603,7.42,8.41,0.9,-0.3,-0.7,매도주의,장대음봉,잔구간,0.18,-1.19,2026-08-14
RKLZ,1.0,2.89,9368273,9779247,27.07,29.22,0.9,0.7,-1.7,중립,팽이도지,잔구간,0.51,0.005,2026-08-14
BITU,1.0,9.0,2923504,3039372,26.31,32.83,0.8,-2.2,0.7,중립,양봉,잔구간,0.62,0.42,2026-08-14
KC,1.0,11.71,895901,856626,10.49,22.62,0.5,3.0,-0.3,중립,팽이도지,잔구간,0.39,-0.065,2026-08-14
DSL,1.0,10.84,374327,366862,4.06,4.82,0.8,0.1,0.3,강한매수,장대양봉,완만한상승,0.89,3.37,2026-08-14
KT,1.0,19.12,1732666,1811319,33.13,39.04,0.8,1.3,-0.4,중립,팽이도지,전고점부근,0.28,-0.71,2026-08-14
KSS,1.0,19.21,3558034,3440007,68.35,61.92,1.1,-0.8,-1.3,중립,음봉,잔구간,0.33,-0.45,2026-08-14
KRNT,1.0,18.04,302915,302503,5.46,5.74,1.0,-0.7,1.8,강한매수,장대양봉,완만한상승,0.6,3.02,2026-08-14
AMPL,1.0,13.03,2739077,2815930,35.69,30.25,1.2,0.2,-2.2,중립,음봉,잔구간,0.14,-0.565,2026-08-14
SABR,1.0,2.23,3894850,4019080,8.69,10.67,0.8,-0.5,1.4,매수관심,팽이도지,완만한상승,0.59,1.01,2026-08-14
RZLV,1.0,2.67,8001547,7744080,21.36,24.66,0.9,-0.4,1.1,매수관심,양봉,완만한상승,0.59,1.71,2026-08-14
RGTZ,1.0,2.71,5143496,4942978,13.94,15.17,0.9,0.7,-3.2,중립,음봉,잔구간,0.53,-0.33,2026-08-14
LAND,1.0,8.31,635760,640319,5.28,6.17,0.9,0.2,0.0,매수관심,팽이도지,완만한상승,0.5,0.9,2026-08-14
LAC,1.0,3.38,12107694,11640973,40.92,30.74,1.3,0.3,-1.7,매도주의,위꼬리음봉,잔구간,0.13,-0.97,2026-08-14
KYTX,1.0,8.17,580001,605856,4.74,5.01,0.9,0.2,0.9,강한매수,양봉스프링,완만한상승,0.76,2.71,2026-08-14
BLDP,1.0,2.7,3232700,3321274,8.73,10.96,0.8,-0.2,3.3,강한매수,장대양봉,완만한상승,0.63,3.06,2026-08-14
BITX,1.0,11.59,6457531,6668328,74.84,84.88,0.9,-2.2,0.7,중립,양봉,잔구간,0.59,0.405,2026-08-14
NEOG,1.0,11.65,1586294,1633872,18.48,30.35,0.6,0.0,-2.0,중립,음봉,잔구간,0.16,-0.555,2026-08-14
CLSX,1.0,12.05,363022,352029,4.37,3.95,1.1,-2.0,11.3,매수관심,장대양봉,잔구간,0.88,1.23,2026-08-14
CPRI,1.0,15.34,4526245,4701500,69.43,74.47,0.9,1.1,-2.7,매도주의,장대음봉,잔구간,0.07,-1.26,2026-08-14
CONL,1.0,4.07,15544087,16121201,63.26,88.42,0.7,-3.6,-3.2,중립,음봉,수횡파,0.17,-0.5,2026-08-14
NFXL,1.0,18.11,1043541,1057173,18.9,16.72,1.1,0.8,-1.0,중립,음봉,잔구간,0.43,-0.39,2026-08-14
ZVRA,1.0,11.32,777778,801094,8.8,12.72,0.7,-1.5,2.8,중립,양봉,잔구간,0.93,0.61,2026-08-14
VTS,1.0,16.22,560319,552341,9.09,8.77,1.0,0.7,-0.6,중립,음봉,완만한상승,0.28,-0.06,2026-08-14
FLYW,1.0,18.81,1793597,1840021,33.74,45.74,0.7,-0.1,3.2,매수관심,장대양봉,잔구간,0.97,1.28,2026-08-14
WRD,1.0,5.85,2804556,2752336,16.41,17.97,0.9,0.8,-2.5,매도주의,장대음봉,잔구간,0.33,-1.1,2026-08-14
ADTN,1.0,8.4,2073655,2052946,17.42,22.3,0.8,-0.4,4.5,강한매수,장대양봉,완만한상승,0.89,3.37,2026-08-14
FUBO,1.0,10.15,1951529,1924703,19.81,19.78,1.0,0.6,2.9,매수관심,양봉,완만한상승,0.47,1.56,2026-08-14
NAT,1.0,6.71,2251871,2324217,15.11,16.43,0.9,0.6,0.9,강한매수,양봉,전고점돌파,0.39,2.07,2026-08-14
NAK,1.0,1.62,2880444,2880142,4.67,5.88,0.8,0.0,-2.4,중립,음봉,수횡파,0.2,-0.46,2026-08-14
VG,0.9,13.99,13465037,14862678,188.38,183.18,1.0,1.0,2.3,매수관심,양봉,완만한상승,0.63,1.76,2026-08-14
VALE,0.9,13.63,20782958,22110076,283.27,365.28,0.8,-1.0,-0.2,매도주의,팽이도지,전저점이탈,0.39,-0.88,2026-08-14
AAPD,0.9,11.377,5996403,6579209,68.22,109.78,0.6,0.0,-0.0,중립,팽이도지,잔구간,0.54,0.025,2026-08-14
ABR,0.9,5.09,3107789,3397148,15.82,24.16,0.7,-3.2,0.0,중립,팽이도지,잔구간,0.26,-0.145,2026-08-14
YEXT,0.9,5.93,624598,711122,3.7,4.0,0.9,0.8,-3.7,매도주의,장대음봉,잔구간,0.1,-1.24,2026-08-14
YMAG,0.9,11.4,536249,618732,6.11,9.34,0.7,0.4,-0.3,중립,음봉,완만한상승,0.38,0.06,2026-08-14
XPEV,0.9,11.7,4876174,5679329,57.05,81.83,0.7,0.2,-0.8,매도주의,장대음봉,잔구간,0.3,-1.12,2026-08-14
XRP,0.9,11.16,620414,686903,6.92,7.25,1.0,-0.6,-0.5,중립,음봉,잔구간,0.04,-0.625,2026-08-14
XRX,0.9,3.1,1606767,1830639,4.98,10.9,0.5,0.3,-1.6,매도주의,장대음봉,잔구간,0.27,-1.14,2026-08-14
TBPH,0.9,16.97,405435,461423,6.88,11.6,0.6,-0.1,0.4,강한매수,장대양봉,전고점돌파,0.75,3.8,2026-08-14
TEUP,0.9,3.53,321608,362802,1.14,1.39,0.8,2.7,10.3,매수관심,양봉,완만한상승,0.54,1.65,2026-08-14
ACCO,0.9,4.34,539956,605835,2.34,3.01,0.8,1.4,-0.9,중립,음봉,완만한상승,0.57,0.28,2026-08-14
NRXP,0.9,3.27,1128895,1202771,3.69,5.15,0.7,0.9,-3.0,중립,음봉,잔구간,0.47,-0.37,2026-08-14
CLSK,0.9,12.09,19864406,21056461,240.16,266.19,0.9,-1.8,6.8,매수관심,장대양봉,잔구간,0.88,1.23,2026-08-14
CMBT,0.9,17.24,839255,931038,14.47,16.13,0.9,0.9,0.8,강한매수,양봉,전고점돌파,0.78,2.54,2026-08-14
CNDT,0.9,1.52,1005159,1132197,1.53,1.85,0.8,-0.6,-5.6,매도주의,장대음봉,잔구간,0.14,-1.215,2026-08-14
GRNT,0.9,5.11,667896,717795,3.41,3.8,0.9,2.2,-0.8,중립,음봉,완만한상승,0.09,-0.29,2026-08-14
GROY,0.9,3.14,2175709,2537417,6.83,7.73,0.9,1.3,0.0,중립,팽이도지,완만한상승,0.32,0.68,2026-08-14
TKC,0.9,5.46,1245294,1331826,6.8,9.98,0.7,-0.2,0.9,강한매수,양봉,완만한상승,0.83,2.0,2026-08-14
BIZD,0.9,13.37,2444868,2756628,32.69,39.77,0.8,-0.1,-1.2,매도주의,장대음봉,잔구간,0.0,-1.3,2026-08-14
BLMN,0.9,10.55,1521459,1759916,16.05,31.51,0.5,0.5,-2.7,매도주의,음봉,전저점이탈,0.24,-1.76,2026-08-14
RMNI,0.9,4.99,321711,357573,1.61,2.28,0.7,-0.4,-0.4,중립,팽이도지,잔구간,0.36,-0.085,2026-08-14
DXD,0.9,16.37,828074,898153,13.56,17.15,0.8,0.1,0.2,매수관심,양봉,완만한상승,0.58,1.7,2026-08-14
HAFN,0.9,7.74,822231,867885,6.36,6.99,0.9,1.7,0.0,매수관심,팽이도지,전고점돌파,0.62,1.64,2026-08-14
HAYW,0.9,15.16,1466709,1677911,22.24,39.42,0.6,-0.4,-0.5,중립,음봉,전저점부근,0.24,-0.26,2026-08-14
KOS,0.9,2.54,7729851,8937577,19.63,31.85,0.6,0.4,0.0,중립,위꼬리양봉,완만한상승,0.13,-0.54,2026-08-14
RGTI,0.9,18.82,16960652,18757688,319.2,355.96,0.9,-1.0,2.1,매수관심,양봉,완만한상승,0.49,1.59,2026-08-14
RGTX,0.9,15.02,564051,657462,8.47,9.13,0.9,-1.9,4.5,매수관심,양봉,완만한상승,0.53,1.64,2026-08-14
RIG,0.9,5.76,46825597,52253383,269.72,250.35,1.1,0.7,0.0,중립,위꼬리양봉,완만한상승,0.04,-0.65,2026-08-14
RYLD,0.9,16.4,345327,374134,5.66,7.71,0.7,0.1,0.0,중립,팽이도지,전고점부근,0.75,-0.15,2026-08-14
SAIL,0.9,19.53,2904018,3368505,56.72,61.13,0.9,-0.3,-2.1,매도주의,장대음봉,잔구간,0.26,-1.145,2026-08-14
SATL,0.9,5.8,6384176,7111337,37.03,38.32,1.0,1.5,-3.0,중립,음봉,잔구간,0.32,-0.46,2026-08-14
TRLV,0.9,9.65,766243,838508,7.39,7.14,1.0,0.1,0.4,매수관심,팽이도지,완만한상승,0.55,0.96,2026-08-14
AMCX,0.9,12.36,540213,602817,6.68,12.65,0.5,0.0,2.8,매수관심,장대양봉,잔구간,1.0,1.3,2026-08-14
KRNY,0.9,9.62,424669,450403,4.09,4.51,0.9,0.3,-0.1,매수관심,팽이도지,완만한상승,0.55,0.96,2026-08-14
JQC,0.9,4.79,606906,692982,2.91,2.87,1.0,-1.0,0.0,중립,팽이도지,잔구간,0.33,-0.1,2026-08-14
BLZE,0.9,19.02,2205106,2544161,41.94,76.82,0.5,-2.0,-5.0,중립,음봉,잔구간,0.2,-0.53,2026-08-14
BMNG,0.9,15.14,454857,483906,6.89,6.94,1.0,-3.8,1.5,매수관심,양봉스프링,잔구간,0.92,1.0,2026-08-14
VITL,0.9,10.9,1402862,1515350,15.29,21.3,0.7,0.0,-6.0,매도주의,장대음봉,전저점부근,0.1,-1.73,2026-08-14
LCID,0.9,6.22,6321003,6738816,39.32,66.65,0.6,0.3,-3.7,중립,음봉,잔구간,0.22,-0.52,2026-08-14
DV,0.9,13.29,6304513,6891399,83.79,102.98,0.8,-0.1,0.0,중립,팽이도지,잔구간,0.33,-0.1,2026-08-14
BPRE,0.9,12.35,595716,696336,7.36,11.77,0.6,-0.3,-0.4,중립,팽이도지,잔구간,0.3,-0.12,2026-08-14
RCKT,0.9,3.47,1159062,1341359,4.02,5.9,0.7,-0.3,4.2,강한매수,장대양봉,완만한상승,0.87,3.34,2026-08-14
RDY,0.9,12.27,2263161,2467816,27.77,32.0,0.9,-0.7,-0.5,중립,음봉,잔구간,0.32,-0.46,2026-08-14
FOSL,0.9,5.57,913581,996451,5.09,7.34,0.7,1.1,-1.2,중립,망치형,잔구간,0.8,0.68,2026-08-14
FPEI,0.9,19.19,325415,356617,6.24,6.61,0.9,0.1,0.0,중립,팽이도지,완만한상승,0.33,0.7,2026-08-14
SHOE,0.9,15.24,357718,383551,5.45,7.61,0.7,-0.3,-0.1,강한매수,망치형,전저점부근,0.72,3.01,2026-08-14
EC,0.9,17.17,1864249,1994021,32.01,36.69,0.9,1.4,-1.6,매도주의,장대음봉,잔구간,0.03,-1.28,2026-08-14
EDIT,0.9,2.82,1478046,1661426,4.17,4.75,0.9,0.0,0.4,매수관심,양봉스프링,잔구간,0.81,0.935,2026-08-14
EOSE,0.9,4.02,16943302,19560695,68.11,114.29,0.6,-1.0,-2.4,중립,음봉,잔구간,0.23,-0.51,2026-08-14
EQ,0.9,2.36,538707,571499,1.27,1.26,1.0,1.0,16.3,강한매수,장대양봉,전고점돌파,0.98,4.08,2026-08-14
IVR,0.9,7.48,1932113,2199944,14.45,18.45,0.8,0.3,-0.3,매도주의,위꼬리음봉,완만한상승,0.21,-0.95,2026-08-14
BCAT,0.9,15.86,561183,652844,8.9,11.49,0.8,-1.2,-0.9,강한매도,장대음봉,전저점이탈,0.08,-3.25,2026-08-14
BCRX,0.9,9.74,3820778,4213929,37.21,39.22,0.9,-1.3,0.6,매수관심,양봉스프링,잔구간,0.82,0.94,2026-08-14
RQI,0.9,12.5,447183,493639,5.59,6.28,0.9,0.3,-0.3,중립,음봉,잔구간,0.42,-0.4,2026-08-14
PUMP,0.9,12.1,2016677,2342968,24.4,32.66,0.7,0.8,4.0,강한매수,장대양봉,전고점돌파,0.92,4.0,2026-08-14
BSCU,0.9,16.575,596832,641556,9.89,10.48,0.9,0.1,-0.2,매도주의,장대음봉,잔구간,0.12,-1.23,2026-08-14
DNP,0.9,10.98,449656,482645,4.94,6.81,0.7,0.0,0.6,강한매수,장대양봉,전고점돌파,1.0,4.1,2026-08-14
FULC,0.9,3.74,980415,1081980,3.67,5.98,0.6,-0.3,1.1,강한매수,양봉,완만한상승,0.86,2.03,2026-08-14
FWRD,0.9,18.96,505423,576523,9.58,12.44,0.8,-0.4,-5.7,매도주의,장대음봉,잔구간,0.2,-1.18,2026-08-14
GOOD,0.9,12.93,366879,389099,4.74,6.05,0.8,0.1,-2.4,매도주의,장대음봉,잔구간,0.01,-1.295,2026-08-14
GPGI,0.9,12.78,1028856,1111815,13.15,18.4,0.7,-0.5,-0.5,매도주의,팽이도지,전저점이탈,0.45,-0.81,2026-08-14
TSLX,0.9,18.77,507161,559418,9.52,9.76,1.0,-0.5,-1.6,매도주의,장대음봉,잔구간,0.08,-1.25,2026-08-14
TWI,0.9,6.9,537223,590557,3.71,4.33,0.9,0.1,1.5,중립,양봉,잔구간,1.0,0.65,2026-08-14
UAMY,0.9,5.51,6158203,6580530,33.93,47.08,0.7,0.2,3.0,중립,양봉,잔구간,0.62,0.42,2026-08-14
PRGO,0.9,13.04,2062433,2316502,26.89,40.13,0.7,-0.9,2.5,강한매수,장대양봉,완만한상승,0.96,3.45,2026-08-14
PSEC,0.9,2.3,2606637,2887081,6.0,9.69,0.6,0.0,-2.1,매도주의,장대음봉,잔구간,0.07,-1.26,2026-08-14
PSKY,0.9,10.14,10676120,11525087,108.26,122.55,0.9,0.2,1.5,강한매수,양봉,전고점돌파,0.49,2.19,2026-08-14
LXU,0.9,10.23,752461,834306,7.7,10.12,0.8,1.6,2.0,매수관심,양봉,완만한상승,0.7,1.84,2026-08-14
MARA,0.9,9.2,34562869,38997686,317.98,384.0,0.8,-2.2,2.1,강한매수,장대양봉,전저점부근,0.78,4.09,2026-08-14
MARO,0.9,3.86,334964,392455,1.29,1.7,0.8,-1.6,1.3,강한매수,장대양봉,전저점부근,0.93,4.27,2026-08-14
BULL,0.9,8.04,7255212,8267404,58.33,61.56,0.9,0.0,1.1,매수관심,양봉,완만한상승,0.74,1.89,2026-08-14
BUR,0.9,4.37,1496588,1745420,6.54,8.01,0.8,1.1,-2.0,중립,음봉,잔구간,0.12,-0.58,2026-08-14
IREX,0.9,17.06,1298831,1408205,22.16,24.36,0.9,-2.6,-0.8,매도주의,위꼬리음봉,잔구간,0.13,-0.97,2026-08-14
ITRG,0.9,2.78,3350972,3698863,9.32,8.02,1.2,1.1,1.5,매수관심,양봉,완만한상승,0.38,1.46,2026-08-14
ELVA,0.9,7.95,626091,680036,4.98,6.3,0.8,-0.3,5.0,매수관심,장대양봉,잔구간,0.89,1.235,2026-08-14
JMIA,0.9,6.23,2101163,2261083,13.09,13.89,0.9,1.5,-1.0,중립,팽이도지,잔구간,0.43,-0.04,2026-08-14
AIIO,0.9,2.97,459508,496375,1.36,1.66,0.8,0.3,1.4,중립,양봉,잔구간,0.73,0.49,2026-08-14
SKHX,0.9,14.71,3697968,3940001,54.4,62.17,0.9,3.8,-3.1,중립,음봉,완만한상승,0.33,-0.0,2026-08-14
SLDB,0.9,9.2,759399,864366,6.99,7.61,0.9,0.1,1.2,강한매수,양봉스프링,완만한상승,0.76,2.71,2026-08-14
BEKE,0.9,17.01,2319340,2500142,39.45,40.89,1.0,-0.1,0.4,강한매수,양봉,완만한상승,0.91,2.09,2026-08-14
SFL,0.9,12.35,1034642,1090043,12.78,14.29,0.9,0.7,1.4,강한매수,양봉,전고점돌파,0.76,2.51,2026-08-14
SHLS,0.9,8.45,3638236,3843442,30.74,54.22,0.6,0.2,3.6,중립,양봉,잔구간,0.61,0.415,2026-08-14
POWW,0.9,2.24,646648,719913,1.45,1.84,0.8,-0.5,2.3,중립,양봉,잔구간,0.6,0.41,2026-08-14
DEI,0.9,11.68,1496332,1706842,17.48,24.24,0.7,-0.8,-1.0,중립,음봉,잔구간,0.13,-0.57,2026-08-14
DFH,0.9,15.6,606016,680982,9.45,11.95,0.8,7.9,-2.5,매수관심,음봉,전고점돌파,0.55,0.86,2026-08-14
MCHB,0.9,17.08,407089,453384,6.95,8.4,0.8,0.0,-0.2,매도주의,위꼬리음봉,잔구간,0.24,-0.905,2026-08-14
LRMR,0.9,4.36,1183071,1288773,5.16,4.95,1.0,-0.2,2.3,강한매수,양봉,완만한상승,0.86,2.03,2026-08-14
CATX,0.9,3.2,1000183,1115869,3.2,3.8,0.8,-0.3,3.6,강한매수,양봉,완만한상승,0.85,2.02,2026-08-14
PBR.A,0.9,16.07,6647672,7678377,106.83,117.02,0.9,0.5,-0.9,중립,음봉,잔구간,0.39,-0.415,2026-08-14
UPBD,0.9,19.62,781431,823176,15.33,25.58,0.6,-0.2,-0.1,중립,망치형,잔구간,0.69,0.615,2026-08-14
ALDX,0.9,1.56,830980,903493,1.3,1.31,1.0,3.5,4.7,중립,양봉,잔구간,0.92,0.6,2026-08-14
ALM,0.9,15.09,6341769,7116439,95.7,99.16,1.0,1.3,7.6,강한매수,장대양봉,전고점돌파,0.74,3.79,2026-08-14
GGB,0.9,4.74,7317118,8301798,34.68,61.03,0.6,-0.2,-1.0,중립,음봉,잔구간,0.47,-0.37,2026-08-14
SOLZ,0.9,7.49,1064646,1232616,7.97,8.08,1.0,-1.1,-0.4,중립,음봉,잔구간,0.36,-0.435,2026-08-14
SLS,0.9,12.78,4413564,5184266,56.41,63.48,0.9,0.3,3.1,강한매수,양봉,전고점돌파,0.73,2.48,2026-08-14
SMPL,0.9,11.31,1764727,1874898,19.96,22.2,0.9,-0.8,2.0,매수관심,양봉,완만한상승,0.81,1.97,2026-08-14
GAU,0.9,2.09,2863459,3144668,5.98,6.21,1.0,1.4,-1.4,매도주의,위꼬리음봉,완만한상승,0.0,-1.2,2026-08-14
SITC,0.9,2.96,746647,830530,2.21,3.87,0.6,-0.7,-1.3,중립,음봉,전저점부근,0.12,-0.41,2026-08-14
SKHL,0.9,9.49,2053421,2399931,19.49,24.28,0.8,4.2,-3.6,중립,음봉,완만한상승,0.33,-0.0,2026-08-14
ETHT,0.9,10.14,864068,936884,8.76,11.71,0.7,-2.1,1.3,중립,양봉,잔구간,0.71,0.475,2026-08-14
OTF,0.9,11.46,2917534,3358446,33.43,40.27,0.8,-0.1,-0.3,중립,팽이도지,잔구간,0.37,-0.08,2026-08-14
PACK,0.9,5.57,339698,391310,1.89,3.19,0.6,-1.1,0.7,중립,팽이도지,잔구간,0.74,0.145,2026-08-14
MIR,0.9,15.89,2647526,3002262,42.07,62.01,0.7,-0.4,2.3,매수관심,양봉,완만한상승,0.69,1.83,2026-08-14
ONT,0.9,17.62,858096,936641,15.12,18.34,0.8,-2.3,3.1,매수관심,양봉,완만한상승,0.45,1.54,2026-08-14
OPFI,0.9,7.16,1018628,1130944,7.29,11.46,0.6,2.2,-1.8,중립,음봉,잔구간,0.22,-0.52,2026-08-14
TLRY,0.9,4.67,3269924,3643996,15.27,21.2,0.7,0.0,-0.6,중립,망치형,잔구간,0.79,0.675,2026-08-14
TME,0.9,8.84,12221954,12953631,108.04,100.97,1.1,0.7,1.4,매수관심,양봉,완만한상승,0.47,1.56,2026-08-14
ATEC,0.9,9.79,1759205,1960935,17.22,27.71,0.6,0.4,0.0,매수관심,팽이도지,완만한상승,0.44,0.83,2026-08-14
AURA,0.9,7.69,684969,739746,5.27,4.5,1.2,-0.7,1.2,매수관심,양봉,완만한상승,0.7,1.84,2026-08-14
ENGS,0.9,2.85,839854,903979,2.39,3.98,0.6,-3.0,-1.7,중립,음봉,잔구간,0.22,-0.52,2026-08-14
INMD,0.9,15.15,350547,377814,5.31,6.36,0.8,0.3,-0.7,중립,음봉,수횡파,0.24,-0.41,2026-08-14
INSG,0.9,4.69,479668,506583,2.25,3.35,0.7,0.2,-1.1,중립,팽이도지,전저점부근,0.31,0.52,2026-08-14
IONL,0.9,18.33,515408,603283,9.45,10.84,0.9,-1.3,7.9,강한매수,장대양봉,완만한상승,0.7,3.14,2026-08-14
ETHA,0.9,14.18,18861308,20993578,267.45,352.7,0.8,-0.9,0.6,중립,양봉,잔구간,0.7,0.47,2026-08-14
AVXL,0.9,3.22,698066,749367,2.25,3.34,0.7,-0.6,-0.9,중립,망치형,잔구간,0.62,0.57,2026-08-14
GDXY,0.9,10.93,565846,600876,6.18,6.58,0.9,1.8,-0.2,중립,팽이도지,완만한상승,0.33,0.7,2026-08-14
GDYN,0.9,7.75,1576712,1803394,12.22,17.15,0.7,0.1,-2.5,중립,음봉,잔구간,0.41,-0.405,2026-08-14
CERS,0.9,2.98,2488992,2768699,7.42,9.43,0.8,0.4,4.6,강한매수,양봉,전고점돌파,0.89,2.67,2026-08-14
CFFN,0.9,8.73,654123,713934,5.71,7.82,0.7,0.1,-1.4,강한매도,장대음봉,전저점이탈,0.06,-3.28,2026-08-14
CRCA,0.9,15.2,761433,864694,11.57,13.34,0.9,-2.2,-7.6,매도주의,장대음봉,잔구간,0.14,-1.215,2026-08-14
MPLT,0.9,11.75,451768,477753,5.31,8.38,0.6,4.0,-2.4,중립,음봉,완만한상승,0.51,0.21,2026-08-14
CRDU,0.9,18.95,850349,925014,16.11,17.08,0.9,0.8,-5.6,중립,음봉,잔구간,0.44,-0.385,2026-08-14
OGN,0.9,13.72,2113279,2385234,28.99,34.59,0.8,-0.2,0.2,강한매수,장대양봉,전고점부근,1.0,2.15,2026-08-14
NWL,0.9,6.24,6399850,7479458,39.94,83.62,0.5,-0.8,2.0,강한매수,장대양봉,완만한상승,0.79,3.25,2026-08-14
NZF,0.9,12.42,425123,461380,5.28,7.3,0.7,-0.6,0.4,매수관심,장대양봉,잔구간,0.87,1.22,2026-08-14
OCFC,0.9,19.77,879380,952495,17.39,19.7,0.9,0.1,1.4,강한매수,장대양봉,완만한상승,0.93,3.42,2026-08-14
VVR,0.9,2.98,492326,565633,1.47,1.82,0.8,0.3,-0.3,매도주의,장대음봉,완만한상승,0.1,-1.58,2026-08-14
VXX,0.9,19.355,5526185,6420106,106.96,148.87,0.7,-0.9,-0.5,중립,음봉,전저점부근,0.12,-0.41,2026-08-14
ACB,0.9,3.68,2062174,2371015,7.59,8.16,0.9,-0.5,-2.4,중립,음봉,잔구간,0.47,-0.37,2026-08-14
SVV,0.9,10.66,2371131,2723370,25.28,29.16,0.9,0.6,-2.1,중립,음봉,잔구간,0.35,-0.44,2026-08-14
EVLV,0.9,5.8,1887557,2186524,10.95,12.21,0.9,0.0,0.7,강한매수,양봉스프링,완만한상승,0.78,2.74,2026-08-14
EXK,0.9,10.66,6306593,7212401,67.23,71.82,0.9,2.7,0.7,중립,위꼬리양봉,완만한상승,0.41,-0.21,2026-08-14
ICLN,0.9,18.21,4726487,5340289,86.07,151.5,0.6,-0.6,-0.2,매도주의,위꼬리음봉,잔구간,0.2,-0.93,2026-08-14
HLX,0.9,10.43,1363352,1533246,14.22,14.66,1.0,-0.1,3.2,강한매수,장대양봉,전고점돌파,0.8,3.86,2026-08-14
ARKO,0.9,4.85,1859768,2037952,9.02,7.72,1.2,-0.9,8.7,매수관심,장대양봉,잔구간,0.72,1.13,2026-08-14
CIFU,0.9,13.06,893635,971021,11.67,11.17,1.0,-4.1,18.2,매수관심,장대양봉,잔구간,0.84,1.205,2026-08-14
NMZ,0.9,10.25,559751,594164,5.74,6.81,0.8,-0.6,0.0,중립,팽이도지,잔구간,0.51,0.005,2026-08-14
ASPN,0.9,5.85,1019095,1133484,5.96,16.0,0.4,-1.5,-2.2,중립,음봉,잔구간,0.17,-0.55,2026-08-14
ASST,0.9,12.315,2365729,2608118,29.13,32.34,0.9,-0.3,-1.8,중립,음봉,수횡파,0.66,0.09,2026-08-14
HOPE,0.9,14.45,859037,957809,12.41,15.78,0.8,0.0,-0.3,중립,팽이도지,잔구간,0.4,-0.06,2026-08-14
HPP,0.9,13.9,814086,885281,11.32,13.46,0.8,0.1,-4.2,매도주의,장대음봉,잔구간,0.12,-1.23,2026-08-14
HYLN,0.9,4.06,3661479,4160410,14.87,15.64,1.0,1.7,-2.9,중립,음봉,잔구간,0.22,-0.52,2026-08-14
XIFR,0.9,11.75,575029,629635,6.76,9.08,0.7,0.4,0.9,강한매수,양봉,완만한상승,0.91,2.09,2026-08-14
TASK,0.9,7.5,630513,731994,4.73,6.84,0.7,0.7,2.5,강한매수,장대양봉,완만한상승,0.81,3.27,2026-08-14
ADAM,0.9,10.12,740381,868182,7.49,9.67,0.8,0.2,0.1,매수관심,팽이도지,완만한상승,0.45,0.84,2026-08-14
ALVO,0.9,4.055,607269,666333,2.46,3.2,0.8,1.5,-2.3,중립,음봉,잔구간,0.35,-0.44,2026-08-14
WOOF,0.9,2.82,1346394,1515382,3.8,4.11,0.9,0.0,-1.4,중립,음봉,잔구간,0.43,-0.39,2026-08-14
WEAV,0.8,5.46,1431710,1768630,7.82,8.36,0.9,0.8,1.9,중립,양봉,잔구간,0.75,0.5,2026-08-14
HUN,0.8,10.3,1753464,2236103,18.06,38.33,0.5,1.1,-1.2,중립,음봉,잔구간,0.41,-0.405,2026-08-14
ZURA,0.8,5.57,794696,1010516,4.43,4.97,0.9,-0.5,-0.5,중립,팽이도지,수횡파,0.63,0.76,2026-08-14
ZIP,0.8,4.7,715721,886125,3.36,4.36,0.8,0.8,-1.3,중립,음봉,잔구간,0.61,-0.285,2026-08-14
ZENA,0.8,2.14,7898970,10364416,16.9,17.17,1.0,3.3,-2.7,중립,음봉,완만한상승,0.37,0.04,2026-08-14
XMAX,0.8,9.07,387612,483022,3.52,5.35,0.7,0.4,1.6,강한매수,장대양봉,완만한상승,0.82,3.28,2026-08-14
BDJ,0.8,9.86,347592,461580,3.43,4.76,0.7,-0.5,0.0,매도주의,위꼬리양봉,잔구간,0.0,-0.8,2026-08-14
JBGS,0.8,11.48,709781,857734,8.15,14.5,0.6,0.3,-3.0,매도주의,장대음봉,잔구간,0.0,-1.3,2026-08-14
IVVD,0.8,0.721,2030081,2615655,1.46,1.8,0.8,0.6,4.5,강한매수,양봉,완만한상승,0.92,2.1,2026-08-14
VET,0.8,11.34,775208,969305,8.79,15.14,0.6,1.7,-0.7,중립,음봉,잔구간,0.37,-0.43,2026-08-14
GT,0.8,6.11,9940444,12225957,60.74,67.18,0.9,-0.6,-0.5,중립,팽이도지,잔구간,0.31,-0.115,2026-08-14
XPER,0.8,6.74,497952,625845,3.36,4.15,0.8,0.6,2.0,중립,양봉,잔구간,0.92,0.6,2026-08-14
ACI,0.8,12.42,5310592,6447798,65.96,96.51,0.7,0.2,0.0,매수관심,팽이도지,완만한상승,0.54,0.95,2026-08-14
ACHR,0.8,6.62,44056695,56994406,291.66,306.82,1.0,-0.7,-4.3,중립,음봉,잔구간,0.16,-0.555,2026-08-14
ERAS,0.8,18.38,2465955,3015579,45.32,57.38,0.8,-2.0,5.0,강한매수,장대양봉,완만한상승,0.93,3.42,2026-08-14
EGY,0.8,5.78,1007079,1312889,5.82,7.12,0.8,1.4,1.2,매수관심,양봉,완만한상승,0.79,1.95,2026-08-14
EFC,0.8,13.67,1023044,1224699,13.99,17.75,0.8,0.0,-0.1,매도주의,위꼬리음봉,잔구간,0.2,-0.93,2026-08-14
DRN,0.8,11.21,433926,567472,4.86,7.08,0.7,-0.3,1.2,강한매수,장대양봉,완만한상승,0.79,3.25,2026-08-14
AMC,0.8,2.5,13149292,17430013,32.87,76.13,0.4,0.0,-4.9,매도주의,장대음봉,잔구간,0.06,-1.265,2026-08-14
RZLT,0.8,4.6,657137,862793,3.02,6.01,0.5,-0.2,0.2,중립,팽이도지,잔구간,0.52,0.01,2026-08-14
RWAY,0.8,6.92,729588,872516,5.05,5.14,1.0,0.1,-0.9,중립,음봉,잔구간,0.48,-0.36,2026-08-14
LABX,0.8,13.51,838537,1106523,11.33,26.54,0.4,0.0,-1.5,중립,망치형,잔구간,0.65,0.59,2026-08-14
IBRX,0.8,7.57,4912668,6004159,37.19,64.45,0.6,-0.8,-0.3,중립,망치형,잔구간,0.87,0.72,2026-08-14
SXC,0.8,9.36,1025747,1344559,9.6,17.47,0.5,0.2,0.5,중립,위꼬리양봉,잔구간,0.31,-0.615,2026-08-14
SUZ,0.8,8.11,2904580,3645929,23.56,26.85,0.9,2.1,-0.6,중립,망치형,잔구간,0.69,0.615,2026-08-14
NMR,0.8,9.82,487684,586326,4.79,6.75,0.7,-0.7,-1.1,매도주의,장대음봉,잔구간,0.04,-1.275,2026-08-14
COMP,0.8,13.02,7202117,8928021,93.77,148.76,0.6,0.3,-2.8,중립,음봉,잔구간,0.12,-0.58,2026-08-14
MUD,0.8,10.38,7223097,8931900,74.98,139.26,0.5,-3.0,0.8,중립,위꼬리양봉,잔구간,0.42,-0.55,2026-08-14
CRWU,0.8,5.55,7066692,8588395,39.22,46.61,0.8,-0.5,-1.6,중립,팽이도지,잔구간,0.37,-0.08,2026-08-14
CRVS,0.8,14.89,777880,975773,11.58,12.21,0.9,-1.0,-0.6,중립,팽이도지,잔구간,0.49,-0.005,2026-08-14
VFC,0.8,14.87,4699432,6206703,69.88,114.16,0.6,-0.3,1.2,매수관심,장대양봉,잔구간,0.85,1.21,2026-08-14
BLSM,0.8,16.18,323982,424258,5.24,10.82,0.5,-0.2,-0.8,매도주의,위꼬리음봉,잔구간,0.24,-0.905,2026-08-14
BLOX,0.8,13.0,307037,364705,3.99,4.35,0.9,-1.2,0.4,중립,팽이도지,잔구간,0.59,0.055,2026-08-14
BITO,0.8,8.5,47850684,60784254,406.73,615.76,0.7,-1.2,0.5,중립,양봉,잔구간,0.64,0.435,2026-08-14
BILI,0.8,17.44,1901560,2311817,33.16,41.27,0.8,0.6,1.5,강한매수,장대양봉,완만한상승,0.93,3.42,2026-08-14
TRX,0.8,1.12,3723311,4582416,4.17,3.45,1.2,2.9,4.7,중립,양봉,전고점부근,0.56,0.32,2026-08-14
TRVI,0.8,18.46,1389767,1641625,25.66,29.99,0.9,-0.9,2.7,강한매수,양봉,완만한상승,0.91,2.09,2026-08-14
KD,0.8,13.17,3090800,3678263,40.71,65.72,0.6,0.4,-5.9,매도주의,장대음봉,잔구간,0.02,-1.29,2026-08-14
KBWD,0.8,12.75,491686,599165,6.27,6.63,0.9,-0.0,-0.6,매도주의,장대음봉,잔구간,0.13,-1.22,2026-08-14
SERV,0.8,4.99,4689548,5751666,23.4,28.51,0.8,0.2,0.8,중립,팽이도지,잔구간,0.63,0.08,2026-08-14
SID,0.8,0.885,2287363,2948382,2.03,5.72,0.4,4.3,-5.7,매도주의,장대음봉,잔구간,0.33,-1.1,2026-08-14
BBAI,0.8,3.27,14444838,18383160,47.23,78.62,0.6,1.2,-3.3,매도주의,장대음봉,잔구간,0.18,-1.19,2026-08-14
NTLA,0.8,11.91,2360909,2989063,28.12,39.97,0.7,0.0,0.7,강한매수,양봉스프링,완만한상승,0.8,2.76,2026-08-14
NNDM,0.8,1.63,1293120,1600195,2.11,3.49,0.6,0.6,-1.8,매도주의,장대음봉,잔구간,0.3,-1.12,2026-08-14
APPS,0.8,12.44,2978422,3902200,37.05,76.22,0.5,0.4,-1.8,중립,음봉,잔구간,0.27,-0.49,2026-08-14
APLE,0.8,16.07,2252784,2990585,36.2,55.84,0.6,0.0,1.3,강한매수,장대양봉,완만한상승,0.89,3.37,2026-08-14
HODL,0.8,17.785,682223,845846,12.13,20.61,0.6,-0.9,0.3,중립,팽이도지,잔구간,0.59,0.055,2026-08-14
BANC,0.8,19.74,1920239,2393790,37.91,59.74,0.6,-0.2,0.7,매수관심,양봉,완만한상승,0.53,1.64,2026-08-14
RIOT,0.8,19.015,17055275,22665876,324.31,550.08,0.6,-2.0,1.0,중립,팽이도지,전저점부근,0.51,0.76,2026-08-14
RGNX,0.8,10.765,792514,935016,8.53,11.8,0.7,0.2,0.8,강한매수,양봉스프링,완만한상승,0.82,2.78,2026-08-14
HAPN,0.8,19.57,853714,1076440,16.71,26.29,0.6,0.0,-0.4,매도주의,위꼬리음봉,잔구간,0.06,-1.015,2026-08-14
LBTYA,0.8,10.47,1798993,2253130,18.84,26.99,0.7,0.5,-0.7,중립,음봉,잔구간,0.11,-0.585,2026-08-14
CIM,0.8,11.8,651374,856712,7.69,11.5,0.7,0.0,-0.5,매도주의,위꼬리음봉,잔구간,0.0,-1.05,2026-08-14
OCSL,0.8,12.98,530755,697779,6.89,8.56,0.8,0.3,-0.9,매도주의,장대음봉,잔구간,0.23,-1.16,2026-08-14
OCGN,0.8,1.35,2978231,3865139,4.02,5.7,0.7,0.7,-0.7,강한매수,망치형,완만한상승,0.8,2.26,2026-08-14
NVDY,0.8,13.09,1267473,1506056,16.59,23.63,0.7,0.3,0.1,중립,팽이도지,전고점부근,0.53,-0.41,2026-08-14
OKLL,0.8,3.07,13582725,16201136,41.7,48.7,0.9,0.0,-9.2,매도주의,장대음봉,잔구간,0.02,-1.29,2026-08-14
OI,0.8,6.79,2475479,2976971,16.81,22.46,0.7,-1.0,0.3,중립,팽이도지,잔구간,0.57,0.04,2026-08-14
NIQ,0.8,17.45,1633140,2090805,28.5,36.35,0.8,1.5,2.0,강한매수,양봉,전고점돌파,0.9,2.68,2026-08-14
BOIL,0.8,19.35,4007553,4860439,77.55,88.09,0.9,0.3,-1.6,중립,음봉,잔구간,0.03,-0.63,2026-08-14
BOBS,0.8,18.92,947654,1213765,17.93,25.75,0.7,-1.6,-1.0,중립,음봉,잔구간,0.4,-0.41,2026-08-14
FETH,0.8,18.72,837106,1069909,15.67,23.42,0.7,-0.9,0.5,중립,양봉,잔구간,0.72,0.48,2026-08-14
HE,0.8,11.73,1669145,2016609,19.58,27.05,0.7,-0.1,-0.8,중립,음봉,잔구간,0.12,-0.58,2026-08-14
VLY,0.8,15.01,4333386,5313637,65.04,90.95,0.7,0.1,-0.2,중립,팽이도지,잔구간,0.26,-0.145,2026-08-14
AXTX,0.8,12.04,10730988,13145694,129.2,159.94,0.8,1.9,8.4,매수관심,양봉,완만한상승,0.57,1.68,2026-08-14
AXTU,0.8,6.48,1189706,1555016,7.71,9.41,0.8,4.1,6.2,매수관심,양봉,완만한상승,0.57,1.68,2026-08-14
SKYQ,0.8,2.75,1326674,1602897,3.65,9.16,0.4,-3.3,3.8,중립,위꼬리양봉,잔구간,0.4,-0.56,2026-08-14
AGNC,0.8,10.96,12215143,15487706,133.88,194.23,0.7,0.2,-0.2,매도주의,위꼬리음봉,완만한상승,0.14,-1.03,2026-08-14
VNDA,0.8,5.22,965067,1191498,5.04,6.23,0.8,0.2,3.6,매수관심,양봉,완만한상승,0.82,1.98,2026-08-14
MICC,0.8,19.58,484143,636720,9.48,13.88,0.7,-2.1,-0.5,중립,음봉,잔구간,0.26,-0.495,2026-08-14
MFIC,0.8,9.75,407889,533166,3.98,7.63,0.5,-0.4,-0.6,중립,음봉,잔구간,0.33,-0.45,2026-08-14
CRNC,0.8,8.99,643742,820246,5.79,6.71,0.9,0.2,4.2,매수관심,장대양봉,잔구간,0.9,1.24,2026-08-14
CRGY,0.8,12.2,4764116,5663443,58.12,72.02,0.8,1.5,1.0,매수관심,양봉,완만한상승,0.68,1.82,2026-08-14
CYH,0.8,3.0,904644,1105921,2.71,3.85,0.7,-1.0,2.0,강한매수,장대양봉,완만한상승,0.75,3.2,2026-08-14
JFR,0.8,7.67,574880,761220,4.41,4.69,0.9,-0.6,-0.5,강한매도,음봉,전저점이탈,0.0,-2.05,2026-08-14
DOMO,0.8,3.91,559748,722414,2.19,3.47,0.6,0.0,-1.8,중립,음봉,잔구간,0.17,-0.55,2026-08-14
DOLE,0.8,13.3,854184,1116144,11.36,15.72,0.7,-0.4,-0.1,중립,팽이도지,잔구간,0.56,0.035,2026-08-14
PWP,0.8,17.38,687276,860621,11.94,24.5,0.5,0.0,-3.4,매도주의,장대음봉,수횡파,0.05,-1.94,2026-08-14
QUBT,0.8,9.01,7294897,9005176,65.73,80.5,0.8,-1.5,2.5,강한매수,장대양봉,완만한상승,0.74,3.19,2026-08-14
FPE,0.8,17.81,681996,857515,12.15,17.31,0.7,0.0,-0.1,중립,음봉,잔구간,0.25,-0.5,2026-08-14
REAL,0.8,11.4,2580179,3434511,29.41,50.17,0.6,0.2,4.0,중립,양봉,잔구간,0.78,0.52,2026-08-14
RDW,0.8,13.58,14191972,18135061,192.73,253.9,0.8,1.5,1.3,매수관심,팽이도지,완만한상승,0.49,0.89,2026-08-14
IRT,0.8,17.03,2275628,2961740,38.75,60.29,0.6,0.1,0.1,매수관심,팽이도지,완만한상승,0.67,1.1,2026-08-14
CDZI,0.8,3.47,486415,608408,1.69,2.0,0.8,-1.4,0.3,매수관심,양봉스프링,잔구간,0.81,0.935,2026-08-14
CDE,0.8,18.81,36566089,45115088,687.81,727.08,0.9,2.2,-0.3,매도주의,위꼬리음봉,완만한상승,0.16,-1.01,2026-08-14
ORCU,0.8,8.23,4225115,5539743,34.77,55.69,0.6,-0.7,-7.0,매도주의,장대음봉,잔구간,0.19,-1.185,2026-08-14
CWH,0.8,6.41,1184025,1440715,7.59,12.16,0.6,-0.3,-1.5,중립,음봉,잔구간,0.47,-0.37,2026-08-14
CTMX,0.8,3.36,1433020,1872995,4.81,7.97,0.6,-0.3,0.6,강한매수,양봉스프링,완만한상승,0.76,2.71,2026-08-14
CTKB,0.8,4.69,927484,1097562,4.35,4.29,1.0,-1.0,-3.1,중립,음봉,잔구간,0.1,-0.59,2026-08-14
MNRO,0.8,11.48,1087972,1298843,12.49,14.45,0.9,-0.8,2.7,매수관심,장대양봉,잔구간,0.98,1.29,2026-08-14
MLCO,0.8,5.6,1307345,1620012,7.32,8.82,0.8,0.0,1.8,매수관심,장대양봉,잔구간,0.62,1.07,2026-08-14
OCUL,0.8,10.04,1634137,2098434,16.41,21.33,0.8,-0.6,0.0,매수관심,양봉스프링,잔구간,0.92,1.0,2026-08-14
VSTS,0.8,13.33,1413118,1737945,18.84,23.86,0.8,0.1,-1.5,중립,음봉,잔구간,0.18,-0.54,2026-08-14
VRRM,0.8,4.72,3356773,4199689,15.84,27.38,0.6,-0.2,-1.7,매도주의,장대음봉,잔구간,0.08,-1.25,2026-08-14
SMCY,0.8,5.68,934577,1200068,5.31,5.91,0.9,0.4,1.4,매수관심,양봉,완만한상승,0.63,1.76,2026-08-14
BBD,0.8,3.14,27753054,32759114,87.14,106.89,0.8,0.6,-0.9,강한매수,망치형,전저점부근,0.67,2.95,2026-08-14
BTCZ,0.8,5.66,7290212,9442376,41.26,57.34,0.7,2.0,-0.5,매수관심,팽이도지,완만한상승,0.43,0.82,2026-08-14
VIPS,0.8,14.18,1282983,1608888,18.19,30.27,0.6,0.3,-0.1,중립,팽이도지,잔구간,0.53,0.02,2026-08-14
YMM,0.8,8.81,4863248,5944156,42.85,56.12,0.8,-0.5,-0.2,중립,팽이도지,전저점부근,0.51,0.76,2026-08-14
LPL,0.8,3.5,2257317,2676146,7.9,10.02,0.8,5.0,-1.1,중립,음봉,완만한상승,0.21,-0.15,2026-08-14
TLSA,0.8,1.135,991924,1250719,1.13,1.26,0.9,1.0,8.1,강한매수,양봉,전고점돌파,0.61,2.33,2026-08-14
TLS,0.8,4.54,486158,629294,2.21,2.2,1.0,0.0,-1.3,중립,망치형,잔구간,0.56,0.535,2026-08-14
ARCC,0.8,19.87,3986658,4695046,79.21,94.12,0.8,-0.5,-1.0,매도주의,장대음봉,잔구간,0.07,-1.26,2026-08-14
AQST,0.8,4.25,4350128,5120214,18.49,15.9,1.2,-1.2,1.2,강한매수,양봉스프링,완만한상승,0.89,2.87,2026-08-14
MITK,0.8,19.43,603626,738965,11.73,14.56,0.8,0.7,2.0,강한매수,장대양봉,완만한상승,0.9,3.38,2026-08-14
CALY,0.8,16.48,1469723,1776494,24.22,39.71,0.6,-0.5,0.4,중립,위꼬리양봉,전저점부근,0.25,-0.55,2026-08-14
OSS,0.8,13.61,577315,735200,7.86,13.59,0.6,0.2,3.6,강한매수,장대양봉,완만한상승,0.79,3.25,2026-08-14
OSPN,0.8,16.34,332022,441296,5.43,7.96,0.7,-0.4,-3.0,매도주의,장대음봉,잔구간,0.15,-1.21,2026-08-14
ORIC,0.8,13.87,828629,1097458,11.49,22.68,0.5,-0.7,1.8,강한매수,양봉,완만한상승,0.94,2.13,2026-08-14
CGBD,0.8,11.35,583220,772364,6.62,6.79,1.0,-0.1,-0.1,매도주의,위꼬리음봉,잔구간,0.21,-0.925,2026-08-14
AIV,0.8,2.64,710771,851845,1.88,2.18,0.9,0.4,0.8,매수관심,양봉,완만한상승,0.6,1.72,2026-08-14
UMH,0.8,16.45,685912,814344,11.28,11.99,0.9,0.0,-0.8,중립,음봉,잔구간,0.32,-0.46,2026-08-14
MAGN,0.8,12.48,486681,646066,6.07,7.99,0.8,0.4,2.1,중립,양봉,잔구간,0.99,0.645,2026-08-14
PMT,0.8,9.45,901980,1107831,8.52,11.2,0.8,0.0,-0.4,매도주의,위꼬리음봉,잔구간,0.0,-1.05,2026-08-14
PTY,0.8,11.73,953725,1249549,11.19,16.14,0.7,-0.1,-0.2,중립,음봉,잔구간,0.0,-0.65,2026-08-14
UIS,0.8,2.86,500438,633430,1.43,2.13,0.7,1.0,-1.7,중립,음봉,잔구간,0.32,-0.46,2026-08-14
UEC,0.8,11.21,4910953,6130056,55.05,82.51,0.7,0.5,-0.4,매도주의,위꼬리음봉,완만한상승,0.03,-1.16,2026-08-14
TU,0.8,9.76,5801302,7401170,56.62,117.63,0.5,0.3,0.5,매수관심,양봉,완만한상승,0.8,1.96,2026-08-14
CABA,0.8,2.75,2352224,2790820,6.47,9.45,0.7,-1.1,2.6,강한매수,양봉,완만한상승,0.85,2.02,2026-08-14
BYRN,0.8,4.19,473297,583636,1.98,2.94,0.7,-0.7,-1.4,중립,음봉,전저점부근,0.42,-0.05,2026-08-14
BXMT,0.8,14.48,2096515,2535272,30.36,50.45,0.6,0.1,-0.2,중립,팽이도지,잔구간,0.31,-0.115,2026-08-14
PCT,0.8,6.95,3977549,4805811,27.64,35.3,0.8,0.4,-1.1,중립,팽이도지,잔구간,0.45,-0.03,2026-08-14
PCN,0.8,11.77,310681,405147,3.66,4.5,0.8,0.1,-0.5,매도주의,장대음봉,잔구간,0.12,-1.23,2026-08-14
PAYP,0.8,14.89,621670,765965,9.26,14.81,0.6,1.0,0.7,중립,팽이도지,잔구간,0.73,0.14,2026-08-14
PAX,0.8,11.5,1075426,1323220,12.37,15.71,0.8,-0.1,-1.0,중립,음봉,수횡파,0.4,-0.22,2026-08-14
PATH,0.8,16.01,52115645,66701755,834.37,983.21,0.8,-0.1,-3.9,매도주의,장대음봉,잔구간,0.18,-1.19,2026-08-14
PANL,0.8,7.44,326473,425372,2.43,3.2,0.8,0.3,-2.0,매도주의,장대음봉,잔구간,0.24,-1.155,2026-08-14
PLTK,0.8,2.51,2217498,2881032,5.57,6.23,0.9,-1.2,0.8,중립,팽이도지,잔구간,0.67,0.1,2026-08-14
PLAY,0.8,10.19,1301606,1560831,13.26,17.28,0.8,-0.1,-4.0,매도주의,장대음봉,잔구간,0.2,-1.18,2026-08-14
PLAG,0.8,0.9,2435217,2944990,2.19,127.69,0.0,-8.0,-13.5,매도주의,장대음봉,잔구간,0.0,-1.3,2026-08-14
AVR,0.8,9.4,683463,909995,6.42,7.91,0.8,-1.0,6.3,강한매수,장대양봉,완만한상승,0.97,3.46,2026-08-14
SPAL,0.8,15.17,1992093,2652322,30.22,35.77,0.8,2.1,-4.4,중립,음봉,잔구간,0.51,-0.345,2026-08-14
IMSR,0.8,5.89,1003294,1305393,5.91,11.06,0.5,0.3,-3.1,매도주의,장대음봉,잔구간,0.16,-1.205,2026-08-14
IMMX,0.8,10.97,1295413,1574711,14.21,15.2,0.9,-0.6,1.1,강한매수,양봉스프링,완만한상승,0.85,2.82,2026-08-14
PFXF,0.8,18.27,537145,649704,9.81,15.9,0.6,-0.1,-0.1,중립,팽이도지,잔구간,0.38,-0.07,2026-08-14
LWLG,0.8,7.57,2639129,3303110,19.98,26.24,0.8,0.8,3.0,매수관심,양봉,완만한상승,0.49,1.59,2026-08-14
LU,0.8,1.5,822910,1012977,1.23,1.77,0.7,1.3,-2.0,매도주의,장대음봉,잔구간,0.33,-1.1,2026-08-14
LSPD,0.8,10.67,442362,553947,4.72,7.79,0.6,0.1,-2.7,매도주의,장대음봉,잔구간,0.32,-1.11,2026-08-14
MDXG,0.8,4.27,974771,1192427,4.16,6.37,0.7,-0.2,1.9,매수관심,양봉,완만한상승,0.77,1.92,2026-08-14
MAX,0.8,13.17,433936,550091,5.71,10.75,0.5,1.5,-2.2,중립,음봉,잔구간,0.05,-0.62,2026-08-14
POEL,0.8,14.36,563204,688407,8.09,8.42,1.0,2.0,12.4,매수관심,장대양봉,전고점부근,0.87,1.99,2026-08-14
DJT,0.8,8.27,3874316,5076253,32.04,45.92,0.7,-0.2,-0.1,매도주의,위꼬리음봉,잔구간,0.25,-0.9,2026-08-14
LILAK,0.8,8.49,1060713,1299767,9.01,10.97,0.8,-0.2,1.0,매수관심,양봉,완만한상승,0.48,1.58,2026-08-14
LFST,0.8,12.42,5186704,6367510,64.42,62.15,1.0,0.5,1.1,강한매도,위꼬리양봉,전고점부근,0.37,-2.6100000000000003,2026-08-14
SOFI,0.8,18.29,34301752,42126265,627.38,959.01,0.7,0.2,-0.9,중립,음봉,수횡파,0.03,-0.66,2026-08-14
GME,0.8,18.66,4233434,5337884,79.0,190.65,0.4,0.4,0.1,매수관심,팽이도지,완만한상승,0.63,1.06,2026-08-14
GGN,0.8,5.32,455504,573399,2.42,2.57,0.9,0.6,-0.7,매도주의,장대음봉,잔구간,0.0,-1.3,2026-08-14
FMC,0.8,10.15,2354151,3028815,23.89,37.32,0.6,0.4,-0.5,중립,팽이도지,잔구간,0.42,-0.05,2026-08-14
HTGC,0.8,16.7,1392107,1768200,23.25,31.23,0.7,-0.2,-1.2,매도주의,장대음봉,잔구간,0.14,-1.215,2026-08-14
ASPI,0.8,4.27,1945514,2307972,8.31,13.31,0.6,-0.2,0.0,중립,위꼬리양봉,잔구간,0.23,-0.66,2026-08-14
ASM,0.8,7.02,3999940,5235301,28.08,30.7,0.9,2.5,-0.8,매도주의,위꼬리음봉,완만한상승,0.11,-1.07,2026-08-14
ABSI,0.8,9.18,2231297,2717078,20.48,21.9,0.9,-0.3,-2.7,중립,음봉,잔구간,0.58,-0.3,2026-08-14
ACDC,0.8,5.37,1666761,2085925,8.95,10.92,0.8,0.0,2.1,매수관심,양봉,완만한상승,0.49,1.59,2026-08-14
WLTH,0.8,9.14,676248,828928,6.18,8.74,0.7,1.2,-4.4,강한매도,장대음봉,전저점이탈,0.17,-3.15,2026-08-14
GPRO,0.8,0.595,6880819,9065292,4.09,4.81,0.9,1.3,-7.0,매도주의,장대음봉,잔구간,0.08,-1.25,2026-08-14
FSM,0.8,10.67,4661299,5484708,49.74,55.86,0.9,1.3,0.4,중립,위꼬리양봉,완만한상승,0.22,-0.44,2026-08-14
NABL,0.8,3.44,3011912,3652704,10.36,10.35,1.0,-1.1,-5.5,매도주의,장대음봉,잔구간,0.0,-1.3,2026-08-14
CRCG,0.8,10.26,2747035,3253110,28.18,35.75,0.8,-3.0,-7.2,매도주의,장대음봉,잔구간,0.12,-1.23,2026-08-14
TETH,0.8,9.37,545688,657017,5.11,6.93,0.7,-0.9,0.5,중립,양봉,잔구간,0.64,0.435,2026-08-14
TE,0.8,5.11,27242255,36149938,139.21,220.28,0.6,2.1,4.5,매수관심,양봉,완만한상승,0.52,1.62,2026-08-14
TBLA,0.8,4.05,2508867,3033334,10.16,16.88,0.6,0.5,2.3,매수관심,양봉,완만한상승,0.57,1.68,2026-08-14
TALO,0.8,15.77,1382449,1741174,21.8,30.78,0.7,1.2,0.9,중립,양봉,잔구간,0.57,0.39,2026-08-14
XHR,0.8,19.16,532427,657107,10.2,14.77,0.7,-0.3,0.8,중립,양봉,잔구간,0.36,0.265,2026-08-14
XFOR,0.8,4.22,840932,1060472,3.55,3.33,1.1,-0.7,-0.9,중립,팽이도지,잔구간,0.61,0.065,2026-08-14
XERS,0.8,8.6,1366281,1815341,11.75,16.15,0.7,0.0,3.2,강한매수,장대양봉,완만한상승,0.83,3.3,2026-08-14
TCPC,0.7,4.08,646982,925029,2.64,4.14,0.6,-0.2,-2.9,매도주의,장대음봉,잔구간,0.07,-1.26,2026-08-14
TDOC,0.7,6.81,3075359,4329508,20.94,36.09,0.6,-1.3,-0.9,중립,음봉,잔구간,0.12,-0.58,2026-08-14
NAVI,0.7,9.17,1183183,1710451,10.85,14.03,0.8,-0.1,-0.7,중립,망치형,잔구간,0.66,0.595,2026-08-14
HR,0.7,19.25,2686755,3860373,51.72,80.59,0.6,-0.3,0.5,중립,위꼬리양봉,잔구간,0.44,-0.535,2026-08-14
HSLV,0.7,5.21,314434,471112,1.64,2.09,0.8,0.8,0.0,중립,위꼬리양봉,완만한상승,0.21,-0.45,2026-08-14
AEG,0.7,9.45,2673476,3916575,25.26,39.74,0.6,1.1,-0.3,중립,음봉,잔구간,0.0,-0.65,2026-08-14
AEO,0.7,16.17,3278612,4531682,53.02,81.5,0.7,0.0,-0.8,중립,음봉,잔구간,0.28,-0.48,2026-08-14
WRAP,0.7,1.88,697019,976536,1.31,1.57,0.8,2.3,5.6,매수관심,양봉,완만한상승,0.78,1.94,2026-08-14
FLO,0.7,7.52,3616707,4835802,27.2,38.96,0.7,0.3,-0.4,중립,팽이도지,잔구간,0.44,-0.035,2026-08-14
HLLY,0.7,3.11,945300,1315597,2.94,3.62,0.8,-0.3,4.4,매수관심,장대양봉,잔구간,0.94,1.265,2026-08-14
HLMN,0.7,8.7,849044,1137994,7.39,15.82,0.5,0.0,-1.1,중립,음봉,전저점부근,0.33,-0.15,2026-08-14
VYGR,0.7,3.27,306188,409537,1.0,1.46,0.7,0.0,1.6,강한매수,양봉,완만한상승,0.87,2.04,2026-08-14
WB,0.7,7.67,506291,711496,3.88,5.85,0.7,0.3,0.1,매수관심,양봉스프링,잔구간,0.8,0.93,2026-08-14
IART,0.7,18.34,451328,623660,8.28,12.81,0.6,-0.8,1.3,강한매수,양봉,완만한상승,0.85,2.02,2026-08-14
INFY,0.7,12.09,11033281,15413772,133.39,245.91,0.5,0.2,-2.8,매도주의,장대음봉,잔구간,0.09,-1.245,2026-08-14
ESRT,0.7,4.75,1185322,1711558,5.63,9.93,0.6,-0.6,-1.0,중립,음봉,잔구간,0.11,-0.585,2026-08-14
ETH,0.7,17.93,1433536,1968840,25.7,33.34,0.8,-0.9,0.6,중립,양봉,잔구간,0.71,0.475,2026-08-14
GILT,0.7,11.51,366765,528829,4.22,7.17,0.6,0.9,-0.8,중립,팽이도지,잔구간,0.29,-0.125,2026-08-14
SNDL,0.7,1.26,1255813,1743563,1.58,2.4,0.7,0.0,0.8,중립,팽이도지,잔구간,0.6,0.06,2026-08-14
LI,0.7,12.26,1653956,2503650,20.28,33.93,0.6,-0.3,0.2,중립,위꼬리양봉,잔구간,0.35,-0.59,2026-08-14
LILA,0.7,8.62,415967,565102,3.59,4.99,0.7,0.1,0.7,강한매수,양봉,완만한상승,1.0,2.2,2026-08-14
DNOW,0.7,16.43,2643548,3596820,43.43,49.87,0.9,-0.1,0.9,매수관심,양봉,완만한상승,0.54,1.65,2026-08-14
BVS,0.7,14.26,506038,774809,7.22,14.78,0.5,-0.9,3.6,매수관심,장대양봉,잔구간,0.81,1.185,2026-08-14
MBC,0.7,9.15,1093323,1637429,10.0,17.44,0.6,-1.4,-0.1,중립,팽이도지,잔구간,0.37,-0.08,2026-08-14
MBI,0.7,5.17,303492,456033,1.57,2.71,0.6,-0.4,1.0,중립,양봉,잔구간,0.93,0.61,2026-08-14
MBLY,0.7,8.92,2562797,3634497,22.86,38.78,0.6,0.2,0.0,매수관심,팽이도지,완만한상승,0.43,0.82,2026-08-14
MFG,0.7,10.87,1830359,2596382,19.9,31.33,0.6,-0.8,-0.3,중립,음봉,잔구간,0.44,-0.385,2026-08-14
LTBR,0.7,8.45,490515,713009,4.14,9.41,0.4,-0.2,-2.9,매도주의,음봉,전저점이탈,0.29,-1.7,2026-08-14
PFLT,0.7,7.36,820973,1244983,6.04,8.48,0.7,-1.2,-1.7,매도주의,장대음봉,잔구간,0.0,-1.3,2026-08-14
PHR,0.7,12.28,436670,645641,5.36,8.57,0.6,0.6,-3.2,매도주의,장대음봉,잔구간,0.05,-1.27,2026-08-14
IMMR,0.7,7.5,376630,504030,2.82,4.37,0.6,0.4,0.0,매수관심,팽이도지,완만한상승,0.62,1.04,2026-08-14
AUR,0.7,6.99,16564118,22600777,115.78,166.54,0.7,-1.1,3.3,중립,양봉,잔구간,0.74,0.495,2026-08-14
AUTL,0.7,2.15,2395470,3360812,5.15,8.63,0.6,0.0,-3.2,중립,음봉,잔구간,0.55,-0.32,2026-08-14
ENIC,0.7,4.53,368961,497869,1.67,2.59,0.6,0.2,2.5,매수관심,장대양봉,잔구간,0.92,1.25,2026-08-14
CCC,0.7,6.97,5145097,7746573,35.86,61.01,0.6,0.3,-2.4,매도주의,장대음봉,잔구간,0.12,-1.23,2026-08-14
PBR,0.7,17.88,10872256,14503549,194.4,282.02,0.7,0.6,-0.7,중립,음봉,잔구간,0.21,-0.525,2026-08-14
PFFD,0.7,18.66,389419,564539,7.27,13.29,0.5,0.0,-0.3,매도주의,장대음봉,잔구간,0.25,-1.15,2026-08-14
ULCC,0.7,6.69,1803466,2594658,12.07,25.3,0.5,-0.7,-1.2,중립,음봉,전저점부근,0.26,-0.24,2026-08-14
UMC,0.7,19.15,7176746,10104665,137.43,240.64,0.6,-2.3,1.1,중립,양봉,잔구간,0.95,0.62,2026-08-14
PPLT,0.7,15.87,1479984,2095771,23.49,40.0,0.6,1.2,0.9,강한매수,장대양봉,완만한상승,0.78,3.24,2026-08-14
PRME,0.7,3.09,1571039,2117494,4.85,7.85,0.6,-0.9,-1.6,중립,음봉,잔구간,0.64,-0.265,2026-08-14
PRTA,0.7,8.86,312600,446969,2.77,4.05,0.7,-0.4,-2.0,중립,음봉,잔구간,0.07,-0.61,2026-08-14
PTLO,0.7,5.16,1250695,1869002,6.45,7.3,0.9,-0.7,3.4,강한매수,장대양봉,완만한상승,0.68,3.12,2026-08-14
AIRS,0.7,3.43,1049104,1470202,3.6,4.01,0.9,-0.3,1.8,매수관심,양봉,완만한상승,0.62,1.74,2026-08-14
ALIT,0.7,13.8,332178,449674,4.58,10.81,0.4,1.3,-6.9,매도주의,장대음봉,잔구간,0.14,-1.215,2026-08-14
ARHS,0.7,9.81,1074551,1483162,10.54,19.02,0.6,-0.4,1.6,강한매수,양봉,완만한상승,0.89,2.07,2026-08-14
SOUN,0.7,7.43,21286835,29314998,158.16,263.38,0.6,-0.4,-0.3,중립,팽이도지,잔구간,0.27,-0.14,2026-08-14
YMAX,0.7,7.68,611210,825585,4.69,7.82,0.6,0.1,-0.1,매수관심,팽이도지,완만한상승,0.43,0.82,2026-08-14
GNL,0.7,8.76,2896151,4301198,25.37,32.76,0.8,-0.3,-2.6,매도주의,장대음봉,잔구간,0.07,-1.26,2026-08-14
GOOS,0.7,8.74,437202,596328,3.82,7.86,0.5,0.6,-0.1,매수관심,팽이도지,완만한상승,0.42,0.8,2026-08-14
SOFX,0.7,9.93,474064,645067,4.71,9.43,0.5,0.4,-1.9,매도주의,장대음봉,수횡파,0.03,-1.96,2026-08-14
SMCX,0.7,14.05,8607273,11867098,120.93,103.81,1.2,0.4,2.8,매수관심,양봉,완만한상승,0.59,1.71,2026-08-14
SMRT,0.7,1.49,1209163,1775806,1.8,2.75,0.7,0.0,3.5,매수관심,양봉,완만한상승,0.75,1.9,2026-08-14
SKHU,0.7,19.36,766039,1022661,14.83,21.36,0.7,4.5,-3.6,중립,음봉,완만한상승,0.31,-0.03,2026-08-14
ETHW,0.7,13.44,383029,532423,5.15,10.74,0.5,-0.8,0.4,중립,양봉,잔구간,0.69,0.465,2026-08-14
MNTN,0.7,12.52,848487,1231549,10.62,15.9,0.7,1.8,0.2,매수관심,팽이도지,완만한상승,0.66,1.09,2026-08-14
CTOS,0.7,10.53,652495,1000768,6.87,16.08,0.4,-0.2,2.8,강한매수,장대양봉,완만한상승,0.97,3.46,2026-08-14
CVGI,0.7,3.26,522678,748815,1.7,2.79,0.6,0.0,1.9,중립,양봉,잔구간,0.75,0.5,2026-08-14
CARS,0.7,12.38,488069,732611,6.04,9.12,0.7,-1.4,0.1,매수관심,양봉스프링,잔구간,0.82,0.94,2026-08-14
OPRT,0.7,7.71,316423,455307,2.44,5.3,0.5,0.8,0.1,매수관심,팽이도지,완만한상승,0.62,1.04,2026-08-14
ORC,0.7,6.65,2602868,3788318,17.31,30.26,0.6,0.2,0.2,중립,위꼬리양봉,완만한상승,0.33,-0.3,2026-08-14
PDM,0.7,9.48,692458,950433,6.56,9.5,0.7,0.0,-1.5,매도주의,장대음봉,잔구간,0.09,-1.245,2026-08-14
EVEX,0.7,2.73,643935,943218,1.76,3.21,0.5,-0.4,-2.2,중립,음봉,잔구간,0.35,-0.44,2026-08-14
IRD,0.7,3.61,414480,573285,1.5,2.98,0.5,0.5,-3.5,매도주의,장대음봉,잔구간,0.26,-1.145,2026-08-14
RDWU,0.7,10.485,487764,722764,5.11,10.42,0.5,2.7,3.3,매수관심,양봉,완만한상승,0.48,1.58,2026-08-14
FRMI,0.7,6.4,17303786,26564686,110.74,156.3,0.7,1.5,-4.5,매도주의,장대음봉,잔구간,0.2,-1.18,2026-08-14
QTTB,0.7,15.15,313296,476535,4.75,7.47,0.6,0.5,-1.9,중립,음봉,잔구간,0.41,-0.405,2026-08-14
PUBM,0.7,17.59,664088,978385,11.68,17.12,0.7,0.8,1.0,중립,양봉,잔구간,0.59,0.405,2026-08-14
JBI,0.7,5.11,1559239,2201763,7.97,9.61,0.8,-0.8,2.4,매수관심,장대양봉,잔구간,0.95,1.27,2026-08-14
CION,0.7,7.43,497860,758854,3.7,6.0,0.6,-1.3,-2.0,중립,음봉,잔구간,0.12,-0.58,2026-08-14
NMRK,0.7,15.25,837773,1191535,12.78,21.25,0.6,-1.3,1.0,매수관심,장대양봉,잔구간,0.68,1.11,2026-08-14
CWK,0.7,14.4,1121968,1568171,16.16,24.77,0.7,-0.3,0.5,매수관심,양봉스프링,전고점부근,0.95,1.59,2026-08-14
MPT,0.7,4.18,7049765,9422264,29.47,38.98,0.8,0.0,-0.5,중립,팽이도지,잔구간,0.45,-0.03,2026-08-14
MRTN,0.7,15.21,461358,646901,7.02,10.8,0.6,-0.3,0.2,중립,팽이도지,잔구간,0.42,-0.05,2026-08-14
MSOS,0.7,4.63,2688554,3925187,12.45,19.18,0.6,-0.4,0.0,매수관심,양봉스프링,잔구간,0.8,0.93,2026-08-14
CLB,0.7,12.45,474992,637254,5.91,7.16,0.8,0.1,0.4,중립,위꼬리양봉,완만한상승,0.29,-0.35,2026-08-14
CLBK,0.7,11.79,4167808,5570319,49.14,69.91,0.7,0.0,0.7,강한매수,양봉,완만한상승,0.94,2.13,2026-08-14
CLF,0.7,11.9,8818386,12960378,104.94,185.68,0.6,0.2,-2.2,매도주의,음봉,전저점이탈,0.13,-1.89,2026-08-14
CLNE,0.7,1.83,1892928,2663770,3.46,4.03,0.9,0.6,1.7,매수관심,양봉,완만한상승,0.64,1.77,2026-08-14
CLOV,0.7,4.6,3657459,5121099,16.82,23.76,0.7,0.0,2.4,매수관심,양봉,완만한상승,0.81,1.97,2026-08-14
JOBY,0.7,7.92,26343023,36940318,208.64,283.48,0.7,-2.5,-1.7,매도주의,위꼬리음봉,잔구간,0.15,-0.96,2026-08-14
AGNT,0.7,4.35,938172,1307165,4.08,6.11,0.7,-2.7,-0.7,매도주의,위꼬리음봉,잔구간,0.22,-0.92,2026-08-14
VIR,0.7,9.24,1016284,1366823,9.39,13.12,0.7,0.0,2.7,강한매수,양봉,완만한상승,0.94,2.13,2026-08-14
HBAN,0.7,17.91,16058212,22937425,287.6,407.63,0.7,0.1,0.7,강한매수,양봉,완만한상승,0.87,2.04,2026-08-14
FLG,0.7,14.25,2290880,3257442,32.65,55.17,0.6,-0.4,0.3,중립,팽이도지,잔구간,0.55,0.03,2026-08-14
FLNC,0.7,13.14,3994842,6048253,52.49,136.91,0.4,-1.7,1.1,중립,위꼬리양봉,잔구간,0.23,-0.66,2026-08-14
NUS,0.7,4.8,493891,744180,2.37,3.68,0.6,0.4,-1.4,중립,음봉,잔구간,0.07,-0.61,2026-08-14
NVAX,0.7,8.05,2279571,3365913,18.35,27.52,0.7,-0.1,-1.0,중립,음봉,잔구간,0.63,-0.27,2026-08-14
NVCR,0.7,16.95,681335,933588,11.55,19.03,0.6,-0.9,-1.6,매도주의,장대음봉,잔구간,0.35,-1.09,2026-08-14
NHP,0.7,16.39,626151,860617,10.26,12.43,0.8,0.1,0.4,중립,위꼬리양봉,완만한상승,0.33,-0.3,2026-08-14
OEC,0.7,6.44,322280,466251,2.08,3.22,0.6,-0.3,1.4,중립,양봉,잔구간,0.65,0.44,2026-08-14
OMAH,0.7,18.58,1050229,1597790,19.51,30.08,0.6,0.2,-0.1,중립,음봉,잔구간,0.56,-0.315,2026-08-14
NVD,0.7,3.91,38357871,57869980,149.98,283.69,0.5,-1.0,1.0,매수관심,양봉,완만한상승,0.7,1.84,2026-08-14
OBDC,0.7,11.72,3787753,5104756,44.39,63.61,0.7,-0.1,-1.5,매도주의,장대음봉,잔구간,0.14,-1.215,2026-08-14
OBE,0.7,10.67,497566,688578,5.31,7.23,0.7,0.7,1.5,매수관심,양봉,완만한상승,0.54,1.65,2026-08-14
BRBR,0.7,10.75,2377659,3467082,25.56,59.61,0.4,0.1,-2.3,중립,음봉,잔구간,0.16,-0.555,2026-08-14
BRSL,0.7,11.79,1567006,2214413,18.48,27.8,0.7,0.3,0.5,매수관심,양봉,완만한상승,0.69,1.83,2026-08-14
LAR,0.7,6.82,1926181,2698332,13.14,15.32,0.9,0.7,0.3,중립,위꼬리양봉,완만한상승,0.2,-0.46,2026-08-14
LBTYK,0.7,10.22,831459,1209922,8.5,15.54,0.5,-0.3,0.5,중립,위꼬리양봉,완만한상승,0.22,-0.44,2026-08-14
KREF,0.7,7.62,681694,991807,5.19,6.9,0.8,-0.8,-1.6,중립,음봉,잔구간,0.11,-0.585,2026-08-14
RPD,0.7,13.0,1700728,2612906,22.11,32.75,0.7,0.0,-5.7,매도주의,장대음봉,잔구간,0.24,-1.155,2026-08-14
REI,0.7,1.37,1921282,2772961,2.63,4.43,0.6,0.0,2.2,매수관심,양봉,완만한상승,0.69,1.83,2026-08-14
RITM,0.7,10.36,3459556,4867999,35.84,57.39,0.6,0.5,-0.5,중립,음봉,완만한상승,0.17,-0.2,2026-08-14
RLAY,0.7,19.86,1530273,2146106,30.39,38.83,0.8,-1.6,1.2,중립,양봉,잔구간,0.78,0.52,2026-08-14
RBBN,0.7,2.11,480411,654972,1.01,1.34,0.8,0.9,-0.9,강한매수,망치형,완만한상승,0.61,2.03,2026-08-14
BB,0.7,8.9,7615637,10566342,67.78,99.11,0.7,0.6,-1.5,중립,음봉,잔구간,0.42,-0.4,2026-08-14
IE,0.7,10.41,1222742,1790003,12.73,23.88,0.5,0.4,-0.4,중립,팽이도지,완만한상승,0.31,0.67,2026-08-14
SPCH,0.7,9.0,40249938,56326798,362.25,411.69,0.9,2.4,-4.6,중립,음봉,잔구간,0.5,-0.35,2026-08-14
SPPP,0.7,14.11,495175,749682,6.99,11.02,0.6,1.2,0.9,강한매수,장대양봉,완만한상승,0.91,3.39,2026-08-14
SPT,0.7,9.89,1101485,1638084,10.89,14.64,0.7,1.2,-1.9,중립,음봉,잔구간,0.28,-0.48,2026-08-14
SSL,0.7,11.53,785892,1048470,9.06,11.43,0.8,1.1,1.9,강한매수,장대양봉,완만한상승,0.91,3.39,2026-08-14
SSPC,0.7,11.0,21948047,31066733,241.43,385.09,0.6,-2.3,4.4,중립,양봉,잔구간,0.48,0.34,2026-08-14
APPX,0.7,13.23,1805975,2774738,23.89,36.66,0.7,0.5,1.2,중립,위꼬리양봉,잔구간,0.2,-0.68,2026-08-14
AQN,0.7,5.89,3109382,4568809,18.31,23.79,0.8,-0.2,1.4,강한매수,장대양봉,전고점돌파,1.0,4.1,2026-08-14
NOWL,0.7,6.42,8919319,13071254,57.26,84.2,0.7,0.7,-5.7,중립,음봉,잔구간,0.29,-0.475,2026-08-14
NRDS,0.7,9.84,687519,1041775,6.77,8.88,0.8,0.2,-1.8,매도주의,장대음봉,잔구간,0.18,-1.19,2026-08-14
NTSK,0.7,15.81,3589644,5185983,56.75,69.9,0.8,0.0,-2.3,중립,음봉,잔구간,0.15,-0.56,2026-08-14
SGRY,0.7,15.03,1619371,2207400,24.34,32.76,0.7,-0.9,-0.1,매도주의,위꼬리음봉,잔구간,0.19,-0.935,2026-08-14
SBSW,0.7,10.77,3137177,4396626,33.79,51.31,0.7,2.2,0.6,매수관심,양봉,완만한상승,0.76,1.91,2026-08-14
SDGR,0.7,17.59,948802,1403061,16.69,24.43,0.7,0.0,-4.7,매도주의,장대음봉,잔구간,0.01,-1.295,2026-08-14
DSX,0.7,2.48,481244,656969,1.19,2.13,0.6,1.2,-0.8,중립,망치형,잔구간,0.6,0.56,2026-08-14
BHVN,0.7,14.64,1244145,1766616,18.21,24.65,0.7,-0.4,-1.0,중립,팽이도지,잔구간,0.51,0.005,2026-08-14
MSTU,0.7,1.72,92188609,125828976,158.56,244.35,0.6,-4.8,-3.9,매도주의,음봉,전저점이탈,0.33,-1.65,2026-08-14
MUZ,0.7,9.3,7403786,9977791,68.86,148.82,0.5,-6.2,1.1,중립,위꼬리양봉,잔구간,0.39,-0.565,2026-08-14
MVST,0.7,0.839,6156750,9406133,5.16,6.78,0.8,-0.8,-4.7,중립,음봉,잔구간,0.34,-0.445,2026-08-14
CNNE,0.7,14.63,432728,578061,6.33,8.03,0.8,0.4,-6.3,매도주의,장대음봉,잔구간,0.03,-1.28,2026-08-14
TK,0.7,12.47,353655,519884,4.41,5.86,0.8,0.7,2.5,강한매수,장대양봉,전고점돌파,0.95,4.04,2026-08-14
STTK,0.7,7.42,640785,898154,4.75,7.72,0.6,-1.0,2.3,강한매수,양봉,완만한상승,0.83,2.0,2026-08-14
ICL,0.7,5.55,817040,1123630,4.53,6.74,0.7,2.0,0.9,강한매수,양봉,전고점돌파,0.6,2.32,2026-08-14
KVUE,0.7,19.2,10361710,15684227,198.94,424.03,0.5,-0.1,0.1,중립,팽이도지,완만한상승,0.39,0.77,2026-08-14
RXT,0.7,4.21,5490008,7764114,23.11,37.74,0.6,1.4,-3.4,중립,음봉,전저점부근,0.42,-0.05,2026-08-14
TNXP,0.7,12.71,348034,482858,4.42,6.03,0.7,0.6,1.0,강한매수,양봉스프링,완만한상승,0.98,2.98,2026-08-14
TNYA,0.7,0.728,1529981,2079854,1.11,1.61,0.7,1.0,-1.6,중립,음봉,잔구간,0.12,-0.58,2026-08-14
ANGO,0.7,15.85,330038,465316,5.23,8.82,0.6,0.3,0.9,매수관심,양봉,완만한상승,0.77,1.92,2026-08-14
DQ,0.7,14.64,730678,1075667,10.7,16.69,0.6,-1.1,-0.8,매도주의,위꼬리음봉,잔구간,0.15,-0.96,2026-08-14
KODK,0.7,10.0,586620,900888,5.87,10.54,0.6,0.0,0.1,강한매수,양봉스프링,완만한상승,0.87,2.84,2026-08-14
ECVT,0.7,10.39,1036478,1444806,10.77,14.98,0.7,0.2,2.9,매수관심,장대양봉,잔구간,0.82,1.19,2026-08-14
GSBD,0.7,9.85,829056,1210232,8.17,10.66,0.8,0.1,-0.9,매도주의,장대음봉,잔구간,0.2,-1.18,2026-08-14
GSM,0.7,4.39,1212249,1660782,5.32,9.48,0.6,-1.8,2.1,매수관심,장대양봉,잔구간,0.85,1.21,2026-08-14
GSOL,0.7,5.67,1336920,1993975,7.58,11.26,0.7,-1.0,-0.5,중립,음봉,잔구간,0.29,-0.475,2026-08-14
GTE,0.7,9.19,803869,1211197,7.39,29.35,0.3,-0.7,-2.5,중립,음봉,잔구간,0.0,-0.65,2026-08-14
GTM,0.7,4.05,6927577,9236866,28.06,35.61,0.8,-1.4,-4.7,매도주의,장대음봉,잔구간,0.05,-1.27,2026-08-14
GTN,0.7,5.22,1020563,1464981,5.33,7.45,0.7,-0.6,4.0,강한매수,장대양봉,완만한상승,0.73,3.18,2026-08-14
NEWP,0.7,6.84,490064,679135,3.35,3.88,0.9,1.3,0.4,중립,위꼬리양봉,전고점돌파,0.21,0.15,2026-08-14
NEXN,0.7,10.47,417707,558663,4.37,5.52,0.8,0.0,-2.5,매도주의,장대음봉,잔구간,0.16,-1.205,2026-08-14
ALT,0.7,2.94,3073969,4307542,9.04,14.2,0.6,2.4,-0.3,중립,망치형,잔구간,0.73,0.64,2026-08-14
ALXO,0.7,1.96,584160,787069,1.14,3.25,0.4,0.5,0.5,중립,팽이도지,잔구간,0.5,0.0,2026-08-14
VELO,0.7,16.16,1526449,2157879,24.67,30.54,0.8,0.0,5.1,강한매수,장대양봉,완만한상승,0.75,3.2,2026-08-14
JANX,0.7,16.12,441529,670967,7.12,9.98,0.7,0.0,0.8,강한매수,양봉스프링,완만한상승,0.8,2.76,2026-08-14
SFIX,0.7,3.59,987479,1444777,3.55,6.45,0.5,-0.3,-1.4,중립,음봉,잔구간,0.46,-0.375,2026-08-14
BCSF,0.7,12.55,313899,427168,3.94,5.27,0.7,-0.6,-0.2,중립,팽이도지,잔구간,0.63,0.08,2026-08-14
BDN,0.7,3.09,1182352,1739524,3.65,7.18,0.5,1.0,-2.8,매도주의,장대음봉,잔구간,0.01,-1.295,2026-08-14
RUM,0.7,7.46,3515585,5080827,26.23,27.61,1.0,-0.4,-0.7,매도주의,위꼬리음봉,잔구간,0.11,-0.985,2026-08-14
RUN,0.7,10.19,6291055,8988353,64.11,106.14,0.6,0.3,3.1,매수관심,양봉,완만한상승,0.59,1.71,2026-08-14
ABCL,0.7,11.38,12375084,16612863,140.83,118.62,1.2,-1.2,5.0,강한매수,양봉,전고점돌파,0.88,2.66,2026-08-14
ADBG,0.7,4.708,2149975,3276468,10.12,20.54,0.5,1.8,-6.7,매도주의,장대음봉,잔구간,0.19,-1.185,2026-08-14
ZTG,0.7,9.82,1217215,1818984,11.95,14.91,0.8,0.5,-6.9,중립,음봉,잔구간,0.3,-0.47,2026-08-14
VYX,0.6,8.16,1582756,2480847,12.92,20.5,0.6,-0.1,-3.8,매도주의,장대음봉,잔구간,0.01,-1.295,2026-08-14
VTRS,0.6,16.23,8202731,13415810,133.13,224.38,0.6,-0.9,2.1,매수관심,장대양봉,잔구간,0.9,1.24,2026-08-14
HLN,0.6,9.7,3292218,5457153,31.93,76.14,0.4,-0.7,-0.3,매도주의,음봉,전저점이탈,0.41,-1.56,2026-08-14
HLF,0.6,12.33,1097880,1847086,13.54,22.19,0.6,-0.5,1.8,강한매수,장대양봉,완만한상승,0.74,3.19,2026-08-14
ACVA,0.6,8.27,4083087,6542605,33.77,49.35,0.7,-0.5,4.4,강한매수,장대양봉,완만한상승,0.96,3.45,2026-08-14
WRN,0.6,2.4,554564,875123,1.33,2.09,0.6,0.4,0.0,중립,위꼬리양봉,완만한상승,0.17,-0.5,2026-08-14
HPK,0.6,7.43,385348,619780,2.86,4.59,0.6,0.7,-1.5,중립,음봉,잔구간,0.31,-0.465,2026-08-14
ASTL,0.6,4.28,532698,843245,2.28,4.94,0.5,0.2,-4.3,매도주의,장대음봉,잔구간,0.17,-1.2,2026-08-14
ASLE,0.6,5.87,322272,541278,1.89,3.26,0.6,0.2,2.4,매수관심,장대양봉,잔구간,0.82,1.19,2026-08-14
SES,0.6,0.601,10634028,16952860,6.39,9.9,0.6,-0.1,-1.6,중립,팽이도지,잔구간,0.42,-0.05,2026-08-14
EQX,0.6,11.6,8599765,14138267,99.76,209.2,0.5,1.5,1.8,매수관심,양봉,완만한상승,0.69,1.83,2026-08-14
DRTS,0.6,14.25,314755,547711,4.49,6.87,0.7,-0.6,-1.1,중립,음봉,잔구간,0.29,-0.475,2026-08-14
DRH,0.6,12.36,1324941,2347777,16.38,39.49,0.4,-0.3,0.9,중립,양봉,잔구간,0.47,0.33,2026-08-14
KRO,0.6,8.47,357118,580063,3.02,5.01,0.6,1.3,-3.3,중립,음봉,잔구간,0.24,-0.505,2026-08-14
TROX,0.6,5.96,2159579,3613239,12.87,23.13,0.6,1.3,-2.0,중립,음봉,잔구간,0.36,-0.435,2026-08-14
AMZD,0.6,8.355,6432234,10077167,53.74,95.66,0.6,0.1,0.9,강한매수,장대양봉,전고점돌파,0.95,4.04,2026-08-14
TMQ,0.6,3.74,891408,1395842,3.33,5.2,0.6,-0.3,-0.8,매도주의,위꼬리음봉,잔구간,0.03,-1.03,2026-08-14
RYAM,0.6,8.42,615308,1019980,5.18,10.58,0.5,-0.9,0.8,중립,양봉,잔구간,0.85,0.56,2026-08-14
BLND,0.6,1.49,2278539,4076954,3.4,5.3,0.6,-2.6,-1.3,매도주의,위꼬리음봉,잔구간,0.0,-1.05,2026-08-14
BIOA,0.6,10.6,444369,687824,4.71,21.49,0.2,-0.6,2.2,중립,양봉,잔구간,0.94,0.615,2026-08-14
TRTX,0.6,7.93,575710,919076,4.57,7.79,0.6,0.2,-1.4,매도주의,장대음봉,잔구간,0.09,-1.245,2026-08-14
DRVN,0.6,12.94,487655,836487,6.31,10.83,0.6,-0.2,0.9,강한매수,양봉,완만한상승,0.91,2.09,2026-08-14
KDK,0.6,4.16,864537,1331806,3.6,4.9,0.7,0.1,1.5,매수관심,양봉,완만한상승,0.64,1.77,2026-08-14
SCZM,0.6,8.85,310143,517969,2.74,4.16,0.7,1.5,0.0,중립,위꼬리양봉,완만한상승,0.14,-0.53,2026-08-14
SBH,0.6,16.42,905961,1565797,14.88,29.06,0.5,-0.8,0.1,중립,팽이도지,잔구간,0.49,-0.005,2026-08-14
SBGI,0.6,14.84,405404,683899,6.02,9.23,0.7,0.4,3.5,강한매수,장대양봉,완만한상승,0.9,3.38,2026-08-14
SHO,0.6,10.94,1845489,2890766,20.19,30.97,0.7,-0.3,0.7,매수관심,양봉스프링,잔구간,0.85,0.96,2026-08-14
SG,0.6,6.28,4832039,7735858,30.35,46.64,0.7,-1.0,4.7,강한매수,장대양봉,전고점돌파,0.97,4.06,2026-08-14
BEZ,0.6,9.42,1277395,2113376,12.03,24.22,0.5,2.1,2.6,강한매수,양봉스프링,완만한상승,0.87,2.84,2026-08-14
BAOS,0.6,0.5,3771081,6100987,1.89,8.57,0.2,5.9,-20.6,매도주의,장대음봉,전저점부근,0.37,-1.41,2026-08-14
BMBL,0.6,2.71,2444562,3979694,6.62,10.75,0.6,0.7,-1.1,중립,음봉,잔구간,0.29,-0.475,2026-08-14
RILY,0.6,7.45,409273,698859,3.05,4.97,0.6,0.4,-1.6,매도주의,위꼬리음봉,잔구간,0.15,-0.96,2026-08-14
EIDO,0.6,12.6,568334,929625,7.16,13.86,0.5,1.1,-0.2,매도주의,위꼬리음봉,잔구간,0.0,-1.05,2026-08-14
LADR,0.6,9.98,806275,1283270,8.05,12.64,0.6,0.0,-0.6,매도주의,위꼬리음봉,잔구간,0.06,-1.015,2026-08-14
DX,0.6,13.06,2973092,5152190,38.83,65.45,0.6,0.0,0.3,매수관심,양봉,완만한상승,0.33,1.4,2026-08-14
LFMD,0.6,3.45,680131,1167940,2.35,5.21,0.5,-0.3,0.0,중립,팽이도지,잔구간,0.71,0.125,2026-08-14
FF,0.6,5.59,442668,777163,2.47,4.88,0.5,0.4,-1.9,중립,음봉,잔구간,0.22,-0.52,2026-08-14
HELP,0.6,11.99,1524729,2534552,18.28,23.95,0.8,0.9,3.8,매수관심,양봉,전고점부근,0.96,0.8,2026-08-14
VIVK,0.6,1.22,1288034,2024816,1.57,7.83,0.2,-2.3,-2.4,중립,음봉,잔구간,0.33,-0.45,2026-08-14
SLDP,0.6,2.42,2069608,3237937,5.01,9.08,0.6,0.4,0.8,매수관심,양봉,완만한상승,0.5,1.6,2026-08-14
AHRT,0.6,6.79,347441,625276,2.36,5.32,0.4,0.1,-0.1,매도주의,위꼬리음봉,완만한상승,0.22,-0.94,2026-08-14
AES,0.6,14.73,3477999,5643697,51.23,105.3,0.5,0.1,-0.1,중립,음봉,완만한상승,0.33,-0.0,2026-08-14
JPC,0.6,7.67,788684,1228577,6.05,7.91,0.8,-0.6,0.3,중립,양봉,전저점이탈,0.4,-0.17,2026-08-14
JELD,0.6,1.93,794764,1301684,1.53,3.59,0.4,-2.0,0.5,중립,팽이도지,잔구간,0.57,0.04,2026-08-14
JBS,0.6,13.65,4819464,7812181,65.79,87.02,0.8,2.0,0.5,강한매수,양봉스프링,완만한상승,0.97,2.96,2026-08-14
JBLU,0.6,5.65,14059318,21824201,79.44,152.99,0.5,-1.6,-1.1,중립,팽이도지,전저점부근,0.36,0.58,2026-08-14
LODE,0.6,3.46,599250,934521,2.07,3.52,0.6,-0.9,1.5,강한매수,양봉스프링,완만한상승,0.87,2.84,2026-08-14
QTRX,0.6,2.59,840845,1299936,2.18,3.08,0.7,0.0,-9.4,매도주의,장대음봉,잔구간,0.13,-1.22,2026-08-14
FSK,0.6,12.36,1300921,2330653,16.08,36.07,0.4,-0.5,-1.7,매도주의,장대음봉,잔구간,0.04,-1.275,2026-08-14
FNB,0.6,19.48,1768063,3099685,34.44,72.03,0.5,-0.1,0.9,매수관심,장대양봉,전고점부근,0.85,1.97,2026-08-14
BRSP,0.6,5.0,656506,1077627,3.28,7.28,0.5,0.2,0.4,중립,위꼬리양봉,완만한상승,0.43,-0.18,2026-08-14
EMBC,0.6,5.1,1540033,2541273,7.85,9.93,0.8,1.0,-1.2,중립,음봉,잔구간,0.51,-0.345,2026-08-14
ETHU,0.6,15.7,2009820,3202985,31.55,58.11,0.5,-1.9,1.2,중립,양봉,잔구간,0.72,0.48,2026-08-14
VSTM,0.6,6.58,1280177,2138574,8.42,13.12,0.6,-0.1,-1.2,중립,음봉,잔구간,0.64,-0.265,2026-08-14
VOD,0.6,16.42,2462486,4023350,40.43,80.46,0.5,0.4,0.9,강한매수,장대양봉,전고점돌파,0.91,3.99,2026-08-14
TTI,0.6,8.55,883703,1487415,7.56,14.57,0.5,0.6,0.6,매수관심,팽이도지,완만한상승,0.52,0.92,2026-08-14
GOGO,0.6,2.83,1225727,2195405,3.47,7.51,0.5,0.0,1.8,중립,양봉,잔구간,0.71,0.475,2026-08-14
GNW,0.6,10.16,1823861,3081437,18.53,27.74,0.7,-0.1,1.8,강한매수,장대양봉,전고점부근,0.95,2.09,2026-08-14
BTE,0.6,4.37,8045658,13185130,35.16,71.27,0.5,0.7,1.2,매수관심,양봉,완만한상승,0.67,1.8,2026-08-14
VGZ,0.6,2.31,744497,1211844,1.72,2.77,0.6,0.9,1.8,매수관심,양봉,완만한상승,0.59,1.71,2026-08-14
FVRR,0.6,9.01,512051,892930,4.61,8.75,0.5,0.9,-1.0,중립,망치형,잔구간,0.7,0.62,2026-08-14
ABAT,0.6,2.49,1500973,2609659,3.74,7.99,0.5,-1.6,0.8,중립,위꼬리양봉,잔구간,0.22,-0.67,2026-08-14
YYAI,0.6,1.13,1676318,2659352,1.89,12.73,0.1,-2.7,-9.2,중립,음봉,전저점부근,0.54,0.1,2026-08-14
YXT,0.6,3.57,460078,799459,1.64,168.19,0.0,-36.3,-0.8,중립,팽이도지,전저점부근,0.34,0.56,2026-08-14
CYRX,0.6,15.25,345473,619765,5.27,8.32,0.6,-0.9,1.7,매수관심,양봉,완만한상승,0.82,1.98,2026-08-14
LXRX,0.6,2.32,1762685,2864348,4.09,7.51,0.5,-0.9,0.0,매수관심,양봉스프링,잔구간,0.79,0.925,2026-08-14
LXEO,0.6,4.84,676670,1221009,3.28,4.89,0.7,0.4,-2.8,중립,음봉,잔구간,0.46,-0.375,2026-08-14
UA,0.6,5.25,2276681,3746884,11.95,20.14,0.6,0.0,0.2,중립,팽이도지,잔구간,0.71,0.125,2026-08-14
PESI,0.6,17.37,371639,575076,6.46,11.67,0.6,-0.4,-2.9,중립,음봉,잔구간,0.25,-0.5,2026-08-14
PENN,0.6,18.79,1826348,3179453,34.32,57.26,0.6,-0.1,-0.2,중립,팽이도지,잔구간,0.28,-0.13,2026-08-14
BV,0.6,11.74,958369,1504269,11.25,22.08,0.5,0.0,1.3,매수관심,양봉,완만한상승,0.57,1.68,2026-08-14
LION,0.6,11.99,2107436,3339840,25.27,43.0,0.6,0.6,1.7,중립,양봉,잔구간,0.63,0.43,2026-08-14
SNK,0.6,18.1,2717798,4346652,49.19,96.48,0.5,-2.4,4.7,중립,양봉,잔구간,0.48,0.34,2026-08-14
GLUE,0.6,15.5,509501,807692,7.9,31.62,0.2,-0.8,-1.4,중립,음봉,수횡파,0.28,-0.36,2026-08-14
GENB,0.6,15.64,310803,514641,4.86,7.1,0.7,-0.3,4.3,강한매수,양봉,전고점돌파,0.95,2.74,2026-08-14
IMRX,0.6,5.06,524219,837659,2.65,3.46,0.8,-0.4,-2.3,중립,음봉,잔구간,0.52,-0.34,2026-08-14
IIIV,0.6,16.34,492837,822640,8.05,11.95,0.7,-0.1,-1.6,매도주의,장대음봉,잔구간,0.29,-1.125,2026-08-14
PK,0.6,15.13,2532560,3946662,38.32,68.9,0.6,0.1,0.5,중립,위꼬리양봉,완만한상승,0.33,-0.3,2026-08-14
MFA,0.6,9.16,856360,1335809,7.84,15.12,0.5,0.2,-0.8,중립,음봉,잔구간,0.15,-0.56,2026-08-14
MATV,0.6,12.21,573535,990129,7.0,9.26,0.8,0.5,0.5,강한매수,양봉스프링,완만한상승,0.79,2.75,2026-08-14
PBI,0.6,16.42,948114,1598567,15.57,35.72,0.4,0.4,-1.7,매도주의,장대음봉,전저점부근,0.09,-1.74,2026-08-14
PAYS,0.6,13.17,455570,778952,6.0,11.05,0.5,0.8,0.4,매수관심,양봉스프링,전고점부근,0.76,1.36,2026-08-14
CC,0.6,15.85,2171316,3777147,34.42,64.01,0.5,1.6,2.2,매수관심,양봉,완만한상승,0.69,1.83,2026-08-14
PLUG,0.6,2.32,50250847,82015684,116.58,155.25,0.8,-0.7,1.5,매수관심,양봉,완만한상승,0.5,1.6,2026-08-14
PLTZ,0.6,9.85,3058501,5415012,30.13,68.18,0.4,-0.7,6.0,강한매수,장대양봉,완만한상승,0.94,3.43,2026-08-14
AVTX,0.6,19.59,388067,655589,7.6,13.41,0.6,-1.6,2.4,중립,양봉,잔구간,0.97,0.63,2026-08-14
AVTR,0.6,13.66,3964758,6323050,54.16,114.59,0.5,-0.5,-0.9,매도주의,장대음봉,잔구간,0.15,-1.21,2026-08-14
AUPH,0.6,15.47,827252,1297720,12.8,20.07,0.6,-0.6,2.5,매수관심,장대양봉,잔구간,0.97,1.28,2026-08-14
TLK,0.6,14.84,372815,657794,5.53,11.53,0.5,1.0,0.1,매수관심,팽이도지,완만한상승,0.71,1.15,2026-08-14
AREC,0.6,2.88,2048662,3289276,5.9,7.64,0.8,-1.4,3.6,매수관심,양봉,완만한상승,0.63,1.76,2026-08-14
OWL,0.6,12.22,13073364,23424578,159.76,303.15,0.5,0.3,-3.7,매도주의,장대음봉,잔구간,0.06,-1.265,2026-08-14
CHA,0.6,10.27,320423,564749,3.29,5.45,0.6,-0.3,0.7,매수관심,양봉,완만한상승,0.75,1.9,2026-08-14
ALHC,0.6,13.96,3633693,5797131,50.73,113.05,0.4,0.0,3.7,매수관심,장대양봉,잔구간,0.63,1.08,2026-08-14
UROY,0.6,4.12,1716348,2883812,7.07,12.43,0.6,1.0,0.2,강한매수,양봉스프링,완만한상승,0.79,2.75,2026-08-14
PDBC,0.6,17.91,2551621,4532259,45.7,142.7,0.3,-0.1,0.8,강한매수,장대양봉,완만한상승,0.94,3.43,2026-08-14
DCH,0.6,6.73,1959068,3219090,13.18,22.85,0.6,0.3,-0.6,중립,음봉,잔구간,0.44,-0.385,2026-08-14
MNKD,0.6,3.85,2855400,4772854,10.99,21.13,0.5,0.3,2.9,매수관심,장대양봉,잔구간,1.0,1.3,2026-08-14
MQ,0.6,16.335,685307,1153382,11.19,23.61,0.5,0.0,-0.8,중립,음봉,잔구간,0.14,-0.565,2026-08-14
NXE,0.6,10.39,2201627,3932020,22.87,50.08,0.5,0.8,-0.8,중립,음봉,완만한상승,0.19,-0.17,2026-08-14
NWBI,0.6,15.75,419976,730949,6.61,15.07,0.4,-0.1,-0.2,매도주의,위꼬리음봉,잔구간,0.0,-1.05,2026-08-14
ODD,0.6,13.11,522143,870688,6.85,10.63,0.6,-1.1,-0.5,매도주의,위꼬리음봉,잔구간,0.08,-1.0,2026-08-14
CRSR,0.6,12.99,1545551,2736489,20.08,38.1,0.5,-0.1,-3.3,매도주의,장대음봉,잔구간,0.17,-1.2,2026-08-14
CRON,0.6,3.14,1026789,1854614,3.22,5.72,0.6,-0.3,-0.3,중립,망치형,잔구간,0.83,0.7,2026-08-14
GRND,0.6,16.01,1395713,2162847,22.35,35.06,0.6,1.6,0.1,중립,팽이도지,잔구간,0.29,-0.125,2026-08-14
NG,0.6,7.94,3356101,5215716,26.65,35.84,0.7,1.3,1.0,중립,위꼬리양봉,완만한상승,0.33,-0.3,2026-08-14
NUV,0.6,9.06,354415,564327,3.21,4.85,0.7,-0.6,0.7,강한매수,장대양봉,수횡파,1.0,4.2,2026-08-14
NN,0.6,19.895,2252674,3478268,44.82,66.24,0.7,0.8,1.1,매수관심,양봉스프링,전고점부근,0.98,1.63,2026-08-14
SSTK,0.6,5.69,734316,1184868,4.18,7.64,0.5,-1.2,-1.7,중립,음봉,잔구간,0.36,-0.435,2026-08-14
HNST,0.6,4.84,2287952,3965605,11.07,23.19,0.5,-0.2,-3.6,매도주의,장대음봉,잔구간,0.2,-1.18,2026-08-14
FBRT,0.6,8.07,831298,1300408,6.71,11.63,0.6,0.0,-0.7,중립,음봉,잔구간,0.16,-0.555,2026-08-14
EYE,0.6,19.3,1856213,2909663,35.82,53.73,0.7,-0.7,2.0,매수관심,장대양봉,잔구간,0.97,1.28,2026-08-14
EXFY,0.6,2.3,1256629,2035851,2.89,4.0,0.7,0.0,3.6,중립,양봉,잔구간,0.78,0.52,2026-08-14
ARVN,0.6,8.97,461290,805456,4.14,10.92,0.4,-1.1,0.7,매수관심,양봉스프링,잔구간,0.98,1.04,2026-08-14
SVC,0.6,8.13,916191,1455430,7.45,14.62,0.5,0.5,-1.0,중립,음봉,잔구간,0.06,-0.615,2026-08-14
SUPV,0.6,8.05,430620,782503,3.47,5.89,0.6,0.1,-4.6,매도주의,장대음봉,전저점부근,0.02,-1.83,2026-08-14
STLN,0.6,6.45,1086982,1906549,7.01,13.2,0.5,-0.2,3.2,매수관심,양봉,완만한상승,0.53,1.64,2026-08-14
STLA,0.6,5.36,10332359,15899355,55.38,117.05,0.5,-0.2,0.0,중립,팽이도지,잔구간,0.32,-0.11,2026-08-14
STIM,0.6,3.3,2134567,3777725,7.04,14.47,0.5,1.0,7.8,강한매수,장대양봉,완만한상승,0.99,3.49,2026-08-14
TIC,0.6,9.85,2187718,3634565,21.55,30.26,0.7,-0.9,-1.0,중립,팽이도지,잔구간,0.48,-0.01,2026-08-14
THRY,0.6,2.16,778669,1266783,1.68,3.7,0.5,0.5,-1.4,중립,음봉,잔구간,0.38,-0.42,2026-08-14
THM,0.6,2.72,814434,1292194,2.22,4.57,0.5,1.5,0.7,중립,위꼬리양봉,완만한상승,0.15,-0.52,2026-08-14
TFSL,0.6,17.64,559475,948680,9.87,21.87,0.5,-0.1,0.5,매수관심,양봉,완만한상승,0.42,1.5,2026-08-14
CNH,0.6,10.44,8661972,15188704,90.43,189.87,0.5,-0.4,0.9,매수관심,양봉,완만한상승,0.61,1.73,2026-08-14
CMCO,0.6,19.25,331857,520572,6.39,16.65,0.4,1.5,-0.6,중립,망치형,잔구간,0.84,0.705,2026-08-14
CLVT,0.6,1.93,2448031,4085839,4.72,10.38,0.5,0.0,-1.5,중립,음봉,잔구간,0.45,-0.38,2026-08-14
CPNG,0.6,16.12,12287443,19495637,198.07,339.67,0.6,0.4,-1.4,중립,음봉,수횡파,0.16,-0.51,2026-08-14
COUR,0.6,5.78,2517333,3936160,14.55,34.99,0.4,0.9,-1.2,중립,음봉,잔구간,0.53,-0.33,2026-08-14
COLD,0.6,14.88,1818077,3022317,27.05,53.75,0.5,-0.3,-1.3,중립,음봉,잔구간,0.11,-0.585,2026-08-14
MX,0.6,3.81,404207,686402,1.54,3.34,0.5,2.1,-0.3,강한매수,망치형,완만한상승,0.79,2.25,2026-08-14
NEXA,0.6,14.18,352588,633928,5.0,9.76,0.5,0.0,-1.0,매도주의,위꼬리음봉,잔구간,0.13,-0.97,2026-08-14
NEOV,0.6,3.63,1565700,2438216,5.68,6.02,0.9,0.9,4.6,중립,양봉,전고점부근,0.81,0.62,2026-08-14
ADT,0.6,7.49,4041558,6813910,30.27,66.23,0.5,0.4,-0.1,중립,팽이도지,잔구간,0.64,0.085,2026-08-14
GRAB,0.6,3.62,19084887,33753132,69.09,177.0,0.4,0.1,-2.3,매도주의,장대음봉,잔구간,0.11,-1.235,2026-08-14
NEO,0.6,15.94,906005,1626572,14.44,34.24,0.4,-0.1,-2.7,매도주의,장대음봉,잔구간,0.1,-1.24,2026-08-14
NB,0.6,5.11,2486275,4246514,12.7,24.36,0.5,-1.2,1.0,중립,위꼬리양봉,잔구간,0.24,-0.655,2026-08-14
NAGE,0.6,3.02,390877,629015,1.18,2.68,0.4,0.0,-1.0,중립,음봉,수횡파,0.43,-0.18,2026-08-14
VFF,0.6,2.53,846672,1505545,2.14,3.35,0.6,0.8,1.6,매수관심,양봉,완만한상승,0.6,1.72,2026-08-14
TDUP,0.6,3.07,2301205,3952014,7.06,17.52,0.4,-0.6,-2.5,중립,음봉,전저점부근,0.33,-0.15,2026-08-14
TAL,0.6,11.65,2569435,3976366,29.93,67.37,0.4,-0.4,0.9,중립,양봉,잔구간,0.9,0.59,2026-08-14
ASTX,0.6,15.2,2800787,4324780,42.57,65.11,0.7,-1.2,-0.3,중립,팽이도지,잔구간,0.52,0.01,2026-08-14
ASTN,0.6,4.035,1202205,2107948,4.85,8.27,0.6,0.5,0.9,매수관심,팽이도지,완만한상승,0.48,0.88,2026-08-14
WVE,0.6,5.41,2884418,4880777,15.6,20.7,0.8,-0.8,4.8,강한매수,장대양봉,완만한상승,0.96,3.45,2026-08-14
XRAY,0.5,11.59,2713538,5623487,31.45,67.78,0.5,-0.7,0.8,중립,위꼬리양봉,잔구간,0.31,-0.615,2026-08-14
ACRS,0.5,5.78,666268,1402037,3.85,13.04,0.3,-0.7,-0.7,중립,망치형,잔구간,0.65,0.59,2026-08-14
TAC,0.5,12.79,889692,1821794,11.38,26.96,0.4,-0.1,1.5,매수관심,장대양봉,잔구간,0.68,1.11,2026-08-14
ADMA,0.5,9.47,1308626,2822855,12.39,27.74,0.4,0.6,0.0,매수관심,양봉스프링,잔구간,0.88,0.98,2026-08-14
TGB,0.5,8.35,3597097,6715160,30.04,60.23,0.5,0.7,-1.4,중립,음봉,잔구간,0.0,-0.65,2026-08-14
TH,0.5,17.44,703303,1425071,12.27,21.14,0.6,-0.1,7.3,강한매수,장대양봉,완만한상승,0.95,3.44,2026-08-14
TDAY,0.5,7.04,2128026,3978405,14.98,24.82,0.6,-2.5,5.5,매수관심,장대양봉,잔구간,0.8,1.18,2026-08-14
TENX,0.5,1.8,5842424,11589774,10.52,34.21,0.3,-3.3,1.7,중립,팽이도지,잔구간,0.56,0.035,2026-08-14
STWD,0.5,16.3,2860882,5527367,46.63,99.14,0.5,0.1,-0.4,매도주의,위꼬리음봉,잔구간,0.05,-1.02,2026-08-14
SUJA,0.5,6.48,750894,1513185,4.87,7.97,0.6,0.3,2.0,매수관심,양봉,완만한상승,0.79,1.95,2026-08-14
ARLO,0.5,14.33,820365,1687274,11.76,24.58,0.5,-0.1,-0.1,중립,팽이도지,잔구간,0.28,-0.13,2026-08-14
SVM,0.5,12.02,1989906,3741838,23.92,36.31,0.7,1.8,0.3,중립,위꼬리양봉,완만한상승,0.17,-0.5,2026-08-14
WEN,0.5,8.64,7164622,13110348,61.9,104.95,0.6,0.1,-0.2,중립,망치형,잔구간,0.67,0.6,2026-08-14
IAG,0.5,18.3,3614053,6939077,66.14,112.7,0.6,2.3,0.8,중립,위꼬리양봉,완만한상승,0.33,-0.3,2026-08-14
SPCU,0.5,12.05,2577792,4732676,31.06,63.58,0.5,2.1,-4.1,중립,음봉,잔구간,0.52,-0.34,2026-08-14
SPCQ,0.5,13.85,1168939,2499177,16.19,37.56,0.4,-1.1,5.0,중립,양봉,잔구간,0.54,0.375,2026-08-14
SPDN,0.5,8.4,14224708,28927600,119.49,332.87,0.4,-0.2,0.4,강한매수,장대양봉,완만한상승,0.75,3.2,2026-08-14
SRPT,0.5,18.1,1561239,2849741,28.26,54.09,0.5,-1.1,-0.7,중립,망치형,잔구간,0.72,0.63,2026-08-14
SSP,0.5,3.45,533508,978804,1.84,2.6,0.7,0.0,3.0,매수관심,양봉,완만한상승,0.71,1.85,2026-08-14
SRTA,0.5,5.9,612310,1152093,3.61,7.59,0.5,0.0,-1.2,중립,음봉,잔구간,0.23,-0.51,2026-08-14
AVPT,0.5,13.48,1249731,2365214,16.85,29.42,0.6,0.2,-2.2,매도주의,장대음봉,잔구간,0.19,-1.185,2026-08-14
ARDX,0.5,4.06,3978332,7724824,16.15,28.7,0.6,0.5,3.3,매수관심,장대양봉,잔구간,0.95,1.27,2026-08-14
STGW,0.5,9.12,734311,1559602,6.7,18.18,0.4,0.3,-2.4,매도주의,장대음봉,잔구간,0.13,-1.22,2026-08-14
GBTG,0.5,9.46,498666,1046235,4.72,14.05,0.3,-0.1,0.1,매수관심,양봉,완만한상승,0.5,1.6,2026-08-14
BBDC,0.5,9.31,593555,1226680,5.53,8.18,0.7,-1.2,-0.1,중립,팽이도지,잔구간,0.32,-0.11,2026-08-14
BBBY,0.5,4.35,1556979,2907750,6.77,15.94,0.4,2.3,-4.2,매도주의,장대음봉,잔구간,0.17,-1.2,2026-08-14
SPCG,0.5,18.65,1584240,3476958,29.55,66.44,0.4,-2.0,4.4,중립,양봉,잔구간,0.49,0.345,2026-08-14
SPCF,0.5,15.09,3656081,7664113,55.17,85.19,0.6,2.5,-4.1,중립,음봉,잔구간,0.52,-0.34,2026-08-14
TRIP,0.5,10.74,2356539,4752571,25.31,55.11,0.5,0.5,-2.5,매도주의,장대음봉,잔구간,0.1,-1.24,2026-08-14
RXST,0.5,6.89,488392,982195,3.37,6.26,0.5,0.4,-2.1,매도주의,장대음봉,잔구간,0.09,-1.245,2026-08-14
SHC,0.5,18.89,1558424,3331735,29.44,54.31,0.5,-0.3,-0.4,중립,음봉,잔구간,0.56,-0.315,2026-08-14
BGS,0.5,3.62,1321979,2729996,4.79,10.02,0.5,0.0,-1.6,중립,음봉,잔구간,0.33,-0.45,2026-08-14
TRIN,0.5,18.14,599184,1110289,10.87,24.27,0.4,-1.2,-0.3,중립,음봉,잔구간,0.07,-0.61,2026-08-14
UPWK,0.5,8.485,3200059,6536809,27.15,49.49,0.5,0.2,-2.2,중립,음봉,잔구간,0.36,-0.435,2026-08-14
TWO,0.5,12.04,1264529,2595024,15.22,61.31,0.2,0.0,0.1,강한매수,양봉,완만한상승,1.0,2.2,2026-08-14
TYGO,0.5,1.22,961322,1795205,1.17,3.78,0.3,-0.8,-2.4,중립,음봉,잔구간,0.37,-0.43,2026-08-14
PYXS,0.5,3.01,703830,1331511,2.12,6.84,0.3,-0.7,0.7,매수관심,팽이도지,완만한상승,0.68,1.12,2026-08-14
UAA,0.5,5.36,7109879,14114053,38.11,62.53,0.6,0.6,-0.4,중립,팽이도지,잔구간,0.56,0.035,2026-08-14
RLJ,0.5,10.99,1065208,2209887,11.71,24.85,0.5,-0.3,0.6,중립,위꼬리양봉,잔구간,0.34,-0.595,2026-08-14
RLMD,0.5,4.8,925432,1734682,4.44,7.32,0.6,-0.2,1.3,중립,양봉,잔구간,0.77,0.51,2026-08-14
RKT,0.5,14.76,18904290,34446160,279.03,412.44,0.7,-0.1,-1.8,매도주의,장대음봉,잔구간,0.23,-1.16,2026-08-14
RERE,0.5,4.55,398772,742238,1.81,3.49,0.5,-0.9,-0.2,중립,팽이도지,잔구간,0.59,0.055,2026-08-14
BKD,0.5,12.64,3583492,6529231,45.3,84.9,0.5,-0.3,1.0,중립,양봉,잔구간,0.51,0.355,2026-08-14
BIVI,0.5,1.4,2118574,4166908,2.97,22.67,0.1,-9.3,-1.1,중립,팽이도지,잔구간,0.57,0.04,2026-08-14
USA,0.5,6.07,706900,1429826,4.29,8.49,0.5,0.7,-0.8,매도주의,장대음봉,잔구간,0.0,-1.3,2026-08-14
ALEC,0.5,1.96,649021,1270896,1.27,3.25,0.4,0.0,-3.9,매도주의,장대음봉,잔구간,0.12,-1.23,2026-08-14
CGC,0.5,1.02,2296584,4827790,2.34,3.53,0.7,0.0,1.0,강한매수,양봉,완만한상승,1.0,2.2,2026-08-14
PHAT,0.5,9.58,969080,1935688,9.28,17.08,0.5,-0.5,4.9,강한매수,장대양봉,전고점돌파,0.98,4.08,2026-08-14
PLTD,0.5,5.27,16395058,31613428,86.4,209.48,0.4,0.0,3.1,매수관심,장대양봉,잔구간,1.0,1.3,2026-08-14
PEB,0.5,18.25,1057560,2244698,19.3,43.57,0.4,-0.2,0.4,중립,위꼬리양봉,완만한상승,0.4,-0.22,2026-08-14
PTIR,0.5,18.85,2313609,4333591,43.61,117.73,0.4,0.5,-6.1,매도주의,장대음봉,잔구간,0.03,-1.28,2026-08-14
PRTH,0.5,5.49,475482,883271,2.61,3.59,0.7,1.1,-2.3,중립,음봉,잔구간,0.13,-0.57,2026-08-14
PNNT,0.5,3.72,341399,746085,1.27,2.44,0.5,-1.3,-1.3,매도주의,장대음봉,잔구간,0.14,-1.215,2026-08-14
URG,0.5,1.35,3155710,5813819,4.26,8.37,0.5,0.7,0.0,중립,팽이도지,완만한상승,0.4,0.78,2026-08-14
WIT,0.5,1.94,2059356,4269554,4.0,11.41,0.4,0.5,-1.5,매도주의,장대음봉,잔구간,0.23,-1.16,2026-08-14
HOVR,0.5,1.97,583294,1174980,1.15,2.51,0.5,2.0,-3.0,매도주의,장대음봉,잔구간,0.11,-1.235,2026-08-14
EVH,0.5,4.68,2298973,4285320,10.76,15.62,0.7,0.2,0.2,중립,팽이도지,전고점부근,0.73,-0.17,2026-08-14
IHRT,0.5,2.95,388377,812520,1.15,2.72,0.4,0.3,-2.0,중립,음봉,잔구간,0.17,-0.55,2026-08-14
LYFT,0.5,17.48,6689227,14681294,116.93,223.27,0.5,0.5,1.5,매수관심,양봉,완만한상승,0.73,1.88,2026-08-14
LZ,0.5,5.62,2046053,4343326,11.5,26.09,0.4,0.0,-3.1,매도주의,장대음봉,잔구간,0.0,-1.3,2026-08-14
GPRE,0.5,15.59,707688,1515517,11.03,24.95,0.4,-0.3,0.6,매수관심,팽이도지,완만한상승,0.54,0.95,2026-08-14
MLTX,0.5,16.47,981603,2125671,16.17,28.12,0.6,-1.2,1.0,중립,양봉,잔구간,0.46,0.325,2026-08-14
DBRG,0.5,15.92,1540254,3045426,24.52,62.9,0.4,0.1,0.0,중립,팽이도지,완만한상승,0.29,0.65,2026-08-14
HCAT,0.5,1.85,919700,1783884,1.7,2.65,0.6,0.6,5.1,매수관심,장대양봉,잔구간,0.72,1.13,2026-08-14
LOFF,0.5,15.11,3024082,5950359,45.69,66.27,0.7,2.0,-4.0,중립,음봉,잔구간,0.52,-0.34,2026-08-14
DHC,0.5,8.38,1117012,2127960,9.36,22.05,0.4,0.1,0.0,중립,팽이도지,완만한상승,0.31,0.67,2026-08-14
VERX,0.5,12.72,1447960,2757608,18.42,41.31,0.4,0.2,-4.1,매도주의,장대음봉,잔구간,0.11,-1.235,2026-08-14
CRCT,0.5,5.76,541564,1040623,3.12,6.81,0.5,-0.2,-2.7,매도주의,장대음봉,잔구간,0.11,-1.235,2026-08-14
UTZ,0.5,14.17,956973,2081657,13.56,34.43,0.4,0.0,0.1,강한매수,양봉스프링,전고점돌파,1.0,3.6,2026-08-14
ALTO,0.5,4.18,1291676,2414016,5.4,11.33,0.5,-1.2,0.7,중립,양봉,잔구간,0.46,0.325,2026-08-14
XXI,0.5,4.78,616430,1121174,2.95,6.03,0.5,-0.8,-3.6,매도주의,장대음봉,잔구간,0.14,-1.215,2026-08-14
CMPS,0.5,13.45,1357321,2890236,18.26,42.15,0.4,-0.2,1.4,중립,양봉,잔구간,0.93,0.61,2026-08-14
OABI,0.5,3.38,554415,1056877,1.87,2.86,0.7,-0.9,-0.6,중립,팽이도지,잔구간,0.53,0.02,2026-08-14
OFAL,0.5,1.09,2750563,5711535,3.0,28.6,0.1,-14.1,-22.1,매도주의,장대음봉,잔구간,0.2,-1.18,2026-08-14
PACB,0.5,1.15,3933012,7612826,4.52,9.75,0.5,0.0,0.0,중립,팽이도지,잔구간,0.45,-0.03,2026-08-14
OSG,0.5,4.9,443114,819585,2.17,2.93,0.7,0.2,3.8,매수관심,장대양봉,잔구간,0.86,1.215,2026-08-14
ECAT,0.5,15.48,326579,603122,5.06,9.61,0.5,-1.8,-0.5,중립,음봉,잔구간,0.0,-0.65,2026-08-14
ECC,0.5,3.86,531705,1057397,2.05,3.97,0.5,-0.5,0.3,중립,팽이도지,잔구간,0.5,0.0,2026-08-14
WLDS,0.5,2.9,428475,854263,1.24,5.42,0.2,1.1,0.7,매수관심,양봉스프링,잔구간,0.79,0.925,2026-08-14
IAUX,0.5,1.67,6244269,13547107,10.43,20.54,0.5,1.8,-0.6,매도주의,위꼬리음봉,완만한상승,0.17,-1.0,2026-08-14
INTR,0.5,5.19,4406571,9355237,22.87,39.26,0.6,1.7,-2.3,매도주의,장대음봉,잔구간,0.33,-1.1,2026-08-14
KVYO,0.5,18.49,5012506,9375315,92.68,168.96,0.5,-0.3,-3.5,매도주의,장대음봉,잔구간,0.26,-1.145,2026-08-14
EVC,0.5,9.01,1110047,2290153,10.0,24.94,0.4,0.0,1.5,중립,양봉,잔구간,0.49,0.345,2026-08-14
EU,0.5,1.21,1905420,3472542,2.31,5.02,0.5,3.5,2.5,강한매수,양봉,완만한상승,0.83,2.0,2026-08-14
LEG,0.5,9.66,911315,1728043,8.8,17.72,0.5,0.4,-0.8,중립,음봉,잔구간,0.32,-0.46,2026-08-14
HIMX,0.5,15.23,846380,1782811,12.89,26.03,0.5,0.3,3.6,강한매수,장대양봉,완만한상승,0.95,3.44,2026-08-14
EGHT,0.5,2.08,686482,1508929,1.43,3.98,0.4,-0.5,-0.5,중립,망치형,잔구간,0.71,0.625,2026-08-14
KPTI,0.5,2.02,886922,1794238,1.79,8.48,0.2,-1.0,2.5,매수관심,양봉,완만한상승,0.56,1.67,2026-08-14
FIP,0.5,4.51,774461,1481420,3.49,8.54,0.4,-0.6,-2.6,중립,음봉,잔구간,0.37,-0.43,2026-08-14
WTI,0.4,3.67,2027411,5646500,7.44,17.21,0.4,0.8,0.5,매수관심,팽이도지,완만한상승,0.52,0.92,2026-08-14
XPOF,0.4,4.87,489831,1173275,2.39,9.26,0.3,-0.6,0.6,중립,위꼬리양봉,잔구간,0.21,-0.675,2026-08-14
CX,0.4,11.06,3779098,10194339,41.8,88.22,0.5,0.1,-0.3,매도주의,위꼬리음봉,전저점부근,0.24,-1.06,2026-08-14
ANGI,0.4,4.72,499943,1156618,2.36,5.41,0.4,0.0,-2.3,중립,음봉,잔구간,0.07,-0.61,2026-08-14
SPAX,0.4,9.12,2288269,6304593,20.87,43.9,0.5,2.5,-4.5,중립,음봉,잔구간,0.51,-0.345,2026-08-14
SMCL,0.4,19.51,917291,2039196,17.9,20.84,0.9,0.2,2.7,매수관심,양봉,완만한상승,0.58,1.7,2026-08-14
AVO,0.4,13.06,339545,765455,4.43,11.35,0.4,-0.1,0.3,매수관심,팽이도지,완만한상승,0.58,1.0,2026-08-14
ARIS,0.4,17.89,733031,1878352,13.11,30.99,0.4,1.8,1.0,매수관심,양봉,완만한상승,0.56,1.67,2026-08-14
SWIM,0.4,7.32,526444,1329880,3.85,9.66,0.4,-0.3,-2.9,매도주의,장대음봉,잔구간,0.06,-1.265,2026-08-14
CRMG,0.4,6.13,1773410,4079408,10.87,28.09,0.4,2.2,-7.0,매도주의,장대음봉,잔구간,0.11,-1.235,2026-08-14
PTON,0.4,5.63,3984706,9785418,22.43,66.8,0.3,0.4,0.9,매수관심,양봉,완만한상승,0.44,1.53,2026-08-14
BTG,0.4,5.14,12786619,32518136,65.72,147.14,0.4,1.8,-0.4,매도주의,위꼬리음봉,완만한상승,0.19,-0.97,2026-08-14
QDEL,0.4,14.3,917947,2351483,13.13,29.41,0.4,-1.5,-3.8,중립,음봉,잔구간,0.17,-0.55,2026-08-14
TTD,0.4,14.14,17560877,46032116,248.31,679.0,0.4,-0.4,-2.4,중립,음봉,잔구간,0.22,-0.52,2026-08-14
SION,0.4,6.46,2877413,7461975,18.59,54.67,0.3,-4.6,3.5,중립,양봉,잔구간,0.61,0.415,2026-08-14
SENS,0.4,7.81,449870,1012735,3.51,6.36,0.6,0.1,0.9,매수관심,팽이도지,완만한상승,0.62,1.04,2026-08-14
PSNL,0.4,14.04,1042770,2456299,14.64,35.42,0.4,-2.1,-0.5,중립,팽이도지,잔구간,0.29,-0.125,2026-08-14
BWEN,0.4,5.38,346149,826679,1.86,5.04,0.4,1.3,0.2,매수관심,팽이도지,완만한상승,0.61,1.03,2026-08-14
PEPG,0.4,2.99,615462,1459912,1.84,3.74,0.5,-1.0,1.4,강한매수,양봉스프링,완만한상승,0.93,2.92,2026-08-14
AIOT,0.4,3.11,1546228,3628100,4.81,11.59,0.4,0.0,-1.0,중립,음봉,잔구간,0.5,-0.35,2026-08-14
WWR,0.4,0.566,2778491,6214845,1.57,12.37,0.1,-2.5,-0.8,매도주의,위꼬리음봉,잔구간,0.15,-0.96,2026-08-14
INHD,0.4,8.46,442872,1217873,3.75,15.9,0.2,-11.1,-12.2,중립,음봉,잔구간,0.35,-0.44,2026-08-14
VREX,0.4,18.49,702306,1654152,12.99,39.47,0.3,0.2,-0.3,강한매도,장대음봉,전고점부근,0.29,-3.7,2026-08-14
LDI,0.4,0.897,1403599,3740560,1.26,3.48,0.4,-0.9,-4.3,매도주의,장대음봉,잔구간,0.2,-1.18,2026-08-14
FIGS,0.4,14.69,1451064,4035740,21.32,58.78,0.4,-2.2,1.2,중립,양봉,잔구간,0.76,0.505,2026-08-14
AHCO,0.4,5.81,2351306,5458827,13.66,42.47,0.3,0.0,1.9,중립,양봉,잔구간,0.56,0.385,2026-08-14
LYG,0.4,6.21,5368178,13886022,33.34,87.32,0.4,0.3,-0.2,중립,팽이도지,완만한상승,0.36,0.73,2026-08-14
NRGV,0.4,3.79,3698369,9061604,14.02,24.69,0.6,0.0,2.7,강한매수,양봉,완만한상승,0.89,2.07,2026-08-14
CMRC,0.4,2.19,552755,1377098,1.21,3.91,0.3,-0.9,-0.5,매도주의,위꼬리음봉,잔구간,0.17,-0.95,2026-08-14
CERT,0.4,8.0,1429348,3198926,11.43,35.76,0.3,1.3,-3.1,매도주의,장대음봉,수횡파,0.15,-1.82,2026-08-14
NXDR,0.4,2.58,1059553,2469967,2.73,7.0,0.4,1.2,-1.1,중립,음봉,완만한상승,0.26,-0.09,2026-08-14
UWMC,0.4,1.59,15386703,36705187,24.46,51.33,0.5,0.6,-3.0,중립,음봉,잔구간,0.33,-0.45,2026-08-14
NCI,0.4,12.21,318272,855205,3.89,8.94,0.4,2.2,-0.6,강한매수,망치형,완만한상승,0.78,2.24,2026-08-14
DCTH,0.4,16.73,529523,1220765,8.86,16.12,0.5,-0.3,-3.3,매도주의,장대음봉,잔구간,0.08,-1.25,2026-08-14
VISN,0.4,11.53,5036173,12509156,58.07,120.04,0.5,1.1,0.5,강한매수,양봉스프링,완만한상승,0.96,2.95,2026-08-14
VTEX,0.4,3.74,480961,1142864,1.8,4.25,0.4,0.0,-1.8,중립,음봉,전저점부근,0.23,-0.27,2026-08-14
EOLS,0.4,8.155,648718,1513782,5.29,10.03,0.5,0.0,1.7,매수관심,양봉,완만한상승,0.7,1.84,2026-08-14
EBS,0.4,4.59,1095416,2448083,5.03,9.53,0.5,0.2,2.0,중립,양봉,잔구간,0.64,0.435,2026-08-14
FNKO,0.3,6.14,760122,2463360,4.67,10.36,0.5,-0.3,3.0,강한매수,장대양봉,완만한상승,0.65,3.08,2026-08-14
SLN,0.3,13.72,824056,3051858,11.31,44.1,0.3,0.3,-2.1,중립,음봉,잔구간,0.36,-0.435,2026-08-14
SPCM,0.3,15.42,909748,2639091,14.03,30.95,0.5,2.4,-4.7,중립,음봉,잔구간,0.5,-0.35,2026-08-14
TTDU,0.3,1.425,1596159,5039564,2.27,7.09,0.3,-0.7,-5.0,중립,음봉,잔구간,0.2,-0.53,2026-08-14
REPL,0.3,14.97,2398900,7776954,35.91,118.56,0.3,0.0,-1.4,중립,음봉,잔구간,0.4,-0.41,2026-08-14
FUN,0.3,16.4,974137,3008882,15.98,49.67,0.3,0.8,-2.5,매도주의,장대음봉,잔구간,0.16,-1.205,2026-08-14
AKBA,0.3,0.873,2087494,6522422,1.82,5.98,0.3,0.0,0.3,중립,팽이도지,잔구간,0.49,-0.005,2026-08-14
CMPX,0.3,2.25,1362180,4095200,3.06,9.02,0.3,1.8,-2.2,매도주의,장대음봉,잔구간,0.29,-1.125,2026-08-14
MSFD,0.3,10.4,704665,2225975,7.33,31.8,0.2,0.0,0.3,매수관심,양봉,완만한상승,0.74,1.89,2026-08-14
HTZ,0.3,2.24,37214285,116482366,83.36,194.96,0.4,4.1,-8.2,매도주의,장대음봉,잔구간,0.12,-1.23,2026-08-14
EVTL,0.3,0.829,3755472,12172943,3.11,13.69,0.2,1.4,-2.4,중립,음봉,잔구간,0.41,-0.405,2026-08-14
SCKT,0.1,1.17,1122608,9995550,1.31,53.92,0.0,-4.4,-10.0,중립,음봉,잔구간,0.24,-0.505,2026-08-14
XHLD,0.1,5.88,1327971,19709182,7.81,54.42,0.1,1.9,5.0,매수관심,양봉,완만한상승,0.53,1.64,2026-08-14
