ticker,ratio,latest_close,latest_volume,baseline_volume,dollar_volume_M,avg_dollar_vol_10d_M,dollar_surge_x,signal_gap_%,intraday_chg_%,candle_signal,candle_shape,candle_pos,close_pos,candle_score,latest_date
SCKT,1521.0,0.931,78611627,51685,73.18,14.76,5.0,8.9,20.9,강한매수,양봉,전고점돌파,0.4,2.08,2026-10-05
MI,1205.1,7.0,166949686,138533,1168.65,0.25,4712.1,234.5,134.1,강한매수,양봉,전고점돌파,0.59,2.31,2026-10-05
AGMH,997.0,0.73,69171815,69380,50.5,0.15,328.3,15.0,-9.3,매도주의,위꼬리음봉,완만한상승,0.09,-1.09,2026-10-05
BEAT,691.3,0.654,404235129,584723,264.45,0.26,1033.1,72.6,-12.8,중립,위꼬리음봉,전고점돌파,0.15,-0.42,2026-10-05
OLOX,329.7,0.88,53730925,162982,47.28,0.75,63.4,0.6,4.0,강한매수,양봉,전고점돌파,0.73,2.48,2026-10-05
VEEA,236.7,5.72,66903106,282624,382.69,31.37,12.2,60.7,6.9,매수관심,팽이도지,전고점돌파,0.5,1.5,2026-10-05
SGLY,145.3,0.98,7546928,51943,7.4,0.11,65.2,1.4,32.2,매수관심,장대양봉,잔구간,0.67,1.1,2026-10-05
AFIF,103.5,9.25,9543414,92163,88.28,1.22,72.6,0.9,-0.9,매도주의,장대음봉,잔구간,0.27,-1.14,2026-10-05
ALEC,102.6,1.99,89983690,876718,179.07,1.96,91.2,50.6,-27.0,매도주의,장대음봉,잔구간,0.04,-1.275,2026-10-05
EHGO,81.9,0.678,9511317,116146,6.45,0.1,63.8,3.2,2.7,중립,위꼬리양봉,잔구간,0.2,-0.68,2026-10-05
APUS,70.4,4.59,33787435,479975,155.08,71.44,2.2,55.0,-8.0,매도주의,위꼬리음봉,잔구간,0.23,-0.91,2026-10-05
GOVX,59.0,0.32,11583753,196423,3.71,0.08,47.7,3.1,-3.1,매도주의,위꼬리음봉,전저점부근,0.06,-1.28,2026-10-05
CTVA,44.7,12.39,183237935,4099301,2270.32,450.71,5.0,-0.9,4.9,강한매수,장대양봉,전저점부근,0.73,4.029999999999999,2026-10-05
QTEX,27.8,1.54,122025117,4396570,187.92,16.44,11.4,18.6,18.0,강한매수,양봉,전고점돌파,0.8,2.56,2026-10-05
JAGX,26.1,4.73,21895700,838059,103.57,133.4,0.8,16.7,10.8,중립,위꼬리양봉,잔구간,0.33,-0.6,2026-10-05
QNME,24.1,0.579,23828499,989946,13.81,17.56,0.8,3.6,-0.1,중립,팽이도지,잔구간,0.45,-0.03,2026-10-05
DTSS,21.9,0.679,2532266,115703,1.72,0.24,7.0,-2.3,-17.1,강한매도,음봉,전저점이탈,0.03,-2.01,2026-10-05
PDSB,20.5,1.2,78550936,3831776,94.26,6.68,14.1,4.3,53.6,강한매수,장대양봉,전고점돌파,0.74,3.79,2026-10-05
JZXN,19.4,1.14,1352121,69792,1.54,0.12,13.2,0.9,0.0,매수관심,팽이도지,완만한상승,0.55,0.96,2026-10-05
HSCS,18.2,4.36,2136876,117335,9.32,0.69,13.6,-3.5,5.1,매수관심,양봉,완만한상승,0.44,1.53,2026-10-05
FLUX,17.4,0.515,4215223,242704,2.17,10.81,0.2,-27.0,10.3,중립,양봉,잔구간,0.62,0.42,2026-10-05
MOBX,15.8,0.65,5555226,351316,3.61,0.63,5.7,-0.3,-22.6,강한매도,장대음봉,전저점이탈,0.06,-3.28,2026-10-05
AUID,15.6,0.502,4073573,261127,2.04,0.49,4.2,0.9,13.3,강한매수,양봉,전고점돌파,0.53,2.24,2026-10-05
SLGB,15.4,0.301,6615785,430509,1.99,1.92,1.0,-2.7,7.7,중립,양봉,잔구간,0.68,0.46,2026-10-05
WHLR,13.9,1.09,6254497,449794,6.82,61.75,0.1,0.5,-47.6,강한매도,장대음봉,전저점이탈,0.0,-3.35,2026-10-05
HIPS,13.4,10.635,721657,53953,7.67,1.6,4.8,0.1,-0.4,중립,음봉,전저점부근,0.0,-0.55,2026-10-05
STFS,12.6,3.84,853012,67465,3.28,1.38,2.4,0.0,5.2,강한매수,장대양봉,완만한상승,0.89,3.37,2026-10-05
BTTC,10.9,0.625,32654470,2992034,20.41,44.05,0.5,17.8,-18.4,중립,음봉,잔구간,0.08,-0.6,2026-10-05
AISP,10.8,2.02,2450332,226976,4.95,10.19,0.5,1.4,-6.0,매도주의,위꼬리음봉,잔구간,0.05,-1.02,2026-10-05
ICU,10.3,3.55,599740,58353,2.13,0.38,5.7,-22.8,-1.9,중립,팽이도지,잔구간,0.37,-0.08,2026-10-05
DBCA,10.0,10.04,1029301,102867,10.33,0.96,10.8,0.1,0.1,강한매수,장대양봉,완만한상승,1.0,3.5,2026-10-05
CYCU,9.8,3.68,1353624,138106,4.98,19.18,0.3,-5.8,2.2,중립,위꼬리양봉,잔구간,0.44,-0.535,2026-10-05
CODX,9.5,1.1,1139715,120010,1.25,0.21,5.9,1.9,0.0,중립,위꼬리양봉,완만한상승,0.16,-0.51,2026-10-05
EWZS,9.3,15.73,6132152,661406,96.46,8.76,11.0,13.4,1.2,강한매수,양봉,전고점돌파,0.42,2.1,2026-10-05
NMAI,9.0,13.46,749232,83198,10.08,1.34,7.5,-0.2,-5.4,강한매도,장대음봉,전저점이탈,0.14,-3.18,2026-10-05
HLSQ,8.5,0.41,5705738,675003,2.34,0.56,4.2,-0.7,14.7,중립,양봉,잔구간,0.66,0.445,2026-10-05
NMTC,8.2,1.115,1003598,123084,1.12,0.17,6.6,5.4,-5.5,매도주의,위꼬리음봉,잔구간,0.06,-1.015,2026-10-05
OFAL,8.1,0.462,2841480,349962,1.31,1.88,0.7,3.0,-0.3,중립,팽이도지,잔구간,0.64,0.085,2026-10-05
AIFA,8.0,5.88,688906,86084,4.05,0.41,9.9,15.3,14.1,강한매수,장대양봉,전고점돌파,0.71,3.75,2026-10-05
VELO,7.7,9.57,7554556,980912,72.3,11.02,6.6,-8.3,-6.8,매도주의,음봉,전저점이탈,0.5,-1.45,2026-10-05
SGRX,7.6,1.12,1731781,229298,1.94,2.48,0.8,-16.7,6.7,중립,양봉,전저점이탈,0.62,0.09,2026-10-05
DBL,7.4,13.17,524477,71200,6.91,1.32,5.2,0.3,-4.0,강한매도,장대음봉,전저점이탈,0.18,-3.13,2026-10-05
ONEN,7.3,2.13,2588284,352629,5.51,1.15,4.8,19.8,-4.9,중립,망치형,잔구간,0.58,0.55,2026-10-05
ACB,7.2,4.46,4630944,645165,20.65,3.5,5.9,11.5,2.1,중립,위꼬리양봉,전고점돌파,0.46,0.45,2026-10-05
SSM,7.2,1.59,3315665,458641,5.27,18.92,0.3,-10.1,-32.9,매도주의,장대음봉,잔구간,0.16,-1.205,2026-10-05
NVAX,7.1,12.56,28701893,4048391,360.5,51.17,7.0,0.1,20.0,강한매수,장대양봉,전고점돌파,0.73,3.78,2026-10-05
BSBR,7.0,5.78,15752339,2236720,91.05,13.23,6.9,5.3,1.7,중립,양봉,전고점부근,0.85,0.67,2026-10-05
WDCX,7.0,16.03,8925791,1271487,143.08,52.13,2.7,6.5,5.2,강한매수,장대양봉,완만한상승,0.63,3.06,2026-10-05
SMX,6.8,3.9,555264,81440,2.17,1.72,1.3,-4.7,7.1,중립,양봉,잔구간,0.57,0.39,2026-10-05
RETO,6.7,1.95,18777186,2793949,36.62,13.15,2.8,31.9,-4.6,중립,팽이도지,잔구간,0.38,-0.07,2026-10-05
AGBK,6.7,6.74,785691,117752,5.3,0.88,6.0,11.0,11.2,강한매수,장대양봉,전고점돌파,0.83,3.9,2026-10-05
ANL,6.6,15.04,460575,70254,6.93,1.61,4.3,-1.9,1.6,중립,팽이도지,잔구간,0.47,-0.02,2026-10-05
SCIO,6.6,19.92,1072919,161802,21.37,3.86,5.5,-0.1,-0.2,중립,음봉,잔구간,0.27,-0.49,2026-10-05
LAKE,6.4,11.77,320951,50242,3.78,0.46,8.2,2.3,12.0,강한매수,장대양봉,전고점돌파,0.73,3.78,2026-10-05
BDRY,6.3,14.14,385337,60717,5.45,2.27,2.4,-1.1,0.7,중립,양봉,잔구간,0.53,0.37,2026-10-05
OLN,6.0,16.27,22316914,3701975,363.1,46.47,7.8,0.8,1.6,매수관심,팽이도지,완만한상승,0.66,1.09,2026-10-05
VERI,6.0,0.726,20066996,3333815,14.57,5.47,2.7,0.3,-3.4,매도주의,위꼬리음봉,전저점부근,0.0,-1.35,2026-10-05
STNE,5.7,11.54,29445304,5209561,339.8,45.58,7.5,13.9,6.1,강한매수,양봉,전고점돌파,0.56,2.27,2026-10-05
PAGS,5.6,10.95,18829081,3368127,206.18,28.41,7.3,14.2,6.3,강한매수,장대양봉,전고점돌파,0.73,3.78,2026-10-05
LHSW,5.6,0.547,2662449,472065,1.46,31.6,0.0,-1.5,18.1,매수관심,장대양봉,잔구간,0.82,1.19,2026-10-05
BCYC,5.5,4.01,1846467,337557,7.4,1.56,4.7,7.1,10.8,강한매수,장대양봉,전고점돌파,0.93,4.02,2026-10-05
AFYA,5.4,13.31,1768022,329513,23.53,5.21,4.5,9.3,-0.4,강한매수,망치형,완만한상승,0.83,2.3,2026-10-05
RGC,5.0,7.24,307532,62029,2.23,0.77,2.9,-1.5,7.7,강한매수,양봉,완만한상승,0.83,2.0,2026-10-05
PMTR,4.9,10.43,315559,64734,3.29,1.1,3.0,0.1,0.0,중립,위꼬리양봉,완만한상승,0.0,-0.7,2026-10-05
ARCO,4.9,8.1,7135542,1456546,57.8,13.62,4.2,9.3,4.2,강한매수,양봉,전고점돌파,0.81,2.57,2026-10-05
ALDX,4.9,0.924,7027895,1431477,6.49,1.86,3.5,0.9,-21.7,강한매도,장대음봉,전저점이탈,0.09,-3.24,2026-10-05
KFII,4.8,10.695,337859,70942,3.61,1.1,3.3,0.2,-0.0,매수관심,음봉,전고점돌파,0.5,0.8,2026-10-05
CWH,4.8,4.55,7792321,1606973,35.46,9.88,3.6,-2.4,-7.3,매도주의,음봉,전저점이탈,0.57,-1.37,2026-10-05
SBS,4.8,6.26,28765573,5964243,180.07,36.15,5.0,15.8,0.5,매수관심,팽이도지,전고점돌파,0.47,1.46,2026-10-05
CIG,4.7,2.38,17649703,3724010,42.01,9.03,4.7,10.7,0.0,매수관심,팽이도지,전고점돌파,0.29,1.25,2026-10-05
BNTC,4.7,9.23,584241,123053,5.39,1.78,3.0,0.2,2.6,중립,팽이도지,수횡파,0.48,0.58,2026-10-05
XZO,4.6,15.39,971228,210576,14.95,6.19,2.4,1.5,5.3,매수관심,장대양봉,잔구간,0.96,1.275,2026-10-05
NXH,4.6,2.06,11797565,2574302,24.3,8.62,2.8,-5.8,-20.8,강한매도,장대음봉,전저점이탈,0.07,-3.27,2026-10-05
SID,4.6,1.24,27753298,6045900,34.41,9.03,3.8,11.2,-3.9,중립,음봉,전고점돌파,0.19,0.43,2026-10-05
INTR,4.6,6.56,28306223,6196527,185.69,26.37,7.0,18.8,0.8,중립,위꼬리양봉,전고점돌파,0.14,0.07,2026-10-05
CMTG,4.5,1.18,2504253,556844,2.96,0.95,3.1,-0.8,-3.3,매도주의,음봉,전저점이탈,0.27,-1.73,2026-10-05
INTT,4.5,15.04,386549,85262,5.81,1.22,4.8,6.7,14.6,강한매수,장대양봉,전고점돌파,0.82,3.88,2026-10-05
KMLI,4.0,9.36,358497,90661,3.36,0.64,5.2,10.7,8.3,강한매수,장대양봉,전고점돌파,0.93,4.02,2026-10-05
BBD,4.0,4.33,127385620,31847099,551.58,105.43,5.2,15.3,2.9,강한매수,양봉,전고점돌파,0.67,2.4,2026-10-05
SXTC,3.9,2.08,950463,246073,1.98,0.66,3.0,-4.1,-10.0,중립,망치형,잔구간,0.6,0.56,2026-10-05
DXST,3.9,2.12,1491294,385780,3.16,13.53,0.2,-1.2,-11.3,매도주의,장대음봉,잔구간,0.04,-1.275,2026-10-05
PMAX,3.8,0.819,5116403,1336325,4.19,13.18,0.3,-6.4,2.9,중립,위꼬리양봉,전저점부근,0.36,-0.42,2026-10-05
PIM,3.8,2.97,347005,92411,1.03,0.28,3.7,-0.3,-0.3,매도주의,장대음봉,잔구간,0.0,-1.3,2026-10-05
PUSA,3.8,2.895,2963549,780627,8.58,3.86,2.2,3.8,-11.7,매도주의,장대음봉,잔구간,0.13,-1.22,2026-10-05
ELPC,3.8,13.92,2231278,591364,31.06,7.58,4.1,11.4,-2.9,매도주의,장대음봉,전고점돌파,0.04,-1.05,2026-10-05
RXRX,3.7,4.78,67278674,18162063,321.59,93.51,3.4,1.0,14.9,강한매수,장대양봉,전고점돌파,0.82,3.88,2026-10-05
CIFU,3.6,8.42,3121318,859449,26.28,8.21,3.2,1.3,-3.9,중립,망치형,잔구간,0.69,0.615,2026-10-05
AIXI,3.6,1.51,1240669,342066,1.87,15.05,0.1,-15.5,-1.3,매도주의,위꼬리음봉,잔구간,0.18,-0.94,2026-10-05
GOGO,3.5,2.14,4006990,1154395,8.57,2.84,3.0,0.0,1.4,강한매수,양봉,완만한상승,0.9,2.08,2026-10-05
NIQ,3.5,17.32,3681711,1042621,63.77,19.87,3.2,1.6,2.4,중립,양봉,잔구간,0.62,0.42,2026-10-05
IBIO,3.5,1.12,1126797,319243,1.26,0.68,1.9,1.3,-1.8,중립,팽이도지,잔구간,0.4,-0.06,2026-10-05
EDF,3.5,4.68,410983,118476,1.92,0.67,2.9,-0.2,-5.1,강한매도,장대음봉,전저점이탈,0.33,-2.95,2026-10-05
CMPX,3.4,0.961,15831951,4680927,15.21,9.8,1.6,6.2,5.6,중립,양봉,잔구간,0.64,0.435,2026-10-05
MATW,3.4,19.33,2813053,825296,54.38,17.76,3.1,0.0,0.2,매수관심,양봉스프링,잔구간,0.76,0.905,2026-10-05
ITUB,3.4,9.92,113279122,33243668,1123.73,229.47,4.9,14.4,0.9,중립,위꼬리양봉,전고점돌파,0.29,0.25,2026-10-05
PICS,3.4,11.62,1742505,512931,20.25,3.85,5.3,12.2,14.0,강한매수,장대양봉,전고점돌파,0.87,3.94,2026-10-05
FUTG,3.4,3.913,1087705,319298,4.26,1.94,2.2,1.3,13.4,강한매수,장대양봉,완만한상승,0.86,3.33,2026-10-05
ORGO,3.4,1.29,1834550,540433,2.37,0.7,3.4,-0.8,-2.3,매도주의,음봉,전저점이탈,0.24,-1.76,2026-10-05
ABEV,3.4,3.25,56472718,16836466,183.54,49.56,3.7,9.7,-0.9,중립,위꼬리음봉,전고점돌파,0.09,-0.49,2026-10-05
MBOT,3.3,1.07,1910284,575083,2.04,0.8,2.6,-0.9,-7.0,강한매도,장대음봉,전저점이탈,0.18,-3.13,2026-10-05
CRDL,3.3,1.32,2964890,886901,3.91,2.17,1.8,-0.7,-5.7,강한매도,장대음봉,전저점이탈,0.33,-2.95,2026-10-05
EBS,3.3,7.24,2347618,714003,17.0,5.91,2.9,3.2,10.9,강한매수,양봉,전고점돌파,0.66,2.39,2026-10-05
PAX,3.3,11.1,3102700,931287,34.44,9.26,3.7,5.5,3.1,강한매수,양봉,전고점돌파,0.8,2.56,2026-10-05
VALE,3.3,14.15,98935616,30150073,1399.94,389.98,3.6,7.0,-3.9,중립,장대음봉,전고점돌파,0.28,-0.76,2026-10-05
SUZ,3.2,8.43,7110290,2217564,59.94,21.47,2.8,0.0,-0.8,매도주의,위꼬리음봉,잔구간,0.24,-0.905,2026-10-05
RBBN,3.2,1.7,3948753,1245886,6.71,2.04,3.3,0.0,-4.0,중립,음봉,잔구간,0.46,-0.375,2026-10-05
TSMY,3.2,16.31,337022,106945,5.5,1.91,2.9,0.7,0.7,강한매수,양봉,전고점돌파,0.7,2.44,2026-10-05
CRVO,3.1,3.31,648749,208436,2.15,0.59,3.7,3.6,5.8,강한매수,장대양봉,전고점돌파,0.86,3.93,2026-10-05
HQH,3.1,19.58,511066,164739,10.01,3.4,2.9,-0.8,-0.4,강한매수,망치형,전저점부근,0.91,3.24,2026-10-05
CVM,3.1,2.42,796310,260705,1.93,0.48,4.0,3.5,1.3,중립,위꼬리양봉,전고점돌파,0.17,0.1,2026-10-05
WULX,3.1,12.63,1067176,342309,13.48,4.54,3.0,6.3,-14.5,매도주의,장대음봉,잔구간,0.19,-1.185,2026-10-05
TIMB,3.0,19.3,1369000,460130,26.42,8.96,2.9,11.0,-2.5,중립,음봉,전고점돌파,0.0,0.2,2026-10-05
KTF,3.0,8.04,758036,250137,6.09,3.35,1.8,0.0,-0.7,매도주의,장대음봉,잔구간,0.33,-1.1,2026-10-05
ACRS,3.0,4.27,7015490,2346320,29.96,14.23,2.1,-1.1,-1.6,중립,망치형,잔구간,0.59,0.555,2026-10-05
FATE,3.0,2.43,3381444,1117553,8.22,3.26,2.5,0.0,4.7,매수관심,양봉,완만한상승,0.49,1.59,2026-10-05
EARN,3.0,3.66,1008547,332291,3.69,1.14,3.2,0.0,-9.2,강한매도,장대음봉,전저점이탈,0.0,-3.35,2026-10-05
DNA,2.9,14.98,7690855,2614120,115.21,32.65,3.5,1.2,19.8,강한매수,장대양봉,전고점돌파,0.83,3.9,2026-10-05
SAN,2.9,13.9,20934183,7264233,290.99,107.69,2.7,1.8,2.2,매수관심,장대양봉,잔구간,0.92,1.25,2026-10-05
EGAN,2.9,5.97,705310,241791,4.21,1.81,2.3,-3.1,4.9,강한매수,장대양봉,완만한상승,0.91,3.39,2026-10-05
ENTX,2.9,2.62,1254986,430943,3.29,1.29,2.5,1.0,-9.3,매도주의,장대음봉,잔구간,0.0,-1.3,2026-10-05
AZUL,2.9,7.51,377470,130082,2.83,2.46,1.2,5.6,-3.2,중립,음봉,완만한상승,0.13,-0.24,2026-10-05
TNXP,2.9,8.07,1142963,387451,9.22,5.28,1.7,-1.0,-8.5,강한매도,장대음봉,전저점이탈,0.09,-3.24,2026-10-05
REXC,2.8,15.38,319648,114727,4.92,4.45,1.1,0.1,-0.6,중립,음봉,잔구간,0.58,-0.3,2026-10-05
NAUT,2.8,1.87,29556121,10647058,55.27,9.73,5.7,11.5,-14.4,중립,음봉,잔구간,0.09,-0.595,2026-10-05
VIV,2.7,12.62,2380114,891814,30.04,12.87,2.3,10.3,-0.9,중립,위꼬리음봉,전고점돌파,0.1,-0.48,2026-10-05
TAIL,2.7,9.72,347516,126925,3.38,1.41,2.4,-0.4,-0.1,강한매도,위꼬리음봉,전저점이탈,0.16,-2.66,2026-10-05
SLP,2.7,18.5,625309,235465,11.57,5.65,2.0,0.0,0.0,매수관심,양봉스프링,전고점부근,1.0,1.65,2026-10-05
SSPC,2.6,6.65,29540159,11487184,196.44,103.49,1.9,-0.1,-14.9,강한매도,장대음봉,전저점이탈,0.02,-3.33,2026-10-05
OPTX,2.6,9.8,1002392,383764,9.82,4.08,2.4,0.7,6.5,강한매수,양봉,전고점돌파,0.79,2.55,2026-10-05
RZLT,2.6,4.33,4197536,1616971,18.18,6.84,2.7,1.0,6.9,중립,양봉,잔구간,0.71,0.475,2026-10-05
LGOV,2.6,19.55,501199,193215,9.8,4.52,2.2,-0.4,-0.1,중립,팽이도지,잔구간,0.56,0.035,2026-10-05
IART,2.6,13.29,1859001,710923,24.71,14.03,1.8,-0.2,5.1,강한매수,양봉,완만한상승,0.83,2.0,2026-10-05
CRML,2.6,7.51,11744023,4585359,88.2,118.11,0.7,8.4,-1.4,중립,망치형,잔구간,0.75,0.65,2026-10-05
SUPX,2.5,6.45,792386,316270,5.11,4.11,1.2,-0.8,-2.3,매도주의,음봉,전저점이탈,0.25,-1.75,2026-10-05
DXC,2.5,11.66,6614495,2641070,77.13,27.99,2.8,-1.0,6.1,매수관심,장대양봉,잔구간,0.87,1.22,2026-10-05
NFE,2.5,5.87,988528,397551,5.8,6.15,0.9,-10.7,0.0,중립,팽이도지,잔구간,0.73,0.14,2026-10-05
ALVO,2.5,6.11,2899038,1153041,17.71,6.22,2.8,9.9,2.0,중립,위꼬리양봉,잔구간,0.33,-0.6,2026-10-05
GGB,2.5,5.17,30967004,12185156,160.1,57.62,2.8,8.4,-4.8,매도주의,장대음봉,전고점돌파,0.22,-0.84,2026-10-05
CPNG,2.5,14.2,34506731,13969061,490.0,194.67,2.5,0.7,2.3,강한매수,장대양봉,완만한상승,0.85,3.32,2026-10-05
NUVB,2.5,4.95,9965603,4031983,49.33,28.95,1.7,-0.4,-3.3,매도주의,음봉,전저점이탈,0.32,-1.67,2026-10-05
BRUN,2.5,14.33,3632933,1456376,52.06,25.38,2.1,-0.6,-12.7,강한매도,장대음봉,전저점이탈,0.08,-3.25,2026-10-05
BYRN,2.5,3.63,676548,269515,2.46,1.03,2.4,0.9,3.4,중립,양봉,잔구간,0.72,0.48,2026-10-05
CAPR,2.5,7.78,6771862,2656833,52.69,40.3,1.3,-2.2,-11.1,강한매도,장대음봉,전저점이탈,0.29,-3.0,2026-10-05
LSPD,2.4,10.21,2568447,1080138,26.22,9.24,2.8,0.4,3.5,강한매수,장대양봉,전고점돌파,1.0,4.1,2026-10-05
AAOZ,2.4,9.015,2068530,856709,18.65,11.13,1.7,-5.2,-5.7,강한매도,음봉,전저점이탈,0.03,-2.01,2026-10-05
CBRX,2.4,8.29,2061606,849834,17.09,4.89,3.5,10.5,6.7,중립,양봉,잔구간,0.65,0.44,2026-10-05
VTEX,2.4,3.79,1487250,610611,5.64,2.66,2.1,0.5,3.3,강한매수,양봉,전고점돌파,0.63,2.36,2026-10-05
ONCY,2.4,0.597,1939588,805281,1.16,0.74,1.6,0.8,-6.2,강한매도,장대음봉,전저점이탈,0.3,-2.99,2026-10-05
WBTN,2.4,10.46,650886,275213,6.81,3.11,2.2,0.7,-1.0,중립,음봉,잔구간,0.38,-0.42,2026-10-05
STGW,2.4,8.53,2864312,1206264,24.43,10.02,2.4,4.4,-2.3,중립,음봉,잔구간,0.19,-0.535,2026-10-05
BEAG,2.4,10.69,1695197,702048,18.12,19.66,0.9,-0.1,0.0,매도주의,위꼬리양봉,잔구간,0.0,-0.8,2026-10-05
BSCY,2.3,19.525,325271,140969,6.35,3.26,1.9,-0.1,0.1,중립,양봉,잔구간,0.92,0.6,2026-10-05
FTCA,2.3,6.85,1504134,652501,10.3,8.64,1.2,0.6,-0.6,중립,음봉,완만한상승,0.43,0.12,2026-10-05
ZNTL,2.2,2.78,2994948,1362382,8.33,4.3,1.9,6.7,3.3,중립,양봉,잔구간,0.71,0.475,2026-10-05
AAOG,2.2,3.01,7171628,3252401,21.59,8.39,2.6,5.7,4.9,강한매수,양봉,전고점돌파,0.98,2.78,2026-10-05
FSMB,2.2,19.52,574636,260197,11.22,6.56,1.7,0.1,-0.1,중립,음봉,완만한상승,0.6,0.32,2026-10-05
BBWI,2.2,17.46,12391389,5693414,216.35,107.06,2.0,2.1,6.5,강한매수,장대양봉,전고점돌파,0.94,4.03,2026-10-05
SOPH,2.2,8.2,1181658,533706,9.69,4.34,2.2,0.4,1.2,매수관심,팽이도지,완만한상승,0.68,1.12,2026-10-05
CATX,2.2,2.57,3560749,1606422,9.15,6.24,1.5,-0.4,-6.5,중립,음봉,잔구간,0.26,-0.495,2026-10-05
VYGR,2.2,2.46,1391961,637343,3.42,1.84,1.9,-0.8,1.2,중립,팽이도지,잔구간,0.44,-0.035,2026-10-05
CBRZ,2.2,9.7,1225977,557385,11.89,5.02,2.4,-10.6,-8.4,매도주의,장대음봉,잔구간,0.37,-1.08,2026-10-05
CPSH,2.2,3.63,301252,134482,1.09,0.6,1.8,-1.0,-4.5,매도주의,음봉,전저점이탈,0.34,-1.64,2026-10-05
SNK,2.2,10.87,3414076,1571887,37.11,27.12,1.4,-0.1,-15.4,강한매도,장대음봉,전저점이탈,0.0,-3.35,2026-10-05
AVR,2.2,7.55,1892812,879379,14.29,7.08,2.0,-0.6,-1.4,중립,음봉,잔구간,0.49,-0.355,2026-10-05
FTMS,2.2,9.7,318373,147046,3.09,1.64,1.9,-0.1,-0.1,중립,음봉,잔구간,0.5,-0.35,2026-10-05
ARCT,2.2,14.66,1316537,611468,19.3,11.67,1.7,-0.2,12.7,매수관심,장대양봉,잔구간,0.8,1.18,2026-10-05
BHK,2.1,8.05,878651,410328,7.07,3.62,2.0,-0.4,-1.1,강한매도,장대음봉,전저점이탈,0.12,-3.21,2026-10-05
RDWU,2.1,5.66,1231760,595847,6.97,3.98,1.8,0.2,-8.1,매도주의,장대음봉,전저점부근,0.29,-1.5,2026-10-05
GRRR,2.1,12.25,878966,428391,10.77,6.38,1.7,-0.5,-6.5,강한매도,장대음봉,전저점이탈,0.05,-3.29,2026-10-05
AIB,2.1,1.62,6734856,3175775,10.91,6.57,1.7,-1.2,0.0,중립,팽이도지,잔구간,0.62,0.07,2026-10-05
MNTK,2.1,2.91,1811717,851132,5.27,3.0,1.8,0.3,1.0,중립,위꼬리양봉,완만한상승,0.11,-0.57,2026-10-05
XIFR,2.1,10.19,1665251,805869,16.97,10.16,1.7,0.6,-2.5,매도주의,장대음봉,전저점부근,0.17,-1.65,2026-10-05
UUUG,2.1,2.5,999903,484894,2.5,1.55,1.6,2.0,0.0,중립,팽이도지,잔구간,0.53,0.02,2026-10-05
AVAH,2.1,12.37,4605254,2175622,56.97,36.77,1.5,0.5,-2.2,매도주의,장대음봉,수횡파,0.37,-1.56,2026-10-05
FTMN,2.1,8.22,583609,279104,4.8,2.41,2.0,0.4,0.0,매수관심,양봉스프링,잔구간,0.8,0.93,2026-10-05
FHTX,2.1,2.0,987959,472691,1.98,6.11,0.3,0.5,-1.5,매도주의,위꼬리음봉,잔구간,0.14,-0.965,2026-10-05
ETJ,2.1,8.14,373208,181145,3.04,1.32,2.3,-0.4,0.5,매수관심,양봉,완만한상승,0.75,1.9,2026-10-05
FBIO,2.1,2.09,553819,264076,1.16,0.59,2.0,0.0,3.0,중립,양봉,잔구간,0.67,0.45,2026-10-05
UIS,2.0,2.32,1208257,604690,2.8,1.33,2.1,0.0,1.8,매수관심,양봉,완만한상승,0.5,1.6,2026-10-05
GILT,2.0,9.4,777250,391048,7.31,3.91,1.9,-0.3,-6.0,강한매도,장대음봉,전저점이탈,0.02,-3.33,2026-10-05
ALMS,2.0,6.84,3871899,1927700,26.48,16.29,1.6,2.0,-2.1,중립,음봉,잔구간,0.15,-0.56,2026-10-05
GLUE,2.0,10.27,1749262,858047,17.96,14.78,1.2,0.6,-2.7,중립,음봉,전저점부근,0.42,-0.05,2026-10-05
FTCI,2.0,1.94,628796,309885,1.22,1.24,1.0,0.9,-10.6,강한매도,장대음봉,전저점이탈,0.04,-3.3,2026-10-05
FDMT,2.0,12.92,2110579,1036990,27.27,16.9,1.6,1.4,-6.8,강한매도,장대음봉,전저점이탈,0.25,-3.05,2026-10-05
ASLE,2.0,4.95,932432,463228,4.62,2.37,2.0,-0.4,-1.4,매도주의,음봉,전저점이탈,0.46,-1.5,2026-10-05
ELME,2.0,1.75,2991756,1460178,5.24,2.68,2.0,0.0,-0.6,매도주의,장대음봉,잔구간,0.0,-1.3,2026-10-05
AGGH,2.0,18.76,444673,225884,8.34,9.43,0.9,-0.6,-0.4,매도주의,장대음봉,잔구간,0.0,-1.3,2026-10-05
BKT,2.0,9.53,338585,169987,3.23,1.97,1.6,-0.9,-0.3,매도주의,위꼬리음봉,잔구간,0.12,-0.98,2026-10-05
CRMU,2.0,2.15,1421202,727186,3.06,3.68,0.8,15.9,-1.8,중립,망치형,잔구간,0.78,0.67,2026-10-05
BLW,2.0,11.68,482834,247379,5.64,3.64,1.5,-0.6,0.3,중립,위꼬리양봉,잔구간,0.25,-0.65,2026-10-05
QDEL,2.0,12.14,2693172,1378018,32.7,15.33,2.1,0.8,11.8,강한매수,장대양봉,전고점돌파,0.81,3.87,2026-10-05
PRMB,2.0,19.88,5914646,3025034,117.58,65.86,1.8,-0.6,2.5,강한매수,장대양봉,완만한상승,0.77,3.22,2026-10-05
HYEM,2.0,19.32,347351,172432,6.71,2.94,2.3,0.1,0.2,중립,양봉,잔구간,1.0,0.65,2026-10-05
EMD,2.0,9.18,457373,229395,4.2,2.31,1.8,-0.6,-0.4,매도주의,음봉,전저점이탈,0.53,-1.41,2026-10-05
KT,2.0,19.01,3164562,1594990,60.16,26.87,2.2,0.3,0.1,매수관심,팽이도지,완만한상승,0.68,1.12,2026-10-05
ASG,2.0,5.16,454949,225485,2.35,1.17,2.0,0.8,0.8,강한매수,양봉,전고점돌파,0.95,2.74,2026-10-05
APLX,2.0,6.995,6844840,3465075,47.88,22.63,2.1,2.2,-7.2,매도주의,장대음봉,잔구간,0.35,-1.09,2026-10-05
TSLZ,2.0,10.66,2943515,1448796,31.38,28.13,1.1,0.6,-5.0,중립,음봉,잔구간,0.16,-0.555,2026-10-05
NU,2.0,15.18,180502129,91318810,2740.02,1080.82,2.5,11.5,1.3,강한매수,양봉,전고점돌파,0.55,2.26,2026-10-05
NNBR,2.0,4.24,3192447,1636363,13.54,16.83,0.8,1.8,-7.6,매도주의,장대음봉,잔구간,0.08,-1.25,2026-10-05
IHRT,1.9,2.05,1124177,589403,2.3,1.5,1.5,0.0,5.7,중립,양봉,잔구간,0.95,0.62,2026-10-05
USA,1.9,5.81,1777209,936625,10.33,5.56,1.9,-0.5,0.3,중립,위꼬리양봉,잔구간,0.39,-0.565,2026-10-05
EQ,1.9,1.45,795619,422845,1.15,1.61,0.7,-2.8,5.8,중립,양봉,잔구간,0.97,0.63,2026-10-05
SVIA,1.9,4.47,2633197,1363994,11.77,8.98,1.3,0.2,4.2,매수관심,양봉,완만한상승,0.52,1.62,2026-10-05
FRA,1.9,10.29,336410,178529,3.46,1.66,2.1,-0.4,-1.5,강한매도,장대음봉,전저점이탈,0.33,-2.95,2026-10-05
FDD,1.9,18.81,348916,186981,6.56,4.48,1.5,-0.5,0.3,중립,양봉,잔구간,0.89,0.585,2026-10-05
FSSL,1.9,11.66,435948,233989,5.08,2.99,1.7,-0.7,-1.0,중립,음봉,잔구간,0.31,-0.465,2026-10-05
VGZ,1.9,2.61,4130247,2137943,10.78,8.46,1.3,0.4,-2.6,중립,음봉,수횡파,0.19,-0.47,2026-10-05
GAU,1.9,1.99,4330818,2258116,8.62,4.61,1.9,0.5,-0.5,매수관심,팽이도지,완만한상승,0.5,0.9,2026-10-05
DLO,1.9,14.52,2571612,1323434,37.34,22.17,1.7,8.0,-2.2,중립,음봉,전고점돌파,0.11,0.33,2026-10-05
SCTX,1.9,16.21,1107731,572613,17.96,12.99,1.4,2.3,-5.6,강한매수,망치형,전저점부근,0.74,3.04,2026-10-05
SBC,1.9,5.34,344013,181008,1.84,1.07,1.7,1.6,3.3,강한매수,장대양봉,전고점돌파,0.87,3.94,2026-10-05
CRBU,1.9,1.19,1546867,831849,1.84,1.06,1.7,0.0,-2.5,매도주의,음봉,전저점이탈,0.29,-1.7,2026-10-05
PZZA,1.9,19.54,2511480,1296746,49.07,25.87,1.9,0.2,0.4,매수관심,양봉스프링,잔구간,0.82,0.94,2026-10-05
PGEN,1.9,7.74,10254123,5488552,79.37,44.76,1.8,-0.4,-9.0,매도주의,장대음봉,잔구간,0.18,-1.19,2026-10-05
GT,1.9,4.68,14672500,7759416,68.67,48.28,1.4,0.0,-3.3,강한매도,장대음봉,전저점이탈,0.28,-3.01,2026-10-05
HUN,1.9,8.84,4778075,2459432,42.24,20.84,2.0,-1.1,4.7,강한매수,장대양봉,완만한상승,0.79,3.25,2026-10-05
VIR,1.9,11.78,3147232,1655683,37.07,19.42,1.9,0.0,5.5,강한매수,장대양봉,전고점돌파,0.91,3.99,2026-10-05
IQMX,1.8,10.56,322589,183343,3.41,2.76,1.2,1.8,0.2,강한매수,양봉스프링,완만한상승,0.9,2.88,2026-10-05
CBRG,1.8,2.76,42204867,23762381,116.49,51.77,2.2,10.6,6.2,중립,양봉,잔구간,0.62,0.42,2026-10-05
CARS,1.8,9.7,1034481,569277,10.03,7.55,1.3,-1.2,-2.1,매도주의,장대음봉,잔구간,0.0,-1.3,2026-10-05
JRVR,1.8,3.43,595866,329411,2.04,1.19,1.7,0.0,-1.7,중립,음봉,잔구간,0.41,-0.405,2026-10-05
TLS,1.8,4.43,1100363,608448,4.87,2.52,1.9,0.7,5.0,강한매수,장대양봉,전고점돌파,0.65,3.68,2026-10-05
TTGT,1.8,3.65,661706,369716,2.42,1.38,1.8,-0.3,2.5,중립,양봉,잔구간,0.5,0.35,2026-10-05
UGP,1.8,7.77,8833044,4927660,68.63,31.97,2.1,8.2,-3.6,중립,음봉,전고점돌파,0.11,0.33,2026-10-05
RZLV,1.8,2.23,16698297,9297421,37.24,19.9,1.9,8.3,0.0,중립,팽이도지,잔구간,0.62,0.07,2026-10-05
FOSL,1.8,7.22,1613935,875862,11.65,5.6,2.1,0.7,5.4,강한매수,장대양봉,전고점돌파,0.77,3.82,2026-10-05
POWW,1.8,2.24,707565,404275,1.58,1.05,1.5,-0.4,-1.8,중립,음봉,잔구간,0.14,-0.565,2026-10-05
PAYO,1.8,7.15,4337242,2382115,31.01,17.65,1.8,0.0,0.0,매수관심,팽이도지,완만한상승,0.5,0.9,2026-10-05
XRPZ,1.8,16.31,959628,533445,15.65,13.51,1.2,3.1,-1.0,중립,음봉,완만한상승,0.46,0.15,2026-10-05
BZAI,1.8,0.436,2846344,1607482,1.24,1.03,1.2,-1.0,-8.2,강한매도,장대음봉,전저점이탈,0.22,-3.09,2026-10-05
SMB,1.8,16.93,568652,323404,9.63,6.13,1.6,0.3,-0.2,매도주의,장대음봉,잔구간,0.4,-1.06,2026-10-05
PANL,1.8,8.53,581140,316475,4.96,3.1,1.6,0.2,0.9,매수관심,팽이도지,전고점돌파,0.66,1.69,2026-10-05
SY,1.8,2.74,481789,268119,1.32,0.9,1.5,-0.7,0.4,중립,위꼬리양봉,수횡파,0.32,-0.62,2026-10-05
SUIL,1.8,14.23,580873,327614,8.27,3.69,2.2,15.9,-3.1,중립,음봉,완만한상승,0.54,0.25,2026-10-05
AUTL,1.8,1.83,2521524,1429263,4.61,2.82,1.6,0.0,2.8,매수관심,양봉,완만한상승,0.73,1.88,2026-10-05
EVMN,1.8,6.65,1365172,765898,9.08,7.35,1.2,-0.9,-3.1,매도주의,음봉,전저점이탈,0.19,-1.82,2026-10-05
BCBP,1.8,8.46,529864,296645,4.48,3.76,1.2,0.0,-0.5,중립,음봉,전저점부근,0.14,-0.38,2026-10-05
BGS,1.8,2.54,4301281,2326289,10.93,6.29,1.7,-0.4,-5.2,강한매도,장대음봉,전저점이탈,0.35,-2.93,2026-10-05
BDTX,1.8,1.94,839141,456235,1.63,1.05,1.5,0.5,2.1,중립,양봉,전고점부근,0.87,0.69,2026-10-05
DRN,1.8,8.11,2500107,1422119,20.28,14.11,1.4,-0.6,-0.6,중립,팽이도지,잔구간,0.45,-0.03,2026-10-05
DYN,1.8,15.44,4377363,2420108,67.59,46.52,1.5,0.7,0.8,중립,양봉,잔구간,0.78,0.52,2026-10-05
NVDS,1.8,16.52,483385,266306,7.99,4.03,2.0,-1.2,-1.8,강한매도,장대음봉,전저점이탈,0.24,-3.06,2026-10-05
ADCT,1.8,1.23,1752161,969628,2.16,1.6,1.4,-0.9,9.8,매수관심,장대양봉,잔구간,0.8,1.18,2026-10-05
ESRT,1.8,4.23,7444278,4069824,31.49,18.22,1.7,-0.7,2.2,강한매수,양봉,전고점돌파,0.78,2.54,2026-10-05
CRTO,1.8,14.5,561591,318904,8.14,4.54,1.8,-0.9,-0.7,중립,망치형,잔구간,0.58,0.55,2026-10-05
BITI,1.8,17.18,2008416,1107136,34.5,26.45,1.3,-2.1,0.5,중립,팽이도지,잔구간,0.59,0.055,2026-10-05
VRDN,1.8,19.0,2651202,1460130,50.37,39.43,1.3,0.1,-2.1,중립,음봉,잔구간,0.22,-0.52,2026-10-05
ZVRA,1.8,10.7,1977765,1126495,21.16,10.43,2.0,0.2,6.9,매수관심,장대양봉,잔구간,0.87,1.22,2026-10-05
GPK,1.8,8.61,10975837,5968921,94.5,63.83,1.5,-2.2,0.2,중립,팽이도지,전저점이탈,0.66,-0.56,2026-10-05
IFRX,1.8,1.68,701007,384928,1.18,0.79,1.5,-1.2,-1.2,매도주의,음봉,전저점이탈,0.43,-1.53,2026-10-05
SPRO,1.7,1.16,942724,550492,1.09,1.79,0.6,-1.7,-0.9,강한매도,위꼬리음봉,전저점이탈,0.2,-2.61,2026-10-05
AHCO,1.7,5.74,3264127,1880958,18.74,11.84,1.6,-1.4,4.0,강한매수,장대양봉,완만한상승,0.72,3.16,2026-10-05
LOMA,1.7,9.77,707650,423314,6.91,4.08,1.7,1.0,5.6,강한매수,장대양봉,전고점돌파,0.91,3.99,2026-10-05
SANA,1.7,2.88,5394073,3146674,15.53,10.68,1.5,0.3,-0.7,중립,팽이도지,수횡파,0.55,0.66,2026-10-05
ASTI,1.7,2.46,487893,294132,1.2,0.89,1.4,1.3,5.1,중립,양봉,잔구간,0.74,0.495,2026-10-05
LTGO,1.7,16.63,589998,356637,9.81,7.49,1.3,1.0,3.5,중립,양봉,잔구간,0.63,0.43,2026-10-05
CANE,1.7,12.19,556810,324133,6.79,5.31,1.3,2.6,0.5,강한매수,양봉,전고점돌파,0.93,2.72,2026-10-05
LULG,1.7,3.57,1314038,769567,4.69,2.77,1.7,-0.3,-2.5,중립,음봉,전저점부근,0.62,0.19,2026-10-05
CHRS,1.7,1.12,2009495,1202786,2.25,2.02,1.1,0.0,-3.4,중립,음봉,잔구간,0.5,-0.35,2026-10-05
CTNT,1.7,3.13,1766068,1035775,5.53,6.58,0.8,13.0,5.7,중립,양봉,잔구간,0.86,0.565,2026-10-05
NNVC,1.7,1.45,708539,419992,1.03,0.99,1.0,0.8,12.4,강한매수,장대양봉,완만한상승,0.77,3.22,2026-10-05
BCE,1.7,19.74,7154012,4312014,141.22,92.82,1.5,-0.2,0.2,강한매수,양봉스프링,전저점부근,1.0,3.85,2026-10-05
TKNO,1.7,9.0,480126,289957,4.32,3.05,1.4,-0.9,1.0,중립,팽이도지,잔구간,0.63,0.08,2026-10-05
XRX,1.7,3.02,3016939,1813896,9.11,6.19,1.5,-0.7,0.7,중립,팽이도지,잔구간,0.65,0.09,2026-10-05
QTRX,1.7,3.81,1032178,607131,3.93,1.99,2.0,0.5,4.1,강한매수,양봉,전고점돌파,0.69,2.43,2026-10-05
AKBA,1.7,0.91,7505272,4448060,6.83,5.39,1.3,0.6,4.7,중립,양봉,잔구간,0.87,0.57,2026-10-05
WWW,1.7,18.94,1125814,662334,21.32,12.66,1.7,-1.2,-0.2,중립,팽이도지,수횡파,0.43,0.52,2026-10-05
SPCU,1.7,17.0,1776585,1056483,30.2,14.72,2.1,0.2,15.4,강한매수,장대양봉,전고점돌파,1.0,4.1,2026-10-05
CRNC,1.7,8.0,856569,515939,6.85,4.14,1.7,-1.1,0.0,매수관심,양봉스프링,잔구간,0.79,0.925,2026-10-05
MGPI,1.7,12.77,389503,227954,4.97,4.35,1.1,-0.4,0.2,중립,팽이도지,잔구간,0.5,0.0,2026-10-05
MBGL,1.7,17.59,8118111,4869670,142.8,74.58,1.9,0.6,1.6,중립,양봉,잔구간,0.79,0.525,2026-10-05
CWK,1.7,11.85,4764680,2774569,56.46,30.4,1.9,-0.4,-0.2,중립,팽이도지,잔구간,0.29,-0.125,2026-10-05
ENIC,1.7,4.31,689006,415613,2.97,2.24,1.3,0.2,3.1,중립,양봉,잔구간,0.74,0.495,2026-10-05
MYGN,1.7,4.58,2759838,1623883,12.64,7.46,1.7,-0.7,1.6,중립,양봉,전고점부근,0.83,0.65,2026-10-05
NAGE,1.7,2.68,865142,515219,2.32,1.78,1.3,0.0,-3.9,매도주의,장대음봉,잔구간,0.12,-1.23,2026-10-05
APLE,1.7,16.4,3447035,2014797,56.53,39.09,1.4,0.1,-0.7,중립,음봉,잔구간,0.48,-0.36,2026-10-05
USOY,1.7,7.25,699004,421888,5.07,3.46,1.5,-0.9,-1.0,중립,음봉,잔구간,0.21,-0.525,2026-10-05
PWRL,1.7,12.4,305256,179250,3.79,2.11,1.8,-0.5,9.3,강한매수,장대양봉,전고점돌파,0.77,3.82,2026-10-05
RGNX,1.6,7.76,2353594,1515500,18.26,10.67,1.7,5.0,-0.5,중립,팽이도지,완만한상승,0.32,0.68,2026-10-05
PK,1.6,15.26,5086470,3253294,77.62,46.98,1.7,-0.3,-1.4,중립,음봉,잔구간,0.25,-0.5,2026-10-05
PCT,1.6,4.09,9552560,6035414,39.07,30.44,1.3,-1.6,-5.3,매도주의,음봉,전저점이탈,0.46,-1.5,2026-10-05
TSL,1.6,14.35,331737,202786,4.76,4.9,1.0,-1.1,3.9,매수관심,장대양봉,잔구간,0.84,1.205,2026-10-05
CMBT,1.6,19.99,1281260,793725,25.61,19.71,1.3,1.9,-1.2,매수관심,음봉,전고점돌파,0.59,0.91,2026-10-05
LZ,1.6,5.87,4033595,2586328,23.68,16.22,1.5,-0.4,5.2,강한매수,장대양봉,전고점부근,0.95,2.09,2026-10-05
CLF,1.6,12.2,25371762,15541954,309.54,197.28,1.6,0.4,7.4,매수관심,장대양봉,잔구간,0.7,1.12,2026-10-05
YSS,1.6,8.31,2505409,1607602,20.82,22.12,0.9,-2.3,-5.2,강한매도,장대음봉,전저점이탈,0.33,-2.95,2026-10-05
NVCR,1.6,15.2,1784684,1118065,27.13,17.56,1.5,-0.8,2.5,중립,양봉,잔구간,0.86,0.565,2026-10-05
YLD,1.6,18.28,365524,233945,6.68,4.72,1.4,-0.2,-0.2,중립,음봉,잔구간,0.13,-0.57,2026-10-05
GORO,1.6,3.25,1424416,863729,4.63,4.12,1.1,-0.3,0.0,매수관심,양봉스프링,잔구간,0.76,0.905,2026-10-05
GOW,1.6,4.33,2082273,1318724,9.02,23.3,0.4,0.6,11.2,중립,양봉,전고점부근,0.51,0.26,2026-10-05
IGR,1.6,11.51,613768,395808,7.06,4.3,1.6,-0.7,-0.4,강한매도,위꼬리음봉,전저점이탈,0.14,-2.68,2026-10-05
ODD,1.6,19.59,1178077,728454,23.08,14.62,1.6,1.1,2.6,중립,위꼬리양봉,전고점돌파,0.32,0.28,2026-10-05
PSNL,1.6,16.4,1702462,1088476,27.92,22.09,1.3,-1.0,1.7,매수관심,장대양봉,잔구간,0.84,1.205,2026-10-05
MICC,1.6,17.11,1001375,629906,17.13,13.28,1.3,-1.6,-0.5,중립,음봉,전저점부근,0.28,-0.21,2026-10-05
ONDG,1.6,2.18,5317250,3273229,11.59,10.01,1.2,11.1,-5.2,매도주의,장대음봉,완만한상승,0.17,-1.5,2026-10-05
NX,1.6,18.91,512403,326307,9.69,7.22,1.3,-0.1,-0.4,중립,팽이도지,잔구간,0.53,0.02,2026-10-05
SVOL,1.6,16.45,559681,346749,9.21,5.68,1.6,0.0,0.2,매수관심,팽이도지,완만한상승,0.42,0.8,2026-10-05
KLC,1.6,1.81,941997,593226,1.71,1.34,1.3,-1.1,-1.6,중립,음봉,전저점부근,0.0,-0.55,2026-10-05
HR,1.6,17.08,6121972,3826767,104.56,78.68,1.3,0.0,-2.2,강한매도,장대음봉,전저점이탈,0.1,-3.23,2026-10-05
FEAM,1.6,3.92,1184481,759119,4.64,2.88,1.6,0.0,1.0,중립,팽이도지,전고점부근,0.66,-0.26,2026-10-05
NMG,1.6,1.14,896289,552069,1.02,0.48,2.1,0.8,-4.2,매도주의,장대음봉,전저점부근,0.0,-1.85,2026-10-05
NAT,1.6,8.37,7360772,4507803,61.61,38.67,1.6,1.8,-2.4,중립,음봉,잔구간,0.38,-0.42,2026-10-05
BRCB,1.6,6.92,334066,208822,2.31,1.58,1.5,0.6,-1.1,중립,망치형,잔구간,0.58,0.55,2026-10-05
SLNH,1.6,1.03,9120223,5562345,9.39,7.5,1.3,0.9,-4.6,강한매도,장대음봉,전저점이탈,0.29,-3.0,2026-10-05
EDIT,1.6,2.79,3019176,1894324,8.42,6.62,1.3,0.0,6.5,강한매수,장대양봉,전고점부근,0.92,2.05,2026-10-05
NTWK,1.6,6.17,344966,213186,2.13,0.98,2.2,4.4,-0.6,매수관심,팽이도지,전고점돌파,0.33,1.3,2026-10-05
HOS,1.5,7.85,3808748,2615343,29.9,21.54,1.4,0.5,2.9,중립,양봉,잔구간,0.53,0.37,2026-10-05
ACRE,1.5,3.7,1084703,725571,4.01,2.78,1.4,0.0,-3.4,강한매도,장대음봉,전저점이탈,0.3,-2.99,2026-10-05
WULF,1.5,14.79,36728978,24393044,543.22,402.08,1.4,2.8,-7.1,매도주의,장대음봉,잔구간,0.18,-1.19,2026-10-05
BORR,1.5,4.15,7702618,5183410,31.97,23.9,1.3,0.5,5.6,매수관심,장대양봉,잔구간,0.85,1.21,2026-10-05
SIGA,1.5,3.48,964033,643797,3.35,2.24,1.5,0.6,2.4,중립,위꼬리양봉,완만한상승,0.29,-0.35,2026-10-05
SHC,1.5,18.55,2505983,1642271,46.49,30.91,1.5,0.3,1.5,매수관심,양봉,완만한상승,0.71,1.85,2026-10-05
DSP,1.5,12.14,633885,412775,7.7,5.81,1.3,0.0,-0.8,중립,팽이도지,잔구간,0.53,0.02,2026-10-05
NWG,1.5,17.5,5924624,4029630,103.68,68.07,1.5,-1.6,0.6,중립,양봉,잔구간,0.53,0.37,2026-10-05
HYT,1.5,7.8,1769580,1184079,13.8,9.52,1.4,-0.4,-0.1,중립,팽이도지,잔구간,0.56,0.035,2026-10-05
OGN,1.5,13.7,2881740,1955405,39.48,25.76,1.5,0.0,-0.1,중립,음봉,전저점부근,0.0,-0.55,2026-10-05
WOOF,1.5,2.18,3043958,2010744,6.64,5.08,1.3,-0.5,0.0,중립,팽이도지,잔구간,0.5,0.0,2026-10-05
AGNT,1.5,3.87,2515978,1643084,9.74,6.52,1.5,-0.5,6.6,강한매수,장대양봉,전고점돌파,0.94,4.03,2026-10-05
IBRX,1.5,10.38,16866948,11363653,175.08,140.28,1.2,4.6,-3.5,중립,음봉,완만한상승,0.37,0.04,2026-10-05
HUMA,1.5,0.5,6449385,4285838,3.22,2.1,1.5,-0.3,-3.8,중립,음봉,전저점부근,0.41,-0.06,2026-10-05
CTKB,1.5,6.09,1788138,1211836,10.89,8.77,1.2,0.2,3.6,강한매수,장대양봉,전고점돌파,0.95,4.04,2026-10-05
BABX,1.5,17.17,699517,471021,12.01,12.82,0.9,3.3,5.8,매수관심,장대양봉,잔구간,0.86,1.215,2026-10-05
NAC,1.5,9.99,2230879,1447954,22.29,19.32,1.2,-0.6,-1.8,강한매도,장대음봉,전저점이탈,0.13,-3.19,2026-10-05
CMPS,1.5,11.6,3772831,2582165,43.76,37.41,1.2,0.8,-3.3,중립,음봉,전저점부근,0.42,-0.05,2026-10-05
RWAY,1.5,6.44,403989,270794,2.6,1.83,1.4,-0.1,-1.6,강한매도,음봉,전저점이탈,0.0,-2.05,2026-10-05
FRNM,1.5,16.83,772773,513371,13.01,8.59,1.5,-0.2,3.4,강한매수,양봉,전고점돌파,0.76,2.51,2026-10-05
KTUP,1.5,3.98,822700,554159,3.27,2.81,1.2,2.9,-7.0,매도주의,장대음봉,전저점부근,0.17,-1.65,2026-10-05
FTNJ,1.5,8.25,402336,276843,3.32,2.44,1.4,0.1,-0.2,중립,음봉,잔구간,0.29,-0.475,2026-10-05
FTNY,1.5,7.32,535366,366656,3.92,2.36,1.7,0.7,-0.7,매도주의,장대음봉,잔구간,0.29,-1.125,2026-10-05
SABS,1.5,3.1,866272,592859,2.69,2.49,1.1,0.7,3.3,중립,양봉,잔구간,0.62,0.42,2026-10-05
TSLQ,1.5,16.88,5200188,3475914,87.78,83.3,1.1,0.8,-5.2,중립,음봉,잔구간,0.16,-0.555,2026-10-05
PDYN,1.5,5.12,1246576,833107,6.38,4.5,1.4,0.0,-3.9,매도주의,장대음봉,잔구간,0.12,-1.23,2026-10-05
SBRA,1.5,19.07,3713206,2399744,70.81,48.38,1.5,-0.7,0.2,중립,위꼬리양봉,잔구간,0.21,-0.675,2026-10-05
JBS,1.5,11.89,7782629,5295010,92.54,65.4,1.4,3.7,-1.7,중립,음봉,전고점돌파,0.35,0.62,2026-10-05
AMBP,1.5,4.44,1660572,1083275,7.37,5.9,1.2,-1.1,1.1,매수관심,양봉,완만한상승,0.59,1.71,2026-10-05
IRD,1.5,4.38,2537832,1658418,11.12,8.8,1.3,-0.2,-4.2,강한매도,장대음봉,전저점이탈,0.13,-3.19,2026-10-05
VFS,1.5,3.08,425860,279236,1.31,1.32,1.0,0.3,1.0,중립,양봉,잔구간,0.88,0.58,2026-10-05
AMPG,1.5,2.97,1102474,714768,3.27,2.22,1.5,-1.0,-1.7,매도주의,음봉,전저점이탈,0.52,-1.43,2026-10-05
JPC,1.5,6.63,3680597,2445593,24.4,17.46,1.4,-1.4,-2.6,매도주의,장대음봉,전저점부근,0.1,-1.73,2026-10-05
UPBD,1.5,15.72,1648332,1113960,25.91,16.92,1.5,0.0,-1.2,중립,음봉,잔구간,0.14,-0.565,2026-10-05
FJET,1.5,1.62,1659973,1136928,2.69,2.93,0.9,-1.2,-4.7,매도주의,음봉,전저점이탈,0.34,-1.64,2026-10-05
QFIN,1.5,6.555,3188927,2127149,20.9,15.39,1.4,0.9,0.5,중립,위꼬리양봉,잔구간,0.16,-0.705,2026-10-05
BTCT,1.5,1.22,1579322,1050030,1.93,3.17,0.6,0.9,5.2,매수관심,장대양봉,잔구간,1.0,1.3,2026-10-05
PLG,1.5,1.29,1052494,686436,1.36,1.23,1.1,0.0,2.4,중립,양봉,잔구간,0.75,0.5,2026-10-05
LYFT,1.5,15.73,11471548,7839250,180.45,118.88,1.5,-0.1,1.8,강한매수,장대양봉,전고점돌파,0.81,3.87,2026-10-05
LMRI,1.5,10.77,616167,410388,6.64,5.18,1.3,2.8,1.5,강한매수,양봉,전고점돌파,0.63,2.36,2026-10-05
DAPP,1.5,19.11,1459044,941544,27.88,27.84,1.0,1.0,-1.0,중립,음봉,잔구간,0.47,-0.37,2026-10-05
DFH,1.5,9.88,1533926,1004239,15.16,12.15,1.2,-1.5,-6.7,강한매도,장대음봉,전저점이탈,0.16,-3.16,2026-10-05
SEVN,1.5,6.84,304077,197234,2.08,1.29,1.6,0.9,0.4,중립,팽이도지,잔구간,0.39,-0.065,2026-10-05
AWF,1.5,9.48,439466,293933,4.17,3.08,1.4,0.3,-1.9,강한매도,장대음봉,전저점이탈,0.0,-3.35,2026-10-05
ETW,1.5,9.49,408894,264492,3.88,2.37,1.6,0.1,-0.1,중립,팽이도지,잔구간,0.63,0.08,2026-10-05
TIGR,1.5,4.4,2457530,1672177,10.81,9.2,1.2,1.2,4.5,매수관심,장대양봉,잔구간,0.71,1.125,2026-10-05
DKNG,1.5,19.6,25742334,16945664,504.55,371.0,1.4,3.6,1.8,중립,양봉,잔구간,0.51,0.355,2026-10-05
ERAS,1.5,14.72,5486349,3644487,80.76,61.93,1.3,0.0,-0.1,중립,망치형,잔구간,0.75,0.65,2026-10-05
CODI,1.5,11.06,863597,564675,9.55,6.13,1.6,-0.9,2.1,중립,양봉,잔구간,0.84,0.555,2026-10-05
MTA,1.5,9.32,362456,238176,3.38,2.46,1.4,0.5,0.9,매수관심,양봉스프링,잔구간,0.93,1.01,2026-10-05
OSS,1.5,8.33,1001983,670274,8.35,6.59,1.3,-0.1,-3.7,강한매도,장대음봉,전저점이탈,0.16,-3.16,2026-10-05
AVK,1.5,11.54,319481,213776,3.69,2.1,1.8,0.0,-0.3,매도주의,위꼬리음봉,잔구간,0.24,-0.905,2026-10-05
BBAR,1.5,13.27,946358,637811,12.56,7.55,1.7,4.4,2.7,매수관심,장대양봉,잔구간,0.7,1.12,2026-10-05
TAK,1.5,17.81,3404593,2268208,60.64,42.4,1.4,-0.4,0.2,중립,위꼬리양봉,전저점부근,0.37,-0.41,2026-10-05
EXG,1.5,9.34,791795,528376,7.4,4.6,1.6,0.0,-0.8,매도주의,장대음봉,잔구간,0.25,-1.15,2026-10-05
CORZ,1.5,16.6,14730830,9952674,244.53,190.24,1.3,0.0,0.9,매수관심,양봉스프링,잔구간,0.79,0.925,2026-10-05
MAT,1.5,16.05,14729575,9528437,236.41,138.24,1.7,-0.5,5.6,강한매수,장대양봉,완만한상승,0.92,3.4,2026-10-05
RA,1.4,11.42,407873,299992,4.66,3.29,1.4,0.0,-1.6,매도주의,장대음봉,전저점부근,0.03,-1.81,2026-10-05
PLAY,1.4,6.76,2604407,1820051,17.61,13.87,1.3,1.5,-1.3,강한매수,망치형,완만한상승,0.68,2.12,2026-10-05
FLG,1.4,11.57,8377801,6020937,96.93,67.53,1.4,-0.2,-0.9,중립,음봉,잔구간,0.19,-0.535,2026-10-05
SAFX,1.4,0.3,4111411,2877189,1.24,1.73,0.7,0.8,-9.5,강한매도,장대음봉,전저점이탈,0.01,-3.34,2026-10-05
CLB,1.4,10.51,1059141,782320,11.13,7.38,1.5,0.4,5.5,매수관심,장대양봉,잔구간,0.74,1.145,2026-10-05
RPC,1.4,7.89,707358,519505,5.58,4.09,1.4,-0.3,3.8,강한매수,장대양봉,전고점돌파,0.76,3.81,2026-10-05
RYAM,1.4,6.94,1219050,894047,8.46,7.9,1.1,-0.7,-1.8,매도주의,음봉,전저점이탈,0.18,-1.83,2026-10-05
KULR,1.4,2.55,708828,509465,1.81,1.55,1.2,-0.8,-3.0,중립,음봉,잔구간,0.36,-0.435,2026-10-05
CDXS,1.4,1.39,894326,652885,1.24,0.97,1.3,1.5,0.7,강한매수,양봉스프링,완만한상승,0.79,2.75,2026-10-05
KLAR,1.4,13.09,5771230,4239195,75.55,77.82,1.0,0.2,4.5,강한매수,장대양봉,완만한상승,0.78,3.24,2026-10-05
KEEL,1.4,3.45,27533727,20109724,94.99,93.44,1.0,-0.6,-4.2,중립,음봉,잔구간,0.31,-0.465,2026-10-05
RCEL,1.4,13.25,420757,297549,5.58,3.9,1.4,-0.6,4.8,강한매수,장대양봉,전고점돌파,0.76,3.81,2026-10-05
TH,1.4,18.91,2477747,1801533,46.85,50.46,0.9,0.0,0.4,중립,팽이도지,잔구간,0.65,0.09,2026-10-05
CLOV,1.4,4.68,4880452,3460472,22.84,15.22,1.5,0.2,6.6,강한매수,장대양봉,전고점부근,0.92,2.05,2026-10-05
ARBE,1.4,0.591,1796073,1313019,1.06,0.86,1.2,1.7,-5.1,매도주의,장대음봉,잔구간,0.25,-1.15,2026-10-05
AREC,1.4,1.74,1700084,1196597,2.96,2.78,1.1,0.0,-2.8,중립,음봉,전저점부근,0.24,-0.26,2026-10-05
CHCT,1.4,13.36,593899,417679,7.93,5.76,1.4,0.1,-2.1,강한매도,장대음봉,전저점이탈,0.14,-3.18,2026-10-05
CAMP,1.4,4.01,381157,270247,1.53,1.21,1.3,0.0,0.2,강한매수,양봉스프링,완만한상승,0.77,2.72,2026-10-05
RDW,1.4,10.43,18016600,12961326,187.91,148.07,1.3,0.2,-4.3,매도주의,장대음봉,잔구간,0.26,-1.145,2026-10-05
QUBT,1.4,7.94,8297368,6133362,65.88,67.39,1.0,0.2,-3.2,강한매도,장대음봉,전저점이탈,0.28,-3.01,2026-10-05
IPSC,1.4,1.48,773850,539733,1.15,0.87,1.3,3.3,-6.3,매도주의,장대음봉,잔구간,0.19,-1.185,2026-10-05
AKR,1.4,18.41,1756101,1221079,32.33,20.83,1.6,-0.4,-0.8,매도주의,음봉,전저점이탈,0.19,-1.82,2026-10-05
VFF,1.4,2.72,954259,703147,2.6,2.71,1.0,0.7,-4.9,강한매도,장대음봉,전저점이탈,0.18,-3.13,2026-10-05
PRME,1.4,3.21,4716863,3369042,15.14,10.99,1.4,0.7,7.0,중립,양봉,잔구간,0.87,0.57,2026-10-05
PSEC,1.4,1.93,8370597,6138177,16.16,11.88,1.4,0.0,-3.5,강한매도,장대음봉,전저점이탈,0.0,-3.35,2026-10-05
MFA,1.4,7.35,3188817,2216813,23.44,16.42,1.4,-5.0,1.1,중립,양봉,전저점이탈,0.93,0.47,2026-10-05
SHIP,1.4,17.67,651138,475999,11.51,9.2,1.3,-0.3,-0.6,중립,망치형,잔구간,0.82,0.69,2026-10-05
PSNY,1.4,6.1,300344,211726,1.83,1.42,1.3,0.0,-2.1,중립,음봉,전저점부근,0.44,-0.02,2026-10-05
PNNT,1.4,3.23,605359,429298,1.96,1.57,1.2,0.6,-1.2,매도주의,음봉,전저점이탈,0.14,-1.88,2026-10-05
QCML,1.4,17.504,693262,479362,12.13,11.81,1.0,0.2,-4.9,강한매도,장대음봉,전저점이탈,0.07,-3.27,2026-10-05
STLN,1.4,6.3,1336776,959916,8.42,7.22,1.2,-0.3,-0.5,중립,망치형,잔구간,0.59,0.555,2026-10-05
CRMD,1.4,7.26,1257332,882895,9.13,6.19,1.5,-0.1,1.1,매수관심,양봉,완만한상승,0.75,1.9,2026-10-05
ATOM,1.4,4.62,480928,356157,2.22,2.03,1.1,0.6,-2.5,중립,음봉,잔구간,0.39,-0.415,2026-10-05
DJT,1.4,8.63,4579546,3333361,39.52,29.41,1.3,1.0,-4.1,매도주의,장대음봉,잔구간,0.03,-1.28,2026-10-05
NFGC,1.4,1.57,842680,612810,1.32,1.28,1.0,-0.6,-2.5,강한매도,장대음봉,전저점이탈,0.0,-3.35,2026-10-05
EPRX,1.4,7.745,1774895,1296330,13.75,9.0,1.5,-0.6,7.6,강한매수,장대양봉,완만한상승,0.78,3.24,2026-10-05
EGY,1.4,5.79,1371093,967424,7.94,6.68,1.2,0.0,1.0,중립,팽이도지,잔구간,0.57,0.04,2026-10-05
MRVI,1.4,8.52,2630380,1936607,22.41,17.62,1.3,1.5,6.3,강한매수,장대양봉,전고점돌파,0.93,4.02,2026-10-05
EOLS,1.4,7.47,786428,551299,5.87,5.08,1.2,-1.0,5.7,강한매수,장대양봉,완만한상승,0.89,3.37,2026-10-05
MNSO,1.4,8.89,1210349,861190,10.76,7.65,1.4,-0.1,0.8,강한매수,양봉스프링,완만한상승,0.82,2.78,2026-10-05
MMU,1.4,8.84,612513,425978,5.41,3.24,1.7,0.0,-2.1,매도주의,장대음봉,잔구간,0.17,-1.2,2026-10-05
BLCO,1.4,17.17,402798,293292,6.92,5.46,1.3,0.3,0.1,중립,팽이도지,완만한상승,0.28,0.64,2026-10-05
SSL,1.4,14.05,2167332,1595728,30.45,25.94,1.2,-0.1,0.9,중립,양봉,잔구간,0.76,0.505,2026-10-05
SPCH,1.4,12.74,31183412,22845450,397.28,206.35,1.9,-0.1,15.1,강한매수,장대양봉,전고점돌파,0.98,4.08,2026-10-05
CYRX,1.4,18.14,1054703,731166,19.13,12.78,1.5,-0.7,4.9,강한매수,장대양봉,전고점돌파,0.89,3.97,2026-10-05
DCTH,1.4,15.87,427999,302520,6.79,5.25,1.3,0.3,4.5,강한매수,장대양봉,완만한상승,0.89,3.37,2026-10-05
SPCQ,1.4,8.055,2373648,1723537,19.12,18.99,1.0,0.0,-14.8,강한매도,장대음봉,전저점이탈,0.03,-3.31,2026-10-05
DOUG,1.4,1.56,732613,521686,1.14,0.88,1.3,-0.6,1.3,중립,위꼬리양봉,완만한상승,0.38,-0.24,2026-10-05
DOC,1.4,18.84,7009083,5039044,132.05,115.36,1.1,-0.3,-3.0,강한매도,장대음봉,전저점이탈,0.06,-3.28,2026-10-05
DCH,1.4,5.65,5958292,4191540,33.66,26.64,1.3,-0.4,1.3,매수관심,양봉,완만한상승,0.59,1.71,2026-10-05
DUOT,1.4,9.19,545454,398580,5.01,4.52,1.1,1.0,-0.1,중립,팽이도지,잔구간,0.44,-0.035,2026-10-05
NNE,1.4,15.51,2203539,1592404,34.18,29.56,1.2,0.5,-1.2,중립,음봉,전저점부근,0.36,-0.12,2026-10-05
NRGV,1.4,3.87,3996578,2826708,15.47,15.33,1.0,0.3,-2.0,중립,음봉,잔구간,0.62,-0.28,2026-10-05
DSGN,1.4,12.42,680775,500173,8.46,6.53,1.3,0.2,0.4,매수관심,팽이도지,완만한상승,0.6,1.02,2026-10-05
DFNS,1.4,6.78,361609,259791,2.45,2.33,1.1,0.0,-7.6,매도주의,장대음봉,잔구간,0.21,-1.175,2026-10-05
AADX,1.4,11.51,2836568,2066432,32.65,22.4,1.5,-0.3,-8.6,강한매도,장대음봉,전저점이탈,0.01,-3.34,2026-10-05
XNDX,1.4,1.39,868609,643058,1.21,1.82,0.7,-0.8,11.2,매수관심,장대양봉,잔구간,0.76,1.155,2026-10-05
XTND,1.4,2.94,1313822,941226,3.86,3.95,1.0,-0.3,-10.6,강한매도,장대음봉,전저점이탈,0.03,-3.31,2026-10-05
III,1.4,5.82,422441,311355,2.46,1.48,1.7,-1.1,3.2,매수관심,장대양봉,전고점부근,0.69,1.78,2026-10-05
IHS,1.4,8.45,1449636,1039094,12.25,7.78,1.6,0.2,1.3,강한매수,장대양봉,전고점부근,0.92,2.05,2026-10-05
INSE,1.4,3.98,737201,524026,2.93,1.96,1.5,1.9,12.7,매수관심,장대양봉,잔구간,0.92,1.25,2026-10-05
HRZN,1.4,4.58,389293,274659,1.78,1.31,1.4,0.4,-1.3,중립,음봉,잔구간,0.09,-0.595,2026-10-05
GTM,1.4,3.75,6892267,4766856,25.85,18.53,1.4,-0.8,1.9,매수관심,양봉,완만한상승,0.5,1.6,2026-10-05
HELP,1.4,11.42,1325304,979627,15.13,19.23,0.8,-1.7,-0.7,매도주의,팽이도지,전저점이탈,0.37,-0.91,2026-10-05
WDI,1.4,11.7,514930,356611,6.02,4.38,1.4,-0.2,-1.1,매도주의,장대음봉,잔구간,0.17,-1.2,2026-10-05
WRD,1.3,5.07,4391782,3301927,22.27,15.9,1.4,-0.1,1.0,중립,위꼬리양봉,잔구간,0.33,-0.6,2026-10-05
VZLA,1.3,3.51,5396430,4199688,18.94,18.55,1.0,1.1,-3.8,강한매도,장대음봉,전저점이탈,0.25,-3.05,2026-10-05
AGRO,1.3,10.75,783690,596791,8.42,5.92,1.4,2.8,3.6,중립,양봉,잔구간,0.63,0.43,2026-10-05
VSTM,1.3,8.0,2217135,1665519,17.74,17.53,1.0,0.5,3.4,강한매수,양봉,완만한상승,0.83,2.0,2026-10-05
HAWK,1.3,14.38,1486854,1112271,21.38,19.56,1.1,-0.2,-2.7,매도주의,음봉,전저점이탈,0.53,-1.41,2026-10-05
XERS,1.3,10.13,4664810,3672276,47.25,40.92,1.2,0.8,10.7,강한매수,장대양봉,완만한상승,0.91,3.39,2026-10-05
GME.WS,1.3,2.31,781257,608174,1.8,1.58,1.1,2.7,2.7,매수관심,양봉,완만한상승,0.57,1.68,2026-10-05
INFQ,1.3,12.66,7820011,5846305,99.0,103.72,1.0,-0.6,-3.1,강한매도,장대음봉,전저점이탈,0.2,-3.11,2026-10-05
IMPP,1.3,5.27,681725,528786,3.59,2.63,1.4,-0.6,-1.5,중립,음봉,잔구간,0.56,-0.315,2026-10-05
XRPNW,1.3,3.8,1060244,826717,4.03,1.97,2.0,15.3,-11.4,중립,음봉,완만한상승,0.23,-0.12,2026-10-05
ACHV,1.3,7.01,1704574,1362036,11.95,11.14,1.1,0.0,-3.2,매도주의,음봉,전저점이탈,0.35,-1.63,2026-10-05
HTZ,1.3,1.79,15663009,11871111,28.04,20.9,1.3,1.4,0.3,중립,팽이도지,잔구간,0.6,0.06,2026-10-05
HYLN,1.3,4.14,2327217,1786896,9.63,8.81,1.1,-0.7,-8.0,매도주의,장대음봉,잔구간,0.14,-1.215,2026-10-05
HE,1.3,8.81,3727477,2885103,32.84,26.53,1.2,0.8,-1.8,매도주의,장대음봉,잔구간,0.15,-1.21,2026-10-05
NMAX,1.3,9.97,947180,741639,9.44,9.0,1.0,0.0,4.7,매수관심,장대양봉,잔구간,0.92,1.25,2026-10-05
NMCO,1.3,8.61,1212310,927722,10.44,6.95,1.5,-0.1,-1.0,매도주의,음봉,전저점이탈,0.25,-1.75,2026-10-05
NHP,1.3,15.87,931798,704418,14.79,12.05,1.2,0.6,-1.9,중립,음봉,수횡파,0.46,-0.15,2026-10-05
EH,1.3,4.03,906931,674648,3.65,2.53,1.4,0.0,-2.7,강한매도,장대음봉,전저점이탈,0.08,-3.25,2026-10-05
BBAI,1.3,2.61,15658165,12241281,40.87,40.5,1.0,-0.2,-1.3,중립,음봉,잔구간,0.44,-0.385,2026-10-05
SHEN,1.3,11.2,1156370,868158,12.95,10.25,1.3,1.5,1.6,중립,양봉,잔구간,0.85,0.56,2026-10-05
SGHT,1.3,8.92,564941,433503,5.04,3.33,1.5,4.1,0.5,강한매수,양봉스프링,완만한상승,0.88,2.86,2026-10-05
TIPX,1.3,18.21,397536,301762,7.24,11.66,0.6,0.0,0.1,매수관심,양봉,완만한상승,0.75,1.9,2026-10-05
SPAX,1.3,12.99,2336362,1816427,30.35,18.46,1.6,0.2,15.1,강한매수,장대양봉,전고점돌파,1.0,4.1,2026-10-05
OIS,1.3,8.48,1046314,811345,8.87,5.77,1.5,0.0,3.0,중립,양봉,전고점부근,0.61,0.38,2026-10-05
EC,1.3,17.25,2064241,1611546,35.61,26.8,1.3,0.6,3.3,강한매수,장대양봉,전고점돌파,0.69,3.73,2026-10-05
EDD,1.3,5.24,453598,356152,2.38,2.11,1.1,-1.1,-0.8,중립,망치형,잔구간,0.73,0.64,2026-10-05
OFIX,1.3,9.5,634623,481722,6.03,4.43,1.4,0.0,4.5,매수관심,장대양봉,잔구간,0.92,1.25,2026-10-05
AAOX,1.3,13.54,14502036,10950888,196.36,106.22,1.8,5.4,4.9,강한매수,양봉,전고점돌파,0.96,2.75,2026-10-05
ABR,1.3,3.47,8134777,6147094,28.23,23.4,1.2,2.0,-4.5,강한매도,장대음봉,전저점이탈,0.3,-2.99,2026-10-05
SPRY,1.3,4.29,1621610,1286471,6.96,5.59,1.2,1.5,3.9,중립,양봉,잔구간,0.71,0.475,2026-10-05
SRTA,1.3,4.81,1160877,898993,5.58,4.38,1.3,0.6,1.1,중립,팽이도지,잔구간,0.56,0.035,2026-10-05
SSP,1.3,2.72,714813,543336,1.94,1.46,1.3,0.0,-0.7,중립,망치형,잔구간,0.61,0.565,2026-10-05
DDD,1.3,3.56,3043907,2344334,10.84,7.94,1.4,-0.8,-5.1,매도주의,장대음봉,잔구간,0.29,-1.125,2026-10-05
SPCE,1.3,3.05,5754614,4291727,17.55,15.27,1.1,0.0,0.7,매수관심,양봉스프링,잔구간,0.91,0.995,2026-10-05
INMD,1.3,14.13,497747,395573,7.03,5.74,1.2,-0.1,0.4,매수관심,양봉,완만한상승,0.54,1.65,2026-10-05
IREG,1.3,7.41,1173810,879396,8.7,6.97,1.2,1.9,-8.0,매도주의,장대음봉,잔구간,0.24,-1.155,2026-10-05
IRE,1.3,8.9,8558388,6734840,76.17,68.46,1.1,0.8,-7.0,매도주의,장대음봉,잔구간,0.23,-1.16,2026-10-05
JFR,1.3,7.23,1465911,1091653,10.6,7.98,1.3,-0.4,-1.2,매도주의,장대음봉,잔구간,0.0,-1.3,2026-10-05
JBGS,1.3,10.83,1277556,1004395,13.84,10.64,1.3,-0.5,3.0,매수관심,장대양봉,전고점부근,0.85,1.97,2026-10-05
VIPS,1.3,12.71,2950098,2299625,37.5,32.14,1.2,0.7,2.3,강한매수,장대양봉,완만한상승,0.75,3.2,2026-10-05
REZI,1.3,18.56,1788347,1423763,33.19,29.27,1.1,0.3,0.9,강한매수,양봉스프링,완만한상승,0.79,2.75,2026-10-05
CEPU,1.3,12.43,339581,267458,4.22,3.08,1.4,4.3,2.1,중립,양봉,잔구간,0.74,0.495,2026-10-05
ZENA,1.3,1.28,1641548,1265077,2.1,2.04,1.0,0.0,-3.8,강한매도,장대음봉,전저점이탈,0.2,-3.11,2026-10-05
RILY,1.3,4.88,798372,631199,3.9,3.64,1.1,-1.2,1.7,중립,양봉,잔구간,0.91,0.595,2026-10-05
RIG,1.3,5.51,49065606,38906193,270.35,225.86,1.2,1.9,4.6,매수관심,장대양봉,잔구간,0.74,1.145,2026-10-05
UPWK,1.3,8.36,3182913,2466124,26.61,20.25,1.3,0.2,3.6,강한매수,장대양봉,완만한상승,0.91,3.39,2026-10-05
CMRE,1.3,15.39,394293,300380,6.07,4.78,1.3,0.0,-0.3,중립,망치형,잔구간,0.75,0.65,2026-10-05
PONY,1.3,6.11,6300505,4688935,38.5,31.28,1.2,0.0,0.7,중립,위꼬리양봉,잔구간,0.26,-0.645,2026-10-05
PMT,1.3,7.87,2913777,2196947,22.93,16.73,1.4,0.1,0.8,매수관심,양봉스프링,잔구간,0.79,0.925,2026-10-05
PDO,1.3,11.79,1375384,1077485,16.22,17.14,0.9,0.7,-3.3,매도주의,장대음봉,잔구간,0.02,-1.29,2026-10-05
LXFR,1.3,17.25,321931,239578,5.55,5.5,1.0,0.0,-0.1,매도주의,장대음봉,잔구간,0.33,-1.1,2026-10-05
FSIG,1.3,18.41,457801,342305,8.43,7.6,1.1,-0.1,0.1,강한매수,장대양봉,완만한상승,1.0,3.5,2026-10-05
LWLG,1.3,5.55,4175293,3263847,23.17,17.13,1.4,-0.5,-2.1,중립,음봉,잔구간,0.63,-0.27,2026-10-05
FMC,1.3,9.0,6293351,4894551,56.64,43.95,1.3,1.9,4.7,중립,양봉,잔구간,0.77,0.51,2026-10-05
RZAI,1.3,12.91,391457,297362,5.05,11.72,0.4,-11.9,-26.4,강한매도,장대음봉,전저점이탈,0.21,-3.1,2026-10-05
KOS,1.3,2.52,16826131,12854772,42.4,36.06,1.2,0.2,0.2,중립,팽이도지,잔구간,0.45,-0.03,2026-10-05
SATL,1.3,5.32,7780759,6146290,41.39,32.97,1.3,-1.6,-5.7,매도주의,장대음봉,전저점부근,0.26,-1.54,2026-10-05
UPB,1.3,4.85,1010578,808294,4.9,3.29,1.5,0.6,-4.3,중립,음봉,전저점부근,0.43,-0.03,2026-10-05
UNHG,1.3,18.138,617066,467990,11.19,9.47,1.2,0.6,2.8,강한매수,양봉,완만한상승,0.95,2.14,2026-10-05
MAX,1.3,9.64,1048176,816986,10.1,9.45,1.1,-0.7,0.9,매수관심,양봉,완만한상승,0.55,1.66,2026-10-05
PTY,1.3,10.8,2425307,1842957,26.19,24.29,1.1,0.4,-2.5,매도주의,장대음봉,잔구간,0.26,-1.145,2026-10-05
MAGN,1.3,11.68,457580,344506,5.34,4.29,1.2,0.3,-0.3,중립,망치형,잔구간,0.7,0.62,2026-10-05
FAC,1.3,5.47,345195,264520,1.89,2.79,0.7,-1.3,-7.6,강한매도,장대음봉,전저점이탈,0.12,-3.21,2026-10-05
MIR,1.3,14.92,4427993,3507024,66.07,54.99,1.2,-0.3,2.5,중립,양봉,잔구간,0.83,0.55,2026-10-05
ETY,1.3,14.18,499342,377243,7.08,5.15,1.4,-0.2,0.2,매수관심,팽이도지,완만한상승,0.47,0.86,2026-10-05
FCEL,1.3,18.07,5496367,4072793,99.32,84.72,1.2,-1.9,-0.2,중립,망치형,잔구간,0.92,0.75,2026-10-05
PRTA,1.3,8.27,714462,545919,5.91,4.22,1.4,-0.3,-0.8,중립,망치형,잔구간,0.78,0.67,2026-10-05
AZ,1.3,6.23,483716,363383,3.01,2.06,1.5,0.0,0.6,강한매수,양봉스프링,완만한상승,0.87,2.84,2026-10-05
TCPC,1.3,3.98,990667,755954,3.94,2.82,1.4,0.5,-0.5,매도주의,위꼬리음봉,완만한상승,0.07,-1.12,2026-10-05
SXC,1.3,9.94,1450397,1088887,14.42,9.82,1.5,0.3,0.1,중립,팽이도지,완만한상승,0.32,0.68,2026-10-05
OWL,1.3,8.97,20505656,16133467,183.94,182.97,1.0,-0.6,-0.7,중립,망치형,잔구간,0.58,0.55,2026-10-05
ONDL,1.3,5.34,1706865,1304547,9.11,7.41,1.2,10.0,-4.6,매도주의,장대음봉,완만한상승,0.17,-1.5,2026-10-05
OKUR,1.3,2.63,632341,484579,1.66,1.33,1.3,0.0,2.7,매수관심,양봉스프링,잔구간,0.84,0.955,2026-10-05
CRK,1.3,13.06,2922490,2250967,38.17,33.32,1.1,-0.4,2.6,중립,양봉,잔구간,0.84,0.555,2026-10-05
PCQ,1.3,7.63,491004,386068,3.75,2.76,1.4,-0.8,-0.9,중립,음봉,잔구간,0.33,-0.45,2026-10-05
BV,1.3,10.2,1279380,981574,13.05,9.87,1.3,0.2,-1.0,중립,음봉,잔구간,0.27,-0.49,2026-10-05
SEER,1.3,2.33,595874,447647,1.39,0.8,1.7,-0.9,4.5,강한매수,장대양봉,전고점돌파,0.69,3.73,2026-10-05
SDEV,1.3,3.94,87541454,68544459,344.91,230.24,1.5,29.8,-59.4,매도주의,장대음봉,잔구간,0.11,-1.235,2026-10-05
TSDD,1.3,7.07,8532343,6754513,60.32,51.07,1.2,0.8,-5.2,중립,음봉,잔구간,0.17,-0.55,2026-10-05
TME,1.3,7.87,7571224,5761999,59.59,62.51,1.0,0.3,1.4,매수관심,장대양봉,잔구간,0.93,1.26,2026-10-05
CIFG,1.3,3.418,1802381,1426373,6.16,5.33,1.2,0.0,-3.2,중립,망치형,잔구간,0.66,0.595,2026-10-05
RES,1.3,6.1,2609371,2082452,15.92,12.87,1.2,0.2,3.9,강한매수,장대양봉,전고점돌파,0.71,3.75,2026-10-05
KLRA,1.3,10.84,1811909,1401151,19.64,17.88,1.1,0.9,3.4,중립,양봉,잔구간,0.83,0.55,2026-10-05
KBWD,1.3,10.79,788795,600297,8.51,5.69,1.5,-0.1,-0.7,매도주의,음봉,전저점이탈,0.07,-1.97,2026-10-05
HMY,1.3,17.3,4234901,3216098,73.26,69.23,1.1,-1.1,0.6,매수관심,양봉스프링,잔구간,0.8,0.93,2026-10-05
GDYN,1.3,7.84,757349,596675,5.94,6.1,1.0,-0.2,-2.0,중립,음봉,잔구간,0.25,-0.5,2026-10-05
QS,1.3,4.62,15163672,11596738,70.06,56.78,1.2,-0.2,1.3,중립,양봉,잔구간,0.89,0.585,2026-10-05
RUN,1.3,7.61,9512136,7088485,72.39,61.01,1.2,-1.4,0.1,중립,팽이도지,잔구간,0.58,0.05,2026-10-05
RUM,1.3,7.38,5299497,4063518,39.11,36.82,1.1,0.3,-2.9,중립,음봉,전저점부근,0.46,0.0,2026-10-05
ARLO,1.3,12.59,1456001,1146764,18.33,15.03,1.2,-0.2,-1.3,중립,음봉,잔구간,0.0,-0.65,2026-10-05
ABSI,1.3,11.53,4294896,3404219,49.52,45.78,1.1,0.3,3.8,강한매수,양봉,전고점돌파,0.71,2.45,2026-10-05
UWMC,1.3,1.29,13808404,10528576,17.81,14.82,1.2,0.0,2.4,강한매수,양봉스프링,완만한상승,0.87,2.84,2026-10-05
ALMU,1.3,13.08,459432,347440,6.01,6.25,1.0,0.5,-0.8,중립,망치형,잔구간,0.87,0.72,2026-10-05
AMPL,1.3,14.88,1913864,1457821,28.48,22.51,1.3,-0.4,2.9,강한매수,장대양봉,전고점돌파,0.91,3.99,2026-10-05
SABR,1.3,1.93,5810835,4557056,11.21,10.2,1.1,0.5,-2.5,강한매도,음봉,전저점이탈,0.0,-2.05,2026-10-05
MSFD,1.2,9.74,1851098,1541431,18.03,14.52,1.2,-0.8,-0.7,매도주의,음봉,전저점이탈,0.65,-1.27,2026-10-05
MSTW,1.2,5.25,1277523,1072873,6.71,8.04,0.8,1.6,0.2,중립,팽이도지,잔구간,0.73,0.14,2026-10-05
MOMO,1.2,4.64,1413869,1154411,6.56,5.25,1.3,0.2,-1.9,매도주의,음봉,전저점이탈,0.14,-1.88,2026-10-05
TDOC,1.2,5.79,4471361,3585849,25.89,20.51,1.3,-0.4,5.3,매수관심,장대양봉,잔구간,0.94,1.265,2026-10-05
NBIG,1.2,17.62,2720944,2199450,47.94,44.72,1.1,0.9,-9.0,매도주의,장대음봉,잔구간,0.16,-1.205,2026-10-05
ERII,1.2,6.83,872151,707634,5.96,5.32,1.1,-0.3,1.2,강한매수,양봉,완만한상승,0.95,2.14,2026-10-05
ENGN,1.2,1.87,952871,797897,1.78,1.69,1.1,0.0,-3.6,매도주의,음봉,전저점이탈,0.55,-1.39,2026-10-05
BBN,1.2,14.22,402629,331335,5.73,5.68,1.0,-0.5,-0.9,강한매도,장대음봉,전저점이탈,0.0,-3.35,2026-10-05
DSM,1.2,5.15,314683,253875,1.62,1.57,1.0,-0.6,0.0,매수관심,양봉스프링,잔구간,0.75,0.9,2026-10-05
BFLY,1.2,9.38,5234201,4525803,49.1,61.24,0.8,-1.0,5.9,중립,양봉,잔구간,0.82,0.54,2026-10-05
SPIR,1.2,10.89,641483,533634,6.99,7.08,1.0,1.6,-3.5,매도주의,장대음봉,잔구간,0.38,-1.07,2026-10-05
NMRA,1.2,0.525,2989618,2503613,1.57,1.5,1.1,0.0,5.1,중립,양봉,잔구간,0.87,0.57,2026-10-05
NOV,1.2,19.51,4446473,3689818,86.75,61.85,1.4,0.2,3.6,매수관심,장대양봉,잔구간,0.74,1.145,2026-10-05
EFC,1.2,11.5,2338424,1986641,26.89,21.52,1.2,-0.3,-0.5,중립,음봉,전저점부근,0.56,0.12,2026-10-05
DSU,1.2,8.8,414988,357649,3.65,3.72,1.0,-0.6,-0.9,강한매도,장대음봉,전저점이탈,0.0,-3.35,2026-10-05
GO,1.2,11.42,2851500,2358551,32.56,25.97,1.3,0.3,-2.0,매도주의,장대음봉,잔구간,0.22,-1.17,2026-10-05
XPER,1.2,5.43,427370,362694,2.32,2.02,1.1,0.4,-0.4,강한매수,망치형,수횡파,0.75,2.9,2026-10-05
IMDX,1.2,3.67,408365,354353,1.5,1.37,1.1,0.0,6.7,중립,양봉,잔구간,0.88,0.58,2026-10-05
AIBZ,1.2,3.99,334458,277216,1.33,1.65,0.8,0.2,-0.5,매도주의,위꼬리음봉,잔구간,0.13,-0.97,2026-10-05
VRRM,1.2,2.87,7650766,6469738,21.96,18.56,1.2,-1.1,3.2,매수관심,장대양봉,잔구간,0.6,1.06,2026-10-05
VNCE,1.2,11.435,332005,281924,3.8,4.36,0.9,1.5,7.3,강한매수,장대양봉,완만한상승,0.83,3.3,2026-10-05
IAUX,1.2,1.63,5595013,4801198,9.12,12.04,0.8,0.6,0.0,강한매수,양봉스프링,완만한상승,0.85,2.82,2026-10-05
WLTH,1.2,10.62,2238055,1823606,23.77,25.61,0.9,-0.3,6.2,매수관심,장대양봉,잔구간,0.9,1.24,2026-10-05
AGPU,1.2,12.99,340127,278931,4.42,3.95,1.1,0.3,7.2,강한매수,양봉,완만한상승,0.88,2.06,2026-10-05
VVR,1.2,2.87,727249,613578,2.09,2.05,1.0,-0.3,-0.3,중립,음봉,잔구간,0.0,-0.65,2026-10-05
VRA,1.2,5.02,413021,358360,2.07,1.9,1.1,1.0,-2.7,중립,음봉,잔구간,0.35,-0.44,2026-10-05
HIMX,1.2,14.71,1027589,859101,15.12,14.1,1.1,0.3,-3.8,매도주의,장대음봉,잔구간,0.03,-1.28,2026-10-05
SOFI,1.2,15.92,48168228,39341580,766.84,863.6,0.9,0.0,1.0,중립,양봉,잔구간,0.4,0.29,2026-10-05
SOLZ,1.2,11.93,956522,811684,11.41,13.62,0.8,2.2,-0.4,매수관심,망치형,완만한상승,0.54,1.95,2026-10-05
SONO,1.2,17.94,2686463,2293209,48.2,37.27,1.3,-1.0,2.4,매수관심,장대양봉,잔구간,0.97,1.28,2026-10-05
DEFT,1.2,0.518,2915989,2362307,1.51,1.47,1.0,1.5,-3.5,중립,음봉,잔구간,0.54,-0.325,2026-10-05
DRH,1.2,12.42,3296474,2780589,40.94,38.89,1.1,-0.2,-1.0,중립,음봉,잔구간,0.38,-0.42,2026-10-05
BCSF,1.2,10.9,623608,501904,6.8,5.63,1.2,0.0,-1.4,강한매도,음봉,전저점이탈,0.03,-2.01,2026-10-05
GRAB,1.2,3.17,78101037,65181376,247.58,269.67,0.9,0.6,2.3,매수관심,양봉,완만한상승,0.69,1.83,2026-10-05
GSIT,1.2,5.64,378441,318937,2.13,2.02,1.1,0.2,0.4,강한매수,양봉스프링,완만한상승,0.83,2.8,2026-10-05
HAFN,1.2,10.28,3663996,3166013,37.67,35.34,1.1,1.3,-1.0,중립,망치형,전고점부근,0.7,0.79,2026-10-05
HOPE,1.2,13.57,1048204,894570,14.22,12.68,1.1,-0.1,-0.7,중립,음봉,잔구간,0.31,-0.465,2026-10-05
ABEO,1.2,5.11,1403678,1172151,7.17,5.73,1.3,0.8,0.8,중립,팽이도지,잔구간,0.71,0.125,2026-10-05
ACEL,1.2,10.88,517371,435953,5.63,4.47,1.3,0.3,0.1,중립,위꼬리양봉,잔구간,0.24,-0.655,2026-10-05
OCUL,1.2,7.25,5620001,4763386,40.75,36.4,1.1,-0.4,4.6,매수관심,장대양봉,잔구간,0.96,1.275,2026-10-05
OBDC,1.2,10.17,5009839,4058862,50.95,42.13,1.2,0.4,-1.6,매도주의,음봉,전저점이탈,0.06,-1.98,2026-10-05
OEC,1.2,5.85,503823,420249,2.95,2.56,1.2,-1.0,2.1,중립,양봉,잔구간,0.59,0.405,2026-10-05
NUS,1.2,4.63,458917,395900,2.12,2.21,1.0,0.2,0.2,매수관심,팽이도지,완만한상승,0.75,1.2,2026-10-05
NNDM,1.2,1.61,1697124,1423174,2.73,2.61,1.0,0.0,-1.2,매도주의,장대음봉,잔구간,0.33,-1.1,2026-10-05
COSM,1.2,0.346,3741806,3071272,1.29,1.99,0.7,0.0,-9.0,강한매도,장대음봉,전저점이탈,0.31,-2.98,2026-10-05
PRQR,1.2,1.67,720690,603728,1.2,1.23,1.0,-0.3,2.5,매수관심,양봉,완만한상승,0.64,1.77,2026-10-05
CRCG,1.2,12.15,2286723,1985071,27.78,37.87,0.7,5.1,0.2,중립,팽이도지,잔구간,0.38,-0.07,2026-10-05
SBH,1.2,16.04,1546314,1266614,24.8,21.82,1.1,0.2,-1.5,중립,음봉,잔구간,0.3,-0.47,2026-10-05
UNIT,1.2,7.95,3839291,3203036,30.52,24.07,1.3,-0.6,-0.5,매도주의,위꼬리음봉,잔구간,0.05,-1.02,2026-10-05
KODK,1.2,10.03,902124,776493,9.05,6.93,1.3,0.2,2.0,중립,양봉,전고점부근,0.71,0.5,2026-10-05
FOXF,1.2,19.23,910555,776842,17.51,11.78,1.5,-0.1,3.2,중립,양봉,전고점부근,0.77,0.57,2026-10-05
LUMN,1.2,5.62,13138965,11192957,73.84,70.26,1.1,0.0,-2.3,매도주의,장대음봉,잔구간,0.18,-1.19,2026-10-05
LUNL,1.2,3.32,2135148,1847818,7.09,7.7,0.9,0.6,-5.9,매도주의,장대음봉,잔구간,0.4,-1.06,2026-10-05
LFCR,1.2,6.52,840588,696507,5.48,4.78,1.1,0.0,-0.3,중립,음봉,잔구간,0.18,-0.54,2026-10-05
KSS,1.2,19.53,5133314,4253747,100.25,71.93,1.4,0.9,2.9,강한매수,양봉,전고점돌파,0.73,2.48,2026-10-05
LUCD,1.2,0.593,1833001,1482957,1.09,1.36,0.8,-0.7,-4.8,중립,음봉,잔구간,0.04,-0.625,2026-10-05
PFLT,1.2,6.78,924538,795525,6.27,5.29,1.2,0.3,-1.2,매도주의,음봉,전저점이탈,0.07,-1.97,2026-10-05
PFL,1.2,6.85,463350,377015,3.17,2.76,1.1,-0.4,-1.4,매도주의,장대음봉,잔구간,0.13,-1.22,2026-10-05
BRBR,1.2,7.73,5739889,4680741,44.37,33.3,1.3,0.3,3.8,강한매수,장대양봉,완만한상승,0.73,3.18,2026-10-05
BRBS,1.2,3.93,1623422,1374308,6.38,3.85,1.7,0.0,0.0,매수관심,팽이도지,완만한상승,0.56,0.97,2026-10-05
LZM,1.2,3.83,439870,370129,1.68,1.33,1.3,0.3,-0.8,중립,망치형,잔구간,0.82,0.69,2026-10-05
FRVO,1.2,13.46,11879753,9598666,159.9,119.56,1.3,1.2,-8.0,매도주의,장대음봉,전저점부근,0.23,-1.57,2026-10-05
FSK,1.2,10.99,2568428,2070742,28.23,19.47,1.4,0.3,-0.1,매도주의,위꼬리음봉,잔구간,0.22,-0.92,2026-10-05
COLD,1.2,14.05,4158656,3453399,58.43,43.67,1.3,-0.3,0.9,중립,위꼬리양봉,잔구간,0.34,-0.595,2026-10-05
PFXF,1.2,17.69,873517,750399,15.45,13.91,1.1,-0.3,0.0,중립,팽이도지,잔구간,0.55,0.03,2026-10-05
PDI,1.2,14.2,4472372,3870484,63.51,69.77,0.9,-0.2,-1.2,매도주의,장대음봉,잔구간,0.17,-1.2,2026-10-05
SWBI,1.2,14.7,498857,430010,7.33,6.24,1.2,-0.3,0.7,매수관심,양봉,완만한상승,0.7,1.84,2026-10-05
SENS,1.2,10.31,709560,606712,7.32,7.34,1.0,-0.5,4.9,매수관심,장대양봉,잔구간,0.94,1.265,2026-10-05
OTF,1.2,9.44,2523745,2103629,23.82,20.99,1.1,-0.3,-1.2,매도주의,음봉,전저점이탈,0.05,-1.99,2026-10-05
BXMT,1.2,11.01,3851558,3203894,42.41,35.28,1.2,0.0,1.0,중립,양봉,잔구간,0.64,0.435,2026-10-05
CTOS,1.2,9.88,783042,672838,7.74,7.19,1.1,-0.1,1.1,강한매수,양봉,전고점돌파,0.8,2.56,2026-10-05
EVER,1.2,19.41,992259,796473,19.26,25.49,0.8,-0.8,0.3,매수관심,양봉스프링,잔구간,0.82,0.94,2026-10-05
FAX,1.2,12.67,401754,345996,5.09,3.54,1.4,-0.5,-1.2,중립,음봉,잔구간,0.26,-0.495,2026-10-05
STWD,1.2,12.98,7956476,6894436,103.28,83.06,1.2,-0.1,-0.5,중립,음봉,잔구간,0.34,-0.445,2026-10-05
SUPV,1.2,7.36,921924,741821,6.79,5.05,1.3,6.4,0.8,매수관심,팽이도지,완만한상승,0.69,1.13,2026-10-05
PSO,1.2,16.24,604002,515014,9.81,9.54,1.0,0.0,0.7,강한매수,장대양봉,완만한상승,0.79,3.25,2026-10-05
QSI,1.2,1.28,19185008,16306478,24.56,12.18,2.0,-1.6,-16.1,매도주의,장대음봉,잔구간,0.07,-1.26,2026-10-05
SAFE,1.2,11.9,855562,735103,10.18,8.45,1.2,0.0,-1.3,중립,음봉,잔구간,0.43,-0.39,2026-10-05
RLMD,1.2,3.48,1282546,1104536,4.46,3.95,1.1,0.0,-3.3,매도주의,음봉,전저점이탈,0.23,-1.77,2026-10-05
HLIT,1.2,11.22,1490167,1197078,16.72,13.69,1.2,-0.2,0.7,매수관심,팽이도지,완만한상승,0.62,1.04,2026-10-05
GAB,1.2,5.18,1310770,1096697,6.79,8.09,0.8,0.0,-1.1,중립,음봉,잔구간,0.43,-0.39,2026-10-05
GBDC,1.2,12.38,1916681,1600474,23.73,19.43,1.2,0.3,-1.6,매도주의,장대음봉,잔구간,0.03,-1.28,2026-10-05
FVRR,1.2,8.59,718627,580197,6.17,5.41,1.1,0.4,0.2,매수관심,팽이도지,완만한상승,0.58,1.0,2026-10-05
TTD,1.2,11.98,24855341,20588955,297.77,270.22,1.1,-0.2,0.4,매수관심,양봉스프링,잔구간,0.76,0.905,2026-10-05
TSHA,1.2,4.49,4975354,4281356,22.34,21.5,1.0,0.2,-3.2,매도주의,음봉,전저점이탈,0.44,-1.52,2026-10-05
TRDA,1.2,5.48,463808,399588,2.54,2.08,1.2,0.0,1.9,강한매수,양봉스프링,완만한상승,1.0,3.0,2026-10-05
GDRX,1.2,3.36,882176,726086,2.96,2.56,1.2,0.0,2.4,중립,양봉,잔구간,0.6,0.41,2026-10-05
UAMY,1.2,3.95,5808454,4702961,22.94,19.82,1.2,1.0,-2.0,매도주의,음봉,전저점이탈,0.53,-1.41,2026-10-05
UBRL,1.2,13.18,367209,301909,4.84,4.15,1.2,0.3,3.7,강한매수,장대양봉,완만한상승,0.73,3.18,2026-10-05
PWP,1.2,15.8,2783533,2294836,43.98,45.5,1.0,-0.1,-0.1,중립,망치형,잔구간,0.87,0.72,2026-10-05
CLSX,1.2,11.6,404091,342106,4.69,4.3,1.1,1.3,-5.8,중립,음봉,잔구간,0.49,-0.355,2026-10-05
PYXS,1.2,2.24,1516928,1304690,3.4,4.04,0.8,-0.9,5.7,중립,양봉,잔구간,0.91,0.595,2026-10-05
QBTS,1.2,15.64,16228603,14083850,253.82,276.13,0.9,-0.1,-0.7,중립,망치형,전저점이탈,0.73,0.53,2026-10-05
ARX,1.2,19.73,1447950,1198311,28.57,40.11,0.7,0.0,0.0,중립,팽이도지,완만한상승,0.33,0.7,2026-10-05
ARI,1.2,6.23,4119048,3581339,25.66,20.55,1.2,0.6,-0.2,중립,망치형,잔구간,0.83,0.7,2026-10-05
RLJ,1.2,11.16,2117257,1725508,23.63,18.26,1.3,0.1,-0.6,중립,팽이도지,수횡파,0.35,0.42,2026-10-05
JBLU,1.2,4.06,17831083,15234447,72.39,69.15,1.0,0.7,-2.9,강한매도,장대음봉,전저점이탈,0.25,-3.05,2026-10-05
BSCR,1.2,19.565,839556,728219,16.43,19.78,0.8,0.0,0.1,매수관심,양봉,완만한상승,0.75,1.9,2026-10-05
CALY,1.2,14.28,2089002,1811423,29.83,29.09,1.0,0.0,-1.2,중립,음봉,수횡파,0.5,-0.1,2026-10-05
CCOI,1.2,8.88,2433965,1967441,21.61,16.55,1.3,-0.2,5.2,강한매수,양봉,전고점돌파,0.96,2.75,2026-10-05
CEPL,1.2,4.15,403766,350618,1.68,2.27,0.7,-1.7,-6.1,강한매도,장대음봉,전저점이탈,0.25,-3.05,2026-10-05
YMM,1.2,8.41,9832556,8292279,82.69,54.95,1.5,0.4,2.6,매수관심,장대양봉,전고점부근,0.86,1.98,2026-10-05
BTAL,1.2,11.91,699887,569752,8.34,7.5,1.1,-0.1,-0.7,매도주의,장대음봉,잔구간,0.0,-1.3,2026-10-05
UUUU,1.2,10.82,7854130,6296031,84.98,79.45,1.1,0.7,0.2,매수관심,팽이도지,완만한상승,0.55,0.96,2026-10-05
USDE,1.2,14.96,4776338,4131106,71.45,74.58,1.0,1.5,4.2,중립,양봉,잔구간,1.0,0.65,2026-10-05
AMTM,1.2,18.24,1999975,1678513,36.48,31.95,1.1,-0.1,0.7,중립,위꼬리양봉,잔구간,0.36,-0.585,2026-10-05
AMZD,1.2,8.68,12316105,10331343,106.9,95.82,1.1,0.3,-0.3,중립,망치형,잔구간,0.75,0.65,2026-10-05
AOD,1.2,10.08,451365,364558,4.55,4.02,1.1,-0.6,-0.6,매도주의,위꼬리음봉,잔구간,0.06,-1.015,2026-10-05
IREX,1.2,13.04,1760008,1423874,22.95,21.97,1.0,0.9,-7.1,매도주의,장대음봉,잔구간,0.26,-1.145,2026-10-05
IRWD,1.2,3.65,2227097,1812508,8.13,8.56,0.9,-1.4,1.7,중립,양봉,잔구간,0.83,0.55,2026-10-05
INO,1.2,1.15,2960275,2470252,3.4,3.17,1.1,3.4,-4.2,중립,음봉,잔구간,0.4,-0.41,2026-10-05
AMPY,1.1,4.43,522497,477019,2.31,2.18,1.1,-0.9,2.5,강한매수,양봉,전고점돌파,0.92,2.7,2026-10-05
ALXO,1.1,1.21,1788732,1628542,2.16,1.92,1.1,0.0,-0.8,매수관심,팽이도지,전저점부근,0.54,0.8,2026-10-05
ZURA,1.1,3.93,2651672,2478865,10.42,9.62,1.1,0.0,-4.4,매도주의,장대음봉,수횡파,0.04,-1.95,2026-10-05
YYY,1.1,10.27,716090,659855,7.35,7.69,1.0,0.3,-1.1,매도주의,장대음봉,잔구간,0.15,-1.21,2026-10-05
ZH,1.1,3.37,557931,497196,1.88,2.7,0.7,0.0,-0.6,매도주의,위꼬리음봉,전저점부근,0.22,-1.09,2026-10-05
EPM,1.1,3.56,346160,302165,1.23,1.58,0.8,0.0,-0.6,중립,팽이도지,잔구간,0.5,0.0,2026-10-05
RPD,1.1,12.36,1430429,1278956,17.68,16.76,1.1,1.4,0.0,매수관심,팽이도지,완만한상승,0.47,0.86,2026-10-05
CC,1.1,13.89,2242370,2010461,31.15,25.4,1.2,-0.3,1.6,중립,양봉,잔구간,0.86,0.565,2026-10-05
CCAP,1.1,9.02,315584,299312,2.85,2.36,1.2,0.0,0.0,중립,위꼬리양봉,잔구간,0.21,-0.675,2026-10-05
RR,1.1,1.72,4518742,3951841,7.77,7.5,1.0,-0.6,3.0,매수관심,양봉,완만한상승,0.7,1.84,2026-10-05
MUST,1.1,19.19,368671,348852,7.07,5.81,1.2,0.4,-0.1,중립,팽이도지,완만한상승,0.26,0.61,2026-10-05
MRLN,1.1,1.57,3184234,2891744,5.0,6.97,0.7,1.5,-9.5,강한매도,장대음봉,전저점이탈,0.0,-3.35,2026-10-05
HL,1.1,17.01,37321342,34147983,634.84,695.61,0.9,1.3,-2.4,중립,음봉,잔구간,0.49,-0.355,2026-10-05
ALHC,1.1,8.5,10283466,9296362,87.41,95.26,0.9,2.0,4.9,강한매수,장대양봉,전고점돌파,0.88,3.96,2026-10-05
ALT,1.1,2.67,3839539,3476665,10.25,11.28,0.9,-0.2,-2.2,강한매도,장대음봉,전저점이탈,0.21,-3.1,2026-10-05
TRIN,1.1,17.43,853541,749370,14.88,13.9,1.1,0.3,-1.2,중립,음봉,수횡파,0.08,-0.6,2026-10-05
TRIP,1.1,8.79,3608957,3217430,31.72,36.96,0.9,0.9,2.3,강한매수,장대양봉,완만한상승,0.93,3.42,2026-10-05
TIC,1.1,8.26,1461526,1336877,12.07,11.25,1.1,0.5,-0.5,중립,팽이도지,잔구간,0.26,-0.145,2026-10-05
USDEW,1.1,4.44,369906,322340,1.64,2.24,0.7,8.0,2.8,매수관심,양봉스프링,잔구간,0.8,0.93,2026-10-05
UTZ,1.1,14.28,1558085,1420264,22.25,20.7,1.1,0.1,-0.1,강한매수,망치형,전고점돌파,0.67,2.7,2026-10-05
VERX,1.1,12.28,1598193,1463441,19.63,16.7,1.2,0.0,2.2,강한매수,장대양봉,완만한상승,0.67,3.1,2026-10-05
UMH,1.1,15.37,579437,540856,8.91,9.01,1.0,-0.3,0.1,중립,팽이도지,잔구간,0.63,0.08,2026-10-05
HBNC,1.1,19.24,739151,687780,14.22,12.75,1.1,0.1,-1.3,매도주의,장대음봉,잔구간,0.19,-1.185,2026-10-05
ARTV,1.1,7.13,473192,447469,3.37,3.5,1.0,-1.2,5.6,강한매수,양봉,완만한상승,0.95,2.14,2026-10-05
ARDT,1.1,10.55,376734,348216,3.97,4.1,1.0,0.0,2.0,매수관심,양봉,완만한상승,0.54,1.65,2026-10-05
ALTO,1.1,3.79,1094136,959714,4.15,3.87,1.1,-0.5,1.1,중립,양봉,잔구간,0.71,0.475,2026-10-05
PACB,1.1,2.87,26246978,23646574,75.33,47.81,1.6,-0.4,13.4,강한매수,장대양봉,전고점돌파,0.88,3.96,2026-10-05
UEC,1.1,9.35,10618759,9487300,99.29,97.02,1.0,0.9,-0.3,매도주의,위꼬리음봉,잔구간,0.17,-0.95,2026-10-05
NKTX,1.1,2.53,522107,463441,1.32,1.61,0.8,-0.2,-1.6,중립,음봉,전저점부근,0.67,0.25,2026-10-05
NMZ,1.1,8.76,2050670,1814182,17.96,14.8,1.2,-0.6,-1.6,매도주의,장대음봉,잔구간,0.2,-1.18,2026-10-05
NN,1.1,13.32,2610922,2468038,34.78,32.04,1.1,0.2,-4.9,강한매도,장대음봉,전저점이탈,0.24,-3.06,2026-10-05
NVDY,1.1,13.02,1767784,1602361,23.02,20.08,1.1,0.5,0.9,강한매수,양봉,전고점돌파,0.77,2.52,2026-10-05
QNST,1.1,14.99,952628,829696,14.28,19.67,0.7,-0.5,0.7,중립,위꼬리양봉,완만한상승,0.45,-0.16,2026-10-05
DV,1.1,13.44,2716636,2392635,36.51,29.97,1.2,0.0,-0.4,매도주의,장대음봉,잔구간,0.0,-1.3,2026-10-05
CADL,1.1,10.23,980886,921045,10.03,10.8,0.9,0.9,-0.4,중립,팽이도지,잔구간,0.57,0.04,2026-10-05
SHO,1.1,11.32,2085940,1835878,23.61,19.3,1.2,0.3,-0.9,중립,음봉,잔구간,0.49,-0.355,2026-10-05
MLTX,1.1,11.38,1867253,1742423,21.25,21.76,1.0,1.3,-1.6,중립,음봉,잔구간,0.36,-0.435,2026-10-05
CAN,1.1,0.333,8119887,7074815,2.7,4.14,0.7,1.4,-6.3,매도주의,장대음봉,잔구간,0.27,-1.14,2026-10-05
JRI,1.1,10.65,327589,290734,3.49,2.73,1.3,-0.5,-1.8,매도주의,장대음봉,잔구간,0.0,-1.3,2026-10-05
KBDC,1.1,12.7,410527,376587,5.21,4.95,1.1,0.5,-0.2,매도주의,위꼬리음봉,완만한상승,0.19,-0.97,2026-10-05
FWDI,1.1,8.11,2207817,1935061,17.91,18.6,1.0,2.0,-2.5,중립,음봉,잔구간,0.56,-0.315,2026-10-05
FWRG,1.1,10.51,1575709,1499555,16.56,13.43,1.2,0.7,-1.2,강한매수,망치형,수횡파,0.58,2.7,2026-10-05
TSLG,1.1,5.12,63713393,56206465,326.21,261.82,1.2,-1.2,5.6,매수관심,장대양봉,잔구간,0.85,1.21,2026-10-05
TSLR,1.1,17.77,1460339,1306450,25.95,27.06,1.0,-1.1,5.4,매수관심,장대양봉,잔구간,0.83,1.2,2026-10-05
JOBY,1.1,5.78,21583945,20546672,124.76,131.9,0.9,0.0,-2.9,강한매도,장대음봉,전저점이탈,0.25,-3.05,2026-10-05
TMQ,1.1,3.04,1190362,1072994,3.62,3.82,0.9,1.6,-3.2,중립,음봉,잔구간,0.22,-0.52,2026-10-05
INNV,1.1,9.0,878304,768368,7.9,12.55,0.6,0.6,-0.1,매수관심,팽이도지,완만한상승,0.68,1.12,2026-10-05
GPGI,1.1,12.98,1957010,1800826,25.4,19.0,1.3,-0.4,1.0,매수관심,팽이도지,완만한상승,0.65,1.08,2026-10-05
GPRO,1.1,1.36,10308947,8993858,14.02,14.33,1.0,-1.5,2.3,매수관심,양봉,완만한상승,0.5,1.6,2026-10-05
TLK,1.1,12.89,1002897,900692,12.93,12.09,1.1,2.0,0.7,중립,양봉,잔구간,0.59,0.405,2026-10-05
TLRY,1.1,3.72,4367158,3963898,16.25,16.07,1.0,1.0,2.1,중립,양봉,잔구간,0.61,0.415,2026-10-05
TDAY,1.1,7.43,2823987,2504770,20.98,16.84,1.2,4.3,1.1,강한매수,양봉,전고점돌파,0.53,2.24,2026-10-05
GMEU,1.1,9.45,1055146,989339,9.97,9.06,1.1,1.8,2.8,매수관심,양봉,완만한상승,0.44,1.53,2026-10-05
GNL,1.1,8.14,3782735,3392105,30.79,24.11,1.3,0.1,-1.5,매도주의,장대음봉,잔구간,0.0,-1.3,2026-10-05
GNW,1.1,9.59,4895537,4599905,46.95,37.73,1.2,-0.3,0.7,중립,양봉,잔구간,0.34,0.255,2026-10-05
GOOD,1.1,12.79,703937,634243,9.0,7.06,1.3,0.0,-1.2,중립,음봉,잔구간,0.06,-0.615,2026-10-05
SKHL,1.1,12.07,1954379,1748519,23.59,19.76,1.2,-1.3,1.1,매수관심,양봉스프링,잔구간,0.79,0.925,2026-10-05
SERV,1.1,4.88,2687403,2360263,13.11,12.82,1.0,0.3,5.4,강한매수,장대양봉,완만한상승,0.96,3.45,2026-10-05
SFD,1.1,18.73,1731064,1556831,32.42,35.2,0.9,-0.2,-0.5,중립,음봉,잔구간,0.19,-0.535,2026-10-05
EIKN,1.1,7.54,485356,427700,3.66,4.13,0.9,1.2,1.6,매수관심,양봉스프링,잔구간,0.81,0.935,2026-10-05
BLND,1.1,1.04,1532616,1414902,1.59,1.98,0.8,1.0,0.0,매수관심,팽이도지,완만한상승,0.57,0.98,2026-10-05
BIT,1.1,11.1,524918,468779,5.83,6.47,0.9,-0.2,-1.8,매도주의,장대음봉,전저점부근,0.0,-1.85,2026-10-05
MARO,1.1,3.82,1051878,939429,4.02,3.31,1.2,0.8,-1.3,중립,망치형,잔구간,0.7,0.62,2026-10-05
MATV,1.1,12.11,406793,374962,4.93,5.29,0.9,-1.0,2.8,중립,양봉,잔구간,0.96,0.625,2026-10-05
MLN,1.1,16.31,1638199,1478839,26.72,19.17,1.4,0.4,0.2,매수관심,양봉스프링,잔구간,0.94,1.015,2026-10-05
SMPL,1.1,9.94,2484818,2213976,24.7,19.92,1.2,0.2,0.9,중립,위꼬리양봉,완만한상승,0.33,-0.3,2026-10-05
SLS,1.1,11.63,4514189,4149467,52.5,59.12,0.9,0.3,-1.2,중립,망치형,잔구간,0.67,0.6,2026-10-05
RARE,1.1,14.5,4656685,4364374,67.52,75.09,0.9,0.2,-4.9,매도주의,장대음봉,잔구간,0.26,-1.145,2026-10-05
CLVT,1.1,1.45,4097192,3793963,5.94,6.72,0.9,0.0,-2.0,매도주의,음봉,전저점이탈,0.31,-1.68,2026-10-05
MNRO,1.1,13.64,817779,729344,11.15,12.4,0.9,-0.6,-3.3,매도주의,장대음봉,잔구간,0.18,-1.19,2026-10-05
MPT,1.1,3.31,12540648,10943093,41.51,36.78,1.1,-0.9,2.2,중립,양봉,잔구간,0.72,0.48,2026-10-05
CMRC,1.1,3.21,517417,487268,1.66,1.79,0.9,-1.2,0.0,중립,위꼬리양봉,잔구간,0.24,-0.655,2026-10-05
DGXX,1.1,3.73,2848717,2710893,10.63,11.6,0.9,0.3,-3.1,매도주의,음봉,전저점이탈,0.44,-1.52,2026-10-05
DNOW,1.1,15.9,2221792,1932567,35.33,29.31,1.2,-0.6,1.5,매수관심,양봉,완만한상승,0.58,1.7,2026-10-05
CRMG,1.1,7.87,874029,818860,6.88,9.47,0.7,-0.6,-3.7,중립,음봉,잔구간,0.26,-0.495,2026-10-05
CRSR,1.1,13.53,1081079,998638,14.63,14.35,1.0,1.3,-3.1,매도주의,장대음봉,잔구간,0.15,-1.21,2026-10-05
OI,1.1,5.57,4561717,3988094,25.41,21.05,1.2,-4.1,3.7,매수관심,장대양봉,잔구간,0.93,1.26,2026-10-05
OKLL,1.1,8.99,2087194,1885754,18.76,22.63,0.8,2.0,-1.5,중립,음봉,잔구간,0.29,-0.475,2026-10-05
FLO,1.1,5.6,7889197,6924401,44.18,43.43,1.0,-0.4,0.9,강한매수,양봉스프링,완만한상승,0.89,2.87,2026-10-05
LODE,1.1,2.28,1441673,1295941,3.29,3.47,0.9,1.3,-1.3,중립,음봉,잔구간,0.6,-0.29,2026-10-05
LEO,1.1,5.47,306255,281434,1.68,1.52,1.1,-0.9,-1.3,매도주의,장대음봉,잔구간,0.09,-1.245,2026-10-05
LFMD,1.1,2.72,802511,718748,2.18,2.11,1.0,4.4,-4.9,매도주의,장대음봉,전저점부근,0.26,-1.54,2026-10-05
NVOX,1.1,9.22,449511,399597,4.14,8.27,0.5,-2.2,3.6,매수관심,장대양봉,잔구간,0.97,1.28,2026-10-05
OXLC,1.1,8.93,1061434,972556,9.48,9.09,1.0,0.6,-0.3,중립,팽이도지,잔구간,0.35,-0.09,2026-10-05
OPFI,1.1,6.04,634938,556371,3.84,4.32,0.9,0.2,1.0,중립,양봉,잔구간,0.44,0.315,2026-10-05
BGY,1.1,5.63,336215,298474,1.89,1.59,1.2,0.0,0.2,매수관심,양봉스프링,잔구간,0.76,0.905,2026-10-05
BHVN,1.1,12.97,1671733,1556551,21.68,28.97,0.7,-0.2,0.9,매수관심,팽이도지,완만한상승,0.6,1.02,2026-10-05
OPRT,1.1,8.38,844895,779611,7.08,6.68,1.1,0.1,0.2,매수관심,팽이도지,완만한상승,0.43,0.82,2026-10-05
OMER,1.1,18.9,1068176,991394,20.19,27.09,0.7,1.1,0.4,중립,팽이도지,잔구간,0.58,0.05,2026-10-05
PSKY,1.1,9.775,31682587,28093551,309.7,332.13,0.9,-2.5,5.6,강한매수,장대양봉,완만한상승,0.87,3.34,2026-10-05
PTA,1.1,17.04,314410,297957,5.36,5.32,1.0,-0.2,-1.5,매도주의,장대음봉,전저점부근,0.18,-1.63,2026-10-05
CIM,1.1,9.18,1853800,1753763,17.02,16.93,1.0,0.1,-1.0,중립,음봉,잔구간,0.35,-0.44,2026-10-05
PUMP,1.1,9.59,4073750,3687932,39.07,37.32,1.0,0.3,3.1,매수관심,양봉,완만한상승,0.53,1.64,2026-10-05
TE,1.1,3.7,19806157,18691754,73.28,76.54,1.0,-0.3,-5.4,매도주의,장대음봉,잔구간,0.32,-1.11,2026-10-05
TEO,1.1,12.51,329088,308523,4.12,3.43,1.2,3.6,3.0,강한매수,장대양봉,완만한상승,0.71,3.15,2026-10-05
AVTR,1.1,15.81,8180402,7145118,129.33,129.38,1.0,0.0,3.1,강한매수,장대양봉,전고점돌파,0.9,3.98,2026-10-05
AVXL,1.1,1.645,2031596,1872928,3.34,2.82,1.2,-1.6,-8.1,강한매도,장대음봉,전저점이탈,0.08,-3.25,2026-10-05
BAK,1.1,1.61,1478541,1372623,2.38,2.26,1.1,13.2,-8.3,매도주의,장대음봉,전고점돌파,0.0,-1.1,2026-10-05
BANC,1.1,17.55,2586136,2359604,45.39,42.35,1.1,0.7,-1.8,매도주의,장대음봉,잔구간,0.12,-1.23,2026-10-05
BNL,1.1,18.4,2012446,1803155,37.03,35.89,1.0,0.0,-0.9,매도주의,장대음봉,잔구간,0.1,-1.24,2026-10-05
BDJ,1.1,9.34,712609,647006,6.66,4.65,1.4,0.2,-1.0,중립,음봉,잔구간,0.24,-0.505,2026-10-05
BGC,1.1,12.2,4051522,3826553,49.43,50.13,1.0,-0.1,3.7,강한매수,장대양봉,완만한상승,0.77,3.22,2026-10-05
KYN,1.1,14.06,384282,363149,5.4,4.58,1.2,0.2,0.9,매수관심,양봉,완만한상승,0.66,1.79,2026-10-05
GDXY,1.1,9.97,726919,659460,7.25,7.78,0.9,-0.3,0.2,중립,팽이도지,잔구간,0.69,0.115,2026-10-05
METC,1.1,7.995,2196539,1942865,17.56,17.34,1.0,1.6,-2.9,매도주의,장대음봉,잔구간,0.12,-1.23,2026-10-05
SVRA,1.1,4.78,2862732,2601499,13.68,14.57,0.9,0.8,-1.4,중립,음봉,잔구간,0.34,-0.445,2026-10-05
KPTI,1.1,0.67,1983903,1812254,1.33,1.92,0.7,0.0,-16.4,강한매도,장대음봉,전저점이탈,0.25,-3.05,2026-10-05
AVS,1.1,7.975,9188895,8508629,73.28,73.94,1.0,-0.8,-1.3,매도주의,음봉,전저점이탈,0.19,-1.82,2026-10-05
BIOA,1.1,6.36,783353,693111,4.98,5.59,0.9,0.6,-4.4,강한매도,장대음봉,전저점이탈,0.28,-3.01,2026-10-05
TALO,1.1,17.01,1926012,1812995,32.76,30.76,1.1,-1.0,2.4,매수관심,양봉,완만한상승,0.65,1.78,2026-10-05
TARA,1.1,2.63,1397596,1231129,3.68,6.89,0.5,0.4,-3.0,중립,음봉,전저점부근,0.42,-0.05,2026-10-05
ATEC,1.1,10.72,2063598,1957776,22.12,18.91,1.2,-0.5,7.4,강한매수,장대양봉,전고점돌파,0.96,4.05,2026-10-05
SUIG,1.1,1.68,1201234,1077566,2.02,2.13,0.9,4.9,-2.3,매도주의,위꼬리음봉,완만한상승,0.14,-1.03,2026-10-05
ICLN,1.1,17.29,7223966,6450889,124.9,111.81,1.1,0.7,-0.1,강한매수,망치형,완만한상승,0.78,2.24,2026-10-05
HUCK,1.1,3.19,707271,671827,2.26,3.18,0.7,0.0,-0.3,중립,팽이도지,잔구간,0.37,-0.08,2026-10-05
HLLY,1.1,2.29,823984,782381,1.89,3.1,0.6,0.4,-2.6,매도주의,장대음봉,전저점부근,0.4,-1.37,2026-10-05
WSC,1.1,17.07,3157789,2929624,53.9,59.25,0.9,0.0,-1.3,중립,음봉,잔구간,0.39,-0.415,2026-10-05
IMXI,1.1,11.78,686493,628882,8.09,8.66,0.9,-0.5,2.9,매수관심,장대양봉,전고점부근,0.87,1.99,2026-10-05
WCT,1.1,1.01,1191667,1061099,1.2,9.69,0.1,-17.8,-4.7,중립,음봉,전저점부근,0.39,-0.08,2026-10-05
WEN,1.1,6.1,6056608,5410356,36.95,34.76,1.1,0.0,-0.3,강한매수,망치형,전저점부근,0.82,3.13,2026-10-05
AIRJ,1.1,3.78,845832,788778,3.2,3.32,1.0,0.0,-3.6,매도주의,장대음봉,잔구간,0.03,-1.28,2026-10-05
AIRO,1.1,6.49,368124,338312,2.39,2.2,1.1,-0.2,-1.4,중립,음봉,잔구간,0.22,-0.52,2026-10-05
WIT,1.1,1.69,8127261,7263264,13.74,15.72,0.9,-1.2,-0.6,매도주의,위꼬리음봉,잔구간,0.25,-0.9,2026-10-05
VUZI,1.1,2.98,950263,843934,2.83,3.26,0.9,0.0,0.0,강한매수,양봉스프링,완만한상승,0.8,2.76,2026-10-05
AES,1.1,14.9,9216780,8213575,137.33,133.54,1.0,0.0,-0.1,중립,음봉,잔구간,0.0,-0.65,2026-10-05
AESI,1.1,12.72,4748923,4464342,60.41,55.22,1.1,1.1,4.5,강한매수,장대양봉,완만한상승,0.61,3.03,2026-10-05
CRCA,1.1,17.78,470083,413620,8.36,10.68,0.8,4.7,-0.1,중립,팽이도지,잔구간,0.35,-0.09,2026-10-05
COMP,1.1,9.29,18344525,17332437,170.42,173.08,1.0,0.1,0.7,매수관심,팽이도지,완만한상승,0.46,0.85,2026-10-05
PMVP,1.1,1.78,1185465,1099145,2.11,1.88,1.1,0.6,-1.1,중립,팽이도지,잔구간,0.57,0.04,2026-10-05
COTY,1.1,2.72,5206136,4592968,14.16,13.35,1.1,0.0,2.3,매수관심,양봉,완만한상승,0.58,1.7,2026-10-05
PLTD,1.1,4.74,18912988,17449328,89.65,101.48,0.9,-0.3,0.3,매수관심,팽이도지,완만한상승,0.69,1.13,2026-10-05
PLX,1.1,2.71,984060,867407,2.67,2.1,1.3,-1.1,1.1,매수관심,양봉,완만한상승,0.67,1.8,2026-10-05
ACI,1.1,11.51,7120522,6644348,81.96,82.94,1.0,-0.2,-1.9,매도주의,장대음봉,잔구간,0.22,-1.17,2026-10-05
VNET,1.1,5.445,6062907,5323347,33.01,32.41,1.0,1.0,5.1,매수관심,장대양봉,잔구간,0.71,1.125,2026-10-05
ANIX,1.1,2.95,369463,333341,1.09,1.0,1.1,1.0,-1.0,중립,망치형,전고점부근,0.65,0.73,2026-10-05
XPRO,1.1,16.77,919172,870873,15.41,12.24,1.3,0.2,2.7,중립,양봉,잔구간,0.51,0.355,2026-10-05
ZUMZ,1.1,13.73,300583,281566,4.13,4.86,0.8,-0.2,3.5,매수관심,장대양봉,잔구간,0.78,1.17,2026-10-05
ZIP,1.1,3.61,615384,568789,2.22,2.25,1.0,-1.1,2.8,강한매수,장대양봉,완만한상승,0.67,3.1,2026-10-05
ACVA,1.1,10.5,7627292,6727098,80.09,95.03,0.8,0.1,0.4,강한매수,장대양봉,전고점돌파,1.0,4.1,2026-10-05
ACP,1.1,4.37,1149303,1064267,5.02,4.54,1.1,-0.2,-1.8,강한매도,장대음봉,전저점이탈,0.0,-3.35,2026-10-05
ACCO,1.1,4.34,538400,504533,2.34,2.27,1.0,-0.7,1.6,강한매수,장대양봉,완만한상승,0.91,3.39,2026-10-05
ADAM,1.0,7.72,1328744,1285258,10.26,12.28,0.8,0.0,-1.2,중립,음봉,잔구간,0.26,-0.495,2026-10-05
WY,1.0,18.49,7636693,7738883,141.2,159.26,0.9,-0.3,0.4,중립,팽이도지,전저점부근,0.41,0.64,2026-10-05
VSTS,1.0,14.01,1238360,1207396,17.35,19.15,0.9,-0.6,0.5,중립,팽이도지,잔구간,0.68,0.11,2026-10-05
VIXY,1.0,16.54,1473874,1463764,24.38,32.56,0.7,-0.7,-0.4,중립,망치형,잔구간,0.76,0.655,2026-10-05
ADTN,1.0,7.15,1782045,1856026,12.74,11.23,1.1,1.1,0.4,강한매수,양봉스프링,완만한상승,0.87,2.84,2026-10-05
ADMA,1.0,10.11,3512369,3512477,35.51,30.15,1.2,-0.9,5.0,매수관심,장대양봉,잔구간,0.86,1.215,2026-10-05
VNM,1.0,16.895,374521,392847,6.33,7.17,0.9,0.8,0.3,중립,양봉,잔구간,0.89,0.585,2026-10-05
POET,1.0,7.81,7411464,7336608,57.88,63.54,0.9,0.3,-0.1,강한매수,망치형,완만한상승,0.94,2.43,2026-10-05
PPLT,1.0,15.58,2409312,2333325,37.54,30.34,1.2,1.2,-0.3,중립,망치형,잔구간,0.76,0.655,2026-10-05
PLTK,1.0,2.18,849629,863087,1.85,2.08,0.9,0.0,0.0,매수관심,팽이도지,완만한상승,0.71,1.15,2026-10-05
PML,1.0,6.47,1356079,1369025,8.77,7.84,1.1,-0.8,-0.5,중립,망치형,잔구간,0.67,0.6,2026-10-05
CPRI,1.0,14.49,3070746,3201171,44.5,66.02,0.7,-0.6,1.0,중립,양봉,잔구간,0.83,0.55,2026-10-05
CRBP,1.0,5.85,793491,794586,4.64,4.95,0.9,0.7,-5.2,강한매도,장대음봉,전저점이탈,0.06,-3.28,2026-10-05
CONL,1.0,5.81,18077033,17228522,105.03,138.22,0.8,4.3,0.9,중립,팽이도지,잔구간,0.5,0.0,2026-10-05
PMM,1.0,5.47,304754,310894,1.67,1.49,1.1,-0.5,-2.7,매도주의,장대음봉,잔구간,0.25,-1.15,2026-10-05
CWEB,1.0,18.43,667138,673085,12.3,21.58,0.6,2.6,3.3,매수관심,장대양봉,잔구간,0.9,1.24,2026-10-05
CPB,1.0,19.3,7596298,7684948,146.61,146.11,1.0,-0.5,-1.1,중립,음봉,잔구간,0.21,-0.525,2026-10-05
XPOF,1.0,4.64,947865,912069,4.4,3.73,1.2,-1.5,0.2,중립,팽이도지,잔구간,0.59,0.055,2026-10-05
AEHG,1.0,9.73,1310334,1343221,12.75,11.36,1.1,1.6,-6.4,중립,음봉,잔구간,0.47,-0.37,2026-10-05
AGNC,1.0,8.65,43350886,43313225,374.99,372.28,1.0,0.0,-1.6,강한매도,장대음봉,전저점이탈,0.14,-3.18,2026-10-05
YELP,1.0,18.5,1416396,1417599,26.2,28.51,0.9,-0.5,1.8,매수관심,양봉,완만한상승,0.5,1.6,2026-10-05
YEXT,1.0,6.62,822132,856911,5.44,6.09,0.9,-0.7,2.4,강한매수,장대양봉,완만한상승,0.77,3.22,2026-10-05
WEST,1.0,8.22,327951,333968,2.7,2.66,1.0,0.0,1.0,매수관심,양봉,완만한상승,0.43,1.52,2026-10-05
AIRS,1.0,1.91,832377,837562,1.59,1.95,0.8,2.3,5.5,매수관심,장대양봉,잔구간,0.68,1.11,2026-10-05
WNC,1.0,13.99,1145872,1108699,16.03,14.37,1.1,-0.1,-0.2,중립,팽이도지,잔구간,0.33,-0.1,2026-10-05
WRN,1.0,2.16,985712,1036388,2.13,2.65,0.8,0.5,-1.4,중립,음봉,잔구간,0.42,-0.4,2026-10-05
WTI,1.0,3.6,3509623,3535959,12.63,12.96,1.0,-1.4,2.6,중립,양봉,잔구간,0.62,0.42,2026-10-05
WU,1.0,6.1,8291890,8225299,50.58,55.35,0.9,0.2,1.5,매수관심,장대양봉,잔구간,0.83,1.2,2026-10-05
VXX,1.0,17.2,7430966,7138162,127.81,136.75,0.9,-0.5,-0.6,중립,음봉,전저점부근,0.4,-0.07,2026-10-05
GEVO,1.0,1.29,2465552,2568874,3.18,3.84,0.8,-0.8,-0.8,매도주의,팽이도지,전저점이탈,0.4,-0.87,2026-10-05
IMUX,1.0,8.07,491256,504142,3.96,4.8,0.8,0.5,0.9,강한매수,양봉스프링,완만한상승,0.79,2.75,2026-10-05
IEP,1.0,6.67,823915,798140,5.5,6.75,0.8,0.3,-0.3,중립,팽이도지,잔구간,0.4,-0.06,2026-10-05
HSAI,1.0,15.91,761518,791697,12.12,15.7,0.8,1.4,2.0,중립,양봉,잔구간,0.68,0.46,2026-10-05
HSHP,1.0,18.06,445315,456918,8.04,9.89,0.8,-0.2,-0.4,중립,망치형,잔구간,0.82,0.69,2026-10-05
HTGC,1.0,16.69,1177180,1215535,19.65,20.16,1.0,0.1,-0.4,매도주의,위꼬리음봉,잔구간,0.11,-0.985,2026-10-05
HLF,1.0,12.5,1030366,1072051,12.88,15.17,0.8,0.0,-0.5,중립,팽이도지,잔구간,0.54,0.025,2026-10-05
FLNC,1.0,7.65,5662455,5916969,43.32,58.17,0.7,-0.1,0.7,강한매수,양봉스프링,완만한상승,0.97,2.96,2026-10-05
ATTO,1.0,17.995,455958,467623,8.2,9.54,0.9,0.3,4.5,강한매수,장대양봉,수횡파,0.78,3.94,2026-10-05
STUB,1.0,5.53,5991769,6197508,33.13,39.15,0.8,0.0,2.2,매수관심,양봉,완만한상승,0.59,1.71,2026-10-05
SVC,1.0,6.38,1258229,1218747,8.03,7.99,1.0,-0.2,0.2,매수관심,팽이도지,완만한상승,0.64,1.07,2026-10-05
AUPH,1.0,15.72,802893,777154,12.62,12.94,1.0,-0.4,-0.3,강한매수,망치형,전저점부근,0.6,2.87,2026-10-05
AVEX,1.0,14.93,1621927,1628431,24.22,21.79,1.1,0.3,2.8,중립,양봉,잔구간,0.84,0.555,2026-10-05
AVO,1.0,12.7,879942,862923,11.18,11.84,0.9,-0.4,-0.5,중립,팽이도지,잔구간,0.31,-0.115,2026-10-05
AVPT,1.0,14.66,3169442,3333018,46.46,33.99,1.4,-1.1,5.4,강한매수,장대양봉,전고점돌파,0.95,4.04,2026-10-05
LAND,1.0,9.68,553885,582144,5.36,5.3,1.0,-0.3,1.6,강한매수,장대양봉,완만한상승,0.78,3.24,2026-10-05
KRNY,1.0,9.27,495138,483022,4.59,4.51,1.0,-0.3,-0.2,중립,망치형,잔구간,0.67,0.6,2026-10-05
KRP,1.0,14.79,762247,798916,11.27,13.84,0.8,0.3,1.2,중립,양봉,전고점부근,0.82,0.63,2026-10-05
KVYO,1.0,16.7,4255608,4446541,71.07,97.75,0.7,0.7,5.6,매수관심,장대양봉,잔구간,0.95,1.27,2026-10-05
MDU,1.0,18.69,2230182,2231251,41.68,37.18,1.1,0.0,0.4,강한매수,양봉스프링,완만한상승,0.83,2.8,2026-10-05
BBDC,1.0,8.55,538780,566036,4.61,4.33,1.1,0.1,-1.0,중립,음봉,전저점부근,0.13,-0.39,2026-10-05
SOFX,1.0,7.08,1506990,1497539,10.67,14.43,0.7,-0.3,2.3,중립,양봉,잔구간,0.41,0.295,2026-10-05
SRPT,1.0,17.49,2198641,2243614,38.45,44.06,0.9,-0.7,0.6,매수관심,양봉스프링,잔구간,0.87,0.97,2026-10-05
BOBS,1.0,14.15,868409,890221,12.29,14.1,0.9,-0.4,0.1,중립,팽이도지,잔구간,0.53,0.02,2026-10-05
BETR,1.0,11.13,570054,559913,6.34,8.41,0.8,-0.1,-5.5,중립,음봉,잔구간,0.37,-0.43,2026-10-05
KD,1.0,11.61,4419656,4247653,51.31,53.37,1.0,-0.1,0.5,중립,팽이도지,잔구간,0.42,-0.05,2026-10-05
BATL,1.0,1.05,2295260,2268863,2.41,3.71,0.7,0.0,1.9,매수관심,양봉,완만한상승,0.8,1.96,2026-10-05
PTON,1.0,5.01,8413723,8320580,42.15,48.74,0.9,0.0,1.8,중립,양봉,잔구간,0.74,0.495,2026-10-05
CLBT,1.0,11.2,3111028,2996610,34.84,33.27,1.0,0.3,0.9,중립,양봉,잔구간,0.63,0.43,2026-10-05
PURR,1.0,12.92,15804472,16462159,204.19,271.05,0.8,5.0,3.4,매수관심,장대양봉,잔구간,0.79,1.175,2026-10-05
CGBD,1.0,10.56,484597,491257,5.12,4.57,1.1,-0.2,-0.7,강한매도,위꼬리음봉,전저점이탈,0.03,-2.81,2026-10-05
CGC,1.0,0.884,1723964,1760043,1.52,2.21,0.7,1.1,-0.1,중립,팽이도지,잔구간,0.5,0.0,2026-10-05
CGEM,1.0,16.04,1082965,1135678,17.37,22.89,0.8,0.5,2.9,매수관심,양봉,완만한상승,0.64,1.77,2026-10-05
ORC,1.0,5.05,7878548,8144035,39.79,38.07,1.0,-0.4,-0.8,중립,음봉,잔구간,0.36,-0.435,2026-10-05
CHWY,1.0,18.22,8074268,8486077,147.11,188.78,0.8,-0.6,0.9,매수관심,양봉,수횡파,0.94,1.83,2026-10-05
CIFR,1.0,15.48,29654636,29615252,459.05,533.71,0.9,0.5,-2.0,중립,음봉,잔구간,0.62,-0.28,2026-10-05
CSHR,1.0,4.84,359312,356966,1.74,1.83,0.9,0.4,-2.6,매도주의,장대음봉,잔구간,0.2,-1.18,2026-10-05
OSG,1.0,4.58,493199,499491,2.26,2.02,1.1,0.2,-0.7,중립,팽이도지,잔구간,0.4,-0.06,2026-10-05
OPEN,1.0,2.31,27099659,28313355,62.6,73.84,0.8,-0.8,-4.5,매도주의,장대음봉,잔구간,0.14,-1.215,2026-10-05
OPK,1.0,1.57,1645120,1668410,2.58,3.44,0.8,0.0,0.6,중립,팽이도지,잔구간,0.6,0.06,2026-10-05
BHC,1.0,5.89,1473454,1456042,8.68,10.07,0.9,-1.2,2.8,강한매수,장대양봉,완만한상승,0.72,3.16,2026-10-05
SSTK,1.0,4.01,904013,930792,3.63,3.55,1.0,-0.3,5.5,매수관심,장대양봉,잔구간,0.93,1.26,2026-10-05
FLOC,1.0,18.49,678829,657852,12.55,10.35,1.2,1.8,-1.6,중립,음봉,완만한상승,0.17,-0.2,2026-10-05
LPTH,1.0,10.81,2252747,2249192,24.35,23.49,1.0,1.1,-3.1,매도주의,장대음봉,잔구간,0.3,-1.12,2026-10-05
NWBI,1.0,15.04,1025199,1073769,15.42,15.71,1.0,-0.1,-0.9,매도주의,장대음봉,잔구간,0.27,-1.14,2026-10-05
NWL,1.0,5.48,4652010,4754366,25.49,27.43,0.9,-0.9,2.4,강한매수,장대양봉,완만한상승,0.79,3.25,2026-10-05
CRON,1.0,3.25,1217291,1185414,3.96,3.2,1.2,0.2,0.6,중립,위꼬리양봉,완만한상승,0.23,-0.42,2026-10-05
DBI,1.0,5.97,636329,647837,3.8,3.89,1.0,0.0,-1.5,중립,음봉,잔구간,0.55,-0.32,2026-10-05
DC,1.0,5.93,1116169,1165661,6.62,10.93,0.6,-0.5,0.7,매수관심,양봉스프링,잔구간,0.88,0.98,2026-10-05
OBE,1.0,10.5,637443,652995,6.69,7.93,0.8,-1.3,2.3,중립,양봉,잔구간,0.72,0.48,2026-10-05
DNLI,1.0,19.91,1717655,1784636,34.2,41.25,0.8,0.4,-0.9,중립,망치형,잔구간,0.68,0.61,2026-10-05
DNN,1.0,2.63,27807817,27076932,73.13,66.07,1.1,0.4,1.9,매수관심,양봉,완만한상승,0.78,1.94,2026-10-05
QYLD,1.0,18.66,3573701,3433091,66.69,72.53,0.9,0.1,0.1,강한매수,양봉,전고점돌파,1.0,2.8,2026-10-05
RAMZ,1.0,13.27,437355,418194,5.8,5.3,1.1,0.2,0.1,매수관심,팽이도지,완만한상승,0.68,1.12,2026-10-05
CLSK,1.0,12.48,14851575,15569729,185.35,230.44,0.8,1.2,-3.2,중립,음봉,잔구간,0.46,-0.375,2026-10-05
MNTS,1.0,3.58,591476,574837,2.12,2.52,0.8,-0.3,-3.2,매도주의,음봉,전저점이탈,0.35,-1.63,2026-10-05
MLCO,1.0,4.23,1752977,1835469,7.42,8.71,0.9,0.0,1.0,중립,위꼬리양봉,잔구간,0.38,-0.57,2026-10-05
SNDL,1.0,1.25,1217262,1217437,1.52,1.61,0.9,0.8,0.0,중립,팽이도지,잔구간,0.67,0.1,2026-10-05
SLN,1.0,10.14,976296,963285,9.9,10.1,1.0,-0.2,-4.5,강한매도,장대음봉,전저점이탈,0.15,-3.17,2026-10-05
LXRX,1.0,1.74,2716386,2684078,4.73,7.57,0.6,0.5,-4.9,강한매도,장대음봉,전저점이탈,0.18,-3.13,2026-10-05
BLDP,1.0,2.06,1961878,2015458,4.04,4.48,0.9,0.5,0.0,강한매수,양봉스프링,완만한상승,0.92,2.9,2026-10-05
BLMN,1.0,8.28,2747966,2890677,22.75,23.86,1.0,0.4,-2.7,중립,음봉,잔구간,0.44,-0.385,2026-10-05
BNC,1.0,6.07,702567,720799,4.26,7.74,0.6,5.8,-1.9,매도주의,장대음봉,완만한상승,0.23,-1.42,2026-10-05
SNDX,1.0,17.83,1459828,1526787,26.03,32.57,0.8,-0.1,1.4,강한매수,장대양봉,완만한상승,0.63,3.06,2026-10-05
MARA,1.0,11.17,33526222,33558858,374.49,470.63,0.8,1.4,-1.9,중립,음봉,잔구간,0.6,-0.29,2026-10-05
MASS,1.0,12.8,419452,412751,5.37,4.58,1.2,0.0,0.9,강한매수,양봉스프링,완만한상승,0.91,2.89,2026-10-05
MBC,1.0,6.98,2893247,3038204,20.19,23.67,0.9,-0.6,0.0,중립,팽이도지,잔구간,0.6,0.06,2026-10-05
MCHB,1.0,14.93,538702,522445,8.04,7.3,1.1,-0.2,0.4,매수관심,팽이도지,완만한상승,0.71,1.15,2026-10-05
ELDN,1.0,2.5,725896,713535,1.81,2.51,0.7,1.6,-1.2,중립,팽이도지,잔구간,0.42,-0.05,2026-10-05
EMBC,1.0,5.88,1044772,1019492,6.14,5.28,1.2,-1.1,5.2,강한매수,장대양봉,완만한상승,0.78,3.24,2026-10-05
NABL,1.0,4.46,1906813,1966041,8.5,9.01,0.9,1.4,4.0,강한매수,장대양봉,전고점돌파,1.0,4.1,2026-10-05
SIDU,1.0,1.75,4475409,4352460,7.83,7.79,1.0,0.0,-3.3,매도주의,장대음봉,전저점부근,0.25,-1.55,2026-10-05
SION,1.0,4.85,1097395,1108813,5.32,7.37,0.7,0.8,-2.0,강한매수,망치형,전저점부근,0.67,2.95,2026-10-05
SFL,1.0,13.5,1208254,1203523,16.31,18.5,0.9,0.7,-0.3,매수관심,팽이도지,완만한상승,0.66,1.09,2026-10-05
SGMT,1.0,9.03,1528740,1529258,13.8,18.47,0.7,-0.7,-0.5,중립,망치형,잔구간,0.88,0.73,2026-10-05
SGRY,1.0,13.33,1566777,1591902,20.89,37.18,0.6,-0.5,0.5,매수관심,팽이도지,완만한상승,0.5,0.9,2026-10-05
SCZM,1.0,8.93,303314,295384,2.71,3.52,0.8,0.8,0.7,중립,팽이도지,잔구간,0.67,0.1,2026-10-05
EYE,1.0,16.52,1660564,1690919,27.43,35.56,0.8,0.4,0.3,매수관심,팽이도지,완만한상승,0.64,1.07,2026-10-05
TDUP,1.0,2.17,1380791,1433593,3.0,3.58,0.8,-0.9,0.9,강한매수,양봉,완만한상승,0.89,2.07,2026-10-05
GOSS,1.0,10.65,391008,383016,4.16,3.88,1.1,-0.1,-0.5,중립,팽이도지,잔구간,0.66,0.095,2026-10-05
INGN,1.0,5.94,348973,364350,2.07,2.58,0.8,-0.3,-0.2,중립,팽이도지,잔구간,0.36,-0.085,2026-10-05
AQN,1.0,5.07,4242578,4373984,21.51,21.75,1.0,0.4,-1.0,매도주의,장대음봉,잔구간,0.38,-1.07,2026-10-05
TSLT,1.0,14.3,2096070,2107975,29.97,25.96,1.2,-0.9,5.2,중립,양봉,잔구간,0.83,0.55,2026-10-05
TRLV,1.0,10.65,1899181,1995908,20.23,31.28,0.6,-0.2,-0.5,중립,팽이도지,잔구간,0.62,0.07,2026-10-05
TRTX,1.0,6.02,1368716,1426001,8.24,8.58,1.0,0.3,-2.3,강한매도,장대음봉,전저점이탈,0.03,-3.31,2026-10-05
TSLL,1.0,10.21,66017465,65719366,674.04,640.18,1.1,-1.0,5.3,중립,양봉,잔구간,0.82,0.54,2026-10-05
LENZ,1.0,3.59,777424,762550,2.79,3.07,0.9,0.6,-0.3,중립,망치형,잔구간,0.93,0.76,2026-10-05
FUBO,1.0,8.62,1072265,1057606,9.24,10.8,0.9,-0.1,-0.3,중립,망치형,잔구간,0.67,0.6,2026-10-05
JQC,1.0,4.62,1014281,987117,4.69,5.06,0.9,-0.4,-0.6,중립,음봉,잔구간,0.11,-0.585,2026-10-05
FUMB,1.0,19.92,306237,301197,6.1,4.49,1.4,0.1,-0.1,매도주의,장대음봉,잔구간,0.33,-1.1,2026-10-05
FUN,1.0,12.13,3154104,3306840,38.26,31.47,1.2,0.0,4.6,중립,양봉,잔구간,0.88,0.58,2026-10-05
FWRD,1.0,15.07,525728,506151,7.92,7.91,1.0,-0.4,-4.9,매도주의,장대음봉,잔구간,0.07,-1.26,2026-10-05
SLDB,1.0,7.06,1372173,1417021,9.69,10.27,0.9,0.4,2.6,중립,양봉,잔구간,0.67,0.45,2026-10-05
SIBN,1.0,19.81,632024,625004,12.52,11.01,1.1,1.0,8.5,강한매수,장대양봉,전고점돌파,0.98,4.08,2026-10-05
MNR,1.0,10.55,577199,593259,6.09,7.67,0.8,0.0,2.5,매수관심,양봉,완만한상승,0.72,1.86,2026-10-05
MFIC,1.0,8.51,712593,685783,6.06,5.82,1.0,0.1,-1.4,매도주의,음봉,전저점이탈,0.12,-1.91,2026-10-05
EVLV,1.0,4.48,2170351,2176355,9.72,10.11,1.0,-0.7,-1.3,매도주의,음봉,전저점이탈,0.17,-1.85,2026-10-05
REAL,1.0,9.32,2406076,2454645,22.42,25.77,0.9,1.1,3.6,강한매수,장대양봉,전고점돌파,0.61,3.63,2026-10-05
DX,1.0,10.83,8838752,8604268,95.72,89.41,1.1,-0.2,-1.5,강한매도,장대음봉,전저점이탈,0.09,-3.24,2026-10-05
CABA,1.0,2.08,5407207,5571328,11.25,12.48,0.9,0.5,3.5,중립,양봉,잔구간,0.76,0.505,2026-10-05
CABO,1.0,11.25,565933,587492,6.37,7.43,0.9,-2.8,-5.2,중립,음봉,잔구간,0.22,-0.52,2026-10-05
NRXP,1.0,2.87,680823,681399,1.95,1.97,1.0,0.2,-1.4,중립,망치형,잔구간,0.59,0.555,2026-10-05
NTLA,1.0,12.75,4967540,4760597,63.34,55.89,1.1,0.7,3.2,중립,양봉,전고점부근,0.87,0.69,2026-10-05
ECVT,1.0,10.37,1030626,1078903,10.69,10.77,1.0,0.0,2.5,강한매수,장대양봉,완만한상승,0.84,3.31,2026-10-05
NOMD,1.0,10.69,1057111,1026226,11.3,13.5,0.8,0.1,0.3,매수관심,팽이도지,수횡파,0.7,0.84,2026-10-05
NPKI,1.0,11.81,780664,786973,9.22,10.35,0.9,0.3,-0.2,중립,팽이도지,완만한상승,0.28,0.64,2026-10-05
NRDS,1.0,8.83,727757,714802,6.43,7.39,0.9,-0.2,2.6,강한매수,장대양봉,완만한상승,0.96,3.45,2026-10-05
NIO,1.0,3.42,26310805,26367766,89.98,107.93,0.8,1.5,0.0,중립,팽이도지,잔구간,0.29,-0.125,2026-10-05
NKX,1.0,10.41,501111,493021,5.22,4.1,1.3,0.0,-1.1,매도주의,음봉,전저점이탈,0.4,-1.57,2026-10-05
NMFC,1.0,6.85,732836,721564,5.02,4.12,1.2,0.0,-1.3,중립,음봉,전저점부근,0.13,-0.39,2026-10-05
NMR,1.0,9.75,585673,607285,5.71,6.69,0.9,-0.3,0.5,중립,양봉,잔구간,0.6,0.41,2026-10-05
SBET,1.0,9.59,5668677,5945035,54.36,81.16,0.7,2.5,0.1,중립,팽이도지,잔구간,0.47,-0.02,2026-10-05
SBGI,1.0,12.64,525556,510065,6.64,6.33,1.0,-0.5,2.2,중립,양봉,잔구간,0.76,0.505,2026-10-05
MSOS,1.0,4.39,4513058,4530190,19.81,35.76,0.6,0.0,-1.8,중립,음봉,잔구간,0.27,-0.49,2026-10-05
PEB,1.0,19.1,2293003,2285892,43.8,41.23,1.1,-0.2,0.3,매수관심,팽이도지,완만한상승,0.68,1.12,2026-10-05
ARDX,1.0,3.39,4253035,4099758,14.42,13.36,1.1,0.3,1.2,중립,양봉,잔구간,0.79,0.525,2026-10-05
ARHS,1.0,10.11,1656118,1583608,16.74,17.1,1.0,-0.1,-1.2,중립,음봉,잔구간,0.54,-0.325,2026-10-05
ARR,1.0,13.53,5049522,4992766,68.32,61.84,1.1,-0.1,-0.3,중립,팽이도지,잔구간,0.26,-0.145,2026-10-05
ARRY,1.0,3.9,6320175,6473918,24.65,25.7,1.0,0.5,-4.9,매도주의,장대음봉,잔구간,0.11,-1.235,2026-10-05
UAE,1.0,19.75,301364,314780,5.95,7.13,0.8,0.4,0.6,매수관심,장대양봉,잔구간,0.6,1.06,2026-10-05
UROY,1.0,4.07,2795001,2851150,11.38,11.53,1.0,0.5,2.0,중립,양봉,잔구간,0.83,0.55,2026-10-05
ARVN,1.0,7.46,628531,649243,4.69,5.81,0.8,0.7,0.0,매수관심,양봉스프링,잔구간,0.84,0.955,2026-10-05
ASC,1.0,19.34,687791,711500,13.3,11.99,1.1,2.3,-2.1,매도주의,음봉,전고점부근,0.44,-1.22,2026-10-05
ASPI,1.0,2.93,5265312,5493300,15.43,12.89,1.2,0.7,0.0,매수관심,팽이도지,완만한상승,0.42,0.8,2026-10-05
ASTL,1.0,4.45,833550,827633,3.71,3.41,1.1,0.2,2.3,매수관심,양봉,완만한상승,0.54,1.65,2026-10-05
USGG,1.0,3.779,486568,499325,1.84,2.7,0.7,1.5,-0.6,중립,망치형,잔구간,0.79,0.675,2026-10-05
UNG,1.0,10.55,28519130,29810484,300.88,392.75,0.8,-0.8,1.5,중립,양봉,잔구간,0.89,0.585,2026-10-05
HDSN,1.0,5.215,303698,296449,1.58,2.24,0.7,-0.4,0.1,매수관심,양봉스프링,잔구간,0.79,0.925,2026-10-05
HIVE,1.0,2.9,9800450,9476284,28.42,34.25,0.8,2.5,-4.9,매도주의,장대음봉,잔구간,0.29,-1.125,2026-10-05
ALLO,1.0,1.5,4443265,4631759,6.66,9.03,0.7,-0.3,0.3,매수관심,팽이도지,전저점부근,0.71,1.0,2026-10-05
MSTY,1.0,16.74,2407173,2391216,40.3,49.5,0.8,2.7,-0.4,중립,망치형,잔구간,0.7,0.62,2026-10-05
BTX,1.0,9.38,509766,503498,4.78,3.91,1.2,0.2,1.5,강한매수,장대양봉,전고점돌파,1.0,4.1,2026-10-05
BTBT,1.0,1.54,18970319,18165874,29.21,40.93,0.7,1.2,-6.7,강한매도,장대음봉,전저점이탈,0.2,-3.11,2026-10-05
MUC,1.0,9.64,927637,956880,8.94,8.34,1.1,-0.5,-0.5,중립,음봉,잔구간,0.44,-0.385,2026-10-05
MRTN,1.0,13.05,719981,723217,9.4,9.72,1.0,-0.4,-1.7,중립,음봉,잔구간,0.17,-0.55,2026-10-05
MSDL,1.0,13.56,677919,686366,9.19,7.05,1.3,0.5,-0.3,매도주의,위꼬리음봉,잔구간,0.16,-0.955,2026-10-05
REPL,1.0,13.15,2275898,2242820,29.93,28.99,1.0,0.5,0.1,강한매수,양봉스프링,완만한상승,0.82,2.78,2026-10-05
NTST,1.0,17.44,1922539,1858433,33.53,36.31,0.9,-0.2,-0.3,중립,팽이도지,잔구간,0.43,-0.04,2026-10-05
RGTX,1.0,8.69,1191865,1252409,10.36,12.0,0.9,-0.1,-0.9,강한매수,망치형,전저점부근,0.78,3.09,2026-10-05
RIVN,1.0,14.6,26154402,27021230,381.85,399.97,1.0,-0.3,2.4,매수관심,장대양봉,잔구간,0.96,1.275,2026-10-05
RLAY,1.0,19.39,2936413,2803339,56.94,58.11,1.0,0.2,2.1,강한매수,양봉,전고점돌파,0.99,2.79,2026-10-05
CERS,1.0,2.34,1843113,1838450,4.31,5.19,0.8,0.0,2.6,중립,양봉,잔구간,0.75,0.5,2026-10-05
CERT,1.0,10.07,2940704,2939963,29.61,25.25,1.2,0.0,7.6,강한매수,장대양봉,전고점돌파,1.0,4.1,2026-10-05
EOSU,1.0,5.09,365028,377639,1.86,2.63,0.7,-1.2,5.6,강한매수,양봉,완만한상승,1.0,2.2,2026-10-05
EROC,1.0,12.39,2291681,2389621,28.39,26.86,1.1,-0.8,-1.3,중립,망치형,잔구간,0.62,0.57,2026-10-05
RMNI,1.0,4.18,322562,315020,1.35,1.61,0.8,1.9,-3.2,매도주의,장대음봉,잔구간,0.12,-1.23,2026-10-05
RQI,1.0,10.93,853528,827993,9.33,8.71,1.1,0.0,-1.2,매도주의,장대음봉,잔구간,0.1,-1.24,2026-10-05
NEXN,1.0,8.7,402463,406701,3.5,3.59,1.0,-0.3,-0.9,중립,음봉,잔구간,0.21,-0.525,2026-10-05
NFXL,1.0,12.99,1488537,1501607,19.34,20.26,1.0,-0.1,1.3,중립,양봉,잔구간,1.0,0.65,2026-10-05
NCMI,1.0,2.14,1898706,1926687,4.06,3.92,1.0,0.0,1.4,매수관심,양봉스프링,잔구간,0.76,0.905,2026-10-05
EOSE,1.0,3.27,23875770,24345391,78.07,98.92,0.8,-0.3,2.2,강한매수,양봉스프링,완만한상승,0.96,2.95,2026-10-05
YMAG,1.0,11.51,1011602,1055328,11.64,11.45,1.0,-0.4,1.3,강한매수,장대양봉,전고점돌파,0.75,3.8,2026-10-05
XNDU,1.0,4.52,6415773,6586689,29.0,58.43,0.5,0.2,4.9,중립,양봉,잔구간,0.74,0.495,2026-10-05
HNRG,1.0,13.95,590865,582024,8.24,8.87,0.9,-0.3,3.7,매수관심,장대양봉,잔구간,0.78,1.17,2026-10-05
ANGX,1.0,4.16,1538813,1496611,6.4,9.52,0.7,1.0,1.0,매수관심,양봉스프링,잔구간,0.86,0.965,2026-10-05
GTN,1.0,4.63,1007895,1029482,4.67,4.75,1.0,0.7,1.3,매수관심,팽이도지,완만한상승,0.54,0.95,2026-10-05
HRTX,1.0,0.37,2935869,2827259,1.09,0.94,1.2,3.3,3.1,매수관심,양봉,완만한상승,0.56,1.67,2026-10-05
VG,1.0,13.45,11018460,10941138,148.2,183.14,0.8,-0.2,2.6,매수관심,양봉,완만한상승,0.69,1.83,2026-10-05
AAUC,1.0,19.78,376376,364358,7.44,10.06,0.7,0.0,-1.6,매도주의,장대음봉,전저점부근,0.35,-1.43,2026-10-05
ADIG,1.0,17.62,679912,659656,11.98,15.14,0.8,-0.7,-0.5,중립,팽이도지,잔구간,0.37,-0.08,2026-10-05
ANGI,1.0,6.06,778175,792783,4.72,4.62,1.0,-0.7,0.8,강한매도,위꼬리양봉,전고점부근,0.23,-2.77,2026-10-05
ANGO,1.0,15.54,636168,660313,9.89,9.59,1.0,-0.6,3.5,강한매수,장대양봉,완만한상승,0.87,3.34,2026-10-05
VITL,0.9,9.25,1777482,1910726,16.44,20.93,0.8,-0.1,2.2,중립,양봉,잔구간,0.77,0.51,2026-10-05
AMCX,0.9,11.14,610357,695619,6.8,6.95,1.0,-0.5,0.4,중립,팽이도지,잔구간,0.47,-0.02,2026-10-05
AMPX,0.9,9.45,5721462,6047559,54.07,59.84,0.9,1.5,-3.7,매도주의,장대음봉,잔구간,0.26,-1.145,2026-10-05
GSM,0.9,4.38,992168,1124527,4.35,4.23,1.0,0.0,2.8,강한매수,장대양봉,전고점돌파,0.84,3.91,2026-10-05
HAYW,0.9,12.43,3049326,3537514,37.9,52.59,0.7,-0.1,0.3,매수관심,팽이도지,완만한상승,0.61,1.03,2026-10-05
GRFS,0.9,7.41,492766,552176,3.65,6.49,0.6,0.0,1.4,매수관심,양봉,완만한상승,0.48,1.58,2026-10-05
GRND,0.9,13.54,1571708,1832655,21.28,30.0,0.7,-0.4,1.2,중립,양봉,잔구간,0.71,0.475,2026-10-05
GRNT,0.9,4.51,1243392,1330124,5.61,5.62,1.0,0.2,0.7,매수관심,팽이도지,완만한상승,0.62,1.04,2026-10-05
HSLV,0.9,5.25,626769,724168,3.29,4.12,0.8,-0.4,0.4,매수관심,팽이도지,완만한상승,0.64,1.07,2026-10-05
INFY,0.9,10.76,17223126,18584125,185.32,197.81,0.9,-2.5,0.0,중립,팽이도지,잔구간,0.62,0.07,2026-10-05
IMSR,0.9,3.75,1197081,1337428,4.49,5.35,0.8,1.3,-2.1,중립,음봉,잔구간,0.49,-0.355,2026-10-05
IIIV,0.9,14.97,380972,423574,5.7,6.65,0.9,-0.1,5.0,매수관심,장대양봉,잔구간,0.89,1.235,2026-10-05
WSE,0.9,11.67,1728668,1876052,20.17,20.7,1.0,-1.7,3.8,강한매수,장대양봉,전고점돌파,0.98,4.08,2026-10-05
VYX,0.9,6.84,2488747,2652196,17.02,20.69,0.8,-1.2,3.3,매수관심,양봉,완만한상승,0.59,1.71,2026-10-05
WB,0.9,6.48,850515,914068,5.51,5.62,1.0,0.3,2.0,매수관심,장대양봉,잔구간,0.84,1.205,2026-10-05
AG,0.9,17.51,7774472,9120542,136.13,179.66,0.8,0.8,-1.7,중립,음봉,잔구간,0.56,-0.315,2026-10-05
ZGN,0.9,12.54,715595,835257,8.97,11.64,0.8,-0.9,1.0,중립,양봉,잔구간,0.5,0.35,2026-10-05
XHR,0.9,18.15,805391,872095,14.62,16.19,0.9,0.5,-0.8,중립,음봉,잔구간,0.51,-0.345,2026-10-05
VET,0.9,11.73,959383,1110100,11.25,15.61,0.7,-0.5,0.9,매수관심,팽이도지,완만한상승,0.74,1.19,2026-10-05
NEOG,0.9,13.01,5151795,6052825,67.02,75.05,0.9,-1.1,8.2,매수관심,장대양봉,잔구간,0.95,1.27,2026-10-05
ERY,0.9,8.92,17423255,18808475,155.42,187.13,0.8,0.7,-2.5,중립,음봉,전저점부근,0.2,-0.31,2026-10-05
NB,0.9,3.46,2201894,2322332,7.62,7.97,1.0,0.3,-0.6,중립,팽이도지,잔구간,0.52,0.01,2026-10-05
NCLH,0.9,14.87,21601482,25176406,321.21,345.02,0.9,-0.1,-1.7,매도주의,장대음봉,잔구간,0.09,-1.245,2026-10-05
EQPT,0.9,18.9,2994223,3457151,56.59,68.97,0.8,1.4,0.8,중립,팽이도지,전고점부근,0.5,-0.45,2026-10-05
RNW,0.9,6.88,951019,1076548,6.54,7.45,0.9,0.1,0.4,강한매수,장대양봉,전고점돌파,0.8,3.86,2026-10-05
RIOT,0.9,19.32,13053551,14743709,252.19,383.25,0.7,0.6,-2.6,중립,음봉,잔구간,0.39,-0.415,2026-10-05
RKLX,0.9,18.68,2786406,3059448,52.05,59.42,0.9,-0.5,-1.8,중립,망치형,잔구간,0.72,0.63,2026-10-05
CFFN,0.9,8.55,989855,1102930,8.46,8.9,1.0,-0.2,-0.1,중립,팽이도지,잔구간,0.44,-0.035,2026-10-05
RERE,0.9,3.76,424424,453468,1.6,2.17,0.7,0.0,3.3,매수관심,장대양봉,잔구간,0.76,1.155,2026-10-05
RGTI,0.9,15.15,12378428,13448549,187.53,259.39,0.7,0.0,-0.7,강한매수,망치형,전저점부근,0.69,2.98,2026-10-05
CCC,0.9,6.58,7437251,7940598,48.94,73.11,0.7,0.2,0.2,중립,팽이도지,잔구간,0.39,-0.065,2026-10-05
NAMM,0.9,1.245,1211596,1326119,1.51,5.13,0.3,-1.6,0.4,중립,팽이도지,잔구간,0.65,0.09,2026-10-05
NAVI,0.9,9.04,1124924,1266724,10.17,12.23,0.8,-1.2,-0.4,중립,팽이도지,잔구간,0.45,-0.03,2026-10-05
MVST,0.9,0.616,3000006,3193536,1.85,3.1,0.6,-0.1,-4.4,매도주의,음봉,전저점이탈,0.11,-1.92,2026-10-05
BULL,0.9,7.36,8471887,9207113,62.35,80.56,0.8,0.4,-0.1,매수관심,팽이도지,완만한상승,0.42,0.8,2026-10-05
BUR,0.9,3.55,1956758,2137872,6.95,8.89,0.8,-0.5,-2.2,매도주의,장대음봉,잔구간,0.23,-1.16,2026-10-05
BUYW,0.9,14.52,419702,486418,6.09,7.17,0.8,-0.1,0.3,강한매수,장대양봉,완만한상승,1.0,3.5,2026-10-05
BW,0.9,5.64,5114822,5531355,28.85,32.92,0.9,-0.5,-0.5,매수관심,팽이도지,전저점부근,0.62,0.89,2026-10-05
BTE,0.9,4.68,17216490,18763019,80.57,82.47,1.0,-0.6,1.7,매수관심,양봉,완만한상승,0.67,1.8,2026-10-05
BTQ,0.9,3.15,1597074,1859373,5.03,6.02,0.8,0.9,-1.6,중립,음봉,잔구간,0.64,-0.265,2026-10-05
SBSW,0.9,10.02,3969390,4554384,39.77,58.55,0.7,0.3,0.3,강한매수,양봉스프링,완만한상승,0.8,2.76,2026-10-05
RXT,0.9,3.9,4499884,4783133,17.55,20.67,0.8,-1.5,-3.9,매도주의,장대음봉,잔구간,0.38,-1.07,2026-10-05
RYLD,0.9,15.67,375697,433152,5.89,8.79,0.7,-0.1,0.6,강한매수,장대양봉,전고점돌파,0.77,3.82,2026-10-05
RYN,0.9,18.01,3607878,3861594,64.98,73.73,0.9,0.2,-0.5,중립,팽이도지,잔구간,0.36,-0.085,2026-10-05
NG,0.9,6.61,4302029,4672366,28.44,32.53,0.9,0.6,0.3,매수관심,양봉스프링,잔구간,0.88,0.98,2026-10-05
NLY,0.9,18.27,15427300,17408287,281.86,295.18,1.0,-0.2,-1.0,매도주의,음봉,전저점이탈,0.05,-1.99,2026-10-05
NEO,0.9,19.13,2055702,2386341,39.33,46.1,0.9,0.1,3.5,매수관심,장대양봉,잔구간,1.0,1.3,2026-10-05
NUAI,0.9,6.05,6968882,7641453,42.16,75.29,0.6,0.2,-4.0,매도주의,음봉,전저점이탈,0.41,-1.56,2026-10-05
NVA,0.9,6.06,658612,700293,3.99,3.23,1.2,0.2,5.0,강한매수,양봉,전고점돌파,0.73,2.48,2026-10-05
NVDQ,0.9,7.43,5515093,6385772,40.98,51.16,0.8,-1.7,-2.6,강한매도,장대음봉,전저점이탈,0.21,-3.1,2026-10-05
NRK,0.9,9.17,696959,780499,6.39,6.47,1.0,-0.3,-1.7,매도주의,장대음봉,잔구간,0.18,-1.19,2026-10-05
ECC,0.9,3.41,562958,652753,1.92,3.21,0.6,0.0,-1.4,매도주의,장대음봉,잔구간,0.34,-1.095,2026-10-05
DRTS,0.9,14.89,342442,388902,5.1,6.5,0.8,0.5,0.3,매수관심,팽이도지,완만한상승,0.58,1.0,2026-10-05
DSL,0.9,9.82,700420,811279,6.88,9.39,0.7,-0.1,-1.3,강한매도,장대음봉,전저점이탈,0.0,-3.35,2026-10-05
DSX,0.9,2.86,749134,863884,2.14,2.88,0.7,1.4,-1.4,중립,음봉,완만한상승,0.47,0.16,2026-10-05
REF,0.9,13.02,497248,528081,6.47,6.55,1.0,-0.2,1.6,중립,양봉,잔구간,0.83,0.55,2026-10-05
REI,0.9,1.34,1811512,2065648,2.43,3.34,0.7,0.0,2.3,매수관심,양봉,완만한상승,0.62,1.74,2026-10-05
CAG,0.9,13.19,15428304,17256426,203.5,226.55,0.9,0.0,-1.3,중립,음봉,잔구간,0.3,-0.47,2026-10-05
CAL,0.9,12.25,380889,427328,4.67,5.72,0.8,0.7,-0.5,중립,팽이도지,완만한상승,0.38,0.76,2026-10-05
RBLU,0.9,4.575,342296,401900,1.57,2.34,0.7,0.2,1.7,강한매수,양봉스프링,완만한상승,0.76,2.71,2026-10-05
RC,0.9,1.1,1628695,1773987,1.79,2.26,0.8,-0.9,-1.8,중립,음봉,잔구간,0.41,-0.405,2026-10-05
RCAT,0.9,6.345,5213848,6023138,33.08,52.49,0.6,1.7,-2.5,매도주의,장대음봉,잔구간,0.18,-1.19,2026-10-05
MMT,0.9,4.21,325670,349370,1.37,1.47,0.9,-0.2,-2.3,강한매도,장대음봉,전저점이탈,0.29,-3.0,2026-10-05
FBRT,0.9,6.17,1716126,1862688,10.59,13.87,0.8,0.0,-1.6,매도주의,장대음봉,전저점부근,0.39,-1.38,2026-10-05
MGNX,0.9,3.77,605944,645342,2.28,2.77,0.8,2.0,3.3,중립,양봉,잔구간,0.76,0.505,2026-10-05
MGTX,0.9,10.92,941653,998025,10.28,14.19,0.7,-0.2,1.4,매수관심,양봉,완만한상승,0.75,1.9,2026-10-05
EVTL,0.9,0.542,5203490,5480923,2.82,4.2,0.7,1.0,-9.7,강한매도,장대음봉,전저점이탈,0.12,-3.21,2026-10-05
EYPT,0.9,3.15,2763906,2985762,8.71,10.8,0.8,0.9,-4.0,중립,음봉,잔구간,0.43,-0.39,2026-10-05
SJT,0.9,3.69,394899,419617,1.46,1.95,0.7,-1.3,-0.5,중립,팽이도지,잔구간,0.27,-0.14,2026-10-05
SGML,0.9,9.56,2891974,3050627,27.65,24.06,1.1,3.5,1.6,매수관심,양봉스프링,잔구간,0.96,1.025,2026-10-05
BYND,0.9,8.06,836213,977550,6.74,14.69,0.5,-0.4,-1.9,중립,음봉,잔구간,0.18,-0.54,2026-10-05
EMAT,0.9,2.055,1245856,1315786,2.56,4.15,0.6,2.0,-1.2,중립,팽이도지,전저점부근,0.3,0.51,2026-10-05
ENOV,0.9,18.69,1364630,1498638,25.5,29.98,0.9,-0.4,5.6,강한매수,장대양봉,수횡파,0.81,3.97,2026-10-05
MBI,0.9,4.47,301725,325505,1.35,1.64,0.8,0.5,1.1,중립,양봉,잔구간,0.9,0.59,2026-10-05
MBLY,0.9,7.58,5873019,6254154,44.52,50.76,0.9,0.4,1.7,중립,양봉,잔구간,0.67,0.45,2026-10-05
BLZE,0.9,13.88,1212478,1398182,16.83,24.75,0.7,-2.2,-1.1,매도주의,위꼬리음봉,잔구간,0.21,-0.925,2026-10-05
BITO,0.9,11.44,66555700,70885327,761.4,834.25,0.9,2.0,-0.6,중립,음봉,잔구간,0.32,-0.46,2026-10-05
BITU,0.9,15.94,3763851,4044835,60.0,69.78,0.9,4.4,-0.8,중립,팽이도지,잔구간,0.44,-0.035,2026-10-05
BKKT,0.9,7.57,921845,1067308,6.98,11.74,0.6,1.0,-3.3,강한매도,장대음봉,전저점이탈,0.21,-3.1,2026-10-05
SNDG,0.9,9.9,4439449,4958372,43.95,58.42,0.8,0.7,-2.5,중립,음봉,잔구간,0.37,-0.43,2026-10-05
MQ,0.9,17.03,1104542,1250173,18.81,19.32,1.0,-0.2,3.1,강한매수,장대양봉,완만한상승,0.84,3.31,2026-10-05
MQY,0.9,9.85,1478029,1595023,14.56,13.39,1.1,-0.3,-1.6,매도주의,장대음봉,잔구간,0.2,-1.18,2026-10-05
MRAM,0.9,18.22,787501,846824,14.35,16.65,0.9,-0.0,-3.2,중립,음봉,잔구간,0.27,-0.49,2026-10-05
CLM,0.9,6.41,1607040,1716870,10.3,11.38,0.9,-0.3,0.8,매수관심,양봉,완만한상승,0.8,1.96,2026-10-05
CLPT,0.9,11.52,759988,800922,8.76,11.88,0.7,-0.4,6.2,강한매수,장대양봉,완만한상승,0.99,3.49,2026-10-05
CLYM,0.9,11.05,1206413,1275826,13.33,16.34,0.8,0.0,1.0,중립,팽이도지,잔구간,0.7,0.12,2026-10-05
DHC,0.9,7.54,1641774,1887987,12.38,16.62,0.7,-0.3,-2.2,매도주의,장대음봉,잔구간,0.18,-1.19,2026-10-05
DLY,0.9,13.22,347464,381466,4.59,5.24,0.9,0.4,-2.0,매도주의,장대음봉,잔구간,0.03,-1.28,2026-10-05
DNP,0.9,9.48,976041,1107949,9.25,11.36,0.8,-0.3,-0.6,중립,음봉,잔구간,0.43,-0.39,2026-10-05
DEI,0.9,9.64,2486769,2779169,23.97,26.01,0.9,0.3,-2.1,매도주의,장대음봉,잔구간,0.04,-1.275,2026-10-05
NZF,0.9,10.75,1797719,1964438,19.33,18.97,1.0,-1.0,-0.9,중립,음봉,잔구간,0.25,-0.5,2026-10-05
OCGN,0.9,1.04,5495756,6190666,5.72,6.62,0.9,1.0,1.0,강한매수,양봉스프링,완만한상승,0.8,2.76,2026-10-05
OCSL,0.9,11.83,400383,442286,4.74,5.48,0.9,-0.3,-0.3,매도주의,위꼬리음봉,잔구간,0.04,-1.025,2026-10-05
NXDR,0.9,2.47,1527413,1672150,3.77,5.29,0.7,0.0,1.2,매수관심,양봉,완만한상승,0.63,1.76,2026-10-05
LU,0.9,1.03,1404397,1486929,1.45,2.58,0.6,3.9,-2.8,매도주의,장대음봉,전저점부근,0.25,-1.55,2026-10-05
LUNR,0.9,14.29,7578924,7989545,108.3,124.3,0.9,-0.3,-2.5,중립,음봉,잔구간,0.39,-0.415,2026-10-05
LFST,0.9,12.22,3232274,3580343,39.5,53.31,0.7,0.3,3.0,강한매수,장대양봉,완만한상승,0.95,3.44,2026-10-05
LFTO,0.9,15.26,555058,639325,8.47,12.26,0.7,-0.7,1.4,중립,양봉,잔구간,0.5,0.35,2026-10-05
LI,0.9,10.85,2916539,3334144,31.64,37.44,0.8,0.7,0.8,중립,양봉,잔구간,0.63,0.43,2026-10-05
BDN,0.9,2.73,1526141,1652724,4.17,4.6,0.9,0.7,-2.5,매도주의,장대음봉,잔구간,0.12,-1.23,2026-10-05
BBOT,0.9,3.6,481654,530457,1.73,2.57,0.7,-0.3,-7.2,강한매도,장대음봉,전저점이탈,0.08,-3.25,2026-10-05
BCAX,0.9,17.29,640748,730560,11.08,14.93,0.7,0.0,-1.9,강한매도,위꼬리음봉,전저점이탈,0.08,-2.75,2026-10-05
SOUN,0.9,5.88,13997661,14984729,82.31,91.98,0.9,0.2,0.5,매수관심,팽이도지,완만한상승,0.5,0.9,2026-10-05
BRSP,0.9,3.77,1861827,2045358,7.02,8.31,0.8,-1.3,0.3,중립,팽이도지,잔구간,0.53,0.02,2026-10-05
SNXX,0.9,15.98,36407386,41171995,581.79,914.81,0.6,0.6,-2.7,중립,음봉,잔구간,0.35,-0.44,2026-10-05
ETHT,0.9,19.74,1089375,1160000,21.5,28.28,0.8,4.0,-1.0,강한매수,망치형,수횡파,0.54,2.65,2026-10-05
EVEX,0.9,1.7,1022669,1148321,1.74,2.18,0.8,-0.6,-1.7,매도주의,음봉,전저점이탈,0.5,-1.45,2026-10-05
EVGO,0.9,1.35,3024939,3311066,4.08,4.79,0.9,0.0,-2.2,중립,음봉,잔구간,0.29,-0.475,2026-10-05
MEI,0.9,15.4,428741,495902,6.6,8.57,0.8,1.5,-3.6,매도주의,장대음봉,잔구간,0.0,-1.3,2026-10-05
LAR,0.9,5.6,1081016,1227707,6.05,6.99,0.9,0.7,1.3,매수관심,양봉,완만한상승,0.57,1.68,2026-10-05
GENB,0.9,13.91,1120020,1199353,15.58,18.65,0.8,0.1,1.5,중립,양봉,잔구간,0.75,0.5,2026-10-05
KOPN,0.9,4.87,2709198,3061098,13.19,14.64,0.9,0.0,-0.8,중립,팽이도지,잔구간,0.51,0.005,2026-10-05
AUR,0.9,5.75,31091227,32981461,178.77,211.15,0.8,-0.4,1.8,매수관심,양봉,완만한상승,0.78,1.94,2026-10-05
STTK,0.9,6.5,1239353,1410317,8.06,10.08,0.8,0.0,-3.4,중립,음봉,잔구간,0.37,-0.43,2026-10-05
FPI,0.9,11.15,1058297,1190526,11.8,10.13,1.2,0.0,-0.8,매도주의,위꼬리음봉,잔구간,0.15,-0.96,2026-10-05
FRSH,0.9,13.22,3591996,4050138,47.49,58.42,0.8,0.2,3.2,강한매수,장대양봉,완만한상승,0.96,3.45,2026-10-05
CSQR,0.9,17.65,1466043,1547680,25.88,23.77,1.1,-0.2,1.6,중립,양봉,잔구간,0.58,0.4,2026-10-05
OVID,0.9,2.34,1200103,1357149,2.81,4.53,0.6,0.0,-1.7,중립,팽이도지,잔구간,0.28,-0.13,2026-10-05
DNUT,0.9,2.89,1772101,2004303,5.12,6.01,0.9,0.3,-0.3,중립,망치형,잔구간,0.75,0.65,2026-10-05
DOLE,0.9,12.8,711429,766547,9.11,10.36,0.9,-0.1,0.5,매수관심,팽이도지,완만한상승,0.59,1.01,2026-10-05
OLMA,0.9,8.25,1006119,1076595,8.3,11.29,0.7,0.7,-0.4,중립,망치형,잔구간,0.89,0.735,2026-10-05
CION,0.9,6.93,303141,336010,2.1,2.24,0.9,1.3,-2.3,강한매도,장대음봉,전저점이탈,0.12,-3.21,2026-10-05
CHA,0.9,11.19,629345,705433,7.04,9.25,0.8,0.6,1.3,중립,양봉,잔구간,0.49,0.345,2026-10-05
PTEN,0.9,11.55,6815728,7451063,78.72,82.82,1.0,-0.4,3.4,강한매수,양봉,전고점돌파,0.68,2.42,2026-10-05
CRCT,0.9,6.47,617215,712686,3.99,4.16,1.0,0.0,-0.8,중립,망치형,잔구간,0.71,0.625,2026-10-05
PFFD,0.9,17.55,1475161,1612787,25.89,23.87,1.1,-0.2,-0.2,중립,팽이도지,잔구간,0.47,-0.02,2026-10-05
PHAT,0.9,6.7,1104734,1251136,7.4,9.21,0.8,0.4,-3.6,강한매도,장대음봉,전저점이탈,0.15,-3.17,2026-10-05
TFSL,0.9,16.77,628967,726224,10.55,11.96,0.9,-0.2,-0.1,중립,팽이도지,잔구간,0.58,0.05,2026-10-05
GCTS,0.9,2.09,1270164,1386533,2.65,3.19,0.8,-1.3,-5.9,매도주의,장대음봉,잔구간,0.06,-1.265,2026-10-05
KDK,0.9,1.73,9276124,9772264,16.05,17.43,0.9,1.8,3.6,매수관심,양봉스프링,잔구간,0.92,1.0,2026-10-05
KEP,0.9,11.17,589083,681825,6.58,7.76,0.8,0.4,0.4,중립,위꼬리양봉,완만한상승,0.23,-0.42,2026-10-05
JPMpM,0.9,15.72,337222,395194,5.3,6.19,0.9,0.2,-0.7,중립,음봉,전저점부근,0.37,-0.11,2026-10-05
LBTYA,0.9,8.99,3868127,4494974,34.77,35.11,1.0,0.0,0.8,중립,양봉,잔구간,0.38,0.28,2026-10-05
LCID,0.9,4.17,7683405,8351598,32.04,37.83,0.8,0.0,1.0,강한매수,양봉,완만한상승,0.85,2.02,2026-10-05
LCTX,0.9,0.927,1386588,1613052,1.29,1.69,0.8,-0.0,-0.3,중립,팽이도지,잔구간,0.32,-0.11,2026-10-05
KYTX,0.9,6.32,813484,912741,5.14,8.16,0.6,1.3,0.3,중립,팽이도지,잔구간,0.74,0.145,2026-10-05
LABX,0.9,15.59,986214,1054884,15.38,18.41,0.8,2.9,3.8,강한매수,양봉,완만한상승,0.87,2.04,2026-10-05
LAC,0.9,2.55,7370154,7843267,18.79,23.38,0.8,0.4,-0.4,중립,팽이도지,잔구간,0.6,0.06,2026-10-05
LADR,0.9,8.52,1490334,1617408,12.7,14.75,0.9,0.3,-1.5,강한매도,장대음봉,전저점이탈,0.21,-3.1,2026-10-05
LAES,0.9,2.41,3135654,3477306,7.56,9.68,0.8,0.8,0.8,강한매수,양봉스프링,완만한상승,0.89,2.87,2026-10-05
IQI,0.9,8.73,306601,357234,2.68,3.59,0.7,-0.7,-1.7,매도주의,장대음봉,잔구간,0.05,-1.27,2026-10-05
IRT,0.9,14.72,4479379,4916275,65.94,57.84,1.1,-0.5,1.9,강한매수,장대양봉,완만한상승,0.85,3.32,2026-10-05
IVR,0.9,5.7,3761599,4204773,21.44,22.34,1.0,-0.2,0.0,중립,팽이도지,잔구간,0.3,-0.12,2026-10-05
GPRK,0.9,11.28,705965,777801,7.96,9.87,0.8,0.2,3.8,매수관심,장대양봉,잔구간,0.79,1.175,2026-10-05
GOF,0.9,8.6,2421689,2647735,20.83,24.17,0.9,0.5,-2.1,매도주의,장대음봉,잔구간,0.0,-1.3,2026-10-05
TLTW,0.9,19.885,2523955,2850893,50.19,46.41,1.1,-0.4,-0.0,중립,팽이도지,전저점이탈,0.7,-0.51,2026-10-05
TMC,0.9,3.77,3437536,3827698,12.96,17.61,0.7,0.3,-0.8,중립,팽이도지,잔구간,0.5,0.0,2026-10-05
THM,0.9,2.43,440856,506065,1.07,1.71,0.6,0.8,-2.0,중립,음봉,전저점부근,0.42,-0.05,2026-10-05
HIO,0.9,3.24,652487,706607,2.11,2.27,0.9,-0.9,-0.6,중립,음봉,전저점부근,0.0,-0.55,2026-10-05
UTI,0.9,19.17,1589741,1775348,30.48,43.17,0.7,-0.3,-0.8,중립,팽이도지,잔구간,0.46,-0.025,2026-10-05
ARCC,0.9,18.82,4257674,4874553,80.13,97.45,0.8,0.2,-0.4,매도주의,위꼬리음봉,수횡파,0.11,-1.37,2026-10-05
UE,0.9,19.51,916699,1064676,17.88,17.89,1.0,-0.3,-0.7,중립,음봉,잔구간,0.18,-0.54,2026-10-05
APPX,0.9,10.1,2454330,2760554,24.79,31.59,0.8,1.9,8.0,매수관심,장대양봉,잔구간,0.67,1.1,2026-10-05
PHK,0.9,4.06,1651358,1795058,6.7,7.85,0.9,-0.5,-1.7,매도주의,장대음봉,잔구간,0.0,-1.3,2026-10-05
PBI,0.9,16.81,1642532,1869174,27.61,27.88,1.0,0.0,0.3,매수관심,팽이도지,완만한상승,0.49,0.89,2026-10-05
PCN,0.9,10.61,597413,671402,6.34,7.35,0.9,0.1,-2.5,매도주의,장대음봉,잔구간,0.1,-1.24,2026-10-05
PD,0.9,15.59,1444954,1667515,22.53,26.21,0.9,-0.5,2.2,강한매수,장대양봉,완만한상승,0.93,3.42,2026-10-05
PDBC,0.9,19.25,6778815,7395120,130.49,129.54,1.0,-0.5,-0.5,중립,음봉,잔구간,0.0,-0.65,2026-10-05
PACK,0.9,3.96,464629,503019,1.84,2.22,0.8,-0.5,-2.7,강한매도,장대음봉,전저점이탈,0.29,-3.0,2026-10-05
PAR,0.9,14.62,869301,926134,12.71,13.89,0.9,-0.1,2.7,매수관심,양봉,완만한상승,0.54,1.65,2026-10-05
PAYS,0.9,14.81,697323,791382,10.33,11.68,0.9,0.6,3.4,강한매수,장대양봉,완만한상승,1.0,3.5,2026-10-05
CXM,0.9,5.23,2521233,2816230,13.19,15.03,0.9,0.2,0.4,중립,팽이도지,잔구간,0.46,-0.025,2026-10-05
CYH,0.9,2.76,1168529,1233288,3.23,3.23,1.0,-0.4,1.8,중립,양봉,잔구간,0.5,0.35,2026-10-05
CYPH,0.9,3.17,14389835,15933158,45.62,70.17,0.7,-0.7,5.3,강한매수,양봉,완만한상승,0.94,2.13,2026-10-05
CNTN,0.9,2.33,739344,798895,1.72,1.88,0.9,0.4,3.1,매수관심,양봉,완만한상승,0.77,1.92,2026-10-05
PLTZ,0.9,7.74,2073085,2251627,16.05,21.84,0.7,-0.9,0.3,중립,팽이도지,잔구간,0.64,0.085,2026-10-05
PLUG,0.9,1.89,42065938,47385412,79.5,89.43,0.9,0.0,-0.5,중립,망치형,잔구간,0.86,0.715,2026-10-05
XRAY,0.9,8.56,5008737,5731411,42.87,48.23,0.9,-1.4,0.1,중립,팽이도지,전저점부근,0.47,0.71,2026-10-05
ANNX,0.9,4.2,3448838,3969437,14.49,14.32,1.0,1.4,-1.2,매수관심,망치형,완만한상승,0.56,1.97,2026-10-05
ADNT,0.9,17.24,848330,985802,14.63,18.26,0.8,0.5,-0.9,매도주의,위꼬리음봉,잔구간,0.11,-0.985,2026-10-05
VKQ,0.9,8.4,413357,456913,3.47,3.93,0.9,-0.7,-1.6,매도주의,장대음봉,잔구간,0.0,-1.3,2026-10-05
WYFI,0.9,17.46,1044475,1194350,18.24,23.43,0.8,0.4,-3.0,매도주의,장대음봉,잔구간,0.38,-1.07,2026-10-05
ACHR,0.9,4.72,19579763,21817395,92.42,118.85,0.8,-0.6,-2.9,강한매도,장대음봉,전저점이탈,0.11,-3.22,2026-10-05
VKI,0.9,7.57,412851,456040,3.13,2.79,1.1,-1.0,-0.3,중립,팽이도지,잔구간,0.47,-0.02,2026-10-05
AEG,0.9,8.49,5747052,6188520,48.79,51.42,0.9,0.2,0.2,중립,양봉,잔구간,0.57,0.39,2026-10-05
WVE,0.9,3.75,3514892,3905905,13.18,13.87,1.0,0.8,-1.6,중립,음봉,잔구간,0.26,-0.495,2026-10-05
ABTC,0.9,8.71,895288,990296,7.8,11.7,0.7,1.8,0.6,매수관심,양봉스프링,잔구간,0.89,0.985,2026-10-05
ABAT,0.9,2.17,2640927,2834876,5.73,10.18,0.6,0.0,-0.9,중립,팽이도지,수횡파,0.45,0.54,2026-10-05
ABOS,0.8,2.13,713980,844894,1.52,1.53,1.0,0.0,4.4,매수관심,장대양봉,잔구간,0.79,1.175,2026-10-05
ACDC,0.8,4.75,1159950,1421524,5.51,5.89,0.9,-0.2,3.9,매수관심,양봉,완만한상승,0.43,1.52,2026-10-05
AAPD,0.8,10.306,4764761,6062790,49.1,62.84,0.8,0.1,0.1,강한매수,양봉스프링,완만한상승,0.78,2.74,2026-10-05
ADRX,0.8,19.05,913952,1083720,17.41,30.7,0.6,0.0,4.4,중립,양봉,잔구간,0.83,0.55,2026-10-05
ADT,0.8,6.21,6388716,7754391,39.67,55.33,0.7,0.3,-1.0,중립,음봉,잔구간,0.15,-0.56,2026-10-05
XE,0.8,14.41,4227925,5106107,60.92,78.81,0.8,0.3,-0.1,중립,팽이도지,잔구간,0.71,0.125,2026-10-05
AEBI,0.8,11.14,358258,442018,3.99,4.7,0.8,0.1,2.0,강한매수,양봉,완만한상승,0.89,2.07,2026-10-05
VTS,0.8,17.05,387212,457338,6.6,7.86,0.8,-0.2,1.3,매수관심,양봉,완만한상승,0.7,1.84,2026-10-05
IIM,0.8,10.71,305777,369606,3.27,3.92,0.8,-0.6,-1.3,매도주의,장대음봉,잔구간,0.16,-1.205,2026-10-05
ILPT,0.8,7.11,317108,407073,2.25,2.67,0.8,0.4,0.0,매수관심,양봉스프링,잔구간,0.83,0.95,2026-10-05
IMMX,0.8,10.13,1597501,2118749,16.18,21.94,0.7,0.3,4.3,중립,양봉,잔구간,0.74,0.495,2026-10-05
IMRX,0.8,4.04,482713,581769,1.95,2.42,0.8,0.0,-0.7,중립,음봉,잔구간,0.2,-0.53,2026-10-05
INDI,0.8,2.91,3008559,3931135,8.75,14.33,0.6,0.2,-2.2,중립,음봉,잔구간,0.36,-0.435,2026-10-05
HGTY,0.8,13.75,372355,463807,5.12,5.33,1.0,0.0,1.0,매수관심,양봉,완만한상승,0.43,1.52,2026-10-05
HITI,0.8,2.73,539832,710615,1.47,1.98,0.7,0.0,3.8,매수관심,장대양봉,잔구간,0.91,1.245,2026-10-05
IBTK,0.8,18.955,404647,525701,7.67,13.6,0.6,0.1,0.0,매수관심,팽이도지,완만한상승,0.71,1.15,2026-10-05
UPXI,0.8,1.15,2169842,2652254,2.5,5.18,0.5,1.7,-3.4,매도주의,장대음봉,잔구간,0.08,-1.25,2026-10-05
USAR,0.8,13.65,9785084,12464001,133.57,196.49,0.7,0.5,-0.1,중립,망치형,잔구간,0.78,0.67,2026-10-05
UVXY,0.8,16.69,4830713,6047920,80.62,121.64,0.7,-1.0,-0.7,중립,음봉,전저점부근,0.54,0.1,2026-10-05
ARKO,0.8,4.21,485869,634673,2.05,2.6,0.8,0.7,0.2,강한매수,양봉스프링,완만한상승,0.75,2.7,2026-10-05
ASM,0.8,5.58,2052942,2569645,11.46,16.43,0.7,1.8,-1.2,강한매수,망치형,완만한상승,0.63,2.06,2026-10-05
ULCC,0.8,6.11,1868816,2352782,11.42,14.65,0.8,0.5,-1.8,중립,음봉,잔구간,0.13,-0.57,2026-10-05
CHPT,0.8,8.93,841200,1078295,7.51,13.25,0.6,-0.6,-3.3,매도주의,장대음봉,잔구간,0.24,-1.155,2026-10-05
DPRO,0.8,4.9,1442953,1736658,7.07,8.04,0.9,-0.7,-6.7,강한매도,장대음봉,전저점이탈,0.0,-3.35,2026-10-05
ONT,0.8,14.21,816674,1061023,11.6,13.72,0.8,0.2,11.5,매수관심,장대양봉,잔구간,0.98,1.29,2026-10-05
ORBS,0.8,1.08,12398055,14954234,13.39,18.68,0.7,1.7,-8.5,매도주의,장대음봉,잔구간,0.17,-1.2,2026-10-05
PSIG,0.8,4.6,742624,927583,3.42,7.47,0.5,-0.2,0.7,강한매수,양봉스프링,완만한상승,0.83,2.8,2026-10-05
PUBM,0.8,18.6,646343,833390,12.02,15.56,0.8,0.0,1.0,중립,위꼬리양봉,완만한상승,0.5,-0.1,2026-10-05
CGNT,0.8,8.77,374565,462532,3.28,4.56,0.7,-0.6,0.9,매수관심,양봉,완만한상승,0.55,1.66,2026-10-05
PGX,0.8,10.07,5534008,7270506,55.73,76.03,0.7,0.0,-0.7,매도주의,장대음봉,잔구간,0.3,-1.12,2026-10-05
PCG,0.8,12.35,30659053,37481426,378.64,540.46,0.7,-0.1,0.3,매수관심,팽이도지,완만한상승,0.73,1.18,2026-10-05
PENN,0.8,15.1,2924649,3722079,44.16,55.06,0.8,0.2,2.0,매수관심,양봉,완만한상승,0.65,1.78,2026-10-05
PEPG,0.8,2.36,607425,763701,1.43,2.45,0.6,0.9,2.6,매수관심,양봉,완만한상승,0.78,1.94,2026-10-05
TTI,0.8,6.03,1576498,1880755,9.51,11.14,0.9,0.0,0.5,강한매수,양봉스프링,완만한상승,0.77,2.72,2026-10-05
TU,0.8,7.88,5885917,7452065,46.38,60.96,0.8,-0.4,-1.6,강한매도,장대음봉,전저점이탈,0.17,-3.15,2026-10-05
APPS,0.8,11.21,2540136,3237993,28.47,38.55,0.7,-0.6,1.0,중립,위꼬리양봉,완만한상승,0.27,-0.38,2026-10-05
ITRG,0.8,2.61,1243591,1572655,3.25,4.08,0.8,0.8,-1.9,중립,음봉,잔구간,0.47,-0.37,2026-10-05
TROX,0.8,3.91,1593712,1999275,6.23,8.48,0.7,-0.8,0.3,매수관심,양봉스프링,잔구간,0.81,0.935,2026-10-05
TRVI,0.8,13.72,1719315,2062728,23.59,27.27,0.9,0.4,-1.8,중립,음봉,전저점부근,0.35,-0.13,2026-10-05
TSLX,0.8,17.59,480948,575338,8.46,9.05,0.9,0.5,-2.8,강한매도,장대음봉,전저점이탈,0.1,-3.23,2026-10-05
INIO,0.8,18.98,4305852,5407354,81.73,112.48,0.7,0.5,-5.5,매도주의,장대음봉,잔구간,0.13,-1.22,2026-10-05
INSG,0.8,4.62,315821,408964,1.46,2.1,0.7,1.1,-0.9,매수관심,팽이도지,완만한상승,0.53,0.94,2026-10-05
IONL,0.8,14.48,621424,747325,9.0,15.34,0.6,0.7,-4.2,중립,음봉,수횡파,0.35,-0.28,2026-10-05
IOVA,0.8,14.15,11751492,14300873,166.28,283.01,0.6,-1.3,0.9,중립,팽이도지,잔구간,0.63,0.08,2026-10-05
TNYA,0.8,0.564,2869375,3726127,1.62,2.04,0.8,0.2,-0.2,중립,팽이도지,잔구간,0.52,0.01,2026-10-05
GLWG,0.8,14.03,869258,1068809,12.2,14.51,0.8,0.7,-7.1,매도주의,장대음봉,잔구간,0.08,-1.25,2026-10-05
GOOS,0.8,7.62,596103,701841,4.54,5.31,0.9,0.0,-0.5,중립,망치형,잔구간,0.55,0.53,2026-10-05
RCKT,0.8,2.61,1659065,2085668,4.33,6.02,0.7,1.2,0.8,매수관심,양봉스프링,잔구간,0.85,0.96,2026-10-05
RDTL,0.8,12.54,571712,742009,7.17,10.15,0.7,2.7,0.8,중립,팽이도지,잔구간,0.43,-0.04,2026-10-05
OCFC,0.8,16.82,837603,1090125,14.09,19.31,0.7,0.2,0.0,매수관심,팽이도지,완만한상승,0.67,1.1,2026-10-05
DFDV,0.8,5.47,1554262,2067736,8.5,14.1,0.6,5.5,-1.3,중립,망치형,잔구간,0.62,0.57,2026-10-05
CLNE,0.8,1.56,664899,794616,1.04,1.67,0.6,1.3,-1.3,매도주의,장대음봉,잔구간,0.33,-1.1,2026-10-05
CRWG,0.8,18.29,1456016,1837040,26.63,41.64,0.6,2.5,-7.1,매도주의,장대음봉,잔구간,0.08,-1.25,2026-10-05
NVTS,0.8,12.34,17307413,20810958,213.57,201.78,1.1,-0.9,0.4,매수관심,양봉스프링,잔구간,0.97,1.03,2026-10-05
OABI,0.8,4.92,1216107,1507791,5.98,6.38,0.9,-0.8,1.9,매수관심,팽이도지,완만한상승,0.74,1.19,2026-10-05
ORCU,0.8,7.05,4257192,5496500,30.01,47.31,0.6,0.8,-0.6,매도주의,위꼬리음봉,완만한상승,0.02,-1.18,2026-10-05
ORIC,0.8,12.49,1395684,1643226,17.43,20.5,0.9,3.6,-1.3,강한매수,망치형,완만한상승,0.79,2.25,2026-10-05
OSUR,0.8,4.11,423175,509491,1.74,2.34,0.7,-0.4,4.1,강한매수,장대양봉,전고점부근,0.94,2.08,2026-10-05
OTLK,0.8,0.596,4687733,5858987,2.79,2.88,1.0,1.2,-0.7,매수관심,팽이도지,완만한상승,0.51,0.91,2026-10-05
CRGY,0.8,13.56,3636768,4805542,49.31,69.42,0.7,-0.1,1.4,매수관심,양봉,완만한상승,0.67,1.8,2026-10-05
TNDM,0.8,16.52,1790265,2300538,29.58,40.5,0.7,0.0,0.1,매수관심,팽이도지,완만한상승,0.47,0.86,2026-10-05
FTMA,0.8,8.54,617245,779750,5.27,4.35,1.2,0.2,0.2,매수관심,양봉스프링,잔구간,0.83,0.95,2026-10-05
GCMG,0.8,13.18,351698,425169,4.64,6.24,0.7,1.2,-0.2,강한매수,망치형,완만한상승,0.89,2.37,2026-10-05
JKS,0.8,9.2,626523,740038,5.76,7.3,0.8,0.0,0.5,매수관심,양봉스프링,잔구간,0.87,0.97,2026-10-05
JMKE,0.8,16.09,3071548,3626206,49.42,69.15,0.7,-0.4,-2.5,강한매도,장대음봉,전저점이탈,0.12,-3.21,2026-10-05
KC,0.8,9.27,761671,990424,7.06,11.76,0.6,2.4,0.5,중립,팽이도지,잔구간,0.59,0.055,2026-10-05
LEGN,0.8,18.775,1763283,2099048,33.11,41.9,0.8,-0.4,1.5,강한매수,양봉스프링,완만한상승,0.95,2.94,2026-10-05
JBIO,0.8,14.07,607056,780287,8.54,12.53,0.7,0.6,-1.0,중립,팽이도지,잔구간,0.31,-0.115,2026-10-05
GENI,0.8,5.99,6676660,7959033,39.99,53.99,0.7,-0.7,0.2,중립,위꼬리양봉,잔구간,0.22,-0.67,2026-10-05
KREF,0.8,6.08,810386,953924,4.93,7.46,0.7,-0.3,-1.0,중립,음봉,잔구간,0.31,-0.465,2026-10-05
KVUE,0.8,17.39,13930930,17612137,242.26,322.9,0.8,0.2,0.9,강한매수,장대양봉,완만한상승,0.94,3.43,2026-10-05
TAL,0.8,12.31,1782149,2158564,21.94,28.64,0.8,0.7,1.4,매수관심,장대양봉,전고점부근,0.65,1.73,2026-10-05
TBLA,0.8,3.27,1848274,2211496,6.04,6.92,0.9,2.3,-1.1,중립,음봉,잔구간,0.59,-0.295,2026-10-05
AVAT,0.8,1.88,850943,1015754,1.6,7.59,0.2,-0.5,3.3,매수관심,양봉,완만한상승,0.82,1.98,2026-10-05
FRMI,0.8,4.06,13343548,16154302,54.17,71.45,0.8,0.0,0.7,매수관심,양봉스프링,잔구간,0.78,0.92,2026-10-05
SVM,0.8,10.55,1340371,1703292,14.14,19.42,0.7,0.6,-0.8,중립,망치형,잔구간,0.61,0.565,2026-10-05
SWIM,0.8,6.39,558172,739227,3.57,4.97,0.7,0.2,-0.5,중립,망치형,잔구간,0.76,0.655,2026-10-05
FIGS,0.8,13.63,1956002,2600285,26.66,34.91,0.8,0.1,0.7,강한매수,양봉스프링,완만한상승,0.77,2.72,2026-10-05
FNB,0.8,17.4,4471843,5290313,77.81,88.42,0.9,0.3,-0.6,중립,음봉,잔구간,0.47,-0.37,2026-10-05
FNKO,0.8,6.07,762382,983358,4.63,5.65,0.8,-0.5,4.1,강한매수,장대양봉,전고점돌파,0.94,4.03,2026-10-05
RWM,0.8,14.13,38111398,47649311,538.51,653.13,0.8,-0.1,-0.5,중립,음봉,잔구간,0.19,-0.535,2026-10-05
EQX,0.8,11.23,8928163,11461510,100.26,170.89,0.6,0.4,0.7,강한매수,양봉스프링,완만한상승,0.83,2.8,2026-10-05
ERIC,0.8,9.22,5965790,7688754,55.0,71.3,0.8,-0.2,-0.5,중립,음봉,잔구간,0.33,-0.45,2026-10-05
NCNO,0.8,19.28,1658893,1989021,31.98,43.14,0.7,0.1,3.2,매수관심,장대양봉,잔구간,0.92,1.25,2026-10-05
CDE,0.8,17.05,28524705,34570661,486.35,668.31,0.7,1.1,-4.5,강한매도,장대음봉,전저점이탈,0.24,-3.06,2026-10-05
REM,0.8,17.6,1734757,2197895,30.53,38.43,0.8,0.1,-1.0,중립,음봉,전저점부근,0.28,-0.21,2026-10-05
RITM,0.8,8.74,6916826,8333505,60.45,66.68,0.9,0.0,0.3,중립,팽이도지,잔구간,0.59,0.055,2026-10-05
NVG,0.8,10.43,1939348,2367796,20.23,19.58,1.0,-1.0,-1.6,매도주의,장대음봉,잔구간,0.15,-1.21,2026-10-05
CCXI,0.8,12.07,1572352,1958064,18.98,25.56,0.7,0.8,-0.1,강한매수,망치형,완만한상승,0.95,2.44,2026-10-05
DRVN,0.8,11.65,843398,1030734,9.83,11.22,0.9,-0.3,0.0,중립,팽이도지,잔구간,0.71,0.125,2026-10-05
NOK,0.8,10.2,46232324,59189058,471.57,734.77,0.6,-1.5,-2.3,매도주의,장대음봉,잔구간,0.03,-1.28,2026-10-05
LITZ,0.8,18.62,1394549,1746672,25.97,42.76,0.6,-1.2,-0.2,매수관심,팽이도지,전저점부근,0.63,0.91,2026-10-05
LTBR,0.8,6.36,563419,701840,3.58,4.18,0.9,0.9,-1.4,중립,음봉,잔구간,0.21,-0.525,2026-10-05
SSYS,0.8,8.58,601675,789760,5.16,5.72,0.9,0.0,-1.4,중립,음봉,잔구간,0.47,-0.37,2026-10-05
BCRX,0.8,8.1,4712254,5577377,38.17,46.51,0.8,0.0,-0.9,중립,망치형,잔구간,0.55,0.53,2026-10-05
SPT,0.8,10.19,657615,858987,6.7,8.96,0.7,0.4,0.6,중립,위꼬리양봉,잔구간,0.25,-0.65,2026-10-05
SRAD,0.8,12.08,1538125,1818965,18.58,32.2,0.6,1.5,1.2,매수관심,양봉,완만한상승,0.47,1.56,2026-10-05
ETHW,0.8,19.36,323970,429568,6.27,9.58,0.7,1.9,-0.4,중립,망치형,잔구간,0.54,0.525,2026-10-05
LYG,0.8,5.46,15697422,19555950,85.71,95.71,0.9,-0.9,0.2,중립,위꼬리양봉,잔구간,0.38,-0.57,2026-10-05
LYNX,0.8,12.55,542250,657556,6.81,6.87,1.0,0.9,-2.4,중립,음봉,잔구간,0.01,-0.645,2026-10-05
MDXG,0.8,4.55,894725,1108840,4.07,5.08,0.8,-0.2,-0.7,매도주의,위꼬리음봉,잔구간,0.0,-1.05,2026-10-05
BIRD,0.8,3.41,434810,520375,1.48,2.66,0.6,3.1,-1.7,매수관심,망치형,완만한상승,0.55,1.96,2026-10-05
BKD,0.8,10.53,4402019,5250015,46.35,48.67,1.0,1.5,-4.4,강한매도,장대음봉,전저점이탈,0.0,-3.35,2026-10-05
FSCO,0.8,5.07,906357,1121671,4.6,6.31,0.7,0.2,-1.0,중립,음봉,잔구간,0.15,-0.56,2026-10-05
FSM,0.8,11.14,3176046,4108555,35.38,68.11,0.5,0.0,-1.0,중립,음봉,잔구간,0.51,-0.345,2026-10-05
SMCY,0.8,5.5,723359,934684,3.98,5.5,0.7,0.2,-1.1,중립,음봉,잔구간,0.25,-0.5,2026-10-05
SMMT,0.8,17.27,5277704,7026056,91.15,136.59,0.7,1.3,1.8,매수관심,양봉,완만한상승,0.7,1.84,2026-10-05
SNAP,0.8,5.61,24399393,28933024,136.88,171.4,0.8,0.2,0.4,중립,위꼬리양봉,완만한상승,0.25,-0.4,2026-10-05
MITT,0.8,5.63,434844,557729,2.45,2.86,0.9,-0.5,-1.7,매도주의,장대음봉,잔구간,0.0,-1.3,2026-10-05
MORT,0.8,7.83,1991792,2628341,15.6,19.64,0.8,0.0,-0.8,중립,음봉,전저점부근,0.25,-0.25,2026-10-05
SLRC,0.8,11.44,321142,406256,3.67,4.91,0.7,-0.4,-0.5,매도주의,음봉,전저점이탈,0.1,-1.93,2026-10-05
MSOX,0.8,2.27,1732589,2058412,3.93,7.59,0.5,0.0,-3.4,중립,음봉,잔구간,0.32,-0.46,2026-10-05
MSTZ,0.8,2.35,44046093,58266717,103.51,144.44,0.7,-5.6,0.0,중립,팽이도지,수횡파,0.26,0.31,2026-10-05
MUX,0.8,17.9,680287,900819,12.18,30.17,0.4,0.4,0.5,매수관심,양봉스프링,잔구간,0.82,0.94,2026-10-05
BTDR,0.8,10.93,8779019,10980936,95.95,119.44,0.8,3.4,-4.1,중립,음봉,잔구간,0.32,-0.46,2026-10-05
BTZ,0.8,9.29,398529,508668,3.7,4.84,0.8,-0.2,-0.6,매도주의,장대음봉,잔구간,0.21,-1.175,2026-10-05
BVS,0.8,13.52,357089,458280,4.83,5.99,0.8,0.0,3.0,매수관심,장대양봉,잔구간,0.88,1.23,2026-10-05
SCO,0.8,19.58,5322947,6549006,104.22,134.5,0.8,0.6,0.0,강한매수,양봉스프링,완만한상승,0.78,2.74,2026-10-05
SCYX,0.8,5.03,356470,426997,1.79,4.56,0.4,-0.6,-1.2,중립,팽이도지,잔구간,0.54,0.025,2026-10-05
BTCS,0.8,1.51,1188836,1544572,1.8,2.77,0.6,3.5,2.0,중립,양봉,잔구간,0.86,0.565,2026-10-05
NEOV,0.8,2.96,1458319,1936685,4.32,5.7,0.8,0.7,-3.6,중립,음봉,잔구간,0.29,-0.475,2026-10-05
NEWP,0.8,6.21,546451,698784,3.39,5.01,0.7,0.5,-1.6,중립,음봉,잔구간,0.3,-0.47,2026-10-05
NEXT,0.8,6.57,2001581,2624044,13.15,18.12,0.7,0.9,0.5,매수관심,팽이도지,완만한상승,0.56,0.97,2026-10-05
DQ,0.8,11.04,383952,456269,4.24,6.54,0.6,0.0,0.4,강한매수,양봉스프링,완만한상승,0.81,2.77,2026-10-05
EXFY,0.8,2.35,514355,627301,1.21,1.24,1.0,0.0,4.4,강한매수,장대양봉,완만한상승,0.79,3.25,2026-10-05
F,0.8,12.15,35691850,46094427,433.66,558.25,0.8,0.4,0.0,중립,팽이도지,잔구간,0.53,0.02,2026-10-05
FA,0.8,18.37,1936621,2523980,35.58,39.87,0.9,1.1,0.4,중립,팽이도지,잔구간,0.7,0.12,2026-10-05
MFM,0.8,4.78,689679,861399,3.3,3.49,0.9,-0.8,-1.4,중립,음봉,잔구간,0.23,-0.51,2026-10-05
SHOE,0.8,12.82,810542,1024389,10.39,13.48,0.8,0.6,1.3,매수관심,양봉스프링,잔구간,0.92,1.0,2026-10-05
SITC,0.8,3.24,1521248,1824234,4.93,6.01,0.8,-0.3,-5.0,매도주의,장대음봉,잔구간,0.08,-1.25,2026-10-05
SKDD,0.8,6.29,2848982,3634289,17.92,25.72,0.7,1.4,-1.1,매도주의,위꼬리음봉,전저점부근,0.21,-1.1,2026-10-05
SKHZ,0.8,9.05,728871,941135,6.6,10.82,0.6,0.8,-0.8,매도주의,위꼬리음봉,전저점부근,0.16,-1.16,2026-10-05
BZ,0.8,15.1,4804727,5885172,72.55,98.79,0.7,0.9,0.9,매수관심,팽이도지,전고점돌파,0.66,1.69,2026-10-05
SFIX,0.8,2.68,3590143,4614198,9.62,14.82,0.6,0.0,2.7,중립,양봉,전고점부근,0.68,0.47,2026-10-05
SG,0.8,9.09,4531358,6035842,41.19,48.72,0.8,1.5,-1.6,중립,음봉,잔구간,0.29,-0.475,2026-10-05
SGHC,0.8,11.47,2876819,3428103,33.0,38.38,0.9,0.0,2.0,중립,양봉,잔구간,0.43,0.31,2026-10-05
SHLS,0.8,8.15,3008544,3894418,24.52,30.36,0.8,-0.4,-1.5,중립,망치형,잔구간,0.67,0.6,2026-10-05
MYI,0.8,9.54,864426,1045622,8.25,10.14,0.8,-0.7,-1.6,매도주의,장대음봉,잔구간,0.17,-1.2,2026-10-05
MYN,0.8,8.75,413139,491959,3.61,3.81,0.9,-0.8,-1.5,매도주의,장대음봉,잔구간,0.23,-1.16,2026-10-05
NAD,0.8,9.96,2111093,2719286,21.03,27.91,0.8,-0.8,-2.4,매도주의,장대음봉,잔구간,0.0,-1.3,2026-10-05
ELE,0.8,18.08,336266,439336,6.08,8.36,0.7,-0.3,-0.2,중립,망치형,잔구간,0.83,0.7,2026-10-05
BXDC,0.8,17.22,2142272,2698239,36.89,46.69,0.8,-0.2,-0.1,중립,팽이도지,잔구간,0.55,0.03,2026-10-05
VOXR,0.8,5.03,360338,450906,1.81,2.29,0.8,-1.0,1.0,중립,양봉,잔구간,0.67,0.45,2026-10-05
VFC,0.8,14.27,8755367,10481212,124.94,136.71,0.9,-0.5,0.1,중립,팽이도지,잔구간,0.72,0.13,2026-10-05
HPK,0.8,8.09,333854,401720,2.7,3.76,0.7,1.4,1.6,매수관심,양봉,완만한상승,0.62,1.74,2026-10-05
HUYA,0.8,2.27,528537,697876,1.2,2.07,0.6,-1.3,0.0,중립,팽이도지,잔구간,0.4,-0.06,2026-10-05
HYMC,0.8,18.8,1538611,2012068,28.93,39.16,0.7,0.7,-0.3,중립,망치형,잔구간,0.85,0.71,2026-10-05
GRML,0.8,7.34,4741770,6086603,34.8,535.41,0.1,9.8,-15.2,강한매도,장대음봉,전저점이탈,0.21,-3.1,2026-10-05
GFR,0.8,5.99,472023,590843,2.83,5.54,0.5,-1.0,4.4,매수관심,장대양봉,잔구간,0.9,1.24,2026-10-05
GGN,0.8,5.25,332885,427807,1.75,2.73,0.6,0.0,0.0,매수관심,팽이도지,완만한상승,0.67,1.1,2026-10-05
HNST,0.8,5.15,1092596,1368212,5.63,8.14,0.7,-0.6,0.4,중립,팽이도지,잔구간,0.52,0.01,2026-10-05
CNH,0.8,13.3,10929802,13967366,145.37,199.47,0.7,-0.2,-1.0,중립,음봉,잔구간,0.43,-0.39,2026-10-05
AIV,0.8,1.88,1928512,2374694,3.63,6.0,0.6,-1.0,-1.6,강한매도,장대음봉,전저점이탈,0.2,-3.11,2026-10-05
PHR,0.8,10.37,504069,612015,5.23,6.75,0.8,0.5,2.5,강한매수,장대양봉,완만한상승,0.7,3.14,2026-10-05
PRAA,0.8,19.41,417203,498167,8.1,10.53,0.8,0.7,2.1,매수관심,양봉,완만한상승,0.81,1.97,2026-10-05
AEO,0.8,18.11,4913212,6388905,88.98,101.61,0.9,0.2,2.1,강한매수,양봉,완만한상승,0.95,2.14,2026-10-05
AEVA,0.8,14.3,1007806,1284484,14.41,20.6,0.7,-0.4,-2.7,매도주의,장대음봉,잔구간,0.32,-1.11,2026-10-05
AI,0.8,11.09,3693051,4805118,40.96,45.64,0.9,0.4,0.4,중립,팽이도지,잔구간,0.52,0.01,2026-10-05
AAL,0.7,12.83,43080362,61766287,552.72,915.32,0.6,0.5,-1.3,강한매도,장대음봉,전저점이탈,0.17,-3.15,2026-10-05
ADBG,0.7,3.69,1368279,2027360,5.05,9.78,0.5,0.7,0.3,매수관심,팽이도지,완만한상승,0.64,1.07,2026-10-05
XXI,0.7,6.68,1189330,1687611,7.94,13.67,0.6,1.1,0.1,중립,위꼬리양봉,완만한상승,0.26,-0.39,2026-10-05
ABX,0.7,8.24,493459,664422,4.07,6.61,0.6,-0.1,-0.2,매도주의,위꼬리음봉,잔구간,0.14,-0.965,2026-10-05
AGEN,0.7,8.73,956303,1434390,8.35,11.56,0.7,2.2,2.2,강한매수,양봉스프링,완만한상승,0.95,2.94,2026-10-05
XMAX,0.7,8.71,399097,569196,3.48,4.83,0.7,0.0,1.4,매수관심,장대양봉,잔구간,0.94,1.265,2026-10-05
XPEV,0.7,9.4,4419816,6011014,41.55,68.62,0.6,0.4,1.2,매수관심,장대양봉,잔구간,0.68,1.11,2026-10-05
IE,0.7,10.33,1524571,2144877,15.75,22.93,0.7,0.6,-1.6,중립,음봉,잔구간,0.38,-0.42,2026-10-05
WEAV,0.7,7.36,786948,1117446,5.79,10.01,0.6,0.0,-0.1,중립,음봉,잔구간,0.0,-0.65,2026-10-05
PATH,0.7,13.16,29536190,42613456,388.7,552.47,0.7,0.0,0.3,강한매수,양봉스프링,완만한상승,0.8,2.76,2026-10-05
PDM,0.7,8.96,1085035,1478190,9.72,15.19,0.6,-1.4,1.0,중립,양봉,잔구간,0.47,0.33,2026-10-05
PFFA,0.7,19.75,861110,1272345,17.01,23.24,0.7,0.1,-0.2,중립,망치형,잔구간,0.65,0.59,2026-10-05
IVVD,0.7,0.839,5425520,7757375,4.55,9.32,0.5,-0.3,2.4,강한매수,양봉,완만한상승,0.9,2.08,2026-10-05
TSSI,0.7,10.05,555742,790940,5.59,10.52,0.5,0.4,-2.2,중립,음봉,수횡파,0.57,-0.02,2026-10-05
TV,0.7,2.29,559961,836049,1.28,2.54,0.5,-0.9,0.9,중립,양봉,잔구간,0.6,0.41,2026-10-05
GOTU,0.7,2.53,405727,558677,1.03,1.48,0.7,-0.8,0.0,중립,위꼬리양봉,잔구간,0.12,-0.73,2026-10-05
GPRE,0.7,15.15,918322,1253077,13.91,18.12,0.8,-0.3,-0.2,중립,팽이도지,잔구간,0.6,0.06,2026-10-05
INN,0.7,5.99,980076,1466406,5.87,8.86,0.7,0.2,-0.7,중립,망치형,잔구간,0.59,0.555,2026-10-05
INV,0.7,0.516,3585954,4808773,1.85,10.99,0.2,-0.8,3.1,중립,양봉,잔구간,0.83,0.55,2026-10-05
DEC,0.7,13.61,504496,688948,6.87,9.57,0.7,-0.3,1.7,중립,양봉,잔구간,0.74,0.495,2026-10-05
QXO,0.7,11.88,15609165,22118753,185.44,266.54,0.7,-0.6,-0.9,중립,음봉,잔구간,0.29,-0.475,2026-10-05
RAM,0.7,14.24,5263431,8092412,74.95,126.53,0.6,-0.4,-0.1,중립,팽이도지,잔구간,0.33,-0.1,2026-10-05
RDY,0.7,12.32,2744203,3868762,33.81,42.27,0.8,0.0,0.6,강한매수,양봉,완만한상승,0.89,2.07,2026-10-05
REAX,0.7,16.44,336130,516193,5.53,12.41,0.4,-0.9,1.0,매수관심,팽이도지,완만한상승,0.53,0.94,2026-10-05
SB,0.7,8.75,1170953,1765870,10.25,14.96,0.7,-1.0,0.3,매수관심,양봉스프링,잔구간,0.8,0.93,2026-10-05
BSCT,0.7,18.225,556537,840279,10.14,12.69,0.8,0.1,0.0,매수관심,양봉,완만한상승,0.75,1.9,2026-10-05
BSOL,0.7,16.6,2659969,3823528,44.16,75.47,0.6,2.3,-0.3,강한매수,망치형,완만한상승,0.63,2.06,2026-10-05
BTCZ,0.7,2.79,16865164,22791154,47.05,62.94,0.7,-3.5,0.0,중립,팽이도지,잔구간,0.55,0.03,2026-10-05
BTG,0.7,5.15,15605489,22191319,80.37,111.15,0.7,0.6,-1.5,중립,음봉,잔구간,0.41,-0.405,2026-10-05
SLDP,0.7,2.3,1958158,2830543,4.5,7.08,0.6,0.0,-1.3,중립,음봉,잔구간,0.32,-0.46,2026-10-05
EVV,0.7,8.34,736237,1039393,6.14,8.22,0.7,0.4,-1.4,매도주의,장대음봉,잔구간,0.2,-1.18,2026-10-05
MHD,0.7,10.1,914796,1376427,9.24,12.72,0.7,-0.5,-1.8,매도주의,장대음봉,잔구간,0.02,-1.29,2026-10-05
NEXA,0.7,12.47,343876,477112,4.29,6.64,0.6,0.2,1.6,중립,양봉,잔구간,0.67,0.45,2026-10-05
SECZ,0.7,11.7,2952411,3948498,34.54,87.07,0.4,3.2,-12.8,강한매도,장대음봉,전저점이탈,0.03,-3.31,2026-10-05
SES,0.7,0.836,20091502,27610820,16.79,17.63,1.0,1.7,-7.1,매도주의,장대음봉,잔구간,0.34,-1.095,2026-10-05
SKHX,0.7,18.73,830428,1166659,15.55,23.37,0.7,-1.2,1.2,매수관심,양봉스프링,전고점부근,0.81,1.42,2026-10-05
VISN,0.7,6.2,4399305,6438952,27.28,37.04,0.7,0.3,-0.5,중립,망치형,잔구간,0.77,0.66,2026-10-05
VMO,0.7,8.33,438218,611587,3.65,4.98,0.7,-0.8,-1.3,매도주의,장대음봉,잔구간,0.08,-1.25,2026-10-05
VOD,0.7,16.79,2409011,3559922,40.45,56.02,0.7,0.1,-0.2,중립,음봉,잔구간,0.36,-0.435,2026-10-05
VOR,0.7,18.58,648599,903443,12.05,29.47,0.4,-0.3,-0.3,중립,팽이도지,수횡파,0.46,0.55,2026-10-05
NXRT,0.7,18.61,781670,1092198,14.55,18.44,0.8,-0.4,0.1,매수관심,양봉스프링,잔구간,0.76,0.905,2026-10-05
OIG,0.7,9.14,384349,521109,3.51,6.96,0.5,-0.3,-2.9,매도주의,장대음봉,잔구간,0.34,-1.095,2026-10-05
TGB,0.7,8.91,3699773,5573529,32.96,52.36,0.6,0.0,-0.4,중립,팽이도지,잔구간,0.53,0.02,2026-10-05
TK,0.7,14.96,425736,574344,6.37,8.01,0.8,1.4,-0.6,강한매수,망치형,전고점돌파,0.65,2.68,2026-10-05
ORCX,0.7,19.77,1389397,2119158,27.47,49.76,0.6,0.0,0.1,중립,위꼬리양봉,완만한상승,0.05,-0.64,2026-10-05
CRVS,0.7,10.74,825385,1155033,8.86,12.45,0.7,-0.2,-1.3,중립,팽이도지,잔구간,0.42,-0.05,2026-10-05
GDOT,0.7,12.52,345459,489643,4.33,6.3,0.7,-0.2,0.4,매수관심,양봉,완만한상승,0.67,1.8,2026-10-05
AXTQ,0.7,18.65,431906,615291,8.06,15.47,0.5,-2.6,1.0,중립,위꼬리양봉,잔구간,0.32,-0.61,2026-10-05
TENX,0.7,1.96,1468363,2240302,2.88,4.88,0.6,0.0,-1.0,중립,망치형,잔구간,0.73,0.64,2026-10-05
JACK,0.7,12.36,359163,515424,4.44,6.82,0.7,0.6,-1.4,중립,음봉,전저점부근,0.44,-0.02,2026-10-05
JANX,0.7,16.54,533741,746333,8.83,13.5,0.7,0.0,-2.3,중립,음봉,잔구간,0.5,-0.35,2026-10-05
JBI,0.7,4.34,1637921,2196537,7.11,10.04,0.7,-0.5,3.6,강한매수,장대양봉,완만한상승,0.74,3.19,2026-10-05
JELD,0.7,1.76,1272086,1904623,2.24,4.03,0.6,-1.6,-5.4,매도주의,장대음봉,잔구간,0.31,-1.115,2026-10-05
JMIA,0.7,6.79,879208,1195816,5.97,8.97,0.7,1.0,-2.9,매도주의,장대음봉,잔구간,0.06,-1.265,2026-10-05
KARD,0.7,15.24,380859,509052,5.8,9.35,0.6,-0.1,3.2,강한매수,양봉,완만한상승,0.85,2.02,2026-10-05
FTCB,0.7,19.725,539315,740732,10.64,14.59,0.7,-0.2,0.1,매수관심,양봉스프링,잔구간,0.85,0.96,2026-10-05
MAMA,0.7,12.82,442079,677675,5.67,8.4,0.7,0.1,-0.9,중립,음봉,잔구간,0.49,-0.355,2026-10-05
MEC,0.7,16.39,431269,642578,7.07,10.28,0.7,-0.5,0.2,중립,팽이도지,잔구간,0.44,-0.035,2026-10-05
MFG,0.7,11.03,2615088,3809239,28.84,38.15,0.8,0.9,0.4,매수관심,양봉,완만한상승,0.45,1.54,2026-10-05
EVC,0.7,7.12,986336,1474955,7.02,9.91,0.7,-0.4,-3.1,중립,음봉,전저점부근,0.08,-0.45,2026-10-05
SMWB,0.7,8.08,322249,469405,2.6,4.21,0.6,0.5,1.0,매수관심,양봉,완만한상승,0.75,1.9,2026-10-05
BIZD,0.7,12.25,2106479,2853959,25.8,32.87,0.8,-0.1,-0.5,매도주의,위꼬리음봉,전저점부근,0.08,-1.25,2026-10-05
BMBL,0.7,2.55,1760831,2389840,4.49,5.32,0.8,-1.2,1.6,매수관심,장대양봉,잔구간,0.71,1.125,2026-10-05
BMEA,0.7,1.3,1044351,1454997,1.36,3.6,0.4,0.0,2.4,중립,양봉,잔구간,0.89,0.585,2026-10-05
FSOL,0.7,14.19,316258,475910,4.49,7.77,0.6,2.2,-0.3,강한매수,망치형,완만한상승,0.65,2.08,2026-10-05
LXU,0.7,10.18,506071,735726,5.15,7.53,0.7,0.3,2.9,매수관심,장대양봉,잔구간,0.96,1.275,2026-10-05
MITK,0.7,17.7,380963,584198,6.74,10.4,0.6,0.5,-0.7,중립,음봉,잔구간,0.54,-0.325,2026-10-05
SLI,0.7,1.72,1948528,2812408,3.35,4.49,0.7,0.6,-1.7,매도주의,장대음봉,전저점부근,0.2,-1.61,2026-10-05
MUD,0.7,9.09,4534135,6314364,41.22,62.98,0.7,0.6,0.4,중립,위꼬리양봉,잔구간,0.47,-0.52,2026-10-05
KRNT,0.7,18.23,330841,444239,6.03,6.97,0.9,-0.1,4.3,강한매수,장대양봉,전고점돌파,0.95,4.04,2026-10-05
KURA,0.7,10.62,1294990,1879351,13.75,20.71,0.7,0.8,-1.0,중립,망치형,잔구간,0.65,0.59,2026-10-05
KYIV,0.7,12.57,357230,497260,4.49,5.24,0.9,0.0,0.5,매수관심,팽이도지,완만한상승,0.68,1.12,2026-10-05
LABD,0.7,7.25,18735517,25706042,135.83,188.3,0.7,-2.3,-1.0,매도주의,위꼬리음봉,잔구간,0.14,-0.965,2026-10-05
LBRT,0.7,19.59,3500554,4747241,68.58,82.98,0.8,0.5,0.9,매수관심,팽이도지,완만한상승,0.55,0.96,2026-10-05
LBTYK,0.7,8.8,1069975,1540895,9.42,16.56,0.6,-0.1,0.7,중립,위꼬리양봉,잔구간,0.2,-0.68,2026-10-05
STIM,0.7,2.2,812060,1112508,1.79,2.19,0.8,-0.9,2.8,중립,양봉,잔구간,0.5,0.35,2026-10-05
AURA,0.7,6.22,589813,801396,3.67,5.77,0.6,0.0,2.1,매수관심,양봉,완만한상승,0.46,1.55,2026-10-05
GEMI,0.7,4.77,1423067,2102329,6.79,14.45,0.5,1.0,1.2,중립,위꼬리양봉,잔구간,0.39,-0.565,2026-10-05
NEA,0.7,9.81,2332194,3343089,22.88,32.08,0.7,-0.9,-1.9,매도주의,장대음봉,잔구간,0.0,-1.3,2026-10-05
FINV,0.7,2.92,351734,469044,1.03,1.89,0.5,0.0,0.7,중립,위꼬리양봉,잔구간,0.27,-0.64,2026-10-05
FIP,0.7,2.71,821581,1178697,2.23,3.67,0.6,0.2,0.7,매수관심,양봉스프링,잔구간,0.85,0.96,2026-10-05
FLYW,0.7,18.17,1215042,1686995,22.08,27.45,0.8,-0.1,3.5,강한매수,장대양봉,전고점돌파,0.95,4.04,2026-10-05
BILI,0.7,14.75,1648596,2440232,24.32,39.63,0.6,1.0,1.2,강한매수,장대양봉,완만한상승,0.8,3.26,2026-10-05
CDZI,0.7,3.57,777220,1176163,2.77,4.49,0.6,0.8,-7.5,매도주의,장대음봉,잔구간,0.0,-1.3,2026-10-05
RKT,0.7,11.68,27041516,39361929,315.84,501.35,0.6,-1.8,1.7,매수관심,장대양봉,잔구간,0.71,1.125,2026-10-05
NDMO,0.7,8.78,389277,577327,3.42,4.76,0.7,-0.8,-1.0,중립,음봉,잔구간,0.19,-0.535,2026-10-05
NOWL,0.7,7.24,2222699,3302727,16.09,32.35,0.5,1.2,1.3,중립,팽이도지,잔구간,0.51,0.005,2026-10-05
NUV,0.7,8.14,1561302,2184447,12.71,16.51,0.8,-1.1,-0.6,중립,음봉,잔구간,0.31,-0.465,2026-10-05
NVD,0.7,3.31,57545751,86903812,190.48,304.5,0.6,-1.4,-2.6,강한매도,장대음봉,전저점이탈,0.21,-3.1,2026-10-05
LPL,0.7,3.1,1469719,2198677,4.56,8.02,0.6,0.0,-0.6,중립,음봉,잔구간,0.33,-0.45,2026-10-05
LRMR,0.7,2.86,886144,1269315,2.53,5.53,0.5,0.0,-3.4,매도주의,음봉,전저점이탈,0.32,-1.67,2026-10-05
LXEO,0.7,3.41,1858571,2739302,6.34,8.93,0.7,0.8,-4.2,중립,음봉,잔구간,0.14,-0.565,2026-10-05
DXD,0.7,17.91,3015914,4131561,54.02,70.79,0.8,0.3,-0.7,중립,음봉,잔구간,0.2,-0.53,2026-10-05
SSG,0.7,9.73,731209,1042256,7.11,9.77,0.7,-0.3,-1.8,매도주의,장대음봉,잔구간,0.09,-1.245,2026-10-05
LILAK,0.7,8.77,999361,1430953,8.76,12.16,0.7,0.0,3.2,강한매수,양봉,전고점돌파,0.84,2.61,2026-10-05
LION,0.7,11.17,2246163,3206557,25.09,36.37,0.7,-0.5,0.6,중립,위꼬리양봉,완만한상승,0.38,-0.24,2026-10-05
BPRE,0.7,12.73,645691,944754,8.22,12.48,0.7,0.1,0.2,매수관심,팽이도지,완만한상승,0.58,1.0,2026-10-05
BRSL,0.7,9.93,1946673,2651869,19.33,31.98,0.6,-0.3,1.1,매수관심,양봉,완만한상승,0.37,1.44,2026-10-05
SPCG,0.7,11.345,1387338,1893630,15.74,25.18,0.6,-0.2,-15.0,강한매도,장대음봉,전저점이탈,0.01,-3.34,2026-10-05
SRFM,0.7,0.891,7508343,10381910,6.69,10.24,0.7,0.8,-9.1,매도주의,장대음봉,잔구간,0.28,-1.13,2026-10-05
ALKT,0.7,14.15,1329377,1798693,18.81,38.51,0.5,0.3,1.6,중립,양봉,잔구간,0.65,0.44,2026-10-05
HIX,0.7,3.51,384279,583527,1.35,2.12,0.6,0.0,-0.8,중립,음봉,잔구간,0.33,-0.45,2026-10-05
IBX,0.7,15.59,366032,510481,5.71,9.26,0.6,0.0,-1.0,중립,음봉,잔구간,0.5,-0.35,2026-10-05
ICL,0.7,5.06,878266,1185581,4.44,6.05,0.7,-0.2,0.6,중립,양봉,잔구간,0.87,0.57,2026-10-05
ARIS,0.7,17.57,1133567,1594640,19.92,33.58,0.6,0.6,-0.2,매수관심,팽이도지,완만한상승,0.62,1.04,2026-10-05
ASPN,0.7,5.69,778018,1075136,4.43,6.78,0.7,0.9,-0.9,중립,음봉,완만한상승,0.5,0.2,2026-10-05
UNCY,0.7,4.19,681401,965764,2.86,4.28,0.7,0.0,-0.7,중립,팽이도지,잔구간,0.45,-0.03,2026-10-05
URG,0.7,1.06,5120233,6841931,5.43,7.83,0.7,0.0,1.0,매수관심,양봉스프링,잔구간,0.75,0.9,2026-10-05
USAS,0.7,4.43,2207932,3139933,9.78,16.74,0.6,0.9,-0.7,강한매수,망치형,완만한상승,0.84,2.31,2026-10-05
VCV,0.7,8.84,316204,446793,2.8,3.62,0.8,-0.2,-1.2,매도주의,장대음봉,잔구간,0.06,-1.265,2026-10-05
ALIT,0.7,8.74,414398,601859,3.62,5.76,0.6,-1.2,0.0,매수관심,팽이도지,전저점부근,0.62,0.89,2026-10-05
PSQL,0.7,6.19,532415,731110,3.3,4.32,0.8,1.0,1.3,중립,양봉,잔구간,0.85,0.56,2026-10-05
PTRN,0.7,17.41,1133873,1742852,19.74,31.77,0.6,-0.5,1.0,매수관심,양봉,완만한상승,0.42,1.5,2026-10-05
CIEG,0.7,4.955,481981,717198,2.39,3.19,0.7,0.6,-1.7,중립,망치형,잔구간,0.51,0.505,2026-10-05
OMAH,0.7,17.58,915853,1233331,16.1,29.74,0.5,0.0,0.3,매수관심,양봉,완만한상승,0.81,1.97,2026-10-05
ONDS,0.7,7.42,36169683,50949638,268.38,466.54,0.6,5.3,-2.7,매도주의,장대음봉,완만한상승,0.14,-1.53,2026-10-05
PGY,0.7,18.4,1814022,2599484,33.38,53.46,0.6,0.1,2.2,매수관심,양봉,완만한상승,0.46,1.55,2026-10-05
CRDU,0.7,10.68,5225540,7561371,55.81,68.61,0.8,0.8,-6.2,중립,음봉,잔구간,0.44,-0.385,2026-10-05
PRGO,0.7,14.44,1878425,2617124,27.12,44.52,0.6,-0.4,1.7,중립,양봉,잔구간,0.76,0.505,2026-10-05
PRLD,0.7,3.77,325275,499477,1.23,2.35,0.5,0.3,2.4,중립,양봉,잔구간,0.85,0.56,2026-10-05
PROK,0.7,1.58,985935,1353896,1.56,2.4,0.6,-1.7,-6.5,매도주의,장대음봉,잔구간,0.0,-1.3,2026-10-05
PRTH,0.7,7.78,771844,1101257,6.0,30.74,0.2,0.0,0.0,중립,위꼬리양봉,완만한상승,0.0,-0.7,2026-10-05
PSLV,0.7,19.78,5910273,8246124,116.91,134.41,0.9,1.6,-0.4,중립,음봉,완만한상승,0.43,0.12,2026-10-05
GRPN,0.7,19.71,667785,902465,13.16,23.98,0.5,-0.2,2.2,매수관심,장대양봉,잔구간,0.82,1.19,2026-10-05
GSBD,0.7,9.05,605743,920045,5.48,7.71,0.7,0.3,-0.5,매도주의,위꼬리음봉,잔구간,0.02,-1.04,2026-10-05
GTE,0.7,10.48,355907,513223,3.73,5.29,0.7,-0.4,0.8,매수관심,팽이도지,완만한상승,0.62,1.04,2026-10-05
HBAN,0.7,15.29,19460342,29461243,297.55,465.2,0.6,0.2,-0.5,중립,음봉,잔구간,0.34,-0.445,2026-10-05
AMC,0.7,2.79,19845912,27872568,55.37,101.83,0.5,-1.4,2.2,매수관심,양봉,완만한상승,0.53,1.64,2026-10-05
GLAS,0.7,5.35,1170847,1701239,6.26,12.2,0.5,0.0,-2.6,중립,음봉,잔구간,0.48,-0.36,2026-10-05
HLMN,0.7,6.96,1045610,1539896,7.28,10.86,0.7,-0.7,-0.4,중립,팽이도지,잔구간,0.37,-0.08,2026-10-05
HTLD,0.7,11.67,456734,620715,5.33,8.41,0.6,0.5,-2.4,중립,음봉,잔구간,0.28,-0.48,2026-10-05
CRCD,0.7,2.2,2075914,3066087,4.57,7.45,0.6,-5.2,0.5,중립,팽이도지,잔구간,0.68,0.11,2026-10-05
CWVX,0.7,15.22,839179,1193651,12.77,21.75,0.6,2.4,-7.4,매도주의,장대음봉,잔구간,0.05,-1.27,2026-10-05
PL,0.7,17.36,6960354,10343581,120.83,183.81,0.7,0.8,-1.6,중립,음봉,잔구간,0.55,-0.32,2026-10-05
CNNE,0.7,15.59,341972,464677,5.33,8.29,0.6,0.1,0.3,매수관심,팽이도지,완만한상승,0.47,0.86,2026-10-05
CONY,0.7,19.99,577709,881756,11.55,16.45,0.7,1.8,0.6,중립,팽이도지,잔구간,0.52,0.01,2026-10-05
PRCH,0.6,17.35,885841,1437271,15.37,27.24,0.6,-2.8,3.1,강한매수,장대양봉,완만한상승,0.81,3.27,2026-10-05
PRCT,0.6,17.82,970965,1677083,17.3,26.37,0.7,0.0,3.8,강한매수,장대양봉,완만한상승,0.72,3.16,2026-10-05
CNDT,0.6,1.64,850254,1351220,1.39,2.01,0.7,0.6,-1.2,매도주의,위꼬리음봉,잔구간,0.12,-0.98,2026-10-05
CORD,0.6,2.895,8497593,13312436,24.6,41.8,0.6,-2.2,7.2,매수관심,장대양봉,잔구간,0.9,1.24,2026-10-05
CTNM,0.6,12.72,508398,784126,6.47,9.74,0.7,0.2,-3.2,중립,음봉,잔구간,0.35,-0.44,2026-10-05
CTMX,0.6,2.58,1767318,2864667,4.56,10.22,0.4,-0.4,1.2,중립,팽이도지,잔구간,0.53,0.02,2026-10-05
HLN,0.6,8.82,11866756,21263807,104.66,213.41,0.5,0.5,-0.2,중립,팽이도지,잔구간,0.33,-0.1,2026-10-05
PAL,0.6,3.59,475055,745115,1.71,4.4,0.4,0.3,0.6,매수관심,팽이도지,완만한상승,0.73,1.18,2026-10-05
CX,0.6,9.54,3745526,6245740,35.73,79.69,0.4,-0.1,0.2,매수관심,팽이도지,완만한상승,0.71,1.15,2026-10-05
CLBK,0.6,11.33,2523575,3991559,28.59,48.85,0.6,-0.2,-0.5,중립,팽이도지,잔구간,0.4,-0.06,2026-10-05
CRF,0.6,6.15,871842,1381419,5.36,8.06,0.7,-0.3,0.8,강한매수,양봉,완만한상승,0.89,2.07,2026-10-05
GSOL,0.6,9.1,1503339,2664959,13.68,29.41,0.5,1.9,-0.3,강한매수,망치형,완만한상승,0.64,2.07,2026-10-05
HYPD,0.6,3.89,362736,559672,1.41,2.2,0.6,1.3,2.9,매수관심,장대양봉,잔구간,0.76,1.155,2026-10-05
HPP,0.6,11.25,489180,757420,5.5,7.76,0.7,0.0,-2.0,중립,음봉,잔구간,0.41,-0.405,2026-10-05
QTTB,0.6,8.37,955754,1551278,8.0,13.44,0.6,-1.7,3.5,중립,양봉,잔구간,0.75,0.5,2026-10-05
UAA,0.6,4.7,7811348,12040336,36.71,53.21,0.7,0.2,-0.4,중립,망치형,잔구간,0.74,0.645,2026-10-05
GLOO,0.6,4.16,718316,1108673,2.99,6.01,0.5,0.2,0.7,중립,팽이도지,잔구간,0.59,0.055,2026-10-05
UA,0.6,4.57,2285429,3595451,10.44,14.71,0.7,-0.7,0.2,매수관심,양봉스프링,잔구간,0.85,0.96,2026-10-05
VTRS,0.6,17.62,6356832,10979831,112.01,172.34,0.6,1.2,-1.1,중립,음봉,완만한상승,0.37,0.04,2026-10-05
PTLO,0.6,3.55,1157071,1975359,4.11,6.43,0.6,0.6,0.6,매수관심,팽이도지,완만한상승,0.68,1.12,2026-10-05
BSCQ,0.6,19.525,549346,950388,10.73,17.23,0.6,0.0,0.0,매수관심,양봉,완만한상승,0.5,1.6,2026-10-05
ALM,0.6,13.52,3877725,6132401,52.43,84.37,0.6,-1.3,2.2,매수관심,양봉,완만한상승,0.79,1.95,2026-10-05
WETO,0.6,1.05,1620551,2806311,1.7,11.5,0.1,-4.6,1.9,중립,팽이도지,잔구간,0.37,-0.08,2026-10-05
IAG,0.6,18.44,2479247,4456860,45.72,102.83,0.4,0.9,-1.3,중립,음봉,잔구간,0.57,-0.31,2026-10-05
NMRK,0.6,12.58,1310098,2258503,16.48,28.78,0.6,-0.5,-0.1,중립,팽이도지,잔구간,0.4,-0.06,2026-10-05
NTSK,0.6,18.42,3195312,5337625,58.86,108.81,0.5,0.0,3.8,강한매수,장대양봉,완만한상승,0.93,3.42,2026-10-05
CCO,0.6,2.4,4194067,6552074,10.07,12.71,0.8,0.0,0.4,강한매수,양봉,완만한상승,1.0,2.2,2026-10-05
BCAT,0.6,13.64,770247,1225434,10.51,17.57,0.6,-0.4,-0.3,중립,망치형,잔구간,0.53,0.52,2026-10-05
BBNX,0.6,18.95,624629,1032059,11.84,22.21,0.5,-0.3,0.2,중립,팽이도지,잔구간,0.41,-0.055,2026-10-05
SOC,0.6,3.47,6695835,10447140,23.23,32.61,0.7,-0.3,-0.9,중립,팽이도지,잔구간,0.45,-0.03,2026-10-05
CCCC,0.6,2.99,1463583,2364119,4.38,7.84,0.6,2.0,-0.7,중립,팽이도지,완만한상승,0.27,0.62,2026-10-05
EAF,0.6,8.82,375259,614403,3.31,7.85,0.4,0.1,-6.7,매도주의,장대음봉,잔구간,0.13,-1.22,2026-10-05
ECAT,0.6,13.89,403283,647985,5.6,8.09,0.7,0.3,-1.0,매도주의,장대음봉,잔구간,0.06,-1.265,2026-10-05
SMCX,0.6,15.1,2272022,3945694,34.31,64.27,0.5,-0.6,-1.6,중립,음봉,잔구간,0.32,-0.46,2026-10-05
SNDQ,0.6,11.05,14908936,23793077,164.74,305.79,0.5,-0.9,2.4,중립,양봉,잔구간,0.61,0.415,2026-10-05
SMST,0.6,11.51,1182572,1831209,13.61,26.99,0.5,-5.0,-0.3,중립,팽이도지,수횡파,0.26,0.31,2026-10-05
SMR,0.6,7.68,17955912,29625617,137.9,263.41,0.5,0.0,-0.9,중립,음봉,잔구간,0.21,-0.525,2026-10-05
BTGO,0.6,7.38,580705,1003944,4.29,10.52,0.4,0.3,-0.3,중립,팽이도지,완만한상승,0.38,0.76,2026-10-05
STLA,0.6,4.49,21735248,35026040,97.59,143.25,0.7,1.4,0.7,매수관심,양봉,완만한상승,0.6,1.72,2026-10-05
SVV,0.6,9.19,839689,1385301,7.72,13.64,0.6,1.5,-2.1,중립,음봉,잔구간,0.07,-0.61,2026-10-05
SWMR,0.6,15.68,711472,1148251,11.16,18.82,0.6,0.0,2.1,매수관심,양봉스프링,잔구간,0.96,1.025,2026-10-05
TAC,0.6,12.47,770871,1187293,9.61,17.27,0.6,0.3,0.6,매수관심,양봉스프링,전고점부근,0.82,1.43,2026-10-05
GERN,0.6,1.21,6366748,11400897,7.7,12.37,0.6,0.0,0.8,중립,팽이도지,잔구간,0.6,0.06,2026-10-05
FPE,0.6,17.05,1379239,2392305,23.52,32.2,0.7,-0.1,-0.1,중립,음봉,잔구간,0.45,-0.38,2026-10-05
FPEI,0.6,18.42,436863,674237,8.05,11.53,0.7,-0.1,0.0,중립,팽이도지,잔구간,0.5,0.0,2026-10-05
RMIX,0.6,11.69,310190,559930,3.63,6.44,0.6,-0.1,-4.3,강한매도,장대음봉,전저점이탈,0.32,-2.97,2026-10-05
MTRX,0.6,10.42,369579,607302,3.85,5.61,0.7,0.1,1.3,중립,양봉,잔구간,0.78,0.52,2026-10-05
MNTN,0.6,10.08,537133,881795,5.41,9.3,0.6,-0.7,2.6,강한매수,장대양봉,완만한상승,0.76,3.21,2026-10-05
BURU,0.6,1.12,954562,1506759,1.07,1.66,0.6,-4.8,13.1,강한매수,장대양봉,전고점돌파,1.0,4.1,2026-10-05
NAK,0.6,1.3,2452576,4186432,3.19,6.17,0.5,0.0,-2.3,매도주의,음봉,전저점이탈,0.17,-1.85,2026-10-05
MH,0.6,12.59,386261,689891,4.86,9.83,0.5,-1.5,-0.6,중립,팽이도지,잔구간,0.26,-0.145,2026-10-05
AIOT,0.6,2.82,1358123,2139923,3.83,5.43,0.7,0.0,0.4,매수관심,팽이도지,완만한상승,0.62,1.04,2026-10-05
PFN,0.6,6.19,413131,641375,2.56,4.44,0.6,0.0,-2.4,중립,음봉,잔구간,0.0,-0.65,2026-10-05
XRP,0.6,16.8,1226394,2035523,20.6,38.73,0.5,2.9,-0.7,중립,음봉,완만한상승,0.49,0.19,2026-10-05
ZSQR,0.6,4.0,360693,595125,1.44,1.97,0.7,1.5,-0.7,매도주의,위꼬리음봉,완만한상승,0.19,-0.97,2026-10-05
ABCL,0.6,13.78,4075087,6326200,56.15,73.82,0.8,-0.1,0.4,강한매수,양봉스프링,완만한상승,0.85,2.82,2026-10-05
YMAX,0.6,7.71,629710,1034706,4.86,9.42,0.5,0.0,1.4,강한매수,장대양봉,완만한상승,0.93,3.42,2026-10-05
ZTO,0.6,19.7,1580562,2691434,31.14,83.4,0.4,-0.1,1.1,강한매수,장대양봉,완만한상승,0.94,3.43,2026-10-05
IMTX,0.6,7.73,554119,950679,4.28,8.3,0.5,-0.3,2.1,매수관심,양봉,완만한상승,0.68,1.82,2026-10-05
SKYQ,0.6,2.54,413936,679558,1.05,10.0,0.1,-0.4,3.7,중립,양봉,잔구간,0.94,0.615,2026-10-05
EXK,0.6,8.6,4539905,7220857,39.04,73.94,0.5,0.9,-0.9,중립,망치형,잔구간,0.67,0.6,2026-10-05
RXST,0.6,4.76,483757,758293,2.3,3.87,0.6,0.4,1.3,매수관심,양봉,완만한상승,0.76,1.91,2026-10-05
VLY,0.6,12.76,5886983,9901030,75.12,106.86,0.7,0.0,-0.5,중립,음봉,잔구간,0.29,-0.475,2026-10-05
VGM,0.6,8.68,318230,505710,2.76,4.8,0.6,-0.9,-1.6,매도주의,장대음봉,잔구간,0.17,-1.2,2026-10-05
EIDO,0.6,11.92,464187,738971,5.53,14.35,0.4,1.5,0.6,매수관심,장대양봉,잔구간,0.88,1.23,2026-10-05
CSIQ,0.6,11.19,1113930,1817399,12.46,21.35,0.6,0.0,0.0,매수관심,양봉스프링,잔구간,0.98,1.04,2026-10-05
FULC,0.6,3.71,1062212,1691550,3.94,5.53,0.7,0.3,0.3,중립,팽이도지,잔구간,0.6,0.06,2026-10-05
RWT,0.6,3.44,2749167,4435973,9.46,20.64,0.5,-0.3,-2.3,강한매도,장대음봉,전저점이탈,0.18,-3.13,2026-10-05
NVTX,0.6,17.65,428206,674400,7.56,8.06,0.9,-1.4,1.4,강한매수,양봉스프링,완만한상승,1.0,3.0,2026-10-05
NXP,0.6,13.04,319354,541394,4.16,5.82,0.7,-0.3,-1.6,매도주의,장대음봉,잔구간,0.16,-1.205,2026-10-05
TETH,0.6,13.53,965978,1541405,13.07,22.58,0.6,2.0,-0.3,강한매수,망치형,완만한상승,0.63,2.06,2026-10-05
TGE,0.6,1.09,1125067,1825812,1.23,31.52,0.0,6.3,-7.6,중립,음봉,잔구간,0.0,-0.65,2026-10-05
TKC,0.6,5.18,1641892,2795385,8.51,12.98,0.7,1.6,1.2,중립,양봉,전고점부근,0.8,0.61,2026-10-05
BB,0.6,9.08,15199111,24290410,138.01,230.9,0.6,0.0,-2.4,매도주의,장대음봉,잔구간,0.25,-1.15,2026-10-05
AXTL,0.6,4.16,776629,1206803,3.23,4.07,0.8,2.9,-1.2,강한매수,망치형,완만한상승,0.73,2.18,2026-10-05
AVTX,0.6,14.6,736839,1140043,10.76,16.96,0.6,0.7,-3.2,매도주의,장대음봉,잔구간,0.3,-1.12,2026-10-05
COUR,0.5,5.18,6194282,11654959,32.09,44.22,0.7,-0.4,3.6,강한매수,장대양봉,완만한상승,0.77,3.22,2026-10-05
BSCW,0.5,19.615,300517,630221,5.89,13.74,0.4,0.1,0.1,강한매수,양봉,완만한상승,0.9,2.08,2026-10-05
XFOR,0.5,2.9,698104,1310771,2.02,3.7,0.5,1.8,0.7,강한매수,양봉스프링,완만한상승,0.83,2.8,2026-10-05
WCMI,0.5,19.235,722237,1363080,13.89,25.81,0.5,0.2,0.2,매수관심,양봉스프링,잔구간,0.75,0.9,2026-10-05
ITG,0.5,6.98,370353,689410,2.59,4.39,0.6,0.0,1.5,중립,위꼬리양봉,잔구간,0.28,-0.63,2026-10-05
TWI,0.5,6.98,347318,667917,2.42,4.44,0.5,0.0,-0.1,중립,팽이도지,잔구간,0.43,-0.04,2026-10-05
OGG,0.5,2.85,1110079,2199210,3.16,5.98,0.5,0.7,0.7,매수관심,팽이도지,완만한상승,0.55,0.96,2026-10-05
AHRT,0.5,5.96,806404,1728676,4.81,11.55,0.4,-0.2,-1.0,중립,음봉,잔구간,0.36,-0.435,2026-10-05
PAYP,0.5,15.26,372272,796458,5.68,10.3,0.6,0.6,1.7,중립,양봉,잔구간,0.72,0.48,2026-10-05
TRX,0.5,1.17,1223151,2336404,1.43,3.72,0.4,0.0,-2.5,매도주의,장대음봉,잔구간,0.0,-1.3,2026-10-05
ORN,0.5,9.26,323869,656982,3.0,5.43,0.6,-0.6,0.2,중립,팽이도지,잔구간,0.58,0.05,2026-10-05
ETRA,0.5,9.74,334447,706102,3.26,8.4,0.4,0.9,-6.9,강한매도,장대음봉,전저점이탈,0.39,-2.88,2026-10-05
MUA,0.5,9.39,321370,657384,3.02,5.55,0.5,-1.2,-0.3,중립,망치형,잔구간,0.55,0.53,2026-10-05
NCI,0.5,0.923,1736507,3591508,1.6,10.68,0.2,-8.9,17.5,매수관심,양봉,전저점부근,0.51,1.46,2026-10-05
ASTX,0.5,9.41,3307379,6290962,31.12,50.24,0.6,0.6,-0.7,중립,팽이도지,잔구간,0.59,0.055,2026-10-05
DAMD,0.5,8.33,2109679,4303613,17.57,46.34,0.4,1.1,-0.5,매도주의,위꼬리음봉,잔구간,0.09,-0.995,2026-10-05
VNDA,0.5,4.58,726796,1400347,3.33,6.68,0.5,-0.9,-0.2,강한매수,망치형,전저점부근,0.82,3.13,2026-10-05
BSCU,0.5,16.165,534561,990075,8.64,14.09,0.6,0.1,0.0,강한매수,양봉스프링,완만한상승,0.79,2.75,2026-10-05
EVH,0.5,3.61,1341864,2482201,4.84,7.7,0.6,-0.3,4.6,강한매수,장대양봉,완만한상승,0.83,3.3,2026-10-05
BEKE,0.5,16.5,3306478,6673886,54.56,105.8,0.5,0.0,0.4,중립,양봉,잔구간,0.73,0.49,2026-10-05
EGHT,0.5,2.24,975697,1827920,2.19,4.81,0.5,0.0,-1.8,중립,음봉,잔구간,0.28,-0.48,2026-10-05
AQST,0.5,4.57,1092970,2091460,4.99,10.41,0.5,0.4,0.0,중립,팽이도지,잔구간,0.74,0.145,2026-10-05
GROY,0.5,2.94,669184,1324493,1.97,4.13,0.5,0.3,-1.3,매도주의,음봉,전저점이탈,0.33,-1.65,2026-10-05
HAPN,0.5,15.46,1057879,1925332,16.35,27.98,0.6,0.7,-0.1,중립,팽이도지,잔구간,0.33,-0.1,2026-10-05
ASAN,0.5,9.14,3493306,6488965,31.93,68.5,0.5,0.2,5.8,매수관심,장대양봉,잔구간,0.98,1.29,2026-10-05
ALOY,0.5,8.11,882358,1791500,7.16,16.27,0.4,1.3,-1.4,중립,음봉,잔구간,0.32,-0.46,2026-10-05
CANG,0.5,2.72,456760,931206,1.24,1.67,0.7,-0.7,2.6,매수관심,양봉,완만한상승,0.68,1.82,2026-10-05
LDI,0.5,0.606,2348749,4802862,1.42,3.24,0.4,2.3,-6.8,매도주의,장대음봉,잔구간,0.25,-1.15,2026-10-05
BMNZ,0.5,4.13,1870538,3971422,7.73,18.18,0.4,-4.4,-0.2,중립,팽이도지,잔구간,0.45,-0.03,2026-10-05
LTRX,0.5,7.13,615907,1222292,4.39,7.62,0.6,-0.1,-0.7,중립,음봉,잔구간,0.39,-0.415,2026-10-05
MEDS,0.5,3.35,659048,1323289,2.21,30.43,0.1,-3.5,-5.6,매도주의,장대음봉,잔구간,0.0,-1.3,2026-10-05
RSKD,0.5,7.81,1060063,2347739,8.28,26.81,0.3,-0.8,0.1,중립,위꼬리양봉,잔구간,0.21,-0.675,2026-10-05
ENVX,0.5,2.67,4629350,9720881,12.36,21.99,0.6,1.1,-5.7,매도주의,장대음봉,잔구간,0.09,-1.245,2026-10-05
MUZ,0.5,6.85,5458796,11776226,37.39,82.71,0.5,1.0,1.0,중립,양봉,잔구간,0.57,0.39,2026-10-05
NXE,0.5,9.07,2388982,4411376,21.67,40.51,0.5,0.6,0.2,매수관심,팽이도지,완만한상승,0.63,1.06,2026-10-05
QNC,0.5,1.64,740251,1504401,1.21,2.72,0.4,1.9,1.2,중립,팽이도지,잔구간,0.55,0.03,2026-10-05
JDZG,0.5,5.17,533498,985541,2.76,5.23,0.5,2.7,4.0,강한매수,장대양봉,전고점돌파,0.96,4.05,2026-10-05
EU,0.5,1.07,1802183,3283001,1.93,6.32,0.3,0.0,4.9,매수관심,장대양봉,잔구간,0.86,1.215,2026-10-05
IREZ,0.5,9.935,1019699,2120920,10.13,24.62,0.4,-0.7,7.2,강한매수,장대양봉,완만한상승,0.77,3.22,2026-10-05
IQ,0.5,1.03,3349079,6785744,3.45,6.65,0.5,-0.2,4.0,강한매수,장대양봉,완만한상승,1.0,3.5,2026-10-05
BSCV,0.5,15.795,457278,984622,7.22,13.04,0.6,0.2,-0.1,중립,음봉,완만한상승,0.62,0.34,2026-10-05
QID,0.5,12.64,20463317,38136183,258.66,539.56,0.5,0.0,-1.8,강한매도,장대음봉,전저점이탈,0.12,-3.21,2026-10-05
ABUS,0.4,4.67,6183039,16498207,28.87,57.36,0.5,0.0,4.9,중립,양봉,잔구간,0.67,0.45,2026-10-05
PALI,0.4,1.46,1600939,3705400,2.34,6.19,0.4,0.0,1.4,매수관심,양봉,완만한상승,0.71,1.85,2026-10-05
CNTB,0.4,0.898,1431190,3330258,1.29,20.46,0.1,0.0,-3.1,중립,음봉,전저점부근,0.1,-0.43,2026-10-05
GLNK,0.4,12.33,374967,895943,4.62,9.86,0.5,4.0,-1.4,중립,음봉,완만한상승,0.53,0.24,2026-10-05
SPDN,0.4,8.36,18186711,44479706,152.04,354.9,0.4,0.0,-0.7,강한매도,장대음봉,전저점이탈,0.3,-2.99,2026-10-05
BEZ,0.4,4.64,2471824,6514798,11.47,32.28,0.4,0.4,1.5,중립,팽이도지,잔구간,0.56,0.035,2026-10-05
MNKD,0.4,3.82,2876344,6731961,10.99,25.29,0.4,0.5,0.0,강한매수,양봉스프링,완만한상승,0.8,2.76,2026-10-05
BENF,0.4,1.31,1042964,2350330,1.37,95.14,0.0,-3.5,-5.1,매도주의,장대음봉,잔구간,0.1,-1.24,2026-10-05
MX,0.4,3.54,1282275,3297980,4.54,10.34,0.4,0.5,-4.3,중립,음봉,잔구간,0.4,-0.41,2026-10-05
SMCZ,0.4,4.14,1192524,3070432,4.94,13.3,0.4,-0.2,2.2,중립,양봉,잔구간,0.67,0.45,2026-10-05
IVA,0.4,3.48,1701579,4317608,5.92,11.8,0.5,-1.1,-1.1,중립,망치형,잔구간,0.68,0.61,2026-10-05
METD,0.4,12.53,403374,1132098,5.05,19.43,0.3,0.1,-2.0,매도주의,장대음봉,잔구간,0.22,-1.17,2026-10-05
GMRS,0.4,9.98,435959,1134733,4.35,11.08,0.4,-0.5,1.4,중립,양봉,잔구간,0.82,0.54,2026-10-05
FTMH,0.4,10.84,478675,1151151,5.19,9.23,0.6,0.1,-0.2,중립,망치형,잔구간,0.59,0.555,2026-10-05
ACCV,0.3,16.46,2418985,8581125,39.82,156.27,0.3,-2.7,-4.6,매도주의,장대음봉,잔구간,0.07,-1.26,2026-10-05
COHH,0.3,7.34,479381,1426377,3.52,9.15,0.4,2.0,-4.1,중립,음봉,잔구간,0.47,-0.37,2026-10-05
RLX,0.3,1.72,725871,2112981,1.25,3.81,0.3,-0.6,1.2,매수관심,양봉,완만한상승,0.5,1.6,2026-10-05
SHNY,0.3,7.85,405936,1245690,3.19,10.74,0.3,0.3,-0.9,중립,음봉,잔구간,0.52,-0.34,2026-10-05
SHMD,0.3,4.5,543522,1777965,2.45,11.33,0.2,-0.4,-1.1,중립,망치형,잔구간,0.71,0.625,2026-10-05
GLND,0.2,3.71,4564421,21275248,16.93,276.37,0.1,5.5,-5.7,중립,음봉,잔구간,0.11,-0.585,2026-10-05
ENGS,0.2,3.07,399654,1781215,1.23,7.57,0.2,0.0,0.7,강한매수,양봉,완만한상승,0.83,2.0,2026-10-05
FFAI,0.2,1.17,1836955,9190707,2.15,10.38,0.2,4.9,-9.3,매도주의,장대음봉,전저점부근,0.14,-1.68,2026-10-05
TNON,0.2,3.7,463619,1912682,1.72,26.06,0.1,-4.1,4.2,중립,양봉,잔구간,0.6,0.41,2026-10-05
MSGY,0.1,4.89,599076,10620390,2.93,68.85,0.0,-1.5,12.9,매수관심,양봉,완만한상승,0.48,1.58,2026-10-05
