ticker,ratio,latest_close,latest_volume,baseline_volume,dollar_volume_M,avg_dollar_vol_10d_M,dollar_surge_x,signal_gap_%,intraday_chg_%,candle_signal,candle_shape,candle_pos,close_pos,candle_score,latest_date
LHAI,1811.0,1.1,92886770,51290,102.18,0.09,1159.6,49.2,-10.2,중립,음봉,전고점돌파,0.44,0.73,2026-09-02
BIAF,748.2,9.75,46047676,61541,448.96,31.16,14.4,15.5,28.1,강한매수,양봉,전고점돌파,0.52,2.22,2026-09-02
VIOT,206.3,1.78,53672792,260106,95.54,0.28,338.2,21.7,50.8,강한매수,장대양봉,전고점돌파,0.88,3.96,2026-09-02
JLHL,119.8,6.33,11752687,98119,74.39,0.8,93.5,26.3,-10.8,중립,음봉,잔구간,0.1,-0.59,2026-09-02
VIVK,70.2,0.901,79646692,1134785,71.77,2.17,33.1,33.9,-14.2,중립,음봉,완만한상승,0.13,-0.24,2026-09-02
CTSO,52.7,0.384,5798571,110094,2.23,0.05,46.9,6.8,6.3,중립,위꼬리양봉,잔구간,0.37,-0.58,2026-09-02
GYGY,46.1,1.73,14853438,322407,25.7,9.8,2.6,-3.6,30.1,강한매수,장대양봉,전고점돌파,0.66,3.69,2026-09-02
KITT,43.2,0.738,11067139,256249,8.17,1.29,6.4,1.6,-8.8,강한매도,장대음봉,전저점이탈,0.33,-2.95,2026-09-02
DH,43.1,1.04,8723407,202598,9.07,0.23,38.8,13.0,2.0,중립,위꼬리양봉,전고점돌파,0.1,0.02,2026-09-02
TLYS,40.5,3.81,4544527,112328,17.31,0.48,36.3,2.3,-5.9,매도주의,장대음봉,잔구간,0.04,-1.275,2026-09-02
SSM,37.3,4.8,2301251,61637,11.05,18.45,0.6,-6.4,7.9,매수관심,팽이도지,완만한상승,0.64,1.07,2026-09-02
TCRX,36.3,0.381,8517352,234350,3.25,0.23,14.3,-17.5,-30.7,강한매도,장대음봉,전저점이탈,0.1,-3.23,2026-09-02
GPRO,32.9,1.69,280458777,8529612,473.98,84.07,5.6,-0.8,38.5,강한매수,장대양봉,전고점돌파,0.84,3.91,2026-09-02
CRDU,31.2,6.85,23185659,744016,158.82,17.25,9.2,-17.4,-27.5,강한매도,장대음봉,전저점이탈,0.12,-3.21,2026-09-02
NYXH,29.3,1.51,3028998,103410,4.57,0.18,25.4,2.0,-0.7,중립,음봉,잔구간,0.37,-0.43,2026-09-02
SCNI,21.6,2.34,1611978,74618,3.77,0.41,9.2,-1.6,-3.3,중립,음봉,전저점부근,0.42,-0.05,2026-09-02
SST,19.5,3.01,1773367,90884,5.34,2.79,1.9,-3.9,10.3,강한매수,양봉,전고점돌파,0.53,2.24,2026-09-02
HPEL,18.0,15.73,1895863,105130,29.82,1.34,22.3,4.4,-0.2,강한매수,망치형,완만한상승,0.8,2.26,2026-09-02
NCT,16.8,4.9,15397099,918328,75.45,4.65,16.2,0.4,-6.5,매도주의,위꼬리음봉,잔구간,0.12,-0.98,2026-09-02
GBTG,16.2,9.48,13552835,837645,128.48,10.68,12.0,0.0,0.2,매수관심,양봉,완만한상승,0.8,1.96,2026-09-02
LIDR,16.0,1.39,6998554,437594,9.73,19.59,0.5,-6.8,1.5,중립,위꼬리양봉,잔구간,0.27,-0.64,2026-09-02
ALMS,16.0,10.35,10382833,648983,107.46,44.09,2.4,7.2,1.9,중립,위꼬리양봉,잔구간,0.49,-0.505,2026-09-02
MNTK,15.9,2.13,1372438,86244,2.92,0.19,15.7,4.5,15.8,강한매수,장대양봉,전고점돌파,0.92,4.0,2026-09-02
GIPR,13.6,0.394,9628507,705406,3.8,22.4,0.2,-3.8,12.2,매수관심,장대양봉,잔구간,0.71,1.125,2026-09-02
SPWH,13.4,1.28,3200852,239234,4.1,0.66,6.2,11.7,-4.5,중립,음봉,전고점돌파,0.47,0.76,2026-09-02
CURR,12.4,4.01,2485806,200658,9.97,1.42,7.0,0.9,18.3,강한매수,장대양봉,전고점돌파,0.9,3.98,2026-09-02
KIDZ,11.6,3.76,694227,59842,2.61,1.21,2.2,-10.9,4.2,중립,양봉,전저점이탈,0.8,0.31,2026-09-02
COPY,11.3,15.94,1185242,104629,18.89,1.99,9.5,0.4,0.1,매수관심,팽이도지,완만한상승,0.57,0.98,2026-09-02
ADBT,10.3,1.72,3566792,345342,6.13,2.45,2.5,-1.9,-52.4,강한매도,장대음봉,전저점이탈,0.11,-3.22,2026-09-02
FLD,9.0,0.46,4621796,515974,2.13,0.4,5.3,-0.5,0.1,중립,팽이도지,전저점부근,0.37,0.59,2026-09-02
EDBL,8.3,1.49,725857,87113,1.08,0.25,4.4,-4.5,0.7,중립,팽이도지,잔구간,0.67,0.1,2026-09-02
MOVE,7.9,14.48,556833,70742,8.06,9.22,0.9,-4.1,17.9,강한매수,장대양봉,완만한상승,0.75,3.2,2026-09-02
THEO,7.8,9.87,595139,76421,5.87,4.85,1.2,0.0,0.0,중립,위꼬리양봉,완만한상승,0.0,-0.7,2026-09-02
XTIA,7.4,0.95,3300333,448055,3.14,0.92,3.4,-2.6,-15.2,강한매도,장대음봉,전저점이탈,0.32,-2.97,2026-09-02
IBTL,7.4,19.845,1282543,173624,25.45,5.34,4.8,0.1,0.0,매수관심,양봉스프링,잔구간,0.83,0.95,2026-09-02
GSRV,6.6,9.89,576516,86759,5.7,2.02,2.8,0.0,0.0,중립,위꼬리양봉,완만한상승,0.0,-0.7,2026-09-02
EWZS,6.6,13.52,928568,140015,12.55,2.23,5.6,1.5,2.5,강한매수,장대양봉,전고점돌파,0.71,3.75,2026-09-02
BLRK,6.3,10.08,861251,137759,8.68,2.13,4.1,0.1,-0.1,매도주의,장대음봉,완만한상승,0.0,-1.7,2026-09-02
ASTN,6.1,4.57,3913230,639144,17.88,4.18,4.3,-10.4,-15.4,매도주의,장대음봉,잔구간,0.14,-1.215,2026-09-02
XSLL,6.0,9.99,347757,58318,3.47,1.05,3.3,0.0,0.1,강한매수,장대양봉,전고점부근,1.0,2.15,2026-09-02
IRD,5.9,4.45,4998100,846250,22.24,3.67,6.1,0.8,15.3,강한매수,장대양봉,전고점돌파,0.89,3.97,2026-09-02
MF,5.9,13.69,378901,64508,5.19,2.17,2.4,-3.7,-11.0,매도주의,음봉,전저점이탈,0.14,-1.88,2026-09-02
ILLU,5.8,9.97,394116,67607,3.93,0.74,5.3,0.0,0.1,중립,양봉,전고점부근,0.5,0.25,2026-09-02
INDO,5.8,2.99,541183,94028,1.62,0.45,3.6,0.3,-1.3,중립,음봉,잔구간,0.39,-0.415,2026-09-02
TIPX,5.6,18.57,844089,151762,15.67,5.67,2.8,-0.1,0.0,중립,팽이도지,잔구간,0.5,0.0,2026-09-02
MEVO,5.4,10.02,1258932,231830,12.61,2.79,4.5,0.1,0.1,매수관심,양봉,완만한상승,0.67,1.8,2026-09-02
DAKT,5.2,19.13,2857922,546428,54.67,9.4,5.8,11.1,-11.0,매도주의,장대음봉,잔구간,0.05,-1.27,2026-09-02
RGC,5.1,6.31,373685,73639,2.36,0.62,3.8,-1.1,16.0,강한매수,장대양봉,전고점돌파,0.75,3.8,2026-09-02
XTNT,5.1,0.409,8897526,1728097,3.64,3.3,1.1,6.3,4.6,매수관심,양봉,완만한상승,0.54,1.65,2026-09-02
LX,4.9,0.821,23746333,4803491,19.49,6.49,3.0,2.7,-9.4,강한매도,장대음봉,전저점이탈,0.01,-3.34,2026-09-02
FRVO,4.9,17.98,19642994,4001702,353.18,125.54,2.8,-6.8,-2.3,중립,망치형,잔구간,0.54,0.525,2026-09-02
EOSE,4.9,3.61,74685657,15163691,269.62,76.34,3.5,12.3,5.7,중립,양봉,잔구간,0.84,0.555,2026-09-02
YLD,4.8,18.88,588711,122842,11.11,4.98,2.2,0.1,0.2,매수관심,양봉,완만한상승,0.64,1.77,2026-09-02
EOSU,4.8,6.77,750561,156063,5.08,1.12,4.5,24.6,11.3,중립,양봉,잔구간,0.9,0.59,2026-09-02
LHSW,4.8,3.71,1789625,369330,6.64,1.02,6.5,-21.9,64.9,강한매수,장대양봉,완만한상승,0.77,3.22,2026-09-02
CNTB,4.7,2.76,2613119,561510,7.21,1.49,4.8,0.4,16.5,강한매수,장대양봉,전고점돌파,0.8,3.86,2026-09-02
YDES,4.6,3.76,567670,122451,2.13,0.56,3.8,-1.7,1.3,중립,팽이도지,잔구간,0.5,0.0,2026-09-02
BSCU,4.5,16.445,1906897,425791,31.36,9.47,3.3,0.1,-0.0,중립,망치형,잔구간,0.75,0.65,2026-09-02
LPSN,4.5,3.1,891419,200309,2.76,0.73,3.8,0.0,4.4,매수관심,양봉,완만한상승,0.51,1.61,2026-09-02
PYPG,4.4,7.574,942114,214384,7.14,2.97,2.4,0.7,8.2,매수관심,장대양봉,잔구간,0.83,1.2,2026-09-02
MOBX,4.4,1.07,1358776,307765,1.45,2.84,0.5,-2.5,-9.3,매도주의,장대음봉,전저점부근,0.2,-1.61,2026-09-02
CHPT,4.3,5.19,1631139,376023,8.47,2.03,4.2,0.0,-2.1,강한매도,음봉,전저점이탈,0.0,-2.05,2026-09-02
DDC,4.3,0.321,11247482,2622255,3.61,1.07,3.4,6.2,-11.7,중립,음봉,전저점부근,0.31,-0.18,2026-09-02
DGNX,4.2,1.36,922321,221748,1.25,0.47,2.7,0.9,15.3,매수관심,장대양봉,잔구간,0.86,1.215,2026-09-02
WETO,4.1,3.93,6448337,1568488,25.34,51.13,0.5,-10.3,-26.3,강한매도,장대음봉,전저점이탈,0.24,-3.06,2026-09-02
VSTM,4.0,8.02,5260669,1312357,42.19,11.15,3.8,1.2,4.2,강한매수,장대양봉,전고점돌파,0.82,3.88,2026-09-02
CDT,4.0,0.91,1295377,321647,1.18,0.71,1.7,-22.3,-20.9,강한매도,장대음봉,전저점이탈,0.03,-3.31,2026-09-02
DSX,3.9,3.01,3160686,812189,9.51,2.57,3.7,0.7,8.7,강한매수,장대양봉,전고점돌파,0.96,4.05,2026-09-02
OABI,3.9,5.04,5084227,1289940,25.62,7.47,3.4,0.7,12.8,강한매수,양봉,전고점돌파,0.59,2.31,2026-09-02
TJGC,3.6,10.04,1671039,463143,16.78,11.06,1.5,0.0,0.2,중립,위꼬리양봉,완만한상승,0.29,-0.35,2026-09-02
AIIO,3.6,1.7,1874108,515845,3.19,1.5,2.1,3.4,-19.8,강한매도,장대음봉,전저점이탈,0.11,-3.22,2026-09-02
QCLS,3.6,1.91,566231,158844,1.08,0.4,2.7,0.5,-9.0,강한매도,장대음봉,전저점이탈,0.14,-3.18,2026-09-02
CNH,3.6,13.65,53804780,14880690,734.44,327.32,2.2,-0.3,9.6,강한매수,장대양봉,전고점돌파,0.84,3.91,2026-09-02
SY,3.5,2.82,796272,225188,2.25,4.93,0.5,0.4,2.5,중립,위꼬리양봉,완만한상승,0.29,-0.35,2026-09-02
AIB,3.4,1.06,2571475,750407,2.73,1.31,2.1,-4.7,5.0,강한매수,양봉,완만한상승,0.85,2.02,2026-09-02
GERN,3.4,1.59,26890023,7884815,42.76,12.36,3.5,0.7,6.7,매수관심,장대양봉,전고점부근,0.79,1.9,2026-09-02
EPRX,3.4,7.45,749994,222066,5.59,2.78,2.0,0.9,16.4,매수관심,장대양봉,잔구간,0.98,1.29,2026-09-02
RNXT,3.4,2.52,4134706,1200139,10.42,2.07,5.0,1.4,17.8,강한매수,장대양봉,전고점돌파,0.84,3.91,2026-09-02
MOBI,3.3,12.09,449916,136644,5.44,2.04,2.7,0.4,5.1,매수관심,장대양봉,전고점부근,0.76,1.86,2026-09-02
PERI,3.3,9.4,992513,299510,9.33,3.15,3.0,0.3,-0.5,매도주의,위꼬리음봉,잔구간,0.18,-0.94,2026-09-02
AVD,3.2,2.36,488943,151796,1.15,0.52,2.2,-0.9,4.0,강한매수,장대양봉,전고점돌파,0.67,3.7,2026-09-02
GPRK,3.2,11.69,1153952,356147,13.49,6.09,2.2,-1.2,5.3,강한매수,양봉,전고점돌파,0.75,2.5,2026-09-02
ONCY,3.2,0.88,1587978,503988,1.4,0.47,2.9,1.2,3.5,강한매수,양봉,전고점돌파,0.63,2.36,2026-09-02
PALD,3.1,11.561,385068,125459,4.45,1.15,3.9,4.3,4.9,강한매수,장대양봉,완만한상승,0.74,3.19,2026-09-02
FCEL,3.1,14.4,15389756,4973889,221.61,131.23,1.7,-10.4,-5.9,매도주의,음봉,전저점이탈,0.24,-1.76,2026-09-02
FBLG,3.1,1.95,639026,204567,1.25,0.73,1.7,2.8,-10.1,매도주의,장대음봉,잔구간,0.27,-1.14,2026-09-02
FHTX,3.1,5.17,956827,312217,4.95,3.03,1.6,1.1,-10.1,강한매도,장대음봉,전저점이탈,0.16,-3.16,2026-09-02
WOOF,3.1,2.63,5047753,1616888,13.28,4.29,3.1,1.6,0.4,중립,위꼬리양봉,잔구간,0.3,-0.62,2026-09-02
BHC,3.0,6.83,7721005,2535741,52.73,17.12,3.1,1.4,4.1,강한매수,장대양봉,전고점부근,0.88,2.01,2026-09-02
SID,3.0,1.17,5946490,1993512,6.96,2.29,3.0,1.8,1.7,강한매수,양봉,전고점돌파,0.6,2.32,2026-09-02
HAWK,3.0,17.65,2607645,877881,46.02,18.15,2.5,-0.6,-3.3,매도주의,음봉,전저점이탈,0.48,-1.47,2026-09-02
PREF,3.0,18.75,491592,162859,9.22,4.93,1.9,-0.1,0.1,중립,양봉,잔구간,0.5,0.35,2026-09-02
SPCQ,2.9,13.045,1747570,604250,22.8,15.37,1.5,-0.8,2.9,중립,양봉,잔구간,0.48,0.34,2026-09-02
RNGR,2.9,17.1,487429,165778,8.34,3.31,2.5,-1.1,2.0,강한매수,장대양봉,완만한상승,0.68,3.12,2026-09-02
RPAY,2.9,3.83,930263,323605,3.56,1.26,2.8,1.4,7.6,매수관심,장대양봉,잔구간,0.83,1.2,2026-09-02
EVTL,2.9,0.585,12101853,4160963,7.08,3.25,2.2,0.8,-3.4,강한매도,장대음봉,전저점이탈,0.14,-3.18,2026-09-02
ALEC,2.9,2.72,1672778,584167,4.55,2.33,2.0,0.0,13.3,강한매수,장대양봉,전고점돌파,0.89,3.97,2026-09-02
OPK,2.8,1.69,7144421,2563472,12.07,3.89,3.1,2.0,9.0,강한매수,장대양봉,전고점돌파,0.86,3.93,2026-09-02
GOTU,2.8,2.19,907969,328114,1.99,0.57,3.5,0.5,0.9,중립,위꼬리양봉,전고점돌파,0.36,0.33,2026-09-02
SSL,2.8,12.68,3648026,1300121,46.26,14.39,3.2,-2.1,4.0,강한매수,장대양봉,전고점돌파,0.91,3.99,2026-09-02
BYND,2.8,11.57,1799405,645733,20.82,16.72,1.2,-0.8,-6.3,강한매도,장대음봉,전저점이탈,0.02,-3.33,2026-09-02
HCAT,2.7,1.69,701611,259003,1.19,0.79,1.5,0.0,-1.2,매도주의,위꼬리음봉,잔구간,0.22,-0.92,2026-09-02
QNC,2.7,1.88,1024435,381501,1.93,0.87,2.2,-1.5,-2.6,강한매도,장대음봉,전저점이탈,0.14,-3.18,2026-09-02
AEHG,2.7,6.21,1747256,653955,10.85,4.85,2.2,3.5,5.4,중립,양봉,잔구간,0.86,0.565,2026-09-02
MOMO,2.7,5.485,1024127,384520,5.62,3.03,1.9,-0.2,1.0,중립,양봉,잔구간,0.65,0.44,2026-09-02
MQY,2.7,10.87,990387,372464,10.77,4.38,2.5,0.1,-0.9,강한매도,장대음봉,전저점이탈,0.08,-3.25,2026-09-02
NIO,2.7,3.86,73027199,27522310,281.88,158.85,1.8,-3.4,-1.5,매도주의,음봉,전저점이탈,0.08,-1.95,2026-09-02
ALT,2.7,3.28,7472170,2774416,24.51,13.17,1.9,0.3,5.8,강한매수,장대양봉,전고점돌파,0.75,3.8,2026-09-02
IHS,2.7,8.43,2953805,1106227,24.9,10.23,2.4,0.1,0.2,강한매수,장대양봉,완만한상승,1.0,3.5,2026-09-02
RMIX,2.7,16.16,697831,260123,11.28,6.76,1.7,-0.4,0.1,중립,팽이도지,잔구간,0.51,0.005,2026-09-02
DPRO,2.7,5.69,2076306,766022,11.81,8.7,1.4,0.0,5.8,강한매수,장대양봉,전고점돌파,0.92,4.0,2026-09-02
WFCpC,2.7,16.28,339761,128081,5.53,2.21,2.5,-0.4,0.9,매수관심,장대양봉,잔구간,0.89,1.235,2026-09-02
SKYQ,2.7,2.65,1368040,512727,3.63,1.94,1.9,-1.1,-5.4,매도주의,장대음봉,잔구간,0.12,-1.23,2026-09-02
FCUV,2.7,15.16,678665,248403,10.29,1.99,5.2,0.0,33.6,강한매수,장대양봉,전고점돌파,0.85,3.92,2026-09-02
PAYO,2.6,7.12,3323978,1286459,23.67,13.23,1.8,-0.1,0.4,강한매수,장대양봉,완만한상승,0.75,3.2,2026-09-02
AMOD,2.6,2.08,517996,198186,1.08,1.45,0.7,-24.2,-1.0,중립,팽이도지,전저점부근,0.32,0.53,2026-09-02
FMC,2.6,13.33,6347505,2479559,84.61,30.2,2.8,1.0,11.1,강한매수,장대양봉,전고점돌파,0.92,4.0,2026-09-02
RSKD,2.6,6.65,3961172,1504455,26.34,10.71,2.5,0.0,7.4,강한매수,장대양봉,전고점돌파,0.95,4.04,2026-09-02
METD,2.6,16.14,865864,332669,13.98,7.23,1.9,0.1,-2.5,매도주의,장대음봉,전저점부근,0.35,-1.43,2026-09-02
PTN,2.6,12.84,311126,117970,3.99,0.72,5.5,4.0,7.0,강한매수,양봉,전고점돌파,0.7,2.44,2026-09-02
CTMX,2.6,3.72,6497409,2481935,24.17,12.2,2.0,1.4,0.0,강한매도,위꼬리양봉,전고점부근,0.15,-2.87,2026-09-02
ASTX,2.5,11.2,6407824,2561837,71.77,30.67,2.3,8.5,14.2,매수관심,장대양봉,잔구간,0.84,1.205,2026-09-02
BSCQ,2.5,19.53,1821159,717758,35.57,17.47,2.0,0.1,0.0,중립,위꼬리양봉,완만한상승,0.0,-0.7,2026-09-02
SGMT,2.5,10.99,1801034,720320,19.79,10.27,1.9,0.1,4.6,강한매수,장대양봉,전고점돌파,0.87,3.94,2026-09-02
IQMX,2.5,10.94,915209,367739,10.01,5.92,1.7,-0.3,4.7,중립,양봉,잔구간,0.71,0.475,2026-09-02
MAIA,2.5,1.37,865839,346333,1.19,0.53,2.2,7.7,-2.1,매도주의,위꼬리음봉,잔구간,0.14,-0.965,2026-09-02
TTDU,2.5,14.79,327093,129047,4.84,2.09,2.3,-0.7,11.6,강한매수,장대양봉,전고점돌파,0.96,4.05,2026-09-02
WFCpA,2.4,17.45,431363,183046,7.53,2.91,2.6,0.2,0.3,매수관심,양봉스프링,잔구간,1.0,1.05,2026-09-02
SMCL,2.4,16.4,1079589,446491,17.71,10.87,1.6,5.1,-3.5,중립,음봉,완만한상승,0.61,0.33,2026-09-02
RCEL,2.4,10.76,542592,229065,5.84,3.34,1.7,0.3,6.5,매수관심,장대양봉,전고점부근,0.86,1.98,2026-09-02
QNRX,2.4,6.74,372455,155733,2.51,19.62,0.1,-0.2,3.7,매수관심,양봉,완만한상승,0.59,1.71,2026-09-02
CRESY,2.4,12.2,437809,180894,5.34,3.06,1.7,0.8,3.7,강한매수,장대양봉,전고점돌파,0.92,4.0,2026-09-02
CBRZ,2.4,10.8,523519,220152,5.65,7.07,0.8,2.4,-15.8,매도주의,장대음봉,잔구간,0.06,-1.265,2026-09-02
NZF,2.4,11.83,1019467,427742,12.06,5.53,2.2,0.2,-1.7,강한매도,장대음봉,전저점이탈,0.0,-3.35,2026-09-02
NMAD,2.4,3.71,387151,159592,1.44,0.74,1.9,-1.0,-8.6,강한매도,장대음봉,전저점이탈,0.08,-3.25,2026-09-02
YEXT,2.4,6.55,2239902,939610,14.67,6.73,2.2,1.8,-1.5,매도주의,위꼬리음봉,완만한상승,0.02,-1.18,2026-09-02
GSM,2.4,4.52,2036494,841030,9.2,4.82,1.9,1.5,10.5,강한매수,장대양봉,전고점돌파,0.96,4.05,2026-09-02
FWRG,2.3,12.11,1418845,616040,17.18,9.58,1.8,0.3,0.0,중립,팽이도지,잔구간,0.25,-0.15,2026-09-02
ATAI,2.3,7.35,10454999,4481123,76.84,48.09,1.6,0.1,0.0,매수관심,팽이도지,완만한상승,0.75,1.2,2026-09-02
GEL,2.3,16.25,364938,158657,5.93,2.5,2.4,0.4,-2.3,매도주의,장대음봉,잔구간,0.11,-1.235,2026-09-02
CABA,2.3,3.57,8049184,3520209,28.74,14.93,1.9,-0.9,9.2,강한매수,장대양봉,전고점돌파,0.97,4.06,2026-09-02
JANX,2.3,19.7,1525675,675199,30.06,15.53,1.9,0.2,4.1,강한매수,장대양봉,전고점돌파,0.75,3.8,2026-09-02
TBI,2.3,10.2,388229,168925,3.96,1.86,2.1,0.0,1.4,매수관심,양봉,완만한상승,0.49,1.59,2026-09-02
FFAI,2.3,1.92,2154029,928967,4.14,2.76,1.5,-0.5,-8.6,강한매도,장대음봉,전저점이탈,0.14,-3.18,2026-09-02
HLF,2.3,12.16,2630556,1133248,31.99,22.25,1.4,0.0,5.6,강한매수,장대양봉,완만한상승,0.9,3.38,2026-09-02
SNOY,2.3,10.56,356798,157416,3.77,2.07,1.8,-2.4,-2.1,강한매도,음봉,전저점이탈,0.04,-2.0,2026-09-02
PUBM,2.3,17.38,1153861,501228,20.05,9.28,2.2,0.1,6.8,강한매수,장대양봉,완만한상승,0.85,3.32,2026-09-02
LAW,2.3,4.3,461482,197558,1.98,0.82,2.4,0.0,1.7,중립,양봉,잔구간,1.0,0.65,2026-09-02
ZGN,2.3,12.56,1496208,652823,18.79,10.99,1.7,1.3,-4.9,강한매도,장대음봉,전저점이탈,0.03,-3.31,2026-09-02
RDY,2.3,12.17,4010241,1722579,48.8,25.16,1.9,-0.4,0.4,매수관심,양봉,완만한상승,0.59,1.71,2026-09-02
SSP,2.3,3.25,878424,381297,2.85,1.57,1.8,0.0,-0.3,중립,팽이도지,잔구간,0.36,-0.085,2026-09-02
RLMD,2.2,4.54,1416552,653300,6.43,3.55,1.8,1.8,0.0,강한매수,양봉스프링,완만한상승,0.77,2.72,2026-09-02
ALM,2.2,17.69,9800791,4533817,173.38,105.19,1.6,2.3,-1.9,중립,망치형,잔구간,0.75,0.65,2026-09-02
AVXX,2.2,4.593,744752,336756,3.42,1.89,1.8,0.0,1.6,중립,팽이도지,잔구간,0.73,0.14,2026-09-02
AMRX,2.2,18.06,2607677,1178544,47.09,24.2,1.9,1.2,0.9,매수관심,팽이도지,완만한상승,0.63,1.06,2026-09-02
KODK,2.2,9.19,1667117,759268,15.32,8.31,1.8,0.6,2.2,중립,양봉,잔구간,0.51,0.355,2026-09-02
EAF,2.2,6.69,542720,241698,3.63,1.7,2.1,0.7,-6.6,매도주의,장대음봉,잔구간,0.29,-1.125,2026-09-02
LAB,2.2,0.673,3077029,1412282,2.07,1.18,1.8,1.1,2.3,매수관심,양봉,완만한상승,0.53,1.64,2026-09-02
CNDT,2.2,1.89,1250827,572790,2.36,1.37,1.7,0.0,5.0,강한매수,장대양봉,전고점돌파,0.87,3.94,2026-09-02
CRK,2.2,15.54,4762936,2199590,74.02,44.4,1.7,-2.0,-1.0,중립,음봉,잔구간,0.38,-0.42,2026-09-02
AVS,2.2,7.955,19177485,8803311,152.55,76.38,2.0,0.0,0.6,매수관심,양봉,완만한상승,0.65,1.78,2026-09-02
BTQ,2.2,3.27,5129814,2352206,16.77,6.83,2.5,-0.3,9.7,매수관심,장대양봉,잔구간,0.85,1.21,2026-09-02
ACI,2.2,12.48,11510405,5269906,143.65,69.27,2.1,-0.3,0.5,매수관심,팽이도지,완만한상승,0.51,0.91,2026-09-02
FTMH,2.2,11.35,376853,169580,4.28,2.08,2.1,-0.2,0.0,중립,팽이도지,잔구간,0.5,0.0,2026-09-02
CMBT,2.2,18.75,2228406,1004348,41.78,19.67,2.1,1.3,1.4,강한매수,장대양봉,완만한상승,0.89,3.37,2026-09-02
RPD,2.2,11.07,3042451,1407882,33.68,19.0,1.8,-1.2,-6.7,매도주의,장대음봉,전저점부근,0.07,-1.77,2026-09-02
GRNT,2.2,5.16,3152330,1436821,16.27,6.18,2.6,-1.0,3.0,강한매수,장대양봉,완만한상승,0.91,3.39,2026-09-02
JFB,2.1,4.74,1259166,600700,5.97,2.34,2.6,0.4,-2.5,매도주의,위꼬리음봉,잔구간,0.18,-0.94,2026-09-02
MBC,2.1,8.16,2883223,1399036,23.53,15.1,1.6,0.4,2.1,중립,양봉,잔구간,0.53,0.37,2026-09-02
WSC,2.1,19.58,3799861,1840964,74.4,59.77,1.2,-0.2,-0.5,매도주의,위꼬리음봉,전저점부근,0.18,-1.13,2026-09-02
DHY,2.1,1.72,1460805,698645,2.51,1.03,2.4,0.0,0.6,강한매수,양봉,완만한상승,1.0,2.2,2026-09-02
CHMI,2.1,2.93,409469,197091,1.2,0.86,1.4,0.3,-0.3,중립,음봉,완만한상승,0.33,-0.0,2026-09-02
NMZ,2.1,9.79,1264176,604150,12.38,7.35,1.7,-0.2,-0.8,강한매도,장대음봉,전저점이탈,0.09,-3.24,2026-09-02
HQ,2.1,17.5,420147,195585,7.35,5.95,1.2,-0.2,20.2,매수관심,장대양봉,잔구간,1.0,1.3,2026-09-02
BSBR,2.1,5.89,6597880,3104148,38.86,19.59,2.0,1.7,1.2,강한매수,장대양봉,전고점돌파,0.89,3.97,2026-09-02
BUR,2.1,4.25,2502060,1173390,10.63,4.93,2.2,0.0,1.0,매수관심,양봉,완만한상승,0.48,1.58,2026-09-02
AESI,2.1,13.03,4867499,2354861,63.42,35.54,1.8,0.1,2.7,강한매수,양봉,완만한상승,0.94,2.13,2026-09-02
HLMN,2.1,7.58,1870221,910663,14.18,7.99,1.8,0.5,3.0,중립,양봉,잔구간,0.66,0.445,2026-09-02
ONDL,2.1,5.91,2118781,995108,12.52,7.66,1.6,0.8,14.8,매수관심,장대양봉,잔구간,1.0,1.3,2026-09-02
SENS,2.0,9.94,820921,403632,8.16,6.25,1.3,0.2,5.7,강한매수,장대양봉,완만한상승,0.75,3.2,2026-09-02
NVOX,2.0,14.72,446192,221671,6.57,4.72,1.4,3.8,3.4,매수관심,장대양봉,잔구간,0.79,1.175,2026-09-02
NXDR,2.0,2.28,3423906,1727632,7.81,3.65,2.1,-0.5,4.1,매수관심,장대양봉,잔구간,0.8,1.18,2026-09-02
PDI,2.0,15.33,4438768,2194724,68.05,56.7,1.2,0.7,0.5,중립,양봉,잔구간,0.56,0.385,2026-09-02
GTE,2.0,10.19,898676,442421,9.16,5.99,1.5,-1.1,-0.4,매도주의,위꼬리음봉,잔구간,0.1,-0.99,2026-09-02
CIEG,2.0,4.37,427405,216783,1.87,0.95,2.0,-1.3,-1.8,중립,음봉,전저점부근,0.57,0.13,2026-09-02
MEI,2.0,18.1,1396440,694769,25.28,10.76,2.3,-0.5,-0.7,중립,팽이도지,잔구간,0.27,-0.14,2026-09-02
NAC,2.0,11.41,828776,414455,9.46,5.52,1.7,-0.3,-0.4,매도주의,팽이도지,전저점이탈,0.27,-1.03,2026-09-02
CCOI,2.0,10.22,2646194,1328113,27.04,15.72,1.7,-0.1,13.6,매수관심,장대양봉,전고점부근,0.86,1.98,2026-09-02
SWIM,2.0,6.87,1388234,692978,9.54,4.69,2.0,0.4,-0.4,중립,팽이도지,잔구간,0.61,0.065,2026-09-02
PROP,2.0,0.457,3156265,1542382,1.44,1.09,1.3,-1.3,-8.6,강한매도,장대음봉,전저점이탈,0.0,-3.35,2026-09-02
WVE,2.0,4.88,5479190,2681869,26.74,15.14,1.8,-0.4,-1.4,중립,팽이도지,잔구간,0.51,0.005,2026-09-02
BORR,2.0,4.81,8070063,4074092,38.82,18.19,2.1,-1.3,5.9,강한매수,장대양봉,전고점돌파,0.72,3.76,2026-09-02
ICL,2.0,5.84,1742724,865700,10.18,6.1,1.7,0.0,1.2,강한매수,장대양봉,전고점돌파,0.78,3.84,2026-09-02
VNM,2.0,18.04,1061476,536854,19.15,8.57,2.2,-0.3,-0.1,중립,팽이도지,잔구간,0.42,-0.05,2026-09-02
APLE,2.0,15.75,3349224,1685141,52.75,34.68,1.5,0.5,0.6,중립,양봉,잔구간,0.44,0.315,2026-09-02
CXDO,2.0,5.93,439996,219547,2.61,1.56,1.7,0.0,0.3,매수관심,팽이도지,완만한상승,0.56,0.97,2026-09-02
AAPD,1.9,10.71,17356516,8991706,185.89,104.58,1.8,-0.8,0.8,중립,양봉,잔구간,0.65,0.44,2026-09-02
XNDU,1.9,9.94,2423367,1248092,24.09,16.93,1.4,-0.1,0.2,매수관심,팽이도지,완만한상승,0.7,1.14,2026-09-02
SPIR,1.9,11.91,857018,461441,10.21,7.25,1.4,-1.0,0.1,매수관심,팽이도지,전저점부근,0.74,1.04,2026-09-02
ZVRA,1.9,12.3,1347749,719790,16.58,9.51,1.7,0.1,1.9,강한매수,장대양봉,전고점돌파,0.74,3.79,2026-09-02
KYIV,1.9,13.59,647257,338041,8.8,4.76,1.8,0.2,3.7,매수관심,장대양봉,잔구간,0.82,1.19,2026-09-02
ENGN,1.9,1.89,1061722,552257,2.01,1.31,1.5,-0.8,2.7,매수관심,양봉,완만한상승,0.66,1.79,2026-09-02
DRVN,1.9,12.88,1489294,780259,19.18,11.64,1.6,0.6,0.0,중립,팽이도지,잔구간,0.37,-0.08,2026-09-02
SRAD,1.9,12.92,2813899,1469584,36.36,22.02,1.7,0.8,4.1,매수관심,장대양봉,잔구간,0.81,1.185,2026-09-02
SONO,1.9,15.975,2161370,1145850,34.53,18.31,1.9,0.1,5.4,강한매수,양봉,전고점돌파,0.63,2.36,2026-09-02
EHI,1.9,5.72,383672,198020,2.19,1.29,1.7,0.4,0.2,강한매수,양봉스프링,수횡파,1.0,3.7,2026-09-02
RKLX,1.9,14.61,2466246,1295204,36.03,25.53,1.4,-0.6,2.2,중립,양봉,잔구간,0.76,0.505,2026-09-02
INSG,1.9,4.17,307715,158232,1.28,1.11,1.2,0.7,2.0,중립,양봉,잔구간,0.74,0.495,2026-09-02
BRBS,1.9,3.95,1661198,893957,6.56,3.98,1.6,0.5,0.8,매수관심,양봉,완만한상승,0.71,1.85,2026-09-02
NTSK,1.9,13.75,8693425,4548969,119.53,60.69,2.0,-0.8,-1.4,중립,망치형,잔구간,0.63,0.58,2026-09-02
NXH,1.9,3.82,3312006,1742838,12.65,8.07,1.6,-0.3,3.8,매수관심,장대양봉,잔구간,0.67,1.1,2026-09-02
NWGL,1.9,1.27,1189807,618989,1.51,1.51,1.0,3.4,4.1,강한매수,양봉,전고점돌파,0.51,2.21,2026-09-02
BATL,1.9,1.32,4933224,2532446,6.51,4.79,1.4,-1.5,-2.2,매도주의,장대음봉,잔구간,0.25,-1.15,2026-09-02
FTMN,1.9,8.57,610631,326131,5.23,10.23,0.5,-0.1,0.1,중립,양봉,잔구간,0.79,0.525,2026-09-02
IHRT,1.8,2.84,580324,316496,1.65,1.07,1.5,0.4,4.8,매수관심,장대양봉,전고점부근,0.77,1.87,2026-09-02
IEP,1.8,6.8,1076400,590679,7.32,8.0,0.9,-0.4,0.3,중립,팽이도지,잔구간,0.52,0.01,2026-09-02
QTEX,1.8,0.816,2241502,1280217,1.83,4.75,0.4,3.4,-1.2,중립,팽이도지,잔구간,0.29,-0.125,2026-09-02
TDUP,1.8,2.71,3467954,1891269,9.4,5.72,1.6,0.0,7.5,매수관심,장대양봉,잔구간,0.92,1.25,2026-09-02
IREZ,1.8,11.32,2531030,1371089,28.65,16.39,1.7,5.4,-19.4,매도주의,장대음봉,잔구간,0.01,-1.295,2026-09-02
STGW,1.8,8.805,1437563,789726,12.66,8.6,1.5,0.2,2.6,매수관심,장대양봉,잔구간,0.94,1.265,2026-09-02
EIKN,1.8,11.38,553419,307407,6.3,5.67,1.1,0.3,4.3,중립,양봉,잔구간,0.72,0.48,2026-09-02
ENIC,1.8,4.38,1529552,853127,6.7,3.34,2.0,0.9,0.7,중립,양봉,잔구간,0.72,0.48,2026-09-02
CXM,1.8,6.95,8245578,4652997,57.31,33.0,1.7,-2.6,-6.1,강한매도,음봉,전저점이탈,0.0,-2.05,2026-09-02
CSQR,1.8,18.0,1182043,669888,21.28,15.95,1.3,-0.3,-1.6,매도주의,위꼬리음봉,전저점부근,0.14,-1.18,2026-09-02
CLNE,1.8,1.72,2462418,1380098,4.24,2.69,1.6,-0.6,7.5,강한매수,장대양봉,전고점돌파,0.92,4.0,2026-09-02
LPTH,1.8,9.54,6537490,3694664,62.37,41.15,1.5,0.4,0.3,매수관심,팽이도지,전저점부근,0.69,0.98,2026-09-02
HR,1.8,19.3,5127127,2820604,98.95,55.24,1.8,0.3,-0.6,중립,음봉,잔구간,0.49,-0.355,2026-09-02
SB,1.8,9.09,1237560,683264,11.25,6.7,1.7,0.6,3.3,강한매수,장대양봉,전고점돌파,0.94,4.03,2026-09-02
SBS,1.8,5.09,22144399,12502690,112.71,57.19,2.0,2.7,1.8,강한매수,양봉,전고점돌파,0.69,2.43,2026-09-02
BRR,1.8,2.31,1668677,938242,3.85,2.17,1.8,4.8,6.0,중립,양봉,전고점부근,0.77,0.57,2026-09-02
FTMS,1.8,9.865,333365,188511,3.29,4.54,0.7,0.2,-0.2,중립,음봉,완만한상승,0.5,0.2,2026-09-02
ESRT,1.8,4.39,2695144,1503231,11.83,9.21,1.3,0.2,-0.2,매도주의,위꼬리음봉,잔구간,0.22,-0.92,2026-09-02
NUS,1.8,4.83,710894,384643,3.43,2.27,1.5,0.4,5.2,매수관심,장대양봉,잔구간,0.68,1.11,2026-09-02
NVDQ,1.8,8.56,11263129,6308739,96.41,68.74,1.4,-1.1,-5.4,매도주의,장대음봉,잔구간,0.37,-1.08,2026-09-02
BANC,1.8,18.85,3060892,1738814,57.7,33.81,1.7,1.2,2.6,매수관심,장대양봉,잔구간,0.94,1.265,2026-09-02
AIRO,1.8,6.88,486195,276758,3.35,3.1,1.1,0.0,-5.8,강한매도,장대음봉,전저점이탈,0.12,-3.21,2026-09-02
OPRT,1.8,7.43,394040,216053,2.93,2.14,1.4,1.5,2.6,중립,양봉,잔구간,0.49,0.345,2026-09-02
TWI,1.7,7.61,784096,467538,5.97,4.11,1.5,0.1,2.6,강한매수,양봉,전고점돌파,0.51,2.21,2026-09-02
BBD,1.7,3.45,46174780,27849883,159.3,81.53,2.0,2.1,1.8,강한매수,장대양봉,전고점돌파,0.78,3.84,2026-09-02
BCYC,1.7,4.3,317573,188020,1.37,1.08,1.3,0.0,4.9,매수관심,장대양봉,잔구간,0.69,1.115,2026-09-02
GSBD,1.7,9.93,1342944,772493,13.34,8.02,1.7,-0.2,-1.8,중립,음봉,잔구간,0.32,-0.46,2026-09-02
BBAR,1.7,15.26,1303311,770746,19.89,14.9,1.3,-0.7,1.7,강한매수,양봉,완만한상승,0.98,2.18,2026-09-02
PCG,1.7,13.33,118883852,70945717,1584.72,912.38,1.7,-3.6,-1.7,중립,망치형,잔구간,0.76,0.655,2026-09-02
LENZ,1.7,5.8,993293,575812,5.76,2.76,2.1,-0.4,11.3,강한매수,장대양봉,전고점돌파,0.98,4.08,2026-09-02
XP,1.7,19.99,9065588,5329288,181.22,90.05,2.0,1.3,5.5,강한매수,장대양봉,전고점돌파,0.95,4.04,2026-09-02
LABT,1.7,2.07,516373,303096,1.07,4.68,0.2,-10.5,-16.2,강한매도,장대음봉,전저점이탈,0.01,-3.34,2026-09-02
DSL,1.7,10.54,846128,500155,8.92,6.37,1.4,-0.2,-0.2,중립,음봉,전저점부근,0.23,-0.27,2026-09-02
ORGO,1.7,1.67,991053,582267,1.66,1.1,1.5,0.0,2.5,매수관심,양봉,완만한상승,0.44,1.53,2026-09-02
THRY,1.7,1.88,869073,504821,1.63,1.1,1.5,0.0,4.4,강한매수,장대양봉,완만한상승,1.0,3.5,2026-09-02
ANGI,1.7,4.96,1213231,703136,6.02,3.24,1.9,-0.5,6.9,매수관심,장대양봉,잔구간,0.71,1.125,2026-09-02
CTOS,1.7,8.97,1293028,755490,11.6,7.84,1.5,0.3,0.8,중립,위꼬리양봉,잔구간,0.4,-0.56,2026-09-02
CLPT,1.7,14.31,803841,486945,11.5,8.86,1.3,4.3,-7.9,강한매도,장대음봉,전저점이탈,0.02,-3.33,2026-09-02
LZ,1.7,6.52,2903470,1667544,18.93,13.27,1.4,-0.5,6.7,강한매수,장대양봉,전고점돌파,0.94,4.03,2026-09-02
AI,1.7,10.52,8518183,4963963,89.61,49.94,1.8,-0.4,2.1,매수관심,양봉,완만한상승,0.47,1.56,2026-09-02
TASK,1.7,8.06,595353,341573,4.8,3.28,1.5,0.3,3.6,강한매수,장대양봉,완만한상승,0.81,3.27,2026-09-02
VTS,1.7,17.62,642428,368745,11.32,7.07,1.6,-0.7,0.6,중립,양봉,잔구간,0.5,0.35,2026-09-02
FUBO,1.7,11.27,1715764,988606,19.34,11.27,1.7,0.0,6.9,강한매수,장대양봉,전고점돌파,0.85,3.92,2026-09-02
SHO,1.7,11.0,3194792,1860684,35.14,22.03,1.6,0.2,0.2,중립,위꼬리양봉,잔구간,0.09,-0.745,2026-09-02
TTI,1.7,6.63,3049145,1743608,20.22,13.68,1.5,0.8,0.8,강한매수,양봉스프링,완만한상승,0.8,2.76,2026-09-02
FUN,1.7,15.47,2768921,1654421,42.84,27.32,1.6,0.0,8.6,매수관심,장대양봉,잔구간,0.98,1.29,2026-09-02
AMBP,1.7,5.08,2104231,1231153,10.69,7.29,1.5,1.0,-0.6,매도주의,위꼬리음봉,잔구간,0.08,-1.0,2026-09-02
NAK,1.7,1.59,4575562,2717189,7.28,5.96,1.2,1.9,0.0,매수관심,팽이도지,완만한상승,0.55,0.96,2026-09-02
MRTN,1.7,13.99,752426,450644,10.53,6.31,1.7,0.4,0.6,중립,팽이도지,잔구간,0.74,0.145,2026-09-02
TTGT,1.7,3.81,386989,222263,1.47,0.93,1.6,0.0,1.1,중립,양봉,잔구간,0.83,0.55,2026-09-02
PSNYW,1.6,5.65,1227996,771407,6.94,4.91,1.4,22.2,-9.3,매도주의,장대음봉,완만한상승,0.19,-1.47,2026-09-02
ARCO,1.6,8.21,1521608,969772,12.49,7.76,1.6,0.0,1.9,중립,양봉,전고점부근,0.54,0.3,2026-09-02
HTLD,1.6,12.1,873670,558308,10.57,8.16,1.3,0.6,1.0,매수관심,양봉,수횡파,0.42,1.2,2026-09-02
AGNT,1.6,3.99,1500754,967891,5.99,5.28,1.1,1.3,0.5,매수관심,양봉스프링,잔구간,0.82,0.94,2026-09-02
ANTX,1.6,5.95,353561,216565,2.1,1.22,1.7,-0.4,9.0,강한매수,장대양봉,전고점돌파,0.91,3.99,2026-09-02
HYT,1.6,8.26,1139575,733497,9.41,6.7,1.4,0.1,0.1,중립,위꼬리양봉,완만한상승,0.38,-0.24,2026-09-02
CLYM,1.6,15.05,2214698,1415178,33.33,20.21,1.6,-0.2,1.8,중립,양봉,잔구간,0.73,0.49,2026-09-02
RDTL,1.6,14.28,911905,561752,13.02,9.07,1.4,0.7,17.7,매수관심,장대양봉,잔구간,0.99,1.295,2026-09-02
GALT,1.6,4.48,460695,281146,2.06,1.14,1.8,0.5,6.9,강한매수,장대양봉,전고점돌파,0.85,3.92,2026-09-02
GMEU,1.6,5.6,686555,431218,3.84,2.42,1.6,1.0,0.8,강한매수,양봉,전고점돌파,0.76,2.51,2026-09-02
NMAX,1.6,11.0,1325928,830707,14.59,10.12,1.4,0.2,5.7,강한매수,장대양봉,완만한상승,0.86,3.33,2026-09-02
NAVI,1.6,9.56,1557763,1004719,14.89,9.34,1.6,0.5,2.5,매수관심,양봉,완만한상승,0.55,1.66,2026-09-02
NHP,1.6,16.14,455206,280501,7.35,9.49,0.8,0.7,0.0,중립,팽이도지,잔구간,0.32,-0.11,2026-09-02
NEOG,1.6,11.81,2179783,1393812,25.74,17.51,1.5,0.6,0.9,중립,위꼬리양봉,완만한상승,0.47,-0.14,2026-09-02
SCZM,1.6,10.18,631775,397156,6.43,5.22,1.2,2.0,8.5,매수관심,장대양봉,잔구간,0.9,1.24,2026-09-02
AVTR,1.6,14.65,8922062,5615105,130.71,84.28,1.6,0.1,3.0,강한매수,장대양봉,완만한상승,0.7,3.14,2026-09-02
NMRK,1.6,14.5,2026408,1250979,29.38,22.25,1.3,1.5,-4.9,강한매도,장대음봉,전저점이탈,0.04,-3.3,2026-09-02
GPRE,1.6,15.215,2819919,1767927,42.91,25.01,1.7,-1.2,4.4,강한매수,장대양봉,완만한상승,0.98,3.48,2026-09-02
OPRA,1.6,18.46,442336,275828,8.17,8.54,1.0,-0.7,-0.9,매도주의,음봉,전저점이탈,0.48,-1.47,2026-09-02
GFR,1.6,6.17,1636355,1016142,10.1,5.68,1.8,-0.6,-1.3,중립,음봉,잔구간,0.36,-0.435,2026-09-02
PAGS,1.6,9.84,3961704,2496148,38.98,20.7,1.9,2.6,4.9,강한매수,장대양봉,전고점돌파,0.9,3.98,2026-09-02
NUCL,1.6,6.95,392086,245656,2.72,1.95,1.4,2.6,1.9,매수관심,양봉,완만한상승,0.78,1.94,2026-09-02
OWL,1.6,11.6,26803704,16488437,310.92,196.47,1.6,-0.7,0.0,중립,위꼬리양봉,잔구간,0.17,-0.7,2026-09-02
GGT,1.6,4.04,734609,449819,2.97,1.84,1.6,0.2,-0.5,매도주의,음봉,전저점이탈,0.26,-1.74,2026-09-02
RRGB,1.6,8.46,445896,285345,3.77,2.86,1.3,0.9,-0.9,중립,팽이도지,잔구간,0.25,-0.15,2026-09-02
RUN,1.6,8.96,9725031,6219742,87.14,61.12,1.4,0.0,7.0,매수관심,장대양봉,잔구간,0.78,1.17,2026-09-02
PDM,1.6,9.7,1761261,1112421,17.08,10.72,1.6,0.9,0.7,중립,팽이도지,잔구간,0.64,0.085,2026-09-02
PLAY,1.6,9.34,2493798,1561071,23.29,13.42,1.7,-0.4,10.9,매수관심,장대양봉,잔구간,0.93,1.26,2026-09-02
MITK,1.6,17.96,996896,618426,17.9,12.93,1.4,-0.1,0.7,중립,팽이도지,잔구간,0.59,0.055,2026-09-02
NGL,1.6,18.69,364544,231392,6.81,4.18,1.6,1.3,0.6,매수관심,팽이도지,완만한상승,0.48,0.88,2026-09-02
FRNM,1.6,15.95,985269,635340,15.72,12.48,1.3,-0.1,4.7,강한매수,장대양봉,전고점돌파,0.92,4.0,2026-09-02
ALXO,1.6,2.08,855107,547111,1.78,1.26,1.4,0.0,5.1,강한매수,장대양봉,전고점돌파,0.91,3.99,2026-09-02
AMAU,1.6,11.66,316665,192274,3.69,2.58,1.4,0.1,-1.9,중립,음봉,전저점부근,0.51,0.06,2026-09-02
PEB,1.6,18.19,2276654,1442292,41.41,33.0,1.3,0.6,1.9,강한매수,장대양봉,완만한상승,0.78,3.24,2026-09-02
GUTS,1.6,0.707,2654041,1706152,1.88,1.38,1.4,3.7,-3.7,중립,음봉,잔구간,0.24,-0.505,2026-09-02
CAL,1.6,12.23,714067,445254,8.73,6.2,1.4,1.4,2.8,중립,양봉,잔구간,0.63,0.43,2026-09-02
EVC,1.6,8.4,1391450,877733,11.69,9.42,1.2,0.6,4.0,매수관심,양봉,완만한상승,0.7,1.84,2026-09-02
ARDT,1.6,10.91,527209,325072,5.75,3.38,1.7,1.5,-1.7,매도주의,장대음봉,잔구간,0.32,-1.11,2026-09-02
TSDD,1.6,8.31,6592620,4160602,54.78,44.55,1.2,-2.4,2.2,중립,양봉,잔구간,0.36,0.265,2026-09-02
WNC,1.6,14.22,1036768,652285,14.74,7.42,2.0,0.6,10.7,강한매수,장대양봉,전고점돌파,0.97,4.06,2026-09-02
AHCO,1.6,6.04,3666611,2316702,22.15,13.64,1.6,1.6,7.9,강한매수,장대양봉,전고점돌파,0.83,3.9,2026-09-02
RGTX,1.6,8.83,888398,548370,7.84,6.83,1.1,-2.6,0.8,매수관심,팽이도지,전저점부근,0.65,0.93,2026-09-02
RIG,1.6,6.22,53356018,32445963,331.87,199.4,1.7,-1.0,6.1,강한매수,장대양봉,전고점돌파,0.9,3.98,2026-09-02
XPRO,1.6,18.45,1322128,814628,24.39,14.33,1.7,-1.4,6.2,매수관심,장대양봉,잔구간,0.9,1.24,2026-09-02
IRWD,1.6,4.41,2432004,1487730,10.73,6.42,1.7,0.9,2.3,매수관심,양봉,완만한상승,0.7,1.84,2026-09-02
STNE,1.6,10.37,7269448,4538641,75.38,72.63,1.0,0.2,7.1,강한매수,장대양봉,전고점돌파,0.92,4.0,2026-09-02
ITUB,1.6,8.08,24592765,15487187,198.71,147.55,1.3,2.0,3.2,강한매수,장대양봉,전고점돌파,0.85,3.92,2026-09-02
DFH,1.6,13.38,714813,455802,9.56,6.69,1.4,0.2,-2.6,강한매도,장대음봉,전저점이탈,0.0,-3.35,2026-09-02
LFTO,1.6,18.7,687122,428229,12.85,10.45,1.2,0.0,-0.2,매수관심,팽이도지,수횡파,0.68,0.82,2026-09-02
PYXS,1.6,3.75,731710,445864,2.74,1.93,1.4,0.3,8.7,강한매수,장대양봉,전고점돌파,0.94,4.03,2026-09-02
QUCY,1.6,1.6,1330906,844316,2.13,1.28,1.7,3.4,4.6,중립,양봉,전고점부근,0.67,0.45,2026-09-02
LAND,1.6,9.7,1240674,770184,12.03,7.23,1.7,0.4,1.0,강한매수,양봉,전고점돌파,0.86,2.63,2026-09-02
AUTL,1.6,2.24,2307870,1435103,5.17,5.61,0.9,0.4,-3.4,매도주의,음봉,전저점이탈,0.13,-1.89,2026-09-02
LILAK,1.6,8.63,1594009,989742,13.76,12.73,1.1,0.6,1.3,매수관심,양봉,완만한상승,0.78,1.94,2026-09-02
ENHA,1.6,1.58,1031577,663479,1.63,1.52,1.1,0.6,1.9,중립,팽이도지,잔구간,0.71,0.125,2026-09-02
HSHP,1.6,17.65,363667,231843,6.42,4.36,1.5,1.5,2.3,강한매수,장대양봉,전고점돌파,0.87,3.94,2026-09-02
AADX,1.5,12.2,2228859,1461926,27.19,25.02,1.1,1.6,-4.3,강한매도,장대음봉,전저점이탈,0.39,-2.88,2026-09-02
NWBI,1.5,15.43,1245000,843714,19.21,11.99,1.6,0.3,1.6,강한매수,장대양봉,완만한상승,0.81,3.27,2026-09-02
GNW,1.5,10.13,3771721,2440040,38.21,25.16,1.5,0.8,0.5,중립,양봉,전고점부근,0.74,0.54,2026-09-02
NVCR,1.5,17.83,1324037,879267,23.61,25.37,0.9,2.9,-0.3,중립,팽이도지,완만한상승,0.3,0.66,2026-09-02
GLUE,1.5,14.22,1530364,1039359,21.76,15.79,1.4,0.5,-1.1,중립,팽이도지,잔구간,0.34,-0.095,2026-09-02
SBSW,1.5,12.56,7830536,5161941,98.35,69.45,1.4,6.1,1.5,중립,양봉,잔구간,0.4,0.29,2026-09-02
AVEX,1.5,15.74,1656667,1078827,26.08,20.98,1.2,0.2,-7.0,강한매도,장대음봉,전저점이탈,0.13,-3.19,2026-09-02
MUC,1.5,10.48,496551,331275,5.2,3.7,1.4,0.0,-0.2,중립,음봉,전저점부근,0.5,0.05,2026-09-02
BSM,1.5,14.94,402165,275528,6.01,4.84,1.2,-0.7,1.0,매수관심,양봉,완만한상승,0.55,1.66,2026-09-02
SHIP,1.5,18.6,396953,266254,7.38,4.94,1.5,1.8,1.4,강한매수,양봉,전고점돌파,0.72,2.46,2026-09-02
NX,1.5,18.93,398903,262252,7.55,4.96,1.5,0.3,2.0,매수관심,양봉스프링,잔구간,0.84,0.955,2026-09-02
NWL,1.5,5.98,8963281,6055206,53.6,39.32,1.4,1.7,-1.0,중립,음봉,완만한상승,0.23,-0.12,2026-09-02
BMBL,1.5,2.83,2886379,1982385,8.17,5.46,1.5,-1.1,6.8,매수관심,장대양봉,잔구간,0.8,1.18,2026-09-02
NVDY,1.5,12.85,2746026,1855988,35.29,26.74,1.3,0.8,2.0,매수관심,양봉,완만한상승,0.67,1.8,2026-09-02
PBYI,1.5,9.69,411939,273163,3.99,2.83,1.4,0.5,3.1,강한매수,장대양봉,전고점돌파,0.9,3.98,2026-09-02
BIII,1.5,10.065,652835,434035,6.57,6.69,1.0,0.0,0.0,강한매수,양봉,완만한상승,1.0,2.2,2026-09-02
MFG,1.5,11.07,3670861,2411090,40.64,28.79,1.4,1.3,1.7,강한매수,장대양봉,전고점돌파,0.91,3.99,2026-09-02
WB,1.5,6.77,1623532,1082891,10.99,12.22,0.9,0.0,-0.4,강한매도,위꼬리음봉,전저점이탈,0.15,-2.67,2026-09-02
FISN,1.5,6.97,339069,228445,2.36,1.58,1.5,-0.2,9.2,매수관심,장대양봉,잔구간,0.99,1.295,2026-09-02
F,1.5,14.14,58216841,38963078,823.19,594.81,1.4,0.3,1.9,매수관심,양봉,완만한상승,0.79,1.95,2026-09-02
FPE,1.5,17.62,1586826,1066369,27.96,17.41,1.6,0.1,0.0,매수관심,양봉스프링,잔구간,0.75,0.9,2026-09-02
TTD,1.5,14.55,21814055,15000238,317.39,209.19,1.5,-0.9,6.5,강한매수,장대양봉,전고점돌파,0.96,4.05,2026-09-02
MPLT,1.5,13.06,937694,642073,12.25,7.64,1.6,0.2,-2.0,매도주의,위꼬리음봉,잔구간,0.21,-0.925,2026-09-02
SLDP,1.5,2.46,3402790,2221408,8.37,5.54,1.5,-0.4,6.0,강한매수,장대양봉,전고점돌파,0.88,3.96,2026-09-02
POWW,1.5,2.18,595588,410439,1.3,0.98,1.3,0.0,0.0,중립,위꼬리양봉,잔구간,0.14,-0.715,2026-09-02
RMNI,1.5,5.15,757293,511731,3.9,2.8,1.4,0.6,-1.5,매도주의,장대음봉,잔구간,0.27,-1.14,2026-09-02
AES,1.5,14.8,9770884,6595690,144.61,122.71,1.2,-0.1,0.3,매수관심,장대양봉,전고점부근,0.71,1.8,2026-09-02
HSLV,1.5,5.63,877157,587703,4.94,3.56,1.4,2.7,5.4,강한매수,장대양봉,완만한상승,0.82,3.28,2026-09-02
PSO,1.5,16.12,627674,423648,10.12,6.68,1.5,-2.2,-0.1,중립,팽이도지,전저점이탈,0.57,-0.67,2026-09-02
SMCZ,1.5,3.2,5220454,3423116,16.71,11.28,1.5,-5.9,3.7,중립,위꼬리양봉,잔구간,0.36,-0.585,2026-09-02
PTIR,1.5,17.61,4377934,2951289,77.1,66.66,1.2,-3.1,-8.9,매도주의,장대음봉,전저점부근,0.31,-1.48,2026-09-02
HTZ,1.5,2.31,23370520,15854076,53.99,41.69,1.3,0.9,2.2,중립,위꼬리양봉,완만한상승,0.37,-0.26,2026-09-02
IQ,1.5,0.86,14348056,9884571,12.34,9.19,1.3,0.7,-5.5,강한매도,장대음봉,전저점이탈,0.0,-3.35,2026-09-02
TAL,1.5,12.13,7739921,5325088,93.89,66.4,1.4,-0.1,-0.7,매도주의,위꼬리음봉,잔구간,0.05,-1.02,2026-09-02
CLF,1.5,12.42,17234370,11355967,214.05,189.18,1.1,0.9,6.7,강한매수,장대양봉,전고점돌파,0.94,4.03,2026-09-02
CRGY,1.5,14.27,6212348,4101243,88.65,66.95,1.3,-0.8,2.2,강한매수,양봉,전고점돌파,0.58,2.3,2026-09-02
ECC,1.5,3.87,932986,638177,3.61,2.53,1.4,0.0,-0.3,중립,팽이도지,잔구간,0.44,-0.035,2026-09-02
LFMD,1.5,3.07,731008,500367,2.24,1.62,1.4,-1.0,0.0,중립,팽이도지,잔구간,0.43,-0.04,2026-09-02
QBTZ,1.5,4.12,3462551,2249995,14.27,11.47,1.2,2.9,-2.4,중립,음봉,완만한상승,0.4,0.08,2026-09-02
LI,1.5,12.01,3787954,2492363,45.49,35.71,1.3,-1.0,2.0,매수관심,장대양봉,잔구간,0.94,1.265,2026-09-02
REI,1.5,1.5,4272307,2889208,6.41,4.69,1.4,-0.7,0.7,매수관심,팽이도지,완만한상승,0.42,0.8,2026-09-02
DLO,1.5,15.57,2882738,1870795,44.88,41.57,1.1,-0.1,5.1,매수관심,장대양봉,잔구간,0.97,1.28,2026-09-02
DTIL,1.5,7.45,358921,242867,2.67,2.54,1.1,0.3,-2.7,매도주의,음봉,전저점이탈,0.36,-1.62,2026-09-02
DSGN,1.5,15.53,1003357,656248,15.58,9.06,1.7,0.7,1.8,중립,양봉,잔구간,0.62,0.42,2026-09-02
ZSQR,1.5,3.05,444018,288968,1.35,1.31,1.0,-0.3,5.2,중립,양봉,잔구간,0.83,0.55,2026-09-02
ORBS,1.5,0.838,11587938,7681189,9.71,12.25,0.8,0.2,9.9,매수관심,장대양봉,잔구간,0.94,1.265,2026-09-02
YALA,1.5,5.5,416434,279850,2.29,1.94,1.2,-0.6,1.7,매수관심,장대양봉,잔구간,0.78,1.17,2026-09-02
AIBZ,1.5,4.5,489206,332983,2.2,2.48,0.9,-7.0,-3.2,강한매도,음봉,전저점이탈,0.0,-2.05,2026-09-02
ORIC,1.4,13.13,1546226,1092385,20.3,14.54,1.4,0.6,1.2,중립,위꼬리양봉,잔구간,0.43,-0.54,2026-09-02
OCGN,1.4,1.32,4284876,3002082,5.66,4.95,1.1,0.8,-1.5,중립,음봉,잔구간,0.14,-0.565,2026-09-02
YSS,1.4,8.67,2997760,2108481,25.99,26.66,1.0,-0.5,-1.3,중립,망치형,잔구간,0.68,0.61,2026-09-02
EMPD,1.4,3.18,484583,356027,1.54,1.3,1.2,5.4,-14.1,매도주의,장대음봉,잔구간,0.09,-1.245,2026-09-02
IVVD,1.4,0.804,4994098,3562660,4.02,4.97,0.8,-1.3,-7.4,매도주의,장대음봉,잔구간,0.24,-1.155,2026-09-02
XRAY,1.4,11.29,4607519,3332336,52.02,37.37,1.4,1.2,3.7,중립,양봉,전고점부근,0.64,0.42,2026-09-02
OCTV,1.4,19.0,2648240,1924642,50.32,38.66,1.3,-1.0,-1.6,중립,음봉,잔구간,0.48,-0.36,2026-09-02
AMPX,1.4,9.52,5409102,3922080,51.49,40.94,1.3,0.9,-0.5,매수관심,팽이도지,완만한상승,0.54,0.95,2026-09-02
SRTA,1.4,5.39,1162335,841828,6.26,5.21,1.2,0.2,0.2,중립,위꼬리양봉,잔구간,0.18,-0.69,2026-09-02
RGP,1.4,4.46,382962,271533,1.71,1.06,1.6,0.2,7.5,강한매수,장대양봉,전고점돌파,0.85,3.92,2026-09-02
ZNTL,1.4,3.77,897801,635816,3.38,3.4,1.0,-0.8,2.4,중립,양봉,잔구간,0.45,0.32,2026-09-02
ATS,1.4,19.01,371237,260633,7.06,4.68,1.5,0.5,2.3,매수관심,양봉,완만한상승,0.82,1.98,2026-09-02
SSMR,1.4,17.82,302732,221814,5.39,4.71,1.1,2.0,4.1,중립,양봉,잔구간,0.68,0.46,2026-09-02
INO,1.4,1.36,4425304,3117765,6.02,5.1,1.2,0.8,1.5,매수관심,팽이도지,완만한상승,0.54,0.95,2026-09-02
LADR,1.4,9.81,944623,668139,9.27,8.02,1.2,0.5,0.7,중립,양봉,잔구간,0.61,0.415,2026-09-02
DHX,1.4,4.64,367646,262963,1.71,1.22,1.4,0.0,3.8,강한매수,양봉,전고점돌파,0.65,2.38,2026-09-02
DDD,1.4,3.38,2200168,1591928,7.44,7.2,1.0,-1.2,4.0,강한매수,장대양봉,완만한상승,0.89,3.37,2026-09-02
WRAP,1.4,1.69,857699,620697,1.45,1.27,1.1,-0.6,7.0,강한매수,장대양봉,완만한상승,0.69,3.13,2026-09-02
RWM,1.4,13.68,20946318,15337237,286.55,203.83,1.4,-0.3,-0.9,매도주의,장대음봉,잔구간,0.07,-1.26,2026-09-02
CGNT,1.4,8.42,707682,506048,5.96,5.76,1.0,-0.5,0.2,매수관심,양봉스프링,잔구간,0.79,0.925,2026-09-02
HPK,1.4,8.14,361590,260959,2.94,2.59,1.1,-1.7,2.1,매수관심,양봉,완만한상승,0.5,1.6,2026-09-02
ARCT,1.4,16.74,2021096,1493881,33.83,30.93,1.1,1.4,1.7,중립,팽이도지,전고점부근,0.56,-0.38,2026-09-02
ANVS,1.4,1.7,606825,441568,1.03,0.9,1.1,1.2,-0.6,매도주의,위꼬리음봉,완만한상승,0.14,-1.03,2026-09-02
TRLV,1.4,11.69,1972631,1425401,23.06,15.78,1.5,0.3,-0.8,중립,팽이도지,잔구간,0.29,-0.125,2026-09-02
ETY,1.4,14.42,365924,257004,5.28,4.14,1.3,0.4,0.3,강한매수,양봉스프링,완만한상승,0.8,2.76,2026-09-02
ERII,1.4,7.58,947745,684011,7.18,8.01,0.9,0.3,-2.2,강한매도,장대음봉,전저점이탈,0.22,-3.09,2026-09-02
CNTN,1.4,2.08,718254,515018,1.49,1.55,1.0,-0.9,-8.0,매도주의,장대음봉,전저점부근,0.15,-1.67,2026-09-02
TBPH,1.4,17.07,566896,399113,9.68,7.3,1.3,0.2,0.1,강한매수,양봉스프링,완만한상승,0.82,2.78,2026-09-02
LXU,1.4,11.54,787336,566672,9.09,7.01,1.3,-0.5,3.8,강한매수,장대양봉,전고점돌파,0.86,3.93,2026-09-02
ELTX,1.4,2.55,397648,279224,1.01,0.88,1.2,0.4,-0.8,매수관심,팽이도지,전저점부근,0.54,0.8,2026-09-02
EGY,1.4,6.14,1407165,989681,8.64,7.67,1.1,-1.0,3.5,강한매수,장대양봉,전고점돌파,0.81,3.87,2026-09-02
IOVA,1.4,8.62,12393157,8897939,106.83,140.52,0.8,0.4,3.7,강한매수,장대양봉,전고점돌파,0.82,3.88,2026-09-02
CYH,1.4,2.9,1558217,1077714,4.52,3.3,1.4,0.3,-1.4,매도주의,장대음봉,잔구간,0.2,-1.18,2026-09-02
QUAD,1.4,10.39,515713,370684,5.36,3.5,1.5,0.9,2.2,강한매수,장대양봉,전고점돌파,0.8,3.86,2026-09-02
AREC,1.4,2.44,2212123,1527758,5.4,4.35,1.2,1.7,3.8,중립,양봉,잔구간,0.6,0.41,2026-09-02
NMCO,1.4,9.77,832213,595085,8.13,4.5,1.8,0.9,-0.7,중립,음봉,잔구간,0.5,-0.35,2026-09-02
GCMG,1.4,13.08,592527,413596,7.75,6.12,1.3,0.2,-1.8,매도주의,음봉,전저점이탈,0.07,-1.97,2026-09-02
PDBC,1.4,19.06,6405387,4724576,122.09,101.42,1.2,-0.4,0.5,중립,양봉,전고점부근,0.72,0.51,2026-09-02
CDXS,1.4,1.475,998035,722830,1.47,1.78,0.8,0.7,-3.0,강한매도,음봉,전저점이탈,0.04,-2.0,2026-09-02
SD,1.4,14.47,314503,223528,4.55,4.5,1.0,-0.9,1.6,강한매수,장대양봉,전고점돌파,0.72,3.76,2026-09-02
SBGI,1.4,13.75,527621,389948,7.25,5.14,1.4,0.6,-1.4,매도주의,위꼬리음봉,전저점부근,0.14,-1.18,2026-09-02
NUVB,1.4,6.93,4997645,3597338,34.63,33.84,1.0,1.7,2.7,강한매수,장대양봉,완만한상승,0.86,3.33,2026-09-02
UTZ,1.4,14.2,2290516,1579850,32.53,35.56,0.9,0.0,-0.1,중립,음봉,잔구간,0.5,-0.35,2026-09-02
GBDC,1.4,12.95,1332949,937114,17.26,12.69,1.4,0.7,-0.2,중립,망치형,잔구간,0.68,0.61,2026-09-02
VLRS,1.4,6.6,479889,334727,3.17,3.1,1.0,1.6,1.7,중립,양봉,잔구간,0.48,0.34,2026-09-02
GT,1.4,6.21,8951600,6386370,55.59,41.31,1.3,0.2,3.5,강한매수,장대양봉,완만한상승,0.89,3.37,2026-09-02
PFXF,1.4,17.75,646090,454145,11.47,10.71,1.1,0.2,0.6,강한매수,장대양봉,완만한상승,1.0,3.5,2026-09-02
FPI,1.4,10.45,988025,712559,10.32,6.13,1.7,0.5,-1.4,매도주의,장대음봉,잔구간,0.11,-1.235,2026-09-02
FLYW,1.4,18.83,1830254,1350108,34.46,26.63,1.3,-1.6,5.3,중립,양봉,잔구간,0.9,0.59,2026-09-02
SION,1.4,7.31,1590547,1155019,11.63,8.64,1.3,2.6,10.3,강한매수,장대양봉,전고점돌파,0.96,4.05,2026-09-02
ASG,1.4,5.09,303803,222718,1.55,1.06,1.5,-0.4,-0.2,중립,팽이도지,전저점부근,0.27,0.47,2026-09-02
CERS,1.4,2.6,1574953,1093479,4.09,4.15,1.0,0.8,-1.1,중립,팽이도지,잔구간,0.31,-0.115,2026-09-02
PGX,1.4,10.53,4446650,3152408,46.82,49.79,0.9,0.0,0.1,매수관심,양봉스프링,잔구간,0.75,0.9,2026-09-02
VUZI,1.4,2.44,688432,497215,1.68,2.13,0.8,1.2,-0.4,중립,망치형,잔구간,0.78,0.67,2026-09-02
RYLD,1.4,16.16,553793,396843,8.95,7.47,1.2,0.2,0.8,강한매수,장대양봉,완만한상승,0.93,3.42,2026-09-02
SIBN,1.4,19.16,786847,559427,15.08,11.61,1.3,0.0,1.3,중립,위꼬리양봉,잔구간,0.3,-0.62,2026-09-02
HE,1.4,10.95,2601816,1909209,28.49,24.97,1.1,-0.5,-0.7,중립,음봉,전저점부근,0.43,-0.03,2026-09-02
HELP,1.4,11.95,2116648,1467268,25.29,20.6,1.2,-0.5,3.6,매수관심,장대양봉,잔구간,0.85,1.21,2026-09-02
SHLS,1.4,6.72,5480910,3979982,36.83,37.13,1.0,-0.6,0.9,매수관심,양봉,완만한상승,0.61,1.73,2026-09-02
MUZ,1.4,9.22,10569418,7616656,97.45,78.41,1.2,0.3,-5.2,매도주의,장대음봉,잔구간,0.08,-1.25,2026-09-02
AXTL,1.3,2.02,1197128,918570,2.42,2.5,1.0,1.5,1.5,중립,위꼬리양봉,완만한상승,0.31,-0.33,2026-09-02
AVTX,1.3,19.34,988015,776131,19.11,15.83,1.2,0.3,1.8,중립,양봉,잔구간,0.4,0.29,2026-09-02
OSUR,1.3,3.61,345282,265238,1.25,1.44,0.9,0.0,2.3,중립,양봉,잔구간,0.53,0.37,2026-09-02
IRE,1.3,9.02,9502980,7296241,85.72,73.47,1.2,-4.8,20.6,강한매수,장대양봉,완만한상승,0.98,3.48,2026-09-02
ABEO,1.3,5.95,1088630,849017,6.48,5.67,1.1,0.0,-0.5,중립,팽이도지,잔구간,0.39,-0.065,2026-09-02
DRN,1.3,10.07,1901726,1505327,19.15,14.58,1.3,-0.3,-1.9,매도주의,음봉,전저점이탈,0.39,-1.58,2026-09-02
DRH,1.3,12.29,2956234,2235996,36.33,31.21,1.2,0.9,1.5,매수관심,양봉,완만한상승,0.77,1.92,2026-09-02
KLXE,1.3,1.54,965903,736098,1.49,0.77,1.9,-1.3,0.7,중립,양봉,잔구간,0.74,0.495,2026-09-02
KYN,1.3,14.98,310263,237527,4.65,3.82,1.2,-0.5,-0.1,중립,팽이도지,잔구간,0.52,0.01,2026-09-02
DV,1.3,13.35,2473507,1972553,33.02,28.63,1.2,0.0,-0.1,매도주의,위꼬리음봉,잔구간,0.0,-1.05,2026-09-02
AMPY,1.3,5.0,707984,563902,3.54,3.07,1.2,-1.6,1.8,매수관심,장대양봉,전고점부근,0.71,1.8,2026-09-02
DEI,1.3,11.33,1851216,1381784,20.97,13.42,1.6,-1.1,0.4,중립,위꼬리양봉,잔구간,0.21,-0.675,2026-09-02
STIM,1.3,2.77,1082377,818569,3.0,2.61,1.1,0.4,-2.8,중립,음봉,잔구간,0.37,-0.43,2026-09-02
CWH,1.3,6.79,1589277,1240680,10.79,9.92,1.1,0.3,4.3,강한매수,장대양봉,전고점돌파,0.76,3.81,2026-09-02
JBI,1.3,4.88,2146109,1631328,10.47,8.71,1.2,0.2,4.1,중립,양봉,잔구간,0.67,0.45,2026-09-02
ONDS,1.3,7.61,79858613,62146349,607.72,494.8,1.2,0.3,7.8,매수관심,장대양봉,잔구간,0.97,1.28,2026-09-02
OCUL,1.3,10.9,2068790,1542061,22.55,23.03,1.0,0.1,3.0,매수관심,양봉,완만한상승,0.8,1.96,2026-09-02
ONDG,1.3,2.36,3310038,2633071,7.81,7.68,1.0,1.5,14.6,매수관심,장대양봉,잔구간,1.0,1.3,2026-09-02
CRBP,1.3,11.48,664445,528954,7.63,7.1,1.1,-0.1,1.9,강한매수,양봉스프링,완만한상승,0.92,2.9,2026-09-02
PTEN,1.3,13.15,13290629,9857604,174.77,94.87,1.8,-1.4,4.3,강한매수,장대양봉,전고점돌파,0.78,3.84,2026-09-02
SMCX,1.3,11.76,5262795,4185118,61.89,61.95,1.0,5.2,-3.6,중립,음봉,완만한상승,0.6,0.32,2026-09-02
LYTS,1.3,19.91,587049,440521,11.69,12.84,0.9,1.1,0.4,중립,팽이도지,잔구간,0.55,0.03,2026-09-02
CNNE,1.3,15.79,542881,420335,8.57,6.7,1.3,0.6,1.6,강한매수,양봉,전고점돌파,0.57,2.28,2026-09-02
RPC,1.3,8.31,533434,405530,4.43,4.11,1.1,-0.1,-1.3,강한매도,음봉,전저점이탈,0.03,-2.01,2026-09-02
ERY,1.3,8.63,8407397,6518897,72.56,52.51,1.4,1.5,-2.4,강한매도,장대음봉,전저점이탈,0.23,-3.07,2026-09-02
SMU,1.3,6.475,2168019,1668283,14.04,9.8,1.4,-2.8,10.1,매수관심,장대양봉,잔구간,0.84,1.205,2026-09-02
SMCY,1.3,5.32,1094464,846480,5.82,5.24,1.1,2.1,-0.6,강한매수,망치형,완만한상승,0.78,2.24,2026-09-02
TALO,1.3,17.23,2034835,1610554,35.06,31.91,1.1,-1.3,1.1,중립,양봉,잔구간,0.4,0.29,2026-09-02
CRMD,1.3,8.61,1102064,872996,9.49,8.71,1.1,0.2,2.5,강한매수,장대양봉,전고점부근,0.97,2.11,2026-09-02
IMRX,1.3,5.02,678701,524516,3.41,2.83,1.2,0.0,3.5,강한매수,장대양봉,완만한상승,0.86,3.33,2026-09-02
ELPC,1.3,12.24,558214,419949,6.83,5.33,1.3,1.6,2.4,강한매수,장대양봉,전고점돌파,0.81,3.87,2026-09-02
PTON,1.3,5.33,8064681,6052626,42.98,32.64,1.3,0.2,4.5,매수관심,장대양봉,잔구간,0.96,1.275,2026-09-02
RITM,1.3,10.02,4672034,3624545,46.81,39.84,1.2,0.2,1.1,매수관심,장대양봉,잔구간,0.69,1.115,2026-09-02
ARLO,1.3,13.04,1530418,1173289,19.96,14.13,1.4,0.3,3.4,강한매수,장대양봉,완만한상승,0.82,3.28,2026-09-02
SOFX,1.3,9.18,1418410,1073104,13.02,11.36,1.1,0.2,9.0,매수관심,장대양봉,잔구간,0.91,1.245,2026-09-02
SUPX,1.3,8.36,612616,460276,5.12,5.96,0.9,-1.5,5.2,중립,양봉,잔구간,0.71,0.475,2026-09-02
LUMN,1.3,6.81,15443887,11886127,105.17,67.51,1.6,0.8,5.9,강한매수,장대양봉,전고점돌파,0.84,3.91,2026-09-02
QTTB,1.3,13.59,434819,340730,5.91,6.08,1.0,0.4,-5.8,강한매도,장대음봉,전저점이탈,0.2,-3.11,2026-09-02
ARIS,1.3,19.69,1581595,1186525,31.14,29.79,1.0,3.0,1.3,중립,양봉,잔구간,0.53,0.37,2026-09-02
MICC,1.3,19.85,815396,636700,16.19,14.71,1.1,-0.1,0.7,매수관심,양봉,완만한상승,0.79,1.95,2026-09-02
MHD,1.3,11.31,382874,305036,4.33,3.28,1.3,0.0,-0.7,강한매도,장대음봉,전저점이탈,0.0,-3.35,2026-09-02
MGNX,1.3,4.32,581703,431515,2.51,1.64,1.5,0.2,6.7,강한매수,장대양봉,전고점돌파,0.85,3.92,2026-09-02
MFM,1.3,5.34,323539,258462,1.73,1.24,1.4,0.2,-0.2,중립,팽이도지,완만한상승,0.38,0.76,2026-09-02
PLTD,1.3,5.37,32375866,24130802,173.86,146.05,1.2,1.6,4.3,강한매수,장대양봉,완만한상승,0.7,3.14,2026-09-02
PHR,1.3,11.85,759141,599331,9.0,8.8,1.0,-0.4,0.5,중립,위꼬리양봉,완만한상승,0.17,-0.5,2026-09-02
VVR,1.3,2.91,877234,687455,2.55,2.03,1.3,0.0,-0.3,중립,음봉,전저점부근,0.0,-0.55,2026-09-02
FDMT,1.3,14.94,1036429,818501,15.48,17.89,0.9,0.3,3.7,중립,양봉,잔구간,0.82,0.54,2026-09-02
CBRG,1.3,3.05,13980192,10474497,42.64,35.82,1.2,-3.2,17.5,매수관심,장대양봉,잔구간,0.96,1.275,2026-09-02
RXO,1.3,19.79,1535630,1183834,30.39,29.25,1.0,0.4,-2.0,중립,음봉,전저점부근,0.12,-0.41,2026-09-02
TROX,1.3,5.12,2663949,1998786,13.64,11.14,1.2,0.4,1.2,중립,위꼬리양봉,잔구간,0.33,-0.6,2026-09-02
PSFE,1.3,6.62,404229,307962,2.68,2.09,1.3,0.2,6.3,매수관심,장대양봉,잔구간,0.89,1.235,2026-09-02
HPP,1.3,13.08,635356,497421,8.31,8.15,1.0,0.7,1.6,중립,양봉,잔구간,0.8,0.53,2026-09-02
MDXG,1.3,4.55,1040316,824692,4.73,4.26,1.1,0.0,0.7,중립,위꼬리양봉,완만한상승,0.16,-0.51,2026-09-02
CIG,1.3,2.13,5146673,3927512,10.96,8.29,1.3,0.5,2.9,강한매수,장대양봉,전고점돌파,1.0,4.1,2026-09-02
TRDA,1.3,7.3,306542,238961,2.24,1.71,1.3,0.0,3.3,강한매수,장대양봉,완만한상승,0.89,3.37,2026-09-02
PRCH,1.3,17.74,1244155,972751,22.07,16.36,1.3,-0.1,2.4,강한매수,장대양봉,완만한상승,0.61,3.03,2026-09-02
TII,1.3,3.08,363127,289211,1.12,1.36,0.8,1.4,8.1,매수관심,장대양봉,잔구간,0.92,1.25,2026-09-02
AGNC,1.3,10.62,18853694,14983094,200.23,158.96,1.3,0.3,-0.1,중립,망치형,잔구간,0.62,0.57,2026-09-02
HOPE,1.3,13.96,953647,749664,13.31,11.65,1.1,0.6,1.8,매수관심,장대양봉,잔구간,0.73,1.14,2026-09-02
HLN,1.3,9.91,10528402,8155649,104.34,90.64,1.2,-1.2,-0.4,강한매도,음봉,전저점이탈,0.0,-2.05,2026-09-02
LWLG,1.3,5.05,2952399,2292541,14.91,13.59,1.1,1.0,-2.5,중립,음봉,전저점부근,0.17,-0.35,2026-09-02
CPRI,1.3,12.71,4587708,3485130,58.31,51.1,1.1,0.5,-1.2,매도주의,음봉,전저점이탈,0.21,-1.8,2026-09-02
FNKO,1.3,5.99,1448418,1150876,8.68,7.37,1.2,0.8,-4.2,강한매도,장대음봉,전저점이탈,0.03,-3.31,2026-09-02
MUA,1.3,9.92,526959,412506,5.23,3.78,1.4,0.5,0.2,중립,양봉,잔구간,0.83,0.55,2026-09-02
MTRX,1.3,10.86,453775,355423,4.93,3.14,1.6,0.7,0.8,중립,양봉,잔구간,0.7,0.47,2026-09-02
MTA,1.3,10.66,473262,378267,5.04,6.48,0.8,1.2,6.7,매수관심,장대양봉,잔구간,0.94,1.265,2026-09-02
HAYW,1.3,13.63,2139088,1653896,29.16,25.67,1.1,0.1,0.0,중립,팽이도지,잔구간,0.41,-0.055,2026-09-02
ALTO,1.3,4.11,2087303,1599543,8.58,6.44,1.3,0.2,2.0,매수관심,양봉,완만한상승,0.44,1.53,2026-09-02
FNB,1.3,18.28,4071207,3142551,74.42,55.95,1.3,0.7,1.6,매수관심,장대양봉,잔구간,0.71,1.125,2026-09-02
EXK,1.3,11.13,10640033,7984648,118.42,105.63,1.1,4.3,4.2,중립,양봉,잔구간,0.92,0.6,2026-09-02
MLTX,1.3,15.06,1188555,910558,17.9,16.61,1.1,0.1,-0.5,중립,팽이도지,잔구간,0.34,-0.095,2026-09-02
HIO,1.3,3.47,473031,352955,1.64,1.1,1.5,0.0,-0.6,강한매도,장대음봉,수횡파,0.0,-2.0,2026-09-02
TSSI,1.3,7.82,938503,706453,7.34,6.69,1.1,2.5,-3.0,중립,음봉,잔구간,0.12,-0.58,2026-09-02
PFN,1.3,6.87,340393,262678,2.34,2.7,0.9,0.1,-0.4,중립,음봉,잔구간,0.29,-0.475,2026-09-02
AMCX,1.3,12.65,574707,439568,7.27,6.28,1.2,1.1,1.3,매수관심,양봉,수횡파,0.42,1.2,2026-09-02
MYI,1.3,10.53,356818,272078,3.76,3.2,1.2,0.1,-0.8,강한매도,장대음봉,전저점이탈,0.0,-3.35,2026-09-02
BVS,1.3,14.37,668302,500704,9.6,7.89,1.2,0.8,4.3,강한매수,장대양봉,완만한상승,0.87,3.34,2026-09-02
NAD,1.3,11.41,756163,577053,8.63,6.9,1.3,-0.1,-1.2,강한매도,장대음봉,전저점이탈,0.0,-3.35,2026-09-02
TSLZ,1.3,12.51,2121314,1629845,26.54,24.51,1.1,-2.5,2.1,중립,양봉,잔구간,0.34,0.255,2026-09-02
MQ,1.3,16.82,927022,702162,15.59,11.2,1.4,-0.2,4.2,강한매수,장대양봉,전고점돌파,0.92,4.0,2026-09-02
SGHC,1.3,13.79,2923937,2169047,40.32,32.08,1.3,-0.4,2.9,매수관심,장대양봉,잔구간,0.8,1.18,2026-09-02
NVDS,1.3,18.252,790537,595775,14.43,10.47,1.4,-0.7,-3.9,매도주의,장대음봉,잔구간,0.39,-1.065,2026-09-02
UAMY,1.3,5.29,9670461,7609839,51.16,38.49,1.3,2.1,10.7,강한매수,장대양봉,완만한상승,0.94,3.43,2026-09-02
SES,1.3,0.5,9445588,7366783,4.72,4.81,1.0,-0.6,-3.8,매도주의,장대음봉,전저점부근,0.0,-1.85,2026-09-02
BRUN,1.3,16.55,2653698,2083557,43.92,43.1,1.0,-1.6,0.0,매수관심,양봉스프링,잔구간,0.76,0.905,2026-09-02
NEOV,1.3,3.78,1553402,1185303,5.87,8.5,0.7,0.3,3.3,매수관심,양봉,완만한상승,0.77,1.92,2026-09-02
BRSP,1.3,4.69,1090589,819329,5.11,4.3,1.2,0.4,0.6,중립,양봉,잔구간,1.0,0.65,2026-09-02
BIZD,1.3,13.34,3387634,2697759,45.19,39.31,1.1,0.6,-0.7,매도주의,장대음봉,잔구간,0.31,-1.115,2026-09-02
UNCY,1.3,5.19,760474,593648,3.95,3.67,1.1,1.0,1.8,중립,양봉,잔구간,0.81,0.535,2026-09-02
ULCC,1.3,5.7,2633354,2072982,15.01,14.42,1.0,2.2,1.1,중립,양봉,잔구간,0.67,0.45,2026-09-02
UGP,1.3,7.13,3463026,2709285,24.69,18.77,1.3,1.6,2.1,강한매수,양봉,전고점돌파,0.65,2.38,2026-09-02
BFLY,1.3,7.6,5349107,4167212,40.65,40.14,1.0,1.2,-8.2,강한매도,장대음봉,전저점이탈,0.13,-3.19,2026-09-02
BIRD,1.3,2.435,466380,361940,1.14,2.78,0.4,-0.9,4.5,중립,양봉,잔구간,0.58,0.4,2026-09-02
PAYP,1.3,15.73,594969,462706,9.36,8.39,1.1,-0.1,5.1,매수관심,장대양봉,잔구간,0.9,1.24,2026-09-02
PAR,1.3,18.75,899289,695693,16.86,14.84,1.1,-0.8,1.7,중립,양봉,잔구간,0.63,0.43,2026-09-02
NVA,1.3,5.66,359301,276553,2.03,1.58,1.3,1.5,7.6,강한매수,장대양봉,완만한상승,0.91,3.39,2026-09-02
VGZ,1.3,2.24,988788,779672,2.21,2.42,0.9,2.9,3.7,매수관심,장대양봉,잔구간,0.95,1.27,2026-09-02
NWG,1.3,18.59,3221377,2433079,59.89,43.17,1.4,1.6,-0.2,중립,팽이도지,잔구간,0.43,-0.04,2026-09-02
NVD,1.3,3.79,125885562,93778993,477.11,380.21,1.3,-1.0,-5.5,매도주의,장대음봉,잔구간,0.36,-1.085,2026-09-02
GMRS,1.3,12.79,470454,360399,6.02,8.72,0.7,0.6,-2.0,중립,음봉,잔구간,0.03,-0.63,2026-09-02
GOOD,1.3,13.0,414353,309189,5.39,4.37,1.2,0.1,0.0,중립,위꼬리양봉,잔구간,0.2,-0.68,2026-09-02
S,1.3,19.68,10382977,7924620,204.34,191.53,1.1,-0.3,-4.3,매도주의,음봉,전저점이탈,0.29,-1.7,2026-09-02
SABS,1.3,3.75,300420,238508,1.13,1.22,0.9,0.0,1.4,강한매수,양봉스프링,완만한상승,0.88,2.86,2026-09-02
ZVZZT,1.2,11.0,310586,258659,3.42,7.61,0.4,-0.1,-9.4,중립,음봉,전저점부근,0.43,-0.03,2026-09-02
XRPC,1.2,14.27,332864,280773,4.75,7.23,0.7,-2.1,1.4,강한매수,장대양봉,전저점부근,0.86,4.18,2026-09-02
ABR,1.2,5.16,4107292,3344740,21.19,18.34,1.2,1.4,2.8,매수관심,장대양봉,잔구간,0.73,1.14,2026-09-02
GDRX,1.2,3.45,1298531,1110441,4.48,6.62,0.7,0.0,-0.3,매도주의,위꼬리음봉,잔구간,0.0,-1.05,2026-09-02
VIR,1.2,11.5,3019931,2513682,34.73,22.64,1.5,0.0,-1.1,중립,팽이도지,잔구간,0.25,-0.15,2026-09-02
BBNX,1.2,19.415,645123,547131,12.53,17.63,0.7,-0.4,2.2,강한매수,장대양봉,완만한상승,0.77,3.22,2026-09-02
SFL,1.2,12.47,1554855,1293284,19.39,15.83,1.2,-0.1,0.4,매수관심,팽이도지,완만한상승,0.62,1.04,2026-09-02
GPGI,1.2,14.25,2228348,1832107,31.75,20.86,1.5,0.0,8.9,강한매수,장대양봉,전고점돌파,0.9,3.98,2026-09-02
GO,1.2,12.01,2982647,2425081,35.82,28.82,1.2,0.1,-0.9,중립,팽이도지,잔구간,0.27,-0.14,2026-09-02
BCRX,1.2,10.17,3130174,2591173,31.83,24.74,1.3,0.8,1.7,강한매수,양봉,전고점돌파,0.85,2.62,2026-09-02
SGML,1.2,12.85,1365019,1178473,17.54,16.89,1.0,-0.5,5.3,강한매수,장대양봉,완만한상승,0.86,3.33,2026-09-02
HBNC,1.2,19.65,490837,423575,9.64,8.67,1.1,0.6,1.5,매수관심,장대양봉,잔구간,0.76,1.155,2026-09-02
EYPT,1.2,4.79,4716139,3819999,22.59,27.43,0.8,-4.8,9.9,강한매수,장대양봉,완만한상승,0.96,3.45,2026-09-02
EXG,1.2,9.97,402753,338120,4.02,3.19,1.3,0.4,0.8,강한매수,장대양봉,완만한상승,0.92,3.4,2026-09-02
WEAV,1.2,7.31,5181111,4239177,37.87,34.36,1.1,0.0,0.1,매수관심,양봉,완만한상승,0.5,1.6,2026-09-02
BGC,1.2,11.85,2996048,2502621,35.5,33.74,1.1,0.1,-1.3,중립,음봉,잔구간,0.47,-0.37,2026-09-02
BCSF,1.2,11.83,531236,435345,6.28,5.12,1.2,0.3,-0.9,중립,망치형,전저점이탈,0.75,0.55,2026-09-02
GCTS,1.2,1.73,1650638,1429678,2.86,3.4,0.8,-2.0,1.5,중립,양봉,잔구간,0.71,0.475,2026-09-02
SHOE,1.2,13.49,1350324,1086675,18.22,11.95,1.5,1.9,3.1,매수관심,장대양봉,잔구간,0.91,1.245,2026-09-02
GTN,1.2,4.93,1034799,889004,5.1,4.62,1.1,0.0,4.0,강한매수,장대양봉,완만한상승,0.72,3.16,2026-09-02
SHEN,1.2,12.63,420861,344246,5.32,4.73,1.1,1.1,2.4,매수관심,장대양봉,잔구간,0.91,1.245,2026-09-02
WHLR,1.2,0.525,2755294,2285648,1.45,6.05,0.2,-6.7,-2.8,강한매수,망치형,전저점부근,0.65,2.9299999999999997,2026-09-02
VWAV,1.2,0.65,2665090,2228493,1.73,1.98,0.9,-0.2,6.8,중립,양봉,잔구간,0.48,0.34,2026-09-02
FLG,1.2,13.49,4826149,3934234,65.1,55.5,1.2,0.8,2.5,강한매수,장대양봉,완만한상승,0.78,3.24,2026-09-02
NTLA,1.2,12.76,3245595,2816315,41.41,45.43,0.9,-0.1,0.7,중립,팽이도지,잔구간,0.56,0.035,2026-09-02
VYGR,1.2,3.54,435034,351574,1.54,1.47,1.0,0.0,3.2,강한매수,장대양봉,완만한상승,0.71,3.15,2026-09-02
OBE,1.2,12.08,759175,628206,9.17,7.35,1.2,-0.8,0.4,중립,팽이도지,잔구간,0.58,0.05,2026-09-02
SOPH,1.2,8.28,809618,681596,6.7,5.61,1.2,0.5,-2.2,중립,망치형,잔구간,0.57,0.54,2026-09-02
IMMX,1.2,13.96,1578211,1356131,22.03,23.44,0.9,-0.1,-0.3,중립,팽이도지,잔구간,0.67,0.1,2026-09-02
IIIV,1.2,16.8,454564,375800,7.64,6.96,1.1,-0.2,5.3,매수관심,장대양봉,잔구간,0.98,1.29,2026-09-02
BSCT,1.2,18.445,612330,525028,11.29,14.2,0.8,0.1,-0.0,매도주의,위꼬리음봉,완만한상승,0.25,-0.9,2026-09-02
IVR,1.2,7.14,2777783,2274381,19.83,18.12,1.1,0.1,-0.8,강한매도,장대음봉,전저점이탈,0.1,-3.23,2026-09-02
DX,1.2,12.75,4919221,3937566,62.72,60.64,1.0,0.0,0.1,중립,팽이도지,잔구간,0.57,0.04,2026-09-02
DXC,1.2,11.63,2368624,2057138,27.55,25.91,1.1,-0.3,4.5,강한매수,장대양봉,전고점돌파,0.82,3.88,2026-09-02
ALLO,1.2,1.98,5393709,4679891,10.68,10.25,1.0,-0.8,0.5,중립,팽이도지,잔구간,0.54,0.025,2026-09-02
NEA,1.2,11.0,1128736,942611,12.42,10.49,1.2,0.0,-0.7,강한매도,장대음봉,전저점이탈,0.0,-3.35,2026-09-02
NCI,1.2,13.48,1160580,942437,15.64,14.19,1.1,0.5,3.3,강한매수,장대양봉,완만한상승,0.69,3.13,2026-09-02
PBR.A,1.2,18.81,9485205,8107001,178.42,134.17,1.3,-0.4,3.7,강한매수,장대양봉,전고점돌파,0.91,3.99,2026-09-02
UPWK,1.2,9.03,2864243,2320269,25.86,20.96,1.2,-0.9,-0.9,매도주의,위꼬리음봉,잔구간,0.05,-1.02,2026-09-02
PANL,1.2,8.31,420359,356855,3.49,3.14,1.1,1.1,1.8,매수관심,양봉,완만한상승,0.79,1.95,2026-09-02
SLN,1.2,14.79,634202,508949,9.38,8.76,1.1,-0.3,0.6,매수관심,팽이도지,완만한상승,0.58,1.0,2026-09-02
PBI,1.2,17.4,1446094,1219525,25.16,24.32,1.0,0.1,1.6,중립,양봉,잔구간,0.48,0.34,2026-09-02
ANGO,1.2,15.62,311414,261401,4.86,3.83,1.3,0.3,-1.8,중립,음봉,잔구간,0.14,-0.565,2026-09-02
HOVR,1.2,1.66,632452,508900,1.05,1.11,0.9,0.3,3.7,매수관심,장대양봉,잔구간,0.93,1.26,2026-09-02
ERAS,1.2,16.37,5121428,4444560,83.84,71.27,1.2,1.3,-3.5,매도주의,음봉,전저점이탈,0.35,-1.63,2026-09-02
EQPT,1.2,17.81,2546563,2134314,45.35,39.4,1.2,4.6,1.0,중립,양봉,잔구간,0.7,0.47,2026-09-02
PCN,1.2,11.68,326345,282177,3.81,3.72,1.0,0.2,-0.4,매도주의,장대음봉,잔구간,0.07,-1.26,2026-09-02
NUAI,1.2,5.14,5461096,4677535,28.07,28.3,1.0,-1.8,7.9,강한매수,장대양봉,완만한상승,0.95,3.44,2026-09-02
UNG,1.2,10.75,12226983,10618563,131.44,108.18,1.2,-0.1,1.7,강한매수,장대양봉,전고점부근,0.96,2.1,2026-09-02
UAVS,1.2,1.08,1936962,1618396,2.09,2.04,1.0,2.9,0.9,중립,위꼬리양봉,완만한상승,0.12,-0.56,2026-09-02
RXRX,1.2,3.38,14052683,11982626,47.5,58.65,0.8,0.3,1.2,중립,팽이도지,잔구간,0.47,-0.02,2026-09-02
FATE,1.2,2.45,1218923,1045934,2.99,3.27,0.9,0.0,0.8,매수관심,팽이도지,완만한상승,0.56,0.97,2026-09-02
SLDB,1.2,10.285,894270,744962,9.2,8.83,1.0,0.4,3.7,중립,양봉,전고점부근,0.78,0.59,2026-09-02
RWT,1.2,4.49,1503804,1306332,6.75,5.51,1.2,0.0,1.6,중립,양봉,잔구간,0.69,0.465,2026-09-02
CEPL,1.2,5.52,367439,301658,2.03,2.46,0.8,0.9,-2.3,중립,음봉,잔구간,0.06,-0.615,2026-09-02
DXD,1.2,16.81,1419059,1228070,23.85,22.59,1.1,-0.6,-0.4,중립,음봉,잔구간,0.58,-0.3,2026-09-02
BSIN,1.2,1.55,1033727,851477,1.6,1.45,1.1,0.0,2.6,강한매수,양봉,완만한상승,0.88,2.06,2026-09-02
ELDN,1.2,2.99,1224308,993108,3.66,3.44,1.1,1.0,-1.6,중립,팽이도지,잔구간,0.33,-0.1,2026-09-02
SOC,1.2,4.75,8128118,6540351,38.61,48.98,0.8,-3.1,2.8,중립,양봉,잔구간,0.6,0.41,2026-09-02
BTX,1.2,8.81,467992,393256,4.12,3.66,1.1,-0.1,-1.0,중립,음봉,잔구간,0.0,-0.65,2026-09-02
NABL,1.2,3.97,2647984,2256842,10.51,9.16,1.1,-0.5,4.5,강한매수,장대양봉,완만한상승,0.94,3.43,2026-09-02
NEXN,1.2,9.85,598023,504351,5.89,5.42,1.1,0.2,2.4,강한매수,양봉,완만한상승,0.9,2.08,2026-09-02
TDOC,1.2,6.46,3898328,3356903,25.18,21.65,1.2,-0.6,3.9,강한매수,장대양봉,완만한상승,0.66,3.09,2026-09-02
TE,1.2,4.27,24588044,21119123,104.99,92.13,1.1,-0.9,0.7,중립,팽이도지,잔구간,0.58,0.05,2026-09-02
COMP,1.2,10.59,13128713,10633027,139.03,115.01,1.2,0.3,2.2,매수관심,장대양봉,잔구간,0.91,1.245,2026-09-02
AGRO,1.2,11.78,838403,702683,9.88,11.23,0.9,-2.4,0.4,중립,팽이도지,잔구간,0.51,0.005,2026-09-02
WU,1.2,7.3,7942338,6572832,57.98,55.28,1.0,0.3,3.1,매수관심,장대양봉,잔구간,0.8,1.18,2026-09-02
WWW,1.2,19.28,744168,622415,14.35,13.26,1.1,1.2,-1.4,중립,음봉,전저점부근,0.02,-0.53,2026-09-02
WRN,1.2,2.42,895817,724745,2.17,2.47,0.9,3.0,-0.4,중립,팽이도지,잔구간,0.42,-0.05,2026-09-02
TRIP,1.2,9.61,3057266,2590017,29.38,27.57,1.1,-0.1,1.7,중립,양봉,잔구간,0.61,0.415,2026-09-02
CORZ,1.2,16.81,12983787,11277961,218.26,191.08,1.1,-1.2,5.9,매수관심,장대양봉,잔구간,0.96,1.275,2026-09-02
ADMA,1.2,9.51,1989637,1626282,18.92,17.35,1.1,0.1,1.8,중립,양봉,잔구간,0.61,0.415,2026-09-02
OSG,1.2,4.49,707064,584351,3.17,2.45,1.3,-0.4,-0.7,중립,팽이도지,잔구간,0.35,-0.09,2026-09-02
WYFL,1.2,3.86,431328,352963,1.66,2.63,0.6,-5.2,2.8,매수관심,양봉,전저점부근,0.75,1.75,2026-09-02
GGB,1.2,4.97,11691832,10125747,58.11,55.2,1.1,2.6,3.3,강한매수,장대양봉,전고점돌파,0.83,3.9,2026-09-02
ACEL,1.2,11.64,312437,252574,3.64,3.47,1.0,0.7,-0.2,매도주의,위꼬리음봉,잔구간,0.05,-1.02,2026-09-02
GLAS,1.2,8.55,660341,558226,5.65,4.65,1.2,0.7,0.0,매수관심,팽이도지,완만한상승,0.61,1.03,2026-09-02
GGN,1.2,5.59,534992,443264,2.99,3.62,0.8,0.9,-0.4,중립,팽이도지,잔구간,0.33,-0.1,2026-09-02
LXRX,1.2,2.24,2335861,1904574,5.23,6.21,0.8,0.9,1.4,중립,양봉,잔구간,0.67,0.45,2026-09-02
ACB,1.2,4.03,1471096,1237496,5.93,5.17,1.1,-0.7,0.2,중립,위꼬리양봉,잔구간,0.14,-0.715,2026-09-02
ACDC,1.2,5.05,1534545,1275768,7.75,7.63,1.0,-0.6,1.8,매수관심,양봉스프링,잔구간,0.83,0.95,2026-09-02
TLS,1.2,4.71,667180,553528,3.14,2.68,1.2,0.2,-0.4,중립,팽이도지,잔구간,0.3,-0.12,2026-09-02
CMPX,1.2,2.43,2539819,2118341,6.17,5.43,1.1,0.0,5.2,매수관심,장대양봉,잔구간,0.8,1.18,2026-09-02
TLK,1.2,14.73,563899,478526,8.31,7.66,1.1,-0.1,0.1,중립,팽이도지,잔구간,0.35,-0.09,2026-09-02
LITZ,1.2,8.53,3570949,2928476,30.46,25.84,1.2,0.9,-1.4,중립,팽이도지,잔구간,0.41,-0.055,2026-09-02
LILA,1.2,8.75,388886,315627,3.4,3.48,1.0,1.2,1.0,중립,양봉,전고점부근,0.67,0.45,2026-09-02
OFIX,1.2,9.38,330410,264551,3.1,2.82,1.1,-0.3,-0.2,중립,팽이도지,잔구간,0.29,-0.125,2026-09-02
ARTV,1.2,11.31,306518,256200,3.47,3.18,1.1,-0.2,0.4,매수관심,팽이도지,완만한상승,0.57,0.98,2026-09-02
QUBT,1.2,7.84,7061262,5766219,55.36,61.44,0.9,-1.1,0.4,중립,위꼬리양봉,전저점부근,0.2,-0.61,2026-09-02
RDW,1.2,10.33,10330134,8972494,106.71,122.01,0.9,0.0,0.7,중립,팽이도지,잔구간,0.56,0.035,2026-09-02
PLTZ,1.2,10.08,5795531,4846245,58.42,45.37,1.3,3.2,8.2,매수관심,장대양봉,잔구간,0.68,1.11,2026-09-02
LABD,1.2,6.28,24847062,20320737,156.04,133.7,1.2,-2.0,-1.4,중립,팽이도지,잔구간,0.48,-0.01,2026-09-02
KYTX,1.2,8.615,599970,504693,5.17,6.26,0.8,0.2,2.9,매수관심,양봉,완만한상승,0.78,1.94,2026-09-02
KPTI,1.2,1.79,1296285,1084424,2.32,2.08,1.1,2.7,-5.8,중립,음봉,전저점부근,0.3,-0.19,2026-09-02
MCHB,1.2,15.75,505877,413785,7.97,7.07,1.1,0.0,1.5,매수관심,장대양봉,잔구간,0.66,1.095,2026-09-02
PNNT,1.2,3.7,543022,456982,2.01,1.88,1.1,0.0,-0.8,중립,음봉,잔구간,0.28,-0.48,2026-09-02
MNKD,1.2,4.04,2590708,2151787,10.47,12.01,0.9,-0.4,1.9,매수관심,장대양봉,잔구간,0.6,1.06,2026-09-02
PML,1.2,7.21,425164,349917,3.07,2.2,1.4,0.0,-0.4,강한매도,장대음봉,전저점이탈,0.0,-3.35,2026-09-02
PLG,1.2,1.52,1350182,1144433,2.05,2.28,0.9,2.8,3.4,중립,양봉,잔구간,0.76,0.505,2026-09-02
PLTK,1.2,2.24,1509190,1235711,3.38,3.73,0.9,-0.5,2.3,중립,양봉,잔구간,0.77,0.51,2026-09-02
PL,1.2,19.99,6606854,5584277,132.07,109.92,1.2,3.0,0.8,중립,팽이도지,잔구간,0.57,0.04,2026-09-02
LAC,1.2,3.01,8117559,6987979,24.43,26.2,0.9,0.7,0.7,중립,팽이도지,잔구간,0.42,-0.05,2026-09-02
CC,1.2,15.68,1857392,1533811,29.12,25.47,1.1,1.0,2.8,매수관심,양봉,완만한상승,0.65,1.78,2026-09-02
CCAP,1.2,10.4,301075,259999,3.13,2.43,1.3,-0.1,-0.7,매도주의,음봉,전저점이탈,0.1,-1.93,2026-09-02
VTEX,1.2,3.6,694604,590553,2.5,2.35,1.1,-1.4,1.1,중립,위꼬리양봉,수횡파,0.38,-0.54,2026-09-02
VSTS,1.2,12.17,1209331,1050391,14.72,12.67,1.2,0.6,-0.2,매도주의,위꼬리음봉,완만한상승,0.17,-1.0,2026-09-02
ASM,1.2,7.5,4381051,3527617,32.86,31.08,1.1,2.6,4.3,강한매수,장대양봉,완만한상승,0.76,3.21,2026-09-02
JMIA,1.2,7.17,2098809,1750185,15.05,11.91,1.3,-0.4,4.4,매수관심,장대양봉,전고점부근,0.69,1.78,2026-09-02
STDN,1.2,14.66,1409975,1137294,20.67,14.31,1.4,-1.0,-10.6,매도주의,장대음봉,잔구간,0.19,-1.185,2026-09-02
MSOS,1.2,4.97,4681694,3909734,23.27,23.45,1.0,-0.6,1.4,중립,위꼬리양봉,수횡파,0.36,-0.57,2026-09-02
KBDC,1.2,13.51,408959,350698,5.53,4.95,1.1,1.0,-0.9,매도주의,장대음봉,완만한상승,0.4,-1.22,2026-09-02
IREX,1.2,13.02,1807139,1451811,23.53,20.53,1.1,-5.5,21.2,강한매수,장대양봉,완만한상승,0.97,3.46,2026-09-02
TSL,1.2,13.39,473968,392888,6.35,6.35,1.0,1.5,-1.2,강한매수,망치형,완만한상승,0.67,2.1,2026-09-02
AMTM,1.2,19.9,1939339,1684432,38.59,43.91,0.9,-0.5,0.1,중립,위꼬리양봉,잔구간,0.26,-0.645,2026-09-02
DQ,1.2,12.88,1073918,888598,13.83,16.42,0.8,-0.1,-0.5,중립,팽이도지,잔구간,0.59,0.055,2026-09-02
SPCE,1.2,2.95,5402426,4504146,15.94,15.31,1.0,-0.3,1.7,중립,양봉,잔구간,0.4,0.29,2026-09-02
DNP,1.2,10.81,713860,619410,7.72,6.16,1.3,0.1,0.0,매수관심,팽이도지,완만한상승,0.5,0.9,2026-09-02
CALY,1.2,15.72,1650415,1417099,25.94,23.48,1.1,0.6,0.6,중립,위꼬리양봉,완만한상승,0.32,-0.32,2026-09-02
OPFI,1.2,7.24,764421,639531,5.53,4.65,1.2,1.0,4.5,매수관심,장대양봉,잔구간,0.9,1.24,2026-09-02
OFRM,1.2,17.78,365211,302110,6.49,6.01,1.1,1.3,1.0,중립,위꼬리양봉,완만한상승,0.34,-0.29,2026-09-02
ADCT,1.2,1.32,1955644,1675505,2.58,1.95,1.3,-0.8,7.3,강한매수,장대양봉,전고점돌파,0.75,3.8,2026-09-02
SVOL,1.2,16.55,369548,320968,6.12,5.44,1.1,-0.2,1.3,매수관심,장대양봉,잔구간,0.85,1.21,2026-09-02
LBTYA,1.2,10.68,2297318,1991163,24.54,20.88,1.2,0.9,0.4,매수관심,팽이도지,완만한상승,0.43,0.82,2026-09-02
SUZ,1.2,9.14,3586310,2921661,32.78,37.96,0.9,1.8,1.3,중립,양봉,잔구간,0.49,0.345,2026-09-02
CTGO,1.2,19.61,352694,291806,6.92,7.65,0.9,1.3,3.0,강한매수,장대양봉,완만한상승,0.65,3.08,2026-09-02
KOPN,1.2,4.29,3451791,2848753,14.81,15.87,0.9,-0.5,2.4,중립,양봉,잔구간,0.75,0.5,2026-09-02
PSKY,1.2,10.97,11984713,9819125,131.47,102.19,1.3,0.0,4.0,강한매수,장대양봉,완만한상승,0.65,3.08,2026-09-02
MASS,1.2,10.33,535612,452663,5.53,5.54,1.0,0.5,-3.5,중립,음봉,전저점부근,0.04,-0.5,2026-09-02
SWVL,1.2,5.08,1431634,1154383,7.27,19.36,0.4,-3.1,36.9,강한매수,장대양봉,전고점돌파,0.77,3.82,2026-09-02
INV,1.1,1.125,3171542,2783963,3.57,5.78,0.6,-1.7,-3.8,강한매도,장대음봉,전저점이탈,0.36,-2.92,2026-09-02
INMD,1.1,14.95,412749,389576,6.17,6.82,0.9,-0.1,-0.4,중립,음봉,잔구간,0.17,-0.55,2026-09-02
NEO,1.1,17.4,1794476,1630776,31.22,33.01,0.9,-0.3,0.0,중립,위꼬리양봉,잔구간,0.15,-0.71,2026-09-02
NAT,1.1,7.07,4824770,4538942,34.11,27.32,1.2,0.3,2.0,중립,양봉,전고점부근,0.84,0.66,2026-09-02
BSCV,1.1,16.135,531494,468702,8.58,8.0,1.1,0.1,-0.1,매도주의,장대음봉,잔구간,0.25,-1.15,2026-09-02
VXX,1.1,18.02,7431681,6732793,133.92,127.0,1.1,-0.6,-2.2,매도주의,장대음봉,전저점부근,0.08,-1.75,2026-09-02
UPB,1.1,6.48,515755,460981,3.34,3.63,0.9,1.1,-2.1,매도주의,위꼬리음봉,잔구간,0.12,-0.98,2026-09-02
ETHW,1.1,17.1,856890,770913,14.65,22.69,0.6,-1.3,0.2,중립,팽이도지,잔구간,0.42,-0.05,2026-09-02
NU,1.1,15.4,80829572,71859791,1244.78,1027.71,1.2,0.4,6.1,강한매수,장대양봉,전고점부근,0.92,2.05,2026-09-02
ETHE,1.1,19.27,2323880,2092907,44.78,63.5,0.7,-1.3,0.3,중립,팽이도지,잔구간,0.48,-0.01,2026-09-02
EXFY,1.1,2.46,567777,516772,1.4,1.75,0.8,-2.0,0.8,매수관심,양봉스프링,잔구간,0.8,0.93,2026-09-02
HAFN,1.1,8.88,1810842,1694856,16.08,12.7,1.3,-0.1,3.5,강한매수,장대양봉,전고점돌파,0.9,3.98,2026-09-02
FBRT,1.1,8.51,1982840,1744246,16.87,14.94,1.1,1.0,1.1,매수관심,양봉,수횡파,0.56,1.37,2026-09-02
ILPT,1.1,8.22,317889,290608,2.61,2.15,1.2,0.6,-1.0,중립,음봉,잔구간,0.5,-0.35,2026-09-02
NRGV,1.1,3.55,3528144,3351995,12.52,11.84,1.1,0.0,8.6,매수관심,장대양봉,잔구간,0.95,1.27,2026-09-02
SNDQ,1.1,15.45,23090803,21815212,356.75,461.23,0.8,0.4,-2.3,중립,팽이도지,잔구간,0.47,-0.02,2026-09-02
IGR,1.1,4.48,657681,612825,2.95,2.4,1.2,0.0,-0.7,강한매도,장대음봉,전저점이탈,0.0,-3.35,2026-09-02
RKT,1.1,13.56,25846644,23515272,350.48,306.5,1.1,0.1,4.0,매수관심,장대양봉,잔구간,0.72,1.13,2026-09-02
RKLZ,1.1,4.285,2975081,2592154,12.75,13.57,0.9,0.7,-2.8,중립,음봉,잔구간,0.2,-0.53,2026-09-02
RLX,1.1,1.84,3445746,3022940,6.34,5.87,1.1,0.6,2.2,강한매수,장대양봉,전고점부근,1.0,2.15,2026-09-02
ANGX,1.1,4.49,921354,870580,4.14,4.57,0.9,-1.2,4.7,강한매수,장대양봉,완만한상승,0.8,3.26,2026-09-02
VERX,1.1,13.48,1388550,1278543,18.72,16.23,1.2,-0.8,-1.7,중립,음봉,잔구간,0.14,-0.565,2026-09-02
VERI,1.1,0.804,2956966,2651567,2.38,4.09,0.6,0.6,1.8,중립,양봉,잔구간,0.68,0.46,2026-09-02
BIT,1.1,11.91,316092,282530,3.76,4.76,0.8,-0.2,0.3,중립,양봉,잔구간,0.5,0.35,2026-09-02
BIOA,1.1,9.73,541262,501806,5.27,5.72,0.9,0.7,1.5,매수관심,팽이도지,완만한상승,0.49,0.89,2026-09-02
VALE,1.1,15.73,28029909,25018467,440.91,443.16,1.0,2.1,1.9,강한매수,양봉,전고점돌파,0.64,2.37,2026-09-02
GENI,1.1,7.42,5064185,4607978,37.58,37.04,1.0,0.0,3.3,중립,양봉,잔구간,0.48,0.34,2026-09-02
SABR,1.1,2.09,3144039,2931610,6.57,5.79,1.1,0.5,3.5,중립,양봉,잔구간,0.5,0.35,2026-09-02
SBH,1.1,16.33,1082900,949742,17.68,17.34,1.0,0.7,-1.0,중립,음봉,잔구간,0.0,-0.65,2026-09-02
VLY,1.1,13.81,7023281,6564533,96.99,90.64,1.1,0.8,2.4,매수관심,장대양봉,잔구간,0.75,1.15,2026-09-02
XMAX,1.1,8.78,513519,448104,4.51,4.59,1.0,0.3,-0.5,중립,음봉,잔구간,0.32,-0.46,2026-09-02
OSPN,1.1,16.17,326494,305967,5.28,5.57,0.9,0.3,1.6,매수관심,장대양봉,잔구간,0.86,1.215,2026-09-02
GPK,1.1,10.98,4068561,3842439,44.67,48.81,0.9,0.3,0.9,중립,위꼬리양봉,잔구간,0.42,-0.55,2026-09-02
GNL,1.1,9.15,1491173,1395921,13.64,15.85,0.9,0.2,0.0,매수관심,팽이도지,완만한상승,0.43,0.82,2026-09-02
PACK,1.1,4.42,450007,401804,1.99,2.01,1.0,0.4,-1.6,매도주의,음봉,전저점이탈,0.17,-1.85,2026-09-02
OVID,1.1,2.71,1555884,1421262,4.22,4.33,1.0,0.7,-2.5,중립,음봉,잔구간,0.16,-0.555,2026-09-02
SFIX,1.1,3.09,1756829,1567501,5.43,4.74,1.1,0.0,2.7,강한매수,장대양봉,완만한상승,0.89,3.37,2026-09-02
FULC,1.1,3.85,1633566,1501046,6.29,5.44,1.2,0.3,-0.8,중립,음봉,수횡파,0.33,-0.3,2026-09-02
FLO,1.1,6.68,7301512,6578026,48.77,57.44,0.8,0.8,-1.0,중립,음봉,잔구간,0.07,-0.61,2026-09-02
EVMN,1.1,12.48,370577,341697,4.62,5.08,0.9,0.2,-0.2,중립,팽이도지,전저점부근,0.32,0.53,2026-09-02
EVLV,1.1,5.1,1730025,1533613,8.82,9.2,1.0,-0.6,1.4,중립,양봉,잔구간,0.47,0.33,2026-09-02
VG,1.1,14.73,13988282,13019889,206.05,180.93,1.1,-2.4,-0.1,중립,팽이도지,잔구간,0.66,0.095,2026-09-02
UVXY,1.1,17.97,5824099,5202639,104.66,122.35,0.9,-1.4,-3.1,매도주의,장대음봉,전저점부근,0.09,-1.74,2026-09-02
BDTX,1.1,2.14,561275,500285,1.2,1.33,0.9,2.0,2.9,강한매수,양봉,완만한상승,0.86,2.03,2026-09-02
FSCO,1.1,5.24,862497,754335,4.52,4.47,1.0,0.2,0.8,강한매수,장대양봉,완만한상승,0.8,3.26,2026-09-02
BLMN,1.1,9.93,2203843,1931547,21.88,19.67,1.1,1.3,0.6,중립,위꼬리양봉,잔구간,0.45,-0.53,2026-09-02
UA,1.1,5.03,2531535,2288799,12.73,11.45,1.1,0.2,4.6,매수관심,장대양봉,잔구간,0.88,1.23,2026-09-02
EPM,1.1,3.67,538089,483685,1.97,3.58,0.6,-1.1,0.5,매수관심,양봉스프링,잔구간,0.83,0.95,2026-09-02
USA,1.1,5.93,1137453,1011838,6.75,5.92,1.1,0.2,0.0,중립,위꼬리양봉,완만한상승,0.0,-0.7,2026-09-02
SMRT,1.1,1.36,816241,735857,1.11,1.08,1.0,0.8,2.3,매수관심,장대양봉,잔구간,0.8,1.18,2026-09-02
ASAN,1.1,9.8,5116537,4512179,50.14,38.82,1.3,-0.8,0.5,중립,팽이도지,잔구간,0.49,-0.005,2026-09-02
EYE,1.1,16.82,2608620,2286811,43.88,38.85,1.1,0.3,0.5,중립,위꼬리양봉,잔구간,0.29,-0.625,2026-09-02
WFCpZ,1.1,17.78,315982,284620,5.62,5.9,1.0,-0.1,0.9,중립,양봉,잔구간,0.7,0.47,2026-09-02
MSDL,1.1,15.27,395350,365862,6.04,5.66,1.1,0.3,-0.1,매수관심,팽이도지,완만한상승,0.44,0.83,2026-09-02
PFFD,1.1,18.14,711516,631516,12.91,12.75,1.0,-0.2,0.3,중립,양봉,잔구간,0.82,0.54,2026-09-02
BTE,1.1,5.07,15876384,14451571,80.49,65.41,1.2,-1.0,2.4,강한매수,장대양봉,전고점돌파,0.75,3.8,2026-09-02
QTRX,1.1,2.61,459048,410865,1.2,1.45,0.8,-0.8,4.8,매수관심,장대양봉,잔구간,0.8,1.18,2026-09-02
MIR,1.1,15.57,3417493,3141049,53.21,50.48,1.1,-0.6,1.0,매수관심,양봉,완만한상승,0.64,1.77,2026-09-02
RES,1.1,6.57,1567683,1411645,10.3,8.85,1.2,-1.4,1.7,매수관심,양봉,완만한상승,0.67,1.8,2026-09-02
RGTZ,1.1,3.77,4189433,3865736,15.79,14.77,1.1,2.7,-1.0,중립,팽이도지,완만한상승,0.41,0.79,2026-09-02
REZI,1.1,19.39,2226523,1969463,43.17,47.03,0.9,0.9,-0.1,중립,팽이도지,잔구간,0.58,0.05,2026-09-02
ARRY,1.1,4.57,6329235,5867390,28.92,29.0,1.0,0.2,4.6,매수관심,장대양봉,잔구간,0.79,1.175,2026-09-02
ARR,1.1,16.15,3256839,2967962,52.6,45.57,1.2,0.4,-0.2,중립,망치형,잔구간,0.69,0.615,2026-09-02
ARKO,1.1,4.74,899988,817348,4.27,4.29,1.0,1.1,4.2,매수관심,장대양봉,잔구간,0.86,1.215,2026-09-02
KRO,1.1,8.74,303467,284744,2.65,2.83,0.9,1.1,2.9,매수관심,양봉,완만한상승,0.6,1.72,2026-09-02
KRP,1.1,14.94,940676,849402,14.05,13.94,1.0,-0.2,0.5,중립,양봉,잔구간,0.48,0.34,2026-09-02
RCAT,1.1,8.32,5555275,5046627,46.22,55.49,0.8,-1.8,2.7,강한매수,장대양봉,완만한상승,0.96,3.45,2026-09-02
PICS,1.1,11.18,824323,763109,9.22,7.68,1.2,0.7,3.3,중립,양봉,잔구간,0.76,0.505,2026-09-02
PK,1.1,15.56,4358237,3875719,67.81,62.59,1.1,0.5,1.8,매수관심,장대양봉,잔구간,0.82,1.19,2026-09-02
ARDX,1.1,3.8,3913811,3537813,14.87,14.13,1.1,-0.3,1.3,매수관심,양봉,수횡파,0.68,1.52,2026-09-02
ALKT,1.1,19.88,1029332,928507,20.46,24.24,0.8,0.2,2.0,강한매수,양봉,완만한상승,0.85,2.02,2026-09-02
AMTX,1.1,1.9,613325,538770,1.17,1.44,0.8,0.0,4.4,중립,양봉,잔구간,0.79,0.525,2026-09-02
AMPL,1.1,13.29,1977262,1822050,26.28,22.41,1.2,-0.1,-3.8,매도주의,장대음봉,잔구간,0.14,-1.215,2026-09-02
DCTH,1.1,16.58,448647,402631,7.44,7.3,1.0,-0.1,1.2,중립,양봉,잔구간,0.57,0.39,2026-09-02
CAG,1.1,16.18,8489402,8057806,137.36,160.68,0.9,0.3,0.1,중립,팽이도지,잔구간,0.39,-0.065,2026-09-02
SPCU,1.1,11.97,1499380,1365445,17.95,18.25,1.0,0.8,-3.1,중립,음봉,잔구간,0.5,-0.35,2026-09-02
SPPP,1.1,14.65,936142,832249,13.71,12.35,1.1,1.3,1.0,매수관심,장대양봉,잔구간,0.78,1.17,2026-09-02
DNUT,1.1,3.48,2150984,1953489,7.49,9.64,0.8,-0.3,3.9,매수관심,장대양봉,잔구간,0.72,1.13,2026-09-02
VTRS,1.1,17.09,7834481,6964910,133.89,115.91,1.2,0.7,2.0,강한매수,장대양봉,전고점부근,0.89,2.02,2026-09-02
VOD,1.1,16.07,2598658,2436728,41.76,42.78,1.0,-0.7,0.8,매수관심,양봉,완만한상승,0.61,1.73,2026-09-02
VOXR,1.1,5.57,423307,387545,2.36,2.57,0.9,0.0,3.9,매수관심,장대양봉,잔구간,0.93,1.26,2026-09-02
STUB,1.1,6.18,5725914,5399719,35.39,38.99,0.9,-0.2,0.5,중립,팽이도지,잔구간,0.52,0.01,2026-09-02
ASPI,1.1,3.93,3022468,2755904,11.88,12.56,0.9,0.5,3.4,매수관심,양봉,완만한상승,0.82,1.98,2026-09-02
JFR,1.1,7.61,648192,585002,4.93,4.56,1.1,0.4,-0.4,중립,음봉,완만한상승,0.33,-0.0,2026-09-02
STWD,1.1,15.82,4076301,3545271,64.49,60.02,1.1,0.2,1.7,매수관심,장대양봉,잔구간,0.9,1.24,2026-09-02
CATX,1.1,3.1,864638,798374,2.68,3.13,0.9,0.0,0.0,중립,팽이도지,완만한상승,0.36,0.73,2026-09-02
TAC,1.1,11.84,1195110,1129903,14.15,24.09,0.6,-0.3,0.9,중립,양봉,잔구간,0.76,0.505,2026-09-02
METC,1.1,14.41,2614413,2370403,37.67,27.65,1.4,1.8,1.0,중립,위꼬리양봉,완만한상승,0.23,-0.42,2026-09-02
MNTN,1.1,13.13,906130,837867,11.9,10.81,1.1,0.8,5.1,매수관심,장대양봉,잔구간,0.76,1.155,2026-09-02
CBRX,1.1,9.055,837500,778012,7.58,7.13,1.1,-3.2,17.0,매수관심,장대양봉,잔구간,0.95,1.27,2026-09-02
LU,1.1,1.21,988530,865034,1.2,1.1,1.1,0.8,-0.8,강한매수,망치형,전저점부근,0.5,2.75,2026-09-02
ATOM,1.1,4.0,518624,482594,2.07,2.03,1.0,-0.3,1.8,중립,양봉,잔구간,0.78,0.52,2026-09-02
WSE,1.1,13.0,1140424,993376,14.83,13.11,1.1,0.4,0.1,중립,위꼬리양봉,잔구간,0.07,-0.76,2026-09-02
CRDL,1.1,2.17,2175136,1982005,4.72,3.67,1.3,0.5,0.5,매수관심,팽이도지,완만한상승,0.54,0.95,2026-09-02
CRCT,1.1,5.76,754126,696966,4.34,4.68,0.9,1.4,-2.9,매도주의,장대음봉,잔구간,0.21,-1.175,2026-09-02
CRAN,1.1,10.14,331931,308615,3.37,3.13,1.1,0.0,0.0,중립,무참고,정보부족,,0.0,2026-09-02
AUPH,1.1,16.29,842415,779285,13.72,18.05,0.8,0.7,0.7,중립,팽이도지,잔구간,0.68,0.11,2026-09-02
LFST,1.1,12.89,3922029,3544929,50.55,39.97,1.3,1.1,1.2,강한매수,양봉,전고점돌파,0.37,2.04,2026-09-02
CLBK,1.1,11.65,3059311,2811191,35.64,33.81,1.1,0.3,1.0,중립,양봉,잔구간,0.8,0.53,2026-09-02
CLB,1.1,12.49,453084,421577,5.66,5.46,1.0,-1.5,2.4,강한매수,장대양봉,완만한상승,0.72,3.16,2026-09-02
KLC,1.1,2.51,747805,678770,1.88,2.19,0.9,0.0,0.4,중립,위꼬리양봉,잔구간,0.17,-0.7,2026-09-02
PUSA,1.1,3.84,585861,545381,2.25,2.76,0.8,-0.5,-1.5,중립,음봉,잔구간,0.14,-0.565,2026-09-02
PONY,1.1,7.03,3816265,3592199,26.83,34.29,0.8,-2.6,2.8,매수관심,장대양봉,잔구간,0.97,1.28,2026-09-02
WLTH,1.1,9.01,1154498,1061360,10.4,10.93,1.0,0.0,1.7,중립,양봉,잔구간,0.55,0.38,2026-09-02
LUNL,1.1,3.88,979014,886605,3.8,5.07,0.7,2.0,-0.3,중립,팽이도지,잔구간,0.35,-0.09,2026-09-02
CFFN,1.1,8.69,784953,719214,6.82,6.54,1.0,0.8,0.8,매수관심,양봉,완만한상승,0.62,1.74,2026-09-02
LION,1.1,11.17,1940775,1767432,21.68,21.95,1.0,0.3,1.5,매수관심,장대양봉,잔구간,0.82,1.19,2026-09-02
CMPS,1.1,13.23,1927330,1833738,25.5,30.42,0.8,0.5,-0.6,중립,팽이도지,잔구간,0.38,-0.07,2026-09-02
CMRE,1.1,15.44,375385,348055,5.8,5.38,1.1,0.6,-0.1,매수관심,팽이도지,완만한상승,0.47,0.86,2026-09-02
AHRT,1.1,6.47,561589,509135,3.63,3.56,1.0,0.6,0.3,중립,팽이도지,잔구간,0.67,0.1,2026-09-02
MAGN,1.1,12.58,368972,344858,4.64,4.44,1.0,0.6,1.6,매수관심,양봉,완만한상승,0.34,1.41,2026-09-02
PRME,1.1,3.67,2473918,2275939,9.08,10.79,0.8,-2.0,4.9,매수관심,장대양봉,잔구간,0.85,1.21,2026-09-02
ACRE,1.1,4.55,308113,285830,1.4,1.32,1.1,0.4,1.3,매수관심,양봉,완만한상승,0.57,1.68,2026-09-02
AXTX,1.1,5.215,9530042,8961150,49.7,76.17,0.7,1.4,1.5,중립,위꼬리양봉,완만한상승,0.31,-0.33,2026-09-02
AEG,1.1,9.25,4722066,4342648,43.68,42.24,1.0,0.7,0.1,중립,위꼬리양봉,완만한상승,0.31,-0.33,2026-09-02
OLMA,1.1,10.83,866429,753480,9.38,9.03,1.0,0.2,2.4,매수관심,양봉,완만한상승,0.65,1.78,2026-09-02
XERS,1.1,8.58,1350792,1208898,11.59,12.12,1.0,0.7,1.1,매수관심,양봉스프링,잔구간,0.85,0.96,2026-09-02
OI,1.0,7.07,2837196,2778139,20.06,20.19,1.0,1.0,-0.3,중립,팽이도지,잔구간,0.34,-0.095,2026-09-02
OGN,1.0,13.77,3626157,3499930,49.93,47.88,1.0,0.1,0.0,매수관심,팽이도지,완만한상승,0.5,0.9,2026-09-02
ODD,1.0,14.49,761298,760773,11.03,10.94,1.0,-0.1,2.6,매수관심,양봉,완만한상승,0.68,1.82,2026-09-02
ACH,1.0,1.17,898290,910883,1.05,1.86,0.6,-0.9,2.6,매수관심,양봉,완만한상승,0.44,1.53,2026-09-02
FWRD,1.0,15.98,440415,436248,7.04,8.37,0.8,0.5,-2.9,매도주의,음봉,전저점이탈,0.12,-1.91,2026-09-02
FVRR,1.0,9.43,398960,402153,3.76,4.56,0.8,0.0,1.9,강한매수,양봉,완만한상승,0.89,2.07,2026-09-02
GILT,1.0,10.12,496531,520318,5.02,5.86,0.9,0.1,0.5,매수관심,팽이도지,완만한상승,0.64,1.07,2026-09-02
ORN,1.0,9.08,339795,350938,3.09,3.35,0.9,0.6,-0.2,매도주의,위꼬리음봉,완만한상승,0.07,-1.12,2026-09-02
AEBI,1.0,12.8,491984,515669,6.3,5.96,1.1,0.9,5.3,강한매수,장대양봉,완만한상승,0.93,3.42,2026-09-02
ADT,1.0,7.49,6168344,5972430,46.2,44.75,1.0,0.5,1.1,매수관심,양봉,완만한상승,0.74,1.89,2026-09-02
ACRS,1.0,6.18,1550402,1560127,9.58,11.26,0.9,1.2,1.5,매수관심,양봉스프링,잔구간,0.84,0.955,2026-09-02
ABX,1.0,9.57,407979,388733,3.9,4.16,0.9,1.3,2.6,매수관심,장대양봉,잔구간,0.92,1.25,2026-09-02
ABSI,1.0,8.8,2951546,2944593,25.97,28.96,0.9,0.7,-1.1,중립,팽이도지,잔구간,0.51,0.005,2026-09-02
MAMA,1.0,15.63,468059,460485,7.32,7.78,0.9,0.8,-0.6,매도주의,위꼬리음봉,완만한상승,0.13,-1.04,2026-09-02
PRTA,1.0,9.685,341055,337035,3.3,3.21,1.0,0.3,0.5,강한매수,양봉스프링,완만한상승,0.83,2.8,2026-09-02
PRGO,1.0,14.49,2687019,2670549,38.93,38.63,1.0,0.1,0.3,중립,팽이도지,완만한상승,0.35,0.72,2026-09-02
TIMB,1.0,18.4,407093,415214,7.49,11.12,0.7,0.7,0.8,매수관심,양봉,완만한상승,0.46,1.55,2026-09-02
TIC,1.0,9.36,1271293,1273620,11.9,13.91,0.9,0.1,0.5,매수관심,팽이도지,완만한상승,0.63,1.06,2026-09-02
CLSX,1.0,10.11,441505,456642,4.46,6.19,0.7,-4.4,8.8,매수관심,장대양봉,잔구간,0.9,1.24,2026-09-02
LPL,1.0,3.26,2119857,2058781,6.91,8.27,0.8,-0.9,0.6,중립,위꼬리양봉,잔구간,0.37,-0.58,2026-09-02
LOMA,1.0,10.41,361582,363682,3.76,3.7,1.0,0.6,2.8,강한매수,장대양봉,전고점돌파,0.89,3.97,2026-09-02
CLBT,1.0,11.62,2125509,2075226,24.7,34.42,0.7,0.1,-2.0,중립,음봉,잔구간,0.39,-0.415,2026-09-02
CONY,1.0,19.94,382441,400794,7.63,11.14,0.7,-0.8,0.1,중립,팽이도지,전저점부근,0.46,0.7,2026-09-02
CODI,1.0,11.56,434104,439029,5.02,7.19,0.7,1.3,-0.1,중립,팽이도지,잔구간,0.69,0.115,2026-09-02
TETH,1.0,11.93,1429065,1389924,17.05,18.74,0.9,-1.2,0.2,중립,팽이도지,잔구간,0.41,-0.055,2026-09-02
CLOV,1.0,4.3,3322546,3472433,14.29,13.78,1.0,-0.1,0.1,매수관심,팽이도지,완만한상승,0.54,0.95,2026-09-02
WTTR,1.0,19.77,1472542,1431076,29.11,25.11,1.2,-1.5,0.1,중립,팽이도지,잔구간,0.52,0.01,2026-09-02
TRON,1.0,1.55,1118963,1073261,1.73,4.67,0.4,1.8,-7.2,강한매도,장대음봉,전저점이탈,0.29,-3.0,2026-09-02
TRIN,1.0,18.43,728352,754860,13.42,14.86,0.9,-0.1,0.5,중립,위꼬리양봉,완만한상승,0.34,-0.29,2026-09-02
CIFU,1.0,8.765,356239,359819,3.12,7.97,0.4,-4.3,12.4,강한매수,장대양봉,완만한상승,0.88,3.36,2026-09-02
DBI,1.0,5.25,564461,589581,2.96,2.83,1.0,0.6,0.0,중립,팽이도지,잔구간,0.26,-0.145,2026-09-02
CYRX,1.0,15.78,420140,438108,6.63,9.61,0.7,0.4,1.1,중립,위꼬리양봉,잔구간,0.37,-0.58,2026-09-02
CX,1.0,10.58,3513762,3417224,37.18,60.42,0.6,0.4,0.9,중립,양봉,잔구간,0.54,0.375,2026-09-02
LDI,1.0,0.902,3515443,3617844,3.17,2.87,1.1,1.1,0.3,중립,팽이도지,잔구간,0.68,0.11,2026-09-02
LTBR,1.0,7.57,561983,584458,4.25,4.7,0.9,0.5,1.4,중립,양봉,잔구간,0.96,0.625,2026-09-02
TARA,1.0,3.94,335411,335906,1.32,1.41,0.9,0.5,0.5,매수관심,팽이도지,완만한상승,0.59,1.01,2026-09-02
AUR,1.0,5.85,27938108,27702979,163.44,174.33,0.9,-0.2,7.3,매수관심,장대양봉,잔구간,0.98,1.29,2026-09-02
ATEC,1.0,9.19,1435252,1400252,13.19,13.59,1.0,0.3,-0.5,중립,팽이도지,잔구간,0.28,-0.13,2026-09-02
LABX,1.0,9.63,504687,530033,4.86,7.4,0.7,-4.5,0.6,중립,팽이도지,잔구간,0.61,0.065,2026-09-02
KULR,1.0,2.49,631848,606265,1.57,2.03,0.8,1.2,0.8,중립,양봉,잔구간,0.71,0.475,2026-09-02
CRWG,1.0,16.56,695888,683580,11.52,18.39,0.6,-3.7,1.8,중립,위꼬리양봉,잔구간,0.47,-0.52,2026-09-02
CRVS,1.0,14.2,619857,643395,8.8,9.35,0.9,0.8,-1.3,중립,팽이도지,잔구간,0.35,-0.09,2026-09-02
TAK,1.0,18.43,1721820,1794745,31.73,36.45,0.9,0.4,0.7,강한매수,양봉,전고점돌파,0.7,2.44,2026-09-02
MDU,1.0,19.81,1334336,1319448,26.43,26.35,1.0,0.0,-0.7,중립,음봉,잔구간,0.38,-0.42,2026-09-02
MBLY,1.0,8.5,2903219,2963481,24.68,30.35,0.8,0.4,1.3,중립,양봉,잔구간,0.67,0.45,2026-09-02
MNSO,1.0,9.62,1265996,1272542,12.18,12.2,1.0,-0.8,1.5,강한매수,장대양봉,완만한상승,0.74,3.19,2026-09-02
RBBN,1.0,1.96,563986,537807,1.11,1.42,0.8,0.3,0.0,중립,팽이도지,잔구간,0.67,0.1,2026-09-02
QYLD,1.0,18.21,5642713,5445452,102.75,87.62,1.2,-0.1,0.3,강한매수,장대양봉,완만한상승,0.89,3.37,2026-09-02
KOS,1.0,2.93,10174012,10288165,29.81,36.99,0.8,-1.7,1.0,중립,위꼬리양봉,잔구간,0.42,-0.55,2026-09-02
ARVN,1.0,9.59,548799,531596,5.26,5.49,1.0,0.0,3.3,강한매수,장대양봉,완만한상승,0.86,3.33,2026-09-02
ARHS,1.0,8.43,931745,927141,7.85,10.38,0.8,1.4,-0.6,중립,팽이도지,잔구간,0.33,-0.1,2026-09-02
DNOW,1.0,15.8,1573926,1648067,24.87,31.43,0.8,-0.4,-0.1,매도주의,위꼬리음봉,잔구간,0.18,-0.94,2026-09-02
REPL,1.0,15.98,1989600,2077123,31.79,39.0,0.8,-0.1,2.1,매수관심,양봉,완만한상승,0.58,1.7,2026-09-02
JPC,1.0,7.36,1198579,1161020,8.82,9.76,0.9,0.4,-0.5,매도주의,장대음봉,잔구간,0.16,-1.205,2026-09-02
CWK,1.0,13.04,1344564,1301232,17.53,24.87,0.7,1.0,-3.6,강한매도,장대음봉,전저점이탈,0.01,-3.34,2026-09-02
STLA,1.0,5.27,20620105,19654349,108.67,120.8,0.9,-1.5,0.0,중립,팽이도지,잔구간,0.5,0.0,2026-09-02
DHC,1.0,7.65,1191801,1190608,9.12,8.81,1.0,0.5,-0.3,중립,팽이도지,잔구간,0.4,-0.06,2026-09-02
RDWU,1.0,5.91,369460,373359,2.18,2.92,0.7,-2.2,4.0,매수관심,장대양봉,잔구간,0.62,1.07,2026-09-02
PHAT,1.0,9.26,932646,889960,8.64,8.78,1.0,0.6,-2.0,중립,음봉,잔구간,0.31,-0.465,2026-09-02
VRRM,1.0,4.2,2675918,2800457,11.24,13.13,0.9,0.7,0.0,중립,팽이도지,잔구간,0.58,0.05,2026-09-02
VREX,1.0,18.47,653584,655534,12.07,13.98,0.9,0.1,-0.1,중립,음봉,잔구간,0.0,-0.65,2026-09-02
TSHA,1.0,5.64,1988567,1913077,11.22,14.59,0.8,0.5,-1.6,매도주의,위꼬리음봉,잔구간,0.22,-0.92,2026-09-02
ALIT,1.0,14.16,394059,385283,5.58,6.09,0.9,-1.1,3.6,매수관심,장대양봉,잔구간,0.65,1.09,2026-09-02
AKBA,1.0,0.98,12862353,12870768,12.61,10.53,1.2,0.6,3.2,강한매수,양봉,전고점돌파,0.53,2.24,2026-09-02
DCH,1.0,6.56,2170429,2145421,14.24,15.3,0.9,1.0,6.8,매수관심,장대양봉,잔구간,0.91,1.245,2026-09-02
DOLE,1.0,14.06,1147438,1138553,16.13,14.25,1.1,0.6,0.9,강한매수,양봉,전고점돌파,0.86,2.63,2026-09-02
CARS,1.0,11.99,400414,418883,4.8,5.77,0.8,0.3,3.1,매수관심,장대양봉,잔구간,0.8,1.18,2026-09-02
BW,1.0,7.03,3949817,4120309,27.77,38.21,0.7,0.6,2.2,매수관심,양봉,완만한상승,0.7,1.84,2026-09-02
BV,1.0,11.24,807512,803691,9.08,8.53,1.1,0.5,0.7,매수관심,팽이도지,완만한상승,0.67,1.1,2026-09-02
CCCC,1.0,3.79,1835390,1925463,6.96,9.01,0.8,0.0,-2.1,매도주의,위꼬리음봉,잔구간,0.18,-0.94,2026-09-02
MRLN,1.0,2.85,1307163,1289764,3.73,3.93,0.9,0.2,1.2,매수관심,양봉스프링,잔구간,0.94,1.015,2026-09-02
MX,1.0,3.12,324343,332444,1.01,1.09,0.9,0.0,2.3,중립,양봉,잔구간,0.58,0.4,2026-09-02
BTG,1.0,5.41,36517517,37019313,197.56,188.46,1.0,2.3,1.7,중립,양봉,잔구간,0.65,0.44,2026-09-02
BTCS,1.0,1.25,2068364,2169643,2.59,5.6,0.5,-1.6,0.8,강한매수,양봉스프링,전저점부근,0.88,3.71,2026-09-02
BTAL,1.0,12.36,499731,515549,6.18,6.55,0.9,0.3,-1.2,매도주의,장대음봉,잔구간,0.09,-1.245,2026-09-02
TSLX,1.0,18.2,369601,357895,6.73,7.52,0.9,0.2,-1.5,강한매도,장대음봉,전저점이탈,0.09,-3.24,2026-09-02
IONL,1.0,11.6,415917,427873,4.82,6.5,0.7,-2.1,1.8,매수관심,팽이도지,전저점부근,0.62,0.89,2026-09-02
INN,1.0,5.78,786472,783571,4.55,4.42,1.0,0.9,0.2,중립,위꼬리양봉,잔구간,0.14,-0.715,2026-09-02
IMTX,1.0,9.5,761070,760687,7.23,6.5,1.1,0.4,0.3,매수관심,팽이도지,완만한상승,0.48,0.88,2026-09-02
JACK,1.0,15.86,493675,479422,7.83,9.57,0.8,1.4,0.1,중립,팽이도지,잔구간,0.4,-0.06,2026-09-02
ITRG,1.0,2.8,2246212,2247909,6.29,6.79,0.9,2.3,2.9,매수관심,장대양봉,잔구간,0.83,1.2,2026-09-02
DNA,1.0,7.03,1269794,1236476,8.93,9.91,0.9,-0.1,1.6,매수관심,팽이도지,완만한상승,0.49,0.89,2026-09-02
DJT,1.0,9.14,3250416,3161897,29.71,36.37,0.8,-0.2,1.1,중립,위꼬리양봉,완만한상승,0.33,-0.3,2026-09-02
EC,1.0,17.51,1932187,1855436,33.83,29.88,1.1,-1.2,1.6,강한매수,장대양봉,완만한상승,0.68,3.12,2026-09-02
ALOY,1.0,10.21,1778714,1731542,18.16,23.96,0.8,1.3,1.0,중립,팽이도지,잔구간,0.66,0.095,2026-09-02
TSLT,1.0,13.07,2501621,2443973,32.7,33.62,1.0,2.2,-1.7,강한매수,망치형,완만한상승,0.67,2.1,2026-09-02
TSLR,1.0,16.17,1270477,1289694,20.54,21.71,0.9,2.6,-2.0,중립,음봉,완만한상승,0.66,0.39,2026-09-02
TSLQ,1.0,19.75,4917902,4900746,97.13,110.24,0.9,-1.8,1.3,중립,위꼬리양봉,잔구간,0.32,-0.61,2026-09-02
TSLL,1.0,9.37,88364161,88821680,827.97,932.91,0.9,2.6,-2.1,중립,음봉,완만한상승,0.64,0.37,2026-09-02
PENN,1.0,16.89,2342535,2346537,39.57,41.31,1.0,0.8,2.2,중립,양봉,잔구간,0.6,0.41,2026-09-02
PDO,1.0,12.45,930063,897382,11.58,11.82,1.0,0.3,0.2,중립,팽이도지,잔구간,0.59,0.055,2026-09-02
PD,1.0,13.77,1860611,1824425,25.62,23.34,1.1,-0.3,-1.6,중립,음봉,잔구간,0.45,-0.38,2026-09-02
NCLH,1.0,15.57,13626354,13739642,212.16,244.73,0.9,1.3,-0.4,매도주의,위꼬리음봉,잔구간,0.2,-0.93,2026-09-02
BSCR,1.0,19.605,598969,570730,11.74,10.68,1.1,0.0,0.0,매수관심,양봉,완만한상승,0.5,1.6,2026-09-02
IMMR,1.0,7.54,309223,305128,2.33,2.93,0.8,-0.1,2.0,매수관심,양봉,완만한상승,0.7,1.84,2026-09-02
ICLN,1.0,17.37,5941004,6146074,103.2,126.19,0.8,-0.2,1.0,강한매수,장대양봉,완만한상승,0.88,3.36,2026-09-02
EFC,1.0,13.33,995242,1024367,13.27,13.59,1.0,0.4,0.2,매수관심,양봉스프링,잔구간,0.78,0.92,2026-09-02
SPAL,1.0,15.22,546707,566684,8.32,10.06,0.8,0.6,-2.9,중립,음봉,잔구간,0.54,-0.325,2026-09-02
SOFI,1.0,17.84,40591559,38951633,724.15,776.5,0.9,0.0,4.6,매수관심,장대양봉,잔구간,0.9,1.24,2026-09-02
SNXX,1.0,14.02,66169723,65365350,927.7,1048.78,0.9,-0.6,2.9,매수관심,양봉,완만한상승,0.56,1.67,2026-09-02
BRSL,1.0,11.17,1345150,1322874,15.03,19.42,0.8,0.1,-0.1,매도주의,위꼬리음봉,잔구간,0.03,-1.03,2026-09-02
BRNX,1.0,3.16,2241281,2249256,7.08,12.02,0.6,10.5,-18.8,매도주의,장대음봉,전저점부근,0.12,-1.71,2026-09-02
NKTX,1.0,2.765,489636,469052,1.35,1.45,0.9,0.0,2.4,매수관심,양봉,완만한상승,0.65,1.78,2026-09-02
NIQ,1.0,18.35,1196541,1193022,21.96,25.35,0.9,-0.6,-1.3,매도주의,음봉,전저점이탈,0.39,-1.58,2026-09-02
NG,1.0,8.17,5393730,5376675,44.07,50.95,0.9,3.0,-1.2,매도주의,위꼬리음봉,잔구간,0.16,-0.955,2026-09-02
NEWP,1.0,6.68,596386,598129,3.98,4.42,0.9,2.3,0.3,중립,위꼬리양봉,완만한상승,0.28,-0.36,2026-09-02
NRDS,1.0,9.98,497945,489636,4.97,5.7,0.9,-0.1,2.1,매수관심,장대양봉,잔구간,0.62,1.07,2026-09-02
NOWL,1.0,7.58,7752400,7418337,58.76,62.18,0.9,-4.1,-4.7,중립,음봉,잔구간,0.06,-0.615,2026-09-02
NNDM,1.0,1.58,1384536,1434737,2.19,2.26,1.0,0.6,0.6,중립,위꼬리양봉,완만한상승,0.25,-0.4,2026-09-02
ANIX,1.0,3.13,335027,340024,1.05,1.14,0.9,0.0,-4.6,강한매도,음봉,전저점이탈,0.04,-2.0,2026-09-02
HNRG,1.0,16.35,491293,493511,8.03,9.54,0.8,-0.4,0.2,중립,팽이도지,잔구간,0.55,0.03,2026-09-02
HMY,1.0,19.45,5148263,4912732,100.13,104.43,1.0,1.6,-0.5,중립,팽이도지,잔구간,0.29,-0.125,2026-09-02
IART,1.0,16.81,528856,524515,8.89,9.54,0.9,1.1,0.1,중립,팽이도지,완만한상승,0.28,0.64,2026-09-02
HRZN,1.0,4.8,893910,915310,4.29,3.46,1.2,0.7,5.7,매수관심,장대양봉,잔구간,0.98,1.29,2026-09-02
EROC,1.0,11.21,1739913,1701870,19.5,28.67,0.7,-0.9,-0.9,매수관심,팽이도지,전저점부근,0.6,0.87,2026-09-02
RLJ,1.0,11.08,1612830,1660304,17.87,19.12,0.9,0.8,-0.3,매도주의,위꼬리음봉,잔구간,0.24,-0.905,2026-09-02
PAX,1.0,11.33,1001803,1039670,11.35,12.64,0.9,0.0,0.7,매수관심,양봉,완만한상승,0.62,1.74,2026-09-02
PATH,1.0,17.99,60560768,61970862,1089.49,1073.81,1.0,0.3,-1.1,중립,음봉,잔구간,0.38,-0.42,2026-09-02
NVG,1.0,11.92,646224,655702,7.7,7.11,1.1,-0.1,-0.7,강한매도,장대음봉,전저점이탈,0.0,-3.35,2026-09-02
BMEA,1.0,1.935,2136579,2052396,4.13,4.54,0.9,0.3,7.2,강한매수,양봉,전고점돌파,0.98,2.78,2026-09-02
BLDP,1.0,2.24,2245873,2204866,5.03,5.68,0.9,0.0,0.0,매수관심,팽이도지,완만한상승,0.63,1.06,2026-09-02
NVAX,1.0,10.32,5635817,5659702,58.16,63.3,0.9,1.5,0.4,중립,팽이도지,전고점부근,0.47,-0.49,2026-09-02
EVGO,1.0,1.25,3898264,3799786,4.87,4.43,1.1,0.0,-1.6,매도주의,음봉,전저점이탈,0.34,-1.64,2026-09-02
EVEX,1.0,2.21,955967,957144,2.11,1.92,1.1,0.5,0.0,중립,위꼬리양봉,잔구간,0.25,-0.65,2026-09-02
RXT,1.0,3.01,6314229,6013780,19.01,21.85,0.9,-1.0,1.3,중립,팽이도지,잔구간,0.68,0.11,2026-09-02
AQN,1.0,5.63,3343325,3466402,18.82,19.39,1.0,-0.2,-0.4,중립,음봉,잔구간,0.37,-0.43,2026-09-02
APLX,1.0,7.58,1244316,1195189,9.43,10.77,0.9,-2.8,8.3,강한매수,장대양봉,완만한상승,0.96,3.45,2026-09-02
VZLA,1.0,4.15,6409973,6110838,26.6,24.48,1.1,2.8,4.5,강한매수,장대양봉,완만한상승,0.84,3.31,2026-09-02
VYX,1.0,8.98,3192683,3105973,28.67,22.29,1.3,-0.1,2.9,매수관심,양봉,완만한상승,0.55,1.66,2026-09-02
FLNC,1.0,10.56,4741807,4866456,50.07,64.31,0.8,-0.3,1.7,중립,양봉,잔구간,0.67,0.45,2026-09-02
FJET,1.0,2.83,769063,741721,2.18,2.29,1.0,0.0,-4.7,강한매도,장대음봉,전저점이탈,0.26,-3.04,2026-09-02
VFC,1.0,13.22,5214821,5470473,68.94,77.8,0.9,0.9,0.1,중립,위꼬리양봉,잔구간,0.24,-0.655,2026-09-02
VELO,1.0,11.62,771407,735601,8.96,11.77,0.8,0.4,2.8,강한매수,장대양봉,완만한상승,0.89,3.37,2026-09-02
USGG,1.0,6.73,512289,494670,3.45,3.38,1.0,2.1,4.3,매수관심,장대양봉,잔구간,0.89,1.235,2026-09-02
AVO,1.0,12.77,464798,478122,5.94,6.49,0.9,0.4,-0.8,중립,음봉,잔구간,0.6,-0.29,2026-09-02
GAB,1.0,5.66,603841,599788,3.42,3.48,1.0,0.2,0.5,강한매수,장대양봉,완만한상승,0.75,3.2,2026-09-02
GSIT,1.0,5.34,323623,324470,1.73,2.25,0.8,0.8,-0.8,중립,음봉,잔구간,0.37,-0.43,2026-09-02
GROY,1.0,3.36,1736303,1801686,5.83,7.31,0.8,2.5,2.4,강한매수,장대양봉,완만한상승,0.9,3.38,2026-09-02
GRML,1.0,4.87,1056055,1089835,5.14,7.76,0.7,5.4,-0.6,중립,팽이도지,잔구간,0.55,0.03,2026-09-02
GRAB,1.0,3.53,33462672,33629273,118.12,111.14,1.1,0.1,1.9,강한매수,장대양봉,완만한상승,0.84,3.31,2026-09-02
HIX,1.0,3.88,318165,309614,1.23,1.45,0.9,0.0,-0.5,매도주의,장대음봉,잔구간,0.0,-1.3,2026-09-02
HDSN,1.0,5.12,618446,606260,3.17,3.52,0.9,-0.2,-0.2,강한매도,위꼬리음봉,전저점이탈,0.18,-2.63,2026-09-02
SHNY,1.0,9.75,1313707,1320488,12.81,16.99,0.8,2.3,3.1,매수관심,장대양봉,잔구간,1.0,1.3,2026-09-02
FRMI,1.0,4.77,16039341,16260358,76.51,82.59,0.9,0.6,2.4,중립,양봉,잔구간,0.83,0.55,2026-09-02
GEVO,1.0,1.71,2255380,2169598,3.86,3.59,1.1,-0.6,4.9,매수관심,장대양봉,잔구간,0.9,1.24,2026-09-02
SANA,1.0,3.89,2140948,2189160,8.33,10.57,0.8,-0.3,1.8,중립,위꼬리양봉,잔구간,0.33,-0.6,2026-09-02
SAIL,1.0,18.31,3269125,3259510,59.86,62.89,1.0,-0.5,-4.3,매도주의,장대음봉,잔구간,0.24,-1.155,2026-09-02
GOOS,1.0,8.15,643191,676796,5.24,7.06,0.7,1.4,-0.5,매도주의,위꼬리음봉,잔구간,0.17,-0.95,2026-09-02
GOF,1.0,9.4,2849479,2816359,26.79,51.23,0.5,1.3,-0.6,중립,음봉,완만한상승,0.24,-0.11,2026-09-02
BB,1.0,7.61,8480732,8736708,64.54,72.93,0.9,0.1,-2.9,매도주의,장대음봉,전저점부근,0.08,-1.75,2026-09-02
VIXY,1.0,17.28,2094380,2012038,36.19,43.53,0.8,-0.5,-2.4,중립,음봉,전저점부근,0.63,0.21,2026-09-02
NXE,1.0,10.22,4507929,4389547,46.07,49.16,0.9,0.2,2.7,강한매수,장대양봉,완만한상승,0.76,3.21,2026-09-02
OXSQ,1.0,1.355,1181870,1133823,1.6,1.83,0.9,1.5,-0.4,매수관심,팽이도지,완만한상승,0.5,0.9,2026-09-02
OSS,1.0,9.84,618623,639668,6.09,8.72,0.7,-0.8,-0.5,중립,팽이도지,전저점부근,0.45,0.69,2026-09-02
OMER,1.0,18.86,1350615,1369794,25.47,33.63,0.8,1.2,-0.6,중립,팽이도지,잔구간,0.41,-0.055,2026-09-02
ABAT,1.0,2.79,3874337,4060956,10.81,9.25,1.2,0.0,7.7,강한매수,장대양봉,전고점돌파,0.95,4.04,2026-09-02
ZENA,1.0,1.64,1951756,1915898,3.2,4.6,0.7,0.9,-3.0,중립,음봉,전저점부근,0.18,-0.33,2026-09-02
XXI,1.0,5.74,1220082,1170436,7.0,10.38,0.7,-0.5,-0.3,중립,팽이도지,전저점이탈,0.48,-0.77,2026-09-02
XFOR,1.0,4.04,360955,373568,1.46,2.05,0.7,0.7,-1.5,중립,음봉,잔구간,0.16,-0.555,2026-09-02
XHR,1.0,18.44,733292,725329,13.52,13.75,1.0,-1.0,1.8,강한매수,장대양봉,완만한상승,0.69,3.13,2026-09-02
AGEN,0.9,8.09,663995,760552,5.37,8.79,0.6,1.0,0.2,중립,팽이도지,잔구간,0.68,0.11,2026-09-02
AEVA,0.9,15.17,1319416,1508994,20.02,25.76,0.8,0.3,2.4,중립,양봉,잔구간,0.88,0.58,2026-09-02
AEO,0.9,16.66,4388605,4839126,73.11,78.99,0.9,0.4,0.1,중립,팽이도지,잔구간,0.41,-0.055,2026-09-02
AEHL,0.9,5.43,399055,422963,2.17,34.07,0.1,-0.2,8.8,중립,양봉,잔구간,0.46,0.325,2026-09-02
WTI,0.9,3.84,2535304,2703707,9.74,11.48,0.8,-1.4,1.2,중립,팽이도지,잔구간,0.56,0.035,2026-09-02
WRD,0.9,5.77,1394383,1621532,8.05,12.44,0.6,-0.2,2.1,강한매수,장대양봉,완만한상승,0.83,3.3,2026-09-02
ALHC,0.9,13.59,3631038,3927329,49.35,52.87,0.9,-0.1,0.1,중립,팽이도지,완만한상승,0.4,0.78,2026-09-02
AIRS,0.9,2.46,657846,759958,1.62,2.07,0.8,0.2,1.2,중립,양봉,잔구간,0.57,0.39,2026-09-02
AMZD,0.9,8.595,8222281,9425782,70.67,80.9,0.9,0.0,-0.1,중립,팽이도지,잔구간,0.44,-0.035,2026-09-02
OCFC,0.9,19.09,843130,928277,16.1,19.51,0.8,0.6,2.4,매수관심,장대양봉,잔구간,0.87,1.22,2026-09-02
OBDC,0.9,11.36,2608044,2809855,29.63,35.58,0.8,-0.2,0.1,중립,팽이도지,잔구간,0.5,0.0,2026-09-02
PACB,0.9,1.32,5938826,6411427,7.84,10.67,0.7,0.8,2.3,중립,양봉,잔구간,0.67,0.45,2026-09-02
OLOX,0.9,1.02,1451392,1543889,1.48,8.96,0.2,-11.8,5.2,매수관심,양봉,전저점부근,0.38,1.31,2026-09-02
OIS,0.9,8.96,469099,500967,4.2,4.53,0.9,-1.2,2.9,매수관심,장대양봉,전고점부근,0.68,1.77,2026-09-02
ORCU,0.9,7.64,2916773,3410777,22.28,24.62,0.9,-1.0,7.3,강한매수,장대양봉,완만한상승,0.87,3.34,2026-09-02
AMPG,0.9,3.32,1376861,1573393,4.57,5.85,0.8,1.1,1.4,중립,위꼬리양봉,완만한상승,0.35,-0.28,2026-09-02
AMC,0.9,2.64,17150514,18080658,45.28,47.36,1.0,-0.4,2.7,중립,양봉,잔구간,0.47,0.33,2026-09-02
WCMI,0.9,19.61,559939,651395,10.98,22.99,0.5,-0.2,0.8,매수관심,장대양봉,잔구간,0.92,1.25,2026-09-02
APPS,0.9,9.78,2321666,2628953,22.71,28.08,0.8,-0.5,-1.7,매도주의,음봉,전저점이탈,0.1,-1.93,2026-09-02
ARX,0.9,19.7,1569427,1764650,30.92,55.18,0.6,0.0,-0.4,매도주의,장대음봉,잔구간,0.0,-1.3,2026-09-02
NOK,0.9,9.84,49178881,52707718,483.92,591.26,0.8,0.5,-1.4,중립,음봉,잔구간,0.45,-0.38,2026-09-02
NNBR,0.9,3.4,1089935,1174117,3.71,5.18,0.7,0.6,1.5,매수관심,양봉,완만한상승,0.65,1.78,2026-09-02
NMFC,0.9,7.45,361225,390139,2.69,2.81,1.0,0.3,-0.7,매도주의,음봉,전저점이탈,0.12,-1.91,2026-09-02
AURA,0.9,7.5,495494,546069,3.72,5.26,0.7,0.4,0.5,중립,팽이도지,잔구간,0.75,0.15,2026-09-02
ASPN,0.9,4.92,695284,803299,3.42,3.92,0.9,-0.6,2.3,강한매수,장대양봉,완만한상승,0.86,3.33,2026-09-02
ASLE,0.9,5.47,441938,484593,2.42,2.53,1.0,0.2,0.2,중립,위꼬리양봉,잔구간,0.29,-0.625,2026-09-02
VNDA,0.9,5.53,621095,681083,3.43,4.04,0.9,-0.4,2.4,강한매수,양봉,전고점돌파,0.58,2.3,2026-09-02
BAK,0.9,1.97,4019180,4242584,7.92,6.36,1.2,2.4,16.6,강한매수,장대양봉,전고점돌파,0.9,3.98,2026-09-02
AVR,0.9,8.59,470425,546308,4.04,6.52,0.6,0.6,1.1,중립,위꼬리양봉,완만한상승,0.26,-0.39,2026-09-02
AVPT,0.9,13.35,1362897,1441120,18.19,21.03,0.9,0.0,-1.1,중립,음봉,잔구간,0.46,-0.375,2026-09-02
BDN,0.9,3.03,1442247,1611105,4.37,5.13,0.9,0.7,0.7,중립,팽이도지,잔구간,0.62,0.07,2026-09-02
BCAT,0.9,15.9,413578,438724,6.58,8.29,0.8,0.3,0.3,매수관심,양봉,완만한상승,0.79,1.95,2026-09-02
VITL,0.9,10.12,1193115,1277986,12.07,13.99,0.9,-0.4,-0.5,매도주의,위꼬리음봉,전저점부근,0.1,-1.23,2026-09-02
VISN,0.9,6.47,10137189,10781362,65.59,103.72,0.6,-0.3,4.4,강한매수,장대양봉,완만한상승,0.75,3.2,2026-09-02
VIPS,0.9,13.02,3343978,3679435,43.54,55.59,0.8,0.0,-0.6,매도주의,위꼬리음봉,잔구간,0.04,-1.025,2026-09-02
BILI,0.9,15.45,2901042,3389268,44.82,57.14,0.8,-1.7,-0.5,매도주의,음봉,전저점이탈,0.22,-1.79,2026-09-02
MSTY,0.9,14.4,1634336,1737652,23.53,36.58,0.6,-1.0,-0.2,매수관심,팽이도지,전저점부근,0.58,0.85,2026-09-02
PDYN,0.9,5.45,647307,725893,3.53,4.41,0.8,0.4,0.0,강한매수,양봉스프링,완만한상승,0.76,2.71,2026-09-02
NBIZ,0.9,7.62,4583697,4939411,34.93,66.39,0.5,4.1,-8.2,매도주의,장대음봉,잔구간,0.13,-1.22,2026-09-02
NBIG,0.9,14.25,1436657,1522662,20.47,33.63,0.6,-3.7,8.7,매수관심,장대양봉,잔구간,0.91,1.245,2026-09-02
NEXT,0.9,7.44,2057764,2230884,15.31,18.11,0.8,-1.3,-1.1,중립,음봉,잔구간,0.17,-0.55,2026-09-02
BGS,0.9,3.45,1630936,1827379,5.63,6.28,0.9,0.3,-1.4,중립,음봉,잔구간,0.12,-0.58,2026-09-02
BEZ,0.9,10.11,833789,915089,8.43,10.87,0.8,3.3,-6.5,중립,음봉,잔구간,0.05,-0.62,2026-09-02
UWMC,0.9,1.45,11500098,12200303,16.68,17.09,1.0,0.0,5.8,강한매수,장대양봉,완만한상승,0.75,3.2,2026-09-02
UUUG,0.9,4.512,328947,383586,1.48,1.88,0.8,0.0,0.5,중립,팽이도지,완만한상승,0.35,0.72,2026-09-02
BMNZ,0.9,6.82,3474787,3913813,23.7,24.59,1.0,1.9,0.0,중립,팽이도지,잔구간,0.62,0.07,2026-09-02
BLND,0.9,1.51,1383364,1607436,2.09,2.8,0.7,-0.6,-1.9,매도주의,장대음봉,잔구간,0.2,-1.18,2026-09-02
UPBD,0.9,18.8,700786,754652,13.17,14.9,0.9,0.6,1.5,매수관심,양봉,완만한상승,0.52,1.62,2026-09-02
UNIT,0.9,9.85,1652117,1939774,16.27,16.32,1.0,0.6,0.4,중립,팽이도지,잔구간,0.57,0.04,2026-09-02
UMC,0.9,19.97,8757490,9612627,174.89,226.97,0.8,-4.5,2.2,매수관심,장대양봉,잔구간,0.75,1.15,2026-09-02
UIS,0.9,2.61,449839,497497,1.17,1.51,0.8,1.5,-0.8,매도주의,위꼬리음봉,완만한상승,0.1,-1.08,2026-09-02
UEC,0.9,11.62,8738831,9496706,101.55,121.67,0.8,0.3,-0.1,중립,팽이도지,잔구간,0.39,-0.065,2026-09-02
UAA,0.9,5.15,6062742,6504772,31.22,36.9,0.8,0.8,3.8,매수관심,장대양봉,잔구간,0.92,1.25,2026-09-02
BRCB,0.9,9.54,319604,357385,3.05,3.46,0.9,-0.2,2.6,중립,양봉,잔구간,0.5,0.35,2026-09-02
BRBR,0.9,10.72,2347990,2733314,25.17,30.36,0.8,0.6,3.4,강한매수,장대양봉,완만한상승,0.65,3.08,2026-09-02
BUYW,0.9,14.56,348363,409714,5.07,5.62,0.9,0.0,-0.1,중립,음봉,잔구간,0.5,-0.35,2026-09-02
PMT,0.9,9.51,889128,949519,8.46,11.03,0.8,1.1,1.8,강한매수,양봉,전고점돌파,0.62,2.34,2026-09-02
MYGN,0.9,3.23,1351143,1486365,4.36,5.43,0.8,-0.6,2.2,매수관심,양봉,완만한상승,0.37,1.44,2026-09-02
MVIS,0.9,1.65,805458,932438,1.33,2.55,0.5,0.6,-4.6,강한매도,장대음봉,전저점이탈,0.09,-3.24,2026-09-02
MUD,0.9,10.45,3813715,4081147,39.85,56.24,0.7,0.2,-2.6,매도주의,장대음봉,잔구간,0.09,-1.245,2026-09-02
BTGO,0.9,7.07,1362740,1443445,9.63,13.26,0.7,-0.3,2.3,강한매수,양봉,완만한상승,0.88,2.06,2026-09-02
BTDR,0.9,10.74,9737181,11327689,104.58,159.25,0.7,0.5,3.3,매수관심,양봉,완만한상승,0.75,1.9,2026-09-02
BTBT,0.9,1.39,21973219,25126972,30.54,56.33,0.5,0.0,3.7,매수관심,양봉,완만한상승,0.8,1.96,2026-09-02
TSLG,0.9,4.65,52482929,56105637,244.05,238.24,1.0,2.4,-2.1,중립,음봉,완만한상승,0.64,0.37,2026-09-02
BZAI,0.9,0.477,2266959,2432487,1.08,1.59,0.7,-1.5,5.9,강한매수,장대양봉,완만한상승,0.92,3.4,2026-09-02
LUNR,0.9,14.86,4524096,5061466,67.23,109.22,0.6,0.8,0.1,중립,팽이도지,잔구간,0.34,-0.095,2026-09-02
PRTH,0.9,5.39,348934,381989,1.88,2.11,0.9,0.2,2.5,중립,양봉,잔구간,0.71,0.475,2026-09-02
POET,0.9,7.29,5655978,6588081,41.23,56.59,0.7,0.4,2.2,강한매수,양봉,완만한상승,0.96,2.15,2026-09-02
MFA,0.9,8.82,1219716,1324696,10.76,12.72,0.8,0.6,1.0,매수관심,장대양봉,잔구간,0.86,1.215,2026-09-02
MATV,0.9,12.48,520817,561647,6.5,7.39,0.9,0.4,3.1,매수관심,장대양봉,잔구간,0.7,1.12,2026-09-02
MAT,0.9,14.64,2476935,2730164,36.26,46.71,0.8,0.1,0.3,중립,위꼬리양봉,잔구간,0.3,-0.62,2026-09-02
MNTS,0.9,4.2,489774,555216,2.06,2.72,0.8,0.2,2.9,강한매수,장대양봉,완만한상승,0.6,3.02,2026-09-02
TRX,0.9,1.17,2877350,3162370,3.37,3.64,0.9,2.8,4.5,매수관심,장대양봉,잔구간,0.93,1.26,2026-09-02
TRVI,0.9,17.05,1350083,1551858,23.02,26.47,0.9,0.0,2.9,중립,양봉,잔구간,0.93,0.61,2026-09-02
CIM,0.9,11.48,585855,688881,6.73,8.47,0.8,1.1,0.5,중립,양봉,잔구간,0.84,0.555,2026-09-02
TLRY,0.9,4.52,3219741,3431206,14.55,17.2,0.8,-0.7,1.1,중립,위꼬리양봉,잔구간,0.29,-0.625,2026-09-02
TKC,0.9,5.08,1827364,2026809,9.28,12.17,0.8,1.0,0.2,중립,위꼬리양봉,완만한상승,0.33,-0.3,2026-09-02
CMRC,0.9,2.48,889143,972073,2.21,3.02,0.7,0.0,5.1,강한매수,장대양봉,완만한상승,0.81,3.27,2026-09-02
COTY,0.9,2.9,5868029,6663361,17.02,24.41,0.7,-0.4,2.5,강한매수,양봉,전고점돌파,0.47,2.16,2026-09-02
COLD,0.9,14.59,2996079,3407604,43.71,51.1,0.9,0.1,-1.2,강한매도,장대음봉,전저점이탈,0.3,-2.99,2026-09-02
TDAY,0.9,6.3,2040804,2297411,12.86,16.63,0.8,0.6,1.3,중립,위꼬리양봉,수횡파,0.39,-0.53,2026-09-02
TBCH,0.9,12.47,336192,377637,4.19,5.89,0.7,0.0,3.5,강한매수,장대양봉,완만한상승,0.72,3.16,2026-09-02
CRBU,0.9,1.6,770671,871229,1.23,1.63,0.8,0.0,3.2,강한매수,장대양봉,완만한상승,0.67,3.1,2026-09-02
LSPD,0.9,10.41,550927,602338,5.74,6.87,0.8,-0.2,2.8,매수관심,장대양봉,잔구간,0.8,1.18,2026-09-02
LYG,0.9,5.98,8365929,9795735,50.03,66.64,0.8,0.8,0.3,매수관심,양봉,완만한상승,0.82,1.98,2026-09-02
LYFT,0.9,17.35,8989887,10077376,155.97,174.34,0.9,0.3,3.2,매수관심,장대양봉,잔구간,0.88,1.23,2026-09-02
CURI,0.9,2.92,1168617,1328828,3.41,3.19,1.1,1.3,3.4,강한매수,장대양봉,완만한상승,0.93,3.42,2026-09-02
CTKB,0.9,4.69,564629,640389,2.65,3.57,0.7,0.9,0.6,매수관심,팽이도지,완만한상승,0.55,0.96,2026-09-02
CSIQ,0.9,13.36,2552469,2692920,34.1,30.85,1.1,0.1,5.4,매수관심,장대양봉,잔구간,0.95,1.27,2026-09-02
CRSR,0.9,12.1,1071388,1201567,12.96,16.23,0.8,1.4,2.7,강한매수,장대양봉,완만한상승,0.9,3.38,2026-09-02
SWBI,0.9,12.78,453525,494669,5.8,7.48,0.8,0.1,0.0,중립,팽이도지,잔구간,0.28,-0.13,2026-09-02
CWVX,0.9,13.81,540158,621348,7.46,11.96,0.6,-4.5,2.3,중립,양봉,잔구간,0.48,0.34,2026-09-02
STTK,0.9,6.91,583527,631377,4.03,5.86,0.7,0.6,0.0,중립,팽이도지,잔구간,0.27,-0.14,2026-09-02
DEC,0.9,15.25,644528,719644,9.83,11.54,0.9,-0.8,0.1,중립,위꼬리양봉,잔구간,0.28,-0.63,2026-09-02
SPT,0.9,11.34,1408130,1514291,15.97,14.8,1.1,-0.7,-0.4,매도주의,위꼬리음봉,잔구간,0.11,-0.985,2026-09-02
SPRY,0.9,5.82,1196978,1274633,6.97,8.75,0.8,1.6,-0.7,중립,팽이도지,완만한상승,0.29,0.65,2026-09-02
SPCG,0.9,18.13,743838,818737,13.49,27.41,0.5,-0.9,3.1,중립,양봉,잔구간,0.49,0.345,2026-09-02
ECVT,0.9,10.37,1126156,1227688,11.68,13.44,0.9,-0.4,3.1,강한매수,장대양봉,전고점돌파,0.77,3.82,2026-09-02
EBS,0.9,6.46,1034061,1204974,6.68,6.95,1.0,0.2,3.7,강한매수,장대양봉,전고점돌파,0.85,3.92,2026-09-02
KVYO,0.9,19.31,6224580,6583583,120.2,105.03,1.1,-2.3,-4.3,중립,음봉,잔구간,0.02,-0.64,2026-09-02
KVUE,0.9,19.13,19692893,21087916,376.73,391.19,1.0,0.1,2.0,매수관심,장대양봉,잔구간,0.97,1.28,2026-09-02
KURA,0.9,13.11,1884835,2167677,24.71,34.06,0.7,0.0,1.7,매수관심,양봉,완만한상승,0.6,1.72,2026-09-02
QID,0.9,14.54,29921297,32264438,435.06,446.63,1.0,0.2,-0.6,중립,음봉,잔구간,0.16,-0.555,2026-09-02
QDEL,0.9,13.95,834462,967948,11.64,19.52,0.6,-0.6,2.0,중립,양봉,잔구간,0.46,0.325,2026-09-02
EMBC,0.9,5.69,1301665,1380492,7.41,7.45,1.0,0.4,8.0,강한매수,장대양봉,전고점돌파,0.99,4.09,2026-09-02
ELVA,0.9,6.47,472539,504109,3.06,3.74,0.8,0.8,-1.8,매도주의,장대음봉,잔구간,0.33,-1.1,2026-09-02
EIDO,0.9,13.0,705289,786090,9.17,12.65,0.7,0.2,0.4,강한매수,장대양봉,전고점부근,1.0,2.15,2026-09-02
SOUN,0.9,6.78,23951918,25518649,162.39,177.66,0.9,-0.6,-0.4,매도주의,위꼬리음봉,잔구간,0.17,-0.95,2026-09-02
SNDL,0.9,1.42,965887,1028874,1.37,1.88,0.7,0.0,4.4,강한매수,장대양봉,전고점돌파,1.0,4.1,2026-09-02
SNDG,0.9,8.74,6200416,6754207,54.19,57.87,0.9,-0.7,3.1,매수관심,양봉,수횡파,0.59,1.41,2026-09-02
SMWB,0.9,8.76,613569,678519,5.37,7.38,0.7,2.4,-2.6,중립,음봉,잔구간,0.23,-0.51,2026-09-02
SLI,0.9,2.41,1773343,1923768,4.27,4.87,0.9,0.0,-3.2,중립,음봉,잔구간,0.09,-0.595,2026-09-02
EU,0.9,1.22,3251079,3503632,3.97,4.25,0.9,0.8,1.7,매수관심,양봉스프링,잔구간,0.75,0.9,2026-09-02
JOBY,0.9,6.82,20179705,22108919,137.63,172.0,0.8,0.4,1.6,중립,양봉,잔구간,0.68,0.46,2026-09-02
JKS,0.9,12.46,882281,1009828,10.99,12.67,0.9,0.0,0.1,중립,팽이도지,잔구간,0.51,0.005,2026-09-02
JBS,0.9,13.54,4130828,4505748,55.93,73.43,0.8,1.4,-0.4,매도주의,위꼬리음봉,잔구간,0.03,-1.03,2026-09-02
QXO,0.9,13.22,10471189,11460707,138.43,173.93,0.8,-0.5,3.1,매수관심,장대양봉,잔구간,0.81,1.185,2026-09-02
KRNY,0.9,10.04,720592,770867,7.23,8.05,0.9,0.3,2.4,강한매수,장대양봉,완만한상승,0.92,3.4,2026-09-02
FMNB,0.9,15.73,323143,367164,5.08,5.79,0.9,0.3,2.0,매수관심,장대양봉,잔구간,0.93,1.26,2026-09-02
FIP,0.9,3.38,972074,1059471,3.29,3.62,0.9,-0.6,0.6,중립,위꼬리양봉,잔구간,0.37,-0.58,2026-09-02
SKHZ,0.9,11.07,1096225,1163964,12.14,20.08,0.6,0.4,-3.1,매도주의,장대음봉,전저점부근,0.08,-1.75,2026-09-02
SKHL,0.9,9.09,863629,1003774,7.85,11.66,0.7,-1.5,6.7,강한매수,장대양봉,전고점부근,0.93,2.07,2026-09-02
SKDD,0.9,9.75,2839555,3194472,27.69,53.67,0.5,1.5,-6.5,매도주의,장대음봉,전저점부근,0.07,-1.77,2026-09-02
SIGA,0.9,3.21,663248,732386,2.13,2.48,0.9,0.0,-0.9,중립,음봉,잔구간,0.37,-0.43,2026-09-02
SERV,0.9,4.87,2921086,3429726,14.23,20.1,0.7,-0.9,4.7,강한매수,장대양봉,완만한상승,0.78,3.24,2026-09-02
GDXY,0.9,11.28,1018028,1117241,11.48,13.88,0.8,2.3,0.7,중립,양봉,잔구간,0.48,0.34,2026-09-02
GAU,0.9,2.26,2814855,3127269,6.36,6.93,0.9,2.3,2.7,매수관심,장대양봉,잔구간,0.78,1.17,2026-09-02
GLWG,0.9,12.262,379584,441980,4.65,7.89,0.6,-2.3,0.6,중립,위꼬리양봉,잔구간,0.26,-0.645,2026-09-02
SATL,0.9,4.73,3273546,3612150,15.48,20.47,0.8,-0.7,3.5,강한매수,장대양봉,완만한상승,0.67,3.1,2026-09-02
GOGO,0.9,2.53,2305305,2482236,5.83,6.44,0.9,-1.6,0.8,중립,위꼬리양봉,잔구간,0.22,-0.67,2026-09-02
JBGS,0.9,11.93,737297,837371,8.8,9.81,0.9,0.6,0.8,중립,팽이도지,잔구간,0.74,0.145,2026-09-02
IVA,0.9,4.86,811199,902529,3.94,3.49,1.1,3.1,-1.2,중립,팽이도지,완만한상승,0.38,0.76,2026-09-02
RIOT,0.9,18.635,13897628,15170783,258.98,342.46,0.8,-0.8,5.6,강한매수,장대양봉,완만한상승,0.83,3.3,2026-09-02
RERE,0.9,4.21,934395,1037268,3.93,6.77,0.6,-0.2,1.9,중립,양봉,전고점부근,0.75,0.55,2026-09-02
REAL,0.9,10.1,2072897,2234302,20.94,32.99,0.6,1.1,-0.2,중립,팽이도지,잔구간,0.52,0.01,2026-09-02
KDK,0.9,3.57,814518,953504,2.91,3.52,0.8,0.0,2.0,매수관심,장대양봉,잔구간,0.73,1.14,2026-09-02
HBAN,0.9,16.88,19790984,22390518,334.07,367.89,0.9,0.7,2.1,매수관심,장대양봉,잔구간,0.72,1.13,2026-09-02
RXST,0.9,7.03,778866,826162,5.48,5.87,0.9,-0.4,1.0,중립,위꼬리양봉,완만한상승,0.28,-0.36,2026-09-02
RQI,0.9,12.11,460274,533586,5.57,6.66,0.8,0.0,-0.4,중립,망치형,잔구간,0.69,0.615,2026-09-02
HNST,0.9,5.72,2376815,2654481,13.6,13.13,1.0,-0.7,2.3,매수관심,양봉,완만한상승,0.65,1.78,2026-09-02
HLIT,0.9,11.79,1054142,1111718,12.43,16.32,0.8,0.2,0.4,매수관심,양봉스프링,잔구간,0.91,0.995,2026-09-02
HYLN,0.9,3.56,1752878,1865065,6.24,7.7,0.8,0.3,3.8,강한매수,양봉,완만한상승,0.83,2.0,2026-09-02
HUYA,0.9,2.08,904640,1032518,1.88,4.09,0.5,0.5,-1.4,중립,음봉,전저점부근,0.0,-0.55,2026-09-02
HUMA,0.9,0.597,5178828,5799501,3.09,5.98,0.5,0.1,4.5,매수관심,장대양봉,잔구간,0.65,1.09,2026-09-02
RIVN,0.9,15.61,15350416,17811670,239.62,370.56,0.6,0.1,0.4,중립,팽이도지,잔구간,0.53,0.02,2026-09-02
IE,0.9,10.09,1562190,1712014,15.76,21.12,0.7,1.5,-0.9,매도주의,위꼬리음봉,잔구간,0.09,-0.995,2026-09-02
INTR,0.9,5.88,3218443,3420428,18.92,22.38,0.8,2.2,2.9,강한매수,장대양봉,전고점돌파,0.73,3.78,2026-09-02
XE,0.9,18.1,5257055,5974382,95.15,104.27,0.9,-0.1,-1.6,중립,음봉,잔구간,0.52,-0.34,2026-09-02
ADNT,0.9,19.24,711493,830620,13.69,15.97,0.9,1.0,4.4,매수관심,장대양봉,잔구간,0.74,1.145,2026-09-02
ADBG,0.9,5.21,1591406,1796696,8.29,12.27,0.7,-1.3,-3.2,중립,음봉,잔구간,0.03,-0.63,2026-09-02
ADAM,0.9,9.61,580753,678915,5.58,7.51,0.7,0.0,0.0,중립,팽이도지,잔구간,0.47,-0.02,2026-09-02
ACHV,0.9,8.48,1044380,1191222,8.86,12.09,0.7,0.2,2.5,강한매수,장대양봉,전고점돌파,0.85,3.92,2026-09-02
ACCO,0.9,4.33,676053,719065,2.93,3.0,1.0,0.7,1.2,중립,위꼬리양봉,완만한상승,0.35,-0.28,2026-09-02
ABEV,0.9,2.99,27257407,29058420,81.5,111.95,0.7,1.0,2.4,강한매수,장대양봉,전고점돌파,0.64,3.67,2026-09-02
ONT,0.8,17.33,433582,555926,7.51,10.64,0.7,-0.8,5.6,강한매수,장대양봉,전고점돌파,0.81,3.87,2026-09-02
AAL,0.8,13.11,53011841,66147046,694.99,934.66,0.7,1.9,-0.7,중립,음봉,잔구간,0.19,-0.535,2026-09-02
OPEN,0.8,3.09,22509594,27124370,69.55,97.22,0.7,0.3,1.3,중립,양봉,잔구간,0.7,0.47,2026-09-02
AAOG,0.8,2.315,1524844,1888030,3.53,8.38,0.4,-1.3,0.7,중립,팽이도지,잔구간,0.61,0.065,2026-09-02
AIRJ,0.8,4.43,825205,1011872,3.66,5.97,0.6,0.0,1.6,중립,양봉,잔구간,0.53,0.37,2026-09-02
ALMU,0.8,12.85,369384,456216,4.75,7.0,0.7,1.4,1.7,중립,양봉,잔구간,0.43,0.31,2026-09-02
WULF,0.8,14.82,22199912,26757981,329.0,464.83,0.7,-1.3,2.5,중립,양봉,잔구간,0.67,0.45,2026-09-02
AAOX,0.8,10.42,3958116,5243085,41.24,107.63,0.4,-1.8,1.6,중립,팽이도지,잔구간,0.62,0.07,2026-09-02
YMM,0.8,8.63,6028150,7586144,52.02,85.48,0.6,-0.2,1.6,매수관심,양봉,완만한상승,0.39,1.47,2026-09-02
URG,0.8,1.36,4408866,5360538,6.0,8.78,0.7,0.7,0.7,중립,위꼬리양봉,완만한상승,0.33,-0.3,2026-09-02
UROY,0.8,4.29,1737696,2191953,7.45,9.24,0.8,1.0,2.6,중립,양봉,잔구간,0.82,0.54,2026-09-02
USAS,0.8,5.43,3717980,4730893,20.19,29.23,0.7,2.8,4.6,매수관심,장대양봉,잔구간,0.8,1.18,2026-09-02
NB,0.8,4.14,2115842,2680647,8.76,12.83,0.7,0.9,2.6,매수관심,양봉,완만한상승,0.79,1.95,2026-09-02
IONZ,0.8,3.07,8716456,10571183,26.76,29.94,0.9,2.3,-1.3,중립,팽이도지,전고점부근,0.39,-0.58,2026-09-02
IMSR,0.8,5.09,831757,1064104,4.23,5.66,0.7,-0.8,3.0,강한매수,장대양봉,완만한상승,0.83,3.3,2026-09-02
RLAY,0.8,18.51,2107874,2753564,39.02,51.94,0.8,1.1,-1.0,매도주의,위꼬리음봉,잔구간,0.22,-0.92,2026-09-02
HTGC,0.8,17.71,1222474,1447219,21.65,30.17,0.7,0.2,0.1,매수관심,팽이도지,완만한상승,0.48,0.88,2026-09-02
HUN,0.8,9.71,1905026,2273017,18.5,21.05,0.9,0.4,3.0,강한매수,장대양봉,완만한상승,0.74,3.19,2026-09-02
IBRX,0.8,7.95,7228321,8713254,57.47,71.78,0.8,1.0,0.1,중립,팽이도지,완만한상승,0.37,0.74,2026-09-02
HLLY,0.8,2.93,648593,831175,1.9,2.65,0.7,0.0,2.1,매수관심,장대양봉,잔구간,0.6,1.06,2026-09-02
NEXA,0.8,13.34,657625,861215,8.77,14.27,0.6,1.2,0.5,중립,팽이도지,잔구간,0.5,0.0,2026-09-02
RUM,0.8,8.8,3363015,4205861,29.59,42.65,0.7,-0.2,3.4,중립,양봉,잔구간,0.61,0.415,2026-09-02
RWAY,0.8,6.67,345507,408848,2.3,3.2,0.7,0.0,0.9,매수관심,양봉,완만한상승,0.55,1.66,2026-09-02
RYAM,0.8,8.59,612745,732214,5.26,6.7,0.8,0.5,2.6,매수관심,양봉,완만한상승,0.57,1.68,2026-09-02
JQC,0.8,4.75,585675,705566,2.78,3.09,0.9,-0.2,-0.4,매도주의,장대음봉,잔구간,0.0,-1.3,2026-09-02
KD,0.8,13.09,2399933,3151178,31.42,48.17,0.7,-0.9,0.7,중립,위꼬리양봉,잔구간,0.26,-0.645,2026-09-02
RGTI,0.8,14.87,11959888,14091421,177.84,272.47,0.7,-1.1,0.3,매수관심,팽이도지,전저점부근,0.6,0.87,2026-09-02
RILY,0.8,6.97,403413,480290,2.81,3.63,0.8,0.7,2.5,중립,양봉,잔구간,0.93,0.61,2026-09-02
IRT,0.8,16.32,1885392,2508309,30.77,31.99,1.0,0.6,-0.2,중립,팽이도지,잔구간,0.59,0.055,2026-09-02
INDI,0.8,3.57,3421124,4088326,12.21,22.16,0.6,0.0,0.6,중립,팽이도지,잔구간,0.49,-0.005,2026-09-02
INFY,0.8,11.97,11007756,13076471,131.76,171.73,0.8,0.4,-0.7,중립,음봉,잔구간,0.24,-0.505,2026-09-02
PFLT,0.8,7.43,570103,759101,4.24,5.45,0.8,0.7,-0.1,중립,팽이도지,수횡파,0.5,0.6,2026-09-02
PLUG,0.8,2.09,40554797,48879560,84.76,120.67,0.7,-0.7,0.7,중립,위꼬리양봉,잔구간,0.37,-0.58,2026-09-02
MFIC,0.8,9.67,354784,461403,3.43,5.06,0.7,0.0,0.1,중립,팽이도지,잔구간,0.38,-0.07,2026-09-02
MGTX,0.8,14.06,629371,798102,8.85,11.87,0.7,2.0,-2.9,중립,음봉,잔구간,0.34,-0.445,2026-09-02
UMH,0.8,16.06,707045,885174,11.36,13.25,0.9,0.3,-1.2,강한매도,장대음봉,전저점이탈,0.16,-3.16,2026-09-02
BOBS,0.8,16.54,463302,605774,7.66,10.63,0.7,0.4,1.0,중립,양봉,잔구간,0.43,0.31,2026-09-02
UPXI,0.8,0.96,3411511,4451504,3.28,5.52,0.6,-3.8,-4.0,강한매도,음봉,전저점이탈,0.0,-2.05,2026-09-02
TU,0.8,9.57,4587381,5422849,43.9,52.58,0.8,0.3,-1.1,중립,음봉,잔구간,0.09,-0.595,2026-09-02
BSOL,0.8,13.64,3188662,3969085,43.49,70.95,0.6,-1.6,1.1,매수관심,장대양봉,잔구간,0.8,1.18,2026-09-02
BTCZ,0.8,3.585,10765958,14271467,38.6,53.6,0.7,1.1,-1.2,중립,음봉,잔구간,0.25,-0.5,2026-09-02
MVST,0.8,0.694,5501705,7061676,3.82,5.66,0.7,-1.0,1.5,중립,위꼬리양봉,잔구간,0.32,-0.61,2026-09-02
MPT,0.8,4.06,5947691,7660528,24.15,30.45,0.8,1.2,-0.5,중립,팽이도지,잔구간,0.33,-0.1,2026-09-02
MSFD,0.8,10.37,1052779,1352815,10.92,12.11,0.9,0.4,0.6,중립,양봉,잔구간,0.54,0.375,2026-09-02
PHK,0.8,4.51,608735,725289,2.75,3.12,0.9,0.2,-0.4,매도주의,장대음봉,잔구간,0.33,-1.1,2026-09-02
SIDU,0.8,2.15,2150100,2713066,4.62,6.9,0.7,-0.5,1.9,중립,양봉,잔구간,0.57,0.39,2026-09-02
GRPN,0.8,18.83,782517,937774,14.73,19.64,0.8,1.1,0.9,중립,위꼬리양봉,잔구간,0.43,-0.54,2026-09-02
GTM,0.8,4.09,4286196,5297265,17.53,20.24,0.9,-1.5,0.7,중립,위꼬리양봉,잔구간,0.24,-0.655,2026-09-02
RZLT,0.8,4.56,857320,1052800,3.91,8.28,0.5,0.0,1.3,매수관심,양봉,완만한상승,0.72,1.86,2026-09-02
SAN,0.8,14.75,8678040,11227022,128.0,310.48,0.4,2.2,0.3,중립,양봉,잔구간,0.95,0.62,2026-09-02
SBET,0.8,8.1,6191176,7813640,50.15,91.2,0.5,-1.7,1.1,중립,팽이도지,잔구간,0.56,0.035,2026-09-02
FWDI,0.8,6.26,2101282,2517255,13.15,15.17,0.9,-1.3,2.1,강한매수,양봉스프링,완만한상승,0.89,2.87,2026-09-02
TRTX,0.8,7.8,533555,666040,4.16,6.76,0.6,0.8,0.8,중립,양봉,잔구간,0.75,0.5,2026-09-02
CCC,0.8,7.18,4738701,5912832,34.02,60.14,0.6,1.4,-2.2,매도주의,장대음봉,전저점부근,0.23,-1.57,2026-09-02
CCXI,0.8,13.26,932823,1227405,12.37,28.73,0.4,1.3,0.3,중립,위꼬리양봉,잔구간,0.25,-0.65,2026-09-02
MLCO,0.8,5.18,1415533,1758211,7.33,7.86,0.9,-0.4,2.6,매수관심,장대양봉,잔구간,0.7,1.12,2026-09-02
PPLT,0.8,15.98,2428028,2935417,38.8,60.62,0.6,0.9,0.3,중립,팽이도지,잔구간,0.54,0.025,2026-09-02
PSEC,0.8,2.23,3043379,3935530,6.79,9.92,0.7,0.5,0.5,중립,위꼬리양봉,잔구간,0.4,-0.56,2026-09-02
RC,0.8,1.75,861228,1058262,1.51,1.94,0.8,0.0,3.6,매수관심,장대양봉,잔구간,0.75,1.15,2026-09-02
RCKT,0.8,3.86,1164989,1431168,4.5,5.55,0.8,-0.5,4.0,강한매수,장대양봉,완만한상승,0.61,3.03,2026-09-02
JBLU,0.8,4.64,18943986,22769559,87.9,108.16,0.8,1.5,2.3,중립,양봉,잔구간,0.66,0.445,2026-09-02
FIGS,0.8,15.0,1737097,2091250,26.06,32.96,0.8,0.1,-1.8,중립,음봉,잔구간,0.11,-0.585,2026-09-02
GDXD,0.8,17.36,3669114,4536970,63.7,79.06,0.8,-7.6,-2.8,중립,음봉,잔구간,0.49,-0.355,2026-09-02
GDYN,0.8,7.85,678325,903277,5.32,8.85,0.6,-0.9,0.9,중립,위꼬리양봉,완만한상승,0.48,-0.12,2026-09-02
SG,0.8,6.73,3821958,4589364,25.72,33.79,0.8,-0.5,4.6,매수관심,장대양봉,잔구간,0.78,1.17,2026-09-02
SGRY,0.8,13.98,2212877,2785897,30.94,44.15,0.7,-0.1,-4.1,매도주의,장대음봉,잔구간,0.09,-1.245,2026-09-02
SHC,0.8,18.96,1460162,1767451,27.68,39.7,0.7,0.2,1.3,매수관심,장대양봉,잔구간,0.77,1.16,2026-09-02
FRSH,0.8,13.19,2921829,3871855,38.54,56.01,0.7,-0.4,-1.6,매도주의,장대음봉,잔구간,0.07,-1.26,2026-09-02
FSK,0.8,12.25,1074885,1426239,13.17,18.08,0.7,-0.1,-0.1,중립,팽이도지,잔구간,0.38,-0.07,2026-09-02
FSM,0.8,12.26,4797728,5898896,58.82,74.96,0.8,2.8,1.5,중립,양봉,잔구간,0.63,0.43,2026-09-02
FTCA,0.8,7.14,301579,380068,2.15,2.09,1.0,-0.1,0.1,매수관심,양봉,완만한상승,0.5,1.6,2026-09-02
FTRE,0.8,18.36,902449,1163606,16.57,19.87,0.8,1.1,2.5,중립,양봉,잔구간,0.46,0.325,2026-09-02
ENVX,0.8,3.33,3546435,4605768,11.81,22.1,0.5,-0.6,0.0,중립,팽이도지,잔구간,0.33,-0.1,2026-09-02
EQX,0.8,12.63,9676661,11954153,122.22,181.44,0.7,3.0,0.7,중립,위꼬리양봉,잔구간,0.37,-0.58,2026-09-02
SNAP,0.8,5.59,30326717,36710833,169.53,208.02,0.8,-0.9,5.5,강한매수,장대양봉,완만한상승,0.73,3.18,2026-09-02
SNK,0.8,17.55,1584733,2006800,27.81,49.58,0.6,-0.9,3.1,중립,양봉,잔구간,0.5,0.35,2026-09-02
FPEI,0.8,18.97,336717,443589,6.39,11.76,0.5,0.1,-0.1,중립,음봉,잔구간,0.6,-0.29,2026-09-02
KLAR,0.8,14.55,4927098,6363439,71.69,130.16,0.6,-0.2,2.3,강한매수,장대양봉,완만한상승,0.92,3.4,2026-09-02
KLRA,0.8,15.85,737265,964643,11.69,15.64,0.7,-0.1,-3.3,중립,음봉,잔구간,0.21,-0.525,2026-09-02
BHVN,0.8,15.69,2679470,3184157,42.04,66.19,0.6,1.5,-1.8,중립,팽이도지,잔구간,0.42,-0.05,2026-09-02
BITO,0.8,10.4,65497458,84574993,681.17,1047.14,0.7,-0.5,0.7,매수관심,양봉,완만한상승,0.71,1.85,2026-09-02
BITU,0.8,13.31,3275476,3906481,43.6,94.72,0.5,-1.0,1.1,매수관심,양봉,완만한상승,0.73,1.88,2026-09-02
VET,0.8,13.17,1007311,1313866,13.27,18.09,0.7,-1.3,1.2,중립,양봉,잔구간,0.52,0.36,2026-09-02
VFF,0.8,2.89,641472,840896,1.85,2.47,0.8,1.1,0.7,중립,위꼬리양봉,완만한상승,0.36,-0.27,2026-09-02
VIV,0.8,11.82,996342,1275409,11.78,15.16,0.8,1.6,0.4,매수관심,팽이도지,전고점돌파,0.51,1.51,2026-09-02
BBAI,0.8,2.95,14109737,16779027,41.62,55.43,0.8,-0.7,0.7,중립,위꼬리양봉,완만한상승,0.26,-0.39,2026-09-02
BBDC,0.8,9.11,630900,782810,5.75,7.81,0.7,-3.0,1.0,매수관심,장대양봉,전저점이탈,0.79,1.6,2026-09-02
TGB,0.8,8.32,4521419,5527347,37.62,52.23,0.7,1.4,-2.8,강한매도,장대음봉,전저점이탈,0.11,-3.22,2026-09-02
TK,0.8,13.36,481030,569206,6.43,7.82,0.8,0.5,2.2,강한매수,양봉,완만한상승,0.88,2.06,2026-09-02
CERT,0.8,8.28,1525517,1886424,12.63,16.97,0.7,0.0,2.2,매수관심,양봉,완만한상승,0.57,1.68,2026-09-02
LBTYK,0.8,10.42,800153,1064032,8.34,12.84,0.6,0.6,0.1,중립,위꼬리양봉,완만한상승,0.09,-0.59,2026-09-02
LCID,0.8,4.71,9291556,11301436,43.76,67.55,0.6,-0.4,4.0,중립,양봉,잔구간,0.67,0.45,2026-09-02
QSI,0.8,0.761,1619343,1960833,1.23,2.5,0.5,0.2,0.3,중립,위꼬리양봉,잔구간,0.31,-0.615,2026-09-02
KT,0.8,19.65,928220,1157330,18.24,23.95,0.8,0.7,-0.8,중립,음봉,잔구간,0.51,-0.345,2026-09-02
SLS,0.8,14.16,6236338,7828189,88.31,126.35,0.7,0.4,6.7,매수관심,장대양봉,잔구간,0.85,1.21,2026-09-02
SMPL,0.8,11.28,1834703,2182890,20.7,22.08,0.9,0.3,-1.1,매도주의,위꼬리음봉,잔구간,0.04,-1.025,2026-09-02
CIFR,0.8,15.18,21544018,27187203,327.04,525.16,0.6,-1.9,5.9,강한매수,장대양봉,완만한상승,0.87,3.34,2026-09-02
TMQ,0.8,3.48,741668,919941,2.58,4.26,0.6,0.6,3.3,매수관심,장대양봉,잔구간,0.92,1.25,2026-09-02
TNXP,0.8,13.38,421419,527805,5.64,7.15,0.8,0.1,-4.4,매도주의,장대음봉,잔구간,0.02,-1.29,2026-09-02
TENX,0.8,1.85,3702049,4723461,6.85,14.45,0.5,0.6,2.2,중립,양봉,잔구간,1.0,0.65,2026-09-02
TFSL,0.8,17.47,623306,772616,10.89,15.08,0.7,0.3,0.2,중립,팽이도지,잔구간,0.58,0.05,2026-09-02
COHH,0.8,5.14,622989,733442,3.2,5.19,0.6,-2.8,0.2,중립,팽이도지,잔구간,0.59,0.055,2026-09-02
CORD,0.8,3.825,4384847,5596253,16.77,26.26,0.6,4.5,-2.2,중립,음봉,완만한상승,0.54,0.25,2026-09-02
ASTL,0.8,4.385,697615,835311,3.06,7.63,0.4,0.2,5.9,강한매수,장대양봉,완만한상승,0.87,3.34,2026-09-02
NUV,0.8,8.91,381785,503690,3.4,4.06,0.8,-0.1,-0.3,매도주의,장대음봉,잔구간,0.0,-1.3,2026-09-02
PCT,0.8,6.33,2112870,2615113,13.37,21.93,0.6,-0.5,1.1,매수관심,양봉,완만한상승,0.54,1.65,2026-09-02
NMR,0.8,10.25,502577,602171,5.15,6.6,0.8,-0.3,1.1,강한매수,장대양봉,완만한상승,0.85,3.32,2026-09-02
NNE,0.8,17.59,1357259,1678000,23.87,29.07,0.8,-0.2,0.9,매수관심,양봉,완만한상승,0.71,1.85,2026-09-02
NPWR,0.8,1.77,575096,707765,1.02,2.02,0.5,1.1,0.0,중립,팽이도지,잔구간,0.39,-0.065,2026-09-02
EGHT,0.8,1.84,1037681,1284971,1.91,2.34,0.8,1.1,-1.1,중립,팽이도지,잔구간,0.32,-0.11,2026-09-02
LAR,0.8,6.86,1235721,1619094,8.48,12.9,0.7,-0.2,3.6,매수관심,장대양봉,잔구간,0.83,1.2,2026-09-02
COUR,0.8,6.11,3939570,4878502,24.07,26.55,0.9,-0.3,-0.8,매도주의,위꼬리음봉,잔구간,0.07,-1.01,2026-09-02
CMCO,0.8,17.54,301105,391968,5.28,6.84,0.8,0.0,1.6,중립,양봉,잔구간,0.47,0.33,2026-09-02
PSNL,0.8,16.73,2227164,2935108,37.26,93.0,0.4,0.5,-2.4,매도주의,장대음봉,수횡파,0.04,-1.95,2026-09-02
PTLO,0.8,4.5,981243,1184164,4.42,5.45,0.8,0.9,1.1,중립,양봉,잔구간,0.48,0.34,2026-09-02
PTY,0.8,11.76,781501,993567,9.19,13.48,0.7,0.2,-0.4,매도주의,장대음봉,잔구간,0.0,-1.3,2026-09-02
PWP,0.8,16.39,640420,793951,10.5,13.65,0.8,-0.4,0.3,중립,위꼬리양봉,잔구간,0.31,-0.615,2026-09-02
LODE,0.8,3.25,703616,929176,2.29,2.98,0.8,0.0,-1.2,중립,팽이도지,잔구간,0.31,-0.115,2026-09-02
ECAT,0.8,15.24,403041,482569,6.14,6.4,1.0,-0.3,0.7,중립,양봉,잔구간,0.43,0.31,2026-09-02
DNN,0.8,3.22,21347312,25287736,68.74,103.06,0.7,1.6,-0.9,매도주의,위꼬리음봉,완만한상승,0.21,-0.95,2026-09-02
DRTS,0.8,14.33,372476,477595,5.34,10.92,0.5,2.0,0.6,중립,팽이도지,잔구간,0.59,0.055,2026-09-02
SPCH,0.8,9.0,16903366,20149250,152.13,195.03,0.8,0.7,-2.7,중립,음봉,잔구간,0.53,-0.33,2026-09-02
SPCM,0.8,15.46,316520,415288,4.89,8.44,0.6,0.8,-3.1,중립,음봉,잔구간,0.52,-0.34,2026-09-02
SPDN,0.8,8.56,24889409,29467855,213.05,254.28,0.8,0.0,-0.3,중립,음봉,잔구간,0.5,-0.35,2026-09-02
DC,0.8,6.06,959819,1278543,5.82,8.81,0.7,2.1,2.2,매수관심,양봉,완만한상승,0.75,1.9,2026-09-02
VNET,0.8,6.07,3685886,4537892,22.37,34.99,0.6,-1.0,-1.5,중립,음봉,잔구간,0.29,-0.475,2026-09-02
STLN,0.8,6.09,841679,1120106,5.13,7.78,0.7,-0.2,2.7,강한매수,장대양봉,완만한상승,0.83,3.3,2026-09-02
DAMD,0.8,1.74,21998236,28487143,38.28,47.19,0.8,0.6,0.6,매수관심,팽이도지,완만한상승,0.5,0.9,2026-09-02
SVC,0.8,7.66,1109074,1393272,8.5,11.58,0.7,0.9,-1.0,중립,음봉,잔구간,0.16,-0.555,2026-09-02
SVM,0.8,12.78,1956904,2416885,25.01,34.11,0.7,2.6,4.7,강한매수,장대양봉,완만한상승,0.94,3.43,2026-09-02
SVRA,0.8,5.46,1216894,1562866,6.64,9.5,0.7,2.2,-0.2,매수관심,팽이도지,완만한상승,0.49,0.89,2026-09-02
CRNC,0.8,8.51,528071,650947,4.49,5.91,0.8,0.5,0.6,매수관심,팽이도지,완만한상승,0.68,1.12,2026-09-02
DUOT,0.8,8.61,722296,907262,6.22,10.34,0.6,-0.1,0.1,매수관심,팽이도지,전저점부근,0.61,0.88,2026-09-02
OPTU,0.8,1.02,1917191,2447407,1.96,2.38,0.8,-0.9,9.3,강한매수,장대양봉,완만한상승,0.95,3.44,2026-09-02
AIAI,0.8,3.7,354559,444572,1.31,10.73,0.1,-1.4,7.9,중립,양봉,잔구간,0.61,0.415,2026-09-02
ACP,0.8,5.09,322628,392162,1.64,2.03,0.8,0.0,1.0,강한매수,장대양봉,완만한상승,1.0,3.5,2026-09-02
ADTN,0.8,7.52,1180527,1553540,8.88,11.76,0.8,0.4,0.3,중립,팽이도지,잔구간,0.5,0.0,2026-09-02
XPEV,0.8,11.08,5461630,6515731,60.51,105.45,0.6,-0.4,-0.4,강한매수,망치형,전저점부근,0.71,3.0,2026-09-02
ZIP,0.8,4.27,941065,1204476,4.02,6.13,0.7,0.2,3.1,매수관심,양봉,수횡파,0.48,1.28,2026-09-02
ANNX,0.8,4.93,1842212,2356715,9.08,12.19,0.7,0.2,0.6,중립,팽이도지,잔구간,0.51,0.005,2026-09-02
APPX,0.8,13.42,836413,1063416,11.22,16.79,0.7,-1.2,6.1,강한매수,장대양봉,완만한상승,0.89,3.37,2026-09-02
WDCX,0.8,17.38,857325,1039945,14.9,23.24,0.6,-2.0,1.5,중립,팽이도지,잔구간,0.59,0.055,2026-09-02
WEN,0.8,8.24,5196828,6708116,42.82,68.26,0.6,0.0,-0.4,매도주의,위꼬리음봉,잔구간,0.24,-0.905,2026-09-02
ORC,0.8,6.52,3907551,4765356,25.48,29.02,0.9,-0.2,-0.2,중립,팽이도지,잔구간,0.43,-0.04,2026-09-02
OCSL,0.8,13.17,387689,494789,5.11,6.88,0.7,0.7,-0.2,중립,팽이도지,잔구간,0.35,-0.09,2026-09-02
YMAX,0.8,7.46,889371,1178413,6.63,9.15,0.7,-0.4,-0.5,매도주의,음봉,전저점이탈,0.29,-1.7,2026-09-02
ACHR,0.7,5.65,15062417,23075566,85.1,160.88,0.5,0.0,1.6,중립,양봉,잔구간,0.78,0.52,2026-09-02
XRX,0.7,3.18,1685737,2335937,5.36,6.34,0.8,-0.6,1.3,중립,위꼬리양봉,완만한상승,0.32,-0.32,2026-09-02
YMAG,0.7,11.17,895917,1284945,10.01,13.63,0.7,-0.4,0.4,강한매수,양봉,완만한상승,0.93,2.12,2026-09-02
OEC,0.7,6.17,312317,433173,1.93,2.76,0.7,1.5,3.5,매수관심,양봉,완만한상승,0.7,1.84,2026-09-02
ALVO,0.7,5.34,700299,998374,3.74,6.9,0.5,0.0,1.9,매수관심,양봉,완만한상승,0.69,1.83,2026-09-02
SXC,0.7,10.57,850143,1168839,8.99,12.1,0.7,0.3,3.2,강한매수,장대양봉,전고점돌파,0.75,3.8,2026-09-02
WIT,0.7,1.8,7375363,10038958,13.28,17.11,0.8,0.0,-1.6,매도주의,장대음봉,잔구간,0.11,-1.235,2026-09-02
ASC,0.7,18.07,538071,803214,9.72,12.63,0.8,-0.1,2.3,강한매수,장대양봉,완만한상승,0.92,3.4,2026-09-02
OTF,0.7,11.41,1971109,2702735,22.49,29.83,0.8,-0.3,-1.6,중립,음봉,잔구간,0.05,-0.62,2026-09-02
OTLK,0.7,0.626,4607303,6642377,2.89,6.75,0.4,-0.5,1.0,매수관심,팽이도지,완만한상승,0.62,1.04,2026-09-02
XIFR,0.7,11.9,561627,791771,6.68,9.5,0.7,-0.1,1.5,매수관심,양봉,완만한상승,0.82,1.98,2026-09-02
XPOF,0.7,5.07,365446,509930,1.85,2.96,0.6,0.0,0.8,중립,위꼬리양봉,완만한상승,0.29,-0.35,2026-09-02
OLN,0.7,17.66,2034780,2908318,35.93,52.19,0.7,-0.4,3.5,매수관심,장대양봉,잔구간,0.74,1.145,2026-09-02
ACVA,0.7,6.77,1957138,2813744,13.25,21.45,0.6,-0.7,0.9,중립,위꼬리양봉,잔구간,0.39,-0.565,2026-09-02
CRML,0.7,7.3,5844747,8872008,42.67,74.85,0.6,1.2,4.3,매수관심,양봉,완만한상승,0.8,1.96,2026-09-02
DFDV,0.7,5.22,1679804,2439010,8.77,10.95,0.8,-1.0,2.2,매수관심,팽이도지,완만한상승,0.66,1.09,2026-09-02
DEFT,0.7,0.649,1755113,2432456,1.14,2.2,0.5,0.8,-3.0,중립,음봉,잔구간,0.59,-0.295,2026-09-02
SSTK,0.7,5.75,747183,1021189,4.3,5.37,0.8,-0.9,0.9,매수관심,팽이도지,완만한상승,0.57,0.98,2026-09-02
CVRX,0.7,3.07,530032,759252,1.63,2.51,0.6,0.7,0.3,매수관심,팽이도지,완만한상승,0.55,0.96,2026-09-02
DAPP,0.7,18.83,346542,515288,6.53,14.5,0.4,-1.6,3.0,강한매수,장대양봉,완만한상승,0.97,3.46,2026-09-02
SVV,0.7,10.25,864364,1215468,8.86,15.41,0.6,0.5,0.5,중립,위꼬리양봉,잔구간,0.32,-0.61,2026-09-02
MSTW,0.7,4.065,654090,913815,2.66,3.98,0.7,-1.4,-0.4,중립,팽이도지,잔구간,0.58,0.05,2026-09-02
PEPG,0.7,3.18,354291,479696,1.13,2.09,0.5,1.0,1.0,매수관심,팽이도지,완만한상승,0.44,0.83,2026-09-02
HAPN,0.7,17.36,744667,1009117,12.93,19.67,0.7,0.2,3.3,강한매수,장대양봉,완만한상승,0.75,3.2,2026-09-02
QBTX,0.7,5.84,1731773,2463571,10.11,16.38,0.6,-2.7,2.5,매수관심,양봉,전저점부근,0.61,1.58,2026-09-02
TIGR,0.7,4.79,1894533,2834954,9.07,16.13,0.6,0.2,-2.0,강한매도,장대음봉,전저점이탈,0.06,-3.28,2026-09-02
ARI,0.7,6.86,1546431,2286278,10.61,17.19,0.6,0.1,0.6,매수관심,양봉,수횡파,0.78,1.64,2026-09-02
SSPC,0.7,10.65,7143055,9834530,76.07,134.34,0.6,-0.7,2.7,중립,양봉,잔구간,0.46,0.325,2026-09-02
PAL,0.7,4.94,347692,464899,1.72,2.91,0.6,0.2,-0.4,매도주의,위꼬리음봉,잔구간,0.19,-0.935,2026-09-02
EH,0.7,4.52,559768,794675,2.53,4.69,0.5,0.0,1.8,중립,양봉,잔구간,0.75,0.5,2026-09-02
NRXP,0.7,3.46,418341,639816,1.45,2.47,0.6,0.6,0.0,중립,팽이도지,잔구간,0.67,0.1,2026-09-02
CLVT,0.7,2.06,2253804,3251499,4.64,8.25,0.6,0.0,1.0,중립,위꼬리양봉,완만한상승,0.44,-0.17,2026-09-02
CSAN,0.7,2.91,2615878,3757765,7.61,9.01,0.8,-3.0,0.3,중립,팽이도지,잔구간,0.38,-0.07,2026-09-02
MARA,0.7,10.47,30007211,41957877,314.18,617.1,0.5,-2.2,4.6,강한매수,장대양봉,완만한상승,0.89,3.37,2026-09-02
PUMP,0.7,11.23,2226454,3417781,25.0,34.66,0.7,-2.1,1.1,중립,양봉,잔구간,0.76,0.505,2026-09-02
LOFF,0.7,15.07,1328488,1969559,20.02,30.26,0.7,0.7,-2.8,중립,음봉,잔구간,0.54,-0.325,2026-09-02
LRMR,0.7,3.87,515555,728742,2.0,3.66,0.5,0.5,-2.3,중립,음봉,잔구간,0.19,-0.535,2026-09-02
NPKI,0.7,13.25,645783,906741,8.56,12.23,0.7,-0.3,0.4,중립,위꼬리양봉,완만한상승,0.36,-0.27,2026-09-02
PAYS,0.7,12.53,505936,753760,6.34,10.03,0.6,-0.3,1.4,중립,양봉,잔구간,0.7,0.47,2026-09-02
NN,0.7,15.35,1620992,2228636,24.88,36.92,0.7,-0.5,1.4,중립,양봉,잔구간,0.47,0.33,2026-09-02
AZ,0.7,5.9,415022,570457,2.45,4.25,0.6,1.7,-4.1,매도주의,음봉,전저점이탈,0.07,-1.97,2026-09-02
BBWI,0.7,18.53,5261458,7228025,97.49,150.15,0.6,-1.1,0.7,중립,위꼬리양봉,잔구간,0.24,-0.655,2026-09-02
KEEL,0.7,3.11,26488784,36326069,82.38,129.67,0.6,-1.3,2.6,중립,양봉,잔구간,0.67,0.45,2026-09-02
KREF,0.7,7.59,386348,552999,2.93,4.36,0.7,0.3,1.6,강한매수,장대양봉,완만한상승,0.6,3.02,2026-09-02
RAM,0.7,12.305,5749269,8579840,70.74,159.21,0.4,1.2,2.5,강한매수,양봉,완만한상승,0.85,2.02,2026-09-02
FOSL,0.7,5.04,474058,693713,2.39,3.78,0.6,0.6,2.6,중립,양봉,잔구간,0.57,0.39,2026-09-02
SMMT,0.7,14.6,3779231,5131687,55.18,81.55,0.7,-0.1,3.2,강한매수,장대양봉,완만한상승,0.82,3.28,2026-09-02
KSS,0.7,19.21,4219613,5842795,81.06,106.63,0.8,1.5,6.2,강한매수,장대양봉,전고점돌파,0.86,3.93,2026-09-02
ETHT,0.7,15.94,1503646,2065275,23.97,48.83,0.5,-2.5,0.4,중립,팽이도지,잔구간,0.43,-0.04,2026-09-02
SMR,0.7,9.56,27544995,37866354,263.33,351.6,0.7,-0.8,4.7,매수관심,장대양봉,잔구간,0.83,1.2,2026-09-02
CGC,0.7,0.968,1891814,2855638,1.83,4.43,0.4,0.2,-1.0,중립,음봉,전저점부근,0.13,-0.39,2026-09-02
TME,0.7,8.39,6057404,8801716,50.82,106.17,0.5,-0.4,1.6,매수관심,양봉,완만한상승,0.58,1.7,2026-09-02
TBLA,0.7,3.82,1847795,2496557,7.06,8.27,0.9,0.3,2.1,매수관심,양봉,완만한상승,0.62,1.74,2026-09-02
KZIA,0.7,12.61,360967,496030,4.55,5.46,0.8,0.2,-0.4,중립,팽이도지,잔구간,0.52,0.01,2026-09-02
FBDT,0.7,0.835,1682647,2544697,1.41,2.63,0.5,2.8,9.2,중립,양봉,잔구간,0.68,0.46,2026-09-02
QBTS,0.7,16.49,11545597,16645517,190.39,299.51,0.6,-1.6,1.3,매수관심,양봉,전저점부근,0.58,1.55,2026-09-02
CADL,0.7,13.2,807852,1081677,10.66,16.85,0.6,-0.3,3.0,매수관심,양봉,완만한상승,0.72,1.86,2026-09-02
BKD,0.7,11.92,3515488,4930634,41.9,55.3,0.8,-0.1,0.3,매수관심,팽이도지,완만한상승,0.51,0.91,2026-09-02
MRVI,0.7,7.38,3668981,5428604,27.08,58.84,0.5,0.0,1.1,중립,위꼬리양봉,잔구간,0.33,-0.6,2026-09-02
HIMX,0.7,13.495,466489,710208,6.3,10.97,0.6,-0.4,1.0,매수관심,양봉,완만한상승,0.69,1.83,2026-09-02
INFQ,0.7,12.65,5724267,8218443,72.41,117.89,0.6,-0.9,0.6,매수관심,양봉스프링,잔구간,0.83,0.95,2026-09-02
UUUU,0.7,14.29,4127903,6329739,58.99,103.64,0.6,-0.1,0.6,중립,위꼬리양봉,완만한상승,0.38,-0.24,2026-09-02
ABCL,0.7,11.36,3726310,4995696,42.33,74.25,0.6,1.0,-0.3,강한매수,망치형,완만한상승,0.73,2.18,2026-09-02
ABUS,0.7,5.1,2975766,4088401,15.18,35.59,0.4,0.2,0.0,중립,위꼬리양봉,완만한상승,0.1,-0.58,2026-09-02
WULX,0.7,13.56,316560,433004,4.29,6.78,0.6,-1.0,3.3,중립,양봉,잔구간,0.67,0.45,2026-09-02
IMPP,0.7,5.31,306114,466428,1.63,2.19,0.7,-0.7,-2.0,중립,음봉,잔구간,0.29,-0.475,2026-09-02
NCMI,0.7,2.51,586553,849186,1.47,2.54,0.6,-0.4,-0.4,매도주의,위꼬리음봉,잔구간,0.1,-0.99,2026-09-02
NFGC,0.7,1.85,954445,1338362,1.77,3.06,0.6,2.3,3.9,매수관심,장대양봉,잔구간,0.89,1.235,2026-09-02
AVAH,0.7,13.2,1882553,2704823,24.85,49.6,0.5,0.5,-2.4,중립,음봉,잔구간,0.26,-0.495,2026-09-02
MSTX,0.7,12.84,6520224,9781007,83.72,152.24,0.5,-2.5,-0.3,중립,팽이도지,잔구간,0.54,0.025,2026-09-02
PLX,0.7,2.59,454863,673306,1.18,1.64,0.7,0.0,0.0,중립,위꼬리양봉,완만한상승,0.09,-0.59,2026-09-02
GRRR,0.7,13.72,844909,1227109,11.59,18.82,0.6,-1.2,-1.4,중립,음봉,잔구간,0.29,-0.475,2026-09-02
PROK,0.7,1.91,641215,940328,1.22,1.97,0.6,0.5,2.7,중립,양봉,전고점부근,0.62,0.39,2026-09-02
BXMT,0.7,14.02,1483468,1979363,20.8,25.45,0.8,0.4,1.2,매수관심,장대양봉,잔구간,0.81,1.185,2026-09-02
MSTZ,0.7,5.56,19851688,27128563,110.38,172.35,0.6,3.0,0.0,중립,팽이도지,완만한상승,0.41,0.79,2026-09-02
BLCO,0.7,18.0,358604,517821,6.45,7.89,0.8,0.3,0.3,중립,위꼬리양봉,전고점돌파,0.23,0.18,2026-09-02
GME,0.7,18.97,4756035,6442783,90.22,118.48,0.8,0.1,0.7,강한매수,양봉,전고점돌파,0.75,2.5,2026-09-02
CDZI,0.7,4.07,681143,998982,2.77,4.18,0.7,0.8,1.8,매수관심,양봉,완만한상승,0.76,1.91,2026-09-02
PRLD,0.7,5.43,355093,502360,1.93,4.42,0.4,0.7,-1.8,매도주의,위꼬리음봉,잔구간,0.25,-0.9,2026-09-02
LXEO,0.7,4.78,468357,676782,2.24,3.7,0.6,1.3,0.4,중립,팽이도지,잔구간,0.42,-0.05,2026-09-02
EOLS,0.7,9.06,773978,1127080,7.01,9.45,0.7,-0.4,0.2,중립,팽이도지,잔구간,0.65,0.09,2026-09-02
FINV,0.7,3.44,1442345,2039644,4.96,5.49,0.9,0.0,3.6,매수관심,장대양봉,잔구간,0.67,1.1,2026-09-02
XRPZ,0.6,14.6,391072,705697,5.71,12.89,0.4,-2.2,1.4,강한매수,장대양봉,전저점부근,0.81,4.12,2026-09-02
AQST,0.6,5.38,1814473,2964748,9.76,16.22,0.6,0.2,2.5,강한매수,장대양봉,완만한상승,0.93,3.42,2026-09-02
AIOT,0.6,3.0,897071,1539462,2.69,4.98,0.5,1.4,1.0,중립,양봉,잔구간,0.56,0.385,2026-09-02
ADUR,0.6,13.8,342938,547825,4.73,6.63,0.7,0.4,3.0,중립,양봉,잔구간,0.85,0.56,2026-09-02
OKLL,0.6,2.32,8031524,13306922,18.63,29.14,0.6,-1.8,6.9,강한매수,장대양봉,완만한상승,0.91,3.39,2026-09-02
NVTS,0.6,11.21,7344965,13155575,82.34,154.18,0.5,-0.7,3.2,강한매수,장대양봉,완만한상승,0.72,3.16,2026-09-02
TH,0.6,18.39,838978,1523744,15.43,24.27,0.6,-0.5,2.3,중립,양봉,잔구간,0.76,0.505,2026-09-02
ERIC,0.6,10.04,7072243,11347406,71.01,91.59,0.8,-1.0,0.8,중립,양봉,잔구간,0.86,0.565,2026-09-02
KEP,0.6,11.6,571380,890751,6.63,10.46,0.6,-0.8,0.3,중립,위꼬리양봉,잔구간,0.45,-0.53,2026-09-02
EVH,0.6,4.23,1503522,2681582,6.36,11.58,0.5,0.0,-1.2,매도주의,위꼬리음봉,전저점부근,0.1,-1.23,2026-09-02
CRCG,0.6,14.92,1821391,3003411,27.18,67.87,0.4,-4.3,2.2,중립,양봉,잔구간,0.7,0.47,2026-09-02
CHA,0.6,11.61,876976,1377605,10.18,13.74,0.7,-0.1,-2.6,매도주의,장대음봉,잔구간,0.09,-1.245,2026-09-02
CIFG,0.6,3.572,589344,1061094,2.11,5.69,0.4,-4.5,12.7,강한매수,장대양봉,완만한상승,0.85,3.32,2026-09-02
TMC,0.6,4.59,4731394,7737186,21.72,41.33,0.5,1.0,2.0,매수관심,양봉,완만한상승,0.43,1.52,2026-09-02
AVXL,0.6,2.89,587453,963725,1.7,2.96,0.6,0.3,0.3,중립,팽이도지,잔구간,0.46,-0.025,2026-09-02
QNST,0.6,19.21,718795,1138178,13.81,18.77,0.7,-0.3,1.7,중립,양봉,잔구간,0.75,0.5,2026-09-02
CGBD,0.6,11.56,348808,626102,4.03,6.91,0.6,0.3,-0.3,중립,팽이도지,완만한상승,0.26,0.61,2026-09-02
EDIT,0.6,3.08,1678515,2807450,5.17,10.91,0.5,0.7,-0.3,중립,팽이도지,완만한상승,0.4,0.78,2026-09-02
NOMD,0.6,11.59,851450,1325061,9.87,23.69,0.4,0.6,-1.3,중립,음봉,전저점부근,0.0,-0.55,2026-09-02
SUJA,0.6,10.22,489166,806146,5.0,8.24,0.6,-1.0,-1.1,중립,팽이도지,잔구간,0.52,0.01,2026-09-02
DOMO,0.6,3.69,739161,1150389,2.73,4.02,0.7,0.3,0.0,중립,위꼬리양봉,잔구간,0.23,-0.66,2026-09-02
SPCF,0.6,15.02,882052,1391188,13.25,25.86,0.5,0.5,-2.7,중립,음봉,잔구간,0.51,-0.345,2026-09-02
LAES,0.6,2.36,3693265,5818850,8.72,19.84,0.4,-0.8,-0.4,매도주의,위꼬리음봉,잔구간,0.17,-0.95,2026-09-02
DBRG,0.6,15.97,3170434,5090314,50.63,75.04,0.7,0.1,0.3,매수관심,장대양봉,잔구간,1.0,1.3,2026-09-02
CYPH,0.6,1.68,4624765,7899507,7.77,21.06,0.4,-0.6,-1.2,중립,팽이도지,수횡파,0.44,0.53,2026-09-02
SSYS,0.6,7.57,451547,705037,3.42,7.92,0.4,0.5,-0.7,중립,음봉,전저점부근,0.35,-0.13,2026-09-02
VMET,0.6,10.32,338971,524025,3.5,6.69,0.5,1.3,2.6,강한매수,장대양봉,완만한상승,0.84,3.31,2026-09-02
CLSK,0.6,11.33,10457720,17015007,118.49,236.09,0.5,-1.5,4.0,매수관심,장대양봉,잔구간,0.9,1.24,2026-09-02
CRON,0.6,3.24,855113,1330020,2.77,5.27,0.5,-0.6,-3.6,강한매도,장대음봉,전저점이탈,0.06,-3.28,2026-09-02
DGXX,0.6,3.43,1388781,2237770,4.76,9.72,0.5,0.6,-0.3,중립,망치형,잔구간,0.72,0.63,2026-09-02
CRCD,0.6,2.46,2485172,4238278,6.11,11.16,0.5,2.9,-0.8,중립,팽이도지,완만한상승,0.3,0.66,2026-09-02
SLNH,0.6,1.08,5458117,8948897,5.89,11.16,0.5,-1.0,3.8,매수관심,장대양봉,잔구간,0.67,1.1,2026-09-02
ETHA,0.6,18.05,24220759,41301467,437.18,1068.2,0.4,-1.2,0.2,중립,팽이도지,잔구간,0.43,-0.04,2026-09-02
MAX,0.6,12.53,333014,528339,4.17,7.54,0.6,-0.7,2.6,매수관심,장대양봉,잔구간,0.84,1.205,2026-09-02
SECZ,0.6,6.51,868112,1457145,5.65,11.15,0.5,0.8,3.3,매수관심,양봉,완만한상승,0.69,1.83,2026-09-02
BIVI,0.6,2.03,519399,842916,1.05,20.29,0.1,0.4,-9.8,매도주의,장대음봉,잔구간,0.11,-1.235,2026-09-02
BLZE,0.6,13.2,1097247,1781824,14.48,53.79,0.3,-0.8,-1.6,중립,음봉,전저점부근,0.34,-0.14,2026-09-02
CAPR,0.6,9.89,5165484,9172808,51.09,85.11,0.6,0.6,-1.8,중립,팽이도지,잔구간,0.28,-0.13,2026-09-02
BMNU,0.6,16.98,2946206,5145412,50.03,104.27,0.5,-2.5,-0.6,중립,팽이도지,전저점부근,0.35,0.57,2026-09-02
BTCT,0.6,1.76,3462328,6034006,6.09,82.36,0.1,-1.7,2.3,중립,위꼬리양봉,완만한상승,0.13,-0.54,2026-09-02
SKHX,0.6,14.05,1036555,1778241,14.56,32.48,0.4,-1.2,6.5,강한매수,장대양봉,완만한상승,0.92,3.4,2026-09-02
SITC,0.6,2.93,635657,1072142,1.86,2.88,0.6,0.0,1.0,중립,양봉,잔구간,0.33,0.25,2026-09-02
MRAM,0.6,15.9,596723,920769,9.49,18.18,0.5,-0.1,0.3,중립,팽이도지,잔구간,0.62,0.07,2026-09-02
GSOL,0.6,7.55,1834204,2910901,13.85,28.46,0.5,-2.0,1.3,매수관심,장대양봉,잔구간,0.82,1.19,2026-09-02
GRND,0.6,15.67,673499,1155048,10.55,17.83,0.6,-0.3,1.2,강한매수,장대양봉,완만한상승,0.82,3.28,2026-09-02
HIVE,0.6,2.72,8474710,14618584,23.05,70.57,0.3,-0.6,3.6,강한매수,장대양봉,완만한상승,1.0,3.5,2026-09-02
MBI,0.6,4.76,322193,497663,1.53,2.71,0.6,0.6,1.3,중립,양봉,잔구간,0.65,0.44,2026-09-02
MNRO,0.6,12.41,578370,907641,7.18,15.08,0.5,0.9,-1.0,중립,음봉,잔구간,0.25,-0.5,2026-09-02
CCO,0.6,2.36,2733770,4496747,6.45,18.76,0.3,0.4,-0.8,매도주의,장대음봉,잔구간,0.0,-1.3,2026-09-02
GME.WS,0.6,2.57,462304,749818,1.19,1.91,0.6,2.9,3.6,강한매수,양봉,완만한상승,0.87,2.04,2026-09-02
GORO,0.6,3.87,1007322,1581304,3.9,6.19,0.6,1.1,6.9,강한매수,장대양봉,전고점부근,0.88,2.01,2026-09-02
ARMG,0.6,14.99,317051,560662,4.75,9.45,0.5,-0.2,0.6,강한매수,양봉스프링,완만한상승,0.83,2.8,2026-09-02
RGNX,0.6,9.6,866267,1386168,8.32,15.36,0.5,0.2,2.8,매수관심,양봉,완만한상승,0.79,1.95,2026-09-02
INTW,0.6,18.57,1848702,3336973,34.33,63.5,0.5,-0.2,2.6,강한매수,양봉,완만한상승,0.86,2.03,2026-09-02
IREG,0.6,7.37,688902,1215199,5.08,7.91,0.6,-6.1,22.4,강한매수,장대양봉,완만한상승,0.97,3.46,2026-09-02
BPRE,0.6,12.15,624694,1121671,7.59,11.59,0.7,0.2,0.9,강한매수,양봉,완만한상승,1.0,2.2,2026-09-02
BULL,0.6,9.0,10993568,16960788,98.94,221.44,0.4,-0.4,-1.0,중립,음봉,잔구간,0.62,-0.28,2026-09-02
MSOX,0.6,3.02,1228804,1908381,3.71,5.5,0.7,0.3,1.0,중립,팽이도지,수횡파,0.38,0.46,2026-09-02
PGEN,0.6,7.01,2638059,4556367,18.49,37.24,0.5,0.7,1.4,중립,양봉,잔구간,0.6,0.41,2026-09-02
IFRX,0.6,2.29,572036,1008187,1.31,2.51,0.5,0.0,6.0,매수관심,장대양봉,잔구간,0.76,1.155,2026-09-02
HOWL,0.6,0.998,1307502,2275842,1.31,32.21,0.0,-1.5,5.9,강한매수,장대양봉,완만한상승,1.0,3.5,2026-09-02
HSAI,0.6,16.59,1126556,1952083,18.69,32.41,0.6,-3.9,2.9,매수관심,장대양봉,잔구간,0.75,1.15,2026-09-02
RNW,0.6,6.81,1669803,2737487,11.37,19.03,0.6,0.0,0.1,매수관심,양봉,완만한상승,0.5,1.6,2026-09-02
ZURA,0.6,5.67,934602,1592661,5.3,12.64,0.4,0.4,0.0,중립,팽이도지,잔구간,0.48,-0.01,2026-09-02
USAR,0.6,17.85,8076596,13284649,144.17,243.9,0.6,0.6,2.8,매수관심,장대양봉,잔구간,0.92,1.25,2026-09-02
USDE,0.6,7.5,3149258,5252836,23.62,123.26,0.2,-3.5,-7.1,중립,음봉,잔구간,0.51,-0.345,2026-09-02
OMAH,0.6,18.3,629224,992622,11.51,20.47,0.6,0.5,0.3,중립,양봉,잔구간,0.83,0.55,2026-09-02
XRP,0.5,15.0,1037025,2257561,15.56,45.72,0.3,-2.2,1.4,강한매수,장대양봉,전저점부근,0.76,4.0600000000000005,2026-09-02
WYFI,0.5,17.31,1441141,2730078,24.95,84.18,0.3,-1.8,0.7,강한매수,양봉스프링,전저점부근,0.78,3.59,2026-09-02
OXLC,0.5,9.66,331675,609337,3.2,8.21,0.4,0.1,0.6,강한매수,장대양봉,완만한상승,0.68,3.12,2026-09-02
BETR,0.5,12.3,374675,729516,4.61,9.44,0.5,-0.2,0.8,매수관심,팽이도지,완만한상승,0.49,0.89,2026-09-02
THM,0.5,2.52,466824,854157,1.18,2.32,0.5,2.1,2.9,중립,양봉,잔구간,0.67,0.45,2026-09-02
NCPL,0.5,1.03,37034182,68719435,38.15,46.98,0.8,14.7,13.4,중립,양봉,전고점부근,0.52,0.27,2026-09-02
BKKT,0.5,7.43,606988,1212876,4.51,15.67,0.3,-1.2,3.6,매수관심,장대양봉,잔구간,0.77,1.16,2026-09-02
CAN,0.5,0.308,11457772,22178164,3.53,12.72,0.3,-5.5,2.6,강한매수,양봉스프링,전저점부근,0.81,3.62,2026-09-02
BZ,0.5,17.3,5386514,10830787,93.19,173.88,0.5,0.6,-2.0,매도주의,장대음봉,잔구간,0.04,-1.275,2026-09-02
BITI,0.5,19.24,797700,1459460,15.35,46.08,0.3,0.5,-0.5,중립,음봉,완만한상승,0.24,-0.11,2026-09-02
MORT,0.5,9.73,524046,969172,5.1,7.87,0.6,0.3,0.5,매수관심,장대양봉,잔구간,0.93,1.26,2026-09-02
BEKE,0.5,17.94,2228060,4778755,39.97,104.89,0.4,0.6,0.5,매수관심,양봉,완만한상승,0.53,1.64,2026-09-02
BITX,0.5,17.18,5971350,11432631,102.59,301.53,0.3,-1.2,1.3,매수관심,양봉,완만한상승,0.74,1.89,2026-09-02
CLM,0.5,6.62,1503289,2829814,9.95,16.91,0.6,0.0,0.8,중립,양봉,잔구간,0.56,0.385,2026-09-02
CPNG,0.5,15.97,7756894,14777430,123.88,226.69,0.5,-0.8,1.9,매수관심,장대양봉,잔구간,0.65,1.09,2026-09-02
CONL,0.5,5.39,11587682,21564141,62.46,170.06,0.4,-2.6,0.7,중립,팽이도지,전저점부근,0.44,0.68,2026-09-02
TCPC,0.5,4.08,319681,591090,1.3,2.84,0.5,0.5,-0.5,중립,음봉,완만한상승,0.36,0.03,2026-09-02
CRF,0.5,6.4,926424,1905143,5.93,11.62,0.5,0.5,0.5,중립,양봉,잔구간,0.86,0.565,2026-09-02
TOYO,0.5,4.29,375011,688787,1.61,6.11,0.3,-0.5,3.1,매수관심,양봉,완만한상승,0.59,1.71,2026-09-02
ABTC,0.5,7.87,852434,1736241,6.71,17.47,0.4,-0.6,2.7,매수관심,양봉,완만한상승,0.52,1.62,2026-09-02
IAUX,0.5,1.76,5116253,9405991,9.0,23.93,0.4,2.4,1.1,중립,양봉,잔구간,0.5,0.35,2026-09-02
REAX,0.5,18.03,785890,1692295,14.17,31.72,0.4,1.2,-1.4,중립,음봉,전저점부근,0.14,-0.38,2026-09-02
GEMI,0.5,4.29,1012316,2113858,4.34,16.81,0.3,-0.5,3.6,강한매수,장대양봉,완만한상승,0.88,3.36,2026-09-02
RR,0.5,1.85,5112701,9296867,9.46,13.8,0.7,-1.9,3.9,매수관심,양봉,완만한상승,0.58,1.7,2026-09-02
SOLZ,0.5,9.89,712868,1496443,7.05,21.32,0.3,-1.7,1.0,중립,양봉,잔구간,0.76,0.505,2026-09-02
DFNS,0.5,9.26,605724,1264651,5.61,27.15,0.2,-3.6,-4.7,매도주의,음봉,전저점이탈,0.51,-1.44,2026-09-02
PURR,0.5,11.32,18221904,33943074,206.27,407.04,0.5,-1.1,0.8,중립,팽이도지,잔구간,0.47,-0.02,2026-09-02
SPAX,0.5,9.11,634785,1291823,5.78,14.9,0.4,0.3,-2.7,중립,음봉,잔구간,0.5,-0.35,2026-09-02
PALI,0.5,1.99,731450,1418180,1.46,3.11,0.5,0.0,1.5,매수관심,양봉,완만한상승,0.73,1.88,2026-09-02
KC,0.5,10.25,818380,1551442,8.39,18.74,0.4,0.0,0.1,중립,위꼬리양봉,완만한상승,0.07,-0.62,2026-09-02
RZLV,0.5,2.33,14922920,32653916,34.77,82.79,0.4,-0.4,-2.1,매도주의,장대음봉,잔구간,0.13,-1.22,2026-09-02
JELD,0.5,2.31,1237528,2566957,2.86,5.3,0.5,-0.9,7.4,매수관심,장대양봉,잔구간,0.88,1.23,2026-09-02
QFIN,0.5,8.55,2000024,4372943,17.1,47.32,0.4,0.0,2.0,매수관심,장대양봉,잔구간,0.71,1.125,2026-09-02
QS,0.5,5.45,8365825,16450550,45.59,104.46,0.4,-0.5,0.2,중립,위꼬리양봉,잔구간,0.29,-0.625,2026-09-02
PMI,0.4,4.58,828668,2057358,3.8,62.89,0.1,0.3,18.3,중립,양봉,잔구간,0.84,0.555,2026-09-02
OGG,0.4,2.9,563619,1283962,1.63,8.29,0.2,2.1,-0.3,매도주의,위꼬리음봉,잔구간,0.23,-0.91,2026-09-02
SHMD,0.4,3.27,364921,914610,1.19,3.92,0.3,-1.0,6.2,강한매수,장대양봉,완만한상승,0.73,3.18,2026-09-02
AIV,0.4,2.56,608647,1500973,1.56,3.66,0.4,-0.4,0.8,중립,양봉,잔구간,0.75,0.5,2026-09-02
TV,0.4,2.66,457665,1194064,1.22,2.91,0.4,1.1,-0.4,매도주의,위꼬리음봉,수횡파,0.0,-1.5,2026-09-02
AAOZ,0.4,14.45,425364,1089091,6.15,27.2,0.2,2.4,-1.6,중립,팽이도지,완만한상승,0.4,0.78,2026-09-02
BABX,0.4,17.8,303327,795234,5.4,30.69,0.2,-0.7,-1.1,중립,음봉,전저점부근,0.19,-0.32,2026-09-02
LTRX,0.4,5.26,852806,2077510,4.49,8.46,0.5,0.0,2.1,매수관심,장대양봉,잔구간,0.8,1.18,2026-09-02
EMAT,0.4,3.42,531583,1235893,1.82,5.09,0.4,-0.6,-2.3,매도주의,위꼬리음봉,잔구간,0.24,-0.905,2026-09-02
FUTG,0.3,4.66,523222,1497061,2.44,10.32,0.2,0.0,-2.5,중립,음봉,잔구간,0.09,-0.595,2026-09-02
CELU,0.3,1.86,654741,2522136,1.22,49.87,0.0,0.0,-1.1,중립,팽이도지,잔구간,0.63,0.08,2026-09-02
CRMG,0.3,10.05,1523366,4761833,15.31,35.72,0.4,0.9,-1.7,중립,팽이도지,잔구간,0.32,-0.11,2026-09-02
PSQL,0.3,12.19,560909,2021078,6.84,44.8,0.2,-4.5,-18.0,강한매도,장대음봉,전저점이탈,0.02,-3.33,2026-09-02
GENB,0.3,16.28,892644,2607594,14.53,37.58,0.4,-0.3,3.4,중립,양봉,잔구간,0.54,0.375,2026-09-02
ENGS,0.3,2.67,439402,1339267,1.17,3.18,0.4,0.0,0.4,중립,위꼬리양봉,완만한상승,0.29,-0.35,2026-09-02
XHLD,0.2,9.24,700662,3670337,6.47,24.15,0.3,-2.4,0.5,중립,팽이도지,잔구간,0.41,-0.055,2026-09-02
DAIC,0.2,3.045,2489099,13420750,7.58,115.7,0.1,-5.6,-9.1,매도주의,위꼬리음봉,잔구간,0.2,-0.93,2026-09-02
