ticker,ratio,latest_close,latest_volume,baseline_volume,dollar_volume_M,avg_dollar_vol_10d_M,dollar_surge_x,signal_gap_%,intraday_chg_%,candle_signal,candle_shape,candle_pos,close_pos,candle_score,latest_date
HCWC,663.3,0.3,654139314,986209,196.24,0.24,821.8,58.3,-5.3,중립,위꼬리음봉,전고점돌파,0.01,-0.59,2026-08-07
CPOP,285.0,0.38,123704703,434018,47.01,1.3,36.2,29.0,-17.8,중립,음봉,잔구간,0.21,-0.525,2026-08-07
CELZ,268.1,1.42,64216194,239540,91.19,34.38,2.7,27.8,-3.4,매도주의,위꼬리음봉,완만한상승,0.21,-0.95,2026-08-07
WWR,253.0,0.767,131558394,520089,100.93,0.25,409.9,3.0,82.4,강한매수,장대양봉,전고점돌파,0.69,3.73,2026-08-07
SLGB,190.9,0.565,103137727,540202,58.27,0.7,83.5,49.3,-26.1,매도주의,장대음봉,완만한상승,0.15,-1.52,2026-08-07
VATE,165.1,12.11,14276050,86492,172.88,0.81,212.3,49.0,9.7,강한매수,양봉,전고점돌파,0.53,2.24,2026-08-07
AZI,157.4,1.5,11272372,71610,16.91,11.54,1.5,4.4,-10.2,중립,음봉,잔구간,0.18,-0.54,2026-08-07
XHLD,112.2,2.02,17627007,157090,35.61,19.57,1.8,-38.8,17.4,중립,위꼬리양봉,잔구간,0.17,-0.7,2026-08-07
CVRX,95.5,2.39,14773453,154765,35.31,1.15,30.6,-49.3,-20.6,강한매도,장대음봉,전저점이탈,0.12,-3.21,2026-08-07
CCHH,61.0,1.26,4066413,66667,5.12,0.46,11.0,3.1,-5.3,매도주의,위꼬리음봉,잔구간,0.16,-0.955,2026-08-07
RCEL,59.9,7.77,7274963,121503,56.53,0.65,87.1,26.5,29.3,강한매수,장대양봉,전고점돌파,0.86,3.93,2026-08-07
CCTG,52.2,0.704,5215511,100000,3.67,0.11,32.2,-4.9,6.4,매수관심,양봉,완만한상승,0.49,1.59,2026-08-07
LGHL,49.7,0.9,25533300,513745,22.98,9.21,2.5,18.1,-21.1,매도주의,장대음봉,잔구간,0.08,-1.25,2026-08-07
ZYBT,49.7,1.89,13144056,264410,24.84,18.2,1.4,13.9,-20.6,매도주의,위꼬리음봉,잔구간,0.12,-0.98,2026-08-07
SBFM,44.2,1.23,11228069,253981,13.81,0.59,23.3,7.1,-18.0,매도주의,장대음봉,잔구간,0.29,-1.125,2026-08-07
ZJYL,36.9,2.15,6326815,171664,13.6,3.19,4.3,-7.3,20.8,강한매수,장대양봉,완만한상승,0.75,3.2,2026-08-07
FEAM,36.6,1.5,4228303,115449,6.34,0.25,25.6,2.3,-15.7,중립,음봉,잔구간,0.09,-0.595,2026-08-07
ZENA,36.3,1.65,44928915,1236241,74.13,1.98,37.4,15.2,3.8,강한매수,양봉,전고점돌파,0.5,2.2,2026-08-07
VIVS,32.8,0.468,97915627,2984256,45.82,0.9,50.8,-1.8,44.4,강한매수,양봉,전고점돌파,0.58,2.3,2026-08-07
QNME,28.5,0.48,95432226,3349928,45.81,28.98,1.6,-0.2,0.2,중립,위꼬리양봉,잔구간,0.12,-0.73,2026-08-07
AIXI,23.2,1.12,5930396,255317,6.64,1.04,6.4,5.7,0.0,중립,위꼬리양봉,잔구간,0.21,-0.675,2026-08-07
BAOS,20.9,0.651,3124119,149811,2.03,0.11,18.4,-1.1,10.4,중립,양봉,잔구간,0.65,0.44,2026-08-07
UAVS,18.3,0.92,10737267,585906,9.88,0.44,22.2,18.3,8.3,강한매수,양봉,전고점돌파,0.7,2.44,2026-08-07
XPOF,18.3,5.03,9444033,516493,47.5,4.55,10.4,-22.2,1.6,중립,팽이도지,전저점이탈,0.66,-0.56,2026-08-07
SNOA,17.9,1.44,1072556,59910,1.54,0.25,6.3,2.4,12.5,강한매수,장대양봉,전고점돌파,0.95,4.04,2026-08-07
DV,16.8,13.21,38403524,2289427,507.31,27.65,18.3,13.0,-0.2,중립,위꼬리음봉,전고점돌파,0.06,-0.53,2026-08-07
RPID,15.1,1.73,1443596,95613,2.5,0.2,12.3,-3.8,-13.5,강한매도,장대음봉,전저점이탈,0.21,-3.1,2026-08-07
GAUZ,15.1,0.434,4071634,270339,1.77,9.99,0.2,-12.1,16.1,매수관심,양봉,완만한상승,0.71,1.85,2026-08-07
ALXO,14.8,2.1,8493579,572703,17.84,1.09,16.4,0.9,-1.4,중립,팽이도지,수횡파,0.43,0.52,2026-08-07
BIVI,14.6,0.999,3456129,236702,3.45,1.44,2.4,-9.6,-18.1,매도주의,장대음봉,잔구간,0.08,-1.25,2026-08-07
TTDU,14.3,1.38,12990493,906136,17.93,4.56,3.9,-54.1,22.1,중립,양봉,전저점이탈,0.57,0.03,2026-08-07
SUGP,13.7,2.08,1861534,135904,3.87,0.76,5.1,1.0,5.1,중립,양봉,잔구간,0.54,0.375,2026-08-07
FCT,12.7,9.67,1136435,89475,10.99,0.97,11.3,-0.2,0.4,매수관심,양봉,완만한상승,0.63,1.76,2026-08-07
SAGT,12.4,0.75,4285567,346709,3.21,0.25,13.0,22.1,-14.8,매도주의,장대음봉,완만한상승,0.04,-1.65,2026-08-07
GUAC,8.9,9.95,803254,90034,7.99,0.94,8.5,-0.2,0.0,매도주의,위꼬리양봉,잔구간,0.0,-0.8,2026-08-07
RDGT,8.7,0.746,1458299,167892,1.09,1.04,1.0,-5.5,0.4,중립,팽이도지,잔구간,0.67,0.1,2026-08-07
HTZ,8.6,2.27,227238203,26348392,515.83,64.42,8.0,20.8,-7.0,중립,음봉,전고점돌파,0.39,0.67,2026-08-07
EXFY,8.6,2.69,5894213,681425,15.86,1.2,13.2,9.6,24.0,강한매수,장대양봉,전고점돌파,0.83,3.9,2026-08-07
OABI,8.5,3.08,2681407,313912,8.26,0.7,11.8,5.8,30.0,강한매수,장대양봉,전고점돌파,0.95,4.04,2026-08-07
PAVS,8.5,6.15,588343,69230,3.62,24.44,0.1,-18.3,9.4,중립,양봉,잔구간,0.87,0.57,2026-08-07
NCO,7.9,9.85,410646,52130,4.04,2.83,1.4,0.1,0.0,매수관심,무참고,완만한상승,,0.9,2026-08-07
PEPG,7.8,2.85,3223997,412119,9.19,2.0,4.6,2.9,14.9,강한매수,장대양봉,전고점돌파,0.94,4.03,2026-08-07
ONT,7.8,16.51,2928897,376742,48.36,12.71,3.8,-3.2,13.0,매수관심,양봉,완만한상승,0.56,1.67,2026-08-07
TTD,7.6,13.8,133339609,17498846,1840.09,459.38,4.0,-27.2,7.2,중립,양봉,전저점이탈,0.56,0.02,2026-08-07
STRS,7.4,19.32,482348,65128,9.32,1.57,6.0,2.7,-4.8,매도주의,장대음봉,잔구간,0.35,-1.09,2026-08-07
NATR,7.2,16.38,767993,106186,12.58,2.42,5.2,-15.4,-4.8,매도주의,음봉,전저점이탈,0.48,-1.47,2026-08-07
PUBM,6.9,17.78,3285782,477970,58.42,5.66,10.3,28.8,2.4,강한매수,양봉,전고점돌파,0.52,2.22,2026-08-07
WRAP,6.8,1.87,2753836,403982,5.15,0.81,6.4,3.1,-7.0,중립,음봉,잔구간,0.33,-0.45,2026-08-07
TBPH,6.8,16.93,2722743,399258,46.1,6.83,6.7,0.0,0.1,매수관심,팽이도지,완만한상승,0.5,0.9,2026-08-07
ARDX,6.7,4.0,20071166,3014557,80.28,14.49,5.5,-16.8,-1.2,매도주의,팽이도지,전저점이탈,0.27,-1.03,2026-08-07
TRX,6.7,1.05,5996485,897962,6.3,1.14,5.5,3.5,4.0,강한매수,양봉,전고점돌파,0.44,2.13,2026-08-07
IVOL,6.6,17.46,572198,87272,9.99,2.73,3.7,0.2,0.1,중립,위꼬리양봉,완만한상승,0.4,-0.22,2026-08-07
EBS,6.4,4.84,3140679,488147,15.2,5.91,2.6,1.7,-10.4,강한매도,장대음봉,전저점이탈,0.04,-3.3,2026-08-07
ORGO,6.4,1.86,4856513,754156,9.03,1.66,5.4,-27.4,6.3,중립,양봉,전저점이탈,0.94,0.48,2026-08-07
UXIN,6.2,1.28,1426297,228275,1.83,0.51,3.6,0.0,26.7,매수관심,장대양봉,잔구간,0.79,1.175,2026-08-07
NRXP,6.2,3.58,5676501,916710,20.32,3.2,6.4,13.3,2.3,강한매도,위꼬리양봉,전고점부근,0.27,-2.73,2026-08-07
STLN,6.2,6.41,6621824,1075005,42.45,6.91,6.1,30.9,-1.8,매수관심,팽이도지,전고점돌파,0.38,1.36,2026-08-07
MTW,6.2,18.81,1349197,216007,25.38,3.19,8.0,20.6,9.7,강한매수,장대양봉,전고점돌파,0.63,3.66,2026-08-07
GEOS,6.1,5.85,439085,71535,2.57,0.6,4.3,-3.5,-11.1,매도주의,음봉,전저점이탈,0.28,-1.71,2026-08-07
IIIV,6.0,17.47,1755952,292367,30.68,6.43,4.8,-0.1,-20.4,강한매도,장대음봉,전저점이탈,0.09,-3.24,2026-08-07
AGMB,6.0,14.5,367400,61496,5.33,0.77,7.0,0.9,6.5,강한매수,장대양봉,완만한상승,1.0,3.5,2026-08-07
NRGV,5.6,3.49,19625682,3526935,68.49,11.11,6.2,2.4,15.2,강한매수,장대양봉,전고점돌파,0.8,3.86,2026-08-07
CLNE,5.4,1.575,6443398,1203147,10.15,2.19,4.6,-3.2,-12.5,강한매도,장대음봉,전저점이탈,0.02,-3.33,2026-08-07
TALK,5.4,5.22,7090405,1306537,37.01,6.98,5.3,0.0,0.2,중립,양봉,잔구간,0.67,0.45,2026-08-07
HNST,5.4,5.46,6786774,1260290,37.06,14.82,2.5,-1.1,1.9,중립,위꼬리양봉,완만한상승,0.41,-0.21,2026-08-07
SNWV,5.3,5.88,406367,76518,2.39,0.69,3.5,-0.8,-1.2,중립,팽이도지,잔구간,0.64,0.085,2026-08-07
ONMD,5.3,0.625,2468878,468900,1.54,3.29,0.5,-3.0,-1.4,중립,팽이도지,잔구간,0.45,-0.03,2026-08-07
CLAR,5.3,3.71,408625,77716,1.52,0.29,5.3,7.1,2.8,중립,위꼬리양봉,전고점돌파,0.38,0.36,2026-08-07
CMRC,5.2,2.22,2918648,563172,6.48,3.21,2.0,-0.4,-3.9,중립,음봉,잔구간,0.62,-0.28,2026-08-07
PCLA,5.1,8.11,341190,66655,2.77,0.99,2.8,8.9,8.7,강한매수,양봉,전고점돌파,0.53,2.24,2026-08-07
AAOZ,5.1,10.91,7824152,1524432,85.36,19.94,4.3,-30.1,15.1,매수관심,양봉,전저점부근,0.72,1.71,2026-08-07
CRSR,5.1,14.35,9519141,1868905,136.6,18.51,7.4,19.5,13.2,강한매수,양봉,전고점돌파,0.92,2.7,2026-08-07
WEAV,5.0,5.29,3711542,738857,19.63,5.84,3.4,-26.6,8.2,중립,양봉,전저점이탈,0.7,0.19,2026-08-07
EMBC,5.0,4.42,5588459,1109132,24.7,3.83,6.4,18.3,6.8,강한매수,양봉,전고점돌파,0.63,2.36,2026-08-07
HCAT,4.9,1.73,3051326,623117,5.28,1.6,3.3,-19.7,-6.7,매도주의,음봉,전저점이탈,0.33,-1.65,2026-08-07
BYAH,4.9,3.14,556079,112586,1.75,5.64,0.3,-11.8,10.6,중립,양봉,잔구간,0.48,0.34,2026-08-07
TURB,4.9,1.43,1168792,238534,1.67,1.91,0.9,1.8,3.2,중립,양봉,잔구간,0.58,0.4,2026-08-07
TG,4.8,8.89,529719,110798,4.71,1.07,4.4,2.2,12.2,강한매수,장대양봉,전고점돌파,0.74,3.79,2026-08-07
LPSN,4.8,2.62,914152,190834,2.4,0.4,6.0,1.4,17.0,강한매수,장대양봉,전고점돌파,0.73,3.78,2026-08-07
PRTH,4.7,5.39,1017404,215216,5.48,2.3,2.4,0.2,0.0,중립,팽이도지,잔구간,0.67,0.1,2026-08-07
PERF,4.7,1.92,785419,167288,1.51,0.69,2.2,0.0,0.0,매수관심,팽이도지,완만한상승,0.5,0.9,2026-08-07
NAVI,4.6,9.08,3910144,850780,35.5,9.02,3.9,-7.4,3.3,중립,양봉,잔구간,0.69,0.465,2026-08-07
SENS,4.6,7.02,2227445,486383,15.64,2.27,6.9,11.8,21.9,강한매수,장대양봉,전고점돌파,0.99,4.09,2026-08-07
ARCT,4.5,7.41,1461642,326378,10.83,2.23,4.9,6.4,14.5,강한매수,장대양봉,전고점돌파,0.86,3.93,2026-08-07
ASLE,4.5,5.9,1087386,239673,6.42,1.83,3.5,-6.2,-0.2,중립,팽이도지,전저점이탈,0.59,-0.64,2026-08-07
RWAY,4.4,6.84,1953306,440786,13.36,2.59,5.1,8.7,5.2,강한매수,장대양봉,전고점돌파,0.97,4.06,2026-08-07
REAL,4.4,12.3,12128057,2785186,149.18,35.37,4.2,6.7,-9.7,매도주의,장대음봉,잔구간,0.06,-1.265,2026-08-07
JLHL,4.2,8.85,891443,209853,7.89,32.61,0.2,-6.6,10.2,중립,양봉,잔구간,0.35,0.26,2026-08-07
INMB,4.1,2.085,953027,235176,1.99,0.44,4.5,3.1,5.8,강한매수,장대양봉,전고점돌파,0.89,3.97,2026-08-07
CTM,4.1,0.615,5347117,1292702,3.29,0.96,3.4,-23.4,0.8,강한매도,위꼬리양봉,전저점이탈,0.1,-2.23,2026-08-07
SUJA,4.1,6.26,687467,167449,4.3,4.25,1.0,0.2,-1.6,중립,팽이도지,전저점부근,0.33,0.55,2026-08-07
ZCMD,4.1,1.08,9253758,2269134,9.99,7.9,1.3,8.3,-7.7,매도주의,장대음봉,완만한상승,0.0,-1.7,2026-08-07
BSM,4.0,14.1,1627312,409626,22.95,5.72,4.0,-0.5,-0.1,중립,망치형,잔구간,0.73,0.64,2026-08-07
SOUX,4.0,16.11,358020,89128,5.77,1.61,3.6,2.3,23.4,강한매수,장대양봉,완만한상승,0.9,3.38,2026-08-07
BAER,4.0,1.26,4210892,1051815,5.31,2.39,2.2,-24.9,-0.8,중립,팽이도지,전저점이탈,0.52,-0.73,2026-08-07
ASIX,4.0,16.48,719145,178768,11.85,3.61,3.3,-18.5,0.5,매수관심,양봉스프링,전저점이탈,0.84,1.16,2026-08-07
SSP,4.0,3.32,1914394,480606,6.36,1.66,3.8,-2.7,15.7,강한매수,양봉,전고점돌파,0.56,2.27,2026-08-07
QDEL,4.0,12.285,4890329,1214642,60.08,21.24,2.8,-22.4,-3.0,중립,팽이도지,전저점이탈,0.48,-0.77,2026-08-07
BSCQ,4.0,19.545,2950758,736676,57.67,17.25,3.3,0.0,0.0,매수관심,양봉,완만한상승,0.5,1.6,2026-08-07
TDUP,3.9,3.21,6839450,1740342,21.95,14.95,1.5,3.5,-0.3,중립,팽이도지,잔구간,0.57,0.04,2026-08-07
MITK,3.9,18.49,2079248,534581,38.45,9.69,4.0,21.9,-9.8,중립,음봉,전고점돌파,0.37,0.64,2026-08-07
AKBA,3.8,0.91,10934392,2906358,9.95,4.47,2.2,0.7,-5.3,매도주의,장대음봉,잔구간,0.31,-1.115,2026-08-07
ALGS,3.7,5.59,335799,90230,1.88,0.59,3.2,-0.2,1.6,중립,팽이도지,전고점부근,0.38,-0.59,2026-08-07
PN,3.7,3.21,2568782,690459,8.25,34.79,0.2,-63.8,7.0,중립,팽이도지,전저점이탈,0.62,-0.61,2026-08-07
SPT,3.7,10.34,3395229,926986,35.11,8.35,4.2,17.3,7.6,강한매수,장대양봉,전고점돌파,0.88,3.96,2026-08-07
XIIIU,3.7,10.45,692727,187609,7.24,17.22,0.4,0.5,-0.5,중립,음봉,완만한상승,0.5,0.2,2026-08-07
MYO,3.7,1.42,1279680,346816,1.82,0.57,3.2,-1.5,10.1,강한매수,장대양봉,완만한상승,0.89,3.37,2026-08-07
XFOR,3.7,4.64,1597331,431639,7.41,2.17,3.4,2.2,8.9,강한매수,장대양봉,전고점돌파,0.7,3.74,2026-08-07
MAKO,3.6,9.54,468057,130275,4.47,1.02,4.4,3.7,6.2,강한매수,장대양봉,전고점돌파,0.92,4.0,2026-08-07
GTN,3.6,5.37,4324507,1197151,23.22,4.87,4.8,11.0,13.1,강한매수,장대양봉,전고점돌파,0.86,3.93,2026-08-07
TLSI,3.6,5.61,700849,197171,3.93,0.85,4.7,1.4,13.6,강한매수,장대양봉,전고점돌파,0.87,3.94,2026-08-07
MNDR,3.6,1.77,773130,214907,1.37,0.37,3.7,0.0,0.0,중립,위꼬리양봉,완만한상승,0.16,-0.51,2026-08-07
DTI,3.5,2.28,656392,188503,1.5,0.52,2.9,0.9,-3.8,중립,음봉,수횡파,0.32,-0.32,2026-08-07
MBGL,3.5,19.7,10921349,3126079,215.15,75.04,2.9,-1.7,-3.3,매도주의,음봉,전저점이탈,0.5,-1.45,2026-08-07
WEN,3.5,7.69,18286071,5210409,140.62,51.15,2.7,-4.2,8.6,강한매수,장대양봉,완만한상승,0.94,3.43,2026-08-07
LOFF,3.5,13.86,9220079,2659958,127.79,24.06,5.3,-0.1,31.1,강한매수,장대양봉,전고점돌파,0.98,4.08,2026-08-07
MAGN,3.4,12.91,1201956,355747,15.52,6.28,2.5,-3.7,7.0,매수관심,장대양봉,잔구간,0.88,1.23,2026-08-07
ARKO,3.4,5.66,2166559,638418,12.26,4.92,2.5,-7.3,-16.3,강한매도,장대음봉,전저점이탈,0.06,-3.28,2026-08-07
TBCH,3.4,13.95,961214,285503,13.41,3.68,3.6,4.9,5.9,강한매수,장대양봉,완만한상승,0.74,3.19,2026-08-07
CIA,3.4,3.8,395286,115777,1.5,0.58,2.6,-4.8,-12.6,강한매도,장대음봉,전저점이탈,0.13,-3.19,2026-08-07
CCOI,3.4,9.92,4212948,1249702,41.79,16.86,2.5,0.5,-9.6,매도주의,음봉,전저점이탈,0.43,-1.53,2026-08-07
NRDS,3.4,9.91,1903172,552258,18.86,5.55,3.4,10.2,1.7,강한매수,양봉스프링,전고점돌파,0.93,3.52,2026-08-07
INSG,3.3,5.51,845766,253617,4.66,2.97,1.6,2.2,1.7,강한매수,양봉스프링,완만한상승,0.87,2.84,2026-08-07
LZ,3.3,5.77,6628120,2000164,38.24,21.51,1.8,1.7,0.2,중립,팽이도지,완만한상승,0.29,0.65,2026-08-07
SSMR,3.3,16.07,411367,124333,6.61,2.53,2.6,2.5,1.6,중립,위꼬리양봉,완만한상승,0.43,-0.18,2026-08-07
PUSA,3.3,3.45,937406,281219,3.23,2.59,1.2,2.3,10.6,강한매수,양봉,전고점돌파,0.67,2.4,2026-08-07
TBI,3.2,10.2,726492,228379,7.41,3.1,2.4,-0.9,0.9,중립,위꼬리양봉,완만한상승,0.17,-0.5,2026-08-07
MFIC,3.2,9.76,2010249,632796,19.62,5.5,3.6,0.0,0.5,중립,팽이도지,잔구간,0.47,-0.02,2026-08-07
ONL,3.2,2.82,938612,289315,2.65,0.7,3.8,7.3,1.1,중립,위꼬리양봉,전고점돌파,0.28,0.24,2026-08-07
IHS,3.2,8.35,1139388,357958,9.51,14.63,0.7,-0.2,1.6,강한매수,장대양봉,전고점돌파,1.0,4.1,2026-08-07
OSG,3.1,4.93,1125686,357809,5.55,1.73,3.2,-9.7,-3.5,매도주의,음봉,전저점이탈,0.33,-1.65,2026-08-07
BOLD,3.1,2.89,940376,307981,2.72,0.6,4.5,-1.4,3.2,강한매수,양봉,완만한상승,0.94,2.13,2026-08-07
KRP,3.1,14.98,2352143,750062,35.24,10.36,3.4,5.4,-2.0,강한매도,장대음봉,전고점부근,0.13,-3.89,2026-08-07
PRAA,3.1,19.79,1098913,358041,21.75,6.72,3.2,12.0,-2.7,중립,위꼬리음봉,전고점돌파,0.09,-0.49,2026-08-07
KRMD,3.1,3.55,396914,128816,1.41,0.89,1.6,0.0,-0.3,매도주의,위꼬리음봉,잔구간,0.18,-0.94,2026-08-07
SPCF,3.1,13.86,12279272,3970241,170.19,37.39,4.6,-0.1,31.5,강한매수,장대양봉,전고점돌파,0.98,4.08,2026-08-07
BLND,3.1,1.63,5551521,1818455,9.05,3.54,2.6,-10.3,-6.9,강한매도,음봉,전저점이탈,0.04,-2.0,2026-08-07
DCH,3.0,6.35,9084387,3016036,57.69,17.02,3.4,9.5,2.3,중립,위꼬리양봉,전고점돌파,0.28,0.24,2026-08-07
TMC,3.0,4.57,11868042,3979039,54.24,15.22,3.6,8.0,2.7,강한매수,양봉,전고점돌파,0.6,2.32,2026-08-07
NNBR,3.0,3.77,5140551,1725327,19.38,10.35,1.9,-0.5,-2.1,매도주의,위꼬리음봉,잔구간,0.24,-0.905,2026-08-07
MNR,3.0,12.96,522688,176288,6.77,2.68,2.5,-2.8,0.1,매도주의,팽이도지,전저점이탈,0.33,-0.95,2026-08-07
MRVI,3.0,6.23,4077591,1362415,25.4,11.29,2.3,-10.4,11.3,매수관심,장대양봉,잔구간,0.97,1.28,2026-08-07
ELE,3.0,19.17,489287,162383,9.38,3.31,2.8,5.7,1.7,강한매수,양봉,전고점돌파,0.69,2.43,2026-08-07
BLNK,2.9,0.612,3792212,1292731,2.32,0.81,2.9,-0.9,14.4,강한매수,장대양봉,전고점돌파,0.82,3.88,2026-08-07
EIDO,2.9,12.91,2681996,932126,34.62,13.29,2.6,1.9,0.5,강한매수,장대양봉,전고점돌파,0.94,4.03,2026-08-07
BTG,2.9,5.03,71405353,24321913,359.17,82.96,4.3,6.4,15.6,강한매수,장대양봉,전고점돌파,0.93,4.02,2026-08-07
NHP,2.9,16.95,1069918,367666,18.14,8.6,2.1,0.1,0.7,매수관심,팽이도지,완만한상승,0.43,0.82,2026-08-07
PLTZ,2.9,10.25,7834167,2684778,80.3,42.98,1.9,-5.1,-15.9,강한매도,장대음봉,전저점이탈,0.04,-3.3,2026-08-07
ALEC,2.9,1.78,1247033,430155,2.22,1.56,1.4,0.5,-3.3,매도주의,위꼬리음봉,잔구간,0.15,-0.96,2026-08-07
SBGI,2.9,14.2,1245380,423844,17.68,7.34,2.4,-0.2,-3.6,매도주의,장대음봉,잔구간,0.06,-1.265,2026-08-07
SVV,2.8,12.22,2947017,1042852,36.01,10.55,3.4,4.5,7.2,강한매수,양봉,전고점돌파,0.74,2.49,2026-08-07
APPX,2.8,16.14,1814052,646072,29.28,23.87,1.2,1.1,5.1,강한매수,장대양봉,완만한상승,0.69,3.13,2026-08-07
MATV,2.8,12.89,1414642,497763,18.23,4.99,3.7,-2.5,13.2,강한매수,장대양봉,전고점돌파,1.0,4.1,2026-08-07
OCSL,2.8,12.96,1264096,455230,16.38,6.52,2.5,-0.1,2.0,강한매수,장대양봉,전고점돌파,0.63,3.66,2026-08-07
BCSF,2.8,13.11,801911,283034,10.51,3.34,3.1,-0.5,1.9,강한매수,장대양봉,전고점돌파,0.69,3.73,2026-08-07
CHRS,2.8,1.27,1600233,563634,2.03,1.18,1.7,0.4,0.0,중립,위꼬리양봉,완만한상승,0.19,-0.47,2026-08-07
SVCO,2.8,7.65,1024094,370598,7.83,3.19,2.5,-10.9,-0.3,중립,망치형,잔구간,0.77,0.66,2026-08-07
GAIN,2.8,16.59,547700,196605,9.09,3.29,2.8,-1.5,-0.1,중립,팽이도지,잔구간,0.64,0.085,2026-08-07
DCTH,2.8,15.11,1212750,437190,18.32,9.29,2.0,1.3,-3.6,중립,음봉,잔구간,0.1,-0.59,2026-08-07
FNKO,2.8,5.88,3280385,1187095,19.29,7.61,2.5,30.8,-14.8,매도주의,장대음봉,잔구간,0.19,-1.185,2026-08-07
KLTR,2.7,1.75,719519,262479,1.26,3.29,0.4,-0.6,2.3,매수관심,양봉,완만한상승,0.73,1.88,2026-08-07
TMCI,2.7,4.76,880021,331607,4.19,1.67,2.5,17.1,-7.2,중립,음봉,완만한상승,0.4,0.08,2026-08-07
FUN,2.7,16.37,5042065,1882561,82.54,42.16,2.0,-1.5,5.5,강한매수,장대양봉,완만한상승,0.89,3.37,2026-08-07
MBI,2.7,5.11,1177235,436459,6.02,2.77,2.2,-1.1,-2.1,중립,팽이도지,잔구간,0.51,0.005,2026-08-07
LOMA,2.7,10.44,912681,343383,9.53,3.56,2.7,2.2,-5.3,강한매도,장대음봉,전저점이탈,0.28,-3.01,2026-08-07
PGF,2.7,13.58,330165,122268,4.48,1.7,2.6,0.7,-0.4,중립,음봉,완만한상승,0.44,0.13,2026-08-07
KRO,2.7,8.59,836297,308313,7.18,3.59,2.0,0.9,3.5,강한매수,양봉,완만한상승,0.93,2.12,2026-08-07
UAE,2.6,19.74,350939,132653,6.93,2.53,2.7,-0.3,0.7,강한매수,장대양봉,완만한상승,1.0,3.5,2026-08-07
API,2.6,4.46,605679,237306,2.7,0.97,2.8,0.2,7.2,강한매수,장대양봉,전고점돌파,0.89,3.97,2026-08-07
FIGS,2.6,14.26,11255426,4362234,160.5,36.38,4.4,35.2,-6.2,중립,음봉,전고점돌파,0.07,0.28,2026-08-07
EOLS,2.6,7.59,1631994,638609,12.39,5.94,2.1,-1.8,4.3,강한매수,양봉,전고점돌파,0.64,2.37,2026-08-07
AGBK,2.6,6.2,1020273,390225,6.33,2.95,2.1,0.6,-3.1,중립,음봉,전저점부근,0.35,-0.13,2026-08-07
THRY,2.6,2.44,2386967,923558,5.82,2.88,2.0,12.2,-11.6,매도주의,장대음봉,잔구간,0.11,-1.235,2026-08-07
SERV,2.6,5.085,10084460,3810372,51.28,20.27,2.5,-13.2,3.1,중립,양봉,잔구간,0.74,0.495,2026-08-07
III,2.6,5.19,463751,175145,2.41,1.0,2.4,-0.2,4.0,강한매수,양봉,전고점돌파,0.85,2.62,2026-08-07
RSKD,2.6,5.35,1261696,487340,6.75,2.84,2.4,0.2,2.9,매수관심,장대양봉,잔구간,1.0,1.3,2026-08-07
VSTM,2.6,6.74,4319009,1673387,29.11,10.99,2.6,12.5,1.4,매수관심,팽이도지,전고점돌파,0.67,1.7,2026-08-07
CYRX,2.6,15.12,1069240,410237,16.17,7.81,2.1,3.5,-0.7,강한매수,망치형,완만한상승,0.73,2.18,2026-08-07
IE,2.6,11.02,4158368,1602309,45.83,16.57,2.8,4.6,-1.5,매도주의,음봉,전고점부근,0.27,-1.43,2026-08-07
MSTX,2.6,9.13,12334825,4782705,112.62,49.11,2.3,9.2,-2.7,중립,팽이도지,완만한상승,0.37,0.74,2026-08-07
MSIF,2.6,12.48,814532,311987,10.17,3.63,2.8,0.4,5.3,강한매수,장대양봉,전고점돌파,0.74,3.79,2026-08-07
ZIP,2.6,5.14,1861868,702926,9.57,3.3,2.9,0.0,9.8,강한매수,장대양봉,전고점돌파,0.69,3.73,2026-08-07
CANE,2.6,10.65,628706,237892,6.7,2.39,2.8,1.1,3.3,강한매수,장대양봉,전고점돌파,1.0,4.1,2026-08-07
PBYI,2.6,8.91,683333,267140,6.09,2.2,2.8,0.4,9.3,강한매수,양봉,전고점돌파,0.62,2.34,2026-08-07
NMG,2.6,1.38,933090,356120,1.29,0.5,2.6,3.0,1.5,매수관심,팽이도지,완만한상승,0.5,0.9,2026-08-07
RC,2.6,1.71,2575015,1007191,4.4,1.51,2.9,0.6,9.6,강한매수,장대양봉,전고점돌파,0.62,3.64,2026-08-07
LESL,2.6,1.17,3728939,1461648,4.36,1.45,3.0,1.3,-24.0,중립,음봉,잔구간,0.25,-0.5,2026-08-07
WEST,2.5,8.23,943867,373559,7.77,2.99,2.6,-13.5,17.6,강한매수,장대양봉,수횡파,1.0,4.2,2026-08-07
PAR,2.5,17.81,1896597,761809,33.78,15.2,2.2,8.1,-3.7,중립,음봉,완만한상승,0.56,0.27,2026-08-07
PLTK,2.5,2.94,2637326,1040595,7.75,4.22,1.8,-0.9,-9.8,강한매도,장대음봉,전저점이탈,0.08,-3.25,2026-08-07
IONZ,2.5,2.63,11991202,4709697,31.54,23.2,1.4,-3.5,-21.3,강한매도,장대음봉,전저점이탈,0.04,-3.3,2026-08-07
LITZ,2.5,10.07,2564900,1009740,25.83,16.12,1.6,-8.3,-4.5,강한매수,망치형,전저점부근,0.61,2.88,2026-08-07
MITT,2.5,7.09,409520,164649,2.9,1.26,2.3,0.3,1.3,매수관심,장대양봉,잔구간,0.72,1.13,2026-08-07
CGC,2.5,0.97,5197462,2062456,5.04,2.08,2.4,6.2,-2.0,중립,음봉,전고점돌파,0.0,0.2,2026-08-07
CIFG,2.5,5.064,966343,392036,4.89,2.6,1.9,5.8,-16.4,강한매도,장대음봉,전저점이탈,0.1,-3.23,2026-08-07
DERM,2.5,6.43,390884,156075,2.51,1.09,2.3,1.4,-2.9,중립,음봉,수횡파,0.08,-0.6,2026-08-07
UAA,2.5,6.11,15958751,6305478,97.51,49.39,2.0,-4.7,0.2,중립,팽이도지,전저점이탈,0.67,-0.55,2026-08-07
VISN,2.5,10.94,16667708,6735961,182.34,86.55,2.1,1.0,7.3,강한매수,장대양봉,완만한상승,0.97,3.46,2026-08-07
UUUG,2.5,4.61,842406,334949,3.88,0.94,4.1,12.2,6.0,강한매수,양봉,전고점돌파,0.52,2.22,2026-08-07
TCPC,2.5,4.11,1829275,722812,7.52,3.03,2.5,-1.0,6.5,강한매수,장대양봉,전고점돌파,0.86,3.93,2026-08-07
SPCM,2.5,14.18,3705175,1474946,52.54,11.22,4.7,0.1,31.3,강한매수,장대양봉,전고점돌파,0.98,4.08,2026-08-07
CIFU,2.5,12.38,1051563,421307,13.02,8.01,1.6,7.4,-17.6,강한매도,장대음봉,전저점이탈,0.09,-3.24,2026-08-07
AREC,2.4,2.74,5443856,2299899,14.92,4.02,3.7,4.0,16.1,강한매수,장대양봉,전고점돌파,0.98,4.08,2026-08-07
INTR,2.4,5.27,10938696,4494186,57.65,23.94,2.4,1.6,-9.3,강한매도,장대음봉,전저점이탈,0.08,-3.25,2026-08-07
EIKN,2.4,9.29,662654,272670,6.16,2.62,2.3,2.6,-1.7,매도주의,위꼬리음봉,수횡파,0.08,-1.4,2026-08-07
BTGO,2.4,5.06,1802115,749981,9.12,4.48,2.0,1.0,0.4,강한매수,양봉스프링,완만한상승,0.8,2.76,2026-08-07
SPCU,2.4,11.11,14240944,5885727,158.22,33.15,4.8,-0.1,31.8,강한매수,장대양봉,전고점돌파,0.99,4.09,2026-08-07
SOPH,2.4,7.71,963740,398601,7.43,2.64,2.8,1.2,13.9,강한매수,장대양봉,전고점돌파,0.88,3.96,2026-08-07
TUSK,2.4,3.39,480895,201501,1.63,0.54,3.0,2.0,13.0,강한매수,장대양봉,전고점돌파,0.83,3.9,2026-08-07
UA,2.4,5.93,5614676,2303224,33.3,16.82,2.0,-4.3,-1.2,중립,팽이도지,전저점이탈,0.55,-0.69,2026-08-07
PWRL,2.4,11.66,310363,131594,3.62,1.48,2.4,-1.3,8.5,강한매수,장대양봉,완만한상승,0.85,3.32,2026-08-07
CION,2.4,7.51,1361354,576787,10.22,3.96,2.6,-0.4,3.6,매수관심,장대양봉,전고점부근,0.66,1.74,2026-08-07
LIDR,2.4,1.32,2223000,930590,2.93,1.43,2.1,-2.5,10.9,강한매수,장대양봉,전고점돌파,0.97,4.06,2026-08-07
OKLL,2.4,3.73,31276351,12846150,116.66,33.97,3.4,9.9,17.9,강한매수,장대양봉,전고점돌파,0.82,3.88,2026-08-07
NML,2.4,10.16,384098,163069,3.9,1.57,2.5,0.3,0.6,매수관심,양봉,완만한상승,0.5,1.6,2026-08-07
LYFT,2.4,17.46,23957296,9985413,418.29,187.63,2.2,3.2,3.8,강한매수,양봉,전고점돌파,0.91,2.69,2026-08-07
GSBD,2.3,9.75,2147695,931893,20.94,8.02,2.6,-1.0,8.3,강한매수,장대양봉,전고점돌파,0.91,3.99,2026-08-07
VZLA,2.3,3.74,10114096,4344471,37.83,15.66,2.4,5.4,0.5,매수관심,팽이도지,전고점돌파,0.61,1.63,2026-08-07
TXO,2.3,13.75,311494,134066,4.28,1.51,2.8,-0.3,2.3,강한매수,양봉,전고점돌파,0.93,2.72,2026-08-07
BETR,2.3,15.46,1219522,528377,18.85,14.11,1.3,-4.4,-2.8,매도주의,팽이도지,전저점이탈,0.33,-0.95,2026-08-07
CVV,2.3,8.18,374584,164073,3.06,0.94,3.3,2.6,-4.4,중립,음봉,잔구간,0.0,-0.65,2026-08-07
GRNT,2.3,4.88,1425826,624126,6.96,3.12,2.2,3.6,1.0,매수관심,팽이도지,전고점돌파,0.53,1.54,2026-08-07
TIPX,2.3,18.61,1218720,537234,22.68,8.96,2.5,0.2,-0.1,매도주의,장대음봉,잔구간,0.33,-1.1,2026-08-07
TEO,2.3,13.83,318086,140829,4.4,2.87,1.5,1.7,-1.4,매도주의,장대음봉,완만한상승,0.37,-1.26,2026-08-07
SMJF,2.3,8.35,1749342,757318,14.61,6.06,2.4,-0.2,2.1,강한매수,장대양봉,완만한상승,0.64,3.07,2026-08-07
IEP,2.3,7.455,1752407,761823,13.06,6.73,1.9,0.8,-3.1,매도주의,장대음봉,잔구간,0.18,-1.19,2026-08-07
SG,2.3,5.4,17408493,7649465,94.01,35.84,2.6,-7.5,-0.6,중립,팽이도지,전저점이탈,0.63,-0.59,2026-08-07
BBDC,2.3,9.22,1471806,649644,13.57,5.41,2.5,0.0,0.2,중립,팽이도지,전고점부근,0.55,-0.39,2026-08-07
SMRT,2.2,1.42,1791538,810996,2.54,2.17,1.2,0.7,2.9,강한매수,양봉,전고점돌파,0.92,2.7,2026-08-07
HMY,2.2,19.7,5496767,2484067,108.29,42.09,2.6,10.9,-1.5,중립,음봉,전고점돌파,0.41,0.69,2026-08-07
IAG,2.2,18.32,12387822,5698485,226.94,82.37,2.8,7.6,6.2,강한매수,장대양봉,전고점돌파,0.97,4.06,2026-08-07
ARLO,2.2,15.23,2594270,1200043,39.51,17.66,2.2,3.3,-4.7,중립,음봉,잔구간,0.21,-0.525,2026-08-07
GLDG,2.2,1.02,1235890,573400,1.26,0.55,2.3,2.4,3.3,강한매수,장대양봉,전고점돌파,0.62,3.64,2026-08-07
GORO,2.2,2.53,1705313,773996,4.31,2.67,1.6,4.2,14.5,강한매수,장대양봉,전고점돌파,0.94,4.03,2026-08-07
DFLI,2.2,1.32,1344751,604420,1.78,0.55,3.2,-4.3,17.9,매수관심,양봉,완만한상승,0.59,1.71,2026-08-07
WDCX,2.2,16.91,4292584,1932134,72.59,51.88,1.4,2.8,-10.1,매도주의,장대음봉,잔구간,0.33,-1.1,2026-08-07
AVO,2.2,13.2,1340772,603433,17.7,9.99,1.8,1.7,3.4,강한매수,장대양봉,전고점돌파,0.88,3.96,2026-08-07
OPRT,2.2,8.09,1109014,502975,8.97,4.1,2.2,2.5,-1.9,강한매수,망치형,완만한상승,0.71,2.15,2026-08-07
OFRM,2.2,17.93,1001114,451575,17.95,6.86,2.6,-4.6,7.9,강한매수,양봉,전고점돌파,1.0,2.8,2026-08-07
NAMM,2.2,1.35,781254,363345,1.05,0.51,2.1,5.1,-6.2,중립,음봉,잔구간,0.11,-0.585,2026-08-07
NSLR,2.2,9.6,383729,171055,3.68,2.41,1.5,1.6,-1.9,중립,음봉,전저점부근,0.17,-0.35,2026-08-07
NEWT,2.2,13.53,498344,229412,6.74,3.15,2.1,-1.7,-8.0,강한매도,장대음봉,전저점이탈,0.16,-3.16,2026-08-07
EGY,2.2,5.55,2227670,1031766,12.36,5.81,2.1,6.7,0.8,중립,위꼬리양봉,전고점돌파,0.26,0.21,2026-08-07
BYND,2.1,0.538,61614144,29110871,33.13,15.48,2.1,-0.9,2.8,매수관심,양봉,완만한상승,0.42,1.5,2026-08-07
BZUN,2.1,2.96,367593,171158,1.09,0.74,1.5,1.4,0.7,중립,팽이도지,잔구간,0.73,0.14,2026-08-07
PBR,2.1,17.96,28530069,13883166,512.4,264.75,1.9,1.2,-4.2,강한매도,장대음봉,전저점이탈,0.04,-3.3,2026-08-07
LZM,2.1,4.12,828694,401501,3.41,1.42,2.4,-3.6,8.4,강한매수,장대양봉,전고점돌파,0.78,3.84,2026-08-07
EPRX,2.1,6.77,475864,229245,3.22,2.95,1.1,2.7,-1.0,강한매수,망치형,전고점돌파,0.67,2.7,2026-08-07
HLF,2.1,12.35,2321126,1097771,28.67,17.85,1.6,0.8,6.5,매수관심,장대양봉,잔구간,0.99,1.295,2026-08-07
SPAL,2.1,13.97,5058316,2380629,70.66,19.45,3.6,-0.2,31.7,강한매수,장대양봉,전고점돌파,0.99,4.09,2026-08-07
SPAX,2.1,8.39,10540101,5098137,88.43,23.07,3.8,0.2,31.7,강한매수,장대양봉,전고점돌파,0.99,4.09,2026-08-07
SOUN,2.1,8.02,65224973,31075092,523.1,254.65,2.1,1.7,11.4,강한매수,장대양봉,완만한상승,0.9,3.38,2026-08-07
SSPC,2.1,12.81,40976358,19092365,524.91,332.59,1.6,-0.3,-31.0,강한매도,장대음봉,전저점이탈,0.02,-3.33,2026-08-07
AQN,2.1,5.74,5635917,2738366,32.35,23.22,1.4,-2.1,2.0,중립,양봉,잔구간,0.91,0.595,2026-08-07
XRAY,2.1,12.12,8574267,4119513,103.92,63.68,1.6,1.4,-9.3,강한매도,장대음봉,전저점이탈,0.07,-3.27,2026-08-07
AIRS,2.1,5.01,714885,343366,3.58,1.65,2.2,0.2,4.8,매수관심,양봉,완만한상승,0.55,1.66,2026-08-07
RLMD,2.1,4.94,2125224,1028805,10.5,6.36,1.7,1.4,-9.3,강한매도,장대음봉,전저점이탈,0.1,-3.23,2026-08-07
RLJ,2.1,11.13,3808758,1816469,42.39,20.77,2.0,0.5,-7.1,강한매도,장대음봉,전저점이탈,0.04,-3.3,2026-08-07
INGN,2.1,6.05,599111,282920,3.62,1.47,2.5,-9.2,2.6,중립,팽이도지,전저점이탈,0.68,-0.53,2026-08-07
IOVA,2.1,6.34,30970676,14875804,196.35,99.85,2.0,5.8,-3.5,중립,팽이도지,전고점부근,0.44,-0.52,2026-08-07
PAYS,2.1,12.48,1207430,568003,15.07,8.59,1.8,1.9,-1.3,매수관심,팽이도지,완만한상승,0.55,0.96,2026-08-07
MSTW,2.1,3.43,782259,372298,2.68,1.27,2.1,5.5,-1.4,중립,팽이도지,완만한상승,0.39,0.77,2026-08-07
ZNTL,2.0,4.22,1578420,804585,6.66,4.22,1.6,-6.4,-9.8,매도주의,음봉,전저점이탈,0.26,-1.74,2026-08-07
MSTU,2.0,1.995,222870841,113886888,444.63,203.53,2.2,8.8,-2.2,중립,팽이도지,완만한상승,0.37,0.74,2026-08-07
MARO,2.0,4.21,690319,343001,2.91,1.61,1.8,1.8,-6.9,강한매도,장대음봉,전저점이탈,0.36,-2.92,2026-08-07
CLOV,2.0,4.76,7673360,3793991,36.53,19.73,1.9,1.3,0.8,매수관심,팽이도지,완만한상승,0.47,0.86,2026-08-07
ASPN,2.0,6.25,2299448,1145510,14.37,14.57,1.0,2.2,-11.2,중립,음봉,잔구간,0.4,-0.41,2026-08-07
SHNY,2.0,9.66,1356382,675968,13.1,7.38,1.8,7.4,-0.7,중립,음봉,전고점돌파,0.39,0.67,2026-08-07
FATE,2.0,2.8,4015589,1962850,11.24,5.26,2.1,1.6,10.7,강한매수,장대양봉,전고점돌파,0.8,3.86,2026-08-07
HLLY,2.0,3.17,1321155,645551,4.19,2.19,1.9,1.3,3.9,강한매수,장대양봉,완만한상승,0.6,3.02,2026-08-07
GTE,2.0,8.96,1091499,536223,9.78,24.79,0.4,-3.0,-2.5,중립,음봉,잔구간,0.31,-0.465,2026-08-07
UWMC,2.0,1.28,37907523,19150150,48.52,41.79,1.2,5.8,0.8,매수관심,양봉스프링,잔구간,0.76,0.905,2026-08-07
PROP,2.0,0.799,2000229,1018029,1.6,0.85,1.9,-2.0,8.7,강한매수,장대양봉,전고점돌파,0.68,3.72,2026-08-07
OGG,2.0,2.8,2936284,1435649,8.22,4.2,2.0,4.2,1.8,중립,양봉,전고점부근,0.45,0.19,2026-08-07
INFH,2.0,7.45,406305,203793,3.03,1.41,2.1,2.1,11.7,강한매수,장대양봉,전고점돌파,0.93,4.02,2026-08-07
IMPP,2.0,4.61,422138,213513,1.95,1.05,1.8,-0.4,-0.4,중립,망치형,잔구간,0.63,0.58,2026-08-07
SWIM,1.9,7.48,1544244,807925,11.55,6.36,1.8,-0.3,3.9,매수관심,장대양봉,전고점부근,0.7,1.79,2026-08-07
WHWK,1.9,4.76,600056,319407,2.86,1.82,1.6,-0.2,1.5,중립,팽이도지,전고점부근,0.59,-0.34,2026-08-07
MMED,1.9,19.6,1629894,873370,31.95,20.56,1.6,-0.3,6.7,강한매수,장대양봉,전고점돌파,0.88,3.96,2026-08-07
NCT,1.9,3.5,2190395,1153007,7.67,3.63,2.1,-1.1,0.6,중립,팽이도지,수횡파,0.64,0.77,2026-08-07
WRD,1.9,6.3,2335594,1239359,14.71,9.51,1.5,1.5,5.2,강한매수,장대양봉,전고점돌파,1.0,4.1,2026-08-07
ASM,1.9,6.88,5576381,2946290,38.37,18.04,2.1,6.6,1.2,매수관심,팽이도지,전고점돌파,0.67,1.7,2026-08-07
OXSQ,1.9,1.49,2894389,1517444,4.31,2.19,2.0,0.7,-0.7,중립,음봉,완만한상승,0.33,-0.0,2026-08-07
BUYW,1.9,14.52,617285,324975,8.96,5.84,1.5,-0.1,-0.3,중립,음봉,잔구간,0.05,-0.62,2026-08-07
BTCS,1.9,1.11,949125,498313,1.05,0.58,1.8,1.4,2.8,매수관심,양봉,완만한상승,0.38,1.46,2026-08-07
CRCT,1.9,5.84,1258399,664692,7.35,4.71,1.6,-0.7,-3.2,중립,음봉,잔구간,0.28,-0.48,2026-08-07
ITRG,1.9,2.57,3453144,1805698,8.87,5.51,1.6,5.4,1.2,강한매수,양봉스프링,전고점돌파,0.91,3.49,2026-08-07
RDWU,1.9,10.58,2412880,1276546,25.53,7.43,3.4,9.1,18.2,강한매수,장대양봉,전고점돌파,0.92,4.0,2026-08-07
GMRS,1.9,12.58,451618,240040,5.68,3.5,1.6,-0.5,3.9,중립,양봉,잔구간,0.58,0.4,2026-08-07
DNOW,1.9,16.52,4134246,2173677,68.3,35.35,1.9,4.0,3.2,강한매수,양봉,전고점돌파,0.83,2.6,2026-08-07
USGG,1.9,8.325,629188,325292,5.24,1.52,3.4,11.5,9.1,강한매수,장대양봉,전고점돌파,0.8,3.86,2026-08-07
HSLV,1.9,5.2,493622,257984,2.57,1.47,1.7,5.5,0.8,중립,위꼬리양봉,전고점돌파,0.45,0.44,2026-08-07
TPVG,1.9,5.2,344027,182719,1.79,1.12,1.6,-0.2,-0.4,중립,팽이도지,잔구간,0.47,-0.02,2026-08-07
LFMD,1.9,3.56,1265525,652105,4.51,4.58,1.0,0.3,4.4,매수관심,양봉,완만한상승,0.72,1.86,2026-08-07
CNTX,1.9,0.484,2427162,1246506,1.17,1.16,1.0,1.2,-5.1,중립,음봉,전저점부근,0.08,-0.45,2026-08-07
LX,1.9,1.46,1865378,1001946,2.72,2.49,1.1,0.7,0.0,강한매수,양봉스프링,완만한상승,0.89,2.87,2026-08-07
ABEO,1.8,7.24,1396870,774805,10.11,6.23,1.6,1.0,3.9,강한매수,장대양봉,전고점돌파,0.83,3.9,2026-08-07
FWRD,1.8,19.35,1196511,668130,23.15,10.91,2.1,1.9,6.7,강한매수,장대양봉,전고점돌파,0.68,3.72,2026-08-07
SPCQ,1.8,15.8,2199783,1224555,34.76,27.78,1.3,1.0,-32.1,강한매도,장대음봉,전저점이탈,0.0,-3.35,2026-08-07
DBVT,1.8,13.48,698713,379493,9.42,6.09,1.5,1.5,-3.4,중립,음봉,잔구간,0.23,-0.51,2026-08-07
AURA,1.8,7.99,538278,304466,4.3,2.64,1.6,1.2,2.3,강한매수,장대양봉,전고점돌파,0.96,4.05,2026-08-07
TDAY,1.8,7.25,3729965,2071291,27.04,18.75,1.4,-1.1,-8.3,매도주의,장대음봉,잔구간,0.19,-1.185,2026-08-07
CYPH,1.8,0.689,1970487,1123344,1.36,0.71,1.9,-0.4,2.6,중립,위꼬리양봉,완만한상승,0.3,-0.34,2026-08-07
GDXY,1.8,11.05,973265,552223,10.75,5.57,1.9,3.2,1.7,강한매수,장대양봉,전고점돌파,0.77,3.82,2026-08-07
EFC,1.8,13.6,2231603,1221768,30.35,15.52,2.0,2.4,1.1,중립,양봉,전고점부근,0.61,0.38,2026-08-07
DSP,1.8,13.24,400530,222329,5.3,2.62,2.0,2.0,5.3,강한매수,양봉,전고점돌파,0.77,2.52,2026-08-07
MSDL,1.8,15.43,761492,425834,11.75,7.96,1.5,-0.3,0.2,중립,팽이도지,잔구간,0.49,-0.005,2026-08-07
CARS,1.8,12.32,1174343,642879,14.47,8.44,1.7,1.2,3.7,중립,위꼬리양봉,잔구간,0.3,-0.62,2026-08-07
WVE,1.8,6.1,4556372,2564587,27.79,14.07,2.0,2.2,-0.8,강한매수,망치형,완만한상승,0.76,2.21,2026-08-07
VFF,1.8,2.08,1371761,755970,2.85,1.47,1.9,0.5,1.5,강한매수,양봉,전고점돌파,0.43,2.12,2026-08-07
ASTI,1.8,3.58,759869,431385,2.72,1.26,2.2,2.5,8.5,강한매수,장대양봉,완만한상승,0.75,3.2,2026-08-07
VITL,1.8,12.24,2738032,1510642,33.51,19.92,1.7,2.9,-4.9,매도주의,장대음봉,잔구간,0.3,-1.12,2026-08-07
CRVS,1.8,13.92,1370051,752910,19.07,10.28,1.9,-6.9,7.9,강한매수,장대양봉,완만한상승,0.93,3.42,2026-08-07
HYT,1.8,8.41,1491854,841803,12.55,6.81,1.8,0.1,-0.1,매도주의,위꼬리음봉,완만한상승,0.25,-0.9,2026-08-07
SHC,1.8,18.86,3375801,1908653,63.67,54.73,1.2,4.6,-4.7,매도주의,장대음봉,잔구간,0.15,-1.21,2026-08-07
CRON,1.8,3.1,2086310,1151603,6.47,4.5,1.4,2.0,-1.0,중립,음봉,완만한상승,0.33,-0.0,2026-08-07
IFRX,1.8,1.84,1167415,646984,2.15,1.42,1.5,5.2,1.7,중립,위꼬리양봉,완만한상승,0.48,-0.12,2026-08-07
NNDM,1.8,1.63,3391357,1930377,5.53,2.93,1.9,0.0,3.8,강한매수,장대양봉,전고점돌파,0.8,3.86,2026-08-07
NVA,1.8,5.72,334014,189680,1.91,1.12,1.7,3.7,1.2,매수관심,양봉,완만한상승,0.65,1.78,2026-08-07
OGN,1.8,13.6,3332606,1893925,45.32,31.76,1.4,0.1,0.2,강한매수,양봉,전고점돌파,0.83,2.6,2026-08-07
BMNZ,1.8,11.92,1339446,762700,15.97,13.91,1.1,-6.3,0.8,매도주의,팽이도지,전저점이탈,0.43,-0.83,2026-08-07
LOCO,1.8,15.16,473564,266649,7.18,3.78,1.9,3.1,-10.1,강한매도,장대음봉,전저점이탈,0.07,-3.27,2026-08-07
ITUB,1.8,7.94,27126155,15003228,215.38,148.85,1.4,0.2,-3.2,강한매도,장대음봉,전저점이탈,0.05,-3.29,2026-08-07
CRESY,1.8,10.9,314422,171965,3.43,2.55,1.3,0.7,0.2,강한매수,양봉스프링,완만한상승,0.9,2.88,2026-08-07
CRBP,1.8,10.17,357127,196984,3.63,2.05,1.8,0.0,4.4,강한매수,장대양봉,전고점돌파,0.88,3.96,2026-08-07
WLDS,1.7,4.19,1358883,781571,5.69,21.63,0.3,-0.2,-0.9,중립,망치형,잔구간,0.87,0.72,2026-08-07
CCAP,1.7,11.77,304339,176707,3.58,2.03,1.8,-0.2,0.2,강한매도,위꼬리양봉,전고점부근,0.17,-2.85,2026-08-07
MHD,1.7,11.62,472387,277856,5.49,3.15,1.7,0.6,-0.4,중립,음봉,완만한상승,0.22,-0.14,2026-08-07
PSEC,1.7,2.33,6442468,3761087,15.01,10.12,1.5,0.0,5.4,강한매수,장대양봉,전고점돌파,0.92,4.0,2026-08-07
RKT,1.7,13.72,42103090,24105334,577.65,392.45,1.5,7.6,-3.6,중립,음봉,잔구간,0.51,-0.345,2026-08-07
POWW,1.7,2.13,539179,313548,1.15,0.93,1.2,0.0,-1.4,중립,음봉,잔구간,0.24,-0.505,2026-08-07
CLSX,1.7,12.7,430445,253321,5.47,4.44,1.2,19.6,-21.6,매도주의,장대음봉,잔구간,0.1,-1.24,2026-08-07
ZURA,1.7,5.965,955899,555449,5.7,2.87,2.0,1.2,3.2,강한매수,장대양봉,전고점돌파,0.85,3.92,2026-08-07
XRPZ,1.7,11.1,316484,190428,3.51,2.55,1.4,0.5,-1.7,강한매도,장대음봉,전저점이탈,0.34,-2.94,2026-08-07
EVGO,1.7,1.62,5569615,3322567,9.02,6.79,1.3,1.3,5.2,강한매수,양봉,완만한상승,0.95,2.14,2026-08-07
YSS,1.7,11.41,3932049,2284633,44.86,35.85,1.3,3.3,1.4,중립,팽이도지,잔구간,0.7,0.12,2026-08-07
TTGT,1.7,3.84,705317,419222,2.71,2.08,1.3,-14.4,4.1,중립,양봉,전저점이탈,0.96,0.5,2026-08-07
GPRK,1.7,9.43,519256,307921,4.9,3.53,1.4,-0.7,-0.1,중립,팽이도지,잔구간,0.67,0.1,2026-08-07
TOYO,1.7,5.8,1092742,639412,6.34,3.29,1.9,1.9,7.8,강한매수,장대양봉,전고점돌파,0.88,3.96,2026-08-07
FINV,1.7,4.86,376414,216586,1.83,1.49,1.2,0.0,0.8,중립,양봉,잔구간,0.53,0.37,2026-08-07
EVEX,1.7,2.76,1434317,859930,3.96,2.73,1.5,2.3,3.0,매수관심,양봉,완만한상승,0.53,1.64,2026-08-07
VOXR,1.7,5.04,630194,362983,3.18,1.67,1.9,2.4,-1.0,중립,위꼬리음봉,전고점돌파,0.18,-0.38,2026-08-07
ALDX,1.7,1.55,1171283,681984,1.82,1.3,1.4,-1.9,-0.6,중립,팽이도지,잔구간,0.28,-0.13,2026-08-07
USAR,1.7,19.33,19079311,11183158,368.8,171.85,2.1,5.5,5.3,강한매수,장대양봉,전고점돌파,0.81,3.87,2026-08-07
JBI,1.7,5.55,2152220,1291783,11.94,6.32,1.9,0.9,-1.2,중립,음봉,잔구간,0.06,-0.615,2026-08-07
JPC,1.7,7.73,1435931,866429,11.1,6.12,1.8,0.0,0.0,강한매수,양봉스프링,완만한상승,0.8,2.76,2026-08-07
RDW,1.7,13.59,33000039,19492792,448.47,177.0,2.5,5.0,9.4,강한매수,장대양봉,전고점돌파,0.93,4.02,2026-08-07
TRIP,1.7,10.78,6181502,3686703,66.64,50.61,1.3,2.4,1.0,중립,팽이도지,잔구간,0.47,-0.02,2026-08-07
NVAX,1.7,7.95,5704173,3327703,45.35,24.34,1.9,0.1,2.6,강한매수,양봉,전고점돌파,0.72,2.46,2026-08-07
CGBD,1.7,11.02,842383,500241,9.28,4.58,2.0,0.0,3.4,강한매수,장대양봉,전고점돌파,0.82,3.88,2026-08-07
ONDG,1.7,3.6,4267236,2457935,15.36,8.27,1.9,5.8,3.2,강한매수,양봉스프링,완만한상승,0.98,2.98,2026-08-07
MARA,1.7,10.09,56581459,33399390,570.91,468.48,1.2,2.5,-7.6,매도주의,장대음봉,전저점부근,0.32,-1.47,2026-08-07
SOLZ,1.7,7.39,1565566,916785,11.57,6.21,1.9,1.5,0.1,매수관심,팽이도지,완만한상승,0.65,1.08,2026-08-07
IAUX,1.7,1.62,15166412,8870939,24.57,11.39,2.2,2.6,3.8,강한매수,장대양봉,전고점돌파,0.8,3.86,2026-08-07
RMAX,1.7,11.37,711922,426755,8.09,4.2,1.9,0.3,5.3,강한매수,장대양봉,전고점돌파,0.71,3.75,2026-08-07
WRN,1.6,2.41,1240838,777421,2.99,2.26,1.3,4.3,-0.8,중립,음봉,전고점돌파,0.4,0.68,2026-08-07
CCUP,1.6,1.565,6891239,4403898,10.78,6.27,1.7,7.1,3.6,강한매수,양봉,전고점돌파,0.52,2.22,2026-08-07
ECVT,1.6,10.38,1711461,1101514,17.76,14.23,1.2,-0.6,-5.0,강한매도,장대음봉,전저점이탈,0.11,-3.22,2026-08-07
ACIC,1.6,10.44,380645,232002,3.97,3.2,1.2,4.8,-3.1,중립,음봉,완만한상승,0.17,-0.2,2026-08-07
OBDC,1.6,11.64,8769217,5616014,102.07,51.13,2.0,-0.4,3.4,강한매수,장대양봉,전고점돌파,0.8,3.86,2026-08-07
RWT,1.6,4.73,2508690,1548508,11.87,10.95,1.1,0.9,2.8,매수관심,장대양봉,잔구간,0.76,1.155,2026-08-07
JBS,1.6,14.23,6542626,4063623,93.1,83.84,1.1,2.8,1.1,중립,양봉,잔구간,0.77,0.51,2026-08-07
CONL,1.6,4.38,29242994,18700441,128.08,85.89,1.5,3.8,7.4,강한매수,양봉,완만한상승,0.85,2.02,2026-08-07
PLTD,1.6,5.34,46061911,29552974,245.97,267.77,0.9,-2.7,-7.8,강한매도,장대음봉,전저점이탈,0.04,-3.3,2026-08-07
JMIA,1.6,6.19,2304639,1427090,14.27,8.24,1.7,1.9,6.7,강한매수,장대양봉,완만한상승,0.83,3.3,2026-08-07
RILY,1.6,7.18,989762,602542,7.11,4.25,1.7,-2.8,1.7,중립,위꼬리양봉,잔구간,0.47,-0.52,2026-08-07
RKLZ,1.6,2.76,9690861,6193143,26.75,30.26,0.9,-8.4,-12.7,강한매도,장대음봉,전저점이탈,0.04,-3.3,2026-08-07
POET,1.6,8.91,17179898,10954527,153.07,97.76,1.6,5.4,-0.9,매수관심,팽이도지,완만한상승,0.54,0.95,2026-08-07
BSOL,1.6,10.11,2720843,1707772,27.51,21.47,1.3,1.4,0.3,매수관심,팽이도지,완만한상승,0.65,1.08,2026-08-07
BTZ,1.6,10.24,400036,246734,4.1,2.57,1.6,0.3,0.6,강한매수,장대양봉,전고점돌파,1.0,4.1,2026-08-07
MSTZ,1.6,10.3,12815321,7953440,132.0,97.62,1.4,-8.9,3.0,중립,팽이도지,전저점이탈,0.63,-0.59,2026-08-07
CIG,1.6,2.1,5292259,3328256,11.11,10.66,1.0,0.9,-2.8,강한매도,장대음봉,전저점이탈,0.14,-3.18,2026-08-07
OSUR,1.6,4.05,524147,337155,2.12,1.58,1.3,-0.5,1.8,매수관심,양봉,완만한상승,0.68,1.82,2026-08-07
CTNM,1.6,15.04,528932,326347,7.96,4.02,2.0,0.7,-2.7,중립,음봉,잔구간,0.51,-0.345,2026-08-07
SPCH,1.6,8.28,71244427,45130373,589.9,234.66,2.5,0.0,31.4,강한매수,장대양봉,전고점돌파,0.98,4.08,2026-08-07
HE,1.6,12.4,2475557,1566032,30.7,18.71,1.6,-0.3,-0.4,강한매도,위꼬리음봉,전저점이탈,0.19,-2.62,2026-08-07
GLWG,1.6,16.74,2748830,1701148,46.02,31.07,1.5,7.1,3.4,강한매수,양봉,전고점돌파,0.51,2.21,2026-08-07
TMQ,1.6,3.8,1943859,1226536,7.39,4.04,1.8,1.4,4.1,강한매수,장대양봉,전고점돌파,0.79,3.85,2026-08-07
GTM,1.6,4.18,11372979,6900911,47.54,28.26,1.7,4.6,-3.5,중립,음봉,완만한상승,0.46,0.15,2026-08-07
GRND,1.6,16.58,3009864,1835628,49.9,30.76,1.6,-7.9,5.0,중립,양봉,전저점이탈,0.83,0.35,2026-08-07
HDSN,1.6,5.595,792359,489936,4.43,3.03,1.5,0.4,-1.5,중립,음봉,잔구간,0.12,-0.58,2026-08-07
GGN,1.6,5.24,686291,417367,3.6,2.17,1.7,1.4,0.8,강한매수,양봉,전고점돌파,0.71,2.45,2026-08-07
AISP,1.6,2.07,549784,340445,1.14,0.77,1.5,1.0,6.7,매수관심,장대양봉,전고점부근,0.83,1.95,2026-08-07
GEVO,1.6,1.57,5099664,3245154,8.01,5.03,1.6,12.2,-2.8,중립,망치형,잔구간,0.58,0.55,2026-08-07
VLRS,1.6,8.17,599908,369534,4.9,4.17,1.2,2.1,-0.6,중립,팽이도지,완만한상승,0.36,0.73,2026-08-07
UBRL,1.6,15.76,400980,246482,6.32,3.68,1.7,2.0,10.6,강한매수,장대양봉,전고점돌파,0.92,4.0,2026-08-07
UUUU,1.6,14.14,12357478,7923350,174.73,85.28,2.0,7.5,1.9,강한매수,양봉,전고점돌파,0.54,2.25,2026-08-07
DQ,1.6,14.72,1590688,998216,23.41,14.31,1.6,3.5,4.9,강한매수,장대양봉,전고점돌파,0.91,3.99,2026-08-07
DNA,1.6,7.97,1653600,1027720,13.18,7.92,1.7,-2.2,-4.1,중립,음봉,잔구간,0.55,-0.32,2026-08-07
EQX,1.6,11.58,32242066,20676109,373.36,177.69,2.1,7.4,0.4,매수관심,팽이도지,전고점돌파,0.41,1.39,2026-08-07
XRP,1.6,11.42,710102,441921,8.11,6.39,1.3,0.4,-1.7,강한매도,장대음봉,전저점이탈,0.34,-2.94,2026-08-07
ABX,1.6,9.52,808814,500782,7.7,4.9,1.6,-4.9,-3.7,강한매도,음봉,전저점이탈,0.02,-2.03,2026-08-07
ABAT,1.5,2.61,5004990,3427925,13.06,7.55,1.7,1.5,7.6,강한매수,장대양봉,전고점돌파,0.66,3.69,2026-08-07
ABCL,1.5,6.93,6823454,4482839,47.29,30.0,1.6,1.8,4.2,강한매수,양봉,전고점돌파,0.91,2.69,2026-08-07
VTEX,1.5,4.18,1415385,936335,5.92,4.17,1.4,-6.3,4.0,매수관심,양봉,전저점부근,0.73,1.73,2026-08-07
VNDA,1.5,5.0,1306671,858789,6.53,5.09,1.3,0.9,-3.1,매도주의,장대음봉,잔구간,0.15,-1.21,2026-08-07
FF,1.5,5.09,388609,253881,1.98,1.32,1.5,1.2,-3.4,매도주의,장대음봉,잔구간,0.21,-1.175,2026-08-07
CDE,1.5,17.39,51776253,34836933,900.39,568.99,1.6,7.7,3.2,강한매수,장대양봉,완만한상승,0.86,3.33,2026-08-07
AIOT,1.5,4.41,1482701,974542,6.54,3.53,1.9,1.7,5.0,강한매수,장대양봉,전고점돌파,0.92,4.0,2026-08-07
NRK,1.5,10.46,386013,263374,4.04,2.72,1.5,0.4,0.9,강한매수,양봉,전고점돌파,0.49,2.19,2026-08-07
MPG,1.5,4.57,570298,370196,2.61,1.26,2.1,14.2,1.3,매수관심,팽이도지,전고점돌파,0.55,1.56,2026-08-07
TRVI,1.5,18.51,2194695,1508570,40.62,30.33,1.3,4.1,-3.9,중립,음봉,잔구간,0.45,-0.38,2026-08-07
AIV,1.5,2.66,1039822,693545,2.77,1.93,1.4,0.0,0.4,중립,위꼬리양봉,완만한상승,0.4,-0.22,2026-08-07
FSK,1.5,12.44,4872390,3286609,60.61,32.55,1.9,-0.3,5.0,강한매수,장대양봉,전고점돌파,0.86,3.93,2026-08-07
NTSK,1.5,14.87,5377734,3566355,79.97,44.59,1.8,4.7,5.4,강한매수,장대양봉,전고점돌파,0.99,4.09,2026-08-07
PACB,1.5,1.185,7381702,4975087,8.75,9.63,0.9,2.1,-0.4,중립,팽이도지,완만한상승,0.31,0.67,2026-08-07
GENB,1.5,14.35,505960,337833,7.26,7.31,1.0,6.0,-2.5,중립,음봉,완만한상승,0.48,0.18,2026-08-07
TIC,1.5,10.06,4290947,2810949,43.17,16.0,2.7,3.6,11.9,강한매수,장대양봉,전고점돌파,0.86,3.93,2026-08-07
BSBR,1.5,5.81,5624224,3796602,32.68,20.1,1.6,1.4,-1.0,중립,음봉,완만한상승,0.25,-0.1,2026-08-07
PAGS,1.5,9.14,3250215,2182917,29.71,22.65,1.3,1.3,-3.6,강한매도,장대음봉,전저점이탈,0.13,-3.19,2026-08-07
PBR.A,1.5,16.06,9404420,6177368,151.04,98.63,1.5,1.1,-3.6,강한매도,장대음봉,전저점이탈,0.02,-3.33,2026-08-07
SVM,1.5,11.45,3607329,2342242,41.3,21.03,2.0,7.4,-1.2,매수관심,팽이도지,전고점돌파,0.47,1.46,2026-08-07
GNL,1.5,9.23,3177311,2136977,29.33,18.75,1.6,-0.3,2.1,강한매수,장대양봉,전고점돌파,1.0,4.1,2026-08-07
OFIX,1.5,10.28,617792,415602,6.35,4.91,1.3,-1.5,-1.5,중립,음봉,잔구간,0.45,-0.38,2026-08-07
TH,1.5,16.51,1586739,1084112,26.2,17.4,1.5,1.2,2.0,중립,양봉,전고점부근,0.57,0.33,2026-08-07
GAB,1.5,5.74,1125790,753420,6.46,3.73,1.7,0.9,0.5,매수관심,양봉,완만한상승,0.63,1.76,2026-08-07
HRTX,1.5,0.491,2131205,1399772,1.05,0.73,1.4,-0.7,-0.9,중립,팽이도지,잔구간,0.42,-0.05,2026-08-07
ARR,1.5,16.68,4280758,2846114,71.4,50.45,1.4,0.4,0.4,강한매도,위꼬리양봉,전고점부근,0.26,-2.74,2026-08-07
GT,1.5,6.44,11129635,7444330,71.67,59.21,1.2,2.1,-6.7,강한매도,장대음봉,전저점이탈,0.04,-3.3,2026-08-07
GROY,1.5,3.03,4082818,2734069,12.37,6.3,2.0,4.5,1.0,강한매수,양봉,전고점돌파,0.47,2.16,2026-08-07
PCT,1.5,7.21,6705367,4558341,48.35,28.48,1.7,-1.0,6.0,매수관심,양봉,완만한상승,0.74,1.89,2026-08-07
BIRD,1.5,2.53,418221,276910,1.06,0.73,1.4,1.7,3.7,강한매수,장대양봉,전고점돌파,0.93,4.02,2026-08-07
BIZD,1.5,13.41,4762848,3189532,63.87,38.47,1.7,0.2,2.1,강한매수,장대양봉,전고점돌파,0.83,3.9,2026-08-07
RPC,1.5,8.99,713012,483362,6.41,4.26,1.5,0.6,1.7,강한매수,양봉스프링,완만한상승,0.87,2.84,2026-08-07
CPRI,1.5,15.31,6386087,4209942,97.77,61.93,1.6,0.0,2.1,매수관심,양봉,완만한상승,0.72,1.86,2026-08-07
KROS,1.5,11.15,319629,215522,3.56,2.1,1.7,0.8,3.8,강한매수,양봉,전고점돌파,0.84,2.61,2026-08-07
AXTU,1.5,8.06,2495610,1626572,20.11,5.31,3.8,9.8,23.8,강한매수,장대양봉,전고점돌파,0.93,4.02,2026-08-07
LAW,1.5,4.3,334223,227382,1.44,1.06,1.4,0.1,-1.0,중립,망치형,잔구간,0.71,0.625,2026-08-07
POEL,1.5,12.72,821955,552143,10.46,6.67,1.6,11.9,-3.1,매수관심,망치형,완만한상승,0.53,1.94,2026-08-07
MSTY,1.5,12.82,1597493,1074052,20.48,13.52,1.5,3.4,-1.0,매수관심,팽이도지,완만한상승,0.42,0.8,2026-08-07
XPER,1.5,7.14,667458,436244,4.77,3.39,1.4,0.7,3.3,강한매수,장대양봉,완만한상승,0.65,3.08,2026-08-07
WBTN,1.5,8.93,489487,317712,4.37,3.09,1.4,2.0,0.6,매수관심,팽이도지,완만한상승,0.71,1.15,2026-08-07
WIT,1.5,2.02,8205001,5616657,16.57,16.35,1.0,1.0,0.5,강한매수,양봉스프링,완만한상승,0.78,2.74,2026-08-07
PYXS,1.5,3.73,1242034,838147,4.63,3.04,1.5,0.8,-1.3,중립,팽이도지,잔구간,0.39,-0.065,2026-08-07
REAX,1.5,2.14,7432221,5104436,15.9,8.41,1.9,8.5,-0.9,매수관심,팽이도지,전고점돌파,0.6,1.62,2026-08-07
INVZ,1.5,0.388,9734016,6381983,3.78,2.77,1.4,0.7,-5.9,중립,음봉,잔구간,0.29,-0.475,2026-08-07
INNV,1.5,11.18,336370,227891,3.76,2.64,1.4,0.5,1.3,중립,양봉,잔구간,0.91,0.595,2026-08-07
AXTL,1.5,5.77,1411988,965162,8.15,2.29,3.6,11.1,22.8,강한매수,장대양봉,전고점돌파,0.93,4.02,2026-08-07
LAC,1.5,3.23,12767959,8586914,41.24,23.0,1.8,4.0,2.9,강한매수,양봉,전고점돌파,0.82,2.58,2026-08-07
AVPT,1.5,12.79,3022468,2005321,38.66,29.17,1.3,-2.3,2.4,매수관심,양봉,완만한상승,0.55,1.66,2026-08-07
DSL,1.4,10.84,640420,466757,6.94,4.75,1.5,0.3,1.0,강한매수,장대양봉,전고점돌파,0.96,4.05,2026-08-07
NEXN,1.4,10.9,626383,440933,6.83,5.0,1.4,-0.3,-0.2,매도주의,위꼬리음봉,잔구간,0.23,-0.91,2026-08-07
ETHU,1.4,16.43,5342000,3795429,87.77,78.99,1.1,1.9,-1.0,중립,음봉,완만한상승,0.46,0.15,2026-08-07
DPRO,1.4,4.65,694601,506221,3.23,2.73,1.2,1.6,2.9,강한매수,양봉,전고점돌파,0.8,2.56,2026-08-07
BUR,1.4,4.42,2781114,1962777,12.29,7.74,1.6,0.9,1.8,강한매수,양봉,전고점돌파,0.84,2.61,2026-08-07
ANGI,1.4,4.84,1149640,795991,5.56,4.68,1.2,0.0,-2.4,매도주의,위꼬리음봉,잔구간,0.1,-0.99,2026-08-07
NIQ,1.4,11.68,1439929,1052981,16.82,16.5,1.0,0.3,-0.3,매도주의,위꼬리음봉,완만한상승,0.16,-1.01,2026-08-07
DVLT,1.4,0.308,18946803,13854198,5.83,9.06,0.6,0.3,-2.9,중립,음봉,잔구간,0.48,-0.36,2026-08-07
VOD,1.4,16.19,6799262,4813315,110.08,81.0,1.4,0.8,0.4,매수관심,양봉,완만한상승,0.79,1.95,2026-08-07
MYI,1.4,10.84,367517,269899,3.98,2.81,1.4,0.4,0.3,매수관심,양봉,완만한상승,0.72,1.86,2026-08-07
MVST,1.4,0.906,9194815,6381607,8.33,4.5,1.9,5.9,9.4,강한매수,장대양봉,전고점돌파,0.94,4.03,2026-08-07
ACH,1.4,2.8,1146289,835162,3.21,2.15,1.5,1.4,-5.4,중립,음봉,전저점부근,0.12,-0.41,2026-08-07
ACVA,1.4,7.46,3722753,2687518,27.77,20.44,1.4,0.5,-0.4,중립,팽이도지,잔구간,0.29,-0.125,2026-08-07
BLOX,1.4,13.05,465394,321996,6.07,4.78,1.3,1.3,-2.6,중립,음봉,잔구간,0.41,-0.405,2026-08-07
CXDO,1.4,6.67,580226,409954,3.87,3.25,1.2,0.9,1.8,매수관심,양봉,완만한상승,0.52,1.62,2026-08-07
CX,1.4,11.33,9860729,7261660,111.72,90.89,1.2,0.4,-0.2,중립,망치형,잔구간,0.75,0.65,2026-08-07
LABD,1.4,7.57,12583708,9121638,95.26,88.49,1.1,-3.4,-2.4,중립,음봉,전저점부근,0.15,-0.37,2026-08-07
CRNC,1.4,9.145,928421,654584,8.49,5.48,1.5,-10.6,13.4,강한매수,장대양봉,완만한상승,0.91,3.39,2026-08-07
SGRY,1.4,15.53,1892638,1327185,29.39,29.8,1.0,0.8,3.3,매수관심,장대양봉,잔구간,0.73,1.14,2026-08-07
CRML,1.4,7.25,9299477,6438054,67.42,36.61,1.8,6.7,3.7,강한매수,양봉,전고점돌파,0.66,2.39,2026-08-07
SIDU,1.4,2.24,8212638,5801838,18.4,11.23,1.6,3.1,3.9,중립,양봉,전고점부근,0.6,0.37,2026-08-07
CRGY,1.4,11.57,7756385,5554523,89.74,63.64,1.4,-1.6,3.8,강한매수,장대양봉,완만한상승,0.7,3.14,2026-08-07
PSNL,1.4,14.16,3211584,2222105,45.48,34.43,1.3,1.6,6.9,강한매수,장대양봉,전고점돌파,0.88,3.96,2026-08-07
KULR,1.4,2.92,1050293,777606,3.07,2.27,1.3,1.4,4.3,중립,양봉,전고점부근,0.86,0.68,2026-08-07
SPPP,1.4,14.24,858720,607171,12.23,8.95,1.4,0.6,0.1,중립,팽이도지,전고점부근,0.45,-0.51,2026-08-07
ASTN,1.4,4.03,2158038,1587453,8.7,8.84,1.0,-5.6,-8.2,매도주의,장대음봉,잔구간,0.04,-1.275,2026-08-07
PHR,1.4,12.51,1126140,786419,14.09,8.73,1.6,10.3,-0.7,중립,위꼬리음봉,전고점돌파,0.17,-0.4,2026-08-07
PK,1.4,14.76,6809131,4803704,100.5,66.75,1.5,2.0,0.8,중립,팽이도지,잔구간,0.74,0.145,2026-08-07
SES,1.4,0.562,25218523,18431890,14.18,12.49,1.1,0.9,9.8,강한매수,장대양봉,완만한상승,0.97,3.46,2026-08-07
IPW,1.4,3.71,571300,417808,2.12,2.73,0.8,5.0,4.5,매수관심,팽이도지,완만한상승,0.42,0.8,2026-08-07
PTON,1.4,5.68,12710020,9177517,72.19,63.24,1.1,0.8,2.3,매수관심,양봉,완만한상승,0.68,1.82,2026-08-07
QBTZ,1.4,2.98,5158245,3632958,15.37,17.63,0.9,-3.2,-11.0,매도주의,장대음봉,잔구간,0.1,-1.24,2026-08-07
RCAX,1.4,3.919,423825,297211,1.66,0.95,1.8,-5.4,17.7,강한매수,장대양봉,전고점돌파,0.91,3.99,2026-08-07
XGN,1.4,6.87,431917,304864,2.97,3.42,0.9,1.4,2.8,강한매수,양봉,완만한상승,0.85,2.02,2026-08-07
VYX,1.4,8.25,2519854,1774617,20.79,17.67,1.2,0.4,-1.9,중립,음봉,잔구간,0.43,-0.39,2026-08-07
AAOG,1.4,4.51,4628632,3405612,20.88,9.4,2.2,30.0,-8.0,중립,음봉,완만한상승,0.27,-0.08,2026-08-07
IREX,1.4,15.2,2022347,1405544,30.74,19.79,1.6,8.0,8.6,강한매수,양봉,완만한상승,1.0,2.2,2026-08-07
COHH,1.4,11.23,915697,637863,10.28,4.5,2.3,14.2,11.0,강한매수,양봉,전고점돌파,0.68,2.42,2026-08-07
BCRX,1.4,9.38,4383646,3059729,41.12,30.26,1.4,2.2,-1.3,중립,음봉,완만한상승,0.34,0.01,2026-08-07
KDK,1.4,4.48,1357046,939581,6.08,3.83,1.6,0.6,2.2,매수관심,팽이도지,완만한상승,0.72,1.16,2026-08-07
SIGA,1.4,3.05,678828,480892,2.07,3.19,0.6,1.0,-3.2,강한매도,장대음봉,전저점이탈,0.1,-3.23,2026-08-07
JQC,1.4,4.81,690167,488960,3.32,2.21,1.5,0.2,0.6,매수관심,장대양봉,전고점부근,0.75,1.85,2026-08-07
SECZ,1.4,7.71,905955,631573,6.98,5.92,1.2,1.5,5.6,강한매수,장대양봉,전고점돌파,0.6,3.62,2026-08-07
IMRX,1.4,4.51,723266,509339,3.26,2.53,1.3,1.6,-0.4,매수관심,팽이도지,완만한상승,0.57,0.98,2026-08-07
INDI,1.4,4.04,9432326,6644875,38.11,20.28,1.9,19.5,-1.5,강한매수,망치형,전고점돌파,0.78,2.84,2026-08-07
WULF,1.4,17.08,40854087,29584603,697.79,575.79,1.2,5.1,-7.8,매도주의,장대음봉,잔구간,0.17,-1.2,2026-08-07
FOSL,1.4,5.38,1486098,1091850,8.0,6.04,1.3,2.6,-9.9,매도주의,장대음봉,잔구간,0.26,-1.145,2026-08-07
LUNL,1.4,5.05,1779070,1233450,8.98,4.28,2.1,4.5,14.5,강한매수,장대양봉,전고점돌파,0.84,3.91,2026-08-07
STWD,1.4,16.45,7128965,5068783,117.27,80.55,1.5,-0.1,3.3,매수관심,장대양봉,잔구간,0.95,1.27,2026-08-07
DC,1.4,6.0,1831960,1273016,10.99,5.75,1.9,5.1,3.4,강한매수,장대양봉,전고점돌파,0.93,4.02,2026-08-07
GOGO,1.4,3.635,2386536,1686807,8.68,7.14,1.2,0.3,-0.4,중립,망치형,잔구간,0.72,0.63,2026-08-07
NVTS,1.4,13.89,17958076,13045722,249.44,187.37,1.3,3.7,8.0,강한매수,장대양봉,전고점돌파,0.86,3.93,2026-08-07
LAR,1.4,6.94,2394294,1736765,16.62,10.86,1.5,2.4,2.8,강한매수,양봉,전고점돌파,0.91,2.69,2026-08-07
MBOT,1.4,1.89,632686,445655,1.2,0.84,1.4,0.6,4.4,강한매수,장대양봉,전고점돌파,0.74,3.79,2026-08-07
ANVS,1.3,1.88,557276,424702,1.05,1.1,1.0,2.2,-1.1,중립,팽이도지,완만한상승,0.32,0.68,2026-08-07
STLA,1.3,5.52,30783681,23775098,169.93,151.17,1.1,-1.7,1.2,중립,양봉,전저점이탈,0.61,0.08,2026-08-07
LUMN,1.3,6.24,21009310,15563134,131.1,92.31,1.4,5.3,0.5,매수관심,팽이도지,완만한상승,0.48,0.88,2026-08-07
CIFR,1.3,17.18,45182260,35712863,776.23,700.73,1.1,2.9,-8.3,강한매도,장대음봉,전저점이탈,0.11,-3.22,2026-08-07
BRSL,1.3,11.05,2728142,2021480,30.15,24.04,1.3,0.5,-0.6,중립,팽이도지,잔구간,0.39,-0.065,2026-08-07
LXEO,1.3,4.81,1080262,812114,5.2,3.69,1.4,1.1,4.6,강한매수,장대양봉,전고점돌파,0.95,4.04,2026-08-07
LTBR,1.3,9.47,1067849,799232,10.11,10.02,1.0,1.1,2.4,강한매수,양봉,전고점돌파,0.78,2.54,2026-08-07
BV,1.3,11.45,1572306,1243185,18.0,18.87,1.0,4.8,-0.2,중립,팽이도지,잔구간,0.59,0.055,2026-08-07
EVC,1.3,11.97,1739441,1323273,20.82,15.07,1.4,1.5,3.4,매수관심,양봉,수횡파,0.75,1.6,2026-08-07
DOMO,1.3,3.91,875275,671787,3.42,5.83,0.6,1.8,1.0,매수관심,양봉,완만한상승,0.78,1.94,2026-08-07
DNUT,1.3,3.34,4443684,3530408,14.84,8.68,1.7,0.0,3.4,강한매수,양봉,전고점돌파,0.48,2.18,2026-08-07
EVH,1.3,3.95,5082626,3764980,20.08,17.01,1.2,3.1,6.8,중립,양봉,잔구간,0.65,0.44,2026-08-07
MQY,1.3,11.37,433363,327768,4.93,3.92,1.3,0.3,0.4,강한매수,장대양봉,전고점돌파,1.0,4.1,2026-08-07
NG,1.3,7.59,6890364,5339497,52.3,31.0,1.7,6.8,3.0,강한매수,양봉,전고점돌파,0.98,2.78,2026-08-07
OEC,1.3,7.24,560252,426199,4.06,3.18,1.3,-3.4,-1.4,중립,망치형,잔구간,0.72,0.63,2026-08-07
GBDC,1.3,13.17,1768915,1341954,23.3,14.5,1.6,-0.5,1.3,강한매수,장대양봉,완만한상승,0.65,3.08,2026-08-07
EH,1.3,5.74,647374,504800,3.72,2.97,1.3,1.3,6.3,강한매수,장대양봉,전고점돌파,0.88,3.96,2026-08-07
VTRS,1.3,16.43,13015381,10121854,213.84,188.11,1.1,1.2,-0.3,중립,팽이도지,잔구간,0.4,-0.06,2026-08-07
NMZ,1.3,10.29,871163,679603,8.96,6.95,1.3,0.3,0.2,강한매수,양봉,전고점돌파,0.6,2.32,2026-08-07
UTZ,1.3,14.11,3455291,2712129,48.75,46.08,1.1,-0.1,-0.2,매도주의,장대음봉,잔구간,0.0,-1.3,2026-08-07
MLCO,1.3,5.52,2185357,1665759,12.06,8.5,1.4,0.1,-0.1,매수관심,팽이도지,완만한상승,0.67,1.1,2026-08-07
NB,1.3,5.36,4636677,3439529,24.85,18.41,1.4,5.3,0.6,중립,팽이도지,전고점부근,0.48,-0.47,2026-08-07
MX,1.3,3.98,1279251,983652,5.09,3.82,1.3,2.8,0.3,중립,팽이도지,완만한상승,0.37,0.74,2026-08-07
ENHA,1.3,2.65,413493,326608,1.1,1.01,1.1,-0.4,0.8,중립,팽이도지,잔구간,0.7,0.12,2026-08-07
WTI,1.3,3.43,5845485,4657929,20.05,15.32,1.3,-2.1,4.9,중립,양봉,잔구간,0.65,0.44,2026-08-07
XERS,1.3,7.93,2253124,1797177,17.87,12.71,1.4,1.0,6.7,강한매수,장대양봉,완만한상승,0.85,3.32,2026-08-07
MUX,1.3,19.19,1177452,890571,22.6,14.68,1.5,6.9,-1.7,중립,음봉,완만한상승,0.33,-0.0,2026-08-07
RGTI,1.3,17.94,30022250,22911608,538.6,331.89,1.6,1.5,6.9,강한매수,장대양봉,전고점돌파,0.99,4.09,2026-08-07
RGTX,1.3,13.76,961855,765899,13.24,9.29,1.4,0.6,15.7,강한매수,장대양봉,전고점돌파,1.0,4.1,2026-08-07
DRVN,1.3,13.33,1007863,749731,13.43,9.78,1.4,0.2,2.7,매수관심,장대양봉,잔구간,0.87,1.22,2026-08-07
XXI,1.3,4.55,1665081,1242703,7.58,7.05,1.1,3.2,1.1,중립,위꼬리양봉,완만한상승,0.4,-0.22,2026-08-07
BBD,1.3,3.37,36728644,29275670,123.78,95.49,1.3,1.5,-2.6,강한매도,장대음봉,전저점이탈,0.18,-3.13,2026-08-07
PTY,1.3,11.84,1592662,1200209,18.86,13.74,1.4,0.1,0.0,중립,위꼬리양봉,완만한상승,0.0,-0.7,2026-08-07
RLAY,1.3,19.77,2315219,1825830,45.77,42.31,1.1,-3.2,3.4,강한매수,양봉,완만한상승,0.94,2.13,2026-08-07
SBSW,1.3,10.64,6669886,5261035,70.97,44.81,1.6,9.6,-1.8,중립,음봉,전고점돌파,0.22,0.46,2026-08-07
RGTZ,1.3,3.01,4788908,3784393,14.41,17.5,0.8,-1.9,-15.7,강한매도,장대음봉,전저점이탈,0.01,-3.34,2026-08-07
IONL,1.3,16.98,1089605,822066,18.5,10.99,1.7,3.9,19.5,강한매수,장대양봉,전고점돌파,0.96,4.05,2026-08-07
CNDT,1.3,1.7,970932,743778,1.65,1.43,1.2,0.6,-3.4,중립,음봉,잔구간,0.09,-0.595,2026-08-07
CMTG,1.3,1.94,1300687,1000504,2.52,1.49,1.7,1.1,9.6,매수관심,장대양봉,잔구간,0.91,1.245,2026-08-07
ARRY,1.3,5.55,10792336,8194155,59.9,45.61,1.3,3.2,2.4,매수관심,양봉,완만한상승,0.77,1.92,2026-08-07
ASAN,1.3,9.26,6053336,4505568,56.05,48.09,1.2,3.7,2.9,강한매수,양봉,전고점돌파,0.69,2.43,2026-08-07
LPTH,1.3,13.06,2323580,1793702,30.35,26.06,1.2,3.7,4.9,강한매수,양봉,전고점돌파,0.93,2.72,2026-08-07
PTIR,1.3,18.49,7491939,5593211,138.53,88.72,1.6,5.2,14.4,강한매수,장대양봉,전고점돌파,0.96,4.05,2026-08-07
KBDC,1.3,14.12,461756,352380,6.52,4.64,1.4,-0.3,2.0,강한매수,장대양봉,전고점돌파,0.8,3.86,2026-08-07
SCZM,1.3,8.4,554169,418001,4.66,3.11,1.5,6.2,-0.8,매수관심,팽이도지,전고점돌파,0.53,1.54,2026-08-07
LAES,1.3,2.57,14054658,10886979,36.12,38.01,1.0,1.0,2.2,매수관심,양봉,완만한상승,0.77,1.92,2026-08-07
BORR,1.3,3.86,4703121,3743724,18.15,15.85,1.1,-0.3,-0.3,중립,팽이도지,수횡파,0.26,0.31,2026-08-07
BSCU,1.3,16.575,821474,644374,13.62,11.28,1.2,0.2,-0.1,중립,음봉,완만한상승,0.47,0.16,2026-08-07
SRFM,1.3,0.863,2171108,1613082,1.87,1.22,1.5,1.4,5.3,중립,양봉,전고점부근,0.85,0.67,2026-08-07
HL,1.3,16.85,39091579,30784542,658.69,513.82,1.3,6.3,-0.1,강한매수,망치형,완만한상승,0.74,2.19,2026-08-07
KTUP,1.3,8.825,344439,271257,3.04,1.92,1.6,3.4,7.8,강한매수,양봉,완만한상승,0.95,2.14,2026-08-07
AVXX,1.3,7.87,370768,275515,2.92,1.78,1.6,1.1,16.9,강한매수,장대양봉,전고점돌파,0.96,4.05,2026-08-07
CMPS,1.3,13.54,3393413,2571956,45.95,38.88,1.2,-0.3,0.2,중립,팽이도지,잔구간,0.34,-0.095,2026-08-07
GRRR,1.3,13.15,1109003,836126,14.58,9.68,1.5,2.2,4.0,강한매수,장대양봉,전고점돌파,0.95,4.04,2026-08-07
BMNG,1.3,16.45,416127,317843,6.85,6.68,1.0,6.4,-0.8,매수관심,팽이도지,전고점돌파,0.59,1.61,2026-08-07
NTLA,1.3,11.94,4937181,3829839,58.95,40.79,1.4,5.7,0.5,강한매수,양봉스프링,전고점돌파,0.77,3.32,2026-08-07
TRLV,1.3,8.75,1041299,804727,9.11,7.73,1.2,-3.1,0.3,중립,팽이도지,잔구간,0.49,-0.005,2026-08-07
LUNR,1.3,16.4,12018163,9092010,197.1,123.33,1.6,1.0,8.8,강한매수,장대양봉,전고점돌파,0.83,3.9,2026-08-07
UMH,1.3,15.9,881323,699006,14.01,8.47,1.7,-0.4,1.7,강한매수,장대양봉,전고점돌파,0.74,3.79,2026-08-07
AMPL,1.3,11.26,2767457,2095587,31.16,20.86,1.5,2.0,2.5,강한매수,양봉,전고점돌파,0.8,2.56,2026-08-07
TSLX,1.3,19.1,642354,496774,12.27,8.92,1.4,0.7,1.4,강한매수,양봉,전고점돌파,0.92,2.7,2026-08-07
TASK,1.3,7.3,1271416,964490,9.28,7.97,1.2,-1.4,-5.3,중립,음봉,잔구간,0.36,-0.435,2026-08-07
STUB,1.3,8.95,5148536,4106654,46.08,36.45,1.3,1.9,-1.1,매도주의,위꼬리음봉,잔구간,0.1,-0.99,2026-08-07
AIRO,1.3,8.52,442991,328807,3.77,2.2,1.7,2.0,6.2,강한매수,장대양봉,전고점돌파,0.91,3.99,2026-08-07
ALM,1.3,14.18,9325702,6958458,132.24,90.12,1.5,3.5,2.1,매수관심,양봉스프링,전고점부근,0.97,1.61,2026-08-07
UAMY,1.3,6.85,6181418,4763326,42.34,26.85,1.6,7.4,2.7,강한매수,양봉,전고점돌파,0.95,2.74,2026-08-07
FSM,1.3,10.39,7385681,5645135,76.74,54.87,1.4,7.0,1.6,강한매수,양봉,전고점돌파,0.9,2.68,2026-08-07
NVDQ,1.3,9.03,3239254,2437633,29.25,25.96,1.1,-2.6,-2.2,중립,음봉,전저점부근,0.2,-0.31,2026-08-07
NUS,1.3,5.49,513968,410281,2.82,2.49,1.1,0.0,5.8,강한매수,장대양봉,전고점돌파,0.97,4.06,2026-08-07
BZAI,1.2,1.1,2855442,2379570,3.14,2.82,1.1,3.9,8.9,강한매수,장대양봉,전고점돌파,0.82,3.88,2026-08-07
VSTS,1.2,14.21,1293590,1092683,18.38,14.81,1.2,0.1,2.5,매수관심,장대양봉,잔구간,0.85,1.21,2026-08-07
EDIT,1.2,2.88,1692929,1370275,4.88,4.12,1.2,3.1,-3.7,중립,음봉,잔구간,0.05,-0.62,2026-08-07
CATX,1.2,3.0,1045838,849809,3.14,3.04,1.0,2.0,-1.0,매수관심,팽이도지,완만한상승,0.5,0.9,2026-08-07
ACEL,1.2,12.16,360713,295101,4.39,3.32,1.3,0.5,-1.5,매도주의,장대음봉,잔구간,0.13,-1.22,2026-08-07
DSU,1.2,9.49,337462,287479,3.2,2.74,1.2,0.1,0.2,매수관심,양봉,완만한상승,0.75,1.9,2026-08-07
ADMA,1.2,9.9,3305414,2696613,32.72,24.21,1.4,-0.9,-0.7,중립,팽이도지,잔구간,0.34,-0.095,2026-08-07
CABA,1.2,2.79,2697659,2308942,7.53,7.77,1.0,1.4,-0.4,매수관심,팽이도지,완만한상승,0.63,1.06,2026-08-07
NEA,1.2,11.43,854420,719684,9.77,8.63,1.1,0.4,0.5,강한매수,장대양봉,전고점돌파,1.0,4.1,2026-08-07
EARN,1.2,4.4,636015,538173,2.8,2.1,1.3,-0.2,1.4,강한매수,장대양봉,완만한상승,0.88,3.36,2026-08-07
NMRA,1.2,1.63,687348,583673,1.12,1.16,1.0,0.0,-0.6,매도주의,위꼬리음봉,잔구간,0.17,-0.95,2026-08-07
CCC,1.2,6.92,12028244,9905989,83.24,62.36,1.3,0.9,5.5,강한매수,장대양봉,전고점돌파,0.98,4.08,2026-08-07
MLTX,1.2,18.26,902062,734294,16.47,14.78,1.1,2.4,-1.1,중립,음봉,완만한상승,0.48,0.18,2026-08-07
UROY,1.2,4.15,4009299,3360114,16.64,13.53,1.2,1.0,3.8,강한매수,장대양봉,전고점돌파,0.63,3.66,2026-08-07
USAS,1.2,5.01,5615149,4682723,28.13,19.3,1.5,7.3,0.0,매수관심,팽이도지,전고점돌파,0.67,1.7,2026-08-07
MNTS,1.2,4.92,1725665,1390828,8.49,5.64,1.5,2.3,9.6,강한매수,장대양봉,전고점돌파,0.94,4.03,2026-08-07
NOWL,1.2,6.53,18317774,15677645,119.62,105.75,1.1,7.4,4.8,강한매수,양봉,전고점돌파,0.73,2.48,2026-08-07
BTQ,1.2,4.1,1592371,1279549,6.53,4.5,1.5,1.0,1.5,매수관심,양봉스프링,전고점부근,0.76,1.36,2026-08-07
PCN,1.2,11.85,417572,358253,4.95,3.68,1.3,0.4,0.0,매수관심,팽이도지,전고점돌파,0.56,1.57,2026-08-07
SVRA,1.2,5.83,1586205,1302156,9.25,8.88,1.0,1.4,-0.7,중립,위꼬리음봉,전고점돌파,0.22,-0.34,2026-08-07
GLAS,1.2,10.13,457795,371332,4.64,4.25,1.1,0.2,4.4,강한매수,장대양봉,완만한상승,0.97,3.46,2026-08-07
STNE,1.2,10.6,3435162,2918536,36.41,33.88,1.1,0.4,-4.7,강한매도,장대음봉,전저점이탈,0.08,-3.25,2026-08-07
BRCB,1.2,7.35,397637,334495,2.92,2.25,1.3,0.9,-3.0,강한매도,장대음봉,전저점이탈,0.13,-3.19,2026-08-07
DFH,1.2,15.03,1032865,870429,15.52,10.04,1.5,1.9,5.2,강한매수,장대양봉,완만한상승,0.75,3.2,2026-08-07
CHPT,1.2,6.22,378239,322286,2.35,2.1,1.1,1.0,4.7,강한매수,장대양봉,전고점돌파,0.9,3.98,2026-08-07
NUV,1.2,9.1,601579,514760,5.47,4.82,1.1,0.2,0.6,강한매수,장대양봉,완만한상승,0.71,3.15,2026-08-07
UGP,1.2,6.12,3437154,2891480,21.04,18.26,1.2,0.5,-4.4,강한매도,장대음봉,전저점이탈,0.04,-3.3,2026-08-07
TSLG,1.2,4.02,34463433,27967658,138.54,112.74,1.2,1.8,3.6,매수관심,양봉,완만한상승,0.57,1.68,2026-08-07
FNB,1.2,18.97,4160182,3549367,78.92,90.09,0.9,-0.3,0.3,매수관심,양봉스프링,잔구간,0.76,0.905,2026-08-07
FTF,1.2,5.76,303208,243557,1.75,1.09,1.6,0.3,0.2,중립,위꼬리양봉,완만한상승,0.5,-0.1,2026-08-07
AMPG,1.2,5.8,1789387,1518511,10.38,9.3,1.1,4.1,2.7,강한매수,양봉,전고점돌파,0.81,2.57,2026-08-07
NVCR,1.2,16.39,1529221,1324485,25.06,27.27,0.9,-0.6,5.1,강한매수,장대양봉,전고점부근,0.96,2.1,2026-08-07
FLYW,1.2,17.78,3076640,2630505,54.7,42.75,1.3,1.0,-3.3,매도주의,장대음봉,잔구간,0.07,-1.26,2026-08-07
OCS,1.2,12.68,370878,303360,4.7,4.05,1.2,4.6,-2.1,중립,음봉,전고점돌파,0.31,0.57,2026-08-07
NUCL,1.2,7.77,594577,505902,4.62,3.51,1.3,1.4,9.3,강한매수,장대양봉,전고점돌파,0.74,3.79,2026-08-07
EDD,1.2,5.98,364385,305329,2.18,1.84,1.2,0.0,-0.2,매도주의,위꼬리음봉,잔구간,0.17,-0.95,2026-08-07
ECC,1.2,3.88,971863,824736,3.77,3.07,1.2,-0.3,-0.3,중립,팽이도지,잔구간,0.31,-0.115,2026-08-07
ECAT,1.2,15.72,592108,507672,9.31,7.94,1.2,0.3,1.0,강한매수,장대양봉,전고점돌파,1.0,4.1,2026-08-07
EXG,1.2,10.0,575612,489683,5.76,4.54,1.3,0.3,0.3,매수관심,양봉,전고점부근,1.0,0.85,2026-08-07
ELDN,1.2,3.69,930125,788192,3.43,3.8,0.9,0.0,6.6,강한매수,장대양봉,전고점돌파,0.96,4.05,2026-08-07
MRLN,1.2,4.44,1167718,980210,5.18,4.17,1.2,2.8,1.6,강한매수,양봉스프링,완만한상승,0.96,2.95,2026-08-07
VIR,1.2,8.82,1663129,1347115,14.67,14.13,1.0,1.2,-0.6,중립,팽이도지,완만한상승,0.25,0.6,2026-08-07
HCKT,1.2,11.53,481087,414833,5.55,5.09,1.1,0.5,3.1,매수관심,장대양봉,전고점부근,0.69,1.78,2026-08-07
BRBS,1.2,3.7,322124,264373,1.19,0.91,1.3,-0.5,0.8,매수관심,양봉,완만한상승,0.64,1.77,2026-08-07
PDO,1.2,13.08,635671,544095,8.31,7.7,1.1,0.4,-0.3,중립,음봉,완만한상승,0.64,0.37,2026-08-07
ARIS,1.2,17.4,2507031,2118766,43.62,23.48,1.9,7.6,2.9,강한매수,장대양봉,전고점돌파,0.95,4.04,2026-08-07
GSM,1.2,4.49,2931976,2523946,13.16,8.0,1.6,1.0,7.7,강한매수,장대양봉,전고점돌파,0.7,3.74,2026-08-07
LMRI,1.2,11.58,445948,365570,5.16,4.02,1.3,0.1,1.1,강한매도,위꼬리양봉,전고점부근,0.4,-2.5700000000000003,2026-08-07
AUPH,1.2,15.85,1545229,1240946,24.49,19.48,1.3,0.8,-2.5,중립,음봉,잔구간,0.25,-0.5,2026-08-07
HPP,1.2,14.36,1289957,1055399,18.52,13.41,1.4,1.3,5.4,매수관심,양봉,완만한상승,0.51,1.61,2026-08-07
KELYA,1.2,15.19,341598,293169,5.19,5.66,0.9,-0.6,-2.1,중립,음봉,잔구간,0.18,-0.54,2026-08-07
KREF,1.2,7.76,1152759,923814,8.95,8.14,1.1,-0.4,4.7,강한매수,장대양봉,전고점돌파,0.81,3.87,2026-08-07
KIDZ,1.2,0.4,2831926,2444584,1.13,23.11,0.0,5.5,-9.7,중립,음봉,전저점부근,0.62,0.19,2026-08-07
SHO,1.2,11.08,3020913,2437569,33.47,27.61,1.2,-0.3,-1.6,강한매도,음봉,전저점이탈,0.03,-2.01,2026-08-07
SGHT,1.2,7.47,374791,319451,2.8,1.62,1.7,2.1,3.2,강한매수,양봉,전고점돌파,0.77,2.52,2026-08-07
PHAT,1.2,8.55,2311293,1921122,19.76,19.12,1.0,1.1,0.8,매수관심,양봉스프링,잔구간,0.81,0.935,2026-08-07
PERI,1.2,9.81,314340,262360,3.08,2.65,1.2,0.7,0.7,중립,위꼬리양봉,완만한상승,0.28,-0.36,2026-08-07
PROK,1.2,1.64,739102,636755,1.21,1.26,1.0,1.2,-1.2,매도주의,위꼬리음봉,완만한상승,0.25,-0.9,2026-08-07
SK,1.2,17.19,1550328,1258220,26.65,31.25,0.9,-0.1,-7.7,중립,음봉,잔구간,0.43,-0.39,2026-08-07
SLDB,1.2,8.39,1054938,890964,8.85,7.89,1.1,-2.1,-1.6,매도주의,위꼬리음봉,잔구간,0.16,-0.955,2026-08-07
BBAI,1.2,3.27,33321742,28215225,108.96,79.91,1.4,2.7,5.8,강한매수,장대양봉,전고점돌파,0.96,4.05,2026-08-07
KVYO,1.2,16.62,9004876,7467076,149.66,126.66,1.2,2.6,-3.1,중립,음봉,잔구간,0.39,-0.415,2026-08-07
ASTX,1.2,15.735,6032950,4888205,94.93,54.54,1.7,5.0,7.6,강한매수,장대양봉,완만한상승,0.99,3.49,2026-08-07
SNDC,1.2,4.855,453172,387771,2.2,2.46,0.9,10.3,-16.3,매도주의,장대음봉,잔구간,0.19,-1.185,2026-08-07
CMPX,1.2,2.15,3827246,3280430,8.23,6.57,1.3,3.0,4.9,강한매수,장대양봉,전고점돌파,0.83,3.9,2026-08-07
SAN,1.2,14.7,15073696,12963111,221.58,181.27,1.2,1.7,-1.3,매도주의,장대음봉,완만한상승,0.15,-1.52,2026-08-07
RUN,1.2,10.2,11607452,9955135,118.4,110.02,1.1,4.3,4.2,강한매수,장대양봉,완만한상승,0.76,3.21,2026-08-07
INHD,1.2,5.145,1915210,1655745,9.85,20.1,0.5,-5.3,-39.2,강한매도,장대음봉,전저점이탈,0.03,-3.31,2026-08-07
CONY,1.2,18.51,369195,317010,6.83,6.72,1.0,1.6,2.4,강한매수,양봉,완만한상승,0.85,2.02,2026-08-07
CRCA,1.2,13.33,1314414,1055741,17.52,10.62,1.6,7.2,3.6,강한매수,양봉,전고점돌파,0.53,2.24,2026-08-07
SATL,1.2,5.52,7406377,5997682,40.88,25.75,1.6,6.3,3.0,강한매수,양봉,전고점돌파,0.86,2.63,2026-08-07
SDGR,1.2,18.16,1371265,1100281,24.9,18.19,1.4,1.5,0.4,매수관심,팽이도지,완만한상승,0.49,0.89,2026-08-07
JANX,1.2,15.85,689025,552490,10.92,10.3,1.1,-2.3,0.8,중립,위꼬리양봉,잔구간,0.26,-0.645,2026-08-07
JFR,1.2,7.78,482145,416606,3.75,3.65,1.0,0.3,0.5,강한매수,장대양봉,전고점돌파,1.0,4.1,2026-08-07
QUCY,1.2,1.44,777398,663142,1.12,0.96,1.2,0.0,4.3,매수관심,양봉,완만한상승,0.43,1.52,2026-08-07
RGNX,1.2,10.72,1387934,1186368,14.88,12.3,1.2,-2.0,-3.0,중립,음봉,잔구간,0.38,-0.42,2026-08-07
QS,1.2,6.08,18310114,14827374,111.33,129.36,0.9,2.9,6.9,강한매수,장대양봉,전고점돌파,0.91,3.99,2026-08-07
QID,1.2,13.94,19093706,16170429,266.17,270.05,1.0,-1.5,-0.7,중립,음봉,잔구간,0.1,-0.59,2026-08-07
MUA,1.2,10.26,356394,291334,3.66,3.24,1.1,0.2,0.6,매수관심,양봉,완만한상승,0.67,1.8,2026-08-07
ACHR,1.2,5.59,34085478,29630246,190.54,139.72,1.4,2.5,4.3,강한매수,장대양봉,전고점돌파,0.97,4.06,2026-08-07
VUZI,1.2,2.69,758425,627827,2.04,1.96,1.0,1.9,2.3,중립,양봉,전고점부근,0.93,0.77,2026-08-07
MVIS,1.2,3.385,772320,619334,2.61,1.87,1.4,0.6,3.2,매수관심,양봉,완만한상승,0.67,1.8,2026-08-07
YEXT,1.1,5.73,738596,685434,4.23,4.83,0.9,0.9,2.0,강한매수,장대양봉,완만한상승,0.65,3.08,2026-08-07
HYNX,1.1,17.25,1585589,1381934,27.35,35.91,0.8,-0.5,-7.5,중립,음봉,잔구간,0.43,-0.39,2026-08-07
VYGR,1.1,3.27,469297,425042,1.53,1.56,1.0,-1.9,6.5,강한매수,장대양봉,전고점돌파,0.91,3.99,2026-08-07
ZSQR,1.1,4.04,331201,304424,1.34,2.02,0.7,2.5,0.0,중립,팽이도지,잔구간,0.58,0.05,2026-08-07
MTA,1.1,8.75,339476,300446,2.97,2.46,1.2,4.2,0.0,매수관심,팽이도지,전고점돌파,0.52,1.52,2026-08-07
XP,1.1,16.24,3558076,3357897,57.78,53.83,1.1,1.4,-4.0,매도주의,장대음봉,잔구간,0.18,-1.19,2026-08-07
REF,1.1,15.76,802529,750920,12.65,25.42,0.5,0.2,-2.5,중립,음봉,잔구간,0.19,-0.535,2026-08-07
QTRX,1.1,4.03,448699,395934,1.81,1.43,1.3,1.3,3.9,강한매수,장대양봉,전고점돌파,0.94,4.03,2026-08-07
RCAT,1.1,9.21,10261986,9425630,94.51,66.52,1.4,-1.8,8.2,강한매수,장대양봉,전고점돌파,0.9,3.98,2026-08-07
QSI,1.1,0.814,2730130,2595546,2.22,2.02,1.1,0.9,6.9,강한매수,장대양봉,전고점돌파,0.79,3.85,2026-08-07
RZLV,1.1,2.73,8089556,7377097,22.08,21.43,1.0,1.5,1.9,강한매수,양봉,완만한상승,0.86,2.03,2026-08-07
BDJ,1.1,9.76,541750,503144,5.29,4.61,1.1,0.0,-0.1,매도주의,위꼬리음봉,잔구간,0.0,-1.05,2026-08-07
SABR,1.1,2.07,5630383,5070759,11.65,8.98,1.3,0.4,-8.0,매도주의,장대음봉,잔구간,0.18,-1.19,2026-08-07
IQ,1.1,1.33,5074890,4675386,6.75,7.82,0.9,-0.8,3.9,강한매수,장대양봉,완만한상승,0.71,3.15,2026-08-07
BITX,1.1,12.41,6947695,6276385,86.22,87.15,1.0,2.4,-0.7,매수관심,망치형,완만한상승,0.54,1.95,2026-08-07
IVVD,1.1,0.74,3515931,3161372,2.6,1.95,1.3,4.6,7.4,강한매수,장대양봉,전고점돌파,0.89,3.97,2026-08-07
CTGO,1.1,19.46,455410,402343,8.86,6.55,1.4,5.4,1.1,강한매수,양봉,전고점돌파,0.67,2.4,2026-08-07
COLD,1.1,14.96,4183690,3759408,62.59,57.4,1.1,0.2,3.5,강한매수,장대양봉,완만한상승,0.84,3.31,2026-08-07
CMRE,1.1,14.66,326927,306351,4.79,5.33,0.9,-0.1,-1.6,중립,음봉,전저점부근,0.26,-0.24,2026-08-07
SHMD,1.1,4.72,329452,303304,1.56,1.55,1.0,0.0,6.3,강한매수,장대양봉,전고점부근,0.94,2.08,2026-08-07
SGML,1.1,11.38,1642012,1436484,18.69,16.19,1.2,3.4,2.1,매수관심,양봉,완만한상승,0.75,1.9,2026-08-07
PLX,1.1,2.46,670214,627550,1.65,1.43,1.2,-0.4,1.2,강한매수,장대양봉,완만한상승,0.78,3.24,2026-08-07
CRMD,1.1,7.44,740966,677057,5.51,6.78,0.8,0.9,-1.8,매도주의,장대음봉,잔구간,0.24,-1.155,2026-08-07
SAIL,1.1,18.66,3098273,2921617,57.81,48.89,1.2,5.9,-0.3,강한매수,망치형,전고점돌파,0.68,2.72,2026-08-07
INFQ,1.1,11.91,7929625,7372214,94.44,85.39,1.1,1.0,6.1,강한매수,장대양봉,전고점돌파,0.99,4.09,2026-08-07
BKKT,1.1,7.53,856262,804704,6.45,6.04,1.1,1.8,3.9,강한매수,장대양봉,완만한상승,0.86,3.33,2026-08-07
IMMX,1.1,9.72,1604783,1453786,15.6,14.27,1.1,1.8,-5.1,중립,음봉,잔구간,0.44,-0.385,2026-08-07
BGS,1.1,3.52,2568107,2381976,9.04,8.04,1.1,1.8,1.1,중립,양봉,잔구간,1.0,0.65,2026-08-07
BHK,1.1,9.23,378837,334357,3.5,3.07,1.1,0.0,1.0,강한매수,장대양봉,전고점돌파,0.9,3.98,2026-08-07
JOBY,1.1,8.64,33602572,29997716,290.33,266.87,1.1,2.1,2.9,매수관심,장대양봉,전고점부근,0.79,1.9,2026-08-07
MRAM,1.1,16.64,1597184,1412526,26.58,21.27,1.2,4.9,1.4,강한매수,양봉스프링,완만한상승,0.83,2.8,2026-08-07
NMAX,1.1,8.97,686797,653856,6.16,6.53,0.9,1.1,3.7,강한매수,장대양봉,전고점돌파,0.82,3.88,2026-08-07
OPFI,1.1,9.4,451176,403698,4.24,4.21,1.0,0.6,-4.3,매도주의,장대음봉,잔구간,0.17,-1.2,2026-08-07
LEO,1.1,6.22,370281,341569,2.3,1.68,1.4,0.5,0.3,매수관심,양봉,완만한상승,0.5,1.6,2026-08-07
LEG,1.1,9.62,1988694,1844592,19.13,19.54,1.0,1.3,-1.0,중립,음봉,잔구간,0.22,-0.52,2026-08-07
CLSK,1.1,12.3,23422208,21171669,288.09,295.97,1.0,9.6,-12.0,매도주의,장대음봉,잔구간,0.11,-1.235,2026-08-07
OWL,1.1,11.87,34387147,30381095,408.18,251.25,1.6,0.3,3.2,강한매수,장대양봉,전고점돌파,0.7,3.74,2026-08-07
GNW,1.1,9.69,2885732,2554285,27.96,26.13,1.1,-0.1,-0.1,중립,망치형,잔구간,0.84,0.705,2026-08-07
OMAH,1.1,18.6,1341292,1199500,24.95,23.96,1.0,0.2,-0.3,중립,음봉,전저점부근,0.5,0.05,2026-08-07
ONDS,1.1,9.11,72873426,64485824,663.88,576.77,1.2,2.3,1.9,강한매수,양봉스프링,완만한상승,0.95,2.94,2026-08-07
AQST,1.1,3.94,1860430,1661061,7.33,7.99,0.9,0.8,-0.3,매수관심,팽이도지,전고점돌파,0.44,1.43,2026-08-07
TROX,1.1,6.51,4412867,3970581,28.73,19.77,1.5,1.6,-7.8,매도주의,장대음봉,잔구간,0.12,-1.23,2026-08-07
TNXP,1.1,12.03,387929,338465,4.67,4.23,1.1,1.1,2.1,강한매수,양봉,전고점돌파,0.92,2.7,2026-08-07
TEUP,1.1,4.785,432600,377335,2.07,1.24,1.7,7.6,2.9,중립,팽이도지,완만한상승,0.38,0.76,2026-08-07
TENX,1.1,13.44,2094837,1983739,28.15,25.31,1.1,1.4,-0.4,중립,팽이도지,완만한상승,0.3,0.66,2026-08-07
TARA,1.1,4.12,340659,311986,1.4,1.6,0.9,0.7,-0.2,중립,팽이도지,전고점부근,0.68,-0.23,2026-08-07
SPRY,1.1,6.16,2155796,2007402,13.28,13.89,1.0,0.9,10.0,강한매수,장대양봉,전고점돌파,1.0,4.1,2026-08-07
ARVN,1.1,8.75,1218176,1144194,10.66,9.64,1.1,1.5,-0.7,중립,팽이도지,완만한상승,0.32,0.68,2026-08-07
SSL,1.1,11.07,1277583,1111168,14.14,12.46,1.1,-0.7,-1.3,매도주의,장대음봉,잔구간,0.16,-1.205,2026-08-07
ASST,1.1,12.48,2845258,2574410,35.51,31.96,1.1,3.2,-1.7,중립,음봉,완만한상승,0.16,-0.21,2026-08-07
SNDL,1.1,1.23,1803462,1588458,2.22,2.85,0.8,0.0,2.5,매수관심,장대양봉,잔구간,0.6,1.06,2026-08-07
SMU,1.1,7.28,2349806,2075874,17.11,10.74,1.6,4.3,3.0,중립,팽이도지,전고점부근,0.7,-0.21,2026-08-07
HIMX,1.1,14.61,2076026,1890478,30.33,22.03,1.4,5.7,0.5,매수관심,팽이도지,전고점돌파,0.65,1.68,2026-08-07
CTMX,1.1,3.46,2461730,2233927,8.52,7.39,1.2,-1.5,4.2,강한매수,양봉,전고점돌파,0.64,2.37,2026-08-07
KYN,1.1,14.17,370833,329754,5.25,4.59,1.1,-0.4,-0.4,중립,팽이도지,잔구간,0.48,-0.01,2026-08-07
BMNU,1.1,11.97,3254461,3089934,38.96,38.16,1.0,5.5,-0.3,매수관심,팽이도지,전고점돌파,0.57,1.58,2026-08-07
LFST,1.1,10.84,3793299,3503883,41.12,35.78,1.1,2.3,-0.6,강한매수,망치형,완만한상승,0.7,2.14,2026-08-07
SKHU,1.1,13.54,1842891,1726189,24.95,38.4,0.6,0.1,-8.3,매도주의,장대음봉,잔구간,0.4,-1.06,2026-08-07
AXTX,1.1,14.88,18667135,17404099,277.77,100.23,2.8,10.7,22.1,강한매수,장대양봉,전고점돌파,0.91,3.99,2026-08-07
HRZN,1.1,4.64,566462,496147,2.63,2.58,1.0,0.1,1.2,매수관심,양봉,완만한상승,0.52,1.62,2026-08-07
HOVR,1.1,2.01,1557543,1439428,3.13,2.27,1.4,2.6,0.5,매수관심,양봉스프링,전고점부근,0.92,1.55,2026-08-07
SPCE,1.1,3.1,9669634,9187855,29.98,20.92,1.4,1.7,4.0,강한매수,장대양봉,전고점돌파,0.69,3.73,2026-08-07
LBGJ,1.1,3.36,566972,499399,1.91,6.59,0.3,-15.0,-4.0,중립,망치형,잔구간,0.77,0.66,2026-08-07
PLG,1.1,1.51,809158,750944,1.22,1.2,1.0,4.1,-1.3,매도주의,위꼬리음봉,완만한상승,0.14,-1.03,2026-08-07
PLUG,1.1,2.18,54678070,48518521,119.2,105.23,1.1,3.1,2.1,강한매수,양봉,완만한상승,0.89,2.07,2026-08-07
NIO,1.1,4.74,25158489,23559631,119.25,112.1,1.1,1.6,1.4,중립,양봉,잔구간,0.83,0.55,2026-08-07
ALTO,1.1,4.39,2125596,1873077,9.33,9.96,0.9,1.0,-3.7,중립,음봉,잔구간,0.11,-0.585,2026-08-07
TSDD,1.1,10.18,5659789,4984530,57.62,102.88,0.6,-1.5,-4.0,중립,음봉,전저점부근,0.41,-0.06,2026-08-07
CC,1.1,15.75,2873027,2718426,45.25,52.03,0.9,2.0,2.2,매수관심,양봉,완만한상승,0.46,1.55,2026-08-07
AIRJ,1.1,5.92,2561189,2278779,15.16,9.84,1.5,3.6,2.2,중립,위꼬리양봉,완만한상승,0.39,-0.23,2026-08-07
MNTN,1.1,11.11,1056972,993664,11.74,11.17,1.1,-0.5,1.6,강한매수,양봉,전고점돌파,0.47,2.16,2026-08-07
DNP,1.1,10.85,691289,623028,7.5,6.44,1.2,0.2,0.8,중립,양봉,잔구간,0.89,0.585,2026-08-07
VERI,1.1,1.31,2346624,2184032,3.07,2.3,1.3,2.2,2.5,강한매수,양봉,전고점돌파,0.57,2.28,2026-08-07
NFXL,1.1,16.37,925184,846882,15.15,15.41,1.0,-1.7,2.8,강한매수,장대양봉,완만한상승,0.74,3.19,2026-08-07
ADUR,1.1,16.1,434916,401301,7.0,6.56,1.1,1.9,2.9,강한매수,양봉,전고점돌파,0.78,2.54,2026-08-07
ACRS,1.1,5.91,2388049,2264504,14.11,14.25,1.0,-0.2,-2.8,중립,음봉,잔구간,0.45,-0.38,2026-08-07
NEXR,1.1,2.85,656539,616631,1.87,3.1,0.6,2.4,10.0,중립,양봉,잔구간,0.53,0.37,2026-08-07
ETH,1.1,18.29,1922506,1710088,35.16,29.92,1.2,1.0,-0.5,중립,음봉,완만한상승,0.43,0.12,2026-08-07
AGRO,1.1,9.45,741423,678501,7.01,6.81,1.0,-0.7,1.7,매수관심,양봉,완만한상승,0.62,1.74,2026-08-07
ETHA,1.1,14.47,27281901,25854690,394.77,411.7,1.0,1.0,-0.5,중립,음봉,완만한상승,0.43,0.12,2026-08-07
EU,1.1,1.25,3614346,3235357,4.52,3.77,1.2,2.6,5.9,강한매수,장대양봉,전고점돌파,0.94,4.03,2026-08-07
FPI,1.1,9.9,577962,538160,5.72,4.42,1.3,0.8,-1.2,매도주의,장대음봉,잔구간,0.11,-1.235,2026-08-07
NUVB,1.1,6.6,5777358,5434691,38.13,37.85,1.0,3.1,4.8,매수관심,장대양봉,잔구간,0.92,1.25,2026-08-07
NXDR,1.1,2.55,3001393,2624970,7.65,6.36,1.2,1.2,-0.8,강한매수,망치형,완만한상승,0.73,2.18,2026-08-07
GAU,1.1,2.06,2934490,2793447,6.05,5.6,1.1,3.6,2.0,강한매수,양봉,전고점돌파,0.54,2.25,2026-08-07
GCTS,1.1,2.55,3067437,2691411,7.82,4.7,1.7,4.2,3.2,강한매수,양봉,전고점돌파,0.78,2.54,2026-08-07
OCFC,1.1,19.42,1142342,1043923,22.18,18.16,1.2,0.0,-0.5,중립,음봉,잔구간,0.26,-0.495,2026-08-07
HTLD,1.0,12.34,688546,658780,8.5,9.36,0.9,0.0,0.4,중립,양봉,잔구간,0.54,0.375,2026-08-07
PPLT,1.0,15.85,2604697,2613623,41.28,36.42,1.1,1.3,-0.2,중립,팽이도지,전고점부근,0.47,-0.49,2026-08-07
PML,1.0,7.42,393246,376691,2.92,2.88,1.0,1.0,-0.1,강한매수,망치형,전고점돌파,0.86,2.93,2026-08-07
IRD,1.0,3.66,915167,921417,3.35,3.29,1.0,0.3,-1.9,중립,음봉,잔구간,0.6,-0.29,2026-08-07
RAM,1.0,10.38,13973720,13947017,145.05,166.9,0.9,2.2,-5.3,중립,음봉,잔구간,0.55,-0.32,2026-08-07
PTLO,1.0,4.43,1141628,1123178,5.06,6.11,0.8,0.0,1.1,매수관심,양봉스프링,잔구간,0.86,0.965,2026-08-07
QFIN,1.0,13.24,971406,947257,12.86,12.74,1.0,1.3,0.4,매수관심,양봉스프링,잔구간,0.76,0.905,2026-08-07
BDTX,1.0,1.95,599940,579731,1.17,1.2,1.0,1.0,0.5,매수관심,팽이도지,전고점돌파,0.56,1.57,2026-08-07
BBBY,1.0,4.64,2875717,2767688,13.34,14.36,0.9,0.2,2.9,매수관심,양봉,완만한상승,0.49,1.59,2026-08-07
CPNG,1.0,16.23,23998317,24154685,389.49,336.49,1.2,1.6,-2.3,매도주의,장대음봉,잔구간,0.07,-1.26,2026-08-07
ELVA,1.0,9.71,508076,514902,4.93,4.4,1.1,2.5,2.1,강한매수,양봉,완만한상승,0.83,2.0,2026-08-07
WSE,1.0,12.36,999584,1008113,12.35,16.69,0.7,1.0,-1.4,매도주의,장대음봉,잔구간,0.18,-1.19,2026-08-07
YMM,1.0,9.63,6123617,6330975,58.97,59.91,1.0,0.6,0.4,강한매수,양봉스프링,수횡파,0.98,3.68,2026-08-07
CRMG,1.0,5.94,5732694,6021828,34.05,36.29,0.9,3.8,2.3,매수관심,양봉,완만한상승,0.54,1.65,2026-08-07
CMBT,1.0,16.29,794946,784098,12.95,13.04,1.0,0.5,-1.3,중립,음봉,잔구간,0.26,-0.495,2026-08-07
KSS,1.0,19.3,3466701,3425238,66.91,64.71,1.0,0.7,3.9,매수관심,양봉,완만한상승,0.78,1.94,2026-08-07
KODK,1.0,10.04,913515,877323,9.17,8.83,1.0,-0.1,6.4,매수관심,장대양봉,전고점부근,0.78,1.89,2026-08-07
PRTA,1.0,8.76,481884,495862,4.22,4.75,0.9,-0.5,2.6,매수관심,양봉스프링,전고점부근,0.89,1.52,2026-08-07
SABS,1.0,3.9,343907,344668,1.34,1.9,0.7,0.3,1.0,매수관심,양봉,완만한상승,0.5,1.6,2026-08-07
SD,1.0,13.62,350255,334470,4.77,4.04,1.2,-0.8,2.2,매수관심,장대양봉,잔구간,0.79,1.175,2026-08-07
CORD,1.0,3.73,10664224,10964864,39.78,41.72,1.0,-9.2,-3.1,매도주의,위꼬리음봉,잔구간,0.09,-0.995,2026-08-07
BLMN,1.0,10.95,2011531,1985061,22.03,28.86,0.8,-1.4,2.1,매수관심,양봉,완만한상승,0.57,1.68,2026-08-07
SANA,1.0,3.52,2153476,2069360,7.58,8.43,0.9,2.3,0.9,강한매수,양봉스프링,완만한상승,0.81,2.77,2026-08-07
IMMR,1.0,7.6,667589,641574,5.07,7.08,0.7,0.4,2.3,강한매수,장대양봉,완만한상승,0.74,3.19,2026-08-07
COMP,1.0,12.58,10171977,10557770,127.96,162.34,0.8,1.2,-1.2,중립,음봉,완만한상승,0.04,-0.35,2026-08-07
WLTH,1.0,9.7,781626,818785,7.58,8.48,0.9,0.8,-0.1,매도주의,위꼬리음봉,완만한상승,0.14,-1.03,2026-08-07
RDY,1.0,12.22,2564071,2662153,31.33,35.46,0.9,0.7,0.2,매수관심,팽이도지,완만한상승,0.72,1.16,2026-08-07
XHR,1.0,19.41,842975,839977,16.36,17.33,0.9,-0.1,-1.5,강한매도,장대음봉,전저점이탈,0.11,-3.22,2026-08-07
ELPC,1.0,11.55,317485,327343,3.67,4.32,0.8,0.0,-1.2,매도주의,장대음봉,잔구간,0.3,-1.12,2026-08-07
ZTG,1.0,9.2,1313499,1318226,12.08,5.78,2.1,8.5,-15.6,중립,음봉,잔구간,0.33,-0.45,2026-08-07
VWAV,1.0,1.4,974333,935475,1.36,1.43,1.0,3.2,9.4,매수관심,장대양봉,잔구간,0.79,1.175,2026-08-07
VVR,1.0,2.95,607649,587937,1.79,1.57,1.1,0.0,-0.3,중립,음봉,전저점부근,0.0,-0.55,2026-08-07
VTS,1.0,15.8,523628,507799,8.27,7.71,1.1,-0.6,1.1,매수관심,양봉,완만한상승,0.4,1.48,2026-08-07
QUBT,1.0,9.18,9182744,9241215,84.3,73.28,1.2,1.9,2.7,강한매수,양봉,완만한상승,0.95,2.14,2026-08-07
IREZ,1.0,12.25,1972339,1883009,24.16,34.25,0.7,-8.2,-10.1,중립,음봉,전저점부근,0.0,-0.55,2026-08-07
GPRO,1.0,0.726,3948059,4044668,2.87,2.78,1.0,-0.5,0.1,중립,팽이도지,잔구간,0.61,0.065,2026-08-07
SRXH,1.0,1.59,1099990,1061712,1.75,1.84,0.9,0.7,10.4,강한매수,장대양봉,완만한상승,1.0,3.5,2026-08-07
BMNR,1.0,18.82,29938644,28993858,563.45,591.31,1.0,3.1,-0.2,매수관심,팽이도지,전고점돌파,0.59,1.61,2026-08-07
LADR,1.0,9.76,1323291,1295101,12.92,14.33,0.9,0.2,2.1,매수관심,장대양봉,잔구간,0.78,1.17,2026-08-07
HAYW,1.0,15.82,3032138,3036102,47.97,53.62,0.9,0.3,0.7,매수관심,양봉,완만한상승,0.42,1.5,2026-08-07
SPIR,1.0,14.33,540716,560937,7.75,6.88,1.1,2.2,4.8,강한매수,장대양봉,전고점돌파,0.86,3.93,2026-08-07
AUR,1.0,7.06,28671940,27943012,202.42,184.75,1.1,2.2,1.9,매수관심,양봉,완만한상승,0.65,1.78,2026-08-07
DFDV,1.0,2.89,449699,463525,1.3,1.45,0.9,1.5,4.7,강한매수,장대양봉,전고점돌파,0.87,3.94,2026-08-07
TE,1.0,5.85,55655603,53100828,325.59,225.8,1.4,4.5,0.9,중립,팽이도지,완만한상승,0.34,0.71,2026-08-07
LWLG,1.0,8.11,2934259,2939841,23.8,21.64,1.1,3.4,3.3,중립,양봉,전고점부근,0.76,0.56,2026-08-07
BTCZ,1.0,5.32,10363332,10620107,55.13,76.89,0.7,-2.4,0.9,중립,양봉,잔구간,0.57,0.39,2026-08-07
BSCT,1.0,18.555,450497,466690,8.36,9.02,0.9,0.2,0.0,매수관심,팽이도지,완만한상승,0.5,0.9,2026-08-07
LXU,1.0,9.62,1073731,1082104,10.33,11.4,0.9,0.1,-0.8,중립,망치형,잔구간,0.55,0.53,2026-08-07
TRTX,1.0,8.05,923255,966081,7.43,7.68,1.0,0.5,1.5,중립,양봉,잔구간,0.55,0.38,2026-08-07
LDI,1.0,0.952,3497439,3677203,3.33,3.03,1.1,3.0,-1.9,중립,음봉,잔구간,0.25,-0.5,2026-08-07
CLBT,1.0,16.01,854976,817710,13.69,13.71,1.0,2.4,1.1,매수관심,양봉스프링,전고점부근,1.0,1.65,2026-08-07
CIK,1.0,2.44,509692,520762,1.24,1.03,1.2,0.0,0.4,매수관심,양봉,완만한상승,0.5,1.6,2026-08-07
AOD,1.0,10.66,509146,528986,5.43,4.93,1.1,0.7,-0.5,중립,음봉,완만한상승,0.14,-0.23,2026-08-07
APLE,1.0,16.18,3718715,3774308,60.17,62.88,1.0,1.5,-0.3,중립,팽이도지,잔구간,0.36,-0.085,2026-08-07
TAC,1.0,12.43,1561058,1629416,19.4,25.12,0.8,0.3,-0.7,매도주의,위꼬리음봉,잔구간,0.07,-1.01,2026-08-07
STTK,1.0,7.27,894452,869800,6.5,6.85,0.9,2.0,-0.4,중립,팽이도지,완만한상승,0.27,0.62,2026-08-07
GO,1.0,9.91,2443654,2372219,24.22,21.98,1.1,-0.3,2.6,강한매수,장대양봉,완만한상승,0.78,3.24,2026-08-07
OTF,1.0,11.7,3935264,3857461,46.04,30.55,1.5,1.9,1.3,강한매수,양봉,전고점돌파,0.89,2.67,2026-08-07
PAX,1.0,11.53,1514070,1579934,17.46,14.9,1.2,0.4,2.2,강한매수,장대양봉,완만한상승,0.84,3.31,2026-08-07
PATH,1.0,15.05,62565541,64254364,941.61,776.15,1.2,1.6,5.8,강한매수,장대양봉,전고점돌파,0.95,4.04,2026-08-07
HR,1.0,19.97,4217304,4244342,84.22,88.87,0.9,0.3,-1.5,강한매도,장대음봉,전저점이탈,0.09,-3.24,2026-08-07
PLTG,1.0,17.64,350133,344499,6.18,6.51,0.9,6.1,13.5,강한매수,장대양봉,전고점돌파,0.98,4.08,2026-08-07
PFLT,1.0,7.52,1011841,1053077,7.61,8.04,0.9,-0.1,3.2,강한매수,장대양봉,전고점돌파,0.88,3.96,2026-08-07
SMCX,1.0,8.89,5714030,5928758,50.8,46.23,1.1,3.9,7.5,강한매수,장대양봉,완만한상승,0.88,3.36,2026-08-07
SLS,1.0,12.01,5124094,5066822,61.54,67.92,0.9,2.1,0.5,매수관심,팽이도지,완만한상승,0.67,1.1,2026-08-07
SLI,1.0,2.37,1620481,1573707,3.84,3.43,1.1,1.3,3.0,강한매수,장대양봉,전고점돌파,0.67,3.7,2026-08-07
ALT,1.0,3.08,4506100,4312300,13.88,18.06,0.8,1.3,1.0,매수관심,양봉,완만한상승,0.8,1.96,2026-08-07
FTMH,1.0,11.62,327579,314237,3.81,3.03,1.3,0.1,0.3,강한매수,장대양봉,완만한상승,1.0,3.5,2026-08-07
FLNC,1.0,13.195,8480913,8464953,111.91,141.81,0.8,1.2,-1.3,중립,망치형,잔구간,0.65,0.59,2026-08-07
MFM,1.0,5.44,314688,311116,1.71,1.72,1.0,0.7,0.2,매수관심,팽이도지,전고점돌파,0.5,1.5,2026-08-07
NVG,1.0,12.52,487952,512934,6.11,5.62,1.1,0.4,0.6,강한매수,양봉,완만한상승,1.0,2.2,2026-08-07
MASS,1.0,8.88,322948,315582,2.87,2.65,1.1,0.8,6.1,강한매수,장대양봉,전고점부근,1.0,2.15,2026-08-07
MEI,1.0,16.67,470539,476582,7.84,8.05,1.0,1.5,-0.4,강한매수,망치형,완만한상승,0.72,2.16,2026-08-07
OLMA,1.0,12.05,757198,735166,9.12,10.03,0.9,1.1,1.0,매수관심,양봉,완만한상승,0.53,1.64,2026-08-07
DHY,1.0,1.74,577719,574312,1.01,0.93,1.1,0.6,0.6,강한매수,장대양봉,완만한상승,1.0,3.5,2026-08-07
FJET,1.0,3.99,529591,553593,2.11,2.14,1.0,2.1,2.8,매수관심,양봉,완만한상승,0.59,1.71,2026-08-07
UPB,1.0,7.25,621845,600731,4.51,4.16,1.1,1.0,4.5,강한매수,장대양봉,전고점돌파,0.97,4.06,2026-08-07
UPWK,1.0,9.67,3460876,3397058,33.47,31.69,1.1,2.1,0.5,중립,위꼬리양봉,잔구간,0.39,-0.565,2026-08-07
VET,1.0,10.86,1437001,1461011,15.61,20.42,0.8,-1.3,0.3,중립,위꼬리양봉,잔구간,0.27,-0.64,2026-08-07
USA,1.0,6.01,1422951,1411332,8.55,8.47,1.0,0.2,0.2,매수관심,팽이도지,전고점돌파,0.6,1.62,2026-08-07
MQ,1.0,15.96,1309773,1321280,20.9,22.27,0.9,0.0,-4.4,강한매도,장대음봉,전저점이탈,0.01,-3.34,2026-08-07
MPT,1.0,4.7,5178171,5408330,24.34,22.15,1.1,0.2,2.0,매수관심,장대양봉,잔구간,0.83,1.2,2026-08-07
ALOY,1.0,12.27,3900708,3992904,47.86,33.89,1.4,2.9,11.5,강한매수,장대양봉,전고점돌파,0.86,3.93,2026-08-07
ALKT,1.0,19.73,1474333,1411504,29.09,30.08,1.0,1.5,-1.3,매도주의,음봉,전고점부근,0.41,-1.26,2026-08-07
BWEN,1.0,4.66,720684,736565,3.36,4.02,0.8,1.1,3.1,매수관심,양봉,완만한상승,0.6,1.72,2026-08-07
TSLL,1.0,8.11,92977941,89551474,754.05,698.47,1.1,1.6,3.9,매수관심,양봉,완만한상승,0.58,1.7,2026-08-07
FMNB,1.0,15.69,404062,409137,6.34,6.94,0.9,-0.1,-0.6,강한매도,장대음봉,전저점이탈,0.23,-3.07,2026-08-07
CDXS,1.0,1.47,764738,793624,1.12,3.3,0.3,0.7,-1.3,중립,음봉,잔구간,0.33,-0.45,2026-08-07
DHT,1.0,18.76,3122381,3024690,58.58,52.73,1.1,0.2,2.1,강한매수,양봉,완만한상승,0.9,2.08,2026-08-07
MIST,1.0,1.22,990171,999446,1.21,1.46,0.8,0.0,3.4,강한매수,장대양봉,전고점돌파,1.0,4.1,2026-08-07
EVLV,1.0,6.13,1384332,1402204,8.49,10.7,0.8,0.9,2.2,강한매수,장대양봉,전고점돌파,0.81,3.87,2026-08-07
FBRT,1.0,7.91,1460120,1484983,11.55,11.36,1.0,0.1,3.3,강한매수,장대양봉,완만한상승,0.8,3.26,2026-08-07
VGZ,1.0,2.11,1292653,1339000,2.73,2.37,1.2,5.4,-1.4,매수관심,팽이도지,전고점돌파,0.31,1.27,2026-08-07
VIV,1.0,12.01,1231056,1292081,14.78,20.06,0.7,0.4,-1.0,매도주의,음봉,전저점이탈,0.33,-1.65,2026-08-07
VLN,1.0,1.74,628080,652911,1.09,1.29,0.8,1.2,2.4,강한매수,장대양봉,완만한상승,0.92,3.4,2026-08-07
AHCO,1.0,5.69,5621045,5894755,31.98,33.3,1.0,-0.2,-5.6,강한매도,장대음봉,전저점이탈,0.06,-3.28,2026-08-07
AI,1.0,10.22,3912630,3922479,39.99,45.98,0.9,1.7,1.9,강한매수,양봉,전고점돌파,0.52,2.22,2026-08-07
ETW,1.0,9.73,304631,313360,2.96,2.76,1.1,0.4,0.6,강한매수,장대양봉,전고점부근,0.89,2.02,2026-08-07
NEXA,1.0,14.1,710097,678012,10.01,8.75,1.1,2.3,-3.6,중립,음봉,잔구간,0.05,-0.62,2026-08-07
ENVX,1.0,4.7,4842505,4838752,22.76,26.35,0.9,2.1,8.0,강한매수,장대양봉,전고점돌파,0.92,4.0,2026-08-07
NEWP,1.0,6.33,631299,601356,4.0,2.45,1.6,4.1,2.9,강한매수,양봉,전고점돌파,0.9,2.68,2026-08-07
NAGE,1.0,3.12,889880,866383,2.78,2.68,1.0,1.0,1.6,강한매수,양봉스프링,완만한상승,0.94,2.93,2026-08-07
NABL,1.0,4.99,1463222,1523613,7.3,7.04,1.0,1.6,0.8,매수관심,팽이도지,완만한상승,0.66,1.09,2026-08-07
NAC,1.0,11.84,479118,494286,5.67,5.1,1.1,0.3,0.4,매수관심,장대양봉,잔구간,0.75,1.15,2026-08-07
ABSI,1.0,8.93,2193535,2093451,19.59,19.43,1.0,3.0,4.4,강한매수,장대양봉,전고점돌파,0.92,4.0,2026-08-07
DX,1.0,12.95,5136973,5064081,66.52,69.08,1.0,0.5,0.5,매수관심,양봉,완만한상승,0.5,1.6,2026-08-07
XPEV,0.9,12.13,6305334,7119482,76.48,80.97,0.9,2.7,1.1,중립,양봉,잔구간,0.85,0.56,2026-08-07
AEG,0.9,9.53,4872718,5183109,46.44,50.88,0.9,1.4,-0.6,중립,음봉,완만한상승,0.27,-0.08,2026-08-07
DSGN,0.9,13.99,418867,474988,5.86,5.67,1.0,1.5,0.1,매수관심,팽이도지,완만한상승,0.65,1.08,2026-08-07
RZLT,0.9,4.69,986260,1149624,4.63,5.85,0.8,1.3,-1.5,중립,팽이도지,잔구간,0.49,-0.005,2026-08-07
HYLN,0.9,3.87,2044797,2204993,7.91,8.76,0.9,2.3,-4.2,중립,음봉,잔구간,0.36,-0.435,2026-08-07
IBRX,0.9,7.64,9391476,10264033,71.75,76.19,0.9,1.1,3.2,매수관심,양봉,전고점부근,0.97,0.81,2026-08-07
ICL,0.9,5.31,851939,969656,4.52,5.18,0.9,0.8,0.0,매수관심,팽이도지,전고점돌파,0.31,1.27,2026-08-07
ICLN,0.9,18.3,9223650,10603530,168.79,149.41,1.1,1.9,-0.9,중립,음봉,완만한상승,0.41,0.09,2026-08-07
REPL,0.9,12.06,8914081,9525937,107.5,114.16,0.9,1.1,-7.2,중립,음봉,잔구간,0.32,-0.46,2026-08-07
BBAR,0.9,17.11,396652,439166,6.79,8.08,0.8,1.9,-3.6,매도주의,음봉,전저점이탈,0.32,-1.67,2026-08-07
SCM,0.9,8.41,309514,330840,2.6,2.12,1.2,0.4,-0.9,중립,음봉,잔구간,0.29,-0.475,2026-08-07
HTGC,0.9,17.25,1695443,1862139,29.25,26.97,1.1,-0.3,1.5,강한매수,장대양봉,전고점돌파,0.71,3.75,2026-08-07
EVTL,0.9,1.36,2034390,2156564,2.77,2.89,1.0,0.8,7.1,강한매수,장대양봉,완만한상승,0.9,3.38,2026-08-07
EXK,0.9,9.54,7781056,8703376,74.23,62.89,1.2,7.6,0.4,강한매수,양봉스프링,전고점돌파,0.86,3.43,2026-08-07
FBIO,0.9,2.67,579990,676853,1.55,2.16,0.7,0.0,-3.6,중립,음봉,잔구간,0.1,-0.59,2026-08-07
NBIL,0.9,19.69,5637087,6226878,110.99,115.66,1.0,7.5,-8.9,중립,음봉,잔구간,0.44,-0.385,2026-08-07
NFGC,0.9,1.67,1407870,1545268,2.35,2.04,1.2,5.1,0.6,매수관심,팽이도지,전고점돌파,0.5,1.5,2026-08-07
CCLD,0.9,2.63,456194,535199,1.2,1.17,1.0,0.4,12.9,매수관심,장대양봉,잔구간,0.91,1.245,2026-08-07
HUMA,0.9,0.718,2277637,2482894,1.64,1.91,0.9,0.5,0.8,매수관심,팽이도지,완만한상승,0.43,0.82,2026-08-07
CSAN,0.9,2.88,1146810,1229467,3.3,3.61,0.9,-0.3,-2.7,강한매도,장대음봉,전저점이탈,0.18,-3.13,2026-08-07
INV,0.9,3.435,1051264,1222998,3.61,4.47,0.8,1.1,-2.4,중립,음봉,잔구간,0.35,-0.44,2026-08-07
IPSC,0.9,2.0,522583,583256,1.05,1.41,0.7,1.1,4.2,매수관심,장대양봉,잔구간,0.87,1.22,2026-08-07
QTTB,0.9,15.6,513474,581154,8.01,8.17,1.0,2.3,-5.9,매도주의,장대음봉,잔구간,0.16,-1.205,2026-08-07
QUAD,0.9,10.18,523547,567982,5.33,4.89,1.1,0.1,1.8,강한매수,양봉,완만한상승,0.85,2.02,2026-08-07
QXO,0.9,16.16,16235149,17770326,262.36,284.77,0.9,3.0,3.4,강한매수,장대양봉,전고점돌파,0.95,4.04,2026-08-07
QYLD,0.9,18.14,3515768,3830492,63.78,77.71,0.8,0.2,0.2,강한매수,양봉,전고점돌파,0.8,2.56,2026-08-07
RBBN,0.9,2.14,637793,720743,1.36,1.79,0.8,0.0,1.9,매수관심,장대양봉,잔구간,1.0,1.3,2026-08-07
CSIQ,0.9,15.91,1810316,1965622,28.8,30.23,1.0,1.5,1.3,매수관심,팽이도지,완만한상승,0.66,1.09,2026-08-07
NU,0.9,13.84,47671923,50463985,659.78,813.09,0.8,0.6,-2.6,강한매도,장대음봉,전저점이탈,0.12,-3.21,2026-08-07
NMFC,0.9,7.75,668571,725684,5.18,4.65,1.1,0.0,1.3,강한매수,양봉,전고점돌파,0.63,2.36,2026-08-07
NNE,0.9,18.85,1842377,2128086,34.73,35.26,1.0,3.9,3.0,강한매수,양봉,전고점돌파,0.78,2.54,2026-08-07
DOLE,0.9,13.83,768417,883521,10.63,15.79,0.7,-0.2,0.7,중립,양봉,잔구간,0.61,0.415,2026-08-07
UPBD,0.9,19.83,1111889,1257803,22.05,28.45,0.8,-0.3,1.9,매수관심,장대양봉,잔구간,0.84,1.205,2026-08-07
USOY,0.9,6.75,352975,372254,2.38,2.87,0.8,-0.9,0.6,중립,위꼬리양봉,잔구간,0.33,-0.6,2026-08-07
VALE,0.9,14.71,24283456,26583169,357.21,349.37,1.0,1.0,-1.1,중립,음봉,수횡파,0.36,-0.27,2026-08-07
VERX,0.9,11.94,2682053,3122593,32.02,41.64,0.8,1.9,1.3,중립,양봉,잔구간,0.85,0.56,2026-08-07
UEC,0.9,11.26,8120131,9008345,91.43,83.87,1.1,2.9,1.7,강한매수,양봉,전고점돌파,0.56,2.27,2026-08-07
UNG,0.9,9.74,8059833,9162606,78.5,95.01,0.8,1.6,-0.4,중립,음봉,완만한상승,0.46,0.15,2026-08-07
DJT,0.9,10.21,3742747,4385872,38.21,47.51,0.8,1.1,2.1,매수관심,양봉,완만한상승,0.55,1.66,2026-08-07
DLO,0.9,14.405,1243487,1358052,17.91,26.13,0.7,0.7,-3.1,매도주의,장대음봉,전저점부근,0.26,-1.54,2026-08-07
MNKD,0.9,4.11,5048122,5340320,20.75,23.08,0.9,0.5,5.1,강한매수,장대양봉,완만한상승,0.86,3.33,2026-08-07
MORT,0.9,9.89,1025115,1125698,10.14,9.92,1.0,0.3,1.9,매수관심,장대양봉,잔구간,0.75,1.15,2026-08-07
BTE,0.9,4.18,17131294,18926701,71.61,76.22,0.9,-1.0,2.0,매수관심,양봉,완만한상승,0.61,1.73,2026-08-07
BULL,0.9,7.32,6117639,7063851,44.78,53.49,0.8,1.5,-0.1,매수관심,팽이도지,완만한상승,0.44,0.83,2026-08-07
BVS,0.9,14.125,939781,1040619,13.27,14.5,0.9,0.1,1.0,매수관심,팽이도지,완만한상승,0.71,1.15,2026-08-07
HIX,0.9,3.94,336729,387486,1.33,1.44,0.9,0.3,0.3,매수관심,팽이도지,완만한상승,0.5,0.9,2026-08-07
IVR,0.9,7.48,2625717,3069584,19.64,21.35,0.9,0.7,0.4,중립,위꼬리양봉,완만한상승,0.4,-0.22,2026-08-07
JBGS,0.9,12.16,554875,602816,6.75,11.79,0.6,-0.6,0.7,중립,위꼬리양봉,잔구간,0.29,-0.625,2026-08-07
JELD,0.9,1.89,1682960,1847514,3.18,3.19,1.0,1.1,5.6,강한매수,장대양봉,완만한상승,0.67,3.1,2026-08-07
JKS,0.9,17.01,703187,800770,11.96,11.18,1.1,2.0,3.1,강한매수,양봉,전고점돌파,0.81,2.57,2026-08-07
KBWD,0.9,12.63,412592,457429,5.21,6.17,0.8,0.1,1.9,강한매수,장대양봉,전고점돌파,0.83,3.9,2026-08-07
PWP,0.9,17.5,1474582,1633300,25.81,24.7,1.0,0.5,2.0,매수관심,양봉,완만한상승,0.59,1.71,2026-08-07
QBTX,0.9,9.75,2188601,2420194,21.34,23.17,0.9,3.2,10.3,강한매수,장대양봉,완만한상승,0.91,3.39,2026-08-07
HLX,0.9,9.6,1515265,1608555,14.55,15.48,0.9,-1.0,-1.1,중립,음봉,잔구간,0.0,-0.65,2026-08-07
CERS,0.9,2.35,3484714,3919621,8.19,8.31,1.0,-0.9,2.2,매수관심,양봉,완만한상승,0.38,1.46,2026-08-07
FSCO,0.9,5.03,893912,1024605,4.5,4.45,1.0,0.0,1.2,강한매수,장대양봉,완만한상승,0.67,3.1,2026-08-07
TSLZ,0.9,15.34,1088667,1254524,16.7,28.07,0.6,-1.6,-4.2,중립,음봉,전저점부근,0.41,-0.06,2026-08-07
NVDY,0.9,13.0,2029733,2202707,26.39,29.15,0.9,0.8,0.9,매수관심,장대양봉,전고점부근,0.74,1.84,2026-08-07
MBC,0.9,9.37,2244786,2516643,21.03,18.98,1.1,1.3,2.7,매수관심,양봉,완만한상승,0.78,1.94,2026-08-07
MFA,0.9,9.23,1597471,1711923,14.74,15.35,1.0,0.3,1.7,매수관심,장대양봉,잔구간,0.71,1.125,2026-08-07
HSAI,0.9,19.22,1687862,1836693,32.44,28.96,1.1,4.8,3.3,강한매수,장대양봉,전고점돌파,1.0,4.1,2026-08-07
AVTX,0.9,18.32,730255,829196,13.38,16.02,0.8,0.9,-2.9,중립,음봉,잔구간,0.37,-0.43,2026-08-07
AVXL,0.9,3.34,1045897,1224184,3.49,3.27,1.1,1.5,0.3,강한매도,위꼬리양봉,전고점부근,0.25,-2.75,2026-08-07
BAK,0.9,2.29,1176305,1325866,2.69,3.9,0.7,0.9,-2.6,중립,음봉,수횡파,0.17,-0.5,2026-08-07
BB,0.9,8.98,10403723,11510710,93.43,117.68,0.8,2.4,-0.1,매도주의,위꼬리음봉,완만한상승,0.23,-0.92,2026-08-07
KEEL,0.9,3.88,26007346,29424865,100.91,131.76,0.8,5.0,-3.2,중립,음봉,잔구간,0.63,-0.27,2026-08-07
BKD,0.9,14.22,4052118,4539191,57.62,70.25,0.8,-0.3,-0.7,중립,음봉,잔구간,0.09,-0.595,2026-08-07
SLRC,0.9,13.1,397884,431870,5.21,6.9,0.8,0.2,1.1,매수관심,양봉,완만한상승,0.68,1.82,2026-08-07
TSHA,0.9,6.56,1929728,2234491,12.66,14.73,0.9,1.7,1.7,중립,양봉,전고점부근,0.95,0.79,2026-08-07
FLG,0.9,13.95,3189330,3514373,44.49,77.33,0.6,-0.1,-1.4,매도주의,장대음봉,잔구간,0.02,-1.29,2026-08-07
NZF,0.9,12.46,534114,570536,6.66,7.74,0.9,0.3,0.4,중립,양봉,전고점부근,0.67,0.45,2026-08-07
OBE,0.9,9.91,716965,807319,7.11,8.83,0.8,-0.8,4.3,매수관심,양봉,완만한상승,0.72,1.86,2026-08-07
OCGN,0.9,1.28,4537422,4854943,5.81,6.32,0.9,1.6,1.6,매수관심,양봉,완만한상승,0.6,1.72,2026-08-07
OCUL,0.9,9.19,2016649,2191718,18.53,17.32,1.1,0.7,4.4,강한매수,장대양봉,전고점돌파,0.98,4.08,2026-08-07
ODD,0.9,14.12,667580,740896,9.43,10.5,0.9,1.4,3.0,매수관심,장대양봉,잔구간,0.8,1.18,2026-08-07
LXRX,0.9,2.47,3085741,3338433,7.62,7.04,1.1,3.2,1.4,강한매수,양봉스프링,완만한상승,0.97,2.96,2026-08-07
MAMA,0.9,17.91,463996,495938,8.31,8.96,0.9,0.5,-2.7,중립,음봉,잔구간,0.24,-0.505,2026-08-07
SMCL,0.9,12.31,599191,663494,7.38,7.72,1.0,3.8,7.7,강한매수,장대양봉,완만한상승,0.86,3.33,2026-08-07
SMCZ,0.9,5.66,803574,850846,4.55,8.63,0.5,-3.0,-8.9,매도주의,장대음봉,잔구간,0.13,-1.22,2026-08-07
CWK,0.9,13.83,1636922,1911204,22.64,26.3,0.9,0.8,0.4,매수관심,팽이도지,완만한상승,0.43,0.82,2026-08-07
PMT,0.9,9.65,1039674,1214932,10.03,13.86,0.7,1.5,1.8,매수관심,양봉,완만한상승,0.69,1.83,2026-08-07
KOPN,0.9,4.27,2729339,3135476,11.65,13.98,0.8,2.9,1.7,중립,양봉,전고점부근,0.6,0.37,2026-08-07
HELP,0.9,11.61,1739908,2007081,20.2,16.38,1.2,1.0,3.6,강한매수,장대양봉,전고점돌파,0.98,4.08,2026-08-07
SMR,0.9,9.82,30292690,32874741,297.47,274.38,1.1,2.3,1.4,중립,팽이도지,전고점부근,0.69,-0.22,2026-08-07
FUTG,0.9,4.16,524019,567072,2.18,2.69,0.8,2.2,6.4,강한매수,장대양봉,완만한상승,0.97,3.46,2026-08-07
CGNT,0.9,9.2,534054,599989,4.91,4.53,1.1,2.0,-0.1,매수관심,팽이도지,완만한상승,0.52,0.92,2026-08-07
OMER,0.9,13.25,1227715,1320338,16.27,18.67,0.9,1.1,-0.3,매수관심,팽이도지,전고점돌파,0.63,1.66,2026-08-07
BSCR,0.9,19.635,497149,545095,9.76,12.21,0.8,0.1,-0.0,매수관심,음봉,전고점돌파,0.5,0.8,2026-08-07
ONDL,0.9,9.19,1501129,1680371,13.8,12.33,1.1,5.7,2.6,강한매수,양봉스프링,완만한상승,0.96,2.95,2026-08-07
AMPX,0.9,11.85,6383400,7398348,75.64,70.47,1.1,3.4,2.4,강한매수,양봉,완만한상승,0.85,2.02,2026-08-07
AMTX,0.9,1.72,695957,749065,1.2,1.62,0.7,0.0,5.5,강한매수,양봉,완만한상승,0.88,2.06,2026-08-07
SOFI,0.9,18.38,51642406,59102901,949.19,1381.47,0.7,2.0,-0.4,강한매수,망치형,완만한상승,0.7,2.14,2026-08-07
GPRE,0.9,14.65,1290125,1470413,18.9,23.31,0.8,3.3,-6.7,강한매도,장대음봉,전저점이탈,0.19,-3.12,2026-08-07
GRFS,0.9,7.94,400481,463857,3.18,7.95,0.4,1.0,0.4,중립,위꼬리양봉,잔구간,0.18,-0.69,2026-08-07
GSOL,0.9,5.6,1983626,2189990,11.11,15.56,0.7,1.8,0.2,강한매수,양봉스프링,완만한상승,0.76,2.71,2026-08-07
PHK,0.9,4.72,560842,622119,2.65,3.35,0.8,-0.4,0.6,강한매수,장대양봉,전고점돌파,1.0,4.1,2026-08-07
SRPT,0.9,16.78,3064146,3356336,51.42,53.7,1.0,0.5,-0.5,중립,팽이도지,완만한상승,0.39,0.77,2026-08-07
SRTA,0.9,5.79,1314743,1413920,7.61,7.33,1.0,-1.3,4.9,강한매수,장대양봉,완만한상승,0.64,3.07,2026-08-07
ASPI,0.9,4.43,3387774,3896112,15.01,16.02,0.9,3.9,4.0,중립,양봉,전고점부근,0.83,0.65,2026-08-07
GILT,0.9,11.23,523584,584531,5.88,7.7,0.8,2.0,-2.5,중립,음봉,잔구간,0.46,-0.375,2026-08-07
GLND,0.9,2.34,560967,658276,1.31,1.46,0.9,0.7,5.2,강한매수,장대양봉,완만한상승,0.72,3.16,2026-08-07
LILAK,0.9,8.39,1032230,1175257,8.66,11.31,0.8,-1.3,-0.7,중립,음봉,잔구간,0.25,-0.5,2026-08-07
PDI,0.9,16.08,2255111,2489924,36.26,44.34,0.8,0.2,-0.1,매도주의,위꼬리음봉,완만한상승,0.14,-1.03,2026-08-07
GOOD,0.9,12.95,458703,524891,5.94,5.96,1.0,-0.4,0.7,중립,양봉,잔구간,0.5,0.35,2026-08-07
GOOY,0.9,12.66,313880,362296,3.97,4.49,0.9,0.2,-0.6,중립,음봉,잔구간,0.27,-0.49,2026-08-07
DBO,0.9,19.59,384598,433298,7.53,11.48,0.7,-1.6,1.2,중립,양봉,잔구간,0.44,0.315,2026-08-07
DEC,0.9,13.85,863656,962552,11.96,12.26,1.0,-1.1,3.8,강한매수,장대양봉,전고점돌파,0.77,3.82,2026-08-07
DEI,0.9,11.69,1662049,1826955,19.43,23.66,0.8,0.6,1.0,중립,양봉,잔구간,0.62,0.42,2026-08-07
TBLA,0.9,4.1,3188316,3547714,13.07,15.37,0.9,0.7,0.7,매수관심,팽이도지,완만한상승,0.55,0.96,2026-08-07
TIMB,0.9,18.43,504585,562177,9.3,12.18,0.8,-0.5,-0.0,중립,팽이도지,잔구간,0.67,0.1,2026-08-07
OPK,0.9,1.37,2699962,3025878,3.7,10.41,0.4,0.0,3.8,중립,양봉,잔구간,0.59,0.405,2026-08-07
OSPN,0.9,16.78,406595,456977,6.82,7.44,0.9,1.5,1.8,강한매수,양봉,완만한상승,0.98,2.18,2026-08-07
CIM,0.9,11.97,840262,917707,10.06,10.32,1.0,0.3,0.6,중립,위꼬리양봉,완만한상승,0.32,-0.32,2026-08-07
CLBK,0.9,10.84,4665498,5111903,50.57,60.71,0.8,-0.1,0.1,중립,위꼬리양봉,완만한상승,0.33,-0.3,2026-08-07
TLK,0.9,15.1,756171,830549,11.42,12.04,0.9,0.8,0.0,매수관심,팽이도지,완만한상승,0.55,0.96,2026-08-07
SSTK,0.9,5.96,1235461,1409053,7.36,7.98,0.9,-0.2,1.0,매수관심,팽이도지,완만한상승,0.45,0.84,2026-08-07
SUPV,0.9,8.6,527705,557721,4.54,4.24,1.1,1.5,-2.8,중립,음봉,전저점부근,0.47,0.01,2026-08-07
SWBI,0.9,14.25,344448,388049,4.91,5.91,0.8,0.1,-2.1,강한매도,장대음봉,전저점이탈,0.11,-3.22,2026-08-07
TAK,0.9,17.45,4253812,4568629,74.23,75.5,1.0,2.7,-0.2,중립,팽이도지,잔구간,0.29,-0.125,2026-08-07
GDRX,0.9,3.68,1910206,2123791,7.03,5.61,1.3,1.6,-2.6,중립,음봉,잔구간,0.21,-0.525,2026-08-07
GENI,0.9,7.59,9280803,10550861,70.44,73.44,1.0,-1.8,-1.3,중립,팽이도지,잔구간,0.29,-0.125,2026-08-07
DAMD,0.9,1.63,56628000,62894984,92.3,116.87,0.8,-3.8,7.2,매수관심,장대양봉,잔구간,0.73,1.14,2026-08-07
DBI,0.9,6.55,318535,365319,2.09,2.41,0.9,0.5,-1.5,중립,음봉,잔구간,0.49,-0.355,2026-08-07
CLM,0.9,7.55,1310801,1405597,9.9,11.91,0.8,0.1,1.2,강한매수,장대양봉,전고점돌파,1.0,4.1,2026-08-07
CLYM,0.9,14.0,910274,1067790,12.74,13.28,1.0,1.9,-1.8,매도주의,음봉,전고점부근,0.42,-1.25,2026-08-07
PCG,0.9,17.46,28792175,32513794,502.71,509.54,1.0,-0.4,3.1,강한매수,장대양봉,완만한상승,0.81,3.27,2026-08-07
ACP,0.9,5.08,395442,433644,2.01,2.78,0.7,0.0,0.4,매수관심,양봉,완만한상승,0.5,1.6,2026-08-07
BEKE,0.9,17.04,1980335,2185951,33.74,46.07,0.7,1.5,-0.8,중립,음봉,완만한상승,0.29,-0.05,2026-08-07
RLX,0.9,2.01,1546501,1657355,3.11,3.21,1.0,0.5,0.5,중립,위꼬리양봉,완만한상승,0.27,-0.38,2026-08-07
RPD,0.9,11.57,2086766,2280390,24.14,21.93,1.1,2.8,8.4,강한매수,장대양봉,전고점돌파,0.98,4.08,2026-08-07
RR,0.9,1.61,3610600,4152975,5.81,8.15,0.7,1.3,4.5,강한매수,장대양봉,완만한상승,1.0,3.5,2026-08-07
RUM,0.9,6.385,2059868,2170956,13.15,12.08,1.1,1.6,1.3,매수관심,양봉,완만한상승,0.6,1.72,2026-08-07
RWM,0.9,13.3,19048957,21995672,253.35,334.83,0.8,-0.7,-0.4,중립,음봉,잔구간,0.18,-0.54,2026-08-07
RXT,0.9,4.9,6004544,6786405,29.42,29.7,1.0,1.0,0.6,매수관심,팽이도지,완만한상승,0.49,0.89,2026-08-07
RYAM,0.9,9.02,929682,1021619,8.39,9.99,0.8,0.1,-1.6,중립,음봉,잔구간,0.07,-0.61,2026-08-07
AG,0.9,18.4,11334742,12486534,208.56,189.85,1.1,7.6,-1.1,강한매수,망치형,전고점돌파,0.54,2.55,2026-08-07
ERII,0.9,8.68,976275,1114829,8.47,8.85,1.0,1.5,-2.0,중립,음봉,잔구간,0.33,-0.45,2026-08-07
MUC,0.9,10.71,367077,424775,3.93,4.34,0.9,0.5,0.4,매수관심,장대양봉,전고점부근,0.8,1.91,2026-08-07
NAD,0.9,11.89,553543,588076,6.58,6.72,1.0,0.4,0.4,중립,위꼬리양봉,전고점돌파,0.35,0.32,2026-08-07
EC,0.8,16.78,1976768,2417127,33.17,38.91,0.9,-1.0,-2.6,중립,음봉,잔구간,0.33,-0.45,2026-08-07
ETHT,0.8,10.6,1133958,1352170,12.02,14.83,0.8,1.9,-1.1,중립,음봉,완만한상승,0.43,0.12,2026-08-07
CAPR,0.8,4.09,3618170,4692830,14.8,64.85,0.2,-0.5,-1.7,매도주의,위꼬리음봉,잔구간,0.06,-1.015,2026-08-07
CADL,0.8,10.59,800789,976082,8.48,11.36,0.7,1.0,-0.9,중립,음봉,완만한상승,0.32,-0.02,2026-08-07
BZ,0.8,16.47,1762686,2287806,29.03,49.56,0.6,0.7,1.7,중립,양봉,잔구간,0.75,0.5,2026-08-07
NAK,0.8,1.71,3121699,3994792,5.34,7.76,0.7,2.4,1.8,중립,양봉,전고점부근,0.71,0.5,2026-08-07
EROC,0.8,10.59,1329540,1659273,14.08,15.76,0.9,-0.1,1.8,강한매수,양봉스프링,완만한상승,0.8,2.76,2026-08-07
AHRT,0.8,6.93,613231,732780,4.25,5.41,0.8,0.9,-0.4,매도주의,위꼬리음봉,잔구간,0.1,-0.99,2026-08-07
AGNT,0.8,4.39,1417987,1815381,6.22,7.74,0.8,0.0,6.3,강한매수,장대양봉,전고점돌파,0.88,3.96,2026-08-07
AGNC,0.8,10.84,18004025,21478238,195.16,239.46,0.8,0.4,1.8,강한매수,장대양봉,완만한상승,0.68,3.12,2026-08-07
AES,0.8,14.73,6795816,8016499,100.1,106.44,0.9,0.1,0.1,강한매수,양봉스프링,완만한상승,1.0,3.0,2026-08-07
CCO,0.8,2.42,4326477,5702729,10.47,20.25,0.5,0.0,0.4,강한매수,양봉,완만한상승,1.0,2.2,2026-08-07
RXST,0.8,6.26,627701,774657,3.93,5.57,0.7,-0.8,3.8,매수관심,장대양봉,잔구간,0.9,1.24,2026-08-07
BEZ,0.8,10.96,2374587,2828971,26.03,35.04,0.7,-10.2,20.8,매수관심,장대양봉,잔구간,0.75,1.15,2026-08-07
BDN,0.8,3.22,2347130,2773615,7.56,8.11,0.9,0.9,-0.9,중립,음봉,완만한상승,0.16,-0.21,2026-08-07
BCAT,0.8,16.04,514009,672710,8.24,9.92,0.8,0.3,0.2,매수관심,양봉,완만한상승,0.6,1.72,2026-08-07
INMD,0.8,15.31,397215,485675,6.08,8.38,0.7,-0.1,1.4,강한매수,장대양봉,완만한상승,0.83,3.3,2026-08-07
ADNT,0.8,19.42,999002,1287801,19.4,21.61,0.9,1.2,1.8,중립,양봉,잔구간,0.36,0.265,2026-08-07
ADBG,0.8,4.8,4743976,5715968,22.77,32.14,0.7,1.5,2.1,매수관심,양봉,완만한상승,0.46,1.55,2026-08-07
CLPT,0.8,14.21,520695,647141,7.4,10.98,0.7,4.6,1.5,매수관심,양봉,완만한상승,0.67,1.8,2026-08-07
APPS,0.8,14.34,4644301,5692696,66.6,60.98,1.1,0.7,-0.2,중립,팽이도지,전고점부근,0.37,-0.61,2026-08-07
ANNX,0.8,5.41,2045960,2652294,11.07,13.43,0.8,0.5,-3.9,매도주의,장대음봉,잔구간,0.06,-1.265,2026-08-07
ANGX,0.8,4.29,838754,1074504,3.6,5.39,0.7,3.0,-3.2,매도주의,장대음봉,잔구간,0.18,-1.19,2026-08-07
STIM,0.8,2.38,1016025,1228106,2.42,2.43,1.0,1.3,4.4,강한매수,장대양봉,완만한상승,0.77,3.22,2026-08-07
TK,0.8,11.32,448729,547401,5.08,5.8,0.9,0.3,0.2,강한매수,양봉스프링,완만한상승,0.86,2.83,2026-08-07
ORC,0.8,6.56,4618315,6026821,30.3,39.81,0.8,0.8,1.4,강한매수,장대양봉,완만한상승,0.79,3.25,2026-08-07
TFSL,0.8,17.59,956952,1272347,16.83,22.24,0.8,-0.6,-0.9,매도주의,음봉,전저점이탈,0.07,-1.97,2026-08-07
TETH,0.8,9.56,642911,811711,6.15,9.44,0.7,1.0,-0.5,중립,음봉,완만한상승,0.43,0.12,2026-08-07
ARDT,0.8,11.55,339805,438323,3.92,7.02,0.6,-0.3,-0.1,매도주의,위꼬리음봉,잔구간,0.21,-0.925,2026-08-07
LBTYK,0.8,10.24,1288817,1698161,13.2,21.48,0.6,0.0,-2.4,매도주의,장대음봉,잔구간,0.09,-1.245,2026-08-07
GOF,0.8,10.66,892950,1054493,9.52,11.89,0.8,0.2,0.7,강한매수,장대양봉,전고점돌파,1.0,4.1,2026-08-07
BOIL,0.8,19.12,3888114,5051864,74.34,93.98,0.8,3.1,-1.0,중립,음봉,완만한상승,0.37,0.04,2026-08-07
BOBS,0.8,17.87,1110966,1308397,19.85,24.19,0.8,0.9,-2.0,중립,음봉,잔구간,0.59,-0.295,2026-08-07
LPL,0.8,3.3,2858058,3579505,9.43,10.85,0.9,3.1,-1.2,중립,음봉,완만한상승,0.48,0.18,2026-08-07
LODE,0.8,3.23,832342,1104118,2.69,5.85,0.5,3.2,1.3,강한매수,양봉,전고점돌파,0.6,2.32,2026-08-07
LION,0.8,12.97,2094629,2578608,27.17,30.54,0.9,3.2,-2.8,매도주의,장대음봉,잔구간,0.25,-1.15,2026-08-07
ARHS,0.8,9.6,2021863,2436728,19.41,16.02,1.2,0.7,-1.5,중립,망치형,잔구간,0.71,0.625,2026-08-07
HBAN,0.8,17.55,21905835,25794230,384.45,480.93,0.8,-0.3,1.4,강한매수,장대양봉,완만한상승,1.0,3.5,2026-08-07
HAPN,0.8,19.37,1137334,1504445,22.03,39.44,0.6,0.3,-2.0,매도주의,장대음봉,잔구간,0.07,-1.26,2026-08-07
PLAY,0.8,10.27,1584404,1964944,16.27,14.54,1.1,-0.6,2.4,매수관심,양봉,완만한상승,0.41,1.49,2026-08-07
PGX,0.8,10.72,2091919,2500394,22.43,28.11,0.8,0.1,0.2,강한매수,장대양봉,완만한상승,1.0,3.5,2026-08-07
PGEN,0.8,7.23,5758900,7355569,41.64,41.08,1.0,2.0,2.6,중립,양봉,전고점부근,0.91,0.74,2026-08-07
PDYN,0.8,5.99,677381,841074,4.06,4.81,0.8,2.7,-1.0,강한매수,망치형,완만한상승,0.78,2.24,2026-08-07
LASE,0.8,1.14,1360022,1702890,1.55,2.18,0.7,0.0,-0.9,중립,팽이도지,잔구간,0.6,0.06,2026-08-07
KYTX,0.8,7.96,431849,570537,3.44,5.88,0.6,2.6,0.1,매수관심,팽이도지,전고점돌파,0.55,1.56,2026-08-07
GPGI,0.8,14.99,1004851,1271005,15.06,17.39,0.9,3.6,-3.4,매도주의,장대음봉,완만한상승,0.35,-1.28,2026-08-07
SNDU,0.8,14.16,13407039,16371366,189.84,314.99,0.6,6.7,-14.4,매도주의,장대음봉,잔구간,0.22,-1.17,2026-08-07
SNDG,0.8,5.63,6928468,9067263,39.01,54.84,0.7,7.9,-14.6,매도주의,장대음봉,잔구간,0.21,-1.175,2026-08-07
CHCT,0.8,15.85,306698,394809,4.86,6.68,0.7,-0.5,2.3,매수관심,장대양봉,잔구간,0.98,1.29,2026-08-07
CHA,0.8,10.18,315043,390375,3.21,5.08,0.6,0.5,-0.3,매도주의,위꼬리음봉,전저점부근,0.25,-1.05,2026-08-07
GALT,0.8,3.45,329874,396024,1.14,1.28,0.9,10.5,-3.0,강한매수,망치형,완만한상승,0.68,2.12,2026-08-07
FVRR,0.8,9.42,835063,1095367,7.87,11.7,0.7,1.8,0.5,중립,팽이도지,잔구간,0.41,-0.055,2026-08-07
FULC,0.8,3.89,1460133,1758337,5.68,5.57,1.0,1.6,1.6,강한매수,양봉,전고점돌파,0.86,2.63,2026-08-07
TRIN,0.8,18.05,1028951,1217000,18.57,22.04,0.8,0.5,2.1,강한매수,장대양봉,완만한상승,0.92,3.4,2026-08-07
TRDA,0.8,6.87,458069,546024,3.15,3.24,1.0,1.0,-1.0,중립,팽이도지,완만한상승,0.36,0.73,2026-08-07
TNYA,0.8,0.727,1600384,2101733,1.16,1.49,0.8,0.8,-0.6,매도주의,위꼬리음봉,완만한상승,0.06,-1.13,2026-08-07
TME,0.8,9.53,5219108,6240504,49.74,69.17,0.7,0.2,-0.8,중립,음봉,수횡파,0.6,0.02,2026-08-07
SNAP,0.8,5.33,42440155,54638259,226.21,240.77,0.9,1.1,0.9,매수관심,양봉,완만한상승,0.72,1.86,2026-08-07
HIVE,0.8,2.84,12523737,16152467,35.57,46.02,0.8,2.9,0.0,강한매수,양봉스프링,완만한상승,0.85,2.82,2026-08-07
HIO,0.8,3.57,365581,471244,1.31,1.72,0.8,0.0,0.8,강한매수,장대양봉,전고점부근,1.0,2.15,2026-08-07
KORU,0.8,17.36,29245883,36906131,507.71,770.9,0.7,7.9,-4.3,중립,음봉,완만한상승,0.59,0.31,2026-08-07
KLAR,0.8,19.9,2078679,2668812,41.37,58.56,0.7,1.4,-3.1,매도주의,장대음봉,잔구간,0.26,-1.145,2026-08-07
PONY,0.8,8.15,2207947,2743848,17.99,27.73,0.6,2.7,2.0,매수관심,양봉,전고점부근,1.0,0.85,2026-08-07
PNNT,0.8,3.69,473673,560964,1.75,1.83,1.0,0.8,1.1,중립,양봉,전고점부근,0.62,0.39,2026-08-07
CTOS,0.8,10.42,969146,1282827,10.1,16.0,0.6,-0.1,-5.7,매도주의,장대음봉,잔구간,0.14,-1.215,2026-08-07
SMCY,0.8,4.72,636404,764211,3.0,3.62,0.8,1.8,2.4,강한매수,장대양봉,완만한상승,0.92,3.4,2026-08-07
LYG,0.8,6.28,13502534,16325046,84.8,103.69,0.8,1.6,-0.2,강한매수,망치형,완만한상승,0.66,2.09,2026-08-07
OI,0.8,7.03,2869888,3487079,20.18,32.29,0.6,0.3,-1.3,매도주의,위꼬리음봉,전저점부근,0.06,-1.28,2026-08-07
NXTC,0.8,5.84,316113,416160,1.85,2.31,0.8,-5.7,10.8,강한매수,장대양봉,완만한상승,0.91,3.39,2026-08-07
NXE,0.8,10.43,3672594,4648488,38.31,47.18,0.8,2.6,-0.7,강한매도,위꼬리음봉,전고점부근,0.05,-3.49,2026-08-07
MH,0.8,11.6,363335,444957,4.21,5.59,0.8,-1.5,1.9,매수관심,양봉,완만한상승,0.41,1.49,2026-08-07
MGTX,0.8,13.07,392263,473758,5.13,5.88,0.9,1.8,0.4,강한매수,양봉스프링,전고점돌파,0.91,3.49,2026-08-07
ANGO,0.8,15.69,405986,503016,6.37,7.13,0.9,0.3,3.5,강한매수,장대양봉,전고점돌파,0.93,4.02,2026-08-07
SLDP,0.8,2.33,3484575,4587960,8.12,9.64,0.8,2.7,3.6,매수관심,장대양봉,전고점부근,0.69,1.78,2026-08-07
SKYQ,0.8,3.5,1910956,2387322,6.69,23.82,0.3,-9.8,0.6,중립,팽이도지,전저점이탈,0.65,-0.57,2026-08-07
SKUU,0.8,17.15,9003858,11080433,154.42,271.71,0.6,-0.4,-7.7,중립,음봉,잔구간,0.42,-0.4,2026-08-07
BITU,0.8,9.64,2889061,3600688,27.85,36.51,0.8,2.2,-0.5,강한매수,망치형,완만한상승,0.6,2.02,2026-08-07
BITO,0.8,8.79,57716998,73741665,507.33,896.97,0.6,1.3,-0.2,강한매수,망치형,완만한상승,0.62,2.04,2026-08-07
KEP,0.8,12.49,714031,941268,8.92,11.88,0.8,1.1,-0.9,중립,음봉,완만한상승,0.33,-0.0,2026-08-07
SKHX,0.8,10.33,5050449,6488006,52.17,114.74,0.5,0.0,-7.5,중립,음봉,잔구간,0.44,-0.385,2026-08-07
SKHL,0.8,6.65,3275191,3967685,21.78,34.05,0.6,-0.3,-7.6,중립,음봉,잔구간,0.42,-0.4,2026-08-07
METC,0.8,10.24,2552334,3377290,26.14,26.93,1.0,2.5,4.2,매수관심,양봉,완만한상승,0.63,1.76,2026-08-07
MAT,0.8,14.79,3424410,4076857,50.65,62.69,0.8,-0.3,2.4,매수관심,장대양봉,잔구간,0.99,1.295,2026-08-07
NWBI,0.8,15.55,839114,1095191,13.05,19.58,0.7,-0.3,-0.3,중립,음봉,잔구간,0.31,-0.465,2026-08-07
NVD,0.8,3.97,54171937,69996714,215.06,403.07,0.5,-2.3,-2.3,매도주의,장대음봉,전저점부근,0.16,-1.66,2026-08-07
TYGO,0.8,1.22,1845363,2194028,2.25,3.59,0.6,0.8,-5.4,중립,음봉,잔구간,0.15,-0.56,2026-08-07
TTI,0.8,8.51,1440099,1832039,12.26,17.96,0.7,0.0,-0.9,중립,음봉,잔구간,0.31,-0.465,2026-08-07
TSLT,0.8,11.32,2167736,2662925,24.54,31.83,0.8,1.4,4.1,매수관심,양봉,완만한상승,0.59,1.71,2026-08-07
FRSH,0.8,11.84,6715611,8879702,79.51,121.59,0.7,2.2,0.0,매수관심,팽이도지,완만한상승,0.51,0.91,2026-08-07
FRNM,0.8,11.15,548629,677670,6.12,8.92,0.7,-0.1,2.3,강한매수,장대양봉,완만한상승,0.64,3.07,2026-08-07
FRMI,0.8,6.18,12346605,16431712,76.3,127.41,0.6,4.4,-4.3,매도주의,장대음봉,잔구간,0.37,-1.08,2026-08-07
HPK,0.8,7.2,360988,462308,2.6,3.05,0.9,-1.2,6.3,강한매수,장대양봉,완만한상승,0.75,3.2,2026-08-07
HOPE,0.8,13.99,988438,1170146,13.83,16.57,0.8,0.0,0.2,중립,팽이도지,잔구간,0.73,0.14,2026-08-07
PURR,0.8,6.81,5943455,7491607,40.47,48.93,0.8,2.2,-0.1,매수관심,팽이도지,완만한상승,0.63,1.06,2026-08-07
JBLU,0.8,6.07,22728947,29405400,137.96,284.17,0.5,-1.9,-0.1,중립,망치형,잔구간,0.73,0.64,2026-08-07
JACK,0.8,17.58,608130,751310,10.69,13.82,0.8,-0.6,1.7,강한매수,양봉,완만한상승,0.86,2.03,2026-08-07
HLMN,0.8,9.22,1337998,1603710,12.34,15.39,0.8,0.4,1.2,매수관심,장대양봉,잔구간,0.94,1.265,2026-08-07
AVS,0.8,6.86,12337829,14913277,84.64,128.67,0.7,-1.7,0.1,중립,위꼬리양봉,전저점부근,0.27,-0.53,2026-08-07
BTDR,0.8,10.88,9308667,11961407,101.28,141.51,0.7,4.8,-1.3,강한매수,망치형,완만한상승,0.81,2.27,2026-08-07
MOMO,0.8,5.86,355338,464344,2.08,2.83,0.7,0.7,0.5,매수관심,양봉,완만한상승,0.6,1.72,2026-08-07
DGXX,0.8,3.91,2425181,2990681,9.48,13.05,0.7,2.9,1.3,강한매수,양봉스프링,완만한상승,0.91,2.89,2026-08-07
UNCY,0.8,5.07,509095,676462,2.58,3.97,0.6,1.8,-1.4,중립,음봉,완만한상승,0.22,-0.14,2026-08-07
ALMU,0.8,18.3,451643,570135,8.27,9.21,0.9,2.7,4.3,강한매수,장대양봉,완만한상승,0.68,3.12,2026-08-07
UMC,0.8,18.72,13371533,15916989,250.32,344.68,0.7,-3.2,0.7,매수관심,양봉스프링,잔구간,0.84,0.955,2026-08-07
MFG,0.8,10.71,2777165,3533689,29.74,42.57,0.7,0.7,-0.5,중립,음봉,완만한상승,0.38,0.06,2026-08-07
VG,0.8,13.26,8874456,10895755,117.68,176.17,0.7,-2.4,0.0,중립,위꼬리양봉,잔구간,0.12,-0.73,2026-08-07
VELO,0.8,14.16,1430393,1821469,20.25,19.05,1.1,3.9,3.1,중립,양봉,전고점부근,0.95,0.79,2026-08-07
URG,0.8,1.4,5584468,6740748,7.82,8.44,0.9,2.3,4.5,강한매수,장대양봉,전고점돌파,1.0,4.1,2026-08-07
DNN,0.8,3.22,20708276,25825717,66.68,72.82,0.9,1.0,1.9,중립,양봉,전고점부근,0.34,0.06,2026-08-07
NOMD,0.8,11.99,745847,971412,8.94,15.46,0.6,-0.3,2.0,매수관심,장대양봉,잔구간,0.97,1.28,2026-08-07
NN,0.8,16.31,2784900,3406093,45.42,39.66,1.1,0.3,8.4,강한매수,장대양봉,전고점돌파,0.98,4.08,2026-08-07
NMRK,0.8,14.81,1324888,1733732,19.62,24.62,0.8,-4.1,2.9,중립,양봉,잔구간,0.5,0.35,2026-08-07
CDZI,0.8,3.46,610152,733951,2.11,3.52,0.6,0.6,5.2,강한매수,장대양봉,전고점돌파,0.81,3.87,2026-08-07
SHOE,0.8,15.75,349150,463672,5.5,8.23,0.7,-0.3,1.0,매수관심,양봉,완만한상승,0.69,1.83,2026-08-07
SGHC,0.8,13.05,2358916,2791773,30.78,36.63,0.8,0.8,-0.3,중립,팽이도지,잔구간,0.53,0.02,2026-08-07
QTEX,0.8,1.05,1530814,1846369,1.61,1.81,0.9,-2.4,1.4,매수관심,양봉스프링,잔구간,0.87,0.97,2026-08-07
IRT,0.8,17.26,2773751,3660913,47.87,58.17,0.8,0.0,1.6,매수관심,양봉,완만한상승,0.81,1.97,2026-08-07
IRE,0.8,10.66,5979706,7763118,63.74,87.13,0.7,7.7,9.0,강한매수,양봉,완만한상승,0.99,2.19,2026-08-07
CRTO,0.8,18.38,422186,546886,7.76,14.74,0.5,1.1,3.4,매수관심,장대양봉,잔구간,0.89,1.235,2026-08-07
NCLH,0.8,19.25,14430314,19239855,277.78,368.05,0.8,1.4,-2.0,매도주의,장대음봉,잔구간,0.32,-1.11,2026-08-07
NBIG,0.8,13.56,3074659,3744097,41.69,54.26,0.8,7.7,-9.1,중립,음봉,잔구간,0.43,-0.39,2026-08-07
CBRG,0.8,5.13,7770521,9173921,39.86,39.73,1.0,6.2,8.2,강한매수,양봉,완만한상승,0.92,2.1,2026-08-07
VIXY,0.8,19.56,1990474,2393972,38.93,55.85,0.7,0.3,-0.1,중립,팽이도지,잔구간,0.59,0.055,2026-08-07
VIVO,0.8,4.04,419582,531648,1.7,2.48,0.7,2.6,2.8,매수관심,양봉,완만한상승,0.66,1.79,2026-08-07
VIVK,0.8,1.26,2145752,2686044,2.7,48.36,0.1,-8.4,-3.8,중립,팽이도지,전저점이탈,0.53,-0.71,2026-08-07
VIPS,0.8,15.68,1307029,1650227,20.49,27.17,0.8,1.0,0.8,강한매수,양봉,완만한상승,0.83,2.0,2026-08-07
FETH,0.8,19.1,935515,1209795,17.87,28.45,0.6,0.9,-0.5,중립,음봉,완만한상승,0.41,0.09,2026-08-07
EYPT,0.8,13.89,1655696,1976143,23.0,23.23,1.0,1.6,6.5,강한매수,장대양봉,전고점돌파,0.82,3.88,2026-08-07
EVV,0.8,9.25,377421,479240,3.49,3.95,0.9,0.0,0.5,매수관심,장대양봉,전고점부근,0.63,1.71,2026-08-07
IMTX,0.8,9.65,309303,381613,2.98,4.79,0.6,1.5,0.9,중립,위꼬리양봉,완만한상승,0.4,-0.22,2026-08-07
IMSR,0.8,5.82,1359454,1798999,7.91,11.67,0.7,3.0,5.4,강한매수,장대양봉,전고점돌파,0.87,3.94,2026-08-07
RIVN,0.8,16.0,17681064,22841951,282.9,406.72,0.7,1.7,2.3,강한매수,장대양봉,완만한상승,0.72,3.16,2026-08-07
RETL,0.8,9.83,323533,416677,3.18,4.31,0.7,2.9,-0.1,중립,망치형,잔구간,0.86,0.715,2026-08-07
REI,0.8,1.3,3248770,3859816,4.22,4.65,0.9,-0.8,2.4,중립,양봉,전고점부근,0.62,0.39,2026-08-07
IGR,0.8,4.71,425457,543157,2.0,2.47,0.8,0.2,0.4,매수관심,양봉스프링,잔구간,1.0,1.05,2026-08-07
IART,0.8,17.25,637403,841847,11.0,20.42,0.5,0.9,0.0,중립,팽이도지,완만한상승,0.41,0.79,2026-08-07
ACHV,0.8,6.65,712555,906135,4.74,6.39,0.7,1.7,-0.2,매수관심,팽이도지,완만한상승,0.52,0.92,2026-08-07
DUOT,0.8,9.24,570690,694435,5.27,6.79,0.8,3.0,3.2,강한매수,양봉,완만한상승,0.85,2.02,2026-08-07
DSX,0.8,2.42,842318,1086809,2.04,2.07,1.0,0.8,-4.3,중립,음봉,잔구간,0.12,-0.58,2026-08-07
EGHT,0.8,2.3,1686209,2079400,3.88,4.43,0.9,-1.1,2.2,중립,위꼬리양봉,완만한상승,0.28,-0.36,2026-08-07
DRN,0.8,11.07,488642,614333,5.41,8.19,0.7,-0.5,1.7,중립,양봉,잔구간,0.55,0.38,2026-08-07
ZVRA,0.8,11.56,1262934,1519172,14.6,20.43,0.7,0.3,-2.9,중립,음봉,잔구간,0.34,-0.445,2026-08-07
ENIC,0.8,4.54,514575,666933,2.34,2.7,0.9,1.1,-1.7,중립,음봉,잔구간,0.41,-0.405,2026-08-07
ACDC,0.8,4.32,1480322,1841026,6.39,8.85,0.7,1.0,-4.2,중립,음봉,잔구간,0.17,-0.55,2026-08-07
ABTC,0.8,6.47,1195174,1475568,7.73,8.25,0.9,4.7,-0.2,중립,팽이도지,완만한상승,0.26,0.61,2026-08-07
ABEV,0.8,3.0,37789648,46066403,113.37,110.24,1.0,0.7,-1.0,중립,음봉,잔구간,0.2,-0.53,2026-08-07
AAL,0.7,15.94,35018758,51813304,558.2,984.39,0.6,1.6,-2.1,매도주의,장대음봉,잔구간,0.31,-1.115,2026-08-07
YMAX,0.7,7.7,856463,1274710,6.59,10.51,0.6,-0.1,1.7,강한매수,장대양봉,완만한상승,1.0,3.5,2026-08-07
ABUS,0.7,4.63,796104,1216851,3.69,5.25,0.7,0.7,1.3,강한매수,양봉,완만한상승,0.83,2.0,2026-08-07
MULL,0.7,18.54,7140969,9597220,132.39,186.79,0.7,4.9,-6.0,중립,음봉,잔구간,0.51,-0.345,2026-08-07
MUD,0.7,11.54,9864244,15158329,113.83,189.23,0.6,-2.4,2.9,매수관심,양봉,완만한상승,0.45,1.54,2026-08-07
MSOX,0.7,2.36,1129094,1592367,2.66,3.62,0.7,-1.7,2.6,매수관심,양봉,완만한상승,0.43,1.52,2026-08-07
ETHE,0.7,15.46,1192680,1599942,18.44,26.6,0.7,0.9,-0.4,매수관심,팽이도지,완만한상승,0.48,0.88,2026-08-07
ERAS,0.7,18.41,2096111,2926783,38.59,62.77,0.6,1.9,-1.1,강한매수,망치형,완만한상승,0.6,2.02,2026-08-07
AIIO,0.7,2.98,345427,497416,1.03,2.14,0.5,-1.3,-1.0,중립,팽이도지,잔구간,0.41,-0.055,2026-08-07
CBRZ,0.7,9.42,412277,564668,3.88,6.52,0.6,-7.5,-8.2,중립,음봉,전저점부근,0.11,-0.42,2026-08-07
RIG,0.7,5.26,29947679,42672438,157.52,241.04,0.7,-0.2,2.1,매수관심,양봉,완만한상승,0.46,1.55,2026-08-07
RERE,0.7,4.55,571866,762766,2.6,4.58,0.6,0.9,2.2,강한매수,장대양봉,전고점돌파,1.0,4.1,2026-08-07
INN,0.7,6.49,608268,846616,3.95,6.56,0.6,-0.3,-2.6,강한매도,장대음봉,전저점이탈,0.16,-3.16,2026-08-07
CRF,0.7,7.2,643971,959007,4.64,7.64,0.6,-0.1,0.6,강한매수,장대양봉,전고점부근,1.0,2.15,2026-08-07
CRDU,0.7,17.67,871312,1260974,15.4,16.82,0.9,9.3,6.9,매수관심,양봉,전고점부근,0.98,0.83,2026-08-07
MRTN,0.7,14.95,639800,872134,9.57,12.95,0.7,0.4,0.2,중립,위꼬리양봉,잔구간,0.18,-0.69,2026-08-07
NEXT,0.7,6.7,1878514,2792483,12.59,23.21,0.5,-0.4,-1.0,매도주의,위꼬리음봉,잔구간,0.17,-0.95,2026-08-07
NEOV,0.7,2.835,742812,1128500,2.11,3.49,0.6,1.1,-0.5,강한매수,망치형,완만한상승,0.7,2.14,2026-08-07
NBIZ,0.7,17.53,4507823,6167399,79.02,99.52,0.8,-7.4,10.3,중립,양봉,잔구간,0.56,0.385,2026-08-07
VRRM,0.7,4.9,4966798,6644636,24.34,41.47,0.6,0.6,-4.9,매도주의,장대음봉,잔구간,0.09,-1.245,2026-08-07
VNM,0.7,17.44,551863,818358,9.62,15.77,0.6,0.0,-0.1,중립,팽이도지,잔구간,0.39,-0.065,2026-08-07
VMD,0.7,9.73,406016,614524,3.95,4.76,0.8,0.1,2.1,매수관심,장대양봉,잔구간,0.77,1.16,2026-08-07
FDMT,0.7,10.75,346898,509111,3.73,5.6,0.7,1.0,0.8,강한매수,양봉스프링,전고점돌파,0.77,3.32,2026-08-07
CRWU,0.7,4.25,7894472,11425673,33.55,32.37,1.0,9.8,2.9,강한매수,양봉스프링,완만한상승,0.98,2.98,2026-08-07
CRK,0.7,13.41,1629022,2372879,21.85,31.89,0.7,0.5,1.0,매수관심,양봉,완만한상승,0.74,1.89,2026-08-07
SFIX,0.7,4.2,1208886,1708504,5.08,6.71,0.8,0.2,4.0,매수관심,장대양봉,잔구간,0.78,1.17,2026-08-07
SBS,0.7,5.31,4147201,6172135,22.02,35.9,0.6,0.7,-1.8,매도주의,장대음봉,잔구간,0.18,-1.19,2026-08-07
SBET,0.7,6.43,4929714,6756192,31.7,48.38,0.7,1.9,0.3,강한매수,양봉스프링,완만한상승,0.8,2.76,2026-08-07
SB,0.7,7.6,525171,755470,3.99,6.15,0.6,0.0,-0.9,중립,음봉,수횡파,0.31,-0.33,2026-08-07
INFY,0.7,12.53,15272282,21576339,191.36,355.57,0.5,0.9,0.5,매수관심,팽이도지,완만한상승,0.75,1.2,2026-08-07
IHRT,0.7,3.86,344307,492838,1.33,1.96,0.7,1.6,0.0,중립,팽이도지,잔구간,0.58,0.05,2026-08-07
CRCG,0.7,9.0,2643077,3694196,23.79,28.92,0.8,7.4,3.1,강한매수,양봉,전고점돌파,0.51,2.21,2026-08-07
CRBU,0.7,1.65,806039,1121944,1.33,1.82,0.7,0.6,0.0,매수관심,팽이도지,완만한상승,0.56,0.97,2026-08-07
COTY,0.7,2.82,6733720,9836351,18.99,25.67,0.7,0.4,3.3,강한매수,장대양봉,완만한상승,0.82,3.28,2026-08-07
RITM,0.7,10.19,4840646,7197673,49.33,74.06,0.7,0.6,1.9,매수관심,양봉,완만한상승,0.75,1.9,2026-08-07
MICC,0.7,19.27,658052,950811,12.68,14.76,0.9,0.4,1.4,강한매수,장대양봉,전고점돌파,0.93,4.02,2026-08-07
NMAD,0.7,3.6,393612,537802,1.42,1.99,0.7,-2.5,-7.2,중립,음봉,잔구간,0.16,-0.555,2026-08-07
NKTX,0.7,2.41,531247,724895,1.28,1.56,0.8,2.6,2.6,강한매수,양봉,전고점돌파,0.78,2.54,2026-08-07
BXDC,0.7,20.0,522442,800977,10.45,16.79,0.6,0.5,0.6,중립,위꼬리양봉,잔구간,0.35,-0.59,2026-08-07
HLIT,0.7,11.84,761059,1107771,9.01,14.65,0.6,1.9,-0.5,매수관심,망치형,완만한상승,0.57,1.98,2026-08-07
SID,0.7,0.929,2795032,4224838,2.6,6.04,0.4,0.1,-1.7,중립,음봉,잔구간,0.56,-0.315,2026-08-07
SGMT,0.7,9.06,1113093,1585867,10.08,9.01,1.1,1.9,1.7,강한매수,양봉스프링,전고점돌파,0.95,3.54,2026-08-07
CTKB,0.7,4.2,616077,854507,2.59,3.3,0.8,0.2,0.7,중립,팽이도지,잔구간,0.69,0.115,2026-08-07
RCKT,0.7,3.61,1322073,2032245,4.77,5.61,0.9,-0.3,2.3,매수관심,양봉,전고점부근,0.97,0.81,2026-08-07
IVA,0.7,4.8,579071,856513,2.78,3.91,0.7,5.2,-2.0,매도주의,장대음봉,완만한상승,0.0,-1.7,2026-08-07
BW,0.7,9.37,2264598,3033479,21.22,30.04,0.7,3.2,-3.2,중립,음봉,잔구간,0.35,-0.44,2026-08-07
BTX,0.7,8.58,337251,457682,2.89,4.41,0.7,1.1,0.9,매수관심,양봉,완만한상승,0.49,1.59,2026-08-07
MNSO,0.7,12.55,347672,496361,4.36,7.5,0.6,0.2,-0.2,중립,망치형,잔구간,0.73,0.64,2026-08-07
DHC,0.7,8.82,1549872,2330818,13.67,17.87,0.8,0.3,0.8,중립,위꼬리양봉,잔구간,0.42,-0.55,2026-08-07
ALLO,0.7,2.01,3699201,5288948,7.44,12.94,0.6,0.5,1.5,중립,양봉,전고점부근,0.77,0.57,2026-08-07
ALIT,0.7,15.12,409690,615958,6.19,12.76,0.5,-1.4,-1.6,중립,음봉,잔구간,0.12,-0.58,2026-08-07
ALHC,0.7,14.37,5674780,8444270,81.55,112.22,0.7,0.8,6.5,매수관심,장대양봉,잔구간,0.79,1.175,2026-08-07
UIS,0.7,2.97,546023,824062,1.62,2.65,0.6,1.4,1.7,중립,양봉,잔구간,0.91,0.595,2026-08-07
MDXG,0.7,4.34,1361861,1838077,5.91,8.42,0.7,0.2,3.6,강한매수,장대양봉,완만한상승,0.82,3.28,2026-08-07
CNNE,0.7,14.78,300137,430732,4.44,6.41,0.7,-0.2,-0.2,매도주의,위꼬리음봉,잔구간,0.25,-0.9,2026-08-07
HODL,0.7,18.35,1066596,1457436,19.57,22.29,0.9,1.1,-0.3,중립,음봉,완만한상승,0.48,0.18,2026-08-07
QMCO,0.7,12.04,656886,960273,7.91,10.99,0.7,1.7,1.3,매수관심,양봉,완만한상승,0.74,1.89,2026-08-07
QCML,0.7,15.71,370006,558949,5.81,8.67,0.7,3.1,5.9,강한매수,장대양봉,전고점돌파,0.99,4.09,2026-08-07
KD,0.7,14.02,3088868,4707521,43.31,75.23,0.6,2.1,-1.8,중립,음봉,완만한상승,0.37,0.04,2026-08-07
MCHB,0.7,16.64,416847,573676,6.94,13.94,0.5,-0.4,-0.5,중립,음봉,잔구간,0.28,-0.48,2026-08-07
MAX,0.7,13.4,919611,1246716,12.32,13.2,0.9,0.9,7.6,매수관심,장대양봉,잔구간,0.9,1.24,2026-08-07
NWL,0.7,6.01,8190463,11559889,49.22,77.11,0.6,0.5,-0.7,중립,망치형,잔구간,0.62,0.57,2026-08-07
NUAI,0.7,5.28,3898562,5275778,20.58,26.7,0.8,3.1,-0.8,강한매수,망치형,완만한상승,0.81,2.27,2026-08-07
TWI,0.7,7.36,448616,645813,3.3,4.12,0.8,-0.1,2.2,중립,양봉,잔구간,0.62,0.42,2026-08-07
TSSI,0.7,11.26,413161,570618,4.65,6.2,0.8,4.6,0.2,매수관심,팽이도지,완만한상승,0.57,0.98,2026-08-07
TSLR,0.7,13.95,945832,1396184,13.19,18.32,0.7,1.5,3.8,매수관심,양봉,완만한상승,0.57,1.68,2026-08-07
OCTV,0.7,19.68,830458,1193977,16.34,22.68,0.7,0.5,0.9,매수관심,양봉,완만한상승,0.52,1.62,2026-08-07
TSL,0.7,12.135,417511,562190,5.07,6.49,0.8,1.1,2.4,매수관심,양봉,완만한상승,0.61,1.73,2026-08-07
GCMG,0.7,13.58,308517,415530,4.19,5.22,0.8,0.4,0.4,중립,위꼬리양봉,완만한상승,0.33,-0.3,2026-08-07
GBTG,0.7,9.46,1034205,1498668,9.78,14.38,0.7,0.0,0.3,강한매수,장대양봉,전고점돌파,1.0,4.1,2026-08-07
BRUN,0.7,18.2,1171436,1590680,21.32,40.8,0.5,7.7,-1.7,중립,팽이도지,완만한상승,0.39,0.77,2026-08-07
PRGO,0.7,12.84,2107046,3084767,27.05,41.1,0.7,1.5,0.9,매수관심,팽이도지,완만한상승,0.68,1.12,2026-08-07
CWH,0.7,6.32,1790357,2505702,11.32,16.72,0.7,1.4,0.0,매수관심,양봉스프링,잔구간,0.77,0.91,2026-08-07
SLNH,0.7,1.17,9136051,12338369,10.69,12.58,0.8,1.7,-0.8,중립,망치형,잔구간,0.73,0.64,2026-08-07
BLDP,0.7,2.62,3516414,5255071,9.21,17.87,0.5,2.0,0.8,강한매수,양봉스프링,완만한상승,0.86,2.83,2026-08-07
BILI,0.7,18.74,1522721,2076161,28.54,36.14,0.8,-0.9,1.4,강한매수,양봉,완만한상승,0.83,2.0,2026-08-07
BHVN,0.7,14.66,1121821,1511606,16.45,25.92,0.6,2.4,-0.7,매수관심,팽이도지,전고점돌파,0.45,1.44,2026-08-07
CODI,0.7,11.0,416578,599757,4.58,5.68,0.8,0.6,1.6,매수관심,양봉,완만한상승,0.65,1.78,2026-08-07
CGEM,0.7,17.73,361755,542253,6.41,9.33,0.7,1.1,-2.3,중립,음봉,잔구간,0.33,-0.45,2026-08-07
CFFN,0.7,8.88,725884,1041917,6.45,8.98,0.7,-0.8,-0.4,중립,음봉,잔구간,0.44,-0.385,2026-08-07
FWRG,0.7,12.42,842148,1248575,10.46,18.37,0.6,-0.2,-0.1,중립,망치형,잔구간,0.75,0.65,2026-08-07
FWDI,0.7,4.33,521795,787977,2.26,3.24,0.7,3.1,0.9,매수관심,양봉스프링,전고점부근,0.8,1.41,2026-08-07
FUBO,0.7,9.26,1299771,1737251,12.04,16.0,0.8,0.3,2.7,매수관심,양봉,완만한상승,0.56,1.67,2026-08-07
OSS,0.7,13.24,762235,1137776,10.09,15.47,0.7,2.5,-3.0,중립,음봉,잔구간,0.45,-0.38,2026-08-07
ATOM,0.7,5.48,425483,609771,2.33,3.7,0.6,3.9,-0.7,강한매수,망치형,완만한상승,0.65,2.08,2026-08-07
ATAI,0.7,7.25,6408593,9233114,46.46,79.96,0.6,0.3,0.7,강한매수,장대양봉,전고점돌파,1.0,4.1,2026-08-07
KLC,0.7,5.17,308993,422253,1.6,2.45,0.7,0.2,1.0,중립,양봉,잔구간,0.63,0.43,2026-08-07
PSO,0.7,16.46,609807,862730,10.04,13.46,0.7,-1.6,0.9,중립,양봉,잔구간,0.59,0.405,2026-08-07
PRME,0.7,3.08,1976941,2849813,6.09,8.08,0.8,1.7,2.7,중립,양봉,잔구간,0.73,0.49,2026-08-07
ORIC,0.7,13.5,1330662,2006504,17.96,26.76,0.7,0.2,4.2,강한매수,장대양봉,완만한상승,1.0,3.5,2026-08-07
OPTU,0.7,0.769,2062453,2750476,1.59,2.69,0.6,-2.0,-2.4,매도주의,위꼬리음봉,잔구간,0.0,-1.05,2026-08-07
OPEN,0.7,3.485,28294774,43398278,98.61,157.64,0.6,1.9,-0.7,매도주의,위꼬리음봉,완만한상승,0.19,-0.97,2026-08-07
TIGR,0.7,4.815,1073087,1601665,5.17,8.36,0.6,1.3,0.3,강한매수,양봉스프링,완만한상승,0.81,2.77,2026-08-07
TDOC,0.7,7.13,4762339,6774292,33.96,58.03,0.6,1.8,4.9,강한매수,장대양봉,완만한상승,0.77,3.22,2026-08-07
DDD,0.7,3.69,3556723,5047380,13.12,16.41,0.8,0.6,3.7,매수관심,양봉,완만한상승,0.67,1.8,2026-08-07
DBRG,0.7,15.94,3187632,4799512,50.81,66.51,0.8,-0.1,0.1,매수관심,양봉,완만한상승,0.5,1.6,2026-08-07
LCID,0.7,7.04,7326656,10457422,51.58,111.94,0.5,1.4,-0.6,매수관심,팽이도지,완만한상승,0.44,0.83,2026-08-07
PD,0.7,11.69,1010072,1368709,11.81,13.73,0.9,2.6,2.6,강한매수,장대양봉,전고점돌파,0.7,3.74,2026-08-07
PAYP,0.7,15.35,769780,1148811,11.82,16.47,0.7,1.9,-2.2,매도주의,장대음봉,잔구간,0.39,-1.065,2026-08-07
PALI,0.7,2.11,886467,1336793,1.87,3.16,0.6,-0.5,1.4,강한매수,양봉,완만한상승,0.89,2.07,2026-08-07
GEMI,0.7,4.09,832572,1265224,3.41,4.76,0.7,2.1,0.6,매수관심,팽이도지,완만한상승,0.74,1.19,2026-08-07
GDYN,0.7,7.58,1827149,2774540,13.85,17.85,0.8,1.2,-1.2,중립,음봉,완만한상승,0.45,0.14,2026-08-07
ARCO,0.7,8.24,784633,1130888,6.47,8.04,0.8,0.4,-1.6,중립,음봉,잔구간,0.26,-0.495,2026-08-07
TALO,0.7,14.38,1586485,2399664,22.81,33.34,0.7,-1.1,3.3,중립,양봉,잔구간,0.59,0.405,2026-08-07
PDM,0.7,9.48,718434,972982,6.81,8.19,0.8,0.4,0.1,중립,팽이도지,잔구간,0.58,0.05,2026-08-07
SPDN,0.7,8.43,36615134,50214044,308.67,470.95,0.7,-0.4,-0.2,중립,음봉,잔구간,0.33,-0.45,2026-08-07
SNXX,0.7,9.11,98238801,132849896,894.96,1507.42,0.6,7.6,-14.0,매도주의,장대음봉,잔구간,0.24,-1.155,2026-08-07
AVAH,0.7,9.49,1172491,1770196,11.13,17.02,0.7,-0.1,2.0,매수관심,장대양봉,잔구간,0.89,1.235,2026-08-07
AUTL,0.7,2.11,2035646,2767937,4.3,5.06,0.8,2.0,3.4,강한매수,장대양봉,전고점돌파,0.81,3.87,2026-08-07
SVC,0.7,8.23,1445974,1969662,11.9,14.98,0.8,0.6,-3.2,매도주의,장대음봉,잔구간,0.14,-1.215,2026-08-07
SUZ,0.7,8.22,1877386,2536498,15.43,22.18,0.7,0.7,-1.1,매도주의,음봉,전저점이탈,0.55,-1.39,2026-08-07
STGW,0.7,9.17,1588692,2418311,14.57,17.74,0.8,0.3,0.2,중립,팽이도지,전고점부근,0.33,-0.65,2026-08-07
SSYS,0.7,8.915,309264,474541,2.76,3.72,0.7,1.4,0.5,매수관심,팽이도지,완만한상승,0.66,1.09,2026-08-07
GOOS,0.7,8.77,904826,1233994,7.94,9.37,0.8,0.6,1.7,매수관심,양봉,완만한상승,0.64,1.77,2026-08-07
GMEU,0.7,5.865,356425,485838,2.09,4.03,0.5,-0.5,-0.8,중립,음봉,잔구간,0.62,-0.28,2026-08-07
BRBR,0.7,11.56,3412805,5146334,39.45,65.64,0.6,1.0,-5.5,매도주의,장대음봉,잔구간,0.07,-1.26,2026-08-07
BMBL,0.7,2.83,2042890,2835797,5.78,7.51,0.8,0.2,-0.7,중립,팽이도지,잔구간,0.4,-0.06,2026-08-07
LI,0.7,12.95,2073338,2799784,26.85,45.04,0.6,1.2,0.9,중립,양봉,잔구간,0.72,0.48,2026-08-07
HAFN,0.7,7.51,686253,1018789,5.15,8.1,0.6,0.4,-0.9,중립,음봉,잔구간,0.29,-0.475,2026-08-07
PFFD,0.7,18.6,573479,770801,10.67,16.6,0.6,0.4,0.1,강한매수,양봉스프링,완만한상승,1.0,3.0,2026-08-07
PEB,0.7,18.18,1581879,2303521,28.76,47.61,0.6,-0.3,-1.1,매도주의,음봉,전저점이탈,0.18,-1.83,2026-08-07
LBTYA,0.7,10.55,1855259,2791819,19.57,36.89,0.5,-0.1,-2.0,중립,음봉,잔구간,0.11,-0.585,2026-08-07
ACB,0.7,2.99,948157,1391779,2.83,3.9,0.7,0.3,0.0,중립,팽이도지,완만한상승,0.29,0.65,2026-08-07
WOOF,0.7,2.78,929934,1355429,2.59,4.09,0.6,1.1,-0.7,강한매수,망치형,완만한상승,0.76,2.21,2026-08-07
WNC,0.7,12.93,847381,1168684,10.96,16.8,0.7,0.4,2.5,매수관심,양봉,완만한상승,0.72,1.86,2026-08-07
EFXT,0.7,19.96,609014,892196,12.16,16.92,0.7,-0.8,-2.7,중립,음봉,전저점부근,0.06,-0.48,2026-08-07
CALY,0.7,17.59,1801573,2597201,31.69,40.77,0.8,-0.9,2.1,매수관심,양봉,완만한상승,0.47,1.56,2026-08-07
CAL,0.7,14.5,431727,637210,6.26,7.58,0.8,-0.8,1.0,강한매수,양봉스프링,완만한상승,0.93,2.92,2026-08-07
NAT,0.7,6.46,2090253,2942622,13.5,21.72,0.6,0.3,0.6,중립,팽이도지,잔구간,0.71,0.125,2026-08-07
ADAM,0.7,9.82,781569,1165634,7.68,8.7,0.9,0.2,2.9,강한매수,장대양봉,전고점돌파,0.75,3.8,2026-08-07
ACRE,0.7,4.87,572702,808663,2.79,2.89,1.0,0.4,3.0,강한매수,장대양봉,전고점돌파,0.78,3.84,2026-08-07
ZONE,0.7,0.365,3260336,4356412,1.19,2.63,0.5,8.3,-10.0,중립,음봉,잔구간,0.19,-0.535,2026-08-07
XPRO,0.7,16.96,605221,861783,10.26,15.57,0.7,-1.5,1.4,중립,위꼬리양봉,잔구간,0.35,-0.59,2026-08-07
XNDU,0.7,11.0,707776,1052316,7.79,11.17,0.7,2.5,3.3,강한매수,장대양봉,완만한상승,0.89,3.37,2026-08-07
WWW,0.7,18.93,622525,844265,11.78,16.62,0.7,-0.3,-0.3,매도주의,위꼬리음봉,전저점부근,0.15,-1.17,2026-08-07
ACI,0.6,12.01,6000189,9302608,72.06,135.78,0.5,-1.0,0.4,중립,팽이도지,잔구간,0.45,-0.03,2026-08-07
DRH,0.6,12.53,2141722,3468088,26.84,39.79,0.7,1.4,-2.2,강한매도,장대음봉,전저점이탈,0.1,-3.23,2026-08-07
XMAX,0.6,9.09,341668,559579,3.11,5.9,0.5,0.7,-1.5,매도주의,장대음봉,잔구간,0.17,-1.2,2026-08-07
BYRN,0.6,4.45,399861,709509,1.78,4.92,0.4,1.6,0.5,중립,위꼬리양봉,잔구간,0.3,-0.62,2026-08-07
DXD,0.6,16.17,753401,1163339,12.18,16.3,0.7,-0.2,-0.4,중립,음봉,잔구간,0.06,-0.615,2026-08-07
ADT,0.6,7.64,6193633,10034676,47.32,70.7,0.7,0.1,-0.3,중립,팽이도지,잔구간,0.32,-0.11,2026-08-07
LILA,0.6,8.51,422075,678558,3.59,5.87,0.6,-0.5,-1.7,매도주의,장대음봉,잔구간,0.23,-1.16,2026-08-07
ARX,0.6,12.46,1079677,1735221,13.45,42.94,0.3,-1.5,2.9,강한매수,장대양봉,완만한상승,0.73,3.18,2026-08-07
ASC,0.6,16.71,365639,585476,6.11,10.72,0.6,0.5,-2.3,중립,음봉,잔구간,0.21,-0.525,2026-08-07
GGB,0.6,4.94,8094583,13040076,39.99,68.27,0.6,0.4,-2.4,매도주의,장대음봉,잔구간,0.26,-1.145,2026-08-07
ARI,0.6,6.76,1869149,2980951,12.64,22.05,0.6,0.1,0.9,강한매수,장대양봉,완만한상승,0.71,3.15,2026-08-07
LBRT,0.6,19.94,3515752,5594129,70.1,137.43,0.5,-0.4,-0.1,중립,팽이도지,잔구간,0.54,0.025,2026-08-07
PFXF,0.6,18.03,637232,1022251,11.49,14.96,0.8,0.6,0.3,강한매수,양봉스프링,완만한상승,0.94,2.93,2026-08-07
YMAG,0.6,11.58,579770,916043,6.71,11.24,0.6,0.5,0.3,매수관심,양봉,완만한상승,0.7,1.84,2026-08-07
WB,0.6,7.94,471525,758231,3.74,6.0,0.6,0.9,-0.1,강한매수,망치형,완만한상승,0.78,2.24,2026-08-07
LRMR,0.6,4.16,631188,1046196,2.63,5.14,0.5,1.0,-1.9,중립,음봉,잔구간,0.4,-0.41,2026-08-07
SONO,0.6,15.64,1189823,1901725,18.61,37.3,0.5,-0.6,1.8,강한매수,장대양봉,완만한상승,0.67,3.1,2026-08-07
KVUE,0.6,19.23,14325931,24462004,275.49,475.96,0.6,-0.5,0.8,매수관심,양봉,수횡파,0.9,1.78,2026-08-07
GRAB,0.6,3.66,30881249,55170944,113.03,221.67,0.5,0.3,-0.5,중립,음봉,잔구간,0.2,-0.53,2026-08-07
DGNX,0.6,1.52,741587,1147947,1.13,2.75,0.4,2.0,1.3,강한매수,양봉스프링,완만한상승,0.92,2.9,2026-08-07
CLF,0.6,12.26,12652121,19556249,155.12,358.22,0.4,1.1,-0.9,강한매수,망치형,완만한상승,0.72,2.16,2026-08-07
PAYO,0.6,7.1,3933240,6291261,27.93,41.96,0.7,0.1,-0.3,매도주의,장대음봉,잔구간,0.0,-1.3,2026-08-07
PACK,0.6,5.51,530947,910996,2.93,4.66,0.6,0.9,0.5,중립,팽이도지,잔구간,0.5,0.0,2026-08-07
LAND,0.6,8.34,512842,826726,4.28,5.4,0.8,0.0,0.0,중립,위꼬리양봉,완만한상승,0.19,-0.47,2026-08-07
GME,0.6,19.16,4766509,7856197,91.33,169.4,0.5,-0.1,-0.3,중립,망치형,잔구간,0.59,0.555,2026-08-07
BPRE,0.6,13.02,535956,906610,6.98,12.61,0.6,1.2,0.8,강한매수,양봉스프링,완만한상승,0.81,2.77,2026-08-07
BLZE,0.6,18.82,2166855,3729736,40.78,59.94,0.7,2.9,1.0,강한매수,양봉스프링,완만한상승,0.82,2.78,2026-08-07
SOC,0.6,4.75,3733395,6531675,17.73,32.75,0.5,1.5,-2.3,중립,음봉,잔구간,0.38,-0.42,2026-08-07
VLY,0.6,14.55,3719191,6753682,54.11,107.91,0.5,0.1,0.5,강한매수,양봉,완만한상승,0.87,2.04,2026-08-07
F,0.6,13.98,34589175,54969369,483.56,910.24,0.5,0.2,1.2,중립,양봉,잔구간,0.67,0.45,2026-08-07
SBH,0.6,16.83,1126798,1748465,18.96,27.15,0.7,-1.2,5.6,강한매수,장대양봉,완만한상승,0.96,3.45,2026-08-07
MUZ,0.6,11.69,10494613,16322076,122.68,221.01,0.6,-5.3,6.4,중립,양봉,잔구간,0.46,0.325,2026-08-07
SFL,0.6,12.07,749894,1280452,9.05,16.67,0.5,-0.2,0.2,매수관심,팽이도지,완만한상승,0.74,1.19,2026-08-07
BTBT,0.6,1.38,14298318,25193489,19.73,32.67,0.6,2.6,-1.4,중립,음봉,완만한상승,0.57,0.28,2026-08-07
AMZD,0.6,7.985,8299033,13382739,66.27,115.76,0.6,-0.2,-0.6,중립,망치형,잔구간,0.65,0.59,2026-08-07
FLO,0.6,7.4,3697821,6445376,27.36,42.44,0.6,0.1,2.1,강한매수,장대양봉,완만한상승,0.75,3.2,2026-08-07
FPE,0.6,17.87,610665,1066241,10.91,18.75,0.6,0.2,0.0,매수관심,양봉스프링,전고점부근,1.0,1.65,2026-08-07
KURA,0.6,9.57,749268,1162998,7.17,11.71,0.6,1.0,2.1,강한매수,장대양봉,완만한상승,0.89,3.37,2026-08-07
CNH,0.6,10.91,9979130,16558998,108.87,200.97,0.5,-0.2,0.7,중립,위꼬리양봉,완만한상승,0.28,-0.36,2026-08-07
HNRG,0.6,14.76,555460,879705,8.2,12.26,0.7,0.0,-0.4,중립,팽이도지,잔구간,0.61,0.065,2026-08-07
AVTR,0.6,13.59,6218150,10697536,84.5,214.4,0.4,1.1,2.0,매수관심,장대양봉,잔구간,1.0,1.3,2026-08-07
BATL,0.6,1.31,3975483,6206886,5.21,12.22,0.4,-3.0,0.0,중립,위꼬리양봉,잔구간,0.2,-0.68,2026-08-07
KT,0.6,18.5,1460634,2287327,27.02,34.15,0.8,0.1,-0.2,중립,팽이도지,잔구간,0.55,0.03,2026-08-07
MBLY,0.6,8.73,3674836,5686221,32.08,62.8,0.5,1.9,1.7,강한매수,장대양봉,완만한상승,0.77,3.22,2026-08-07
PUMP,0.6,10.98,2143860,3827149,23.54,61.75,0.4,-0.3,0.5,중립,위꼬리양봉,완만한상승,0.29,-0.35,2026-08-07
TV,0.6,2.83,512361,924798,1.45,3.05,0.5,1.4,-1.7,매도주의,장대음봉,잔구간,0.15,-1.21,2026-08-07
TU,0.6,9.72,7071135,12656292,68.73,129.25,0.5,0.7,-1.6,중립,음봉,잔구간,0.07,-0.61,2026-08-07
BSIN,0.6,1.21,966686,1534659,1.17,1.86,0.6,1.7,-0.8,매수관심,팽이도지,완만한상승,0.5,0.9,2026-08-07
BTAL,0.6,11.92,530654,898163,6.33,11.49,0.6,-1.1,-1.0,매도주의,장대음봉,잔구간,0.03,-1.28,2026-08-07
TLRY,0.6,4.57,3478458,6194875,15.9,26.83,0.6,2.5,0.4,매수관심,팽이도지,완만한상승,0.55,0.96,2026-08-07
TKC,0.6,5.5,1354152,2250624,7.45,18.7,0.4,0.5,0.0,강한매수,양봉스프링,완만한상승,0.81,2.77,2026-08-07
SLN,0.6,11.95,316886,527694,3.79,6.68,0.6,2.0,-0.1,매수관심,팽이도지,전고점돌파,0.37,1.34,2026-08-07
SMMT,0.6,13.96,2182583,3634667,30.47,55.8,0.5,2.7,0.4,매수관심,양봉스프링,전고점부근,0.88,1.51,2026-08-07
SKHZ,0.6,13.68,1729867,3101137,23.66,71.01,0.3,-0.1,4.0,매수관심,양봉,완만한상승,0.59,1.71,2026-08-07
CNTN,0.6,1.87,571841,978401,1.07,1.66,0.6,-1.1,1.6,중립,양봉,잔구간,0.8,0.53,2026-08-07
CLB,0.6,11.35,387962,643674,4.4,8.41,0.5,-1.0,2.5,강한매수,장대양봉,완만한상승,0.81,3.27,2026-08-07
CXM,0.6,6.86,2000807,3099217,13.73,20.31,0.7,1.4,2.4,강한매수,장대양봉,전고점돌파,0.8,3.86,2026-08-07
OTLK,0.6,1.02,4560324,7092359,4.65,23.14,0.2,1.4,3.4,매수관심,양봉,완만한상승,0.78,1.94,2026-08-07
ATEC,0.6,9.31,2412786,4038601,22.46,27.97,0.8,1.4,-0.3,강한매수,망치형,완만한상승,0.91,2.39,2026-08-07
OVID,0.6,2.63,919698,1671971,2.42,3.38,0.7,1.5,-2.2,매도주의,장대음봉,잔구간,0.33,-1.1,2026-08-07
SMPL,0.6,11.1,1352698,2355947,15.01,25.93,0.6,-0.2,-0.4,중립,팽이도지,잔구간,0.56,0.035,2026-08-07
PSKY,0.6,9.19,9326940,15160834,85.71,123.53,0.7,0.0,1.4,중립,위꼬리양봉,완만한상승,0.37,-0.26,2026-08-07
KOS,0.6,2.48,10387805,16368453,25.76,37.38,0.7,-1.6,2.1,중립,위꼬리양봉,완만한상승,0.43,-0.18,2026-08-07
AAPD,0.6,11.09,6210825,10960857,68.88,137.28,0.5,0.5,-0.8,중립,음봉,잔구간,0.32,-0.46,2026-08-07
ABR,0.6,5.35,3669137,5959345,19.63,24.47,0.8,0.0,4.3,강한매수,장대양봉,전고점돌파,1.0,4.1,2026-08-07
ESRT,0.6,4.84,1394299,2478135,6.75,11.97,0.6,-0.4,-0.4,매도주의,위꼬리음봉,잔구간,0.2,-0.93,2026-08-07
VNET,0.6,7.33,2600351,4076087,19.06,33.66,0.6,3.6,1.0,강한매수,양봉스프링,완만한상승,0.79,2.75,2026-08-07
NCNO,0.6,19.17,1121186,1844129,21.49,41.9,0.5,0.8,0.2,중립,팽이도지,완만한상승,0.37,0.74,2026-08-07
AEO,0.6,17.97,2756818,4452350,49.54,70.83,0.7,0.2,1.2,중립,양봉,잔구간,0.87,0.57,2026-08-07
RPAY,0.6,3.95,306562,509110,1.21,2.01,0.6,0.0,-1.0,중립,망치형,잔구간,0.55,0.53,2026-08-07
BGC,0.6,10.35,1789958,3139886,18.53,30.37,0.6,-0.1,-1.4,매도주의,장대음봉,잔구간,0.16,-1.205,2026-08-07
RQI,0.6,12.52,314843,565382,3.94,7.44,0.5,0.3,-0.6,매도주의,장대음봉,잔구간,0.0,-1.3,2026-08-07
RMNI,0.6,5.05,359260,571718,1.81,2.36,0.8,0.6,1.4,매수관심,장대양봉,전고점부근,0.8,1.91,2026-08-07
RNW,0.6,6.17,569094,949023,3.51,7.0,0.5,0.2,-1.1,중립,음봉,잔구간,0.38,-0.42,2026-08-07
EOSE,0.6,4.15,19085242,34158813,79.2,124.3,0.6,2.9,2.3,강한매수,양봉스프링,완만한상승,0.88,2.86,2026-08-07
CCCC,0.6,3.73,1504081,2381937,5.61,9.15,0.6,1.4,1.1,중립,양봉,전고점부근,0.8,0.61,2026-08-07
AGEN,0.6,6.96,1190970,1835788,8.29,14.07,0.6,0.4,-7.4,매도주의,장대음봉,잔구간,0.06,-1.265,2026-08-07
RYLD,0.6,16.34,348129,559934,5.69,10.5,0.5,0.2,0.2,강한매수,장대양봉,전고점돌파,1.0,4.1,2026-08-07
RXRX,0.6,3.22,9355889,15061867,30.13,54.03,0.6,2.3,-1.0,중립,음봉,완만한상승,0.47,0.16,2026-08-07
NOK,0.6,9.36,50168587,79987122,469.58,821.52,0.6,1.7,-2.4,중립,음봉,잔구간,0.22,-0.52,2026-08-07
NOV,0.6,19.65,2020152,3174300,39.7,80.73,0.5,-0.6,-0.7,중립,음봉,잔구간,0.24,-0.505,2026-08-07
MSOS,0.6,4.38,3282870,5447369,14.38,18.95,0.8,-1.6,2.3,강한매수,장대양봉,완만한상승,0.67,3.1,2026-08-07
ERY,0.6,11.12,729792,1124877,8.12,13.74,0.6,1.8,0.5,매수관심,팽이도지,완만한상승,0.6,1.02,2026-08-07
VFC,0.6,14.99,6105140,10184482,91.52,176.17,0.5,0.6,1.0,중립,양봉,잔구간,0.93,0.61,2026-08-07
FIP,0.6,4.27,1634469,2702599,6.98,7.98,0.9,1.6,3.6,강한매수,양봉,전고점돌파,0.74,2.49,2026-08-07
DRAL,0.6,8.8,312700,482808,2.75,5.88,0.5,2.5,-5.6,중립,음봉,잔구간,0.54,-0.325,2026-08-07
MIR,0.6,15.71,2880843,5021315,45.26,81.66,0.6,0.9,3.6,강한매수,장대양봉,완만한상승,0.9,3.38,2026-08-07
SHLS,0.6,8.93,4595730,7517303,41.04,59.41,0.7,0.3,3.5,중립,양봉,잔구간,0.89,0.585,2026-08-07
SITC,0.6,3.15,801391,1326068,2.52,3.63,0.7,-0.3,1.0,중립,양봉,잔구간,0.56,0.385,2026-08-07
ULCC,0.6,7.38,2722653,4463914,20.09,32.93,0.6,0.4,-3.0,중립,음봉,잔구간,0.19,-0.535,2026-08-07
CRCD,0.6,5.13,706673,1124391,3.63,6.02,0.6,-7.8,-3.6,매도주의,음봉,전저점이탈,0.54,-1.4,2026-08-07
ORBS,0.5,0.689,5753411,11547945,3.96,7.79,0.5,2.5,0.7,매수관심,팽이도지,완만한상승,0.61,1.03,2026-08-07
MPLT,0.5,12.17,432840,943376,5.27,31.61,0.2,0.0,-8.4,매도주의,장대음봉,전저점부근,0.05,-1.79,2026-08-07
NPKI,0.5,13.48,531648,1107229,7.17,14.13,0.5,0.1,-0.6,중립,팽이도지,잔구간,0.55,0.03,2026-08-07
PBI,0.5,17.42,1405253,2704156,24.48,36.88,0.7,-0.1,-2.8,매도주의,장대음봉,잔구간,0.09,-1.245,2026-08-07
ETHW,0.5,13.72,491703,952946,6.75,14.51,0.5,0.9,-0.4,중립,음봉,완만한상승,0.45,0.14,2026-08-07
CAG,0.5,15.11,6928236,12938349,104.69,210.69,0.5,-0.4,2.2,강한매수,장대양봉,완만한상승,0.92,3.4,2026-08-07
XIFR,0.5,11.44,540517,1044679,6.18,16.37,0.4,0.4,-0.1,중립,팽이도지,잔구간,0.29,-0.125,2026-08-07
INO,0.5,0.668,3051079,5811464,2.04,4.96,0.4,-0.1,-0.8,중립,팽이도지,잔구간,0.62,0.07,2026-08-07
MNRO,0.5,12.73,600451,1231946,7.64,17.91,0.4,0.6,1.9,매수관심,양봉,완만한상승,0.69,1.83,2026-08-07
NEO,0.5,16.57,1346624,2783727,22.31,48.98,0.5,1.9,4.5,강한매수,장대양봉,전고점돌파,0.96,4.05,2026-08-07
BBNX,0.5,15.9,1274256,2412349,20.26,23.67,0.9,0.5,12.1,강한매수,장대양봉,완만한상승,0.73,3.18,2026-08-07
EVMN,0.5,14.08,374012,750204,5.27,6.88,0.8,2.4,2.8,강한매수,양봉,전고점돌파,0.58,2.3,2026-08-07
IRWD,0.5,4.32,1843075,3472664,7.96,10.83,0.7,0.9,0.5,매수관심,팽이도지,완만한상승,0.58,1.0,2026-08-07
RBLU,0.5,3.56,410013,766996,1.46,4.32,0.3,5.9,3.8,중립,양봉,잔구간,0.92,0.6,2026-08-07
LABX,0.5,14.73,978225,1858426,14.41,24.08,0.6,4.9,-3.2,중립,음봉,완만한상승,0.24,-0.11,2026-08-07
SXC,0.5,9.39,1331612,2516725,12.5,22.64,0.6,-1.1,-1.1,중립,음봉,잔구간,0.22,-0.52,2026-08-07
GPK,0.5,12.1,3082801,6181142,37.3,72.64,0.5,-0.2,2.1,매수관심,장대양봉,전고점부근,0.64,1.72,2026-08-07
APLX,0.5,10.925,836593,1747219,9.14,19.51,0.5,5.5,-3.0,강한매수,망치형,완만한상승,0.58,2.0,2026-08-07
LTRX,0.5,5.97,337157,638470,2.01,3.58,0.6,3.1,-0.7,매수관심,팽이도지,완만한상승,0.45,0.84,2026-08-07
OXLC,0.5,9.2,383674,812802,3.53,8.0,0.4,-0.1,0.5,매수관심,양봉,완만한상승,0.51,1.61,2026-08-07
STAK,0.5,1.7,748113,1627433,1.27,73.88,0.0,-5.4,-2.9,중립,음봉,잔구간,0.17,-0.55,2026-08-07
STDN,0.5,8.44,326491,605301,2.76,6.92,0.4,0.2,2.7,강한매수,양봉,완만한상승,0.92,2.1,2026-08-07
SOFX,0.5,10.09,631190,1259585,6.37,13.04,0.5,3.9,-0.8,강한매수,망치형,완만한상승,0.71,2.15,2026-08-07
SRAD,0.5,13.02,2592971,5156473,33.76,49.98,0.7,0.7,1.8,매수관심,장대양봉,잔구간,0.77,1.16,2026-08-07
ADTN,0.5,7.56,1564175,3411996,11.83,27.57,0.4,1.9,-1.0,중립,음봉,완만한상승,0.5,0.2,2026-08-07
XRX,0.5,3.24,2614523,4783494,8.47,20.46,0.4,0.9,-0.6,매수관심,팽이도지,완만한상승,0.44,0.83,2026-08-07
ACCO,0.5,4.41,442070,815894,1.95,3.13,0.6,-0.7,0.7,매수관심,양봉,완만한상승,0.7,1.84,2026-08-07
DXC,0.5,10.84,2260162,4695202,24.5,59.07,0.4,1.2,-3.4,매도주의,장대음봉,잔구간,0.05,-1.27,2026-08-07
LENZ,0.5,5.36,452968,854829,2.43,4.72,0.5,1.3,1.3,매수관심,양봉,완만한상승,0.71,1.85,2026-08-07
GERN,0.5,1.48,8885551,19513479,13.15,21.18,0.6,-0.3,-5.4,중립,음봉,잔구간,0.14,-0.565,2026-08-07
WCMI,0.5,19.64,411143,751567,8.07,18.13,0.4,1.1,-0.6,매도주의,장대음봉,완만한상승,0.39,-1.23,2026-08-07
SSG,0.5,11.48,371969,804728,4.27,11.63,0.4,-3.8,-0.1,매도주의,위꼬리음봉,전저점부근,0.13,-1.19,2026-08-07
GLUE,0.5,15.88,1031391,2148850,16.38,39.12,0.4,0.7,0.4,매수관심,팽이도지,완만한상승,0.49,0.89,2026-08-07
GSIT,0.5,6.72,462748,859162,3.11,4.44,0.7,1.7,-0.3,중립,팽이도지,완만한상승,0.32,0.68,2026-08-07
THM,0.5,2.31,799145,1465349,1.85,2.66,0.7,5.2,4.1,강한매수,장대양봉,전고점돌파,1.0,4.1,2026-08-07
ORCU,0.5,7.94,3616261,7278195,28.71,43.09,0.7,2.6,2.2,강한매수,양봉,완만한상승,0.96,2.15,2026-08-07
ERIC,0.5,10.15,5246225,11236856,53.25,145.38,0.4,0.8,-0.9,중립,음봉,잔구간,0.33,-0.45,2026-08-07
AESI,0.5,11.27,2196190,4043149,24.75,55.05,0.4,-2.8,4.7,강한매수,장대양봉,완만한상승,0.62,3.04,2026-08-07
RES,0.5,5.87,835859,1622982,4.91,8.75,0.6,-0.8,0.5,중립,팽이도지,잔구간,0.45,-0.03,2026-08-07
BFLY,0.5,8.83,4901528,10245354,43.28,59.8,0.7,3.0,3.3,강한매수,양봉,완만한상승,0.96,2.15,2026-08-07
BXMT,0.5,14.15,2654889,4937422,37.57,48.06,0.8,1.1,1.1,중립,양봉,잔구간,0.55,0.38,2026-08-07
CCXI,0.5,16.615,1891347,3839406,31.42,48.48,0.6,3.2,-1.8,중립,음봉,완만한상승,0.4,0.08,2026-08-07
NMR,0.5,9.95,472715,864166,4.7,9.87,0.5,0.6,-0.3,중립,음봉,완만한상승,0.41,0.09,2026-08-07
HLN,0.5,10.03,5493438,10072586,55.1,144.99,0.4,-0.5,0.5,중립,양봉,잔구간,0.84,0.555,2026-08-07
SHEN,0.5,13.48,363561,687078,4.9,7.81,0.6,-0.7,1.2,강한매수,장대양봉,완만한상승,0.64,3.07,2026-08-07
IREG,0.5,8.59,518891,1013333,4.46,7.45,0.6,7.7,9.3,강한매수,양봉,완만한상승,1.0,2.2,2026-08-07
OIS,0.5,8.14,454983,863626,3.7,6.1,0.6,-1.1,-1.0,매도주의,위꼬리음봉,잔구간,0.11,-0.985,2026-08-07
BANC,0.5,18.73,2076244,3795256,38.89,97.35,0.4,-0.6,-0.8,매도주의,장대음봉,잔구간,0.18,-1.19,2026-08-07
PTEN,0.5,9.87,5444515,10212700,53.74,99.72,0.5,-1.5,-0.3,매도주의,위꼬리음봉,잔구간,0.23,-0.91,2026-08-07
AMRX,0.5,18.14,1089967,2069925,19.77,34.21,0.6,0.4,-0.1,중립,망치형,잔구간,0.74,0.645,2026-08-07
AMCX,0.5,11.86,637745,1285578,7.56,12.66,0.6,-0.3,0.2,중립,팽이도지,잔구간,0.33,-0.1,2026-08-07
SKDD,0.5,15.45,4184543,8222057,64.65,253.34,0.3,0.3,7.4,매수관심,양봉,완만한상승,0.55,1.66,2026-08-07
BRSP,0.5,5.12,833015,1815787,4.27,9.5,0.4,0.0,1.4,강한매수,장대양봉,완만한상승,0.61,3.03,2026-08-07
OLN,0.5,18.59,2284879,4368429,42.48,82.76,0.5,0.2,-1.0,중립,음봉,잔구간,0.22,-0.52,2026-08-07
CYH,0.5,3.0,866195,1674009,2.6,5.67,0.5,0.0,1.7,매수관심,양봉,완만한상승,0.64,1.77,2026-08-07
ASTL,0.5,4.075,795003,1592938,3.24,5.27,0.6,1.5,1.1,매수관심,팽이도지,완만한상승,0.64,1.07,2026-08-07
PRQR,0.5,1.875,558945,1131537,1.05,1.46,0.7,1.1,-2.3,중립,음봉,잔구간,0.05,-0.62,2026-08-07
ORN,0.5,10.31,392654,763407,4.05,10.31,0.4,1.9,0.0,매수관심,팽이도지,완만한상승,0.6,1.02,2026-08-07
KSCP,0.5,1.57,829564,1549855,1.3,2.89,0.5,3.3,-0.6,매도주의,위꼬리음봉,잔구간,0.23,-0.91,2026-08-07
LSPD,0.5,10.46,546423,1048635,5.72,11.28,0.5,1.4,0.9,매수관심,양봉,완만한상승,0.69,1.83,2026-08-07
CVGI,0.5,3.63,427910,779577,1.55,2.39,0.7,1.6,-1.9,중립,음봉,전저점부근,0.15,-0.37,2026-08-07
BIOA,0.5,11.72,953528,1749056,11.18,26.24,0.4,1.2,2.8,매수관심,양봉,완만한상승,0.69,1.83,2026-08-07
CERT,0.5,8.2,2227086,4802821,18.26,41.34,0.4,0.0,0.9,매수관심,양봉,완만한상승,0.62,1.74,2026-08-07
FTRE,0.5,18.43,989729,1931865,18.24,41.89,0.4,1.0,3.2,중립,양봉,잔구간,0.85,0.56,2026-08-07
CWVX,0.5,18.34,750532,1612203,13.76,19.41,0.7,9.1,3.0,강한매수,양봉스프링,완만한상승,0.92,2.9,2026-08-07
TWO,0.5,12.12,2995742,5628484,36.31,50.12,0.7,0.2,0.5,강한매수,장대양봉,완만한상승,1.0,3.5,2026-08-07
AMBP,0.5,5.04,1314953,2470869,6.63,19.71,0.3,-0.4,0.8,강한매수,양봉,완만한상승,1.0,2.2,2026-08-07
AMC,0.5,2.59,16857776,35501602,43.66,113.14,0.4,0.4,0.4,강한매수,양봉스프링,완만한상승,0.87,2.84,2026-08-07
ZGN,0.4,14.91,382704,880007,5.71,16.05,0.4,0.3,0.4,매수관심,양봉스프링,잔구간,0.76,0.905,2026-08-07
RDTL,0.4,15.69,593169,1409553,9.31,21.86,0.4,2.8,10.9,강한매수,장대양봉,완만한상승,0.79,3.25,2026-08-07
MSFD,0.4,10.3,1410921,4021126,14.53,33.86,0.4,0.0,0.0,매수관심,팽이도지,전저점부근,0.73,1.03,2026-08-07
NEOG,0.4,11.47,1520387,3550558,17.44,34.46,0.5,-0.2,1.7,매수관심,장대양봉,잔구간,0.9,1.24,2026-08-07
UNIT,0.4,9.54,1403710,3266201,13.39,30.07,0.4,0.0,-0.7,중립,음봉,잔구간,0.43,-0.39,2026-08-07
PDBC,0.4,17.25,3171309,7841539,54.71,138.89,0.4,0.1,0.1,중립,위꼬리양봉,완만한상승,0.12,-0.56,2026-08-07
CLVT,0.4,1.82,3078636,7729410,5.6,14.28,0.4,1.1,-2.7,중립,음봉,잔구간,0.1,-0.59,2026-08-07
TGB,0.4,8.32,4053579,9013731,33.73,53.39,0.6,2.9,-1.9,중립,음봉,완만한상승,0.28,-0.06,2026-08-07
AVR,0.4,8.91,502586,1153773,4.48,8.55,0.5,1.8,4.7,강한매수,장대양봉,전고점돌파,0.98,4.08,2026-08-07
ADGM,0.4,0.683,2743269,6107219,1.88,39.66,0.0,0.9,-7.5,중립,망치형,잔구간,0.74,0.645,2026-08-07
PRCH,0.4,15.85,1384418,3347431,21.94,36.53,0.6,1.8,0.8,중립,위꼬리양봉,완만한상승,0.49,-0.11,2026-08-07
KPTI,0.4,2.12,1792750,4153364,3.8,11.52,0.3,0.5,8.2,강한매수,장대양봉,완만한상승,1.0,3.5,2026-08-07
AMIX,0.4,10.04,820946,2257536,8.24,293.5,0.0,-5.1,-13.0,중립,음봉,잔구간,0.32,-0.46,2026-08-07
ALVO,0.4,3.81,342030,865818,1.3,3.62,0.4,0.8,-0.5,강한매수,망치형,완만한상승,0.65,2.08,2026-08-07
FMC,0.4,10.59,1990746,4901908,21.08,50.57,0.4,0.8,-0.4,매도주의,위꼬리음봉,완만한상승,0.21,-0.95,2026-08-07
NWG,0.4,19.19,2221137,5304898,42.62,95.22,0.4,1.4,-0.6,매도주의,장대음봉,완만한상승,0.33,-1.3,2026-08-07
MYGN,0.4,3.26,1440869,3608390,4.7,13.43,0.3,1.3,1.2,매수관심,양봉,완만한상승,0.73,1.88,2026-08-07
FFAI,0.4,4.1,782491,1877254,3.21,12.14,0.3,0.5,-6.8,중립,음봉,잔구간,0.12,-0.58,2026-08-07
HUN,0.4,10.12,1871650,4323181,18.94,47.65,0.4,1.1,-1.3,중립,음봉,잔구간,0.31,-0.465,2026-08-07
COUR,0.4,5.81,3912479,8799827,22.73,53.76,0.4,1.3,3.2,강한매수,장대양봉,완만한상승,1.0,3.5,2026-08-07
WU,0.3,7.08,7276526,20834834,51.52,128.05,0.4,0.7,-1.8,매도주의,장대음봉,잔구간,0.28,-1.13,2026-08-07
TJGC,0.3,3.65,335521,1017556,1.22,5.41,0.2,-3.0,2.8,매수관심,양봉스프링,잔구간,0.9,0.99,2026-08-07
TAL,0.3,12.38,2598058,7948610,32.16,86.27,0.4,-0.1,-0.6,중립,망치형,잔구간,0.67,0.6,2026-08-07
SXTC,0.3,3.64,714784,2112150,2.6,16.27,0.2,-11.6,-4.5,중립,팽이도지,전저점부근,0.5,0.75,2026-08-07
FCUV,0.3,5.2,347877,1046876,1.81,136.69,0.0,-13.0,-27.2,매도주의,장대음봉,잔구간,0.15,-1.21,2026-08-07
KC,0.3,12.33,739224,2428627,9.11,21.56,0.4,1.4,0.0,강한매수,양봉스프링,완만한상승,0.87,2.84,2026-08-07
BHC,0.3,6.25,4231755,13306298,26.45,52.99,0.5,0.0,5.8,강한매수,장대양봉,완만한상승,0.96,3.45,2026-08-07
ONFO,0.3,2.15,927901,2966462,1.99,8.96,0.2,-23.3,-6.5,매도주의,음봉,전저점이탈,0.19,-1.82,2026-08-07
ENSC,0.2,0.52,15653922,65063482,8.14,36.85,0.2,-7.6,7.4,중립,양봉,잔구간,0.61,0.415,2026-08-07
INLF,0.2,4.51,304933,1575599,1.38,60.54,0.0,-6.1,-11.7,매도주의,장대음봉,잔구간,0.01,-1.295,2026-08-07
CYCU,0.1,0.611,5557564,40291455,3.39,126.68,0.0,-2.9,-6.0,중립,음봉,잔구간,0.56,-0.315,2026-08-07
MGRX,0.1,0.492,4270732,57725337,2.1,37.42,0.1,-9.0,2.6,매수관심,양봉스프링,잔구간,0.96,1.025,2026-08-07
