ticker,ratio,latest_close,latest_volume,baseline_volume,dollar_volume_M,avg_dollar_vol_10d_M,dollar_surge_x,signal_gap_%,intraday_chg_%,candle_signal,candle_shape,candle_pos,close_pos,candle_score,latest_date
BFRG,1417.4,0.95,191727176,135266,182.14,4.17,43.7,30.3,21.5,강한매수,양봉,전고점돌파,0.71,2.45,2026-09-23
VTGN,1245.2,0.368,574960002,461743,211.82,0.24,875.2,53.6,-4.6,중립,위꼬리음봉,전고점돌파,0.16,-0.41,2026-09-23
GCDT,622.2,0.511,193894299,311643,99.08,1.24,79.8,-0.4,50.7,강한매수,양봉,전고점돌파,0.34,2.01,2026-09-23
MSS,612.6,2.1,95245991,155474,200.02,0.59,339.6,32.1,1.9,중립,위꼬리양봉,전고점돌파,0.25,0.2,2026-09-23
DCOY,433.2,3.85,26772481,61799,103.07,32.75,3.1,41.9,-12.5,중립,음봉,완만한상승,0.1,-0.28,2026-09-23
HCTI,409.2,0.911,54415568,132996,49.58,0.1,511.3,28.4,-17.9,중립,위꼬리음봉,전고점돌파,0.01,-0.59,2026-09-23
ARTL,231.9,7.31,25129667,108348,183.7,0.47,390.4,-2.9,81.4,중립,위꼬리양봉,전고점돌파,0.29,0.25,2026-09-23
ONCO,213.6,0.91,31964142,149622,29.09,0.17,172.1,-4.1,38.9,강한매수,양봉,전고점돌파,0.52,2.22,2026-09-23
WHLR,169.3,5.44,92825695,548342,504.97,3.76,134.2,178.3,4.5,중립,위꼬리양봉,전고점돌파,0.17,0.1,2026-09-23
SOS,158.6,0.344,31343053,197663,10.79,0.51,21.3,1.8,-3.0,매도주의,위꼬리음봉,전저점부근,0.11,-1.22,2026-09-23
KIDZ,140.1,2.815,9835931,70191,27.69,0.45,62.2,-6.2,0.9,중립,팽이도지,수횡파,0.62,0.74,2026-09-23
IPDN,100.7,5.42,26234508,260396,142.19,13.41,10.6,77.3,-21.6,중립,음봉,전고점돌파,0.24,0.49,2026-09-23
BENF,81.0,2.9,295021125,3642392,855.56,19.19,44.6,442.4,-0.7,강한매수,망치형,전고점돌파,0.85,2.92,2026-09-23
YMAT,79.1,1.28,4498062,56869,5.76,8.51,0.7,2.3,-5.2,매도주의,위꼬리음봉,전저점부근,0.15,-1.17,2026-09-23
KUST,52.3,0.655,8600512,164293,5.63,0.14,39.4,-0.4,0.0,중립,팽이도지,잔구간,0.46,-0.025,2026-09-23
SNTI,48.0,0.338,10367895,216127,3.5,0.24,14.6,4.5,2.5,중립,위꼬리양봉,완만한상승,0.43,-0.18,2026-09-23
RAIN,47.6,1.01,4091925,85973,4.13,6.6,0.6,-13.9,15.0,중립,양봉,잔구간,0.7,0.47,2026-09-23
JAGX,47.1,8.91,11664896,247523,103.93,96.69,1.1,-55.2,-42.3,중립,음봉,잔구간,0.04,-0.625,2026-09-23
TNMG,42.9,4.54,4452207,103817,20.21,14.67,1.4,1.5,14.4,중립,위꼬리양봉,완만한상승,0.26,-0.39,2026-09-23
WLDS,42.6,1.64,3793554,89123,6.22,0.18,33.8,-4.4,8.6,중립,위꼬리양봉,완만한상승,0.22,-0.44,2026-09-23
FRGT,39.4,0.49,30443991,771946,14.92,1.09,13.7,1.0,-2.0,매도주의,위꼬리음봉,잔구간,0.24,-0.905,2026-09-23
GNPX,37.9,3.75,2497876,65969,9.37,0.19,50.3,6.2,-0.3,매수관심,팽이도지,전고점돌파,0.42,1.4,2026-09-23
IMCC,30.9,2.91,29555219,955265,86.01,55.71,1.5,-23.2,-8.5,중립,음봉,잔구간,0.36,-0.435,2026-09-23
NCRA,30.1,1.84,1592861,52878,2.93,0.36,8.1,0.5,-11.5,중립,음봉,전저점부근,0.29,-0.2,2026-09-23
WAFU,27.2,1.6,7164172,262919,11.46,4.66,2.5,16.5,-1.2,매도주의,위꼬리음봉,완만한상승,0.21,-0.95,2026-09-23
INNV,27.0,9.0,6584750,243909,59.26,3.45,17.2,-8.7,-7.5,강한매도,장대음봉,전저점이탈,0.1,-3.23,2026-09-23
AUUD,24.1,1.31,7703780,319491,10.09,1.46,6.9,5.3,-6.4,매도주의,위꼬리음봉,잔구간,0.2,-0.93,2026-09-23
SLGB,21.2,0.305,19788974,931825,6.04,1.07,5.7,1.8,3.0,중립,양봉,잔구간,0.75,0.5,2026-09-23
GRML,20.1,11.19,53794515,2672573,601.96,351.07,1.7,22.5,-35.4,매도주의,장대음봉,잔구간,0.12,-1.23,2026-09-23
TBPH,17.8,17.03,10043494,564493,171.04,17.0,10.1,0.2,-0.2,중립,음봉,완만한상승,0.2,-0.16,2026-09-23
VBIO,17.4,2.73,2109195,121419,5.76,0.37,15.5,-1.6,11.4,중립,위꼬리양봉,완만한상승,0.46,-0.15,2026-09-23
XNDX,16.4,1.955,1551403,94542,3.03,1.03,2.9,7.5,-22.1,매도주의,장대음봉,전저점부근,0.01,-1.84,2026-09-23
TLSI,16.1,5.0,2602835,161863,13.01,2.07,6.3,17.2,-13.5,매도주의,장대음봉,완만한상승,0.09,-1.59,2026-09-23
FLNA,15.2,0.87,5466860,359761,4.76,9.92,0.5,-2.9,-13.0,매도주의,장대음봉,잔구간,0.35,-1.09,2026-09-23
CWD,14.6,0.754,2017016,138512,1.52,7.57,0.2,-9.2,14.0,강한매수,장대양봉,완만한상승,0.84,3.31,2026-09-23
WNW,14.5,2.41,1454483,100344,3.51,0.53,6.6,0.9,1.7,중립,양봉,잔구간,0.37,0.27,2026-09-23
DAVA,12.1,2.0,2779389,230296,5.56,1.48,3.8,1.9,-7.0,매도주의,음봉,전저점이탈,0.4,-1.57,2026-09-23
GYGY,11.2,0.795,4397123,391433,3.5,0.4,8.6,9.4,-12.6,중립,음봉,잔구간,0.07,-0.61,2026-09-23
GRFS,9.7,7.195,4065084,419689,29.25,3.33,8.8,-1.5,-1.8,강한매도,장대음봉,전저점이탈,0.03,-3.31,2026-09-23
EDBL,9.3,1.2,1029296,111154,1.24,1.67,0.7,-3.9,-1.6,매도주의,위꼬리음봉,잔구간,0.05,-1.02,2026-09-23
REXC,9.1,16.71,1109549,121544,18.54,1.76,10.5,-0.7,-2.3,매도주의,장대음봉,잔구간,0.13,-1.22,2026-09-23
SMJF,8.9,1.6,3657041,413005,5.85,0.59,9.9,5.6,22.1,강한매수,장대양봉,전고점돌파,0.66,3.69,2026-09-23
LHSW,8.9,0.766,6670404,753361,5.11,39.32,0.1,-18.0,5.0,중립,위꼬리양봉,잔구간,0.48,-0.51,2026-09-23
MESH,8.8,10.08,569467,64582,5.74,2.67,2.2,0.0,0.0,매수관심,양봉,완만한상승,0.33,1.4,2026-09-23
RMSG,8.8,0.317,6912165,786682,2.19,0.34,6.5,0.6,9.6,강한매수,장대양봉,완만한상승,0.81,3.27,2026-09-23
XNDU,8.8,5.33,17790787,2013215,94.82,33.95,2.8,3.6,-11.0,매도주의,장대음봉,전저점부근,0.05,-1.79,2026-09-23
MASK,8.7,0.945,1785087,206224,1.69,2.27,0.7,-2.3,6.7,중립,양봉,잔구간,0.68,0.46,2026-09-23
DBGI,8.6,5.71,2740951,318818,15.65,22.48,0.7,-0.4,21.7,강한매수,장대양봉,완만한상승,0.97,3.46,2026-09-23
WETO,8.1,1.45,15541437,1918225,22.54,7.27,3.1,-0.6,-11.6,강한매도,장대음봉,전저점이탈,0.0,-3.35,2026-09-23
FLGV,7.2,19.58,857592,119661,16.79,2.33,7.2,-0.2,-0.6,강한매도,장대음봉,전저점이탈,0.33,-2.95,2026-09-23
RSKD,7.2,7.14,6032388,835114,43.07,8.61,5.0,-0.1,2.0,강한매수,양봉스프링,전고점돌파,0.95,3.54,2026-09-23
ENGS,7.0,2.86,5188127,744133,14.84,5.03,3.0,0.0,0.4,중립,위꼬리양봉,완만한상승,0.28,-0.36,2026-09-23
TOPS,6.7,0.709,5527078,829846,3.92,13.86,0.3,-13.8,-5.4,중립,음봉,잔구간,0.59,-0.295,2026-09-23
BHFAN,6.7,11.775,356501,52986,4.2,0.79,5.3,0.6,3.5,강한매수,장대양봉,전고점돌파,0.69,3.73,2026-09-23
HACQ,6.5,10.035,428378,65411,4.3,2.86,1.5,-0.0,-0.2,강한매도,장대음봉,전저점이탈,0.0,-3.35,2026-09-23
NNBR,6.5,3.86,9716448,1503897,37.51,4.71,8.0,11.0,3.2,강한매수,양봉,전고점돌파,0.66,2.39,2026-09-23
LGCL,6.4,3.16,578625,90386,1.83,0.5,3.6,14.1,0.0,중립,팽이도지,완만한상승,0.3,0.66,2026-09-23
ALKT,6.4,14.6,7761971,1212920,113.32,32.8,3.5,-13.3,-6.9,강한매도,장대음봉,전저점이탈,0.23,-3.07,2026-09-23
BMEA,5.8,1.44,9301263,1613693,13.39,3.19,4.2,0.0,-15.3,강한매도,장대음봉,전저점이탈,0.24,-3.06,2026-09-23
GDC,5.7,1.57,1472711,259703,2.31,4.6,0.5,1.9,-3.7,매도주의,위꼬리음봉,잔구간,0.06,-1.015,2026-09-23
METQ,5.6,13.591,1298166,233802,17.64,6.75,2.6,-2.5,0.5,매수관심,양봉스프링,잔구간,0.9,0.99,2026-09-23
NAC,5.6,10.68,5214119,926180,55.69,11.68,4.8,-0.4,2.1,중립,양봉,잔구간,0.8,0.53,2026-09-23
PRTH,5.5,7.8,3195692,584560,24.93,23.24,1.1,-0.1,0.1,강한매도,위꼬리양봉,전고점부근,0.33,-2.65,2026-09-23
ACIU,5.3,2.83,492823,93439,1.39,0.29,4.8,6.2,-2.4,강한매수,망치형,전고점돌파,0.68,2.72,2026-09-23
FHTX,5.3,3.87,1795706,341903,6.95,1.44,4.8,-2.8,-6.1,강한매도,장대음봉,전저점이탈,0.06,-3.28,2026-09-23
YYY,5.2,10.6,1431454,275023,15.17,5.15,2.9,-0.5,-1.5,강한매도,장대음봉,전저점이탈,0.0,-3.35,2026-09-23
LU,5.2,1.22,3769143,727409,4.6,1.49,3.1,0.0,6.1,중립,양봉,잔구간,0.55,0.38,2026-09-23
LSAK,5.0,4.21,769130,153659,3.24,0.64,5.1,-0.5,0.0,중립,위꼬리양봉,잔구간,0.1,-0.74,2026-09-23
FSMB,5.0,19.6,712014,141233,13.96,5.56,2.5,-0.1,-0.4,강한매도,장대음봉,전저점이탈,0.14,-3.18,2026-09-23
BNTC,4.9,9.83,644178,130374,6.33,1.68,3.8,-0.3,-10.0,매도주의,음봉,전저점이탈,0.19,-1.82,2026-09-23
SMTK,4.9,1.68,1316363,269206,2.21,0.62,3.6,1.2,-1.8,중립,팽이도지,잔구간,0.57,0.04,2026-09-23
MSD,4.9,6.91,376044,76929,2.6,0.48,5.4,-0.3,-2.5,매도주의,음봉,전저점이탈,0.43,-1.53,2026-09-23
COSM,4.8,0.407,13569180,2824102,5.52,0.89,6.2,1.6,12.9,강한매수,양봉,전고점돌파,0.42,2.1,2026-09-23
GUTS,4.8,0.486,4726577,989913,2.3,0.71,3.3,-0.3,-12.0,강한매도,장대음봉,전저점이탈,0.29,-3.0,2026-09-23
PYPG,4.7,6.92,762512,161532,5.28,2.43,2.2,0.0,-1.6,중립,음봉,잔구간,0.55,-0.32,2026-09-23
FTFT,4.6,4.44,6224140,1350197,27.64,156.45,0.2,-3.2,14.1,중립,위꼬리양봉,잔구간,0.28,-0.63,2026-09-23
LRHC,4.5,2.67,436254,96171,1.16,0.75,1.6,2.9,6.8,강한매수,장대양봉,완만한상승,0.7,3.14,2026-09-23
QNTM,4.4,3.88,645261,147673,2.5,0.68,3.7,-1.4,6.3,강한매도,위꼬리양봉,전고점부근,0.33,-2.65,2026-09-23
NVOX,4.3,9.59,1435115,337176,13.76,5.68,2.4,-2.6,-3.8,강한매도,장대음봉,전저점이탈,0.02,-3.33,2026-09-23
SFIX,4.2,2.82,8511101,2044606,24.0,5.8,4.1,0.0,-5.7,매도주의,장대음봉,잔구간,0.23,-1.16,2026-09-23
INVZ,4.1,0.408,11277306,2761329,4.6,0.69,6.7,-2.1,19.0,강한매수,장대양봉,전고점돌파,0.89,3.97,2026-09-23
SRFM,4.0,0.884,21504701,5357125,19.01,5.22,3.6,9.1,5.2,강한매수,양봉,전고점돌파,0.49,2.19,2026-09-23
TRUG,4.0,0.455,27789172,6871818,12.64,51.27,0.2,2.4,4.7,중립,위꼬리양봉,잔구간,0.29,-0.625,2026-09-23
FIRY,3.9,13.1,417312,106177,5.47,1.96,2.8,0.7,3.2,매수관심,양봉,완만한상승,0.44,1.53,2026-09-23
IONL,3.9,14.39,2789249,717912,40.14,7.7,5.2,25.1,-12.6,매도주의,장대음봉,전고점돌파,0.22,-0.84,2026-09-23
PCEF,3.9,19.51,301323,76299,5.88,1.69,3.5,-0.1,-1.2,강한매도,장대음봉,전저점이탈,0.0,-3.35,2026-09-23
MYSE,3.8,1.83,562452,147402,1.03,0.42,2.5,-0.5,0.0,중립,팽이도지,전저점부근,0.47,0.71,2026-09-23
SJB,3.8,15.295,574059,150110,8.78,2.61,3.4,-0.8,0.7,매수관심,장대양봉,잔구간,0.95,1.27,2026-09-23
EWZS,3.8,13.245,327892,86253,4.34,3.48,1.2,0.0,-2.6,매도주의,장대음봉,잔구간,0.01,-1.295,2026-09-23
PFSA,3.7,2.05,1856540,498243,3.81,1.44,2.6,-13.4,9.0,중립,양봉,잔구간,0.36,0.265,2026-09-23
SPRO,3.7,1.26,1403213,379373,1.77,1.42,1.2,0.0,-7.4,매도주의,장대음봉,잔구간,0.13,-1.22,2026-09-23
HLSQ,3.7,0.55,2930855,785053,1.61,1.01,1.6,-7.0,-11.4,강한매도,장대음봉,전저점이탈,0.0,-3.35,2026-09-23
MAAS,3.6,15.06,2251963,633569,33.91,7.41,4.6,-0.1,1.2,중립,팽이도지,잔구간,0.46,-0.025,2026-09-23
APPX,3.6,12.84,4474211,1229115,57.45,19.46,3.0,-7.4,-0.4,중립,망치형,잔구간,0.94,0.765,2026-09-23
SPSK,3.6,17.57,552183,154274,9.7,24.68,0.4,0.0,-0.6,강한매도,장대음봉,전저점이탈,0.28,-3.01,2026-09-23
EGHT,3.6,2.29,4698869,1320023,10.76,2.57,4.2,-1.0,16.2,강한매수,장대양봉,전고점돌파,0.89,3.97,2026-09-23
PGY,3.3,18.72,6666524,2040225,124.8,45.88,2.7,-0.5,-9.4,강한매도,장대음봉,전저점이탈,0.16,-3.16,2026-09-23
EVER,3.3,17.63,2638486,800358,46.52,22.14,2.1,-0.5,-9.4,강한매도,장대음봉,전저점이탈,0.12,-3.21,2026-09-23
ALUB,3.3,10.12,345986,104003,3.5,1.04,3.4,-0.1,0.1,강한매수,장대양봉,완만한상승,1.0,3.5,2026-09-23
AIV,3.3,2.2,5178157,1590971,11.39,3.93,2.9,0.0,1.9,중립,양봉,잔구간,0.89,0.585,2026-09-23
ZEO,3.2,0.397,69924407,22145179,27.74,25.15,1.1,2.5,-21.0,중립,음봉,잔구간,0.29,-0.475,2026-09-23
SAAQ,3.1,10.07,354540,116214,3.57,1.22,2.9,0.0,0.1,중립,위꼬리양봉,완만한상승,0.23,-0.42,2026-09-23
SPCQ,3.1,11.105,3125895,1002255,34.71,15.75,2.2,1.8,6.3,강한매수,장대양봉,완만한상승,0.93,3.42,2026-09-23
TBCVU,3.1,9.93,413637,134765,4.11,1.53,2.7,-0.1,0.1,강한매도,위꼬리양봉,전고점부근,0.32,-2.67,2026-09-23
CGEM,3.1,16.87,2595561,828811,43.79,25.34,1.7,0.0,-22.2,강한매도,장대음봉,전저점이탈,0.02,-3.33,2026-09-23
BPRE,3.0,12.37,2167768,727970,26.82,9.52,2.8,-1.0,2.7,강한매수,양봉,전고점돌파,0.51,2.21,2026-09-23
JPMpM,3.0,16.24,536858,180745,8.72,5.17,1.7,-0.2,-1.2,중립,음봉,잔구간,0.34,-0.445,2026-09-23
VGM,2.9,9.32,614559,213593,5.73,2.04,2.8,-0.1,-3.4,강한매도,장대음봉,전저점이탈,0.13,-3.19,2026-09-23
WATT,2.9,12.98,409961,141649,5.32,1.59,3.4,-0.8,0.9,중립,위꼬리양봉,완만한상승,0.27,-0.38,2026-09-23
BIT,2.9,11.27,1259459,436738,14.19,5.26,2.7,0.0,-2.3,강한매도,장대음봉,전저점이탈,0.13,-3.19,2026-09-23
EOSU,2.9,6.21,497717,170829,3.09,1.42,2.2,-7.5,-17.2,강한매도,장대음봉,전저점이탈,0.05,-3.29,2026-09-23
NCI,2.8,14.6,1658250,587458,24.21,12.1,2.0,0.0,2.0,매수관심,양봉,완만한상승,0.44,1.53,2026-09-23
NFE,2.8,6.4,1390215,502818,8.9,7.87,1.1,0.9,-22.1,강한매도,장대음봉,전저점이탈,0.04,-3.3,2026-09-23
FTF,2.8,5.41,389738,138678,2.11,1.05,2.0,-1.4,-1.6,강한매도,장대음봉,전저점이탈,0.07,-3.27,2026-09-23
CMPX,2.8,1.17,7693255,2751628,9.0,9.31,1.0,-1.6,-4.1,중립,음봉,전저점부근,0.4,-0.07,2026-09-23
DOMO,2.8,3.55,3179185,1116220,11.29,4.97,2.3,-0.8,-3.3,매도주의,음봉,전저점이탈,0.45,-1.51,2026-09-23
FTMU,2.7,7.44,374875,139053,2.79,3.32,0.8,0.3,-0.9,강한매도,장대음봉,전저점이탈,0.3,-2.99,2026-09-23
ONDL,2.7,5.39,2111908,785018,11.38,3.76,3.0,-0.5,-8.2,중립,음봉,잔구간,0.03,-0.63,2026-09-23
CCCC,2.7,3.08,4594763,1694576,14.15,5.46,2.6,0.3,-7.2,매도주의,음봉,전저점이탈,0.37,-1.61,2026-09-23
NEOV,2.7,3.17,2852028,1055007,9.04,3.8,2.4,1.2,-6.8,강한매도,장대음봉,전저점이탈,0.07,-3.27,2026-09-23
VKQ,2.6,8.96,676604,259457,6.06,2.26,2.7,-0.5,-1.4,매도주의,음봉,전저점이탈,0.08,-1.95,2026-09-23
BYND,2.6,10.03,3135685,1221572,31.45,12.31,2.6,-4.3,-8.9,매도주의,장대음봉,잔구간,0.18,-1.19,2026-09-23
FPEI,2.6,18.74,825016,314480,15.46,7.21,2.1,-0.1,-0.5,매도주의,장대음봉,잔구간,0.11,-1.235,2026-09-23
SVRA,2.6,5.0,3353902,1306669,16.77,7.23,2.3,0.0,-5.7,강한매도,장대음봉,전저점이탈,0.23,-3.07,2026-09-23
LRMR,2.6,3.865,2718706,1026360,10.51,4.66,2.3,0.0,1.2,강한매수,양봉스프링,완만한상승,0.82,2.78,2026-09-23
CRMU,2.6,2.32,1802395,685400,4.18,2.67,1.6,-3.5,-16.8,매도주의,장대음봉,잔구간,0.11,-1.235,2026-09-23
MYI,2.6,9.81,1421798,550973,13.95,5.4,2.6,-0.2,-1.7,강한매도,장대음봉,전저점이탈,0.32,-2.97,2026-09-23
NDMO,2.6,8.89,736389,284504,6.55,2.74,2.4,-0.5,-2.1,강한매도,장대음봉,전저점이탈,0.28,-3.01,2026-09-23
JELD,2.5,1.8,2506327,1002742,4.51,2.3,2.0,-2.7,0.6,중립,팽이도지,잔구간,0.32,-0.11,2026-09-23
ABUS,2.5,4.85,10842006,4307619,52.58,23.23,2.3,0.0,-3.2,강한매도,장대음봉,전저점이탈,0.06,-3.28,2026-09-23
NHP,2.5,16.18,1335071,532150,21.6,12.23,1.8,0.0,-0.7,중립,음봉,잔구간,0.37,-0.43,2026-09-23
TRT,2.5,11.45,435084,176268,4.98,1.82,2.7,-0.6,2.5,매수관심,팽이도지,완만한상승,0.59,1.01,2026-09-23
RKLZ,2.5,15.645,1067144,427173,16.7,6.19,2.7,-2.1,7.0,매수관심,장대양봉,잔구간,0.92,1.25,2026-09-23
REM,2.5,19.32,2635092,1041852,50.91,17.39,2.9,-0.1,-2.9,강한매도,장대음봉,전저점이탈,0.01,-3.34,2026-09-23
GAB,2.5,5.32,2804973,1141696,14.92,5.64,2.6,0.2,-2.2,매도주의,장대음봉,잔구간,0.0,-1.3,2026-09-23
HYT,2.5,7.83,2326329,919678,18.22,8.11,2.2,-0.3,-1.3,매도주의,음봉,전저점이탈,0.28,-1.71,2026-09-23
TLSA,2.5,1.05,1581125,641808,1.66,0.55,3.0,0.0,18.0,강한매수,장대양봉,전고점돌파,0.94,4.03,2026-09-23
RGTX,2.5,9.83,2350364,957001,23.1,9.02,2.6,13.6,-17.5,매도주의,장대음봉,잔구간,0.02,-1.29,2026-09-23
LMRI,2.5,10.14,980981,385903,9.95,4.5,2.2,-0.8,-2.9,매도주의,음봉,전저점이탈,0.24,-1.76,2026-09-23
NVRI,2.4,19.43,545499,223742,10.6,6.08,1.7,0.2,-5.9,강한매도,장대음봉,전저점이탈,0.1,-3.23,2026-09-23
XFOR,2.4,3.11,2309554,948549,7.18,4.53,1.6,-0.6,-8.8,강한매도,장대음봉,전저점이탈,0.19,-3.12,2026-09-23
GMEU,2.4,8.9,1308703,543160,11.65,5.82,2.0,-2.4,3.6,중립,양봉,전고점부근,0.49,0.24,2026-09-23
DBVT,2.4,12.17,377512,158923,4.59,5.09,0.9,-1.3,-2.3,중립,음봉,잔구간,0.13,-0.57,2026-09-23
ENTX,2.4,2.81,858157,350768,2.41,1.17,2.1,1.0,-6.6,매도주의,장대음봉,잔구간,0.35,-1.09,2026-09-23
LXEO,2.4,3.52,2425385,993728,8.54,5.14,1.7,0.0,-13.5,강한매도,장대음봉,전저점이탈,0.1,-3.23,2026-09-23
MESO,2.4,15.29,451522,190536,6.9,2.88,2.4,-1.1,-2.9,매도주의,장대음봉,잔구간,0.16,-1.205,2026-09-23
METD,2.4,12.56,1775605,745476,22.3,17.09,1.3,-1.6,0.5,매수관심,양봉스프링,잔구간,0.86,0.965,2026-09-23
MEI,2.4,14.83,1289120,529081,19.12,7.97,2.4,1.8,7.8,강한매수,양봉,전고점돌파,0.59,2.31,2026-09-23
PMM,2.4,5.64,305630,127840,1.72,0.74,2.3,-1.2,-0.9,매도주의,음봉,전저점이탈,0.57,-1.37,2026-09-23
ONCY,2.4,0.676,1891093,803575,1.28,0.98,1.3,2.3,-7.3,강한매도,장대음봉,전저점이탈,0.23,-3.07,2026-09-23
OMAH,2.3,17.95,1933749,832481,34.71,18.56,1.9,0.5,-1.2,강한매도,장대음봉,전저점이탈,0.09,-3.24,2026-09-23
NNNN,2.3,6.06,636314,276590,3.86,1.58,2.4,-0.4,9.0,매수관심,양봉,완만한상승,0.38,1.46,2026-09-23
FNKO,2.3,5.32,1779394,762165,9.47,5.71,1.7,-0.5,-4.8,매도주의,장대음봉,잔구간,0.21,-1.175,2026-09-23
LCTX,2.3,0.957,2630848,1150867,2.52,1.46,1.7,-1.9,-6.2,강한매도,장대음봉,전저점이탈,0.02,-3.33,2026-09-23
KBWY,2.3,16.796,416310,177220,6.99,3.32,2.1,-0.2,-2.2,강한매도,장대음봉,전저점이탈,0.03,-3.31,2026-09-23
NRK,2.3,9.59,781503,335777,7.49,3.78,2.0,-0.5,-1.5,강한매도,장대음봉,전저점이탈,0.27,-3.03,2026-09-23
BTAL,2.3,12.02,1183712,505457,14.23,8.97,1.6,-0.3,1.0,매수관심,장대양봉,잔구간,0.65,1.09,2026-09-23
EPRX,2.3,8.14,662592,286030,5.39,3.08,1.8,-0.3,-4.8,매도주의,장대음봉,잔구간,0.26,-1.145,2026-09-23
WFCpD,2.3,15.42,346026,147872,5.34,3.12,1.7,-0.2,-0.4,중립,망치형,잔구간,0.6,0.56,2026-09-23
ATTO,2.3,18.52,689037,305530,12.76,8.42,1.5,-0.6,-10.6,강한매도,장대음봉,전저점이탈,0.09,-3.24,2026-09-23
ONDG,2.3,2.18,7286044,3137561,15.88,7.02,2.3,0.7,-9.0,중립,음봉,잔구간,0.03,-0.63,2026-09-23
BABX,2.3,17.28,1331070,568524,23.0,11.83,1.9,-7.1,-2.5,매도주의,장대음봉,잔구간,0.11,-1.235,2026-09-23
PRQR,2.3,1.7,1136991,501972,1.93,1.12,1.7,-0.5,-10.1,강한매도,장대음봉,전저점이탈,0.05,-3.29,2026-09-23
BGB,2.3,11.22,369380,161560,4.14,1.7,2.4,-0.9,0.0,매도주의,위꼬리양봉,잔구간,0.0,-0.8,2026-09-23
CWEB,2.2,18.89,1903885,868644,35.96,20.2,1.8,-3.0,-1.0,중립,음봉,잔구간,0.32,-0.46,2026-09-23
KTF,2.2,8.3,828747,371116,6.88,3.01,2.3,-0.8,-0.8,강한매도,장대음봉,전저점이탈,0.0,-3.35,2026-09-23
NOMD,2.2,10.71,2085714,952757,22.34,13.6,1.6,0.9,1.1,중립,양봉,잔구간,0.63,0.43,2026-09-23
SMST,2.2,12.0,3917733,1779531,47.01,25.2,1.9,0.4,5.2,강한매수,양봉,완만한상승,0.92,2.1,2026-09-23
JFR,2.2,7.31,1506591,690721,11.01,4.61,2.4,-0.3,-1.3,강한매도,장대음봉,전저점이탈,0.17,-3.15,2026-09-23
FTMN,2.2,8.33,383506,175842,3.19,1.4,2.3,0.0,-0.8,매도주의,음봉,전저점이탈,0.42,-1.55,2026-09-23
AIXC,2.2,1.66,990956,454035,1.64,0.84,2.0,0.7,16.9,강한매수,장대양봉,전고점돌파,0.86,3.93,2026-09-23
BBN,2.2,14.65,555844,257291,8.14,3.54,2.3,-0.3,-2.0,강한매도,장대음봉,전저점이탈,0.17,-3.15,2026-09-23
NKTX,2.2,2.76,1091385,494941,3.01,1.54,2.0,-1.4,-5.2,중립,음봉,잔구간,0.39,-0.415,2026-09-23
CBAT,2.2,1.46,1637490,758007,2.39,0.71,3.4,0.0,13.2,강한매수,장대양봉,전고점돌파,0.93,4.02,2026-09-23
PLG,2.1,1.36,1716299,822132,2.33,1.41,1.7,-2.1,-3.5,매도주의,장대음봉,잔구간,0.38,-1.07,2026-09-23
QUBT,2.1,9.12,14942867,7165946,136.28,54.01,2.5,6.5,-5.7,강한매도,장대음봉,전고점부근,0.1,-3.93,2026-09-23
IMDX,2.1,3.91,597262,278513,2.34,1.04,2.2,-1.4,-4.2,중립,음봉,잔구간,0.6,-0.29,2026-09-23
IQI,2.1,9.34,462450,217354,4.32,1.96,2.2,-0.5,-3.5,강한매도,장대음봉,전저점이탈,0.11,-3.22,2026-09-23
CRNT,2.1,2.19,669148,316353,1.47,0.61,2.4,1.4,2.3,강한매수,양봉,전고점돌파,0.82,2.58,2026-09-23
GUT,2.1,6.01,419847,195865,2.52,1.27,2.0,0.5,-1.5,매도주의,장대음봉,잔구간,0.28,-1.13,2026-09-23
OIA,2.1,5.56,344525,161927,1.92,0.87,2.2,-0.4,-1.9,매도주의,음봉,전저점이탈,0.45,-1.51,2026-09-23
CRDL,2.1,1.77,2112321,993677,3.74,2.46,1.5,-1.6,-4.8,매도주의,음봉,전저점이탈,0.26,-1.74,2026-09-23
CARS,2.1,10.35,943993,449170,9.77,7.28,1.3,-0.4,-3.8,강한매도,장대음봉,전저점이탈,0.36,-2.92,2026-09-23
EDIT,2.1,2.69,5166778,2492001,13.9,10.67,1.3,6.8,-13.8,매도주의,장대음봉,잔구간,0.04,-1.275,2026-09-23
UNG,2.1,10.87,48669945,23144183,529.04,232.17,2.3,0.1,0.0,매수관심,양봉스프링,전고점부근,0.8,1.41,2026-09-23
TRVG,2.1,5.26,331185,157306,1.74,1.75,1.0,-0.2,-16.9,강한매도,장대음봉,전저점이탈,0.0,-3.35,2026-09-23
MREO,2.1,0.34,3930725,1837219,1.34,0.59,2.3,0.6,6.9,강한매수,양봉,전고점돌파,0.45,2.14,2026-09-23
BSCR,2.1,19.55,1207897,589205,23.61,13.36,1.8,-0.1,0.0,중립,팽이도지,전저점부근,0.5,0.75,2026-09-23
AVX,2.0,4.1,319877,162678,1.31,1.62,0.8,0.5,-7.4,중립,음봉,잔구간,0.27,-0.49,2026-09-23
KLC,2.0,2.2,960089,491151,2.11,1.35,1.6,-2.6,-2.7,중립,음봉,잔구간,0.32,-0.46,2026-09-23
BSCQ,2.0,19.5,1418763,705231,27.67,19.74,1.4,0.0,-0.1,중립,음봉,전저점부근,0.0,-0.55,2026-09-23
HIX,2.0,3.6,655291,322499,2.36,1.24,1.9,-1.3,-3.0,강한매도,장대음봉,전저점이탈,0.08,-3.25,2026-09-23
TNXP,2.0,10.24,913584,456888,9.36,4.87,1.9,0.0,-3.3,매도주의,음봉,전저점이탈,0.32,-1.67,2026-09-23
VMO,2.0,8.85,787426,403395,6.97,3.22,2.2,-0.3,-2.9,강한매도,장대음봉,전저점이탈,0.18,-3.13,2026-09-23
TIMB,2.0,18.34,629378,319254,11.54,8.79,1.3,-1.4,-1.8,강한매도,장대음봉,전저점이탈,0.1,-3.23,2026-09-23
JPMpL,2.0,17.5,377337,188346,6.6,5.36,1.2,-0.3,-0.1,중립,망치형,잔구간,0.77,0.66,2026-09-23
BRSP,2.0,4.05,3190542,1591144,12.92,8.39,1.5,0.9,-6.3,강한매도,장대음봉,전저점이탈,0.13,-3.19,2026-09-23
ACB,1.9,4.22,1351491,696889,5.7,2.95,1.9,-0.2,-0.9,중립,음봉,잔구간,0.33,-0.45,2026-09-23
LXFR,1.9,17.27,710867,374474,12.28,8.74,1.4,0.5,-0.6,매도주의,장대음봉,잔구간,0.17,-1.2,2026-09-23
DLY,1.9,13.09,474992,256448,6.22,2.96,2.1,0.0,-1.1,강한매도,장대음봉,전저점이탈,0.3,-2.99,2026-09-23
ARI,1.9,6.26,3991431,2090958,24.99,15.37,1.6,-0.2,-2.2,강한매도,장대음봉,전저점이탈,0.07,-3.27,2026-09-23
EIDO,1.9,12.26,1615392,864864,19.8,16.32,1.2,1.2,-0.4,중립,음봉,잔구간,0.31,-0.465,2026-09-23
JQC,1.9,4.62,924814,484356,4.27,2.45,1.7,-0.4,-1.1,강한매도,장대음봉,전저점이탈,0.0,-3.35,2026-09-23
FAC,1.9,6.44,673828,360888,4.34,3.09,1.4,2.4,2.2,매수관심,양봉,완만한상승,0.46,1.55,2026-09-23
PCQ,1.9,8.06,361076,193308,2.91,1.53,1.9,-0.4,-0.7,매도주의,음봉,전저점이탈,0.57,-1.37,2026-09-23
GBTG,1.9,9.46,2419673,1265391,22.89,17.3,1.3,0.2,-0.2,매도주의,장대음봉,전저점부근,0.0,-1.85,2026-09-23
PLU,1.9,4.62,504883,264785,2.33,1.58,1.5,-0.4,-5.7,매도주의,장대음봉,잔구간,0.08,-1.25,2026-09-23
PSEC,1.9,2.17,6545288,3474512,14.2,8.42,1.7,0.0,-1.4,강한매도,장대음봉,전저점이탈,0.0,-3.35,2026-09-23
CORD,1.9,2.975,17123880,9190350,50.94,34.24,1.5,-5.0,5.1,중립,양봉,잔구간,0.94,0.615,2026-09-23
PESI,1.9,15.79,565286,301682,8.93,6.3,1.4,-1.4,-3.1,매도주의,장대음봉,잔구간,0.32,-1.11,2026-09-23
QTTB,1.9,9.56,828917,446086,7.92,7.98,1.0,0.1,-9.6,강한매도,장대음봉,전저점이탈,0.06,-3.28,2026-09-23
QBTS,1.9,16.81,28655796,14702160,481.7,251.57,1.9,7.8,-11.2,매도주의,장대음봉,잔구간,0.03,-1.28,2026-09-23
BB,1.9,8.38,25093169,13263982,210.28,97.75,2.2,-0.2,-2.6,매도주의,장대음봉,잔구간,0.17,-1.2,2026-09-23
KSCP,1.9,0.978,2104952,1122935,2.06,1.03,2.0,-1.4,-9.4,강한매도,장대음봉,전저점이탈,0.0,-3.35,2026-09-23
JBIO,1.8,14.71,1464714,832804,21.55,21.67,1.0,-0.7,-11.6,강한매도,장대음봉,전저점이탈,0.06,-3.28,2026-09-23
NXP,1.8,13.18,453476,246217,5.98,3.33,1.8,0.0,-2.2,강한매도,장대음봉,전저점이탈,0.25,-3.05,2026-09-23
PLTZ,1.8,7.56,5287524,2890419,39.97,29.37,1.4,-1.2,-6.2,매도주의,음봉,전저점이탈,0.18,-1.83,2026-09-23
RWAY,1.8,6.74,383256,215315,2.58,2.1,1.2,1.0,-0.7,중립,음봉,완만한상승,0.43,0.12,2026-09-23
GOOY,1.8,11.86,599653,336216,7.11,4.26,1.7,-0.1,-2.9,강한매도,장대음봉,전저점이탈,0.05,-3.29,2026-09-23
IBTK,1.8,18.99,517714,280349,9.83,8.24,1.2,-0.2,-0.4,강한매도,장대음봉,전저점이탈,0.18,-3.13,2026-09-23
NUV,1.8,8.24,1513189,825622,12.47,6.67,1.9,-0.6,-1.1,매도주의,음봉,전저점이탈,0.3,-1.69,2026-09-23
RGTI,1.8,16.005,27251488,15289520,436.16,243.52,1.8,6.7,-9.2,매도주의,장대음봉,잔구간,0.02,-1.29,2026-09-23
APLE,1.8,15.83,4102071,2308437,64.94,42.36,1.5,-0.3,0.6,매수관심,양봉,완만한상승,0.62,1.74,2026-09-23
SOFX,1.8,7.75,2126590,1197698,16.48,11.65,1.4,-1.3,-6.1,매도주의,장대음봉,전저점부근,0.09,-1.74,2026-09-23
MX,1.8,3.22,860042,465539,2.77,2.62,1.1,-0.3,0.9,매수관심,팽이도지,완만한상승,0.67,1.1,2026-09-23
PBYI,1.8,9.28,475937,263745,4.42,2.62,1.7,0.0,-5.5,매도주의,장대음봉,잔구간,0.24,-1.155,2026-09-23
KLAR,1.8,12.94,7578428,4319844,98.06,69.38,1.4,-0.7,-4.6,강한매도,장대음봉,전저점이탈,0.12,-3.21,2026-09-23
ERY,1.8,9.21,29200543,16404255,268.94,156.9,1.7,-1.4,-0.4,중립,망치형,잔구간,0.67,0.6,2026-09-23
EXK,1.8,9.26,12720935,7051479,117.8,77.65,1.5,-4.4,-7.9,강한매도,장대음봉,전저점이탈,0.12,-3.21,2026-09-23
BSOL,1.8,15.76,5452011,2958525,85.92,53.06,1.6,-1.3,-2.1,중립,음봉,잔구간,0.32,-0.46,2026-09-23
PRCH,1.8,16.61,2387069,1341732,39.65,23.36,1.7,2.3,-4.9,매도주의,장대음봉,잔구간,0.39,-1.065,2026-09-23
NOWL,1.8,7.83,6909887,3844152,54.1,36.21,1.5,0.5,4.7,매수관심,장대양봉,잔구간,0.84,1.205,2026-09-23
CCO,1.8,2.35,5628982,3052876,13.23,9.35,1.4,0.0,-1.3,중립,음봉,전저점부근,0.33,-0.15,2026-09-23
TRTX,1.8,6.82,1533623,854815,10.46,6.74,1.6,0.0,-5.1,강한매도,장대음봉,전저점이탈,0.06,-3.28,2026-09-23
TRLV,1.8,12.54,2988596,1640409,37.48,34.01,1.1,-0.6,1.1,중립,위꼬리양봉,전고점돌파,0.42,0.4,2026-09-23
MFM,1.8,5.02,718261,403365,3.61,1.9,1.9,-0.6,-1.2,강한매도,장대음봉,전저점이탈,0.0,-3.35,2026-09-23
ABX,1.8,7.82,1117315,626283,8.74,5.71,1.5,-1.1,-1.4,중립,음봉,전저점부근,0.61,0.18,2026-09-23
HIBS,1.8,16.84,346380,196266,5.83,5.56,1.0,1.1,2.1,중립,양봉,잔구간,0.67,0.45,2026-09-23
ACRE,1.8,4.22,640192,348024,2.7,1.8,1.5,-0.4,-4.7,강한매도,장대음봉,전저점이탈,0.05,-3.29,2026-09-23
GOSS,1.7,10.99,455816,263294,5.01,3.36,1.5,0.0,-6.0,중립,음봉,잔구간,0.49,-0.355,2026-09-23
RWM,1.7,14.18,43210354,25098380,612.72,335.84,1.8,-0.2,1.4,강한매수,장대양봉,완만한상승,1.0,3.5,2026-09-23
AVAT,1.7,2.21,2535724,1516283,5.6,6.13,0.9,-8.4,6.8,중립,위꼬리양봉,잔구간,0.4,-0.56,2026-09-23
ALTG,1.7,6.01,360797,210801,2.17,1.13,1.9,0.0,-4.3,매도주의,장대음봉,잔구간,0.08,-1.25,2026-09-23
RDTL,1.7,12.97,1122728,664877,14.56,9.43,1.5,-1.2,-3.6,중립,음봉,잔구간,0.61,-0.285,2026-09-23
PCT,1.7,5.15,6812652,3922491,35.09,22.3,1.6,-0.7,-7.2,강한매도,장대음봉,전저점이탈,0.07,-3.27,2026-09-23
BTQ,1.7,2.73,3572222,2145153,9.75,6.59,1.5,4.5,-2.5,중립,음봉,잔구간,0.32,-0.46,2026-09-23
CATX,1.7,2.62,3161056,1847098,8.28,8.71,1.0,-2.4,-9.3,매도주의,장대음봉,전저점부근,0.29,-1.5,2026-09-23
MYN,1.7,8.94,378150,223747,3.38,3.21,1.1,-0.3,-1.7,매도주의,장대음봉,잔구간,0.29,-1.125,2026-09-23
NAD,1.7,10.39,3067997,1780032,31.88,17.89,1.8,-0.4,-0.8,중립,망치형,전저점이탈,0.73,0.53,2026-09-23
FDMT,1.7,15.0,1465465,875077,21.98,11.96,1.8,0.6,-6.1,매도주의,장대음봉,잔구간,0.25,-1.15,2026-09-23
BXMT,1.7,12.57,3784943,2166924,47.58,36.42,1.3,0.0,-4.3,강한매도,장대음봉,전저점이탈,0.06,-3.28,2026-09-23
GRAB,1.7,3.2,131466344,79360093,420.69,275.53,1.5,0.3,0.6,중립,팽이도지,전고점부근,0.73,-0.17,2026-09-23
OFIX,1.7,9.18,437700,260134,4.02,3.35,1.2,0.4,1.8,매수관심,양봉,완만한상승,0.77,1.92,2026-09-23
GLND,1.7,2.91,28207906,16737564,82.09,76.62,1.1,7.4,8.0,매수관심,양봉,완만한상승,0.7,1.84,2026-09-23
MQ,1.7,16.1,1101003,633268,17.73,10.99,1.6,0.9,0.2,매수관심,양봉스프링,잔구간,0.92,1.0,2026-09-23
CRMG,1.7,8.49,2086775,1246266,17.72,12.11,1.5,0.2,3.5,중립,양봉,잔구간,0.54,0.375,2026-09-23
NRDS,1.7,8.1,1118753,657383,9.06,7.27,1.2,-0.2,-4.8,강한매도,장대음봉,전저점이탈,0.13,-3.19,2026-09-23
SWVL,1.7,3.83,439485,259699,1.68,2.38,0.7,-0.5,-5.0,중립,음봉,전저점부근,0.38,-0.09,2026-09-23
ASTN,1.7,18.245,303073,181745,5.53,4.94,1.1,0.7,10.6,매수관심,장대양봉,잔구간,1.0,1.3,2026-09-23
SVV,1.7,9.01,1987277,1199214,17.91,12.12,1.5,-0.2,-2.5,중립,음봉,전저점부근,0.28,-0.21,2026-09-23
CV,1.7,6.05,443201,261193,2.68,2.44,1.1,-0.6,-3.4,매도주의,장대음봉,잔구간,0.07,-1.26,2026-09-23
JPMpK,1.7,17.22,376475,227974,6.48,5.61,1.2,-0.3,-0.4,중립,망치형,잔구간,0.59,0.555,2026-09-23
NKX,1.7,11.05,371368,212335,4.1,2.65,1.5,-0.3,-1.2,매도주의,음봉,전저점이탈,0.51,-1.44,2026-09-23
BLZE,1.7,14.06,2648225,1553224,37.23,25.96,1.4,-0.3,-1.4,중립,팽이도지,잔구간,0.44,-0.035,2026-09-23
PRLD,1.7,4.31,704937,408621,3.04,2.19,1.4,0.0,-11.1,강한매도,장대음봉,전저점이탈,0.21,-3.1,2026-09-23
ASPN,1.7,5.68,1098981,664825,6.24,3.75,1.7,-0.5,4.2,강한매수,장대양봉,전고점돌파,0.85,3.92,2026-09-23
NHS,1.7,5.47,485355,285361,2.65,1.74,1.5,-0.4,-1.4,강한매도,장대음봉,전저점이탈,0.0,-3.35,2026-09-23
NMCO,1.7,9.28,728888,426117,6.76,4.09,1.7,-0.3,-2.5,강한매도,장대음봉,전저점이탈,0.08,-3.25,2026-09-23
DSU,1.7,8.95,513466,299985,4.6,2.63,1.7,-0.3,-0.7,매도주의,음봉,전저점이탈,0.26,-1.74,2026-09-23
ELDN,1.7,2.72,1322971,772538,3.6,2.27,1.6,0.3,-6.2,매도주의,장대음봉,잔구간,0.14,-1.215,2026-09-23
ARIS,1.7,18.89,2203488,1313386,41.62,28.2,1.5,-3.4,-1.4,중립,음봉,잔구간,0.54,-0.325,2026-09-23
KTUP,1.7,4.86,534394,305515,2.6,1.87,1.4,1.0,-4.3,중립,음봉,잔구간,0.05,-0.62,2026-09-23
ADBG,1.7,3.765,3309058,1985536,12.46,16.26,0.8,1.4,0.4,중립,팽이도지,잔구간,0.67,0.1,2026-09-23
BW,1.6,6.64,6149605,3933814,40.83,31.44,1.3,-1.8,-7.9,강한매도,장대음봉,전저점이탈,0.04,-3.3,2026-09-23
ANGI,1.6,5.05,1127358,723503,5.69,4.16,1.4,-5.8,-3.3,중립,음봉,잔구간,0.08,-0.6,2026-09-23
SPIR,1.6,12.21,849983,546813,10.38,8.42,1.2,3.8,-3.7,매도주의,장대음봉,완만한상승,0.11,-1.57,2026-09-23
SRTA,1.6,5.38,895529,572584,4.82,3.85,1.3,-0.9,-0.9,중립,팽이도지,잔구간,0.35,-0.09,2026-09-23
JBS,1.6,11.51,7035170,4502556,80.97,57.46,1.4,-0.2,-3.1,강한매도,장대음봉,전저점이탈,0.17,-3.15,2026-09-23
SSL,1.6,14.29,3110448,1977609,44.45,31.45,1.4,1.3,2.3,매수관심,장대양봉,잔구간,0.88,1.23,2026-09-23
DHF,1.6,2.23,689918,427015,1.54,1.01,1.5,0.0,-1.8,매도주의,장대음봉,잔구간,0.33,-1.1,2026-09-23
VOR,1.6,19.37,2764311,1704156,53.54,33.34,1.6,0.0,-12.0,강한매도,장대음봉,전저점이탈,0.15,-3.17,2026-09-23
PFN,1.6,6.26,995237,619762,6.23,4.52,1.4,-0.3,-0.9,강한매도,장대음봉,전저점이탈,0.0,-3.35,2026-09-23
DX,1.6,11.73,9701408,6138677,113.8,87.3,1.3,-0.2,-2.8,강한매도,장대음봉,전저점이탈,0.07,-3.27,2026-09-23
YMM,1.6,8.34,5936031,3818353,49.51,34.11,1.5,-0.7,-0.6,중립,음봉,잔구간,0.54,-0.325,2026-09-23
WRN,1.6,2.39,1966111,1204846,4.7,3.08,1.5,-2.8,-2.4,중립,음봉,잔구간,0.22,-0.52,2026-09-23
XRPZ,1.6,16.23,1167580,748476,18.95,12.43,1.5,-0.9,-4.9,매도주의,장대음봉,잔구간,0.1,-1.24,2026-09-23
WVE,1.6,3.95,3975017,2522459,15.7,12.65,1.2,-1.8,-7.5,강한매도,장대음봉,전저점이탈,0.07,-3.27,2026-09-23
RCKT,1.6,3.02,2778234,1728480,8.39,5.89,1.4,-0.6,-9.3,강한매도,장대음봉,전저점이탈,0.18,-3.13,2026-09-23
CBIO,1.6,14.19,727683,452344,10.33,11.06,0.9,-0.4,-13.3,강한매도,장대음봉,전저점이탈,0.18,-3.13,2026-09-23
MAX,1.6,9.39,1264452,805108,11.87,9.32,1.3,-0.3,-5.7,강한매도,장대음봉,전저점이탈,0.14,-3.18,2026-09-23
TONX,1.6,4.04,584067,373293,2.36,1.19,2.0,-0.7,0.0,중립,팽이도지,잔구간,0.49,-0.005,2026-09-23
IMUX,1.6,9.37,662384,417369,6.21,3.98,1.6,0.1,-13.6,강한매도,장대음봉,전저점이탈,0.01,-3.34,2026-09-23
NEWT,1.6,11.33,350129,224538,3.97,2.63,1.5,0.0,-3.0,강한매도,장대음봉,전저점이탈,0.09,-3.24,2026-09-23
MSTZ,1.6,2.43,64212027,41398626,156.04,143.98,1.1,0.2,5.2,강한매수,양봉,완만한상승,0.86,2.03,2026-09-23
PGX,1.6,10.3,10203269,6549351,105.09,82.48,1.3,0.0,-0.5,매도주의,음봉,전저점이탈,0.54,-1.4,2026-09-23
RGTZ,1.6,15.15,615010,379221,9.32,7.13,1.3,-13.3,22.0,강한매수,장대양봉,완만한상승,0.97,3.46,2026-09-23
MFIC,1.6,8.9,657797,422195,5.85,4.32,1.4,0.2,-2.0,강한매도,장대음봉,전저점이탈,0.05,-3.29,2026-09-23
TSLZ,1.6,10.73,4062263,2590068,43.59,28.92,1.5,-0.6,0.0,매수관심,팽이도지,전저점부근,0.73,1.03,2026-09-23
TpC,1.6,16.67,343933,218247,5.73,4.9,1.2,-0.2,-0.5,중립,음봉,잔구간,0.56,-0.315,2026-09-23
GDXY,1.6,10.76,1084043,682201,11.66,8.17,1.4,-1.9,-1.3,매도주의,장대음봉,잔구간,0.39,-1.065,2026-09-23
OCGN,1.6,1.0,12171356,7403497,12.17,12.98,0.9,1.9,-5.7,매도주의,장대음봉,잔구간,0.23,-1.16,2026-09-23
ALXO,1.6,1.47,1277330,790092,1.88,2.2,0.9,-0.6,-7.5,강한매도,장대음봉,전저점이탈,0.24,-3.06,2026-09-23
FSCO,1.6,5.27,1299376,819161,6.85,5.03,1.4,-2.0,-2.6,매도주의,장대음봉,잔구간,0.03,-1.28,2026-09-23
MSOS,1.6,5.43,5736859,3545491,31.15,23.18,1.3,-0.4,2.3,강한매수,장대양봉,전고점돌파,0.95,4.04,2026-09-23
QPUX,1.6,13.34,508662,312361,6.79,3.5,1.9,15.1,-14.9,매도주의,장대음봉,잔구간,0.05,-1.27,2026-09-23
KZIA,1.6,9.6,531020,337475,5.1,3.34,1.5,0.3,-12.3,강한매도,장대음봉,전저점이탈,0.22,-3.09,2026-09-23
DSL,1.6,9.97,1117146,713195,11.14,6.41,1.7,0.0,-1.3,강한매도,장대음봉,전저점이탈,0.0,-3.35,2026-09-23
KRMD,1.6,3.27,465623,290796,1.52,0.92,1.7,0.0,-1.2,중립,팽이도지,잔구간,0.37,-0.08,2026-09-23
SVOL,1.6,16.95,476109,288933,8.07,5.23,1.5,0.2,-0.2,강한매수,망치형,완만한상승,0.64,2.07,2026-09-23
NPKI,1.6,11.71,1256216,763078,14.71,9.82,1.5,-0.3,0.0,중립,팽이도지,전저점부근,0.51,0.76,2026-09-23
AMTX,1.6,1.9,1173553,752288,2.23,2.1,1.1,-1.2,-9.1,매도주의,장대음봉,잔구간,0.05,-1.27,2026-09-23
UGP,1.6,7.66,5070176,3109214,38.84,25.34,1.5,0.7,-1.0,중립,음봉,잔구간,0.56,-0.315,2026-09-23
PTY,1.6,10.86,3110887,1923434,33.78,23.26,1.5,-0.8,-1.0,매도주의,음봉,전저점이탈,0.42,-1.55,2026-09-23
BUYW,1.5,14.55,666652,447152,9.7,7.27,1.3,-0.1,-0.2,중립,음봉,잔구간,0.4,-0.41,2026-09-23
TRIP,1.5,8.04,6287291,4275489,50.55,45.83,1.1,-1.2,-4.9,강한매도,장대음봉,전저점이탈,0.04,-3.3,2026-09-23
PD,1.5,14.83,1763906,1179710,26.16,21.83,1.2,-1.2,3.7,매수관심,장대양봉,잔구간,0.82,1.19,2026-09-23
IRD,1.5,4.83,3055680,1987017,14.76,47.17,0.3,-0.4,-6.0,강한매도,장대음봉,전저점이탈,0.36,-2.92,2026-09-23
ANTX,1.5,4.83,306158,198087,1.48,1.25,1.2,0.6,-0.6,중립,팽이도지,잔구간,0.57,0.04,2026-09-23
NMZ,1.5,9.08,1661353,1081539,15.09,11.51,1.3,-0.8,-1.9,강한매도,장대음봉,전저점이탈,0.09,-3.24,2026-09-23
HIO,1.5,3.29,818950,548748,2.69,1.84,1.5,-1.5,-1.8,강한매도,장대음봉,전저점이탈,0.07,-3.27,2026-09-23
SECZ,1.5,14.36,9187602,6052411,131.93,54.0,2.4,-1.5,12.2,강한매수,장대양봉,전고점돌파,0.76,3.81,2026-09-23
MLN,1.5,16.54,792564,531761,13.11,11.22,1.2,0.2,-1.3,강한매도,장대음봉,전저점이탈,0.25,-3.05,2026-09-23
MMU,1.5,9.14,313338,208085,2.86,2.06,1.4,-0.6,-2.0,강한매도,장대음봉,전저점이탈,0.1,-3.23,2026-09-23
SGRY,1.5,14.56,3723622,2537608,54.22,41.27,1.3,-0.5,-7.4,매도주의,장대음봉,잔구간,0.09,-1.245,2026-09-23
NEA,1.5,10.09,3503719,2323172,35.35,22.6,1.6,-0.4,-0.9,매도주의,음봉,전저점이탈,0.5,-1.45,2026-09-23
AEBI,1.5,11.6,301985,197278,3.5,2.9,1.2,-0.4,-3.0,강한매도,장대음봉,전저점이탈,0.05,-3.29,2026-09-23
YELP,1.5,17.73,1818007,1214077,32.23,29.46,1.1,-1.1,-5.5,강한매도,장대음봉,전저점이탈,0.06,-3.28,2026-09-23
OPRT,1.5,8.48,1148937,776532,9.74,5.17,1.9,-0.7,3.0,강한매수,양봉,전고점돌파,0.96,2.75,2026-09-23
IEP,1.5,7.095,908019,601899,6.44,5.25,1.2,-0.3,-0.1,중립,망치형,잔구간,0.74,0.645,2026-09-23
HSLV,1.5,5.45,930045,634968,5.07,3.72,1.4,-2.7,-3.9,중립,음봉,잔구간,0.23,-0.51,2026-09-23
RLAY,1.5,18.03,4708162,3062814,84.89,76.07,1.1,-1.0,-5.8,중립,음봉,전저점부근,0.4,-0.07,2026-09-23
IE,1.5,10.4,3145715,2054190,32.72,25.67,1.3,-2.8,-0.4,중립,팽이도지,잔구간,0.57,0.04,2026-09-23
FPI,1.5,10.79,697727,453649,7.53,5.4,1.4,-0.5,-0.6,중립,음봉,잔구간,0.59,-0.295,2026-09-23
MGNX,1.5,3.8,524592,346519,1.99,1.81,1.1,0.0,-7.8,강한매도,장대음봉,전저점이탈,0.06,-3.28,2026-09-23
FRSH,1.5,12.87,6237069,4240770,80.27,52.83,1.5,0.3,3.3,강한매수,장대양봉,전고점돌파,0.94,4.03,2026-09-23
REKR,1.5,0.429,2503876,1627616,1.07,0.8,1.3,0.1,-7.0,매도주의,장대음봉,잔구간,0.15,-1.21,2026-09-23
CABA,1.5,2.22,8677229,5729265,19.26,17.88,1.1,1.2,-12.3,강한매도,장대음봉,전저점이탈,0.08,-3.25,2026-09-23
VFF,1.5,3.035,743205,484230,2.26,1.77,1.3,2.0,-0.2,중립,팽이도지,완만한상승,0.31,0.67,2026-09-23
SMCX,1.5,14.08,6468563,4279006,91.08,57.78,1.6,3.9,-4.2,중립,음봉,잔구간,0.34,-0.445,2026-09-23
MBLY,1.5,7.61,8920372,5889048,67.88,45.13,1.5,-0.7,-0.3,중립,팽이도지,전저점이탈,0.5,-0.75,2026-09-23
TNYA,1.5,0.661,2920377,1937892,1.93,1.59,1.2,0.4,-3.5,매도주의,장대음봉,잔구간,0.05,-1.27,2026-09-23
CHWY,1.5,18.55,16781277,10917456,311.29,246.52,1.3,0.2,-5.8,강한매도,장대음봉,전저점이탈,0.04,-3.3,2026-09-23
SST,1.5,3.14,332279,219773,1.04,1.61,0.6,-0.3,-9.2,중립,음봉,잔구간,0.1,-0.59,2026-09-23
EVMN,1.5,8.77,872394,571341,7.65,9.82,0.8,-1.2,-7.5,강한매도,장대음봉,전저점이탈,0.09,-3.24,2026-09-23
ELPC,1.5,12.25,633103,427135,7.76,5.85,1.3,-0.9,-2.8,매도주의,장대음봉,잔구간,0.08,-1.25,2026-09-23
SPDN,1.5,8.42,39414643,25540942,331.87,261.3,1.3,0.1,0.8,강한매수,장대양봉,완만한상승,0.88,3.36,2026-09-23
CRML,1.5,7.72,13875720,9307750,107.12,105.37,1.0,-1.8,-8.0,매도주의,장대음봉,잔구간,0.13,-1.22,2026-09-23
QID,1.5,13.12,52051752,35801784,682.92,480.54,1.4,-1.1,1.6,매수관심,장대양봉,잔구간,0.68,1.11,2026-09-23
AUR,1.5,6.32,54305045,35629451,343.21,210.65,1.6,0.0,-2.2,중립,망치형,잔구간,0.78,0.67,2026-09-23
BOBS,1.5,13.57,1489648,976903,20.21,16.37,1.2,-1.5,-9.9,강한매도,장대음봉,전저점이탈,0.04,-3.3,2026-09-23
BMNZ,1.5,4.01,7328627,4955367,29.39,23.02,1.3,3.8,5.2,매수관심,장대양봉,잔구간,0.9,1.24,2026-09-23
KREF,1.5,6.06,1096428,732074,6.64,5.55,1.2,-0.3,-8.2,강한매도,장대음봉,전저점이탈,0.0,-3.35,2026-09-23
PONY,1.5,7.26,4915809,3375271,35.69,25.94,1.4,-1.4,1.0,중립,위꼬리양봉,잔구간,0.43,-0.54,2026-09-23
SRPT,1.5,18.95,3757657,2522223,71.21,58.31,1.2,-0.4,-8.5,강한매도,장대음봉,전저점이탈,0.11,-3.22,2026-09-23
SRAD,1.5,13.17,3366755,2242975,44.34,34.99,1.3,1.0,-4.1,매도주의,장대음봉,잔구간,0.23,-1.16,2026-09-23
KLRA,1.5,13.13,1631764,1092712,21.43,15.08,1.4,-0.2,2.9,중립,양봉,잔구간,0.87,0.57,2026-09-23
EAD,1.5,6.06,428749,285476,2.6,1.54,1.7,-0.3,-1.1,강한매도,장대음봉,전저점이탈,0.0,-3.35,2026-09-23
CX,1.5,9.76,10645482,7112098,103.9,77.16,1.3,-1.2,-3.6,강한매도,장대음봉,전저점이탈,0.0,-3.35,2026-09-23
DBRG,1.5,15.99,8216739,5464991,131.39,118.96,1.1,0.1,0.0,중립,팽이도지,전고점부근,0.6,-0.33,2026-09-23
RA,1.5,11.85,356919,238745,4.23,3.36,1.3,-0.1,-0.7,매도주의,장대음봉,잔구간,0.33,-1.1,2026-09-23
KURA,1.5,11.04,2771786,1810258,30.6,22.26,1.4,0.0,-5.9,매도주의,장대음봉,전저점부근,0.22,-1.59,2026-09-23
DEI,1.5,9.89,3090806,2077311,30.57,22.43,1.4,-0.5,-4.2,강한매도,장대음봉,전저점이탈,0.04,-3.3,2026-09-23
DCH,1.5,5.68,4492731,2901009,25.52,18.35,1.4,-4.9,1.1,중립,양봉,전저점이탈,0.72,0.21,2026-09-23
DERM,1.5,6.5,342384,226031,2.23,1.38,1.6,-0.3,-10.1,강한매도,장대음봉,전저점이탈,0.07,-3.27,2026-09-23
KVYO,1.5,16.78,9606226,6573365,161.19,114.74,1.4,2.0,3.7,중립,양봉,잔구간,0.83,0.55,2026-09-23
OVID,1.5,2.57,2635321,1707076,6.77,5.48,1.2,-0.4,-6.5,매도주의,음봉,전저점이탈,0.42,-1.55,2026-09-23
PHK,1.5,4.11,2280914,1481627,9.37,6.99,1.3,0.2,-1.2,매도주의,음봉,전저점이탈,0.5,-1.45,2026-09-23
AESI,1.4,11.52,3630830,2662895,41.83,39.1,1.1,-0.9,-3.1,강한매도,장대음봉,전저점이탈,0.14,-3.18,2026-09-23
SDEV,1.4,1.12,1194115,871783,1.34,0.89,1.5,-5.5,-6.7,중립,음봉,잔구간,0.11,-0.585,2026-09-23
SBSW,1.4,10.55,7657511,5609125,80.79,60.45,1.3,-4.9,-2.8,강한매도,장대음봉,전저점이탈,0.2,-3.11,2026-09-23
NZF,1.4,11.24,1491689,1065428,16.77,12.82,1.3,-0.7,-0.7,중립,음봉,잔구간,0.29,-0.475,2026-09-23
PLTD,1.4,4.66,37755523,26673621,175.94,130.25,1.4,-0.4,-3.1,매도주의,음봉,전저점이탈,0.18,-1.83,2026-09-23
TETH,1.4,13.385,2214431,1615412,29.64,22.55,1.3,-1.4,-1.4,중립,음봉,잔구간,0.45,-0.38,2026-09-23
SSG,1.4,10.59,488395,357125,5.17,4.78,1.1,-0.3,1.8,중립,양봉,잔구간,0.58,0.4,2026-09-23
LBTYA,1.4,9.48,3303503,2313037,31.32,26.25,1.2,0.2,-5.1,강한매도,장대음봉,전저점이탈,0.02,-3.33,2026-09-23
VWAV,1.4,5.72,340348,251377,1.95,1.75,1.1,-1.9,-6.1,중립,망치형,잔구간,0.72,0.63,2026-09-23
DEFT,1.4,0.534,2703127,1891473,1.44,1.45,1.0,-0.6,-7.1,매도주의,장대음봉,잔구간,0.21,-1.175,2026-09-23
DRTS,1.4,14.52,727069,518504,10.56,7.49,1.4,-0.3,-3.8,매도주의,장대음봉,잔구간,0.22,-1.17,2026-09-23
SVCO,1.4,8.26,566170,418617,4.68,3.08,1.5,-0.5,3.2,강한매수,양봉,전고점돌파,0.84,2.61,2026-09-23
KRP,1.4,14.41,1299866,943600,18.73,14.82,1.3,0.8,0.0,중립,팽이도지,잔구간,0.3,-0.12,2026-09-23
STTK,1.4,6.36,1386490,966159,8.82,9.81,0.9,-0.5,-1.7,중립,음봉,잔구간,0.28,-0.48,2026-09-23
DAMD,1.4,8.87,4490749,3200347,39.83,37.54,1.1,0.5,2.3,중립,양봉,잔구간,0.58,0.4,2026-09-23
CANE,1.4,11.37,551047,386454,6.27,5.71,1.1,1.1,0.4,강한매수,양봉,완만한상승,0.87,2.04,2026-09-23
MNTN,1.4,10.56,679897,486217,7.18,9.13,0.8,-1.5,-4.3,강한매도,장대음봉,전저점이탈,0.05,-3.29,2026-09-23
MGTX,1.4,11.75,1419262,989326,16.68,11.28,1.5,-0.7,-4.2,매도주의,음봉,전저점이탈,0.28,-1.71,2026-09-23
MICC,1.4,19.06,868782,627355,16.56,15.67,1.1,0.8,-2.1,매도주의,장대음봉,잔구간,0.11,-1.235,2026-09-23
MHD,1.4,10.62,983935,702612,10.45,7.58,1.4,-0.5,-2.1,강한매도,장대음봉,전저점이탈,0.08,-3.25,2026-09-23
DRH,1.4,12.24,4342797,3069341,53.16,40.29,1.3,-0.8,0.2,중립,팽이도지,수횡파,0.64,0.77,2026-09-23
QNST,1.4,14.28,1602579,1140724,22.88,20.17,1.1,-0.4,-6.2,강한매도,장대음봉,전저점이탈,0.03,-3.31,2026-09-23
LABD,1.4,7.35,24814298,18152489,182.39,130.22,1.4,0.8,11.1,매수관심,장대양봉,잔구간,0.89,1.235,2026-09-23
KYTX,1.4,7.07,1032182,761278,7.3,5.66,1.3,-0.1,-5.7,매도주의,장대음봉,잔구간,0.15,-1.21,2026-09-23
VYGR,1.4,2.87,690915,495054,1.98,1.36,1.5,0.0,-8.6,강한매도,장대음봉,전저점이탈,0.0,-3.35,2026-09-23
VZLA,1.4,4.04,6292004,4434138,25.42,17.52,1.5,-4.0,-2.2,중립,음봉,잔구간,0.37,-0.43,2026-09-23
VUZI,1.4,2.85,1218236,853408,3.47,2.02,1.7,1.0,-4.7,중립,음봉,잔구간,0.0,-0.65,2026-09-23
QNC,1.4,2.03,1601468,1177638,3.25,2.73,1.2,1.1,14.0,매수관심,장대양봉,잔구간,0.96,1.275,2026-09-23
GENI,1.4,6.12,10164197,7199423,62.2,46.1,1.3,-0.7,1.3,강한매수,양봉스프링,완만한상승,0.93,2.92,2026-09-23
PDO,1.4,11.68,1819323,1305686,21.25,16.56,1.3,-0.3,-1.4,강한매도,장대음봉,전저점이탈,0.24,-3.06,2026-09-23
RLMD,1.4,3.78,1130083,798643,4.27,6.47,0.7,0.5,-11.3,강한매도,장대음봉,전저점이탈,0.02,-3.33,2026-09-23
IHRT,1.4,2.35,849535,593505,2.0,1.88,1.1,-0.8,-1.7,중립,망치형,잔구간,0.74,0.645,2026-09-23
YALA,1.4,5.46,408930,298754,2.23,1.67,1.3,-0.4,-1.4,매도주의,장대음봉,잔구간,0.27,-1.14,2026-09-23
ZTO,1.4,19.61,3218952,2316969,63.12,68.67,0.9,-0.4,-0.8,매도주의,장대음봉,잔구간,0.3,-1.12,2026-09-23
AWF,1.4,9.79,385279,271684,3.77,2.99,1.3,0.2,-1.2,강한매도,장대음봉,전저점이탈,0.0,-3.35,2026-09-23
BFLY,1.4,9.2,7793016,5742922,71.7,51.6,1.4,-0.3,-7.1,매도주의,장대음봉,잔구간,0.06,-1.265,2026-09-23
HL,1.4,18.27,68897790,47866476,1258.76,743.83,1.7,-3.3,-0.7,중립,망치형,잔구간,0.66,0.595,2026-09-23
SFD,1.4,18.93,2635577,1933489,49.89,52.94,0.9,0.1,-3.3,강한매도,장대음봉,전저점이탈,0.04,-3.3,2026-09-23
AMAU,1.4,13.3,510755,363730,6.79,3.28,2.1,-0.8,1.4,매수관심,양봉스프링,전고점부근,0.97,1.61,2026-09-23
WSC,1.4,17.9,3935991,2849329,70.45,47.29,1.5,-1.0,-1.4,매도주의,장대음봉,수횡파,0.2,-1.76,2026-09-23
FSSL,1.4,11.69,335514,232100,3.92,2.72,1.4,-0.8,-0.8,중립,음봉,잔구간,0.59,-0.295,2026-09-23
TSSI,1.4,9.28,885191,635569,8.21,7.59,1.1,-0.5,0.3,중립,팽이도지,잔구간,0.34,-0.095,2026-09-23
PTON,1.4,4.8,11292632,7931709,54.2,50.58,1.1,0.0,-4.4,매도주의,장대음봉,잔구간,0.04,-1.275,2026-09-23
CLYM,1.4,12.52,2141737,1477220,26.81,24.76,1.1,0.6,-12.4,강한매도,장대음봉,전저점이탈,0.2,-3.11,2026-09-23
CDZI,1.4,3.82,840336,608910,3.21,3.25,1.0,0.0,3.5,강한매수,양봉,전고점돌파,0.58,2.3,2026-09-23
WNC,1.4,11.76,822300,608448,9.67,7.78,1.2,-0.9,-2.1,중립,음봉,잔구간,0.08,-0.6,2026-09-23
PCG,1.4,12.41,49334617,34757051,612.24,522.13,1.2,-2.2,-1.5,매도주의,음봉,전저점이탈,0.08,-1.95,2026-09-23
PCN,1.4,10.75,750264,541456,8.07,6.81,1.2,-0.7,-0.9,매도주의,음봉,전저점이탈,0.37,-1.61,2026-09-23
REAL,1.4,9.155,3450358,2446043,31.59,21.66,1.5,-0.3,-7.3,강한매도,장대음봉,전저점이탈,0.11,-3.22,2026-09-23
REAX,1.4,15.13,1192086,845165,18.04,15.95,1.1,-0.8,-10.9,강한매도,장대음봉,전저점이탈,0.09,-3.24,2026-09-23
VALE,1.4,13.82,30982509,21774531,428.18,432.29,1.0,-0.7,-1.9,강한매도,장대음봉,전저점이탈,0.08,-3.25,2026-09-23
PFFD,1.4,17.91,1111198,770288,19.9,15.53,1.3,-0.2,-0.4,매도주의,장대음봉,잔구간,0.36,-1.085,2026-09-23
UNIT,1.4,9.16,2422947,1685777,22.19,20.63,1.1,-0.7,-3.6,강한매도,장대음봉,전저점이탈,0.18,-3.13,2026-09-23
BYRN,1.4,3.62,333862,238632,1.21,1.0,1.2,-0.6,4.9,매수관심,장대양봉,잔구간,0.96,1.275,2026-09-23
LFMD,1.3,3.05,816599,648358,2.49,3.18,0.8,-0.6,-7.0,매도주의,장대음봉,전저점부근,0.08,-1.75,2026-09-23
QBTZ,1.3,16.65,359254,283812,5.98,5.22,1.1,-14.5,26.8,강한매수,장대양봉,완만한상승,0.99,3.49,2026-09-23
TGB,1.3,9.06,7098812,5301197,64.32,42.17,1.5,-2.8,-0.4,중립,망치형,잔구간,0.84,0.705,2026-09-23
ARDX,1.3,3.48,6279819,4664060,21.85,16.36,1.3,-0.6,-3.3,매도주의,장대음봉,잔구간,0.3,-1.12,2026-09-23
WFCpZ,1.3,17.14,455038,356953,7.8,7.17,1.1,-0.1,-0.9,중립,음봉,잔구간,0.47,-0.37,2026-09-23
ARLO,1.3,13.66,1299198,1028072,17.75,16.51,1.1,-0.1,1.9,중립,양봉,잔구간,0.84,0.555,2026-09-23
MITK,1.3,17.69,786511,604542,13.91,11.4,1.2,1.1,0.1,중립,위꼬리양봉,완만한상승,0.24,-0.41,2026-09-23
BBD,1.3,3.46,33054561,25736649,114.37,92.96,1.2,0.3,-3.4,매도주의,장대음봉,잔구간,0.09,-1.245,2026-09-23
LBRT,1.3,18.27,4450791,3469935,81.32,70.01,1.2,0.5,0.8,중립,팽이도지,잔구간,0.42,-0.05,2026-09-23
LFST,1.3,12.08,7615329,5841663,91.99,95.86,1.0,-0.4,-3.4,매도주의,음봉,전저점이탈,0.43,-1.53,2026-09-23
VRME,1.3,1.15,10730897,8373868,12.34,16.4,0.8,-1.9,12.7,매수관심,양봉,완만한상승,0.82,1.98,2026-09-23
PDI,1.3,13.86,6896678,5150404,95.59,72.37,1.3,-0.6,-0.7,매도주의,음봉,전저점이탈,0.38,-1.59,2026-09-23
VLRS,1.3,6.73,505516,403362,3.4,2.4,1.4,-1.9,-1.0,중립,음봉,잔구간,0.6,-0.29,2026-09-23
SRXH,1.3,1.7,880456,695314,1.5,1.23,1.2,-0.6,-4.0,중립,음봉,잔구간,0.14,-0.565,2026-09-23
SUPV,1.3,7.61,516679,399952,3.93,3.61,1.1,-1.4,-2.6,강한매도,음봉,전저점이탈,0.02,-2.03,2026-09-23
SBRA,1.3,19.69,3033095,2361222,59.72,54.07,1.1,-0.2,-0.5,중립,음봉,전저점부근,0.14,-0.38,2026-09-23
OXLC,1.3,8.8,1086283,867434,9.56,7.85,1.2,-0.1,-2.0,강한매도,장대음봉,전저점이탈,0.07,-3.27,2026-09-23
OKLL,1.3,10.58,2997158,2232249,31.71,28.68,1.1,-0.5,-7.7,매도주의,장대음봉,잔구간,0.03,-1.28,2026-09-23
OGG,1.3,2.69,1569322,1242181,4.22,3.33,1.3,-2.2,0.4,매수관심,양봉스프링,잔구간,0.84,0.955,2026-09-23
ACH,1.3,0.75,1777355,1397730,1.33,1.31,1.0,1.2,-12.8,강한매도,장대음봉,전저점이탈,0.0,-3.35,2026-09-23
AGPU,1.3,11.495,624442,463078,7.18,4.47,1.6,1.1,-9.0,매도주의,장대음봉,잔구간,0.08,-1.25,2026-09-23
LADR,1.3,9.07,1746470,1316443,15.84,12.72,1.2,0.0,-3.6,강한매도,장대음봉,전저점이탈,0.01,-3.34,2026-09-23
LXRX,1.3,2.06,3172480,2507496,6.54,6.65,1.0,-0.5,-5.1,매도주의,장대음봉,잔구간,0.27,-1.14,2026-09-23
VNDA,1.3,5.04,904770,702851,4.56,4.22,1.1,2.1,-5.3,매도주의,장대음봉,잔구간,0.13,-1.22,2026-09-23
NKLR,1.3,3.65,802280,603182,2.93,3.4,0.9,-0.5,-9.2,강한매도,장대음봉,전저점이탈,0.05,-3.29,2026-09-23
CAPR,1.3,8.67,3147288,2459286,27.29,24.15,1.1,-0.9,-6.4,매도주의,장대음봉,잔구간,0.18,-1.19,2026-09-23
KT,1.3,19.45,1330678,1020604,25.88,25.97,1.0,-1.0,0.8,중립,양봉,잔구간,0.73,0.49,2026-09-23
CURI,1.3,2.88,820658,622990,2.36,1.63,1.5,0.0,0.7,매수관심,팽이도지,완만한상승,0.67,1.1,2026-09-23
MQY,1.3,10.21,1310371,976549,13.38,10.51,1.3,-0.4,-1.7,강한매도,장대음봉,전저점이탈,0.04,-3.3,2026-09-23
MH,1.3,13.75,662225,515652,9.11,6.88,1.3,-0.1,1.7,중립,양봉,전고점부근,0.94,0.78,2026-09-23
PAR,1.3,14.68,1415324,1096971,20.78,16.49,1.3,-0.9,-2.3,중립,망치형,전저점이탈,0.67,0.45,2026-09-23
BSCT,1.3,18.215,769218,592513,14.01,13.64,1.0,-0.0,-0.4,강한매도,장대음봉,전저점이탈,0.28,-3.01,2026-09-23
CRSR,1.3,13.52,1322289,991994,17.88,14.22,1.3,-0.1,-0.4,중립,팽이도지,잔구간,0.28,-0.13,2026-09-23
MNTK,1.3,2.275,531277,405630,1.21,1.1,1.1,0.0,-12.5,매도주의,장대음봉,잔구간,0.02,-1.29,2026-09-23
ZH,1.3,3.5,913972,689430,3.2,2.25,1.4,-0.9,0.3,매수관심,양봉스프링,잔구간,0.87,0.97,2026-09-23
XGN,1.3,8.55,383798,297330,3.28,2.14,1.5,0.3,-2.5,중립,음봉,잔구간,0.58,-0.3,2026-09-23
TTGT,1.3,3.77,349825,274197,1.32,1.04,1.3,-2.9,0.8,중립,양봉,잔구간,0.61,0.415,2026-09-23
ALT,1.3,3.19,4531546,3490221,14.46,13.0,1.1,0.3,-6.7,매도주의,장대음봉,잔구간,0.15,-1.21,2026-09-23
TSHA,1.3,4.91,5507260,4214570,27.04,19.98,1.4,-1.0,-3.9,매도주의,장대음봉,전저점부근,0.12,-1.71,2026-09-23
INFQ,1.3,13.83,10600739,8445532,146.61,116.01,1.3,6.3,-7.4,매도주의,장대음봉,잔구간,0.1,-1.24,2026-09-23
PSO,1.3,15.89,837456,662137,13.31,11.55,1.2,-0.8,0.6,중립,양봉,잔구간,0.72,0.48,2026-09-23
CLF,1.3,12.87,20088530,15323236,258.54,169.0,1.5,-1.2,4.0,강한매수,장대양봉,완만한상승,0.87,3.34,2026-09-23
IMXI,1.3,11.43,699535,543389,8.0,7.01,1.1,-0.5,-4.6,강한매도,장대음봉,전저점이탈,0.06,-3.28,2026-09-23
RNXT,1.3,1.63,765010,601480,1.25,1.63,0.8,0.0,-4.1,중립,음봉,수횡파,0.15,-0.52,2026-09-23
ZNTL,1.3,2.87,1453568,1158272,4.17,3.19,1.3,-0.3,-6.5,강한매도,장대음봉,전저점이탈,0.29,-3.0,2026-09-23
XXI,1.3,6.8,2798672,2080477,19.03,22.4,0.8,0.7,-1.9,중립,음봉,잔구간,0.41,-0.405,2026-09-23
NEO,1.3,18.36,2911516,2216128,53.46,40.05,1.3,-1.1,-1.8,중립,음봉,잔구간,0.11,-0.585,2026-09-23
GGN,1.3,5.46,631428,482645,3.45,2.33,1.5,-0.4,-1.1,매도주의,장대음봉,잔구간,0.0,-1.3,2026-09-23
AIXI,1.3,1.9,591912,440460,1.12,1.4,0.8,-8.3,1.6,중립,팽이도지,잔구간,0.75,0.15,2026-09-23
RLX,1.3,1.72,2318292,1790100,3.99,11.64,0.3,0.0,-1.7,매도주의,장대음봉,잔구간,0.25,-1.15,2026-09-23
TTD,1.3,12.68,28108167,21577367,356.41,439.8,0.8,-0.2,-3.6,강한매도,장대음봉,전저점이탈,0.17,-3.15,2026-09-23
SMUP,1.3,3.9,627294,486313,2.45,2.01,1.2,-1.0,-3.7,중립,음봉,잔구간,0.52,-0.34,2026-09-23
SNDQ,1.3,9.88,35047474,27218808,346.27,373.57,0.9,-1.2,8.6,강한매수,장대양봉,완만한상승,0.89,3.37,2026-09-23
PAYP,1.3,16.42,577908,454615,9.49,14.17,0.7,0.1,-3.2,매도주의,음봉,전저점이탈,0.31,-1.68,2026-09-23
CMTG,1.3,1.32,1062411,813595,1.4,1.63,0.9,0.0,-4.3,강한매도,장대음봉,전저점이탈,0.0,-3.35,2026-09-23
MTUS,1.3,18.72,355461,270791,6.65,6.44,1.0,-0.7,-1.1,중립,음봉,잔구간,0.05,-0.62,2026-09-23
PML,1.3,6.7,825044,629900,5.53,4.57,1.2,0.1,-1.3,강한매도,장대음봉,전저점이탈,0.1,-3.23,2026-09-23
MUC,1.3,10.04,777205,588241,7.8,5.87,1.3,-0.1,-0.6,중립,음봉,잔구간,0.46,-0.375,2026-09-23
SONO,1.3,17.1,2264165,1726383,38.72,34.67,1.1,0.8,0.7,매수관심,팽이도지,전고점돌파,0.56,1.57,2026-09-23
SLDP,1.3,2.35,3812508,2824412,8.96,6.94,1.3,0.8,-6.4,강한매도,장대음봉,전저점이탈,0.03,-3.31,2026-09-23
PFXF,1.3,17.72,659112,526433,11.68,11.5,1.0,-0.3,-0.5,중립,음봉,잔구간,0.18,-0.54,2026-09-23
NCLH,1.3,14.18,23144962,17543623,328.2,270.79,1.2,-0.6,0.3,매수관심,양봉스프링,잔구간,0.85,0.96,2026-09-23
CGC,1.3,0.935,2155329,1694227,2.02,2.19,0.9,-0.1,-3.2,매도주의,장대음봉,잔구간,0.0,-1.3,2026-09-23
SGMT,1.3,10.42,1115924,863463,11.63,10.17,1.1,1.3,-7.2,매도주의,장대음봉,잔구간,0.24,-1.155,2026-09-23
OLMA,1.2,8.83,1642260,1369108,14.5,14.46,1.0,0.0,-8.4,강한매도,장대음봉,전저점이탈,0.14,-3.18,2026-09-23
OWL,1.2,9.6,17902141,15348163,171.86,170.14,1.0,-1.3,-1.5,강한매도,장대음봉,전저점이탈,0.12,-3.21,2026-09-23
TE,1.2,4.04,21013897,17587357,84.9,75.0,1.1,-0.7,-6.7,매도주의,장대음봉,잔구간,0.03,-1.28,2026-09-23
TNDM,1.2,16.38,2806771,2331978,45.97,39.41,1.2,-0.3,-6.1,중립,음봉,잔구간,0.29,-0.475,2026-09-23
TME,1.2,8.22,9636040,7725034,79.21,58.43,1.4,-1.7,1.0,중립,양봉,잔구간,0.72,0.48,2026-09-23
TMCI,1.2,4.51,318066,256710,1.43,1.04,1.4,-0.7,-1.1,중립,팽이도지,수횡파,0.39,0.47,2026-09-23
PPLT,1.2,15.89,2150804,1812602,34.18,36.64,0.9,-3.7,-0.7,중립,음봉,잔구간,0.48,-0.36,2026-09-23
AURA,1.2,6.02,1037128,867739,6.24,7.1,0.9,-0.5,-6.2,강한매도,장대음봉,전저점이탈,0.08,-3.25,2026-09-23
NGEN,1.2,1.96,536653,463300,1.05,1.01,1.0,-0.7,-4.4,매도주의,장대음봉,전저점부근,0.04,-1.8,2026-09-23
KOS,1.2,2.65,16468482,14107225,43.64,37.52,1.2,1.8,1.3,중립,팽이도지,잔구간,0.71,0.125,2026-09-23
NTLA,1.2,12.33,5042163,4290849,62.17,53.87,1.2,0.2,-3.1,중립,음봉,잔구간,0.42,-0.4,2026-09-23
AQN,1.2,5.06,4886977,4050601,24.73,28.61,0.9,-0.2,-2.7,강한매도,장대음봉,전저점이탈,0.07,-3.27,2026-09-23
STUB,1.2,5.31,8611434,7077505,45.73,41.78,1.1,-0.5,-7.0,강한매도,장대음봉,전저점이탈,0.06,-3.28,2026-09-23
KDK,1.2,2.97,1994741,1714146,5.92,6.89,0.9,-0.3,-6.9,강한매도,장대음봉,전저점이탈,0.14,-3.18,2026-09-23
DC,1.2,6.64,2253095,1805144,14.96,11.34,1.3,-2.0,-1.8,중립,음봉,잔구간,0.65,-0.26,2026-09-23
SY,1.2,2.84,433317,366172,1.23,1.2,1.0,0.0,1.4,매수관심,양봉,완만한상승,0.8,1.96,2026-09-23
STEX,1.2,0.834,1222158,987985,1.02,0.86,1.2,2.2,0.5,강한매수,양봉스프링,완만한상승,0.83,2.8,2026-09-23
STLA,1.2,4.62,28064628,23016164,129.66,116.99,1.1,-1.0,-3.3,강한매도,장대음봉,전저점이탈,0.05,-3.29,2026-09-23
MIST,1.2,0.862,1529134,1274668,1.32,1.51,0.9,0.4,-6.8,강한매도,장대음봉,전저점이탈,0.15,-3.17,2026-09-23
DRN,1.2,8.91,2136615,1831756,19.04,17.32,1.1,-2.5,-2.1,매도주의,음봉,전저점이탈,0.1,-1.93,2026-09-23
KBWD,1.2,11.46,426970,356343,4.89,6.01,0.8,-0.3,-1.9,강한매도,장대음봉,전저점이탈,0.0,-3.35,2026-09-23
ACVA,1.2,10.43,14192982,11686485,148.03,234.43,0.6,0.1,-0.3,중립,음봉,잔구간,0.33,-0.45,2026-09-23
ACEL,1.2,11.08,375475,307912,4.16,3.69,1.1,-0.3,-0.7,매도주의,장대음봉,전저점부근,0.15,-1.67,2026-09-23
ADCT,1.2,1.31,1972380,1627285,2.58,1.74,1.5,0.8,5.6,강한매수,장대양봉,전고점돌파,0.91,3.99,2026-09-23
AES,1.2,14.81,10759049,8824689,159.34,121.68,1.3,0.0,-0.1,중립,음봉,잔구간,0.29,-0.475,2026-09-23
SBS,1.2,5.17,8432043,6977339,43.59,36.69,1.2,-0.6,-3.5,매도주의,장대음봉,잔구간,0.0,-1.3,2026-09-23
PHR,1.2,9.68,756874,646888,7.33,7.52,1.0,0.0,-4.2,강한매도,장대음봉,전저점이탈,0.05,-3.29,2026-09-23
XHR,1.2,17.82,1055608,911192,18.81,18.7,1.0,-0.5,0.1,중립,팽이도지,잔구간,0.74,0.145,2026-09-23
SB,1.2,8.37,2379571,1994162,19.92,18.64,1.1,0.0,-1.3,중립,음봉,잔구간,0.48,-0.36,2026-09-23
UVXY,1.2,17.04,9115793,7356481,155.33,155.27,1.0,0.1,2.4,매수관심,양봉,완만한상승,0.67,1.8,2026-09-23
GME.WS,1.2,2.43,811600,669301,1.97,2.16,0.9,-0.4,-2.4,중립,음봉,잔구간,0.49,-0.355,2026-09-23
GLAS,1.2,7.85,884471,726118,6.94,5.92,1.2,0.5,-2.5,중립,음봉,잔구간,0.34,-0.445,2026-09-23
DTIL,1.2,6.36,355964,301923,2.26,1.9,1.2,-0.4,-11.2,강한매도,장대음봉,전저점이탈,0.02,-3.33,2026-09-23
ARCT,1.2,13.3,1076875,927278,14.32,12.81,1.1,0.4,-7.9,강한매도,장대음봉,전저점이탈,0.03,-3.31,2026-09-23
IQMX,1.2,10.29,493525,427495,5.08,4.47,1.1,2.7,-6.5,매도주의,장대음봉,잔구간,0.07,-1.26,2026-09-23
WEST,1.2,8.08,331893,277004,2.68,2.61,1.0,-0.5,-0.6,중립,팽이도지,잔구간,0.53,0.02,2026-09-23
WDI,1.2,11.97,459274,383857,5.5,4.37,1.3,-1.8,-0.9,강한매도,장대음봉,전저점이탈,0.25,-3.05,2026-09-23
WCT,1.2,7.52,1300205,1047004,9.78,5.47,1.8,-0.6,-2.3,중립,음봉,잔구간,0.51,-0.345,2026-09-23
BTX,1.2,8.98,421384,366244,3.78,3.31,1.1,0.0,-0.8,매도주의,장대음봉,잔구간,0.0,-1.3,2026-09-23
LX,1.2,0.724,2561088,2215365,1.85,2.04,0.9,-0.8,-5.1,강한매도,장대음봉,전저점이탈,0.16,-3.16,2026-09-23
TOYO,1.2,4.34,372512,320883,1.62,1.53,1.1,0.0,-3.1,중립,음봉,잔구간,0.08,-0.6,2026-09-23
MARO,1.2,4.54,670748,559144,3.05,2.08,1.5,-0.7,-0.9,중립,음봉,잔구간,0.32,-0.46,2026-09-23
IREZ,1.2,7.49,3830307,3144242,28.69,25.34,1.1,2.4,3.9,중립,양봉,잔구간,0.97,0.63,2026-09-23
POET,1.2,7.8,8017807,6801871,62.54,63.5,1.0,-0.9,-3.7,매도주의,장대음봉,잔구간,0.0,-1.3,2026-09-23
JBGS,1.2,10.65,1113728,966906,11.86,14.15,0.8,-0.5,-2.8,강한매도,장대음봉,전저점이탈,0.37,-2.91,2026-09-23
FIGS,1.2,11.97,2489164,2002868,29.8,34.31,0.9,-1.2,-6.5,강한매도,장대음봉,전저점이탈,0.0,-3.35,2026-09-23
VG,1.2,13.27,17497790,14926940,232.2,248.75,0.9,1.0,1.8,중립,위꼬리양봉,잔구간,0.28,-0.63,2026-09-23
BCBP,1.2,8.69,743360,603893,6.46,4.88,1.3,0.2,0.0,중립,팽이도지,잔구간,0.45,-0.03,2026-09-23
PGF,1.2,13.0,349568,301640,4.54,3.68,1.2,0.0,-0.8,매도주의,장대음봉,전저점부근,0.34,-1.44,2026-09-23
MUZ,1.2,6.8,11024794,9370494,74.97,68.39,1.1,-0.6,4.9,매수관심,장대양봉,잔구간,0.8,1.18,2026-09-23
SLRC,1.2,11.77,389351,337489,4.58,4.88,0.9,0.0,-1.5,강한매도,장대음봉,전저점이탈,0.05,-3.29,2026-09-23
DXD,1.2,17.72,3498491,2801531,61.99,51.08,1.2,-0.1,0.7,강한매수,양봉,완만한상승,0.96,2.15,2026-09-23
EFC,1.2,12.41,1584702,1357479,19.67,18.21,1.1,0.0,-2.3,매도주의,장대음봉,잔구간,0.02,-1.29,2026-09-23
EOSE,1.2,3.58,31301285,25170125,112.06,95.48,1.2,-1.7,-10.3,강한매도,장대음봉,전저점이탈,0.05,-3.29,2026-09-23
UA,1.2,4.45,2884683,2410602,12.84,11.57,1.1,-0.6,-3.3,강한매도,장대음봉,전저점이탈,0.06,-3.28,2026-09-23
UPB,1.2,5.19,552994,459252,2.87,3.04,0.9,-0.2,-5.3,매도주의,음봉,전저점이탈,0.41,-1.56,2026-09-23
UPBD,1.2,15.99,980626,847439,15.68,15.07,1.0,-0.3,-4.4,강한매도,장대음봉,전저점이탈,0.07,-3.27,2026-09-23
AMPX,1.2,9.73,5335217,4627809,51.91,42.23,1.2,-0.5,-2.0,중립,음봉,잔구간,0.07,-0.61,2026-09-23
CADL,1.2,11.29,1287820,1076153,14.54,16.73,0.9,0.7,-5.4,매도주의,장대음봉,잔구간,0.03,-1.28,2026-09-23
RDWU,1.2,6.7,701606,608096,4.7,3.57,1.3,-0.7,-7.8,매도주의,장대음봉,잔구간,0.27,-1.14,2026-09-23
AMPY,1.2,4.23,572515,497114,2.42,2.51,1.0,1.2,-1.2,중립,음봉,전저점부근,0.24,-0.26,2026-09-23
RBBN,1.2,1.8,1601915,1386709,2.88,2.02,1.4,-1.1,-1.1,중립,망치형,잔구간,0.62,0.57,2026-09-23
PEPG,1.2,2.72,717229,573890,1.95,2.06,0.9,-1.0,-7.8,강한매도,장대음봉,전저점이탈,0.09,-3.24,2026-09-23
PEB,1.2,18.22,2113045,1747714,38.5,39.32,1.0,-0.5,0.3,중립,팽이도지,잔구간,0.52,0.01,2026-09-23
CAG,1.2,14.78,12685279,10162278,187.49,171.2,1.1,0.2,-0.2,매수관심,팽이도지,완만한상승,0.64,1.07,2026-09-23
PFL,1.2,6.9,436130,359399,3.01,2.35,1.3,-0.3,-0.6,강한매도,장대음봉,전저점이탈,0.33,-2.95,2026-09-23
CRMD,1.2,7.69,812571,701726,6.25,6.82,0.9,3.1,-4.2,중립,음봉,수횡파,0.12,-0.56,2026-09-23
NVG,1.2,11.19,1244785,1001698,13.93,11.07,1.3,-0.5,-1.7,강한매도,장대음봉,전저점이탈,0.39,-2.88,2026-09-23
ALLT,1.2,8.47,434144,359878,3.68,3.51,1.0,0.1,1.8,매수관심,양봉,완만한상승,0.62,1.74,2026-09-23
OBDC,1.2,10.95,3169841,2737344,34.71,30.59,1.1,-0.4,-1.3,강한매도,장대음봉,전저점이탈,0.07,-3.27,2026-09-23
ILPT,1.2,7.47,317843,264148,2.37,2.54,0.9,-0.5,-2.2,매도주의,장대음봉,잔구간,0.21,-1.175,2026-09-23
HRL,1.2,19.92,4589936,3675676,91.43,95.49,1.0,0.0,-2.0,매도주의,음봉,전저점이탈,0.11,-1.92,2026-09-23
GEVO,1.2,1.45,3382241,2744653,4.9,5.23,0.9,-1.3,-5.8,강한매도,장대음봉,전저점이탈,0.05,-3.29,2026-09-23
FUTG,1.2,3.985,419782,347842,1.67,1.97,0.8,-2.8,-5.1,매도주의,장대음봉,잔구간,0.02,-1.29,2026-09-23
CLPT,1.2,14.97,579214,501578,8.67,8.29,1.0,-1.5,-3.7,중립,음봉,잔구간,0.34,-0.445,2026-09-23
FPE,1.2,17.4,1313757,1122876,22.86,19.76,1.2,-0.1,-0.6,매도주의,장대음봉,잔구간,0.14,-1.215,2026-09-23
IBX,1.2,17.3,550739,458265,9.53,7.14,1.3,2.0,-0.6,매도주의,위꼬리음봉,잔구간,0.08,-1.0,2026-09-23
INGN,1.2,5.09,530331,439200,2.7,1.82,1.5,-0.2,-2.5,중립,음봉,잔구간,0.18,-0.54,2026-09-23
INFY,1.2,10.75,17357547,14327739,186.59,173.04,1.1,-0.3,0.2,중립,팽이도지,잔구간,0.44,-0.035,2026-09-23
CIM,1.2,10.75,1601078,1372330,17.21,15.13,1.1,0.0,-3.6,강한매도,장대음봉,전저점이탈,0.0,-3.35,2026-09-23
SHNY,1.2,8.81,1177751,1002757,10.38,10.95,0.9,-3.3,-2.1,매도주의,장대음봉,잔구간,0.2,-1.18,2026-09-23
PSIG,1.2,4.35,2027233,1728773,8.82,6.94,1.3,-0.7,-2.0,중립,음봉,잔구간,0.52,-0.34,2026-09-23
FLYW,1.2,16.86,1521295,1302389,25.65,22.92,1.1,-0.3,-1.9,매도주의,음봉,전저점이탈,0.22,-1.79,2026-09-23
TSLX,1.2,18.25,538002,436964,9.82,8.1,1.2,-0.2,-0.3,중립,망치형,잔구간,0.69,0.615,2026-09-23
NUAI,1.2,6.99,9027807,7374476,63.1,59.4,1.1,-2.1,2.3,매수관심,양봉,완만한상승,0.58,1.7,2026-09-23
GO,1.2,11.16,1739586,1469230,19.41,22.43,0.9,-0.1,-2.8,매도주의,음봉,전저점이탈,0.24,-1.76,2026-09-23
BAK,1.2,1.54,1654838,1404378,2.55,3.03,0.8,0.6,-8.3,강한매도,장대음봉,전저점이탈,0.0,-3.35,2026-09-23
AVTX,1.2,15.3,1111198,897019,17.0,20.96,0.8,-0.7,-6.7,강한매도,장대음봉,전저점이탈,0.13,-3.19,2026-09-23
MCHB,1.2,15.0,475971,408121,7.14,8.58,0.8,-0.3,-1.0,매도주의,음봉,전저점이탈,0.05,-1.99,2026-09-23
RZLT,1.2,4.0,1683275,1459831,6.73,6.31,1.1,0.2,-1.2,중립,음봉,잔구간,0.13,-0.57,2026-09-23
RZLV,1.2,2.28,10337119,8356312,23.57,20.34,1.2,1.9,-4.4,매도주의,장대음봉,수횡파,0.08,-1.9,2026-09-23
GGB,1.2,4.88,13312198,11147442,64.96,58.87,1.1,-0.2,-2.6,매도주의,장대음봉,수횡파,0.06,-1.93,2026-09-23
RYDE,1.2,0.77,1940894,1642894,1.49,1.01,1.5,7.6,3.0,강한매수,양봉스프링,전고점돌파,0.84,3.41,2026-09-23
ZGN,1.2,12.44,1389013,1120598,17.28,16.33,1.1,-1.4,0.8,중립,양봉,잔구간,0.82,0.54,2026-09-23
YSWY,1.2,19.57,432222,355635,8.46,7.44,1.1,0.2,-2.3,매도주의,음봉,전저점이탈,0.26,-1.74,2026-09-23
WSE,1.2,11.35,2107036,1801979,23.91,20.85,1.1,-0.2,-1.2,강한매도,장대음봉,전저점이탈,0.28,-3.01,2026-09-23
ORIC,1.2,13.33,1717561,1383478,22.9,19.27,1.2,3.3,-4.4,중립,음봉,잔구간,0.37,-0.43,2026-09-23
ZURA,1.2,4.33,2062389,1665083,8.93,7.75,1.2,0.3,-4.3,매도주의,음봉,전저점이탈,0.43,-1.53,2026-09-23
ABOS,1.1,2.305,471447,442600,1.09,1.26,0.9,-0.8,-12.4,강한매도,장대음봉,전저점이탈,0.02,-3.33,2026-09-23
OCSL,1.1,12.16,390423,368342,4.75,5.48,0.9,-0.3,-1.4,강한매도,장대음봉,전저점이탈,0.15,-3.17,2026-09-23
ZIP,1.1,3.58,675589,603244,2.42,2.89,0.8,-0.5,-3.2,매도주의,음봉,전저점이탈,0.44,-1.52,2026-09-23
ALLO,1.1,1.67,5965945,5442779,9.96,10.52,0.9,1.2,-3.5,매도주의,장대음봉,잔구간,0.22,-1.17,2026-09-23
XE,1.1,16.38,6507248,5724189,106.59,129.29,0.8,-1.2,1.3,매수관심,양봉스프링,잔구간,0.87,0.97,2026-09-23
OCFC,1.1,17.0,1340804,1198574,22.79,20.75,1.1,-0.1,-2.1,강한매도,장대음봉,전저점이탈,0.02,-3.33,2026-09-23
NTST,1.1,18.37,1744295,1627194,32.04,28.28,1.1,-0.5,0.8,중립,양봉,잔구간,0.85,0.56,2026-09-23
NUVB,1.1,5.71,4606056,4379400,26.3,31.54,0.8,-0.5,-5.9,매도주의,장대음봉,잔구간,0.05,-1.27,2026-09-23
GOOD,1.1,12.57,371144,348867,4.67,4.69,1.0,-0.2,-1.3,매도주의,장대음봉,잔구간,0.09,-1.245,2026-09-23
GPRK,1.1,11.11,699585,654080,7.77,9.89,0.8,0.7,1.2,중립,양봉,잔구간,0.51,0.355,2026-09-23
GFR,1.1,6.08,1712227,1489769,10.41,13.31,0.8,1.4,-5.0,강한매도,장대음봉,전저점이탈,0.0,-3.35,2026-09-23
HAPN,1.1,15.15,1976365,1846452,29.94,24.76,1.2,-0.7,-4.7,강한매도,장대음봉,전저점이탈,0.08,-3.25,2026-09-23
HDSN,1.1,5.14,423083,402094,2.17,2.37,0.9,-0.2,-1.5,매도주의,장대음봉,잔구간,0.33,-1.1,2026-09-23
GROY,1.1,3.18,1592337,1389238,5.06,7.23,0.7,-2.1,-3.0,강한매도,장대음봉,전저점이탈,0.08,-3.25,2026-09-23
NVD,1.1,3.72,81254259,75645825,302.27,302.74,1.0,1.1,1.9,중립,양봉,잔구간,0.69,0.465,2026-09-23
NVDY,1.1,12.66,1457729,1387148,18.45,23.78,0.8,-0.3,-0.6,중립,음봉,잔구간,0.36,-0.435,2026-09-23
AIRO,1.1,7.16,303143,271734,2.17,3.24,0.7,-0.4,-0.7,매도주의,위꼬리음봉,잔구간,0.17,-0.95,2026-09-23
AKTS,1.1,19.72,589437,557571,11.62,14.53,0.8,-1.1,-9.8,강한매도,장대음봉,전저점이탈,0.02,-3.33,2026-09-23
ALEC,1.1,2.02,1182749,1106212,2.39,3.86,0.6,-0.5,1.0,강한매수,양봉스프링,완만한상승,1.0,3.0,2026-09-23
PATH,1.1,13.04,54338086,50270177,708.57,741.95,1.0,-0.1,-1.5,매도주의,음봉,전저점이탈,0.54,-1.4,2026-09-23
PAXS,1.1,13.06,394084,353676,5.15,5.35,1.0,-0.5,-1.0,강한매도,장대음봉,전저점이탈,0.33,-2.95,2026-09-23
ANVS,1.1,1.27,1145513,1050365,1.45,1.47,1.0,3.2,-2.3,중립,음봉,완만한상승,0.37,0.04,2026-09-23
SHIP,1.1,17.56,553455,514924,9.72,8.1,1.2,0.3,-1.8,강한매도,장대음봉,전저점이탈,0.1,-3.23,2026-09-23
SHLS,1.1,7.71,4577551,4238455,35.29,33.58,1.1,0.0,-5.4,매도주의,장대음봉,잔구간,0.25,-1.15,2026-09-23
SHMD,1.1,3.68,409276,359682,1.51,1.58,1.0,0.6,1.9,매수관심,팽이도지,완만한상승,0.48,0.88,2026-09-23
GAU,1.1,2.06,2723210,2526610,5.61,5.15,1.1,-2.8,-2.8,중립,음봉,잔구간,0.18,-0.54,2026-09-23
RXO,1.1,19.88,2064118,1818818,41.03,38.95,1.1,2.9,-2.4,중립,음봉,완만한상승,0.57,0.28,2026-09-23
RYAM,1.1,9.14,835626,740048,7.64,7.02,1.1,0.3,-0.5,중립,팽이도지,잔구간,0.35,-0.09,2026-09-23
RYLD,1.1,15.53,723103,648220,11.23,8.7,1.3,0.0,-0.8,강한매도,장대음봉,전저점이탈,0.07,-3.27,2026-09-23
ARCC,1.1,19.15,5485024,5009231,105.04,92.91,1.1,0.0,-1.1,강한매도,장대음봉,전저점이탈,0.04,-3.3,2026-09-23
ARHS,1.1,9.02,1738241,1618450,15.68,10.94,1.4,0.3,-3.2,매도주의,장대음봉,잔구간,0.39,-1.065,2026-09-23
AMPL,1.1,13.755,1512646,1418197,20.81,20.95,1.0,0.0,4.7,강한매수,장대양봉,완만한상승,0.98,3.48,2026-09-23
VTEX,1.1,3.61,814707,733276,2.94,2.77,1.1,0.6,-1.1,중립,음봉,수횡파,0.6,0.02,2026-09-23
VXX,1.1,17.49,8422495,7730299,147.31,171.04,0.9,0.1,1.9,강한매수,장대양봉,완만한상승,0.76,3.21,2026-09-23
NRGV,1.1,4.43,3878524,3597211,17.18,20.44,0.8,-2.5,-4.7,매도주의,장대음봉,잔구간,0.07,-1.26,2026-09-23
ARVN,1.1,7.83,761366,714036,5.96,9.05,0.7,1.1,-9.0,강한매도,장대음봉,전저점이탈,0.02,-3.33,2026-09-23
ICLN,1.1,17.42,6064782,5594840,105.65,114.9,0.9,-0.6,-1.7,매도주의,장대음봉,잔구간,0.08,-1.25,2026-09-23
RPAY,1.1,3.8,392890,364245,1.49,1.54,1.0,-0.8,-1.6,중립,음봉,잔구간,0.4,-0.41,2026-09-23
RUN,1.1,8.35,8922488,7808610,74.5,64.1,1.2,-0.6,-4.5,매도주의,장대음봉,잔구간,0.07,-1.26,2026-09-23
AUTL,1.1,1.95,1442556,1335718,2.81,2.85,1.0,0.5,-4.4,매도주의,장대음봉,잔구간,0.23,-1.16,2026-09-23
AVR,1.1,7.62,868780,793577,6.62,6.74,1.0,-1.2,-5.1,강한매도,장대음봉,전저점이탈,0.11,-3.22,2026-09-23
BLDP,1.1,2.19,2381156,2080286,5.21,7.16,0.7,0.7,-2.9,매도주의,장대음봉,잔구간,0.32,-1.11,2026-09-23
VERI,1.1,1.29,2879885,2545254,3.72,3.43,1.1,1.6,-0.8,중립,팽이도지,전고점부근,0.45,-0.51,2026-09-23
MSOX,1.1,3.46,1836393,1617225,6.35,5.6,1.1,-0.9,2.7,강한매수,양봉,전고점돌파,0.71,2.45,2026-09-23
USAS,1.1,4.85,4239391,3855561,20.56,18.74,1.1,-3.0,-4.9,매도주의,장대음봉,잔구간,0.22,-1.17,2026-09-23
BSCU,1.1,16.185,864594,765235,13.99,14.83,0.9,-0.1,-0.5,강한매도,장대음봉,전저점이탈,0.19,-3.12,2026-09-23
BSCV,1.1,15.845,459259,402460,7.28,7.62,1.0,-0.2,-0.6,강한매도,장대음봉,전저점이탈,0.25,-3.05,2026-09-23
PRME,1.1,3.13,3334198,3100030,10.44,9.92,1.1,-0.3,-11.3,매도주의,장대음봉,잔구간,0.02,-1.29,2026-09-23
MORT,1.1,8.92,1856251,1641543,16.56,13.93,1.2,-0.1,-2.8,강한매도,장대음봉,전저점이탈,0.04,-3.3,2026-09-23
CCOI,1.1,8.13,2082446,1933718,16.93,23.72,0.7,-0.5,-12.3,강한매도,장대음봉,전저점이탈,0.03,-3.31,2026-09-23
CDE,1.1,19.32,43890674,41676329,847.97,663.32,1.3,-2.7,-3.1,매도주의,장대음봉,잔구간,0.21,-1.175,2026-09-23
CERT,1.1,8.64,2585987,2290788,22.34,21.5,1.0,-0.1,-2.0,중립,음봉,잔구간,0.09,-0.595,2026-09-23
CGBD,1.1,11.22,326566,286653,3.66,3.78,1.0,0.0,-2.2,매도주의,장대음봉,전저점부근,0.07,-1.77,2026-09-23
CABO,1.1,15.83,363246,331841,5.75,6.04,1.0,-1.8,-5.5,강한매도,장대음봉,전저점이탈,0.08,-3.25,2026-09-23
RGP,1.1,3.89,310138,290884,1.21,1.45,0.8,-0.6,-1.8,매도주의,음봉,전저점이탈,0.52,-1.43,2026-09-23
GDRX,1.1,3.32,849102,779306,2.82,3.03,0.9,-0.6,-2.9,매도주의,장대음봉,잔구간,0.0,-1.3,2026-09-23
FTCA,1.1,6.975,332650,309125,2.32,2.34,1.0,0.3,-0.9,강한매도,장대음봉,전저점이탈,0.24,-3.06,2026-09-23
FULC,1.1,3.81,1194425,1052089,4.55,4.91,0.9,0.5,-1.3,매도주의,장대음봉,수횡파,0.23,-1.72,2026-09-23
ICL,1.1,5.3,1258330,1195272,6.67,7.25,0.9,-0.7,-1.1,매도주의,장대음봉,전저점부근,0.0,-1.85,2026-09-23
MEC,1.1,17.45,567160,525779,9.9,10.33,1.0,-0.9,1.5,매수관심,양봉,완만한상승,0.67,1.8,2026-09-23
MFA,1.1,8.32,1817502,1639233,15.12,15.42,1.0,0.0,-2.8,강한매도,장대음봉,전저점이탈,0.11,-3.22,2026-09-23
CLBT,1.1,11.5,3444396,3041935,39.61,33.83,1.2,0.4,-1.8,중립,음봉,잔구간,0.07,-0.61,2026-09-23
TU,1.1,8.5,6668739,6066946,56.68,62.58,0.9,-0.3,-0.6,매도주의,음봉,전저점이탈,0.54,-1.4,2026-09-23
CHCT,1.1,14.27,330946,306679,4.72,5.36,0.9,-0.3,-0.8,매도주의,장대음봉,잔구간,0.4,-1.06,2026-09-23
LYNX,1.1,12.98,311507,290552,4.04,5.76,0.7,1.4,-3.7,매도주의,장대음봉,잔구간,0.14,-1.215,2026-09-23
LUNL,1.1,3.86,1722822,1554786,6.65,5.93,1.1,-1.1,-10.9,매도주의,장대음봉,잔구간,0.16,-1.205,2026-09-23
PUBM,1.1,17.455,745714,692269,13.02,11.15,1.2,0.1,-1.8,매도주의,장대음봉,잔구간,0.39,-1.065,2026-09-23
TMQ,1.1,3.31,1266002,1146542,4.19,4.33,1.0,-0.6,-2.9,매도주의,장대음봉,잔구간,0.22,-1.17,2026-09-23
CNNE,1.1,15.79,613659,578125,9.69,9.44,1.0,0.1,0.8,매수관심,양봉,완만한상승,0.73,1.88,2026-09-23
TBLA,1.1,3.4,2283319,2031223,7.76,6.79,1.1,0.6,-5.6,강한매도,장대음봉,전저점이탈,0.14,-3.18,2026-09-23
TENX,1.1,1.9,2353048,2237547,4.47,7.2,0.6,-1.5,-0.5,중립,팽이도지,잔구간,0.53,0.02,2026-09-23
TFSL,1.1,16.5,705318,641389,11.64,12.08,1.0,0.1,-1.3,매도주의,장대음봉,전저점부근,0.04,-1.8,2026-09-23
LILAK,1.1,8.44,1355052,1243663,11.44,11.77,1.0,-0.1,-2.9,매도주의,장대음봉,잔구간,0.06,-1.265,2026-09-23
LOMA,1.1,9.46,397845,357124,3.76,3.4,1.1,-0.6,-0.7,중립,팽이도지,잔구간,0.29,-0.125,2026-09-23
FSM,1.1,11.66,3965894,3633321,46.24,43.28,1.1,-3.1,-1.4,중립,음봉,잔구간,0.24,-0.505,2026-09-23
FLNC,1.1,7.58,11588464,10087870,87.84,85.49,1.0,3.4,0.8,중립,팽이도지,잔구간,0.6,0.06,2026-09-23
FVRR,1.1,8.52,540392,512740,4.6,5.07,0.9,0.8,-2.5,매도주의,장대음봉,잔구간,0.0,-1.3,2026-09-23
SHO,1.1,11.03,1965326,1736584,21.68,21.82,1.0,-0.5,0.0,중립,팽이도지,잔구간,0.53,0.02,2026-09-23
CVRX,1.1,2.72,482039,455414,1.31,1.61,0.8,0.0,-5.9,강한매도,장대음봉,전저점이탈,0.11,-3.22,2026-09-23
SVM,1.1,11.51,1868071,1758296,21.5,21.17,1.0,-4.3,-2.5,매도주의,장대음봉,잔구간,0.21,-1.175,2026-09-23
KSS,1.1,17.04,3974872,3602181,67.73,63.17,1.1,0.8,-7.4,매도주의,장대음봉,잔구간,0.04,-1.275,2026-09-23
DNA,1.1,8.58,1845173,1708275,15.83,11.54,1.4,-2.6,-6.0,매도주의,장대음봉,잔구간,0.05,-1.27,2026-09-23
QTEX,1.1,0.77,1576761,1380367,1.21,1.09,1.1,5.9,-6.8,매도주의,장대음봉,전저점부근,0.01,-1.84,2026-09-23
EC,1.1,16.69,1475116,1385602,24.62,25.29,1.0,0.8,-2.1,매도주의,장대음봉,잔구간,0.26,-1.145,2026-09-23
STAA,1.1,19.8,846688,777638,16.76,28.05,0.6,0.0,-4.2,강한매도,장대음봉,전저점이탈,0.11,-3.22,2026-09-23
STWD,1.1,14.7,4634257,4077829,68.12,68.71,1.0,-0.1,-2.5,강한매도,장대음봉,전저점이탈,0.07,-3.27,2026-09-23
JMKE,1.1,18.2,3704713,3418242,67.43,83.13,0.8,-0.1,-1.1,중립,팽이도지,잔구간,0.53,0.02,2026-09-23
EQX,1.1,12.05,15436452,14268421,186.01,179.17,1.0,-3.1,-2.6,매도주의,장대음봉,잔구간,0.3,-1.12,2026-09-23
REPL,1.1,12.96,1887503,1670364,24.46,28.31,0.9,0.2,-4.0,중립,음봉,수횡파,0.3,-0.34,2026-09-23
IVA,1.1,3.45,2133042,2015453,7.36,6.85,1.1,-1.9,-3.6,강한매도,장대음봉,전저점이탈,0.28,-3.01,2026-09-23
IVVD,1.1,0.923,6910186,6060337,6.38,4.88,1.3,-1.5,-2.8,중립,음봉,잔구간,0.22,-0.52,2026-09-23
INO,1.1,1.25,3031096,2815787,3.79,3.39,1.1,0.8,-3.8,매도주의,장대음봉,잔구간,0.15,-1.21,2026-09-23
INTR,1.1,5.24,3780825,3446643,19.81,21.95,0.9,0.5,-5.9,강한매도,장대음봉,전저점이탈,0.05,-3.29,2026-09-23
ERIC,1.1,9.73,8002738,7615410,77.87,77.97,1.0,-0.3,-0.6,중립,음봉,잔구간,0.12,-0.58,2026-09-23
ENGN,1.1,2.0,669455,599001,1.34,1.12,1.2,0.0,-2.4,매도주의,장대음봉,잔구간,0.29,-1.125,2026-09-23
ETRA,1.1,12.67,875389,813177,11.09,28.4,0.4,-0.4,-6.6,매도주의,음봉,전저점이탈,0.1,-1.93,2026-09-23
SPCG,1.1,15.66,821637,717006,12.87,15.95,0.8,1.9,6.3,강한매수,장대양봉,완만한상승,0.94,3.43,2026-09-23
RC,1.1,1.46,1441049,1328114,2.1,2.43,0.9,0.0,-12.0,강한매도,장대음봉,전저점이탈,0.05,-3.29,2026-09-23
SOC,1.1,4.15,7611458,7014776,31.59,38.47,0.8,0.5,-4.2,강한매도,장대음봉,전저점이탈,0.0,-3.35,2026-09-23
SOFI,1.1,16.55,57005777,49843782,943.45,819.94,1.2,-0.8,-2.8,매도주의,장대음봉,전저점부근,0.06,-1.78,2026-09-23
FNB,1.1,17.3,5354836,4821544,92.64,76.82,1.2,-0.2,-1.6,강한매도,장대음봉,전저점이탈,0.02,-3.33,2026-09-23
FF,1.1,5.19,357919,339716,1.86,1.92,1.0,0.2,-2.1,강한매도,장대음봉,전저점이탈,0.35,-2.93,2026-09-23
AIB,1.1,1.46,1160021,1086516,1.69,1.29,1.3,0.7,6.6,중립,양봉,잔구간,0.88,0.58,2026-09-23
OIS,1.1,8.31,479547,453404,3.99,4.6,0.9,0.5,0.5,중립,팽이도지,수횡파,0.5,0.6,2026-09-23
NWBI,1.1,15.04,1123564,1012108,16.9,19.8,0.9,-0.1,-1.0,강한매도,장대음봉,전저점이탈,0.09,-3.24,2026-09-23
NWG,1.1,17.91,3348457,3164934,59.97,56.73,1.1,-2.3,-1.3,강한매도,장대음봉,전저점이탈,0.0,-3.35,2026-09-23
NX,1.1,19.83,519604,465960,10.3,11.0,0.9,-0.8,-3.3,매도주의,장대음봉,전저점부근,0.02,-1.83,2026-09-23
GSOL,1.1,8.67,3860820,3641986,33.47,27.95,1.2,-1.2,-2.0,중립,음봉,잔구간,0.3,-0.47,2026-09-23
SAN,1.1,14.2,7438111,6515328,105.62,100.51,1.1,-0.3,-1.7,강한매도,장대음봉,전저점이탈,0.04,-3.3,2026-09-23
SCZM,1.1,8.88,576972,530328,5.12,4.68,1.1,-3.1,-4.0,매도주의,장대음봉,잔구간,0.29,-1.125,2026-09-23
AEG,1.1,8.75,4023759,3811955,35.21,37.37,0.9,-1.1,-1.1,강한매도,음봉,전저점이탈,0.0,-2.05,2026-09-23
XRP,1.1,16.71,2824323,2673796,47.19,34.94,1.4,-1.1,-4.8,매도주의,장대음봉,잔구간,0.11,-1.235,2026-09-23
ONDS,1.0,7.4,67796449,66147949,501.69,460.97,1.1,0.3,-4.4,중립,음봉,잔구간,0.03,-0.63,2026-09-23
XPOF,1.0,3.7,849952,865310,3.14,3.67,0.9,-1.5,-6.1,매도주의,장대음봉,잔구간,0.18,-1.19,2026-09-23
ONT,1.0,17.02,556824,548173,9.48,9.68,1.0,0.1,0.4,매수관심,양봉스프링,잔구간,0.95,1.02,2026-09-23
YMAX,1.0,7.79,1224606,1238702,9.54,8.78,1.1,-1.8,-0.1,매도주의,위꼬리음봉,잔구간,0.17,-0.95,2026-09-23
HE,1.0,9.22,2445895,2514179,22.55,32.21,0.7,-0.1,-4.2,강한매도,장대음봉,전저점이탈,0.02,-3.33,2026-09-23
PBR.A,1.0,19.22,7287491,7304865,140.07,126.65,1.1,1.6,-0.2,중립,팽이도지,완만한상승,0.35,0.72,2026-09-23
ANGO,1.0,15.51,503360,514162,7.81,7.35,1.1,-0.1,-1.0,중립,팽이도지,수횡파,0.43,0.52,2026-09-23
ANIX,1.0,2.75,391157,394206,1.08,1.13,1.0,-0.7,-0.7,중립,망치형,잔구간,0.68,0.61,2026-09-23
GNL,1.0,8.67,1923352,1951472,16.68,23.2,0.7,-0.1,-0.3,매도주의,음봉,전저점이탈,0.17,-1.85,2026-09-23
SENS,1.0,9.975,840143,818366,8.38,7.16,1.2,-0.2,-0.6,중립,망치형,잔구간,0.74,0.645,2026-09-23
RCAT,1.0,6.59,11791861,11622751,77.71,77.53,1.0,0.0,-5.0,강한매도,장대음봉,전저점이탈,0.05,-3.29,2026-09-23
RDW,1.0,11.27,12628253,12777899,142.32,152.9,0.9,-0.6,-3.6,매도주의,장대음봉,잔구간,0.26,-1.145,2026-09-23
FINV,1.0,3.19,949301,973617,3.03,4.66,0.6,-1.8,-0.3,매도주의,위꼬리음봉,전저점부근,0.0,-1.35,2026-09-23
SNAP,1.0,5.29,36066588,35321203,190.79,201.7,0.9,-0.7,-5.2,강한매도,장대음봉,전저점이탈,0.12,-3.21,2026-09-23
SNK,1.0,15.08,2439702,2517797,36.79,45.71,0.8,1.4,6.6,강한매수,장대양봉,완만한상승,0.94,3.43,2026-09-23
SLN,1.0,11.51,876993,837136,10.09,10.62,1.0,-0.7,-5.7,매도주의,음봉,전저점이탈,0.35,-1.63,2026-09-23
SMR,1.0,8.68,38534407,38913027,334.48,382.31,0.9,-0.8,-1.6,중립,음봉,잔구간,0.48,-0.36,2026-09-23
GCMG,1.0,12.93,469055,490775,6.06,6.64,0.9,-0.8,-1.4,중립,음봉,잔구간,0.2,-0.53,2026-09-23
HNST,1.0,5.18,1780896,1865535,9.23,10.7,0.9,0.2,-4.4,강한매도,장대음봉,전저점이탈,0.0,-3.35,2026-09-23
HOPE,1.0,13.62,852019,891130,11.6,13.73,0.8,-0.2,-0.9,강한매도,장대음봉,전저점이탈,0.1,-3.23,2026-09-23
WIT,1.0,1.69,5968509,6176366,10.09,15.46,0.7,0.6,-0.6,매수관심,팽이도지,완만한상승,0.44,0.83,2026-09-23
ARCO,1.0,7.41,1090108,1128550,8.08,8.39,1.0,-0.4,-2.4,강한매도,장대음봉,전저점이탈,0.11,-3.22,2026-09-23
AREC,1.0,1.885,1696109,1670188,3.2,3.34,1.0,-1.5,-5.8,강한매도,장대음봉,전저점이탈,0.04,-3.3,2026-09-23
AMZD,1.0,8.74,11210716,10934253,97.98,94.69,1.0,0.5,1.8,강한매수,장대양봉,완만한상승,0.77,3.22,2026-09-23
ASTX,1.0,10.02,3380873,3303657,33.88,36.07,0.9,0.0,-11.3,매도주의,장대음봉,잔구간,0.04,-1.275,2026-09-23
VTRS,1.0,17.12,6868587,6976812,117.59,142.83,0.8,0.4,-0.8,매도주의,위꼬리음봉,잔구간,0.21,-0.925,2026-09-23
WCMI,1.0,19.26,929750,925945,17.91,16.96,1.1,-0.7,-1.0,매도주의,장대음봉,잔구간,0.1,-1.24,2026-09-23
APPS,1.0,11.54,2582855,2468299,29.81,30.68,1.0,0.4,-5.7,매도주의,장대음봉,잔구간,0.05,-1.27,2026-09-23
INV,1.0,0.83,6659680,6399194,5.52,11.57,0.5,0.2,-5.9,중립,음봉,잔구간,0.12,-0.58,2026-09-23
EIKN,1.0,8.13,727439,741853,5.91,7.99,0.7,-0.4,-9.1,강한매도,장대음봉,전저점이탈,0.17,-3.15,2026-09-23
EMBC,1.0,5.58,692065,710783,3.86,6.25,0.6,0.0,-0.2,중립,팽이도지,잔구간,0.35,-0.09,2026-09-23
KBDC,1.0,13.08,352513,361253,4.61,4.52,1.0,0.0,-0.5,매도주의,위꼬리음봉,잔구간,0.14,-0.965,2026-09-23
NFXL,1.0,14.61,1521307,1451656,22.23,23.8,0.9,-0.2,-2.0,중립,음봉,잔구간,0.24,-0.505,2026-09-23
VIXY,1.0,16.79,2653833,2601639,44.56,47.53,0.9,0.2,1.7,매수관심,양봉,완만한상승,0.74,1.89,2026-09-23
VLY,1.0,12.87,7318098,7095415,94.18,100.64,0.9,-0.1,-1.8,강한매도,장대음봉,전저점이탈,0.03,-3.31,2026-09-23
VOD,1.0,16.35,3464125,3557191,56.64,57.68,1.0,-2.2,0.6,중립,양봉,전저점이탈,0.57,0.03,2026-09-23
ARRY,1.0,3.86,5645578,5825247,21.79,29.19,0.7,0.0,-2.5,강한매도,장대음봉,전저점이탈,0.21,-3.1,2026-09-23
ASM,1.0,6.04,3375058,3274311,20.39,24.59,0.8,-3.9,-3.2,매도주의,장대음봉,잔구간,0.29,-1.125,2026-09-23
NMR,1.0,9.84,661045,660625,6.5,8.3,0.8,-0.8,-0.4,강한매도,위꼬리음봉,전저점이탈,0.08,-2.75,2026-09-23
KEP,1.0,10.89,816439,818722,8.89,11.38,0.8,-1.7,-2.0,강한매도,장대음봉,전저점이탈,0.15,-3.17,2026-09-23
SUZ,1.0,9.21,2393638,2341565,22.05,26.35,0.8,-0.6,-3.0,매도주의,장대음봉,잔구간,0.03,-1.28,2026-09-23
KODK,1.0,9.66,711319,699736,6.87,8.06,0.9,-0.3,0.2,매수관심,양봉스프링,잔구간,0.91,0.995,2026-09-23
JDZG,1.0,4.14,998625,987623,4.13,3.65,1.1,-2.3,6.4,강한매수,장대양봉,완만한상승,0.89,3.37,2026-09-23
JPC,1.0,6.84,1999507,2083082,13.68,15.35,0.9,-0.3,-1.6,강한매도,장대음봉,전저점이탈,0.19,-3.12,2026-09-23
JANX,1.0,16.52,967532,958384,15.98,17.46,0.9,-0.4,-5.1,매도주의,장대음봉,잔구간,0.16,-1.205,2026-09-23
INN,1.0,5.67,824011,801186,4.67,4.71,1.0,-0.2,-0.5,중립,망치형,잔구간,0.71,0.625,2026-09-23
IFRX,1.0,1.96,564758,575435,1.11,1.14,1.0,0.0,-5.8,강한매도,장대음봉,전저점이탈,0.0,-3.35,2026-09-23
HPK,1.0,7.89,359336,370728,2.84,5.38,0.5,0.0,1.3,매수관심,양봉스프링,잔구간,0.79,0.925,2026-09-23
HR,1.0,17.96,5171079,4967219,92.87,80.19,1.2,-0.5,-0.7,매도주의,음봉,전저점이탈,0.05,-1.99,2026-09-23
HSAI,1.0,16.31,1309527,1277406,21.36,19.31,1.1,-1.6,-3.0,강한매도,장대음봉,전저점이탈,0.29,-3.0,2026-09-23
HTGC,1.0,16.97,1122059,1175525,19.04,21.88,0.9,-0.1,-1.3,강한매도,장대음봉,전저점이탈,0.0,-3.35,2026-09-23
HTLD,1.0,11.68,901735,946508,10.53,10.94,1.0,-0.5,-0.8,중립,음봉,잔구간,0.54,-0.325,2026-09-23
HTZ,1.0,1.74,12430189,13009647,21.63,24.82,0.9,-1.1,-4.9,강한매도,장대음봉,전저점이탈,0.0,-3.35,2026-09-23
HUMA,1.0,0.566,3431572,3438139,1.94,2.07,0.9,0.9,-3.8,매도주의,장대음봉,잔구간,0.31,-1.115,2026-09-23
RLJ,1.0,10.91,1445405,1446289,15.77,19.45,0.8,-0.5,-0.6,중립,음봉,잔구간,0.55,-0.32,2026-09-23
RNA,1.0,8.33,434524,418851,3.62,4.43,0.8,0.0,-9.7,강한매도,장대음봉,전저점이탈,0.04,-3.3,2026-09-23
AVEX,1.0,16.44,1043194,1034289,17.15,20.75,0.8,0.7,2.7,매수관심,양봉,완만한상승,0.64,1.77,2026-09-23
AVS,1.0,8.14,10090012,10334419,82.13,83.74,1.0,0.7,1.9,매수관심,장대양봉,잔구간,0.84,1.205,2026-09-23
AVTR,1.0,14.76,10569469,10193602,156.01,144.17,1.1,0.1,-1.3,중립,음봉,잔구간,0.1,-0.59,2026-09-23
SWIM,1.0,6.34,673326,703071,4.27,5.64,0.8,-0.8,-3.6,매도주의,장대음봉,잔구간,0.11,-1.235,2026-09-23
SXC,1.0,9.95,891362,856321,8.87,9.44,0.9,-0.5,1.7,매수관심,양봉,완만한상승,0.78,1.94,2026-09-23
TAK,1.0,18.81,2606362,2694525,49.03,41.58,1.2,-0.5,-0.3,매도주의,위꼬리음봉,잔구간,0.15,-0.96,2026-09-23
LENZ,1.0,3.76,765642,769619,2.88,3.25,0.9,0.2,-9.2,강한매도,장대음봉,전저점이탈,0.06,-3.28,2026-09-23
DNN,1.0,2.82,21162529,20160810,59.68,65.24,0.9,-1.4,-2.4,강한매도,장대음봉,수횡파,0.0,-2.0,2026-09-23
DDD,1.0,3.51,2238143,2285708,7.86,8.39,0.9,0.0,-2.2,중립,음봉,잔구간,0.28,-0.48,2026-09-23
QSI,1.0,0.759,1476524,1440070,1.12,1.19,0.9,0.7,-4.0,중립,음봉,잔구간,0.13,-0.57,2026-09-23
BDN,1.0,2.91,2059505,2032300,5.99,5.62,1.1,-0.7,-0.7,강한매수,망치형,수횡파,0.5,2.6,2026-09-23
BETR,1.0,12.16,464419,453604,5.65,4.81,1.2,-1.0,-6.5,매도주의,장대음봉,수횡파,0.14,-1.83,2026-09-23
AVXL,1.0,2.35,779167,773048,1.83,1.62,1.1,0.0,-4.9,매도주의,장대음봉,잔구간,0.24,-1.155,2026-09-23
BBAR,1.0,13.67,357418,364842,4.89,5.21,0.9,-0.9,-2.4,강한매도,음봉,전저점이탈,0.0,-2.05,2026-09-23
NFGC,1.0,1.8,995476,1043545,1.79,2.0,0.9,-1.6,-1.6,중립,망치형,잔구간,0.7,0.62,2026-09-23
NAGE,1.0,3.0,390899,409535,1.17,1.18,1.0,-0.3,-2.6,매도주의,장대음봉,잔구간,0.05,-1.27,2026-09-23
BILI,1.0,15.01,2703166,2681473,40.57,49.47,0.8,-1.0,-0.9,중립,음봉,잔구간,0.32,-0.46,2026-09-23
BLND,1.0,1.12,2018652,2074818,2.26,3.15,0.7,0.0,-4.3,매도주의,음봉,전저점이탈,0.44,-1.52,2026-09-23
VET,1.0,11.68,1487335,1562322,17.37,21.11,0.8,0.9,-0.4,중립,팽이도지,잔구간,0.26,-0.145,2026-09-23
VFC,1.0,13.52,7156471,7515297,96.76,94.78,1.0,-0.1,-0.1,중립,팽이도지,잔구간,0.47,-0.02,2026-09-23
VFS,1.0,3.195,401300,406352,1.28,1.37,0.9,0.3,-1.4,중립,음봉,잔구간,0.14,-0.565,2026-09-23
FWRG,1.0,10.2,1534094,1519455,15.65,14.35,1.1,-0.2,-1.0,중립,망치형,잔구간,0.71,0.625,2026-09-23
SIBN,1.0,18.6,514723,522722,9.57,10.64,0.9,-0.3,-0.9,중립,망치형,잔구간,0.68,0.61,2026-09-23
SKDD,1.0,6.79,4393277,4612016,29.83,51.27,0.6,4.1,2.0,중립,양봉,잔구간,0.53,0.37,2026-09-23
SKHL,1.0,11.5,1678117,1625522,19.3,19.16,1.0,-4.3,-2.3,중립,음봉,잔구간,0.42,-0.4,2026-09-23
LAND,1.0,9.53,500792,517306,4.77,5.35,0.9,-0.6,-1.4,매도주의,장대음봉,잔구간,0.28,-1.13,2026-09-23
DLO,1.0,14.06,1433089,1437842,20.15,22.18,0.9,0.0,-1.4,중립,음봉,잔구간,0.04,-0.625,2026-09-23
VIPS,1.0,12.37,2881799,2887888,35.65,36.63,1.0,-1.0,-1.4,매도주의,장대음봉,잔구간,0.12,-1.23,2026-09-23
NAVN,1.0,19.66,4543615,4620254,89.33,151.39,0.6,-0.3,-5.9,강한매도,장대음봉,전저점이탈,0.17,-3.15,2026-09-23
PICS,1.0,9.3,307440,301105,2.86,3.24,0.9,-1.8,-1.0,중립,팽이도지,잔구간,0.36,-0.085,2026-09-23
MSFD,1.0,10.224,960105,940344,9.82,13.42,0.7,-0.7,0.2,중립,팽이도지,잔구간,0.68,0.11,2026-09-23
BRBR,1.0,8.44,2334035,2420686,19.7,26.62,0.7,-0.3,-5.8,강한매도,장대음봉,전저점이탈,0.04,-3.3,2026-09-23
BRSL,1.0,10.26,1844944,1790559,18.93,27.6,0.7,0.8,-2.3,중립,음봉,잔구간,0.44,-0.385,2026-09-23
UROY,1.0,4.42,2795018,2848297,12.35,27.93,0.4,-2.0,0.0,중립,팽이도지,잔구간,0.73,0.14,2026-09-23
USA,1.0,5.86,1248772,1302392,7.32,7.72,0.9,-0.2,-0.5,중립,음봉,잔구간,0.33,-0.45,2026-09-23
USAR,1.0,15.83,13262357,13820751,209.94,216.25,1.0,-1.1,-5.7,매도주의,장대음봉,잔구간,0.03,-1.28,2026-09-23
BHC,1.0,5.71,1818009,1762269,10.38,12.82,0.8,0.2,-1.9,중립,음봉,잔구간,0.16,-0.555,2026-09-23
CRNC,1.0,8.07,471528,478672,3.81,5.35,0.7,0.4,-2.3,매도주의,장대음봉,잔구간,0.35,-1.09,2026-09-23
TKNO,1.0,8.93,381702,374213,3.41,2.04,1.7,-0.9,2.8,매수관심,양봉,완만한상승,0.5,1.6,2026-09-23
TDOC,1.0,6.13,2967209,2992321,18.19,20.62,0.9,-1.1,-2.4,강한매도,장대음봉,전저점이탈,0.07,-3.27,2026-09-23
CRCT,1.0,5.89,536402,558986,3.16,3.67,0.9,0.0,1.4,강한매수,양봉,전고점돌파,0.78,2.54,2026-09-23
LILA,1.0,8.52,333838,340464,2.84,3.43,0.8,0.0,-3.1,매도주의,장대음봉,잔구간,0.08,-1.25,2026-09-23
FRNM,1.0,15.7,578478,578114,9.08,19.14,0.5,-0.1,-4.5,매도주의,장대음봉,잔구간,0.3,-1.12,2026-09-23
FISN,1.0,7.8,316279,319705,2.47,3.02,0.8,0.4,-4.3,중립,음봉,잔구간,0.31,-0.465,2026-09-23
FLO,1.0,5.81,8515045,8692055,49.47,51.52,1.0,0.5,-1.7,매도주의,음봉,전저점이탈,0.3,-1.69,2026-09-23
FLWS,1.0,2.82,564513,553290,1.59,1.72,0.9,-0.4,-0.4,매도주의,위꼬리음봉,잔구간,0.23,-0.91,2026-09-23
FWDI,1.0,8.06,2553535,2521440,20.58,18.4,1.1,-4.7,-1.7,중립,음봉,잔구간,0.11,-0.585,2026-09-23
CHRS,1.0,1.26,1617123,1688007,2.04,2.21,0.9,0.0,-3.1,중립,음봉,잔구간,0.5,-0.35,2026-09-23
MBC,1.0,7.21,3602095,3755925,25.97,26.93,1.0,-4.0,3.7,매수관심,장대양봉,잔구간,0.62,1.07,2026-09-23
LSPD,1.0,9.59,426780,434824,4.09,4.43,0.9,0.2,-0.4,중립,망치형,잔구간,0.62,0.57,2026-09-23
COMP,1.0,9.16,18087956,18212499,165.69,165.33,1.0,-1.8,-3.6,매도주의,음봉,전저점이탈,0.17,-1.85,2026-09-23
TRX,1.0,1.33,3889443,3981814,5.17,6.25,0.8,-2.8,-4.3,매도주의,장대음봉,잔구간,0.13,-1.22,2026-09-23
BHK,1.0,8.32,500220,517556,4.16,3.95,1.1,-0.2,-1.8,강한매도,장대음봉,전저점이탈,0.09,-3.24,2026-09-23
MSTY,1.0,17.23,3240343,3380128,55.83,43.76,1.3,0.2,-2.8,매도주의,장대음봉,잔구간,0.01,-1.295,2026-09-23
MUA,1.0,9.54,453783,438058,4.33,3.89,1.1,-0.4,-1.1,강한매도,장대음봉,전저점이탈,0.26,-3.04,2026-09-23
BSM,1.0,14.56,347362,350748,5.06,6.65,0.8,0.5,-1.9,강한매도,장대음봉,전저점이탈,0.0,-3.35,2026-09-23
BMM,1.0,5.26,390506,397964,2.05,3.74,0.5,-2.2,-6.9,매도주의,장대음봉,잔구간,0.08,-1.25,2026-09-23
BNL,1.0,18.91,2050095,2059540,38.77,41.7,0.9,-0.5,-0.6,중립,음봉,전저점부근,0.48,0.03,2026-09-23
UAA,1.0,4.53,10539061,11027688,47.74,49.76,1.0,-0.2,-4.2,강한매도,장대음봉,전저점이탈,0.05,-3.29,2026-09-23
UE,1.0,19.78,740691,757177,14.65,15.51,0.9,-0.6,-1.0,강한매도,장대음봉,전저점이탈,0.09,-3.24,2026-09-23
UNCY,1.0,4.81,771816,777310,3.71,4.64,0.8,-0.4,-2.6,중립,음봉,잔구간,0.35,-0.44,2026-09-23
TSLR,1.0,18.04,1476995,1538451,26.64,24.69,1.1,0.6,0.1,중립,팽이도지,전고점부근,0.28,-0.71,2026-09-23
PROK,1.0,1.65,1440852,1488033,2.38,4.05,0.6,-1.1,-8.8,강한매도,장대음봉,전저점이탈,0.0,-3.35,2026-09-23
PSFE,1.0,6.45,357853,345062,2.31,2.1,1.1,-1.0,-2.9,중립,음봉,잔구간,0.42,-0.4,2026-09-23
LYG,1.0,5.64,14789861,14216454,83.41,78.86,1.1,-1.6,-0.9,매도주의,음봉,전저점이탈,0.19,-1.82,2026-09-23
CLSK,1.0,14.46,16916747,17322523,244.62,254.65,1.0,-0.8,-3.7,매도주의,장대음봉,잔구간,0.04,-1.275,2026-09-23
CNH,1.0,13.75,17129770,16323714,235.53,247.29,1.0,-0.3,0.9,중립,위꼬리양봉,완만한상승,0.25,-0.4,2026-09-23
CGNT,1.0,8.73,664353,659045,5.8,6.51,0.9,0.5,0.7,강한매도,위꼬리양봉,전고점부근,0.37,-2.6100000000000003,2026-09-23
UNHG,1.0,17.523,540601,568380,9.47,12.25,0.8,-1.2,-0.1,중립,망치형,전저점이탈,0.73,0.53,2026-09-23
MPLT,1.0,10.77,538957,544395,5.8,7.08,0.8,0.3,-1.1,중립,망치형,잔구간,0.8,0.68,2026-09-23
BTE,1.0,4.58,18359149,17760332,84.08,85.24,1.0,1.3,-1.3,매도주의,장대음봉,잔구간,0.33,-1.1,2026-09-23
BUR,1.0,3.81,2227404,2233876,8.49,8.33,1.0,0.0,-7.1,매도주의,장대음봉,전저점부근,0.03,-1.81,2026-09-23
CCC,1.0,6.66,13353581,12933604,88.93,95.51,0.9,-0.8,2.1,매수관심,장대양봉,잔구간,0.74,1.145,2026-09-23
MITT,1.0,6.19,419364,401842,2.6,2.61,1.0,0.2,-4.0,강한매도,장대음봉,전저점이탈,0.0,-3.35,2026-09-23
MLTX,1.0,12.9,2003354,2050754,25.84,25.07,1.0,0.2,-3.8,중립,음봉,잔구간,0.46,-0.375,2026-09-23
INIO,1.0,19.99,6603338,6716505,132.0,125.62,1.1,-1.2,3.7,강한매수,양봉,완만한상승,0.83,2.0,2026-09-23
RETL,1.0,7.11,383051,373428,2.72,2.16,1.3,-0.1,-5.3,매도주의,장대음봉,잔구간,0.07,-1.26,2026-09-23
RKLX,1.0,17.54,3624102,3696877,63.57,51.26,1.2,2.6,-7.1,매도주의,장대음봉,잔구간,0.05,-1.27,2026-09-23
IAG,1.0,19.89,6153230,6462581,122.39,129.96,0.9,-3.3,-1.5,중립,음봉,잔구간,0.23,-0.51,2026-09-23
GEMI,1.0,5.63,2913413,2967016,16.4,19.5,0.8,-0.7,-4.7,중립,음봉,잔구간,0.24,-0.505,2026-09-23
GENB,1.0,16.52,1426008,1399212,23.56,21.39,1.1,-0.1,-5.3,매도주의,장대음봉,잔구간,0.05,-1.27,2026-09-23
GERN,1.0,1.24,10925293,10629723,13.55,14.1,1.0,1.5,-6.8,강한매도,장대음봉,전저점이탈,0.18,-3.13,2026-09-23
METC,1.0,9.28,1933938,1940485,17.95,22.07,0.8,-2.1,-2.3,매도주의,장대음봉,잔구간,0.15,-1.21,2026-09-23
CLB,1.0,10.63,644409,651734,6.85,6.38,1.1,-0.1,-2.7,강한매도,장대음봉,전저점이탈,0.0,-3.35,2026-09-23
NXDR,1.0,2.38,2908944,3034526,6.92,6.46,1.1,-0.8,-4.0,매도주의,장대음봉,잔구간,0.33,-1.1,2026-09-23
WRD,1.0,5.85,2396655,2501980,14.02,15.36,0.9,-0.3,-0.8,중립,음봉,잔구간,0.42,-0.4,2026-09-23
WTI,1.0,3.74,3649440,3794563,13.65,16.85,0.8,1.6,0.8,중립,팽이도지,잔구간,0.63,0.08,2026-09-23
WULF,1.0,16.35,32099843,32104170,524.83,472.9,1.1,-1.1,-4.6,매도주의,장대음봉,잔구간,0.05,-1.27,2026-09-23
AEHG,1.0,8.61,1159274,1124386,9.98,10.46,1.0,-1.9,-4.3,중립,망치형,잔구간,0.67,0.6,2026-09-23
AEO,1.0,15.92,5781530,5582384,92.04,153.24,0.6,0.0,0.0,매수관심,팽이도지,완만한상승,0.65,1.08,2026-09-23
NXH,1.0,3.35,2785811,2779000,9.33,9.88,0.9,-1.4,-4.0,매도주의,장대음봉,잔구간,0.28,-1.13,2026-09-23
SABS,1.0,3.39,406672,415745,1.38,1.97,0.7,-0.3,-2.9,중립,음봉,잔구간,0.33,-0.45,2026-09-23
GOTU,1.0,2.32,476407,477228,1.11,1.01,1.1,0.4,0.4,강한매수,양봉스프링,완만한상승,0.94,2.93,2026-09-23
GGT,1.0,4.02,354858,341033,1.43,1.58,0.9,0.5,-1.5,매도주의,장대음봉,잔구간,0.25,-1.15,2026-09-23
AG,1.0,19.05,10638110,10275666,202.66,185.16,1.1,-3.4,-2.9,매도주의,장대음봉,잔구간,0.19,-1.185,2026-09-23
AGNT,1.0,3.54,1954121,2028260,6.92,7.87,0.9,-0.3,-7.3,강한매도,장대음봉,전저점이탈,0.03,-3.31,2026-09-23
ADAM,1.0,8.43,1338799,1343210,11.29,13.34,0.8,-0.7,-3.5,강한매도,장대음봉,전저점이탈,0.03,-3.31,2026-09-23
OTF,1.0,10.39,2007630,1972275,20.86,21.73,1.0,-0.4,-0.6,매도주의,음봉,전저점이탈,0.38,-1.59,2026-09-23
SBH,1.0,16.75,1303081,1317953,21.83,22.56,1.0,-1.2,-0.1,중립,망치형,잔구간,0.83,0.7,2026-09-23
SCNI,1.0,1.98,517378,534668,1.02,13.87,0.1,-7.9,12.5,매수관심,양봉,완만한상승,0.74,1.89,2026-09-23
XZO,0.9,15.31,324796,347778,4.97,7.24,0.7,-1.0,-6.4,강한매도,장대음봉,전저점이탈,0.05,-3.29,2026-09-23
GOGO,0.9,2.3,1070687,1144828,2.46,3.91,0.6,0.0,-6.9,강한매도,장대음봉,전저점이탈,0.0,-3.35,2026-09-23
GOF,0.9,8.54,2756012,3129624,23.54,28.84,0.8,-0.6,-1.0,매도주의,장대음봉,잔구간,0.04,-1.275,2026-09-23
SBGI,0.9,12.87,426593,466227,5.49,6.55,0.8,-0.2,-2.1,강한매도,장대음봉,전저점이탈,0.17,-3.15,2026-09-23
GTE,0.9,9.97,483228,536555,4.82,6.84,0.7,1.1,0.7,중립,팽이도지,잔구간,0.58,0.05,2026-09-23
PACB,0.9,1.41,5257416,5861098,7.41,7.25,1.0,-1.4,-2.8,중립,음봉,잔구간,0.25,-0.5,2026-09-23
ADNT,0.9,17.88,854426,948169,15.28,20.35,0.8,-1.9,-0.4,중립,팽이도지,잔구간,0.45,-0.03,2026-09-23
ADMA,0.9,9.7,2595478,2812838,25.18,33.06,0.8,0.0,-1.1,중립,망치형,잔구간,0.66,0.595,2026-09-23
ACP,0.9,4.5,889325,1032794,4.0,6.42,0.6,-0.4,-0.7,매도주의,장대음봉,전저점부근,0.4,-1.37,2026-09-23
AGNC,0.9,9.91,29237240,31004951,289.74,466.38,0.6,-0.1,-1.6,매도주의,장대음봉,잔구간,0.22,-1.17,2026-09-23
GPRO,0.9,1.31,17069379,17984885,22.36,38.34,0.6,0.8,2.3,중립,양봉,잔구간,0.6,0.41,2026-09-23
NU,0.9,13.62,62880654,70082664,856.43,990.39,0.9,-0.6,-3.2,매도주의,장대음봉,잔구간,0.09,-1.245,2026-09-23
OABI,0.9,4.79,1050908,1214535,5.03,5.66,0.9,-0.4,-2.2,중립,음봉,잔구간,0.34,-0.445,2026-09-23
XERS,0.9,8.66,2042790,2188152,17.69,19.54,0.9,0.1,-0.9,중립,팽이도지,잔구간,0.28,-0.13,2026-09-23
WOOF,0.9,2.31,1903068,2035686,4.4,5.59,0.8,0.0,-3.3,강한매도,장대음봉,전저점이탈,0.11,-3.22,2026-09-23
XRPI,0.9,8.08,419023,447677,3.39,2.87,1.2,-1.2,-5.2,매도주의,장대음봉,잔구간,0.08,-1.25,2026-09-23
TSLQ,0.9,16.97,4822472,5672008,81.84,105.64,0.8,-0.6,-0.1,매수관심,팽이도지,전저점부근,0.72,1.01,2026-09-23
TSLL,0.9,10.39,57637149,62584187,598.85,575.59,1.0,0.7,0.1,중립,팽이도지,전고점부근,0.3,-0.69,2026-09-23
CIK,0.9,2.34,630144,724322,1.47,1.7,0.9,0.8,-1.7,매도주의,장대음봉,전저점부근,0.2,-1.61,2026-09-23
MDXG,0.9,4.77,1003284,1063445,4.79,6.41,0.7,0.0,-3.2,중립,음봉,잔구간,0.31,-0.465,2026-09-23
MDU,0.9,18.39,1528069,1751202,28.1,39.08,0.7,-0.5,-0.4,중립,망치형,전저점이탈,0.55,0.31,2026-09-23
FUN,0.9,12.43,2030062,2229872,25.23,27.79,0.9,1.7,-0.6,중립,망치형,잔구간,0.62,0.57,2026-09-23
FUBO,0.9,9.63,1437111,1552129,13.84,14.74,0.9,-0.6,-4.4,강한매도,장대음봉,전저점이탈,0.08,-3.25,2026-09-23
IBRX,0.9,8.63,13954480,15333537,120.43,108.35,1.1,-0.3,-6.8,매도주의,장대음봉,잔구간,0.04,-1.275,2026-09-23
RKT,0.9,12.15,42259213,49420568,513.45,478.29,1.1,-1.6,-3.0,매도주의,장대음봉,전저점부근,0.09,-1.74,2026-09-23
CALY,0.9,14.59,1751022,1998132,25.55,36.59,0.7,-1.1,-0.3,중립,팽이도지,잔구간,0.55,0.03,2026-09-23
CAL,0.9,12.36,481620,548182,5.95,8.82,0.7,-1.7,-1.7,중립,음봉,잔구간,0.3,-0.47,2026-09-23
BTZ,0.9,9.43,563266,595521,5.31,4.69,1.1,0.1,-1.8,강한매도,장대음봉,전저점이탈,0.14,-3.18,2026-09-23
CBRG,0.9,3.64,10482332,11809704,38.16,33.84,1.1,-1.3,-5.5,중립,음봉,잔구간,0.19,-0.535,2026-09-23
MIR,0.9,16.38,3203451,3514693,52.47,59.16,0.9,-1.5,0.9,중립,양봉,잔구간,0.81,0.535,2026-09-23
PRMB,0.9,19.75,3563207,4102798,70.37,88.77,0.8,-0.4,1.0,중립,양봉,잔구간,0.73,0.49,2026-09-23
UPWK,0.9,8.18,1977623,2305264,16.18,24.69,0.7,0.0,-2.0,매도주의,장대음봉,전저점부근,0.19,-1.62,2026-09-23
CHPT,0.9,9.23,1528751,1725355,14.11,16.07,0.9,-0.9,-5.4,매도주의,장대음봉,잔구간,0.28,-1.13,2026-09-23
CMPS,0.9,13.75,2581795,2882510,35.5,50.18,0.7,-0.8,-6.2,매도주의,장대음봉,잔구간,0.01,-1.295,2026-09-23
CLVT,0.9,1.83,3900195,4551507,7.14,10.0,0.7,0.5,-3.7,강한매도,장대음봉,전저점이탈,0.0,-3.35,2026-09-23
PTRN,0.9,19.36,1654952,1941857,32.04,37.11,0.9,-0.9,-4.3,매도주의,장대음봉,수횡파,0.09,-1.89,2026-09-23
PTLO,0.9,3.65,1377362,1519332,5.03,5.69,0.9,-0.5,-2.1,매도주의,음봉,전저점이탈,0.35,-1.63,2026-09-23
PSKY,0.9,9.96,33618745,37520176,334.84,304.04,1.1,-0.1,-1.4,중립,음봉,잔구간,0.39,-0.415,2026-09-23
PRTA,0.9,8.68,357843,401548,3.11,4.44,0.7,-0.6,-2.9,매도주의,장대음봉,잔구간,0.05,-1.27,2026-09-23
CBRZ,0.9,8.06,362298,392410,2.92,3.9,0.7,-0.1,6.1,매수관심,장대양봉,잔구간,0.76,1.155,2026-09-23
TWI,0.9,7.24,409853,474159,2.97,3.62,0.8,-0.4,-2.9,매도주의,장대음봉,잔구간,0.0,-1.3,2026-09-23
BMBL,0.9,2.68,1660152,1831870,4.45,6.64,0.7,-0.7,-4.6,강한매도,장대음봉,전저점이탈,0.13,-3.19,2026-09-23
BLOX,0.9,14.67,310033,358649,4.55,4.67,1.0,-1.3,-2.0,매도주의,장대음봉,잔구간,0.12,-1.23,2026-09-23
BTBT,0.9,1.77,24783519,27311805,43.87,47.42,0.9,-0.8,-4.1,매도주의,장대음봉,잔구간,0.09,-1.245,2026-09-23
POWW,0.9,2.3,496334,549191,1.14,1.38,0.8,0.8,-3.8,매도주의,장대음봉,잔구간,0.05,-1.27,2026-09-23
PLUG,0.9,2.04,41213897,45241559,84.08,94.31,0.9,0.5,-3.8,매도주의,장대음봉,수횡파,0.11,-1.87,2026-09-23
MUD,0.9,9.02,4863126,5650986,43.87,57.37,0.8,-0.3,2.4,매수관심,장대양봉,잔구간,0.78,1.17,2026-09-23
BHVN,0.9,13.67,2742903,3188350,37.5,52.26,0.7,-0.1,-7.9,매도주의,장대음봉,잔구간,0.12,-1.23,2026-09-23
QFIN,0.9,7.61,1760986,2016519,13.4,15.01,0.9,-0.9,-2.4,강한매도,장대음봉,전저점이탈,0.04,-3.3,2026-09-23
PURR,0.9,13.94,23196248,25963138,323.36,335.61,1.0,-1.8,1.8,중립,양봉,잔구간,0.64,0.435,2026-09-23
PUMP,0.9,9.8,3975846,4323235,38.96,46.8,0.8,0.7,-3.0,강한매도,장대음봉,전저점이탈,0.08,-3.25,2026-09-23
LYFT,0.9,14.77,8914576,9602765,131.67,162.46,0.8,0.1,-1.0,매도주의,음봉,전저점이탈,0.48,-1.47,2026-09-23
COTY,0.9,2.64,4916680,5487288,12.98,14.33,0.9,-0.7,-0.4,중립,팽이도지,잔구간,0.44,-0.035,2026-09-23
CNTB,0.9,1.07,1410191,1582976,1.51,3.51,0.4,-0.4,-11.6,매도주의,장대음봉,전저점부근,0.03,-1.81,2026-09-23
LUNR,0.9,15.24,7216231,8310558,109.98,117.18,0.9,-0.6,-5.6,매도주의,장대음봉,잔구간,0.12,-1.23,2026-09-23
MBI,0.9,4.51,437338,494795,1.97,2.25,0.9,-0.2,-0.2,중립,망치형,잔구간,0.82,0.69,2026-09-23
MBGL,0.9,18.88,2910497,3280141,54.95,79.26,0.7,-0.5,-0.6,중립,음봉,전저점부근,0.25,-0.25,2026-09-23
LZ,0.9,5.79,2226348,2502832,12.89,16.67,0.8,0.7,-2.7,매도주의,장대음봉,잔구간,0.22,-1.17,2026-09-23
CIFU,0.9,11.915,650846,752287,7.75,7.91,1.0,-2.0,-5.4,중립,음봉,잔구간,0.05,-0.62,2026-09-23
FWRD,0.9,15.06,451671,495655,6.8,7.78,0.9,0.0,-0.5,중립,망치형,잔구간,0.84,0.705,2026-09-23
LAES,0.9,2.3,4976229,5521349,11.45,11.73,1.0,5.3,-7.1,매도주의,장대음봉,잔구간,0.05,-1.27,2026-09-23
CRESY,0.9,12.71,308693,331313,3.92,3.93,1.0,-0.9,3.4,매수관심,장대양봉,잔구간,0.86,1.215,2026-09-23
TIGR,0.9,4.71,1622948,1788262,7.64,9.41,0.8,-0.8,-2.7,매도주의,장대음봉,잔구간,0.06,-1.265,2026-09-23
TMC,0.9,4.065,4582094,5345066,18.63,18.9,1.0,-2.5,-5.5,매도주의,장대음봉,잔구간,0.09,-1.245,2026-09-23
TLK,0.9,13.47,829373,973613,11.17,11.85,0.9,0.1,-1.5,강한매도,장대음봉,전저점이탈,0.21,-3.1,2026-09-23
UUUG,0.9,2.91,511475,550353,1.49,1.38,1.1,-2.2,-6.7,매도주의,장대음봉,잔구간,0.09,-1.245,2026-09-23
USGG,0.9,5.15,550291,628647,2.83,3.04,0.9,-2.7,-11.2,매도주의,장대음봉,잔구간,0.03,-1.28,2026-09-23
URG,0.9,1.16,5408786,5990529,6.27,9.0,0.7,0.0,-4.1,강한매도,장대음봉,전저점이탈,0.0,-3.35,2026-09-23
BCAT,0.9,13.95,1202513,1361672,16.78,24.42,0.7,0.1,-1.8,강한매도,장대음봉,전저점이탈,0.04,-3.3,2026-09-23
VIR,0.9,11.09,1685268,1971880,18.69,25.95,0.7,-0.5,-3.1,중립,음봉,잔구간,0.35,-0.44,2026-09-23
VGZ,0.9,2.74,2686346,3146105,7.36,6.49,1.1,-3.2,0.4,중립,팽이도지,잔구간,0.67,0.1,2026-09-23
DHY,0.9,1.63,854761,952953,1.39,1.45,1.0,0.6,-1.8,매도주의,장대음봉,잔구간,0.25,-1.15,2026-09-23
DHC,0.9,8.13,2082596,2219471,16.93,18.16,0.9,-0.9,0.4,중립,팽이도지,잔구간,0.64,0.085,2026-09-23
DFNS,0.9,7.87,333063,372191,2.62,4.65,0.6,-4.2,-1.6,중립,팽이도지,잔구간,0.48,-0.01,2026-09-23
CSIQ,0.9,11.34,1600034,1779639,18.14,21.37,0.8,-0.9,-2.7,중립,음봉,잔구간,0.32,-0.46,2026-09-23
DBI,0.9,6.22,563487,642661,3.5,6.11,0.6,-1.4,-1.3,중립,음봉,잔구간,0.51,-0.345,2026-09-23
CYH,0.9,3.01,996949,1062044,3.0,3.62,0.8,-1.0,0.7,중립,팽이도지,잔구간,0.44,-0.035,2026-09-23
LDI,0.9,0.673,6934980,8156166,4.67,7.32,0.6,-0.9,-7.2,강한매도,장대음봉,전저점이탈,0.0,-3.35,2026-09-23
LCID,0.9,4.16,10907805,12423378,45.38,53.78,0.8,-1.2,-2.6,중립,음봉,잔구간,0.37,-0.43,2026-09-23
SKHX,0.9,17.84,1573823,1679034,28.08,34.22,0.8,-3.7,-2.7,중립,음봉,잔구간,0.43,-0.39,2026-09-23
SID,0.9,1.14,8256909,8784283,9.41,12.27,0.8,-0.8,-2.6,중립,음봉,잔구간,0.27,-0.49,2026-09-23
NEXT,0.9,6.68,2101260,2447496,14.04,19.65,0.7,0.6,-1.9,중립,음봉,전저점부근,0.1,-0.43,2026-09-23
NEOG,0.9,13.57,3676827,3990462,49.89,48.36,1.0,1.6,-4.5,매도주의,장대음봉,잔구간,0.1,-1.24,2026-09-23
BATL,0.9,1.1,3773445,4252012,4.15,8.12,0.5,0.0,0.9,중립,위꼬리양봉,잔구간,0.5,-0.5,2026-09-23
BEKE,0.9,16.59,5231296,5615492,86.79,77.86,1.1,0.3,1.0,매수관심,양봉,완만한상승,0.69,1.83,2026-09-23
BCYC,0.9,3.6,374248,405587,1.35,2.1,0.6,-0.3,-3.2,매도주의,장대음봉,전저점부근,0.2,-1.61,2026-09-23
KD,0.9,12.11,2796859,3284194,33.87,49.02,0.7,0.3,0.1,중립,팽이도지,잔구간,0.3,-0.12,2026-09-23
RAM,0.9,14.47,7918858,8633362,114.59,125.09,0.9,-1.3,-4.5,매도주의,장대음봉,잔구간,0.15,-1.21,2026-09-23
QXO,0.9,12.28,20877162,23472793,256.37,242.09,1.1,-0.6,-3.3,매도주의,장대음봉,잔구간,0.09,-1.245,2026-09-23
QUAD,0.9,9.25,367128,401175,3.4,3.74,0.9,-0.6,-3.2,매도주의,장대음봉,전저점부근,0.14,-1.68,2026-09-23
DFDV,0.9,5.77,2029706,2232486,11.71,16.41,0.7,-3.0,-5.3,매도주의,장대음봉,잔구간,0.12,-1.23,2026-09-23
DSGN,0.9,12.36,738275,793157,9.13,12.94,0.7,-0.7,-5.4,매도주의,장대음봉,잔구간,0.21,-1.175,2026-09-23
DNP,0.9,9.97,761633,874851,7.59,9.4,0.8,0.4,-1.7,매도주의,장대음봉,잔구간,0.0,-1.3,2026-09-23
KRNY,0.9,9.34,394072,445628,3.68,4.91,0.7,0.0,-2.2,강한매도,장대음봉,전저점이탈,0.05,-3.29,2026-09-23
CWK,0.9,12.33,1564541,1717886,19.29,22.25,0.9,-1.2,-2.9,매도주의,장대음봉,잔구간,0.04,-1.275,2026-09-23
HLF,0.9,11.99,1248777,1369813,14.97,17.71,0.8,-0.7,-1.3,매도주의,장대음봉,잔구간,0.29,-1.125,2026-09-23
HYPD,0.9,3.92,409631,464951,1.61,2.04,0.8,-2.5,0.8,매수관심,양봉스프링,잔구간,1.0,1.05,2026-09-23
HPP,0.9,11.69,464281,533715,5.43,7.24,0.7,-0.9,-2.3,중립,음봉,잔구간,0.23,-0.51,2026-09-23
JBI,0.9,4.26,2051643,2396913,8.74,12.0,0.7,-1.1,-3.6,매도주의,장대음봉,전저점부근,0.11,-1.72,2026-09-23
ITUB,0.9,8.18,17557454,19902747,143.62,204.73,0.7,0.1,-3.1,매도주의,장대음봉,잔구간,0.03,-1.28,2026-09-23
DSP,0.9,12.29,487056,562524,5.99,8.48,0.7,0.4,-4.7,매도주의,장대음봉,잔구간,0.38,-1.07,2026-09-23
JKS,0.9,9.91,742432,807020,7.36,8.69,0.8,-1.1,-4.4,강한매도,장대음봉,전저점이탈,0.0,-3.35,2026-09-23
SUIG,0.9,1.47,1193365,1338212,1.75,1.53,1.1,-2.6,-2.0,중립,망치형,잔구간,0.54,0.525,2026-09-23
STNE,0.9,9.49,3945765,4190859,37.45,47.4,0.8,-0.4,-3.4,매도주의,장대음봉,전저점부근,0.03,-1.81,2026-09-23
ECAT,0.9,14.27,437767,463282,6.25,10.26,0.6,0.1,-2.1,매도주의,장대음봉,잔구간,0.06,-1.265,2026-09-23
EAF,0.9,11.36,956387,1044453,10.86,6.81,1.6,-1.7,3.1,중립,양봉,전고점부근,0.45,0.19,2026-09-23
DYN,0.9,16.23,2636264,2938063,42.79,63.95,0.7,-0.4,-5.0,강한매도,장대음봉,전저점이탈,0.06,-3.28,2026-09-23
AUPH,0.9,16.4,787299,913523,12.91,14.28,0.9,-0.5,-1.1,중립,음봉,잔구간,0.21,-0.525,2026-09-23
BBWI,0.9,17.02,6311373,7388983,107.42,117.56,0.9,-1.0,0.1,중립,팽이도지,잔구간,0.7,0.12,2026-09-23
BBOT,0.9,4.16,540245,569161,2.25,5.8,0.4,-1.1,-9.8,강한매도,장대음봉,전저점이탈,0.17,-3.15,2026-09-23
NCPL,0.9,1.04,22747940,24345140,23.66,22.41,1.1,5.2,2.0,중립,위꼬리양봉,완만한상승,0.05,-0.64,2026-09-23
NCNO,0.9,19.23,2002205,2307793,38.5,53.18,0.7,-0.2,-2.0,매도주의,음봉,전저점이탈,0.28,-1.71,2026-09-23
PDYN,0.9,5.44,770201,837111,4.19,5.03,0.8,0.0,-4.2,강한매도,장대음봉,전저점이탈,0.08,-3.25,2026-09-23
VNCE,0.9,11.11,612467,697073,6.8,7.23,0.9,-1.1,10.8,중립,양봉,전고점부근,0.55,0.31,2026-09-23
VLN,0.9,1.92,643592,754299,1.24,1.24,1.0,-1.0,1.1,매수관심,양봉스프링,전고점부근,1.0,1.65,2026-09-23
NIO,0.9,3.67,24704906,26169585,90.67,123.48,0.7,-1.1,-0.3,매도주의,위꼬리음봉,잔구간,0.17,-0.95,2026-09-23
KARD,0.9,14.52,654262,717409,9.5,20.5,0.5,0.4,-12.0,강한매도,장대음봉,전저점이탈,0.12,-3.21,2026-09-23
JRVR,0.9,3.59,328412,352570,1.18,1.34,0.9,-0.8,-3.2,매도주의,장대음봉,전저점부근,0.14,-1.68,2026-09-23
SPCF,0.9,16.22,980823,1142047,15.91,23.46,0.7,-2.2,-6.7,매도주의,장대음봉,잔구간,0.07,-1.26,2026-09-23
EVV,0.9,8.48,802465,877336,6.8,5.86,1.2,0.0,-1.3,강한매도,장대음봉,전저점이탈,0.19,-3.12,2026-09-23
EVGO,0.9,1.36,2978998,3205770,4.05,6.21,0.7,0.0,-7.5,매도주의,장대음봉,잔구간,0.0,-1.3,2026-09-23
ELVA,0.9,6.45,307546,361374,1.98,2.17,0.9,-0.9,-3.3,매도주의,장대음봉,잔구간,0.0,-1.3,2026-09-23
FRMI,0.9,4.82,13513889,15277526,65.14,90.54,0.7,-2.1,-4.2,매도주의,장대음봉,잔구간,0.04,-1.275,2026-09-23
INDI,0.9,3.07,4361698,5129883,13.39,17.77,0.8,-0.3,-3.8,매도주의,장대음봉,잔구간,0.29,-1.125,2026-09-23
IMPP,0.9,5.3,444763,503228,2.36,3.92,0.6,-0.6,-1.9,매도주의,음봉,전저점이탈,0.39,-1.58,2026-09-23
IMMX,0.9,11.92,1168237,1257599,13.93,19.04,0.7,-0.2,-6.9,매도주의,장대음봉,잔구간,0.19,-1.185,2026-09-23
IRE,0.9,12.24,5007869,5839673,61.3,61.16,1.0,-1.5,-4.9,중립,음봉,잔구간,0.02,-0.64,2026-09-23
IOVA,0.9,10.19,15917341,17876027,162.2,156.79,1.0,0.5,-4.7,매도주의,장대음봉,잔구간,0.1,-1.24,2026-09-23
AMRX,0.9,19.33,3575238,3970399,69.11,55.54,1.2,1.0,-1.9,중립,음봉,잔구간,0.41,-0.405,2026-09-23
SABR,0.9,2.19,6133883,6646437,13.43,17.33,0.8,-1.3,-2.2,중립,음봉,잔구간,0.33,-0.45,2026-09-23
RYN,0.9,19.86,2864378,3344058,56.89,69.41,0.8,-0.5,-1.3,중립,음봉,수횡파,0.07,-0.62,2026-09-23
SFL,0.9,12.72,1580805,1778169,20.11,21.55,0.9,0.2,-0.7,중립,망치형,전저점이탈,0.73,0.53,2026-09-23
SES,0.9,0.523,19157487,21330621,10.02,15.31,0.7,-1.1,-5.1,매도주의,장대음봉,잔구간,0.2,-1.18,2026-09-23
OEC,0.9,6.01,345821,398215,2.08,2.62,0.8,-0.3,-0.5,중립,팽이도지,잔구간,0.4,-0.06,2026-09-23
OCUL,0.9,10.0,2089389,2403357,20.89,26.9,0.8,-0.2,-4.6,매도주의,장대음봉,잔구간,0.29,-1.125,2026-09-23
EYE,0.9,16.36,2390001,2657004,39.1,47.64,0.8,-0.7,-0.7,중립,팽이도지,잔구간,0.43,-0.04,2026-09-23
SMPL,0.9,9.59,1858132,2029232,17.82,26.26,0.7,0.2,-4.4,강한매도,장대음봉,전저점이탈,0.02,-3.33,2026-09-23
SMCZ,0.9,4.61,1929274,2153795,8.89,14.4,0.6,-4.1,4.8,중립,양봉,잔구간,0.64,0.435,2026-09-23
SLNH,0.9,1.24,6169936,6706614,7.65,8.75,0.9,-1.6,-1.6,중립,음봉,잔구간,0.0,-0.65,2026-09-23
ETHT,0.9,19.48,1807500,1928918,35.21,37.47,0.9,-2.9,-2.7,중립,음봉,잔구간,0.48,-0.36,2026-09-23
SNDX,0.9,17.64,2086692,2220285,36.81,36.59,1.0,0.1,-3.1,중립,음봉,잔구간,0.4,-0.41,2026-09-23
SND,0.9,5.07,306314,338203,1.55,1.5,1.0,0.8,-1.0,중립,음봉,잔구간,0.53,-0.33,2026-09-23
PDBC,0.9,19.61,4992580,5303193,97.9,105.68,0.9,0.4,0.9,매수관심,장대양봉,잔구간,0.87,1.22,2026-09-23
ALIT,0.9,12.54,379480,405907,4.76,5.48,0.9,-0.5,-2.3,중립,음봉,잔구간,0.31,-0.465,2026-09-23
AKR,0.9,19.11,946884,1070410,18.09,27.88,0.6,-0.8,-0.6,매도주의,음봉,전저점이탈,0.21,-1.8,2026-09-23
AIOT,0.9,2.9,1285341,1463351,3.73,4.19,0.9,0.0,-2.7,중립,음봉,잔구간,0.07,-0.61,2026-09-23
ALTO,0.9,3.73,969683,1021156,3.62,4.93,0.7,0.3,-2.6,강한매도,장대음봉,전저점이탈,0.17,-3.15,2026-09-23
GSBD,0.9,9.64,810959,867339,7.82,7.8,1.0,-0.1,-0.8,매도주의,장대음봉,잔구간,0.2,-1.18,2026-09-23
GRNT,0.9,4.51,1170648,1281326,5.28,8.23,0.6,0.9,-1.7,매도주의,음봉,전저점이탈,0.18,-1.83,2026-09-23
GRND,0.9,15.44,1321583,1479805,20.41,22.6,0.9,-0.2,-3.1,매도주의,장대음봉,잔구간,0.08,-1.25,2026-09-23
GLUE,0.9,11.89,1175822,1326574,13.98,17.43,0.8,0.0,-5.6,강한매도,장대음봉,전저점이탈,0.21,-3.1,2026-09-23
GLNK,0.9,10.88,421467,472430,4.59,5.68,0.8,-2.3,-3.4,매도주의,장대음봉,잔구간,0.29,-1.125,2026-09-23
ORN,0.9,9.0,448894,486504,4.04,3.87,1.0,-0.3,0.0,중립,팽이도지,잔구간,0.52,0.01,2026-09-23
ORC,0.9,5.94,5064076,5484650,30.08,31.36,1.0,-0.2,-2.8,강한매도,장대음봉,전저점이탈,0.05,-3.29,2026-09-23
OPK,0.9,1.7,1783770,2035240,3.03,4.25,0.7,-1.2,-0.6,중립,팽이도지,잔구간,0.33,-0.1,2026-09-23
OPEN,0.9,2.58,35164727,37545506,90.72,97.45,0.9,-0.4,-6.2,매도주의,장대음봉,잔구간,0.11,-1.235,2026-09-23
YEXT,0.9,6.44,829094,970979,5.34,6.97,0.8,0.0,1.1,중립,양봉,잔구간,0.78,0.52,2026-09-23
ADT,0.9,6.34,7981387,9053723,50.6,61.25,0.8,-0.2,-2.9,강한매도,장대음봉,전저점이탈,0.11,-3.22,2026-09-23
ZVRA,0.9,11.32,735893,855833,8.33,10.52,0.8,0.0,-2.2,강한매도,장대음봉,전저점이탈,0.4,-2.87,2026-09-23
AAOG,0.9,2.13,2587229,2976440,5.51,6.18,0.9,-2.1,-9.7,매도주의,장대음봉,잔구간,0.1,-1.24,2026-09-23
ABCL,0.9,12.31,3854932,4485964,47.45,55.27,0.9,-0.9,-1.8,중립,음봉,잔구간,0.38,-0.42,2026-09-23
AAL,0.8,13.35,64861796,79851842,865.9,988.99,0.9,-1.0,-1.0,중립,음봉,잔구간,0.22,-0.52,2026-09-23
AAOX,0.8,9.56,8059252,9770447,77.05,81.67,0.9,-1.5,-10.2,매도주의,장대음봉,잔구간,0.07,-1.26,2026-09-23
AAPD,0.8,10.175,5223182,6491278,53.15,111.87,0.5,-0.4,1.2,매수관심,장대양봉,잔구간,0.8,1.18,2026-09-23
AEVA,0.8,15.22,1145987,1399488,17.44,22.3,0.8,-0.5,-0.8,중립,망치형,잔구간,0.81,0.685,2026-09-23
WYFI,0.8,19.05,971600,1280303,18.51,23.62,0.8,-1.5,-4.4,매도주의,장대음봉,잔구간,0.03,-1.28,2026-09-23
WU,0.8,6.09,8122993,10194276,49.47,64.33,0.8,-0.5,-1.6,강한매도,장대음봉,전저점이탈,0.03,-3.31,2026-09-23
AIRS,0.8,2.16,730168,898672,1.58,2.01,0.8,0.0,-14.6,매도주의,장대음봉,잔구간,0.05,-1.27,2026-09-23
AMPG,0.8,3.38,569498,712067,1.92,2.3,0.8,0.7,-1.5,중립,음봉,잔구간,0.5,-0.35,2026-09-23
NWL,0.8,5.68,4830884,6128964,27.44,35.78,0.8,0.0,-1.6,중립,음봉,잔구간,0.21,-0.525,2026-09-23
PACK,0.8,4.18,469262,589889,1.96,2.17,0.9,-0.5,-0.5,중립,팽이도지,잔구간,0.58,0.05,2026-09-23
OTLK,0.8,0.662,2932303,3697110,1.94,2.53,0.8,1.2,-6.1,매도주의,장대음봉,잔구간,0.0,-1.3,2026-09-23
OSTX,0.8,1.65,654500,772819,1.08,1.53,0.7,-0.6,-6.3,매도주의,장대음봉,잔구간,0.08,-1.25,2026-09-23
OSS,0.8,9.18,516152,674803,4.74,6.24,0.8,-1.5,-1.4,중립,음봉,잔구간,0.56,-0.315,2026-09-23
OSPN,0.8,18.01,483057,641311,8.7,11.98,0.7,0.7,2.6,강한매수,장대양봉,완만한상승,0.97,3.46,2026-09-23
AMBP,0.8,4.45,1561537,1899259,6.95,10.06,0.7,-0.2,-1.3,매도주의,음봉,전저점이탈,0.45,-1.51,2026-09-23
ALM,0.8,13.62,4819309,5980074,65.64,96.16,0.7,-3.9,-1.2,중립,음봉,잔구간,0.39,-0.415,2026-09-23
WIW,0.8,7.96,427837,543977,3.41,3.51,1.0,-0.7,-0.9,강한매도,장대음봉,전저점이탈,0.0,-3.35,2026-09-23
WDCX,0.8,18.98,1397966,1658770,26.53,26.25,1.0,-1.0,5.1,매수관심,양봉,전고점부근,0.96,0.8,2026-09-23
AOD,0.8,10.35,314525,407755,3.26,3.74,0.9,-0.6,-0.7,중립,음봉,잔구간,0.33,-0.45,2026-09-23
ARKO,0.8,4.23,581085,716386,2.46,4.7,0.5,-0.9,-1.9,매도주의,장대음봉,잔구간,0.11,-1.235,2026-09-23
PBI,0.8,16.27,1518173,1831302,24.7,33.83,0.7,-0.1,-1.8,강한매도,장대음봉,전저점이탈,0.09,-3.24,2026-09-23
NVDQ,0.8,8.37,5120100,6231723,42.86,45.66,0.9,0.7,2.2,중립,양봉,잔구간,0.68,0.46,2026-09-23
NVAX,0.8,10.55,5773245,6858068,60.91,59.33,1.0,-0.4,-2.2,중립,음봉,잔구간,0.18,-0.54,2026-09-23
NVA,0.8,5.6,337607,427531,1.89,3.65,0.5,-2.0,-4.1,매도주의,장대음봉,전저점부근,0.34,-1.44,2026-09-23
NTSK,0.8,18.57,5997204,7788632,111.37,148.19,0.8,0.1,-0.0,중립,팽이도지,완만한상승,0.38,0.76,2026-09-23
OBE,0.8,11.21,643284,843853,7.21,14.19,0.5,1.6,-1.1,중립,음봉,잔구간,0.23,-0.51,2026-09-23
NXE,0.8,9.63,2709472,3557979,26.09,38.58,0.7,-0.7,-2.7,매도주의,장대음봉,잔구간,0.0,-1.3,2026-09-23
ARDT,0.8,10.64,427227,503081,4.55,5.16,0.9,-2.2,-0.7,중립,팽이도지,잔구간,0.3,-0.12,2026-09-23
AQST,0.8,4.7,1951994,2468930,9.17,12.44,0.7,-0.6,-4.5,매도주의,장대음봉,잔구간,0.0,-1.3,2026-09-23
APLX,0.8,8.65,1711837,2105804,14.81,14.35,1.0,1.8,-10.7,매도주의,장대음봉,잔구간,0.03,-1.28,2026-09-23
VSTS,0.8,13.87,1325793,1731394,18.39,26.13,0.7,-0.9,-3.0,매도주의,장대음봉,잔구간,0.02,-1.29,2026-09-23
ARX,0.8,19.72,2301079,2913508,45.38,42.81,1.1,-0.5,0.1,중립,양봉,잔구간,0.55,0.38,2026-09-23
ARR,0.8,14.6,3384308,4226867,49.41,74.18,0.7,-0.3,-2.3,강한매도,장대음봉,전저점이탈,0.07,-3.27,2026-09-23
VNM,0.8,17.32,333549,427440,5.78,10.99,0.5,-0.5,-0.6,매도주의,장대음봉,전저점부근,0.0,-1.85,2026-09-23
VNET,0.8,6.92,2641392,3489079,18.28,26.14,0.7,-1.3,-2.0,중립,음봉,잔구간,0.55,-0.32,2026-09-23
ATOM,0.8,4.31,382792,496132,1.65,1.82,0.9,-0.7,-3.1,매도주의,장대음봉,잔구간,0.15,-1.21,2026-09-23
BBDC,0.8,8.66,371931,462007,3.22,4.83,0.7,0.1,-1.3,매도주의,장대음봉,잔구간,0.06,-1.265,2026-09-23
BBAI,0.8,2.84,11838147,15318248,33.62,44.57,0.8,-0.3,-1.4,매도주의,장대음봉,잔구간,0.0,-1.3,2026-09-23
PGEN,0.8,7.44,5563947,6777790,41.4,36.96,1.1,0.8,-6.4,매도주의,장대음봉,잔구간,0.3,-1.12,2026-09-23
PFLT,0.8,7.02,553116,725397,3.88,5.21,0.7,-0.1,-1.1,매도주의,장대음봉,잔구간,0.09,-1.245,2026-09-23
PENN,0.8,15.56,2332307,2986376,36.29,56.66,0.6,-0.9,-1.3,매도주의,음봉,전저점이탈,0.06,-1.98,2026-09-23
NMRK,0.8,13.13,1859422,2433808,24.41,31.81,0.8,-0.6,-5.3,강한매도,장대음봉,전저점이탈,0.05,-3.29,2026-09-23
NG,0.8,7.26,5653599,6746378,41.05,52.93,0.8,-3.5,-3.2,중립,음봉,잔구간,0.36,-0.435,2026-09-23
NSLR,0.8,8.29,351481,432444,2.91,6.41,0.5,-0.8,0.7,매수관심,양봉스프링,잔구간,0.9,0.99,2026-09-23
BEZ,0.8,5.545,2724279,3439913,15.11,21.68,0.7,-0.7,1.7,중립,팽이도지,잔구간,0.64,0.085,2026-09-23
BDTX,0.8,1.9,613848,739055,1.17,1.31,0.9,-0.5,-3.6,중립,음봉,전저점부근,0.42,-0.05,2026-09-23
BCRX,0.8,8.57,4466765,5540256,38.28,50.7,0.8,-0.3,-2.1,중립,음봉,잔구간,0.28,-0.48,2026-09-23
VIVO,0.8,3.86,317195,416269,1.22,1.2,1.0,0.0,0.3,중립,팽이도지,잔구간,0.31,-0.115,2026-09-23
VISN,0.8,6.45,5710748,7052217,36.83,57.51,0.6,0.2,-0.6,중립,음봉,잔구간,0.35,-0.44,2026-09-23
VELO,0.8,10.97,754312,946767,8.27,10.29,0.8,-0.6,-4.2,매도주의,장대음봉,잔구간,0.14,-1.215,2026-09-23
BKKT,0.8,8.81,1518374,1867032,13.38,12.95,1.0,-2.4,-7.3,매도주의,장대음봉,잔구간,0.04,-1.275,2026-09-23
BIZD,0.8,12.94,1695823,2120092,21.94,32.12,0.7,-0.1,-1.1,매도주의,장대음봉,전저점부근,0.11,-1.72,2026-09-23
BITU,0.8,15.58,4186706,5217688,65.23,73.11,0.9,-1.5,-2.6,중립,음봉,잔구간,0.4,-0.41,2026-09-23
BITO,0.8,11.35,70174598,91724663,796.48,913.03,0.9,-0.7,-1.3,중립,음봉,잔구간,0.39,-0.415,2026-09-23
PLTK,0.8,2.2,796260,1040814,1.75,2.88,0.6,-0.4,-4.8,매도주의,장대음봉,잔구간,0.0,-1.3,2026-09-23
PL,0.8,16.38,7523297,9464951,123.23,169.28,0.7,-0.4,-2.8,매도주의,장대음봉,잔구간,0.1,-1.24,2026-09-23
PK,0.8,15.07,2172604,2784051,32.74,44.99,0.7,-0.3,-0.5,중립,음봉,잔구간,0.44,-0.385,2026-09-23
PINS,0.8,18.45,14749393,17618034,272.13,353.72,0.8,0.2,0.1,매수관심,양봉스프링,잔구간,0.8,0.93,2026-09-23
NB,0.8,3.51,2035424,2513524,7.14,9.32,0.8,-0.5,-5.4,매도주의,장대음봉,잔구간,0.0,-1.3,2026-09-23
NAVI,0.8,9.16,1305975,1682922,11.96,16.45,0.7,-0.9,-2.4,매도주의,음봉,전저점이탈,0.25,-1.75,2026-09-23
NAT,0.8,7.62,4926364,6071606,37.54,43.94,0.9,0.9,-1.4,중립,망치형,잔구간,0.65,0.59,2026-09-23
UUUU,0.8,11.6,6915036,8392663,80.21,96.23,0.8,-1.4,-3.1,매도주의,장대음봉,잔구간,0.05,-1.27,2026-09-23
BTDR,0.8,12.31,7545540,9739172,92.89,118.96,0.8,-2.0,-4.1,매도주의,장대음봉,잔구간,0.08,-1.25,2026-09-23
ULCC,0.8,5.84,1977787,2555353,11.55,15.67,0.7,-1.3,-4.6,매도주의,장대음봉,잔구간,0.0,-1.3,2026-09-23
UAMY,0.8,4.6,4017795,4948776,18.48,24.72,0.7,-1.7,-2.5,매도주의,장대음봉,잔구간,0.21,-1.175,2026-09-23
BV,0.8,10.14,633561,759410,6.42,11.06,0.6,-0.3,-4.7,강한매도,장대음봉,전저점이탈,0.07,-3.27,2026-09-23
CAN,0.8,0.386,9946506,11714111,3.84,5.85,0.7,-4.2,-2.0,중립,음봉,잔구간,0.46,-0.375,2026-09-23
CFFN,0.8,8.69,743512,969710,6.46,9.33,0.7,-0.2,-1.4,매도주의,장대음봉,수횡파,0.07,-1.92,2026-09-23
TUA,0.8,19.09,411821,514067,7.86,13.19,0.6,-0.2,-1.1,강한매도,장대음봉,전저점이탈,0.28,-3.01,2026-09-23
TTI,0.8,5.97,1423137,1811717,8.5,12.68,0.7,0.0,-0.8,중립,음봉,잔구간,0.5,-0.35,2026-09-23
TSLG,0.8,5.2,46053564,60824988,239.48,270.3,0.9,0.6,0.2,중립,팽이도지,전고점부근,0.32,-0.67,2026-09-23
MRAM,0.8,17.09,770448,1022431,13.17,15.06,0.9,-1.7,-1.7,중립,음봉,잔구간,0.35,-0.44,2026-09-23
PMT,0.8,8.73,1691141,2182598,14.76,18.63,0.8,-0.6,-2.6,강한매도,장대음봉,전저점이탈,0.0,-3.35,2026-09-23
MUX,0.8,18.82,767058,976379,14.44,23.38,0.6,-2.9,-3.5,매도주의,장대음봉,잔구간,0.23,-1.16,2026-09-23
CNDT,0.8,1.6,740539,900075,1.18,1.82,0.7,0.0,-3.0,매도주의,장대음봉,잔구간,0.0,-1.3,2026-09-23
CMCO,0.8,16.51,306706,392394,5.06,7.23,0.7,-1.8,2.2,중립,양봉,잔구간,0.95,0.62,2026-09-23
CLOV,0.8,4.57,3337121,4180451,15.25,24.12,0.6,-0.2,-1.9,중립,음봉,잔구간,0.53,-0.33,2026-09-23
TRIN,0.8,17.55,785651,1023213,13.79,17.11,0.8,-0.6,-1.1,매도주의,장대음봉,잔구간,0.1,-1.24,2026-09-23
CPNG,0.8,14.28,10614087,13837219,151.57,243.81,0.6,-0.4,-1.9,매도주의,장대음봉,잔구간,0.29,-1.125,2026-09-23
COUR,0.8,5.12,4648076,5853329,23.8,27.77,0.9,0.0,-0.4,중립,팽이도지,잔구간,0.44,-0.035,2026-09-23
CORZ,0.8,18.1,9102747,11857852,164.76,198.7,0.8,-0.4,-3.3,중립,음봉,잔구간,0.06,-0.615,2026-09-23
COHH,0.8,6.11,918275,1146486,5.61,6.68,0.8,0.3,-6.6,매도주의,장대음봉,잔구간,0.15,-1.21,2026-09-23
CODI,0.8,11.35,300573,378160,3.41,6.46,0.5,0.0,0.2,강한매수,양봉스프링,완만한상승,0.76,2.71,2026-09-23
TLRY,0.8,4.11,2857968,3453451,11.75,15.26,0.8,-0.5,-2.4,매도주의,장대음봉,잔구간,0.04,-1.275,2026-09-23
TK,0.8,13.52,498268,631517,6.74,9.25,0.7,0.1,-1.9,중립,음봉,전저점부근,0.49,0.04,2026-09-23
CRGY,0.8,13.18,5871331,7037910,77.38,113.61,0.7,1.3,0.0,중립,팽이도지,잔구간,0.36,-0.085,2026-09-23
CRDU,0.8,9.09,6037648,7111943,54.88,44.75,1.2,-1.0,2.6,중립,양봉,전고점부근,0.66,0.44,2026-09-23
CRCD,0.8,1.84,5314553,6400576,9.78,12.51,0.8,2.9,2.5,매수관심,양봉스프링,잔구간,0.95,1.02,2026-09-23
MATW,0.8,19.71,871963,1145570,17.19,30.99,0.6,0.0,-1.0,중립,음봉,잔구간,0.37,-0.43,2026-09-23
PTEN,0.8,11.07,6447989,8596902,71.38,108.67,0.7,1.1,-1.7,매도주의,장대음봉,전저점부근,0.29,-1.5,2026-09-23
PSQL,0.8,7.47,421112,541139,3.15,4.24,0.7,1.4,-0.4,중립,팽이도지,수횡파,0.39,0.47,2026-09-23
PRVA,0.8,19.1,980091,1188050,18.72,26.64,0.7,-0.4,-1.5,매도주의,음봉,전저점이탈,0.22,-1.79,2026-09-23
MFG,0.8,10.74,2462624,3188054,26.45,36.7,0.7,-1.0,-0.2,매도주의,위꼬리음봉,전저점부근,0.11,-1.22,2026-09-23
MNR,0.8,10.48,1071828,1366889,11.23,23.92,0.5,0.0,-3.7,강한매도,장대음봉,전저점이탈,0.0,-3.35,2026-09-23
MLCO,0.8,4.72,1279162,1693534,6.04,9.52,0.6,0.0,-1.3,중립,음봉,잔구간,0.27,-0.49,2026-09-23
THM,0.8,2.81,770561,981507,2.17,2.52,0.9,-3.1,-1.7,중립,망치형,잔구간,0.67,0.6,2026-09-23
TDUP,0.8,2.28,1392787,1828673,3.18,6.73,0.5,-1.2,-5.8,강한매도,장대음봉,전저점이탈,0.06,-3.28,2026-09-23
TDAY,0.8,6.39,1547245,1932348,9.89,13.59,0.7,0.5,-3.0,매도주의,장대음봉,잔구간,0.04,-1.275,2026-09-23
CWH,0.8,5.36,1743105,2316781,9.34,12.47,0.7,-1.2,-4.8,매도주의,장대음봉,전저점부근,0.14,-1.68,2026-09-23
CRVS,0.8,12.54,946676,1174678,11.87,18.7,0.6,-1.0,-5.7,매도주의,장대음봉,잔구간,0.25,-1.15,2026-09-23
LODE,0.8,2.68,1274816,1653323,3.42,4.27,0.8,-0.4,-2.5,중립,음봉,잔구간,0.42,-0.4,2026-09-23
QMLS,0.8,7.12,414678,539406,2.95,3.58,0.8,1.5,-13.0,매도주의,장대음봉,잔구간,0.21,-1.175,2026-09-23
PYXS,0.8,3.22,433865,527011,1.4,3.4,0.4,0.1,-4.2,매도주의,장대음봉,수횡파,0.13,-1.84,2026-09-23
PWP,0.8,13.39,1424137,1882906,19.07,24.69,0.8,-0.5,0.9,매수관심,양봉,완만한상승,0.74,1.89,2026-09-23
PUSA,0.8,3.7,455465,553195,1.69,1.76,1.0,0.0,-3.1,중립,음봉,잔구간,0.24,-0.505,2026-09-23
LUMN,0.8,6.13,9711073,12633553,59.53,96.73,0.6,-0.3,-3.6,강한매도,장대음봉,전저점이탈,0.08,-3.25,2026-09-23
DAIC,0.8,3.33,2431978,3064214,8.1,64.55,0.1,-5.6,1.8,중립,위꼬리양봉,잔구간,0.19,-0.685,2026-09-23
CYRX,0.8,17.49,568868,720870,9.95,10.21,1.0,-0.6,0.2,매수관심,양봉스프링,잔구간,0.77,0.91,2026-09-23
CYPH,0.8,3.61,19769905,23731768,71.37,61.23,1.2,2.4,-5.5,중립,음봉,잔구간,0.24,-0.505,2026-09-23
TAOX,0.8,4.325,344066,443990,1.49,1.34,1.1,2.4,-6.0,중립,음봉,잔구간,0.26,-0.495,2026-09-23
TALO,0.8,16.56,1944722,2340396,32.2,40.86,0.8,1.1,1.8,중립,양봉,잔구간,0.81,0.535,2026-09-23
SWBI,0.8,13.98,435227,554571,6.08,8.56,0.7,0.0,-0.6,중립,음봉,잔구간,0.35,-0.44,2026-09-23
DJT,0.8,9.06,2297044,2880335,20.81,27.43,0.8,-0.6,-2.8,매도주의,장대음봉,잔구간,0.2,-1.18,2026-09-23
DPRO,0.8,5.36,788582,995938,4.23,5.65,0.7,-0.4,-2.9,중립,음봉,잔구간,0.12,-0.58,2026-09-23
SVC,0.8,6.55,1228567,1482560,8.05,11.26,0.7,-0.7,-2.1,매도주의,장대음봉,잔구간,0.18,-1.19,2026-09-23
STLN,0.8,6.82,1115380,1320842,7.61,10.43,0.7,-0.7,-2.6,중립,음봉,잔구간,0.54,-0.325,2026-09-23
ECC,0.8,3.57,733908,882652,2.62,3.31,0.8,-0.8,-0.3,중립,음봉,전저점부근,0.0,-0.55,2026-09-23
RARE,0.8,14.88,5712615,6894607,85.0,96.21,0.9,-1.4,-3.4,중립,음봉,잔구간,0.35,-0.44,2026-09-23
QYLD,0.8,18.51,3006485,3844674,55.65,67.06,0.8,0.0,-0.2,매도주의,장대음봉,잔구간,0.17,-1.2,2026-09-23
QS,0.8,4.91,10744979,12866560,52.76,57.49,0.9,-0.4,-2.4,매도주의,장대음봉,전저점부근,0.06,-1.78,2026-09-23
KULR,0.8,2.41,512454,674483,1.24,1.58,0.8,0.0,-1.2,중립,음봉,잔구간,0.18,-0.54,2026-09-23
LEVI,0.8,19.63,1829134,2387096,35.91,51.7,0.7,-0.3,-1.8,매도주의,장대음봉,잔구간,0.1,-1.24,2026-09-23
LEGN,0.8,18.45,2409416,2885379,44.45,50.51,0.9,-0.1,-0.9,매도주의,위꼬리음봉,잔구간,0.22,-0.92,2026-09-23
LAC,0.8,2.9,7370779,8866837,21.38,34.68,0.6,-1.7,-1.7,중립,음봉,잔구간,0.35,-0.44,2026-09-23
LPL,0.8,2.94,1429200,1800617,4.2,6.11,0.7,0.0,-3.3,매도주의,장대음봉,잔구간,0.12,-1.23,2026-09-23
DSX,0.8,2.88,1525227,1927099,4.39,4.71,0.9,-0.3,-1.0,중립,팽이도지,전저점부근,0.46,0.7,2026-09-23
SSTK,0.8,4.3,576957,769257,2.48,4.72,0.5,-0.4,-4.2,강한매도,장대음봉,전저점이탈,0.05,-3.29,2026-09-23
SSP,0.8,3.02,437294,531718,1.32,2.3,0.6,-0.6,-2.6,중립,음봉,잔구간,0.06,-0.615,2026-09-23
SSMR,0.8,15.73,538181,676285,8.47,17.4,0.5,-2.5,-5.1,매도주의,장대음봉,수횡파,0.4,-1.52,2026-09-23
SPRY,0.8,4.18,1370353,1662541,5.73,7.64,0.8,0.2,-6.9,매도주의,장대음봉,잔구간,0.18,-1.19,2026-09-23
ERII,0.8,6.8,777804,949693,5.29,8.02,0.7,-0.8,-3.7,강한매도,장대음봉,전저점이탈,0.09,-3.24,2026-09-23
ERAS,0.8,13.945,4424782,5426213,61.7,83.01,0.7,0.0,-10.3,강한매도,장대음봉,전저점이탈,0.0,-3.35,2026-09-23
EQPT,0.8,18.08,2775568,3512080,50.18,65.03,0.8,-1.2,-1.5,중립,음봉,잔구간,0.12,-0.58,2026-09-23
ITRG,0.8,2.79,1272746,1509860,3.55,5.86,0.6,-1.0,-2.1,중립,음봉,잔구간,0.54,-0.325,2026-09-23
RDY,0.8,12.39,2485104,2963901,30.79,36.13,0.9,-0.4,-1.0,중립,음봉,잔구간,0.16,-0.555,2026-09-23
JMIA,0.8,6.94,1126929,1353229,7.82,11.01,0.7,-0.7,-0.4,중립,망치형,잔구간,0.63,0.58,2026-09-23
SPCH,0.8,9.77,17306271,22859588,169.08,237.28,0.7,-1.9,-6.4,매도주의,장대음봉,잔구간,0.08,-1.25,2026-09-23
EVLV,0.8,4.88,1876370,2483398,9.16,12.48,0.7,0.0,-0.6,중립,망치형,잔구간,0.8,0.68,2026-09-23
EVEX,0.8,2.08,753346,988197,1.57,1.97,0.8,-0.5,-2.8,매도주의,장대음봉,잔구간,0.4,-1.06,2026-09-23
EVC,0.8,7.88,846815,1117323,6.67,8.8,0.8,-1.1,-1.6,중립,음봉,잔구간,0.39,-0.415,2026-09-23
ESRT,0.8,4.13,4137355,5407653,17.09,25.49,0.7,-0.5,1.2,중립,양봉,잔구간,0.83,0.55,2026-09-23
SOLZ,0.8,11.39,1229207,1476755,14.0,16.4,0.9,-1.5,-1.8,중립,음봉,잔구간,0.35,-0.44,2026-09-23
SMWB,0.8,8.58,351740,414180,3.02,4.6,0.7,1.2,-0.2,강한매수,망치형,완만한상승,0.78,2.24,2026-09-23
FBRT,0.8,7.46,1508972,1889181,11.26,24.3,0.5,0.1,-3.9,매도주의,장대음봉,잔구간,0.02,-1.29,2026-09-23
SMCL,0.8,19.71,486328,604083,9.59,10.27,0.9,3.8,-4.3,중립,음봉,잔구간,0.34,-0.445,2026-09-23
FMC,0.8,9.9,3016025,3756154,29.86,40.29,0.7,-1.5,-4.9,매도주의,장대음봉,잔구간,0.03,-1.28,2026-09-23
FLG,0.8,12.3,4931411,6071350,60.66,61.94,1.0,-0.2,-1.8,강한매도,장대음봉,전저점이탈,0.11,-3.22,2026-09-23
FSOL,0.8,13.5,645398,791322,8.71,6.46,1.3,-1.2,-1.8,중립,음봉,잔구간,0.38,-0.42,2026-09-23
RITM,0.8,9.42,3861179,4676660,36.37,52.7,0.7,-0.6,-1.7,매도주의,장대음봉,잔구간,0.12,-1.23,2026-09-23
RILY,0.8,5.78,428994,545806,2.48,3.76,0.7,-0.8,-4.9,매도주의,장대음봉,전저점부근,0.0,-1.85,2026-09-23
RGNX,0.8,7.5,1113282,1329360,8.35,12.03,0.7,-0.2,-7.7,강한매도,장대음봉,전저점이탈,0.13,-3.19,2026-09-23
INMD,0.8,14.19,381837,499817,5.42,8.13,0.7,-0.1,-1.7,강한매도,장대음봉,전저점이탈,0.04,-3.3,2026-09-23
IMTX,0.8,8.6,384171,464662,3.3,4.45,0.7,-0.8,-2.3,매도주의,장대음봉,잔구간,0.08,-1.25,2026-09-23
IMRX,0.8,4.38,552687,726557,2.42,3.46,0.7,0.2,-5.2,매도주의,장대음봉,잔구간,0.08,-1.25,2026-09-23
FOXF,0.8,18.66,383444,479189,7.16,9.25,0.8,-1.5,0.3,매수관심,양봉스프링,잔구간,0.78,0.92,2026-09-23
SLDB,0.8,8.02,1088231,1409952,8.73,13.36,0.7,-0.3,-9.8,강한매도,장대음봉,전저점이탈,0.02,-3.33,2026-09-23
SITC,0.8,2.97,693437,870121,2.06,3.2,0.6,-0.7,-2.3,매도주의,장대음봉,잔구간,0.0,-1.3,2026-09-23
SION,0.8,5.51,1669507,2216731,9.2,12.35,0.7,0.2,-8.6,강한매도,장대음봉,전저점이탈,0.24,-3.06,2026-09-23
FTMH,0.8,11.06,301173,355867,3.33,4.74,0.7,0.0,-0.8,강한매도,장대음봉,전저점이탈,0.36,-2.92,2026-09-23
SHEN,0.8,12.09,789686,1027491,9.55,18.01,0.5,-0.1,-1.7,중립,음봉,잔구간,0.1,-0.59,2026-09-23
SHC,0.8,18.29,1758474,2076057,32.16,43.71,0.7,-0.1,-2.1,매도주의,음봉,전저점이탈,0.18,-1.83,2026-09-23
SGHC,0.8,12.03,2379771,3172458,28.63,32.98,0.9,-0.8,-1.8,매도주의,음봉,전저점이탈,0.4,-1.57,2026-09-23
GILT,0.8,9.98,357116,463772,3.56,5.18,0.7,0.9,-1.2,중립,음봉,잔구간,0.19,-0.535,2026-09-23
GPGI,0.8,12.04,890528,1094816,10.72,18.63,0.6,2.0,-6.3,매도주의,장대음봉,잔구간,0.11,-1.235,2026-09-23
RQI,0.8,11.35,515201,615862,5.85,8.28,0.7,-0.2,-1.5,매도주의,장대음봉,전저점부근,0.0,-1.85,2026-09-23
RPC,0.8,7.72,475783,579884,3.67,4.87,0.8,-1.0,-1.5,강한매도,장대음봉,전저점이탈,0.11,-3.22,2026-09-23
HYLN,0.8,4.14,2155876,2587629,8.93,8.01,1.1,0.4,-7.8,매도주의,장대음봉,잔구간,0.01,-1.295,2026-09-23
HUYA,0.8,2.32,697147,894897,1.62,2.41,0.7,-1.7,-0.4,중립,팽이도지,잔구간,0.31,-0.115,2026-09-23
HSHP,0.8,18.18,471404,621616,8.57,11.31,0.8,1.0,-0.8,강한매수,망치형,완만한상승,0.68,2.12,2026-09-23
IHS,0.8,8.42,482149,604045,4.06,7.36,0.6,-0.1,-0.1,중립,음봉,잔구간,0.2,-0.53,2026-09-23
SBET,0.8,9.81,9393503,11059380,92.15,96.05,1.0,-0.9,-3.3,매도주의,장대음봉,잔구간,0.14,-1.215,2026-09-23
SANA,0.8,3.08,3840270,5042902,11.83,15.79,0.7,0.0,-7.5,매도주의,장대음봉,잔구간,0.21,-1.175,2026-09-23
SAFX,0.8,0.425,3307235,4366603,1.41,2.03,0.7,0.3,-7.6,매도주의,장대음봉,잔구간,0.19,-1.185,2026-09-23
SAFE,0.8,12.91,443411,568288,5.72,7.88,0.7,-0.2,-3.8,강한매도,장대음봉,전저점이탈,0.06,-3.28,2026-09-23
HIMX,0.8,14.28,836858,1098242,11.95,15.44,0.8,-0.7,-2.2,중립,음봉,잔구간,0.33,-0.45,2026-09-23
HBNC,0.8,19.02,399641,496374,7.6,10.71,0.7,0.0,-0.8,강한매도,장대음봉,전저점이탈,0.04,-3.3,2026-09-23
HAWK,0.8,15.83,1087388,1324059,17.21,26.37,0.7,-0.9,0.1,중립,팽이도지,잔구간,0.38,-0.07,2026-09-23
XIFR,0.8,10.67,709923,853569,7.57,7.87,1.0,-0.4,-1.0,강한매도,장대음봉,전저점이탈,0.35,-2.93,2026-09-23
ACI,0.8,11.7,7051337,8761517,82.5,118.93,0.7,0.0,-3.1,강한매도,장대음봉,전저점이탈,0.04,-3.3,2026-09-23
AHRT,0.8,5.95,849558,1035065,5.05,5.26,1.0,-0.5,-3.4,강한매도,장대음봉,전저점이탈,0.05,-3.29,2026-09-23
OCTV,0.8,19.82,1951041,2574315,38.67,76.64,0.5,0.4,1.9,중립,양봉,전고점부근,0.77,0.57,2026-09-23
ORCU,0.8,7.32,4314861,5079636,31.58,55.74,0.6,-1.0,-5.2,매도주의,장대음봉,잔구간,0.06,-1.265,2026-09-23
YMAG,0.8,11.38,546429,709162,6.22,10.7,0.6,-0.6,-0.8,매도주의,장대음봉,잔구간,0.0,-1.3,2026-09-23
ACHR,0.8,5.71,19342247,25198446,110.44,143.2,0.8,-0.4,0.8,매수관심,양봉스프링,전고점부근,0.85,1.47,2026-09-23
ABSI,0.8,9.745,4721170,6146101,46.01,41.25,1.1,-1.9,-7.3,매도주의,장대음봉,잔구간,0.24,-1.155,2026-09-23
ABR,0.8,4.19,3709886,4719404,15.54,23.35,0.7,-0.7,-3.9,강한매도,장대음봉,전저점이탈,0.08,-3.25,2026-09-23
AADX,0.7,12.69,1282827,1881704,16.28,30.47,0.5,0.2,0.1,중립,팽이도지,완만한상승,0.38,0.76,2026-09-23
AAOZ,0.7,13.86,497648,687819,6.9,10.29,0.7,1.0,10.0,매수관심,장대양봉,잔구간,0.95,1.27,2026-09-23
AGEN,0.7,8.4,610167,886827,5.13,7.88,0.7,0.0,-3.4,매도주의,장대음봉,잔구간,0.03,-1.28,2026-09-23
WTTR,0.7,19.29,1238939,1816110,23.9,36.53,0.7,0.2,-5.1,강한매도,장대음봉,전저점이탈,0.09,-3.24,2026-09-23
ALOY,0.7,8.67,1548214,2175682,13.42,20.91,0.6,-1.4,-2.6,매도주의,장대음봉,잔구간,0.36,-1.085,2026-09-23
ALMS,0.7,7.44,2694970,3760015,20.05,34.21,0.6,-1.0,-7.3,강한매도,장대음봉,전저점이탈,0.17,-3.15,2026-09-23
WEN,0.7,6.73,4059037,5789329,27.32,46.41,0.6,0.7,-1.9,매도주의,장대음봉,잔구간,0.33,-1.1,2026-09-23
ANNX,0.7,3.87,2423554,3653583,9.38,15.78,0.6,0.0,-7.4,매도주의,장대음봉,잔구간,0.16,-1.205,2026-09-23
ANGX,0.7,4.85,2045786,3005292,9.92,14.26,0.7,-1.6,-3.4,중립,음봉,잔구간,0.39,-0.415,2026-09-23
AMTM,0.7,19.71,1203392,1659235,23.72,36.21,0.7,1.1,-1.1,중립,음봉,완만한상승,0.17,-0.2,2026-09-23
NNE,0.7,17.01,1596707,2159984,27.16,36.64,0.7,-0.7,-1.1,중립,음봉,잔구간,0.38,-0.42,2026-09-23
NNDM,0.7,1.57,1217936,1716816,1.91,2.78,0.7,-0.6,0.0,중립,팽이도지,수횡파,0.4,0.48,2026-09-23
NN,0.7,14.39,1438592,2037689,20.7,37.55,0.6,0.5,-6.6,매도주의,장대음봉,잔구간,0.09,-1.245,2026-09-23
HAYW,0.7,12.75,2359308,3564691,30.08,49.69,0.6,-1.3,0.0,중립,위꼬리양봉,잔구간,0.15,-0.71,2026-09-23
HAFN,0.7,9.1,1586927,2345617,14.44,23.88,0.6,0.6,-2.0,강한매도,장대음봉,전저점이탈,0.16,-3.16,2026-09-23
RXST,0.7,4.85,593514,826281,2.88,4.47,0.6,-0.6,-1.0,매도주의,음봉,전저점이탈,0.07,-1.97,2026-09-23
RXRX,0.7,3.7,23670617,32989950,87.58,83.24,1.1,-0.5,-8.2,매도주의,장대음봉,잔구간,0.09,-1.245,2026-09-23
HOS,0.7,8.35,1641525,2322606,13.71,22.19,0.6,1.0,-1.6,매도주의,장대음봉,잔구간,0.36,-1.085,2026-09-23
HMY,0.7,18.73,3512283,4878575,65.79,92.8,0.7,-3.8,-1.8,강한매도,장대음봉,전저점이탈,0.28,-3.01,2026-09-23
NVCR,0.7,16.25,777756,1098675,12.64,18.46,0.7,-0.8,-1.7,중립,음봉,잔구간,0.36,-0.435,2026-09-23
VVR,0.7,2.86,585389,783315,1.67,2.25,0.7,-0.7,-0.3,중립,음봉,전저점부근,0.0,-0.55,2026-09-23
ASTL,0.7,4.36,526280,758530,2.29,3.12,0.7,-0.9,-0.7,중립,팽이도지,잔구간,0.48,-0.01,2026-09-23
ASPI,0.7,3.01,2631956,3548810,7.92,16.0,0.5,-1.1,-4.3,강한매도,장대음봉,전저점이탈,0.0,-3.35,2026-09-23
ASC,0.7,17.61,459077,681512,8.08,10.87,0.7,0.3,-1.2,매도주의,음봉,전저점이탈,0.62,-1.31,2026-09-23
ASAN,0.7,9.47,8549617,12755958,80.96,94.71,0.9,0.7,3.6,강한매수,양봉,완만한상승,0.9,2.08,2026-09-23
ARTV,0.7,7.72,407794,550784,3.15,5.4,0.6,-1.2,-3.4,중립,음봉,전저점부근,0.29,-0.2,2026-09-23
VSTM,0.7,8.18,1936674,2820506,15.84,19.08,0.8,0.0,-2.3,중립,음봉,잔구간,0.6,-0.29,2026-09-23
HSDT,0.7,2.88,647281,870972,1.86,1.85,1.0,-0.9,-11.1,매도주의,장대음봉,잔구간,0.02,-1.29,2026-09-23
IAUX,0.7,1.75,9364105,13652097,16.39,17.18,1.0,-3.2,-3.3,매도주의,장대음봉,잔구간,0.22,-1.17,2026-09-23
SATL,0.7,5.51,3667738,5382328,20.21,29.07,0.7,0.0,-4.0,매도주의,장대음봉,잔구간,0.18,-1.19,2026-09-23
GTN,0.7,4.58,772307,1064369,3.54,4.85,0.7,-1.5,0.0,중립,팽이도지,잔구간,0.57,0.04,2026-09-23
GRRR,0.7,14.07,353665,487417,4.98,6.71,0.7,0.9,-3.2,매도주의,장대음봉,잔구간,0.23,-1.16,2026-09-23
HELP,0.7,13.02,1850372,2650558,24.09,30.08,0.8,-0.8,-4.3,매도주의,장대음봉,수횡파,0.26,-1.69,2026-09-23
HBAN,0.7,15.38,27531150,37274847,423.43,555.45,0.8,-0.8,-1.2,강한매도,장대음봉,전저점이탈,0.0,-3.35,2026-09-23
AVO,0.7,12.7,635813,895423,8.07,13.37,0.6,0.2,0.2,매수관심,양봉스프링,잔구간,0.76,0.905,2026-09-23
AVAH,0.7,12.79,2426964,3378833,31.04,49.27,0.6,-0.8,-2.5,강한매도,장대음봉,전저점이탈,0.23,-3.07,2026-09-23
BANC,0.7,17.72,2175976,2998770,38.56,55.48,0.7,-0.1,-2.0,강한매도,장대음봉,전저점이탈,0.0,-3.35,2026-09-23
BGC,0.7,12.1,2825386,4197482,34.19,52.93,0.6,-0.7,-0.7,매도주의,위꼬리음봉,잔구간,0.04,-1.025,2026-09-23
NEWP,0.7,6.53,665473,898758,4.35,6.88,0.6,-2.9,-2.7,중립,음봉,잔구간,0.49,-0.355,2026-09-23
NCMI,0.7,2.2,709184,1060454,1.56,2.49,0.6,0.0,-0.9,중립,망치형,잔구간,0.82,0.69,2026-09-23
PDM,0.7,9.15,1366147,1937736,12.5,26.21,0.5,-0.6,-1.7,매도주의,장대음봉,잔구간,0.11,-1.235,2026-09-23
NMAX,0.7,10.9,754968,1121839,8.23,17.73,0.5,-1.0,-1.8,중립,음봉,잔구간,0.48,-0.36,2026-09-23
SG,0.7,7.71,3882268,5564368,29.93,38.08,0.8,-0.3,0.8,강한매수,양봉스프링,완만한상승,0.82,2.78,2026-09-23
SERV,0.7,4.31,2432990,3313402,10.49,14.52,0.7,-0.1,-5.2,매도주의,장대음봉,잔구간,0.04,-1.275,2026-09-23
GLWG,0.7,13.44,905365,1301729,12.17,17.16,0.7,0.6,-6.9,매도주의,장대음봉,잔구간,0.14,-1.215,2026-09-23
GPRE,0.7,15.11,1090232,1654021,16.47,24.76,0.7,0.3,0.0,매수관심,팽이도지,완만한상승,0.44,0.83,2026-09-23
GPK,0.7,9.66,6431012,8592934,62.12,78.47,0.8,2.4,-1.4,중립,음봉,완만한상승,0.02,-0.38,2026-09-23
HIVE,0.7,3.37,9776847,13255103,32.95,40.86,0.8,-1.4,-3.4,매도주의,장대음봉,잔구간,0.06,-1.265,2026-09-23
HITI,0.7,2.72,736527,1023508,2.0,3.17,0.6,-1.4,0.0,중립,팽이도지,잔구간,0.67,0.1,2026-09-23
RUM,0.7,8.27,4821333,6590642,39.87,68.98,0.6,-1.6,-6.2,매도주의,장대음봉,잔구간,0.02,-1.29,2026-09-23
RR,0.7,1.65,3397145,5032402,5.61,7.18,0.8,-0.6,-4.1,매도주의,장대음봉,잔구간,0.11,-1.235,2026-09-23
RPD,0.7,13.09,1356114,1831741,17.75,28.22,0.6,1.5,0.4,강한매수,양봉스프링,전고점돌파,0.85,3.42,2026-09-23
RNW,0.7,6.84,933526,1261630,6.39,13.04,0.5,0.1,-0.1,매도주의,장대음봉,완만한상승,0.0,-1.7,2026-09-23
IPX,0.7,19.77,315514,440621,6.24,8.98,0.7,-5.1,-3.0,매도주의,장대음봉,잔구간,0.35,-1.09,2026-09-23
FRVO,0.7,16.35,2908337,4121138,47.55,81.72,0.6,-0.5,0.0,중립,팽이도지,잔구간,0.54,0.025,2026-09-23
SIGA,0.7,3.17,435190,602327,1.38,1.8,0.8,-0.3,-2.5,중립,음봉,잔구간,0.29,-0.475,2026-09-23
GDYN,0.7,7.7,697494,969010,5.37,8.16,0.7,1.0,-2.0,매도주의,장대음봉,잔구간,0.05,-1.27,2026-09-23
GCTS,0.7,2.16,1235852,1897662,2.67,3.27,0.8,0.0,-1.8,중립,음봉,잔구간,0.21,-0.525,2026-09-23
NRXP,0.7,3.16,552500,752530,1.75,2.42,0.7,-0.9,-4.0,중립,음봉,전저점부근,0.17,-0.35,2026-09-23
VIV,0.7,11.65,1398102,1958395,16.29,18.33,0.9,-0.8,-1.7,매도주의,장대음봉,잔구간,0.08,-1.25,2026-09-23
VITL,0.7,10.31,1931268,2861135,19.91,22.81,0.9,-0.7,-7.7,매도주의,장대음봉,잔구간,0.2,-1.18,2026-09-23
BLMN,0.7,8.55,2021215,2806490,17.28,20.18,0.9,-0.2,0.2,매수관심,팽이도지,완만한상승,0.56,0.97,2026-09-23
NBIG,0.7,16.96,1971490,2702912,33.44,37.48,0.9,-1.3,-7.1,매도주의,장대음봉,잔구간,0.02,-1.29,2026-09-23
NEXA,0.7,12.78,592115,894718,7.57,11.03,0.7,-2.9,-0.9,중립,음봉,잔구간,0.63,-0.27,2026-09-23
BITI,0.7,17.42,1869301,2535666,32.56,33.8,1.0,0.8,1.3,매수관심,양봉,완만한상승,0.64,1.77,2026-09-23
BIOA,0.7,7.89,618467,863726,4.88,6.52,0.7,-0.4,-6.4,매도주의,장대음봉,잔구간,0.26,-1.145,2026-09-23
USOY,0.7,7.51,431314,575165,3.24,4.48,0.7,1.6,1.2,매수관심,장대양봉,잔구간,0.81,1.185,2026-09-23
BORR,0.7,4.36,4885861,7315707,21.3,30.18,0.7,0.2,-2.5,매도주의,장대음봉,잔구간,0.39,-1.065,2026-09-23
BTCZ,0.7,2.87,19699610,28118431,56.54,78.7,0.7,1.8,1.8,매수관심,양봉,완만한상승,0.56,1.67,2026-09-23
BTCS,0.7,1.565,1422806,1953435,2.23,3.13,0.7,-2.4,-2.8,중립,음봉,잔구간,0.19,-0.535,2026-09-23
SMMT,0.7,16.45,3891072,5942375,64.01,108.61,0.6,-0.1,-3.8,매도주의,음봉,전저점이탈,0.17,-1.85,2026-09-23
SLS,0.7,11.52,3888917,5442799,44.8,91.35,0.5,-0.8,-3.4,중립,음봉,수횡파,0.14,-0.53,2026-09-23
FMNB,0.7,15.18,308222,434331,4.68,6.87,0.7,0.1,-1.0,강한매도,장대음봉,전저점이탈,0.0,-3.35,2026-09-23
FJET,0.7,1.87,1558140,2137052,2.91,5.13,0.6,2.1,-5.6,중립,음봉,잔구간,0.1,-0.59,2026-09-23
FSK,0.7,11.17,1462276,1990791,16.33,22.02,0.7,-0.5,-0.7,매도주의,음봉,전저점이탈,0.23,-1.77,2026-09-23
RIVN,0.7,15.02,17152723,23957147,257.63,355.3,0.7,-0.7,-0.1,중립,팽이도지,잔구간,0.59,0.055,2026-09-23
RIG,0.7,5.47,34263503,49853142,187.42,271.57,0.7,0.7,-1.1,중립,음봉,잔구간,0.17,-0.55,2026-09-23
RES,0.7,5.85,1735313,2507254,10.15,13.23,0.8,0.9,1.4,중립,양봉,잔구간,0.79,0.525,2026-09-23
UPXI,0.7,1.17,4789516,6714408,5.6,6.3,0.9,-1.6,-4.9,매도주의,장대음봉,잔구간,0.13,-1.22,2026-09-23
UEC,0.7,9.95,6067050,8169143,60.37,93.77,0.6,-1.5,-2.2,매도주의,장대음봉,잔구간,0.26,-1.145,2026-09-23
BVS,0.7,13.61,329561,468400,4.49,6.41,0.7,-0.7,0.4,매수관심,양봉스프링,잔구간,0.93,1.01,2026-09-23
BTG,0.7,5.35,14127473,20307653,75.58,109.49,0.7,-2.7,-1.5,매도주의,장대음봉,잔구간,0.23,-1.16,2026-09-23
BZAI,0.7,0.555,2242152,3416839,1.25,2.26,0.6,-1.0,-2.4,중립,음봉,잔구간,0.53,-0.33,2026-09-23
CERS,0.7,2.6,1635868,2189288,4.25,4.87,0.9,-0.7,-1.9,중립,음봉,잔구간,0.2,-0.53,2026-09-23
CEPL,0.7,5.48,447482,616461,2.45,4.18,0.6,0.0,-7.9,강한매도,장대음봉,전저점이탈,0.13,-3.19,2026-09-23
EVTL,0.7,0.682,4309358,6285747,2.94,4.02,0.7,-0.5,-7.0,매도주의,장대음봉,잔구간,0.03,-1.28,2026-09-23
SNXX,0.7,18.37,45533430,61186739,836.45,968.07,0.9,1.1,-8.2,매도주의,장대음봉,잔구간,0.14,-1.215,2026-09-23
FFAI,0.7,1.39,1004619,1428202,1.4,1.75,0.8,0.0,-2.1,매도주의,음봉,전저점이탈,0.12,-1.91,2026-09-23
FBDT,0.7,0.915,1370633,2091125,1.25,8.63,0.1,1.6,-5.1,중립,음봉,잔구간,0.11,-0.585,2026-09-23
F,0.7,12.94,35407528,48082481,458.17,726.0,0.6,-1.0,-0.2,중립,팽이도지,전저점부근,0.3,0.51,2026-09-23
TSLT,0.7,14.545,1309833,1973206,19.05,26.42,0.7,0.6,0.0,중립,팽이도지,전고점부근,0.28,-0.71,2026-09-23
CIG,0.7,2.09,4392897,6107221,9.18,13.43,0.7,-1.4,-2.8,매도주의,장대음봉,전저점부근,0.0,-1.85,2026-09-23
CIFR,0.7,18.35,30313092,41240115,556.25,683.93,0.8,-0.5,-3.4,중립,음봉,잔구간,0.04,-0.625,2026-09-23
CHA,0.7,11.28,731250,1004651,8.25,14.9,0.6,-1.5,-1.7,강한매도,음봉,전저점이탈,0.0,-2.05,2026-09-23
MRTN,0.7,13.17,689912,934989,9.09,12.09,0.8,-0.4,-0.8,중립,음봉,잔구간,0.35,-0.44,2026-09-23
MRLN,0.7,1.77,4717227,6850821,8.35,9.8,0.9,-3.6,-4.3,매도주의,장대음봉,전저점부근,0.28,-1.51,2026-09-23
PRCT,0.7,18.09,914698,1233977,16.55,26.05,0.6,-0.5,-1.4,매도주의,음봉,전저점이탈,0.21,-1.8,2026-09-23
PNNT,0.7,3.41,334863,466809,1.14,1.99,0.6,0.0,-0.9,중립,음봉,잔구간,0.41,-0.405,2026-09-23
PLX,0.7,2.8,586410,833821,1.64,2.1,0.8,0.0,-1.4,중립,음봉,잔구간,0.41,-0.405,2026-09-23
MVST,0.7,0.697,4948318,7547723,3.45,4.66,0.7,2.9,-5.6,매도주의,장대음봉,잔구간,0.11,-1.235,2026-09-23
MVIS,0.7,1.62,814020,1146654,1.32,2.89,0.5,-0.6,-3.0,매도주의,장대음봉,잔구간,0.0,-1.3,2026-09-23
CMRC,0.7,3.24,470718,694664,1.53,4.98,0.3,0.0,-3.9,매도주의,장대음봉,잔구간,0.13,-1.22,2026-09-23
CMBT,0.7,19.16,715331,1028050,13.71,20.39,0.7,0.3,-1.2,중립,음봉,잔구간,0.41,-0.405,2026-09-23
TSDD,0.7,7.12,6925812,9271798,49.31,75.19,0.7,-0.4,0.0,강한매수,양봉스프링,전저점부근,0.75,3.55,2026-09-23
TRVI,0.7,14.46,1349815,1893938,19.52,25.57,0.8,-1.0,-4.1,강한매도,장대음봉,전저점이탈,0.06,-3.28,2026-09-23
TROX,0.7,4.3,1437689,2128231,6.18,11.26,0.5,-0.2,-2.1,중립,음봉,잔구간,0.14,-0.565,2026-09-23
CPRI,0.7,15.43,4750162,6674239,73.3,115.32,0.6,0.8,0.8,중립,위꼬리양봉,완만한상승,0.22,-0.44,2026-09-23
COLD,0.7,14.37,2474355,3404439,35.56,60.11,0.6,-0.3,-0.9,중립,음봉,전저점부근,0.61,0.18,2026-09-23
CNTN,0.7,2.24,535340,748754,1.2,2.26,0.5,-0.4,-8.2,매도주의,장대음봉,잔구간,0.13,-1.22,2026-09-23
REI,0.7,1.33,2945396,4330588,3.92,7.89,0.5,2.2,-2.9,강한매도,장대음봉,전저점이탈,0.0,-3.35,2026-09-23
REF,0.7,12.47,506357,763522,6.31,12.56,0.5,-0.4,-8.0,강한매도,장대음봉,전저점이탈,0.09,-3.24,2026-09-23
JOBY,0.7,6.25,18210030,24660452,113.81,175.42,0.6,-0.2,-2.8,매도주의,장대음봉,잔구간,0.14,-1.215,2026-09-23
KPTI,0.7,1.75,957508,1341696,1.68,2.97,0.6,-0.5,-3.3,중립,음봉,잔구간,0.5,-0.35,2026-09-23
KOPN,0.7,4.87,2571498,3511713,12.52,17.79,0.7,-0.4,-1.0,중립,음봉,잔구간,0.63,-0.27,2026-09-23
SPPP,0.7,13.96,336197,450166,4.69,6.37,0.7,-3.2,-0.8,중립,음봉,잔구간,0.45,-0.38,2026-09-23
SPCU,0.7,13.0,928785,1279268,12.07,19.4,0.6,-2.0,-6.4,매도주의,장대음봉,잔구간,0.09,-1.245,2026-09-23
TLX,0.7,11.27,464893,627968,5.24,6.9,0.8,-4.5,-1.2,중립,음봉,잔구간,0.28,-0.48,2026-09-23
TLS,0.7,4.09,525072,774303,2.15,3.8,0.6,0.0,-0.2,중립,팽이도지,잔구간,0.46,-0.025,2026-09-23
CRK,0.7,13.45,2103535,2935065,28.29,37.24,0.8,0.2,0.7,중립,위꼬리양봉,완만한상승,0.39,-0.23,2026-09-23
MARA,0.7,13.35,37417057,50582186,499.52,633.83,0.8,-1.3,-0.7,매도주의,위꼬리음봉,잔구간,0.21,-0.925,2026-09-23
MNRO,0.7,14.02,816401,1254014,11.45,15.32,0.7,-1.0,-0.8,중립,망치형,잔구간,0.85,0.71,2026-09-23
MNKD,0.7,3.34,2877455,4112765,9.61,17.67,0.5,-0.3,-4.0,매도주의,장대음봉,잔구간,0.0,-1.3,2026-09-23
CRBP,0.7,7.74,787818,1073985,6.1,15.93,0.4,-0.6,-1.1,중립,음봉,잔구간,0.25,-0.5,2026-09-23
LPTH,0.7,9.81,2072176,2977378,20.33,33.24,0.6,-0.5,-2.9,매도주의,장대음봉,잔구간,0.13,-1.22,2026-09-23
SSPC,0.7,9.16,10958736,14684232,100.38,133.14,0.8,1.8,6.1,강한매수,장대양봉,완만한상승,0.93,3.42,2026-09-23
SPT,0.7,9.955,796429,1215276,7.93,13.46,0.6,0.3,0.5,중립,팽이도지,잔구간,0.59,0.055,2026-09-23
EMAT,0.7,3.335,883153,1325661,2.95,6.24,0.5,-1.9,-8.6,매도주의,장대음봉,잔구간,0.02,-1.29,2026-09-23
JBLU,0.7,4.39,14152672,19087389,62.13,86.03,0.7,-1.5,-2.0,매도주의,장대음봉,잔구간,0.16,-1.205,2026-09-23
IVR,0.7,6.46,2194494,3332880,14.18,24.25,0.6,-0.2,-2.3,매도주의,장대음봉,잔구간,0.03,-1.28,2026-09-23
TIC,0.7,8.93,945481,1343996,8.44,15.59,0.5,-2.3,-1.0,중립,음봉,잔구간,0.02,-0.64,2026-09-23
CTOS,0.7,9.51,690221,990256,6.56,8.58,0.8,-0.8,-0.4,중립,팽이도지,잔구간,0.35,-0.09,2026-09-23
CTNM,0.7,12.51,550258,737453,6.88,9.65,0.7,-0.5,-6.2,강한매도,장대음봉,전저점이탈,0.08,-3.25,2026-09-23
CTMX,0.7,2.78,4955454,7189265,13.78,14.85,0.9,-1.4,-4.1,중립,음봉,잔구간,0.46,-0.375,2026-09-23
CTKB,0.7,5.68,1261181,1820563,7.16,8.86,0.8,0.4,-0.9,매도주의,위꼬리음봉,잔구간,0.23,-0.91,2026-09-23
CSQR,0.7,18.53,893413,1225141,16.55,44.43,0.4,0.1,-1.9,중립,음봉,잔구간,0.2,-0.53,2026-09-23
CRWG,0.7,18.27,2196780,3047071,40.14,43.45,0.9,5.2,-4.6,중립,음봉,완만한상승,0.08,-0.3,2026-09-23
CRON,0.7,3.4,512824,758283,1.74,2.46,0.7,0.7,-1.6,매도주의,장대음봉,잔구간,0.21,-1.175,2026-09-23
DAKT,0.7,17.65,395585,549800,6.98,11.74,0.6,0.1,-1.9,매도주의,장대음봉,잔구간,0.07,-1.26,2026-09-23
LFTO,0.7,16.09,548617,817319,8.83,22.88,0.4,-0.5,-1.1,중립,음봉,전저점부근,0.47,0.01,2026-09-23
QDEL,0.7,10.34,1114677,1527938,11.53,19.15,0.6,-0.2,-5.3,매도주의,장대음봉,전저점부근,0.03,-1.81,2026-09-23
STIM,0.7,2.88,779711,1082083,2.25,4.88,0.5,-1.0,0.0,중립,팽이도지,잔구간,0.56,0.035,2026-09-23
EBS,0.7,6.67,1055097,1445594,7.04,9.06,0.8,-0.4,-0.9,중립,팽이도지,잔구간,0.32,-0.11,2026-09-23
DXC,0.7,10.88,1626638,2420819,17.7,32.91,0.5,0.0,-0.5,매도주의,위꼬리음봉,잔구간,0.12,-0.98,2026-09-23
KC,0.7,9.68,978882,1451937,9.48,13.49,0.7,-3.0,-1.4,매도주의,장대음봉,잔구간,0.08,-1.25,2026-09-23
KVUE,0.7,17.67,16168563,24568062,285.7,612.65,0.5,-0.1,-1.0,매도주의,장대음봉,잔구간,0.12,-1.23,2026-09-23
LBTYK,0.7,9.24,1969104,2700972,18.19,23.86,0.8,0.2,-5.2,강한매도,장대음봉,전저점이탈,0.02,-3.33,2026-09-23
LABX,0.7,15.47,1151779,1762890,17.82,17.38,1.0,-0.2,-1.3,중립,팽이도지,잔구간,0.57,0.04,2026-09-23
LWLG,0.7,5.27,2191962,3058996,11.55,13.32,0.9,-0.5,-4.0,매도주의,장대음봉,잔구간,0.03,-1.28,2026-09-23
LTRX,0.7,6.4,868119,1254257,5.56,8.2,0.7,0.0,2.4,중립,양봉,전고점부근,0.73,0.53,2026-09-23
CWVX,0.7,15.24,1320475,1822458,20.12,23.81,0.8,5.3,-4.6,중립,음봉,완만한상승,0.1,-0.28,2026-09-23
DQ,0.7,11.91,461342,666754,5.49,8.9,0.6,-0.9,-2.4,매도주의,장대음봉,잔구간,0.26,-1.145,2026-09-23
AKBA,0.7,0.933,5390953,7438176,5.03,6.57,0.8,0.7,-5.5,매도주의,장대음봉,잔구간,0.05,-1.27,2026-09-23
AIRJ,0.7,4.14,626786,963328,2.59,3.93,0.7,0.0,-5.0,매도주의,장대음봉,잔구간,0.0,-1.3,2026-09-23
AMCX,0.7,12.0,384402,556652,4.61,8.59,0.5,-0.7,0.0,매수관심,양봉스프링,잔구간,0.93,1.01,2026-09-23
AMC,0.7,2.87,21354792,29374457,61.29,79.92,0.8,-0.5,-2.9,중립,음봉,잔구간,0.16,-0.555,2026-09-23
NVTS,0.7,11.84,8730618,11802789,103.37,129.18,0.8,-0.6,-4.4,매도주의,장대음봉,잔구간,0.1,-1.24,2026-09-23
OIG,0.7,9.75,712974,1077864,6.95,24.91,0.3,-1.0,-6.3,강한매도,장대음봉,전저점이탈,0.17,-3.15,2026-09-23
OI,0.7,6.07,2669881,3589639,16.21,24.98,0.6,-0.3,-1.6,매도주의,장대음봉,잔구간,0.36,-1.085,2026-09-23
XPEV,0.7,10.29,4675781,6438540,48.11,78.57,0.6,-1.6,-0.2,중립,팽이도지,잔구간,0.3,-0.12,2026-09-23
XMAX,0.7,8.71,390396,573356,3.4,5.45,0.6,0.0,-1.8,매도주의,장대음봉,수횡파,0.03,-1.96,2026-09-23
ACHV,0.7,7.83,1328073,1773032,10.4,13.99,0.7,0.4,-3.9,매도주의,장대음봉,잔구간,0.16,-1.205,2026-09-23
AI,0.7,10.86,3094365,4322294,33.6,52.82,0.6,0.0,0.1,매수관심,팽이도지,완만한상승,0.58,1.0,2026-09-23
AHCO,0.7,5.7,1986530,2771630,11.32,18.37,0.6,0.0,-1.2,중립,음봉,잔구간,0.35,-0.44,2026-09-23
YSS,0.7,9.61,2921385,4246548,28.07,45.62,0.6,-1.2,-1.8,중립,음봉,잔구간,0.16,-0.555,2026-09-23
OPFI,0.6,6.28,638601,1098840,4.01,9.22,0.4,-1.2,-0.9,중립,음봉,전저점부근,0.27,-0.23,2026-09-23
ORBS,0.6,1.06,10185449,17430308,10.8,14.25,0.8,-1.7,-7.8,매도주의,장대음봉,잔구간,0.09,-1.245,2026-09-23
ADTN,0.6,7.11,994544,1664083,7.07,12.67,0.6,0.0,-2.5,매도주의,장대음봉,수횡파,0.19,-1.77,2026-09-23
OSG,0.6,4.15,315482,493192,1.31,2.28,0.6,-1.1,-4.2,강한매도,장대음봉,전저점이탈,0.0,-3.35,2026-09-23
ODD,0.6,17.83,884003,1457931,15.76,51.72,0.3,0.7,-5.8,매도주의,장대음봉,수횡파,0.23,-1.72,2026-09-23
ACRS,0.6,5.26,1962832,3351188,10.32,19.24,0.5,-0.3,-7.7,매도주의,장대음봉,잔구간,0.32,-1.11,2026-09-23
XRAY,0.6,9.78,3352044,6078408,32.78,52.42,0.6,-0.6,-1.1,중립,음봉,잔구간,0.15,-0.56,2026-09-23
PAAI,0.6,1.55,5981619,10523084,9.27,20.35,0.5,6.9,11.5,중립,양봉,잔구간,0.97,0.63,2026-09-23
OSUR,0.6,3.99,383927,656893,1.53,2.64,0.6,-0.5,0.5,강한매수,양봉스프링,완만한상승,0.89,2.87,2026-09-23
OLN,0.6,16.77,1793074,2821348,30.07,44.44,0.7,1.0,-1.2,중립,음봉,잔구간,0.05,-0.62,2026-09-23
KEEL,0.6,4.01,23764300,36874336,95.29,132.46,0.7,-0.2,-3.1,매도주의,장대음봉,잔구간,0.11,-1.235,2026-09-23
EOLS,0.6,8.0,415975,660691,3.33,6.39,0.5,1.0,-4.0,중립,음봉,잔구간,0.19,-0.535,2026-09-23
CONL,0.6,6.51,21881091,34123858,142.45,171.96,0.8,-3.1,0.3,중립,위꼬리양봉,잔구간,0.27,-0.64,2026-09-23
PAGS,0.6,9.09,1995899,3438211,18.14,33.21,0.5,-0.7,-2.6,매도주의,장대음봉,전저점부근,0.08,-1.75,2026-09-23
PALI,0.6,1.6,2945985,5191136,4.71,7.75,0.6,0.0,-5.3,매도주의,장대음봉,전저점부근,0.09,-1.74,2026-09-23
DOLE,0.6,12.92,569038,911071,7.35,14.27,0.5,0.0,-2.1,강한매도,장대음봉,전저점이탈,0.0,-3.35,2026-09-23
DNUT,0.6,3.02,1403591,2550408,4.24,6.66,0.6,0.0,-1.6,매도주의,장대음봉,잔구간,0.37,-1.08,2026-09-23
ALHC,0.6,7.86,13722006,23966161,107.85,141.21,0.8,-0.9,-0.8,중립,팽이도지,전저점부근,0.46,0.7,2026-09-23
DEC,0.6,13.89,572305,990762,7.95,14.19,0.6,0.0,-0.1,매도주의,위꼬리음봉,잔구간,0.11,-0.985,2026-09-23
DFH,0.6,11.63,889020,1411454,10.34,14.3,0.7,-2.4,-2.8,매도주의,장대음봉,잔구간,0.11,-1.235,2026-09-23
DGXX,0.6,4.22,1573419,2567609,6.64,9.06,0.7,-1.4,-1.9,중립,음봉,잔구간,0.28,-0.48,2026-09-23
DRVN,0.6,12.335,738052,1267731,9.1,17.74,0.5,1.2,-0.6,강한매수,망치형,완만한상승,0.78,2.24,2026-09-23
TAC,0.6,11.95,1340083,2343366,16.01,25.81,0.6,-0.6,0.8,매수관심,양봉,완만한상승,0.6,1.72,2026-09-23
LAR,0.6,5.78,1046251,1695663,6.05,11.56,0.5,-3.3,-1.5,중립,음봉,잔구간,0.11,-0.585,2026-09-23
TARA,0.6,3.54,882844,1480971,3.13,4.83,0.6,0.3,-4.1,중립,음봉,잔구간,0.32,-0.46,2026-09-23
TAL,0.6,11.98,2360843,3641924,28.28,52.16,0.5,0.0,0.9,매수관심,양봉,완만한상승,0.79,1.95,2026-09-23
LASE,0.6,0.848,1365172,2313542,1.16,6.76,0.2,-0.3,-2.5,중립,음봉,잔구간,0.36,-0.435,2026-09-23
LI,0.6,11.7,1941271,3497867,22.71,37.78,0.6,1.1,-0.8,중립,음봉,완만한상승,0.13,-0.24,2026-09-23
DNOW,0.6,15.71,1512044,2738885,23.75,43.36,0.5,0.3,0.6,매수관심,양봉스프링,잔구간,0.84,0.955,2026-09-23
LXU,0.6,10.27,505286,787670,5.19,10.71,0.5,0.4,-2.7,강한매도,장대음봉,전저점이탈,0.14,-3.18,2026-09-23
ECVT,0.6,10.33,981317,1600421,10.14,15.87,0.6,0.0,-1.1,중립,음봉,잔구간,0.02,-0.64,2026-09-23
ENIC,0.6,4.34,403280,649488,1.75,3.7,0.5,-0.5,-1.4,매도주의,장대음봉,잔구간,0.0,-1.3,2026-09-23
SPCM,0.6,16.88,433306,683241,7.31,14.32,0.5,-1.8,-6.5,매도주의,장대음봉,잔구간,0.08,-1.25,2026-09-23
ELME,0.6,1.71,641992,1031151,1.1,1.32,0.8,-0.6,-1.2,매도주의,장대음봉,잔구간,0.0,-1.3,2026-09-23
EH,0.6,4.58,382083,611133,1.75,2.77,0.6,-0.2,-3.0,매도주의,장대음봉,잔구간,0.25,-1.15,2026-09-23
EGY,0.6,5.84,1039419,1673016,6.07,10.42,0.6,0.7,-0.7,중립,음봉,잔구간,0.4,-0.41,2026-09-23
JACK,0.6,13.46,406081,632297,5.47,8.06,0.7,-0.7,1.1,강한매수,양봉스프링,완만한상승,0.92,2.9,2026-09-23
IRWD,0.6,4.27,1657624,2921477,7.08,10.55,0.7,-0.6,-5.1,매도주의,장대음봉,잔구간,0.07,-1.26,2026-09-23
IREX,0.6,17.83,946018,1593319,16.87,24.97,0.7,-2.1,-4.3,중립,음봉,잔구간,0.01,-0.645,2026-09-23
IRT,0.6,14.58,2292523,3749549,33.42,75.88,0.4,-0.7,-0.5,중립,음봉,전저점부근,0.15,-0.37,2026-09-23
RERE,0.6,3.98,356261,606755,1.42,2.4,0.6,-1.0,-0.3,중립,팽이도지,잔구간,0.36,-0.085,2026-09-23
LOFF,0.6,16.38,1180490,1966209,19.34,34.72,0.6,-2.0,-6.5,매도주의,장대음봉,잔구간,0.07,-1.26,2026-09-23
ENVX,0.6,2.94,4147240,7117597,12.19,20.02,0.6,-0.5,-3.3,매도주의,장대음봉,잔구간,0.16,-1.205,2026-09-23
CRCG,0.6,14.86,2924167,4539154,43.45,53.8,0.8,-3.7,-2.6,매도주의,위꼬리음봉,잔구간,0.02,-1.04,2026-09-23
MATV,0.6,12.29,372609,612252,4.58,6.66,0.7,-1.0,-1.1,매도주의,장대음봉,잔구간,0.16,-1.205,2026-09-23
SPCE,0.6,3.12,4620525,7388561,14.42,20.74,0.7,-0.3,-5.7,매도주의,장대음봉,잔구간,0.14,-1.215,2026-09-23
SPAX,0.6,9.91,1030648,1738215,10.21,19.01,0.5,-1.9,-6.5,매도주의,장대음봉,잔구간,0.06,-1.265,2026-09-23
MAT,0.6,13.08,3337935,5529891,43.66,61.78,0.7,-0.2,-0.8,중립,음봉,잔구간,0.24,-0.505,2026-09-23
BTCT,0.6,1.2,1869266,2995813,2.24,8.73,0.3,-4.5,-4.8,매도주의,장대음봉,잔구간,0.22,-1.17,2026-09-23
BSBR,0.6,5.7,1864606,2948724,10.63,17.94,0.6,-0.7,-1.7,강한매도,장대음봉,전저점이탈,0.07,-3.27,2026-09-23
BKD,0.6,11.17,2513049,4313997,28.07,52.45,0.5,-0.3,-1.7,강한매도,장대음봉,전저점이탈,0.24,-3.06,2026-09-23
VERX,0.6,11.72,915218,1424026,10.73,17.74,0.6,0.6,-1.2,중립,음봉,잔구간,0.54,-0.325,2026-09-23
PLAY,0.6,6.81,1885499,3331493,12.84,35.48,0.4,-1.4,-3.0,중립,음봉,잔구간,0.17,-0.55,2026-09-23
MTRX,0.6,9.78,305913,542091,2.99,4.75,0.6,-0.6,-1.4,매도주의,장대음봉,잔구간,0.29,-1.125,2026-09-23
PHAT,0.6,6.985,1045232,1715247,7.3,11.8,0.6,0.8,-10.7,강한매도,장대음봉,전저점이탈,0.01,-3.34,2026-09-23
NAK,0.6,1.41,3018877,4825770,4.26,5.74,0.7,0.7,-3.4,중립,음봉,잔구간,0.3,-0.47,2026-09-23
NABL,0.6,4.15,2020703,3214054,8.39,17.11,0.5,-0.5,1.5,매수관심,양봉,완만한상승,0.55,1.66,2026-09-23
MYGN,0.6,4.01,1657985,2658897,6.65,10.39,0.6,0.0,-0.2,매도주의,위꼬리음봉,잔구간,0.16,-0.955,2026-09-23
SNDG,0.6,11.38,3697142,6398592,42.07,60.28,0.7,1.0,-8.4,매도주의,장대음봉,잔구간,0.13,-1.22,2026-09-23
ETHW,0.6,19.14,543482,858084,10.4,16.9,0.6,-1.5,-1.3,중립,음봉,잔구간,0.46,-0.375,2026-09-23
EU,0.6,1.22,7491699,11964766,9.14,12.93,0.7,-1.1,1.9,매수관심,팽이도지,완만한상승,0.52,0.92,2026-09-23
SOUN,0.6,6.01,11265689,18283714,67.71,126.86,0.5,0.2,-2.0,매도주의,장대음봉,잔구간,0.06,-1.265,2026-09-23
UMH,0.6,15.4,536401,829991,8.26,11.64,0.7,-0.6,-1.9,강한매도,장대음봉,전저점이탈,0.06,-3.28,2026-09-23
BZ,0.6,14.41,4551896,8150984,65.59,178.97,0.4,-1.1,-1.7,매도주의,장대음봉,잔구간,0.16,-1.205,2026-09-23
FCEL,0.6,17.18,3445625,5527546,59.2,101.09,0.6,-1.5,-2.3,중립,음봉,잔구간,0.08,-0.6,2026-09-23
FATE,0.6,2.43,909697,1470530,2.21,4.24,0.5,-0.4,-5.4,매도주의,장대음봉,잔구간,0.0,-1.3,2026-09-23
MRVI,0.6,7.37,1549775,2597637,11.42,18.45,0.6,-0.5,-0.7,중립,망치형,잔구간,0.69,0.615,2026-09-23
CIEG,0.6,4.195,516641,854664,2.17,3.21,0.7,0.7,-7.6,매도주의,장대음봉,잔구간,0.2,-1.18,2026-09-23
CLBK,0.6,11.18,3651883,6596260,40.83,72.24,0.6,0.2,-1.9,강한매도,장대음봉,전저점이탈,0.08,-3.25,2026-09-23
MOMO,0.6,4.93,620648,989110,3.06,4.7,0.7,-0.8,-1.2,강한매도,장대음봉,수횡파,0.0,-2.0,2026-09-23
MPT,0.6,3.59,8677677,14615986,31.15,47.96,0.6,-0.5,-0.8,중립,음봉,잔구간,0.56,-0.315,2026-09-23
PRGO,0.6,13.84,1455767,2264687,20.15,35.74,0.6,-0.6,-2.7,중립,음봉,잔구간,0.12,-0.58,2026-09-23
CLNE,0.6,1.62,915261,1535023,1.48,4.27,0.3,0.0,-3.6,강한매도,장대음봉,전저점이탈,0.0,-3.35,2026-09-23
CPOP,0.6,5.17,387638,698141,2.0,4.28,0.5,-4.7,15.1,매수관심,양봉,완만한상승,0.35,1.42,2026-09-23
NUS,0.6,4.61,327310,527378,1.51,2.84,0.5,-0.6,-4.6,매도주의,장대음봉,잔구간,0.0,-1.3,2026-09-23
ABEV,0.6,2.93,13058392,20806927,38.26,72.26,0.5,-1.0,-1.7,매도주의,장대음봉,전저점부근,0.0,-1.85,2026-09-23
VYX,0.6,7.13,2341270,3905085,16.69,27.31,0.6,-0.8,-2.9,중립,음봉,잔구간,0.33,-0.45,2026-09-23
RXT,0.6,4.05,4443939,7657312,18.0,33.58,0.5,-1.5,-0.5,중립,팽이도지,잔구간,0.28,-0.13,2026-09-23
HNRG,0.6,14.51,523706,844361,7.6,11.71,0.6,-0.7,-3.1,매도주의,장대음봉,잔구간,0.02,-1.29,2026-09-23
RWT,0.6,3.72,4756817,7957537,17.7,50.17,0.4,-6.3,-3.4,중립,음봉,잔구간,0.08,-0.6,2026-09-23
HLMN,0.6,7.14,1115554,1929203,7.97,18.61,0.4,-1.0,-0.6,매도주의,위꼬리음봉,잔구간,0.23,-0.91,2026-09-23
HLN,0.6,9.11,21338640,34570706,194.4,222.41,0.9,0.2,-1.7,강한매도,장대음봉,전저점이탈,0.0,-3.35,2026-09-23
PAX,0.6,10.24,643542,1070331,6.59,12.98,0.5,-0.5,-2.0,매도주의,장대음봉,잔구간,0.08,-1.25,2026-09-23
AGRO,0.6,10.85,467409,730711,5.07,9.18,0.6,0.8,-1.5,매도주의,음봉,전저점이탈,0.27,-1.73,2026-09-23
ABAT,0.6,2.31,2168129,3872872,5.01,8.2,0.6,-2.5,-0.9,매도주의,위꼬리음봉,잔구간,0.07,-1.01,2026-09-23
ABEO,0.6,5.53,1190093,1918987,6.58,10.65,0.6,0.0,-5.0,매도주의,장대음봉,잔구간,0.03,-1.28,2026-09-23
WWW,0.6,19.11,355510,606670,6.79,13.06,0.5,-0.5,-3.3,매도주의,장대음봉,잔구간,0.01,-1.295,2026-09-23
YDES,0.6,3.23,359178,603768,1.16,2.22,0.5,-1.4,16.2,중립,양봉,잔구간,0.88,0.58,2026-09-23
WLTH,0.6,9.84,2012827,3425399,19.81,55.74,0.4,-0.6,-0.4,중립,팽이도지,잔구간,0.33,-0.1,2026-09-23
PAYS,0.6,12.67,485564,838521,6.15,10.33,0.6,-0.1,-1.8,중립,음봉,잔구간,0.63,-0.27,2026-09-23
ABTC,0.6,9.91,1126773,1742159,11.17,17.08,0.7,-1.6,-2.0,중립,음봉,잔구간,0.13,-0.57,2026-09-23
ACCO,0.6,4.25,460416,720108,1.96,3.27,0.6,0.0,-1.8,매도주의,장대음봉,잔구간,0.0,-1.3,2026-09-23
GSM,0.6,4.19,585930,997367,2.46,5.06,0.5,-1.2,-1.6,매도주의,장대음봉,잔구간,0.13,-1.22,2026-09-23
GSIT,0.6,5.625,325082,555076,1.83,3.4,0.5,-1.4,-2.7,중립,음봉,잔구간,0.21,-0.525,2026-09-23
VRRM,0.6,3.38,4289838,7449823,14.5,34.22,0.4,0.3,-2.0,매도주의,장대음봉,잔구간,0.27,-1.14,2026-09-23
ASLE,0.6,5.48,331788,566975,1.82,2.76,0.7,-0.2,-0.9,매도주의,장대음봉,잔구간,0.0,-1.3,2026-09-23
ATEC,0.6,10.03,1629749,2743381,16.35,30.79,0.5,-1.1,-1.9,중립,음봉,전저점부근,0.27,-0.23,2026-09-23
GTM,0.6,3.9,3530548,5896247,13.77,23.69,0.6,0.0,0.5,중립,팽이도지,잔구간,0.67,0.1,2026-09-23
VREX,0.6,18.45,388563,679506,7.17,14.43,0.5,0.0,-0.2,매도주의,장대음봉,전저점부근,0.0,-1.85,2026-09-23
NIQ,0.6,17.71,753589,1217802,13.35,21.68,0.6,-0.3,-1.1,중립,음봉,잔구간,0.22,-0.52,2026-09-23
BNGO,0.6,1.7,914269,1531964,1.55,7.58,0.2,-0.5,-6.1,매도주의,장대음봉,잔구간,0.12,-1.23,2026-09-23
UWMC,0.6,1.22,8617486,13398172,10.51,15.54,0.7,-0.8,-2.4,중립,음봉,잔구간,0.23,-0.51,2026-09-23
FLOC,0.6,19.36,361922,591814,7.01,14.38,0.5,1.2,0.3,중립,팽이도지,잔구간,0.59,0.055,2026-09-23
SMCY,0.6,5.53,785385,1426808,4.34,8.5,0.5,1.1,-1.1,중립,음봉,완만한상승,0.39,0.07,2026-09-23
FIP,0.6,3.09,932116,1524489,2.88,4.99,0.6,-0.9,-4.3,매도주의,장대음봉,잔구간,0.3,-1.12,2026-09-23
REZI,0.6,18.68,1503929,2358424,28.09,48.03,0.6,-0.7,-0.4,중립,팽이도지,잔구간,0.48,-0.01,2026-09-23
GDXD,0.6,18.73,1796281,2816433,33.64,58.82,0.6,8.1,5.3,강한매수,장대양봉,완만한상승,0.78,3.24,2026-09-23
NOK,0.6,10.63,69647869,119192467,740.36,1133.95,0.7,0.4,-2.1,매도주의,장대음봉,잔구간,0.17,-1.2,2026-09-23
BCSF,0.6,11.07,428518,668725,4.74,6.87,0.7,-0.7,-0.6,중립,음봉,잔구간,0.12,-0.58,2026-09-23
GORO,0.6,3.65,1102677,1789912,4.02,5.83,0.7,-0.6,3.4,강한매수,양봉,완만한상승,0.83,2.0,2026-09-23
FOSL,0.6,6.17,487525,797129,3.01,4.66,0.6,-0.8,-3.0,매도주의,장대음봉,잔구간,0.09,-1.245,2026-09-23
SKYQ,0.6,2.54,571570,902952,1.45,14.63,0.1,-1.2,-1.2,매도주의,위꼬리음봉,전저점부근,0.07,-1.27,2026-09-23
SKHZ,0.6,9.385,848827,1380626,7.97,15.78,0.5,2.0,1.0,중립,양봉,잔구간,0.55,0.38,2026-09-23
SIDU,0.6,2.01,2572695,4352580,5.17,8.01,0.6,0.0,-5.6,매도주의,장대음봉,잔구간,0.0,-1.3,2026-09-23
GMRS,0.6,11.0,813727,1318099,8.95,19.02,0.5,-0.7,-2.0,중립,음봉,잔구간,0.45,-0.38,2026-09-23
IMSR,0.5,4.43,838557,1525442,3.71,8.13,0.5,0.6,-4.9,매도주의,장대음봉,잔구간,0.08,-1.25,2026-09-23
BGS,0.5,2.98,1115704,2143211,3.32,7.5,0.4,0.0,-2.0,매도주의,장대음봉,잔구간,0.2,-1.18,2026-09-23
IREG,0.5,10.156,351259,726509,3.57,6.23,0.6,-1.2,-4.5,중립,음봉,잔구간,0.05,-0.62,2026-09-23
OBX,0.5,15.26,582606,1128233,8.89,18.11,0.5,0.6,-10.8,강한매도,장대음봉,전저점이탈,0.01,-3.34,2026-09-23
NMRA,0.5,0.731,1692159,3213680,1.24,1.66,0.7,-1.4,-4.7,중립,음봉,잔구간,0.46,-0.375,2026-09-23
XRX,0.5,3.47,1676929,3107186,5.82,9.92,0.6,0.3,-0.9,중립,팽이도지,잔구간,0.47,-0.02,2026-09-23
HLLY,0.5,2.48,765166,1574937,1.9,4.71,0.4,-1.5,-5.7,매도주의,장대음봉,전저점부근,0.16,-1.66,2026-09-23
SUPX,0.5,7.29,595530,1142646,4.34,8.41,0.5,-2.1,-1.5,중립,팽이도지,수횡파,0.29,0.35,2026-09-23
QNME,0.5,0.839,16620637,31267243,13.94,33.88,0.4,-5.4,4.2,중립,팽이도지,잔구간,0.68,0.11,2026-09-23
CXM,0.5,5.43,1770359,3394750,9.61,18.21,0.5,0.4,0.6,중립,팽이도지,잔구간,0.73,0.14,2026-09-23
DV,0.5,13.4,1385146,2691539,18.56,69.45,0.3,0.0,0.0,매수관심,양봉스프링,잔구간,1.0,1.05,2026-09-23
PAL,0.5,3.86,641195,1351403,2.48,4.67,0.5,1.3,-3.7,매도주의,장대음봉,잔구간,0.02,-1.29,2026-09-23
QTRX,0.5,3.16,423780,940310,1.34,3.44,0.4,-0.6,-0.3,중립,망치형,잔구간,0.78,0.67,2026-09-23
LTBR,0.5,6.72,402544,755633,2.71,7.4,0.4,-0.3,-1.6,중립,음봉,잔구간,0.33,-0.45,2026-09-23
CRF,0.5,6.1,805547,1641426,4.91,11.14,0.4,-0.2,-0.5,중립,음봉,잔구간,0.33,-0.45,2026-09-23
XPRO,0.5,16.51,433902,939648,7.16,14.47,0.5,0.1,0.7,중립,팽이도지,잔구간,0.49,-0.005,2026-09-23
ZENA,0.5,1.49,1012865,1928906,1.51,2.59,0.6,0.0,-3.2,매도주의,장대음봉,잔구간,0.0,-1.3,2026-09-23
PSNL,0.5,16.35,1123846,2341289,18.37,40.46,0.5,-1.2,1.2,매수관심,양봉,수횡파,0.79,1.65,2026-09-23
EROC,0.5,12.52,1488389,2823158,18.63,40.56,0.5,-0.1,-2.3,중립,음봉,잔구간,0.17,-0.55,2026-09-23
MAMA,0.5,13.3,632333,1177447,8.41,14.46,0.6,-0.8,-2.8,중립,음봉,잔구간,0.4,-0.41,2026-09-23
ENOV,0.5,18.24,1180013,2411739,21.52,42.87,0.5,-0.5,-0.3,중립,팽이도지,잔구간,0.54,0.025,2026-09-23
TKC,0.5,5.16,1020779,1952827,5.27,10.21,0.5,0.0,-0.6,중립,음봉,잔구간,0.14,-0.565,2026-09-23
SPAL,0.5,16.59,524427,1044095,8.7,21.23,0.4,-1.4,-6.7,매도주의,장대음봉,잔구간,0.06,-1.265,2026-09-23
ACDC,0.5,4.64,893169,1732550,4.14,6.69,0.6,0.6,-2.3,중립,음봉,전저점부근,0.55,0.11,2026-09-23
ALVO,0.5,5.81,774267,1509501,4.5,7.88,0.6,0.3,-0.9,중립,망치형,잔구간,0.58,0.55,2026-09-23
PAYO,0.5,7.14,2134882,4508436,15.24,25.64,0.6,0.0,0.1,중립,위꼬리양봉,완만한상승,0.33,-0.3,2026-09-23
WEAV,0.5,7.36,886885,1746717,6.53,13.75,0.5,0.0,0.3,강한매수,장대양봉,전고점돌파,1.0,4.1,2026-09-23
XTND,0.5,3.95,780845,1465950,3.08,5.32,0.6,3.5,-3.9,매도주의,장대음봉,전저점부근,0.15,-1.67,2026-09-23
VTS,0.5,16.78,332346,656023,5.58,12.08,0.5,0.6,-1.0,중립,음봉,잔구간,0.22,-0.52,2026-09-23
GT,0.5,5.34,6468912,13246588,34.54,63.89,0.5,-0.8,-1.9,매도주의,장대음봉,잔구간,0.38,-1.07,2026-09-23
GNW,0.5,9.63,2708420,5737343,26.08,54.69,0.5,-0.4,-0.9,매도주의,음봉,전저점이탈,0.27,-1.73,2026-09-23
NMFC,0.5,7.06,333820,630338,2.36,3.83,0.6,0.0,-0.6,중립,음봉,잔구간,0.5,-0.35,2026-09-23
AXTL,0.5,3.02,601348,1137473,1.82,2.87,0.6,2.3,-14.2,매도주의,장대음봉,잔구간,0.02,-1.29,2026-09-23
SGML,0.5,10.14,1417460,2734176,14.37,23.13,0.6,-3.0,-1.2,중립,음봉,잔구간,0.28,-0.48,2026-09-23
GIPR,0.5,0.528,11370900,24802845,6.0,25.76,0.2,-3.8,-3.6,매도주의,위꼬리음봉,잔구간,0.06,-1.015,2026-09-23
BNC,0.5,6.11,1014117,1965664,6.2,18.4,0.3,-0.8,-2.9,중립,음봉,잔구간,0.47,-0.37,2026-09-23
WB,0.5,6.56,537825,1117428,3.53,7.29,0.5,-0.4,-1.5,매도주의,장대음봉,잔구간,0.0,-1.3,2026-09-23
HEPS,0.5,2.52,486382,888825,1.23,2.38,0.5,0.4,-1.9,중립,음봉,잔구간,0.53,-0.33,2026-09-23
GOOS,0.5,7.52,506222,971021,3.81,7.63,0.5,-0.1,-1.2,중립,음봉,잔구간,0.31,-0.465,2026-09-23
BXDC,0.5,19.32,1160763,2439463,22.43,65.56,0.3,-0.8,-0.3,중립,팽이도지,잔구간,0.54,0.025,2026-09-23
CC,0.5,14.74,1053942,2064527,15.54,28.42,0.5,-0.3,-1.3,매도주의,장대음봉,잔구간,0.34,-1.095,2026-09-23
FA,0.5,20.0,640137,1246768,12.8,29.0,0.4,-0.6,-1.0,매도주의,음봉,전저점이탈,0.5,-1.45,2026-09-23
MNSO,0.5,8.98,466468,856647,4.19,7.72,0.5,-0.9,-0.2,중립,망치형,잔구간,0.56,0.535,2026-09-23
MNTS,0.5,4.23,344362,651455,1.46,2.57,0.6,0.0,-2.8,매도주의,장대음봉,잔구간,0.22,-1.17,2026-09-23
CLM,0.5,6.37,1310633,2616590,8.35,16.12,0.5,0.0,0.2,강한매수,양봉스프링,완만한상승,0.83,2.8,2026-09-23
TV,0.5,2.43,995219,1828476,2.42,5.06,0.5,-0.4,-1.6,중립,음봉,잔구간,0.14,-0.565,2026-09-23
SOPH,0.5,8.08,563014,1088171,4.55,6.65,0.7,-0.9,1.0,매수관심,양봉,완만한상승,0.6,1.72,2026-09-23
BULL,0.5,7.65,9118740,17116891,69.76,123.92,0.6,-0.7,-4.7,매도주의,장대음봉,전저점부근,0.09,-1.74,2026-09-23
SLI,0.5,2.14,837281,1553707,1.79,3.21,0.6,0.0,-3.2,중립,음봉,잔구간,0.19,-0.535,2026-09-23
INDP,0.5,3.77,624669,1182064,2.36,5.53,0.4,-1.5,-4.1,중립,팽이도지,잔구간,0.31,-0.115,2026-09-23
IART,0.5,15.53,573083,1070902,8.9,18.15,0.5,-0.9,-2.2,중립,음봉,잔구간,0.17,-0.55,2026-09-23
UTZ,0.5,14.23,666885,1300324,9.49,22.99,0.4,0.0,0.0,중립,팽이도지,완만한상승,0.33,0.7,2026-09-23
GBDC,0.5,12.45,868154,1582573,10.81,18.22,0.6,0.0,-0.6,매도주의,장대음봉,잔구간,0.31,-1.115,2026-09-23
SHOE,0.5,13.11,701222,1295690,9.19,24.69,0.4,-0.8,-1.2,중립,음봉,잔구간,0.05,-0.62,2026-09-23
FTRE,0.5,19.52,1067781,2116959,20.84,34.51,0.6,-0.9,-3.6,매도주의,장대음봉,잔구간,0.02,-1.29,2026-09-23
HLIT,0.4,10.99,758651,1992758,8.34,20.37,0.4,-0.4,-2.3,매도주의,장대음봉,잔구간,0.08,-1.25,2026-09-23
HUN,0.4,9.1,1586876,3983100,14.44,26.94,0.5,2.3,-1.7,매도주의,장대음봉,잔구간,0.25,-1.15,2026-09-23
AVPT,0.4,13.12,840621,1982365,11.03,26.34,0.4,0.3,-0.2,중립,팽이도지,수횡파,0.59,0.71,2026-09-23
LION,0.4,11.15,1622452,3662585,18.09,38.69,0.5,0.4,-2.2,중립,음봉,잔구간,0.26,-0.495,2026-09-23
TCPC,0.4,4.04,422435,1060332,1.71,3.48,0.5,-0.5,-0.5,중립,음봉,잔구간,0.47,-0.37,2026-09-23
OGN,0.4,13.73,983339,2594476,13.5,36.88,0.4,0.1,0.1,매수관심,양봉,완만한상승,0.75,1.9,2026-09-23
SSYS,0.4,8.03,358950,889397,2.88,5.38,0.5,-0.5,-0.9,중립,음봉,잔구간,0.14,-0.565,2026-09-23
EPM,0.4,3.6,319220,879703,1.15,2.64,0.4,1.1,-2.7,매도주의,장대음봉,잔구간,0.09,-1.245,2026-09-23
STGW,0.4,8.48,718946,1638899,6.1,11.96,0.5,-0.1,-0.2,중립,팽이도지,잔구간,0.43,-0.04,2026-09-23
XHLD,0.4,12.08,2473747,5623644,29.88,46.67,0.6,-2.8,6.0,매수관심,양봉,완만한상승,0.56,1.67,2026-09-23
EYPT,0.4,3.72,2022398,4714499,7.52,17.45,0.4,0.7,-9.3,매도주의,장대음봉,잔구간,0.03,-1.28,2026-09-23
FEAM,0.4,2.64,829477,2228146,2.19,2.86,0.8,-0.7,-9.6,매도주의,장대음봉,잔구간,0.22,-1.17,2026-09-23
EVH,0.4,3.62,1013535,2283332,3.67,9.92,0.4,-1.8,-2.9,매도주의,장대음봉,잔구간,0.11,-1.235,2026-09-23
CIFG,0.4,4.854,392771,1034155,1.91,4.62,0.4,-0.8,-7.2,중립,음봉,잔구간,0.01,-0.645,2026-09-23
BTGO,0.4,8.1,1165550,2959444,9.44,23.26,0.4,-2.1,-0.1,중립,팽이도지,잔구간,0.32,-0.11,2026-09-23
BRUN,0.4,16.51,1243190,2883405,20.53,40.74,0.5,0.1,-3.5,중립,음봉,잔구간,0.4,-0.41,2026-09-23
ALMU,0.4,13.18,478192,1317580,6.3,11.47,0.5,-0.6,-4.6,매도주의,장대음봉,잔구간,0.12,-1.23,2026-09-23
CCXI,0.4,12.72,1091597,2433899,13.89,32.02,0.4,-0.5,-2.8,중립,음봉,잔구간,0.49,-0.355,2026-09-23
GLOO,0.4,4.8,1291686,3102887,6.2,9.36,0.7,0.8,-0.4,중립,팽이도지,잔구간,0.39,-0.065,2026-09-23
IIIV,0.4,15.1,451393,1070618,6.82,12.15,0.6,0.2,-0.5,중립,팽이도지,잔구간,0.51,0.005,2026-09-23
AEMD,0.4,6.81,301959,763224,2.06,65.43,0.0,-0.2,3.8,매수관심,양봉,완만한상승,0.79,1.95,2026-09-23
IQ,0.4,1.01,5686816,15757872,5.74,10.37,0.6,0.0,-1.9,매도주의,장대음봉,잔구간,0.24,-1.155,2026-09-23
MNOV,0.3,2.8,396352,1529825,1.11,4.49,0.2,0.0,-3.4,중립,음봉,잔구간,0.19,-0.535,2026-09-23
SLXN,0.3,0.315,8352067,23969524,2.63,10.4,0.3,-13.7,-6.9,중립,음봉,전저점부근,0.19,-0.32,2026-09-23
PDSB,0.3,0.824,9724154,30314050,8.01,53.85,0.1,-3.3,-6.4,매도주의,장대음봉,잔구간,0.07,-1.26,2026-09-23
MSTW,0.3,5.355,1392681,4112147,7.46,13.33,0.6,-0.2,-3.5,매도주의,장대음봉,잔구간,0.05,-1.27,2026-09-23
USDE,0.3,12.87,2772599,8044086,35.68,58.28,0.6,-2.4,-2.6,중립,음봉,잔구간,0.26,-0.495,2026-09-23
BRBS,0.3,3.81,554432,1755944,2.11,6.36,0.3,0.3,-1.8,강한매도,장대음봉,전저점이탈,0.0,-3.35,2026-09-23
ZTG,0.2,1.73,844266,5440973,1.46,27.79,0.1,-5.5,5.8,중립,위꼬리양봉,완만한상승,0.39,-0.23,2026-09-23
AKAN,0.1,3.11,342661,2746132,1.07,7.23,0.1,-2.5,-1.3,중립,팽이도지,잔구간,0.52,0.01,2026-09-23
MEDS,0.1,3.83,595568,11510819,2.28,136.35,0.0,-6.2,-4.5,매도주의,장대음봉,잔구간,0.1,-1.24,2026-09-23
VEEA,0.0,3.22,425292,9086281,1.37,141.01,0.0,-5.3,-5.3,중립,음봉,잔구간,0.24,-0.505,2026-09-23
