ticker,ratio,latest_close,latest_volume,baseline_volume,dollar_volume_M,avg_dollar_vol_10d_M,dollar_surge_x,signal_gap_%,intraday_chg_%,candle_signal,candle_shape,candle_pos,close_pos,candle_score,latest_date
OLB,2123.9,0.335,308593218,145292,103.38,1.75,58.9,44.4,-15.1,중립,음봉,전고점돌파,0.22,0.46,2026-09-09
UFG,398.0,0.72,90670617,227803,65.25,1.09,59.7,6.5,17.3,중립,위꼬리양봉,전고점돌파,0.41,0.39,2026-09-09
SUNE,375.0,4.51,122277162,326033,551.47,4.62,119.5,27.0,49.8,강한매수,장대양봉,전고점돌파,0.81,3.87,2026-09-09
FTFT,207.4,2.09,79202333,381834,165.53,4.02,41.2,-3.1,64.6,중립,양봉,잔구간,0.37,0.27,2026-09-09
CTNT,131.9,1.11,7644949,57960,8.49,0.42,20.0,-0.8,-10.5,강한매도,음봉,전저점이탈,0.0,-2.05,2026-09-09
ZTG,131.4,0.766,30734470,233863,23.54,2.4,9.8,-3.0,16.1,중립,위꼬리양봉,잔구간,0.35,-0.59,2026-09-09
GCDT,118.4,0.638,14430626,121839,9.21,37.59,0.2,-33.3,5.2,중립,양봉,잔구간,0.74,0.495,2026-09-09
TNON,93.5,2.44,12719753,135992,31.04,4.54,6.8,2.4,-29.1,강한매도,장대음봉,전저점이탈,0.03,-3.31,2026-09-09
FRTT,54.6,0.918,4733288,86664,4.35,0.25,17.4,0.1,0.7,중립,양봉,잔구간,0.91,0.595,2026-09-09
SCNX,47.3,0.367,8906237,188305,3.27,0.1,33.4,-6.5,8.0,중립,양봉,잔구간,0.63,0.43,2026-09-09
SDA,39.3,0.6,12775974,324906,7.67,0.14,56.7,-10.7,36.3,매수관심,장대양봉,잔구간,0.88,1.23,2026-09-09
INDP,29.1,2.08,5675556,195089,11.81,1.81,6.5,3.8,8.3,강한매수,양봉,전고점돌파,0.38,2.06,2026-09-09
LASE,26.7,0.801,25883627,967996,20.74,3.58,5.8,6.2,-20.7,강한매도,장대음봉,전저점이탈,0.09,-3.24,2026-09-09
ARBE,25.5,0.794,14792132,580215,11.74,7.91,1.5,3.9,2.8,중립,위꼬리양봉,잔구간,0.21,-0.675,2026-09-09
IRD,24.1,5.73,54319719,2254171,311.25,8.31,37.4,22.4,7.9,중립,위꼬리양봉,전고점돌파,0.24,0.19,2026-09-09
FGL,20.7,6.79,3023577,146083,20.53,3.33,6.2,14.9,-22.0,매도주의,장대음봉,전저점부근,0.3,-1.49,2026-09-09
ISPC,15.6,1.55,920864,58916,1.43,3.41,0.4,0.6,-3.1,중립,음봉,잔구간,0.58,-0.3,2026-09-09
CRMT,15.3,1.475,2835550,185802,4.18,0.44,9.5,-14.1,-31.1,강한매도,장대음봉,전저점이탈,0.1,-3.23,2026-09-09
ODD,15.3,16.48,11916512,780526,196.38,11.39,17.2,34.4,-5.8,중립,음봉,전고점돌파,0.49,0.79,2026-09-09
BNC,14.5,4.43,6014759,413900,26.65,37.82,0.7,-2.2,-13.7,매도주의,장대음봉,잔구간,0.07,-1.26,2026-09-09
MIMI,13.5,0.94,19466642,1438588,18.3,22.68,0.8,10.3,-6.0,중립,음봉,잔구간,0.18,-0.54,2026-09-09
OCC,12.9,13.7,1416189,109550,19.4,2.41,8.0,-11.0,12.4,매수관심,장대양봉,잔구간,0.84,1.205,2026-09-09
OCGN,12.3,1.065,39260038,3193109,41.81,4.4,9.5,-1.5,-18.7,강한매도,장대음봉,전저점이탈,0.02,-3.33,2026-09-09
NIU,10.1,2.05,937738,92973,1.92,0.2,9.6,0.0,7.9,강한매수,양봉,전고점돌파,0.54,2.25,2026-09-09
BBOT,10.0,6.755,1499708,150119,10.13,2.06,4.9,0.0,-23.8,강한매도,장대음봉,전저점이탈,0.18,-3.13,2026-09-09
LABT,10.0,2.32,5084489,508178,11.8,4.9,2.4,0.9,5.5,중립,위꼬리양봉,완만한상승,0.4,-0.22,2026-09-09
TH,9.5,19.2,11006855,1154918,211.33,26.93,7.8,-7.4,2.4,중립,양봉,잔구간,0.74,0.495,2026-09-09
FJET,9.4,2.05,7304287,774281,14.97,2.36,6.4,0.0,-22.1,강한매도,장대음봉,전저점이탈,0.13,-3.19,2026-09-09
MTVA,9.3,1.74,609816,65649,1.06,0.13,8.4,0.0,2.4,매수관심,팽이도지,완만한상승,0.67,1.1,2026-09-09
GMEX,9.1,0.571,2172577,237723,1.24,1.96,0.6,-13.1,3.8,중립,양봉,전저점이탈,0.59,0.06,2026-09-09
SGLY,8.9,1.89,1588660,177636,3.0,0.84,3.6,2.5,16.7,강한매수,장대양봉,완만한상승,0.85,3.32,2026-09-09
HEPS,8.8,2.65,930847,105424,2.47,0.55,4.5,0.0,0.4,중립,위꼬리양봉,완만한상승,0.2,-0.46,2026-09-09
EVMN,8.5,10.84,3986472,471270,43.21,5.93,7.3,-9.0,-8.9,매도주의,음봉,전저점이탈,0.3,-1.69,2026-09-09
HTT,7.3,2.52,397663,54694,1.0,0.23,4.4,-0.8,-4.2,중립,음봉,전저점부근,0.45,-0.01,2026-09-09
RTAC,7.0,10.45,510448,73319,5.33,0.72,7.4,-0.3,0.0,중립,팽이도지,잔구간,0.31,-0.115,2026-09-09
GLND,6.8,1.15,2366892,347871,2.72,0.58,4.7,1.5,-12.9,강한매도,장대음봉,전저점이탈,0.22,-3.09,2026-09-09
IRS,6.6,15.46,544777,82242,8.42,1.79,4.7,-0.5,2.9,매수관심,양봉,완만한상승,0.57,1.68,2026-09-09
APXT,6.5,10.13,466862,71622,4.73,1.91,2.5,0.0,0.0,중립,위꼬리양봉,완만한상승,0.0,-0.7,2026-09-09
BJDX,6.5,1.01,1447508,224079,1.46,5.92,0.2,-1.9,0.0,중립,팽이도지,잔구간,0.63,0.08,2026-09-09
IRT,6.1,15.23,12997891,2118407,197.96,35.63,5.6,-1.8,-2.5,매도주의,음봉,전저점이탈,0.31,-1.68,2026-09-09
PYXS,5.6,3.38,4345259,771947,14.69,2.86,5.1,-10.5,-2.9,중립,팽이도지,잔구간,0.25,-0.15,2026-09-09
EQ,5.6,2.56,1088016,193611,2.79,0.79,3.5,0.0,6.2,강한매수,장대양봉,전고점돌파,1.0,4.1,2026-09-09
TVA,5.5,10.55,854980,155797,9.02,9.5,0.9,0.1,-0.1,매도주의,장대음봉,완만한상승,0.0,-1.7,2026-09-09
PRZO,5.2,0.848,3867831,742780,3.28,7.43,0.4,1.8,0.7,매수관심,팽이도지,완만한상승,0.58,1.0,2026-09-09
NAUT,4.9,1.12,3885708,790559,4.35,0.65,6.7,1.8,18.6,강한매수,장대양봉,전고점돌파,0.9,3.98,2026-09-09
ATII,4.9,10.66,381381,77568,4.07,1.3,3.1,0.0,0.1,강한매수,양봉,완만한상승,1.0,2.2,2026-09-09
IBTK,4.8,19.245,1001958,207275,19.28,4.8,4.0,-0.1,-0.1,강한매도,장대음봉,전저점이탈,0.17,-3.15,2026-09-09
TIPX,4.8,18.57,726886,152911,13.5,4.0,3.4,-0.1,-0.1,중립,음봉,잔구간,0.25,-0.5,2026-09-09
WDH,4.8,1.02,995598,206100,1.02,1.42,0.7,-0.9,-3.8,매도주의,장대음봉,잔구간,0.11,-1.235,2026-09-09
QNTM,4.6,3.58,445639,97098,1.6,0.31,5.1,1.5,7.2,강한매수,양봉,전고점돌파,0.61,2.33,2026-09-09
SB,4.6,8.36,5006936,1076956,41.86,7.89,5.3,-8.7,2.6,중립,양봉,전저점이탈,0.79,0.3,2026-09-09
XFOR,4.6,3.6,1402279,303423,5.05,2.23,2.3,-0.1,2.9,매수관심,양봉,완만한상승,0.68,1.82,2026-09-09
GRAB,4.5,3.04,150446813,33752872,457.36,120.99,3.8,-2.2,-4.4,강한매도,장대음봉,전저점이탈,0.19,-3.12,2026-09-09
INNV,4.4,11.03,924668,208625,10.2,2.28,4.5,11.2,-5.7,중립,음봉,잔구간,0.09,-0.595,2026-09-09
MVIS,4.3,1.61,3414737,800347,5.5,1.58,3.5,-2.4,-1.2,중립,팽이도지,잔구간,0.58,0.05,2026-09-09
RNA,4.2,10.51,690444,166345,7.26,3.76,1.9,-1.3,-6.2,강한매도,장대음봉,전저점이탈,0.2,-3.11,2026-09-09
CMPS,4.2,15.17,7741965,1860461,117.45,27.67,4.2,1.1,6.8,강한매수,양봉,전고점돌파,0.62,2.34,2026-09-09
IGR,4.2,12.94,787032,189328,10.18,2.6,3.9,-0.7,-2.8,강한매도,장대음봉,전저점이탈,0.05,-3.29,2026-09-09
LDI,4.1,0.78,13909155,3384557,10.85,4.03,2.7,3.1,-8.4,강한매도,장대음봉,전저점이탈,0.12,-3.21,2026-09-09
SKDD,4.1,6.417,12653619,3121191,81.2,37.31,2.2,-3.2,-11.9,강한매도,장대음봉,전저점이탈,0.06,-3.28,2026-09-09
BLDP,4.0,2.36,10280503,2560241,24.26,5.58,4.3,4.2,-4.5,매도주의,장대음봉,잔구간,0.06,-1.265,2026-09-09
BNED,4.0,10.83,1080796,267612,11.71,3.51,3.3,-3.7,-8.2,강한매도,장대음봉,전저점이탈,0.1,-3.23,2026-09-09
SANA,4.0,3.17,8653000,2187688,27.43,9.31,2.9,1.7,-9.7,강한매도,장대음봉,전저점이탈,0.03,-3.31,2026-09-09
GLOO,3.9,3.15,435598,111670,1.37,0.34,4.0,-0.3,-0.6,매도주의,위꼬리음봉,잔구간,0.22,-0.92,2026-09-09
TV,3.9,2.38,2541500,644301,6.05,3.67,1.7,-0.8,-4.4,매도주의,장대음봉,잔구간,0.07,-1.26,2026-09-09
XP,3.8,19.04,23486618,6171026,447.19,112.88,4.0,-0.9,-3.9,매도주의,장대음봉,잔구간,0.16,-1.205,2026-09-09
MSS,3.8,1.73,695272,182589,1.2,6.83,0.2,2.5,6.1,매수관심,양봉,완만한상승,0.61,1.73,2026-09-09
OPFI,3.7,7.53,2120353,577675,15.97,4.51,3.5,-0.1,1.9,강한매수,양봉,전고점돌파,0.51,2.21,2026-09-09
AVO,3.6,13.42,1790966,497850,24.03,7.35,3.3,1.0,3.2,강한매수,양봉,전고점돌파,0.34,2.01,2026-09-09
LFST,3.6,12.62,12517819,3456100,157.97,44.06,3.6,-1.5,0.1,중립,팽이도지,잔구간,0.54,0.025,2026-09-09
LXFR,3.6,17.25,902096,248080,15.56,5.25,3.0,-0.2,-0.1,중립,팽이도지,잔구간,0.42,-0.05,2026-09-09
WLTH,3.6,9.46,4479473,1254713,42.38,14.34,3.0,0.2,-2.0,중립,음봉,잔구간,0.15,-0.56,2026-09-09
AEO,3.6,16.89,18260616,5093917,308.42,97.13,3.2,-0.6,-1.3,중립,음봉,잔구간,0.2,-0.53,2026-09-09
ENHA,3.5,1.62,2917093,821975,4.73,1.21,3.9,-1.9,5.9,매수관심,양봉,수횡파,0.72,1.56,2026-09-09
TFCpR,3.5,17.32,314810,88877,5.45,1.53,3.6,0.1,-0.7,중립,음봉,잔구간,0.18,-0.54,2026-09-09
LAC,3.5,3.19,26216506,7561913,83.63,22.82,3.7,7.7,-1.2,중립,팽이도지,완만한상승,0.38,0.76,2026-09-09
LOVE,3.5,16.03,596869,171476,9.57,3.08,3.1,-1.2,1.0,중립,팽이도지,잔구간,0.73,0.14,2026-09-09
AVAT,3.4,0.958,2011895,598484,1.93,0.49,3.9,5.2,6.5,강한매수,양봉,전고점돌파,0.53,2.24,2026-09-09
SES,3.4,0.52,31046942,9260220,16.14,4.6,3.5,0.1,-8.8,매도주의,장대음봉,잔구간,0.25,-1.15,2026-09-09
NNOX,3.4,0.78,4845510,1427765,3.78,1.33,2.8,-18.3,2.7,매수관심,양봉스프링,잔구간,0.86,0.965,2026-09-09
PINE,3.3,18.93,314559,96199,5.95,1.74,3.4,-0.4,-2.2,매도주의,음봉,전저점이탈,0.13,-1.89,2026-09-09
KTF,3.3,8.53,413233,125663,3.52,1.34,2.6,0.0,-1.5,강한매도,장대음봉,전저점이탈,0.06,-3.28,2026-09-09
NEOG,3.3,11.92,6160573,1842998,73.43,19.57,3.8,1.7,-1.4,중립,음봉,완만한상승,0.4,0.08,2026-09-09
TLX,3.3,12.34,548309,164146,6.77,1.78,3.8,0.9,2.1,강한매수,양봉,전고점돌파,0.73,2.48,2026-09-09
IPFX,3.2,10.06,906441,278967,9.12,1.72,5.3,-0.0,0.1,매수관심,장대양봉,잔구간,1.0,1.3,2026-09-09
XPOF,3.2,4.03,1371651,422720,5.53,2.38,2.3,-2.3,-14.1,강한매도,장대음봉,전저점이탈,0.18,-3.13,2026-09-09
GFR,3.1,6.39,3394657,1104700,21.69,7.01,3.1,1.3,1.3,매수관심,팽이도지,전고점돌파,0.49,1.49,2026-09-09
LHSW,3.1,1.02,4141874,1356825,4.22,5.84,0.7,-13.6,-10.5,중립,음봉,전저점부근,0.36,-0.12,2026-09-09
METD,3.1,14.58,2203006,712637,32.12,10.09,3.2,-6.0,-0.5,강한매도,위꼬리음봉,전저점이탈,0.22,-2.59,2026-09-09
UNHG,3.0,19.582,1189221,394777,23.29,6.89,3.4,2.0,-6.1,중립,음봉,잔구간,0.51,-0.345,2026-09-09
SSL,2.9,14.58,4957243,1695693,72.28,19.76,3.7,6.2,3.3,강한매수,장대양봉,전고점돌파,0.72,3.76,2026-09-09
ATLX,2.9,3.3,448091,156242,1.48,0.61,2.4,0.0,1.5,매수관심,양봉,완만한상승,0.57,1.68,2026-09-09
CGNT,2.9,8.15,1791223,608313,14.6,5.66,2.6,3.9,-4.7,중립,음봉,잔구간,0.24,-0.505,2026-09-09
ANNX,2.8,4.37,5529045,1991035,24.16,10.59,2.3,-1.5,-5.0,강한매도,장대음봉,전저점이탈,0.09,-3.24,2026-09-09
PEPG,2.8,3.15,1154732,413796,3.64,2.15,1.7,-1.2,-0.6,매도주의,위꼬리음봉,잔구간,0.13,-0.97,2026-09-09
ENGS,2.8,2.89,2386722,865952,6.9,3.67,1.9,-0.4,2.8,강한매수,양봉,전고점돌파,0.64,2.37,2026-09-09
ZKH,2.8,2.96,564229,201485,1.67,0.6,2.8,-0.7,0.7,강한매수,양봉,완만한상승,1.0,2.2,2026-09-09
CYPH,2.8,2.45,34088125,12268998,83.52,23.43,3.6,2.5,-9.1,매도주의,위꼬리음봉,잔구간,0.04,-1.025,2026-09-09
SMCY,2.7,5.39,3032153,1140663,16.34,6.21,2.6,-0.7,-2.0,매도주의,장대음봉,잔구간,0.15,-1.21,2026-09-09
DYN,2.7,19.19,5143252,1905309,98.7,72.48,1.4,-4.6,-1.0,매도주의,위꼬리음봉,잔구간,0.18,-0.94,2026-09-09
IPHXU,2.7,10.11,515113,188864,5.21,14.17,0.4,0.0,-0.1,중립,음봉,잔구간,0.5,-0.35,2026-09-09
LBTYK,2.7,10.355,2461473,915285,25.49,11.48,2.2,-0.1,-0.6,중립,음봉,수횡파,0.42,-0.2,2026-09-09
NCI,2.7,12.65,1094514,398445,13.85,9.76,1.4,-1.4,-4.5,중립,음봉,잔구간,0.35,-0.44,2026-09-09
MOBX,2.6,1.16,5529205,2146214,6.41,20.2,0.3,-3.9,-4.9,중립,음봉,잔구간,0.07,-0.61,2026-09-09
MIN,2.6,2.39,502464,189727,1.2,0.41,2.9,-0.4,0.0,강한매도,위꼬리양봉,전저점이탈,0.0,-2.35,2026-09-09
GFRr,2.6,1.4,1040046,403726,1.46,0.47,3.1,-2.4,16.7,강한매수,양봉,전고점돌파,0.57,2.28,2026-09-09
GLWG,2.6,16.55,1226327,467483,20.3,7.84,2.6,3.2,-0.2,매도주의,위꼬리음봉,완만한상승,0.24,-0.91,2026-09-09
ENTX,2.6,2.84,622167,235568,1.77,1.09,1.6,-0.7,-5.0,매도주의,장대음봉,잔구간,0.05,-1.27,2026-09-09
TRIP,2.6,8.82,7814859,3043927,68.93,27.75,2.5,-1.0,-1.9,매도주의,음봉,전저점이탈,0.16,-1.86,2026-09-09
PRAA,2.5,19.14,676279,275196,12.94,5.46,2.4,-1.1,1.3,매수관심,양봉,완만한상승,0.62,1.74,2026-09-09
RZLT,2.5,4.06,2073825,814626,8.42,4.74,1.8,3.4,-10.8,강한매도,장대음봉,전저점이탈,0.08,-3.25,2026-09-09
SAIL,2.5,17.58,7764112,3061331,136.49,69.97,2.0,-4.2,3.2,매수관심,양봉,전저점부근,0.52,1.47,2026-09-09
GTE,2.5,10.47,962171,386520,10.07,4.77,2.1,1.6,0.7,매수관심,팽이도지,완만한상승,0.47,0.86,2026-09-09
RLAY,2.5,18.66,6061328,2412331,113.1,53.7,2.1,-1.8,-0.5,매도주의,위꼬리음봉,잔구간,0.19,-0.935,2026-09-09
PHGE,2.5,1.62,745647,292744,1.21,0.38,3.2,3.2,1.3,매수관심,팽이도지,완만한상승,0.55,0.96,2026-09-09
NAC,2.5,11.02,1576109,626161,17.37,6.45,2.7,-0.4,-2.8,강한매도,장대음봉,전저점이탈,0.07,-3.27,2026-09-09
LITZ,2.4,6.32,7152381,3034218,45.2,31.04,1.5,0.0,-2.2,중립,망치형,잔구간,0.78,0.67,2026-09-09
LUCD,2.4,0.821,1779452,737080,1.46,0.74,2.0,0.4,-8.8,강한매도,장대음봉,전저점이탈,0.09,-3.24,2026-09-09
OBX,2.4,18.68,332204,138176,6.21,3.24,1.9,-3.0,2.9,중립,위꼬리양봉,수횡파,0.29,-0.65,2026-09-09
ESRT,2.4,4.24,7065425,2969602,29.96,11.11,2.7,0.0,-3.6,매도주의,음봉,전저점이탈,0.35,-1.63,2026-09-09
GRFS,2.4,7.82,703342,291318,5.5,3.01,1.8,0.3,0.6,매수관심,양봉,완만한상승,0.61,1.73,2026-09-09
KC,2.4,10.21,1956249,810999,19.97,12.99,1.5,-2.6,0.6,중립,팽이도지,잔구간,0.46,-0.025,2026-09-09
SABR,2.3,2.14,6970332,3029708,14.92,7.3,2.0,-1.3,-4.0,중립,음봉,잔구간,0.06,-0.615,2026-09-09
PAX,2.3,10.82,2375550,1027262,25.7,11.77,2.2,-3.8,0.5,매수관심,양봉스프링,전저점이탈,0.8,1.11,2026-09-09
MYN,2.3,9.37,435982,191723,4.09,1.62,2.5,-0.2,-0.4,중립,팽이도지,전저점이탈,0.47,-0.79,2026-09-09
UBRL,2.3,13.91,320029,141014,4.45,2.8,1.6,-1.2,-4.5,강한매도,장대음봉,전저점이탈,0.0,-3.35,2026-09-09
PINS,2.3,18.28,28089803,12161214,513.48,246.84,2.1,-0.8,-8.5,강한매도,장대음봉,전저점이탈,0.0,-3.35,2026-09-09
SPCM,2.3,16.86,815794,356428,13.75,8.74,1.6,-2.0,-6.0,매도주의,장대음봉,잔구간,0.26,-1.145,2026-09-09
ACRS,2.3,5.56,3679404,1591776,20.46,11.47,1.8,0.2,-8.5,강한매도,장대음봉,전저점이탈,0.23,-3.07,2026-09-09
SPCQ,2.2,11.57,1653819,761197,19.13,13.24,1.4,0.9,5.2,매수관심,양봉,완만한상승,0.73,1.88,2026-09-09
XPEV,2.2,10.57,11681340,5412337,123.47,78.03,1.6,-0.7,-2.6,강한매도,장대음봉,전저점이탈,0.08,-3.25,2026-09-09
GPK,2.2,9.51,9676114,4473352,92.02,48.45,1.9,-0.5,-3.4,강한매도,장대음봉,전저점이탈,0.05,-3.29,2026-09-09
IBX,2.2,18.57,328696,150924,6.1,3.93,1.6,0.2,6.7,강한매수,장대양봉,전고점돌파,0.88,3.96,2026-09-09
IHRT,2.2,2.59,953991,435216,2.47,1.04,2.4,0.8,-3.4,강한매도,장대음봉,전저점이탈,0.1,-3.23,2026-09-09
GDOT,2.2,13.01,462540,208902,6.02,2.75,2.2,0.1,-1.9,강한매도,장대음봉,전저점이탈,0.03,-3.31,2026-09-09
CHRN,2.2,18.18,326513,148883,5.94,3.39,1.8,-0.9,-12.9,매도주의,장대음봉,잔구간,0.09,-1.245,2026-09-09
RAIL,2.2,6.74,417561,190471,2.81,1.24,2.3,-1.2,-7.0,매도주의,장대음봉,잔구간,0.05,-1.27,2026-09-09
GMEU,2.2,6.11,1464535,662532,8.95,3.39,2.6,2.4,8.1,강한매수,장대양봉,전고점돌파,0.74,3.79,2026-09-09
TCPC,2.2,4.03,1020881,467903,4.11,2.47,1.7,0.2,-1.2,중립,음봉,잔구간,0.41,-0.405,2026-09-09
XHLD,2.2,10.51,3801574,1721956,39.95,27.92,1.4,2.0,9.8,중립,양봉,전고점부근,0.42,0.15,2026-09-09
TWG,2.2,0.509,3036724,1353668,1.55,4.51,0.3,-7.1,5.2,중립,양봉,잔구간,0.89,0.585,2026-09-09
CDTG,2.2,1.4,1195708,547073,1.67,18.93,0.1,-4.1,0.0,중립,팽이도지,잔구간,0.57,0.04,2026-09-09
GAME,2.2,3.52,323366,149747,1.14,0.73,1.6,0.3,12.8,강한매수,장대양봉,전고점돌파,0.98,4.08,2026-09-09
SID,2.2,1.33,12165557,5650298,16.18,5.48,3.0,3.2,3.9,강한매수,장대양봉,완만한상승,1.0,3.5,2026-09-09
PTON,2.2,5.06,18891973,8651745,95.59,39.45,2.4,-0.8,1.2,매수관심,양봉,완만한상승,0.39,1.47,2026-09-09
AGGH,2.1,19.63,323414,150838,6.35,10.9,0.6,0.1,-0.2,중립,음봉,잔구간,0.27,-0.49,2026-09-09
WW,2.1,14.94,395018,191017,5.9,3.66,1.6,-2.3,-15.0,강한매도,장대음봉,전저점이탈,0.05,-3.29,2026-09-09
SKHZ,2.1,9.075,2284560,1088514,20.73,14.87,1.4,-1.4,-5.7,강한매도,장대음봉,전저점이탈,0.11,-3.22,2026-09-09
TIMB,2.1,18.96,843384,398829,15.99,7.4,2.2,0.1,1.2,강한매수,장대양봉,완만한상승,0.75,3.2,2026-09-09
UROY,2.1,4.8,4974300,2359089,23.88,11.54,2.1,-0.2,-0.2,매도주의,위꼬리음봉,잔구간,0.05,-1.02,2026-09-09
XMAX,2.1,8.5,1156594,559465,9.83,4.44,2.2,-0.2,0.0,중립,팽이도지,전저점부근,0.48,0.73,2026-09-09
XERS,2.1,7.71,2816230,1352859,21.71,10.86,2.0,-0.6,-8.5,강한매도,장대음봉,전저점이탈,0.07,-3.27,2026-09-09
JBIO,2.1,19.06,1507463,715308,28.73,13.06,2.2,-0.1,-1.9,중립,음봉,전저점부근,0.23,-0.27,2026-09-09
RKLX,2.1,14.49,5273668,2495234,76.42,30.15,2.5,4.3,-12.4,매도주의,장대음봉,잔구간,0.01,-1.295,2026-09-09
SHMD,2.1,3.43,975743,469901,3.35,3.6,0.9,3.6,-1.2,중립,팽이도지,완만한상승,0.37,0.74,2026-09-09
GOOY,2.1,11.8,533952,251224,6.3,2.79,2.3,-1.5,-0.3,중립,망치형,전저점이탈,0.73,0.53,2026-09-09
CWEB,2.1,18.98,904786,433376,17.17,8.85,1.9,-2.0,-2.4,강한매도,장대음봉,전저점이탈,0.13,-3.19,2026-09-09
EIKN,2.1,10.73,752414,358885,8.07,4.14,2.0,2.8,-2.5,중립,음봉,잔구간,0.12,-0.58,2026-09-09
EAF,2.1,6.17,949993,444919,5.86,2.85,2.1,0.3,-2.4,중립,망치형,잔구간,0.73,0.64,2026-09-09
CAL,2.1,12.15,1303947,608830,15.84,6.5,2.4,8.2,-6.7,중립,음봉,잔구간,0.02,-0.64,2026-09-09
CIK,2.1,2.42,441930,212993,1.07,0.75,1.4,-0.4,0.0,매도주의,위꼬리양봉,잔구간,0.0,-0.8,2026-09-09
BORR,2.1,4.3,8460929,4047007,36.38,20.35,1.8,1.4,-4.4,강한매도,장대음봉,전저점이탈,0.17,-3.15,2026-09-09
ABEO,2.1,5.79,1782874,869538,10.32,5.27,2.0,-0.7,-0.3,중립,팽이도지,잔구간,0.43,-0.04,2026-09-09
PALI,2.0,2.05,2774702,1366440,5.69,3.3,1.7,-1.4,-5.5,매도주의,장대음봉,잔구간,0.0,-1.3,2026-09-09
ANY,2.0,2.42,427363,212621,1.03,1.17,0.9,4.9,-5.8,매도주의,장대음봉,잔구간,0.21,-1.175,2026-09-09
TTAM,2.0,14.8,432456,219506,6.4,3.33,1.9,-0.5,-2.9,매도주의,장대음봉,잔구간,0.07,-1.26,2026-09-09
KGEI,2.0,6.72,308027,152141,2.07,0.82,2.5,1.4,4.2,강한매수,양봉,전고점돌파,0.97,2.76,2026-09-09
BSIN,2.0,1.6,1147033,568533,1.84,1.28,1.4,0.7,4.6,중립,양봉,전고점부근,0.62,0.39,2026-09-09
VALE,2.0,15.44,56562458,27725510,873.32,439.43,2.0,-0.5,-0.3,중립,팽이도지,잔구간,0.36,-0.085,2026-09-09
GLNK,2.0,10.53,610703,301942,6.43,3.41,1.9,-3.0,-2.7,매도주의,장대음봉,잔구간,0.14,-1.215,2026-09-09
VREX,2.0,18.5,1439356,719849,26.63,12.13,2.2,0.1,0.0,중립,팽이도지,수횡파,0.5,0.6,2026-09-09
INDI,2.0,3.28,7718806,3820988,25.32,15.57,1.6,-0.7,-5.6,강한매도,장대음봉,전저점이탈,0.12,-3.21,2026-09-09
CRTO,2.0,17.44,377833,190834,6.59,3.65,1.8,-1.0,-0.7,중립,팽이도지,잔구간,0.42,-0.05,2026-09-09
CRBU,2.0,1.44,1768265,890501,2.55,1.57,1.6,0.0,-6.5,강한매도,장대음봉,전저점이탈,0.0,-3.35,2026-09-09
AWF,2.0,10.07,354556,179523,3.57,2.16,1.7,-0.1,0.2,중립,양봉,잔구간,1.0,0.65,2026-09-09
CPNG,2.0,14.76,37963647,18832859,560.34,238.48,2.3,0.6,-0.9,강한매수,망치형,전저점부근,0.67,2.95,2026-09-09
CORD,2.0,2.59,10567063,5410988,27.37,22.72,1.2,0.2,9.3,매수관심,장대양봉,잔구간,0.93,1.26,2026-09-09
RNW,2.0,6.85,4039186,1999700,27.67,16.97,1.6,0.0,-0.1,중립,음봉,잔구간,0.0,-0.65,2026-09-09
GORO,2.0,3.62,2852047,1400912,10.32,7.01,1.5,1.8,-7.4,매도주의,장대음봉,잔구간,0.07,-1.26,2026-09-09
ATEC,2.0,8.985,3053122,1508163,27.43,13.88,2.0,0.4,-2.7,매도주의,음봉,전저점이탈,0.24,-1.76,2026-09-09
AVIR,2.0,5.27,430819,210360,2.27,1.13,2.0,-0.7,-6.6,강한매도,장대음봉,전저점이탈,0.07,-3.27,2026-09-09
KBWD,2.0,12.18,592352,300715,7.21,3.54,2.0,-0.1,-1.1,강한매도,장대음봉,전저점이탈,0.05,-3.29,2026-09-09
ITUB,2.0,8.08,35701784,17758360,288.47,150.56,1.9,-1.4,-1.3,매도주의,장대음봉,잔구간,0.17,-1.2,2026-09-09
AGEN,2.0,6.86,1445780,729877,9.92,6.76,1.5,2.2,-9.7,강한매도,장대음봉,전저점이탈,0.09,-3.24,2026-09-09
PFN,1.9,6.86,564267,296268,3.87,2.38,1.6,-0.3,-0.3,중립,음봉,잔구간,0.38,-0.42,2026-09-09
WYHG,1.9,4.98,385699,199012,1.92,12.64,0.2,-14.1,-1.4,중립,망치형,잔구간,0.63,0.58,2026-09-09
PENN,1.9,17.17,4457927,2335325,76.54,41.94,1.8,-0.1,1.4,중립,위꼬리양봉,잔구간,0.38,-0.57,2026-09-09
AFYA,1.9,13.82,529581,272304,7.32,3.22,2.3,0.0,-3.3,강한매도,장대음봉,전저점이탈,0.13,-3.19,2026-09-09
HCKT,1.9,10.99,326566,170498,3.59,1.94,1.9,-0.5,-2.0,중립,음봉,잔구간,0.53,-0.33,2026-09-09
GEL,1.9,15.68,460101,242263,7.21,3.48,2.1,1.3,-2.0,매도주의,음봉,전저점이탈,0.05,-1.99,2026-09-09
GENI,1.9,7.03,7925634,4089692,55.72,35.28,1.6,0.5,-4.4,강한매도,장대음봉,전저점이탈,0.15,-3.17,2026-09-09
EDIT,1.9,2.77,2963135,1534614,8.21,7.33,1.1,1.0,-9.5,강한매도,장대음봉,전저점이탈,0.0,-3.35,2026-09-09
ATER,1.9,0.71,2316825,1240760,1.64,6.39,0.3,2.8,-5.2,중립,음봉,잔구간,0.24,-0.505,2026-09-09
RGTX,1.9,9.15,1394205,719842,12.76,8.52,1.5,-3.2,-4.6,중립,음봉,잔구간,0.11,-0.585,2026-09-09
RBLU,1.9,4.8,684147,358213,3.28,1.64,2.0,-0.2,-1.0,중립,망치형,잔구간,0.67,0.6,2026-09-09
GRND,1.9,14.93,1980947,1051212,29.58,16.5,1.8,-0.1,-3.3,강한매도,장대음봉,전저점이탈,0.31,-2.98,2026-09-09
VIXM,1.9,13.38,572960,297320,7.67,4.47,1.7,0.3,-0.3,중립,음봉,잔구간,0.21,-0.525,2026-09-09
CANE,1.9,11.61,656965,339128,7.63,4.08,1.9,1.0,0.0,매수관심,팽이도지,완만한상승,0.64,1.07,2026-09-09
PRQR,1.9,1.99,958270,509273,1.91,1.81,1.1,0.0,-2.9,매도주의,음봉,전저점이탈,0.13,-1.89,2026-09-09
GME.WS,1.9,2.79,1320509,701243,3.68,2.52,1.5,4.9,-0.4,매도주의,위꼬리음봉,완만한상승,0.1,-1.08,2026-09-09
OI,1.9,6.63,4796032,2591964,31.8,17.9,1.8,-0.1,-1.6,매도주의,음봉,전저점이탈,0.54,-1.4,2026-09-09
BRCB,1.9,8.87,691802,370300,6.14,3.36,1.8,-1.5,-5.5,매도주의,장대음봉,전저점부근,0.11,-1.72,2026-09-09
VTEX,1.9,3.52,1169911,610043,4.12,2.38,1.7,0.8,-1.4,매도주의,장대음봉,잔구간,0.29,-1.125,2026-09-09
FIGS,1.9,13.26,3588093,1857922,47.58,35.6,1.3,-1.0,-2.1,매도주의,음봉,전저점이탈,0.43,-1.53,2026-09-09
IONL,1.9,11.79,888653,478803,10.48,7.37,1.4,-5.2,-6.9,매도주의,장대음봉,잔구간,0.03,-1.28,2026-09-09
MNRO,1.9,12.54,1304648,672730,16.36,12.11,1.4,-1.1,1.4,매수관심,장대양봉,잔구간,0.61,1.065,2026-09-09
MNKD,1.9,3.94,5192525,2698347,20.46,10.85,1.9,-0.1,-5.2,중립,음봉,잔구간,0.05,-0.62,2026-09-09
SMZ,1.9,11.87,382758,198835,4.54,3.42,1.3,3.2,2.8,중립,양봉,잔구간,0.88,0.58,2026-09-09
IVA,1.9,4.45,1976173,1023054,8.79,4.65,1.9,-0.2,-4.5,매도주의,음봉,전저점이탈,0.45,-1.51,2026-09-09
CMRC,1.9,2.6,1688645,876210,4.39,2.86,1.5,-0.8,2.4,강한매수,양봉,완만한상승,0.89,2.07,2026-09-09
ANNA,1.9,3.285,484184,250859,1.59,0.76,2.1,1.6,2.3,중립,위꼬리양봉,완만한상승,0.33,-0.3,2026-09-09
MAX,1.9,11.58,831254,436577,9.63,6.68,1.4,2.0,-3.6,중립,음봉,전저점부근,0.48,0.03,2026-09-09
SPCG,1.8,16.12,1609669,900135,25.95,17.81,1.5,1.5,5.8,강한매수,장대양봉,완만한상승,0.71,3.15,2026-09-09
BCRX,1.8,8.805,5152521,2943227,45.37,30.68,1.5,0.1,-2.9,강한매도,장대음봉,전저점이탈,0.01,-3.34,2026-09-09
LYFT,1.8,14.9,17398832,9486836,259.24,175.68,1.5,-2.9,-5.5,강한매도,장대음봉,전저점이탈,0.03,-3.31,2026-09-09
SRAD,1.8,12.83,2895575,1602807,37.15,20.98,1.8,-0.3,1.1,중립,팽이도지,잔구간,0.6,0.06,2026-09-09
ICLN,1.8,18.01,11973344,6838978,215.64,136.02,1.6,-0.1,-1.5,중립,음봉,잔구간,0.06,-0.615,2026-09-09
CRBP,1.8,8.86,1004127,569903,8.9,6.95,1.3,0.0,-16.4,강한매도,장대음봉,전저점이탈,0.01,-3.34,2026-09-09
IMRX,1.8,4.61,1165746,633291,5.37,3.28,1.6,-0.8,-2.7,매도주의,음봉,전저점이탈,0.26,-1.74,2026-09-09
DXD,1.8,17.23,2643744,1466052,45.55,25.32,1.8,1.0,0.5,강한매수,장대양봉,전고점돌파,0.6,3.62,2026-09-09
RLMD,1.8,4.09,1590041,895784,6.5,3.93,1.7,-0.2,-3.5,강한매도,장대음봉,전저점이탈,0.0,-3.35,2026-09-09
GSM,1.8,4.49,2497703,1411892,11.21,5.45,2.1,0.0,-0.7,중립,팽이도지,잔구간,0.33,-0.1,2026-09-09
NVG,1.8,11.69,965243,532711,11.28,6.87,1.6,-0.4,-1.5,강한매도,장대음봉,전저점이탈,0.09,-3.24,2026-09-09
AGNC,1.8,10.51,30217780,16636655,317.59,193.89,1.6,0.3,-1.9,강한매도,장대음봉,전저점이탈,0.04,-3.3,2026-09-09
ENVX,1.8,3.16,8406874,4618219,26.57,16.64,1.6,-1.7,-7.3,강한매도,장대음봉,전저점이탈,0.0,-3.35,2026-09-09
VWAV,1.8,0.458,3317884,1836693,1.52,1.59,1.0,-4.5,-16.7,매도주의,음봉,전저점이탈,0.33,-1.65,2026-09-09
CCAP,1.8,10.23,510132,279301,5.22,2.72,1.9,-0.4,-0.2,매도주의,팽이도지,전저점이탈,0.37,-0.91,2026-09-09
NEA,1.8,10.96,1920407,1046596,21.05,10.94,1.9,-0.4,-0.3,매도주의,음봉,전저점이탈,0.37,-1.61,2026-09-09
BRR,1.8,2.86,2222256,1261353,6.36,2.92,2.2,0.7,4.0,강한매수,양봉,전고점돌파,0.48,2.18,2026-09-09
GME,1.8,19.89,15594761,8822413,310.18,138.29,2.2,1.1,4.1,강한매수,장대양봉,전고점돌파,0.72,3.76,2026-09-09
VSTS,1.8,13.12,2256287,1257788,29.6,15.44,1.9,-1.5,-2.5,중립,음봉,잔구간,0.27,-0.49,2026-09-09
LABX,1.8,11.34,1369198,758948,15.53,9.15,1.7,-1.9,9.7,매수관심,양봉,완만한상승,0.6,1.72,2026-09-09
PMT,1.8,9.42,1724736,964746,16.25,9.06,1.8,-0.1,-1.9,매도주의,장대음봉,잔구간,0.0,-1.3,2026-09-09
USOY,1.8,7.665,533558,302666,4.09,2.37,1.7,1.5,0.9,강한매수,장대양봉,전고점돌파,0.86,3.93,2026-09-09
PRME,1.8,3.47,4225349,2385940,14.66,8.85,1.7,-2.5,0.0,중립,팽이도지,잔구간,0.73,0.14,2026-09-09
BEZ,1.8,6.12,2991144,1685599,18.31,15.63,1.2,2.8,3.6,중립,양봉,잔구간,1.0,0.65,2026-09-09
CIFR,1.8,16.9,42443821,23290343,717.3,469.54,1.5,0.4,-9.1,매도주의,장대음봉,잔구간,0.03,-1.28,2026-09-09
ACHV,1.8,7.54,2367415,1296256,17.85,11.67,1.5,-0.3,-3.6,강한매도,장대음봉,전저점이탈,0.06,-3.28,2026-09-09
TLS,1.8,4.61,1011020,560812,4.66,2.84,1.6,-0.4,-0.6,강한매수,망치형,전저점부근,0.7,2.99,2026-09-09
NOMD,1.8,11.18,1954002,1058456,21.85,14.76,1.5,-0.6,-1.8,매도주의,음봉,전저점이탈,0.35,-1.63,2026-09-09
SVCO,1.8,6.85,375304,212968,2.57,1.77,1.5,-1.0,2.4,매수관심,양봉,완만한상승,0.64,1.77,2026-09-09
NMFC,1.8,7.3,753259,428250,5.5,2.8,2.0,-0.7,-0.1,중립,팽이도지,전저점이탈,0.62,-0.61,2026-09-09
NMZ,1.8,9.62,1484440,811445,14.28,7.96,1.8,0.0,-1.4,강한매도,장대음봉,전저점이탈,0.0,-3.35,2026-09-09
SECZ,1.8,8.43,2533239,1419361,21.36,10.8,2.0,-0.2,2.4,강한매수,양봉,전고점돌파,0.57,2.28,2026-09-09
ORIC,1.7,12.5,1669253,973426,20.87,13.67,1.5,-1.0,0.0,중립,팽이도지,전저점부근,0.28,0.49,2026-09-09
NWAX,1.7,10.135,301996,174609,3.06,2.31,1.3,0.0,-0.1,강한매도,장대음봉,전저점이탈,0.0,-3.35,2026-09-09
AIV,1.7,2.46,1783403,1033144,4.39,3.75,1.2,0.0,-0.8,강한매도,음봉,전저점이탈,0.0,-2.05,2026-09-09
NBIZ,1.7,5.28,8422082,4833984,44.47,41.54,1.1,-3.5,6.5,매수관심,장대양봉,잔구간,1.0,1.3,2026-09-09
LCTX,1.7,1.03,1364316,790818,1.41,0.92,1.5,1.8,-7.2,강한매도,장대음봉,전저점이탈,0.0,-3.35,2026-09-09
CRDL,1.7,2.285,1970129,1171903,4.5,3.92,1.1,0.0,2.9,강한매수,양봉,전고점돌파,0.58,2.3,2026-09-09
NAD,1.7,11.15,1333943,774770,14.87,8.18,1.8,-0.4,-1.3,강한매도,장대음봉,전저점이탈,0.17,-3.15,2026-09-09
XZO,1.7,16.0,308995,185195,4.94,3.49,1.4,-0.9,0.1,매수관심,양봉스프링,잔구간,0.81,0.935,2026-09-09
REI,1.7,1.48,4853305,2889208,7.18,4.71,1.5,2.0,-4.5,매도주의,장대음봉,잔구간,0.0,-1.3,2026-09-09
WFCpA,1.7,17.25,353730,203252,6.1,3.71,1.6,0.2,-0.6,중립,음봉,전저점부근,0.58,0.15,2026-09-09
BOIL,1.7,18.93,7478660,4479224,141.57,98.46,1.4,-3.8,-1.7,매도주의,음봉,전저점이탈,0.14,-1.88,2026-09-09
OFIX,1.7,8.91,565531,332551,5.04,2.81,1.8,-0.2,-2.4,매도주의,음봉,전저점이탈,0.21,-1.8,2026-09-09
PROK,1.7,1.85,1409130,840539,2.61,1.71,1.5,-0.5,-6.6,매도주의,장대음봉,잔구간,0.13,-1.22,2026-09-09
ELME,1.7,1.66,719793,429251,1.19,1.04,1.1,0.0,-1.2,매도주의,장대음봉,전저점부근,0.0,-1.85,2026-09-09
JPC,1.7,7.18,2442736,1442024,17.54,10.09,1.7,-0.4,-1.6,강한매도,장대음봉,전저점이탈,0.0,-3.35,2026-09-09
DHC,1.7,7.51,2077289,1217542,15.6,9.76,1.6,-1.2,0.0,중립,팽이도지,잔구간,0.68,0.11,2026-09-09
GBDC,1.7,12.83,2125288,1253473,27.27,14.2,1.9,0.5,-0.1,매수관심,팽이도지,완만한상승,0.57,0.98,2026-09-09
NTLA,1.7,12.21,4934631,2965192,60.25,40.02,1.5,-1.9,-2.3,강한매도,음봉,전저점이탈,0.03,-2.01,2026-09-09
SHEN,1.7,11.92,755700,437033,9.01,5.57,1.6,-0.8,-1.4,중립,음봉,잔구간,0.62,-0.28,2026-09-09
SMRT,1.7,1.2,1063178,618443,1.28,0.92,1.4,-0.8,-6.3,강한매도,장대음봉,전저점이탈,0.0,-3.35,2026-09-09
BDJ,1.7,9.68,568464,338061,5.5,3.42,1.6,-0.2,-1.6,강한매도,장대음봉,전저점이탈,0.0,-3.35,2026-09-09
SPCU,1.7,13.04,1993031,1182710,25.99,18.17,1.4,-2.0,-6.0,매도주의,장대음봉,잔구간,0.26,-1.145,2026-09-09
BATL,1.6,1.36,7872248,5041552,10.71,4.9,2.2,1.5,1.5,중립,위꼬리양봉,완만한상승,0.25,-0.4,2026-09-09
AMCX,1.6,11.56,816161,506450,9.43,6.18,1.5,-1.4,-2.9,중립,음봉,전저점부근,0.47,0.01,2026-09-09
RDY,1.6,11.88,3502224,2251604,41.61,29.97,1.4,-0.1,0.1,중립,팽이도지,잔구간,0.38,-0.07,2026-09-09
CCC,1.6,6.79,9181782,5853785,62.34,56.12,1.1,-0.7,-3.4,강한매도,장대음봉,전저점이탈,0.09,-3.24,2026-09-09
BWEN,1.6,4.04,309766,190706,1.25,1.17,1.1,-1.7,-1.2,중립,음봉,전저점부근,0.33,-0.15,2026-09-09
ANVS,1.6,1.22,1747759,1069883,2.13,2.02,1.1,0.8,-6.9,강한매도,장대음봉,전저점이탈,0.0,-3.35,2026-09-09
CATX,1.6,2.99,1499216,921216,4.48,2.87,1.6,-1.6,-2.6,매도주의,음봉,전저점이탈,0.2,-1.81,2026-09-09
FVRR,1.6,8.93,654759,407459,5.85,3.98,1.5,-0.8,-0.1,강한매수,망치형,전저점부근,0.71,3.0,2026-09-09
MG,1.6,19.98,308470,192450,6.16,3.7,1.7,0.4,2.5,강한매수,장대양봉,전고점돌파,0.86,3.93,2026-09-09
PTLO,1.6,4.11,1655303,1008204,6.8,5.03,1.4,-0.9,-6.2,강한매도,장대음봉,전저점이탈,0.03,-3.31,2026-09-09
KYTX,1.6,7.64,918293,590839,7.02,5.66,1.2,-0.9,-4.5,매도주의,장대음봉,잔구간,0.08,-1.25,2026-09-09
F,1.6,13.45,68871350,43859123,926.32,587.92,1.6,-0.3,-3.7,강한매도,장대음봉,전저점이탈,0.0,-3.35,2026-09-09
QCML,1.6,17.25,713893,456081,12.31,7.96,1.5,0.2,2.4,중립,위꼬리양봉,완만한상승,0.43,-0.18,2026-09-09
NZF,1.6,11.66,1032515,636860,12.04,7.54,1.6,-0.3,-1.4,강한매도,장대음봉,전저점이탈,0.06,-3.28,2026-09-09
MICC,1.6,19.13,1372739,843135,26.26,14.99,1.8,1.9,-2.9,매도주의,장대음봉,잔구간,0.02,-1.29,2026-09-09
MHD,1.6,11.1,581602,354025,6.46,4.23,1.5,0.1,-0.9,매도주의,장대음봉,잔구간,0.0,-1.3,2026-09-09
ARMG,1.6,18.85,883121,543635,16.65,11.61,1.4,-0.1,2.3,중립,위꼬리양봉,완만한상승,0.22,-0.44,2026-09-09
ASIX,1.6,16.89,317492,203486,5.36,3.85,1.4,0.9,-1.1,중립,음봉,잔구간,0.44,-0.385,2026-09-09
IFRX,1.6,2.09,759750,461446,1.59,2.48,0.6,-0.9,-2.8,매도주의,장대음봉,전저점부근,0.4,-1.37,2026-09-09
SATL,1.6,4.99,4954155,3148693,24.72,19.06,1.3,-1.5,-5.3,매도주의,장대음봉,잔구간,0.13,-1.22,2026-09-09
NHP,1.6,16.25,558756,348066,9.08,5.48,1.7,-0.5,-0.9,중립,음봉,잔구간,0.09,-0.595,2026-09-09
STTK,1.6,6.33,1062045,658690,6.72,4.89,1.4,-1.7,-0.9,매도주의,팽이도지,전저점이탈,0.26,-1.04,2026-09-09
NOK,1.6,10.76,87876138,55378398,945.55,614.19,1.5,3.2,-2.1,중립,음봉,잔구간,0.05,-0.62,2026-09-09
DEI,1.6,10.78,2345330,1495410,25.28,15.99,1.6,0.1,-3.8,강한매도,장대음봉,전저점이탈,0.15,-3.17,2026-09-09
SUZ,1.6,9.27,3759723,2354157,34.85,26.88,1.3,0.4,0.0,중립,팽이도지,완만한상승,0.41,0.79,2026-09-09
RXST,1.6,6.33,1206647,756529,7.64,5.59,1.4,-0.6,-1.2,매도주의,위꼬리음봉,잔구간,0.17,-0.95,2026-09-09
CD,1.6,3.11,375677,230888,1.17,0.78,1.5,-2.3,-9.3,중립,음봉,잔구간,0.02,-0.64,2026-09-09
SNDL,1.6,1.4,1669415,1074187,2.34,1.44,1.6,0.0,-2.8,매도주의,장대음봉,잔구간,0.27,-1.14,2026-09-09
ALLO,1.6,1.73,7284015,4426831,12.6,10.05,1.3,-0.5,-6.5,강한매도,장대음봉,전저점이탈,0.06,-3.28,2026-09-09
LULG,1.6,4.18,1502920,924323,6.28,6.89,0.9,-2.5,-4.1,중립,음봉,잔구간,0.47,-0.37,2026-09-09
WRD,1.6,5.82,2113043,1359928,12.3,10.54,1.2,-1.3,-3.0,중립,음봉,잔구간,0.23,-0.51,2026-09-09
LYNX,1.6,12.78,650296,400041,8.31,7.91,1.1,-0.2,-2.6,중립,음봉,잔구간,0.37,-0.43,2026-09-09
ABUS,1.6,5.17,5507428,3394495,28.47,23.02,1.2,-0.4,0.2,중립,팽이도지,수횡파,0.43,0.52,2026-09-09
AAPD,1.5,11.04,23279436,15373906,257.0,129.94,2.0,0.2,-0.1,중립,팽이도지,완만한상승,0.37,0.74,2026-09-09
LFMD,1.5,2.955,1104998,714144,3.27,1.92,1.7,0.6,-5.0,강한매도,장대음봉,전저점이탈,0.14,-3.18,2026-09-09
TLRY,1.5,4.21,4952171,3352502,20.85,15.55,1.3,0.7,-2.8,매도주의,음봉,전저점이탈,0.13,-1.89,2026-09-09
TPVG,1.5,5.18,320793,214088,1.66,0.99,1.7,0.0,-0.8,중립,망치형,잔구간,0.68,0.61,2026-09-09
SAFX,1.5,0.424,4167672,2766112,1.77,1.13,1.6,-2.5,6.0,매수관심,장대양봉,전고점부근,0.84,1.96,2026-09-09
SLRC,1.5,12.41,445359,288696,5.53,3.49,1.6,0.3,-0.7,강한매도,장대음봉,전저점이탈,0.23,-3.07,2026-09-09
SHOE,1.5,12.93,1768800,1185319,22.87,15.16,1.5,-0.2,-3.1,중립,음봉,잔구간,0.26,-0.495,2026-09-09
NCMI,1.5,2.38,872460,587724,2.08,2.0,1.0,0.0,-2.5,중립,음봉,전저점부근,0.33,-0.15,2026-09-09
SMWB,1.5,8.04,914437,614674,7.35,7.19,1.0,-0.8,-3.2,강한매도,장대음봉,전저점이탈,0.17,-3.15,2026-09-09
BCYC,1.5,4.005,399559,265460,1.6,0.93,1.7,-0.2,-4.0,강한매도,장대음봉,전저점이탈,0.11,-3.22,2026-09-09
CRVS,1.5,13.33,1106826,755048,14.75,10.11,1.5,-1.2,-3.1,매도주의,음봉,전저점이탈,0.4,-1.57,2026-09-09
MSTY,1.5,15.13,2538599,1723809,38.41,31.42,1.2,3.5,-5.6,매도주의,장대음봉,잔구간,0.01,-1.295,2026-09-09
SPAL,1.5,16.595,1426136,946624,23.67,14.45,1.6,-2.1,-5.7,중립,음봉,잔구간,0.26,-0.495,2026-09-09
LUNR,1.5,14.94,6770473,4625266,101.15,85.2,1.2,1.4,-6.0,매도주의,장대음봉,잔구간,0.05,-1.27,2026-09-09
WRAP,1.5,1.67,916231,620677,1.53,1.33,1.1,-0.6,2.5,중립,양봉,잔구간,0.46,0.325,2026-09-09
NG,1.5,8.1,6982385,4554700,56.56,42.43,1.3,2.8,-0.2,매도주의,위꼬리음봉,잔구간,0.17,-0.95,2026-09-09
NKTX,1.5,2.91,784604,530016,2.28,1.69,1.4,-1.2,-8.8,매도주의,장대음봉,잔구간,0.15,-1.21,2026-09-09
BHR,1.5,1.85,670254,441841,1.24,0.84,1.5,0.5,0.0,중립,팽이도지,잔구간,0.46,-0.025,2026-09-09
TENX,1.5,2.13,9175071,6148074,19.54,15.18,1.3,4.0,3.4,매수관심,양봉,완만한상승,0.5,1.6,2026-09-09
CIFG,1.5,4.32,1032750,676692,4.46,3.84,1.2,0.6,-17.2,매도주의,장대음봉,잔구간,0.02,-1.29,2026-09-09
KDK,1.5,3.86,1295438,866294,5.0,3.72,1.3,0.3,-1.0,매도주의,위꼬리음봉,잔구간,0.0,-1.05,2026-09-09
FIP,1.5,3.29,1457938,966345,4.8,3.49,1.4,0.1,-4.5,중립,음봉,잔구간,0.27,-0.49,2026-09-09
EVV,1.5,9.01,384713,262487,3.47,3.45,1.0,0.1,-0.2,중립,음봉,잔구간,0.6,-0.29,2026-09-09
KULR,1.5,2.35,840010,560234,1.97,1.63,1.2,-2.0,-4.1,매도주의,장대음봉,전저점부근,0.14,-1.68,2026-09-09
KT,1.5,19.74,1277235,864137,25.21,20.12,1.3,-0.4,0.2,중립,팽이도지,잔구간,0.64,0.085,2026-09-09
KURA,1.5,12.09,2213106,1512578,26.76,28.75,0.9,-0.2,-3.3,강한매도,장대음봉,전저점이탈,0.16,-3.16,2026-09-09
ZVZZT,1.5,17.4,317653,205848,5.53,4.82,1.1,0.0,-3.6,중립,망치형,잔구간,0.73,0.64,2026-09-09
WTI,1.5,4.06,3986690,2654071,16.19,10.51,1.5,3.3,-0.7,강한매수,망치형,전고점돌파,0.72,2.76,2026-09-09
BMM,1.5,5.79,412185,282788,2.39,1.45,1.6,3.0,-6.2,매도주의,장대음봉,잔구간,0.03,-1.28,2026-09-09
PLG,1.5,1.59,1567031,1038132,2.49,2.15,1.2,0.6,0.0,중립,팽이도지,완만한상승,0.29,0.65,2026-09-09
OGN,1.5,13.67,5564723,3774419,76.07,48.4,1.6,0.2,-0.8,강한매도,장대음봉,전저점이탈,0.24,-3.06,2026-09-09
PAYP,1.5,17.58,1297977,868931,22.82,13.2,1.7,-0.3,0.5,중립,팽이도지,완만한상승,0.41,0.79,2026-09-09
PBYI,1.5,9.05,453607,305051,4.11,2.83,1.5,-0.9,-2.8,중립,음봉,잔구간,0.09,-0.595,2026-09-09
PAGS,1.5,9.61,4801674,3209528,46.14,25.1,1.8,-0.4,-1.0,중립,음봉,잔구간,0.31,-0.465,2026-09-09
ARLO,1.5,13.13,2269444,1499964,29.8,17.45,1.7,-1.0,-6.0,매도주의,장대음봉,잔구간,0.17,-1.2,2026-09-09
RGTI,1.5,15.24,18622303,12559873,283.8,252.62,1.1,-1.1,-2.5,중립,음봉,잔구간,0.11,-0.585,2026-09-09
EROC,1.5,12.67,2536255,1708815,32.13,24.8,1.3,-0.1,-7.7,매도주의,장대음봉,잔구간,0.07,-1.26,2026-09-09
RGNX,1.5,8.73,1407564,932613,12.29,10.9,1.1,-0.7,0.3,중립,위꼬리양봉,잔구간,0.27,-0.64,2026-09-09
ALXO,1.5,1.84,770489,514470,1.42,1.23,1.2,-1.5,-6.6,강한매도,장대음봉,전저점이탈,0.0,-3.35,2026-09-09
ANGX,1.5,4.93,1433195,927694,7.07,4.91,1.4,-0.6,2.1,매수관심,양봉,완만한상승,0.62,1.74,2026-09-09
GROY,1.5,3.29,2247168,1506576,7.39,5.74,1.3,1.5,-1.2,중립,음봉,완만한상승,0.18,-0.18,2026-09-09
NUAI,1.5,6.48,7279314,4801874,47.17,32.23,1.5,-0.6,-1.2,매도주의,위꼬리음봉,잔구간,0.13,-0.97,2026-09-09
NRDS,1.5,9.37,765940,517634,7.18,5.37,1.3,-0.1,-1.9,강한매도,장대음봉,전저점이탈,0.25,-3.05,2026-09-09
NNDM,1.5,1.5,2681546,1780328,4.02,2.97,1.4,-1.0,-2.6,강한매도,장대음봉,전저점이탈,0.17,-3.15,2026-09-09
NPWR,1.5,1.85,951420,628140,1.76,1.46,1.2,-2.1,-0.5,중립,망치형,잔구간,0.67,0.6,2026-09-09
RUM,1.5,7.52,4739323,3131107,35.64,37.31,1.0,-0.5,-9.9,강한매도,장대음봉,전저점이탈,0.01,-3.34,2026-09-09
DNOW,1.5,16.14,2720946,1802675,43.92,27.38,1.6,1.3,-1.3,중립,음봉,수횡파,0.28,-0.36,2026-09-09
MLTX,1.5,13.72,1691173,1103335,23.2,15.53,1.5,-0.3,-7.9,강한매도,장대음봉,전저점이탈,0.04,-3.3,2026-09-09
GOOS,1.5,7.59,956779,629709,7.26,6.04,1.2,-0.6,-1.4,강한매도,장대음봉,전저점이탈,0.0,-3.35,2026-09-09
OCUL,1.5,11.47,2804776,1823558,32.17,18.93,1.7,-1.1,2.0,매수관심,양봉,전고점부근,0.98,0.83,2026-09-09
BV,1.5,11.31,975943,662780,11.04,8.11,1.4,1.3,-0.1,강한매수,망치형,완만한상승,0.93,2.42,2026-09-09
MQY,1.4,10.7,782876,540898,8.38,5.34,1.6,0.2,-1.4,강한매도,장대음봉,전저점이탈,0.18,-3.13,2026-09-09
DBI,1.4,5.22,869895,625107,4.54,3.14,1.4,0.0,0.4,중립,팽이도지,잔구간,0.55,0.03,2026-09-09
CIM,1.4,11.5,935392,686753,10.76,8.43,1.3,-0.3,-0.5,중립,음봉,잔구간,0.07,-0.61,2026-09-09
SGML,1.4,10.57,1869463,1384693,19.76,19.82,1.0,-0.2,1.5,중립,위꼬리양봉,잔구간,0.24,-0.655,2026-09-09
YDES,1.4,3.925,730632,535483,2.87,1.37,2.1,2.6,-10.0,중립,음봉,잔구간,0.38,-0.42,2026-09-09
LCID,1.4,4.27,15238288,10594785,65.07,61.33,1.1,-1.3,-6.6,강한매도,장대음봉,전저점이탈,0.13,-3.19,2026-09-09
YYY,1.4,11.09,396349,283413,4.4,3.32,1.3,-0.2,-0.2,매도주의,음봉,전저점이탈,0.2,-1.81,2026-09-09
MAMA,1.4,15.235,870064,608126,13.26,10.7,1.2,-1.2,-0.5,중립,팽이도지,잔구간,0.45,-0.03,2026-09-09
YMAG,1.4,11.18,1279406,914010,14.3,12.86,1.1,-0.7,0.0,중립,팽이도지,잔구간,0.71,0.125,2026-09-09
CYH,1.4,2.95,1505087,1088155,4.44,3.35,1.3,-0.7,4.6,매수관심,장대양봉,잔구간,0.85,1.21,2026-09-09
ACI,1.4,11.85,9965392,6989554,118.09,76.44,1.5,0.2,-2.5,강한매도,장대음봉,전저점이탈,0.24,-3.06,2026-09-09
ADMA,1.4,9.45,2383258,1756308,22.52,15.6,1.4,-0.7,-0.2,강한매수,망치형,수횡파,0.7,2.84,2026-09-09
NMR,1.4,10.45,965473,670709,10.09,6.69,1.5,0.0,-1.7,매도주의,장대음봉,잔구간,0.1,-1.24,2026-09-09
CHRS,1.4,1.32,840616,585345,1.11,1.02,1.1,-2.2,-1.5,중립,음봉,잔구간,0.15,-0.56,2026-09-09
ALKT,1.4,18.65,1413698,1009816,26.37,24.41,1.1,0.1,-3.9,강한매도,장대음봉,전저점이탈,0.08,-3.25,2026-09-09
NCLH,1.4,14.85,20413224,14101612,303.14,221.46,1.4,-1.2,-2.3,강한매도,장대음봉,전저점이탈,0.21,-3.1,2026-09-09
STIM,1.4,3.04,1421284,980416,4.32,2.62,1.6,-0.7,4.5,강한매수,양봉,전고점돌파,0.72,2.46,2026-09-09
CMTG,1.4,1.58,884887,622635,1.4,1.11,1.3,7.1,-4.2,매도주의,장대음봉,완만한상승,0.22,-1.44,2026-09-09
CODI,1.4,11.22,619938,454577,6.96,5.59,1.2,-1.5,-1.2,중립,음봉,수횡파,0.07,-0.62,2026-09-09
IBRX,1.4,8.06,9488937,6673657,76.48,64.56,1.2,-0.8,-1.9,중립,음봉,잔구간,0.38,-0.42,2026-09-09
SKHL,1.4,12.97,1861768,1327800,24.15,11.47,2.1,2.7,11.2,강한매수,장대양봉,전고점돌파,0.88,3.96,2026-09-09
CTKB,1.4,4.73,810260,597028,3.83,2.92,1.3,-0.6,3.1,강한매수,장대양봉,완만한상승,0.9,3.38,2026-09-09
LUNL,1.4,3.87,1458851,1036013,5.65,4.44,1.3,1.9,-11.0,매도주의,장대음봉,잔구간,0.06,-1.265,2026-09-09
IREZ,1.4,8.34,3085489,2263222,25.73,23.15,1.1,0.6,6.1,매수관심,장대양봉,잔구간,0.88,1.23,2026-09-09
SPAX,1.4,9.94,1672370,1216803,16.62,12.89,1.3,-1.9,-6.0,매도주의,장대음봉,잔구간,0.27,-1.14,2026-09-09
SSPC,1.4,9.48,15282526,10988279,144.88,117.26,1.2,1.9,5.5,매수관심,양봉,완만한상승,0.73,1.88,2026-09-09
XHR,1.4,17.64,1015773,704028,17.92,12.73,1.4,-1.0,0.7,중립,양봉,잔구간,0.73,0.49,2026-09-09
LRMR,1.4,3.87,978795,719804,3.79,3.01,1.3,-1.1,-4.0,중립,음봉,잔구간,0.12,-0.58,2026-09-09
BLZE,1.4,13.23,1702750,1243887,22.53,24.74,0.9,0.5,-5.2,매도주의,장대음봉,잔구간,0.16,-1.205,2026-09-09
WIT,1.4,1.68,11735269,8191043,19.72,18.32,1.1,-0.6,-2.3,강한매도,장대음봉,전저점이탈,0.17,-3.15,2026-09-09
PLU,1.4,5.27,461988,330395,2.43,2.34,1.0,-1.4,-4.7,중립,음봉,잔구간,0.12,-0.58,2026-09-09
ARKO,1.4,4.44,1298458,906342,5.77,4.23,1.4,-0.1,-5.5,매도주의,장대음봉,잔구간,0.12,-1.23,2026-09-09
BRW,1.4,6.37,301773,220759,1.92,1.32,1.5,-0.9,-1.4,강한매도,장대음봉,전저점이탈,0.1,-3.23,2026-09-09
QBTS,1.4,17.12,15954927,11729668,273.15,302.54,0.9,-0.7,-2.4,중립,음봉,잔구간,0.3,-0.47,2026-09-09
FLG,1.4,13.26,4249279,3077925,56.35,48.87,1.2,-0.6,-1.2,매도주의,장대음봉,잔구간,0.31,-1.115,2026-09-09
FLNC,1.4,10.12,6479429,4579783,65.57,61.57,1.1,-3.2,-5.3,매도주의,장대음봉,잔구간,0.03,-1.28,2026-09-09
VTS,1.4,18.22,791654,547984,14.42,8.05,1.8,1.0,0.1,매수관심,양봉스프링,전고점부근,0.77,1.37,2026-09-09
PESI,1.4,18.59,307999,212497,5.73,5.2,1.1,-0.1,-1.9,중립,음봉,잔구간,0.28,-0.48,2026-09-09
BILI,1.4,15.91,4313759,3060745,68.63,73.82,0.9,-1.7,-0.1,중립,팽이도지,잔구간,0.52,0.01,2026-09-09
GILT,1.4,9.75,711717,509760,6.94,5.26,1.3,3.8,-5.5,매도주의,장대음봉,잔구간,0.03,-1.28,2026-09-09
POWW,1.4,2.17,612404,444456,1.33,0.98,1.4,-0.5,3.3,강한매수,장대양봉,완만한상승,0.82,3.28,2026-09-09
HAFN,1.4,9.16,3045599,2217009,27.9,17.77,1.6,0.4,1.8,강한매수,양봉,완만한상승,0.86,2.03,2026-09-09
DSGN,1.4,15.02,821136,590675,12.33,9.39,1.3,-0.7,-0.7,매도주의,위꼬리음봉,잔구간,0.24,-0.905,2026-09-09
HLN,1.4,9.23,18985450,14006735,175.24,109.14,1.6,-0.5,0.3,매수관심,양봉스프링,잔구간,0.77,0.91,2026-09-09
JMIA,1.4,7.52,2137589,1475132,16.07,13.34,1.2,-0.7,4.6,중립,양봉,전고점부근,0.92,0.75,2026-09-09
ATAI,1.4,7.29,14857224,10384429,108.31,137.57,0.8,0.5,-0.4,매도주의,장대음봉,완만한상승,0.2,-1.46,2026-09-09
CLOV,1.4,4.34,4396017,3184865,19.08,13.57,1.4,-0.5,1.6,강한매수,양봉,완만한상승,0.91,2.09,2026-09-09
AGRO,1.4,12.46,1214550,860899,15.13,9.08,1.7,1.1,0.6,매수관심,팽이도지,전고점돌파,0.64,1.67,2026-09-09
AVAH,1.4,14.02,3139120,2171517,44.01,39.19,1.1,0.0,2.6,강한매수,장대양봉,전고점돌파,0.96,4.05,2026-09-09
KRO,1.4,8.46,403605,293722,3.41,2.87,1.2,0.1,-2.1,중립,음봉,잔구간,0.19,-0.535,2026-09-09
AMBP,1.4,4.9,1813075,1281304,8.88,7.19,1.2,-0.2,-0.4,강한매도,위꼬리음봉,전저점이탈,0.19,-2.62,2026-09-09
AMPX,1.4,9.87,5653842,4147322,55.8,42.86,1.3,-0.7,-4.4,매도주의,장대음봉,잔구간,0.06,-1.265,2026-09-09
GT,1.4,5.75,9572399,6638111,55.04,46.9,1.2,-0.3,-1.5,매도주의,음봉,전저점이탈,0.45,-1.51,2026-09-09
AVPT,1.4,12.96,1900871,1347611,24.64,20.05,1.2,-0.5,-1.1,중립,음봉,전저점부근,0.13,-0.39,2026-09-09
JOBY,1.4,6.42,32665875,23807056,209.71,161.29,1.3,-0.9,-5.3,강한매도,장대음봉,전저점이탈,0.0,-3.35,2026-09-09
ARVN,1.4,8.76,738471,525137,6.47,5.04,1.3,0.1,-3.6,강한매도,장대음봉,전저점이탈,0.03,-3.31,2026-09-09
MODD,1.4,2.81,379866,268927,1.07,1.33,0.8,10.6,-9.9,매도주의,장대음봉,전저점부근,0.18,-1.63,2026-09-09
TBI,1.4,9.07,366657,268503,3.33,2.25,1.5,-0.6,-2.8,매도주의,음봉,전저점이탈,0.26,-1.74,2026-09-09
JBLU,1.4,4.38,25049015,18270479,109.71,93.2,1.2,-0.9,-2.2,매도주의,음봉,전저점이탈,0.41,-1.56,2026-09-09
SAFE,1.4,14.62,369865,255655,5.41,4.09,1.3,0.1,-0.6,중립,음봉,잔구간,0.65,-0.26,2026-09-09
VG,1.4,15.29,18373563,13464033,280.93,173.69,1.6,1.9,1.9,강한매수,양봉,전고점돌파,0.72,2.46,2026-09-09
VET,1.4,13.37,1578755,1141501,21.11,16.06,1.3,1.6,0.9,강한매수,양봉,전고점돌파,0.63,2.36,2026-09-09
PTRN,1.4,19.65,1428777,1041018,28.08,24.51,1.1,0.1,-0.1,중립,팽이도지,잔구간,0.42,-0.05,2026-09-09
DV,1.4,13.33,2481591,1744141,33.08,27.68,1.2,0.0,-0.1,매도주의,음봉,전저점이탈,0.2,-1.81,2026-09-09
AMZY,1.4,10.47,390113,282502,4.08,3.15,1.3,-0.8,-0.7,중립,음봉,잔구간,0.52,-0.34,2026-09-09
RLX,1.4,1.76,5025105,3597519,8.84,6.4,1.4,0.0,-1.7,중립,음봉,수횡파,0.38,-0.24,2026-09-09
RGTZ,1.4,17.6,895977,657844,15.77,12.69,1.2,2.4,4.8,중립,양봉,잔구간,0.89,0.585,2026-09-09
HLMN,1.4,7.28,1956020,1361157,14.24,8.97,1.6,-0.4,-3.2,강한매도,장대음봉,전저점이탈,0.24,-3.06,2026-09-09
ASPI,1.3,3.82,4498279,3427278,17.18,12.36,1.4,-1.7,-8.0,매도주의,장대음봉,잔구간,0.04,-1.275,2026-09-09
MRAM,1.3,16.72,872523,663080,14.59,14.93,1.0,-0.8,1.2,중립,위꼬리양봉,완만한상승,0.23,-0.42,2026-09-09
SPCH,1.3,9.79,24760354,18551326,242.4,203.18,1.2,-1.7,-6.0,매도주의,장대음봉,잔구간,0.26,-1.145,2026-09-09
CIG,1.3,2.17,5509300,4215789,11.96,8.79,1.4,-0.4,-2.7,매도주의,장대음봉,잔구간,0.0,-1.3,2026-09-09
SGMT,1.3,10.86,1250131,973838,13.58,10.61,1.3,5.0,-3.5,매도주의,장대음봉,완만한상승,0.3,-1.34,2026-09-09
SPSK,1.3,17.82,308641,246743,5.5,4.37,1.3,0.1,-0.2,매도주의,음봉,전저점이탈,0.48,-1.47,2026-09-09
HYPD,1.3,3.67,545335,407248,2.0,2.43,0.8,0.6,1.9,매수관심,양봉,완만한상승,0.41,1.49,2026-09-09
ICL,1.3,5.88,1730176,1374370,10.17,6.35,1.6,0.0,0.3,중립,위꼬리양봉,완만한상승,0.25,-0.4,2026-09-09
SPCF,1.3,16.37,1668018,1295285,27.31,24.9,1.1,-2.0,-5.9,중립,음봉,잔구간,0.27,-0.49,2026-09-09
ILPT,1.3,7.89,384931,294717,3.04,2.27,1.3,-0.1,-1.0,매도주의,음봉,전저점이탈,0.24,-1.76,2026-09-09
XNDU,1.3,9.05,2093982,1592275,18.95,15.82,1.2,0.6,-6.2,강한매도,장대음봉,전저점이탈,0.0,-3.35,2026-09-09
CPRI,1.3,12.71,6045377,4616273,76.84,54.9,1.4,-0.8,-2.2,매도주의,장대음봉,잔구간,0.0,-1.3,2026-09-09
MUC,1.3,10.34,625985,489862,6.47,4.67,1.4,-0.3,-0.6,강한매도,장대음봉,전저점이탈,0.0,-3.35,2026-09-09
ACVA,1.3,7.37,3905062,2994806,28.78,19.09,1.5,0.0,4.8,강한매수,장대양봉,완만한상승,0.93,3.42,2026-09-09
ADBG,1.3,4.28,2532923,2001311,10.84,10.88,1.0,0.7,-2.9,매도주의,장대음봉,전저점부근,0.06,-1.78,2026-09-09
ADCT,1.3,1.22,1709284,1365041,2.09,2.3,0.9,-1.5,-4.7,중립,음봉,잔구간,0.24,-0.505,2026-09-09
ACP,1.3,4.92,571160,447261,2.81,2.11,1.3,-0.2,-1.2,강한매도,장대음봉,전저점이탈,0.0,-3.35,2026-09-09
LI,1.3,11.91,3826241,2954177,45.57,35.84,1.3,-2.5,-2.0,매도주의,장대음봉,잔구간,0.03,-1.28,2026-09-09
XXI,1.3,5.63,1543589,1196475,8.69,8.72,1.0,1.2,-5.1,매도주의,장대음봉,잔구간,0.03,-1.28,2026-09-09
NEWP,1.3,6.1,734414,584865,4.48,4.23,1.1,3.0,-0.5,매도주의,위꼬리음봉,잔구간,0.21,-0.925,2026-09-09
SMCZ,1.3,5.7,2018226,1519968,11.5,11.81,1.0,1.9,4.8,매수관심,장대양봉,잔구간,0.89,1.235,2026-09-09
BCAT,1.3,15.99,568620,427867,9.09,7.14,1.3,0.0,-0.6,중립,음봉,잔구간,0.15,-0.56,2026-09-09
AIOT,1.3,2.97,1508624,1180069,4.48,4.01,1.1,0.2,0.2,중립,위꼬리양봉,수횡파,0.33,-0.6,2026-09-09
BHK,1.3,8.89,316570,237557,2.81,2.2,1.3,-0.6,-0.2,강한매도,위꼬리음봉,전저점이탈,0.14,-2.68,2026-09-09
SUJA,1.3,9.26,635893,507958,5.89,6.93,0.8,1.5,-7.8,매도주의,장대음봉,잔구간,0.01,-1.295,2026-09-09
CLBT,1.3,11.43,2627699,1948924,30.03,27.07,1.1,-0.3,0.1,중립,팽이도지,잔구간,0.59,0.055,2026-09-09
TRLV,1.3,11.77,2326192,1787072,27.38,19.03,1.4,-0.8,-4.5,매도주의,장대음봉,잔구간,0.18,-1.19,2026-09-09
CCOI,1.3,9.33,2255069,1735361,21.04,15.98,1.3,0.2,-3.4,중립,음봉,잔구간,0.47,-0.37,2026-09-09
BZ,1.3,16.07,8001871,6340057,128.59,179.39,0.7,0.0,-3.3,강한매도,장대음봉,전저점이탈,0.14,-3.18,2026-09-09
USA,1.3,5.9,1427658,1059080,8.42,6.2,1.4,-0.3,-0.5,매도주의,음봉,전저점이탈,0.5,-1.45,2026-09-09
ULCC,1.3,5.65,2703030,2072844,15.27,12.95,1.2,-2.1,0.7,중립,위꼬리양봉,잔구간,0.43,-0.54,2026-09-09
UNCY,1.3,5.12,906966,716959,4.64,3.39,1.4,0.0,1.8,매수관심,장대양봉,잔구간,0.85,1.21,2026-09-09
RAMZ,1.3,13.98,497904,379957,6.96,7.54,0.9,0.4,-2.2,중립,음봉,잔구간,0.6,-0.29,2026-09-09
RBBN,1.3,1.97,789450,600892,1.56,1.11,1.4,-0.3,1.5,매수관심,양봉,완만한상승,0.46,1.55,2026-09-09
AHCO,1.3,5.7,3573403,2754805,20.37,16.38,1.2,-4.4,-3.7,중립,음봉,잔구간,0.25,-0.5,2026-09-09
KREF,1.3,7.37,546854,412814,4.03,3.65,1.1,-0.3,-0.9,중립,음봉,잔구간,0.15,-0.56,2026-09-09
ALOY,1.3,9.54,1802965,1436469,17.2,17.23,1.0,-0.4,-5.1,강한매도,장대음봉,전저점이탈,0.04,-3.3,2026-09-09
ELTX,1.3,2.18,459078,366242,1.0,0.84,1.2,0.9,-8.0,강한매도,장대음봉,전저점이탈,0.05,-3.29,2026-09-09
EOLS,1.3,8.57,996575,754197,8.54,9.96,0.9,-0.3,-3.2,매도주의,음봉,전저점이탈,0.11,-1.92,2026-09-09
QXO,1.3,12.71,16864909,13455034,214.35,159.93,1.3,-0.8,-3.3,강한매도,장대음봉,전저점이탈,0.08,-3.25,2026-09-09
GSIT,1.3,5.6,464833,371689,2.6,2.15,1.2,-0.2,-0.4,매도주의,위꼬리음봉,잔구간,0.22,-0.92,2026-09-09
AVR,1.3,8.53,681935,512469,5.82,4.6,1.3,-0.5,-0.6,매도주의,위꼬리음봉,잔구간,0.12,-0.98,2026-09-09
HAYW,1.3,13.29,2668081,2064903,35.46,25.36,1.4,-0.8,-0.3,매도주의,팽이도지,전저점이탈,0.31,-0.98,2026-09-09
HAWK,1.3,16.45,1910024,1453944,31.42,24.2,1.3,-1.6,-6.2,강한매도,장대음봉,전저점이탈,0.15,-3.17,2026-09-09
HTGC,1.3,17.61,1562528,1220322,27.52,28.06,1.0,0.2,-0.8,중립,음봉,잔구간,0.47,-0.37,2026-09-09
HSHP,1.3,18.04,555056,421269,10.01,5.86,1.7,0.6,-1.2,중립,음봉,잔구간,0.32,-0.46,2026-09-09
NRK,1.3,9.9,425168,321278,4.21,2.84,1.5,-0.5,-1.1,강한매도,장대음봉,전저점이탈,0.07,-3.27,2026-09-09
RYAM,1.3,8.49,716404,569085,6.08,5.44,1.1,-0.5,-0.1,중립,팽이도지,잔구간,0.54,0.025,2026-09-09
ASYS,1.3,15.26,399145,299436,6.09,5.46,1.1,-1.2,-0.3,매도주의,위꼬리음봉,잔구간,0.23,-0.91,2026-09-09
ASTN,1.3,17.86,321766,238867,5.75,5.52,1.0,-0.2,11.3,매수관심,장대양봉,잔구간,0.99,1.295,2026-09-09
CHCT,1.3,14.49,349379,278981,5.06,5.98,0.8,0.0,-2.0,강한매도,장대음봉,전저점이탈,0.14,-3.18,2026-09-09
CDZI,1.3,4.05,1090823,844631,4.42,4.1,1.1,0.2,-6.3,중립,음봉,잔구간,0.41,-0.405,2026-09-09
HCAT,1.3,1.73,582425,449285,1.01,0.63,1.6,-1.2,3.0,매수관심,양봉,완만한상승,0.7,1.84,2026-09-09
HELP,1.3,13.68,1736363,1310000,23.75,19.09,1.2,-0.6,11.1,강한매수,장대양봉,전고점돌파,0.88,3.96,2026-09-09
KARD,1.3,19.68,382861,303364,7.53,6.55,1.2,-0.7,-8.2,매도주의,장대음봉,잔구간,0.03,-1.28,2026-09-09
EGAN,1.3,5.105,313829,234608,1.6,1.74,0.9,0.0,-2.0,중립,음봉,전저점부근,0.03,-0.51,2026-09-09
ETY,1.3,14.3,339720,266171,4.86,4.25,1.1,0.0,-0.9,매도주의,장대음봉,전저점부근,0.11,-1.72,2026-09-09
ERY,1.3,8.57,13476707,10231465,115.5,79.85,1.4,-2.3,0.7,중립,양봉,잔구간,0.65,0.44,2026-09-09
RDTL,1.3,12.25,836899,660393,10.25,7.52,1.4,-0.8,-3.2,중립,음봉,잔구간,0.32,-0.46,2026-09-09
USGG,1.3,6.128,618349,478193,3.79,3.79,1.0,-1.5,-5.6,매도주의,장대음봉,전저점부근,0.06,-1.78,2026-09-09
QSI,1.3,0.75,1449017,1094378,1.09,1.43,0.8,0.0,-1.3,중립,음봉,전저점부근,0.14,-0.38,2026-09-09
ARDX,1.3,3.8,4473755,3558846,17.0,13.07,1.3,-1.1,1.9,중립,양봉,잔구간,0.49,0.345,2026-09-09
VXX,1.3,18.3,8938853,6821135,163.58,122.13,1.3,1.2,0.5,매수관심,양봉,완만한상승,0.74,1.89,2026-09-09
BRSL,1.3,11.12,1855725,1447978,20.64,16.21,1.3,-0.8,0.9,중립,양봉,잔구간,0.85,0.56,2026-09-09
VMD,1.3,8.76,399396,308015,3.5,2.58,1.4,-0.7,0.3,중립,팽이도지,잔구간,0.67,0.1,2026-09-09
REKR,1.3,0.49,2053512,1632419,1.01,0.87,1.2,0.0,-2.0,강한매도,음봉,전저점이탈,0.0,-2.05,2026-09-09
ANIX,1.3,2.83,478818,360748,1.36,1.23,1.1,0.7,-3.1,매도주의,음봉,전저점이탈,0.22,-1.79,2026-09-09
VELO,1.3,10.91,1072578,815237,11.7,9.91,1.2,-1.3,-7.6,강한매도,장대음봉,전저점이탈,0.01,-3.34,2026-09-09
BXMT,1.3,13.87,2059282,1536664,28.56,24.08,1.2,-0.1,0.1,중립,팽이도지,완만한상승,0.31,0.67,2026-09-09
QBTZ,1.3,16.9,439979,333990,7.44,9.34,0.8,-3.8,1.5,중립,팽이도지,잔구간,0.71,0.125,2026-09-09
ARTV,1.3,10.79,325338,259349,3.51,2.89,1.2,-0.9,0.1,중립,위꼬리양봉,잔구간,0.14,-0.715,2026-09-09
ATS,1.3,19.36,427086,322687,8.27,5.66,1.5,0.0,-0.4,중립,망치형,잔구간,0.84,0.705,2026-09-09
BRBR,1.3,9.43,3581104,2726638,33.77,30.25,1.1,-1.5,-2.2,매도주의,음봉,전저점이탈,0.18,-1.83,2026-09-09
BMEA,1.3,1.845,2505189,1994944,4.62,4.19,1.1,0.5,-4.9,매도주의,장대음봉,잔구간,0.21,-1.175,2026-09-09
BLMN,1.3,9.04,2278921,1802473,20.6,18.12,1.1,-0.3,-5.3,강한매도,장대음봉,전저점이탈,0.12,-3.21,2026-09-09
BLND,1.3,1.42,2224011,1742558,3.16,2.51,1.3,0.0,-4.7,강한매도,장대음봉,전저점이탈,0.07,-3.27,2026-09-09
BLCO,1.3,17.79,484926,386355,8.63,7.85,1.1,0.4,-0.1,중립,팽이도지,완만한상승,0.28,0.64,2026-09-09
GNL,1.3,9.09,1921439,1512022,17.47,14.52,1.2,0.1,-0.2,중립,망치형,잔구간,0.56,0.535,2026-09-09
PLTK,1.3,2.26,1491796,1174342,3.37,2.97,1.1,-0.5,2.3,매수관심,양봉,완만한상승,0.67,1.8,2026-09-09
POET,1.3,8.0,8653605,6911292,69.23,64.42,1.1,-1.3,-2.4,중립,음봉,잔구간,0.11,-0.585,2026-09-09
OSUR,1.3,3.36,413075,327548,1.39,1.04,1.3,-1.2,0.3,중립,팽이도지,전저점이탈,0.5,-0.75,2026-09-09
VRRM,1.3,3.73,5581380,4183535,20.82,15.26,1.4,-0.8,-3.9,강한매도,장대음봉,전저점이탈,0.23,-3.07,2026-09-09
PRCH,1.3,16.38,1626867,1287843,26.65,20.47,1.3,-0.1,-2.0,매도주의,음봉,전저점이탈,0.33,-1.65,2026-09-09
OPEN,1.3,3.0,31145610,24298072,93.44,81.56,1.1,-1.6,-0.7,중립,팽이도지,전저점부근,0.33,0.55,2026-09-09
PDO,1.3,12.67,1390334,1109894,17.62,11.62,1.5,-0.2,1.0,매수관심,양봉,완만한상승,0.81,1.97,2026-09-09
ABOS,1.3,2.85,370478,281626,1.06,0.89,1.2,-0.6,-9.2,매도주의,장대음봉,잔구간,0.03,-1.28,2026-09-09
XE,1.3,17.26,9803571,7344530,169.21,118.7,1.4,-4.3,-5.8,중립,음봉,잔구간,0.09,-0.595,2026-09-09
ACCO,1.3,4.26,890863,698029,3.8,2.98,1.3,0.0,-1.8,매도주의,장대음봉,잔구간,0.0,-1.3,2026-09-09
WU,1.2,6.94,8376704,7281315,58.13,52.01,1.1,0.1,-1.0,매도주의,음봉,전저점이탈,0.53,-1.41,2026-09-09
WSE,1.2,12.36,1568790,1281739,19.39,16.76,1.2,0.2,-0.6,매도주의,위꼬리음봉,전저점부근,0.03,-1.31,2026-09-09
ZURA,1.2,5.71,1731832,1386328,9.89,9.42,1.1,-1.5,-5.5,매도주의,장대음봉,잔구간,0.19,-1.185,2026-09-09
PGEN,1.2,6.8,3137663,2704373,21.34,26.87,0.8,0.0,-1.0,중립,음봉,잔구간,0.6,-0.29,2026-09-09
GALT,1.2,4.05,515690,427056,2.09,1.43,1.5,-0.2,-1.9,매도주의,위꼬리음봉,잔구간,0.05,-1.02,2026-09-09
ACHR,1.2,5.5,22405992,18581795,123.23,123.3,1.0,-1.4,-4.3,매도주의,장대음봉,잔구간,0.0,-1.3,2026-09-09
LXRX,1.2,2.15,2204341,1822470,4.74,5.09,0.9,-0.9,-2.7,강한매도,장대음봉,전저점이탈,0.2,-3.11,2026-09-09
LXU,1.2,11.7,841674,692266,9.85,6.84,1.4,2.6,0.5,중립,팽이도지,전고점부근,0.55,-0.39,2026-09-09
PBI,1.2,17.17,1737321,1417443,29.83,25.11,1.2,-0.6,1.7,매수관심,장대양봉,잔구간,0.69,1.115,2026-09-09
OIS,1.2,8.76,533091,440838,4.67,4.1,1.1,1.1,-0.5,매수관심,팽이도지,완만한상승,0.51,0.91,2026-09-09
FOXF,1.2,19.56,463481,388558,9.07,7.45,1.2,0.0,-3.5,강한매도,장대음봉,전저점이탈,0.11,-3.22,2026-09-09
FOSL,1.2,4.86,592158,483933,2.88,3.23,0.9,-1.2,-3.8,매도주의,장대음봉,잔구간,0.04,-1.275,2026-09-09
PSKY,1.2,10.22,13153559,10773207,134.43,109.92,1.2,-0.2,-5.2,강한매도,장대음봉,전저점이탈,0.05,-3.29,2026-09-09
FENC,1.2,11.65,348658,294072,4.06,3.76,1.1,-0.8,-5.7,매도주의,장대음봉,잔구간,0.22,-1.17,2026-09-09
FBRT,1.2,8.0,2385423,2040581,19.08,16.69,1.1,-0.2,-3.6,강한매도,장대음봉,전저점이탈,0.06,-3.28,2026-09-09
PSNY,1.2,7.96,597378,512167,4.76,3.62,1.3,2.9,-13.4,매도주의,장대음봉,전저점부근,0.12,-1.71,2026-09-09
GGN,1.2,5.65,490267,421425,2.77,3.03,0.9,0.9,-0.5,중립,음봉,완만한상승,0.2,-0.16,2026-09-09
OMER,1.2,19.39,1531324,1247976,29.69,25.35,1.2,-0.6,2.0,강한매수,장대양봉,완만한상승,0.74,3.19,2026-09-09
GLUE,1.2,14.26,1146124,957155,16.34,14.42,1.1,0.1,-0.1,매도주의,위꼬리음봉,잔구간,0.18,-0.94,2026-09-09
PONY,1.2,6.76,3706393,3079219,25.06,26.09,1.0,-1.8,-4.1,매도주의,장대음봉,잔구간,0.03,-1.28,2026-09-09
FTRE,1.2,16.79,1240895,1044346,20.83,18.77,1.1,-1.2,-0.4,강한매도,위꼬리음봉,전저점이탈,0.23,-2.57,2026-09-09
FSK,1.2,11.98,1651802,1349460,19.79,17.08,1.2,0.0,-1.6,강한매도,장대음봉,전저점이탈,0.0,-3.35,2026-09-09
PPLT,1.2,17.15,3295965,2730586,56.53,45.76,1.2,4.9,-0.7,매도주의,음봉,전고점부근,0.03,-1.71,2026-09-09
PACK,1.2,4.05,503315,413288,2.04,1.88,1.1,-1.4,-4.3,강한매도,장대음봉,전저점이탈,0.16,-3.16,2026-09-09
NUV,1.2,8.7,553466,474651,4.82,4.25,1.1,-0.5,-1.4,강한매도,장대음봉,전저점이탈,0.0,-3.35,2026-09-09
HITI,1.2,2.57,427887,367473,1.1,1.18,0.9,-0.7,-3.7,매도주의,장대음봉,잔구간,0.0,-1.3,2026-09-09
HDSN,1.2,5.32,486462,392746,2.59,2.73,0.9,0.0,-0.6,매도주의,위꼬리음봉,잔구간,0.15,-0.96,2026-09-09
HE,1.2,10.33,3177014,2650708,32.82,25.91,1.3,-0.0,-5.2,강한매도,장대음봉,전저점이탈,0.07,-3.27,2026-09-09
EBS,1.2,5.68,1174066,1016318,6.67,6.66,1.0,-0.7,-4.7,강한매도,장대음봉,전저점이탈,0.17,-3.15,2026-09-09
NRXP,1.2,3.37,520713,422677,1.75,2.06,0.9,0.3,-3.2,강한매도,장대음봉,전저점이탈,0.17,-3.15,2026-09-09
DOMO,1.2,3.78,1504690,1223756,5.69,5.74,1.0,0.8,-2.1,중립,음봉,잔구간,0.05,-0.62,2026-09-09
DOLE,1.2,13.79,1256351,1023057,17.33,15.31,1.1,-0.2,-0.5,중립,팽이도지,잔구간,0.39,-0.065,2026-09-09
RPAY,1.2,3.55,416889,361169,1.48,1.48,1.0,-0.3,-3.3,매도주의,장대음봉,잔구간,0.18,-1.19,2026-09-09
DCTH,1.2,15.98,384680,314512,6.15,6.07,1.0,0.0,-0.6,중립,음봉,수횡파,0.22,-0.44,2026-09-09
NEXT,1.2,7.54,2535792,2120167,19.12,16.04,1.2,0.0,0.9,매수관심,양봉,완만한상승,0.64,1.77,2026-09-09
SENS,1.2,8.72,768611,640863,6.7,5.25,1.3,-0.9,-5.7,강한매도,장대음봉,전저점이탈,0.05,-3.29,2026-09-09
SERV,1.2,4.655,3529604,2844113,16.43,15.26,1.1,-1.2,-3.8,매도주의,장대음봉,잔구간,0.13,-1.22,2026-09-09
HR,1.2,18.91,3831321,3233787,72.45,60.6,1.2,-0.2,-0.6,중립,음봉,잔구간,0.52,-0.34,2026-09-09
DCH,1.2,6.72,3056341,2652235,20.54,14.97,1.4,-0.4,-3.6,중립,음봉,잔구간,0.25,-0.5,2026-09-09
DRN,1.2,9.83,1961248,1666263,19.28,17.27,1.1,-0.8,-2.5,강한매도,장대음봉,전저점이탈,0.11,-3.22,2026-09-09
AMTM,1.2,19.31,2017036,1658811,38.95,35.33,1.1,0.5,-4.6,강한매도,장대음봉,전저점이탈,0.03,-3.31,2026-09-09
GSBD,1.2,9.64,951006,807708,9.17,8.33,1.1,-0.8,0.4,매수관심,양봉스프링,잔구간,0.76,0.905,2026-09-09
NVCR,1.2,15.63,996520,857590,15.58,16.99,0.9,-1.7,-5.6,강한매도,장대음봉,전저점이탈,0.03,-3.31,2026-09-09
RDW,1.2,10.7,12467183,10590747,133.4,110.33,1.2,1.4,-6.1,매도주의,장대음봉,잔구간,0.01,-1.295,2026-09-09
AMTX,1.2,1.83,711377,584076,1.3,1.0,1.3,0.6,3.4,매수관심,양봉,완만한상승,0.72,1.86,2026-09-09
RIVN,1.2,16.005,18489966,15774920,295.93,305.25,1.0,-0.7,-0.3,매도주의,위꼬리음봉,잔구간,0.16,-0.955,2026-09-09
RITM,1.2,9.86,5535012,4587039,54.58,44.59,1.2,0.0,-0.9,매도주의,음봉,전저점이탈,0.06,-1.98,2026-09-09
ECC,1.2,3.84,866150,717811,3.33,2.84,1.2,-0.3,-1.5,매도주의,장대음봉,잔구간,0.0,-1.3,2026-09-09
EXG,1.2,9.79,429085,368450,4.2,3.46,1.2,-0.5,-1.0,강한매도,장대음봉,전저점이탈,0.17,-3.15,2026-09-09
QBTX,1.2,6.22,2133894,1799714,13.27,17.45,0.8,-2.3,-4.4,중립,음봉,잔구간,0.29,-0.475,2026-09-09
EXK,1.2,11.15,9709011,8349073,108.26,97.34,1.1,2.1,-1.8,중립,음봉,완만한상승,0.3,-0.04,2026-09-09
BGC,1.2,12.19,2502963,2163450,30.51,27.38,1.1,0.3,1.6,중립,양봉,잔구간,0.71,0.475,2026-09-09
CYRX,1.2,15.14,531881,456349,8.05,6.69,1.2,-0.5,-1.6,매도주의,음봉,전저점이탈,0.1,-1.93,2026-09-09
CX,1.2,10.85,4880327,4000154,52.95,45.69,1.2,-0.1,-1.0,매도주의,장대음봉,잔구간,0.03,-1.28,2026-09-09
IAUX,1.2,1.77,6503620,5410231,11.51,14.0,0.8,1.7,-1.1,중립,음봉,완만한상승,0.0,-0.4,2026-09-09
HYT,1.2,8.24,1126979,947535,9.29,6.69,1.4,0.1,-0.4,중립,음봉,수횡파,0.5,-0.1,2026-09-09
CIFU,1.2,10.47,487564,408790,5.1,5.22,1.0,3.5,-20.1,매도주의,장대음봉,잔구간,0.0,-1.3,2026-09-09
AESI,1.2,14.58,3580560,2931527,52.2,36.89,1.4,1.4,2.7,강한매수,양봉,전고점돌파,0.97,2.76,2026-09-09
CCXI,1.2,13.2,1675462,1433354,22.12,18.13,1.2,-0.7,-2.2,중립,음봉,잔구간,0.04,-0.625,2026-09-09
CGC,1.2,0.959,2265534,1896960,2.17,2.47,0.9,0.0,-0.6,중립,음봉,잔구간,0.37,-0.43,2026-09-09
CALY,1.2,15.39,1697815,1475787,26.13,23.08,1.1,-0.3,-0.8,매도주의,위꼬리음봉,전저점부근,0.11,-1.22,2026-09-09
MSOX,1.2,3.11,1726937,1429147,5.37,5.14,1.0,-0.9,-1.3,중립,팽이도지,수횡파,0.4,0.48,2026-09-09
CORN,1.2,19.83,612922,494951,12.15,12.12,1.0,-0.3,-0.5,중립,음봉,잔구간,0.27,-0.49,2026-09-09
ASM,1.2,7.36,5216475,4234437,38.39,30.24,1.3,2.5,-1.6,중립,음봉,잔구간,0.34,-0.445,2026-09-09
MMT,1.2,4.46,303755,245658,1.35,1.12,1.2,0.0,0.2,매수관심,팽이도지,완만한상승,0.67,1.1,2026-09-09
BUR,1.2,4.48,2052811,1666642,9.2,6.22,1.5,-0.2,1.4,강한매수,양봉,전고점돌파,0.94,2.73,2026-09-09
UVXY,1.2,18.38,7244580,5963656,133.16,108.66,1.2,1.5,1.0,매수관심,양봉,완만한상승,0.79,1.95,2026-09-09
KEP,1.2,12.21,1142718,951893,13.95,12.3,1.1,-0.8,-1.6,매도주의,장대음봉,잔구간,0.09,-1.245,2026-09-09
AGNT,1.2,3.695,1935809,1607384,7.15,5.5,1.3,-2.5,-4.8,강한매도,장대음봉,전저점이탈,0.23,-3.07,2026-09-09
KSCP,1.2,1.42,726434,590600,1.03,1.02,1.0,0.7,-1.4,중립,팽이도지,잔구간,0.5,0.0,2026-09-09
VIPS,1.2,12.51,3991069,3459604,49.93,60.27,0.8,0.0,-4.0,강한매도,장대음봉,전저점이탈,0.01,-3.34,2026-09-09
USAR,1.2,17.06,10619019,8974237,181.16,232.43,0.8,-1.1,-2.3,매도주의,장대음봉,잔구간,0.08,-1.25,2026-09-09
BRSP,1.2,4.56,1168414,980426,5.33,4.29,1.2,-0.2,-1.3,매도주의,음봉,전저점이탈,0.15,-1.87,2026-09-09
VNET,1.2,6.52,4860626,3907471,31.69,31.87,1.0,-1.2,-2.2,중립,음봉,잔구간,0.5,-0.35,2026-09-09
BMNZ,1.2,5.68,3795758,3244993,21.56,24.22,0.9,-6.0,11.3,강한매수,장대양봉,완만한상승,0.94,3.43,2026-09-09
LYTS,1.2,19.6,521497,421669,10.22,8.92,1.1,-0.9,1.0,강한매수,양봉,완만한상승,0.91,2.09,2026-09-09
ABR,1.2,4.92,4152265,3344740,20.43,16.5,1.2,0.6,-2.4,매도주의,장대음봉,잔구간,0.05,-1.27,2026-09-09
LOFF,1.2,16.44,1930351,1614604,31.73,31.71,1.0,-2.0,-5.9,매도주의,장대음봉,잔구간,0.27,-1.14,2026-09-09
MBLY,1.2,8.1,3304363,2814385,26.77,24.63,1.1,-0.6,-4.4,강한매도,장대음봉,전저점이탈,0.02,-3.33,2026-09-09
VNDA,1.2,5.25,715012,620871,3.75,3.68,1.0,-0.8,-0.8,중립,음봉,수횡파,0.27,-0.38,2026-09-09
MGNX,1.2,4.11,599225,489247,2.46,1.86,1.3,-0.7,-4.2,매도주의,장대음봉,잔구간,0.3,-1.12,2026-09-09
ARDT,1.2,11.15,563590,479251,6.28,4.22,1.5,-1.1,4.9,강한매수,장대양봉,수횡파,0.92,4.1,2026-09-09
WBTN,1.2,10.09,402453,345085,4.06,4.5,0.9,-0.7,-0.7,중립,음봉,잔구간,0.49,-0.355,2026-09-09
MFIC,1.2,9.1,566040,470409,5.15,4.54,1.1,-0.1,-1.5,강한매도,장대음봉,전저점이탈,0.07,-3.27,2026-09-09
KVUE,1.2,17.75,24488532,20723786,434.67,384.31,1.1,-0.9,-2.6,강한매도,장대음봉,전저점이탈,0.14,-3.18,2026-09-09
BZAI,1.2,0.492,2701579,2250478,1.33,1.22,1.1,0.0,6.9,중립,양봉,잔구간,0.46,0.325,2026-09-09
TU,1.2,9.46,6558413,5438849,62.04,52.21,1.2,0.2,-2.2,강한매도,장대음봉,전저점이탈,0.06,-3.28,2026-09-09
KVYO,1.2,16.27,7201534,5910776,117.17,116.69,1.0,-0.2,-8.9,강한매도,장대음봉,전저점이탈,0.1,-3.23,2026-09-09
MSTX,1.2,14.46,8739080,7549623,126.37,135.92,0.9,7.5,-12.4,매도주의,장대음봉,잔구간,0.0,-1.3,2026-09-09
CONY,1.2,19.76,567312,487479,11.21,9.5,1.2,2.4,-4.3,매도주의,장대음봉,잔구간,0.01,-1.295,2026-09-09
INFY,1.2,10.93,17979244,15470939,196.51,163.81,1.2,-0.8,-1.0,중립,음봉,전저점부근,0.46,0.0,2026-09-09
CRNC,1.2,8.28,674822,559458,5.59,4.99,1.1,-1.0,1.2,중립,양봉,잔구간,0.49,0.345,2026-09-09
NAGE,1.2,3.05,362019,295785,1.1,1.18,0.9,0.2,-1.8,강한매도,장대음봉,전저점이탈,0.27,-3.03,2026-09-09
INFQ,1.2,13.26,6861137,5728492,90.98,106.62,0.9,-0.4,-2.6,중립,음봉,잔구간,0.03,-0.63,2026-09-09
SNAP,1.2,5.31,35946235,30526214,190.87,197.33,1.0,-0.9,-1.3,중립,음봉,잔구간,0.44,-0.385,2026-09-09
CTNM,1.2,15.14,388829,318482,5.89,6.55,0.9,-0.8,-4.2,강한매도,장대음봉,전저점이탈,0.05,-3.29,2026-09-09
SVV,1.2,9.84,1090987,881858,10.74,10.41,1.0,-1.6,-2.3,매도주의,음봉,전저점이탈,0.15,-1.87,2026-09-09
CION,1.2,7.25,407200,326000,2.95,2.8,1.1,-0.4,0.0,중립,팽이도지,잔구간,0.57,0.04,2026-09-09
CLBK,1.2,11.48,3657161,3061889,41.98,33.16,1.3,-0.5,-0.8,중립,음봉,잔구간,0.12,-0.58,2026-09-09
SUPX,1.2,7.11,1002718,856047,7.13,6.46,1.1,7.2,-11.8,강한매도,장대음봉,전저점이탈,0.24,-3.06,2026-09-09
MNTK,1.2,2.46,441193,376135,1.09,0.73,1.5,0.0,-1.6,매도주의,위꼬리음봉,잔구간,0.22,-0.92,2026-09-09
COTY,1.2,2.69,5971490,4985376,16.06,16.8,1.0,-1.4,-1.1,매도주의,음봉,전저점이탈,0.61,-1.32,2026-09-09
MNTN,1.2,11.84,775286,655781,9.18,10.15,0.9,-1.5,-6.2,강한매도,장대음봉,전저점이탈,0.15,-3.17,2026-09-09
MNTS,1.2,4.06,622214,537064,2.53,2.49,1.0,-0.9,-3.6,중립,음봉,잔구간,0.04,-0.625,2026-09-09
SITC,1.2,2.81,857832,691378,2.41,2.79,0.9,-0.3,-2.1,강한매도,장대음봉,전저점이탈,0.06,-3.28,2026-09-09
ALHC,1.2,13.03,4900547,4052464,63.85,58.02,1.1,0.3,-3.5,중립,음봉,전저점부근,0.44,-0.02,2026-09-09
ALIT,1.2,12.55,467129,396097,5.86,5.45,1.1,0.1,-6.8,강한매도,장대음봉,전저점이탈,0.19,-3.12,2026-09-09
PSNL,1.1,16.4,2782943,2535723,45.64,49.54,0.9,0.0,-1.2,강한매도,음봉,전저점이탈,0.04,-2.0,2026-09-09
GEVO,1.1,1.57,2224391,1963129,3.49,3.71,0.9,0.0,-4.8,강한매도,장대음봉,전저점이탈,0.0,-3.35,2026-09-09
GGT,1.1,4.04,533432,473504,2.16,1.82,1.2,0.2,-0.2,매도주의,위꼬리음봉,잔구간,0.25,-0.9,2026-09-09
FPEI,1.1,18.91,417035,364739,7.89,10.99,0.7,-0.2,-0.1,강한매도,음봉,전저점이탈,0.0,-2.05,2026-09-09
PTY,1.1,11.73,955884,886575,11.21,11.09,1.0,-0.1,-0.2,중립,음봉,잔구간,0.2,-0.53,2026-09-09
QTTB,1.1,11.14,488863,463199,5.45,6.3,0.9,-0.7,-4.0,매도주의,음봉,전저점이탈,0.08,-1.95,2026-09-09
FMNB,1.1,15.73,367516,324412,5.78,5.3,1.1,-0.6,0.0,중립,팽이도지,잔구간,0.37,-0.08,2026-09-09
FLGT,1.1,19.85,369944,330274,7.34,5.44,1.3,-0.5,-1.2,중립,음봉,잔구간,0.49,-0.355,2026-09-09
BBD,1.1,3.43,33816999,31110074,115.99,103.25,1.1,-1.4,-2.0,매도주의,장대음봉,잔구간,0.11,-1.235,2026-09-09
PHAT,1.1,8.67,1109394,982656,9.62,8.72,1.1,-1.2,-7.0,강한매도,장대음봉,전저점이탈,0.04,-3.3,2026-09-09
BBNX,1.1,17.42,848749,772978,14.79,15.84,0.9,-1.0,-9.0,강한매도,장대음봉,전저점이탈,0.07,-3.27,2026-09-09
GDRX,1.1,3.34,1286432,1178994,4.3,4.97,0.9,0.3,-5.4,강한매도,장대음봉,전저점이탈,0.05,-3.29,2026-09-09
GDYN,1.1,7.85,1037294,949597,8.14,7.5,1.1,1.2,-1.7,매도주의,장대음봉,잔구간,0.12,-1.23,2026-09-09
NEXN,1.1,9.17,495110,466052,4.54,4.83,0.9,-0.2,-2.1,매도주의,음봉,전저점이탈,0.21,-1.8,2026-09-09
NIQ,1.1,18.11,1168394,1096266,21.16,21.47,1.0,-0.2,-1.1,중립,음봉,잔구간,0.64,-0.265,2026-09-09
NMAX,1.1,10.62,930623,879687,9.88,9.64,1.0,-0.8,0.0,중립,팽이도지,잔구간,0.46,-0.025,2026-09-09
SCZM,1.1,10.43,518805,475689,5.41,4.22,1.3,1.5,3.1,강한매수,장대양봉,완만한상승,0.82,3.28,2026-09-09
SD,1.1,14.7,303913,267728,4.47,3.53,1.3,1.3,-0.6,중립,음봉,전고점돌파,0.46,0.75,2026-09-09
HNST,1.1,5.44,2382824,2254470,12.96,14.07,0.9,-1.8,-3.5,강한매도,장대음봉,전저점이탈,0.09,-3.24,2026-09-09
SHC,1.1,18.33,1977705,1736691,36.25,33.36,1.1,-0.6,-0.8,매도주의,음봉,전저점이탈,0.45,-1.51,2026-09-09
HLIT,1.1,11.8,1205612,1070314,14.23,13.17,1.1,-0.8,-0.5,매도주의,위꼬리음봉,잔구간,0.15,-0.96,2026-09-09
NNE,1.1,18.17,1515504,1323054,27.54,29.26,0.9,-1.7,-4.5,매도주의,장대음봉,잔구간,0.03,-1.28,2026-09-09
HLLY,1.1,2.91,731066,663131,2.13,2.32,0.9,0.0,-2.3,중립,음봉,잔구간,0.18,-0.54,2026-09-09
RIG,1.1,5.71,45762564,42083800,261.3,222.6,1.2,1.5,-2.3,중립,음봉,잔구간,0.08,-0.6,2026-09-09
HIMX,1.1,13.95,684853,646839,9.55,10.96,0.9,-1.4,0.2,중립,위꼬리양봉,잔구간,0.16,-0.705,2026-09-09
DRVN,1.1,12.53,1169596,1101056,14.66,13.03,1.1,-0.5,-4.8,매도주의,장대음봉,잔구간,0.09,-1.245,2026-09-09
DNN,1.1,3.35,24717563,22783516,82.8,91.27,0.9,0.0,0.0,중립,팽이도지,완만한상승,0.25,0.6,2026-09-09
DJT,1.1,8.71,3622058,3344162,31.55,33.87,0.9,-0.2,-5.4,강한매도,장대음봉,전저점이탈,0.05,-3.29,2026-09-09
RQI,1.1,11.88,535189,492425,6.36,6.5,1.0,-0.1,-1.1,강한매도,장대음봉,전저점이탈,0.0,-3.35,2026-09-09
RWAY,1.1,6.54,380047,333806,2.49,2.63,0.9,0.2,-0.6,중립,음봉,잔구간,0.1,-0.59,2026-09-09
RDWU,1.1,6.26,468174,427740,2.93,2.94,1.0,1.9,-11.0,매도주의,장대음봉,잔구간,0.02,-1.29,2026-09-09
REZI,1.1,18.88,2210942,2071324,41.74,38.34,1.1,-0.8,-3.1,매도주의,장대음봉,전저점부근,0.07,-1.77,2026-09-09
ETHA,1.1,18.58,37906814,33170456,704.31,749.44,0.9,1.4,-2.1,매도주의,장대음봉,잔구간,0.02,-1.29,2026-09-09
APLE,1.1,15.53,2696340,2509345,41.87,33.8,1.2,-0.6,2.4,매수관심,장대양봉,잔구간,0.95,1.27,2026-09-09
NXH,1.1,3.82,2703460,2358942,10.33,8.09,1.3,-2.0,1.3,중립,위꼬리양봉,잔구간,0.34,-0.595,2026-09-09
OGG,1.1,2.85,777631,707162,2.22,5.75,0.4,0.7,-1.7,중립,음봉,전저점부근,0.2,-0.31,2026-09-09
EMBC,1.1,5.12,1528205,1331622,7.82,7.53,1.0,-1.8,-6.1,매도주의,장대음봉,잔구간,0.11,-1.235,2026-09-09
NVA,1.1,6.47,411303,378922,2.66,2.3,1.2,0.5,-0.8,중립,팽이도지,잔구간,0.28,-0.13,2026-09-09
ANGI,1.1,4.72,993285,937002,4.69,3.97,1.2,-0.2,0.6,강한매수,양봉스프링,완만한상승,0.78,2.74,2026-09-09
ALTO,1.1,4.02,1554456,1360937,6.25,5.92,1.1,-0.6,-1.5,중립,음봉,수횡파,0.3,-0.34,2026-09-09
GTM,1.1,3.72,4963686,4678380,18.46,19.92,0.9,0.3,-4.9,강한매도,장대음봉,전저점이탈,0.21,-3.1,2026-09-09
EFC,1.1,13.26,1040629,957154,13.8,13.6,1.0,-0.1,-0.7,매도주의,장대음봉,잔구간,0.0,-1.3,2026-09-09
EGHT,1.1,1.78,1302459,1170107,2.32,2.55,0.9,-1.1,-2.2,강한매도,위꼬리음봉,전저점이탈,0.07,-2.77,2026-09-09
RMIX,1.1,14.52,579523,548912,8.41,7.22,1.2,-0.8,-7.3,강한매도,장대음봉,전저점이탈,0.09,-3.24,2026-09-09
DXC,1.1,10.95,2290814,2007521,25.08,25.63,1.0,0.4,-2.7,강한매도,장대음봉,전저점이탈,0.17,-3.15,2026-09-09
EVLV,1.1,4.93,1970238,1869984,9.71,8.99,1.1,-1.0,-1.8,중립,음봉,잔구간,0.17,-0.55,2026-09-09
QS,1.1,5.22,12091294,10981215,63.12,75.77,0.8,-1.3,-5.4,강한매도,장대음봉,전저점이탈,0.03,-3.31,2026-09-09
PYPG,1.1,6.881,384699,365696,2.65,3.74,0.7,-0.2,-3.6,매도주의,장대음봉,전저점부근,0.04,-1.8,2026-09-09
OEC,1.1,5.77,357976,321869,2.07,2.34,0.9,-0.8,-3.8,매도주의,음봉,전저점이탈,0.26,-1.74,2026-09-09
RAM,1.1,14.64,9525718,8469128,139.46,122.52,1.1,-0.5,2.4,매수관심,양봉,완만한상승,0.43,1.52,2026-09-09
PGX,1.1,10.46,4582233,3995652,47.93,41.06,1.2,-0.1,-0.2,매도주의,음봉,전저점이탈,0.29,-1.7,2026-09-09
FWRG,1.1,11.28,1244100,1138080,14.03,11.46,1.2,-1.3,-7.0,강한매도,장대음봉,전저점이탈,0.02,-3.33,2026-09-09
PHR,1.1,10.34,860622,783522,8.9,8.26,1.1,0.2,1.0,중립,양봉,잔구간,0.77,0.51,2026-09-09
AXTX,1.1,7.38,12629738,10989275,93.21,66.66,1.4,-2.8,0.3,중립,위꼬리양봉,잔구간,0.09,-0.745,2026-09-09
ADAM,1.1,9.56,650267,572675,6.22,6.09,1.0,0.2,-1.7,매도주의,장대음봉,전저점부근,0.0,-1.85,2026-09-09
BITO,1.1,10.51,75528006,71160616,793.8,844.92,0.9,1.5,-1.8,매도주의,장대음봉,잔구간,0.13,-1.22,2026-09-09
WRN,1.1,2.56,1079803,987962,2.76,2.31,1.2,2.0,0.4,중립,팽이도지,잔구간,0.63,0.08,2026-09-09
BIZD,1.1,13.06,3638447,3202186,47.52,40.57,1.2,-0.1,-0.5,강한매도,장대음봉,전저점이탈,0.35,-2.93,2026-09-09
BITU,1.1,13.55,4335874,3821032,58.75,60.86,1.0,2.9,-3.4,매도주의,장대음봉,잔구간,0.16,-1.205,2026-09-09
BHVN,1.1,15.0,2817149,2579862,42.26,68.89,0.6,-0.7,2.6,매수관심,양봉,수횡파,0.56,1.37,2026-09-09
OPRT,1.1,7.78,372850,347624,2.9,2.31,1.3,-1.1,-1.5,중립,음봉,잔구간,0.15,-0.56,2026-09-09
GMRS,1.1,13.08,523889,498407,6.85,6.36,1.1,0.0,-5.2,매도주의,장대음봉,잔구간,0.09,-1.245,2026-09-09
OLMA,1.1,10.36,863842,769714,8.95,7.47,1.2,1.3,-6.9,매도주의,장대음봉,잔구간,0.01,-1.295,2026-09-09
PLAY,1.1,8.19,2064615,1870763,16.91,15.62,1.1,-0.6,-6.8,강한매도,장대음봉,전저점이탈,0.18,-3.13,2026-09-09
ONDS,1.1,7.29,63851199,56016944,465.48,463.63,1.0,-0.5,-3.8,매도주의,장대음봉,잔구간,0.08,-1.25,2026-09-09
PLUG,1.1,2.17,46302591,43557295,100.48,115.4,0.9,-0.9,-3.1,중립,음봉,잔구간,0.07,-0.61,2026-09-09
PML,1.1,7.07,437370,391291,3.09,2.5,1.2,0.1,-2.2,강한매도,장대음봉,전저점이탈,0.0,-3.35,2026-09-09
ORCU,1.1,9.35,4639299,4294434,43.38,34.46,1.3,1.2,-2.2,중립,음봉,잔구간,0.3,-0.47,2026-09-09
ORBS,1.1,1.04,13812203,12027404,14.36,13.04,1.1,-1.8,-7.1,매도주의,장대음봉,잔구간,0.11,-1.235,2026-09-09
NB,1.1,4.04,2498595,2263896,10.09,10.6,1.0,-0.2,-1.7,중립,음봉,잔구간,0.15,-0.56,2026-09-09
BDN,1.1,2.98,2149470,1898819,6.41,5.62,1.1,0.0,-2.6,매도주의,장대음봉,잔구간,0.27,-1.14,2026-09-09
SOPH,1.1,7.68,799465,723613,6.14,4.81,1.3,0.1,-8.2,강한매도,장대음봉,전저점이탈,0.05,-3.29,2026-09-09
SLDP,1.1,2.44,3081433,2844609,7.52,6.38,1.2,0.0,-5.1,매도주의,장대음봉,잔구간,0.06,-1.265,2026-09-09
SMPL,1.1,10.39,2273676,2071891,23.62,23.32,1.0,-1.4,-2.1,중립,음봉,잔구간,0.43,-0.39,2026-09-09
AIBZ,1.1,4.57,330158,313243,1.51,1.78,0.8,-2.4,1.3,중립,양봉,잔구간,0.76,0.505,2026-09-09
IEP,1.1,6.83,684329,629372,4.67,5.01,0.9,0.1,-1.3,매도주의,장대음봉,잔구간,0.22,-1.17,2026-09-09
CWH,1.1,6.18,1744496,1571028,10.78,8.94,1.2,-2.1,-3.7,강한매도,장대음봉,전저점이탈,0.03,-3.31,2026-09-09
STLA,1.1,5.29,20033929,18360274,105.98,103.46,1.0,-0.4,-1.5,매도주의,장대음봉,잔구간,0.17,-1.2,2026-09-09
CLVT,1.1,1.91,3376299,3193104,6.45,7.52,0.9,-0.5,1.1,매수관심,양봉,완만한상승,0.78,1.94,2026-09-09
TK,1.1,13.83,526628,472509,7.28,7.05,1.0,1.1,2.7,중립,양봉,전고점부근,0.82,0.63,2026-09-09
TDUP,1.1,2.7,2166539,2038604,5.85,5.42,1.1,-1.5,2.7,중립,양봉,잔구간,0.65,0.44,2026-09-09
MORT,1.1,9.65,731621,688602,7.06,8.32,0.8,0.2,-1.0,매도주의,장대음봉,잔구간,0.11,-1.235,2026-09-09
MPT,1.1,3.9,10333049,9626407,40.3,32.27,1.2,0.0,-2.3,매도주의,장대음봉,잔구간,0.31,-1.115,2026-09-09
CNNE,1.1,15.61,545870,481015,8.52,7.19,1.2,-0.2,0.6,중립,팽이도지,잔구간,0.58,0.05,2026-09-09
CMCO,1.1,17.62,405778,364954,7.15,7.07,1.0,0.3,-5.5,매도주의,장대음봉,잔구간,0.05,-1.27,2026-09-09
ASAN,1.1,8.25,7112945,6270506,58.68,62.38,0.9,-1.7,-4.5,강한매도,장대음봉,전저점이탈,0.07,-3.27,2026-09-09
MSTW,1.1,4.375,1181414,1116156,5.17,4.98,1.0,4.2,-7.3,매도주의,장대음봉,잔구간,0.01,-1.295,2026-09-09
MUD,1.1,9.69,6073419,5336547,58.85,55.06,1.1,0.2,-2.8,중립,음봉,잔구간,0.32,-0.46,2026-09-09
MVST,1.1,0.625,7907527,7493048,4.94,5.46,0.9,0.3,-8.7,강한매도,장대음봉,전저점이탈,0.0,-3.35,2026-09-09
IOVA,1.1,8.43,11938869,10834728,100.64,84.85,1.2,-0.5,-2.6,중립,음봉,잔구간,0.27,-0.49,2026-09-09
COHH,1.1,6.49,791343,714611,5.14,5.08,1.0,0.0,1.2,중립,위꼬리양봉,잔구간,0.16,-0.705,2026-09-09
SSMR,1.1,17.88,314149,285004,5.62,4.32,1.3,2.1,-0.8,중립,팽이도지,완만한상승,0.32,0.68,2026-09-09
MSDL,1.1,14.77,395459,365862,5.84,6.74,0.9,-0.3,-1.5,매도주의,음봉,전저점이탈,0.05,-1.99,2026-09-09
ITRG,1.1,2.86,1869457,1758540,5.35,5.53,1.0,1.8,0.0,매수관심,팽이도지,완만한상승,0.47,0.86,2026-09-09
INTR,1.1,5.48,3906022,3592140,21.41,21.33,1.0,-1.8,-0.7,매도주의,위꼬리음봉,잔구간,0.14,-0.965,2026-09-09
SSTK,1.1,5.06,1199751,1055551,6.07,5.73,1.1,-1.2,-1.0,강한매수,망치형,전저점부근,0.65,2.9299999999999997,2026-09-09
BBWI,1.1,17.71,6314572,5539360,111.83,145.0,0.8,-1.5,-4.9,강한매도,장대음봉,전저점이탈,0.0,-3.35,2026-09-09
NEXA,1.1,14.25,920294,861215,13.11,13.53,1.0,0.0,0.9,중립,위꼬리양봉,완만한상승,0.23,-0.42,2026-09-09
INMD,1.1,14.79,621120,573709,9.19,7.32,1.3,0.0,-0.1,중립,팽이도지,잔구간,0.33,-0.1,2026-09-09
HTLD,1.1,12.23,633211,575067,7.74,6.76,1.1,-0.2,-0.5,매도주의,위꼬리음봉,잔구간,0.23,-0.91,2026-09-09
HUN,1.1,9.58,2074441,1908743,19.87,20.35,1.0,0.9,-3.1,매도주의,장대음봉,잔구간,0.07,-1.26,2026-09-09
NEO,1.1,17.66,1541685,1448694,27.23,32.92,0.8,-1.6,2.2,중립,양봉,잔구간,0.6,0.41,2026-09-09
IMMR,1.1,7.44,316307,282213,2.35,2.2,1.1,-0.1,-2.4,매도주의,장대음봉,잔구간,0.14,-1.215,2026-09-09
IMUX,1.1,12.19,353016,317800,4.3,4.59,0.9,-0.2,-4.2,중립,음봉,잔구간,0.2,-0.53,2026-09-09
SOUN,1.1,6.48,25085934,23733022,162.56,174.91,0.9,0.3,-1.7,매도주의,장대음봉,전저점부근,0.24,-1.56,2026-09-09
SNDQ,1.1,11.4,31321334,29824196,357.06,410.72,0.9,-1.9,-1.3,중립,팽이도지,잔구간,0.56,0.035,2026-09-09
TROX,1.1,4.65,2771825,2593222,12.89,11.48,1.1,0.2,-3.3,매도주의,음봉,전저점이탈,0.31,-1.68,2026-09-09
CARS,1.1,11.22,531833,465292,5.97,5.83,1.0,-0.4,0.1,강한매수,양봉스프링,전저점부근,0.88,3.71,2026-09-09
TRIN,1.1,18.06,1009019,957842,18.22,16.57,1.1,-0.1,0.0,매수관심,팽이도지,전저점부근,0.6,0.87,2026-09-09
LAR,1.1,6.76,2194706,1944594,14.84,12.45,1.2,0.9,0.0,중립,위꼬리양봉,잔구간,0.24,-0.655,2026-09-09
VLN,1.1,1.68,702926,624602,1.18,1.07,1.1,0.6,-1.2,중립,음봉,잔구간,0.49,-0.355,2026-09-09
ARRY,1.1,4.48,6608768,6244556,29.61,25.06,1.2,-1.5,-3.2,중립,음봉,잔구간,0.25,-0.5,2026-09-09
KOPN,1.1,4.26,3246458,3006540,13.83,14.47,1.0,-0.4,-6.2,매도주의,장대음봉,잔구간,0.17,-1.2,2026-09-09
UIS,1.1,2.44,523125,485910,1.28,1.56,0.8,-1.2,-2.4,강한매도,장대음봉,전저점이탈,0.3,-2.99,2026-09-09
CABA,1.1,2.91,6514248,5770561,18.96,15.68,1.2,0.3,-11.3,매도주의,장대음봉,잔구간,0.03,-1.28,2026-09-09
TNDM,1.1,19.11,1569596,1478512,29.99,26.29,1.1,-1.1,-2.8,강한매도,장대음봉,전저점이탈,0.11,-3.22,2026-09-09
TLK,1.1,15.0,580877,520614,8.71,8.24,1.1,0.7,-1.3,매도주의,장대음봉,잔구간,0.21,-1.175,2026-09-09
JPMpM,1.1,16.55,319118,286637,5.28,5.05,1.0,0.1,-0.8,강한매도,장대음봉,전저점이탈,0.11,-3.22,2026-09-09
JQC,1.1,4.77,496837,472953,2.37,2.99,0.8,-0.2,0.0,매수관심,양봉스프링,잔구간,1.0,1.05,2026-09-09
KD,1.1,13.01,3738942,3291613,48.64,42.98,1.1,-0.2,1.9,중립,양봉,잔구간,1.0,0.65,2026-09-09
MNR,1.1,12.67,391117,340740,4.96,4.19,1.2,0.9,-1.2,중립,음봉,잔구간,0.15,-0.56,2026-09-09
ADTN,1.1,7.2,1665410,1560760,11.99,12.17,1.0,-1.5,-3.6,매도주의,장대음봉,잔구간,0.09,-1.245,2026-09-09
TSDD,1.1,7.63,9019737,7956342,68.82,53.22,1.3,-0.3,0.3,매수관심,양봉스프링,잔구간,0.94,1.015,2026-09-09
LADR,1.1,9.79,973491,921857,9.53,8.48,1.1,0.2,-0.1,중립,팽이도지,완만한상승,0.29,0.65,2026-09-09
MFA,1.1,8.75,1336214,1256921,11.69,11.87,1.0,-0.5,-0.8,중립,음봉,잔구간,0.0,-0.65,2026-09-09
VYGR,1.1,3.25,500576,448159,1.63,1.41,1.2,-0.9,-3.6,강한매도,장대음봉,전저점이탈,0.26,-3.04,2026-09-09
WEN,1.1,7.54,5742983,5311244,43.3,63.74,0.7,-0.5,-0.4,매도주의,위꼬리음봉,전저점부근,0.05,-1.29,2026-09-09
VVR,1.1,2.96,939937,840917,2.78,2.18,1.3,-0.7,1.7,강한매수,장대양봉,전고점부근,1.0,2.15,2026-09-09
VOXR,1.1,5.83,400838,366296,2.34,2.17,1.1,1.0,0.7,중립,위꼬리양봉,잔구간,0.47,-0.52,2026-09-09
MH,1.1,12.28,460967,408275,5.66,5.58,1.0,-0.5,-3.2,강한매도,장대음봉,전저점이탈,0.2,-3.11,2026-09-09
LION,1.1,11.06,2127512,2022675,23.53,22.34,1.1,0.1,-1.0,중립,음봉,잔구간,0.22,-0.52,2026-09-09
LODE,1.1,3.04,937760,865020,2.85,2.77,1.0,-0.6,-0.7,중립,팽이도지,전저점부근,0.45,0.69,2026-09-09
BKKT,1.1,8.26,1045501,937478,8.64,8.92,1.0,4.0,-3.8,중립,음봉,잔구간,0.1,-0.59,2026-09-09
MBGL,1.1,19.76,3906365,3704437,77.19,74.3,1.0,-0.3,-3.4,매도주의,장대음봉,잔구간,0.02,-1.29,2026-09-09
MDXG,1.1,4.68,1048927,940972,4.91,4.01,1.2,-0.6,0.9,강한매수,양봉스프링,완만한상승,0.86,2.83,2026-09-09
YSS,1.1,8.07,2978788,2669216,24.04,22.12,1.1,-1.5,-8.3,강한매도,장대음봉,전저점이탈,0.02,-3.33,2026-09-09
MARA,1.1,11.92,38381283,33907084,457.5,494.16,0.9,2.2,-1.4,중립,음봉,완만한상승,0.58,0.3,2026-09-09
XRX,1.1,3.14,2770283,2576794,8.7,7.78,1.1,0.0,-1.9,중립,음봉,잔구간,0.4,-0.41,2026-09-09
AAOX,1.1,11.29,5746523,5438351,64.88,71.28,0.9,-0.9,-5.4,중립,음봉,잔구간,0.05,-0.62,2026-09-09
AAOG,1.1,2.505,2147256,1909570,5.38,5.74,0.9,-0.7,-5.5,중립,음봉,잔구간,0.02,-0.64,2026-09-09
AADX,1.1,11.94,2304992,2136056,27.52,23.4,1.2,0.3,-3.9,매도주의,장대음봉,잔구간,0.22,-1.17,2026-09-09
LENZ,1.0,4.91,705801,678306,3.47,3.46,1.0,-0.4,-7.5,매도주의,장대음봉,잔구간,0.05,-1.27,2026-09-09
ABX,1.0,9.62,404154,388440,3.89,3.72,1.0,-0.2,-0.9,중립,망치형,잔구간,0.65,0.59,2026-09-09
MEC,1.0,19.67,367547,384458,7.23,8.83,0.8,-0.7,-0.3,중립,팽이도지,잔구간,0.32,-0.11,2026-09-09
MBI,1.0,4.57,397636,388610,1.82,2.21,0.8,0.4,-1.3,매도주의,장대음봉,잔구간,0.33,-1.1,2026-09-09
LTBR,1.0,7.54,547312,568437,4.13,4.25,1.0,0.0,-4.4,매도주의,장대음봉,잔구간,0.02,-1.29,2026-09-09
XPER,1.0,5.83,341843,349340,1.99,2.69,0.7,-0.7,1.4,중립,양봉,잔구간,0.7,0.47,2026-09-09
ADNT,1.0,18.32,718979,695472,13.17,15.01,0.9,-0.4,-2.1,중립,음봉,잔구간,0.08,-0.6,2026-09-09
YMM,1.0,8.31,6430474,6561283,53.44,67.43,0.8,-0.5,-1.0,매도주의,음봉,전저점이탈,0.37,-1.61,2026-09-09
BMNU,1.0,18.2,4347720,4216160,79.13,93.11,0.8,5.3,-9.9,매도주의,장대음봉,잔구간,0.04,-1.275,2026-09-09
PSEC,1.0,2.18,3602070,3533261,7.85,9.02,0.9,0.0,-0.5,중립,음봉,잔구간,0.33,-0.45,2026-09-09
PRGO,1.0,14.34,2701997,2579469,38.75,39.39,1.0,0.5,-2.2,매도주의,장대음봉,수횡파,0.32,-1.62,2026-09-09
FTCA,1.0,7.08,341678,330024,2.42,2.62,0.9,0.4,-1.1,강한매도,장대음봉,전저점이탈,0.11,-3.22,2026-09-09
BTQ,1.0,2.95,2368520,2458924,6.99,8.26,0.8,-0.7,-1.3,중립,음봉,잔구간,0.54,-0.325,2026-09-09
BTE,1.0,4.99,16252756,15871226,81.1,73.61,1.1,1.8,0.2,매수관심,팽이도지,완만한상승,0.52,0.92,2026-09-09
BTCZ,1.0,3.47,13665840,14105708,47.42,49.27,1.0,-2.6,3.6,강한매수,장대양봉,완만한상승,0.93,3.42,2026-09-09
VIXY,1.0,17.56,2087547,2073077,36.66,39.45,0.9,0.7,0.8,매수관심,양봉,완만한상승,0.71,1.85,2026-09-09
MIST,1.0,1.07,1314796,1306371,1.41,1.53,0.9,0.4,-5.3,강한매도,장대음봉,전저점이탈,0.0,-3.35,2026-09-09
FPI,1.0,10.75,821073,838892,8.83,7.41,1.2,0.0,-0.6,중립,망치형,잔구간,0.64,0.585,2026-09-09
FSCO,1.0,5.26,790790,794567,4.16,4.16,1.0,-0.2,0.0,중립,팽이도지,잔구간,0.33,-0.1,2026-09-09
RES,1.0,6.58,1491573,1551511,9.81,9.3,1.1,1.2,-0.3,매수관심,팽이도지,완만한상승,0.43,0.82,2026-09-09
REAL,1.0,9.555,2490532,2408979,23.8,23.03,1.0,-1.8,-0.5,매도주의,팽이도지,전저점이탈,0.35,-0.93,2026-09-09
QDEL,1.0,12.64,867150,891547,10.96,14.36,0.8,-2.0,-3.6,강한매도,장대음봉,전저점이탈,0.05,-3.29,2026-09-09
BANC,1.0,18.4,2574462,2499394,47.37,39.97,1.2,-0.5,-0.7,중립,음봉,잔구간,0.16,-0.555,2026-09-09
BAK,1.0,1.97,1799358,1730194,3.54,6.66,0.5,4.9,-2.2,중립,음봉,완만한상승,0.11,-0.27,2026-09-09
AVTX,1.0,18.21,725723,726865,13.22,15.73,0.8,-1.2,-6.5,강한매도,장대음봉,전저점이탈,0.1,-3.23,2026-09-09
USAS,1.0,5.33,3916203,3941551,20.87,24.7,0.8,1.9,0.6,중립,위꼬리양봉,잔구간,0.3,-0.62,2026-09-09
UPBD,1.0,18.11,798122,811993,14.45,15.17,1.0,-0.8,-1.0,중립,음봉,잔구간,0.1,-0.59,2026-09-09
UNIT,1.0,10.04,1987966,1899967,19.96,16.98,1.2,-0.5,-1.6,중립,음봉,잔구간,0.33,-0.45,2026-09-09
UNG,1.0,10.09,14183786,14490967,143.11,137.48,1.0,-1.8,-1.8,매도주의,음봉,전저점이탈,0.06,-1.98,2026-09-09
UGP,1.0,7.43,3686644,3543699,27.39,21.02,1.3,0.1,-0.4,중립,망치형,잔구간,0.56,0.535,2026-09-09
VSTM,1.0,7.94,2400611,2464309,19.06,18.1,1.1,-0.9,-0.9,매도주의,위꼬리음봉,잔구간,0.24,-0.905,2026-09-09
VOD,1.0,17.13,3194545,3051917,54.72,50.75,1.1,0.3,-1.4,매도주의,장대음봉,잔구간,0.07,-1.26,2026-09-09
EOSE,1.0,4.15,24072883,23676957,99.9,97.73,1.0,-2.8,-0.7,중립,팽이도지,잔구간,0.42,-0.05,2026-09-09
EIDO,1.0,13.13,872718,876170,11.46,14.76,0.8,0.2,-0.8,매도주의,장대음봉,잔구간,0.0,-1.3,2026-09-09
EGY,1.0,6.17,1042891,1017327,6.43,6.09,1.1,2.0,-0.5,중립,팽이도지,완만한상승,0.36,0.73,2026-09-09
AMC,1.0,2.46,21598621,20982110,53.13,61.65,0.9,-0.4,-3.5,강한매도,음봉,전저점이탈,0.0,-2.05,2026-09-09
ALT,1.0,3.35,3076359,3071917,10.31,11.8,0.9,-0.3,0.0,중립,팽이도지,잔구간,0.44,-0.035,2026-09-09
PTEN,1.0,12.93,7759373,7751900,100.33,113.68,0.9,2.3,-0.2,매수관심,팽이도지,완만한상승,0.49,0.89,2026-09-09
PSO,1.0,15.73,826677,811848,13.0,9.83,1.3,0.2,0.2,중립,팽이도지,잔구간,0.63,0.08,2026-09-09
PFLT,1.0,7.15,818329,813211,5.85,5.31,1.1,0.0,-1.7,매도주의,음봉,전저점이탈,0.05,-1.99,2026-09-09
PDYN,1.0,5.75,653872,641266,3.76,3.79,1.0,3.5,-3.8,매도주의,장대음봉,잔구간,0.14,-1.215,2026-09-09
PDM,1.0,9.57,1140694,1116496,10.92,11.63,0.9,0.9,-0.3,중립,팽이도지,잔구간,0.53,0.02,2026-09-09
ASTX,1.0,11.1,3542992,3458248,39.33,35.58,1.1,1.5,-12.3,매도주의,장대음봉,잔구간,0.0,-1.3,2026-09-09
KRP,1.0,15.17,915443,936922,13.89,13.54,1.0,0.3,0.1,중립,위꼬리양봉,완만한상승,0.31,-0.33,2026-09-09
KOS,1.0,2.87,10088415,10123984,28.95,29.57,1.0,3.9,-3.0,매도주의,장대음봉,완만한상승,0.31,-1.33,2026-09-09
AEVA,1.0,15.62,1579773,1624512,24.68,24.1,1.0,-0.4,-3.5,중립,음봉,잔구간,0.09,-0.595,2026-09-09
CFFN,1.0,8.77,782235,767952,6.86,6.64,1.0,-0.8,0.5,중립,양봉,잔구간,0.62,0.42,2026-09-09
MTUS,1.0,19.65,368451,354514,7.24,6.41,1.1,0.2,1.0,중립,양봉,잔구간,0.79,0.525,2026-09-09
ARHS,1.0,8.41,923399,895828,7.77,7.85,1.0,-1.5,0.8,중립,양봉,잔구간,0.59,0.405,2026-09-09
LBTYA,1.0,10.51,2019316,2016092,21.22,20.63,1.0,-0.5,-1.4,강한매도,장대음봉,전저점이탈,0.15,-3.17,2026-09-09
LAES,1.0,2.4,5347865,5126578,12.83,13.75,0.9,-0.8,-1.2,중립,음봉,잔구간,0.0,-0.65,2026-09-09
LAB,1.0,0.727,1946538,2046837,1.42,1.26,1.1,0.4,4.7,강한매수,장대양봉,완만한상승,0.84,3.31,2026-09-09
RXRX,1.0,3.215,14198929,13982286,45.65,53.09,0.9,-0.6,-6.0,강한매도,장대음봉,전저점이탈,0.02,-3.33,2026-09-09
RILY,1.0,6.79,420117,426264,2.85,3.13,0.9,-0.1,-3.4,매도주의,장대음봉,잔구간,0.05,-1.27,2026-09-09
AMPY,1.0,4.92,618974,613884,3.05,2.73,1.1,1.4,-1.8,매도주의,장대음봉,잔구간,0.07,-1.26,2026-09-09
GENB,1.0,15.52,982551,1006435,15.25,34.14,0.4,-0.6,-1.8,중립,음봉,잔구간,0.31,-0.465,2026-09-09
BBDC,1.0,8.75,694392,678450,6.08,7.14,0.9,0.0,-1.2,강한매도,음봉,전저점이탈,0.0,-2.05,2026-09-09
SIDU,1.0,2.06,3209185,3085647,6.61,6.68,1.0,-0.9,-1.4,매도주의,위꼬리음봉,전저점부근,0.06,-1.28,2026-09-09
SHNY,1.0,9.66,1364142,1344777,13.18,14.54,0.9,4.8,-1.9,중립,음봉,잔구간,0.38,-0.42,2026-09-09
TRTX,1.0,7.65,589921,585118,4.51,5.02,0.9,-0.1,-0.8,중립,음봉,전저점부근,0.0,-0.55,2026-09-09
TRDA,1.0,7.11,382044,368644,2.72,2.23,1.2,-0.7,-4.8,매도주의,장대음봉,잔구간,0.17,-1.2,2026-09-09
CNDT,1.0,1.59,1192700,1192328,1.9,1.67,1.1,0.6,-4.2,매도주의,음봉,전저점이탈,0.06,-1.98,2026-09-09
CMPX,1.0,2.18,2614911,2544072,5.7,5.6,1.0,0.5,-1.8,매도주의,음봉,전저점이탈,0.13,-1.89,2026-09-09
UAA,1.0,4.9,6559783,6271599,32.14,32.56,1.0,-0.2,-3.0,매도주의,장대음봉,잔구간,0.12,-1.23,2026-09-09
DFH,1.0,12.92,597480,597551,7.72,7.69,1.0,0.0,-2.7,매도주의,음봉,전저점이탈,0.26,-1.74,2026-09-09
DC,1.0,5.95,999950,982923,5.95,7.37,0.8,1.8,-2.3,중립,음봉,수횡파,0.04,-0.65,2026-09-09
SBH,1.0,16.04,1102900,1121077,17.69,17.14,1.0,-0.9,0.2,중립,팽이도지,잔구간,0.6,0.06,2026-09-09
GAB,1.0,5.66,594341,607721,3.36,3.2,1.1,0.0,-0.4,중립,팽이도지,잔구간,0.44,-0.035,2026-09-09
PHK,1.0,4.51,680110,650269,3.07,3.0,1.0,0.0,-0.4,중립,음봉,잔구간,0.25,-0.5,2026-09-09
CLSK,1.0,13.28,14087704,13908571,187.08,202.61,0.9,1.9,-3.3,매도주의,장대음봉,잔구간,0.16,-1.205,2026-09-09
THM,1.0,2.51,517378,516732,1.3,1.75,0.7,3.2,-2.0,매도주의,장대음봉,잔구간,0.08,-1.25,2026-09-09
TGB,1.0,8.93,5031047,4941113,44.93,51.1,0.9,0.3,0.0,매수관심,팽이도지,완만한상승,0.66,1.09,2026-09-09
TFSL,1.0,17.04,714672,696683,12.18,12.98,0.9,-1.8,-0.2,매도주의,팽이도지,전저점이탈,0.34,-0.94,2026-09-09
TETH,1.0,12.3,1447687,1414343,17.81,18.65,1.0,1.4,-2.0,매도주의,장대음봉,잔구간,0.03,-1.28,2026-09-09
TE,1.0,4.91,20094832,19486774,98.67,100.57,1.0,-1.3,-1.7,중립,팽이도지,잔구간,0.46,-0.025,2026-09-09
ASPN,1.0,4.84,727374,697852,3.52,3.54,1.0,-0.8,-0.6,매도주의,위꼬리음봉,잔구간,0.24,-0.905,2026-09-09
OVID,1.0,2.7,1263816,1328391,3.41,3.87,0.9,-0.4,-1.5,중립,음봉,잔구간,0.16,-0.555,2026-09-09
OTF,1.0,10.95,2476215,2570354,27.11,28.77,0.9,0.0,-0.5,매도주의,음봉,전저점이탈,0.37,-1.61,2026-09-09
OSS,1.0,9.39,660725,648509,6.2,7.45,0.8,-1.1,-3.4,매도주의,음봉,전저점이탈,0.09,-1.94,2026-09-09
ORN,1.0,9.09,331270,341464,3.01,3.18,0.9,-0.9,-0.7,매도주의,위꼬리음봉,잔구간,0.25,-0.9,2026-09-09
OPTU,1.0,0.965,1740085,1679267,1.68,2.13,0.8,-1.8,-0.5,중립,팽이도지,잔구간,0.48,-0.01,2026-09-09
OPRA,1.0,17.68,332300,340150,5.88,6.29,0.9,-0.2,-3.4,강한매도,장대음봉,전저점이탈,0.04,-3.3,2026-09-09
PCT,1.0,6.27,2518696,2507965,15.79,16.44,1.0,2.6,-6.1,매도주의,장대음봉,잔구간,0.04,-1.275,2026-09-09
PCN,1.0,11.64,324390,319343,3.78,3.49,1.1,-0.2,-0.5,강한매도,장대음봉,전저점이탈,0.0,-3.35,2026-09-09
PAYS,1.0,13.03,766996,785732,9.99,10.25,1.0,-1.0,2.2,매수관심,양봉,완만한상승,0.68,1.82,2026-09-09
PAYO,1.0,7.11,2162804,2136381,15.38,12.95,1.2,0.1,-0.4,매도주의,장대음봉,잔구간,0.25,-1.15,2026-09-09
OMAH,1.0,18.12,705986,730874,12.79,16.64,0.8,-0.1,-0.1,중립,망치형,전저점이탈,0.73,0.53,2026-09-09
OLN,1.0,17.46,2618868,2589624,45.73,50.12,0.9,0.9,-3.3,매도주의,장대음봉,잔구간,0.04,-1.275,2026-09-09
GO,1.0,11.29,2802225,2677513,31.64,34.08,0.9,-1.4,-2.6,강한매도,장대음봉,전저점이탈,0.1,-3.23,2026-09-09
GNW,1.0,10.49,3785181,3810470,39.71,34.95,1.1,0.0,0.7,매수관심,양봉,완만한상승,0.77,1.92,2026-09-09
IMPP,1.0,5.36,375074,386074,2.01,2.09,1.0,1.1,-0.6,강한매수,망치형,완만한상승,0.63,2.06,2026-09-09
IMMX,1.0,12.31,1286456,1302114,15.84,21.57,0.7,-1.0,-6.2,강한매도,장대음봉,전저점이탈,0.07,-3.27,2026-09-09
HSLV,1.0,5.99,664029,649335,3.98,3.56,1.1,1.4,1.0,강한매수,양봉,전고점돌파,0.53,2.24,2026-09-09
HPP,1.0,11.91,631455,652927,7.52,8.02,0.9,0.4,-2.5,중립,음봉,전저점부근,0.42,-0.05,2026-09-09
NAT,1.0,7.27,4115580,4321877,29.92,30.75,1.0,0.8,1.0,매수관심,양봉,완만한상승,0.71,1.85,2026-09-09
JACK,1.0,14.78,556503,570272,8.23,8.49,1.0,-0.5,-2.0,매도주의,장대음봉,전저점부근,0.11,-1.72,2026-09-09
GGB,1.0,5.01,10265368,10225252,51.43,50.37,1.0,-0.6,-0.4,중립,팽이도지,잔구간,0.43,-0.04,2026-09-09
OCFC,1.0,18.65,748771,781589,13.96,16.29,0.9,-0.7,-0.9,중립,음봉,잔구간,0.22,-0.52,2026-09-09
BEKE,1.0,16.87,4264020,4103647,71.93,93.23,0.8,-1.4,-0.9,매도주의,음봉,전저점이탈,0.14,-1.88,2026-09-09
AIAI,1.0,3.42,358992,367163,1.23,1.87,0.7,-1.8,-11.9,매도주의,장대음봉,잔구간,0.01,-1.295,2026-09-09
SLN,1.0,13.55,645880,622676,8.75,9.24,0.9,-0.7,-0.4,중립,팽이도지,잔구간,0.3,-0.12,2026-09-09
GOOD,1.0,12.86,380954,366790,4.9,4.19,1.2,-0.3,-1.5,강한매도,장대음봉,전저점이탈,0.1,-3.23,2026-09-09
SONO,1.0,14.55,1693825,1681932,24.65,22.93,1.1,-1.2,1.6,강한매수,장대양봉,완만한상승,1.0,3.5,2026-09-09
SOFX,1.0,8.6,1327244,1268352,11.41,11.5,1.0,-0.4,-6.9,매도주의,장대음봉,잔구간,0.01,-1.295,2026-09-09
SXC,1.0,10.19,921439,886297,9.39,10.74,0.9,1.1,-1.5,중립,음봉,잔구간,0.19,-0.535,2026-09-09
SWBI,1.0,13.4,845352,886406,11.33,9.81,1.2,-0.8,2.1,매수관심,양봉,완만한상승,0.73,1.88,2026-09-09
SUPV,1.0,8.77,350903,361807,3.08,4.76,0.6,-0.1,0.9,강한매수,양봉스프링,완만한상승,0.79,2.75,2026-09-09
TDOC,1.0,6.1,3781476,3613623,23.07,21.75,1.1,0.3,-2.9,강한매도,장대음봉,전저점이탈,0.34,-2.94,2026-09-09
NFGC,1.0,1.73,1063750,1022073,1.84,2.44,0.8,1.7,-4.9,강한매도,장대음봉,전저점이탈,0.1,-3.23,2026-09-09
IE,1.0,10.9,1755566,1753442,19.14,20.11,1.0,0.5,-1.8,중립,음봉,잔구간,0.31,-0.465,2026-09-09
IART,1.0,16.25,578400,601433,9.4,10.1,0.9,-1.0,0.9,중립,양봉,잔구간,0.55,0.38,2026-09-09
HYLN,1.0,3.86,1577810,1614469,6.09,6.5,0.9,0.0,-3.5,중립,음봉,잔구간,0.15,-0.56,2026-09-09
SOFI,1.0,17.33,39837429,38596536,690.38,698.06,1.0,-0.2,-3.6,매도주의,장대음봉,잔구간,0.0,-1.3,2026-09-09
SNK,1.0,15.62,2661959,2798167,41.58,44.35,0.9,1.8,5.9,강한매수,장대양봉,완만한상승,0.75,3.2,2026-09-09
CWK,1.0,13.17,2036767,2024855,26.82,22.83,1.2,-0.7,0.0,중립,팽이도지,잔구간,0.72,0.13,2026-09-09
AQN,1.0,5.59,3330829,3394594,18.62,19.09,1.0,0.2,-1.8,강한매도,장대음봉,수횡파,0.0,-2.0,2026-09-09
GRPN,1.0,18.3,1043568,1012479,19.1,16.98,1.1,-0.7,-2.7,매도주의,장대음봉,잔구간,0.36,-1.085,2026-09-09
NRGV,1.0,4.29,3599137,3693466,15.44,13.81,1.1,1.4,-2.1,중립,망치형,잔구간,0.6,0.56,2026-09-09
COUR,1.0,5.3,4169164,4332617,22.1,28.14,0.8,0.0,-4.8,강한매도,장대음봉,전저점이탈,0.0,-3.35,2026-09-09
SSP,1.0,3.135,594987,622603,1.87,1.77,1.1,-0.9,-1.4,중립,음봉,수횡파,0.5,-0.1,2026-09-09
SPT,1.0,10.13,1256258,1314421,12.73,15.44,0.8,-0.3,-2.8,매도주의,음봉,전저점이탈,0.17,-1.85,2026-09-09
TALO,1.0,17.51,1590071,1622399,27.84,28.79,1.0,-0.8,2.9,강한매수,장대양봉,완만한상승,0.85,3.32,2026-09-09
SPIR,1.0,11.49,504972,517993,5.8,6.78,0.9,-0.2,-5.1,매도주의,장대음봉,잔구간,0.09,-1.245,2026-09-09
CRMD,1.0,8.13,928241,930508,7.55,7.68,1.0,0.0,-0.6,매도주의,위꼬리음봉,잔구간,0.2,-0.93,2026-09-09
CRK,1.0,14.9,2326666,2346899,34.67,50.37,0.7,0.0,-1.7,중립,음봉,잔구간,0.31,-0.465,2026-09-09
CRGY,1.0,14.24,6221547,6240751,88.59,70.36,1.3,1.8,-1.5,매도주의,장대음봉,완만한상승,0.23,-1.42,2026-09-09
OBE,1.0,12.16,649296,627430,7.9,7.17,1.1,2.8,-1.1,중립,음봉,완만한상승,0.51,0.21,2026-09-09
AUR,1.0,6.5,25257268,26570646,164.17,172.86,0.9,-0.8,0.6,중립,팽이도지,잔구간,0.6,0.06,2026-09-09
ATOM,1.0,4.11,457251,480548,1.88,1.95,1.0,-1.9,1.2,중립,위꼬리양봉,잔구간,0.3,-0.62,2026-09-09
NUS,1.0,4.85,596918,594384,2.9,2.4,1.2,-0.2,2.3,매수관심,장대양봉,잔구간,0.94,1.265,2026-09-09
HBAN,1.0,16.63,20512250,19992223,341.12,332.29,1.0,-0.3,-0.4,중립,음봉,잔구간,0.25,-0.5,2026-09-09
HAPN,1.0,16.83,1015163,1022791,17.09,17.02,1.0,-0.6,-3.2,매도주의,장대음봉,잔구간,0.13,-1.22,2026-09-09
GTN,1.0,4.77,1065694,1035995,5.08,4.23,1.2,0.2,-0.2,강한매수,망치형,완만한상승,0.88,2.36,2026-09-09
ABEV,1.0,3.01,26514532,25720939,79.81,82.41,1.0,-0.3,-0.7,중립,음봉,잔구간,0.41,-0.405,2026-09-09
MATV,1.0,12.44,452254,465034,5.63,7.27,0.8,0.4,-1.3,매도주의,장대음봉,잔구간,0.13,-1.22,2026-09-09
MAT,1.0,13.76,3638493,3772949,50.07,47.51,1.1,-0.3,-2.4,강한매도,장대음봉,전저점이탈,0.18,-3.13,2026-09-09
MAGN,1.0,11.61,359433,356217,4.17,4.46,0.9,-1.3,-1.4,매도주의,음봉,전저점이탈,0.49,-1.46,2026-09-09
AQST,1.0,5.15,1884905,1946486,9.71,13.09,0.7,0.2,-1.3,중립,음봉,잔구간,0.46,-0.375,2026-09-09
LPL,1.0,3.22,2212301,2236735,7.12,7.73,0.9,0.6,-1.8,중립,음봉,잔구간,0.17,-0.55,2026-09-09
BITX,1.0,17.48,9602210,9325935,167.85,217.38,0.8,3.0,-3.5,매도주의,장대음봉,잔구간,0.13,-1.22,2026-09-09
BIOA,1.0,9.17,488346,474272,4.48,5.05,0.9,-0.2,-2.2,중립,음봉,전저점부근,0.39,-0.08,2026-09-09
RCAT,1.0,8.13,5685094,5526587,46.22,47.36,1.0,-1.3,-5.2,매도주의,장대음봉,잔구간,0.04,-1.275,2026-09-09
QUBT,1.0,8.04,5292358,5292755,42.55,50.55,0.8,-1.3,-0.9,매도주의,위꼬리음봉,잔구간,0.04,-1.025,2026-09-09
FDUS,1.0,19.57,324304,328101,6.35,5.8,1.1,0.3,-0.5,중립,음봉,수횡파,0.35,-0.28,2026-09-09
EYPT,1.0,4.34,2984523,2943599,12.95,16.88,0.8,-1.3,-3.6,중립,음봉,전저점부근,0.21,-0.3,2026-09-09
WB,0.9,6.63,1075225,1226590,7.13,9.13,0.8,0.0,-1.0,강한매도,장대음봉,전저점이탈,0.12,-3.21,2026-09-09
VZLA,0.9,4.09,5482017,5809761,22.42,21.46,1.0,2.6,-2.3,중립,음봉,완만한상승,0.53,0.24,2026-09-09
VYX,0.9,8.36,2643556,2788046,22.1,25.32,0.9,1.1,-2.5,중립,음봉,잔구간,0.42,-0.4,2026-09-09
BPRE,0.9,12.05,631575,726907,7.61,12.02,0.6,0.0,1.5,매수관심,장대양봉,잔구간,1.0,1.3,2026-09-09
BOBS,0.9,16.54,393433,462126,6.51,9.38,0.7,-1.6,-3.9,중립,음봉,잔구간,0.11,-0.585,2026-09-09
QNST,0.9,17.78,814910,887474,14.49,18.43,0.8,-0.8,-0.9,매도주의,팽이도지,전저점이탈,0.38,-0.89,2026-09-09
RC,0.9,1.69,673987,736256,1.14,1.68,0.7,0.0,-1.2,중립,음봉,전저점부근,0.41,-0.06,2026-09-09
RCKT,0.9,3.63,871427,1010070,3.16,5.46,0.6,-1.1,-1.1,매도주의,위꼬리음봉,수횡파,0.07,-1.42,2026-09-09
EQX,0.9,12.85,8672507,9966975,111.44,141.72,0.8,2.1,-0.4,중립,팽이도지,잔구간,0.27,-0.14,2026-09-09
FLO,0.9,6.21,8240340,9089425,51.17,51.82,1.0,0.0,-1.7,중립,음봉,잔구간,0.44,-0.385,2026-09-09
FLYW,0.9,17.76,1196147,1350108,21.24,25.06,0.8,-0.5,-0.7,중립,망치형,잔구간,0.57,0.54,2026-09-09
FNB,0.9,18.19,2881733,3322833,52.42,60.84,0.9,-0.7,-0.1,중립,팽이도지,잔구간,0.27,-0.14,2026-09-09
ZNTL,0.9,3.8,782547,880832,2.97,2.97,1.0,-1.0,-4.8,매도주의,장대음봉,잔구간,0.04,-1.275,2026-09-09
ZVRA,0.9,12.04,923590,1034659,11.12,10.8,1.0,0.9,-5.9,매도주의,장대음봉,잔구간,0.03,-1.28,2026-09-09
WULF,0.9,17.13,22608769,24243381,387.29,435.57,0.9,1.1,-5.1,매도주의,장대음봉,잔구간,0.14,-1.215,2026-09-09
LILAK,0.9,8.63,965068,1083354,8.33,10.07,0.8,-0.8,0.3,매수관심,양봉스프링,잔구간,0.94,1.015,2026-09-09
ARCC,0.9,19.66,3778505,4394890,74.29,80.28,0.9,0.0,-0.2,중립,팽이도지,전저점부근,0.51,0.76,2026-09-09
AREC,0.9,2.31,1382971,1519072,3.19,4.2,0.8,-2.4,-3.3,중립,음봉,잔구간,0.0,-0.65,2026-09-09
LUMN,0.9,6.81,12918600,14116504,87.98,80.34,1.1,0.2,2.4,강한매수,양봉,완만한상승,0.84,2.01,2026-09-09
LYG,0.9,5.92,12749438,13670443,75.48,74.68,1.0,-0.8,-0.5,매도주의,장대음봉,잔구간,0.21,-1.175,2026-09-09
NU,0.9,15.0,68312053,78090942,1024.68,1047.15,1.0,-1.0,-1.2,매도주의,장대음봉,잔구간,0.03,-1.28,2026-09-09
AUPH,0.9,16.25,723295,797487,11.75,12.6,0.9,-0.6,1.8,중립,양봉,잔구간,0.85,0.56,2026-09-09
AURA,0.9,7.2,465897,521146,3.35,4.55,0.7,-0.3,-1.9,매도주의,장대음봉,수횡파,0.17,-1.8,2026-09-09
CRML,0.9,7.07,4964273,5453335,35.1,64.73,0.5,-1.5,-1.9,중립,팽이도지,잔구간,0.27,-0.14,2026-09-09
AUTL,0.9,2.03,1715650,1873171,3.48,3.86,0.9,-0.5,-3.3,강한매도,장대음봉,전저점이탈,0.12,-3.21,2026-09-09
TAK,0.9,18.21,1565342,1839482,28.5,36.61,0.8,-0.8,0.2,중립,위꼬리양봉,잔구간,0.31,-0.615,2026-09-09
TBLA,0.9,3.71,1735903,1849865,6.44,8.25,0.8,-0.5,-2.4,매도주의,장대음봉,잔구간,0.13,-1.22,2026-09-09
NIO,0.9,3.7,50418478,57715800,186.55,182.37,1.0,-0.3,-2.1,매도주의,장대음봉,전저점부근,0.2,-1.61,2026-09-09
HNRG,0.9,16.52,475536,508043,7.86,9.53,0.8,1.4,-3.6,매도주의,장대음봉,잔구간,0.17,-1.2,2026-09-09
NXDR,0.9,2.15,2052882,2273302,4.41,4.73,0.9,-0.5,-2.7,강한매도,장대음봉,전저점이탈,0.22,-3.09,2026-09-09
SPWR,0.9,0.32,5283841,5737886,1.69,13.04,0.1,-0.3,-3.9,중립,음봉,잔구간,0.26,-0.495,2026-09-09
COLD,0.9,13.67,2981144,3382964,40.75,48.26,0.8,0.4,-2.6,강한매도,음봉,전저점이탈,0.01,-2.04,2026-09-09
CONL,0.9,5.3,15083012,17161513,79.94,118.22,0.7,6.1,-10.3,매도주의,장대음봉,잔구간,0.02,-1.29,2026-09-09
SSYS,0.9,7.67,662203,761600,5.08,5.69,0.9,-0.3,-1.5,중립,음봉,잔구간,0.26,-0.495,2026-09-09
STLN,0.9,6.29,846511,894479,5.32,6.71,0.8,-0.2,-0.3,중립,망치형,잔구간,0.72,0.63,2026-09-09
STNE,0.9,9.82,5123532,5599133,50.31,75.89,0.7,-1.6,-0.4,매도주의,위꼬리음봉,잔구간,0.09,-0.995,2026-09-09
APPX,0.9,12.2,1124579,1298733,13.72,17.68,0.8,-0.5,-4.1,강한매도,장대음봉,전저점이탈,0.13,-3.19,2026-09-09
NWBI,0.9,15.36,904602,981637,13.89,13.53,1.0,-0.7,-0.2,매도주의,위꼬리음봉,잔구간,0.24,-0.905,2026-09-09
NWG,0.9,18.56,2300056,2489281,42.69,49.17,0.9,-0.4,-0.2,중립,팽이도지,잔구간,0.38,-0.07,2026-09-09
ONT,0.9,17.82,410280,438855,7.31,8.95,0.8,0.1,-0.6,중립,망치형,잔구간,0.69,0.615,2026-09-09
BFLY,0.9,7.46,4123400,4644456,30.76,34.94,0.9,-0.1,-0.7,매도주의,위꼬리음봉,잔구간,0.13,-0.97,2026-09-09
CWVX,0.9,18.59,821726,893665,15.28,13.71,1.1,-0.1,-9.7,매도주의,장대음봉,잔구간,0.06,-1.265,2026-09-09
SMCX,0.9,12.92,3954261,4566700,51.09,60.93,0.8,-1.5,-5.1,매도주의,장대음봉,잔구간,0.08,-1.25,2026-09-09
SMR,0.9,10.81,22753398,25375869,245.96,345.34,0.7,-1.5,-1.8,중립,음봉,잔구간,0.12,-0.58,2026-09-09
SNDX,0.9,19.84,1237140,1401158,24.54,25.76,1.0,-0.6,0.1,중립,팽이도지,잔구간,0.29,-0.125,2026-09-09
SNXX,0.9,17.85,61832076,66136285,1103.7,950.57,1.2,1.1,1.7,매수관심,팽이도지,완만한상승,0.46,0.85,2026-09-09
SOC,0.9,4.92,5611695,5913493,27.61,31.54,0.9,0.0,1.4,매수관심,양봉,완만한상승,0.68,1.82,2026-09-09
NVDY,0.9,12.75,1567758,1693492,19.99,28.57,0.7,-0.1,-0.5,중립,음봉,잔구간,0.24,-0.505,2026-09-09
AMZD,0.9,8.69,9260214,10801587,80.47,86.39,0.9,1.6,0.2,중립,팽이도지,전고점부근,0.62,-0.31,2026-09-09
STUB,0.9,6.01,5878359,6436976,35.33,39.34,0.9,0.2,-1.8,강한매도,장대음봉,전저점이탈,0.12,-3.21,2026-09-09
STWD,0.9,15.87,3852318,4092485,61.14,60.54,1.0,0.0,-0.1,중립,팽이도지,잔구간,0.29,-0.125,2026-09-09
SVC,0.9,7.11,1359908,1460431,9.67,10.8,0.9,-0.1,-3.5,강한매도,장대음봉,전저점이탈,0.06,-3.28,2026-09-09
SVM,0.9,12.55,1660778,1863429,20.84,27.72,0.8,2.7,-1.6,중립,음봉,잔구간,0.25,-0.5,2026-09-09
SVRA,0.9,5.415,1095478,1228653,5.93,7.54,0.8,-0.9,-1.2,중립,음봉,잔구간,0.22,-0.52,2026-09-09
SY,0.9,2.68,632425,729637,1.69,5.27,0.3,0.4,0.8,매수관심,팽이도지,완만한상승,0.48,0.88,2026-09-09
CRCG,0.9,16.01,2590124,2898103,41.47,54.88,0.8,5.8,-11.8,매도주의,장대음봉,잔구간,0.04,-1.275,2026-09-09
GRNT,0.9,5.1,1839969,2116093,9.38,9.19,1.0,1.0,-1.0,중립,음봉,완만한상승,0.44,0.13,2026-09-09
SLNH,0.9,1.24,6773436,7174263,8.4,10.96,0.8,0.4,-2.7,중립,음봉,잔구간,0.2,-0.53,2026-09-09
SLS,0.9,13.95,5499897,5983334,76.72,98.52,0.8,-1.8,1.8,중립,양봉,잔구간,0.39,0.285,2026-09-09
SMCL,0.9,18.0,470543,544623,8.47,11.02,0.8,-1.0,-5.7,매도주의,장대음봉,잔구간,0.04,-1.275,2026-09-09
AIRS,0.9,2.61,650612,746118,1.7,2.52,0.7,-0.6,-3.0,중립,음봉,잔구간,0.35,-0.44,2026-09-09
OKLL,0.9,13.3,1656519,1798908,22.03,31.31,0.7,-2.2,-1.5,매도주의,위꼬리음봉,잔구간,0.04,-1.025,2026-09-09
GERN,0.9,1.4,9244762,9892532,12.94,16.98,0.8,-0.7,-6.7,강한매도,장대음봉,전저점이탈,0.0,-3.35,2026-09-09
IVR,0.9,7.09,2495033,2750761,17.69,18.16,1.0,0.0,-1.3,매도주의,장대음봉,잔구간,0.14,-1.215,2026-09-09
NABL,0.9,3.85,2340871,2509702,9.01,9.78,0.9,-0.3,0.3,강한매수,양봉스프링,완만한상승,0.85,2.82,2026-09-09
NAK,0.9,1.53,3443814,3990583,5.27,5.46,1.0,1.3,0.0,중립,팽이도지,완만한상승,0.38,0.76,2026-09-09
NN,0.9,15.43,2541750,2730542,39.22,36.49,1.1,-0.1,1.5,강한매수,양봉스프링,완만한상승,0.84,2.81,2026-09-09
NNBR,0.9,3.68,1026781,1152661,3.78,4.08,0.9,0.3,-1.9,중립,음봉,잔구간,0.2,-0.53,2026-09-09
NPKI,0.9,13.5,650157,707021,8.78,11.41,0.8,-0.8,0.8,강한매수,양봉,완만한상승,0.88,2.06,2026-09-09
NEOV,0.9,3.91,1277630,1441253,5.0,8.92,0.6,-2.0,1.8,중립,위꼬리양봉,잔구간,0.28,-0.63,2026-09-09
IMSR,0.9,5.32,901809,995238,4.8,5.49,0.9,-2.1,-4.1,매도주의,장대음봉,잔구간,0.0,-1.3,2026-09-09
INN,0.9,5.62,710918,800294,4.0,4.7,0.9,-0.2,-1.6,강한매도,장대음봉,전저점이탈,0.33,-2.95,2026-09-09
HTZ,0.9,2.07,12597436,14655818,26.08,35.45,0.7,-1.1,-4.2,매도주의,장대음봉,잔구간,0.08,-1.25,2026-09-09
ONDG,0.9,2.15,2793750,3198102,6.01,6.82,0.9,-2.5,-6.5,매도주의,장대음봉,잔구간,0.08,-1.25,2026-09-09
PBR.A,0.9,18.99,7678929,8713912,145.82,152.79,1.0,1.3,-0.6,중립,음봉,완만한상승,0.35,0.02,2026-09-09
JBGS,0.9,11.19,780826,824707,8.74,9.74,0.9,0.3,-2.3,강한매도,장대음봉,전저점이탈,0.25,-3.05,2026-09-09
JBI,0.9,4.65,1808861,2095065,8.41,9.6,0.9,0.0,-6.1,매도주의,장대음봉,전저점부근,0.14,-1.68,2026-09-09
ASC,0.9,18.23,532299,580696,9.7,12.23,0.8,0.8,0.6,강한매수,양봉스프링,완만한상승,0.78,2.74,2026-09-09
ASLE,0.9,5.53,406027,469207,2.25,2.49,0.9,0.2,-3.0,매도주의,장대음봉,잔구간,0.1,-1.24,2026-09-09
TEO,0.9,13.04,307007,329769,4.0,3.68,1.1,-0.5,0.2,중립,팽이도지,잔구간,0.51,0.005,2026-09-09
TJGC,0.9,10.58,1951422,2163248,20.65,14.19,1.5,-1.0,1.7,매수관심,양봉,완만한상승,0.49,1.59,2026-09-09
CLSX,0.9,13.69,336979,377476,4.61,5.99,0.8,2.3,-5.5,매도주의,장대음봉,잔구간,0.18,-1.19,2026-09-09
CLYM,0.9,15.05,1634470,1733966,24.6,28.03,0.9,-0.5,-4.9,매도주의,장대음봉,잔구간,0.07,-1.26,2026-09-09
IRWD,0.9,4.07,1477426,1563104,6.01,6.48,0.9,-0.7,-1.7,중립,음봉,잔구간,0.28,-0.48,2026-09-09
OWL,0.9,10.86,23473659,25436146,254.92,249.04,1.0,0.1,-3.3,강한매도,장대음봉,전저점이탈,0.07,-3.27,2026-09-09
OXLC,0.9,9.65,578012,659193,5.58,6.67,0.8,0.4,0.0,매수관심,팽이도지,완만한상승,0.57,0.98,2026-09-09
OXSQ,0.9,1.34,1175722,1363305,1.58,1.81,0.9,0.0,0.8,매수관심,양봉,완만한상승,0.67,1.8,2026-09-09
SKYQ,0.9,2.67,981189,1079844,2.62,2.15,1.2,2.3,-1.8,중립,음봉,완만한상승,0.22,-0.14,2026-09-09
SLDB,0.9,9.54,646346,735649,6.17,7.81,0.8,-1.6,-2.4,중립,음봉,잔구간,0.02,-0.64,2026-09-09
GBTG,0.9,9.48,1151017,1300236,10.91,21.53,0.5,-0.1,0.1,매수관심,양봉,완만한상승,0.5,1.6,2026-09-09
GCMG,0.9,12.9,349441,398815,4.51,5.79,0.8,-0.7,-1.5,강한매도,장대음봉,전저점이탈,0.15,-3.17,2026-09-09
RYLD,0.9,16.04,443435,500008,7.11,7.81,0.9,-0.1,-1.0,매도주의,장대음봉,잔구간,0.1,-1.24,2026-09-09
SBGI,0.9,13.55,370600,402233,5.02,5.64,0.9,-0.6,-1.2,중립,음봉,잔구간,0.4,-0.41,2026-09-09
SGHC,0.9,13.95,2226598,2404658,31.06,31.87,1.0,0.0,0.1,매수관심,양봉스프링,잔구간,0.82,0.94,2026-09-09
SHIP,0.9,18.29,394671,423290,7.22,6.69,1.1,0.0,0.1,매수관심,팽이도지,완만한상승,0.72,1.16,2026-09-09
JKS,0.9,12.18,865278,918213,10.54,13.73,0.8,1.6,-3.6,중립,음봉,잔구간,0.38,-0.42,2026-09-09
MPLT,0.9,13.71,500691,565760,6.86,8.65,0.8,0.0,-1.7,중립,음봉,잔구간,0.28,-0.48,2026-09-09
MQ,0.9,15.91,596556,695124,9.49,11.32,0.8,0.0,-2.2,매도주의,장대음봉,전저점부근,0.17,-1.65,2026-09-09
TTI,0.9,7.07,1954349,2225080,13.82,13.32,1.0,0.8,-1.7,중립,음봉,잔구간,0.47,-0.37,2026-09-09
NAVI,0.9,9.28,1208593,1347428,11.22,10.95,1.0,-0.5,-1.5,중립,음봉,수횡파,0.32,-0.32,2026-09-09
CMRE,0.9,15.07,336862,396249,5.08,5.55,0.9,0.4,0.7,강한매수,양봉스프링,완만한상승,0.84,2.81,2026-09-09
CNTN,0.9,2.21,523139,574787,1.16,1.29,0.9,0.4,-1.3,매도주의,위꼬리음봉,잔구간,0.1,-0.99,2026-09-09
CLB,0.9,12.62,414701,442070,5.23,5.32,1.0,1.5,-0.3,매수관심,팽이도지,완만한상승,0.59,1.01,2026-09-09
CLF,0.9,12.09,9601139,10881170,116.08,135.68,0.9,1.3,-2.9,매도주의,장대음봉,잔구간,0.05,-1.27,2026-09-09
TSHA,0.9,5.34,1810760,2025783,9.67,11.07,0.9,-1.5,-1.1,매도주의,음봉,전저점이탈,0.27,-1.73,2026-09-09
AEHG,0.9,8.56,1656444,1822187,14.18,8.41,1.7,-4.4,15.1,강한매수,양봉,전고점돌파,0.53,2.24,2026-09-09
PATH,0.9,13.57,57904844,62627901,785.77,1137.82,0.7,1.0,-4.1,강한매도,장대음봉,전저점이탈,0.16,-3.16,2026-09-09
ECAT,0.9,15.15,450933,485569,6.83,6.99,1.0,-0.1,-0.3,중립,음봉,전저점부근,0.21,-0.3,2026-09-09
ECVT,0.9,10.25,1068281,1161409,10.95,11.42,1.0,1.0,0.3,중립,위꼬리양봉,완만한상승,0.27,-0.38,2026-09-09
RKT,0.9,13.43,22544881,24690598,302.78,331.86,0.9,-1.2,-1.6,중립,음봉,잔구간,0.11,-0.585,2026-09-09
RPC,0.9,8.12,477214,548199,3.87,4.2,0.9,-0.5,-1.3,중립,음봉,잔구간,0.38,-0.42,2026-09-09
RPD,0.9,10.56,1797864,2036077,18.99,22.42,0.8,-0.1,1.1,중립,위꼬리양봉,잔구간,0.33,-0.6,2026-09-09
RUN,0.9,8.8,6071655,6815051,53.43,58.56,0.9,-0.4,-4.1,매도주의,장대음봉,잔구간,0.11,-1.235,2026-09-09
RWM,0.9,13.85,15878781,18161367,219.92,227.43,1.0,0.5,0.9,강한매수,장대양봉,완만한상승,0.89,3.37,2026-09-09
RWT,0.9,4.26,1356206,1581899,5.78,6.45,0.9,-0.2,-3.2,강한매도,장대음봉,전저점이탈,0.06,-3.28,2026-09-09
ARI,0.9,6.76,1661127,1929954,11.23,14.76,0.8,0.0,-0.4,매도주의,음봉,전저점이탈,0.08,-1.95,2026-09-09
MSOS,0.9,5.05,3726585,4052525,18.82,23.01,0.8,-0.6,-0.6,중립,팽이도지,수횡파,0.37,0.44,2026-09-09
AERO,0.9,15.72,329578,354497,5.18,5.34,1.0,0.0,0.9,매수관심,양봉,완만한상승,0.44,1.53,2026-09-09
AES,0.9,14.82,6737338,7348240,99.85,106.25,0.9,-0.1,0.0,중립,팽이도지,잔구간,0.67,0.1,2026-09-09
KLRA,0.9,14.84,743819,868889,11.04,13.89,0.8,-1.0,-8.8,강한매도,장대음봉,전저점이탈,0.05,-3.29,2026-09-09
ASTL,0.9,4.35,649557,724861,2.83,3.83,0.7,-0.3,-0.9,중립,음봉,잔구간,0.0,-0.65,2026-09-09
PDI,0.9,15.27,2887881,3349763,44.1,43.02,1.0,0.1,0.4,중립,양봉,잔구간,0.64,0.435,2026-09-09
PFXF,0.9,17.85,571756,607623,10.21,9.8,1.0,-0.2,-0.6,매도주의,장대음봉,잔구간,0.07,-1.26,2026-09-09
EH,0.9,4.56,627909,662417,2.86,4.42,0.6,-0.2,-4.8,매도주의,장대음봉,잔구간,0.04,-1.275,2026-09-09
ELVA,0.9,6.78,315434,340699,2.14,2.87,0.7,-0.3,-4.9,매도주의,장대음봉,잔구간,0.04,-1.275,2026-09-09
AMPL,0.9,12.39,1557771,1706735,19.3,22.61,0.9,0.1,-1.1,강한매수,망치형,전저점부근,0.76,3.06,2026-09-09
AVTR,0.9,14.88,7845601,8288042,116.74,106.74,1.1,-1.1,-1.3,중립,음봉,잔구간,0.37,-0.43,2026-09-09
VTRS,0.9,16.5,6510509,7180986,107.42,123.23,0.9,0.7,-1.3,중립,음봉,잔구간,0.23,-0.51,2026-09-09
BRUN,0.9,17.36,1870164,2163469,32.47,39.11,0.8,-0.8,-7.0,매도주의,장대음봉,잔구간,0.08,-1.25,2026-09-09
LILA,0.9,8.65,305470,338709,2.64,2.91,0.9,-1.2,0.7,중립,양봉,잔구간,0.76,0.505,2026-09-09
UPB,0.9,5.96,726236,769137,4.33,4.27,1.0,-0.8,-2.9,중립,음봉,잔구간,0.44,-0.385,2026-09-09
BYND,0.9,10.9,995449,1079448,10.85,11.3,1.0,0.2,-2.9,강한매도,음봉,전저점이탈,0.03,-2.01,2026-09-09
CAN,0.9,0.316,19304224,20861648,6.1,9.12,0.7,5.9,-7.6,매도주의,장대음봉,잔구간,0.02,-1.29,2026-09-09
CC,0.9,15.04,1743349,1876048,26.22,25.38,1.0,1.0,-3.6,매도주의,장대음봉,잔구간,0.02,-1.29,2026-09-09
URG,0.9,1.38,4654198,4907121,6.42,7.67,0.8,0.0,-0.7,매도주의,위꼬리음봉,잔구간,0.2,-0.93,2026-09-09
UUUU,0.9,14.55,4901031,5263408,71.31,87.16,0.8,-0.3,-0.1,중립,팽이도지,잔구간,0.4,-0.06,2026-09-09
BABX,0.9,17.0,481514,528205,8.19,13.85,0.6,-1.7,-4.2,매도주의,장대음봉,전저점부근,0.02,-1.83,2026-09-09
FRSH,0.9,11.93,3130994,3666833,37.35,51.54,0.7,-0.1,-1.3,강한매도,장대음봉,전저점이탈,0.27,-3.03,2026-09-09
QID,0.9,14.26,27110087,30129691,386.59,465.74,0.8,0.6,-0.1,중립,팽이도지,잔구간,0.56,0.035,2026-09-09
ERAS,0.9,15.7,4042439,4515473,63.47,77.24,0.8,-1.4,-2.2,중립,음봉,전저점부근,0.03,-0.51,2026-09-09
ERIC,0.9,10.06,5193775,5634549,52.25,95.44,0.5,0.8,-0.9,중립,음봉,잔구간,0.22,-0.52,2026-09-09
ERII,0.9,7.38,922804,1044289,6.81,8.18,0.8,-0.8,-3.4,강한매도,장대음봉,전저점이탈,0.14,-3.18,2026-09-09
EVC,0.9,8.37,1075270,1144414,9.0,9.16,1.0,-0.2,1.0,중립,위꼬리양봉,완만한상승,0.44,-0.17,2026-09-09
EVEX,0.9,2.15,779248,912368,1.68,2.01,0.8,0.4,-4.9,매도주의,장대음봉,잔구간,0.07,-1.26,2026-09-09
EVH,0.9,4.15,1864258,2083691,7.74,10.36,0.7,0.5,-2.1,중립,음봉,잔구간,0.37,-0.43,2026-09-09
FPE,0.9,17.56,931579,1016235,16.36,18.48,0.9,0.0,-0.2,강한매도,장대음봉,전저점이탈,0.2,-3.11,2026-09-09
PUBM,0.9,16.18,472546,517450,7.65,10.15,0.8,0.6,-1.2,중립,음봉,잔구간,0.56,-0.315,2026-09-09
PUMP,0.9,12.22,2325817,2454158,28.42,34.7,0.8,-0.8,2.4,중립,양봉,전고점부근,0.62,0.39,2026-09-09
PURR,0.9,12.03,23174600,25835388,278.79,356.05,0.8,6.0,-4.8,매도주의,장대음봉,잔구간,0.17,-1.2,2026-09-09
KEEL,0.9,3.71,32706437,34540440,121.34,118.41,1.0,-0.3,-0.3,중립,팽이도지,잔구간,0.35,-0.09,2026-09-09
VFC,0.9,12.91,6076496,6906670,78.45,80.44,1.0,-0.5,-1.8,강한매도,장대음봉,전저점이탈,0.11,-3.22,2026-09-09
VLRS,0.9,6.75,320286,359632,2.16,2.41,0.9,-0.3,-0.3,중립,팽이도지,잔구간,0.32,-0.11,2026-09-09
BTCS,0.9,1.34,1669927,1942267,2.24,3.33,0.7,1.4,-6.3,매도주의,장대음봉,잔구간,0.14,-1.215,2026-09-09
BTGO,0.9,7.51,1353110,1443445,10.16,11.58,0.9,0.5,-3.5,중립,음봉,잔구간,0.17,-0.55,2026-09-09
VNM,0.9,17.85,688695,767286,12.29,11.67,1.1,0.0,-0.3,중립,음봉,전저점부근,0.0,-0.55,2026-09-09
FUBO,0.9,10.71,902227,1043460,9.66,12.57,0.8,-1.0,-3.7,매도주의,장대음봉,잔구간,0.09,-1.245,2026-09-09
FULC,0.9,3.84,1384975,1534851,5.32,5.21,1.0,0.0,0.5,강한매수,양봉스프링,수횡파,0.86,3.53,2026-09-09
ADBT,0.9,0.314,7581583,8662718,2.38,9.08,0.3,3.7,-6.9,중립,음봉,전저점부근,0.49,0.04,2026-09-09
ADT,0.9,7.05,6402879,6839458,45.14,48.96,0.9,0.0,-2.4,강한매도,장대음봉,전저점이탈,0.05,-3.29,2026-09-09
XPRO,0.9,18.19,742466,794625,13.51,14.81,0.9,1.6,-1.1,중립,음봉,완만한상승,0.32,-0.02,2026-09-09
XRAY,0.9,10.72,3232182,3753586,34.65,38.71,0.9,-0.9,-1.6,중립,음봉,전저점부근,0.29,-0.2,2026-09-09
LSPD,0.9,9.82,554032,622959,5.44,6.42,0.8,-0.9,-3.1,강한매도,장대음봉,전저점이탈,0.07,-3.27,2026-09-09
WOOF,0.9,2.47,3790153,4228966,9.36,9.28,1.0,-0.4,-4.6,매도주의,장대음봉,잔구간,0.24,-1.155,2026-09-09
WVE,0.9,4.81,3249180,3684718,15.63,17.22,0.9,-1.0,-1.0,중립,음봉,잔구간,0.29,-0.475,2026-09-09
LEGN,0.9,19.91,1364136,1471256,27.16,28.31,1.0,-1.3,-1.5,중립,음봉,잔구간,0.2,-0.53,2026-09-09
ACDC,0.9,5.48,869156,989644,4.76,6.15,0.8,1.1,0.0,매수관심,팽이도지,완만한상승,0.43,0.82,2026-09-09
BSCR,0.9,19.625,491411,542488,9.64,11.35,0.8,0.1,-0.0,중립,음봉,완만한상승,0.5,0.2,2026-09-09
BSCT,0.9,18.445,441476,501317,8.14,14.77,0.6,-0.0,-0.1,매도주의,장대음봉,잔구간,0.25,-1.15,2026-09-09
AAL,0.8,12.94,48950137,59547345,633.41,854.17,0.7,-1.5,1.8,매수관심,장대양봉,잔구간,0.84,1.205,2026-09-09
MBC,0.8,7.8,1542774,2014749,12.03,14.62,0.8,-0.5,-3.9,매도주의,장대음봉,전저점부근,0.03,-1.81,2026-09-09
MCHB,0.8,15.43,396999,471395,6.13,6.76,0.9,0.1,-0.8,매도주의,음봉,전저점이탈,0.28,-1.71,2026-09-09
LOMA,0.8,10.12,315853,384174,3.2,3.38,0.9,-0.5,0.2,중립,팽이도지,잔구간,0.61,0.065,2026-09-09
PWP,0.8,16.04,711401,843801,11.41,12.91,0.9,-1.3,-2.0,매도주의,음봉,전저점이탈,0.18,-1.83,2026-09-09
LXEO,0.8,4.48,311687,389142,1.4,2.81,0.5,-0.8,-5.1,강한매도,장대음봉,전저점이탈,0.0,-3.35,2026-09-09
MGTX,0.8,13.26,534367,672548,7.09,10.45,0.7,-1.0,-1.0,매도주의,위꼬리음봉,전저점부근,0.03,-1.31,2026-09-09
QFIN,0.8,8.6,1936544,2327259,16.65,42.23,0.4,-5.2,2.6,매수관심,장대양봉,잔구간,0.86,1.215,2026-09-09
ETHT,0.8,16.79,1471333,1835941,24.7,35.77,0.7,2.6,-4.0,매도주의,장대음봉,잔구간,0.04,-1.275,2026-09-09
PLTD,0.8,5.32,18179342,22872670,96.71,139.11,0.7,-0.4,0.8,매수관심,양봉,완만한상승,0.64,1.77,2026-09-09
FRMI,0.8,5.53,12857524,16236394,71.1,81.12,0.9,-1.9,-1.2,매도주의,위꼬리음봉,잔구간,0.24,-0.905,2026-09-09
RERE,0.8,4.04,716739,914038,2.9,3.93,0.7,0.0,-0.7,중립,음봉,잔구간,0.33,-0.45,2026-09-09
BVS,0.8,13.63,436135,577709,5.94,7.59,0.8,-1.1,-0.4,중립,팽이도지,잔구간,0.35,-0.09,2026-09-09
BW,0.8,7.43,3206873,4260190,23.83,32.81,0.7,-1.7,-2.4,중립,음봉,잔구간,0.12,-0.58,2026-09-09
VUZI,0.8,2.44,463600,568185,1.13,1.42,0.8,-1.2,-1.2,중립,음봉,잔구간,0.2,-0.53,2026-09-09
BULL,0.8,9.42,9754172,12385960,91.88,166.78,0.6,1.1,-2.7,중립,음봉,잔구간,0.09,-0.595,2026-09-09
ALVO,0.8,5.21,572359,687000,2.98,4.78,0.6,-0.8,1.2,강한매수,양봉,완만한상승,0.83,2.0,2026-09-09
ELPC,0.8,12.45,386442,465628,4.81,5.36,0.9,-0.4,-0.2,중립,팽이도지,잔구간,0.66,0.095,2026-09-09
FCEL,0.8,16.57,7685747,9566080,127.35,130.41,1.0,0.8,-7.4,매도주의,장대음봉,잔구간,0.08,-1.25,2026-09-09
EQPT,0.8,18.75,1847480,2348106,34.64,37.99,0.9,-0.6,-2.8,중립,음봉,잔구간,0.03,-0.63,2026-09-09
AVXL,0.8,2.75,438581,573294,1.21,2.8,0.4,-0.4,-3.2,중립,음봉,전저점부근,0.06,-0.48,2026-09-09
ENOV,0.8,19.03,1879438,2403110,35.77,35.93,1.0,-0.2,-4.6,매도주의,장대음봉,잔구간,0.15,-1.21,2026-09-09
AXTL,0.8,2.87,987336,1255904,2.83,2.52,1.1,-3.1,1.1,중립,위꼬리양봉,잔구간,0.11,-0.735,2026-09-09
VLY,0.8,13.76,4631880,5576167,63.73,84.53,0.8,-0.4,-0.8,중립,음봉,잔구간,0.22,-0.52,2026-09-09
VITL,0.8,9.89,919903,1187466,9.1,13.3,0.7,-1.0,-0.9,중립,음봉,잔구간,0.51,-0.345,2026-09-09
AMRX,0.8,17.25,1472382,1891060,25.4,29.29,0.9,1.3,-0.1,중립,팽이도지,잔구간,0.61,0.065,2026-09-09
BTX,0.8,8.96,356941,425715,3.2,3.5,0.9,0.0,-0.6,매도주의,위꼬리음봉,잔구간,0.0,-1.05,2026-09-09
PL,0.8,17.22,13313656,16836629,229.26,248.08,0.9,1.1,-4.3,중립,음봉,잔구간,0.08,-0.6,2026-09-09
BBAI,0.8,2.83,12161370,14601651,34.42,47.13,0.7,0.3,-3.4,강한매도,장대음봉,전저점이탈,0.08,-3.25,2026-09-09
PD,0.8,13.58,1560441,1849811,21.19,25.97,0.8,1.0,1.0,중립,양봉,잔구간,1.0,0.65,2026-09-09
PANL,0.8,8.3,310298,402913,2.58,3.16,0.8,0.2,-0.4,중립,팽이도지,잔구간,0.49,-0.005,2026-09-09
UMH,0.8,15.66,523502,640031,8.2,12.57,0.7,0.1,-1.3,매도주의,음봉,전저점이탈,0.42,-1.55,2026-09-09
UEC,0.8,11.6,6537590,8330413,75.84,107.32,0.7,-0.6,-1.9,중립,음봉,잔구간,0.14,-0.565,2026-09-09
UA,0.8,4.8,1844008,2364940,8.85,11.27,0.8,-1.0,-2.0,중립,음봉,잔구간,0.11,-0.585,2026-09-09
CADL,0.8,12.17,661253,851432,8.05,12.57,0.6,-0.6,-2.8,중립,음봉,잔구간,0.06,-0.615,2026-09-09
SHLS,0.8,7.06,3436648,4190172,24.26,33.28,0.7,0.0,-4.9,매도주의,장대음봉,잔구간,0.1,-1.24,2026-09-09
MITK,0.8,17.26,475094,573715,8.2,11.39,0.7,-0.4,-2.8,강한매도,장대음봉,전저점이탈,0.08,-3.25,2026-09-09
ARR,0.8,16.17,2610942,3292217,42.22,49.71,0.8,0.0,-0.4,중립,음봉,잔구간,0.06,-0.615,2026-09-09
RVLV,0.8,19.49,846419,1058142,16.5,18.74,0.9,-1.0,-2.2,강한매도,장대음봉,전저점이탈,0.02,-3.33,2026-09-09
PEB,0.8,17.84,2143601,2725622,38.24,37.25,1.0,-0.6,1.8,매수관심,장대양봉,잔구간,0.9,1.24,2026-09-09
GAU,0.8,2.24,2308054,2965200,5.17,6.47,0.8,2.7,-2.2,매도주의,장대음봉,잔구간,0.25,-1.15,2026-09-09
SBET,0.8,8.54,5855812,7026699,50.01,71.51,0.7,1.9,-5.0,매도주의,장대음봉,잔구간,0.02,-1.29,2026-09-09
SBSW,0.8,13.12,4591074,5493296,60.23,70.83,0.9,3.3,-1.5,중립,음봉,완만한상승,0.38,0.06,2026-09-09
MLCO,0.8,5.06,1403863,1712219,7.1,8.24,0.9,-0.8,-0.4,매도주의,위꼬리음봉,잔구간,0.09,-0.995,2026-09-09
EC,0.8,17.83,1418938,1821301,25.3,31.04,0.8,1.2,-0.9,매도주의,음봉,전고점부근,0.29,-1.4,2026-09-09
VGZ,0.8,2.27,707351,885776,1.61,2.04,0.8,1.8,-0.9,매도주의,위꼬리음봉,완만한상승,0.0,-1.2,2026-09-09
DUOT,0.8,8.8,617056,787364,5.43,7.68,0.7,-1.5,-1.2,중립,음봉,잔구간,0.13,-0.57,2026-09-09
DNA,0.8,6.79,894183,1144061,6.07,7.93,0.8,-1.6,-0.6,중립,팽이도지,수횡파,0.33,0.4,2026-09-09
RMNI,0.8,4.6,457605,565520,2.1,3.08,0.7,-0.6,-3.6,강한매도,장대음봉,전저점이탈,0.1,-3.23,2026-09-09
RLJ,0.8,10.87,1238774,1616372,13.47,18.25,0.7,-0.4,2.1,매수관심,장대양봉,잔구간,0.97,1.28,2026-09-09
DRH,0.8,12.07,1852413,2317949,22.36,29.45,0.8,-0.8,1.7,매수관심,장대양봉,잔구간,0.96,1.275,2026-09-09
SG,0.8,6.72,3612755,4523201,24.28,29.09,0.8,-0.6,-2.7,중립,음봉,잔구간,0.11,-0.585,2026-09-09
CBRZ,0.8,9.13,317619,394188,2.9,5.22,0.6,3.0,0.9,매수관심,양봉스프링,잔구간,0.88,0.98,2026-09-09
USDE,0.8,7.24,3518944,4550227,25.48,51.59,0.5,5.3,-9.6,중립,음봉,수횡파,0.18,-0.48,2026-09-09
SDGR,0.8,19.2,758944,996145,14.57,19.41,0.8,-0.7,-3.4,매도주의,장대음봉,잔구간,0.12,-1.23,2026-09-09
DAMD,0.8,13.1,2397910,2950260,31.41,47.57,0.7,0.0,-6.4,강한매도,장대음봉,전저점이탈,0.22,-3.09,2026-09-09
DHY,0.8,1.7,739011,968368,1.26,1.47,0.9,0.0,0.0,강한매수,양봉스프링,완만한상승,1.0,3.0,2026-09-09
SGRY,0.8,14.12,1679966,2129509,23.72,33.6,0.7,-0.6,1.8,매수관심,양봉,완만한상승,0.59,1.71,2026-09-09
CBRG,0.8,3.39,9696506,12472555,32.87,42.44,0.8,-3.4,-0.3,매도주의,위꼬리음봉,잔구간,0.17,-0.95,2026-09-09
HUYA,0.8,2.06,1003146,1187086,2.07,3.04,0.7,0.0,-1.9,강한매도,장대음봉,전저점이탈,0.17,-3.15,2026-09-09
TDAY,0.8,6.29,1714724,2115942,10.79,15.44,0.7,-1.1,-0.8,중립,음봉,잔구간,0.37,-0.43,2026-09-09
IIIV,0.8,15.21,366112,448789,5.57,7.57,0.7,-0.7,-3.4,강한매도,장대음봉,전저점이탈,0.07,-3.27,2026-09-09
NFXL,0.8,16.89,579324,719067,9.78,17.68,0.6,-1.3,-0.7,중립,음봉,전저점부근,0.2,-0.31,2026-09-09
IREX,0.8,16.84,1232773,1614462,20.76,23.71,0.9,-0.8,-6.2,매도주의,장대음봉,잔구간,0.1,-1.24,2026-09-09
MYGN,0.8,3.19,966999,1272855,3.08,4.67,0.7,-2.2,2.6,강한매수,장대양봉,완만한상승,0.81,3.27,2026-09-09
NBIG,0.8,19.4,1295177,1611928,25.13,28.61,0.9,2.9,-5.8,매도주의,장대음봉,잔구간,0.0,-1.3,2026-09-09
CMBT,0.8,19.35,1009321,1299021,19.53,24.93,0.8,1.4,-0.7,중립,망치형,잔구간,0.67,0.6,2026-09-09
TIGR,0.8,5.03,1503365,1923682,7.56,13.96,0.5,0.6,0.0,중립,팽이도지,잔구간,0.3,-0.12,2026-09-09
WWW,0.8,19.59,556281,713196,10.9,14.71,0.7,-0.7,-1.6,중립,음봉,잔구간,0.08,-0.6,2026-09-09
BRBS,0.8,4.04,1206327,1474012,4.87,4.53,1.1,-1.2,2.3,강한매수,장대양봉,전고점돌파,0.9,3.98,2026-09-09
WCMI,0.8,19.75,583454,695259,11.52,22.85,0.5,-0.4,-0.8,매도주의,장대음봉,잔구간,0.16,-1.205,2026-09-09
BSCV,0.8,16.115,447041,588797,7.2,8.51,0.8,-0.0,-0.1,매도주의,음봉,전저점이탈,0.31,-1.68,2026-09-09
EYE,0.8,17.12,1701862,2127283,29.14,36.82,0.8,-1.7,2.5,강한매수,양봉,완만한상승,0.88,2.06,2026-09-09
WDCX,0.8,19.99,921187,1109633,18.41,21.8,0.8,-2.2,4.3,중립,양봉,잔구간,0.47,0.33,2026-09-09
BTBT,0.8,1.66,25570914,30288745,42.45,49.26,0.9,1.8,-4.0,중립,음봉,잔구간,0.38,-0.42,2026-09-09
ACB,0.8,3.88,738979,877324,2.87,4.57,0.6,-0.5,0.8,매수관심,양봉,완만한상승,0.77,1.92,2026-09-09
TIC,0.8,9.26,940503,1168861,8.71,12.08,0.7,0.2,-3.3,매도주의,장대음봉,잔구간,0.15,-1.21,2026-09-09
MSFD,0.8,10.46,790794,1034825,8.27,12.55,0.7,0.1,0.2,매수관심,팽이도지,완만한상승,0.53,0.94,2026-09-09
MRVI,0.8,6.95,2207050,2803187,15.34,30.64,0.5,-1.5,-1.8,매도주의,음봉,전저점이탈,0.11,-1.92,2026-09-09
GSOL,0.8,7.74,2009076,2613440,15.55,24.05,0.6,1.4,-2.3,매도주의,장대음봉,잔구간,0.1,-1.24,2026-09-09
APLX,0.8,8.84,1045263,1289614,9.24,11.73,0.8,1.9,-10.3,매도주의,장대음봉,잔구간,0.04,-1.275,2026-09-09
AVS,0.8,8.015,12274162,15558944,98.37,101.22,1.0,0.3,0.7,매수관심,양봉,완만한상승,0.43,1.52,2026-09-09
ANGO,0.8,15.32,328776,395311,5.04,5.19,1.0,-0.9,1.5,중립,양봉,잔구간,0.91,0.595,2026-09-09
CRSR,0.8,12.33,858008,1108325,10.58,14.36,0.7,1.1,-0.5,중립,팽이도지,완만한상승,0.33,0.7,2026-09-09
CRMG,0.8,9.02,1669321,2134526,15.06,37.38,0.4,0.7,-4.7,매도주의,음봉,전저점이탈,0.05,-1.99,2026-09-09
CRF,0.8,6.36,851322,1011636,5.41,9.97,0.5,-0.3,-0.2,중립,음봉,잔구간,0.33,-0.45,2026-09-09
OABI,0.8,4.015,1203377,1488559,4.83,8.37,0.6,-0.7,-4.6,강한매도,장대음봉,전저점이탈,0.15,-3.17,2026-09-09
OBDC,0.8,11.14,2428542,2881101,27.05,34.31,0.8,-0.1,-0.2,중립,팽이도지,전저점이탈,0.5,-0.75,2026-09-09
CERS,0.8,2.51,874622,1093253,2.2,2.95,0.7,-0.4,-0.8,매도주의,음봉,전저점이탈,0.25,-1.75,2026-09-09
MSTZ,0.8,4.25,23714413,27902061,100.79,161.53,0.6,-7.4,13.9,강한매수,장대양봉,완만한상승,0.96,3.45,2026-09-09
AVEX,0.8,16.37,914363,1082052,14.97,22.97,0.7,1.5,-5.8,매도주의,장대음봉,잔구간,0.13,-1.22,2026-09-09
NWL,0.8,6.0,7620099,9105205,45.72,46.19,1.0,-1.1,-4.3,매도주의,장대음봉,수횡파,0.15,-1.82,2026-09-09
APPS,0.8,11.06,2111942,2616821,23.36,29.26,0.8,0.4,-2.6,중립,음봉,잔구간,0.14,-0.565,2026-09-09
CORZ,0.8,18.09,10064212,12359548,182.06,197.24,0.9,0.1,-3.5,매도주의,장대음봉,잔구간,0.22,-1.17,2026-09-09
SRTA,0.8,5.22,768731,922798,4.01,4.6,0.9,-1.1,-0.6,중립,음봉,전저점부근,0.18,-0.33,2026-09-09
TSLQ,0.8,18.17,5596463,7333546,101.69,126.83,0.8,-0.1,0.3,매수관심,양봉스프링,잔구간,0.92,1.0,2026-09-09
JBS,0.8,12.58,4253918,5275205,53.51,67.97,0.8,-0.5,-1.8,강한매도,장대음봉,전저점이탈,0.06,-3.28,2026-09-09
SMU,0.8,8.07,1435128,1788168,11.58,14.85,0.8,-3.5,-3.2,중립,음봉,잔구간,0.08,-0.6,2026-09-09
SMMT,0.8,17.54,4803972,6185662,84.26,107.38,0.8,5.4,-3.7,매도주의,장대음봉,완만한상승,0.28,-1.36,2026-09-09
CGBD,0.8,11.435,301548,383753,3.45,6.51,0.5,0.1,-0.6,중립,음봉,전저점부근,0.45,-0.01,2026-09-09
AHRT,0.8,6.42,502511,640246,3.23,3.67,0.9,0.3,-1.5,매도주의,장대음봉,잔구간,0.3,-1.12,2026-09-09
BCSF,0.8,11.54,429428,507408,4.96,5.33,0.9,-0.2,-0.6,중립,음봉,잔구간,0.33,-0.45,2026-09-09
CERT,0.8,7.63,1462918,1918761,11.16,15.59,0.7,-0.4,-1.0,중립,음봉,전저점부근,0.6,0.17,2026-09-09
CVRX,0.8,2.83,555242,678672,1.57,2.2,0.7,-1.0,-2.4,중립,음봉,잔구간,0.37,-0.43,2026-09-09
CSQR,0.8,17.96,856601,1049507,15.38,16.52,0.9,-0.3,-2.3,중립,음봉,잔구간,0.05,-0.62,2026-09-09
CTMX,0.8,3.54,2053632,2469479,7.27,12.65,0.6,0.3,-3.3,매도주의,장대음봉,잔구간,0.27,-1.14,2026-09-09
CURV,0.8,2.32,436710,567294,1.01,1.62,0.6,0.0,-7.2,매도주의,장대음봉,잔구간,0.07,-1.26,2026-09-09
SLI,0.8,2.36,1174440,1454119,2.77,4.45,0.6,0.4,-2.1,중립,음봉,전저점부근,0.09,-0.44,2026-09-09
MNSO,0.8,9.23,1119348,1374116,10.33,12.65,0.8,1.4,-2.7,중립,음봉,전저점부근,0.18,-0.33,2026-09-09
KLC,0.8,2.54,561581,674624,1.43,1.65,0.9,-1.6,0.0,중립,팽이도지,잔구간,0.44,-0.035,2026-09-09
AIRO,0.8,6.88,331048,438628,2.28,2.83,0.8,-0.8,-5.4,매도주의,장대음봉,잔구간,0.03,-1.28,2026-09-09
AIRJ,0.8,4.42,684361,877874,3.02,4.52,0.7,-1.1,-2.0,중립,음봉,잔구간,0.06,-0.615,2026-09-09
GOF,0.8,9.22,2029120,2608354,18.71,26.7,0.7,-0.3,-0.1,매도주의,위꼬리음봉,잔구간,0.0,-1.05,2026-09-09
BGS,0.8,3.25,1755375,2184463,5.7,6.26,0.9,0.3,-1.8,매도주의,장대음봉,잔구간,0.33,-1.1,2026-09-09
SIBN,0.8,18.41,437520,551520,8.05,10.21,0.8,1.1,-2.2,매도주의,장대음봉,잔구간,0.15,-1.21,2026-09-09
MUZ,0.8,7.72,8249639,9960619,63.69,83.18,0.8,0.0,-5.9,중립,음봉,잔구간,0.27,-0.49,2026-09-09
TMQ,0.8,3.51,1020688,1232206,3.58,4.17,0.9,0.0,0.6,매수관심,팽이도지,완만한상승,0.45,0.84,2026-09-09
TSLG,0.8,4.89,46332314,55371263,226.57,251.64,0.9,0.2,-0.4,매도주의,위꼬리음봉,잔구간,0.05,-1.02,2026-09-09
CLNE,0.8,1.64,1105392,1375301,1.81,2.46,0.7,0.6,-0.6,중립,음봉,완만한상승,0.5,0.2,2026-09-09
HIVE,0.8,3.1,11345576,13515290,35.17,46.11,0.8,0.0,-1.6,중립,음봉,잔구간,0.29,-0.475,2026-09-09
SPCE,0.8,2.96,4087788,5375931,12.1,14.78,0.8,-0.6,-4.8,매도주의,장대음봉,잔구간,0.0,-1.3,2026-09-09
SPDN,0.8,8.6,21577858,27229686,185.57,256.78,0.7,0.2,0.4,강한매수,장대양봉,완만한상승,0.75,3.2,2026-09-09
SPRY,0.8,5.23,874545,1142583,4.57,7.46,0.6,-0.7,-2.2,강한매도,장대음봉,전저점이탈,0.09,-3.24,2026-09-09
CIEG,0.8,3.865,514010,608496,1.99,2.51,0.8,0.3,-1.9,매도주의,위꼬리음봉,잔구간,0.06,-1.015,2026-09-09
GEMI,0.7,4.45,1385849,1889737,6.17,11.08,0.6,1.7,-6.5,매도주의,장대음봉,잔구간,0.02,-1.29,2026-09-09
PAR,0.7,17.66,634685,857547,11.21,14.64,0.8,0.0,-4.0,강한매도,장대음봉,전저점이탈,0.13,-3.19,2026-09-09
PACB,0.7,1.29,4157954,5544999,5.36,9.38,0.6,-0.8,-1.5,중립,팽이도지,잔구간,0.38,-0.07,2026-09-09
BB,0.7,7.75,5920249,8380266,45.88,78.97,0.6,0.1,-1.6,매도주의,장대음봉,잔구간,0.33,-1.1,2026-09-09
UPXI,0.7,1.035,2800671,3863003,2.9,5.09,0.6,1.9,-2.4,중립,음봉,잔구간,0.5,-0.35,2026-09-09
CAG,0.7,15.11,7595229,11522004,114.76,151.39,0.8,0.1,-1.0,매도주의,음봉,전저점이탈,0.1,-1.93,2026-09-09
TTD,0.7,13.88,16397599,22727085,227.6,265.1,0.9,-0.1,-0.9,중립,음봉,잔구간,0.45,-0.38,2026-09-09
KLAR,0.7,13.88,5130242,7262439,71.21,104.98,0.7,-0.9,-1.8,강한매도,장대음봉,전저점이탈,0.03,-3.31,2026-09-09
VFF,0.7,2.97,506983,703351,1.51,2.41,0.6,-0.3,-1.7,중립,음봉,잔구간,0.15,-0.56,2026-09-09
VIR,0.7,10.81,1945669,2672143,21.03,25.71,0.8,-1.3,-2.1,중립,음봉,잔구간,0.12,-0.58,2026-09-09
VISN,0.7,6.405,4955894,7545821,31.74,84.49,0.4,-0.3,-0.7,중립,음봉,잔구간,0.24,-0.505,2026-09-09
DX,0.7,12.83,3244005,4696512,41.62,51.73,0.8,0.2,-0.7,매도주의,장대음봉,잔구간,0.04,-1.275,2026-09-09
DNUT,0.7,3.21,1552641,2148927,4.98,7.6,0.7,-0.9,-2.1,강한매도,장대음봉,전저점이탈,0.09,-3.24,2026-09-09
DQ,0.7,12.05,662540,924852,7.98,12.56,0.6,-0.7,-2.7,강한매도,장대음봉,전저점이탈,0.16,-3.16,2026-09-09
DLO,0.7,14.665,1398056,1876653,20.5,31.78,0.6,-0.5,-1.4,매도주의,장대음봉,잔구간,0.13,-1.22,2026-09-09
UPWK,0.7,8.24,1998519,3038538,16.47,23.37,0.7,0.4,-1.3,매도주의,음봉,전저점이탈,0.11,-1.92,2026-09-09
DEC,0.7,15.08,626900,941880,9.45,12.47,0.8,1.4,-3.6,매도주의,장대음봉,잔구간,0.04,-1.275,2026-09-09
DFDV,0.7,5.44,1617197,2189326,8.8,12.55,0.7,0.5,-9.6,매도주의,장대음봉,잔구간,0.02,-1.29,2026-09-09
DRTS,0.7,14.27,412378,596343,5.88,11.25,0.5,-0.9,-2.9,매도주의,장대음봉,잔구간,0.0,-1.3,2026-09-09
DDD,0.7,3.38,1349747,1904640,4.56,7.02,0.6,-0.3,0.3,강한매수,양봉스프링,완만한상승,0.85,2.82,2026-09-09
SFIX,0.7,2.89,1204506,1610422,3.48,4.63,0.8,-0.7,-2.0,강한매도,장대음봉,전저점이탈,0.11,-3.22,2026-09-09
DAKT,0.7,19.05,652971,922189,12.44,18.12,0.7,-0.8,-2.4,매도주의,장대음봉,전저점부근,0.1,-1.73,2026-09-09
SFL,0.7,12.53,1007136,1452603,12.62,18.22,0.7,-0.7,0.2,중립,팽이도지,잔구간,0.75,0.15,2026-09-09
DNP,0.7,10.66,509140,679873,5.43,6.88,0.8,0.0,-0.4,매도주의,음봉,전저점이탈,0.26,-1.74,2026-09-09
RARE,0.7,14.31,4576648,6548640,65.49,117.09,0.6,-0.7,-3.1,중립,음봉,잔구간,0.04,-0.625,2026-09-09
FINV,0.7,3.37,1090693,1631565,3.68,6.41,0.6,-0.3,-0.6,매도주의,위꼬리음봉,잔구간,0.17,-0.95,2026-09-09
PRLD,0.7,5.09,311983,469362,1.59,2.77,0.6,-0.9,-3.0,중립,음봉,전저점부근,0.11,-0.42,2026-09-09
FWRD,0.7,16.38,415532,623343,6.81,10.42,0.7,-1.2,-4.0,매도주의,장대음봉,잔구간,0.03,-1.28,2026-09-09
FWDI,0.7,6.55,1490459,2065736,9.76,15.44,0.6,-0.1,-4.4,매도주의,장대음봉,잔구간,0.07,-1.26,2026-09-09
FUTG,0.7,4.56,459410,661586,2.09,5.99,0.3,1.1,-2.1,중립,음봉,전저점부근,0.06,-0.48,2026-09-09
FUN,0.7,14.29,1583011,2223858,22.62,29.18,0.8,-0.2,-9.0,매도주의,장대음봉,잔구간,0.01,-1.295,2026-09-09
EVGO,0.7,1.355,3414415,4970191,4.63,6.42,0.7,-0.7,-3.2,매도주의,장대음봉,잔구간,0.07,-1.26,2026-09-09
MDU,0.7,19.59,1362547,1897031,26.69,32.9,0.8,1.0,-2.2,매도주의,장대음봉,잔구간,0.07,-1.26,2026-09-09
ABTC,0.7,8.13,1123664,1683389,9.14,16.98,0.5,2.6,-5.8,매도주의,장대음봉,잔구간,0.03,-1.28,2026-09-09
FNKO,0.7,5.39,950012,1309523,5.12,7.89,0.6,-0.7,-4.4,강한매도,장대음봉,전저점이탈,0.03,-3.31,2026-09-09
ETHW,0.7,17.63,626492,919678,11.05,15.67,0.7,1.3,-1.9,매도주의,장대음봉,잔구간,0.07,-1.26,2026-09-09
LWLG,0.7,5.27,1844244,2743742,9.72,13.5,0.7,-1.2,-4.7,매도주의,장대음봉,잔구간,0.05,-1.27,2026-09-09
ARCT,0.7,14.74,723049,1055076,10.66,21.87,0.5,-1.1,-4.7,매도주의,장대음봉,잔구간,0.28,-1.13,2026-09-09
MFG,0.7,10.94,2517898,3421350,27.55,31.84,0.9,-1.0,-0.8,매도주의,장대음봉,잔구간,0.08,-1.25,2026-09-09
FDMT,0.7,14.18,493797,745205,7.0,12.37,0.6,-1.3,-1.8,매도주의,장대음봉,수횡파,0.23,-1.72,2026-09-09
REPL,0.7,14.45,1074932,1598430,15.53,29.25,0.5,-1.6,-0.6,매도주의,팽이도지,전저점이탈,0.33,-0.95,2026-09-09
LFTO,0.7,18.5,494316,676018,9.14,10.23,0.9,-0.6,-0.2,중립,팽이도지,수횡파,0.44,0.53,2026-09-09
BTCT,0.7,1.54,2126007,3215552,3.27,16.14,0.2,0.6,-9.4,매도주의,음봉,전저점이탈,0.3,-1.69,2026-09-09
VIV,0.7,11.79,943554,1328843,11.12,14.58,0.8,-0.7,0.6,중립,양봉,잔구간,0.69,0.465,2026-09-09
BTG,0.7,5.54,23819080,35643698,131.96,198.65,0.7,2.2,-0.5,중립,팽이도지,잔구간,0.5,0.0,2026-09-09
BTDR,0.7,12.33,6870973,10551350,84.72,128.49,0.7,0.7,-3.4,중립,음봉,잔구간,0.33,-0.45,2026-09-09
PLX,0.7,2.67,580004,806034,1.55,2.02,0.8,1.1,-0.4,강한매수,망치형,완만한상승,0.88,2.36,2026-09-09
VERX,0.7,12.37,1072425,1445501,13.27,18.98,0.7,0.0,-4.3,강한매도,장대음봉,전저점이탈,0.03,-3.31,2026-09-09
KSS,0.7,17.52,3037316,4445882,53.21,105.3,0.5,-1.1,-4.8,매도주의,장대음봉,잔구간,0.02,-1.29,2026-09-09
KYIV,0.7,13.72,382433,534990,5.25,6.66,0.8,-0.4,-2.3,매도주의,장대음봉,잔구간,0.05,-1.27,2026-09-09
LABD,0.7,7.0,14150831,19345399,99.06,126.89,0.8,2.4,2.3,강한매수,양봉,완만한상승,0.98,2.18,2026-09-09
LAND,0.7,9.455,777362,1174352,7.35,9.39,0.8,-0.2,-1.6,중립,음봉,잔구간,0.08,-0.6,2026-09-09
SAN,0.7,14.68,6008043,8477700,88.2,148.6,0.6,-1.8,0.6,중립,양봉,잔구간,0.8,0.53,2026-09-09
PICS,0.7,10.6,440588,655232,4.67,7.17,0.7,-0.6,-3.4,중립,음봉,잔구간,0.19,-0.535,2026-09-09
PDBC,0.7,19.6,4225061,6202652,82.81,105.16,0.8,1.3,0.2,강한매수,양봉,전고점돌파,0.96,2.75,2026-09-09
GDXY,0.7,11.41,622882,879255,7.11,11.02,0.6,1.1,-0.3,중립,팽이도지,잔구간,0.41,-0.055,2026-09-09
AEG,0.7,9.06,3355427,4777538,30.4,44.27,0.7,-0.1,-0.5,강한매도,장대음봉,전저점이탈,0.0,-3.35,2026-09-09
NVTS,0.7,11.6,8178278,11052609,94.87,150.36,0.6,-0.5,-2.9,중립,음봉,잔구간,0.14,-0.565,2026-09-09
GPGI,0.7,13.37,1704429,2415018,22.79,28.38,0.8,-0.4,-3.5,매도주의,장대음봉,잔구간,0.17,-1.2,2026-09-09
NXE,0.7,10.64,2724123,4164945,28.98,45.26,0.6,0.1,-0.6,매도주의,위꼬리음봉,잔구간,0.17,-0.95,2026-09-09
CEPL,0.7,5.77,333552,458859,1.92,2.13,0.9,-0.7,1.6,중립,위꼬리양봉,잔구간,0.49,-0.505,2026-09-09
CCCC,0.7,3.44,1441685,2201639,4.96,8.9,0.6,-0.3,-2.8,강한매도,장대음봉,전저점이탈,0.17,-3.15,2026-09-09
ALEC,0.7,2.27,505801,763457,1.15,2.43,0.5,0.0,-8.1,매도주의,장대음봉,잔구간,0.09,-1.245,2026-09-09
CRDU,0.7,6.99,6575452,9100381,45.96,47.09,1.0,-3.0,2.8,중립,위꼬리양봉,잔구간,0.37,-0.58,2026-09-09
CRCT,0.7,5.43,517852,772721,2.81,4.17,0.7,-1.2,0.8,중립,양봉,잔구간,0.73,0.49,2026-09-09
MRTN,0.7,14.01,355864,525867,4.99,6.75,0.7,-0.7,-1.3,중립,음봉,잔구간,0.12,-0.58,2026-09-09
MTRX,0.7,10.68,326220,436639,3.48,4.56,0.8,-0.1,-1.1,중립,음봉,잔구간,0.2,-0.53,2026-09-09
SNDG,0.7,11.075,6163489,8383191,68.26,70.08,1.0,1.6,1.4,매수관심,팽이도지,완만한상승,0.45,0.84,2026-09-09
CTOS,0.7,9.25,830227,1176650,7.68,9.39,0.8,-1.3,-0.8,중립,팽이도지,잔구간,0.31,-0.115,2026-09-09
CSIQ,0.7,13.46,1703222,2361870,22.93,31.19,0.7,-0.6,-2.3,중립,음봉,잔구간,0.22,-0.52,2026-09-09
ALM,0.7,18.33,4437967,6639701,81.35,110.12,0.7,-0.6,-3.5,매도주의,장대음봉,잔구간,0.13,-1.22,2026-09-09
KPTI,0.7,1.69,772567,1151802,1.31,2.09,0.6,0.0,-1.7,중립,음봉,전저점부근,0.4,-0.07,2026-09-09
KRNY,0.7,9.73,417169,585223,4.06,6.69,0.6,-0.4,-2.3,매도주의,장대음봉,잔구간,0.0,-1.3,2026-09-09
SIGA,0.7,3.08,582774,859713,1.79,2.39,0.7,0.0,-3.8,중립,음봉,잔구간,0.19,-0.535,2026-09-09
MOMO,0.7,5.18,907713,1228445,4.7,5.25,0.9,0.0,-1.5,매도주의,장대음봉,잔구간,0.18,-1.19,2026-09-09
AI,0.7,10.38,4825757,6703303,50.09,66.14,0.8,0.0,-1.2,중립,음봉,잔구간,0.44,-0.385,2026-09-09
GDXD,0.7,16.27,2789295,3970506,45.38,75.37,0.6,-5.9,3.0,중립,양봉,잔구간,0.73,0.49,2026-09-09
OCSL,0.7,12.66,313558,462002,3.97,6.12,0.6,-0.3,-0.5,강한매도,장대음봉,전저점이탈,0.26,-3.04,2026-09-09
OCTV,0.7,17.93,1700898,2611295,30.5,46.79,0.7,0.0,-2.5,강한매도,장대음봉,전저점이탈,0.04,-3.3,2026-09-09
TSLR,0.7,17.0,1246801,1725691,21.2,25.1,0.8,0.1,-0.3,매도주의,위꼬리음봉,잔구간,0.05,-1.02,2026-09-09
TSLT,0.7,13.71,2412429,3287666,33.07,39.68,0.8,0.1,-0.2,매도주의,위꼬리음봉,잔구간,0.05,-1.02,2026-09-09
GOGO,0.7,2.6,1537154,2283124,4.0,6.36,0.6,-1.5,-4.1,매도주의,장대음봉,잔구간,0.06,-1.265,2026-09-09
CLM,0.7,6.63,1244234,1812984,8.25,14.95,0.6,-0.5,0.2,중립,양봉,잔구간,0.71,0.475,2026-09-09
HIO,0.7,3.45,301063,408765,1.04,1.26,0.8,0.0,0.0,매도주의,위꼬리양봉,전저점부근,0.0,-0.85,2026-09-09
NVAX,0.7,9.85,4443785,5931224,43.77,55.73,0.8,-1.7,-1.7,중립,음봉,잔구간,0.23,-0.51,2026-09-09
SPPP,0.7,15.25,691028,1017831,10.54,13.03,0.8,3.8,-0.8,중립,음봉,잔구간,0.27,-0.49,2026-09-09
NVD,0.7,3.81,68332118,95819665,260.35,421.72,0.6,0.5,1.3,중립,양봉,잔구간,0.79,0.525,2026-09-09
HLF,0.7,12.63,1667978,2376254,21.07,24.36,0.9,-2.5,4.2,강한매수,장대양봉,완만한상승,0.97,3.46,2026-09-09
HOPE,0.7,13.82,527817,716163,7.29,9.82,0.7,-0.6,-0.5,중립,음봉,잔구간,0.37,-0.43,2026-09-09
HOS,0.7,9.12,2425195,3529609,22.12,35.04,0.6,0.7,-0.2,중립,팽이도지,잔구간,0.33,-0.1,2026-09-09
HRZN,0.7,4.79,565915,863463,2.71,3.86,0.7,-1.2,-0.2,매도주의,위꼬리음봉,잔구간,0.17,-0.95,2026-09-09
HUMA,0.7,0.579,2924791,4097781,1.69,3.9,0.4,-0.7,-1.9,중립,음봉,잔구간,0.16,-0.555,2026-09-09
INO,0.7,1.32,2687338,3836746,3.55,4.61,0.8,-0.7,-6.4,매도주의,장대음봉,잔구간,0.0,-1.3,2026-09-09
TMC,0.7,4.28,3582580,4917226,15.33,30.97,0.5,0.0,-3.4,강한매도,장대음봉,전저점이탈,0.22,-3.09,2026-09-09
TME,0.7,7.89,5779141,7876242,45.6,87.64,0.5,-0.7,-1.4,강한매도,장대음봉,전저점이탈,0.14,-3.18,2026-09-09
TRON,0.7,1.62,742500,1080389,1.2,2.43,0.5,1.3,0.0,중립,팽이도지,잔구간,0.56,0.035,2026-09-09
TOYO,0.7,4.34,491683,699641,2.13,3.14,0.7,0.2,-3.6,매도주의,장대음봉,잔구간,0.12,-1.23,2026-09-09
STGW,0.7,8.52,753141,1028460,6.42,8.76,0.7,-0.2,-1.5,중립,음봉,잔구간,0.24,-0.505,2026-09-09
HBNC,0.7,19.57,326318,444653,6.39,8.56,0.7,-0.7,-0.1,중립,팽이도지,잔구간,0.36,-0.085,2026-09-09
TSL,0.7,13.883,484599,722436,6.73,7.69,0.9,0.1,-0.2,매도주의,위꼬리음봉,잔구간,0.06,-1.015,2026-09-09
TRX,0.7,1.15,1726524,2654542,1.99,3.16,0.6,2.7,-0.9,매도주의,위꼬리음봉,잔구간,0.2,-0.93,2026-09-09
TRVI,0.7,16.64,959536,1389062,15.97,24.92,0.6,0.3,-1.4,중립,음봉,잔구간,0.25,-0.5,2026-09-09
INV,0.7,1.05,2281468,3091418,2.4,3.97,0.6,0.0,-4.5,매도주의,장대음봉,전저점부근,0.14,-1.68,2026-09-09
WYFI,0.7,19.31,1293323,1980397,24.97,42.96,0.6,-0.1,-6.0,매도주의,장대음봉,잔구간,0.12,-1.23,2026-09-09
ABCL,0.7,11.05,2411653,3508991,26.65,55.25,0.5,-0.6,-2.8,매도주의,장대음봉,잔구간,0.09,-1.245,2026-09-09
XRP,0.7,15.67,986226,1453562,15.45,31.29,0.5,0.8,-2.4,매도주의,장대음봉,잔구간,0.08,-1.25,2026-09-09
ABAT,0.7,2.68,2449178,3454704,6.56,9.72,0.7,-0.2,-4.5,매도주의,장대음봉,잔구간,0.0,-1.3,2026-09-09
THRY,0.7,1.85,556823,767706,1.03,1.27,0.8,-1.3,-4.1,매도주의,장대음봉,잔구간,0.11,-1.235,2026-09-09
CNH,0.7,13.9,22638758,34247820,314.68,409.35,0.8,0.3,1.9,강한매수,장대양봉,완만한상승,0.93,3.42,2026-09-09
IRE,0.7,11.64,5020640,7524897,58.44,78.49,0.7,0.1,-6.9,매도주의,장대음봉,잔구간,0.1,-1.24,2026-09-09
ABSI,0.7,8.65,2034920,2852430,17.6,26.71,0.7,-0.2,-2.7,매도주의,장대음봉,수횡파,0.06,-1.93,2026-09-09
BSCU,0.7,16.425,721005,1060784,11.84,13.93,0.9,0.0,-0.2,강한매도,장대음봉,전저점이탈,0.17,-3.15,2026-09-09
BTAL,0.7,12.17,394413,568140,4.8,7.76,0.6,-0.1,1.8,매수관심,장대양봉,잔구간,1.0,1.3,2026-09-09
BITI,0.7,18.95,766638,1166366,14.53,27.68,0.5,-1.4,1.8,강한매수,장대양봉,완만한상승,0.85,3.32,2026-09-09
WSC,0.7,19.36,1835549,2681226,35.54,51.86,0.7,-0.1,-2.5,중립,음봉,잔구간,0.12,-0.58,2026-09-09
ZIP,0.7,3.69,759582,1013739,2.8,4.79,0.6,0.0,-8.9,강한매도,장대음봉,전저점이탈,0.11,-3.22,2026-09-09
WNC,0.7,13.0,584205,794434,7.59,9.34,0.8,-1.1,-3.4,중립,음봉,잔구간,0.12,-0.58,2026-09-09
XIFR,0.7,11.72,507332,732031,5.95,8.95,0.7,-0.1,-4.2,매도주의,장대음봉,잔구간,0.02,-1.29,2026-09-09
ZENA,0.7,1.61,1305056,1815031,2.1,3.17,0.7,0.0,-5.3,강한매도,장대음봉,전저점이탈,0.08,-3.25,2026-09-09
YMAX,0.6,7.53,702728,1195993,5.29,8.36,0.6,-1.3,-0.9,매도주의,장대음봉,잔구간,0.28,-1.13,2026-09-09
LTRX,0.6,5.06,643333,1022040,3.26,8.14,0.4,-0.4,-3.6,강한매도,장대음봉,전저점이탈,0.06,-3.28,2026-09-09
WEAV,0.6,7.3,1777909,2916520,12.98,26.7,0.5,0.0,-0.1,중립,음봉,잔구간,0.0,-0.65,2026-09-09
ZGN,0.6,11.7,933742,1544579,10.92,15.02,0.7,-1.0,-1.8,매도주의,음봉,전저점이탈,0.15,-1.87,2026-09-09
EVTL,0.6,0.579,2789981,5023509,1.61,3.37,0.5,0.6,-2.5,중립,음봉,잔구간,0.36,-0.435,2026-09-09
BKD,0.6,12.14,2467129,4354838,29.95,52.5,0.6,0.3,0.1,매수관심,팽이도지,완만한상승,0.61,1.03,2026-09-09
BSOL,0.6,14.04,1947884,3148487,27.35,62.58,0.4,1.3,-2.4,매도주의,장대음봉,잔구간,0.03,-1.28,2026-09-09
BMBL,0.6,2.93,1493455,2619591,4.38,6.09,0.7,-0.3,1.0,매수관심,양봉,완만한상승,0.54,1.65,2026-09-09
CLPT,0.6,13.88,450172,694144,6.25,9.57,0.7,-0.8,-0.4,중립,팽이도지,잔구간,0.26,-0.145,2026-09-09
XRPZ,0.6,15.23,360817,588832,5.5,11.5,0.5,0.8,-2.3,매도주의,장대음봉,잔구간,0.08,-1.25,2026-09-09
NMRK,0.6,14.65,1127186,1768510,16.51,23.71,0.7,-0.4,-0.8,중립,음봉,잔구간,0.25,-0.5,2026-09-09
IVVD,0.6,0.797,1912466,3037962,1.52,3.49,0.4,-1.0,-2.5,중립,음봉,잔구간,0.36,-0.435,2026-09-09
NTSK,0.6,14.46,3719541,6239339,53.78,89.88,0.6,0.8,-0.1,매수관심,팽이도지,완만한상승,0.61,1.03,2026-09-09
NUVB,0.6,6.52,2611627,4299783,17.03,26.87,0.6,-0.9,-0.5,매도주의,위꼬리음봉,잔구간,0.09,-0.995,2026-09-09
SWIM,0.6,6.54,610632,961395,3.99,5.72,0.7,-1.2,-1.9,매도주의,장대음봉,잔구간,0.09,-1.245,2026-09-09
NVDQ,0.6,8.6,3490621,5817978,30.02,73.57,0.4,0.6,1.2,중립,양봉,잔구간,0.89,0.585,2026-09-09
CHPT,0.6,8.95,2269414,3516097,20.31,60.56,0.3,0.2,-4.7,중립,음봉,잔구간,0.16,-0.555,2026-09-09
NOWL,0.6,6.89,4201254,6560526,28.95,57.75,0.5,-1.3,-3.6,강한매도,장대음봉,전저점이탈,0.08,-3.25,2026-09-09
STDN,0.6,13.04,714625,1144928,9.32,17.3,0.5,0.2,-1.5,매도주의,위꼬리음봉,전저점부근,0.19,-1.12,2026-09-09
CRCD,0.6,1.99,3933895,6527610,7.83,11.46,0.7,-5.6,12.4,강한매수,장대양봉,완만한상승,0.94,3.43,2026-09-09
KODK,0.6,9.01,632251,1121579,5.7,8.53,0.7,-0.5,-2.4,매도주의,장대음봉,잔구간,0.1,-1.24,2026-09-09
CXM,0.6,5.32,3601155,5953355,19.16,40.97,0.5,0.5,-4.7,강한매도,장대음봉,전저점이탈,0.03,-3.31,2026-09-09
GLAS,0.6,8.14,485476,783795,3.95,6.24,0.6,-0.5,-2.2,중립,음봉,전저점부근,0.13,-0.39,2026-09-09
AIIO,0.6,1.86,541533,935851,1.01,1.7,0.6,-1.0,-3.6,중립,음봉,잔구간,0.14,-0.565,2026-09-09
SION,0.6,7.48,767459,1313844,5.74,7.8,0.7,-0.4,2.9,매수관심,양봉,완만한상승,0.82,1.98,2026-09-09
JANX,0.6,19.33,575981,1021159,11.13,18.27,0.6,-0.5,-3.1,매도주의,장대음봉,잔구간,0.06,-1.265,2026-09-09
BHC,0.6,6.16,1426076,2333251,8.78,18.68,0.5,-0.8,-3.4,매도주의,장대음봉,전저점부근,0.06,-1.78,2026-09-09
CSAN,0.6,2.89,1952128,3027898,5.64,8.41,0.7,-0.7,-3.0,매도주의,장대음봉,잔구간,0.08,-1.25,2026-09-09
CRON,0.6,3.155,605773,999057,1.91,4.42,0.4,-0.2,-0.8,매도주의,음봉,전저점이탈,0.38,-1.59,2026-09-09
GRML,0.6,4.19,345731,625257,1.45,7.09,0.2,1.1,-4.8,강한매도,장대음봉,전저점이탈,0.17,-3.15,2026-09-09
GPRE,0.6,15.64,981461,1659910,15.35,29.93,0.5,0.4,-1.3,중립,음봉,잔구간,0.45,-0.38,2026-09-09
JFR,0.6,7.67,429799,699723,3.3,4.65,0.7,0.1,0.0,강한매수,양봉스프링,완만한상승,1.0,3.0,2026-09-09
TSLL,0.6,9.85,67054857,103290530,660.49,959.52,0.7,-0.1,-0.2,매도주의,위꼬리음봉,잔구간,0.08,-1.0,2026-09-09
COMP,0.6,10.68,7998366,12457532,85.42,117.4,0.7,-0.5,-0.2,중립,팽이도지,잔구간,0.4,-0.06,2026-09-09
TSLZ,0.6,11.51,1817659,3117822,20.92,31.51,0.7,0.3,-0.2,중립,망치형,잔구간,0.94,0.765,2026-09-09
SOLZ,0.6,10.18,781058,1399960,7.95,16.86,0.5,1.3,-2.3,매도주의,장대음봉,잔구간,0.06,-1.265,2026-09-09
DSL,0.6,10.52,388836,607219,4.09,5.65,0.7,0.0,0.2,중립,양봉,잔구간,0.4,0.29,2026-09-09
EMAT,0.6,3.2,535375,857686,1.71,3.8,0.5,-0.5,0.9,중립,위꼬리양봉,잔구간,0.19,-0.685,2026-09-09
PTIR,0.6,17.47,1948386,3329396,34.04,65.96,0.5,1.2,-2.2,중립,음봉,잔구간,0.3,-0.47,2026-09-09
ELDN,0.6,2.82,670449,1211096,1.89,3.56,0.5,0.7,-4.4,강한매도,장대음봉,전저점이탈,0.06,-3.28,2026-09-09
FSM,0.6,12.33,3038335,4808412,37.46,64.46,0.6,2.4,-1.0,중립,음봉,잔구간,0.38,-0.42,2026-09-09
ALMS,0.6,9.8,3878715,6020662,38.01,62.94,0.6,-0.9,-6.6,매도주의,장대음봉,잔구간,0.03,-1.28,2026-09-09
FATE,0.6,2.44,553575,878390,1.35,2.95,0.5,-0.8,-1.6,중립,음봉,잔구간,0.16,-0.555,2026-09-09
LPTH,0.6,10.14,2699231,4486778,27.37,43.07,0.6,-1.9,-3.9,중립,음봉,잔구간,0.09,-0.595,2026-09-09
EU,0.6,1.21,1786134,3165635,2.16,4.15,0.5,-0.8,-1.6,매도주의,위꼬리음봉,잔구간,0.14,-0.965,2026-09-09
ETHE,0.6,19.82,1293999,2053593,25.65,45.93,0.6,1.2,-1.9,매도주의,장대음봉,잔구간,0.06,-1.265,2026-09-09
MIR,0.6,16.62,2723122,4806443,45.26,59.85,0.8,-1.8,0.0,중립,팽이도지,잔구간,0.27,-0.14,2026-09-09
DSX,0.6,2.92,703933,1235799,2.06,4.11,0.5,0.7,-2.0,매도주의,장대음봉,잔구간,0.33,-1.1,2026-09-09
RR,0.6,1.67,4069518,6276454,6.8,14.91,0.5,-0.6,-3.5,강한매도,장대음봉,전저점이탈,0.0,-3.35,2026-09-09
RSKD,0.6,5.92,1528220,2707760,9.05,13.87,0.7,-0.5,-3.4,강한매도,장대음봉,전저점이탈,0.04,-3.3,2026-09-09
PERI,0.6,8.83,327670,507500,2.89,4.36,0.7,-0.6,-0.7,매도주의,음봉,전저점이탈,0.22,-1.79,2026-09-09
PFFD,0.6,18.17,573223,915164,10.42,14.23,0.7,-0.3,-0.4,매도주의,장대음봉,잔구간,0.0,-1.3,2026-09-09
PK,0.6,15.28,2656650,4159409,40.59,59.51,0.7,-0.2,1.3,중립,양봉,잔구간,0.95,0.62,2026-09-09
VERI,0.6,0.858,1506117,2595388,1.29,2.25,0.6,-0.1,-6.3,매도주의,장대음봉,잔구간,0.16,-1.205,2026-09-09
UWMC,0.6,1.37,7100225,11250646,9.73,16.4,0.6,0.0,-1.4,중립,음봉,수횡파,0.2,-0.46,2026-09-09
DGXX,0.6,3.8,1192095,1891082,4.53,7.85,0.6,-0.3,-2.6,중립,음봉,잔구간,0.05,-0.62,2026-09-09
SHO,0.6,10.99,1682546,2997540,18.49,25.85,0.7,-0.6,1.8,강한매수,장대양봉,완만한상승,0.93,3.42,2026-09-09
RXT,0.6,3.24,3303019,5761636,10.7,18.76,0.6,-0.3,0.6,강한매수,양봉스프링,완만한상승,0.75,2.7,2026-09-09
CAPR,0.6,8.64,2750678,4311841,23.77,67.56,0.4,0.2,-4.8,강한매도,장대음봉,전저점이탈,0.06,-3.28,2026-09-09
UTZ,0.6,14.22,955012,1585201,13.58,29.49,0.5,0.0,0.1,강한매수,장대양봉,완만한상승,1.0,3.5,2026-09-09
DBRG,0.6,15.92,1979932,3169674,31.52,66.95,0.5,0.0,0.0,매도주의,위꼬리양봉,잔구간,0.0,-0.8,2026-09-09
UAMY,0.6,5.31,4637508,7851921,24.63,37.01,0.7,0.2,-2.6,중립,음봉,잔구간,0.44,-0.385,2026-09-09
OSG,0.6,5.01,382684,639188,1.92,2.86,0.7,-1.2,2.5,강한매수,장대양봉,전고점돌파,1.0,4.1,2026-09-09
TWI,0.6,7.62,518473,818868,3.95,5.0,0.8,0.3,-3.5,매도주의,장대음봉,잔구간,0.21,-1.175,2026-09-09
PCG,0.6,14.19,55400468,92525014,786.13,1121.81,0.7,0.1,-4.3,매도주의,장대음봉,잔구간,0.04,-1.275,2026-09-09
ORC,0.6,6.5,2399140,3801871,15.59,30.52,0.5,0.2,-0.8,매도주의,장대음봉,잔구간,0.0,-1.3,2026-09-09
YEXT,0.6,6.09,982514,1514384,5.98,9.2,0.7,-0.2,-4.4,강한매도,장대음봉,전저점이탈,0.09,-3.24,2026-09-09
METC,0.6,12.28,1565803,2701505,19.23,32.19,0.6,-1.3,-0.7,매도주의,위꼬리음봉,잔구간,0.2,-0.93,2026-09-09
AAOZ,0.6,12.86,501558,891431,6.45,13.62,0.5,2.0,4.3,강한매수,양봉,완만한상승,0.93,2.12,2026-09-09
LZ,0.6,5.81,1685525,2652765,9.79,14.04,0.7,-0.5,-3.0,강한매도,장대음봉,전저점이탈,0.25,-3.05,2026-09-09
MEI,0.6,13.99,674713,1135241,9.44,16.95,0.6,-1.6,1.1,중립,위꼬리양봉,전저점부근,0.25,-0.55,2026-09-09
FMC,0.6,12.29,2211016,3682723,27.17,39.63,0.7,-0.5,-3.6,매도주의,장대음봉,잔구간,0.07,-1.26,2026-09-09
QYLD,0.6,18.34,2553268,4502801,46.83,93.13,0.5,-0.2,0.1,중립,팽이도지,잔구간,0.5,0.0,2026-09-09
FFAI,0.6,1.8,563064,972307,1.01,2.37,0.4,0.0,-2.2,중립,음봉,잔구간,0.25,-0.5,2026-09-09
PUSA,0.6,3.68,400136,630217,1.47,2.1,0.7,0.0,0.3,중립,위꼬리양봉,잔구간,0.05,-0.77,2026-09-09
PNNT,0.6,3.59,385521,632822,1.38,2.25,0.6,0.5,-2.4,강한매도,장대음봉,전저점이탈,0.09,-3.24,2026-09-09
FRVO,0.6,17.24,5017471,8178185,86.5,174.82,0.5,-1.6,-7.3,매도주의,장대음봉,잔구간,0.12,-1.23,2026-09-09
ARX,0.5,19.84,717415,1447329,14.23,32.23,0.4,0.2,-0.2,매도주의,장대음봉,완만한상승,0.25,-1.4,2026-09-09
CHA,0.5,12.45,1049652,2203485,13.07,19.19,0.7,-1.5,0.4,중립,팽이도지,잔구간,0.54,0.025,2026-09-09
ONDL,0.5,5.35,570459,1259754,3.05,7.24,0.4,-1.1,-7.7,매도주의,장대음봉,잔구간,0.05,-1.27,2026-09-09
GRRR,0.5,14.36,384396,814379,5.52,18.01,0.3,-0.3,-1.2,중립,음봉,잔구간,0.31,-0.465,2026-09-09
AKBA,0.5,0.954,4879944,10400593,4.65,10.2,0.5,0.0,-7.4,매도주의,장대음봉,잔구간,0.04,-1.275,2026-09-09
SST,0.5,4.41,1017608,2165472,4.49,7.93,0.6,1.0,-12.7,매도주의,장대음봉,잔구간,0.13,-1.22,2026-09-09
IHS,0.5,8.46,865270,1634480,7.32,12.78,0.6,-0.1,-0.2,매도주의,장대음봉,잔구간,0.0,-1.3,2026-09-09
HSAI,0.5,18.3,834974,1727949,15.28,30.18,0.5,0.0,-1.6,중립,음봉,잔구간,0.09,-0.595,2026-09-09
TRBG,0.5,4.45,335228,672670,1.49,5.61,0.3,-12.7,-3.9,중립,팽이도지,전저점부근,0.36,0.58,2026-09-09
BIAF,0.5,10.5,10455635,19669466,109.78,133.04,0.8,22.1,-3.7,매도주의,위꼬리음봉,완만한상승,0.18,-0.98,2026-09-09
IREG,0.5,9.53,515805,966176,4.92,8.97,0.5,-0.1,-6.5,매도주의,장대음봉,잔구간,0.1,-1.24,2026-09-09
IQ,0.5,0.933,6317171,12258911,5.9,11.36,0.5,-1.4,-3.8,매도주의,장대음봉,잔구간,0.23,-1.16,2026-09-09
NMCO,0.5,9.79,311184,667695,3.05,6.59,0.5,-0.4,-1.1,매도주의,장대음봉,잔구간,0.0,-1.3,2026-09-09
SWVL,0.5,7.1,343516,729031,2.44,21.1,0.1,-2.5,13.4,강한매수,장대양봉,전고점돌파,0.77,3.82,2026-09-09
CURI,0.5,2.6,638296,1170896,1.66,3.15,0.5,-0.8,-1.1,중립,음봉,잔구간,0.13,-0.57,2026-09-09
TKC,0.5,5.27,1269167,2611875,6.69,14.45,0.5,0.8,-0.4,매도주의,위꼬리음봉,완만한상승,0.24,-0.91,2026-09-09
IMTX,0.5,9.11,326082,653315,2.97,7.04,0.4,-0.6,-2.9,매도주의,음봉,전저점이탈,0.05,-1.99,2026-09-09
MRLN,0.5,3.14,725204,1326591,2.28,4.45,0.5,-2.7,-4.8,매도주의,장대음봉,잔구간,0.13,-1.22,2026-09-09
TAC,0.5,12.35,1054520,2062579,13.02,29.35,0.4,-0.6,0.1,중립,팽이도지,잔구간,0.39,-0.065,2026-09-09
TSSI,0.5,8.33,463594,855266,3.86,6.28,0.6,-0.5,-3.4,매도주의,장대음봉,잔구간,0.03,-1.28,2026-09-09
OPK,0.5,1.54,1415817,2815884,2.18,5.56,0.4,-0.6,-2.5,매도주의,장대음봉,잔구간,0.15,-1.21,2026-09-09
XTND,0.5,4.81,1477009,2867501,7.1,17.06,0.4,2.2,-14.6,중립,무참고,정보부족,,0.0,2026-09-09
BSCQ,0.5,19.54,617548,1139980,12.07,22.51,0.5,0.0,0.0,중립,위꼬리양봉,완만한상승,0.0,-0.7,2026-09-09
BRNX,0.5,2.63,1033781,2239024,2.72,12.23,0.2,5.2,8.7,매수관심,장대양봉,잔구간,0.87,1.22,2026-09-09
OTLK,0.5,0.644,2675900,5600679,1.72,4.53,0.4,-0.1,0.7,강한매수,양봉스프링,완만한상승,0.95,2.94,2026-09-09
DFNS,0.5,9.69,311661,574005,3.02,26.46,0.1,0.0,-4.6,매도주의,장대음봉,잔구간,0.13,-1.22,2026-09-09
BSBR,0.5,5.89,3026453,6499813,17.83,28.34,0.6,-1.3,0.3,매수관심,양봉스프링,잔구간,0.87,0.97,2026-09-09
FRNM,0.5,15.75,401073,868697,6.32,13.59,0.5,-0.2,-1.3,중립,음봉,잔구간,0.4,-0.41,2026-09-09
ENIC,0.5,4.49,535088,1006411,2.4,4.06,0.6,-0.4,-1.5,중립,음봉,잔구간,0.33,-0.45,2026-09-09
GPRK,0.5,11.91,821672,1680652,9.79,18.19,0.5,1.4,-1.7,중립,음봉,잔구간,0.33,-0.45,2026-09-09
S,0.5,19.44,3865130,7924620,75.14,212.95,0.4,0.2,-0.1,매도주의,위꼬리음봉,완만한상승,0.14,-1.03,2026-09-09
RNXT,0.5,1.995,1733658,3303929,3.46,4.59,0.8,-2.3,-7.2,중립,음봉,잔구간,0.16,-0.555,2026-09-09
PLTZ,0.4,9.83,2199432,5088139,21.62,47.68,0.5,-0.7,1.9,매수관심,양봉,완만한상승,0.76,1.91,2026-09-09
TAL,0.4,11.44,3293543,7497351,37.68,84.99,0.4,-0.5,-2.7,강한매도,장대음봉,전저점이탈,0.14,-3.18,2026-09-09
CNTB,0.4,2.01,963891,2194957,1.94,3.16,0.6,0.0,5.2,매수관심,양봉,완만한상승,0.57,1.68,2026-09-09
JELD,0.4,2.1,831288,2156226,1.75,5.02,0.3,-0.5,-3.7,매도주의,장대음봉,전저점부근,0.15,-1.67,2026-09-09
CCO,0.4,2.38,1399993,3831253,3.33,11.38,0.3,0.0,0.0,중립,위꼬리양봉,완만한상승,0.0,-0.7,2026-09-09
PSQL,0.4,8.21,751233,1867011,6.17,28.22,0.2,1.4,0.7,매수관심,양봉스프링,잔구간,0.84,0.955,2026-09-09
LIDR,0.4,1.33,1181894,3026918,1.57,21.35,0.1,0.0,0.0,중립,팽이도지,완만한상승,0.33,0.7,2026-09-09
ARCO,0.4,8.09,464188,1148536,3.76,8.04,0.5,-0.9,-0.2,중립,팽이도지,잔구간,0.6,0.06,2026-09-09
VIVK,0.4,0.83,1236499,2874342,1.03,8.83,0.1,1.6,-7.8,매도주의,장대음봉,잔구간,0.18,-1.19,2026-09-09
CBRX,0.4,9.98,305852,695630,3.05,7.36,0.4,-2.7,-1.8,매도주의,위꼬리음봉,잔구간,0.06,-1.015,2026-09-09
GCTS,0.4,1.82,673204,1549755,1.23,3.07,0.4,0.0,0.6,중립,위꼬리양봉,완만한상승,0.14,-0.53,2026-09-09
AMPG,0.4,3.44,381057,1011169,1.31,5.04,0.3,-0.4,-3.1,매도주의,장대음봉,잔구간,0.17,-1.2,2026-09-09
SBS,0.4,5.18,4508638,11143126,23.35,60.22,0.4,-0.9,-0.8,중립,음봉,잔구간,0.18,-0.54,2026-09-09
DPRO,0.3,5.77,965011,3028479,5.57,15.58,0.4,0.0,-4.2,매도주의,장대음봉,잔구간,0.03,-1.28,2026-09-09
RZLV,0.3,2.3,9466703,27237888,21.77,96.38,0.2,-0.4,0.0,중립,팽이도지,잔구간,0.67,0.1,2026-09-09
BBAR,0.3,15.16,327642,1050425,4.97,13.65,0.4,-1.3,3.0,강한매수,장대양봉,완만한상승,0.99,3.49,2026-09-09
TLYS,0.2,4.06,508733,2098038,2.07,9.85,0.2,-1.0,-1.7,중립,음봉,잔구간,0.25,-0.5,2026-09-09
WETO,0.2,2.41,1732837,10506695,4.18,46.24,0.1,-1.6,-3.6,매도주의,장대음봉,전저점부근,0.35,-1.43,2026-09-09
LX,0.2,0.822,2300461,10978985,1.89,8.8,0.2,-2.2,-1.6,중립,음봉,잔구간,0.33,-0.45,2026-09-09
GPRO,0.1,1.415,37507715,250230815,53.07,217.02,0.2,-0.3,-2.4,중립,음봉,잔구간,0.35,-0.44,2026-09-09
DAIC,0.1,2.91,367501,3167908,1.07,101.46,0.0,-2.0,0.3,중립,위꼬리양봉,잔구간,0.26,-0.645,2026-09-09
