ticker,ratio,latest_close,latest_volume,baseline_volume,dollar_volume_M,avg_dollar_vol_10d_M,dollar_surge_x,signal_gap_%,intraday_chg_%,candle_signal,candle_shape,candle_pos,close_pos,candle_score,latest_date
SLND,2805.0,0.69,253625856,90420,175.0,0.07,2647.1,44.3,-21.6,중립,음봉,전고점돌파,0.08,0.3,2026-09-29
BKYI,1276.9,3.12,169589532,132817,529.12,0.27,1931.9,100.6,-7.4,중립,위꼬리음봉,전고점돌파,0.21,-0.35,2026-09-29
EVGN,485.6,0.41,60317173,124210,24.73,0.05,509.3,-2.6,10.8,중립,양봉,잔구간,0.45,0.32,2026-09-29
TEAD,321.9,0.515,41207958,128021,21.21,0.08,266.9,-3.0,23.4,매수관심,장대양봉,잔구간,0.91,1.245,2026-09-29
KALA,151.2,0.503,37928671,250889,19.09,0.13,149.6,-8.0,21.5,강한매수,장대양봉,완만한상승,0.74,3.19,2026-09-29
SSTI,99.1,8.21,5134568,51804,42.15,0.35,120.0,51.7,-1.1,중립,음봉,전고점돌파,0.12,0.34,2026-09-29
YMT,96.1,1.79,30752977,320029,55.05,3.25,17.0,22.0,-17.1,중립,음봉,잔구간,0.17,-0.55,2026-09-29
SOAR,86.7,0.39,198310934,2286920,77.34,32.77,2.4,-3.1,26.3,중립,양봉,잔구간,0.73,0.49,2026-09-29
KNDI,62.4,0.81,10012015,160381,8.11,7.31,1.1,0.0,-1.2,중립,팽이도지,잔구간,0.5,0.0,2026-09-29
SDEV,54.1,3.27,192551884,3561729,629.64,5.97,105.4,4.5,99.4,강한매수,장대양봉,전고점돌파,0.71,3.75,2026-09-29
TURB,48.7,1.14,13533665,277759,15.43,11.82,1.3,4.8,4.6,매수관심,양봉,완만한상승,0.5,1.6,2026-09-29
NAMI,44.5,2.57,2564220,57672,6.59,22.09,0.3,-0.4,15.2,중립,양봉,잔구간,0.41,0.295,2026-09-29
JZ,44.2,0.476,20005729,452114,9.52,0.54,17.6,2.7,7.7,중립,팽이도지,잔구간,0.41,-0.055,2026-09-29
NAUT,34.8,1.365,22392111,644252,30.57,1.17,26.0,7.2,14.7,강한매수,양봉,전고점돌파,0.55,2.26,2026-09-29
XRPN,29.1,12.9,3779999,130075,48.76,3.6,13.5,14.4,6.6,중립,위꼬리양봉,완만한상승,0.27,-0.38,2026-09-29
SUGP,21.7,0.515,22758421,1050887,11.71,13.79,0.8,-6.6,4.0,매수관심,장대양봉,잔구간,0.78,1.17,2026-09-29
ONFO,19.4,1.03,2098320,108122,2.16,0.78,2.8,-5.7,3.0,매수관심,양봉스프링,잔구간,0.83,0.95,2026-09-29
POLA,18.7,1.23,1549653,82701,1.91,0.1,20.0,1.6,-3.9,강한매수,망치형,전저점부근,0.55,2.81,2026-09-29
SLXN,18.0,0.318,256569048,14239930,81.69,7.52,10.9,28.3,-0.1,매도주의,위꼬리음봉,잔구간,0.2,-0.93,2026-09-29
MBS,17.6,8.225,1641035,93322,13.5,0.66,20.3,-0.1,-0.2,매도주의,음봉,전저점이탈,0.3,-1.69,2026-09-29
SXTC,17.0,2.81,872785,51384,2.45,0.19,12.7,-1.2,12.9,강한매수,양봉,전고점돌파,0.71,2.45,2026-09-29
CLRO,16.5,4.56,928047,56395,4.23,14.9,0.3,-13.3,3.2,중립,위꼬리양봉,잔구간,0.2,-0.68,2026-09-29
NEXR,16.5,1.76,3550784,214878,6.25,1.39,4.5,-3.2,17.3,매수관심,장대양봉,잔구간,0.8,1.18,2026-09-29
QSI,14.6,0.958,23007123,1580165,22.04,1.35,16.3,1.3,19.0,강한매수,장대양봉,전고점돌파,0.68,3.72,2026-09-29
AGGH,14.4,18.86,1942514,135076,36.64,3.62,10.1,-0.4,-0.5,강한매도,음봉,전저점이탈,0.04,-2.0,2026-09-29
JLHL,14.1,4.03,886821,63096,3.57,0.36,9.8,-33.4,2.3,중립,팽이도지,전저점이탈,0.47,-0.79,2026-09-29
WBUY,12.4,0.94,1215794,98400,1.14,3.49,0.3,5.6,-1.1,중립,팽이도지,완만한상승,0.36,0.73,2026-09-29
WYY,11.6,7.35,1262496,109263,9.28,3.95,2.3,-1.4,26.3,매수관심,장대양봉,잔구간,0.91,1.245,2026-09-29
BEAG,11.6,10.68,1582606,136977,16.9,16.0,1.1,0.0,-0.1,강한매도,음봉,전저점이탈,0.0,-2.05,2026-09-29
XERS,10.4,9.98,19314759,1865994,192.76,21.34,9.0,-0.6,2.1,강한매도,위꼬리양봉,전고점부근,0.26,-2.74,2026-09-29
NCI,9.8,1.26,8860920,903760,11.16,12.08,0.9,-42.9,-7.4,매도주의,위꼬리음봉,전저점부근,0.02,-1.33,2026-09-29
SCYX,9.7,4.66,542385,55820,2.53,3.89,0.6,0.0,0.9,중립,팽이도지,잔구간,0.5,0.0,2026-09-29
FFAI,9.4,1.3,15215169,1610382,19.78,8.15,2.4,8.5,-15.0,매도주의,장대음봉,잔구간,0.16,-1.205,2026-09-29
HTAB,9.1,17.83,632786,69336,11.28,1.62,6.9,-0.2,-0.6,강한매도,장대음봉,전저점이탈,0.37,-2.91,2026-09-29
PN,8.9,2.84,991920,111740,2.82,0.51,5.5,7.3,1.1,강한매수,양봉스프링,완만한상승,1.0,3.0,2026-09-29
ALDX,8.5,1.32,5458404,639328,7.21,0.84,8.6,0.9,12.8,중립,양봉,잔구간,0.57,0.39,2026-09-29
LABT,8.4,0.99,1288642,153795,1.28,4.35,0.3,-5.2,-9.2,매도주의,음봉,전저점이탈,0.4,-1.57,2026-09-29
YFOR,8.2,1.44,2120046,258399,3.05,3.96,0.8,-2.6,-2.0,매도주의,위꼬리음봉,잔구간,0.19,-0.935,2026-09-29
EWZS,8.0,12.91,2207600,277090,28.5,3.85,7.4,-0.1,0.9,강한매수,양봉,완만한상승,0.87,2.04,2026-09-29
WETO,7.0,1.1,10025849,1423592,11.03,13.5,0.8,0.0,-34.1,매도주의,음봉,전저점이탈,0.07,-1.97,2026-09-29
PWP,7.0,16.37,12441195,1779054,203.66,24.73,8.2,-0.1,11.9,강한매수,양봉,전고점돌파,0.69,2.43,2026-09-29
FSIG,6.8,18.37,1472458,215348,27.05,4.7,5.8,0.1,0.0,강한매수,양봉스프링,완만한상승,0.75,2.7,2026-09-29
BAER,6.4,0.641,4201802,659697,2.69,0.65,4.1,4.9,-18.6,매도주의,음봉,전저점이탈,0.41,-1.56,2026-09-29
SID,6.2,1.02,28622632,4640193,29.2,8.25,3.5,-6.3,-1.9,중립,망치형,전저점이탈,0.57,0.33,2026-09-29
IOVA,6.1,14.45,78165836,12881686,1129.5,164.43,6.9,16.4,13.0,강한매수,장대양봉,전고점돌파,0.66,3.69,2026-09-29
QMLS,6.0,6.53,2074461,346558,13.55,3.56,3.8,13.8,-19.9,매도주의,장대음봉,잔구간,0.27,-1.14,2026-09-29
INSE,6.0,3.29,1610047,269373,5.3,1.5,3.5,0.0,-17.5,강한매도,장대음봉,전저점이탈,0.11,-3.22,2026-09-29
AIXC,5.8,1.01,5246617,904959,5.3,0.92,5.8,4.8,-42.0,매도주의,장대음봉,잔구간,0.05,-1.27,2026-09-29
SMMT,5.7,16.39,27339973,4831246,448.1,102.61,4.4,22.2,-13.3,매도주의,장대음봉,잔구간,0.08,-1.25,2026-09-29
BEZ,5.7,4.54,19504146,3442444,88.55,23.83,3.7,-7.9,-15.0,매도주의,음봉,전저점이탈,0.34,-1.64,2026-09-29
ATII,5.2,10.69,792767,152474,8.47,5.83,1.5,0.0,0.0,강한매수,양봉스프링,완만한상승,1.0,3.0,2026-09-29
LFCR,5.1,6.59,685914,133971,4.52,3.15,1.4,0.1,1.0,매수관심,장대양봉,전고점부근,0.84,1.96,2026-09-29
PLTM,5.1,16.37,572016,111226,9.36,1.87,5.0,-2.2,1.6,강한매수,장대양봉,전저점부근,1.0,4.35,2026-09-29
BNKK,5.1,2.01,581477,113648,1.17,1.82,0.6,-2.1,9.8,강한매수,양봉,완만한상승,0.95,2.14,2026-09-29
CLPT,5.1,11.77,2697176,528952,31.75,8.12,3.9,-17.5,-6.8,강한매도,장대음봉,전저점이탈,0.12,-3.21,2026-09-29
PFSA,5.0,2.27,10946087,2200734,24.85,26.39,0.9,-1.8,36.7,강한매수,장대양봉,완만한상승,0.78,3.24,2026-09-29
GDO,5.0,9.76,348030,69294,3.4,0.59,5.8,0.0,3.9,매수관심,장대양봉,잔구간,0.93,1.26,2026-09-29
OPAL,4.9,1.77,1623733,330990,2.87,0.43,6.7,0.0,-1.7,중립,팽이도지,잔구간,0.38,-0.07,2026-09-29
VIOT,4.8,1.47,707512,148787,1.04,0.87,1.2,1.3,-8.7,중립,음봉,잔구간,0.3,-0.47,2026-09-29
LXEO,4.8,3.42,6560457,1370865,22.44,5.74,3.9,0.0,8.9,중립,양봉,잔구간,0.72,0.48,2026-09-29
LYNX,4.8,12.42,1409336,295867,17.5,4.69,3.7,1.9,-0.6,중립,팽이도지,잔구간,0.27,-0.14,2026-09-29
JELD,4.7,1.99,6001825,1271388,11.94,2.57,4.6,16.4,-3.4,매수관심,팽이도지,전고점돌파,0.39,1.37,2026-09-29
AIFF,4.7,1.62,1318321,279328,2.14,31.33,0.1,4.1,-8.0,매도주의,장대음봉,잔구간,0.13,-1.22,2026-09-29
RILY,4.6,4.92,2038909,444192,10.03,3.43,2.9,-7.5,-3.1,중립,팽이도지,전저점이탈,0.51,-0.74,2026-09-29
IMMX,4.6,10.54,5760487,1248883,60.72,18.93,3.2,1.5,-9.5,강한매도,장대음봉,전저점이탈,0.26,-3.04,2026-09-29
FTMA,4.6,8.44,981538,211409,8.28,3.0,2.8,-0.2,-0.2,매도주의,음봉,전저점이탈,0.33,-1.65,2026-09-29
LONA,4.5,3.51,439130,98294,1.54,0.62,2.5,-2.4,25.4,매수관심,장대양봉,잔구간,0.8,1.18,2026-09-29
INN,4.5,5.91,4356630,978834,25.75,5.32,4.8,0.2,1.4,강한매수,양봉,전고점돌파,0.73,2.48,2026-09-29
WW,4.4,17.1,1277138,287995,21.84,4.19,5.2,8.4,5.0,중립,팽이도지,전고점부근,0.55,-0.39,2026-09-29
NVTX,4.4,16.1,1103538,250925,17.77,4.67,3.8,16.4,-13.9,매도주의,장대음봉,완만한상승,0.08,-1.6,2026-09-29
TKC,4.3,5.08,5568381,1295034,28.29,11.76,2.4,-2.2,1.8,매수관심,장대양봉,잔구간,0.91,1.245,2026-09-29
ZNTL,4.3,2.715,4779739,1120976,12.98,3.4,3.8,0.8,3.6,중립,양봉,잔구간,0.6,0.41,2026-09-29
TGL,4.1,1.44,1437247,354668,2.07,2.48,0.8,0.0,-3.4,중립,팽이도지,전저점부근,0.32,0.53,2026-09-29
SHMD,4.1,4.49,2028527,490631,9.11,9.19,1.0,-1.5,4.2,중립,위꼬리양봉,완만한상승,0.29,-0.35,2026-09-29
IVVD,4.1,0.85,31292548,7674719,26.6,6.45,4.1,-3.1,-7.7,중립,음봉,잔구간,0.48,-0.36,2026-09-29
DAIC,4.1,2.82,2205466,541049,6.22,65.3,0.1,-8.9,-5.1,매도주의,음봉,전저점이탈,0.06,-1.98,2026-09-29
FUMB,4.1,19.905,481109,117603,9.58,3.01,3.2,0.0,-0.0,중립,팽이도지,잔구간,0.48,-0.01,2026-09-29
QNC,4.0,1.75,4203143,1056601,7.36,2.44,3.0,-6.4,-15.0,매도주의,장대음봉,잔구간,0.13,-1.22,2026-09-29
IONR,4.0,3.15,328087,81026,1.03,0.32,3.3,2.9,-2.2,중립,음봉,잔구간,0.19,-0.535,2026-09-29
CRVO,3.9,2.88,455792,116341,1.31,0.34,3.8,1.1,6.7,강한매수,장대양봉,전고점돌파,0.84,3.91,2026-09-29
UNCY,3.9,4.55,2306652,594765,10.5,3.78,2.8,0.4,-2.4,중립,망치형,잔구간,0.64,0.585,2026-09-29
RFIL,3.9,7.81,643095,163723,5.02,2.34,2.1,1.5,-2.9,매도주의,장대음봉,전저점부근,0.16,-1.66,2026-09-29
BSCV,3.8,15.775,1742433,461592,27.49,9.79,2.8,0.1,-0.0,중립,망치형,잔구간,0.88,0.73,2026-09-29
ARX,3.6,19.73,4385495,1224912,86.53,46.29,1.9,0.2,-0.2,중립,음봉,잔구간,0.14,-0.565,2026-09-29
PEPG,3.6,2.34,2358355,654980,5.52,1.68,3.3,0.8,-10.3,강한매도,장대음봉,전저점이탈,0.06,-3.28,2026-09-29
DPRO,3.5,6.2,2734722,774996,16.96,6.32,2.7,2.0,8.7,강한매수,장대양봉,전고점돌파,0.84,3.91,2026-09-29
FTCI,3.5,2.15,1576422,444782,3.39,1.38,2.4,-1.7,-8.1,매도주의,음봉,전저점이탈,0.19,-1.82,2026-09-29
OIA,3.5,5.61,747940,214577,4.2,1.28,3.3,0.0,4.3,매수관심,장대양봉,잔구간,0.75,1.15,2026-09-29
EXG,3.5,9.45,1035306,298641,9.78,3.28,3.0,0.4,-0.4,강한매수,망치형,완만한상승,0.73,2.18,2026-09-29
ATLX,3.4,2.46,1001288,298328,2.46,0.62,4.0,1.6,-3.9,매도주의,음봉,전저점이탈,0.42,-1.55,2026-09-29
ORCZ,3.4,17.75,466118,137487,8.27,3.38,2.4,0.1,-7.7,중립,음봉,잔구간,0.53,-0.33,2026-09-29
ACVA,3.4,10.44,22440378,6560818,234.28,110.14,2.1,-0.3,0.1,매수관심,양봉,수횡파,0.6,1.42,2026-09-29
OFRM,3.3,15.81,800522,245041,12.66,5.52,2.3,-0.8,-3.1,매도주의,음봉,전저점이탈,0.17,-1.85,2026-09-29
NVTS,3.3,11.73,35617963,10783432,417.8,146.83,2.8,9.2,-8.4,매도주의,장대음봉,완만한상승,0.05,-1.64,2026-09-29
FAC,3.3,6.2,1115060,340946,6.91,3.6,1.9,1.6,-4.3,매도주의,장대음봉,잔구간,0.33,-1.1,2026-09-29
GANX,3.3,1.68,1289905,395354,2.17,0.7,3.1,-1.1,-4.0,매도주의,음봉,전저점이탈,0.5,-1.45,2026-09-29
NEOG,3.3,12.73,14824093,4510964,188.71,62.1,3.0,0.1,-7.4,매도주의,장대음봉,전저점부근,0.02,-1.83,2026-09-29
CCO,3.3,2.34,12018044,3590568,28.12,11.59,2.4,0.0,-0.8,매도주의,장대음봉,잔구간,0.33,-1.1,2026-09-29
XHLD,3.1,0.743,8236509,2674137,6.12,39.14,0.2,-28.4,6.2,중립,팽이도지,전저점부근,0.48,0.73,2026-09-29
SWMR,3.1,16.37,2158435,699621,35.33,32.25,1.1,2.3,-11.9,강한매도,장대음봉,전저점이탈,0.2,-3.11,2026-09-29
FTCB,3.1,19.77,1568719,509698,31.01,11.03,2.8,0.1,-0.1,강한매수,망치형,전저점부근,0.75,3.05,2026-09-29
VNDA,3.1,5.03,2669411,858922,13.43,4.29,3.1,0.0,-2.7,매도주의,장대음봉,잔구간,0.17,-1.2,2026-09-29
LTGO,3.1,18.1,955218,308227,17.29,9.62,1.8,-0.9,4.4,매수관심,장대양봉,잔구간,0.67,1.1,2026-09-29
ASTY,3.0,5.2,327678,109529,1.7,0.66,2.6,13.4,-16.8,매도주의,장대음봉,수횡파,0.09,-1.89,2026-09-29
CABO,3.0,10.93,1026490,339736,11.22,6.21,1.8,-1.0,-12.2,강한매도,장대음봉,전저점이탈,0.26,-3.04,2026-09-29
FA,3.0,17.65,3679136,1213296,64.94,28.07,2.3,-1.2,-4.0,강한매도,장대음봉,전저점이탈,0.12,-3.21,2026-09-29
RMNI,2.9,4.16,844162,289284,3.51,1.47,2.4,-0.7,-0.5,중립,팽이도지,잔구간,0.46,-0.025,2026-09-29
SUIL,2.9,13.23,560628,190497,7.42,2.04,3.6,4.4,-5.5,중립,음봉,잔구간,0.42,-0.4,2026-09-29
SEER,2.9,2.15,583347,200617,1.25,0.6,2.1,0.0,5.9,강한매수,장대양봉,전고점돌파,0.94,4.03,2026-09-29
GMTL,2.8,8.66,347527,125458,3.01,1.5,2.0,1.2,-6.6,강한매도,장대음봉,전저점이탈,0.14,-3.18,2026-09-29
ASTL,2.8,4.2,1552435,555217,6.52,2.99,2.2,0.5,-3.9,중립,음봉,잔구간,0.22,-0.52,2026-09-29
GCDT,2.8,0.53,4179312,1486154,2.22,15.93,0.1,-2.1,12.7,매수관심,양봉,완만한상승,0.43,1.52,2026-09-29
XOS,2.8,2.81,403376,143469,1.13,0.38,3.0,1.1,6.0,강한매수,장대양봉,전고점돌파,0.69,3.73,2026-09-29
CBRX,2.8,9.78,552723,199238,5.41,2.87,1.9,3.7,-5.5,매도주의,위꼬리음봉,잔구간,0.04,-1.025,2026-09-29
MLN,2.8,16.15,1847103,662431,29.83,12.01,2.5,-0.5,-0.1,중립,팽이도지,잔구간,0.52,0.01,2026-09-29
DV,2.8,13.4,4755051,1695093,63.72,36.14,1.8,-0.1,0.1,매수관심,양봉스프링,잔구간,0.75,0.9,2026-09-29
FTMS,2.8,9.69,396623,142650,3.84,1.49,2.6,0.2,-0.3,중립,음봉,잔구간,0.17,-0.55,2026-09-29
HOST,2.7,4.8,474944,179156,2.28,1.45,1.6,-1.8,-1.2,매수관심,팽이도지,전저점부근,0.6,0.87,2026-09-29
TRUG,2.7,2.96,1259765,468638,3.73,23.12,0.2,-1.4,13.0,중립,양봉,잔구간,0.36,0.265,2026-09-29
BGC,2.7,11.45,8050669,3006339,92.18,53.64,1.7,-0.3,-2.5,중립,음봉,전저점부근,0.39,-0.08,2026-09-29
VKI,2.6,7.58,607047,236494,4.6,1.87,2.5,-0.7,0.0,매수관심,양봉스프링,잔구간,0.92,1.0,2026-09-29
FTCA,2.6,6.77,928622,363568,6.29,2.76,2.3,0.3,-1.0,강한매도,장대음봉,전저점이탈,0.0,-3.35,2026-09-29
FDUS,2.6,19.53,522631,201347,10.21,5.55,1.8,0.1,2.0,강한매수,장대양봉,완만한상승,0.85,3.32,2026-09-29
HMH,2.6,17.77,389929,150660,6.93,4.53,1.5,-2.1,-5.8,강한매도,장대음봉,전저점이탈,0.09,-3.24,2026-09-29
SPCM,2.6,17.04,2125105,812678,36.21,13.85,2.6,1.5,3.5,중립,양봉,잔구간,0.83,0.55,2026-09-29
SMB,2.6,16.835,365824,140779,6.16,2.74,2.2,-0.4,0.1,매수관심,양봉,전저점부근,0.38,1.31,2026-09-29
MFM,2.5,4.88,1712960,680901,8.36,2.7,3.1,-0.2,0.4,중립,위꼬리양봉,잔구간,0.4,-0.56,2026-09-29
LZM,2.5,3.86,697435,275021,2.69,1.21,2.2,1.8,-1.5,중립,음봉,완만한상승,0.41,0.09,2026-09-29
SAAQ,2.5,10.04,316657,124611,3.18,1.51,2.1,0.0,-0.1,매도주의,장대음봉,전저점부근,0.0,-1.85,2026-09-29
SPCG,2.5,15.42,2960457,1196623,45.65,18.62,2.5,-1.8,-3.4,중립,음봉,잔구간,0.16,-0.555,2026-09-29
ORCU,2.5,6.63,13017339,5197857,86.3,41.89,2.1,0.3,7.8,중립,양봉,잔구간,0.49,0.345,2026-09-29
ABOS,2.5,2.245,1086772,433313,2.44,1.23,2.0,0.0,-2.4,매도주의,위꼬리음봉,잔구간,0.12,-0.98,2026-09-29
NUW,2.5,12.97,325309,131556,4.22,1.51,2.8,0.3,1.1,중립,양봉,잔구간,0.96,0.625,2026-09-29
CGBD,2.5,11.1,668544,266760,7.42,3.83,1.9,-1.1,0.2,중립,팽이도지,잔구간,0.66,0.095,2026-09-29
REPL,2.5,13.0,4365283,1767382,56.75,23.78,2.4,-1.0,4.5,중립,양봉,잔구간,0.61,0.415,2026-09-29
QTEX,2.5,0.682,4837384,1974203,3.3,1.44,2.3,3.3,-4.1,중립,음봉,잔구간,0.43,-0.39,2026-09-29
AVXL,2.5,2.36,1756146,692192,4.14,1.75,2.4,0.0,0.4,중립,팽이도지,잔구간,0.48,-0.01,2026-09-29
OCUL,2.5,7.87,5286714,2081198,41.61,33.94,1.2,1.9,0.9,중립,팽이도지,잔구간,0.58,0.05,2026-09-29
AIXI,2.5,1.49,1189019,468087,1.77,2.27,0.8,5.0,-11.3,매도주의,음봉,전저점이탈,0.13,-1.89,2026-09-29
IIM,2.5,10.45,760772,307206,7.95,2.65,3.0,-0.3,-1.8,매도주의,음봉,전저점이탈,0.44,-1.52,2026-09-29
NIO,2.4,3.4,59699110,25095955,202.98,101.44,2.0,-3.8,-1.5,강한매도,장대음봉,전저점이탈,0.25,-3.05,2026-09-29
MNTS,2.4,3.7,1282789,535386,4.75,2.61,1.8,0.2,-8.4,강한매도,장대음봉,전저점이탈,0.09,-3.24,2026-09-29
FAX,2.4,13.27,436242,179747,5.79,2.95,2.0,-0.1,0.7,매수관심,양봉스프링,잔구간,1.0,1.05,2026-09-29
CBRZ,2.3,8.86,912483,398662,8.08,3.64,2.2,-5.3,6.9,중립,양봉,잔구간,0.94,0.615,2026-09-29
NFJ,2.3,15.05,591112,258680,8.9,4.64,1.9,-0.1,-0.5,중립,음봉,잔구간,0.53,-0.33,2026-09-29
CCXI,2.3,12.33,3721715,1622245,45.89,27.86,1.6,0.8,1.5,중립,팽이도지,잔구간,0.55,0.03,2026-09-29
ADAG,2.3,3.21,492589,217176,1.58,0.96,1.6,0.0,0.3,매수관심,팽이도지,완만한상승,0.47,0.86,2026-09-29
AIAI,2.3,3.145,632619,278708,1.99,2.23,0.9,2.1,-17.7,강한매도,장대음봉,전저점이탈,0.1,-3.23,2026-09-29
HLLY,2.3,2.45,2235360,961129,5.48,3.47,1.6,-0.8,2.1,중립,양봉,잔구간,0.65,0.44,2026-09-29
IQ,2.3,0.989,9174802,4018898,9.08,10.0,0.9,-1.9,-2.0,중립,음봉,잔구간,0.27,-0.49,2026-09-29
PFFD,2.3,17.62,2709878,1179017,47.75,19.22,2.5,-0.1,-0.1,중립,팽이도지,잔구간,0.63,0.08,2026-09-29
DUG,2.3,15.47,440223,192553,6.81,3.11,2.2,2.9,-1.0,중립,음봉,완만한상승,0.28,-0.06,2026-09-29
SNDL,2.3,1.36,1949538,860852,2.65,1.62,1.6,0.7,-2.9,매도주의,장대음봉,잔구간,0.09,-1.245,2026-09-29
GSM,2.3,3.99,1773958,783422,7.08,4.17,1.7,-1.0,1.0,매수관심,양봉스프링,잔구간,0.93,1.01,2026-09-29
TYGO,2.3,0.841,2061068,891242,1.73,1.04,1.7,-0.0,2.5,중립,양봉,잔구간,0.63,0.43,2026-09-29
AMTM,2.3,18.15,2954946,1273235,53.63,34.06,1.6,-0.1,-1.8,매도주의,음봉,전저점이탈,0.38,-1.59,2026-09-29
XPEV,2.2,9.47,13686340,6136539,129.61,66.88,1.9,-3.0,-1.9,강한매도,장대음봉,전저점이탈,0.16,-3.16,2026-09-29
LULG,2.2,3.88,1122180,513332,4.35,2.59,1.7,-0.4,-7.0,강한매도,장대음봉,전저점이탈,0.09,-3.24,2026-09-29
SPPP,2.2,13.48,728704,336842,9.82,5.58,1.8,-1.3,0.8,중립,양봉,잔구간,0.95,0.62,2026-09-29
AIOT,2.2,2.75,3393422,1516905,9.33,4.59,2.0,0.8,4.2,매수관심,장대양봉,잔구간,0.89,1.235,2026-09-29
CSIQ,2.2,11.55,3596223,1639929,41.54,22.09,1.9,1.4,9.3,매수관심,장대양봉,잔구간,0.86,1.215,2026-09-29
ATTO,2.2,18.16,887251,403771,16.11,9.87,1.6,-1.1,4.0,중립,양봉,잔구간,0.67,0.45,2026-09-29
IHS,2.2,8.38,947911,438062,7.94,4.96,1.6,0.5,-0.5,매도주의,장대음봉,완만한상승,0.2,-1.46,2026-09-29
MUA,2.2,9.4,1050277,474016,9.87,4.44,2.2,0.2,0.6,강한매수,양봉,완만한상승,0.93,2.12,2026-09-29
NNBR,2.2,3.88,4723110,2147504,18.33,9.3,2.0,2.7,1.6,매수관심,양봉,완만한상승,0.67,1.8,2026-09-29
MX,2.2,3.89,6153373,2745539,23.94,6.8,3.5,5.3,-2.5,매도주의,위꼬리음봉,완만한상승,0.19,-0.97,2026-09-29
AVPT,2.2,13.57,3641904,1620096,49.42,27.85,1.8,-0.4,-0.3,중립,팽이도지,수횡파,0.42,0.5,2026-09-29
AAOZ,2.2,13.76,1160086,538459,15.96,8.86,1.8,-4.4,-4.1,중립,음봉,잔구간,0.47,-0.37,2026-09-29
CBRG,2.2,3.28,25008206,11335488,82.03,37.47,2.2,4.7,-5.7,매도주의,위꼬리음봉,잔구간,0.06,-1.015,2026-09-29
DNA,2.1,11.96,4745850,2217218,56.76,19.52,2.9,0.8,13.5,강한매수,장대양봉,전고점돌파,0.82,3.88,2026-09-29
PWRL,2.1,11.14,339647,158833,3.78,1.99,1.9,-0.7,4.2,중립,양봉,잔구간,0.8,0.53,2026-09-29
ABCL,2.1,14.82,9110372,4356104,135.02,63.95,2.1,2.2,4.1,강한매수,장대양봉,전고점돌파,0.8,3.86,2026-09-29
UEC,2.1,9.29,16823680,8169143,156.29,90.52,1.7,7.6,-6.3,매도주의,장대음봉,잔구간,0.32,-1.11,2026-09-29
AMPU,2.1,2.005,538616,257807,1.08,0.66,1.6,-1.0,-1.7,중립,팽이도지,잔구간,0.49,-0.005,2026-09-29
AES,2.1,14.86,13734808,6458649,204.1,122.68,1.7,-0.1,0.0,중립,위꼬리양봉,잔구간,0.17,-0.7,2026-09-29
ENVX,2.1,2.75,11216078,5379834,30.84,21.04,1.5,1.4,6.2,매수관심,장대양봉,잔구간,0.8,1.18,2026-09-29
COSM,2.1,0.421,9316294,4368071,3.92,1.66,2.4,5.1,8.1,매수관심,양봉,완만한상승,0.67,1.8,2026-09-29
PMO,2.1,9.07,372386,173942,3.38,1.31,2.6,-0.1,0.2,중립,팽이도지,잔구간,0.73,0.14,2026-09-29
ACET,2.1,6.83,668201,310897,4.56,3.45,1.3,0.9,6.6,매수관심,장대양봉,잔구간,0.67,1.1,2026-09-29
ITG,2.1,8.16,762280,355893,6.22,8.76,0.7,1.3,14.0,매수관심,장대양봉,잔구간,0.68,1.11,2026-09-29
NIU,2.1,1.92,586150,282134,1.13,0.51,2.2,0.5,0.0,중립,팽이도지,완만한상승,0.3,0.66,2026-09-29
LABD,2.0,7.15,47266469,23599625,337.96,148.9,2.3,0.6,-1.0,중립,팽이도지,잔구간,0.29,-0.125,2026-09-29
GYGY,2.0,0.734,5113139,2544973,3.75,13.64,0.3,-11.4,-5.0,중립,음봉,잔구간,0.49,-0.355,2026-09-29
VOXR,2.0,5.065,724731,370577,3.67,2.34,1.6,0.6,-1.5,중립,음봉,전저점부근,0.58,0.15,2026-09-29
ORCX,2.0,18.55,4279967,2155966,79.39,48.11,1.7,0.3,7.6,중립,양봉,잔구간,0.49,0.345,2026-09-29
TEO,2.0,12.15,318251,161412,3.87,2.99,1.3,0.2,0.4,중립,팽이도지,잔구간,0.73,0.14,2026-09-29
IBTL,2.0,19.475,536156,271161,10.44,8.76,1.2,-0.1,0.1,강한매수,양봉,완만한상승,0.91,2.09,2026-09-29
CBIO,2.0,14.76,684623,335266,10.11,11.6,0.9,0.9,0.7,중립,팽이도지,완만한상승,0.41,0.79,2026-09-29
VIVO,2.0,3.68,760933,388079,2.8,1.39,2.0,0.6,-7.2,매도주의,장대음봉,잔구간,0.13,-1.22,2026-09-29
HRTX,2.0,0.306,3358674,1643775,1.03,0.74,1.4,0.0,4.9,중립,양봉,잔구간,0.59,0.405,2026-09-29
HBR,2.0,14.12,553490,279494,7.82,3.18,2.5,-5.3,-9.9,매도주의,장대음봉,잔구간,0.06,-1.265,2026-09-29
TASK,2.0,8.23,1050514,527252,8.65,4.75,1.8,0.0,1.6,매수관심,양봉,완만한상승,0.63,1.76,2026-09-29
NCPL,2.0,1.22,36540150,18268782,44.58,33.65,1.3,24.1,-9.0,매도주의,위꼬리음봉,완만한상승,0.07,-1.12,2026-09-29
NKX,2.0,10.51,594124,290506,6.24,2.93,2.1,0.0,-1.2,매도주의,음봉,전저점이탈,0.27,-1.73,2026-09-29
LI,2.0,11.23,5468190,2767444,61.41,36.4,1.7,-2.9,-1.2,매도주의,음봉,전저점이탈,0.47,-1.49,2026-09-29
LOCO,2.0,14.44,345183,173024,4.98,3.06,1.6,-0.1,2.6,매수관심,양봉,완만한상승,0.73,1.88,2026-09-29
FVR,2.0,17.0,338746,173077,5.76,3.41,1.7,0.1,-3.7,강한매도,장대음봉,전저점이탈,0.01,-3.34,2026-09-29
LWLG,2.0,5.17,5614710,2808869,29.03,14.25,2.0,1.4,2.0,매수관심,양봉,완만한상승,0.68,1.82,2026-09-29
ACDC,2.0,4.22,2042928,1023275,8.62,6.31,1.4,-1.6,-4.5,강한매도,장대음봉,전저점이탈,0.04,-3.3,2026-09-29
GPGI,2.0,11.77,2348400,1147623,27.64,15.95,1.7,0.9,0.3,매수관심,팽이도지,완만한상승,0.46,0.85,2026-09-29
NZF,2.0,10.61,2692299,1334098,28.57,15.7,1.8,-0.2,-0.8,중립,음봉,전저점부근,0.46,0.0,2026-09-29
FOXF,2.0,18.7,880614,448852,16.47,9.94,1.7,-0.1,-0.1,중립,망치형,잔구간,0.82,0.69,2026-09-29
FPI,2.0,11.09,1151569,588316,12.77,5.88,2.2,0.3,3.0,강한매수,장대양봉,전고점돌파,0.94,4.03,2026-09-29
MMT,2.0,4.3,397944,194428,1.71,1.32,1.3,1.2,0.5,중립,양봉,잔구간,1.0,0.65,2026-09-29
ONEN,1.9,2.62,831213,444250,2.18,1.55,1.4,-5.1,28.4,중립,양봉,잔구간,0.58,0.4,2026-09-29
NVRI,1.9,19.5,511859,262919,9.98,6.36,1.6,-0.7,1.5,매수관심,양봉,완만한상승,0.63,1.76,2026-09-29
NCDL,1.9,11.68,358111,184590,4.18,2.95,1.4,0.0,0.3,중립,위꼬리양봉,잔구간,0.28,-0.63,2026-09-29
KRNT,1.9,16.55,540671,290292,8.95,5.27,1.7,0.5,2.9,강한매수,양봉,전고점돌파,0.86,2.63,2026-09-29
ASTX,1.9,9.76,7158190,3750249,69.86,36.59,1.9,13.2,-16.2,매도주의,장대음봉,수횡파,0.12,-1.86,2026-09-29
FTMU,1.9,7.27,750978,392556,5.46,4.69,1.2,0.0,-0.5,강한매도,장대음봉,전저점이탈,0.28,-3.01,2026-09-29
ZVRA,1.9,11.34,1347136,696756,15.28,10.24,1.5,-0.2,0.5,중립,팽이도지,잔구간,0.47,-0.02,2026-09-29
LODE,1.9,2.35,2484869,1278944,5.84,4.08,1.4,-0.4,-2.5,중립,팽이도지,전저점이탈,0.48,-0.77,2026-09-29
SLI,1.9,1.8,3509209,1826078,6.32,4.41,1.4,1.1,-2.7,중립,음봉,잔구간,0.2,-0.53,2026-09-29
BSCU,1.9,16.135,1315286,709418,21.22,14.13,1.5,0.2,-0.1,중립,망치형,잔구간,0.7,0.62,2026-09-29
SRTA,1.9,5.1,1216152,636596,6.2,3.45,1.8,1.1,-3.6,매도주의,음봉,전저점이탈,0.27,-1.73,2026-09-29
KPTI,1.9,1.205,1870182,972204,2.25,2.05,1.1,0.0,-25.6,강한매도,장대음봉,전저점이탈,0.01,-3.34,2026-09-29
COUR,1.9,4.67,13257705,7069425,61.91,34.66,1.8,0.2,0.4,매수관심,양봉스프링,잔구간,1.0,1.05,2026-09-29
INDI,1.9,2.96,8384118,4407470,24.82,15.95,1.6,2.4,-0.3,중립,팽이도지,잔구간,0.57,0.04,2026-09-29
OPTX,1.9,7.41,439219,233730,3.25,2.91,1.1,0.8,3.6,강한매수,양봉,완만한상승,0.91,2.09,2026-09-29
NCNO,1.9,17.95,3873386,2045464,69.53,46.89,1.5,0.7,-4.2,강한매도,장대음봉,전저점이탈,0.27,-3.03,2026-09-29
BXDC,1.9,17.66,4426526,2305894,78.17,72.62,1.1,-0.3,-2.3,매도주의,음봉,전저점이탈,0.18,-1.83,2026-09-29
CANG,1.9,2.37,578673,311787,1.37,1.91,0.7,-1.1,4.6,중립,양봉,잔구간,0.92,0.6,2026-09-29
RVT,1.9,17.12,378986,198021,6.49,3.44,1.9,1.0,-1.5,중립,음봉,잔구간,0.42,-0.4,2026-09-29
ECAT,1.9,13.97,721478,376076,10.08,7.79,1.3,0.3,-0.6,중립,음봉,잔구간,0.5,-0.35,2026-09-29
REFI,1.9,10.7,375585,196114,4.02,3.19,1.3,0.4,0.0,중립,팽이도지,완만한상승,0.37,0.74,2026-09-29
MNSO,1.9,9.22,1295351,679116,11.94,6.82,1.8,2.9,0.5,강한매수,양봉,전고점돌파,0.8,2.56,2026-09-29
MNTN,1.9,10.37,968714,519017,10.05,8.71,1.2,0.1,1.7,강한매수,양봉,완만한상승,0.91,2.09,2026-09-29
RPAY,1.9,3.72,718820,386967,2.67,1.53,1.8,-0.3,-0.5,중립,망치형,잔구간,0.57,0.54,2026-09-29
AGEN,1.8,9.89,1501456,833270,14.85,9.43,1.6,2.4,2.4,강한매수,양봉,전고점돌파,0.73,2.48,2026-09-29
EARN,1.8,4.28,376398,211143,1.61,1.1,1.5,1.0,0.7,중립,양봉,잔구간,0.55,0.38,2026-09-29
OCS,1.8,9.13,373456,208010,3.41,2.37,1.4,0.4,0.3,중립,위꼬리양봉,잔구간,0.19,-0.685,2026-09-29
TOYO,1.8,4.26,587277,334369,2.5,1.56,1.6,0.7,0.5,매수관심,팽이도지,완만한상승,0.56,0.97,2026-09-29
GOOD,1.8,12.62,653247,367661,8.24,4.92,1.7,0.1,1.1,중립,양봉,잔구간,0.96,0.625,2026-09-29
WB,1.8,6.42,1186457,667546,7.62,6.5,1.2,-0.2,-0.6,매도주의,음봉,전저점이탈,0.48,-1.47,2026-09-29
ASTN,1.8,18.42,427861,243110,7.88,4.56,1.7,-12.3,19.9,매수관심,장대양봉,잔구간,0.87,1.22,2026-09-29
AADX,1.8,12.0,2727328,1494957,32.73,30.07,1.1,1.1,-1.5,중립,음봉,전저점부근,0.02,-0.53,2026-09-29
XFOR,1.8,2.9,1710138,948723,4.96,4.16,1.2,-0.2,-3.7,매도주의,장대음봉,잔구간,0.03,-1.28,2026-09-29
ARI,1.8,6.23,4567087,2537393,28.45,17.68,1.6,0.2,0.3,중립,팽이도지,잔구간,0.68,0.11,2026-09-29
FUN,1.8,10.86,3542823,2016029,38.48,25.25,1.5,0.9,-6.7,강한매도,장대음봉,전저점이탈,0.0,-3.35,2026-09-29
IGD,1.8,6.29,488559,269564,3.07,1.66,1.9,0.0,0.3,강한매수,양봉스프링,완만한상승,1.0,3.0,2026-09-29
FPE,1.8,17.09,2577418,1405089,44.05,23.91,1.8,0.1,-0.4,강한매도,장대음봉,전저점이탈,0.22,-3.09,2026-09-29
PSQL,1.8,6.14,832552,475101,5.11,3.66,1.4,-1.2,-7.3,강한매도,장대음봉,전저점이탈,0.13,-3.19,2026-09-29
CLSX,1.8,13.28,448987,250176,5.96,4.94,1.2,3.6,-3.8,중립,음봉,전저점부근,0.18,-0.33,2026-09-29
NNVC,1.8,1.3,968234,552123,1.26,1.29,1.0,1.3,-14.5,강한매도,장대음봉,전저점이탈,0.07,-3.27,2026-09-29
NVA,1.8,5.4,792431,447428,4.28,3.89,1.1,1.7,-0.6,매도주의,위꼬리음봉,잔구간,0.03,-1.03,2026-09-29
PACB,1.8,1.83,17423893,9474734,31.89,12.96,2.5,-1.8,8.9,강한매수,장대양봉,전고점돌파,0.91,3.99,2026-09-29
CORD,1.8,3.005,21307017,11796523,64.03,39.79,1.6,-2.5,0.7,매수관심,양봉스프링,잔구간,0.84,0.955,2026-09-29
MSDL,1.8,14.27,641354,354545,9.15,5.08,1.8,0.1,0.7,중립,양봉,잔구간,0.63,0.43,2026-09-29
FLOC,1.8,18.04,721056,408295,13.01,11.53,1.1,-1.1,-3.9,강한매도,장대음봉,전저점이탈,0.06,-3.28,2026-09-29
GNL,1.8,8.35,3945430,2210093,32.94,25.6,1.3,-0.4,-1.3,매도주의,음봉,전저점이탈,0.14,-1.88,2026-09-29
KDK,1.8,2.13,7255658,3979916,15.45,12.76,1.2,0.7,-6.8,매도주의,장대음봉,전저점부근,0.16,-1.66,2026-09-29
UGP,1.8,7.34,5923677,3258706,43.48,28.71,1.5,-1.1,4.1,강한매수,장대양봉,완만한상승,0.94,3.43,2026-09-29
SPH,1.8,16.61,329499,187889,5.47,3.59,1.5,-0.4,1.3,매수관심,장대양봉,잔구간,0.91,1.245,2026-09-29
STIM,1.8,2.36,1270612,703834,3.0,2.7,1.1,-0.2,-7.5,강한매도,장대음봉,전저점이탈,0.13,-3.19,2026-09-29
BLMN,1.7,8.06,3601064,2153806,29.02,20.34,1.4,7.3,-5.1,매도주의,장대음봉,완만한상승,0.05,-1.64,2026-09-29
HAFN,1.7,9.67,4979988,2893401,48.16,30.25,1.6,2.1,3.8,매수관심,장대양봉,잔구간,0.95,1.27,2026-09-29
FULC,1.7,3.7,1842659,1086695,6.82,5.75,1.2,0.3,-0.8,매도주의,음봉,전저점이탈,0.15,-1.87,2026-09-29
SPCF,1.7,16.35,1796925,1028117,29.38,21.33,1.4,1.7,3.4,중립,양봉,잔구간,0.8,0.53,2026-09-29
FSK,1.7,11.11,2344978,1417673,26.05,20.45,1.3,-2.2,1.8,중립,양봉,잔구간,0.7,0.47,2026-09-29
BSBR,1.7,5.68,3065575,1789670,17.41,16.77,1.0,-0.2,-0.4,중립,음봉,잔구간,0.5,-0.35,2026-09-29
SGHT,1.7,9.35,495496,288508,4.63,2.42,1.9,0.4,0.4,강한매도,위꼬리양봉,전고점부근,0.1,-2.9299999999999997,2026-09-29
BGS,1.7,3.07,3096499,1826237,9.51,6.66,1.4,0.0,0.3,매수관심,팽이도지,완만한상승,0.56,0.97,2026-09-29
ANGO,1.7,15.6,862102,500420,13.45,8.72,1.5,0.0,0.4,강한매수,양봉스프링,완만한상승,0.97,2.96,2026-09-29
STLA,1.7,4.43,41005954,24315248,181.66,126.21,1.4,0.1,-4.2,강한매도,장대음봉,전저점이탈,0.2,-3.11,2026-09-29
III,1.7,5.43,316910,188642,1.72,1.41,1.2,-0.2,1.3,매수관심,양봉,완만한상승,0.58,1.7,2026-09-29
AGPU,1.7,12.55,446086,260442,5.6,4.9,1.1,4.5,-1.2,매도주의,위꼬리음봉,완만한상승,0.11,-1.07,2026-09-29
JKS,1.7,9.6,1217085,725789,11.68,8.41,1.4,0.9,3.4,중립,양봉,잔구간,0.56,0.385,2026-09-29
IRT,1.7,14.83,5276694,3158882,78.25,53.14,1.5,0.4,0.5,매수관심,팽이도지,완만한상승,0.48,0.88,2026-09-29
CTGO,1.7,16.97,523084,306876,8.88,9.07,1.0,0.9,-0.8,강한매수,망치형,전저점부근,0.71,3.0,2026-09-29
PLX,1.7,2.69,898556,528894,2.42,1.87,1.3,0.0,0.0,중립,위꼬리양봉,잔구간,0.18,-0.69,2026-09-29
INSG,1.7,3.87,312230,184954,1.21,0.98,1.2,1.2,6.0,매수관심,장대양봉,잔구간,1.0,1.3,2026-09-29
PDM,1.7,8.92,2165299,1251800,19.31,24.39,0.8,-0.1,-1.9,강한매도,장대음봉,전저점이탈,0.04,-3.3,2026-09-29
PENN,1.7,14.61,5246162,3146103,76.65,51.09,1.5,0.6,-4.7,강한매도,장대음봉,전저점이탈,0.23,-3.07,2026-09-29
PRCT,1.7,18.22,2186929,1262288,39.85,25.53,1.6,0.7,4.9,중립,양봉,잔구간,0.76,0.505,2026-09-29
AZ,1.7,5.54,455660,263367,2.52,2.0,1.3,0.4,3.4,중립,양봉,잔구간,0.6,0.41,2026-09-29
TCPC,1.7,4.08,959217,562700,3.91,3.58,1.1,1.5,1.0,매수관심,양봉,완만한상승,0.56,1.67,2026-09-29
PGX,1.7,10.11,11178737,6720643,113.02,90.43,1.2,-0.3,-0.3,매도주의,음봉,전저점이탈,0.32,-1.67,2026-09-29
MPG,1.7,3.41,442997,266274,1.51,0.91,1.7,0.6,-5.0,강한매도,장대음봉,전저점이탈,0.37,-2.91,2026-09-29
ELVA,1.7,6.35,578621,337084,3.67,2.14,1.7,2.0,1.6,중립,양봉,잔구간,0.67,0.45,2026-09-29
SOC,1.7,3.4,12900864,7460119,43.86,36.92,1.2,0.8,-5.6,강한매도,장대음봉,전저점이탈,0.07,-3.27,2026-09-29
STDN,1.7,12.02,483489,280277,5.81,6.67,0.9,0.6,3.6,중립,양봉,잔구간,0.67,0.45,2026-09-29
MITT,1.7,5.97,709568,410873,4.24,2.87,1.5,0.7,-2.1,매도주의,장대음봉,잔구간,0.04,-1.275,2026-09-29
EVH,1.7,3.52,3261505,1948819,11.48,9.67,1.2,0.8,-4.3,매도주의,장대음봉,잔구간,0.3,-1.12,2026-09-29
RGNX,1.7,7.45,2096029,1239533,15.62,12.04,1.3,-0.8,0.5,중립,팽이도지,잔구간,0.39,-0.065,2026-09-29
MHD,1.7,10.21,1780064,1034863,18.17,10.02,1.8,-0.5,-0.1,매수관심,팽이도지,전저점부근,0.61,0.88,2026-09-29
SABS,1.7,3.22,1061545,621099,3.42,2.81,1.2,0.8,-0.6,중립,팽이도지,잔구간,0.25,-0.15,2026-09-29
MH,1.7,12.58,1203984,710165,15.15,8.19,1.9,-0.3,1.0,매수관심,팽이도지,완만한상승,0.63,1.06,2026-09-29
OLN,1.7,15.43,3696005,2144273,57.03,42.57,1.3,-0.2,-3.6,강한매도,장대음봉,전저점이탈,0.06,-3.28,2026-09-29
ASYS,1.7,16.61,347143,204841,5.77,4.23,1.4,2.6,2.2,강한매수,장대양봉,전고점돌파,0.87,3.94,2026-09-29
AVEX,1.7,15.19,1740915,1045759,26.44,18.6,1.4,1.3,-2.6,강한매도,장대음봉,전저점이탈,0.03,-3.31,2026-09-29
MTLS,1.7,8.75,389574,228005,3.41,1.74,2.0,0.0,2.0,강한매수,장대양봉,전고점돌파,0.75,3.8,2026-09-29
FEAM,1.7,3.05,856256,511366,2.61,3.27,0.8,-2.2,11.7,강한매수,장대양봉,전고점돌파,0.62,3.64,2026-09-29
PSLV,1.7,19.78,8687910,4973791,171.85,120.59,1.4,0.2,0.0,중립,팽이도지,잔구간,0.63,0.08,2026-09-29
NVDS,1.7,17.81,303677,182682,5.41,3.46,1.6,-1.4,2.6,매수관심,장대양봉,잔구간,0.95,1.27,2026-09-29
VVR,1.6,2.87,1025562,643901,2.94,2.31,1.3,-0.3,0.3,중립,양봉,잔구간,0.6,0.41,2026-09-29
ABUS,1.6,4.69,17557065,10668023,82.34,38.4,2.1,0.0,-3.5,강한매도,장대음봉,전저점이탈,0.09,-3.24,2026-09-29
UE,1.6,19.78,1205910,761123,23.85,16.56,1.4,0.2,-0.8,중립,음봉,잔구간,0.32,-0.46,2026-09-29
USA,1.6,5.81,1364113,837259,7.93,7.15,1.1,0.5,-0.9,매도주의,음봉,전저점이탈,0.44,-1.52,2026-09-29
GLWG,1.6,14.08,1403948,875565,19.77,13.71,1.4,7.4,2.0,매수관심,양봉,완만한상승,0.52,1.62,2026-09-29
MAX,1.6,9.38,1172698,741719,11.0,8.57,1.3,-1.0,3.0,매수관심,장대양봉,잔구간,0.73,1.14,2026-09-29
SITC,1.6,3.11,1178463,758885,3.67,3.16,1.2,-0.3,2.3,강한매수,장대양봉,전고점돌파,0.8,3.86,2026-09-29
BLDP,1.6,2.1,2961116,1860021,6.22,4.7,1.3,1.5,0.5,매수관심,팽이도지,완만한상승,0.6,1.02,2026-09-29
YMM,1.6,8.27,9120327,5652623,75.43,42.47,1.8,-0.4,1.2,강한매수,양봉,완만한상승,1.0,2.2,2026-09-29
GUT,1.6,5.66,370649,230043,2.1,1.6,1.3,0.1,-3.5,강한매도,장대음봉,전저점이탈,0.0,-3.35,2026-09-29
GRNT,1.6,4.29,1866991,1137194,8.01,7.03,1.1,-1.2,0.7,매수관심,양봉,전저점부근,0.5,1.45,2026-09-29
HAPN,1.6,14.92,2702806,1673105,40.33,27.63,1.5,0.8,-0.7,중립,팽이도지,잔구간,0.29,-0.125,2026-09-29
JDZG,1.6,4.55,1802856,1160106,8.2,5.21,1.6,1.6,0.0,강한매도,위꼬리양봉,전고점부근,0.17,-2.85,2026-09-29
AMC,1.6,3.08,43459358,26859354,133.85,104.28,1.3,0.9,-7.2,중립,음봉,잔구간,0.36,-0.435,2026-09-29
VTRS,1.6,18.12,13858063,8543913,251.11,161.93,1.6,-0.1,-0.7,중립,팽이도지,잔구간,0.45,-0.03,2026-09-29
UPB,1.6,5.19,784211,491103,4.07,2.84,1.4,-0.4,-1.7,중립,망치형,잔구간,0.63,0.58,2026-09-29
RDY,1.6,12.85,4804295,3065221,61.74,37.66,1.6,3.2,-0.5,매수관심,팽이도지,전고점돌파,0.44,1.43,2026-09-29
EXFY,1.6,2.24,704688,434901,1.58,1.38,1.1,-0.9,5.2,강한매수,장대양봉,완만한상승,0.88,3.36,2026-09-29
ENHA,1.6,1.48,1011938,617979,1.5,1.25,1.2,-6.5,3.5,중립,양봉,잔구간,0.55,0.38,2026-09-29
NVG,1.6,10.45,2230255,1393523,23.31,14.62,1.6,-0.3,0.0,중립,팽이도지,잔구간,0.52,0.01,2026-09-29
EIM,1.6,8.89,399050,250120,3.55,2.67,1.3,0.0,1.7,강한매수,장대양봉,완만한상승,1.0,3.5,2026-09-29
PTON,1.6,5.04,13774841,8825352,69.43,45.92,1.5,0.6,4.3,매수관심,장대양봉,잔구간,0.84,1.205,2026-09-29
CODI,1.6,11.04,625984,401612,6.91,5.04,1.4,-0.7,-0.7,중립,음봉,잔구간,0.32,-0.46,2026-09-29
NDMO,1.6,8.61,763935,491063,6.58,4.03,1.6,0.0,-0.6,중립,망치형,잔구간,0.55,0.53,2026-09-29
MOBI,1.6,9.02,313808,200288,2.83,4.07,0.7,0.0,2.2,중립,팽이도지,잔구간,0.52,0.01,2026-09-29
PPLT,1.6,15.47,2359823,1519240,36.51,32.13,1.1,-1.9,1.3,강한매수,장대양봉,전저점부근,0.96,4.3,2026-09-29
OTLK,1.6,0.626,4583135,2905001,2.87,2.7,1.1,1.4,-0.7,중립,망치형,잔구간,0.58,0.55,2026-09-29
PAGS,1.6,8.8,3720327,2312074,32.74,27.72,1.2,-0.6,-0.6,중립,팽이도지,전저점부근,0.45,0.69,2026-09-29
OMAH,1.6,17.55,2514349,1562899,44.13,22.9,1.9,0.1,-0.7,강한매도,장대음봉,전저점이탈,0.37,-2.91,2026-09-29
EAF,1.6,8.55,1328287,844901,11.36,8.73,1.3,0.7,-14.8,매도주의,장대음봉,잔구간,0.04,-1.275,2026-09-29
IVA,1.6,3.29,3832565,2463449,12.61,8.11,1.6,-1.1,-5.7,매도주의,장대음봉,잔구간,0.09,-1.245,2026-09-29
INTR,1.6,5.13,5915292,3700068,30.35,20.76,1.5,-0.6,2.4,매수관심,장대양봉,잔구간,0.75,1.15,2026-09-29
ZENA,1.6,1.47,1862229,1176617,2.74,2.35,1.2,2.9,3.5,중립,양봉,잔구간,0.86,0.565,2026-09-29
HPK,1.6,7.79,601150,372968,4.68,5.58,0.8,-1.1,3.8,매수관심,장대양봉,잔구간,0.96,1.275,2026-09-29
GTM,1.5,3.63,7174595,4766856,26.04,23.21,1.1,-0.8,2.0,매수관심,양봉,완만한상승,0.62,1.74,2026-09-29
KBWY,1.5,16.668,370455,240290,6.17,4.01,1.5,-0.1,-0.1,중립,팽이도지,잔구간,0.38,-0.07,2026-09-29
BIZD,1.5,12.97,3345812,2284532,43.4,27.63,1.6,0.4,0.4,중립,위꼬리양봉,잔구간,0.4,-0.56,2026-09-29
XPRO,1.5,15.97,936726,636619,14.96,14.31,1.0,-1.0,-1.1,강한매도,위꼬리음봉,전저점이탈,0.16,-2.66,2026-09-29
OXSQ,1.5,1.28,1150460,782096,1.47,1.68,0.9,0.8,0.0,중립,팽이도지,전고점부근,0.67,-0.25,2026-09-29
CTMX,1.5,2.75,4457078,3056504,12.26,14.5,0.8,0.4,1.9,중립,양봉,잔구간,0.57,0.39,2026-09-29
KBDC,1.5,13.07,569015,377245,7.44,5.62,1.3,-0.2,0.5,매수관심,양봉,완만한상승,0.5,1.6,2026-09-29
GPRE,1.5,14.71,1725463,1161182,25.38,23.45,1.1,-0.4,-0.2,중립,팽이도지,수횡파,0.63,0.76,2026-09-29
LBTYA,1.5,9.26,4998900,3233211,46.29,30.2,1.5,0.0,-1.8,매도주의,장대음봉,전저점부근,0.11,-1.72,2026-09-29
BMBL,1.5,2.57,2496044,1709194,6.41,5.81,1.1,-0.4,2.0,중립,양봉,잔구간,0.89,0.585,2026-09-29
SPAL,1.5,16.78,1138826,763446,19.11,17.29,1.1,1.7,3.5,중립,양봉,잔구간,0.84,0.555,2026-09-29
QFIN,1.5,6.76,2562812,1762446,17.32,16.41,1.1,-0.4,-3.7,강한매도,장대음봉,전저점이탈,0.12,-3.21,2026-09-29
CDZI,1.5,3.58,1144693,770326,4.1,3.78,1.1,0.0,0.0,중립,팽이도지,잔구간,0.39,-0.065,2026-09-29
CIFG,1.5,3.93,1058180,721646,4.16,4.35,1.0,3.7,-5.8,매도주의,음봉,전저점이탈,0.11,-1.92,2026-09-29
GERN,1.5,1.24,12498969,8193747,15.5,13.46,1.2,0.8,-1.6,중립,음봉,잔구간,0.6,-0.29,2026-09-29
BORR,1.5,3.91,7971191,5183410,31.17,27.88,1.1,0.0,-2.5,강한매도,장대음봉,전저점이탈,0.09,-3.24,2026-09-29
BSCQ,1.5,19.51,1050339,705231,20.49,15.48,1.3,0.0,-0.1,중립,음봉,잔구간,0.0,-0.65,2026-09-29
BSCT,1.5,18.185,863738,581094,15.71,11.3,1.4,0.0,0.0,중립,팽이도지,잔구간,0.75,0.15,2026-09-29
SHLS,1.5,7.77,4680395,3203169,36.37,31.06,1.2,2.2,2.5,강한매수,양봉,완만한상승,0.83,2.0,2026-09-29
DKNG,1.5,19.59,25530799,16987735,500.15,352.47,1.4,0.5,-7.9,강한매도,장대음봉,전저점이탈,0.02,-3.33,2026-09-29
IMSR,1.5,3.97,1569233,1067444,6.23,6.69,0.9,1.9,-5.5,강한매도,장대음봉,전저점이탈,0.15,-3.17,2026-09-29
IART,1.5,16.64,1005200,666308,16.73,15.82,1.1,0.0,2.3,강한매수,양봉,전고점돌파,0.87,2.64,2026-09-29
IMTX,1.5,8.56,644378,442885,5.52,6.54,0.8,0.0,0.7,매수관심,팽이도지,완만한상승,0.56,0.97,2026-09-29
MSFD,1.5,10.04,1565464,1067703,15.72,13.8,1.1,0.3,-0.2,중립,팽이도지,잔구간,0.38,-0.07,2026-09-29
REM,1.5,18.69,2453173,1588915,45.85,28.36,1.6,0.1,-0.1,중립,팽이도지,잔구간,0.57,0.04,2026-09-29
BTDR,1.5,10.9,15398421,10551322,167.84,123.63,1.4,2.2,-3.3,매도주의,장대음봉,전저점부근,0.03,-1.81,2026-09-29
UBRL,1.5,13.14,435090,284032,5.72,3.4,1.7,1.3,2.3,중립,양봉,잔구간,0.62,0.42,2026-09-29
ASPI,1.5,2.635,5487738,3544536,14.46,14.59,1.0,2.7,-1.3,매도주의,위꼬리음봉,잔구간,0.13,-0.97,2026-09-29
FTMN,1.5,8.12,385015,260717,3.13,2.0,1.6,0.2,-0.5,중립,음봉,전저점부근,0.5,0.05,2026-09-29
VGM,1.5,8.66,796895,543574,6.9,3.86,1.8,0.3,-1.0,중립,망치형,잔구간,0.57,0.54,2026-09-29
NEA,1.5,9.76,4552120,3021141,44.43,28.99,1.5,0.3,0.1,중립,팽이도지,잔구간,0.7,0.12,2026-09-29
NMFC,1.5,7.015,573214,378030,4.02,3.49,1.2,0.4,0.2,중립,위꼬리양봉,잔구간,0.3,-0.62,2026-09-29
ETW,1.5,9.53,317851,219171,3.03,2.24,1.4,-0.2,0.1,매수관심,양봉스프링,잔구간,1.0,1.05,2026-09-29
ETRA,1.5,11.35,715624,491155,8.12,16.1,0.5,-1.0,1.2,중립,위꼬리양봉,잔구간,0.37,-0.58,2026-09-29
ENTA,1.5,12.64,322820,211767,4.08,3.22,1.3,0.0,0.2,매수관심,팽이도지,완만한상승,0.5,0.9,2026-09-29
ELME,1.5,1.72,919752,633415,1.58,1.47,1.1,0.0,1.2,매수관심,장대양봉,잔구간,0.67,1.1,2026-09-29
ALXO,1.5,1.35,1775584,1186318,2.4,2.26,1.1,-1.4,-1.5,매도주의,위꼬리음봉,잔구간,0.21,-0.925,2026-09-29
SABR,1.5,2.13,5553210,3798984,11.83,14.57,0.8,-0.5,1.9,중립,양봉,잔구간,0.6,0.41,2026-09-29
BTX,1.5,8.95,519659,350107,4.65,3.42,1.4,1.2,-0.2,강한매수,망치형,완만한상승,0.64,2.07,2026-09-29
FCEL,1.5,16.9,6608167,4430288,111.68,90.45,1.2,8.5,-3.5,매도주의,장대음봉,잔구간,0.19,-1.185,2026-09-29
MSOX,1.5,3.13,2830909,1939551,8.86,5.54,1.6,1.3,-0.9,매수관심,팽이도지,완만한상승,0.5,0.9,2026-09-29
JPMpL,1.5,17.15,327718,214890,5.62,5.66,1.0,0.0,-0.3,중립,망치형,잔구간,0.65,0.59,2026-09-29
WRD,1.5,5.26,4026932,2652334,21.18,17.2,1.2,-0.4,-4.5,강한매도,장대음봉,전저점이탈,0.18,-3.13,2026-09-29
VOD,1.5,16.33,3764524,2457038,61.47,57.52,1.1,-1.1,-0.4,중립,음봉,잔구간,0.53,-0.33,2026-09-29
BCSF,1.5,11.23,744680,496627,8.36,6.45,1.3,0.1,0.8,매수관심,양봉,완만한상승,0.6,1.72,2026-09-29
BDJ,1.5,9.49,647120,421366,6.14,4.31,1.4,0.0,0.5,강한매수,장대양봉,완만한상승,0.75,3.2,2026-09-29
GORO,1.5,3.2,1860849,1273396,5.95,5.2,1.1,0.3,-5.0,강한매도,장대음봉,전저점이탈,0.17,-3.15,2026-09-29
IQI,1.5,8.62,532798,357234,4.59,2.88,1.6,0.0,-0.9,매도주의,음봉,전저점이탈,0.52,-1.43,2026-09-29
BHR,1.5,1.66,753467,497783,1.25,0.96,1.3,0.6,-0.6,중립,망치형,잔구간,0.57,0.54,2026-09-29
AMPX,1.5,9.53,6770300,4652054,64.52,53.79,1.2,-0.4,-0.3,중립,팽이도지,잔구간,0.51,0.005,2026-09-29
BGY,1.5,5.71,303868,197519,1.74,1.32,1.3,-0.3,0.0,매수관심,양봉스프링,잔구간,1.0,1.05,2026-09-29
TROX,1.4,3.99,2305716,1691606,9.2,9.51,1.0,-0.5,1.0,중립,위꼬리양봉,완만한상승,0.25,-0.4,2026-09-29
EXK,1.4,8.74,10930902,7857047,95.54,76.16,1.3,0.3,-2.8,중립,음봉,전저점부근,0.43,-0.03,2026-09-29
NN,1.4,13.89,2599898,1866614,36.11,35.12,1.0,1.0,-3.4,중립,음봉,잔구간,0.38,-0.42,2026-09-29
NRK,1.4,9.12,990967,695535,9.04,5.3,1.7,-0.2,0.2,중립,팽이도지,전저점부근,0.5,0.75,2026-09-29
WRN,1.4,2.22,1392217,979929,3.09,2.87,1.1,0.9,-1.8,중립,음봉,잔구간,0.47,-0.37,2026-09-29
AOD,1.4,10.21,444047,323261,4.53,4.17,1.1,0.6,-0.3,중립,망치형,잔구간,0.5,0.5,2026-09-29
JPC,1.4,6.8,2997435,2183320,20.38,15.36,1.3,-0.4,1.0,중립,양봉,잔구간,1.0,0.65,2026-09-29
JPMpK,1.4,16.86,338065,241857,5.7,5.76,1.0,-0.2,-0.1,중립,팽이도지,잔구간,0.68,0.11,2026-09-29
HPP,1.4,11.66,856408,597628,9.99,6.71,1.5,0.3,1.0,중립,양봉,잔구간,0.6,0.41,2026-09-29
ALOY,1.4,8.0,2358314,1685707,18.87,18.67,1.0,2.1,-7.0,매도주의,장대음봉,전저점부근,0.01,-1.84,2026-09-29
CAG,1.4,14.13,14347138,10191361,202.73,174.65,1.2,-0.6,0.4,중립,팽이도지,잔구간,0.65,0.09,2026-09-29
VNET,1.4,5.71,6045251,4343960,34.52,28.88,1.2,2.2,-6.5,강한매도,장대음봉,전저점이탈,0.15,-3.17,2026-09-29
VSTM,1.4,7.92,2677180,1890659,21.2,17.42,1.2,0.1,1.8,매수관심,팽이도지,완만한상승,0.64,1.07,2026-09-29
FPF,1.4,16.11,367454,256196,5.92,4.29,1.4,0.2,0.2,매수관심,양봉스프링,잔구간,0.76,0.905,2026-09-29
RMIX,1.4,12.51,558202,402684,6.98,5.29,1.3,0.0,-0.8,중립,팽이도지,잔구간,0.34,-0.095,2026-09-29
BTG,1.4,5.34,27648713,19668830,147.64,111.76,1.3,0.8,0.4,매수관심,양봉스프링,잔구간,0.8,0.93,2026-09-29
RQI,1.4,11.07,753130,538099,8.34,7.76,1.1,0.5,0.1,중립,팽이도지,잔구간,0.53,0.02,2026-09-29
CMRE,1.4,14.75,396892,280314,5.85,5.24,1.1,-0.7,1.0,중립,양봉,잔구간,0.53,0.37,2026-09-29
TRVI,1.4,14.42,2045177,1489349,29.49,25.83,1.1,0.0,0.1,중립,팽이도지,잔구간,0.45,-0.03,2026-09-29
MASS,1.4,11.85,453454,323802,5.37,4.45,1.2,-1.2,2.9,강한매수,장대양봉,전고점돌파,0.98,4.08,2026-09-29
BPRE,1.4,12.5,1235154,883881,15.44,11.98,1.3,0.6,-0.6,매도주의,위꼬리음봉,완만한상승,0.12,-1.06,2026-09-29
GEL,1.4,13.82,332485,235307,4.59,4.96,0.9,-0.8,-0.9,매도주의,음봉,전저점이탈,0.32,-1.67,2026-09-29
AVTX,1.4,15.58,1331568,930425,20.75,20.55,1.0,0.5,2.8,중립,양봉,잔구간,0.9,0.59,2026-09-29
ATYR,1.4,0.308,3853413,2734162,1.19,5.06,0.2,-2.0,5.5,중립,양봉,잔구간,0.78,0.52,2026-09-29
CLBK,1.4,10.88,4652780,3315723,50.62,69.05,0.7,0.1,-0.3,중립,팽이도지,전저점부근,0.51,0.76,2026-09-29
PRTA,1.4,8.78,602979,435782,5.29,4.71,1.1,-0.7,1.4,중립,양봉,잔구간,0.9,0.59,2026-09-29
GO,1.4,10.95,2138497,1579320,23.42,20.69,1.1,0.1,-1.4,중립,음봉,전저점부근,0.39,-0.08,2026-09-29
SGHC,1.4,11.6,3464710,2421764,40.19,35.58,1.1,-0.8,-0.3,중립,팽이도지,잔구간,0.5,0.0,2026-09-29
OBE,1.4,10.23,944383,697532,9.66,10.13,1.0,-1.9,-2.3,매도주의,음봉,전저점이탈,0.17,-1.85,2026-09-29
GILT,1.4,9.94,515147,359960,5.12,4.57,1.1,1.7,-2.4,매도주의,장대음봉,잔구간,0.14,-1.215,2026-09-29
PSIG,1.4,4.6,2815795,1984967,12.95,8.64,1.5,0.7,-0.2,매수관심,팽이도지,완만한상승,0.44,0.83,2026-09-29
TSLX,1.4,18.34,550347,396561,10.09,8.04,1.3,0.5,0.8,매수관심,양봉,수횡파,0.5,1.3,2026-09-29
MCHB,1.4,14.86,577031,400519,8.57,8.47,1.0,0.0,-0.4,중립,팽이도지,전저점부근,0.36,0.58,2026-09-29
PK,1.4,15.57,3605605,2572313,56.14,50.91,1.1,0.0,-1.0,중립,음봉,잔구간,0.33,-0.45,2026-09-29
DSGN,1.4,12.62,655799,483092,8.28,10.53,0.8,1.2,0.9,강한매수,양봉스프링,완만한상승,0.82,2.78,2026-09-29
PAYP,1.4,15.84,692465,496878,10.97,9.59,1.1,-0.4,-0.6,매도주의,위꼬리음봉,전저점부근,0.1,-1.23,2026-09-29
TIC,1.4,8.46,1432047,1030315,12.12,14.77,0.8,0.3,-3.4,매도주의,장대음봉,전저점부근,0.12,-1.71,2026-09-29
LAND,1.4,9.48,712300,502764,6.75,5.03,1.3,0.0,1.2,중립,양봉,잔구간,0.64,0.435,2026-09-29
OIS,1.4,8.01,710232,520137,5.69,5.27,1.1,-1.9,-1.7,매도주의,음봉,전저점이탈,0.15,-1.87,2026-09-29
WIT,1.4,1.61,8646595,6044229,13.92,11.78,1.2,-1.2,0.6,매수관심,양봉,전저점부근,0.67,1.65,2026-09-29
ABEV,1.4,2.88,18304069,13199528,52.72,50.99,1.0,0.3,0.0,매수관심,팽이도지,완만한상승,0.74,1.19,2026-09-29
GTE,1.4,9.75,704311,497987,6.87,5.69,1.2,-1.2,2.3,강한매수,양봉,완만한상승,0.87,2.04,2026-09-29
KBWD,1.4,11.24,541525,395841,6.09,5.13,1.2,0.0,0.4,중립,팽이도지,잔구간,0.63,0.08,2026-09-29
CORZ,1.4,16.31,13689802,9604525,223.28,202.03,1.1,1.5,-2.7,매도주의,음봉,전저점이탈,0.09,-1.94,2026-09-29
CTNM,1.4,11.5,856267,591210,9.85,10.28,1.0,0.8,-10.4,중립,음봉,잔구간,0.29,-0.475,2026-09-29
SSYS,1.4,8.51,788042,564031,6.71,5.51,1.2,0.7,0.6,매수관심,팽이도지,전고점돌파,0.48,1.48,2026-09-29
SRAD,1.4,11.56,2948042,2105061,34.08,33.61,1.0,0.8,-8.1,강한매도,장대음봉,전저점이탈,0.05,-3.29,2026-09-29
PTLO,1.4,3.55,2148302,1500185,7.63,6.11,1.2,0.9,0.0,중립,팽이도지,잔구간,0.35,-0.09,2026-09-29
BKD,1.4,10.98,4475923,3151037,49.15,46.81,1.0,-0.5,-0.1,중립,팽이도지,잔구간,0.56,0.035,2026-09-29
AG,1.4,18.08,13683089,10061218,247.39,177.1,1.4,0.5,0.2,매수관심,양봉스프링,잔구간,0.94,1.015,2026-09-29
AMCX,1.4,11.54,692384,500819,7.99,8.3,1.0,0.2,-4.2,매도주의,장대음봉,잔구간,0.2,-1.18,2026-09-29
VLY,1.4,12.72,10140871,7159907,128.99,113.0,1.1,0.2,-0.6,강한매수,망치형,전저점부근,0.58,2.85,2026-09-29
VITL,1.4,9.39,2558613,1828490,24.03,24.43,1.0,-0.6,-2.3,중립,망치형,전저점이탈,0.64,0.42,2026-09-29
BFLY,1.4,9.1,6699873,4746647,60.97,60.71,1.0,5.9,-6.1,매도주의,장대음봉,잔구간,0.07,-1.26,2026-09-29
QTTB,1.4,9.53,918140,672271,8.75,6.62,1.3,1.0,2.3,중립,양봉,잔구간,0.73,0.49,2026-09-29
ARDX,1.4,3.39,4434057,3275874,15.03,14.79,1.0,0.3,-0.9,중립,망치형,잔구간,0.64,0.585,2026-09-29
TUA,1.4,19.02,398148,285193,7.57,13.15,0.6,-0.1,0.4,매수관심,양봉,완만한상승,0.76,1.91,2026-09-29
FRVO,1.4,13.75,10209397,7274886,140.38,108.58,1.3,-0.8,-1.7,중립,음봉,전저점부근,0.43,-0.03,2026-09-29
MGPI,1.4,13.34,414656,295690,5.53,4.39,1.3,0.0,4.4,매수관심,장대양봉,잔구간,0.86,1.215,2026-09-29
FTNY,1.4,7.25,363308,260858,2.63,1.8,1.5,-0.3,-0.4,강한매도,장대음봉,전저점이탈,0.0,-3.35,2026-09-29
NGEN,1.4,1.92,560132,408436,1.08,1.03,1.0,-1.1,3.2,중립,양봉,잔구간,0.67,0.45,2026-09-29
RIVN,1.4,14.97,28889468,20425197,432.48,369.17,1.2,1.0,0.2,매수관심,팽이도지,완만한상승,0.42,0.8,2026-09-29
ARRY,1.4,3.99,8204590,5904642,32.74,28.8,1.1,2.9,1.3,매수관심,양봉,완만한상승,0.68,1.82,2026-09-29
AEVA,1.4,13.97,2010880,1397771,28.09,22.53,1.2,3.7,-5.6,강한매도,장대음봉,전저점이탈,0.19,-3.12,2026-09-29
AHRT,1.4,6.02,1308754,948112,7.88,6.96,1.1,0.3,1.7,매수관심,장대양봉,잔구간,0.94,1.265,2026-09-29
REF,1.4,12.27,640122,461730,7.85,12.57,0.6,0.2,-0.8,매도주의,위꼬리음봉,잔구간,0.07,-1.01,2026-09-29
UTZ,1.4,14.25,1099609,758824,15.67,17.53,0.9,0.0,0.0,매수관심,팽이도지,완만한상승,0.5,0.9,2026-09-29
MDU,1.4,18.68,2487446,1775902,46.47,42.39,1.1,-0.4,1.2,강한매수,장대양봉,완만한상승,0.92,3.4,2026-09-29
CRK,1.3,12.51,3360545,2646310,42.04,35.74,1.2,-1.5,0.1,중립,팽이도지,전저점부근,0.29,0.5,2026-09-29
BBAR,1.3,12.54,557777,421201,6.99,5.89,1.2,-0.4,0.3,중립,위꼬리양봉,잔구간,0.31,-0.615,2026-09-29
LTBR,1.3,6.3,801159,637954,5.05,7.01,0.7,0.5,-3.2,매도주의,음봉,전저점이탈,0.23,-1.77,2026-09-29
CC,1.3,13.89,2035982,1523365,28.28,27.65,1.0,1.0,-2.7,강한매도,장대음봉,전저점이탈,0.15,-3.17,2026-09-29
SHEN,1.3,11.33,1012577,786623,11.47,18.74,0.6,-0.5,0.4,중립,팽이도지,잔구간,0.49,-0.005,2026-09-29
SLN,1.3,10.8,884614,701050,9.55,10.16,0.9,-0.1,-3.5,강한매도,장대음봉,전저점이탈,0.08,-3.25,2026-09-29
BOIL,1.3,19.63,9892705,7348618,194.19,166.08,1.2,-5.2,-2.6,중립,음봉,잔구간,0.23,-0.51,2026-09-29
LOMA,1.3,9.14,503974,381149,4.61,3.45,1.3,0.0,-1.8,중립,음봉,전저점부근,0.41,-0.06,2026-09-29
GGB,1.3,4.64,13063286,10013323,60.61,55.58,1.1,-0.6,-2.3,강한매도,장대음봉,전저점이탈,0.08,-3.25,2026-09-29
BBDC,1.3,8.72,549460,429427,4.79,4.16,1.2,0.1,0.8,중립,양봉,잔구간,0.52,0.36,2026-09-29
PLG,1.3,1.28,1130408,876479,1.45,1.37,1.1,0.0,-0.8,중립,망치형,잔구간,0.5,0.5,2026-09-29
CSQR,1.3,15.88,1481023,1126849,23.52,43.04,0.5,-0.1,-1.5,중립,음봉,전저점부근,0.24,-0.26,2026-09-29
PAR,1.3,13.51,1255383,940121,16.96,17.38,1.0,0.1,-1.0,중립,음봉,전저점부근,0.59,0.16,2026-09-29
GROY,1.3,3.05,1782185,1406322,5.44,4.37,1.2,1.7,-1.0,중립,망치형,잔구간,0.67,0.6,2026-09-29
ADNT,1.3,17.17,1359858,1023484,23.35,21.0,1.1,0.2,0.2,매수관심,양봉스프링,잔구간,1.0,1.05,2026-09-29
SVC,1.3,6.37,1390972,1091538,8.86,10.25,0.9,0.3,-3.3,강한매도,장대음봉,전저점이탈,0.21,-3.1,2026-09-29
STNE,1.3,9.28,5450043,4086261,50.58,43.14,1.2,-0.2,0.3,매수관심,팽이도지,완만한상승,0.43,0.82,2026-09-29
SPCH,1.3,9.83,22675493,16904501,222.9,205.25,1.1,1.8,3.1,중립,양봉,잔구간,0.81,0.535,2026-09-29
SSG,1.3,10.52,862528,659975,9.07,6.78,1.3,-2.9,2.3,매수관심,장대양봉,잔구간,0.97,1.28,2026-09-29
SPIR,1.3,11.15,694825,546813,7.75,8.85,0.9,2.0,-6.9,매도주의,장대음봉,전저점부근,0.05,-1.79,2026-09-29
XPOF,1.3,4.4,966701,750569,4.25,3.05,1.4,1.5,10.8,강한매수,장대양봉,전고점돌파,1.0,4.1,2026-09-29
CYRX,1.3,17.32,931693,712389,16.14,11.94,1.4,0.0,-0.3,중립,팽이도지,잔구간,0.53,0.02,2026-09-29
KODK,1.3,9.59,834288,640043,8.0,8.09,1.0,-0.6,0.6,매수관심,양봉,완만한상승,0.79,1.95,2026-09-29
LCTX,1.3,0.948,2592143,2007043,2.46,1.8,1.4,0.9,-3.3,중립,음봉,잔구간,0.39,-0.415,2026-09-29
OMDA,1.3,19.37,1180082,918167,22.86,34.31,0.7,0.5,-0.6,중립,망치형,잔구간,0.84,0.705,2026-09-29
OSS,1.3,8.65,708027,543712,6.12,5.7,1.1,1.2,-4.1,강한매도,장대음봉,전저점이탈,0.13,-3.19,2026-09-29
CRESY,1.3,11.64,393845,306740,4.58,4.31,1.1,0.0,-2.4,강한매도,장대음봉,전저점이탈,0.02,-3.33,2026-09-29
XE,1.3,14.29,7068010,5359640,101.0,106.67,0.9,2.4,-3.2,매도주의,장대음봉,전저점부근,0.24,-1.56,2026-09-29
ABEO,1.3,5.16,1253705,942948,6.47,8.7,0.7,0.2,-2.6,강한매도,장대음봉,전저점이탈,0.26,-3.04,2026-09-29
CPNG,1.3,13.85,14359681,11240561,198.88,198.28,1.0,0.6,0.1,중립,팽이도지,잔구간,0.69,0.115,2026-09-29
PFFA,1.3,19.7,1638724,1301863,32.28,21.98,1.5,0.0,-0.3,매도주의,음봉,전저점이탈,0.29,-1.7,2026-09-29
DRVN,1.3,11.8,1113726,872151,13.14,15.14,0.9,0.3,0.0,중립,위꼬리양봉,완만한상승,0.16,-0.51,2026-09-29
PBI,1.3,16.29,1562029,1182680,25.45,30.15,0.8,0.1,-0.6,중립,팽이도지,잔구간,0.31,-0.115,2026-09-29
ACRE,1.3,4.11,737653,558593,3.03,2.21,1.4,0.0,0.0,매수관심,팽이도지,완만한상승,0.6,1.02,2026-09-29
ABR,1.3,3.97,6134969,4719404,24.36,24.14,1.0,-2.5,-0.3,중립,망치형,잔구간,0.73,0.64,2026-09-29
PONY,1.3,6.54,5017804,3831141,32.82,28.15,1.2,-2.7,-3.1,강한매도,장대음봉,전저점이탈,0.08,-3.25,2026-09-29
CLB,1.3,9.71,866329,662236,8.41,7.33,1.1,-1.5,-1.7,매도주의,음봉,전저점이탈,0.2,-1.81,2026-09-29
PRAA,1.3,19.44,635773,478063,12.36,11.47,1.1,-1.5,-1.6,강한매수,망치형,전저점부근,0.71,3.0,2026-09-29
OCFC,1.3,16.67,1336056,1047528,22.27,21.13,1.1,1.2,-1.5,중립,음봉,전저점부근,0.46,0.0,2026-09-29
OCSL,1.3,12.1,435725,342400,5.27,5.18,1.0,-0.2,1.1,중립,양봉,잔구간,0.59,0.405,2026-09-29
OCGN,1.3,1.09,7556448,5667602,8.24,8.32,1.0,1.9,3.8,매수관심,장대양봉,전고점부근,0.83,1.95,2026-09-29
DSU,1.3,9.0,394842,308984,3.55,3.07,1.2,0.0,1.4,매수관심,장대양봉,잔구간,1.0,1.3,2026-09-29
SERV,1.3,4.63,2867119,2222402,13.27,12.52,1.1,1.1,3.3,강한매수,양봉,완만한상승,0.88,2.06,2026-09-29
SG,1.3,8.74,7261589,5749464,63.47,40.3,1.6,1.8,4.2,매수관심,양봉,완만한상승,0.66,1.79,2026-09-29
SB,1.3,8.3,2135765,1680436,17.73,16.14,1.1,-0.8,1.5,중립,양봉,잔구간,0.47,0.33,2026-09-29
CEPU,1.3,11.92,305403,230389,3.64,4.04,0.9,0.1,-1.3,중립,음봉,전저점부근,0.06,-0.48,2026-09-29
NRGV,1.3,3.97,4757773,3773255,18.89,20.47,0.9,1.2,-3.2,매도주의,음봉,전저점이탈,0.12,-1.91,2026-09-29
PSFE,1.3,5.87,478295,377507,2.81,2.29,1.2,-0.3,-2.2,중립,망치형,전저점이탈,0.68,0.47,2026-09-29
CNNE,1.3,15.52,680976,534931,10.57,9.73,1.1,0.7,-1.1,중립,음봉,잔구간,0.07,-0.61,2026-09-29
GEVO,1.3,1.33,3746630,2990989,4.98,5.51,0.9,0.7,-1.5,중립,음봉,전저점부근,0.27,-0.23,2026-09-29
QTRX,1.3,3.67,623454,494334,2.29,2.45,0.9,0.0,4.3,중립,양봉,전고점부근,0.84,0.66,2026-09-29
RDWU,1.3,6.03,707090,562710,4.26,3.96,1.1,3.1,-10.7,매도주의,장대음봉,전저점부근,0.09,-1.74,2026-09-29
ASC,1.3,18.44,713986,564014,13.17,11.68,1.1,-0.8,2.4,강한매수,장대양봉,완만한상승,0.73,3.18,2026-09-29
MLCO,1.3,4.56,2049137,1540337,9.34,8.19,1.1,-0.2,-2.1,매도주의,장대음봉,잔구간,0.0,-1.3,2026-09-29
FWRD,1.3,15.01,578195,459436,8.68,8.49,1.0,0.4,-2.1,중립,음봉,수횡파,0.22,-0.44,2026-09-29
FSSL,1.3,11.68,323520,253285,3.78,3.03,1.2,-0.3,2.0,매수관심,장대양봉,잔구간,0.84,1.205,2026-09-29
MFG,1.3,11.0,4130803,3100605,45.44,35.89,1.3,-1.5,1.1,매수관심,장대양봉,잔구간,0.95,1.27,2026-09-29
TWI,1.3,6.93,757993,564013,5.25,4.0,1.3,0.4,-1.4,중립,음봉,잔구간,0.05,-0.62,2026-09-29
TSHA,1.3,4.99,6570234,5084060,32.79,24.6,1.3,-0.4,0.4,강한매수,양봉스프링,완만한상승,0.83,2.8,2026-09-29
EMBC,1.3,5.76,990901,741945,5.71,5.53,1.0,0.0,-2.9,중립,음봉,잔구간,0.35,-0.44,2026-09-29
EMAT,1.3,2.91,1397528,1070505,4.07,6.15,0.7,0.0,-9.1,강한매도,장대음봉,전저점이탈,0.15,-3.17,2026-09-29
MYN,1.3,8.7,482480,379776,4.2,3.05,1.4,-0.3,-0.5,중립,음봉,전저점부근,0.17,-0.35,2026-09-29
EVEX,1.3,1.94,1019473,807101,1.98,2.3,0.9,1.5,-4.4,강한매도,장대음봉,전저점이탈,0.0,-3.35,2026-09-29
EVC,1.3,7.34,1316890,1029005,9.67,8.5,1.1,0.8,0.0,매수관심,양봉스프링,잔구간,0.82,0.94,2026-09-29
ETY,1.3,14.08,332534,249992,4.68,4.05,1.2,0.1,-0.1,강한매수,망치형,완만한상승,0.67,2.1,2026-09-29
NTLA,1.3,12.03,5017506,3830077,60.36,56.23,1.1,0.6,4.7,매수관심,장대양봉,잔구간,0.97,1.28,2026-09-29
NU,1.3,12.35,78303804,60477072,967.05,1019.34,0.9,0.6,0.4,중립,위꼬리양봉,완만한상승,0.35,-0.28,2026-09-29
NXP,1.3,13.21,574418,458494,7.59,4.66,1.6,-0.3,1.9,매수관심,장대양봉,잔구간,1.0,1.3,2026-09-29
OABI,1.3,4.74,1391929,1047902,6.6,5.06,1.3,0.0,0.0,중립,팽이도지,완만한상승,0.37,0.74,2026-09-29
NCLH,1.3,14.8,27712776,21949973,410.15,288.76,1.4,5.6,-2.1,중립,음봉,완만한상승,0.17,-0.2,2026-09-29
EVTL,1.3,0.633,9355411,7257220,5.92,4.76,1.2,4.6,-9.0,매도주의,장대음봉,잔구간,0.02,-1.29,2026-09-29
EVMN,1.3,8.35,807597,631904,6.74,6.65,1.0,-0.4,-0.1,중립,팽이도지,잔구간,0.44,-0.035,2026-09-29
CMBT,1.3,18.95,1231131,926056,23.33,18.67,1.2,-1.2,0.6,중립,양봉,잔구간,0.53,0.37,2026-09-29
CIK,1.3,2.32,687877,536556,1.6,1.8,0.9,0.4,0.0,중립,팽이도지,잔구간,0.67,0.1,2026-09-29
NMZ,1.3,8.85,1817189,1418344,16.08,12.59,1.3,0.0,0.9,중립,양봉,잔구간,0.83,0.55,2026-09-29
FTNJ,1.3,8.19,302644,231360,2.48,1.89,1.3,0.1,-0.5,강한매도,장대음봉,전저점이탈,0.33,-2.95,2026-09-29
FTMH,1.3,10.77,520354,409360,5.6,7.06,0.8,-0.3,-0.2,강한매도,위꼬리음봉,전저점이탈,0.14,-2.68,2026-09-29
DLO,1.3,13.69,1804295,1441073,24.7,23.1,1.1,0.0,-0.9,매도주의,음봉,전저점이탈,0.36,-1.62,2026-09-29
NOV,1.3,18.98,3783504,2815253,71.81,69.45,1.0,-1.5,-1.1,강한매도,장대음봉,전저점이탈,0.3,-2.99,2026-09-29
RGP,1.3,3.77,349219,267200,1.32,1.49,0.9,-0.5,0.8,중립,위꼬리양봉,완만한상승,0.41,-0.21,2026-09-29
REI,1.3,1.29,3239312,2513701,4.18,5.98,0.7,-0.8,-0.8,매도주의,음봉,전저점이탈,0.28,-1.71,2026-09-29
UROY,1.3,4.08,3269767,2540442,13.34,24.85,0.5,1.2,0.7,중립,팽이도지,잔구간,0.5,0.0,2026-09-29
URG,1.3,1.11,7844265,6194552,8.71,8.83,1.0,0.9,-1.8,매도주의,음봉,전저점이탈,0.4,-1.57,2026-09-29
USGG,1.3,4.04,615882,491619,2.49,2.82,0.9,0.9,-6.0,강한매도,장대음봉,전저점이탈,0.2,-3.11,2026-09-29
FMNB,1.3,15.21,407098,315054,6.19,6.6,0.9,0.7,-1.0,중립,음봉,잔구간,0.55,-0.32,2026-09-29
SAFE,1.3,12.0,712085,562300,8.55,8.47,1.0,0.0,-1.7,중립,음봉,잔구간,0.25,-0.5,2026-09-29
BXMT,1.3,12.31,2858188,2150266,35.18,38.56,0.9,0.2,-1.0,중립,음봉,잔구간,0.3,-0.47,2026-09-29
RWT,1.3,3.85,7311111,5599902,28.15,26.89,1.0,0.8,3.5,강한매수,장대양봉,완만한상승,0.77,3.22,2026-09-29
RITM,1.3,9.12,8033223,6354210,73.26,58.57,1.3,0.0,0.4,매수관심,양봉,완만한상승,0.64,1.77,2026-09-29
MPT,1.3,3.51,11587029,8858986,40.67,43.38,0.9,0.0,0.3,중립,위꼬리양봉,잔구간,0.22,-0.67,2026-09-29
MQY,1.3,9.91,1560088,1185301,15.46,12.07,1.3,-0.1,-0.9,중립,음봉,전저점부근,0.4,-0.07,2026-09-29
WNC,1.3,12.68,983112,771828,12.47,9.21,1.4,1.0,-0.8,중립,망치형,잔구간,0.75,0.65,2026-09-29
ALTO,1.3,3.63,1270281,975967,4.61,4.57,1.0,-0.5,-0.5,중립,망치형,잔구간,0.76,0.655,2026-09-29
JRI,1.3,10.77,311844,240563,3.36,2.75,1.2,-0.1,0.1,중립,팽이도지,전저점부근,0.36,0.58,2026-09-29
VMO,1.3,8.34,817090,624385,6.81,4.66,1.5,0.0,-0.4,강한매수,망치형,전저점부근,0.67,2.95,2026-09-29
ALIT,1.3,9.23,619276,467936,5.72,5.76,1.0,0.1,-6.6,강한매도,장대음봉,전저점이탈,0.21,-3.1,2026-09-29
VRRM,1.3,3.04,6406726,5090597,19.48,30.95,0.6,-1.3,3.1,중립,양봉,잔구간,0.83,0.55,2026-09-29
ACCO,1.3,4.23,648152,512670,2.74,3.17,0.9,-0.5,-1.6,매도주의,장대음봉,잔구간,0.22,-1.17,2026-09-29
IREG,1.3,7.78,904560,691243,7.04,6.44,1.1,3.5,-4.8,매도주의,음봉,전저점이탈,0.23,-1.77,2026-09-29
AEHG,1.3,9.1,1523240,1189362,13.86,10.0,1.4,5.3,-0.7,중립,팽이도지,완만한상승,0.28,0.64,2026-09-29
AEO,1.3,18.14,7041152,5582384,127.73,90.94,1.4,0.3,4.5,강한매수,장대양봉,전고점돌파,0.93,4.02,2026-09-29
ICL,1.3,5.17,1305176,1023369,6.75,6.14,1.1,3.6,-0.6,중립,음봉,잔구간,0.4,-0.41,2026-09-29
IVR,1.3,6.26,3632845,2778897,22.74,21.85,1.0,0.2,0.0,매수관심,팽이도지,완만한상승,0.46,0.85,2026-09-29
VFC,1.3,14.5,11097572,8685523,160.91,110.05,1.5,0.6,-0.1,강한매수,망치형,완만한상승,0.92,2.4,2026-09-29
VKQ,1.3,8.37,517858,394176,4.33,3.26,1.3,-0.7,-1.4,매도주의,음봉,전저점이탈,0.35,-1.63,2026-09-29
ACH,1.3,0.612,2032510,1512130,1.24,1.32,0.9,2.0,-7.7,강한매도,장대음봉,전저점이탈,0.29,-3.0,2026-09-29
HUN,1.3,8.38,2644960,1960915,22.16,26.07,0.9,-0.5,-2.4,매도주의,음봉,전저점이탈,0.2,-1.81,2026-09-29
ZSQR,1.3,4.15,566467,441024,2.35,1.64,1.4,-0.9,-7.8,중립,음봉,잔구간,0.14,-0.565,2026-09-29
AIB,1.3,1.71,1118205,871367,1.91,1.83,1.0,1.2,2.4,중립,양봉,잔구간,0.52,0.36,2026-09-29
AHCO,1.2,5.67,2453994,2042237,13.91,14.96,0.9,-0.5,0.9,매수관심,양봉,완만한상승,0.73,1.88,2026-09-29
AGNC,1.2,9.45,39480502,32465002,373.09,489.19,0.8,0.4,-0.5,강한매수,망치형,전저점부근,0.63,2.91,2026-09-29
AGRO,1.2,10.02,600639,504372,6.02,7.06,0.9,-0.7,0.2,매수관심,팽이도지,전저점부근,0.59,0.86,2026-09-29
IGR,1.2,11.83,439615,363493,5.2,4.33,1.2,-0.4,1.3,매수관심,장대양봉,잔구간,1.0,1.3,2026-09-29
ICLN,1.2,17.01,7830042,6304844,133.19,102.53,1.3,0.3,0.9,강한매수,장대양봉,완만한상승,0.88,3.36,2026-09-29
HYMC,1.2,19.38,2251369,1822266,43.63,51.0,0.9,0.6,-1.7,중립,망치형,전저점이탈,0.67,0.45,2026-09-29
YEXT,1.2,6.48,1037987,868175,6.73,6.86,1.0,-1.1,1.9,강한매수,양봉,완만한상승,0.93,2.12,2026-09-29
YMAG,1.2,11.33,1239220,1066567,14.04,9.41,1.5,0.3,-0.2,강한매수,망치형,완만한상승,0.8,2.26,2026-09-29
JMKE,1.2,16.92,4741408,3913300,80.22,71.75,1.1,3.2,-1.6,중립,음봉,잔구간,0.05,-0.62,2026-09-29
HOS,1.2,7.71,2599399,2096775,20.04,20.66,1.0,0.0,-2.9,매도주의,음봉,전저점이탈,0.05,-1.99,2026-09-29
HRL,1.2,19.85,5417777,4506452,107.54,96.09,1.1,-0.6,0.0,중립,팽이도지,잔구간,0.73,0.14,2026-09-29
HGTY,1.2,13.55,352359,287870,4.77,4.99,1.0,-0.3,0.4,매수관심,양봉스프링,잔구간,0.87,0.97,2026-09-29
INR,1.2,12.69,371258,315717,4.71,5.5,0.9,0.9,0.4,매수관심,팽이도지,완만한상승,0.71,1.15,2026-09-29
ANNX,1.2,4.13,3706512,2967411,15.31,13.95,1.1,-0.2,3.2,중립,양봉,잔구간,0.64,0.435,2026-09-29
AAOG,1.2,2.09,3358876,2861486,7.02,6.04,1.2,4.4,3.0,중립,위꼬리양봉,완만한상승,0.49,-0.11,2026-09-29
AAPD,1.2,10.41,6752896,5497778,70.3,63.43,1.1,0.6,2.2,강한매수,장대양봉,완만한상승,0.96,3.45,2026-09-29
ABAT,1.2,2.19,2482337,2097710,5.44,7.06,0.8,0.9,-4.4,매도주의,장대음봉,잔구간,0.21,-1.175,2026-09-29
MQ,1.2,17.01,1217467,1014506,20.71,14.49,1.4,0.1,0.7,강한매수,양봉,완만한상승,0.89,2.07,2026-09-29
MOMO,1.2,4.84,1316365,1070605,6.37,5.13,1.2,-0.4,-0.8,매도주의,음봉,전저점이탈,0.31,-1.68,2026-09-29
FLG,1.2,11.84,6894395,5563226,81.63,67.92,1.2,0.1,-1.7,강한매도,장대음봉,전저점이탈,0.2,-3.11,2026-09-29
BTZ,1.2,9.37,560667,472694,5.25,5.35,1.0,-0.3,0.4,중립,양봉,잔구간,0.91,0.595,2026-09-29
BULL,1.2,7.17,12192695,10226732,87.42,115.73,0.8,0.9,0.8,중립,양봉,잔구간,0.89,0.585,2026-09-29
RR,1.2,1.59,4332796,3484016,6.89,6.98,1.0,1.0,0.3,중립,팽이도지,잔구간,0.45,-0.03,2026-09-29
APLX,1.2,7.43,2463674,2025465,18.31,18.03,1.0,2.9,3.6,중립,양봉,잔구간,0.78,0.52,2026-09-29
UNIT,1.2,8.57,2368087,1936391,20.29,21.9,0.9,0.1,-1.0,매도주의,위꼬리음봉,전저점부근,0.16,-1.16,2026-09-29
TTGT,1.2,3.74,361539,312768,1.35,1.12,1.2,-0.3,-0.8,중립,팽이도지,잔구간,0.26,-0.145,2026-09-29
METC,1.2,8.38,2170841,1887281,18.19,18.76,1.0,-0.6,-6.2,강한매도,장대음봉,전저점이탈,0.03,-3.31,2026-09-29
FWRG,1.2,10.38,1233090,1022980,12.8,13.85,0.9,0.0,2.3,강한매수,장대양봉,완만한상승,0.78,3.24,2026-09-29
MBGL,1.2,17.8,4548197,3741750,80.96,80.46,1.0,-0.2,0.5,매수관심,양봉스프링,잔구간,0.88,0.98,2026-09-29
CNTN,1.2,2.38,876028,739698,2.08,2.71,0.8,0.0,-11.5,매도주의,장대음봉,잔구간,0.0,-1.3,2026-09-29
COHH,1.2,5.71,1489164,1216962,8.5,6.83,1.2,4.3,1.8,중립,위꼬리양봉,잔구간,0.35,-0.59,2026-09-29
COLD,1.2,14.54,3091251,2519429,44.95,52.09,0.9,-1.0,0.9,중립,양봉,잔구간,0.44,0.315,2026-09-29
NMCO,1.2,8.74,830121,675292,7.26,5.5,1.3,-0.2,-0.6,매도주의,팽이도지,전저점이탈,0.38,-0.89,2026-09-29
NEXT,1.2,6.34,2812012,2412408,17.83,18.46,1.0,-1.2,-2.2,매도주의,음봉,전저점이탈,0.25,-1.75,2026-09-29
NEOV,1.2,2.54,2259266,1920904,5.74,5.19,1.1,0.4,10.9,매수관심,장대양봉,잔구간,0.86,1.215,2026-09-29
NCMI,1.2,2.3,2036571,1715123,4.68,3.1,1.5,-0.9,5.0,강한매수,장대양봉,전고점돌파,0.93,4.02,2026-09-29
MUZ,1.2,6.86,11412400,9681787,78.29,69.88,1.1,-4.4,2.2,중립,양봉,잔구간,0.68,0.46,2026-09-29
MYI,1.2,9.52,1276284,1031472,12.15,8.57,1.4,-0.2,-0.4,중립,팽이도지,전저점부근,0.48,0.73,2026-09-29
FATE,1.2,2.38,1443069,1222686,3.43,5.18,0.7,-0.4,0.4,매수관심,팽이도지,완만한상승,0.75,1.2,2026-09-29
EVV,1.2,8.4,1009093,829998,8.48,7.15,1.2,-0.4,0.7,매수관심,장대양봉,잔구간,0.94,1.265,2026-09-29
MTUS,1.2,18.81,379294,314526,7.13,6.36,1.1,3.2,-3.9,매도주의,장대음봉,잔구간,0.14,-1.215,2026-09-29
MUC,1.2,9.65,971881,822558,9.38,7.32,1.3,0.3,-0.5,중립,음봉,잔구간,0.56,-0.315,2026-09-29
DNN,1.2,2.59,24153612,20073352,62.56,65.17,1.0,1.6,-1.1,중립,음봉,완만한상승,0.5,0.2,2026-09-29
NXRT,1.2,19.27,1001016,864313,19.29,23.98,0.8,0.0,-2.9,강한매도,장대음봉,전저점이탈,0.21,-3.1,2026-09-29
NWBI,1.2,14.92,1155674,945395,17.24,20.32,0.8,0.0,-1.3,매도주의,음봉,전저점이탈,0.19,-1.82,2026-09-29
NUV,1.2,8.21,2362294,1922997,19.39,13.23,1.5,-0.6,1.4,매수관심,장대양봉,잔구간,0.93,1.26,2026-09-29
EPRX,1.2,8.305,645108,557755,5.36,4.22,1.3,-0.6,1.8,매수관심,양봉,완만한상승,0.59,1.71,2026-09-29
ECVT,1.2,9.8,1246613,997901,12.22,15.79,0.8,-0.4,-2.0,강한매도,장대음봉,전저점이탈,0.0,-3.35,2026-09-29
RARE,1.2,15.32,5884641,5105140,90.15,98.69,0.9,0.3,6.0,매수관심,장대양봉,잔구간,0.87,1.22,2026-09-29
CHCT,1.2,14.39,410763,342532,5.91,5.5,1.1,-0.4,1.0,매수관심,양봉,완만한상승,0.7,1.84,2026-09-29
CERT,1.2,9.26,2936290,2453796,27.19,25.87,1.1,0.4,1.0,매수관심,팽이도지,완만한상승,0.58,1.0,2026-09-29
CHA,1.2,11.36,856839,728959,9.73,11.77,0.8,-0.2,-0.6,중립,망치형,잔구간,0.79,0.675,2026-09-29
PTEN,1.2,10.55,8348794,6775633,88.08,98.56,0.9,-2.6,-0.2,매도주의,팽이도지,전저점이탈,0.42,-0.85,2026-09-29
CNTB,1.2,0.992,1604529,1289452,1.59,3.11,0.5,-1.9,-6.4,강한매도,장대음봉,전저점이탈,0.11,-3.22,2026-09-29
LSPD,1.2,9.75,878445,754835,8.56,6.8,1.3,0.0,0.6,강한매수,양봉스프링,완만한상승,0.86,2.83,2026-09-29
BBN,1.2,14.39,358717,305711,5.16,5.19,1.0,0.1,0.4,매수관심,양봉,완만한상승,0.69,1.83,2026-09-29
BCRX,1.2,8.27,5006080,4010700,41.4,46.39,0.9,-0.6,-1.8,매도주의,음봉,전저점이탈,0.18,-1.83,2026-09-29
SMU,1.2,15.45,408683,344516,6.31,12.74,0.5,4.3,-8.2,강한매도,장대음봉,전저점이탈,0.0,-3.35,2026-09-29
SIDU,1.2,1.83,4372147,3734969,8.0,8.06,1.0,1.5,-10.3,강한매도,장대음봉,전저점이탈,0.0,-3.35,2026-09-29
LFMD,1.2,2.88,809504,695323,2.33,2.4,1.0,0.3,-2.0,중립,음봉,전저점부근,0.21,-0.3,2026-09-29
OBDC,1.2,10.81,3669195,3165428,39.66,33.36,1.2,0.2,0.1,중립,위꼬리양봉,잔구간,0.25,-0.65,2026-09-29
DRH,1.2,12.47,2776088,2322161,34.62,39.06,0.9,0.3,-1.7,매도주의,장대음봉,잔구간,0.12,-1.23,2026-09-29
DRTS,1.2,15.19,513931,424063,7.81,8.07,1.0,-0.3,1.3,매수관심,양봉,완만한상승,0.79,1.95,2026-09-29
TMC,1.2,3.74,4922704,4114922,18.41,17.8,1.0,2.8,-5.8,매도주의,장대음봉,잔구간,0.08,-1.25,2026-09-29
BAK,1.2,1.42,1882059,1553395,2.67,2.68,1.0,1.3,-6.0,강한매도,장대음봉,전저점이탈,0.18,-3.13,2026-09-29
BBD,1.2,3.36,33246196,27263507,111.71,87.58,1.3,-0.6,0.9,강한매수,양봉,완만한상승,0.86,2.03,2026-09-29
AUTL,1.2,1.86,1770892,1421100,3.29,2.77,1.2,0.0,0.0,강한매수,양봉스프링,완만한상승,0.75,2.7,2026-09-29
TDAY,1.2,6.3,1964354,1697212,12.38,13.12,0.9,0.2,-1.3,중립,음봉,잔구간,0.46,-0.375,2026-09-29
TDOC,1.2,5.75,3749882,3009495,21.56,20.9,1.0,-0.5,-1.9,매도주의,음봉,전저점이탈,0.21,-1.8,2026-09-29
SVOL,1.2,16.27,406112,346749,6.61,5.79,1.1,0.1,-0.5,매도주의,음봉,전저점이탈,0.35,-1.63,2026-09-29
PRCH,1.2,16.57,1953627,1684808,32.37,30.09,1.1,1.0,-2.5,중립,음봉,잔구간,0.54,-0.325,2026-09-29
PLUG,1.2,1.91,52774037,43409815,100.8,97.19,1.0,2.7,0.0,매수관심,팽이도지,완만한상승,0.5,0.9,2026-09-29
DJT,1.2,9.1,3104189,2617005,28.25,25.93,1.1,0.7,-0.9,매도주의,위꼬리음봉,잔구간,0.09,-0.995,2026-09-29
CRMD,1.2,7.93,817426,697789,6.48,6.23,1.0,0.3,0.3,강한매수,양봉스프링,완만한상승,0.79,2.75,2026-09-29
CRDU,1.2,8.83,8653747,7050388,76.41,57.39,1.3,1.8,-2.0,중립,팽이도지,잔구간,0.33,-0.1,2026-09-29
PACK,1.2,4.37,563905,483872,2.46,2.2,1.1,0.7,-0.2,매수관심,팽이도지,완만한상승,0.67,1.1,2026-09-29
OTF,1.2,10.27,1972051,1702943,20.25,20.12,1.0,0.6,-0.1,중립,팽이도지,잔구간,0.58,0.05,2026-09-29
ORC,1.2,5.77,6489464,5209432,37.44,32.73,1.1,0.4,1.2,중립,양봉,잔구간,0.8,0.53,2026-09-29
ORN,1.2,8.41,632734,521555,5.32,4.91,1.1,0.5,0.2,중립,팽이도지,잔구간,0.52,0.01,2026-09-29
DDD,1.2,3.52,2411093,2032245,8.49,8.83,1.0,1.7,-1.7,매도주의,위꼬리음봉,잔구간,0.08,-1.0,2026-09-29
DEC,1.2,13.5,865108,700657,11.68,14.45,0.8,-1.3,0.7,중립,양봉,잔구간,0.72,0.48,2026-09-29
DBRG,1.2,16.0,4812160,4151061,76.99,121.74,0.6,0.1,0.1,강한매수,장대양봉,전고점부근,1.0,2.15,2026-09-29
CWVX,1.2,14.83,1606607,1347309,23.83,25.99,0.9,2.5,-0.4,매도주의,위꼬리음봉,완만한상승,0.16,-1.01,2026-09-29
CYH,1.2,2.91,1261395,1064174,3.67,3.67,1.0,-0.7,1.4,매수관심,양봉,완만한상승,0.61,1.73,2026-09-29
OI,1.2,5.64,4236269,3445542,23.89,24.66,1.0,0.0,-2.4,중립,음봉,전저점부근,0.12,-0.41,2026-09-29
KVUE,1.2,17.91,19194868,16098985,343.78,408.42,0.8,-0.8,1.0,강한매수,장대양봉,완만한상승,0.91,3.39,2026-09-29
KYIV,1.2,12.77,408332,329656,5.21,4.16,1.3,0.4,-0.3,중립,팽이도지,잔구간,0.55,0.03,2026-09-29
KRO,1.2,7.92,367705,308757,2.91,3.38,0.9,1.1,-3.6,강한매도,장대음봉,전저점이탈,0.29,-3.0,2026-09-29
KOPN,1.2,4.75,3092658,2642620,14.69,17.79,0.8,1.7,-1.7,중립,음봉,완만한상승,0.23,-0.12,2026-09-29
GRND,1.2,16.12,1620610,1387920,26.12,22.98,1.1,-0.4,3.7,강한매수,장대양봉,완만한상승,0.95,3.44,2026-09-29
XRPC,1.2,15.845,336817,271481,5.34,5.27,1.0,4.2,-3.4,매도주의,장대음봉,완만한상승,0.2,-1.46,2026-09-29
ADMA,1.2,9.96,3458273,2798366,34.44,35.19,1.0,-0.8,-0.7,매도주의,위꼬리음봉,잔구간,0.23,-0.91,2026-09-29
ACEL,1.2,10.88,416633,360386,4.53,4.05,1.1,0.1,-1.3,중립,음봉,잔구간,0.1,-0.59,2026-09-29
STUB,1.2,5.31,8728920,7153309,46.35,44.27,1.0,-0.2,0.4,매수관심,팽이도지,완만한상승,0.42,0.8,2026-09-29
STWD,1.2,14.36,5053520,4389660,72.57,73.19,1.0,-0.1,0.4,매수관심,팽이도지,완만한상승,0.48,0.88,2026-09-29
SSP,1.2,2.61,508306,436874,1.33,2.04,0.6,-0.7,-2.2,매도주의,음봉,전저점이탈,0.17,-1.85,2026-09-29
AKR,1.2,19.2,1121386,947967,21.53,23.65,0.9,-0.6,0.3,중립,위꼬리양봉,잔구간,0.35,-0.59,2026-09-29
AIV,1.2,2.06,2558843,2064851,5.27,4.63,1.1,0.5,-4.2,강한매도,장대음봉,전저점이탈,0.1,-3.23,2026-09-29
AIRO,1.2,6.79,306637,266638,2.08,3.07,0.7,0.4,-3.0,강한매도,장대음봉,전저점이탈,0.09,-3.24,2026-09-29
SPRY,1.1,4.4,1274704,1125306,5.61,6.25,0.9,-0.5,7.1,강한매수,장대양봉,완만한상승,0.92,3.4,2026-09-29
RYN,1.1,18.58,3896269,3557508,72.39,72.72,1.0,-0.5,-0.6,매도주의,위꼬리음봉,잔구간,0.08,-1.0,2026-09-29
IIIV,1.1,13.98,501335,456293,7.01,12.16,0.6,-0.4,-2.6,매도주의,음봉,전저점이탈,0.13,-1.89,2026-09-29
WOOF,1.1,2.28,2016938,1881945,4.6,4.82,1.0,-0.9,1.3,매수관심,양봉,완만한상승,0.64,1.77,2026-09-29
XPER,1.1,5.53,407005,366654,2.25,2.03,1.1,0.2,0.7,강한매수,양봉,완만한상승,1.0,2.2,2026-09-29
CRBP,1.1,6.63,786178,733270,5.21,8.14,0.6,0.1,-4.3,강한매도,장대음봉,전저점이탈,0.09,-3.24,2026-09-29
PESI,1.1,15.41,408944,385975,6.3,6.8,0.9,1.1,-2.5,중립,음봉,잔구간,0.5,-0.35,2026-09-29
PEB,1.1,18.71,1936243,1820435,36.23,41.71,0.9,0.0,-0.1,중립,망치형,잔구간,0.85,0.71,2026-09-29
NHP,1.1,16.23,742379,673441,12.05,15.43,0.8,1.2,-0.6,강한매수,망치형,완만한상승,0.79,2.25,2026-09-29
ECX,1.1,1.065,1727497,1506681,1.84,1.28,1.4,-2.7,-3.2,매도주의,장대음봉,수횡파,0.18,-1.78,2026-09-29
EFC,1.1,12.18,1598536,1521962,19.47,19.9,1.0,0.2,-0.3,중립,팽이도지,잔구간,0.41,-0.055,2026-09-29
PTA,1.1,17.43,306276,291197,5.34,5.67,0.9,0.2,1.8,매수관심,장대양봉,잔구간,0.97,1.28,2026-09-29
EGY,1.1,5.64,1333792,1235947,7.52,9.73,0.8,-1.6,-0.5,강한매도,위꼬리음봉,전저점이탈,0.1,-2.73,2026-09-29
RC,1.1,1.24,1669554,1574857,2.07,2.79,0.7,0.8,-5.3,강한매도,장대음봉,전저점이탈,0.06,-3.28,2026-09-29
RDW,1.1,10.73,13794260,12982050,148.01,161.27,0.9,2.2,-6.3,매도주의,장대음봉,잔구간,0.08,-1.25,2026-09-29
NVDQ,1.1,8.24,7052497,6251271,58.11,50.14,1.2,-1.7,3.3,매수관심,장대양봉,잔구간,0.98,1.29,2026-09-29
EQX,1.1,11.4,16365481,15253248,186.57,185.41,1.0,1.2,0.4,중립,팽이도지,잔구간,0.64,0.085,2026-09-29
AVS,1.1,8.16,10086847,9250889,82.31,77.24,1.1,-2.0,0.6,매수관심,양봉스프링,잔구간,0.9,0.99,2026-09-29
NTST,1.1,17.93,1812178,1698906,32.49,39.34,0.8,-0.4,-0.7,매도주의,음봉,전저점이탈,0.35,-1.63,2026-09-29
NVD,1.1,3.66,81504101,75645825,298.31,303.83,1.0,-1.7,3.1,매수관심,장대양봉,잔구간,0.94,1.265,2026-09-29
NVDY,1.1,12.7,1548114,1469839,19.66,19.5,1.0,0.4,-0.8,중립,음봉,잔구간,0.05,-0.62,2026-09-29
LAR,1.1,5.49,1221802,1124106,6.71,8.48,0.8,0.4,1.1,중립,양봉,잔구간,0.75,0.5,2026-09-29
HAWK,1.1,15.38,1210916,1076438,18.62,23.6,0.8,0.7,-1.5,매도주의,음봉,전저점이탈,0.26,-1.74,2026-09-29
KD,1.1,11.29,3964447,3622263,44.76,48.32,0.9,0.6,-0.0,중립,팽이도지,잔구간,0.64,0.085,2026-09-29
KURA,1.1,10.805,1890263,1722204,20.42,21.44,1.0,0.4,1.5,중립,양봉,잔구간,0.73,0.49,2026-09-29
KVYO,1.1,15.25,7493596,6959921,114.28,114.72,1.0,-0.7,-0.3,중립,팽이도지,잔구간,0.56,0.035,2026-09-29
LCID,1.1,4.07,10150248,9592806,41.31,48.64,0.8,1.4,2.9,중립,양봉,잔구간,0.96,0.625,2026-09-29
LDI,1.1,0.606,5437548,5025511,3.3,5.49,0.6,0.7,-1.3,중립,팽이도지,전저점부근,0.49,0.74,2026-09-29
LEVI,1.1,19.75,2461820,2198452,48.62,49.81,1.0,-0.1,-0.2,중립,망치형,잔구간,0.6,0.56,2026-09-29
LFTO,1.1,15.83,559841,516987,8.86,21.75,0.4,0.0,1.1,중립,양봉,잔구간,0.78,0.52,2026-09-29
ITRG,1.1,2.66,1498638,1355075,3.99,4.1,1.0,1.2,1.5,매수관심,장대양봉,잔구간,1.0,1.3,2026-09-29
JACK,1.1,13.46,541661,495324,7.29,7.48,1.0,0.4,-2.1,매도주의,장대음봉,잔구간,0.0,-1.3,2026-09-29
GOSS,1.1,11.58,384008,342749,4.45,3.76,1.2,1.4,-0.9,매수관심,팽이도지,완만한상승,0.58,1.0,2026-09-29
ADT,1.1,6.14,8921783,8370400,54.78,63.23,0.9,0.2,-1.0,중립,음봉,전저점부근,0.46,0.0,2026-09-29
VCV,1.1,9.0,387553,346099,3.49,2.51,1.4,0.0,0.8,중립,양봉,잔구간,0.87,0.57,2026-09-29
JBS,1.1,11.37,5333100,4952676,60.64,60.3,1.0,-0.9,-1.1,중립,음봉,잔구간,0.14,-0.565,2026-09-29
JOBY,1.1,5.99,24110501,21041737,144.42,144.61,1.0,2.0,-3.9,강한매도,장대음봉,전저점이탈,0.13,-3.19,2026-09-29
NAD,1.1,9.91,3328268,2916052,32.98,24.35,1.4,0.4,0.0,중립,팽이도지,잔구간,0.69,0.115,2026-09-29
NAVI,1.1,9.07,1382760,1228332,12.54,16.85,0.7,0.0,2.4,중립,양봉,잔구간,0.67,0.45,2026-09-29
TK,1.1,14.11,554834,526876,7.83,9.07,0.9,-1.2,2.2,매수관심,양봉,완만한상승,0.71,1.85,2026-09-29
NNE,1.1,15.79,1739122,1640712,27.46,35.41,0.8,2.4,-4.6,매도주의,장대음봉,잔구간,0.04,-1.275,2026-09-29
NEO,1.1,18.74,2695714,2465602,50.52,48.27,1.0,0.1,-2.9,중립,음봉,잔구간,0.14,-0.565,2026-09-29
TLRY,1.1,3.95,3500842,3261715,13.83,13.05,1.1,0.2,-2.0,매도주의,장대음봉,잔구간,0.09,-1.245,2026-09-29
TFSL,1.1,16.3,718968,634499,11.72,12.01,1.0,0.0,-0.9,매도주의,음봉,전저점이탈,0.34,-1.64,2026-09-29
BRBR,1.1,7.75,3139122,2871070,24.33,31.5,0.8,-1.6,1.7,중립,양봉,잔구간,0.95,0.62,2026-09-29
SMJF,1.1,2.57,1485155,1319267,3.82,1.63,2.3,-1.3,16.8,강한매수,양봉,전고점돌파,0.42,2.1,2026-09-29
FVRR,1.1,8.55,589896,555445,5.04,5.22,1.0,0.2,-0.3,강한매수,망치형,수횡파,0.65,2.7800000000000002,2026-09-29
BLOX,1.1,13.89,382413,337677,5.31,4.81,1.1,1.4,-0.8,중립,음봉,잔구간,0.38,-0.42,2026-09-29
UPBD,1.1,15.62,1095220,980167,17.11,16.83,1.0,0.7,-1.8,매도주의,장대음봉,잔구간,0.29,-1.125,2026-09-29
ASAN,1.1,8.23,9322769,8441839,76.73,101.56,0.8,-0.5,-4.3,매도주의,음봉,전저점이탈,0.35,-1.63,2026-09-29
REZI,1.1,18.12,1482503,1394295,26.86,42.4,0.6,0.3,-0.9,중립,음봉,잔구간,0.27,-0.49,2026-09-29
SIBN,1.1,19.15,624172,570280,11.95,10.61,1.1,0.9,1.2,매수관심,팽이도지,전고점돌파,0.55,1.56,2026-09-29
SHC,1.1,18.6,1643393,1446534,30.57,42.02,0.7,-0.1,0.9,중립,양봉,잔구간,0.87,0.57,2026-09-29
RUN,1.1,7.72,8597672,7762791,66.37,68.38,1.0,1.6,-0.9,강한매수,망치형,완만한상승,0.75,2.2,2026-09-29
RLAY,1.1,18.36,3589096,3331048,65.9,70.14,0.9,-0.2,4.0,매수관심,장대양봉,잔구간,0.88,1.23,2026-09-29
KYN,1.1,13.6,383295,347504,5.21,4.32,1.2,-0.8,-0.5,매도주의,음봉,전저점이탈,0.36,-1.62,2026-09-29
GPRO,1.1,1.325,11612074,10701098,15.39,20.08,0.8,0.8,-1.1,매도주의,위꼬리음봉,수횡파,0.23,-1.22,2026-09-29
GRAB,1.1,3.12,78188981,71406294,243.95,277.14,0.9,1.1,-0.3,중립,팽이도지,완만한상승,0.27,0.62,2026-09-29
GSBD,1.1,9.49,798512,717452,7.58,8.29,0.9,-0.4,0.7,중립,양봉,잔구간,0.35,0.26,2026-09-29
VERX,1.1,11.15,1247542,1146028,13.91,16.8,0.8,-0.5,1.4,중립,양봉,잔구간,0.73,0.49,2026-09-29
BTE,1.1,4.47,21147672,18646592,94.53,88.01,1.1,-2.9,1.6,매수관심,양봉,전저점부근,0.56,1.52,2026-09-29
ET,1.1,19.91,10278983,9384283,204.65,193.88,1.1,-0.8,-0.2,매수관심,팽이도지,전저점부근,0.58,0.85,2026-09-29
BSCR,1.1,19.535,747149,662857,14.6,14.01,1.0,0.1,-0.1,매도주의,장대음봉,잔구간,0.25,-1.15,2026-09-29
CDE,1.1,17.84,42350825,37005921,755.54,789.71,1.0,0.0,-0.2,강한매수,망치형,전저점부근,0.89,3.22,2026-09-29
SONO,1.1,17.85,2205111,1999008,39.36,39.69,1.0,-0.3,-0.3,중립,팽이도지,잔구간,0.61,0.065,2026-09-29
CFFN,1.1,8.37,1078398,964323,9.03,10.19,0.9,0.0,-1.1,매도주의,음봉,전저점이탈,0.25,-1.75,2026-09-29
OGG,1.1,2.8,2292837,2015146,6.42,4.23,1.5,1.1,-0.4,강한매수,망치형,완만한상승,0.74,2.19,2026-09-29
ONDL,1.1,5.51,1189263,1110800,6.55,5.73,1.1,5.6,-10.1,매도주의,장대음봉,잔구간,0.07,-1.26,2026-09-29
OCTV,1.1,18.63,2149266,1967268,40.04,72.4,0.6,-1.2,1.5,강한매수,양봉,완만한상승,0.83,2.0,2026-09-29
ERY,1.1,9.46,19897882,18808475,188.23,177.2,1.1,3.2,-1.3,중립,음봉,완만한상승,0.28,-0.06,2026-09-29
ODD,1.1,17.9,934313,832402,16.72,24.49,0.7,1.1,0.6,매수관심,팽이도지,완만한상승,0.75,1.2,2026-09-29
PL,1.1,16.38,10404438,9464951,170.42,174.13,1.0,1.7,-3.9,중립,음봉,잔구간,0.25,-0.5,2026-09-29
SOUN,1.1,5.84,14914482,13711993,87.1,101.69,0.9,1.2,-1.0,중립,음봉,전저점부근,0.15,-0.37,2026-09-29
PMM,1.1,5.48,331711,297372,1.82,1.13,1.6,0.0,-0.5,중립,팽이도지,잔구간,0.38,-0.07,2026-09-29
PMT,1.1,8.0,1881843,1785149,15.05,19.66,0.8,0.5,-1.4,중립,음봉,전저점부근,0.1,-0.43,2026-09-29
LYFT,1.1,15.07,8590085,7757945,129.45,136.12,1.0,0.8,0.5,중립,위꼬리양봉,완만한상승,0.4,-0.22,2026-09-29
MIR,1.1,14.34,3886074,3678345,55.73,63.05,0.9,1.8,-1.8,중립,음봉,전저점부근,0.29,-0.2,2026-09-29
ARCC,1.1,19.36,4640459,4398685,89.84,90.63,1.0,0.2,1.0,중립,양봉,잔구간,0.66,0.445,2026-09-29
MAMA,1.1,12.87,663512,604001,8.54,13.71,0.6,-0.3,-1.8,중립,음봉,전저점부근,0.36,-0.12,2026-09-29
GAU,1.1,1.98,2653220,2338767,5.25,5.14,1.0,1.6,1.0,매수관심,양봉스프링,잔구간,0.88,0.98,2026-09-29
GBDC,1.1,12.65,1325279,1207971,16.76,17.11,1.0,0.5,0.8,매수관심,양봉,완만한상승,0.74,1.89,2026-09-29
MEC,1.1,16.32,612414,575414,9.99,11.46,0.9,0.7,-3.8,강한매도,음봉,전저점이탈,0.0,-2.05,2026-09-29
MEDS,1.1,3.67,1479818,1338614,5.43,149.53,0.0,2.4,-5.9,매도주의,장대음봉,잔구간,0.19,-1.185,2026-09-29
MBC,1.1,6.97,4082267,3594965,28.45,29.19,1.0,0.3,-0.1,강한매수,망치형,완만한상승,0.74,2.19,2026-09-29
OPRT,1.1,8.23,830536,774369,6.84,6.7,1.0,-0.2,-0.4,중립,팽이도지,잔구간,0.44,-0.035,2026-09-29
SSTK,1.1,4.02,926389,812077,3.72,4.13,0.9,0.0,-1.0,중립,망치형,잔구간,0.76,0.655,2026-09-29
BEKE,1.1,16.6,7426042,6814402,123.27,98.84,1.2,-1.7,-0.4,중립,망치형,잔구간,0.75,0.65,2026-09-29
MGNX,1.1,3.77,616434,548019,2.32,2.48,0.9,0.5,-7.6,매도주의,장대음봉,잔구간,0.06,-1.265,2026-09-29
UAMY,1.1,4.18,4579381,4332881,19.14,22.17,0.9,2.1,-3.9,강한매도,장대음봉,전저점이탈,0.1,-3.23,2026-09-29
MMU,1.1,8.8,316416,299017,2.78,2.9,1.0,0.2,-0.6,중립,팽이도지,잔구간,0.45,-0.03,2026-09-29
CION,1.1,7.16,319119,290573,2.28,2.44,0.9,0.7,0.6,중립,위꼬리양봉,완만한상승,0.41,-0.21,2026-09-29
MNOV,1.1,1.92,599164,563213,1.15,5.08,0.2,-2.4,-6.3,중립,음봉,잔구간,0.52,-0.34,2026-09-29
TU,1.1,8.16,7406812,6606038,60.44,61.42,1.0,-0.4,-2.0,강한매도,장대음봉,전저점이탈,0.13,-3.19,2026-09-29
FDMT,1.1,14.49,1376244,1241734,19.94,17.06,1.2,1.0,-1.4,중립,팽이도지,잔구간,0.54,0.025,2026-09-29
MFA,1.1,8.0,1858277,1710469,14.87,15.72,0.9,0.0,-0.1,중립,팽이도지,잔구간,0.44,-0.035,2026-09-29
FLYW,1.1,17.33,1678330,1514712,29.09,25.98,1.1,0.0,0.2,매수관심,팽이도지,완만한상승,0.59,1.01,2026-09-29
MSOS,1.1,5.09,5250953,4801137,26.73,25.12,1.1,0.2,-1.5,매도주의,장대음봉,잔구간,0.24,-1.155,2026-09-29
FPEI,1.1,18.48,401470,380287,7.42,8.36,0.9,0.2,-0.2,중립,음봉,전저점부근,0.57,0.13,2026-09-29
FRMI,1.1,4.28,15748078,14360119,67.4,90.78,0.7,0.9,-0.5,중립,팽이도지,잔구간,0.35,-0.09,2026-09-29
FIP,1.1,2.82,1154143,1056506,3.25,4.59,0.7,1.7,-4.1,매도주의,장대음봉,잔구간,0.37,-1.08,2026-09-29
LTRX,1.1,7.22,1229716,1135989,8.88,9.71,0.9,1.7,-1.6,중립,음봉,완만한상승,0.37,0.04,2026-09-29
GGT,1.1,3.98,321308,301263,1.28,1.45,0.9,0.0,0.0,중립,팽이도지,완만한상승,0.36,0.73,2026-09-29
AQN,1.1,5.05,4363830,3803008,22.04,21.49,1.0,-1.2,2.0,매수관심,장대양봉,잔구간,0.87,1.22,2026-09-29
MPLT,1.1,10.15,408312,377010,4.14,6.39,0.6,1.8,-4.6,매도주의,장대음봉,전저점부근,0.06,-1.78,2026-09-29
HTZ,1.1,1.68,10273346,9737292,17.26,21.94,0.8,0.6,-1.2,중립,음봉,전저점부근,0.0,-0.55,2026-09-29
HUMA,1.1,0.533,3612485,3419022,1.92,2.21,0.9,0.4,-3.0,매도주의,장대음봉,전저점부근,0.08,-1.75,2026-09-29
HYLN,1.1,4.01,2037363,1922988,8.17,8.5,1.0,6.1,-4.5,매도주의,장대음봉,완만한상승,0.09,-1.59,2026-09-29
YELP,1.1,18.28,1775446,1648436,32.46,28.73,1.1,-0.2,4.1,매수관심,장대양봉,잔구간,0.8,1.18,2026-09-29
AAOX,1.1,9.46,10890824,10296185,103.03,92.0,1.1,3.8,4.0,매수관심,양봉,완만한상승,0.53,1.64,2026-09-29
VYX,1.1,6.62,2807518,2490624,18.59,24.35,0.8,1.0,-4.1,매도주의,장대음봉,전저점부근,0.11,-1.72,2026-09-29
ALVO,1.1,5.92,1169798,1088396,6.93,9.05,0.8,-0.2,-3.5,매도주의,장대음봉,수횡파,0.28,-1.66,2026-09-29
IAG,1.1,18.64,6618746,6176521,123.37,138.22,0.9,0.9,-1.1,중립,음봉,잔구간,0.62,-0.28,2026-09-29
HTGC,1.1,16.97,1201108,1078200,20.38,20.88,1.0,0.3,0.1,중립,위꼬리양봉,잔구간,0.23,-0.66,2026-09-29
CAPR,1.1,8.57,2674690,2410579,22.92,23.27,1.0,0.4,-2.0,중립,음봉,잔구간,0.15,-0.56,2026-09-29
AMPG,1.1,3.22,720775,643912,2.32,2.16,1.1,1.0,1.3,중립,양봉,잔구간,0.63,0.43,2026-09-29
WTTR,1.1,19.34,2187775,2003000,42.31,43.52,1.0,-1.8,-2.4,매도주의,장대음봉,잔구간,0.08,-1.25,2026-09-29
ALM,1.1,13.19,6538056,6160201,86.24,87.71,1.0,4.1,-4.1,중립,음봉,잔구간,0.45,-0.38,2026-09-29
WSE,1.1,11.38,2081477,1938109,23.69,22.07,1.1,0.0,-1.0,중립,망치형,잔구간,0.68,0.61,2026-09-29
CADL,1.1,10.88,963288,882575,10.48,13.13,0.8,0.5,-3.3,중립,음봉,잔구간,0.46,-0.375,2026-09-29
WEN,1.1,6.54,5270713,4618859,34.47,43.83,0.8,0.2,2.2,매수관심,장대양봉,잔구간,0.85,1.21,2026-09-29
VALE,1.1,13.3,26583502,24388972,353.56,372.96,0.9,-0.3,-1.8,강한매도,장대음봉,전저점이탈,0.27,-3.03,2026-09-29
WWW,1.1,19.24,626633,558879,12.06,12.88,0.9,0.1,0.5,강한매수,양봉스프링,완만한상승,0.96,2.95,2026-09-29
PCQ,1.1,7.58,383322,346526,2.91,2.15,1.4,-0.7,-0.7,중립,음봉,전저점부근,0.07,-0.47,2026-09-29
PD,1.1,14.95,1664459,1583000,24.88,22.86,1.1,-0.6,3.8,강한매수,장대양봉,완만한상승,0.95,3.44,2026-09-29
IREX,1.1,13.69,1403828,1238367,19.22,23.97,0.8,3.7,-5.0,강한매도,장대음봉,전저점이탈,0.24,-3.06,2026-09-29
AIRJ,1.1,3.95,891565,788778,3.52,3.76,0.9,0.5,-2.7,매도주의,장대음봉,잔구간,0.06,-1.265,2026-09-29
INO,1.1,1.11,3060021,2788292,3.4,3.31,1.0,0.9,-5.9,강한매도,장대음봉,전저점이탈,0.13,-3.19,2026-09-29
ZURA,1.1,4.0,2044144,1786649,8.18,8.39,1.0,0.0,-2.4,중립,음봉,잔구간,0.29,-0.475,2026-09-29
VISN,1.1,5.94,6745557,5937334,40.07,55.71,0.7,0.5,-2.9,매도주의,장대음봉,전저점부근,0.1,-1.73,2026-09-29
HE,1.1,9.08,3049761,2852644,27.69,30.52,0.9,-0.6,2.0,매수관심,장대양봉,잔구간,0.82,1.19,2026-09-29
IRE,1.1,9.4,5877440,5313111,55.25,65.51,0.8,2.9,-5.0,매도주의,음봉,전저점이탈,0.24,-1.76,2026-09-29
SBH,1.0,16.46,1274358,1214989,20.98,22.79,0.9,0.5,-3.2,매도주의,장대음봉,잔구간,0.05,-1.27,2026-09-29
HDSN,1.0,5.15,400756,401406,2.06,2.27,0.9,0.6,0.4,강한매수,양봉스프링,완만한상승,0.83,2.8,2026-09-29
HIO,1.0,3.3,914991,896547,3.02,2.67,1.1,0.3,0.6,중립,양봉,잔구간,0.8,0.53,2026-09-29
IRD,1.0,4.955,1525569,1538075,7.56,11.29,0.7,0.4,-2.3,중립,음봉,잔구간,0.44,-0.385,2026-09-29
HBNC,1.0,18.86,521011,541170,9.83,11.74,0.8,0.1,-1.0,중립,음봉,전저점부근,0.21,-0.3,2026-09-29
INDP,1.0,2.85,590369,604478,1.68,3.46,0.5,-1.5,-12.0,강한매도,장대음봉,전저점이탈,0.08,-3.25,2026-09-29
INIO,1.0,18.38,6100300,6389413,112.12,142.18,0.8,0.4,0.8,중립,위꼬리양봉,잔구간,0.36,-0.585,2026-09-29
INMD,1.0,14.22,362736,364239,5.16,6.99,0.7,-0.1,0.2,강한매수,양봉스프링,완만한상승,0.93,2.92,2026-09-29
INV,1.0,0.6,5595432,5652159,3.36,11.45,0.3,-0.0,-13.0,매도주의,장대음봉,전저점부근,0.16,-1.66,2026-09-29
IMDX,1.0,3.38,311221,311386,1.05,1.28,0.8,1.6,4.6,매수관심,양봉,완만한상승,0.71,1.85,2026-09-29
PBR.A,1.0,18.79,6896980,7097193,129.59,131.75,1.0,-1.2,2.0,강한매수,장대양봉,완만한상승,0.93,3.42,2026-09-29
PCG,1.0,12.18,46270430,45524596,563.57,492.29,1.1,0.0,1.9,중립,양봉,잔구간,1.0,0.65,2026-09-29
PCT,1.0,4.43,6275424,6061066,27.8,28.48,1.0,1.1,-5.9,강한매도,장대음봉,전저점이탈,0.22,-3.09,2026-09-29
PDBC,1.0,19.09,5384581,5345057,102.79,113.09,0.9,-1.3,-0.2,강한매도,위꼬리음봉,전저점이탈,0.1,-2.73,2026-09-29
AESI,1.0,11.65,4271955,4186148,49.77,51.57,1.0,0.6,-5.8,매도주의,장대음봉,잔구간,0.07,-1.26,2026-09-29
AI,1.0,10.34,3590014,3726883,37.12,46.34,0.8,-0.3,-0.4,매도주의,위꼬리음봉,잔구간,0.21,-0.925,2026-09-29
JQC,1.0,4.7,855639,829849,4.02,4.0,1.0,0.0,0.2,중립,위꼬리양봉,잔구간,0.33,-0.6,2026-09-29
JRVR,1.0,3.41,349036,336521,1.19,1.39,0.9,-0.9,0.0,중립,팽이도지,잔구간,0.45,-0.03,2026-09-29
GOOS,1.0,7.71,651963,652643,5.03,6.35,0.8,1.3,-0.8,중립,음봉,완만한상승,0.47,0.16,2026-09-29
VIPS,1.0,12.38,2286389,2292721,28.31,32.33,0.9,-0.6,-0.1,중립,팽이도지,잔구간,0.55,0.03,2026-09-29
UTI,1.0,18.63,2165660,2276642,40.35,45.47,0.9,-0.7,1.6,중립,팽이도지,잔구간,0.53,0.02,2026-09-29
BVS,1.0,14.0,449072,442420,6.29,6.45,1.0,-0.5,0.4,중립,팽이도지,잔구간,0.6,0.06,2026-09-29
WSC,1.0,17.45,3636721,3712221,63.46,57.08,1.1,-0.1,-2.3,매도주의,음봉,전저점이탈,0.38,-1.59,2026-09-29
SAFX,1.0,0.354,3955035,4099134,1.4,2.16,0.6,-0.5,-4.4,중립,음봉,잔구간,0.3,-0.47,2026-09-29
SANA,1.0,2.91,3047698,3194814,8.87,13.56,0.7,0.5,-1.2,매도주의,위꼬리음봉,잔구간,0.12,-0.98,2026-09-29
SATL,1.0,5.6,6165778,5996356,34.53,35.38,1.0,2.0,-9.2,매도주의,장대음봉,잔구간,0.04,-1.275,2026-09-29
BUYW,1.0,14.48,502725,495941,7.28,8.49,0.9,0.0,0.1,매수관심,팽이도지,완만한상승,0.73,1.18,2026-09-29
AMPL,1.0,13.64,1486918,1525991,20.28,19.1,1.1,-0.9,3.5,강한매수,장대양봉,완만한상승,0.92,3.4,2026-09-29
WCT,1.0,8.06,1026069,1008406,8.27,10.01,0.8,0.8,0.8,강한매수,양봉스프링,완만한상승,0.95,2.94,2026-09-29
WU,1.0,5.97,7874566,8277343,47.01,70.95,0.7,-1.0,-1.5,중립,음봉,잔구간,0.26,-0.495,2026-09-29
VTS,1.0,16.7,495396,494414,8.27,10.19,0.8,-0.7,0.4,중립,팽이도지,잔구간,0.59,0.055,2026-09-29
IE,1.0,10.64,2116946,2081311,22.52,24.07,0.9,1.7,-1.7,강한매수,망치형,완만한상승,0.62,2.04,2026-09-29
HTLD,1.0,11.65,788591,808781,9.19,11.29,0.8,-0.2,2.0,매수관심,장대양봉,잔구간,0.71,1.125,2026-09-29
CRF,1.0,6.13,1336306,1389121,8.19,10.2,0.8,0.0,-0.2,중립,망치형,잔구간,0.82,0.69,2026-09-29
PFXF,1.0,17.57,656815,651421,11.54,11.44,1.0,0.1,0.3,중립,양봉,잔구간,1.0,0.65,2026-09-29
COTY,1.0,2.69,4976818,4834227,13.39,13.75,1.0,-0.4,0.7,강한매수,양봉스프링,완만한상승,0.86,2.83,2026-09-29
PDYN,1.0,5.22,849491,848298,4.43,5.26,0.8,2.1,-3.2,매도주의,음봉,전저점이탈,0.4,-1.57,2026-09-29
GNW,1.0,9.23,3260458,3348627,30.09,51.36,0.6,0.0,-1.6,매도주의,음봉,전저점이탈,0.25,-1.75,2026-09-29
LUMN,1.0,5.54,10056599,10566096,55.71,85.34,0.7,0.5,-0.4,중립,팽이도지,잔구간,0.5,0.0,2026-09-29
UMH,1.0,15.47,528019,522048,8.17,12.11,0.7,-0.1,-0.5,중립,음봉,잔구간,0.27,-0.49,2026-09-29
GME.WS,1.0,2.17,692393,710397,1.5,1.63,0.9,2.3,-10.0,강한매도,장대음봉,전저점이탈,0.17,-3.15,2026-09-29
FNB,1.0,17.32,4990229,5107855,86.43,88.5,1.0,0.0,-0.6,중립,음봉,잔구간,0.32,-0.46,2026-09-29
FIGS,1.0,14.06,2626364,2503280,36.93,31.2,1.2,0.4,2.9,강한매수,양봉,전고점돌파,0.7,2.44,2026-09-29
MORT,1.0,8.61,1980505,2055047,17.05,17.01,1.0,0.0,-0.2,중립,팽이도지,잔구간,0.46,-0.025,2026-09-29
APPX,1.0,12.03,1713970,1712426,20.62,23.43,0.9,1.4,-3.0,중립,음봉,전저점부근,0.11,-0.42,2026-09-29
APUS,1.0,5.02,768441,764905,3.86,71.12,0.1,-3.4,-18.6,매도주의,장대음봉,잔구간,0.25,-1.15,2026-09-29
TTD,1.0,12.05,22670372,22473461,273.18,463.26,0.6,0.6,-3.0,매도주의,음봉,전저점이탈,0.29,-1.7,2026-09-29
TTI,1.0,5.81,1541161,1512746,8.95,11.43,0.8,0.0,-1.7,매도주의,음봉,전저점이탈,0.22,-1.79,2026-09-29
MICC,1.0,18.55,598362,575794,11.1,12.99,0.9,-2.0,0.7,중립,양봉,전저점이탈,0.91,0.44,2026-09-29
TSLL,1.0,8.92,60113087,62170296,536.21,623.47,0.9,0.5,-3.0,강한매도,장대음봉,전저점이탈,0.2,-3.11,2026-09-29
CIM,1.0,10.2,1574715,1573036,16.06,16.06,1.0,0.1,0.2,중립,팽이도지,잔구간,0.43,-0.04,2026-09-29
BHK,1.0,8.3,410994,429006,3.41,4.19,0.8,0.5,0.1,매수관심,양봉스프링,잔구간,1.0,1.05,2026-09-29
SSPC,1.0,9.01,11084860,11305730,99.87,121.32,0.8,-1.9,-3.6,중립,음봉,잔구간,0.15,-0.56,2026-09-29
BITU,1.0,15.2,3943930,3843152,59.95,71.66,0.8,2.3,-1.8,중립,음봉,잔구간,0.47,-0.37,2026-09-29
SPCU,1.0,13.06,954008,1002684,12.46,16.57,0.8,3.0,1.8,중립,양봉,잔구간,0.79,0.525,2026-09-29
SUPV,1.0,6.96,614351,625973,4.28,3.97,1.1,-0.4,0.4,중립,팽이도지,잔구간,0.63,0.08,2026-09-29
OXLC,1.0,9.01,950362,983588,8.56,9.89,0.9,-0.1,1.2,매수관심,장대양봉,잔구간,0.75,1.15,2026-09-29
TENX,1.0,1.84,2271260,2199265,4.18,5.54,0.8,-1.1,0.5,중립,팽이도지,잔구간,0.38,-0.07,2026-09-29
SVM,1.0,10.83,1708363,1775617,18.5,21.67,0.9,-0.9,1.6,중립,양봉,잔구간,0.97,0.63,2026-09-29
SWBI,1.0,14.06,440674,445151,6.2,7.65,0.8,0.1,0.1,강한매수,양봉스프링,완만한상승,0.75,2.7,2026-09-29
SWIM,1.0,6.14,702404,715648,4.31,5.17,0.8,0.8,-1.9,중립,음봉,잔구간,0.17,-0.55,2026-09-29
SXC,1.0,9.33,984360,948303,9.18,10.32,0.9,-0.9,-2.3,매도주의,장대음봉,잔구간,0.15,-1.21,2026-09-29
PAX,1.0,10.06,982336,969680,9.88,10.09,1.0,0.0,0.0,강한매수,양봉스프링,완만한상승,0.85,2.82,2026-09-29
OPK,1.0,1.62,1727888,1782474,2.8,3.92,0.7,-0.6,0.0,중립,팽이도지,잔구간,0.4,-0.06,2026-09-29
OPTU,1.0,1.02,1706659,1792914,1.74,2.57,0.7,-1.8,2.8,매수관심,양봉,완만한상승,0.79,1.95,2026-09-29
OSPN,1.0,17.82,563202,538085,10.04,13.29,0.8,0.0,-0.3,중립,망치형,잔구간,0.79,0.675,2026-09-29
STGW,1.0,8.18,1005839,1022417,8.23,11.38,0.7,0.4,-0.8,중립,음봉,잔구간,0.65,-0.26,2026-09-29
MBI,1.0,4.29,400757,394899,1.72,2.26,0.8,0.0,-0.5,중립,음봉,전저점부근,0.17,-0.35,2026-09-29
FRSH,1.0,12.58,4726276,4936218,59.46,57.84,1.0,-0.6,1.0,중립,양봉,잔구간,0.93,0.61,2026-09-29
LXRX,1.0,1.88,3946250,3807120,7.42,8.59,0.9,1.1,-2.1,중립,음봉,잔구간,0.57,-0.31,2026-09-29
LYG,1.0,5.69,17032853,16496509,96.92,87.84,1.1,-0.2,-0.4,중립,망치형,잔구간,0.63,0.58,2026-09-29
LZ,1.0,5.55,2538383,2646569,14.09,16.61,0.8,0.2,1.6,중립,양봉,잔구간,1.0,0.65,2026-09-29
SPAX,1.0,10.0,1809815,1797689,18.1,19.1,0.9,1.8,3.1,중립,양봉,잔구간,0.8,0.53,2026-09-29
PML,1.0,6.46,997687,1029349,6.45,5.94,1.1,0.2,-0.8,중립,음봉,전저점부근,0.41,-0.06,2026-09-29
PNNT,1.0,3.34,390138,391262,1.3,1.75,0.7,0.3,1.2,중립,양봉,잔구간,0.44,0.315,2026-09-29
PREF,1.0,18.35,331655,330785,6.09,9.68,0.6,0.1,-0.3,매도주의,장대음봉,전저점부근,0.25,-1.55,2026-09-29
BBOT,1.0,3.92,537352,516340,2.11,2.84,0.7,0.5,2.3,중립,양봉,잔구간,0.55,0.38,2026-09-29
PRME,1.0,3.09,3605632,3508336,11.14,11.72,1.0,1.9,5.5,매수관심,장대양봉,잔구간,0.82,1.19,2026-09-29
PRGO,1.0,15.0,2598618,2605898,38.98,48.37,0.8,0.2,-0.9,중립,음봉,잔구간,0.46,-0.375,2026-09-29
PRLD,1.0,3.96,458489,460518,1.82,2.45,0.7,1.0,0.3,매수관심,양봉스프링,잔구간,0.76,0.905,2026-09-29
PLTK,1.0,2.15,801924,826481,1.72,2.6,0.7,0.0,0.9,중립,위꼬리양봉,완만한상승,0.38,-0.24,2026-09-29
CLBT,1.0,10.93,3514795,3437154,38.42,33.59,1.1,-0.6,-0.6,중립,음봉,잔구간,0.62,-0.28,2026-09-29
OFIX,1.0,9.75,433763,438550,4.23,3.83,1.1,-0.4,-0.5,중립,망치형,잔구간,0.79,0.675,2026-09-29
OGN,1.0,13.74,1628743,1691898,22.38,31.4,0.7,0.0,0.1,매수관심,양봉,완만한상승,0.67,1.8,2026-09-29
CWK,1.0,11.75,1840024,1832063,21.62,24.29,0.9,-0.5,-0.4,매도주의,위꼬리음봉,잔구간,0.23,-0.91,2026-09-29
EROC,1.0,12.14,1956269,1904343,23.75,35.24,0.7,4.8,-2.5,중립,음봉,잔구간,0.31,-0.465,2026-09-29
ESRT,1.0,4.03,4016861,3844085,16.19,23.23,0.7,-0.2,-0.5,중립,팽이도지,잔구간,0.27,-0.14,2026-09-29
BSCW,1.0,19.595,360782,345959,7.07,11.36,0.6,0.0,0.0,매수관심,양봉스프링,잔구간,0.9,0.99,2026-09-29
BSM,1.0,14.31,338424,332510,4.84,5.48,0.9,-0.9,-0.1,강한매도,위꼬리음봉,전저점이탈,0.21,-2.6,2026-09-29
BNL,1.0,18.88,1514451,1466629,28.59,42.88,0.7,-0.5,0.7,중립,양봉,잔구간,0.72,0.48,2026-09-29
GRRR,1.0,13.85,453570,470826,6.28,6.23,1.0,2.9,-1.8,중립,음봉,완만한상승,0.18,-0.18,2026-09-29
VELO,1.0,10.8,828361,864280,8.95,10.61,0.8,2.1,-3.6,매도주의,장대음봉,잔구간,0.14,-1.215,2026-09-29
RWM,1.0,14.33,43243481,44031855,619.68,502.72,1.2,-0.1,0.4,매수관심,양봉,완만한상승,0.53,1.64,2026-09-29
RXRX,1.0,4.03,21563989,21504435,86.9,91.95,0.9,0.8,8.0,강한매수,장대양봉,완만한상승,0.97,3.46,2026-09-29
ARCO,1.0,7.12,1331421,1269546,9.48,9.5,1.0,1.0,-1.2,중립,음봉,잔구간,0.28,-0.48,2026-09-29
SLDB,1.0,7.16,1392322,1327382,9.97,14.05,0.7,-0.3,-1.4,중립,망치형,잔구간,0.61,0.565,2026-09-29
SLDP,1.0,2.27,3074003,2974653,6.98,7.39,0.9,1.3,-0.9,중립,음봉,완만한상승,0.47,0.16,2026-09-29
SHIP,1.0,16.425,475600,476548,7.81,8.88,0.9,-0.4,0.4,중립,위꼬리양봉,잔구간,0.14,-0.715,2026-09-29
RLJ,1.0,11.06,1444523,1433047,15.98,19.4,0.8,-0.2,0.1,중립,팽이도지,잔구간,0.68,0.11,2026-09-29
BTAL,1.0,11.98,469897,485196,5.63,7.39,0.8,-0.7,0.4,중립,양봉,잔구간,0.75,0.5,2026-09-29
SES,1.0,0.534,16638404,16765343,8.89,11.58,0.8,0.7,-0.3,매수관심,팽이도지,완만한상승,0.59,1.01,2026-09-29
SFIX,1.0,2.53,5949238,6218263,15.05,12.39,1.2,0.4,2.0,매수관심,양봉,완만한상승,0.73,1.88,2026-09-29
RIG,1.0,5.21,40445945,42122737,210.72,266.16,0.8,-2.1,0.8,매도주의,위꼬리양봉,전저점이탈,0.48,-1.77,2026-09-29
SLRC,1.0,11.71,422222,416914,4.94,4.69,1.1,0.1,0.5,중립,위꼬리양봉,잔구간,0.37,-0.58,2026-09-29
ARR,1.0,14.01,3833070,3934615,53.7,69.77,0.8,0.2,0.0,중립,팽이도지,잔구간,0.55,0.03,2026-09-29
ARTV,1.0,7.03,450565,472557,3.17,5.46,0.6,0.1,-0.4,중립,팽이도지,잔구간,0.42,-0.05,2026-09-29
SHOE,1.0,13.07,975813,971143,12.75,18.34,0.7,1.4,-2.4,매도주의,장대음봉,잔구간,0.2,-1.18,2026-09-29
SPT,1.0,9.41,905946,902205,8.52,12.31,0.7,-0.6,0.0,중립,팽이도지,잔구간,0.58,0.05,2026-09-29
BRUN,1.0,16.65,1412980,1356216,23.53,39.17,0.6,0.9,1.6,중립,위꼬리양봉,잔구간,0.45,-0.53,2026-09-29
METD,1.0,12.59,1552381,1533775,19.54,18.61,1.1,-1.2,-2.0,중립,음봉,잔구간,0.07,-0.61,2026-09-29
FTRE,1.0,19.74,1170631,1146780,23.11,34.44,0.7,-0.8,-0.8,중립,팽이도지,잔구간,0.33,-0.1,2026-09-29
FUBO,1.0,9.09,970428,1008598,8.82,12.96,0.7,1.1,-4.8,강한매도,장대음봉,전저점이탈,0.07,-3.27,2026-09-29
TRIN,1.0,17.76,676893,680804,12.02,15.23,0.8,0.5,1.0,매수관심,양봉,완만한상승,0.74,1.89,2026-09-29
TRLV,1.0,12.41,1722617,1655118,21.38,34.51,0.6,-0.4,1.0,매수관심,양봉,완만한상승,0.59,1.71,2026-09-29
NB,1.0,3.49,2062887,2082275,7.2,8.24,0.9,0.9,-0.3,매수관심,팽이도지,완만한상승,0.6,1.02,2026-09-29
NBIG,1.0,18.47,2358070,2315483,43.55,43.41,1.0,2.3,2.5,중립,위꼬리양봉,완만한상승,0.28,-0.36,2026-09-29
MVIS,1.0,1.46,1035929,1076325,1.51,2.43,0.6,3.4,-3.3,중립,음봉,전저점부근,0.52,0.07,2026-09-29
MVST,1.0,0.648,4869501,5094958,3.15,4.31,0.7,0.8,-0.5,매도주의,위꼬리음봉,완만한상승,0.23,-0.92,2026-09-29
NAK,1.0,1.45,4601945,4398321,6.67,5.9,1.1,2.7,-3.3,매도주의,장대음봉,잔구간,0.25,-1.15,2026-09-29
EVLV,1.0,4.71,1973159,2059456,9.29,11.86,0.8,1.1,0.2,매수관심,양봉스프링,잔구간,0.91,0.995,2026-09-29
MUX,1.0,17.98,807002,811024,14.51,20.96,0.7,0.4,-1.2,중립,음봉,잔구간,0.43,-0.39,2026-09-29
NEXA,1.0,12.38,477194,478229,5.91,10.05,0.6,0.3,0.9,중립,양봉,잔구간,0.91,0.595,2026-09-29
NEXN,1.0,8.93,360386,355193,3.22,3.61,0.9,1.7,0.0,강한매수,양봉스프링,완만한상승,1.0,3.0,2026-09-29
TAK,1.0,18.51,2415171,2334699,44.7,47.27,0.9,-1.8,-0.3,강한매수,망치형,전저점부근,0.68,2.9699999999999998,2026-09-29
TE,1.0,3.77,20900005,20086910,78.79,81.59,1.0,2.8,2.7,중립,양봉,잔구간,0.89,0.585,2026-09-29
EAD,1.0,6.02,355121,365665,2.14,1.99,1.1,-0.3,0.7,중립,양봉,잔구간,0.86,0.565,2026-09-29
TETH,1.0,13.42,1734946,1719197,23.28,22.69,1.0,2.2,-1.7,매도주의,장대음봉,완만한상승,0.32,-1.32,2026-09-29
ATEC,1.0,10.37,1725719,1682307,17.9,22.62,0.8,-0.2,3.4,매수관심,장대양봉,잔구간,0.89,1.235,2026-09-29
AUPH,1.0,16.42,734701,764091,12.06,14.45,0.8,-0.8,0.2,매수관심,양봉스프링,잔구간,0.81,0.935,2026-09-29
TIMB,1.0,17.86,494254,478186,8.83,7.58,1.2,-0.3,1.6,매수관심,장대양봉,잔구간,0.94,1.265,2026-09-29
JBGS,1.0,10.1,1134168,1082696,11.46,15.4,0.7,-0.5,-0.2,중립,팽이도지,전저점부근,0.41,0.64,2026-09-29
JBIO,1.0,14.18,629653,621273,8.93,18.03,0.5,0.0,-1.2,중립,팽이도지,전저점부근,0.46,0.7,2026-09-29
JBLU,1.0,4.28,16501548,16089079,70.63,78.78,0.9,2.4,-0.9,중립,음봉,잔구간,0.56,-0.315,2026-09-29
IMRX,1.0,4.13,574595,571408,2.37,3.0,0.8,0.0,-0.7,강한매수,망치형,전저점부근,0.68,2.9699999999999998,2026-09-29
HOPE,1.0,13.44,849218,856813,11.41,14.59,0.8,0.1,-1.5,강한매도,장대음봉,전저점이탈,0.13,-3.19,2026-09-29
ITUB,1.0,8.09,16621364,17195726,134.47,161.6,0.8,-0.1,1.4,매수관심,장대양봉,잔구간,1.0,1.3,2026-09-29
AIRS,1.0,1.8,731343,759314,1.32,2.03,0.6,-0.5,-3.7,매도주의,음봉,전저점이탈,0.12,-1.91,2026-09-29
ANGI,1.0,5.72,810018,804706,4.63,4.66,1.0,0.0,2.9,강한매수,양봉,전고점돌파,0.66,2.39,2026-09-29
GCTS,1.0,2.11,1336803,1336057,2.82,3.34,0.8,1.4,-4.5,매도주의,장대음봉,잔구간,0.15,-1.21,2026-09-29
LEGN,1.0,18.82,1974387,2044635,37.16,44.05,0.8,-0.6,1.7,매수관심,양봉,완만한상승,0.45,1.54,2026-09-29
GGN,1.0,5.29,552318,559353,2.92,2.73,1.1,0.4,-0.4,중립,음봉,전저점부근,0.6,0.17,2026-09-29
KLC,1.0,1.94,534659,547305,1.04,1.29,0.8,0.5,-4.0,강한매도,장대음봉,전저점이탈,0.17,-3.15,2026-09-29
KRNY,1.0,9.12,449690,459100,4.1,5.18,0.8,0.2,-0.8,매도주의,음봉,전저점이탈,0.36,-1.62,2026-09-29
LADR,1.0,9.03,1624555,1563672,14.67,14.87,1.0,-0.1,0.6,중립,양봉,잔구간,0.5,0.35,2026-09-29
MAT,1.0,13.22,4108513,3925195,54.31,68.01,0.8,-0.1,-0.8,중립,음봉,잔구간,0.33,-0.45,2026-09-29
GSIT,1.0,5.46,327807,328738,1.79,2.84,0.6,1.6,-1.0,중립,음봉,완만한상승,0.34,0.01,2026-09-29
AVR,1.0,7.59,782366,770834,5.94,6.83,0.9,0.8,-2.7,매도주의,장대음봉,잔구간,0.21,-1.175,2026-09-29
AXTL,1.0,3.39,1199927,1240848,4.07,3.22,1.3,7.4,4.0,중립,위꼬리양봉,완만한상승,0.35,-0.28,2026-09-29
NUS,1.0,4.59,415426,399451,1.91,2.43,0.8,0.2,-1.3,중립,음봉,잔구간,0.0,-0.65,2026-09-29
QS,1.0,4.59,11675966,12061808,53.59,61.1,0.9,1.9,-1.2,중립,음봉,잔구간,0.23,-0.51,2026-09-29
EQPT,1.0,18.5,3527809,3488316,65.26,80.26,0.8,0.9,0.7,강한매수,양봉스프링,완만한상승,0.88,2.86,2026-09-29
NXH,1.0,2.99,2707980,2692170,8.1,9.51,0.9,-0.6,-2.6,중립,음봉,전저점부근,0.12,-0.41,2026-09-29
CMRC,1.0,3.11,485814,486535,1.51,2.47,0.6,-1.6,-0.3,중립,팽이도지,잔구간,0.27,-0.14,2026-09-29
CRON,1.0,3.38,761987,744842,2.58,2.66,1.0,0.3,-1.2,매도주의,장대음봉,잔구간,0.23,-1.16,2026-09-29
QBTS,1.0,16.43,14376364,14724412,236.2,292.33,0.8,2.0,-4.0,매도주의,장대음봉,전저점부근,0.08,-1.75,2026-09-29
QXO,1.0,11.62,22363603,23185089,259.87,273.45,1.0,0.4,-4.5,매도주의,장대음봉,잔구간,0.1,-1.24,2026-09-29
PSEC,1.0,2.12,4697423,4717461,9.96,10.89,0.9,0.7,-1.2,중립,음봉,잔구간,0.17,-0.55,2026-09-29
CLVT,1.0,1.7,3886995,3823213,6.61,9.05,0.7,-0.6,0.0,매수관심,양봉스프링,잔구간,0.86,0.965,2026-09-29
CMPS,1.0,12.96,2499909,2448693,32.4,41.08,0.8,0.6,-2.6,매도주의,장대음봉,잔구간,0.26,-1.145,2026-09-29
RERE,1.0,3.8,477224,454930,1.81,2.2,0.8,-0.3,-1.0,매도주의,음봉,전저점이탈,0.17,-1.85,2026-09-29
CIFR,1.0,16.51,28489247,29540957,470.36,621.73,0.8,1.9,-3.3,매도주의,음봉,전저점이탈,0.08,-1.95,2026-09-29
NG,1.0,6.57,4906928,4865353,32.24,46.52,0.7,0.8,-1.9,매도주의,음봉,전저점이탈,0.46,-1.5,2026-09-29
ENOV,1.0,18.46,1530900,1591758,28.26,35.2,0.8,-0.9,2.6,강한매수,장대양봉,완만한상승,0.77,3.22,2026-09-29
EOLS,1.0,7.99,415053,418357,3.32,5.03,0.7,-0.6,1.0,매수관심,양봉,완만한상승,0.57,1.68,2026-09-29
EDD,1.0,5.51,358080,345161,1.97,2.26,0.9,-0.5,-0.7,중립,망치형,잔구간,0.69,0.615,2026-09-29
XRX,1.0,3.21,2032395,1958048,6.52,8.92,0.7,1.8,-3.3,중립,음봉,잔구간,0.42,-0.4,2026-09-29
DCH,1.0,5.31,4329228,4131361,22.99,27.37,0.8,1.0,2.9,강한매수,양봉,완만한상승,0.96,2.15,2026-09-29
SBRA,1.0,19.78,2282554,2193816,45.15,52.31,0.9,-0.3,0.1,중립,팽이도지,수횡파,0.45,0.54,2026-09-29
CRCT,1.0,6.41,688914,661936,4.42,4.15,1.1,-0.3,1.6,강한매수,장대양봉,완만한상승,1.0,3.5,2026-09-29
VIR,1.0,10.65,1573683,1570098,16.76,24.44,0.7,-0.2,1.5,중립,양봉,잔구간,0.61,0.415,2026-09-29
ACP,1.0,4.5,1067936,1038856,4.81,5.9,0.8,0.0,2.0,매수관심,장대양봉,잔구간,0.9,1.24,2026-09-29
ADAM,1.0,7.93,1388988,1402192,11.01,13.76,0.8,-0.1,-0.9,중립,음봉,전저점부근,0.39,-0.08,2026-09-29
WTI,1.0,3.49,3666740,3650812,12.8,15.07,0.8,-2.0,-0.6,중립,팽이도지,전저점이탈,0.5,-0.75,2026-09-29
ACHR,0.9,5.06,19147558,21343916,96.89,142.09,0.7,1.3,-4.0,강한매도,장대음봉,전저점이탈,0.15,-3.17,2026-09-29
XRAY,0.9,8.98,4599689,5014361,41.31,55.3,0.7,-0.8,-2.5,매도주의,장대음봉,잔구간,0.18,-1.19,2026-09-29
ACRS,0.9,5.28,2051711,2196000,10.83,15.39,0.7,-0.2,-2.6,중립,음봉,잔구간,0.42,-0.4,2026-09-29
SPDN,0.9,8.47,37130333,43461201,314.49,299.19,1.1,-0.1,0.4,매수관심,장대양봉,잔구간,0.78,1.17,2026-09-29
PFLT,0.9,7.0,509723,599571,3.57,4.85,0.7,0.0,0.7,중립,양봉,잔구간,0.42,0.3,2026-09-29
PGY,0.9,17.37,2880978,3083397,50.04,57.63,0.9,1.8,0.4,중립,팽이도지,잔구간,0.57,0.04,2026-09-29
PHK,0.9,4.12,1884335,2193052,7.76,7.64,1.0,1.0,0.2,매수관심,양봉스프링,잔구간,0.93,1.01,2026-09-29
ZGN,0.9,12.62,836318,967583,10.55,14.61,0.7,0.0,-0.2,중립,팽이도지,잔구간,0.34,-0.095,2026-09-29
HSHP,0.9,17.24,429789,469341,7.41,10.52,0.7,-0.8,0.2,중립,위꼬리양봉,잔구간,0.21,-0.675,2026-09-29
HYT,0.9,7.81,1138823,1274472,8.89,10.23,0.9,0.3,0.3,중립,양봉,잔구간,1.0,0.65,2026-09-29
IBTK,0.9,18.985,404145,470147,7.67,10.96,0.7,-0.1,0.1,강한매수,장대양봉,완만한상승,0.88,3.36,2026-09-29
VYGR,0.9,2.64,628608,668496,1.66,1.78,0.9,0.0,-2.2,중립,음봉,잔구간,0.5,-0.35,2026-09-29
WCMI,0.9,19.19,979585,1031677,18.8,19.91,0.9,-0.1,0.0,중립,팽이도지,잔구간,0.62,0.07,2026-09-29
XNDU,0.9,4.77,10002299,11487811,47.71,52.28,0.9,5.7,-5.4,매도주의,장대음봉,전저점부근,0.03,-1.81,2026-09-29
AMAU,0.9,15.45,344948,368244,5.33,4.34,1.2,6.9,3.6,강한매수,장대양봉,전고점돌파,0.96,4.05,2026-09-29
AMPY,0.9,4.15,440385,516751,1.83,2.29,0.8,-1.2,0.2,매도주의,팽이도지,전저점이탈,0.37,-0.91,2026-09-29
ALEC,0.9,1.87,960739,1103657,1.8,2.12,0.8,1.6,-4.1,매도주의,장대음봉,잔구간,0.11,-1.235,2026-09-29
XMAX,0.9,8.65,377641,402319,3.27,4.77,0.7,-0.1,-1.1,매도주의,장대음봉,잔구간,0.15,-1.21,2026-09-29
WULF,0.9,15.09,21395213,24945704,322.85,456.69,0.7,2.2,-2.4,중립,음봉,전저점부근,0.25,-0.25,2026-09-29
WDI,0.9,11.8,380723,416416,4.49,4.86,0.9,0.3,-0.4,중립,망치형,잔구간,0.59,0.555,2026-09-29
WEAV,0.9,7.36,1254516,1471481,9.23,12.61,0.7,-0.1,0.0,매도주의,위꼬리양봉,잔구간,0.0,-0.8,2026-09-29
BTQ,0.9,2.84,1817008,2030074,5.16,6.23,0.8,1.4,-2.1,중립,음봉,수횡파,0.43,-0.18,2026-09-29
BUR,0.9,3.9,2080961,2319750,8.12,9.25,0.9,0.5,-1.3,중립,음봉,잔구간,0.48,-0.36,2026-09-29
XHR,0.9,18.33,817688,891069,14.99,19.16,0.8,-0.1,-0.4,중립,망치형,잔구간,0.59,0.555,2026-09-29
NIQ,0.9,17.4,874770,1016904,15.22,20.95,0.7,-1.5,0.5,중립,위꼬리양봉,전저점부근,0.18,-0.63,2026-09-29
EGHT,0.9,2.17,1777864,1905908,3.86,3.98,1.0,-0.7,-1.8,중립,음봉,잔구간,0.18,-0.54,2026-09-29
EH,0.9,4.35,434319,478029,1.89,2.51,0.8,1.4,-2.5,강한매도,장대음봉,전저점이탈,0.07,-3.27,2026-09-29
RDTL,0.9,11.775,822996,889445,9.69,9.33,1.0,2.4,0.5,중립,팽이도지,잔구간,0.62,0.07,2026-09-29
CIFU,0.9,9.57,685613,745211,6.56,8.18,0.8,2.7,-6.2,매도주의,음봉,전저점이탈,0.11,-1.92,2026-09-29
PUBM,0.9,18.8,701772,786514,13.19,15.38,0.9,0.0,2.1,매수관심,장대양봉,전고점부근,0.8,1.91,2026-09-29
PUMP,0.9,8.88,3685218,3900865,32.72,44.84,0.7,-1.1,-3.5,강한매도,장대음봉,전저점이탈,0.09,-3.24,2026-09-29
CNDT,0.9,1.58,820717,955308,1.3,1.81,0.7,1.9,-1.3,중립,음봉,완만한상승,0.45,0.14,2026-09-29
CNH,0.9,13.06,14628384,15412404,191.05,222.88,0.9,-0.5,-1.1,중립,음봉,잔구간,0.1,-0.59,2026-09-29
CRNC,0.9,7.67,466552,516982,3.58,4.63,0.8,0.0,-1.7,중립,음봉,전저점부근,0.23,-0.27,2026-09-29
CRVS,0.9,11.76,881948,1023160,10.37,18.0,0.6,4.2,-4.9,매도주의,장대음봉,잔구간,0.06,-1.265,2026-09-29
QID,0.9,13.25,36642623,42615580,485.51,525.5,0.9,-1.0,0.7,중립,양봉,잔구간,0.5,0.35,2026-09-29
EOSU,0.9,4.619,438438,486577,2.03,2.53,0.8,4.0,-1.5,매도주의,위꼬리음봉,잔구간,0.22,-0.92,2026-09-29
NTSK,0.9,17.27,5794876,6213800,100.08,144.12,0.7,-0.2,-3.1,중립,음봉,잔구간,0.33,-0.45,2026-09-29
CTOS,0.9,9.22,637647,679251,5.88,7.99,0.7,0.9,-1.8,중립,음봉,잔구간,0.2,-0.53,2026-09-29
DNOW,0.9,15.71,1580069,1732144,24.82,38.42,0.6,-0.8,-1.9,매도주의,장대음봉,잔구간,0.08,-1.25,2026-09-29
DNUT,0.9,2.88,1725143,1978139,4.97,6.66,0.7,0.3,-0.7,매도주의,위꼬리음봉,전저점부근,0.1,-1.23,2026-09-29
DSP,0.9,12.17,416354,460578,5.07,9.64,0.5,0.2,-0.8,중립,팽이도지,잔구간,0.28,-0.13,2026-09-29
NWL,0.9,5.32,4430454,4724644,23.57,31.28,0.8,-0.2,-2.0,중립,음봉,잔구간,0.41,-0.405,2026-09-29
TIGR,0.9,4.55,1565020,1656377,7.12,8.83,0.8,0.6,-2.8,강한매도,장대음봉,전저점이탈,0.13,-3.19,2026-09-29
BANC,0.9,17.3,2160006,2281299,37.37,53.0,0.7,0.5,-2.5,강한매도,장대음봉,전저점이탈,0.14,-3.18,2026-09-29
AURA,0.9,6.15,795446,891086,4.89,7.49,0.7,-0.3,0.3,강한매수,양봉스프링,완만한상승,0.81,2.77,2026-09-29
AVAT,0.9,1.9,2087759,2456179,3.97,7.14,0.6,13.8,0.0,중립,위꼬리양봉,완만한상승,0.24,-0.41,2026-09-29
TDUP,0.9,2.19,1371725,1589237,3.0,6.12,0.5,0.9,-1.4,중립,음봉,잔구간,0.15,-0.56,2026-09-29
EC,0.9,16.52,1489905,1660533,24.61,28.09,0.9,-1.7,0.7,중립,위꼬리양봉,잔구간,0.31,-0.615,2026-09-29
ENIC,0.9,4.24,414849,481812,1.76,3.78,0.5,0.0,-0.5,중립,음봉,잔구간,0.45,-0.38,2026-09-29
EVGO,0.9,1.33,2782187,3119043,3.7,6.2,0.6,2.2,-2.9,매도주의,장대음봉,잔구간,0.0,-1.3,2026-09-29
EYPT,0.9,3.42,2544058,2799192,8.7,15.59,0.6,0.0,3.3,중립,양봉,잔구간,0.6,0.41,2026-09-29
MYGN,0.9,4.23,1599334,1774037,6.77,9.57,0.7,0.5,-0.7,매도주의,위꼬리음봉,잔구간,0.07,-1.01,2026-09-29
NABL,0.9,4.2,1742252,2026190,7.32,16.23,0.5,0.0,3.7,강한매수,장대양봉,완만한상승,0.98,3.48,2026-09-29
NAC,0.9,10.23,1278420,1382388,13.08,16.63,0.8,-0.2,-0.2,매도주의,위꼬리음봉,잔구간,0.17,-0.95,2026-09-29
FLNC,0.9,7.82,7243946,8386529,56.65,88.26,0.6,3.3,0.9,매수관심,팽이도지,완만한상승,0.68,1.12,2026-09-29
NEWP,0.9,6.39,630514,683869,4.03,6.67,0.6,1.4,-1.1,매수관심,팽이도지,완만한상승,0.51,0.91,2026-09-29
TME,0.9,7.96,8131384,8941535,64.73,69.3,0.9,-0.7,-4.2,매도주의,장대음봉,잔구간,0.17,-1.2,2026-09-29
NKLR,0.9,3.33,359895,423032,1.2,3.73,0.3,1.5,-3.5,매도주의,음봉,전저점이탈,0.24,-1.76,2026-09-29
NMR,0.9,9.91,549873,612393,5.45,7.12,0.8,-0.8,-0.3,중립,망치형,잔구간,0.79,0.675,2026-09-29
TKNO,0.9,9.08,349684,368958,3.18,2.77,1.1,0.1,-1.4,중립,음봉,잔구간,0.49,-0.355,2026-09-29
NNDM,0.9,1.58,1138113,1317755,1.8,2.43,0.7,0.0,1.3,매수관심,양봉,수횡파,0.71,1.55,2026-09-29
NOMD,0.9,10.51,969952,1092976,10.19,12.79,0.8,-0.8,-0.6,중립,팽이도지,수횡파,0.53,0.64,2026-09-29
FRNM,0.9,15.92,508222,537934,8.09,18.3,0.4,0.2,-1.8,중립,음봉,잔구간,0.45,-0.38,2026-09-29
FSCO,0.9,5.18,1087737,1227491,5.63,5.35,1.1,0.6,2.2,강한매수,장대양봉,완만한상승,0.89,3.37,2026-09-29
FSM,0.9,11.35,3560647,4012514,40.41,50.06,0.8,0.5,0.7,중립,양봉,잔구간,0.9,0.59,2026-09-29
MRVI,0.9,7.65,1755486,1936607,13.43,16.95,0.8,-1.4,1.7,매수관심,양봉,완만한상승,0.81,1.97,2026-09-29
SMCL,0.9,19.2,564712,633929,10.84,11.86,0.9,3.9,-7.2,매도주의,장대음봉,잔구간,0.1,-1.24,2026-09-29
BNC,0.9,5.87,903755,1008515,5.31,12.18,0.4,5.3,-1.0,중립,팽이도지,잔구간,0.4,-0.06,2026-09-29
SMR,0.9,7.76,29745578,33235726,230.83,335.41,0.7,2.7,-4.4,강한매도,장대음봉,전저점이탈,0.02,-3.33,2026-09-29
SMWB,0.9,7.69,432041,485239,3.32,4.5,0.7,0.4,0.9,강한매수,양봉스프링,완만한상승,0.87,2.84,2026-09-29
CERS,0.9,2.47,1621337,1867377,4.0,5.71,0.7,0.4,0.4,매수관심,팽이도지,완만한상승,0.73,1.18,2026-09-29
QYLD,0.9,18.55,3318478,3578901,61.56,73.83,0.8,0.2,0.0,강한매수,양봉스프링,완만한상승,0.75,2.7,2026-09-29
CGEM,0.9,15.23,1244423,1412372,18.95,28.58,0.7,0.3,1.5,매수관심,양봉,완만한상승,0.72,1.86,2026-09-29
CHRS,0.9,1.18,1347010,1529447,1.59,2.36,0.7,0.9,2.6,중립,양봉,잔구간,0.75,0.5,2026-09-29
ERII,0.9,6.75,689563,789169,4.65,6.78,0.7,0.4,0.0,매수관심,팽이도지,완만한상승,0.42,0.8,2026-09-29
ELPC,0.9,12.18,529482,598177,6.45,6.2,1.0,-0.3,1.4,강한매수,장대양봉,완만한상승,1.0,3.5,2026-09-29
OEC,0.9,5.81,385258,423676,2.24,2.79,0.8,0.5,-1.5,매도주의,장대음봉,잔구간,0.36,-1.085,2026-09-29
DYN,0.9,16.21,2289351,2631618,37.11,48.52,0.8,0.4,-1.2,중립,음봉,잔구간,0.41,-0.405,2026-09-29
CSHR,0.9,5.0,345161,368550,1.73,3.04,0.6,1.6,-3.8,매도주의,음봉,전저점이탈,0.26,-1.74,2026-09-29
CLF,0.9,11.01,17002700,17948126,187.2,197.24,0.9,-1.2,-0.7,매도주의,위꼬리음봉,전저점부근,0.07,-1.27,2026-09-29
PRMB,0.9,19.25,3199871,3541717,61.6,78.36,0.8,-0.3,-1.0,중립,음봉,잔구간,0.04,-0.625,2026-09-29
CIG,0.9,2.05,3654035,4027134,7.49,10.58,0.7,-0.5,1.5,매수관심,장대양봉,잔구간,0.75,1.15,2026-09-29
BETR,0.9,10.23,446740,476040,4.57,6.31,0.7,0.5,1.0,중립,팽이도지,잔구간,0.66,0.095,2026-09-29
BILI,0.9,14.84,2188235,2458329,32.47,46.14,0.7,-1.0,-1.0,중립,음봉,잔구간,0.38,-0.42,2026-09-29
FHTX,0.9,3.52,376219,427947,1.32,2.05,0.6,0.3,-0.3,매수관심,팽이도지,완만한상승,0.5,0.9,2026-09-29
APPS,0.9,11.645,2763411,3179373,32.18,33.59,1.0,0.0,3.8,강한매수,장대양봉,완만한상승,0.99,3.49,2026-09-29
UA,0.9,4.22,2688998,2928033,11.35,13.01,0.9,-0.2,-0.2,중립,팽이도지,잔구간,0.6,0.06,2026-09-29
FISN,0.9,5.245,437034,493493,2.29,3.83,0.6,4.1,-7.0,강한매도,장대음봉,전저점이탈,0.08,-3.25,2026-09-29
MNTK,0.9,2.94,776109,869845,2.28,2.64,0.9,1.4,3.5,매수관심,양봉,완만한상승,0.56,1.67,2026-09-29
MRAM,0.9,18.63,880980,940267,16.41,16.16,1.0,2.0,0.7,중립,위꼬리양봉,완만한상승,0.34,-0.29,2026-09-29
MRTN,0.9,13.07,629633,725757,8.23,13.35,0.6,0.0,1.2,강한매수,장대양봉,완만한상승,0.77,3.22,2026-09-29
MSTW,0.9,4.96,1067445,1235491,5.29,13.22,0.4,3.6,-5.3,매도주의,장대음봉,잔구간,0.24,-1.155,2026-09-29
MSTX,0.9,18.65,6276293,7138402,117.05,151.88,0.8,5.4,-8.3,매도주의,장대음봉,잔구간,0.24,-1.155,2026-09-29
MSTZ,0.9,2.68,59947868,63147505,160.66,151.56,1.1,-5.4,8.9,강한매수,장대양봉,완만한상승,0.73,3.18,2026-09-29
AREC,0.9,1.81,1501153,1653752,2.72,3.32,0.8,1.1,-2.2,중립,음봉,전저점부근,0.44,-0.02,2026-09-29
ULCC,0.9,6.095,2241423,2362153,13.66,15.18,0.9,2.3,-2.0,중립,음봉,완만한상승,0.34,0.01,2026-09-29
LX,0.9,0.733,1555009,1772561,1.14,1.93,0.6,-1.7,-1.0,매도주의,위꼬리음봉,잔구간,0.0,-1.05,2026-09-29
GLAS,0.9,6.79,1326303,1414496,9.01,8.09,1.1,-1.2,0.3,중립,팽이도지,잔구간,0.72,0.13,2026-09-29
MAGN,0.9,11.62,331163,388806,3.85,4.58,0.8,-0.1,-2.4,매도주의,장대음봉,잔구간,0.0,-1.3,2026-09-29
LUNL,0.9,3.47,1485845,1584615,5.16,6.31,0.8,0.0,-8.9,매도주의,장대음봉,잔구간,0.0,-1.3,2026-09-29
MATV,0.9,11.73,353722,405921,4.15,6.46,0.6,-0.1,-0.8,중립,음봉,잔구간,0.26,-0.495,2026-09-29
MITK,0.9,16.59,556630,594925,9.23,11.92,0.8,0.2,-3.8,매도주의,장대음봉,전저점부근,0.06,-1.78,2026-09-29
MDXG,0.9,4.67,901197,1012544,4.21,6.36,0.7,-0.6,0.4,매수관심,양봉스프링,잔구간,0.86,0.965,2026-09-29
MNR,0.9,10.24,776141,837434,7.95,25.44,0.3,-0.6,-0.2,중립,팽이도지,전저점부근,0.51,0.76,2026-09-29
FBRT,0.9,6.72,1897951,2012280,12.75,23.99,0.5,0.1,0.0,중립,팽이도지,잔구간,0.48,-0.01,2026-09-29
SPCE,0.9,3.04,4233695,4845199,12.87,21.81,0.6,2.2,-5.3,매도주의,장대음봉,잔구간,0.1,-1.24,2026-09-29
BBNX,0.9,19.41,842606,962799,16.35,43.88,0.4,0.4,-5.8,강한매도,장대음봉,전저점이탈,0.09,-3.24,2026-09-29
DEI,0.9,9.6,2593864,2890870,24.9,26.02,1.0,0.0,-0.7,중립,음봉,잔구간,0.33,-0.45,2026-09-29
DHC,0.9,7.93,1865885,2079357,14.8,18.75,0.8,-0.1,-0.3,매도주의,위꼬리음봉,잔구간,0.15,-0.96,2026-09-29
OPEN,0.9,2.37,26906824,29151198,63.77,85.45,0.7,0.4,-2.9,강한매도,장대음봉,전저점이탈,0.2,-3.11,2026-09-29
OPFI,0.9,6.08,602507,689939,3.66,6.78,0.5,0.2,-0.8,중립,음봉,전저점부근,0.36,-0.12,2026-09-29
DAPP,0.9,19.47,917289,1013974,17.86,23.74,0.8,1.6,-2.2,매도주의,장대음봉,전저점부근,0.19,-1.62,2026-09-29
DBI,0.9,6.3,595707,641419,3.75,4.66,0.8,-0.3,0.5,강한매수,양봉스프링,완만한상승,0.95,2.94,2026-09-29
ORBS,0.9,1.18,15292303,16784444,18.04,15.86,1.1,1.7,0.0,매수관심,팽이도지,완만한상승,0.5,0.9,2026-09-29
STLN,0.9,6.51,972913,1121279,6.33,11.27,0.6,1.4,-3.3,중립,음봉,잔구간,0.44,-0.385,2026-09-29
SVV,0.9,9.39,1169844,1316022,10.98,13.09,0.8,0.5,-0.1,매수관심,팽이도지,완만한상승,0.54,0.95,2026-09-29
BITO,0.9,11.21,62740458,70507477,703.32,877.03,0.8,1.2,-0.8,중립,음봉,잔구간,0.48,-0.36,2026-09-29
BDN,0.9,2.82,1491531,1725538,4.21,5.79,0.7,0.4,-0.4,매도주의,위꼬리음봉,잔구간,0.23,-0.91,2026-09-29
LOFF,0.9,16.56,1315288,1527305,21.78,32.61,0.7,1.5,3.6,중립,양봉,잔구간,0.85,0.56,2026-09-29
USAR,0.9,14.075,12310931,13479907,173.28,208.51,0.8,1.2,-3.5,강한매도,장대음봉,전저점이탈,0.19,-3.12,2026-09-29
ASLE,0.9,5.31,335385,393941,1.78,2.75,0.6,0.0,-0.2,중립,팽이도지,잔구간,0.5,0.0,2026-09-29
SKYQ,0.9,2.5,861923,1012867,2.15,11.37,0.2,-2.3,-1.6,매도주의,음봉,전저점이탈,0.43,-1.53,2026-09-29
RXT,0.9,3.94,4816644,5338268,18.98,26.5,0.7,1.6,2.3,매수관심,양봉,완만한상승,0.52,1.62,2026-09-29
BTCZ,0.9,2.94,18062909,19357234,53.1,73.76,0.7,-2.2,1.7,중립,양봉,잔구간,0.55,0.38,2026-09-29
RXST,0.9,4.77,810925,936391,3.87,4.52,0.9,0.0,2.1,매수관심,장대양봉,잔구간,0.94,1.265,2026-09-29
ARDT,0.9,10.58,396293,441999,4.19,4.82,0.9,-0.3,1.3,강한매수,양봉,완만한상승,0.85,2.02,2026-09-29
ASM,0.9,5.63,2800181,3192864,15.77,19.19,0.8,-0.5,0.9,매수관심,양봉스프링,잔구간,0.86,0.965,2026-09-29
GRFS,0.9,7.295,485003,566636,3.54,6.07,0.6,-0.1,-1.4,중립,음봉,잔구간,0.33,-0.45,2026-09-29
KC,0.9,9.09,994300,1074888,9.04,13.05,0.7,0.8,-1.4,강한매도,장대음봉,전저점이탈,0.26,-3.04,2026-09-29
KEP,0.9,11.1,666515,761342,7.4,9.53,0.8,0.0,0.3,강한매수,양봉스프링,완만한상승,0.94,2.93,2026-09-29
KOS,0.9,2.58,11584653,13456915,29.89,38.3,0.8,-2.3,2.4,중립,양봉,잔구간,0.5,0.35,2026-09-29
KREF,0.9,6.38,1032304,1144998,6.59,7.55,0.9,-0.2,2.1,매수관심,장대양봉,잔구간,0.95,1.27,2026-09-29
GENI,0.9,6.17,8621256,9778881,53.19,56.25,0.9,1.6,-1.3,중립,음봉,완만한상승,0.24,-0.11,2026-09-29
LION,0.9,11.19,2792953,3151199,31.25,37.97,0.8,0.5,1.5,중립,양봉,잔구간,0.97,0.63,2026-09-29
AEBI,0.9,10.84,386510,448867,4.19,3.97,1.1,0.1,0.5,중립,팽이도지,잔구간,0.74,0.145,2026-09-29
WFCpZ,0.9,16.81,423057,474319,7.11,9.26,0.8,0.1,-0.2,중립,망치형,잔구간,0.58,0.55,2026-09-29
ADIG,0.9,19.0,629971,704441,11.97,15.82,0.8,1.4,1.1,중립,팽이도지,잔구간,0.57,0.04,2026-09-29
HMY,0.9,17.98,3381261,3625208,60.8,86.66,0.7,0.5,0.8,중립,양봉,잔구간,0.86,0.565,2026-09-29
HNRG,0.9,14.09,552509,612821,7.78,11.81,0.7,0.2,-2.3,매도주의,장대음봉,잔구간,0.15,-1.21,2026-09-29
HNST,0.9,5.21,1380549,1608715,7.19,9.71,0.7,-0.6,-1.1,중립,음봉,잔구간,0.2,-0.53,2026-09-29
HL,0.9,17.15,34888020,40921908,598.33,844.18,0.7,0.1,0.8,매수관심,양봉스프링,잔구간,0.83,0.95,2026-09-29
HLIT,0.9,10.55,917644,1006356,9.68,19.12,0.5,0.8,-1.0,중립,음봉,전저점부근,0.44,-0.02,2026-09-29
GPK,0.9,9.21,5831253,6198704,53.71,69.61,0.8,-0.5,0.1,중립,팽이도지,잔구간,0.56,0.035,2026-09-29
IMUX,0.9,8.91,435095,458592,3.88,4.5,0.9,0.9,-7.2,강한매도,장대음봉,전저점이탈,0.05,-3.29,2026-09-29
GOGO,0.9,2.23,943446,1107735,2.1,3.75,0.6,0.0,0.5,중립,팽이도지,잔구간,0.46,-0.025,2026-09-29
IMPP,0.9,5.005,461164,529333,2.31,2.62,0.9,-0.4,0.7,중립,팽이도지,잔구간,0.61,0.065,2026-09-29
HAYW,0.9,12.34,3805529,4175654,46.96,64.55,0.7,0.5,-1.9,매도주의,음봉,전저점이탈,0.19,-1.82,2026-09-29
HBAN,0.9,15.27,28398439,29913100,433.64,626.83,0.7,0.3,-0.5,중립,망치형,잔구간,0.56,0.535,2026-09-29
INFY,0.9,10.64,14286179,15935541,152.0,156.71,1.0,-0.4,1.5,강한매수,장대양봉,완만한상승,0.91,3.39,2026-09-29
VSTS,0.9,13.46,1170350,1285118,15.75,24.21,0.7,-0.1,0.2,중립,팽이도지,잔구간,0.65,0.09,2026-09-29
HIMX,0.9,14.1,696046,811320,9.81,14.35,0.7,0.9,0.1,중립,팽이도지,완만한상승,0.32,0.68,2026-09-29
HIVE,0.9,3.01,9207069,10191826,27.71,42.69,0.6,1.3,-2.3,매도주의,장대음봉,잔구간,0.09,-1.245,2026-09-29
HIX,0.9,3.53,582931,672981,2.06,1.94,1.1,0.0,0.3,매수관심,양봉스프링,잔구간,0.86,0.965,2026-09-29
ABSI,0.9,10.14,3423505,3973731,34.71,47.21,0.7,1.1,5.7,강한매수,장대양봉,완만한상승,0.94,3.43,2026-09-29
SBS,0.9,5.18,6271993,6834453,32.49,36.01,0.9,-1.0,1.8,매수관심,장대양봉,잔구간,0.85,1.21,2026-09-29
SD,0.9,13.42,314660,354072,4.22,6.45,0.7,-1.0,-0.4,매도주의,팽이도지,전저점이탈,0.3,-0.99,2026-09-29
XTND,0.9,3.68,966161,1075514,3.56,5.13,0.7,0.3,1.7,중립,팽이도지,잔구간,0.55,0.03,2026-09-29
RZLT,0.9,4.09,1518965,1635415,6.21,7.28,0.9,8.7,-10.0,매도주의,장대음봉,잔구간,0.04,-1.275,2026-09-29
HLN,0.9,9.07,20161386,21852434,182.86,237.34,0.8,-1.3,0.2,매수관심,양봉스프링,전저점이탈,1.0,1.35,2026-09-29
VUZI,0.8,2.77,783679,940659,2.17,2.4,0.9,0.7,-0.7,중립,팽이도지,잔구간,0.47,-0.02,2026-09-29
VZLA,0.8,3.84,3539400,4527499,13.59,17.62,0.8,0.3,0.3,중립,팽이도지,잔구간,0.73,0.14,2026-09-29
ILPT,0.8,7.18,304670,367671,2.19,2.66,0.8,-1.2,-0.0,매도주의,위꼬리음봉,전저점부근,0.14,-1.18,2026-09-29
WLTH,0.8,10.1,1848777,2365958,18.67,44.11,0.4,0.0,1.0,중립,양봉,잔구간,0.63,0.43,2026-09-29
AEG,0.8,8.79,3550015,4509667,31.2,42.76,0.7,-0.1,0.0,매수관심,양봉스프링,잔구간,0.86,0.965,2026-09-29
AGNT,0.8,3.55,1446728,1921716,5.14,7.58,0.7,-0.3,1.4,중립,위꼬리양봉,잔구간,0.35,-0.59,2026-09-29
AMZD,0.8,8.84,9105114,11111013,80.49,95.58,0.8,-0.3,0.1,중립,팽이도지,잔구간,0.6,0.06,2026-09-29
ANVS,0.8,1.3,812053,1015707,1.06,1.24,0.8,0.7,-6.5,매도주의,장대음봉,잔구간,0.0,-1.3,2026-09-29
APLE,0.8,16.27,1776713,2224043,28.91,44.48,0.6,0.0,-0.5,중립,망치형,잔구간,0.61,0.565,2026-09-29
ADTN,0.8,6.87,1161673,1388658,7.98,12.15,0.7,0.9,0.1,매수관심,팽이도지,완만한상승,0.73,1.18,2026-09-29
IAUX,0.8,1.66,4870989,6153282,8.09,17.7,0.5,0.6,0.0,중립,팽이도지,잔구간,0.5,0.0,2026-09-29
IEP,0.8,6.86,663805,809660,4.55,5.39,0.8,-0.8,0.7,강한매수,장대양봉,전저점부근,0.61,3.88,2026-09-29
YYY,0.8,10.39,449181,594097,4.67,7.08,0.7,-0.6,-0.3,중립,망치형,전저점이탈,0.67,0.45,2026-09-29
ZIP,0.8,3.39,528514,665148,1.79,2.52,0.7,-0.3,-2.3,중립,음봉,잔구간,0.29,-0.475,2026-09-29
PGEN,0.8,8.05,4138331,4973445,33.31,45.09,0.7,-0.1,3.2,강한매수,장대양봉,완만한상승,0.83,3.3,2026-09-29
PHR,0.8,10.01,570693,757356,5.71,7.98,0.7,-0.3,-0.6,중립,망치형,잔구간,0.65,0.59,2026-09-29
PFL,0.8,6.88,341976,424092,2.35,2.68,0.9,0.4,0.3,중립,팽이도지,잔구간,0.74,0.145,2026-09-29
PFN,0.8,6.29,592394,759775,3.73,4.6,0.8,0.0,1.5,매수관심,장대양봉,잔구간,1.0,1.3,2026-09-29
SVIA,0.8,3.83,1291759,1651225,4.95,10.77,0.5,-1.0,-0.8,중립,팽이도지,잔구간,0.26,-0.145,2026-09-29
SVRA,0.8,5.08,2034668,2475696,10.34,10.95,0.9,0.0,0.2,매수관심,팽이도지,완만한상승,0.42,0.8,2026-09-29
STTK,0.8,6.54,956827,1211782,6.26,10.34,0.6,0.0,1.7,매수관심,양봉,완만한상승,0.7,1.84,2026-09-29
SVCO,0.8,8.45,350560,460533,2.96,3.54,0.8,1.3,2.3,강한매수,양봉,완만한상승,0.95,2.14,2026-09-29
OWL,0.8,9.28,12426580,16133467,115.32,175.51,0.7,0.0,1.4,중립,양봉,잔구간,0.95,0.62,2026-09-29
PATH,0.8,12.32,36366668,47930341,448.04,674.65,0.7,0.5,0.6,매수관심,양봉스프링,잔구간,0.92,1.0,2026-09-29
OSUR,0.8,3.82,538113,656893,2.06,2.71,0.8,-0.3,-3.0,매도주의,장대음봉,잔구간,0.17,-1.2,2026-09-29
OVID,0.8,2.54,1163597,1446650,2.96,5.81,0.5,0.4,2.8,강한매수,양봉,완만한상승,1.0,2.2,2026-09-29
DFDV,0.8,5.57,1895586,2421176,10.56,17.94,0.6,4.8,-4.6,중립,음봉,잔구간,0.36,-0.435,2026-09-29
DFH,0.8,11.0,947439,1172072,10.42,14.58,0.7,0.9,0.2,강한매수,양봉스프링,완만한상승,0.79,2.75,2026-09-29
BHC,0.8,5.8,1281443,1678786,7.43,10.25,0.7,-0.5,1.0,강한매수,양봉,완만한상승,1.0,2.2,2026-09-29
BCAT,0.8,13.67,1178174,1391078,16.11,19.32,0.8,-0.1,0.9,중립,양봉,잔구간,0.96,0.625,2026-09-29
BCAX,0.8,18.56,599779,718884,11.13,16.1,0.7,0.4,-1.7,중립,음봉,전저점부근,0.06,-0.48,2026-09-29
POET,0.8,7.67,6907644,8537123,52.98,59.73,0.9,4.0,-0.5,중립,팽이도지,잔구간,0.34,-0.095,2026-09-29
PICS,0.8,8.19,312088,368119,2.56,3.24,0.8,0.1,-1.7,중립,음봉,전저점부근,0.22,-0.29,2026-09-29
PINS,0.8,18.54,9565211,11825025,177.34,307.74,0.6,0.2,0.5,강한매수,양봉스프링,완만한상승,0.91,2.89,2026-09-29
PLTD,0.8,4.78,16897423,21002764,80.77,125.9,0.6,0.0,0.2,중립,위꼬리양봉,잔구간,0.35,-0.59,2026-09-29
CXM,0.8,4.82,2245484,2816230,10.82,16.83,0.6,-1.0,-2.2,중립,음봉,전저점부근,0.43,-0.03,2026-09-29
OLMA,0.8,8.54,1081253,1434502,9.23,14.31,0.6,-0.1,-0.7,중립,팽이도지,잔구간,0.3,-0.12,2026-09-29
OMER,0.8,19.25,841846,1041014,16.21,33.88,0.5,-0.9,-0.1,중립,팽이도지,잔구간,0.44,-0.035,2026-09-29
ONDG,0.8,2.23,4272614,5603883,9.53,9.43,1.0,4.9,-9.9,매도주의,장대음봉,잔구간,0.04,-1.275,2026-09-29
OKLL,0.8,9.64,1680755,2003823,16.2,24.43,0.7,4.3,-4.1,중립,음봉,잔구간,0.24,-0.505,2026-09-29
DXC,0.8,10.33,2007813,2595713,20.74,32.39,0.6,-1.3,1.1,중립,양봉,잔구간,0.63,0.43,2026-09-29
DXD,0.8,17.83,3616122,4345015,64.48,62.03,1.0,0.1,0.4,중립,위꼬리양봉,완만한상승,0.35,-0.28,2026-09-29
EBS,0.8,6.92,745108,984719,5.16,7.96,0.6,-0.6,1.5,매수관심,양봉,완만한상승,0.7,1.84,2026-09-29
ECC,0.8,3.55,599741,793039,2.13,3.19,0.7,0.3,2.3,매수관심,장대양봉,잔구간,0.91,1.245,2026-09-29
AUR,0.8,5.39,34043556,42423458,183.49,246.99,0.7,0.6,1.3,중립,양봉,잔구간,0.95,0.62,2026-09-29
AVAH,0.8,12.78,1891276,2355855,24.17,47.1,0.5,-0.6,1.3,중립,양봉,잔구간,0.96,0.625,2026-09-29
TALO,0.8,16.21,1646728,2048478,26.69,43.32,0.6,1.0,-2.5,매도주의,장대음봉,잔구간,0.23,-1.16,2026-09-29
TBLA,0.8,3.41,1640832,2031223,5.6,7.18,0.8,-0.3,0.6,매수관심,팽이도지,완만한상승,0.71,1.15,2026-09-29
AVX,0.8,6.79,485734,628151,3.3,3.03,1.1,9.2,-1.6,매수관심,팽이도지,전고점돌파,0.29,1.25,2026-09-29
BABX,0.8,16.32,463370,615825,7.56,13.8,0.5,-1.0,-0.9,매도주의,음봉,전저점이탈,0.27,-1.73,2026-09-29
DOLE,0.8,12.96,666059,803938,8.63,11.33,0.8,-0.6,0.5,중립,양봉,잔구간,0.67,0.45,2026-09-29
DQ,0.8,11.34,470300,596759,5.33,7.95,0.7,0.9,3.1,매수관심,장대양봉,잔구간,0.79,1.175,2026-09-29
DSL,0.8,10.02,802946,977624,8.05,8.29,1.0,0.0,1.1,매수관심,장대양봉,잔구간,0.81,1.185,2026-09-29
NWG,0.8,18.26,2607355,3219192,47.61,62.61,0.8,0.1,-0.5,중립,음봉,잔구간,0.53,-0.33,2026-09-29
NXE,0.8,9.03,2887698,3708276,26.08,36.3,0.7,1.4,-1.0,중립,음봉,잔구간,0.4,-0.41,2026-09-29
NVAX,0.8,10.82,4071340,5117470,44.05,60.16,0.7,0.0,0.2,매수관심,팽이도지,완만한상승,0.59,1.01,2026-09-29
NVCR,0.8,15.99,728540,962021,11.65,17.49,0.7,0.3,0.8,중립,양봉,잔구간,0.82,0.54,2026-09-29
EOSE,0.8,3.11,23352257,29069204,72.63,108.26,0.7,3.3,-1.9,중립,음봉,잔구간,0.22,-0.52,2026-09-29
NRXP,0.8,2.92,515784,616776,1.51,2.37,0.6,1.7,0.0,중립,팽이도지,잔구간,0.5,0.0,2026-09-29
PUSA,0.8,3.61,418595,535898,1.51,1.94,0.8,0.4,-1.5,중립,음봉,잔구간,0.29,-0.475,2026-09-29
QDEL,0.8,10.595,895466,1134492,9.49,17.26,0.5,0.6,-2.7,매도주의,장대음봉,잔구간,0.21,-1.175,2026-09-29
PTRN,0.8,16.89,1393236,1839451,23.53,41.08,0.6,1.1,-0.4,중립,팽이도지,잔구간,0.44,-0.035,2026-09-29
COMP,0.8,9.01,14183355,17666733,127.79,180.12,0.7,1.1,-2.1,매도주의,장대음봉,전저점부근,0.37,-1.41,2026-09-29
PRVA,0.8,19.62,998677,1242457,19.59,27.48,0.7,-0.5,-0.8,중립,망치형,잔구간,0.7,0.62,2026-09-29
CLM,0.8,6.39,1303483,1708344,8.33,13.78,0.6,0.5,-0.3,강한매수,망치형,완만한상승,0.75,2.2,2026-09-29
CLNE,0.8,1.57,793687,1003246,1.25,3.36,0.4,0.6,-1.9,강한매도,장대음봉,전저점이탈,0.0,-3.35,2026-09-29
CLOV,0.8,4.325,2655920,3335117,11.49,20.11,0.6,0.0,-0.1,중립,망치형,잔구간,0.71,0.625,2026-09-29
CLYM,0.8,11.5,1140421,1377573,13.11,24.16,0.5,0.4,-2.5,중립,음봉,잔구간,0.38,-0.42,2026-09-29
CMPX,0.8,1.1,3500547,4122266,3.85,9.03,0.4,1.4,-2.2,중립,음봉,전저점부근,0.17,-0.35,2026-09-29
NMRK,0.8,12.47,1721507,2270760,21.47,35.55,0.6,-0.1,-0.1,중립,팽이도지,전저점부근,0.32,0.53,2026-09-29
NOK,0.8,10.36,55520874,72515104,575.2,1008.34,0.6,2.3,0.0,중립,팽이도지,잔구간,0.45,-0.03,2026-09-29
NMAX,0.8,10.85,605893,720654,6.57,13.84,0.5,-0.2,-0.3,중립,팽이도지,잔구간,0.56,0.035,2026-09-29
TRTX,0.8,6.34,1127828,1496026,7.15,8.7,0.8,0.2,0.0,중립,팽이도지,잔구간,0.3,-0.12,2026-09-29
TLK,0.8,13.2,640930,788379,8.46,13.04,0.6,-0.3,0.1,강한매수,양봉스프링,전저점부근,0.82,3.63,2026-09-29
TLS,0.8,4.04,479960,589684,1.94,3.11,0.6,-0.2,-0.2,중립,팽이도지,잔구간,0.42,-0.05,2026-09-29
TMQ,0.8,3.1,979361,1253634,3.04,3.8,0.8,1.3,-3.1,매도주의,장대음봉,잔구간,0.17,-1.2,2026-09-29
BBAI,0.8,2.65,9732913,12291535,25.79,42.31,0.6,1.5,-1.9,강한매도,장대음봉,전저점이탈,0.14,-3.18,2026-09-29
TH,0.8,19.28,1434575,1855941,27.66,47.48,0.6,0.2,-0.3,매도주의,위꼬리음봉,잔구간,0.13,-0.97,2026-09-29
FJDI,0.8,9.86,312247,409079,3.08,3.61,0.9,0.1,0.0,중립,위꼬리양봉,완만한상승,0.0,-0.7,2026-09-29
FJET,0.8,1.85,1143873,1484962,2.12,3.53,0.6,0.0,0.5,매수관심,팽이도지,완만한상승,0.71,1.15,2026-09-29
ETHW,0.8,19.24,440942,533441,8.48,13.67,0.6,2.4,-1.7,매도주의,장대음봉,잔구간,0.32,-1.11,2026-09-29
EYE,0.8,16.38,1674830,2048605,27.43,44.72,0.6,0.5,1.1,매수관심,양봉,완만한상승,0.57,1.68,2026-09-29
F,0.8,12.3,34785776,45327468,427.87,680.61,0.6,0.0,-0.6,중립,음봉,전저점부근,0.42,-0.05,2026-09-29
ELDN,0.8,2.5,712520,872104,1.78,2.54,0.7,0.0,-5.3,강한매도,장대음봉,전저점이탈,0.07,-3.27,2026-09-29
RAM,0.8,14.175,6381119,8469097,90.45,114.28,0.8,5.6,-0.3,강한매수,망치형,완만한상승,0.75,2.2,2026-09-29
RBLU,0.8,3.94,381105,463821,1.5,2.26,0.7,0.2,-3.7,매도주의,음봉,전저점이탈,0.32,-1.67,2026-09-29
CHPT,0.8,9.52,1100188,1379191,10.47,13.87,0.8,1.3,7.6,매수관심,장대양봉,잔구간,0.99,1.295,2026-09-29
CHWY,0.8,18.26,9035581,11134821,164.99,220.51,0.7,0.7,-2.6,매도주의,장대음봉,잔구간,0.05,-1.27,2026-09-29
CARS,0.8,10.46,510484,654039,5.34,7.88,0.7,-0.2,0.6,매수관심,팽이도지,완만한상승,0.54,0.95,2026-09-29
CATX,0.8,2.62,1542351,1956832,4.04,8.75,0.5,0.8,4.0,매수관심,장대양봉,잔구간,1.0,1.3,2026-09-29
CCOI,0.8,7.34,1396431,1735333,10.25,22.77,0.5,0.4,-1.6,중립,음봉,전저점부근,0.26,-0.24,2026-09-29
SNDX,0.8,18.235,1499417,1871709,27.34,39.24,0.7,0.2,1.9,강한매수,장대양봉,완만한상승,0.87,3.34,2026-09-29
SNXX,0.8,16.57,37203912,49435860,616.47,919.62,0.7,3.5,-1.7,중립,망치형,잔구간,0.66,0.595,2026-09-29
SMPL,0.8,9.61,1487262,1915261,14.29,22.99,0.6,-0.7,0.8,매수관심,양봉,완만한상승,0.76,1.91,2026-09-29
SNAP,0.8,5.34,23135088,28011864,123.54,186.38,0.7,1.5,0.8,매수관심,양봉스프링,잔구간,0.94,1.015,2026-09-29
SMCY,0.8,5.31,664372,871394,3.53,6.25,0.6,1.3,-2.6,매도주의,장대음봉,잔구간,0.1,-1.24,2026-09-29
BOBS,0.8,13.84,841346,995108,11.64,17.76,0.7,1.9,-2.2,매도주의,장대음봉,잔구간,0.39,-1.065,2026-09-29
BRSL,0.8,9.93,2598085,3111911,25.8,27.65,0.9,-0.1,0.7,강한매수,양봉스프링,완만한상승,0.8,2.76,2026-09-29
FWDI,0.8,8.01,1815643,2370018,14.54,20.59,0.7,3.4,-3.7,중립,음봉,잔구간,0.33,-0.45,2026-09-29
MSTY,0.8,16.19,2015274,2403017,32.63,47.17,0.7,2.4,-3.5,매도주의,장대음봉,잔구간,0.28,-1.13,2026-09-29
MTRX,0.8,9.47,445361,550814,4.22,5.14,0.8,0.1,-1.8,강한매도,장대음봉,전저점이탈,0.29,-3.0,2026-09-29
MUD,0.8,9.09,4467352,5783427,40.61,53.24,0.8,-2.2,1.1,중립,양봉,잔구간,0.71,0.475,2026-09-29
FLO,0.8,5.68,6693121,8285680,38.02,51.61,0.7,-0.2,0.7,중립,양봉,잔구간,0.78,0.52,2026-09-29
FMC,0.8,9.09,3152641,3803523,28.66,43.89,0.7,0.1,-1.4,매도주의,음봉,전저점이탈,0.06,-1.98,2026-09-29
FNKO,0.8,5.33,632874,796122,3.37,5.89,0.6,0.0,-2.4,매도주의,장대음봉,수횡파,0.26,-1.69,2026-09-29
FINV,0.8,3.04,420928,545245,1.28,4.23,0.3,0.0,-1.0,매도주의,음봉,전저점이탈,0.38,-1.59,2026-09-29
TSSI,0.8,9.82,808103,956467,7.94,9.45,0.8,0.6,0.4,매수관심,팽이도지,완만한상승,0.61,1.03,2026-09-29
UAA,0.8,4.27,8622203,11027688,36.82,51.38,0.7,0.0,-0.2,중립,팽이도지,잔구간,0.42,-0.05,2026-09-29
TSLG,0.8,4.45,43534748,52266969,193.73,273.71,0.7,0.5,-3.2,강한매도,장대음봉,전저점이탈,0.17,-3.15,2026-09-29
TSLT,0.8,12.47,1390439,1637775,17.34,27.13,0.6,0.3,-3.0,강한매도,장대음봉,전저점이탈,0.14,-3.18,2026-09-29
MLTX,0.8,11.45,1507032,1952616,17.26,24.63,0.7,0.0,-1.0,매도주의,음봉,전저점이탈,0.17,-1.85,2026-09-29
MFIC,0.8,8.86,552313,708713,4.89,5.6,0.9,0.3,0.8,매수관심,양봉,완만한상승,0.59,1.71,2026-09-29
MEI,0.8,14.34,412367,528256,5.91,8.37,0.7,1.8,0.2,중립,팽이도지,완만한상승,0.39,0.77,2026-09-29
MBLY,0.8,7.565,4898497,6361830,37.06,55.35,0.7,0.2,-3.1,매도주의,장대음봉,잔구간,0.13,-1.22,2026-09-29
LUNR,0.8,14.55,6633237,7889985,96.51,127.88,0.8,1.2,-5.4,매도주의,장대음봉,잔구간,0.01,-1.295,2026-09-29
GLNK,0.8,12.96,575274,714014,7.46,7.73,1.0,1.3,-4.4,매도주의,장대음봉,잔구간,0.14,-1.215,2026-09-29
AQST,0.8,4.67,1708401,2203985,7.98,10.49,0.8,-1.1,-0.6,중립,망치형,잔구간,0.6,0.56,2026-09-29
ARHS,0.8,9.46,1291063,1703653,12.21,14.02,0.9,0.4,-2.2,매도주의,장대음봉,잔구간,0.28,-1.13,2026-09-29
UIS,0.8,2.28,475434,590363,1.08,1.5,0.7,-0.4,2.2,매수관심,장대양봉,잔구간,0.91,1.245,2026-09-29
UNHG,0.8,17.88,474310,564400,8.48,10.01,0.8,-1.4,-0.1,중립,팽이도지,잔구간,0.71,0.125,2026-09-29
BTBT,0.8,1.65,18387349,24254349,30.34,46.09,0.7,2.4,-4.1,매도주의,장대음봉,잔구간,0.0,-1.3,2026-09-29
RKT,0.8,11.69,35040348,43504954,409.62,556.6,0.7,2.6,-2.1,중립,음봉,완만한상승,0.16,-0.21,2026-09-29
RLMD,0.8,3.73,863545,1058356,3.22,4.73,0.7,0.8,-2.4,중립,음봉,잔구간,0.18,-0.54,2026-09-29
RES,0.8,5.64,1881002,2283996,10.61,14.35,0.7,-1.0,-0.5,중립,팽이도지,잔구간,0.44,-0.035,2026-09-29
RGTI,0.8,15.74,13143910,17136670,206.89,276.06,0.7,2.7,-3.9,매도주의,장대음봉,잔구간,0.01,-1.295,2026-09-29
SKDD,0.8,6.908,3003662,3634289,20.75,31.65,0.7,-3.2,-2.0,중립,음봉,잔구간,0.32,-0.46,2026-09-29
SHO,0.8,11.3,1412849,1698498,15.97,22.85,0.7,0.0,0.0,강한매수,양봉스프링,완만한상승,0.83,2.8,2026-09-29
SIGA,0.8,3.44,439959,569577,1.51,2.28,0.7,0.6,-1.1,중립,망치형,잔구간,0.67,0.6,2026-09-29
SFL,0.8,13.06,1199485,1534237,15.67,21.98,0.7,-1.0,2.8,매수관심,장대양봉,잔구간,0.81,1.185,2026-09-29
USAS,0.8,4.5,2952414,3592958,13.29,19.86,0.7,0.9,-0.9,중립,망치형,잔구간,0.65,0.59,2026-09-29
USDE,0.8,15.32,4182448,5515186,64.08,81.54,0.8,3.5,-4.8,중립,음봉,잔구간,0.54,-0.325,2026-09-29
GDRX,0.8,3.23,587963,771650,1.9,2.72,0.7,0.0,-2.4,강한매도,장대음봉,전저점이탈,0.0,-3.35,2026-09-29
GFR,0.8,5.64,863093,1076178,4.87,8.76,0.6,0.3,-2.4,강한매도,장대음봉,전저점이탈,0.33,-2.95,2026-09-29
LMRI,0.8,10.26,379576,448240,3.89,4.92,0.8,0.5,0.6,매수관심,양봉스프링,잔구간,0.79,0.925,2026-09-29
LPTH,0.8,10.02,1720949,2204095,17.24,27.53,0.6,2.5,-0.6,중립,팽이도지,잔구간,0.47,-0.02,2026-09-29
GCMG,0.8,12.8,375344,453516,4.8,8.12,0.6,1.6,-2.5,매도주의,장대음봉,잔구간,0.31,-1.115,2026-09-29
GDOT,0.8,12.28,349470,441373,4.29,6.44,0.7,0.2,-0.5,매도주의,위꼬리음봉,잔구간,0.05,-1.02,2026-09-29
LENZ,0.8,3.86,645153,771156,2.49,3.16,0.8,0.0,-2.5,중립,음봉,잔구간,0.39,-0.415,2026-09-29
LFST,0.8,11.89,3451817,4150260,41.04,83.27,0.5,0.1,0.3,강한매수,양봉스프링,완만한상승,0.97,2.96,2026-09-29
KYTX,0.8,6.84,827665,1015000,5.66,8.11,0.7,0.1,0.1,중립,팽이도지,잔구간,0.45,-0.03,2026-09-29
LAC,0.8,2.63,7033651,8531493,18.5,26.09,0.7,1.1,-3.0,강한매도,장대음봉,전저점이탈,0.0,-3.35,2026-09-29
LBTYK,0.8,9.01,1623408,1941224,14.63,23.3,0.6,-0.7,-0.7,중립,팽이도지,전저점부근,0.26,0.46,2026-09-29
GT,0.8,5.0,6776424,8989951,33.88,55.96,0.6,0.4,-0.8,중립,팽이도지,잔구간,0.3,-0.12,2026-09-29
GTN,0.8,4.51,735570,972364,3.32,4.89,0.7,0.0,-1.7,중립,음봉,잔구간,0.0,-0.65,2026-09-29
KARD,0.8,14.66,493601,641591,7.24,20.29,0.4,-0.2,-0.6,중립,팽이도지,잔구간,0.45,-0.03,2026-09-29
GPRK,0.8,10.51,833968,1066383,8.77,9.84,0.9,-0.8,-0.8,중립,음봉,전저점부근,0.29,-0.2,2026-09-29
GRPN,0.8,19.99,976235,1294615,19.51,29.24,0.7,-0.6,1.9,매수관심,양봉,완만한상승,0.72,1.86,2026-09-29
VET,0.8,11.3,1106935,1421742,12.51,19.19,0.7,-2.3,0.4,매도주의,위꼬리양봉,전저점이탈,0.36,-1.92,2026-09-29
VGZ,0.8,2.68,2023239,2527204,5.42,7.99,0.7,0.4,-0.7,중립,망치형,잔구간,0.63,0.58,2026-09-29
UUUU,0.8,10.99,5508005,6894837,60.53,88.81,0.7,1.8,-2.1,중립,음봉,전저점부근,0.32,-0.17,2026-09-29
GOF,0.8,8.53,2166953,2822848,18.48,29.37,0.6,-0.4,0.8,매수관심,장대양봉,잔구간,0.88,1.23,2026-09-29
JBI,0.8,4.19,1894574,2372680,7.94,12.03,0.7,0.9,-3.7,매도주의,장대음봉,잔구간,0.27,-1.14,2026-09-29
JFR,0.8,7.37,914806,1133049,6.74,6.93,1.0,0.1,1.4,매수관심,장대양봉,잔구간,1.0,1.3,2026-09-29
HLF,0.8,12.44,1007295,1250026,12.53,18.34,0.7,0.3,-1.6,중립,음봉,잔구간,0.08,-0.6,2026-09-29
HLMN,0.8,7.11,1285320,1554560,9.14,15.33,0.6,-0.4,0.4,강한매수,양봉스프링,완만한상승,0.81,2.77,2026-09-29
KRP,0.8,14.3,795943,968827,11.38,15.75,0.7,-0.6,-0.5,중립,음봉,잔구간,0.22,-0.52,2026-09-29
KT,0.8,19.27,918748,1128675,17.7,23.36,0.8,0.6,-0.1,매수관심,팽이도지,완만한상승,0.61,1.03,2026-09-29
KTUP,0.8,4.19,515613,606803,2.16,2.57,0.8,2.0,-6.7,강한매도,장대음봉,전저점이탈,0.06,-3.28,2026-09-29
KULR,0.8,2.5,513876,632124,1.28,1.5,0.9,1.6,0.4,매수관심,팽이도지,완만한상승,0.5,0.9,2026-09-29
SBGI,0.8,12.76,386309,460376,4.93,6.66,0.7,-0.4,0.0,중립,팽이도지,잔구간,0.3,-0.12,2026-09-29
SENS,0.8,10.05,606989,778977,6.1,8.14,0.7,0.6,1.5,매수관심,양봉,완만한상승,0.7,1.84,2026-09-29
RZLV,0.8,2.12,7998231,9537123,16.96,19.7,0.9,1.4,-1.4,매도주의,장대음봉,전저점부근,0.22,-1.59,2026-09-29
SAN,0.8,14.19,6066337,8059258,86.08,104.44,0.8,0.1,-0.3,중립,망치형,잔구간,0.73,0.64,2026-09-29
BZ,0.8,14.17,5250951,6818889,74.41,105.8,0.7,0.6,-0.7,중립,음봉,잔구간,0.5,-0.35,2026-09-29
CABA,0.8,1.98,4193308,5375322,8.3,15.04,0.6,0.5,-1.5,중립,음봉,전저점부근,0.38,-0.09,2026-09-29
CALY,0.8,14.16,1633315,1957832,23.13,39.06,0.6,0.3,-1.3,중립,음봉,전저점부근,0.12,-0.41,2026-09-29
WVE,0.8,3.64,2765576,3351161,10.07,13.12,0.8,0.0,-0.8,중립,팽이도지,잔구간,0.38,-0.07,2026-09-29
ALLO,0.8,1.62,4318917,5601709,7.0,9.95,0.7,-1.8,1.3,중립,양봉,잔구간,0.44,0.315,2026-09-29
ACI,0.8,11.64,6035001,7456655,70.25,102.19,0.7,-0.4,0.4,중립,양봉,잔구간,0.47,0.33,2026-09-29
XRP,0.8,16.69,2029393,2463205,33.87,38.55,0.9,4.2,-3.2,매도주의,장대음봉,완만한상승,0.22,-1.44,2026-09-29
ACHV,0.8,7.69,1029828,1314587,7.92,12.35,0.6,0.0,-0.8,중립,망치형,잔구간,0.77,0.66,2026-09-29
AAL,0.8,13.61,59854837,74246723,814.62,1048.96,0.8,2.5,-1.8,중립,음봉,완만한상승,0.46,0.15,2026-09-29
YMAX,0.7,7.65,877336,1237197,6.71,10.02,0.7,0.3,0.0,중립,팽이도지,완만한상승,0.38,0.76,2026-09-29
USOY,0.7,7.24,306957,450389,2.22,4.11,0.5,-2.0,-1.5,매도주의,장대음봉,전저점부근,0.03,-1.81,2026-09-29
ABX,0.7,8.06,650161,891095,5.24,7.1,0.7,0.2,-2.2,중립,음봉,잔구간,0.42,-0.4,2026-09-29
HSLV,0.7,5.37,576966,846035,3.1,4.04,0.8,1.6,3.3,강한매수,장대양봉,완만한상승,1.0,3.5,2026-09-29
WIW,0.7,7.92,302004,414626,2.39,3.99,0.6,-0.1,0.3,매수관심,양봉스프링,잔구간,1.0,1.05,2026-09-29
AKBA,0.7,0.886,3454321,4744574,3.06,5.75,0.5,0.7,-1.5,중립,음봉,잔구간,0.54,-0.325,2026-09-29
WDCX,0.7,17.27,1022450,1429525,17.66,28.37,0.6,4.1,-3.8,중립,음봉,완만한상승,0.34,0.01,2026-09-29
IBRX,0.7,8.83,8366558,11325878,73.88,109.96,0.7,0.0,3.6,강한매수,장대양봉,완만한상승,0.86,3.33,2026-09-29
HUYA,0.7,2.32,649660,889249,1.51,2.11,0.7,-0.4,-1.3,매도주의,장대음봉,잔구간,0.25,-1.15,2026-09-29
ARLO,0.7,12.43,815329,1146764,10.13,16.69,0.6,0.6,-1.9,매도주의,장대음봉,잔구간,0.17,-1.2,2026-09-29
KLAR,0.7,12.36,4232617,6240713,52.32,77.98,0.7,0.7,-1.1,매도주의,장대음봉,잔구간,0.38,-1.07,2026-09-29
KEEL,0.7,3.58,17321642,24064407,62.01,125.51,0.5,1.9,-2.5,중립,음봉,전저점부근,0.2,-0.31,2026-09-29
ARVN,0.7,7.5,496059,699405,3.72,8.19,0.5,-0.3,0.1,매수관심,양봉스프링,잔구간,0.88,0.98,2026-09-29
BW,0.7,5.81,4168609,5827222,24.22,34.28,0.7,2.8,-1.7,중립,음봉,잔구간,0.39,-0.415,2026-09-29
SOFX,0.7,7.12,1432823,1929866,10.2,13.47,0.8,1.8,-1.8,중립,음봉,전저점부근,0.19,-0.32,2026-09-29
CEPL,0.7,4.45,360536,499820,1.6,4.04,0.4,1.6,-2.2,중립,음봉,전저점부근,0.03,-0.51,2026-09-29
CGNT,0.7,8.49,354892,512100,3.01,5.19,0.6,-0.5,0.0,중립,팽이도지,잔구간,0.53,0.02,2026-09-29
REAL,0.7,8.79,1931448,2898426,16.98,25.94,0.7,1.1,-1.3,중립,음봉,잔구간,0.43,-0.39,2026-09-29
CLSK,0.7,13.31,12360700,17099888,164.52,253.76,0.6,2.1,-2.3,중립,음봉,전저점부근,0.17,-0.35,2026-09-29
LABX,0.7,15.15,826669,1111504,12.52,17.82,0.7,1.1,1.5,매수관심,팽이도지,완만한상승,0.46,0.85,2026-09-29
LBRT,0.7,18.44,2997785,4319932,55.28,75.74,0.7,-1.5,-1.2,중립,음봉,잔구간,0.15,-0.56,2026-09-29
MARO,0.7,4.095,467671,629420,1.92,2.88,0.7,1.7,-2.7,강한매도,장대음봉,전저점이탈,0.04,-3.3,2026-09-29
MARA,0.7,11.99,26125760,38805633,313.25,611.2,0.5,2.5,-3.4,강한매도,장대음봉,전저점이탈,0.12,-3.21,2026-09-29
LXU,0.7,9.66,529246,814135,5.11,9.5,0.5,-0.5,-1.3,매도주의,음봉,전저점이탈,0.19,-1.82,2026-09-29
MATW,0.7,19.43,651407,984798,12.66,31.13,0.4,-0.4,-0.1,중립,팽이도지,잔구간,0.52,0.01,2026-09-29
ARKO,0.7,4.11,437935,644556,1.8,3.89,0.5,-0.2,-3.3,강한매도,장대음봉,전저점이탈,0.05,-3.29,2026-09-29
ARIS,0.7,17.75,1301832,1781881,23.11,31.31,0.7,0.2,1.2,중립,양봉,잔구간,0.72,0.48,2026-09-29
GDYN,0.7,7.64,493899,672898,3.77,6.96,0.5,-0.4,1.1,강한매수,양봉,완만한상승,0.83,2.0,2026-09-29
GDXY,0.7,10.2,526877,745801,5.37,8.42,0.6,1.3,0.0,매수관심,양봉스프링,잔구간,0.87,0.97,2026-09-29
LPL,0.7,2.98,2157903,3032444,6.43,7.64,0.8,0.0,-0.7,중립,음봉,잔구간,0.27,-0.49,2026-09-29
LILAK,0.7,8.385,865783,1316065,7.26,13.82,0.5,-0.8,0.8,강한매수,장대양봉,수횡파,0.81,3.97,2026-09-29
UWMC,0.7,1.24,7803084,11678824,9.68,16.35,0.6,-1.6,0.8,중립,위꼬리양봉,잔구간,0.4,-0.56,2026-09-29
UVXY,0.7,16.99,5482423,8393093,93.15,142.41,0.7,-1.2,0.7,중립,팽이도지,잔구간,0.51,0.005,2026-09-29
CRWG,0.7,17.73,1895047,2586193,33.6,48.99,0.7,2.7,-0.5,매도주의,위꼬리음봉,완만한상승,0.14,-1.03,2026-09-29
QNST,0.7,14.44,845692,1228782,12.21,21.63,0.6,0.0,1.6,중립,양봉,잔구간,0.96,0.625,2026-09-29
BBWI,0.7,15.99,4983598,6926920,79.69,121.87,0.7,0.5,-1.7,중립,음봉,잔구간,0.4,-0.41,2026-09-29
PURR,0.7,11.92,14615192,22195840,174.21,361.99,0.5,3.2,-4.4,매도주의,장대음봉,전저점부근,0.14,-1.68,2026-09-29
PSNL,0.7,16.35,1037831,1519540,16.97,36.18,0.5,-0.4,0.6,매수관심,양봉,수횡파,0.69,1.53,2026-09-29
PSO,0.7,15.96,465509,621754,7.43,11.07,0.7,0.0,0.1,매수관심,팽이도지,완만한상승,0.52,0.92,2026-09-29
PSKY,0.7,9.99,19006372,28905692,189.87,347.03,0.5,-0.8,-2.1,중립,음봉,잔구간,0.24,-0.505,2026-09-29
CONL,0.7,5.98,15522077,21463760,92.82,175.95,0.5,5.9,-7.1,매도주의,장대음봉,잔구간,0.22,-1.17,2026-09-29
CRSR,0.7,13.46,740782,1013012,9.97,14.01,0.7,1.4,-1.7,중립,음봉,잔구간,0.42,-0.4,2026-09-29
SSL,0.7,13.85,1297073,1981841,17.96,27.68,0.6,-1.1,0.5,중립,양봉,잔구간,0.67,0.45,2026-09-29
RUM,0.7,7.72,3254773,4708051,25.13,52.28,0.5,1.8,-4.3,강한매도,장대음봉,전저점이탈,0.05,-3.29,2026-09-29
PDI,0.7,14.05,3423423,5081963,48.1,71.24,0.7,0.5,0.6,중립,양봉,잔구간,0.54,0.375,2026-09-29
RYLD,0.7,15.48,455868,645675,7.06,9.22,0.8,0.0,-0.1,중립,팽이도지,잔구간,0.5,0.0,2026-09-29
BRBS,0.7,3.84,461673,629314,1.77,5.09,0.3,0.3,0.0,중립,팽이도지,잔구간,0.71,0.125,2026-09-29
RYAM,0.7,8.01,623491,841426,4.99,7.24,0.7,0.0,-1.7,강한매도,장대음봉,전저점이탈,0.11,-3.22,2026-09-29
VIV,0.7,11.38,680143,1022298,7.74,19.98,0.4,-0.5,1.3,매수관심,장대양봉,잔구간,1.0,1.3,2026-09-29
HR,0.7,17.94,3630404,5097795,65.13,90.31,0.7,-0.2,0.0,중립,팽이도지,잔구간,0.46,-0.025,2026-09-29
KSS,0.7,18.32,3093655,4177242,56.68,67.58,0.8,-0.1,0.8,매수관심,양봉,완만한상승,0.71,1.85,2026-09-29
HITI,0.7,2.8,582221,787768,1.63,2.57,0.6,-1.4,1.1,중립,양봉,잔구간,0.5,0.35,2026-09-29
IMXI,0.7,11.65,517787,719756,6.03,10.49,0.6,0.0,0.0,강한매수,양봉스프링,완만한상승,0.8,2.76,2026-09-29
INNV,0.7,8.98,729146,1010762,6.55,10.8,0.6,-1.0,2.0,중립,양봉,잔구간,0.94,0.615,2026-09-29
SJT,0.7,3.63,411216,628834,1.49,1.73,0.9,-0.8,-1.6,중립,망치형,잔구간,0.78,0.67,2026-09-29
BMEA,0.7,1.26,1556142,2261418,1.96,4.03,0.5,-0.8,-1.6,중립,음봉,전저점부근,0.2,-0.31,2026-09-29
BKKT,0.7,8.1,1003944,1459771,8.13,14.62,0.6,3.4,-2.1,중립,음봉,완만한상승,0.33,-0.0,2026-09-29
RPD,0.7,11.705,1028162,1418228,12.03,25.19,0.5,0.0,-0.8,중립,망치형,잔구간,0.71,0.625,2026-09-29
RSI,0.7,19.66,3661533,4893849,71.99,104.5,0.7,0.3,0.3,중립,위꼬리양봉,잔구간,0.28,-0.63,2026-09-29
SLNH,0.7,1.17,4001649,6130051,4.68,8.75,0.5,0.0,-0.8,중립,망치형,잔구간,0.5,0.5,2026-09-29
SLS,0.7,11.51,3267199,4552755,37.61,67.4,0.6,-0.8,0.1,중립,팽이도지,수횡파,0.52,0.62,2026-09-29
RKLZ,0.7,15.695,327353,496160,5.14,8.99,0.6,-3.4,10.6,매수관심,장대양봉,잔구간,0.95,1.27,2026-09-29
RNW,0.7,6.85,757022,1011920,5.19,8.41,0.6,0.0,0.1,매수관심,양봉,완만한상승,0.5,1.6,2026-09-29
RPC,0.7,7.35,395867,552512,2.91,5.05,0.6,0.5,-0.3,강한매수,망치형,완만한상승,0.76,2.21,2026-09-29
NUAI,0.7,6.76,7046857,10041832,47.64,70.57,0.7,1.8,-4.6,중립,음봉,잔구간,0.1,-0.59,2026-09-29
BB,0.7,8.72,20609866,30328480,179.72,188.35,1.0,0.7,-1.6,중립,망치형,잔구간,0.67,0.6,2026-09-29
TNDM,0.7,16.57,1892490,2747463,31.36,44.52,0.7,-1.1,2.0,강한매수,양봉,완만한상승,0.9,2.08,2026-09-29
THM,0.7,2.54,507720,767080,1.29,2.61,0.5,0.4,-1.6,중립,음봉,잔구간,0.41,-0.405,2026-09-29
TGB,0.7,8.88,4484102,6002692,39.82,49.91,0.8,1.2,-0.3,강한매수,망치형,완만한상승,0.72,2.16,2026-09-29
DX,0.7,11.39,6139333,8702237,69.93,98.0,0.7,0.2,0.4,중립,팽이도지,잔구간,0.57,0.04,2026-09-29
AVTR,0.7,15.24,6911475,9315416,105.33,150.14,0.7,-0.7,0.4,중립,팽이도지,잔구간,0.5,0.0,2026-09-29
NUVB,0.7,5.62,3068396,4458220,17.24,26.34,0.7,-0.2,0.5,매수관심,팽이도지,완만한상승,0.53,0.94,2026-09-29
TNXP,0.7,9.65,394328,555560,3.81,5.41,0.7,0.8,-3.3,매도주의,장대음봉,전저점부근,0.17,-1.65,2026-09-29
CTNT,0.7,2.87,831324,1263898,2.39,16.09,0.1,-18.3,-2.4,중립,팽이도지,전저점이탈,0.56,-0.68,2026-09-29
TSLR,0.7,15.49,939485,1384298,14.55,27.96,0.5,0.3,-2.8,강한매도,장대음봉,전저점이탈,0.17,-3.15,2026-09-29
TSDD,0.7,8.21,4843605,6799649,39.77,69.36,0.6,-0.6,3.3,강한매수,장대양봉,전고점돌파,0.84,3.91,2026-09-29
TRX,0.7,1.24,2381664,3650887,2.95,6.23,0.5,0.8,0.8,매수관심,팽이도지,완만한상승,0.67,1.1,2026-09-29
GMRS,0.7,9.84,598143,915681,5.89,19.65,0.3,-0.3,-1.5,강한매도,장대음봉,전저점이탈,0.39,-2.88,2026-09-29
ERAS,0.7,14.21,3203323,4287999,45.52,79.98,0.6,-0.2,0.8,매수관심,팽이도지,완만한상승,0.64,1.07,2026-09-29
TV,0.7,2.35,627929,846027,1.48,3.87,0.4,0.0,0.4,중립,팽이도지,잔구간,0.6,0.06,2026-09-29
NKTX,0.7,2.62,524585,745932,1.37,1.84,0.7,0.4,-2.2,중립,음봉,잔구간,0.6,-0.29,2026-09-29
DAVA,0.7,1.65,1265916,1782285,2.09,2.58,0.8,-1.2,-1.8,매도주의,위꼬리음봉,전저점부근,0.25,-1.05,2026-09-29
DCOY,0.7,2.13,712322,970432,1.52,43.72,0.0,0.0,-7.8,중립,음봉,전저점부근,0.32,-0.17,2026-09-29
CPRI,0.7,14.66,2970829,4163695,43.55,104.6,0.4,0.0,-0.9,중립,망치형,잔구간,0.63,0.58,2026-09-29
NOWL,0.7,6.64,3159789,4408556,20.98,33.18,0.6,-0.9,-1.6,중립,팽이도지,잔구간,0.43,-0.04,2026-09-29
NFXL,0.7,14.13,1099965,1627565,15.54,23.67,0.7,3.0,-0.0,매도주의,위꼬리음봉,잔구간,0.13,-0.97,2026-09-29
TRT,0.7,6.62,409001,614635,2.71,5.28,0.5,0.5,2.6,매수관심,양봉,완만한상승,0.48,1.58,2026-09-29
CRGY,0.7,12.89,4086176,5745721,52.67,107.65,0.5,-2.1,1.4,중립,양봉,전저점이탈,0.59,0.06,2026-09-29
CRDL,0.7,1.69,677998,1011407,1.15,1.99,0.6,-0.6,0.6,중립,양봉,잔구간,0.57,0.39,2026-09-29
PAYS,0.7,12.85,399472,601108,5.13,9.58,0.5,0.2,0.9,강한매수,양봉,완만한상승,0.83,2.0,2026-09-29
SUIG,0.7,1.62,926902,1361535,1.5,2.09,0.7,0.6,0.6,중립,위꼬리양봉,완만한상승,0.06,-0.63,2026-09-29
DAKT,0.7,17.41,370170,500524,6.44,9.73,0.7,0.4,1.7,강한매수,장대양봉,완만한상승,0.97,3.46,2026-09-29
TAC,0.7,11.79,996144,1529588,11.74,21.55,0.5,-0.2,0.0,중립,팽이도지,잔구간,0.72,0.13,2026-09-29
ONDS,0.7,7.48,48881273,68952964,365.63,517.22,0.7,3.1,-5.5,매도주의,장대음봉,잔구간,0.02,-1.29,2026-09-29
OIG,0.7,10.18,585523,810253,5.96,13.79,0.4,-0.6,9.5,매수관심,장대양봉,잔구간,0.71,1.125,2026-09-29
AVO,0.7,13.07,588715,858003,7.69,12.49,0.6,-0.8,0.5,중립,위꼬리양봉,잔구간,0.44,-0.535,2026-09-29
QCML,0.7,18.26,443602,663090,8.1,13.66,0.6,1.6,-5.1,매도주의,장대음봉,잔구간,0.25,-1.15,2026-09-29
SFD,0.7,19.01,1402693,1977078,26.67,47.69,0.6,-0.2,-0.5,중립,음봉,잔구간,0.2,-0.53,2026-09-29
SBSW,0.7,10.19,4912908,6922748,50.06,67.25,0.7,-0.6,1.1,중립,양봉,잔구간,1.0,0.65,2026-09-29
CANE,0.7,11.36,315633,468478,3.59,4.84,0.7,1.2,0.0,중립,위꼬리양봉,완만한상승,0.1,-0.58,2026-09-29
SBET,0.7,9.46,5966556,8195682,56.44,91.68,0.6,3.4,-3.7,매도주의,장대음봉,잔구간,0.11,-1.235,2026-09-29
SGML,0.7,9.71,1148918,1699379,11.16,23.03,0.5,1.3,0.9,매수관심,양봉스프링,잔구간,0.85,0.96,2026-09-29
CAL,0.7,12.45,332777,456021,4.14,6.61,0.6,0.7,-1.3,중립,음봉,잔구간,0.48,-0.36,2026-09-29
CAN,0.7,0.372,6235960,8583816,2.32,5.29,0.4,0.4,-0.8,중립,팽이도지,잔구간,0.38,-0.07,2026-09-29
BMNZ,0.7,4.2,2961334,4493077,12.44,22.29,0.6,-7.9,9.4,강한매수,장대양봉,완만한상승,0.77,3.22,2026-09-29
SHNY,0.7,8.12,887724,1229381,7.21,11.06,0.7,2.4,1.8,매수관심,장대양봉,잔구간,1.0,1.3,2026-09-29
SGRY,0.7,14.41,1421050,2170414,20.48,41.85,0.5,-0.3,-1.6,중립,음봉,잔구간,0.3,-0.47,2026-09-29
SGMT,0.7,9.33,860051,1181484,8.02,13.56,0.6,-0.2,-5.9,매도주의,장대음봉,잔구간,0.12,-1.23,2026-09-29
SKHL,0.7,11.14,1271162,1701833,14.16,18.26,0.8,3.5,1.7,매수관심,양봉,완만한상승,0.67,1.8,2026-09-29
IRWD,0.7,4.16,1233240,1854486,5.13,11.24,0.5,0.0,1.0,중립,양봉,잔구간,0.89,0.585,2026-09-29
ELMT,0.7,19.15,430516,588350,8.24,19.5,0.4,1.4,1.3,중립,위꼬리양봉,잔구간,0.33,-0.6,2026-09-29
EIKN,0.7,7.91,334823,449458,2.65,6.82,0.4,-0.4,0.4,중립,팽이도지,잔구간,0.37,-0.08,2026-09-29
FOSL,0.7,6.16,477492,679155,2.94,4.38,0.7,0.5,1.8,강한매수,양봉,완만한상승,0.85,2.02,2026-09-29
ALKT,0.7,13.37,1714398,2503220,22.92,42.04,0.5,-0.6,0.5,중립,위꼬리양봉,전저점부근,0.39,-0.38,2026-09-29
VOR,0.7,18.33,1384012,1897827,25.37,38.13,0.7,1.7,-1.6,강한매수,망치형,완만한상승,0.65,2.08,2026-09-29
VXX,0.7,17.45,5616176,8233125,98.0,149.82,0.7,-0.7,0.6,중립,양봉,잔구간,0.57,0.39,2026-09-29
VTEX,0.7,3.59,542779,726602,1.95,2.49,0.8,0.6,-0.3,중립,팽이도지,잔구간,0.34,-0.095,2026-09-29
IMCC,0.7,2.45,1762717,2708004,4.32,65.74,0.1,2.0,-3.2,매도주의,위꼬리음봉,전저점부근,0.03,-1.31,2026-09-29
IREZ,0.7,9.54,2387230,3543533,22.77,26.67,0.9,-4.0,5.8,강한매수,장대양봉,전고점돌파,0.77,3.82,2026-09-29
WY,0.7,19.55,5276218,7347772,103.15,166.24,0.6,-0.2,-0.7,중립,음봉,전저점부근,0.1,-0.43,2026-09-29
WYFI,0.7,18.53,795294,1163924,14.74,23.62,0.6,0.0,-1.6,중립,음봉,잔구간,0.07,-0.61,2026-09-29
ETHT,0.7,19.55,1085046,1521227,21.21,31.53,0.7,4.9,-3.5,매도주의,장대음봉,잔구간,0.3,-1.12,2026-09-29
ALMS,0.7,7.29,1668228,2479024,12.16,25.6,0.5,0.0,1.8,매수관심,양봉,완만한상승,0.57,1.68,2026-09-29
ALMU,0.7,12.75,328219,490580,4.18,11.61,0.4,2.2,-2.2,중립,음봉,잔구간,0.45,-0.38,2026-09-29
ALT,0.7,2.97,2563649,3604442,7.61,13.87,0.5,1.0,-0.7,강한매수,망치형,완만한상승,0.58,2.0,2026-09-29
SNK,0.6,14.82,1421964,2240927,21.07,34.75,0.6,-1.7,-3.5,중립,음봉,잔구간,0.15,-0.56,2026-09-29
SRPT,0.6,18.64,1368566,2243614,25.51,56.56,0.5,-0.7,-0.2,중립,망치형,잔구간,0.72,0.63,2026-09-29
PDO,0.6,11.79,874653,1481891,10.31,17.18,0.6,0.1,0.9,매수관심,장대양봉,잔구간,1.0,1.3,2026-09-29
PROK,0.6,1.63,1003290,1749821,1.64,4.13,0.4,0.0,1.2,중립,위꼬리양봉,완만한상승,0.33,-0.3,2026-09-29
XIFR,0.6,10.44,609747,1058359,6.37,9.95,0.6,0.2,0.6,매수관심,양봉스프링,잔구간,0.92,1.0,2026-09-29
ANGX,0.6,4.66,1192734,1902439,5.56,12.58,0.4,0.4,1.5,중립,양봉,잔구간,0.54,0.375,2026-09-29
HYPD,0.6,3.99,359525,608171,1.43,2.22,0.6,1.1,0.8,매수관심,양봉스프링,잔구간,0.95,1.02,2026-09-29
XRPZ,0.6,16.22,452811,802885,7.34,13.87,0.5,3.9,-3.2,중립,음봉,완만한상승,0.22,-0.14,2026-09-29
YDES,0.6,7.61,349714,582430,2.66,3.53,0.8,-1.1,8.3,강한매수,양봉,전고점돌파,0.78,2.54,2026-09-29
XXI,0.6,6.53,1392144,2261398,9.09,23.31,0.4,2.4,-5.4,매도주의,장대음봉,잔구간,0.02,-1.29,2026-09-29
BTGO,0.6,7.27,813542,1290978,5.91,22.63,0.3,2.8,-2.5,매도주의,장대음봉,잔구간,0.39,-1.065,2026-09-29
XNDX,0.6,1.565,668737,1034084,1.05,1.58,0.7,11.0,-8.5,매도주의,장대음봉,전저점부근,0.08,-1.75,2026-09-29
VG,0.6,12.54,10124942,17191972,126.97,207.14,0.6,-2.6,-0.2,매도주의,팽이도지,전저점이탈,0.44,-0.82,2026-09-29
VFF,0.6,3.1,516749,874006,1.6,2.17,0.7,0.0,-1.3,중립,음봉,잔구간,0.44,-0.385,2026-09-29
VERI,0.6,1.32,1517276,2483311,2.0,3.04,0.7,0.0,3.1,강한매수,장대양봉,완만한상승,0.85,3.32,2026-09-29
VBIO,0.6,2.83,381272,648239,1.08,4.86,0.2,-2.6,7.6,매수관심,양봉,완만한상승,0.59,1.71,2026-09-29
BV,0.6,10.06,540460,954031,5.44,9.92,0.5,-0.8,-1.2,중립,음봉,잔구간,0.17,-0.55,2026-09-29
ABTC,0.6,8.72,764583,1239189,6.67,17.09,0.4,2.1,-3.4,중립,음봉,전저점부근,0.25,-0.25,2026-09-29
YSS,0.6,8.83,1630643,2563088,14.4,44.27,0.3,0.2,-3.6,중립,음봉,잔구간,0.04,-0.625,2026-09-29
ZH,0.6,3.6,514747,886522,1.85,2.97,0.6,-0.5,-4.8,중립,음봉,잔구간,0.35,-0.44,2026-09-29
GSOL,0.6,9.01,2121398,3773159,19.11,30.92,0.6,2.6,-2.1,중립,음봉,완만한상승,0.34,0.01,2026-09-29
SOLZ,0.6,11.8,707032,1190209,8.34,17.17,0.5,2.4,-2.1,중립,음봉,완만한상승,0.32,-0.02,2026-09-29
CCCC,0.6,3.13,1554158,2448862,4.86,7.3,0.7,-0.8,1.3,중립,팽이도지,잔구간,0.6,0.06,2026-09-29
GEMI,0.6,5.29,1748923,2703113,9.25,21.62,0.4,3.1,-1.3,중립,음봉,잔구간,0.39,-0.415,2026-09-29
LAES,0.6,2.32,3250579,5030087,7.54,11.76,0.6,0.9,0.9,매수관심,양봉,완만한상승,0.67,1.8,2026-09-29
RBBN,0.6,1.79,588172,1017647,1.05,2.4,0.4,0.6,2.9,강한매수,장대양봉,완만한상승,0.87,3.34,2026-09-29
RCAT,0.6,6.45,5376779,9289348,34.68,80.87,0.4,1.5,-2.3,매도주의,장대음봉,잔구간,0.13,-1.22,2026-09-29
QUBT,0.6,8.46,4550022,8245700,38.49,72.04,0.5,2.3,-3.5,매도주의,장대음봉,잔구간,0.03,-1.28,2026-09-29
SOPH,0.6,8.3,315149,533706,2.62,7.02,0.4,0.1,-2.4,중립,음봉,잔구간,0.36,-0.435,2026-09-29
BSOL,0.6,16.38,3075041,5015464,50.37,74.48,0.7,2.5,-2.0,중립,음봉,완만한상승,0.34,0.01,2026-09-29
SNDG,0.6,10.265,3231676,5416426,33.17,58.37,0.6,3.5,-1.6,중립,망치형,잔구간,0.64,0.585,2026-09-29
CCC,0.6,6.58,7530645,13501978,49.55,97.68,0.5,-1.1,0.5,중립,팽이도지,잔구간,0.45,-0.03,2026-09-29
CGC,0.6,0.925,1122879,1810064,1.04,1.86,0.6,0.2,-0.3,매도주의,위꼬리음봉,잔구간,0.02,-1.04,2026-09-29
SNDQ,0.6,10.81,18585467,32787190,200.91,348.7,0.6,-3.8,2.0,중립,위꼬리양봉,잔구간,0.38,-0.57,2026-09-29
ASPN,0.6,5.22,815272,1297394,4.26,5.82,0.7,1.9,-0.9,매수관심,팽이도지,완만한상승,0.56,0.97,2026-09-29
UPWK,0.6,8.1,1690699,2659676,13.69,22.73,0.6,-0.3,0.7,중립,양봉,잔구간,0.56,0.385,2026-09-29
PTY,0.6,10.88,1524957,2446128,16.59,24.98,0.7,-0.6,1.7,매수관심,장대양봉,잔구간,0.79,1.175,2026-09-29
PRTH,0.6,7.79,1629729,2807721,12.7,28.44,0.4,0.0,0.3,중립,양봉,전고점부근,0.75,0.55,2026-09-29
PLTZ,0.6,7.96,1680783,3052862,13.38,26.57,0.5,-0.3,0.9,중립,위꼬리양봉,잔구간,0.45,-0.53,2026-09-29
BHVN,0.6,13.29,1533992,2587777,20.39,44.18,0.5,-1.1,1.3,매수관심,양봉,완만한상승,0.63,1.76,2026-09-29
BITX,0.6,19.6,6849613,11534880,134.25,230.15,0.6,2.4,-2.0,중립,음봉,잔구간,0.44,-0.385,2026-09-29
BITI,0.6,17.63,946795,1476217,16.69,35.72,0.5,-1.2,1.0,중립,양봉,잔구간,0.54,0.375,2026-09-29
BIT,0.6,11.21,315934,508681,3.54,6.65,0.5,0.5,0.1,중립,팽이도지,잔구간,0.7,0.12,2026-09-29
PLAY,0.6,6.49,1395376,2383055,9.06,29.77,0.3,2.0,-0.8,매도주의,위꼬리음봉,완만한상승,0.18,-0.98,2026-09-29
BRSP,0.6,4.03,1150544,2052225,4.64,9.05,0.5,0.5,-1.2,중립,음봉,잔구간,0.38,-0.42,2026-09-29
BTCS,0.6,1.53,1117836,1844471,1.71,3.12,0.5,2.6,-3.8,매도주의,장대음봉,잔구간,0.2,-1.18,2026-09-29
SOFI,0.6,15.91,36075303,57866064,573.96,920.28,0.6,1.1,-1.2,중립,음봉,전저점부근,0.14,-0.38,2026-09-29
SRFM,0.6,1.2,5085570,9149317,6.1,10.28,0.6,0.0,0.8,매수관심,양봉스프링,전고점부근,1.0,1.65,2026-09-29
PCN,0.6,10.69,417746,732325,4.47,7.14,0.6,-0.1,0.9,매수관심,장대양봉,잔구간,0.99,1.295,2026-09-29
TLX,0.6,11.34,428307,721998,4.86,7.53,0.6,0.2,-2.6,매도주의,장대음봉,잔구간,0.27,-1.14,2026-09-29
NXDR,0.6,2.45,1575651,2543283,3.86,7.12,0.5,-0.4,1.7,강한매수,양봉,완만한상승,0.88,2.06,2026-09-29
TRIP,0.6,8.4,3205369,5308765,26.93,39.41,0.7,0.1,-0.2,중립,망치형,잔구간,0.9,0.74,2026-09-29
DAMD,0.6,9.03,3508092,5667297,31.68,45.2,0.7,-2.9,3.1,중립,양봉,잔구간,0.87,0.57,2026-09-29
TAL,0.6,11.73,1428625,2410214,16.76,39.22,0.4,-0.4,-0.9,중립,음봉,잔구간,0.51,-0.345,2026-09-29
SUPX,0.6,7.06,357308,629934,2.52,6.92,0.4,-1.4,2.3,중립,위꼬리양봉,잔구간,0.36,-0.585,2026-09-29
SUZ,0.6,8.52,1447027,2357624,12.33,23.03,0.5,-0.9,0.4,강한매수,양봉스프링,전저점부근,0.83,3.65,2026-09-29
TARA,0.6,3.21,391465,698718,1.26,4.91,0.3,2.5,-3.6,매도주의,장대음봉,전저점부근,0.0,-1.85,2026-09-29
ONT,0.6,14.11,585079,901778,8.26,12.54,0.7,0.0,-3.6,매도주의,장대음봉,잔구간,0.15,-1.21,2026-09-29
CTKB,0.6,5.76,869963,1377998,5.01,9.5,0.5,0.0,0.3,매수관심,팽이도지,완만한상승,0.52,0.92,2026-09-29
PAYO,0.6,7.14,1381134,2387209,9.86,24.1,0.4,0.0,0.0,중립,위꼬리양봉,완만한상승,0.0,-0.7,2026-09-29
DC,0.6,6.21,1296673,2001682,8.05,12.83,0.6,0.6,-0.2,매수관심,팽이도지,완만한상승,0.58,1.0,2026-09-29
CRCG,0.6,12.28,1797938,2865561,22.08,51.46,0.4,4.3,-8.9,강한매도,장대음봉,전저점이탈,0.13,-3.19,2026-09-29
PAL,0.6,3.6,800855,1237227,2.88,5.93,0.5,0.8,1.1,중립,양봉,잔구간,0.54,0.375,2026-09-29
ORIC,0.6,13.37,977262,1616562,13.07,22.83,0.6,-0.3,1.1,매수관심,양봉스프링,잔구간,0.92,1.0,2026-09-29
CYPH,0.6,3.23,13567016,23304779,43.82,78.35,0.6,0.9,-3.3,중립,음봉,잔구간,0.24,-0.505,2026-09-29
CRCA,0.6,18.1,336902,538107,6.1,17.27,0.4,4.0,-8.6,강한매도,장대음봉,전저점이탈,0.16,-3.16,2026-09-29
NPKI,0.6,11.4,593197,941983,6.76,10.81,0.6,0.4,-2.0,강한매도,장대음봉,전저점이탈,0.18,-3.13,2026-09-29
DNP,0.6,9.83,713477,1104222,7.01,10.24,0.7,0.1,1.0,중립,양봉,잔구간,0.88,0.58,2026-09-29
MNKD,0.6,3.34,2381153,3745970,7.95,17.9,0.4,0.0,-0.3,중립,팽이도지,잔구간,0.63,0.08,2026-09-29
UNG,0.6,10.35,28840552,44610628,298.5,369.89,0.8,-2.6,-1.5,매도주의,장대음봉,잔구간,0.13,-1.22,2026-09-29
MGTX,0.6,11.13,875928,1429303,9.75,14.6,0.7,-0.8,1.0,중립,양봉,잔구간,0.87,0.57,2026-09-29
MLKN,0.6,19.96,557073,991880,11.12,19.71,0.6,0.0,-1.6,중립,음봉,잔구간,0.3,-0.47,2026-09-29
CX,0.6,9.65,5933541,9860641,57.26,85.64,0.7,0.0,1.3,매수관심,장대양봉,잔구간,0.87,1.22,2026-09-29
CWH,0.6,5.1,1315803,2109032,6.71,12.0,0.6,1.4,-2.7,매도주의,장대음봉,잔구간,0.14,-1.215,2026-09-29
CWEB,0.6,18.16,785742,1368727,14.27,21.65,0.7,-1.6,-1.0,매도주의,음봉,전저점이탈,0.57,-1.37,2026-09-29
EPM,0.6,3.49,314661,550878,1.1,2.66,0.4,-0.6,1.7,중립,양봉,잔구간,0.75,0.5,2026-09-29
CURI,0.6,2.95,414045,712487,1.22,1.91,0.6,0.0,1.7,매수관심,양봉,완만한상승,0.78,1.94,2026-09-29
NRDS,0.6,8.54,493332,862746,4.21,7.56,0.6,0.0,0.2,강한매수,양봉스프링,완만한상승,0.81,2.77,2026-09-29
EDIT,0.6,2.59,1569545,2540512,4.07,11.51,0.4,1.2,2.0,매수관심,양봉,완만한상승,0.73,1.88,2026-09-29
EIDO,0.6,11.83,583905,1020992,6.91,14.04,0.5,-0.3,-0.1,매수관심,팽이도지,전저점부근,0.57,0.83,2026-09-29
EVER,0.6,18.91,617891,1116727,11.68,25.02,0.5,-0.5,2.2,중립,양봉,잔구간,0.94,0.615,2026-09-29
FLNA,0.6,0.925,1203657,2185417,1.11,10.71,0.1,-0.4,8.8,강한매수,장대양봉,완만한상승,0.86,3.33,2026-09-29
ENGS,0.6,2.99,1490908,2701626,4.46,7.64,0.6,0.3,0.7,매수관심,팽이도지,완만한상승,0.42,0.8,2026-09-29
AMBP,0.6,4.35,859032,1551861,3.74,9.03,0.4,0.0,-1.1,중립,음봉,잔구간,0.29,-0.475,2026-09-29
HELP,0.6,12.7,972657,1654738,12.35,28.28,0.4,0.1,0.8,매수관심,팽이도지,완만한상승,0.5,0.9,2026-09-29
IONL,0.6,15.15,578247,1028899,8.76,14.07,0.6,5.1,-8.2,매도주의,장대음봉,잔구간,0.05,-1.27,2026-09-29
VRDN,0.6,19.995,1233590,1918197,24.67,45.73,0.5,0.6,-3.3,매도주의,장대음봉,전저점부근,0.24,-1.56,2026-09-29
ALHC,0.6,7.91,7075674,12773898,55.97,152.13,0.4,0.0,-0.3,중립,팽이도지,잔구간,0.67,0.1,2026-09-29
VIXY,0.6,16.68,1263539,2222367,21.08,41.0,0.5,-1.0,0.3,중립,팽이도지,잔구간,0.41,-0.055,2026-09-29
ERIC,0.6,9.32,5029048,7953632,46.87,77.55,0.6,-0.5,-0.5,매도주의,음봉,전저점이탈,0.52,-1.43,2026-09-29
NAT,0.6,7.98,3305130,5280800,26.37,42.85,0.6,-0.6,3.1,강한매수,양봉,완만한상승,0.84,2.01,2026-09-29
JANX,0.6,16.95,511707,814228,8.67,17.48,0.5,-0.2,2.5,강한매수,장대양봉,완만한상승,0.95,3.44,2026-09-29
BLZE,0.6,13.38,980970,1534208,13.13,25.45,0.5,0.1,-1.3,중립,망치형,잔구간,0.56,0.535,2026-09-29
BLND,0.6,1.03,1066128,1884731,1.1,2.73,0.4,-0.9,-4.6,강한매도,장대음봉,전저점이탈,0.0,-3.35,2026-09-29
HSAI,0.6,15.52,733657,1145003,11.39,18.99,0.6,0.0,-0.4,강한매수,망치형,전저점부근,0.55,2.81,2026-09-29
RKLX,0.6,17.12,2152710,3647318,36.85,54.33,0.7,4.0,-10.5,매도주의,장대음봉,잔구간,0.06,-1.265,2026-09-29
RGTZ,0.6,15.46,346191,553398,5.35,7.34,0.7,-5.1,8.5,강한매수,장대양봉,완만한상승,1.0,3.5,2026-09-29
RGTX,0.6,9.44,539241,978518,5.09,11.02,0.5,4.7,-7.2,매도주의,장대음봉,잔구간,0.05,-1.27,2026-09-29
SKHX,0.6,17.26,932823,1445570,16.1,24.86,0.6,3.2,2.0,매수관심,양봉,완만한상승,0.68,1.82,2026-09-29
SKHZ,0.6,9.485,784280,1285484,7.44,12.73,0.6,-1.7,-0.9,중립,음봉,잔구간,0.32,-0.46,2026-09-29
SECZ,0.5,15.84,3644603,6968869,57.73,97.79,0.6,-0.2,-4.5,중립,음봉,잔구간,0.48,-0.36,2026-09-29
SION,0.5,5.15,797862,1535949,4.11,11.59,0.4,0.6,0.0,강한매수,양봉스프링,완만한상승,0.76,2.71,2026-09-29
RLX,0.5,1.7,1275071,2380174,2.17,10.9,0.2,0.0,0.0,매수관심,팽이도지,완만한상승,0.67,1.1,2026-09-29
KLRA,0.5,10.99,694931,1532630,7.64,19.63,0.4,-0.2,-1.0,매도주의,팽이도지,전저점이탈,0.33,-0.95,2026-09-29
INFQ,0.5,13.84,4382617,9287840,60.66,126.68,0.5,1.8,-3.8,매도주의,장대음봉,잔구간,0.03,-1.28,2026-09-29
AMTX,0.5,1.83,547074,1035242,1.0,2.07,0.5,-0.8,0.0,중립,팽이도지,잔구간,0.64,0.085,2026-09-29
VNCE,0.5,10.14,301227,551131,3.05,6.09,0.5,0.9,-7.1,중립,음봉,잔구간,0.13,-0.57,2026-09-29
MNRO,0.5,13.76,528420,1066029,7.27,16.12,0.5,0.7,1.9,중립,양봉,잔구간,0.57,0.39,2026-09-29
NFE,0.5,6.08,425490,805330,2.59,7.32,0.4,-0.9,-5.3,중립,음봉,잔구간,0.49,-0.355,2026-09-29
GMEU,0.5,8.43,658600,1279770,5.55,7.65,0.7,-0.7,-1.9,중립,음봉,잔구간,0.6,-0.29,2026-09-29
GLUE,0.5,11.74,545067,1136019,6.4,14.72,0.4,-0.3,0.5,중립,위꼬리양봉,완만한상승,0.3,-0.34,2026-09-29
MRLN,0.5,1.78,2206831,4784459,3.93,11.92,0.3,0.0,1.7,매수관심,양봉,완만한상승,0.5,1.6,2026-09-29
FSOL,0.5,13.985,300287,594789,4.2,8.16,0.5,2.4,-1.9,중립,음봉,완만한상승,0.3,-0.04,2026-09-29
TSLQ,0.5,19.59,2762390,5131770,54.12,101.74,0.5,-0.3,2.9,강한매수,장대양봉,전고점돌파,0.81,3.87,2026-09-29
GAB,0.5,5.25,915803,1732822,4.81,8.23,0.6,0.2,-1.1,중립,음봉,전저점부근,0.28,-0.21,2026-09-29
DRN,0.5,8.55,909884,1797322,7.78,17.1,0.5,-0.5,0.2,중립,팽이도지,잔구간,0.61,0.065,2026-09-29
GLOO,0.5,4.47,635868,1368576,2.84,11.34,0.3,-1.3,-2.8,매도주의,장대음봉,잔구간,0.19,-1.185,2026-09-29
CRMG,0.5,7.623,524844,1125316,4.0,10.72,0.4,-0.5,-1.0,중립,팽이도지,잔구간,0.38,-0.07,2026-09-29
OBX,0.5,14.58,378583,747784,5.52,18.45,0.3,-0.7,9.8,중립,양봉,잔구간,0.69,0.465,2026-09-29
PALI,0.5,1.45,2165021,4279305,3.14,8.91,0.4,2.7,-5.8,매도주의,장대음봉,잔구간,0.23,-1.16,2026-09-29
DGXX,0.5,4.25,1683361,3117524,7.15,12.62,0.6,0.2,0.5,매수관심,팽이도지,완만한상승,0.45,0.84,2026-09-29
CRCD,0.5,2.185,2056796,4410692,4.49,11.66,0.4,-3.8,9.3,강한매수,장대양봉,전고점돌파,0.87,3.94,2026-09-29
PHAT,0.5,7.36,657260,1433531,4.84,11.65,0.4,-0.1,0.3,매수관심,팽이도지,완만한상승,0.66,1.09,2026-09-29
TNYA,0.5,0.593,1735816,3660236,1.03,2.06,0.5,0.1,0.5,중립,위꼬리양봉,잔구간,0.11,-0.735,2026-09-29
BATL,0.5,1.08,2168748,4228284,2.34,4.85,0.5,-0.9,2.9,강한매수,양봉,완만한상승,0.83,2.0,2026-09-29
HUCK,0.5,3.32,555173,1157076,1.84,4.73,0.4,0.5,-0.2,중립,팽이도지,수횡파,0.48,0.58,2026-09-29
LRMR,0.5,3.14,1041632,2195941,3.27,6.4,0.5,-1.3,0.3,중립,위꼬리양봉,잔구간,0.29,-0.625,2026-09-29
ZTO,0.5,19.6,2461114,4699394,48.24,81.54,0.6,-0.1,-0.3,중립,망치형,잔구간,0.77,0.66,2026-09-29
UPXI,0.5,1.15,3116455,5803126,3.58,7.22,0.5,3.4,-6.5,매도주의,장대음봉,잔구간,0.0,-1.3,2026-09-29
CIEG,0.5,4.14,404818,741671,1.68,3.46,0.5,3.1,2.7,강한매수,양봉,완만한상승,0.85,2.02,2026-09-29
RCKT,0.5,2.59,1154460,2354930,2.99,7.41,0.4,0.8,-1.5,중립,음봉,잔구간,0.35,-0.44,2026-09-29
SMST,0.5,13.205,1297551,2362907,17.13,30.39,0.6,-5.3,9.2,강한매수,장대양봉,완만한상승,0.76,3.21,2026-09-29
BTCT,0.5,1.1,1284808,2517247,1.41,7.27,0.2,1.8,-3.5,중립,음봉,잔구간,0.17,-0.55,2026-09-29
RSKD,0.5,7.71,2168516,4278180,16.72,20.6,0.8,0.1,0.0,강한매수,양봉스프링,완만한상승,0.84,2.81,2026-09-29
CRMU,0.5,2.1,816109,1614348,1.71,3.48,0.5,-1.5,-5.8,매도주의,장대음봉,잔구간,0.16,-1.205,2026-09-29
BIOA,0.5,7.14,425329,793752,3.04,6.83,0.4,0.1,-0.7,중립,음봉,잔구간,0.35,-0.44,2026-09-29
REAX,0.5,16.42,467958,928264,7.68,16.16,0.5,1.0,1.4,매수관심,양봉,완만한상승,0.77,1.92,2026-09-29
ONCO,0.4,0.82,5472646,14182287,4.49,10.95,0.4,-5.4,-21.9,매도주의,장대음봉,잔구간,0.29,-1.125,2026-09-29
METQ,0.4,13.51,530229,1373693,7.16,12.8,0.6,-2.2,-4.3,매도주의,장대음봉,잔구간,0.04,-1.275,2026-09-29
JMIA,0.4,6.7,560806,1442590,3.76,9.49,0.4,1.6,-1.5,매도주의,장대음봉,완만한상승,0.0,-1.7,2026-09-29
ARCT,0.4,13.7,435868,1038775,5.97,14.4,0.4,-0.1,-5.2,매도주의,장대음봉,잔구간,0.36,-1.085,2026-09-29
BYND,0.4,8.23,819248,2146907,6.74,17.31,0.4,0.2,-3.6,매도주의,장대음봉,잔구간,0.09,-1.245,2026-09-29
ADBG,0.4,3.52,1213864,2754230,4.27,9.61,0.4,-0.6,2.3,중립,양봉,잔구간,0.93,0.61,2026-09-29
SMCX,0.4,13.7,2000506,5306975,27.41,67.97,0.4,3.9,-7.3,매도주의,장대음봉,잔구간,0.1,-1.24,2026-09-29
GENB,0.4,15.42,598984,1350081,9.24,23.08,0.4,-0.1,3.5,매수관심,장대양봉,잔구간,0.9,1.24,2026-09-29
SMCZ,0.4,4.64,1284722,3227272,5.96,15.37,0.4,-3.4,7.4,강한매수,장대양봉,완만한상승,0.89,3.37,2026-09-29
EU,0.3,1.15,1930980,7328465,2.22,10.65,0.2,0.8,-5.0,매도주의,장대음봉,잔구간,0.0,-1.3,2026-09-29
TSLZ,0.3,12.37,880272,3177195,10.89,33.34,0.3,-0.6,3.1,강한매수,장대양봉,전고점돌파,0.8,3.86,2026-09-29
NVOX,0.3,9.65,317978,989977,3.07,7.29,0.4,-2.4,0.8,중립,양봉,잔구간,1.0,0.65,2026-09-29
PDSB,0.3,0.743,2706430,7910752,2.01,51.4,0.0,-2.0,-1.0,중립,팽이도지,잔구간,0.34,-0.095,2026-09-29
SPCQ,0.3,10.92,525516,1639385,5.74,19.41,0.3,-0.6,-3.6,중립,음봉,잔구간,0.15,-0.56,2026-09-29
CRML,0.3,7.38,4459961,14135786,32.91,123.87,0.3,1.0,-4.5,매도주의,장대음봉,잔구간,0.08,-1.25,2026-09-29
GLND,0.2,4.75,21119896,97192447,100.32,252.38,0.4,-10.5,18.2,강한매수,장대양봉,완만한상승,0.77,3.22,2026-09-29
GRML,0.2,10.375,8071511,47985715,83.74,517.7,0.2,-11.4,-1.2,중립,팽이도지,잔구간,0.39,-0.065,2026-09-29
JAGX,0.1,5.32,943862,6873355,5.02,132.45,0.0,-10.8,-0.9,중립,팽이도지,잔구간,0.29,-0.125,2026-09-29
BENF,0.1,1.41,1721210,12307286,2.43,111.24,0.0,-4.9,4.4,중립,위꼬리양봉,잔구간,0.33,-0.6,2026-09-29
WHLR,0.0,3.34,347480,8158836,1.16,62.58,0.0,-4.9,-14.1,매도주의,장대음봉,잔구간,0.15,-1.21,2026-09-29
