ticker,ratio,latest_close,latest_volume,baseline_volume,dollar_volume_M,avg_dollar_vol_10d_M,dollar_surge_x,signal_gap_%,intraday_chg_%,candle_signal,candle_shape,candle_pos,close_pos,candle_score,latest_date
BTTC,3892.3,0.795,423166634,108719,336.33,1.8,186.6,76.4,23.4,강한매수,양봉,전고점돌파,0.55,2.26,2026-09-21
GLND,722.6,2.88,185835725,257163,535.21,4.66,114.8,151.3,-4.5,매수관심,팽이도지,전고점돌파,0.31,1.27,2026-09-21
QNME,524.6,0.64,62378987,118908,39.9,18.55,2.2,-16.7,37.5,강한매수,장대양봉,완만한상승,0.72,3.16,2026-09-21
TOPS,481.1,0.718,64524440,134126,46.33,0.17,271.2,5.3,-4.3,매도주의,장대음봉,잔구간,0.29,-1.125,2026-09-21
GRML,447.1,9.42,218339049,488340,2056.75,3.01,683.4,157.2,28.5,강한매수,양봉,전고점돌파,0.55,2.26,2026-09-21
ZEO,398.2,0.312,118269614,297036,36.89,1.3,28.4,-5.3,33.9,매수관심,양봉,완만한상승,0.5,1.6,2026-09-21
NCPL,228.1,1.01,98291528,430988,99.27,13.0,7.6,58.0,-13.7,중립,음봉,완만한상승,0.08,-0.3,2026-09-21
CELZ,124.8,1.005,20008755,160324,20.11,0.17,115.4,2.8,1.3,매수관심,팽이도지,완만한상승,0.62,1.04,2026-09-21
YCBD,105.7,0.44,8524115,80635,3.75,0.27,13.9,-0.0,-2.2,매도주의,음봉,전저점이탈,0.31,-1.68,2026-09-21
SPSK,81.5,17.67,12402768,152168,219.16,3.14,69.8,0.3,-0.1,매도주의,위꼬리음봉,잔구간,0.23,-0.91,2026-09-21
CISS,62.7,1.23,15266870,243348,18.78,0.45,41.8,20.9,-21.2,매도주의,장대음봉,잔구간,0.02,-1.29,2026-09-21
GDC,58.3,1.46,10509788,180199,15.34,0.32,48.4,4.7,8.1,중립,위꼬리양봉,전고점돌파,0.21,0.15,2026-09-21
REFR,54.0,0.759,5530055,102349,4.2,6.04,0.7,-25.8,57.1,강한매수,장대양봉,완만한상승,0.93,3.42,2026-09-21
PRTH,36.1,7.8,18689316,517135,145.78,2.66,54.7,33.5,0.2,매수관심,팽이도지,전고점돌파,0.5,1.5,2026-09-21
AVAT,31.5,1.87,23317228,740669,43.6,0.98,44.6,29.6,33.6,강한매수,장대양봉,전고점돌파,0.66,3.69,2026-09-21
PAAI,29.1,1.24,5082895,174827,6.3,17.75,0.4,-9.3,-8.8,매도주의,장대음봉,잔구간,0.15,-1.21,2026-09-21
MRNO,28.5,0.312,5391431,189430,1.68,11.42,0.1,-9.8,0.5,중립,위꼬리양봉,잔구간,0.28,-0.63,2026-09-21
LGHL,27.0,8.595,1939111,71741,16.67,0.75,22.2,2.3,6.4,매수관심,팽이도지,완만한상승,0.63,1.06,2026-09-21
AUUD,22.6,1.35,7215809,319491,9.74,0.27,35.8,1.0,28.6,강한매수,장대양봉,전고점돌파,0.69,3.73,2026-09-21
RUBI,22.1,1.25,2650489,120110,3.31,0.56,6.0,4.4,5.0,중립,양봉,잔구간,0.92,0.6,2026-09-21
ENRD,18.1,3.75,1634366,90079,6.13,0.5,12.3,6.9,-10.7,매도주의,장대음봉,잔구간,0.31,-1.115,2026-09-21
SCNI,17.7,1.69,16250747,919235,27.46,11.03,2.5,9.6,-1.2,중립,팽이도지,잔구간,0.46,-0.025,2026-09-21
YYAI,16.0,0.741,3211428,200982,2.38,0.19,12.8,0.8,2.3,매수관심,팽이도지,완만한상승,0.6,1.02,2026-09-21
JZ,16.0,0.556,2847276,177786,1.58,1.19,1.3,-3.0,-17.5,매도주의,음봉,전저점이탈,0.22,-1.79,2026-09-21
INV,15.4,0.88,87748468,5680230,77.22,3.64,21.2,22.4,20.3,매수관심,장대양봉,잔구간,0.77,1.16,2026-09-21
CPOP,14.6,4.29,1197546,82125,5.14,3.69,1.4,9.7,-4.9,매도주의,위꼬리음봉,완만한상승,0.09,-1.09,2026-09-21
IMCC,14.3,3.085,1470529,102880,4.54,44.6,0.1,-24.8,-3.0,중립,팽이도지,잔구간,0.46,-0.025,2026-09-21
OLOX,14.2,0.959,4986642,350161,4.78,3.51,1.4,-13.0,6.9,중립,양봉,잔구간,0.38,0.28,2026-09-21
AVX,10.9,4.42,1690663,154643,7.47,0.57,13.0,13.1,0.5,중립,위꼬리양봉,전고점돌파,0.17,0.1,2026-09-21
MX,10.4,3.2,4473453,429928,14.32,1.03,13.9,26.2,-7.8,중립,장대음봉,전고점돌파,0.28,-0.76,2026-09-21
APUS,10.2,1.67,671014,65666,1.12,0.31,3.6,-2.8,-2.9,매도주의,위꼬리음봉,잔구간,0.0,-1.05,2026-09-21
CRML,10.0,9.33,58351519,5815235,544.42,40.67,13.4,29.2,7.3,강한매수,양봉,전고점돌파,0.71,2.45,2026-09-21
SSM,9.8,1.305,945881,96349,1.23,6.54,0.2,-5.3,-8.7,매도주의,음봉,전저점이탈,0.43,-1.53,2026-09-21
BSCW,9.6,19.875,2658773,275676,52.84,6.75,7.8,-0.1,-0.1,중립,음봉,전저점부근,0.3,-0.19,2026-09-21
AEMD,9.5,6.32,761851,80306,4.81,64.48,0.1,9.2,-8.3,매도주의,장대음봉,잔구간,0.32,-1.11,2026-09-21
SUIG,9.1,1.46,3125231,343922,4.56,0.9,5.1,8.8,7.4,강한매수,장대양봉,전고점돌파,0.79,3.85,2026-09-21
STFS,8.8,2.9,461896,52327,1.34,0.14,9.2,-1.7,-18.5,강한매도,장대음봉,전저점이탈,0.0,-3.35,2026-09-21
MBRX,8.8,0.52,4123978,470923,2.15,0.49,4.3,-6.6,-28.0,강한매도,장대음봉,전저점이탈,0.09,-3.24,2026-09-21
SPRU,8.6,2.04,1349342,156608,2.75,0.29,9.6,19.4,-10.5,매도주의,장대음봉,전고점돌파,0.12,-0.96,2026-09-21
TNMG,8.5,4.34,462884,54355,2.01,14.46,0.1,1.0,11.0,중립,양봉,잔구간,0.69,0.465,2026-09-21
CRMU,8.3,3.45,3826461,461585,13.2,0.8,16.6,58.1,11.3,강한매수,양봉,전고점돌파,0.69,2.43,2026-09-21
GTEC,8.2,1.11,1414602,173569,1.57,0.2,8.0,4.6,-2.6,매도주의,위꼬리음봉,완만한상승,0.04,-1.15,2026-09-21
REGS,7.9,11.694,477197,60494,5.58,1.31,4.3,1.0,1.2,강한매수,장대양봉,전고점돌파,1.0,4.1,2026-09-21
METQ,7.8,13.73,1683210,214454,23.11,3.02,7.6,-4.8,-18.8,강한매도,장대음봉,전저점이탈,0.19,-3.12,2026-09-21
CLBR,7.5,10.22,779625,103580,7.97,2.04,3.9,0.1,0.4,강한매수,장대양봉,완만한상승,1.0,3.5,2026-09-21
NUR,7.5,1.35,2857693,383394,3.86,12.82,0.3,1.6,8.9,중립,양봉,잔구간,0.61,0.415,2026-09-21
MAAS,7.2,15.86,1140436,158371,18.09,3.49,5.2,-0.1,-5.7,매도주의,장대음봉,잔구간,0.15,-1.21,2026-09-21
PAL,7.2,4.01,3249439,450635,13.03,3.62,3.6,0.0,0.0,매수관심,양봉스프링,잔구간,0.84,0.955,2026-09-21
NVOX,7.2,10.44,1959529,273032,20.46,3.7,5.5,-10.2,-6.3,강한매도,장대음봉,전저점이탈,0.16,-3.16,2026-09-21
STKE,7.0,1.54,1794457,257006,2.76,0.29,9.4,8.3,18.5,강한매수,장대양봉,전고점돌파,0.87,3.94,2026-09-21
EWZS,6.8,13.57,585817,86253,7.95,3.12,2.5,1.4,1.4,매수관심,장대양봉,잔구간,0.9,1.24,2026-09-21
CEGX,6.7,12.36,649153,96403,8.02,1.28,6.3,1.2,4.7,중립,양봉,잔구간,0.77,0.51,2026-09-21
SLMT,6.6,3.99,367295,55886,1.47,0.34,4.3,6.4,15.0,강한매수,장대양봉,전고점돌파,0.85,3.92,2026-09-21
BSCZ,6.4,19.696,2232279,346163,43.97,6.45,6.8,-0.0,-0.0,중립,팽이도지,잔구간,0.64,0.085,2026-09-21
TAOX,6.4,4.8,772837,121241,3.71,0.79,4.7,6.6,-1.4,중립,위꼬리음봉,전고점돌파,0.2,-0.36,2026-09-21
SDEV,6.3,1.0,1464207,231404,1.46,0.49,3.0,2.9,-6.5,매도주의,장대음봉,잔구간,0.36,-1.085,2026-09-21
VGZ,6.1,2.74,7918883,1295440,21.7,3.33,6.5,16.8,3.8,강한매수,양봉,전고점돌파,0.74,2.49,2026-09-21
HBR,6.0,12.44,319153,52838,3.97,0.62,6.4,14.5,0.5,매수관심,팽이도지,전고점돌파,0.42,1.4,2026-09-21
INHD,5.9,3.59,418840,70746,1.5,0.32,4.8,-2.0,20.1,중립,양봉,잔구간,0.66,0.445,2026-09-21
METD,5.7,12.66,4006913,705266,50.73,12.73,4.0,-2.2,-9.6,강한매도,장대음봉,전저점이탈,0.14,-3.18,2026-09-21
PLBL,5.5,6.37,415391,76152,2.65,0.54,4.9,0.2,15.2,강한매수,장대양봉,전고점돌파,1.0,4.1,2026-09-21
API,5.4,4.325,534269,98743,2.31,0.43,5.3,1.2,6.8,강한매수,장대양봉,전고점돌파,0.86,3.93,2026-09-21
ELME,5.4,1.75,2024755,373985,3.54,1.05,3.4,4.2,1.2,강한매수,양봉,전고점돌파,0.75,2.5,2026-09-21
ZTO,5.2,19.45,11568281,2244753,225.0,44.2,5.1,-4.4,-2.9,매도주의,음봉,전저점이탈,0.44,-1.52,2026-09-21
LITS,5.0,1.28,1610092,324247,2.06,0.47,4.3,6.2,6.7,강한매수,양봉,전고점돌파,0.8,2.56,2026-09-21
ZH,5.0,3.45,2126522,428819,7.34,1.5,4.9,0.0,7.5,강한매수,장대양봉,전고점돌파,1.0,4.1,2026-09-21
USAX,5.0,9.715,425858,86011,4.14,1.24,3.3,16.6,1.0,중립,팽이도지,잔구간,0.64,0.085,2026-09-21
OPTX,4.9,7.89,1325333,270687,10.46,1.79,5.8,18.4,-1.9,강한매도,위꼬리음봉,전고점부근,0.12,-3.41,2026-09-21
DH,4.9,0.9,2610731,532605,2.35,0.77,3.0,0.8,-7.0,매도주의,장대음봉,전저점부근,0.09,-1.74,2026-09-21
NUAI,4.7,7.65,25515751,5454990,195.2,40.66,4.8,17.2,11.4,강한매수,장대양봉,전고점돌파,0.76,3.81,2026-09-21
PSKY,4.5,9.91,66174559,14768491,655.79,216.18,3.0,4.3,-6.9,강한매도,음봉,전저점이탈,0.04,-2.0,2026-09-21
SHPU,4.5,14.579,339313,75194,4.95,2.35,2.1,0.2,14.4,강한매수,장대양봉,전고점돌파,0.99,4.09,2026-09-21
NIU,4.5,2.06,534228,118768,1.1,0.47,2.3,-0.5,0.0,중립,위꼬리양봉,수횡파,0.21,-0.75,2026-09-21
BCDA,4.4,1.08,2080379,468581,2.25,0.45,5.0,0.9,-8.5,매도주의,장대음봉,잔구간,0.15,-1.21,2026-09-21
DAMD,4.3,8.87,9665566,2240193,85.73,32.72,2.6,-8.3,-12.4,강한매도,장대음봉,전저점이탈,0.02,-3.33,2026-09-21
WNTR,4.2,14.67,514284,122121,7.54,2.74,2.8,-6.0,-1.2,매도주의,음봉,전저점이탈,0.33,-1.65,2026-09-21
AEXA,4.1,11.24,313695,77394,3.53,0.75,4.7,0.5,0.6,매수관심,양봉,수횡파,0.68,1.52,2026-09-21
HPI,4.0,14.42,326384,82133,4.71,1.14,4.1,0.1,-2.8,강한매도,장대음봉,전저점이탈,0.09,-3.24,2026-09-21
NHIC,3.9,8.64,321615,83103,2.78,13.6,0.2,11.8,-10.8,매도주의,장대음봉,전저점부근,0.09,-1.74,2026-09-21
USDEW,3.9,3.38,435488,111394,1.47,0.35,4.2,27.4,-9.1,중립,음봉,전고점돌파,0.14,0.37,2026-09-21
CWEB,3.9,19.53,2407450,617068,47.02,14.3,3.3,2.3,0.6,강한매수,양봉스프링,전고점돌파,0.91,3.49,2026-09-21
FAC,3.8,6.24,814681,213709,5.08,2.82,1.8,1.3,-1.4,중립,팽이도지,잔구간,0.26,-0.145,2026-09-21
VNET,3.8,7.235,10715707,2817128,77.53,20.65,3.8,5.8,4.9,강한매수,양봉,전고점돌파,0.78,2.54,2026-09-21
TUYA,3.7,1.73,920370,250509,1.59,1.68,0.9,4.3,1.2,중립,위꼬리양봉,잔구간,0.5,-0.5,2026-09-21
SLXN,3.6,0.544,20127794,5547710,10.95,8.04,1.4,-3.6,29.5,강한매수,양봉,전고점돌파,0.6,2.32,2026-09-21
SECZ,3.6,13.5,7061374,1982111,95.33,39.99,2.4,7.5,15.7,강한매수,장대양봉,전고점돌파,0.85,3.92,2026-09-21
MPG,3.5,4.16,389041,112452,1.62,0.82,2.0,6.7,4.5,매수관심,장대양봉,잔구간,0.67,1.1,2026-09-21
IVVD,3.5,1.02,15009513,4309887,15.31,2.87,5.3,10.5,22.2,강한매수,장대양봉,전고점돌파,0.87,3.94,2026-09-21
SJT,3.5,2.98,829649,238590,2.47,0.82,3.0,0.0,-1.0,매도주의,위꼬리음봉,잔구간,0.05,-1.02,2026-09-21
ABX,3.5,8.05,1307005,368215,10.52,4.72,2.2,4.2,-11.9,강한매도,장대음봉,전저점이탈,0.07,-3.27,2026-09-21
SMST,3.4,11.21,3227409,955691,36.18,23.18,1.6,-14.0,-5.8,강한매도,장대음봉,전저점이탈,0.14,-3.18,2026-09-21
SST,3.4,3.88,837258,243519,3.25,5.06,0.6,-0.9,17.6,매수관심,양봉,완만한상승,0.57,1.68,2026-09-21
RERE,3.4,3.94,1520924,441027,5.99,2.15,2.8,0.0,0.5,중립,팽이도지,잔구간,0.57,0.04,2026-09-21
BTCT,3.3,1.41,9073040,2709764,12.79,7.79,1.6,9.3,0.0,중립,팽이도지,완만한상승,0.35,0.72,2026-09-21
HEPS,3.3,2.49,629729,192386,1.57,1.81,0.9,1.2,-1.6,중립,음봉,잔구간,0.29,-0.475,2026-09-21
HPS,3.3,12.72,390917,117376,4.97,1.42,3.5,0.6,-2.5,강한매도,장대음봉,전저점이탈,0.14,-3.18,2026-09-21
DEFT,3.2,0.583,5373435,1702043,3.13,1.43,2.2,17.2,-1.6,매수관심,망치형,완만한상승,0.56,1.97,2026-09-21
TGL,3.2,2.96,543376,171070,1.61,2.01,0.8,5.5,24.4,강한매수,장대양봉,완만한상승,0.97,3.46,2026-09-21
FTNJ,3.2,8.43,480992,151719,4.05,1.23,3.3,0.2,-0.2,중립,음봉,완만한상승,0.5,0.2,2026-09-21
GYRE,3.2,7.43,364869,115246,2.71,1.62,1.7,0.0,-1.6,중립,음봉,잔구간,0.61,-0.285,2026-09-21
SMUP,3.2,4.0,1193288,368069,4.77,1.45,3.3,10.4,1.8,중립,팽이도지,잔구간,0.59,0.055,2026-09-21
RAIL,3.1,7.53,725817,231866,5.47,2.32,2.4,1.5,0.9,강한매수,양봉스프링,전고점돌파,0.78,3.34,2026-09-21
AIBZ,3.1,5.0,971167,313624,4.86,1.37,3.5,9.7,5.7,강한매수,장대양봉,전고점돌파,0.78,3.84,2026-09-21
USDE,3.0,12.6,10660834,3501559,134.33,42.51,3.2,28.1,-3.4,중립,음봉,전고점돌파,0.25,0.5,2026-09-21
CAN,3.0,0.417,32511619,10919221,13.56,5.85,2.3,12.1,-0.2,매수관심,팽이도지,전고점돌파,0.4,1.38,2026-09-21
TONX,3.0,3.84,540311,182911,2.07,0.92,2.2,2.7,10.3,강한매수,장대양봉,전고점돌파,0.98,4.08,2026-09-21
AXG,3.0,1.79,995427,328617,1.78,0.75,2.4,0.0,-4.3,매도주의,음봉,전저점이탈,0.22,-1.79,2026-09-21
ADAM,2.9,8.92,2954998,1011455,26.36,10.35,2.5,0.8,-0.7,중립,음봉,잔구간,0.32,-0.46,2026-09-21
BRSL,2.9,10.28,4727584,1615374,48.6,19.98,2.4,0.7,0.3,중립,팽이도지,잔구간,0.49,-0.005,2026-09-21
HLN,2.8,9.36,40721397,14619953,381.15,189.96,2.0,-0.2,1.1,매수관심,장대양봉,잔구간,0.87,1.22,2026-09-21
HSDT,2.7,3.11,1264677,472276,3.93,1.03,3.8,6.2,6.1,강한매수,장대양봉,전고점돌파,0.86,3.93,2026-09-21
AMC,2.6,2.89,54952450,21532213,158.81,77.26,2.1,1.9,5.1,강한매수,양봉,전고점돌파,0.67,2.4,2026-09-21
ZTG,2.6,1.67,6344016,2462220,10.59,28.73,0.4,-7.7,0.0,중립,위꼬리양봉,잔구간,0.06,-0.765,2026-09-21
DAVA,2.6,2.79,422561,163102,1.18,0.64,1.8,1.8,-1.4,중립,음봉,완만한상승,0.0,-0.4,2026-09-21
OGG,2.6,2.63,2260321,867923,5.94,2.57,2.3,0.0,-3.3,매도주의,장대음봉,잔구간,0.2,-1.18,2026-09-21
SPPP,2.6,14.48,640157,244174,9.27,6.12,1.5,1.7,-1.8,매도주의,장대음봉,잔구간,0.3,-1.12,2026-09-21
MGPI,2.6,13.39,698861,266829,9.36,4.01,2.3,-0.8,-4.5,강한매도,장대음봉,전저점이탈,0.07,-3.27,2026-09-21
EQX,2.5,12.16,28151030,11090600,342.32,143.28,2.4,-1.7,-0.7,중립,팽이도지,잔구간,0.4,-0.06,2026-09-21
SSG,2.5,10.77,723214,292318,7.79,4.28,1.8,-3.0,-4.4,강한매도,장대음봉,전저점이탈,0.13,-3.19,2026-09-21
KTUP,2.5,5.39,563228,221469,3.04,1.23,2.5,4.2,0.7,매수관심,팽이도지,완만한상승,0.52,0.92,2026-09-21
WAGN,2.4,15.29,302854,128253,4.63,2.08,2.2,0.5,0.7,중립,위꼬리양봉,잔구간,0.3,-0.62,2026-09-21
RXRX,2.4,3.97,37728730,15958207,149.78,67.58,2.2,2.3,1.3,강한매수,양봉,전고점돌파,0.76,2.51,2026-09-21
DSP,2.4,12.66,690948,286780,8.75,7.54,1.2,0.2,6.4,매수관심,장대양봉,잔구간,0.96,1.275,2026-09-21
GOTU,2.4,2.2,778853,329817,1.71,0.92,1.9,0.5,1.4,강한매수,장대양봉,완만한상승,0.75,3.2,2026-09-21
VWAV,2.4,6.202,428877,178008,2.66,1.5,1.8,0.5,17.4,중립,양봉,잔구간,0.58,0.4,2026-09-21
IBX,2.4,17.15,777126,326703,13.33,6.11,2.2,0.8,1.1,매수관심,팽이도지,완만한상승,0.54,0.95,2026-09-21
SUJA,2.3,8.06,573523,254730,4.62,4.05,1.1,0.0,-6.0,매도주의,음봉,전저점이탈,0.27,-1.73,2026-09-21
FJET,2.3,1.97,3637388,1593839,7.17,4.58,1.6,2.4,17.3,매수관심,장대양봉,잔구간,0.7,1.12,2026-09-21
WSC,2.3,18.1,4413102,1944734,79.88,41.91,1.9,0.8,-1.2,중립,팽이도지,잔구간,0.35,-0.09,2026-09-21
WHWK,2.3,4.04,389626,168337,1.57,1.94,0.8,-0.2,-3.6,매도주의,장대음봉,잔구간,0.2,-1.18,2026-09-21
AMTX,2.3,2.09,1459350,644320,3.05,1.84,1.7,-0.5,-2.8,중립,음봉,잔구간,0.19,-0.535,2026-09-21
EMAT,2.3,3.43,2764512,1199301,9.48,6.09,1.6,2.2,-16.5,중립,음봉,잔구간,0.15,-0.56,2026-09-21
NAKA,2.3,10.05,512350,220752,5.15,1.9,2.7,3.9,5.5,강한매수,장대양봉,전고점돌파,0.95,4.04,2026-09-21
USGG,2.3,5.815,964850,411469,5.61,3.21,1.7,16.7,1.1,중립,팽이도지,잔구간,0.65,0.09,2026-09-21
DFDV,2.3,6.51,4477865,1923865,29.15,14.75,2.0,7.4,0.0,매수관심,팽이도지,전고점돌파,0.67,1.7,2026-09-21
NNVC,2.3,1.69,1689436,724475,2.86,0.82,3.5,5.6,12.7,강한매수,장대양봉,전고점돌파,0.69,3.73,2026-09-21
STEX,2.3,0.72,2080060,886851,1.5,0.63,2.4,3.5,12.5,강한매수,장대양봉,전고점돌파,0.78,3.84,2026-09-21
OMAH,2.3,18.23,1629340,698339,29.7,14.47,2.1,0.5,-0.4,중립,음봉,완만한상승,0.42,0.1,2026-09-21
SOLZ,2.2,11.8,2855441,1292977,33.69,14.35,2.3,2.6,0.9,강한매수,양봉,전고점돌파,0.69,2.43,2026-09-21
MSTZ,2.2,2.29,73881997,34065829,169.19,142.38,1.2,-14.0,-5.4,강한매도,장대음봉,전저점이탈,0.28,-3.01,2026-09-21
CWVX,2.2,14.74,2426264,1119615,35.76,23.8,1.5,0.7,9.1,매수관심,장대양봉,잔구간,0.73,1.14,2026-09-21
DC,2.2,6.34,2500680,1154816,15.85,8.5,1.9,2.3,1.4,강한매수,양봉,전고점돌파,0.62,2.34,2026-09-21
IEP,2.2,7.15,1466131,677067,10.48,4.6,2.3,0.4,2.2,매수관심,장대양봉,전고점부근,0.67,1.75,2026-09-21
CBRZ,2.2,7.9,627477,284774,4.96,5.49,0.9,-2.4,-7.5,강한매도,장대음봉,전저점이탈,0.3,-2.99,2026-09-21
NCI,2.2,13.63,729282,336069,9.94,10.63,0.9,-0.9,-1.0,중립,음봉,잔구간,0.19,-0.535,2026-09-21
KTF,2.2,8.39,774309,355491,6.5,2.54,2.6,-0.1,-0.5,매도주의,장대음봉,잔구간,0.16,-1.205,2026-09-21
ADT,2.2,6.62,14436536,6702937,95.57,54.37,1.8,0.0,-4.1,강한매도,장대음봉,전저점이탈,0.12,-3.21,2026-09-21
TASK,2.2,8.65,877185,399041,7.59,3.96,1.9,0.5,6.0,강한매수,장대양봉,전고점돌파,0.98,4.08,2026-09-21
LUNL,2.2,4.13,3110491,1444337,12.85,4.9,2.6,4.3,20.4,강한매수,장대양봉,전고점돌파,0.99,4.09,2026-09-21
SRXH,2.2,1.72,1160853,520309,2.0,0.97,2.1,3.0,0.0,중립,팽이도지,완만한상승,0.32,0.68,2026-09-21
ARX,2.2,19.78,3601051,1673441,71.23,37.14,1.9,0.0,0.6,중립,양봉,잔구간,0.96,0.625,2026-09-21
GEMI,2.2,5.99,4640360,2097117,27.8,16.53,1.7,-0.9,4.1,강한매수,양봉,전고점돌파,0.64,2.37,2026-09-21
APPX,2.1,14.07,2837118,1374318,39.92,17.42,2.3,0.7,13.3,매수관심,장대양봉,잔구간,0.77,1.16,2026-09-21
YMAX,2.1,7.86,2300842,1081542,18.08,7.5,2.4,1.4,1.6,강한매수,장대양봉,전고점돌파,0.89,3.97,2026-09-21
FSOL,2.1,13.93,716858,344578,9.99,4.6,2.2,2.7,0.7,강한매수,양봉,전고점돌파,0.66,2.39,2026-09-21
RDWU,2.1,7.14,954915,457572,6.82,3.24,2.1,4.2,10.7,강한매수,장대양봉,완만한상승,0.88,3.36,2026-09-21
BITI,2.1,17.01,3811337,1782307,64.83,28.52,2.3,-4.6,-2.0,강한매도,장대음봉,전저점이탈,0.18,-3.13,2026-09-21
HYFT,2.1,1.47,714478,338863,1.05,0.3,3.4,2.2,5.8,강한매수,양봉,전고점돌파,0.66,2.39,2026-09-21
CRWG,2.1,17.67,3420502,1632769,60.44,40.33,1.5,0.6,9.3,매수관심,장대양봉,잔구간,0.72,1.13,2026-09-21
TKNO,2.1,8.34,438359,204808,3.66,1.44,2.5,1.0,6.0,강한매수,장대양봉,전고점돌파,0.94,4.03,2026-09-21
FCBM,2.1,12.75,570928,270735,7.28,4.69,1.6,0.8,-0.3,매수관심,팽이도지,완만한상승,0.6,1.02,2026-09-21
RR,2.0,1.74,6779232,3425141,11.8,6.69,1.8,1.8,2.4,강한매수,양봉,전고점돌파,0.55,2.26,2026-09-21
AIAI,2.0,3.45,1015510,508370,3.5,1.98,1.8,0.0,-2.5,매도주의,위꼬리음봉,잔구간,0.14,-0.965,2026-09-21
SUPV,2.0,7.99,688864,336940,5.5,3.23,1.7,2.4,-2.9,매도주의,장대음봉,전저점부근,0.09,-1.74,2026-09-21
RDTL,2.0,14.16,850265,431379,12.04,8.18,1.5,1.8,8.3,매수관심,장대양봉,잔구간,0.83,1.2,2026-09-21
XXI,2.0,6.61,3523644,1774739,23.29,20.65,1.1,10.3,3.1,강한매수,양봉,전고점돌파,0.9,2.68,2026-09-21
TNYA,2.0,0.674,3944904,1937892,2.66,1.48,1.8,0.1,-0.9,매도주의,위꼬리음봉,잔구간,0.05,-1.02,2026-09-21
TWI,2.0,7.36,765628,390521,5.64,4.25,1.3,0.9,4.2,중립,양봉,잔구간,0.72,0.48,2026-09-21
HELP,2.0,13.66,2873444,1405629,39.25,26.11,1.5,2.3,8.0,강한매수,장대양봉,완만한상승,0.72,3.16,2026-09-21
TME,2.0,8.17,11454374,5768083,93.58,51.98,1.8,0.6,4.6,강한매수,장대양봉,전고점부근,0.9,2.03,2026-09-21
DJT,2.0,9.12,4820411,2381657,43.96,26.9,1.6,2.4,0.7,중립,위꼬리양봉,전고점돌파,0.38,0.36,2026-09-21
OFIX,2.0,8.95,574264,294032,5.14,3.09,1.7,0.1,2.6,강한매수,양봉,완만한상승,0.93,2.12,2026-09-21
NTWO,2.0,10.95,484771,237777,5.31,2.27,2.3,0.4,0.1,매수관심,팽이도지,완만한상승,0.43,0.82,2026-09-21
DGXX,2.0,4.36,3062053,1511798,13.35,7.85,1.7,2.0,4.6,강한매수,장대양봉,전고점돌파,0.93,4.02,2026-09-21
VLRS,2.0,6.86,544727,271626,3.74,2.21,1.7,2.6,2.5,강한매수,양봉,전고점돌파,0.98,2.78,2026-09-21
BLW,1.9,11.84,365667,190678,4.33,2.19,2.0,0.1,-1.2,강한매도,장대음봉,전저점이탈,0.0,-3.35,2026-09-21
QYLD,1.9,18.53,6529304,3497465,120.99,61.83,2.0,-0.4,0.3,매수관심,장대양봉,잔구간,1.0,1.3,2026-09-21
VITL,1.9,12.23,2662652,1370914,32.56,18.73,1.7,0.5,1.5,중립,위꼬리양봉,전고점돌파,0.44,0.43,2026-09-21
BYRN,1.9,3.52,490414,261485,1.73,1.32,1.3,5.2,-9.0,매도주의,장대음봉,전저점부근,0.26,-1.54,2026-09-21
POET,1.9,8.41,12887498,6801871,108.38,68.05,1.6,4.2,3.4,강한매수,양봉,전고점돌파,0.62,2.34,2026-09-21
IRWD,1.9,4.41,2414989,1282724,10.65,9.23,1.2,0.7,0.5,중립,팽이도지,완만한상승,0.37,0.74,2026-09-21
BKT,1.9,9.73,355577,188306,3.46,1.89,1.8,0.0,-0.1,중립,망치형,잔구간,0.9,0.74,2026-09-21
UUUG,1.9,3.27,821149,423246,2.69,1.32,2.0,9.4,0.6,매수관심,양봉스프링,잔구간,0.78,0.92,2026-09-21
BTBT,1.9,1.82,52691403,27311805,95.9,47.64,2.0,5.5,-0.3,매수관심,팽이도지,전고점돌파,0.54,1.55,2026-09-21
VFS,1.9,3.38,592536,309868,2.0,1.14,1.8,0.0,4.6,강한매수,장대양봉,전고점돌파,0.92,4.0,2026-09-21
NCMI,1.9,2.24,1639287,885928,3.67,2.1,1.8,0.5,2.8,매수관심,장대양봉,잔구간,0.63,1.08,2026-09-21
LBTYA,1.9,9.99,3669506,1958822,36.66,24.27,1.5,1.0,0.2,중립,팽이도지,잔구간,0.44,-0.035,2026-09-21
TXO,1.9,14.4,300310,154473,4.32,2.72,1.6,0.6,-1.8,매도주의,음봉,전저점이탈,0.11,-1.92,2026-09-21
HMY,1.9,19.0,7084716,3784192,134.61,79.42,1.7,-0.2,-4.5,매도주의,장대음봉,잔구간,0.02,-1.29,2026-09-21
CLBT,1.8,11.56,4421363,2416294,51.11,32.61,1.6,0.0,-0.5,중립,망치형,잔구간,0.72,0.63,2026-09-21
MRAM,1.8,17.17,1319363,745033,22.65,13.19,1.7,4.3,7.7,강한매수,장대양봉,전고점돌파,0.88,3.96,2026-09-21
HIMX,1.8,14.61,1923243,1098242,28.1,15.55,1.8,2.7,1.5,강한매수,양봉,완만한상승,0.98,2.18,2026-09-21
SBC,1.8,5.14,356204,200513,1.83,0.97,1.9,1.1,7.1,강한매수,장대양봉,전고점돌파,0.69,3.73,2026-09-21
PUSA,1.8,3.57,700353,382397,2.5,1.5,1.7,0.9,1.4,중립,양봉,잔구간,0.77,0.51,2026-09-21
ORBS,1.8,1.05,18952724,10576396,19.9,13.55,1.5,6.7,-5.4,중립,음봉,완만한상승,0.25,-0.1,2026-09-21
BTCS,1.8,1.635,3412111,1947566,5.58,2.79,2.0,5.0,-2.7,매도주의,음봉,전고점부근,0.35,-1.33,2026-09-21
BSOL,1.8,16.31,5266935,2898193,85.9,48.03,1.8,2.7,0.9,강한매수,양봉,전고점돌파,0.69,2.43,2026-09-21
VIXM,1.8,13.06,529702,296002,6.92,15.78,0.4,-0.5,-0.2,강한매수,망치형,전저점부근,0.7,2.99,2026-09-21
QMLS,1.8,8.1,654154,371675,5.3,2.91,1.8,-2.5,13.8,강한매수,장대양봉,전고점돌파,0.93,4.02,2026-09-21
HUYA,1.8,2.25,1730229,960113,3.89,2.46,1.6,0.5,8.2,강한매수,장대양봉,전고점돌파,0.97,4.06,2026-09-21
CHCT,1.8,14.38,451150,257385,6.49,4.98,1.3,0.4,1.1,매수관심,장대양봉,잔구간,0.7,1.12,2026-09-21
CIEG,1.8,4.45,1355484,763406,6.03,2.93,2.1,10.6,-0.7,강한매수,망치형,완만한상승,0.86,2.33,2026-09-21
BTZ,1.8,9.56,808065,440529,7.73,4.0,1.9,-0.8,-0.1,중립,팽이도지,잔구간,0.42,-0.05,2026-09-21
JBI,1.8,4.4,4243406,2396913,18.67,10.87,1.7,1.4,0.9,매수관심,양봉스프링,잔구간,1.0,1.05,2026-09-21
BNC,1.8,6.57,3775059,2104052,24.8,51.57,0.5,7.3,2.4,매수관심,팽이도지,전고점돌파,0.49,1.49,2026-09-21
SOFX,1.8,8.153,1733141,955567,14.13,8.69,1.6,5.6,-5.4,매도주의,장대음봉,잔구간,0.2,-1.18,2026-09-21
LU,1.8,1.16,934013,520030,1.08,1.38,0.8,2.5,-4.1,강한매도,장대음봉,전저점이탈,0.07,-3.27,2026-09-21
FNG,1.8,4.724,411529,225679,1.94,0.82,2.4,7.9,-1.6,강한매수,망치형,완만한상승,0.68,2.12,2026-09-21
LUNR,1.8,15.72,11556125,6264085,181.66,104.5,1.7,2.1,10.6,강한매수,장대양봉,전고점돌파,0.97,4.06,2026-09-21
LI,1.8,11.52,5017484,2768633,57.8,36.64,1.6,-3.7,-1.5,매도주의,장대음봉,전저점부근,0.32,-1.47,2026-09-21
QNST,1.7,17.26,1197306,695228,20.67,16.34,1.3,0.5,-2.1,강한매도,장대음봉,전저점이탈,0.02,-3.33,2026-09-21
AGEN,1.7,8.33,1299720,772467,10.83,7.65,1.4,-0.6,6.8,강한매수,양봉,전고점돌파,0.73,2.48,2026-09-21
BABX,1.7,18.93,660812,395598,12.51,8.9,1.4,3.5,0.9,강한매수,양봉스프링,전고점돌파,0.87,3.44,2026-09-21
ENIC,1.7,4.31,1004375,574701,4.33,3.69,1.2,3.8,-0.9,중립,음봉,잔구간,0.44,-0.385,2026-09-21
YMAG,1.7,11.58,1200260,709162,13.9,10.17,1.4,0.3,2.1,강한매수,장대양봉,전고점돌파,0.87,3.94,2026-09-21
TLX,1.7,11.31,865929,522914,9.79,5.76,1.7,-10.7,0.6,중립,팽이도지,잔구간,0.65,0.09,2026-09-21
AUR,1.7,6.51,52079280,30037403,339.04,190.51,1.8,3.6,-0.5,강한매수,망치형,완만한상승,0.83,2.3,2026-09-21
ASTX,1.7,10.69,4119625,2428215,44.04,34.45,1.3,3.0,8.0,강한매수,장대양봉,완만한상승,0.84,3.31,2026-09-21
HYLN,1.7,4.38,2367346,1396557,10.37,7.09,1.5,0.7,3.5,강한매수,양봉,전고점돌파,0.78,2.54,2026-09-21
HUTG,1.7,18.22,365468,218652,6.66,3.32,2.0,12.3,-2.5,매수관심,팽이도지,전고점돌파,0.42,1.4,2026-09-21
GEL,1.7,15.03,325357,190905,4.89,5.66,0.9,0.5,2.1,매수관심,장대양봉,잔구간,0.86,1.215,2026-09-21
POEL,1.7,9.89,319215,188158,3.16,1.83,1.7,7.9,7.0,강한매수,양봉,전고점돌파,0.65,2.38,2026-09-21
GLNK,1.7,11.53,726998,431588,8.38,5.3,1.6,5.3,-0.1,매수관심,팽이도지,전고점돌파,0.53,1.54,2026-09-21
ANTX,1.7,4.96,305221,180645,1.51,1.25,1.2,0.2,-2.0,중립,음봉,잔구간,0.12,-0.58,2026-09-21
NPB,1.7,16.16,315716,190461,5.1,5.18,1.0,0.2,-1.9,강한매도,장대음봉,전저점이탈,0.09,-3.24,2026-09-21
SND,1.7,5.34,345267,200161,1.84,1.35,1.4,0.0,-0.7,중립,팽이도지,잔구간,0.56,0.035,2026-09-21
DNP,1.7,9.96,1307206,783285,13.02,8.37,1.6,0.0,-1.3,강한매도,장대음봉,전저점이탈,0.19,-3.12,2026-09-21
VIVO,1.7,3.86,415530,242858,1.6,1.05,1.5,0.5,-0.5,중립,팽이도지,잔구간,0.5,0.0,2026-09-21
XIFR,1.7,10.84,1028031,600252,11.14,7.2,1.5,0.7,-1.6,매도주의,음봉,전저점이탈,0.16,-1.86,2026-09-21
XTND,1.7,4.45,1390609,807094,6.19,7.5,0.8,0.0,-1.5,중립,팽이도지,잔구간,0.27,-0.14,2026-09-21
RETL,1.7,7.27,411616,237464,2.99,1.89,1.6,2.4,0.3,매수관심,팽이도지,완만한상승,0.62,1.04,2026-09-21
DIV,1.7,19.42,300270,181764,5.83,3.83,1.5,0.1,-0.4,중립,음봉,잔구간,0.19,-0.535,2026-09-21
SFIX,1.7,2.85,2513242,1506737,7.16,4.77,1.5,1.8,-1.4,중립,음봉,완만한상승,0.29,-0.05,2026-09-21
FSCO,1.7,5.39,1302478,782018,7.02,4.15,1.7,1.3,1.3,강한매수,장대양봉,전고점돌파,1.0,4.1,2026-09-21
TMCI,1.7,4.48,316749,181132,1.42,0.95,1.5,1.1,-1.3,중립,음봉,수횡파,0.63,0.06,2026-09-21
FFAI,1.7,1.63,1516691,899838,2.47,1.63,1.5,1.1,-8.4,매도주의,장대음봉,수횡파,0.23,-1.72,2026-09-21
FWDI,1.7,8.17,3326737,1990242,27.18,15.97,1.7,6.8,-0.6,강한매수,망치형,전고점돌파,0.65,2.68,2026-09-21
MNSO,1.7,8.99,1152667,670655,10.36,7.69,1.3,2.9,1.6,강한매수,양봉,완만한상승,1.0,2.2,2026-09-21
NFXL,1.7,15.58,1733823,1044321,27.01,24.55,1.1,0.5,3.8,매수관심,장대양봉,잔구간,0.77,1.16,2026-09-21
OBX,1.7,17.33,1104889,650954,19.15,15.59,1.2,1.9,-4.1,매도주의,장대음봉,잔구간,0.18,-1.19,2026-09-21
KPLT,1.6,8.82,414804,252703,3.66,2.96,1.2,0.0,-7.2,매도주의,음봉,전저점이탈,0.45,-1.51,2026-09-21
UAVS,1.6,1.02,1098130,690060,1.12,0.91,1.2,2.9,-2.9,중립,음봉,완만한상승,0.18,-0.18,2026-09-21
ABTC,1.6,10.3,2406336,1532575,24.79,18.47,1.3,6.0,-3.8,매도주의,음봉,전고점부근,0.12,-1.61,2026-09-21
LION,1.6,11.48,4856949,3052025,55.76,33.09,1.7,1.7,5.1,강한매수,장대양봉,완만한상승,0.74,3.19,2026-09-21
ABSI,1.6,9.82,4559441,2809149,44.77,31.94,1.4,4.2,-2.4,매도주의,음봉,전고점부근,0.49,-1.16,2026-09-21
RBLU,1.6,6.19,504946,321103,3.13,2.53,1.2,11.0,2.7,강한매수,양봉,완만한상승,0.85,2.02,2026-09-21
LX,1.6,0.769,3298067,2002953,2.54,2.58,1.0,-0.4,3.2,매수관심,양봉,완만한상승,0.8,1.96,2026-09-21
QUBT,1.6,8.96,8412025,5367179,75.37,51.73,1.5,3.4,-0.4,매수관심,팽이도지,전고점돌파,0.39,1.37,2026-09-21
WDCX,1.6,16.98,2308189,1455076,39.19,21.97,1.8,6.7,-3.5,중립,음봉,완만한상승,0.46,0.15,2026-09-21
AVIR,1.6,5.43,440095,276805,2.39,1.73,1.4,0.6,1.3,매수관심,양봉,완만한상승,0.54,1.65,2026-09-21
ESRT,1.6,4.14,7545924,4639813,31.24,23.6,1.3,0.8,4.5,강한매수,장대양봉,완만한상승,0.81,3.27,2026-09-21
TBPH,1.6,17.05,667295,415269,11.38,6.02,1.9,0.1,0.1,매수관심,양봉,완만한상승,0.5,1.6,2026-09-21
UA,1.6,4.68,2963164,1887253,13.87,10.83,1.3,0.0,-2.5,중립,음봉,전저점부근,0.38,-0.09,2026-09-21
EVTL,1.6,0.63,7816928,4847116,4.93,3.36,1.5,6.9,-6.8,중립,음봉,잔구간,0.32,-0.46,2026-09-21
UBRL,1.6,13.73,313122,199098,4.3,4.61,0.9,-0.1,0.7,중립,팽이도지,잔구간,0.57,0.04,2026-09-21
USOY,1.6,7.49,908185,575165,6.8,4.19,1.6,0.1,-3.1,강한매도,장대음봉,전저점이탈,0.23,-3.07,2026-09-21
SITC,1.6,3.02,1348280,830903,4.07,2.96,1.4,0.0,2.4,강한매수,장대양봉,전고점돌파,0.7,3.74,2026-09-21
UXRP,1.6,17.85,393431,246979,7.02,3.83,1.8,10.3,2.8,중립,양봉,전고점부근,0.83,0.65,2026-09-21
SMCZ,1.6,4.61,3750445,2297358,17.29,14.94,1.2,-7.9,-2.9,매도주의,음봉,전저점이탈,0.26,-1.74,2026-09-21
NHP,1.6,16.32,650612,408249,10.62,12.01,0.9,0.9,1.1,강한매수,양봉,완만한상승,0.95,2.14,2026-09-21
BKKT,1.6,9.14,2072811,1305418,18.95,10.57,1.8,8.1,-1.8,중립,음봉,전고점돌파,0.41,0.69,2026-09-21
BEKE,1.6,16.57,7870669,4820964,130.42,81.89,1.6,1.5,0.3,강한매수,양봉스프링,완만한상승,0.98,2.98,2026-09-21
BRR,1.6,4.07,3840331,2405490,15.63,10.78,1.4,4.5,3.6,강한매수,양봉,전고점돌파,0.72,2.46,2026-09-21
JMKE,1.6,19.18,4121887,2562194,79.06,79.77,1.0,1.0,-3.0,매도주의,음봉,전저점이탈,0.49,-1.46,2026-09-21
DOMH,1.6,2.53,500206,307804,1.27,0.6,2.1,2.9,0.4,매수관심,팽이도지,완만한상승,0.43,0.82,2026-09-21
DNA,1.6,7.98,1653358,1003252,13.19,8.3,1.6,2.2,-0.9,강한매수,망치형,완만한상승,0.68,2.12,2026-09-21
CX,1.6,10.02,7932151,5017744,79.48,66.92,1.2,1.2,-1.6,매도주의,장대음봉,전저점부근,0.13,-1.69,2026-09-21
SLNH,1.6,1.28,9244620,5884426,11.83,8.68,1.4,3.2,-1.5,매도주의,음봉,전고점부근,0.33,-1.35,2026-09-21
BZ,1.6,14.44,11012845,6778907,159.03,167.21,1.0,-1.6,-0.9,매도주의,음봉,전저점이탈,0.63,-1.29,2026-09-21
OGN,1.6,13.68,3116480,1900351,42.63,39.7,1.1,0.1,-0.1,매도주의,위꼬리음봉,완만한상승,0.11,-1.07,2026-09-21
PCG,1.6,12.94,48394006,29494991,626.22,546.51,1.1,0.4,-2.3,강한매도,장대음봉,전저점이탈,0.06,-3.28,2026-09-21
RKLZ,1.6,15.973,494680,308377,7.9,6.78,1.2,-1.6,-14.9,강한매도,장대음봉,전저점이탈,0.01,-3.34,2026-09-21
AIOT,1.6,2.85,1873501,1167589,5.34,3.82,1.4,0.7,-1.7,매도주의,음봉,전저점이탈,0.3,-1.69,2026-09-21
GPK,1.6,9.25,10538103,6473856,97.48,73.61,1.3,0.5,-1.2,중립,음봉,전저점부근,0.0,-0.55,2026-09-21
HYPD,1.6,3.85,716977,440663,2.76,2.18,1.3,5.1,-6.6,매도주의,장대음봉,잔구간,0.06,-1.265,2026-09-21
HR,1.6,18.27,5549357,3428269,101.39,70.88,1.4,0.2,-0.1,중립,팽이도지,잔구간,0.64,0.085,2026-09-21
PROK,1.6,1.775,1772952,1137717,3.15,4.05,0.8,-0.5,-6.6,매도주의,장대음봉,잔구간,0.31,-1.115,2026-09-21
AMAU,1.6,12.77,390215,239589,4.98,2.94,1.7,4.9,4.0,강한매수,장대양봉,완만한상승,0.73,3.18,2026-09-21
QBTZ,1.6,15.169,446401,283812,6.77,5.89,1.1,-4.3,-2.3,중립,음봉,잔구간,0.43,-0.39,2026-09-21
PURR,1.6,13.55,34001766,21816927,460.72,314.63,1.5,4.0,-7.5,매도주의,장대음봉,잔구간,0.05,-1.27,2026-09-21
COIW,1.6,9.855,425262,272902,4.19,2.33,1.8,5.5,-2.2,중립,음봉,전고점돌파,0.01,0.21,2026-09-21
ACH,1.6,0.873,1552128,951366,1.36,1.17,1.2,2.3,-4.1,강한매도,장대음봉,전저점이탈,0.22,-3.09,2026-09-21
GTN,1.5,4.62,1275928,862031,5.89,4.58,1.3,1.4,2.7,중립,양봉,잔구간,0.41,0.295,2026-09-21
GRRR,1.5,13.54,627655,415226,8.5,6.81,1.2,1.6,3.4,중립,양봉,잔구간,0.71,0.475,2026-09-21
VSTM,1.5,7.99,2800861,1824055,22.38,19.7,1.1,1.3,6.0,강한매수,장대양봉,전고점돌파,0.91,3.99,2026-09-21
HSHP,1.5,18.86,889281,605819,16.77,10.45,1.6,-2.0,0.1,중립,팽이도지,잔구간,0.3,-0.12,2026-09-21
CMPS,1.5,15.01,3449430,2322189,51.78,47.37,1.1,2.0,-3.2,매도주의,장대음봉,잔구간,0.19,-1.185,2026-09-21
GEVO,1.5,1.54,3352475,2178435,5.16,4.94,1.0,-1.9,0.0,중립,팽이도지,수횡파,0.29,0.35,2026-09-21
GGN,1.5,5.47,528233,357272,2.89,2.45,1.2,-0.7,-0.7,중립,음봉,잔구간,0.47,-0.37,2026-09-21
IMUX,1.5,10.83,468661,310281,5.08,4.07,1.2,2.3,-0.3,중립,팽이도지,잔구간,0.6,0.06,2026-09-21
INN,1.5,5.66,997034,646388,5.64,4.67,1.2,1.6,-0.4,강한매수,망치형,완만한상승,0.67,2.1,2026-09-21
UPXI,1.5,1.26,7533160,4918327,9.49,5.13,1.9,10.1,-3.8,매도주의,장대음봉,전고점돌파,0.0,-1.1,2026-09-21
JPC,1.5,6.98,3196331,2083082,22.31,14.25,1.6,0.0,-1.8,매도주의,장대음봉,잔구간,0.13,-1.22,2026-09-21
FVRR,1.5,8.72,785268,512740,6.85,4.76,1.4,-0.8,3.4,매수관심,장대양봉,잔구간,0.88,1.23,2026-09-21
LAC,1.5,2.96,14620022,9537802,43.28,32.95,1.3,3.1,0.3,중립,팽이도지,잔구간,0.4,-0.06,2026-09-21
FLNC,1.5,7.39,11290613,7323225,83.44,84.77,1.0,0.5,0.4,매수관심,양봉스프링,잔구간,0.93,1.01,2026-09-21
THRY,1.5,2.0,977267,646605,1.95,1.58,1.2,2.7,6.4,매수관심,장대양봉,잔구간,0.76,1.155,2026-09-21
TMC,1.5,4.14,6523387,4399559,27.01,17.97,1.5,4.2,5.1,매수관심,장대양봉,잔구간,0.82,1.19,2026-09-21
MAIA,1.5,1.33,1142693,741277,1.52,0.82,1.9,3.1,-1.5,중립,음봉,완만한상승,0.38,0.06,2026-09-21
MHD,1.5,10.94,843527,549445,9.23,6.08,1.5,0.4,1.3,매수관심,장대양봉,잔구간,0.9,1.24,2026-09-21
MNKD,1.5,3.5,4527405,2931353,15.85,13.59,1.2,0.3,-1.4,중립,음봉,전저점부근,0.2,-0.31,2026-09-21
PONY,1.5,6.88,4091606,2654862,28.15,22.64,1.2,-0.1,1.2,강한매수,양봉스프링,완만한상승,0.89,2.87,2026-09-21
CHPT,1.5,9.41,2104448,1400790,19.8,30.66,0.6,0.0,-8.8,매도주의,장대음봉,잔구간,0.0,-1.3,2026-09-21
BHK,1.5,8.49,586761,383487,4.98,3.43,1.5,0.0,-0.1,중립,망치형,잔구간,0.67,0.6,2026-09-21
MUD,1.5,9.46,8091995,5246646,76.55,59.24,1.3,-3.0,0.2,중립,팽이도지,전저점이탈,0.64,-0.58,2026-09-21
BITU,1.5,16.36,7864921,5137687,128.67,66.46,1.9,9.0,3.7,강한매수,장대양봉,전고점돌파,0.85,3.92,2026-09-21
BLND,1.5,1.25,2491160,1705450,3.11,3.05,1.0,0.0,5.0,매수관심,장대양봉,잔구간,0.88,1.23,2026-09-21
SPCM,1.5,17.74,794523,524004,14.09,13.72,1.0,2.5,-3.5,중립,음봉,잔구간,0.04,-0.625,2026-09-21
DSL,1.5,10.16,861760,580979,8.76,5.35,1.6,0.0,-0.4,중립,음봉,잔구간,0.5,-0.35,2026-09-21
SOFI,1.5,16.97,64534914,43728111,1095.16,648.58,1.7,2.9,-2.8,매도주의,장대음봉,완만한상승,0.2,-1.46,2026-09-21
NN,1.5,15.66,2780924,1837781,43.55,40.93,1.1,2.0,8.0,강한매수,장대양봉,전고점부근,0.97,2.11,2026-09-21
NNE,1.5,17.1,3189538,2116615,54.54,35.15,1.6,5.2,3.3,중립,양봉,잔구간,0.82,0.54,2026-09-21
NRGV,1.5,4.7,5273288,3497441,24.78,20.29,1.2,0.2,4.4,강한매수,양봉,전고점돌파,0.77,2.52,2026-09-21
SLI,1.5,2.13,2278457,1553707,4.85,2.98,1.6,2.4,-1.8,중립,음봉,완만한상승,0.27,-0.08,2026-09-21
SLRC,1.5,12.03,562891,370705,6.77,4.4,1.5,0.4,-0.2,중립,망치형,잔구간,0.64,0.585,2026-09-21
SIDU,1.5,2.07,4726995,3173325,9.78,7.69,1.3,3.0,2.0,매수관심,양봉,완만한상승,0.5,1.6,2026-09-21
SION,1.5,6.0,2522926,1726326,15.14,11.13,1.4,0.7,0.0,매수관심,팽이도지,완만한상승,0.7,1.14,2026-09-21
RNA,1.5,9.19,481266,315508,4.42,5.96,0.7,0.2,2.5,중립,양봉,잔구간,0.62,0.42,2026-09-21
ONDG,1.5,2.185,3877783,2614423,8.47,6.06,1.4,2.7,-2.9,중립,음봉,잔구간,0.14,-0.565,2026-09-21
SBET,1.5,9.98,13645600,8866747,136.18,78.0,1.7,6.8,-0.1,매수관심,팽이도지,전고점돌파,0.73,1.78,2026-09-21
OPRA,1.5,18.13,459084,299336,8.32,6.36,1.3,0.4,-0.1,매수관심,팽이도지,완만한상승,0.68,1.12,2026-09-21
WEST,1.5,7.69,341162,229300,2.62,2.46,1.1,0.1,-2.0,중립,음봉,수횡파,0.1,-0.58,2026-09-21
XERS,1.5,8.8,3231384,2188152,28.44,17.25,1.6,1.0,6.3,강한매수,장대양봉,전고점돌파,0.98,4.08,2026-09-21
AHRT,1.5,6.32,1202415,787112,7.6,4.82,1.6,0.5,1.1,매수관심,장대양봉,잔구간,0.9,1.24,2026-09-21
AIV,1.5,2.16,2400554,1590971,5.19,3.65,1.4,0.0,-0.9,매도주의,음봉,전저점이탈,0.4,-1.57,2026-09-21
AKBA,1.5,0.939,11093411,7438176,10.41,6.16,1.7,1.2,1.2,매수관심,양봉,완만한상승,0.73,1.88,2026-09-21
ACIC,1.5,9.19,335874,222561,3.09,2.16,1.4,0.8,-0.6,중립,음봉,완만한상승,0.29,-0.05,2026-09-21
XRP,1.4,16.86,2945799,2059036,49.67,27.95,1.8,5.1,1.6,강한매수,양봉,전고점돌파,0.87,2.64,2026-09-21
XPEV,1.4,10.47,9123962,6335064,95.53,74.89,1.3,-2.1,0.7,중립,양봉,잔구간,0.95,0.62,2026-09-21
ADCT,1.4,1.12,1899275,1402696,2.13,1.65,1.3,0.0,6.7,매수관심,장대양봉,잔구간,0.89,1.235,2026-09-21
ADBG,1.4,4.065,2763997,1985536,11.24,15.59,0.7,0.0,0.6,매수관심,팽이도지,완만한상승,0.73,1.18,2026-09-21
GSOL,1.4,8.97,4967907,3442675,44.56,24.35,1.8,2.7,0.8,강한매수,양봉,전고점돌파,0.7,2.44,2026-09-21
RRGB,1.4,7.01,341000,245869,2.39,2.13,1.1,1.0,-1.5,강한매수,망치형,전저점부근,0.63,2.91,2026-09-21
RYAM,1.4,8.48,838082,603109,7.11,6.35,1.1,1.0,0.7,매수관심,양봉,완만한상승,0.79,1.95,2026-09-21
SB,1.4,8.87,2524241,1841142,22.39,17.19,1.3,-0.8,-2.6,중립,음봉,잔구간,0.25,-0.5,2026-09-21
OPRT,1.4,8.32,775479,558246,6.45,4.68,1.4,1.5,0.5,강한매수,양봉스프링,전고점돌파,0.8,3.36,2026-09-21
CEPL,1.4,6.13,723376,501285,4.43,3.84,1.2,1.5,-9.7,매도주의,장대음봉,잔구간,0.1,-1.24,2026-09-21
RLX,1.4,1.72,2855359,1994352,4.91,12.3,0.4,3.0,-0.6,매도주의,위꼬리음봉,잔구간,0.1,-0.99,2026-09-21
OPTU,1.4,1.08,2723536,1930477,2.94,2.29,1.3,-2.8,2.9,매수관심,양봉,완만한상승,0.76,1.91,2026-09-21
SIBN,1.4,18.45,771146,570935,14.23,10.1,1.4,0.6,1.4,강한매수,양봉,완만한상승,0.86,2.03,2026-09-21
NFJ,1.4,15.33,424504,313196,6.51,3.86,1.7,-0.1,0.5,매수관심,양봉,완만한상승,0.69,1.83,2026-09-21
NFE,1.4,10.82,644813,475486,6.98,4.72,1.5,-1.3,-10.3,강한매도,장대음봉,전저점이탈,0.01,-3.34,2026-09-21
BLOX,1.4,14.82,433101,316629,6.42,4.29,1.5,2.8,0.1,매수관심,팽이도지,전고점돌파,0.33,1.3,2026-09-21
NMRK,1.4,13.97,2513733,1830718,35.12,30.82,1.1,-0.1,0.3,매수관심,팽이도지,완만한상승,0.53,0.94,2026-09-21
NUCL,1.4,6.19,344102,239322,2.13,2.12,1.0,-1.3,-0.2,중립,팽이도지,잔구간,0.34,-0.095,2026-09-21
DNUT,1.4,3.01,2740063,1918317,8.25,6.36,1.3,0.7,-1.0,매도주의,음봉,전저점이탈,0.37,-1.61,2026-09-21
NUS,1.4,4.68,614810,440681,2.88,2.73,1.1,0.4,1.7,중립,양봉,잔구간,0.71,0.475,2026-09-21
DDD,1.4,3.48,2745069,1947824,9.55,8.05,1.2,2.2,-6.2,매도주의,장대음봉,잔구간,0.28,-1.13,2026-09-21
NVA,1.4,5.84,523025,385840,3.05,3.98,0.8,0.7,-4.3,중립,음봉,잔구간,0.39,-0.415,2026-09-21
NVTX,1.4,17.313,317177,227742,5.49,3.62,1.5,9.6,3.2,강한매수,양봉,전고점돌파,0.58,2.3,2026-09-21
SENS,1.4,9.78,897497,653349,8.78,6.46,1.4,0.2,1.9,강한매수,양봉,전고점돌파,0.96,2.75,2026-09-21
BTDR,1.4,13.14,12646880,8810736,166.18,114.89,1.4,3.9,-2.5,중립,음봉,전고점돌파,0.22,0.46,2026-09-21
NEOG,1.4,13.61,4398489,3060534,59.86,40.88,1.5,0.9,3.7,강한매수,장대양봉,전고점돌파,0.86,3.93,2026-09-21
EC,1.4,16.84,1909035,1360160,32.15,25.34,1.3,-0.7,-3.5,강한매도,장대음봉,전저점이탈,0.04,-3.3,2026-09-21
EAF,1.4,9.36,960323,674290,8.99,5.68,1.6,1.5,12.2,강한매수,장대양봉,전고점돌파,0.77,3.82,2026-09-21
NMFC,1.4,7.11,658598,485845,4.68,3.58,1.3,0.4,1.3,강한매수,장대양봉,완만한상승,0.77,3.22,2026-09-21
SPWR,1.4,0.313,3673651,2678900,1.15,1.9,0.6,3.8,-5.0,매도주의,장대음봉,잔구간,0.04,-1.275,2026-09-21
MSOX,1.4,2.97,2042710,1432831,6.07,4.9,1.2,0.7,1.7,중립,위꼬리양봉,수횡파,0.43,-0.48,2026-09-21
MNTS,1.4,4.48,785350,553226,3.52,2.53,1.4,0.7,6.4,강한매수,장대양봉,완만한상승,0.9,3.38,2026-09-21
EDD,1.4,5.79,371015,271237,2.15,1.89,1.1,0.3,0.3,매수관심,양봉,완만한상승,0.5,1.6,2026-09-21
AVO,1.4,12.8,1192604,849810,15.27,12.89,1.2,0.4,-1.2,중립,음봉,잔구간,0.45,-0.38,2026-09-21
PSFE,1.4,6.48,407250,288481,2.64,2.07,1.3,1.4,2.5,매수관심,양봉,완만한상승,0.8,1.96,2026-09-21
XTIA,1.4,1.01,1239478,894783,1.25,0.92,1.4,1.5,4.4,중립,양봉,잔구간,0.44,0.315,2026-09-21
HIBS,1.4,17.21,323191,233167,5.56,5.49,1.0,-5.7,-2.5,매도주의,음봉,전저점이탈,0.2,-1.81,2026-09-21
VLN,1.4,1.77,941166,674021,1.67,1.12,1.5,3.0,4.1,강한매수,장대양봉,전고점돌파,0.89,3.97,2026-09-21
CPB,1.4,19.93,9485502,6782702,189.05,175.53,1.1,-0.2,-3.5,강한매도,장대음봉,전저점이탈,0.11,-3.22,2026-09-21
HDSN,1.4,5.19,559252,395892,2.9,2.22,1.3,0.2,0.2,강한매수,양봉스프링,완만한상승,0.79,2.75,2026-09-21
ITG,1.4,11.66,418751,307864,4.88,7.89,0.6,-1.0,-6.9,강한매도,장대음봉,전저점이탈,0.05,-3.29,2026-09-21
KC,1.4,10.27,1578227,1113101,16.21,13.22,1.2,2.0,1.5,강한매수,양봉,전고점돌파,0.89,2.67,2026-09-21
ARCT,1.4,14.69,1003119,718832,14.74,11.64,1.3,2.1,-10.3,매도주의,장대음봉,잔구간,0.05,-1.27,2026-09-21
AREC,1.4,1.975,2193877,1544522,4.33,3.49,1.2,4.0,-4.1,매도주의,장대음봉,잔구간,0.05,-1.27,2026-09-21
ARHS,1.4,8.73,1736157,1278090,15.16,9.66,1.6,10.4,1.5,강한매수,양봉스프링,전고점돌파,0.88,3.46,2026-09-21
VELO,1.4,11.25,1275835,910771,14.35,10.28,1.4,2.7,3.5,중립,양봉,전고점부근,0.57,0.33,2026-09-21
APPS,1.4,12.05,3484111,2530633,41.98,28.78,1.5,1.0,11.9,매수관심,장대양봉,잔구간,0.87,1.22,2026-09-21
GENI,1.4,5.76,7209510,5223542,41.53,41.32,1.0,0.0,2.1,중립,양봉,잔구간,0.84,0.555,2026-09-21
TSLZ,1.4,11.0,3365625,2469119,37.02,29.97,1.2,-4.0,-2.1,매도주의,음봉,전저점이탈,0.4,-1.57,2026-09-21
BB,1.4,8.53,14476363,10139755,123.48,76.27,1.6,2.6,4.0,강한매수,장대양봉,전고점돌파,0.98,4.08,2026-09-21
LMRI,1.4,10.68,455280,318655,4.86,3.97,1.2,0.8,-4.4,매도주의,음봉,전저점이탈,0.11,-1.92,2026-09-21
FLWS,1.4,2.57,766819,535984,1.97,1.48,1.3,0.0,3.6,중립,양봉,잔구간,0.84,0.555,2026-09-21
EVV,1.4,8.63,963600,707105,8.32,5.09,1.6,0.3,-0.9,매도주의,장대음봉,전저점부근,0.2,-1.61,2026-09-21
MGTX,1.4,13.08,1286206,929285,16.82,9.39,1.8,1.7,-2.9,중립,음봉,잔구간,0.42,-0.4,2026-09-21
AXTL,1.4,3.64,1513630,1057130,5.51,2.56,2.2,9.2,17.4,강한매수,장대양봉,전고점돌파,0.82,3.88,2026-09-21
POWW,1.4,2.23,585045,420892,1.3,1.31,1.0,0.0,1.8,강한매수,양봉,전고점돌파,0.67,2.4,2026-09-21
SNXX,1.3,17.53,70288842,52706873,1232.16,961.57,1.3,4.3,-6.3,매도주의,장대음봉,잔구간,0.34,-1.095,2026-09-21
RDW,1.3,11.6,14001961,11149396,162.42,148.47,1.1,2.8,5.1,강한매수,장대양봉,완만한상승,0.86,3.33,2026-09-21
MOMO,1.3,4.99,1073876,849508,5.36,5.11,1.0,0.4,1.8,매수관심,장대양봉,잔구간,0.93,1.26,2026-09-21
MSTW,1.3,5.595,4505922,3345397,25.21,11.65,2.2,7.9,2.5,강한매수,장대양봉,전고점돌파,0.77,3.82,2026-09-21
STUB,1.3,5.95,7497305,5744487,44.61,41.39,1.1,1.4,-0.8,매수관심,망치형,완만한상승,0.57,1.98,2026-09-21
MSTY,1.3,17.86,3688606,2755713,65.88,38.66,1.7,6.0,2.2,강한매수,장대양봉,전고점돌파,0.77,3.82,2026-09-21
NEA,1.3,10.31,2538563,1889091,26.17,20.47,1.3,0.7,-0.7,매도주의,장대음봉,전저점부근,0.22,-1.59,2026-09-21
BIAF,1.3,7.7,757221,597365,5.83,77.91,0.1,-11.0,-8.2,중립,음봉,잔구간,0.23,-0.51,2026-09-21
BLCO,1.3,16.8,482801,360343,8.11,6.64,1.2,0.9,-1.2,매도주의,장대음봉,잔구간,0.32,-1.11,2026-09-21
NAD,1.3,10.5,2135858,1647382,22.43,15.13,1.5,0.1,-1.3,강한매도,장대음봉,전저점이탈,0.0,-3.35,2026-09-21
NBIG,1.3,17.96,2783861,2109274,50.0,37.83,1.3,2.7,5.8,매수관심,양봉,완만한상승,0.7,1.84,2026-09-21
NAK,1.3,1.39,5419511,4083317,7.53,5.3,1.4,6.9,-0.7,중립,망치형,잔구간,0.75,0.65,2026-09-21
BDTX,1.3,1.95,827324,627848,1.61,1.15,1.4,0.0,-0.5,중립,망치형,잔구간,0.67,0.6,2026-09-21
DSX,1.3,2.97,2130417,1615306,6.33,4.51,1.4,0.3,-4.8,매도주의,장대음봉,잔구간,0.0,-1.3,2026-09-21
SMCL,1.3,19.509,781529,616821,15.25,9.83,1.6,8.0,2.6,강한매수,양봉,전고점돌파,0.71,2.45,2026-09-21
SFD,1.3,19.86,2512542,1990464,49.9,52.67,0.9,0.0,0.2,중립,위꼬리양봉,잔구간,0.18,-0.69,2026-09-21
SHEN,1.3,12.13,1138600,858634,13.81,17.8,0.8,1.5,3.3,중립,양봉,잔구간,0.69,0.465,2026-09-21
ECX,1.3,1.1,1127953,871626,1.24,1.61,0.8,2.0,5.8,강한매수,장대양봉,완만한상승,0.86,3.33,2026-09-21
BOBS,1.3,14.44,1051121,785636,15.18,14.48,1.0,0.9,-3.7,매도주의,장대음봉,잔구간,0.27,-1.14,2026-09-21
SLDP,1.3,2.48,3226666,2439459,8.0,7.22,1.1,2.0,-1.6,중립,음봉,잔구간,0.36,-0.435,2026-09-21
SNDQ,1.3,10.63,30526906,24085430,324.5,403.96,0.8,-4.1,6.9,강한매수,장대양봉,완만한상승,0.7,3.14,2026-09-21
NEWP,1.3,6.41,1132211,898758,7.26,6.54,1.1,0.2,6.7,강한매수,장대양봉,전고점돌파,0.92,4.0,2026-09-21
GORO,1.3,3.53,1786996,1424278,6.31,6.54,1.0,-3.1,1.4,매수관심,양봉,수횡파,0.42,1.2,2026-09-21
PTON,1.3,4.95,8626188,6466361,42.7,46.41,0.9,-0.8,0.4,매수관심,양봉스프링,잔구간,0.86,0.965,2026-09-21
AMPG,1.3,3.39,810992,633612,2.75,2.34,1.2,1.5,-1.7,중립,음봉,잔구간,0.15,-0.56,2026-09-21
CLSK,1.3,14.76,23239355,18196228,343.01,240.23,1.4,4.5,-2.3,매도주의,장대음봉,전고점돌파,0.16,-0.91,2026-09-21
CONL,1.3,6.7,41756408,32144353,279.77,148.13,1.9,11.3,-4.0,중립,음봉,전고점돌파,0.03,0.24,2026-09-21
VNDA,1.3,5.155,938826,730050,4.84,4.07,1.2,0.4,0.1,강한매수,양봉스프링,완만한상승,0.89,2.87,2026-09-21
INFQ,1.3,13.96,10331528,8068189,144.23,118.09,1.2,2.7,2.7,매수관심,양봉,완만한상승,0.61,1.73,2026-09-21
GCTS,1.3,2.19,2314096,1842002,5.07,2.9,1.7,1.9,3.8,강한매수,양봉,전고점돌파,0.69,2.43,2026-09-21
IONL,1.3,13.05,710795,562232,9.28,8.31,1.1,5.7,0.6,중립,팽이도지,잔구간,0.63,0.08,2026-09-21
ANIX,1.3,2.7,476338,365118,1.29,1.12,1.1,1.8,-4.3,매도주의,장대음봉,잔구간,0.25,-1.15,2026-09-21
LXU,1.3,10.44,1209317,955857,12.63,10.4,1.2,-1.4,-4.0,강한매도,장대음봉,전저점이탈,0.14,-3.18,2026-09-21
CLB,1.3,10.94,661077,498032,7.23,5.8,1.2,-0.5,-2.2,강한매도,장대음봉,전저점이탈,0.24,-3.06,2026-09-21
CIFG,1.3,5.184,1344340,1010657,6.97,4.26,1.6,3.5,2.7,강한매수,양봉,전고점돌파,0.64,2.37,2026-09-21
CLBK,1.3,11.6,6544379,5038142,75.91,61.98,1.2,0.2,0.0,중립,위꼬리양봉,완만한상승,0.14,-0.53,2026-09-21
BBWI,1.3,16.91,8367105,6217602,141.49,115.17,1.2,0.9,-3.6,매도주의,장대음봉,잔구간,0.0,-1.3,2026-09-21
MBGL,1.3,19.2,4201356,3280141,80.67,82.58,1.0,0.0,-1.5,매도주의,음봉,전저점이탈,0.41,-1.56,2026-09-21
EVGO,1.3,1.49,3740824,2805356,5.57,7.04,0.8,0.7,-2.6,중립,음봉,잔구간,0.5,-0.35,2026-09-21
MIR,1.3,16.21,4382867,3292300,71.05,59.82,1.2,1.5,1.3,매수관심,양봉,완만한상승,0.56,1.67,2026-09-21
ETS,1.3,2.14,598597,451083,1.28,1.72,0.7,5.4,-21.9,매도주의,장대음봉,잔구간,0.17,-1.2,2026-09-21
MBI,1.3,4.54,542538,416490,2.46,2.27,1.1,-1.4,4.8,강한매수,장대양봉,완만한상승,1.0,3.5,2026-09-21
NVAX,1.3,10.41,6135452,4744168,63.87,54.29,1.2,2.7,0.3,중립,팽이도지,전고점부근,0.41,-0.56,2026-09-21
SGHC,1.3,12.52,3550439,2700758,44.45,32.43,1.4,-1.4,0.2,중립,팽이도지,잔구간,0.57,0.04,2026-09-21
SMCX,1.3,13.94,5806675,4346898,80.95,58.22,1.4,7.6,2.8,중립,양봉,전고점부근,0.69,0.48,2026-09-21
CBRG,1.3,3.77,12580233,9592102,47.43,40.75,1.2,1.5,8.3,강한매수,장대양봉,전고점돌파,0.73,3.78,2026-09-21
RYLD,1.3,15.62,694375,519078,10.85,7.91,1.4,-0.6,-0.2,매도주의,장대음봉,잔구간,0.2,-1.18,2026-09-21
CYPH,1.3,3.4,21463675,16910651,72.98,53.46,1.4,11.1,-15.0,매도주의,장대음봉,잔구간,0.04,-1.275,2026-09-21
SATL,1.3,5.58,5865909,4552473,32.73,27.63,1.2,1.4,7.7,강한매수,장대양봉,완만한상승,0.89,3.37,2026-09-21
CSHR,1.3,5.96,506015,390028,3.02,2.38,1.3,0.0,1.9,강한매수,양봉,전고점돌파,0.6,2.32,2026-09-21
CCCC,1.3,3.3,2050629,1558295,6.77,6.0,1.1,1.5,-4.1,강한매도,장대음봉,전저점이탈,0.27,-3.03,2026-09-21
RGTZ,1.3,14.31,421702,328124,6.03,9.07,0.7,-6.7,-3.0,강한매도,음봉,전저점이탈,0.01,-2.04,2026-09-21
RKLX,1.3,17.42,3950647,2933177,68.82,46.78,1.5,2.3,13.7,강한매수,장대양봉,전고점돌파,0.99,4.09,2026-09-21
WU,1.3,6.2,11690063,8979669,72.48,60.96,1.2,0.8,-0.5,중립,팽이도지,잔구간,0.26,-0.145,2026-09-21
RCAT,1.3,6.95,11438389,9034274,79.5,71.64,1.1,2.2,0.7,중립,팽이도지,잔구간,0.41,-0.055,2026-09-21
CERS,1.3,2.56,1915017,1500682,4.9,3.83,1.3,0.0,-3.4,매도주의,장대음봉,잔구간,0.25,-1.15,2026-09-21
PFLT,1.3,7.09,973456,724824,6.9,5.18,1.3,0.6,0.6,매수관심,양봉,완만한상승,0.71,1.85,2026-09-21
HIVE,1.3,3.48,14410917,11378076,50.15,41.92,1.2,5.0,-2.8,매도주의,장대음봉,전고점돌파,0.08,-1.0,2026-09-21
WEN,1.3,6.7,6573385,5110076,44.04,48.31,0.9,0.0,-0.6,매도주의,위꼬리음봉,잔구간,0.21,-0.925,2026-09-21
XGN,1.3,8.62,361655,275627,3.12,1.81,1.7,2.1,0.3,강한매수,양봉스프링,전고점돌파,0.76,3.31,2026-09-21
VRA,1.3,4.16,743329,560912,3.09,6.55,0.5,2.8,-4.8,중립,음봉,잔구간,0.19,-0.535,2026-09-21
YELP,1.3,19.41,1478864,1128227,28.7,29.87,1.0,0.1,-1.2,매도주의,음봉,전저점이탈,0.1,-1.93,2026-09-21
RAM,1.3,14.4,10692428,8363533,153.97,122.8,1.3,6.2,0.4,매수관심,팽이도지,전고점돌파,0.72,1.76,2026-09-21
ACB,1.3,4.03,809288,615650,3.26,2.57,1.3,0.3,3.9,강한매수,장대양봉,전고점돌파,0.89,3.97,2026-09-21
XRAY,1.3,9.44,6647164,5204205,62.75,47.47,1.3,0.3,-1.4,중립,음봉,잔구간,0.13,-0.57,2026-09-21
HE,1.3,9.57,3026963,2383155,28.97,32.55,0.9,1.5,-3.8,강한매도,장대음봉,전저점이탈,0.0,-3.35,2026-09-21
VUZI,1.3,3.04,917288,689483,2.79,1.65,1.7,1.1,9.4,강한매수,장대양봉,전고점돌파,0.94,4.03,2026-09-21
COUR,1.3,5.16,6536588,4926712,33.73,25.53,1.3,0.0,2.4,중립,양봉,잔구간,0.86,0.565,2026-09-21
QFIN,1.3,7.93,1763907,1323234,13.99,15.65,0.9,0.4,-2.3,강한매도,장대음봉,전저점이탈,0.27,-3.03,2026-09-21
VERI,1.3,1.17,3567383,2713856,4.17,3.18,1.3,0.9,5.4,매수관심,양봉,완만한상승,0.43,1.52,2026-09-21
KSCP,1.3,1.1,1125972,862180,1.24,1.12,1.1,-11.4,8.9,매수관심,장대양봉,전저점이탈,0.77,1.57,2026-09-21
ARTV,1.3,7.83,629415,486752,4.93,4.97,1.0,0.2,-9.3,강한매도,장대음봉,전저점이탈,0.06,-3.28,2026-09-21
TROX,1.3,4.31,2945245,2301888,12.69,10.88,1.2,2.4,0.0,중립,팽이도지,잔구간,0.56,0.035,2026-09-21
ATOM,1.3,4.39,568469,423433,2.5,1.68,1.5,2.4,4.0,강한매수,양봉,전고점돌파,0.73,2.48,2026-09-21
TETH,1.3,13.8,2169394,1734792,29.94,21.41,1.4,3.6,1.0,강한매수,양봉,전고점돌파,0.79,2.55,2026-09-21
LILA,1.3,8.77,371198,282385,3.26,3.4,1.0,0.4,3.9,강한매수,장대양봉,완만한상승,0.78,3.24,2026-09-21
VTEX,1.3,3.59,922282,684565,3.31,2.51,1.3,0.0,-1.4,중립,음봉,잔구간,0.18,-0.54,2026-09-21
ALOY,1.3,9.33,2956281,2222389,27.58,19.27,1.4,6.5,6.0,강한매수,장대양봉,전고점부근,0.97,2.11,2026-09-21
COHH,1.3,6.98,1362076,1038250,9.51,6.57,1.4,5.7,-3.5,중립,음봉,전고점돌파,0.27,0.52,2026-09-21
IREG,1.3,10.23,843713,646948,8.63,6.66,1.3,5.1,-2.4,중립,음봉,전고점돌파,0.34,0.61,2026-09-21
AGRO,1.3,11.14,932091,693973,10.38,9.49,1.1,0.3,-3.0,매도주의,음봉,전저점이탈,0.33,-1.65,2026-09-21
IHRT,1.3,2.405,630468,475515,1.52,1.83,0.8,2.1,-0.2,중립,팽이도지,잔구간,0.57,0.04,2026-09-21
USAR,1.3,16.78,17767306,13473311,298.14,234.54,1.3,8.7,0.5,중립,팽이도지,잔구간,0.66,0.095,2026-09-21
EVMN,1.3,9.45,603019,462903,5.7,10.62,0.5,0.5,-2.6,매도주의,장대음봉,잔구간,0.29,-1.125,2026-09-21
LABX,1.3,13.84,1875183,1459186,25.95,15.77,1.6,4.7,18.5,강한매수,장대양봉,전고점돌파,0.92,4.0,2026-09-21
TRDA,1.3,6.64,375295,294586,2.49,2.41,1.0,0.9,-2.5,중립,음봉,잔구간,0.52,-0.34,2026-09-21
PHR,1.3,10.03,790156,610745,7.93,8.03,1.0,0.4,-0.5,중립,팽이도지,잔구간,0.47,-0.02,2026-09-21
CRDU,1.3,8.5,8498119,6693522,72.23,44.6,1.6,5.9,6.6,강한매수,양봉,전고점돌파,0.88,2.66,2026-09-21
CRNC,1.3,8.15,611212,463554,4.98,5.31,0.9,2.1,3.3,중립,양봉,잔구간,0.87,0.57,2026-09-21
PGX,1.3,10.39,7251194,5739630,75.34,76.99,1.0,-0.5,-0.1,중립,팽이도지,잔구간,0.35,-0.09,2026-09-21
FMNB,1.3,15.315,441326,346672,6.76,6.48,1.0,-0.6,-1.0,강한매도,음봉,전저점이탈,0.02,-2.03,2026-09-21
DXC,1.2,10.89,2608050,2217316,28.4,31.76,0.9,1.7,-0.6,매도주의,위꼬리음봉,잔구간,0.23,-0.91,2026-09-21
SPCG,1.2,15.02,797875,693605,11.98,17.44,0.7,-2.8,4.1,강한매수,양봉,완만한상승,0.98,2.18,2026-09-21
SPIR,1.2,11.96,574751,497640,6.87,8.11,0.8,0.6,4.3,매수관심,양봉,완만한상승,0.61,1.73,2026-09-21
EGHT,1.2,1.87,1527224,1251095,2.86,2.42,1.2,1.1,4.5,강한매수,장대양봉,완만한상승,1.0,3.5,2026-09-21
BITO,1.2,11.62,99078207,85177298,1151.29,857.04,1.3,4.3,2.0,강한매수,장대양봉,전고점돌파,0.82,3.88,2026-09-21
SPCE,1.2,3.31,7860188,6580501,26.02,19.97,1.3,1.8,5.9,강한매수,장대양봉,전고점돌파,1.0,4.1,2026-09-21
WIW,1.2,8.1,564736,467430,4.57,3.12,1.5,0.0,-0.4,중립,음봉,전저점부근,0.54,0.1,2026-09-21
AGNT,1.2,3.85,2120086,1765526,8.16,7.47,1.1,-1.1,2.7,강한매수,장대양봉,완만한상승,0.67,3.1,2026-09-21
RWM,1.2,14.09,26723394,22534942,376.53,293.43,1.3,-0.7,0.2,중립,양봉,잔구간,0.63,0.43,2026-09-21
AIRS,1.2,2.43,1083349,892811,2.63,2.47,1.1,1.3,3.8,강한매수,장대양봉,완만한상승,0.75,3.2,2026-09-21
AAOX,1.2,11.14,11506081,9264740,128.18,76.82,1.7,5.7,0.8,강한매수,양봉스프링,완만한상승,0.79,2.75,2026-09-21
ABR,1.2,4.34,4825934,3995823,20.94,22.7,0.9,0.7,0.7,중립,팽이도지,잔구간,0.47,-0.02,2026-09-21
ABUS,1.2,5.0,4562773,3906340,22.81,21.11,1.1,0.4,-0.6,중립,음봉,잔구간,0.12,-0.58,2026-09-21
YSS,1.2,9.76,4614750,3703210,45.04,42.44,1.1,1.6,12.3,강한매수,장대양봉,전고점돌파,0.83,3.9,2026-09-21
XNDU,1.2,7.37,2227340,1815155,16.42,14.13,1.2,2.0,-2.6,매도주의,장대음봉,전저점부근,0.09,-1.74,2026-09-21
XPER,1.2,5.55,364846,295516,2.02,2.26,0.9,0.5,0.5,매수관심,양봉스프링,잔구간,0.96,1.025,2026-09-21
ACEL,1.2,11.1,345298,294838,3.83,3.53,1.1,0.8,-2.3,강한매도,장대음봉,전저점이탈,0.04,-3.3,2026-09-21
NXE,1.2,9.8,4981486,4176133,48.82,38.22,1.3,3.6,1.1,중립,양봉,잔구간,0.65,0.44,2026-09-21
SBGI,1.2,13.21,495969,424509,6.55,6.31,1.0,1.5,-0.5,매도주의,위꼬리음봉,잔구간,0.02,-1.04,2026-09-21
NOWL,1.2,7.51,4298198,3661118,32.28,36.02,0.9,3.9,0.0,중립,팽이도지,잔구간,0.47,-0.02,2026-09-21
SNDX,1.2,18.07,2108265,1777783,38.1,34.93,1.1,0.7,1.9,중립,양봉,잔구간,0.64,0.435,2026-09-21
BMEA,1.2,1.71,1785868,1516878,3.05,3.51,0.9,0.5,-7.1,매도주의,장대음봉,잔구간,0.2,-1.18,2026-09-21
DEC,1.2,13.71,1026999,833738,14.08,15.32,0.9,-0.2,0.1,강한매수,양봉스프링,전저점부근,0.86,3.68,2026-09-21
NUV,1.2,8.47,814033,684141,6.89,5.38,1.3,0.2,-0.7,매도주의,음봉,전저점이탈,0.27,-1.73,2026-09-21
NVDQ,1.2,8.24,6936302,5822560,57.16,44.92,1.3,-0.9,-3.9,강한매도,장대음봉,전저점이탈,0.15,-3.17,2026-09-21
CANE,1.2,11.13,447932,386454,4.99,5.34,0.9,0.5,0.3,중립,위꼬리양봉,잔구간,0.23,-0.66,2026-09-21
CATX,1.2,2.97,2111840,1803382,6.27,7.32,0.9,2.1,1.0,매수관심,팽이도지,완만한상승,0.56,0.97,2026-09-21
RZLV,1.2,2.3,10576441,8511898,24.33,24.59,1.0,1.3,0.0,중립,팽이도지,완만한상승,0.4,0.78,2026-09-21
XRPZ,1.2,16.36,806297,674829,13.19,11.06,1.2,5.2,1.3,강한매수,양봉,전고점돌파,0.84,2.61,2026-09-21
ONDL,1.2,5.4,772640,666442,4.17,3.58,1.2,2.8,-3.2,중립,음봉,잔구간,0.11,-0.585,2026-09-21
CYRX,1.2,17.62,760639,639424,13.4,9.18,1.5,0.9,2.6,강한매수,장대양봉,전고점돌파,0.95,4.04,2026-09-21
RGTI,1.2,16.53,16732008,14069292,276.58,276.03,1.0,2.9,2.0,강한매수,장대양봉,전고점돌파,0.93,4.02,2026-09-21
PENN,1.2,16.13,3259292,2826099,52.57,53.87,1.0,-0.2,-1.7,매도주의,음봉,전저점이탈,0.17,-1.85,2026-09-21
PBR.A,1.2,18.74,6902979,5843680,129.36,122.39,1.1,-0.2,-0.3,매도주의,위꼬리음봉,잔구간,0.2,-0.93,2026-09-21
ORN,1.2,9.18,574438,460913,5.27,3.69,1.4,1.3,0.1,강한매수,양봉스프링,완만한상승,0.78,2.74,2026-09-21
PACB,1.2,1.36,6127040,5139642,8.33,6.16,1.4,0.0,-0.7,중립,팽이도지,잔구간,0.33,-0.1,2026-09-21
OCFC,1.2,17.57,1042974,898157,18.33,18.92,1.0,0.4,-2.1,강한매도,장대음봉,전저점이탈,0.04,-3.3,2026-09-21
OBDC,1.2,11.19,3161016,2737344,35.37,30.58,1.2,0.8,-0.6,중립,음봉,완만한상승,0.54,0.25,2026-09-21
MNRO,1.2,12.9,1291657,1038649,16.66,13.81,1.2,2.0,4.5,강한매수,장대양봉,완만한상승,0.83,3.3,2026-09-21
MQ,1.2,15.59,692847,572702,10.8,10.39,1.0,0.0,0.1,중립,위꼬리양봉,잔구간,0.28,-0.63,2026-09-21
SSMR,1.2,16.15,728206,601984,11.76,16.18,0.7,0.3,-6.3,매도주의,장대음봉,잔구간,0.3,-1.12,2026-09-21
SSYS,1.2,7.91,924371,747936,7.31,5.43,1.3,1.9,-2.9,매도주의,장대음봉,잔구간,0.24,-1.155,2026-09-21
STTK,1.2,6.11,1037074,834420,6.34,9.34,0.7,1.3,0.3,매수관심,팽이도지,완만한상승,0.71,1.15,2026-09-21
TRON,1.2,1.49,946160,802309,1.41,1.36,1.0,5.3,-5.7,매도주의,장대음봉,잔구간,0.08,-1.25,2026-09-21
TSLL,1.2,10.19,64995359,56367552,662.3,655.38,1.0,3.9,1.8,강한매수,양봉,전고점돌파,0.57,2.28,2026-09-21
TTD,1.2,13.88,21873423,18962750,303.6,435.02,0.7,1.0,-1.3,중립,음봉,잔구간,0.15,-0.56,2026-09-21
KYN,1.2,14.42,352005,291910,5.08,4.51,1.1,-0.3,0.3,중립,양봉,잔구간,0.71,0.475,2026-09-21
TSSI,1.2,8.77,763865,635569,6.7,7.57,0.9,0.7,2.9,매수관심,양봉,완만한상승,0.53,1.64,2026-09-21
LZ,1.2,5.95,2552131,2179410,15.19,16.46,0.9,-1.0,1.7,매수관심,양봉,완만한상승,0.75,1.9,2026-09-21
MAGN,1.2,11.83,419215,358995,4.96,4.36,1.1,-0.3,3.2,강한매수,장대양봉,완만한상승,0.93,3.42,2026-09-21
LOFF,1.2,17.25,2045843,1745462,35.29,34.55,1.0,2.2,-3.7,중립,음봉,잔구간,0.03,-0.63,2026-09-21
LSPD,1.2,9.56,522082,434824,4.99,4.85,1.0,0.9,0.7,중립,양봉,잔구간,0.82,0.54,2026-09-21
LWLG,1.2,5.48,3133868,2665925,17.17,12.94,1.3,4.5,2.8,강한매수,양봉,전고점돌파,0.55,2.26,2026-09-21
ASYS,1.2,14.98,311236,261088,4.66,4.6,1.0,2.5,3.0,매수관심,양봉,완만한상승,0.73,1.88,2026-09-21
FBRT,1.2,7.71,2077684,1795629,16.02,25.67,0.6,0.1,3.1,매수관심,장대양봉,잔구간,0.83,1.2,2026-09-21
FATE,1.2,2.53,1266691,1052693,3.2,4.12,0.8,-0.4,0.4,매수관심,팽이도지,완만한상승,0.67,1.1,2026-09-21
BATL,1.2,1.15,5546381,4634474,6.38,8.03,0.8,-1.7,-2.5,강한매도,장대음봉,전저점이탈,0.0,-3.35,2026-09-21
CRK,1.2,13.02,2847823,2394007,37.08,35.78,1.0,-0.9,2.3,중립,양봉,잔구간,0.94,0.615,2026-09-21
CIFU,1.2,12.71,940614,797340,11.96,7.16,1.7,4.7,1.9,매수관심,팽이도지,전고점돌파,0.67,1.7,2026-09-21
CHRS,1.2,1.37,1489493,1282781,2.04,1.53,1.3,0.0,1.5,매수관심,팽이도지,완만한상승,0.54,0.95,2026-09-21
CGC,1.2,0.924,2099174,1694227,1.94,1.88,1.0,-1.1,-0.0,중립,팽이도지,잔구간,0.34,-0.095,2026-09-21
PNNT,1.2,3.45,529341,441512,1.83,2.1,0.9,0.6,0.9,매수관심,양봉,완만한상승,0.41,1.49,2026-09-21
TBI,1.2,9.21,306882,266531,2.83,3.22,0.9,0.8,2.2,매수관심,양봉,수횡파,0.57,1.38,2026-09-21
SVCO,1.2,7.35,453568,371712,3.33,2.33,1.4,1.6,5.8,강한매수,장대양봉,전고점돌파,0.76,3.81,2026-09-21
TMQ,1.2,3.34,1432349,1146542,4.78,4.56,1.0,5.2,-2.6,중립,음봉,잔구간,0.18,-0.54,2026-09-21
BAK,1.2,1.73,1410423,1202500,2.44,3.0,0.8,3.5,-1.7,중립,음봉,잔구간,0.42,-0.4,2026-09-21
MATV,1.2,12.2,633439,509720,7.73,6.4,1.2,1.0,0.7,매수관심,팽이도지,완만한상승,0.67,1.1,2026-09-21
MASS,1.2,10.88,343697,282723,3.74,3.66,1.0,1.6,1.7,매수관심,양봉,완만한상승,0.68,1.82,2026-09-21
AVR,1.2,8.15,744257,612033,6.07,6.2,1.0,0.5,-0.6,강한매수,망치형,수횡파,0.64,2.77,2026-09-21
LEVI,1.2,19.82,2807784,2279535,55.65,52.42,1.1,1.0,-0.9,중립,음봉,완만한상승,0.51,0.21,2026-09-21
KPTI,1.2,1.86,1624741,1341696,3.02,2.77,1.1,-1.6,0.5,중립,팽이도지,잔구간,0.53,0.02,2026-09-21
KREF,1.2,6.76,749902,628410,5.07,4.82,1.1,1.3,-1.7,매도주의,장대음봉,잔구간,0.35,-1.09,2026-09-21
KSS,1.2,17.43,4196807,3602181,73.15,64.25,1.1,2.7,2.5,매수관심,양봉,완만한상승,0.64,1.77,2026-09-21
TNXP,1.2,10.72,524987,421734,5.63,4.5,1.3,0.9,-2.3,매도주의,음봉,전저점이탈,0.36,-1.62,2026-09-21
FWRD,1.2,14.59,567033,475548,8.27,8.42,1.0,1.1,-2.7,매도주의,음봉,전저점이탈,0.51,-1.44,2026-09-21
GDOT,1.2,13.15,411317,347518,5.41,4.9,1.1,0.4,-0.5,중립,음봉,잔구간,0.32,-0.46,2026-09-21
IMPP,1.2,5.66,637588,533652,3.61,3.72,1.0,-0.5,0.5,매수관심,팽이도지,완만한상승,0.55,0.96,2026-09-21
IHS,1.2,8.42,952295,768678,8.02,8.26,1.0,0.0,0.0,중립,팽이도지,완만한상승,0.33,0.7,2026-09-21
ARCO,1.2,7.52,1219236,1032466,9.17,7.94,1.2,0.1,-0.3,중립,팽이도지,전저점부근,0.48,0.73,2026-09-21
JRVR,1.2,3.73,369236,314319,1.38,1.26,1.1,0.3,0.8,중립,양봉,잔구간,0.53,0.37,2026-09-21
URG,1.2,1.23,7410333,5990529,9.11,8.57,1.1,0.0,3.4,매수관심,장대양봉,잔구간,0.67,1.1,2026-09-21
UAMY,1.2,4.91,5294236,4584972,25.99,25.6,1.0,4.1,1.9,중립,양봉,잔구간,0.74,0.495,2026-09-21
JELD,1.2,1.71,997170,803376,1.71,2.55,0.7,0.6,-3.4,매도주의,장대음봉,전저점부근,0.3,-1.49,2026-09-21
ANNX,1.2,4.22,4187459,3529529,17.67,14.78,1.2,0.9,-1.2,중립,팽이도지,잔구간,0.42,-0.05,2026-09-21
IQ,1.2,1.01,14166070,12088780,14.31,11.49,1.2,0.0,0.0,강한매수,양봉스프링,완만한상승,0.75,2.7,2026-09-21
JBGS,1.2,11.21,904268,779652,10.14,13.53,0.7,0.4,-0.5,매도주의,위꼬리음봉,잔구간,0.16,-0.955,2026-09-21
QXO,1.2,12.2,23183853,18892206,282.84,219.71,1.3,2.6,4.5,중립,양봉,잔구간,0.81,0.535,2026-09-21
ICLN,1.2,17.795,6807754,5516534,121.14,123.61,1.0,0.5,0.8,중립,양봉,잔구간,0.89,0.585,2026-09-21
REAX,1.2,17.21,864864,724289,14.88,16.06,0.9,-0.1,4.2,중립,양봉,잔구간,0.8,0.53,2026-09-21
PSIG,1.2,4.36,1942701,1621774,8.47,5.27,1.6,1.7,3.3,매수관심,양봉,완만한상승,0.69,1.83,2026-09-21
CLF,1.2,12.07,16362151,13448892,197.49,143.09,1.4,1.5,-4.9,매도주의,장대음봉,잔구간,0.09,-1.245,2026-09-21
CMPX,1.2,1.82,2987340,2477988,5.44,6.53,0.8,-1.1,-3.2,매도주의,장대음봉,잔구간,0.25,-1.15,2026-09-21
PSO,1.2,15.9,754838,621590,12.0,12.43,1.0,1.2,0.0,강한매수,양봉스프링,완만한상승,0.83,2.8,2026-09-21
QBTS,1.2,17.7,14925037,12758913,264.17,284.39,0.9,2.7,0.7,매수관심,팽이도지,완만한상승,0.59,1.01,2026-09-21
WCMI,1.2,19.58,996719,813153,19.52,14.69,1.3,0.9,0.5,중립,양봉,잔구간,0.85,0.56,2026-09-21
GOOD,1.2,12.6,390536,338252,4.92,4.66,1.1,0.0,-0.1,중립,팽이도지,수횡파,0.3,0.36,2026-09-21
ICL,1.2,5.34,1520514,1245293,8.12,7.15,1.1,0.4,-0.7,중립,음봉,전저점부근,0.4,-0.07,2026-09-21
VG,1.2,13.66,17249228,14926940,235.62,233.15,1.0,-1.6,-1.0,매도주의,음봉,전저점이탈,0.52,-1.43,2026-09-21
ALT,1.2,3.27,3523049,3018271,11.52,13.36,0.9,1.8,-1.2,중립,음봉,완만한상승,0.3,-0.04,2026-09-21
ALLO,1.2,1.69,5992401,4798071,10.13,10.87,0.9,1.2,-1.2,강한매수,망치형,완만한상승,0.6,2.02,2026-09-21
VYX,1.2,7.29,4147756,3354277,30.24,25.83,1.2,1.5,6.6,매수관심,장대양봉,잔구간,1.0,1.3,2026-09-21
VXX,1.2,17.69,9558658,7891760,169.09,161.18,1.0,-1.6,1.2,매수관심,장대양봉,잔구간,0.69,1.115,2026-09-21
WOOF,1.1,2.37,2091364,1970569,4.96,7.3,0.7,0.4,0.0,중립,팽이도지,잔구간,0.5,0.0,2026-09-21
AG,1.1,19.31,10516716,9396854,203.08,174.2,1.2,0.6,-3.3,매도주의,장대음봉,잔구간,0.27,-1.14,2026-09-21
NAT,1.1,8.0,6181973,5817396,49.46,39.49,1.3,-1.3,-1.7,중립,음봉,잔구간,0.3,-0.47,2026-09-21
NABL,1.1,3.92,3371631,2994671,13.22,16.69,0.8,0.8,1.3,매수관심,팽이도지,완만한상승,0.55,0.96,2026-09-21
EMBC,1.1,5.3,930267,813488,4.93,6.71,0.7,-0.9,1.1,중립,양봉,전고점부근,0.79,0.6,2026-09-21
ELVA,1.1,6.77,391045,361374,2.65,2.11,1.3,2.6,-0.1,중립,팽이도지,잔구간,0.53,0.02,2026-09-21
SHMD,1.1,3.53,381823,359195,1.35,1.57,0.9,1.6,-5.9,매도주의,장대음봉,잔구간,0.08,-1.25,2026-09-21
SHIP,1.1,18.55,467084,438705,8.66,8.2,1.1,0.5,-0.7,매도주의,위꼬리음봉,잔구간,0.25,-0.9,2026-09-21
SHC,1.1,18.7,2145774,1910838,40.13,42.96,0.9,0.4,-0.6,중립,음봉,잔구간,0.43,-0.39,2026-09-21
SGRY,1.1,13.66,2311455,2036753,31.57,29.73,1.1,1.2,1.9,중립,양봉,잔구간,0.88,0.58,2026-09-21
MTRX,1.1,10.03,571483,538603,5.73,4.68,1.2,0.9,0.7,매수관심,양봉스프링,잔구간,0.76,0.905,2026-09-21
AIRJ,1.1,4.39,939112,842796,4.12,3.86,1.1,2.1,-0.7,매수관심,팽이도지,완만한상승,0.55,0.96,2026-09-21
HUMA,1.1,0.59,3406472,3188374,2.01,1.98,1.0,2.5,-1.7,중립,음봉,완만한상승,0.43,0.12,2026-09-21
HSAI,1.1,17.37,1307526,1137811,22.71,19.78,1.1,3.1,2.0,중립,양봉,잔구간,0.83,0.55,2026-09-21
GOOY,1.1,12.37,365453,321809,4.52,4.01,1.1,1.0,0.9,매수관심,양봉,완만한상승,0.79,1.95,2026-09-21
VZLA,1.1,4.07,4585008,4098824,18.66,17.34,1.1,0.0,-0.2,중립,망치형,잔구간,0.73,0.64,2026-09-21
BORR,1.1,4.43,7397194,6781661,32.77,27.34,1.2,0.9,-1.6,중립,음봉,잔구간,0.09,-0.595,2026-09-21
BOIL,1.1,19.47,4866643,4558431,94.75,100.34,0.9,-2.1,-0.7,중립,팽이도지,잔구간,0.27,-0.14,2026-09-21
SNAP,1.1,5.7,35016050,32639528,199.59,189.78,1.1,0.2,2.9,중립,양봉,잔구간,0.5,0.35,2026-09-21
SKHZ,1.1,9.43,1726210,1510999,16.28,16.96,1.0,-0.3,-0.2,중립,팽이도지,잔구간,0.3,-0.12,2026-09-21
MPLT,1.1,10.9,542937,474102,5.92,7.53,0.8,1.3,-1.4,중립,음봉,잔구간,0.24,-0.505,2026-09-21
EQPT,1.1,18.17,3266076,3054812,59.34,60.49,1.0,-0.2,0.9,매수관심,양봉스프링,잔구간,0.8,0.93,2026-09-21
GILT,1.1,10.06,475512,438873,4.78,5.35,0.9,1.1,1.3,강한매수,양봉,완만한상승,0.97,2.16,2026-09-21
IMMX,1.1,12.47,1329529,1188087,16.58,19.51,0.8,0.7,-1.0,중립,망치형,잔구간,0.58,0.55,2026-09-21
IGR,1.1,12.21,386237,345456,4.72,5.02,0.9,-1.2,0.1,매수관심,양봉스프링,전저점이탈,0.75,1.05,2026-09-21
IBRX,1.1,8.45,12238176,10836871,103.41,88.29,1.2,2.8,-3.1,중립,음봉,잔구간,0.31,-0.465,2026-09-21
QS,1.1,5.1,12574071,11101761,64.13,54.01,1.2,3.5,-1.9,중립,음봉,잔구간,0.13,-0.57,2026-09-21
PYXS,1.1,3.19,633190,602218,2.02,4.44,0.5,1.5,-5.6,매도주의,장대음봉,잔구간,0.0,-1.3,2026-09-21
COMP,1.1,10.13,17245511,15591453,174.7,148.6,1.2,1.5,-1.0,매도주의,위꼬리음봉,완만한상승,0.15,-1.02,2026-09-21
CNTN,1.1,2.44,800051,728164,1.95,2.12,0.9,2.2,3.8,강한매수,양봉,전고점돌파,0.7,2.44,2026-09-21
PUBM,1.1,17.88,745471,662793,13.33,10.25,1.3,0.2,1.7,매수관심,양봉,완만한상승,0.8,1.96,2026-09-21
SG,1.1,7.48,5617327,4932169,42.02,35.49,1.2,1.0,2.6,강한매수,양봉,전고점돌파,0.64,2.37,2026-09-21
BYND,1.1,11.92,1301455,1153903,15.51,12.36,1.3,1.1,2.4,중립,위꼬리양봉,완만한상승,0.47,-0.14,2026-09-21
BXDC,1.1,19.3,2197144,2074588,42.4,60.53,0.7,0.6,-0.8,매도주의,위꼬리음봉,잔구간,0.07,-1.01,2026-09-21
NIQ,1.1,18.39,1209040,1104032,22.23,20.58,1.1,0.6,0.5,강한매수,양봉스프링,완만한상승,0.96,2.95,2026-09-21
EBS,1.1,6.55,1512584,1338881,9.91,8.34,1.2,0.0,-3.7,매도주의,장대음봉,잔구간,0.17,-1.2,2026-09-21
EOSE,1.1,4.07,26056029,24225552,106.05,103.38,1.0,2.8,0.0,중립,팽이도지,수횡파,0.5,0.6,2026-09-21
MITT,1.1,6.42,413181,374838,2.65,2.44,1.1,0.2,1.6,매수관심,장대양봉,잔구간,0.93,1.26,2026-09-21
MITK,1.1,17.14,578083,535362,9.91,11.02,0.9,1.7,0.7,강한매수,양봉스프링,완만한상승,0.76,2.71,2026-09-21
OTF,1.1,10.64,2099879,1939271,22.34,22.66,1.0,0.6,-0.1,강한매수,망치형,완만한상승,0.77,2.22,2026-09-21
CIFR,1.1,18.9,42333464,38035057,800.1,667.26,1.2,1.8,1.3,매수관심,팽이도지,전고점돌파,0.64,1.67,2026-09-21
RC,1.1,1.67,1447412,1328114,2.42,2.21,1.1,2.4,-1.8,중립,음봉,수횡파,0.08,-0.6,2026-09-21
CWH,1.1,5.48,2327988,2093595,12.76,11.87,1.1,2.1,-4.2,강한매도,장대음봉,전저점이탈,0.25,-3.05,2026-09-21
AMCX,1.1,11.97,585043,556652,7.0,8.87,0.8,1.6,2.2,중립,양봉,잔구간,0.61,0.415,2026-09-21
ALVO,1.1,5.88,1313024,1190086,7.72,7.15,1.1,0.9,-0.7,매수관심,팽이도지,완만한상승,0.58,1.0,2026-09-21
BIOA,1.1,8.09,787316,693947,6.37,5.65,1.1,0.1,0.2,매수관심,양봉스프링,잔구간,0.97,1.03,2026-09-21
BHVN,1.1,14.22,3293802,2973093,46.84,51.82,0.9,2.1,2.3,중립,양봉,잔구간,0.71,0.475,2026-09-21
SPAX,1.1,10.43,1805726,1643285,18.83,18.36,1.0,2.6,-3.8,중립,음봉,잔구간,0.04,-0.625,2026-09-21
DOLE,1.1,13.0,1126094,983736,14.64,14.28,1.0,0.1,-0.3,중립,음봉,전저점부근,0.25,-0.25,2026-09-21
NMZ,1.1,9.32,1135166,1079970,10.58,10.96,1.0,-0.3,-0.9,매도주의,장대음봉,잔구간,0.09,-1.245,2026-09-21
BVS,1.1,13.31,473430,442588,6.3,6.56,1.0,1.0,2.1,매수관심,양봉,완만한상승,0.77,1.92,2026-09-21
BTGO,1.1,7.86,2871748,2556942,22.57,22.07,1.0,3.8,0.1,중립,팽이도지,완만한상승,0.33,0.7,2026-09-21
BTCZ,1.1,2.75,30713625,27004142,84.46,74.18,1.1,-9.4,-3.8,강한매도,장대음봉,전저점이탈,0.21,-3.1,2026-09-21
SERV,1.1,4.44,3292202,2863443,14.62,13.91,1.1,4.3,-3.5,중립,음봉,완만한상승,0.28,-0.06,2026-09-21
SD,1.1,13.98,436934,390525,6.11,5.93,1.0,-1.6,0.3,매도주의,위꼬리양봉,전저점이탈,0.33,-1.95,2026-09-21
UIS,1.1,2.44,590288,528264,1.44,1.61,0.9,0.8,0.8,중립,위꼬리양봉,완만한상승,0.47,-0.14,2026-09-21
UAA,1.1,4.77,11330155,10143198,54.04,45.41,1.2,0.8,-3.0,매도주의,장대음봉,전저점부근,0.32,-1.47,2026-09-21
GME.WS,1.1,2.325,737086,649965,1.71,2.14,0.8,5.5,-7.0,매도주의,장대음봉,잔구간,0.24,-1.155,2026-09-21
GLWG,1.1,14.24,1466164,1301729,20.88,16.79,1.2,8.2,3.1,강한매수,양봉,완만한상승,0.88,2.06,2026-09-21
VFC,1.1,13.05,7640036,7245819,99.7,89.06,1.1,2.4,-0.4,강한매수,망치형,완만한상승,0.8,2.26,2026-09-21
UUUU,1.1,12.3,8437859,7857215,103.79,92.17,1.1,5.1,0.0,중립,팽이도지,잔구간,0.6,0.06,2026-09-21
GAB,1.1,5.44,1138860,1023976,6.2,4.59,1.3,0.0,0.6,중립,양봉,잔구간,1.0,0.65,2026-09-21
SSTK,1.1,4.53,798422,748146,3.62,5.3,0.7,0.2,-0.4,강한매수,망치형,전저점부근,0.67,2.95,2026-09-21
MEC,1.1,17.07,497265,471567,8.49,9.75,0.9,3.2,-3.8,매도주의,장대음봉,잔구간,0.2,-1.18,2026-09-21
MBC,1.1,6.82,3900935,3642955,26.6,24.24,1.1,1.5,1.5,중립,팽이도지,잔구간,0.62,0.07,2026-09-21
SPT,1.1,10.33,1012283,925822,10.46,13.67,0.8,1.1,0.5,중립,팽이도지,잔구간,0.38,-0.07,2026-09-21
SPCQ,1.1,10.69,1063510,940929,11.37,15.45,0.7,-3.2,3.9,강한매수,양봉,완만한상승,0.99,2.19,2026-09-21
ETW,1.1,9.71,322080,286333,3.13,2.68,1.2,0.6,0.3,강한매수,양봉스프링,완만한상승,1.0,3.0,2026-09-21
MATW,1.1,19.78,1097634,1030708,21.71,29.39,0.7,0.4,-3.8,매도주의,장대음봉,잔구간,0.06,-1.265,2026-09-21
MARO,1.1,4.5,530197,477396,2.39,1.85,1.3,3.5,-3.8,매도주의,장대음봉,잔구간,0.1,-1.24,2026-09-21
LXRX,1.1,2.04,2506460,2372130,5.11,5.69,0.9,0.0,-0.5,중립,팽이도지,잔구간,0.52,0.01,2026-09-21
AZ,1.1,5.83,416635,373084,2.43,2.11,1.1,1.4,1.7,강한매수,양봉,완만한상승,0.9,2.08,2026-09-21
STNE,1.1,9.71,4127689,3866961,40.08,45.65,0.9,0.6,1.3,중립,양봉,잔구간,0.67,0.45,2026-09-21
BGS,1.1,2.93,2304097,2147810,6.75,7.72,0.9,0.7,1.0,중립,양봉,잔구간,0.57,0.39,2026-09-21
ONT,1.1,17.48,534179,499829,9.34,9.04,1.0,-0.1,-3.4,매도주의,장대음봉,잔구간,0.18,-1.19,2026-09-21
RES,1.1,5.68,2304245,2161995,13.09,12.16,1.1,-0.5,-2.6,강한매도,장대음봉,전저점이탈,0.2,-3.11,2026-09-21
PANL,1.1,8.52,529031,471675,4.51,4.06,1.1,0.8,0.8,매수관심,팽이도지,완만한상승,0.59,1.01,2026-09-21
ANGX,1.1,5.22,2734597,2509036,14.27,12.84,1.1,0.4,-1.3,중립,음봉,잔구간,0.54,-0.325,2026-09-21
ANGI,1.1,5.48,734214,684520,4.02,4.35,0.9,0.4,3.0,강한매수,양봉,전고점돌파,0.56,2.27,2026-09-21
AMZD,1.1,8.47,11621628,10210211,98.44,92.58,1.1,-1.0,-0.9,매도주의,음봉,전저점이탈,0.15,-1.87,2026-09-21
AMPL,1.1,13.43,1539335,1396016,20.67,20.56,1.0,0.6,1.1,매수관심,양봉,완만한상승,0.63,1.76,2026-09-21
UROY,1.1,4.24,3208549,2912413,13.6,29.45,0.5,-0.2,-6.8,매도주의,장대음봉,잔구간,0.11,-1.235,2026-09-21
UPBD,1.1,16.89,750380,680984,12.67,15.42,0.8,0.4,-1.8,강한매도,장대음봉,전저점이탈,0.07,-3.27,2026-09-21
TSLR,1.1,17.61,1725889,1538451,30.39,25.31,1.2,4.2,1.9,강한매수,양봉,전고점돌파,0.59,2.31,2026-09-21
TSL,1.1,14.211,574764,508058,8.17,7.55,1.1,2.4,1.3,강한매수,양봉,전고점돌파,0.58,2.3,2026-09-21
TV,1.1,2.57,1955187,1826229,5.02,5.7,0.9,0.9,8.4,강한매수,장대양봉,전고점돌파,0.98,4.08,2026-09-21
JOBY,1.1,6.41,29588234,26024413,189.66,179.41,1.1,2.8,1.9,중립,양봉,잔구간,0.69,0.465,2026-09-21
JMIA,1.1,6.97,1465152,1353229,10.21,10.84,0.9,2.2,-1.8,중립,음봉,잔구간,0.38,-0.42,2026-09-21
GDXY,1.1,10.79,753027,671925,8.13,8.28,1.0,0.0,-0.9,중립,음봉,잔구간,0.29,-0.475,2026-09-21
STDN,1.1,13.5,739686,646239,9.99,8.71,1.1,-0.5,5.7,강한매수,장대양봉,전고점돌파,0.86,3.93,2026-09-21
DFH,1.1,11.4,1268429,1170385,14.46,12.53,1.2,1.1,-0.7,중립,음봉,잔구간,0.41,-0.405,2026-09-21
DRN,1.1,9.46,1876223,1700484,17.75,17.31,1.0,0.9,2.0,매수관심,장대양봉,잔구간,0.87,1.22,2026-09-21
SAFX,1.1,0.502,4556011,4112821,2.29,1.78,1.3,5.6,0.5,강한매수,양봉스프링,완만한상승,0.9,2.88,2026-09-21
SAFE,1.1,13.4,574189,545579,7.69,7.48,1.0,0.6,1.4,중립,양봉,잔구간,0.63,0.43,2026-09-21
F,1.1,13.17,50080955,45942690,659.57,723.67,0.9,1.1,-1.3,매도주의,장대음봉,잔구간,0.0,-1.3,2026-09-21
LUCD,1.1,0.845,1393727,1262351,1.18,1.09,1.1,1.0,6.5,강한매수,장대양봉,완만한상승,0.94,3.43,2026-09-21
TBLA,1.1,3.62,1801782,1590548,6.52,6.7,1.0,0.6,0.0,중립,팽이도지,잔구간,0.73,0.14,2026-09-21
NZF,1.1,11.35,1105272,1012746,12.54,11.54,1.1,0.1,-0.9,매도주의,장대음봉,잔구간,0.06,-1.265,2026-09-21
NXH,1.1,3.49,2598529,2449827,9.07,9.13,1.0,0.9,-0.3,매도주의,위꼬리음봉,완만한상승,0.21,-0.95,2026-09-21
NWL,1.1,5.6,6548732,6128964,36.67,39.23,0.9,1.1,1.1,매수관심,양봉스프링,잔구간,0.89,0.985,2026-09-21
NVTS,1.1,12.16,11667215,10842300,141.87,130.85,1.1,4.9,1.4,강한매수,양봉,전고점돌파,0.62,2.34,2026-09-21
CABO,1.1,18.01,330122,295805,5.95,5.9,1.0,0.0,3.7,중립,양봉,잔구간,0.83,0.55,2026-09-21
RUN,1.1,8.79,8171605,7291765,71.83,64.59,1.1,2.1,0.9,매수관심,양봉스프링,잔구간,0.83,0.95,2026-09-21
ASAN,1.1,9.54,11334415,10554998,108.13,98.12,1.1,0.6,-0.3,매수관심,팽이도지,완만한상승,0.5,0.9,2026-09-21
TRTX,1.1,7.21,880336,829483,6.35,6.49,1.0,1.0,-0.6,매도주의,위꼬리음봉,잔구간,0.11,-0.985,2026-09-21
FOSL,1.1,5.86,717277,669473,4.2,3.92,1.1,0.5,6.5,강한매수,장대양봉,전고점돌파,0.97,4.06,2026-09-21
FMC,1.1,10.28,3715442,3414808,38.19,39.5,1.0,1.5,0.4,매수관심,양봉스프링,잔구간,0.81,0.935,2026-09-21
KODK,1.1,9.76,800811,699736,7.82,8.0,1.0,1.5,0.7,매수관심,양봉,완만한상승,0.46,1.55,2026-09-21
KLRA,1.1,11.99,1050489,954349,12.6,14.74,0.9,0.9,-7.4,강한매도,장대음봉,전저점이탈,0.13,-3.19,2026-09-21
KLAR,1.1,13.68,4902998,4319844,67.07,72.75,0.9,1.5,-2.3,매도주의,장대음봉,잔구간,0.09,-1.245,2026-09-21
KEEL,1.1,4.07,36285788,32455427,147.68,130.97,1.1,4.1,-2.5,강한매도,장대음봉,전고점부근,0.29,-3.7,2026-09-21
KD,1.1,12.2,3471239,3068835,42.35,49.8,0.9,1.5,-0.4,매도주의,위꼬리음봉,완만한상승,0.23,-0.92,2026-09-21
ARCC,1.1,19.44,5396764,5009231,104.91,92.51,1.1,0.3,-0.1,매도주의,위꼬리음봉,완만한상승,0.24,-0.91,2026-09-21
APLX,1.1,9.28,2169001,2016954,20.13,14.07,1.4,3.6,-3.3,매도주의,음봉,전고점부근,0.41,-1.26,2026-09-21
LOMA,1.1,9.62,364454,332521,3.51,3.14,1.1,1.5,-0.3,중립,망치형,잔구간,0.78,0.67,2026-09-21
LILAK,1.1,8.8,1210247,1089100,10.65,11.43,0.9,0.7,4.0,강한매수,장대양봉,완만한상승,0.79,3.25,2026-09-21
LFTO,1.1,17.65,829274,751760,14.64,21.01,0.7,0.4,7.3,매수관심,장대양봉,잔구간,0.8,1.18,2026-09-21
TOYO,1.1,4.47,357658,328326,1.6,1.85,0.9,1.4,0.0,매수관심,팽이도지,완만한상승,0.69,1.13,2026-09-21
LPL,1.1,3.04,2063343,1800617,6.27,6.07,1.0,3.4,1.0,중립,양봉,잔구간,0.8,0.53,2026-09-21
OCTV,1.1,19.21,2956989,2577793,56.8,79.5,0.7,1.2,0.8,매수관심,팽이도지,전고점돌파,0.41,1.39,2026-09-21
OBIO,1.1,6.25,433191,397709,2.71,2.75,1.0,-0.7,3.5,강한매수,양봉,완만한상승,0.91,2.09,2026-09-21
OABI,1.1,4.58,1364401,1190248,6.25,5.64,1.1,0.7,1.8,강한매수,양봉,전고점돌파,0.68,2.42,2026-09-21
OPFI,1.1,6.45,1115325,1027074,7.19,8.57,0.8,1.2,-2.4,강한매도,장대음봉,전저점이탈,0.11,-3.22,2026-09-21
KULR,1.1,2.42,751793,674483,1.82,1.52,1.2,1.7,0.4,매수관심,팽이도지,완만한상승,0.53,0.94,2026-09-21
GT,1.1,5.02,13428141,12561999,67.41,60.11,1.1,1.4,-2.0,중립,음봉,전저점부근,0.51,0.06,2026-09-21
AERO,1.1,15.95,400813,349806,6.39,6.19,1.0,1.2,2.2,매수관심,장대양봉,전고점부근,0.68,1.77,2026-09-21
CRCT,1.1,5.65,632447,558920,3.57,3.81,0.9,0.4,-0.2,매수관심,팽이도지,완만한상승,0.67,1.1,2026-09-21
CRCG,1.1,15.85,4573708,4165476,72.49,52.81,1.4,14.3,-7.0,중립,음봉,완만한상승,0.22,-0.14,2026-09-21
XHR,1.1,17.86,993737,887449,17.75,17.68,1.0,0.2,0.6,강한매수,양봉,완만한상승,0.9,2.08,2026-09-21
ADNT,1.1,17.46,991749,899895,17.32,19.51,0.9,1.3,-2.5,매도주의,장대음봉,전저점부근,0.11,-1.72,2026-09-21
ZIP,1.1,3.88,840639,766601,3.26,3.35,1.0,-0.8,5.7,매수관심,장대양봉,잔구간,0.96,1.275,2026-09-21
PSEC,1.1,2.2,3554024,3200743,7.82,8.94,0.9,0.5,0.5,중립,위꼬리양봉,완만한상승,0.33,-0.3,2026-09-21
PEPG,1.1,2.84,652471,596995,1.85,2.4,0.8,1.1,-1.4,중립,음봉,전저점부근,0.35,-0.13,2026-09-21
PDBC,1.1,19.44,5697535,5244537,110.76,104.19,1.1,-1.0,-0.2,중립,망치형,전저점이탈,0.65,0.43,2026-09-21
PML,1.1,6.83,659116,586852,4.5,3.74,1.2,0.7,-1.0,매도주의,장대음봉,잔구간,0.19,-1.185,2026-09-21
WSE,1.1,11.64,1831332,1652077,21.32,21.24,1.0,0.6,1.0,강한매수,양봉,완만한상승,0.88,2.06,2026-09-21
YDES,1.1,2.63,662570,616816,1.74,2.4,0.7,-2.5,-15.4,매도주의,음봉,전저점이탈,0.14,-1.88,2026-09-21
AAOG,1.1,2.47,2939979,2788756,7.26,6.39,1.1,6.0,0.4,강한매수,양봉스프링,완만한상승,0.78,2.74,2026-09-21
AAOZ,1.0,12.12,724894,754335,8.79,11.7,0.8,-5.0,-1.2,강한매도,위꼬리음봉,전저점이탈,0.23,-2.57,2026-09-21
ACDC,1.0,4.96,1709756,1649614,8.48,6.28,1.3,-1.5,-2.6,중립,음봉,잔구간,0.54,-0.325,2026-09-21
WYFI,1.0,19.86,1308038,1308218,25.98,25.27,1.0,3.3,1.3,매수관심,팽이도지,전고점돌파,0.65,1.68,2026-09-21
PRLD,1.0,4.7,392656,397942,1.85,2.16,0.9,0.2,-3.7,매도주의,장대음봉,잔구간,0.05,-1.27,2026-09-21
PCN,1.0,11.08,555926,547398,6.16,6.09,1.0,0.1,-0.4,중립,음봉,잔구간,0.48,-0.36,2026-09-21
PDM,1.0,9.33,2221719,2176650,20.73,24.77,0.8,0.5,1.6,강한매수,장대양봉,완만한상승,0.82,3.28,2026-09-21
PDO,1.0,11.96,1295584,1320110,15.5,16.36,0.9,0.1,-0.3,중립,팽이도지,잔구간,0.59,0.055,2026-09-21
PDYN,1.0,5.65,879871,840807,4.97,4.68,1.1,1.6,-2.1,중립,음봉,수횡파,0.17,-0.5,2026-09-21
PSQL,1.0,7.31,529091,550944,3.87,7.45,0.5,0.0,-4.3,중립,음봉,수횡파,0.27,-0.38,2026-09-21
NCLH,1.0,14.24,16684461,16389701,237.59,251.9,0.9,1.6,-0.8,매도주의,위꼬리음봉,잔구간,0.11,-0.985,2026-09-21
HAFN,1.0,9.71,2389243,2293306,23.2,24.64,0.9,-3.7,-0.4,매도주의,위꼬리음봉,잔구간,0.03,-1.03,2026-09-21
ACI,1.0,12.12,8276991,8456765,100.32,112.93,0.9,-0.6,-1.3,중립,음봉,잔구간,0.0,-0.65,2026-09-21
ACRE,1.0,4.38,407237,390895,1.78,1.66,1.1,0.2,-0.2,매수관심,팽이도지,완만한상승,0.5,0.9,2026-09-21
ADMA,1.0,9.505,2859099,2916878,27.18,30.91,0.9,0.8,3.5,강한매수,장대양봉,전고점부근,0.92,2.05,2026-09-21
XRPI,1.0,8.17,442487,421454,3.62,2.51,1.4,5.0,1.6,강한매수,양봉,전고점돌파,0.85,2.62,2026-09-21
CRESY,1.0,12.74,304786,312897,3.88,3.53,1.1,0.5,-0.7,중립,망치형,잔구간,0.6,0.56,2026-09-21
GRAB,1.0,2.91,70138154,68673645,204.1,221.62,0.9,1.4,2.6,중립,양봉,잔구간,0.96,0.625,2026-09-21
GRND,1.0,15.89,1363155,1326025,21.66,21.71,1.0,1.6,1.5,중립,양봉,전고점부근,0.8,0.61,2026-09-21
KURA,1.0,11.6,1763389,1839715,20.46,21.88,0.9,1.1,-2.2,중립,음봉,잔구간,0.22,-0.52,2026-09-21
RKT,1.0,12.36,39150778,37830935,483.9,435.59,1.1,2.3,-1.7,중립,음봉,잔구간,0.5,-0.35,2026-09-21
RLAY,1.0,18.19,3029902,2919278,55.11,77.05,0.7,1.2,-4.6,매도주의,장대음봉,잔구간,0.13,-1.22,2026-09-21
RLJ,1.0,10.94,1509117,1524758,16.51,19.64,0.8,1.3,0.1,강한매수,양봉스프링,완만한상승,0.83,2.8,2026-09-21
CBRX,1.0,11.2,388591,389919,4.35,4.09,1.1,2.9,6.8,강한매수,장대양봉,전고점돌파,0.69,3.73,2026-09-21
OEC,1.0,5.93,383628,393510,2.27,2.47,0.9,0.7,2.8,강한매수,양봉,완만한상승,0.97,2.16,2026-09-21
CYH,1.0,2.89,1091946,1054765,3.16,3.61,0.9,0.0,0.7,매수관심,팽이도지,완만한상승,0.63,1.06,2026-09-21
RMNI,1.0,4.34,339725,343941,1.47,1.94,0.8,0.5,-1.4,중립,음봉,전저점부근,0.13,-0.39,2026-09-21
AVTR,1.0,15.1,9194158,9484388,138.83,144.14,1.0,-0.8,-1.9,중립,음봉,잔구간,0.11,-0.585,2026-09-21
TLRY,1.0,4.08,3665462,3536573,14.96,15.14,1.0,1.0,1.2,매수관심,양봉,완만한상승,0.81,1.97,2026-09-21
TPVG,1.0,4.84,360955,351090,1.75,1.66,1.1,0.0,-0.2,중립,망치형,잔구간,0.75,0.65,2026-09-21
TRIP,1.0,8.8,4375928,4234487,38.51,43.06,0.9,0.9,-1.3,중립,음봉,잔구간,0.26,-0.495,2026-09-21
TRLV,1.0,11.5,1578825,1604762,18.16,32.65,0.6,1.1,2.8,매수관심,양봉,수횡파,0.68,1.52,2026-09-21
LAES,1.0,2.36,5383716,5449382,12.71,11.98,1.1,3.3,1.9,매수관심,장대양봉,잔구간,0.71,1.125,2026-09-21
LBTYK,1.0,9.81,2480098,2480684,24.33,21.37,1.1,0.9,0.7,중립,양봉,잔구간,0.76,0.505,2026-09-21
FLO,1.0,5.96,7905021,8280131,47.11,50.71,0.9,-0.7,1.0,중립,양봉,잔구간,0.51,0.355,2026-09-21
TGB,1.0,8.67,4784600,4594517,41.48,41.69,1.0,-0.1,0.5,매수관심,양봉스프링,전고점부근,0.83,1.45,2026-09-21
TIMB,1.0,18.93,319823,319484,6.05,8.76,0.7,1.5,-1.4,중립,음봉,잔구간,0.37,-0.43,2026-09-21
FOXF,1.0,18.47,425461,412971,7.86,9.12,0.9,2.4,-3.9,강한매도,장대음봉,전저점이탈,0.01,-3.34,2026-09-21
FPE,1.0,17.54,1156005,1110585,20.28,19.2,1.1,0.3,0.0,중립,팽이도지,전고점부근,0.4,-0.57,2026-09-21
LENZ,1.0,4.08,776670,791155,3.17,3.35,0.9,1.2,-1.0,중립,망치형,잔구간,0.64,0.585,2026-09-21
RPC,1.0,7.89,562806,558042,4.44,4.7,0.9,1.7,-1.4,중립,음봉,완만한상승,0.56,0.27,2026-09-21
AQST,1.0,4.78,2455976,2510941,11.74,12.2,1.0,0.9,2.8,중립,양봉,잔구간,0.83,0.55,2026-09-21
KDK,1.0,3.27,1644594,1700128,5.38,6.69,0.8,4.3,-4.4,매도주의,장대음봉,잔구간,0.04,-1.275,2026-09-21
ARRY,1.0,4.07,5486788,5592842,22.33,29.02,0.8,0.7,-0.5,중립,팽이도지,잔구간,0.57,0.04,2026-09-21
ASLE,1.0,5.47,439242,461485,2.4,2.68,0.9,0.7,-0.7,강한매수,망치형,완만한상승,0.67,2.1,2026-09-21
ASPN,1.0,5.19,662751,648733,3.44,3.14,1.1,1.8,0.6,강한매수,양봉스프링,완만한상승,0.87,2.84,2026-09-21
RXO,1.0,19.72,1726290,1713678,34.04,38.75,0.9,0.9,-3.5,매도주의,장대음봉,잔구간,0.34,-1.095,2026-09-21
CADL,1.0,11.21,1086919,1117042,12.18,16.41,0.7,9.2,-5.4,매도주의,장대음봉,완만한상승,0.1,-1.58,2026-09-21
DHX,1.0,4.73,341967,330367,1.62,1.52,1.1,-0.2,-3.3,중립,음봉,잔구간,0.21,-0.525,2026-09-21
DHY,1.0,1.68,909342,932695,1.53,1.53,1.0,0.0,1.2,매수관심,장대양봉,잔구간,1.0,1.3,2026-09-21
NVD,1.0,3.66,77521200,78392736,283.73,311.32,0.9,-0.8,-3.9,강한매도,장대음봉,전저점이탈,0.17,-3.15,2026-09-21
NVG,1.0,11.35,964629,991919,10.95,10.31,1.1,0.3,-1.5,매도주의,장대음봉,잔구간,0.04,-1.275,2026-09-21
EVC,1.0,7.99,1102943,1105557,8.81,8.87,1.0,1.0,1.4,중립,양봉,잔구간,0.59,0.405,2026-09-21
SVRA,1.0,5.45,1311924,1265072,7.15,7.02,1.0,1.3,0.2,중립,팽이도지,잔구간,0.6,0.06,2026-09-21
SY,1.0,2.74,368214,360412,1.01,1.24,0.8,0.7,-1.1,중립,음봉,잔구간,0.63,-0.27,2026-09-21
TDOC,1.0,6.27,2996186,3110995,18.79,21.06,0.9,1.0,-1.5,중립,음봉,잔구간,0.31,-0.465,2026-09-21
LTBR,1.0,6.79,756094,768334,5.13,7.3,0.7,2.4,1.7,중립,위꼬리양봉,잔구간,0.32,-0.61,2026-09-21
FCEL,1.0,17.96,4810533,4973812,86.4,114.8,0.8,1.2,-2.0,중립,음봉,잔구간,0.39,-0.415,2026-09-21
TE,1.0,4.45,16883638,17046022,75.13,85.53,0.9,4.3,2.3,중립,양봉,잔구간,0.71,0.475,2026-09-21
CALY,1.0,14.73,1953425,1867658,28.77,35.86,0.8,0.3,0.0,중립,팽이도지,잔구간,0.56,0.035,2026-09-21
CARS,1.0,11.45,444374,448575,5.09,7.16,0.7,1.8,1.0,매수관심,양봉,완만한상승,0.75,1.9,2026-09-21
SBH,1.0,16.12,1273663,1295036,20.53,21.58,1.0,0.5,1.6,매수관심,양봉,완만한상승,0.8,1.96,2026-09-21
STGW,1.0,8.35,1560335,1490708,13.03,11.08,1.2,1.1,1.7,중립,양봉,잔구간,0.92,0.6,2026-09-21
BETR,1.0,12.42,391924,396788,4.87,5.41,0.9,2.6,0.4,중립,팽이도지,잔구간,0.49,-0.005,2026-09-21
FRMI,1.0,5.06,15206350,14806197,76.94,99.5,0.8,3.6,-1.9,중립,음봉,완만한상승,0.21,-0.15,2026-09-21
FSM,1.0,11.76,3351891,3360689,39.42,44.1,0.9,0.8,-2.3,매도주의,장대음봉,잔구간,0.26,-1.145,2026-09-21
JACK,1.0,13.34,642949,639681,8.58,8.23,1.0,-0.2,2.3,중립,양봉,잔구간,0.81,0.535,2026-09-21
KARD,1.0,16.3,724482,758454,11.81,20.08,0.6,1.3,-3.3,매도주의,위꼬리음봉,잔구간,0.08,-1.0,2026-09-21
ARDT,1.0,10.61,456771,457131,4.85,5.22,0.9,0.3,1.0,강한매수,양봉,완만한상승,1.0,2.2,2026-09-21
ARI,1.0,6.43,1920565,1999086,12.35,15.32,0.8,-0.2,0.3,중립,위꼬리양봉,잔구간,0.33,-0.6,2026-09-21
TSLQ,1.0,17.41,5590736,5489817,97.33,116.38,0.8,-3.9,-2.0,중립,음봉,전저점부근,0.43,-0.03,2026-09-21
TSLT,1.0,14.18,1895868,1967010,26.88,29.57,0.9,4.3,1.7,강한매수,양봉,전고점돌파,0.56,2.27,2026-09-21
TTAM,1.0,13.81,328334,315013,4.53,4.44,1.0,1.1,2.6,중립,양봉,잔구간,0.79,0.525,2026-09-21
TU,1.0,8.68,6543338,6479820,56.8,62.63,0.9,1.6,-2.4,강한매도,장대음봉,전저점이탈,0.04,-3.3,2026-09-21
CIM,1.0,11.02,1421487,1378782,15.66,14.23,1.1,1.2,0.2,중립,팽이도지,잔구간,0.65,0.09,2026-09-21
REI,1.0,1.38,4691641,4551006,6.47,7.97,0.8,-1.4,-4.2,강한매도,장대음봉,전저점이탈,0.14,-3.18,2026-09-21
REZI,1.0,18.81,2222906,2295070,41.81,48.86,0.9,1.6,0.7,중립,팽이도지,잔구간,0.45,-0.03,2026-09-21
RIG,1.0,5.45,41570304,42284306,226.56,264.46,0.9,-0.4,-3.0,매도주의,장대음봉,전저점부근,0.14,-1.68,2026-09-21
RILY,1.0,5.8,570604,551534,3.31,3.71,0.9,0.8,-3.8,강한매도,장대음봉,전저점이탈,0.1,-3.23,2026-09-21
OI,1.0,6.09,3412175,3390847,20.78,23.79,0.9,1.6,-1.3,중립,음봉,전저점부근,0.29,-0.2,2026-09-21
OIS,1.0,8.31,451749,452543,3.75,4.52,0.8,-0.2,-1.0,중립,음봉,잔구간,0.44,-0.385,2026-09-21
STWD,1.0,15.0,3989091,3981414,59.84,69.12,0.9,0.5,-0.1,매도주의,위꼬리음봉,잔구간,0.18,-0.94,2026-09-21
MARA,1.0,13.28,52028227,51202184,690.93,611.06,1.1,5.3,-4.7,강한매도,장대음봉,전고점부근,0.15,-3.87,2026-09-21
SPCH,1.0,10.25,23752126,23652414,243.46,236.47,1.0,2.6,-3.9,중립,음봉,잔구간,0.02,-0.64,2026-09-21
DFNS,1.0,8.2,393848,384213,3.23,5.11,0.6,2.2,4.7,매수관심,장대양봉,잔구간,0.66,1.095,2026-09-21
IREZ,1.0,7.47,3031724,2953686,22.65,28.0,0.8,-4.7,2.8,중립,양봉,전저점이탈,0.65,0.13,2026-09-21
GAU,1.0,2.11,2214906,2252954,4.67,5.2,0.9,0.0,-0.9,중립,음봉,잔구간,0.43,-0.39,2026-09-21
UTZ,1.0,14.22,1547671,1574044,22.01,22.41,1.0,0.1,-0.2,매도주의,장대음봉,잔구간,0.25,-1.15,2026-09-21
VET,1.0,11.91,1356148,1417793,16.15,19.68,0.8,-1.7,-3.2,강한매도,장대음봉,전저점이탈,0.06,-3.28,2026-09-21
ALM,1.0,14.66,6115930,6196843,89.66,108.48,0.8,5.7,0.2,중립,팽이도지,잔구간,0.49,-0.005,2026-09-21
INDI,1.0,3.21,5218672,5074051,16.75,18.34,0.9,2.0,2.6,중립,양봉,잔구간,0.8,0.53,2026-09-21
UEC,1.0,10.08,8200402,8627874,82.66,92.28,0.9,3.2,-0.4,매도주의,위꼬리음봉,잔구간,0.25,-0.9,2026-09-21
UNG,1.0,10.26,21351241,21964109,219.06,192.97,1.1,-1.1,-0.4,매도주의,위꼬리음봉,잔구간,0.17,-0.95,2026-09-21
UNHG,1.0,18.218,588198,568380,10.72,11.7,0.9,1.0,-0.6,강한매수,망치형,완만한상승,0.78,2.24,2026-09-21
DHC,1.0,8.12,2076118,2016632,16.86,17.38,1.0,0.5,0.9,매수관심,양봉,완만한상승,0.63,1.76,2026-09-21
BTG,1.0,5.36,19687406,19598680,105.52,116.25,0.9,-0.1,-2.3,중립,음봉,잔구간,0.38,-0.42,2026-09-21
BTQ,1.0,2.87,2158409,2098107,6.19,6.11,1.0,3.1,6.7,강한매수,장대양봉,완만한상승,0.91,3.39,2026-09-21
NNBR,1.0,3.35,1194205,1214769,4.0,4.21,0.9,2.4,-1.2,중립,망치형,잔구간,0.67,0.6,2026-09-21
BIZD,1.0,13.17,2265351,2352289,29.83,34.82,0.9,0.2,0.5,매수관심,양봉,완만한상승,0.65,1.78,2026-09-21
MFIC,1.0,9.06,418259,406254,3.79,4.65,0.8,1.0,-0.5,중립,음봉,완만한상승,0.48,0.18,2026-09-21
ALMU,1.0,13.61,1055216,1110227,14.36,10.24,1.4,3.1,3.7,강한매수,양봉,완만한상승,0.87,2.04,2026-09-21
ALTO,1.0,3.91,1060062,1036378,4.14,4.69,0.9,-0.5,-1.8,중립,음봉,수횡파,0.13,-0.54,2026-09-21
ALXO,1.0,1.66,849657,850476,1.41,2.1,0.7,1.2,-3.5,매도주의,장대음봉,전저점부근,0.14,-1.68,2026-09-21
CTNM,1.0,13.55,638481,656501,8.65,8.83,1.0,1.2,-1.0,중립,음봉,완만한상승,0.24,-0.11,2026-09-21
CNH,1.0,13.48,15848948,15642928,213.64,264.13,0.8,1.2,-1.0,중립,음봉,완만한상승,0.13,-0.24,2026-09-21
QTEX,1.0,0.856,1317390,1317475,1.13,1.15,1.0,-3.0,0.3,중립,팽이도지,잔구간,0.48,-0.01,2026-09-21
CGNT,1.0,8.53,666087,667067,5.68,6.78,0.8,0.8,0.6,매수관심,양봉,완만한상승,0.8,1.96,2026-09-21
CHA,1.0,12.22,989335,990764,12.09,17.8,0.7,0.2,1.4,매수관심,양봉,수횡파,0.56,1.37,2026-09-21
OSUR,1.0,3.69,627483,616624,2.32,2.36,1.0,0.3,3.4,강한매수,장대양봉,전고점돌파,0.73,3.78,2026-09-21
IRE,1.0,12.39,5610934,5879114,69.52,66.88,1.0,4.9,-2.5,중립,음봉,전고점돌파,0.35,0.62,2026-09-21
ENOV,1.0,18.04,2593888,2651915,46.79,45.88,1.0,0.8,-0.8,강한매수,망치형,완만한상승,0.8,2.26,2026-09-21
BLMN,1.0,8.43,2505658,2620895,21.12,19.06,1.1,0.7,3.7,강한매수,양봉,완만한상승,0.96,2.15,2026-09-21
DOMO,1.0,3.72,1313004,1265596,4.88,5.96,0.8,1.1,-2.1,매도주의,음봉,전저점이탈,0.41,-1.56,2026-09-21
DYN,1.0,17.12,3219973,3113150,55.13,92.67,0.6,1.2,-1.1,중립,팽이도지,잔구간,0.44,-0.035,2026-09-21
ECC,1.0,3.6,913133,901274,3.29,3.11,1.1,-0.8,0.0,중립,팽이도지,잔구간,0.5,0.0,2026-09-21
NEXA,1.0,12.86,823803,864900,10.59,11.79,0.9,0.2,-1.4,중립,음봉,잔구간,0.33,-0.45,2026-09-21
BXMT,1.0,13.27,2063572,2166924,27.38,35.03,0.8,1.0,-1.0,중립,음봉,잔구간,0.35,-0.44,2026-09-21
EDIT,1.0,2.83,2490534,2478592,7.05,10.44,0.7,2.2,2.5,매수관심,양봉,완만한상승,0.69,1.83,2026-09-21
CNNE,1.0,15.23,557739,578125,8.49,9.19,0.9,0.6,1.2,매수관심,양봉,완만한상승,0.75,1.9,2026-09-21
CODI,1.0,11.21,424484,430749,4.76,6.62,0.7,0.7,0.9,매수관심,팽이도지,완만한상승,0.58,1.0,2026-09-21
CORZ,1.0,18.36,11366385,11843545,208.69,199.23,1.0,-0.4,2.5,중립,양봉,전고점부근,0.72,0.51,2026-09-21
QID,1.0,13.28,34725164,33442533,461.15,453.69,1.0,-2.1,-3.8,강한매도,장대음봉,전저점이탈,0.12,-3.21,2026-09-21
INO,1.0,1.24,2723325,2815787,3.38,3.59,0.9,0.0,0.0,중립,팽이도지,잔구간,0.38,-0.07,2026-09-21
IART,1.0,15.59,1064157,1109749,16.59,17.4,1.0,-1.1,3.5,강한매수,장대양봉,완만한상승,0.92,3.4,2026-09-21
GENB,1.0,17.38,1393878,1457462,24.23,19.87,1.2,1.9,-0.5,매수관심,팽이도지,완만한상승,0.48,0.88,2026-09-21
EFC,1.0,12.61,1333408,1317967,16.81,17.52,1.0,0.5,0.9,매수관심,장대양봉,잔구간,0.78,1.17,2026-09-21
EGAN,1.0,5.77,303563,314009,1.75,2.45,0.7,0.7,6.9,강한매수,장대양봉,전고점돌파,0.9,3.98,2026-09-21
MPT,1.0,3.65,14176883,13537514,51.75,46.44,1.1,1.5,5.8,매수관심,장대양봉,잔구간,0.87,1.22,2026-09-21
MQY,1.0,10.35,864009,874114,8.94,9.47,0.9,0.4,-0.4,중립,음봉,완만한상승,0.29,-0.05,2026-09-21
MRLN,1.0,1.86,4851691,4759116,9.02,8.5,1.1,2.6,-7.0,중립,음봉,잔구간,0.19,-0.535,2026-09-21
SNDG,1.0,10.84,6150165,5963236,66.67,69.69,1.0,4.4,-6.6,매도주의,장대음봉,잔구간,0.31,-1.115,2026-09-21
SKHX,1.0,17.81,1758244,1680763,31.31,34.82,0.9,1.0,0.0,매수관심,팽이도지,완만한상승,0.64,1.07,2026-09-21
BSCV,1.0,15.955,433490,425006,6.92,8.61,0.8,-0.1,-0.1,매도주의,음봉,전저점이탈,0.5,-1.45,2026-09-21
SMCY,1.0,5.5,1604190,1559530,8.82,9.05,1.0,2.1,1.7,강한매수,양봉,전고점돌파,0.72,2.46,2026-09-21
BLZE,1.0,13.6,1473766,1503647,20.04,22.9,0.9,1.5,1.8,매수관심,양봉,완만한상승,0.69,1.83,2026-09-21
PTEN,1.0,11.42,8796348,8517626,100.45,108.91,0.9,-1.2,-1.9,강한매도,장대음봉,전저점이탈,0.34,-2.94,2026-09-21
VOD,1.0,17.02,3311650,3356502,56.36,62.19,0.9,0.6,-0.2,매수관심,망치형,완만한상승,0.57,1.98,2026-09-21
VTS,1.0,16.88,653135,623940,11.02,12.1,0.9,-1.3,-2.4,강한매도,장대음봉,전저점이탈,0.19,-3.12,2026-09-21
VVR,1.0,2.87,784142,751506,2.25,2.22,1.0,0.0,-0.3,중립,음봉,잔구간,0.36,-0.435,2026-09-21
HL,1.0,18.35,42011861,42005461,770.92,662.53,1.2,0.3,-3.3,중립,음봉,잔구간,0.42,-0.4,2026-09-21
HOPE,1.0,13.82,854874,823464,11.81,12.81,0.9,0.1,-1.1,매도주의,장대음봉,잔구간,0.08,-1.25,2026-09-21
HPP,1.0,12.26,641213,663886,7.86,7.22,1.1,1.2,5.2,매수관심,장대양봉,잔구간,0.84,1.205,2026-09-21
WB,1.0,6.735,1091938,1100892,7.35,7.39,1.0,1.2,1.7,강한매수,양봉,전고점돌파,0.93,2.72,2026-09-21
VISN,1.0,6.48,7432297,7423499,48.16,58.25,0.8,-0.2,-1.2,중립,음봉,잔구간,0.33,-0.45,2026-09-21
VLY,1.0,13.4,6896739,6928512,92.42,94.09,1.0,0.1,-1.5,매도주의,장대음봉,잔구간,0.13,-1.22,2026-09-21
HSLV,1.0,5.7,627516,633229,3.58,3.36,1.1,0.9,2.7,매수관심,장대양봉,잔구간,1.0,1.3,2026-09-21
BPRE,1.0,11.92,784823,776614,9.36,9.38,1.0,0.5,-0.4,중립,음봉,완만한상승,0.24,-0.11,2026-09-21
MSOS,1.0,4.94,3865415,3916887,19.1,20.35,0.9,0.6,0.2,중립,팽이도지,완만한상승,0.39,0.77,2026-09-21
MUZ,1.0,7.25,8612375,8576565,62.44,71.6,0.9,-5.7,0.3,중립,팽이도지,전저점이탈,0.61,-0.62,2026-09-21
SGMT,1.0,10.8,753262,746063,8.14,10.62,0.8,1.0,-3.6,매도주의,장대음봉,잔구간,0.26,-1.145,2026-09-21
ENGS,1.0,2.83,752586,753263,2.13,5.36,0.4,0.0,0.4,매수관심,팽이도지,완만한상승,0.71,1.15,2026-09-21
MYI,1.0,10.02,482719,506972,4.84,4.65,1.0,0.0,-0.9,매도주의,장대음봉,잔구간,0.17,-1.2,2026-09-21
NB,1.0,3.72,2523315,2450649,9.39,9.53,1.0,3.9,0.0,중립,팽이도지,잔구간,0.45,-0.03,2026-09-21
GTM,1.0,3.9,5119977,5360154,19.97,23.2,0.9,0.0,2.1,강한매수,장대양봉,완만한상승,0.62,3.04,2026-09-21
AEVA,1.0,15.28,1299262,1337554,19.85,22.64,0.9,4.3,-1.0,중립,음봉,완만한상승,0.32,-0.02,2026-09-21
ABOS,1.0,2.59,395179,381776,1.02,1.22,0.8,-0.8,-1.5,중립,음봉,잔구간,0.39,-0.415,2026-09-21
AGNC,1.0,9.97,29906330,30270306,298.17,466.94,0.6,0.5,0.5,중립,양봉,잔구간,0.65,0.44,2026-09-21
ABCL,1.0,12.66,4426943,4496579,56.05,49.48,1.1,2.0,-1.7,중립,음봉,완만한상승,0.49,0.19,2026-09-21
GSBD,0.9,9.8,733477,803425,7.19,8.28,0.9,0.0,1.0,매수관심,양봉,완만한상승,0.63,1.76,2026-09-21
HBNC,0.9,19.37,480266,526017,9.3,10.47,0.9,0.1,-0.6,중립,음봉,잔구간,0.0,-0.65,2026-09-21
HAYW,0.9,12.88,3287865,3564691,42.35,47.65,0.9,0.5,-1.4,중립,음봉,잔구간,0.39,-0.415,2026-09-21
AESI,0.9,13.27,2405844,2613938,31.93,41.3,0.8,-0.1,-2.0,중립,음봉,잔구간,0.49,-0.355,2026-09-21
AEHG,0.9,8.53,1219451,1300992,10.4,12.08,0.9,7.3,0.0,매수관심,팽이도지,완만한상승,0.65,1.08,2026-09-21
ADTN,0.9,7.21,1498426,1737981,10.8,13.6,0.8,1.5,-1.4,중립,음봉,완만한상승,0.52,0.22,2026-09-21
WLTH,0.9,10.06,3314212,3764070,33.34,55.51,0.6,0.5,-0.9,매도주의,위꼬리음봉,잔구간,0.24,-0.905,2026-09-21
PLTK,0.9,2.31,1031971,1124671,2.38,2.85,0.8,0.5,4.1,매수관심,장대양봉,잔구간,0.7,1.12,2026-09-21
PL,0.9,17.07,8833223,9529716,150.78,241.54,0.6,1.6,2.3,매수관심,장대양봉,잔구간,0.73,1.14,2026-09-21
PINS,0.9,19.36,11889745,13291504,230.19,333.1,0.7,0.8,3.3,강한매수,장대양봉,완만한상승,0.84,3.31,2026-09-21
XPOF,0.9,3.88,651186,749655,2.53,3.4,0.7,1.4,4.9,매수관심,장대양봉,잔구간,0.91,1.245,2026-09-21
HAWK,0.9,16.26,1065488,1244452,17.32,26.76,0.6,0.2,-0.3,중립,팽이도지,잔구간,0.36,-0.085,2026-09-21
DXD,0.9,17.48,2449460,2861010,42.82,47.63,0.9,-1.5,0.1,중립,위꼬리양봉,잔구간,0.16,-0.705,2026-09-21
DUOT,0.9,8.86,529958,585853,4.7,5.96,0.8,2.5,1.3,강한매수,양봉,전고점돌파,0.82,2.58,2026-09-21
SHNY,0.9,9.21,988890,1060361,9.11,11.76,0.8,-1.1,-1.4,중립,음봉,잔구간,0.46,-0.375,2026-09-21
BMNZ,0.9,3.82,4797284,5126299,18.33,22.7,0.8,-12.1,-5.9,매도주의,음봉,전저점이탈,0.07,-1.97,2026-09-21
SMMT,0.9,16.9,5780847,6111438,97.7,115.87,0.8,3.1,-8.2,매도주의,장대음봉,잔구간,0.15,-1.21,2026-09-21
BSCR,0.9,19.55,548808,632783,10.73,12.98,0.8,-0.3,-0.1,강한매도,장대음봉,전저점이탈,0.0,-3.35,2026-09-21
SLDB,0.9,8.54,1170809,1353975,10.0,12.44,0.8,1.3,-5.4,매도주의,장대음봉,잔구간,0.03,-1.28,2026-09-21
SONO,0.9,16.36,1628329,1814741,26.64,35.24,0.8,1.5,3.7,강한매수,장대양봉,전고점돌파,0.88,3.96,2026-09-21
BRBR,0.9,8.95,2243557,2549059,20.08,27.51,0.7,-0.1,-0.2,중립,팽이도지,잔구간,0.39,-0.065,2026-09-21
MORT,0.9,9.12,1460195,1709107,13.32,12.81,1.0,0.7,0.3,중립,양봉,잔구간,0.58,0.4,2026-09-21
MNTN,0.9,11.36,511917,559789,5.82,9.48,0.6,1.2,-0.6,중립,망치형,잔구간,0.71,0.625,2026-09-21
ERY,0.9,9.26,14856456,16596203,137.57,146.0,0.9,2.1,2.5,강한매수,장대양봉,전고점돌파,0.96,4.05,2026-09-21
ERII,0.9,7.03,985904,1111347,6.93,8.16,0.8,0.1,0.4,매수관심,양봉스프링,잔구간,0.75,0.9,2026-09-21
ELDN,0.9,2.69,609849,688583,1.64,2.16,0.8,4.6,-1.8,중립,음봉,잔구간,0.67,-0.25,2026-09-21
NKLR,0.9,4.13,504982,563117,2.09,3.35,0.6,3.8,0.0,중립,위꼬리양봉,잔구간,0.2,-0.68,2026-09-21
NFGC,0.9,1.76,937316,1073577,1.65,2.05,0.8,0.5,-4.9,매도주의,장대음봉,잔구간,0.1,-1.24,2026-09-21
NEXT,0.9,7.02,2155324,2332365,15.13,17.4,0.9,-0.3,2.5,중립,양봉,잔구간,0.78,0.52,2026-09-21
NEXN,0.9,8.87,412664,467321,3.66,4.34,0.8,0.8,1.0,중립,양봉,잔구간,0.88,0.58,2026-09-21
NEOV,0.9,3.4,1041303,1130476,3.54,3.99,0.9,0.9,-1.2,매도주의,위꼬리음봉,잔구간,0.15,-0.96,2026-09-21
DQ,0.9,12.0,677636,757453,8.13,9.03,0.9,0.0,-0.6,중립,팽이도지,잔구간,0.49,-0.005,2026-09-21
SPCF,0.9,17.13,1075411,1244340,18.42,24.95,0.7,2.7,-3.7,중립,음봉,잔구간,0.03,-0.63,2026-09-21
BLDP,0.9,2.22,1992782,2255217,4.42,7.87,0.6,1.4,0.9,매수관심,양봉스프링,잔구간,0.88,0.98,2026-09-21
EPRX,0.9,8.64,314186,344998,2.71,5.4,0.5,1.7,-1.0,중립,음봉,완만한상승,0.5,0.2,2026-09-21
MH,0.9,13.26,454054,528883,6.02,6.35,0.9,-0.1,3.2,강한매수,장대양봉,완만한상승,0.92,3.4,2026-09-21
BIT,0.9,11.63,371968,436738,4.33,4.79,0.9,0.0,-0.1,중립,망치형,잔구간,0.67,0.6,2026-09-21
SOUN,0.9,6.17,17839216,19352989,110.07,146.25,0.8,2.7,1.3,중립,양봉,잔구간,0.75,0.5,2026-09-21
NNDM,0.9,1.55,1464404,1716816,2.27,3.05,0.7,0.6,-1.9,매도주의,장대음봉,잔구간,0.0,-1.3,2026-09-21
BV,0.9,10.64,922249,1011998,9.81,10.78,0.9,1.0,-1.1,매도주의,장대음봉,전저점부근,0.28,-1.51,2026-09-21
BULL,0.9,8.25,14778751,17116891,121.92,126.49,1.0,3.9,-3.7,매도주의,장대음봉,잔구간,0.09,-1.245,2026-09-21
BTE,0.9,4.67,16027371,17760332,74.85,83.14,0.9,-1.7,-1.9,매도주의,음봉,전저점이탈,0.33,-1.65,2026-09-21
METC,0.9,9.37,1905541,2119748,17.85,22.93,0.8,1.2,0.4,중립,위꼬리양봉,잔구간,0.24,-0.655,2026-09-21
MEI,0.9,13.4,478438,559038,6.41,9.95,0.6,3.0,-2.0,중립,음봉,완만한상승,0.15,-0.22,2026-09-21
MDXG,0.9,4.81,915909,1045343,4.41,6.25,0.7,0.4,0.4,매수관심,팽이도지,전고점돌파,0.67,1.7,2026-09-21
MCHB,0.9,15.27,369174,396854,5.64,8.91,0.6,0.1,-1.0,중립,음봉,수횡파,0.3,-0.34,2026-09-21
MCFT,0.9,19.68,345078,379185,6.79,7.29,0.9,1.0,-1.6,중립,음봉,잔구간,0.53,-0.33,2026-09-21
MBLY,0.9,7.99,4662888,5165710,37.26,40.86,0.9,1.7,-2.1,매도주의,장대음봉,잔구간,0.23,-1.16,2026-09-21
EVLV,0.9,4.93,2242542,2540655,11.06,12.41,0.9,1.6,-3.1,매도주의,장대음봉,잔구간,0.11,-1.235,2026-09-21
SSPC,0.9,8.79,13370033,14079742,117.52,133.74,0.9,-2.6,3.7,강한매수,양봉,완만한상승,0.95,2.14,2026-09-21
SRTA,0.9,5.4,573610,671146,3.1,3.99,0.8,1.1,0.0,매수관심,팽이도지,완만한상승,0.53,0.94,2026-09-21
SPCU,0.9,13.67,1246143,1358341,17.03,19.29,0.9,2.5,-3.7,중립,음봉,잔구간,0.05,-0.62,2026-09-21
BBAI,0.9,2.9,13791431,16178566,40.0,44.66,0.9,2.5,1.0,매수관심,양봉,완만한상승,0.78,1.94,2026-09-21
STLN,0.9,6.83,1253247,1446328,8.56,10.23,0.8,0.3,-2.1,중립,음봉,잔구간,0.32,-0.46,2026-09-21
BFRI,0.9,1.16,923591,1015885,1.07,1.45,0.7,0.0,-12.1,매도주의,장대음봉,전저점부근,0.11,-1.72,2026-09-21
BDN,0.9,2.93,1771901,1916799,5.19,5.99,0.9,1.7,-0.7,중립,음봉,완만한상승,0.5,0.2,2026-09-21
NTST,0.9,18.15,1303742,1519220,23.66,26.62,0.9,0.4,-0.5,중립,음봉,잔구간,0.36,-0.435,2026-09-21
NTSK,0.9,18.4,8104076,9208159,149.12,136.94,1.1,0.5,4.7,강한매수,장대양봉,전고점돌파,0.98,4.08,2026-09-21
NTLA,0.9,12.22,3738743,4290849,45.69,53.15,0.9,3.0,-2.2,중립,음봉,완만한상승,0.16,-0.21,2026-09-21
NRDS,0.9,9.08,596671,689226,5.42,6.8,0.8,1.1,-0.8,중립,음봉,완만한상승,0.62,0.34,2026-09-21
NPKI,0.9,12.48,652066,748258,8.14,9.16,0.9,0.5,-2.5,강한매도,장대음봉,전저점이탈,0.04,-3.3,2026-09-21
SBRA,0.9,19.87,2014517,2243191,40.03,54.66,0.7,0.2,0.5,중립,위꼬리양봉,잔구간,0.43,-0.54,2026-09-21
SAN,0.9,14.62,6225181,6691053,91.01,100.76,0.9,2.0,0.2,매수관심,양봉스프링,잔구간,0.82,0.94,2026-09-21
SABS,0.9,3.39,379102,413429,1.29,1.68,0.8,0.0,-3.4,매도주의,장대음봉,잔구간,0.0,-1.3,2026-09-21
CAPR,0.9,8.9,2419019,2646850,21.53,24.53,0.9,0.9,-2.6,중립,음봉,잔구간,0.14,-0.565,2026-09-21
EYPT,0.9,4.02,3861464,4429752,15.52,15.99,1.0,0.5,3.9,중립,양봉,잔구간,0.73,0.49,2026-09-21
LULG,0.9,4.231,629956,699041,2.67,6.45,0.4,0.8,5.5,강한매수,장대양봉,완만한상승,0.71,3.15,2026-09-21
LTRX,0.9,6.18,1179730,1261561,7.29,7.38,1.0,1.9,3.7,중립,양봉,전고점부근,0.74,0.54,2026-09-21
TDAY,0.9,6.39,1917816,2106254,12.25,14.1,0.9,0.3,2.1,중립,양봉,잔구간,0.78,0.52,2026-09-21
TARA,0.9,3.51,735465,818132,2.58,3.73,0.7,1.1,-2.2,중립,음봉,잔구간,0.19,-0.535,2026-09-21
SVV,0.9,9.22,1114947,1193555,10.28,11.28,0.9,0.9,1.1,매수관심,양봉,완만한상승,0.53,1.64,2026-09-21
NXDR,0.9,2.64,2471591,2893628,6.53,6.1,1.1,0.8,5.2,강한매수,장대양봉,전고점돌파,1.0,4.1,2026-09-21
DLO,0.9,14.31,1151938,1324273,16.48,21.68,0.8,0.9,-0.2,매도주의,위꼬리음봉,잔구간,0.09,-0.995,2026-09-21
RSKD,0.9,6.35,770748,818149,4.89,6.95,0.7,2.3,0.0,중립,팽이도지,전고점부근,0.65,-0.27,2026-09-21
FPSX,0.9,4.4,539011,626893,2.37,1.99,1.2,4.2,-12.2,매도주의,장대음봉,잔구간,0.19,-1.185,2026-09-21
FPI,0.9,10.95,436517,466696,4.78,5.89,0.8,0.3,0.5,매수관심,양봉,완만한상승,0.65,1.78,2026-09-21
FPEI,0.9,18.885,325008,371986,6.14,7.44,0.8,0.2,0.1,강한매수,장대양봉,완만한상승,1.0,3.5,2026-09-21
AVPT,0.9,13.36,1904050,2087863,25.44,24.95,1.0,0.8,0.5,중립,팽이도지,잔구간,0.58,0.05,2026-09-21
AVEX,0.9,16.51,942209,1096278,15.56,20.81,0.7,0.9,1.0,중립,위꼬리양봉,완만한상승,0.33,-0.3,2026-09-21
AURA,0.9,6.36,819096,873618,5.21,6.91,0.8,1.2,-2.5,매도주의,음봉,전저점이탈,0.38,-1.59,2026-09-21
TFSL,0.9,16.82,561056,636335,9.44,12.72,0.7,0.5,-1.0,매도주의,장대음봉,잔구간,0.05,-1.27,2026-09-21
TENX,0.9,1.88,2141297,2505245,4.03,8.79,0.5,-1.1,0.0,중립,팽이도지,잔구간,0.33,-0.1,2026-09-21
FLYW,0.9,17.125,1096650,1219558,18.78,23.2,0.8,0.9,-2.1,강한매도,장대음봉,전저점이탈,0.08,-3.25,2026-09-21
LBRT,0.9,18.85,2807997,3196104,52.93,68.41,0.8,-0.6,-1.9,중립,음봉,전저점부근,0.39,-0.08,2026-09-21
LADR,0.9,9.45,1174222,1316443,11.1,12.36,0.9,0.6,-0.4,매도주의,위꼬리음봉,잔구간,0.19,-0.935,2026-09-21
TNDM,0.9,17.62,2101592,2251208,37.03,36.97,1.0,0.8,3.6,중립,양봉,잔구간,0.83,0.55,2026-09-21
TLYS,0.9,3.93,608961,672341,2.39,4.08,0.6,-1.9,-3.2,강한매도,장대음봉,전저점이탈,0.1,-3.23,2026-09-21
AVS,0.9,8.01,8759088,10238480,70.16,92.98,0.8,-0.6,-1.1,중립,음봉,잔구간,0.09,-0.595,2026-09-21
DAIC,0.9,3.6,2023168,2268206,7.28,65.06,0.1,2.8,-1.4,매도주의,위꼬리음봉,잔구간,0.05,-1.02,2026-09-21
CXDO,0.9,5.79,331453,353740,1.92,2.02,0.9,1.4,1.4,강한매수,장대양봉,완만한상승,0.92,3.4,2026-09-21
CERT,0.9,8.52,1896851,2190733,16.16,21.07,0.8,0.8,0.4,매수관심,팽이도지,완만한상승,0.44,0.83,2026-09-21
CCXI,0.9,13.58,2363445,2735003,32.1,30.13,1.1,1.0,4.2,강한매수,장대양봉,전고점돌파,0.93,4.02,2026-09-21
ORCU,0.9,7.78,4808502,5149437,37.41,58.98,0.6,2.0,-0.6,중립,망치형,잔구간,0.63,0.58,2026-09-21
KYTX,0.9,7.12,678463,718689,4.83,5.43,0.9,1.7,-1.8,중립,음봉,잔구간,0.48,-0.36,2026-09-21
KVYO,0.9,15.82,5610525,6162497,88.76,112.76,0.8,0.7,1.9,중립,양봉,잔구간,1.0,0.65,2026-09-21
KRNY,0.9,9.58,411164,454367,3.94,4.88,0.8,1.0,-0.8,매도주의,장대음봉,완만한상승,0.08,-1.6,2026-09-21
KOS,0.9,2.63,12664723,14872897,33.31,36.68,0.9,-3.8,0.2,중립,팽이도지,전저점이탈,0.62,-0.61,2026-09-21
ASPI,0.9,3.18,3601168,4234049,11.45,17.37,0.7,5.6,-0.9,매도주의,위꼬리음봉,잔구간,0.19,-0.935,2026-09-21
ASM,0.9,6.18,3239364,3441957,20.02,27.12,0.7,0.8,-3.9,매도주의,장대음봉,잔구간,0.15,-1.21,2026-09-21
TRX,0.9,1.32,3873717,4540798,5.11,5.66,0.9,0.8,1.5,매수관심,양봉,완만한상승,0.71,1.85,2026-09-21
KLC,0.9,2.29,508442,581128,1.16,1.42,0.8,0.0,2.2,강한매수,양봉,완만한상승,0.92,2.1,2026-09-21
ARKO,0.9,4.24,708059,776005,3.0,4.92,0.6,1.2,-0.7,중립,음봉,잔구간,0.39,-0.415,2026-09-21
ARIS,0.9,19.03,1246646,1369814,23.72,26.67,0.9,0.7,-2.6,매도주의,장대음봉,잔구간,0.28,-1.13,2026-09-21
JBS,0.9,12.03,4356679,4605857,52.41,60.4,0.9,1.2,-0.6,중립,망치형,잔구간,0.69,0.615,2026-09-21
JBLU,0.9,4.57,16340045,19087389,74.67,87.0,0.9,2.7,1.8,강한매수,양봉,전고점돌파,0.94,2.73,2026-09-21
FRVO,0.9,16.83,4089347,4438487,68.82,93.44,0.7,2.1,-2.5,중립,음봉,잔구간,0.22,-0.52,2026-09-21
FRNM,0.9,16.6,588227,647077,9.76,19.11,0.5,0.5,-3.4,매도주의,장대음봉,잔구간,0.0,-1.3,2026-09-21
OLN,0.9,16.54,2641025,2796629,43.68,46.54,0.9,0.0,-1.8,매도주의,음봉,전저점이탈,0.37,-1.61,2026-09-21
RITM,0.9,9.55,4677470,4939129,44.67,53.64,0.8,1.0,1.2,강한매수,장대양봉,완만한상승,0.94,3.43,2026-09-21
RGTX,0.9,10.54,864123,924425,9.11,10.33,0.9,6.3,2.7,강한매수,양봉,전고점돌파,0.96,2.75,2026-09-21
REAL,0.9,9.655,2003851,2251169,19.35,21.86,0.9,0.6,1.5,중립,양봉,잔구간,0.68,0.46,2026-09-21
PACK,0.9,4.03,536609,587427,2.16,2.03,1.1,1.3,0.0,중립,팽이도지,잔구간,0.63,0.08,2026-09-21
OWL,0.9,10.02,14083907,16004395,141.12,195.2,0.7,2.2,-0.4,중립,망치형,잔구간,0.68,0.61,2026-09-21
IQMX,0.9,10.26,362321,425011,3.72,4.07,0.9,3.2,4.2,강한매수,양봉,완만한상승,0.84,2.01,2026-09-21
AMTM,0.9,19.9,1343077,1508656,26.73,36.5,0.7,0.4,1.1,매수관심,양봉,완만한상승,0.7,1.84,2026-09-21
AMPX,0.9,9.61,4092977,4557833,39.33,43.75,0.9,3.2,-1.9,중립,음봉,잔구간,0.28,-0.48,2026-09-21
UNIT,0.9,9.46,1673792,1822619,15.83,20.61,0.8,1.2,-1.0,중립,음봉,완만한상승,0.39,0.07,2026-09-21
ULCC,0.9,6.12,2187342,2555353,13.39,14.54,0.9,2.7,2.3,강한매수,양봉,전고점돌파,0.75,2.5,2026-09-21
VFF,0.9,2.88,435477,498651,1.25,1.72,0.7,0.0,1.4,매수관심,양봉,완만한상승,0.57,1.68,2026-09-21
VERX,0.9,12.08,1212505,1423636,14.65,18.64,0.8,0.0,1.0,중립,양봉,잔구간,0.74,0.495,2026-09-21
UWMC,0.9,1.26,12489148,13664564,15.74,14.96,1.1,1.6,-0.8,중립,팽이도지,잔구간,0.58,0.05,2026-09-21
AOD,0.9,10.56,373685,419866,3.95,3.76,1.1,0.7,-0.1,매수관심,팽이도지,완만한상승,0.44,0.83,2026-09-21
OVID,0.9,2.71,1183519,1313922,3.21,4.74,0.7,1.5,-0.7,매수관심,팽이도지,완만한상승,0.55,0.96,2026-09-21
RARE,0.9,14.65,5270376,5792106,77.21,102.2,0.8,0.5,0.5,중립,팽이도지,잔구간,0.51,0.005,2026-09-21
CNDT,0.9,1.63,816351,939019,1.33,1.94,0.7,0.6,0.6,중립,위꼬리양봉,완만한상승,0.36,-0.27,2026-09-21
CMBT,0.9,19.66,994374,1052851,19.55,22.09,0.9,-2.7,-0.5,매도주의,위꼬리음봉,잔구간,0.06,-1.015,2026-09-21
CWK,0.9,12.9,1465921,1596115,18.91,23.13,0.8,1.6,2.4,중립,양봉,잔구간,0.84,0.555,2026-09-21
CTKB,0.9,5.28,1254764,1360523,6.63,6.56,1.0,0.4,-0.8,중립,망치형,잔구간,0.67,0.6,2026-09-21
GLOO,0.9,4.83,2092808,2290842,10.11,7.53,1.3,3.1,-4.0,중립,음봉,잔구간,0.55,-0.32,2026-09-21
IMMR,0.9,7.35,347697,391946,2.56,3.27,0.8,0.8,1.1,중립,양봉,잔구간,0.89,0.585,2026-09-21
INTR,0.9,5.57,3311902,3682269,18.45,24.13,0.8,2.2,1.8,중립,양봉,잔구간,0.75,0.5,2026-09-21
INR,0.9,12.74,417244,440228,5.32,4.9,1.1,-1.7,1.9,중립,양봉,잔구간,0.83,0.55,2026-09-21
CRSR,0.9,13.52,1055963,1186439,14.28,14.17,1.0,2.3,-1.2,중립,음봉,완만한상승,0.43,0.12,2026-09-21
PAX,0.9,10.38,1055492,1149424,10.96,12.69,0.9,1.3,2.5,매수관심,장대양봉,잔구간,0.95,1.27,2026-09-21
PATH,0.9,13.59,46944952,54900289,637.98,867.99,0.7,1.2,0.3,중립,팽이도지,잔구간,0.43,-0.04,2026-09-21
CLVT,0.9,1.93,4647565,5430980,8.97,9.98,0.9,0.0,2.1,매수관심,양봉,수횡파,0.59,1.41,2026-09-21
CLM,0.9,6.35,2739395,2982017,17.4,15.13,1.2,0.3,0.5,중립,양봉,잔구간,0.62,0.42,2026-09-21
COTY,0.9,2.51,4800524,5383190,12.05,14.22,0.8,0.8,2.4,중립,양봉,잔구간,0.92,0.6,2026-09-21
PTY,0.9,11.25,1880983,2023948,21.16,19.89,1.1,0.2,-0.3,중립,망치형,잔구간,0.6,0.56,2026-09-21
ALIT,0.9,11.91,378194,405907,4.5,5.48,0.8,-1.5,2.8,강한매수,장대양봉,완만한상승,0.7,3.14,2026-09-21
AI,0.9,10.84,4236939,4805906,45.93,56.22,0.8,1.9,1.5,매수관심,양봉,완만한상승,0.73,1.88,2026-09-21
HTLD,0.9,11.64,759136,848746,8.84,10.15,0.9,0.7,-2.6,매도주의,음봉,전저점이탈,0.44,-1.52,2026-09-21
HTGC,0.9,17.37,1079135,1137339,18.74,23.65,0.8,0.9,-0.7,매도주의,장대음봉,완만한상승,0.03,-1.66,2026-09-21
GOGO,0.9,2.51,1144784,1219139,2.87,4.54,0.6,1.6,1.6,중립,양봉,잔구간,0.5,0.35,2026-09-21
GOF,0.9,8.63,2889684,3295759,24.94,27.75,0.9,-0.2,0.1,매수관심,양봉스프링,잔구간,0.92,1.0,2026-09-21
AHCO,0.9,5.75,2779906,3023825,15.98,18.66,0.9,0.5,0.2,중립,팽이도지,잔구간,0.53,0.02,2026-09-21
AGPU,0.9,12.58,437670,462899,5.51,4.29,1.3,2.1,1.6,중립,위꼬리양봉,완만한상승,0.21,-0.45,2026-09-21
VNCE,0.9,9.13,644806,750629,5.89,6.36,0.9,-3.1,-12.0,매도주의,장대음봉,잔구간,0.14,-1.215,2026-09-21
WBTN,0.9,11.11,509768,571179,5.66,5.1,1.1,0.5,5.7,강한매수,장대양봉,완만한상승,0.99,3.49,2026-09-21
GNL,0.9,8.74,1706549,1998494,14.92,22.63,0.7,0.9,-1.2,매도주의,음봉,전저점이탈,0.05,-1.99,2026-09-21
GMRS,0.9,11.55,1099069,1227412,12.69,18.35,0.7,-0.7,-7.2,강한매도,장대음봉,전저점이탈,0.06,-3.28,2026-09-21
GMEU,0.9,7.9,540488,610403,4.27,5.13,0.8,1.9,-0.1,매수관심,팽이도지,완만한상승,0.43,0.82,2026-09-21
HPK,0.9,7.95,340857,374890,2.71,5.21,0.5,-2.6,-2.0,매도주의,장대음봉,잔구간,0.21,-1.175,2026-09-21
VTRS,0.9,17.1,6935045,7836142,118.59,138.95,0.9,0.2,0.7,중립,위꼬리양봉,완만한상승,0.48,-0.12,2026-09-21
VRRM,0.9,3.52,7247635,8151057,25.51,34.62,0.7,1.4,-0.3,중립,팽이도지,완만한상승,0.39,0.77,2026-09-21
VOXR,0.9,5.6,347490,378282,1.95,2.44,0.8,0.5,-2.6,매도주의,장대음봉,잔구간,0.37,-1.08,2026-09-21
PD,0.9,14.46,1129441,1268850,16.33,22.66,0.7,1.6,1.7,매수관심,장대양봉,잔구간,1.0,1.3,2026-09-21
PBI,0.9,16.54,1691762,1861459,27.98,34.69,0.8,-0.5,-1.3,매도주의,음봉,전저점이탈,0.2,-1.81,2026-09-21
PRTA,0.9,8.51,363158,387306,3.09,4.4,0.7,0.1,-0.9,매도주의,위꼬리음봉,잔구간,0.15,-0.96,2026-09-21
PRME,0.9,3.19,2946303,3165413,9.4,9.9,0.9,2.2,0.0,중립,팽이도지,잔구간,0.53,0.02,2026-09-21
CRMG,0.9,8.43,1081353,1221787,9.12,13.18,0.7,0.9,-2.1,중립,음봉,전저점부근,0.06,-0.48,2026-09-21
YEXT,0.9,6.42,908017,1005235,5.83,7.51,0.8,0.0,4.6,강한매수,장대양봉,완만한상승,0.88,3.36,2026-09-21
WRD,0.9,5.76,2014473,2317205,11.6,15.06,0.8,1.3,3.4,매수관심,장대양봉,잔구간,0.93,1.26,2026-09-21
XZO,0.9,16.75,306270,325216,5.13,6.85,0.7,0.0,1.1,매수관심,양봉,완만한상승,0.71,1.85,2026-09-21
WVE,0.9,4.255,2372996,2668482,10.1,13.73,0.7,2.1,-4.2,강한매도,장대음봉,전저점이탈,0.22,-3.09,2026-09-21
AAL,0.9,13.57,76858168,81304283,1042.97,954.47,1.1,2.5,2.2,강한매수,양봉,전고점돌파,0.94,2.73,2026-09-21
ABAT,0.9,2.33,3845409,4202020,8.96,8.29,1.1,1.8,5.0,매수관심,장대양봉,잔구간,0.8,1.18,2026-09-21
CPRI,0.8,14.31,5556073,6674239,79.51,103.58,0.8,0.3,-3.3,중립,음봉,잔구간,0.49,-0.355,2026-09-21
ZVRA,0.8,11.67,714954,855833,8.34,11.71,0.7,0.9,-0.4,매수관심,팽이도지,완만한상승,0.42,0.8,2026-09-21
GRFS,0.8,7.36,356734,419689,2.63,2.98,0.9,0.4,0.3,중립,양봉,잔구간,0.54,0.375,2026-09-21
ABEV,0.8,2.98,16714342,20270842,49.81,73.25,0.7,2.0,-0.7,중립,음봉,잔구간,0.25,-0.5,2026-09-21
LUMN,0.8,6.46,11421120,13682043,73.78,96.85,0.8,2.7,-1.7,중립,음봉,잔구간,0.52,-0.34,2026-09-21
FDMT,0.8,15.24,699178,875077,10.66,10.83,1.0,2.3,-2.1,중립,음봉,완만한상승,0.55,0.26,2026-09-21
LYFT,0.8,15.27,7734943,9368823,118.11,175.96,0.7,0.7,0.5,매수관심,팽이도지,완만한상승,0.57,0.98,2026-09-21
MAX,0.8,10.79,713541,925716,7.7,8.22,0.9,1.5,1.3,중립,위꼬리양봉,잔구간,0.4,-0.56,2026-09-21
TDUP,0.8,2.41,1683013,1997982,4.06,6.78,0.6,-0.4,-2.4,매도주의,장대음봉,잔구간,0.33,-1.1,2026-09-21
THM,0.8,2.63,763599,986578,2.01,2.23,0.9,7.7,-6.1,강한매도,장대음봉,전고점부근,0.15,-3.87,2026-09-21
TIGR,0.8,4.89,1574733,1984629,7.7,9.4,0.8,2.1,1.2,중립,양봉,잔구간,0.93,0.61,2026-09-21
TK,0.8,14.36,491533,654165,7.06,8.91,0.8,-1.8,-0.6,매도주의,위꼬리음봉,잔구간,0.25,-0.9,2026-09-21
PRVA,0.8,19.54,980235,1300622,19.15,27.26,0.7,0.1,-1.6,매도주의,음봉,전저점이탈,0.12,-1.91,2026-09-21
PSNL,0.8,16.24,1816252,2341289,29.5,43.84,0.7,-0.1,-0.9,중립,음봉,수횡파,0.4,-0.22,2026-09-21
CORD,0.8,3.08,8062993,9926209,24.83,36.19,0.7,-0.6,-9.1,중립,음봉,잔구간,0.3,-0.47,2026-09-21
CRCD,0.8,1.75,5459028,6847597,9.55,13.85,0.7,-13.2,8.7,중립,양봉,전저점이탈,0.82,0.33,2026-09-21
CRDL,0.8,1.86,1012663,1205382,1.88,2.65,0.7,1.3,-2.1,중립,음봉,잔구간,0.37,-0.43,2026-09-21
CRGY,0.8,13.26,5392130,6903410,71.5,114.01,0.6,-2.0,-2.6,강한매도,장대음봉,전저점이탈,0.11,-3.22,2026-09-21
PLTZ,0.8,8.34,2431109,3089101,20.28,32.67,0.6,-1.3,-4.9,강한매도,장대음봉,전저점이탈,0.03,-3.31,2026-09-21
PMT,0.8,8.88,1724821,2182598,15.32,17.3,0.9,1.1,-0.2,매도주의,위꼬리음봉,잔구간,0.24,-0.905,2026-09-21
LEGN,0.8,18.53,2833023,3362493,52.5,45.97,1.1,1.9,3.2,매수관심,장대양봉,잔구간,0.86,1.215,2026-09-21
MFA,0.8,8.45,1419769,1722489,12.0,14.82,0.8,0.7,0.4,매수관심,팽이도지,완만한상승,0.56,0.97,2026-09-21
BDJ,0.8,9.59,426042,524798,4.09,4.72,0.9,-0.4,0.4,강한매수,장대양봉,완만한상승,1.0,3.5,2026-09-21
BFLY,0.8,8.14,4188203,5355896,34.09,33.4,1.0,1.5,1.8,중립,양봉,전고점부근,0.93,0.77,2026-09-21
BGC,0.8,12.45,3187292,4197482,39.68,49.51,0.8,1.1,0.8,매수관심,양봉,수횡파,0.86,1.73,2026-09-21
MLCO,0.8,4.72,1557437,1880833,7.35,9.7,0.8,0.4,1.3,중립,양봉,잔구간,0.84,0.555,2026-09-21
MNOV,0.8,3.3,673514,814025,2.22,3.59,0.6,-1.2,0.6,중립,팽이도지,잔구간,0.73,0.14,2026-09-21
EPM,0.8,3.56,712884,849409,2.54,2.37,1.1,-4.7,-3.3,매도주의,장대음봉,잔구간,0.08,-1.25,2026-09-21
VSTS,0.8,14.23,1234999,1637616,17.57,26.99,0.7,0.8,2.2,강한매수,양봉,전고점돌파,0.64,2.37,2026-09-21
HLF,0.8,11.92,1007987,1251670,12.02,18.67,0.6,0.3,0.0,중립,팽이도지,잔구간,0.63,0.08,2026-09-21
HLLY,0.8,2.5,1280337,1574937,3.2,4.04,0.8,0.8,-2.3,강한매도,장대음봉,전저점이탈,0.25,-3.05,2026-09-21
CLYM,0.8,13.64,1222282,1477220,16.67,25.55,0.7,0.6,-3.5,매도주의,장대음봉,수횡파,0.14,-1.83,2026-09-21
PAR,0.8,15.17,907969,1096971,13.77,17.19,0.8,1.1,-1.6,중립,음봉,전저점부근,0.25,-0.25,2026-09-21
CSIQ,0.8,11.77,1454311,1903022,17.12,23.45,0.7,2.2,1.0,매수관심,양봉스프링,잔구간,0.95,1.02,2026-09-21
CSQR,0.8,18.25,1189807,1429831,21.71,44.0,0.5,-0.4,2.0,매수관심,양봉,완만한상승,0.55,1.66,2026-09-21
CTOS,0.8,9.38,668280,871423,6.27,8.76,0.7,0.4,0.1,매수관심,팽이도지,전고점돌파,0.6,1.62,2026-09-21
CMCO,0.8,15.53,346645,421041,5.38,7.4,0.7,2.2,-3.5,매도주의,장대음봉,잔구간,0.07,-1.26,2026-09-21
PDI,0.8,14.21,4583298,5592429,65.13,64.34,1.0,0.1,-1.5,매도주의,장대음봉,잔구간,0.04,-1.275,2026-09-21
PEB,0.8,18.23,1595254,1898290,29.08,40.76,0.7,0.8,0.2,강한매수,양봉스프링,완만한상승,0.77,2.72,2026-09-21
PFN,0.8,6.42,593993,716769,3.81,4.05,0.9,0.2,-1.1,강한매도,장대음봉,전저점이탈,0.1,-3.23,2026-09-21
QUAD,0.8,9.5,319522,401175,3.04,4.28,0.7,-0.3,1.1,중립,양봉,잔구간,0.64,0.435,2026-09-21
RCKT,0.8,3.27,1355312,1757807,4.43,5.71,0.8,0.9,-3.8,매도주의,장대음봉,잔구간,0.04,-1.275,2026-09-21
OSG,0.8,4.42,402226,521054,1.78,2.42,0.7,-0.2,-1.6,중립,음봉,전저점부근,0.31,-0.18,2026-09-21
OSS,0.8,9.32,622499,744511,5.8,6.39,0.9,3.6,-0.6,중립,망치형,잔구간,0.75,0.65,2026-09-21
GPRK,0.8,10.78,578239,696061,6.23,15.43,0.4,-0.6,-1.7,강한매도,장대음봉,전저점이탈,0.12,-3.21,2026-09-21
ALEC,0.8,1.93,1281187,1525134,2.47,3.67,0.7,-0.5,1.6,강한매수,양봉,완만한상승,0.84,2.01,2026-09-21
EXG,0.8,9.66,302723,394832,2.92,3.75,0.8,0.7,-0.3,중립,음봉,완만한상승,0.5,0.2,2026-09-21
EXK,0.8,10.13,5818139,7332671,58.94,81.18,0.7,0.9,-1.7,중립,음봉,잔구간,0.61,-0.285,2026-09-21
LPTH,0.8,10.2,2856559,3780073,29.14,34.72,0.8,2.6,0.4,매수관심,팽이도지,완만한상승,0.5,0.9,2026-09-21
TLK,0.8,13.87,747386,895629,10.37,11.48,0.9,0.4,-2.5,강한매도,장대음봉,전저점이탈,0.05,-3.29,2026-09-21
TLS,0.8,4.03,654297,869977,2.64,3.6,0.7,0.7,-1.7,매도주의,장대음봉,잔구간,0.1,-1.24,2026-09-21
LAND,0.8,9.6,444320,543929,4.27,6.81,0.6,-0.1,1.9,강한매수,장대양봉,완만한상승,0.69,3.13,2026-09-21
LCID,0.8,4.3,11096123,14052220,47.71,53.63,0.9,1.7,3.4,중립,양봉,잔구간,0.89,0.585,2026-09-21
FLOC,0.8,19.87,614293,728307,12.21,14.14,0.9,-1.1,-0.8,매도주의,위꼬리음봉,수횡파,0.09,-1.39,2026-09-21
MNR,0.8,10.97,1069688,1366889,11.73,22.64,0.5,-0.4,-1.1,중립,음봉,잔구간,0.35,-0.44,2026-09-21
MRTN,0.8,13.22,744011,934989,9.84,11.37,0.9,0.4,-2.4,강한매도,장대음봉,전저점이탈,0.28,-3.01,2026-09-21
MRVI,0.8,7.17,2300323,2878857,16.49,18.4,0.9,0.4,2.4,매수관심,양봉,완만한상승,0.79,1.95,2026-09-21
RGNX,0.8,7.88,1115691,1329360,8.79,12.0,0.7,2.6,-4.4,매도주의,장대음봉,잔구간,0.22,-1.17,2026-09-21
DCTH,0.8,16.11,365510,450177,5.89,6.31,0.9,0.9,-0.9,중립,음봉,완만한상승,0.63,0.36,2026-09-21
ONDS,0.8,7.38,51627519,66147949,381.01,434.47,0.9,1.6,-1.7,중립,음봉,잔구간,0.12,-0.58,2026-09-21
OPK,0.8,1.69,1781177,2218314,3.01,4.14,0.7,0.0,1.2,강한매수,양봉,전고점돌파,1.0,2.8,2026-09-21
GLAS,0.8,7.94,683892,814048,5.43,5.54,1.0,1.0,-1.4,중립,음봉,수횡파,0.48,-0.12,2026-09-21
VMO,0.8,9.11,334430,403395,3.05,2.92,1.0,-0.1,-1.3,강한매도,장대음봉,전저점이탈,0.0,-3.35,2026-09-21
SNK,0.8,14.47,2180449,2799670,31.55,49.74,0.6,-2.7,3.7,강한매수,양봉,완만한상승,0.97,2.16,2026-09-21
MGNX,0.8,4.12,310497,406698,1.28,1.91,0.7,0.5,-1.0,중립,음봉,잔구간,0.38,-0.42,2026-09-21
TRVI,0.8,14.89,1649387,2077278,24.56,25.22,1.0,0.1,-0.5,중립,팽이도지,잔구간,0.58,0.05,2026-09-21
ARLO,0.8,13.33,826753,1099976,11.02,19.46,0.6,1.1,-0.4,중립,팽이도지,잔구간,0.33,-0.1,2026-09-21
ASC,0.8,18.6,478183,626085,8.89,10.28,0.9,-1.7,-0.7,매도주의,위꼬리음봉,잔구간,0.16,-0.955,2026-09-21
FUBO,0.8,10.3,1316621,1744003,13.56,14.73,0.9,1.5,1.1,강한매수,양봉,완만한상승,0.93,2.12,2026-09-21
CCOI,0.8,9.29,1696808,2047644,15.76,24.64,0.6,1.6,1.5,강한매수,양봉스프링,수횡파,0.83,3.5,2026-09-21
OCSL,0.8,12.46,327593,412664,4.08,5.66,0.7,0.6,-0.2,중립,팽이도지,완만한상승,0.25,0.6,2026-09-21
OCUL,0.8,9.99,2073006,2475083,20.71,26.71,0.8,0.9,-0.9,중립,망치형,잔구간,0.5,0.5,2026-09-21
VALE,0.8,14.15,18050343,23274551,255.41,472.08,0.5,1.4,-1.8,매도주의,장대음봉,잔구간,0.05,-1.27,2026-09-21
ALKT,0.8,18.51,1223649,1460511,22.65,37.1,0.6,0.1,-3.3,매도주의,장대음봉,잔구간,0.07,-1.26,2026-09-21
ALLT,0.8,8.05,338230,429489,2.72,3.25,0.8,1.6,-1.0,중립,음봉,완만한상승,0.55,0.26,2026-09-21
GLUE,0.8,12.26,1128251,1441945,13.83,17.34,0.8,0.6,0.5,매수관심,양봉스프링,잔구간,0.78,0.92,2026-09-21
IMSR,0.8,4.5,1450122,1890974,6.53,8.0,0.8,8.2,0.0,중립,팽이도지,잔구간,0.27,-0.14,2026-09-21
IMXI,0.8,12.27,448124,539257,5.5,6.64,0.8,2.9,-1.2,중립,음봉,잔구간,0.5,-0.35,2026-09-21
INGN,0.8,5.1,350216,414946,1.79,1.69,1.1,0.8,-1.5,매도주의,장대음봉,잔구간,0.24,-1.155,2026-09-21
CIG,0.8,2.15,4776404,6107221,10.27,12.85,0.8,1.4,-0.9,중립,음봉,잔구간,0.0,-0.65,2026-09-21
RDY,0.8,12.4,2386184,2988856,29.59,34.62,0.9,1.5,0.2,매수관심,팽이도지,전고점돌파,0.71,1.75,2026-09-21
SMR,0.8,8.79,35547131,45812617,312.46,400.33,0.8,2.8,3.4,매수관심,장대양봉,잔구간,0.68,1.11,2026-09-21
BNL,0.8,19.28,1428766,1808709,27.55,39.53,0.7,0.7,-0.3,중립,팽이도지,잔구간,0.27,-0.14,2026-09-21
MVST,0.8,0.652,5241597,6620217,3.42,4.46,0.8,1.8,0.5,중립,위꼬리양봉,완만한상승,0.28,-0.36,2026-09-21
EGY,0.8,5.96,1532300,1903914,9.13,9.85,0.9,-1.0,-0.7,중립,망치형,전저점이탈,0.71,0.5,2026-09-21
EIDO,0.8,12.36,765241,928589,9.46,13.83,0.7,-1.1,0.2,중립,양봉,전저점이탈,0.67,0.15,2026-09-21
ERAS,0.8,15.04,4151215,5388833,62.43,79.63,0.8,1.3,0.5,중립,팽이도지,잔구간,0.64,0.085,2026-09-21
NEO,0.8,19.41,1435170,1814012,27.86,33.46,0.8,0.1,-2.6,매도주의,장대음봉,잔구간,0.17,-1.2,2026-09-21
DX,0.8,12.07,5241096,6732244,63.26,83.76,0.8,-0.7,-0.2,중립,팽이도지,잔구간,0.35,-0.09,2026-09-21
SIGA,0.8,3.16,471186,616984,1.49,2.04,0.7,-0.3,1.0,강한매수,양봉,완만한상승,0.89,2.07,2026-09-21
RWT,0.8,4.04,8259883,9886320,33.37,45.45,0.7,1.5,1.0,강한매도,위꼬리양봉,전고점부근,0.38,-2.59,2026-09-21
BZAI,0.8,0.59,3044347,3583141,1.8,2.08,0.9,-0.7,-6.3,중립,음봉,잔구간,0.23,-0.51,2026-09-21
CAG,0.8,14.86,8833672,11714219,131.27,175.63,0.7,0.1,-1.9,매도주의,장대음봉,잔구간,0.19,-1.185,2026-09-21
AMPY,0.8,4.31,449299,555807,1.94,2.67,0.7,-1.8,-2.5,강한매도,장대음봉,전저점이탈,0.07,-3.27,2026-09-21
IRD,0.8,5.22,1980810,2443392,10.34,47.56,0.2,-0.2,1.0,중립,위꼬리양봉,잔구간,0.13,-0.72,2026-09-21
IREX,0.8,18.04,1354462,1665985,24.43,25.32,1.0,5.0,-2.6,중립,음봉,전고점돌파,0.35,0.62,2026-09-21
GCMG,0.8,13.29,350644,438651,4.66,6.29,0.7,1.3,-0.2,매수관심,팽이도지,전고점돌파,0.5,1.5,2026-09-21
RIVN,0.8,15.36,19884573,23957147,305.43,342.61,0.9,1.5,0.9,중립,위꼬리양봉,잔구간,0.38,-0.57,2026-09-21
BRSP,0.8,4.18,1479916,1779853,6.19,7.81,0.8,1.0,-0.2,중립,팽이도지,잔구간,0.57,0.04,2026-09-21
BSCU,0.8,16.27,722202,881094,11.75,15.75,0.7,-0.3,0.0,강한매도,위꼬리양봉,전저점이탈,0.0,-2.35,2026-09-21
KVUE,0.8,17.67,25683360,33687342,453.82,621.9,0.7,-1.0,0.2,강한매수,양봉스프링,수횡파,0.75,3.4,2026-09-21
KXIN,0.8,1.54,710181,886606,1.09,15.08,0.1,0.7,5.5,중립,위꼬리양봉,잔구간,0.24,-0.655,2026-09-21
TSLG,0.8,5.06,51107706,60824988,258.6,250.09,1.0,4.4,1.6,강한매수,양봉,전고점돌파,0.54,2.25,2026-09-21
TSLX,0.8,18.04,350486,436964,6.32,7.39,0.9,1.1,-0.3,매수관심,팽이도지,완만한상승,0.46,0.85,2026-09-21
TTI,0.8,6.09,1616689,2076143,9.85,13.26,0.7,0.7,-0.5,강한매수,망치형,전저점부근,0.64,2.92,2026-09-21
KEP,0.8,11.23,745030,975780,8.37,12.98,0.6,2.3,-0.3,중립,망치형,잔구간,0.64,0.585,2026-09-21
GDYN,0.8,7.7,891851,1077223,6.87,8.69,0.8,0.8,0.7,중립,위꼬리양봉,완만한상승,0.2,-0.46,2026-09-21
CAL,0.8,11.91,473600,575835,5.64,8.9,0.6,0.4,1.0,매수관심,팽이도지,완만한상승,0.63,1.06,2026-09-21
CBIO,0.8,16.25,375775,443437,6.11,11.85,0.5,0.2,-4.0,중립,음봉,전저점부근,0.38,-0.09,2026-09-21
RXST,0.8,5.14,627678,741115,3.23,4.56,0.7,0.2,-1.3,중립,팽이도지,전저점부근,0.31,0.52,2026-09-21
RXT,0.8,4.04,7841866,9285213,31.68,30.11,1.1,2.6,3.6,강한매수,양봉,전고점돌파,0.75,2.5,2026-09-21
DRTS,0.8,15.5,412752,518327,6.4,8.27,0.8,1.6,0.1,강한매수,양봉스프링,완만한상승,0.82,2.78,2026-09-21
NSLR,0.8,7.98,332362,432444,2.65,5.86,0.5,1.3,-0.1,강한매수,망치형,완만한상승,0.72,2.16,2026-09-21
RPAY,0.8,3.93,338183,420520,1.33,1.47,0.9,0.5,-1.7,중립,음봉,잔구간,0.5,-0.35,2026-09-21
RUM,0.8,9.17,5546035,7131524,50.86,63.78,0.8,1.2,-0.3,매수관심,팽이도지,완만한상승,0.55,0.96,2026-09-21
NIO,0.8,3.67,23335734,30113930,85.64,134.4,0.6,-0.5,0.8,강한매수,양봉,완만한상승,0.87,2.04,2026-09-21
NKTX,0.8,2.88,385792,511611,1.11,1.91,0.6,1.4,0.3,매수관심,팽이도지,완만한상승,0.73,1.18,2026-09-21
SFL,0.8,13.49,1487669,1916833,20.07,21.92,0.9,-0.8,-0.2,중립,팽이도지,잔구간,0.42,-0.05,2026-09-21
SGML,0.8,10.27,2110697,2734176,21.68,26.59,0.8,1.7,1.3,매수관심,팽이도지,전고점돌파,0.71,1.75,2026-09-21
SHO,0.8,11.09,1428558,1770820,15.84,24.0,0.7,0.0,0.5,강한매수,양봉,완만한상승,0.88,2.06,2026-09-21
SHOE,0.8,13.04,1068496,1424398,13.93,24.74,0.6,-0.5,0.3,중립,팽이도지,잔구간,0.64,0.085,2026-09-21
ELPC,0.8,12.66,339574,427135,4.3,5.57,0.8,1.6,-0.1,중립,팽이도지,수횡파,0.53,0.64,2026-09-21
NAC,0.8,10.56,798380,985226,8.43,10.86,0.8,0.3,-1.0,중립,음봉,전저점부근,0.03,-0.51,2026-09-21
DEI,0.8,10.41,1707364,2089920,17.77,21.05,0.8,1.0,0.6,중립,양봉,잔구간,0.81,0.535,2026-09-21
SBS,0.8,5.44,5555321,7198716,30.22,36.64,0.8,2.3,0.2,매수관심,팽이도지,전고점돌파,0.66,1.69,2026-09-21
SBSW,0.8,11.13,4241970,5535404,47.21,60.12,0.8,-0.4,-4.1,강한매도,장대음봉,전저점이탈,0.11,-3.22,2026-09-21
NMCO,0.8,9.71,316066,420806,3.07,4.46,0.7,0.3,-0.2,매수관심,팽이도지,완만한상승,0.5,0.9,2026-09-21
DRH,0.8,12.27,2882516,3762997,35.37,39.28,0.9,0.2,0.1,매수관심,팽이도지,완만한상승,0.53,0.94,2026-09-21
IVA,0.8,3.65,1369124,1762218,5.0,6.71,0.7,-2.1,-1.4,중립,음봉,전저점부근,0.63,0.21,2026-09-21
JKS,0.8,10.56,669176,832727,7.07,9.45,0.7,1.8,-0.2,중립,팽이도지,잔구간,0.54,0.025,2026-09-21
JQC,0.8,4.67,404222,496738,1.89,2.31,0.8,0.2,-0.6,매도주의,장대음봉,잔구간,0.0,-1.3,2026-09-21
UPWK,0.8,8.37,2266950,2860482,18.97,23.78,0.8,0.2,0.0,중립,팽이도지,잔구간,0.28,-0.13,2026-09-21
NVDY,0.8,12.73,1481949,1902083,18.87,25.15,0.8,0.1,1.5,강한매수,장대양봉,전고점돌파,0.87,3.94,2026-09-21
NWBI,0.8,15.3,814756,1006796,12.47,19.48,0.6,-0.1,-1.0,매도주의,장대음봉,잔구간,0.0,-1.3,2026-09-21
WTI,0.8,3.74,3249122,4187255,12.15,16.3,0.7,-2.6,0.0,매도주의,팽이도지,전저점이탈,0.38,-0.89,2026-09-21
WULF,0.8,17.45,24853814,32467900,433.7,489.53,0.9,2.4,0.2,중립,팽이도지,전고점부근,0.64,-0.28,2026-09-21
WWW,0.8,19.48,521593,669233,10.16,15.92,0.6,0.7,2.1,강한매수,양봉,완만한상승,0.83,2.0,2026-09-21
ACHR,0.8,5.43,22214797,26857583,120.63,141.6,0.9,2.1,1.1,중립,양봉,잔구간,0.65,0.44,2026-09-21
AAPD,0.8,10.278,5773467,7001897,59.34,118.77,0.5,0.1,-1.1,중립,음봉,전저점부근,0.07,-0.47,2026-09-21
BCAT,0.8,14.14,1235764,1585313,17.47,21.69,0.8,-0.4,-1.0,매도주의,장대음봉,전저점부근,0.03,-1.81,2026-09-21
SWBI,0.8,13.81,492101,610240,6.8,10.91,0.6,0.0,1.2,강한매수,장대양봉,전고점돌파,0.89,3.97,2026-09-21
SWIM,0.8,6.4,620106,754143,3.97,6.0,0.7,1.5,1.7,중립,양봉,잔구간,0.92,0.6,2026-09-21
PRCH,0.8,16.64,959197,1263324,15.96,23.8,0.7,1.7,2.9,매수관심,양봉,완만한상승,0.69,1.83,2026-09-21
PRGO,0.8,14.13,1709346,2176814,24.15,37.74,0.6,3.2,1.0,매수관심,양봉스프링,잔구간,0.85,0.96,2026-09-21
HNST,0.8,5.33,1460998,1829340,7.79,11.32,0.7,0.4,-0.4,강한매수,망치형,완만한상승,0.7,2.14,2026-09-21
HOS,0.8,8.33,2130535,2620084,17.75,24.36,0.7,-1.4,0.5,중립,팽이도지,잔구간,0.64,0.085,2026-09-21
WEAV,0.8,7.32,1267683,1652304,9.28,13.75,0.7,0.4,0.0,중립,위꼬리양봉,완만한상승,0.0,-0.7,2026-09-21
AEG,0.8,9.09,3560254,4496067,32.36,39.67,0.8,1.1,-0.5,매도주의,장대음봉,완만한상승,0.0,-1.7,2026-09-21
AEO,0.8,15.46,5754284,7173749,88.96,163.91,0.5,0.9,1.7,강한매수,양봉,완만한상승,0.86,2.03,2026-09-21
YMM,0.7,8.2,2652624,3579879,21.75,35.26,0.6,0.9,0.0,강한매수,양봉스프링,완만한상승,0.91,2.89,2026-09-21
ZUMZ,0.7,13.86,404354,550335,5.6,7.0,0.8,0.4,4.6,매수관심,장대양봉,잔구간,0.77,1.16,2026-09-21
ZGN,0.7,12.42,1071453,1524776,13.31,17.97,0.7,0.9,0.2,매수관심,팽이도지,완만한상승,0.53,0.94,2026-09-21
WIT,0.7,1.67,4962724,7072729,8.29,17.07,0.5,1.2,-0.6,중립,음봉,완만한상승,0.28,-0.06,2026-09-21
WCT,0.7,7.77,756814,1047004,5.88,4.25,1.4,-1.2,1.0,매수관심,양봉스프링,잔구간,0.93,1.01,2026-09-21
GO,0.7,11.23,1296512,1839678,14.56,27.52,0.5,0.3,-0.6,매도주의,위꼬리음봉,잔구간,0.0,-1.05,2026-09-21
PCT,0.7,5.67,2608704,3922491,14.79,21.64,0.7,1.0,-1.9,중립,음봉,잔구간,0.24,-0.505,2026-09-21
PAYS,0.7,12.63,585938,838521,7.4,11.38,0.7,0.8,1.5,중립,양봉,잔구간,0.76,0.505,2026-09-21
PRCT,0.7,18.51,1114642,1532257,20.63,28.54,0.7,0.1,-4.1,강한매도,장대음봉,전저점이탈,0.11,-3.22,2026-09-21
TALO,0.7,16.42,1656210,2483080,27.19,40.05,0.7,-1.9,-1.6,매도주의,음봉,전저점이탈,0.36,-1.62,2026-09-21
TAK,0.7,18.89,1756150,2694525,33.17,44.12,0.8,0.4,-0.5,매도주의,장대음봉,잔구간,0.33,-1.1,2026-09-21
TAC,0.7,12.31,1719093,2608426,21.16,28.71,0.7,1.1,-0.3,중립,팽이도지,전고점부근,0.47,-0.49,2026-09-21
SXC,0.7,9.5,639494,928788,6.08,9.14,0.7,0.0,0.1,중립,팽이도지,잔구간,0.67,0.1,2026-09-21
EVH,0.7,3.69,2002949,3029115,7.39,10.35,0.7,0.3,-0.3,매수관심,팽이도지,완만한상승,0.67,1.1,2026-09-21
AADX,0.7,12.89,1482027,2200868,19.1,32.15,0.6,1.3,-0.2,매수관심,팽이도지,완만한상승,0.47,0.86,2026-09-21
WRN,0.7,2.37,890204,1204846,2.11,2.96,0.7,0.4,-2.5,매도주의,장대음봉,잔구간,0.12,-1.23,2026-09-21
GSIT,0.7,5.57,543242,761856,3.03,3.5,0.9,2.4,2.2,중립,양봉,잔구간,0.86,0.565,2026-09-21
UPB,0.7,5.365,364035,499273,1.95,3.62,0.5,1.5,-1.0,중립,음봉,잔구간,0.56,-0.315,2026-09-21
UMH,0.7,15.77,574441,838970,9.06,11.57,0.8,0.1,0.4,매수관심,양봉,완만한상승,0.62,1.74,2026-09-21
UGP,0.7,7.6,2659085,3790057,20.21,25.84,0.8,1.2,-0.9,중립,음봉,완만한상승,0.04,-0.35,2026-09-21
UE,0.7,20.0,521031,757177,10.42,16.77,0.6,-0.0,0.0,중립,팽이도지,잔구간,0.61,0.065,2026-09-21
JFR,0.7,7.49,482120,660336,3.61,4.94,0.7,0.1,-0.7,중립,음봉,잔구간,0.47,-0.37,2026-09-21
JDZG,0.7,3.89,675106,950853,2.63,2.56,1.0,0.0,-6.0,중립,음봉,잔구간,0.21,-0.525,2026-09-21
JANX,0.7,17.01,701840,939126,11.94,18.22,0.7,1.6,0.9,매수관심,양봉스프링,잔구간,0.79,0.925,2026-09-21
IVR,0.7,6.51,2646553,3893803,17.23,24.82,0.7,0.8,0.2,중립,팽이도지,잔구간,0.47,-0.02,2026-09-21
DNN,0.7,2.89,16458372,23439797,47.56,71.92,0.7,1.0,0.0,중립,팽이도지,잔구간,0.5,0.0,2026-09-21
NOK,0.7,10.94,85030025,128077477,930.23,1091.84,0.9,2.8,-0.4,강한매수,망치형,완만한상승,0.77,2.22,2026-09-21
NMRA,0.7,0.692,1675812,2548153,1.16,1.46,0.8,1.0,-6.1,매도주의,음봉,전저점이탈,0.13,-1.89,2026-09-21
BUR,0.7,3.94,1489377,2258160,5.87,8.27,0.7,1.5,-2.2,매도주의,장대음봉,잔구간,0.13,-1.22,2026-09-21
NMAX,0.7,10.88,1058387,1419511,11.52,17.61,0.7,0.0,5.4,강한매수,장대양봉,완만한상승,0.79,3.25,2026-09-21
RQI,0.7,11.57,531903,725665,6.15,8.13,0.8,0.0,1.8,매수관심,장대양봉,잔구간,1.0,1.3,2026-09-21
RNW,0.7,6.84,1173649,1622258,8.03,14.59,0.6,0.1,-0.1,중립,음봉,완만한상승,0.5,0.2,2026-09-21
DBI,0.7,6.22,643622,933578,4.0,6.03,0.7,1.7,1.6,중립,양봉,잔구간,0.9,0.59,2026-09-21
DBGI,0.7,4.51,306096,420177,1.38,22.35,0.1,-2.0,3.0,중립,팽이도지,잔구간,0.69,0.115,2026-09-21
CXM,0.7,5.39,2006633,2996079,10.82,20.23,0.5,0.2,0.9,매수관심,양봉,완만한상승,0.73,1.88,2026-09-21
NU,0.7,14.06,47282424,68239135,664.79,1015.87,0.7,1.4,1.6,중립,양봉,잔구간,0.91,0.595,2026-09-21
RZLT,0.7,3.91,1082718,1594843,4.23,6.23,0.7,0.0,1.8,중립,양봉,잔구간,0.9,0.59,2026-09-21
NWG,0.7,18.95,2534196,3421328,48.02,54.19,0.9,2.0,-0.5,중립,음봉,완만한상승,0.39,0.07,2026-09-21
ECVT,0.7,10.39,1158896,1600421,12.04,15.67,0.8,0.4,-0.9,매도주의,장대음봉,잔구간,0.29,-1.125,2026-09-21
FRSH,0.7,12.45,3072827,4240770,38.26,50.86,0.8,0.2,1.5,강한매수,양봉,완만한상승,0.95,2.14,2026-09-21
KBWD,0.7,11.68,364712,524476,4.26,6.01,0.7,-0.6,0.2,중립,팽이도지,잔구간,0.62,0.07,2026-09-21
AQN,0.7,5.24,3516648,4928476,18.43,28.79,0.6,0.0,-2.1,매도주의,장대음봉,전저점부근,0.15,-1.67,2026-09-21
LABD,0.7,7.1,13973536,19358893,99.21,125.36,0.8,-3.0,-0.1,중립,팽이도지,잔구간,0.42,-0.05,2026-09-21
SLS,0.7,11.37,5641590,7893193,64.14,92.49,0.7,0.9,-1.9,중립,음봉,잔구간,0.3,-0.47,2026-09-21
BSCQ,0.7,19.505,690792,948692,13.47,20.68,0.7,-0.3,0.0,중립,양봉,전저점이탈,0.5,-0.05,2026-09-21
ORC,0.7,6.08,3853815,5630944,23.43,31.51,0.7,0.7,0.0,중립,팽이도지,잔구간,0.38,-0.07,2026-09-21
APLE,0.7,15.68,1717573,2413573,26.93,42.87,0.6,0.4,0.2,매수관심,양봉스프링,잔구간,0.9,0.99,2026-09-21
GDRX,0.7,3.39,557185,779306,1.89,3.2,0.6,0.9,-0.6,중립,음봉,완만한상승,0.22,-0.14,2026-09-21
FWRG,0.7,10.14,1065298,1519455,10.8,15.34,0.7,0.5,-0.9,중립,음봉,잔구간,0.46,-0.375,2026-09-21
ITUB,0.7,8.45,16833998,23805232,142.25,206.83,0.7,2.0,1.1,강한매수,장대양봉,전고점돌파,0.92,4.0,2026-09-21
ANVS,0.7,1.19,885901,1317321,1.05,1.68,0.6,1.8,2.6,매수관심,양봉,완만한상승,0.5,1.6,2026-09-21
USAS,0.7,5.02,3095444,4378786,15.54,19.29,0.8,-0.4,-2.7,중립,음봉,잔구간,0.27,-0.49,2026-09-21
CABA,0.7,2.46,4731213,6775090,11.64,18.09,0.6,3.5,-6.8,강한매도,장대음봉,전저점이탈,0.05,-3.29,2026-09-21
SKHL,0.7,11.55,1203399,1681367,13.9,19.41,0.7,0.7,0.7,매수관심,팽이도지,완만한상승,0.69,1.13,2026-09-21
EH,0.7,4.73,527237,734588,2.49,3.06,0.8,1.3,1.9,강한매수,양봉,전고점돌파,0.87,2.64,2026-09-21
MYGN,0.7,4.01,1890089,2715122,7.58,9.27,0.8,1.0,2.0,강한매수,양봉,완만한상승,0.85,2.02,2026-09-21
MVIS,0.7,1.67,1086569,1495196,1.81,2.82,0.6,3.6,-2.9,매도주의,위꼬리음봉,완만한상승,0.0,-1.2,2026-09-21
MUX,0.7,18.88,801280,1211395,15.13,22.83,0.7,0.0,-0.6,중립,망치형,잔구간,0.7,0.62,2026-09-21
MUC,0.7,10.12,431725,588241,4.37,6.26,0.7,0.6,-1.0,매도주의,장대음봉,잔구간,0.16,-1.205,2026-09-21
BMBL,0.7,2.85,1758237,2529003,5.01,6.96,0.7,0.4,1.8,중립,양봉,잔구간,0.72,0.48,2026-09-21
REPL,0.7,12.87,1461785,2152374,18.81,27.95,0.7,0.3,-1.8,중립,음봉,잔구간,0.21,-0.525,2026-09-21
UVXY,0.7,17.38,5747113,8218594,99.88,153.15,0.7,-2.5,1.6,강한매수,장대양봉,전저점부근,0.67,3.95,2026-09-21
OBE,0.7,11.57,908972,1313901,10.52,13.36,0.8,-2.0,-3.7,강한매도,장대음봉,전저점이탈,0.27,-3.03,2026-09-21
CFFN,0.7,8.85,628738,898850,5.56,9.27,0.6,0.2,-0.8,중립,음봉,잔구간,0.2,-0.53,2026-09-21
SMPL,0.7,9.96,1972389,2981624,19.64,26.87,0.7,-0.4,-1.3,중립,음봉,잔구간,0.23,-0.51,2026-09-21
KT,0.7,19.45,900609,1245071,17.52,25.45,0.7,1.3,-1.0,중립,음봉,완만한상승,0.28,-0.06,2026-09-21
FUTG,0.7,4.3,312216,419910,1.34,1.99,0.7,4.7,-1.1,강한매수,망치형,완만한상승,0.67,2.1,2026-09-21
FULC,0.7,3.8,731534,1006658,2.78,5.06,0.5,1.1,0.0,매수관심,양봉스프링,잔구간,1.0,1.05,2026-09-21
ARR,0.7,14.77,3486590,5191283,51.5,74.59,0.7,0.5,0.1,중립,팽이도지,잔구간,0.5,0.0,2026-09-21
MKDW,0.7,2.16,693020,946468,1.5,3.4,0.4,-11.0,-7.7,매도주의,위꼬리음봉,전저점부근,0.17,-1.15,2026-09-21
BILI,0.7,15.18,2313511,3289552,35.12,70.41,0.5,1.3,0.6,강한매수,양봉스프링,완만한상승,0.91,2.89,2026-09-21
SPAL,0.7,17.45,872807,1225279,15.23,22.28,0.7,2.7,-3.5,중립,음봉,잔구간,0.04,-0.625,2026-09-21
SOC,0.7,4.33,6632740,9266428,28.72,37.69,0.8,-2.4,-2.7,중립,음봉,잔구간,0.38,-0.42,2026-09-21
SNDL,0.7,1.37,994621,1406467,1.36,1.99,0.7,0.0,0.0,매수관심,팽이도지,완만한상승,0.5,0.9,2026-09-21
VIXY,0.7,16.94,2196414,2963656,37.21,46.44,0.8,-1.8,0.9,중립,양봉,잔구간,0.6,0.41,2026-09-21
VIR,0.7,10.88,1454929,2084529,15.83,25.35,0.6,1.6,1.0,매수관심,양봉,완만한상승,0.77,1.92,2026-09-21
VIPS,0.7,12.5,2272582,3035552,28.41,39.35,0.7,1.1,0.4,매수관심,양봉스프링,잔구간,0.92,1.0,2026-09-21
AMBP,0.7,4.53,1557505,2166538,7.06,10.16,0.7,0.9,-3.0,매도주의,장대음봉,잔구간,0.0,-1.3,2026-09-21
GGB,0.7,5.0,9196709,12568752,45.98,57.8,0.8,2.6,-1.4,매도주의,장대음봉,완만한상승,0.22,-1.44,2026-09-21
IAUX,0.7,1.74,6021938,8384669,10.48,14.28,0.7,0.6,-3.3,매도주의,장대음봉,잔구간,0.25,-1.15,2026-09-21
OPEN,0.7,2.68,29183294,39700405,78.21,95.44,0.8,3.3,1.3,중립,양봉,잔구간,0.58,0.4,2026-09-21
OLMA,0.7,9.63,1070360,1490519,10.31,13.34,0.8,1.3,-3.2,매도주의,장대음봉,잔구간,0.04,-1.275,2026-09-21
OKLL,0.7,11.39,1966102,2771420,22.39,31.27,0.7,6.3,4.9,중립,양봉,잔구간,0.62,0.42,2026-09-21
RFIL,0.7,8.14,301996,446578,2.46,3.62,0.7,2.0,-0.4,중립,팽이도지,잔구간,0.48,-0.01,2026-09-21
FNB,0.7,17.91,3258185,4352465,58.35,73.57,0.8,0.7,-0.8,매도주의,장대음봉,잔구간,0.11,-1.235,2026-09-21
TRIN,0.7,17.72,685192,979670,12.14,18.04,0.7,0.5,0.0,강한매수,양봉스프링,완만한상승,0.82,2.78,2026-09-21
TKC,0.7,5.17,1450931,1952827,7.5,11.58,0.6,0.0,1.4,강한매수,장대양봉,완만한상승,0.78,3.24,2026-09-21
SSP,0.7,3.09,436455,654336,1.35,2.45,0.6,0.0,2.3,매수관심,양봉,완만한상승,0.34,1.41,2026-09-21
SSL,0.7,13.56,1312162,1766080,17.79,30.7,0.6,1.1,-2.2,강한매도,장대음봉,전저점이탈,0.05,-3.29,2026-09-21
HYT,0.7,7.98,775517,1053324,6.19,8.6,0.7,0.0,-0.2,중립,음봉,잔구간,0.6,-0.29,2026-09-21
HUN,0.7,8.86,2966390,3983100,26.28,26.32,1.0,0.0,-2.5,강한매도,장대음봉,전저점이탈,0.27,-3.03,2026-09-21
HTZ,0.7,1.85,9988629,14561827,18.48,25.3,0.7,0.8,0.8,매수관심,양봉스프링,잔구간,0.75,0.9,2026-09-21
GPRE,0.7,14.85,1306867,1761609,19.41,25.56,0.8,-2.7,0.7,중립,위꼬리양봉,잔구간,0.27,-0.64,2026-09-21
PALI,0.7,1.69,3574457,4943787,6.04,7.45,0.8,3.1,3.0,중립,양봉,잔구간,1.0,0.65,2026-09-21
PAGS,0.7,9.47,2097616,3015916,19.86,31.01,0.6,-0.6,2.9,매수관심,장대양봉,잔구간,0.88,1.23,2026-09-21
OXLC,0.7,9.035,589120,854249,5.32,7.61,0.7,0.2,-0.8,중립,음봉,잔구간,0.3,-0.47,2026-09-21
OTLK,0.7,0.686,2877699,3925273,1.97,2.87,0.7,5.0,0.1,강한매수,양봉스프링,완만한상승,0.79,2.75,2026-09-21
OSTX,0.7,1.74,637059,951150,1.11,1.82,0.6,2.3,-3.9,매도주의,장대음봉,잔구간,0.0,-1.3,2026-09-21
GPGI,0.7,12.39,992150,1325421,12.29,23.41,0.5,2.9,0.5,중립,팽이도지,잔구간,0.68,0.11,2026-09-21
PFFD,0.7,18.1,716186,1045017,12.96,17.13,0.8,0.3,0.1,매수관심,양봉,완만한상승,0.71,1.85,2026-09-21
CRVS,0.7,12.42,939788,1327330,11.67,18.79,0.6,1.9,-3.0,매도주의,장대음봉,잔구간,0.28,-1.13,2026-09-21
CLPT,0.7,13.97,373356,502285,5.22,7.55,0.7,0.9,0.1,매수관심,팽이도지,전고점돌파,0.62,1.64,2026-09-21
HLIT,0.7,11.32,1360859,1992758,15.4,20.33,0.8,0.9,1.1,강한매수,양봉,완만한상승,0.88,2.06,2026-09-21
SRFM,0.7,0.67,3905322,5521078,2.62,4.62,0.6,2.7,-6.5,매도주의,장대음봉,잔구간,0.17,-1.2,2026-09-21
SRAD,0.7,12.54,1328775,1813123,16.66,27.62,0.6,0.7,2.7,매수관심,양봉,완만한상승,0.73,1.88,2026-09-21
ENVX,0.7,2.98,5205338,7117597,15.51,20.22,0.8,1.7,-2.0,매도주의,장대음봉,잔구간,0.4,-1.06,2026-09-21
STLA,0.7,4.81,16889984,23806618,81.24,118.86,0.7,1.5,-1.6,매도주의,장대음봉,잔구간,0.11,-1.235,2026-09-21
BHC,0.7,5.64,1539563,2159763,8.68,13.11,0.7,0.0,-0.5,중립,팽이도지,잔구간,0.46,-0.025,2026-09-21
MDU,0.7,18.56,1315253,1969045,24.41,41.22,0.6,0.1,-0.1,매도주의,위꼬리음봉,잔구간,0.12,-0.98,2026-09-21
LODE,0.7,2.62,1232308,1699780,3.23,3.92,0.8,1.5,-2.6,중립,음봉,잔구간,0.32,-0.46,2026-09-21
AUTL,0.7,1.94,1101473,1602721,2.14,3.27,0.7,0.5,-0.5,강한매수,망치형,완만한상승,0.6,2.02,2026-09-21
PLUG,0.7,2.09,34064922,50101478,71.2,108.19,0.7,1.4,-1.4,중립,음봉,잔구간,0.4,-0.41,2026-09-21
CRMD,0.7,7.77,505842,769850,3.93,7.38,0.5,0.0,0.6,중립,팽이도지,잔구간,0.75,0.15,2026-09-21
CRF,0.7,6.12,1594839,2201771,9.76,10.31,0.9,0.5,0.2,중립,팽이도지,잔구간,0.62,0.07,2026-09-21
PWP,0.7,13.45,1278117,1882906,17.19,22.6,0.8,1.4,2.4,중립,양봉,잔구간,0.92,0.6,2026-09-21
PUMP,0.7,10.16,2995657,4259791,30.44,46.43,0.7,-0.8,-2.3,중립,음봉,잔구간,0.43,-0.39,2026-09-21
CPNG,0.7,14.62,9034710,13837219,132.09,267.15,0.5,1.2,1.1,중립,양봉,잔구간,0.82,0.54,2026-09-21
PTLO,0.7,3.73,903213,1382976,3.37,5.58,0.6,0.8,-1.3,중립,음봉,잔구간,0.31,-0.465,2026-09-21
PFXF,0.7,17.9,523236,721936,9.37,11.29,0.8,0.2,0.9,강한매수,장대양봉,전고점부근,1.0,2.15,2026-09-21
AUPH,0.7,16.61,668286,896115,11.1,14.1,0.8,0.0,-1.7,매도주의,장대음봉,잔구간,0.14,-1.215,2026-09-21
TIC,0.7,9.24,898173,1377070,8.3,15.77,0.5,1.0,1.0,강한매수,양봉스프링,완만한상승,0.95,2.94,2026-09-21
ETHW,0.7,19.76,680810,1043577,13.45,17.16,0.8,3.8,0.9,강한매수,양봉,전고점돌파,0.8,2.56,2026-09-21
MAT,0.7,13.08,3530991,4908729,46.19,61.59,0.7,-0.2,-1.1,중립,음봉,전저점부근,0.44,-0.02,2026-09-21
BBDC,0.7,8.8,387887,560053,3.41,5.03,0.7,1.0,-0.3,강한매수,망치형,완만한상승,0.72,2.16,2026-09-21
AVXL,0.7,2.4,574478,782118,1.38,1.57,0.9,0.0,-0.8,중립,망치형,잔구간,0.71,0.625,2026-09-21
SVM,0.7,11.83,1347518,1842828,15.94,21.67,0.7,0.2,-1.1,중립,음봉,잔구간,0.45,-0.38,2026-09-21
LXEO,0.7,4.08,854779,1181357,3.49,3.85,0.9,1.0,-3.8,중립,음봉,잔구간,0.14,-0.565,2026-09-21
GROY,0.7,3.26,1077486,1652785,3.51,7.26,0.5,-0.3,-2.1,매도주의,장대음봉,잔구간,0.11,-1.235,2026-09-21
ACCO,0.7,4.17,451099,679069,1.88,3.45,0.5,0.7,-0.7,중립,팽이도지,완만한상승,0.27,0.62,2026-09-21
GPRO,0.7,1.3,15379561,20679757,19.99,97.06,0.2,-1.1,0.4,중립,위꼬리양봉,잔구간,0.11,-0.735,2026-09-21
ZURA,0.7,4.5,1111084,1541556,5.0,8.14,0.6,2.0,-1.1,중립,망치형,잔구간,0.72,0.63,2026-09-21
PLTD,0.7,4.92,18454851,27656384,90.8,133.05,0.7,-0.8,-2.4,강한매도,장대음봉,전저점이탈,0.0,-3.35,2026-09-21
PK,0.7,15.15,2084784,3059827,31.58,50.26,0.6,0.7,0.3,매수관심,양봉스프링,잔구간,0.94,1.015,2026-09-21
PHK,0.7,4.25,1093690,1574633,4.65,5.95,0.8,0.7,-1.2,강한매도,장대음봉,전저점이탈,0.29,-3.0,2026-09-21
ACVA,0.7,10.48,10570716,15458131,110.78,222.93,0.5,0.0,0.0,매수관심,양봉스프링,전고점부근,0.75,1.35,2026-09-21
ACHV,0.6,8.05,1006915,1666526,8.11,15.34,0.5,0.6,0.3,강한매수,양봉스프링,완만한상승,0.92,2.9,2026-09-21
ACP,0.6,4.7,664812,1032794,3.12,5.99,0.5,0.4,0.6,매수관심,양봉,완만한상승,0.66,1.79,2026-09-21
XPRO,0.6,16.41,554902,939648,9.11,14.88,0.6,-1.3,1.0,중립,양봉,잔구간,0.61,0.415,2026-09-21
XMAX,0.6,8.71,392842,617135,3.42,5.52,0.6,1.0,-0.8,중립,음봉,완만한상승,0.31,-0.03,2026-09-21
ZNTL,0.6,3.03,675636,1158272,2.05,3.3,0.6,1.3,-3.8,매도주의,장대음봉,잔구간,0.23,-1.16,2026-09-21
XRX,0.6,3.33,2149209,3518862,7.16,10.29,0.7,0.9,-3.5,매도주의,장대음봉,잔구간,0.06,-1.265,2026-09-21
PGEN,0.6,7.7,3240275,5526108,24.95,33.72,0.7,0.8,-1.8,중립,음봉,잔구간,0.25,-0.5,2026-09-21
PHAT,0.6,7.45,898883,1570699,6.7,11.76,0.6,0.8,-1.2,중립,음봉,전저점부근,0.45,-0.01,2026-09-21
EU,0.6,1.05,7971144,12453701,8.37,11.25,0.7,6.0,10.5,매수관심,장대양봉,잔구간,0.8,1.18,2026-09-21
FLG,0.6,12.59,3202723,5320318,40.32,56.93,0.7,1.1,-0.8,매도주의,장대음봉,잔구간,0.25,-1.15,2026-09-21
SVC,0.6,6.66,943262,1618006,6.28,12.04,0.5,0.9,1.8,매수관심,장대양봉,잔구간,0.75,1.15,2026-09-21
BBD,0.6,3.52,14688656,23175525,51.7,97.63,0.5,2.3,0.3,중립,양봉,잔구간,0.75,0.5,2026-09-21
SUZ,0.6,9.25,1417753,2341565,13.11,25.13,0.5,0.6,-1.1,매도주의,장대음봉,잔구간,0.12,-1.23,2026-09-21
EYE,0.6,16.45,1646618,2565764,27.09,41.67,0.7,1.0,-3.5,매도주의,장대음봉,잔구간,0.03,-1.28,2026-09-21
BCRX,0.6,8.76,3462946,5540256,30.34,54.92,0.6,0.8,0.1,매수관심,팽이도지,완만한상승,0.69,1.13,2026-09-21
EOLS,0.6,7.99,420739,660691,3.36,7.82,0.4,0.9,0.8,강한매수,양봉스프링,완만한상승,0.98,2.98,2026-09-21
EXFY,0.6,2.32,444298,741718,1.03,1.37,0.8,0.4,3.1,강한매수,장대양봉,완만한상승,0.88,3.36,2026-09-21
BKD,0.6,11.38,3013090,4911049,34.29,52.98,0.6,0.1,-0.7,중립,음봉,전저점부근,0.27,-0.23,2026-09-21
MSFD,0.6,10.273,886672,1406305,9.11,13.13,0.7,-0.3,-1.2,중립,음봉,잔구간,0.06,-0.615,2026-09-21
ERIC,0.6,10.25,5014197,8065163,51.4,74.55,0.7,0.9,-0.1,중립,망치형,잔구간,0.93,0.76,2026-09-21
EROC,0.6,13.38,2171462,3389102,29.05,41.99,0.7,2.8,-0.5,중립,팽이도지,전고점부근,0.4,-0.57,2026-09-21
SPRY,0.6,4.35,1197965,2026308,5.21,7.61,0.7,1.2,4.6,매수관심,장대양봉,잔구간,0.89,1.235,2026-09-21
AVAH,0.6,13.44,2151900,3378833,28.92,52.21,0.6,-0.1,-1.5,강한매도,장대음봉,전저점이탈,0.12,-3.21,2026-09-21
SUPX,0.6,8.84,664337,1142646,5.87,7.69,0.8,3.0,17.4,강한매수,장대양봉,전고점돌파,0.98,4.08,2026-09-21
STRO,0.6,16.35,320338,499879,5.24,7.23,0.7,-2.3,9.1,매수관심,장대양봉,잔구간,0.89,1.235,2026-09-21
BEZ,0.6,5.66,2446761,4255044,13.85,25.84,0.5,-4.0,-0.9,중립,팽이도지,잔구간,0.58,0.05,2026-09-21
FINV,0.6,3.25,573804,977388,1.86,5.04,0.4,0.3,-1.8,중립,음봉,잔구간,0.38,-0.42,2026-09-21
LFMD,0.6,3.225,622839,1098263,2.01,3.28,0.6,0.9,-0.8,중립,팽이도지,완만한상승,0.32,0.68,2026-09-21
FIGS,0.6,13.13,1438004,2355966,18.88,40.49,0.5,1.1,-0.5,강한매수,망치형,완만한상승,0.64,2.07,2026-09-21
HQ,0.6,15.4,558555,930928,8.6,9.72,0.9,-1.0,14.9,강한매수,장대양봉,완만한상승,0.91,3.39,2026-09-21
NAVI,0.6,9.57,1136727,1770488,10.88,16.68,0.7,0.2,0.4,중립,위꼬리양봉,완만한상승,0.31,-0.33,2026-09-21
SCZM,0.6,9.03,317430,530328,2.87,4.72,0.6,-0.4,-4.8,매도주의,장대음봉,잔구간,0.06,-1.265,2026-09-21
BW,0.6,7.34,3183007,4949407,23.36,32.05,0.7,2.9,-3.0,매도주의,장대음봉,잔구간,0.16,-1.205,2026-09-21
NOMD,0.6,10.6,728090,1215147,7.72,14.39,0.5,0.0,-0.6,중립,음봉,전저점부근,0.54,0.1,2026-09-21
DNOW,0.6,15.57,1705695,2738885,26.56,44.12,0.6,0.0,-0.1,중립,팽이도지,수횡파,0.53,0.64,2026-09-21
DRVN,0.6,12.11,709268,1267731,8.59,18.52,0.5,0.2,-1.6,매도주의,장대음봉,잔구간,0.32,-1.11,2026-09-21
SANA,0.6,3.1,2005010,3098189,6.22,14.98,0.4,1.3,-1.3,중립,음봉,완만한상승,0.5,0.2,2026-09-21
USA,0.6,5.92,807012,1417351,4.78,7.95,0.6,0.3,1.0,강한매수,장대양봉,전고점돌파,1.0,4.1,2026-09-21
ITRG,0.6,2.77,1081263,1682206,3.0,5.87,0.5,0.7,-1.4,중립,음봉,잔구간,0.56,-0.315,2026-09-21
GBTG,0.6,9.46,675100,1057053,6.39,15.87,0.4,0.0,0.0,매도주의,위꼬리양봉,전저점부근,0.0,-0.85,2026-09-21
GDXD,0.6,18.56,1943783,3252453,36.08,62.0,0.6,-0.7,4.2,강한매수,장대양봉,완만한상승,0.67,3.1,2026-09-21
CCC,0.6,6.5,9351046,16216858,60.78,100.66,0.6,1.2,-2.0,중립,음봉,잔구간,0.43,-0.39,2026-09-21
NUVB,0.6,6.07,3027016,5086797,18.37,31.31,0.6,2.6,1.2,매수관심,양봉스프링,잔구간,0.86,0.965,2026-09-21
NVCR,0.6,16.53,633460,1139940,10.47,19.45,0.5,1.1,-2.0,매도주의,장대음봉,잔구간,0.32,-1.11,2026-09-21
ANGO,0.6,15.42,315683,514162,4.87,7.64,0.6,0.0,-0.1,강한매수,망치형,수횡파,0.78,2.94,2026-09-21
RPD,0.6,12.47,1480341,2344097,18.46,28.33,0.7,0.8,3.3,중립,양봉,잔구간,0.85,0.56,2026-09-21
CC,0.6,14.53,1279292,2064527,18.59,28.59,0.7,2.0,-0.7,중립,음봉,잔구간,0.57,-0.31,2026-09-21
ATEC,0.6,10.17,1699935,2829418,17.29,30.93,0.6,0.9,-1.0,중립,음봉,잔구간,0.42,-0.4,2026-09-21
BTAL,0.6,12.05,457347,737236,5.51,9.29,0.6,-0.7,-1.2,강한매도,장대음봉,전저점이탈,0.21,-3.1,2026-09-21
BSCT,0.6,18.285,426817,657695,7.8,13.48,0.6,-0.3,-0.1,강한매도,장대음봉,전저점이탈,0.25,-3.05,2026-09-21
NG,0.6,7.36,4245770,7486180,31.25,51.51,0.6,1.0,0.3,매수관심,양봉스프링,잔구간,0.9,0.99,2026-09-21
SHLS,0.6,7.835,3006524,4677259,23.56,33.81,0.7,1.4,1.6,강한매수,양봉스프링,전고점돌파,0.92,3.5,2026-09-21
FSK,0.6,11.43,1217291,2145272,13.91,22.81,0.6,0.7,0.5,매수관심,팽이도지,완만한상승,0.74,1.19,2026-09-21
TUA,0.6,19.33,327122,517400,6.32,12.7,0.5,0.5,-0.2,중립,음봉,잔구간,0.14,-0.565,2026-09-21
SLN,0.6,12.25,665750,1039531,8.16,12.07,0.7,1.6,-1.1,중립,음봉,완만한상승,0.54,0.25,2026-09-21
FUN,0.6,12.37,1622911,2564779,20.08,29.12,0.7,0.9,0.3,중립,팽이도지,잔구간,0.44,-0.035,2026-09-21
KRP,0.6,14.44,692587,1101242,10.0,14.62,0.7,0.2,-1.4,강한매도,장대음봉,전저점이탈,0.21,-3.1,2026-09-21
SMWB,0.6,8.48,360168,578900,3.05,5.02,0.6,1.6,1.4,중립,양봉,잔구간,0.92,0.6,2026-09-21
BNGO,0.6,1.83,978526,1531964,1.79,7.27,0.2,0.0,5.8,강한매수,장대양봉,완만한상승,0.65,3.08,2026-09-21
KOPN,0.6,4.85,2225863,3511713,10.8,17.67,0.6,3.6,-1.2,강한매도,장대음봉,전고점부근,0.4,-3.57,2026-09-21
ASTL,0.6,4.27,509710,792784,2.18,3.55,0.6,0.7,-0.2,중립,팽이도지,잔구간,0.52,0.01,2026-09-21
FNKO,0.6,5.43,822761,1326068,4.47,5.92,0.8,0.4,0.6,중립,팽이도지,완만한상승,0.41,0.79,2026-09-21
GNW,0.6,10.03,3709785,5737343,37.21,56.37,0.7,0.3,-0.5,매도주의,위꼬리음봉,잔구간,0.0,-1.05,2026-09-21
PPLT,0.6,16.32,1399902,2155739,22.85,37.73,0.6,1.3,-1.2,매도주의,장대음봉,완만한상승,0.19,-1.47,2026-09-21
HNRG,0.6,15.01,482676,844361,7.24,12.23,0.6,0.2,-0.9,중립,음봉,잔구간,0.05,-0.62,2026-09-21
HLMN,0.6,7.11,1602960,2734291,11.4,17.95,0.6,0.7,-1.0,중립,음봉,잔구간,0.22,-0.52,2026-09-21
QNC,0.6,1.77,909997,1459701,1.61,2.74,0.6,1.2,4.7,매수관심,장대양봉,잔구간,1.0,1.3,2026-09-21
CRON,0.6,3.33,472128,830677,1.57,2.5,0.6,0.0,-0.6,매도주의,위꼬리음봉,잔구간,0.25,-0.9,2026-09-21
CLOV,0.6,4.54,2843092,4992143,12.91,22.9,0.6,1.6,0.2,중립,팽이도지,잔구간,0.75,0.15,2026-09-21
CLNE,0.6,1.72,1255419,1949225,2.16,4.02,0.5,-1.2,3.0,매수관심,양봉,완만한상승,0.48,1.58,2026-09-21
CNTB,0.6,1.32,1355287,2250637,1.79,3.86,0.5,-0.8,3.9,중립,양봉,잔구간,0.92,0.6,2026-09-21
CURI,0.6,2.84,413703,648694,1.17,1.72,0.7,1.1,1.1,매수관심,양봉,완만한상승,0.4,1.48,2026-09-21
HBAN,0.6,16.04,24038309,37274847,385.57,527.35,0.7,0.8,0.2,강한매수,양봉,완만한상승,0.83,2.0,2026-09-21
AES,0.6,14.83,4790638,7781757,71.05,106.56,0.7,0.1,-0.1,중립,음봉,완만한상승,0.6,0.32,2026-09-21
WNC,0.6,11.79,356774,608448,4.21,7.73,0.5,1.5,-2.1,중립,음봉,잔구간,0.34,-0.445,2026-09-21
QTRX,0.6,3.04,627559,1001911,1.91,3.37,0.6,2.0,-2.9,중립,음봉,잔구간,0.21,-0.525,2026-09-21
CMRC,0.6,3.33,667779,1030710,2.22,5.13,0.4,-1.5,1.5,매수관심,양봉스프링,잔구간,0.94,1.015,2026-09-21
OXSQ,0.6,1.26,1050665,1666177,1.32,2.09,0.6,-0.8,0.0,매도주의,위꼬리양봉,잔구간,0.0,-0.8,2026-09-21
DCH,0.6,5.91,1840776,3026473,10.88,19.74,0.6,2.0,-1.7,중립,음봉,잔구간,0.29,-0.475,2026-09-21
OMER,0.6,18.49,1055632,1899801,19.52,28.78,0.7,2.0,1.4,중립,양봉,잔구간,0.97,0.63,2026-09-21
IE,0.6,9.85,1644525,2532304,16.2,25.8,0.6,1.5,2.1,매수관심,양봉,완만한상승,0.78,1.94,2026-09-21
GFR,0.6,6.48,1087522,1925474,7.05,13.22,0.5,-1.7,-1.1,중립,망치형,잔구간,0.57,0.54,2026-09-21
VIV,0.6,12.02,1152985,1958395,13.86,19.1,0.7,2.2,-1.6,매도주의,장대음봉,완만한상승,0.25,-1.4,2026-09-21
OSPN,0.6,17.6,422140,684755,7.43,11.27,0.7,1.3,-0.7,중립,음봉,완만한상승,0.58,0.3,2026-09-21
REF,0.6,13.38,471910,763522,6.31,11.87,0.5,1.1,-9.5,매도주의,장대음봉,잔구간,0.08,-1.25,2026-09-21
REM,0.6,19.76,620406,957197,12.26,15.83,0.8,0.6,0.4,중립,양봉,잔구간,0.6,0.41,2026-09-21
IMTX,0.6,8.72,305398,477487,2.66,4.87,0.5,1.6,-0.5,매수관심,팽이도지,완만한상승,0.48,0.88,2026-09-21
INDP,0.6,3.09,719539,1293445,2.22,6.39,0.3,0.0,-13.0,매도주의,장대음봉,잔구간,0.29,-1.125,2026-09-21
INFY,0.6,10.89,9681383,16978599,105.43,189.15,0.6,0.7,-0.1,매도주의,위꼬리음봉,잔구간,0.2,-0.93,2026-09-21
INMD,0.6,14.5,336472,518384,4.88,8.73,0.6,0.2,0.8,매수관심,장대양봉,잔구간,0.95,1.27,2026-09-21
IOVA,0.6,10.19,13129488,20365496,133.79,141.73,0.9,1.8,-2.3,중립,음봉,잔구간,0.26,-0.495,2026-09-21
ODD,0.6,18.29,926448,1645225,16.94,50.62,0.3,1.3,-0.3,매도주의,위꼬리음봉,완만한상승,0.05,-1.14,2026-09-21
IMRX,0.6,4.44,540280,881599,2.4,3.93,0.6,1.6,-2.4,중립,음봉,잔구간,0.32,-0.46,2026-09-21
ALMS,0.6,7.9,2433339,4016337,19.22,38.41,0.5,0.6,1.0,매수관심,양봉스프링,잔구간,0.94,1.015,2026-09-21
VNM,0.6,17.41,330480,586505,5.75,12.09,0.5,-0.9,-0.3,매도주의,위꼬리음봉,잔구간,0.09,-0.995,2026-09-21
ALHC,0.6,8.33,13586241,23966161,113.17,132.6,0.9,-0.2,0.0,강한매수,양봉스프링,전저점부근,0.87,3.69,2026-09-21
BBOT,0.5,4.66,468725,905829,2.18,5.59,0.4,1.5,-3.7,매도주의,장대음봉,전저점부근,0.27,-1.53,2026-09-21
ZENA,0.5,1.53,1218235,2242023,1.86,2.68,0.7,4.1,1.3,매수관심,양봉스프링,잔구간,0.75,0.9,2026-09-21
GERN,0.5,1.3,5897021,11782250,7.67,15.57,0.5,0.0,0.0,중립,팽이도지,잔구간,0.67,0.1,2026-09-21
HAPN,0.5,16.2,848396,1865581,13.74,24.17,0.6,-0.1,0.2,중립,위꼬리양봉,잔구간,0.29,-0.625,2026-09-21
GOOS,0.5,7.51,516279,1133785,3.88,8.02,0.5,0.5,0.1,중립,팽이도지,완만한상승,0.37,0.74,2026-09-21
RBBN,0.5,1.83,689613,1386709,1.26,2.06,0.6,0.0,6.4,강한매수,장대양봉,완만한상승,1.0,3.5,2026-09-21
CDZI,0.5,3.78,511708,1047667,1.93,3.67,0.5,0.8,5.3,매수관심,장대양봉,잔구간,1.0,1.3,2026-09-21
CDE,0.5,19.52,19677251,41676329,384.1,669.04,0.6,0.4,-1.6,중립,음봉,잔구간,0.19,-0.535,2026-09-21
CCO,0.5,2.38,1654186,3288825,3.94,10.02,0.4,0.0,0.0,중립,팽이도지,완만한상승,0.37,0.74,2026-09-21
OCGN,0.5,1.03,4155607,7886980,4.28,12.82,0.3,-0.9,-1.9,중립,음봉,잔구간,0.17,-0.55,2026-09-21
DBRG,0.5,15.92,2607285,5782067,41.51,77.08,0.5,0.0,0.3,강한매수,장대양봉,완만한상승,1.0,3.5,2026-09-21
IIIV,0.5,14.75,484439,1070618,7.15,11.97,0.6,0.0,-0.2,중립,팽이도지,잔구간,0.55,0.03,2026-09-21
FIP,0.5,3.07,965494,2074093,2.96,4.99,0.6,0.0,2.3,중립,양봉,잔구간,0.88,0.58,2026-09-21
SPDN,0.5,8.46,14101772,29052901,119.3,290.13,0.4,-0.6,-0.9,강한매도,장대음봉,전저점이탈,0.18,-3.13,2026-09-21
BCSF,0.5,11.21,337970,666490,3.79,6.72,0.6,0.5,0.5,매수관심,양봉,완만한상승,0.71,1.85,2026-09-21
BANC,0.5,18.29,1512669,2974865,27.67,58.24,0.5,0.6,-0.8,매도주의,장대음봉,잔구간,0.09,-1.245,2026-09-21
GRNT,0.5,4.64,991414,1994715,4.6,9.13,0.5,-1.6,-3.7,강한매도,장대음봉,전저점이탈,0.08,-3.25,2026-09-21
GTE,0.5,9.91,327924,662284,3.25,6.7,0.5,-2.6,-1.2,매도주의,음봉,전저점이탈,0.24,-1.76,2026-09-21
XHLD,0.5,10.46,2874528,5623644,30.07,42.41,0.7,-0.3,6.6,강한매수,장대양봉,완만한상승,0.91,3.39,2026-09-21
PLAY,0.5,6.79,2482722,5045638,16.86,34.67,0.5,-0.7,1.6,강한매수,양봉,완만한상승,0.88,2.06,2026-09-21
XE,0.5,16.37,4123186,8610446,67.5,145.54,0.5,3.5,0.3,중립,팽이도지,잔구간,0.35,-0.09,2026-09-21
EVEX,0.5,2.09,582872,1076133,1.22,2.1,0.6,1.0,1.5,매수관심,양봉,완만한상승,0.65,1.78,2026-09-21
LYG,0.5,5.89,7126033,14216454,41.97,89.7,0.5,1.5,-0.2,강한매수,망치형,완만한상승,0.6,2.02,2026-09-21
LUXE,0.5,9.66,345036,704510,3.33,4.7,0.7,-1.1,-3.1,매도주의,장대음봉,잔구간,0.18,-1.19,2026-09-21
TCPC,0.5,4.04,492067,1060332,1.99,3.48,0.6,0.5,0.5,강한매수,양봉,완만한상승,0.86,2.03,2026-09-21
LFST,0.5,12.67,3312996,6744437,41.98,93.12,0.5,-0.1,0.9,중립,양봉,잔구간,0.84,0.555,2026-09-21
MFG,0.5,11.09,1825604,3604177,20.25,38.41,0.5,1.3,0.1,매수관심,양봉스프링,잔구간,0.86,0.965,2026-09-21
STIM,0.5,2.85,627958,1335087,1.79,5.17,0.3,-0.7,-1.0,중립,음봉,잔구간,0.48,-0.36,2026-09-21
LAR,0.5,5.92,1106564,2027958,6.55,12.93,0.5,3.1,-0.5,매수관심,팽이도지,완만한상승,0.51,0.91,2026-09-21
MLTX,0.5,12.55,1220131,2315116,15.31,24.71,0.6,0.9,0.4,강한매수,양봉스프링,완만한상승,0.76,2.71,2026-09-21
PLX,0.5,2.75,471379,882451,1.3,2.2,0.6,0.7,1.5,매수관심,양봉,완만한상승,0.67,1.8,2026-09-21
QDEL,0.5,10.86,1069561,2240031,11.62,19.25,0.6,1.5,0.7,매수관심,양봉스프링,잔구간,0.81,0.935,2026-09-21
ABEO,0.5,5.67,1013013,1918987,5.74,10.51,0.5,1.6,0.2,강한매수,양봉스프링,완만한상승,0.89,2.87,2026-09-21
HITI,0.5,2.63,650814,1353079,1.71,3.07,0.6,-0.4,2.3,매수관심,장대양봉,잔구간,0.71,1.125,2026-09-21
ARVN,0.5,8.3,639844,1190065,5.31,8.87,0.6,1.0,-0.8,중립,음봉,잔구간,0.39,-0.415,2026-09-21
MICC,0.5,19.25,451349,859011,8.69,16.75,0.5,1.1,0.4,매수관심,양봉,완만한상승,0.75,1.9,2026-09-21
EIKN,0.5,8.83,463892,916417,4.1,7.95,0.5,1.2,-2.5,중립,음봉,잔구간,0.36,-0.435,2026-09-21
DAKT,0.5,17.66,379729,717411,6.71,13.81,0.5,0.9,0.6,매수관심,양봉스프링,잔구간,0.83,0.95,2026-09-21
DSGN,0.5,12.55,506442,1121016,6.36,13.21,0.5,0.9,1.6,중립,양봉,잔구간,0.8,0.53,2026-09-21
DPRO,0.5,5.67,621876,1134966,3.53,7.41,0.5,-0.2,1.1,매수관심,양봉,완만한상승,0.69,1.83,2026-09-21
NMR,0.5,10.14,374976,824059,3.8,8.92,0.4,1.1,-0.4,중립,음봉,잔구간,0.36,-0.435,2026-09-21
JBIO,0.5,16.74,528775,1049484,8.85,22.51,0.4,1.1,-2.2,중립,음봉,잔구간,0.21,-0.525,2026-09-21
ARDX,0.5,3.5,2834103,5237038,9.92,16.17,0.6,1.0,1.3,중립,양봉,잔구간,0.84,0.555,2026-09-21
IRT,0.5,14.66,2275860,4243358,33.36,74.14,0.4,0.3,-1.2,강한매도,장대음봉,전저점이탈,0.03,-3.31,2026-09-21
QTTB,0.5,10.47,359558,736606,3.76,8.91,0.4,0.3,-0.9,중립,팽이도지,전저점부근,0.38,0.61,2026-09-21
ORIC,0.5,12.67,835961,1613791,10.59,19.13,0.6,1.5,-2.4,매도주의,장대음봉,잔구간,0.33,-1.1,2026-09-21
WETO,0.5,1.65,1040396,1918225,1.72,13.41,0.1,-4.7,2.5,중립,양봉,잔구간,0.57,0.39,2026-09-21
DV,0.5,13.44,1803295,3744942,24.24,69.53,0.3,-0.1,0.0,중립,팽이도지,잔구간,0.33,-0.1,2026-09-21
BRUN,0.5,17.17,1324433,2907984,22.74,41.82,0.5,1.9,-2.4,중립,음봉,잔구간,0.17,-0.55,2026-09-21
SKDD,0.5,6.87,3084711,5920685,21.19,57.59,0.4,-0.4,-0.7,중립,팽이도지,잔구간,0.29,-0.125,2026-09-21
RLGT,0.5,8.56,309118,619378,2.65,5.74,0.5,0.1,-1.9,중립,음봉,잔구간,0.34,-0.445,2026-09-21
TSDD,0.5,7.29,6112248,11556386,44.56,80.65,0.6,-4.2,-2.0,매도주의,음봉,전저점이탈,0.41,-1.56,2026-09-21
SOPH,0.4,8.24,430113,1088171,3.54,6.34,0.6,1.7,-1.1,강한매수,망치형,완만한상승,0.78,2.24,2026-09-21
LRMR,0.4,3.83,579330,1418652,2.22,4.75,0.5,1.3,-0.3,매수관심,팽이도지,완만한상승,0.48,0.88,2026-09-21
FEAM,0.4,2.48,618176,1590237,1.53,2.21,0.7,-1.2,0.4,매수관심,양봉스프링,전고점부근,0.86,1.48,2026-09-21
XFOR,0.4,3.495,444355,1135485,1.55,4.94,0.3,0.0,-2.4,매도주의,장대음봉,잔구간,0.32,-1.11,2026-09-21
MAMA,0.4,13.5,465674,1177447,6.29,17.16,0.4,0.2,2.0,강한매수,장대양봉,완만한상승,0.91,3.39,2026-09-21
ACRS,0.4,5.57,1521430,4255487,8.47,19.68,0.4,0.9,0.4,강한매수,양봉스프링,완만한상승,0.77,2.72,2026-09-21
GSM,0.4,4.16,482811,1088663,2.01,6.02,0.3,0.0,-0.5,중립,팽이도지,잔구간,0.29,-0.125,2026-09-21
LASE,0.4,0.876,1975793,4695312,1.73,8.15,0.2,0.9,-2.7,매도주의,장대음봉,잔구간,0.02,-1.29,2026-09-21
LDI,0.4,0.71,3305098,9321393,2.35,7.79,0.3,3.2,-1.3,중립,망치형,잔구간,0.57,0.54,2026-09-21
AVTX,0.4,16.17,542683,1273830,8.78,21.87,0.4,0.0,-2.4,중립,음봉,잔구간,0.3,-0.47,2026-09-21
CTMX,0.4,2.76,2331035,6503693,6.43,13.46,0.5,1.4,-1.4,중립,음봉,잔구간,0.21,-0.525,2026-09-21
AKR,0.4,19.35,686373,1576055,13.28,29.06,0.5,0.4,-0.1,중립,망치형,잔구간,0.77,0.66,2026-09-21
COLD,0.4,14.73,2088812,4665047,30.77,61.14,0.5,1.0,1.2,강한매수,양봉,완만한상승,0.89,2.07,2026-09-21
TSHA,0.4,5.04,1676219,4747957,8.45,20.35,0.4,1.0,-0.6,중립,팽이도지,완만한상승,0.35,0.72,2026-09-21
UNCY,0.4,4.77,448528,1007696,2.14,4.8,0.4,1.0,-1.6,매도주의,장대음봉,잔구간,0.24,-1.155,2026-09-21
VREX,0.4,18.47,323537,752836,5.98,14.28,0.4,0.1,-0.2,매도주의,장대음봉,잔구간,0.2,-1.18,2026-09-21
NRXP,0.4,3.29,380010,868145,1.25,2.55,0.5,1.5,-2.4,강한매도,장대음봉,수횡파,0.0,-2.0,2026-09-21
GBDC,0.4,12.55,625444,1582573,7.85,19.35,0.4,0.6,-0.5,중립,음봉,완만한상승,0.42,0.1,2026-09-21
DRK,0.4,2.98,406543,1123801,1.21,3.29,0.4,-1.0,-2.6,중립,무참고,정보부족,,0.0,2026-09-21
SID,0.4,1.17,4034855,9684511,4.72,12.23,0.4,3.6,2.6,매수관심,장대양봉,잔구간,1.0,1.3,2026-09-21
SKYQ,0.4,2.67,936280,2293373,2.5,14.63,0.2,-3.3,0.0,중립,팽이도지,전저점이탈,0.55,-0.69,2026-09-21
BRBS,0.4,3.96,807188,2065652,3.2,7.05,0.5,0.8,-0.5,중립,음봉,잔구간,0.33,-0.45,2026-09-21
SABR,0.4,2.33,3839447,8746104,8.95,18.26,0.5,0.0,3.1,매수관심,양봉,완만한상승,0.76,1.91,2026-09-21
SES,0.4,0.57,10171336,26177853,5.8,15.02,0.4,0.0,5.5,강한매수,장대양봉,완만한상승,0.9,3.38,2026-09-21
TAL,0.3,11.82,1555295,5148659,18.38,64.52,0.3,0.3,-0.3,매수관심,팽이도지,완만한상승,0.64,1.07,2026-09-21
TPST,0.3,0.774,1899858,6334086,1.47,15.99,0.1,-5.0,-15.9,매도주의,장대음봉,잔구간,0.05,-1.27,2026-09-21
QCLS,0.3,0.785,1810902,6648742,1.42,24.93,0.1,-3.7,6.8,매수관심,양봉,완만한상승,0.77,1.92,2026-09-21
AEHL,0.3,6.92,301667,1016269,2.09,15.49,0.1,-1.8,-16.2,중립,음봉,잔구간,0.07,-0.61,2026-09-21
BENF,0.3,0.557,3121436,9316647,1.74,18.92,0.1,4.5,-5.1,중립,음봉,전저점부근,0.25,-0.25,2026-09-21
CRBP,0.3,7.65,499816,1788313,3.82,16.41,0.2,0.4,1.9,매수관심,양봉,완만한상승,0.62,1.74,2026-09-21
ECAT,0.3,14.43,313655,994911,4.53,10.78,0.4,0.6,-0.1,중립,팽이도지,잔구간,0.57,0.04,2026-09-21
BSBR,0.3,5.88,1147900,3354180,6.75,24.12,0.3,1.7,0.5,중립,양봉,잔구간,0.82,0.54,2026-09-21
RLMD,0.3,4.16,552734,1631683,2.3,6.98,0.3,0.2,0.7,중립,팽이도지,잔구간,0.53,0.02,2026-09-21
DLXY,0.3,0.598,2353825,8276396,1.41,60.18,0.0,-29.1,-2.0,중립,팽이도지,잔구간,0.34,-0.095,2026-09-21
PDSB,0.3,0.842,17073163,58362738,14.37,64.92,0.2,16.3,-10.2,중립,음봉,완만한상승,0.22,-0.14,2026-09-21
PAYO,0.3,7.11,1331193,4211764,9.46,23.69,0.4,-0.3,0.0,매도주의,위꼬리양봉,잔구간,0.0,-0.8,2026-09-21
GIPR,0.2,0.683,4942851,22454745,3.38,26.09,0.1,-6.0,1.1,중립,팽이도지,잔구간,0.62,0.07,2026-09-21
MEDS,0.2,4.18,2081660,11510819,8.7,134.49,0.1,10.9,0.2,매수관심,팽이도지,완만한상승,0.54,0.95,2026-09-21
TNON,0.1,3.73,518787,3692967,1.94,145.33,0.0,-1.0,-7.7,매도주의,장대음봉,전저점부근,0.08,-1.75,2026-09-21
TRUG,0.1,0.432,5282005,83059178,2.28,53.14,0.0,-2.2,-11.4,매도주의,장대음봉,잔구간,0.23,-1.16,2026-09-21
VEEA,0.1,3.63,963391,14185723,3.5,139.18,0.0,-0.4,-18.1,매도주의,장대음봉,잔구간,0.12,-1.23,2026-09-21
FTFT,0.0,4.51,492961,13398481,2.22,156.2,0.0,0.2,-18.1,매도주의,장대음봉,잔구간,0.05,-1.27,2026-09-21
