ticker,ratio,latest_close,latest_volume,baseline_volume,dollar_volume_M,avg_dollar_vol_10d_M,dollar_surge_x,signal_gap_%,intraday_chg_%,candle_signal,candle_shape,candle_pos,close_pos,candle_score,latest_date
ZEO,1387.1,0.49,412014114,297036,201.8,4.98,40.5,11.5,40.8,강한매수,양봉,전고점돌파,0.37,2.04,2026-09-22
CWD,789.7,0.728,102845421,130239,74.9,0.09,860.2,7.9,30.1,중립,위꼬리양봉,전고점돌파,0.33,0.3,2026-09-22
BFRG,751.4,0.6,68647320,91359,41.19,0.05,791.7,7.5,13.2,중립,위꼬리양봉,전고점돌파,0.42,0.4,2026-09-22
RAIN,745.0,1.02,64047322,85973,65.33,0.09,749.1,2.9,50.0,강한매수,양봉,전고점돌파,0.4,2.08,2026-09-22
LHSW,459.3,0.889,346029852,753361,307.66,11.27,27.3,193.3,-30.0,중립,음봉,전고점돌파,0.3,0.56,2026-09-22
GELS,439.0,0.61,33661046,76670,20.53,0.16,131.4,-2.2,9.2,중립,위꼬리양봉,잔구간,0.34,-0.595,2026-09-22
TOPS,358.4,0.87,104316271,291022,90.76,4.79,18.9,79.7,-32.6,매도주의,장대음봉,전고점돌파,0.0,-1.1,2026-09-22
GLND,287.9,2.51,74044257,257163,185.85,58.13,3.2,2.1,-14.6,중립,음봉,잔구간,0.1,-0.59,2026-09-22
FLNA,262.1,1.03,94301465,359761,97.13,0.25,387.7,33.2,4.6,중립,위꼬리양봉,전고점돌파,0.32,0.28,2026-09-22
GRML,206.9,14.15,101020177,488340,1429.44,208.31,6.9,45.4,3.3,중립,위꼬리양봉,전고점돌파,0.28,0.24,2026-09-22
EDBL,154.4,1.27,12319415,79805,15.65,0.11,138.6,-5.9,0.0,중립,팽이도지,잔구간,0.67,0.1,2026-09-22
GDC,97.4,1.6,17554247,180199,28.09,1.82,15.4,25.3,-12.6,중립,음봉,완만한상승,0.19,-0.17,2026-09-22
SDA,91.5,0.49,13285801,145258,6.51,1.05,6.2,-3.1,4.3,중립,양봉,잔구간,0.76,0.505,2026-09-22
IMCC,88.4,4.14,25801819,291947,106.82,45.03,2.4,45.9,-8.0,중립,팽이도지,완만한상승,0.27,0.62,2026-09-22
WHLR,68.4,1.87,12812363,187308,23.96,1.4,17.1,-2.3,-7.4,중립,팽이도지,전저점부근,0.32,0.53,2026-09-22
STI,68.1,6.86,6092592,89433,41.8,0.68,61.5,10.1,-14.1,매도주의,장대음봉,잔구간,0.27,-1.14,2026-09-22
IPDN,67.9,3.9,13681913,201436,53.36,8.08,6.6,-0.3,16.4,중립,양봉,잔구간,0.68,0.46,2026-09-22
JTAI,66.7,1.8,8636829,129526,15.55,0.15,103.8,2.0,19.2,중립,위꼬리양봉,전고점돌파,0.42,0.4,2026-09-22
MASK,44.8,0.907,9233854,206224,8.38,1.44,5.8,-3.2,6.1,중립,양봉,잔구간,0.71,0.475,2026-09-22
QNME,41.6,0.851,133259448,3205061,113.39,22.54,5.0,106.4,-35.5,매도주의,장대음봉,완만한상승,0.11,-1.57,2026-09-22
LOBO,35.5,0.618,2835196,79779,1.75,11.99,0.1,-12.3,0.7,중립,팽이도지,잔구간,0.67,0.1,2026-09-22
BTTC,35.4,0.566,7940089,224149,4.49,35.43,0.1,-21.9,-8.9,중립,음봉,잔구간,0.43,-0.39,2026-09-22
BJDX,27.0,1.0,4521244,167585,4.52,5.12,0.9,-0.2,9.8,매수관심,장대양봉,잔구간,0.77,1.16,2026-09-22
SPRO,26.5,1.36,7764493,293122,10.56,0.4,26.3,14.0,4.6,강한매수,양봉,전고점돌파,0.5,2.2,2026-09-22
DAVA,24.3,2.11,4618254,190076,9.74,0.72,13.5,-14.3,-11.7,강한매도,장대음봉,전저점이탈,0.11,-3.22,2026-09-22
PFSA,23.9,2.17,4049564,169407,8.79,0.62,14.2,-2.6,14.8,강한매수,장대양봉,완만한상승,0.84,3.31,2026-09-22
XNDX,23.1,2.335,2186405,94542,5.11,0.61,8.4,-40.1,-5.1,중립,팽이도지,전저점이탈,0.51,-0.74,2026-09-22
AKAN,19.9,3.23,5196009,261094,16.78,5.74,2.9,5.6,0.0,중립,팽이도지,완만한상승,0.33,0.7,2026-09-22
XNDU,18.8,5.78,35304597,1880716,204.06,14.72,13.9,-20.1,-1.9,중립,팽이도지,전저점이탈,0.53,-0.71,2026-09-22
WSHP,17.9,5.95,920035,51510,5.47,0.38,14.6,9.6,4.4,중립,위꼬리양봉,완만한상승,0.26,-0.39,2026-09-22
MSS,16.8,1.56,1927004,114480,3.01,0.31,9.6,-1.9,0.0,중립,팽이도지,잔구간,0.6,0.06,2026-09-22
TLSI,16.4,4.93,2605575,158869,12.85,0.85,15.2,0.0,-1.0,중립,팽이도지,잔구간,0.33,-0.1,2026-09-22
PRTH,15.8,7.8,8186594,517135,63.86,17.07,3.7,-0.1,0.1,중립,팽이도지,전고점부근,0.62,-0.31,2026-09-22
TBPH,14.3,17.03,6187420,432718,105.37,6.89,15.3,-0.1,-0.1,매도주의,위꼬리음봉,수횡파,0.0,-1.5,2026-09-22
ZCMD,13.1,1.03,2737175,209110,2.82,0.2,14.4,-1.5,31.9,강한매수,장대양봉,전고점돌파,0.96,4.05,2026-09-22
MBRX,12.5,0.565,5879017,470923,3.32,0.65,5.1,3.8,4.6,중립,위꼬리양봉,잔구간,0.36,-0.585,2026-09-22
EVAC,11.3,10.305,940372,83500,9.69,1.54,6.3,-0.0,0.1,매수관심,양봉,완만한상승,0.75,1.9,2026-09-22
CMPX,11.0,1.24,27202788,2477988,33.73,6.47,5.2,-31.3,-0.8,매도주의,팽이도지,전저점이탈,0.31,-0.98,2026-09-22
NCT,10.1,6.0,2671338,263934,16.03,14.38,1.1,18.8,-11.4,중립,음봉,잔구간,0.38,-0.42,2026-09-22
CELZ,10.1,0.94,1778714,176614,1.67,2.17,0.8,-12.4,6.8,중립,양봉,잔구간,0.87,0.57,2026-09-22
PYPG,9.5,7.03,1453204,153198,10.22,1.57,6.5,1.3,-0.4,중립,팽이도지,완만한상승,0.25,0.6,2026-09-22
PREF,8.9,18.66,2130857,240667,39.76,5.47,7.3,-0.1,0.0,중립,팽이도지,잔구간,0.33,-0.1,2026-09-22
SMJF,8.8,1.24,2231416,255017,2.77,0.35,7.8,-0.9,14.8,강한매수,양봉,전고점돌파,0.44,2.13,2026-09-22
XRPN,8.3,10.57,1138091,137429,12.03,2.4,5.0,0.0,0.0,매수관심,팽이도지,완만한상승,0.5,0.9,2026-09-22
SDEV,8.2,1.27,2260220,274773,2.87,0.62,4.6,-0.2,27.2,강한매수,장대양봉,전고점돌파,0.97,4.06,2026-09-22
DGNX,8.2,1.53,1155228,140557,1.77,0.39,4.5,-2.1,9.3,강한매수,장대양봉,전고점돌파,0.87,3.94,2026-09-22
RYDE,8.1,0.695,2958395,364959,2.06,0.81,2.5,3.7,-2.6,중립,음봉,완만한상승,0.32,-0.02,2026-09-22
DBRG,7.3,15.98,30013846,4133984,479.62,77.32,6.2,0.4,-0.1,매수관심,음봉,전고점돌파,0.5,0.8,2026-09-22
FIRY,7.2,12.6,769333,106177,9.69,1.07,9.0,0.5,17.2,강한매수,장대양봉,전고점돌파,0.68,3.72,2026-09-22
SHPU,6.8,16.63,509215,75194,8.47,2.79,3.0,9.1,4.6,강한매수,양봉,전고점돌파,0.6,2.32,2026-09-22
TNGY,6.7,10.88,355346,53327,3.87,0.69,5.6,-1.0,-0.4,강한매도,위꼬리음봉,전저점이탈,0.19,-2.62,2026-09-22
PSBD,6.4,10.45,432479,67959,4.52,0.84,5.4,0.7,0.0,중립,팽이도지,완만한상승,0.32,0.68,2026-09-22
RSKD,6.4,7.01,5342744,835051,37.45,5.78,6.5,0.9,9.4,강한매수,장대양봉,전고점돌파,0.94,4.03,2026-09-22
EQ,6.3,1.93,3072082,487272,5.93,1.23,4.8,0.3,1.6,매수관심,양봉스프링,잔구간,0.86,0.965,2026-09-22
MRNO,6.3,0.315,3251096,512833,1.02,11.59,0.1,2.1,-1.2,매수관심,팽이도지,완만한상승,0.45,0.84,2026-09-22
PAAI,6.1,1.3,15963273,2636285,20.75,18.31,1.1,-11.3,18.2,중립,위꼬리양봉,잔구간,0.31,-0.615,2026-09-22
NUR,5.9,1.17,2250023,383394,2.63,13.2,0.2,3.0,-15.8,매도주의,장대음봉,잔구간,0.24,-1.155,2026-09-22
OFAL,5.8,0.594,2686875,461279,1.6,0.57,2.8,-2.0,4.9,중립,위꼬리양봉,완만한상승,0.18,-0.48,2026-09-22
CISS,5.7,1.14,2127724,374379,2.43,2.22,1.1,6.5,-13.0,매도주의,음봉,전저점이탈,0.45,-1.51,2026-09-22
AUUD,5.6,1.33,1800534,319491,2.39,1.23,1.9,-0.7,-0.7,매도주의,위꼬리음봉,잔구간,0.24,-0.905,2026-09-22
MGN,5.6,4.14,1069266,191170,4.43,14.92,0.3,1.3,8.1,중립,위꼬리양봉,완만한상승,0.33,-0.3,2026-09-22
NFE,5.5,8.15,2742455,502818,22.35,5.45,4.1,-1.3,-23.7,강한매도,장대음봉,전저점이탈,0.19,-3.12,2026-09-22
AVX,5.4,4.41,875485,162678,3.86,1.31,3.0,-2.7,2.6,중립,위꼬리양봉,잔구간,0.35,-0.59,2026-09-22
GOAI,5.4,2.13,1009934,186778,2.15,0.36,5.9,2.9,18.3,중립,양봉,잔구간,0.53,0.37,2026-09-22
AVAT,5.4,2.26,4028384,740669,9.1,5.32,1.7,-2.1,23.5,강한매수,장대양봉,전고점돌파,0.86,3.93,2026-09-22
AIXI,5.3,2.04,1472689,279971,3.0,1.21,2.5,-2.1,10.9,중립,양봉,잔구간,0.68,0.46,2026-09-22
IBIO,5.3,1.33,2093406,398306,2.78,0.64,4.4,1.6,3.9,강한매수,양봉,전고점돌파,0.71,2.45,2026-09-22
YCBD,5.3,0.5,2396536,450139,1.2,0.64,1.9,-1.8,15.7,매수관심,장대양봉,잔구간,1.0,1.3,2026-09-22
PMTR,5.3,10.43,475015,89650,4.95,1.59,3.1,0.0,0.2,중립,양봉,전고점부근,0.45,0.19,2026-09-22
SUIG,5.1,1.54,2176311,424001,3.35,1.31,2.6,-1.4,6.9,강한매수,양봉,전고점돌파,0.59,2.31,2026-09-22
CRMU,5.1,2.892,2367130,461585,6.85,2.06,3.3,-4.3,-12.4,매도주의,장대음봉,잔구간,0.03,-1.28,2026-09-22
XPON,5.1,5.3,358672,70609,1.9,0.68,2.8,0.0,9.3,매수관심,양봉,완만한상승,0.79,1.95,2026-09-22
METQ,5.0,13.86,1068690,214454,14.81,5.29,2.8,2.7,-1.7,중립,망치형,잔구간,0.75,0.65,2026-09-22
HCAI,5.0,0.539,8921115,1785131,4.81,2.04,2.4,0.0,3.6,중립,위꼬리양봉,전저점부근,0.2,-0.61,2026-09-22
EVER,4.8,19.55,3467296,720476,67.79,16.54,4.1,0.7,-15.0,강한매도,장대음봉,전저점이탈,0.17,-3.15,2026-09-22
BDRY,4.8,15.57,504527,104403,7.86,1.8,4.4,0.9,-4.0,매도주의,장대음봉,잔구간,0.16,-1.205,2026-09-22
MNKD,4.8,3.49,16303712,3413744,56.9,14.04,4.1,0.9,-1.1,중립,망치형,잔구간,0.8,0.68,2026-09-22
MAAS,4.7,14.9,1608913,345991,23.97,5.21,4.6,0.0,-6.1,매도주의,음봉,전저점이탈,0.15,-1.87,2026-09-22
BABX,4.7,19.09,2027346,433114,38.7,8.9,4.3,7.4,-6.1,강한매도,장대음봉,전고점부근,0.04,-4.0,2026-09-22
FIGG,4.7,16.62,590951,126445,9.82,2.79,3.5,4.8,-9.2,강한매도,장대음봉,전저점이탈,0.39,-2.88,2026-09-22
KTUP,4.6,5.03,1148031,247167,5.77,1.43,4.0,3.3,-9.7,매도주의,장대음봉,잔구간,0.32,-1.11,2026-09-22
TAOX,4.5,4.49,704585,157978,3.16,1.13,2.8,4.8,-10.7,매도주의,장대음봉,잔구간,0.07,-1.26,2026-09-22
VBIO,4.5,2.49,544709,121419,1.36,0.28,4.9,1.3,3.3,중립,위꼬리양봉,전고점돌파,0.3,0.26,2026-09-22
HEPS,4.1,2.56,1787265,434391,4.58,1.94,2.4,-0.8,3.6,매수관심,장대양봉,잔구간,0.71,1.125,2026-09-22
BCBP,3.9,8.67,1025217,263713,8.89,4.13,2.2,0.0,-0.3,중립,팽이도지,잔구간,0.63,0.08,2026-09-22
DH,3.9,0.89,2345135,597147,2.09,0.94,2.2,1.1,-2.2,중립,음봉,전저점부근,0.04,-0.5,2026-09-22
SOFX,3.9,8.36,4351460,1113123,36.38,9.04,4.0,11.0,-7.6,매도주의,장대음봉,잔구간,0.19,-1.185,2026-09-22
ARTL,3.9,4.15,324281,82269,1.35,0.34,3.9,1.0,0.2,강한매수,양봉스프링,완만한상승,0.85,2.82,2026-09-22
LVO,3.9,2.88,355041,90446,1.02,0.39,2.6,0.9,-12.5,강한매도,장대음봉,전저점이탈,0.16,-3.16,2026-09-22
STKE,3.7,1.63,963125,257006,1.57,0.55,2.9,-0.6,6.5,강한매수,양봉,전고점돌파,0.62,2.34,2026-09-22
BFLY,3.7,9.93,19819021,5355896,196.8,34.56,5.7,8.7,12.2,강한매수,장대양봉,전고점돌파,0.96,4.05,2026-09-22
EIDO,3.7,12.16,3171638,864864,38.57,13.81,2.8,-1.2,-0.4,매도주의,음봉,전저점이탈,0.36,-1.62,2026-09-22
ASTI,3.7,3.14,500493,135135,1.57,0.7,2.2,2.1,5.4,매수관심,장대양봉,전고점부근,0.76,1.86,2026-09-22
SGRY,3.6,15.8,8112077,2236862,128.17,31.31,4.1,1.0,14.6,강한매수,장대양봉,전고점돌파,0.96,4.05,2026-09-22
BEEM,3.6,1.28,1228781,340240,1.57,0.44,3.6,0.7,-5.2,강한매도,장대음봉,전저점이탈,0.3,-2.99,2026-09-22
BRSL,3.6,10.42,5787040,1615374,60.3,23.48,2.6,1.8,-0.4,중립,팽이도지,잔구간,0.45,-0.03,2026-09-22
SRAD,3.6,13.6,6529951,1813123,88.81,27.42,3.2,1.7,6.7,강한매수,장대양봉,전고점돌파,0.75,3.8,2026-09-22
NVOX,3.5,10.24,955768,273032,9.79,5.15,1.9,-1.5,-0.4,중립,팽이도지,전저점부근,0.4,0.63,2026-09-22
TARA,3.5,3.68,2893290,818273,10.65,3.91,2.7,1.1,3.7,중립,양봉,잔구간,0.39,0.285,2026-09-22
QNST,3.4,15.28,3148928,915676,48.12,16.98,2.8,0.2,-11.6,강한매도,장대음봉,전저점이탈,0.23,-3.07,2026-09-22
MBOT,3.4,1.38,1331794,397293,1.84,0.6,3.1,0.0,2.2,매수관심,양봉스프링,잔구간,0.91,0.995,2026-09-22
LTRN,3.4,1.36,749468,219520,1.02,0.35,2.9,-3.3,-6.2,강한매도,위꼬리음봉,전저점이탈,0.03,-2.81,2026-09-22
CHRS,3.3,1.3,4537053,1390058,5.9,1.69,3.5,1.5,-6.5,중립,음봉,잔구간,0.47,-0.37,2026-09-22
MINE,3.2,2.9,377134,118871,1.09,0.46,2.4,0.3,-1.4,중립,망치형,잔구간,0.67,0.6,2026-09-22
CGC,3.2,0.967,5358800,1694227,5.18,1.89,2.7,0.1,4.6,강한매수,장대양봉,전고점돌파,0.79,3.85,2026-09-22
NCI,3.2,14.31,1078237,336069,15.43,11.29,1.4,0.2,4.8,강한매수,장대양봉,완만한상승,0.92,3.4,2026-09-22
GRAG,3.2,4.51,415228,129090,1.87,0.56,3.4,10.9,5.9,강한매수,장대양봉,전고점돌파,0.67,3.7,2026-09-22
VFF,3.1,2.98,1483543,484230,4.42,1.72,2.6,8.3,-4.5,매도주의,장대음봉,전고점돌파,0.11,-0.97,2026-09-22
RKTO,3.1,0.781,1287800,409041,1.01,0.42,2.4,-1.6,6.1,매수관심,양봉,완만한상승,0.47,1.56,2026-09-22
ELDN,3.1,2.89,2095648,674309,6.06,1.96,3.1,2.2,5.1,강한매수,양봉,전고점돌파,0.51,2.21,2026-09-22
LXEO,3.1,4.07,3092290,993728,12.59,4.05,3.1,5.6,-5.6,매도주의,장대음봉,잔구간,0.12,-1.23,2026-09-22
STEX,3.0,0.812,2992670,987985,2.43,0.69,3.5,2.8,9.8,강한매수,양봉,전고점돌파,0.66,2.39,2026-09-22
GEL,3.0,14.64,795729,264227,11.65,5.58,2.1,-0.5,-2.1,중립,음봉,잔구간,0.06,-0.615,2026-09-22
CRML,3.0,8.54,21553094,7258251,184.06,90.61,2.0,-2.4,-6.3,매도주의,장대음봉,잔구간,0.07,-1.26,2026-09-22
NTRB,3.0,6.76,319603,105736,2.16,0.64,3.4,0.1,-13.1,매도주의,장대음봉,잔구간,0.08,-1.25,2026-09-22
JELD,2.9,1.84,2590111,886351,4.77,2.07,2.3,1.2,6.4,중립,양봉,잔구간,0.59,0.405,2026-09-22
CATX,2.9,2.96,5145236,1803382,15.23,7.52,2.0,1.0,-1.3,중립,망치형,잔구간,0.71,0.625,2026-09-22
MSOS,2.9,5.33,10156723,3545491,54.14,20.12,2.7,1.0,6.8,강한매수,장대양봉,전고점돌파,0.98,4.08,2026-09-22
FTCI,2.9,2.62,583134,202598,1.53,0.9,1.7,1.7,10.1,강한매수,장대양봉,완만한상승,0.68,3.12,2026-09-22
HSDT,2.8,3.27,1618409,572928,5.29,1.37,3.9,0.0,5.1,강한매수,양봉,전고점돌파,0.56,2.27,2026-09-22
GMEU,2.8,8.8,1516916,543160,13.35,5.2,2.6,6.3,4.8,강한매수,양봉,전고점돌파,0.77,2.52,2026-09-22
CWEB,2.8,19.68,2320310,829855,45.66,17.57,2.6,1.8,-1.0,중립,음봉,전고점돌파,0.32,0.58,2026-09-22
NUAI,2.8,6.975,16940569,6032984,118.16,57.78,2.0,-5.5,-3.5,중립,음봉,잔구간,0.43,-0.39,2026-09-22
OMAH,2.8,18.07,2345892,832481,42.39,16.13,2.6,0.3,-1.1,강한매도,장대음봉,전저점이탈,0.04,-3.3,2026-09-22
OVID,2.8,2.76,3743695,1313922,10.33,4.76,2.2,1.8,0.0,중립,팽이도지,완만한상승,0.35,0.72,2026-09-22
KRO,2.8,8.58,1059213,377649,9.09,3.58,2.5,1.0,5.3,강한매수,장대양봉,전고점돌파,0.84,3.91,2026-09-22
EPRX,2.7,8.58,781668,286030,6.71,2.72,2.5,1.5,-2.2,중립,음봉,잔구간,0.5,-0.35,2026-09-22
DC,2.7,6.9,3443761,1256859,23.76,9.61,2.5,0.9,7.8,강한매수,장대양봉,전고점돌파,0.85,3.92,2026-09-22
KRMD,2.7,3.31,611516,224545,2.02,0.81,2.5,0.6,1.8,강한매수,양봉,전고점돌파,0.88,2.66,2026-09-22
OWLT,2.7,5.53,374018,140314,2.07,1.18,1.8,1.4,9.5,강한매수,장대양봉,전고점돌파,0.92,4.0,2026-09-22
PTON,2.7,5.02,19349224,7086794,97.13,47.56,2.0,2.8,-1.4,중립,팽이도지,전고점부근,0.3,-0.69,2026-09-22
SANA,2.7,3.33,7169599,2694449,23.87,15.12,1.6,1.6,5.7,강한매수,장대양봉,전고점돌파,0.88,3.96,2026-09-22
HIX,2.7,3.76,599789,226108,2.26,1.08,2.1,0.0,0.3,매수관심,양봉스프링,잔구간,0.78,0.92,2026-09-22
CTKB,2.7,5.71,3779426,1405012,21.58,7.0,3.1,0.2,7.9,강한매수,장대양봉,전고점돌파,0.78,3.84,2026-09-22
DAMD,2.7,8.63,6118431,2292277,52.8,36.89,1.4,2.8,-5.4,강한매도,장대음봉,전저점이탈,0.02,-3.33,2026-09-22
UBRL,2.7,13.4,543391,199098,7.28,4.84,1.5,2.3,-4.6,강한매도,장대음봉,전저점이탈,0.17,-3.15,2026-09-22
TONX,2.6,4.07,535974,203380,2.18,1.04,2.1,-0.3,6.3,강한매수,장대양봉,전고점돌파,0.78,3.84,2026-09-22
GRAB,2.6,3.17,189625386,72132134,601.11,233.18,2.6,4.6,4.1,강한매수,장대양봉,전고점돌파,0.76,3.81,2026-09-22
NFLU,2.6,15.76,304821,115033,4.8,2.72,1.8,0.6,-4.2,매도주의,장대음봉,잔구간,0.22,-1.17,2026-09-22
NAMM,2.6,1.41,910194,349245,1.28,0.48,2.7,-0.7,5.2,강한매수,양봉,전고점돌파,0.56,2.27,2026-09-22
ABUS,2.6,5.01,10494040,4030928,52.58,20.71,2.5,0.4,-0.2,중립,팽이도지,잔구간,0.27,-0.14,2026-09-22
BB,2.6,8.62,30094682,11788783,259.42,82.55,3.1,7.2,-5.7,매도주의,장대음봉,전고점돌파,0.21,-0.85,2026-09-22
ONCY,2.6,0.713,2075159,803575,1.48,0.93,1.6,-0.8,-6.1,강한매도,장대음봉,전저점이탈,0.05,-3.29,2026-09-22
BLZE,2.6,14.3,4051996,1553224,57.94,23.25,2.5,0.8,4.3,강한매수,장대양봉,전고점돌파,0.91,3.99,2026-09-22
SPPP,2.6,14.54,675875,260904,9.83,6.13,1.6,0.3,0.1,매수관심,팽이도지,완만한상승,0.69,1.13,2026-09-22
ADBG,2.6,3.7,5111351,1985536,18.91,15.37,1.2,3.8,-12.3,강한매도,장대음봉,전저점이탈,0.04,-3.3,2026-09-22
USDEW,2.5,3.51,461665,181685,1.62,0.48,3.4,3.6,0.3,매수관심,팽이도지,완만한상승,0.44,0.83,2026-09-22
FBY,2.5,9.83,320715,128322,3.15,1.63,1.9,-1.1,0.6,중립,위꼬리양봉,잔구간,0.35,-0.59,2026-09-22
ACTG,2.5,4.34,399962,162194,1.74,0.88,2.0,0.5,-0.9,매도주의,음봉,전저점이탈,0.37,-1.61,2026-09-22
NRDS,2.5,8.53,1618640,656462,13.81,6.73,2.1,0.8,-6.8,강한매도,장대음봉,전저점이탈,0.22,-3.09,2026-09-22
DNA,2.5,9.37,3334099,1341822,31.24,9.17,3.4,-1.4,19.1,강한매수,장대양봉,전고점돌파,0.78,3.84,2026-09-22
VGZ,2.5,2.82,4922530,1949965,13.88,5.34,2.6,-3.3,6.4,강한매수,장대양봉,전고점돌파,0.71,3.75,2026-09-22
GBTG,2.4,9.46,2432649,1013235,23.01,15.84,1.5,0.3,-0.3,매도주의,장대음봉,전저점부근,0.0,-1.85,2026-09-22
EOSU,2.4,8.11,400692,166869,3.25,1.63,2.0,3.6,-3.7,매도주의,위꼬리음봉,잔구간,0.03,-1.03,2026-09-22
TASK,2.4,8.65,952110,399041,8.24,4.36,1.9,0.5,-0.5,중립,망치형,전고점부근,0.69,0.78,2026-09-22
JDZG,2.4,3.98,2272050,927763,9.04,2.8,3.2,2.3,0.0,중립,위꼬리양봉,완만한상승,0.25,-0.4,2026-09-22
CLPT,2.4,15.79,1144027,478228,18.06,7.53,2.4,0.2,12.8,강한매수,장대양봉,전고점돌파,0.72,3.76,2026-09-22
TBI,2.4,9.94,650853,270604,6.47,3.32,2.0,1.5,6.3,강한매수,장대양봉,전고점돌파,0.95,4.04,2026-09-22
CANE,2.4,11.21,943531,386454,10.58,5.49,1.9,0.5,0.2,중립,양봉,잔구간,0.62,0.42,2026-09-22
MNOV,2.4,2.9,2478642,1047180,7.19,3.8,1.9,-4.2,-8.2,매도주의,장대음봉,잔구간,0.0,-1.3,2026-09-22
MSOX,2.4,3.4,3417161,1432831,11.62,4.88,2.4,0.3,14.1,강한매수,장대양봉,전고점돌파,1.0,4.1,2026-09-22
BMM,2.4,5.775,945021,397964,5.46,3.39,1.6,0.6,8.3,강한매수,장대양봉,완만한상승,0.82,3.28,2026-09-22
ACB,2.3,4.27,1422147,615650,6.07,2.62,2.3,0.5,5.4,강한매수,장대양봉,전고점돌파,0.92,4.0,2026-09-22
SVCO,2.3,8.04,838507,371712,6.74,2.55,2.6,-0.1,9.5,강한매수,장대양봉,전고점돌파,0.91,3.99,2026-09-22
AIXC,2.3,1.41,1066196,454035,1.5,0.69,2.2,1.8,24.8,강한매수,장대양봉,전고점돌파,0.94,4.03,2026-09-22
HLLY,2.3,2.67,3180094,1375371,8.49,4.21,2.0,1.6,5.1,강한매수,장대양봉,완만한상승,0.78,3.24,2026-09-22
TGL,2.3,2.09,940420,414020,1.97,2.16,0.9,7.3,-34.2,매도주의,장대음봉,전저점부근,0.06,-1.78,2026-09-22
CERS,2.3,2.67,3817930,1685320,10.19,4.04,2.5,1.2,3.1,강한매수,양봉,완만한상승,0.89,2.07,2026-09-22
ASTN,2.3,16.39,405151,175839,6.64,4.87,1.4,-0.5,-4.6,매도주의,음봉,전저점이탈,0.39,-1.58,2026-09-22
SLXN,2.3,0.392,32528504,14322486,12.76,9.13,1.4,-9.6,-20.3,중립,음봉,잔구간,0.37,-0.43,2026-09-22
ASPN,2.3,5.48,1495807,646659,8.2,3.27,2.5,0.6,5.0,강한매수,장대양봉,전고점돌파,0.74,3.79,2026-09-22
NNBR,2.3,3.37,3068435,1319022,10.34,4.17,2.5,0.0,0.6,중립,위꼬리양봉,잔구간,0.4,-0.56,2026-09-22
NHS,2.3,5.57,648857,285361,3.61,1.44,2.5,-0.5,-0.5,매도주의,음봉,전저점이탈,0.14,-1.88,2026-09-22
PESI,2.3,16.53,699855,301682,11.57,5.62,2.1,1.4,-6.0,매도주의,음봉,전저점이탈,0.56,-1.38,2026-09-22
RAMZ,2.3,12.62,664533,291205,8.39,6.15,1.4,3.0,-9.0,강한매도,장대음봉,전저점이탈,0.07,-3.27,2026-09-22
DLO,2.2,14.26,2871374,1324273,40.95,21.08,1.9,1.3,-1.7,중립,음봉,잔구간,0.49,-0.355,2026-09-22
SMUP,2.2,4.09,994707,457266,4.07,1.85,2.2,3.0,-0.7,중립,망치형,잔구간,0.73,0.64,2026-09-22
LFTO,2.2,16.35,1722040,783289,28.16,21.22,1.3,-0.4,-7.0,매도주의,장대음봉,잔구간,0.12,-1.23,2026-09-22
SFIX,2.2,2.99,3981611,1775776,11.91,5.1,2.3,1.1,3.8,매수관심,양봉,완만한상승,0.76,1.91,2026-09-22
SMST,2.2,11.37,2436944,1084833,27.71,24.21,1.1,1.5,-0.1,강한매수,망치형,전저점부근,0.98,3.33,2026-09-22
MX,2.2,3.2,1043793,465539,3.34,2.39,1.4,-0.6,0.6,매수관심,양봉스프링,잔구간,1.0,1.05,2026-09-22
PONY,2.2,7.29,5892137,2654862,42.95,23.75,1.8,0.9,5.0,강한매수,장대양봉,전고점돌파,0.76,3.81,2026-09-22
BCYC,2.2,3.73,554653,253469,2.07,2.01,1.0,1.1,1.6,중립,양봉,잔구간,0.44,0.315,2026-09-22
NEO,2.2,18.89,4000684,1814012,75.57,34.51,2.2,-0.7,-2.0,중립,음봉,잔구간,0.08,-0.6,2026-09-22
ABSI,2.2,10.71,8366973,3782036,89.61,34.52,2.6,1.8,7.1,강한매수,양봉,전고점돌파,0.64,2.37,2026-09-22
ZTO,2.2,19.84,5075047,2316969,100.69,63.03,1.6,1.8,0.2,매수관심,팽이도지,완만한상승,0.53,0.94,2026-09-22
CARS,2.1,10.8,960098,449170,10.37,6.8,1.5,1.2,-6.8,강한매도,장대음봉,전저점이탈,0.19,-3.12,2026-09-22
UNG,2.1,10.86,45557772,22088870,494.76,197.6,2.5,0.8,5.0,강한매수,장대양봉,전고점돌파,1.0,4.1,2026-09-22
VFS,2.1,3.23,663326,309868,2.14,1.28,1.7,-1.5,-3.0,중립,음봉,잔구간,0.0,-0.65,2026-09-22
VGM,2.1,9.66,389991,185995,3.77,1.82,2.1,0.0,0.1,중립,팽이도지,잔구간,0.73,0.14,2026-09-22
IAUX,2.1,1.87,17467446,8450557,32.66,14.53,2.2,1.1,6.3,강한매수,장대양봉,전고점돌파,0.92,4.0,2026-09-22
SUZ,2.1,9.55,4337465,2019465,41.42,24.51,1.7,0.4,2.8,강한매수,장대양봉,전고점돌파,0.97,4.06,2026-09-22
SOFI,2.1,17.16,98867050,46838345,1696.56,705.04,2.4,5.6,-4.3,매도주의,장대음봉,완만한상승,0.16,-1.51,2026-09-22
LMRI,2.1,10.52,658683,318655,6.93,4.15,1.7,1.1,-2.6,매도주의,음봉,전저점이탈,0.05,-1.99,2026-09-22
FUTG,2.1,4.32,715103,347842,3.09,1.91,1.6,1.4,-0.9,매도주의,위꼬리음봉,완만한상승,0.2,-0.96,2026-09-22
EYE,2.1,16.6,5102098,2392560,84.69,42.7,2.0,2.1,-1.2,강한매수,망치형,완만한상승,0.62,2.04,2026-09-22
WDCX,2.1,18.24,3248358,1579796,59.25,23.14,2.6,-3.7,11.5,강한매수,장대양봉,완만한상승,0.73,3.18,2026-09-22
ENGN,2.1,2.05,1066302,519890,2.19,1.19,1.8,0.0,4.6,강한매수,장대양봉,전고점돌파,0.75,3.8,2026-09-22
PUSA,2.0,3.82,1012257,504563,3.87,1.52,2.5,0.6,6.4,강한매수,양봉,전고점돌파,0.67,2.4,2026-09-22
SABS,2.0,3.5,738965,376786,2.59,1.77,1.5,0.9,2.3,매수관심,양봉,완만한상승,0.57,1.68,2026-09-22
LXRX,2.0,2.18,4843826,2371094,10.56,5.97,1.8,0.5,6.3,강한매수,장대양봉,전고점돌파,0.91,3.99,2026-09-22
LZ,2.0,5.91,4820022,2411466,28.49,16.37,1.7,1.5,-2.2,중립,음봉,잔구간,0.61,-0.285,2026-09-22
ASTX,2.0,11.3,4743158,2428215,53.6,34.94,1.5,1.1,4.5,매수관심,양봉,완만한상승,0.61,1.73,2026-09-22
ONDG,2.0,2.379,5620839,2817387,13.37,6.41,2.1,2.5,6.2,강한매수,장대양봉,전고점돌파,0.95,4.04,2026-09-22
NMAD,2.0,3.82,341710,174800,1.31,0.71,1.8,1.4,2.4,중립,위꼬리양봉,전고점돌파,0.32,0.28,2026-09-22
NUV,2.0,8.38,1542439,787985,12.93,5.78,2.2,-0.2,-0.8,매도주의,음봉,전저점이탈,0.21,-1.8,2026-09-22
FSCO,2.0,5.52,1679241,819161,9.27,4.4,2.1,0.4,2.0,강한매수,장대양봉,전고점돌파,1.0,4.1,2026-09-22
GANX,2.0,1.95,692699,338698,1.35,0.6,2.2,0.5,5.4,강한매수,장대양봉,전고점돌파,0.93,4.02,2026-09-22
ENTX,2.0,2.98,613718,302429,1.83,1.24,1.5,2.0,-1.3,중립,음봉,완만한상승,0.41,0.09,2026-09-22
VRME,2.0,1.04,8366081,4225697,8.7,15.54,0.6,-18.8,-7.1,중립,음봉,잔구간,0.5,-0.35,2026-09-22
AEBI,2.0,12.01,391834,197278,4.71,2.8,1.7,1.8,-2.2,매도주의,장대음봉,잔구간,0.06,-1.265,2026-09-22
GPRK,2.0,10.9,1231198,625351,13.42,14.54,0.9,-1.1,2.3,중립,양봉,잔구간,0.8,0.53,2026-09-22
IBRX,2.0,9.29,21133175,10721576,196.33,95.14,2.1,0.0,9.9,강한매수,장대양봉,전고점돌파,0.83,3.9,2026-09-22
ILPT,2.0,7.68,442904,216267,3.4,2.47,1.4,-1.0,-0.6,중립,망치형,잔구간,0.7,0.62,2026-09-22
TRLV,2.0,12.47,3253106,1604762,40.57,32.8,1.2,0.0,8.4,강한매수,장대양봉,전고점돌파,1.0,4.1,2026-09-22
PSKY,2.0,10.11,46405264,22930390,469.16,272.56,1.7,3.5,-1.5,중립,팽이도지,완만한상승,0.27,0.62,2026-09-22
ORBS,2.0,1.17,25859884,13234797,30.26,14.42,2.1,0.0,11.4,강한매수,양봉,전고점돌파,0.57,2.28,2026-09-22
NEXT,2.0,6.77,4618895,2332365,31.27,17.92,1.7,-0.6,-3.0,매도주의,장대음봉,잔구간,0.23,-1.16,2026-09-22
BNL,2.0,19.12,3568402,1808709,68.23,39.32,1.7,0.5,-1.3,중립,음봉,잔구간,0.41,-0.405,2026-09-22
ABX,2.0,8.02,821524,401601,6.59,5.47,1.2,1.6,-2.0,중립,음봉,전저점부근,0.6,0.17,2026-09-22
TMCI,1.9,4.59,395991,213457,1.82,0.98,1.9,0.0,2.5,매수관심,양봉,수횡파,0.64,1.47,2026-09-22
AEMD,1.9,6.57,764597,409412,5.02,64.94,0.1,-1.9,6.0,매수관심,양봉,완만한상승,0.37,1.44,2026-09-22
NOWL,1.9,7.44,7180544,3844152,53.42,35.09,1.5,5.9,-6.4,매도주의,장대음봉,잔구간,0.27,-1.14,2026-09-22
SNDQ,1.9,9.21,52960635,27218808,487.77,369.52,1.3,1.0,-14.2,강한매도,장대음봉,전저점이탈,0.17,-3.15,2026-09-22
PML,1.9,6.78,1177114,629900,7.98,4.01,2.0,0.7,-1.5,강한매도,장대음봉,전저점이탈,0.29,-3.0,2026-09-22
QSI,1.9,0.785,2429915,1278635,1.91,1.08,1.8,0.5,3.2,강한매수,장대양봉,완만한상승,0.82,3.28,2026-09-22
COSM,1.9,0.354,5331391,2742396,1.89,0.76,2.5,-1.3,6.0,강한매수,양봉,전고점돌파,0.51,2.21,2026-09-22
TEO,1.9,14.18,449236,231894,6.37,5.13,1.2,0.4,0.2,매수관심,팽이도지,완만한상승,0.72,1.16,2026-09-22
CORN,1.8,19.98,641124,360211,12.81,9.57,1.3,-1.0,-0.4,중립,음봉,잔구간,0.0,-0.65,2026-09-22
LU,1.8,1.15,1273600,727409,1.46,1.42,1.0,0.9,-1.7,중립,음봉,전저점부근,0.0,-0.55,2026-09-22
KLAR,1.8,13.67,7659390,4319844,104.7,65.54,1.6,1.6,-1.7,중립,음봉,잔구간,0.4,-0.41,2026-09-22
IRWD,1.8,4.525,3427965,1863894,15.51,9.95,1.6,1.1,1.5,매수관심,양봉,완만한상승,0.67,1.8,2026-09-22
JMKE,1.8,18.42,4673630,2562194,86.09,83.72,1.0,0.7,-4.6,강한매도,장대음봉,전저점이탈,0.26,-3.04,2026-09-22
LAB,1.8,0.75,1346512,768653,1.01,1.01,1.0,0.0,1.1,중립,위꼬리양봉,완만한상승,0.32,-0.32,2026-09-22
SBET,1.8,10.23,16130827,8866747,165.02,86.19,1.9,-0.7,3.2,강한매수,양봉,전고점돌파,0.7,2.44,2026-09-22
OPK,1.8,1.73,3477511,1964252,6.02,4.05,1.5,0.6,1.8,강한매수,양봉,전고점돌파,0.67,2.4,2026-09-22
RXRX,1.8,4.05,40460440,22676844,163.86,72.01,2.3,0.8,1.2,매수관심,팽이도지,전고점돌파,0.58,1.6,2026-09-22
XRPC,1.8,16.87,535924,289964,9.04,4.52,2.0,2.6,2.9,강한매수,양봉,전고점돌파,0.75,2.5,2026-09-22
MHD,1.8,10.91,1085792,592530,11.85,6.69,1.8,0.1,-0.4,중립,망치형,잔구간,0.69,0.615,2026-09-22
CBAT,1.8,1.29,1288112,707035,1.66,0.59,2.8,1.7,9.3,강한매수,장대양봉,전고점돌파,1.0,4.1,2026-09-22
PINS,1.8,18.39,22423331,12428113,412.37,335.69,1.2,1.6,-6.5,매도주의,장대음봉,잔구간,0.09,-1.245,2026-09-22
TIPX,1.8,18.35,472921,268361,8.68,5.53,1.6,0.0,-0.1,중립,음봉,잔구간,0.5,-0.35,2026-09-22
FOSL,1.8,6.41,1188784,665380,7.62,4.14,1.8,1.0,8.3,강한매수,장대양봉,전고점돌파,0.84,3.91,2026-09-22
FTNY,1.8,7.515,301724,165879,2.27,1.48,1.5,0.4,-0.3,매도주의,장대음봉,완만한상승,0.37,-1.26,2026-09-22
FSOL,1.8,13.91,982424,553060,13.67,5.31,2.6,-0.9,0.8,중립,양봉,잔구간,0.77,0.51,2026-09-22
TKNO,1.8,8.77,492031,274081,4.32,1.7,2.5,0.0,5.2,강한매수,양봉,전고점돌파,0.64,2.37,2026-09-22
VLN,1.8,1.92,1211426,674021,2.33,1.18,2.0,5.1,3.2,강한매수,양봉,전고점돌파,1.0,2.8,2026-09-22
CX,1.8,10.24,13128224,7112098,134.43,70.64,1.9,0.7,1.5,중립,양봉,잔구간,0.9,0.59,2026-09-22
EVTL,1.8,0.738,9647391,5387569,7.12,3.59,2.0,3.2,13.5,강한매수,장대양봉,전고점돌파,0.89,3.97,2026-09-22
AES,1.8,14.82,14077686,7665893,208.63,107.25,1.9,-0.1,0.0,매도주의,위꼬리양봉,잔구간,0.0,-0.8,2026-09-22
HAWK,1.8,15.97,2279032,1265319,36.4,26.39,1.4,1.3,-3.0,중립,음봉,잔구간,0.45,-0.38,2026-09-22
CPRI,1.8,15.19,11126042,6182899,169.0,105.45,1.6,4.4,1.7,중립,위꼬리양봉,완만한상승,0.28,-0.36,2026-09-22
DGXX,1.7,4.36,3076285,1807781,13.41,8.75,1.5,-1.8,1.9,중립,양봉,전고점부근,0.42,0.15,2026-09-22
WCMI,1.7,19.58,1347721,813153,26.39,15.66,1.7,-0.2,0.2,중립,팽이도지,잔구간,0.62,0.07,2026-09-22
DLY,1.7,13.23,416002,241765,5.5,2.57,2.1,0.4,-1.1,강한매도,장대음봉,전저점이탈,0.0,-3.35,2026-09-22
GAB,1.7,5.43,1957298,1139694,10.63,4.93,2.2,0.6,-0.7,매도주의,장대음봉,잔구간,0.0,-1.3,2026-09-22
GRFS,1.7,7.44,600101,362240,4.46,3.12,1.4,0.7,0.4,강한매수,양봉,완만한상승,0.83,2.0,2026-09-22
KREF,1.7,6.62,1193567,698725,7.9,5.08,1.6,1.3,-3.4,강한매도,장대음봉,전저점이탈,0.08,-3.25,2026-09-22
PHK,1.7,4.15,2566189,1481627,10.65,6.24,1.7,0.0,-2.4,강한매도,장대음봉,전저점이탈,0.04,-3.3,2026-09-22
PCG,1.7,12.88,60747880,34757051,782.43,541.94,1.4,0.7,-1.2,매도주의,음봉,전저점이탈,0.29,-1.7,2026-09-22
MQ,1.7,15.92,1044373,597929,16.63,10.47,1.6,1.8,0.3,중립,팽이도지,잔구간,0.55,0.03,2026-09-22
ZH,1.7,3.52,859072,499923,3.02,2.19,1.4,-0.3,2.3,강한매수,장대양봉,전고점돌파,0.67,3.7,2026-09-22
RYAM,1.7,9.16,1064149,616097,9.75,6.61,1.5,1.4,6.5,강한매수,장대양봉,전고점돌파,0.83,3.9,2026-09-22
LXFR,1.7,17.29,501325,292246,8.67,8.36,1.0,0.1,0.2,강한매수,양봉,완만한상승,1.0,2.2,2026-09-22
SAFX,1.7,0.459,7594351,4366603,3.48,1.89,1.8,-0.5,-8.3,중립,음봉,잔구간,0.15,-0.56,2026-09-22
IVVD,1.7,0.964,8439252,5038923,8.14,4.24,1.9,-1.0,-4.6,중립,음봉,잔구간,0.54,-0.325,2026-09-22
TBCH,1.7,12.8,434007,258166,5.56,3.43,1.6,2.2,-1.3,중립,음봉,완만한상승,0.52,0.22,2026-09-22
STTK,1.7,6.5,1459315,858575,9.49,9.51,1.0,1.5,4.8,강한매수,장대양봉,전고점돌파,0.91,3.99,2026-09-22
AMAU,1.7,13.22,521658,306530,6.9,2.96,2.3,-3.2,7.0,강한매수,장대양봉,전고점돌파,1.0,4.1,2026-09-22
AMBR,1.7,1.89,553061,334449,1.05,0.55,1.9,-0.6,15.2,강한매수,양봉,완만한상승,0.85,2.02,2026-09-22
INV,1.7,0.88,9448273,5680230,8.32,10.99,0.8,2.1,-2.0,중립,망치형,잔구간,0.73,0.64,2026-09-22
VUZI,1.7,2.96,1163503,689483,3.44,1.85,1.9,0.3,-3.0,중립,음봉,잔구간,0.1,-0.59,2026-09-22
GLAS,1.7,8.01,1243863,726118,9.96,5.65,1.8,-0.1,1.0,매수관심,양봉,수횡파,0.4,1.18,2026-09-22
BURU,1.7,1.04,2535284,1526579,2.64,2.27,1.2,-2.9,4.0,중립,양봉,잔구간,0.5,0.35,2026-09-22
MAX,1.7,9.98,1369887,805108,13.67,8.44,1.6,1.7,-9.0,강한매도,장대음봉,전저점이탈,0.14,-3.18,2026-09-22
METD,1.7,12.7,1259068,745476,15.99,16.93,0.9,0.7,-0.4,중립,망치형,잔구간,0.78,0.67,2026-09-22
MOBX,1.6,0.835,1583761,1012028,1.32,18.65,0.1,2.0,-11.0,강한매도,장대음봉,전저점이탈,0.1,-3.23,2026-09-22
RCEL,1.6,11.49,528414,322367,6.07,2.82,2.2,0.2,5.8,강한매수,양봉,전고점돌파,0.71,2.45,2026-09-22
COYA,1.6,5.3,334121,208320,1.77,0.82,2.2,0.8,6.2,강한매수,장대양봉,전고점돌파,0.88,3.96,2026-09-22
AMPG,1.6,3.405,1042049,633612,3.55,2.3,1.5,0.0,0.4,중립,팽이도지,잔구간,0.68,0.11,2026-09-22
CRMG,1.6,8.19,1937833,1237433,15.87,12.67,1.3,4.3,-6.8,강한매도,장대음봉,전저점이탈,0.27,-3.03,2026-09-22
BIAF,1.6,8.555,874297,562045,7.48,47.83,0.2,7.5,3.3,중립,위꼬리양봉,잔구간,0.34,-0.595,2026-09-22
NAKA,1.6,9.87,346675,220752,3.42,2.24,1.5,-0.7,-1.1,매도주의,위꼬리음봉,잔구간,0.17,-0.95,2026-09-22
YMAG,1.6,11.54,1111461,709162,12.83,10.71,1.2,-0.3,-0.1,매도주의,위꼬리음봉,잔구간,0.0,-1.05,2026-09-22
PTY,1.6,11.06,3011273,1923434,33.3,20.98,1.6,-0.2,-1.5,강한매도,장대음봉,전저점이탈,0.39,-2.88,2026-09-22
OPTX,1.6,7.34,510716,322841,3.75,2.74,1.4,-0.3,-6.7,매도주의,장대음봉,잔구간,0.27,-1.14,2026-09-22
BLND,1.6,1.17,2708210,1705450,3.17,3.1,1.0,0.8,-7.1,강한매도,장대음봉,전저점이탈,0.09,-3.24,2026-09-22
YMM,1.6,8.45,5853310,3579879,49.46,34.84,1.4,0.7,2.3,강한매수,장대양봉,전고점돌파,0.92,4.0,2026-09-22
YELP,1.6,18.96,1823723,1128227,34.58,29.2,1.2,1.6,-3.9,강한매도,장대음봉,전저점이탈,0.23,-3.07,2026-09-22
NVAX,1.6,10.83,7580684,4751161,82.1,55.44,1.5,-0.2,4.2,강한매수,양봉,전고점돌파,0.72,2.46,2026-09-22
EAD,1.6,6.15,397774,244984,2.45,1.4,1.7,-0.2,0.0,중립,팽이도지,잔구간,0.4,-0.06,2026-09-22
ABEV,1.6,3.01,26099115,16178257,78.56,71.76,1.1,0.0,1.0,중립,양봉,잔구간,0.75,0.5,2026-09-22
DMAC,1.6,7.78,312077,191114,2.43,1.22,2.0,1.1,6.0,강한매수,장대양봉,전고점돌파,0.96,4.05,2026-09-22
DOMH,1.6,2.57,502260,307804,1.29,0.69,1.9,1.6,0.0,매수관심,팽이도지,완만한상승,0.75,1.2,2026-09-22
GEMI,1.6,5.95,3610123,2225882,21.48,18.37,1.2,1.1,-1.7,중립,망치형,잔구간,0.54,0.525,2026-09-22
ADT,1.6,6.54,11106818,6780293,72.64,59.52,1.2,0.9,-2.1,강한매도,장대음봉,전저점이탈,0.05,-3.29,2026-09-22
SUPX,1.6,7.56,1782912,1100777,13.48,8.03,1.7,0.9,-15.2,매도주의,장대음봉,수횡파,0.19,-1.77,2026-09-22
FRSH,1.6,12.42,6761681,4240770,83.98,50.1,1.7,1.4,-1.6,중립,음봉,잔구간,0.45,-0.38,2026-09-22
HYLN,1.6,4.47,2920201,1882876,13.05,7.7,1.7,1.1,0.9,중립,위꼬리양봉,전고점돌파,0.34,0.31,2026-09-22
SNXX,1.6,19.8,82810351,52706873,1639.64,917.24,1.8,-1.5,14.7,강한매수,장대양봉,전고점돌파,0.84,3.91,2026-09-22
LILA,1.6,8.79,443792,282385,3.9,3.45,1.1,0.6,-0.3,매수관심,팽이도지,완만한상승,0.43,0.82,2026-09-22
SIDU,1.6,2.13,5798880,3702737,12.35,7.91,1.6,3.4,-0.5,매수관심,망치형,전고점부근,0.73,0.83,2026-09-22
INSE,1.6,4.515,464657,292733,2.1,1.28,1.6,0.7,-1.2,중립,음봉,잔구간,0.14,-0.565,2026-09-22
GME.WS,1.5,2.5,966378,649965,2.42,2.11,1.1,7.5,-0.0,매수관심,팽이도지,완만한상승,0.53,0.94,2026-09-22
TRIP,1.5,8.55,6241602,4234487,53.37,44.08,1.2,2.2,-4.9,강한매도,장대음봉,전저점이탈,0.1,-3.23,2026-09-22
CVRX,1.5,2.89,666182,455414,1.93,1.6,1.2,-0.7,-2.0,중립,음봉,잔구간,0.14,-0.565,2026-09-22
VTEX,1.5,3.63,1125448,732371,4.09,2.66,1.5,1.4,-0.3,매도주의,위꼬리음봉,완만한상승,0.13,-1.04,2026-09-22
IVA,1.5,3.65,2556229,1652330,9.33,6.57,1.4,-2.5,2.5,중립,양봉,잔구간,0.87,0.57,2026-09-22
STNE,1.5,9.86,5656177,3803791,55.77,45.78,1.2,1.0,0.5,강한매수,양봉스프링,완만한상승,0.94,2.93,2026-09-22
KDK,1.5,3.2,2402563,1630575,7.69,6.87,1.1,0.6,-2.7,매도주의,음봉,전저점이탈,0.22,-1.79,2026-09-22
SECZ,1.5,13.0,6307921,4201033,82.0,48.43,1.7,-4.0,0.3,중립,팽이도지,잔구간,0.61,0.065,2026-09-22
KYIV,1.5,13.04,377593,259812,4.92,4.19,1.2,0.2,-3.0,매도주의,장대음봉,잔구간,0.02,-1.29,2026-09-22
KYN,1.5,14.19,449646,291910,6.38,4.54,1.4,-0.1,-1.5,강한매도,장대음봉,전저점이탈,0.07,-3.27,2026-09-22
TTD,1.5,13.18,29613728,20418262,390.31,428.53,0.9,1.1,-6.1,강한매도,장대음봉,전저점이탈,0.03,-3.31,2026-09-22
ULCC,1.5,6.2,3482128,2325228,21.59,14.72,1.5,3.4,-2.1,매도주의,음봉,전고점부근,0.11,-1.62,2026-09-22
CTOS,1.5,9.63,1297680,871423,12.5,8.42,1.5,1.0,1.7,강한매수,장대양봉,전고점돌파,0.92,4.0,2026-09-22
INN,1.5,5.71,1053742,699137,6.02,4.82,1.2,0.7,0.2,매수관심,팽이도지,완만한상승,0.46,0.85,2026-09-22
INNV,1.5,10.655,339759,230957,3.62,3.66,1.0,0.3,0.2,매수관심,팽이도지,완만한상승,0.57,0.98,2026-09-22
FISN,1.5,8.12,407510,269560,3.31,2.87,1.2,1.9,1.9,매수관심,양봉,완만한상승,0.5,1.6,2026-09-22
VIVO,1.5,3.85,515894,333650,1.99,1.13,1.8,-0.5,0.3,중립,위꼬리양봉,잔구간,0.05,-0.77,2026-09-22
DSL,1.5,10.1,986573,678684,9.96,5.84,1.7,-0.4,-0.2,중립,팽이도지,전저점부근,0.39,0.62,2026-09-22
WSC,1.5,18.35,3710006,2445368,68.08,43.95,1.5,2.8,-1.3,중립,음봉,잔구간,0.45,-0.38,2026-09-22
DXD,1.5,17.62,4221678,2791119,74.39,49.4,1.5,-1.0,1.8,강한매수,장대양봉,완만한상승,0.79,3.25,2026-09-22
DTIL,1.5,7.19,431581,280810,3.1,1.69,1.8,1.1,9.4,강한매수,장대양봉,완만한상승,0.84,3.31,2026-09-22
BTQ,1.5,2.68,3184512,2145153,8.53,6.4,1.3,-1.0,-5.6,매도주의,장대음봉,잔구간,0.2,-1.18,2026-09-22
PBYI,1.5,9.82,360723,237111,3.54,2.61,1.4,0.6,1.8,강한매수,양봉,전고점돌파,0.61,2.33,2026-09-22
MYI,1.5,10.0,780217,506972,7.8,4.92,1.6,-0.2,0.0,중립,위꼬리양봉,잔구간,0.25,-0.65,2026-09-22
MUD,1.5,8.84,8470698,5650986,74.88,57.6,1.3,-0.6,-6.0,강한매도,장대음봉,전저점이탈,0.03,-3.31,2026-09-22
PFL,1.5,6.96,500880,330697,3.49,2.15,1.6,-0.1,-2.1,강한매도,장대음봉,전저점이탈,0.0,-3.35,2026-09-22
NCLH,1.5,14.22,25194193,16561442,358.26,257.4,1.4,3.6,-3.6,매도주의,장대음봉,잔구간,0.06,-1.265,2026-09-22
MH,1.5,13.54,774731,515652,10.49,6.36,1.6,1.0,1.1,매수관심,팽이도지,전고점돌파,0.62,1.64,2026-09-22
RAM,1.5,15.35,12562608,8633362,192.84,120.99,1.6,-2.8,9.6,강한매수,장대양봉,전고점돌파,0.94,4.03,2026-09-22
NPKI,1.5,11.74,1118210,748258,13.13,9.22,1.4,0.0,-5.9,강한매도,장대음봉,전저점이탈,0.0,-3.35,2026-09-22
OGG,1.5,2.74,1924708,1242181,5.27,2.95,1.8,0.0,4.2,매수관심,장대양봉,잔구간,0.78,1.17,2026-09-22
ZURA,1.5,4.51,2150458,1465784,9.7,7.78,1.2,1.3,-1.1,중립,음봉,잔구간,0.35,-0.44,2026-09-22
XRPZ,1.5,17.23,1108158,748476,19.09,11.52,1.7,2.6,2.6,강한매수,양봉,전고점돌파,0.71,2.45,2026-09-22
XRP,1.5,17.75,3723790,2458889,66.1,30.58,2.2,2.4,2.8,강한매수,양봉,전고점돌파,0.73,2.48,2026-09-22
ADAM,1.5,8.8,1589111,1048669,13.98,12.49,1.1,-2.8,1.5,매수관심,장대양봉,전저점이탈,0.86,1.68,2026-09-22
NIO,1.5,3.72,39067363,26169585,145.33,123.06,1.2,0.4,0.9,매수관심,양봉,완만한상승,0.38,1.46,2026-09-22
YSWY,1.5,20.0,512537,332525,10.25,7.33,1.4,2.8,-4.7,강한매도,장대음봉,전저점이탈,0.18,-3.13,2026-09-22
BMEA,1.5,1.7,2337434,1574484,3.97,3.15,1.3,0.0,-0.6,중립,팽이도지,잔구간,0.33,-0.1,2026-09-22
ONT,1.5,16.94,770812,526330,13.06,9.13,1.4,0.6,-3.7,매도주의,음봉,전저점이탈,0.22,-1.79,2026-09-22
OPRA,1.5,17.94,453274,299336,8.13,6.58,1.2,1.2,-2.2,매도주의,장대음봉,잔구간,0.18,-1.19,2026-09-22
ACH,1.5,0.85,1630252,1057996,1.39,1.26,1.1,0.2,-2.9,강한매도,장대음봉,전저점이탈,0.0,-3.35,2026-09-22
MASS,1.5,11.18,475128,314709,5.31,3.83,1.4,0.0,2.8,매수관심,양봉,전고점부근,0.98,0.83,2026-09-22
MEC,1.5,17.34,722642,486680,12.53,9.97,1.3,1.5,0.1,매수관심,양봉스프링,잔구간,0.82,0.94,2026-09-22
MGTX,1.5,12.35,1439344,947123,17.78,10.33,1.7,0.6,-6.2,강한매도,장대음봉,전저점이탈,0.16,-3.16,2026-09-22
RWM,1.5,14.01,34439216,23109632,482.49,311.66,1.5,-0.8,0.2,중립,팽이도지,잔구간,0.62,0.07,2026-09-22
POWW,1.5,2.37,686684,471707,1.63,1.34,1.2,0.4,5.8,강한매수,장대양봉,전고점돌파,0.97,4.06,2026-09-22
POET,1.5,8.17,10120916,6801871,82.69,70.1,1.2,-2.7,-0.1,중립,팽이도지,잔구간,0.56,0.035,2026-09-22
UA,1.5,4.63,2892902,1887253,13.39,11.34,1.2,2.1,-3.1,매도주의,장대음봉,잔구간,0.0,-1.3,2026-09-22
FFAI,1.5,1.42,1704073,1156762,2.42,1.65,1.5,-1.2,-11.8,강한매도,장대음봉,전저점이탈,0.05,-3.29,2026-09-22
XIFR,1.5,10.82,1088687,712875,11.78,7.79,1.5,-0.1,-0.1,중립,팽이도지,잔구간,0.33,-0.1,2026-09-22
VITL,1.5,11.25,3059618,1985964,34.42,20.71,1.7,1.5,-9.3,매도주의,장대음봉,잔구간,0.02,-1.29,2026-09-22
AESI,1.5,12.0,3945213,2662895,47.34,38.9,1.2,-2.5,-7.3,강한매도,장대음봉,전저점이탈,0.08,-3.25,2026-09-22
RIG,1.4,5.49,61275080,42510525,336.4,263.33,1.3,-1.7,2.4,매수관심,장대양봉,잔구간,0.78,1.17,2026-09-22
RETL,1.4,7.52,429548,304852,3.23,2.06,1.6,3.2,0.3,중립,팽이도지,완만한상승,0.41,0.79,2026-09-22
RR,1.4,1.73,5573123,3986915,9.64,7.22,1.3,0.6,-1.1,중립,망치형,잔구간,0.57,0.54,2026-09-22
CFFN,1.4,8.83,1226325,898850,10.83,8.86,1.2,0.7,-0.9,중립,음봉,수횡파,0.17,-0.5,2026-09-22
QFIN,1.4,7.87,2269131,1630137,17.86,15.35,1.2,1.4,-2.1,중립,음봉,전저점부근,0.43,-0.03,2026-09-22
MIST,1.4,0.921,1720804,1274668,1.58,1.55,1.0,0.2,0.1,매수관심,양봉스프링,잔구간,0.79,0.925,2026-09-22
METC,1.4,9.7,2728212,1940485,26.46,21.04,1.3,1.5,2.0,중립,팽이도지,잔구간,0.5,0.0,2026-09-22
QUIK,1.4,10.98,370497,266575,4.07,2.68,1.5,-0.1,2.3,강한매수,장대양봉,완만한상승,0.83,3.3,2026-09-22
MNTK,1.4,2.6,583863,405630,1.52,1.13,1.3,0.9,10.6,강한매수,장대양봉,완만한상승,0.94,3.43,2026-09-22
QMLS,1.4,8.06,612431,451513,4.94,3.36,1.5,0.0,-0.5,중립,팽이도지,잔구간,0.36,-0.085,2026-09-22
QTEX,1.4,0.78,1846861,1318567,1.44,1.13,1.3,-0.3,-8.7,강한매도,장대음봉,전저점이탈,0.08,-3.25,2026-09-22
MRAM,1.4,17.68,1273393,925874,22.51,14.26,1.6,-2.4,5.5,강한매수,장대양봉,전고점돌파,0.96,4.05,2026-09-22
BZ,1.4,14.82,11419697,8150984,169.24,175.41,1.0,0.3,2.3,매수관심,장대양봉,잔구간,0.95,1.27,2026-09-22
MOMO,1.4,5.03,1155253,849508,5.81,4.85,1.2,0.2,0.6,매수관심,양봉스프링,잔구간,0.92,1.0,2026-09-22
RARE,1.4,15.615,8134199,5792106,127.02,92.33,1.4,0.9,5.6,강한매수,양봉,전고점돌파,0.69,2.43,2026-09-22
PACB,1.4,1.47,7848551,5457439,11.54,6.62,1.7,1.5,6.5,강한매수,장대양봉,전고점돌파,0.92,4.0,2026-09-22
MVST,1.4,0.718,9362977,6620217,6.72,4.48,1.5,3.0,6.9,강한매수,장대양봉,전고점돌파,0.96,4.05,2026-09-22
MTUS,1.4,19.06,388048,270791,7.4,6.57,1.1,1.1,1.2,매수관심,양봉,완만한상승,0.59,1.71,2026-09-22
MSTZ,1.4,2.305,47733317,34065829,110.03,144.35,0.8,0.9,-0.2,강한매수,망치형,전저점부근,0.95,3.29,2026-09-22
NAC,1.4,10.5,1273046,926180,13.37,11.24,1.2,0.3,-0.8,매도주의,음봉,전저점이탈,0.41,-1.56,2026-09-22
PAGS,1.4,9.4,4284402,2961167,40.27,31.07,1.3,-0.6,-0.1,중립,팽이도지,잔구간,0.65,0.09,2026-09-22
BIOA,1.4,8.46,1067366,751566,9.03,5.98,1.5,1.4,3.2,매수관심,장대양봉,잔구간,0.83,1.2,2026-09-22
PCN,1.4,10.93,754879,541456,8.25,6.34,1.3,-0.4,-1.0,매도주의,음봉,전저점이탈,0.46,-1.5,2026-09-22
BOBS,1.4,15.29,1245093,890184,19.04,15.28,1.2,2.1,3.7,강한매수,장대양봉,완만한상승,0.95,3.44,2026-09-22
ABOS,1.4,2.65,568359,394697,1.51,1.22,1.2,0.8,1.5,중립,양봉,잔구간,0.48,0.34,2026-09-22
ACRV,1.4,2.15,572484,398917,1.23,0.69,1.8,1.5,5.4,강한매수,양봉,전고점돌파,0.61,2.33,2026-09-22
EGHT,1.4,1.99,1780789,1251095,3.54,2.53,1.4,0.5,5.9,강한매수,장대양봉,전고점돌파,0.93,4.02,2026-09-22
ECX,1.4,1.1,1570767,1118899,1.73,1.71,1.0,-1.8,1.9,매수관심,양봉,완만한상승,0.57,1.68,2026-09-22
OCFC,1.4,17.37,1354174,937304,23.52,19.76,1.2,0.7,-1.9,강한매도,장대음봉,전저점이탈,0.21,-3.1,2026-09-22
NMCO,1.4,9.55,608761,420806,5.81,4.01,1.4,-1.2,-0.4,중립,망치형,잔구간,0.57,0.54,2026-09-22
NSLR,1.4,8.3,625869,432444,5.19,6.05,0.9,0.1,3.9,강한매수,양봉,완만한상승,0.9,2.08,2026-09-22
XPOF,1.4,4.0,1018682,749655,4.07,3.49,1.2,0.5,2.6,매수관심,양봉스프링,잔구간,0.91,0.995,2026-09-22
XXI,1.4,6.88,2475713,1774739,17.03,22.26,0.8,-0.3,4.4,강한매수,장대양봉,전고점돌파,0.98,4.08,2026-09-22
RKLZ,1.4,14.93,476097,335574,7.11,6.69,1.1,-4.8,-1.8,강한매도,위꼬리음봉,전저점이탈,0.13,-2.69,2026-09-22
GRRR,1.4,14.4,690972,487417,9.95,6.86,1.5,3.2,3.1,강한매수,양봉,전고점돌파,0.84,2.61,2026-09-22
COUR,1.4,5.14,7602262,5331855,39.08,26.2,1.5,1.6,-1.9,중립,음봉,잔구간,0.16,-0.555,2026-09-22
CRESY,1.4,12.4,434939,313254,5.39,3.68,1.5,-0.3,-2.4,중립,음봉,잔구간,0.04,-0.625,2026-09-22
IONL,1.4,13.17,850901,612592,11.21,8.53,1.3,-0.6,1.5,강한매수,양봉,완만한상승,0.9,2.08,2026-09-22
CLF,1.4,12.53,19534101,14113731,244.76,153.47,1.6,0.3,3.5,강한매수,장대양봉,완만한상승,0.72,3.16,2026-09-22
LBRT,1.4,18.04,4477576,3196104,80.78,68.8,1.2,-1.3,-3.1,매도주의,음봉,전저점이탈,0.11,-1.92,2026-09-22
RDTL,1.4,13.62,928626,664877,12.65,9.05,1.4,1.6,-5.3,중립,음봉,잔구간,0.37,-0.43,2026-09-22
CNDT,1.4,1.65,1261130,872343,2.08,1.94,1.1,0.6,0.6,매수관심,팽이도지,완만한상승,0.6,1.02,2026-09-22
COHH,1.4,6.52,1641617,1146486,10.7,6.68,1.6,-6.3,-0.3,중립,팽이도지,잔구간,0.3,-0.12,2026-09-22
JMIA,1.4,7.02,1948679,1353229,13.68,11.27,1.2,2.3,-1.5,중립,망치형,잔구간,0.68,0.61,2026-09-22
SPT,1.4,9.88,1418269,985318,14.01,13.33,1.1,0.3,-4.6,매도주의,음봉,전저점이탈,0.19,-1.82,2026-09-22
SSG,1.4,10.43,503445,357125,5.25,4.56,1.2,-0.1,-3.1,강한매도,장대음봉,전저점이탈,0.1,-3.23,2026-09-22
SRXH,1.4,1.78,921281,675285,1.64,1.12,1.5,1.2,2.3,매수관심,양봉,완만한상승,0.67,1.8,2026-09-22
SBS,1.4,5.39,9722476,6922595,52.4,36.54,1.4,-0.9,0.0,중립,팽이도지,잔구간,0.43,-0.04,2026-09-22
HMY,1.4,19.82,5671881,3992720,112.42,86.35,1.3,0.8,3.5,매수관심,장대양봉,잔구간,0.85,1.21,2026-09-22
HSLV,1.4,5.83,895991,634968,5.22,3.42,1.5,-0.5,2.8,강한매수,장대양봉,완만한상승,0.91,3.39,2026-09-22
AMTM,1.4,19.7,2128825,1508656,41.94,37.01,1.1,0.5,-1.5,중립,음봉,잔구간,0.41,-0.405,2026-09-22
TRIN,1.4,17.84,1253364,921391,22.36,17.58,1.3,0.3,0.4,강한매수,양봉스프링,완만한상승,0.84,2.81,2026-09-22
TNXP,1.4,10.59,586134,421734,6.21,4.73,1.3,2.0,-3.1,중립,음봉,잔구간,0.15,-0.56,2026-09-22
VLRS,1.4,6.93,440107,318279,3.05,2.35,1.3,2.0,-1.0,매수관심,팽이도지,전고점돌파,0.3,1.26,2026-09-22
GENI,1.4,6.08,9393566,6555352,57.11,43.13,1.3,3.1,2.4,중립,양봉,잔구간,0.73,0.49,2026-09-22
FOXF,1.4,18.89,619396,430208,11.7,9.19,1.3,1.5,0.7,중립,양봉,잔구간,0.42,0.3,2026-09-22
UPBD,1.4,16.78,979709,715773,16.44,15.14,1.1,2.4,-3.0,강한매도,장대음봉,전저점이탈,0.17,-3.15,2026-09-22
UPWK,1.4,8.35,3115610,2305264,26.02,24.1,1.1,2.0,-2.2,중립,음봉,잔구간,0.45,-0.38,2026-09-22
FLYW,1.4,17.24,1508128,1071229,26.0,22.98,1.1,2.0,-1.3,중립,음봉,잔구간,0.52,-0.34,2026-09-22
EAF,1.4,11.21,1259795,915996,14.12,6.27,2.3,1.5,18.0,강한매수,장대양봉,전고점돌파,0.95,4.04,2026-09-22
EQX,1.4,12.76,16173138,11869271,206.37,167.44,1.2,0.4,4.5,강한매수,장대양봉,전고점돌파,0.87,3.94,2026-09-22
ELPC,1.4,12.71,603691,427135,7.67,5.6,1.4,-1.1,1.5,강한매수,장대양봉,완만한상승,0.95,3.44,2026-09-22
AAOX,1.4,10.8,12852676,9344855,138.81,80.85,1.7,-3.0,-0.1,중립,팽이도지,잔구간,0.45,-0.03,2026-09-22
AGEN,1.3,8.7,994136,772467,8.65,7.92,1.1,-0.8,5.3,강한매수,장대양봉,전고점돌파,0.82,3.88,2026-09-22
WEAV,1.3,7.34,2121872,1652304,15.57,13.07,1.2,0.3,0.0,중립,팽이도지,전고점부근,0.5,-0.45,2026-09-22
VSTM,1.3,8.37,3056451,2267555,25.58,20.05,1.3,0.6,4.1,강한매수,양봉,전고점돌파,0.57,2.28,2026-09-22
VG,1.3,12.91,19423564,14926940,250.76,245.94,1.0,-2.0,-3.6,강한매도,장대음봉,전저점이탈,0.06,-3.28,2026-09-22
VFC,1.3,13.55,9478406,7245819,128.43,88.44,1.5,2.0,1.8,강한매수,양봉,전고점돌파,0.56,2.27,2026-09-22
ALEC,1.3,2.01,1464201,1106212,2.94,3.79,0.8,2.1,2.0,매수관심,양봉,완만한상승,0.76,1.91,2026-09-22
ARCT,1.3,14.38,1074431,846455,15.45,12.27,1.3,-0.3,-1.8,중립,음봉,잔구간,0.62,-0.28,2026-09-22
SRFM,1.3,0.77,6808929,5230762,5.24,4.84,1.1,0.9,13.9,강한매수,장대양봉,전고점돌파,0.74,3.79,2026-09-22
TGB,1.3,9.36,6424004,4836779,60.13,42.11,1.4,0.7,7.2,강한매수,장대양봉,전고점돌파,0.97,4.06,2026-09-22
AMZD,1.3,8.54,14363778,10934253,122.67,92.16,1.3,0.8,0.0,매수관심,팽이도지,완만한상승,0.72,1.16,2026-09-22
AMTX,1.3,2.115,816564,644320,1.73,2.02,0.9,0.0,1.2,중립,양봉,잔구간,0.48,0.34,2026-09-22
TSLX,1.3,18.35,552063,436964,10.13,7.65,1.3,0.6,1.1,강한매수,양봉,완만한상승,0.91,2.09,2026-09-22
TME,1.3,8.28,8673079,6707993,71.81,57.46,1.2,1.2,0.1,중립,위꼬리양봉,전고점돌파,0.1,0.02,2026-09-22
ALIT,1.3,12.91,530269,405907,6.85,5.33,1.3,1.7,6.6,강한매수,장대양봉,전고점돌파,0.75,3.8,2026-09-22
UXRP,1.3,19.81,320920,246979,6.36,4.19,1.5,4.8,5.9,강한매수,장대양봉,전고점돌파,0.75,3.8,2026-09-22
SVV,1.3,9.26,1517097,1193555,14.05,11.63,1.2,1.7,-1.3,중립,음봉,완만한상승,0.14,-0.23,2026-09-22
SSL,1.3,13.79,2324180,1766080,32.05,30.08,1.1,-1.8,3.6,매수관심,장대양봉,잔구간,0.82,1.19,2026-09-22
SKDD,1.3,6.4,5902006,4612016,37.77,54.42,0.7,2.0,-8.7,강한매도,장대음봉,전저점이탈,0.1,-3.23,2026-09-22
ARIS,1.3,19.84,1663609,1313386,33.01,26.98,1.2,-1.1,5.4,매수관심,장대양봉,잔구간,0.85,1.21,2026-09-22
SY,1.3,2.8,457808,360412,1.28,1.25,1.0,0.7,1.4,중립,양봉,잔구간,0.86,0.565,2026-09-22
SUPV,1.3,7.92,451647,360005,3.58,3.52,1.0,-1.0,0.1,중립,팽이도지,전저점이탈,0.52,-0.73,2026-09-22
TBLA,1.3,3.58,2260663,1696621,8.09,6.69,1.2,0.8,-1.9,중립,음봉,잔구간,0.25,-0.5,2026-09-22
NCMI,1.3,2.22,1158850,924948,2.57,2.38,1.1,1.3,-2.2,매도주의,장대음봉,잔구간,0.38,-1.07,2026-09-22
NMRA,1.3,0.778,3211891,2445640,2.5,1.51,1.7,0.6,11.8,매수관심,장대양봉,잔구간,0.73,1.14,2026-09-22
NFXL,1.3,14.94,1857659,1435962,27.75,23.08,1.2,0.1,-4.2,매도주의,장대음봉,잔구간,0.27,-1.14,2026-09-22
NEOG,1.3,13.98,4623439,3432442,64.64,45.37,1.4,0.0,2.7,강한매수,장대양봉,전고점돌파,0.65,3.68,2026-09-22
NCNO,1.3,19.67,2979025,2207257,58.6,51.87,1.1,2.1,-5.7,강한매도,장대음봉,전저점이탈,0.14,-3.18,2026-09-22
OEC,1.3,6.06,503547,393510,3.05,2.51,1.2,1.3,0.8,중립,위꼬리양봉,전고점돌파,0.33,0.3,2026-09-22
NNVC,1.3,1.53,1289554,1030505,1.97,1.05,1.9,0.6,-10.0,매도주의,장대음봉,잔구간,0.06,-1.265,2026-09-22
NNDM,1.3,1.58,1907277,1508095,3.01,2.81,1.1,0.6,1.3,매수관심,양봉,완만한상승,0.8,1.96,2026-09-22
PRMB,1.3,19.64,5499117,4079449,108.0,92.24,1.2,1.3,-5.3,강한매도,장대음봉,전저점이탈,0.15,-3.17,2026-09-22
RLAY,1.3,19.35,3632194,2886366,70.28,78.65,0.9,1.3,5.0,매수관심,장대양봉,잔구간,0.9,1.24,2026-09-22
DJT,1.3,9.38,3305457,2588166,31.01,27.24,1.1,0.9,2.0,강한매수,양봉,전고점돌파,1.0,2.8,2026-09-22
FLG,1.3,12.54,6668328,5320318,83.62,57.67,1.4,0.7,-1.1,중립,음봉,잔구간,0.0,-0.65,2026-09-22
QID,1.3,13.06,45537679,35801784,594.72,464.12,1.3,0.2,-1.8,강한매도,장대음봉,전저점이탈,0.08,-3.25,2026-09-22
AXTL,1.3,3.44,1480985,1106490,5.09,2.74,1.9,-8.0,2.7,중립,팽이도지,잔구간,0.64,0.085,2026-09-22
BBAR,1.3,14.13,484984,364842,6.85,5.25,1.3,0.1,-1.3,중립,음봉,전저점부근,0.53,0.09,2026-09-22
BBD,1.3,3.57,29825271,22310810,106.48,93.36,1.1,-0.9,2.3,매수관심,장대양봉,잔구간,0.9,1.24,2026-09-22
BBN,1.3,14.99,309373,243967,4.64,3.45,1.3,0.0,0.3,중립,양봉,잔구간,1.0,0.65,2026-09-22
SBSW,1.3,11.41,6187985,4928413,70.6,60.27,1.2,1.3,1.2,중립,양봉,잔구간,0.8,0.53,2026-09-22
SAN,1.3,14.49,8726297,6515328,126.44,97.51,1.3,0.4,-1.3,매도주의,장대음봉,잔구간,0.21,-1.175,2026-09-22
AVR,1.3,8.13,842898,663962,6.85,6.47,1.1,1.5,-1.7,중립,음봉,잔구간,0.28,-0.48,2026-09-22
ASC,1.3,17.77,819685,609737,14.57,10.17,1.4,-2.1,-2.4,강한매도,장대음봉,전저점이탈,0.0,-3.35,2026-09-22
FATE,1.3,2.58,1664044,1271853,4.29,4.29,1.0,0.8,1.2,매수관심,양봉,완만한상승,0.58,1.7,2026-09-22
FCEL,1.3,17.86,6244558,4664770,111.53,114.67,1.0,-1.8,1.2,중립,팽이도지,잔구간,0.41,-0.055,2026-09-22
SHMD,1.3,3.59,457200,359195,1.64,1.61,1.0,0.0,1.7,매수관심,팽이도지,완만한상승,0.6,1.02,2026-09-22
SHNY,1.3,9.31,1267347,1002757,11.8,11.31,1.0,-1.0,2.1,매수관심,양봉,완만한상승,0.8,1.96,2026-09-22
KVYO,1.3,15.87,7347500,5779153,116.6,111.22,1.0,2.3,-1.9,중립,망치형,잔구간,0.64,0.585,2026-09-22
KRNT,1.3,15.345,302999,234477,4.65,3.69,1.3,2.0,-1.4,중립,음봉,잔구간,0.46,-0.375,2026-09-22
JBGS,1.3,11.01,1157676,898041,12.75,13.75,0.9,0.8,-2.6,매도주의,음봉,전저점이탈,0.43,-1.53,2026-09-22
KAZR,1.3,2.65,520515,407183,1.38,0.92,1.5,3.1,6.0,강한매수,양봉,전고점돌파,0.77,2.52,2026-09-22
AAOG,1.3,2.41,3867963,2976440,9.32,6.54,1.4,-2.4,0.0,중립,팽이도지,잔구간,0.49,-0.005,2026-09-22
CVGI,1.3,3.03,347801,275416,1.05,0.82,1.3,0.3,1.0,중립,양봉,잔구간,0.69,0.465,2026-09-22
HNST,1.3,5.41,2279906,1705445,12.33,10.72,1.2,2.8,-1.3,매수관심,팽이도지,완만한상승,0.46,0.85,2026-09-22
HAFN,1.3,9.23,3039850,2293306,28.06,24.44,1.1,-4.2,-0.8,매도주의,위꼬리음봉,전저점부근,0.12,-1.21,2026-09-22
XTND,1.3,3.97,1541292,1152444,6.12,5.83,1.1,1.6,-12.2,강한매도,장대음봉,전저점이탈,0.01,-3.34,2026-09-22
CHPT,1.3,9.85,1806831,1400790,17.8,19.35,0.9,1.4,3.2,매수관심,양봉,완만한상승,0.58,1.7,2026-09-22
LUNL,1.3,4.38,1883355,1445932,8.25,5.81,1.4,1.0,5.0,강한매수,양봉,전고점돌파,0.98,2.78,2026-09-22
CMRC,1.3,3.37,878757,694664,2.96,4.84,0.6,0.0,1.2,매수관심,양봉스프링,잔구간,0.8,0.93,2026-09-22
LBTYA,1.3,9.97,2622612,1958822,26.15,25.69,1.0,0.7,-0.9,중립,음봉,잔구간,0.06,-0.615,2026-09-22
XZO,1.3,16.53,438683,325626,7.25,7.04,1.0,-0.7,-0.6,중립,팽이도지,잔구간,0.63,0.08,2026-09-22
AAPD,1.3,10.093,8406306,6491278,84.84,111.11,0.8,-1.9,0.1,매수관심,양봉스프링,전저점이탈,0.87,1.19,2026-09-22
XRPI,1.3,8.62,541589,427296,4.67,2.67,1.8,2.3,3.1,강한매수,장대양봉,전고점돌파,0.73,3.78,2026-09-22
CXM,1.3,5.38,3857857,2958390,20.76,18.68,1.1,2.4,-2.5,중립,음봉,잔구간,0.44,-0.385,2026-09-22
PD,1.3,14.48,1495429,1179710,21.65,22.12,1.0,1.7,-1.5,중립,음봉,잔구간,0.61,-0.285,2026-09-22
FNB,1.3,17.62,5500434,4352465,96.92,73.35,1.3,0.4,-2.0,매도주의,장대음봉,잔구간,0.0,-1.3,2026-09-22
NAGE,1.3,3.09,478835,380496,1.48,1.2,1.2,1.3,0.3,매수관심,팽이도지,완만한상승,0.62,1.04,2026-09-22
PDI,1.3,14.04,6884029,5150404,96.65,67.12,1.4,-0.1,-1.1,매도주의,음봉,전저점이탈,0.29,-1.7,2026-09-22
PRLD,1.3,4.85,424586,334000,2.06,2.12,1.0,0.0,3.2,매수관심,양봉,완만한상승,0.79,1.95,2026-09-22
CDXS,1.3,1.39,1039817,781502,1.45,1.21,1.2,0.7,0.0,중립,위꼬리양봉,완만한상승,0.2,-0.46,2026-09-22
GGN,1.3,5.54,585118,457138,3.24,2.25,1.4,0.0,1.3,매수관심,장대양봉,잔구간,1.0,1.3,2026-09-22
VET,1.2,11.62,1768495,1466360,20.55,20.2,1.0,-1.8,-0.6,매도주의,팽이도지,전저점이탈,0.31,-0.98,2026-09-22
WRN,1.2,2.52,1472923,1204846,3.71,2.98,1.2,0.8,5.4,강한매수,장대양봉,전고점돌파,0.9,3.98,2026-09-22
ADNT,1.2,18.3,1117272,899895,20.45,19.96,1.0,2.6,2.2,중립,양봉,잔구간,0.76,0.505,2026-09-22
AEG,1.2,8.95,4406013,3811955,39.43,36.88,1.1,-0.2,-1.3,매도주의,장대음봉,잔구간,0.25,-1.15,2026-09-22
VNET,1.2,7.15,3751995,3031621,26.83,26.45,1.0,-0.8,-0.4,중립,팽이도지,잔구간,0.63,0.08,2026-09-22
WDI,1.2,12.3,435602,371171,5.36,4.22,1.3,0.0,0.3,중립,양봉,잔구간,1.0,0.65,2026-09-22
AIBZ,1.2,4.74,380222,313624,1.8,1.74,1.0,1.6,-6.7,매도주의,장대음봉,잔구간,0.02,-1.29,2026-09-22
AEVA,1.2,15.41,1496280,1300979,23.06,22.74,1.0,0.0,0.9,강한매수,양봉스프링,완만한상승,0.9,2.88,2026-09-22
SLNH,1.2,1.28,7245901,6034122,9.27,9.28,1.0,-0.8,0.8,매수관심,팽이도지,완만한상승,0.67,1.1,2026-09-22
SND,1.2,5.08,331138,270610,1.68,1.41,1.2,-0.2,-4.7,매도주의,장대음봉,잔구간,0.1,-1.24,2026-09-22
ARI,1.2,6.41,2375609,1927861,15.23,15.82,1.0,0.6,-0.9,중립,음봉,잔구간,0.05,-0.62,2026-09-22
SRTA,1.2,5.48,666411,572584,3.65,3.95,0.9,1.1,0.4,매수관심,양봉스프링,전고점부근,0.88,1.51,2026-09-22
ERIC,1.2,9.82,8516964,6834318,83.64,75.32,1.1,-5.3,1.1,중립,양봉,전저점이탈,0.71,0.2,2026-09-22
AMPL,1.2,13.14,1739817,1418197,22.86,20.33,1.1,2.1,-4.2,중립,음봉,잔구간,0.34,-0.445,2026-09-22
SWIM,1.2,6.63,757969,650883,5.03,5.8,0.9,1.9,1.7,매수관심,양봉,완만한상승,0.52,1.62,2026-09-22
ALT,1.2,3.41,4003284,3394607,13.65,12.84,1.1,1.8,2.4,매수관심,양봉,전고점부근,1.0,0.85,2026-09-22
TNDM,1.2,17.5,2688156,2251208,47.04,37.96,1.2,1.5,-2.1,중립,음봉,잔구간,0.5,-0.35,2026-09-22
TTGT,1.2,3.85,335682,274197,1.29,1.03,1.3,0.5,-0.3,강한매수,망치형,완만한상승,0.89,2.37,2026-09-22
UNHG,1.2,17.75,710424,568380,12.61,11.95,1.1,1.3,-3.8,매도주의,장대음봉,전저점부근,0.06,-1.78,2026-09-22
TLS,1.2,4.1,890638,773611,3.65,3.64,1.0,-0.2,2.0,중립,양봉,잔구간,1.0,0.65,2026-09-22
ANVS,1.2,1.26,1214829,1043868,1.53,1.57,1.0,0.0,5.9,강한매수,장대양봉,전고점돌파,0.65,3.68,2026-09-22
TLRY,1.2,4.23,4286949,3453451,18.13,15.39,1.2,0.6,3.0,매수관심,장대양봉,전고점부근,0.69,1.78,2026-09-22
ANGX,1.2,5.1,3275986,2700767,16.71,13.87,1.2,0.6,-2.9,중립,음봉,잔구간,0.52,-0.34,2026-09-22
ANIX,1.2,2.79,434621,365118,1.21,1.14,1.1,1.1,2.2,강한매수,양봉,완만한상승,1.0,2.2,2026-09-22
WRD,1.2,5.92,2675519,2317205,15.84,15.58,1.0,0.7,2.1,중립,양봉,전고점부근,0.85,0.67,2026-09-22
PRTA,1.2,8.99,445500,386604,4.01,4.33,0.9,2.5,3.1,매수관심,장대양봉,잔구간,0.74,1.145,2026-09-22
REAL,1.2,9.9,2621146,2181647,25.95,21.11,1.2,-0.2,2.7,매수관심,장대양봉,잔구간,0.8,1.18,2026-09-22
AUTL,1.2,2.03,1569963,1291040,3.19,3.07,1.0,1.0,3.6,강한매수,양봉,전고점돌파,0.64,2.37,2026-09-22
RERE,1.2,4.03,598560,489518,2.41,2.36,1.0,1.5,0.8,중립,양봉,전고점부근,0.67,0.45,2026-09-22
PSFE,1.2,6.71,397160,337005,2.66,2.1,1.3,1.5,2.0,강한매수,양봉,전고점돌파,0.96,2.75,2026-09-22
RDY,1.2,12.57,3093864,2621377,38.89,34.77,1.1,1.2,0.2,매수관심,팽이도지,전고점돌파,0.37,1.34,2026-09-22
AVEX,1.2,15.9,1274836,1025423,20.27,20.74,1.0,0.9,-4.6,중립,음봉,잔구간,0.37,-0.43,2026-09-22
ASLE,1.2,5.54,601978,485607,3.33,2.63,1.3,1.3,0.0,매수관심,팽이도지,완만한상승,0.48,0.88,2026-09-22
EXK,1.2,10.51,8051599,6659876,84.62,77.45,1.1,-0.2,4.0,매수관심,장대양봉,잔구간,0.86,1.215,2026-09-22
FAC,1.2,6.15,365208,294515,2.25,3.21,0.7,0.0,-1.4,중립,망치형,잔구간,0.65,0.59,2026-09-22
ARRY,1.2,3.96,6163705,5327208,24.41,29.87,0.8,1.0,-3.6,매도주의,장대음봉,잔구간,0.06,-1.265,2026-09-22
SBC,1.2,5.04,303069,258348,1.53,1.1,1.4,0.0,-1.9,중립,망치형,잔구간,0.69,0.615,2026-09-22
RES,1.2,5.72,2710262,2300138,15.5,12.68,1.2,-1.4,2.1,중립,양봉,잔구간,0.54,0.375,2026-09-22
SG,1.2,7.67,5881600,4932169,45.11,37.57,1.2,1.5,1.1,중립,위꼬리양봉,전고점돌파,0.29,0.25,2026-09-22
AVTR,1.2,14.94,11164181,9513437,166.79,146.56,1.1,0.2,-1.3,중립,음봉,잔구간,0.07,-0.61,2026-09-22
BTCT,1.2,1.32,3245190,2709764,4.28,8.54,0.5,-5.7,-0.8,중립,팽이도지,잔구간,0.27,-0.14,2026-09-22
BUYW,1.2,14.6,486933,420955,7.11,7.03,1.0,0.0,0.3,강한매수,장대양봉,완만한상승,1.0,3.5,2026-09-22
BSCT,1.2,18.285,604103,518886,11.05,13.28,0.8,0.0,-0.0,중립,망치형,잔구간,0.75,0.65,2026-09-22
ONDL,1.2,5.9,884306,763834,5.22,3.65,1.4,2.6,6.5,강한매수,장대양봉,전고점돌파,0.96,4.05,2026-09-22
NXH,1.2,3.54,3173373,2650297,11.23,9.49,1.2,2.3,-0.8,강한매수,망치형,완만한상승,0.6,2.02,2026-09-22
OBX,1.2,17.0,1151577,967265,19.58,17.27,1.1,0.6,-2.5,중립,음봉,수횡파,0.23,-0.42,2026-09-22
DFDV,1.2,6.28,2540665,2043987,15.96,16.56,1.0,-5.1,1.6,중립,팽이도지,잔구간,0.5,0.0,2026-09-22
PL,1.2,16.91,10096680,8732400,170.73,198.28,0.9,0.5,-1.4,중립,음봉,잔구간,0.47,-0.37,2026-09-22
FSM,1.2,12.21,3889606,3364464,47.49,42.11,1.1,-0.2,4.0,강한매수,장대양봉,완만한상승,0.86,3.33,2026-09-22
BKD,1.2,11.39,4386530,3791530,49.96,52.62,0.9,0.4,-0.3,매도주의,위꼬리음봉,잔구간,0.18,-0.94,2026-09-22
FMNB,1.2,15.32,451118,387990,6.91,6.64,1.0,0.4,-0.3,매도주의,위꼬리음봉,전저점부근,0.21,-1.1,2026-09-22
PBR.A,1.2,18.94,7706751,6528102,145.97,125.63,1.2,-1.3,2.4,매수관심,장대양봉,잔구간,0.91,1.245,2026-09-22
PAYO,1.2,7.13,4968882,4211764,35.43,23.64,1.5,0.3,0.0,매수관심,팽이도지,완만한상승,0.67,1.1,2026-09-22
ORCU,1.2,7.8,6184997,5079636,48.24,58.35,0.8,3.5,-3.1,중립,음봉,완만한상승,0.1,-0.28,2026-09-22
OPRT,1.2,8.29,777585,672762,6.45,4.96,1.3,0.7,-1.1,중립,망치형,잔구간,0.74,0.645,2026-09-22
BKKT,1.2,9.73,1957557,1612627,19.05,11.85,1.6,0.5,5.9,강한매수,장대양봉,전고점돌파,0.92,4.0,2026-09-22
PENN,1.2,15.9,3303395,2826099,52.52,55.35,0.9,1.7,-3.0,매도주의,음봉,전저점이탈,0.06,-1.98,2026-09-22
PHAT,1.2,7.76,1953565,1570699,15.16,11.26,1.3,1.7,2.4,중립,양봉,잔구간,0.82,0.54,2026-09-22
PFN,1.2,6.34,769234,619762,4.88,4.29,1.1,-0.2,-1.1,강한매도,장대음봉,전저점이탈,0.19,-3.12,2026-09-22
MFG,1.2,10.87,3691675,3164443,40.13,36.22,1.1,0.0,-2.0,매도주의,장대음봉,잔구간,0.04,-1.275,2026-09-22
MARO,1.2,4.61,588091,511100,2.71,1.99,1.4,0.4,2.0,중립,양봉,잔구간,0.69,0.465,2026-09-22
MATW,1.2,19.91,1316666,1066898,26.21,30.59,0.9,0.9,-0.2,중립,팽이도지,완만한상승,0.35,0.72,2026-09-22
MBLY,1.2,7.68,6143476,5165710,47.18,42.26,1.1,1.5,-5.3,강한매도,장대음봉,전저점이탈,0.02,-3.33,2026-09-22
MUZ,1.2,6.52,10748912,8638261,70.08,67.36,1.0,2.2,-12.0,강한매도,장대음봉,전저점이탈,0.01,-3.34,2026-09-22
MNRO,1.2,14.29,1338839,1138627,19.13,14.37,1.3,0.6,10.1,강한매수,장대양봉,전고점돌파,0.92,4.0,2026-09-22
MLTX,1.2,13.38,2362180,2050754,31.61,24.1,1.3,1.4,5.1,강한매수,장대양봉,완만한상승,0.93,3.42,2026-09-22
CBRG,1.2,3.9,12188644,10570893,47.54,34.4,1.4,-4.0,7.7,강한매수,장대양봉,전고점부근,0.93,2.07,2026-09-22
NAD,1.2,10.51,2054220,1647382,21.59,16.63,1.3,0.1,0.0,중립,팽이도지,전저점부근,0.44,0.68,2026-09-22
GDRX,1.2,3.44,912064,779306,3.14,3.09,1.0,1.2,0.3,강한매수,양봉스프링,완만한상승,0.8,2.76,2026-09-22
DHF,1.2,2.27,489594,416856,1.11,0.94,1.2,0.0,0.4,매수관심,양봉,완만한상승,0.8,1.96,2026-09-22
MQY,1.2,10.43,1086372,874114,11.33,9.85,1.2,0.2,0.6,매수관심,양봉,완만한상승,0.58,1.7,2026-09-22
MUC,1.2,10.11,648748,551336,6.56,6.29,1.0,-0.1,0.0,중립,팽이도지,잔구간,0.67,0.1,2026-09-22
KZIA,1.2,10.92,321132,273640,3.51,3.18,1.1,1.4,1.1,중립,위꼬리양봉,잔구간,0.39,-0.565,2026-09-22
LABD,1.2,6.56,21818366,17946712,143.13,127.88,1.1,-2.7,-5.1,강한매도,장대음봉,전저점이탈,0.17,-3.15,2026-09-22
CLBK,1.2,11.38,7631885,6445628,86.85,67.11,1.3,0.4,-2.3,매도주의,장대음봉,잔구간,0.12,-1.23,2026-09-22
CLBT,1.2,11.66,3618391,3004708,42.19,33.95,1.2,1.6,-0.8,강한매수,망치형,완만한상승,0.68,2.12,2026-09-22
LOMA,1.2,9.59,400173,346088,3.84,3.3,1.2,-0.7,0.4,중립,팽이도지,잔구간,0.74,0.145,2026-09-22
LODE,1.2,2.76,1780103,1526269,4.91,3.96,1.2,3.1,2.2,중립,양봉,잔구간,0.49,0.345,2026-09-22
LUCD,1.2,0.893,1525367,1278518,1.36,1.12,1.2,1.2,4.4,강한매수,양봉,전고점돌파,0.81,2.57,2026-09-22
LPL,1.2,3.04,2075934,1800617,6.31,6.25,1.0,-0.3,0.3,중립,팽이도지,잔구간,0.5,0.0,2026-09-22
CLB,1.2,10.94,691321,573577,7.56,6.11,1.2,1.2,-1.2,중립,팽이도지,잔구간,0.37,-0.08,2026-09-22
CHCT,1.2,14.43,347298,286384,5.01,5.31,0.9,0.5,-0.1,중립,팽이도지,완만한상승,0.33,0.7,2026-09-22
CWK,1.2,12.86,1867766,1596115,24.02,22.84,1.1,1.7,-2.0,중립,음봉,잔구간,0.3,-0.47,2026-09-22
MFM,1.2,5.11,405283,334451,2.07,1.79,1.2,-1.0,0.8,강한매수,장대양봉,수횡파,0.83,4.0,2026-09-22
GOOY,1.2,12.22,381682,321809,4.66,4.13,1.1,0.2,-1.4,중립,음봉,잔구간,0.0,-0.65,2026-09-22
KULR,1.2,2.44,798851,674483,1.95,1.57,1.2,0.0,0.8,중립,위꼬리양봉,완만한상승,0.29,-0.35,2026-09-22
GOTU,1.2,2.3,500181,402149,1.15,0.99,1.2,1.4,3.1,강한매수,장대양봉,전고점돌파,0.64,3.67,2026-09-22
KYTX,1.2,7.51,836802,682108,6.28,5.5,1.1,0.8,4.6,강한매수,장대양봉,완만한상승,0.83,3.3,2026-09-22
IMUX,1.2,10.84,430739,345915,4.67,4.03,1.2,1.1,-1.0,매도주의,위꼬리음봉,완만한상승,0.15,-1.02,2026-09-22
INFY,1.2,10.76,17671580,14327739,190.15,176.49,1.1,0.9,-2.1,매도주의,장대음봉,전저점부근,0.18,-1.63,2026-09-22
INVZ,1.2,0.35,2878218,2345904,1.01,0.64,1.6,1.8,2.9,매수관심,양봉,완만한상승,0.75,1.9,2026-09-22
IREX,1.2,19.03,1716094,1421785,32.66,25.03,1.3,-1.0,6.6,매수관심,장대양봉,전고점부근,0.69,1.78,2026-09-22
JQC,1.2,4.69,570961,484356,2.68,2.33,1.1,0.2,0.2,중립,양봉,잔구간,1.0,0.65,2026-09-22
KLRA,1.2,12.79,1230034,1043372,15.73,15.15,1.0,3.9,2.6,중립,양봉,잔구간,0.82,0.54,2026-09-22
KRP,1.2,14.29,1089904,933485,15.57,14.38,1.1,-0.4,-0.6,매도주의,음봉,전저점이탈,0.33,-1.65,2026-09-22
COMP,1.2,9.67,20433270,16656224,197.59,155.87,1.3,2.0,-6.4,강한매도,장대음봉,전저점이탈,0.14,-3.18,2026-09-22
CTMX,1.2,2.94,7922967,6503693,23.29,13.25,1.8,3.6,2.8,매수관심,양봉,완만한상승,0.77,1.92,2026-09-22
GTM,1.2,3.88,6764108,5457150,26.24,23.39,1.1,2.6,-3.0,매도주의,장대음봉,잔구간,0.3,-1.12,2026-09-22
IGD,1.2,6.43,318151,265520,2.05,1.74,1.2,0.0,0.8,강한매수,장대양봉,완만한상승,0.93,3.42,2026-09-22
HYPD,1.2,3.99,548956,445125,2.19,2.35,0.9,1.3,2.3,매수관심,양봉,완만한상승,0.73,1.88,2026-09-22
IMTX,1.2,8.87,501599,403159,4.45,4.67,1.0,0.6,1.1,강한매수,양봉,완만한상승,0.89,2.07,2026-09-22
HLF,1.2,12.23,1458490,1240010,17.84,18.56,1.0,2.2,0.4,매수관심,팽이도지,완만한상승,0.61,1.03,2026-09-22
CRWG,1.2,18.2,2975607,2526806,54.16,44.2,1.2,1.6,1.3,매수관심,팽이도지,완만한상승,0.47,0.86,2026-09-22
ACP,1.2,4.55,1290801,1032794,5.87,6.06,1.0,-1.7,-1.5,매도주의,장대음봉,잔구간,0.12,-1.23,2026-09-22
WNC,1.1,12.12,675253,608448,8.18,7.58,1.1,1.7,1.1,중립,양봉,잔구간,0.49,0.345,2026-09-22
GCMG,1.1,13.23,470419,438651,6.22,6.34,1.0,0.9,-1.3,중립,음봉,잔구간,0.52,-0.34,2026-09-22
DHC,1.1,8.17,2396332,2093938,19.58,18.3,1.1,-0.6,1.2,중립,양봉,전고점부근,0.5,0.25,2026-09-22
NAT,1.1,7.66,6778821,6071606,51.93,41.34,1.3,-2.6,-1.7,중립,음봉,잔구간,0.31,-0.465,2026-09-22
NAK,1.1,1.45,4855017,4539272,7.04,5.59,1.3,2.9,1.4,강한매수,양봉스프링,완만한상승,0.91,2.89,2026-09-22
MUA,1.1,9.69,494248,438058,4.79,3.82,1.3,-0.4,0.4,중립,양봉,잔구간,0.86,0.565,2026-09-22
CALY,1.1,14.81,2042840,1913895,30.25,36.77,0.8,1.8,-1.2,중립,음봉,잔구간,0.19,-0.535,2026-09-22
CAL,1.1,12.79,616095,548182,7.88,8.96,0.9,3.0,4.2,강한매수,장대양봉,완만한상승,0.96,3.45,2026-09-22
BTDR,1.1,13.1,10577532,9411031,138.57,117.68,1.2,-1.4,1.2,중립,양봉,잔구간,0.45,0.32,2026-09-22
TMQ,1.1,3.43,1286200,1146542,4.41,4.46,1.0,0.3,2.4,강한매수,양봉,완만한상승,0.93,2.12,2026-09-22
ASBH,1.1,18.75,394627,369832,7.4,11.12,0.7,0.9,1.4,중립,위꼬리양봉,전고점돌파,0.33,0.3,2026-09-22
RKT,1.1,12.74,49379219,44306347,629.09,449.27,1.4,3.2,-0.1,중립,팽이도지,잔구간,0.66,0.095,2026-09-22
RKLX,1.1,18.41,3670533,3439348,67.57,49.84,1.4,5.4,0.3,매수관심,팽이도지,전고점돌파,0.75,1.8,2026-09-22
GT,1.1,5.49,14355199,12561999,78.81,63.73,1.2,2.6,6.6,매수관심,장대양봉,잔구간,0.85,1.21,2026-09-22
GSOL,1.1,8.96,3685498,3442675,33.02,26.85,1.2,-1.0,0.9,중립,양봉,잔구간,0.81,0.535,2026-09-22
HSAI,1.1,17.1,1316844,1239380,22.52,19.16,1.2,-1.0,-0.6,중립,팽이도지,잔구간,0.31,-0.115,2026-09-22
RRGB,1.1,7.47,311893,294977,2.33,2.23,1.0,0.4,6.1,매수관심,장대양봉,잔구간,0.83,1.2,2026-09-22
SGMT,1.1,11.09,874192,802998,9.69,10.06,1.0,0.4,2.3,매수관심,양봉,완만한상승,0.61,1.73,2026-09-22
HLN,1.1,9.25,29491418,27536417,272.8,210.64,1.3,-0.1,-1.1,매도주의,장대음봉,잔구간,0.09,-1.245,2026-09-22
INGN,1.1,5.23,439407,414946,2.3,1.76,1.3,0.8,1.8,중립,양봉,잔구간,0.66,0.445,2026-09-22
DNUT,1.1,3.07,2594960,2347866,7.97,6.6,1.2,1.3,0.7,중립,위꼬리양봉,잔구간,0.33,-0.6,2026-09-22
FEAM,1.1,2.94,1813362,1630553,5.33,2.34,2.3,-0.4,19.0,강한매수,장대양봉,전고점돌파,0.89,3.97,2026-09-22
FDMT,1.1,15.88,936969,875077,14.88,11.27,1.3,-0.2,4.4,강한매수,장대양봉,전고점돌파,0.68,3.72,2026-09-22
FBRT,1.1,7.75,1914121,1795629,14.83,25.72,0.6,0.4,0.1,중립,위꼬리양봉,잔구간,0.06,-0.765,2026-09-22
EVMN,1.1,9.6,573818,544432,5.51,10.89,0.5,0.0,1.6,중립,양봉,잔구간,0.44,0.315,2026-09-22
TLYS,1.1,4.35,714186,673092,3.11,2.97,1.0,3.3,7.1,매수관심,장대양봉,잔구간,0.79,1.175,2026-09-22
TIMB,1.1,18.94,359392,319254,6.81,8.81,0.8,-0.4,0.4,강한매수,양봉,완만한상승,0.88,2.06,2026-09-22
TWI,1.1,7.49,481592,432637,3.61,4.08,0.9,1.5,0.3,강한매수,양봉스프링,완만한상승,0.86,2.83,2026-09-22
TSSI,1.1,9.3,688019,635569,6.4,7.49,0.9,1.0,5.0,강한매수,장대양봉,전고점돌파,0.88,3.96,2026-09-22
MITK,1.1,17.47,631001,555672,11.02,11.32,1.0,1.8,0.2,강한매수,양봉스프링,완만한상승,0.84,2.81,2026-09-22
CERT,1.1,8.83,2321606,2190733,20.5,21.68,0.9,-0.1,3.8,강한매수,장대양봉,전고점돌파,0.96,4.05,2026-09-22
TFSL,1.1,16.7,687094,636335,11.47,12.62,0.9,0.6,-1.3,매도주의,장대음봉,잔구간,0.0,-1.3,2026-09-22
NMRK,1.1,13.94,2353882,2231184,32.81,30.76,1.1,1.1,-1.3,중립,음봉,잔구간,0.17,-0.55,2026-09-22
MCHB,1.1,15.19,419712,396854,6.38,8.82,0.7,0.7,-1.2,매도주의,장대음봉,수횡파,0.35,-1.58,2026-09-22
MAT,1.1,13.21,5168239,4908729,68.27,60.95,1.1,1.5,-0.5,중립,망치형,잔구간,0.7,0.62,2026-09-22
CIG,1.1,2.18,6331905,5784553,13.8,13.06,1.1,-0.5,1.9,매수관심,장대양봉,잔구간,0.8,1.18,2026-09-22
NU,1.1,14.16,69359497,65168693,982.13,1007.69,1.0,-0.4,1.1,중립,양봉,잔구간,0.93,0.61,2026-09-22
NTST,1.1,18.31,1653517,1519220,30.28,26.72,1.1,0.8,0.1,중립,팽이도지,잔구간,0.42,-0.05,2026-09-22
CHWY,1.1,19.66,11497921,10917456,226.05,250.66,0.9,1.9,-5.9,강한매도,장대음봉,전저점이탈,0.03,-3.31,2026-09-22
CHA,1.1,11.66,1100953,1004651,12.84,16.96,0.8,0.6,-5.1,강한매도,장대음봉,전저점이탈,0.06,-3.28,2026-09-22
MAIA,1.1,1.37,940373,853766,1.29,0.94,1.4,0.0,3.0,강한매수,장대양봉,완만한상승,1.0,3.5,2026-09-22
MAGN,1.1,12.09,392974,358995,4.75,4.42,1.1,1.9,0.2,매수관심,팽이도지,전고점돌파,0.45,1.44,2026-09-22
BANC,1.1,18.1,2898644,2735114,52.47,55.13,1.0,0.9,-2.0,매도주의,장대음봉,잔구간,0.0,-1.3,2026-09-22
BAK,1.1,1.67,1398333,1313837,2.34,3.07,0.8,-1.2,-2.3,강한매도,장대음봉,전저점이탈,0.08,-3.25,2026-09-22
AZ,1.1,6.01,457288,419820,2.75,2.19,1.3,0.9,2.2,강한매수,양봉스프링,전고점돌파,0.76,3.31,2026-09-22
INDP,1.1,3.99,1270091,1182064,5.07,6.59,0.8,0.3,28.7,강한매수,장대양봉,완만한상승,0.94,3.43,2026-09-22
IMSR,1.1,4.63,1694453,1525442,7.85,8.17,1.0,9.3,-5.9,매도주의,장대음봉,잔구간,0.32,-1.11,2026-09-22
IMDX,1.1,4.14,309269,278513,1.28,1.0,1.3,0.7,2.5,매수관심,양봉,완만한상승,0.49,1.59,2026-09-22
VZLA,1.1,4.3,4609183,4283245,19.82,16.98,1.2,0.0,5.7,강한매수,장대양봉,전고점돌파,0.96,4.05,2026-09-22
ICLN,1.1,17.83,5882814,5516534,104.89,124.88,0.8,-0.1,0.3,중립,양봉,잔구간,0.68,0.46,2026-09-22
SKHX,1.1,19.04,1849878,1679034,35.22,34.64,1.0,-1.9,9.0,강한매수,장대양봉,전고점돌파,0.89,3.97,2026-09-22
VSTS,1.1,14.43,1791040,1637616,25.84,27.06,1.0,-0.1,1.5,중립,양봉,전고점부근,0.66,0.44,2026-09-22
VREX,1.1,18.48,687755,613818,12.71,14.41,0.9,0.2,-0.2,매도주의,장대음봉,완만한상승,0.25,-1.4,2026-09-22
VOXR,1.1,5.76,393663,372352,2.27,2.47,0.9,0.5,2.3,매수관심,장대양봉,잔구간,0.75,1.15,2026-09-22
CRMD,1.1,7.78,788926,701726,6.14,7.1,0.9,0.8,-0.6,중립,음봉,완만한상승,0.64,0.37,2026-09-22
CRK,1.1,13.32,3022307,2678387,40.26,36.31,1.1,-1.1,3.4,중립,양봉,잔구간,0.55,0.38,2026-09-22
SHIP,1.1,17.83,543480,476726,9.69,8.21,1.2,-2.3,-1.7,강한매도,장대음봉,전저점이탈,0.05,-3.29,2026-09-22
RDW,1.1,11.76,12579030,11642815,147.93,155.28,1.0,0.7,0.6,중립,팽이도지,전고점부근,0.7,-0.21,2026-09-22
LYFT,1.1,14.9,10235157,9368823,152.5,172.59,0.9,1.9,-4.2,강한매도,장대음봉,전저점이탈,0.08,-3.25,2026-09-22
LUNR,1.1,16.24,8354960,7288490,135.68,115.99,1.2,-0.3,3.6,강한매수,양봉,전고점돌파,0.98,2.78,2026-09-22
CYPH,1.1,3.73,25145884,21890663,93.79,56.62,1.7,3.2,6.3,매수관심,양봉,완만한상승,0.64,1.77,2026-09-22
MEI,1.1,13.52,578075,529081,7.82,8.64,0.9,0.1,0.8,중립,위꼬리양봉,완만한상승,0.2,-0.46,2026-09-22
BSCR,1.1,19.56,643525,589205,12.59,12.99,1.0,0.1,0.0,강한매수,양봉스프링,완만한상승,1.0,3.0,2026-09-22
BRSP,1.1,4.28,1788211,1591144,7.65,8.08,0.9,0.7,1.7,매수관심,장대양봉,잔구간,0.95,1.27,2026-09-22
BRBR,1.1,8.99,2543982,2390709,22.87,27.35,0.8,2.7,-2.2,중립,음봉,잔구간,0.19,-0.535,2026-09-22
NVTS,1.1,12.46,11938363,11312918,148.75,130.69,1.1,-1.6,4.1,강한매수,장대양봉,전고점돌파,0.9,3.98,2026-09-22
ERY,1.1,9.38,18284837,16404255,171.51,152.07,1.1,1.5,-0.2,강한매수,망치형,전고점돌파,0.71,2.75,2026-09-22
DXC,1.1,10.93,2583377,2433156,28.24,32.5,0.9,1.6,-1.2,중립,팽이도지,잔구간,0.44,-0.035,2026-09-22
ITG,1.1,11.02,453418,414101,5.0,8.21,0.6,1.3,-6.7,매도주의,음봉,전저점이탈,0.4,-1.57,2026-09-22
AIRJ,1.1,4.36,987544,924351,4.31,3.92,1.1,1.4,-2.0,중립,음봉,잔구간,0.59,-0.295,2026-09-22
QS,1.1,5.05,13159050,12140564,66.45,57.0,1.2,1.8,-2.7,매도주의,장대음봉,잔구간,0.18,-1.19,2026-09-22
QCLS,1.1,0.893,7617035,6648742,6.8,25.01,0.3,-1.0,14.9,매수관심,양봉,완만한상승,0.5,1.6,2026-09-22
PWP,1.1,13.34,2042453,1882906,27.25,22.95,1.2,0.7,-1.5,중립,팽이도지,잔구간,0.49,-0.005,2026-09-22
PTLO,1.1,3.75,1531183,1382976,5.74,5.5,1.0,2.1,-1.6,중립,음봉,잔구간,0.24,-0.505,2026-09-22
TAC,1.1,11.93,2552050,2363127,30.45,27.54,1.1,-0.4,-2.7,매도주의,장대음봉,잔구간,0.09,-1.245,2026-09-22
GAU,1.1,2.18,2605891,2331117,5.68,5.24,1.1,-0.5,3.8,강한매수,장대양봉,완만한상승,0.82,3.28,2026-09-22
FWDI,1.1,8.6,2410724,2290063,20.73,17.72,1.2,0.0,5.3,강한매수,양봉,전고점돌파,0.79,2.55,2026-09-22
EQPT,1.1,18.58,3710555,3289841,68.94,62.84,1.1,0.0,2.3,중립,양봉,잔구간,0.82,0.54,2026-09-22
EOSE,1.1,4.06,26837123,24819384,108.96,104.68,1.0,1.7,-1.9,매도주의,위꼬리음봉,잔구간,0.03,-1.03,2026-09-22
CMBT,1.1,19.34,1150168,1021280,22.24,20.95,1.1,-2.0,0.4,중립,팽이도지,잔구간,0.46,-0.025,2026-09-22
LION,1.1,11.36,3752915,3454754,42.63,36.78,1.2,1.0,-2.0,중립,음봉,잔구간,0.24,-0.505,2026-09-22
LILAK,1.1,8.7,1277079,1168932,11.11,11.66,1.0,0.1,-1.2,중립,음봉,잔구간,0.42,-0.4,2026-09-22
CNH,1.1,13.67,16798480,15426113,229.64,248.02,0.9,0.4,1.0,매수관심,양봉,완만한상승,0.33,1.4,2026-09-22
KD,1.1,12.06,3773287,3284194,45.51,49.52,0.9,2.0,-3.1,매도주의,장대음봉,전저점부근,0.26,-1.54,2026-09-22
JRVR,1.1,3.74,335904,301387,1.26,1.33,0.9,0.3,0.0,매수관심,양봉스프링,잔구간,0.94,1.015,2026-09-22
SLS,1.1,12.02,5970416,5442799,71.76,92.63,0.8,0.4,5.3,매수관심,장대양봉,잔구간,0.94,1.265,2026-09-22
BDTX,1.1,1.98,744203,699700,1.47,1.24,1.2,-1.0,2.6,중립,양봉,잔구간,0.84,0.555,2026-09-22
BCAT,1.1,14.18,1546393,1361672,21.93,22.8,1.0,0.1,0.2,매수관심,양봉스프링,잔구간,0.85,0.96,2026-09-22
PSIG,1.1,4.47,1863890,1621774,8.33,6.11,1.4,-0.9,3.5,강한매수,양봉,완만한상승,0.91,2.09,2026-09-22
QXO,1.1,12.78,23761733,21099868,303.67,230.64,1.3,2.8,1.9,강한매수,양봉,전고점돌파,0.92,2.7,2026-09-22
AMC,1.1,2.97,30766479,26991170,91.38,77.97,1.2,1.4,1.4,강한매수,양봉,완만한상승,0.95,2.14,2026-09-22
BSIN,1.1,1.52,862953,794602,1.31,1.27,1.0,-1.3,-3.2,중립,음봉,잔구간,0.0,-0.65,2026-09-22
OCUL,1.1,10.5,2495300,2205007,26.2,27.39,1.0,0.9,4.2,강한매수,장대양봉,완만한상승,0.81,3.27,2026-09-22
OABI,1.1,4.92,1375228,1214535,6.77,5.53,1.2,0.7,6.7,강한매수,장대양봉,전고점돌파,0.97,4.06,2026-09-22
DFH,1.1,12.26,1434778,1328280,17.59,13.35,1.3,3.4,4.0,매수관심,장대양봉,잔구간,0.91,1.245,2026-09-22
DEI,1.1,10.37,2087968,1944549,21.65,21.8,1.0,1.0,-1.3,매도주의,장대음봉,잔구간,0.26,-1.145,2026-09-22
UVXY,1.1,16.63,8332214,7356481,138.56,150.62,0.9,-1.6,-2.8,강한매도,장대음봉,전저점이탈,0.13,-3.19,2026-09-22
UUUG,1.1,3.19,544828,496550,1.74,1.49,1.2,0.9,-3.3,중립,음봉,잔구간,0.54,-0.325,2026-09-22
JBS,1.1,11.9,4648432,4382184,55.32,59.62,0.9,-0.6,-0.5,중립,팽이도지,전저점부근,0.4,0.63,2026-09-22
KSCP,1.1,1.095,1273279,1122935,1.39,0.98,1.4,6.4,-6.4,매도주의,장대음봉,잔구간,0.05,-1.27,2026-09-22
KPLT,1.1,8.33,397062,363893,3.31,3.21,1.0,-0.6,-5.0,중립,음봉,잔구간,0.51,-0.345,2026-09-22
PRGO,1.1,14.31,2322380,2176814,33.23,36.88,0.9,0.5,0.8,강한매수,양봉,전고점돌파,0.53,2.24,2026-09-22
PNNT,1.1,3.44,517627,472666,1.78,2.05,0.9,0.3,-0.6,중립,팽이도지,잔구간,0.33,-0.1,2026-09-22
SNDG,1.1,12.31,6647018,6123675,81.82,62.95,1.3,-0.9,14.6,강한매수,장대양봉,전고점돌파,0.85,3.92,2026-09-22
LABX,1.1,15.7,2002919,1762890,31.45,16.14,1.9,-2.5,16.3,강한매수,장대양봉,전고점돌파,0.82,3.88,2026-09-22
GRND,1.1,15.96,1546229,1388268,24.68,22.16,1.1,2.4,-1.9,중립,음봉,완만한상승,0.36,0.03,2026-09-22
ONDS,1.1,7.72,70109480,66147949,541.25,439.62,1.2,1.2,3.3,강한매수,장대양봉,전고점돌파,0.93,4.02,2026-09-22
OLOX,1.1,0.92,1294355,1193722,1.19,3.95,0.3,-5.8,1.9,중립,팽이도지,잔구간,0.59,0.055,2026-09-22
OIS,1.1,8.23,505188,453404,4.16,4.51,0.9,-1.3,0.4,중립,팽이도지,전저점부근,0.42,0.65,2026-09-22
SVRA,1.1,5.3,1414020,1305773,7.49,7.4,1.0,1.3,-4.0,매도주의,장대음봉,잔구간,0.04,-1.275,2026-09-22
STUB,1.1,5.74,7365500,6405054,42.28,41.88,1.0,1.7,-5.1,매도주의,장대음봉,전저점부근,0.04,-1.8,2026-09-22
ARDT,1.1,10.95,504171,479381,5.52,5.21,1.1,0.8,2.3,강한매수,장대양봉,완만한상승,0.77,3.22,2026-09-22
PAYP,1.1,16.95,510778,456809,8.66,16.33,0.5,-0.1,-4.3,강한매도,장대음봉,전저점이탈,0.06,-3.28,2026-09-22
PAXS,1.1,13.25,410354,379226,5.44,5.12,1.1,-0.2,0.2,중립,팽이도지,잔구간,0.7,0.12,2026-09-22
VERX,1.1,11.79,1527392,1423636,18.01,18.08,1.0,1.8,-4.1,중립,음봉,전저점부근,0.31,-0.18,2026-09-22
BIT,1.1,11.53,483547,436738,5.58,5.01,1.1,0.0,-0.9,매도주의,장대음봉,잔구간,0.13,-1.22,2026-09-22
BHC,1.1,5.81,1913090,1762269,11.12,12.89,0.9,2.0,1.0,강한매수,양봉스프링,완만한상승,0.95,2.94,2026-09-22
FTMH,1.1,11.15,324293,294269,3.62,4.49,0.8,1.3,-1.2,매도주의,장대음봉,잔구간,0.12,-1.23,2026-09-22
HL,1.1,19.03,49147540,44298636,935.28,702.53,1.3,0.3,3.4,매수관심,장대양봉,잔구간,0.75,1.15,2026-09-22
HELP,1.1,13.71,2427671,2244506,33.28,28.78,1.2,2.6,-2.1,중립,음봉,완만한상승,0.37,0.04,2026-09-22
HE,1.1,9.63,2678324,2383155,25.79,32.33,0.8,0.5,0.1,중립,팽이도지,잔구간,0.39,-0.065,2026-09-22
ADCT,1.1,1.23,1674295,1562921,2.06,1.66,1.2,0.9,8.8,강한매수,장대양봉,전고점돌파,0.85,3.92,2026-09-22
ACEL,1.1,11.19,317577,296878,3.55,3.6,1.0,2.4,-1.6,중립,음봉,잔구간,0.07,-0.61,2026-09-22
XPER,1.1,5.61,368462,334563,2.07,2.28,0.9,1.3,-0.2,중립,망치형,잔구간,0.79,0.675,2026-09-22
XMAX,1.1,8.87,671057,599371,5.95,5.47,1.1,0.0,1.8,강한매수,장대양봉,완만한상승,0.73,3.18,2026-09-22
GFR,1.1,6.31,1683636,1479414,10.62,13.4,0.8,-1.9,-0.8,중립,음봉,잔구간,0.5,-0.35,2026-09-22
CTNM,1.1,13.4,770297,671545,10.32,9.12,1.1,1.4,-2.5,중립,음봉,잔구간,0.26,-0.495,2026-09-22
EGAN,1.1,5.81,339295,315416,1.97,2.0,1.0,0.5,0.2,중립,팽이도지,전고점부근,0.44,-0.52,2026-09-22
RYLD,1.1,15.66,635837,595836,9.96,8.43,1.2,0.1,0.2,중립,양봉,잔구간,0.43,0.31,2026-09-22
RXST,1.1,4.93,849601,741115,4.19,4.53,0.9,-1.8,-2.4,매도주의,음봉,전저점이탈,0.12,-1.91,2026-09-22
AVS,1.1,7.935,11005958,10238480,87.33,88.67,1.0,-0.4,-0.6,매도주의,음봉,전저점이탈,0.23,-1.77,2026-09-22
ACCO,1.1,4.33,753837,679069,3.26,3.32,1.0,1.2,2.6,매수관심,양봉,완만한상승,0.71,1.85,2026-09-22
AGNT,1.1,3.83,2169621,1896827,8.31,7.83,1.1,2.3,-2.8,중립,음봉,잔구간,0.5,-0.35,2026-09-22
ABR,1.0,4.39,4612875,4432595,20.25,23.28,0.9,1.6,-0.5,중립,팽이도지,잔구간,0.56,0.035,2026-09-22
AERO,1.0,16.43,379135,377373,6.23,6.12,1.0,2.4,0.6,매수관심,팽이도지,전고점돌파,0.72,1.76,2026-09-22
RZLV,1.0,2.34,8122858,8511898,19.01,23.21,0.8,0.0,1.7,중립,양봉,전고점부근,0.86,0.68,2026-09-22
SBGI,1.0,13.17,469182,457764,6.18,6.45,1.0,0.7,-1.0,중립,음봉,잔구간,0.27,-0.49,2026-09-22
SBH,1.0,16.96,1362242,1350560,23.1,22.21,1.0,1.9,3.3,강한매수,장대양봉,전고점돌파,0.92,4.0,2026-09-22
SBRA,1.0,19.81,2247688,2244636,44.53,54.6,0.8,0.4,-0.7,매도주의,장대음봉,잔구간,0.26,-1.145,2026-09-22
SERV,1.0,4.55,3334602,3178528,15.17,14.35,1.1,-0.9,3.4,강한매수,장대양봉,완만한상승,0.95,3.44,2026-09-22
ECC,1.0,3.61,852171,875345,3.08,3.21,1.0,0.0,0.3,매수관심,팽이도지,완만한상승,0.65,1.08,2026-09-22
CRNC,1.0,8.23,482660,463554,3.97,5.44,0.7,1.0,0.0,중립,팽이도지,잔구간,0.67,0.1,2026-09-22
GCTS,1.0,2.2,1816958,1842002,4.0,3.18,1.3,-1.4,1.9,매수관심,양봉,완만한상승,0.5,1.6,2026-09-22
ACHV,1.0,8.12,1674963,1650765,13.6,15.4,0.9,1.2,-0.4,중립,팽이도지,전고점부근,0.36,-0.62,2026-09-22
ACI,1.0,12.07,9246044,9135109,111.6,117.2,1.0,1.1,-1.5,중립,음봉,잔구간,0.0,-0.65,2026-09-22
WVE,1.0,4.35,2578113,2668482,11.21,13.27,0.8,1.1,1.2,중립,팽이도지,잔구간,0.62,0.07,2026-09-22
XPEV,1.0,10.48,6494144,6335064,68.06,78.89,0.9,0.8,-0.7,중립,음봉,완만한상승,0.38,0.06,2026-09-22
HIO,1.0,3.4,507760,510032,1.73,1.85,0.9,0.0,-0.3,중립,음봉,잔구간,0.0,-0.65,2026-09-22
ELVA,1.0,6.73,366623,361374,2.47,2.2,1.1,-0.4,-0.1,중립,팽이도지,잔구간,0.65,0.09,2026-09-22
ABCL,1.0,12.65,4285265,4496579,54.21,52.77,1.0,-0.8,0.7,중립,위꼬리양봉,잔구간,0.33,-0.6,2026-09-22
SPCG,1.0,14.45,735397,709309,10.63,17.05,0.6,0.0,-3.8,매도주의,장대음봉,잔구간,0.04,-1.275,2026-09-22
FPI,1.0,10.92,470780,489735,5.14,5.81,0.9,0.5,-0.7,중립,음봉,잔구간,0.54,-0.325,2026-09-22
SPDN,1.0,8.34,25082948,26297242,209.19,279.79,0.7,-1.5,0.1,매도주의,위꼬리양봉,전저점이탈,0.33,-1.95,2026-09-22
SPIR,1.0,12.21,518875,545534,6.34,8.43,0.8,4.4,-2.2,중립,음봉,완만한상승,0.46,0.15,2026-09-22
VIPS,1.0,12.67,2964045,2968394,37.55,37.54,1.0,0.6,0.7,매수관심,팽이도지,완만한상승,0.63,1.06,2026-09-22
AQST,1.0,4.95,2481884,2473873,12.29,12.24,1.0,0.6,2.9,매수관심,양봉,완만한상승,0.53,1.64,2026-09-22
PALI,1.0,1.69,4984154,4943787,8.42,7.68,1.1,1.2,-1.2,중립,망치형,잔구간,0.82,0.69,2026-09-22
PANL,1.0,8.38,537856,515645,4.51,4.16,1.1,-0.6,-1.1,중립,음봉,잔구간,0.58,-0.3,2026-09-22
PDO,1.0,11.87,1315788,1340150,15.62,16.43,1.0,-0.6,-0.2,중립,팽이도지,잔구간,0.48,-0.01,2026-09-22
PEB,1.0,18.26,1676065,1715800,30.6,41.51,0.7,1.2,-1.0,중립,음봉,완만한상승,0.28,-0.06,2026-09-22
OSUR,1.0,3.99,686303,696724,2.74,2.48,1.1,0.3,7.8,강한매수,장대양봉,전고점돌파,0.91,3.99,2026-09-22
OXLC,1.0,8.99,836448,854249,7.52,7.74,1.0,0.1,-0.6,중립,음봉,전저점부근,0.1,-0.43,2026-09-22
AREC,1.0,2.03,1611395,1670188,3.27,3.43,1.0,0.3,2.5,매수관심,장대양봉,잔구간,1.0,1.3,2026-09-22
OKLL,1.0,11.522,2310879,2292565,26.63,31.01,0.9,-0.7,1.9,중립,팽이도지,잔구간,0.55,0.03,2026-09-22
OLMA,1.0,9.64,1490505,1490519,14.37,13.83,1.0,0.3,-0.2,중립,팽이도지,잔구간,0.31,-0.115,2026-09-22
OPFI,1.0,6.42,1082356,1095527,6.95,8.93,0.8,1.9,-2.3,중립,음봉,전저점부근,0.52,0.07,2026-09-22
BLOX,1.0,15.17,365322,358087,5.54,4.63,1.2,0.0,2.4,강한매수,장대양봉,전고점돌파,0.98,4.08,2026-09-22
CMRE,1.0,14.87,353597,357719,5.26,5.83,0.9,-0.3,-1.1,중립,음봉,전저점부근,0.45,-0.01,2026-09-22
AIAI,1.0,3.5,866481,870663,3.03,2.17,1.4,-1.7,3.2,중립,위꼬리양봉,완만한상승,0.45,-0.16,2026-09-22
SMWB,1.0,8.5,463710,462549,3.94,4.73,0.8,0.9,-0.7,강한매수,망치형,완만한상승,0.82,2.28,2026-09-22
PLX,1.0,2.84,854901,882451,2.43,2.1,1.2,0.0,3.3,강한매수,장대양봉,전고점돌파,1.0,4.1,2026-09-22
GPK,1.0,9.57,8171220,7824166,78.2,76.88,1.0,2.8,0.6,매수관심,팽이도지,완만한상승,0.71,1.15,2026-09-22
CORD,1.0,2.98,9558393,9785107,28.48,37.01,0.8,-0.3,-2.9,중립,음봉,잔구간,0.54,-0.325,2026-09-22
COTY,1.0,2.67,5200384,5383190,13.89,14.0,1.0,2.8,3.5,중립,양봉,잔구간,0.88,0.58,2026-09-22
KOS,1.0,2.57,14249106,14872897,36.62,36.03,1.0,-3.0,0.8,중립,팽이도지,전저점부근,0.45,0.69,2026-09-22
KRNY,1.0,9.55,480091,459565,4.58,4.89,0.9,0.4,-0.7,중립,음봉,잔구간,0.25,-0.5,2026-09-22
KSS,1.0,18.27,3496736,3602181,63.89,65.48,1.0,1.9,2.9,강한매수,장대양봉,전고점돌파,0.88,3.96,2026-09-22
KT,1.0,19.5,972625,1023657,18.97,25.62,0.7,0.3,0.0,중립,팽이도지,완만한상승,0.33,0.7,2026-09-22
USGG,1.0,5.96,554007,575865,3.3,3.03,1.1,1.5,1.0,매수관심,양봉스프링,전고점부근,0.89,1.52,2026-09-22
UUUU,1.0,12.14,8358238,8432473,101.47,95.51,1.1,0.1,-1.4,중립,음봉,잔구간,0.55,-0.32,2026-09-22
BTCS,1.0,1.65,1948537,1947566,3.22,3.06,1.1,-1.5,2.5,매수관심,양봉,완만한상승,0.7,1.84,2026-09-22
BSOL,1.0,16.3,2801278,2898193,45.66,52.49,0.9,-1.2,1.1,중립,양봉,잔구간,0.84,0.555,2026-09-22
FULC,1.0,3.84,978964,1006658,3.76,4.95,0.8,0.0,1.1,매수관심,장대양봉,잔구간,0.91,1.245,2026-09-22
FUN,1.0,12.3,2048502,2017077,25.2,28.01,0.9,2.3,-2.8,중립,음봉,잔구간,0.3,-0.47,2026-09-22
UAA,1.0,4.74,10725221,10220293,50.84,47.96,1.1,1.9,-2.5,매도주의,장대음봉,잔구간,0.15,-1.21,2026-09-22
UAMY,1.0,4.8,4817017,4961607,23.12,25.84,0.9,-0.2,-2.0,중립,음봉,잔구간,0.45,-0.38,2026-09-22
JANX,1.0,17.47,908285,939126,15.87,18.0,0.9,0.9,1.7,강한매수,양봉,완만한상승,1.0,2.2,2026-09-22
BETR,1.0,13.14,443400,427865,5.83,4.85,1.2,0.8,5.0,중립,양봉,잔구간,0.95,0.62,2026-09-22
PSO,1.0,15.92,706373,680742,11.25,11.98,0.9,1.1,-1.0,매도주의,장대음봉,완만한상승,0.03,-1.66,2026-09-22
PSQL,1.0,7.4,553187,551470,4.09,5.32,0.8,2.5,-1.2,매도주의,위꼬리음봉,수횡파,0.13,-1.34,2026-09-22
SLDB,1.0,8.92,1305487,1353975,11.64,12.93,0.9,1.5,2.9,강한매수,장대양봉,완만한상승,0.91,3.39,2026-09-22
SLDP,1.0,2.49,2658112,2758941,6.62,7.51,0.9,1.6,-1.2,중립,음봉,잔구간,0.5,-0.35,2026-09-22
SLRC,1.0,11.95,365122,370705,4.36,4.85,0.9,-0.2,-0.5,중립,음봉,전저점부근,0.25,-0.25,2026-09-22
JFR,1.0,7.43,637296,660336,4.74,4.71,1.0,-0.1,-0.7,강한매도,장대음봉,전저점이탈,0.29,-3.0,2026-09-22
UPXI,1.0,1.25,5895656,5798718,7.37,5.88,1.3,-2.4,1.6,중립,양봉,잔구간,0.83,0.55,2026-09-22
UROY,1.0,4.51,2971632,2966755,13.4,29.66,0.5,-0.7,7.1,강한매수,장대양봉,완만한상승,0.83,3.3,2026-09-22
CLOV,1.0,4.67,4516994,4668240,21.09,23.31,0.9,1.5,1.3,중립,양봉,잔구간,0.88,0.58,2026-09-22
DUOT,1.0,9.18,528729,538432,4.85,5.96,0.8,4.7,-1.1,강한매수,망치형,전고점돌파,0.61,2.63,2026-09-22
GNL,1.0,8.71,1970078,1998494,17.16,22.72,0.8,0.7,-1.0,강한매도,장대음봉,전저점이탈,0.0,-3.35,2026-09-22
CWH,1.0,5.7,2305573,2258924,13.14,12.32,1.1,2.2,1.8,중립,양봉,잔구간,0.75,0.5,2026-09-22
CXDO,1.0,5.81,359960,353740,2.09,1.99,1.0,0.5,-0.2,매수관심,팽이도지,완만한상승,0.43,0.82,2026-09-22
SXC,1.0,9.83,830100,835711,8.16,9.27,0.9,0.1,3.4,강한매수,장대양봉,완만한상승,0.84,3.31,2026-09-22
PUMP,1.0,10.03,4414782,4259791,44.28,47.02,0.9,-1.1,-0.2,중립,팽이도지,전저점부근,0.26,0.46,2026-09-22
QBTS,1.0,17.56,14479282,14244583,254.26,289.44,0.9,0.0,-0.8,중립,망치형,잔구간,0.61,0.565,2026-09-22
QUBT,1.0,9.08,6685953,6594228,60.71,56.32,1.1,1.3,0.0,강한매수,양봉스프링,완만한상승,0.91,2.89,2026-09-22
AIOT,1.0,2.98,1341718,1403435,4.0,4.17,1.0,1.4,3.1,매수관심,장대양봉,잔구간,0.92,1.25,2026-09-22
VIXY,1.0,16.48,2445901,2571086,40.31,47.05,0.9,-0.9,-1.8,강한매도,장대음봉,전저점이탈,0.12,-3.21,2026-09-22
VLY,1.0,13.12,7079031,7004270,92.88,97.95,0.9,0.7,-2.8,강한매도,장대음봉,전저점이탈,0.0,-3.35,2026-09-22
IPWR,1.0,4.26,365029,375356,1.56,1.16,1.3,1.6,-1.8,매도주의,위꼬리음봉,잔구간,0.17,-0.95,2026-09-22
IQMX,1.0,10.71,407889,425011,4.37,4.31,1.0,1.5,2.9,강한매수,양봉,전고점돌파,0.51,2.21,2026-09-22
IREZ,1.0,7.04,3256760,3299469,22.93,27.18,0.8,1.7,-7.4,매도주의,장대음봉,전저점부근,0.29,-1.5,2026-09-22
ITUB,1.0,8.43,20324692,20965398,171.34,208.25,0.8,-1.7,1.4,중립,양봉,잔구간,0.71,0.475,2026-09-22
EVGO,1.0,1.47,3259088,3116916,4.79,6.52,0.7,-0.7,-0.7,매도주의,위꼬리음봉,잔구간,0.17,-0.95,2026-09-22
NWBI,1.0,15.21,975455,1006796,14.84,19.65,0.8,0.8,-1.4,매도주의,장대음봉,잔구간,0.1,-1.24,2026-09-22
AMPX,1.0,9.98,4596508,4557833,45.87,43.54,1.1,2.0,1.8,강한매수,양봉,전고점돌파,0.84,2.61,2026-09-22
MFA,1.0,8.56,1603437,1645120,13.73,15.02,0.9,0.6,0.7,매수관심,양봉,완만한상승,0.62,1.74,2026-09-22
LWLG,1.0,5.52,3027441,3103238,16.71,13.23,1.3,-1.3,2.0,매수관심,양봉,완만한상승,0.75,1.9,2026-09-22
LYG,1.0,5.78,14855330,14216454,85.86,84.4,1.0,0.0,-1.9,강한매도,장대음봉,전저점이탈,0.24,-3.06,2026-09-22
BATL,1.0,1.09,4599450,4634474,5.01,8.37,0.6,-0.9,-4.4,강한매도,장대음봉,전저점이탈,0.14,-3.18,2026-09-22
RAIL,1.0,7.41,300389,293334,2.23,2.81,0.8,0.8,-2.4,중립,음봉,잔구간,0.23,-0.51,2026-09-22
RBLU,1.0,5.86,355620,364068,2.08,2.64,0.8,1.9,-7.1,매도주의,장대음봉,잔구간,0.16,-1.205,2026-09-22
SHLS,1.0,8.15,4723544,4677259,38.5,32.98,1.2,1.2,2.8,강한매수,양봉,전고점돌파,0.8,2.56,2026-09-22
INO,1.0,1.29,2925294,2815787,3.77,3.51,1.1,0.8,3.2,매수관심,양봉,완만한상승,0.47,1.56,2026-09-22
CRCT,1.0,5.81,554456,558920,3.22,3.65,0.9,0.9,1.9,강한매수,장대양봉,전고점돌파,0.86,3.93,2026-09-22
CRGY,1.0,13.01,7017353,6903410,91.3,115.1,0.8,-1.4,-0.5,강한매도,위꼬리음봉,전저점이탈,0.13,-2.69,2026-09-22
SKHL,1.0,12.3,1725548,1681367,21.22,19.04,1.1,-2.3,8.9,강한매수,장대양봉,전고점돌파,0.91,3.99,2026-09-22
HTLD,1.0,11.83,904710,873721,10.7,10.32,1.0,1.2,0.4,매수관심,팽이도지,완만한상승,0.6,1.02,2026-09-22
HUMA,1.0,0.583,3469805,3309324,2.02,2.01,1.0,-0.4,-0.8,매도주의,위꼬리음봉,잔구간,0.06,-1.015,2026-09-22
HUYA,1.0,2.37,956506,960113,2.27,2.48,0.9,-0.4,5.8,강한매수,장대양봉,전고점돌파,1.0,4.1,2026-09-22
IFRX,1.0,2.08,571271,562695,1.19,1.11,1.1,0.0,-1.9,중립,음봉,잔구간,0.26,-0.495,2026-09-22
HR,1.0,18.18,4385081,4552507,79.72,77.35,1.0,0.2,-0.7,중립,음봉,잔구간,0.07,-0.61,2026-09-22
IHRT,1.0,2.41,556543,556480,1.34,1.89,0.7,1.5,-1.2,중립,음봉,잔구간,0.44,-0.385,2026-09-22
IKT,1.0,2.31,468654,478217,1.08,1.54,0.7,1.4,3.6,강한매수,장대양봉,완만한상승,0.8,3.26,2026-09-22
IMPP,1.0,5.43,531981,533652,2.89,3.93,0.7,-0.2,-3.9,강한매도,장대음봉,전저점이탈,0.17,-3.15,2026-09-22
ANGI,1.0,5.54,712793,728882,3.95,4.16,0.9,0.0,1.1,매수관심,팽이도지,완만한상승,0.54,0.95,2026-09-22
APLE,1.0,15.78,2424800,2413573,38.26,42.09,0.9,1.0,-0.3,매도주의,위꼬리음봉,잔구간,0.23,-0.91,2026-09-22
TDAY,1.0,6.56,1847180,1932348,12.12,13.6,0.9,1.1,1.5,중립,양봉,잔구간,0.78,0.52,2026-09-22
NUS,1.0,4.86,507991,503257,2.47,2.83,0.9,1.3,2.5,강한매수,장대양봉,완만한상승,0.86,3.33,2026-09-22
ALM,1.0,14.35,6204472,5980074,89.03,106.97,0.8,-1.2,-1.0,중립,망치형,잔구간,0.78,0.67,2026-09-22
MATV,1.0,12.56,585091,612252,7.35,6.65,1.1,1.0,1.9,중립,양봉,전고점부근,0.56,0.32,2026-09-22
MDXG,1.0,4.93,1032049,1015109,5.09,6.4,0.8,0.0,2.5,강한매수,장대양봉,전고점돌파,0.94,4.03,2026-09-22
NVDQ,1.0,8.13,6293848,6027394,51.17,44.35,1.2,0.4,-1.7,중립,음봉,전저점부근,0.32,-0.17,2026-09-22
NIQ,1.0,17.96,1226564,1196884,22.03,21.33,1.0,1.0,-3.3,매도주의,장대음봉,잔구간,0.2,-1.18,2026-09-22
TENX,1.0,1.94,2189187,2213602,4.25,8.32,0.5,0.0,3.2,강한매수,장대양봉,완만한상승,0.86,3.33,2026-09-22
THM,1.0,2.95,957474,986578,2.82,2.3,1.2,0.4,11.7,강한매수,장대양봉,전고점돌파,0.91,3.99,2026-09-22
MGNX,1.0,4.12,377359,373572,1.55,1.84,0.8,1.2,-1.2,중립,음봉,완만한상승,0.36,0.03,2026-09-22
CBRZ,1.0,7.61,353874,337386,2.69,4.31,0.6,3.2,-6.6,매도주의,장대음봉,전저점부근,0.1,-1.73,2026-09-22
TSLZ,1.0,10.8,2560524,2590068,27.65,29.39,0.9,-1.7,-0.1,매도주의,위꼬리음봉,전저점부근,0.22,-1.09,2026-09-22
TLX,1.0,11.95,613709,636358,7.33,6.57,1.1,5.5,0.2,매수관심,팽이도지,완만한상승,0.44,0.83,2026-09-22
EYPT,1.0,4.07,4463692,4429752,18.17,16.67,1.1,1.5,-0.2,중립,팽이도지,완만한상승,0.4,0.78,2026-09-22
FIGS,1.0,12.95,2033387,2119221,26.33,37.35,0.7,1.4,-2.7,매도주의,장대음봉,잔구간,0.17,-1.2,2026-09-22
REAX,1.0,17.13,825466,805712,14.14,16.65,0.8,-2.4,2.0,중립,양봉,잔구간,0.58,0.4,2026-09-22
REM,1.0,19.91,929644,957197,18.51,16.45,1.1,0.5,0.3,중립,양봉,잔구간,0.52,0.36,2026-09-22
FJET,1.0,1.94,2039785,1962384,3.96,5.1,0.8,2.5,-4.0,중립,음봉,잔구간,0.17,-0.55,2026-09-22
FLO,1.0,5.88,8585947,8351592,50.49,51.86,1.0,1.5,-2.8,매도주의,장대음봉,잔구간,0.05,-1.27,2026-09-22
INFQ,1.0,14.06,8244152,8472671,115.91,125.53,0.9,0.2,0.5,강한매수,양봉스프링,완만한상승,0.84,2.81,2026-09-22
INIO,1.0,19.51,6434523,6671394,125.54,127.78,1.0,0.5,-4.4,매도주의,장대음봉,잔구간,0.36,-1.085,2026-09-22
HBNC,1.0,19.18,512483,533840,9.83,10.54,0.9,0.6,-1.5,매도주의,장대음봉,전저점부근,0.0,-1.85,2026-09-22
HDSN,1.0,5.23,379730,395892,1.99,2.35,0.8,0.6,0.2,매수관심,팽이도지,완만한상승,0.55,0.96,2026-09-22
HOPE,1.0,13.78,901485,867824,12.42,13.31,0.9,0.9,-1.2,매도주의,장대음봉,잔구간,0.2,-1.18,2026-09-22
SFL,1.0,12.79,1690525,1676741,21.62,21.42,1.0,-1.3,-3.9,매도주의,장대음봉,잔구간,0.0,-1.3,2026-09-22
RPC,1.0,7.92,579660,571456,4.59,4.67,1.0,1.5,-1.1,중립,음봉,완만한상승,0.41,0.09,2026-09-22
AUPH,1.0,16.67,885011,896115,14.75,14.36,1.0,0.7,-0.3,매수관심,팽이도지,완만한상승,0.47,0.86,2026-09-22
GTN,1.0,4.65,969136,985113,4.51,4.9,0.9,1.9,-1.3,중립,음봉,잔구간,0.47,-0.37,2026-09-22
ASM,1.0,6.49,3309258,3335783,21.48,25.42,0.8,-0.2,5.2,매수관심,장대양봉,잔구간,0.93,1.26,2026-09-22
EVLV,1.0,4.91,2485742,2540655,12.2,12.39,1.0,1.2,-1.6,중립,음봉,잔구간,0.6,-0.29,2026-09-22
TMC,1.0,4.41,5185815,5063769,22.87,18.85,1.2,0.5,6.0,강한매수,양봉,전고점돌파,0.84,2.61,2026-09-22
NBIG,1.0,18.5,2621963,2520221,48.51,39.39,1.2,0.2,2.8,중립,위꼬리양봉,완만한상승,0.3,-0.34,2026-09-22
CAN,1.0,0.412,11135776,10919221,4.59,6.28,0.7,-3.0,1.8,중립,양봉,잔구간,0.47,0.33,2026-09-22
TSLL,1.0,10.3,60173015,61050819,619.78,597.13,1.0,1.5,-0.4,강한매수,망치형,완만한상승,0.76,2.21,2026-09-22
BW,1.0,7.34,4005972,4044337,29.4,32.04,0.9,-0.5,0.5,중립,팽이도지,잔구간,0.4,-0.06,2026-09-22
BXDC,1.0,19.53,2399604,2338233,46.86,63.02,0.7,0.1,1.1,중립,양봉,잔구간,0.81,0.535,2026-09-22
CABO,1.0,17.06,333560,318254,5.69,5.95,1.0,1.5,-6.7,매도주의,장대음봉,잔구간,0.21,-1.175,2026-09-22
WSE,1.0,11.51,1772626,1767682,20.4,21.76,0.9,0.7,-1.8,매도주의,장대음봉,잔구간,0.08,-1.25,2026-09-22
XFOR,0.9,3.43,923763,995678,3.17,5.03,0.6,0.7,-2.6,중립,음봉,잔구간,0.18,-0.54,2026-09-22
ZUMZ,0.9,14.48,369495,418612,5.35,7.26,0.7,1.5,2.9,매수관심,장대양봉,잔구간,0.88,1.23,2026-09-22
WTI,0.9,3.65,3589567,4187255,13.1,16.61,0.8,-2.4,0.0,매도주의,팽이도지,전저점이탈,0.34,-0.94,2026-09-22
SATL,0.9,5.74,4898747,5288700,28.12,29.57,1.0,-0.2,3.1,강한매수,양봉,전고점돌파,0.91,2.69,2026-09-22
RXT,0.9,4.13,7472757,8428846,30.86,31.73,1.0,1.5,0.7,중립,팽이도지,전고점부근,0.47,-0.49,2026-09-22
RUM,0.9,8.96,6072406,7131524,54.41,66.02,0.8,0.5,-2.8,중립,음봉,잔구간,0.41,-0.405,2026-09-22
YMAX,0.9,7.94,1116161,1238702,8.86,8.85,1.0,0.0,1.0,강한매수,장대양봉,전고점돌파,1.0,4.1,2026-09-22
YEXT,0.9,6.37,877819,1005235,5.59,7.19,0.8,1.2,-2.0,중립,음봉,잔구간,0.5,-0.35,2026-09-22
AEO,0.9,15.92,5410484,6346776,86.13,163.45,0.5,1.7,1.3,강한매수,양봉,전고점돌파,0.65,2.38,2026-09-22
ABTC,0.9,10.27,1603719,1760611,16.47,17.15,1.0,-0.3,0.0,중립,팽이도지,잔구간,0.58,0.05,2026-09-22
AGNC,0.9,10.09,27116905,31004951,273.61,479.12,0.6,0.7,0.5,중립,양봉,잔구간,0.92,0.6,2026-09-22
AAL,0.9,13.61,72408955,81304283,985.49,961.5,1.0,3.6,-3.2,강한매도,장대음봉,전고점부근,0.23,-3.77,2026-09-22
WIT,0.9,1.69,6061138,6656721,10.24,16.48,0.6,1.2,0.0,매수관심,팽이도지,완만한상승,0.5,0.9,2026-09-22
WCT,0.9,7.75,920683,1047004,7.14,4.81,1.5,-2.1,1.8,매수관심,양봉스프링,잔구간,0.79,0.925,2026-09-22
MRLN,0.9,1.92,5615368,6468983,10.78,9.11,1.2,0.5,2.7,매수관심,양봉스프링,잔구간,0.9,0.99,2026-09-22
MORT,0.9,9.19,1618609,1709107,14.88,13.54,1.1,0.7,0.1,중립,팽이도지,잔구간,0.57,0.04,2026-09-22
MNSO,0.9,9.08,722032,818721,6.56,7.9,0.8,1.3,-0.3,중립,팽이도지,완만한상승,0.37,0.74,2026-09-22
TSLG,0.9,5.16,55022652,60824988,283.92,259.0,1.1,2.0,0.0,매수관심,양봉스프링,전고점부근,0.8,1.41,2026-09-22
AVAH,0.9,13.22,3115781,3378833,41.19,52.6,0.8,0.1,-1.7,매도주의,음봉,전저점이탈,0.27,-1.73,2026-09-22
RPAY,0.9,3.89,390307,428552,1.52,1.54,1.0,0.5,-1.5,중립,망치형,잔구간,0.68,0.61,2026-09-22
RMIX,0.9,13.42,327553,360630,4.4,5.69,0.8,1.8,-2.2,중립,음봉,잔구간,0.23,-0.51,2026-09-22
GGB,0.9,5.02,10249980,11825187,51.45,58.59,0.9,-1.6,2.0,강한매수,장대양봉,완만한상승,0.78,3.24,2026-09-22
BVS,0.9,13.65,429429,468400,5.86,6.48,0.9,0.5,2.0,강한매수,장대양봉,전고점돌파,0.94,4.03,2026-09-22
BUR,0.9,4.1,2043090,2258160,8.38,8.32,1.0,2.3,1.7,중립,양봉,잔구간,0.57,0.39,2026-09-22
BTX,0.9,9.05,339834,366446,3.08,3.27,0.9,-0.2,1.2,강한매수,장대양봉,완만한상승,0.81,3.27,2026-09-22
BTG,0.9,5.58,17788499,20307653,99.26,112.2,0.9,0.6,3.5,강한매수,장대양봉,전고점돌파,0.78,3.84,2026-09-22
BTE,0.9,4.58,15325338,17760332,70.19,83.7,0.8,-1.5,-0.4,강한매도,위꼬리음봉,전저점이탈,0.24,-2.56,2026-09-22
CABA,0.9,2.5,5313653,6228606,13.28,17.56,0.8,0.8,0.8,중립,위꼬리양봉,잔구간,0.29,-0.625,2026-09-22
MFIC,0.9,9.06,372055,422195,3.37,4.59,0.7,1.0,-1.0,매도주의,장대음봉,완만한상승,0.08,-1.6,2026-09-22
BXMT,0.9,13.14,1885201,2166924,24.77,36.14,0.7,0.6,-1.6,매도주의,장대음봉,잔구간,0.02,-1.29,2026-09-22
HAPN,0.9,16.01,1662872,1865581,26.62,24.11,1.1,1.9,-3.0,매도주의,장대음봉,잔구간,0.09,-1.245,2026-09-22
GTE,0.9,9.79,502984,587676,4.92,6.67,0.7,-1.2,0.0,강한매도,위꼬리양봉,전저점이탈,0.14,-2.18,2026-09-22
GROY,0.9,3.35,1404912,1486783,4.71,7.23,0.7,0.0,2.8,매수관심,장대양봉,잔구간,0.92,1.25,2026-09-22
HSHP,0.9,18.14,562458,621616,10.2,11.16,0.9,-3.1,-0.7,중립,팽이도지,잔구간,0.44,-0.035,2026-09-22
DOMO,0.9,3.7,1082167,1231638,4.0,5.46,0.7,1.1,-1.6,중립,음봉,잔구간,0.13,-0.57,2026-09-22
DNN,0.9,2.93,18984175,21342235,55.62,69.44,0.8,1.0,0.3,중립,팽이도지,잔구간,0.73,0.14,2026-09-22
FLWS,0.9,2.84,547747,577597,1.56,1.63,1.0,0.8,9.7,강한매수,장대양봉,완만한상승,0.92,3.4,2026-09-22
MICC,0.9,19.32,661482,704281,12.78,15.86,0.8,1.7,-1.3,매도주의,장대음봉,완만한상승,0.24,-1.41,2026-09-22
CEPL,0.9,5.95,529192,616461,3.15,4.12,0.8,-1.6,-1.3,중립,망치형,잔구간,0.7,0.62,2026-09-22
CCC,0.9,6.57,13650375,14807511,89.68,96.07,0.9,2.5,-1.4,중립,음봉,잔구간,0.47,-0.37,2026-09-22
CC,0.9,14.98,1817219,2064527,27.22,28.63,1.0,0.7,2.4,강한매수,장대양봉,완만한상승,0.77,3.22,2026-09-22
TETH,0.9,13.77,1592815,1734792,21.93,23.05,1.0,-0.5,0.3,매수관심,양봉스프링,잔구간,0.78,0.92,2026-09-22
NN,0.9,15.33,1898316,2025626,29.1,40.52,0.7,0.6,-2.7,중립,음봉,잔구간,0.42,-0.4,2026-09-22
NAVI,0.9,9.48,1515992,1770488,14.37,16.4,0.9,1.0,-2.0,중립,음봉,잔구간,0.44,-0.385,2026-09-22
NABL,0.9,4.11,2994924,3214054,12.31,17.37,0.7,1.3,3.5,강한매수,양봉,완만한상승,0.86,2.03,2026-09-22
MYGN,0.9,4.02,2486954,2715122,10.0,9.77,1.0,-2.7,3.1,강한매수,양봉,완만한상승,0.88,2.06,2026-09-22
MTRX,0.9,9.98,484317,544396,4.83,4.81,1.0,0.8,-1.3,매도주의,장대음봉,잔구간,0.28,-1.13,2026-09-22
CAPR,0.9,9.34,2499553,2663271,23.35,24.28,1.0,1.2,3.7,매수관심,양봉,완만한상승,0.76,1.91,2026-09-22
GGT,0.9,4.06,318305,363145,1.29,1.63,0.8,0.2,0.7,중립,양봉,전고점부근,0.73,0.53,2026-09-22
FHTX,0.9,4.24,328885,377285,1.39,1.41,1.0,1.4,0.7,매수관심,팽이도지,완만한상승,0.53,0.94,2026-09-22
F,0.9,13.1,45152913,48082481,591.5,732.18,0.8,0.9,-1.5,매도주의,장대음봉,잔구간,0.37,-1.08,2026-09-22
RIVN,0.9,15.14,20965822,23957147,317.42,350.9,0.9,1.2,-2.6,매도주의,장대음봉,잔구간,0.13,-1.22,2026-09-22
RITM,0.9,9.64,4241342,4762328,40.89,54.48,0.8,1.0,-0.1,매수관심,팽이도지,완만한상승,0.5,0.9,2026-09-22
RGTZ,0.9,14.32,356721,377956,5.11,8.71,0.6,0.6,-0.5,매도주의,위꼬리음봉,전저점부근,0.01,-1.34,2026-09-22
RGTI,0.9,16.52,13847031,15239241,228.75,287.48,0.8,-0.3,0.2,매수관심,양봉스프링,전고점부근,0.9,1.53,2026-09-22
RGNX,0.9,8.15,1202480,1329360,9.8,11.92,0.8,1.9,1.5,매수관심,양봉,완만한상승,0.71,1.85,2026-09-22
QYLD,0.9,18.55,3440604,3844674,63.82,67.02,1.0,-0.1,0.2,강한매수,장대양봉,완만한상승,0.8,3.26,2026-09-22
INDI,0.9,3.2,4559907,5129883,14.59,18.94,0.8,0.0,-0.3,중립,팽이도지,잔구간,0.35,-0.09,2026-09-22
IMXI,0.9,12.04,510524,539257,6.15,6.81,0.9,0.7,-2.5,중립,음봉,전저점부근,0.35,-0.13,2026-09-22
MDU,0.9,18.56,1724318,1969045,32.0,39.98,0.8,0.4,-0.4,중립,음봉,완만한상승,0.32,-0.02,2026-09-22
MBI,0.9,4.53,436171,494795,1.98,2.35,0.8,0.0,-0.2,중립,망치형,잔구간,0.9,0.74,2026-09-22
ALOY,0.9,9.03,1977410,2222389,17.86,20.68,0.9,0.8,-3.9,매도주의,장대음봉,잔구간,0.34,-1.095,2026-09-22
ALLO,0.9,1.71,5237474,5820243,8.96,11.01,0.8,1.8,-0.6,매수관심,팽이도지,완만한상승,0.48,0.88,2026-09-22
ALKT,0.9,18.09,1202192,1305129,21.75,37.97,0.6,1.9,-4.1,강한매도,장대음봉,전저점이탈,0.25,-3.05,2026-09-22
TLK,0.9,13.67,867378,913617,11.86,11.3,1.0,0.1,-1.5,강한매도,장대음봉,전저점이탈,0.0,-3.35,2026-09-22
TK,0.9,13.76,581741,647806,8.0,8.99,0.9,-2.9,-1.4,매도주의,음봉,전저점이탈,0.42,-1.55,2026-09-22
TIGR,0.9,4.88,1689806,1984629,8.25,9.18,0.9,0.6,-0.8,중립,팽이도지,잔구간,0.44,-0.035,2026-09-22
MIR,0.9,16.49,3302230,3514693,54.45,58.89,0.9,0.5,1.2,중립,양봉,전고점부근,0.69,0.48,2026-09-22
TDUP,0.9,2.45,1781738,1997982,4.37,6.76,0.6,1.7,0.0,중립,팽이도지,잔구간,0.45,-0.03,2026-09-22
TDOC,0.9,6.35,2988456,3232910,18.98,21.09,0.9,1.2,0.1,매수관심,팽이도지,완만한상승,0.53,0.94,2026-09-22
ANGO,0.9,15.67,439370,514162,6.88,7.32,0.9,1.0,0.6,강한매수,양봉,완만한상승,0.83,2.0,2026-09-22
CIEG,0.9,4.51,774407,854664,3.49,3.26,1.1,-1.1,2.5,매수관심,양봉,완만한상승,0.37,1.44,2026-09-22
NMZ,0.9,9.33,1027912,1154201,9.59,11.43,0.8,-0.1,0.2,중립,위꼬리양봉,잔구간,0.15,-0.71,2026-09-22
NVD,0.9,3.61,73770449,79863145,266.31,305.19,0.9,0.5,-1.9,매도주의,장대음봉,전저점부근,0.35,-1.43,2026-09-22
IMMR,0.9,7.43,339570,391946,2.52,3.36,0.8,0.7,0.4,매수관심,양봉스프링,잔구간,0.91,0.995,2026-09-22
VYX,0.9,7.4,3337896,3905085,24.7,26.92,0.9,1.5,0.0,중립,팽이도지,잔구간,0.61,0.065,2026-09-22
VXX,0.9,17.15,8043754,8487750,137.95,168.42,0.8,-1.1,-2.0,강한매도,장대음봉,전저점이탈,0.07,-3.27,2026-09-22
VTS,0.9,16.85,570441,656023,9.61,12.16,0.8,-1.0,0.8,중립,양봉,잔구간,0.47,0.33,2026-09-22
IE,0.9,10.74,2083670,2218209,22.38,26.02,0.9,0.8,8.2,강한매수,장대양봉,완만한상승,0.95,3.44,2026-09-22
IBX,0.9,17.06,413161,439914,7.05,7.16,1.0,1.7,-2.2,중립,음봉,잔구간,0.2,-0.53,2026-09-22
SKHZ,0.9,9.105,1363868,1510999,12.42,17.04,0.7,1.1,-4.5,강한매도,장대음봉,전저점이탈,0.1,-3.23,2026-09-22
CRDU,0.9,8.95,6607057,7368155,59.13,44.82,1.3,-4.0,9.7,강한매수,장대양봉,전고점돌파,0.85,3.92,2026-09-22
RCAT,0.9,6.94,10088272,11622751,70.01,75.31,0.9,1.0,-1.1,중립,음봉,잔구간,0.62,-0.28,2026-09-22
SMCX,0.9,14.14,3849149,4346898,54.43,57.76,0.9,0.1,1.3,강한매수,양봉스프링,완만한상승,0.83,2.8,2026-09-22
BCSF,0.9,11.22,583841,666490,6.55,6.8,1.0,0.4,-0.3,매도주의,위꼬리음봉,완만한상승,0.08,-1.1,2026-09-22
EU,0.9,1.21,11510764,12453701,13.93,11.87,1.2,1.0,14.2,강한매수,장대양봉,전고점돌파,0.76,3.81,2026-09-22
ESRT,0.9,4.1,4851098,5378282,19.89,25.67,0.8,0.5,-1.4,중립,음봉,잔구간,0.25,-0.5,2026-09-22
EROC,0.9,12.83,2787460,3094653,35.76,42.97,0.8,1.4,-5.5,매도주의,장대음봉,잔구간,0.17,-1.2,2026-09-22
ERAS,0.9,15.55,4766263,5388833,74.12,82.54,0.9,0.9,2.5,매수관심,양봉,완만한상승,0.67,1.8,2026-09-22
NVCR,0.9,16.67,1044654,1100985,17.41,19.18,0.9,1.0,-0.2,매수관심,팽이도지,완만한상승,0.53,0.94,2026-09-22
NVA,0.9,5.96,371831,427531,2.22,4.04,0.5,-0.2,2.2,중립,양봉,잔구간,0.83,0.55,2026-09-22
NUVB,0.9,6.1,4323988,5086797,26.38,30.59,0.9,3.1,-2.6,중립,음봉,잔구간,0.48,-0.36,2026-09-22
NTLA,0.9,12.69,3921412,4290849,49.76,54.15,0.9,0.4,3.4,매수관심,양봉,완만한상승,0.66,1.79,2026-09-22
NRGV,0.9,4.77,3667985,4059238,17.5,21.68,0.8,-0.6,2.1,중립,양봉,전고점부근,0.48,0.23,2026-09-22
BBWI,0.9,17.18,6410860,7227782,110.14,116.67,0.9,2.5,-0.9,중립,음봉,완만한상승,0.22,-0.14,2026-09-22
JACK,0.9,13.4,557965,650333,7.48,8.21,0.9,0.8,-0.4,매도주의,위꼬리음봉,잔구간,0.08,-1.0,2026-09-22
ITRG,0.9,2.88,1437404,1615988,4.14,5.85,0.7,0.7,3.2,강한매수,장대양봉,완만한상승,0.79,3.25,2026-09-22
QPUX,0.9,13.62,307414,323888,4.19,3.72,1.1,-2.1,0.6,매수관심,양봉스프링,잔구간,0.75,0.9,2026-09-22
PRME,0.9,3.54,2725338,3100030,9.65,10.24,0.9,0.9,9.9,강한매수,장대양봉,전고점돌파,0.93,4.02,2026-09-22
PRCH,0.9,17.07,1199821,1263324,20.48,23.54,0.9,1.9,0.6,매수관심,팽이도지,전고점돌파,0.67,1.7,2026-09-22
PLTD,0.9,4.83,23550676,27656384,113.75,130.37,0.9,-1.6,-0.2,강한매도,위꼬리음봉,전저점이탈,0.0,-2.85,2026-09-22
GLNK,0.9,11.52,511622,541931,5.89,5.88,1.0,-0.3,0.2,중립,팽이도지,잔구간,0.63,0.08,2026-09-22
LTRX,0.9,6.25,1092248,1254257,6.83,7.81,0.9,-0.8,2.0,매수관심,양봉,완만한상승,0.63,1.76,2026-09-22
DSP,0.9,12.84,434100,508049,5.57,8.23,0.7,0.2,1.3,강한매수,양봉,완만한상승,0.91,2.09,2026-09-22
CLSK,0.9,15.14,16801960,18196228,254.38,254.43,1.0,-1.8,4.4,매수관심,장대양봉,전고점부근,0.86,1.98,2026-09-22
USAR,0.9,16.99,12352089,13734970,209.86,225.27,0.9,0.7,0.6,매수관심,양봉스프링,전고점부근,0.87,1.49,2026-09-22
UNIT,0.9,9.57,1697761,1850517,16.25,20.97,0.8,1.0,0.2,매수관심,팽이도지,완만한상승,0.64,1.07,2026-09-22
BSCU,0.9,16.285,696634,765235,11.34,14.68,0.8,0.1,-0.0,중립,망치형,잔구간,0.82,0.69,2026-09-22
BSCQ,0.9,19.505,719670,811451,14.04,19.96,0.7,-0.0,0.0,중립,양봉,잔구간,0.5,0.35,2026-09-22
NXDR,0.9,2.5,2614976,2962834,6.54,6.14,1.1,-0.4,-4.9,매도주의,장대음봉,잔구간,0.17,-1.2,2026-09-22
NWG,0.9,18.57,3091889,3421328,57.42,55.36,1.0,-0.3,-1.7,매도주의,장대음봉,잔구간,0.23,-1.16,2026-09-22
EVC,0.9,8.1,955067,1117323,7.74,8.98,0.9,0.5,0.9,중립,양봉,잔구간,0.72,0.48,2026-09-22
AI,0.9,10.85,4032638,4443437,43.75,53.53,0.8,1.8,-1.7,중립,음봉,완만한상승,0.27,-0.08,2026-09-22
AHCO,0.9,5.77,2763354,3146647,15.94,18.56,0.9,0.7,-0.3,중립,팽이도지,잔구간,0.31,-0.115,2026-09-22
CNNE,0.9,15.64,512124,578125,8.01,9.46,0.8,0.9,1.8,강한매수,장대양봉,완만한상승,0.79,3.25,2026-09-22
KEEL,0.9,4.15,34133233,36874336,141.65,134.68,1.1,-1.7,3.8,매수관심,양봉,완만한상승,0.69,1.83,2026-09-22
JPC,0.9,6.97,2023930,2290428,14.11,15.18,0.9,0.0,-0.1,중립,팽이도지,잔구간,0.47,-0.02,2026-09-22
SPCM,0.9,18.38,571959,644601,10.51,14.56,0.7,-0.2,3.8,매수관심,장대양봉,잔구간,0.96,1.275,2026-09-22
OCTV,0.9,19.37,2229245,2599942,43.18,78.13,0.6,1.4,-0.6,강한매수,망치형,완만한상승,0.76,2.21,2026-09-22
OCSL,0.9,12.37,357207,412664,4.42,5.74,0.8,0.9,-1.6,매도주의,장대음봉,잔구간,0.09,-1.245,2026-09-22
OBIO,0.9,6.22,343049,397709,2.13,2.77,0.8,-1.6,1.1,중립,위꼬리양봉,수횡파,0.39,-0.53,2026-09-22
NZF,0.9,11.4,1025584,1107927,11.69,12.17,1.0,-0.4,0.9,매수관심,장대양봉,잔구간,0.92,1.25,2026-09-22
UWMC,0.9,1.26,12020190,13664564,15.15,15.5,1.0,1.6,-1.6,중립,음봉,잔구간,0.31,-0.465,2026-09-22
LAND,0.9,9.725,504736,543929,4.91,6.27,0.8,0.7,0.6,강한매수,양봉스프링,전고점돌파,0.85,3.42,2026-09-22
KOPN,0.9,4.94,3238440,3511713,16.0,17.93,0.9,-0.8,2.7,강한매수,양봉,전고점돌파,0.94,2.73,2026-09-22
CODI,0.9,11.33,352984,409933,4.0,6.56,0.6,1.8,-0.7,중립,음봉,완만한상승,0.33,-0.0,2026-09-22
CNTN,0.9,2.45,679346,748754,1.66,2.22,0.7,0.4,0.0,매수관심,팽이도지,완만한상승,0.63,1.06,2026-09-22
SNDL,0.9,1.41,1011308,1178412,1.43,2.0,0.7,0.0,2.9,강한매수,장대양봉,전고점돌파,0.8,3.86,2026-09-22
DRN,0.9,9.33,1653801,1831756,15.43,17.32,0.9,-0.2,-1.2,매도주의,장대음봉,잔구간,0.37,-1.08,2026-09-22
BHK,0.9,8.49,448350,508431,3.81,3.78,1.0,0.2,-0.2,중립,음봉,잔구간,0.43,-0.39,2026-09-22
BGS,0.9,3.04,1858848,2146201,5.65,7.68,0.7,1.4,2.4,강한매수,장대양봉,완만한상승,0.78,3.24,2026-09-22
PGEN,0.9,7.89,5329026,5733415,42.05,34.66,1.2,-0.8,3.3,매수관심,양봉,완만한상승,0.71,1.85,2026-09-22
PFXF,0.9,17.87,529630,607970,9.46,11.58,0.8,0.2,-0.4,중립,음봉,잔구간,0.42,-0.4,2026-09-22
PEPG,0.9,2.98,523680,596995,1.56,2.52,0.6,0.0,4.9,매수관심,장대양봉,잔구간,0.76,1.155,2026-09-22
BITO,0.9,11.58,78740163,92482260,911.81,901.17,1.0,-1.0,0.7,중립,양봉,잔구간,0.56,0.385,2026-09-22
GORO,0.9,3.55,1657936,1789912,5.89,6.43,0.9,-0.3,0.9,중립,팽이도지,수횡파,0.56,0.67,2026-09-22
SVM,0.9,12.34,1597934,1842828,19.72,20.81,0.9,0.2,4.1,매수관심,장대양봉,잔구간,0.89,1.235,2026-09-22
STWD,0.9,15.1,3592023,4077829,54.24,68.95,0.8,0.7,0.0,중립,팽이도지,잔구간,0.32,-0.11,2026-09-22
ARKO,0.9,4.35,637525,747686,2.77,4.85,0.6,1.2,1.4,중립,양봉,잔구간,0.91,0.595,2026-09-22
ARHS,0.9,9.29,1413081,1618450,13.13,10.43,1.3,1.9,4.4,강한매수,장대양봉,전고점돌파,0.95,4.04,2026-09-22
UEC,0.9,10.33,8137885,8642121,84.06,94.78,0.9,1.6,0.9,매수관심,양봉스프링,잔구간,0.81,0.935,2026-09-22
BTBT,0.9,1.86,23725179,27311805,44.13,50.9,0.9,-1.4,3.6,강한매수,장대양봉,완만한상승,1.0,3.5,2026-09-22
BTAL,0.9,11.93,513045,553942,6.12,9.36,0.7,-0.7,-0.3,매도주의,팽이도지,전저점이탈,0.37,-0.91,2026-09-22
KURA,0.9,11.73,1681020,1810258,19.72,22.18,0.9,1.7,-0.6,중립,팽이도지,완만한상승,0.36,0.73,2026-09-22
VIR,0.9,11.5,1852669,1966302,21.31,25.63,0.8,1.0,4.6,강한매수,장대양봉,전고점돌파,0.74,3.79,2026-09-22
VERI,0.9,1.28,2394572,2713856,3.07,3.32,0.9,3.4,5.8,강한매수,양봉,전고점돌파,0.92,2.7,2026-09-22
VELO,0.9,11.52,822068,946767,9.47,10.36,0.9,0.3,2.1,중립,양봉,전고점부근,0.93,0.77,2026-09-22
STGW,0.9,8.51,1508791,1638899,12.84,11.46,1.1,1.2,0.7,중립,팽이도지,잔구간,0.46,-0.025,2026-09-22
SSTK,0.9,4.51,730093,777311,3.29,5.15,0.6,0.4,-0.9,중립,음봉,잔구간,0.36,-0.435,2026-09-22
OTF,0.9,10.49,1769269,2021251,18.56,22.06,0.8,0.6,-2.0,매도주의,장대음봉,잔구간,0.04,-1.275,2026-09-22
BORR,0.9,4.46,6550819,7315707,29.22,28.8,1.0,-2.3,3.0,매수관심,양봉,완만한상승,0.71,1.85,2026-09-22
PDYN,0.9,5.68,778188,883567,4.42,4.98,0.9,0.5,0.0,강한매수,양봉스프링,수횡파,0.86,3.53,2026-09-22
PAX,0.9,10.5,1020064,1140654,10.71,13.04,0.8,1.2,0.0,중립,팽이도지,잔구간,0.68,0.11,2026-09-22
APPS,0.9,12.19,2347748,2542939,28.62,30.83,0.9,1.6,-0.4,매수관심,망치형,전고점부근,0.86,0.98,2026-09-22
GPGI,0.9,12.6,1061085,1129692,13.37,19.64,0.7,2.2,-0.5,중립,망치형,잔구간,0.63,0.58,2026-09-22
YSS,0.9,9.91,3614394,4246548,35.82,44.57,0.8,0.3,1.2,매수관심,양봉스프링,전고점부근,0.84,1.46,2026-09-22
TRX,0.9,1.43,4059646,4540798,5.81,5.94,1.0,0.8,7.5,강한매수,장대양봉,전고점돌파,0.9,3.98,2026-09-22
TOYO,0.9,4.48,311081,344171,1.39,1.78,0.8,-0.2,0.4,중립,위꼬리양봉,완만한상승,0.24,-0.41,2026-09-22
GENB,0.9,17.46,1306283,1457462,22.81,21.11,1.1,1.7,-1.2,중립,음봉,완만한상승,0.22,-0.14,2026-09-22
GDXY,0.9,11.11,654659,731385,7.27,8.31,0.9,0.5,2.5,매수관심,장대양봉,잔구간,0.88,1.23,2026-09-22
GDXD,0.9,16.45,2782068,3041135,45.77,58.72,0.8,-0.3,-11.1,매도주의,장대음봉,잔구간,0.12,-1.23,2026-09-22
DFNS,0.9,8.35,322925,372191,2.7,4.87,0.6,0.4,1.5,중립,팽이도지,잔구간,0.72,0.13,2026-09-22
EDIT,0.9,2.92,2295646,2492001,6.7,10.69,0.6,1.1,2.1,강한매수,양봉,완만한상승,0.92,2.1,2026-09-22
EDD,0.9,5.79,315542,350994,1.83,2.0,0.9,0.7,-0.7,중립,음봉,완만한상승,0.0,-0.4,2026-09-22
SENS,0.9,10.06,717811,818366,7.22,6.93,1.0,0.2,2.7,강한매수,양봉,전고점돌파,1.0,2.8,2026-09-22
SCZM,0.9,9.55,453996,530328,4.34,4.53,1.0,0.3,5.4,매수관심,장대양봉,잔구간,0.9,1.24,2026-09-22
HOS,0.9,8.41,2308643,2620084,19.42,23.03,0.8,-1.2,2.2,중립,양봉,잔구간,0.78,0.52,2026-09-22
CURI,0.9,2.86,612829,648694,1.75,1.61,1.1,0.4,0.4,중립,팽이도지,완만한상승,0.4,0.78,2026-09-22
CRON,0.9,3.43,768478,830677,2.64,2.49,1.1,0.3,2.7,강한매수,장대양봉,전고점돌파,0.76,3.81,2026-09-22
ADMA,0.9,9.81,2737632,2963139,26.86,32.27,0.8,0.3,2.9,강한매수,장대양봉,전고점돌파,0.94,4.03,2026-09-22
WLTH,0.8,9.94,2719090,3570886,27.03,57.57,0.5,1.5,-2.6,중립,음봉,전저점부근,0.5,0.05,2026-09-22
EMAT,0.8,3.72,1143665,1353911,4.25,6.14,0.7,2.6,5.7,강한매수,장대양봉,완만한상승,0.87,3.34,2026-09-22
HIVE,0.8,3.54,10606806,13255103,37.55,42.47,0.9,-0.9,2.6,매수관심,양봉,완만한상승,0.65,1.78,2026-09-22
HIMX,0.8,14.71,831299,1098242,12.23,17.39,0.7,-1.2,1.9,강한매수,장대양봉,완만한상승,0.79,3.25,2026-09-22
XRAY,0.8,9.95,5133731,6078408,51.08,50.79,1.0,2.3,3.1,매수관심,장대양봉,잔구간,0.81,1.185,2026-09-22
EFC,0.8,12.7,1082099,1357479,13.74,17.96,0.8,0.9,-0.2,중립,팽이도지,잔구간,0.31,-0.115,2026-09-22
CRSR,0.8,13.58,928026,1098690,12.6,14.38,0.9,0.0,0.4,강한매수,양봉스프링,완만한상승,0.85,2.82,2026-09-22
CSQR,0.8,18.87,1063891,1296409,20.08,44.58,0.5,0.9,2.4,강한매수,양봉,전고점돌파,0.8,2.56,2026-09-22
HNRG,0.8,15.07,637028,844361,9.6,12.16,0.8,0.2,0.2,중립,팽이도지,잔구간,0.43,-0.04,2026-09-22
ACRE,0.8,4.45,306225,396854,1.36,1.77,0.8,0.7,0.9,강한매수,장대양봉,완만한상승,1.0,3.5,2026-09-22
SES,0.8,0.557,19483547,22973598,10.86,15.3,0.7,0.0,-2.2,중립,망치형,잔구간,0.69,0.615,2026-09-22
ARTV,0.8,8.09,437976,550784,3.54,5.28,0.7,0.5,2.8,중립,양봉,잔구간,0.44,0.315,2026-09-22
SB,0.8,8.48,1513931,1994162,12.84,18.43,0.7,-1.2,-3.2,매도주의,장대음봉,잔구간,0.09,-1.245,2026-09-22
SD,0.8,14.06,356329,448768,5.01,6.25,0.8,-0.7,1.3,중립,양봉,잔구간,0.63,0.43,2026-09-22
GDYN,0.8,7.78,897203,1077223,6.98,8.55,0.8,2.1,-1.0,중립,음봉,완만한상승,0.44,0.13,2026-09-22
GEVO,0.8,1.56,2081951,2744653,3.25,5.23,0.6,-0.6,2.0,매수관심,장대양봉,잔구간,0.6,1.06,2026-09-22
ZIP,0.8,3.72,596944,725092,2.22,3.03,0.7,1.5,-5.6,매도주의,장대음봉,잔구간,0.1,-1.24,2026-09-22
SWBI,0.8,14.06,510485,610240,7.18,9.38,0.8,0.5,1.3,강한매수,양봉,전고점돌파,0.99,2.79,2026-09-22
BLDP,0.8,2.24,1727259,2255217,3.87,7.56,0.5,0.5,0.4,매수관심,양봉스프링,잔구간,0.8,0.93,2026-09-22
BLMN,0.8,8.55,2134831,2806490,18.25,19.82,0.9,1.8,-0.3,매도주의,위꼬리음봉,완만한상승,0.13,-1.04,2026-09-22
CMPS,0.8,14.78,2315591,2993721,34.22,51.49,0.7,0.8,-2.3,중립,음봉,잔구간,0.27,-0.49,2026-09-22
LPTH,0.8,10.15,2570735,3184091,26.09,35.23,0.7,-0.9,0.4,매수관심,양봉스프링,잔구간,0.8,0.93,2026-09-22
LAC,0.8,3.0,7952096,9537802,23.86,35.47,0.7,0.7,0.7,매수관심,양봉스프링,잔구간,0.91,0.995,2026-09-22
APPX,0.8,13.92,1064472,1374318,14.82,19.81,0.7,2.2,-3.2,중립,음봉,잔구간,0.47,-0.37,2026-09-22
AQN,0.8,5.21,3456120,4546919,18.01,28.84,0.6,0.2,-0.8,매도주의,음봉,전저점이탈,0.12,-1.91,2026-09-22
ARCC,0.8,19.36,4156136,5233338,80.46,97.93,0.8,0.3,-0.7,매도주의,장대음봉,잔구간,0.11,-1.235,2026-09-22
PAR,0.8,15.15,851518,1096971,12.9,16.95,0.8,2.3,-2.4,중립,음봉,잔구간,0.38,-0.42,2026-09-22
PATH,0.8,13.25,42782841,54900289,566.87,772.94,0.7,2.6,-4.9,강한매도,장대음봉,전저점이탈,0.08,-3.25,2026-09-22
PAYS,0.8,12.91,688889,838521,8.89,10.86,0.8,1.7,0.5,매수관심,양봉스프링,잔구간,0.81,0.935,2026-09-22
PDBC,0.8,19.36,4619099,5638879,89.43,108.31,0.8,-0.6,0.2,중립,위꼬리양봉,잔구간,0.33,-0.6,2026-09-22
BPRE,0.8,12.17,671118,836568,8.17,9.36,0.9,0.1,2.0,강한매수,장대양봉,완만한상승,1.0,3.5,2026-09-22
OSPN,0.8,17.43,560911,684755,9.78,11.57,0.8,1.3,-2.2,중립,음봉,잔구간,0.49,-0.355,2026-09-22
OSS,0.8,9.45,580684,744511,5.49,6.32,0.9,0.1,1.3,강한매수,양봉,전고점돌파,0.76,2.51,2026-09-22
SSPC,0.8,8.48,11652725,14684232,98.82,136.05,0.7,0.3,-3.8,매도주의,장대음봉,잔구간,0.05,-1.27,2026-09-22
VALE,0.8,14.19,19270491,23274551,273.45,458.28,0.6,-0.8,1.1,중립,양봉,잔구간,0.78,0.52,2026-09-22
KTF,0.8,8.44,302333,378456,2.55,3.1,0.8,0.1,0.5,매수관심,장대양봉,잔구간,1.0,1.3,2026-09-22
CYRX,0.8,17.57,587961,720870,10.33,10.02,1.0,1.0,-1.2,중립,음봉,잔구간,0.38,-0.42,2026-09-22
OI,0.8,6.19,2853781,3589639,17.66,24.61,0.7,3.0,-1.3,중립,음봉,잔구간,0.43,-0.39,2026-09-22
DX,0.8,12.1,5554661,6553332,67.21,86.4,0.8,0.4,-0.2,매도주의,위꼬리음봉,잔구간,0.12,-0.98,2026-09-22
UGP,0.8,7.69,2543127,3109214,19.56,25.22,0.8,-1.4,2.7,강한매수,장대양봉,완만한상승,0.85,3.32,2026-09-22
OTLK,0.8,0.696,2864500,3697110,1.99,2.64,0.8,0.0,1.4,매수관심,양봉,완만한상승,0.53,1.64,2026-09-22
OWL,0.8,9.88,12785315,15425592,126.32,177.77,0.7,2.1,-3.4,매도주의,장대음봉,잔구간,0.22,-1.17,2026-09-22
PACK,0.8,4.22,498481,589889,2.1,2.12,1.0,1.5,3.2,강한매수,장대양봉,전고점돌파,0.83,3.9,2026-09-22
ARCO,0.8,7.62,855608,1128550,6.52,8.41,0.8,1.5,-0.1,중립,팽이도지,잔구간,0.57,0.04,2026-09-22
ARDX,0.8,3.62,3988939,4730307,14.44,16.04,0.9,1.1,2.3,중립,양봉,잔구간,0.94,0.615,2026-09-22
STLA,0.8,4.83,18099146,23016164,87.42,117.95,0.7,2.0,-1.5,중립,음봉,잔구간,0.21,-0.525,2026-09-22
DAKT,0.8,17.98,479245,616420,8.62,12.79,0.7,1.2,0.6,중립,팽이도지,잔구간,0.66,0.095,2026-09-22
GO,0.8,11.49,1395889,1665085,16.04,26.01,0.6,2.1,0.2,중립,팽이도지,잔구간,0.41,-0.055,2026-09-22
GOF,0.8,8.68,2645212,3295759,22.96,28.74,0.8,-0.5,1.0,매수관심,장대양봉,잔구간,0.86,1.215,2026-09-22
GOGO,0.8,2.47,1023030,1205773,2.53,4.18,0.6,1.6,-3.1,매도주의,장대음봉,잔구간,0.0,-1.3,2026-09-22
GOOD,0.8,12.77,304983,378109,3.89,4.85,0.8,0.7,0.6,매수관심,양봉,완만한상승,0.78,1.94,2026-09-22
SPCQ,0.8,10.27,839965,1002255,8.63,15.87,0.5,-0.3,-3.7,매도주의,장대음봉,잔구간,0.02,-1.29,2026-09-22
FRVO,0.8,16.44,3584317,4252599,58.93,86.17,0.7,0.3,-2.6,매도주의,장대음봉,잔구간,0.21,-1.175,2026-09-22
PGX,0.8,10.35,5847509,6910269,60.52,80.63,0.8,-0.1,-0.3,중립,음봉,잔구간,0.12,-0.58,2026-09-22
BHVN,0.8,14.85,2432650,3188350,36.12,53.52,0.7,1.4,3.0,강한매수,양봉,전고점돌파,0.84,2.61,2026-09-22
BILI,0.8,15.29,2190917,2692626,33.5,57.65,0.6,1.3,-0.6,중립,팽이도지,완만한상승,0.37,0.74,2026-09-22
FRMI,0.8,5.14,12492447,15277526,64.21,99.91,0.6,-0.2,1.8,매수관심,양봉,완만한상승,0.59,1.71,2026-09-22
FRNM,0.8,16.455,568001,671960,9.35,19.07,0.5,0.3,-1.2,중립,망치형,잔구간,0.53,0.52,2026-09-22
SPCU,0.8,14.17,1044694,1279268,14.8,19.48,0.8,-0.4,4.0,매수관심,장대양봉,잔구간,0.97,1.28,2026-09-22
SSMR,0.8,16.99,552979,676285,9.4,16.99,0.6,1.9,3.3,중립,양봉,잔구간,0.86,0.565,2026-09-22
PRVA,0.8,19.46,1091076,1300622,21.23,27.38,0.8,-0.1,-0.4,매도주의,위꼬리음봉,전저점부근,0.07,-1.27,2026-09-22
PSEC,0.8,2.2,2920247,3474512,6.42,8.52,0.8,0.9,-0.9,중립,음봉,완만한상승,0.0,-0.4,2026-09-22
SNDX,0.8,18.185,1674683,2220285,30.45,35.94,0.8,0.9,-0.2,중립,팽이도지,완만한상승,0.36,0.73,2026-09-22
CORZ,0.8,18.79,10048599,11857852,188.81,204.9,0.9,0.0,2.3,강한매수,양봉,전고점돌파,0.81,2.57,2026-09-22
KODK,0.8,9.67,568767,752864,5.5,8.18,0.7,0.3,-1.2,중립,음봉,잔구간,0.43,-0.39,2026-09-22
JBLU,0.8,4.55,15838112,19087389,72.06,87.77,0.8,3.7,-4.0,매도주의,장대음봉,잔구간,0.09,-1.245,2026-09-22
GLUE,0.8,12.6,1212987,1441945,15.28,17.61,0.9,0.7,2.0,중립,양봉,잔구간,0.75,0.5,2026-09-22
GLWG,0.8,14.35,1118652,1443851,16.05,17.86,0.9,-2.5,3.3,매수관심,양봉,완만한상승,0.8,1.96,2026-09-22
GMRS,0.8,11.31,1017635,1318099,11.51,18.98,0.6,1.1,-3.2,매도주의,음봉,전저점이탈,0.51,-1.44,2026-09-22
CWVX,0.8,15.18,1374143,1703428,20.86,25.37,0.8,0.9,2.0,매수관심,팽이도지,완만한상승,0.47,0.86,2026-09-22
FVRR,0.8,8.67,480396,586270,4.17,5.18,0.8,1.4,-1.9,매도주의,장대음봉,잔구간,0.29,-1.125,2026-09-22
FWRD,0.8,15.14,394846,495655,5.98,7.82,0.8,2.8,0.9,중립,팽이도지,잔구간,0.61,0.065,2026-09-22
LAR,0.8,6.07,1465864,1935385,8.9,12.35,0.7,1.2,1.3,강한매수,양봉,완만한상승,0.83,2.0,2026-09-22
LI,0.8,11.66,2794763,3497867,32.59,39.04,0.8,1.1,0.1,중립,위꼬리양봉,완만한상승,0.15,-0.52,2026-09-22
USDE,0.8,13.54,5427338,6946356,73.49,52.62,1.4,3.1,4.2,매수관심,양봉,완만한상승,0.5,1.6,2026-09-22
UTZ,0.8,14.23,1198189,1475065,17.05,23.03,0.7,0.3,-0.2,매도주의,장대음봉,잔구간,0.0,-1.3,2026-09-22
SOLZ,0.8,11.78,1151211,1489381,13.56,16.37,0.8,-1.1,0.9,중립,양봉,잔구간,0.78,0.52,2026-09-22
SONO,0.8,16.85,1408941,1726383,23.74,35.74,0.7,1.5,1.4,강한매수,양봉,전고점돌파,0.77,2.52,2026-09-22
SOUN,0.8,6.12,15338321,19352989,93.87,143.32,0.7,0.3,-1.1,중립,음봉,잔구간,0.23,-0.51,2026-09-22
SPAL,0.8,18.05,809829,1044095,14.62,21.88,0.7,-0.1,3.5,매수관심,장대양봉,잔구간,0.91,1.245,2026-09-22
SPCF,0.8,17.77,886410,1170589,15.75,24.6,0.6,-0.1,3.8,매수관심,장대양봉,잔구간,0.95,1.27,2026-09-22
KARD,0.8,16.44,598212,765527,9.83,20.67,0.5,1.5,-0.7,중립,망치형,잔구간,0.73,0.64,2026-09-22
KC,0.8,10.12,1170893,1451937,11.85,13.99,0.8,0.0,-1.5,중립,음봉,잔구간,0.38,-0.42,2026-09-22
CMTG,0.8,1.38,738119,980414,1.02,1.57,0.6,1.4,-8.0,강한매도,장대음봉,전저점이탈,0.0,-3.35,2026-09-22
AHRT,0.8,6.19,852877,1035065,5.28,5.27,1.0,0.6,-2.7,강한매도,장대음봉,수횡파,0.0,-2.0,2026-09-22
SMMT,0.8,17.12,4617160,6111438,79.05,113.41,0.7,0.4,0.9,매수관심,팽이도지,완만한상승,0.46,0.85,2026-09-22
BSCV,0.8,15.965,318495,413003,5.08,8.15,0.6,0.1,-0.0,중립,망치형,잔구간,0.83,0.7,2026-09-22
CLNE,0.8,1.68,1494400,1863062,2.51,4.13,0.6,0.0,-2.3,매도주의,장대음봉,잔구간,0.23,-1.16,2026-09-22
EPM,0.8,3.66,719473,876408,2.63,2.52,1.0,-0.3,3.1,중립,양봉,잔구간,0.59,0.405,2026-09-22
LTBR,0.8,6.85,637585,768795,4.37,7.55,0.6,0.1,0.7,중립,팽이도지,잔구간,0.69,0.115,2026-09-22
GILT,0.8,10.01,362804,463772,3.63,5.33,0.7,-0.1,-0.4,중립,망치형,잔구간,0.89,0.735,2026-09-22
SMR,0.8,8.89,32939940,39689241,292.84,413.35,0.7,0.5,0.7,중립,팽이도지,잔구간,0.67,0.1,2026-09-22
PLTK,0.8,2.32,821152,1086709,1.91,2.88,0.7,1.7,-1.3,중립,음봉,잔구간,0.5,-0.35,2026-09-22
PRCT,0.8,18.43,1172189,1393517,21.6,27.7,0.8,1.9,-2.3,중립,음봉,전저점부근,0.04,-0.5,2026-09-22
PURR,0.8,13.95,20880388,25963138,291.28,327.38,0.9,0.7,2.3,매수관심,양봉,완만한상승,0.65,1.78,2026-09-22
PYXS,0.8,3.355,480074,598772,1.61,3.78,0.4,0.6,4.5,강한매수,장대양봉,완만한상승,0.77,3.22,2026-09-22
AIRS,0.8,2.53,698702,898672,1.77,2.28,0.8,0.4,3.7,강한매수,양봉,전고점돌파,0.9,2.68,2026-09-22
VMO,0.8,9.14,303090,403395,2.77,3.05,0.9,-0.3,0.7,강한매수,장대양봉,완만한상승,1.0,3.5,2026-09-22
IRT,0.8,14.76,3154815,4139825,46.57,74.96,0.6,0.5,0.2,중립,팽이도지,잔구간,0.52,0.01,2026-09-22
JBI,0.8,4.47,2210213,2644075,9.88,11.99,0.8,2.5,-0.9,중립,음봉,잔구간,0.53,-0.33,2026-09-22
NRK,0.8,9.79,305617,402573,2.99,3.79,0.8,0.4,-0.3,강한매수,망치형,완만한상승,0.7,2.14,2026-09-22
DBI,0.8,6.39,599494,770304,3.83,6.08,0.6,0.0,2.7,강한매수,장대양봉,완만한상승,0.76,3.21,2026-09-22
DCTH,0.8,16.4,368679,450177,6.05,6.6,0.9,0.6,1.2,강한매수,양봉,완만한상승,0.92,2.1,2026-09-22
DDD,0.8,3.59,1826347,2263355,6.56,8.34,0.8,0.6,2.6,매수관심,양봉,완만한상승,0.62,1.74,2026-09-22
DYN,0.8,17.14,2626972,3113150,45.03,94.32,0.5,1.6,-1.4,중립,음봉,완만한상승,0.15,-0.22,2026-09-22
EBS,0.8,6.76,1144157,1445594,7.73,8.71,0.9,0.9,2.3,매수관심,양봉,완만한상승,0.63,1.76,2026-09-22
ETHW,0.8,19.69,654350,858084,12.88,16.83,0.8,-0.7,0.3,매수관심,양봉스프링,잔구간,0.76,0.905,2026-09-22
PTEN,0.8,11.14,6997933,8717071,77.96,110.78,0.7,-2.0,-0.4,강한매도,위꼬리음봉,전저점이탈,0.05,-2.79,2026-09-22
SMCL,0.8,19.837,478261,627477,9.49,10.15,0.9,0.5,1.2,매수관심,양봉스프링,전고점부근,0.89,1.52,2026-09-22
JKS,0.8,10.48,679430,807020,7.12,9.09,0.8,0.5,-1.2,중립,음봉,잔구간,0.5,-0.35,2026-09-22
JOBY,0.8,6.44,21856342,26024413,140.75,182.36,0.8,2.0,-1.5,중립,음봉,잔구간,0.5,-0.35,2026-09-22
ASPI,0.8,3.18,2901252,3732948,9.23,16.91,0.5,0.3,-0.3,중립,망치형,잔구간,0.79,0.675,2026-09-22
SIBN,0.8,18.81,450106,573151,8.47,10.8,0.8,1.0,1.0,강한매수,장대양봉,완만한상승,0.79,3.25,2026-09-22
SIGA,0.8,3.26,493595,616984,1.61,1.89,0.8,0.9,2.2,강한매수,양봉,전고점돌파,0.71,2.45,2026-09-22
JBIO,0.8,16.76,643919,839643,10.79,22.19,0.5,1.1,-0.9,중립,음봉,잔구간,0.29,-0.475,2026-09-22
INR,0.8,13.03,349992,459380,4.56,5.26,0.9,-1.1,3.4,매수관심,장대양봉,잔구간,0.74,1.145,2026-09-22
INTR,0.8,5.54,2842875,3682269,15.75,23.94,0.7,-0.9,0.4,매수관심,양봉스프링,잔구간,0.94,1.015,2026-09-22
CRBU,0.8,1.34,1217330,1471455,1.63,1.9,0.9,1.5,1.5,매수관심,양봉,완만한상승,0.6,1.72,2026-09-22
IOVA,0.8,10.64,16058202,20365496,170.86,148.01,1.2,-0.1,4.6,강한매수,장대양봉,완만한상승,0.79,3.25,2026-09-22
VNDA,0.8,5.21,617870,788344,3.22,4.23,0.8,0.7,0.4,강한매수,양봉스프링,전고점돌파,0.85,3.42,2026-09-22
VNM,0.8,17.51,401791,505486,7.04,11.83,0.6,1.1,-0.6,매도주의,장대음봉,완만한상승,0.04,-1.65,2026-09-22
SION,0.8,6.02,1693924,2216731,10.2,11.98,0.9,-0.2,0.5,매수관심,팽이도지,완만한상승,0.55,0.96,2026-09-22
SITC,0.8,3.06,732381,870598,2.24,3.18,0.7,0.7,0.7,강한매수,양봉,전고점돌파,0.69,2.43,2026-09-22
PUBM,0.8,17.77,553460,692269,9.83,11.02,0.9,0.7,-1.3,중립,음봉,잔구간,0.62,-0.28,2026-09-22
ICL,0.8,5.4,980751,1245293,5.3,7.44,0.7,-0.6,1.7,매수관심,장대양봉,잔구간,0.82,1.19,2026-09-22
IEP,0.8,7.12,567758,677067,4.04,5.3,0.8,0.0,-0.4,매도주의,위꼬리음봉,잔구간,0.1,-0.99,2026-09-22
VVR,0.8,2.89,655464,783315,1.89,2.21,0.9,0.0,0.7,매수관심,장대양봉,잔구간,0.67,1.1,2026-09-22
IMMX,0.8,12.83,948504,1257599,12.17,19.7,0.6,-0.2,3.1,매수관심,장대양봉,잔구간,0.88,1.23,2026-09-22
NFGC,0.8,1.86,859927,1073577,1.6,2.0,0.8,0.6,5.1,강한매수,장대양봉,완만한상승,0.83,3.3,2026-09-22
NG,0.8,7.77,5108257,6746378,39.69,52.06,0.8,0.8,4.7,강한매수,장대양봉,완만한상승,0.86,3.33,2026-09-22
NKTX,0.8,2.95,415563,511611,1.23,1.89,0.6,1.4,1.0,매수관심,양봉,완만한상승,0.71,1.85,2026-09-22
NMR,0.8,9.96,601312,742038,5.99,8.63,0.7,0.1,-1.9,매도주의,장대음봉,전저점부근,0.07,-1.77,2026-09-22
AMCX,0.8,12.08,442973,580867,5.35,8.95,0.6,1.3,-0.3,중립,망치형,잔구간,0.61,0.565,2026-09-22
CYH,0.8,3.02,896470,1084666,2.71,3.62,0.7,1.0,3.4,강한매수,장대양봉,완만한상승,0.84,3.31,2026-09-22
CGNT,0.8,8.63,555891,659045,4.8,6.93,0.7,1.2,0.0,강한매수,양봉스프링,완만한상승,0.8,2.76,2026-09-22
EMBC,0.8,5.59,681309,813488,3.81,6.62,0.6,1.5,3.9,강한매수,장대양봉,전고점돌파,0.93,4.02,2026-09-22
EOLS,0.8,8.25,500740,660691,4.13,7.51,0.5,1.4,1.9,중립,양봉,전고점부근,0.94,0.78,2026-09-22
NOK,0.8,10.82,107946541,128077477,1167.98,1138.67,1.0,-3.5,2.5,매수관심,장대양봉,잔구간,0.81,1.185,2026-09-22
MLCO,0.8,4.78,1523237,1880833,7.28,9.82,0.7,0.6,0.6,중립,위꼬리양봉,잔구간,0.21,-0.675,2026-09-22
TU,0.8,8.58,5590555,7073753,47.97,63.04,0.8,0.1,-1.3,강한매도,장대음봉,전저점이탈,0.0,-3.35,2026-09-22
ALLT,0.8,8.31,334235,429489,2.78,3.41,0.8,0.7,2.5,강한매수,양봉,완만한상승,0.94,2.13,2026-09-22
ALTO,0.8,3.82,982251,1159948,3.75,4.82,0.8,0.3,-2.6,강한매도,장대음봉,전저점이탈,0.07,-3.27,2026-09-22
ALXO,0.8,1.6,652788,835435,1.04,2.18,0.5,1.2,-4.8,강한매도,장대음봉,전저점이탈,0.0,-3.35,2026-09-22
MARA,0.8,13.63,43625229,52648225,594.61,637.63,0.9,-1.1,3.8,매수관심,양봉,완만한상승,0.66,1.79,2026-09-22
MBC,0.8,7.24,3195323,3787965,23.13,25.57,0.9,3.2,2.8,중립,양봉,잔구간,0.58,0.4,2026-09-22
IMRX,0.8,4.61,590424,719563,2.72,3.69,0.7,1.4,2.4,매수관심,양봉,완만한상승,0.74,1.89,2026-09-22
AVXL,0.8,2.47,639992,782118,1.58,1.62,1.0,0.4,2.5,매수관심,장대양봉,잔구간,0.84,1.205,2026-09-22
BBDC,0.8,8.76,432281,546271,3.79,4.97,0.8,0.7,-1.1,매도주의,장대음봉,잔구간,0.07,-1.26,2026-09-22
RILY,0.8,6.13,452082,573699,2.77,3.79,0.7,1.0,4.6,매수관심,장대양봉,잔구간,0.84,1.205,2026-09-22
RLJ,0.8,11.03,1173880,1497870,12.95,20.02,0.6,0.9,-0.1,매수관심,팽이도지,완만한상승,0.42,0.8,2026-09-22
FLNC,0.8,7.27,8207432,10087870,59.67,89.67,0.7,1.4,-2.9,매도주의,장대음봉,잔구간,0.36,-1.085,2026-09-22
NNE,0.8,17.32,1684718,2159984,29.18,38.32,0.8,-0.1,1.4,중립,양봉,잔구간,0.86,0.565,2026-09-22
TIC,0.8,9.23,1067661,1377070,9.85,15.9,0.6,1.3,-1.4,매도주의,장대음봉,잔구간,0.26,-1.145,2026-09-22
CCCC,0.8,3.31,1358019,1694576,4.5,5.79,0.8,0.9,-0.6,매도주의,위꼬리음봉,잔구간,0.19,-0.935,2026-09-22
CCOI,0.8,9.31,1476042,1933718,13.74,24.89,0.6,0.5,-0.3,중립,팽이도지,수횡파,0.34,0.41,2026-09-22
FMC,0.8,10.57,3124494,3756154,33.03,39.97,0.8,1.9,0.9,중립,팽이도지,잔구간,0.51,0.005,2026-09-22
DNP,0.8,10.1,833816,1056805,8.42,9.1,0.9,0.2,1.2,매수관심,장대양봉,잔구간,0.86,1.215,2026-09-22
DOLE,0.8,13.2,844405,1045146,11.15,14.61,0.8,0.8,0.7,중립,양봉,잔구간,0.61,0.415,2026-09-22
HTZ,0.8,1.85,11805124,14561827,21.84,25.14,0.9,1.6,-1.6,중립,음봉,잔구간,0.0,-0.65,2026-09-22
AVO,0.8,12.66,686567,895423,8.69,13.83,0.6,0.0,-1.1,중립,음봉,잔구간,0.51,-0.345,2026-09-22
DPRO,0.8,5.54,766109,995938,4.24,6.24,0.7,1.6,-3.8,매도주의,장대음봉,잔구간,0.2,-1.18,2026-09-22
HTGC,0.8,17.22,912361,1175525,15.71,24.21,0.6,0.4,-1.3,강한매도,장대음봉,전저점이탈,0.02,-3.33,2026-09-22
GSM,0.8,4.31,813664,997367,3.51,5.55,0.6,1.0,2.6,중립,양봉,잔구간,0.81,0.535,2026-09-22
HBAN,0.8,15.69,29302152,37274847,459.75,543.32,0.8,0.6,-2.8,매도주의,장대음봉,잔구간,0.2,-1.18,2026-09-22
MSFD,0.8,10.272,871535,1111162,8.95,13.06,0.7,-1.9,1.9,매수관심,장대양봉,잔구간,0.71,1.125,2026-09-22
BZAI,0.8,0.575,2779776,3416839,1.6,2.2,0.7,-3.2,0.7,중립,팽이도지,잔구간,0.49,-0.005,2026-09-22
CADL,0.8,11.85,882043,1076153,10.45,16.94,0.6,0.6,5.1,매수관심,장대양봉,전고점부근,0.86,1.98,2026-09-22
NB,0.8,3.73,1978108,2513524,7.38,9.76,0.8,1.1,-0.8,중립,망치형,잔구간,0.64,0.585,2026-09-22
BTGO,0.8,8.28,2283549,2959444,18.91,23.33,0.8,-0.6,6.0,강한매수,장대양봉,전고점부근,0.97,2.11,2026-09-22
BV,0.8,10.67,641614,854006,6.85,11.05,0.6,1.8,-1.5,매도주의,장대음봉,잔구간,0.0,-1.3,2026-09-22
NEOV,0.8,3.36,952006,1130476,3.2,3.97,0.8,0.3,-1.5,중립,음봉,잔구간,0.21,-0.525,2026-09-22
RPD,0.8,12.85,1769808,2344097,22.74,28.07,0.8,2.6,0.4,강한매수,양봉스프링,완만한상승,0.91,2.89,2026-09-22
RQI,0.8,11.54,544295,681324,6.28,8.12,0.8,0.4,-0.7,매도주의,장대음봉,잔구간,0.11,-1.235,2026-09-22
ATOM,0.8,4.48,443669,525168,1.99,1.82,1.1,-3.0,5.2,강한매수,장대양봉,전고점부근,0.96,2.1,2026-09-22
TSLQ,0.8,17.09,4260829,5672008,72.82,111.71,0.7,-1.8,0.0,중립,위꼬리양봉,전저점부근,0.23,-0.57,2026-09-22
TSLR,0.8,17.93,1291602,1538451,23.16,25.0,0.9,1.5,0.3,매수관심,양봉스프링,전고점부근,0.81,1.42,2026-09-22
TSLT,0.8,14.45,1487109,1973206,21.49,27.54,0.8,1.8,0.1,매수관심,양봉스프링,전고점부근,0.8,1.41,2026-09-22
MLN,0.8,16.72,497695,649315,8.32,10.71,0.8,-0.1,0.1,중립,양봉,잔구간,0.5,0.35,2026-09-22
MNTN,0.8,11.21,428513,520260,4.8,9.49,0.5,2.2,-3.4,매도주의,장대음봉,잔구간,0.17,-1.2,2026-09-22
MPLT,0.8,10.86,411387,544395,4.47,7.36,0.6,1.1,-1.5,중립,음봉,잔구간,0.35,-0.44,2026-09-22
ZNTL,0.8,3.08,956313,1158272,2.95,3.11,0.9,1.3,0.3,중립,팽이도지,잔구간,0.54,0.025,2026-09-22
EC,0.8,16.91,1171316,1385602,19.81,25.61,0.8,-1.7,2.2,매수관심,장대양봉,잔구간,0.78,1.17,2026-09-22
REPL,0.8,13.47,1529918,1980379,20.61,28.46,0.7,0.5,4.2,매수관심,장대양봉,잔구간,0.8,1.18,2026-09-22
XHR,0.8,17.89,760285,938709,13.6,18.53,0.7,1.1,-0.9,중립,음봉,완만한상승,0.36,0.03,2026-09-22
SAFE,0.8,13.45,463550,568288,6.23,7.87,0.8,0.8,-0.4,중립,망치형,잔구간,0.57,0.54,2026-09-22
ACHR,0.8,5.69,20473035,26857583,116.49,144.73,0.8,3.1,1.6,강한매수,양봉,전고점돌파,0.92,2.7,2026-09-22
WOOF,0.8,2.39,1627863,2035686,3.89,6.09,0.6,1.3,-0.4,매도주의,위꼬리음봉,잔구간,0.14,-0.965,2026-09-22
WU,0.8,6.22,8314556,10194276,51.72,63.79,0.8,1.5,-1.1,중립,음봉,잔구간,0.13,-0.57,2026-09-22
WWW,0.8,19.87,535431,669233,10.64,13.37,0.8,2.7,-0.6,중립,팽이도지,완만한상승,0.32,0.68,2026-09-22
XERS,0.8,8.73,1689197,2188152,14.75,19.21,0.8,1.1,-1.9,중립,음봉,잔구간,0.27,-0.49,2026-09-22
AEHG,0.8,9.17,974969,1209510,8.94,11.04,0.8,-5.9,14.2,강한매수,장대양봉,완만한상승,0.97,3.46,2026-09-22
ZVRA,0.7,11.58,601196,855833,6.96,11.27,0.6,1.5,-2.3,매도주의,장대음봉,잔구간,0.19,-1.185,2026-09-22
AADX,0.7,12.66,1273141,1881704,16.12,31.83,0.5,0.5,-2.3,중립,음봉,잔구간,0.44,-0.385,2026-09-22
AAOZ,0.7,12.48,523586,732716,6.53,11.44,0.6,2.6,0.3,중립,팽이도지,잔구간,0.56,0.035,2026-09-22
ZENA,0.7,1.54,1305384,1928906,2.01,2.68,0.8,0.7,0.0,중립,위꼬리양봉,완만한상승,0.2,-0.46,2026-09-22
ZGN,0.7,12.51,944110,1355356,11.81,17.06,0.7,2.3,-1.5,중립,음봉,완만한상승,0.21,-0.15,2026-09-22
WIW,0.7,8.09,401415,543977,3.25,3.4,1.0,0.0,-0.1,중립,팽이도지,잔구간,0.46,-0.025,2026-09-22
ECVT,0.7,10.45,1128873,1600421,11.8,16.08,0.7,0.5,0.1,매수관심,팽이도지,완만한상승,0.48,0.88,2026-09-22
GSIT,0.7,5.86,447622,681959,2.62,3.45,0.8,0.2,5.0,강한매수,장대양봉,전고점돌파,0.97,4.06,2026-09-22
WEN,0.7,6.81,4288692,5789329,29.21,48.69,0.6,0.6,1.0,중립,양봉,잔구간,0.48,0.34,2026-09-22
HYAC.U,0.7,10.08,556347,770364,5.61,47.25,0.1,0.1,0.2,중립,위꼬리양봉,잔구간,0.25,-0.65,2026-09-22
GSBD,0.7,9.73,570978,867339,5.56,8.46,0.7,1.5,-2.2,매도주의,장대음봉,잔구간,0.0,-1.3,2026-09-22
IART,0.7,16.02,770454,1109749,12.34,17.93,0.7,2.0,0.8,매수관심,팽이도지,완만한상승,0.55,0.96,2026-09-22
RGTX,0.7,10.48,631585,957001,6.62,10.76,0.6,-0.7,0.1,매수관심,양봉스프링,잔구간,0.87,0.97,2026-09-22
DQ,0.7,12.31,515881,690268,6.35,9.09,0.7,0.6,2.0,강한매수,양봉,전고점돌파,0.82,2.58,2026-09-22
EVV,0.7,8.59,588704,877336,5.06,5.55,0.9,0.0,-0.5,매도주의,음봉,전저점이탈,0.22,-1.79,2026-09-22
RDWU,0.7,7.32,407988,608096,2.99,3.62,0.8,1.4,1.1,매수관심,팽이도지,완만한상승,0.7,1.14,2026-09-22
INMD,0.7,14.45,346642,499817,5.01,8.55,0.6,0.3,-0.6,중립,음봉,잔구간,0.15,-0.56,2026-09-22
SHO,0.7,11.09,1290355,1770820,14.31,23.36,0.6,0.8,-0.8,중립,음봉,완만한상승,0.1,-0.28,2026-09-22
SHOE,0.7,13.38,962407,1424398,12.88,24.7,0.5,1.8,0.8,중립,위꼬리양봉,완만한상승,0.44,-0.17,2026-09-22
ASTL,0.7,4.43,584154,792784,2.59,3.13,0.8,0.2,3.5,강한매수,장대양봉,완만한상승,0.95,3.44,2026-09-22
SID,0.7,1.18,7130975,9684511,8.41,12.2,0.7,0.0,0.9,중립,위꼬리양봉,완만한상승,0.17,-0.5,2026-09-22
AUR,0.7,6.46,25358557,35629451,163.82,210.67,0.8,1.2,-2.0,매도주의,장대음봉,수횡파,0.17,-1.8,2026-09-22
RNW,0.7,6.84,1020027,1424834,6.98,14.31,0.5,0.0,0.0,중립,위꼬리양봉,완만한상승,0.0,-0.7,2026-09-22
AURA,0.7,6.45,601580,867739,3.88,7.09,0.5,-0.6,2.1,매수관심,장대양봉,잔구간,0.95,1.27,2026-09-22
CRCG,0.7,15.85,2956816,4539154,46.87,53.87,0.9,4.0,-3.8,중립,음봉,완만한상승,0.34,0.01,2026-09-22
IREG,0.7,10.77,544868,726509,5.87,6.59,0.9,-0.3,5.6,매수관심,양봉,완만한상승,0.69,1.83,2026-09-22
SPCE,0.7,3.32,5069874,7388561,16.83,20.89,0.8,1.2,-0.9,중립,망치형,전고점부근,0.62,0.69,2026-09-22
QTTB,0.7,10.57,387173,553800,4.09,8.26,0.5,1.2,-0.3,매도주의,위꼬리음봉,잔구간,0.08,-1.0,2026-09-22
BDJ,0.7,9.62,341432,495796,3.28,4.77,0.7,0.3,0.0,강한매수,양봉스프링,완만한상승,0.86,2.83,2026-09-22
SNAP,0.7,5.62,25803779,35321203,145.02,198.71,0.7,1.4,-2.8,매도주의,장대음봉,잔구간,0.08,-1.25,2026-09-22
BBAI,0.7,2.89,11482542,15318248,33.18,45.66,0.7,1.7,-2.0,매도주의,장대음봉,잔구간,0.33,-1.1,2026-09-22
RC,0.7,1.66,935599,1408245,1.55,2.37,0.7,1.2,-1.8,중립,음봉,잔구간,0.0,-0.65,2026-09-22
BBOT,0.7,4.66,509117,742379,2.37,5.7,0.4,-0.6,0.6,중립,위꼬리양봉,잔구간,0.29,-0.625,2026-09-22
STLN,0.7,7.05,1050937,1446328,7.41,10.81,0.7,1.3,1.9,강한매수,양봉,완만한상승,0.95,2.14,2026-09-22
OLN,0.7,16.82,2099077,2821348,35.31,46.62,0.8,0.3,1.4,중립,양봉,잔구간,0.44,0.315,2026-09-22
KPTI,0.7,1.82,986900,1341696,1.8,2.97,0.6,0.5,-2.7,중립,음봉,잔구간,0.29,-0.475,2026-09-22
BGC,0.7,12.27,2796381,4197482,34.31,51.53,0.7,0.4,-1.8,매도주의,장대음봉,잔구간,0.35,-1.09,2026-09-22
AIV,0.7,2.16,1267722,1778429,2.74,3.97,0.7,0.5,-0.5,중립,팽이도지,잔구간,0.33,-0.1,2026-09-22
OPEN,0.7,2.76,29119103,39700405,80.37,97.42,0.8,3.4,-0.4,매수관심,팽이도지,완만한상승,0.5,0.9,2026-09-22
GOOS,0.7,7.62,750652,1018939,5.72,8.06,0.7,1.9,-0.4,매수관심,팽이도지,완만한상승,0.54,0.95,2026-09-22
FNKO,0.7,5.62,680995,1036899,3.83,5.88,0.7,-0.4,3.9,강한매수,장대양봉,전고점돌파,0.94,4.03,2026-09-22
APLX,0.7,9.52,1491145,2105804,14.2,14.78,1.0,0.1,2.5,매수관심,양봉,완만한상승,0.49,1.59,2026-09-22
CRDL,0.7,1.89,722278,1089993,1.37,2.6,0.5,0.0,1.6,중립,위꼬리양봉,잔구간,0.35,-0.59,2026-09-22
CRF,0.7,6.14,1542753,2201771,9.47,10.85,0.9,0.3,0.0,매수관심,양봉스프링,잔구간,0.86,0.965,2026-09-22
VOD,0.7,16.62,2432280,3557191,40.42,59.26,0.7,-1.2,-1.1,강한매도,장대음봉,전저점이탈,0.04,-3.3,2026-09-22
VRRM,0.7,3.44,5369141,8151057,18.47,35.46,0.5,1.4,-3.6,매도주의,장대음봉,잔구간,0.24,-1.155,2026-09-22
VTRS,0.7,17.18,5238439,7022966,90.0,141.13,0.6,0.0,0.5,매수관심,양봉,완만한상승,0.8,1.96,2026-09-22
VYGR,0.7,3.14,341562,495054,1.07,1.42,0.8,0.3,1.6,중립,양봉,잔구간,0.71,0.475,2026-09-22
WB,0.7,6.69,752370,1117428,5.03,7.57,0.7,0.1,-0.7,중립,음봉,잔구간,0.0,-0.65,2026-09-22
SPCH,0.7,10.64,16502731,22904015,175.59,243.2,0.7,0.0,3.8,매수관심,장대양봉,잔구간,0.95,1.27,2026-09-22
PHR,0.7,10.1,476766,655331,4.82,7.94,0.6,2.1,-1.4,중립,음봉,잔구간,0.41,-0.405,2026-09-22
PFLT,0.7,7.11,538153,730360,3.83,5.49,0.7,0.8,-0.6,중립,음봉,완만한상승,0.38,0.06,2026-09-22
KEP,0.7,11.3,629887,913256,7.12,12.48,0.6,0.4,0.2,중립,팽이도지,잔구간,0.47,-0.02,2026-09-22
DRH,0.7,12.31,2271032,3069341,27.96,40.18,0.7,1.1,-0.7,중립,음봉,완만한상승,0.28,-0.06,2026-09-22
PBI,0.7,16.58,1395707,1861459,23.14,35.07,0.7,0.8,-0.5,중립,음봉,잔구간,0.48,-0.36,2026-09-22
PMT,0.7,9.01,1582704,2182598,14.26,18.05,0.8,0.9,0.6,중립,양봉,잔구간,0.34,0.255,2026-09-22
SPAX,0.7,10.81,1257390,1738215,13.59,19.1,0.7,-0.2,3.8,매수관심,장대양봉,잔구간,0.97,1.28,2026-09-22
SPRY,0.7,4.48,1268337,1879479,5.68,7.65,0.7,1.1,1.8,중립,양봉,잔구간,0.57,0.39,2026-09-22
SSP,0.7,3.12,390476,531718,1.22,2.43,0.5,1.6,-0.6,중립,팽이도지,완만한상승,0.28,0.64,2026-09-22
FPE,0.7,17.52,820326,1122876,14.37,20.18,0.7,-0.1,0.0,중립,팽이도지,잔구간,0.58,0.05,2026-09-22
NTSK,0.7,18.55,6859380,9523603,127.24,143.61,0.9,-0.9,1.8,강한매수,양봉,전고점돌파,0.69,2.43,2026-09-22
CMCO,0.7,16.44,301328,421041,4.95,7.35,0.7,4.4,1.4,중립,양봉,잔구간,0.58,0.4,2026-09-22
LOFF,0.7,17.86,1459188,1966209,26.06,35.17,0.7,-0.5,4.0,매수관심,장대양봉,잔구간,0.95,1.27,2026-09-22
URG,0.7,1.21,5063609,6918760,6.13,9.06,0.7,0.8,-2.4,매도주의,장대음봉,잔구간,0.14,-1.215,2026-09-22
UPB,0.7,5.49,360533,494131,1.98,3.43,0.6,1.4,0.9,매수관심,양봉,완만한상승,0.61,1.73,2026-09-22
AMPY,0.7,4.23,364878,555807,1.54,2.64,0.6,-0.9,-0.9,매도주의,음봉,전저점이탈,0.09,-1.94,2026-09-22
TALO,0.7,16.09,1815303,2483080,29.21,40.57,0.7,-1.6,-0.4,강한매도,위꼬리음봉,전저점이탈,0.07,-2.77,2026-09-22
NWL,0.7,5.77,4618404,6545581,26.65,39.54,0.7,1.3,1.8,매수관심,장대양봉,잔구간,0.89,1.235,2026-09-22
NXE,0.7,9.97,3161829,4381728,31.52,38.87,0.8,0.6,1.1,매수관심,양봉스프링,잔구간,0.79,0.925,2026-09-22
NVG,0.7,11.44,664838,1001698,7.61,10.81,0.7,-0.4,1.2,매수관심,장대양봉,잔구간,0.93,1.26,2026-09-22
BTZ,0.7,9.59,400310,595521,3.84,4.56,0.8,-0.1,0.4,강한매수,장대양봉,완만한상승,1.0,3.5,2026-09-22
TE,0.7,4.36,12106506,17587357,52.78,86.18,0.6,-1.1,-0.9,중립,음봉,잔구간,0.14,-0.565,2026-09-22
UNCY,0.7,4.96,588055,788679,2.92,4.76,0.6,0.6,3.3,매수관심,장대양봉,잔구간,0.95,1.27,2026-09-22
CLVT,0.7,1.89,3746230,5058220,7.08,10.33,0.7,1.0,-3.1,매도주의,장대음봉,수횡파,0.32,-1.62,2026-09-22
LBTYK,0.7,9.73,1913344,2700972,18.62,22.87,0.8,0.1,-0.9,중립,음봉,잔구간,0.02,-0.64,2026-09-22
LFST,0.7,12.55,4044587,5841663,50.76,94.72,0.5,0.2,-1.1,중립,음봉,잔구간,0.09,-0.595,2026-09-22
LENZ,0.7,4.13,511017,769619,2.11,3.38,0.6,0.5,0.7,중립,양봉,잔구간,0.57,0.39,2026-09-22
LEGN,0.7,18.64,2308513,3095114,43.03,49.47,0.9,1.7,-1.1,중립,음봉,완만한상승,0.51,0.21,2026-09-22
LAES,0.7,2.35,3602009,5521349,8.46,12.31,0.7,-0.4,0.0,중립,팽이도지,잔구간,0.73,0.14,2026-09-22
LADR,0.7,9.41,907592,1316443,8.54,12.74,0.7,0.4,-0.8,강한매도,음봉,전저점이탈,0.0,-2.05,2026-09-22
NOMD,0.7,10.5,837390,1215147,8.79,13.88,0.6,0.8,-1.7,강한매도,장대음봉,전저점이탈,0.22,-3.09,2026-09-22
BNC,0.7,6.34,2096136,2805125,13.29,53.83,0.2,-4.1,0.6,매수관심,양봉스프링,잔구간,0.84,0.955,2026-09-22
BMNZ,0.7,3.67,3256701,4955367,11.95,23.13,0.5,1.8,-5.7,강한매도,장대음봉,전저점이탈,0.06,-3.28,2026-09-22
BMBL,0.7,2.83,1550506,2269749,4.39,6.99,0.6,1.4,-2.1,중립,음봉,잔구간,0.31,-0.465,2026-09-22
USOY,0.7,7.305,469464,652578,3.43,4.66,0.7,-1.5,-1.0,매도주의,음봉,전저점이탈,0.31,-1.68,2026-09-22
ODD,0.7,18.78,1027616,1552356,19.3,51.21,0.4,2.4,0.3,매수관심,팽이도지,완만한상승,0.74,1.19,2026-09-22
OBDC,0.7,11.14,2207987,3071180,24.6,31.57,0.8,0.6,-1.1,매도주의,장대음봉,잔구간,0.06,-1.265,2026-09-22
OCGN,0.7,1.04,5713352,7886980,5.94,12.77,0.5,1.9,-1.0,매도주의,위꼬리음봉,완만한상승,0.2,-0.96,2026-09-22
OBE,0.7,11.15,751780,1072090,8.38,13.94,0.6,-3.0,-0.6,강한매도,위꼬리음봉,전저점이탈,0.04,-2.8,2026-09-22
ERII,0.7,7.12,754236,1139655,5.37,8.36,0.6,0.4,0.8,중립,양봉,잔구간,0.92,0.6,2026-09-22
DCH,0.7,5.91,2188342,3026473,12.93,19.02,0.7,2.5,-2.5,매도주의,장대음봉,잔구간,0.0,-1.3,2026-09-22
GBDC,0.7,12.53,1162977,1582573,14.57,18.94,0.8,0.2,-0.3,중립,음봉,잔구간,0.08,-0.6,2026-09-22
PCT,0.7,5.59,2877367,3922491,16.08,22.14,0.7,1.2,-2.6,매도주의,장대음봉,잔구간,0.35,-1.09,2026-09-22
ORIC,0.7,13.5,1157584,1613791,15.63,18.92,0.8,0.5,6.0,강한매수,장대양봉,전고점돌파,0.97,4.06,2026-09-22
ORC,0.7,6.12,3775706,5630944,23.11,31.44,0.7,0.5,0.2,중립,팽이도지,잔구간,0.57,0.04,2026-09-22
OPTU,0.7,1.13,1871078,2497681,2.11,2.41,0.9,-0.9,5.6,강한매수,양봉,전고점돌파,0.83,2.6,2026-09-22
ARLO,0.7,13.41,726651,1099976,9.74,18.51,0.5,1.7,-1.0,중립,음봉,잔구간,0.65,-0.26,2026-09-22
RXO,0.7,19.79,1260554,1818818,24.95,38.87,0.6,1.0,-0.7,중립,팽이도지,완만한상승,0.31,0.67,2026-09-22
SCNI,0.7,1.91,661231,919235,1.26,13.76,0.1,-4.7,18.6,강한매수,장대양봉,완만한상승,0.94,3.43,2026-09-22
RWT,0.7,4.11,6442987,8944473,26.48,48.31,0.5,1.5,0.2,매수관심,팽이도지,완만한상승,0.68,1.12,2026-09-22
ADTN,0.7,7.29,1245324,1737981,9.08,13.51,0.7,-0.4,1.5,매수관심,양봉,완만한상승,0.8,1.96,2026-09-22
MBGL,0.7,19.09,2606600,3560489,49.76,83.72,0.6,1.4,-1.9,중립,음봉,잔구간,0.2,-0.53,2026-09-22
AMBP,0.7,4.52,1546216,2166538,6.99,10.12,0.7,1.5,-1.7,중립,음봉,잔구간,0.07,-0.61,2026-09-22
ENIC,0.7,4.42,485343,649488,2.15,3.94,0.5,1.2,1.4,매수관심,양봉,완만한상승,0.68,1.82,2026-09-22
HPP,0.7,12.08,448718,629726,5.42,7.51,0.7,0.8,-2.3,매도주의,장대음봉,잔구간,0.22,-1.17,2026-09-22
HITI,0.7,2.76,915391,1353079,2.53,3.14,0.8,0.8,4.2,강한매수,장대양봉,전고점돌파,1.0,4.1,2026-09-22
ACRS,0.7,5.72,2879401,4255487,16.47,19.45,0.8,1.1,1.6,중립,양봉,전고점부근,0.83,0.65,2026-09-22
XPRO,0.7,16.38,704400,939648,11.54,14.79,0.8,-0.7,0.5,중립,팽이도지,잔구간,0.47,-0.02,2026-09-22
ENOV,0.7,18.39,1790973,2619642,32.94,47.06,0.7,2.3,-0.3,매수관심,팽이도지,완만한상승,0.5,0.9,2026-09-22
SHC,0.7,18.69,1501668,2076057,28.07,44.67,0.6,0.5,-0.5,중립,음봉,잔구간,0.21,-0.525,2026-09-22
SHEN,0.7,12.31,696067,1027491,8.57,18.64,0.5,0.3,1.2,중립,양봉,잔구간,0.98,0.64,2026-09-22
CSIQ,0.7,11.77,1248256,1779639,14.69,23.27,0.6,0.0,0.0,매수관심,팽이도지,완만한상승,0.71,1.15,2026-09-22
HLMN,0.7,7.25,1790198,2489902,12.98,18.28,0.7,2.0,0.0,매수관심,팽이도지,완만한상승,0.69,1.13,2026-09-22
WULF,0.7,17.33,22720217,32467900,393.74,499.09,0.8,-0.8,0.1,중립,위꼬리양봉,잔구간,0.17,-0.7,2026-09-22
ACDC,0.7,4.72,1152098,1732550,5.44,6.75,0.8,-1.6,-3.3,매도주의,장대음봉,잔구간,0.08,-1.25,2026-09-22
TTI,0.7,6.02,1532575,2076143,9.23,12.93,0.7,-0.7,-0.5,중립,팽이도지,잔구간,0.46,-0.025,2026-09-22
DV,0.7,13.4,2540536,3683795,34.04,70.33,0.5,0.1,-0.4,중립,음봉,잔구간,0.3,-0.47,2026-09-22
ENVX,0.7,3.055,5316180,7117597,16.24,20.35,0.8,2.0,0.5,매수관심,양봉스프링,잔구간,0.83,0.95,2026-09-22
DRTS,0.7,15.14,360467,518504,5.46,7.78,0.7,-0.8,-1.6,매도주의,장대음봉,잔구간,0.23,-1.16,2026-09-22
LULG,0.7,4.47,470912,697268,2.1,4.0,0.5,4.2,1.4,강한매수,양봉,전고점돌파,1.0,2.8,2026-09-22
BULL,0.7,8.09,11334723,17116891,91.7,125.96,0.7,0.3,-2.2,중립,음봉,잔구간,0.09,-0.595,2026-09-22
MSTY,0.7,17.7,2220623,3380128,39.31,42.6,0.9,-0.7,-0.2,매도주의,위꼬리음봉,잔구간,0.0,-1.05,2026-09-22
CAG,0.7,14.78,7654269,11376032,113.13,176.81,0.6,0.6,-1.1,중립,음봉,잔구간,0.19,-0.535,2026-09-22
CIFR,0.7,19.09,28768823,41240115,549.2,702.86,0.8,-2.1,3.1,매수관심,양봉,완만한상승,0.52,1.62,2026-09-22
TRTX,0.7,7.19,630030,855004,4.53,6.74,0.7,0.7,-1.0,중립,음봉,전저점부근,0.04,-0.5,2026-09-22
TSL,0.7,14.393,365793,548376,5.26,7.2,0.7,1.2,0.1,강한매수,양봉스프링,전고점돌파,0.85,3.42,2026-09-22
TRVI,0.7,15.24,1232819,1893938,18.79,26.19,0.7,1.7,0.6,매수관심,양봉스프링,잔구간,0.91,0.995,2026-09-22
LUMN,0.7,6.38,9475025,13439722,60.45,98.45,0.6,0.3,-1.5,중립,음봉,잔구간,0.11,-0.585,2026-09-22
GNW,0.7,9.76,3815841,5737343,37.24,56.15,0.7,0.7,-3.4,강한매도,장대음봉,전저점이탈,0.0,-3.35,2026-09-22
USAS,0.7,5.26,2967420,4378786,15.61,19.25,0.8,0.4,4.4,매수관심,장대양봉,전고점부근,0.8,1.91,2026-09-22
XRX,0.7,3.49,2050386,3107186,7.16,10.35,0.7,1.2,3.6,매수관심,양봉,완만한상승,0.62,1.74,2026-09-22
SGML,0.7,10.58,1924037,2734176,20.36,26.6,0.8,1.8,1.2,강한매수,양봉스프링,전고점돌파,0.88,3.46,2026-09-22
SFD,0.7,19.56,1499527,2188803,29.33,54.21,0.5,0.5,-2.0,강한매도,장대음봉,전저점이탈,0.07,-3.27,2026-09-22
NEWP,0.7,6.91,702265,1019245,4.85,6.81,0.7,-0.6,8.5,강한매수,장대양봉,전고점돌파,0.95,4.04,2026-09-22
NVDY,0.7,12.77,1007286,1510442,12.86,24.47,0.5,-0.3,0.6,매수관심,장대양봉,전고점부근,0.67,1.75,2026-09-22
NEXN,0.7,8.88,328036,484407,2.91,4.21,0.7,1.5,-1.3,중립,음봉,잔구간,0.42,-0.4,2026-09-22
YFOR,0.6,1.76,597053,984237,1.05,3.88,0.3,-1.2,7.3,매수관심,양봉,완만한상승,0.76,1.91,2026-09-22
GRNT,0.6,4.55,1103740,1994715,5.02,8.98,0.6,-1.1,-0.9,강한매도,위꼬리음봉,전저점이탈,0.08,-2.75,2026-09-22
HAYW,0.6,12.92,2304362,3564691,29.77,50.04,0.6,2.4,-2.0,매도주의,장대음봉,잔구간,0.07,-1.26,2026-09-22
WBTN,0.6,11.2,312114,538761,3.5,5.41,0.6,0.8,0.0,강한매수,양봉스프링,완만한상승,0.95,2.94,2026-09-22
CRVS,0.6,13.44,806628,1244684,10.84,19.06,0.6,1.0,7.1,강한매수,장대양봉,완만한상승,0.98,3.48,2026-09-22
PLTZ,0.6,8.16,1854625,3089101,15.13,29.71,0.5,-2.2,0.1,강한매도,위꼬리양봉,전저점이탈,0.16,-2.16,2026-09-22
CPNG,0.6,14.61,8147852,13837219,119.04,262.3,0.5,1.8,-1.9,매도주의,장대음봉,잔구간,0.2,-1.18,2026-09-22
BITU,0.6,16.24,3721387,5779718,60.44,72.39,0.8,-2.0,1.3,중립,양봉,잔구간,0.61,0.415,2026-09-22
IRE,0.6,13.06,3753106,5839673,49.02,64.66,0.8,-1.3,6.8,강한매수,장대양봉,완만한상승,0.68,3.12,2026-09-22
RCKT,0.6,3.35,1076715,1728480,3.61,5.81,0.6,0.6,1.8,매수관심,양봉,완만한상승,0.54,1.65,2026-09-22
BCRX,0.6,8.78,3442408,5540256,30.22,56.46,0.5,1.3,-1.0,중립,음봉,완만한상승,0.19,-0.17,2026-09-22
PSNL,0.6,16.36,1369628,2341289,22.41,42.45,0.5,0.3,0.4,매수관심,팽이도지,완만한상승,0.66,1.09,2026-09-22
BENF,0.6,0.538,2021855,3642392,1.09,19.09,0.1,-1.9,-1.5,중립,팽이도지,전저점부근,0.51,0.76,2026-09-22
REF,0.6,13.6,491846,763522,6.69,12.24,0.5,0.6,1.0,중립,위꼬리양봉,잔구간,0.3,-0.62,2026-09-22
AVTX,0.6,16.51,585526,1005594,9.67,21.53,0.4,1.7,0.4,중립,팽이도지,완만한상승,0.39,0.77,2026-09-22
DNOW,0.6,15.56,1758592,2738885,27.36,43.44,0.6,-0.1,0.0,중립,팽이도지,잔구간,0.46,-0.025,2026-09-22
FLOC,0.6,19.08,376455,591814,7.18,14.58,0.5,-1.2,-2.9,강한매도,장대음봉,전저점이탈,0.02,-3.33,2026-09-22
IVR,0.6,6.62,2448002,3893803,16.21,24.59,0.7,0.6,1.1,중립,양봉,잔구간,0.71,0.475,2026-09-22
FIP,0.6,3.26,1147518,2074093,3.74,4.94,0.8,1.0,5.2,매수관심,장대양봉,잔구간,0.95,1.27,2026-09-22
BEZ,0.6,5.49,2214568,3933924,12.16,24.58,0.5,-1.9,-1.1,중립,팽이도지,잔구간,0.5,0.0,2026-09-22
CRCD,0.6,1.745,4079262,6548668,7.12,13.25,0.5,-5.1,5.1,중립,양봉,잔구간,0.71,0.475,2026-09-22
ARVN,0.6,8.51,685448,1107098,5.83,8.98,0.6,0.8,1.7,중립,양봉,잔구간,0.78,0.52,2026-09-22
RLMD,0.6,4.24,662654,1044553,2.81,6.91,0.4,0.0,1.9,매수관심,장대양봉,잔구간,0.76,1.155,2026-09-22
ASAN,0.6,9.08,8258215,12755958,74.98,93.74,0.8,0.8,-5.6,중립,음봉,잔구간,0.2,-0.53,2026-09-22
AVPT,0.6,13.1,1336142,2069773,17.5,26.14,0.7,1.2,-3.1,중립,음봉,잔구간,0.36,-0.435,2026-09-22
STIM,0.6,2.91,809563,1335087,2.36,5.07,0.5,-3.5,5.8,매수관심,장대양봉,잔구간,0.75,1.15,2026-09-22
SVC,0.6,6.74,1006468,1618006,6.78,11.67,0.6,1.4,-0.1,중립,팽이도지,잔구간,0.35,-0.09,2026-09-22
CONL,0.6,6.7,21046430,36464140,141.01,165.28,0.9,-1.3,1.3,매수관심,팽이도지,완만한상승,0.65,1.08,2026-09-22
BIZD,0.6,13.1,1451931,2356635,19.02,34.49,0.6,0.4,-0.9,매도주의,장대음봉,잔구간,0.08,-1.25,2026-09-22
AKBA,0.6,0.98,5111315,8110554,5.01,6.39,0.8,1.2,3.2,매수관심,양봉,완만한상승,0.67,1.8,2026-09-22
PFFD,0.6,18.02,602032,934269,10.85,16.52,0.7,0.0,-0.4,중립,음봉,잔구간,0.18,-0.54,2026-09-22
SSYS,0.6,8.14,524014,889397,4.27,5.55,0.8,0.9,2.0,강한매수,장대양봉,완만한상승,0.81,3.27,2026-09-22
BITI,0.6,17.06,1570647,2535666,26.8,32.71,0.8,1.0,-0.7,중립,음봉,잔구간,0.37,-0.43,2026-09-22
SOC,0.6,4.31,4970505,8354115,21.42,38.73,0.6,-0.7,0.2,중립,팽이도지,잔구간,0.4,-0.06,2026-09-22
PLAY,0.6,7.12,3002126,5045638,21.38,34.59,0.6,1.6,3.2,강한매수,장대양봉,완만한상승,0.69,3.13,2026-09-22
PLUG,0.6,2.11,28872002,50101478,60.92,105.48,0.6,0.5,0.5,중립,팽이도지,잔구간,0.67,0.1,2026-09-22
PPLT,0.6,16.62,1263363,2155739,21.0,37.64,0.6,0.7,1.2,강한매수,장대양봉,전고점돌파,0.79,3.85,2026-09-22
NHP,0.6,16.3,303642,532150,4.95,12.52,0.4,0.6,-0.7,중립,음봉,잔구간,0.46,-0.375,2026-09-22
NMFC,0.6,7.1,397538,630338,2.82,3.88,0.7,0.3,-0.4,중립,음봉,잔구간,0.3,-0.47,2026-09-22
NMAX,0.6,11.21,790268,1217735,8.86,17.92,0.5,1.1,1.9,강한매수,양봉,완만한상승,0.86,2.03,2026-09-22
LRMR,0.6,3.82,702937,1182615,2.69,4.82,0.6,2.1,-2.3,매도주의,장대음봉,잔구간,0.03,-1.28,2026-09-22
FWRG,0.6,10.32,905720,1519455,9.35,15.18,0.6,1.8,0.0,중립,팽이도지,잔구간,0.29,-0.125,2026-09-22
OSG,0.6,4.38,335187,521054,1.47,2.32,0.6,0.5,-1.4,중립,음봉,전저점부근,0.67,0.25,2026-09-22
PAL,0.6,3.96,728983,1229444,2.89,4.72,0.6,1.7,-2.9,중립,음봉,잔구간,0.13,-0.57,2026-09-22
BNGO,0.6,1.82,887778,1531964,1.62,7.42,0.2,1.1,-1.6,중립,망치형,잔구간,0.58,0.55,2026-09-22
LFMD,0.6,3.3,506033,842882,1.67,3.3,0.5,1.1,1.2,매수관심,양봉,완만한상승,0.56,1.67,2026-09-22
LCID,0.6,4.32,8957478,14052220,38.7,53.58,0.7,1.6,-1.1,중립,망치형,잔구간,0.7,0.62,2026-09-22
OSTX,0.6,1.77,600390,951150,1.06,1.75,0.6,1.1,0.6,중립,위꼬리양봉,완만한상승,0.3,-0.34,2026-09-22
BRUN,0.6,17.09,1799966,2907984,30.76,41.55,0.7,0.6,-1.0,매도주의,위꼬리음봉,잔구간,0.17,-0.95,2026-09-22
AMRX,0.6,19.5,2481387,3970399,48.39,54.18,0.9,-0.8,-2.5,중립,음봉,잔구간,0.41,-0.405,2026-09-22
BTCZ,0.6,2.77,15843292,28118431,43.89,79.17,0.6,2.2,-1.4,중립,음봉,잔구간,0.44,-0.385,2026-09-22
TKC,0.6,5.19,1139137,1952827,5.91,11.07,0.5,0.8,-0.4,매도주의,위꼬리음봉,완만한상승,0.14,-1.03,2026-09-22
NEA,0.6,10.22,1486522,2323172,15.19,22.04,0.7,0.2,-1.1,강한매도,장대음봉,전저점이탈,0.17,-3.15,2026-09-22
THRY,0.6,1.98,541897,858169,1.07,1.6,0.7,0.5,-1.5,중립,망치형,잔구간,0.54,0.525,2026-09-22
NKLR,0.6,4.04,341082,603182,1.38,3.41,0.4,0.7,-2.9,중립,음봉,잔구간,0.07,-0.61,2026-09-22
LSPD,0.6,9.61,308613,488493,2.97,4.9,0.6,1.7,-1.1,중립,음봉,잔구간,0.47,-0.37,2026-09-22
NRXP,0.6,3.32,495041,868145,1.64,2.5,0.7,0.3,0.6,강한매수,양봉스프링,수횡파,0.92,3.6,2026-09-22
USA,0.6,5.9,867507,1417351,5.12,7.98,0.6,0.0,-0.3,중립,음봉,잔구간,0.33,-0.45,2026-09-22
CLM,0.6,6.36,1802843,3104821,11.47,16.24,0.7,0.0,0.2,중립,팽이도지,잔구간,0.71,0.125,2026-09-22
CLYM,0.6,14.21,930127,1477220,13.22,24.9,0.5,0.8,3.3,매수관심,장대양봉,잔구간,0.88,1.23,2026-09-22
DRVN,0.6,12.27,796316,1267731,9.77,18.17,0.5,0.1,1.2,매수관심,양봉,완만한상승,0.5,1.6,2026-09-22
DSX,0.6,2.92,1061505,1927099,3.1,4.67,0.7,-0.3,-1.4,중립,음봉,잔구간,0.46,-0.375,2026-09-22
BYND,0.6,11.51,770667,1233786,8.87,12.55,0.7,0.7,-4.1,매도주의,장대음봉,잔구간,0.17,-1.2,2026-09-22
MRVI,0.6,7.46,1570988,2597637,11.72,18.91,0.6,0.1,3.9,강한매수,양봉,완만한상승,0.94,2.13,2026-09-22
MRTN,0.6,13.34,567722,934989,7.57,11.86,0.6,1.1,-0.1,매도주의,위꼬리음봉,잔구간,0.23,-0.91,2026-09-22
CDZI,0.6,3.69,416697,696128,1.54,3.62,0.4,0.0,-2.4,매도주의,장대음봉,잔구간,0.04,-1.275,2026-09-22
ALMS,0.6,8.11,2524709,4016337,20.48,36.92,0.6,1.4,1.2,매수관심,양봉스프링,잔구간,0.94,1.015,2026-09-22
ALVO,0.6,5.84,978060,1509501,5.71,7.64,0.7,0.3,-1.0,중립,팽이도지,잔구간,0.49,-0.005,2026-09-22
GLOO,0.6,4.78,1891239,3102887,9.04,8.51,1.1,-2.9,1.9,중립,위꼬리양봉,잔구간,0.22,-0.67,2026-09-22
TROX,0.6,4.4,1659044,2569211,7.3,11.37,0.6,2.1,0.0,중립,팽이도지,잔구간,0.38,-0.07,2026-09-22
TPST,0.6,1.0,3611074,6334086,3.61,16.11,0.2,0.8,28.2,매수관심,장대양봉,잔구간,0.72,1.13,2026-09-22
CIM,0.6,11.15,833234,1372330,9.29,15.04,0.6,0.5,0.6,매수관심,양봉,완만한상승,0.53,1.64,2026-09-22
CIFU,0.6,12.85,536445,877734,6.89,7.8,0.9,0.3,0.8,중립,위꼬리양봉,완만한상승,0.24,-0.41,2026-09-22
MNR,0.6,10.88,876470,1366889,9.54,23.46,0.4,-0.4,-0.5,중립,음봉,잔구간,0.33,-0.45,2026-09-22
UMH,0.6,15.8,484472,838970,7.65,11.78,0.6,0.4,-0.3,매도주의,위꼬리음봉,완만한상승,0.13,-1.04,2026-09-22
MNTS,0.6,4.35,446615,687122,1.94,2.68,0.7,0.4,-3.3,매도주의,장대음봉,잔구간,0.17,-1.2,2026-09-22
MPT,0.6,3.64,9314487,14615986,33.9,48.71,0.7,0.3,-0.5,중립,망치형,잔구간,0.76,0.655,2026-09-22
CCXI,0.6,13.14,1766267,2727223,23.21,32.07,0.7,-0.6,-2.7,중립,음봉,잔구간,0.32,-0.46,2026-09-22
CIFG,0.6,5.27,654148,1145035,3.45,4.66,0.7,-3.5,5.4,매수관심,양봉,완만한상승,0.5,1.6,2026-09-22
LXU,0.6,10.51,591685,955857,6.22,10.93,0.6,-0.5,1.2,중립,양봉,잔구간,0.55,0.38,2026-09-22
ELME,0.6,1.74,624837,961690,1.09,1.33,0.8,-1.1,0.6,중립,위꼬리양봉,잔구간,0.33,-0.6,2026-09-22
EGY,0.6,5.84,1203053,1903914,7.03,10.32,0.7,-2.2,0.2,중립,위꼬리양봉,잔구간,0.26,-0.645,2026-09-22
EIKN,0.6,8.98,430661,778283,3.87,8.1,0.5,1.6,0.1,중립,팽이도지,완만한상승,0.4,0.78,2026-09-22
YDES,0.6,2.82,390524,603768,1.1,2.33,0.5,1.5,5.6,중립,양봉,잔구간,0.44,0.315,2026-09-22
ARR,0.6,14.99,3185241,5191283,47.75,74.92,0.6,0.5,0.9,매수관심,장대양봉,잔구간,0.74,1.145,2026-09-22
SGHC,0.6,12.35,2043077,3172458,25.23,33.65,0.7,0.5,-1.8,중립,음봉,전저점부근,0.02,-0.53,2026-09-22
RZLT,0.6,4.04,928647,1459831,3.75,6.32,0.6,1.3,2.0,중립,양봉,잔구간,0.64,0.435,2026-09-22
RUN,0.6,8.79,4997334,7808610,43.93,66.41,0.7,1.1,-1.1,중립,음봉,완만한상승,0.29,-0.05,2026-09-22
XE,0.6,16.36,4319140,7664022,70.66,141.01,0.5,0.8,-0.8,중립,망치형,잔구간,0.61,0.565,2026-09-22
XHLD,0.5,11.73,2883978,5623644,33.83,43.7,0.8,-1.1,13.3,매수관심,양봉,완만한상승,0.58,1.7,2026-09-22
HLIT,0.5,11.29,1026703,1992758,11.59,20.77,0.6,0.3,-0.5,중립,팽이도지,잔구간,0.44,-0.035,2026-09-22
LUXE,0.5,9.39,331546,704510,3.11,4.96,0.6,0.0,-2.8,중립,음봉,잔구간,0.1,-0.59,2026-09-22
EH,0.5,4.73,332696,611133,1.57,3.0,0.5,0.8,-0.8,강한매수,망치형,완만한상승,0.74,2.19,2026-09-22
TV,0.5,2.48,835584,1828476,2.07,6.08,0.3,0.8,-4.2,매도주의,장대음봉,잔구간,0.33,-1.1,2026-09-22
CCO,0.5,2.38,1647129,3288825,3.92,9.51,0.4,0.4,-0.4,매도주의,장대음봉,완만한상승,0.0,-1.7,2026-09-22
DSGN,0.5,13.16,506539,1121016,6.67,13.46,0.5,-1.1,6.0,강한매수,장대양봉,완만한상승,0.85,3.32,2026-09-22
MAMA,0.5,13.8,575669,1177447,7.94,15.15,0.5,1.3,1.0,강한매수,양봉스프링,완만한상승,0.8,2.76,2026-09-22
TSDD,0.5,7.15,5694054,11556386,40.71,78.38,0.5,-1.8,-0.1,매도주의,위꼬리음봉,전저점부근,0.17,-1.15,2026-09-22
MVIS,0.5,1.68,742333,1495196,1.25,2.88,0.4,1.8,-1.2,매수관심,팽이도지,완만한상승,0.44,0.83,2026-09-22
GERN,0.5,1.31,6215161,11782250,8.14,14.54,0.6,1.5,-0.8,매수관심,망치형,완만한상승,0.57,1.98,2026-09-22
TSHA,0.5,5.16,2305665,4747957,11.9,20.01,0.6,1.4,1.0,매수관심,양봉,완만한상승,0.59,1.71,2026-09-22
ALMU,0.5,13.9,650658,1317580,9.04,11.3,0.8,-1.3,3.5,매수관심,양봉,전고점부근,0.96,0.8,2026-09-22
OGN,0.5,13.7,1365158,2594476,18.7,37.25,0.5,0.1,0.0,매수관심,팽이도지,완만한상승,0.5,0.9,2026-09-22
DEC,0.5,13.9,516100,990762,7.17,15.82,0.5,-0.5,1.9,매수관심,장대양봉,잔구간,0.76,1.155,2026-09-22
EVEX,0.5,2.15,518348,1076133,1.11,2.03,0.5,1.4,1.4,매수관심,양봉,완만한상승,0.76,1.91,2026-09-22
VISN,0.5,6.48,3868422,7803579,25.07,59.06,0.4,0.0,0.0,중립,위꼬리양봉,잔구간,0.2,-0.68,2026-09-22
KVUE,0.5,17.86,14290325,26202612,255.23,616.96,0.4,1.6,-0.5,매도주의,장대음봉,완만한상승,0.14,-1.53,2026-09-22
TCPC,0.5,4.08,571728,1060332,2.33,3.52,0.7,0.7,0.2,중립,위꼬리양봉,완만한상승,0.27,-0.38,2026-09-22
ANNX,0.5,4.18,2000238,3653583,8.36,15.94,0.5,1.4,-2.3,중립,음봉,잔구간,0.24,-0.505,2026-09-22
TAL,0.5,11.87,2459586,4923643,29.2,57.82,0.5,0.7,-0.3,매도주의,위꼬리음봉,완만한상승,0.24,-0.91,2026-09-22
TAK,0.5,18.95,1403870,2694525,26.6,44.67,0.6,0.2,0.2,매수관심,팽이도지,완만한상승,0.6,1.02,2026-09-22
EVH,0.5,3.8,1534844,3029115,5.83,10.34,0.6,0.8,2.2,강한매수,양봉,완만한상승,0.94,2.13,2026-09-22
BSBR,0.5,5.84,1714734,3354180,10.01,20.53,0.5,0.0,-0.7,중립,음봉,잔구간,0.38,-0.42,2026-09-22
AGRO,0.5,10.93,391577,730711,4.28,9.86,0.4,-0.8,-1.1,중립,음봉,전저점부근,0.04,-0.5,2026-09-22
ABEO,0.5,5.82,1020046,1918987,5.94,10.56,0.6,0.7,1.9,강한매수,장대양봉,완만한상승,0.74,3.19,2026-09-22
ABAT,0.5,2.39,2246616,4202020,5.37,8.41,0.6,1.7,0.8,중립,팽이도지,잔구간,0.73,0.14,2026-09-22
WETO,0.5,1.65,1035030,1918225,1.71,8.15,0.2,-1.2,1.2,중립,위꼬리양봉,잔구간,0.36,-0.585,2026-09-22
FINV,0.5,3.26,478505,977388,1.56,4.8,0.3,0.0,0.3,매수관심,양봉스프링,잔구간,0.98,1.04,2026-09-22
QDEL,0.5,10.94,1154308,2240031,12.63,19.17,0.7,0.0,0.7,중립,위꼬리양봉,완만한상승,0.41,-0.21,2026-09-22
REI,0.5,1.34,2325742,4900086,3.12,8.27,0.4,-0.7,-2.2,강한매도,장대음봉,전저점이탈,0.0,-3.35,2026-09-22
SMPL,0.5,10.01,1314032,2493028,13.15,27.34,0.5,2.3,-1.8,매도주의,장대음봉,완만한상승,0.1,-1.58,2026-09-22
RLX,0.5,1.75,1142275,2382806,2.0,12.0,0.2,0.6,1.2,매수관심,장대양봉,잔구간,1.0,1.3,2026-09-22
REZI,0.5,18.88,1067144,2358424,20.15,50.28,0.4,1.9,-1.5,매도주의,장대음봉,잔구간,0.39,-1.065,2026-09-22
HYT,0.5,7.95,568061,1053324,4.52,8.44,0.5,-0.3,-0.1,매도주의,위꼬리음봉,전저점부근,0.0,-1.35,2026-09-22
CNTB,0.5,1.215,1223618,2250637,1.49,3.59,0.4,-3.0,-5.1,매도주의,장대음봉,잔구간,0.13,-1.22,2026-09-22
GPRO,0.5,1.27,10896481,20171719,13.84,50.59,0.3,0.0,-2.3,매도주의,장대음봉,잔구간,0.2,-1.18,2026-09-22
COLD,0.5,14.55,2050182,3998229,29.83,61.15,0.5,0.7,-1.9,매도주의,장대음봉,잔구간,0.03,-1.28,2026-09-22
GPRE,0.5,15.07,937373,1761609,14.13,25.11,0.6,-0.1,1.5,매수관심,양봉,완만한상승,0.48,1.58,2026-09-22
PDM,0.5,9.37,1166329,2460633,10.93,26.01,0.4,0.3,0.1,중립,팽이도지,완만한상승,0.41,0.79,2026-09-22
FPSX,0.5,4.56,305156,626893,1.39,2.17,0.6,-1.4,5.1,매수관심,양봉,완만한상승,0.68,1.82,2026-09-22
IRD,0.5,5.16,1172556,2164192,6.05,47.55,0.1,-0.4,-0.8,중립,팽이도지,잔구간,0.46,-0.025,2026-09-22
PK,0.5,15.19,1483087,3059827,22.53,47.37,0.5,1.1,-0.8,중립,음봉,완만한상승,0.26,-0.09,2026-09-22
ALHC,0.5,7.99,11961555,23966161,95.57,137.01,0.7,1.3,-5.3,매도주의,장대음봉,전저점부근,0.22,-1.59,2026-09-22
VNCE,0.5,10.14,393354,750629,3.99,6.9,0.6,5.4,5.4,강한매수,장대양봉,완만한상승,0.74,3.19,2026-09-22
AKR,0.5,19.37,815026,1519190,15.79,28.09,0.6,1.6,-1.4,매도주의,장대음봉,잔구간,0.07,-1.26,2026-09-22
HUN,0.5,9.05,1850796,3983100,16.75,27.37,0.6,0.9,1.2,중립,양봉,잔구간,0.52,0.36,2026-09-22
SLI,0.5,2.21,966797,1899953,2.14,3.27,0.7,0.9,2.8,강한매수,양봉,완만한상승,1.0,2.2,2026-09-22
BDN,0.5,2.95,943471,2032300,2.78,5.94,0.5,0.7,0.0,매수관심,팽이도지,완만한상승,0.68,1.12,2026-09-22
SMCZ,0.5,4.59,1077006,2297358,4.94,14.8,0.3,1.5,-1.9,중립,음봉,잔구간,0.13,-0.57,2026-09-22
SMCY,0.5,5.53,739764,1559530,4.09,8.74,0.5,0.4,0.2,매수관심,양봉스프링,전고점부근,0.83,1.45,2026-09-22
VRA,0.5,4.29,323817,663810,1.39,6.83,0.2,1.7,1.4,매수관심,양봉,완만한상승,0.61,1.73,2026-09-22
FUBO,0.5,10.13,923871,1744003,9.36,14.73,0.6,1.9,-3.5,매도주의,장대음봉,잔구간,0.04,-1.275,2026-09-22
FSK,0.5,11.31,1083655,2145272,12.26,22.63,0.5,0.6,-1.7,매도주의,장대음봉,잔구간,0.04,-1.275,2026-09-22
SOPH,0.5,8.07,571529,1088171,4.61,6.57,0.7,0.1,-2.2,중립,음봉,잔구간,0.06,-0.615,2026-09-22
SNK,0.5,13.96,1255299,2693980,17.52,49.67,0.4,0.0,-3.5,매도주의,장대음봉,잔구간,0.08,-1.25,2026-09-22
ARX,0.4,19.79,1246855,2913508,24.68,41.79,0.6,0.0,0.1,매수관심,양봉스프링,잔구간,0.89,0.985,2026-09-22
SLN,0.4,12.29,382051,1039531,4.7,12.0,0.4,0.2,0.2,중립,팽이도지,완만한상승,0.36,0.73,2026-09-22
QTRX,0.4,3.19,424896,1001911,1.36,3.48,0.4,0.3,4.6,강한매수,장대양봉,전고점부근,0.89,2.02,2026-09-22
QNC,0.4,1.76,571052,1459701,1.01,2.84,0.4,0.0,-0.6,중립,팽이도지,잔구간,0.33,-0.1,2026-09-22
SKYQ,0.4,2.6,560194,1368468,1.46,14.78,0.1,-2.2,-0.4,중립,팽이도지,전저점부근,0.25,0.45,2026-09-22
IIIV,0.4,15.15,461192,1070618,6.99,12.15,0.6,0.9,1.7,매수관심,양봉스프링,잔구간,0.98,1.04,2026-09-22
BEKE,0.4,16.38,2502785,5615492,41.0,83.26,0.5,-0.2,-0.9,중립,음봉,잔구간,0.23,-0.51,2026-09-22
NEXA,0.4,13.29,392487,894718,5.22,12.06,0.4,0.2,3.1,강한매수,장대양봉,완만한상승,0.88,3.36,2026-09-22
HQ,0.4,15.74,381353,930928,6.0,10.39,0.6,-0.4,2.6,중립,양봉,전고점부근,0.48,0.23,2026-09-22
SABR,0.4,2.27,3228734,7217708,7.33,18.28,0.4,3.0,-5.4,매도주의,장대음봉,잔구간,0.3,-1.12,2026-09-22
ACVA,0.4,10.45,4395901,12166636,45.94,232.14,0.2,-0.1,-0.2,매도주의,장대음봉,잔구간,0.0,-1.3,2026-09-22
LASE,0.4,0.872,1514003,3420005,1.32,8.16,0.2,-0.0,-0.4,중립,팽이도지,잔구간,0.27,-0.14,2026-09-22
LDI,0.4,0.732,3714668,9214426,2.72,7.73,0.4,0.9,2.1,중립,양봉,잔구간,0.71,0.475,2026-09-22
OIG,0.4,10.5,1077864,2730692,11.32,31.71,0.4,-1.9,-5.9,중립,무참고,정보부족,,0.0,2026-09-22
PROK,0.4,1.83,588523,1488033,1.08,4.12,0.3,0.3,2.8,매수관심,양봉,완만한상승,0.66,1.79,2026-09-22
PDSB,0.4,0.91,24749958,58362738,22.52,66.34,0.3,2.1,5.8,매수관심,양봉,완만한상승,0.54,1.65,2026-09-22
ATEC,0.4,10.33,1207976,2774102,12.48,31.16,0.4,2.8,-1.1,중립,음봉,잔구간,0.26,-0.495,2026-09-22
CRBP,0.4,7.875,453844,1192216,3.57,16.54,0.2,1.0,1.9,매수관심,양봉,완만한상승,0.78,1.94,2026-09-22
ZTG,0.3,1.73,1529507,5440973,2.65,27.58,0.1,0.6,3.0,중립,위꼬리양봉,완만한상승,0.24,-0.41,2026-09-22
VEEA,0.3,3.59,4165909,14185723,14.96,139.53,0.1,-0.3,-0.8,중립,팽이도지,잔구간,0.53,0.02,2026-09-22
TNON,0.3,3.43,567237,1715084,1.95,145.49,0.0,-2.7,-5.5,강한매도,장대음봉,전저점이탈,0.08,-3.25,2026-09-22
MSTW,0.3,5.56,1064667,4112147,5.92,13.28,0.4,-0.3,-0.4,매도주의,위꼬리음봉,잔구간,0.07,-1.01,2026-09-22
BRBS,0.3,3.87,603634,1755944,2.34,6.72,0.3,1.0,-3.2,강한매도,장대음봉,전저점이탈,0.0,-3.35,2026-09-22
VIV,0.3,11.94,632205,1958395,7.55,19.09,0.4,-1.2,0.5,중립,양봉,잔구간,0.67,0.45,2026-09-22
DAIC,0.2,3.465,682280,3064214,2.36,64.51,0.0,-1.1,-2.7,중립,팽이도지,잔구간,0.32,-0.11,2026-09-22
NCPL,0.2,0.97,4569937,22259530,4.43,22.05,0.2,0.0,-4.0,중립,팽이도지,잔구간,0.27,-0.14,2026-09-22
TRUG,0.2,0.425,3158790,14376488,1.34,53.35,0.0,-4.4,2.8,중립,팽이도지,잔구간,0.69,0.115,2026-09-22
MEDS,0.2,4.275,2416832,11510819,10.33,135.33,0.1,-1.9,4.3,중립,위꼬리양봉,완만한상승,0.25,-0.4,2026-09-22
IQ,0.2,1.03,3259719,15757872,3.36,12.06,0.3,0.0,2.0,매수관심,양봉,완만한상승,0.75,1.9,2026-09-22
GIPR,0.1,0.57,3666897,24802845,2.09,25.63,0.1,-4.1,-13.0,매도주의,장대음봉,잔구간,0.25,-1.15,2026-09-22
ETRA,0.1,13.62,439702,2968748,5.99,39.61,0.2,-0.3,-1.9,중립,무참고,정보부족,,0.0,2026-09-22
FTFT,0.1,4.02,329581,5209748,1.32,156.36,0.0,-5.1,-6.1,중립,음봉,잔구간,0.41,-0.405,2026-09-22
