ticker,ratio,latest_close,latest_volume,baseline_volume,dollar_volume_M,avg_dollar_vol_10d_M,dollar_surge_x,signal_gap_%,intraday_chg_%,candle_signal,candle_shape,candle_pos,close_pos,candle_score,latest_date
FMFC,1851.3,0.524,193300560,104414,101.31,0.02,4243.2,3.8,132.5,중립,위꼬리양봉,전고점돌파,0.32,0.28,2026-07-31
MGRX,1063.0,0.557,512124617,481751,285.3,2.64,108.2,118.3,-13.1,매도주의,위꼬리음봉,완만한상승,0.06,-1.13,2026-07-31
CIGL,685.2,0.611,75582492,110304,46.21,0.07,674.4,2.4,30.1,중립,위꼬리양봉,전고점돌파,0.28,0.24,2026-07-31
CYCU,218.2,0.888,161267755,739098,143.22,104.65,1.4,-8.7,-39.6,매도주의,장대음봉,잔구간,0.03,-1.28,2026-07-31
MBRX,178.1,0.4,19311446,108432,7.72,0.53,14.6,-13.7,-54.6,강한매도,장대음봉,전저점이탈,0.12,-3.21,2026-07-31
RBLU,144.1,3.16,8040025,55781,25.41,0.8,31.6,-40.8,-23.1,매도주의,음봉,전저점이탈,0.27,-1.73,2026-07-31
BTOG,126.0,0.706,7293516,57901,5.15,0.07,74.8,10.7,-21.5,강한매도,장대음봉,전저점이탈,0.27,-3.03,2026-07-31
WETO,63.6,9.0,14894527,234272,134.05,2.13,62.9,247.7,-13.7,중립,팽이도지,잔구간,0.3,-0.12,2026-07-31
SCYX,60.1,4.84,3184532,52944,15.41,0.24,63.1,-3.5,34.4,강한매수,장대양봉,전고점돌파,0.92,4.0,2026-07-31
TGHL,52.8,1.13,15754647,298250,17.8,1.09,16.3,14.5,34.1,강한매수,양봉,전고점돌파,0.57,2.28,2026-07-31
KUST,44.4,1.24,44747813,1007863,55.49,10.5,5.3,49.2,-29.5,매도주의,장대음봉,잔구간,0.2,-1.18,2026-07-31
RMSG,43.1,0.347,10424124,241717,3.62,0.13,27.5,7.4,-3.6,중립,팽이도지,잔구간,0.28,-0.13,2026-07-31
SBEV,42.7,0.37,35143512,822520,13.0,2.46,5.3,24.6,-14.0,중립,음봉,완만한상승,0.35,0.02,2026-07-31
GCTK,37.3,0.477,19771009,530234,9.43,30.63,0.3,-28.2,-14.9,중립,음봉,잔구간,0.26,-0.495,2026-07-31
AZIO,37.0,1.43,3794348,102433,5.43,0.22,24.5,-6.0,-8.9,매도주의,음봉,전저점이탈,0.37,-1.61,2026-07-31
KPTI,37.0,1.92,22398319,605708,43.0,8.57,5.0,-68.8,-12.3,매도주의,음봉,전저점이탈,0.19,-1.82,2026-07-31
IHS,37.0,8.2,14277350,385573,117.07,3.86,30.3,0.0,0.0,중립,팽이도지,전저점부근,0.44,0.68,2026-07-31
PWCM,28.3,2.12,6270322,221267,13.29,0.63,21.0,-0.5,10.4,강한매수,양봉,완만한상승,0.85,2.02,2026-07-31
NUWE,26.6,1.74,6869064,258525,11.95,54.88,0.2,-60.9,0.0,중립,팽이도지,전저점부근,0.41,0.64,2026-07-31
SHPH,25.7,3.8,3072745,119410,11.68,1.79,6.5,-1.9,25.4,강한매수,양봉,전고점돌파,0.59,2.31,2026-07-31
RYDE,24.2,0.745,2242269,92834,1.67,0.07,24.8,6.6,28.4,강한매수,양봉,전고점돌파,0.53,2.24,2026-07-31
VBIO,17.7,0.31,3466876,196171,1.07,0.38,2.8,7.2,4.0,매수관심,팽이도지,완만한상승,0.51,0.91,2026-07-31
CSHR,17.3,4.9,1509721,87380,7.4,0.42,17.7,0.0,14.8,강한매수,장대양봉,전고점돌파,0.96,4.05,2026-07-31
RDTL,16.9,12.12,7021256,415088,85.1,11.57,7.4,-34.1,-11.9,매도주의,음봉,전저점이탈,0.33,-1.65,2026-07-31
BIOA,15.7,9.04,9979992,635470,90.22,13.96,6.5,-64.7,3.1,강한매도,위꼬리양봉,전저점이탈,0.18,-2.13,2026-07-31
NRSN,15.1,0.465,2777195,183430,1.29,0.14,9.0,0.8,-3.1,중립,팽이도지,전저점부근,0.49,0.74,2026-07-31
FGL,15.0,0.989,1097125,73350,1.09,0.11,9.9,5.2,-1.1,매도주의,위꼬리음봉,완만한상승,0.2,-0.96,2026-07-31
BHC,14.7,6.89,22803842,1549416,157.12,19.42,8.1,-0.5,14.8,강한매수,장대양봉,전고점돌파,0.97,4.06,2026-07-31
PFSA,14.1,1.06,1834839,130082,1.94,1.25,1.6,-1.9,1.9,중립,팽이도지,잔구간,0.62,0.07,2026-07-31
MYGN,13.0,2.86,15162792,1168564,43.37,5.62,7.7,-42.3,-7.7,매도주의,음봉,전저점이탈,0.11,-1.92,2026-07-31
FTNJ,11.7,8.67,897296,76544,7.78,0.66,11.7,0.0,0.1,중립,위꼬리양봉,완만한상승,0.38,-0.24,2026-07-31
NCRA,11.7,2.0,972306,83017,1.94,40.77,0.0,-10.5,-6.1,중립,팽이도지,잔구간,0.29,-0.125,2026-07-31
BYAH,11.1,0.366,3270507,293933,1.2,0.69,1.7,-2.3,7.6,중립,위꼬리양봉,잔구간,0.27,-0.64,2026-07-31
BSBR,10.4,5.67,12592890,1209645,71.4,7.96,9.0,11.5,0.7,중립,위꼬리양봉,전고점돌파,0.27,0.22,2026-07-31
AXTL,10.2,2.83,1935923,190238,5.48,0.54,10.2,83.4,-14.5,중립,음봉,잔구간,0.35,-0.44,2026-07-31
RUBI,9.4,2.23,2497543,265983,5.57,1.18,4.7,-1.3,-0.4,중립,팽이도지,잔구간,0.65,0.09,2026-07-31
LBGJ,9.2,3.74,4751415,516870,17.77,6.14,2.9,56.7,-33.7,매도주의,장대음봉,잔구간,0.08,-1.25,2026-07-31
FFAI,9.2,5.93,9765433,1067106,57.91,8.45,6.9,-3.6,14.9,중립,위꼬리양봉,잔구간,0.23,-0.66,2026-07-31
AXTU,9.1,3.93,2725661,298450,10.71,1.39,7.7,85.2,-15.3,중립,음봉,잔구간,0.35,-0.44,2026-07-31
FTFT,8.4,1.02,1347327,161334,1.37,0.19,7.1,-2.1,13.2,매수관심,장대양봉,잔구간,0.69,1.115,2026-07-31
COIG,7.7,3.9,711412,92514,2.77,0.81,3.4,-12.6,-10.6,매도주의,음봉,전저점이탈,0.47,-1.49,2026-07-31
NKLR,7.7,5.14,2756997,358097,14.17,2.0,7.1,0.8,-2.5,매도주의,위꼬리음봉,잔구간,0.24,-0.905,2026-07-31
WU,7.7,6.36,55657190,7252376,353.98,90.19,3.9,-7.9,-10.2,강한매도,장대음봉,전저점이탈,0.1,-3.23,2026-07-31
SLGB,7.7,0.532,5503023,712599,2.93,18.95,0.2,-4.6,0.9,매수관심,양봉스프링,잔구간,0.76,0.905,2026-07-31
LUNG,6.8,1.63,1681800,246847,2.74,1.04,2.6,-0.6,1.9,중립,팽이도지,완만한상승,0.35,0.72,2026-07-31
APXT,6.6,10.1,820004,123581,8.28,8.4,1.0,0.0,-0.2,강한매도,장대음봉,전저점이탈,0.0,-3.35,2026-07-31
GLUE,6.4,16.52,7467901,1166809,123.37,24.1,5.1,-31.8,6.8,중립,양봉,전저점이탈,0.83,0.35,2026-07-31
NWL,6.2,5.6,44337643,7182212,248.29,37.34,6.7,28.4,-15.2,매도주의,장대음봉,전고점돌파,0.06,-1.03,2026-07-31
SID,6.1,0.986,23607303,3883434,23.27,3.22,7.2,0.0,-2.4,중립,음봉,전저점부근,0.42,-0.05,2026-07-31
INO,6.1,0.677,12700118,2072861,8.6,3.74,2.3,-0.9,4.2,중립,양봉,잔구간,0.95,0.62,2026-07-31
TCX,6.1,15.44,672647,109657,10.39,0.9,11.5,14.4,39.1,강한매수,장대양봉,전고점돌파,0.87,3.94,2026-07-31
XRX,5.7,2.95,11714271,2061665,34.56,15.27,2.3,0.0,-15.5,매도주의,장대음봉,잔구간,0.13,-1.22,2026-07-31
HOWL,5.5,0.353,2958560,537164,1.04,0.3,3.5,-0.1,-29.4,매도주의,장대음봉,전저점부근,0.08,-1.75,2026-07-31
AAUC,5.5,18.23,3895149,706372,71.01,18.77,3.8,-0.6,2.8,중립,양봉,잔구간,0.8,0.53,2026-07-31
FLGT,5.5,16.55,1319773,240705,21.84,4.64,4.7,-14.3,-4.5,매도주의,음봉,전저점이탈,0.34,-1.64,2026-07-31
REPL,5.5,11.2,33629890,6126236,376.65,55.06,6.8,110.3,-1.6,중립,팽이도지,전고점부근,0.58,-0.35,2026-07-31
NVOX,5.4,15.035,963575,178289,14.49,3.99,3.6,-16.5,-1.3,중립,망치형,전저점이탈,0.52,0.27,2026-07-31
NUCL,5.4,5.7,2147890,400510,12.24,2.41,5.1,0.5,-1.7,중립,팽이도지,잔구간,0.26,-0.145,2026-07-31
AXTX,5.2,7.34,27244337,5267392,199.97,30.8,6.5,80.9,-13.6,중립,음봉,완만한상승,0.37,0.04,2026-07-31
IMXI,5.2,11.86,1604392,305947,19.03,4.16,4.6,0.0,-9.3,강한매도,장대음봉,전저점이탈,0.37,-2.91,2026-07-31
FATN,5.2,6.08,360361,69362,2.19,0.35,6.2,-11.7,34.5,강한매수,장대양봉,전고점돌파,0.94,4.03,2026-07-31
TU,5.0,9.56,32791252,6601519,313.48,79.39,3.9,-6.7,-4.9,매도주의,음봉,전저점이탈,0.41,-1.56,2026-07-31
NGL,4.9,16.39,531284,108581,8.71,2.2,4.0,0.4,1.4,강한매수,양봉,전고점돌파,0.97,2.76,2026-07-31
AMCX,4.9,11.2,3209822,652542,35.95,5.96,6.0,2.5,12.6,강한매수,장대양봉,전고점돌파,0.73,3.78,2026-07-31
TWO,4.9,12.09,9157901,1861088,110.72,23.41,4.7,0.0,-0.2,중립,음봉,잔구간,0.25,-0.5,2026-07-31
IMSR,4.8,4.91,8429837,1738183,41.39,9.41,4.4,2.5,-8.2,매도주의,장대음봉,잔구간,0.02,-1.29,2026-07-31
VIVS,4.8,0.345,5883814,1233035,2.03,3.88,0.5,7.5,-17.0,매도주의,장대음봉,잔구간,0.22,-1.17,2026-07-31
ALHC,4.6,14.85,17476051,3767555,259.52,74.31,3.5,-16.7,-4.2,중립,팽이도지,전저점이탈,0.51,-0.74,2026-07-31
LTBR,4.6,8.24,4326893,937510,35.65,6.69,5.3,0.8,-3.2,중립,음봉,수횡파,0.34,-0.29,2026-07-31
MTAKU,4.6,9.955,671676,145079,6.69,13.42,0.5,0.0,-0.1,매도주의,장대음봉,잔구간,0.0,-1.3,2026-07-31
PHAT,4.5,8.75,3312139,731361,28.98,15.17,1.9,0.8,-3.8,중립,음봉,전저점부근,0.1,-0.43,2026-07-31
FTMA,4.5,8.94,369301,81856,3.3,1.15,2.9,0.2,-0.4,중립,음봉,잔구간,0.5,-0.35,2026-07-31
OXSQ,4.5,1.55,3460582,761449,5.36,1.45,3.7,2.1,5.4,강한매수,장대양봉,전고점돌파,0.82,3.88,2026-07-31
ZONE,4.4,0.36,7443566,1691800,2.68,2.42,1.1,1.7,1.8,매수관심,팽이도지,완만한상승,0.62,1.04,2026-07-31
CTOS,4.3,10.15,4449179,1040548,45.16,9.41,4.8,2.9,-0.6,중립,팽이도지,잔구간,0.6,0.06,2026-07-31
CERS,4.3,2.15,8328338,1920442,17.91,6.47,2.8,-15.9,-11.5,강한매도,장대음봉,전저점이탈,0.22,-3.09,2026-07-31
CMCO,4.3,19.17,2736127,639046,52.45,13.08,4.0,2.2,-9.3,매도주의,장대음봉,잔구간,0.19,-1.185,2026-07-31
UPBD,4.3,19.39,4170040,977381,80.86,20.27,4.0,-0.4,-3.2,중립,음봉,전저점부근,0.4,-0.07,2026-07-31
BXMT,4.2,14.54,6003288,1429964,87.29,29.74,2.9,-3.2,0.3,중립,팽이도지,전저점이탈,0.72,-0.49,2026-07-31
FVAV,4.2,10.16,450019,108327,4.57,1.29,3.6,0.0,0.0,매수관심,무참고,완만한상승,,0.9,2026-07-31
DFLI,4.1,1.17,975456,237930,1.14,0.31,3.7,4.7,-13.3,강한매도,장대음봉,전저점이탈,0.18,-3.13,2026-07-31
GFR,4.0,6.34,700666,176963,4.44,1.29,3.5,0.2,0.0,중립,위꼬리양봉,잔구간,0.23,-0.66,2026-07-31
WFCpZ,3.8,18.33,523164,137287,9.59,2.72,3.5,-0.1,0.2,매수관심,팽이도지,완만한상승,0.5,0.9,2026-07-31
CATLU,3.8,10.0,745530,195666,7.46,21.27,0.4,0.0,0.1,중립,팽이도지,전고점부근,0.5,-0.45,2026-07-31
OLN,3.8,18.51,10113537,2643185,187.2,62.03,3.0,-7.6,-9.6,강한매도,장대음봉,전저점이탈,0.28,-3.01,2026-07-31
APLY,3.7,11.64,542385,147281,6.31,2.05,3.1,-6.2,-0.9,중립,망치형,전저점이탈,0.64,0.42,2026-07-31
GERN,3.7,1.29,19611828,5349745,25.3,9.52,2.7,0.7,-4.4,매도주의,음봉,전저점이탈,0.47,-1.49,2026-07-31
QUAD,3.6,10.39,645503,179247,6.71,2.31,2.9,-0.8,6.0,강한매수,양봉,전고점돌파,1.0,2.8,2026-07-31
FULC,3.6,3.58,3525043,971436,12.62,4.25,3.0,0.0,-3.8,중립,음봉,전저점부근,0.42,-0.05,2026-07-31
CCO,3.6,2.42,13987525,3856189,33.85,11.78,2.9,0.0,0.4,중립,팽이도지,전고점부근,0.5,-0.45,2026-07-31
PGY,3.6,19.27,7161825,2003538,138.01,45.04,3.1,1.7,7.4,강한매수,장대양봉,전고점돌파,0.84,3.91,2026-07-31
MSFD,3.5,11.11,3872277,1116881,43.02,17.79,2.4,0.4,-3.3,강한매도,장대음봉,전저점이탈,0.09,-3.24,2026-07-31
BNC,3.5,2.66,507579,143411,1.35,0.42,3.2,0.4,-0.7,중립,팽이도지,잔구간,0.37,-0.08,2026-07-31
TMTS,3.4,10.05,485009,143838,4.87,1.65,3.0,0.0,-0.2,매도주의,장대음봉,잔구간,0.0,-1.3,2026-07-31
JFB,3.4,4.03,640312,185902,2.58,0.87,3.0,9.9,1.0,중립,위꼬리양봉,완만한상승,0.1,-0.58,2026-07-31
CONL,3.4,4.0,46616995,13521586,186.47,84.45,2.2,-12.4,-9.9,매도주의,음봉,전저점이탈,0.49,-1.46,2026-07-31
KYIV,3.3,13.56,1444964,434884,19.59,5.41,3.6,-0.7,-2.6,중립,음봉,잔구간,0.18,-0.54,2026-07-31
BCBP,3.3,9.99,357741,106796,3.57,1.25,2.9,0.2,-2.3,중립,음봉,잔구간,0.42,-0.4,2026-07-31
XE,3.3,16.31,18348111,5566905,299.26,80.86,3.7,2.4,-6.6,매도주의,장대음봉,잔구간,0.04,-1.275,2026-07-31
ABEV,3.2,3.11,57167570,18010473,177.79,70.19,2.5,-0.6,0.3,중립,위꼬리양봉,잔구간,0.33,-0.6,2026-07-31
DSX,3.2,2.43,1446046,451380,3.51,1.15,3.0,1.3,4.3,강한매수,장대양봉,전고점돌파,0.88,3.96,2026-07-31
METU,3.1,19.06,8149346,2592374,155.33,90.68,1.7,1.7,4.9,매수관심,장대양봉,잔구간,0.92,1.25,2026-07-31
BACpQ,3.0,16.41,302689,101521,4.97,1.56,3.2,-1.4,-0.8,강한매도,장대음봉,전저점이탈,0.0,-3.35,2026-07-31
PLX,3.0,2.37,1232753,415800,2.92,1.05,2.8,0.9,3.5,강한매수,양봉,완만한상승,0.92,2.1,2026-07-31
AMZY,2.9,11.51,851614,289725,9.8,2.55,3.9,10.0,2.3,강한매수,장대양봉,전고점돌파,0.94,4.03,2026-07-31
CMTG,2.9,1.77,1244512,421925,2.2,1.17,1.9,-0.5,-2.2,중립,음봉,전저점부근,0.5,0.05,2026-07-31
SRAD,2.9,14.54,3831032,1341567,55.7,27.4,2.0,0.5,-1.6,중립,음봉,잔구간,0.49,-0.355,2026-07-31
TFSL,2.9,18.41,2241724,762025,41.27,15.07,2.7,3.1,-1.1,매도주의,위꼬리음봉,잔구간,0.09,-0.995,2026-07-31
ACRE,2.9,4.26,824984,289188,3.51,1.48,2.4,-0.9,-0.2,중립,망치형,전저점이탈,0.72,0.51,2026-07-31
LDI,2.9,0.981,6029188,2064658,5.92,2.31,2.6,0.0,-1.9,중립,음봉,잔구간,0.23,-0.51,2026-07-31
FBL,2.9,19.69,2270694,771834,44.71,24.43,1.8,1.6,5.0,매수관심,장대양봉,잔구간,0.92,1.25,2026-07-31
PRCH,2.9,14.45,4980681,1699382,71.97,22.26,3.2,-0.8,1.5,강한매수,양봉스프링,완만한상승,0.97,2.96,2026-07-31
CTNM,2.9,15.49,449575,155487,6.96,2.71,2.6,0.0,-1.7,중립,망치형,잔구간,0.7,0.62,2026-07-31
ENIC,2.8,4.44,1308126,463670,5.81,2.13,2.7,0.7,-3.1,매도주의,장대음봉,잔구간,0.0,-1.3,2026-07-31
IRWD,2.8,4.23,3583359,1276081,15.16,5.45,2.8,5.4,7.6,강한매수,장대양봉,전고점돌파,0.89,3.97,2026-07-31
GDYN,2.8,6.89,4454082,1563942,30.69,11.59,2.6,-4.4,2.0,중립,팽이도지,잔구간,0.56,0.035,2026-07-31
BEZ,2.8,12.78,3458874,1251773,44.2,28.75,1.5,-20.9,27.8,강한매수,장대양봉,완만한상승,0.98,3.48,2026-07-31
PWP,2.8,17.65,3477047,1262160,61.37,18.01,3.4,32.2,-10.5,중립,음봉,전고점돌파,0.4,0.68,2026-07-31
DGNX,2.7,1.53,2135695,802032,3.27,2.32,1.4,-4.4,-11.0,중립,음봉,잔구간,0.28,-0.48,2026-07-31
SOC,2.7,5.29,16511216,6167587,87.34,28.1,3.1,1.8,16.0,강한매수,장대양봉,전고점돌파,0.96,4.05,2026-07-31
TAC,2.7,12.5,3415750,1271473,42.7,19.21,2.2,0.2,-3.0,매도주의,장대음봉,잔구간,0.04,-1.275,2026-07-31
IREX,2.7,12.37,3290322,1221986,40.7,19.67,2.1,12.7,-18.1,매도주의,장대음봉,잔구간,0.3,-1.12,2026-07-31
CONY,2.7,17.73,802223,295141,14.22,5.93,2.4,-3.7,-6.3,강한매도,장대음봉,전저점이탈,0.3,-2.99,2026-07-31
ABR,2.6,5.01,8877570,3387765,44.48,17.33,2.6,-0.4,5.0,매수관심,장대양봉,잔구간,0.93,1.26,2026-07-31
GNLX,2.6,2.94,374940,143562,1.1,0.38,2.9,-0.3,-3.3,중립,음봉,수횡파,0.38,-0.24,2026-07-31
TTAM,2.6,15.48,820094,314044,12.7,4.54,2.8,0.9,-3.6,강한매도,장대음봉,전저점이탈,0.07,-3.27,2026-07-31
LABX,2.6,13.27,1858231,715722,24.66,9.07,2.7,19.1,-9.4,중립,음봉,잔구간,0.18,-0.54,2026-07-31
MDXG,2.6,4.13,2987567,1141308,12.34,6.54,1.9,-2.3,-1.0,중립,망치형,잔구간,0.66,0.595,2026-07-31
PBI,2.6,17.53,3057735,1194267,53.6,26.44,2.0,-1.6,-1.8,중립,음봉,전저점부근,0.55,0.11,2026-07-31
NBIZ,2.6,19.01,5732601,2242278,108.98,71.98,1.5,-14.9,14.4,중립,양봉,잔구간,0.62,0.42,2026-07-31
DXC,2.5,11.24,10793591,4389876,121.32,40.14,3.0,-0.4,0.4,중립,위꼬리양봉,완만한상승,0.31,-0.33,2026-07-31
ONL,2.5,2.64,411007,162961,1.09,0.52,2.1,2.3,-1.1,중립,음봉,완만한상승,0.47,0.16,2026-07-31
BIOT,2.5,0.472,5875094,2371526,2.77,2.87,1.0,-4.0,-1.5,매도주의,위꼬리음봉,전저점부근,0.15,-1.17,2026-07-31
KC,2.5,11.15,2401464,968620,26.78,10.19,2.6,9.2,0.7,강한매수,양봉스프링,전고점돌파,0.88,3.46,2026-07-31
PAR,2.5,16.95,1857177,754970,31.48,12.58,2.5,-1.5,2.1,매수관심,양봉,완만한상승,0.41,1.49,2026-07-31
NMRA,2.4,1.61,1628077,666276,2.62,0.99,2.6,-5.5,3.2,중립,양봉,잔구간,1.0,0.65,2026-07-31
GTE,2.4,7.49,610991,257845,4.58,1.92,2.4,1.5,10.3,강한매수,장대양봉,완만한상승,0.98,3.48,2026-07-31
HUN,2.4,9.76,8707055,3629959,84.98,44.48,1.9,-9.4,-10.7,강한매도,장대음봉,전저점이탈,0.07,-3.27,2026-07-31
TITN,2.4,16.99,468256,197348,7.96,3.27,2.4,0.5,-4.7,강한매도,장대음봉,전저점이탈,0.19,-3.12,2026-07-31
LESL,2.4,0.951,2355510,987101,2.24,1.91,1.2,7.2,2.2,중립,팽이도지,잔구간,0.43,-0.04,2026-07-31
IREG,2.4,6.99,1952405,814495,13.65,7.95,1.7,12.6,-17.8,매도주의,장대음봉,잔구간,0.31,-1.115,2026-07-31
IREZ,2.4,16.25,2809230,1173771,45.65,52.9,0.9,-13.5,23.6,강한매수,장대양봉,완만한상승,0.71,3.15,2026-07-31
VVR,2.4,2.97,866831,366377,2.57,1.96,1.3,0.7,-1.0,중립,음봉,잔구간,0.27,-0.49,2026-07-31
MNRO,2.4,12.25,2020707,831225,24.75,15.43,1.6,-0.3,-8.7,강한매도,장대음봉,전저점이탈,0.07,-3.27,2026-07-31
IRE,2.3,8.72,18509483,8114245,161.4,96.1,1.7,13.3,-18.3,매도주의,장대음봉,잔구간,0.29,-1.125,2026-07-31
GVH,2.2,1.0,1118216,516841,1.12,4.98,0.2,0.0,-2.0,중립,망치형,잔구간,0.82,0.69,2026-07-31
RMNI,2.2,4.81,797659,369966,3.84,1.5,2.6,-3.3,1.3,매수관심,양봉스프링,잔구간,0.96,1.025,2026-07-31
AAPD,2.2,11.26,25386256,11766670,285.85,126.86,2.3,8.7,-1.1,중립,음봉,전고점돌파,0.15,0.38,2026-07-31
ALVO,2.2,4.12,1721179,789174,7.09,3.09,2.3,0.3,15.1,강한매수,장대양봉,전고점돌파,1.0,4.1,2026-07-31
ARX,2.2,11.88,6472419,2987534,76.89,35.35,2.2,-1.5,7.7,강한매수,장대양봉,완만한상승,0.9,3.38,2026-07-31
ACVA,2.2,7.49,5003983,2298036,37.48,21.36,1.8,-0.6,-6.1,매도주의,장대음봉,전저점부근,0.21,-1.6,2026-07-31
NMAD,2.2,4.48,764135,350305,3.42,1.82,1.9,0.5,6.9,중립,양봉,잔구간,0.61,0.415,2026-07-31
ORGO,2.2,2.37,1058063,479340,2.51,1.46,1.7,1.2,-4.4,중립,음봉,잔구간,0.41,-0.405,2026-07-31
DRH,2.2,13.24,4583428,2088121,60.68,32.79,1.9,2.7,-0.2,중립,팽이도지,전고점부근,0.37,-0.61,2026-07-31
IGR,2.2,4.68,904302,417205,4.23,2.08,2.0,0.2,-1.5,매도주의,장대음봉,잔구간,0.27,-1.14,2026-07-31
OBDC,2.2,10.75,6526247,2960841,70.16,33.39,2.1,1.0,-1.4,중립,음봉,잔구간,0.46,-0.375,2026-07-31
TGB,2.2,6.77,11907991,5492763,80.62,41.42,1.9,-0.8,-3.6,중립,음봉,잔구간,0.43,-0.39,2026-07-31
TYGO,2.2,1.91,1950785,905813,3.73,1.81,2.1,2.9,7.3,중립,양봉,잔구간,0.74,0.495,2026-07-31
ARBE,2.2,0.654,2421218,1098974,1.58,0.68,2.3,3.3,5.6,중립,양봉,잔구간,0.84,0.555,2026-07-31
DBRG,2.2,15.87,5739463,2665803,91.09,43.26,2.1,-0.1,0.3,강한매수,장대양봉,완만한상승,1.0,3.5,2026-07-31
PAYO,2.2,7.17,6668241,2972522,47.81,29.15,1.6,0.3,-0.1,강한매수,망치형,완만한상승,0.67,2.1,2026-07-31
LAND,2.1,8.11,973765,456861,7.9,4.72,1.7,0.1,-2.2,강한매도,장대음봉,전저점이탈,0.08,-3.25,2026-07-31
GEMI,2.1,3.9,1919590,899243,7.49,4.24,1.8,-0.7,-4.4,매도주의,음봉,전저점이탈,0.44,-1.52,2026-07-31
UUUG,2.1,3.09,417347,203537,1.29,0.68,1.9,8.3,-12.0,매도주의,장대음봉,잔구간,0.19,-1.185,2026-07-31
KT,2.1,18.09,2463434,1153397,44.56,22.95,1.9,0.1,-2.2,매도주의,장대음봉,잔구간,0.27,-1.14,2026-07-31
SEER,2.1,2.22,2903582,1412754,6.45,2.86,2.3,7.3,0.5,매수관심,팽이도지,전고점돌파,0.67,1.7,2026-07-31
MITT,2.1,6.97,322739,156373,2.25,1.08,2.1,1.1,-2.8,강한매도,장대음봉,전저점이탈,0.19,-3.12,2026-07-31
VMD,2.1,11.67,454066,219469,5.3,2.82,1.9,-0.7,-0.1,중립,팽이도지,잔구간,0.6,0.06,2026-07-31
EQ,2.1,2.2,729063,341926,1.6,1.11,1.4,-0.4,-4.8,중립,음봉,전저점부근,0.13,-0.39,2026-07-31
CTMX,2.1,3.1,3502406,1638692,10.86,9.51,1.1,-0.6,-4.9,강한매도,장대음봉,전저점이탈,0.0,-3.35,2026-07-31
DRAL,2.1,8.84,1120484,526040,9.91,6.23,1.6,10.9,-15.7,매도주의,장대음봉,잔구간,0.01,-1.295,2026-07-31
DLY,2.1,14.06,357063,172496,5.02,2.47,2.0,0.4,0.5,중립,팽이도지,전고점부근,0.69,-0.22,2026-07-31
MFM,2.1,5.37,573284,276000,3.08,1.36,2.3,-0.4,-0.2,중립,팽이도지,잔구간,0.43,-0.04,2026-07-31
EXG,2.0,9.78,658118,331182,6.44,3.48,1.9,0.8,-0.1,매수관심,팽이도지,전고점돌파,0.61,1.63,2026-07-31
FMC,2.0,10.71,5332145,2638456,57.11,45.07,1.3,-2.2,-7.4,매도주의,장대음봉,잔구간,0.06,-1.265,2026-07-31
USGG,2.0,5.126,450925,223771,2.31,1.1,2.1,7.9,-4.0,중립,망치형,잔구간,0.65,0.59,2026-07-31
AIB,2.0,1.93,1607452,813808,3.1,1.79,1.7,6.8,2.1,매수관심,팽이도지,완만한상승,0.59,1.01,2026-07-31
MNTS,2.0,4.05,1563370,768385,6.33,4.19,1.5,-0.4,-10.0,강한매도,장대음봉,전저점이탈,0.02,-3.33,2026-07-31
MORT,2.0,9.67,1775272,867816,17.17,11.97,1.4,0.1,-1.0,중립,음봉,잔구간,0.44,-0.385,2026-07-31
ADAM,2.0,9.07,1541782,769935,13.98,7.37,1.9,1.5,0.0,매수관심,팽이도지,완만한상승,0.5,0.9,2026-07-31
CSAN,2.0,3.22,1843254,942316,5.94,2.81,2.1,-0.3,2.2,강한매수,양봉,전고점돌파,0.85,2.62,2026-07-31
RIVN,2.0,15.22,54522304,27161956,829.83,412.97,2.0,0.8,-10.3,강한매도,장대음봉,전저점이탈,0.04,-3.3,2026-07-31
UNIT,2.0,9.72,4291768,2131143,41.72,23.46,1.8,-1.0,5.7,매수관심,장대양봉,잔구간,0.76,1.155,2026-07-31
NEXR,2.0,3.53,320253,163308,1.13,2.18,0.5,-13.8,-3.6,중립,팽이도지,잔구간,0.39,-0.065,2026-07-31
SKHL,2.0,7.33,7802527,3891745,57.19,25.91,2.2,14.7,-18.9,매도주의,장대음봉,잔구간,0.01,-1.295,2026-07-31
BFLY,2.0,7.11,10893267,5486174,77.45,48.35,1.6,-1.6,-11.6,매도주의,장대음봉,잔구간,0.06,-1.265,2026-07-31
MAX,2.0,12.38,1529454,747992,18.93,15.96,1.2,-1.6,-7.1,강한매도,장대음봉,전저점이탈,0.16,-3.16,2026-07-31
JPMpM,2.0,17.21,434649,221682,7.48,3.46,2.2,-0.3,0.4,중립,양봉,전고점부근,0.77,0.57,2026-07-31
KSCP,2.0,1.64,2888519,1462648,4.74,6.94,0.7,-3.5,-14.6,매도주의,장대음봉,잔구간,0.14,-1.215,2026-07-31
METD,2.0,17.27,1121290,548905,19.36,10.8,1.8,-0.9,-2.4,매도주의,장대음봉,잔구간,0.1,-1.24,2026-07-31
ERII,2.0,8.65,1452149,727772,12.56,6.22,2.0,0.8,1.8,강한매수,양봉,완만한상승,0.97,2.16,2026-07-31
DUOT,2.0,8.61,1657149,835660,14.27,6.12,2.3,14.7,-7.8,매도주의,장대음봉,잔구간,0.13,-1.22,2026-07-31
CION,2.0,5.96,782376,389973,4.66,2.71,1.7,0.5,0.3,매수관심,팽이도지,완만한상승,0.58,1.0,2026-07-31
GSIT,2.0,5.61,1093243,548148,6.13,3.68,1.7,-7.0,3.3,중립,위꼬리양봉,잔구간,0.37,-0.58,2026-07-31
AMZD,2.0,8.09,25257245,12512956,204.33,131.1,1.6,-11.8,-3.8,강한매도,장대음봉,전저점이탈,0.13,-3.19,2026-07-31
AI,1.9,9.18,8656824,4511726,79.47,46.16,1.7,0.1,1.1,중립,위꼬리양봉,완만한상승,0.3,-0.34,2026-07-31
PDBC,1.9,17.56,9200525,4740951,161.56,188.42,0.9,0.5,-0.2,중립,망치형,잔구간,0.61,0.565,2026-07-31
VNET,1.9,7.17,8667643,4596443,62.15,29.64,2.1,1.1,-3.1,중립,음봉,잔구간,0.47,-0.37,2026-07-31
MSTY,1.9,12.37,1764447,946455,21.83,11.81,1.8,-1.2,-1.4,중립,망치형,잔구간,0.69,0.615,2026-07-31
ALM,1.9,11.06,11421534,6047387,126.32,74.96,1.7,4.8,-9.6,매도주의,장대음봉,잔구간,0.02,-1.29,2026-07-31
CIM,1.9,12.48,1102551,584422,13.76,7.42,1.9,0.2,-1.6,중립,음봉,잔구간,0.53,-0.33,2026-07-31
XNET,1.9,5.34,425127,227125,2.27,1.32,1.7,-1.1,-4.6,중립,음봉,잔구간,0.4,-0.41,2026-07-31
SRI,1.9,6.91,318821,166725,2.2,1.14,1.9,0.1,-2.4,중립,음봉,전저점부근,0.47,0.01,2026-07-31
ORN,1.9,9.78,1264983,675297,12.37,9.2,1.3,2.5,-0.3,중립,팽이도지,잔구간,0.68,0.11,2026-07-31
BCSF,1.9,12.42,326636,171485,4.06,2.81,1.4,0.4,-1.0,중립,음봉,잔구간,0.42,-0.4,2026-07-31
MFIC,1.9,9.56,637680,330546,6.1,3.71,1.6,0.0,-1.0,중립,음봉,잔구간,0.29,-0.475,2026-07-31
BCAT,1.9,15.76,1046151,559918,16.49,11.99,1.4,0.9,0.0,중립,팽이도지,전고점부근,0.44,-0.52,2026-07-31
FRNM,1.9,11.15,1264439,677672,14.1,8.63,1.6,5.1,6.2,매수관심,장대양봉,잔구간,0.66,1.095,2026-07-31
FIGS,1.9,10.7,5089196,2719604,54.45,27.0,2.0,0.8,1.2,강한매수,양봉,완만한상승,0.83,2.0,2026-07-31
CRCD,1.9,5.94,1159287,621785,6.89,6.36,1.1,3.7,1.0,중립,위꼬리양봉,완만한상승,0.17,-0.5,2026-07-31
TRTX,1.9,7.97,1163870,617842,9.28,6.51,1.4,-0.2,-2.3,매도주의,음봉,전저점이탈,0.13,-1.89,2026-07-31
SAFX,1.9,0.36,3127944,1632259,1.13,1.2,0.9,0.2,-4.0,중립,음봉,잔구간,0.21,-0.525,2026-07-31
WT,1.9,19.37,3275415,1728077,63.44,41.22,1.5,2.8,0.3,중립,팽이도지,잔구간,0.7,0.12,2026-07-31
BTE,1.9,4.56,27964877,14665964,127.52,68.47,1.9,5.6,1.3,매수관심,팽이도지,전고점돌파,0.6,1.62,2026-07-31
KELYA,1.9,14.84,585638,310487,8.69,5.56,1.6,-1.1,-0.1,중립,팽이도지,전저점이탈,0.71,-0.5,2026-07-31
OWL,1.9,10.3,26993714,14114429,278.04,166.9,1.7,0.9,0.5,매수관심,팽이도지,전고점돌파,0.61,1.63,2026-07-31
UIS,1.9,2.87,1306706,672148,3.75,2.59,1.4,0.6,-9.5,강한매도,장대음봉,전저점이탈,0.12,-3.21,2026-07-31
FOXF,1.9,18.0,791891,419934,14.25,7.73,1.8,0.0,1.1,강한매수,양봉스프링,완만한상승,0.96,2.95,2026-07-31
SLNH,1.9,1.22,15016136,8086182,18.32,15.98,1.1,2.7,-8.6,매도주의,장대음봉,잔구간,0.12,-1.23,2026-07-31
ILPT,1.9,8.61,626557,336303,5.39,3.83,1.4,0.0,1.7,매수관심,양봉,완만한상승,0.48,1.58,2026-07-31
GLXU,1.9,4.74,358795,188707,1.7,1.24,1.4,8.4,-12.2,매도주의,장대음봉,잔구간,0.3,-1.12,2026-07-31
IVA,1.9,4.48,1353386,700896,6.06,3.54,1.7,0.0,-3.0,중립,음봉,잔구간,0.48,-0.36,2026-07-31
PONY,1.8,7.87,6902179,3927716,54.32,25.99,2.1,0.6,-1.5,중립,음봉,잔구간,0.6,-0.29,2026-07-31
TALK,1.8,5.22,1774888,1004339,9.26,5.45,1.7,0.4,-0.2,중립,음봉,완만한상승,0.5,0.2,2026-07-31
RUM,1.8,5.84,3411939,1940990,19.93,11.58,1.7,2.0,-3.0,중립,음봉,잔구간,0.15,-0.56,2026-07-31
AAOX,1.8,10.4,10531444,5777980,109.53,71.04,1.5,23.2,-11.1,중립,음봉,잔구간,0.26,-0.495,2026-07-31
BBNX,1.8,12.83,2004597,1089891,25.72,20.12,1.3,-2.0,-8.3,강한매도,장대음봉,전저점이탈,0.03,-3.31,2026-07-31
BDJ,1.8,9.78,722341,407453,7.06,3.59,2.0,0.6,0.3,강한매수,양봉,전고점돌파,0.8,2.56,2026-07-31
MFA,1.8,9.11,2334392,1300459,21.27,12.5,1.7,0.3,-1.3,중립,음봉,잔구간,0.54,-0.325,2026-07-31
BITX,1.8,11.66,11748425,6598921,136.99,86.47,1.6,-3.2,-2.8,중립,음봉,잔구간,0.42,-0.4,2026-07-31
VFF,1.8,1.92,1308981,742166,2.51,1.31,1.9,-1.5,-2.0,중립,음봉,전저점부근,0.4,-0.07,2026-07-31
PRQR,1.8,1.72,1015089,577111,1.75,1.46,1.2,0.6,-3.9,매도주의,장대음봉,잔구간,0.22,-1.17,2026-07-31
PSO,1.8,16.94,1292737,717794,21.9,11.35,1.9,-3.4,0.8,중립,팽이도지,잔구간,0.58,0.05,2026-07-31
SDGR,1.8,15.14,1218359,689389,18.45,11.97,1.5,-0.1,-1.3,중립,음봉,수횡파,0.47,-0.14,2026-07-31
LZM,1.8,3.39,640613,361957,2.17,1.32,1.6,-0.6,3.4,중립,양봉,전고점부근,0.69,0.48,2026-07-31
EROC,1.8,10.26,2189871,1196618,22.47,17.15,1.3,9.1,-4.8,중립,음봉,잔구간,0.43,-0.39,2026-07-31
WALD,1.8,1.73,778071,442480,1.35,0.64,2.1,1.8,-0.6,중립,팽이도지,잔구간,0.4,-0.06,2026-07-31
GEL,1.8,15.31,300722,166044,4.6,2.53,1.8,-0.8,1.0,강한매수,양봉,완만한상승,0.95,2.14,2026-07-31
OIS,1.8,8.11,1007844,556320,8.17,5.19,1.6,2.1,4.8,중립,양봉,잔구간,0.87,0.57,2026-07-31
INNV,1.8,11.36,351640,198720,3.99,2.92,1.4,0.5,-2.6,중립,음봉,잔구간,0.5,-0.35,2026-07-31
SNDG,1.8,5.8,13139542,7261430,76.21,38.8,2.0,17.4,-23.2,매도주의,장대음봉,잔구간,0.11,-1.235,2026-07-31
VTRS,1.8,17.56,15567200,8755525,273.36,158.63,1.7,-0.6,-0.5,중립,망치형,잔구간,0.59,0.555,2026-07-31
ABAT,1.8,2.09,5648049,3072436,11.8,6.82,1.7,1.0,1.5,중립,팽이도지,잔구간,0.75,0.15,2026-07-31
EARN,1.8,4.32,628308,348251,2.71,2.0,1.4,-1.6,-2.0,매도주의,장대음봉,잔구간,0.15,-1.21,2026-07-31
THM,1.8,1.75,1140166,618051,2.0,1.26,1.6,-1.6,-6.9,강한매도,장대음봉,전저점이탈,0.19,-3.12,2026-07-31
DFH,1.8,12.79,926777,528273,11.85,8.67,1.4,-1.8,-2.4,매도주의,음봉,전저점이탈,0.39,-1.58,2026-07-31
AES,1.8,14.68,10358313,5756163,152.06,89.66,1.7,-1.0,-0.1,매도주의,음봉,전저점이탈,0.43,-1.53,2026-07-31
INDI,1.7,3.23,7410442,4466878,23.94,13.42,1.8,3.5,-1.2,중립,망치형,잔구간,0.77,0.66,2026-07-31
TWI,1.7,7.22,784753,466815,5.67,3.14,1.8,-1.4,-0.6,중립,팽이도지,잔구간,0.5,0.0,2026-07-31
HODL,1.7,17.78,1522529,912656,27.07,15.43,1.8,-1.5,-1.4,매도주의,장대음봉,잔구간,0.36,-1.085,2026-07-31
HTGC,1.7,16.42,2310100,1320765,37.93,22.59,1.7,2.9,0.1,매수관심,팽이도지,전고점돌파,0.54,1.55,2026-07-31
VISN,1.7,11.74,6906655,4116194,81.08,60.31,1.3,1.2,-0.9,중립,음봉,잔구간,0.24,-0.505,2026-07-31
FVRR,1.7,8.93,1231901,738802,11.0,10.66,1.0,-2.0,-0.8,매도주의,위꼬리음봉,잔구간,0.15,-0.96,2026-07-31
ALXO,1.7,1.94,703611,426383,1.37,1.12,1.2,0.0,-0.5,중립,팽이도지,잔구간,0.62,0.07,2026-07-31
NAC,1.7,11.72,613406,363061,7.19,4.26,1.7,-0.2,-0.3,중립,음봉,잔구간,0.29,-0.475,2026-07-31
PDM,1.7,9.69,1099475,663383,10.65,6.46,1.6,0.1,-2.8,매도주의,장대음봉,잔구간,0.2,-1.18,2026-07-31
ESRT,1.7,5.06,2728998,1577649,13.81,10.39,1.3,2.0,-0.8,중립,팽이도지,완만한상승,0.25,0.6,2026-07-31
CWVX,1.7,11.97,1972439,1182663,23.61,15.59,1.5,9.0,-13.6,매도주의,장대음봉,잔구간,0.19,-1.185,2026-07-31
TDOC,1.7,6.71,8564863,5002320,57.47,54.92,1.0,-0.6,2.6,매수관심,양봉,완만한상승,0.73,1.88,2026-07-31
IOVA,1.7,4.07,19974537,12019850,81.3,72.5,1.1,-5.5,-8.1,강한매도,장대음봉,전저점이탈,0.09,-3.24,2026-07-31
AUPH,1.7,14.88,1655486,970394,24.63,15.0,1.6,-1.3,0.5,중립,팽이도지,잔구간,0.58,0.05,2026-07-31
RAM,1.7,10.44,23446722,13712075,244.78,182.91,1.3,10.7,-15.3,매도주의,장대음봉,잔구간,0.03,-1.28,2026-07-31
HIVE,1.6,2.83,22899862,14655648,64.81,46.47,1.4,2.0,-7.5,매도주의,장대음봉,잔구간,0.05,-1.27,2026-07-31
PGEN,1.6,6.27,5624066,3578016,35.26,19.68,1.8,0.0,5.6,강한매수,장대양봉,전고점돌파,0.97,4.06,2026-07-31
SHIP,1.6,17.49,359372,226066,6.29,4.02,1.6,1.0,-2.8,중립,음봉,잔구간,0.39,-0.415,2026-07-31
UEC,1.6,9.6,11700682,7491281,112.33,79.75,1.4,2.7,-4.0,중립,음봉,잔구간,0.45,-0.38,2026-07-31
STGW,1.6,8.45,2038863,1241836,17.23,8.71,2.0,-0.4,-0.1,중립,망치형,잔구간,0.86,0.715,2026-07-31
STWD,1.6,15.98,4739801,2983602,75.74,52.09,1.5,-0.8,-0.7,매도주의,음봉,전저점이탈,0.18,-1.83,2026-07-31
SITC,1.6,4.28,792789,489467,3.39,2.24,1.5,-0.2,-0.9,중립,음봉,잔구간,0.44,-0.385,2026-07-31
CGEM,1.6,16.5,839670,509877,13.85,8.42,1.6,0.0,-5.8,강한매도,장대음봉,전저점이탈,0.26,-3.04,2026-07-31
ADTN,1.6,8.51,3324238,2105866,28.29,25.08,1.1,3.4,-2.3,중립,음봉,잔구간,0.4,-0.41,2026-07-31
EQX,1.6,8.95,22229282,13610135,198.95,121.37,1.6,-3.0,-2.0,중립,음봉,잔구간,0.29,-0.475,2026-07-31
IEP,1.6,7.79,774979,488546,6.04,4.39,1.4,0.8,0.3,매수관심,팽이도지,완만한상승,0.53,0.94,2026-07-31
OCFC,1.6,19.31,1309039,841686,25.28,16.21,1.6,-3.1,1.5,중립,양봉,잔구간,0.59,0.405,2026-07-31
CCC,1.6,6.09,15945112,9789786,97.11,60.39,1.6,1.7,-1.1,매수관심,팽이도지,완만한상승,0.57,0.98,2026-07-31
HPK,1.6,7.15,663775,409931,4.75,2.97,1.6,1.5,6.2,강한매수,장대양봉,완만한상승,0.76,3.21,2026-07-31
BYND,1.6,0.566,26301092,16949906,14.89,13.03,1.1,2.6,-0.7,매도주의,위꼬리음봉,잔구간,0.12,-0.98,2026-07-31
SNDC,1.6,5.08,665559,416075,3.38,2.24,1.5,17.5,-22.9,매도주의,장대음봉,잔구간,0.11,-1.235,2026-07-31
ECAT,1.6,14.98,779336,482967,11.67,7.28,1.6,0.5,-0.9,중립,음봉,잔구간,0.15,-0.56,2026-07-31
GOOY,1.6,12.75,512230,312092,6.53,4.85,1.3,1.6,3.7,강한매수,장대양봉,완만한상승,0.89,3.37,2026-07-31
MSBT,1.6,18.02,412100,259111,7.43,6.36,1.2,-1.5,-1.5,매도주의,장대음봉,전저점부근,0.34,-1.44,2026-07-31
ASTL,1.6,3.85,1862267,1177391,7.17,4.48,1.6,-0.7,1.0,매수관심,팽이도지,완만한상승,0.65,1.08,2026-07-31
MSTW,1.6,3.21,561595,361813,1.8,1.3,1.4,-2.7,-2.4,중립,망치형,잔구간,0.68,0.61,2026-07-31
METC,1.6,9.17,3365306,2054283,30.86,17.86,1.7,3.2,-9.2,매도주의,장대음봉,전저점부근,0.08,-1.75,2026-07-31
BBAI,1.6,2.79,39510553,24711700,110.23,66.33,1.7,-1.1,-0.4,중립,팽이도지,잔구간,0.36,-0.085,2026-07-31
ELTX,1.6,2.8,406907,256136,1.14,0.98,1.2,1.7,-5.4,매도주의,장대음봉,전저점부근,0.33,-1.45,2026-07-31
OTF,1.6,9.94,2664248,1639652,26.48,21.42,1.2,0.3,0.4,매수관심,팽이도지,완만한상승,0.73,1.18,2026-07-31
MUC,1.6,10.58,608874,379351,6.44,3.61,1.8,0.0,-0.2,중립,음봉,잔구간,0.43,-0.39,2026-07-31
FBIO,1.6,3.13,643005,413951,2.01,1.5,1.3,-0.3,-4.6,강한매도,장대음봉,전저점이탈,0.25,-3.05,2026-07-31
CVGI,1.6,4.53,534407,332940,2.42,1.49,1.6,0.9,3.4,중립,양봉,잔구간,0.72,0.48,2026-07-31
KRNT,1.6,15.22,456529,278442,6.95,4.84,1.4,0.2,1.3,강한매수,양봉,완만한상승,0.89,2.07,2026-07-31
CNTN,1.6,1.93,1179149,736630,2.28,1.62,1.4,0.5,3.8,중립,양봉,잔구간,0.9,0.59,2026-07-31
ARIS,1.6,13.36,1968509,1261665,26.3,18.98,1.4,-0.9,-5.4,강한매도,장대음봉,전저점이탈,0.06,-3.28,2026-07-31
GAU,1.6,1.74,4721970,2936093,8.22,5.61,1.5,-2.2,-0.6,중립,망치형,잔구간,0.62,0.57,2026-07-31
WNC,1.6,12.56,2048032,1273033,25.72,16.91,1.5,1.4,-0.1,매수관심,팽이도지,완만한상승,0.73,1.18,2026-07-31
IQMX,1.6,9.9,368309,223851,3.65,2.85,1.3,0.3,-6.8,강한매도,장대음봉,전저점이탈,0.26,-3.04,2026-07-31
BBDC,1.6,8.25,652511,403669,5.38,3.84,1.4,0.4,-0.5,중립,망치형,잔구간,0.55,0.53,2026-07-31
CRBP,1.6,8.97,351704,218121,3.15,2.18,1.4,0.1,-1.0,중립,망치형,잔구간,0.65,0.59,2026-07-31
COHH,1.6,5.61,789246,508154,4.43,3.14,1.4,21.8,-8.8,중립,음봉,잔구간,0.23,-0.51,2026-07-31
FPI,1.6,9.35,526303,319221,4.92,3.44,1.4,0.3,-1.1,중립,음봉,잔구간,0.24,-0.505,2026-07-31
PCN,1.6,11.64,390289,240409,4.54,3.14,1.4,0.2,-0.5,중립,음봉,잔구간,0.63,-0.27,2026-07-31
SAFE,1.6,16.18,403438,245212,6.53,4.72,1.4,4.0,-1.8,중립,음봉,잔구간,0.18,-0.54,2026-07-31
KORU,1.6,14.99,70820641,44444924,1061.6,676.2,1.6,6.4,-13.5,매도주의,장대음봉,잔구간,0.05,-1.27,2026-07-31
NEOG,1.6,12.04,3801974,2449374,45.78,20.86,2.2,2.0,2.3,강한매수,양봉,전고점돌파,0.87,2.64,2026-07-31
LWLG,1.6,6.46,4245491,2682827,27.43,18.57,1.5,4.3,2.5,중립,양봉,잔구간,0.76,0.505,2026-07-31
BITU,1.6,9.08,6151326,3754938,55.85,36.95,1.5,-3.2,-2.7,매도주의,장대음봉,잔구간,0.4,-1.06,2026-07-31
VET,1.6,11.92,3031651,1860301,36.14,21.4,1.7,0.4,3.2,강한매수,장대양봉,전고점돌파,1.0,4.1,2026-07-31
SPCU,1.5,7.82,2070886,1357460,16.19,12.44,1.3,1.3,-8.2,매도주의,장대음봉,잔구간,0.11,-1.235,2026-07-31
ACH,1.5,3.09,610910,417411,1.89,1.28,1.5,-0.3,-7.2,매도주의,장대음봉,잔구간,0.24,-1.155,2026-07-31
PFXF,1.5,17.58,972475,668188,17.1,13.14,1.3,-0.1,-0.1,중립,팽이도지,수횡파,0.48,0.58,2026-07-31
CGAU,1.5,17.19,2559323,1713685,43.99,25.01,1.8,-0.1,-6.1,매도주의,장대음봉,잔구간,0.02,-1.29,2026-07-31
XERS,1.5,8.08,1623834,1048660,13.12,11.53,1.1,-1.0,-3.1,강한매도,장대음봉,전저점이탈,0.22,-3.09,2026-07-31
CLVT,1.5,1.98,7606530,5074232,15.06,12.96,1.2,-2.0,0.5,중립,팽이도지,잔구간,0.65,0.09,2026-07-31
EFC,1.5,13.28,1650453,1096400,21.92,13.96,1.6,-0.9,-0.7,중립,음봉,수횡파,0.46,-0.15,2026-07-31
DDL,1.5,2.57,549694,371076,1.41,0.84,1.7,-0.4,6.6,강한매수,장대양봉,전고점돌파,0.89,3.97,2026-07-31
DV,1.5,11.25,2928860,1981010,32.95,21.06,1.6,-1.1,3.0,강한매수,장대양봉,완만한상승,0.92,3.4,2026-07-31
HIX,1.5,3.88,502756,329261,1.95,1.42,1.4,0.5,-0.8,매도주의,장대음봉,잔구간,0.2,-1.18,2026-07-31
COUR,1.5,5.31,9377542,6092841,49.79,44.6,1.1,0.2,0.6,강한매수,양봉스프링,완만한상승,0.89,2.87,2026-07-31
FRMI,1.5,5.69,25842785,17152928,147.05,118.79,1.2,-1.5,-14.2,강한매도,장대음봉,전저점이탈,0.01,-3.34,2026-07-31
KVYO,1.5,17.84,5770572,3817926,102.95,71.4,1.4,-2.4,-0.4,매도주의,위꼬리음봉,잔구간,0.22,-0.92,2026-07-31
JFR,1.5,7.71,688278,473630,5.31,3.51,1.5,0.3,0.3,매수관심,양봉,완만한상승,0.5,1.6,2026-07-31
AQN,1.5,5.84,6008671,3904969,35.09,22.43,1.6,-0.2,-2.2,매도주의,장대음봉,잔구간,0.0,-1.3,2026-07-31
SUPV,1.5,9.46,626880,429963,5.93,3.65,1.6,0.4,-6.2,매도주의,장대음봉,잔구간,0.06,-1.265,2026-07-31
BTG,1.5,3.75,22886947,14982770,85.83,66.14,1.3,-1.6,-1.1,중립,음봉,잔구간,0.56,-0.315,2026-07-31
VENU,1.5,2.03,549518,355630,1.12,0.77,1.4,0.0,-9.4,강한매도,장대음봉,전저점이탈,0.03,-3.31,2026-07-31
OVID,1.5,2.22,1745353,1167353,3.87,3.63,1.1,-0.4,-5.9,강한매도,장대음봉,전저점이탈,0.13,-3.19,2026-07-31
NMRK,1.5,14.995,1600585,1100655,24.0,22.22,1.1,0.3,-0.9,중립,음봉,잔구간,0.52,-0.34,2026-07-31
RBKB,1.5,12.0,322275,219598,3.87,3.51,1.1,-0.2,-3.6,매도주의,장대음봉,잔구간,0.1,-1.24,2026-07-31
BBOT,1.5,8.09,368245,249291,2.98,2.33,1.3,0.0,-4.8,매도주의,장대음봉,전저점부근,0.14,-1.68,2026-07-31
MUZ,1.5,13.65,23714428,15412992,323.7,231.07,1.4,-10.6,24.5,강한매수,장대양봉,완만한상승,0.96,3.45,2026-07-31
PAYP,1.5,15.13,1416155,974393,21.43,14.04,1.5,0.2,-6.1,매도주의,장대음봉,잔구간,0.06,-1.265,2026-07-31
MSTX,1.5,8.04,9538212,6569456,76.69,54.79,1.4,-5.2,-3.5,중립,망치형,잔구간,0.7,0.62,2026-07-31
SXC,1.5,8.48,2661044,1810787,22.57,16.81,1.3,2.1,-1.7,중립,음봉,완만한상승,0.47,0.16,2026-07-31
BLZE,1.5,13.72,2415423,1665746,33.14,23.19,1.4,6.7,1.9,중립,위꼬리양봉,전고점돌파,0.24,0.19,2026-07-31
ETY,1.5,14.4,350125,236211,5.04,3.39,1.5,0.5,0.8,매수관심,양봉,완만한상승,0.62,1.74,2026-07-31
NCT,1.5,3.38,1342664,868646,4.54,2.83,1.6,4.7,-5.1,매도주의,장대음봉,잔구간,0.1,-1.24,2026-07-31
RLX,1.5,2.02,1678540,1108201,3.39,2.69,1.3,0.0,2.0,강한매수,장대양봉,완만한상승,0.85,3.32,2026-07-31
PN,1.5,17.27,752185,516016,12.99,34.2,0.4,-36.5,14.8,중립,양봉,잔구간,0.77,0.51,2026-07-31
BAK,1.5,2.33,2526785,1644718,5.89,4.08,1.4,0.4,-3.7,중립,음봉,잔구간,0.59,-0.295,2026-07-31
AHRT,1.5,6.96,897481,614905,6.25,4.36,1.4,0.0,-1.4,매도주의,장대음봉,잔구간,0.13,-1.22,2026-07-31
OSUR,1.5,4.05,434976,288431,1.76,1.39,1.3,0.3,1.8,강한매수,양봉,완만한상승,0.86,2.03,2026-07-31
AIRO,1.5,6.74,399736,272672,2.69,2.28,1.2,0.2,2.7,중립,양봉,잔구간,0.81,0.535,2026-07-31
POEL,1.5,8.15,603603,410244,4.92,4.23,1.2,10.4,-16.7,매도주의,장대음봉,잔구간,0.0,-1.3,2026-07-31
AAOG,1.5,2.31,2628162,1786522,6.07,4.36,1.4,22.6,-11.2,중립,음봉,잔구간,0.25,-0.5,2026-07-31
PACK,1.4,5.12,1007081,732580,5.16,3.89,1.3,1.2,-2.1,중립,팽이도지,잔구간,0.51,0.005,2026-07-31
YMAG,1.4,11.25,1568786,1134219,17.65,11.32,1.6,1.1,1.7,강한매수,장대양봉,완만한상승,0.86,3.33,2026-07-31
PAX,1.4,10.82,1845281,1313336,19.97,11.58,1.7,2.6,-3.8,중립,음봉,잔구간,0.32,-0.46,2026-07-31
ALOY,1.4,8.78,4307385,3150414,37.82,24.59,1.5,5.0,-5.2,매도주의,장대음봉,잔구간,0.1,-1.24,2026-07-31
OXLC,1.4,9.16,1153777,827030,10.57,8.41,1.3,0.3,1.8,강한매수,장대양봉,전고점돌파,0.83,3.9,2026-07-31
RC,1.4,1.43,1344115,972068,1.92,1.61,1.2,1.4,-2.7,중립,음봉,잔구간,0.5,-0.35,2026-07-31
DSGN,1.4,12.18,628264,453093,7.65,5.43,1.4,0.0,-3.5,중립,음봉,잔구간,0.09,-0.595,2026-07-31
DAPP,1.4,17.63,342984,252741,6.05,4.92,1.2,1.4,-4.7,매도주의,장대음봉,잔구간,0.23,-1.16,2026-07-31
QUBX,1.4,7.05,301738,222050,2.13,1.65,1.3,4.2,-1.8,중립,팽이도지,잔구간,0.36,-0.085,2026-07-31
ARDX,1.4,4.95,2762690,1942718,13.68,12.03,1.1,0.0,-1.8,매도주의,장대음봉,잔구간,0.23,-1.16,2026-07-31
ARCO,1.4,8.17,1233510,869569,10.08,8.45,1.2,0.0,-0.2,매수관심,팽이도지,전저점부근,0.56,0.82,2026-07-31
MQY,1.4,11.2,405809,300432,4.55,4.05,1.1,0.0,-0.4,중립,음봉,전저점부근,0.21,-0.3,2026-07-31
MDU,1.4,19.95,1568415,1099029,31.29,22.93,1.4,1.0,-1.1,중립,음봉,잔구간,0.41,-0.405,2026-07-31
MNKD,1.4,3.91,5404120,3898955,21.13,18.19,1.2,-0.5,-4.4,매도주의,장대음봉,잔구간,0.21,-1.175,2026-07-31
MMT,1.4,4.31,349232,247912,1.51,1.72,0.9,0.2,-0.9,매도주의,장대음봉,전저점부근,0.0,-1.85,2026-07-31
MULL,1.4,16.48,13841577,9949072,228.11,201.32,1.1,10.3,-20.2,매도주의,장대음봉,잔구간,0.04,-1.275,2026-07-31
NBIG,1.4,14.58,4770632,3314009,69.56,48.7,1.4,13.3,-10.0,중립,음봉,잔구간,0.36,-0.435,2026-07-31
MUD,1.4,12.37,18622157,13205020,230.36,170.07,1.4,-5.1,11.7,강한매수,장대양봉,완만한상승,0.96,3.45,2026-07-31
SKDD,1.4,14.81,25059983,17937096,371.14,287.19,1.3,-14.5,25.3,강한매수,장대양봉,완만한상승,1.0,3.5,2026-07-31
SGHC,1.4,14.0,2443821,1701762,34.21,36.99,0.9,-0.2,-0.4,중립,팽이도지,잔구간,0.56,0.035,2026-07-31
FA,1.4,19.84,2291083,1689678,45.46,39.92,1.1,-1.6,0.6,매수관심,양봉스프링,잔구간,0.83,0.95,2026-07-31
BTX,1.4,8.05,706099,493243,5.68,5.84,1.0,1.6,0.2,중립,위꼬리양봉,잔구간,0.2,-0.68,2026-07-31
CRWU,1.4,2.765,11137170,8236753,30.79,21.94,1.4,8.8,-13.6,매도주의,장대음봉,잔구간,0.2,-1.18,2026-07-31
VIPS,1.4,15.34,1730675,1254706,26.55,22.74,1.2,-0.5,1.5,강한매수,장대양봉,전고점돌파,0.92,4.0,2026-07-31
UGP,1.4,6.5,3512394,2566611,22.83,22.1,1.0,0.6,0.0,중립,팽이도지,완만한상승,0.37,0.74,2026-07-31
GME.WS,1.4,1.9,648891,458343,1.23,1.03,1.2,2.2,0.0,중립,팽이도지,완만한상승,0.39,0.77,2026-07-31
CIK,1.4,2.44,414545,299494,1.01,0.87,1.2,-0.4,0.0,중립,팽이도지,수횡파,0.52,0.62,2026-07-31
SPCF,1.4,9.77,2347837,1713807,22.94,20.59,1.1,1.7,-8.4,매도주의,장대음봉,잔구간,0.11,-1.235,2026-07-31
HDSN,1.4,6.04,479240,351568,2.89,2.34,1.2,0.3,3.8,매수관심,장대양봉,잔구간,0.9,1.24,2026-07-31
SPDN,1.4,8.71,72799439,51796611,634.08,423.82,1.5,-0.5,-0.3,매도주의,위꼬리음봉,잔구간,0.15,-0.96,2026-07-31
CRCG,1.4,8.01,3672453,2670123,29.42,27.74,1.1,-4.5,-1.0,중립,망치형,잔구간,0.8,0.68,2026-07-31
FLYW,1.4,16.01,2591811,1857935,41.49,31.6,1.3,-1.2,-0.4,중립,팽이도지,잔구간,0.63,0.08,2026-07-31
IRT,1.4,16.63,2833679,2071302,47.12,36.44,1.3,-0.5,0.2,매수관심,양봉스프링,잔구간,0.85,0.96,2026-07-31
ICLN,1.4,17.55,8027153,5929330,140.88,103.02,1.4,2.1,-2.7,매도주의,장대음봉,잔구간,0.09,-1.245,2026-07-31
LSPD,1.4,10.11,1154452,813172,11.67,10.36,1.1,-0.4,5.1,강한매수,장대양봉,완만한상승,0.87,3.34,2026-07-31
KYN,1.4,14.62,392031,282642,5.73,6.07,0.9,1.0,-0.1,중립,망치형,잔구간,0.85,0.71,2026-07-31
BKKT,1.4,7.17,1031163,758958,7.39,7.2,1.0,-1.2,-2.4,중립,음봉,잔구간,0.55,-0.32,2026-07-31
OSG,1.3,5.4,384624,289994,2.08,1.85,1.1,-0.2,-2.5,매도주의,음봉,전저점이탈,0.38,-1.59,2026-07-31
AEVA,1.3,17.54,1765479,1338496,30.97,22.12,1.4,4.4,2.1,중립,양봉,전고점부근,0.69,0.48,2026-07-31
AEHG,1.3,7.39,565181,442469,4.18,3.55,1.2,14.7,-6.2,중립,음봉,잔구간,0.44,-0.385,2026-07-31
TROX,1.3,5.84,3347729,2534630,19.55,14.67,1.3,-2.4,-4.4,중립,음봉,전저점부근,0.21,-0.3,2026-07-31
WVE,1.3,5.51,2866823,2260881,15.8,12.43,1.3,-1.9,-2.5,중립,음봉,잔구간,0.37,-0.43,2026-07-31
ABUS,1.3,4.34,1167946,927348,5.07,6.15,0.8,-0.2,-1.4,중립,음봉,잔구간,0.39,-0.415,2026-07-31
MAGN,1.3,13.25,386881,304577,5.13,4.5,1.1,-0.7,0.1,매수관심,양봉스프링,잔구간,0.94,1.015,2026-07-31
MPT,1.3,4.63,5348397,4188463,24.76,21.66,1.1,-0.4,-0.9,매도주의,음봉,전저점이탈,0.48,-1.47,2026-07-31
TLK,1.3,14.66,981203,773919,14.38,12.13,1.2,-0.9,1.6,매수관심,양봉,완만한상승,0.56,1.67,2026-07-31
RLMD,1.3,5.31,1717951,1322047,9.12,9.13,1.0,0.6,-1.3,중립,망치형,잔구간,0.77,0.66,2026-07-31
MSTZ,1.3,11.93,10409454,8320065,124.18,103.81,1.2,5.9,2.8,중립,위꼬리양봉,완만한상승,0.32,-0.32,2026-07-31
VOXR,1.3,4.35,379585,288822,1.65,1.62,1.0,-2.3,1.2,매수관심,양봉스프링,잔구간,0.89,0.985,2026-07-31
ASG,1.3,5.14,360432,270195,1.85,1.68,1.1,0.6,0.2,매수관심,팽이도지,완만한상승,0.7,1.14,2026-07-31
ASST,1.3,11.11,3349279,2588622,37.21,33.13,1.1,-2.0,-5.0,매도주의,장대음봉,잔구간,0.16,-1.205,2026-07-31
NEO,1.3,15.29,2859555,2197758,43.72,55.74,0.8,-0.6,-3.1,매도주의,장대음봉,잔구간,0.03,-1.28,2026-07-31
PUBM,1.3,12.6,392338,313296,4.94,5.59,0.9,-0.4,-0.7,중립,음봉,잔구간,0.43,-0.39,2026-07-31
QMCO,1.3,10.64,1407222,1102721,14.97,10.25,1.5,1.5,-6.7,중립,음봉,잔구간,0.04,-0.625,2026-07-31
ARMG,1.3,16.53,730094,568446,12.07,14.96,0.8,15.1,-14.2,매도주의,장대음봉,잔구간,0.01,-1.295,2026-07-31
DDD,1.3,2.64,2451155,1860777,6.47,4.92,1.3,1.5,-3.6,중립,음봉,잔구간,0.33,-0.45,2026-07-31
RDW,1.3,8.62,19007714,14270339,163.85,129.54,1.3,4.1,-2.3,강한매수,망치형,완만한상승,0.58,2.0,2026-07-31
REAX,1.3,1.6,4851231,3808968,7.76,6.92,1.1,-1.2,-1.2,매도주의,위꼬리음봉,잔구간,0.11,-0.985,2026-07-31
NB,1.3,4.255,3380240,2613258,14.38,10.65,1.4,0.0,-1.0,중립,팽이도지,잔구간,0.35,-0.09,2026-07-31
PTEN,1.3,10.48,13031803,10022394,136.57,100.96,1.4,2.0,4.3,매수관심,장대양봉,잔구간,0.91,1.245,2026-07-31
NWBI,1.3,15.74,1646717,1277077,25.92,19.11,1.4,0.3,0.0,강한매수,양봉스프링,완만한상승,0.81,2.77,2026-07-31
NPCE,1.3,12.89,332031,249047,4.28,3.13,1.4,-0.1,-6.2,강한매도,장대음봉,전저점이탈,0.21,-3.1,2026-07-31
TAL,1.3,12.5,7543957,5861304,94.3,57.59,1.6,-2.8,4.2,강한매수,장대양봉,전고점부근,0.95,2.09,2026-07-31
SAN,1.3,14.1,11765627,9010948,165.9,135.88,1.2,0.1,-0.1,중립,팽이도지,잔구간,0.65,0.09,2026-07-31
LENZ,1.3,5.3,865338,681012,4.59,4.8,1.0,-0.3,-7.7,매도주의,장대음봉,잔구간,0.21,-1.175,2026-07-31
KEEL,1.3,3.97,38732379,30934336,153.77,136.03,1.1,6.3,-7.8,매도주의,장대음봉,잔구간,0.19,-1.185,2026-07-31
VALE,1.3,15.06,28930867,22636539,435.7,289.6,1.5,1.1,-0.6,중립,망치형,잔구간,0.8,0.68,2026-07-31
SBSW,1.3,8.84,5584804,4420125,49.37,38.6,1.3,-2.3,-0.5,중립,팽이도지,잔구간,0.52,0.01,2026-07-31
TBLA,1.3,5.01,2368409,1778846,11.87,10.2,1.2,0.0,-1.8,중립,음봉,잔구간,0.28,-0.48,2026-07-31
CTGO,1.3,15.4,461410,351357,7.11,6.21,1.1,-3.4,-1.7,중립,음봉,잔구간,0.38,-0.42,2026-07-31
LFST,1.3,10.48,2524965,1906832,26.46,26.61,1.0,-0.4,-2.1,강한매도,음봉,전저점이탈,0.03,-2.01,2026-07-31
VGZ,1.3,1.72,1168387,919372,2.01,1.86,1.1,-2.2,-1.1,중립,망치형,잔구간,0.58,0.55,2026-07-31
BCRX,1.3,8.98,2929185,2258958,26.3,24.23,1.1,-0.8,-2.1,매도주의,음봉,전저점이탈,0.17,-1.85,2026-07-31
BGC,1.3,11.52,2712582,2101522,31.25,24.75,1.3,0.0,-1.4,중립,음봉,잔구간,0.23,-0.51,2026-07-31
SABR,1.3,1.85,3705601,2938584,6.86,5.14,1.3,0.5,-1.6,중립,망치형,잔구간,0.55,0.53,2026-07-31
UUUU,1.3,11.44,7567369,5947447,86.57,73.8,1.2,4.1,-6.2,매도주의,장대음봉,잔구간,0.19,-1.185,2026-07-31
UROY,1.3,3.4,5104333,3906056,17.35,12.27,1.4,-2.0,1.5,중립,팽이도지,잔구간,0.56,0.035,2026-07-31
SLP,1.3,18.23,377979,293428,6.89,10.63,0.6,0.1,-0.4,매도주의,장대음봉,잔구간,0.08,-1.25,2026-07-31
SKHU,1.3,14.98,3546310,2711048,53.12,50.84,1.0,14.9,-19.2,매도주의,장대음봉,잔구간,0.01,-1.295,2026-07-31
FDMT,1.3,10.18,716312,553601,7.29,7.02,1.0,4.7,-3.4,중립,음봉,잔구간,0.42,-0.4,2026-07-31
ETH,1.3,17.8,2118028,1647636,37.7,30.71,1.2,-1.8,-1.1,중립,음봉,잔구간,0.5,-0.35,2026-07-31
BRSP,1.3,5.01,2228318,1690932,11.16,8.17,1.4,-0.8,1.2,강한매수,양봉,완만한상승,0.94,2.13,2026-07-31
SK,1.3,18.94,1370758,1017861,25.96,28.7,0.9,14.3,-18.6,매도주의,장대음봉,잔구간,0.02,-1.29,2026-07-31
CRCA,1.3,11.85,1076965,798311,12.76,13.63,0.9,-4.7,-0.5,중립,망치형,잔구간,0.81,0.685,2026-07-31
SPCE,1.3,2.55,8393267,6254253,21.4,19.59,1.1,0.0,-0.4,중립,망치형,잔구간,0.79,0.675,2026-07-31
HLMN,1.3,7.87,1523650,1158770,11.99,8.78,1.4,-0.1,-0.3,중립,팽이도지,잔구간,0.35,-0.09,2026-07-31
CRDL,1.3,1.27,1147238,907045,1.46,1.03,1.4,1.7,3.3,중립,양봉,잔구간,0.78,0.52,2026-07-31
HYT,1.3,8.35,885994,663459,7.4,6.34,1.2,0.5,-0.7,매도주의,장대음봉,잔구간,0.22,-1.17,2026-07-31
SMR,1.3,8.42,38770173,30874763,326.44,269.72,1.2,3.2,-5.1,매도주의,장대음봉,잔구간,0.06,-1.265,2026-07-31
HTZ,1.3,1.585,23904907,17954280,37.89,30.82,1.2,0.9,-5.1,매도주의,장대음봉,잔구간,0.27,-1.14,2026-07-31
CBRZ,1.3,13.09,576552,439268,7.55,7.38,1.0,-6.0,11.7,강한매수,장대양봉,완만한상승,0.88,3.36,2026-07-31
SSTK,1.3,5.4,1723565,1285302,9.31,9.39,1.0,-0.4,0.7,중립,팽이도지,잔구간,0.51,0.005,2026-07-31
SPPP,1.3,13.41,679419,542174,9.11,7.15,1.3,-2.0,1.6,매수관심,장대양봉,잔구간,0.94,1.265,2026-07-31
HIMX,1.3,12.54,1583756,1247913,19.86,16.18,1.2,3.2,-3.1,중립,음봉,잔구간,0.24,-0.505,2026-07-31
CRDU,1.3,12.445,1673522,1272205,20.83,16.35,1.3,15.4,-8.5,중립,음봉,잔구간,0.42,-0.4,2026-07-31
GOOS,1.3,8.93,949069,722564,8.48,7.36,1.2,-0.6,-2.9,매도주의,장대음봉,잔구간,0.03,-1.28,2026-07-31
CLM,1.3,7.44,2000879,1582895,14.89,12.41,1.2,0.8,0.8,강한매수,장대양봉,완만한상승,1.0,3.5,2026-07-31
STLA,1.3,5.76,34126926,27112177,196.57,123.49,1.6,-0.2,-1.5,중립,음봉,잔구간,0.36,-0.435,2026-07-31
GPRE,1.3,16.85,1266419,970451,21.34,28.56,0.7,0.1,-2.6,중립,음봉,잔구간,0.22,-0.52,2026-07-31
STNE,1.3,11.375,3776745,2963602,42.96,35.89,1.2,-0.9,0.4,매수관심,양봉스프링,잔구간,0.95,1.02,2026-07-31
COTY,1.3,2.75,10314745,7900534,28.37,25.35,1.1,-0.7,3.0,강한매수,장대양봉,완만한상승,0.9,3.38,2026-07-31
FLNC,1.3,13.93,7627711,6051527,106.25,92.49,1.1,12.3,-7.9,매도주의,장대음봉,잔구간,0.3,-1.12,2026-07-31
FPEI,1.3,19.08,329558,261345,6.29,5.97,1.1,0.1,-0.1,매도주의,장대음봉,완만한상승,0.33,-1.3,2026-07-31
ZURA,1.3,5.43,541149,416418,2.94,2.81,1.0,1.1,-3.0,중립,음봉,수횡파,0.24,-0.41,2026-07-31
ACHV,1.3,6.42,1181779,940829,7.59,6.35,1.2,0.0,1.9,강한매수,양봉스프링,완만한상승,0.91,2.89,2026-07-31
PPTA,1.3,18.41,1439167,1125626,26.5,20.45,1.3,-2.6,-0.1,중립,팽이도지,잔구간,0.55,0.03,2026-07-31
PMT,1.3,9.43,1807095,1381282,17.04,15.41,1.1,-0.2,1.5,중립,양봉,잔구간,0.94,0.615,2026-07-31
AKBA,1.2,1.32,2057838,1763200,2.72,2.72,1.0,-0.7,-1.5,중립,음봉,잔구간,0.46,-0.375,2026-07-31
ACRS,1.2,5.2,1638335,1365487,8.52,8.44,1.0,-0.4,-1.9,중립,음봉,잔구간,0.43,-0.39,2026-07-31
POET,1.2,6.99,11832074,9895281,82.71,83.79,1.0,5.4,-8.9,매도주의,장대음봉,잔구간,0.03,-1.28,2026-07-31
OSS,1.2,12.23,1245045,1055032,15.23,13.53,1.1,4.8,-2.7,중립,음봉,완만한상승,0.5,0.2,2026-07-31
GALT,1.2,2.97,387699,322010,1.15,1.26,0.9,0.9,-8.9,강한매도,장대음봉,전저점이탈,0.04,-3.3,2026-07-31
PTY,1.2,11.71,1077405,890569,12.62,10.81,1.2,0.1,-0.3,중립,음봉,잔구간,0.45,-0.38,2026-07-31
PURR,1.2,6.21,9115327,7684378,56.61,53.57,1.1,1.3,-2.7,중립,음봉,잔구간,0.25,-0.5,2026-07-31
QFIN,1.2,13.88,1094279,942832,15.19,11.18,1.4,-0.2,0.4,강한매수,양봉스프링,완만한상승,0.78,2.74,2026-07-31
CRBU,1.2,1.46,1127984,931647,1.65,1.88,0.9,1.3,-4.6,매도주의,장대음봉,잔구간,0.3,-1.12,2026-07-31
FETH,1.2,18.58,1887608,1621044,35.07,29.96,1.2,-1.9,-1.1,중립,음봉,잔구간,0.46,-0.375,2026-07-31
FLO,1.2,7.02,7711330,6172881,54.13,37.99,1.4,-0.3,-1.4,매도주의,음봉,전저점이탈,0.38,-1.59,2026-07-31
QUBT,1.2,8.1,10482003,8461729,84.9,66.89,1.3,1.9,-0.9,중립,팽이도지,잔구간,0.39,-0.065,2026-07-31
ARRY,1.2,5.22,6611997,5312088,34.51,41.35,0.8,3.5,-0.8,중립,망치형,잔구간,0.82,0.69,2026-07-31
ECC,1.2,3.87,867149,721964,3.36,2.9,1.2,0.5,0.3,강한매수,양봉스프링,전고점돌파,0.88,3.46,2026-07-31
ARVN,1.2,8.03,687895,550985,5.52,4.7,1.2,-0.7,-2.5,매도주의,장대음봉,잔구간,0.39,-1.065,2026-07-31
CXM,1.2,6.36,3128524,2688733,19.9,17.78,1.1,-1.9,4.6,강한매수,장대양봉,완만한상승,0.89,3.37,2026-07-31
DC,1.2,4.54,1364029,1153053,6.19,5.45,1.1,-1.9,-0.7,강한매수,망치형,수횡파,0.77,2.92,2026-07-31
REI,1.2,1.24,3846176,3321478,4.77,4.4,1.1,0.0,0.0,중립,팽이도지,완만한상승,0.4,0.78,2026-07-31
NAGE,1.2,3.4,648544,546720,2.21,2.04,1.1,0.0,2.4,강한매수,양봉,완만한상승,0.95,2.14,2026-07-31
NRXP,1.2,3.15,1147529,922007,3.61,3.24,1.1,1.3,-0.3,중립,팽이도지,잔구간,0.57,0.04,2026-07-31
NTSK,1.2,12.59,3817490,3314451,48.06,50.38,1.0,1.2,2.8,강한매수,양봉,완만한상승,0.93,2.12,2026-07-31
ANGI,1.2,5.67,694851,577690,3.94,3.23,1.2,-0.5,0.7,강한매수,양봉스프링,완만한상승,0.98,2.98,2026-07-31
ANGO,1.2,14.79,467591,401101,6.92,6.15,1.1,-0.1,0.3,중립,팽이도지,전고점부근,0.59,-0.34,2026-07-31
GPRO,1.2,0.749,3960190,3307357,2.97,2.83,1.0,1.2,3.6,강한매수,양봉,전고점돌파,0.98,2.78,2026-07-31
GLND,1.2,2.27,921383,756135,2.09,1.34,1.6,1.0,14.6,매수관심,장대양봉,잔구간,0.97,1.28,2026-07-31
GOGO,1.2,4.18,1909369,1553716,7.98,4.99,1.6,-0.6,1.7,강한매수,양봉스프링,전고점돌파,0.93,3.52,2026-07-31
STIM,1.2,1.98,1153290,954363,2.28,3.71,0.6,0.5,0.0,중립,팽이도지,완만한상승,0.38,0.76,2026-07-31
NXTC,1.2,4.145,385706,321193,1.6,3.06,0.5,-2.4,-15.6,매도주의,장대음봉,잔구간,0.05,-1.27,2026-07-31
NWG,1.2,18.94,5716299,4837835,108.27,74.65,1.5,3.6,-1.4,중립,음봉,전고점돌파,0.22,0.46,2026-07-31
CLNE,1.2,1.94,1197751,977893,2.32,2.66,0.9,0.0,0.5,매수관심,양봉스프링,잔구간,1.0,1.05,2026-07-31
CLPT,1.2,14.94,605340,496793,9.04,7.56,1.2,2.2,0.3,매수관심,양봉스프링,잔구간,0.96,1.025,2026-07-31
STFS,1.2,4.28,402316,347337,1.72,9.97,0.2,-4.0,12.3,중립,양봉,잔구간,0.42,0.3,2026-07-31
UMH,1.2,15.11,516633,428924,7.81,6.88,1.1,-0.1,-1.2,강한매도,장대음봉,전저점이탈,0.23,-3.07,2026-07-31
NVDX,1.2,16.66,7977770,6430235,132.91,101.67,1.3,3.2,2.3,중립,양봉,잔구간,0.81,0.535,2026-07-31
NVG,1.2,12.4,555677,476920,6.89,5.8,1.2,-0.4,0.0,중립,팽이도지,잔구간,0.6,0.06,2026-07-31
NVDQ,1.2,11.33,2260668,1906659,25.61,24.63,1.0,-3.3,-2.6,중립,음봉,잔구간,0.16,-0.555,2026-07-31
OCUL,1.2,8.17,2151848,1798651,17.58,16.54,1.1,-0.4,-3.2,강한매도,장대음봉,전저점이탈,0.05,-3.29,2026-07-31
RGTZ,1.2,4.72,3691969,3155538,17.43,18.09,1.0,-5.2,4.2,중립,양봉,잔구간,0.8,0.53,2026-07-31
FNKO,1.2,5.83,1311627,1123641,7.65,4.98,1.5,0.8,-4.4,매도주의,장대음봉,잔구간,0.05,-1.27,2026-07-31
RIG,1.2,5.32,62789258,50235432,334.04,234.09,1.4,1.2,3.5,강한매수,장대양봉,완만한상승,0.92,3.4,2026-07-31
CFFN,1.2,8.84,1137746,942470,10.06,8.04,1.3,0.2,-0.5,중립,팽이도지,잔구간,0.45,-0.03,2026-07-31
SRPT,1.2,14.86,3603368,2942296,53.55,50.6,1.1,-0.4,-4.1,강한매도,장대음봉,전저점이탈,0.02,-3.33,2026-07-31
NMFC,1.2,6.89,616564,533034,4.25,3.46,1.2,0.1,-0.4,중립,팽이도지,잔구간,0.32,-0.11,2026-07-31
NMAX,1.2,7.71,675241,565515,5.21,5.9,0.9,0.5,0.0,중립,팽이도지,완만한상승,0.33,0.7,2026-07-31
NVAX,1.2,7.32,3405996,2897911,24.93,21.1,1.2,0.0,-1.6,중립,음봉,잔구간,0.38,-0.42,2026-07-31
CGBD,1.2,9.99,566903,467189,5.66,6.45,0.9,2.4,-3.4,매도주의,장대음봉,잔구간,0.11,-1.235,2026-07-31
BTDR,1.2,10.52,12157300,10453033,127.89,102.98,1.2,3.8,-8.7,매도주의,장대음봉,잔구간,0.04,-1.275,2026-07-31
RPAY,1.2,4.0,548579,442068,2.19,1.67,1.3,-1.5,2.6,강한매수,장대양봉,완만한상승,1.0,3.5,2026-07-31
RMAX,1.2,9.06,381242,315072,3.45,3.31,1.0,-0.6,-1.6,중립,음봉,잔구간,0.05,-0.62,2026-07-31
IGD,1.2,6.55,306056,247128,2.0,1.42,1.4,0.5,0.6,강한매수,양봉,전고점돌파,0.6,2.32,2026-07-31
USAR,1.2,14.95,11678732,10112969,174.6,159.47,1.1,4.2,-2.1,중립,망치형,잔구간,0.65,0.59,2026-07-31
SKHX,1.2,11.37,12569717,10878517,142.92,124.1,1.2,14.6,-18.7,매도주의,장대음봉,잔구간,0.01,-1.295,2026-07-31
MIR,1.2,14.98,4817304,4132169,72.16,75.04,1.0,1.6,-0.7,중립,팽이도지,완만한상승,0.38,0.76,2026-07-31
AWF,1.2,10.09,302222,244723,3.05,3.17,1.0,0.3,-0.5,매도주의,장대음봉,잔구간,0.29,-1.125,2026-07-31
VLN,1.2,1.57,892060,727630,1.4,1.49,0.9,2.6,-1.9,중립,음봉,잔구간,0.4,-0.41,2026-07-31
KOS,1.2,2.69,16411512,13731101,44.15,34.12,1.3,0.8,4.3,강한매수,장대양봉,완만한상승,0.89,3.37,2026-07-31
PNNT,1.2,3.29,584589,494796,1.92,1.98,1.0,-0.3,-0.9,매도주의,위꼬리음봉,잔구간,0.1,-0.99,2026-07-31
AG,1.2,15.03,12865223,10673626,193.36,178.07,1.1,-2.7,-1.5,중립,음봉,잔구간,0.34,-0.445,2026-07-31
PLAY,1.2,10.84,1089760,932141,11.81,12.88,0.9,0.6,-0.6,중립,팽이도지,전고점부근,0.62,-0.31,2026-07-31
AEO,1.2,17.18,4468967,3793984,76.78,65.02,1.2,-1.2,0.5,중립,팽이도지,잔구간,0.51,0.005,2026-07-31
SGMT,1.2,7.11,616134,504551,4.38,5.22,0.8,0.1,-2.9,중립,음봉,잔구간,0.51,-0.345,2026-07-31
KODK,1.2,8.4,817989,695858,6.87,6.37,1.1,0.5,-0.1,강한매수,망치형,완만한상승,0.76,2.21,2026-07-31
SHEN,1.2,11.99,714703,606924,8.57,6.98,1.2,0.7,0.8,매수관심,팽이도지,완만한상승,0.56,0.97,2026-07-31
LUCD,1.2,0.872,1186139,965207,1.03,1.3,0.8,-1.2,-2.1,매도주의,음봉,전저점이탈,0.26,-1.74,2026-07-31
JPMpL,1.2,18.69,303709,261479,5.68,4.37,1.3,0.0,0.2,매수관심,양봉,완만한상승,0.69,1.83,2026-07-31
KDK,1.2,4.35,880871,709606,3.83,3.19,1.2,0.9,2.1,중립,양봉,잔구간,0.56,0.385,2026-07-31
VELO,1.2,10.13,1595259,1318278,16.16,15.15,1.1,2.9,1.4,중립,팽이도지,잔구간,0.47,-0.02,2026-07-31
SENS,1.2,5.03,502258,428173,2.53,2.09,1.2,-0.6,-0.2,중립,팽이도지,잔구간,0.49,-0.005,2026-07-31
LABD,1.2,9.34,9625196,8253932,89.9,73.63,1.2,-0.3,8.9,강한매수,장대양봉,완만한상승,0.82,3.28,2026-07-31
MASS,1.2,8.01,335294,276164,2.69,2.28,1.2,-1.0,6.0,강한매수,장대양봉,전고점돌파,1.0,4.1,2026-07-31
MATV,1.2,8.73,462493,400066,4.04,3.3,1.2,-0.9,2.9,매수관심,양봉,완만한상승,0.75,1.9,2026-07-31
BLMN,1.2,8.66,1652133,1408719,14.31,12.57,1.1,-0.6,-1.7,중립,음봉,잔구간,0.5,-0.35,2026-07-31
BMNG,1.2,13.938,639188,553895,8.91,9.17,1.0,-3.9,-5.4,중립,음봉,잔구간,0.59,-0.295,2026-07-31
ETHE,1.2,15.05,2277837,1948579,34.28,25.77,1.3,-1.9,-1.1,중립,음봉,잔구간,0.47,-0.37,2026-07-31
JPC,1.2,7.69,860736,719748,6.62,6.18,1.1,0.1,0.1,중립,위꼬리양봉,잔구간,0.15,-0.71,2026-07-31
EU,1.2,1.09,2955093,2452018,3.22,2.91,1.1,0.9,-4.4,매도주의,장대음봉,잔구간,0.14,-1.215,2026-07-31
ETHT,1.2,10.09,1420177,1184627,14.33,15.74,0.9,-3.8,-2.3,중립,음봉,잔구간,0.48,-0.36,2026-07-31
BZ,1.2,16.28,3786509,3040518,61.64,50.8,1.2,-1.3,0.6,중립,팽이도지,잔구간,0.73,0.14,2026-07-31
TH,1.2,15.2,1375798,1125850,20.91,13.94,1.5,0.6,4.2,중립,양봉,잔구간,0.99,0.645,2026-07-31
SOLZ,1.2,7.29,674390,569165,4.92,4.99,1.0,-1.5,-0.8,매도주의,장대음봉,잔구간,0.33,-1.1,2026-07-31
SONO,1.2,14.66,2465568,2008830,36.15,37.95,1.0,-0.6,2.2,매수관심,양봉,완만한상승,0.66,1.79,2026-07-31
SOFX,1.2,8.07,1427059,1237390,11.52,11.39,1.0,0.1,-1.8,중립,망치형,잔구간,0.71,0.625,2026-07-31
HLF,1.2,12.42,1104751,941284,13.72,13.84,1.0,-1.5,1.4,중립,양봉,잔구간,0.92,0.6,2026-07-31
HTLD,1.2,12.23,861919,721356,10.54,11.21,0.9,-0.9,-3.1,강한매도,장대음봉,전저점이탈,0.12,-3.21,2026-07-31
MSTU,1.2,1.76,127764756,102300395,224.87,199.48,1.1,-5.2,-3.3,중립,망치형,잔구간,0.7,0.62,2026-07-31
EMBC,1.2,3.64,1252895,1051733,4.56,3.71,1.2,-1.4,0.8,중립,팽이도지,잔구간,0.7,0.12,2026-07-31
AVR,1.2,7.84,1034878,857160,8.11,7.82,1.0,0.4,-5.2,매도주의,장대음봉,잔구간,0.17,-1.2,2026-07-31
MSDL,1.2,14.61,632577,536170,9.24,7.53,1.2,-0.1,-1.3,중립,음봉,전저점부근,0.2,-0.31,2026-07-31
AUTL,1.2,1.49,815256,684497,1.21,1.19,1.0,0.0,-2.6,중립,음봉,잔구간,0.25,-0.5,2026-07-31
SNDU,1.2,14.62,24764747,21428245,362.06,313.68,1.2,16.4,-23.4,매도주의,장대음봉,잔구간,0.11,-1.235,2026-07-31
SND,1.2,4.31,347115,286130,1.5,1.23,1.2,-0.2,3.6,강한매수,장대양봉,완만한상승,0.86,3.33,2026-07-31
SNAP,1.2,4.69,34047077,28912807,159.68,141.59,1.1,-0.6,0.6,중립,팽이도지,잔구간,0.71,0.125,2026-07-31
DJT,1.1,9.86,5618928,5128173,55.4,47.91,1.2,0.8,-5.7,매도주의,장대음봉,잔구간,0.13,-1.22,2026-07-31
TRIN,1.1,17.55,918918,820411,16.13,16.0,1.0,0.8,0.0,중립,팽이도지,잔구간,0.55,0.03,2026-07-31
CPRI,1.1,15.93,3226264,2911604,51.39,47.91,1.1,0.1,0.1,매수관심,팽이도지,완만한상승,0.66,1.09,2026-07-31
APPS,1.1,8.06,2366594,2098107,19.07,20.67,0.9,1.2,-2.8,중립,음봉,잔구간,0.25,-0.5,2026-07-31
ORCX,1.1,17.54,3981669,3579906,69.84,52.1,1.3,4.1,-0.5,중립,팽이도지,전고점부근,0.63,-0.29,2026-07-31
PTON,1.1,6.39,6434577,5699743,41.12,43.48,0.9,0.0,0.2,강한매수,양봉스프링,완만한상승,0.87,2.84,2026-07-31
ALMU,1.1,16.2,547772,494808,8.87,7.76,1.1,7.7,-1.9,강한매수,망치형,완만한상승,0.76,2.21,2026-07-31
SVCO,1.1,7.78,374495,337146,2.91,2.9,1.0,3.4,-0.9,중립,팽이도지,잔구간,0.31,-0.115,2026-07-31
PSKY,1.1,7.96,15142251,13957905,120.53,99.42,1.2,-0.1,2.1,중립,양봉,잔구간,0.89,0.585,2026-07-31
NAD,1.1,11.71,651948,585653,7.63,6.75,1.1,-0.2,0.3,강한매수,양봉,완만한상승,1.0,2.2,2026-07-31
SPIR,1.1,11.46,546874,495831,6.27,9.05,0.7,4.0,-3.0,중립,음봉,완만한상승,0.44,0.13,2026-07-31
RES,1.1,5.61,1836284,1621589,10.3,8.15,1.3,0.7,2.7,중립,양봉,잔구간,0.88,0.58,2026-07-31
RGTX,1.1,9.82,1225817,1076993,12.04,8.63,1.4,4.8,-3.8,중립,음봉,잔구간,0.19,-0.535,2026-07-31
TSSI,1.1,9.92,591282,518449,5.87,6.62,0.9,1.5,0.3,매수관심,팽이도지,완만한상승,0.61,1.03,2026-07-31
CRF,1.1,7.14,1179183,1077687,8.42,6.24,1.4,0.4,1.0,강한매수,장대양봉,전고점돌파,0.87,3.94,2026-07-31
EXK,1.1,7.52,9178283,8103147,69.02,58.23,1.2,-3.3,0.1,중립,팽이도지,잔구간,0.61,0.065,2026-07-31
EYPT,1.1,12.25,1711475,1514900,20.97,18.12,1.2,-0.4,-4.4,매도주의,장대음봉,잔구간,0.27,-1.14,2026-07-31
NEWP,1.1,4.64,442586,395124,2.05,2.45,0.8,-3.4,0.9,매수관심,팽이도지,수횡파,0.73,0.88,2026-07-31
NHP,1.1,15.29,314804,290902,4.81,5.2,0.9,-0.5,0.0,매수관심,팽이도지,전저점부근,0.66,0.94,2026-07-31
RCKT,1.1,3.11,1281506,1190737,3.99,4.29,0.9,-0.8,-2.4,중립,음봉,잔구간,0.38,-0.42,2026-07-31
RCAT,1.1,7.53,7811887,6826396,58.82,57.02,1.0,3.5,-1.4,강한매수,망치형,완만한상승,0.62,2.04,2026-07-31
CMBT,1.1,16.16,620673,590008,10.03,10.24,1.0,0.8,0.1,매수관심,팽이도지,전고점돌파,0.38,1.36,2026-07-31
ARTV,1.1,10.1,361923,319634,3.66,3.61,1.0,-1.7,-1.5,중립,망치형,잔구간,0.58,0.55,2026-07-31
DCTH,1.1,12.22,372153,323623,4.55,4.27,1.1,-0.2,1.7,중립,양봉,잔구간,0.98,0.64,2026-07-31
GOOD,1.1,12.5,417157,387143,5.21,5.12,1.0,0.1,-0.2,중립,망치형,잔구간,0.59,0.555,2026-07-31
NPKI,1.1,12.49,1097421,1044660,13.71,12.24,1.1,2.5,-2.2,중립,음봉,잔구간,0.05,-0.62,2026-07-31
ANNX,1.1,5.095,2800727,2554206,14.27,13.34,1.1,1.9,-5.1,매도주의,장대음봉,잔구간,0.19,-1.185,2026-07-31
VWAV,1.1,1.72,724122,653574,1.25,1.79,0.7,0.0,-11.3,강한매도,장대음봉,전저점이탈,0.18,-3.13,2026-07-31
GDXY,1.1,9.54,503090,445107,4.8,4.43,1.1,-1.4,-1.3,중립,음봉,잔구간,0.45,-0.38,2026-07-31
OGG,1.1,2.39,1301629,1201185,3.11,4.29,0.7,0.8,-0.4,강한매수,망치형,완만한상승,0.87,2.34,2026-07-31
NXE,1.1,9.15,5105530,4807856,46.72,48.25,1.0,1.0,-2.8,중립,음봉,잔구간,0.4,-0.41,2026-07-31
OI,1.1,7.15,3851862,3477170,27.54,30.14,0.9,-2.3,-0.4,중립,팽이도지,전저점부근,0.42,0.65,2026-07-31
VYX,1.1,8.27,1808083,1689062,14.95,13.93,1.1,0.0,1.3,매수관심,양봉,완만한상승,0.71,1.85,2026-07-31
GOF,1.1,10.51,1280657,1214232,13.46,15.73,0.9,0.6,-0.6,중립,음봉,잔구간,0.0,-0.65,2026-07-31
GNW,1.1,9.83,2746279,2581974,27.0,28.77,0.9,-0.8,-0.5,중립,음봉,잔구간,0.21,-0.525,2026-07-31
VZLA,1.1,3.14,5119542,4715223,16.08,15.5,1.0,-2.8,-0.3,중립,팽이도지,잔구간,0.49,-0.005,2026-07-31
AMRX,1.1,18.32,2011738,1867422,36.86,32.47,1.1,-1.8,0.8,중립,양봉,잔구간,0.78,0.52,2026-07-31
GNL,1.1,8.72,1989417,1774453,17.35,17.46,1.0,-0.1,-0.8,중립,음봉,전저점부근,0.44,-0.02,2026-07-31
QCML,1.1,12.26,589906,515402,7.23,8.4,0.9,1.6,-7.1,매도주의,장대음봉,잔구간,0.2,-1.18,2026-07-31
QTEX,1.1,0.9,1953123,1752815,1.76,2.95,0.6,3.6,4.7,중립,양봉,잔구간,1.0,0.65,2026-07-31
OCTV,1.1,18.24,859735,762381,15.68,14.01,1.1,-0.6,2.2,강한매수,장대양봉,전고점돌파,0.75,3.8,2026-07-31
APLE,1.1,16.51,3404203,3054918,56.2,49.42,1.1,-0.1,-0.5,중립,음봉,잔구간,0.36,-0.435,2026-07-31
AIRS,1.1,4.81,357535,319766,1.72,1.92,0.9,0.4,-1.2,중립,망치형,잔구간,0.81,0.685,2026-07-31
ACP,1.1,5.06,508168,463805,2.57,3.41,0.8,0.2,-0.4,중립,음봉,잔구간,0.54,-0.325,2026-07-31
PPLT,1.1,14.96,1670343,1482398,24.99,24.34,1.0,-1.7,1.2,중립,양봉,잔구간,0.84,0.555,2026-07-31
FWDI,1.1,4.03,864154,805023,3.48,3.84,0.9,-0.6,-1.5,중립,팽이도지,잔구간,0.47,-0.02,2026-07-31
GBTG,1.1,9.44,1278928,1209197,12.07,11.96,1.0,0.1,0.1,매수관심,양봉,전고점부근,1.0,0.85,2026-07-31
ABTC,1.1,5.52,1406349,1301699,7.76,7.93,1.0,-0.5,-6.0,매도주의,장대음봉,잔구간,0.21,-1.175,2026-07-31
ACCO,1.1,4.22,710558,626916,3.0,2.61,1.1,0.0,-0.2,중립,팽이도지,잔구간,0.27,-0.14,2026-07-31
XPER,1.1,7.71,401276,358667,3.09,2.54,1.2,0.5,1.6,강한매수,양봉,완만한상승,0.97,2.16,2026-07-31
XPEV,1.1,13.0,5589561,5025556,72.66,79.69,0.9,0.1,0.1,매수관심,양봉스프링,잔구간,0.83,0.95,2026-07-31
ALKT,1.1,18.17,1398840,1311329,25.42,22.51,1.1,-1.2,3.3,매수관심,양봉,완만한상승,0.77,1.92,2026-07-31
FOTO,1.1,18.31,327298,306533,5.99,6.47,0.9,4.1,-1.6,중립,팽이도지,잔구간,0.32,-0.11,2026-07-31
FSCO,1.1,4.95,895652,837275,4.43,4.47,1.0,0.6,-1.0,매도주의,장대음봉,잔구간,0.17,-1.2,2026-07-31
TNXP,1.1,10.01,468293,427927,4.69,5.52,0.8,0.9,-1.7,중립,망치형,잔구간,0.68,0.61,2026-07-31
CATX,1.1,2.91,827649,742050,2.41,2.54,0.9,0.3,-3.0,중립,음봉,잔구간,0.38,-0.42,2026-07-31
HSAI,1.1,16.9,1824533,1587783,30.83,23.72,1.3,2.2,-0.1,중립,팽이도지,전고점부근,0.52,-0.43,2026-07-31
AVTX,1.1,18.25,923877,807977,16.86,16.6,1.0,0.6,-6.4,매도주의,장대음봉,잔구간,0.01,-1.295,2026-07-31
AVS,1.1,7.56,18849310,17892466,142.5,132.82,1.1,-1.6,1.2,중립,팽이도지,잔구간,0.52,0.01,2026-07-31
AVEX,1.1,16.63,1133426,1068485,18.85,32.41,0.6,1.3,3.2,강한매수,양봉,전고점돌파,0.85,2.62,2026-07-31
CCUP,1.1,1.38,4355748,3841779,6.01,9.15,0.7,-4.4,-1.4,중립,망치형,잔구간,0.78,0.67,2026-07-31
CBLL,1.1,17.69,410783,375571,7.27,6.21,1.2,0.1,0.2,매수관심,양봉스프링,잔구간,0.78,0.92,2026-07-31
CC,1.1,16.61,1935900,1804796,32.16,32.56,1.0,0.4,-3.3,중립,음봉,잔구간,0.43,-0.39,2026-07-31
HRZN,1.1,4.32,513083,463446,2.22,2.22,1.0,0.5,-2.3,매도주의,장대음봉,잔구간,0.07,-1.26,2026-07-31
DNP,1.1,10.75,519366,472176,5.58,5.74,1.0,-0.5,-1.2,강한매도,장대음봉,전저점이탈,0.0,-3.35,2026-07-31
EAD,1.1,6.3,423093,386414,2.67,2.15,1.2,0.3,-0.3,중립,음봉,완만한상승,0.25,-0.1,2026-07-31
TK,1.1,11.65,553299,515110,6.45,6.26,1.0,0.5,2.6,강한매수,양봉,전고점돌파,0.68,2.42,2026-07-31
TENX,1.1,13.7,1784928,1562936,24.45,21.42,1.1,-0.4,-8.9,강한매도,장대음봉,전저점이탈,0.03,-3.31,2026-07-31
EPM,1.1,3.68,389191,368910,1.43,1.2,1.2,0.5,0.3,매수관심,양봉스프링,잔구간,0.81,0.935,2026-07-31
SPAX,1.1,5.91,1619645,1499363,9.57,11.02,0.9,1.0,-8.3,매도주의,장대음봉,잔구간,0.1,-1.24,2026-07-31
TSL,1.1,11.364,687655,652968,7.81,7.14,1.1,0.7,0.8,중립,팽이도지,잔구간,0.71,0.125,2026-07-31
HNRG,1.1,14.22,768129,723519,10.92,11.57,0.9,1.7,-4.3,매도주의,장대음봉,잔구간,0.07,-1.26,2026-07-31
NCLH,1.1,18.53,19880186,17387149,368.38,316.67,1.2,0.5,-1.5,중립,음봉,잔구간,0.24,-0.505,2026-07-31
LXU,1.1,10.88,1025360,955432,11.16,9.93,1.1,1.5,-2.9,중립,음봉,잔구간,0.29,-0.475,2026-07-31
LXRX,1.1,2.31,2767972,2578249,6.39,6.12,1.0,-0.9,-0.4,중립,팽이도지,잔구간,0.62,0.07,2026-07-31
BBD,1.1,3.61,27387844,25723018,98.87,103.87,1.0,0.3,0.3,중립,위꼬리양봉,잔구간,0.29,-0.625,2026-07-31
UWMC,1.1,1.82,16757181,15316026,30.5,28.16,1.1,0.0,-2.2,중립,음봉,잔구간,0.25,-0.5,2026-07-31
URG,1.1,1.22,7212680,6337913,8.8,8.59,1.0,0.8,-3.2,중립,음봉,잔구간,0.29,-0.475,2026-07-31
UPWK,1.1,9.16,3286067,3030083,30.1,31.37,1.0,-2.1,1.1,중립,팽이도지,잔구간,0.74,0.145,2026-07-31
SLDE,1.1,19.97,969841,923066,19.37,24.08,0.8,-1.5,0.2,중립,팽이도지,잔구간,0.42,-0.05,2026-07-31
SKHZ,1.1,13.28,6780658,6160780,90.05,64.06,1.4,-7.3,11.6,강한매수,장대양봉,완만한상승,1.0,3.5,2026-07-31
MLTX,1.1,18.44,791764,725535,14.6,16.08,0.9,-0.3,-2.6,매도주의,장대음봉,잔구간,0.12,-1.23,2026-07-31
BB,1.1,8.5,16341217,15289478,138.9,149.11,0.9,3.1,-2.3,중립,음봉,잔구간,0.32,-0.46,2026-07-31
RWT,1.1,4.57,2586064,2281386,11.82,10.65,1.1,-0.2,-1.7,중립,음봉,잔구간,0.45,-0.38,2026-07-31
RWAY,1.1,5.46,397901,354896,2.17,2.15,1.0,0.2,-1.3,중립,음봉,잔구간,0.33,-0.45,2026-07-31
RQI,1.1,12.58,675926,602560,8.5,9.43,0.9,0.4,-0.3,강한매수,망치형,완만한상승,0.69,2.13,2026-07-31
MGTX,1.1,11.79,516778,479047,6.09,5.6,1.1,-0.7,-0.9,중립,망치형,잔구간,0.69,0.615,2026-07-31
MHD,1.1,11.47,322518,282639,3.7,2.92,1.3,0.0,-0.6,중립,음봉,잔구간,0.33,-0.45,2026-07-31
MICC,1.1,18.61,919224,859566,17.11,18.66,0.9,-1.1,0.4,매수관심,양봉스프링,잔구간,0.84,0.955,2026-07-31
AVXL,1.1,2.75,1198642,1056344,3.3,2.57,1.3,-1.1,3.0,강한매수,장대양봉,전고점돌파,0.82,3.88,2026-07-31
BVS,1.1,13.17,774019,704786,10.19,8.03,1.3,-0.2,0.2,매수관심,양봉스프링,잔구간,0.9,0.99,2026-07-31
VIXM,1.1,14.47,351905,330584,5.09,6.91,0.7,-1.4,0.8,중립,양봉,잔구간,0.38,0.28,2026-07-31
RPC,1.1,8.62,478097,451494,4.12,4.28,1.0,0.0,0.8,강한매수,양봉,완만한상승,0.87,2.04,2026-07-31
SMCY,1.1,4.5,918030,843819,4.13,4.11,1.0,2.5,-0.2,중립,팽이도지,잔구간,0.62,0.07,2026-07-31
SMCX,1.1,7.56,6631471,6095798,50.13,64.07,0.8,6.5,-1.6,중립,팽이도지,잔구간,0.57,0.04,2026-07-31
IHRT,1.1,3.59,645004,573472,2.32,2.23,1.0,-1.4,4.1,매수관심,장대양봉,잔구간,0.88,1.23,2026-07-31
BW,1.1,9.32,3595454,3309154,33.51,31.04,1.1,3.1,-4.5,중립,음봉,잔구간,0.31,-0.465,2026-07-31
LOFF,1.1,9.83,1192397,1116150,11.72,12.29,1.0,1.6,-8.3,매도주의,장대음봉,잔구간,0.13,-1.22,2026-07-31
LODE,1.1,2.74,2183358,1901905,5.98,5.65,1.1,2.2,-3.9,중립,음봉,전저점부근,0.44,-0.02,2026-07-31
BV,1.1,13.04,775472,693307,10.11,9.47,1.1,0.6,-1.7,중립,음봉,전저점부근,0.41,-0.06,2026-07-31
ETHA,1.1,14.07,34426664,30045866,484.38,452.08,1.1,-1.9,-1.2,중립,음봉,잔구간,0.45,-0.38,2026-07-31
SWIM,1.1,5.36,506749,480487,2.72,3.31,0.8,1.5,-1.8,중립,음봉,전저점부근,0.41,-0.06,2026-07-31
BETA,1.1,18.93,1338292,1192323,25.33,25.13,1.0,1.1,6.5,강한매수,장대양봉,완만한상승,0.9,3.38,2026-07-31
BDN,1.1,3.04,2788258,2653761,8.48,6.77,1.3,0.0,-0.3,중립,팽이도지,잔구간,0.45,-0.03,2026-07-31
ETHU,1.1,15.58,5619955,5263481,87.56,89.0,1.0,-3.7,-2.2,중립,음봉,잔구간,0.55,-0.32,2026-07-31
TCPC,1.1,3.25,565569,532983,1.84,1.65,1.1,0.0,0.0,매수관심,팽이도지,완만한상승,0.57,0.98,2026-07-31
CWH,1.1,6.19,2925306,2586417,18.11,16.52,1.1,-1.4,-0.3,중립,팽이도지,잔구간,0.5,0.0,2026-07-31
TAK,1.1,17.09,4109517,3822320,70.23,76.28,0.9,-1.1,0.2,중립,팽이도지,잔구간,0.61,0.065,2026-07-31
BLDP,1.1,2.67,7858738,7425934,20.98,22.88,0.9,1.4,-5.7,매도주의,장대음봉,잔구간,0.12,-1.23,2026-07-31
BIZD,1.1,12.4,3134803,2738675,38.87,36.22,1.1,0.2,-0.4,중립,팽이도지,잔구간,0.4,-0.06,2026-07-31
VITL,1.1,12.73,1394590,1225212,17.75,18.82,0.9,-0.4,2.2,매수관심,양봉,완만한상승,0.8,1.96,2026-07-31
LITZ,1.1,16.65,949990,849585,15.82,15.74,1.0,-16.1,11.6,중립,양봉,잔구간,0.73,0.49,2026-07-31
FBRT,1.1,7.59,1638818,1478373,12.44,10.33,1.2,-0.9,-1.0,중립,망치형,잔구간,0.64,0.585,2026-07-31
FATE,1.1,2.45,1459168,1356370,3.57,3.5,1.0,0.0,-2.4,중립,음봉,잔구간,0.36,-0.435,2026-07-31
BTAL,1.1,12.25,1068115,940247,13.08,9.82,1.3,-0.9,0.6,중립,양봉,잔구간,0.68,0.46,2026-07-31
SBET,1.1,6.12,9261853,8392691,56.68,51.7,1.1,-1.3,-3.2,중립,음봉,잔구간,0.47,-0.37,2026-07-31
JBGS,1.1,14.05,498317,440982,7.0,6.7,1.0,0.9,-1.1,중립,음봉,잔구간,0.22,-0.52,2026-07-31
LPL,1.1,3.0,3916972,3684113,11.75,10.29,1.1,5.4,-4.5,매도주의,장대음봉,잔구간,0.21,-1.175,2026-07-31
KSS,1.1,19.14,3531689,3129244,67.6,59.11,1.1,0.3,-2.1,매도주의,장대음봉,잔구간,0.02,-1.29,2026-07-31
LAR,1.1,6.01,1938107,1699725,11.65,11.73,1.0,0.0,1.3,중립,양봉,잔구간,0.57,0.39,2026-07-31
KVUE,1.1,19.24,22744382,20267522,437.6,355.31,1.2,-0.6,0.3,중립,팽이도지,잔구간,0.74,0.145,2026-07-31
KRP,1.1,14.97,646916,613533,9.68,9.12,1.1,0.1,1.3,매수관심,장대양봉,잔구간,0.91,1.245,2026-07-31
KRO,1.1,6.02,347492,320656,2.09,2.33,0.9,-0.5,-2.9,매도주의,장대음봉,잔구간,0.4,-1.06,2026-07-31
KEP,1.1,11.95,1073139,975368,12.82,12.88,1.0,1.2,-2.4,매도주의,장대음봉,잔구간,0.25,-1.15,2026-07-31
SIDU,1.1,1.76,4910657,4449873,8.64,10.71,0.8,-1.1,-3.3,중립,음봉,잔구간,0.25,-0.5,2026-07-31
ADT,1.1,7.64,9168756,8481544,70.05,53.09,1.3,-0.9,2.7,강한매수,장대양봉,완만한상승,0.81,3.27,2026-07-31
BSCU,1.1,16.505,695663,629451,11.48,11.73,1.0,-0.1,-0.0,중립,망치형,잔구간,0.83,0.7,2026-07-31
BSCT,1.1,18.495,512796,483469,9.48,9.55,1.0,-0.1,0.0,매수관심,양봉스프링,잔구간,0.83,0.95,2026-07-31
BMNZ,1.1,14.29,1110906,1029778,15.87,14.99,1.1,3.8,5.0,매수관심,양봉,완만한상승,0.39,1.47,2026-07-31
PBR.A,1.1,17.15,6036452,5580473,103.53,98.33,1.1,0.5,1.2,매수관심,양봉,전고점부근,0.98,0.83,2026-07-31
DSU,1.1,9.42,354149,327306,3.34,4.0,0.8,0.4,-0.1,매도주의,위꼬리음봉,잔구간,0.1,-0.99,2026-07-31
TME,1.1,9.45,7028038,6195067,66.41,56.23,1.2,0.0,-0.3,중립,망치형,잔구간,0.74,0.645,2026-07-31
TLRY,1.1,4.54,6391576,5862894,29.02,21.17,1.4,0.5,7.6,강한매수,장대양봉,전고점돌파,0.95,4.04,2026-07-31
TNDM,1.1,19.5,1833988,1719191,35.76,30.06,1.2,0.5,2.1,강한매수,양봉,전고점돌파,0.85,2.62,2026-07-31
PFFD,1.1,18.52,790975,718260,14.65,13.42,1.1,-0.1,0.1,매수관심,팽이도지,완만한상승,0.49,0.89,2026-07-31
PFLT,1.1,6.94,1130788,1012449,7.85,8.66,0.9,0.0,-1.0,중립,음봉,잔구간,0.24,-0.505,2026-07-31
YYY,1.1,11.26,316245,295712,3.56,3.3,1.1,0.3,-0.2,중립,음봉,잔구간,0.35,-0.44,2026-07-31
YMM,1.0,9.49,6348807,6606688,60.25,60.63,1.0,-0.6,-0.1,매도주의,위꼬리음봉,잔구간,0.17,-0.95,2026-07-31
PDI,1.0,16.0,2639741,2520589,42.24,41.52,1.0,0.2,-0.9,매도주의,장대음봉,잔구간,0.29,-1.125,2026-07-31
PCG,1.0,17.38,28540658,28598526,496.04,418.99,1.2,-0.4,-1.8,매도주의,장대음봉,잔구간,0.04,-1.275,2026-07-31
XRP,1.0,11.86,434929,445397,5.16,6.75,0.8,-1.4,-1.2,매도주의,장대음봉,잔구간,0.26,-1.145,2026-07-31
DHT,1.0,18.57,2457085,2521109,45.63,42.68,1.1,1.2,-1.1,중립,음봉,완만한상승,0.11,-0.27,2026-07-31
DHC,1.0,8.9,1169975,1179698,10.41,12.34,0.8,-0.7,-0.1,중립,팽이도지,잔구간,0.59,0.055,2026-07-31
TRIP,1.0,14.165,1884336,1975939,26.69,34.96,0.8,1.5,-1.6,매도주의,장대음봉,잔구간,0.33,-1.1,2026-07-31
TNYA,1.0,0.74,1624618,1549887,1.2,1.21,1.0,0.0,-1.3,중립,팽이도지,잔구간,0.45,-0.03,2026-07-31
XPOF,1.0,6.52,602111,626613,3.93,4.77,0.8,0.9,-1.1,중립,망치형,잔구간,0.74,0.645,2026-07-31
ABCL,1.0,5.71,5011667,5198390,28.62,27.1,1.1,0.2,0.2,매수관심,팽이도지,완만한상승,0.56,0.97,2026-07-31
ONDL,1.0,6.32,1638662,1627517,10.36,12.69,0.8,3.2,-6.0,중립,음봉,잔구간,0.49,-0.355,2026-07-31
PTIR,1.0,10.11,3335150,3205668,33.72,34.71,1.0,-0.2,1.4,매수관심,양봉스프링,잔구간,0.92,1.0,2026-07-31
PSNL,1.0,12.66,2744548,2854984,34.75,63.15,0.6,3.8,-0.7,중립,망치형,잔구간,0.63,0.58,2026-07-31
BMNR,1.0,17.28,35751908,34626595,617.79,645.03,1.0,-1.7,-2.7,중립,음봉,잔구간,0.61,-0.285,2026-07-31
SGML,1.0,9.87,1547003,1524402,15.27,16.06,1.0,-0.1,-1.0,중립,팽이도지,잔구간,0.38,-0.07,2026-07-31
KLC,1.0,5.35,461249,478637,2.47,2.27,1.1,-1.1,0.6,중립,팽이도지,잔구간,0.52,0.01,2026-07-31
KBDC,1.0,13.3,360235,370768,4.79,4.4,1.1,-0.4,-0.8,중립,음봉,잔구간,0.09,-0.595,2026-07-31
JQC,1.0,4.76,459684,460178,2.19,2.54,0.9,0.0,-0.2,매도주의,위꼬리음봉,잔구간,0.08,-1.0,2026-07-31
SFIX,1.0,4.02,1300578,1368989,5.23,5.22,1.0,-1.0,-1.0,중립,음봉,잔구간,0.18,-0.54,2026-07-31
WEST,1.0,8.12,377234,386745,3.06,2.95,1.0,-0.5,-0.1,중립,망치형,잔구간,0.77,0.66,2026-07-31
LAES,1.0,2.36,18677253,18524369,44.08,42.7,1.0,3.4,-3.3,중립,음봉,잔구간,0.21,-0.525,2026-07-31
TDUP,1.0,5.78,1317558,1324508,7.62,8.28,0.9,0.5,-2.0,중립,음봉,잔구간,0.36,-0.435,2026-07-31
CTKB,1.0,4.22,608894,597493,2.57,2.91,0.9,-0.7,-1.4,매도주의,음봉,전저점이탈,0.49,-1.46,2026-07-31
LMRI,1.0,10.41,340061,328446,3.54,3.61,1.0,-1.2,2.8,강한매수,양봉,완만한상승,0.93,2.12,2026-07-31
BRSL,1.0,10.04,1523418,1559791,15.3,17.38,0.9,-0.3,-1.0,매도주의,음봉,전저점이탈,0.44,-1.52,2026-07-31
FUBO,1.0,8.85,1149036,1137936,10.17,11.77,0.9,-1.3,4.4,매수관심,장대양봉,잔구간,0.96,1.275,2026-07-31
SUZ,1.0,8.52,2454654,2437659,20.91,18.61,1.1,0.1,0.8,중립,양봉,전고점부근,0.78,0.59,2026-07-31
FLG,1.0,14.22,6276534,6255331,89.25,75.99,1.2,0.7,-0.9,중립,음봉,잔구간,0.48,-0.36,2026-07-31
FIP,1.0,3.73,1038971,1018444,3.88,4.29,0.9,0.2,-7.0,매도주의,장대음봉,전저점부근,0.06,-1.78,2026-07-31
FTRE,1.0,19.17,1914153,1827423,36.69,33.32,1.1,-1.5,2.0,매수관심,양봉,완만한상승,0.82,1.98,2026-07-31
CORD,1.0,7.08,4359409,4180568,30.86,33.96,0.9,-8.5,15.9,강한매수,장대양봉,완만한상승,0.8,3.26,2026-07-31
GGB,1.0,4.96,12067416,12115402,59.85,69.01,0.9,0.0,0.0,매수관심,팽이도지,완만한상승,0.57,0.98,2026-07-31
OMDA,1.0,19.84,1526050,1563104,30.28,28.22,1.1,0.3,0.5,중립,팽이도지,잔구간,0.66,0.095,2026-07-31
OKLL,1.0,2.47,11263941,11565907,27.82,32.86,0.8,3.2,-14.2,매도주의,장대음봉,잔구간,0.0,-1.3,2026-07-31
OGN,1.0,13.55,2689352,2627291,36.44,36.8,1.0,0.0,0.0,중립,팽이도지,완만한상승,0.33,0.7,2026-07-31
ODD,1.0,14.18,626285,658980,8.88,10.36,0.9,-1.3,-1.9,매도주의,음봉,전저점이탈,0.38,-1.59,2026-07-31
ORCU,1.0,6.28,5695984,5656894,35.77,28.67,1.2,4.0,-0.2,중립,팽이도지,전고점부근,0.64,-0.28,2026-07-31
ORBS,1.0,0.603,15067152,15097369,9.09,9.7,0.9,0.4,-1.3,중립,팽이도지,잔구간,0.42,-0.05,2026-07-31
OPRT,1.0,5.54,358439,347533,1.99,2.07,1.0,0.0,-1.6,중립,음봉,잔구간,0.35,-0.44,2026-07-31
GROY,1.0,2.6,1840178,1927137,4.78,5.34,0.9,-1.9,-1.5,중립,음봉,잔구간,0.33,-0.45,2026-07-31
GRND,1.0,17.34,1615267,1679838,28.01,25.4,1.1,-0.1,2.4,매수관심,양봉,전고점부근,0.97,0.81,2026-07-31
GPK,1.0,10.73,5922984,5671471,63.55,58.71,1.1,-1.0,-1.1,중립,음봉,잔구간,0.42,-0.4,2026-07-31
BTBT,1.0,1.31,25043802,24692241,32.81,35.48,0.9,-0.7,-7.1,매도주의,장대음봉,잔구간,0.06,-1.265,2026-07-31
CAL,1.0,12.84,454001,468941,5.83,5.38,1.1,-0.2,-1.2,중립,음봉,잔구간,0.55,-0.32,2026-07-31
CADL,1.0,10.01,1117505,1142069,11.19,12.41,0.9,0.8,0.6,중립,팽이도지,잔구간,0.64,0.085,2026-07-31
JBI,1.0,5.13,1119813,1169546,5.74,5.34,1.1,0.0,0.8,매수관심,팽이도지,완만한상승,0.51,0.91,2026-07-31
IVR,1.0,7.41,3007533,3076327,22.29,22.74,1.0,-0.1,0.1,매수관심,양봉스프링,잔구간,0.87,0.97,2026-07-31
SBH,1.0,14.97,1319372,1263409,19.75,18.75,1.1,0.1,-2.6,매도주의,장대음봉,잔구간,0.32,-1.11,2026-07-31
SECZ,1.0,6.67,864150,854483,5.76,8.54,0.7,-1.7,-4.0,중립,음봉,잔구간,0.39,-0.415,2026-07-31
AOD,1.0,10.54,498205,501304,5.25,5.01,1.0,0.7,0.6,중립,양봉,잔구간,0.93,0.61,2026-07-31
WBTN,1.0,9.12,318723,325016,2.91,3.32,0.9,1.3,-0.1,중립,팽이도지,잔구간,0.58,0.05,2026-07-31
VTS,1.0,15.6,413718,430397,6.45,6.36,1.0,0.4,1.9,매수관심,장대양봉,잔구간,1.0,1.3,2026-07-31
VTEX,1.0,4.31,941700,956064,4.06,3.96,1.0,-1.6,0.2,매수관심,양봉스프링,잔구간,0.76,0.905,2026-07-31
CLOV,1.0,4.17,3542401,3538939,14.77,17.31,0.9,0.1,-4.0,매도주의,장대음봉,잔구간,0.05,-1.27,2026-07-31
UAMY,1.0,5.07,4695177,4703807,23.8,26.67,0.9,0.6,-3.4,중립,음봉,잔구간,0.33,-0.45,2026-07-31
NOMD,1.0,11.9,1158195,1152925,13.78,19.5,0.7,-0.7,-3.4,매도주의,장대음봉,잔구간,0.0,-1.3,2026-07-31
NNE,1.0,15.91,2104707,2173557,33.49,32.4,1.0,2.7,-7.1,매도주의,장대음봉,잔구간,0.12,-1.23,2026-07-31
RZLV,1.0,2.43,7403166,7499305,17.99,18.38,1.0,1.5,0.6,강한매수,양봉스프링,전고점돌파,0.79,3.35,2026-07-31
LUNR,1.0,12.34,7982440,7602520,98.5,110.5,0.9,3.8,-2.9,중립,음봉,잔구간,0.44,-0.385,2026-07-31
EVEX,1.0,2.32,869806,837273,2.02,2.23,0.9,1.3,-1.7,중립,망치형,잔구간,0.66,0.595,2026-07-31
ETHW,1.0,13.34,1143982,1179137,15.26,13.57,1.1,-1.8,-1.3,중립,음봉,잔구간,0.43,-0.39,2026-07-31
VFC,1.0,14.32,10408161,10181904,149.04,165.32,0.9,-0.1,-4.1,강한매도,장대음봉,전저점이탈,0.05,-3.29,2026-07-31
VERI,1.0,1.09,2095497,2131978,2.28,2.24,1.0,1.9,1.9,매수관심,양봉스프링,잔구간,1.0,1.05,2026-07-31
NMZ,1.0,10.16,649994,670425,6.6,6.42,1.0,-0.2,0.1,중립,팽이도지,잔구간,0.67,0.1,2026-07-31
NMR,1.0,9.68,859292,877020,8.32,9.58,0.9,-0.1,1.4,매수관심,장대양봉,잔구간,0.9,1.24,2026-07-31
NUV,1.0,9.15,518419,536771,4.74,4.37,1.1,-0.2,0.5,강한매수,양봉,완만한상승,1.0,2.2,2026-07-31
NUAI,1.0,4.66,6007694,5994547,28.0,44.59,0.6,2.5,-5.9,중립,음봉,잔구간,0.31,-0.465,2026-07-31
GCTS,1.0,1.86,1726666,1720548,3.21,3.27,1.0,4.8,-6.1,매도주의,장대음봉,잔구간,0.0,-1.3,2026-07-31
GMEU,1.0,7.78,463446,464810,3.61,3.15,1.1,-0.3,-1.4,매도주의,장대음봉,잔구간,0.24,-1.155,2026-07-31
GSBD,1.0,8.61,828244,845372,7.13,6.12,1.2,0.6,-1.1,중립,음봉,잔구간,0.3,-0.47,2026-07-31
ATOM,1.0,5.16,555594,574165,2.87,3.19,0.9,5.7,-4.1,중립,음봉,잔구간,0.4,-0.41,2026-07-31
QTRX,1.0,3.48,414354,421119,1.44,1.71,0.8,0.0,-1.1,중립,망치형,잔구간,0.71,0.625,2026-07-31
BCYC,1.0,3.86,336076,336536,1.3,1.22,1.1,0.0,-3.7,매도주의,장대음봉,잔구간,0.29,-1.125,2026-07-31
BMBL,1.0,2.85,1883339,1915548,5.37,5.69,0.9,0.0,-2.1,매도주의,장대음봉,잔구간,0.33,-1.1,2026-07-31
LZ,1.0,7.87,1864981,1918102,14.68,14.93,1.0,-1.7,1.8,강한매수,양봉,완만한상승,0.93,2.12,2026-07-31
LYG,1.0,6.17,16863073,17195329,104.05,99.99,1.0,-0.6,-0.6,중립,망치형,잔구간,0.62,0.57,2026-07-31
USAS,1.0,3.82,3958329,4018041,15.12,16.94,0.9,-2.0,-1.0,중립,망치형,잔구간,0.66,0.595,2026-07-31
SLRC,1.0,12.58,332652,326754,4.18,6.23,0.7,0.0,-1.4,중립,음봉,전저점부근,0.19,-0.32,2026-07-31
SLDB,1.0,8.06,1060573,1022883,8.55,8.78,1.0,-0.1,-5.0,매도주의,장대음봉,잔구간,0.1,-1.24,2026-07-31
SKYQ,1.0,4.65,6978139,7031043,32.45,53.74,0.6,2.6,6.7,중립,위꼬리양봉,잔구간,0.35,-0.59,2026-07-31
SKUU,1.0,18.87,16870407,17636919,318.34,311.08,1.0,14.9,-19.3,매도주의,장대음봉,잔구간,0.0,-1.3,2026-07-31
SAIL,1.0,16.77,2975779,2986446,49.9,50.54,1.0,-0.5,4.2,강한매수,장대양봉,전고점돌파,0.89,3.97,2026-07-31
BBAR,1.0,18.93,389221,392788,7.37,9.05,0.8,1.8,-6.0,매도주의,장대음봉,잔구간,0.05,-1.27,2026-07-31
BILI,1.0,19.1,1770872,1805343,33.82,36.29,0.9,0.0,2.1,강한매수,장대양봉,전고점돌파,0.95,4.04,2026-07-31
SMU,1.0,5.46,1545646,1602217,8.44,8.51,1.0,5.1,-8.8,매도주의,장대음봉,잔구간,0.09,-1.245,2026-07-31
SMMT,1.0,13.02,3995138,4025962,52.02,57.46,0.9,0.0,-3.1,매도주의,장대음봉,잔구간,0.02,-1.29,2026-07-31
IMMX,1.0,8.32,1590675,1526959,13.23,16.84,0.8,0.7,-3.4,중립,음봉,잔구간,0.22,-0.52,2026-07-31
IBRX,1.0,7.17,9366047,9620633,67.15,66.48,1.0,0.0,-3.8,중립,음봉,잔구간,0.13,-0.57,2026-07-31
INVZ,1.0,0.429,3466244,3452038,1.49,1.9,0.8,4.5,-2.5,중립,음봉,잔구간,0.63,-0.27,2026-07-31
ERY,1.0,10.38,1157291,1115923,12.01,11.84,1.0,0.0,-1.9,중립,음봉,잔구간,0.11,-0.585,2026-07-31
ERIC,1.0,9.81,12841929,13481853,125.98,148.51,0.8,0.5,-0.1,매수관심,팽이도지,완만한상승,0.61,1.03,2026-07-31
BDTX,1.0,1.69,623020,624248,1.05,1.18,0.9,-0.3,-1.2,중립,망치형,잔구간,0.78,0.67,2026-07-31
CHA,1.0,11.25,386702,385405,4.35,4.38,1.0,-1.5,2.1,매수관심,장대양봉,잔구간,0.64,1.085,2026-07-31
CERT,1.0,8.1,4442116,4659769,35.98,27.32,1.3,0.3,3.8,강한매수,장대양봉,완만한상승,0.9,3.38,2026-07-31
CMPX,1.0,1.91,2640537,2707247,5.04,4.67,1.1,0.5,-2.1,중립,음봉,전저점부근,0.5,0.05,2026-07-31
GPGI,1.0,13.2,1169086,1165812,15.43,19.28,0.8,-1.3,-0.7,매도주의,위꼬리음봉,전저점부근,0.25,-1.05,2026-07-31
SSYS,1.0,7.82,368747,360828,2.88,2.96,1.0,0.7,-3.3,매도주의,장대음봉,잔구간,0.02,-1.29,2026-07-31
SSG,1.0,13.85,840029,872820,11.63,12.58,0.9,-7.0,6.5,매수관심,장대양봉,잔구간,0.67,1.1,2026-07-31
SPT,1.0,8.58,863134,892959,7.41,7.43,1.0,-1.7,3.0,강한매수,장대양봉,완만한상승,0.86,3.33,2026-07-31
DSL,1.0,10.67,443812,443550,4.74,7.05,0.7,0.4,-0.7,매도주의,장대음봉,잔구간,0.2,-1.18,2026-07-31
AVIR,1.0,4.7,471929,472433,2.22,2.04,1.1,0.0,-0.8,매도주의,위꼬리음봉,잔구간,0.03,-1.03,2026-07-31
AVAH,1.0,9.39,1733820,1803447,16.28,17.44,0.9,-1.3,-1.8,중립,음봉,잔구간,0.32,-0.46,2026-07-31
CDE,1.0,14.91,30369058,31609385,452.8,522.42,0.9,-2.3,-0.9,중립,망치형,잔구간,0.63,0.58,2026-07-31
CCOI,1.0,13.5,962601,999096,13.0,14.11,0.9,-0.2,2.1,강한매수,양봉,전고점돌파,0.96,2.75,2026-07-31
HSHP,1.0,15.71,334101,318363,5.25,4.3,1.2,0.1,1.0,매수관심,양봉,완만한상승,0.68,1.82,2026-07-31
SNDX,1.0,19.05,1206284,1165807,22.98,25.29,0.9,-0.6,-1.7,중립,음봉,잔구간,0.48,-0.36,2026-07-31
IRD,1.0,3.71,970579,966975,3.6,2.88,1.3,0.6,-3.9,매도주의,장대음봉,잔구간,0.37,-1.08,2026-07-31
BBBY,1.0,5.05,1759497,1745526,8.89,9.12,1.0,0.6,1.4,중립,양봉,잔구간,0.64,0.435,2026-07-31
DRVN,1.0,14.27,535825,549699,7.65,8.89,0.9,0.9,-1.5,중립,음봉,잔구간,0.53,-0.33,2026-07-31
EDD,1.0,5.82,318463,307260,1.85,3.27,0.6,0.3,-0.5,중립,음봉,잔구간,0.4,-0.41,2026-07-31
ECVT,1.0,12.06,1081749,1082177,13.05,14.43,0.9,0.2,-0.5,중립,팽이도지,잔구간,0.57,0.04,2026-07-31
DCH,1.0,5.65,2821783,2919510,15.94,16.87,0.9,-0.3,-3.3,매도주의,장대음봉,잔구간,0.37,-1.08,2026-07-31
DNUT,1.0,3.18,1944945,1963048,6.18,7.28,0.9,0.0,-0.9,중립,음봉,잔구간,0.11,-0.585,2026-07-31
ARLO,1.0,14.72,1139199,1163132,16.77,15.0,1.1,0.2,1.5,매수관심,양봉,완만한상승,0.61,1.73,2026-07-31
ARKO,1.0,7.99,535070,537045,4.28,4.25,1.0,-0.5,-0.2,중립,망치형,잔구간,0.9,0.74,2026-07-31
NABL,1.0,4.68,1604195,1675553,7.51,7.55,1.0,-1.6,9.1,강한매수,장대양봉,완만한상승,0.98,3.48,2026-07-31
RILY,1.0,7.16,544551,552423,3.9,3.43,1.1,0.0,2.1,중립,양봉,잔구간,0.7,0.47,2026-07-31
EC,1.0,16.77,2174141,2092296,36.46,33.51,1.1,0.9,-2.5,매도주의,장대음봉,잔구간,0.15,-1.21,2026-07-31
EMPD,1.0,2.84,435958,441161,1.24,1.23,1.0,0.0,-7.8,매도주의,장대음봉,전저점부근,0.28,-1.51,2026-07-31
MX,1.0,3.26,974761,953018,3.18,3.16,1.0,5.0,-2.4,중립,음봉,잔구간,0.22,-0.52,2026-07-31
MVST,1.0,0.807,4589484,4566883,3.7,3.76,1.0,3.8,-2.9,중립,음봉,잔구간,0.09,-0.595,2026-07-31
ASM,1.0,5.33,2739827,2655295,14.6,19.09,0.8,-2.5,-1.1,중립,음봉,잔구간,0.5,-0.35,2026-07-31
INN,1.0,6.88,867521,892570,5.97,6.6,0.9,0.4,-0.7,매도주의,위꼬리음봉,잔구간,0.17,-0.95,2026-07-31
BWEN,1.0,4.0,692616,682958,2.77,2.67,1.0,1.3,1.3,중립,팽이도지,잔구간,0.56,0.035,2026-07-31
RLJ,1.0,12.25,1605511,1642536,19.67,21.22,0.9,0.1,-0.6,중립,음봉,잔구간,0.13,-0.57,2026-07-31
RGP,1.0,4.37,483165,470615,2.11,3.24,0.7,-0.9,3.3,강한매수,양봉,완만한상승,0.84,2.01,2026-07-31
SPCH,1.0,5.85,22943431,23769477,134.22,163.05,0.8,1.5,-8.2,매도주의,장대음봉,잔구간,0.11,-1.235,2026-07-31
EVV,1.0,9.1,388018,405600,3.53,4.84,0.7,0.0,0.0,매도주의,위꼬리양봉,잔구간,0.0,-0.8,2026-07-31
CRK,1.0,13.26,3091120,2947444,40.99,32.55,1.3,0.2,4.2,매수관심,장대양봉,잔구간,0.91,1.245,2026-07-31
TSLX,1.0,17.16,461430,452430,7.92,7.86,1.0,0.2,-0.6,중립,음봉,잔구간,0.26,-0.495,2026-07-31
TSLR,1.0,12.56,1699473,1684203,21.35,19.51,1.1,0.5,1.0,중립,팽이도지,잔구간,0.68,0.11,2026-07-31
ASC,1.0,17.39,596660,595409,10.38,8.87,1.2,-0.1,1.0,중립,양봉,전고점부근,0.51,0.26,2026-07-31
VREX,1.0,11.19,314625,302749,3.52,3.5,1.0,-0.2,1.3,강한매수,양봉,완만한상승,0.92,2.1,2026-07-31
VLY,1.0,14.29,7446906,7355636,106.42,111.88,1.0,0.3,-0.6,중립,음봉,잔구간,0.47,-0.37,2026-07-31
SNXX,1.0,9.34,173673215,167005817,1622.11,1549.21,1.0,15.6,-22.9,매도주의,장대음봉,잔구간,0.12,-1.23,2026-07-31
MRAM,1.0,14.53,990995,1034266,14.4,16.29,0.9,4.8,-4.2,중립,음봉,잔구간,0.25,-0.5,2026-07-31
DNOW,1.0,14.12,1996219,2010045,28.19,31.41,0.9,1.5,1.3,강한매수,양봉,완만한상승,0.86,2.03,2026-07-31
PEB,1.0,19.1,2366253,2441013,45.2,43.87,1.0,1.5,0.6,매수관심,팽이도지,완만한상승,0.5,0.9,2026-07-31
PRGO,1.0,10.11,2880310,2857206,29.12,28.61,1.0,-0.7,-1.3,중립,음봉,잔구간,0.32,-0.46,2026-07-31
TMQ,1.0,3.13,1119220,1123826,3.5,3.63,1.0,0.0,-1.6,중립,음봉,잔구간,0.45,-0.38,2026-07-31
PHK,1.0,4.65,587373,595996,2.73,6.46,0.4,0.2,-0.2,중립,음봉,잔구간,0.43,-0.39,2026-07-31
BSCQ,1.0,19.525,666652,670220,13.02,15.72,0.8,-0.0,0.0,매수관심,양봉,완만한상승,0.5,1.6,2026-07-31
AMPH,1.0,19.94,367629,373260,7.33,8.32,0.9,-0.1,-2.0,중립,음봉,잔구간,0.37,-0.43,2026-07-31
PROK,1.0,1.54,809088,789938,1.25,1.43,0.9,-1.3,-1.3,중립,음봉,수횡파,0.45,-0.16,2026-07-31
PALI,1.0,1.895,1853422,1856016,3.51,4.79,0.7,-1.0,-2.3,중립,음봉,잔구간,0.42,-0.4,2026-07-31
ALIT,1.0,16.98,536065,553811,9.1,10.39,0.9,-1.5,-5.7,매도주의,음봉,전저점이탈,0.31,-1.68,2026-07-31
AIOT,1.0,3.92,792451,810167,3.11,3.86,0.8,0.0,0.3,강한매수,양봉스프링,완만한상승,0.76,2.71,2026-07-31
AADX,1.0,18.7,1299931,1257947,24.31,18.31,1.3,4.8,2.7,매수관심,양봉,완만한상승,0.82,1.98,2026-07-31
ACHR,1.0,4.64,29861091,30267950,138.56,195.76,0.7,0.8,-2.9,중립,음봉,잔구간,0.25,-0.5,2026-07-31
CRNC,1.0,8.52,632037,657646,5.38,7.44,0.7,2.3,0.5,매수관심,양봉스프링,잔구간,0.8,0.93,2026-07-31
FOSL,1.0,4.95,874001,834116,4.33,3.42,1.3,-0.2,1.9,강한매수,양봉스프링,완만한상승,0.8,2.76,2026-07-31
XIFR,1.0,11.9,1119428,1105102,13.32,16.04,0.8,0.3,0.0,매수관심,팽이도지,완만한상승,0.45,0.84,2026-07-31
XNDU,1.0,10.76,1010595,1049974,10.87,11.28,1.0,0.1,-2.4,중립,음봉,잔구간,0.14,-0.565,2026-07-31
XMAX,0.9,8.62,623253,666478,5.37,4.76,1.1,0.0,-1.7,중립,음봉,잔구간,0.13,-0.57,2026-07-31
AMPX,0.9,9.6,5256110,5749419,50.46,52.33,1.0,4.2,-2.7,중립,음봉,잔구간,0.42,-0.4,2026-07-31
GAB,0.9,5.61,530317,601988,2.98,5.05,0.6,0.4,-1.1,중립,음봉,잔구간,0.2,-0.53,2026-07-31
CRML,0.9,5.49,5122309,5570816,28.12,36.62,0.8,2.7,-3.9,중립,음봉,잔구간,0.24,-0.505,2026-07-31
PRAA,0.9,17.37,334486,356982,5.81,6.13,0.9,-1.0,1.2,매수관심,양봉,완만한상승,0.8,1.96,2026-07-31
OSPN,0.9,15.48,318325,372359,4.93,5.98,0.8,0.0,0.5,강한매수,양봉스프링,완만한상승,0.85,2.82,2026-07-31
ALTO,0.9,4.76,1719270,1975508,8.18,12.19,0.7,1.3,1.7,중립,양봉,잔구간,0.88,0.58,2026-07-31
AMC,0.9,2.82,39689306,45091557,111.92,151.78,0.7,-0.7,2.5,강한매수,양봉,전고점돌파,0.89,2.67,2026-07-31
AGNT,0.9,4.05,1827966,2004090,7.4,7.36,1.0,-1.8,5.7,강한매수,장대양봉,완만한상승,0.94,3.43,2026-07-31
AGRO,0.9,9.97,648822,751656,6.47,7.39,0.9,-0.8,-1.1,중립,망치형,잔구간,0.51,0.505,2026-07-31
WULF,0.9,17.66,30696466,35872147,542.1,607.37,0.9,4.1,-4.8,매도주의,장대음봉,잔구간,0.11,-1.235,2026-07-31
WWW,0.9,19.68,785408,870441,15.46,15.01,1.0,-0.2,-1.4,중립,음봉,잔구간,0.55,-0.32,2026-07-31
PHR,0.9,10.73,660588,764463,7.09,7.5,0.9,-0.7,1.8,매수관심,양봉,완만한상승,0.79,1.95,2026-07-31
PESI,0.9,16.6,323577,380453,5.37,10.29,0.5,0.0,-1.4,중립,망치형,잔구간,0.64,0.585,2026-07-31
PGX,0.9,10.73,2899918,3093757,31.12,31.57,1.0,-0.1,0.0,중립,팽이도지,잔구간,0.4,-0.06,2026-07-31
YMAX,0.9,7.37,1309206,1392830,9.65,10.71,0.9,0.0,0.3,강한매수,양봉스프링,완만한상승,0.83,2.8,2026-07-31
MQ,0.9,17.36,814076,916272,14.13,16.53,0.9,0.0,-1.6,중립,음봉,잔구간,0.41,-0.405,2026-07-31
NEA,0.9,11.27,753713,859946,8.49,9.23,0.9,-0.3,0.4,매수관심,양봉,수횡파,1.0,1.9,2026-07-31
MSOS,0.9,4.23,3075642,3590939,13.01,14.06,0.9,-0.2,0.7,중립,팽이도지,잔구간,0.45,-0.03,2026-07-31
CDXS,0.9,1.4,1134802,1262036,1.59,3.51,0.5,0.0,-5.4,강한매도,장대음봉,전저점이탈,0.17,-3.15,2026-07-31
UNG,0.9,10.06,7111008,8183822,71.54,82.76,0.9,-0.2,0.7,강한매수,양봉,완만한상승,0.9,2.08,2026-07-31
IAG,0.9,14.19,4992469,5672945,70.84,78.04,0.9,-2.8,0.3,중립,팽이도지,잔구간,0.75,0.15,2026-07-31
IART,0.9,16.65,935088,1090766,15.57,20.51,0.8,0.2,-2.9,중립,음봉,잔구간,0.3,-0.47,2026-07-31
HNST,0.9,3.65,1009702,1077537,3.69,4.47,0.8,0.4,-2.3,매도주의,장대음봉,전저점부근,0.31,-1.48,2026-07-31
HOPE,0.9,14.01,1101607,1162656,15.43,14.55,1.1,0.6,-0.7,중립,음봉,잔구간,0.55,-0.32,2026-07-31
TSLL,0.9,7.31,85771341,90561758,626.99,707.72,0.9,0.4,1.0,중립,팽이도지,잔구간,0.67,0.1,2026-07-31
VNM,0.9,16.98,800313,876072,13.59,13.33,1.0,-0.8,-1.5,매도주의,장대음봉,잔구간,0.0,-1.3,2026-07-31
VOD,0.9,15.78,3359364,3910420,53.01,61.94,0.9,-3.3,1.1,중립,양봉,잔구간,0.75,0.5,2026-07-31
VRRM,0.9,5.29,5233298,6034229,27.68,29.99,0.9,-2.3,5.4,강한매수,장대양봉,완만한상승,0.92,3.4,2026-07-31
RDY,0.9,11.85,3009772,3425224,35.67,37.68,0.9,-0.3,0.4,강한매수,양봉,완만한상승,0.93,2.12,2026-07-31
TTD,0.9,18.04,16452707,18684267,296.81,286.89,1.0,-1.1,-0.2,중립,팽이도지,잔구간,0.57,0.04,2026-07-31
SPCM,0.9,9.97,431781,473320,4.3,6.05,0.7,0.9,-8.3,매도주의,장대음봉,잔구간,0.1,-1.24,2026-07-31
GT,0.9,6.95,6897567,7454695,47.94,57.35,0.8,-0.7,-1.1,중립,음봉,잔구간,0.6,-0.29,2026-07-31
GTM,0.9,3.3,6511569,7225968,21.49,21.19,1.0,0.3,-0.9,중립,팽이도지,잔구간,0.26,-0.145,2026-07-31
HCKT,0.9,10.72,330258,384569,3.54,4.04,0.9,1.0,-0.6,매수관심,팽이도지,완만한상승,0.5,0.9,2026-07-31
RGNX,0.9,9.69,1157484,1231933,11.22,20.18,0.6,1.3,-5.5,매도주의,장대음봉,잔구간,0.07,-1.26,2026-07-31
ASTX,0.9,10.85,4457318,4817846,48.36,55.83,0.9,7.2,-5.2,중립,음봉,잔구간,0.57,-0.31,2026-07-31
ATEC,0.9,9.52,1669204,1800615,15.89,16.86,0.9,0.7,-2.2,매도주의,장대음봉,잔구간,0.2,-1.18,2026-07-31
MOMO,0.9,5.99,438700,480383,2.63,2.82,0.9,-0.8,0.7,매수관심,장대양봉,잔구간,1.0,1.3,2026-07-31
ELVA,0.9,8.22,509228,551217,4.19,6.57,0.6,3.3,-7.0,매도주의,장대음봉,잔구간,0.09,-1.245,2026-07-31
EOLS,0.9,5.84,608876,671465,3.56,3.52,1.0,0.0,-2.8,중립,음봉,잔구간,0.41,-0.405,2026-07-31
EOSE,0.9,3.38,25059017,28844941,84.7,93.71,0.9,1.5,-7.8,매도주의,장대음봉,잔구간,0.24,-1.155,2026-07-31
EAF,0.9,6.72,389056,413387,2.61,2.79,0.9,-0.8,4.3,강한매수,장대양봉,완만한상승,0.95,3.44,2026-07-31
DNN,0.9,2.81,22358500,24851114,62.83,65.04,1.0,1.0,-4.7,매도주의,장대음봉,잔구간,0.27,-1.14,2026-07-31
NAVI,0.9,8.39,765246,817984,6.42,6.56,1.0,-0.5,-0.2,중립,팽이도지,잔구간,0.53,0.02,2026-07-31
AREC,0.9,1.79,1491729,1585405,2.67,3.25,0.8,1.1,-3.2,중립,음봉,수횡파,0.47,-0.14,2026-07-31
ARHS,0.9,7.41,1015070,1086038,7.52,7.61,1.0,-0.4,1.4,중립,양봉,잔구간,0.73,0.49,2026-07-31
VSTS,0.9,14.46,825917,943371,11.94,19.02,0.6,0.0,-0.9,매도주의,음봉,전저점이탈,0.18,-1.83,2026-07-31
DOLE,0.9,14.14,1011299,1079509,14.3,14.59,1.0,-1.2,0.0,중립,팽이도지,잔구간,0.71,0.125,2026-07-31
DBVT,0.9,13.5,351681,373360,4.75,5.33,0.9,-0.7,-1.5,강한매수,망치형,수횡파,0.68,2.8200000000000003,2026-07-31
EIDO,0.9,12.37,970898,1126876,12.01,16.52,0.7,-0.2,0.2,매수관심,양봉스프링,잔구간,0.9,0.99,2026-07-31
IONZ,0.9,4.28,3927673,4441179,16.81,33.78,0.5,-3.4,-0.7,매수관심,팽이도지,전저점부근,0.59,0.86,2026-07-31
MRLN,0.9,3.77,937888,991363,3.54,5.3,0.7,1.1,0.3,매수관심,팽이도지,완만한상승,0.7,1.14,2026-07-31
CLB,0.9,10.64,774822,823130,8.24,9.62,0.9,1.4,1.3,중립,팽이도지,잔구간,0.62,0.07,2026-07-31
CARS,0.9,11.85,603698,677145,7.15,7.73,0.9,0.4,-0.7,중립,망치형,잔구간,0.63,0.58,2026-07-31
CBRG,0.9,4.025,9700261,10447212,39.04,51.62,0.8,5.7,-9.3,중립,음봉,잔구간,0.15,-0.56,2026-07-31
AVPT,0.9,13.03,1755884,2050790,22.88,27.58,0.8,-1.2,2.9,강한매수,장대양봉,완만한상승,0.98,3.48,2026-07-31
RITM,0.9,9.88,6829279,7437234,67.47,67.55,1.0,0.0,0.1,강한매수,양봉스프링,완만한상승,0.92,2.9,2026-07-31
RLAY,0.9,18.83,1785640,1992060,33.62,42.94,0.8,1.6,-4.7,매도주의,장대음봉,잔구간,0.29,-1.125,2026-07-31
RBBN,0.9,2.14,793201,877882,1.7,1.86,0.9,0.9,0.0,매수관심,팽이도지,완만한상승,0.42,0.8,2026-07-31
NKTX,0.9,2.09,683232,725603,1.43,1.48,1.0,0.5,-3.2,중립,음봉,전저점부근,0.32,-0.17,2026-07-31
NOV,0.9,19.43,3905837,4393339,75.89,82.14,0.9,-0.5,1.1,중립,양봉,잔구간,0.74,0.495,2026-07-31
HE,0.9,12.92,1109511,1301438,14.33,18.36,0.8,0.7,-2.7,강한매도,장대음봉,전저점이탈,0.13,-3.19,2026-07-31
HIO,0.9,3.53,538826,592092,1.9,1.73,1.1,0.6,0.0,매수관심,양봉스프링,잔구간,1.0,1.05,2026-07-31
SPRY,0.9,5.13,2083381,2240089,10.69,18.52,0.6,-1.4,-7.6,강한매도,장대음봉,전저점이탈,0.04,-3.3,2026-07-31
SSP,0.9,2.81,439647,507097,1.24,1.64,0.8,-1.2,0.7,중립,양봉,잔구간,0.5,0.35,2026-07-31
CNH,0.9,10.25,14557452,16386323,149.21,140.44,1.1,0.3,-1.0,중립,음봉,전저점부근,0.51,0.06,2026-07-31
INR,0.9,13.16,303766,344043,4.0,3.95,1.0,0.2,4.8,매수관심,장대양봉,잔구간,0.86,1.215,2026-07-31
IE,0.9,9.15,1340617,1498683,12.27,19.17,0.6,-1.4,-0.8,중립,팽이도지,잔구간,0.58,0.05,2026-07-31
IMMR,0.9,7.56,624998,693595,4.72,6.16,0.8,-0.3,2.4,강한매수,장대양봉,완만한상승,0.82,3.28,2026-07-31
RWM,0.9,13.77,23958879,28035121,329.91,395.69,0.8,-0.3,0.7,매수관심,양봉,완만한상승,0.43,1.52,2026-07-31
RYAM,0.9,8.95,709376,776509,6.35,7.86,0.8,0.7,-0.8,중립,팽이도지,잔구간,0.46,-0.025,2026-07-31
BANC,0.9,19.15,4663345,5347129,89.3,101.41,0.9,0.6,1.1,강한매수,양봉스프링,완만한상승,0.98,2.98,2026-07-31
SATL,0.9,3.58,3590130,3880532,12.85,16.51,0.8,5.4,-2.7,중립,음봉,잔구간,0.42,-0.4,2026-07-31
SB,0.9,7.81,789636,904427,6.17,6.85,0.9,-1.9,0.1,중립,위꼬리양봉,잔구간,0.23,-0.66,2026-07-31
SLI,0.9,2.04,1680729,1934166,3.43,3.61,1.0,-0.5,0.0,중립,팽이도지,잔구간,0.67,0.1,2026-07-31
SLN,0.9,10.49,556511,630840,5.84,6.54,0.9,-1.0,-8.8,강한매도,장대음봉,전저점이탈,0.02,-3.33,2026-07-31
MEI,0.9,13.99,492026,530878,6.88,7.32,0.9,4.8,-2.6,중립,음봉,잔구간,0.36,-0.435,2026-07-31
LXEO,0.9,4.13,713569,752780,2.95,5.04,0.6,0.7,-5.7,강한매도,장대음봉,전저점이탈,0.19,-3.12,2026-07-31
AUR,0.9,6.45,27725556,29596461,178.83,162.01,1.1,0.5,2.9,매수관심,양봉,완만한상승,0.58,1.7,2026-07-31
GLNK,0.9,7.23,304449,352732,2.2,2.57,0.9,-2.9,-1.2,매도주의,음봉,전저점이탈,0.48,-1.47,2026-07-31
GLWG,0.9,11.85,1794797,1988792,21.27,26.82,0.8,12.3,-7.3,매도주의,장대음봉,잔구간,0.01,-1.295,2026-07-31
GO,0.9,9.19,2158119,2478013,19.83,21.32,0.9,0.8,-0.4,강한매수,망치형,완만한상승,0.85,2.32,2026-07-31
NRDS,0.9,9.0,456912,512367,4.11,4.84,0.8,0.0,0.0,강한매수,양봉스프링,완만한상승,0.9,2.88,2026-07-31
NUVB,0.9,6.33,4891203,5705177,30.96,41.85,0.7,-0.3,-5.2,매도주의,장대음봉,잔구간,0.09,-1.245,2026-07-31
NVD,0.9,4.99,79420302,91932451,396.31,446.13,0.9,-3.5,-2.4,중립,음봉,잔구간,0.16,-0.555,2026-07-31
VERX,0.9,12.91,2309330,2574611,29.81,29.57,1.0,-1.4,3.9,강한매수,장대양봉,완만한상승,0.93,3.42,2026-07-31
SWBI,0.9,14.55,364265,426715,5.3,6.55,0.8,0.4,-3.1,매도주의,장대음봉,잔구간,0.2,-1.18,2026-07-31
BUYW,0.9,14.49,327216,356233,4.74,5.79,0.8,0.0,-0.2,중립,음봉,잔구간,0.44,-0.385,2026-07-31
JKS,0.9,15.14,458247,506413,6.94,10.02,0.7,1.1,0.9,매수관심,양봉스프링,잔구간,0.83,0.95,2026-07-31
JOBY,0.9,7.15,33551710,37825452,239.89,398.02,0.6,1.5,-2.7,중립,음봉,잔구간,0.44,-0.385,2026-07-31
BHVN,0.9,13.5,1429790,1633665,19.3,30.13,0.6,0.4,-2.7,중립,음봉,잔구간,0.36,-0.435,2026-07-31
MBC,0.9,8.25,1607627,1882923,13.26,17.22,0.8,0.7,0.5,매수관심,팽이도지,완만한상승,0.66,1.09,2026-07-31
LTRX,0.9,5.38,568576,629058,3.06,3.73,0.8,1.9,-1.3,매수관심,망치형,완만한상승,0.54,1.95,2026-07-31
LUMN,0.9,6.38,10487953,11613252,66.91,69.94,1.0,1.5,-4.2,매도주의,장대음봉,잔구간,0.08,-1.25,2026-07-31
S,0.9,19.06,5377970,5715477,102.5,112.45,0.9,-0.5,4.1,강한매수,장대양봉,전고점돌파,0.91,3.99,2026-07-31
NOK,0.9,9.14,91720573,107613373,838.33,1053.84,0.8,3.6,-3.0,중립,음봉,잔구간,0.18,-0.54,2026-07-31
TTGT,0.9,4.49,451128,501154,2.03,2.0,1.0,-0.7,0.7,강한매수,양봉스프링,완만한상승,0.84,2.81,2026-07-31
UA,0.9,6.49,1916368,2142140,12.44,15.98,0.8,0.0,-2.8,매도주의,장대음봉,잔구간,0.05,-1.27,2026-07-31
GGN,0.9,4.9,450265,503949,2.21,3.43,0.6,-0.8,0.2,중립,팽이도지,잔구간,0.61,0.065,2026-07-31
CRVS,0.9,13.26,775851,901446,10.29,10.75,1.0,0.4,0.2,매수관심,양봉스프링,잔구간,0.81,0.935,2026-07-31
CNNE,0.9,14.55,369075,394652,5.37,6.02,0.9,-0.5,-0.5,중립,망치형,잔구간,0.62,0.57,2026-07-31
CODI,0.9,10.08,422013,450488,4.25,4.78,0.9,0.0,0.3,강한매수,양봉스프링,완만한상승,0.77,2.72,2026-07-31
NZF,0.9,12.2,460788,519845,5.62,6.03,0.9,-0.3,-0.4,매도주의,장대음봉,잔구간,0.0,-1.3,2026-07-31
SCZM,0.9,6.46,330868,386212,2.14,2.85,0.8,-3.8,-0.9,중립,팽이도지,잔구간,0.48,-0.01,2026-07-31
SES,0.9,0.55,21439174,24409967,11.8,12.25,1.0,1.6,0.1,중립,팽이도지,잔구간,0.7,0.12,2026-07-31
JBIO,0.9,19.75,600332,660228,11.86,14.61,0.8,0.0,-1.2,중립,망치형,잔구간,0.79,0.675,2026-07-31
CABA,0.9,2.68,1907714,2026384,5.11,6.07,0.8,0.0,-1.5,강한매수,망치형,수횡파,0.67,2.8,2026-07-31
CAI,0.9,15.67,3511257,4081578,55.02,56.57,1.0,-0.2,-2.4,중립,음봉,수횡파,0.48,-0.12,2026-07-31
BTGO,0.9,4.86,682904,803188,3.32,4.63,0.7,0.4,-4.1,중립,음봉,잔구간,0.4,-0.41,2026-07-31
BUR,0.9,4.12,1530269,1797583,6.3,7.67,0.8,-1.0,-1.2,중립,망치형,잔구간,0.66,0.595,2026-07-31
LEG,0.9,9.8,1619248,1849005,15.87,18.64,0.9,0.6,-2.8,강한매도,장대음봉,전저점이탈,0.07,-3.27,2026-07-31
LEGN,0.9,18.55,2720993,2885999,50.47,62.95,0.8,-1.4,-1.3,중립,음봉,전저점부근,0.33,-0.15,2026-07-31
ONDS,0.9,7.49,59686641,64223513,447.05,958.21,0.5,1.8,-3.0,중립,음봉,잔구간,0.53,-0.33,2026-07-31
PYPG,0.9,8.655,337478,360044,2.92,4.11,0.7,0.6,-0.3,강한매수,망치형,완만한상승,0.68,2.12,2026-07-31
QID,0.9,15.43,15360808,16325159,237.02,254.23,0.9,-2.4,1.2,중립,양봉,잔구간,0.49,0.345,2026-07-31
OCGN,0.9,1.23,4149005,4499076,5.1,5.99,0.9,2.4,-4.7,매도주의,장대음봉,잔구간,0.0,-1.3,2026-07-31
OCSL,0.9,11.61,391813,414658,4.55,5.59,0.8,-0.1,-0.8,중립,음봉,잔구간,0.19,-0.535,2026-07-31
OMAH,0.9,18.8,955074,1045893,17.96,18.7,1.0,-0.2,-0.3,중립,망치형,잔구간,0.72,0.63,2026-07-31
NVDY,0.9,12.06,2279369,2464667,27.49,28.94,0.9,1.8,0.7,매수관심,양봉스프링,잔구간,0.88,0.98,2026-07-31
GENB,0.9,14.0,318564,339533,4.46,6.87,0.6,-1.9,1.7,중립,양봉,잔구간,0.84,0.555,2026-07-31
WSE,0.9,12.0,783863,909793,9.41,16.03,0.6,0.5,-1.0,중립,음봉,잔구간,0.32,-0.46,2026-07-31
WTTR,0.9,18.52,1553142,1755010,28.76,34.96,0.8,1.7,0.3,중립,팽이도지,잔구간,0.58,0.05,2026-07-31
FJET,0.9,3.55,549294,591601,1.95,2.47,0.8,-0.8,0.9,중립,위꼬리양봉,완만한상승,0.3,-0.34,2026-07-31
TSHA,0.9,5.86,2287917,2501235,13.41,13.3,1.0,0.1,-0.3,강한매수,망치형,수횡파,0.69,2.83,2026-07-31
STTK,0.9,7.07,660497,738739,4.67,8.58,0.5,1.3,-2.9,중립,음봉,잔구간,0.31,-0.465,2026-07-31
SVC,0.9,8.03,1303558,1421822,10.47,14.33,0.7,0.0,-0.4,중립,팽이도지,잔구간,0.43,-0.04,2026-07-31
FUTG,0.9,3.88,602221,703337,2.34,3.89,0.6,1.3,1.6,매수관심,팽이도지,완만한상승,0.67,1.1,2026-07-31
BPRE,0.9,12.07,771715,894749,9.31,11.98,0.8,1.5,-2.8,매도주의,장대음봉,잔구간,0.03,-1.28,2026-07-31
BRBR,0.9,12.39,3267109,3695117,40.48,48.06,0.8,-1.5,-4.3,중립,음봉,잔구간,0.19,-0.535,2026-07-31
DEI,0.9,11.82,1676893,1772955,19.82,20.44,1.0,-0.2,-1.7,중립,음봉,전저점부근,0.27,-0.23,2026-07-31
DFDV,0.9,2.56,576053,649544,1.47,1.8,0.8,-0.8,-3.0,중립,음봉,잔구간,0.49,-0.355,2026-07-31
CRWG,0.9,14.49,1417576,1511601,20.54,26.72,0.8,9.6,-14.0,매도주의,장대음봉,잔구간,0.22,-1.17,2026-07-31
CSIQ,0.9,15.08,1766110,1984106,26.63,31.08,0.9,2.5,-0.3,강한매수,망치형,완만한상승,0.82,2.28,2026-07-31
CWK,0.9,13.42,1706021,1838682,22.89,30.29,0.8,-0.5,-2.1,중립,음봉,잔구간,0.1,-0.59,2026-07-31
TALO,0.9,15.18,1704324,1973420,25.87,30.25,0.9,0.2,3.8,매수관심,장대양봉,잔구간,0.98,1.29,2026-07-31
TBPH,0.9,16.86,369695,421145,6.23,10.13,0.6,0.1,-0.1,중립,음봉,완만한상승,0.33,-0.0,2026-07-31
LADR,0.9,9.56,1269421,1451510,12.14,13.12,0.9,-0.5,-0.9,중립,음봉,잔구간,0.38,-0.42,2026-07-31
LBTYA,0.9,10.61,2918221,3335746,30.96,30.88,1.0,-1.0,2.6,강한매수,장대양봉,전고점부근,0.95,2.09,2026-07-31
PRTA,0.9,8.12,545490,609026,4.43,5.08,0.9,0.0,-3.4,매도주의,음봉,전저점이탈,0.24,-1.76,2026-07-31
WLTH,0.9,9.49,761857,889725,7.23,7.48,1.0,-0.4,0.7,강한매수,양봉스프링,완만한상승,0.84,2.81,2026-07-31
KURA,0.9,9.01,1171362,1301226,10.55,11.43,0.9,1.7,-4.8,매도주의,장대음봉,잔구간,0.24,-1.155,2026-07-31
KBWD,0.9,11.99,413975,463756,4.96,5.83,0.9,-0.2,-0.6,중립,음봉,잔구간,0.35,-0.44,2026-07-31
SHLS,0.9,8.74,4147302,4408553,36.25,53.29,0.7,4.4,-5.9,매도주의,장대음봉,잔구간,0.13,-1.22,2026-07-31
SHO,0.9,11.77,1899855,2185456,22.36,27.63,0.8,0.1,0.5,중립,양봉,잔구간,0.58,0.4,2026-07-31
KREF,0.9,6.96,1086062,1228483,7.56,11.83,0.6,-0.6,-0.7,매도주의,음봉,전저점이탈,0.44,-1.52,2026-07-31
BMNU,0.9,10.2,3332669,3552116,33.99,41.88,0.8,-3.6,-5.3,중립,음봉,잔구간,0.61,-0.285,2026-07-31
BORR,0.9,4.03,3473664,3890685,14.0,15.28,0.9,0.3,0.8,강한매수,양봉스프링,완만한상승,0.81,2.77,2026-07-31
PML,0.9,7.3,376368,415132,2.75,3.03,0.9,0.0,0.1,강한매수,양봉스프링,완만한상승,0.75,2.7,2026-07-31
XP,0.9,17.06,3001950,3234305,51.21,55.43,0.9,0.2,-1.0,중립,음봉,잔구간,0.34,-0.445,2026-07-31
DLO,0.9,15.08,1467934,1582637,22.14,26.97,0.8,0.6,0.2,강한매도,위꼬리양봉,전고점부근,0.24,-2.76,2026-07-31
PD,0.9,10.58,1414102,1546269,14.96,14.44,1.0,-1.9,4.0,강한매수,장대양봉,완만한상승,0.94,3.43,2026-07-31
ZNTL,0.9,4.74,941181,1016222,4.46,7.11,0.6,0.6,-4.2,매도주의,장대음봉,잔구간,0.24,-1.155,2026-07-31
YSS,0.9,14.73,1373007,1459248,20.22,24.72,0.8,1.0,-4.4,매도주의,장대음봉,잔구간,0.05,-1.27,2026-07-31
ZIP,0.9,3.94,617745,655300,2.43,2.33,1.0,-0.8,-0.3,중립,팽이도지,잔구간,0.53,0.02,2026-07-31
AMPL,0.8,8.88,1299046,1635748,11.54,16.25,0.7,-1.3,4.5,강한매수,장대양봉,완만한상승,0.94,3.43,2026-07-31
AMKL,0.8,6.8,503918,612553,3.43,3.89,0.9,9.8,-3.8,중립,음봉,잔구간,0.16,-0.555,2026-07-31
ALT,0.8,2.84,3892079,4749687,11.05,14.15,0.8,0.3,-5.0,매도주의,장대음봉,잔구간,0.29,-1.125,2026-07-31
WTI,0.8,3.59,3213823,4226623,11.54,14.97,0.8,1.2,2.6,중립,양봉,잔구간,0.81,0.535,2026-07-31
AQST,0.8,3.695,1785710,2300409,6.6,7.96,0.8,0.8,-1.5,중립,음봉,잔구간,0.51,-0.345,2026-07-31
OPEN,0.8,3.77,28887625,37524208,108.91,259.69,0.4,1.6,-2.8,중립,음봉,잔구간,0.45,-0.38,2026-07-31
PSLV,0.8,18.8,5957725,7044971,112.01,153.19,0.7,-2.8,0.9,중립,양봉,잔구간,0.91,0.595,2026-07-31
PSEC,0.8,2.13,3226356,4029437,6.87,9.68,0.7,0.5,-1.4,매도주의,장대음봉,잔구간,0.2,-1.18,2026-07-31
PCT,0.8,6.37,2993628,3692540,19.07,21.49,0.9,1.6,-1.2,강한매수,망치형,완만한상승,0.6,2.02,2026-07-31
PBR,0.8,19.4,11620343,14273785,225.43,270.16,0.8,0.4,1.0,강한매수,양봉,전고점돌파,0.9,2.68,2026-07-31
PLTK,0.8,3.99,695349,912050,2.77,5.73,0.5,-0.8,1.3,매수관심,양봉,완만한상승,0.61,1.73,2026-07-31
WEN,0.8,7.36,5321316,6719788,39.16,52.1,0.8,-0.3,0.3,중립,팽이도지,잔구간,0.74,0.145,2026-07-31
WB,0.8,8.15,515179,634423,4.2,6.19,0.7,-0.7,1.1,강한매수,장대양봉,전고점부근,1.0,2.15,2026-07-31
VYGR,0.8,3.03,418963,540680,1.27,2.0,0.6,-0.3,-2.9,매도주의,장대음봉,잔구간,0.4,-1.06,2026-07-31
ARR,0.8,16.47,2792368,3348191,45.99,60.57,0.8,0.3,-0.2,강한매수,망치형,완만한상승,0.83,2.3,2026-07-31
ARI,0.8,6.62,3187571,3824095,21.1,45.44,0.5,0.6,1.2,중립,양봉,잔구간,0.59,0.405,2026-07-31
ARCC,0.8,18.76,3934814,4723702,73.82,87.28,0.8,-0.1,-0.3,중립,음봉,잔구간,0.28,-0.48,2026-07-31
ASPN,0.8,4.63,991635,1187031,4.59,4.81,1.0,2.2,0.4,중립,팽이도지,잔구간,0.71,0.125,2026-07-31
OLMA,0.8,11.45,709778,843164,8.13,10.18,0.8,-0.4,-2.7,매도주의,장대음봉,잔구간,0.16,-1.205,2026-07-31
OEC,0.8,6.75,337806,424322,2.28,3.21,0.7,-1.5,1.4,매수관심,양봉스프링,잔구간,0.94,1.015,2026-07-31
QBTZ,0.8,4.41,2627219,3234885,11.59,14.47,0.8,-4.5,3.5,중립,양봉,잔구간,0.78,0.52,2026-07-31
QBTS,0.8,18.08,16543288,20204698,299.1,358.7,0.8,2.2,-1.6,중립,음봉,잔구간,0.22,-0.52,2026-07-31
PYXS,0.8,2.65,750108,966129,1.99,2.92,0.7,-1.0,-6.7,매도주의,장대음봉,잔구간,0.09,-1.245,2026-07-31
ORC,0.8,6.49,5461853,6761538,35.45,37.96,0.9,-2.0,-0.2,중립,팽이도지,잔구간,0.63,0.08,2026-07-31
OPFI,0.8,9.37,374222,456760,3.51,4.35,0.8,-0.8,0.3,매수관심,양봉스프링,잔구간,0.83,0.95,2026-07-31
ASAN,0.8,8.32,5703354,6741527,47.45,48.36,1.0,-1.0,5.7,강한매수,장대양봉,완만한상승,0.81,3.27,2026-07-31
VSTM,0.8,5.8,1857262,2218948,10.77,13.2,0.8,-1.0,-4.0,중립,음봉,수횡파,0.47,-0.14,2026-07-31
VRDN,0.8,18.92,1088052,1431143,20.59,33.58,0.6,-1.2,-3.8,매도주의,장대음봉,수횡파,0.03,-1.96,2026-07-31
AXIA,0.8,10.47,1612443,2015388,16.88,20.86,0.8,0.7,-0.9,중립,음봉,잔구간,0.09,-0.595,2026-07-31
AVO,0.8,12.61,476336,630153,6.01,8.77,0.7,-0.8,-0.3,중립,팽이도지,잔구간,0.31,-0.115,2026-07-31
BATL,0.8,1.45,9245691,11394475,13.41,23.95,0.6,1.5,4.3,중립,양봉,잔구간,0.62,0.42,2026-07-31
AYA,0.8,19.65,512300,642319,10.07,11.55,0.9,-2.0,-2.1,중립,음봉,수횡파,0.34,-0.29,2026-07-31
BGS,0.8,3.53,1706473,2199832,6.02,7.98,0.8,-0.3,-1.9,매도주의,장대음봉,잔구간,0.12,-1.23,2026-07-31
BLOX,0.8,13.37,338987,403933,4.53,5.15,0.9,0.7,-3.8,매도주의,장대음봉,잔구간,0.27,-1.14,2026-07-31
BLCO,0.8,16.91,469236,595517,7.93,8.48,0.9,-0.3,-0.2,중립,망치형,잔구간,0.95,0.77,2026-07-31
QYLD,0.8,17.735,4161451,5312734,73.8,92.01,0.8,0.8,-0.1,중립,망치형,잔구간,0.69,0.615,2026-07-31
NNDM,0.8,1.5,1320328,1664237,1.98,5.13,0.4,0.6,-3.2,매도주의,장대음봉,잔구간,0.14,-1.215,2026-07-31
NTLA,0.8,10.68,2650733,3476203,28.31,39.27,0.7,0.4,-4.0,매도주의,장대음봉,잔구간,0.14,-1.215,2026-07-31
OMER,0.8,11.84,1309589,1615508,15.51,16.59,0.9,0.0,-0.8,중립,망치형,잔구간,0.76,0.655,2026-07-31
BKD,0.8,14.6,3694137,4810362,53.93,70.62,0.8,0.5,-0.6,중립,망치형,잔구간,0.7,0.62,2026-07-31
VIV,0.8,12.92,1417133,1809234,18.31,20.45,0.9,0.7,-0.4,매도주의,위꼬리음봉,완만한상승,0.09,-1.09,2026-07-31
VIR,0.8,8.66,1126891,1463683,9.76,14.28,0.7,0.6,-3.2,매도주의,장대음봉,잔구간,0.29,-1.125,2026-07-31
BSCR,0.8,19.605,489635,593339,9.6,11.46,0.8,0.0,-0.0,중립,음봉,완만한상승,0.5,0.2,2026-07-31
BULL,0.8,7.06,6074941,7302489,42.89,70.18,0.6,-0.6,-0.7,중립,팽이도지,잔구간,0.38,-0.07,2026-07-31
BTQ,0.8,3.47,1081097,1279863,3.75,4.73,0.8,1.7,-3.6,중립,음봉,잔구간,0.27,-0.49,2026-07-31
CAPR,0.8,3.85,7297140,9507771,28.09,73.56,0.4,-3.6,-4.7,매도주의,위꼬리음봉,잔구간,0.06,-1.015,2026-07-31
CAG,0.8,14.51,12974892,15883340,188.27,227.59,0.8,-1.3,-2.2,매도주의,장대음봉,잔구간,0.05,-1.27,2026-07-31
CCCC,0.8,3.48,1949817,2478608,6.79,9.91,0.7,0.0,-4.9,매도주의,장대음봉,잔구간,0.14,-1.215,2026-07-31
CGNT,0.8,8.94,329236,401585,2.94,3.27,0.9,-0.8,2.6,강한매수,장대양봉,완만한상승,0.96,3.45,2026-07-31
CGC,0.8,0.917,2040121,2609890,1.87,2.1,0.9,-0.8,0.7,매수관심,양봉스프링,잔구간,0.92,1.0,2026-07-31
NAT,0.8,6.53,3034449,3916581,19.81,22.92,0.9,0.5,-2.4,매도주의,장대음봉,수횡파,0.2,-1.76,2026-07-31
RGTI,0.8,14.95,16116300,19398275,240.94,319.5,0.8,2.3,-1.6,중립,음봉,잔구간,0.22,-0.52,2026-07-31
NIO,0.8,4.88,18175430,22904468,88.7,110.69,0.8,1.2,-0.4,강한매수,망치형,완만한상승,0.67,2.1,2026-07-31
NFGC,0.8,1.36,1039155,1262313,1.41,1.79,0.8,-2.8,-2.2,중립,음봉,잔구간,0.27,-0.49,2026-07-31
NEXT,0.8,6.72,2964412,3903477,19.92,23.1,0.9,0.7,-0.9,중립,팽이도지,잔구간,0.59,0.055,2026-07-31
NEXN,0.8,10.28,413489,500080,4.25,5.08,0.8,-0.7,-1.2,중립,음봉,잔구간,0.48,-0.36,2026-07-31
CLSK,0.8,13.76,19476972,22922912,268.0,329.99,0.8,3.4,-8.5,매도주의,장대음봉,잔구간,0.13,-1.22,2026-07-31
UMC,0.8,19.03,16738113,20546978,318.53,343.73,0.9,4.4,-3.8,중립,음봉,잔구간,0.17,-0.55,2026-07-31
ULCC,0.8,6.75,3893384,5028942,26.28,27.81,0.9,0.0,-3.3,중립,음봉,잔구간,0.24,-0.505,2026-07-31
UAA,0.8,6.65,6320474,7478005,42.03,51.93,0.8,0.4,-3.1,매도주의,장대음봉,잔구간,0.11,-1.235,2026-07-31
TTI,0.8,7.7,1667702,2190246,12.84,15.0,0.9,1.0,0.0,중립,팽이도지,잔구간,0.62,0.07,2026-07-31
CPNG,0.8,16.35,12030521,14549683,196.7,303.11,0.6,-0.7,2.3,매수관심,장대양봉,전고점부근,0.76,1.86,2026-07-31
CRSR,0.8,10.61,1215900,1547920,12.9,15.77,0.8,2.2,-2.3,중립,음봉,잔구간,0.54,-0.325,2026-07-31
CRGY,0.8,11.47,4157661,5504469,47.69,60.9,0.8,0.4,2.3,강한매수,장대양봉,완만한상승,0.96,3.45,2026-07-31
CRCT,0.8,4.69,327050,429141,1.53,1.96,0.8,0.6,0.2,강한매수,양봉스프링,완만한상승,0.84,2.81,2026-07-31
TSLG,0.8,3.62,26520903,31405517,96.01,168.39,0.6,0.8,0.6,중립,팽이도지,잔구간,0.65,0.09,2026-07-31
TRVI,0.8,18.25,1350335,1659692,24.64,45.92,0.5,0.5,-1.3,중립,망치형,잔구간,0.72,0.63,2026-07-31
DEC,0.8,13.46,619536,776495,8.34,10.2,0.8,-0.7,3.8,매수관심,장대양봉,잔구간,0.97,1.28,2026-07-31
CYH,0.8,2.79,2011551,2567473,5.61,7.8,0.7,0.4,0.4,매수관심,양봉스프링,잔구간,0.82,0.94,2026-07-31
MLCO,0.8,5.73,1151932,1439938,6.6,9.74,0.7,0.0,-0.5,매도주의,위꼬리음봉,잔구간,0.23,-0.91,2026-07-31
MITK,0.8,16.7,488265,642257,8.15,12.53,0.7,0.5,-2.7,중립,음봉,잔구간,0.13,-0.57,2026-07-31
RNW,0.8,6.22,939633,1168735,5.84,8.58,0.7,0.8,0.0,매수관심,팽이도지,완만한상승,0.71,1.15,2026-07-31
RKLZ,0.8,4.88,5063115,6232239,24.71,35.66,0.7,-4.5,3.8,중립,팽이도지,잔구간,0.55,0.03,2026-07-31
MOBX,0.8,1.68,707667,833455,1.19,5.01,0.2,1.5,-0.6,매도주의,위꼬리음봉,잔구간,0.24,-0.905,2026-07-31
MNTN,0.8,9.22,654285,837999,6.03,8.14,0.7,-1.0,0.9,중립,팽이도지,잔구간,0.73,0.14,2026-07-31
MSOX,0.8,2.26,1336399,1655227,3.02,3.64,0.8,-0.4,0.9,중립,팽이도지,잔구간,0.47,-0.02,2026-07-31
DNA,0.8,8.09,629872,762070,5.1,5.95,0.9,0.6,-0.6,매수관심,팽이도지,완만한상승,0.57,0.98,2026-07-31
TRLV,0.8,8.65,712099,945947,6.16,6.41,1.0,-1.5,2.5,중립,양봉,잔구간,0.94,0.615,2026-07-31
TOI,0.8,4.86,1005358,1289480,4.89,7.42,0.7,0.6,-4.7,매도주의,장대음봉,잔구간,0.0,-1.3,2026-07-31
TMC,0.8,3.56,3243094,4014660,11.55,13.65,0.8,1.2,-2.9,중립,음봉,잔구간,0.14,-0.565,2026-07-31
DXD,0.8,17.16,494008,653421,8.48,10.73,0.8,-0.8,-0.1,중립,팽이도지,잔구간,0.26,-0.145,2026-07-31
DX,0.8,12.71,4392268,5191647,55.83,87.9,0.6,0.2,-1.1,중립,음봉,잔구간,0.45,-0.38,2026-07-31
DVLT,0.8,0.34,8834811,10885894,3.01,4.35,0.7,1.6,-3.8,중립,음봉,잔구간,0.3,-0.47,2026-07-31
DPRO,0.8,4.14,488035,616203,2.02,3.09,0.7,0.2,-0.7,중립,팽이도지,잔구간,0.4,-0.06,2026-07-31
MFG,0.8,10.44,3141705,4118048,32.8,44.45,0.7,0.0,0.9,강한매수,양봉,완만한상승,0.88,2.06,2026-07-31
RXRX,0.8,3.0,15329356,18393186,45.99,53.86,0.9,1.6,-2.9,중립,음봉,수횡파,0.32,-0.32,2026-07-31
MNSO,0.8,13.0,542762,708691,7.06,8.37,0.8,-0.2,-0.5,중립,망치형,잔구간,0.62,0.57,2026-07-31
EGY,0.8,5.33,940324,1216738,5.01,5.99,0.8,1.1,-0.6,매수관심,망치형,완만한상승,0.57,1.98,2026-07-31
EDIT,0.8,2.58,1180795,1450829,3.05,3.59,0.8,-0.7,-3.4,중립,음봉,잔구간,0.29,-0.475,2026-07-31
EBS,0.8,7.22,487190,574360,3.52,4.09,0.9,0.3,-0.8,중립,망치형,잔구간,0.63,0.58,2026-07-31
TJGC,0.8,5.26,508517,602332,2.67,2.94,0.9,1.9,0.6,매수관심,양봉스프링,전고점부근,0.75,1.35,2026-07-31
TIC,0.8,7.31,1028499,1349722,7.52,13.99,0.5,1.2,-0.5,강한매수,망치형,완만한상승,0.79,2.25,2026-07-31
TETH,0.8,9.31,1001249,1179665,9.32,17.38,0.5,-1.8,-1.2,중립,음봉,잔구간,0.48,-0.36,2026-07-31
F,0.8,14.68,56015211,70551373,822.3,921.35,0.9,0.7,-1.9,중립,음봉,잔구간,0.44,-0.385,2026-07-31
EVTL,0.8,1.24,1656653,2202482,2.05,3.72,0.6,2.3,-6.8,매도주의,장대음봉,잔구간,0.25,-1.15,2026-07-31
EVMN,0.8,11.25,302970,376982,3.41,6.06,0.6,-0.1,-0.8,중립,망치형,잔구간,0.79,0.675,2026-07-31
EVH,0.8,3.09,4524517,5897860,13.98,19.68,0.7,-0.9,-1.9,중립,팽이도지,전저점부근,0.47,0.71,2026-07-31
FNB,0.8,18.9,3855615,4890146,72.87,137.9,0.5,0.5,-1.0,매도주의,장대음봉,잔구간,0.24,-1.155,2026-07-31
FMNB,0.8,15.86,414774,504219,6.58,7.48,0.9,-0.2,0.0,중립,팽이도지,잔구간,0.31,-0.115,2026-07-31
FRSH,0.8,11.355,9360460,11718053,106.29,155.88,0.7,-1.5,2.4,강한매수,장대양봉,완만한상승,0.75,3.2,2026-07-31
FPE,0.8,17.77,858175,1065702,15.25,17.55,0.9,0.2,-0.1,중립,음봉,완만한상승,0.25,-0.1,2026-07-31
LCID,0.8,7.38,9239166,12270390,68.19,144.71,0.5,-0.5,-8.7,매도주의,장대음봉,잔구간,0.1,-1.24,2026-07-31
SBS,0.8,5.45,6117196,7816840,33.34,34.76,1.0,0.5,-0.9,중립,음봉,잔구간,0.05,-0.62,2026-07-31
SBGI,0.8,13.74,336868,421021,4.63,6.43,0.7,-0.9,0.7,매수관심,양봉스프링,잔구간,0.88,0.98,2026-07-31
SANA,0.8,3.13,2308123,2736288,7.22,8.07,0.9,0.0,-3.7,중립,음봉,잔구간,0.19,-0.535,2026-07-31
SABS,0.8,3.57,405027,490542,1.45,1.9,0.8,0.0,0.3,강한매수,양봉스프링,완만한상승,0.94,2.93,2026-07-31
LUNL,0.8,2.94,859599,1088249,2.53,4.19,0.6,10.0,-7.8,중립,음봉,잔구간,0.42,-0.4,2026-07-31
MAT,0.8,15.09,2813927,3499630,42.46,62.57,0.7,0.2,-1.0,매도주의,장대음봉,잔구간,0.34,-1.095,2026-07-31
MARA,0.8,11.32,38670715,50923026,437.75,653.76,0.7,1.7,-5.8,매도주의,장대음봉,잔구간,0.25,-1.15,2026-07-31
GCMG,0.8,12.48,314254,406676,3.92,7.66,0.5,-0.1,0.5,강한매수,양봉스프링,완만한상승,0.81,2.77,2026-07-31
FWRG,0.8,12.85,749380,958277,9.63,11.97,0.8,0.4,-4.0,매도주의,장대음봉,잔구간,0.31,-1.115,2026-07-31
SVM,0.8,9.36,1565992,1875708,14.66,20.43,0.7,-2.5,-0.4,중립,망치형,잔구간,0.67,0.6,2026-07-31
STUB,0.8,8.44,3447097,4407122,29.09,40.42,0.7,1.3,-2.2,중립,음봉,잔구간,0.41,-0.405,2026-07-31
GLAS,0.8,9.53,333725,429836,3.18,3.51,0.9,1.0,-4.7,매도주의,장대음봉,잔구간,0.11,-1.235,2026-07-31
GFUZ,0.8,10.09,354308,424520,3.57,3.29,1.1,5.5,1.9,중립,팽이도지,전고점부근,0.39,-0.58,2026-07-31
GETY,0.8,0.372,2751018,3598296,1.02,1.98,0.5,4.9,-6.2,매도주의,장대음봉,잔구간,0.31,-1.115,2026-07-31
GENI,0.8,6.93,5370753,6766299,37.22,46.49,0.8,-1.6,0.9,중립,팽이도지,잔구간,0.69,0.115,2026-07-31
GDRX,0.8,3.07,712654,924592,2.19,3.54,0.6,0.0,-3.2,매도주의,장대음봉,잔구간,0.09,-1.245,2026-07-31
KOPN,0.8,3.52,3156278,3926547,11.11,15.76,0.7,2.5,-4.0,중립,음봉,잔구간,0.35,-0.44,2026-07-31
LILAK,0.8,8.07,1123734,1360601,9.07,9.81,0.9,-0.6,1.6,매수관심,양봉,완만한상승,0.63,1.76,2026-07-31
LCTX,0.8,1.08,948845,1140758,1.02,1.24,0.8,0.0,-2.7,중립,음봉,잔구간,0.17,-0.55,2026-07-31
GSM,0.8,3.18,962930,1214226,3.06,3.78,0.8,-0.3,-0.6,중립,팽이도지,잔구간,0.52,0.01,2026-07-31
GRRR,0.8,11.09,703848,874757,7.81,11.88,0.7,4.2,-7.2,매도주의,장대음봉,잔구간,0.08,-1.25,2026-07-31
GRNT,0.8,4.75,613672,742256,2.91,3.33,0.9,-0.2,2.2,매수관심,장대양봉,잔구간,0.87,1.22,2026-07-31
GPRK,0.8,9.75,355021,430542,3.46,3.66,0.9,4.1,-2.3,중립,음봉,잔구간,0.46,-0.375,2026-07-31
HAYW,0.8,15.13,2700224,3542870,40.85,47.36,0.9,0.1,-1.6,매도주의,장대음봉,잔구간,0.1,-1.24,2026-07-31
HAFN,0.8,7.69,894021,1051794,6.88,8.07,0.9,-0.1,0.1,강한매수,양봉스프링,완만한상승,0.83,2.8,2026-07-31
SOUN,0.8,6.13,35460596,42111268,217.37,249.78,0.9,0.2,-0.4,중립,팽이도지,잔구간,0.36,-0.085,2026-07-31
HLLY,0.8,2.67,525679,643361,1.4,1.72,0.8,0.0,-1.5,중립,망치형,잔구간,0.62,0.57,2026-07-31
HLIT,0.8,11.55,1158335,1392721,13.38,15.51,0.9,2.0,0.9,중립,팽이도지,잔구간,0.73,0.14,2026-07-31
JACK,0.8,16.37,605368,733090,9.91,11.56,0.9,0.2,-0.1,매수관심,팽이도지,완만한상승,0.73,1.18,2026-07-31
SHNY,0.8,7.92,661994,791795,5.24,5.4,1.0,-5.2,0.6,매수관심,양봉스프링,잔구간,0.95,1.02,2026-07-31
KLAR,0.8,18.94,2317246,2851375,43.89,69.66,0.6,0.0,-0.3,중립,망치형,잔구간,0.68,0.61,2026-07-31
KULR,0.8,2.65,739393,968059,1.96,2.74,0.7,2.7,-0.4,중립,팽이도지,잔구간,0.4,-0.06,2026-07-31
KRNY,0.8,9.59,431347,547112,4.14,5.12,0.8,-0.2,-0.2,중립,팽이도지,잔구간,0.6,0.06,2026-07-31
SNDL,0.8,1.23,1871223,2360704,2.3,2.41,1.0,-0.8,-0.8,중립,망치형,잔구간,0.5,0.5,2026-07-31
IBIO,0.8,1.4,728593,908158,1.02,0.94,1.1,1.4,-0.7,매수관심,팽이도지,완만한상승,0.46,0.85,2026-07-31
INTR,0.8,5.6,2337284,3071879,13.09,21.71,0.6,-0.2,-0.5,중립,팽이도지,잔구간,0.41,-0.055,2026-07-31
IMRX,0.8,4.13,409671,512314,1.69,3.27,0.5,1.2,-3.5,매도주의,장대음봉,잔구간,0.32,-1.11,2026-07-31
SLS,0.8,10.01,5043890,6150436,50.49,81.68,0.6,0.8,-3.5,중립,음봉,잔구간,0.21,-0.525,2026-07-31
SLDP,0.8,2.06,3340388,4217271,6.88,8.43,0.8,2.9,-3.1,중립,음봉,잔구간,0.42,-0.4,2026-07-31
IQ,0.8,1.27,4874414,6251682,6.19,8.25,0.8,0.0,-0.8,중립,팽이도지,수횡파,0.5,0.6,2026-07-31
JELD,0.8,1.42,718995,936281,1.02,1.38,0.7,-0.7,5.2,강한매수,양봉,전고점돌파,0.92,2.7,2026-07-31
XPRO,0.8,15.95,882038,1142578,14.07,16.93,0.8,0.8,3.9,중립,양봉,잔구간,0.69,0.465,2026-07-31
AGNC,0.8,10.66,19248731,23549248,205.19,259.54,0.8,-1.6,-0.8,중립,음봉,잔구간,0.27,-0.49,2026-07-31
AGEN,0.8,7.5,1573848,2095330,11.8,12.64,0.9,-1.5,-3.7,중립,음봉,잔구간,0.27,-0.49,2026-07-31
ADBG,0.8,4.28,5683921,7447031,24.33,32.8,0.7,-3.1,4.9,강한매수,장대양봉,완만한상승,0.94,3.43,2026-07-31
AIV,0.8,2.69,618043,795265,1.66,2.6,0.6,0.0,1.1,매수관심,양봉,완만한상승,0.67,1.8,2026-07-31
AHCO,0.8,10.8,745993,929158,8.06,11.11,0.7,-0.6,1.7,강한매수,양봉,완만한상승,0.97,2.16,2026-07-31
PK,0.8,15.06,2946144,3643925,44.37,55.77,0.8,0.3,-0.3,중립,팽이도지,완만한상승,0.37,0.74,2026-07-31
PRME,0.8,2.92,1836833,2444377,5.36,8.41,0.6,0.3,-3.6,매도주의,장대음봉,잔구간,0.08,-1.25,2026-07-31
PRCT,0.8,18.62,1179280,1438533,21.96,25.42,0.9,0.1,3.4,강한매수,장대양봉,전고점돌파,0.95,4.04,2026-07-31
XRAY,0.8,13.37,3632712,4428058,48.57,69.01,0.7,-0.9,-1.8,중립,음봉,잔구간,0.33,-0.45,2026-07-31
ACB,0.8,2.79,1031561,1216127,2.88,3.18,0.9,0.0,-1.4,중립,음봉,잔구간,0.56,-0.315,2026-07-31
ABX,0.8,10.31,395646,503307,4.08,5.51,0.7,-0.7,-0.9,중립,음봉,잔구간,0.23,-0.51,2026-07-31
ABSI,0.8,7.78,2085634,2734664,16.23,22.78,0.7,2.2,-0.4,중립,팽이도지,잔구간,0.49,-0.005,2026-07-31
AMPY,0.7,3.91,390250,591952,1.53,2.45,0.6,0.5,3.7,중립,양봉,잔구간,0.92,0.6,2026-07-31
PATH,0.7,12.76,39871658,59137491,508.76,1046.46,0.5,-0.8,4.0,강한매수,장대양봉,전고점부근,0.91,2.04,2026-07-31
ANGX,0.7,4.06,843732,1177274,3.43,5.21,0.7,-1.5,0.7,매수관심,양봉스프링,잔구간,0.88,0.98,2026-07-31
VUZI,0.7,2.33,647831,991055,1.51,2.24,0.7,2.1,-2.1,중립,음봉,잔구간,0.33,-0.45,2026-07-31
ARDT,0.7,10.67,423920,628535,4.52,5.9,0.8,-0.7,0.2,매수관심,양봉스프링,잔구간,0.92,1.0,2026-07-31
ATAI,0.7,7.18,8917253,12257621,64.03,118.86,0.5,0.1,-0.1,중립,음봉,완만한상승,0.0,-0.4,2026-07-31
QS,0.7,5.22,23908619,35930653,124.8,177.64,0.7,1.7,-1.9,중립,음봉,잔구간,0.44,-0.385,2026-07-31
QDEL,0.7,16.77,739537,1023376,12.4,17.53,0.7,-0.1,1.3,강한매수,양봉스프링,수횡파,0.9,3.58,2026-07-31
IAUX,0.7,1.29,4851358,6806148,6.26,11.16,0.6,-3.0,-0.8,매도주의,위꼬리음봉,잔구간,0.0,-1.05,2026-07-31
IONL,0.7,11.71,663223,975746,7.77,9.63,0.8,3.1,0.8,중립,팽이도지,잔구간,0.42,-0.05,2026-07-31
INV,0.7,3.22,1137148,1675852,3.66,6.55,0.6,0.3,-3.0,중립,음봉,잔구간,0.35,-0.44,2026-07-31
INMD,0.7,15.14,472629,634241,7.16,8.55,0.8,-0.0,0.3,매수관심,양봉,완만한상승,0.74,1.89,2026-07-31
INFQ,0.7,9.83,6577067,9050668,64.65,90.76,0.7,1.9,-3.3,중립,음봉,잔구간,0.38,-0.42,2026-07-31
SMCL,0.7,10.46,522266,735253,5.46,12.92,0.4,5.7,-0.9,중립,팽이도지,잔구간,0.57,0.04,2026-07-31
IQST,0.7,1.04,1358695,1923468,1.41,2.38,0.6,0.0,-1.9,중립,팽이도지,잔구간,0.5,0.0,2026-07-31
ABEO,0.7,6.42,662352,906276,4.25,7.08,0.6,0.6,-1.4,중립,망치형,잔구간,0.55,0.53,2026-07-31
ORIC,0.7,11.07,1238822,1871386,13.71,19.62,0.7,0.3,-5.1,매도주의,장대음봉,잔구간,0.12,-1.23,2026-07-31
OPK,0.7,1.32,2828760,3786469,3.73,9.81,0.4,-0.4,-0.8,중립,팽이도지,잔구간,0.33,-0.1,2026-07-31
VNDA,0.7,5.1,540608,819193,2.76,4.39,0.6,-0.4,-1.2,중립,망치형,잔구간,0.71,0.625,2026-07-31
AVTR,0.7,13.78,12415884,16984520,171.09,204.21,0.8,-3.2,2.7,매수관심,장대양봉,잔구간,0.71,1.125,2026-07-31
BEKE,0.7,16.95,2190328,3292259,37.13,58.81,0.6,-1.3,1.1,중립,양봉,잔구간,0.97,0.63,2026-07-31
QTTB,0.7,15.68,387121,531809,6.07,10.58,0.6,1.1,-0.3,매수관심,팽이도지,완만한상승,0.69,1.13,2026-07-31
NN,0.7,13.11,1412291,1905971,18.52,36.12,0.5,1.4,-3.7,중립,음봉,잔구간,0.16,-0.555,2026-07-31
SIBN,0.7,17.76,369673,536361,6.57,8.22,0.8,-0.5,-0.8,중립,팽이도지,잔구간,0.34,-0.095,2026-07-31
KLRA,0.7,16.94,414142,570096,7.02,9.26,0.8,0.3,-0.9,중립,팽이도지,잔구간,0.52,0.01,2026-07-31
KD,0.7,13.55,3403520,5035787,46.12,54.07,0.9,-1.6,1.9,매수관심,양봉,완만한상승,0.66,1.79,2026-07-31
HYMC,0.7,19.53,1063459,1526752,20.77,30.02,0.7,-2.8,0.1,매수관심,양봉스프링,잔구간,0.82,0.94,2026-07-31
HPP,0.7,13.77,508384,726807,7.0,10.03,0.7,2.2,-4.6,매도주의,장대음봉,잔구간,0.11,-1.235,2026-07-31
SMCZ,0.7,7.23,931352,1304476,6.73,22.48,0.3,-7.1,2.1,중립,팽이도지,잔구간,0.43,-0.04,2026-07-31
NVCR,0.7,14.84,1228737,1659318,18.23,40.74,0.4,1.5,-4.0,강한매도,장대음봉,전저점이탈,0.01,-3.34,2026-07-31
NU,0.7,14.33,47607034,63758379,682.21,1436.72,0.5,-0.1,-1.0,중립,음봉,잔구간,0.28,-0.48,2026-07-31
OBE,0.7,10.72,776800,1075670,8.33,11.38,0.7,0.1,5.5,강한매수,장대양봉,완만한상승,0.95,3.44,2026-07-31
NXDR,0.7,2.22,1526565,2096816,3.39,5.89,0.6,-0.9,-0.4,중립,팽이도지,잔구간,0.44,-0.035,2026-07-31
NVTS,0.7,10.86,13098208,19430875,142.25,184.8,0.8,5.5,-6.5,매도주의,장대음봉,잔구간,0.23,-1.16,2026-07-31
BOBS,0.7,16.67,752800,1004376,12.55,15.36,0.8,-0.1,1.6,매수관심,양봉,완만한상승,0.63,1.76,2026-07-31
BTCZ,0.7,5.66,13620466,19373420,77.09,110.66,0.7,3.2,2.7,강한매수,장대양봉,완만한상승,0.61,3.03,2026-07-31
BSOL,0.7,9.97,1641689,2265438,16.37,24.81,0.7,-1.2,-1.1,매도주의,장대음봉,잔구간,0.27,-1.14,2026-07-31
BSIN,0.7,1.14,1233299,1740282,1.41,2.53,0.6,1.8,0.0,중립,위꼬리양봉,완만한상승,0.14,-0.53,2026-07-31
HAPN,0.7,19.14,1241474,1707425,23.76,35.15,0.7,0.4,-1.4,중립,음봉,잔구간,0.16,-0.555,2026-07-31
SOFI,0.7,16.31,56688848,83243685,924.6,1559.57,0.6,-0.2,-0.8,중립,망치형,잔구간,0.72,0.63,2026-07-31
HOVR,0.7,1.72,617022,947911,1.06,2.65,0.4,0.0,-1.1,중립,팽이도지,잔구간,0.5,0.0,2026-07-31
HMY,0.7,15.75,1919905,2640075,30.24,40.84,0.7,-2.1,-0.4,중립,망치형,잔구간,0.7,0.62,2026-07-31
HLN,0.7,9.87,10997928,16502086,108.55,144.43,0.8,-1.8,-0.6,중립,음봉,잔구간,0.36,-0.435,2026-07-31
HL,0.7,14.12,26518659,38771367,374.44,740.56,0.5,-1.9,-3.6,매도주의,장대음봉,잔구간,0.23,-1.16,2026-07-31
HYNX,0.7,18.92,1675506,2318739,31.7,41.28,0.8,14.8,-19.2,매도주의,장대음봉,잔구간,0.01,-1.295,2026-07-31
JANX,0.7,15.17,510507,687527,7.74,12.73,0.6,-0.2,-2.4,매도주의,장대음봉,잔구간,0.3,-1.12,2026-07-31
IVVD,0.7,0.535,2303817,3399428,1.23,2.05,0.6,0.0,-8.0,매도주의,장대음봉,전저점부근,0.1,-1.73,2026-07-31
USA,0.7,5.81,1124536,1613611,6.53,8.74,0.7,0.5,-0.5,중립,음봉,완만한상승,0.47,0.16,2026-07-31
UNCY,0.7,5.01,486300,742211,2.44,4.71,0.5,-0.8,-4.8,매도주의,장대음봉,잔구간,0.1,-1.24,2026-07-31
CDZI,0.7,2.99,751206,1117221,2.25,3.95,0.6,0.6,-5.4,매도주의,장대음봉,잔구간,0.0,-1.3,2026-07-31
CLBK,0.7,10.81,5070913,6940625,54.82,184.18,0.3,-0.2,-1.1,중립,음봉,잔구간,0.36,-0.435,2026-07-31
CIG,0.7,2.19,3782858,5789854,8.28,11.68,0.7,0.0,0.9,매수관심,양봉,완만한상승,0.75,1.9,2026-07-31
CMRC,0.7,3.13,368134,544997,1.15,1.7,0.7,-1.6,0.6,매수관심,양봉스프링,잔구간,0.78,0.92,2026-07-31
CMPS,0.7,11.35,1986053,2718916,22.54,38.69,0.6,0.3,-2.2,중립,음봉,잔구간,0.25,-0.5,2026-07-31
NCNO,0.7,18.46,1805530,2610061,33.33,41.14,0.8,-1.5,1.9,매수관심,양봉,완만한상승,0.68,1.82,2026-07-31
REAL,0.7,12.09,1831113,2668216,22.14,29.81,0.7,2.0,-0.5,매수관심,팽이도지,완만한상승,0.55,0.96,2026-07-31
LILA,0.7,8.15,512296,741219,4.18,4.99,0.8,-1.0,1.6,매수관심,양봉,완만한상승,0.54,1.65,2026-07-31
LI,0.7,13.63,3029763,4069691,41.3,52.43,0.8,0.6,0.4,강한매수,양봉스프링,완만한상승,0.95,2.94,2026-07-31
LFMD,0.7,3.5,573084,849346,2.01,3.26,0.6,-0.5,-3.3,매도주의,음봉,전저점이탈,0.24,-1.76,2026-07-31
GRAB,0.7,3.5,42223549,62319520,147.78,168.0,0.9,0.9,2.0,강한매수,장대양봉,완만한상승,0.91,3.39,2026-07-31
GORO,0.7,2.08,1197383,1679800,2.49,10.84,0.2,-3.6,-3.3,중립,음봉,잔구간,0.33,-0.45,2026-07-31
SSL,0.7,11.7,866917,1244946,10.14,13.45,0.8,-0.6,0.5,매수관심,양봉스프링,잔구간,0.96,1.025,2026-07-31
SRXH,0.7,1.38,1056934,1412784,1.46,3.63,0.4,2.0,-8.6,강한매도,장대음봉,전저점이탈,0.07,-3.27,2026-07-31
SRTA,0.7,5.02,760762,1127026,3.82,5.1,0.7,0.4,-1.8,중립,음봉,잔구간,0.38,-0.42,2026-07-31
HELP,0.7,7.82,687065,1001988,5.37,14.63,0.4,-0.1,-3.8,매도주의,장대음봉,잔구간,0.11,-1.235,2026-07-31
RDWU,0.7,4.49,692876,1034071,3.11,5.28,0.6,7.6,-4.1,강한매수,망치형,완만한상승,0.59,2.01,2026-07-31
NIQ,0.7,11.17,1045745,1518964,11.68,16.3,0.7,-1.3,-0.5,중립,팽이도지,잔구간,0.26,-0.145,2026-07-31
NG,0.7,5.83,3801485,5189133,22.16,40.38,0.5,-3.0,-1.0,중립,팽이도지,잔구간,0.48,-0.01,2026-07-31
NEXA,0.7,12.85,373203,503305,4.8,6.36,0.8,-2.4,0.0,중립,팽이도지,잔구간,0.47,-0.02,2026-07-31
CLYM,0.7,11.9,653816,924268,7.78,13.16,0.6,1.0,-2.5,중립,음봉,잔구간,0.57,-0.31,2026-07-31
CLBT,0.7,14.75,650955,957607,9.6,17.61,0.5,-0.8,2.1,강한매수,장대양봉,완만한상승,0.84,3.31,2026-07-31
COMP,0.7,11.39,8840172,11984921,100.69,129.08,0.8,1.7,-2.2,중립,음봉,잔구간,0.45,-0.38,2026-07-31
COLD,0.7,14.09,2528506,3674236,35.63,61.18,0.6,-0.1,-2.4,매도주의,장대음봉,잔구간,0.2,-1.18,2026-07-31
CRON,0.7,2.83,728458,1005138,2.06,2.53,0.8,0.0,-2.1,매도주의,장대음봉,잔구간,0.22,-1.17,2026-07-31
TSLZ,0.7,17.25,1331894,1783714,22.98,40.73,0.6,-0.6,-0.9,중립,팽이도지,잔구간,0.32,-0.11,2026-07-31
GBDC,0.7,12.83,610107,845409,7.83,10.71,0.7,-0.2,0.1,중립,팽이도지,잔구간,0.61,0.065,2026-07-31
FWRD,0.7,14.05,503451,686860,7.07,13.53,0.5,1.8,-2.8,매도주의,장대음봉,잔구간,0.34,-1.095,2026-07-31
SVV,0.7,10.26,617725,826049,6.34,6.73,0.9,1.2,-1.9,중립,음봉,잔구간,0.37,-0.43,2026-07-31
SVRA,0.7,5.46,1168543,1586156,6.38,11.0,0.6,0.0,-1.4,중립,음봉,잔구간,0.39,-0.415,2026-07-31
SGRY,0.7,15.4,1138180,1636605,17.53,25.83,0.7,0.0,-3.1,매도주의,장대음봉,잔구간,0.04,-1.275,2026-07-31
SG,0.7,6.45,3133268,4402256,20.21,41.84,0.5,0.0,-1.5,중립,음봉,잔구간,0.23,-0.51,2026-07-31
SFL,0.7,12.34,967192,1473217,11.94,16.82,0.7,-0.1,0.4,중립,양봉,전고점부근,0.76,0.56,2026-07-31
SERV,0.7,4.78,2266678,3389133,10.83,15.02,0.7,2.8,-3.3,중립,음봉,잔구간,0.36,-0.435,2026-07-31
LAC,0.7,2.87,4895678,6623626,14.05,22.43,0.6,0.3,-1.0,중립,팽이도지,잔구간,0.5,0.0,2026-07-31
TDAY,0.7,8.69,1200192,1752010,10.43,13.59,0.8,-0.7,0.5,중립,팽이도지,잔구간,0.39,-0.065,2026-07-31
EVGO,0.7,1.58,2780476,3837969,4.39,5.57,0.8,1.2,-6.5,매도주의,장대음봉,잔구간,0.21,-1.175,2026-07-31
EVC,0.7,11.22,1047893,1534685,11.76,15.71,0.7,-0.9,-2.5,중립,음봉,잔구간,0.39,-0.415,2026-07-31
EVLV,0.7,5.53,1359611,1984423,7.52,10.5,0.7,-0.9,1.8,매수관심,장대양봉,잔구간,0.61,1.065,2026-07-31
FSM,0.7,8.43,4288408,5917328,36.15,48.34,0.7,-2.5,-1.4,중립,음봉,잔구간,0.44,-0.385,2026-07-31
LBTYK,0.7,10.36,1046912,1610606,10.85,16.18,0.7,-0.1,1.3,강한매수,양봉,전고점돌파,0.92,2.7,2026-07-31
LX,0.7,1.46,1286058,1855555,1.88,3.18,0.6,-0.7,-1.4,중립,음봉,잔구간,0.5,-0.35,2026-07-31
LRMR,0.7,3.82,1059290,1487528,4.05,5.13,0.8,-0.1,0.0,중립,팽이도지,잔구간,0.72,0.13,2026-07-31
MAMA,0.7,18.43,306959,424328,5.66,8.57,0.7,0.5,0.4,매수관심,팽이도지,완만한상승,0.61,1.03,2026-07-31
LYFT,0.7,15.86,9565291,13631636,151.71,195.08,0.8,0.6,1.4,중립,양봉,전고점부근,0.89,0.72,2026-07-31
TSLT,0.7,10.2,2860048,3854991,29.17,37.73,0.8,0.7,0.6,중립,팽이도지,잔구간,0.67,0.1,2026-07-31
TRT,0.7,9.98,309242,432632,3.09,3.88,0.8,3.4,-2.3,중립,음봉,잔구간,0.26,-0.495,2026-07-31
DAMD,0.7,1.72,52081015,74359691,89.58,123.91,0.7,-10.8,15.4,강한매수,장대양봉,완만한상승,0.96,3.45,2026-07-31
CYRX,0.7,15.09,396076,573085,5.98,10.03,0.6,-0.1,-1.5,중립,음봉,잔구간,0.51,-0.345,2026-07-31
MIST,0.7,1.11,1063442,1477813,1.18,1.48,0.8,1.7,-5.1,매도주의,장대음봉,잔구간,0.32,-1.11,2026-07-31
RKT,0.7,12.9,21349099,29254018,275.4,415.82,0.7,-0.8,-2.0,중립,음봉,잔구간,0.25,-0.5,2026-07-31
RKLX,0.7,16.37,2006721,2980302,32.85,54.67,0.6,5.1,-4.2,중립,음봉,완만한상승,0.44,0.13,2026-07-31
MRTN,0.7,14.79,661362,956935,9.78,11.92,0.8,0.7,-0.7,중립,음봉,잔구간,0.2,-0.53,2026-07-31
RXT,0.7,4.13,4446982,6565453,18.37,29.28,0.6,0.2,-2.1,중립,음봉,잔구간,0.15,-0.56,2026-07-31
RUN,0.7,9.81,7289006,10222807,71.51,97.11,0.7,2.7,0.3,매수관심,양봉스프링,잔구간,0.79,0.925,2026-07-31
RSKD,0.7,5.19,342409,462085,1.78,2.75,0.6,-1.3,0.4,중립,팽이도지,잔구간,0.57,0.04,2026-07-31
TIMB,0.7,19.17,453123,615833,8.69,11.86,0.7,0.8,-0.5,중립,팽이도지,잔구간,0.41,-0.055,2026-07-31
ERAS,0.7,18.15,2696841,3758274,48.95,71.96,0.7,0.2,-3.1,중립,음봉,잔구간,0.33,-0.45,2026-07-31
EPRX,0.7,6.4,457159,648369,2.93,3.15,0.9,0.0,-2.3,중립,음봉,잔구간,0.42,-0.4,2026-07-31
ENTX,0.7,2.99,1059800,1487237,3.17,35.55,0.1,0.0,1.4,중립,위꼬리양봉,잔구간,0.25,-0.65,2026-07-31
MUX,0.7,17.29,561102,797902,9.7,14.02,0.7,-2.7,0.4,매수관심,양봉스프링,잔구간,0.78,0.92,2026-07-31
TRDA,0.7,6.79,352598,506548,2.39,3.09,0.8,-0.9,1.2,매수관심,팽이도지,완만한상승,0.73,1.18,2026-07-31
TOYO,0.7,5.15,465593,642400,2.4,3.23,0.7,2.9,-3.2,중립,음봉,잔구간,0.35,-0.44,2026-07-31
TLS,0.7,4.44,318514,428094,1.41,1.96,0.7,1.0,1.4,매수관심,양봉,완만한상승,0.69,1.83,2026-07-31
DRN,0.7,11.15,548540,766197,6.12,8.59,0.7,-0.3,-1.3,중립,음봉,잔구간,0.58,-0.3,2026-07-31
MGNX,0.7,3.69,410834,620990,1.52,3.31,0.5,0.3,-2.6,중립,음봉,잔구간,0.43,-0.39,2026-07-31
MGNI,0.7,19.3,1358944,2043678,26.23,42.34,0.6,-0.9,0.4,중립,팽이도지,잔구간,0.62,0.07,2026-07-31
MBLY,0.7,7.94,7548517,11396071,59.94,79.77,0.8,0.9,-0.4,중립,망치형,잔구간,0.71,0.625,2026-07-31
MBI,0.7,5.12,443334,600497,2.27,2.83,0.8,-0.4,-4.3,강한매도,장대음봉,전저점이탈,0.09,-3.24,2026-07-31
RZLT,0.7,4.72,776975,1063505,3.67,5.8,0.6,0.6,-3.9,중립,음봉,잔구간,0.48,-0.36,2026-07-31
RYLD,0.7,16.01,455347,636741,7.29,10.51,0.7,-0.1,-0.1,중립,망치형,잔구간,0.68,0.61,2026-07-31
APLX,0.7,9.75,1685141,2523692,16.43,18.17,0.9,13.8,-16.0,매도주의,장대음봉,잔구간,0.14,-1.215,2026-07-31
ONDG,0.7,2.472,2137494,2972172,5.28,8.89,0.6,4.0,-6.7,중립,음봉,잔구간,0.52,-0.34,2026-07-31
PUMP,0.7,11.1,4970580,7205802,55.17,65.42,0.8,2.6,0.0,중립,팽이도지,잔구간,0.56,0.035,2026-07-31
PTLO,0.7,4.57,712661,1022579,3.26,4.93,0.7,0.0,-1.1,중립,음봉,잔구간,0.47,-0.37,2026-07-31
PDYN,0.7,5.23,543960,762765,2.84,3.97,0.7,2.1,-1.1,중립,팽이도지,잔구간,0.44,-0.035,2026-07-31
PDO,0.7,13.04,403445,599298,5.26,7.08,0.7,0.3,-1.0,매도주의,장대음봉,잔구간,0.04,-1.275,2026-07-31
XFOR,0.7,3.98,415501,576806,1.65,2.34,0.7,0.0,-0.5,중립,팽이도지,잔구간,0.61,0.065,2026-07-31
AESI,0.7,10.79,3314960,4984538,35.77,48.24,0.7,2.2,2.5,매수관심,양봉스프링,잔구간,0.9,0.99,2026-07-31
ADUR,0.7,13.78,322076,457373,4.44,7.97,0.6,1.5,-0.9,중립,망치형,잔구간,0.6,0.56,2026-07-31
ADMA,0.7,8.46,1619915,2263231,13.7,22.02,0.6,-1.0,-1.4,중립,음봉,잔구간,0.35,-0.44,2026-07-31
ALLO,0.7,1.88,5521843,8430788,10.38,12.17,0.9,0.0,-4.6,매도주의,장대음봉,잔구간,0.14,-1.215,2026-07-31
PLUG,0.7,2.06,38018584,55271040,78.32,101.2,0.8,2.9,-4.2,중립,음봉,잔구간,0.33,-0.45,2026-07-31
ACI,0.7,11.58,9129132,12824166,105.72,163.5,0.6,-0.4,0.3,중립,팽이도지,잔구간,0.74,0.145,2026-07-31
XXI,0.6,4.27,1081065,1713030,4.62,10.65,0.4,-1.3,-2.7,중립,음봉,잔구간,0.5,-0.35,2026-07-31
YEXT,0.6,5.46,638096,1014120,3.48,5.38,0.6,-2.2,1.3,중립,양봉,잔구간,0.57,0.39,2026-07-31
ZGN,0.6,14.71,801592,1359412,11.79,18.17,0.6,0.1,-1.0,중립,음봉,잔구간,0.24,-0.505,2026-07-31
AIBZ,0.6,6.42,402093,702098,2.58,3.45,0.7,7.6,-10.7,매도주의,장대음봉,잔구간,0.21,-1.175,2026-07-31
ZLAB,0.6,18.27,353712,619021,6.46,12.24,0.5,0.1,0.2,중립,팽이도지,잔구간,0.38,-0.07,2026-07-31
AEG,0.6,9.44,3951153,6128185,37.3,52.61,0.7,-0.1,0.1,중립,팽이도지,전고점부근,0.55,-0.39,2026-07-31
WRD,0.6,5.82,1075451,1767688,6.26,10.95,0.6,0.2,-2.3,매도주의,장대음봉,잔구간,0.38,-1.07,2026-07-31
PAGS,0.6,9.64,1385624,2402803,13.36,26.26,0.5,-0.6,-1.4,중립,음봉,잔구간,0.3,-0.47,2026-07-31
WHWK,0.6,3.85,309831,504215,1.19,1.65,0.7,0.5,-0.5,중립,팽이도지,잔구간,0.59,0.055,2026-07-31
WIT,0.6,1.98,5822859,9751015,11.53,16.75,0.7,-1.5,3.1,강한매수,장대양봉,완만한상승,0.75,3.2,2026-07-31
TE,0.6,4.17,27770225,43787881,115.8,238.7,0.5,4.9,-6.9,매도주의,장대음봉,잔구간,0.28,-1.13,2026-07-31
TIGR,0.6,4.9,1099482,1769002,5.39,9.95,0.5,0.0,0.4,매수관심,양봉스프링,잔구간,0.81,0.935,2026-07-31
ENVX,0.6,4.09,4649100,8341561,19.01,27.88,0.7,2.2,-4.2,중립,음봉,잔구간,0.43,-0.39,2026-07-31
DQ,0.6,12.17,635363,1044473,7.73,9.43,0.8,-0.7,1.2,매수관심,양봉,완만한상승,0.8,1.96,2026-07-31
DGXX,0.6,3.68,1901760,3296187,7.0,17.72,0.4,2.1,-5.2,매도주의,장대음봉,잔구간,0.13,-1.22,2026-07-31
MCHB,0.6,16.79,624631,976750,10.49,15.58,0.7,-0.1,1.2,강한매수,장대양봉,완만한상승,0.82,3.28,2026-07-31
WRN,0.6,2.04,760637,1374238,1.55,2.96,0.5,-0.9,-2.4,중립,음봉,잔구간,0.26,-0.495,2026-07-31
RXST,0.6,6.01,540865,889577,3.25,5.24,0.6,0.0,-1.2,중립,망치형,잔구간,0.59,0.555,2026-07-31
RR,0.6,1.42,3717011,6429778,5.28,9.12,0.6,2.8,-4.1,매도주의,장대음봉,잔구간,0.22,-1.17,2026-07-31
EGHT,0.6,1.9,1184429,2009549,2.25,3.56,0.6,-1.6,4.4,강한매수,장대양봉,완만한상승,1.0,3.5,2026-07-31
EQPT,0.6,18.75,2195895,3510250,41.17,77.39,0.5,0.0,-0.3,중립,팽이도지,잔구간,0.55,0.03,2026-07-31
LPTH,0.6,10.37,1727614,2774840,17.92,33.09,0.5,2.5,-2.0,중립,음봉,완만한상승,0.53,0.24,2026-07-31
STDN,0.6,7.89,590405,1045535,4.66,12.42,0.4,0.1,3.7,중립,양봉,잔구간,0.68,0.46,2026-07-31
SPWR,0.6,0.301,3367770,5640928,1.01,2.87,0.4,0.0,-5.5,매도주의,장대음봉,잔구간,0.06,-1.265,2026-07-31
TTDU,0.6,2.585,607851,1031279,1.57,3.08,0.5,-1.5,-1.3,중립,망치형,잔구간,0.58,0.55,2026-07-31
LASE,0.6,0.98,1350668,2130939,1.32,6.57,0.2,1.9,-1.9,중립,팽이도지,잔구간,0.33,-0.1,2026-07-31
GEVO,0.6,1.48,2054644,3237177,3.04,6.55,0.5,-0.7,-2.6,매도주의,장대음봉,잔구간,0.15,-1.21,2026-07-31
CRMG,0.6,5.46,3633968,6316356,19.84,30.3,0.7,-3.2,7.3,강한매수,장대양봉,완만한상승,0.98,3.48,2026-07-31
KYTX,0.6,7.3,527090,955924,3.85,6.83,0.6,0.4,-2.9,중립,음봉,잔구간,0.35,-0.44,2026-07-31
CSQR,0.6,19.96,1035490,1771684,20.67,51.63,0.4,-0.7,-4.1,강한매도,장대음봉,전저점이탈,0.05,-3.29,2026-07-31
FSK,0.6,10.57,1544523,2526068,16.33,23.81,0.7,0.4,-0.3,매수관심,팽이도지,완만한상승,0.55,0.96,2026-07-31
MH,0.6,10.96,378699,680223,4.15,5.62,0.7,-1.8,3.2,강한매수,장대양봉,완만한상승,0.98,3.48,2026-07-31
ZVRA,0.6,9.51,971429,1609060,9.24,18.25,0.5,0.6,-2.0,중립,음봉,잔구간,0.41,-0.405,2026-07-31
SHOE,0.6,15.2,340711,565855,5.18,12.96,0.4,0.0,-1.8,매도주의,장대음봉,잔구간,0.12,-1.23,2026-07-31
NOWL,0.6,5.24,16553122,26915931,86.74,109.28,0.8,-2.9,5.2,매수관심,양봉,완만한상승,0.81,1.97,2026-07-31
QXO,0.6,13.3,12687166,20119172,168.74,289.21,0.6,1.0,-2.1,중립,음봉,잔구간,0.24,-0.505,2026-07-31
BLND,0.6,1.78,1071069,1675939,1.91,3.55,0.5,-1.1,2.9,매수관심,양봉,완만한상승,0.78,1.94,2026-07-31
VIVK,0.6,1.94,8260634,14100992,16.03,88.46,0.2,-0.5,-4.0,매도주의,위꼬리음봉,잔구간,0.16,-0.955,2026-07-31
JMIA,0.6,5.95,776947,1355613,4.62,10.82,0.4,1.8,-2.1,매도주의,장대음봉,수횡파,0.15,-1.82,2026-07-31
OPTX,0.6,6.53,317011,514915,2.07,3.37,0.6,1.9,0.3,중립,팽이도지,잔구간,0.58,0.05,2026-07-31
OPTU,0.6,0.762,2300607,4004794,1.75,3.82,0.5,0.1,2.9,중립,양봉,잔구간,0.84,0.555,2026-07-31
ITRG,0.6,2.09,1726464,2780584,3.61,6.99,0.5,-1.9,-1.4,중립,망치형,잔구간,0.58,0.55,2026-07-31
ITG,0.6,12.94,325816,584361,4.22,7.21,0.6,0.9,-0.1,중립,팽이도지,수횡파,0.36,0.43,2026-07-31
ASPI,0.6,4.0,2335816,3697840,9.34,16.68,0.6,1.7,-1.1,중립,팽이도지,잔구간,0.48,-0.01,2026-07-31
WCMI,0.6,19.105,578891,918182,11.06,18.26,0.6,0.1,-0.6,중립,음봉,잔구간,0.63,-0.27,2026-07-31
SMJF,0.6,5.68,692861,1109143,3.94,6.62,0.6,-0.2,1.6,강한매수,장대양봉,완만한상승,1.0,3.5,2026-07-31
HYLN,0.6,3.56,1540003,2705947,5.48,10.8,0.5,2.5,-4.0,중립,음봉,잔구간,0.18,-0.54,2026-07-31
SMPL,0.6,10.18,1646609,2802861,16.76,29.39,0.6,-1.0,-1.0,중립,음봉,잔구간,0.24,-0.505,2026-07-31
SMWB,0.6,7.17,359007,569164,2.57,5.11,0.5,0.0,-0.7,중립,팽이도지,잔구간,0.49,-0.005,2026-07-31
BZAI,0.6,0.79,2407557,3749318,1.9,3.07,0.6,1.8,-4.1,중립,음봉,잔구간,0.43,-0.39,2026-07-31
CALY,0.6,18.46,1154300,1963206,21.31,34.02,0.6,1.4,-1.8,매도주의,장대음봉,잔구간,0.05,-1.27,2026-07-31
BSCV,0.6,16.215,316810,497454,5.14,8.24,0.6,-0.1,-0.1,중립,음봉,잔구간,0.51,-0.345,2026-07-31
VG,0.6,13.38,10457142,17343375,139.92,260.13,0.5,0.8,0.3,매수관심,팽이도지,완만한상승,0.6,1.02,2026-07-31
BITO,0.6,8.52,83315977,147927985,709.85,2374.07,0.3,-1.6,-1.3,중립,음봉,잔구간,0.43,-0.39,2026-07-31
NRGV,0.6,2.85,2432179,3915655,6.93,12.36,0.6,4.6,-3.7,중립,음봉,잔구간,0.3,-0.47,2026-07-31
ICL,0.6,5.06,600810,992395,3.04,5.28,0.6,-0.4,-1.9,강한매도,장대음봉,전저점이탈,0.12,-3.21,2026-07-31
GTN,0.6,4.04,724015,1151446,2.93,4.27,0.7,-0.2,-0.2,중립,망치형,잔구간,0.76,0.655,2026-07-31
SIGA,0.6,3.27,661031,1074748,2.16,3.3,0.7,0.0,0.6,중립,팽이도지,잔구간,0.71,0.125,2026-07-31
HLX,0.6,9.51,947776,1462717,9.01,13.48,0.7,1.1,2.3,강한매수,양봉,완만한상승,0.94,2.13,2026-07-31
USOY,0.6,7.34,308576,481733,2.26,3.1,0.7,1.8,-0.7,중립,음봉,잔구간,0.4,-0.41,2026-07-31
UTZ,0.6,14.12,2839963,4587656,40.1,161.9,0.2,-0.1,0.1,중립,위꼬리양봉,완만한상승,0.22,-0.44,2026-07-31
NAK,0.6,1.4,2793684,5033983,3.91,7.48,0.5,2.2,-1.4,중립,음봉,잔구간,0.5,-0.35,2026-07-31
RETL,0.6,9.56,330872,511211,3.16,4.06,0.8,1.1,-3.7,매도주의,장대음봉,잔구간,0.29,-1.125,2026-07-31
LION,0.6,13.28,1145940,1905940,15.22,26.04,0.6,0.2,-1.0,중립,음봉,잔구간,0.47,-0.37,2026-07-31
GSOL,0.6,5.51,2156853,3529387,11.88,26.25,0.5,-1.2,-1.1,매도주의,장대음봉,잔구간,0.25,-1.15,2026-07-31
QSI,0.6,0.712,1840507,3278797,1.31,2.0,0.7,1.4,-2.4,중립,음봉,잔구간,0.06,-0.615,2026-07-31
ACDC,0.6,4.04,1231201,1924392,4.97,6.4,0.8,1.6,7.2,매수관심,장대양봉,잔구간,0.96,1.275,2026-07-31
AAL,0.6,15.27,48102194,80342190,734.52,1544.8,0.5,0.4,-1.4,매도주의,장대음봉,잔구간,0.28,-1.13,2026-07-31
WEAV,0.6,6.54,601550,942521,3.93,6.6,0.6,-2.9,2.7,매수관심,장대양봉,잔구간,0.74,1.145,2026-07-31
PLTD,0.6,8.25,23593410,38468072,194.65,327.2,0.6,0.1,-0.8,매도주의,위꼬리음봉,잔구간,0.08,-1.0,2026-07-31
QNST,0.6,15.5,419975,673599,6.51,11.95,0.5,-0.3,0.3,매수관심,팽이도지,완만한상승,0.7,1.14,2026-07-31
QBTX,0.6,7.64,1704028,2623776,13.02,17.48,0.7,4.1,-2.7,매도주의,위꼬리음봉,잔구간,0.19,-0.935,2026-07-31
INTW,0.6,19.41,4420012,7919686,85.79,152.09,0.6,11.5,-12.4,매도주의,장대음봉,잔구간,0.01,-1.295,2026-07-31
ZENA,0.5,1.28,808099,1676001,1.03,2.27,0.5,1.5,-3.0,중립,음봉,잔구간,0.42,-0.4,2026-07-31
RERE,0.5,4.24,653635,1221159,2.77,3.72,0.7,-0.2,1.9,강한매수,장대양봉,완만한상승,0.66,3.09,2026-07-31
SPAL,0.5,9.82,649446,1283822,6.38,16.62,0.4,1.8,-8.8,매도주의,장대음봉,잔구간,0.1,-1.24,2026-07-31
JBLU,0.5,6.03,26992873,57519675,162.77,267.54,0.6,1.3,-2.0,중립,음봉,잔구간,0.14,-0.565,2026-07-31
JBS,0.5,14.02,3547620,7122671,49.74,75.68,0.7,-1.0,-0.9,중립,음봉,잔구간,0.54,-0.325,2026-07-31
NNBR,0.5,3.31,782373,1566477,2.59,5.58,0.5,0.3,-1.2,중립,팽이도지,잔구간,0.45,-0.03,2026-07-31
SHC,0.5,17.86,1514721,3251638,27.05,57.4,0.5,-0.2,0.3,강한매수,양봉스프링,완만한상승,0.87,2.84,2026-07-31
LBRT,0.5,18.71,5399969,10864264,101.03,150.68,0.7,3.5,0.7,중립,팽이도지,잔구간,0.73,0.14,2026-07-31
MRVI,0.5,6.57,1087353,2044847,7.14,15.45,0.5,0.1,-2.8,중립,음봉,잔구간,0.38,-0.42,2026-07-31
RPD,0.5,9.65,1345664,2506718,12.99,25.14,0.5,-1.6,3.4,중립,양봉,잔구간,0.62,0.42,2026-07-31
LXFR,0.5,17.03,308290,607846,5.25,10.17,0.5,0.4,-0.3,매도주의,장대음봉,완만한상승,0.13,-1.54,2026-07-31
ENGS,0.5,2.61,532214,1013485,1.39,2.63,0.5,1.5,-1.9,중립,음봉,잔구간,0.44,-0.385,2026-07-31
FUN,0.5,17.33,1170081,2128920,20.28,35.19,0.6,1.5,-3.6,매도주의,장대음봉,잔구간,0.14,-1.215,2026-07-31
ZCMD,0.5,1.13,2023427,4485072,2.29,65.11,0.0,-7.0,-5.0,중립,음봉,전저점부근,0.5,0.05,2026-07-31
AIRJ,0.5,4.23,805636,1599704,3.41,7.98,0.4,1.8,-5.4,매도주의,장대음봉,잔구간,0.32,-1.11,2026-07-31
WOOF,0.5,2.79,824402,1651848,2.3,3.9,0.6,0.7,-0.4,강한매수,망치형,완만한상승,0.78,2.24,2026-07-31
TKC,0.5,5.38,2892988,5566137,15.56,19.85,0.8,-0.9,0.2,매수관심,양봉스프링,잔구간,0.86,0.965,2026-07-31
ELDN,0.5,3.38,642171,1181512,2.17,3.68,0.6,0.0,-0.9,중립,팽이도지,잔구간,0.53,0.02,2026-07-31
EH,0.5,5.13,325909,603694,1.67,4.13,0.4,0.2,-1.2,중립,음봉,잔구간,0.57,-0.31,2026-07-31
HBAN,0.5,17.04,15569175,33433674,265.3,557.06,0.5,0.0,-0.2,중립,팽이도지,잔구간,0.39,-0.065,2026-07-31
NFXL,0.5,15.35,525932,1039950,8.07,27.5,0.3,-3.1,-1.2,중립,음봉,잔구간,0.34,-0.445,2026-07-31
CLF,0.5,11.52,21772023,39775542,250.81,396.65,0.6,1.0,-2.0,중립,음봉,잔구간,0.3,-0.47,2026-07-31
CRMD,0.5,7.53,637870,1183253,4.8,7.76,0.6,0.0,0.5,매수관심,양봉스프링,잔구간,0.92,1.0,2026-07-31
STAK,0.5,1.93,5288326,10885837,10.21,78.87,0.1,3.9,-9.4,중립,음봉,잔구간,0.26,-0.495,2026-07-31
AMPG,0.5,4.65,1046307,2162645,4.87,13.18,0.4,1.8,-7.0,매도주의,장대음봉,잔구간,0.18,-1.19,2026-07-31
INFY,0.5,12.03,18091500,34578502,217.64,341.84,0.6,-0.7,1.3,매수관심,양봉,완만한상승,0.67,1.8,2026-07-31
XOVR,0.5,18.6,803954,1778742,14.95,34.44,0.4,0.7,-1.4,중립,음봉,잔구간,0.37,-0.43,2026-07-31
IBX,0.5,16.2,520433,1033516,8.43,19.44,0.4,-0.9,2.9,강한매수,양봉,완만한상승,0.87,2.04,2026-07-31
ANY,0.5,2.42,627883,1324446,1.52,3.23,0.5,1.7,1.3,강한매수,양봉스프링,완만한상승,0.82,2.78,2026-07-31
ITUB,0.5,8.46,10878882,20509007,92.04,155.05,0.6,0.7,-0.5,중립,음봉,잔구간,0.21,-0.525,2026-07-31
NEOV,0.5,2.11,488730,932376,1.03,2.14,0.5,2.8,-3.7,매도주의,장대음봉,잔구간,0.36,-1.085,2026-07-31
HUMA,0.5,0.653,1746680,3839837,1.14,2.95,0.4,2.1,-4.7,매도주의,장대음봉,잔구간,0.2,-1.18,2026-07-31
CX,0.4,11.82,3632268,8674591,42.93,89.39,0.5,-0.7,-0.3,중립,팽이도지,잔구간,0.53,0.02,2026-07-31
TSDD,0.4,11.43,5611619,14210051,64.14,178.21,0.4,-0.9,-0.7,중립,팽이도지,잔구간,0.32,-0.11,2026-07-31
TV,0.4,2.8,452262,1092781,1.27,3.19,0.4,0.7,-3.4,매도주의,장대음봉,잔구간,0.0,-1.3,2026-07-31
PACB,0.4,1.4,3139195,7099669,4.39,10.13,0.4,-0.7,-4.8,매도주의,장대음봉,잔구간,0.11,-1.235,2026-07-31
AMBP,0.4,4.73,1650474,3743474,7.81,21.09,0.4,-0.4,-2.1,매도주의,장대음봉,잔구간,0.21,-1.175,2026-07-31
MMED,0.4,18.05,613429,1369466,11.07,23.56,0.5,0.0,-0.6,중립,망치형,잔구간,0.68,0.61,2026-07-31
MPLT,0.4,13.02,1149142,3126979,14.96,35.44,0.4,2.8,-9.7,매도주의,장대음봉,잔구간,0.01,-1.295,2026-07-31
GRFS,0.4,7.87,484875,1195419,3.82,7.85,0.5,-2.7,-1.4,중립,음봉,잔구간,0.59,-0.295,2026-07-31
BYRN,0.4,4.55,717921,1610843,3.27,4.42,0.7,-0.4,0.2,중립,팽이도지,잔구간,0.45,-0.03,2026-07-31
VIVO,0.4,3.57,421541,972405,1.5,3.41,0.4,3.1,-2.2,중립,음봉,완만한상승,0.25,-0.1,2026-07-31
BIYA,0.4,3.4,1242502,3212478,4.22,102.24,0.0,5.8,-11.0,중립,음봉,잔구간,0.1,-0.59,2026-07-31
KIDZ,0.4,0.561,1902038,4662668,1.07,37.2,0.0,-4.6,-2.8,중립,음봉,잔구간,0.48,-0.36,2026-07-31
LAB,0.4,0.868,1258263,2999623,1.09,1.78,0.6,-1.4,-1.9,중립,음봉,잔구간,0.29,-0.475,2026-07-31
CCXI,0.4,13.86,1012138,2732764,14.03,37.62,0.4,3.4,-4.2,매도주의,장대음봉,잔구간,0.23,-1.16,2026-07-31
OTLK,0.3,0.977,8191257,31708824,8.0,24.31,0.3,-2.9,-3.3,중립,음봉,잔구간,0.45,-0.38,2026-07-31
TASK,0.3,6.07,437848,1706182,2.66,6.61,0.4,0.1,2.5,강한매수,장대양봉,완만한상승,0.96,3.45,2026-07-31
ASTN,0.3,6.48,416351,1202369,2.7,16.7,0.2,-7.9,6.2,중립,양봉,잔구간,0.45,0.32,2026-07-31
STKH,0.2,2.4,796763,3370504,1.91,20.58,0.1,-13.1,-2.4,매도주의,위꼬리음봉,잔구간,0.06,-1.015,2026-07-31
DOMO,0.2,3.69,483154,2075798,1.78,18.58,0.1,-1.4,1.1,중립,양봉,잔구간,0.56,0.385,2026-07-31
LVWR,0.2,1.81,3146940,20201379,5.7,43.75,0.1,0.5,-12.6,중립,음봉,잔구간,0.17,-0.55,2026-07-31
GSUN,0.2,0.385,2814323,15645305,1.08,11.01,0.1,-5.9,12.4,매수관심,양봉,완만한상승,0.55,1.66,2026-07-31
WLDS,0.1,2.56,574931,9031464,1.47,24.17,0.1,-1.3,-17.9,중립,음봉,잔구간,0.2,-0.53,2026-07-31
IMC,0.1,5.37,321103,2320163,1.72,11.9,0.1,4.5,1.3,중립,무참고,정보부족,,0.0,2026-07-31
AMIX,0.1,3.44,510426,4697171,1.76,38.36,0.0,-9.5,5.8,중립,팽이도지,잔구간,0.49,-0.005,2026-07-31
