ticker,ratio,latest_close,latest_volume,baseline_volume,dollar_volume_M,avg_dollar_vol_10d_M,dollar_surge_x,signal_gap_%,intraday_chg_%,candle_signal,candle_shape,candle_pos,close_pos,candle_score,latest_date
EDBL,418.7,2.91,34827329,83174,101.35,0.52,195.5,151.0,-63.1,강한매도,장대음봉,전저점이탈,0.02,-3.33,2026-07-27
ENTX,413.0,3.92,83383911,201914,326.86,0.45,727.8,44.4,32.4,강한매수,장대양봉,전고점돌파,0.8,3.86,2026-07-27
MTNB,324.2,0.332,206251933,636252,68.48,1.78,38.5,57.4,-12.6,중립,음봉,잔구간,0.18,-0.54,2026-07-27
WLDS,187.3,3.18,10233725,54627,32.54,17.22,1.9,-8.2,-1.9,매도주의,위꼬리음봉,잔구간,0.14,-0.965,2026-07-27
LGHL,180.8,1.07,53098203,293696,56.82,9.1,6.2,124.6,-47.7,매도주의,장대음봉,잔구간,0.11,-1.235,2026-07-27
GMEX,170.7,1.8,24751940,144996,44.55,2.3,19.3,16.3,5.3,매수관심,팽이도지,전고점돌파,0.44,1.43,2026-07-27
LVWR,138.5,2.43,75555989,545462,183.6,16.17,11.4,9.6,51.9,강한매수,양봉,전고점돌파,0.44,2.13,2026-07-27
PFSA,100.3,1.22,7973263,79473,9.73,0.35,28.2,-25.1,-4.7,중립,망치형,전저점이탈,0.64,0.42,2026-07-27
KIDZ,74.6,0.602,250891290,3364487,151.04,16.76,9.0,21.8,18.0,매수관심,양봉,완만한상승,0.52,1.62,2026-07-27
DFNS,67.0,13.1,78865711,1176452,1033.14,17.96,57.5,60.0,88.2,강한매수,장대양봉,전고점돌파,0.71,3.75,2026-07-27
VTIX,57.0,2.18,13318881,233864,29.04,1.22,23.9,-13.4,-4.6,강한매수,망치형,전저점부근,0.86,3.18,2026-07-27
JZXN,34.9,1.35,14430538,413576,19.48,7.77,2.5,25.2,-9.4,중립,음봉,잔구간,0.14,-0.565,2026-07-27
BIYA,30.0,4.17,90445424,3011786,377.16,42.26,8.9,52.1,42.1,중립,양봉,잔구간,0.67,0.45,2026-07-27
TURB,26.6,1.43,1585734,59722,2.27,0.2,11.2,-4.8,2.9,중립,팽이도지,전저점이탈,0.53,-0.71,2026-07-27
CAPR,15.3,6.995,29995425,1960581,209.82,32.56,6.4,-70.2,19.3,중립,양봉,전저점이탈,0.58,0.05,2026-07-27
LXFR,15.3,17.12,2102743,137801,36.0,2.1,17.1,0.6,-0.2,중립,팽이도지,잔구간,0.36,-0.085,2026-07-27
MPLT,14.7,9.905,8148125,552469,80.71,20.64,3.9,-64.5,-23.7,강한매도,장대음봉,전저점이탈,0.0,-3.35,2026-07-27
MSS,10.3,1.84,2408964,233504,4.43,3.18,1.4,-4.9,5.1,중립,위꼬리양봉,잔구간,0.3,-0.62,2026-07-27
NCTY,9.4,4.54,1173699,124878,5.33,0.4,13.4,6.2,33.1,강한매수,장대양봉,전고점돌파,0.8,3.86,2026-07-27
INLF,8.6,3.28,4174998,486331,13.69,20.01,0.7,0.9,1.9,중립,팽이도지,잔구간,0.72,0.13,2026-07-27
SIGA,8.5,3.1,3966473,467150,12.3,1.99,6.2,0.6,-1.0,중립,팽이도지,잔구간,0.42,-0.05,2026-07-27
MOBX,8.1,2.0,1598088,197067,3.2,4.55,0.7,-2.8,13.6,강한매수,장대양봉,완만한상승,0.83,3.3,2026-07-27
SUGP,8.0,0.475,3257574,407070,1.55,0.31,5.0,0.7,-2.0,중립,음봉,잔구간,0.52,-0.34,2026-07-27
STAK,7.7,2.52,13513277,1757518,34.05,90.01,0.4,-64.0,-24.6,매도주의,위꼬리음봉,잔구간,0.06,-1.015,2026-07-27
ESN,7.3,19.921,416536,57188,8.3,1.61,5.2,0.6,-0.2,매도주의,장대음봉,완만한상승,0.38,-1.24,2026-07-27
BWMX,7.1,16.76,417366,59130,7.0,1.22,5.7,1.9,-1.6,중립,망치형,잔구간,0.83,0.7,2026-07-27
BMM,6.9,5.58,683727,99261,3.82,0.48,7.9,2.1,2.4,매수관심,양봉스프링,잔구간,0.91,0.995,2026-07-27
FERA,6.8,10.44,356446,52083,3.72,0.82,4.5,0.0,0.0,강한매수,양봉스프링,완만한상승,1.0,3.0,2026-07-27
IMMR,6.7,7.735,2929223,437635,22.66,2.96,7.6,2.6,15.6,강한매수,장대양봉,전고점돌파,0.99,4.09,2026-07-27
SEER,6.3,1.97,2500350,394807,4.93,0.78,6.3,0.5,-0.5,중립,망치형,잔구간,0.91,0.745,2026-07-27
SKHZ,6.3,13.89,11182741,1775396,155.33,25.09,6.2,-3.4,11.1,강한매수,장대양봉,완만한상승,0.8,3.26,2026-07-27
QBTZ,6.1,4.181,8496427,1385151,35.52,9.14,3.9,-21.5,-24.0,강한매도,장대음봉,전저점이탈,0.01,-3.34,2026-07-27
BAER,6.0,1.87,1161740,193054,2.17,0.63,3.5,9.7,-7.9,매도주의,장대음봉,잔구간,0.18,-1.19,2026-07-27
VEEE,6.0,15.77,3724944,621029,58.74,373.51,0.2,17.3,3.6,중립,위꼬리양봉,잔구간,0.16,-0.705,2026-07-27
AMKL,6.0,11.75,520317,86823,6.11,1.72,3.6,-1.3,-11.3,중립,음봉,잔구간,0.4,-0.41,2026-07-27
LEGN,5.8,19.27,10070934,1750745,194.07,55.74,3.5,-7.5,-6.2,매도주의,음봉,전저점이탈,0.29,-1.7,2026-07-27
CSEX,5.7,13.69,434791,76612,5.95,1.23,4.9,3.3,5.7,매수관심,양봉스프링,잔구간,0.91,0.995,2026-07-27
ACRS,5.3,5.37,4860252,921869,26.1,8.96,2.9,1.1,1.5,중립,위꼬리양봉,잔구간,0.41,-0.555,2026-07-27
EGG,5.3,2.05,535158,101630,1.1,0.45,2.5,2.0,-60.6,강한매도,장대음봉,전저점이탈,0.0,-3.35,2026-07-27
LBTYK,5.2,9.59,4005419,775110,38.41,11.07,3.5,1.9,-1.9,중립,음봉,잔구간,0.32,-0.46,2026-07-27
OTLK,5.2,1.065,40412061,7745510,43.04,19.64,2.2,1.1,-25.0,강한매도,장대음봉,전저점이탈,0.07,-3.27,2026-07-27
CDXS,5.0,1.55,4024612,811195,6.24,2.92,2.1,0.7,4.0,중립,양봉,잔구간,0.45,0.32,2026-07-27
EHGO,5.0,2.11,1160681,229940,2.45,29.53,0.1,10.0,-8.3,매도주의,장대음봉,잔구간,0.27,-1.14,2026-07-27
CEPL,4.6,8.18,906298,198903,7.41,3.2,2.3,-0.1,-14.2,매도주의,음봉,전저점이탈,0.46,-1.5,2026-07-27
ELME,4.5,1.62,3077744,677948,4.99,2.36,2.1,8.7,0.0,매수관심,팽이도지,전고점돌파,0.6,1.62,2026-07-27
VOC,4.4,3.35,458748,104502,1.54,0.37,4.2,0.6,-1.5,중립,음봉,잔구간,0.0,-0.65,2026-07-27
AGPU,4.4,7.21,3415747,777203,24.63,4.99,4.9,14.9,-8.4,중립,음봉,완만한상승,0.36,0.03,2026-07-27
MDCX,4.3,0.318,3394245,787450,1.08,0.48,2.2,0.2,-14.2,강한매도,장대음봉,전저점이탈,0.1,-3.23,2026-07-27
TEUP,4.0,3.67,327374,82226,1.2,0.51,2.3,5.3,-8.3,중립,음봉,전저점부근,0.39,-0.08,2026-07-27
AMBP,4.0,4.84,11161535,2813892,54.02,12.3,4.4,0.6,0.6,중립,위꼬리양봉,완만한상승,0.31,-0.33,2026-07-27
JBS,3.9,13.55,12202969,3119491,165.35,40.71,4.1,4.2,5.9,강한매수,장대양봉,전고점돌파,0.94,4.03,2026-07-27
PLAG,3.9,0.686,3735906,959307,2.56,4.65,0.6,-11.4,16.2,중립,위꼬리양봉,잔구간,0.24,-0.655,2026-07-27
JEM,3.8,5.85,513357,133869,3.0,24.53,0.1,-13.9,6.9,중립,양봉,잔구간,0.89,0.585,2026-07-27
QBTX,3.7,9.23,5524540,1482466,50.99,12.06,4.2,20.6,16.1,강한매수,장대양봉,전고점돌파,0.99,4.09,2026-07-27
RNW,3.5,6.03,2728674,786759,16.45,8.19,2.0,2.4,-4.3,강한매도,장대음봉,전저점이탈,0.23,-3.07,2026-07-27
BBCQ,3.4,10.21,331034,98569,3.38,0.99,3.4,-0.2,-0.2,강한매도,장대음봉,전저점이탈,0.0,-3.35,2026-07-27
QBTS,3.4,19.51,48478238,14158948,945.81,274.18,3.4,10.2,9.2,강한매수,장대양봉,전고점돌파,0.98,4.08,2026-07-27
SKHL,3.4,7.53,5335932,1549947,40.18,13.21,3.0,6.8,-20.5,강한매도,장대음봉,전저점이탈,0.18,-3.13,2026-07-27
SNDL,3.4,1.35,4060732,1185068,5.48,1.75,3.1,0.4,8.0,강한매수,장대양봉,전고점돌파,0.87,3.94,2026-07-27
IRS,3.3,15.51,499337,152833,7.74,1.97,3.9,0.6,3.3,강한매수,장대양봉,완만한상승,0.89,3.37,2026-07-27
HAPN,3.2,18.75,4141055,1303202,77.64,24.7,3.1,1.3,2.5,매수관심,장대양봉,잔구간,0.75,1.15,2026-07-27
HMH,3.1,19.74,542750,173937,10.71,3.62,3.0,-0.3,-8.0,매도주의,장대음봉,잔구간,0.04,-1.275,2026-07-27
OMER,3.0,11.34,3360609,1121065,38.11,12.57,3.0,14.9,0.8,매수관심,팽이도지,전고점돌파,0.73,1.78,2026-07-27
SY,3.0,1.97,653970,217695,1.29,0.34,3.8,1.6,0.5,중립,위꼬리양봉,완만한상승,0.1,-0.58,2026-07-27
BMNZ,2.9,13.9,2007364,683191,27.9,12.86,2.2,-9.8,-18.4,강한매도,장대음봉,전저점이탈,0.24,-3.06,2026-07-27
AADX,2.8,18.68,1847110,663764,34.5,14.06,2.5,6.1,-2.2,중립,음봉,잔구간,0.59,-0.295,2026-07-27
LCUT,2.8,8.83,312743,111694,2.76,1.04,2.6,1.1,0.6,매수관심,팽이도지,완만한상승,0.43,0.82,2026-07-27
LBTYA,2.8,9.83,4528266,1618562,44.51,22.56,2.0,1.1,0.3,중립,팽이도지,잔구간,0.42,-0.05,2026-07-27
LODE,2.8,3.11,2383634,840643,7.41,4.85,1.5,3.0,0.6,매수관심,양봉스프링,잔구간,0.77,0.91,2026-07-27
FRBT,2.8,19.72,345217,121179,6.81,2.36,2.9,-0.5,1.0,중립,위꼬리양봉,완만한상승,0.31,-0.33,2026-07-27
CPSH,2.7,3.98,741675,278974,2.95,1.33,2.2,-2.7,-7.9,강한매도,장대음봉,전저점이탈,0.17,-3.15,2026-07-27
VRXA,2.7,2.01,823539,301766,1.66,0.68,2.4,5.0,6.3,중립,위꼬리양봉,잔구간,0.36,-0.585,2026-07-27
VERU,2.6,2.28,476054,180175,1.09,0.59,1.8,4.0,-2.6,중립,음봉,완만한상승,0.04,-0.35,2026-07-27
EVH,2.6,3.81,6157161,2395282,23.46,17.07,1.4,0.9,-10.6,강한매도,장대음봉,전저점이탈,0.02,-3.33,2026-07-27
ANY,2.6,1.95,774583,295877,1.51,2.5,0.6,2.6,-0.5,매수관심,팽이도지,완만한상승,0.42,0.8,2026-07-27
IBTK,2.6,19.395,613777,235025,11.9,7.62,1.6,0.1,0.0,중립,팽이도지,잔구간,0.5,0.0,2026-07-27
BRUN,2.6,19.36,2843046,1107561,55.04,33.62,1.6,-1.6,-9.5,매도주의,음봉,전저점이탈,0.39,-1.58,2026-07-27
BYRN,2.6,4.13,1551275,603607,6.41,2.9,2.2,1.7,14.7,강한매수,장대양봉,전고점돌파,0.91,3.99,2026-07-27
NEXT,2.6,6.435,5990970,2277531,38.55,18.03,2.1,-2.9,-5.4,강한매도,장대음봉,전저점이탈,0.09,-3.24,2026-07-27
GEL,2.5,14.82,382970,150728,5.68,2.47,2.3,-0.8,-0.5,매도주의,위꼬리음봉,잔구간,0.19,-0.935,2026-07-27
TME,2.5,9.33,11607318,4637130,108.3,47.52,2.3,3.3,2.0,중립,양봉,잔구간,0.68,0.46,2026-07-27
SKIN,2.4,0.748,1652800,688142,1.24,0.61,2.0,1.2,0.9,중립,팽이도지,잔구간,0.41,-0.055,2026-07-27
MBLY,2.4,8.01,13003174,5515263,104.16,78.79,1.3,4.6,-4.9,중립,음봉,잔구간,0.02,-0.64,2026-07-27
RLAY,2.4,18.64,4202088,1762707,78.33,40.15,2.0,0.2,0.9,중립,위꼬리양봉,잔구간,0.22,-0.67,2026-07-27
IBIO,2.4,1.45,1045545,429783,1.52,1.13,1.3,0.7,0.7,강한매수,양봉스프링,완만한상승,0.83,2.8,2026-07-27
SVRA,2.4,5.43,3791798,1586156,20.59,9.97,2.1,0.9,-2.3,중립,음봉,잔구간,0.0,-0.65,2026-07-27
FNKO,2.4,6.12,1106333,461205,6.77,3.43,2.0,2.6,3.0,강한매수,양봉,전고점돌파,0.58,2.3,2026-07-27
GLNK,2.4,7.66,630392,263466,4.83,1.91,2.5,4.5,-1.0,중립,음봉,완만한상승,0.4,0.08,2026-07-27
WIT,2.4,1.91,17777907,7264941,33.96,16.7,2.0,0.0,2.1,중립,위꼬리양봉,전고점돌파,0.38,0.36,2026-07-27
BZUN,2.4,2.82,638510,269710,1.8,0.61,3.0,4.8,8.5,강한매수,장대양봉,전고점돌파,0.92,4.0,2026-07-27
LPRO,2.4,3.14,3923533,1655300,12.32,5.27,2.3,0.0,-0.3,매도주의,장대음봉,잔구간,0.0,-1.3,2026-07-27
LIFE,2.4,19.48,665399,275126,12.96,6.98,1.9,2.1,3.2,매수관심,양봉,완만한상승,0.65,1.78,2026-07-27
CIG,2.3,2.16,9968678,4296137,21.53,9.92,2.2,1.4,0.0,매수관심,팽이도지,완만한상승,0.64,1.07,2026-07-27
OPTX,2.3,7.14,734848,322567,5.25,3.13,1.7,0.0,1.3,매수관심,양봉스프링,잔구간,0.85,0.96,2026-07-27
NCI,2.3,11.96,363207,159980,4.34,3.79,1.1,-1.0,3.1,강한매수,장대양봉,완만한상승,0.9,3.38,2026-07-27
REPL,2.3,8.63,8460299,3752758,73.01,32.57,2.2,-10.5,-0.6,중립,팽이도지,전저점이탈,0.71,-0.5,2026-07-27
FRNM,2.3,11.38,1449224,641836,16.49,8.14,2.0,5.1,-3.6,중립,음봉,잔구간,0.63,-0.27,2026-07-27
ACI,2.3,11.37,13765094,6113461,156.51,139.91,1.1,0.2,2.9,중립,양봉,잔구간,0.59,0.405,2026-07-27
HLN,2.3,9.94,22565513,9631252,224.3,86.03,2.6,1.0,0.6,중립,양봉,잔구간,0.49,0.345,2026-07-27
MNR,2.3,13.35,481869,207580,6.43,3.62,1.8,-1.4,1.1,중립,위꼬리양봉,잔구간,0.31,-0.615,2026-07-27
APLX,2.2,9.57,2486735,1135668,23.8,14.6,1.6,7.6,-12.6,매도주의,장대음봉,잔구간,0.27,-1.14,2026-07-27
TH,2.2,16.1,1388156,621210,22.35,12.33,1.8,1.2,-1.5,중립,망치형,잔구간,0.73,0.64,2026-07-27
WPP,2.2,19.54,589902,267817,11.53,6.15,1.9,2.3,1.8,매수관심,양봉,완만한상승,0.67,1.8,2026-07-27
DEC,2.2,12.71,1339882,597506,17.03,9.79,1.7,-2.4,-1.5,강한매도,음봉,전저점이탈,0.02,-2.03,2026-07-27
PTLO,2.2,4.67,1966857,887488,9.19,4.36,2.1,0.0,7.4,매수관심,장대양봉,잔구간,0.91,1.245,2026-07-27
SNDG,2.2,6.99,6024846,2725093,42.11,33.12,1.3,4.3,-25.0,강한매도,장대음봉,전저점이탈,0.22,-3.09,2026-07-27
PERF,2.2,1.93,680193,314190,1.31,0.7,1.9,-0.5,0.5,강한매수,장대양봉,완만한상승,1.0,3.5,2026-07-27
ZUMZ,2.2,19.46,427066,193774,8.31,3.7,2.2,1.5,1.2,강한매수,양봉,전고점돌파,0.69,2.43,2026-07-27
ACDC,2.1,4.01,2236696,1084911,8.97,6.88,1.3,-4.0,-2.0,강한매도,위꼬리음봉,전저점이탈,0.22,-2.59,2026-07-27
WHWK,2.1,3.7,737409,348932,2.73,1.46,1.9,0.8,-1.1,중립,음봉,잔구간,0.21,-0.525,2026-07-27
JBIO,2.1,19.95,1415746,672096,28.24,18.42,1.5,0.7,-1.4,매도주의,위꼬리음봉,잔구간,0.02,-1.04,2026-07-27
SECZ,2.1,6.88,2002294,972427,13.78,10.07,1.4,3.1,-10.6,매도주의,장대음봉,잔구간,0.19,-1.185,2026-07-27
EPRX,2.1,6.17,326169,155530,2.01,1.87,1.1,0.9,5.3,매수관심,양봉,완만한상승,0.79,1.95,2026-07-27
SLQT,2.1,0.725,1733756,840409,1.26,0.65,1.9,2.2,10.0,매수관심,장대양봉,잔구간,0.84,1.205,2026-07-27
SNDU,2.1,17.79,20502511,9869506,364.74,256.33,1.4,4.0,-25.0,강한매도,장대음봉,전저점이탈,0.24,-3.06,2026-07-27
SKDD,2.1,17.1,26623902,12986500,455.27,213.27,2.1,-6.4,22.8,강한매수,장대양봉,완만한상승,0.79,3.25,2026-07-27
WLTH,2.1,9.24,1460676,684948,13.5,8.0,1.7,2.3,1.8,매수관심,장대양봉,잔구간,0.9,1.24,2026-07-27
BSM,2.1,14.91,681827,321898,10.17,4.66,2.2,-0.5,2.3,강한매수,장대양봉,전고점돌파,0.76,3.81,2026-07-27
SKUU,2.1,19.46,19244329,9291117,374.49,239.6,1.6,6.5,-20.0,강한매도,장대음봉,전저점이탈,0.2,-3.11,2026-07-27
PUMP,2.0,10.79,8366168,4241567,90.27,46.38,1.9,-3.8,-4.9,강한매도,음봉,전저점이탈,0.01,-2.04,2026-07-27
ELDN,2.0,3.57,1575114,779074,5.62,3.43,1.6,2.5,-2.7,중립,음봉,잔구간,0.13,-0.57,2026-07-27
NPB,2.0,17.14,325466,163733,5.58,3.73,1.5,0.8,-1.1,중립,음봉,잔구간,0.19,-0.535,2026-07-27
PICS,2.0,12.72,332209,168229,4.23,2.42,1.7,1.9,5.4,강한매수,장대양봉,전고점돌파,0.86,3.93,2026-07-27
BKD,2.0,15.47,7924771,3970101,122.6,71.68,1.7,0.3,1.8,중립,양봉,잔구간,0.61,0.415,2026-07-27
IONL,2.0,11.63,1443181,736562,16.78,8.45,2.0,10.5,7.4,중립,양봉,잔구간,0.57,0.39,2026-07-27
KMEM,2.0,17.33,342113,169963,5.93,5.33,1.1,4.0,-5.0,중립,음봉,잔구간,0.43,-0.39,2026-07-27
JBLU,2.0,5.43,59927837,30494969,325.41,182.68,1.8,4.4,-1.3,중립,팽이도지,잔구간,0.28,-0.13,2026-07-27
NWG,2.0,18.31,6688869,3404435,122.47,67.48,1.8,1.7,0.2,강한매수,양봉스프링,완만한상승,0.83,2.8,2026-07-27
PSKY,2.0,8.03,18407194,9138853,147.81,81.71,1.8,-0.2,-2.0,매도주의,음봉,전저점이탈,0.45,-1.51,2026-07-27
TKC,2.0,5.5,3761944,1880614,20.69,10.95,1.9,-0.4,-0.7,중립,음봉,잔구간,0.6,-0.29,2026-07-27
SOLZ,2.0,7.59,1072566,529838,8.14,4.67,1.7,3.4,-0.5,중립,팽이도지,잔구간,0.41,-0.055,2026-07-27
MXCT,2.0,1.02,1298419,640025,1.32,1.29,1.0,0.0,-5.6,강한매도,장대음봉,전저점이탈,0.0,-3.35,2026-07-27
PDI,2.0,15.88,4443020,2184511,70.56,39.11,1.8,0.2,-1.2,강한매도,장대음봉,전저점이탈,0.16,-3.16,2026-07-27
TTI,2.0,7.69,2568682,1316588,19.75,12.09,1.6,0.5,-7.9,강한매도,장대음봉,전저점이탈,0.24,-3.06,2026-07-27
SID,2.0,1.12,3859109,1958666,4.32,2.41,1.8,1.9,1.8,중립,양봉,전고점부근,0.8,0.61,2026-07-27
GENI,2.0,7.27,11958938,5904272,86.94,31.24,2.8,4.9,6.9,강한매수,장대양봉,전고점돌파,0.75,3.8,2026-07-27
GSM,2.0,3.3,1423631,717798,4.7,3.31,1.4,-0.6,-1.2,중립,팽이도지,잔구간,0.47,-0.02,2026-07-27
MRTN,2.0,15.49,998766,510179,15.47,10.8,1.4,-0.2,-4.7,강한매도,장대음봉,전저점이탈,0.2,-3.11,2026-07-27
SBH,1.9,15.0,2119164,1136283,31.79,17.89,1.8,1.2,1.3,매수관심,양봉,완만한상승,0.5,1.6,2026-07-27
LILA,1.9,7.79,765779,405414,5.97,3.51,1.7,2.0,1.6,강한매수,양봉,전고점돌파,0.75,2.5,2026-07-27
CRBP,1.9,9.08,363251,191133,3.3,2.42,1.4,0.7,-1.6,매도주의,위꼬리음봉,수횡파,0.06,-1.43,2026-07-27
UROY,1.9,2.74,7050617,3765707,19.32,9.45,2.0,1.0,-8.4,매도주의,장대음봉,잔구간,0.13,-1.22,2026-07-27
FLG,1.9,13.76,6464260,3480216,88.95,64.59,1.4,-0.7,0.1,중립,팽이도지,전저점부근,0.39,0.62,2026-07-27
TVRD,1.9,2.54,1422221,735288,3.61,3.41,1.1,-0.8,2.0,중립,위꼬리양봉,잔구간,0.38,-0.57,2026-07-27
ETHT,1.9,11.05,2763982,1430394,30.54,15.66,2.0,9.7,-0.3,매수관심,팽이도지,완만한상승,0.5,0.9,2026-07-27
FOSL,1.9,4.21,848090,440798,3.57,2.52,1.4,0.5,3.4,강한매수,장대양봉,완만한상승,1.0,3.5,2026-07-27
BZFD,1.9,1.13,1467761,758363,1.66,0.7,2.4,0.9,0.9,중립,팽이도지,잔구간,0.67,0.1,2026-07-27
CLF,1.9,12.25,43367174,23048945,531.25,305.85,1.7,-1.5,4.2,강한매수,장대양봉,전고점돌파,0.95,4.04,2026-07-27
SLN,1.9,12.07,666332,351013,8.04,4.76,1.7,1.0,8.4,강한매수,장대양봉,전고점돌파,0.89,3.97,2026-07-27
INFY,1.9,11.7,47793503,25711165,559.18,296.15,1.9,1.8,3.4,강한매수,장대양봉,전고점돌파,0.81,3.87,2026-07-27
NXTC,1.9,5.12,1059181,566369,5.42,80.17,0.1,0.9,19.6,중립,양봉,잔구간,0.57,0.39,2026-07-27
DGAC,1.9,9.92,445693,233020,4.42,4.0,1.1,0.0,0.0,중립,위꼬리양봉,완만한상승,0.0,-0.7,2026-07-27
SNXX,1.9,11.24,155884062,83683779,1752.14,1526.52,1.1,3.1,-24.4,강한매도,장대음봉,전저점이탈,0.25,-3.05,2026-07-27
CAMP,1.9,3.42,336698,175935,1.15,0.68,1.7,3.8,4.3,중립,양봉,잔구간,0.62,0.42,2026-07-27
FFAI,1.9,5.12,1021016,545060,5.23,7.35,0.7,0.5,-21.5,강한매도,장대음봉,전저점이탈,0.15,-3.17,2026-07-27
TTAM,1.9,17.47,323021,173322,5.64,2.94,1.9,1.6,0.3,매수관심,팽이도지,완만한상승,0.68,1.12,2026-07-27
ALT,1.9,2.96,4060013,2137592,12.02,7.17,1.7,1.1,5.7,강한매수,장대양봉,완만한상승,0.7,3.14,2026-07-27
PACK,1.9,6.69,730724,376276,4.89,3.1,1.6,3.6,-0.1,강한매수,망치형,완만한상승,0.97,2.46,2026-07-27
RGTZ,1.9,4.75,5918813,3041401,28.11,17.63,1.6,-13.3,-8.7,매도주의,음봉,전저점이탈,0.4,-1.57,2026-07-27
TAL,1.9,10.56,5430643,2869533,57.35,31.7,1.8,1.0,1.5,중립,양봉,전고점부근,0.75,0.55,2026-07-27
TSLL,1.9,7.24,93374079,49083846,676.03,675.35,1.0,0.1,-2.6,중립,음봉,전저점부근,0.37,-0.11,2026-07-27
BZ,1.8,15.73,5030595,2729088,79.13,40.87,1.9,2.0,0.0,강한매수,양봉스프링,완만한상승,0.77,2.72,2026-07-27
DQ,1.8,12.05,1081447,591586,13.03,7.39,1.8,-0.7,4.0,매수관심,양봉,완만한상승,0.69,1.83,2026-07-27
TUYA,1.8,1.64,718217,400305,1.18,1.32,0.9,1.2,-1.8,중립,음봉,잔구간,0.33,-0.45,2026-07-27
TTEC,1.8,2.2,601806,336519,1.32,0.81,1.6,2.8,0.9,중립,팽이도지,잔구간,0.48,-0.01,2026-07-27
ETHU,1.8,17.01,8303957,4670825,141.25,86.7,1.6,9.6,-0.5,매수관심,팽이도지,완만한상승,0.49,0.89,2026-07-27
GLND,1.8,1.9,1002875,566764,1.91,1.61,1.2,-0.5,-5.0,강한매도,장대음봉,전저점이탈,0.31,-2.98,2026-07-27
GERN,1.8,1.48,8915738,4963981,13.2,8.53,1.5,2.1,2.1,매수관심,양봉,완만한상승,0.41,1.49,2026-07-27
ZVRA,1.8,9.71,1713002,953586,16.63,16.93,1.0,0.1,1.9,매수관심,양봉,완만한상승,0.46,1.55,2026-07-27
WSE,1.8,11.91,1604579,886478,19.11,16.35,1.2,3.0,2.1,매수관심,장대양봉,잔구간,0.92,1.25,2026-07-27
CXM,1.8,6.07,4781179,2716977,29.02,18.21,1.6,0.9,5.7,강한매수,장대양봉,전고점돌파,0.72,3.76,2026-07-27
LCTX,1.8,1.03,1709017,940658,1.76,1.12,1.6,0.0,0.0,중립,팽이도지,잔구간,0.4,-0.06,2026-07-27
CDZI,1.8,3.08,1672688,929986,5.15,4.82,1.1,0.0,-2.5,중립,망치형,잔구간,0.58,0.55,2026-07-27
CERT,1.8,7.75,4263618,2389897,33.04,20.67,1.6,1.7,1.4,강한매수,양봉,전고점돌파,0.54,2.25,2026-07-27
SHNY,1.8,8.13,932460,522624,7.58,3.98,1.9,1.9,0.2,매수관심,팽이도지,완만한상승,0.56,0.97,2026-07-27
NEOG,1.8,9.34,2413447,1352676,22.54,14.61,1.5,1.5,-2.1,강한매도,장대음봉,전저점이탈,0.07,-3.27,2026-07-27
CMPX,1.8,2.08,3401640,1839230,7.08,3.93,1.8,1.9,-1.4,매도주의,위꼬리음봉,수횡파,0.0,-1.5,2026-07-27
PEB,1.8,19.31,3377975,1906756,65.23,41.21,1.6,0.6,0.6,매수관심,팽이도지,완만한상승,0.64,1.07,2026-07-27
TASK,1.8,5.8,1931015,1076680,11.2,5.48,2.0,2.2,2.8,중립,위꼬리양봉,완만한상승,0.4,-0.22,2026-07-27
EVGO,1.8,1.56,5657119,3077306,8.83,4.98,1.8,2.1,7.6,매수관심,장대양봉,잔구간,0.89,1.235,2026-07-27
BMNR,1.8,17.92,62612626,35566304,1122.02,589.45,1.9,5.8,7.3,강한매수,장대양봉,완만한상승,0.76,3.21,2026-07-27
BCRX,1.8,9.58,4310711,2337602,41.3,29.66,1.4,3.2,-0.6,매도주의,위꼬리음봉,완만한상승,0.0,-1.2,2026-07-27
PGEN,1.8,5.42,5534326,3068930,30.0,16.51,1.8,0.2,0.2,중립,위꼬리양봉,완만한상승,0.1,-0.58,2026-07-27
DGXX,1.8,3.84,7058177,4021308,27.1,17.23,1.6,4.5,-7.7,중립,음봉,잔구간,0.33,-0.45,2026-07-27
STLA,1.8,5.7,23819251,13351503,135.77,97.67,1.4,-1.1,1.2,중립,양봉,잔구간,0.93,0.61,2026-07-27
THM,1.8,1.91,1001414,542942,1.91,1.16,1.7,0.0,-6.4,매도주의,장대음봉,잔구간,0.31,-1.115,2026-07-27
LBRT,1.8,16.86,7596682,4211622,128.08,118.33,1.1,-1.6,-1.3,강한매도,위꼬리음봉,전저점이탈,0.09,-2.74,2026-07-27
ASAN,1.8,7.75,9163015,5221893,71.01,36.63,1.9,3.5,9.2,매수관심,장대양봉,잔구간,0.8,1.18,2026-07-27
AMLX,1.7,19.49,2581117,1488588,50.31,26.43,1.9,0.5,5.4,강한매수,장대양봉,전고점돌파,0.93,4.02,2026-07-27
DLO,1.7,14.96,2950923,1737871,44.15,22.86,1.9,1.6,1.6,중립,양봉,전고점부근,0.66,0.44,2026-07-27
NVTS,1.7,11.41,22199858,12793058,253.3,154.35,1.6,3.3,1.2,중립,팽이도지,잔구간,0.64,0.085,2026-07-27
ANGI,1.7,5.93,913380,534541,5.42,3.04,1.8,2.7,4.4,중립,양봉,잔구간,0.52,0.36,2026-07-27
BLCO,1.7,16.28,696897,406908,11.35,6.71,1.7,1.3,-0.6,중립,음봉,완만한상승,0.14,-0.23,2026-07-27
SVOL,1.7,15.95,397993,228040,6.35,3.27,1.9,0.6,-1.1,매도주의,장대음봉,잔구간,0.35,-1.09,2026-07-27
BDJ,1.7,9.63,498808,297589,4.8,3.76,1.3,0.6,-0.2,중립,음봉,잔구간,0.0,-0.65,2026-07-27
PRCH,1.7,12.71,1793455,1071965,22.79,19.58,1.2,1.6,5.7,매수관심,장대양봉,잔구간,0.93,1.26,2026-07-27
NVCR,1.7,17.03,1811940,1067046,30.86,37.72,0.8,1.8,-5.2,매도주의,장대음봉,잔구간,0.14,-1.215,2026-07-27
BRSP,1.7,5.24,1716440,1027061,8.99,6.55,1.4,0.8,-0.6,중립,음봉,잔구간,0.2,-0.53,2026-07-27
EMPD,1.7,3.19,439419,259917,1.4,1.16,1.2,0.9,-5.6,강한매도,장대음봉,전저점이탈,0.27,-3.03,2026-07-27
IMTX,1.7,8.63,453192,270111,3.91,2.63,1.5,1.2,-6.1,강한매도,장대음봉,전저점이탈,0.02,-3.33,2026-07-27
JANX,1.7,15.57,1395287,805420,21.72,12.54,1.7,1.8,-0.2,매수관심,팽이도지,완만한상승,0.42,0.8,2026-07-27
IRWD,1.7,3.91,1930760,1136676,7.55,6.19,1.2,0.0,5.4,매수관심,장대양봉,잔구간,0.74,1.145,2026-07-27
API,1.7,3.985,307823,179257,1.23,0.91,1.3,1.0,2.4,매수관심,장대양봉,잔구간,0.88,1.23,2026-07-27
SHO,1.7,11.82,3567274,2119819,42.17,26.52,1.6,0.3,0.3,중립,위꼬리양봉,완만한상승,0.32,-0.32,2026-07-27
ARX,1.7,14.61,1724036,1027607,25.19,16.0,1.6,0.8,1.9,강한매수,양봉,전고점돌파,0.6,2.32,2026-07-27
MFM,1.7,5.38,334639,193079,1.8,1.25,1.4,1.1,-1.1,중립,음봉,잔구간,0.38,-0.42,2026-07-27
SANA,1.7,3.28,3580753,2169531,11.74,7.7,1.5,1.6,1.5,중립,위꼬리양봉,잔구간,0.21,-0.675,2026-07-27
MESO,1.7,14.56,325399,196050,4.74,5.92,0.8,-2.2,-2.8,강한매도,장대음봉,전저점이탈,0.1,-3.23,2026-07-27
MMED,1.7,17.67,1915702,1114186,33.85,19.71,1.7,1.0,3.9,강한매수,장대양봉,전고점돌파,0.89,3.97,2026-07-27
MYGN,1.7,5.45,1172182,683208,6.39,4.76,1.3,1.6,-4.4,강한매도,장대음봉,전저점이탈,0.11,-3.22,2026-07-27
XNET,1.7,5.79,322767,189056,1.87,0.97,1.9,1.3,3.6,매수관심,장대양봉,잔구간,0.88,1.23,2026-07-27
NMRA,1.7,1.66,811306,477358,1.35,0.99,1.4,1.3,9.9,강한매수,장대양봉,완만한상승,0.76,3.21,2026-07-27
MSIF,1.7,11.33,484349,281050,5.49,2.93,1.9,0.8,3.0,매수관심,장대양봉,잔구간,0.82,1.19,2026-07-27
MSFD,1.7,13.601,967047,581635,13.15,9.24,1.4,-2.2,0.3,매수관심,양봉스프링,잔구간,0.9,0.99,2026-07-27
CCCC,1.7,3.59,4272014,2521003,15.34,10.85,1.4,0.3,5.3,매수관심,양봉,수횡파,0.6,1.42,2026-07-27
FUTG,1.7,3.839,1391099,836569,5.34,3.51,1.5,4.4,5.2,강한매수,장대양봉,완만한상승,0.7,3.14,2026-07-27
FIP,1.7,4.15,1431147,866851,5.94,3.5,1.7,0.7,-2.6,중립,음봉,잔구간,0.45,-0.38,2026-07-27
YSWY,1.7,19.37,362449,208302,7.02,5.44,1.3,-0.5,-1.2,매도주의,위꼬리음봉,잔구간,0.1,-0.99,2026-07-27
GRAB,1.7,3.35,67625185,39436376,226.54,135.19,1.7,2.1,-0.9,중립,음봉,잔구간,0.33,-0.45,2026-07-27
CX,1.7,12.2,8586165,5077394,104.75,86.58,1.2,1.2,-0.1,중립,팽이도지,잔구간,0.61,0.065,2026-07-27
GOGO,1.7,3.99,2050403,1178514,8.18,4.35,1.9,1.3,3.4,강한매수,양봉,전고점돌파,0.58,2.3,2026-07-27
EC,1.7,15.8,3132543,1839191,49.49,35.87,1.4,-1.8,0.5,중립,팽이도지,잔구간,0.55,0.03,2026-07-27
VOD,1.7,15.8,6003081,3489930,94.85,67.5,1.4,5.0,-0.7,중립,음봉,잔구간,0.05,-0.62,2026-07-27
AGBK,1.7,7.28,586327,353943,4.27,2.15,2.0,0.9,8.3,강한매수,장대양봉,전고점돌파,1.0,4.1,2026-07-27
AESI,1.7,11.44,5521078,3257755,63.16,38.62,1.6,-2.4,-2.0,매도주의,음봉,전저점이탈,0.12,-1.91,2026-07-27
AIBZ,1.7,5.33,801638,472170,4.27,3.59,1.2,0.3,-11.2,강한매도,장대음봉,전저점이탈,0.21,-3.1,2026-07-27
TSLT,1.6,10.14,3365799,2040220,34.13,35.88,1.0,0.2,-2.6,중립,음봉,전저점부근,0.39,-0.08,2026-07-27
EAF,1.6,7.79,592845,364923,4.62,2.83,1.6,1.5,3.2,중립,위꼬리양봉,완만한상승,0.28,-0.36,2026-07-27
AIB,1.6,1.85,979646,625377,1.81,1.4,1.3,0.0,4.5,중립,양봉,잔구간,0.68,0.46,2026-07-27
CC,1.6,16.98,2748592,1750615,46.67,38.46,1.2,1.0,-2.4,매도주의,장대음봉,전저점부근,0.37,-1.41,2026-07-27
XPRO,1.6,15.67,1607017,1027037,25.18,16.97,1.5,-1.8,1.0,중립,위꼬리양봉,잔구간,0.3,-0.62,2026-07-27
AEHG,1.6,7.18,536904,331963,3.85,4.96,0.8,6.0,-3.9,중립,망치형,잔구간,0.65,0.59,2026-07-27
BVS,1.6,12.45,823018,519477,10.25,6.55,1.6,3.0,2.5,중립,양봉,잔구간,0.93,0.61,2026-07-27
FWRG,1.6,12.885,1094631,692656,14.1,9.86,1.4,2.2,4.0,강한매수,장대양봉,전고점돌파,0.91,3.99,2026-07-27
YMAX,1.6,7.4,2200295,1392830,16.28,11.12,1.5,1.1,0.0,중립,팽이도지,잔구간,0.32,-0.11,2026-07-27
XPOF,1.6,6.65,1161669,737621,7.73,4.34,1.8,2.1,3.1,중립,양봉,잔구간,0.85,0.56,2026-07-27
FAC,1.6,4.75,366719,227928,1.74,4.3,0.4,0.2,-7.2,매도주의,음봉,전저점이탈,0.22,-1.79,2026-07-27
DOLE,1.6,14.05,990672,630185,13.92,8.99,1.5,0.9,-1.5,매도주의,장대음봉,잔구간,0.21,-1.175,2026-07-27
PLUG,1.6,2.06,58699829,36950287,120.92,92.08,1.3,0.5,-1.9,매도주의,음봉,전저점이탈,0.24,-1.76,2026-07-27
BMNU,1.6,11.1,6288216,3935978,69.8,39.69,1.8,11.4,12.8,강한매수,장대양봉,완만한상승,0.74,3.19,2026-07-27
OPK,1.6,1.24,4349941,2641772,5.39,3.54,1.5,0.8,0.8,강한매수,양봉스프링,완만한상승,0.75,2.7,2026-07-27
SXC,1.6,9.02,1871475,1154783,16.88,9.89,1.7,0.6,0.6,강한매수,양봉스프링,완만한상승,0.88,2.86,2026-07-27
HRTX,1.6,0.459,2211885,1346241,1.02,1.2,0.8,3.1,-2.3,중립,음봉,잔구간,0.18,-0.54,2026-07-27
ARDT,1.6,10.95,648846,410642,7.1,5.46,1.3,1.1,1.8,매수관심,양봉,완만한상승,0.56,1.67,2026-07-27
HRZN,1.6,4.31,722018,442476,3.11,2.81,1.1,0.2,-0.2,매수관심,팽이도지,전저점부근,0.55,0.81,2026-07-27
INN,1.6,6.9,1364033,844003,9.41,5.55,1.7,0.9,-2.5,매도주의,장대음봉,잔구간,0.11,-1.235,2026-07-27
IONZ,1.6,4.92,8669969,5482687,42.66,53.69,0.8,-10.5,-9.6,중립,음봉,전저점부근,0.43,-0.03,2026-07-27
MFG,1.6,10.57,4901766,3099163,51.81,36.96,1.4,-0.2,-0.4,중립,팽이도지,잔구간,0.54,0.025,2026-07-27
NVTX,1.6,17.845,342600,214282,6.11,4.48,1.4,7.1,2.0,중립,팽이도지,잔구간,0.7,0.12,2026-07-27
BDN,1.6,3.07,2618760,1629107,8.04,6.54,1.2,1.3,-4.4,매도주의,장대음봉,수횡파,0.09,-1.89,2026-07-27
SOFX,1.6,8.81,1326577,805958,11.69,7.84,1.5,5.4,-0.6,매도주의,위꼬리음봉,잔구간,0.22,-0.92,2026-07-27
SIBN,1.6,17.05,620113,392437,10.57,7.46,1.4,1.7,0.8,중립,양봉,잔구간,0.6,0.41,2026-07-27
SKHX,1.6,11.68,9316501,5927502,108.82,92.78,1.2,6.5,-20.4,강한매도,장대음봉,전저점이탈,0.19,-3.12,2026-07-27
MCHB,1.6,15.62,1079149,670411,16.86,13.78,1.2,0.7,-1.1,중립,음봉,잔구간,0.25,-0.5,2026-07-27
SGRY,1.6,15.17,1614898,991208,24.5,23.48,1.0,0.9,-4.4,매도주의,장대음봉,잔구간,0.01,-1.295,2026-07-27
CNH,1.6,11.08,12926120,8130216,143.22,112.1,1.3,0.0,-0.6,중립,망치형,잔구간,0.61,0.565,2026-07-27
RGTI,1.6,15.64,30443362,18820251,476.13,327.6,1.5,6.6,3.6,중립,양봉,전고점부근,0.61,0.38,2026-07-27
RGTX,1.6,11.13,1262885,783280,14.06,8.37,1.7,12.5,6.9,중립,양봉,잔구간,0.6,0.41,2026-07-27
TRLV,1.6,8.33,888706,539228,7.4,5.87,1.3,0.8,-1.2,매도주의,위꼬리음봉,잔구간,0.09,-0.995,2026-07-27
PSEC,1.6,2.23,6338118,4040526,14.13,10.56,1.3,1.4,3.7,중립,양봉,잔구간,0.6,0.41,2026-07-27
PYXS,1.6,2.91,987740,629258,2.87,2.36,1.2,1.1,10.2,강한매수,장대양봉,전고점돌파,0.78,3.84,2026-07-27
QMCO,1.6,10.97,1063918,671515,11.67,7.85,1.5,2.3,-3.4,중립,음봉,잔구간,0.41,-0.405,2026-07-27
CLYM,1.6,12.79,1210820,755950,15.49,13.14,1.2,2.0,-2.4,매도주의,위꼬리음봉,잔구간,0.21,-0.925,2026-07-27
INMD,1.6,15.38,688606,432000,10.59,8.58,1.2,0.5,0.9,중립,양봉,잔구간,0.48,0.34,2026-07-27
LAES,1.6,2.48,22630896,14071707,56.12,33.63,1.7,1.2,0.8,매수관심,팽이도지,완만한상승,0.58,1.0,2026-07-27
BZAI,1.6,0.872,5363549,3291072,4.68,3.65,1.3,1.8,-5.2,매도주의,음봉,전저점이탈,0.36,-1.62,2026-07-27
VTS,1.5,15.24,519844,348973,7.92,6.57,1.2,-2.2,-1.4,매도주의,음봉,전저점이탈,0.08,-1.95,2026-07-27
ALLO,1.5,1.75,6901348,4682143,12.08,9.96,1.2,3.4,-2.8,매도주의,위꼬리음봉,완만한상승,0.0,-1.2,2026-07-27
AGNT,1.5,4.2,2301358,1574899,9.67,5.89,1.6,0.4,3.4,중립,양봉,잔구간,0.55,0.38,2026-07-27
VIA,1.5,19.6,1021423,702913,20.02,13.89,1.4,1.9,8.7,강한매수,장대양봉,전고점돌파,0.89,3.97,2026-07-27
SRPT,1.5,15.89,3701422,2456239,58.82,51.67,1.1,5.0,-3.5,매도주의,장대음봉,잔구간,0.01,-1.295,2026-07-27
SSTK,1.5,5.89,1611931,1064642,9.49,10.63,0.9,1.3,4.2,매수관심,장대양봉,잔구간,0.63,1.08,2026-07-27
TDAY,1.5,8.31,1969072,1333242,16.36,11.75,1.4,1.3,-2.4,중립,음봉,잔구간,0.09,-0.595,2026-07-27
VFS,1.5,2.95,521853,339393,1.54,1.44,1.1,2.1,1.4,중립,양봉,잔구간,0.9,0.59,2026-07-27
VRRM,1.5,4.19,4288258,2956372,17.97,15.88,1.1,1.5,1.9,중립,양봉,잔구간,0.73,0.49,2026-07-27
AVIR,1.5,4.82,314417,207951,1.52,1.1,1.4,0.8,1.0,중립,위꼬리양봉,수횡파,0.43,-0.48,2026-07-27
LABD,1.5,8.75,9977978,6461426,87.31,99.33,0.9,-2.5,2.3,강한매수,양봉스프링,수횡파,0.97,3.66,2026-07-27
ENGS,1.5,2.72,1300055,872795,3.54,2.8,1.3,-0.4,2.3,강한매수,양봉,완만한상승,0.92,2.1,2026-07-27
ICL,1.5,5.15,1401719,932874,7.22,5.7,1.3,-1.1,-1.3,중립,음봉,잔구간,0.32,-0.46,2026-07-27
ORC,1.5,6.49,7025588,4626802,45.6,33.83,1.3,0.8,-1.5,매도주의,장대음봉,잔구간,0.07,-1.26,2026-07-27
INDI,1.5,3.44,4699783,3087605,16.17,14.69,1.1,1.2,-2.0,중립,망치형,전저점이탈,0.59,0.36,2026-07-27
EGHT,1.5,1.85,2677196,1843118,4.95,3.47,1.4,1.7,4.5,매수관심,장대양봉,잔구간,0.73,1.14,2026-07-27
BLMN,1.5,8.54,2097937,1424153,17.92,12.84,1.4,0.9,6.6,매수관심,장대양봉,잔구간,0.88,1.23,2026-07-27
POWW,1.5,2.15,702118,483487,1.51,1.37,1.1,1.5,2.9,중립,양봉,잔구간,0.59,0.405,2026-07-27
CRMD,1.5,7.6,1183744,779313,9.0,6.74,1.3,1.7,-5.0,강한매도,장대음봉,전저점이탈,0.04,-3.3,2026-07-27
IQ,1.5,1.23,9779096,6486787,12.03,8.21,1.5,1.6,-0.8,매도주의,위꼬리음봉,완만한상승,0.25,-0.9,2026-07-27
RFIL,1.5,12.16,336559,229774,4.09,3.73,1.1,0.2,-2.6,매도주의,음봉,전저점이탈,0.62,-1.31,2026-07-27
AVTX,1.5,19.5,1168713,754130,22.79,15.69,1.5,0.3,5.4,매수관심,양봉,완만한상승,0.7,1.84,2026-07-27
RETL,1.5,9.48,471870,323242,4.47,3.81,1.2,2.7,5.5,매수관심,장대양봉,잔구간,0.9,1.24,2026-07-27
RIG,1.5,5.28,60452899,41595141,319.19,205.79,1.6,-2.1,0.8,중립,위꼬리양봉,잔구간,0.33,-0.6,2026-07-27
SBET,1.5,6.38,10171040,6945856,64.89,49.7,1.3,4.0,5.6,강한매수,장대양봉,완만한상승,0.95,3.44,2026-07-27
AVTR,1.5,11.76,16504928,10968545,194.1,122.12,1.6,0.2,2.6,중립,양봉,전고점부근,0.71,0.5,2026-07-27
LX,1.5,1.46,2522171,1633614,3.68,4.67,0.8,0.0,-1.4,매도주의,위꼬리음봉,잔구간,0.22,-0.92,2026-07-27
SLS,1.5,10.835,9157607,6150436,99.22,85.42,1.2,-0.5,-3.8,중립,망치형,전저점이탈,0.66,0.44,2026-07-27
MBI,1.5,5.53,605037,400096,3.35,2.34,1.4,0.7,-3.0,강한매도,장대음봉,전저점이탈,0.04,-3.3,2026-07-27
MIST,1.5,1.13,1213691,791520,1.37,1.0,1.4,0.9,-3.4,매도주의,음봉,전저점이탈,0.13,-1.89,2026-07-27
GRND,1.5,15.48,2222321,1529520,34.4,21.37,1.6,2.3,1.9,매수관심,양봉,완만한상승,0.56,1.67,2026-07-27
GPRK,1.5,9.48,476057,321603,4.51,3.62,1.2,-2.0,-3.3,매도주의,장대음봉,전저점부근,0.03,-1.81,2026-07-27
CTM,1.5,0.672,1528887,998174,1.03,0.67,1.5,0.8,6.7,매수관심,양봉,완만한상승,0.58,1.7,2026-07-27
HDSN,1.5,6.24,483553,331054,3.02,2.41,1.3,0.9,-2.5,매도주의,장대음봉,잔구간,0.0,-1.3,2026-07-27
EVLV,1.5,5.45,2245963,1505394,12.24,8.51,1.4,1.0,3.0,중립,양봉,잔구간,0.81,0.535,2026-07-27
DCTH,1.5,11.94,439543,289731,5.25,4.07,1.3,0.0,-2.3,매도주의,음봉,전저점이탈,0.15,-1.87,2026-07-27
KD,1.5,12.76,4665381,3197825,59.53,46.14,1.3,2.3,3.5,강한매수,장대양봉,전고점돌파,0.74,3.79,2026-07-27
LAB,1.5,0.775,1610234,1047217,1.25,1.46,0.9,-0.3,-6.7,강한매도,장대음봉,전저점이탈,0.08,-3.25,2026-07-27
LAW,1.5,3.87,324367,220071,1.26,0.93,1.3,2.6,7.2,매수관심,장대양봉,잔구간,0.76,1.155,2026-07-27
TENX,1.5,16.19,1803993,1218476,29.21,17.62,1.7,1.5,9.8,매수관심,장대양봉,잔구간,0.94,1.265,2026-07-27
OLMA,1.5,12.01,1128953,777326,13.56,10.74,1.3,1.9,0.8,강한매도,위꼬리양봉,전고점부근,0.25,-2.75,2026-07-27
HSHP,1.5,15.47,383726,260137,5.94,4.37,1.4,-3.5,-0.6,중립,망치형,잔구간,0.62,0.57,2026-07-27
OSPN,1.5,15.15,523212,349632,7.93,5.5,1.4,1.7,-1.7,중립,음봉,잔구간,0.04,-0.625,2026-07-27
WEN,1.5,7.31,9353981,6442082,68.38,58.81,1.2,1.2,3.3,중립,양봉,잔구간,0.57,0.39,2026-07-27
KVUE,1.5,19.48,20910019,13557426,407.33,368.66,1.1,0.4,0.6,강한매수,양봉,전고점돌파,0.68,2.42,2026-07-27
ET,1.5,19.91,13160565,8997559,262.03,166.46,1.6,-0.8,-1.4,강한매도,장대음봉,전저점이탈,0.12,-3.21,2026-07-27
VWAV,1.4,2.58,712153,495978,1.84,1.9,1.0,0.0,-12.8,강한매도,장대음봉,전저점이탈,0.16,-3.16,2026-07-27
AI,1.4,8.82,7824436,5451882,69.01,45.0,1.5,2.8,5.3,매수관심,장대양봉,잔구간,0.79,1.175,2026-07-27
FLNC,1.4,13.51,8573468,6195198,115.83,97.86,1.2,-0.7,1.3,중립,팽이도지,잔구간,0.55,0.03,2026-07-27
COMP,1.4,11.8,15596045,10855315,184.03,135.13,1.4,3.0,3.5,매수관심,장대양봉,잔구간,0.68,1.11,2026-07-27
LPL,1.4,3.14,4131623,2877703,12.97,12.83,1.0,0.6,-1.6,매도주의,음봉,전저점이탈,0.45,-1.51,2026-07-27
LRMR,1.4,3.83,1744060,1271208,6.68,5.23,1.3,0.0,-4.2,매도주의,장대음봉,잔구간,0.1,-1.24,2026-07-27
NCNO,1.4,17.65,2823825,2031690,49.84,34.15,1.5,3.1,3.4,중립,양봉,잔구간,0.57,0.39,2026-07-27
NIQ,1.4,11.07,1666591,1157158,18.45,15.47,1.2,0.9,2.0,중립,양봉,잔구간,0.44,0.315,2026-07-27
FSIG,1.4,18.745,422311,296427,7.92,6.64,1.2,0.1,-0.1,매도주의,장대음봉,잔구간,0.25,-1.15,2026-07-27
GDRX,1.4,3.05,1060116,781220,3.23,2.81,1.2,1.4,1.7,매수관심,양봉,완만한상승,0.66,1.79,2026-07-27
EARN,1.4,4.4,497967,350592,2.19,1.61,1.4,0.0,0.0,중립,위꼬리양봉,완만한상승,0.0,-0.7,2026-07-27
GROY,1.4,2.64,2575223,1800305,6.8,4.8,1.4,1.2,1.5,매수관심,양봉,완만한상승,0.82,1.98,2026-07-27
GO,1.4,9.42,2645026,1874031,24.92,19.46,1.3,1.1,3.4,강한매수,장대양봉,완만한상승,0.82,3.28,2026-07-27
XRP,1.4,12.2,727323,510388,8.87,6.91,1.3,1.4,-1.1,중립,음봉,잔구간,0.26,-0.495,2026-07-27
MSDL,1.4,15.34,479579,336513,7.36,5.87,1.3,0.5,0.6,중립,양봉,잔구간,0.63,0.43,2026-07-27
NKTX,1.4,2.26,807888,586467,1.83,1.6,1.1,0.9,-1.3,매도주의,위꼬리음봉,잔구간,0.11,-0.985,2026-07-27
NMZ,1.4,10.22,741567,548487,7.58,6.21,1.2,0.3,-0.3,중립,음봉,잔구간,0.43,-0.39,2026-07-27
LXEO,1.4,4.47,965599,693502,4.32,4.98,0.9,0.9,-4.9,중립,음봉,수횡파,0.16,-0.51,2026-07-27
SMJF,1.4,5.58,1542336,1067243,8.61,5.85,1.5,0.0,0.2,중립,위꼬리양봉,완만한상승,0.23,-0.42,2026-07-27
MPT,1.4,4.79,5553819,4112346,26.6,25.49,1.0,-0.6,-0.4,매도주의,위꼬리음봉,잔구간,0.0,-1.05,2026-07-27
MUC,1.4,10.65,398342,286001,4.24,3.59,1.2,0.3,-0.5,중립,음봉,잔구간,0.45,-0.38,2026-07-27
MGTX,1.4,12.3,585798,433847,7.21,8.38,0.9,4.3,0.2,중립,팽이도지,잔구간,0.5,0.0,2026-07-27
QTEX,1.4,0.95,3528863,2529392,3.35,3.52,1.0,1.6,6.0,중립,양봉,잔구간,0.42,0.3,2026-07-27
QS,1.4,5.18,38945028,27786736,201.74,172.7,1.2,2.1,3.8,매수관심,장대양봉,잔구간,0.93,1.26,2026-07-27
RDY,1.4,11.77,3620709,2634019,42.62,33.84,1.3,0.1,-0.3,중립,팽이도지,잔구간,0.39,-0.065,2026-07-27
RILY,1.4,6.8,525792,381412,3.58,3.0,1.2,0.7,-1.9,중립,팽이도지,잔구간,0.4,-0.06,2026-07-27
ASST,1.4,12.19,3485124,2522666,42.48,31.53,1.3,3.4,2.6,매수관심,양봉,완만한상승,0.58,1.7,2026-07-27
ASPN,1.4,4.65,1252568,887971,5.82,4.35,1.3,1.5,-1.9,중립,음봉,잔구간,0.25,-0.5,2026-07-27
AVPT,1.4,12.81,2548068,1822156,32.64,26.5,1.2,2.3,2.3,매수관심,양봉,완만한상승,0.76,1.91,2026-07-27
METC,1.4,10.17,1890920,1329326,19.23,15.92,1.2,1.5,-3.2,매도주의,음봉,전저점이탈,0.49,-1.46,2026-07-27
NVDY,1.4,11.97,3118345,2193055,37.33,26.48,1.4,0.4,-4.8,강한매도,장대음봉,전저점이탈,0.1,-3.23,2026-07-27
LFMD,1.4,3.87,1034701,758486,4.0,2.92,1.4,0.8,3.5,매수관심,장대양봉,잔구간,0.93,1.26,2026-07-27
PROK,1.4,1.54,1244471,891529,1.92,1.84,1.0,2.0,0.7,중립,위꼬리양봉,잔구간,0.22,-0.67,2026-07-27
NRXP,1.4,3.63,960025,678582,3.48,3.17,1.1,1.6,-4.7,매도주의,음봉,전저점이탈,0.19,-1.82,2026-07-27
KYTX,1.4,7.92,1194595,862580,9.46,8.71,1.1,0.7,6.2,강한매수,장대양봉,전고점돌파,0.68,3.72,2026-07-27
KURA,1.4,10.15,1193867,835534,12.12,11.74,1.0,3.2,-5.4,매도주의,장대음봉,전저점부근,0.03,-1.81,2026-07-27
KBDC,1.4,13.61,444012,325977,6.04,4.32,1.4,0.9,0.3,중립,위꼬리양봉,잔구간,0.44,-0.535,2026-07-27
IQST,1.4,1.01,3325002,2400958,3.36,18.96,0.2,2.0,-2.9,매도주의,장대음봉,잔구간,0.2,-1.18,2026-07-27
EPM,1.4,3.61,394597,289517,1.42,1.06,1.3,-1.8,-4.0,강한매도,장대음봉,전저점이탈,0.06,-3.28,2026-07-27
ETHA,1.4,14.71,43373639,31753277,638.03,437.17,1.5,4.8,-0.1,중립,팽이도지,잔구간,0.54,0.025,2026-07-27
INSG,1.4,7.02,358627,262981,2.52,1.87,1.3,1.5,3.8,중립,양봉,잔구간,0.83,0.55,2026-07-27
ERY,1.4,10.79,1316429,927365,14.2,10.65,1.3,4.2,-0.2,중립,망치형,잔구간,0.85,0.71,2026-07-27
JACK,1.4,15.67,976685,711793,15.3,9.58,1.6,5.4,2.2,중립,위꼬리양봉,잔구간,0.34,-0.595,2026-07-27
IVVD,1.4,0.61,4069688,2931962,2.48,1.95,1.3,-0.0,-0.2,중립,팽이도지,전저점부근,0.45,0.69,2026-07-27
OPRA,1.4,18.87,436057,306299,8.23,6.95,1.2,1.8,0.3,매수관심,팽이도지,완만한상승,0.59,1.01,2026-07-27
EGY,1.4,5.16,1484222,1046191,7.66,6.05,1.3,-3.4,-3.7,강한매도,장대음봉,전저점이탈,0.02,-3.33,2026-07-27
INFQ,1.4,9.76,12253832,9016583,119.6,98.69,1.2,3.6,5.1,매수관심,양봉,완만한상승,0.61,1.73,2026-07-27
OPTU,1.4,0.76,5420410,4004794,4.12,4.71,0.9,0.4,-6.1,매도주의,음봉,전저점이탈,0.14,-1.88,2026-07-27
HTLD,1.4,13.69,952417,659563,13.04,10.32,1.3,-0.1,-4.0,강한매도,장대음봉,전저점이탈,0.15,-3.17,2026-07-27
HNRG,1.4,15.21,811045,594442,12.34,9.8,1.3,1.0,-1.2,중립,망치형,잔구간,0.72,0.63,2026-07-27
AQN,1.4,6.01,4314502,3036390,25.93,20.57,1.3,-0.2,-1.3,매도주의,장대음봉,잔구간,0.0,-1.3,2026-07-27
SVV,1.4,9.64,785484,549640,7.57,7.71,1.0,-0.7,6.5,매수관심,장대양봉,잔구간,0.97,1.28,2026-07-27
SUZ,1.4,8.22,2731696,1920383,22.45,17.2,1.3,-0.2,-0.6,중립,음봉,잔구간,0.59,-0.295,2026-07-27
SRTA,1.4,5.14,1252508,902232,6.44,4.4,1.5,1.6,0.4,중립,팽이도지,잔구간,0.64,0.085,2026-07-27
XE,1.3,15.2,6078222,4852535,92.39,72.5,1.3,1.7,2.6,강한매수,양봉스프링,완만한상승,0.85,2.82,2026-07-27
ADBG,1.3,3.9,7441689,5628513,29.02,26.81,1.1,4.3,6.3,매수관심,장대양봉,잔구간,0.61,1.065,2026-07-27
EXK,1.3,7.94,8226903,6450189,65.32,48.69,1.3,1.7,-0.1,강한매수,망치형,완만한상승,0.79,2.25,2026-07-27
ADT,1.3,7.15,7433549,5778732,53.15,46.76,1.1,1.0,0.6,매수관심,양봉,완만한상승,0.45,1.54,2026-07-27
USOY,1.3,7.16,510425,382850,3.65,3.62,1.0,-4.9,-2.6,매도주의,장대음봉,잔구간,0.0,-1.3,2026-07-27
JRVR,1.3,4.7,314850,247096,1.48,1.05,1.4,0.4,-0.6,매도주의,위꼬리음봉,잔구간,0.11,-0.985,2026-07-27
KORU,1.3,17.21,30813763,23107725,530.3,642.59,0.8,6.2,-9.3,중립,음봉,잔구간,0.42,-0.4,2026-07-27
JFR,1.3,7.7,591660,448431,4.56,3.6,1.3,0.4,0.3,강한매수,양봉,완만한상승,1.0,2.2,2026-07-27
XNDU,1.3,10.2,1126106,867317,11.49,11.09,1.0,2.1,-2.9,중립,음봉,잔구간,0.27,-0.49,2026-07-27
MNRO,1.3,16.94,655479,521728,11.1,11.08,1.0,1.1,-0.2,중립,팽이도지,잔구간,0.49,-0.005,2026-07-27
CRON,1.3,2.86,1065130,837882,3.05,2.16,1.4,0.4,1.4,강한매수,양봉,전고점돌파,0.83,2.6,2026-07-27
MNTN,1.3,9.32,1097448,813230,10.23,7.98,1.3,2.7,5.8,매수관심,장대양봉,잔구간,0.76,1.155,2026-07-27
CRGY,1.3,10.48,6421573,5028317,67.3,61.53,1.1,-3.1,-4.0,매도주의,장대음봉,잔구간,0.07,-1.26,2026-07-27
CRSR,1.3,10.53,1812930,1412296,19.09,13.46,1.4,3.1,3.6,강한매수,양봉,완만한상승,0.93,2.12,2026-07-27
MNKD,1.3,3.95,5325676,3956185,21.04,18.62,1.1,1.9,-6.2,매도주의,장대음봉,잔구간,0.0,-1.3,2026-07-27
AVR,1.3,8.17,838227,633748,6.85,7.77,0.9,1.4,-0.8,매도주의,위꼬리음봉,잔구간,0.23,-0.91,2026-07-27
BBAI,1.3,2.83,26896629,21309277,76.12,71.58,1.1,3.6,-1.0,중립,팽이도지,잔구간,0.38,-0.07,2026-07-27
SERV,1.3,4.78,3489490,2657155,16.68,14.55,1.1,3.7,-4.2,중립,음봉,전저점부근,0.33,-0.15,2026-07-27
AUPH,1.3,15.22,1056643,815678,16.08,14.15,1.1,0.8,-1.6,중립,음봉,잔구간,0.04,-0.625,2026-07-27
RZLV,1.3,2.3,10049352,7682702,23.11,23.14,1.0,4.5,-1.7,중립,음봉,잔구간,0.36,-0.435,2026-07-27
ETHE,1.3,15.72,2135893,1635255,33.58,25.23,1.3,4.8,-0.1,매수관심,팽이도지,완만한상승,0.53,0.94,2026-07-27
ERII,1.3,8.52,767380,577462,6.54,5.42,1.2,0.4,0.8,중립,팽이도지,잔구간,0.53,0.02,2026-07-27
BCYC,1.3,3.95,303823,225742,1.2,1.13,1.1,0.8,1.3,매수관심,양봉,완만한상승,0.5,1.6,2026-07-27
SAN,1.3,13.99,10598816,8048940,148.28,130.43,1.1,3.6,-0.3,강한매수,망치형,전고점돌파,0.63,2.66,2026-07-27
STVN,1.3,19.8,353732,279980,7.0,4.98,1.4,0.1,0.6,매수관심,팽이도지,완만한상승,0.74,1.19,2026-07-27
TARA,1.3,4.04,533555,416251,2.16,1.55,1.4,1.2,-0.7,중립,팽이도지,수횡파,0.31,0.37,2026-07-27
FLO,1.3,7.64,4471419,3561180,34.16,33.64,1.0,1.7,-2.9,매도주의,장대음봉,전저점부근,0.0,-1.85,2026-07-27
AUR,1.3,6.21,28670659,22499749,178.04,132.52,1.3,3.7,0.6,매수관심,팽이도지,완만한상승,0.72,1.16,2026-07-27
ASC,1.3,16.39,556638,419945,9.12,7.92,1.2,-1.9,0.6,중립,위꼬리양봉,잔구간,0.43,-0.54,2026-07-27
ASLE,1.3,6.5,346369,259425,2.25,1.92,1.2,0.5,4.7,강한매수,장대양봉,전고점돌파,0.91,3.99,2026-07-27
ECC,1.3,3.66,741312,561260,2.71,3.23,0.8,0.6,1.9,매수관심,장대양봉,잔구간,1.0,1.3,2026-07-27
ECX,1.3,1.08,1087184,824867,1.17,0.87,1.4,4.0,3.8,매수관심,장대양봉,잔구간,0.83,1.2,2026-07-27
LEG,1.3,10.97,2022414,1601626,22.19,20.5,1.1,-0.6,-1.1,매도주의,위꼬리음봉,잔구간,0.07,-1.01,2026-07-27
AAPD,1.3,10.36,13110004,10204166,135.82,130.7,1.0,-0.6,-0.6,매도주의,음봉,전저점이탈,0.41,-1.56,2026-07-27
PRTA,1.3,8.7,704707,546087,6.13,4.94,1.2,1.5,-2.0,중립,음봉,잔구간,0.09,-0.595,2026-07-27
IART,1.3,19.53,1015193,794375,19.83,16.6,1.2,1.5,-2.7,중립,음봉,잔구간,0.19,-0.535,2026-07-27
HYT,1.3,8.31,983461,769710,8.17,5.98,1.4,0.6,-0.7,매도주의,장대음봉,전저점부근,0.33,-1.45,2026-07-27
IGR,1.3,4.7,490016,390497,2.3,2.15,1.1,0.2,-0.2,매도주의,위꼬리음봉,완만한상승,0.0,-1.2,2026-07-27
NVAX,1.3,7.49,3318592,2583750,24.86,23.35,1.1,4.0,-3.5,매도주의,장대음봉,잔구간,0.0,-1.3,2026-07-27
OXSQ,1.3,1.41,1450261,1079670,2.04,2.23,0.9,0.0,-2.1,매도주의,음봉,전저점이탈,0.27,-1.73,2026-07-27
OCS,1.3,11.02,379542,298622,4.18,3.57,1.2,0.6,-1.6,매도주의,위꼬리음봉,잔구간,0.2,-0.93,2026-07-27
OCGN,1.3,1.26,5037488,3981668,6.35,6.17,1.0,3.3,0.8,중립,위꼬리양봉,잔구간,0.27,-0.64,2026-07-27
ALIT,1.3,19.73,583732,463889,11.52,12.71,0.9,2.0,2.5,중립,위꼬리양봉,완만한상승,0.32,-0.32,2026-07-27
PERI,1.3,9.43,306747,243342,2.89,2.5,1.2,0.9,0.3,중립,위꼬리양봉,완만한상승,0.38,-0.24,2026-07-27
PHR,1.3,10.63,825393,645729,8.77,7.31,1.2,1.6,2.4,중립,양봉,잔구간,0.57,0.39,2026-07-27
FSK,1.3,10.85,2429494,1922212,26.36,23.64,1.1,0.7,1.4,매수관심,장대양봉,잔구간,0.79,1.175,2026-07-27
DGNX,1.3,1.51,816055,625777,1.23,0.65,1.9,4.3,2.7,중립,위꼬리양봉,전고점돌파,0.36,0.33,2026-07-27
PK,1.3,15.03,4308490,3298563,64.76,56.74,1.1,1.1,0.9,매수관심,양봉,완만한상승,0.4,1.48,2026-07-27
HLIT,1.3,11.35,1788559,1331946,20.3,18.04,1.1,1.8,-0.4,중립,망치형,잔구간,0.86,0.715,2026-07-27
DFDV,1.3,2.73,862874,672059,2.36,1.98,1.2,4.1,-2.8,중립,음봉,완만한상승,0.22,-0.14,2026-07-27
RIVN,1.3,16.48,35152648,26544696,579.32,470.66,1.2,3.8,0.2,중립,팽이도지,잔구간,0.43,-0.04,2026-07-27
QUBX,1.3,6.91,302517,231271,2.09,1.75,1.2,8.1,5.2,매수관심,양봉,완만한상승,0.55,1.66,2026-07-27
AXTX,1.3,5.29,5238809,4105024,27.71,30.92,0.9,5.8,-2.9,강한매수,망치형,완만한상승,0.63,2.06,2026-07-27
CTOS,1.3,10.71,1020592,786578,10.93,8.29,1.3,0.1,-1.5,중립,망치형,잔구간,0.61,0.565,2026-07-27
QFIN,1.3,13.56,922978,716197,12.52,14.06,0.9,0.5,2.3,강한매수,양봉,전고점돌파,0.89,2.67,2026-07-27
PTIR,1.3,11.62,3548444,2837105,41.23,41.07,1.0,5.3,8.3,매수관심,장대양봉,잔구간,0.88,1.23,2026-07-27
NNE,1.3,16.79,2367008,1794816,39.74,35.52,1.1,6.5,1.1,매수관심,팽이도지,완만한상승,0.44,0.83,2026-07-27
RES,1.3,5.47,1606104,1243476,8.79,7.4,1.2,-0.9,-1.6,매도주의,음봉,전저점이탈,0.12,-1.91,2026-07-27
MUD,1.3,11.94,13486950,10407879,161.03,137.68,1.2,-1.2,3.6,매수관심,양봉,완만한상승,0.44,1.53,2026-07-27
BW,1.3,9.4,3056899,2376609,28.73,31.46,0.9,0.9,-3.2,매도주의,음봉,전저점이탈,0.4,-1.57,2026-07-27
CBLL,1.3,18.13,442387,338874,8.02,6.53,1.2,1.5,5.7,매수관심,장대양봉,잔구간,0.99,1.295,2026-07-27
ARLO,1.3,13.88,1224114,951541,16.99,12.01,1.4,3.1,4.6,강한매수,장대양봉,전고점돌파,0.88,3.96,2026-07-27
DXD,1.3,17.34,633577,505111,10.99,8.82,1.2,-2.2,1.2,중립,양봉,잔구간,0.65,0.44,2026-07-27
DXC,1.3,10.36,4058007,3006294,42.04,29.17,1.4,1.0,2.1,강한매수,양봉,전고점돌파,0.46,2.15,2026-07-27
SMCY,1.3,4.77,965579,758094,4.61,3.79,1.2,0.8,-1.9,중립,음봉,잔구간,0.54,-0.325,2026-07-27
SLI,1.3,2.13,1971975,1541845,4.2,3.61,1.2,1.4,-0.9,중립,팽이도지,완만한상승,0.3,0.66,2026-07-27
OTLY,1.3,14.3,349841,271946,5.0,2.78,1.8,0.7,6.2,강한매수,장대양봉,전고점돌파,0.83,3.9,2026-07-27
PAR,1.3,16.53,761593,571420,12.59,11.43,1.1,2.8,4.1,매수관심,장대양봉,잔구간,0.8,1.18,2026-07-27
LENZ,1.3,5.7,1181399,932991,6.73,6.14,1.1,0.2,3.8,강한매수,양봉,전고점돌파,0.49,2.19,2026-07-27
LTBR,1.3,8.02,828392,647692,6.64,5.57,1.2,4.3,2.6,매수관심,양봉,완만한상승,0.63,1.76,2026-07-27
WBTN,1.3,9.27,413468,326939,3.83,4.03,1.0,2.4,0.5,중립,위꼬리양봉,잔구간,0.35,-0.59,2026-07-27
CNTX,1.3,0.622,1728004,1341445,1.08,0.99,1.1,-0.1,1.5,중립,위꼬리양봉,완만한상승,0.43,-0.18,2026-07-27
ARCC,1.3,18.89,5030462,4023551,95.03,81.22,1.2,0.4,0.2,중립,위꼬리양봉,잔구간,0.27,-0.64,2026-07-27
ANIX,1.3,3.46,435865,331632,1.51,1.13,1.3,0.3,-6.7,중립,음봉,잔구간,0.27,-0.49,2026-07-27
EDZ,1.3,17.51,361008,279816,6.32,3.6,1.8,-4.5,2.9,중립,양봉,잔구간,0.43,0.31,2026-07-27
EIDO,1.3,12.14,1274115,947399,15.47,16.05,1.0,-0.9,-0.1,강한매수,망치형,전저점부근,0.88,3.21,2026-07-27
ELAB,1.3,0.92,1325023,1013340,1.22,1.84,0.7,-2.6,4.9,중립,양봉,잔구간,1.0,0.65,2026-07-27
ZIP,1.3,4.25,629463,466383,2.68,1.72,1.6,2.1,6.8,강한매수,장대양봉,완만한상승,0.83,3.3,2026-07-27
YEXT,1.3,5.53,1261126,953607,6.97,5.88,1.2,3.6,6.8,매수관심,장대양봉,잔구간,0.93,1.26,2026-07-27
UGP,1.3,6.28,4597464,3612040,28.87,37.08,0.8,-0.9,-1.4,매도주의,장대음봉,잔구간,0.15,-1.21,2026-07-27
YYY,1.3,11.38,344408,270856,3.92,3.36,1.2,0.4,-0.4,매도주의,장대음봉,잔구간,0.33,-1.1,2026-07-27
TSHA,1.3,5.54,2367119,1832643,13.11,18.67,0.7,2.7,-2.3,매도주의,위꼬리음봉,잔구간,0.0,-1.05,2026-07-27
SES,1.2,0.555,21678568,18387244,12.04,10.33,1.2,1.4,8.9,매수관심,장대양봉,잔구간,0.83,1.2,2026-07-27
SLDB,1.2,7.89,1222961,995197,9.65,9.24,1.0,2.3,-1.5,매도주의,위꼬리음봉,잔구간,0.05,-1.02,2026-07-27
VNET,1.2,7.17,3459808,2788703,24.81,20.25,1.2,2.6,-3.1,매도주의,장대음봉,잔구간,0.31,-1.115,2026-07-27
WOOF,1.2,2.72,1471581,1223491,4.0,3.73,1.1,0.8,3.4,매수관심,장대양봉,잔구간,0.6,1.06,2026-07-27
VNM,1.2,16.34,915741,761660,14.96,11.78,1.3,-1.0,0.2,중립,팽이도지,전저점이탈,0.71,-0.5,2026-07-27
AEG,1.2,9.16,6462560,5337739,59.2,47.35,1.3,0.5,-0.2,매도주의,위꼬리음봉,완만한상승,0.18,-0.98,2026-07-27
LUMN,1.2,6.26,11627543,9585613,72.79,60.6,1.2,0.9,-2.2,중립,음봉,잔구간,0.48,-0.36,2026-07-27
MLTX,1.2,19.88,879409,734739,17.48,19.27,0.9,0.9,3.5,강한매수,장대양봉,완만한상승,0.86,3.33,2026-07-27
CPRI,1.2,15.88,3180258,2662374,50.5,55.41,0.9,0.3,2.5,매수관심,장대양봉,잔구간,0.66,1.095,2026-07-27
MAGN,1.2,13.75,380514,322579,5.23,6.22,0.8,0.9,-0.7,중립,음봉,잔구간,0.26,-0.495,2026-07-27
MDXG,1.2,4.26,1163225,969031,4.96,4.37,1.1,1.0,0.5,중립,위꼬리양봉,잔구간,0.29,-0.625,2026-07-27
MOMO,1.2,5.88,504155,413030,2.96,2.85,1.0,1.2,-1.2,중립,음봉,잔구간,0.12,-0.58,2026-07-27
CALY,1.2,18.27,2013527,1733213,36.79,36.15,1.0,0.8,-0.2,중립,팽이도지,잔구간,0.49,-0.005,2026-07-27
CAI,1.2,15.63,3454754,2977567,54.0,60.01,0.9,1.1,-0.4,중립,팽이도지,완만한상승,0.3,0.66,2026-07-27
CRVS,1.2,12.92,846900,722597,10.94,13.84,0.8,0.8,-1.9,강한매도,음봉,전저점이탈,0.02,-2.03,2026-07-27
CRDU,1.2,12.89,1290420,1096438,16.63,21.52,0.8,4.2,-9.4,중립,음봉,잔구간,0.47,-0.37,2026-07-27
VRDN,1.2,19.7,2224646,1819977,43.83,31.77,1.4,1.6,0.7,매수관심,팽이도지,전고점돌파,0.47,1.46,2026-07-27
ABAT,1.2,2.27,2825635,2395951,6.41,6.75,1.0,3.6,-0.9,중립,팽이도지,잔구간,0.38,-0.07,2026-07-27
GDOT,1.2,13.16,325645,273501,4.29,4.04,1.1,0.9,-1.8,매도주의,장대음봉,잔구간,0.08,-1.25,2026-07-27
GDXY,1.2,9.77,480233,402734,4.69,3.97,1.2,1.1,-0.4,중립,망치형,잔구간,0.66,0.595,2026-07-27
BGC,1.2,11.79,2277638,1979111,26.85,24.78,1.1,1.6,-0.4,매수관심,팽이도지,전고점돌파,0.61,1.63,2026-07-27
EQX,1.2,9.52,14740274,12516848,140.33,102.63,1.4,1.9,0.6,매수관심,팽이도지,완만한상승,0.74,1.19,2026-07-27
FETH,1.2,19.4,1727538,1410118,33.51,30.1,1.1,4.8,-0.2,매수관심,팽이도지,완만한상승,0.51,0.91,2026-07-27
ETHW,1.2,13.93,1102088,928222,15.35,10.8,1.4,4.9,-0.2,매수관심,팽이도지,완만한상승,0.51,0.91,2026-07-27
SSG,1.2,14.0,893432,769665,12.51,11.51,1.1,-1.6,8.3,강한매수,장대양봉,완만한상승,0.71,3.15,2026-07-27
DV,1.2,10.95,2127164,1785006,23.29,19.01,1.2,2.4,1.3,중립,양봉,잔구간,0.45,0.32,2026-07-27
FPE,1.2,17.77,1003725,841385,17.84,16.53,1.1,0.2,-0.1,중립,망치형,잔구간,0.56,0.535,2026-07-27
ASYS,1.2,15.41,336977,288488,5.19,5.94,0.9,1.1,-4.0,매도주의,음봉,전저점이탈,0.44,-1.52,2026-07-27
TGB,1.2,7.11,5698368,4840977,40.52,38.71,1.0,2.4,-0.8,중립,망치형,잔구간,0.83,0.7,2026-07-27
FBRT,1.2,7.83,1174330,987145,9.2,8.26,1.1,0.3,0.0,중립,위꼬리양봉,잔구간,0.2,-0.68,2026-07-27
XOVR,1.2,18.7,2044929,1700104,38.24,38.9,1.0,0.9,-0.1,중립,팽이도지,잔구간,0.58,0.05,2026-07-27
ACB,1.2,2.74,1407435,1148128,3.86,2.96,1.3,1.1,1.5,강한매수,양봉,전고점돌파,0.5,2.2,2026-07-27
IRT,1.2,16.42,1956766,1666832,32.13,39.5,0.8,-0.5,-0.7,중립,음봉,잔구간,0.15,-0.56,2026-07-27
VLN,1.2,1.58,1100451,946176,1.74,1.85,0.9,0.0,-3.1,매도주의,음봉,전저점이탈,0.36,-1.62,2026-07-27
NRGV,1.2,2.93,4535010,3938735,13.29,13.79,1.0,2.8,-1.0,중립,망치형,잔구간,0.77,0.66,2026-07-27
NABL,1.2,4.37,1930596,1669542,8.44,8.42,1.0,2.2,4.8,매수관심,양봉,완만한상승,0.6,1.72,2026-07-27
MSTW,1.2,3.42,440384,367931,1.51,1.36,1.1,1.3,5.6,강한매수,장대양봉,완만한상승,0.93,3.42,2026-07-27
HYNX,1.2,19.5,1666138,1418691,32.49,33.76,1.0,6.3,-20.3,강한매도,장대음봉,전저점이탈,0.19,-3.12,2026-07-27
CADL,1.2,9.96,1272117,1063712,12.67,12.33,1.0,-0.5,4.7,매수관심,장대양봉,잔구간,0.65,1.09,2026-07-27
CHA,1.2,11.74,407332,345763,4.78,4.64,1.0,1.3,3.5,강한매수,장대양봉,전고점부근,0.94,2.08,2026-07-27
NEA,1.2,11.21,914942,768326,10.26,9.18,1.1,0.4,-0.5,매도주의,장대음봉,전저점부근,0.22,-1.59,2026-07-27
NB,1.2,4.19,2285284,1866488,9.58,11.22,0.9,0.7,0.5,매수관심,팽이도지,완만한상승,0.57,0.98,2026-07-27
CCC,1.2,5.97,10990913,9353169,65.62,61.87,1.1,2.7,-0.2,중립,팽이도지,완만한상승,0.27,0.62,2026-07-27
CGEM,1.2,17.43,530606,450193,9.25,9.28,1.0,2.0,-0.1,중립,팽이도지,잔구간,0.35,-0.09,2026-07-27
CGNT,1.2,8.71,437680,373474,3.81,4.17,0.9,2.3,2.5,매수관심,장대양봉,잔구간,0.73,1.14,2026-07-27
MSTY,1.2,13.02,1075088,914728,14.0,11.82,1.2,2.8,3.5,강한매수,장대양봉,완만한상승,0.91,3.39,2026-07-27
ECAT,1.2,15.14,480580,415966,7.28,7.6,1.0,1.0,-0.4,중립,음봉,잔구간,0.38,-0.42,2026-07-27
SMMT,1.2,13.105,4234217,3604508,55.49,54.12,1.0,1.4,-5.4,강한매도,장대음봉,전저점이탈,0.0,-3.35,2026-07-27
PRGO,1.2,10.14,3139025,2606756,31.83,27.36,1.2,2.3,-1.7,중립,음봉,잔구간,0.03,-0.63,2026-07-27
PGX,1.2,10.72,3479557,2823699,37.3,28.8,1.3,0.1,0.0,중립,팽이도지,잔구간,0.55,0.03,2026-07-27
PLX,1.2,2.4,567011,484484,1.36,1.21,1.1,0.8,0.4,중립,팽이도지,완만한상승,0.4,0.78,2026-07-27
BMNG,1.2,15.27,882269,753506,13.47,13.21,1.0,10.8,13.9,강한매수,장대양봉,완만한상승,0.76,3.21,2026-07-27
PDO,1.2,12.83,602036,510511,7.72,6.64,1.2,0.5,-1.2,매도주의,장대음봉,전저점부근,0.25,-1.55,2026-07-27
HODL,1.2,18.36,804898,675942,14.78,15.08,1.0,1.0,0.1,중립,팽이도지,잔구간,0.42,-0.05,2026-07-27
PEW,1.2,2.55,427097,359848,1.09,1.13,1.0,3.9,5.4,매수관심,장대양봉,잔구간,0.93,1.26,2026-07-27
DHT,1.2,18.29,2458145,2081061,44.96,44.08,1.0,-2.0,1.1,중립,양봉,잔구간,0.67,0.45,2026-07-27
HPK,1.2,6.77,451771,378757,3.06,3.18,1.0,-3.5,-8.3,강한매도,장대음봉,전저점이탈,0.01,-3.34,2026-07-27
HOPE,1.2,13.82,1244757,1011790,17.2,13.4,1.3,1.0,1.7,매수관심,장대양봉,잔구간,0.64,1.085,2026-07-27
RLJ,1.2,12.48,1799865,1530687,22.46,19.23,1.2,0.4,0.7,중립,양봉,전고점부근,0.73,0.53,2026-07-27
RUN,1.2,9.98,10861581,9000063,108.4,104.27,1.0,1.6,-1.2,중립,망치형,잔구간,0.54,0.525,2026-07-27
RPD,1.2,9.62,2631848,2233386,25.32,29.6,0.9,1.5,-0.2,중립,팽이도지,잔구간,0.27,-0.14,2026-07-27
GDYN,1.2,6.15,1598764,1359450,9.83,7.33,1.3,3.5,4.4,강한매수,장대양봉,전고점돌파,0.91,3.99,2026-07-27
RXRX,1.2,3.01,21724275,17681313,65.39,66.28,1.0,2.4,-0.7,매도주의,위꼬리음봉,잔구간,0.14,-0.965,2026-07-27
RXST,1.2,5.64,984104,840553,5.55,5.46,1.0,1.2,7.4,매수관심,장대양봉,잔구간,0.91,1.245,2026-07-27
RITM,1.2,9.23,6796685,5443518,62.73,52.51,1.2,0.8,0.4,중립,위꼬리양봉,잔구간,0.39,-0.565,2026-07-27
QYLD,1.2,17.55,5406761,4496362,94.89,81.01,1.2,0.7,-0.8,중립,음봉,잔구간,0.4,-0.41,2026-07-27
QNST,1.2,15.54,1005722,807527,15.63,12.11,1.3,0.0,2.6,매수관심,장대양봉,잔구간,0.68,1.11,2026-07-27
QUBT,1.2,7.96,10494818,8399151,83.54,67.59,1.2,4.0,3.0,매수관심,양봉,완만한상승,0.57,1.68,2026-07-27
RR,1.2,1.5,7932554,6554686,11.9,9.33,1.3,0.6,-3.8,매도주의,음봉,전저점이탈,0.31,-1.68,2026-07-27
AXIA,1.2,10.06,2020905,1710695,20.33,18.0,1.1,1.4,0.1,매수관심,팽이도지,완만한상승,0.55,0.96,2026-07-27
MSTZ,1.2,10.89,10654913,8838496,116.03,113.01,1.0,-4.9,-10.5,매도주의,장대음봉,잔구간,0.11,-1.235,2026-07-27
MSTU,1.2,1.975,120849620,101310433,238.68,177.07,1.3,5.2,9.1,강한매수,장대양봉,완만한상승,0.87,3.34,2026-07-27
HUN,1.2,11.74,4131454,3483179,48.5,43.89,1.1,-0.3,-8.0,매도주의,장대음봉,잔구간,0.02,-1.29,2026-07-27
NAK,1.2,1.53,5061699,4154411,7.74,6.47,1.2,0.6,-3.8,중립,음봉,전저점부근,0.27,-0.23,2026-07-27
NIXX,1.2,0.692,1713595,1410959,1.19,1.7,0.7,-0.9,-17.6,강한매도,장대음봉,전저점이탈,0.22,-3.09,2026-07-27
OGN,1.2,13.54,2654587,2224673,35.94,35.82,1.0,0.0,0.1,강한매수,장대양봉,완만한상승,1.0,3.5,2026-07-27
IBRX,1.2,6.99,10517948,8574272,73.52,61.03,1.2,2.1,-3.6,매도주의,음봉,전저점이탈,0.19,-1.82,2026-07-27
BSCR,1.2,19.585,564439,487642,11.05,9.8,1.1,0.1,-0.0,중립,음봉,완만한상승,0.5,0.2,2026-07-27
BNED,1.2,12.84,368228,317294,4.73,4.88,1.0,1.3,6.6,강한매수,장대양봉,전고점부근,0.91,2.04,2026-07-27
INO,1.2,0.965,1874732,1506480,1.81,1.51,1.2,1.2,-1.7,중립,음봉,전저점부근,0.1,-0.43,2026-07-27
XIFR,1.2,12.61,995981,812212,12.56,10.48,1.2,0.0,0.6,매수관심,팽이도지,완만한상승,0.7,1.14,2026-07-27
AFIF,1.2,9.38,570164,470681,5.35,5.37,1.0,0.1,0.1,중립,양봉,잔구간,0.33,0.25,2026-07-27
AEVA,1.2,15.53,1429582,1233185,22.2,22.42,1.0,3.1,1.4,중립,팽이도지,잔구간,0.65,0.09,2026-07-27
VTRS,1.2,17.635,9762895,8229006,172.17,150.39,1.1,0.6,1.6,매수관심,장대양봉,잔구간,0.76,1.155,2026-07-27
OXLC,1.2,8.44,879225,735550,7.42,8.5,0.9,0.2,-0.9,매도주의,음봉,전저점이탈,0.35,-1.63,2026-07-27
ALKT,1.2,17.77,1198490,982650,21.3,18.46,1.2,3.6,2.2,중립,양봉,잔구간,0.67,0.45,2026-07-27
DBVT,1.2,13.9,380748,316781,5.29,4.2,1.3,0.9,1.1,중립,팽이도지,잔구간,0.62,0.07,2026-07-27
PAYP,1.2,16.02,925581,781779,14.83,12.39,1.2,1.6,1.6,매수관심,양봉,완만한상승,0.71,1.85,2026-07-27
OMAH,1.2,18.72,1021181,868013,19.12,16.34,1.2,-0.4,0.1,중립,팽이도지,잔구간,0.62,0.07,2026-07-27
CYRX,1.2,15.15,783452,651128,11.87,11.46,1.0,0.0,-1.4,중립,음봉,잔구간,0.37,-0.43,2026-07-27
DJT,1.2,9.56,4986802,4306601,47.67,43.31,1.1,2.9,8.5,강한매수,장대양봉,완만한상승,0.83,3.3,2026-07-27
NVDX,1.2,16.05,6549034,5285296,105.11,101.42,1.0,0.9,-11.0,강한매도,장대음봉,전저점이탈,0.08,-3.25,2026-07-27
NUV,1.2,9.05,553230,463081,5.01,4.31,1.2,0.4,-0.8,강한매도,장대음봉,전저점이탈,0.22,-3.09,2026-07-27
NVD,1.2,5.25,98733692,82640927,518.35,392.14,1.3,-1.0,11.2,강한매수,장대양봉,전고점돌파,0.92,4.0,2026-07-27
INFH,1.2,5.31,412096,342297,2.19,2.03,1.1,7.3,9.5,매수관심,양봉,완만한상승,0.65,1.78,2026-07-27
ALHC,1.2,18.67,3950639,3316418,73.76,67.62,1.1,-0.0,-3.9,강한매도,장대음봉,전저점이탈,0.06,-3.28,2026-07-27
CNDT,1.2,1.51,836980,711514,1.26,1.33,1.0,2.0,0.0,중립,위꼬리양봉,잔구간,0.14,-0.715,2026-07-27
LXRX,1.2,2.23,2957356,2570014,6.59,5.95,1.1,0.4,-3.0,중립,음봉,잔구간,0.33,-0.45,2026-07-27
LYFT,1.2,15.09,14551007,11651869,219.57,183.0,1.2,1.6,4.6,매수관심,장대양봉,잔구간,0.81,1.185,2026-07-27
LSPD,1.2,10.31,781886,663856,8.06,7.01,1.1,1.9,2.1,매수관심,장대양봉,잔구간,0.89,1.235,2026-07-27
CMCO,1.2,16.38,653187,533741,10.7,7.92,1.4,2.2,-0.6,강한매수,망치형,전고점돌파,0.7,2.74,2026-07-27
LILAK,1.2,7.68,1451819,1192311,11.15,9.23,1.2,0.1,3.2,강한매수,장대양봉,전고점돌파,0.74,3.79,2026-07-27
CIK,1.2,2.46,461386,377338,1.14,1.21,0.9,0.0,1.2,강한매수,장대양봉,완만한상승,1.0,3.5,2026-07-27
LADR,1.2,9.73,1186917,969604,11.55,10.47,1.1,-0.1,-0.3,중립,팽이도지,잔구간,0.42,-0.05,2026-07-27
ULCC,1.2,6.1,4336655,3699772,26.45,25.75,1.0,3.6,1.3,중립,팽이도지,잔구간,0.61,0.065,2026-07-27
UNG,1.2,10.11,8718584,7142719,88.14,79.03,1.1,-3.1,-1.1,강한매도,장대음봉,전저점이탈,0.06,-3.28,2026-07-27
TSL,1.2,11.26,566422,462353,6.38,7.22,0.9,-0.1,-1.4,중립,음봉,전저점부근,0.39,-0.08,2026-07-27
ARHS,1.2,7.88,1093232,942006,8.61,7.28,1.2,0.6,-1.0,매도주의,위꼬리음봉,잔구간,0.17,-0.95,2026-07-27
UAA,1.2,7.08,8380215,6960514,59.33,55.34,1.1,2.8,-2.1,중립,음봉,완만한상승,0.44,0.13,2026-07-27
EH,1.2,5.25,935354,749515,4.91,4.74,1.0,1.2,5.8,매수관심,장대양봉,잔구간,0.88,1.23,2026-07-27
ZGN,1.2,14.89,1525324,1222192,22.71,16.39,1.4,3.4,0.6,강한매수,양봉스프링,전고점돌파,0.82,3.38,2026-07-27
ZLAB,1.2,18.64,708637,569276,13.21,14.24,0.9,-0.4,-2.6,강한매도,장대음봉,전저점이탈,0.12,-3.21,2026-07-27
YMM,1.1,9.31,6215868,5427567,57.87,59.96,1.0,0.5,0.5,강한매수,양봉스프링,완만한상승,0.89,2.87,2026-07-27
UNIT,1.1,10.77,1922389,1674047,20.7,20.08,1.0,0.8,-1.3,중립,음봉,잔구간,0.54,-0.325,2026-07-27
TTGT,1.1,3.8,483745,432394,1.84,1.3,1.4,0.3,11.4,매수관심,장대양봉,잔구간,0.71,1.125,2026-07-27
TWI,1.1,8.06,348232,327653,2.81,3.04,0.9,1.0,-0.5,중립,팽이도지,전고점부근,0.57,-0.37,2026-07-27
TWO,1.1,12.12,1530210,1344677,18.55,22.48,0.8,0.1,0.1,강한매수,양봉스프링,전고점돌파,1.0,3.6,2026-07-27
TSLX,1.1,17.13,439087,402734,7.52,7.63,1.0,1.4,1.1,중립,양봉,잔구간,0.55,0.38,2026-07-27
TROX,1.1,6.1,2629297,2303403,16.04,13.98,1.1,-0.6,-1.6,중립,망치형,잔구간,0.67,0.6,2026-07-27
TRT,1.1,9.86,513411,453553,5.06,5.49,0.9,2.1,4.7,중립,양봉,잔구간,0.97,0.63,2026-07-27
APLE,1.1,16.88,2712500,2394960,45.79,40.76,1.1,0.6,0.1,매수관심,팽이도지,완만한상승,0.44,0.83,2026-07-27
AMPX,1.1,9.71,5467533,4801053,53.09,57.81,0.9,0.0,5.1,매수관심,장대양봉,잔구간,0.98,1.29,2026-07-27
AMPY,1.1,3.75,617203,556525,2.31,2.47,0.9,-4.7,-0.1,매도주의,팽이도지,전저점이탈,0.39,-0.88,2026-07-27
DNN,1.1,2.92,22292164,20420746,65.09,72.69,0.9,1.7,-1.4,중립,팽이도지,완만한상승,0.29,0.65,2026-07-27
EYPT,1.1,12.41,1390307,1284306,17.25,17.02,1.0,2.4,-0.6,중립,팽이도지,잔구간,0.28,-0.13,2026-07-27
F,1.1,14.68,58748371,55474185,862.43,741.56,1.2,3.1,-0.9,중립,망치형,전고점부근,0.64,0.72,2026-07-27
CNTN,1.1,2.03,698320,639389,1.42,1.55,0.9,3.1,1.5,중립,위꼬리양봉,잔구간,0.25,-0.65,2026-07-27
CONL,1.1,5.34,15113143,13616055,80.7,88.81,0.9,6.0,4.9,중립,양봉,잔구간,0.94,0.615,2026-07-27
CLDT,1.1,13.78,415185,391497,5.72,4.46,1.3,-1.2,3.3,강한매수,장대양봉,전고점돌파,0.88,3.96,2026-07-27
LAR,1.1,5.88,1912882,1783010,11.25,11.8,1.0,1.0,-0.5,중립,팽이도지,잔구간,0.58,0.05,2026-07-27
KRO,1.1,6.13,414783,362465,2.54,3.33,0.8,0.6,-7.8,강한매도,장대음봉,전저점이탈,0.24,-3.06,2026-07-27
VUZI,1.1,2.32,1008155,926846,2.34,2.45,1.0,1.7,-0.4,중립,팽이도지,잔구간,0.68,0.11,2026-07-27
VYGR,1.1,3.09,713482,624474,2.2,2.35,0.9,0.3,-0.6,중립,팽이도지,잔구간,0.27,-0.14,2026-07-27
WCMI,1.1,18.94,976468,902831,18.49,18.34,1.0,1.2,-0.7,중립,음봉,잔구간,0.44,-0.385,2026-07-27
ALDX,1.1,1.585,1232250,1128613,1.95,2.2,0.9,0.7,3.6,매수관심,장대양봉,잔구간,0.69,1.115,2026-07-27
AHRT,1.1,7.06,654668,582288,4.62,4.06,1.1,0.0,0.4,중립,위꼬리양봉,완만한상승,0.23,-0.42,2026-07-27
AEO,1.1,17.77,3977520,3665858,70.68,77.46,0.9,3.0,1.5,매수관심,양봉,수횡파,0.93,1.82,2026-07-27
PANL,1.1,7.46,364098,346439,2.72,2.54,1.1,0.1,-2.7,매도주의,장대음봉,잔구간,0.26,-1.145,2026-07-27
ORCU,1.1,5.39,5338755,4897040,28.78,32.75,0.9,4.6,3.5,중립,양봉,잔구간,0.59,0.405,2026-07-27
ORIC,1.1,12.02,1707650,1488580,20.53,17.17,1.2,0.1,-0.7,매도주의,위꼬리음봉,잔구간,0.15,-0.96,2026-07-27
ORN,1.1,12.42,478308,417602,5.94,5.72,1.0,1.1,-3.2,중립,음봉,잔구간,0.29,-0.475,2026-07-27
OKLL,1.1,2.94,12076661,10532959,35.51,34.73,1.0,2.5,4.3,매수관심,양봉,완만한상승,0.65,1.78,2026-07-27
NWBI,1.1,15.41,1210307,1112332,18.65,16.04,1.2,0.6,-0.5,중립,음봉,잔구간,0.13,-0.57,2026-07-27
NZF,1.1,12.26,482367,431216,5.91,6.0,1.0,0.8,-0.5,중립,음봉,잔구간,0.31,-0.465,2026-07-27
INR,1.1,13.44,323807,282589,4.35,4.15,1.0,-2.0,3.9,강한매수,장대양봉,완만한상승,0.89,3.37,2026-07-27
IFRX,1.1,1.7,928391,853121,1.58,1.78,0.9,0.6,-2.9,중립,음봉,전저점부근,0.17,-0.35,2026-07-27
IHRT,1.1,3.62,647017,573472,2.34,2.25,1.0,1.4,0.8,매수관심,양봉스프링,잔구간,0.8,0.93,2026-07-27
PROP,1.1,0.735,1447184,1291396,1.06,1.0,1.1,-2.1,-6.1,매도주의,장대음봉,잔구간,0.21,-1.175,2026-07-27
BRBR,1.1,13.07,4037068,3563140,52.76,43.45,1.2,-1.5,2.4,매수관심,양봉,완만한상승,0.38,1.46,2026-07-27
BSBR,1.1,5.44,1145985,1019341,6.23,7.5,0.8,1.3,1.3,매수관심,양봉,완만한상승,0.71,1.85,2026-07-27
BLDP,1.1,2.87,8925430,8078448,25.62,19.97,1.3,1.0,-2.0,중립,음봉,잔구간,0.43,-0.39,2026-07-27
BLOX,1.1,13.63,369168,324839,5.03,4.89,1.0,1.7,-3.9,매도주의,장대음봉,잔구간,0.27,-1.14,2026-07-27
BMBL,1.1,2.96,2218325,1962247,6.57,5.89,1.1,0.4,5.0,매수관심,장대양봉,잔구간,0.82,1.19,2026-07-27
PLTD,1.1,7.749,44478416,42088093,344.68,361.19,1.0,-2.6,-4.4,매도주의,장대음봉,잔구간,0.13,-1.22,2026-07-27
PML,1.1,7.31,465908,411380,3.41,2.67,1.3,0.4,-0.1,중립,망치형,잔구간,0.67,0.6,2026-07-27
PESI,1.1,15.68,415946,395120,6.52,11.42,0.6,1.6,-3.4,중립,음봉,수횡파,0.35,-0.28,2026-07-27
PFFD,1.1,18.45,582884,547417,10.75,12.35,0.9,0.3,0.2,매수관심,양봉,완만한상승,0.6,1.72,2026-07-27
PBR,1.1,18.0,15141979,13547653,272.56,258.97,1.1,-3.2,-0.9,중립,음봉,잔구간,0.12,-0.58,2026-07-27
HIX,1.1,3.91,339047,305989,1.33,1.33,1.0,0.5,-0.5,중립,음봉,잔구간,0.44,-0.385,2026-07-27
HLF,1.1,12.18,1349749,1279886,16.44,18.41,0.9,0.4,2.0,강한매수,장대양봉,완만한상승,0.69,3.13,2026-07-27
GBDC,1.1,12.88,833352,768176,10.73,11.64,0.9,0.3,0.5,중립,양봉,잔구간,0.57,0.39,2026-07-27
FSM,1.1,8.56,5755610,5305464,49.27,43.87,1.1,0.5,-0.3,매수관심,팽이도지,완만한상승,0.61,1.03,2026-07-27
FTRE,1.1,19.2,1433218,1251300,27.52,21.21,1.3,-0.4,-1.2,중립,음봉,잔구간,0.25,-0.5,2026-07-27
FUN,1.1,17.59,2130192,1874818,37.47,35.73,1.0,2.4,-1.1,중립,팽이도지,잔구간,0.43,-0.04,2026-07-27
RWM,1.1,13.69,30401434,26943204,416.2,342.29,1.2,-0.9,0.4,중립,팽이도지,잔구간,0.62,0.07,2026-07-27
RWT,1.1,4.94,1656409,1482392,8.18,8.34,1.0,1.0,-0.6,중립,음봉,완만한상승,0.25,-0.1,2026-07-27
REAX,1.1,1.76,3805611,3476520,6.7,7.56,0.9,1.8,2.3,중립,양봉,잔구간,0.44,0.315,2026-07-27
PTEN,1.1,9.41,9460114,8510502,89.02,84.35,1.1,-3.6,-4.3,강한매도,장대음봉,전저점이탈,0.07,-3.27,2026-07-27
GTM,1.1,3.08,7204912,6276105,22.19,20.82,1.1,2.7,2.7,중립,양봉,잔구간,0.59,0.405,2026-07-27
HAFN,1.1,7.47,1131275,1017794,8.45,8.53,1.0,-3.8,1.5,중립,양봉,잔구간,0.71,0.475,2026-07-27
HBAN,1.1,17.16,35051362,30896819,601.48,512.39,1.2,-0.1,-1.1,중립,음봉,잔구간,0.16,-0.555,2026-07-27
GSBD,1.1,8.7,570517,527684,4.96,5.17,1.0,0.5,0.0,중립,위꼬리양봉,잔구간,0.09,-0.745,2026-07-27
HPP,1.1,14.63,637580,594443,9.33,10.09,0.9,0.5,-5.4,매도주의,장대음봉,잔구간,0.03,-1.28,2026-07-27
BWEN,1.1,4.805,483127,425320,2.32,2.11,1.1,1.0,-1.5,중립,팽이도지,잔구간,0.62,0.07,2026-07-27
CAG,1.1,15.24,15857543,14747366,241.67,248.43,1.0,0.5,2.6,강한매수,장대양봉,완만한상승,0.81,3.27,2026-07-27
BTX,1.1,8.04,503606,455617,4.05,6.38,0.6,0.9,-2.8,중립,음봉,잔구간,0.22,-0.52,2026-07-27
BTAL,1.1,12.18,849777,752126,10.35,6.99,1.5,-1.2,1.2,매수관심,양봉,완만한상승,0.62,1.74,2026-07-27
BTDR,1.1,11.35,7464090,6633909,84.72,78.45,1.1,0.0,-1.8,중립,망치형,잔구간,0.64,0.585,2026-07-27
NEXA,1.1,12.89,507587,451865,6.54,6.79,1.0,0.5,-0.3,중립,망치형,잔구간,0.74,0.645,2026-07-27
NFGC,1.1,1.45,1466336,1301264,2.13,1.8,1.2,1.4,2.8,매수관심,양봉,완만한상승,0.6,1.72,2026-07-27
MSOX,1.1,2.25,1481581,1357098,3.33,4.12,0.8,0.9,-2.6,매도주의,위꼬리음봉,잔구간,0.0,-1.05,2026-07-27
MSTX,1.1,9.04,6745394,6112649,60.98,57.06,1.1,6.2,8.3,강한매수,장대양봉,완만한상승,0.9,3.38,2026-07-27
CGC,1.1,0.924,2098766,1897514,1.94,1.88,1.0,1.3,2.7,중립,양봉,잔구간,0.55,0.38,2026-07-27
EBS,1.1,7.33,634629,566745,4.65,5.21,0.9,1.4,-0.4,매도주의,위꼬리음봉,잔구간,0.18,-0.94,2026-07-27
DSX,1.1,2.2,497750,434781,1.1,0.82,1.3,0.0,-2.2,중립,음봉,잔구간,0.44,-0.385,2026-07-27
SPCM,1.1,11.01,527380,479243,5.81,6.9,0.8,-2.7,0.2,매수관심,양봉스프링,잔구간,0.88,0.98,2026-07-27
SPDN,1.1,8.8,51477358,48587972,453.0,370.02,1.2,-0.8,0.8,매수관심,양봉,완만한상승,0.67,1.8,2026-07-27
SPPP,1.1,13.24,642635,584376,8.51,7.44,1.1,2.6,0.5,강한매수,양봉,완만한상승,0.85,2.02,2026-07-27
SOC,1.1,4.4,6749964,6190038,29.7,35.33,0.8,-4.7,-2.0,중립,팽이도지,잔구간,0.3,-0.12,2026-07-27
SOUN,1.1,6.41,42853318,39773847,274.69,234.87,1.2,5.2,-1.1,매도주의,위꼬리음봉,잔구간,0.2,-0.93,2026-07-27
SMU,1.1,5.71,1668134,1481823,9.53,8.23,1.2,6.2,4.0,매수관심,양봉,완만한상승,0.8,1.96,2026-07-27
SITC,1.1,4.43,589519,516925,2.61,2.96,0.9,0.9,0.2,중립,위꼬리양봉,잔구간,0.3,-0.62,2026-07-27
SK,1.1,19.52,767422,703421,14.98,16.16,0.9,6.8,-20.3,강한매도,장대음봉,전저점이탈,0.2,-3.11,2026-07-27
SFL,1.1,11.94,1319816,1180834,15.76,15.11,1.0,-2.4,2.7,강한매수,장대양봉,완만한상승,0.93,3.42,2026-07-27
SFIX,1.1,4.02,1353826,1203325,5.44,4.5,1.2,3.4,8.6,강한매수,장대양봉,전고점돌파,0.97,4.06,2026-07-27
BHC,1.1,4.48,1715287,1498476,7.68,8.32,0.9,1.1,0.0,중립,위꼬리양봉,잔구간,0.08,-0.75,2026-07-27
BHVN,1.1,14.51,1875511,1768550,27.21,27.36,1.0,2.1,-0.8,중립,팽이도지,잔구간,0.41,-0.055,2026-07-27
BDTX,1.1,1.73,625209,573835,1.08,1.23,0.9,0.6,-2.3,강한매도,음봉,전저점이탈,0.04,-2.0,2026-07-27
ERAS,1.1,18.87,3531884,3286008,66.65,106.22,0.6,-0.4,-0.8,매도주의,위꼬리음봉,수횡파,0.06,-1.43,2026-07-27
TLRY,1.1,4.03,3718882,3518299,14.99,15.42,1.0,0.8,3.1,매수관심,장대양봉,잔구간,0.71,1.125,2026-07-27
AMC,1.1,2.51,51059284,45091557,128.16,128.8,1.0,1.8,8.7,강한매수,장대양봉,완만한상승,0.96,3.45,2026-07-27
TDUP,1.1,5.86,1321220,1246117,7.74,8.05,1.0,2.6,0.2,중립,팽이도지,잔구간,0.4,-0.06,2026-07-27
SVCO,1.1,7.81,314180,287730,2.45,2.98,0.8,4.0,-3.2,중립,음봉,잔구간,0.27,-0.49,2026-07-27
TAC,1.1,13.45,1169413,1072388,15.73,15.26,1.0,0.1,-2.0,매도주의,장대음봉,잔구간,0.35,-1.09,2026-07-27
SRFM,1.1,0.795,1830970,1699337,1.46,1.77,0.8,3.7,-3.0,중립,음봉,완만한상승,0.24,-0.11,2026-07-27
ASTL,1.1,4.39,869804,804530,3.82,3.49,1.1,0.9,0.7,강한매수,양봉스프링,완만한상승,0.94,2.93,2026-07-27
FINV,1.1,4.86,337379,316104,1.64,1.92,0.9,1.7,0.6,강한매수,양봉스프링,완만한상승,0.95,2.94,2026-07-27
DUOT,1.1,8.04,676672,626852,5.44,6.12,0.9,1.6,-2.0,중립,팽이도지,수횡파,0.42,0.5,2026-07-27
CRWU,1.1,2.83,6325740,5812903,17.9,19.84,0.9,5.7,-8.1,매도주의,장대음봉,잔구간,0.22,-1.17,2026-07-27
CSAN,1.1,3.09,820661,752506,2.54,2.28,1.1,1.0,2.0,매수관심,장대양봉,잔구간,0.88,1.23,2026-07-27
CRF,1.1,7.01,889824,780228,6.24,9.65,0.6,0.6,-0.4,중립,음봉,완만한상승,0.25,-0.1,2026-07-27
CRMG,1.1,4.88,4826841,4573946,23.55,24.05,1.0,4.8,6.8,매수관심,장대양봉,잔구간,0.65,1.09,2026-07-27
CRNT,1.1,2.17,582970,536065,1.27,2.26,0.6,0.9,0.9,매수관심,양봉스프링,잔구간,0.89,0.985,2026-07-27
MICC,1.1,18.04,971710,882195,17.53,22.12,0.8,1.5,-0.3,매도주의,위꼬리음봉,잔구간,0.0,-1.05,2026-07-27
MNSO,1.1,12.46,619781,566471,7.72,10.37,0.7,1.8,0.2,중립,팽이도지,잔구간,0.67,0.1,2026-07-27
MGNX,1.1,4.0,666160,625780,2.66,4.11,0.6,0.0,8.1,매수관심,장대양봉,잔구간,0.87,1.22,2026-07-27
LYG,1.1,6.13,15571967,14642510,95.46,100.23,1.0,1.7,0.2,강한매수,양봉스프링,완만한상승,0.88,2.86,2026-07-27
KLRA,1.1,17.48,567852,515642,9.93,8.41,1.2,2.3,-3.4,중립,음봉,잔구간,0.28,-0.48,2026-07-27
KELYA,1.1,15.72,388790,345922,6.11,5.36,1.1,1.5,2.2,강한매수,장대양봉,완만한상승,0.92,3.4,2026-07-27
KLAR,1.1,18.49,2807449,2572266,51.91,67.06,0.8,2.2,4.2,매수관심,장대양봉,잔구간,0.98,1.29,2026-07-27
EOLS,1.1,6.18,650244,580861,4.02,4.55,0.9,1.2,2.1,중립,양봉,전고점부근,0.5,0.25,2026-07-27
ENIC,1.1,4.37,430555,397630,1.88,1.98,1.0,1.2,0.2,매수관심,팽이도지,완만한상승,0.57,0.98,2026-07-27
VTEX,1.1,4.21,993336,865980,4.18,3.25,1.3,2.1,5.8,매수관심,장대양봉,잔구간,0.8,1.18,2026-07-27
VSTS,1.1,15.35,1477420,1289173,22.68,20.75,1.1,0.6,-2.1,매도주의,음봉,전저점이탈,0.14,-1.88,2026-07-27
ADTN,1.1,9.5,1864535,1772017,17.71,21.73,0.8,-0.5,-3.1,중립,음봉,잔구간,0.4,-0.41,2026-07-27
VOR,1.1,19.44,948246,831281,18.43,16.42,1.1,0.8,0.1,중립,위꼬리양봉,완만한상승,0.02,-0.68,2026-07-27
WEAV,1.1,6.65,975853,923034,6.49,8.28,0.8,1.3,6.4,매수관심,장대양봉,잔구간,0.82,1.19,2026-07-27
ACHV,1.1,6.18,954643,904446,5.9,7.58,0.8,1.3,0.0,중립,팽이도지,잔구간,0.38,-0.07,2026-07-27
WTI,1.1,3.31,4312974,3984046,14.28,14.71,1.0,-7.4,-2.4,매도주의,위꼬리음봉,잔구간,0.0,-1.05,2026-07-27
ABR,1.1,5.08,3522383,3175791,17.89,15.72,1.1,0.4,1.4,매수관심,장대양봉,잔구간,0.7,1.12,2026-07-27
WTTR,1.0,18.81,1941665,1991682,36.52,34.38,1.1,-1.6,-5.2,강한매도,장대음봉,전저점이탈,0.1,-3.23,2026-07-27
WRN,1.0,2.16,1474260,1549410,3.18,3.34,1.0,0.5,0.0,강한매수,양봉스프링,완만한상승,0.79,2.75,2026-07-27
WRD,1.0,5.63,1826001,1820384,10.28,13.5,0.8,0.9,4.8,매수관심,장대양봉,잔구간,0.96,1.275,2026-07-27
VREX,1.0,10.98,337592,338749,3.71,4.16,0.9,1.6,-1.1,매도주의,위꼬리음봉,완만한상승,0.21,-0.95,2026-07-27
VOXR,1.0,4.29,393426,386607,1.69,1.78,0.9,0.0,-1.8,중립,음봉,잔구간,0.23,-0.51,2026-07-27
VNDA,1.0,5.22,856737,864966,4.47,5.04,0.9,0.0,0.8,중립,위꼬리양봉,잔구간,0.27,-0.64,2026-07-27
VLY,1.0,14.35,8029222,8451113,115.22,119.91,1.0,0.6,-0.6,중립,음봉,잔구간,0.25,-0.5,2026-07-27
XRX,1.0,2.73,2131146,2052346,5.82,5.05,1.2,1.6,4.2,매수관심,장대양봉,잔구간,0.69,1.115,2026-07-27
UMC,1.0,19.08,15479947,15877431,295.36,346.85,0.9,2.8,-4.7,중립,음봉,전저점부근,0.32,-0.17,2026-07-27
UMH,1.0,15.52,450620,455498,6.99,7.09,1.0,0.4,-0.5,중립,음봉,잔구간,0.12,-0.58,2026-07-27
UNCY,1.0,5.13,632539,648393,3.24,4.49,0.7,-0.7,-4.3,매도주의,장대음봉,잔구간,0.03,-1.28,2026-07-27
TU,1.0,10.4,6224114,6308295,64.73,62.82,1.0,0.8,1.0,중립,양봉,잔구간,0.6,0.41,2026-07-27
UIS,1.0,3.36,648879,658562,2.18,3.06,0.7,2.6,5.0,중립,양봉,잔구간,0.72,0.48,2026-07-27
TSLR,1.0,12.45,953556,953496,11.87,19.46,0.6,0.0,-2.7,중립,음봉,전저점부근,0.37,-0.11,2026-07-27
TTD,1.0,17.88,13237911,13053482,236.69,241.03,1.0,2.9,0.5,중립,위꼬리양봉,잔구간,0.31,-0.615,2026-07-27
CMRC,1.0,2.84,506072,491161,1.44,1.57,0.9,1.8,2.9,중립,양봉,잔구간,0.52,0.36,2026-07-27
CIRC,1.0,0.765,1376660,1395780,1.05,2.18,0.5,-1.5,-2.0,중립,팽이도지,잔구간,0.43,-0.04,2026-07-27
KRP,1.0,14.67,601358,622891,8.82,9.09,1.0,-0.9,-0.9,중립,음봉,전저점부근,0.04,-0.5,2026-07-27
KSS,1.0,18.49,2928472,2834151,54.15,51.75,1.0,0.6,2.5,매수관심,양봉,완만한상승,0.81,1.97,2026-07-27
KVYO,1.0,17.73,3841169,3753305,68.1,62.41,1.1,3.4,4.6,중립,양봉,잔구간,0.65,0.44,2026-07-27
TOI,1.0,5.19,1450741,1412043,7.53,11.15,0.7,1.0,3.2,중립,양봉,잔구간,0.55,0.38,2026-07-27
TRDA,1.0,6.08,446761,445966,2.72,2.92,0.9,1.7,2.2,중립,양봉,잔구간,0.46,0.325,2026-07-27
AQST,1.0,3.73,1814779,1906499,6.77,7.28,0.9,-1.1,2.5,중립,양봉,잔구간,0.48,0.34,2026-07-27
DNP,1.0,11.0,480164,486721,5.28,6.42,0.8,0.0,-0.9,매도주의,장대음봉,잔구간,0.15,-1.21,2026-07-27
ETH,1.0,18.56,1637618,1669068,30.39,32.98,0.9,4.7,-0.2,매수관심,팽이도지,완만한상승,0.5,0.9,2026-07-27
EVTL,1.0,1.42,2487783,2476929,3.53,3.69,1.0,0.7,2.2,강한매수,양봉,완만한상승,0.89,2.07,2026-07-27
TK,1.0,11.19,528803,548751,5.92,6.23,0.9,-1.4,1.4,중립,양봉,잔구간,0.78,0.52,2026-07-27
TMC,1.0,3.78,3427852,3485836,12.96,14.24,0.9,1.6,1.3,중립,팽이도지,잔구간,0.52,0.01,2026-07-27
TNDM,1.0,17.17,1577417,1633894,27.08,27.91,1.0,0.1,0.2,강한매수,양봉스프링,완만한상승,0.89,2.87,2026-07-27
ERIC,1.0,9.67,12992795,12689598,125.64,194.41,0.6,2.9,0.6,중립,양봉,잔구간,0.83,0.55,2026-07-27
TCPC,1.0,3.16,464176,458964,1.47,1.99,0.7,0.0,0.0,매도주의,위꼬리양봉,잔구간,0.0,-0.8,2026-07-27
SWBI,1.0,14.89,450510,435155,6.71,7.1,0.9,0.3,1.4,강한매수,장대양봉,완만한상승,0.7,3.14,2026-07-27
TALO,1.0,14.13,1954583,2006468,27.62,27.12,1.0,-3.3,-2.1,중립,음봉,잔구간,0.05,-0.62,2026-07-27
STGW,1.0,7.73,800705,794847,6.19,6.63,0.9,1.1,3.1,매수관심,장대양봉,전고점부근,0.79,1.9,2026-07-27
AVS,1.0,7.7,15460813,15698946,119.05,114.33,1.0,-2.3,1.9,중립,양봉,잔구간,0.42,0.3,2026-07-27
SPT,1.0,8.32,853870,885904,7.1,7.66,0.9,3.3,6.4,중립,양봉,잔구간,0.69,0.465,2026-07-27
STDN,1.0,7.7,1648378,1591652,12.69,22.8,0.6,-1.2,-6.1,매도주의,음봉,전저점이탈,0.2,-1.81,2026-07-27
AVAH,1.0,9.67,1958447,1883473,18.94,19.74,1.0,0.3,2.0,강한매수,장대양봉,완만한상승,0.66,3.09,2026-07-27
FMNB,1.0,15.35,452274,459484,6.94,6.31,1.1,-1.0,2.1,강한매수,장대양봉,전고점돌파,0.86,3.93,2026-07-27
FPI,1.0,9.62,323126,308249,3.11,3.39,0.9,0.5,-0.3,중립,음봉,잔구간,0.4,-0.41,2026-07-27
FRMI,1.0,7.23,15772703,16191448,114.04,119.58,1.0,-2.6,0.3,중립,팽이도지,잔구간,0.74,0.145,2026-07-27
JPC,1.0,7.69,738797,776602,5.68,6.25,0.9,0.6,-0.8,매도주의,장대음봉,잔구간,0.14,-1.215,2026-07-27
KC,1.0,9.93,896459,901988,8.9,11.91,0.7,5.7,-0.8,중립,망치형,잔구간,0.68,0.61,2026-07-27
ITUB,1.0,8.37,19920943,20435819,166.74,163.65,1.0,0.8,0.2,매수관심,팽이도지,완만한상승,0.64,1.07,2026-07-27
IVA,1.0,4.6,707171,720740,3.25,3.65,0.9,-0.2,3.4,매수관심,양봉,완만한상승,0.69,1.83,2026-07-27
JBGS,1.0,14.29,425420,421234,6.08,7.22,0.8,-0.3,-1.2,중립,음봉,잔구간,0.16,-0.555,2026-07-27
LUCD,1.0,0.903,1382951,1450952,1.25,1.99,0.6,0.6,-1.0,매도주의,위꼬리음봉,전저점부근,0.09,-1.24,2026-07-27
LUNR,1.0,13.31,7449813,7631376,99.16,130.8,0.8,0.9,2.1,매수관심,양봉,완만한상승,0.59,1.71,2026-07-27
LXU,1.0,11.46,762194,775401,8.73,8.28,1.1,-2.8,-3.7,매도주의,장대음봉,잔구간,0.04,-1.275,2026-07-27
ITG,1.0,13.05,542668,546296,7.08,5.53,1.3,4.6,-7.3,매도주의,장대음봉,잔구간,0.28,-1.13,2026-07-27
COLD,1.0,14.63,3358205,3364051,49.13,66.98,0.7,0.1,2.1,매수관심,장대양봉,잔구간,0.82,1.19,2026-07-27
LOFF,1.0,10.81,981791,975835,10.61,12.23,0.9,-2.5,0.0,매수관심,양봉스프링,잔구간,0.8,0.93,2026-07-27
FLOC,1.0,19.11,356707,373195,6.82,8.05,0.8,-1.1,-4.1,강한매도,장대음봉,전저점이탈,0.05,-3.29,2026-07-27
ARQQ,1.0,18.18,320736,320363,5.83,6.59,0.9,3.1,5.9,매수관심,양봉,완만한상승,0.55,1.66,2026-07-27
DRN,1.0,11.71,770403,756385,9.02,8.56,1.1,0.0,-0.8,중립,음봉,잔구간,0.33,-0.45,2026-07-27
DRVN,1.0,14.37,620429,614492,8.92,9.78,0.9,1.5,4.1,매수관심,장대양봉,잔구간,0.88,1.23,2026-07-27
SPCH,1.0,6.46,23439136,23052841,151.42,140.18,1.1,-2.9,0.0,매수관심,양봉스프링,잔구간,0.79,0.925,2026-07-27
ARI,1.0,6.69,4003754,4076515,26.79,66.37,0.4,0.1,-1.3,매도주의,장대음봉,잔구간,0.07,-1.26,2026-07-27
ARKO,1.0,8.0,479377,504211,3.84,4.4,0.9,1.0,-0.1,매도주의,위꼬리음봉,완만한상승,0.09,-1.09,2026-07-27
SNAP,1.0,4.52,30328603,30325251,137.09,148.49,0.9,1.4,2.5,매수관심,장대양봉,잔구간,0.75,1.15,2026-07-27
SONO,1.0,15.66,1592812,1604126,24.94,31.91,0.8,1.4,5.2,강한매수,장대양봉,완만한상승,0.8,3.26,2026-07-27
SLRC,1.0,12.93,328871,317624,4.25,3.94,1.1,0.4,-0.5,매도주의,위꼬리음봉,잔구간,0.0,-1.05,2026-07-27
SGML,1.0,9.95,1525294,1465087,15.18,15.84,1.0,2.5,0.8,매수관심,양봉스프링,잔구간,0.76,0.905,2026-07-27
RXT,1.0,3.86,7301021,7411205,28.18,50.9,0.6,-0.3,-1.8,중립,팽이도지,전저점부근,0.38,0.61,2026-07-27
RYLD,1.0,16.01,622217,613133,9.96,8.75,1.1,0.8,-0.2,중립,망치형,잔구간,0.54,0.525,2026-07-27
RZLT,1.0,4.94,1245382,1211508,6.15,6.77,0.9,-0.8,-0.2,중립,팽이도지,잔구간,0.42,-0.05,2026-07-27
BCAT,1.0,15.36,549750,553472,8.44,14.83,0.6,0.5,-0.1,매수관심,팽이도지,완만한상승,0.44,0.83,2026-07-27
GGT,1.0,4.04,383713,395833,1.55,1.75,0.9,0.5,-1.2,강한매도,장대음봉,전저점이탈,0.12,-3.21,2026-07-27
GILT,1.0,11.01,478525,489496,5.27,6.36,0.8,2.4,0.2,중립,팽이도지,잔구간,0.67,0.1,2026-07-27
GETY,1.0,0.412,3895267,3875281,1.61,3.14,0.5,-1.3,-5.0,매도주의,음봉,전저점이탈,0.26,-1.74,2026-07-27
GFUZ,1.0,7.53,402258,389818,3.03,12.22,0.2,1.0,10.7,중립,양봉,잔구간,0.94,0.615,2026-07-27
FWRD,1.0,14.72,723103,706058,10.64,12.23,0.9,1.0,-4.5,매도주의,장대음봉,잔구간,0.05,-1.27,2026-07-27
RWAY,1.0,5.45,348124,351495,1.9,3.26,0.6,1.2,0.6,중립,양봉,잔구간,0.87,0.57,2026-07-27
FSCO,1.0,4.91,845879,829365,4.15,4.71,0.9,0.2,0.2,매수관심,팽이도지,완만한상승,0.57,0.98,2026-07-27
REAL,1.0,11.66,2662844,2554605,31.05,32.42,1.0,2.3,2.4,매수관심,양봉,완만한상승,0.69,1.83,2026-07-27
CPNG,1.0,15.93,13533977,13789578,215.6,343.43,0.6,2.2,0.6,매수관심,양봉스프링,잔구간,0.77,0.91,2026-07-27
CRCG,1.0,8.88,3304719,3204613,29.35,31.89,0.9,4.2,5.8,강한매수,양봉,완만한상승,0.83,2.0,2026-07-27
MNTS,1.0,4.79,826952,855884,3.96,4.87,0.8,-1.3,3.0,강한매수,양봉,완만한상승,0.91,2.09,2026-07-27
KLC,1.0,5.09,370662,371581,1.89,2.3,0.8,1.2,2.0,중립,양봉,잔구간,0.38,0.28,2026-07-27
KRNY,1.0,9.45,456580,473278,4.31,4.73,0.9,0.2,0.3,중립,위꼬리양봉,잔구간,0.42,-0.55,2026-07-27
RAM,1.0,11.71,10242873,10394475,119.94,212.33,0.6,6.2,-9.4,중립,음봉,잔구간,0.44,-0.385,2026-07-27
RBBN,1.0,2.04,690780,718869,1.41,1.93,0.7,1.0,0.5,중립,팽이도지,잔구간,0.67,0.1,2026-07-27
PURR,1.0,6.34,7693240,7982774,48.78,63.9,0.8,2.7,-0.3,중립,망치형,잔구간,0.74,0.645,2026-07-27
PWP,1.0,16.17,1017046,1003224,16.45,15.22,1.1,1.3,1.8,중립,양봉,잔구간,0.54,0.375,2026-07-27
PYPG,1.0,8.3,332468,330502,2.76,8.33,0.3,0.2,-1.0,중립,음봉,잔구간,0.4,-0.41,2026-07-27
QCML,1.0,16.4,358687,367058,5.88,7.6,0.8,2.1,1.4,강한매수,양봉스프링,완만한상승,0.79,2.75,2026-07-27
QDEL,1.0,16.83,1057029,1009617,17.79,18.03,1.0,1.4,3.4,중립,양봉,잔구간,0.46,0.325,2026-07-27
QID,1.0,15.76,15978086,16310072,251.81,238.83,1.1,-2.2,2.9,매수관심,장대양봉,전고점부근,0.64,1.72,2026-07-27
PTON,1.0,6.26,6036898,6347982,37.79,44.12,0.9,2.0,1.0,매수관심,양봉스프링,잔구간,0.86,0.965,2026-07-27
HAYW,1.0,14.55,2395646,2331430,34.86,44.41,0.8,1.5,-0.7,중립,음봉,완만한상승,0.38,0.06,2026-07-27
GRNT,1.0,4.57,761669,726003,3.48,3.6,1.0,-3.3,-2.6,매도주의,장대음봉,잔구간,0.03,-1.28,2026-07-27
GOOS,1.0,9.12,697297,703514,6.36,6.39,1.0,1.2,1.3,중립,양봉,잔구간,1.0,0.65,2026-07-27
GPK,1.0,11.15,4839187,4700153,53.96,50.33,1.1,1.5,-0.3,매수관심,팽이도지,완만한상승,0.57,0.98,2026-07-27
PRCT,1.0,17.69,1344446,1341968,23.78,29.78,0.8,1.7,4.2,중립,양봉,잔구간,0.65,0.44,2026-07-27
BITX,1.0,12.44,6768155,6841610,84.2,97.58,0.9,2.0,0.2,중립,팽이도지,잔구간,0.42,-0.05,2026-07-27
BIZD,1.0,12.46,2604642,2685522,32.45,37.0,0.9,0.7,0.2,중립,위꼬리양봉,잔구간,0.38,-0.57,2026-07-27
PGY,1.0,16.96,1948935,1882740,33.05,36.28,0.9,4.6,2.0,중립,양봉,잔구간,0.44,0.315,2026-07-27
PLG,1.0,1.27,803963,814365,1.02,1.05,1.0,1.6,-2.3,중립,음봉,잔구간,0.27,-0.49,2026-07-27
PCT,1.0,5.98,3152907,3189899,18.85,26.08,0.7,0.0,2.2,중립,양봉,잔구간,0.74,0.495,2026-07-27
HLMN,1.0,8.05,1121292,1145421,9.03,8.96,1.0,1.0,0.0,중립,위꼬리양봉,잔구간,0.18,-0.69,2026-07-27
HLX,1.0,9.64,1198878,1168606,11.56,11.48,1.0,-2.5,-0.3,매도주의,위꼬리음봉,잔구간,0.19,-0.935,2026-07-27
HIVE,1.0,2.95,13512675,13627067,39.86,45.72,0.9,2.4,-2.6,중립,음봉,잔구간,0.35,-0.44,2026-07-27
DAKT,1.0,19.79,432160,419872,8.55,9.19,0.9,1.9,-0.3,매수관심,팽이도지,완만한상승,0.5,0.9,2026-07-27
DCH,1.0,5.57,2854021,2742848,15.9,15.46,1.0,2.6,-0.9,중립,망치형,잔구간,0.69,0.615,2026-07-27
OWL,1.0,9.68,13664648,14102411,132.27,130.8,1.0,1.7,0.7,매수관심,양봉,완만한상승,0.73,1.88,2026-07-27
PAX,1.0,11.06,807678,839157,8.93,8.99,1.0,1.3,1.1,매수관심,양봉,완만한상승,0.73,1.88,2026-07-27
PAYO,1.0,7.12,2643094,2553000,18.82,17.4,1.1,0.0,0.0,중립,위꼬리양봉,완만한상승,0.0,-0.7,2026-07-27
ORBS,1.0,0.621,14702378,14184337,9.12,8.03,1.1,2.7,0.1,중립,팽이도지,완만한상승,0.4,0.78,2026-07-27
CGAU,1.0,16.47,1096546,1056000,18.06,19.14,0.9,1.3,0.4,매수관심,팽이도지,완만한상승,0.73,1.18,2026-07-27
CGBD,1.0,10.21,516928,541646,5.28,7.49,0.7,0.6,1.1,중립,양봉,잔구간,0.47,0.33,2026-07-27
CHPT,1.0,5.41,432530,421263,2.34,2.69,0.9,0.8,4.8,매수관심,장대양봉,잔구간,0.98,1.29,2026-07-27
CCOI,1.0,12.22,999740,1040609,12.22,13.44,0.9,0.8,2.1,매수관심,양봉,완만한상승,0.7,1.84,2026-07-27
CDE,1.0,15.36,35522118,34873127,545.62,435.04,1.3,1.3,0.2,매수관심,양봉스프링,잔구간,0.83,0.95,2026-07-27
IREX,1.0,13.19,1207365,1207518,15.93,17.55,0.9,2.9,-6.5,중립,음봉,잔구간,0.4,-0.41,2026-07-27
CSIQ,1.0,13.79,2347520,2237325,32.37,34.02,1.0,2.9,0.4,매수관심,팽이도지,완만한상승,0.65,1.08,2026-07-27
OI,1.0,9.2,2200911,2119298,20.25,39.24,0.5,1.7,-0.3,매도주의,위꼬리음봉,잔구간,0.03,-1.03,2026-07-27
OIS,1.0,8.5,529840,538930,4.5,4.77,0.9,-2.3,0.4,중립,위꼬리양봉,잔구간,0.18,-0.69,2026-07-27
OBDC,1.0,10.92,2689565,2766020,29.37,35.31,0.8,0.7,0.6,중립,양봉,잔구간,0.53,0.37,2026-07-27
OBE,1.0,9.89,1166910,1136907,11.54,10.78,1.1,-4.9,-1.8,중립,음봉,잔구간,0.02,-0.64,2026-07-27
OCTV,1.0,16.99,779579,787473,13.25,13.98,0.9,2.5,1.6,강한매수,장대양봉,전고점부근,0.97,2.11,2026-07-27
OEC,1.0,6.73,458892,460251,3.09,3.8,0.8,1.4,-5.1,매도주의,장대음봉,잔구간,0.29,-1.125,2026-07-27
NUS,1.0,5.14,452560,470723,2.33,2.99,0.8,1.2,0.0,중립,팽이도지,잔구간,0.48,-0.01,2026-07-27
NVG,1.0,12.32,471779,480489,5.81,5.76,1.0,0.8,-0.6,매도주의,장대음봉,잔구간,0.11,-1.235,2026-07-27
NXDR,1.0,2.28,2525702,2459400,5.76,6.46,0.9,2.3,1.8,중립,양봉,잔구간,0.86,0.565,2026-07-27
CORN,1.0,17.91,353421,343930,6.33,5.55,1.1,-1.9,-0.2,중립,음봉,잔구간,0.27,-0.49,2026-07-27
COUR,1.0,5.63,4918877,4994535,27.69,29.1,1.0,1.3,3.5,매수관심,장대양봉,잔구간,0.84,1.205,2026-07-27
NTSK,1.0,11.94,4122092,4162681,49.22,72.44,0.7,1.5,2.1,중립,양봉,잔구간,0.68,0.46,2026-07-27
ICLN,1.0,17.81,4310938,4350723,76.78,75.54,1.0,0.4,-0.3,강한매수,망치형,완만한상승,0.7,2.14,2026-07-27
IMMX,1.0,8.69,1990297,2062697,17.3,16.58,1.0,1.3,0.7,중립,위꼬리양봉,잔구간,0.14,-0.715,2026-07-27
HTGC,1.0,15.79,1284661,1280390,20.28,21.88,0.9,0.4,-0.1,매도주의,위꼬리음봉,잔구간,0.03,-1.03,2026-07-27
HTZ,1.0,2.0,18129441,17895816,36.26,30.4,1.2,-0.6,11.1,매수관심,장대양봉,잔구간,0.91,1.245,2026-07-27
NOWL,1.0,4.76,22097474,21959756,105.18,84.58,1.2,5.7,7.7,중립,양봉,잔구간,0.67,0.45,2026-07-27
BSCV,1.0,16.205,521472,505999,8.45,7.82,1.1,0.0,0.0,중립,위꼬리양봉,잔구간,0.25,-0.65,2026-07-27
BTBT,1.0,1.35,23299947,23869760,31.45,39.95,0.8,2.9,-4.3,매도주의,음봉,전저점이탈,0.48,-1.47,2026-07-27
NG,1.0,5.96,4570497,4654947,27.24,37.24,0.7,1.3,-0.8,강한매수,망치형,완만한상승,0.62,2.04,2026-07-27
NHP,1.0,16.15,347518,335404,5.61,8.14,0.7,0.3,0.6,중립,위꼬리양봉,완만한상승,0.44,-0.17,2026-07-27
NIO,1.0,4.62,22549843,22169010,104.18,109.53,1.0,1.8,1.1,매수관심,장대양봉,잔구간,0.88,1.23,2026-07-27
NMAX,1.0,7.73,521913,549099,4.03,4.32,0.9,3.1,0.0,중립,팽이도지,잔구간,0.3,-0.12,2026-07-27
NMR,1.0,9.79,757295,739099,7.41,9.02,0.8,0.5,-0.7,중립,음봉,잔구간,0.51,-0.345,2026-07-27
NAT,1.0,6.46,3302601,3354563,21.33,19.55,1.1,-2.2,2.4,강한매수,양봉,완만한상승,0.93,2.12,2026-07-27
NAVI,1.0,8.61,775693,754045,6.68,6.32,1.1,1.9,2.6,매수관심,장대양봉,잔구간,0.92,1.25,2026-07-27
NBIG,1.0,15.43,2658213,2613125,41.02,43.52,0.9,9.4,-8.7,중립,음봉,잔구간,0.38,-0.42,2026-07-27
MSFL,1.0,15.82,1035952,1085535,16.39,22.33,0.7,4.1,-0.3,매도주의,위꼬리음봉,잔구간,0.15,-0.96,2026-07-27
MUZ,1.0,13.7,13728153,14187000,188.08,175.26,1.1,-2.4,7.4,매수관심,양봉,완만한상승,0.42,1.5,2026-07-27
MX,1.0,3.45,729177,757941,2.52,3.41,0.7,0.3,-1.7,중립,음봉,잔구간,0.48,-0.36,2026-07-27
NAC,1.0,11.72,332099,329261,3.89,4.33,0.9,0.6,-0.6,매도주의,위꼬리음봉,잔구간,0.1,-0.99,2026-07-27
VIR,1.0,8.8,1687972,1623140,14.85,15.71,0.9,1.5,-0.2,매도주의,위꼬리음봉,잔구간,0.1,-0.99,2026-07-27
VALE,1.0,14.78,16407258,16282754,242.5,298.32,0.8,-1.3,1.2,매수관심,장대양봉,잔구간,0.96,1.275,2026-07-27
VELO,1.0,10.25,1374167,1404456,14.09,19.59,0.7,1.6,4.4,중립,양봉,잔구간,0.73,0.49,2026-07-27
VERX,1.0,12.64,2358560,2309762,29.81,23.94,1.2,1.9,4.5,중립,양봉,잔구간,0.53,0.37,2026-07-27
VFC,1.0,17.12,6571922,6523674,112.51,105.97,1.1,0.7,-0.2,매도주의,위꼬리음봉,완만한상승,0.2,-0.96,2026-07-27
ENVX,1.0,4.23,5968548,5820310,25.25,26.24,1.0,3.0,3.9,매수관심,장대양봉,잔구간,0.96,1.275,2026-07-27
ALOY,1.0,7.75,2397505,2406469,18.58,19.08,1.0,2.3,7.8,매수관심,장대양봉,잔구간,0.89,1.235,2026-07-27
VZLA,1.0,3.32,5339010,5336388,17.73,17.27,1.0,1.5,-0.9,매수관심,팽이도지,완만한상승,0.57,0.98,2026-07-27
WB,1.0,7.81,667474,666812,5.21,6.1,0.9,1.6,-0.5,매도주의,위꼬리음봉,잔구간,0.08,-1.0,2026-07-27
AGRO,1.0,10.24,706249,709585,7.23,6.75,1.1,-1.3,-1.9,중립,음봉,잔구간,0.32,-0.46,2026-07-27
AHCO,1.0,10.96,967288,969728,10.6,11.59,0.9,-0.9,2.8,강한매수,장대양봉,완만한상승,0.64,3.07,2026-07-27
AIIO,1.0,2.98,949883,959385,2.83,4.95,0.6,2.3,11.6,매수관심,장대양봉,잔구간,0.97,1.28,2026-07-27
XPER,1.0,7.61,360202,357357,2.74,2.56,1.1,2.1,-1.6,중립,음봉,완만한상승,0.31,-0.03,2026-07-27
AG,1.0,16.22,9420637,9906255,152.8,148.01,1.0,0.5,-1.0,중립,망치형,잔구간,0.57,0.54,2026-07-27
CMRE,0.9,15.62,343686,369421,5.37,6.21,0.9,1.5,-2.1,중립,음봉,잔구간,0.36,-0.435,2026-07-27
VYX,0.9,8.21,1612691,1766949,13.24,13.57,1.0,2.0,5.0,매수관심,장대양봉,잔구간,0.76,1.155,2026-07-27
CMPS,0.9,11.27,2983857,3253047,33.63,54.13,0.6,0.0,0.1,중립,위꼬리양봉,잔구간,0.12,-0.73,2026-07-27
ACCO,0.9,4.13,527476,598505,2.18,2.47,0.9,1.0,2.2,매수관심,장대양봉,잔구간,0.78,1.17,2026-07-27
LGCL,0.9,1.35,2208794,2472178,2.98,13.2,0.2,12.5,-11.8,중립,음봉,잔구간,0.26,-0.495,2026-07-27
WWW,0.9,19.07,619439,666014,11.81,13.66,0.9,2.1,-0.6,매도주의,위꼬리음봉,완만한상승,0.2,-0.96,2026-07-27
WVE,0.9,5.92,1927679,2093948,11.41,11.48,1.0,1.9,0.0,중립,위꼬리양봉,완만한상승,0.16,-0.51,2026-07-27
LFST,0.9,10.88,1910594,2212506,20.79,33.81,0.6,-0.4,0.2,중립,위꼬리양봉,잔구간,0.14,-0.715,2026-07-27
ADMA,0.9,8.48,2388882,2532998,20.26,24.33,0.8,1.3,1.2,중립,양봉,잔구간,0.48,0.34,2026-07-27
ALMU,0.9,14.84,377639,427139,5.6,8.12,0.7,2.8,1.6,매수관심,양봉스프링,잔구간,0.86,0.965,2026-07-27
ALM,0.9,13.35,3995717,4635961,53.34,75.53,0.7,2.9,-2.8,강한매수,망치형,완만한상승,0.65,2.08,2026-07-27
LDI,0.9,0.998,1689936,1969999,1.69,2.17,0.8,-2.0,0.8,중립,위꼬리양봉,잔구간,0.15,-0.71,2026-07-27
XMAX,0.9,8.44,400417,453236,3.38,6.91,0.5,0.0,0.1,중립,팽이도지,잔구간,0.46,-0.025,2026-07-27
CMBT,0.9,15.38,625641,702114,9.62,11.31,0.9,-3.6,1.3,중립,양봉,잔구간,0.62,0.42,2026-07-27
VISN,0.9,11.85,4062081,4648944,48.14,60.25,0.8,0.6,-0.2,중립,망치형,잔구간,0.8,0.68,2026-07-27
VITL,0.9,13.29,1225673,1399085,16.29,20.33,0.8,-0.3,2.4,매수관심,양봉,완만한상승,0.53,1.64,2026-07-27
MARO,0.9,4.92,344243,368983,1.69,2.01,0.8,0.0,-3.1,중립,음봉,잔구간,0.32,-0.46,2026-07-27
MATV,0.9,8.25,333300,387208,2.75,3.43,0.8,1.5,0.1,매수관심,팽이도지,완만한상승,0.62,1.04,2026-07-27
VET,0.9,10.58,1761978,1924843,18.64,17.46,1.1,-3.1,-3.0,매도주의,장대음봉,잔구간,0.06,-1.265,2026-07-27
VG,0.9,12.82,19952389,22226043,255.79,260.51,1.0,-3.1,-7.5,매도주의,장대음봉,잔구간,0.06,-1.265,2026-07-27
VGZ,0.9,1.73,821100,899017,1.42,2.36,0.6,2.3,-2.3,매도주의,장대음봉,완만한상승,0.23,-1.42,2026-07-27
BBBY,0.9,5.37,1584406,1755725,8.51,9.16,0.9,1.8,6.3,매수관심,장대양봉,잔구간,0.96,1.275,2026-07-27
GALT,0.9,3.38,305155,337431,1.03,3.05,0.3,0.9,-3.4,중립,음봉,잔구간,0.23,-0.51,2026-07-27
GAP,0.9,19.64,6302807,6753987,123.79,147.04,0.8,0.9,2.3,매수관심,장대양봉,잔구간,0.97,1.28,2026-07-27
GCTS,0.9,1.98,1425910,1528249,2.82,3.43,0.8,0.5,1.0,매수관심,양봉스프링,잔구간,0.8,0.93,2026-07-27
LZ,0.9,7.56,1709263,1905819,12.92,16.79,0.8,0.1,5.1,매수관심,장대양봉,잔구간,0.73,1.14,2026-07-27
TLK,0.9,14.45,841633,933300,12.16,11.73,1.0,0.0,0.2,매수관심,팽이도지,완만한상승,0.49,0.89,2026-07-27
BAK,0.9,2.44,1441738,1564285,3.52,3.67,1.0,-2.0,1.2,매수관심,양봉스프링,잔구간,0.8,0.93,2026-07-27
FUBO,0.9,8.69,1111837,1307799,9.66,13.78,0.7,1.9,2.4,매수관심,장대양봉,잔구간,0.62,1.07,2026-07-27
FVRR,0.9,11.06,517257,589456,5.72,6.69,0.9,2.4,3.3,중립,양봉,잔구간,0.54,0.375,2026-07-27
FWDI,0.9,4.09,803191,916367,3.29,3.84,0.9,2.3,2.8,매수관심,양봉,완만한상승,0.5,1.6,2026-07-27
CRCT,0.9,4.48,340576,369760,1.53,2.14,0.7,0.7,-0.2,매도주의,위꼬리음봉,잔구간,0.11,-0.985,2026-07-27
MQ,0.9,17.6,860882,995781,15.15,18.68,0.8,1.3,1.8,중립,양봉,잔구간,0.62,0.42,2026-07-27
IOVA,0.9,4.9,13245331,15261262,64.9,92.52,0.7,0.6,-2.4,중립,음봉,잔구간,0.15,-0.56,2026-07-27
IRE,0.9,9.33,7204938,8254073,67.22,89.77,0.7,3.0,-6.8,중립,음봉,잔구간,0.39,-0.415,2026-07-27
MVST,0.9,0.803,3980452,4229332,3.19,5.52,0.6,1.2,-0.9,중립,팽이도지,잔구간,0.6,0.06,2026-07-27
NEXN,0.9,10.25,411902,434046,4.22,5.19,0.8,0.0,4.4,매수관심,장대양봉,잔구간,0.96,1.275,2026-07-27
CATX,0.9,2.82,812765,894949,2.29,4.5,0.5,1.4,-4.4,강한매도,장대음봉,전저점이탈,0.0,-3.35,2026-07-27
NEO,0.9,13.14,1795795,1947134,23.6,43.91,0.5,1.4,-6.7,강한매도,장대음봉,전저점이탈,0.04,-3.3,2026-07-27
MTA,0.9,7.66,323183,379710,2.48,3.08,0.8,2.4,-0.6,중립,팽이도지,완만한상승,0.39,0.77,2026-07-27
NUVB,0.9,6.66,6027011,6781885,40.14,38.02,1.1,2.9,0.8,중립,팽이도지,전고점부근,0.49,-0.46,2026-07-27
NVDQ,0.9,11.93,1959052,2168764,23.37,27.69,0.8,-1.1,11.3,강한매수,장대양봉,전고점돌파,0.91,3.99,2026-07-27
NWL,0.9,5.18,5937529,6773635,30.76,37.18,0.8,3.0,-1.0,매도주의,위꼬리음봉,완만한상승,0.05,-1.14,2026-07-27
TFSL,0.9,18.08,661988,753861,11.97,13.09,0.9,0.2,-0.8,중립,음봉,잔구간,0.25,-0.5,2026-07-27
RPC,0.9,8.7,521384,555548,4.54,4.41,1.0,2.7,0.6,매수관심,팽이도지,완만한상승,0.57,0.98,2026-07-27
RUM,0.9,6.04,1660431,1936831,10.03,12.81,0.8,2.3,3.4,강한매수,장대양봉,완만한상승,0.89,3.37,2026-07-27
STWD,0.9,16.58,2389672,2772972,39.62,58.5,0.7,0.2,0.2,중립,위꼬리양봉,잔구간,0.25,-0.65,2026-07-27
ATEC,0.9,8.67,1789817,2034855,15.52,16.74,0.9,1.9,3.0,매수관심,양봉,완만한상승,0.53,1.64,2026-07-27
TMQ,0.9,3.1,1069871,1127434,3.32,5.25,0.6,1.0,1.6,매수관심,양봉,완만한상승,0.62,1.74,2026-07-27
ALTO,0.9,4.5,2004554,2183582,9.02,14.35,0.6,-2.4,-0.7,중립,팽이도지,전저점이탈,0.58,-0.65,2026-07-27
TBLA,0.9,4.95,1871086,2156275,9.26,11.5,0.8,1.7,1.0,중립,양봉,잔구간,0.66,0.445,2026-07-27
SABR,0.9,1.78,2807663,3236365,5.0,5.33,0.9,0.6,6.6,매수관심,장대양봉,잔구간,0.71,1.125,2026-07-27
SSL,0.9,11.45,916949,966763,10.5,13.78,0.8,-1.9,-1.4,중립,음봉,잔구간,0.14,-0.565,2026-07-27
SHC,0.9,17.24,2344471,2687428,40.42,53.27,0.8,0.7,-1.3,매도주의,장대음봉,잔구간,0.25,-1.15,2026-07-27
SHLS,0.9,9.385,4021953,4235725,37.75,60.35,0.6,0.0,-0.1,중립,망치형,잔구간,0.96,0.775,2026-07-27
SHMD,0.9,4.29,346253,389312,1.49,2.13,0.7,1.6,2.6,중립,팽이도지,잔구간,0.56,0.035,2026-07-27
SKHU,0.9,15.42,2245867,2370005,34.63,53.3,0.6,10.1,-20.4,강한매도,장대음봉,전저점이탈,0.19,-3.12,2026-07-27
CXDO,0.9,6.92,377819,443393,2.61,4.4,0.6,2.9,1.6,중립,양봉,잔구간,0.66,0.445,2026-07-27
GRFS,0.9,7.75,388954,449460,3.01,5.73,0.5,1.8,0.4,중립,위꼬리양봉,완만한상승,0.22,-0.44,2026-07-27
SBS,0.9,5.68,4164533,4768399,23.65,28.74,0.8,0.5,0.7,중립,양봉,잔구간,0.75,0.5,2026-07-27
SCZM,0.9,6.31,381685,436205,2.41,2.67,0.9,0.8,-0.5,매수관심,팽이도지,완만한상승,0.56,0.97,2026-07-27
BILI,0.9,17.85,1677005,1879150,29.93,41.46,0.7,3.9,0.1,중립,위꼬리양봉,잔구간,0.23,-0.66,2026-07-27
DHY,0.9,1.75,619973,721074,1.08,2.02,0.5,1.2,0.6,매수관심,양봉,완만한상승,0.6,1.72,2026-07-27
OVID,0.9,2.35,1048327,1185216,2.46,3.85,0.6,0.9,0.0,중립,위꼬리양봉,잔구간,0.23,-0.66,2026-07-27
HLLY,0.9,2.65,602584,650974,1.6,2.18,0.7,1.1,0.4,중립,팽이도지,잔구간,0.44,-0.035,2026-07-27
PBR.A,0.9,16.04,5463359,6284038,87.63,104.31,0.8,-3.3,-0.2,매도주의,위꼬리음봉,잔구간,0.08,-1.0,2026-07-27
CTGO,0.9,16.41,308810,347502,5.07,5.73,0.9,1.5,2.3,매수관심,양봉,완만한상승,0.76,1.91,2026-07-27
ARCT,0.9,5.76,403311,439956,2.32,3.11,0.7,2.6,1.5,중립,양봉,잔구간,0.5,0.35,2026-07-27
DBRG,0.9,15.87,1810568,2017618,28.73,41.96,0.7,-0.1,-0.1,매도주의,위꼬리음봉,잔구간,0.1,-0.99,2026-07-27
DFH,0.9,15.63,490264,563577,7.66,8.5,0.9,2.6,-4.3,중립,음봉,잔구간,0.05,-0.62,2026-07-27
DHC,0.9,9.41,1146664,1321301,10.79,11.74,0.9,0.3,0.4,매수관심,양봉스프링,잔구간,0.94,1.015,2026-07-27
HSAI,0.9,15.43,1150589,1333993,17.75,19.51,0.9,3.4,2.3,매수관심,장대양봉,잔구간,0.85,1.21,2026-07-27
HYLN,0.9,3.82,2143706,2482492,8.19,10.96,0.7,2.4,0.3,매수관심,팽이도지,완만한상승,0.66,1.09,2026-07-27
PACB,0.9,1.36,6750944,7588141,9.18,9.05,1.0,0.0,0.0,중립,팽이도지,잔구간,0.29,-0.125,2026-07-27
PAYS,0.9,8.89,500748,578141,4.45,4.71,0.9,1.8,0.5,중립,위꼬리양봉,완만한상승,0.14,-0.53,2026-07-27
PBI,0.9,18.15,1080789,1210277,19.62,26.33,0.7,0.8,0.7,중립,위꼬리양봉,완만한상승,0.32,-0.32,2026-07-27
DAMD,0.9,1.74,65476580,71586879,113.93,101.67,1.1,-1.3,12.3,강한매수,장대양봉,완만한상승,0.65,3.08,2026-07-27
IAUX,0.9,1.34,8186691,9555380,10.97,13.99,0.8,1.5,-2.9,중립,음봉,잔구간,0.33,-0.45,2026-07-27
MRVI,0.9,6.69,2195143,2357975,14.69,23.44,0.6,0.6,-1.6,중립,음봉,수횡파,0.11,-0.57,2026-07-27
OPFI,0.9,9.42,391202,430675,3.69,4.41,0.8,1.9,2.5,매수관심,장대양봉,잔구간,0.92,1.25,2026-07-27
OPRT,0.9,5.71,332831,366691,1.9,2.59,0.7,0.7,1.4,중립,양봉,잔구간,0.47,0.33,2026-07-27
ORCX,0.9,15.08,2849101,3305714,42.96,64.66,0.7,5.0,3.4,중립,양봉,잔구간,0.61,0.415,2026-07-27
CCO,0.9,2.41,1938350,2245720,4.67,6.77,0.7,0.4,-0.4,매도주의,장대음봉,완만한상승,0.0,-1.7,2026-07-27
NRDS,0.9,9.31,455448,497313,4.24,4.95,0.9,5.0,-0.1,중립,망치형,잔구간,0.78,0.67,2026-07-27
SATL,0.9,3.54,4357548,4721874,15.43,17.43,0.9,1.7,-3.0,중립,음봉,수횡파,0.38,-0.24,2026-07-27
BETA,0.9,17.95,1225941,1349740,22.01,24.69,0.9,2.2,-3.5,중립,음봉,잔구간,0.42,-0.4,2026-07-27
BGS,0.9,3.58,1954065,2178235,7.0,7.89,0.9,0.3,1.7,매수관심,장대양봉,잔구간,0.75,1.15,2026-07-27
DSU,0.9,9.36,365352,411670,3.42,4.52,0.8,0.1,-0.4,매도주의,음봉,전저점이탈,0.25,-1.75,2026-07-27
ECVT,0.9,12.24,1201331,1267646,14.7,16.34,0.9,0.6,-2.4,중립,음봉,잔구간,0.2,-0.53,2026-07-27
SPCF,0.9,10.76,1277298,1492480,13.74,17.76,0.8,-3.0,-0.2,중립,망치형,잔구간,0.77,0.66,2026-07-27
SLDP,0.9,2.14,3173167,3492941,6.79,8.58,0.8,1.9,0.9,중립,팽이도지,잔구간,0.53,0.02,2026-07-27
SMPL,0.9,10.66,2508747,2732203,26.74,30.68,0.9,1.8,2.5,중립,양봉,잔구간,0.72,0.48,2026-07-27
ARR,0.9,16.21,3572980,3774190,57.92,83.96,0.7,0.6,-0.9,중립,음봉,잔구간,0.12,-0.58,2026-07-27
SMRT,0.9,0.964,1629128,1906286,1.57,2.09,0.7,-0.2,1.9,매수관심,양봉,완만한상승,0.34,1.41,2026-07-27
PDBC,0.9,17.34,5024641,5386804,87.13,190.64,0.5,-2.4,-1.0,매도주의,장대음봉,잔구간,0.17,-1.2,2026-07-27
SPAL,0.9,10.84,1428458,1570284,15.48,17.75,0.9,-3.1,0.0,매수관심,양봉스프링,잔구간,0.8,0.93,2026-07-27
SPAX,0.9,6.54,1460507,1565146,9.55,12.19,0.8,-2.9,0.2,매수관심,양봉스프링,잔구간,0.81,0.935,2026-07-27
SPCE,0.9,2.53,5348383,6199577,13.53,26.33,0.5,1.6,0.0,중립,팽이도지,잔구간,0.32,-0.11,2026-07-27
RERE,0.9,4.12,495597,524190,2.04,3.26,0.6,1.3,4.8,매수관심,장대양봉,잔구간,0.96,1.275,2026-07-27
RKLX,0.9,17.83,2916053,3103428,51.99,63.09,0.8,2.5,6.5,매수관심,양봉,완만한상승,0.68,1.82,2026-07-27
HE,0.9,13.22,1310551,1492308,17.33,21.27,0.8,0.1,-2.1,매도주의,장대음봉,잔구간,0.14,-1.215,2026-07-27
CWH,0.9,6.12,2270826,2394692,13.9,15.54,0.9,3.0,4.1,매수관심,장대양봉,잔구간,0.95,1.27,2026-07-27
MGNI,0.9,19.09,2033297,2377033,38.82,39.2,1.0,3.0,0.1,중립,팽이도지,잔구간,0.5,0.0,2026-07-27
KREF,0.9,7.32,1515362,1757941,11.09,11.25,1.0,0.5,-0.8,중립,음봉,잔구간,0.21,-0.525,2026-07-27
RKLZ,0.9,4.91,6550785,7147129,32.16,43.99,0.7,-3.1,-6.7,중립,음봉,잔구간,0.32,-0.46,2026-07-27
RKT,0.9,13.49,25653847,29254018,346.07,412.83,0.8,1.9,1.4,중립,양봉,잔구간,0.63,0.43,2026-07-27
CAL,0.9,12.51,360134,399975,4.51,5.14,0.9,2.7,3.4,강한매수,장대양봉,완만한상승,0.93,3.42,2026-07-27
GSIT,0.9,5.79,452647,484448,2.62,3.77,0.7,2.7,0.2,매수관심,팽이도지,완만한상승,0.55,0.96,2026-07-27
BKKT,0.9,7.57,725122,847581,5.49,7.44,0.7,3.2,-1.4,중립,팽이도지,잔구간,0.49,-0.005,2026-07-27
PONY,0.9,7.38,2929111,3317942,21.62,23.83,0.9,3.5,0.0,매수관심,팽이도지,완만한상승,0.45,0.84,2026-07-27
PRME,0.9,3.01,2614534,2888014,7.87,9.87,0.8,0.7,1.3,중립,위꼬리양봉,잔구간,0.19,-0.685,2026-07-27
BLZE,0.9,12.31,1645624,1775210,20.26,27.99,0.7,1.5,4.5,매수관심,장대양봉,잔구간,0.72,1.13,2026-07-27
BNRG,0.9,0.558,1830759,2055943,1.02,5.09,0.2,-21.7,6.3,중립,팽이도지,전저점이탈,0.73,-0.47,2026-07-27
BPRE,0.9,12.29,829229,935486,10.19,12.07,0.8,0.2,-1.2,강한매도,장대음봉,전저점이탈,0.16,-3.16,2026-07-27
BRSL,0.9,10.48,1269845,1452723,13.31,15.52,0.9,1.5,-0.9,중립,음봉,잔구간,0.05,-0.62,2026-07-27
BSCQ,0.9,19.515,634825,718014,12.39,15.2,0.8,-0.0,0.0,매수관심,양봉,완만한상승,0.5,1.6,2026-07-27
PSNL,0.9,11.98,4618078,5331947,55.32,97.68,0.6,1.4,0.3,중립,팽이도지,잔구간,0.72,0.13,2026-07-27
PTY,0.9,11.67,866396,919355,10.11,13.25,0.8,0.1,-0.3,중립,음봉,잔구간,0.25,-0.5,2026-07-27
BLND,0.9,1.75,1594316,1841724,2.79,3.91,0.7,2.4,1.2,매수관심,양봉,완만한상승,0.65,1.78,2026-07-27
RCAT,0.9,7.79,5952030,6910326,46.37,61.81,0.8,2.2,-0.3,매수관심,팽이도지,완만한상승,0.57,0.98,2026-07-27
RCKT,0.9,3.25,1226709,1345740,3.99,4.83,0.8,3.1,-1.2,매도주의,위꼬리음봉,잔구간,0.14,-0.965,2026-07-27
RDW,0.9,8.83,12826944,14501161,113.26,144.49,0.8,1.3,0.3,중립,팽이도지,완만한상승,0.38,0.76,2026-07-27
DOMO,0.9,3.57,2006557,2239057,7.16,17.53,0.4,1.1,-4.0,중립,음봉,잔구간,0.08,-0.6,2026-07-27
AMCX,0.9,10.13,477357,544353,4.84,5.73,0.8,1.7,1.7,중립,양봉,잔구간,0.44,0.315,2026-07-27
AMPG,0.9,5.06,2273270,2462923,11.5,15.92,0.7,1.8,-8.0,강한매도,장대음봉,전저점이탈,0.28,-3.01,2026-07-27
AMPL,0.9,8.67,1428942,1516720,12.39,16.17,0.8,2.8,4.1,중립,양봉,잔구간,0.65,0.44,2026-07-27
FBIO,0.9,3.27,413363,466967,1.35,2.24,0.6,0.6,-2.7,중립,음봉,전저점부근,0.16,-0.36,2026-07-27
PRQR,0.9,1.73,683101,750725,1.18,1.57,0.8,3.5,-2.8,매도주의,장대음봉,완만한상승,0.29,-1.35,2026-07-27
ANGO,0.9,13.66,403100,453002,5.51,9.77,0.6,0.4,0.1,중립,위꼬리양봉,완만한상승,0.05,-0.64,2026-07-27
ANGX,0.9,4.37,1215679,1429777,5.31,5.36,1.0,1.7,6.1,매수관심,장대양봉,잔구간,0.89,1.235,2026-07-27
FIGS,0.9,9.93,2135163,2497494,21.2,25.92,0.8,0.6,3.8,매수관심,장대양봉,잔구간,0.82,1.19,2026-07-27
PMT,0.9,9.62,1168118,1373220,11.24,15.0,0.7,0.5,-1.7,매도주의,장대음봉,잔구간,0.02,-1.29,2026-07-27
DRAL,0.9,9.99,486734,558701,4.86,6.53,0.7,6.1,-8.7,중립,음봉,잔구간,0.4,-0.41,2026-07-27
EU,0.9,1.19,2076607,2396380,2.47,3.1,0.8,1.8,2.6,매수관심,양봉,완만한상승,0.38,1.46,2026-07-27
EXG,0.9,9.56,308153,332880,2.95,3.27,0.9,0.9,-0.3,중립,팽이도지,잔구간,0.44,-0.035,2026-07-27
KYN,0.9,14.42,326943,378781,4.71,7.16,0.7,-0.8,-2.5,매도주의,장대음봉,잔구간,0.05,-1.27,2026-07-27
LABX,0.9,11.28,588687,651264,6.64,13.34,0.5,1.6,-8.7,매도주의,음봉,전저점이탈,0.44,-1.52,2026-07-27
LAND,0.9,8.5,480706,545231,4.09,4.88,0.8,0.4,-0.7,중립,음봉,전저점부근,0.41,-0.06,2026-07-27
CLOV,0.9,4.27,3496971,3726292,14.93,19.97,0.7,0.7,-1.8,강한매도,음봉,전저점이탈,0.03,-2.01,2026-07-27
ABCL,0.9,5.25,4230205,4680827,22.21,28.55,0.8,1.8,-2.9,중립,음봉,전저점부근,0.04,-0.5,2026-07-27
CABA,0.9,2.72,2185449,2447814,5.94,7.81,0.8,0.7,0.4,중립,팽이도지,잔구간,0.34,-0.095,2026-07-27
NOK,0.9,9.28,97130513,108691951,901.37,1193.2,0.8,2.7,-0.7,중립,망치형,잔구간,0.82,0.69,2026-07-27
BTCZ,0.9,5.335,20193133,23278884,107.73,119.81,0.9,-2.4,0.1,중립,팽이도지,잔구간,0.57,0.04,2026-07-27
TRIP,0.9,14.28,1893649,2094862,27.04,38.07,0.7,1.6,2.6,매수관심,장대양봉,잔구간,0.7,1.12,2026-07-27
KT,0.9,18.73,1043780,1156583,19.55,22.78,0.9,0.2,0.8,강한매수,양봉,전고점돌파,0.73,2.48,2026-07-27
ABSI,0.9,7.56,2452721,2833837,18.54,29.39,0.6,3.2,-3.1,중립,음봉,전저점부근,0.02,-0.53,2026-07-27
UPWK,0.9,9.26,3071861,3237320,28.45,29.51,1.0,1.7,3.1,중립,양봉,잔구간,0.59,0.405,2026-07-27
USAR,0.9,14.93,8782240,9494332,131.12,161.35,0.8,0.9,4.6,매수관심,장대양봉,잔구간,0.65,1.09,2026-07-27
USAS,0.9,4.07,3629555,4190402,14.77,16.31,0.9,2.5,0.0,강한매수,양봉스프링,완만한상승,0.8,2.76,2026-07-27
BXMT,0.9,16.62,1264408,1401626,21.01,26.6,0.8,0.3,-0.7,중립,음봉,잔구간,0.09,-0.595,2026-07-27
TTDU,0.9,2.57,991412,1163414,2.55,3.03,0.8,6.2,0.8,중립,팽이도지,잔구간,0.36,-0.085,2026-07-27
TYGO,0.9,1.68,792156,915079,1.33,1.89,0.7,0.0,-0.6,중립,팽이도지,잔구간,0.31,-0.115,2026-07-27
FLY,0.9,19.88,2630891,2986793,52.3,71.67,0.7,2.4,-1.4,매수관심,팽이도지,완만한상승,0.44,0.83,2026-07-27
FLYW,0.9,16.14,1592698,1857935,25.71,34.51,0.7,2.1,-0.5,중립,음봉,잔구간,0.15,-0.56,2026-07-27
LWLG,0.9,6.13,2428815,2822559,14.89,19.95,0.7,0.3,1.0,매수관심,양봉스프링,잔구간,0.78,0.92,2026-07-27
IVR,0.9,7.44,2775243,2975868,20.65,23.97,0.9,-0.9,-0.9,매도주의,음봉,전저점이탈,0.13,-1.89,2026-07-27
ASPI,0.9,4.05,3132421,3530561,12.69,17.92,0.7,2.6,2.0,중립,양봉,잔구간,0.79,0.525,2026-07-27
FJET,0.9,3.65,634949,724620,2.32,3.26,0.7,2.0,4.3,매수관심,장대양봉,잔구간,0.73,1.14,2026-07-27
CNNE,0.9,14.79,354842,389924,5.25,6.76,0.8,1.4,-0.9,중립,음봉,완만한상승,0.23,-0.12,2026-07-27
VSTM,0.9,6.08,2244215,2531990,13.64,14.09,1.0,2.0,-1.5,매도주의,위꼬리음봉,완만한상승,0.04,-1.15,2026-07-27
KEEL,0.9,4.05,24978631,27439001,101.16,118.81,0.9,2.3,-7.1,매도주의,장대음봉,잔구간,0.27,-1.14,2026-07-27
YSS,0.9,18.87,793377,886636,14.97,18.81,0.8,1.6,8.9,강한매수,장대양봉,수횡파,0.95,4.140000000000001,2026-07-27
ZENA,0.9,1.37,1629585,1755671,2.23,2.9,0.8,1.4,-2.1,중립,음봉,잔구간,0.33,-0.45,2026-07-27
ABTC,0.9,5.87,1187192,1272818,6.97,8.32,0.8,2.3,0.3,매수관심,팽이도지,완만한상승,0.44,0.83,2026-07-27
XP,0.9,16.74,3154532,3458790,52.81,65.04,0.8,0.7,-0.4,중립,팽이도지,완만한상승,0.31,0.67,2026-07-27
AKBA,0.9,1.28,1859289,1967763,2.38,3.11,0.8,1.6,3.2,매수관심,장대양봉,잔구간,0.67,1.1,2026-07-27
EOSE,0.9,3.61,21658258,22894102,78.19,107.38,0.7,0.3,3.7,중립,양봉,잔구간,0.89,0.585,2026-07-27
ENHA,0.9,2.77,489465,529520,1.36,1.76,0.8,1.4,-6.4,매도주의,장대음봉,잔구간,0.14,-1.215,2026-07-27
ENGN,0.9,1.76,651327,712569,1.15,1.62,0.7,1.6,-4.9,강한매도,장대음봉,전저점이탈,0.07,-3.27,2026-07-27
AAOG,0.9,2.666,1304839,1405871,3.48,4.77,0.7,0.3,-5.5,중립,음봉,잔구간,0.53,-0.33,2026-07-27
AIRJ,0.9,4.33,1226805,1408976,5.31,7.24,0.7,3.1,0.7,중립,팽이도지,잔구간,0.55,0.03,2026-07-27
CLVT,0.8,2.13,3465140,4508351,7.38,10.36,0.7,2.0,2.4,중립,양봉,잔구간,0.5,0.35,2026-07-27
AAOX,0.8,11.89,4193358,5495337,49.86,85.31,0.6,1.0,-5.8,중립,음봉,잔구간,0.51,-0.345,2026-07-27
ABEO,0.8,6.13,779339,1033306,4.78,7.99,0.6,0.2,1.2,중립,양봉,잔구간,0.62,0.42,2026-07-27
WT,0.8,19.71,1701432,2148684,33.54,43.84,0.8,1.6,-0.3,중립,팽이도지,잔구간,0.55,0.03,2026-07-27
AIRS,0.8,4.69,303783,384321,1.42,1.83,0.8,1.7,0.0,매수관심,팽이도지,완만한상승,0.6,1.02,2026-07-27
JBI,0.8,5.37,715202,912719,3.84,5.2,0.7,1.5,0.0,매수관심,팽이도지,완만한상승,0.66,1.09,2026-07-27
JLHL,0.8,6.24,335331,425769,2.09,20.39,0.1,1.3,1.3,중립,위꼬리양봉,잔구간,0.21,-0.675,2026-07-27
CORD,0.8,8.95,3042523,3687210,27.23,25.59,1.1,-5.5,8.9,매수관심,양봉,완만한상승,0.78,1.94,2026-07-27
WEST,0.8,7.88,324757,390260,2.56,3.26,0.8,2.9,0.8,강한매수,양봉스프링,완만한상승,0.8,2.76,2026-07-27
KDK,0.8,4.25,624624,777319,2.65,4.11,0.6,1.9,0.5,매수관심,팽이도지,완만한상승,0.44,0.83,2026-07-27
KEP,0.8,12.21,828883,1095172,10.12,15.57,0.6,1.7,-0.4,중립,음봉,완만한상승,0.59,0.31,2026-07-27
ITRG,0.8,2.14,2908161,3540649,6.22,6.6,0.9,1.4,-2.3,중립,음봉,잔구간,0.31,-0.465,2026-07-27
FMC,0.8,11.12,2318856,2966494,25.79,36.24,0.7,-0.4,-1.2,중립,음봉,잔구간,0.23,-0.51,2026-07-27
VERI,0.8,1.08,1429375,1904609,1.54,2.4,0.6,1.9,1.9,매수관심,양봉,완만한상승,0.71,1.85,2026-07-27
TSSI,0.8,9.82,532063,670403,5.22,8.25,0.6,4.3,-3.0,중립,음봉,완만한상승,0.43,0.12,2026-07-27
TV,0.8,2.81,853523,1058826,2.4,2.6,0.9,0.4,1.8,매수관심,양봉,완만한상승,0.38,1.46,2026-07-27
UA,0.8,6.93,1724725,2185947,11.95,17.61,0.7,1.7,-0.7,매수관심,팽이도지,완만한상승,0.48,0.88,2026-07-27
UAMY,0.8,5.45,4025434,4977239,21.94,33.09,0.7,1.4,4.0,강한매수,장대양봉,완만한상승,0.89,3.37,2026-07-27
UEC,0.8,9.91,6728187,8561891,66.68,80.46,0.8,2.9,1.2,중립,양봉,전고점부근,0.55,0.31,2026-07-27
UPB,0.8,6.4,459477,542059,2.94,3.17,0.9,0.9,-1.1,중립,팽이도지,잔구간,0.41,-0.055,2026-07-27
USA,0.8,5.72,1198264,1587200,6.85,9.16,0.7,0.7,-0.2,매도주의,위꼬리음봉,완만한상승,0.2,-0.96,2026-07-27
XRAY,0.8,13.02,4061124,5113412,52.88,73.62,0.7,0.7,0.0,중립,팽이도지,완만한상승,0.36,0.73,2026-07-27
NPKI,0.8,14.14,545232,679175,7.71,9.55,0.8,0.3,-1.8,중립,음봉,잔구간,0.42,-0.4,2026-07-27
BTE,0.8,4.13,13347884,16924278,55.13,78.56,0.7,-4.2,-0.2,매도주의,위꼬리음봉,잔구간,0.0,-1.05,2026-07-27
BTG,0.8,3.87,13639679,16445015,52.79,67.13,0.8,1.0,-1.0,중립,음봉,완만한상승,0.48,0.18,2026-07-27
BXBL,0.8,3.94,714022,910813,2.81,10.03,0.3,-0.2,-19.6,매도주의,장대음봉,전저점부근,0.12,-1.71,2026-07-27
CLM,0.8,7.28,1097698,1312157,7.99,14.23,0.6,0.0,0.0,중립,위꼬리양봉,완만한상승,0.0,-0.7,2026-07-27
CLNE,0.8,1.96,1054302,1267395,2.07,3.89,0.5,-1.0,-2.5,매도주의,음봉,전저점이탈,0.27,-1.73,2026-07-27
GOOY,0.8,12.06,306783,388308,3.7,5.26,0.7,1.4,0.8,중립,양봉,잔구간,0.59,0.405,2026-07-27
GPRE,0.8,16.44,975489,1285861,16.04,27.68,0.6,-2.9,-0.1,매도주의,팽이도지,전저점이탈,0.33,-0.95,2026-07-27
DPRO,0.8,4.4,499966,651365,2.2,3.32,0.7,1.9,2.3,매수관심,양봉,완만한상승,0.68,1.82,2026-07-27
EVEX,0.8,2.47,826475,977065,2.04,2.54,0.8,3.1,4.7,매수관심,장대양봉,잔구간,0.94,1.265,2026-07-27
FDMT,0.8,10.38,531419,699805,5.52,7.72,0.7,1.5,1.6,매수관심,양봉,완만한상승,0.49,1.59,2026-07-27
DNA,0.8,7.45,576452,767272,4.29,6.59,0.7,2.4,-1.2,중립,음봉,잔구간,0.37,-0.43,2026-07-27
DNOW,0.8,14.19,1713793,2057180,24.32,31.73,0.8,-1.0,-0.5,중립,팽이도지,잔구간,0.47,-0.02,2026-07-27
AREC,0.8,1.76,1572826,1999653,2.77,5.16,0.5,0.6,0.6,강한매수,양봉스프링,완만한상승,0.8,2.76,2026-07-27
TOYO,0.8,4.82,545109,715015,2.63,3.68,0.7,1.7,-1.6,중립,음봉,잔구간,0.6,-0.29,2026-07-27
TRIN,0.8,17.41,695812,819443,12.11,17.36,0.7,0.8,0.1,중립,팽이도지,잔구간,0.48,-0.01,2026-07-27
PSLV,0.8,18.88,5888457,7534313,111.17,137.3,0.8,1.0,-0.2,매수관심,팽이도지,완만한상승,0.54,0.95,2026-07-27
PSO,0.8,16.74,554310,683177,9.28,15.85,0.6,1.7,1.0,매수관심,장대양봉,잔구간,0.8,1.18,2026-07-27
RC,0.8,1.47,926739,1219931,1.36,2.25,0.6,1.4,-1.3,중립,음봉,전저점부근,0.22,-0.29,2026-07-27
KODK,0.8,8.05,540198,644021,4.35,5.77,0.8,0.6,-2.8,중립,음봉,잔구간,0.27,-0.49,2026-07-27
KOPN,0.8,3.71,3385341,4197141,12.56,17.53,0.7,1.4,2.2,매수관심,팽이도지,완만한상승,0.62,1.04,2026-07-27
BSCT,0.8,18.455,424550,545063,7.84,11.1,0.7,0.1,-0.0,중립,음봉,잔구간,0.25,-0.5,2026-07-27
PHAT,0.8,11.95,664730,834839,7.94,10.46,0.8,1.4,3.0,강한매수,양봉,전고점돌파,0.73,2.48,2026-07-27
BITU,0.8,9.7,3269231,3872609,31.71,39.49,0.8,2.1,0.1,중립,팽이도지,잔구간,0.41,-0.055,2026-07-27
POEL,0.8,8.72,387308,466423,3.38,5.82,0.6,3.5,1.6,중립,팽이도지,잔구간,0.75,0.15,2026-07-27
BOBS,0.8,15.95,569949,682368,9.09,13.87,0.7,1.9,3.6,매수관심,장대양봉,잔구간,0.66,1.095,2026-07-27
MFA,0.8,9.12,1117672,1338823,10.19,13.17,0.8,0.4,-0.7,중립,음봉,잔구간,0.0,-0.65,2026-07-27
MFIC,0.8,9.59,306636,388030,2.94,3.9,0.8,1.1,-0.3,매도주의,위꼬리음봉,잔구간,0.08,-1.0,2026-07-27
MLCO,0.8,5.62,1436545,1792418,8.07,13.47,0.6,1.5,2.4,강한매수,장대양봉,전고점돌파,0.87,3.94,2026-07-27
GT,0.8,7.11,6411614,8177404,45.59,63.28,0.7,1.0,-2.3,매도주의,장대음봉,잔구간,0.23,-1.16,2026-07-27
GTN,0.8,3.98,785330,988837,3.13,4.37,0.7,1.5,-1.0,중립,음봉,완만한상승,0.17,-0.2,2026-07-27
REI,0.8,1.17,2510511,3104180,2.94,5.51,0.5,-3.1,-4.9,강한매도,장대음봉,전저점이탈,0.21,-3.1,2026-07-27
CTMX,0.8,3.25,2501753,2990076,8.13,13.59,0.6,0.3,0.0,매도주의,위꼬리양봉,잔구간,0.0,-0.8,2026-07-27
INV,0.8,3.03,1740934,2274043,5.28,7.7,0.7,3.1,1.7,매수관심,양봉스프링,잔구간,0.91,0.995,2026-07-27
PDM,0.8,9.78,468186,603627,4.58,5.9,0.8,0.5,-0.6,중립,음봉,잔구간,0.38,-0.42,2026-07-27
PDYN,0.8,5.17,597438,730418,3.09,4.35,0.7,2.2,2.4,강한매수,양봉,완만한상승,0.85,2.02,2026-07-27
PEPG,0.8,1.9,528526,672027,1.0,2.63,0.4,1.0,-2.6,중립,음봉,잔구간,0.16,-0.555,2026-07-27
SPCU,0.8,8.64,1103702,1304196,9.54,11.85,0.8,-2.4,-0.1,중립,망치형,잔구간,0.86,0.715,2026-07-27
ARVN,0.8,8.22,475559,590537,3.91,4.76,0.8,1.2,1.1,매수관심,양봉,완만한상승,0.4,1.48,2026-07-27
SMR,0.8,8.54,30265443,35653241,258.47,260.09,1.0,2.9,2.6,강한매수,양봉,완만한상승,0.83,2.0,2026-07-27
SOFI,0.8,16.88,66662985,88187072,1125.27,1467.1,0.8,2.9,-0.4,매도주의,위꼬리음봉,잔구간,0.23,-0.91,2026-07-27
DRH,0.8,12.91,2218941,2848321,28.65,31.75,0.9,0.5,0.0,중립,위꼬리양봉,완만한상승,0.24,-0.41,2026-07-27
DRTS,0.8,12.21,503966,643289,6.15,8.48,0.7,3.7,-5.8,매도주의,장대음봉,잔구간,0.07,-1.26,2026-07-27
DSGN,0.8,11.88,323092,425481,3.84,6.49,0.6,9.1,-7.6,매도주의,장대음봉,잔구간,0.1,-1.24,2026-07-27
DVLT,0.8,0.356,8537517,10301791,3.04,4.65,0.7,0.9,-1.3,매도주의,위꼬리음봉,전저점부근,0.01,-1.34,2026-07-27
SAIL,0.8,15.34,2575239,3384795,39.5,56.81,0.7,1.8,0.8,중립,위꼬리양봉,잔구간,0.32,-0.61,2026-07-27
BBDC,0.8,8.29,382215,491155,3.17,4.46,0.7,0.6,0.1,중립,위꼬리양봉,잔구간,0.16,-0.705,2026-07-27
BEKE,0.8,16.39,3023514,3621826,49.56,67.45,0.7,1.7,1.4,매수관심,장대양봉,잔구간,1.0,1.3,2026-07-27
GNW,0.8,9.9,2276473,2815837,22.54,32.05,0.7,0.4,-0.6,중립,음봉,잔구간,0.14,-0.565,2026-07-27
GOF,0.8,10.48,1007086,1336018,10.55,16.91,0.6,0.3,-0.4,중립,망치형,잔구간,0.69,0.615,2026-07-27
GOOD,0.8,12.95,307806,402636,3.99,5.33,0.7,0.1,-0.2,매도주의,위꼬리음봉,수횡파,0.17,-1.3,2026-07-27
IAG,0.8,14.71,4349881,5479654,63.99,74.01,0.9,1.6,-1.3,중립,망치형,잔구간,0.64,0.585,2026-07-27
NTLA,0.8,10.67,2892763,3629755,30.87,51.64,0.6,2.4,-2.9,중립,음봉,전저점부근,0.06,-0.48,2026-07-27
HUMA,0.8,0.674,3825255,4572686,2.58,3.92,0.7,2.5,5.2,매수관심,장대양봉,잔구간,0.9,1.24,2026-07-27
APPS,0.8,8.59,2285696,2713443,19.63,21.62,0.9,2.1,-0.5,중립,팽이도지,완만한상승,0.37,0.74,2026-07-27
ARDX,0.8,5.06,1811016,2274113,9.16,13.41,0.7,2.0,-1.4,중립,음봉,완만한상승,0.0,-0.4,2026-07-27
DC,0.8,4.79,925472,1177449,4.43,5.26,0.8,1.3,1.7,매수관심,양봉,완만한상승,0.77,1.92,2026-07-27
DDD,0.8,2.63,1310336,1703238,3.45,4.99,0.7,1.2,1.2,중립,양봉,잔구간,0.65,0.44,2026-07-27
HIMX,0.8,12.725,847229,1095284,10.78,18.06,0.6,0.7,0.1,매수관심,양봉스프링,잔구간,0.88,0.98,2026-07-27
HNST,0.8,3.84,1077314,1277097,4.14,4.71,0.9,1.3,0.0,중립,팽이도지,완만한상승,0.34,0.71,2026-07-27
PCG,0.8,17.6,15768761,19812090,277.53,339.43,0.8,-0.4,-1.0,중립,음봉,잔구간,0.2,-0.53,2026-07-27
CWVX,0.8,12.32,793546,978690,9.78,15.22,0.6,5.2,-7.7,중립,음봉,잔구간,0.24,-0.505,2026-07-27
CYH,0.8,2.72,1826257,2232975,4.97,8.81,0.6,-1.8,1.5,중립,양봉,잔구간,0.49,0.345,2026-07-27
SBGI,0.8,13.49,391277,474172,5.28,6.79,0.8,0.6,-0.6,매도주의,위꼬리음봉,완만한상승,0.03,-1.16,2026-07-27
SABS,0.8,3.44,609580,736750,2.1,1.93,1.1,0.6,-2.5,매도주의,음봉,전저점이탈,0.05,-1.99,2026-07-27
AVO,0.8,12.7,562059,738693,7.14,11.28,0.6,0.1,2.2,매수관심,장대양봉,잔구간,0.9,1.24,2026-07-27
STUB,0.8,8.41,3932792,5004920,33.07,60.41,0.5,2.2,-0.2,중립,팽이도지,잔구간,0.29,-0.125,2026-07-27
STXS,0.8,1.3,1249620,1532125,1.62,2.96,0.5,0.8,0.0,중립,위꼬리양봉,잔구간,0.14,-0.715,2026-07-27
TAK,0.8,17.44,3887739,4675276,67.8,74.28,0.9,1.6,-0.5,중립,음봉,전고점돌파,0.09,0.31,2026-07-27
TDOC,0.8,8.91,3342585,3980664,29.78,39.7,0.8,2.1,-0.4,강한매수,망치형,완만한상승,0.68,2.12,2026-07-27
RQI,0.8,12.66,576186,723564,7.29,13.52,0.5,0.3,-0.1,매수관심,팽이도지,전고점돌파,0.42,1.4,2026-07-27
RSKD,0.8,5.25,386989,466184,2.03,2.94,0.7,1.4,3.1,강한매수,장대양봉,완만한상승,0.85,3.32,2026-07-27
AVXL,0.8,2.5,716573,931648,1.79,2.46,0.7,0.4,3.7,매수관심,양봉,완만한상승,0.75,1.9,2026-07-27
THRY,0.8,4.16,424166,535826,1.76,1.82,1.0,1.3,7.5,강한매수,장대양봉,완만한상승,0.94,3.43,2026-07-27
ATAI,0.8,7.17,9634492,12432174,69.08,210.5,0.3,-0.1,0.0,중립,팽이도지,잔구간,0.29,-0.125,2026-07-27
JOBY,0.8,7.37,54349978,68029019,400.56,443.7,0.9,2.7,3.6,매수관심,장대양봉,잔구간,0.89,1.235,2026-07-27
KBWD,0.8,12.1,378833,473377,4.58,5.41,0.8,0.5,0.1,중립,위꼬리양봉,잔구간,0.16,-0.705,2026-07-27
OCFC,0.8,19.6,660021,866742,12.94,16.76,0.8,0.3,-0.1,매도주의,위꼬리음봉,잔구간,0.06,-1.015,2026-07-27
OCSL,0.8,11.78,396347,518030,4.67,5.57,0.8,0.9,0.0,중립,위꼬리양봉,잔구간,0.22,-0.67,2026-07-27
IEP,0.8,7.73,483455,579974,3.74,4.29,0.9,-0.1,0.7,강한매수,양봉,완만한상승,0.94,2.13,2026-07-27
OCUL,0.8,8.64,1539831,1838830,13.3,16.03,0.8,1.6,0.0,중립,팽이도지,잔구간,0.43,-0.04,2026-07-27
ONDG,0.8,2.97,3072018,3657177,9.12,7.57,1.2,2.5,3.1,강한매수,양봉스프링,완만한상승,0.75,2.7,2026-07-27
ONDL,0.8,7.66,1391728,1807760,10.66,11.65,0.9,3.0,2.3,매수관심,팽이도지,완만한상승,0.74,1.19,2026-07-27
BSCU,0.8,16.495,560833,672025,9.25,11.4,0.8,0.2,-0.0,중립,망치형,잔구간,0.75,0.65,2026-07-27
BSOL,0.8,10.35,1898120,2265438,19.65,24.21,0.8,3.5,-0.7,중립,팽이도지,잔구간,0.36,-0.085,2026-07-27
NAD,0.8,11.63,456102,565019,5.3,6.5,0.8,0.6,-0.4,매도주의,장대음봉,잔구간,0.29,-1.125,2026-07-27
BTQ,0.8,3.49,1219438,1472325,4.26,5.75,0.7,2.1,2.6,매수관심,양봉,완만한상승,0.36,1.43,2026-07-27
BV,0.8,14.22,544255,673021,7.74,14.57,0.5,1.0,0.1,중립,위꼬리양봉,잔구간,0.17,-0.7,2026-07-27
NMRK,0.8,15.89,966395,1206856,15.36,17.77,0.9,2.1,1.1,중립,양봉,잔구간,0.6,0.41,2026-07-27
NN,0.8,12.68,1853768,2376159,23.51,35.24,0.7,1.2,0.7,중립,팽이도지,잔구간,0.55,0.03,2026-07-27
CBRG,0.8,3.78,8558571,10493079,32.35,47.72,0.7,2.8,-13.9,매도주의,장대음봉,잔구간,0.29,-1.125,2026-07-27
CRK,0.8,13.0,1746335,2091311,22.7,33.07,0.7,-1.5,-2.4,중립,음봉,잔구간,0.17,-0.55,2026-07-27
CRML,0.8,6.04,4999238,5957945,30.2,39.13,0.8,2.9,1.0,중립,팽이도지,잔구간,0.58,0.05,2026-07-27
CRWG,0.8,14.82,1156195,1533117,17.13,25.57,0.7,4.7,-7.4,중립,음봉,잔구간,0.23,-0.51,2026-07-27
TIGR,0.8,4.91,1630512,1934767,8.01,8.48,0.9,2.3,1.4,강한매수,양봉,완만한상승,0.95,2.14,2026-07-27
AVXX,0.8,5.58,372274,488855,2.08,2.87,0.7,-0.4,6.5,매수관심,양봉,완만한상승,0.74,1.89,2026-07-27
RMAX,0.8,9.69,305490,379895,2.96,4.08,0.7,1.9,1.5,중립,양봉,잔구간,0.46,0.325,2026-07-27
BB,0.8,8.42,13783855,18153092,116.06,198.98,0.6,1.9,-3.2,중립,음봉,전저점부근,0.33,-0.15,2026-07-27
GAU,0.8,1.83,2044703,2689699,3.74,4.95,0.8,1.6,-3.2,중립,음봉,잔구간,0.33,-0.45,2026-07-27
GEMI,0.8,4.45,757794,941758,3.37,4.34,0.8,1.4,2.3,중립,양봉,잔구간,0.94,0.615,2026-07-27
GGB,0.8,4.83,11015117,13256677,53.2,78.05,0.7,-0.6,1.0,강한매수,양봉,완만한상승,0.84,2.01,2026-07-27
GLWG,0.8,13.09,1022378,1205902,13.38,21.91,0.6,-0.5,-4.2,중립,망치형,전저점이탈,0.57,0.33,2026-07-27
EFC,0.8,13.36,821362,1032109,10.97,15.59,0.7,0.5,-0.6,중립,음봉,잔구간,0.03,-0.63,2026-07-27
EMBC,0.8,3.435,875294,1157795,3.01,3.97,0.8,1.5,2.8,강한매수,장대양봉,완만한상승,0.63,3.06,2026-07-27
VIPS,0.8,14.74,1310845,1703722,19.32,28.68,0.7,1.1,2.4,매수관심,장대양봉,잔구간,0.72,1.13,2026-07-27
VIV,0.8,14.11,804030,978175,11.34,15.61,0.7,0.0,0.4,매수관심,양봉,완만한상승,0.4,1.48,2026-07-27
MSOS,0.8,4.24,2339061,2858644,9.92,16.57,0.6,0.7,-1.2,매도주의,위꼬리음봉,수횡파,0.11,-1.37,2026-07-27
UWMC,0.8,1.84,12387108,15240977,22.79,29.03,0.8,0.5,0.0,중립,팽이도지,잔구간,0.29,-0.125,2026-07-27
WU,0.8,8.17,6612405,8548555,54.02,75.67,0.7,0.1,-0.7,중립,음봉,잔구간,0.19,-0.535,2026-07-27
ADAM,0.8,8.71,575574,688419,5.01,6.73,0.7,0.6,0.1,중립,위꼬리양봉,잔구간,0.08,-0.75,2026-07-27
LI,0.8,12.62,2769612,3268055,34.95,48.15,0.7,1.5,2.6,매수관심,장대양봉,잔구간,0.89,1.235,2026-07-27
ACHR,0.8,4.95,30070341,36113064,148.85,191.13,0.8,0.6,3.1,매수관심,장대양봉,잔구간,0.82,1.19,2026-07-27
AAL,0.8,14.95,93953943,120040971,1404.61,2143.07,0.7,2.9,0.4,매수관심,팽이도지,완만한상승,0.7,1.14,2026-07-27
TRVI,0.8,18.12,1762191,2309398,31.93,54.59,0.6,1.2,2.1,매수관심,양봉,완만한상승,0.6,1.72,2026-07-27
CLB,0.8,11.23,609492,802781,6.84,8.54,0.8,-1.4,-2.4,중립,음봉,잔구간,0.09,-0.595,2026-07-27
CLBT,0.8,14.64,902960,1091381,13.22,21.26,0.6,2.4,0.6,중립,위꼬리양봉,잔구간,0.43,-0.54,2026-07-27
TRTX,0.7,8.56,433828,595776,3.71,5.41,0.7,0.7,-1.4,매도주의,장대음봉,잔구간,0.05,-1.27,2026-07-27
TSDD,0.7,11.64,16347010,23197699,190.28,190.91,1.0,-0.1,2.6,매수관심,양봉,완만한상승,0.62,1.74,2026-07-27
TSLG,0.7,3.59,30198908,40632753,108.41,201.66,0.5,-0.1,-2.6,중립,음봉,전저점부근,0.36,-0.12,2026-07-27
CLSK,0.7,14.025,15985227,23105696,224.19,414.73,0.5,2.1,-5.4,매도주의,장대음봉,잔구간,0.29,-1.125,2026-07-27
CIM,0.7,12.5,428139,613876,5.35,7.7,0.7,0.5,-0.5,중립,음봉,잔구간,0.18,-0.54,2026-07-27
LAC,0.7,2.9,5957842,8584661,17.28,31.39,0.6,1.4,1.8,중립,양봉,잔구간,0.79,0.525,2026-07-27
BYND,0.7,0.548,17338986,24401635,9.51,16.75,0.6,1.2,-3.0,중립,음봉,잔구간,0.01,-0.645,2026-07-27
URG,0.7,1.23,4777080,7098345,5.88,8.33,0.7,1.6,-0.8,매도주의,위꼬리음봉,잔구간,0.17,-0.95,2026-07-27
TSLZ,0.7,17.59,1937822,2657871,34.09,37.59,0.9,-0.1,2.6,매수관심,양봉,완만한상승,0.62,1.74,2026-07-27
UUUU,0.7,11.71,4410963,6299744,51.65,85.7,0.6,2.3,1.3,중립,양봉,잔구간,0.66,0.445,2026-07-27
EDD,0.7,5.86,316121,421781,1.85,4.04,0.5,1.2,0.3,매수관심,양봉,완만한상승,0.75,1.9,2026-07-27
EDIT,0.7,2.68,937273,1419830,2.51,4.45,0.6,1.2,1.9,중립,양봉,잔구간,0.63,0.43,2026-07-27
MARA,0.7,11.77,43179140,57670824,508.22,657.33,0.8,1.2,-4.1,중립,음봉,잔구간,0.37,-0.43,2026-07-27
MAT,0.7,14.8,3152064,4574869,46.65,80.53,0.6,1.2,2.0,강한매수,장대양봉,완만한상승,0.94,3.43,2026-07-27
GGN,0.7,4.88,559823,756461,2.73,3.2,0.9,0.2,-0.8,중립,음봉,잔구간,0.12,-0.58,2026-07-27
GNL,0.7,8.85,1367448,2099780,12.1,22.03,0.5,-0.2,-0.1,매도주의,위꼬리음봉,잔구간,0.07,-1.01,2026-07-27
BABX,0.7,19.42,459904,643199,8.93,17.52,0.5,3.4,1.5,중립,양봉,잔구간,1.0,0.65,2026-07-27
FRSH,0.7,10.82,12079045,16761451,130.7,162.96,0.8,2.8,2.5,중립,양봉,잔구간,0.5,0.35,2026-07-27
ALVO,0.7,3.08,397899,564449,1.23,2.15,0.6,2.0,-1.3,매도주의,위꼬리음봉,잔구간,0.06,-1.015,2026-07-27
STNE,0.7,10.89,2399438,3316059,26.13,41.49,0.6,0.8,0.4,중립,위꼬리양봉,잔구간,0.33,-0.6,2026-07-27
STTK,0.7,7.04,948130,1303598,6.67,11.04,0.6,-0.8,-4.5,중립,음봉,수횡파,0.03,-0.66,2026-07-27
SVC,0.7,8.34,1098501,1601734,9.16,15.8,0.6,0.8,-2.2,매도주의,음봉,전저점이탈,0.06,-1.98,2026-07-27
SWIM,0.7,5.63,439477,638891,2.47,3.95,0.6,0.9,1.4,매수관심,양봉,완만한상승,0.54,1.65,2026-07-27
ATOM,0.7,5.25,409743,574165,2.15,3.81,0.6,2.5,-1.1,중립,팽이도지,잔구간,0.41,-0.055,2026-07-27
SHEN,0.7,11.52,357299,486802,4.12,5.42,0.8,1.0,-0.1,중립,팽이도지,잔구간,0.64,0.085,2026-07-27
SIDU,0.7,1.85,4137089,6016860,7.65,12.11,0.6,0.5,-0.5,매도주의,위꼬리음봉,잔구간,0.19,-0.935,2026-07-27
SDGR,0.7,15.28,643403,940638,9.83,13.86,0.7,1.5,0.5,중립,팽이도지,잔구간,0.56,0.035,2026-07-27
RYAM,0.7,8.5,664008,999490,5.64,7.29,0.8,0.5,1.0,매수관심,팽이도지,완만한상승,0.62,1.04,2026-07-27
GRRR,0.7,12.13,619169,945468,7.51,22.79,0.3,3.4,-2.3,중립,음봉,완만한상승,0.34,0.01,2026-07-27
GUTS,0.7,0.801,1622904,2169290,1.3,2.45,0.5,2.5,1.1,중립,팽이도지,잔구간,0.72,0.13,2026-07-27
RGNX,0.7,9.71,1248613,1672679,12.12,23.78,0.5,3.3,-3.4,중립,음봉,잔구간,0.06,-0.615,2026-07-27
CARS,0.7,11.8,414778,627899,4.89,8.35,0.6,1.1,1.8,중립,양봉,잔구간,0.58,0.4,2026-07-27
CRBU,0.7,1.59,731615,1085153,1.16,2.7,0.4,1.9,-0.6,매도주의,위꼬리음봉,잔구간,0.14,-0.965,2026-07-27
MBC,0.7,8.75,1353237,2018271,11.84,15.13,0.8,1.6,1.3,매수관심,양봉,완만한상승,0.57,1.68,2026-07-27
MEI,0.7,15.28,357326,479796,5.46,10.07,0.5,0.4,-0.6,중립,팽이도지,잔구간,0.49,-0.005,2026-07-27
MH,0.7,10.31,331340,498864,3.42,6.04,0.6,1.2,2.7,강한매수,장대양봉,전고점돌파,0.64,3.67,2026-07-27
MIR,0.7,16.85,2347182,3316547,39.55,57.27,0.7,2.2,-0.3,매수관심,팽이도지,완만한상승,0.63,1.06,2026-07-27
MITK,0.7,17.01,564369,779285,9.6,12.57,0.8,3.0,-2.1,중립,음봉,잔구간,0.13,-0.57,2026-07-27
KPTI,0.7,7.09,527473,806942,3.74,5.76,0.6,0.5,-4.8,중립,음봉,잔구간,0.09,-0.595,2026-07-27
POET,0.7,7.09,9692953,13013863,68.72,102.56,0.7,2.3,0.6,중립,팽이도지,잔구간,0.71,0.125,2026-07-27
PPLT,0.7,14.73,1021297,1529074,15.04,26.7,0.6,1.9,0.2,중립,팽이도지,잔구간,0.55,0.03,2026-07-27
BORR,0.7,4.11,2646645,3590807,10.88,14.6,0.7,-1.2,-1.7,중립,음봉,잔구간,0.11,-0.585,2026-07-27
KOS,0.7,2.44,10264222,13731101,25.04,46.29,0.5,-7.2,0.0,중립,위꼬리양봉,잔구간,0.14,-0.715,2026-07-27
PUBM,0.7,12.79,311479,464650,3.98,6.06,0.7,1.9,0.2,중립,위꼬리양봉,잔구간,0.31,-0.615,2026-07-27
QNC,0.7,2.24,508554,682848,1.14,1.83,0.6,1.9,5.2,매수관심,장대양봉,잔구간,0.61,1.065,2026-07-27
QTRX,0.7,3.67,337425,454973,1.24,2.15,0.6,1.1,-1.1,매도주의,위꼬리음봉,완만한상승,0.1,-1.08,2026-07-27
QTTB,0.7,15.21,527403,733137,8.02,87.77,0.1,1.5,-1.0,매도주의,위꼬리음봉,수횡파,0.07,-1.42,2026-07-27
AMRX,0.7,18.09,1190673,1698609,21.54,33.86,0.6,0.8,0.2,중립,팽이도지,잔구간,0.66,0.095,2026-07-27
AMZD,0.7,9.74,9998603,14133153,97.39,137.95,0.7,-1.5,1.9,강한매수,장대양봉,전고점부근,0.92,2.05,2026-07-27
ANNX,0.7,5.13,1634974,2475057,8.39,23.28,0.4,1.5,-3.2,매도주의,장대음봉,잔구간,0.0,-1.3,2026-07-27
EVC,0.7,11.08,1005279,1392397,11.14,15.46,0.7,0.9,2.8,강한매수,양봉,완만한상승,0.95,2.14,2026-07-27
GPGI,0.7,14.2,943064,1405845,13.39,19.83,0.7,3.0,-1.7,중립,음봉,잔구간,0.07,-0.61,2026-07-27
PNNT,0.7,3.36,395487,561938,1.33,2.14,0.6,1.5,0.6,중립,위꼬리양봉,잔구간,0.29,-0.625,2026-07-27
SB,0.7,7.52,625680,922278,4.71,8.44,0.6,0.3,-2.2,중립,음봉,잔구간,0.24,-0.505,2026-07-27
BBNX,0.7,15.99,850682,1164538,13.6,18.71,0.7,2.8,-1.9,중립,음봉,잔구간,0.6,-0.29,2026-07-27
BFLY,0.7,7.07,4952679,7252422,35.02,57.94,0.6,1.7,5.7,강한매수,장대양봉,완만한상승,0.96,3.45,2026-07-27
DSL,0.7,10.7,411671,617310,4.4,8.43,0.5,0.7,0.8,중립,양봉,잔구간,1.0,0.65,2026-07-27
SPIR,0.7,11.17,510569,748956,5.7,12.36,0.5,1.1,0.5,중립,팽이도지,잔구간,0.4,-0.06,2026-07-27
SMWB,0.7,6.83,543422,764157,3.71,7.91,0.5,3.2,5.2,매수관심,장대양봉,잔구간,0.72,1.13,2026-07-27
SLNH,0.7,1.23,7548178,10788284,9.28,15.78,0.6,0.8,-3.1,중립,음봉,잔구간,0.43,-0.39,2026-07-27
SLP,0.7,18.33,391624,537951,7.18,11.48,0.6,0.1,-0.1,중립,음봉,잔구간,0.6,-0.29,2026-07-27
CTKB,0.7,4.41,521402,723641,2.3,3.51,0.7,0.0,-1.1,매도주의,음봉,전저점이탈,0.27,-1.73,2026-07-27
PD,0.7,9.76,1159684,1588138,11.32,16.23,0.7,3.1,4.3,매수관심,장대양봉,잔구간,0.73,1.14,2026-07-27
PFN,0.7,7.03,336900,498828,2.37,6.41,0.4,-0.1,-0.1,매도주의,위꼬리음봉,잔구간,0.22,-0.92,2026-07-27
HL,0.7,15.19,42468010,59880560,645.09,740.2,0.9,0.7,-0.3,중립,망치형,잔구간,0.76,0.655,2026-07-27
HMY,0.7,15.87,1945775,2822730,30.88,43.82,0.7,0.3,-0.3,강한매수,망치형,완만한상승,0.68,2.12,2026-07-27
DEI,0.7,12.12,1180364,1581469,14.31,26.02,0.5,1.2,-2.5,매도주의,장대음봉,잔구간,0.1,-1.24,2026-07-27
PAGS,0.7,9.38,1842960,2469646,17.29,26.94,0.6,1.1,0.9,매수관심,양봉,완만한상승,0.59,1.71,2026-07-27
IMRX,0.7,4.36,459902,687823,2.01,3.76,0.5,1.4,-0.5,매도주의,위꼬리음봉,잔구간,0.17,-0.95,2026-07-27
IMSR,0.7,5.11,1341333,1841685,6.85,10.16,0.7,2.9,1.8,매수관심,양봉스프링,잔구간,0.81,0.935,2026-07-27
INTR,0.7,5.56,3038165,4467718,16.89,25.17,0.7,1.7,3.3,매수관심,장대양봉,잔구간,0.92,1.25,2026-07-27
OTF,0.7,10.07,1663022,2506681,16.75,22.33,0.7,1.1,0.1,중립,위꼬리양봉,잔구간,0.3,-0.62,2026-07-27
CCXI,0.7,13.72,1652039,2274073,22.67,39.6,0.6,0.9,-0.6,중립,팽이도지,잔구간,0.64,0.085,2026-07-27
CERS,0.7,3.07,1655123,2469659,5.08,6.26,0.8,1.0,3.7,매수관심,장대양봉,잔구간,0.65,1.09,2026-07-27
CFFN,0.7,8.64,621135,835738,5.37,6.75,0.8,0.6,-0.7,중립,음봉,잔구간,0.21,-0.525,2026-07-27
IPSC,0.7,2.09,496674,694600,1.04,2.06,0.5,1.4,-2.3,중립,음봉,잔구간,0.07,-0.61,2026-07-27
IREG,0.7,7.42,549905,779758,4.08,6.97,0.6,3.2,-6.9,중립,음봉,잔구간,0.41,-0.405,2026-07-27
CBRZ,0.7,17.55,358204,540619,6.29,7.15,0.9,-4.2,15.2,매수관심,장대양봉,잔구간,0.69,1.115,2026-07-27
CRNC,0.7,8.29,676199,959155,5.61,7.38,0.8,3.0,-4.7,강한매도,장대음봉,전저점이탈,0.06,-3.28,2026-07-27
BTGO,0.7,5.16,695642,1008611,3.59,4.86,0.7,1.7,5.3,매수관심,장대양봉,잔구간,0.96,1.275,2026-07-27
BULL,0.7,7.54,7127636,9687002,53.74,76.04,0.7,3.5,-2.7,매도주의,장대음봉,잔구간,0.19,-1.185,2026-07-27
BUR,0.7,4.21,1363142,2035765,5.74,7.99,0.7,1.4,0.2,매수관심,팽이도지,완만한상승,0.71,1.15,2026-07-27
MUX,0.7,17.39,620696,914465,10.79,14.19,0.8,1.6,-0.3,매수관심,팽이도지,완만한상승,0.42,0.8,2026-07-27
NAGE,0.7,3.23,413046,605555,1.33,2.55,0.5,1.2,-0.6,중립,팽이도지,완만한상승,0.27,0.62,2026-07-27
NCT,0.7,3.34,733846,1049027,2.45,2.58,1.0,2.9,-4.8,중립,음봉,잔구간,0.23,-0.51,2026-07-27
NEOV,0.7,2.18,621568,952578,1.36,2.17,0.6,2.3,-0.9,매수관심,팽이도지,완만한상승,0.5,0.9,2026-07-27
ODD,0.7,16.43,438312,598905,7.2,11.81,0.6,2.3,4.6,매수관심,장대양봉,잔구간,0.89,1.235,2026-07-27
OGG,0.7,2.31,990260,1512166,2.29,5.39,0.4,1.3,0.9,강한매수,양봉스프링,완만한상승,0.78,2.74,2026-07-27
ONT,0.7,19.86,346420,499797,6.88,10.49,0.7,0.9,0.1,중립,팽이도지,잔구간,0.68,0.11,2026-07-27
NUAI,0.7,4.775,6040847,9033804,28.85,43.42,0.7,5.3,-5.1,중립,음봉,완만한상승,0.41,0.09,2026-07-27
ILPT,0.7,9.01,330236,507200,2.98,4.35,0.7,0.9,-2.9,매도주의,장대음봉,잔구간,0.12,-1.23,2026-07-27
FOXF,0.7,18.57,317044,427336,5.89,8.99,0.7,1.2,-0.9,중립,음봉,잔구간,0.32,-0.46,2026-07-27
ASM,0.7,5.69,2414277,3541781,13.74,18.91,0.7,2.3,-1.2,강한매수,망치형,완만한상승,0.69,2.13,2026-07-27
JQC,0.7,4.75,463626,629656,2.2,2.89,0.8,0.4,-0.4,중립,음봉,완만한상승,0.17,-0.2,2026-07-27
WNC,0.7,13.22,741695,1087568,9.81,25.36,0.4,0.1,-1.0,중립,팽이도지,잔구간,0.55,0.03,2026-07-27
YMAG,0.7,10.93,784070,1170679,8.57,13.69,0.6,1.2,-1.2,매도주의,장대음봉,전저점부근,0.06,-1.78,2026-07-27
AGNC,0.7,10.64,17827394,23799291,189.68,221.73,0.9,0.6,-0.1,중립,팽이도지,잔구간,0.43,-0.04,2026-07-27
AGEN,0.7,6.13,1234481,1862014,7.57,122.29,0.1,0.2,2.3,매수관심,양봉,완만한상승,0.79,1.95,2026-07-27
AIV,0.7,2.62,800808,1097055,2.1,2.99,0.7,1.5,-2.2,매도주의,장대음봉,잔구간,0.0,-1.3,2026-07-27
AES,0.7,14.83,4319808,6030490,64.06,100.46,0.6,-0.1,0.0,매도주의,위꼬리양봉,잔구간,0.0,-0.8,2026-07-27
XPEV,0.7,12.78,4851955,6807330,62.01,89.32,0.7,2.8,0.9,중립,양봉,잔구간,0.72,0.48,2026-07-27
WULF,0.7,17.98,21726832,31046835,390.65,640.56,0.6,1.2,-3.7,중립,음봉,잔구간,0.38,-0.42,2026-07-27
ADUR,0.7,13.43,460484,627201,6.18,9.97,0.6,3.8,0.2,매수관심,팽이도지,완만한상승,0.49,0.89,2026-07-27
ZSQR,0.7,4.81,327966,460362,1.58,3.59,0.4,0.8,-9.2,매도주의,장대음봉,잔구간,0.05,-1.27,2026-07-27
ZURA,0.7,5.38,384617,559047,2.07,3.66,0.6,1.0,1.9,중립,위꼬리양봉,잔구간,0.27,-0.64,2026-07-27
ZNTL,0.6,4.51,1029574,1653817,4.64,6.78,0.7,0.7,3.4,중립,양봉,잔구간,0.53,0.37,2026-07-27
ELVA,0.6,8.4,447015,783981,3.75,44.18,0.1,1.0,-0.1,중립,팽이도지,잔구간,0.57,0.04,2026-07-27
EQPT,0.6,19.24,3374346,5214678,64.92,75.49,0.9,-2.4,1.7,중립,양봉,잔구간,0.76,0.505,2026-07-27
VIVO,0.6,3.915,557761,1007796,2.18,4.03,0.5,-0.2,-8.1,중립,음봉,수횡파,0.28,-0.36,2026-07-27
ABX,0.6,10.46,358618,566957,3.75,7.08,0.5,-0.1,0.9,매수관심,양봉,수횡파,0.58,1.4,2026-07-27
XXI,0.6,4.53,1660070,2588351,7.52,9.85,0.8,2.4,-2.2,중립,음봉,잔구간,0.07,-0.61,2026-07-27
CODI,0.6,10.04,302972,490260,3.04,6.67,0.5,1.2,-1.1,중립,음봉,완만한상승,0.27,-0.08,2026-07-27
LION,0.6,13.27,1201602,2099163,15.95,36.45,0.4,1.3,-1.8,중립,음봉,수횡파,0.09,-0.59,2026-07-27
ABEV,0.6,3.07,9237756,15948546,28.36,57.07,0.5,-0.3,0.7,매수관심,양봉,완만한상승,0.8,1.96,2026-07-27
ABUS,0.6,4.41,977802,1539067,4.31,7.66,0.6,0.7,0.0,중립,위꼬리양봉,잔구간,0.08,-0.75,2026-07-27
JKS,0.6,15.25,483957,745542,7.38,10.73,0.7,2.2,0.9,중립,팽이도지,잔구간,0.64,0.085,2026-07-27
JMIA,0.6,6.07,1245138,2176544,7.56,11.22,0.7,2.4,1.2,중립,양봉,잔구간,0.48,0.34,2026-07-27
LTRX,0.6,5.46,440052,787597,2.4,4.61,0.5,1.5,1.5,매수관심,양봉,완만한상승,0.81,1.97,2026-07-27
LPTH,0.6,10.92,1771580,2774840,19.35,32.88,0.6,2.1,-1.3,중립,팽이도지,잔구간,0.58,0.05,2026-07-27
SPRY,0.6,5.76,1819888,3025424,10.48,16.87,0.6,1.0,-4.0,중립,음봉,전저점부근,0.32,-0.17,2026-07-27
SPRO,0.6,1.18,1346955,2086129,1.59,5.47,0.3,0.8,-1.7,중립,음봉,잔구간,0.29,-0.475,2026-07-27
ARIS,0.6,14.86,676712,1198536,10.06,20.44,0.5,0.1,1.3,강한매수,양봉스프링,완만한상승,0.84,2.81,2026-07-27
SMCZ,0.6,6.88,1556550,2601677,10.71,20.12,0.5,-4.1,6.2,매수관심,양봉,완만한상승,0.46,1.55,2026-07-27
FNB,0.6,18.84,4526114,7360993,85.27,167.9,0.5,0.9,-2.0,매도주의,장대음봉,잔구간,0.01,-1.295,2026-07-27
SMCX,0.6,8.53,5079809,9027227,43.33,59.54,0.7,4.0,-6.0,중립,음봉,잔구간,0.53,-0.33,2026-07-27
SMCL,0.6,11.763,665784,1196896,7.83,12.15,0.6,3.2,-5.1,중립,음봉,잔구간,0.53,-0.33,2026-07-27
ASTX,0.6,10.72,2782460,5031235,29.83,75.74,0.4,1.9,4.6,중립,양봉,잔구간,0.6,0.41,2026-07-27
SGHC,0.6,14.66,1333149,2068953,19.54,36.74,0.5,2.2,-0.1,매수관심,팽이도지,완만한상승,0.55,0.96,2026-07-27
SGMT,0.6,7.45,544061,845721,4.05,7.34,0.6,0.7,4.6,중립,양봉,잔구간,0.75,0.5,2026-07-27
SG,0.6,6.17,4050431,7120421,24.99,46.8,0.5,1.8,1.0,중립,양봉,잔구간,0.57,0.39,2026-07-27
SDOT,0.6,16.84,448439,792881,7.55,85.62,0.1,5.7,-9.0,중립,음봉,잔구간,0.09,-0.595,2026-07-27
S,0.6,18.14,4638437,7465431,84.14,151.45,0.6,2.3,-2.3,매도주의,장대음봉,잔구간,0.21,-1.175,2026-07-27
SBSW,0.6,8.55,2841040,4852044,24.29,39.56,0.6,1.8,0.5,강한매수,양봉스프링,완만한상승,0.84,2.81,2026-07-27
BBD,0.6,3.64,19450461,32419882,70.8,117.35,0.6,1.1,0.0,매수관심,팽이도지,완만한상승,0.5,0.9,2026-07-27
DX,0.6,12.64,5081438,7920303,64.23,96.69,0.7,0.3,0.0,매도주의,위꼬리양봉,잔구간,0.0,-0.8,2026-07-27
SHOE,0.6,15.11,536673,869047,8.11,15.63,0.5,1.3,2.5,강한매수,장대양봉,완만한상승,0.86,3.33,2026-07-27
SVM,0.6,9.76,1413341,2274702,13.79,24.86,0.6,1.9,-0.6,강한매수,망치형,완만한상승,0.69,2.13,2026-07-27
GAB,0.6,5.62,452056,776667,2.54,6.09,0.4,0.5,0.2,중립,팽이도지,잔구간,0.5,0.0,2026-07-27
GEVO,0.6,1.565,2568009,4500740,4.02,7.73,0.5,0.9,-4.6,중립,음봉,잔구간,0.26,-0.495,2026-07-27
EROC,0.6,10.71,882653,1399110,9.45,16.88,0.6,-1.1,-1.1,중립,팽이도지,잔구간,0.57,0.04,2026-07-27
TETH,0.6,9.725,1280469,2167796,12.45,15.35,0.8,4.7,-0.2,매수관심,팽이도지,완만한상승,0.5,0.9,2026-07-27
TE,0.6,4.9,26835973,44673620,131.5,257.07,0.5,2.8,-4.7,중립,음봉,전저점부근,0.41,-0.06,2026-07-27
TALK,0.6,5.22,672500,1051540,3.51,6.74,0.5,0.2,0.0,매수관심,팽이도지,완만한상승,0.5,0.9,2026-07-27
XNCR,0.6,19.86,942303,1471933,18.71,20.91,0.9,0.2,1.9,매수관심,양봉,완만한상승,0.35,1.42,2026-07-27
ACVA,0.6,8.04,1993826,3204914,16.03,23.35,0.7,1.6,2.4,매수관심,장대양봉,잔구간,0.7,1.12,2026-07-27
XERS,0.6,8.21,873434,1457542,7.17,13.18,0.5,1.0,-2.3,매도주의,장대음봉,잔구간,0.04,-1.275,2026-07-27
ACP,0.6,5.11,460319,735364,2.35,3.27,0.7,-0.4,0.6,매수관심,장대양봉,잔구간,1.0,1.3,2026-07-27
XFOR,0.6,3.94,360034,576806,1.42,2.43,0.6,0.3,2.1,매수관심,양봉,완만한상승,0.67,1.8,2026-07-27
CLPT,0.6,14.6,324536,546862,4.74,8.0,0.6,0.3,3.1,매수관심,장대양봉,잔구간,0.63,1.08,2026-07-27
PFXF,0.6,17.5,480047,787769,8.4,13.79,0.6,0.5,0.1,중립,팽이도지,잔구간,0.52,0.01,2026-07-27
PFLT,0.6,6.97,920602,1417454,6.42,9.32,0.7,0.7,0.9,중립,양봉,잔구간,0.48,0.34,2026-07-27
ESRT,0.6,5.62,860540,1409649,4.84,7.9,0.6,0.9,-1.6,매도주의,장대음봉,잔구간,0.25,-1.15,2026-07-27
DNUT,0.6,3.26,1554939,2596541,5.07,8.46,0.6,1.0,2.5,매수관심,장대양봉,잔구간,0.89,1.235,2026-07-27
TNXP,0.6,10.37,403541,624334,4.18,6.6,0.6,1.2,3.7,강한매수,장대양봉,완만한상승,0.64,3.07,2026-07-27
ARCO,0.6,8.3,660314,1025690,5.48,8.91,0.6,0.7,0.2,매수관심,양봉스프링,잔구간,0.77,0.91,2026-07-27
PALI,0.6,2.03,1431695,2354905,2.91,5.66,0.5,0.5,3.6,강한매수,장대양봉,완만한상승,0.83,3.3,2026-07-27
PATH,0.6,11.62,55700273,99333372,647.24,1242.31,0.5,2.9,4.2,강한매수,장대양봉,완만한상승,0.88,3.36,2026-07-27
HOVR,0.6,1.85,807136,1301105,1.49,2.95,0.5,2.2,1.6,강한매수,양봉스프링,완만한상승,0.77,2.72,2026-07-27
HELP,0.6,7.7,1013492,1673079,7.8,16.06,0.5,2.6,-1.5,중립,음봉,잔구간,0.08,-0.6,2026-07-27
CCUP,0.6,1.535,4539753,8010098,6.97,11.78,0.6,2.9,6.6,강한매수,장대양봉,완만한상승,0.82,3.28,2026-07-27
MRAM,0.6,14.95,755123,1167892,11.29,18.06,0.6,2.5,-3.4,중립,음봉,잔구간,0.36,-0.435,2026-07-27
PPTA,0.6,18.24,716803,1218580,13.07,20.16,0.6,3.1,-0.8,강한매수,망치형,완만한상승,0.82,2.28,2026-07-27
PLTK,0.6,3.88,652966,1102420,2.53,6.72,0.4,0.4,5.0,매수관심,장대양봉,잔구간,0.86,1.215,2026-07-27
QXO,0.6,14.13,12930387,20691231,182.71,341.36,0.5,0.7,2.7,매수관심,장대양봉,잔구간,0.87,1.22,2026-07-27
PHK,0.6,4.63,630325,1090435,2.92,8.07,0.4,0.9,-0.6,중립,음봉,잔구간,0.38,-0.42,2026-07-27
GSOL,0.6,5.74,3106034,5131139,17.83,29.75,0.6,3.4,-0.3,중립,팽이도지,잔구간,0.44,-0.035,2026-07-27
CRCA,0.6,13.11,774187,1257736,10.15,18.04,0.6,3.5,6.6,매수관심,양봉,완만한상승,0.82,1.98,2026-07-27
KSCP,0.6,1.46,1253265,2012149,1.83,5.81,0.3,4.1,-3.3,중립,음봉,잔구간,0.13,-0.57,2026-07-27
AIOT,0.6,3.84,666225,1075116,2.56,4.39,0.6,0.8,2.1,매수관심,장대양봉,잔구간,0.88,1.23,2026-07-27
NXE,0.6,9.32,2943525,4931116,27.43,43.04,0.6,1.8,0.2,중립,팽이도지,잔구간,0.53,0.02,2026-07-27
NNBR,0.6,3.54,960491,1586356,3.4,5.76,0.6,2.0,-1.7,중립,음봉,완만한상승,0.27,-0.08,2026-07-27
COTY,0.6,2.72,6653410,10551244,18.1,26.53,0.7,1.1,1.5,강한매수,양봉,완만한상승,0.89,2.07,2026-07-27
OSS,0.6,12.61,719521,1157044,9.07,15.04,0.6,3.0,-1.9,중립,음봉,완만한상승,0.45,0.14,2026-07-27
ORLA,0.6,9.49,2767682,4732926,26.27,31.05,0.8,2.1,0.4,매수관심,팽이도지,완만한상승,0.69,1.13,2026-07-27
ORGO,0.6,2.55,410975,641372,1.05,1.98,0.5,0.8,5.8,매수관심,장대양봉,잔구간,0.76,1.155,2026-07-27
KULR,0.5,2.63,633176,1214807,1.67,3.67,0.5,2.8,1.5,강한매수,양봉,완만한상승,0.84,2.01,2026-07-27
CLBK,0.5,10.85,6553933,12601591,71.11,163.62,0.4,-0.4,0.1,중립,팽이도지,전저점부근,0.4,0.63,2026-07-27
LASE,0.5,1.06,2098475,3913953,2.22,5.97,0.4,-1.9,0.0,중립,팽이도지,잔구간,0.27,-0.14,2026-07-27
LCID,0.5,6.5,8019893,14860206,52.13,218.72,0.2,-0.2,3.3,중립,양봉,잔구간,0.57,0.39,2026-07-27
NFXL,0.5,14.86,746141,1638259,11.09,32.77,0.3,1.2,-0.3,중립,팽이도지,완만한상승,0.3,0.66,2026-07-27
MRLN,0.5,3.74,918321,1783949,3.43,6.08,0.6,0.9,6.9,매수관심,장대양봉,잔구간,0.84,1.205,2026-07-27
EVMN,0.5,11.47,316457,594301,3.63,7.2,0.5,0.8,0.2,중립,팽이도지,완만한상승,0.33,0.7,2026-07-27
IRD,0.5,3.35,538747,1030291,1.8,3.04,0.6,0.0,8.8,매수관심,장대양봉,잔구간,0.9,1.24,2026-07-27
LUNL,0.5,3.49,662044,1238868,2.31,4.83,0.5,2.1,3.3,매수관심,양봉,완만한상승,0.54,1.65,2026-07-27
VLRS,0.5,7.81,454853,877226,3.55,5.37,0.7,3.5,-1.0,중립,음봉,완만한상승,0.48,0.18,2026-07-27
SRXH,0.5,1.59,1226519,2243641,1.95,10.68,0.2,-1.7,-10.2,강한매도,장대음봉,전저점이탈,0.0,-3.35,2026-07-27
ARRY,0.5,5.51,4112089,7504409,22.66,39.81,0.6,1.2,2.3,중립,양봉,잔구간,0.81,0.535,2026-07-27
SRAD,0.5,14.68,967724,1979512,14.21,31.02,0.5,1.8,0.9,매수관심,양봉,완만한상승,0.47,1.56,2026-07-27
GBTG,0.5,9.41,793591,1444507,7.47,13.14,0.6,0.1,-0.1,중립,음봉,완만한상승,0.0,-0.4,2026-07-27
BATL,0.5,1.46,8922092,16637725,13.03,34.58,0.4,-9.8,-0.7,중립,망치형,전저점이탈,0.6,0.37,2026-07-27
GCMG,0.5,12.52,407209,788295,5.1,9.46,0.5,0.1,2.5,중립,양봉,잔구간,0.83,0.55,2026-07-27
PLAY,0.5,10.43,781320,1692538,8.15,15.9,0.5,3.1,2.5,매수관심,장대양봉,잔구간,0.99,1.295,2026-07-27
CWK,0.5,13.12,1236968,2384900,16.23,30.75,0.5,1.3,1.8,중립,양봉,잔구간,0.53,0.37,2026-07-27
GORO,0.5,2.15,1857772,3448974,3.99,12.49,0.3,1.5,5.9,중립,양봉,잔구간,0.86,0.565,2026-07-27
TBPH,0.5,16.86,395411,768961,6.67,11.41,0.6,0.1,-0.1,매도주의,위꼬리음봉,완만한상승,0.0,-1.2,2026-07-27
RLX,0.5,2.04,536777,1023648,1.1,3.01,0.4,0.5,0.0,매수관심,팽이도지,완만한상승,0.6,1.02,2026-07-27
FULC,0.5,3.73,589764,1126149,2.2,5.14,0.4,1.1,-0.8,중립,음봉,완만한상승,0.27,-0.08,2026-07-27
MORT,0.5,9.73,663875,1470452,6.46,14.29,0.5,0.5,-0.4,중립,음봉,잔구간,0.0,-0.65,2026-07-27
MAX,0.5,13.57,578766,1271220,7.85,17.28,0.5,1.8,1.5,강한매수,양봉,완만한상승,0.9,2.08,2026-07-27
NU,0.5,14.53,68244245,129715289,991.59,2011.57,0.5,1.1,2.0,매수관심,장대양봉,전고점부근,0.66,1.74,2026-07-27
NNDM,0.5,1.48,1365538,2908280,2.02,5.36,0.4,0.0,0.7,중립,위꼬리양봉,잔구간,0.5,-0.5,2026-07-27
NOMD,0.5,11.92,749480,1467337,8.93,16.26,0.5,0.0,1.7,강한매수,장대양봉,완만한상승,0.73,3.18,2026-07-27
RGP,0.5,3.88,392126,848372,1.52,3.56,0.4,0.0,2.9,중립,양봉,잔구간,0.75,0.5,2026-07-27
RDWU,0.5,4.81,644292,1184797,3.1,6.26,0.5,2.8,0.2,중립,팽이도지,완만한상승,0.36,0.73,2026-07-27
CRCD,0.5,5.5,533177,1184158,2.93,8.7,0.3,-5.1,-5.3,중립,음봉,잔구간,0.16,-0.555,2026-07-27
IBX,0.5,15.15,694550,1475778,10.52,48.09,0.2,2.5,-1.1,매도주의,위꼬리음봉,완만한상승,0.14,-1.03,2026-07-27
IE,0.5,9.26,1140285,2395215,10.56,20.91,0.5,1.5,0.7,매수관심,양봉스프링,잔구간,0.83,0.95,2026-07-27
ASTN,0.4,7.03,998273,2551656,7.02,19.41,0.4,-2.5,-5.1,중립,음봉,잔구간,0.38,-0.42,2026-07-27
ZCMD,0.4,1.23,3616634,8977110,4.45,63.57,0.1,-3.6,-8.9,매도주의,장대음봉,전저점부근,0.33,-1.45,2026-07-27
UTZ,0.4,14.08,2446932,6234934,34.45,144.53,0.2,0.0,-0.1,매도주의,음봉,전고점부근,0.0,-1.75,2026-07-27
RLMD,0.4,5.2,899009,2089524,4.67,10.36,0.5,-0.2,0.6,중립,팽이도지,잔구간,0.41,-0.055,2026-07-27
BCAR,0.4,7.79,338759,757310,2.64,10.65,0.2,-2.4,-22.9,강한매도,장대음봉,전저점이탈,0.11,-3.22,2026-07-27
LITZ,0.4,18.79,426277,972222,8.01,14.94,0.5,-1.3,14.4,매수관심,장대양봉,잔구간,0.81,1.185,2026-07-27
AVEX,0.4,15.11,758608,1887749,11.46,40.57,0.3,0.8,4.9,강한매수,장대양봉,완만한상승,0.86,3.33,2026-07-27
STIM,0.4,1.81,810291,1993780,1.47,5.92,0.2,2.9,1.7,매수관심,양봉스프링,잔구간,0.8,0.93,2026-07-27
ONDS,0.4,8.02,66469828,181729180,533.09,1092.21,0.5,1.5,1.3,매수관심,팽이도지,완만한상승,0.7,1.14,2026-07-27
IKT,0.4,2.35,513872,1210196,1.21,2.98,0.4,1.3,-0.4,매수관심,팽이도지,완만한상승,0.47,0.86,2026-07-27
TIC,0.4,7.27,1140794,2619333,8.29,15.47,0.5,0.3,1.7,매수관심,양봉,완만한상승,0.48,1.58,2026-07-27
BSIN,0.4,1.2,986219,2227800,1.18,2.97,0.4,-2.3,-4.0,강한매도,장대음봉,전저점이탈,0.14,-3.18,2026-07-27
GPRO,0.4,0.69,1800730,4540842,1.24,3.17,0.4,2.5,0.7,매수관심,팽이도지,완만한상승,0.56,0.97,2026-07-27
OPEN,0.4,3.85,34820055,84751972,134.06,399.76,0.3,0.4,0.0,중립,팽이도지,잔구간,0.31,-0.115,2026-07-27
FATE,0.4,2.43,564084,1477843,1.37,6.63,0.2,3.3,-2.4,중립,음봉,완만한상승,0.31,-0.03,2026-07-27
HAWK,0.4,19.78,491626,1177350,9.72,21.85,0.4,2.0,0.1,매수관심,팽이도지,완만한상승,0.53,0.94,2026-07-27
VIVK,0.3,2.1,4498157,14400522,9.45,76.06,0.1,-17.9,-12.1,매도주의,장대음봉,잔구간,0.26,-1.145,2026-07-27
SKYQ,0.3,3.85,3928452,13458479,15.12,57.03,0.3,-10.9,-8.1,중립,음봉,잔구간,0.44,-0.385,2026-07-27
AEHL,0.3,0.649,4890311,16514637,3.17,12.67,0.3,6.1,13.9,중립,양봉,잔구간,0.52,0.36,2026-07-27
BITO,0.3,8.78,130160236,401650480,1142.81,3462.99,0.3,1.0,-0.1,중립,팽이도지,잔구간,0.33,-0.1,2026-07-27
CPHI,0.2,1.23,1200121,7113013,1.48,91.73,0.0,-7.2,-12.8,매도주의,장대음봉,전저점부근,0.24,-1.56,2026-07-27
CJMB,0.2,2.7,2133085,10112714,5.76,20.02,0.3,0.4,5.5,중립,위꼬리양봉,완만한상승,0.37,-0.26,2026-07-27
ADVB,0.1,14.36,456906,8352633,6.56,115.07,0.1,-11.2,-14.8,중립,음봉,잔구간,0.02,-0.64,2026-07-27
ZYBT,0.1,1.53,797979,13059513,1.22,148.32,0.0,-6.1,-5.8,중립,망치형,잔구간,0.67,0.6,2026-07-27
