ticker,ratio,latest_close,latest_volume,baseline_volume,dollar_volume_M,avg_dollar_vol_10d_M,dollar_surge_x,signal_gap_%,intraday_chg_%,candle_signal,candle_shape,candle_pos,close_pos,candle_score,latest_date
JZ,1584.7,0.834,287295348,181290,239.49,1.31,183.5,23.7,43.4,강한매수,양봉,전고점돌파,0.44,2.13,2026-10-08
OLB,1103.0,0.549,405698079,367820,222.73,34.74,6.4,31.7,7.7,중립,위꼬리양봉,전고점돌파,0.38,0.36,2026-10-08
XELB,385.2,0.64,19925023,51720,12.75,0.05,253.9,0.5,20.8,중립,양봉,잔구간,0.51,0.355,2026-10-08
BIAF,267.9,5.64,35253385,131591,198.83,1.33,149.6,3.1,-11.2,강한매도,위꼬리음봉,전저점이탈,0.04,-2.8,2026-10-08
DKI,170.4,0.746,78842853,462808,58.79,9.13,6.4,-18.0,-45.6,강한매도,장대음봉,전저점이탈,0.13,-3.19,2026-10-08
CPHI,167.9,0.96,20042792,119381,19.24,5.99,3.2,-9.6,25.0,매수관심,양봉,완만한상승,0.49,1.59,2026-10-08
RDHL,141.2,0.578,15754281,111550,9.11,0.07,126.0,5.3,15.8,강한매수,양봉,전고점돌파,0.56,2.27,2026-10-08
SBFM,103.9,0.43,118466343,1139854,50.94,12.78,4.0,-32.7,-8.7,중립,음봉,잔구간,0.55,-0.32,2026-10-08
ONCO,82.8,0.654,46898555,566656,30.69,8.68,3.5,3.8,5.6,중립,위꼬리양봉,잔구간,0.21,-0.675,2026-10-08
SXTC,75.0,0.344,64912362,865190,22.3,43.48,0.5,-83.7,-25.3,강한매도,장대음봉,전저점이탈,0.22,-3.09,2026-10-08
QNME,69.3,0.829,68455079,988319,56.75,2.33,24.4,2.5,39.8,강한매수,장대양봉,전고점돌파,0.71,3.75,2026-10-08
IPW,65.2,0.92,43913093,673516,40.41,1.06,38.1,25.5,-29.5,강한매도,음봉,전저점이탈,0.0,-2.05,2026-10-08
KAPA,65.2,0.96,5820744,89300,5.59,1.35,4.1,6.9,3.2,중립,위꼬리양봉,잔구간,0.13,-0.72,2026-10-08
HXHX,44.0,0.335,28373875,645049,9.51,1.28,7.4,2.1,1.8,중립,위꼬리양봉,잔구간,0.26,-0.645,2026-10-08
CDTG,43.8,1.24,2776463,63363,3.44,0.15,22.6,0.0,14.8,중립,양봉,잔구간,0.58,0.4,2026-10-08
MEDS,21.6,3.4,14057956,649577,47.8,28.82,1.7,8.7,8.6,중립,양봉,잔구간,0.63,0.43,2026-10-08
PROF,20.5,6.91,2974335,144999,20.55,0.93,22.0,14.4,6.3,강한매수,양봉,전고점돌파,0.99,2.79,2026-10-08
DTI,18.1,2.01,998174,55119,2.01,0.2,10.1,0.0,-14.8,강한매도,장대음봉,전저점이탈,0.1,-3.23,2026-10-08
USLV,17.0,13.04,1135078,66727,14.8,1.32,11.2,-1.4,-0.1,중립,망치형,전저점이탈,0.83,0.65,2026-10-08
CRBU,16.0,0.481,19343998,1206720,9.31,3.88,2.4,-3.8,-19.0,강한매도,장대음봉,전저점이탈,0.21,-3.1,2026-10-08
PRZO,12.6,0.668,2688069,214142,1.8,0.15,12.2,0.3,7.6,강한매수,양봉,전고점돌파,0.37,2.04,2026-10-08
HYPR,12.4,0.94,11058979,894214,10.4,0.57,18.2,16.6,-5.0,매도주의,음봉,전고점부근,0.64,-0.98,2026-10-08
MTEN,11.7,1.02,1900551,161907,1.94,8.21,0.2,-0.9,-6.4,중립,음봉,잔구간,0.14,-0.565,2026-10-08
AEXA,10.6,10.83,567566,53594,6.15,0.93,6.6,-0.6,0.4,중립,양봉,잔구간,0.56,0.385,2026-10-08
NCT,10.6,1.65,8298542,783413,13.69,1.76,7.8,-5.9,15.4,중립,위꼬리양봉,완만한상승,0.28,-0.36,2026-10-08
ANL,10.1,15.51,985260,97414,15.28,1.91,8.0,-1.3,11.8,매수관심,장대양봉,잔구간,0.76,1.155,2026-10-08
IMC,9.7,7.15,572058,59153,4.09,0.46,8.9,0.6,1.9,중립,위꼬리양봉,잔구간,0.3,-0.62,2026-10-08
GFUZ,8.6,8.71,673477,78655,5.87,0.72,8.1,13.8,0.7,매수관심,팽이도지,전고점돌파,0.73,1.78,2026-10-08
AIXI,8.0,1.93,58755993,7300255,113.4,28.33,4.0,59.8,-8.5,매도주의,위꼬리음봉,잔구간,0.14,-0.965,2026-10-08
BYRN,7.9,4.73,2741736,347528,12.97,1.33,9.7,-9.1,28.5,강한매수,장대양봉,전고점돌파,1.0,4.1,2026-10-08
INLF,7.5,3.22,537001,71285,1.73,28.91,0.1,-2.4,-1.2,중립,팽이도지,전저점이탈,0.53,-0.71,2026-10-08
KOYN,7.3,10.26,643717,88170,6.6,2.29,2.9,0.1,-0.1,중립,음봉,완만한상승,0.44,0.13,2026-10-08
GFR,6.6,6.26,3366250,512742,21.07,4.07,5.2,1.8,0.2,매수관심,팽이도지,완만한상승,0.58,1.0,2026-10-08
ATII,6.3,10.7,469725,74068,5.03,5.44,0.9,-0.1,0.1,강한매수,양봉,완만한상승,1.0,2.2,2026-10-08
RELL,5.9,19.97,1099486,185488,21.96,5.19,4.2,0.5,-0.7,중립,팽이도지,잔구간,0.38,-0.07,2026-10-08
MVIS,5.7,1.31,4603702,802886,6.03,1.97,3.1,-10.5,-3.7,강한매도,장대음봉,전저점이탈,0.13,-3.19,2026-10-08
RGP,5.5,2.99,1701994,311446,5.09,1.5,3.4,-18.2,-2.3,강한매도,위꼬리음봉,전저점이탈,0.25,-2.55,2026-10-08
QPUX,5.4,10.19,931580,173590,9.49,2.29,4.1,-2.5,-9.4,강한매도,장대음봉,전저점이탈,0.27,-3.03,2026-10-08
KURE,5.2,18.64,482459,93182,8.99,1.34,6.7,-1.8,-0.7,매도주의,음봉,전저점이탈,0.65,-1.27,2026-10-08
BAK,5.2,1.82,6091337,1173908,11.09,2.45,4.5,-5.1,8.3,매수관심,장대양봉,전고점부근,0.7,1.79,2026-10-08
LZM,5.1,3.33,1745619,344740,5.81,1.42,4.1,-2.1,-9.0,강한매도,장대음봉,전저점이탈,0.26,-3.04,2026-10-08
ARQQ,5.1,18.43,832285,163700,15.34,4.84,3.2,-1.8,-16.8,강한매도,장대음봉,전저점이탈,0.13,-3.19,2026-10-08
LQTI,5.0,18.04,418305,83191,7.55,3.4,2.2,0.1,0.4,매수관심,장대양봉,잔구간,1.0,1.3,2026-10-08
SPAI,4.9,4.265,429735,88594,1.83,3.13,0.6,-3.6,-6.1,중립,음봉,잔구간,0.08,-0.6,2026-10-08
AFYA,4.6,14.15,1500771,329513,21.24,7.86,2.7,0.2,1.6,강한매수,양봉,완만한상승,0.97,2.16,2026-10-08
CABO,4.6,15.38,2613568,562707,40.2,7.61,5.3,-0.9,17.5,강한매수,양봉,전고점돌파,0.83,2.6,2026-10-08
SWIM,4.5,6.06,2825561,622339,17.12,4.56,3.8,-4.9,0.0,매수관심,양봉스프링,잔구간,0.83,0.95,2026-10-08
GCDT,4.3,0.566,3252154,761840,1.84,7.63,0.2,-21.2,-1.1,매수관심,팽이도지,전저점부근,0.66,0.94,2026-10-08
BOEG,4.3,9.466,923626,216125,8.74,1.87,4.7,-2.6,2.0,매수관심,장대양봉,잔구간,0.99,1.295,2026-10-08
HLLY,4.2,2.44,3446051,815518,8.41,2.55,3.3,-0.8,4.3,매수관심,양봉,완만한상승,0.81,1.97,2026-10-08
TAOX,4.2,3.81,608247,145769,2.32,0.75,3.1,-1.5,-2.3,중립,망치형,전저점이탈,0.71,0.5,2026-10-08
SOAR,4.2,0.308,85344166,20281644,26.31,44.57,0.6,13.3,-0.7,중립,팽이도지,잔구간,0.51,0.005,2026-10-08
GMEX,4.2,1.94,777454,184460,1.51,0.83,1.8,-0.8,-26.5,강한매도,장대음봉,전저점이탈,0.26,-3.04,2026-10-08
ADCT,4.2,1.59,5552486,1336692,8.83,1.56,5.7,-0.7,12.8,강한매수,양봉,전고점돌파,0.87,2.64,2026-10-08
REI,4.1,1.35,7104303,1736086,9.59,2.7,3.6,2.3,-0.7,매수관심,팽이도지,완만한상승,0.5,0.9,2026-10-08
ETHT,4.0,16.24,4643682,1175312,75.41,23.8,3.2,-3.0,-5.7,매도주의,음봉,전저점이탈,0.44,-1.52,2026-10-08
ANGO,4.0,11.23,3065522,766354,34.43,11.28,3.1,-6.8,-15.1,강한매도,장대음봉,전저점이탈,0.06,-3.28,2026-10-08
MOBX,3.9,1.13,12395803,3164713,14.01,16.93,0.8,2.8,-11.4,매도주의,장대음봉,잔구간,0.27,-1.14,2026-10-08
LEVI,3.8,19.05,13702682,3576842,261.04,88.36,3.0,-2.6,0.3,중립,팽이도지,전저점이탈,0.58,-0.65,2026-10-08
PLTZ,3.8,7.02,9118557,2390705,64.01,20.59,3.1,-5.3,0.6,중립,팽이도지,전저점이탈,0.65,-0.57,2026-10-08
WWR,3.7,0.455,2451321,661708,1.11,0.33,3.4,0.5,-4.8,매도주의,음봉,전저점이탈,0.61,-1.32,2026-10-08
CRGY,3.6,13.01,15308346,4235461,199.16,60.01,3.3,-2.0,-1.4,중립,팽이도지,잔구간,0.44,-0.035,2026-10-08
GEVX,3.5,18.95,616899,175009,11.69,3.22,3.6,-3.2,3.4,매수관심,양봉,완만한상승,0.5,1.6,2026-10-08
EQPT,3.4,15.66,10806336,3190358,169.23,66.43,2.5,-1.3,-10.3,매도주의,음봉,전저점이탈,0.44,-1.52,2026-10-08
CD,3.4,10.91,709792,209716,7.74,1.53,5.1,-2.0,9.6,강한매수,양봉,전고점돌파,0.52,2.22,2026-10-08
FUMB,3.4,19.89,912782,268028,18.16,5.17,3.5,0.1,-0.3,중립,음봉,잔구간,0.0,-0.65,2026-10-08
FTCB,3.4,19.82,3539028,1042155,70.14,24.65,2.8,0.1,0.6,매수관심,장대양봉,잔구간,1.0,1.3,2026-10-08
LGO,3.4,0.459,3047935,902407,1.4,0.98,1.4,0.0,0.1,중립,팽이도지,잔구간,0.44,-0.035,2026-10-08
FTMS,3.3,9.715,647366,199068,6.29,2.1,3.0,0.4,-0.2,중립,음봉,완만한상승,0.57,0.28,2026-10-08
AVO,3.3,11.79,2730798,837384,32.2,11.41,2.8,0.1,-5.8,매도주의,음봉,전저점이탈,0.55,-1.39,2026-10-08
MMED,3.3,19.8,23336348,7157334,462.06,131.0,3.5,-0.2,3.8,강한매수,장대양봉,완만한상승,0.97,3.46,2026-10-08
WHLR,3.3,0.698,5991752,1804712,4.18,11.08,0.4,1.6,-0.3,중립,팽이도지,전저점부근,0.47,0.71,2026-10-08
HNRG,3.3,14.5,2618193,805175,37.96,10.54,3.6,8.1,-1.8,매도주의,위꼬리음봉,잔구간,0.14,-0.965,2026-10-08
EWZS,3.3,16.33,3396881,1029779,55.47,21.49,2.6,0.3,2.2,중립,양봉,전고점부근,0.7,0.49,2026-10-08
AVBP,3.3,16.71,2155841,652123,36.02,52.81,0.7,-1.6,0.5,매수관심,양봉스프링,잔구간,0.82,0.94,2026-10-08
JDZG,3.3,5.63,1799579,545893,10.13,5.64,1.8,0.0,1.8,강한매도,위꼬리양봉,전고점부근,0.38,-2.59,2026-10-08
PSO,3.2,16.63,1751089,543733,29.12,8.58,3.4,2.0,-0.7,강한매수,망치형,전고점돌파,0.63,2.66,2026-10-08
IMRX,3.2,3.74,1922516,592882,7.19,2.49,2.9,-0.8,-2.3,중립,음봉,전저점부근,0.61,0.18,2026-10-08
ACET,3.1,5.74,487862,158875,2.8,3.37,0.8,-0.3,-6.8,강한매도,장대음봉,전저점이탈,0.31,-2.98,2026-10-08
FINV,3.1,3.14,1380239,442236,4.33,1.55,2.8,1.7,5.4,강한매수,장대양봉,전고점돌파,1.0,4.1,2026-10-08
IFN,3.1,10.28,596075,194685,6.13,2.27,2.7,-0.8,-0.6,중립,망치형,전저점이탈,0.59,0.36,2026-10-08
UPB,3.1,4.55,2857189,932461,13.0,4.0,3.2,-1.7,0.4,중립,팽이도지,잔구간,0.65,0.09,2026-10-08
AIIO,3.0,1.11,1545440,522028,1.72,3.98,0.4,-2.3,4.2,중립,양봉,잔구간,0.45,0.32,2026-10-08
GRRR,3.0,11.94,1759993,595330,21.01,7.06,3.0,-1.6,3.2,중립,양봉,잔구간,0.91,0.595,2026-10-08
AARD,3.0,4.71,315971,104976,1.49,0.52,2.9,-3.8,-1.3,중립,팽이도지,잔구간,0.27,-0.14,2026-10-08
LOFD,3.0,5.365,592012,195838,3.18,0.76,4.2,1.6,6.9,매수관심,장대양봉,잔구간,0.97,1.28,2026-10-08
BLNK,2.9,0.477,3007584,1037074,1.44,0.55,2.6,-0.8,-5.7,강한매도,장대음봉,전저점이탈,0.18,-3.13,2026-10-08
MINE,2.9,2.53,511689,177810,1.29,0.56,2.3,-0.4,1.2,매수관심,팽이도지,완만한상승,0.7,1.14,2026-10-08
INV,2.9,0.303,13066271,4488693,3.96,3.04,1.3,-3.2,16.7,강한매수,장대양봉,완만한상승,0.84,3.31,2026-10-08
TUA,2.8,19.3,389858,138947,7.52,4.35,1.7,-0.5,0.5,매수관심,장대양봉,전고점부근,0.73,1.83,2026-10-08
JPMpK,2.8,16.75,932373,337628,15.62,6.0,2.6,-0.4,0.7,매수관심,장대양봉,잔구간,1.0,1.3,2026-10-08
RIOX,2.8,15.79,488601,175662,7.72,4.96,1.6,-3.2,-15.7,강한매도,장대음봉,전저점이탈,0.25,-3.05,2026-10-08
BNC,2.8,5.1,2035543,720799,10.38,5.0,2.1,-5.4,-2.9,매도주의,음봉,전저점이탈,0.39,-1.58,2026-10-08
STRO,2.8,15.32,499983,179859,7.66,3.38,2.3,-1.4,5.9,중립,양봉,잔구간,0.51,0.355,2026-10-08
WRD,2.7,4.51,6880481,2585719,31.03,16.33,1.9,-4.2,-5.1,강한매도,장대음봉,전저점이탈,0.08,-3.25,2026-10-08
MYI,2.7,9.47,2398962,888319,22.72,10.39,2.2,0.4,-0.4,강한매수,망치형,완만한상승,0.59,2.01,2026-10-08
URNJ,2.7,19.21,1098346,410478,21.1,8.69,2.4,-1.6,-3.3,매도주의,음봉,전저점이탈,0.24,-1.76,2026-10-08
BLOX,2.7,12.89,861285,315123,11.1,4.66,2.4,-0.4,-2.3,매도주의,음봉,전저점이탈,0.46,-1.5,2026-10-08
WEAV,2.7,7.39,2139531,788101,15.81,8.53,1.9,0.1,0.1,중립,위꼬리양봉,완만한상승,0.44,-0.17,2026-10-08
EDIT,2.7,2.84,6067650,2213903,17.23,6.13,2.8,1.5,1.8,매수관심,팽이도지,완만한상승,0.59,1.01,2026-10-08
ELVA,2.7,5.79,749671,273956,4.34,2.0,2.2,-2.0,-7.2,강한매도,장대음봉,전저점이탈,0.04,-3.3,2026-10-08
PLTD,2.6,4.5,52554660,20125276,236.5,91.35,2.6,-2.4,0.0,중립,팽이도지,전저점이탈,0.61,-0.62,2026-10-08
IFRX,2.6,1.53,1141896,441257,1.75,0.8,2.2,-0.6,-1.3,매도주의,팽이도지,전저점이탈,0.46,-0.8,2026-10-08
GLAS,2.6,4.41,4904745,1880507,21.63,12.22,1.8,-0.6,-13.5,강한매도,장대음봉,전저점이탈,0.22,-3.09,2026-10-08
CWVX,2.6,13.12,2800049,1058038,36.74,19.44,1.9,-3.6,-12.6,강한매도,장대음봉,전저점이탈,0.14,-3.18,2026-10-08
EOSU,2.6,3.56,801635,310627,2.85,2.32,1.2,-1.8,-19.5,강한매도,장대음봉,전저점이탈,0.15,-3.17,2026-10-08
FSIG,2.6,18.47,1104182,432804,20.39,12.36,1.7,0.1,0.3,강한매수,장대양봉,전고점돌파,1.0,4.1,2026-10-08
GMEU,2.5,9.44,2118429,834953,20.0,8.2,2.4,-3.9,10.0,강한매수,장대양봉,완만한상승,0.69,3.13,2026-10-08
AMBP,2.5,4.46,4103376,1645377,18.3,6.37,2.9,-0.7,2.1,강한매수,장대양봉,완만한상승,0.92,3.4,2026-10-08
LOVE,2.5,14.59,404788,158989,5.91,2.94,2.0,-0.7,2.6,매수관심,장대양봉,잔구간,0.89,1.235,2026-10-08
ORBS,2.5,0.913,30553555,12421723,27.89,16.94,1.6,-1.9,-10.5,강한매도,장대음봉,전저점이탈,0.23,-3.07,2026-10-08
TALO,2.5,16.95,4509842,1827398,76.44,31.3,2.4,2.8,-1.0,중립,음봉,완만한상승,0.43,0.12,2026-10-08
ALEC,2.5,2.02,6453307,2571819,13.04,21.69,0.6,-1.0,6.3,강한매수,장대양봉,완만한상승,0.78,3.24,2026-10-08
NUAI,2.5,4.83,17292588,6875007,83.52,48.42,1.7,1.3,-13.7,강한매도,장대음봉,전저점이탈,0.06,-3.28,2026-10-08
SECZ,2.5,12.66,8015539,3256665,101.48,68.52,1.5,2.1,8.8,중립,양봉,잔구간,0.92,0.6,2026-10-08
AURA,2.4,6.505,1692188,700589,11.01,5.45,2.0,-0.8,1.5,매수관심,양봉,완만한상승,0.58,1.7,2026-10-08
NN,2.4,11.6,6955598,2858611,80.68,38.66,2.1,-0.6,-8.2,매도주의,음봉,전저점이탈,0.43,-1.53,2026-10-08
ORCU,2.4,6.36,11223941,4774773,71.38,44.65,1.6,-2.2,-9.0,매도주의,장대음봉,잔구간,0.12,-1.23,2026-10-08
KC,2.4,8.74,1994771,827918,17.43,9.69,1.8,-1.7,-3.6,강한매도,장대음봉,전저점이탈,0.29,-3.0,2026-10-08
CLSX,2.3,8.34,923399,396287,7.7,4.46,1.7,-4.4,-11.4,강한매도,장대음봉,전저점이탈,0.28,-3.01,2026-10-08
FIP,2.3,2.66,2594749,1124699,6.9,3.5,2.0,-1.4,-5.0,매도주의,장대음봉,잔구간,0.18,-1.19,2026-10-08
RZLV,2.3,1.9,24880216,10928755,47.27,23.63,2.0,-1.0,-7.8,강한매도,장대음봉,전저점이탈,0.2,-3.11,2026-10-08
BOE,2.3,11.7,340475,149115,3.98,2.2,1.8,0.7,-0.5,중립,음봉,잔구간,0.47,-0.37,2026-10-08
OCGN,2.3,0.977,12022935,5257485,11.75,6.03,1.9,1.0,-3.2,강한매도,장대음봉,전저점이탈,0.35,-2.93,2026-10-08
SOC,2.3,3.86,14774700,6416975,57.03,30.82,1.9,3.0,2.1,중립,위꼬리양봉,전고점돌파,0.38,0.36,2026-10-08
PFFD,2.3,17.48,2599499,1145066,45.44,26.11,1.7,-0.3,0.3,중립,양봉,잔구간,1.0,0.65,2026-10-08
GSIT,2.3,4.925,772233,332866,3.8,1.79,2.1,-1.5,-7.1,강한매도,장대음봉,전저점이탈,0.06,-3.28,2026-10-08
SPSK,2.3,17.47,395269,172091,6.91,4.51,1.5,-0.1,0.3,강한매수,양봉,전고점돌파,0.96,2.75,2026-10-08
BULL,2.3,5.95,21439722,9207113,127.57,110.72,1.2,-1.2,2.2,매수관심,양봉,완만한상승,0.77,1.92,2026-10-08
HAPN,2.3,15.33,3464770,1475818,53.11,27.54,1.9,-1.5,2.6,매수관심,장대양봉,잔구간,0.94,1.265,2026-10-08
PRMB,2.3,19.34,8201119,3576663,158.61,80.17,2.0,0.9,0.8,강한매수,양봉스프링,완만한상승,0.91,2.89,2026-10-08
FULC,2.3,3.75,2631694,1144876,9.87,5.47,1.8,-0.3,2.5,강한매수,장대양봉,완만한상승,0.78,3.24,2026-10-08
FTNY,2.3,7.28,1048675,463734,7.63,3.06,2.5,0.0,0.1,강한매수,양봉스프링,완만한상승,1.0,3.0,2026-10-08
TDUP,2.3,2.35,3024487,1335918,7.11,3.29,2.2,0.0,5.9,강한매수,장대양봉,전고점돌파,0.9,3.98,2026-10-08
RYLD,2.3,15.5,928678,409279,14.39,7.55,1.9,-0.1,0.1,강한매수,양봉스프링,완만한상승,0.88,2.86,2026-10-08
XNDX,2.3,1.1,1794314,781336,1.97,1.46,1.4,-2.2,-16.7,강한매도,장대음봉,전저점이탈,0.21,-3.1,2026-10-08
REZI,2.3,17.2,4343856,1899304,74.71,33.13,2.3,-1.2,-0.9,중립,팽이도지,전저점부근,0.52,0.77,2026-10-08
HIMX,2.2,13.26,2200271,1010915,29.18,13.67,2.1,-2.3,-3.6,매도주의,음봉,전저점이탈,0.36,-1.62,2026-10-08
VKI,2.2,7.53,904592,410322,6.81,3.14,2.2,0.1,-1.6,중립,음봉,잔구간,0.36,-0.435,2026-10-08
CGC,2.2,0.847,4170860,1883837,3.53,1.7,2.1,-0.6,-2.8,매도주의,음봉,전저점이탈,0.53,-1.41,2026-10-08
TLRY,2.2,3.59,9305889,4250039,33.41,15.83,2.1,-6.1,2.9,중립,양봉,잔구간,0.73,0.49,2026-10-08
TRVI,2.2,12.825,6353173,2935496,81.48,36.99,2.2,-1.4,-1.0,중립,팽이도지,전저점부근,0.52,0.77,2026-10-08
HUTG,2.2,10.42,432906,199494,4.51,2.26,2.0,-5.6,-16.6,강한매도,장대음봉,전저점이탈,0.17,-3.15,2026-10-08
GSOL,2.2,8.25,4096751,1833752,33.8,21.8,1.6,-3.1,-2.7,매도주의,음봉,전저점이탈,0.49,-1.46,2026-10-08
XRPZ,2.2,14.88,1895852,867969,28.21,12.91,2.2,-1.6,-1.8,중립,망치형,전저점이탈,0.59,0.36,2026-10-08
VRA,2.2,5.08,929456,431631,4.72,1.93,2.4,3.2,-1.2,중립,팽이도지,완만한상승,0.29,0.65,2026-10-08
ARIS,2.2,16.76,2977316,1362934,49.9,29.5,1.7,-1.9,0.3,매수관심,양봉스프링,잔구간,0.92,1.0,2026-10-08
NTLA,2.2,12.6,13974130,6383318,176.07,66.01,2.7,1.6,5.9,강한매수,장대양봉,완만한상승,0.95,3.44,2026-10-08
CNTN,2.2,2.08,1351279,621440,2.81,1.86,1.5,-2.2,-5.9,강한매도,장대음봉,전저점이탈,0.16,-3.16,2026-10-08
AXTL,2.2,2.8,2430853,1118349,6.81,4.01,1.7,-6.6,-14.1,강한매도,장대음봉,전저점이탈,0.12,-3.21,2026-10-08
IBTK,2.2,19.005,1256313,558946,23.88,15.97,1.5,-0.1,0.2,강한매수,양봉,완만한상승,0.85,2.02,2026-10-08
IPSC,2.1,1.46,1525236,740377,2.23,1.19,1.9,-1.6,15.9,매수관심,장대양봉,잔구간,1.0,1.3,2026-10-08
SKYQ,2.1,2.52,865741,413228,2.18,9.81,0.2,5.3,-2.3,중립,음봉,완만한상승,0.19,-0.17,2026-10-08
PAAI,2.1,1.14,878635,413671,1.0,1.42,0.7,1.9,8.6,매수관심,장대양봉,잔구간,0.79,1.175,2026-10-08
APLX,2.1,6.47,12358124,5927854,79.96,34.29,2.3,3.9,-4.0,중립,망치형,잔구간,0.69,0.615,2026-10-08
BRSP,2.1,3.9,3866460,1832134,15.08,7.58,2.0,-0.5,3.7,매수관심,장대양봉,잔구간,0.79,1.175,2026-10-08
PFSA,2.1,1.49,818958,398249,1.22,27.78,0.0,2.0,-2.6,매도주의,위꼬리음봉,잔구간,0.2,-0.93,2026-10-08
REAL,2.1,9.62,5397160,2545968,51.92,24.92,2.1,-0.2,2.6,강한매수,장대양봉,전고점돌파,0.84,3.91,2026-10-08
KEP,2.1,10.92,1287834,618579,14.06,7.48,1.9,-2.1,0.2,중립,팽이도지,잔구간,0.49,-0.005,2026-10-08
PSQL,2.1,7.18,2111405,1025856,15.16,6.9,2.2,1.2,-2.3,중립,음봉,잔구간,0.28,-0.48,2026-10-08
DAPP,2.1,17.54,2427452,1147335,42.58,18.25,2.3,-2.4,-2.0,매도주의,음봉,전저점이탈,0.48,-1.47,2026-10-08
SRXH,2.1,1.4,1324914,622119,1.85,1.18,1.6,0.7,-6.7,강한매도,장대음봉,전저점이탈,0.09,-3.24,2026-10-08
NVDQ,2.1,7.96,12434202,5987802,98.98,50.52,2.0,2.4,3.4,중립,양봉,잔구간,0.89,0.585,2026-10-08
ERAS,2.1,15.46,9613118,4570250,148.62,67.13,2.2,-1.1,10.7,강한매수,장대양봉,전고점돌파,0.91,3.99,2026-10-08
SOLZ,2.1,10.84,2284352,1102510,24.76,12.38,2.0,-3.0,-2.7,매도주의,음봉,전저점이탈,0.51,-1.44,2026-10-08
AIAI,2.1,3.18,503251,243676,1.6,0.91,1.8,-1.5,-3.0,중립,망치형,잔구간,0.79,0.675,2026-10-08
ARDT,2.1,11.07,722110,348216,7.99,4.07,2.0,0.4,1.4,강한매수,양봉,전고점돌파,0.86,2.63,2026-10-08
LU,2.1,0.947,3323387,1566793,3.15,2.6,1.2,-1.2,-2.4,중립,음봉,전저점부근,0.46,0.0,2026-10-08
MAX,2.1,10.68,2098294,1015540,22.41,9.35,2.4,0.1,10.3,강한매수,장대양봉,전고점돌파,1.0,4.1,2026-10-08
SJB,2.1,15.45,358941,172880,5.55,3.15,1.8,0.0,0.0,중립,위꼬리양봉,완만한상승,0.11,-0.57,2026-10-08
USGG,2.0,3.21,1077359,526135,3.46,2.16,1.6,-2.5,-6.7,매도주의,음봉,전저점이탈,0.21,-1.8,2026-10-08
BTQ,2.0,2.79,3062660,1535330,8.54,4.94,1.7,-1.3,-8.2,매도주의,장대음봉,전저점부근,0.09,-1.74,2026-10-08
BRUN,2.0,12.1,5750177,2878408,69.58,35.88,1.9,1.7,-13.5,강한매도,장대음봉,전저점이탈,0.12,-3.21,2026-10-08
CDZI,2.0,3.52,1614882,825084,5.68,4.69,1.2,-0.6,-2.2,중립,음봉,잔구간,0.27,-0.49,2026-10-08
BATL,2.0,1.03,4159712,2034497,4.28,2.71,1.6,4.0,-1.0,매도주의,위꼬리음봉,잔구간,0.14,-0.965,2026-10-08
DNN,2.0,2.36,57283767,28904034,135.19,77.48,1.7,-1.6,-6.3,강한매도,장대음봉,전저점이탈,0.12,-3.21,2026-10-08
BGY,2.0,5.63,599656,299166,3.38,1.65,2.0,0.2,-0.4,중립,음봉,잔구간,0.33,-0.45,2026-10-08
PRME,2.0,3.58,7725983,3924658,27.66,18.14,1.5,-1.8,-6.5,매도주의,장대음봉,잔구간,0.16,-1.205,2026-10-08
RNA,2.0,8.26,649309,332004,5.36,2.55,2.1,2.8,1.3,중립,양봉,잔구간,0.82,0.54,2026-10-08
INDI,2.0,2.605,7903304,4042703,20.59,13.25,1.6,-2.9,-2.1,매도주의,음봉,전저점이탈,0.56,-1.38,2026-10-08
ENGS,2.0,3.28,3349298,1713880,10.99,8.05,1.4,2.5,1.2,강한매수,양봉,전고점돌파,0.87,2.64,2026-10-08
SD,2.0,14.07,562002,282773,7.91,4.46,1.8,2.0,0.5,강한매수,양봉,전고점돌파,0.8,2.56,2026-10-08
DOC,2.0,18.52,11109025,5447211,205.74,113.45,1.8,-0.1,-0.7,매도주의,음봉,전저점이탈,0.52,-1.43,2026-10-08
AAOX,2.0,9.95,24757805,12126121,246.34,131.93,1.9,-8.5,-20.5,매도주의,장대음봉,잔구간,0.07,-1.26,2026-10-08
VTS,2.0,17.17,706588,347994,12.13,6.92,1.8,1.4,-0.6,중립,음봉,완만한상승,0.46,0.15,2026-10-08
VOR,2.0,19.13,1406589,710935,26.91,17.47,1.5,-0.7,2.6,매수관심,양봉,완만한상승,0.58,1.7,2026-10-08
NBH,2.0,8.88,313777,157473,2.79,1.51,1.9,0.3,0.1,중립,팽이도지,잔구간,0.44,-0.035,2026-10-08
CURI,2.0,2.94,667945,328441,1.96,1.5,1.3,-0.7,0.3,중립,위꼬리양봉,수횡파,0.29,-0.65,2026-10-08
PCY,2.0,19.98,492084,247365,9.83,11.25,0.9,-0.3,0.6,매수관심,장대양봉,잔구간,1.0,1.3,2026-10-08
MGPI,2.0,13.77,409657,209271,5.64,3.66,1.5,-0.2,5.8,강한매수,장대양봉,전고점돌파,0.78,3.84,2026-10-08
ACCO,2.0,4.46,830211,414297,3.7,2.16,1.7,-0.5,1.4,강한매수,양봉,전고점돌파,0.83,2.6,2026-10-08
SKYX,2.0,1.11,941837,482607,1.05,0.63,1.7,1.8,-4.3,강한매도,장대음봉,전저점이탈,0.17,-3.15,2026-10-08
AAOZ,2.0,10.97,4034740,2062348,44.26,17.69,2.5,8.3,17.3,매수관심,장대양봉,잔구간,0.92,1.25,2026-10-08
MLTX,2.0,10.58,3717405,1847611,39.33,21.46,1.8,-0.2,-1.6,중립,망치형,전저점이탈,0.73,0.53,2026-10-08
FIGS,2.0,14.98,5966873,2916546,89.38,45.85,1.9,0.7,5.8,강한매수,장대양봉,전고점돌파,0.94,4.03,2026-10-08
SABS,2.0,2.89,1135434,575723,3.28,2.62,1.3,-1.0,1.4,매수관심,양봉스프링,잔구간,0.76,0.905,2026-10-08
GILT,2.0,9.32,1245045,625285,11.6,6.86,1.7,0.2,0.9,중립,팽이도지,잔구간,0.68,0.11,2026-10-08
SKHX,1.9,14.2,2512892,1339224,35.68,23.62,1.5,-2.1,-6.8,강한매도,장대음봉,전저점이탈,0.35,-2.93,2026-10-08
ZGN,1.9,12.52,1601785,861826,20.05,11.02,1.8,-1.0,3.7,매수관심,장대양봉,잔구간,0.9,1.24,2026-10-08
ASC,1.9,19.47,1318373,698403,25.67,12.72,2.0,2.1,3.2,강한매수,장대양봉,완만한상승,0.94,3.43,2026-10-08
AMTM,1.9,18.97,3415042,1834881,64.78,33.21,2.0,-0.8,3.3,강한매수,장대양봉,전고점돌파,1.0,4.1,2026-10-08
XRX,1.9,2.92,4413905,2359236,12.89,6.61,1.9,-3.0,0.0,중립,팽이도지,잔구간,0.53,0.02,2026-10-08
VNCE,1.9,11.54,552092,297313,6.37,4.72,1.4,-4.0,-10.0,중립,음봉,잔구간,0.44,-0.385,2026-10-08
INNV,1.9,9.11,1184495,634776,10.79,7.44,1.5,0.5,-0.8,중립,망치형,잔구간,0.74,0.645,2026-10-08
MQY,1.9,9.91,2969224,1590596,29.43,14.84,2.0,-0.1,1.3,강한매수,양봉,완만한상승,1.0,2.2,2026-10-08
VTRS,1.9,17.44,14110099,7535061,246.08,175.82,1.4,-1.3,1.0,매수관심,양봉스프링,잔구간,0.87,0.97,2026-10-08
PHK,1.9,4.19,3030933,1587705,12.7,7.34,1.7,-0.7,2.2,강한매수,장대양봉,완만한상승,1.0,3.5,2026-10-08
KORU,1.9,17.65,38427648,20377049,678.25,350.48,1.9,-6.5,-5.9,매도주의,음봉,전저점이탈,0.37,-1.61,2026-10-08
NXL,1.9,4.11,428337,221050,1.76,48.16,0.0,-1.6,-3.3,중립,음봉,전저점부근,0.38,-0.09,2026-10-08
ALMU,1.9,11.93,750424,387174,8.95,4.91,1.8,-1.5,-6.1,강한매도,장대음봉,전저점이탈,0.22,-3.09,2026-10-08
GEVO,1.9,1.35,4166921,2172646,5.63,3.39,1.7,0.0,3.8,중립,양봉,잔구간,0.6,0.41,2026-10-08
FRSH,1.9,13.64,9230818,4754998,125.91,134.39,0.9,-0.1,0.4,강한매수,양봉스프링,완만한상승,0.8,2.76,2026-10-08
FOTO,1.9,19.08,580610,303845,11.08,5.04,2.2,-3.1,-2.3,중립,음봉,잔구간,0.23,-0.51,2026-10-08
YLD,1.9,18.32,713833,377239,13.08,6.19,2.1,0.1,0.0,매수관심,양봉스프링,잔구간,0.92,1.0,2026-10-08
NRDS,1.9,9.79,1322001,680450,12.94,6.11,2.1,-0.5,8.3,강한매수,장대양봉,전고점돌파,0.94,4.03,2026-10-08
CIFU,1.9,6.31,2118977,1137132,13.37,10.44,1.3,-5.1,-9.2,매도주의,음봉,전저점이탈,0.51,-1.44,2026-10-08
CIFR,1.9,13.5,57349276,29931050,774.22,477.44,1.6,-2.4,-5.0,매도주의,음봉,전저점이탈,0.46,-1.5,2026-10-08
FLGV,1.9,19.455,351901,182162,6.85,16.44,0.4,-0.1,0.3,매수관심,장대양봉,잔구간,0.88,1.23,2026-10-08
PESI,1.9,14.16,404718,216740,5.73,4.23,1.4,-0.3,-5.9,강한매도,장대음봉,전저점이탈,0.06,-3.28,2026-10-08
FG,1.9,19.53,1479561,771521,28.9,14.84,1.9,-1.0,-0.9,중립,음봉,잔구간,0.5,-0.35,2026-10-08
RIOT,1.9,16.84,30642625,15816741,516.02,324.62,1.6,-2.3,-7.0,강한매도,장대음봉,전저점이탈,0.26,-3.04,2026-10-08
DXC,1.9,12.37,8106164,4216002,100.27,39.25,2.6,0.2,2.7,강한매수,양봉,전고점돌파,0.74,2.49,2026-10-08
ETHE,1.9,19.76,4259433,2235091,84.17,52.81,1.6,-1.6,-2.7,매도주의,음봉,전저점이탈,0.45,-1.51,2026-10-08
RZAI,1.9,12.29,535311,279912,6.58,7.49,0.9,-1.4,15.9,중립,양봉,잔구간,0.36,0.265,2026-10-08
SFD,1.9,18.88,3377023,1751599,63.76,33.2,1.9,0.2,1.8,매수관심,장대양봉,잔구간,0.79,1.175,2026-10-08
MUST,1.9,19.2,720709,381703,13.84,6.6,2.1,0.2,0.7,강한매수,양봉,완만한상승,0.86,2.03,2026-10-08
SUIG,1.9,1.36,1875285,979390,2.55,1.59,1.6,-0.7,-8.7,매도주의,음봉,전저점이탈,0.27,-1.73,2026-10-08
VEEA,1.9,3.87,4670041,2499988,18.07,68.79,0.3,-4.7,-13.8,매도주의,장대음봉,잔구간,0.3,-1.12,2026-10-08
QS,1.9,4.58,22021623,11597550,100.86,56.87,1.8,5.1,-3.6,중립,음봉,완만한상승,0.5,0.2,2026-10-08
JMIA,1.9,6.48,1696482,874377,10.99,7.34,1.5,-0.6,-3.3,매도주의,음봉,전저점이탈,0.42,-1.55,2026-10-08
PL,1.9,17.19,19148578,10254083,329.16,198.76,1.7,-1.8,-1.4,중립,망치형,잔구간,0.6,0.56,2026-10-08
FRMI,1.9,3.66,24748594,12941612,90.58,65.71,1.4,-1.5,-6.4,매도주의,음봉,전저점이탈,0.49,-1.46,2026-10-08
ALM,1.9,11.57,9159140,4874019,105.97,77.44,1.4,-2.5,-1.9,매도주의,팽이도지,전저점이탈,0.35,-0.93,2026-10-08
AVAT,1.9,1.32,1824464,941751,2.41,2.48,1.0,-3.6,-17.5,강한매도,장대음봉,전저점이탈,0.3,-2.99,2026-10-08
LBTYK,1.9,8.75,2508960,1293167,21.95,14.0,1.6,-0.1,-1.8,중립,음봉,수횡파,0.43,-0.18,2026-10-08
SLNH,1.9,0.949,12493393,6595031,11.86,6.69,1.8,-1.0,-5.1,강한매도,장대음봉,전저점이탈,0.25,-3.05,2026-10-08
CRWG,1.9,15.75,3226618,1736525,50.82,36.43,1.4,-3.5,-12.4,강한매도,장대음봉,전저점이탈,0.15,-3.17,2026-10-08
JBLU,1.9,3.92,30302404,16243463,118.79,75.01,1.6,-1.3,0.0,강한매수,양봉스프링,전저점부근,0.9,3.73,2026-10-08
FF,1.9,5.18,333317,175093,1.73,1.34,1.3,0.4,0.8,중립,위꼬리양봉,완만한상승,0.39,-0.23,2026-10-08
JANX,1.9,18.5,1500909,807556,27.77,13.53,2.1,-0.8,4.1,강한매수,양봉,전고점돌파,0.75,2.5,2026-10-08
MUC,1.8,9.69,1682918,934758,16.31,9.21,1.8,-1.2,0.5,매수관심,양봉스프링,잔구간,0.9,0.99,2026-10-08
RCKT,1.8,2.63,3457078,1955184,9.09,5.96,1.5,9.7,-5.4,중립,음봉,완만한상승,0.42,0.1,2026-10-08
HR,1.8,17.19,8502793,4822905,146.16,79.19,1.8,0.1,1.7,매수관심,장대양봉,잔구간,0.88,1.23,2026-10-08
BDN,1.8,2.74,2718559,1537100,7.45,4.42,1.7,-2.9,1.9,중립,양봉,잔구간,0.89,0.585,2026-10-08
BMEA,1.8,1.37,1706889,944355,2.34,1.9,1.2,0.0,3.8,강한매수,장대양봉,전고점부근,0.88,2.01,2026-10-08
BMNZ,1.8,5.06,7038209,3971422,35.61,16.34,2.2,4.1,0.4,매수관심,팽이도지,전고점돌파,0.3,1.26,2026-10-08
HITI,1.8,2.58,971385,551731,2.51,1.84,1.4,0.0,-5.5,강한매도,장대음봉,전저점이탈,0.33,-2.95,2026-10-08
CTMX,1.8,2.47,4502552,2482756,11.12,7.43,1.5,-1.6,-1.6,중립,음봉,전저점부근,0.35,-0.13,2026-10-08
SABR,1.8,1.93,8108677,4613310,15.65,10.0,1.6,-0.5,1.6,중립,양봉,잔구간,0.57,0.39,2026-10-08
BORR,1.8,4.61,12187593,6692310,56.18,25.72,2.2,2.3,4.8,강한매수,장대양봉,전고점돌파,0.75,3.8,2026-10-08
BTGO,1.8,7.18,1611668,875898,11.57,7.11,1.6,-1.9,0.8,중립,팽이도지,잔구간,0.55,0.03,2026-10-08
BSBR,1.8,5.82,6402634,3552672,37.26,27.21,1.4,-1.2,0.2,중립,위꼬리양봉,잔구간,0.27,-0.64,2026-10-08
PRQR,1.8,1.57,1163141,650555,1.83,1.15,1.6,-0.6,-3.1,매도주의,장대음봉,잔구간,0.38,-1.07,2026-10-08
XRP,1.8,15.3,2046770,1160301,31.32,27.87,1.1,-1.5,-1.9,중립,망치형,전저점이탈,0.59,0.36,2026-10-08
DHF,1.8,2.17,637815,357912,1.38,0.93,1.5,-0.9,-0.5,강한매도,음봉,전저점이탈,0.0,-2.05,2026-10-08
ETHW,1.8,17.59,612903,345930,10.78,7.56,1.4,-1.5,-2.8,매도주의,음봉,전저점이탈,0.43,-1.53,2026-10-08
EVN,1.8,9.2,534648,299098,4.92,2.52,2.0,-0.4,1.3,매수관심,장대양봉,잔구간,0.79,1.175,2026-10-08
NOWL,1.8,7.63,5669167,3076391,43.26,24.56,1.8,1.9,0.8,매수관심,팽이도지,완만한상승,0.6,1.02,2026-10-08
JBIO,1.8,14.15,1667243,941098,23.59,11.24,2.1,-1.4,4.2,중립,양봉,잔구간,1.0,0.65,2026-10-08
MSOS,1.8,4.27,6799864,3808792,29.04,29.76,1.0,-0.2,-4.3,강한매도,장대음봉,전저점이탈,0.29,-3.0,2026-10-08
MSTZ,1.8,2.73,105305841,58471123,287.48,144.14,2.0,4.5,-1.8,중립,팽이도지,완만한상승,0.33,0.7,2026-10-08
SCO,1.8,18.52,9944987,5537429,184.18,124.22,1.5,-3.1,-1.4,매도주의,음봉,전저점이탈,0.15,-1.87,2026-10-08
NWL,1.8,5.73,8404168,4656368,48.16,25.81,1.9,0.9,-0.7,매수관심,망치형,전고점부근,0.71,0.8,2026-10-08
OBX,1.8,12.24,517206,294300,6.33,5.25,1.2,-0.5,-6.8,강한매도,장대음봉,전저점이탈,0.13,-3.19,2026-10-08
HPK,1.8,8.73,919962,506444,8.03,4.32,1.9,2.0,0.5,매수관심,팽이도지,전고점돌파,0.53,1.54,2026-10-08
ENGN,1.8,1.78,1463066,805666,2.6,1.62,1.6,0.3,1.7,매수관심,양봉스프링,잔구간,0.91,0.995,2026-10-08
ORCX,1.8,17.78,2736677,1552261,48.66,44.1,1.1,-2.2,-9.1,매도주의,장대음봉,잔구간,0.11,-1.235,2026-10-08
CLNE,1.8,1.52,1269347,697672,1.93,1.34,1.4,0.0,-0.7,강한매도,위꼬리음봉,전저점이탈,0.0,-2.85,2026-10-08
CMTG,1.8,1.24,1029602,573895,1.28,1.04,1.2,-1.6,2.5,강한매수,양봉,완만한상승,0.83,2.0,2026-10-08
CMRC,1.8,3.22,915583,503069,2.95,1.97,1.5,0.6,-5.3,매도주의,장대음봉,잔구간,0.17,-1.2,2026-10-08
IMNM,1.8,19.31,2131003,1193925,41.15,32.08,1.3,-1.1,2.3,중립,양봉,잔구간,0.95,0.62,2026-10-08
LPL,1.8,2.85,3406213,1895258,9.71,8.15,1.2,-0.7,-2.7,강한매도,장대음봉,전저점이탈,0.0,-3.35,2026-10-08
AIV,1.8,1.78,3740170,2059529,6.66,5.03,1.3,1.1,0.0,중립,팽이도지,잔구간,0.71,0.125,2026-10-08
ACI,1.8,12.34,12422027,7080509,153.29,79.85,1.9,1.0,4.0,강한매수,장대양봉,전고점돌파,0.96,4.05,2026-10-08
LTBR,1.8,6.01,1313306,748173,7.89,4.66,1.7,-1.4,-5.1,강한매도,장대음봉,전저점이탈,0.18,-3.13,2026-10-08
ABCL,1.7,12.02,8522962,4934362,102.45,82.96,1.2,-2.3,-4.1,강한매도,장대음봉,전저점이탈,0.18,-3.13,2026-10-08
WULF,1.7,13.65,45881559,27756626,626.28,400.06,1.6,-1.7,-3.6,매도주의,음봉,전저점이탈,0.5,-1.45,2026-10-08
AEG,1.7,8.27,8983359,5138808,74.29,52.79,1.4,-0.8,-0.1,매도주의,팽이도지,전저점이탈,0.46,-0.8,2026-10-08
ALLO,1.7,1.4,7983952,4631759,11.18,8.03,1.4,0.7,-2.8,매도주의,음봉,전저점이탈,0.58,-1.35,2026-10-08
AKTS,1.7,17.74,500842,294434,8.88,5.89,1.5,-0.8,-0.7,강한매수,망치형,전저점부근,0.77,3.07,2026-10-08
LYFT,1.7,16.13,13505939,8107158,217.85,124.12,1.8,-0.6,4.0,강한매수,장대양봉,전고점돌파,0.92,4.0,2026-10-08
MEI,1.7,15.25,1010765,582627,15.41,8.23,1.9,-2.1,3.1,매수관심,양봉,완만한상승,0.41,1.49,2026-10-08
ADBG,1.7,3.75,3213574,1916642,12.05,8.05,1.5,0.0,7.1,강한매수,장대양봉,완만한상승,1.0,3.5,2026-10-08
LXRX,1.7,1.76,3319628,2008616,5.84,6.3,0.9,-0.6,0.6,강한매수,양봉스프링,완만한상승,0.76,2.71,2026-10-08
FNKO,1.7,6.5,1422993,839051,9.25,5.36,1.7,-1.4,4.5,강한매수,장대양봉,전고점돌파,0.78,3.84,2026-10-08
PCT,1.7,3.93,10466859,6120583,41.13,32.23,1.3,-1.3,4.8,중립,양봉,잔구간,0.74,0.495,2026-10-08
ORIC,1.7,12.03,2695530,1583287,32.43,20.79,1.6,-1.2,1.3,강한매수,양봉스프링,완만한상승,0.87,2.84,2026-10-08
FISN,1.7,4.66,478895,280142,2.23,2.37,0.9,-0.6,-7.7,강한매도,장대음봉,전저점이탈,0.11,-3.22,2026-10-08
CDE,1.7,16.87,49855938,29235475,841.07,640.3,1.3,-0.5,2.7,매수관심,장대양봉,잔구간,0.84,1.205,2026-10-08
NVCR,1.7,14.22,2956806,1774729,42.05,24.02,1.8,-0.5,-2.5,매도주의,음봉,전저점이탈,0.52,-1.43,2026-10-08
IVVD,1.7,0.7,10442653,6294428,7.31,7.89,0.9,1.5,-5.3,매도주의,음봉,전저점이탈,0.43,-1.53,2026-10-08
INN,1.7,6.04,2176138,1243890,13.14,9.03,1.5,0.0,1.2,매수관심,양봉,완만한상승,0.79,1.95,2026-10-08
CRBP,1.7,5.27,1346002,798242,7.09,5.16,1.4,5.6,-9.1,강한매도,장대음봉,전저점이탈,0.21,-3.1,2026-10-08
KVUE,1.7,17.73,23268225,13963858,412.55,287.6,1.4,0.3,0.9,중립,양봉,잔구간,0.97,0.63,2026-10-08
DC,1.7,5.91,1745795,1048642,10.32,7.16,1.4,0.5,4.8,매수관심,장대양봉,잔구간,0.75,1.15,2026-10-08
GORO,1.7,3.19,1648493,985690,5.26,3.74,1.4,-0.6,-2.1,중립,음봉,수횡파,0.51,-0.09,2026-10-08
NFJ,1.7,14.36,507253,302357,7.28,4.83,1.5,-0.8,0.2,매수관심,양봉스프링,전저점이탈,0.77,1.07,2026-10-08
EOSE,1.7,2.765,40077986,23978234,110.82,87.45,1.3,-1.9,-9.1,강한매도,장대음봉,전저점이탈,0.14,-3.18,2026-10-08
CLSK,1.7,10.63,25998003,15405030,276.36,196.55,1.4,-2.2,-5.6,강한매도,장대음봉,전저점이탈,0.27,-3.03,2026-10-08
HAYW,1.7,11.44,4799868,2794688,54.91,52.06,1.1,-1.5,-1.5,강한매도,장대음봉,전저점이탈,0.19,-3.12,2026-10-08
ENOV,1.7,17.43,2305143,1365763,40.18,26.53,1.5,-1.5,0.5,매수관심,양봉스프링,전저점이탈,0.78,1.09,2026-10-08
EVH,1.7,3.96,2882717,1734223,11.42,8.26,1.4,-1.0,-3.4,중립,음봉,잔구간,0.42,-0.4,2026-10-08
KULR,1.7,2.46,915315,544121,2.25,1.51,1.5,-1.2,-3.9,강한매도,장대음봉,전저점이탈,0.0,-3.35,2026-10-08
DSL,1.7,9.9,1411681,837618,13.98,9.04,1.5,-0.3,1.3,매수관심,장대양봉,잔구간,0.95,1.27,2026-10-08
HYMC,1.7,18.21,2698365,1588447,49.14,35.89,1.4,-1.1,2.5,매수관심,장대양봉,잔구간,0.88,1.23,2026-10-08
EGY,1.7,6.0,1623323,938489,9.74,6.45,1.5,2.1,1.5,강한매수,양봉,전고점돌파,0.83,2.6,2026-10-08
OKLL,1.7,8.18,5193129,3051178,42.48,25.15,1.7,-4.0,-8.7,강한매도,장대음봉,전저점이탈,0.32,-2.97,2026-10-08
VLN,1.7,1.76,605501,356690,1.07,0.73,1.5,-1.6,-3.3,강한매도,장대음봉,전저점이탈,0.22,-3.09,2026-10-08
VFF,1.7,2.7,1172556,708739,3.17,2.52,1.3,0.2,0.4,중립,팽이도지,잔구간,0.71,0.125,2026-10-08
HRL,1.7,19.42,10097657,6110116,196.1,109.88,1.8,-0.3,-0.4,매도주의,음봉,전저점이탈,0.19,-1.82,2026-10-08
UVXY,1.7,16.64,9887431,5951049,164.53,112.48,1.5,1.1,1.7,매수관심,양봉,완만한상승,0.46,1.55,2026-10-08
ARVN,1.7,7.51,1016637,615183,7.63,5.45,1.4,-1.1,2.0,강한매수,양봉,완만한상승,0.87,2.04,2026-10-08
LILAK,1.7,8.72,2318721,1397751,20.22,12.49,1.6,-0.6,-0.9,중립,음봉,잔구간,0.49,-0.355,2026-10-08
KYTX,1.7,6.18,1317003,767744,8.14,7.69,1.1,-1.8,2.0,중립,양봉,잔구간,0.86,0.565,2026-10-08
FWRG,1.7,10.96,2998739,1783510,32.87,14.46,2.3,-1.0,5.5,강한매수,장대양봉,전고점돌파,0.94,4.03,2026-10-08
UTZ,1.7,14.32,3165790,1900566,45.33,23.07,2.0,0.0,0.2,강한매수,장대양봉,전고점돌파,0.8,3.86,2026-10-08
KELYA,1.7,16.17,369250,211285,5.97,3.76,1.6,0.0,1.7,강한매수,장대양봉,완만한상승,0.95,3.44,2026-10-08
IHRT,1.7,1.97,1013469,589403,2.0,1.42,1.4,-1.5,-1.0,매도주의,위꼬리음봉,잔구간,0.19,-0.935,2026-10-08
RWM,1.7,14.43,77483433,46908733,1118.09,698.2,1.6,0.6,-0.5,중립,음봉,완만한상승,0.06,-0.33,2026-10-08
COFpJ,1.6,15.94,385175,246931,6.14,4.2,1.5,-0.3,-0.6,중립,음봉,잔구간,0.5,-0.35,2026-10-08
SCZM,1.6,8.48,467647,298418,3.97,3.42,1.2,-1.1,1.4,매수관심,양봉,완만한상승,0.68,1.82,2026-10-08
IRE,1.6,6.83,14988815,9311475,102.37,74.96,1.4,-4.3,-11.6,강한매도,장대음봉,전저점이탈,0.17,-3.15,2026-10-08
FCEL,1.6,17.245,10539479,6596922,181.75,118.54,1.5,-2.3,-3.9,중립,음봉,잔구간,0.39,-0.415,2026-10-08
JACK,1.6,12.45,635112,394337,7.91,6.02,1.3,-0.6,2.1,중립,양봉,잔구간,0.57,0.39,2026-10-08
CANE,1.6,11.98,613605,382732,7.35,4.6,1.6,-1.5,-0.9,중립,음봉,잔구간,0.36,-0.435,2026-10-08
METD,1.6,12.89,615740,381732,7.94,11.83,0.7,-0.4,0.3,중립,위꼬리양봉,잔구간,0.25,-0.65,2026-10-08
ALKT,1.6,14.33,2137758,1355752,30.63,27.87,1.1,-0.6,1.8,중립,양봉,전고점부근,0.6,0.37,2026-10-08
MH,1.6,13.37,866116,558472,11.58,9.06,1.3,-0.9,3.0,강한매수,장대양봉,완만한상승,0.95,3.44,2026-10-08
XE,1.6,13.77,7428548,4752644,102.29,87.92,1.2,-1.5,-2.9,중립,음봉,전저점부근,0.54,0.1,2026-10-08
GAU,1.6,2.1,4250937,2605175,8.93,5.02,1.8,1.0,6.6,매수관심,장대양봉,전고점부근,0.87,1.99,2026-10-08
METC,1.6,8.49,3376156,2157898,28.66,15.98,1.8,-0.6,3.8,매수관심,양봉,완만한상승,0.52,1.62,2026-10-08
LPTH,1.6,9.74,3645501,2335170,35.51,23.1,1.5,-2.1,-4.3,매도주의,음봉,전저점이탈,0.26,-1.74,2026-10-08
AAOG,1.6,2.205,8671977,5459290,19.12,11.83,1.6,-9.2,-19.8,매도주의,장대음봉,잔구간,0.07,-1.26,2026-10-08
WY,1.6,19.17,19323271,11719900,370.43,178.5,2.1,0.0,3.2,매수관심,장대양봉,잔구간,1.0,1.3,2026-10-08
MSOX,1.6,2.16,2674768,1625419,5.78,6.27,0.9,-0.9,-7.3,강한매도,장대음봉,전저점이탈,0.35,-2.93,2026-10-08
QXO,1.6,11.12,36055484,22461963,400.94,281.26,1.4,-2.5,0.8,매수관심,양봉스프링,잔구간,0.87,0.97,2026-10-08
BITO,1.6,10.93,112039902,70429608,1224.6,774.28,1.6,-1.3,-0.5,중립,망치형,전저점이탈,0.6,0.37,2026-10-08
NEOG,1.6,11.71,8670443,5561339,101.53,86.61,1.2,-1.5,1.8,중립,팽이도지,잔구간,0.54,0.025,2026-10-08
KIO,1.6,10.2,421713,266437,4.3,2.66,1.6,-0.1,0.0,강한매수,양봉스프링,수횡파,0.85,3.52,2026-10-08
VIV,1.6,12.65,1890043,1217361,23.91,15.79,1.5,-0.9,0.5,중립,양봉,잔구간,0.45,0.32,2026-10-08
ARKO,1.6,4.12,813094,495330,3.35,2.36,1.4,-0.2,-2.4,중립,음봉,잔구간,0.05,-0.62,2026-10-08
LABX,1.6,14.03,2101089,1334461,29.48,21.4,1.4,-2.6,-16.5,매도주의,장대음봉,전저점부근,0.11,-1.72,2026-10-08
MOS,1.6,19.73,13096795,8355396,258.4,186.81,1.4,-0.9,-0.4,강한매도,위꼬리음봉,전저점이탈,0.19,-2.62,2026-10-08
LADR,1.6,8.85,2489106,1595779,22.03,15.04,1.5,-0.2,2.3,매수관심,장대양봉,잔구간,0.78,1.17,2026-10-08
OSG,1.6,4.77,841882,522186,4.02,2.21,1.8,-1.6,5.0,강한매수,장대양봉,전고점돌파,0.82,3.88,2026-10-08
AVTR,1.6,15.39,12125918,7779581,186.62,122.94,1.5,-0.8,1.1,중립,양봉,잔구간,0.93,0.61,2026-10-08
USDEW,1.6,3.885,495408,305122,1.92,2.25,0.9,-12.7,8.5,중립,양봉,잔구간,0.85,0.56,2026-10-08
RILY,1.6,5.16,1081362,670899,5.58,3.84,1.5,-1.0,4.5,강한매수,장대양봉,완만한상승,0.98,3.48,2026-10-08
EVLV,1.6,4.58,3228887,2081903,14.79,9.36,1.6,-0.6,-1.7,중립,음봉,잔구간,0.12,-0.58,2026-10-08
DYN,1.6,16.37,6279489,3900425,102.8,50.88,2.0,-0.8,3.4,중립,양봉,잔구간,0.91,0.595,2026-10-08
DSX,1.6,2.9,1256449,801589,3.64,1.97,1.8,0.7,1.8,매수관심,양봉,완만한상승,0.63,1.76,2026-10-08
BHVN,1.6,11.93,2698843,1703618,32.2,25.33,1.3,-0.4,0.8,중립,팽이도지,잔구간,0.71,0.125,2026-10-08
CFFN,1.6,8.47,1595210,987128,13.51,8.88,1.5,-0.8,1.4,매수관심,장대양봉,잔구간,0.67,1.1,2026-10-08
INFY,1.6,10.7,31363931,20215295,335.59,219.3,1.5,-0.1,1.5,강한매수,양봉스프링,완만한상승,0.93,2.92,2026-10-08
SLDP,1.6,2.42,3802726,2379115,9.2,6.29,1.5,-0.8,1.7,강한매수,양봉,완만한상승,0.87,2.04,2026-10-08
SKYD,1.6,9.28,55631123,34321538,516.26,313.23,1.6,0.8,3.6,중립,무참고,정보부족,,0.0,2026-10-08
CORZ,1.6,15.36,15706253,9952674,241.25,189.02,1.3,-1.3,-2.4,매도주의,음봉,전저점이탈,0.56,-1.38,2026-10-08
GOOS,1.6,7.81,1072333,680809,8.37,5.37,1.6,-0.5,4.0,매수관심,장대양봉,잔구간,1.0,1.3,2026-10-08
NAN,1.6,9.57,335043,204398,3.21,2.18,1.5,-0.5,0.2,중립,팽이도지,잔구간,0.7,0.12,2026-10-08
KRNY,1.6,9.2,794988,500014,7.31,4.59,1.6,-0.1,1.1,매수관심,양봉,완만한상승,0.78,1.94,2026-10-08
SBS,1.6,6.59,17772247,10885475,117.12,59.49,2.0,0.0,3.5,강한매수,장대양봉,전고점돌파,0.76,3.81,2026-10-08
SMWB,1.6,8.43,495173,311873,4.17,3.95,1.1,-0.5,4.2,매수관심,장대양봉,전고점부근,0.86,1.98,2026-10-08
NXDR,1.6,2.51,2369466,1522185,5.95,4.19,1.4,0.0,2.0,매수관심,장대양봉,전고점부근,0.87,1.99,2026-10-08
IGD,1.6,6.26,530210,327026,3.32,2.16,1.5,1.1,0.6,매수관심,양봉스프링,잔구간,0.87,0.97,2026-10-08
BITI,1.6,18.0,2483632,1582672,44.71,23.89,1.9,1.5,0.4,중립,위꼬리양봉,전고점돌파,0.39,0.37,2026-10-08
RC,1.6,1.32,2923518,1874595,3.86,2.26,1.7,-0.8,8.2,매수관심,장대양봉,전고점부근,0.87,1.99,2026-10-08
USAR,1.6,12.63,19974682,12600860,252.28,173.86,1.5,-1.5,-3.1,매도주의,음봉,전저점이탈,0.24,-1.76,2026-10-08
DRTS,1.6,14.0,595439,374615,8.34,6.05,1.4,-0.6,-1.2,중립,망치형,전저점이탈,0.6,0.37,2026-10-08
RGNX,1.6,8.09,2258957,1434782,18.27,11.43,1.6,-1.3,7.9,강한매수,장대양봉,완만한상승,0.75,3.2,2026-10-08
FWRD,1.6,16.32,646731,396400,10.55,7.66,1.4,-1.5,7.8,강한매수,장대양봉,완만한상승,0.86,3.33,2026-10-08
JOBY,1.6,5.75,30463389,19642617,175.16,123.02,1.4,-1.0,1.1,중립,위꼬리양봉,잔구간,0.37,-0.58,2026-10-08
BSOL,1.6,15.02,5416051,3465521,81.35,69.42,1.2,-2.8,-3.1,매도주의,음봉,전저점이탈,0.46,-1.5,2026-10-08
NG,1.6,6.28,7166124,4473173,45.0,29.22,1.5,-0.5,-0.8,중립,팽이도지,잔구간,0.33,-0.1,2026-10-08
NKTX,1.6,2.22,721152,462202,1.6,1.51,1.1,-0.9,-1.3,중립,망치형,전저점이탈,0.6,0.37,2026-10-08
JBGS,1.6,11.02,1573096,995586,17.34,11.14,1.6,0.3,1.7,매수관심,양봉,완만한상승,0.78,1.94,2026-10-08
CVGI,1.6,2.88,358895,230430,1.03,0.65,1.6,-1.0,1.4,중립,양봉,잔구간,1.0,0.65,2026-10-08
NMCO,1.6,8.51,1514801,969556,12.89,8.02,1.6,-1.2,0.7,중립,양봉,잔구간,0.82,0.54,2026-10-08
IMSR,1.6,3.4,2139564,1380223,7.27,5.07,1.4,-2.2,-4.8,강한매도,장대음봉,전저점이탈,0.3,-2.99,2026-10-08
UMH,1.6,15.1,870738,561446,13.15,9.63,1.4,-0.3,0.7,중립,양봉,잔구간,0.96,0.625,2026-10-08
CRNC,1.6,8.34,959882,605783,8.01,5.35,1.5,-1.2,1.8,중립,양봉,전고점부근,0.78,0.59,2026-10-08
CSIQ,1.6,11.015,1885973,1215679,20.77,20.37,1.0,-0.2,-1.9,중립,음봉,잔구간,0.58,-0.3,2026-10-08
ACRS,1.5,3.79,8735450,5692958,33.11,18.06,1.8,-0.9,12.5,매수관심,장대양봉,잔구간,0.96,1.275,2026-10-08
PSNY,1.5,5.31,376344,253522,2.0,1.49,1.3,0.0,-4.8,강한매도,장대음봉,전저점이탈,0.25,-3.05,2026-10-08
MITK,1.5,17.07,780888,530430,13.33,9.1,1.5,-0.2,-2.0,중립,음봉,잔구간,0.41,-0.405,2026-10-08
WYFI,1.5,15.75,1766324,1150256,27.82,22.04,1.3,-2.0,-4.5,매도주의,음봉,전저점이탈,0.35,-1.63,2026-10-08
WRN,1.5,2.04,1615710,1042789,3.3,2.2,1.5,-0.5,-1.0,강한매도,위꼬리음봉,전저점이탈,0.14,-2.68,2026-10-08
COUR,1.5,5.27,9730827,6331410,51.28,43.37,1.2,-0.2,3.3,강한매수,장대양봉,전고점부근,0.91,2.04,2026-10-08
CSQR,1.5,17.38,2278119,1540190,39.59,26.26,1.5,-1.2,-0.3,중립,망치형,잔구간,0.69,0.615,2026-10-08
SFIX,1.5,2.73,5152012,3467713,14.06,13.28,1.1,-1.1,1.1,매수관심,양봉,완만한상승,0.82,1.98,2026-10-08
CIFG,1.5,2.563,3447692,2227252,8.84,6.37,1.4,-5.0,-10.4,매도주의,음봉,전저점이탈,0.46,-1.5,2026-10-08
CLOV,1.5,4.58,5518437,3719330,25.27,17.51,1.4,-1.3,1.8,중립,양봉,잔구간,0.88,0.58,2026-10-08
AG,1.5,16.98,13338284,9120542,226.48,168.03,1.3,-0.4,2.4,매수관심,장대양봉,잔구간,0.93,1.26,2026-10-08
ALOY,1.5,7.58,2073503,1346064,15.72,12.99,1.2,-2.6,-1.8,매도주의,음봉,전저점이탈,0.28,-1.71,2026-10-08
XHR,1.5,18.04,1321247,872095,23.84,15.84,1.5,-0.2,1.1,매수관심,양봉,수횡파,0.83,1.7,2026-10-08
CHRS,1.5,1.07,2141504,1407099,2.29,1.68,1.4,0.0,5.9,매수관심,장대양봉,잔구간,1.0,1.3,2026-10-08
CATX,1.5,2.71,3255036,2146224,8.82,5.13,1.7,-1.2,11.5,강한매수,장대양봉,완만한상승,0.94,3.43,2026-10-08
BZ,1.5,15.18,7301224,4833417,110.83,74.98,1.5,-0.8,1.7,강한매수,장대양봉,완만한상승,0.87,3.34,2026-10-08
FATE,1.5,2.13,1475882,970534,3.14,3.55,0.9,-1.4,0.5,강한매수,양봉스프링,전저점부근,1.0,3.85,2026-10-08
FLOC,1.5,19.15,1027617,686063,19.68,11.31,1.7,1.6,-1.2,매도주의,음봉,전고점부근,0.26,-1.44,2026-10-08
NUVB,1.5,4.95,9289989,6101671,45.99,32.67,1.4,-1.2,3.1,중립,양봉,잔구간,0.92,0.6,2026-10-08
IREG,1.5,5.69,1807440,1221673,10.28,7.88,1.3,-4.2,-11.8,강한매도,장대음봉,전저점이탈,0.17,-3.15,2026-10-08
CPB,1.5,19.37,11706624,7899879,226.76,158.97,1.4,0.6,1.9,매수관심,장대양봉,잔구간,0.95,1.27,2026-10-08
ICL,1.5,5.0,1387142,948307,6.94,5.42,1.3,-0.8,-0.8,매도주의,장대음봉,잔구간,0.17,-1.2,2026-10-08
GPRE,1.5,15.06,1433531,966079,21.59,17.07,1.3,1.0,-2.8,매도주의,장대음봉,잔구간,0.22,-1.17,2026-10-08
CRVS,1.5,10.21,1881043,1233189,19.21,12.62,1.5,-2.5,0.6,강한매수,양봉스프링,전저점부근,0.8,3.61,2026-10-08
RXST,1.5,4.85,938305,619917,4.55,3.76,1.2,-1.2,2.3,강한매수,장대양봉,완만한상승,0.94,3.43,2026-10-08
POET,1.5,7.04,11944963,7922930,84.09,57.84,1.5,-2.6,-2.5,매도주의,음봉,전저점이탈,0.5,-1.45,2026-10-08
OCFC,1.5,16.42,1664952,1109614,27.34,18.74,1.5,-0.4,0.2,매수관심,양봉스프링,잔구간,0.88,0.98,2026-10-08
NIO,1.5,3.41,39765367,26779667,135.6,104.46,1.3,-1.6,-2.2,중립,음봉,잔구간,0.38,-0.42,2026-10-08
OLN,1.5,15.61,5779934,3942913,90.22,84.44,1.1,0.2,-2.1,중립,음봉,잔구간,0.27,-0.49,2026-10-08
KVYO,1.5,17.57,6888236,4512662,121.03,91.37,1.3,0.0,0.9,매수관심,양봉스프링,전고점부근,0.79,1.4,2026-10-08
NXE,1.5,8.67,7366730,4857130,63.87,42.34,1.5,-1.1,-2.5,매도주의,음봉,전저점이탈,0.34,-1.64,2026-10-08
HUCK,1.5,3.09,1099199,721295,3.4,3.05,1.1,-1.0,0.3,중립,팽이도지,잔구간,0.53,0.02,2026-10-08
IAUX,1.5,1.54,8722210,5874189,13.43,10.88,1.2,1.3,2.0,매수관심,양봉,완만한상승,0.75,1.9,2026-10-08
HTLD,1.5,11.35,908823,594933,10.32,7.08,1.5,-0.5,1.2,중립,양봉,잔구간,0.73,0.49,2026-10-08
EU,1.5,1.01,3554593,2355566,3.59,3.99,0.9,-0.9,-5.6,매도주의,장대음봉,잔구간,0.14,-1.215,2026-10-08
JBI,1.5,4.24,2557582,1755385,10.84,8.48,1.3,-1.2,1.9,매수관심,양봉,완만한상승,0.69,1.83,2026-10-08
SMUP,1.5,2.72,373751,241632,1.02,0.8,1.3,-5.0,-4.6,매도주의,음봉,전저점이탈,0.4,-1.57,2026-10-08
IMMR,1.5,7.14,484593,333238,3.46,2.25,1.5,-0.6,-1.1,매도주의,장대음봉,잔구간,0.25,-1.15,2026-10-08
PGF,1.5,12.69,365673,238125,4.64,3.76,1.2,-0.1,0.7,매수관심,장대양봉,잔구간,0.91,1.245,2026-10-08
CTNM,1.5,13.18,1178283,767957,15.53,9.67,1.6,-1.4,5.0,강한매수,장대양봉,완만한상승,0.88,3.36,2026-10-08
SAR,1.5,14.97,301360,205902,4.51,3.17,1.4,-0.7,1.1,중립,팽이도지,잔구간,0.68,0.11,2026-10-08
SBET,1.5,8.81,8738889,5796096,76.99,58.61,1.3,-2.6,1.0,강한매수,양봉스프링,전저점부근,0.93,3.77,2026-10-08
NXH,1.5,1.715,7632716,5021599,13.09,12.69,1.0,-1.4,-2.0,강한매수,망치형,전저점부근,0.63,2.91,2026-10-08
CCO,1.5,2.43,8412915,5549076,20.44,13.96,1.5,0.8,0.4,강한매수,양봉,전고점돌파,0.5,2.2,2026-10-08
BXDC,1.5,16.86,3460507,2291693,58.34,46.1,1.3,0.1,-0.9,강한매수,망치형,전저점부근,0.69,2.98,2026-10-08
SOFX,1.5,6.8,2173658,1468002,14.78,10.75,1.4,-2.9,2.6,중립,양봉,잔구간,0.94,0.615,2026-10-08
BLDP,1.5,1.94,3102343,2115913,6.02,4.52,1.3,-1.5,-1.5,매도주의,음봉,전저점이탈,0.31,-1.68,2026-10-08
TWI,1.5,6.82,817422,534910,5.57,4.16,1.3,-1.2,0.7,매수관심,양봉스프링,잔구간,0.83,0.95,2026-10-08
TLX,1.5,11.01,390349,267449,4.3,5.21,0.8,-0.4,-0.6,중립,음봉,잔구간,0.47,-0.37,2026-10-08
BCAX,1.5,17.26,1253643,834221,21.64,15.1,1.4,-0.6,5.8,매수관심,장대양봉,잔구간,0.95,1.27,2026-10-08
TTI,1.5,6.12,3402319,2312530,20.82,13.44,1.5,1.1,-1.1,중립,음봉,완만한상승,0.47,0.16,2026-10-08
ERY,1.5,8.42,26288466,17272951,221.35,176.39,1.3,-3.2,-2.5,강한매도,장대음봉,전저점이탈,0.22,-3.09,2026-10-08
AVR,1.5,6.63,2474700,1694199,16.41,10.09,1.6,-1.0,-1.8,매도주의,음봉,전저점이탈,0.3,-1.69,2026-10-08
LITZ,1.5,19.83,3251581,2180665,64.48,42.61,1.5,7.9,3.0,중립,양봉,잔구간,0.69,0.465,2026-10-08
ERII,1.5,6.84,1149913,775171,7.87,5.6,1.4,0.4,1.2,매수관심,양봉,완만한상승,0.67,1.8,2026-10-08
EOLS,1.5,7.8,1077997,725154,8.41,5.54,1.5,-0.8,1.6,강한매수,양봉,완만한상승,0.98,2.18,2026-10-08
HLF,1.5,12.82,1589577,1070458,20.38,15.27,1.3,0.4,0.9,매수관심,양봉,완만한상승,0.71,1.85,2026-10-08
ECVT,1.5,10.21,1604853,1088091,16.39,11.08,1.5,0.4,-1.4,중립,음봉,잔구간,0.27,-0.49,2026-10-08
OI,1.5,6.17,6026698,3953721,37.18,22.6,1.6,0.2,6.6,강한매수,장대양봉,전고점돌파,0.94,4.03,2026-10-08
RLAY,1.5,17.41,4332962,2880290,75.44,56.21,1.3,-1.3,-1.7,매도주의,음봉,전저점이탈,0.49,-1.46,2026-10-08
VGM,1.5,8.73,549624,366127,4.8,4.6,1.0,0.0,1.5,강한매수,장대양봉,완만한상승,0.68,3.12,2026-10-08
ASPN,1.5,5.63,1178496,808555,6.63,6.18,1.1,-1.4,-1.2,중립,망치형,잔구간,0.7,0.62,2026-10-08
LCID,1.5,3.82,12395311,7998933,47.35,36.17,1.3,-0.5,-1.3,중립,음봉,잔구간,0.67,-0.25,2026-10-08
LCTX,1.5,1.03,2010137,1327239,2.07,1.63,1.3,0.2,8.5,강한매수,장대양봉,전고점돌파,0.87,3.94,2026-10-08
LITS,1.5,1.22,982810,640622,1.2,1.87,0.6,2.4,-6.2,강한매도,장대음봉,전저점이탈,0.33,-2.95,2026-10-08
MPT,1.5,3.19,18936646,12547986,60.41,37.76,1.6,0.3,-1.5,중립,음봉,전저점부근,0.6,0.17,2026-10-08
ARDX,1.5,3.27,6538602,4332771,21.38,13.87,1.5,-0.9,1.2,중립,양봉,잔구간,0.75,0.5,2026-10-08
LAB,1.5,0.67,1906354,1284350,1.28,0.68,1.9,-1.3,0.0,매수관심,양봉스프링,전저점이탈,0.76,1.06,2026-10-08
REAX,1.5,17.08,717723,471773,12.26,9.57,1.3,-0.6,5.5,강한매수,장대양봉,완만한상승,0.97,3.46,2026-10-08
OSTX,1.5,1.62,664816,445646,1.08,1.45,0.7,0.0,4.5,매수관심,양봉,완만한상승,0.57,1.68,2026-10-08
WLTH,1.5,10.89,3358891,2220119,36.58,24.18,1.5,0.0,-0.1,매수관심,망치형,전고점부근,0.79,0.9,2026-10-08
HOVR,1.5,1.53,671011,448359,1.03,0.7,1.5,0.0,-4.4,강한매도,장대음봉,전저점이탈,0.22,-3.09,2026-10-08
HNST,1.5,4.97,2008998,1369242,9.98,7.19,1.4,-0.2,1.0,매수관심,양봉스프링,잔구간,0.94,1.015,2026-10-08
AIRJ,1.5,3.69,1091232,741255,4.03,3.08,1.3,-0.8,1.1,매수관심,양봉스프링,잔구간,0.87,0.97,2026-10-08
AEVA,1.5,13.69,1847414,1199525,25.29,19.48,1.3,-2.5,-2.1,중립,음봉,전저점부근,0.52,0.07,2026-10-08
AEHG,1.5,6.63,1990843,1355772,13.2,14.32,0.9,-4.4,-0.6,중립,팽이도지,잔구간,0.28,-0.13,2026-10-08
ZIP,1.5,3.98,770215,525300,3.07,1.98,1.5,-0.8,5.3,강한매수,장대양봉,전고점돌파,0.92,4.0,2026-10-08
WTI,1.5,3.7,4467454,2946483,16.53,12.17,1.4,3.4,0.3,매수관심,양봉스프링,전고점부근,0.76,1.36,2026-10-08
LRMR,1.4,2.7,1190564,846665,3.21,4.67,0.7,-1.1,-0.7,중립,망치형,전저점이탈,0.69,0.48,2026-10-08
MIR,1.4,16.22,5828144,4075855,94.53,62.37,1.5,-1.5,0.1,매수관심,양봉스프링,잔구간,0.86,0.965,2026-10-08
MARA,1.4,9.91,47870416,35141366,474.4,398.99,1.2,-2.0,-2.4,매도주의,음봉,전저점이탈,0.45,-1.51,2026-10-08
MATV,1.4,11.86,555256,402833,6.59,4.68,1.4,-0.6,0.1,중립,팽이도지,잔구간,0.67,0.1,2026-10-08
LUCD,1.4,0.65,2509163,1804983,1.63,1.33,1.2,-2.2,6.6,중립,양봉,잔구간,0.66,0.445,2026-10-08
LUMN,1.4,5.56,17091740,12171197,95.03,71.7,1.3,-1.2,-4.8,매도주의,장대음봉,잔구간,0.23,-1.16,2026-10-08
MNTN,1.4,10.42,855448,591291,8.91,9.18,1.0,0.6,3.1,강한매수,장대양봉,완만한상승,0.91,3.39,2026-10-08
VYGR,1.4,2.37,932315,690493,2.21,2.13,1.0,-1.2,-2.9,매도주의,음봉,전저점이탈,0.31,-1.68,2026-10-08
VSTS,1.4,14.0,2038443,1425243,28.54,20.08,1.4,-0.2,0.6,강한매수,양봉스프링,완만한상승,0.81,2.77,2026-10-08
YMAX,1.4,7.48,1182640,841940,8.85,7.39,1.2,-0.5,-0.1,중립,팽이도지,전저점이탈,0.5,-0.75,2026-10-08
AES,1.4,14.93,13114901,9192727,195.81,127.26,1.5,-0.1,0.1,중립,위꼬리양봉,완만한상승,0.29,-0.35,2026-10-08
AIOT,1.4,2.64,1917324,1412578,5.06,5.03,1.0,-1.5,1.9,강한매수,양봉,완만한상승,0.88,2.06,2026-10-08
VYX,1.4,6.9,3712460,2632044,25.62,19.5,1.3,-0.1,3.0,강한매수,양봉,완만한상승,0.88,2.06,2026-10-08
WBTN,1.4,9.91,627454,448504,6.22,4.81,1.3,-0.2,1.3,중립,양봉,잔구간,0.69,0.465,2026-10-08
HPP,1.4,11.88,1058475,753356,12.57,8.19,1.5,0.2,2.0,강한매수,양봉,전고점돌파,0.89,2.67,2026-10-08
HSHP,1.4,18.65,609787,445937,11.37,8.43,1.3,2.1,3.7,강한매수,장대양봉,전고점돌파,0.94,4.03,2026-10-08
OSPN,1.4,18.01,616887,427854,11.11,8.95,1.2,0.5,1.2,강한매수,양봉,완만한상승,0.92,2.1,2026-10-08
OPFI,1.4,6.09,807346,596343,4.92,3.5,1.4,-0.7,1.2,매수관심,양봉,완만한상승,0.76,1.91,2026-10-08
EROC,1.4,12.21,3559634,2517149,43.46,30.97,1.4,0.1,-6.7,매도주의,장대음봉,잔구간,0.37,-1.08,2026-10-08
EAD,1.4,6.02,409485,283580,2.47,1.91,1.3,0.0,0.3,강한매수,양봉스프링,완만한상승,1.0,3.0,2026-10-08
EGHT,1.4,2.16,1642964,1200838,3.55,3.77,0.9,-0.9,1.9,중립,양봉,잔구간,0.86,0.565,2026-10-08
EIKN,1.4,7.5,847141,598386,6.35,4.26,1.5,-0.8,0.3,중립,팽이도지,잔구간,0.56,0.035,2026-10-08
RPD,1.4,12.96,2006637,1480404,26.01,17.59,1.5,0.6,3.1,매수관심,양봉,완만한상승,0.71,1.85,2026-10-08
RLMD,1.4,3.17,1886414,1320512,5.98,4.51,1.3,-0.6,-1.9,매도주의,음봉,전저점이탈,0.32,-1.67,2026-10-08
OLMA,1.4,7.82,1400282,1024224,10.95,9.67,1.1,-0.9,-0.6,중립,팽이도지,전저점부근,0.4,0.63,2026-10-08
IGR,1.4,11.07,722839,500353,8.0,5.2,1.5,-0.4,0.2,강한매수,양봉스프링,전저점부근,0.96,3.8,2026-10-08
ODTX,1.4,18.12,414209,286256,7.51,5.41,1.4,-1.4,1.6,매수관심,양봉스프링,잔구간,0.79,0.925,2026-10-08
DFH,1.4,9.6,1416313,1037280,13.6,11.81,1.2,-1.6,2.7,중립,양봉,잔구간,0.75,0.5,2026-10-08
DHC,1.4,7.55,2935925,2157889,22.17,16.17,1.4,-0.5,0.9,중립,양봉,잔구간,0.64,0.435,2026-10-08
DEC,1.4,14.1,797819,572249,11.25,9.2,1.2,1.5,-1.0,중립,음봉,완만한상승,0.23,-0.12,2026-10-08
DTIL,1.4,6.43,332548,230599,2.14,1.47,1.5,0.0,2.9,매수관심,양봉,완만한상승,0.71,1.85,2026-10-08
DCH,1.4,5.69,5458750,3987396,31.06,29.57,1.1,-2.4,0.7,매수관심,양봉스프링,잔구간,0.87,0.97,2026-10-08
RYN,1.4,18.6,6173077,4498007,114.82,81.26,1.4,0.1,3.3,매수관심,장대양봉,잔구간,0.97,1.28,2026-10-08
SCYX,1.4,4.22,344328,237779,1.45,4.72,0.3,-1.7,-10.2,강한매도,장대음봉,전저점이탈,0.17,-3.15,2026-10-08
HUN,1.4,8.5,3992504,2936091,33.94,24.0,1.4,1.0,-2.5,매도주의,장대음봉,잔구간,0.25,-1.15,2026-10-08
ERIC,1.4,9.5,9404565,6612528,89.34,68.0,1.3,-0.3,0.7,강한매수,양봉,전고점돌파,0.8,2.56,2026-10-08
FEAM,1.4,3.31,1601103,1114151,5.3,3.31,1.6,-0.3,6.8,매수관심,양봉,완만한상승,0.38,1.46,2026-10-08
F,1.4,12.25,59419462,42166576,727.89,520.17,1.4,-0.8,1.9,강한매수,장대양봉,완만한상승,0.89,3.37,2026-10-08
FLWS,1.4,2.73,420498,292848,1.15,0.89,1.3,-1.1,4.6,강한매수,장대양봉,전고점돌파,0.92,4.0,2026-10-08
PAR,1.4,15.43,1052595,778749,16.24,12.12,1.3,0.5,3.9,강한매수,장대양봉,전고점돌파,0.96,4.05,2026-10-08
COTY,1.4,2.79,6971665,5144927,19.45,13.21,1.5,-0.7,0.4,중립,팽이도지,잔구간,0.71,0.125,2026-10-08
CPNG,1.4,15.41,27738482,19582838,427.45,252.35,1.7,-1.1,5.2,강한매수,장대양봉,전고점돌파,0.91,3.99,2026-10-08
SHMD,1.4,3.97,978318,714156,3.88,11.73,0.3,-3.8,-8.1,강한매도,장대음봉,전저점이탈,0.14,-3.18,2026-10-08
CWH,1.4,4.48,3161278,2203160,14.16,12.45,1.1,-2.2,1.4,매수관심,양봉스프링,잔구간,0.91,0.995,2026-10-08
CHWY,1.4,18.91,10657614,7586702,201.54,159.0,1.3,-0.8,4.6,강한매수,장대양봉,완만한상승,0.92,3.4,2026-10-08
SMR,1.4,7.32,43375924,30022603,317.51,248.57,1.3,-2.2,-2.4,매도주의,음봉,전저점이탈,0.39,-1.58,2026-10-08
JMKE,1.4,17.3,4898188,3476273,84.74,62.07,1.4,0.4,5.1,중립,양봉,잔구간,0.61,0.415,2026-10-08
INTR,1.4,7.24,14524731,10132912,105.16,59.98,1.8,-0.7,1.5,매수관심,양봉,완만한상승,0.47,1.56,2026-10-08
NNE,1.4,15.26,2549910,1820093,38.91,29.59,1.3,-1.9,-2.9,중립,음봉,전저점부근,0.4,-0.07,2026-10-08
NPB,1.4,15.69,300137,218547,4.71,3.53,1.3,-0.7,1.6,강한매수,양봉스프링,완만한상승,0.95,2.94,2026-10-08
SNDX,1.4,16.9,2142493,1524778,36.21,29.32,1.2,-0.8,0.0,매수관심,팽이도지,전저점부근,0.57,0.83,2026-10-08
CALY,1.4,13.87,2741136,1951498,38.02,29.64,1.3,-0.4,0.1,매수관심,양봉스프링,잔구간,0.82,0.94,2026-10-08
CCC,1.4,6.57,9822414,7074439,64.53,62.77,1.0,-0.5,0.8,매수관심,팽이도지,완만한상승,0.68,1.12,2026-10-08
CCXI,1.4,11.04,2922771,2149178,32.27,31.46,1.0,2.6,-4.2,강한매도,장대음봉,전저점이탈,0.12,-3.21,2026-10-08
SPT,1.4,11.08,1019133,721357,11.29,7.93,1.4,0.8,4.1,강한매수,장대양봉,전고점돌파,0.91,3.99,2026-10-08
TE,1.4,3.44,24221302,17314329,83.32,74.57,1.1,-1.5,-6.4,강한매도,장대음봉,전저점이탈,0.32,-2.97,2026-10-08
TENX,1.4,1.86,2405247,1750768,4.47,4.25,1.1,0.0,-2.6,중립,음봉,잔구간,0.41,-0.405,2026-10-08
BSCQ,1.4,19.545,1059096,762771,20.7,15.4,1.3,0.0,0.0,강한매수,양봉,전고점돌파,0.5,2.2,2026-10-08
BW,1.4,5.5,7756636,5743222,42.66,33.9,1.3,-2.1,-0.4,중립,팽이도지,잔구간,0.55,0.03,2026-10-08
SVC,1.4,6.22,1649624,1218747,10.26,8.18,1.3,-0.9,-1.6,중립,음봉,수횡파,0.44,-0.17,2026-10-08
STTK,1.4,5.66,2486606,1719548,14.07,9.98,1.4,-1.7,1.8,중립,팽이도지,잔구간,0.52,0.01,2026-10-08
SUPX,1.4,6.87,604748,441776,4.15,3.52,1.2,-3.1,3.5,중립,양봉,잔구간,0.68,0.46,2026-10-08
NEA,1.4,9.99,4091816,3030705,40.88,32.39,1.3,-0.2,1.2,강한매수,장대양봉,완만한상승,1.0,3.5,2026-10-08
NEO,1.4,16.02,3518270,2471910,56.36,47.86,1.2,-1.6,1.9,중립,양봉,잔구간,0.9,0.59,2026-10-08
GPRO,1.4,1.18,11624995,8576609,13.72,12.34,1.1,0.8,-4.1,강한매도,장대음봉,전저점이탈,0.0,-3.35,2026-10-08
HAWK,1.4,14.0,1731621,1268505,24.24,17.74,1.4,-0.1,-0.4,중립,망치형,잔구간,0.89,0.735,2026-10-08
GRNT,1.4,4.8,1688856,1168277,8.11,5.52,1.5,2.2,2.3,강한매수,장대양봉,전고점돌파,1.0,4.1,2026-10-08
GROY,1.4,3.03,1559673,1075872,4.73,3.8,1.2,0.7,4.5,매수관심,장대양봉,잔구간,0.86,1.215,2026-10-08
PRTH,1.4,7.8,1236701,866561,9.65,9.86,1.0,0.0,0.3,강한매수,장대양봉,전고점부근,1.0,2.15,2026-10-08
FRNM,1.4,15.81,948161,680278,14.99,9.27,1.6,-1.1,-0.3,중립,팽이도지,잔구간,0.62,0.07,2026-10-08
FOXF,1.4,18.5,960349,696230,17.77,12.98,1.4,-0.3,-0.3,중립,팽이도지,잔구간,0.54,0.025,2026-10-08
FPF,1.4,15.72,339576,249134,5.34,4.22,1.3,0.5,-0.3,중립,망치형,잔구간,0.68,0.61,2026-10-08
NAD,1.4,10.08,2902248,2087692,29.25,28.21,1.0,0.2,1.3,강한매수,양봉,완만한상승,0.89,2.07,2026-10-08
TAK,1.4,18.52,3510615,2480053,65.02,47.88,1.4,0.1,0.7,강한매수,양봉,완만한상승,1.0,2.2,2026-10-08
BITU,1.4,14.45,6014962,4370552,86.92,62.41,1.4,-2.7,-1.4,중립,망치형,전저점이탈,0.59,0.36,2026-10-08
BMBL,1.4,2.565,2661413,1958016,6.83,5.29,1.3,0.4,2.2,매수관심,장대양봉,잔구간,0.94,1.265,2026-10-08
BNL,1.4,18.24,2865222,2052152,52.26,33.1,1.6,0.3,-0.5,중립,망치형,잔구간,0.69,0.615,2026-10-08
BKKT,1.4,7.03,1622722,1156801,11.41,9.09,1.3,-1.7,-1.7,중립,음봉,잔구간,0.5,-0.35,2026-10-08
USOY,1.4,7.3,543124,399531,3.96,3.1,1.3,0.9,-0.1,중립,팽이도지,완만한상승,0.31,0.67,2026-10-08
TMC,1.4,3.43,5464037,3912611,18.74,15.03,1.2,-0.6,-2.0,매도주의,음봉,전저점이탈,0.6,-1.33,2026-10-08
TNXP,1.4,7.28,1093995,756229,7.96,6.57,1.2,-1.2,-2.4,매도주의,음봉,전저점이탈,0.21,-1.8,2026-10-08
UAMY,1.4,3.72,6491765,4778890,24.15,18.42,1.3,-2.3,-1.3,매도주의,음봉,전저점이탈,0.48,-1.47,2026-10-08
BBAI,1.4,2.42,24976712,17521449,60.44,42.59,1.4,-1.2,-2.4,매도주의,음봉,전저점이탈,0.53,-1.41,2026-10-08
UNCY,1.4,4.07,1176113,824560,4.79,4.27,1.1,-0.5,-2.2,중립,음봉,전저점부근,0.24,-0.26,2026-10-08
UNHG,1.4,17.329,711827,518505,12.34,9.38,1.3,-0.6,-2.4,매도주의,장대음봉,잔구간,0.24,-1.155,2026-10-08
BDTX,1.4,1.81,784998,557655,1.42,1.04,1.4,-1.1,0.0,매수관심,양봉스프링,잔구간,1.0,1.05,2026-10-08
BEKE,1.4,17.09,5202213,3620204,88.91,94.28,0.9,1.5,-0.5,강한매수,망치형,완만한상승,0.62,2.04,2026-10-08
KODK,1.4,9.59,1132170,808267,10.86,7.26,1.5,-1.5,-0.5,중립,음봉,잔구간,0.51,-0.345,2026-10-08
LODE,1.4,2.21,1783517,1278022,3.94,3.19,1.2,0.0,1.8,중립,양봉,잔구간,0.88,0.58,2026-10-08
LENZ,1.4,3.53,1037061,758160,3.66,2.98,1.2,-1.1,-1.4,중립,망치형,잔구간,0.69,0.615,2026-10-08
AVX,1.4,4.99,422697,298848,2.11,3.09,0.7,-2.0,-17.1,강한매도,장대음봉,전저점이탈,0.09,-3.24,2026-10-08
URG,1.4,1.01,8800244,6386955,8.89,7.88,1.1,-0.9,-7.3,강한매도,장대음봉,전저점이탈,0.11,-3.22,2026-10-08
BABX,1.4,15.645,724840,512062,11.34,8.12,1.4,2.0,-4.1,중립,음봉,잔구간,0.22,-0.52,2026-10-08
VERI,1.4,0.585,15594544,11262846,9.12,6.83,1.3,1.3,-16.4,강한매도,장대음봉,전저점이탈,0.03,-3.31,2026-10-08
UUUU,1.4,9.94,11509614,8507954,114.41,83.53,1.4,-2.1,-1.0,중립,팽이도지,전저점이탈,0.48,-0.77,2026-10-08
AREC,1.4,1.65,1836328,1319712,3.03,2.57,1.2,0.0,1.2,중립,양봉,잔구간,0.82,0.54,2026-10-08
ASAN,1.4,9.87,6487869,4776613,64.04,53.37,1.2,0.3,5.4,강한매수,장대양봉,전고점돌파,0.89,3.97,2026-10-08
ARLO,1.4,12.15,1870437,1380474,22.73,18.43,1.2,-0.4,2.1,강한매수,장대양봉,완만한상승,0.85,3.32,2026-10-08
PTLO,1.4,3.9,2358751,1636608,9.2,6.67,1.4,-0.3,3.2,강한매수,양봉,전고점돌파,0.7,2.44,2026-10-08
PTON,1.4,4.92,11371665,8268682,55.95,40.51,1.4,-1.0,2.5,매수관심,장대양봉,잔구간,0.92,1.25,2026-10-08
PUBM,1.4,18.68,997706,736282,18.64,15.43,1.2,-0.8,1.4,매수관심,양봉,완만한상승,0.56,1.67,2026-10-08
PUMP,1.4,9.04,4644038,3367325,41.98,35.31,1.2,0.9,-3.4,매도주의,장대음봉,잔구간,0.16,-1.205,2026-10-08
GUTS,1.4,4.23,300542,217147,1.27,1.13,1.1,-0.4,-6.0,강한매도,장대음봉,전저점이탈,0.23,-3.07,2026-10-08
PLG,1.4,1.27,949309,679388,1.21,1.12,1.1,0.8,0.8,중립,양봉,잔구간,1.0,0.65,2026-10-08
PRGO,1.4,14.5,2879343,2102163,41.75,45.1,0.9,-0.7,0.3,매수관심,양봉스프링,잔구간,0.87,0.97,2026-10-08
PMT,1.4,7.49,3767909,2785387,28.22,19.1,1.5,-5.7,0.5,중립,팽이도지,전저점이탈,0.72,-0.49,2026-10-08
XNDU,1.4,4.12,9049218,6390532,37.28,43.99,0.8,0.0,-8.2,강한매도,장대음봉,전저점이탈,0.24,-3.06,2026-10-08
WRAP,1.4,1.47,721442,523221,1.06,0.69,1.5,-1.9,-7.0,매도주의,장대음봉,잔구간,0.39,-1.065,2026-10-08
MITT,1.4,5.69,624291,452499,3.55,2.91,1.2,-0.5,2.3,매수관심,장대양봉,잔구간,0.9,1.24,2026-10-08
WU,1.4,6.33,10250075,7375585,64.88,50.87,1.3,-0.7,4.3,강한매수,장대양봉,전고점돌파,0.97,4.06,2026-10-08
AAPD,1.4,10.08,7778566,5665807,78.41,60.54,1.3,0.0,-1.1,매도주의,장대음봉,전저점부근,0.22,-1.59,2026-10-08
GDYN,1.3,8.01,1028943,778761,8.24,5.8,1.4,0.1,4.3,매수관심,장대양봉,잔구간,0.98,1.29,2026-10-08
GME.WS,1.3,1.95,958246,740849,1.87,1.46,1.3,-0.6,0.5,중립,위꼬리양봉,잔구간,0.19,-0.685,2026-10-08
GLWG,1.3,12.83,1398156,1068809,17.94,14.84,1.2,-5.3,-8.2,매도주의,장대음봉,전저점부근,0.2,-1.61,2026-10-08
PK,1.3,15.21,4555437,3450142,69.29,58.08,1.2,1.0,-0.9,중립,음봉,잔구간,0.58,-0.3,2026-10-08
GDRX,1.3,3.36,1062030,809221,3.57,2.41,1.5,-0.6,4.0,강한매수,장대양봉,완만한상승,0.81,3.27,2026-10-08
GERN,1.3,1.22,10158142,7904887,12.39,11.51,1.1,0.4,1.2,매수관심,양봉스프링,잔구간,1.0,1.05,2026-10-08
AIRO,1.3,6.15,481814,370593,2.96,2.3,1.3,-1.3,-1.8,매도주의,음봉,전저점이탈,0.4,-1.57,2026-10-08
AIRS,1.3,1.655,1110548,882294,1.84,1.81,1.0,-1.1,-8.1,매도주의,장대음봉,잔구간,0.03,-1.28,2026-10-08
AISP,1.3,2.29,2376300,1896315,5.44,10.96,0.5,3.7,3.2,중립,위꼬리양봉,완만한상승,0.37,-0.26,2026-10-08
AGNT,1.3,4.01,2144758,1678224,8.6,6.27,1.4,-0.1,6.1,강한매수,장대양봉,전고점돌파,0.9,3.98,2026-10-08
AHCO,1.3,6.065,3037832,2304630,18.42,12.55,1.5,-0.5,3.7,매수관심,장대양봉,전고점부근,0.84,1.96,2026-10-08
VREX,1.3,18.47,560623,429350,10.35,8.62,1.2,0.0,0.2,매수관심,장대양봉,잔구간,1.0,1.3,2026-10-08
VSTM,1.3,8.11,3051551,2365509,24.75,18.12,1.4,-0.8,-1.1,강한매수,망치형,수횡파,0.7,2.84,2026-10-08
MRTN,1.3,12.79,901920,694171,11.54,9.68,1.2,0.0,0.9,중립,양봉,잔구간,0.86,0.565,2026-10-08
MAGN,1.3,11.65,461248,343440,5.37,4.43,1.2,-1.5,1.4,중립,양봉,잔구간,0.59,0.405,2026-10-08
AMPG,1.3,2.82,944278,714818,2.66,2.09,1.3,-1.7,-3.1,매도주의,음봉,전저점이탈,0.21,-1.8,2026-10-08
VRDN,1.3,18.34,2443771,1943998,44.82,38.44,1.2,-1.4,1.8,강한매수,양봉,완만한상승,0.88,2.06,2026-10-08
BSCR,1.3,19.575,1026216,774423,20.09,20.02,1.0,0.0,-0.0,중립,음봉,잔구간,0.5,-0.35,2026-10-08
STLN,1.3,6.18,1255980,967452,7.76,6.96,1.1,-0.6,-3.3,매도주의,장대음봉,전저점부근,0.19,-1.62,2026-10-08
SRTA,1.3,4.47,1135671,898993,5.08,4.48,1.1,-0.6,-3.9,강한매도,장대음봉,전저점이탈,0.08,-3.25,2026-10-08
SSL,1.3,15.14,2297106,1801347,34.78,23.97,1.5,4.9,1.7,강한매수,양봉,전고점돌파,0.85,2.62,2026-10-08
LZ,1.3,5.925,3541904,2667951,20.99,15.86,1.3,0.3,1.8,강한매수,장대양봉,전고점돌파,0.91,3.99,2026-10-08
BITX,1.3,18.66,11914906,9322885,222.33,193.51,1.1,-2.7,-1.3,중립,망치형,전저점이탈,0.6,0.37,2026-10-08
TBCH,1.3,12.73,357035,278276,4.55,5.27,0.9,-1.5,-1.7,중립,음봉,잔구간,0.11,-0.585,2026-10-08
TDOC,1.3,5.54,4668708,3674701,25.86,21.67,1.2,-1.1,0.7,매수관심,양봉스프링,잔구간,0.96,1.025,2026-10-08
NB,1.3,3.41,2832213,2141459,9.66,7.79,1.2,-1.2,0.0,중립,팽이도지,잔구간,0.67,0.1,2026-10-08
NBIG,1.3,15.46,3649571,2768523,56.42,49.25,1.1,-3.7,-11.5,강한매도,장대음봉,전저점이탈,0.13,-3.19,2026-10-08
BTCZ,1.3,3.07,26474032,20902489,81.28,56.99,1.4,2.9,1.3,중립,위꼬리양봉,전고점돌파,0.46,0.45,2026-10-08
HSAI,1.3,15.61,1031498,773464,16.1,12.2,1.3,-0.4,-2.0,중립,음봉,잔구간,0.32,-0.46,2026-10-08
HLMN,1.3,7.01,2010966,1555549,14.1,10.53,1.3,-1.2,2.2,중립,양봉,잔구간,0.96,0.625,2026-10-08
HIO,1.3,3.24,575858,459906,1.87,2.23,0.8,0.3,-0.9,매도주의,장대음봉,전저점부근,0.0,-1.85,2026-10-08
ONDL,1.3,4.52,2040111,1565628,9.22,7.51,1.2,-4.1,-5.6,강한매도,장대음봉,전저점이탈,0.2,-3.11,2026-10-08
ONDS,1.3,6.85,60806782,45861058,416.53,431.71,1.0,-1.8,-3.0,강한매도,장대음봉,전저점이탈,0.19,-3.12,2026-10-08
RPAY,1.3,3.87,378227,292751,1.46,1.44,1.0,0.0,1.6,강한매수,장대양봉,완만한상승,0.75,3.2,2026-10-08
RGTI,1.3,14.14,17205367,13746200,243.28,226.52,1.1,-1.2,-1.9,매도주의,음봉,전저점이탈,0.46,-1.5,2026-10-08
OSUR,1.3,3.795,584284,457965,2.22,2.22,1.0,-0.8,2.6,매수관심,양봉,완만한상승,0.61,1.73,2026-10-08
TNDM,1.3,15.675,2899015,2196687,45.44,36.45,1.2,-1.7,0.7,매수관심,양봉스프링,전저점이탈,0.86,1.18,2026-10-08
TOYO,1.3,4.36,331733,264395,1.45,1.55,0.9,-0.7,0.9,중립,위꼬리양봉,완만한상승,0.33,-0.3,2026-10-08
UPBD,1.3,15.69,1605449,1255487,25.19,18.98,1.3,-0.5,1.0,매수관심,팽이도지,완만한상승,0.71,1.15,2026-10-08
BANC,1.3,17.35,3021733,2375879,52.43,42.26,1.2,-0.8,1.9,매수관심,장대양봉,잔구간,0.84,1.205,2026-10-08
AVIR,1.3,5.155,350918,279186,1.81,1.43,1.3,-0.6,3.5,매수관심,양봉,완만한상승,0.77,1.92,2026-10-08
ASTX,1.3,8.84,8091489,6290962,71.53,53.62,1.3,-4.4,-8.3,중립,음봉,잔구간,0.23,-0.51,2026-10-08
TROX,1.3,3.78,2305160,1834949,8.71,7.73,1.1,-1.3,3.3,매수관심,장대양봉,잔구간,0.86,1.215,2026-10-08
MYGN,1.3,4.2,2259576,1729703,9.49,7.75,1.2,-0.9,-0.9,중립,망치형,잔구간,0.73,0.64,2026-10-08
KEEL,1.3,3.15,31351952,25054127,98.76,81.97,1.2,-1.8,-3.7,매도주의,음봉,전저점이탈,0.41,-1.56,2026-10-08
BRCB,1.3,7.16,322448,246958,2.31,1.67,1.4,-0.8,0.3,중립,팽이도지,잔구간,0.51,0.005,2026-10-08
BETR,1.3,10.15,1134370,858318,11.51,9.36,1.2,1.9,0.4,매수관심,팽이도지,완만한상승,0.55,0.96,2026-10-08
BFLY,1.3,8.03,6978401,5386287,56.04,50.18,1.1,-1.8,-1.1,중립,망치형,전저점이탈,0.63,0.41,2026-10-08
BBAR,1.3,12.69,930458,730014,11.81,8.97,1.3,-0.6,-1.6,중립,음봉,잔구간,0.38,-0.42,2026-10-08
BBD,1.3,4.24,74833297,57069464,317.29,203.43,1.6,-1.6,-0.7,매도주의,위꼬리음봉,잔구간,0.18,-0.94,2026-10-08
TSLQ,1.3,17.23,5510878,4252778,94.95,81.23,1.2,1.8,-0.4,매도주의,위꼬리음봉,잔구간,0.11,-0.985,2026-10-08
TRIP,1.3,8.96,3911923,3082321,35.05,30.64,1.1,0.0,3.8,강한매수,장대양봉,전고점돌파,0.9,3.98,2026-10-08
SID,1.3,1.23,11221457,8854468,13.8,12.7,1.1,-1.6,1.7,중립,위꼬리양봉,완만한상승,0.25,-0.4,2026-10-08
SRPT,1.3,18.21,3515399,2620588,64.02,42.37,1.5,-1.3,5.4,매수관심,장대양봉,잔구간,0.94,1.265,2026-10-08
CERS,1.3,2.28,2419512,1797369,5.52,4.26,1.3,-1.3,0.9,매수관심,양봉스프링,잔구간,0.89,0.985,2026-10-08
CGBD,1.3,10.54,661489,503295,6.97,5.21,1.3,-0.5,1.8,매수관심,장대양봉,잔구간,0.76,1.155,2026-10-08
CCCC,1.3,2.85,2827668,2191154,8.06,6.98,1.2,-0.7,1.8,중립,양봉,잔구간,0.81,0.535,2026-10-08
SNDQ,1.3,12.29,24723248,19177891,303.85,252.39,1.2,2.3,7.1,매수관심,장대양봉,전고점부근,0.72,1.81,2026-10-08
IREX,1.3,10.02,2147423,1601964,21.52,20.93,1.0,-4.2,-11.6,강한매도,장대음봉,전저점이탈,0.18,-3.13,2026-10-08
IBX,1.3,16.28,653057,493452,10.63,7.8,1.4,-0.6,6.1,매수관심,장대양봉,잔구간,0.93,1.26,2026-10-08
HTZ,1.3,1.96,22178083,17124184,43.47,37.68,1.2,-2.9,-2.5,중립,음봉,잔구간,0.5,-0.35,2026-10-08
NX,1.3,18.54,577031,432012,10.7,7.09,1.5,-1.4,2.2,중립,양봉,잔구간,0.88,0.58,2026-10-08
SES,1.3,0.782,37373419,29395527,29.24,20.33,1.4,-3.5,11.8,강한매수,장대양봉,완만한상승,0.94,3.43,2026-10-08
SBH,1.3,16.03,1878697,1464708,30.12,22.33,1.3,-0.7,-2.1,매도주의,장대음봉,잔구간,0.15,-1.21,2026-10-08
DLO,1.3,15.0,1853420,1465884,27.8,22.93,1.2,-0.9,2.5,강한매수,장대양봉,완만한상승,0.69,3.13,2026-10-08
RZLT,1.3,4.64,2198166,1696319,10.2,8.88,1.1,-1.1,7.2,강한매수,장대양봉,전고점부근,0.88,2.01,2026-10-08
CWK,1.3,11.83,4505030,3544630,53.29,36.62,1.5,-1.1,4.7,강한매수,장대양봉,완만한상승,0.92,3.4,2026-10-08
CTGO,1.3,16.28,359420,274648,5.85,6.21,0.9,0.0,0.2,중립,팽이도지,완만한상승,0.37,0.74,2026-10-08
SKDD,1.3,8.03,5226978,4046383,41.97,24.5,1.7,2.2,6.2,강한매수,양봉,전고점돌파,0.64,2.37,2026-10-08
EXG,1.3,9.36,743380,555274,6.96,5.46,1.3,0.4,-0.2,중립,음봉,잔구간,0.14,-0.565,2026-10-08
EXK,1.3,8.57,7255592,5523818,62.18,60.87,1.0,-1.2,4.3,강한매수,장대양봉,완만한상승,0.99,3.49,2026-10-08
EYE,1.3,16.74,2129092,1683786,35.64,30.04,1.2,-0.7,0.2,중립,팽이도지,잔구간,0.48,-0.01,2026-10-08
SAIQ,1.3,5.51,7209115,5527114,39.72,110.78,0.4,-2.3,45.0,매수관심,장대양봉,잔구간,0.95,1.27,2026-10-08
ENVX,1.3,2.5,6639077,5267217,16.6,21.25,0.8,-1.2,-0.8,중립,팽이도지,전저점이탈,0.5,-0.75,2026-10-08
RETL,1.3,7.52,316264,252369,2.38,1.87,1.3,-1.5,4.7,강한매수,장대양봉,전고점돌파,0.8,3.86,2026-10-08
RARE,1.3,15.29,5396933,4140168,82.52,64.74,1.3,-0.7,3.4,중립,양봉,잔구간,0.79,0.525,2026-10-08
IMUX,1.3,7.56,589747,469877,4.46,4.17,1.1,0.3,-1.2,중립,망치형,잔구간,0.77,0.66,2026-10-08
INGN,1.3,5.94,454410,350933,2.7,2.44,1.1,-0.5,2.6,매수관심,장대양봉,잔구간,1.0,1.3,2026-10-08
SMCY,1.3,5.43,1114340,859327,6.05,5.12,1.2,-2.8,-1.8,중립,음봉,잔구간,0.51,-0.345,2026-10-08
CLVT,1.3,1.63,4544186,3586635,7.41,5.99,1.2,-0.7,11.6,매수관심,장대양봉,잔구간,0.85,1.21,2026-10-08
CIG,1.3,2.36,5871004,4362104,13.86,11.94,1.2,0.0,1.7,매수관심,양봉,완만한상승,0.56,1.67,2026-10-08
NTSK,1.3,19.61,5965316,4660276,116.98,105.36,1.1,-1.4,3.3,강한매수,장대양봉,완만한상승,0.97,3.46,2026-10-08
DNOW,1.3,15.65,2747631,2174086,43.0,30.93,1.4,0.1,1.8,매수관심,장대양봉,잔구간,0.79,1.175,2026-10-08
DNLI,1.3,18.67,2366484,1828708,44.18,40.41,1.1,-0.8,-1.7,매도주의,음봉,전저점이탈,0.5,-1.45,2026-10-08
DDD,1.3,3.35,2969409,2371990,9.95,8.0,1.2,-1.5,-0.3,강한매수,망치형,전저점부근,0.74,3.04,2026-10-08
OFIX,1.3,9.0,588101,459857,5.29,4.62,1.1,-0.2,-2.0,중립,음봉,전저점부근,0.33,-0.15,2026-10-08
DX,1.3,10.7,11385905,8946813,121.83,94.12,1.3,-0.7,1.9,중립,양봉,잔구간,0.94,0.615,2026-10-08
NCNO,1.3,19.68,2333223,1825349,45.92,38.84,1.2,0.0,3.1,강한매수,장대양봉,전고점돌파,0.87,3.94,2026-10-08
CC,1.3,13.83,2722880,2092775,37.66,27.7,1.4,-0.7,-0.4,중립,팽이도지,잔구간,0.26,-0.145,2026-10-08
SVM,1.3,10.31,2035041,1611949,20.98,19.61,1.1,-0.3,3.0,매수관심,장대양봉,잔구간,1.0,1.3,2026-10-08
SIBN,1.3,18.86,762773,589828,14.39,11.14,1.3,-0.6,-0.6,중립,망치형,잔구간,0.63,0.58,2026-10-08
CRCT,1.3,6.4,754042,575394,4.83,4.09,1.2,-0.9,1.6,중립,양봉,잔구간,0.53,0.37,2026-10-08
SVCO,1.3,7.99,450192,338088,3.6,3.44,1.0,-1.2,-3.7,매도주의,장대음봉,잔구간,0.22,-1.17,2026-10-08
GOF,1.3,8.74,3232223,2562690,28.25,23.62,1.2,0.3,0.7,강한매수,양봉,완만한상승,0.88,2.06,2026-10-08
PCG,1.3,12.67,47031893,35533070,595.89,458.21,1.3,-0.2,-0.7,중립,음봉,잔구간,0.44,-0.385,2026-10-08
PACK,1.3,3.9,635207,487194,2.48,2.19,1.1,-2.0,1.6,중립,양봉,잔구간,0.87,0.57,2026-10-08
AESI,1.3,12.16,3950951,3118626,48.04,56.04,0.9,-0.1,-2.3,매도주의,장대음봉,잔구간,0.17,-1.2,2026-10-08
PATH,1.3,13.25,34333103,26160475,454.91,453.63,1.0,0.1,1.3,매수관심,양봉,완만한상승,0.68,1.82,2026-10-08
RA,1.3,11.58,478402,375092,5.54,3.83,1.4,-0.3,1.0,강한매수,장대양봉,완만한상승,0.87,3.34,2026-10-08
RAMZ,1.3,15.36,588796,444860,9.04,6.28,1.4,4.1,6.0,강한매수,장대양봉,전고점돌파,0.81,3.87,2026-10-08
HAFN,1.3,10.85,4042614,3166013,43.86,38.29,1.1,2.4,2.6,강한매수,장대양봉,전고점돌파,0.87,3.94,2026-10-08
ARCO,1.3,8.12,3733222,2947242,30.31,21.75,1.4,-0.8,3.6,강한매수,장대양봉,완만한상승,0.69,3.13,2026-10-08
ANTX,1.3,4.68,427826,341734,2.0,1.61,1.2,-1.6,-1.9,강한매수,망치형,전저점부근,0.58,2.85,2026-10-08
PAL,1.3,3.51,692700,551611,2.43,3.09,0.8,-0.9,3.5,강한매수,양봉,완만한상승,0.89,2.07,2026-10-08
ALMS,1.3,6.97,2853122,2150795,19.89,15.65,1.3,-1.6,4.7,매수관심,장대양봉,잔구간,0.88,1.23,2026-10-08
ALXO,1.3,1.18,1809790,1412937,2.14,1.9,1.1,0.0,4.4,중립,양봉,잔구간,0.83,0.55,2026-10-08
VXX,1.3,17.24,10056644,7991065,173.38,135.32,1.3,0.6,1.4,매수관심,양봉,완만한상승,0.54,1.65,2026-10-08
AQST,1.3,4.76,2319789,1814789,11.04,8.78,1.3,0.0,3.0,강한매수,양봉,전고점돌파,0.7,2.44,2026-10-08
LBRT,1.3,18.85,5497892,4170758,103.64,82.5,1.3,0.4,-3.3,중립,음봉,잔구간,0.25,-0.5,2026-10-08
LABD,1.3,8.24,36441806,27077001,300.28,211.42,1.4,2.7,-0.7,매도주의,위꼬리음봉,완만한상승,0.09,-1.09,2026-10-08
LAC,1.3,2.36,8972316,7088109,21.17,20.41,1.0,-0.8,-1.3,매도주의,음봉,전저점이탈,0.45,-1.51,2026-10-08
MSTW,1.3,4.76,1576353,1172832,7.5,6.18,1.2,-2.3,0.8,중립,팽이도지,전저점이탈,0.7,-0.51,2026-10-08
VIVO,1.3,3.22,423157,318063,1.36,1.7,0.8,-2.2,1.3,매수관심,양봉스프링,잔구간,0.83,0.95,2026-10-08
VIXY,1.3,16.5,2551946,1897620,42.11,29.17,1.4,0.8,1.1,매수관심,양봉,완만한상승,0.43,1.52,2026-10-08
ASLE,1.3,4.92,726799,558882,3.58,2.59,1.4,-0.2,1.9,중립,양봉,잔구간,0.45,0.32,2026-10-08
ARMG,1.3,18.77,1723374,1367617,32.35,43.15,0.7,-7.3,-6.2,매도주의,음봉,전저점이탈,0.33,-1.65,2026-10-08
LFMD,1.3,2.65,931448,710572,2.47,1.98,1.2,-0.7,-4.3,강한매도,장대음봉,전저점이탈,0.2,-3.11,2026-10-08
XGN,1.3,8.17,362585,281914,2.96,2.58,1.1,-0.7,-0.8,중립,망치형,잔구간,0.7,0.62,2026-10-08
ADMA,1.3,10.33,3903034,2921554,40.32,31.01,1.3,-0.5,2.4,중립,양봉,전고점부근,0.72,0.51,2026-10-08
ADT,1.3,6.5,9191009,7146236,59.74,47.42,1.3,0.0,3.2,강한매수,장대양봉,전고점돌파,0.96,4.05,2026-10-08
ADAM,1.3,7.65,1419843,1132027,10.86,9.61,1.1,-0.5,2.7,강한매수,장대양봉,완만한상승,0.82,3.28,2026-10-08
WWW,1.3,19.0,1280431,952689,24.33,16.13,1.5,-0.8,1.6,중립,양봉,잔구간,0.57,0.39,2026-10-08
YSS,1.3,7.23,2470392,1871994,17.86,16.89,1.1,-1.5,-0.6,강한매수,망치형,전저점부근,0.66,2.94,2026-10-08
ABEV,1.3,3.19,33506749,24886026,106.89,68.97,1.5,-0.3,1.6,강한매수,장대양봉,완만한상승,1.0,3.5,2026-10-08
YELP,1.3,19.37,1970624,1476559,38.17,26.31,1.5,0.2,5.0,강한매수,장대양봉,전고점돌파,0.93,4.02,2026-10-08
MICC,1.2,17.44,1160059,976609,20.23,14.18,1.4,0.2,2.6,매수관심,장대양봉,잔구간,1.0,1.3,2026-10-08
MFG,1.2,10.67,3950770,3316071,42.15,38.47,1.1,-1.7,0.8,중립,양봉,잔구간,1.0,0.65,2026-10-08
MATW,1.2,19.31,955004,825646,18.44,19.69,0.9,-0.9,-0.5,중립,팽이도지,잔구간,0.46,-0.025,2026-10-08
MBC,1.2,6.93,2996295,2452439,20.76,20.87,1.0,-1.2,1.2,강한매수,양봉,완만한상승,0.87,2.04,2026-10-08
XFOR,1.2,2.79,836503,670286,2.33,3.01,0.8,-1.4,0.7,매수관심,양봉스프링,잔구간,0.82,0.94,2026-10-08
ADUR,1.2,11.18,357677,293216,4.0,3.27,1.2,-1.1,1.5,중립,양봉,잔구간,0.69,0.465,2026-10-08
PLUG,1.2,1.73,54057281,45017666,93.52,92.63,1.0,-1.1,-1.7,매도주의,음봉,전저점이탈,0.25,-1.75,2026-10-08
MSTX,1.2,17.63,9005647,7716883,158.77,139.95,1.1,-4.1,1.7,중립,팽이도지,전저점이탈,0.66,-0.56,2026-10-08
VIPS,1.2,12.72,3719330,3042160,47.31,33.85,1.4,-0.5,0.1,중립,팽이도지,잔구간,0.51,0.005,2026-10-08
VIR,1.2,11.12,3071272,2581264,34.15,24.65,1.4,0.0,-3.5,중립,음봉,잔구간,0.47,-0.37,2026-10-08
AQN,1.2,5.08,5996077,5112772,30.46,23.84,1.3,0.4,0.0,강한매수,양봉스프링,완만한상승,0.76,2.71,2026-10-08
LFTO,1.2,16.15,833558,705152,13.46,9.88,1.4,-0.5,2.6,강한매수,장대양봉,완만한상승,0.89,3.37,2026-10-08
LBTYA,1.2,8.93,5010353,4123696,44.74,34.76,1.3,-1.0,-0.9,중립,망치형,잔구간,0.59,0.555,2026-10-08
LAES,1.2,2.25,3813798,3200429,8.58,8.89,1.0,-1.3,-2.6,매도주의,음봉,전저점이탈,0.43,-1.53,2026-10-08
UPWK,1.2,8.57,2574434,2227736,22.06,20.24,1.1,-0.4,2.4,강한매수,장대양봉,전고점돌파,0.92,4.0,2026-10-08
AMPY,1.2,4.58,573413,476700,2.63,2.18,1.2,2.0,0.7,중립,위꼬리양봉,전고점돌파,0.36,0.33,2026-10-08
ALT,1.2,2.6,4931190,4046129,12.82,11.22,1.1,0.0,-2.3,매도주의,음봉,전저점이탈,0.45,-1.51,2026-10-08
ALIT,1.2,9.76,565221,487707,5.52,5.42,1.0,-0.7,-1.0,중립,망치형,잔구간,0.61,0.565,2026-10-08
VUZI,1.2,2.54,1413557,1195376,3.59,3.24,1.1,0.4,-5.9,강한매도,장대음봉,전저점이탈,0.18,-3.13,2026-10-08
VET,1.2,11.86,1219836,1036323,14.47,13.32,1.1,2.7,0.2,중립,팽이도지,전고점부근,0.54,-0.4,2026-10-08
VG,1.2,13.29,12706631,10924256,168.87,153.24,1.1,2.6,-0.7,중립,팽이도지,완만한상승,0.41,0.79,2026-10-08
AMTX,1.2,1.73,621763,516757,1.08,1.12,1.0,-1.1,0.0,중립,위꼬리양봉,잔구간,0.23,-0.66,2026-10-08
ANGI,1.2,6.28,846633,714664,5.32,4.54,1.2,-0.7,3.6,강한매수,장대양봉,완만한상승,0.99,3.49,2026-10-08
AMC,1.2,2.88,23919579,20541763,68.89,87.74,0.8,-1.9,1.9,매수관심,양봉,완만한상승,0.6,1.72,2026-10-08
OVID,1.2,2.34,1649253,1396077,3.86,3.43,1.1,-1.7,0.9,중립,양봉,잔구간,0.71,0.475,2026-10-08
RAM,1.2,12.13,11252941,9041154,136.5,112.07,1.2,-3.9,-6.4,강한매도,장대음봉,전저점이탈,0.21,-3.1,2026-10-08
FLYW,1.2,18.43,1530632,1244351,28.21,26.73,1.1,-1.0,2.6,강한매수,장대양봉,전고점돌파,0.94,4.03,2026-10-08
FNB,1.2,17.28,5664413,4894759,97.88,87.44,1.1,-0.5,1.8,매수관심,장대양봉,잔구간,0.97,1.28,2026-10-08
GOGO,1.2,2.26,2036367,1694980,4.6,3.75,1.2,0.0,1.8,매수관심,양봉,완만한상승,0.79,1.95,2026-10-08
PEB,1.2,18.98,2719708,2352061,51.62,45.99,1.1,-0.5,2.0,강한매수,장대양봉,완만한상승,0.83,3.3,2026-10-08
PEPG,1.2,2.38,845099,693589,2.01,2.35,0.9,-0.8,0.0,중립,팽이도지,잔구간,0.6,0.06,2026-10-08
PD,1.2,15.8,2019541,1620370,31.91,27.64,1.2,0.5,2.3,강한매수,장대양봉,완만한상승,0.87,3.34,2026-10-08
CONL,1.2,4.85,21339442,17082049,103.5,109.63,0.9,-4.1,-3.3,강한매도,음봉,전저점이탈,0.02,-2.03,2026-10-08
CORD,1.2,3.235,15014014,12390068,48.57,41.45,1.2,3.9,11.6,강한매수,장대양봉,전고점돌파,0.86,3.93,2026-10-08
CNH,1.2,12.13,18078037,14463090,219.29,188.01,1.2,-2.5,-0.2,중립,팽이도지,전저점이탈,0.56,-0.68,2026-10-08
COHH,1.2,5.97,1246945,1083619,7.44,8.0,0.9,-8.6,-11.6,매도주의,장대음봉,잔구간,0.12,-1.23,2026-10-08
SERV,1.2,4.45,2906629,2497781,12.93,12.18,1.1,-1.8,-2.7,중립,음봉,잔구간,0.3,-0.47,2026-10-08
NUS,1.2,4.77,571400,470795,2.73,2.16,1.3,0.0,-0.6,중립,망치형,잔구간,0.62,0.57,2026-10-08
NRGV,1.2,3.31,3342500,2826708,11.06,13.35,0.8,-2.2,-7.5,강한매도,장대음봉,전저점이탈,0.07,-3.27,2026-10-08
SHC,1.2,17.83,2250537,1841655,40.13,31.42,1.3,-0.6,0.2,매도주의,팽이도지,전저점이탈,0.43,-0.83,2026-10-08
SHEN,1.2,11.52,922864,775047,10.63,9.77,1.1,-0.7,-2.0,중립,음봉,잔구간,0.48,-0.36,2026-10-08
SHLS,1.2,8.42,4783200,3894418,40.27,30.78,1.3,0.0,0.4,강한매수,양봉스프링,완만한상승,0.81,2.77,2026-10-08
SFL,1.2,13.56,1437598,1214631,19.49,17.46,1.1,1.3,0.8,강한매수,양봉,완만한상승,0.88,2.06,2026-10-08
SG,1.2,9.57,6422315,5324728,61.46,49.11,1.3,-1.0,5.5,강한매수,장대양봉,전고점돌파,0.89,3.97,2026-10-08
SGHT,1.2,8.47,438488,368879,3.71,3.74,1.0,-1.4,1.4,매수관심,양봉스프링,잔구간,0.97,1.03,2026-10-08
SVV,1.2,9.28,1879237,1527029,17.44,12.41,1.4,0.8,-0.3,강한매수,망치형,완만한상승,0.73,2.18,2026-10-08
BV,1.2,10.46,1249290,1064121,13.07,11.22,1.2,-0.3,0.9,매수관심,양봉,완만한상승,0.77,1.92,2026-10-08
BTX,1.2,9.24,596230,498551,5.51,4.25,1.3,-0.4,-1.3,중립,음봉,잔구간,0.36,-0.435,2026-10-08
BUR,1.2,3.44,2265453,1958719,7.79,8.69,0.9,-1.4,-0.3,중립,망치형,전저점이탈,0.91,0.74,2026-10-08
BSCW,1.2,19.72,635398,547472,12.53,9.77,1.3,-0.1,0.3,강한매수,장대양봉,전고점돌파,1.0,4.1,2026-10-08
BTAL,1.2,12.25,704068,569752,8.62,6.79,1.3,0.7,1.3,강한매수,장대양봉,전고점돌파,0.79,3.85,2026-10-08
NOMD,1.2,11.05,1728156,1425444,19.1,14.83,1.3,0.6,-0.2,강한매수,망치형,완만한상승,0.82,2.28,2026-10-08
NMR,1.2,9.54,782476,657644,7.46,6.88,1.1,-0.8,1.0,중립,양봉,잔구간,0.97,0.63,2026-10-08
NNBR,1.2,4.01,2872636,2321797,11.52,14.88,0.8,-1.5,1.3,중립,양봉,잔구간,0.76,0.505,2026-10-08
NFXL,1.2,14.57,2180142,1818241,31.76,19.96,1.6,1.0,4.4,강한매수,장대양봉,전고점부근,0.99,2.14,2026-10-08
NHP,1.2,15.19,801302,655505,12.17,11.4,1.1,-0.5,-0.8,매도주의,음봉,전저점이탈,0.12,-1.91,2026-10-08
NLY,1.2,18.27,21317982,17894990,389.48,323.65,1.2,-0.7,2.6,매수관심,장대양봉,잔구간,0.85,1.21,2026-10-08
NEWT,1.2,11.05,302193,243594,3.34,2.77,1.2,-1.0,2.0,중립,양봉,잔구간,0.97,0.63,2026-10-08
DFDV,1.2,4.58,2711362,2215753,12.42,12.08,1.0,-3.0,0.2,매수관심,양봉스프링,잔구간,0.85,0.96,2026-10-08
RUN,1.2,7.59,8691524,7256720,65.97,64.01,1.0,-1.9,1.7,중립,양봉,잔구간,0.96,0.625,2026-10-08
RXT,1.2,3.62,5694424,4624753,20.61,18.21,1.1,-1.6,-4.5,매도주의,음봉,전저점이탈,0.34,-1.64,2026-10-08
RYAM,1.2,6.93,1435310,1207209,9.95,7.8,1.3,-0.9,3.0,중립,양봉,잔구간,0.83,0.55,2026-10-08
DXD,1.2,17.96,3878093,3173123,69.65,68.44,1.0,0.9,-1.0,매도주의,장대음봉,잔구간,0.02,-1.29,2026-10-08
EAF,1.2,8.85,517339,436777,4.58,5.57,0.8,-0.7,4.2,강한매수,양봉,완만한상승,0.92,2.1,2026-10-08
DRVN,1.2,11.77,1032058,879077,12.15,11.24,1.1,-0.7,1.4,매수관심,양봉,완만한상승,0.56,1.67,2026-10-08
DSGN,1.2,11.49,674849,577682,7.75,6.33,1.2,-1.2,-0.5,중립,팽이도지,전저점이탈,0.51,-0.74,2026-10-08
DSP,1.2,13.16,624350,500995,8.22,6.53,1.3,-1.3,4.4,강한매수,장대양봉,전고점돌파,0.68,3.72,2026-10-08
DRH,1.2,12.6,3595587,3040782,45.3,37.44,1.2,0.5,1.5,중립,양봉,잔구간,0.87,0.57,2026-10-08
SMU,1.2,13.59,477480,408070,6.49,6.71,1.0,-3.9,-5.3,매도주의,음봉,전저점이탈,0.36,-1.62,2026-10-08
SLRC,1.2,11.5,416413,357027,4.79,4.41,1.1,-0.1,0.8,중립,양봉,잔구간,0.72,0.48,2026-10-08
SMCX,1.2,14.676,4539405,3650181,66.62,57.11,1.2,-4.1,-6.0,중립,음봉,잔구간,0.35,-0.44,2026-10-08
CMRE,1.2,15.29,400310,344634,6.12,5.1,1.2,1.0,0.7,중립,양봉,잔구간,0.79,0.525,2026-10-08
CLF,1.2,12.19,17713309,14700662,215.93,184.82,1.2,-1.6,2.7,강한매수,장대양봉,완만한상승,0.76,3.21,2026-10-08
IQ,1.2,1.01,5247513,4393983,5.3,5.28,1.0,-1.5,1.0,중립,양봉,잔구간,0.66,0.445,2026-10-08
INO,1.2,1.09,3214986,2742395,3.5,2.96,1.2,1.3,-6.8,강한매도,장대음봉,전저점이탈,0.11,-3.22,2026-10-08
IMXI,1.2,12.43,621002,512723,7.72,8.72,0.9,0.2,0.6,중립,팽이도지,전고점부근,0.56,-0.38,2026-10-08
INFQ,1.2,11.16,8253056,6658505,92.1,90.06,1.0,-1.2,-3.0,매도주의,음봉,전저점이탈,0.27,-1.73,2026-10-08
SMPL,1.2,10.11,2621850,2133713,26.51,20.69,1.3,0.6,1.6,강한매수,양봉,완만한상승,0.86,2.03,2026-10-08
CRDU,1.2,10.56,6307002,5478255,66.6,63.68,1.0,-4.2,-3.3,중립,팽이도지,잔구간,0.29,-0.125,2026-10-08
QBTS,1.2,14.6,16760559,13892064,244.7,244.55,1.0,-1.6,-2.5,매도주의,음봉,전저점이탈,0.35,-1.63,2026-10-08
ETW,1.2,9.54,317052,268297,3.02,2.6,1.2,0.3,0.2,매수관심,팽이도지,완만한상승,0.63,1.06,2026-10-08
ESRT,1.2,4.58,6141463,5305362,28.13,20.1,1.4,0.2,2.2,중립,양봉,전고점부근,0.86,0.68,2026-10-08
RES,1.2,6.0,2538152,2063796,15.23,12.74,1.2,1.5,-0.5,중립,음봉,완만한상승,0.63,0.36,2026-10-08
FHTX,1.2,1.99,1228058,986325,2.44,5.78,0.4,-1.9,-2.9,중립,팽이도지,잔구간,0.41,-0.055,2026-10-08
FLG,1.2,11.35,7410619,6143812,84.11,72.55,1.2,-0.4,0.9,중립,양봉,잔구간,0.86,0.565,2026-10-08
EXFY,1.2,2.3,457026,388083,1.05,1.2,0.9,0.0,1.3,매수관심,양봉,완만한상승,0.72,1.86,2026-10-08
QID,1.2,12.93,36042073,30967642,466.02,454.06,1.0,1.1,1.7,중립,양봉,잔구간,0.68,0.46,2026-10-08
QNST,1.2,15.99,1082550,924673,17.31,14.31,1.2,0.0,3.8,강한매수,장대양봉,전고점돌파,0.94,4.03,2026-10-08
SANA,1.2,2.79,4515259,3764977,12.6,10.25,1.2,0.0,2.6,중립,양봉,잔구간,0.87,0.57,2026-10-08
SB,1.2,8.82,1414237,1215186,12.47,12.1,1.0,1.2,3.2,매수관심,장대양봉,잔구간,0.98,1.29,2026-10-08
CTOS,1.2,9.37,949685,776807,8.9,8.34,1.1,-2.3,1.6,중립,양봉,잔구간,0.57,0.39,2026-10-08
OCS,1.2,8.66,452012,363194,3.91,3.04,1.3,0.0,1.9,중립,양봉,잔구간,0.76,0.505,2026-10-08
NVDY,1.2,12.62,1976704,1604705,24.95,21.05,1.2,-1.3,-1.7,강한매도,장대음봉,전저점이탈,0.09,-3.24,2026-10-08
SBGI,1.2,13.14,672642,539260,8.84,6.53,1.4,-0.3,1.0,강한매수,양봉,전고점돌파,0.45,2.14,2026-10-08
BZUN,1.2,3.25,318888,266603,1.04,1.09,0.9,-3.1,-5.5,매도주의,장대음봉,잔구간,0.26,-1.145,2026-10-08
SOFI,1.2,15.61,49893709,40214799,778.84,680.02,1.1,-1.7,1.4,중립,양봉,잔구간,0.9,0.59,2026-10-08
SNDG,1.2,8.78,5585342,4759782,49.04,54.74,0.9,-2.9,-7.1,강한매도,장대음봉,전저점이탈,0.29,-3.0,2026-10-08
JRVR,1.2,3.62,344835,293460,1.25,1.17,1.1,-0.6,3.4,강한매수,장대양봉,전고점돌파,0.96,4.05,2026-10-08
CIEG,1.2,5.8,952183,770108,5.52,3.62,1.5,-4.4,-5.4,중립,음봉,잔구간,0.19,-0.535,2026-10-08
SKHU,1.2,18.64,342150,284392,6.38,6.17,1.0,-2.3,-6.3,매도주의,음봉,전저점이탈,0.38,-1.59,2026-10-08
SPCQ,1.2,8.98,2549797,2100104,22.9,19.8,1.2,0.5,8.2,매수관심,장대양봉,잔구간,0.96,1.275,2026-10-08
CERT,1.2,8.64,4125083,3422170,35.64,29.04,1.2,-0.7,-2.9,강한매도,장대음봉,전저점이탈,0.16,-3.16,2026-10-08
KBWD,1.2,10.733,836605,711347,8.98,6.64,1.4,-0.5,1.4,매수관심,장대양봉,잔구간,0.97,1.28,2026-10-08
KD,1.2,11.88,5355692,4464041,63.63,54.76,1.2,-0.5,4.3,매수관심,장대양봉,잔구간,0.92,1.25,2026-10-08
NCDL,1.2,10.89,316983,262993,3.45,3.15,1.1,-0.3,2.2,매수관심,장대양봉,잔구간,0.92,1.25,2026-10-08
MYN,1.2,8.65,641022,552610,5.54,4.65,1.2,-0.2,-0.8,매도주의,음봉,전저점이탈,0.44,-1.52,2026-10-08
MVST,1.2,0.584,3365792,2913152,1.97,2.23,0.9,-1.3,-3.9,강한매도,장대음봉,전저점이탈,0.28,-3.01,2026-10-08
KOPN,1.2,4.2,3536088,2929911,14.85,14.79,1.0,-1.5,-6.7,강한매도,장대음봉,전저점이탈,0.21,-3.1,2026-10-08
KRO,1.2,7.82,344909,294941,2.7,2.46,1.1,-0.1,0.6,중립,양봉,잔구간,0.65,0.44,2026-10-08
KBDC,1.2,12.51,419948,347341,5.25,5.41,1.0,0.0,0.9,중립,양봉,잔구간,0.95,0.62,2026-10-08
UPXI,1.2,1.08,2564027,2090597,2.77,3.81,0.7,-0.9,0.9,매수관심,양봉스프링,잔구간,1.0,1.05,2026-10-08
AVS,1.2,8.01,11595534,9768506,92.88,75.14,1.2,1.5,2.8,매수관심,장대양봉,잔구간,0.83,1.2,2026-10-08
ATEC,1.2,10.35,2643601,2126716,27.36,21.02,1.3,-1.0,2.0,중립,양봉,잔구간,0.85,0.56,2026-10-08
ATOM,1.2,4.13,531737,427230,2.2,1.91,1.1,-1.6,-4.0,매도주의,장대음봉,전저점부근,0.13,-1.69,2026-10-08
TMQ,1.2,2.81,1482162,1263458,4.16,3.68,1.1,-0.7,-0.7,중립,팽이도지,전저점이탈,0.53,-0.71,2026-10-08
TIC,1.2,8.82,1615936,1351365,14.25,12.4,1.1,-1.1,1.7,중립,양봉,잔구간,0.94,0.615,2026-10-08
TIMB,1.2,18.7,875275,735151,16.37,12.63,1.3,-1.4,-0.3,중립,팽이도지,잔구간,0.5,0.0,2026-10-08
USAS,1.2,4.24,3432053,2786751,14.55,15.22,1.0,-0.5,2.2,매수관심,양봉,완만한상승,0.81,1.97,2026-10-08
RPC,1.2,7.98,671782,551749,5.36,4.39,1.2,-0.5,1.4,강한매수,양봉,완만한상승,0.89,2.07,2026-10-08
RSKD,1.2,8.04,2249009,1931864,18.08,23.55,0.8,1.4,-1.5,중립,음봉,잔구간,0.43,-0.39,2026-10-08
RITM,1.2,8.62,9147123,7442259,78.85,72.72,1.1,-0.6,1.7,중립,양봉,잔구간,0.88,0.58,2026-10-08
ENIC,1.2,4.4,610562,506841,2.69,2.19,1.2,-0.9,2.8,매수관심,장대양봉,전고점부근,0.86,1.98,2026-10-08
EIDO,1.2,11.67,880537,759556,10.28,9.93,1.0,-1.4,-0.2,중립,음봉,잔구간,0.27,-0.49,2026-10-08
ELDN,1.2,2.42,834619,721692,2.02,1.91,1.1,-0.8,0.8,강한매수,양봉스프링,완만한상승,0.75,2.7,2026-10-08
DUOT,1.2,7.8,809910,693380,6.32,5.47,1.2,-2.0,-7.0,강한매도,장대음봉,전저점이탈,0.11,-3.22,2026-10-08
ORC,1.2,5.02,11471806,9529535,57.59,43.64,1.3,-0.8,1.2,중립,양봉,잔구간,0.85,0.56,2026-10-08
PZZA,1.2,19.46,1422941,1199280,27.69,27.81,1.0,0.3,0.2,중립,팽이도지,잔구간,0.6,0.06,2026-10-08
TASK,1.2,8.01,365931,311752,2.93,3.34,0.9,-0.5,2.0,매수관심,장대양봉,잔구간,0.9,1.24,2026-10-08
TAL,1.2,12.49,2535307,2158564,31.67,28.71,1.1,-0.8,-1.3,중립,음봉,잔구간,0.03,-0.63,2026-10-08
STNE,1.2,11.6,7176336,6081913,83.25,85.88,1.0,0.0,0.8,중립,위꼬리양봉,완만한상승,0.27,-0.38,2026-10-08
SSMR,1.2,14.63,300474,248487,4.4,4.2,1.0,-0.4,-1.3,중립,팽이도지,잔구간,0.5,0.0,2026-10-08
TK,1.2,15.37,689008,574290,10.59,7.84,1.4,1.1,3.2,강한매수,장대양봉,전고점돌파,0.96,4.05,2026-10-08
MGNX,1.2,3.55,768068,633674,2.73,2.92,0.9,-0.6,0.6,중립,팽이도지,잔구간,0.68,0.11,2026-10-08
MHD,1.2,10.1,1597261,1313838,16.13,13.25,1.2,0.4,0.2,매수관심,팽이도지,완만한상승,0.75,1.2,2026-10-08
ABEO,1.2,4.96,1625454,1308644,8.06,5.71,1.4,-0.8,-1.6,매도주의,장대음봉,잔구간,0.18,-1.19,2026-10-08
AAL,1.2,12.8,67229354,55083220,860.54,835.64,1.0,-1.9,1.6,매수관심,장대양봉,잔구간,0.87,1.22,2026-10-08
ACHR,1.2,4.72,29060628,24009249,137.17,121.06,1.1,-0.7,1.8,매수관심,장대양봉,잔구간,0.81,1.185,2026-10-08
ZUMZ,1.2,14.21,345277,287777,4.91,4.56,1.1,-1.1,1.7,중립,양봉,전고점부근,0.93,0.77,2026-10-08
POEL,1.2,6.67,360151,307997,2.4,2.17,1.1,-5.1,-4.7,매도주의,음봉,전저점이탈,0.55,-1.39,2026-10-08
MRAM,1.2,16.55,794076,681000,13.14,14.33,0.9,-2.0,-2.0,매도주의,음봉,전저점이탈,0.45,-1.51,2026-10-08
MNRO,1.2,13.74,816085,690708,11.21,10.41,1.1,-1.4,2.2,강한매수,양봉,완만한상승,0.85,2.02,2026-10-08
MAMA,1.2,13.4,753972,633412,10.1,8.61,1.2,0.3,3.9,강한매수,장대양봉,전고점돌파,0.93,4.02,2026-10-08
WDI,1.2,11.68,576589,463052,6.73,4.82,1.4,0.0,-0.1,중립,망치형,잔구간,0.92,0.75,2026-10-08
GTM,1.2,3.83,5889436,4828066,22.56,18.47,1.2,0.7,3.0,강한매수,장대양봉,완만한상승,0.72,3.16,2026-10-08
GTN,1.2,4.83,1251473,1087878,6.04,4.7,1.3,-0.2,1.5,강한매수,양봉,전고점돌파,0.53,2.24,2026-10-08
QBTX,1.2,17.4,508765,407299,8.85,7.96,1.1,-2.3,-6.4,매도주의,음봉,전저점이탈,0.33,-1.65,2026-10-08
PSLV,1.2,19.4,8250084,6807979,160.05,143.37,1.1,-0.7,0.6,중립,양봉,잔구간,0.72,0.48,2026-10-08
FWDI,1.2,7.18,2490309,2129760,17.88,17.67,1.0,-2.3,-0.6,강한매수,망치형,전저점부근,0.74,3.04,2026-10-08
PREF,1.2,18.32,461592,393105,8.46,7.03,1.2,0.1,0.1,강한매수,양봉스프링,완만한상승,1.0,3.0,2026-10-08
PHR,1.2,10.66,695158,600346,7.41,6.51,1.1,-0.1,1.6,강한매수,양봉,전고점돌파,0.97,2.76,2026-10-08
WIT,1.2,1.67,9052576,7355482,15.12,16.72,0.9,-0.6,0.6,매수관심,양봉스프링,잔구간,1.0,1.05,2026-10-08
WSE,1.2,11.68,1858889,1609530,21.71,20.42,1.1,-1.2,0.1,매수관심,양봉스프링,잔구간,0.88,0.98,2026-10-08
WSC,1.2,16.85,3028087,2502366,51.02,51.23,1.0,-0.7,0.5,중립,팽이도지,잔구간,0.69,0.115,2026-10-08
GGB,1.2,4.92,16238941,13009941,79.9,70.58,1.1,-0.4,-1.6,중립,음봉,잔구간,0.02,-0.64,2026-10-08
GGN,1.2,5.26,372466,316801,1.96,2.25,0.9,0.0,0.8,강한매수,장대양봉,완만한상승,1.0,3.5,2026-10-08
GLNK,1.2,11.07,683914,564269,7.57,9.28,0.8,-3.0,-3.5,매도주의,음봉,전저점이탈,0.41,-1.56,2026-10-08
ABTC,1.2,7.75,1034242,882396,8.02,8.57,0.9,-1.7,-4.1,매도주의,음봉,전저점이탈,0.31,-1.68,2026-10-08
ADNT,1.1,17.62,937362,882357,16.52,18.29,0.9,-0.1,0.5,강한매수,양봉스프링,완만한상승,0.98,2.98,2026-10-08
XPOF,1.1,4.96,1071300,944654,5.31,4.07,1.3,-0.3,2.6,강한매수,양봉,완만한상승,0.96,2.15,2026-10-08
XPEV,1.1,9.55,5034777,4412011,48.08,60.0,0.8,0.0,-0.3,중립,망치형,잔구간,0.68,0.61,2026-10-08
ABR,1.1,3.09,7976542,7409749,24.65,25.16,1.0,-0.9,-4.0,강한매도,음봉,전저점이탈,0.04,-2.0,2026-10-08
ABAT,1.1,2.05,3347970,2914171,6.86,9.69,0.7,-0.5,-1.4,매도주의,음봉,전저점이탈,0.59,-1.34,2026-10-08
WIW,1.1,7.9,357293,338744,2.82,2.91,1.0,0.1,-0.3,중립,망치형,잔구간,0.67,0.6,2026-10-08
WEST,1.1,8.19,354507,333463,2.9,2.58,1.1,-0.1,0.4,강한매수,양봉스프링,완만한상승,0.87,2.84,2026-10-08
YMAG,1.1,11.4,1023846,915715,11.67,11.23,1.0,0.0,-0.8,중립,음봉,잔구간,0.41,-0.405,2026-10-08
XRAY,1.1,8.69,6200155,5397570,53.88,45.49,1.2,-1.3,3.1,매수관심,장대양봉,잔구간,0.98,1.29,2026-10-08
XPRO,1.1,16.21,914366,868935,14.82,14.44,1.0,1.2,3.0,강한매수,양봉,완만한상승,0.85,2.02,2026-10-08
EVGO,1.1,1.27,3401917,3068539,4.32,4.42,1.0,-1.6,0.0,중립,팽이도지,잔구간,0.67,0.1,2026-10-08
RDY,1.1,12.2,3834458,3487945,46.78,44.55,1.0,-1.6,1.1,중립,양봉,잔구간,0.7,0.47,2026-10-08
EPM,1.1,3.64,323754,283773,1.18,1.24,0.9,0.6,0.3,강한매수,양봉스프링,완만한상승,1.0,3.0,2026-10-08
RCAT,1.1,5.91,6442597,5877790,38.08,41.0,0.9,-1.1,-2.8,매도주의,음봉,전저점이탈,0.26,-1.74,2026-10-08
FLNC,1.1,7.45,6249860,5595473,46.56,48.54,1.0,-1.7,-1.2,중립,망치형,잔구간,0.67,0.6,2026-10-08
FLO,1.1,5.94,8499171,7544161,50.49,43.68,1.2,-0.7,2.4,강한매수,양봉,완만한상승,0.95,2.14,2026-10-08
ELE,1.1,17.48,356621,329598,6.23,7.35,0.8,-0.3,0.4,중립,위꼬리양봉,잔구간,0.41,-0.555,2026-10-08
RIG,1.1,5.54,30570566,27803350,169.36,202.73,0.8,2.0,0.7,매수관심,양봉,완만한상승,0.53,1.64,2026-10-08
RIVN,1.1,14.33,26253530,24155291,376.21,406.96,0.9,-1.3,1.2,중립,양봉,잔구간,0.91,0.595,2026-10-08
DV,1.1,13.5,2075785,1877408,28.02,29.47,1.0,-0.1,0.1,매수관심,장대양봉,전고점부근,0.67,1.75,2026-10-08
EBS,1.1,6.81,1147331,1023133,7.81,7.3,1.1,-0.8,-2.9,매도주의,장대음봉,잔구간,0.11,-1.235,2026-10-08
FSOL,1.1,12.85,548635,489266,7.05,6.12,1.2,-2.7,-3.2,매도주의,음봉,전저점이탈,0.47,-1.49,2026-10-08
PROK,1.1,1.66,1133741,1037783,1.88,2.15,0.9,-1.3,7.1,강한매수,장대양봉,완만한상승,0.93,3.42,2026-10-08
DCTH,1.1,15.04,416336,364400,6.26,5.08,1.2,-1.0,-1.2,강한매수,망치형,전저점부근,0.73,3.03,2026-10-08
RKT,1.1,11.76,43021476,39361929,505.93,456.06,1.1,-1.7,4.6,매수관심,장대양봉,잔구간,0.91,1.245,2026-10-08
RLJ,1.1,11.2,2199830,1951705,24.64,20.06,1.2,-0.3,0.9,중립,양봉,잔구간,0.8,0.53,2026-10-08
MUD,1.1,9.3,8104734,7491575,75.37,62.42,1.2,0.9,3.7,강한매수,장대양봉,완만한상승,0.91,3.39,2026-10-08
UEC,1.1,9.14,10902673,10135074,99.65,109.14,0.9,-0.8,-2.7,중립,음봉,잔구간,0.29,-0.475,2026-10-08
UIS,1.1,2.31,776870,704874,1.79,1.62,1.1,-0.9,1.8,강한매수,양봉,완만한상승,0.88,2.06,2026-10-08
ULCC,1.1,5.93,2268466,2072372,13.45,15.31,0.9,-2.3,0.0,중립,팽이도지,잔구간,0.44,-0.035,2026-10-08
BBDC,1.1,8.53,664217,613924,5.67,4.8,1.2,-0.8,1.4,중립,양봉,잔구간,0.6,0.41,2026-10-08
LAR,1.1,5.26,1308258,1214894,6.88,6.54,1.1,-1.3,-0.8,중립,팽이도지,전저점이탈,0.5,-0.75,2026-10-08
LEGN,1.1,18.71,2150083,1993496,40.23,36.74,1.1,-1.1,-1.1,중립,망치형,잔구간,0.76,0.655,2026-10-08
LION,1.1,11.28,3246882,2990610,36.62,33.79,1.1,-0.3,0.0,중립,팽이도지,잔구간,0.51,0.005,2026-10-08
MSFD,1.1,9.793,1598123,1480092,15.65,15.7,1.0,-0.0,1.4,중립,양봉,잔구간,0.72,0.48,2026-10-08
KT,1.1,18.55,2352135,2106098,43.63,33.86,1.3,0.6,-2.5,매도주의,장대음봉,전저점부근,0.08,-1.75,2026-10-08
KTUP,1.1,3.93,653299,590935,2.57,2.54,1.0,0.5,-0.8,매도주의,위꼬리음봉,잔구간,0.24,-0.905,2026-10-08
LMRI,1.1,10.33,492102,427965,5.08,4.12,1.2,-1.3,-1.1,중립,음봉,잔구간,0.58,-0.3,2026-10-08
KBWY,1.1,16.42,311459,287526,5.11,5.09,1.0,-0.1,0.7,중립,양봉,잔구간,0.98,0.64,2026-10-08
KLRA,1.1,10.0,1532181,1410458,15.32,17.6,0.9,-1.0,-4.0,매도주의,장대음봉,잔구간,0.36,-1.085,2026-10-08
BEZ,1.1,5.04,6017429,5648429,30.33,34.61,0.9,5.0,7.2,매수관심,양봉,완만한상승,0.63,1.76,2026-10-08
BBNX,1.1,17.43,1113949,1030460,19.42,20.77,0.9,-0.7,-3.0,매도주의,음봉,전저점이탈,0.37,-1.61,2026-10-08
BBWI,1.1,17.71,7600242,7074219,134.6,124.05,1.1,-0.8,0.2,매수관심,양봉스프링,잔구간,0.79,0.925,2026-10-08
KREF,1.1,6.37,986652,869687,6.28,7.11,0.9,-1.1,3.4,매수관심,장대양봉,잔구간,0.94,1.265,2026-10-08
TLS,1.1,4.37,681640,604698,2.98,2.57,1.2,0.7,0.7,매수관심,양봉,완만한상승,0.74,1.89,2026-10-08
BMNU,1.1,17.1,5848829,5450668,100.01,109.92,0.9,-4.5,-0.5,중립,팽이도지,전저점이탈,0.7,-0.51,2026-10-08
NFE,1.1,4.32,599374,565415,2.59,3.5,0.7,0.7,-13.4,강한매도,장대음봉,전저점이탈,0.12,-3.21,2026-10-08
NFGC,1.1,1.54,755599,687815,1.16,1.14,1.0,0.0,2.0,중립,양봉,잔구간,0.73,0.49,2026-10-08
NCPL,1.1,1.31,3681958,3468700,4.82,17.32,0.3,5.0,-21.6,매도주의,장대음봉,잔구간,0.12,-1.23,2026-10-08
MUZ,1.1,7.11,14611254,12846570,103.89,81.67,1.3,2.0,7.2,강한매수,장대양봉,완만한상승,0.92,3.4,2026-10-08
NPKI,1.1,11.48,909746,822837,10.44,9.48,1.1,0.1,0.5,매수관심,팽이도지,완만한상승,0.58,1.0,2026-10-08
IREZ,1.1,12.39,2010677,1875151,24.91,22.01,1.1,5.0,9.8,강한매수,장대양봉,전고점돌파,0.82,3.88,2026-10-08
IRT,1.1,14.64,4895242,4517618,71.67,61.54,1.2,-0.5,1.9,강한매수,장대양봉,완만한상승,0.97,3.46,2026-10-08
TNYA,1.1,0.544,3637379,3297685,1.98,2.01,1.0,-0.6,2.7,중립,양봉,잔구간,0.89,0.585,2026-10-08
CXM,1.1,5.42,2552629,2342290,13.84,14.01,1.0,-1.3,5.9,강한매수,장대양봉,전고점돌파,0.98,4.08,2026-10-08
DKNG,1.1,19.87,16675908,14544550,331.35,355.97,0.9,-0.6,4.4,강한매수,장대양봉,완만한상승,0.88,3.36,2026-10-08
DNUT,1.1,3.01,2293462,2036710,6.9,5.74,1.2,-0.7,3.8,강한매수,장대양봉,완만한상승,0.92,3.4,2026-10-08
DRN,1.1,8.21,2187152,1926974,17.96,14.33,1.3,-0.7,2.6,중립,양봉,잔구간,0.87,0.57,2026-10-08
RR,1.1,1.6,4663367,4184446,7.46,6.77,1.1,-1.2,-1.8,중립,음봉,잔구간,0.2,-0.53,2026-10-08
GSBD,1.1,8.88,981282,920045,8.71,8.03,1.1,-0.7,1.5,매수관심,장대양봉,잔구간,0.68,1.11,2026-10-08
CRSR,1.1,13.09,1161493,1054147,15.2,13.65,1.1,-1.8,-1.9,매도주의,음봉,전저점이탈,0.28,-1.71,2026-10-08
GNL,1.1,7.96,3540540,3222193,28.18,26.37,1.1,-0.1,-0.5,중립,망치형,전저점이탈,0.7,0.49,2026-10-08
PLAY,1.1,6.97,2052651,1913618,14.31,13.08,1.1,-1.1,7.4,강한매수,장대양봉,완만한상승,0.89,3.37,2026-10-08
GEMI,1.1,4.47,1883669,1732403,8.42,10.12,0.8,-2.9,2.5,중립,양봉,잔구간,0.9,0.59,2026-10-08
CYH,1.1,2.73,1142426,1087661,3.12,3.15,1.0,-0.7,1.1,중립,양봉,잔구간,0.53,0.37,2026-10-08
CYRX,1.1,16.9,1206904,1049607,20.4,15.78,1.3,-0.9,-1.7,매도주의,음봉,전저점이탈,0.33,-1.65,2026-10-08
DBVT,1.1,9.55,603273,546641,5.76,4.91,1.2,-0.3,-2.0,매도주의,음봉,전저점이탈,0.4,-1.57,2026-10-08
CRMG,1.1,7.7,983573,906943,7.57,7.91,1.0,-0.3,2.9,중립,양봉,잔구간,0.98,0.64,2026-10-08
COLD,1.1,13.81,3936892,3453399,54.37,47.82,1.1,0.0,1.2,매수관심,양봉스프링,잔구간,0.86,0.965,2026-10-08
CPRI,1.1,14.68,3722296,3335217,54.64,49.56,1.1,-1.1,2.8,강한매수,장대양봉,완만한상승,0.81,3.27,2026-10-08
CRCD,1.1,2.32,2724878,2414517,6.32,6.18,1.0,3.3,-2.9,중립,음봉,완만한상승,0.27,-0.08,2026-10-08
SBSW,1.1,9.91,4478028,4082625,44.38,52.38,0.8,-0.1,2.5,매수관심,장대양봉,잔구간,0.86,1.215,2026-10-08
SENS,1.1,9.02,765693,671815,6.91,6.79,1.0,-1.3,-0.2,중립,망치형,전저점이탈,0.7,0.49,2026-10-08
CNNE,1.1,15.9,394353,357818,6.27,7.17,0.9,-0.6,3.0,강한매수,장대양봉,전고점돌파,0.94,4.03,2026-10-08
OWL,1.1,9.27,21451428,19557880,198.85,191.26,1.0,-0.1,1.9,강한매수,양봉,완만한상승,0.87,2.04,2026-10-08
PALI,1.1,1.45,2085513,1984406,3.02,4.93,0.6,-0.7,-1.4,중립,망치형,잔구간,0.7,0.62,2026-10-08
PFFA,1.1,19.55,988876,889529,19.33,23.44,0.8,-0.2,0.7,매수관심,장대양봉,잔구간,1.0,1.3,2026-10-08
PGY,1.1,18.26,1969496,1840008,35.96,43.23,0.8,-1.0,1.7,매수관심,양봉,완만한상승,0.64,1.77,2026-10-08
PCQ,1.1,7.69,424789,400911,3.27,2.98,1.1,0.0,-0.1,중립,팽이도지,수횡파,0.5,0.6,2026-10-08
SKHZ,1.1,10.27,1005095,919384,10.32,9.62,1.1,1.1,3.1,강한매수,양봉,전고점돌파,0.64,2.37,2026-10-08
CGEM,1.1,15.46,1137458,1075066,17.59,21.35,0.8,-0.2,-0.9,중립,망치형,잔구간,0.72,0.63,2026-10-08
SHNY,1.1,7.8,1125256,986499,8.78,9.32,0.9,1.3,1.0,중립,양봉,잔구간,0.78,0.52,2026-10-08
SUZ,1.1,8.51,2854494,2628498,24.29,24.25,1.0,-0.1,1.2,매수관심,양봉,완만한상승,0.5,1.6,2026-10-08
BTDR,1.1,9.72,9525156,8421215,92.58,104.6,0.9,-1.1,-5.5,강한매도,장대음봉,전저점이탈,0.31,-2.98,2026-10-08
BVS,1.1,12.69,385610,363794,4.89,5.66,0.9,-0.4,-0.2,중립,망치형,전저점이탈,0.68,0.47,2026-10-08
STGW,1.1,8.76,1729998,1572678,15.15,12.4,1.2,-0.3,1.6,강한매수,양봉,완만한상승,0.9,2.08,2026-10-08
SSP,1.1,2.89,829531,735553,2.4,1.77,1.4,0.0,1.8,매수관심,팽이도지,완만한상승,0.6,1.02,2026-10-08
JKS,1.1,8.66,636868,595202,5.52,6.89,0.8,-1.7,-1.0,강한매수,망치형,전저점부근,0.59,2.8600000000000003,2026-10-08
IRWD,1.1,3.87,2403997,2139144,9.3,7.5,1.2,-1.3,4.6,중립,양봉,잔구간,0.68,0.46,2026-10-08
BYND,1.1,7.73,908599,855169,7.02,11.08,0.6,-0.4,1.3,중립,양봉,잔구간,0.79,0.525,2026-10-08
TBLA,1.1,3.51,2563338,2381675,9.0,7.0,1.3,-0.6,7.3,강한매수,장대양봉,전고점돌파,0.86,3.93,2026-10-08
NRXP,1.1,2.89,651765,619521,1.88,1.94,1.0,-0.7,0.3,강한매수,양봉스프링,수횡파,0.94,3.63,2026-10-08
IONL,1.1,12.19,808249,706500,9.85,12.23,0.8,1.3,-10.4,강한매도,장대음봉,전저점이탈,0.23,-3.07,2026-10-08
JCAP,1.1,19.95,310758,284891,6.2,5.55,1.1,-0.8,0.5,중립,양봉,잔구간,0.71,0.475,2026-10-08
BPRE,1.1,13.01,1072574,1005149,13.95,12.03,1.2,0.2,1.4,매수관심,양봉,완만한상승,0.58,1.7,2026-10-08
TEO,1.1,12.8,358075,323326,4.58,3.57,1.3,-0.5,1.9,매수관심,양봉,완만한상승,0.65,1.78,2026-10-08
HIVE,1.1,2.56,10851013,9671782,27.78,30.09,0.9,-1.5,-5.5,강한매도,장대음봉,전저점이탈,0.27,-3.03,2026-10-08
CIM,1.1,9.01,1935767,1813874,17.44,16.75,1.0,-0.4,1.0,중립,양봉,잔구간,0.71,0.475,2026-10-08
CLYM,1.1,10.86,1148858,1080471,12.48,13.84,0.9,-1.5,2.9,중립,양봉,잔구간,0.81,0.535,2026-10-08
CMCO,1.1,15.98,401770,356004,6.42,6.5,1.0,-1.5,0.4,중립,팽이도지,잔구간,0.32,-0.11,2026-10-08
HL,1.1,16.73,37240360,35268005,623.03,573.77,1.1,-1.0,3.1,매수관심,장대양봉,잔구간,0.93,1.26,2026-10-08
HLN,1.1,9.26,20284033,17996541,187.83,166.88,1.1,0.9,1.8,강한매수,장대양봉,전고점돌파,1.0,4.1,2026-10-08
HMY,1.1,16.84,3648419,3323672,61.44,58.27,1.1,-0.2,2.4,매수관심,장대양봉,잔구간,0.87,1.22,2026-10-08
HOPE,1.1,13.455,1192087,1100099,16.04,13.73,1.2,-0.4,1.2,매수관심,장대양봉,잔구간,0.96,1.275,2026-10-08
HE,1.1,8.82,3302335,2888136,29.13,26.98,1.1,-0.1,0.7,중립,양봉,잔구간,1.0,0.65,2026-10-08
OPK,1.1,1.37,2470703,2305968,3.38,3.16,1.1,-1.4,0.0,중립,팽이도지,전저점부근,0.5,0.75,2026-10-08
OPTU,1.1,0.987,1757137,1629725,1.73,1.66,1.0,-4.0,2.8,중립,양봉,잔구간,0.83,0.55,2026-10-08
HIX,1.1,3.48,374834,348326,1.3,1.92,0.7,0.3,-0.6,매도주의,음봉,전저점이탈,0.6,-1.33,2026-10-08
SNDL,1.1,1.22,1388150,1237724,1.69,1.72,1.0,0.0,-2.4,매도주의,장대음봉,잔구간,0.2,-1.18,2026-10-08
SNK,1.1,12.28,3384730,3106688,41.56,30.5,1.4,0.3,8.2,매수관심,장대양봉,잔구간,0.98,1.29,2026-10-08
SNXX,1.1,14.22,51994998,45350450,739.37,740.29,1.0,-2.7,-7.2,강한매도,장대음봉,전저점이탈,0.28,-3.01,2026-10-08
SOUN,1.1,5.52,16959612,16064340,93.62,91.81,1.0,-1.1,-0.9,매도주의,음봉,전저점이탈,0.47,-1.49,2026-10-08
CBRG,1.1,2.36,27844352,25347153,65.71,62.17,1.1,-4.3,-4.1,중립,음봉,잔구간,0.56,-0.315,2026-10-08
CDXS,1.1,1.36,887354,823214,1.21,1.0,1.2,-1.4,-2.2,중립,음봉,수횡파,0.2,-0.46,2026-10-08
SPCE,1.1,2.94,5149603,4696875,15.14,14.16,1.1,-1.7,-0.7,중립,망치형,잔구간,0.56,0.535,2026-10-08
CABA,1.1,1.95,5942422,5556436,11.59,10.45,1.1,-0.5,-0.5,중립,망치형,잔구간,0.8,0.68,2026-10-08
CAL,1.1,12.43,484169,434630,6.02,5.31,1.1,-0.8,0.6,강한매수,양봉스프링,수횡파,0.8,3.46,2026-10-08
NVOX,1.1,9.49,626958,591596,5.95,5.6,1.1,-2.3,1.8,중립,양봉,잔구간,0.89,0.585,2026-10-08
SPCM,1.1,19.44,1042298,926902,20.26,20.08,1.0,-0.2,-8.2,매도주의,장대음봉,잔구간,0.05,-1.27,2026-10-08
SPCU,1.1,14.87,1787803,1596750,26.58,21.31,1.2,0.3,-8.9,매도주의,장대음봉,잔구간,0.03,-1.28,2026-10-08
SPDN,1.1,8.38,35329493,31858775,296.06,345.38,0.9,0.4,0.2,중립,양봉,잔구간,0.63,0.43,2026-10-08
SPIR,1.1,10.38,642461,597383,6.67,6.97,1.0,-1.2,-1.1,매도주의,음봉,전저점이탈,0.52,-1.43,2026-10-08
SPRY,1.1,4.56,1585366,1459924,7.23,5.71,1.3,-0.2,4.8,강한매수,양봉,전고점돌파,0.82,2.58,2026-10-08
ICLN,1.1,17.12,6845345,6020652,117.19,107.22,1.1,-0.8,-0.3,중립,팽이도지,잔구간,0.54,0.025,2026-10-08
IE,1.1,9.66,2093260,1846057,20.22,20.51,1.0,-0.6,-0.5,중립,팽이도지,잔구간,0.44,-0.035,2026-10-08
HUMA,1.1,0.447,5485182,4838265,2.45,2.21,1.1,0.5,-5.8,강한매도,장대음봉,전저점이탈,0.24,-3.06,2026-10-08
IART,1.1,13.41,1459658,1389305,19.57,16.37,1.2,-1.1,4.3,매수관심,장대양봉,잔구간,0.96,1.275,2026-10-08
ODD,1.1,19.55,681921,648669,13.33,13.72,1.0,-1.7,3.9,강한매수,장대양봉,완만한상승,0.93,3.42,2026-10-08
IBTL,1.1,19.49,420903,394067,8.2,11.28,0.7,-0.1,0.3,강한매수,장대양봉,완만한상승,0.87,3.34,2026-10-08
YMM,1.1,8.33,7641320,7260016,63.65,62.27,1.0,-1.1,0.8,중립,양봉,잔구간,0.8,0.53,2026-10-08
MBLY,1.1,7.06,7046909,6146750,49.75,47.79,1.0,-0.7,-0.6,강한매수,망치형,전저점부근,0.68,2.9699999999999998,2026-10-08
MCHB,1.1,14.51,612612,541825,8.89,7.77,1.1,-0.4,-0.3,중립,망치형,잔구간,0.74,0.645,2026-10-08
ASM,1.1,5.46,2572126,2410465,14.04,14.26,1.0,0.2,2.4,매수관심,장대양봉,잔구간,0.91,1.245,2026-10-08
AGBK,1.1,6.51,336997,306850,2.19,1.71,1.3,-0.9,0.9,매수관심,팽이도지,완만한상승,0.63,1.06,2026-10-08
ALHC,1.1,8.71,11004967,10044516,95.85,86.96,1.1,0.0,1.9,강한매수,양봉,완만한상승,0.85,2.02,2026-10-08
AMCX,1.1,10.94,732901,648186,8.02,7.3,1.1,0.2,1.7,중립,양봉,잔구간,0.92,0.6,2026-10-08
AMPL,1.1,15.29,2473889,2188998,37.83,26.94,1.4,-0.1,3.7,강한매수,장대양봉,전고점돌파,0.99,4.09,2026-10-08
ANGX,1.1,4.07,1659604,1551440,6.75,7.12,0.9,-0.7,-0.5,중립,팽이도지,잔구간,0.48,-0.01,2026-10-08
QUBT,1.1,7.45,8035080,7267312,59.86,58.41,1.0,-1.1,-1.1,매도주의,음봉,전저점이탈,0.42,-1.55,2026-10-08
EYPT,1.1,3.46,3257280,2942330,11.27,9.18,1.2,-0.6,4.8,강한매수,장대양봉,완만한상승,0.76,3.21,2026-10-08
FDUS,1.1,19.09,315488,289300,6.02,6.36,0.9,-0.5,1.9,매수관심,장대양봉,잔구간,0.95,1.27,2026-10-08
LXEO,1.1,3.21,2546107,2225333,8.17,8.0,1.0,-1.2,-1.8,중립,음봉,잔구간,0.59,-0.295,2026-10-08
MEC,1.1,15.27,581501,517211,8.88,9.25,1.0,-0.6,-0.3,중립,팽이도지,잔구간,0.46,-0.025,2026-10-08
MFA,1.1,7.18,3239353,2833725,23.26,18.71,1.2,-0.6,1.0,중립,양봉,잔구간,0.71,0.475,2026-10-08
AVTX,1.1,13.43,990405,940455,13.3,16.77,0.8,-1.0,-0.1,중립,망치형,잔구간,0.8,0.68,2026-10-08
BIOA,1.1,6.21,906857,791660,5.63,6.61,0.9,-1.4,0.6,매수관심,양봉스프링,잔구간,0.8,0.93,2026-10-08
MASS,1.1,11.55,448053,416785,5.18,5.02,1.0,-1.0,-0.9,중립,망치형,잔구간,0.75,0.65,2026-10-08
LUNR,1.1,13.7,9340756,8850366,127.97,124.82,1.0,-1.3,-3.7,매도주의,음봉,전저점이탈,0.31,-1.68,2026-10-08
MORT,1.1,7.81,2659702,2511418,20.77,20.26,1.0,-0.4,1.7,매수관심,장대양봉,잔구간,0.9,1.24,2026-10-08
VLY,1.1,12.75,7669972,6981304,97.79,103.96,0.9,-0.2,2.3,매수관심,장대양봉,잔구간,0.89,1.235,2026-10-08
ARR,1.1,13.47,5650636,5269399,76.11,68.47,1.1,-0.8,2.1,매수관심,장대양봉,잔구간,0.91,1.245,2026-10-08
VISN,1.0,6.02,5850604,5664315,35.22,34.83,1.0,-0.3,-0.5,중립,망치형,잔구간,0.81,0.685,2026-10-08
VITL,1.0,9.435,1811674,1790063,17.09,16.37,1.0,0.0,2.1,강한매수,장대양봉,완만한상승,0.86,3.33,2026-10-08
VKQ,1.0,8.52,417635,432032,3.56,3.85,0.9,0.0,1.7,강한매수,장대양봉,완만한상승,1.0,3.5,2026-10-08
VMO,1.0,8.55,490956,494581,4.2,4.9,0.9,0.5,1.4,강한매수,장대양봉,완만한상승,1.0,3.5,2026-10-08
ARCT,1.0,12.87,678099,668956,8.73,10.97,0.8,-1.3,2.1,매수관심,양봉스프링,잔구간,0.9,0.99,2026-10-08
VGZ,1.0,2.67,2287776,2263887,6.11,6.31,1.0,0.0,1.1,중립,양봉,잔구간,0.6,0.41,2026-10-08
APPS,1.0,10.78,3143772,3219354,33.89,38.15,0.9,-1.2,2.7,매수관심,양봉,완만한상승,0.41,1.49,2026-10-08
USA,1.0,5.86,914536,936625,5.36,6.19,0.9,-0.3,0.2,매수관심,양봉스프링,잔구간,0.89,0.985,2026-10-08
VCIG,1.0,0.573,3590806,3739171,2.06,7.05,0.3,-22.3,-4.3,중립,망치형,전저점이탈,0.65,0.43,2026-10-08
VCV,1.0,8.81,413192,421152,3.64,4.06,0.9,-0.6,0.8,매수관심,장대양봉,잔구간,1.0,1.3,2026-10-08
MNTK,1.0,2.74,707633,725175,1.94,3.67,0.5,-0.4,3.4,강한매수,장대양봉,완만한상승,0.79,3.25,2026-10-08
MQ,1.0,17.44,1126470,1122572,19.65,19.98,1.0,-0.6,2.8,강한매수,장대양봉,전고점돌파,0.95,4.04,2026-10-08
MRLN,1.0,1.36,2981743,2859372,4.06,5.53,0.7,0.0,-3.5,매도주의,음봉,전저점이탈,0.38,-1.59,2026-10-08
MRVI,1.0,7.21,3594437,3609859,25.92,21.9,1.2,-1.6,-1.4,강한매수,망치형,전저점부근,0.56,2.8200000000000003,2026-10-08
LXFR,1.0,17.23,334556,329829,5.76,5.08,1.1,0.1,-0.1,중립,팽이도지,잔구간,0.25,-0.15,2026-10-08
LXU,1.0,10.13,581091,574979,5.89,6.78,0.9,1.2,-1.8,매도주의,장대음봉,잔구간,0.21,-1.175,2026-10-08
LYG,1.0,5.38,16672767,15930158,89.7,97.24,0.9,-1.5,1.1,중립,양봉,잔구간,0.8,0.53,2026-10-08
LTRX,1.0,6.83,741919,754320,5.07,7.26,0.7,-1.1,-4.2,강한매도,장대음봉,전저점이탈,0.13,-3.19,2026-10-08
LWLG,1.0,5.11,3207516,3168619,16.39,17.69,0.9,-0.9,-5.0,매도주의,장대음봉,잔구간,0.25,-1.15,2026-10-08
ASPI,1.0,2.83,4962802,4753473,14.04,13.99,1.0,-2.1,1.1,중립,팽이도지,잔구간,0.44,-0.035,2026-10-08
AUPH,1.0,16.22,831039,808159,13.48,12.51,1.1,-0.6,1.9,매수관심,장대양봉,잔구간,0.84,1.205,2026-10-08
AUTL,1.0,1.77,1602301,1616957,2.84,3.05,0.9,-1.7,-0.6,중립,망치형,잔구간,0.83,0.7,2026-10-08
QTRX,1.0,3.21,607388,598691,1.95,2.3,0.8,-2.3,-1.2,중립,망치형,전저점이탈,0.79,0.6,2026-10-08
QFIN,1.0,6.095,2210903,2225183,13.48,15.49,0.9,-1.0,-0.4,중립,팽이도지,전저점이탈,0.53,-0.71,2026-10-08
PURR,1.0,11.3,14181876,13662927,160.26,208.45,0.8,-2.7,-1.0,중립,팽이도지,전저점이탈,0.58,-0.65,2026-10-08
QCML,1.0,16.58,484795,484588,8.04,9.29,0.9,-2.6,1.3,매수관심,양봉스프링,잔구간,0.95,1.02,2026-10-08
QDEL,1.0,12.41,2517416,2574873,31.24,22.09,1.4,-0.4,1.2,강한매수,양봉스프링,완만한상승,0.79,2.75,2026-10-08
AGNC,1.0,8.68,43567817,43494236,378.17,389.11,1.0,-0.5,3.1,매수관심,장대양봉,잔구간,0.96,1.275,2026-10-08
AGRO,1.0,10.46,632718,607524,6.62,6.07,1.1,1.3,-1.5,중립,음봉,잔구간,0.12,-0.58,2026-10-08
AHRT,1.0,6.05,932137,953176,5.64,11.06,0.5,-1.0,1.5,강한매수,장대양봉,완만한상승,0.76,3.21,2026-10-08
AI,1.0,11.34,4450182,4511807,50.47,44.9,1.1,-0.4,1.4,매수관심,양봉,완만한상승,0.82,1.98,2026-10-08
AIBZ,1.0,3.37,376632,370273,1.27,1.59,0.8,-2.4,2.1,중립,위꼬리양봉,잔구간,0.41,-0.555,2026-10-08
AIFA,1.0,6.32,364654,362292,2.3,4.83,0.5,-4.2,-11.0,매도주의,장대음봉,잔구간,0.13,-1.22,2026-10-08
AMZD,1.0,8.58,11694322,11977177,100.34,93.55,1.1,0.1,2.1,매수관심,장대양봉,잔구간,0.93,1.26,2026-10-08
AERO,1.0,15.78,362606,372311,5.72,5.25,1.1,0.0,-3.4,매도주의,장대음봉,잔구간,0.33,-1.1,2026-10-08
AGEN,1.0,7.54,1215018,1261537,9.16,11.95,0.8,-0.1,-0.3,중립,망치형,잔구간,0.71,0.625,2026-10-08
ALTO,1.0,3.73,991321,988678,3.7,3.77,1.0,-0.7,3.0,강한매수,장대양봉,완만한상승,0.96,3.45,2026-10-08
VNM,1.0,16.61,375164,387680,6.23,6.57,0.9,-0.5,-1.1,강한매도,장대음봉,전저점이탈,0.05,-3.29,2026-10-08
VOD,1.0,16.48,3820993,3709730,62.97,57.09,1.1,-1.7,-0.1,중립,팽이도지,잔구간,0.51,0.005,2026-10-08
VOXR,1.0,5.08,478009,468478,2.43,2.5,1.0,0.0,1.4,매수관심,양봉,완만한상승,0.65,1.78,2026-10-08
ZENA,1.0,1.32,1419296,1416353,1.87,2.21,0.8,-0.7,-1.5,중립,음봉,잔구간,0.29,-0.475,2026-10-08
MDXG,1.0,4.62,1076311,1039322,4.97,4.93,1.0,-0.7,0.9,강한매수,양봉스프링,수횡파,0.97,3.66,2026-10-08
SSPC,1.0,7.45,20105680,20859965,149.79,127.66,1.2,0.3,7.8,매수관심,장대양봉,잔구간,0.95,1.27,2026-10-08
SSTK,1.0,4.43,959183,919604,4.25,3.65,1.2,-1.3,0.5,중립,팽이도지,잔구간,0.71,0.125,2026-10-08
STFS,1.0,3.71,914690,901408,3.39,2.24,1.5,-1.2,0.0,중립,위꼬리양봉,잔구간,0.15,-0.71,2026-10-08
OBE,1.0,11.11,604843,636369,6.72,7.04,1.0,3.6,0.9,강한매수,양봉,전고점돌파,0.85,2.62,2026-10-08
OCSL,1.0,11.79,440373,451970,5.19,5.47,0.9,-0.4,1.6,매수관심,장대양봉,잔구간,0.9,1.24,2026-10-08
OEC,1.0,5.82,421764,419140,2.45,2.48,1.0,0.0,1.7,강한매수,장대양봉,완만한상승,0.85,3.32,2026-10-08
IIIV,1.0,15.46,449762,441186,6.95,6.45,1.1,-0.3,3.2,강한매수,장대양봉,전고점돌파,0.88,3.96,2026-10-08
ILPT,1.0,7.19,363364,361445,2.61,2.51,1.0,-1.3,1.7,강한매수,장대양봉,완만한상승,0.89,3.37,2026-10-08
HUYA,1.0,2.24,595057,576838,1.33,1.68,0.8,-0.4,-1.8,강한매도,장대음봉,전저점이탈,0.33,-2.95,2026-10-08
IAG,1.0,18.4,3712693,3644014,68.31,79.76,0.9,-0.4,2.4,매수관심,장대양봉,잔구간,0.79,1.175,2026-10-08
NWBI,1.0,14.85,1019632,1036634,15.14,15.44,1.0,-0.1,1.0,중립,양봉,잔구간,0.7,0.47,2026-10-08
SPCG,1.0,12.77,1377336,1412655,17.59,26.37,0.7,0.2,8.2,매수관심,장대양봉,잔구간,0.95,1.27,2026-10-08
SRAD,1.0,12.44,1579850,1650353,19.65,22.76,0.9,-0.4,3.6,강한매수,장대양봉,완만한상승,0.96,3.45,2026-10-08
CBIO,1.0,14.12,301258,295220,4.25,6.17,0.7,-0.7,5.5,중립,양봉,잔구간,0.7,0.47,2026-10-08
CAG,1.0,13.57,18226473,17647626,247.33,242.97,1.0,0.1,2.3,매수관심,장대양봉,잔구간,0.86,1.215,2026-10-08
CANG,1.0,3.56,1018479,1028140,3.63,2.78,1.3,-0.8,0.3,매수관심,양봉스프링,잔구간,0.76,0.905,2026-10-08
CARS,1.0,9.74,1037518,1085099,10.11,8.25,1.2,-0.1,2.2,중립,양봉,잔구간,0.94,0.615,2026-10-08
SMST,1.0,13.4,1792458,1720248,24.02,21.69,1.1,3.9,-1.0,중립,팽이도지,완만한상승,0.34,0.71,2026-10-08
SNAP,1.0,5.86,31995575,33471773,187.49,170.25,1.1,-1.0,1.9,강한매수,장대양봉,완만한상승,0.87,3.34,2026-10-08
HSLV,1.0,4.74,723785,697922,3.43,3.86,0.9,-0.2,-1.0,매도주의,팽이도지,전저점이탈,0.26,-1.04,2026-10-08
HTGC,1.0,16.55,1225567,1203571,20.28,20.28,1.0,-0.2,1.3,매수관심,장대양봉,잔구간,0.95,1.27,2026-10-08
OPRT,1.0,8.66,696872,721774,6.03,6.22,1.0,-1.4,5.5,강한매수,장대양봉,전고점돌파,0.99,4.09,2026-10-08
ORN,1.0,9.06,454120,468807,4.11,5.37,0.8,-1.5,1.5,중립,양봉,잔구간,0.49,0.345,2026-10-08
OSS,1.0,7.65,1038407,1069572,7.94,7.82,1.0,-1.9,-1.9,매도주의,음봉,전저점이탈,0.3,-1.69,2026-10-08
HLIT,1.0,11.07,1494045,1449157,16.54,14.68,1.1,-1.7,-0.1,중립,팽이도지,잔구간,0.45,-0.03,2026-10-08
HSDT,1.0,2.38,443791,430397,1.06,1.33,0.8,-0.8,-5.6,매도주의,장대음봉,잔구간,0.3,-1.12,2026-10-08
OPEN,1.0,2.29,28853442,30182720,66.07,70.24,0.9,-0.9,1.8,강한매수,양봉,완만한상승,0.84,2.01,2026-10-08
OGN,1.0,13.75,2090004,2085731,28.74,27.95,1.0,-0.1,-0.2,중립,음봉,잔구간,0.0,-0.65,2026-10-08
CMPS,1.0,11.47,2833592,2925166,32.5,34.72,0.9,0.0,-1.9,중립,음봉,잔구간,0.51,-0.345,2026-10-08
SLI,1.0,1.61,1577448,1611206,2.54,4.54,0.6,-0.6,-1.8,매도주의,음봉,전저점이탈,0.36,-1.62,2026-10-08
SLS,1.0,11.26,4207633,4248415,47.38,54.36,0.9,-1.2,0.8,매수관심,양봉스프링,잔구간,0.87,0.97,2026-10-08
BRBR,1.0,7.99,4856278,4680741,38.8,38.35,1.0,1.0,1.8,강한매수,양봉,전고점돌파,0.94,2.73,2026-10-08
TDAY,1.0,6.99,2904985,2776377,20.31,18.57,1.1,0.0,-1.0,중립,음봉,잔구간,0.48,-0.36,2026-10-08
BLCO,1.0,17.15,358673,351575,6.15,5.5,1.1,0.9,-2.0,매도주의,장대음봉,잔구간,0.2,-1.18,2026-10-08
BLND,1.0,1.05,1407075,1431659,1.48,1.53,1.0,-1.0,5.0,강한매수,장대양봉,완만한상승,0.83,3.3,2026-10-08
SVRA,1.0,4.83,2515666,2601499,12.15,15.04,0.8,-0.6,-0.4,중립,망치형,잔구간,0.68,0.61,2026-10-08
SXC,1.0,9.75,1122232,1178635,10.94,11.33,1.0,-0.4,-0.4,매도주의,위꼬리음봉,잔구간,0.14,-0.965,2026-10-08
TAC,1.0,12.89,1259300,1306124,16.23,16.08,1.0,-0.8,0.9,매수관심,양봉,완만한상승,0.64,1.77,2026-10-08
NVAX,1.0,11.01,6213375,6473396,68.41,97.91,0.7,-1.9,0.0,중립,팽이도지,잔구간,0.6,0.06,2026-10-08
INDP,1.0,2.37,507063,523769,1.2,1.47,0.8,4.9,0.0,중립,팽이도지,완만한상승,0.33,0.7,2026-10-08
IOVA,1.0,13.31,14824101,15249331,197.31,296.29,0.7,-2.1,5.3,매수관심,장대양봉,잔구간,0.89,1.235,2026-10-08
ITRG,1.0,2.54,1404506,1439169,3.57,4.08,0.9,0.0,0.4,매수관심,팽이도지,완만한상승,0.54,0.95,2026-10-08
IVR,1.0,5.68,4211823,4081177,23.92,23.47,1.0,-0.4,1.4,중립,양봉,잔구간,0.91,0.595,2026-10-08
JBS,1.0,12.75,7314041,7243212,93.25,72.87,1.3,0.8,3.3,강한매수,장대양봉,전고점돌파,0.98,4.08,2026-10-08
BXMT,1.0,11.21,3806740,3804716,42.67,39.17,1.1,-0.5,0.6,중립,팽이도지,잔구간,0.74,0.145,2026-10-08
STWD,1.0,12.75,7982295,7907342,101.77,92.57,1.1,-0.3,1.0,중립,양봉,잔구간,0.89,0.585,2026-10-08
BTE,1.0,4.74,18298335,17823150,86.73,89.18,1.0,2.6,0.9,매수관심,양봉,완만한상승,0.73,1.88,2026-10-08
STLA,1.0,4.52,29255963,29473336,132.24,150.35,0.9,-4.0,2.1,매수관심,장대양봉,잔구간,0.92,1.25,2026-10-08
SSG,1.0,10.41,1005890,976597,10.47,10.62,1.0,2.8,3.8,중립,양봉,잔구간,0.85,0.56,2026-10-08
SLDB,1.0,6.82,1308109,1285181,8.92,9.53,0.9,-1.5,1.0,중립,양봉,잔구간,0.76,0.505,2026-10-08
CHA,1.0,11.33,590884,611728,6.69,7.92,0.8,-0.5,2.1,강한매수,장대양봉,완만한상승,0.63,3.06,2026-10-08
SHO,1.0,11.35,1857441,1916246,21.08,19.52,1.1,-0.3,1.6,강한매수,장대양봉,수횡파,0.85,4.02,2026-10-08
SHOE,1.0,13.06,1016577,1002748,13.28,14.28,0.9,-0.2,2.6,매수관심,장대양봉,잔구간,0.96,1.275,2026-10-08
SIGA,1.0,3.28,676280,651710,2.22,2.53,0.9,-0.9,1.5,중립,양봉,잔구간,0.72,0.48,2026-10-08
PFL,1.0,6.97,359542,376773,2.51,2.57,1.0,0.0,2.5,강한매수,장대양봉,완만한상승,1.0,3.5,2026-10-08
PFN,1.0,6.3,621446,597112,3.92,3.9,1.0,0.2,1.6,강한매수,장대양봉,완만한상승,0.79,3.25,2026-10-08
PDM,1.0,9.08,1721503,1656952,15.63,15.02,1.0,-0.2,0.1,중립,팽이도지,잔구간,0.72,0.13,2026-10-08
PDSB,1.0,1.02,4875779,5095065,4.97,14.0,0.4,-2.3,-1.9,중립,팽이도지,잔구간,0.43,-0.04,2026-10-08
PDYN,1.0,5.12,832933,822538,4.26,4.63,0.9,-0.2,-1.5,중립,음봉,잔구간,0.38,-0.42,2026-10-08
PENN,1.0,15.76,3448906,3397255,54.35,55.34,1.0,-1.6,1.9,강한매수,양봉,완만한상승,0.91,2.09,2026-10-08
OXLC,1.0,8.53,1130873,1083932,9.65,11.09,0.9,-0.6,1.4,매수관심,장대양봉,잔구간,1.0,1.3,2026-10-08
PAGS,1.0,10.68,5535857,5298525,59.12,54.42,1.1,-0.9,2.5,매수관심,양봉,완만한상승,0.68,1.82,2026-10-08
CRF,1.0,6.17,939906,977866,5.8,7.37,0.8,-0.6,0.5,중립,양봉,잔구간,0.74,0.495,2026-10-08
CRK,1.0,13.71,2386855,2403984,32.72,33.27,1.0,1.5,-2.0,매도주의,장대음봉,잔구간,0.21,-1.175,2026-10-08
CRMD,1.0,7.32,1018410,1000468,7.45,6.62,1.1,0.0,0.5,강한매수,양봉스프링,완만한상승,0.78,2.74,2026-10-08
CRCG,1.0,11.41,2027048,2053667,23.13,28.93,0.8,-3.2,3.2,중립,양봉,잔구간,0.81,0.535,2026-10-08
CYPH,1.0,2.81,14772543,14885582,41.51,57.66,0.7,-8.2,0.4,매수관심,양봉스프링,전저점이탈,0.9,1.23,2026-10-08
DAMD,1.0,8.57,4299098,4211233,36.84,39.06,0.9,2.4,5.3,중립,양봉,잔구간,0.75,0.5,2026-10-08
SAN,1.0,13.48,10644641,10224016,143.49,133.66,1.1,-1.2,-0.1,중립,망치형,잔구간,0.8,0.68,2026-10-08
GLUE,1.0,10.32,1886607,1915462,19.47,15.43,1.3,-1.3,2.8,중립,양봉,잔구간,0.89,0.585,2026-10-08
GMRS,1.0,10.54,1028213,1004424,10.84,9.77,1.1,-0.1,4.6,강한매수,양봉,전고점돌파,0.97,2.76,2026-10-08
PHAT,1.0,7.13,1334384,1367700,9.51,9.56,1.0,-0.3,5.0,매수관심,장대양봉,잔구간,0.9,1.24,2026-10-08
GDOT,1.0,12.68,386924,393985,4.91,6.26,0.8,-0.1,2.3,강한매수,장대양봉,전고점부근,1.0,2.15,2026-10-08
GDXY,1.0,9.83,707961,727712,6.96,7.19,1.0,-0.9,1.1,중립,양봉,잔구간,0.71,0.475,2026-10-08
GENB,1.0,13.99,1155713,1145036,16.17,16.02,1.0,-0.5,3.6,중립,양봉,잔구간,0.86,0.565,2026-10-08
GRPN,1.0,19.12,881572,892837,16.86,17.13,1.0,-0.4,4.2,매수관심,장대양봉,잔구간,0.98,1.29,2026-10-08
GT,1.0,4.75,9474488,9436508,45.0,43.69,1.0,-0.9,2.2,중립,양봉,잔구간,0.73,0.49,2026-10-08
GPGI,1.0,12.4,1634278,1693243,20.27,21.51,0.9,-1.2,-2.0,중립,음봉,잔구간,0.45,-0.38,2026-10-08
GPK,1.0,8.58,8019320,7972958,68.81,61.85,1.1,-0.8,1.5,중립,양봉,잔구간,0.95,0.62,2026-10-08
CRVO,1.0,3.28,341949,342502,1.12,0.93,1.2,-0.9,4.1,강한매수,장대양봉,완만한상승,0.83,3.3,2026-10-08
CTKB,1.0,5.36,1712463,1677110,9.18,8.38,1.1,-1.5,1.9,강한매수,양봉스프링,완만한상승,0.94,2.93,2026-10-08
CWEB,1.0,17.57,554122,536827,9.74,11.82,0.8,-2.2,-0.3,중립,팽이도지,잔구간,0.49,-0.005,2026-10-08
DOLE,1.0,13.02,848947,868632,11.05,10.98,1.0,-0.2,2.0,강한매수,장대양봉,완만한상승,0.87,3.34,2026-10-08
CRML,1.0,6.83,4672203,4807623,31.91,49.46,0.6,-1.3,-2.0,매도주의,음봉,전저점이탈,0.42,-1.55,2026-10-08
RUM,1.0,7.0,4558017,4579007,31.91,31.14,1.0,-1.1,-5.9,강한매도,장대음봉,전저점이탈,0.28,-3.01,2026-10-08
TTGT,1.0,4.1,600249,581749,2.46,1.71,1.4,-1.3,4.1,강한매수,양봉,전고점돌파,0.87,2.64,2026-10-08
TU,1.0,8.04,5779239,5986186,46.47,58.18,0.8,0.0,1.3,강한매수,양봉,완만한상승,0.88,2.06,2026-10-08
TYRA,1.0,19.97,792255,826541,15.82,18.49,0.9,-1.3,-0.7,중립,망치형,잔구간,0.71,0.625,2026-10-08
UAA,1.0,4.88,12050653,12439306,58.81,52.94,1.1,-1.2,2.5,강한매수,장대양봉,완만한상승,0.84,3.31,2026-10-08
UE,1.0,19.29,932664,946671,17.99,18.94,0.9,0.1,-0.2,매수관심,팽이도지,전저점부근,0.58,0.85,2026-10-08
TSHA,1.0,4.43,3914631,3907131,17.34,22.85,0.8,-1.4,1.4,중립,양봉,잔구간,0.81,0.535,2026-10-08
TRDA,1.0,5.53,361507,370528,2.0,2.11,0.9,-1.6,0.2,매수관심,양봉스프링,잔구간,0.82,0.94,2026-10-08
TRIN,1.0,17.16,815240,852203,13.99,13.95,1.0,0.0,0.5,중립,양봉,잔구간,0.67,0.45,2026-10-08
TRTX,1.0,5.97,1383743,1388351,8.26,8.76,0.9,-0.3,0.5,매수관심,양봉스프링,잔구간,0.75,0.9,2026-10-08
NMRK,1.0,12.52,1820159,1756311,22.79,25.05,0.9,-1.3,4.0,강한매수,장대양봉,완만한상승,0.94,3.43,2026-10-08
NOK,1.0,10.14,71498016,69013557,724.99,674.42,1.1,-2.6,-1.9,중립,음봉,잔구간,0.44,-0.385,2026-10-08
NOV,1.0,18.99,3592818,3689818,68.23,68.85,1.0,1.1,0.9,중립,양봉,잔구간,0.85,0.56,2026-10-08
NEXT,1.0,6.75,2486927,2562325,16.79,17.05,1.0,2.0,-0.6,중립,팽이도지,완만한상승,0.29,0.65,2026-10-08
NIQ,1.0,17.91,1221864,1265060,21.88,24.55,0.9,-0.5,5.9,강한매수,장대양봉,전고점돌파,0.99,4.09,2026-10-08
NDMO,1.0,8.77,481978,471611,4.23,4.68,0.9,-0.1,1.3,강한매수,장대양봉,완만한상승,0.96,3.45,2026-10-08
NABL,1.0,4.5,2005547,1937925,9.02,7.94,1.1,0.4,0.0,중립,팽이도지,전고점부근,0.42,-0.55,2026-10-08
NAC,1.0,10.0,1733217,1730670,17.33,17.1,1.0,-0.3,1.0,강한매수,장대양봉,완만한상승,0.88,3.36,2026-10-08
NAGE,1.0,2.66,635191,619262,1.69,1.85,0.9,-0.4,-1.8,중립,음봉,잔구간,0.5,-0.35,2026-10-08
NAT,1.0,8.58,5673824,5575996,48.68,41.41,1.2,1.5,3.0,매수관심,장대양봉,잔구간,0.9,1.24,2026-10-08
TFSL,1.0,16.19,829658,828457,13.43,12.29,1.1,-0.2,0.7,중립,양봉,잔구간,0.83,0.55,2026-10-08
TGB,1.0,8.31,4391881,4313558,36.5,44.77,0.8,-3.4,1.0,매수관심,팽이도지,전저점부근,0.69,0.98,2026-10-08
TLK,1.0,12.88,1067423,1045378,13.75,12.68,1.1,-1.8,0.6,중립,양봉,잔구간,0.65,0.44,2026-10-08
BDJ,1.0,9.47,515213,534813,4.88,5.01,1.0,0.2,0.4,매수관심,양봉,수횡파,1.0,1.9,2026-10-08
BEAT,1.0,0.489,3602215,3445591,1.76,27.99,0.1,-4.8,-5.5,매도주의,장대음봉,잔구간,0.03,-1.28,2026-10-08
BBOT,1.0,3.42,566215,573054,1.94,2.4,0.8,-0.3,-0.3,중립,망치형,잔구간,0.94,0.765,2026-10-08
BCSF,1.0,10.78,524155,501904,5.65,6.0,0.9,-1.1,2.2,매수관심,장대양봉,잔구간,0.93,1.26,2026-10-08
KRP,1.0,15.16,783424,751490,11.88,12.42,1.0,0.5,1.1,강한매수,장대양봉,전고점돌파,0.78,3.84,2026-10-08
KURA,1.0,10.52,1644502,1590571,17.3,17.56,1.0,-1.4,0.0,강한매수,양봉스프링,수횡파,0.92,3.6,2026-10-08
KLAR,1.0,13.46,4682385,4546100,63.02,70.47,0.9,-0.4,2.0,강한매수,양봉,전고점돌파,0.93,2.72,2026-10-08
LAND,1.0,9.53,595682,568858,5.68,5.49,1.0,0.1,-0.5,중립,망치형,잔구간,0.63,0.58,2026-10-08
MSTY,1.0,15.38,2418630,2467016,37.2,47.57,0.8,-3.8,1.0,중립,팽이도지,전저점이탈,0.65,-0.57,2026-10-08
MTA,1.0,8.54,342135,352564,2.92,2.97,1.0,-0.5,-0.8,매도주의,위꼬리음봉,전저점부근,0.24,-1.06,2026-10-08
MTUS,1.0,19.64,315420,304476,6.19,6.68,0.9,-1.1,-0.6,매도주의,위꼬리음봉,잔구간,0.1,-0.99,2026-10-08
UGP,1.0,7.79,4968337,4956132,38.7,38.64,1.0,-1.8,2.5,강한매수,장대양봉,완만한상승,0.79,3.25,2026-10-08
UNG,1.0,10.81,29522167,29649773,319.13,365.39,0.9,1.6,-3.6,매도주의,장대음봉,잔구간,0.25,-1.15,2026-10-08
TTD,1.0,12.34,15881679,16546176,195.98,228.98,0.9,0.4,1.6,강한매수,장대양봉,완만한상승,0.96,3.45,2026-10-08
RWT,1.0,3.33,3168867,3109291,10.55,15.94,0.7,-1.2,0.9,중립,양봉,잔구간,0.7,0.47,2026-10-08
DEI,1.0,9.9,2477918,2545821,24.53,25.68,1.0,0.2,0.2,강한매수,양봉스프링,완만한상승,0.93,2.92,2026-10-08
RMIX,1.0,11.35,593362,575700,6.73,7.02,1.0,-0.6,2.2,중립,양봉,잔구간,0.44,0.315,2026-10-08
FUN,1.0,11.41,3662752,3518041,41.79,35.97,1.2,-1.5,-0.3,중립,팽이도지,잔구간,0.5,0.0,2026-10-08
FSK,1.0,10.79,2294200,2291725,24.75,22.68,1.1,-0.5,0.8,중립,양봉,잔구간,0.39,0.285,2026-10-08
FSM,1.0,10.61,7011228,6784859,74.39,78.25,1.0,-0.9,5.8,매수관심,장대양봉,잔구간,0.93,1.26,2026-10-08
PRTA,1.0,8.61,642408,655309,5.53,4.78,1.2,-0.6,2.1,중립,양봉,잔구간,0.56,0.385,2026-10-08
PLTK,1.0,2.3,962939,943467,2.21,2.11,1.0,-1.3,0.4,중립,위꼬리양봉,잔구간,0.17,-0.7,2026-10-08
PLX,1.0,2.7,972851,941071,2.63,2.3,1.1,-1.1,0.7,강한매수,양봉스프링,수횡파,0.9,3.58,2026-10-08
POWW,1.0,2.25,520177,497942,1.17,1.04,1.1,0.0,0.9,매수관심,양봉,완만한상승,0.5,1.6,2026-10-08
PRCT,1.0,17.9,1180378,1195188,21.13,25.95,0.8,-0.6,0.6,매수관심,팽이도지,수횡파,0.75,0.9,2026-10-08
EMBC,1.0,5.75,1138972,1095650,6.55,5.94,1.1,-0.3,-2.4,중립,음봉,잔구간,0.1,-0.59,2026-10-08
EDD,1.0,5.28,474543,463831,2.51,2.34,1.1,-0.4,1.7,중립,양봉,잔구간,0.85,0.56,2026-10-08
EVEX,1.0,1.67,1005892,1056932,1.68,2.22,0.8,-1.2,0.0,중립,팽이도지,잔구간,0.6,0.06,2026-10-08
EQX,1.0,11.12,9118840,9391763,101.4,130.39,0.8,0.0,1.6,매수관심,양봉,완만한상승,0.67,1.8,2026-10-08
RBBN,1.0,1.72,1267343,1322577,2.18,2.6,0.8,-1.1,-5.5,매도주의,장대음봉,수횡파,0.09,-1.89,2026-10-08
AKBA,1.0,0.815,7446900,7305144,6.07,5.38,1.1,-2.4,-4.4,강한매도,장대음봉,전저점이탈,0.0,-3.35,2026-10-08
XRPC,1.0,14.55,323164,330487,4.7,5.52,0.9,-1.3,-1.8,중립,망치형,전저점이탈,0.6,0.37,2026-10-08
XTND,1.0,2.54,964877,1014294,2.45,3.29,0.7,-0.8,-1.6,중립,팽이도지,전저점부근,0.27,0.47,2026-10-08
YEXT,1.0,6.82,717885,715171,4.9,5.61,0.9,0.3,2.7,강한매수,장대양봉,완만한상승,0.88,3.36,2026-10-08
ACB,1.0,4.43,1465278,1496701,6.49,5.57,1.2,-0.2,-0.4,중립,팽이도지,잔구간,0.46,-0.025,2026-10-08
AEBI,1.0,11.03,383638,385193,4.23,5.49,0.8,-0.6,1.4,매수관심,양봉,완만한상승,0.81,1.97,2026-10-08
XIFR,1.0,10.34,1135686,1160042,11.74,11.47,1.0,-0.5,0.3,중립,팽이도지,잔구간,0.56,0.035,2026-10-08
XMAX,1.0,8.82,412623,423271,3.64,4.6,0.8,0.0,0.9,강한매수,장대양봉,완만한상승,0.92,3.4,2026-10-08
XPER,1.0,5.25,382077,372876,2.01,2.08,1.0,0.0,-1.5,중립,음봉,잔구간,0.42,-0.4,2026-10-08
WEN,1.0,6.22,5628288,5387163,35.01,34.51,1.0,-1.1,3.0,매수관심,장대양봉,잔구간,0.87,1.22,2026-10-08
ZNTL,1.0,2.51,1272445,1231381,3.19,4.64,0.7,-1.6,0.0,매수관심,양봉스프링,잔구간,0.83,0.95,2026-10-08
ZURA,1.0,4.13,2696695,2782629,11.14,9.74,1.1,-1.2,0.2,매수관심,양봉스프링,잔구간,0.88,0.98,2026-10-08
AADX,0.9,11.15,1951233,2102257,21.76,24.93,0.9,-0.5,-0.4,매도주의,팽이도지,전저점이탈,0.42,-0.85,2026-10-08
ABSI,0.9,8.94,4684118,5020478,41.88,44.13,0.9,-2.0,-1.1,매도주의,팽이도지,전저점이탈,0.28,-1.01,2026-10-08
MARO,0.9,3.36,976487,1045161,3.28,3.51,0.9,-2.8,-2.9,매도주의,음봉,전저점이탈,0.5,-1.45,2026-10-08
MAT,0.9,16.58,11810113,13201895,195.81,180.81,1.1,0.1,1.2,매수관심,양봉,완만한상승,0.49,1.59,2026-10-08
MNKD,0.9,3.42,4539715,5310186,15.53,21.37,0.7,-0.9,0.0,중립,팽이도지,잔구간,0.45,-0.03,2026-10-08
UUUG,0.9,2.09,754133,850088,1.58,1.85,0.9,-4.1,-2.3,매도주의,음봉,전저점이탈,0.5,-1.45,2026-10-08
LOMA,0.9,10.01,616526,722060,6.17,5.47,1.1,-0.6,5.8,강한매수,장대양봉,전고점돌파,0.98,4.08,2026-10-08
AZ,0.9,5.83,491326,570737,2.86,2.58,1.1,-0.8,-0.5,중립,팽이도지,잔구간,0.28,-0.13,2026-10-08
BILI,0.9,14.85,1834985,2059026,27.25,36.83,0.7,-0.9,0.4,매수관심,양봉스프링,잔구간,0.88,0.98,2026-10-08
BIRD,0.9,2.88,582823,631492,1.68,2.89,0.6,-1.6,-4.3,중립,음봉,잔구간,0.51,-0.345,2026-10-08
AUR,0.9,5.73,17522106,20417066,100.4,165.5,0.6,-0.9,1.1,매수관심,팽이도지,완만한상승,0.6,1.02,2026-10-08
EH,0.9,4.08,769981,881506,3.14,3.04,1.0,-1.7,0.2,중립,팽이도지,잔구간,0.58,0.05,2026-10-08
QYLD,0.9,18.66,2920793,3297261,54.5,64.22,0.8,0.0,-0.1,중립,음봉,잔구간,0.5,-0.35,2026-10-08
RCEL,0.9,13.33,347907,400549,4.64,4.26,1.1,-1.4,3.6,강한매수,양봉,완만한상승,0.92,2.1,2026-10-08
RDTL,0.9,13.52,543503,625946,7.35,8.25,0.9,0.8,4.2,강한매수,양봉,전고점돌파,0.83,2.6,2026-10-08
REM,0.9,17.56,1911376,2020620,33.56,39.64,0.8,-0.6,1.9,매수관심,장대양봉,잔구간,0.91,1.245,2026-10-08
FBRT,0.9,6.26,1498756,1626324,9.38,12.02,0.8,-0.2,2.1,매수관심,장대양봉,잔구간,0.87,1.22,2026-10-08
FDMT,0.9,12.7,970764,1036990,12.33,17.1,0.7,-1.4,2.3,중립,양봉,잔구간,0.94,0.615,2026-10-08
FJET,0.9,1.68,1086289,1209319,1.82,2.16,0.8,1.2,3.1,중립,양봉,잔구간,1.0,0.65,2026-10-08
BCE,0.9,19.96,4508202,5077307,89.98,94.1,1.0,-0.1,1.1,매수관심,양봉,완만한상승,0.73,1.88,2026-10-08
BCRX,0.9,8.29,5121765,5635703,42.46,47.88,0.9,-0.5,-0.8,중립,망치형,잔구간,0.59,0.555,2026-10-08
LOFF,0.9,18.86,1731363,1970129,32.65,34.51,0.9,0.0,-8.4,매도주의,장대음봉,잔구간,0.05,-1.27,2026-10-08
KRNT,0.9,18.155,348919,384938,6.33,7.67,0.8,-0.4,1.7,매수관심,양봉,완만한상승,0.8,1.96,2026-10-08
UA,0.9,4.74,2680914,3004912,12.71,14.58,0.9,-1.5,2.4,강한매수,장대양봉,완만한상승,0.84,3.31,2026-10-08
MUA,0.9,9.23,367582,427376,3.39,5.49,0.6,0.9,-0.5,중립,음봉,완만한상승,0.66,0.39,2026-10-08
TSLX,0.9,17.57,515625,565947,9.06,9.01,1.0,0.0,2.3,매수관심,장대양봉,잔구간,0.86,1.215,2026-10-08
TSLZ,0.9,10.87,1622606,1908212,17.64,24.47,0.7,1.9,-0.5,매도주의,위꼬리음봉,잔구간,0.09,-0.995,2026-10-08
TSSI,0.9,9.97,657071,713199,6.55,10.46,0.6,-2.2,-1.4,중립,음봉,잔구간,0.36,-0.435,2026-10-08
TME,0.9,7.96,4493420,5152632,35.77,49.66,0.7,-1.6,1.3,매수관심,장대양봉,잔구간,1.0,1.3,2026-10-08
NAVI,0.9,9.27,1180737,1298457,10.95,11.9,0.9,-0.4,3.0,강한매수,장대양봉,완만한상승,0.84,3.31,2026-10-08
NCLH,0.9,15.49,22909660,25455949,354.87,362.52,1.0,-1.3,4.2,매수관심,장대양봉,잔구간,0.95,1.27,2026-10-08
NEXN,0.9,9.06,334623,384075,3.03,3.54,0.9,-0.3,1.6,강한매수,장대양봉,완만한상승,1.0,3.5,2026-10-08
NKX,0.9,10.4,472175,507088,4.91,4.74,1.0,-0.3,0.1,매수관심,양봉스프링,잔구간,0.83,0.95,2026-10-08
BRSL,0.9,9.99,1993252,2183031,19.91,24.61,0.8,-1.4,0.9,중립,양봉,잔구간,0.77,0.51,2026-10-08
BIT,0.9,11.21,468669,548902,5.25,6.23,0.8,-0.4,0.5,강한매수,양봉,완만한상승,0.9,2.08,2026-10-08
BIZD,0.9,12.17,2550734,2927152,31.04,35.45,0.9,-0.4,1.6,매수관심,장대양봉,잔구간,0.86,1.215,2026-10-08
RQI,0.9,11.12,765683,876613,8.51,9.17,0.9,0.2,1.3,중립,양봉,잔구간,1.0,0.65,2026-10-08
DGXX,0.9,3.19,2493430,2857269,7.95,11.48,0.7,-0.7,-3.8,매도주의,음봉,전저점이탈,0.47,-1.49,2026-10-08
FTMN,0.9,8.13,481699,517004,3.92,4.83,0.8,-0.7,0.6,매수관심,장대양봉,잔구간,0.77,1.16,2026-10-08
FUBO,0.9,9.35,978934,1108525,9.15,9.86,0.9,0.0,1.1,중립,양봉,잔구간,0.68,0.46,2026-10-08
PSIG,0.9,4.84,627905,729910,3.04,6.42,0.5,-0.6,3.9,강한매수,장대양봉,전고점돌파,0.82,3.88,2026-10-08
PSNL,0.9,16.06,1467492,1681146,23.57,33.04,0.7,-0.5,0.9,중립,양봉,잔구간,0.5,0.35,2026-10-08
PTEN,0.9,11.48,5835096,6845183,66.99,79.22,0.8,2.7,-0.4,강한매수,망치형,완만한상승,0.65,2.08,2026-10-08
PRLD,0.9,3.88,424097,478600,1.65,2.1,0.8,-1.6,2.9,매수관심,양봉,완만한상승,0.76,1.91,2026-10-08
SWBI,0.9,14.31,375879,423537,5.38,6.11,0.9,-0.1,-1.2,매도주의,장대음봉,잔구간,0.23,-1.16,2026-10-08
INSG,0.9,4.46,340840,362019,1.52,2.22,0.7,-2.6,0.2,매수관심,양봉스프링,잔구간,0.86,0.965,2026-10-08
ITUB,0.9,9.83,44018727,51606752,432.7,389.8,1.1,-0.9,1.9,매수관심,양봉,완만한상승,0.71,1.85,2026-10-08
JFR,0.9,7.36,1028006,1102942,7.57,8.46,0.9,0.4,0.5,강한매수,양봉,완만한상승,1.0,2.2,2026-10-08
JPC,0.9,6.65,2758833,3096522,18.35,18.88,1.0,0.0,0.2,강한매수,양봉스프링,완만한상승,1.0,3.0,2026-10-08
JPMpM,0.9,15.7,334649,361661,5.25,6.35,0.8,-0.3,0.4,중립,양봉,잔구간,0.71,0.475,2026-10-08
STXU,0.9,9.51,580978,666889,5.53,5.44,1.0,-3.8,-4.7,매도주의,음봉,전저점이탈,0.18,-1.83,2026-10-08
SVIA,0.9,3.77,1919162,2122159,7.24,7.21,1.0,-0.5,-5.3,중립,음봉,잔구간,0.25,-0.5,2026-10-08
BSCV,0.9,15.87,579923,640328,9.2,13.83,0.7,-0.1,0.3,강한매수,장대양봉,전고점돌파,1.0,4.1,2026-10-08
BTBT,0.9,1.36,16821546,18497617,22.88,30.77,0.7,-0.7,-6.2,강한매도,장대음봉,전저점이탈,0.35,-2.93,2026-10-08
BTCS,0.9,1.28,1223217,1325856,1.57,2.05,0.8,-2.2,-2.3,중립,망치형,전저점이탈,0.67,0.45,2026-10-08
BTG,0.9,5.12,17521040,19969905,89.71,108.99,0.8,0.4,2.0,중립,양봉,잔구간,0.76,0.505,2026-10-08
OABI,0.9,4.66,1534668,1776216,7.15,6.73,1.1,-3.3,5.7,강한매수,양봉,완만한상승,1.0,2.2,2026-10-08
OCUL,0.9,7.51,3901469,4541436,29.3,37.88,0.8,-0.4,4.3,매수관심,장대양봉,잔구간,0.89,1.235,2026-10-08
SSYS,0.9,8.05,653937,696577,5.26,5.66,0.9,-1.1,-1.2,매도주의,음봉,전저점이탈,0.33,-1.65,2026-10-08
STDN,0.9,13.49,347938,393555,4.69,6.26,0.8,1.1,-6.1,매도주의,장대음봉,잔구간,0.09,-1.245,2026-10-08
NWG,0.9,17.15,5259061,5543120,90.19,82.04,1.1,-0.9,0.3,매수관심,양봉스프링,잔구간,0.87,0.97,2026-10-08
HYPD,0.9,3.365,310035,360211,1.04,1.92,0.5,-2.8,-3.6,매도주의,음봉,전저점이탈,0.43,-1.53,2026-10-08
CCOI,0.9,9.56,2101295,2307963,20.09,17.7,1.1,-1.3,-2.5,중립,음봉,잔구간,0.63,-0.27,2026-10-08
SPAX,0.9,11.39,1862849,2170490,21.22,23.69,0.9,-0.4,-8.1,매도주의,장대음봉,잔구간,0.04,-1.275,2026-10-08
NVD,0.9,3.55,73884387,82416505,262.29,283.08,0.9,2.4,3.5,중립,양봉,잔구간,0.9,0.59,2026-10-08
NVG,0.9,10.57,1882697,2041055,19.9,22.64,0.9,0.0,1.4,강한매수,장대양봉,완만한상승,0.9,3.38,2026-10-08
CADL,0.9,9.66,888496,979327,8.58,9.76,0.9,-1.2,-0.4,중립,망치형,잔구간,0.69,0.615,2026-10-08
CBRX,0.9,7.062,1114716,1216909,7.87,7.21,1.1,-4.2,-4.0,중립,음봉,잔구간,0.57,-0.31,2026-10-08
OMER,0.9,19.12,899921,1051575,17.21,19.11,0.9,-0.6,2.6,강한매수,장대양봉,완만한상승,0.97,3.46,2026-10-08
ONT,0.9,13.71,697749,803566,9.57,13.28,0.7,-1.1,-2.5,중립,음봉,잔구간,0.6,-0.29,2026-10-08
HBAN,0.9,15.37,23991210,28208537,368.74,460.41,0.8,-0.5,1.9,매수관심,장대양봉,잔구간,0.97,1.28,2026-10-08
CNDT,0.9,1.57,1093361,1213630,1.72,1.88,0.9,0.0,-1.9,중립,음봉,잔구간,0.38,-0.42,2026-10-08
SMCZ,0.9,4.13,2484731,2885352,10.26,14.38,0.7,3.1,5.1,중립,양봉,잔구간,0.53,0.37,2026-10-08
SMMT,0.9,17.17,6179332,6888405,106.1,146.48,0.7,-1.9,-2.5,중립,음봉,잔구간,0.45,-0.38,2026-10-08
OIS,0.9,8.2,854371,906962,7.01,6.92,1.0,1.2,0.1,매수관심,팽이도지,완만한상승,0.55,0.96,2026-10-08
OKUR,0.9,2.3,519584,579635,1.2,1.48,0.8,-0.4,-1.7,중립,팽이도지,전저점부근,0.52,0.77,2026-10-08
CHCT,0.9,13.68,411354,476118,5.63,5.84,1.0,0.0,0.7,중립,양봉,잔구간,0.92,0.6,2026-10-08
CLBK,0.9,11.01,3441100,3991559,37.89,39.83,1.0,-0.4,2.3,강한매수,장대양봉,완만한상승,0.87,3.34,2026-10-08
CLPT,0.9,10.49,717988,800922,7.53,11.08,0.7,-0.9,-0.7,중립,망치형,전저점이탈,0.82,0.63,2026-10-08
SAFE,0.9,12.1,734414,806841,8.89,8.77,1.0,0.0,0.7,매수관심,양봉,완만한상승,0.77,1.92,2026-10-08
GBDC,0.9,12.21,1765778,1950649,21.56,23.5,0.9,0.2,1.6,매수관심,장대양봉,잔구간,0.81,1.185,2026-10-08
GCTS,0.9,2.1,1218791,1403438,2.56,2.87,0.9,-0.5,2.4,매수관심,양봉,완만한상승,0.73,1.88,2026-10-08
GENI,0.9,6.63,7392723,7959033,49.01,55.45,0.9,-0.2,4.7,강한매수,양봉,전고점돌파,0.93,2.72,2026-10-08
GRAB,0.9,3.11,65583972,71952591,203.97,228.67,0.9,-1.1,2.1,강한매수,장대양봉,완만한상승,0.9,3.38,2026-10-08
GRND,0.9,14.94,2011710,2137167,30.05,31.19,1.0,-0.3,4.5,강한매수,장대양봉,완만한상승,0.89,3.37,2026-10-08
GSM,0.9,4.19,1076263,1234614,4.51,4.98,0.9,-1.9,-1.2,중립,음봉,잔구간,0.33,-0.45,2026-10-08
GO,0.9,11.93,2377264,2693063,28.36,28.05,1.0,-0.2,0.1,중립,팽이도지,잔구간,0.73,0.14,2026-10-08
PGX,0.9,10.03,5986028,6595663,60.04,71.16,0.8,0.0,0.6,매수관심,장대양봉,잔구간,0.89,1.235,2026-10-08
SIDU,0.9,1.58,3861261,4354181,6.1,7.39,0.8,-1.2,-2.5,매도주의,음봉,전저점이탈,0.43,-1.53,2026-10-08
SKHL,0.9,9.18,1835268,2061388,16.85,22.22,0.8,-2.1,-6.7,매도주의,음봉,전저점이탈,0.34,-1.64,2026-10-08
CGNT,0.9,8.73,383054,435727,3.34,3.96,0.8,0.2,-0.1,매수관심,팽이도지,완만한상승,0.57,0.98,2026-10-08
PBYI,0.9,9.97,356550,387140,3.55,3.47,1.0,-0.6,2.3,강한매수,양봉,완만한상승,0.95,2.14,2026-10-08
PDBC,0.9,19.65,6100490,6925785,119.87,128.06,0.9,1.1,0.2,매수관심,팽이도지,전고점돌파,0.55,1.56,2026-10-08
PDO,0.9,12.07,1048761,1108699,12.66,15.97,0.8,0.0,1.9,강한매수,장대양봉,완만한상승,0.89,3.37,2026-10-08
PANL,0.9,8.6,367547,388435,3.16,3.04,1.0,0.0,3.0,강한매수,장대양봉,완만한상승,0.91,3.39,2026-10-08
PAX,0.9,11.26,926837,1030672,10.44,12.64,0.8,0.0,1.4,매수관심,양봉,완만한상승,0.82,1.98,2026-10-08
PAYS,0.9,14.96,753489,868503,11.27,12.73,0.9,-0.7,0.7,매수관심,팽이도지,완만한상승,0.71,1.15,2026-10-08
COMP,0.9,9.52,15870408,17933650,151.09,163.54,0.9,-2.0,5.7,강한매수,장대양봉,완만한상승,0.93,3.42,2026-10-08
CONY,0.9,18.33,602641,696643,11.05,15.82,0.7,-2.8,-1.6,매도주의,음봉,전저점이탈,0.06,-1.98,2026-10-08
OTF,0.9,9.39,2157753,2468155,20.26,21.28,1.0,-0.2,1.7,매수관심,장대양봉,잔구간,0.84,1.205,2026-10-08
WNC,0.9,13.41,934306,1004136,12.53,15.5,0.8,-1.9,-0.3,중립,팽이도지,잔구간,0.43,-0.04,2026-10-08
WTTR,0.9,19.6,1655642,1875669,32.45,44.01,0.7,0.4,1.0,강한매수,양봉,완만한상승,0.86,2.03,2026-10-08
WULX,0.9,10.74,554784,622909,5.96,6.55,0.9,-3.4,-6.6,매도주의,음봉,전저점이탈,0.55,-1.39,2026-10-08
AKR,0.9,18.18,1293299,1424520,23.51,23.65,1.0,0.1,0.5,중립,양봉,잔구간,0.77,0.51,2026-10-08
WB,0.9,6.44,812504,898846,5.23,5.66,0.9,-0.3,-0.3,중립,망치형,잔구간,0.75,0.65,2026-10-08
ARHS,0.9,9.75,1581877,1823067,15.42,17.79,0.9,-1.3,0.4,중립,위꼬리양봉,잔구간,0.15,-0.71,2026-10-08
ARRY,0.9,3.75,5531966,6344853,20.74,26.36,0.8,-1.0,-0.8,중립,망치형,전저점이탈,0.62,0.39,2026-10-08
UWMC,0.9,1.09,11968457,13563472,13.05,15.62,0.8,0.9,-4.4,강한매도,장대음봉,전저점이탈,0.0,-3.35,2026-10-08
VELO,0.9,8.98,1473815,1554949,13.23,18.83,0.7,-1.4,0.1,중립,팽이도지,잔구간,0.61,0.065,2026-10-08
VERX,0.9,12.77,1365056,1497910,17.43,16.79,1.0,0.3,3.2,강한매수,장대양봉,전고점돌파,0.9,3.98,2026-10-08
VFC,0.9,14.53,8988923,9640321,130.61,142.57,0.9,-1.4,2.5,강한매수,장대양봉,수횡파,0.85,4.02,2026-10-08
APLE,0.9,16.22,2618045,2804663,42.46,40.81,1.0,-0.4,1.5,매수관심,장대양봉,잔구간,0.82,1.19,2026-10-08
ACDC,0.9,4.7,1037608,1217548,4.88,5.78,0.8,1.5,-2.9,중립,음봉,잔구간,0.42,-0.4,2026-10-08
PWP,0.9,15.2,1837677,2063015,27.93,48.18,0.6,-0.9,1.3,중립,양봉,잔구간,0.7,0.47,2026-10-08
AMPX,0.9,9.39,5100307,5523140,47.89,63.35,0.8,-1.8,2.5,강한매수,장대양봉,완만한상승,0.82,3.28,2026-10-08
ANNX,0.9,4.0,3213894,3683954,12.86,14.3,0.9,-0.5,0.3,강한매수,양봉스프링,수횡파,0.81,3.47,2026-10-08
XXI,0.9,6.32,1227330,1429289,7.76,9.9,0.8,-2.0,1.0,매수관심,양봉스프링,잔구간,0.81,0.935,2026-10-08
MBGL,0.9,18.08,4324264,4819008,78.18,82.87,0.9,-0.6,4.7,강한매수,장대양봉,전고점돌파,0.93,4.02,2026-10-08
VNET,0.9,5.17,4955516,5652018,25.62,29.38,0.9,-1.7,-2.5,중립,음봉,잔구간,0.38,-0.42,2026-10-08
VRRM,0.9,2.92,6223118,7030309,18.17,19.63,0.9,0.0,0.0,매수관심,팽이도지,완만한상승,0.62,1.04,2026-10-08
VVR,0.9,2.87,572456,642268,1.64,2.06,0.8,0.3,-0.3,강한매수,망치형,완만한상승,0.67,2.1,2026-10-08
ACP,0.9,4.36,980971,1104951,4.28,4.84,0.9,-0.2,0.0,중립,팽이도지,잔구간,0.73,0.14,2026-10-08
ADIG,0.9,17.2,583714,671782,10.04,14.21,0.7,-1.5,-0.3,중립,팽이도지,잔구간,0.42,-0.05,2026-10-08
ADTN,0.9,7.49,1836535,2040430,13.76,13.48,1.0,-2.4,-1.1,중립,팽이도지,잔구간,0.4,-0.06,2026-10-08
ABOS,0.8,2.1,505169,668536,1.06,1.57,0.7,-0.5,0.5,중립,팽이도지,잔구간,0.7,0.12,2026-10-08
ACRE,0.8,3.66,650667,846985,2.38,2.97,0.8,-1.1,1.4,중립,양봉,잔구간,0.8,0.53,2026-10-08
ACEL,0.8,11.1,380849,459124,4.23,4.68,0.9,-0.1,1.6,강한매수,장대양봉,완만한상승,0.87,3.34,2026-10-08
ZTO,0.8,19.9,1855098,2317822,36.92,56.78,0.7,-1.4,1.9,강한매수,장대양봉,전고점돌파,1.0,4.1,2026-10-08
ZSQR,0.8,4.95,408264,492237,2.02,2.42,0.8,-1.5,10.0,강한매수,장대양봉,완만한상승,0.85,3.32,2026-10-08
FA,0.8,18.73,1790317,2280901,33.53,45.23,0.7,-0.5,2.5,강한매수,장대양봉,완만한상승,0.65,3.08,2026-10-08
RDW,0.8,9.76,11155315,14741215,108.88,156.13,0.7,-1.6,-3.2,매도주의,음봉,전저점이탈,0.29,-1.7,2026-10-08
MTRX,0.8,10.63,501523,651976,5.33,6.18,0.9,-0.8,2.2,강한매수,양봉,완만한상승,0.85,2.02,2026-10-08
LDI,0.8,0.618,2168269,2598623,1.34,2.65,0.5,-3.6,3.8,강한매수,장대양봉,완만한상승,0.93,3.42,2026-10-08
CX,0.8,9.56,3994022,5275509,38.18,70.72,0.5,-0.6,0.3,중립,팽이도지,잔구간,0.73,0.14,2026-10-08
BGS,0.8,2.62,2311198,2741004,6.06,7.27,0.8,-0.4,4.0,매수관심,장대양봉,잔구간,0.92,1.25,2026-10-08
BCAT,0.8,13.63,606147,771790,8.26,14.63,0.6,-0.2,-0.8,매도주의,장대음봉,잔구간,0.06,-1.265,2026-10-08
BGC,0.8,11.23,2803685,3541609,31.49,51.51,0.6,-0.2,-0.4,중립,팽이도지,잔구간,0.55,0.03,2026-10-08
KOS,0.8,2.69,12181085,14939979,32.77,36.24,0.9,3.9,0.0,매수관심,팽이도지,완만한상승,0.45,0.84,2026-10-08
MUX,0.8,17.32,731932,875539,12.68,29.0,0.4,-0.6,2.1,강한매수,장대양봉,완만한상승,0.91,3.39,2026-10-08
PFLT,0.8,6.68,739555,932072,4.94,5.72,0.9,-0.2,0.5,중립,팽이도지,잔구간,0.64,0.085,2026-10-08
PAYP,0.8,15.45,625913,753428,9.67,10.59,0.9,-0.3,1.0,중립,양봉,잔구간,0.79,0.525,2026-10-08
PBI,0.8,16.98,1530264,1909425,25.98,27.44,0.9,-0.2,3.2,강한매수,장대양봉,전고점부근,0.96,2.1,2026-10-08
PCN,0.8,10.76,574680,683682,6.18,6.94,0.9,0.6,0.6,매수관심,양봉,완만한상승,0.81,1.97,2026-10-08
CRCA,0.8,16.73,348450,438446,5.83,8.12,0.7,-2.6,2.8,매수관심,양봉,완만한상승,0.78,1.94,2026-10-08
PFXF,0.8,17.57,735519,974405,12.92,16.34,0.8,-0.1,-0.6,매도주의,장대음봉,잔구간,0.37,-1.08,2026-10-08
GOTU,0.8,2.71,480978,570236,1.3,1.62,0.8,-1.4,-2.2,중립,음봉,잔구간,0.08,-0.6,2026-10-08
GOOD,0.8,12.71,487974,636564,6.2,7.58,0.8,-0.2,0.9,매수관심,양봉,완만한상승,0.61,1.73,2026-10-08
CRON,0.8,3.22,974240,1226920,3.14,3.37,0.9,-0.6,0.0,매수관심,양봉스프링,잔구간,0.82,0.94,2026-10-08
SION,0.8,4.9,915602,1127573,4.49,5.47,0.8,-0.8,2.5,중립,양봉,잔구간,0.78,0.52,2026-10-08
GAB,0.8,5.2,888671,1066604,4.62,6.46,0.7,-0.6,0.6,중립,양봉,잔구간,1.0,0.65,2026-10-08
SGRY,0.8,13.64,1314873,1626337,17.93,21.38,0.8,-0.9,0.4,매수관심,양봉스프링,잔구간,0.81,0.935,2026-10-08
GTE,0.8,10.49,356311,445170,3.74,5.05,0.7,3.2,-2.0,매도주의,장대음봉,완만한상승,0.14,-1.53,2026-10-08
GRFS,0.8,7.41,368072,441558,2.73,3.67,0.7,-1.1,-0.1,중립,망치형,잔구간,0.76,0.655,2026-10-08
STUB,0.8,6.14,4407855,5353711,27.06,35.23,0.8,-0.8,3.2,강한매수,양봉,전고점돌파,0.92,2.7,2026-10-08
INIO,0.8,19.2,4190750,5178048,80.46,106.26,0.8,-1.6,-4.0,중립,음봉,잔구간,0.35,-0.44,2026-10-08
STIM,0.8,2.14,646887,791968,1.38,2.04,0.7,1.0,-2.4,중립,음봉,잔구간,0.4,-0.41,2026-10-08
NEOV,0.8,2.6,1047112,1254266,2.72,5.14,0.5,-1.1,-5.8,매도주의,장대음봉,잔구간,0.3,-1.12,2026-10-08
NAK,0.8,1.15,2739657,3374790,3.15,5.56,0.6,-0.8,-2.5,매도주의,음봉,전저점이탈,0.33,-1.65,2026-10-08
TSLG,0.8,5.0,47556251,60261230,237.78,274.68,0.9,-2.0,0.4,매수관심,양봉스프링,잔구간,0.86,0.965,2026-10-08
CODI,0.8,10.92,605275,785029,6.61,7.33,0.9,-0.3,-0.1,중립,팽이도지,잔구간,0.67,0.1,2026-10-08
CMPX,0.8,0.983,7042690,8677011,6.93,7.52,0.9,-1.0,-2.6,중립,음봉,잔구간,0.5,-0.35,2026-10-08
UNIT,0.8,7.4,3002306,3725962,22.22,27.22,0.8,-1.0,-4.6,강한매도,장대음봉,전저점이탈,0.22,-3.09,2026-10-08
HELP,0.8,10.72,1117053,1326805,11.97,13.55,0.9,-0.1,2.1,중립,양봉,잔구간,0.88,0.58,2026-10-08
SLN,0.8,9.52,1109565,1337926,10.56,11.64,0.9,-1.1,-2.0,중립,망치형,전저점이탈,0.7,0.49,2026-10-08
SPCH,0.8,11.21,19149258,25067851,214.66,256.39,0.8,-0.2,-8.1,매도주의,장대음봉,잔구간,0.06,-1.265,2026-10-08
HBNC,0.8,19.5,708164,875585,13.81,14.96,0.9,0.0,1.1,매수관심,양봉,완만한상승,0.78,1.94,2026-10-08
SPAL,0.8,19.08,1026276,1264256,19.58,20.08,1.0,-0.3,-8.3,매도주의,장대음봉,잔구간,0.02,-1.29,2026-10-08
SONO,0.8,16.95,1945636,2293209,32.98,39.1,0.8,0.0,-0.2,매수관심,팽이도지,전저점부근,0.65,0.93,2026-10-08
PACB,0.8,2.3,24140572,31056540,55.52,70.88,0.8,-3.3,-12.5,매도주의,장대음봉,잔구간,0.17,-1.2,2026-10-08
OTLK,0.8,0.564,4002270,5153658,2.26,3.0,0.8,-1.7,-2.8,중립,음봉,잔구간,0.34,-0.445,2026-10-08
SGMT,0.8,8.92,1229349,1620646,10.97,18.25,0.6,-0.9,1.4,중립,양봉,잔구간,0.94,0.615,2026-10-08
ARI,0.8,6.24,3151462,3816443,19.67,22.19,0.9,0.2,0.0,매수관심,팽이도지,완만한상승,0.53,0.94,2026-10-08
ABX,0.8,8.32,402804,528618,3.35,5.21,0.6,-0.7,1.1,매수관심,양봉,완만한상승,0.76,1.91,2026-10-08
WOOF,0.8,2.24,2108897,2726817,4.72,5.56,0.8,-0.5,1.4,중립,양봉,잔구간,0.86,0.565,2026-10-08
AMRX,0.8,19.65,3241916,3922705,63.7,67.25,0.9,0.0,0.0,매수관심,양봉스프링,잔구간,0.91,0.995,2026-10-08
EARN,0.8,3.55,567341,738822,2.01,2.31,0.9,0.3,1.7,중립,양봉,잔구간,0.74,0.495,2026-10-08
ACAD,0.8,19.58,2006572,2648144,39.29,64.27,0.6,-1.0,0.6,중립,양봉,잔구간,0.56,0.385,2026-10-08
EFC,0.8,11.64,1830061,2356585,21.3,23.76,0.9,-0.4,0.9,중립,양봉,잔구간,0.64,0.435,2026-10-08
EC,0.8,16.94,997176,1210848,16.89,26.51,0.6,2.0,-0.1,중립,팽이도지,잔구간,0.4,-0.06,2026-10-08
BHK,0.8,8.18,436502,533231,3.57,4.05,0.9,-0.6,1.9,매수관심,장대양봉,잔구간,0.94,1.265,2026-10-08
AOD,0.8,9.99,369144,456701,3.69,4.49,0.8,-0.5,-0.1,강한매수,망치형,전저점부근,0.67,2.95,2026-10-08
AEO,0.8,17.97,4100089,5268378,73.68,99.58,0.7,-1.4,3.2,매수관심,장대양봉,잔구간,0.87,1.22,2026-10-08
MFM,0.8,4.93,621849,761597,3.07,4.24,0.7,0.6,1.2,강한매수,양봉,완만한상승,1.0,2.2,2026-10-08
MOMO,0.8,4.68,797656,1062629,3.73,5.61,0.7,-0.2,-1.5,중립,음봉,잔구간,0.2,-0.53,2026-10-08
ACHV,0.8,7.19,1108964,1429055,7.97,10.61,0.8,-1.4,0.7,중립,팽이도지,잔구간,0.52,0.01,2026-10-08
MGTX,0.8,10.5,830377,1005240,8.72,13.6,0.6,-1.1,-1.9,중립,음봉,잔구간,0.4,-0.41,2026-10-08
MLCO,0.8,4.17,1338951,1687389,5.58,8.66,0.6,-0.4,0.4,중립,위꼬리양봉,완만한상승,0.18,-0.48,2026-10-08
NU,0.8,15.38,82430836,100324797,1267.79,1383.69,0.9,-0.5,-0.8,중립,팽이도지,잔구간,0.31,-0.115,2026-10-08
NUV,0.8,8.24,1390941,1774368,11.46,17.71,0.6,-0.6,1.5,강한매수,장대양봉,완만한상승,0.91,3.39,2026-10-08
ITG,0.8,7.62,522904,623507,3.98,4.79,0.8,-1.9,0.0,중립,팽이도지,잔구간,0.46,-0.025,2026-10-08
NZF,0.8,10.82,1365171,1643484,14.77,19.78,0.7,0.3,1.2,강한매수,양봉,완만한상승,0.89,2.07,2026-10-08
NVTS,0.8,10.93,13839932,17841255,151.27,218.84,0.7,-2.0,-1.3,매도주의,음봉,전저점이탈,0.52,-1.43,2026-10-08
NXP,0.8,13.02,307965,362875,4.01,6.21,0.6,0.5,-1.3,매도주의,장대음봉,잔구간,0.14,-1.215,2026-10-08
IMMX,0.8,9.29,1288951,1622911,11.97,21.78,0.5,-1.6,-0.5,중립,망치형,전저점이탈,0.8,0.61,2026-10-08
TH,0.8,18.33,1890981,2287790,34.66,53.64,0.6,0.8,-0.4,강한매수,망치형,완만한상승,0.71,2.15,2026-10-08
NEWP,0.8,6.25,522559,689866,3.27,4.58,0.7,0.3,0.8,매수관심,팽이도지,완만한상승,0.55,0.96,2026-10-08
BKD,0.8,10.89,5058829,6314175,55.09,54.17,1.0,-0.4,1.5,매수관심,양봉,완만한상승,0.65,1.78,2026-10-08
BLMN,0.8,8.48,2264945,2721726,19.21,22.89,0.8,-0.9,4.7,강한매수,장대양봉,완만한상승,0.87,3.34,2026-10-08
BLZE,0.8,12.99,976579,1187927,12.69,17.84,0.7,-1.8,-3.6,매도주의,장대음봉,전저점부근,0.11,-1.72,2026-10-08
TKC,0.8,5.12,1311392,1651145,6.71,13.32,0.5,0.2,-0.2,중립,팽이도지,완만한상승,0.38,0.76,2026-10-08
NMZ,0.8,9.03,1565483,1930923,14.14,16.83,0.8,0.3,0.4,매수관심,양봉,완만한상승,0.81,1.97,2026-10-08
ARX,0.8,19.75,1241947,1496765,24.53,35.16,0.7,0.1,-0.1,중립,음봉,완만한상승,0.25,-0.1,2026-10-08
PTY,0.8,10.94,1573378,2087580,17.21,22.34,0.8,-0.1,1.8,강한매수,장대양봉,완만한상승,0.95,3.44,2026-10-08
ATTO,0.8,16.31,418079,518682,6.82,9.2,0.7,-0.9,0.2,강한매수,양봉스프링,전저점부근,0.91,3.74,2026-10-08
AVEX,0.8,14.21,1274129,1568937,18.11,23.16,0.8,-1.5,1.4,중립,양봉,잔구간,0.43,0.31,2026-10-08
UROY,0.8,4.055,2454095,3140260,9.95,12.3,0.8,-0.5,-2.8,중립,음봉,잔구간,0.34,-0.445,2026-10-08
AWF,0.8,9.51,302537,389681,2.88,3.35,0.9,-0.4,0.1,중립,위꼬리양봉,잔구간,0.27,-0.64,2026-10-08
PRCH,0.8,17.53,1061794,1363672,18.61,27.42,0.7,-2.1,3.5,강한매수,장대양봉,완만한상승,0.98,3.48,2026-10-08
FPE,0.8,17.08,2045089,2664309,34.93,39.22,0.9,0.0,0.4,강한매수,장대양봉,완만한상승,1.0,3.5,2026-10-08
RGTX,0.8,7.51,1248225,1531390,9.37,11.83,0.8,-2.3,-3.9,매도주의,음봉,전저점이탈,0.48,-1.47,2026-10-08
NTST,0.8,17.43,1432443,1767164,24.97,36.46,0.7,0.2,1.1,중립,양봉,잔구간,0.9,0.59,2026-10-08
FSCO,0.8,4.98,1046625,1247962,5.21,6.16,0.8,-0.2,1.6,매수관심,장대양봉,잔구간,1.0,1.3,2026-10-08
FPEI,0.8,18.53,593553,743738,11.0,14.14,0.8,-0.1,0.5,강한매수,장대양봉,전고점부근,0.9,2.03,2026-10-08
DJT,0.8,8.2,3185105,4063599,26.12,28.92,0.9,-1.0,0.7,중립,양봉,잔구간,0.76,0.505,2026-10-08
RXRX,0.8,3.95,30898406,36758202,122.05,135.86,0.9,-1.9,-5.7,중립,음봉,잔구간,0.39,-0.415,2026-10-08
RLX,0.8,1.72,1079757,1287504,1.86,3.13,0.6,0.0,-0.6,중립,음봉,잔구간,0.6,-0.29,2026-10-08
RKLX,0.8,16.26,2874377,3635081,46.74,60.36,0.8,-3.6,-6.3,매도주의,음봉,전저점이탈,0.18,-1.83,2026-10-08
IEP,0.8,6.64,709143,931819,4.71,6.42,0.7,-0.8,0.6,중립,양봉,잔구간,0.47,0.33,2026-10-08
HYLN,0.8,3.77,1348357,1786896,5.08,7.74,0.7,-1.6,-0.5,중립,팽이도지,전저점이탈,0.62,-0.61,2026-10-08
SWMR,0.8,13.13,659524,808352,8.66,17.34,0.5,-1.6,-5.1,강한매도,장대음봉,전저점이탈,0.07,-3.27,2026-10-08
MNSO,0.8,9.07,747980,989374,6.78,8.1,0.8,1.2,0.2,강한매수,양봉스프링,완만한상승,1.0,3.0,2026-10-08
YYY,0.7,10.31,444994,662823,4.59,7.33,0.6,0.0,0.3,매수관심,양봉,수횡파,1.0,1.9,2026-10-08
XERS,0.7,10.19,1979119,2997579,20.17,44.23,0.5,-0.1,0.9,중립,양봉,잔구간,0.54,0.375,2026-10-08
LI,0.7,10.9,1797052,2624568,19.59,33.85,0.6,-0.1,-0.7,중립,음봉,잔구간,0.57,-0.31,2026-10-08
KARD,0.7,14.2,511780,719194,7.27,10.34,0.7,-1.7,4.4,매수관심,양봉,완만한상승,0.74,1.89,2026-10-08
KDK,0.7,1.66,6370235,9315944,10.57,19.09,0.6,0.3,-2.6,중립,음봉,잔구간,0.11,-0.585,2026-10-08
KLC,0.7,1.97,627777,843074,1.24,1.35,0.9,-2.0,2.1,매수관심,장대양봉,잔구간,0.83,1.2,2026-10-08
BHC,0.7,6.04,1268343,1739420,7.66,10.99,0.7,-0.2,-1.6,중립,음봉,잔구간,0.11,-0.585,2026-10-08
RDWU,0.7,4.88,499043,763853,2.44,4.41,0.6,-3.5,-6.7,매도주의,음봉,전저점이탈,0.27,-1.73,2026-10-08
MDU,0.7,18.81,1376628,1864698,25.89,38.97,0.7,-0.1,-0.3,중립,망치형,잔구간,0.66,0.595,2026-10-08
ENTX,0.7,2.5,421033,631024,1.05,1.44,0.7,-1.2,0.8,중립,양봉,잔구간,0.71,0.475,2026-10-08
ETY,0.7,14.21,335792,496717,4.77,6.05,0.8,0.5,-0.6,중립,음봉,잔구간,0.5,-0.35,2026-10-08
ETRA,0.7,9.14,408049,551921,3.73,6.53,0.6,-0.7,0.4,중립,팽이도지,잔구간,0.34,-0.095,2026-10-08
EVTL,0.7,0.544,2730709,4197269,1.49,3.66,0.4,3.2,-4.5,매도주의,장대음봉,잔구간,0.26,-1.145,2026-10-08
FMC,0.7,8.92,4147494,6030790,37.0,47.68,0.8,-0.6,-1.3,중립,음봉,잔구간,0.31,-0.465,2026-10-08
PGEN,0.7,7.6,3829582,5751715,29.1,48.87,0.6,-0.7,1.5,중립,양봉,잔구간,0.83,0.55,2026-10-08
GPRK,0.7,11.45,472249,650936,5.41,9.11,0.6,2.3,0.8,매수관심,양봉,완만한상승,0.52,1.62,2026-10-08
REPL,0.7,13.04,1747750,2397404,22.79,31.24,0.7,-0.2,-1.1,중립,팽이도지,수횡파,0.31,0.37,2026-10-08
LFST,0.7,12.06,2356699,3472684,28.42,46.24,0.6,-0.7,0.3,중립,팽이도지,잔구간,0.67,0.1,2026-10-08
NXRT,0.7,19.66,585007,899356,11.5,19.49,0.6,-0.5,1.3,매수관심,장대양봉,잔구간,0.7,1.12,2026-10-08
NVTX,0.7,13.85,403100,564962,5.58,8.99,0.6,-4.9,-1.4,중립,망치형,전저점이탈,0.62,0.39,2026-10-08
BUYW,0.7,14.56,313012,441249,4.56,7.0,0.7,0.2,0.2,강한매수,장대양봉,완만한상승,1.0,3.5,2026-10-08
SUPV,0.7,7.12,544025,743084,3.87,5.31,0.7,-1.4,1.1,중립,위꼬리양봉,잔구간,0.42,-0.55,2026-10-08
IMPP,0.7,5.44,342514,464807,1.86,2.51,0.7,0.9,1.5,중립,양봉,전고점부근,0.7,0.49,2026-10-08
NNDM,0.7,1.56,1161928,1702679,1.81,2.47,0.7,0.0,0.6,중립,양봉,잔구간,0.75,0.5,2026-10-08
TRLV,0.7,10.37,1503238,2140652,15.59,27.09,0.6,0.0,-3.8,중립,음봉,잔구간,0.52,-0.34,2026-10-08
TRX,0.7,1.12,1469733,2051541,1.65,2.72,0.6,0.0,-0.9,중립,음봉,전저점부근,0.31,-0.18,2026-10-08
TSDD,0.7,7.2,4759411,7065647,34.27,53.63,0.6,1.8,-0.6,매도주의,위꼬리음봉,잔구간,0.07,-1.01,2026-10-08
JELD,0.7,1.74,1185179,1687916,2.06,3.55,0.6,-1.7,0.0,매수관심,양봉스프링,잔구간,0.87,0.97,2026-10-08
BOBS,0.7,14.27,595017,810084,8.49,11.99,0.7,-0.6,-1.7,중립,음봉,수횡파,0.44,-0.17,2026-10-08
HOS,0.7,7.63,2338892,3220018,17.85,22.53,0.8,1.1,1.1,중립,양봉,잔구간,0.73,0.49,2026-10-08
OMAH,0.7,17.82,701341,1049665,12.5,22.9,0.5,0.1,0.9,강한매수,장대양봉,전고점돌파,0.95,4.04,2026-10-08
ONDG,0.7,1.85,2141952,3286798,3.96,8.81,0.4,-3.4,-6.6,강한매도,장대음봉,전저점이탈,0.21,-3.1,2026-10-08
SPCF,0.7,18.63,1338785,1837475,24.94,30.22,0.8,-0.0,-8.4,매도주의,장대음봉,잔구간,0.04,-1.275,2026-10-08
CAPR,0.7,8.01,2522926,3504302,20.21,43.12,0.5,-2.6,1.5,중립,양봉,잔구간,0.57,0.39,2026-10-08
GNW,0.7,9.74,3568063,4844683,34.75,40.68,0.9,0.0,1.1,중립,양봉,전고점부근,0.93,0.77,2026-10-08
PICS,0.7,11.98,616000,828289,7.38,7.71,1.0,-0.3,-0.6,매도주의,위꼬리음봉,잔구간,0.14,-0.965,2026-10-08
CHPT,0.7,8.13,869295,1170740,7.07,10.79,0.7,-1.6,0.5,중립,위꼬리양봉,전저점부근,0.32,-0.47,2026-10-08
CLB,0.7,10.16,517617,702818,5.26,7.53,0.7,0.6,-0.1,강한매수,망치형,완만한상승,0.72,2.16,2026-10-08
SATL,0.7,5.08,3682246,5235082,18.71,33.4,0.6,-0.9,-1.1,강한매수,망치형,전저점부근,0.65,2.9299999999999997,2026-10-08
DBI,0.7,5.79,424445,646394,2.46,3.78,0.6,-0.8,-0.9,매도주의,음봉,전저점이탈,0.31,-1.68,2026-10-08
TSLR,0.7,17.39,941417,1273875,16.37,24.59,0.7,-2.2,0.6,매수관심,양봉스프링,잔구간,0.89,0.985,2026-10-08
SBRA,0.7,18.84,1993016,2942326,37.55,50.6,0.7,0.2,0.4,중립,팽이도지,잔구간,0.62,0.07,2026-10-08
TSLT,0.7,14.02,1193685,1755335,16.74,25.52,0.7,-2.0,0.7,매수관심,양봉스프링,잔구간,0.91,0.995,2026-10-08
BB,0.7,8.63,14165443,20102707,122.25,223.4,0.5,-0.6,-1.0,매도주의,위꼬리음봉,잔구간,0.25,-0.9,2026-10-08
NEXA,0.7,12.51,349680,506024,4.37,6.05,0.7,-1.1,0.4,중립,팽이도지,잔구간,0.59,0.055,2026-10-08
NMAX,0.7,10.36,629105,872059,6.52,8.33,0.8,-0.5,4.1,매수관심,장대양봉,잔구간,0.93,1.26,2026-10-08
SOPH,0.7,7.3,499915,724520,3.65,5.04,0.7,0.0,2.1,강한매수,양봉스프링,완만한상승,0.82,2.78,2026-10-08
OXSQ,0.7,1.28,830286,1251848,1.06,1.36,0.8,0.0,1.6,강한매수,장대양봉,완만한상승,1.0,3.5,2026-10-08
IGLD,0.7,19.96,433842,640783,8.66,13.71,0.6,0.2,0.2,중립,위꼬리양봉,잔구간,0.35,-0.59,2026-10-08
BSCU,0.7,16.22,705010,956070,11.44,14.73,0.8,0.0,0.1,강한매수,양봉,전고점돌파,1.0,2.8,2026-10-08
BTZ,0.7,9.43,303760,448514,2.86,4.25,0.7,-0.3,1.1,강한매수,장대양봉,완만한상승,1.0,3.5,2026-10-08
INMD,0.7,14.08,365491,525051,5.15,6.38,0.8,-0.1,0.6,강한매수,양봉,완만한상승,0.94,2.13,2026-10-08
USDE,0.7,12.79,1794989,2455222,22.96,62.84,0.4,-6.4,-1.2,강한매수,망치형,전저점부근,0.7,2.99,2026-10-08
VTEX,0.7,3.95,453986,660219,1.79,2.57,0.7,0.5,2.3,강한매수,장대양봉,전고점돌파,1.0,4.1,2026-10-08
FRVO,0.7,13.8,6157568,8347625,84.97,144.72,0.6,-1.8,0.6,중립,팽이도지,잔구간,0.46,-0.025,2026-10-08
FTMA,0.7,8.45,381580,534534,3.22,5.11,0.6,-0.2,0.4,매수관심,양봉,완만한상승,0.6,1.72,2026-10-08
PONY,0.7,5.76,3539551,5074617,20.39,28.51,0.7,-2.6,-2.5,강한매도,장대음봉,전저점이탈,0.24,-3.06,2026-10-08
LYNX,0.7,12.33,377850,531810,4.66,7.4,0.6,0.0,-3.4,중립,음봉,잔구간,0.25,-0.5,2026-10-08
TARA,0.7,2.65,1215462,1653456,3.22,6.02,0.5,0.0,2.3,중립,양봉,잔구간,0.77,0.51,2026-10-08
TCPC,0.7,4.03,436119,663857,1.76,3.11,0.6,-0.5,2.8,강한매수,장대양봉,완만한상승,0.92,3.4,2026-10-08
LUNL,0.7,3.02,1723189,2316229,5.2,7.17,0.7,-2.2,-7.5,매도주의,음봉,전저점이탈,0.33,-1.65,2026-10-08
PPLT,0.7,14.82,1716907,2358070,25.44,33.43,0.8,0.3,0.0,중립,팽이도지,잔구간,0.6,0.06,2026-10-08
MFIC,0.7,8.53,456508,685783,3.89,6.31,0.6,-0.7,1.8,매수관심,장대양봉,잔구간,0.83,1.2,2026-10-08
WDCX,0.7,12.7,4259231,6456550,54.09,74.91,0.7,-3.0,-2.8,중립,음봉,전저점부근,0.2,-0.31,2026-10-08
ECC,0.7,3.1,1051627,1420215,3.26,3.81,0.9,-1.0,1.3,중립,양봉,잔구간,0.63,0.43,2026-10-08
ELPC,0.7,14.06,544526,770072,7.66,10.7,0.7,0.1,0.6,매수관심,양봉,완만한상승,0.47,1.56,2026-10-08
AVPT,0.7,14.41,2339600,3141212,33.71,42.05,0.8,-0.4,1.3,매수관심,양봉,완만한상승,0.74,1.89,2026-10-08
LSPD,0.7,10.41,775364,1058601,8.07,11.91,0.7,0.0,1.8,강한매수,장대양봉,전고점돌파,0.98,4.08,2026-10-08
AVXL,0.7,1.54,1467842,2010653,2.26,3.11,0.7,0.0,0.7,중립,팽이도지,전저점부근,0.5,0.75,2026-10-08
ELME,0.7,1.75,1538195,2125798,2.69,3.19,0.8,0.0,0.0,중립,위꼬리양봉,완만한상승,0.0,-0.7,2026-10-08
VNDA,0.7,4.53,978906,1400347,4.43,6.91,0.6,-0.9,0.2,매수관심,양봉스프링,잔구간,0.97,1.03,2026-10-08
ARTV,0.7,6.8,339711,458782,2.31,3.39,0.7,-1.6,-1.3,중립,망치형,잔구간,0.65,0.59,2026-10-08
WVE,0.7,3.47,2664931,3629956,9.25,13.78,0.7,-1.7,-0.3,중립,망치형,잔구간,0.72,0.63,2026-10-08
ARCC,0.7,18.74,3874870,5279575,72.62,95.61,0.8,-0.3,1.9,매수관심,장대양봉,잔구간,0.91,1.245,2026-10-08
PUSA,0.7,2.55,1717584,2385272,4.38,5.0,0.9,-1.0,1.6,중립,팽이도지,잔구간,0.68,0.11,2026-10-08
VZLA,0.7,3.47,3584466,5425380,12.44,17.49,0.7,0.3,1.2,중립,양봉,잔구간,0.73,0.49,2026-10-08
AFIF,0.7,9.255,430835,594714,3.99,16.27,0.2,-0.4,0.4,강한매수,장대양봉,완만한상승,0.88,3.36,2026-10-08
PTRN,0.7,18.35,1191147,1610130,21.86,29.58,0.7,-0.5,4.1,강한매수,장대양봉,전고점돌파,0.88,3.96,2026-10-08
ALDX,0.6,0.948,1178535,1965164,1.12,3.17,0.4,0.1,-1.3,중립,망치형,잔구간,0.61,0.565,2026-10-08
ALVO,0.6,5.67,668879,1168922,3.79,7.46,0.5,-0.3,-2.7,매도주의,장대음봉,잔구간,0.29,-1.125,2026-10-08
PYXS,0.6,1.99,1097194,1758253,2.18,4.35,0.5,1.0,-2.0,강한매수,망치형,전저점부근,0.69,2.98,2026-10-08
WCMI,0.6,18.85,660477,1048679,12.45,23.49,0.5,-0.8,0.1,매수관심,양봉스프링,잔구간,0.8,0.93,2026-10-08
VALE,0.6,13.42,28146538,44196530,377.73,570.57,0.7,-0.7,-0.7,매도주의,위꼬리음봉,잔구간,0.0,-1.05,2026-10-08
NRK,0.6,9.22,391923,665172,3.61,7.08,0.5,-0.1,1.1,강한매수,장대양봉,완만한상승,0.93,3.42,2026-10-08
NVA,0.6,5.12,337812,571226,1.73,3.46,0.5,-1.5,-1.0,강한매도,위꼬리음봉,전저점이탈,0.11,-2.72,2026-10-08
LULG,0.6,3.524,570135,891173,2.01,3.18,0.6,-2.0,4.0,중립,양봉,잔구간,0.73,0.49,2026-10-08
MNTS,0.6,3.38,383418,593641,1.3,2.65,0.5,-1.3,-2.2,매도주의,음봉,전저점이탈,0.33,-1.65,2026-10-08
MLN,0.6,16.16,1150309,1780684,18.59,24.62,0.8,0.0,0.4,강한매수,양봉,완만한상승,0.89,2.07,2026-10-08
AVAH,0.6,12.24,2489833,3955049,30.48,42.06,0.7,-0.6,0.0,중립,팽이도지,잔구간,0.6,0.06,2026-10-08
EVV,0.6,8.42,601185,951705,5.06,8.41,0.6,0.2,0.5,강한매수,양봉,완만한상승,0.9,2.08,2026-10-08
ABUS,0.6,4.18,4854831,8623647,20.29,53.21,0.4,-1.6,-0.9,중립,팽이도지,전저점이탈,0.52,-0.73,2026-10-08
FTMH,0.6,10.75,959581,1492355,10.32,12.4,0.8,-0.7,0.6,매수관심,장대양봉,잔구간,0.75,1.15,2026-10-08
FTCA,0.6,6.8,993135,1778535,6.75,18.82,0.4,-0.6,0.7,강한매수,장대양봉,완만한상승,0.71,3.15,2026-10-08
EMAT,0.6,1.7,851434,1369998,1.45,3.2,0.5,-1.7,-1.2,매도주의,위꼬리음봉,전저점부근,0.17,-1.15,2026-10-08
PML,0.6,6.55,793853,1309773,5.2,8.16,0.6,-0.2,1.4,강한매수,양봉,완만한상승,0.87,2.04,2026-10-08
MSDL,0.6,13.57,448615,704648,6.09,8.15,0.7,-0.2,2.0,매수관심,장대양봉,잔구간,0.87,1.22,2026-10-08
TV,0.6,2.24,512346,796294,1.15,2.05,0.6,0.0,0.4,매수관심,양봉스프링,잔구간,0.77,0.91,2026-10-08
IVA,0.6,3.32,2173254,3603127,7.22,11.79,0.6,-0.7,-0.6,중립,망치형,잔구간,0.7,0.62,2026-10-08
IMTX,0.6,7.37,604725,950287,4.46,9.1,0.5,-1.1,0.0,중립,팽이도지,잔구간,0.65,0.09,2026-10-08
BRVE,0.6,19.09,389176,629866,7.43,12.39,0.6,-0.3,3.0,중립,양봉,잔구간,0.84,0.555,2026-10-08
BSCT,0.6,18.28,538360,840279,9.84,19.23,0.5,-0.1,0.1,중립,양봉,전고점부근,0.87,0.69,2026-10-08
JAGX,0.6,4.53,590324,968607,2.67,52.85,0.1,-3.6,-6.0,중립,음봉,잔구간,0.29,-0.475,2026-10-08
IBRX,0.6,9.91,10492088,16876957,103.98,143.62,0.7,-1.2,2.9,매수관심,양봉,완만한상승,0.78,1.94,2026-10-08
OBDC,0.6,10.17,3045629,5063671,30.97,49.98,0.6,-0.5,2.0,매수관심,장대양봉,잔구간,0.96,1.275,2026-10-08
PSEC,0.6,1.82,5782163,9235058,10.52,15.01,0.7,-0.5,-0.5,중립,팽이도지,잔구간,0.5,0.0,2026-10-08
FVRR,0.6,8.64,381517,661874,3.3,5.31,0.6,0.4,1.2,강한매수,양봉,완만한상승,0.95,2.14,2026-10-08
FTMU,0.6,7.26,473957,809157,3.44,6.31,0.5,-0.1,-0.1,중립,망치형,잔구간,0.75,0.65,2026-10-08
EVC,0.6,6.78,1049858,1721599,7.12,11.24,0.6,-1.0,1.0,매수관심,양봉,완만한상승,0.44,1.53,2026-10-08
QTTB,0.6,8.09,860237,1526697,6.96,13.67,0.5,-0.6,1.9,매수관심,양봉스프링,잔구간,0.94,1.015,2026-10-08
BCYC,0.6,3.81,338684,550153,1.29,2.28,0.6,-0.5,2.7,중립,양봉,잔구간,1.0,0.65,2026-10-08
CTVA,0.6,13.75,35260276,61980896,484.83,699.96,0.7,-1.7,-3.2,중립,음봉,전저점부근,0.16,-0.36,2026-10-08
ACVA,0.6,10.44,4037334,7025278,42.15,84.28,0.5,0.1,-0.1,매도주의,장대음봉,완만한상승,0.0,-1.7,2026-10-08
SITC,0.6,3.17,1248937,2106334,3.96,6.44,0.6,0.3,0.0,중립,팽이도지,잔구간,0.62,0.07,2026-10-08
DPRO,0.6,4.57,804173,1253343,3.68,8.37,0.4,0.9,-3.6,강한매도,장대음봉,전저점이탈,0.11,-3.22,2026-10-08
DNP,0.6,9.72,612577,1014650,5.95,11.0,0.5,0.5,0.1,중립,팽이도지,잔구간,0.62,0.07,2026-10-08
SGHC,0.6,11.54,1905893,3134158,21.99,36.61,0.6,-0.5,2.2,매수관심,장대양봉,잔구간,0.83,1.2,2026-10-08
PDI,0.6,14.33,2683616,4523103,38.46,61.23,0.6,0.2,0.0,매수관심,팽이도지,완만한상승,0.55,0.96,2026-10-08
DNA,0.6,11.34,3205461,5555206,36.35,61.86,0.6,-4.8,3.8,중립,양봉,잔구간,0.91,0.595,2026-10-08
OPTX,0.6,8.26,389347,640794,3.22,4.45,0.7,-1.5,-5.7,중립,음봉,잔구간,0.2,-0.53,2026-10-08
GLOO,0.6,3.82,473821,793258,1.81,4.18,0.4,-0.3,-3.8,강한매도,장대음봉,전저점이탈,0.27,-3.03,2026-10-08
NCMI,0.6,2.21,982387,1541482,2.17,3.95,0.5,0.5,0.0,매수관심,팽이도지,완만한상승,0.73,1.18,2026-10-08
MX,0.6,3.16,720912,1117491,2.28,9.41,0.2,-1.2,-1.3,매도주의,음봉,전저점이탈,0.5,-1.45,2026-10-08
IRD,0.6,4.46,1345784,2166213,6.0,8.72,0.7,0.0,1.1,강한매수,양봉스프링,완만한상승,0.91,2.89,2026-10-08
SCTX,0.6,19.23,358379,572613,6.89,11.75,0.6,-0.2,9.6,중립,양봉,잔구간,0.82,0.54,2026-10-08
NMFC,0.6,6.81,472301,801375,3.22,4.41,0.7,0.0,1.0,중립,양봉,잔구간,0.76,0.505,2026-10-08
TSLL,0.6,10.01,38913425,61821251,389.52,616.71,0.6,-1.7,0.3,매수관심,양봉스프링,잔구간,0.88,0.98,2026-10-08
RBLU,0.6,4.755,306730,540594,1.46,2.62,0.6,-1.0,-3.2,중립,음봉,잔구간,0.63,-0.27,2026-10-08
OIG,0.6,9.03,335087,578515,3.03,5.4,0.6,0.9,10.4,매수관심,장대양봉,잔구간,0.97,1.28,2026-10-08
HGTY,0.6,14.2,310950,522429,4.42,6.36,0.7,-0.1,2.0,강한매수,양봉,전고점돌파,0.91,2.69,2026-10-08
CLM,0.6,6.46,1248594,2117455,8.07,11.51,0.7,-0.5,0.0,중립,팽이도지,잔구간,0.5,0.0,2026-10-08
OGG,0.6,2.79,1167829,1905003,3.26,5.9,0.6,-0.4,1.5,매수관심,양봉,완만한상승,0.44,1.53,2026-10-08
WETO,0.5,1.08,1484302,2762889,1.6,11.78,0.1,-10.2,1.9,매수관심,양봉스프링,잔구간,0.78,0.92,2026-10-08
APMD,0.5,18.22,332025,625459,6.05,10.99,0.6,0.1,0.9,중립,팽이도지,잔구간,0.68,0.11,2026-10-08
ASTL,0.5,4.18,329252,636733,1.38,3.37,0.4,0.0,-1.2,중립,음봉,잔구간,0.57,-0.31,2026-10-08
MI,0.5,0.894,4894137,10599176,4.37,125.45,0.0,-6.5,-37.9,매도주의,장대음봉,전저점부근,0.14,-1.68,2026-10-08
CLBT,0.5,11.34,1056944,1949426,11.99,27.13,0.4,1.0,0.0,강한매수,양봉스프링,완만한상승,0.84,2.81,2026-10-08
ADRX,0.5,17.675,420188,925509,7.43,25.9,0.3,-1.2,3.2,중립,양봉,잔구간,0.71,0.475,2026-10-08
FOSL,0.5,7.0,588811,1262835,4.12,6.2,0.7,-1.0,-0.1,중립,팽이도지,잔구간,0.4,-0.06,2026-10-08
FPI,0.5,10.49,628671,1143890,6.59,11.25,0.6,0.4,0.9,중립,양봉,잔구간,0.75,0.5,2026-10-08
EVMN,0.5,6.41,691980,1445172,4.44,8.36,0.5,-0.6,3.7,중립,양봉,잔구간,0.93,0.61,2026-10-08
GRML,0.5,5.88,1837055,4036453,10.8,134.24,0.1,-0.3,1.2,중립,팽이도지,잔구간,0.57,0.04,2026-10-08
LFCR,0.5,6.43,492059,905409,3.16,7.02,0.5,-0.2,0.0,중립,팽이도지,전저점부근,0.29,0.5,2026-10-08
HYT,0.5,7.83,573477,1112287,4.49,9.44,0.5,0.0,0.5,강한매수,양봉,완만한상승,1.0,2.2,2026-10-08
BURU,0.5,0.974,1710378,3539166,1.67,4.17,0.4,-5.8,0.4,중립,팽이도지,잔구간,0.4,-0.06,2026-10-08
FFR,0.5,1.77,932364,1833842,1.65,9.82,0.2,0.0,-1.1,중립,망치형,잔구간,0.73,0.64,2026-10-08
SGML,0.5,9.56,1535388,3073464,14.68,26.07,0.6,-1.9,-1.1,중립,음봉,잔구간,0.54,-0.325,2026-10-08
PAYO,0.5,7.16,1342704,2526555,9.61,17.95,0.5,-0.1,0.1,중립,양봉,전고점부근,0.5,0.25,2026-10-08
RNW,0.5,6.9,517427,1123626,3.57,7.22,0.5,-0.1,0.3,강한매수,장대양봉,전고점부근,1.0,2.15,2026-10-08
SRFM,0.5,0.929,4678968,8601096,4.35,9.7,0.4,3.8,-1.9,매도주의,위꼬리음봉,잔구간,0.05,-1.02,2026-10-08
RKLZ,0.5,15.723,418662,922370,6.58,10.77,0.6,3.5,5.7,중립,양봉,전고점부근,0.82,0.63,2026-10-08
JQC,0.5,4.62,434964,888346,2.01,5.29,0.4,0.0,-0.6,매도주의,장대음봉,잔구간,0.0,-1.3,2026-10-08
NAUT,0.5,1.82,6605640,12657158,12.02,19.49,0.6,2.0,-9.0,매도주의,장대음봉,잔구간,0.27,-1.14,2026-10-08
AMOD,0.4,2.33,4518309,10463692,10.53,81.85,0.1,-3.5,6.4,중립,위꼬리양봉,잔구간,0.17,-0.7,2026-10-08
ACCV,0.4,15.66,1930204,4519093,30.23,97.79,0.3,-1.2,4.3,중립,양봉,잔구간,0.8,0.53,2026-10-08
QSI,0.4,1.22,5851471,16306478,7.14,16.34,0.4,0.8,-5.4,매도주의,장대음봉,잔구간,0.2,-1.18,2026-10-08
ZVRA,0.4,11.0,487124,1126495,5.36,11.88,0.5,-0.3,-0.5,중립,망치형,잔구간,0.59,0.555,2026-10-08
CNTB,0.4,0.881,1212723,3018455,1.07,20.4,0.1,-1.6,-5.3,매도주의,장대음봉,전저점부근,0.01,-1.84,2026-10-08
XRPNW,0.4,4.58,484015,1129246,2.22,3.09,0.7,0.4,0.2,매수관심,팽이도지,완만한상승,0.69,1.13,2026-10-08
GLND,0.4,2.605,2401479,6774088,6.26,200.42,0.0,5.5,-8.9,매도주의,장대음봉,전저점부근,0.24,-1.56,2026-10-08
TETH,0.4,12.28,467822,1255595,5.74,18.78,0.3,-1.4,-2.8,매도주의,음봉,전저점이탈,0.42,-1.55,2026-10-08
BRBS,0.4,3.9,541867,1464430,2.11,4.5,0.5,-0.5,1.0,매수관심,양봉,완만한상승,0.71,1.85,2026-10-08
BIYA,0.4,1.74,2106549,5949627,3.67,31.6,0.1,-18.3,-7.4,중립,음봉,잔구간,0.14,-0.565,2026-10-08
TIGR,0.4,4.32,960231,2473004,4.15,9.78,0.4,-0.7,-2.0,매도주의,장대음봉,잔구간,0.14,-1.215,2026-10-08
EPRX,0.4,7.57,637045,1675357,4.82,10.83,0.4,-1.2,-1.6,중립,음봉,잔구간,0.56,-0.315,2026-10-08
QTEX,0.4,1.69,19486307,48969935,32.93,50.6,0.7,0.0,1.8,매수관심,팽이도지,완만한상승,0.61,1.03,2026-10-08
CRDL,0.3,1.3,926163,3279151,1.2,2.98,0.4,-2.3,0.8,중립,팽이도지,잔구간,0.5,0.0,2026-10-08
SDEV,0.3,1.99,21136768,75936712,42.06,292.1,0.1,-11.2,-19.4,매도주의,장대음봉,잔구간,0.13,-1.22,2026-10-08
AIB,0.2,1.43,1222168,5218966,1.75,7.96,0.2,-3.3,-1.4,중립,망치형,잔구간,0.62,0.57,2026-10-08
APPX,0.2,9.96,740323,3046628,7.37,25.2,0.3,-2.6,1.8,매수관심,양봉스프링,잔구간,0.98,1.04,2026-10-08
RETO,0.2,1.4,984862,4043399,1.38,14.57,0.1,0.6,-11.4,강한매도,장대음봉,전저점이탈,0.31,-2.98,2026-10-08
APUS,0.1,5.51,1112796,11293478,6.13,133.82,0.0,-8.8,-14.3,매도주의,장대음봉,잔구간,0.23,-1.16,2026-10-08
