ticker,ratio,latest_close,latest_volume,baseline_volume,dollar_volume_M,avg_dollar_vol_10d_M,dollar_surge_x,signal_gap_%,intraday_chg_%,candle_signal,candle_shape,candle_pos,close_pos,candle_score,latest_date
EZRA,955.2,2.65,108832261,113936,288.41,0.34,841.2,75.3,-16.9,중립,위꼬리음봉,전고점돌파,0.13,-0.44,2026-08-03
RITR,381.0,0.342,1530908034,4018102,523.26,0.95,553.6,260.2,68.0,강한매수,양봉,전고점돌파,0.79,2.55,2026-08-03
CYAB,281.2,0.302,46585908,165654,14.06,0.04,329.2,-6.5,4.1,중립,팽이도지,잔구간,0.64,0.085,2026-08-03
FMFC,117.0,0.34,17971752,153540,6.11,10.15,0.6,-43.2,14.2,중립,양봉,잔구간,0.46,0.325,2026-08-03
ADGM,87.4,0.46,9098737,104060,4.19,0.04,94.7,11.6,9.0,중립,양봉,잔구간,0.73,0.49,2026-08-03
CYCU,78.5,0.915,58040647,739098,53.11,118.89,0.4,21.6,-15.3,중립,음봉,잔구간,0.17,-0.55,2026-08-03
TAOP,77.8,0.778,4787172,61507,3.72,0.07,52.3,5.8,6.5,중립,팽이도지,잔구간,0.45,-0.03,2026-08-03
IPW,58.8,0.532,22700336,385872,12.07,3.1,3.9,3.1,1.8,중립,팽이도지,잔구간,0.64,0.085,2026-08-03
SDST,54.3,0.7,26516923,488121,18.55,0.42,44.5,11.1,16.6,중립,위꼬리양봉,잔구간,0.34,-0.595,2026-08-03
EDBL,46.0,2.28,23327911,506988,53.19,11.03,4.8,17.6,-16.8,중립,음봉,전저점부근,0.08,-0.45,2026-08-03
PRZO,34.8,0.529,16686475,479743,8.83,0.19,46.0,10.2,3.7,중립,팽이도지,전고점부근,0.44,-0.52,2026-08-03
SGLY,33.6,5.44,3099799,92143,16.86,0.36,46.3,-1.5,5.6,강한매도,위꼬리양봉,전고점부근,0.38,-2.59,2026-08-03
CNCK,32.7,2.37,2171140,66376,5.15,0.12,42.1,0.0,31.7,매수관심,장대양봉,잔구간,0.62,1.07,2026-08-03
RBLU,29.3,3.36,1870656,63864,6.29,3.28,1.9,-0.6,7.0,매수관심,양봉,완만한상승,0.56,1.67,2026-08-03
MGRX,26.9,0.536,15123761,561214,8.11,31.15,0.3,-22.5,24.1,매수관심,장대양봉,잔구간,0.86,1.215,2026-08-03
RUBI,20.8,2.34,5525269,265983,12.93,1.43,9.0,11.2,-5.6,중립,팽이도지,완만한상승,0.35,0.72,2026-08-03
PUSA,20.5,2.73,5466640,266492,14.92,1.1,13.5,-1.3,-8.4,중립,음봉,잔구간,0.31,-0.465,2026-08-03
AUTL,19.6,1.82,13440416,684497,24.46,1.2,20.3,15.1,6.1,중립,위꼬리양봉,전고점돌파,0.45,0.44,2026-08-03
LFS,17.7,2.55,959384,54060,2.45,3.46,0.7,-6.7,14.9,매수관심,양봉,완만한상승,0.55,1.66,2026-08-03
GME,16.0,19.06,41713173,2610953,795.05,68.65,11.6,-5.8,-6.8,강한매도,장대음봉,전저점이탈,0.26,-3.04,2026-08-03
TLSA,15.8,0.969,3012496,190321,2.92,0.26,11.3,-2.9,-3.1,중립,팽이도지,잔구간,0.36,-0.085,2026-08-03
MBRX,10.3,0.425,8762448,848390,3.72,1.27,2.9,-7.5,14.9,강한매수,양봉스프링,완만한상승,0.91,2.89,2026-08-03
LUNG,9.0,2.12,2213553,246847,4.69,1.3,3.6,2.5,26.9,강한매수,장대양봉,전고점돌파,0.95,4.04,2026-08-03
VRAX,8.8,2.94,527623,59696,1.55,0.36,4.3,0.0,12.2,매수관심,장대양봉,잔구간,1.0,1.3,2026-08-03
KIDZ,8.5,0.56,34023049,4004734,19.05,37.29,0.5,2.5,-2.7,중립,팽이도지,잔구간,0.4,-0.06,2026-08-03
NEXR,8.4,3.02,2292729,273943,6.92,2.27,3.0,-6.2,-8.8,매도주의,위꼬리음봉,잔구간,0.05,-1.02,2026-08-03
SRAD,7.9,12.34,10569488,1341567,130.43,28.81,4.5,-19.1,4.9,중립,양봉,전저점이탈,0.74,0.24,2026-08-03
PMVP,7.0,1.12,2105490,301022,2.36,0.27,8.6,0.0,0.9,중립,팽이도지,잔구간,0.64,0.085,2026-08-03
AMZG,6.6,19.596,485220,73113,9.51,1.49,6.4,5.3,3.8,강한매수,장대양봉,전고점돌파,0.67,3.7,2026-08-03
EMAT,6.5,2.95,507315,77994,1.5,0.45,3.4,5.7,-23.8,강한매도,장대음봉,전저점이탈,0.03,-3.31,2026-08-03
TGHL,6.3,1.22,1879127,298250,2.29,2.24,1.0,14.6,-5.8,중립,음봉,완만한상승,0.48,0.18,2026-08-03
KPTI,6.3,1.97,4514606,715767,8.89,12.68,0.7,1.0,1.5,매수관심,팽이도지,전저점부근,0.68,0.97,2026-08-03
RDTL,6.0,14.52,2506468,415088,36.39,19.36,1.9,2.9,16.4,강한매수,장대양봉,완만한상승,0.83,3.3,2026-08-03
SGMT,5.9,7.15,2991035,504551,21.39,4.58,4.7,-5.2,6.1,강한매수,양봉,완만한상승,0.93,2.12,2026-08-03
CSHR,5.9,5.24,546535,92116,2.86,1.12,2.5,-2.4,9.6,강한매수,장대양봉,전고점돌파,0.91,3.99,2026-08-03
MYGN,5.9,3.02,7816892,1323847,23.61,9.51,2.5,2.1,3.4,중립,양봉,잔구간,0.73,0.49,2026-08-03
SCYX,5.8,5.07,432449,74991,2.19,1.78,1.2,0.6,4.1,강한매수,양봉스프링,전고점돌파,0.84,3.41,2026-08-03
BACpN,5.7,19.52,482898,84138,9.43,1.88,5.0,0.3,-0.6,매도주의,장대음봉,수횡파,0.1,-1.88,2026-08-03
FBIO,5.6,2.76,2313305,413951,6.38,1.6,4.0,-5.1,-7.1,강한매도,장대음봉,전저점이탈,0.4,-2.87,2026-08-03
WHLR,5.5,0.519,3714686,676696,1.93,0.48,4.0,1.4,-13.3,강한매도,장대음봉,전저점이탈,0.14,-3.18,2026-08-03
OPI,5.5,19.27,324779,59511,6.26,1.5,4.2,0.4,2.2,중립,위꼬리양봉,전고점돌파,0.42,0.4,2026-08-03
GLBS,5.2,3.22,368273,70918,1.19,0.3,3.9,1.0,11.0,강한매수,장대양봉,전고점돌파,0.88,3.96,2026-08-03
CPIX,4.6,7.18,415743,91299,2.99,0.94,3.2,-16.2,28.2,강한매수,장대양봉,전고점부근,0.98,2.13,2026-08-03
BABU,4.6,12.8,340260,74103,4.36,1.12,3.9,7.1,0.9,중립,위꼬리양봉,전고점돌파,0.35,0.32,2026-08-03
PLTG,4.5,10.08,1107269,244401,11.16,2.36,4.7,6.0,-1.7,중립,음봉,잔구간,0.63,-0.27,2026-08-03
MSpO,4.4,16.66,417519,94685,6.96,1.75,4.0,0.2,-0.1,매도주의,위꼬리음봉,완만한상승,0.17,-1.0,2026-08-03
AXTU,4.3,5.02,1635424,381700,8.21,2.34,3.5,-10.7,43.0,강한매수,장대양봉,전고점돌파,0.85,3.92,2026-08-03
BIOA,4.1,10.78,3533721,852245,38.09,21.93,1.7,5.1,13.5,강한매수,장대양봉,완만한상승,0.9,3.38,2026-08-03
PDBC,4.1,17.25,19796176,4879960,341.48,92.99,3.7,-2.6,0.8,매수관심,장대양봉,잔구간,0.95,1.27,2026-08-03
OXSQ,4.0,1.52,3196297,803616,4.86,1.77,2.7,-0.6,-1.3,중립,음봉,잔구간,0.22,-0.52,2026-08-03
NBIZ,3.8,14.6,10216515,2692265,149.16,78.26,1.9,7.2,-28.4,매도주의,장대음봉,전저점부근,0.19,-1.62,2026-08-03
KC,3.8,11.9,4040584,1077140,48.08,11.17,4.3,3.6,3.0,강한매수,양봉,전고점돌파,0.44,2.13,2026-08-03
KUST,3.8,1.45,3861738,1007863,5.6,15.94,0.4,-4.8,22.9,강한매수,장대양봉,완만한상승,0.82,3.28,2026-08-03
PWCM,3.8,1.63,830844,221267,1.35,2.22,0.6,-25.0,2.5,매수관심,양봉스프링,전저점이탈,0.93,1.27,2026-08-03
AXTL,3.7,3.6,1000990,273122,3.6,1.04,3.5,-12.4,45.2,강한매수,장대양봉,전고점돌파,0.86,3.93,2026-08-03
JELD,3.7,1.44,3319450,903959,4.78,1.38,3.5,2.1,-0.7,중립,팽이도지,전고점부근,0.39,-0.58,2026-08-03
NWL,3.7,6.36,26497165,7182212,168.52,56.6,3.0,5.5,7.6,매수관심,양봉,완만한상승,0.68,1.82,2026-08-03
TWO,3.7,12.05,7410409,2027989,89.3,33.41,2.7,0.0,-0.3,강한매도,장대음봉,전저점이탈,0.09,-3.24,2026-08-03
BCBP,3.6,9.79,413184,114885,4.05,1.5,2.7,-10.4,9.4,매수관심,장대양봉,잔구간,0.89,1.235,2026-08-03
FIP,3.6,3.43,3675445,1034390,12.61,4.34,2.9,0.5,-8.5,강한매도,장대음봉,전저점이탈,0.09,-3.24,2026-08-03
SHIP,3.6,18.17,816829,226066,14.84,4.37,3.4,2.3,1.6,강한매수,양봉,전고점돌파,0.63,2.36,2026-08-03
OCTV,3.6,19.13,2925291,819657,55.96,13.92,4.0,1.3,3.5,강한매수,장대양봉,전고점돌파,0.85,3.92,2026-08-03
FSMB,3.5,19.89,337554,95624,6.71,1.97,3.4,0.0,0.1,강한매수,장대양봉,전고점부근,1.0,2.15,2026-08-03
MSBT,3.5,18.31,917715,259111,16.8,6.66,2.5,-0.4,2.0,매수관심,장대양봉,잔구간,0.93,1.26,2026-08-03
BHC,3.5,7.0,9458763,2683712,66.21,34.53,1.9,1.6,0.0,매수관심,팽이도지,전고점돌파,0.61,1.63,2026-08-03
ACRE,3.5,4.25,1201470,338805,5.11,1.65,3.1,-0.2,0.0,중립,팽이도지,잔구간,0.73,0.14,2026-08-03
DHX,3.5,4.04,356413,101219,1.44,0.45,3.2,1.2,-5.2,중립,음봉,잔구간,0.16,-0.555,2026-08-03
GMEU,3.4,5.86,1451434,432588,8.51,3.41,2.5,-11.2,-15.2,강한매도,장대음봉,전저점이탈,0.26,-3.04,2026-08-03
VCIG,3.3,0.311,5084696,1556130,1.58,3.46,0.5,-3.0,1.5,매수관심,팽이도지,전저점부근,0.61,0.88,2026-08-03
SIND,3.3,13.18,336181,102493,4.43,1.52,2.9,0.0,2.8,매수관심,양봉스프링,잔구간,0.84,0.955,2026-08-03
PTIR,3.3,10.58,11341392,3435831,119.99,34.43,3.5,6.2,-1.5,중립,망치형,잔구간,0.7,0.62,2026-08-03
FOSL,3.3,5.89,2721698,834116,16.03,3.68,4.4,0.6,18.3,강한매수,장대양봉,전고점돌파,0.78,3.84,2026-08-03
COIG,3.3,3.947,357822,109697,1.41,1.05,1.3,-1.0,2.2,매수관심,팽이도지,완만한상승,0.5,0.9,2026-08-03
RMAX,3.3,9.17,1042458,315072,9.56,3.33,2.9,0.0,1.2,매수관심,양봉,완만한상승,0.46,1.55,2026-08-03
LION,3.2,13.24,5022199,1548995,66.49,24.63,2.7,0.2,-0.5,매도주의,위꼬리음봉,잔구간,0.16,-0.955,2026-08-03
SNAP,3.2,5.04,91436418,28912807,460.84,138.15,3.3,1.9,5.4,강한매수,장대양봉,전고점돌파,0.87,3.94,2026-08-03
ZTG,3.2,4.96,893186,280992,4.43,0.98,4.5,-5.0,18.7,강한매수,장대양봉,완만한상승,0.8,3.26,2026-08-03
BAER,3.2,1.96,1171047,366654,2.3,0.73,3.1,2.6,-1.5,매도주의,위꼬리음봉,완만한상승,0.08,-1.1,2026-08-03
BRCC,3.2,1.05,1765701,555901,1.85,0.75,2.5,6.8,-4.5,중립,음봉,완만한상승,0.33,-0.0,2026-08-03
CGEN,3.1,2.38,592869,188715,1.41,0.49,2.9,-0.4,1.7,강한매수,양봉스프링,완만한상승,0.98,2.98,2026-08-03
TIC,3.0,7.84,3897023,1297470,30.55,13.5,2.3,1.1,6.1,강한매수,장대양봉,전고점돌파,0.85,3.92,2026-08-03
SPCU,3.0,8.7,4136613,1357460,35.99,12.85,2.8,-3.3,15.1,강한매수,장대양봉,수횡파,0.96,4.15,2026-08-03
OTF,3.0,10.31,4925370,1639652,50.78,21.65,2.3,0.8,2.9,강한매수,장대양봉,전고점돌파,0.83,3.9,2026-08-03
LOVE,2.9,16.84,518161,180888,8.73,3.48,2.5,0.9,3.7,매수관심,장대양봉,잔구간,0.86,1.215,2026-08-03
ORCU,2.9,7.44,15917911,5517369,118.43,29.05,4.1,3.3,14.6,강한매수,장대양봉,전고점돌파,0.92,4.0,2026-08-03
DRH,2.9,13.38,6012230,2088121,80.44,35.03,2.3,0.4,0.7,중립,위꼬리양봉,완만한상승,0.21,-0.45,2026-08-03
BHK,2.9,8.98,566357,193636,5.09,2.05,2.5,-0.1,1.0,강한매수,장대양봉,완만한상승,0.64,3.07,2026-08-03
AXTX,2.9,9.26,16864395,5888730,156.16,48.31,3.2,-13.5,45.8,강한매수,장대양봉,전고점돌파,0.84,3.91,2026-08-03
EVMN,2.8,11.59,862586,312284,10.0,5.47,1.8,-1.0,4.0,강한매수,양봉,완만한상승,0.9,2.08,2026-08-03
AAOZ,2.8,19.48,548301,196447,10.68,6.06,1.8,9.6,-39.9,강한매도,장대음봉,전저점이탈,0.0,-3.35,2026-08-03
ALHC,2.8,14.56,11076699,4006257,161.28,94.84,1.7,-2.0,0.1,중립,팽이도지,잔구간,0.72,0.13,2026-08-03
TpC,2.8,17.31,429195,154953,7.43,3.97,1.9,0.6,0.3,강한매수,양봉,완만한상승,0.93,2.12,2026-08-03
MSFD,2.8,10.57,5290279,1916446,55.92,21.48,2.6,-2.4,-2.5,강한매도,장대음봉,전저점이탈,0.24,-3.06,2026-08-03
TIPX,2.8,18.58,566491,201008,10.53,5.51,1.9,-0.7,0.0,매도주의,팽이도지,전저점이탈,0.26,-1.04,2026-08-03
MVIS,2.8,3.85,798710,286602,3.08,2.17,1.4,1.8,-5.2,중립,음봉,잔구간,0.38,-0.42,2026-08-03
GERN,2.7,1.28,19560705,7285960,25.04,11.36,2.2,0.8,-1.5,중립,망치형,잔구간,0.67,0.6,2026-08-03
RSKD,2.7,5.22,1157149,421658,6.04,2.7,2.2,1.7,-1.1,중립,음봉,완만한상승,0.34,0.01,2026-08-03
CORD,2.7,4.32,11479048,4217854,49.59,34.09,1.5,3.2,-40.9,강한매도,장대음봉,전저점이탈,0.03,-3.31,2026-08-03
CRCD,2.7,6.375,1705071,621785,10.87,6.16,1.8,11.4,-3.7,중립,음봉,완만한상승,0.3,-0.04,2026-08-03
INO,2.7,0.697,7630984,2797211,5.32,4.51,1.2,1.9,1.0,중립,위꼬리양봉,완만한상승,0.38,-0.24,2026-08-03
RCKT,2.7,3.41,3167826,1190737,10.8,4.18,2.6,0.6,8.9,매수관심,장대양봉,전고점부근,0.85,1.97,2026-08-03
JKS,2.6,15.74,1292229,506413,20.34,9.45,2.2,1.8,2.1,매수관심,양봉,완만한상승,0.41,1.49,2026-08-03
WU,2.6,6.55,20254764,7742650,132.67,104.96,1.3,0.6,2.4,중립,양봉,잔구간,0.6,0.41,2026-08-03
VOD,2.6,15.61,10310914,3910420,160.95,59.41,2.7,1.4,-2.4,매도주의,장대음봉,잔구간,0.11,-1.235,2026-08-03
KT,2.6,18.38,2979424,1153397,54.76,25.81,2.1,2.2,-0.5,중립,음봉,완만한상승,0.33,-0.0,2026-08-03
EU,2.5,1.08,7205357,2890679,7.78,2.94,2.6,1.8,-2.7,중립,음봉,잔구간,0.5,-0.35,2026-08-03
SPAX,2.5,6.62,3748202,1499363,24.81,10.54,2.4,-3.6,16.1,강한매수,장대양봉,수횡파,0.99,4.1899999999999995,2026-08-03
SG,2.5,5.92,10236209,4025079,60.6,34.22,1.8,0.6,-8.8,강한매도,장대음봉,전저점이탈,0.07,-3.27,2026-08-03
ATEC,2.5,10.15,4589416,1800615,46.58,16.53,2.8,5.0,1.5,강한매수,양봉,전고점돌파,0.66,2.39,2026-08-03
HODU,2.5,9.515,307717,124475,2.93,1.18,2.5,-0.3,9.2,중립,양봉,잔구간,0.72,0.48,2026-08-03
CNH,2.5,10.8,38092436,15323691,411.4,147.96,2.8,11.3,-5.3,중립,음봉,잔구간,0.08,-0.6,2026-08-03
IEP,2.5,7.76,1364123,547317,10.59,4.37,2.4,0.1,-0.5,강한매수,망치형,수횡파,0.76,2.91,2026-08-03
STGW,2.4,8.7,3741759,1546831,32.55,9.96,3.3,0.6,2.4,강한매수,양봉,전고점돌파,0.51,2.21,2026-08-03
IRWD,2.4,4.42,3818187,1560297,16.88,6.27,2.7,2.2,2.2,강한매수,양봉,전고점돌파,0.45,2.14,2026-08-03
NNDM,2.4,1.56,3536582,1454661,5.52,4.96,1.1,-0.7,4.7,강한매수,장대양봉,전고점부근,0.9,2.03,2026-08-03
CERS,2.4,2.15,4577301,1920442,9.84,7.5,1.3,3.7,-3.6,중립,음봉,완만한상승,0.07,-0.32,2026-08-03
NPCE,2.4,13.5,593788,249047,8.02,3.42,2.3,1.2,3.4,매수관심,양봉,완만한상승,0.51,1.61,2026-08-03
BLZE,2.4,15.59,4448497,1883764,69.35,22.35,3.1,0.3,13.3,강한매수,장대양봉,전고점돌파,0.96,4.05,2026-08-03
PAYO,2.4,7.11,11848063,4985095,84.24,31.43,2.7,0.1,-1.0,매도주의,장대음봉,전저점부근,0.13,-1.69,2026-08-03
BSCQ,2.4,19.54,1598614,665278,31.24,16.03,1.9,0.1,0.0,강한매수,양봉,전고점돌파,1.0,2.8,2026-08-03
WIW,2.4,8.29,490107,202539,4.06,1.78,2.3,0.1,0.2,중립,양봉,잔구간,0.44,0.315,2026-08-03
OWL,2.4,11.16,40038588,16734539,446.83,179.46,2.5,1.5,6.8,강한매수,장대양봉,전고점돌파,0.84,3.91,2026-08-03
SPCM,2.4,11.14,1140296,479581,12.7,5.73,2.2,-3.1,15.3,강한매수,장대양봉,수횡파,0.98,4.18,2026-08-03
CCLD,2.4,2.65,502855,210012,1.33,0.4,3.3,0.4,8.2,강한매수,장대양봉,전고점돌파,0.84,3.91,2026-08-03
IMPP,2.3,4.73,395910,172962,1.87,0.95,2.0,-1.7,2.4,강한매수,양봉,완만한상승,0.88,2.06,2026-08-03
INDI,2.3,3.39,11955933,5139203,40.53,14.18,2.9,0.0,5.0,중립,양봉,잔구간,0.76,0.505,2026-08-03
HE,2.3,12.7,2771658,1200918,35.2,17.94,2.0,-0.2,-1.5,매도주의,음봉,전저점이탈,0.25,-1.75,2026-08-03
RAIL,2.3,8.24,305523,132503,2.52,1.33,1.9,0.5,2.9,강한매수,장대양봉,완만한상승,0.75,3.2,2026-08-03
DDD,2.3,2.83,4383290,1944267,12.4,4.97,2.5,0.4,6.8,강한매수,장대양봉,전고점돌파,0.93,4.02,2026-08-03
NCMI,2.3,4.18,569762,247556,2.38,1.07,2.2,1.0,3.2,강한매수,양봉,전고점돌파,0.59,2.31,2026-08-03
CNDT,2.3,1.73,1592420,697065,2.75,1.13,2.4,0.0,10.2,강한매수,장대양봉,전고점돌파,0.84,3.91,2026-08-03
PSEC,2.3,2.205,8704063,3769586,19.19,9.66,2.0,0.5,3.0,강한매수,장대양봉,완만한상승,0.93,3.42,2026-08-03
THM,2.3,1.79,1893297,806685,3.39,1.35,2.5,1.1,1.1,중립,팽이도지,잔구간,0.74,0.145,2026-08-03
PRCT,2.3,18.38,2900488,1277795,53.31,23.55,2.3,1.3,-2.6,중립,음봉,잔구간,0.41,-0.405,2026-08-03
MDCX,2.3,0.301,4241281,1820257,1.28,0.51,2.5,1.4,7.8,중립,양봉,잔구간,0.49,0.345,2026-08-03
SBH,2.3,16.13,2983239,1280635,48.12,19.11,2.5,0.1,7.6,강한매수,양봉,전고점돌파,0.52,2.22,2026-08-03
SHLS,2.3,9.37,10154828,4471227,95.15,42.06,2.3,0.7,6.5,매수관심,장대양봉,잔구간,0.8,1.18,2026-08-03
NAGE,2.3,3.53,1263817,546720,4.46,2.07,2.2,2.9,0.9,매수관심,팽이도지,전고점돌파,0.67,1.7,2026-08-03
SITC,2.3,3.31,1208058,518421,4.0,2.31,1.7,-22.4,-0.3,강한매도,위꼬리음봉,전저점이탈,0.11,-2.72,2026-08-03
SID,2.3,0.93,9563140,4194066,8.89,5.21,1.7,-1.9,-3.8,매도주의,음봉,전저점이탈,0.59,-1.34,2026-08-03
NAC,2.3,11.64,826293,363061,9.62,4.57,2.1,-0.3,-0.3,매도주의,음봉,전저점이탈,0.14,-1.88,2026-08-03
WATT,2.3,16.09,379161,161425,6.1,2.21,2.8,3.3,10.4,매수관심,장대양봉,잔구간,0.8,1.18,2026-08-03
PLAY,2.3,11.57,2140930,932141,24.77,13.16,1.9,4.7,1.9,강한매수,양봉,전고점돌파,0.53,2.24,2026-08-03
WFCpZ,2.3,18.36,309721,137287,5.69,3.43,1.7,0.1,0.1,매수관심,팽이도지,완만한상승,0.47,0.86,2026-08-03
TFSL,2.3,18.44,2138385,921395,39.43,17.84,2.2,2.2,-2.0,중립,음봉,완만한상승,0.02,-0.38,2026-08-03
FWRG,2.3,12.5,2223101,958277,27.79,11.29,2.5,1.2,-3.8,중립,음봉,잔구간,0.12,-0.58,2026-08-03
ABR,2.2,5.16,7514231,3387765,38.77,19.91,1.9,0.8,2.2,중립,양봉,전고점부근,0.66,0.44,2026-08-03
FFAI,2.2,4.93,2793319,1256783,13.77,13.08,1.1,2.5,-18.9,매도주의,장대음봉,잔구간,0.11,-1.235,2026-08-03
PLX,2.2,2.32,1027427,474794,2.38,1.21,2.0,-0.4,-1.7,매도주의,위꼬리음봉,잔구간,0.11,-0.985,2026-08-03
PBI,2.2,18.07,3128842,1410047,56.54,29.41,1.9,2.3,0.7,강한매수,양봉스프링,완만한상승,0.83,2.8,2026-08-03
MAMA,2.2,18.89,764475,353809,14.44,8.44,1.7,0.2,2.3,강한매수,양봉,전고점돌파,0.64,2.37,2026-08-03
ARHS,2.2,7.9,2323350,1054151,18.35,7.73,2.4,2.7,3.8,강한매수,장대양봉,완만한상승,0.86,3.33,2026-08-03
AMCX,2.2,10.9,1426832,654599,15.55,9.0,1.7,1.2,-3.8,중립,음봉,잔구간,0.38,-0.42,2026-08-03
BBNX,2.2,13.35,2820101,1262118,37.65,20.56,1.8,0.0,4.1,중립,양봉,잔구간,0.53,0.37,2026-08-03
PRCH,2.2,16.07,3732442,1699382,59.98,28.46,2.1,1.9,9.1,강한매수,장대양봉,전고점돌파,0.83,3.9,2026-08-03
SOPH,2.2,5.69,366532,170184,2.09,1.79,1.2,0.5,-0.2,매도주의,위꼬리음봉,잔구간,0.23,-0.91,2026-08-03
GME.WS,2.1,1.75,964559,458343,1.69,0.96,1.8,-4.7,-3.3,중립,음봉,수횡파,0.55,-0.04,2026-08-03
KVYO,2.1,18.1,8429554,4062818,152.57,73.71,2.1,2.5,-1.0,매수관심,팽이도지,완만한상승,0.42,0.8,2026-08-03
BSBR,2.1,5.74,4652847,2253330,26.71,14.58,1.8,0.5,0.7,강한매수,양봉,완만한상승,1.0,2.2,2026-08-03
OFRM,2.1,16.31,609266,285176,9.94,6.73,1.5,0.6,6.9,강한매수,장대양봉,전고점돌파,0.85,3.92,2026-08-03
PTY,2.1,11.76,1847165,890569,21.72,11.03,2.0,0.7,-0.3,중립,팽이도지,완만한상승,0.27,0.62,2026-08-03
TBLA,2.1,5.19,3779129,1778846,19.61,10.28,1.9,1.8,1.8,매수관심,양봉,완만한상승,0.65,1.78,2026-08-03
CMTG,2.1,1.78,1056430,509494,1.88,1.26,1.5,2.3,-1.7,매도주의,위꼬리음봉,잔구간,0.22,-0.92,2026-08-03
AMPL,2.1,9.52,3284917,1570285,31.27,16.27,1.9,3.2,3.9,강한매수,장대양봉,전고점돌파,0.81,3.87,2026-08-03
BXMT,2.1,14.57,2971377,1441827,43.29,34.64,1.2,-0.4,0.6,중립,위꼬리양봉,잔구간,0.37,-0.58,2026-08-03
OPHC,2.1,9.23,525781,244920,4.85,1.09,4.5,2.6,18.3,강한매수,장대양봉,전고점돌파,1.0,4.1,2026-08-03
DGNX,2.1,1.46,1702731,813363,2.49,2.62,0.9,-0.7,-3.9,중립,팽이도지,잔구간,0.5,0.0,2026-08-03
FLGT,2.1,17.61,504817,240705,8.89,6.5,1.4,0.4,6.0,강한매수,장대양봉,완만한상승,0.76,3.21,2026-08-03
XRX,2.1,3.13,5354152,2599360,16.76,18.31,0.9,1.0,5.0,매수관심,양봉,완만한상승,0.6,1.72,2026-08-03
STKH,2.1,2.78,7519672,3560179,20.9,20.77,1.0,-0.8,16.8,중립,위꼬리양봉,완만한상승,0.17,-0.5,2026-08-03
AZ,2.0,5.91,387313,190395,2.29,0.98,2.3,-1.5,-2.5,매도주의,위꼬리음봉,잔구간,0.25,-0.9,2026-08-03
TSSI,2.0,10.72,1100711,541009,11.8,6.7,1.8,0.4,7.6,강한매수,장대양봉,전고점돌파,0.95,4.04,2026-08-03
BFLY,2.0,8.22,12877152,6327808,105.85,49.95,2.1,0.1,15.4,강한매수,장대양봉,완만한상승,0.92,3.4,2026-08-03
TMTS,2.0,10.06,303862,150008,3.06,2.29,1.3,0.1,0.0,매수관심,무참고,완만한상승,,0.9,2026-08-03
COTY,2.0,2.79,16133566,7900534,45.01,25.12,1.8,1.8,-0.4,매도주의,위꼬리음봉,완만한상승,0.08,-1.1,2026-08-03
CTMX,2.0,3.17,3796118,1882575,12.03,9.26,1.3,-0.3,2.6,중립,양봉,잔구간,0.94,0.615,2026-08-03
DHC,2.0,8.81,2323871,1191353,20.47,12.1,1.7,5.3,-6.0,매도주의,장대음봉,잔구간,0.14,-1.215,2026-08-03
GEMI,2.0,3.99,2005969,996175,8.0,4.48,1.8,0.3,2.0,중립,양봉,잔구간,0.51,0.355,2026-08-03
XPEV,2.0,12.37,9947079,5025556,123.05,76.98,1.6,-3.5,-1.4,중립,음봉,잔구간,0.28,-0.48,2026-08-03
AHCO,2.0,10.83,1793484,875123,19.42,11.09,1.8,1.6,-1.3,중립,음봉,완만한상승,0.23,-0.12,2026-08-03
ANTX,2.0,5.58,305993,154736,1.71,0.91,1.9,0.7,3.5,강한매수,장대양봉,완만한상승,0.77,3.22,2026-08-03
DNA,2.0,8.94,1421385,701252,12.71,5.54,2.3,0.5,10.0,강한매수,장대양봉,전고점돌파,0.91,3.99,2026-08-03
DFH,2.0,13.0,1075574,528273,13.98,9.07,1.5,2.3,-0.7,매도주의,위꼬리음봉,잔구간,0.23,-0.91,2026-08-03
ICLN,2.0,17.99,13965776,6904190,251.24,109.16,2.3,-0.2,2.7,매수관심,장대양봉,잔구간,0.86,1.215,2026-08-03
DSX,2.0,2.5,1112717,556448,2.78,1.42,2.0,-0.8,3.7,강한매수,장대양봉,전고점돌파,0.85,3.92,2026-08-03
CCO,2.0,2.42,18754835,9575228,45.39,14.62,3.1,0.0,0.0,매수관심,팽이도지,완만한상승,0.5,0.9,2026-08-03
GPRE,2.0,16.64,2264794,1120954,37.69,20.8,1.8,-2.6,1.4,중립,양봉,잔구간,0.53,0.37,2026-08-03
PGEN,2.0,6.61,7441191,3677478,49.19,21.74,2.3,-0.6,6.1,강한매수,장대양봉,전고점돌파,0.86,3.93,2026-08-03
NN,2.0,13.24,3769105,1905971,49.9,27.66,1.8,1.3,-0.3,매도주의,위꼬리음봉,완만한상승,0.07,-1.12,2026-08-03
KTF,2.0,8.85,398980,196482,3.53,2.44,1.4,0.3,-0.1,중립,팽이도지,잔구간,0.37,-0.08,2026-08-03
TRIP,2.0,14.5,4006980,1975939,58.1,33.97,1.7,1.8,0.6,강한매수,양봉스프링,완만한상승,0.85,2.82,2026-08-03
FULC,2.0,3.71,2262468,1129868,8.39,4.67,1.8,1.4,2.2,중립,양봉,잔구간,0.92,0.6,2026-08-03
IQ,1.9,1.31,11624374,6153344,15.23,7.91,1.9,0.0,3.1,강한매수,양봉,전고점돌파,0.45,2.14,2026-08-03
GCTS,1.9,2.02,3222640,1709960,6.51,3.24,2.0,0.5,8.0,매수관심,장대양봉,잔구간,0.81,1.185,2026-08-03
RMIX,1.9,17.75,344356,180635,6.11,3.08,2.0,0.0,5.1,중립,양봉,잔구간,0.66,0.445,2026-08-03
KLAR,1.9,19.8,5123857,2744298,101.45,70.37,1.4,1.6,2.9,강한매수,장대양봉,전고점돌파,0.71,3.75,2026-08-03
AMZY,1.9,11.88,537220,289725,6.38,3.19,2.0,1.4,1.8,강한매수,장대양봉,전고점돌파,0.64,3.67,2026-08-03
XERS,1.9,8.13,1947112,1048660,15.83,11.42,1.4,0.7,-0.1,강한매수,망치형,완만한상승,0.87,2.34,2026-08-03
OLN,1.9,18.62,5122151,2765749,95.37,75.91,1.3,-2.1,2.8,중립,양봉,잔구간,0.62,0.42,2026-08-03
IRD,1.9,3.64,1731481,933652,6.3,3.07,2.1,0.3,-2.2,중립,음봉,잔구간,0.41,-0.405,2026-08-03
IAUX,1.9,1.34,9623343,5138481,12.9,9.78,1.3,0.0,3.9,매수관심,장대양봉,잔구간,0.86,1.215,2026-08-03
JPMpK,1.9,18.08,309719,161749,5.6,2.67,2.1,-1.1,-0.3,강한매도,음봉,전저점이탈,0.0,-2.05,2026-08-03
NEOG,1.9,11.9,5097502,2614442,60.66,23.55,2.6,2.6,-3.6,중립,음봉,잔구간,0.04,-0.625,2026-08-03
DNUT,1.9,3.06,3701558,1917670,11.33,7.16,1.6,0.0,-3.8,강한매도,장대음봉,전저점이탈,0.05,-3.29,2026-08-03
CVGI,1.9,4.59,635879,341592,2.92,1.59,1.8,0.7,0.7,중립,팽이도지,잔구간,0.68,0.11,2026-08-03
BMEA,1.9,1.2,844084,436134,1.01,0.53,1.9,0.0,2.6,중립,양봉,잔구간,0.83,0.55,2026-08-03
ACP,1.9,5.02,901335,484243,4.52,3.3,1.4,0.0,-0.8,중립,음봉,잔구간,0.24,-0.505,2026-08-03
ADAM,1.9,9.44,1456387,769935,13.75,8.01,1.7,0.7,3.4,강한매수,양봉스프링,전고점돌파,0.99,3.59,2026-08-03
RPAY,1.9,4.14,880583,460498,3.65,1.71,2.1,-0.2,3.8,강한매수,장대양봉,완만한상승,0.95,3.44,2026-08-03
FSK,1.9,11.09,3889821,2092782,43.14,23.71,1.8,0.5,4.4,강한매수,장대양봉,전고점돌파,0.96,4.05,2026-08-03
QUAD,1.9,10.85,734737,383108,7.97,2.91,2.7,3.8,0.6,매수관심,팽이도지,전고점돌파,0.6,1.62,2026-08-03
BOOM,1.9,7.23,511365,270582,3.7,1.65,2.2,0.0,7.3,중립,양봉,잔구간,0.62,0.42,2026-08-03
TROX,1.8,5.7,4750873,2697216,27.08,15.03,1.8,0.0,-2.4,매도주의,음봉,전저점이탈,0.09,-1.94,2026-08-03
GTE,1.8,6.97,461456,257845,3.22,2.22,1.5,-4.4,-2.7,중립,음봉,잔구간,0.37,-0.43,2026-08-03
LBTYK,1.8,10.64,2919336,1610606,31.06,16.57,1.9,-0.3,3.0,강한매수,장대양봉,전고점돌파,0.79,3.85,2026-08-03
GLUE,1.8,15.38,2317063,1281755,35.64,33.44,1.1,0.7,-7.6,매도주의,장대음봉,잔구간,0.09,-1.245,2026-08-03
GAIN,1.8,16.62,312644,173608,5.2,2.75,1.9,-0.1,3.0,강한매수,장대양봉,전고점돌파,0.7,3.74,2026-08-03
YALA,1.8,5.53,347459,198207,1.92,1.22,1.6,0.0,2.6,강한매수,장대양봉,전고점돌파,0.93,4.02,2026-08-03
QPUX,1.8,17.18,320429,179070,5.5,2.53,2.2,-1.7,16.9,강한매수,장대양봉,전고점돌파,0.83,3.9,2026-08-03
ONL,1.8,2.73,374450,210751,1.02,0.56,1.8,0.8,2.6,강한매수,장대양봉,전고점돌파,0.78,3.84,2026-08-03
ANGO,1.8,15.17,774016,418834,11.74,6.15,1.9,0.0,2.6,강한매수,장대양봉,전고점돌파,0.61,3.63,2026-08-03
COUR,1.8,5.9,13832128,7771248,81.61,47.1,1.7,4.3,6.5,강한매수,장대양봉,완만한상승,0.87,3.34,2026-08-03
VMD,1.8,11.69,400990,219469,4.69,3.09,1.5,1.1,-0.9,중립,음봉,완만한상승,0.32,-0.02,2026-08-03
HYT,1.8,8.37,1204497,663459,10.08,6.36,1.6,0.0,0.2,중립,위꼬리양봉,잔구간,0.38,-0.57,2026-08-03
BYND,1.8,0.612,30499064,16949906,18.68,13.22,1.4,1.8,6.3,강한매수,장대양봉,전고점돌파,0.74,3.79,2026-08-03
PMI,1.8,5.13,325003,182315,1.67,1.41,1.2,7.0,9.1,중립,양봉,잔구간,0.77,0.51,2026-08-03
ENGS,1.8,2.62,1804327,1013485,4.73,2.74,1.7,0.8,-0.4,매도주의,위꼬리음봉,완만한상승,0.22,-0.94,2026-08-03
BRBR,1.8,12.95,6352588,3518720,82.27,47.07,1.7,0.9,3.6,강한매수,장대양봉,완만한상승,0.64,3.07,2026-08-03
XRAY,1.8,14.13,7152807,4009595,101.07,65.33,1.5,2.8,2.8,강한매수,장대양봉,완만한상승,0.92,3.4,2026-08-03
FIGS,1.8,10.88,5115592,2788177,55.66,28.04,2.0,1.5,0.2,중립,팽이도지,전고점부근,0.38,-0.59,2026-08-03
SERV,1.8,5.65,5954683,3389133,33.64,14.65,2.3,2.6,15.2,강한매수,장대양봉,전고점돌파,0.99,4.09,2026-08-03
CIG,1.8,2.18,6756712,3687598,14.73,11.82,1.2,0.0,-0.5,중립,망치형,잔구간,0.6,0.56,2026-08-03
AIRJ,1.8,5.08,2411080,1363783,12.25,7.96,1.5,1.4,18.4,강한매수,장대양봉,전고점돌파,0.91,3.99,2026-08-03
PHAT,1.8,8.98,1533999,832971,13.78,17.55,0.8,0.0,2.6,중립,양봉,잔구간,0.68,0.46,2026-08-03
HCAT,1.8,2.21,744956,411248,1.65,1.03,1.6,2.9,2.8,매수관심,양봉,완만한상승,0.46,1.55,2026-08-03
TDAY,1.8,8.99,2479469,1374577,22.29,13.75,1.6,0.6,2.9,중립,양봉,전고점부근,0.64,0.42,2026-08-03
CRF,1.8,7.11,1835001,1034504,13.05,6.46,2.0,0.0,-0.4,중립,음봉,잔구간,0.0,-0.65,2026-08-03
DQ,1.8,13.75,1838026,1044473,25.27,9.45,2.7,5.6,7.0,강한매수,장대양봉,전고점돌파,0.91,3.99,2026-08-03
CRMT,1.7,3.5,353400,203108,1.24,1.04,1.2,-2.8,12.9,매수관심,장대양봉,잔구간,0.72,1.13,2026-08-03
GTN,1.7,4.22,1681789,995580,7.1,4.23,1.7,2.0,2.4,매수관심,양봉,완만한상승,0.51,1.61,2026-08-03
LFST,1.7,10.54,3422858,2012642,36.08,24.32,1.5,1.4,-0.8,중립,음봉,잔구간,0.22,-0.52,2026-08-03
SHOE,1.7,15.42,919623,538798,14.18,12.01,1.2,2.1,-0.6,중립,팽이도지,완만한상승,0.3,0.66,2026-08-03
WDI,1.7,13.04,368231,218789,4.8,2.64,1.8,-0.2,-0.2,중립,망치형,잔구간,0.64,0.585,2026-08-03
GBDC,1.7,13.19,1443829,845409,19.04,10.46,1.8,0.9,1.9,강한매수,장대양봉,전고점돌파,0.87,3.94,2026-08-03
LEO,1.7,6.17,353566,206027,2.18,1.54,1.4,0.5,-0.2,매수관심,팽이도지,완만한상승,0.5,0.9,2026-08-03
GOOY,1.7,13.22,534852,312092,7.07,4.96,1.4,1.8,1.8,강한매수,장대양봉,전고점돌파,0.71,3.75,2026-08-03
MTRX,1.7,11.96,352652,211349,4.22,2.21,1.9,2.4,0.7,중립,팽이도지,잔구간,0.63,0.08,2026-08-03
PK,1.7,15.12,6346454,3643925,95.96,51.61,1.9,0.5,-0.1,중립,팽이도지,완만한상승,0.41,0.79,2026-08-03
MVST,1.7,0.821,7358670,4344541,6.04,3.72,1.6,2.1,-0.3,중립,팽이도지,완만한상승,0.36,0.73,2026-08-03
OCUL,1.7,8.4,3327377,1968584,27.95,16.61,1.7,1.4,1.4,매수관심,양봉,수횡파,0.7,1.54,2026-08-03
DEC,1.7,13.55,1230546,741356,16.67,10.25,1.6,-1.9,2.7,강한매수,장대양봉,완만한상승,0.87,3.34,2026-08-03
INNV,1.7,11.23,346964,204565,3.9,2.95,1.3,0.4,-1.6,매도주의,위꼬리음봉,수횡파,0.07,-1.42,2026-08-03
STWD,1.7,15.97,5397764,3173637,86.2,51.67,1.7,0.3,-0.3,중립,망치형,잔구간,0.66,0.595,2026-08-03
FPH,1.7,5.13,328135,189270,1.68,0.85,2.0,-0.4,-0.8,매도주의,위꼬리음봉,잔구간,0.07,-1.01,2026-08-03
UPB,1.7,6.42,774290,446355,4.97,3.24,1.5,0.0,1.7,강한매수,양봉,완만한상승,0.96,2.15,2026-08-03
JACK,1.7,17.0,1247836,733090,21.21,11.34,1.9,0.3,3.6,중립,양봉,전고점부근,0.36,0.08,2026-08-03
SABS,1.7,3.79,676234,388265,2.56,1.81,1.4,0.6,5.6,강한매수,양봉,전고점돌파,0.81,2.57,2026-08-03
APPS,1.7,9.0,3707273,2224285,33.37,20.16,1.7,2.5,8.9,강한매수,장대양봉,전고점돌파,1.0,4.1,2026-08-03
IQMX,1.7,10.0,399547,238347,4.0,2.85,1.4,1.4,-0.4,중립,팽이도지,잔구간,0.48,-0.01,2026-08-03
CIK,1.7,2.44,497986,299494,1.22,0.79,1.5,0.0,0.0,매수관심,팽이도지,완만한상승,0.5,0.9,2026-08-03
PRME,1.7,2.81,3953389,2299687,11.11,7.89,1.4,-0.3,-3.4,매도주의,음봉,전저점이탈,0.47,-1.49,2026-08-03
HAYW,1.7,15.48,5024108,3036102,77.77,47.99,1.6,0.7,1.6,강한매수,장대양봉,완만한상승,0.86,3.33,2026-08-03
MLTX,1.7,17.4,1272982,749816,22.15,16.11,1.4,0.3,-5.9,강한매도,장대음봉,전저점이탈,0.03,-3.31,2026-08-03
SCM,1.7,7.78,388547,234672,3.02,2.2,1.4,-0.4,4.1,강한매수,장대양봉,전고점돌파,0.71,3.75,2026-08-03
PSNL,1.7,13.2,4849408,2777071,64.01,56.43,1.1,-1.7,6.1,강한매수,장대양봉,전고점돌파,0.77,3.82,2026-08-03
LABX,1.7,14.13,1434624,862837,20.27,10.4,1.9,-9.8,18.0,중립,양봉,잔구간,0.81,0.535,2026-08-03
KVUE,1.7,19.01,35167488,21172147,668.53,343.44,1.9,0.7,-1.9,중립,음봉,잔구간,0.26,-0.495,2026-08-03
WETO,1.7,6.68,388487,234272,2.6,15.53,0.2,-20.0,-7.2,중립,망치형,잔구간,0.75,0.65,2026-08-03
PFXF,1.6,17.86,1072027,668188,19.15,13.22,1.4,-0.5,2.1,강한매수,장대양봉,전고점돌파,1.0,4.1,2026-08-03
BRCB,1.6,7.89,407419,255860,3.21,1.98,1.6,1.5,-3.5,중립,음봉,잔구간,0.18,-0.54,2026-08-03
FAC,1.6,5.94,455100,287398,2.7,1.35,2.0,-1.5,9.6,강한매수,장대양봉,전고점돌파,0.88,3.96,2026-08-03
VGZ,1.6,1.78,1614351,1005313,2.87,1.77,1.6,-0.6,4.1,강한매수,장대양봉,완만한상승,0.78,3.24,2026-08-03
HODL,1.6,18.05,1766662,1101672,31.89,17.01,1.9,-0.3,1.8,매수관심,장대양봉,잔구간,0.87,1.22,2026-08-03
CTNM,1.6,15.93,315033,192691,5.02,3.2,1.6,-1.7,4.7,강한매수,장대양봉,완만한상승,0.63,3.06,2026-08-03
INTR,1.6,5.63,4512784,2884669,25.41,20.61,1.2,0.5,0.0,매수관심,팽이도지,완만한상승,0.6,1.02,2026-08-03
DXD,1.6,16.69,1045823,653421,17.45,10.42,1.7,-2.0,-0.7,강한매도,장대음봉,전저점이탈,0.1,-3.23,2026-08-03
HUYA,1.6,2.49,432362,272839,1.08,0.83,1.3,0.0,1.6,중립,양봉,전고점부근,0.36,0.08,2026-08-03
DCTH,1.6,13.04,579881,356253,7.56,4.25,1.8,1.1,5.6,강한매수,장대양봉,전고점돌파,0.95,4.04,2026-08-03
SAFE,1.6,16.45,396749,245212,6.53,4.76,1.4,0.9,0.7,강한매수,양봉스프링,완만한상승,0.78,2.74,2026-08-03
AMC,1.6,2.85,68306648,42542707,194.67,154.82,1.3,5.0,-3.7,매도주의,음봉,전고점부근,0.33,-1.35,2026-08-03
OFIX,1.6,12.26,418121,264818,5.13,3.43,1.5,1.4,2.4,매수관심,양봉,완만한상승,0.58,1.7,2026-08-03
CONL,1.6,4.0,23074303,14514297,92.3,93.53,1.0,-3.0,3.1,매수관심,팽이도지,완만한상승,0.47,0.86,2026-08-03
ERII,1.6,8.91,1278490,807414,11.39,6.83,1.7,1.6,1.4,강한매수,양봉,전고점돌파,0.97,2.76,2026-08-03
PCT,1.6,7.01,5955241,3692540,41.75,20.67,2.0,1.6,8.3,강한매수,장대양봉,전고점돌파,0.88,3.96,2026-08-03
CBRZ,1.6,10.34,717778,439268,7.42,7.9,0.9,6.7,-26.0,강한매도,장대음봉,전저점이탈,0.07,-3.27,2026-08-03
FTRE,1.6,18.94,3140287,1931865,59.48,35.33,1.7,-0.7,-0.5,중립,망치형,잔구간,0.7,0.62,2026-08-03
ACEL,1.6,12.03,335681,210962,4.04,2.94,1.4,-1.2,1.3,매수관심,양봉,완만한상승,0.76,1.91,2026-08-03
ARTV,1.6,10.76,572393,359931,6.16,3.62,1.7,-1.0,7.6,강한매수,장대양봉,완만한상승,0.95,3.44,2026-08-03
LOFF,1.6,10.95,1773506,1116150,19.42,12.06,1.6,-3.5,15.4,강한매수,장대양봉,수횡파,1.0,4.2,2026-08-03
LAND,1.6,8.06,750751,456861,6.05,4.98,1.2,0.1,-0.7,강한매도,음봉,전저점이탈,0.0,-2.05,2026-08-03
GMRS,1.6,13.0,381231,237837,4.96,3.45,1.4,0.4,0.5,중립,위꼬리양봉,완만한상승,0.33,-0.3,2026-08-03
EVV,1.6,9.15,579505,362157,5.3,3.59,1.5,0.2,0.3,매수관심,양봉,완만한상승,0.73,1.88,2026-08-03
AAOX,1.6,13.86,10669762,6724222,147.88,74.06,2.0,-8.9,46.4,매수관심,장대양봉,잔구간,0.96,1.275,2026-08-03
BMBL,1.6,3.09,3038780,1870100,9.39,5.51,1.7,2.5,5.8,강한매수,장대양봉,전고점돌파,0.87,3.94,2026-08-03
ORGO,1.6,2.34,780615,479340,1.83,1.57,1.2,1.3,-2.5,중립,음봉,잔구간,0.15,-0.56,2026-08-03
PDI,1.6,15.92,4035877,2496075,64.25,42.57,1.5,-0.1,-0.4,중립,음봉,수횡파,0.3,-0.34,2026-08-03
GCMG,1.6,13.17,648836,405436,8.55,6.45,1.3,1.0,4.5,강한매수,장대양봉,전고점돌파,0.83,3.9,2026-08-03
NX,1.6,19.22,462956,290542,8.9,5.47,1.6,1.0,6.7,강한매수,장대양봉,완만한상승,0.94,3.43,2026-08-03
CODI,1.6,10.57,685571,437317,7.25,4.59,1.6,1.0,3.8,강한매수,장대양봉,전고점돌파,0.88,3.96,2026-08-03
CCXI,1.6,15.47,4453242,2732764,68.89,34.52,2.0,2.3,9.1,강한매수,장대양봉,전고점돌파,0.85,3.92,2026-08-03
PHK,1.6,4.68,899997,574520,4.21,3.63,1.2,0.6,0.0,중립,팽이도지,전고점부근,0.75,-0.15,2026-08-03
JPMpM,1.6,17.0,348678,221682,5.93,3.99,1.5,-1.0,-0.2,중립,음봉,잔구간,0.18,-0.54,2026-08-03
PPLT,1.6,14.76,2325922,1498521,34.33,23.18,1.5,-2.3,1.0,매수관심,장대양봉,잔구간,0.97,1.28,2026-08-03
CION,1.6,6.25,613338,389973,3.83,2.67,1.4,0.3,4.5,강한매수,장대양봉,전고점돌파,0.93,4.02,2026-08-03
VREX,1.6,11.92,464941,291266,5.54,3.45,1.6,1.3,5.1,강한매수,장대양봉,전고점돌파,0.75,3.8,2026-08-03
ASTI,1.6,3.06,499633,320786,1.53,1.07,1.4,1.0,4.1,중립,양봉,잔구간,0.51,0.355,2026-08-03
SPAL,1.6,10.94,1553883,984095,17.0,14.57,1.2,-2.9,14.7,강한매수,장대양봉,수횡파,0.97,4.16,2026-08-03
OSUR,1.6,4.16,473515,288431,1.97,1.37,1.4,1.2,1.5,강한매수,양봉,전고점돌파,0.74,2.49,2026-08-03
TWI,1.6,7.22,769521,494389,5.56,3.49,1.6,0.7,-0.7,중립,팽이도지,완만한상승,0.29,0.65,2026-08-03
NCT,1.6,3.51,1408397,868646,4.94,3.15,1.6,1.8,2.0,중립,위꼬리양봉,잔구간,0.3,-0.62,2026-08-03
CWVX,1.6,16.61,2406568,1524984,39.97,16.79,2.4,-2.3,42.0,매수관심,장대양봉,잔구간,0.97,1.28,2026-08-03
DEFT,1.6,0.473,2261894,1427800,1.07,0.59,1.8,2.2,15.5,강한매수,장대양봉,전고점돌파,0.83,3.9,2026-08-03
RZLT,1.6,4.91,1428173,892962,7.01,5.67,1.2,-3.8,8.1,매수관심,장대양봉,잔구간,0.92,1.25,2026-08-03
PFLT,1.5,7.15,1473774,1012449,10.54,8.63,1.2,0.6,2.4,매수관심,장대양봉,잔구간,0.92,1.25,2026-08-03
SPCE,1.5,2.82,11481153,7704456,32.38,18.27,1.8,-0.8,11.5,강한매수,장대양봉,전고점돌파,1.0,4.1,2026-08-03
AVR,1.5,8.28,1433125,955486,11.87,7.66,1.5,0.3,5.3,강한매수,장대양봉,완만한상승,0.68,3.12,2026-08-03
EFC,1.5,13.33,1656851,1096400,22.09,14.71,1.5,0.3,0.1,중립,위꼬리양봉,완만한상승,0.21,-0.45,2026-08-03
PBYI,1.5,7.69,338516,232936,2.6,2.38,1.1,0.6,-3.6,중립,음봉,잔구간,0.48,-0.36,2026-08-03
PCG,1.5,17.43,39509090,26456231,688.64,444.18,1.6,0.2,0.1,강한매수,양봉스프링,완만한상승,0.86,2.83,2026-08-03
LXFR,1.5,17.14,892783,607846,15.3,10.49,1.5,0.2,0.4,강한매수,장대양봉,완만한상승,1.0,3.5,2026-08-03
MARO,1.5,4.8,512392,339883,2.46,1.78,1.4,-1.5,4.1,매수관심,장대양봉,잔구간,0.89,1.235,2026-08-03
BTAL,1.5,12.06,1602787,1049416,19.33,10.19,1.9,0.9,-2.4,매도주의,장대음봉,잔구간,0.09,-1.245,2026-08-03
AIB,1.5,1.96,1598568,1072569,3.13,2.01,1.6,-1.0,2.6,매수관심,양봉,완만한상승,0.67,1.8,2026-08-03
MYI,1.5,10.74,365806,242123,3.93,2.46,1.6,0.7,0.1,강한매수,양봉스프링,완만한상승,0.91,2.89,2026-08-03
SIBN,1.5,18.45,813894,536361,15.02,8.18,1.8,1.7,2.1,매수관심,양봉,완만한상승,0.44,1.53,2026-08-03
VWAV,1.5,1.58,975057,653574,1.54,1.73,0.9,-4.1,-4.2,매도주의,음봉,전저점이탈,0.5,-1.45,2026-08-03
EOSE,1.5,3.75,42943170,28363990,161.04,90.52,1.8,-1.0,12.1,매수관심,장대양봉,잔구간,0.91,1.245,2026-08-03
ABUS,1.5,4.36,1421329,927348,6.2,5.92,1.0,0.0,0.5,매수관심,팽이도지,완만한상승,0.43,0.82,2026-08-03
TE,1.5,4.94,56649676,38601093,279.85,226.78,1.2,7.0,10.8,중립,양봉,잔구간,0.94,0.615,2026-08-03
CCUP,1.5,1.29,5469244,3749776,7.06,8.28,0.9,-9.4,3.2,중립,팽이도지,잔구간,0.69,0.115,2026-08-03
ASTN,1.5,5.46,1547276,1056325,8.45,12.35,0.7,5.2,-19.9,강한매도,장대음봉,전저점이탈,0.17,-3.15,2026-08-03
ARDX,1.5,4.98,2919404,1997172,14.54,11.7,1.2,0.6,0.0,매수관심,팽이도지,완만한상승,0.69,1.13,2026-08-03
NMFC,1.5,7.23,779854,533034,5.64,3.57,1.6,1.2,3.7,강한매수,장대양봉,전고점돌파,0.91,3.99,2026-08-03
TYGO,1.5,1.95,1337240,905813,2.61,2.07,1.3,1.0,1.0,중립,위꼬리양봉,잔구간,0.39,-0.565,2026-08-03
CLPT,1.5,15.38,747002,496793,11.49,7.61,1.5,-0.2,3.2,강한매수,양봉,전고점돌파,0.83,2.6,2026-08-03
CRCA,1.5,11.01,1157971,798311,12.75,13.28,1.0,-12.1,5.7,중립,양봉,잔구간,0.72,0.48,2026-08-03
CRCG,1.5,7.42,4100679,2670123,30.43,28.6,1.1,-12.1,5.4,중립,양봉,잔구간,0.7,0.47,2026-08-03
IMXI,1.5,12.255,464452,305947,5.69,5.46,1.0,2.9,0.5,중립,위꼬리양봉,잔구간,0.11,-0.735,2026-08-03
IREZ,1.5,13.7,2099088,1426934,28.76,51.48,0.6,1.4,-16.8,매도주의,장대음봉,잔구간,0.1,-1.24,2026-08-03
ANGI,1.5,5.93,897131,608491,5.32,3.43,1.5,3.4,1.2,매수관심,팽이도지,완만한상승,0.53,0.94,2026-08-03
JQC,1.5,4.78,664864,458207,3.18,2.37,1.3,0.6,-0.2,중립,팽이도지,완만한상승,0.25,0.6,2026-08-03
JPC,1.5,7.76,1115218,719748,8.65,6.41,1.3,0.8,0.1,매수관심,팽이도지,완만한상승,0.54,0.95,2026-08-03
METC,1.5,8.9,3440147,2275570,30.62,19.39,1.6,-3.0,0.1,중립,팽이도지,전저점이탈,0.48,-0.77,2026-08-03
DAPP,1.5,18.35,388862,252741,7.14,5.3,1.3,-1.4,5.6,매수관심,장대양봉,잔구간,0.88,1.23,2026-08-03
IGD,1.5,6.54,378997,247128,2.48,1.52,1.6,-0.3,0.2,매수관심,양봉스프링,잔구간,0.83,0.95,2026-08-03
SLNH,1.5,1.22,12704969,8308961,15.5,16.53,0.9,-1.6,1.7,중립,팽이도지,잔구간,0.62,0.07,2026-08-03
UMH,1.5,15.27,656579,428924,10.03,6.81,1.5,0.7,0.4,매수관심,양봉,완만한상승,0.74,1.89,2026-08-03
CTKB,1.5,4.31,889839,597493,3.84,2.86,1.3,2.1,0.0,매수관심,양봉스프링,잔구간,0.76,0.905,2026-08-03
RXT,1.5,4.77,9612445,6565453,45.85,27.65,1.7,1.2,14.1,강한매수,장대양봉,전고점돌파,0.96,4.05,2026-08-03
CRMG,1.5,5.57,8405270,5553853,46.82,29.47,1.6,5.5,-3.3,중립,음봉,완만한상승,0.01,-0.39,2026-08-03
CRWU,1.5,3.84,12966162,8706919,49.79,23.19,2.1,-4.2,44.9,매수관심,장대양봉,잔구간,0.98,1.29,2026-08-03
HLMN,1.5,8.31,1683770,1159506,13.99,9.01,1.6,2.2,3.4,강한매수,장대양봉,전고점돌파,0.89,3.97,2026-08-03
GSM,1.5,3.25,1775985,1214226,5.77,3.85,1.5,0.9,1.2,매수관심,양봉,완만한상승,0.7,1.84,2026-08-03
ADTN,1.5,8.86,3499754,2405790,31.01,26.58,1.2,-1.1,5.2,매수관심,장대양봉,잔구간,0.86,1.215,2026-08-03
NWG,1.5,19.42,7305819,4909272,141.88,78.25,1.8,2.2,0.3,강한매수,양봉스프링,전고점돌파,1.0,3.6,2026-08-03
RDWU,1.5,5.54,1261049,830019,6.99,4.94,1.4,-5.1,30.0,강한매수,장대양봉,완만한상승,0.92,3.4,2026-08-03
FPI,1.5,9.57,550018,360064,5.26,3.53,1.5,1.1,1.3,매수관심,장대양봉,잔구간,0.88,1.23,2026-08-03
ALKT,1.5,18.8,2105624,1411504,39.59,23.33,1.7,1.3,2.1,강한매수,양봉,전고점돌파,0.59,2.31,2026-08-03
TEUP,1.5,3.42,521451,341040,1.78,0.73,2.4,13.4,18.8,중립,양봉,잔구간,0.95,0.62,2026-08-03
OPRT,1.5,5.8,506329,348237,2.94,1.93,1.5,1.4,3.2,강한매수,장대양봉,완만한상승,0.77,3.22,2026-08-03
AAOG,1.5,3.09,3344827,2244899,10.34,4.43,2.3,-10.4,49.3,매수관심,장대양봉,잔구간,0.97,1.28,2026-08-03
ZIP,1.4,4.2,903038,655300,3.79,2.4,1.6,2.5,4.0,강한매수,장대양봉,완만한상승,0.78,3.24,2026-08-03
OIS,1.4,8.24,868908,629903,7.16,5.57,1.3,-3.1,4.8,매수관심,장대양봉,잔구간,0.98,1.29,2026-08-03
OBDC,1.4,11.0,4972491,3672162,54.7,37.0,1.5,0.8,1.5,강한매수,장대양봉,완만한상승,0.79,3.25,2026-08-03
GETY,1.4,0.416,4605007,3238379,1.92,1.91,1.0,-2.7,14.9,매수관심,장대양봉,잔구간,0.76,1.155,2026-08-03
FMC,1.4,10.36,5787550,4040988,59.96,46.61,1.3,0.0,-3.3,중립,음봉,잔구간,0.21,-0.525,2026-08-03
VENU,1.4,2.28,541079,392658,1.23,0.8,1.5,1.5,10.7,매수관심,장대양봉,잔구간,0.81,1.185,2026-08-03
ADUR,1.4,14.98,644328,457373,9.65,7.6,1.3,2.1,6.5,강한매수,장대양봉,전고점돌파,0.94,4.03,2026-08-03
NXDR,1.4,2.27,2625945,1858913,5.96,5.65,1.1,0.0,2.3,매수관심,양봉,완만한상승,0.5,1.6,2026-08-03
SND,1.4,4.32,411846,300917,1.78,1.28,1.4,-1.4,1.6,매수관심,양봉,완만한상승,0.69,1.83,2026-08-03
IMC,1.4,6.33,442282,321103,2.8,8.51,0.3,7.3,9.9,강한매수,양봉,전고점돌파,0.68,2.42,2026-08-03
ILPT,1.4,8.75,486432,336303,4.26,3.94,1.1,0.6,1.0,매수관심,양봉,완만한상승,0.59,1.71,2026-08-03
PWP,1.4,17.17,1805970,1268264,31.01,22.37,1.4,0.0,-2.7,중립,음봉,잔구간,0.45,-0.38,2026-08-03
DDL,1.4,2.48,521245,371076,1.29,0.94,1.4,-1.2,-2.4,중립,음봉,잔구간,0.22,-0.52,2026-08-03
PUBM,1.4,12.96,453827,313296,5.88,5.02,1.2,0.9,2.0,매수관심,양봉,완만한상승,0.57,1.68,2026-08-03
HTZ,1.4,1.53,26101479,18841407,39.94,31.36,1.3,-1.6,-1.9,매도주의,음봉,전저점이탈,0.47,-1.49,2026-08-03
HTGC,1.4,16.81,1970936,1427460,33.13,24.38,1.4,1.1,1.3,강한매수,양봉,전고점돌파,0.74,2.49,2026-08-03
DHY,1.4,1.73,642172,473863,1.11,0.99,1.1,-0.6,-0.6,중립,음봉,잔구간,0.0,-0.65,2026-08-03
RXST,1.4,6.29,1233071,889577,7.76,5.1,1.5,1.5,3.1,강한매수,장대양봉,전고점돌파,0.83,3.9,2026-08-03
CRSR,1.4,10.8,1976411,1377047,21.35,15.53,1.4,1.6,0.2,중립,팽이도지,완만한상승,0.32,0.68,2026-08-03
CRML,1.4,6.38,7064463,5135142,45.07,35.77,1.3,-0.4,16.6,매수관심,장대양봉,잔구간,0.93,1.26,2026-08-03
HUN,1.4,10.02,5157209,3769013,51.68,49.05,1.1,0.2,2.5,중립,양봉,잔구간,0.64,0.435,2026-08-03
QTEX,1.4,1.01,2507502,1752815,2.53,2.78,0.9,-2.5,15.0,매수관심,장대양봉,잔구간,0.93,1.26,2026-08-03
DRVN,1.4,14.575,796006,564338,11.6,8.73,1.3,1.1,1.1,중립,위꼬리양봉,완만한상승,0.27,-0.38,2026-08-03
QDEL,1.4,17.71,1381947,1023376,24.47,16.85,1.5,1.6,3.9,강한매수,양봉,전고점돌파,0.77,2.52,2026-08-03
REAX,1.4,1.63,5357641,3808968,8.73,7.04,1.2,0.6,1.2,중립,팽이도지,잔구간,0.62,0.07,2026-08-03
NMRK,1.4,15.3,2024251,1417751,30.97,22.53,1.4,1.4,0.7,매수관심,양봉,완만한상승,0.76,1.91,2026-08-03
ASC,1.4,17.44,816433,585476,14.24,9.27,1.5,0.6,-0.3,강한매수,망치형,완만한상승,0.72,2.16,2026-08-03
SLRC,1.4,13.0,455287,330762,5.92,6.36,0.9,0.2,3.2,매수관심,장대양봉,잔구간,0.81,1.185,2026-08-03
IRT,1.4,16.76,3061059,2203784,51.3,38.3,1.3,0.4,0.4,매수관심,팽이도지,완만한상승,0.54,0.95,2026-08-03
OVID,1.4,2.33,1677481,1167353,3.91,3.75,1.0,0.1,4.9,강한매수,장대양봉,완만한상승,0.78,3.24,2026-08-03
CONY,1.4,18.05,426465,306059,7.7,6.79,1.1,0.5,1.3,매수관심,팽이도지,완만한상승,0.48,0.88,2026-08-03
BGC,1.4,11.39,3245834,2343152,36.97,25.51,1.4,0.8,-1.9,중립,음봉,잔구간,0.37,-0.43,2026-08-03
BEZ,1.4,11.19,2303890,1701015,25.78,31.14,0.8,7.7,-18.7,매도주의,장대음봉,잔구간,0.17,-1.2,2026-08-03
ATII,1.4,10.65,344069,242484,3.66,2.37,1.5,0.0,0.0,매수관심,팽이도지,완만한상승,0.7,1.14,2026-08-03
WTI,1.4,3.51,5433166,3958003,19.07,14.51,1.3,-6.7,4.8,매수관심,장대양봉,잔구간,0.86,1.215,2026-08-03
TMCI,1.4,4.68,373774,265885,1.75,1.23,1.4,0.2,8.3,강한매수,장대양봉,전고점돌파,0.87,3.94,2026-08-03
MDXG,1.4,4.27,1869228,1298484,7.98,7.26,1.1,1.9,1.4,중립,위꼬리양봉,완만한상승,0.22,-0.44,2026-08-03
PHR,1.4,11.3,1035421,764463,11.7,7.55,1.5,2.4,2.8,강한매수,장대양봉,전고점돌파,0.8,3.86,2026-08-03
PSLV,1.4,18.89,8911366,6518728,168.34,153.19,1.1,-2.3,2.9,강한매수,장대양봉,완만한상승,0.9,3.38,2026-08-03
AMPY,1.4,4.01,720009,521195,2.89,2.39,1.2,-2.3,5.0,매수관심,장대양봉,잔구간,0.79,1.175,2026-08-03
GSUN,1.4,0.558,8121176,5714929,4.53,11.11,0.4,-2.4,48.4,강한매수,장대양봉,전고점부근,0.95,2.09,2026-08-03
GLAS,1.4,10.06,517951,371332,5.21,3.54,1.5,-1.3,6.9,매수관심,장대양봉,잔구간,0.79,1.175,2026-08-03
ELPC,1.4,11.72,521494,384964,6.11,4.77,1.3,0.3,-0.4,중립,망치형,잔구간,0.57,0.54,2026-08-03
CCOI,1.4,13.23,1415434,999096,18.73,13.71,1.4,1.1,-3.1,매도주의,장대음봉,잔구간,0.02,-1.29,2026-08-03
CC,1.4,17.11,2565995,1859737,43.9,33.12,1.3,1.0,2.0,중립,양봉,잔구간,0.84,0.555,2026-08-03
SGHC,1.4,13.69,2845018,2060867,38.95,38.02,1.0,0.1,-2.3,강한매도,장대음봉,전저점이탈,0.23,-3.07,2026-08-03
CBLL,1.4,18.31,536728,375571,9.83,6.35,1.5,1.8,1.7,매수관심,양봉,완만한상승,0.43,1.52,2026-08-03
CAL,1.4,14.0,648530,463772,9.08,5.45,1.7,3.1,5.7,강한매수,장대양봉,전고점돌파,0.87,3.94,2026-08-03
CGNT,1.4,9.17,490085,347363,4.49,3.27,1.4,0.2,2.3,강한매수,장대양봉,전고점부근,0.89,2.02,2026-08-03
AURA,1.4,7.04,422231,309951,2.97,2.43,1.2,0.0,0.4,강한매수,양봉스프링,수횡파,0.96,3.65,2026-08-03
MQ,1.4,17.85,1206449,837479,21.54,15.99,1.3,1.5,1.3,매수관심,양봉,완만한상승,0.68,1.82,2026-08-03
AVXL,1.4,2.95,1444021,1056344,4.26,2.44,1.7,1.8,5.4,강한매수,장대양봉,전고점돌파,0.91,3.99,2026-08-03
MFIC,1.4,9.72,459877,330546,4.47,3.98,1.1,0.2,1.5,강한매수,장대양봉,완만한상승,0.82,3.28,2026-08-03
METD,1.4,16.22,1143094,804779,18.54,10.85,1.7,-1.1,-5.0,매도주의,장대음봉,잔구간,0.17,-1.2,2026-08-03
SPCH,1.4,6.51,32696534,23312942,212.85,161.11,1.3,-3.2,15.0,강한매수,장대양봉,수횡파,0.96,4.15,2026-08-03
ELDN,1.4,3.43,1601069,1181512,5.49,3.58,1.5,1.2,0.3,중립,팽이도지,잔구간,0.61,0.065,2026-08-03
ECC,1.4,3.83,1018086,721964,3.9,3.03,1.3,-1.3,0.3,중립,위꼬리양봉,잔구간,0.1,-0.74,2026-08-03
KRP,1.4,14.77,847865,613533,12.52,9.05,1.4,-0.7,-0.7,중립,음봉,잔구간,0.47,-0.37,2026-08-03
BVS,1.4,13.47,1133975,791276,15.27,8.31,1.8,1.4,0.8,중립,위꼬리양봉,완만한상승,0.17,-0.5,2026-08-03
ORIC,1.4,10.6,2460217,1787788,26.08,19.2,1.4,2.3,-6.4,매도주의,장대음봉,잔구간,0.15,-1.21,2026-08-03
PCN,1.4,11.7,366108,264431,4.28,3.21,1.3,0.5,0.0,매수관심,팽이도지,완만한상승,0.46,0.85,2026-08-03
WCMI,1.4,19.32,1303276,899372,25.18,17.6,1.4,0.3,0.8,강한매수,양봉,전고점돌파,0.91,2.69,2026-08-03
WALD,1.4,1.7,600195,442480,1.02,0.73,1.4,-0.6,-1.2,중립,팽이도지,잔구간,0.26,-0.145,2026-08-03
SIDU,1.4,1.99,6564957,4836657,13.06,10.4,1.3,-0.9,14.0,매수관심,장대양봉,잔구간,0.97,1.28,2026-08-03
BSM,1.4,15.05,377972,267501,5.69,4.76,1.2,-0.1,0.7,강한매수,양봉,전고점돌파,1.0,2.8,2026-08-03
BSIN,1.4,1.13,1991643,1472904,2.25,2.25,1.0,0.0,-0.9,중립,팽이도지,잔구간,0.5,0.0,2026-08-03
VALE,1.4,14.58,30705751,22636539,447.69,315.86,1.4,-1.5,-1.8,매도주의,장대음봉,잔구간,0.23,-1.16,2026-08-03
FLYW,1.4,16.63,2546408,1858481,42.35,32.35,1.3,1.5,2.3,강한매수,장대양봉,완만한상승,0.9,3.38,2026-08-03
GAB,1.4,5.68,758905,561098,4.31,3.6,1.2,0.2,1.1,매수관심,양봉,완만한상승,0.57,1.68,2026-08-03
FJET,1.4,3.8,770736,554463,2.93,2.32,1.3,1.7,5.3,강한매수,양봉,전고점돌파,0.68,2.42,2026-08-03
SOLZ,1.4,7.39,902923,654962,6.67,4.97,1.3,-1.0,2.4,매수관심,장대양봉,잔구간,0.88,1.23,2026-08-03
SOC,1.4,4.82,8589936,6167587,41.4,33.45,1.2,-4.5,-4.6,중립,음봉,잔구간,0.12,-0.58,2026-08-03
SNDX,1.4,19.24,1611109,1154426,31.0,25.17,1.2,-0.2,1.2,중립,양봉,잔구간,0.77,0.51,2026-08-03
MNTS,1.4,4.2,1200458,876055,5.04,4.26,1.2,0.5,3.2,중립,양봉,잔구간,0.63,0.43,2026-08-03
PACK,1.4,5.42,1206626,868902,6.54,4.18,1.6,0.0,5.9,매수관심,장대양봉,잔구간,0.9,1.24,2026-08-03
ABEV,1.4,3.05,40802058,29465850,124.45,83.29,1.5,0.3,-2.2,매도주의,장대음봉,잔구간,0.11,-1.235,2026-08-03
SNDL,1.3,1.225,3177997,2442088,3.89,2.53,1.5,0.0,-0.4,중립,팽이도지,잔구간,0.31,-0.115,2026-08-03
AREC,1.3,2.03,2062376,1585405,4.19,3.13,1.3,0.0,13.4,강한매수,장대양봉,전고점돌파,0.98,4.08,2026-08-03
FIRY,1.3,9.23,380377,293594,3.51,23.21,0.2,-0.4,-2.2,중립,음봉,잔구간,0.23,-0.51,2026-08-03
NVDQ,1.3,10.67,2553288,2042256,27.24,23.9,1.1,3.0,-8.6,매도주의,장대음봉,잔구간,0.17,-1.2,2026-08-03
USA,1.3,5.9,1823781,1435449,10.76,8.2,1.3,0.2,1.4,강한매수,장대양봉,전고점돌파,0.89,3.97,2026-08-03
ALM,1.3,12.56,11500975,8529296,144.45,79.23,1.8,1.7,11.7,매수관심,장대양봉,잔구간,0.89,1.235,2026-08-03
RCAT,1.3,8.26,9137444,6826396,75.48,57.9,1.3,-1.7,11.5,강한매수,장대양봉,전고점돌파,0.98,4.08,2026-08-03
AIOT,1.3,4.08,1064900,798912,4.34,3.78,1.2,1.5,2.5,강한매수,양봉,완만한상승,0.94,2.13,2026-08-03
RDW,1.3,9.64,19150376,14553375,184.61,134.24,1.4,-2.7,14.9,강한매수,장대양봉,전고점돌파,0.93,4.02,2026-08-03
FUBO,1.3,9.61,1459796,1130437,14.03,11.07,1.3,2.7,5.7,강한매수,장대양봉,전고점돌파,0.79,3.85,2026-08-03
NUCL,1.3,6.17,503056,400510,3.1,3.44,0.9,-1.6,10.0,강한매수,장대양봉,완만한상승,0.76,3.21,2026-08-03
AUPH,1.3,14.57,1404085,1067226,20.46,16.2,1.3,-1.1,-1.0,중립,음봉,잔구간,0.14,-0.565,2026-08-03
ESRT,1.3,4.93,2104229,1577649,10.37,10.82,1.0,0.0,-2.6,중립,음봉,잔구간,0.15,-0.56,2026-08-03
UWMC,1.3,1.92,21107861,15931865,40.53,29.45,1.4,2.2,3.2,매수관심,양봉,완만한상승,0.62,1.74,2026-08-03
RILY,1.3,7.49,725632,561802,5.43,3.6,1.5,1.4,3.2,강한매수,양봉,전고점돌파,0.78,2.54,2026-08-03
ARI,1.3,6.81,4460390,3416004,30.38,28.94,1.0,-0.2,3.0,강한매수,장대양봉,완만한상승,0.83,3.3,2026-08-03
AMRX,1.3,18.85,2487790,1867422,46.89,32.37,1.4,0.7,2.2,강한매수,장대양봉,완만한상승,0.8,3.26,2026-08-03
GENI,1.3,7.07,8712394,6761876,61.6,46.6,1.3,-2.2,4.3,매수관심,양봉,완만한상승,0.69,1.83,2026-08-03
NCI,1.3,12.39,453740,361642,5.62,5.11,1.1,-0.7,0.7,강한매수,양봉스프링,완만한상승,0.92,2.9,2026-08-03
GPRO,1.3,0.758,4411177,3307357,3.34,2.85,1.2,0.1,1.0,중립,위꼬리양봉,전고점돌파,0.3,0.26,2026-08-03
WIT,1.3,2.05,9668259,7612579,19.82,17.0,1.2,2.0,1.5,강한매수,양봉,전고점돌파,0.69,2.43,2026-08-03
THRY,1.3,4.26,469051,362528,2.0,1.79,1.1,0.0,5.2,강한매수,장대양봉,완만한상승,0.78,3.24,2026-08-03
STIM,1.3,2.16,1302923,968651,2.81,3.42,0.8,1.5,7.5,강한매수,장대양봉,전고점돌파,0.76,3.81,2026-08-03
GOOD,1.3,12.47,506680,387143,6.32,5.11,1.2,0.0,-0.2,중립,팽이도지,잔구간,0.45,-0.03,2026-08-03
STTK,1.3,7.29,989705,738739,7.21,6.81,1.1,-0.1,3.3,중립,양봉,잔구간,0.76,0.505,2026-08-03
SRTA,1.3,5.55,1506494,1127026,8.36,5.11,1.6,0.6,9.9,강한매수,장대양봉,전고점돌파,0.94,4.03,2026-08-03
RMNI,1.3,4.79,552896,441216,2.65,1.76,1.5,-1.0,0.6,중립,위꼬리양봉,잔구간,0.17,-0.7,2026-08-03
PBR.A,1.3,16.85,7372206,5580473,124.22,98.69,1.3,-1.7,0.0,중립,팽이도지,잔구간,0.53,0.02,2026-08-03
RUM,1.3,6.19,2517329,1940990,15.58,12.4,1.3,0.7,5.3,매수관심,양봉,수횡파,0.72,1.56,2026-08-03
EQ,1.3,2.2,523642,388362,1.15,1.16,1.0,-0.5,0.5,중립,위꼬리양봉,잔구간,0.26,-0.645,2026-08-03
PAYS,1.3,9.25,583811,458660,5.4,4.75,1.1,1.6,1.6,매수관심,양봉,완만한상승,0.66,1.79,2026-08-03
GRND,1.3,17.9,2145503,1714844,38.4,25.66,1.5,0.9,2.3,강한매수,양봉,전고점돌파,0.4,2.08,2026-08-03
ARR,1.3,16.33,3756189,2957885,61.34,55.48,1.1,0.1,-0.9,중립,음봉,잔구간,0.0,-0.65,2026-08-03
ARVN,1.3,8.06,716843,550985,5.78,4.84,1.2,0.9,-0.5,매수관심,팽이도지,완만한상승,0.56,0.97,2026-08-03
GPK,1.3,11.35,7675130,5915617,87.11,60.77,1.4,3.6,2.1,강한매수,양봉,완만한상승,0.87,2.04,2026-08-03
ALXO,1.3,1.93,564501,434683,1.09,1.1,1.0,0.0,-0.5,매도주의,위꼬리음봉,잔구간,0.17,-0.95,2026-08-03
ALVO,1.3,3.79,1026988,789174,3.89,3.72,1.0,-0.8,-7.2,매도주의,장대음봉,잔구간,0.1,-1.24,2026-08-03
ACH,1.3,3.41,528150,417411,1.8,1.35,1.3,1.0,9.3,강한매수,장대양봉,전고점돌파,0.87,3.94,2026-08-03
ADBG,1.3,4.32,9353099,7447031,40.41,29.29,1.4,6.4,-5.2,매도주의,장대음봉,완만한상승,0.03,-1.66,2026-08-03
ABTC,1.3,5.85,1846830,1411278,10.8,8.09,1.3,-3.8,10.2,중립,양봉,잔구간,0.9,0.59,2026-08-03
CLDT,1.3,13.15,421886,327974,5.55,4.75,1.2,0.3,-1.6,중립,음봉,수횡파,0.12,-0.56,2026-08-03
SB,1.3,7.89,1100620,859963,8.68,6.69,1.3,-1.0,2.1,매수관심,양봉,완만한상승,0.7,1.84,2026-08-03
KDK,1.3,4.28,887952,709606,3.8,3.21,1.2,0.0,-1.6,중립,음봉,잔구간,0.05,-0.62,2026-08-03
ISSC,1.3,19.47,345736,272046,6.73,6.02,1.1,0.1,6.4,매수관심,장대양봉,잔구간,0.92,1.25,2026-08-03
SDGR,1.3,15.28,982203,771117,15.01,12.37,1.2,0.0,0.9,매수관심,팽이도지,완만한상승,0.62,1.04,2026-08-03
TAL,1.3,12.08,8974755,6917961,108.42,62.19,1.7,-3.0,-0.4,중립,팽이도지,잔구간,0.54,0.025,2026-08-03
CLVT,1.3,1.94,8407416,6500529,16.31,13.56,1.2,-1.0,-1.0,중립,팽이도지,잔구간,0.41,-0.055,2026-08-03
TALK,1.3,5.21,1428392,1100126,7.44,5.8,1.3,0.0,-0.2,매도주의,장대음봉,전저점부근,0.0,-1.85,2026-08-03
VRDN,1.3,19.31,1833926,1366187,35.41,31.81,1.1,-0.6,2.7,강한매수,양봉,완만한상승,0.99,2.19,2026-08-03
VRRM,1.3,5.61,8421475,6506749,47.24,31.3,1.5,2.1,3.9,강한매수,장대양봉,완만한상승,0.71,3.15,2026-08-03
ACCO,1.3,4.32,854952,656216,3.69,2.69,1.4,0.9,1.4,중립,위꼬리양봉,완만한상승,0.2,-0.46,2026-08-03
NZF,1.3,12.19,680285,519845,8.29,6.09,1.4,0.2,-0.3,매도주의,위꼬리음봉,수횡파,0.06,-1.43,2026-08-03
CRBU,1.3,1.5,1391096,1037409,2.09,1.81,1.2,0.7,2.0,중립,양봉,잔구간,1.0,0.65,2026-08-03
CRCT,1.3,4.79,499616,386694,2.39,1.87,1.3,1.3,0.8,매수관심,양봉,완만한상승,0.78,1.94,2026-08-03
HNRG,1.3,14.94,991280,789587,14.81,11.2,1.3,-0.8,6.0,매수관심,장대양봉,잔구간,0.87,1.22,2026-08-03
HOPE,1.3,14.19,1478280,1098731,20.98,14.62,1.4,0.7,0.6,매수관심,양봉,완만한상승,0.47,1.56,2026-08-03
HOVR,1.3,1.78,1108431,831457,1.97,2.49,0.8,1.2,2.3,중립,양봉,잔구간,0.55,0.38,2026-08-03
ICL,1.3,5.08,1082336,819555,5.5,5.23,1.1,0.4,0.0,중립,위꼬리양봉,잔구간,0.17,-0.7,2026-08-03
TNYA,1.3,0.729,2062438,1621944,1.5,1.19,1.3,0.2,-1.7,중립,음봉,잔구간,0.1,-0.59,2026-08-03
SABR,1.3,1.97,3937671,2938584,7.76,5.24,1.5,2.2,4.2,강한매수,양봉,전고점돌파,0.5,2.2,2026-08-03
VYGR,1.3,3.0,610449,487608,1.83,1.83,1.0,1.0,-2.0,중립,음봉,잔구간,0.35,-0.44,2026-08-03
DNP,1.3,10.77,673854,499765,7.26,5.49,1.3,0.0,0.2,중립,팽이도지,잔구간,0.75,0.15,2026-08-03
BRSL,1.3,10.11,2114457,1610529,21.38,17.35,1.2,1.0,-0.3,매도주의,위꼬리음봉,잔구간,0.13,-0.97,2026-08-03
PYXS,1.3,3.04,1135158,899961,3.45,3.03,1.1,1.9,12.6,강한매수,장대양봉,완만한상승,0.99,3.49,2026-08-03
CTOS,1.3,10.63,1414087,1087786,15.03,12.94,1.2,-0.4,5.1,매수관심,장대양봉,잔구간,0.65,1.09,2026-08-03
VLRS,1.3,8.08,444084,354109,3.59,4.85,0.7,2.8,0.4,매수관심,팽이도지,전고점돌파,0.51,1.51,2026-08-03
MMT,1.3,4.35,327609,247912,1.43,1.63,0.9,0.5,0.5,매수관심,양봉,완만한상승,0.5,1.6,2026-08-03
MLCO,1.3,5.58,1798577,1431318,10.04,8.89,1.1,-0.7,-1.9,중립,음봉,잔구간,0.34,-0.445,2026-08-03
MIR,1.3,15.68,6041934,4608080,94.74,77.19,1.2,0.0,4.7,강한매수,장대양봉,완만한상승,0.88,3.36,2026-08-03
BLMN,1.3,9.04,2016576,1582642,18.23,12.84,1.4,0.7,3.7,강한매수,양봉,전고점돌파,0.7,2.44,2026-08-03
BCAT,1.3,15.86,742113,559918,11.77,9.36,1.3,0.3,0.4,중립,양봉,전고점부근,0.6,0.37,2026-08-03
VISN,1.3,12.05,6565267,5090855,79.11,61.78,1.3,0.3,2.4,강한매수,양봉,완만한상승,0.94,2.13,2026-08-03
TIGR,1.3,4.86,1946899,1470760,9.46,9.58,1.0,0.0,-0.8,중립,음봉,잔구간,0.62,-0.28,2026-08-03
PDM,1.3,9.88,1045379,778910,10.33,6.9,1.5,0.3,1.6,매수관심,양봉,완만한상승,0.8,1.96,2026-08-03
EAD,1.3,6.35,480484,378471,3.05,2.2,1.4,0.8,0.0,매수관심,양봉스프링,전고점부근,0.78,1.39,2026-08-03
WVE,1.3,5.74,3417765,2555444,19.62,12.78,1.5,0.7,3.4,중립,양봉,잔구간,0.93,0.61,2026-08-03
PFFD,1.3,18.61,975108,727074,18.15,13.88,1.3,-0.5,1.0,강한매수,장대양봉,전고점부근,1.0,2.15,2026-08-03
PENN,1.3,19.98,3116674,2372415,62.27,52.4,1.2,0.0,-2.7,강한매도,장대음봉,전저점이탈,0.08,-3.25,2026-08-03
UAMY,1.3,5.66,6325990,4741125,35.81,26.14,1.4,-1.6,13.4,매수관심,장대양봉,잔구간,0.96,1.275,2026-08-03
EARN,1.3,4.36,571876,427461,2.49,2.11,1.2,1.4,-0.5,강한매수,망치형,완만한상승,0.6,2.02,2026-08-03
HELP,1.3,8.06,1199700,937935,9.67,12.91,0.7,1.0,2.0,강한매수,양봉스프링,완만한상승,0.87,2.84,2026-08-03
UNIT,1.3,9.64,3137719,2379680,30.25,26.11,1.2,1.5,-2.3,중립,음봉,잔구간,0.55,-0.32,2026-08-03
CALY,1.3,19.09,2217969,1654448,42.34,33.77,1.3,0.3,3.1,강한매수,장대양봉,전고점돌파,0.75,3.8,2026-08-03
CGC,1.3,0.958,3050576,2269636,2.92,2.09,1.4,1.4,3.0,강한매수,장대양봉,전고점돌파,0.95,4.04,2026-08-03
CFFN,1.3,9.1,1359827,1046745,12.37,8.34,1.5,1.7,1.2,중립,양봉,전고점부근,0.41,0.14,2026-08-03
SWIM,1.3,5.64,603255,473113,3.4,3.12,1.1,1.5,3.7,강한매수,장대양봉,완만한상승,0.8,3.26,2026-08-03
SUZ,1.3,8.53,3361363,2593175,28.67,19.02,1.5,0.7,-0.6,중립,음봉,완만한상승,0.29,-0.05,2026-08-03
SATL,1.3,3.955,5221550,3880532,20.65,15.29,1.4,-1.1,11.7,강한매수,장대양봉,전고점돌파,0.95,4.04,2026-08-03
IONZ,1.3,3.71,5388636,4178011,19.99,26.68,0.7,2.6,-15.5,강한매도,장대음봉,전저점이탈,0.28,-3.01,2026-08-03
SUPV,1.3,9.35,566087,435569,5.29,3.94,1.3,-0.1,-1.1,매도주의,위꼬리음봉,잔구간,0.03,-1.03,2026-08-03
RWAY,1.3,5.7,483670,376389,2.76,2.17,1.3,0.5,3.8,강한매수,장대양봉,전고점돌파,0.91,3.99,2026-08-03
SENS,1.3,5.225,553327,434904,2.89,2.16,1.3,0.8,3.1,강한매수,양봉,전고점돌파,0.62,2.34,2026-08-03
BUR,1.3,4.25,2017119,1612983,8.57,7.51,1.1,1.0,2.2,강한매수,장대양봉,완만한상승,0.92,3.4,2026-08-03
SFIX,1.3,4.14,1806781,1368989,7.48,5.38,1.4,0.7,2.2,매수관심,양봉,완만한상승,0.68,1.82,2026-08-03
LUNL,1.3,3.28,1248681,932973,4.1,3.65,1.1,-1.7,13.5,강한매수,양봉,완만한상승,0.87,2.04,2026-08-03
LENZ,1.3,4.995,1030650,793997,5.15,4.68,1.1,-0.6,-5.2,매도주의,장대음봉,전저점부근,0.04,-1.8,2026-08-03
INFH,1.3,6.37,386646,289138,2.46,1.74,1.4,5.6,16.5,강한매수,장대양봉,전고점돌파,0.91,3.99,2026-08-03
MUC,1.2,10.61,462789,379351,4.91,4.02,1.2,0.7,-0.4,중립,음봉,잔구간,0.48,-0.36,2026-08-03
BDN,1.2,3.14,3218195,2653761,10.11,7.34,1.4,1.3,1.9,매수관심,장대양봉,잔구간,0.76,1.155,2026-08-03
PFN,1.2,7.09,407021,341642,2.89,2.77,1.0,0.4,-0.3,중립,음봉,완만한상승,0.6,0.32,2026-08-03
PANL,1.2,7.61,411822,330234,3.13,2.47,1.3,1.8,-1.8,중립,음봉,완만한상승,0.57,0.28,2026-08-03
SPIR,1.2,12.28,619081,528721,7.6,8.59,0.9,-2.1,9.4,강한매수,장대양봉,전고점돌파,0.96,4.05,2026-08-03
RLJ,1.2,12.34,2035104,1677956,25.11,19.93,1.3,0.7,0.1,중립,위꼬리양봉,잔구간,0.28,-0.63,2026-08-03
BBAR,1.2,18.91,481275,388870,9.1,9.27,1.0,-1.2,1.1,중립,양봉,잔구간,0.54,0.375,2026-08-03
SHO,1.2,11.7,2243933,1911258,26.25,27.72,0.9,0.7,-1.3,매도주의,장대음봉,잔구간,0.0,-1.3,2026-08-03
SRPT,1.2,15.88,3799658,3278725,60.34,46.66,1.3,1.5,5.2,강한매수,장대양봉,완만한상승,0.99,3.49,2026-08-03
BBBY,1.2,5.32,2038258,1673423,10.84,9.04,1.2,4.0,1.3,강한매수,양봉,완만한상승,0.89,2.07,2026-08-03
AVO,1.2,12.83,634428,543771,8.14,8.33,1.0,-0.5,2.2,강한매수,장대양봉,완만한상승,0.67,3.1,2026-08-03
ARRY,1.2,5.675,7483652,6067698,42.47,37.09,1.1,0.6,8.1,강한매수,장대양봉,완만한상승,0.97,3.46,2026-08-03
GPGI,1.2,14.77,1323230,1118259,19.54,17.22,1.1,3.9,7.7,강한매수,장대양봉,완만한상승,0.91,3.39,2026-08-03
GDOT,1.2,13.31,407036,326360,5.42,4.02,1.3,-0.1,1.6,강한매수,장대양봉,완만한상승,0.78,3.24,2026-08-03
PAYP,1.2,16.27,1355182,1152326,22.05,14.89,1.5,0.0,7.5,매수관심,장대양봉,잔구간,0.79,1.175,2026-08-03
NNOX,1.2,1.1,1096809,941991,1.21,0.83,1.5,-0.2,12.5,강한매수,장대양봉,전고점돌파,0.64,3.67,2026-08-03
NNE,1.2,17.58,2602745,2173557,45.76,32.42,1.4,-0.1,10.6,강한매수,장대양봉,전고점부근,0.97,2.11,2026-08-03
TENX,1.2,14.33,2000706,1675228,28.67,22.59,1.3,0.4,4.1,중립,양봉,잔구간,0.83,0.55,2026-08-03
SLDP,1.2,2.13,4233762,3665300,9.02,8.45,1.1,0.5,2.9,중립,양봉,잔구간,0.64,0.435,2026-08-03
AIIO,1.2,2.97,1024342,837253,3.04,3.01,1.0,-1.4,7.2,매수관심,양봉,수횡파,0.76,1.61,2026-08-03
FNB,1.2,19.19,5394905,4516776,103.53,108.69,1.0,-0.2,1.7,매수관심,장대양봉,잔구간,0.89,1.235,2026-08-03
RGTI,1.2,16.02,23184825,19135458,371.42,311.82,1.2,-0.1,7.3,강한매수,장대양봉,완만한상승,0.82,3.28,2026-08-03
NMAX,1.2,7.89,762382,623497,6.02,6.08,1.0,1.7,0.6,매수관심,팽이도지,완만한상승,0.43,0.82,2026-08-03
RC,1.2,1.53,1209809,972068,1.85,1.6,1.2,-0.7,7.7,매수관심,장대양봉,전고점부근,0.73,1.83,2026-08-03
ABEO,1.2,6.39,1008655,859826,6.45,6.96,0.9,0.5,-0.9,중립,음봉,잔구간,0.49,-0.355,2026-08-03
ALMU,1.2,16.67,709707,570135,11.83,7.68,1.5,-1.6,4.6,강한매수,양봉,전고점돌파,0.57,2.28,2026-08-03
AEO,1.2,17.87,4596125,3898566,82.13,66.4,1.2,0.9,3.1,매수관심,장대양봉,잔구간,0.99,1.295,2026-08-03
ADMA,1.2,8.74,2572849,2178664,22.49,18.52,1.2,2.1,1.2,중립,양봉,잔구간,0.57,0.39,2026-08-03
FINV,1.2,4.96,376018,325262,1.87,1.54,1.2,0.6,1.6,강한매수,양봉,완만한상승,0.93,2.12,2026-08-03
FRMI,1.2,6.03,23732546,20257224,143.11,121.83,1.2,-2.3,8.5,매수관심,장대양봉,잔구간,0.95,1.27,2026-08-03
FBRT,1.2,7.74,1627331,1406574,12.6,10.88,1.2,0.0,2.0,강한매수,장대양봉,완만한상승,1.0,3.5,2026-08-03
AOD,1.2,10.5,576002,479340,6.05,5.05,1.2,0.4,-0.8,매도주의,장대음봉,잔구간,0.18,-1.19,2026-08-03
MTA,1.2,7.5,312490,266268,2.34,2.38,1.0,-0.3,2.2,매수관심,양봉,완만한상승,0.81,1.97,2026-08-03
ARMG,1.2,16.45,764164,657796,12.57,14.17,0.9,-7.1,7.2,중립,양봉,잔구간,0.87,0.57,2026-08-03
GGB,1.2,5.06,14012737,11900989,70.9,70.35,1.0,-0.6,2.6,강한매수,양봉,전고점돌파,0.95,2.74,2026-08-03
VERI,1.2,1.11,2562685,2052821,2.84,2.31,1.2,1.8,0.0,중립,팽이도지,완만한상승,0.33,0.7,2026-08-03
VELO,1.2,11.38,1823567,1484713,20.75,14.71,1.4,-2.8,15.5,강한매수,장대양봉,전고점돌파,0.91,3.99,2026-08-03
AMZD,1.2,7.72,15422754,12620259,119.06,135.51,0.9,-2.6,-2.0,강한매도,장대음봉,전저점이탈,0.31,-2.98,2026-08-03
FSCO,1.2,4.99,1020052,870765,5.09,4.16,1.2,0.2,0.6,매수관심,양봉,완만한상승,0.38,1.46,2026-08-03
FPE,1.2,17.83,1266257,1065702,22.58,16.81,1.3,0.3,0.1,강한매수,장대양봉,전고점돌파,1.0,4.1,2026-08-03
ATOM,1.2,5.29,663948,566962,3.51,3.13,1.1,-2.1,4.8,매수관심,양봉,완만한상승,0.69,1.83,2026-08-03
EXG,1.2,9.85,471434,382452,4.64,3.71,1.3,0.4,0.3,강한매수,양봉,전고점돌파,0.61,2.33,2026-08-03
GLND,1.2,2.27,931429,770588,2.11,1.4,1.5,-1.3,1.3,중립,팽이도지,잔구간,0.48,-0.01,2026-08-03
ARCO,1.2,8.29,1028266,869569,8.52,8.37,1.0,1.0,0.5,중립,팽이도지,잔구간,0.53,0.02,2026-08-03
RERE,1.2,4.26,1496750,1221159,6.38,3.78,1.7,0.9,-0.5,강한매수,망치형,완만한상승,0.73,2.18,2026-08-03
NEXA,1.2,12.85,609091,503305,7.83,5.98,1.3,-2.8,2.9,중립,양봉,잔구간,0.84,0.555,2026-08-03
NEOV,1.2,2.47,1111049,932376,2.74,2.02,1.4,4.3,12.3,강한매수,장대양봉,전고점돌파,1.0,4.1,2026-08-03
ATAI,1.2,7.18,14782848,12257621,106.14,95.05,1.1,0.0,0.0,매수관심,팽이도지,완만한상승,0.67,1.1,2026-08-03
TLS,1.2,4.66,456349,389164,2.13,1.92,1.1,1.8,3.1,강한매수,장대양봉,완만한상승,0.76,3.21,2026-08-03
MATV,1.2,9.07,469631,400066,4.26,3.39,1.3,2.1,1.8,강한매수,양봉,전고점돌파,0.62,2.34,2026-08-03
BTBT,1.2,1.38,28184824,24171875,38.9,35.21,1.1,-0.8,6.2,중립,양봉,잔구간,0.87,0.57,2026-08-03
WB,1.2,8.17,772401,634423,6.31,6.04,1.0,-0.0,0.3,중립,위꼬리양봉,전고점돌파,0.25,0.2,2026-08-03
PLTK,1.2,4.06,902980,758641,3.67,5.75,0.6,2.0,-0.2,매도주의,위꼬리음봉,완만한상승,0.07,-1.12,2026-08-03
DC,1.2,4.7,1439707,1153053,6.77,5.61,1.2,0.2,3.3,중립,양봉,잔구간,0.71,0.475,2026-08-03
PN,1.2,8.43,628733,506819,5.3,35.46,0.1,-10.9,-45.2,매도주의,장대음봉,잔구간,0.2,-1.18,2026-08-03
HSAI,1.2,17.79,2170505,1819607,38.61,24.19,1.6,1.1,4.2,강한매수,장대양봉,전고점돌파,0.9,3.98,2026-08-03
SAIL,1.2,17.2,3467887,2972653,59.65,49.39,1.2,2.0,0.6,매수관심,팽이도지,전고점돌파,0.4,1.38,2026-08-03
BPRE,1.2,11.98,1050318,847973,12.58,11.26,1.1,0.7,-1.4,매도주의,음봉,전저점이탈,0.17,-1.85,2026-08-03
IART,1.2,17.88,1278776,1090766,22.86,20.24,1.1,2.5,4.7,강한매수,장대양봉,완만한상승,0.64,3.07,2026-08-03
BOBS,1.2,17.54,1163549,985329,20.41,15.6,1.3,2.0,3.2,강한매수,양봉,전고점돌파,0.87,2.64,2026-08-03
QBTS,1.2,19.98,24635712,20204698,492.22,359.13,1.4,0.1,10.4,강한매수,장대양봉,전고점돌파,0.93,4.02,2026-08-03
SSTK,1.2,6.06,1559008,1285302,9.45,9.71,1.0,1.3,10.8,강한매수,장대양봉,완만한상승,0.88,3.36,2026-08-03
MAGN,1.2,13.73,408554,332321,5.61,4.57,1.2,1.3,2.3,강한매수,장대양봉,완만한상승,0.91,3.39,2026-08-03
LZ,1.2,8.25,2135347,1787122,17.62,14.68,1.2,4.2,0.6,매수관심,팽이도지,완만한상승,0.47,0.86,2026-08-03
LXU,1.2,9.82,1138847,959774,11.18,10.09,1.1,-1.7,-8.2,강한매도,장대음봉,전저점이탈,0.05,-3.29,2026-08-03
HMY,1.2,16.47,2535806,2199183,41.76,40.28,1.0,1.5,3.0,강한매수,장대양봉,전고점돌파,0.97,4.06,2026-08-03
HLF,1.2,12.73,1090790,941284,13.89,13.44,1.0,2.5,0.0,매수관심,팽이도지,전고점돌파,0.61,1.63,2026-08-03
PTON,1.2,6.45,7582779,6235738,48.91,43.7,1.1,1.7,-0.8,매도주의,위꼬리음봉,완만한상승,0.24,-0.91,2026-08-03
CXM,1.2,6.52,3404189,2845190,22.2,18.47,1.2,2.4,0.2,중립,팽이도지,전고점부근,0.3,-0.69,2026-08-03
SSYS,1.2,8.13,405991,343815,3.3,2.99,1.1,0.9,3.0,강한매수,장대양봉,완만한상승,0.96,3.45,2026-08-03
HIO,1.2,3.53,640175,547124,2.26,1.8,1.3,-0.3,0.3,강한매수,양봉스프링,완만한상승,0.83,2.8,2026-08-03
UEC,1.2,9.97,9287777,7537200,92.6,81.09,1.1,-1.8,5.7,매수관심,장대양봉,잔구간,0.92,1.25,2026-08-03
MBC,1.2,8.92,1916712,1648804,17.1,16.3,1.0,2.7,5.3,강한매수,장대양봉,완만한상승,0.81,3.27,2026-08-03
MHD,1.2,11.52,327549,282639,3.77,3.08,1.2,0.4,0.0,매수관심,팽이도지,완만한상승,0.54,0.95,2026-08-03
BCRX,1.2,8.81,3190272,2599199,28.11,23.82,1.2,0.2,-2.1,강한매도,장대음봉,전저점이탈,0.13,-3.19,2026-08-03
BKD,1.2,14.37,5551517,4810362,79.78,68.46,1.2,0.1,-1.6,중립,음봉,잔구간,0.04,-0.625,2026-08-03
SSP,1.2,2.82,521566,452634,1.47,1.54,1.0,0.7,-0.4,매도주의,위꼬리음봉,잔구간,0.11,-0.985,2026-08-03
DLO,1.2,15.31,1842491,1512463,28.21,26.36,1.1,1.2,0.3,매수관심,팽이도지,완만한상승,0.49,0.89,2026-08-03
SAN,1.2,14.45,12235003,9798612,176.8,140.83,1.3,1.3,1.1,강한매수,장대양봉,전고점돌파,1.0,4.1,2026-08-03
DIV,1.2,19.71,306668,253483,6.04,4.26,1.4,0.5,-0.4,중립,음봉,잔구간,0.29,-0.475,2026-08-03
VIPS,1.2,15.55,1563510,1322727,24.31,22.16,1.1,1.0,0.4,강한매수,양봉스프링,전고점돌파,0.88,3.46,2026-08-03
QUBT,1.2,8.74,10064600,8580740,87.96,67.13,1.3,0.1,7.8,강한매수,장대양봉,전고점돌파,0.99,4.09,2026-08-03
TLK,1.2,15.18,928690,773919,14.1,12.17,1.2,2.6,0.9,강한매수,양봉,전고점돌파,0.67,2.4,2026-08-03
JFR,1.2,7.73,575596,496408,4.45,3.68,1.2,0.4,-0.1,중립,팽이도지,완만한상승,0.41,0.79,2026-08-03
KOS,1.2,2.53,16325394,13772479,41.3,35.19,1.2,-5.2,-0.8,중립,팽이도지,잔구간,0.38,-0.07,2026-08-03
CDE,1.2,15.56,36679358,30716410,570.73,522.01,1.1,-1.1,5.6,강한매수,장대양봉,전고점부근,0.96,2.1,2026-08-03
CAI,1.2,16.32,4902412,4081578,80.01,56.64,1.4,1.6,2.5,강한매수,양봉,전고점돌파,0.64,2.37,2026-08-03
SVRA,1.2,5.33,1639560,1404897,8.74,11.08,0.8,-0.4,-2.0,매도주의,장대음봉,잔구간,0.11,-1.235,2026-08-03
IVA,1.2,4.25,1005450,817731,4.27,3.75,1.1,-2.0,-3.2,강한매도,장대음봉,전저점이탈,0.0,-3.35,2026-08-03
CPNG,1.2,16.42,16746889,14549683,274.98,295.63,0.9,1.5,-1.1,중립,음봉,완만한상승,0.19,-0.17,2026-08-03
TSL,1.2,11.84,723775,627039,8.57,7.38,1.2,-0.1,4.3,매수관심,장대양봉,잔구간,0.84,1.205,2026-08-03
MAT,1.2,14.88,4051195,3311699,60.28,60.26,1.0,1.5,-2.9,매도주의,장대음봉,잔구간,0.0,-1.3,2026-08-03
LUCD,1.2,0.968,1349836,1151962,1.31,1.12,1.2,2.1,8.8,매수관심,장대양봉,전고점부근,0.86,1.98,2026-08-03
LMRI,1.2,11.26,424360,350469,4.78,3.69,1.3,1.9,6.1,강한매수,양봉,완만한상승,0.94,2.13,2026-08-03
CRNC,1.2,8.92,735547,635565,6.56,6.72,1.0,0.9,3.7,매수관심,장대양봉,잔구간,0.67,1.1,2026-08-03
KRNY,1.2,9.7,608402,495790,5.9,5.07,1.2,1.1,0.0,중립,팽이도지,완만한상승,0.36,0.73,2026-08-03
KULR,1.2,2.78,916106,789844,2.55,2.72,0.9,0.8,4.1,매수관심,양봉,완만한상승,0.65,1.78,2026-08-03
PRGO,1.2,10.68,3289224,2790584,35.13,28.66,1.2,2.0,3.6,강한매수,장대양봉,전고점돌파,0.95,4.04,2026-08-03
CLNE,1.2,1.86,1208543,977893,2.25,2.63,0.9,0.0,-4.1,강한매도,장대음봉,전저점이탈,0.1,-3.23,2026-08-03
ODD,1.2,15.23,684650,588449,10.43,10.28,1.0,2.3,5.0,매수관심,장대양봉,잔구간,0.72,1.13,2026-08-03
CMPX,1.2,1.885,3510562,2894232,6.62,4.74,1.4,1.6,-2.8,중립,음봉,잔구간,0.35,-0.44,2026-08-03
CMBT,1.2,16.25,731877,623157,11.89,9.85,1.2,0.8,-0.2,강한매수,망치형,완만한상승,0.66,2.09,2026-08-03
VSTS,1.2,14.27,1133579,910236,16.18,16.87,1.0,0.3,-1.7,강한매도,음봉,전저점이탈,0.0,-2.05,2026-08-03
JMIA,1.2,6.09,1363566,1137328,8.3,10.33,0.8,0.8,1.5,중립,양봉,잔구간,0.44,0.315,2026-08-03
OCFC,1.2,19.66,1039865,841686,20.44,16.96,1.2,0.5,1.3,매수관심,양봉,완만한상승,0.82,1.98,2026-08-03
XOVR,1.2,19.24,2119977,1778742,40.79,31.56,1.3,-0.3,3.7,강한매수,장대양봉,전고점돌파,1.0,4.1,2026-08-03
AI,1.2,9.73,6038967,5231398,58.76,48.83,1.2,1.6,4.3,강한매수,장대양봉,전고점돌파,0.84,3.91,2026-08-03
OPK,1.2,1.31,4621718,3786469,6.05,9.98,0.6,-1.5,0.8,중립,위꼬리양봉,잔구간,0.2,-0.68,2026-08-03
NXTC,1.2,4.4,446614,372908,1.97,2.73,0.7,5.7,0.5,매수관심,팽이도지,완만한상승,0.7,1.14,2026-08-03
ACI,1.2,11.5,14082783,11846092,161.95,167.01,1.0,0.1,-0.8,매도주의,위꼬리음봉,잔구간,0.07,-1.01,2026-08-03
ACVA,1.2,7.79,2795008,2389454,21.77,22.81,1.0,3.2,0.8,중립,위꼬리양봉,완만한상승,0.18,-0.48,2026-08-03
ACRS,1.2,5.53,1952022,1595658,10.79,8.58,1.3,-0.2,6.6,매수관심,장대양봉,잔구간,0.96,1.275,2026-08-03
SOFX,1.2,9.75,1608690,1376818,15.68,11.69,1.3,2.7,17.6,강한매수,장대양봉,전고점돌파,0.96,4.05,2026-08-03
AGRO,1.1,9.48,737350,677536,6.99,7.27,1.0,-2.0,-3.0,강한매도,장대음봉,전저점이탈,0.07,-3.27,2026-08-03
NVG,1.1,12.32,526601,476920,6.49,6.06,1.1,0.4,-1.0,매도주의,장대음봉,수횡파,0.13,-1.84,2026-08-03
NVTX,1.1,17.43,352476,321117,6.14,5.05,1.2,-7.3,21.8,매수관심,장대양봉,잔구간,0.78,1.17,2026-08-03
YYY,1.1,11.29,325719,309691,3.68,3.24,1.1,0.4,-0.1,매수관심,팽이도지,완만한상승,0.43,0.82,2026-08-03
ZVRA,1.1,10.055,1753739,1609060,17.63,18.33,1.0,0.0,5.7,강한매수,장대양봉,완만한상승,0.96,3.45,2026-08-03
AIRO,1.1,7.14,345278,313679,2.47,2.37,1.0,1.2,4.7,강한매수,장대양봉,완만한상승,0.8,3.26,2026-08-03
NMR,1.1,9.59,1039031,928019,9.96,9.47,1.1,-1.8,0.8,중립,양봉,잔구간,0.93,0.61,2026-08-03
OXLC,1.1,9.25,1073121,986480,9.93,8.22,1.2,-0.1,1.1,강한매수,양봉,전고점돌파,0.69,2.43,2026-08-03
ARIS,1.1,14.39,1328581,1261665,19.12,19.88,1.0,-0.1,7.9,강한매수,장대양봉,완만한상승,0.98,3.48,2026-08-03
TSLR,1.1,13.44,1749482,1625479,23.51,20.25,1.2,0.0,7.0,매수관심,장대양봉,잔구간,0.82,1.19,2026-08-03
TTGT,1.1,4.47,537619,501154,2.4,2.06,1.2,1.1,-1.5,매도주의,위꼬리음봉,잔구간,0.03,-1.03,2026-08-03
CLOV,1.1,4.33,3926900,3519686,17.0,16.28,1.0,1.4,2.4,중립,양봉,잔구간,0.78,0.52,2026-08-03
CRGY,1.1,11.43,5632388,5246970,64.38,58.61,1.1,-4.1,3.9,매수관심,장대양봉,잔구간,0.96,1.275,2026-08-03
CMRC,1.1,3.17,587381,513477,1.86,1.69,1.1,0.6,0.6,중립,위꼬리양봉,완만한상승,0.12,-0.56,2026-08-03
VTEX,1.1,4.4,1106452,967518,4.87,3.91,1.2,0.7,1.4,매수관심,양봉,완만한상승,0.59,1.71,2026-08-03
VTIX,1.1,1.56,970481,891452,1.51,4.11,0.4,-1.9,1.3,매수관심,양봉스프링,잔구간,0.88,0.98,2026-08-03
TASK,1.1,6.36,1280337,1118787,8.14,6.67,1.2,2.5,2.3,매수관심,양봉,완만한상승,0.69,1.83,2026-08-03
TBPH,1.1,16.87,437741,396776,7.38,10.0,0.7,0.0,0.1,매수관심,양봉,완만한상승,0.5,1.6,2026-08-03
TCPC,1.1,3.37,583422,539477,1.97,1.65,1.2,0.3,3.4,강한매수,장대양봉,전고점돌파,0.86,3.93,2026-08-03
TDOC,1.1,6.68,7278525,6559392,48.62,57.26,0.8,0.0,-0.4,중립,팽이도지,잔구간,0.51,0.005,2026-08-03
IVR,1.1,7.39,3289974,3014276,24.31,23.33,1.0,0.1,-0.4,매도주의,위꼬리음봉,잔구간,0.21,-0.925,2026-08-03
JBGS,1.1,14.23,521794,457250,7.43,6.18,1.2,1.0,0.3,강한매수,양봉스프링,완만한상승,0.75,2.7,2026-08-03
JBI,1.1,5.42,1277997,1171307,6.93,5.36,1.3,1.9,3.6,강한매수,장대양봉,완만한상승,0.9,3.38,2026-08-03
SWBI,1.1,14.76,440690,397327,6.5,6.48,1.0,0.4,1.0,매수관심,양봉,완만한상승,0.67,1.8,2026-08-03
CATX,1.1,3.01,871968,820207,2.62,2.48,1.1,0.3,3.1,강한매수,양봉,완만한상승,0.88,2.06,2026-08-03
POEL,1.1,8.97,476729,441517,4.28,4.2,1.0,-4.8,15.6,매수관심,장대양봉,잔구간,0.93,1.26,2026-08-03
TSLL,1.1,7.81,97800488,86899501,763.82,724.83,1.1,-0.2,7.1,매수관심,장대양봉,잔구간,0.81,1.185,2026-08-03
USGG,1.1,5.73,325609,291236,1.87,1.27,1.5,-6.2,19.1,강한매수,장대양봉,완만한상승,0.89,3.37,2026-08-03
FOXF,1.1,18.73,446201,419934,8.36,8.18,1.0,2.6,1.5,매수관심,양봉,완만한상승,0.49,1.59,2026-08-03
ONDL,1.1,7.83,1722080,1627517,13.48,13.08,1.0,-2.8,27.5,매수관심,장대양봉,잔구간,0.93,1.26,2026-08-03
OPEN,1.1,3.94,37875019,33634422,149.23,222.64,0.7,0.3,4.2,매수관심,양봉,완만한상승,0.57,1.68,2026-08-03
ASTX,1.1,12.47,4864342,4476433,60.66,49.06,1.2,-6.7,23.2,매수관심,장대양봉,전고점부근,0.82,1.93,2026-08-03
AQST,1.1,3.79,2381422,2199868,9.03,7.65,1.2,0.1,2.4,매수관심,양봉,완만한상승,0.8,1.96,2026-08-03
FTCA,1.1,7.25,315005,282130,2.28,1.87,1.2,0.0,-0.4,매도주의,장대음봉,전저점부근,0.25,-1.55,2026-08-03
CPRI,1.1,16.37,3519617,3203261,57.62,49.14,1.2,3.0,-0.2,매수관심,팽이도지,완만한상승,0.59,1.01,2026-08-03
CRDF,1.1,0.934,1285370,1160157,1.2,0.93,1.3,1.7,7.4,강한매수,장대양봉,전고점돌파,0.93,4.02,2026-08-03
LAC,1.1,2.98,6794155,6289540,20.25,21.28,1.0,0.7,3.1,중립,양봉,잔구간,0.72,0.48,2026-08-03
PSO,1.1,16.76,872746,769603,14.63,12.43,1.2,0.0,-1.1,중립,음봉,잔구간,0.18,-0.54,2026-08-03
LBTYA,1.1,10.88,3784855,3335746,41.18,32.33,1.3,0.5,2.1,강한매수,장대양봉,전고점돌파,0.6,3.62,2026-08-03
BWEN,1.1,4.08,839379,736565,3.42,2.77,1.2,-1.2,3.3,중립,양봉,잔구간,0.68,0.46,2026-08-03
GNL,1.1,8.65,1967419,1790245,17.02,16.71,1.0,0.1,-0.9,중립,음봉,전저점부근,0.03,-0.51,2026-08-03
GO,1.1,9.75,2528934,2272124,24.66,21.53,1.1,1.1,5.0,강한매수,장대양봉,전고점돌파,0.97,4.06,2026-08-03
NUV,1.1,9.07,555859,523254,5.04,4.58,1.1,0.0,-0.9,매도주의,장대음봉,잔구간,0.0,-1.3,2026-08-03
AVAH,1.1,9.61,1806572,1691134,17.36,17.44,1.0,2.2,0.1,매수관심,팽이도지,완만한상승,0.48,0.88,2026-08-03
AVEX,1.1,17.85,1215660,1068485,21.7,22.16,1.0,-1.2,8.6,강한매수,장대양봉,전고점돌파,0.98,4.08,2026-08-03
SPCF,1.1,10.87,2486348,2168627,27.03,20.21,1.3,-4.0,15.9,강한매수,장대양봉,수횡파,0.96,4.15,2026-08-03
OSG,1.1,5.66,330993,289994,1.87,1.87,1.0,2.0,2.7,매수관심,양봉,완만한상승,0.73,1.88,2026-08-03
NAUT,1.1,1.01,1225046,1071730,1.24,1.12,1.1,2.4,1.0,중립,팽이도지,잔구간,0.69,0.115,2026-08-03
NAVI,1.1,8.83,868113,795948,7.67,6.58,1.2,2.1,3.0,매수관심,장대양봉,잔구간,0.79,1.175,2026-08-03
NEO,1.1,15.84,2974026,2631099,47.11,44.38,1.1,1.1,2.5,매수관심,양봉,완만한상승,0.5,1.6,2026-08-03
SLS,1.1,11.22,6968613,6111460,78.19,71.84,1.1,-0.1,12.2,매수관심,장대양봉,잔구간,0.87,1.22,2026-08-03
SMU,1.1,6.18,1844925,1606890,11.4,8.65,1.3,0.0,13.2,매수관심,장대양봉,잔구간,0.87,1.22,2026-08-03
MSIF,1.1,11.48,354122,320555,4.07,3.51,1.2,-0.5,3.1,강한매수,장대양봉,완만한상승,0.81,3.27,2026-08-03
PAX,1.1,11.17,1646048,1445628,18.39,12.76,1.4,0.3,2.9,강한매수,장대양봉,완만한상승,0.68,3.12,2026-08-03
BSCT,1.1,18.505,514983,468673,9.53,8.8,1.1,0.1,-0.0,중립,음봉,완만한상승,0.25,-0.1,2026-08-03
VVR,1.1,2.97,411621,366377,1.22,1.4,0.9,0.3,-0.3,중립,음봉,완만한상승,0.49,0.19,2026-08-03
WEST,1.1,8.27,394029,362048,3.26,2.94,1.1,0.9,1.0,매수관심,양봉,완만한상승,0.68,1.82,2026-08-03
TOI,1.1,5.13,1265538,1205040,6.49,7.12,0.9,1.5,4.0,매수관심,장대양봉,잔구간,0.93,1.26,2026-08-03
TRDA,1.1,7.26,500498,446257,3.63,3.07,1.2,0.6,6.3,강한매수,장대양봉,전고점돌파,0.93,4.02,2026-08-03
TRIN,1.1,17.83,999275,877243,17.82,16.13,1.1,-0.2,1.8,강한매수,장대양봉,전고점돌파,0.9,3.98,2026-08-03
ECAT,1.1,15.15,553848,482967,8.39,7.47,1.1,0.8,0.3,매수관심,양봉,완만한상승,0.5,1.6,2026-08-03
EMBC,1.1,3.72,1120017,1051733,4.17,3.82,1.1,1.4,0.8,중립,위꼬리양봉,완만한상승,0.22,-0.44,2026-08-03
GRAB,1.1,3.67,65946730,62319520,242.02,167.82,1.4,1.3,3.5,강한매수,장대양봉,전고점돌파,0.93,4.02,2026-08-03
GRRR,1.1,11.7,911792,819236,10.67,10.56,1.0,0.1,5.4,매수관심,장대양봉,잔구간,0.9,1.24,2026-08-03
SPRO,1.1,1.15,1373121,1201312,1.58,3.27,0.5,1.7,-3.4,중립,음봉,수횡파,0.26,-0.39,2026-08-03
SPRY,1.1,5.46,2143695,1951634,11.7,18.1,0.6,-1.0,7.5,매수관심,장대양봉,잔구간,0.96,1.275,2026-08-03
SRFM,1.1,0.785,1417188,1329901,1.11,1.17,0.9,2.7,0.0,매수관심,팽이도지,완만한상승,0.63,1.06,2026-08-03
LUNR,1.1,13.1,8857096,7818198,116.03,108.37,1.1,-1.1,7.3,강한매수,장대양봉,완만한상승,0.88,3.36,2026-08-03
LDI,1.1,1.08,2303326,2064658,2.49,2.73,0.9,4.0,5.9,강한매수,장대양봉,전고점돌파,0.88,3.96,2026-08-03
LEG,1.1,10.01,1998485,1849005,20.0,18.5,1.1,2.3,-0.2,중립,팽이도지,잔구간,0.43,-0.04,2026-08-03
GT,1.1,7.03,7674201,7254340,53.95,55.08,1.0,2.2,-1.0,중립,음봉,잔구간,0.43,-0.39,2026-08-03
GTM,1.1,3.57,7290253,6858241,26.03,21.69,1.2,3.3,4.7,강한매수,장대양봉,전고점돌파,0.71,3.75,2026-08-03
GOGO,1.1,4.48,1736778,1618560,7.78,5.51,1.4,1.6,5.5,강한매수,장대양봉,전고점돌파,0.74,3.79,2026-08-03
GOOS,1.1,8.76,881115,823183,7.72,7.71,1.0,1.5,-3.3,중립,음봉,전저점부근,0.07,-0.47,2026-08-03
STUB,1.1,8.98,4552635,4234154,40.88,37.45,1.1,0.7,5.6,강한매수,장대양봉,전고점돌파,0.98,4.08,2026-08-03
DSL,1.1,10.67,489701,459621,5.23,5.15,1.0,0.1,-0.1,중립,팽이도지,완만한상승,0.4,0.78,2026-08-03
WULF,1.1,18.83,40623412,36141759,764.94,594.29,1.3,-1.7,8.5,매수관심,장대양봉,잔구간,0.86,1.215,2026-08-03
WWW,1.1,19.77,867893,803022,17.16,15.55,1.1,-0.7,1.2,중립,위꼬리양봉,완만한상승,0.19,-0.47,2026-08-03
EC,1.1,16.6,2372624,2160538,39.39,34.19,1.2,-2.0,1.0,중립,양봉,잔구간,0.79,0.525,2026-08-03
UA,1.1,6.63,2254379,2005145,14.95,14.86,1.0,1.8,0.3,중립,위꼬리양봉,완만한상승,0.28,-0.36,2026-08-03
UGP,1.1,6.49,2932410,2703751,19.03,21.03,0.9,-0.3,0.2,매수관심,양봉스프링,잔구간,0.77,0.91,2026-08-03
UIS,1.1,2.99,881962,792735,2.64,2.68,1.0,1.4,2.7,매수관심,양봉,완만한상승,0.55,1.66,2026-08-03
MORT,1.1,9.75,916834,867816,8.94,12.54,0.7,0.8,0.0,중립,팽이도지,완만한상승,0.27,0.62,2026-08-03
MPT,1.1,4.59,5471953,4877120,25.12,22.28,1.1,0.0,-0.9,중립,음봉,잔구간,0.41,-0.405,2026-08-03
MQY,1.1,11.22,324422,300432,3.64,4.22,0.9,0.4,-0.3,중립,음봉,완만한상승,0.43,0.12,2026-08-03
MRVI,1.1,6.42,2047047,1921552,13.14,14.1,0.9,0.5,-2.7,매도주의,음봉,전저점이탈,0.38,-1.59,2026-08-03
MNKD,1.1,3.8,5276519,4733209,20.05,18.89,1.1,1.3,-4.0,매도주의,장대음봉,잔구간,0.11,-1.235,2026-08-03
MNTN,1.1,9.53,913577,803861,8.71,7.96,1.1,2.7,0.6,중립,위꼬리양봉,완만한상승,0.2,-0.46,2026-08-03
QBTX,1.1,9.24,2770797,2623776,25.6,17.57,1.5,0.5,20.3,강한매수,장대양봉,전고점부근,0.92,2.05,2026-08-03
QBTZ,1.1,3.48,3681997,3234885,12.81,14.48,0.9,-0.6,-20.6,강한매도,장대음봉,전저점이탈,0.07,-3.27,2026-08-03
HPP,1.1,14.49,787584,726807,11.41,9.73,1.2,0.5,4.7,매수관심,장대양봉,잔구간,0.79,1.175,2026-08-03
DNOW,1.1,14.24,2178028,1982989,31.02,28.81,1.1,-0.8,1.7,매수관심,양봉,완만한상승,0.68,1.82,2026-08-03
HNST,1.1,3.665,1122204,1043508,4.11,4.35,0.9,1.1,-0.7,중립,팽이도지,잔구간,0.44,-0.035,2026-08-03
TRTX,1.1,8.06,961698,856655,7.75,6.75,1.1,-0.4,1.5,매수관심,장대양봉,잔구간,0.71,1.125,2026-08-03
PNNT,1.1,3.41,525246,494796,1.79,1.98,0.9,1.2,2.4,강한매수,장대양봉,완만한상승,0.89,3.37,2026-08-03
DOMO,1.1,3.91,1704267,1584141,6.66,18.19,0.4,2.7,3.2,중립,양봉,잔구간,0.77,0.51,2026-08-03
RYAM,1.1,9.02,780957,686692,7.04,7.71,0.9,1.2,-0.4,매수관심,팽이도지,완만한상승,0.54,0.95,2026-08-03
MAX,1.1,12.75,1113976,978072,14.2,15.58,0.9,1.5,1.4,매수관심,팽이도지,완만한상승,0.57,0.98,2026-08-03
TK,1.1,11.79,551486,515110,6.5,6.47,1.0,1.4,-0.2,강한매수,망치형,완만한상승,0.83,2.3,2026-08-03
MFA,1.1,9.16,1406900,1300459,12.89,13.36,1.0,0.5,0.0,중립,위꼬리양봉,완만한상승,0.11,-0.57,2026-08-03
AHRT,1.1,6.94,765721,677254,5.31,4.56,1.2,1.1,-1.4,매도주의,장대음봉,잔구간,0.06,-1.265,2026-08-03
CNTN,1.1,2.0,1056362,977045,2.11,1.74,1.2,-1.6,5.3,강한매수,양봉,완만한상승,0.86,2.03,2026-08-03
CIM,1.1,12.62,657045,588937,8.29,7.78,1.1,0.6,0.6,중립,위꼬리양봉,완만한상승,0.46,-0.15,2026-08-03
CLM,1.1,7.4,1672663,1582895,12.38,12.53,1.0,-0.1,-0.4,중립,음봉,잔구간,0.0,-0.65,2026-08-03
YMAG,1.1,11.55,1210274,1134219,13.98,11.56,1.2,0.4,2.2,강한매수,장대양봉,전고점돌파,0.81,3.87,2026-08-03
YSS,1.1,14.28,1919160,1720286,27.41,25.25,1.1,-0.5,-2.6,중립,음봉,전저점부근,0.31,-0.18,2026-08-03
OKLL,1.1,2.78,13268757,11670301,36.89,32.51,1.1,0.0,12.6,매수관심,장대양봉,잔구간,0.81,1.185,2026-08-03
NVCR,1.1,15.32,1642986,1460773,25.17,41.2,0.6,1.1,2.1,중립,양봉,잔구간,0.46,0.325,2026-08-03
AKBA,1.1,1.31,2095873,1910639,2.75,2.65,1.0,-0.8,0.0,중립,팽이도지,잔구간,0.33,-0.1,2026-08-03
RDY,1.1,12.07,3493519,3119755,42.17,39.67,1.1,1.0,0.8,강한매수,양봉,전고점돌파,0.63,2.36,2026-08-03
FRNM,1.1,11.01,755295,677672,8.32,9.24,0.9,0.0,-1.3,매도주의,위꼬리음봉,잔구간,0.23,-0.91,2026-08-03
FVRR,1.1,9.46,1099290,1020598,10.4,11.18,0.9,1.2,4.6,강한매수,장대양봉,완만한상승,0.72,3.16,2026-08-03
FLNC,1.1,14.56,6978165,6572542,101.6,90.74,1.1,-3.2,8.0,강한매수,장대양봉,완만한상승,0.85,3.32,2026-08-03
FLO,1.1,7.22,7096871,6172881,51.24,40.49,1.3,1.3,1.5,중립,양봉,잔구간,0.58,0.4,2026-08-03
AES,1.1,14.71,7474546,6750971,109.95,95.05,1.2,-0.1,0.3,강한매수,장대양봉,완만한상승,0.8,3.26,2026-08-03
ALOY,1.1,9.88,4004658,3721320,39.57,26.68,1.5,2.1,10.3,강한매수,양봉,전고점돌파,0.67,2.4,2026-08-03
KBWD,1.1,12.26,445475,415802,5.46,5.79,0.9,0.6,1.7,강한매수,장대양봉,완만한상승,0.91,3.39,2026-08-03
OPFI,1.1,9.92,450687,404559,4.47,4.3,1.0,1.1,4.8,강한매수,장대양봉,전고점돌파,0.96,4.05,2026-08-03
ALIT,1.0,19.63,562349,557987,11.04,10.25,1.1,5.1,10.0,강한매수,장대양봉,완만한상승,0.97,3.46,2026-08-03
SOFI,1.0,18.03,83846056,83243685,1511.74,1496.55,1.0,1.3,9.1,강한매수,장대양봉,전고점돌파,0.97,4.06,2026-08-03
XIFR,1.0,11.88,1124829,1166826,13.36,16.44,0.8,-0.1,-0.1,중립,팽이도지,잔구간,0.58,0.05,2026-08-03
USAR,1.0,15.86,11158054,11443497,176.97,161.59,1.1,-2.1,8.4,강한매수,장대양봉,전고점돌파,0.88,3.96,2026-08-03
FWDI,1.0,4.07,803595,833673,3.27,3.72,0.9,0.5,0.5,매수관심,양봉스프링,잔구간,0.88,0.98,2026-08-03
FATE,1.0,2.5,1252737,1267337,3.13,3.39,0.9,-0.8,2.9,매수관심,양봉,완만한상승,0.72,1.86,2026-08-03
OLMA,1.0,11.28,763685,758305,8.61,9.29,0.9,3.5,-4.8,매도주의,장대음봉,잔구간,0.31,-1.115,2026-08-03
TGB,1.0,6.97,5537543,5492763,38.6,46.16,0.8,0.3,2.7,중립,양봉,잔구간,0.78,0.52,2026-08-03
ALT,1.0,3.0,4647347,4749687,13.94,14.41,1.0,1.5,4.1,강한매수,장대양봉,완만한상승,0.85,3.32,2026-08-03
CLBT,1.0,15.07,948767,955030,14.3,16.88,0.8,1.7,0.5,매수관심,팽이도지,완만한상승,0.47,0.86,2026-08-03
CLBK,1.0,10.64,5697757,5853413,60.62,172.16,0.4,0.7,-2.3,강한매도,장대음봉,전저점이탈,0.14,-3.18,2026-08-03
SBGI,1.0,13.92,374768,385145,5.22,6.39,0.8,1.5,-0.2,매도주의,위꼬리음봉,완만한상승,0.23,-0.92,2026-08-03
CNNE,1.0,14.9,362991,361958,5.41,5.97,0.9,1.2,1.2,매수관심,양봉,완만한상승,0.73,1.88,2026-08-03
OPTU,1.0,0.859,3438725,3523396,2.95,3.09,1.0,-2.3,15.3,강한매수,장대양봉,완만한상승,0.97,3.46,2026-08-03
PURR,1.0,6.58,8229916,8404284,54.15,52.48,1.0,2.1,3.8,중립,양봉,잔구간,0.77,0.51,2026-08-03
LZM,1.0,3.52,362993,361957,1.28,1.34,1.0,0.0,3.8,강한매수,양봉,전고점돌파,0.87,2.64,2026-08-03
LXEO,1.0,4.2,667153,685219,2.8,4.99,0.6,0.5,1.2,매수관심,양봉스프링,잔구간,0.98,1.04,2026-08-03
MFG,1.0,10.26,3925673,4118048,40.28,40.33,1.0,-1.6,-0.1,중립,팽이도지,잔구간,0.64,0.085,2026-08-03
PD,1.0,11.1,1438862,1471426,15.97,14.61,1.1,2.9,2.0,강한매수,양봉,전고점돌파,0.78,2.54,2026-08-03
WSE,1.0,12.33,878930,909793,10.84,14.27,0.8,0.5,2.2,강한매수,장대양봉,전고점돌파,0.97,4.06,2026-08-03
WLTH,1.0,9.66,861801,827934,8.33,7.64,1.1,0.1,1.7,매수관심,양봉,전고점부근,0.96,0.8,2026-08-03
PESI,1.0,16.78,357458,369710,6.0,6.39,0.9,1.5,-0.4,중립,팽이도지,잔구간,0.43,-0.04,2026-08-03
PDYN,1.0,5.62,783597,762765,4.4,3.84,1.1,-0.6,8.1,강한매수,장대양봉,전고점돌파,0.93,4.02,2026-08-03
PDO,1.0,13.06,577101,599298,7.54,6.98,1.1,0.5,-0.4,중립,음봉,완만한상승,0.38,0.06,2026-08-03
MGTX,1.0,11.88,489490,507045,5.82,5.64,1.0,-0.3,1.0,매수관심,양봉스프링,잔구간,0.88,0.98,2026-08-03
TIMB,1.0,18.92,611102,615833,11.56,11.39,1.0,-0.2,-1.1,중립,음봉,전저점부근,0.37,-0.11,2026-08-03
MBI,1.0,5.23,578695,576749,3.03,2.91,1.0,0.8,1.4,중립,양봉,잔구간,0.4,0.29,2026-08-03
DHT,1.0,18.53,2577763,2521109,47.77,42.84,1.1,1.5,-1.6,중립,음봉,잔구간,0.44,-0.385,2026-08-03
DCH,1.0,5.8,3033434,2919510,17.59,16.77,1.0,-0.5,3.2,매수관심,양봉,완만한상승,0.58,1.7,2026-08-03
PTLO,1.0,4.54,1003127,1022579,4.55,4.75,1.0,2.0,-2.6,중립,음봉,잔구간,0.29,-0.475,2026-08-03
HLX,1.0,9.26,1457979,1412930,13.5,13.23,1.0,-2.6,0.0,중립,팽이도지,잔구간,0.55,0.03,2026-08-03
DOLE,1.0,14.29,1108955,1085083,15.85,15.19,1.0,0.3,0.8,강한매수,장대양봉,완만한상승,0.74,3.19,2026-08-03
IMMR,1.0,7.48,658934,693595,4.93,6.3,0.8,0.1,-1.2,중립,망치형,잔구간,0.55,0.53,2026-08-03
STXS,1.0,1.33,1005753,984737,1.34,1.55,0.9,2.4,3.1,매수관심,양봉,완만한상승,0.44,1.53,2026-08-03
MASS,1.0,8.42,331821,317318,2.79,2.35,1.2,0.1,5.0,강한매수,장대양봉,전고점돌파,0.79,3.85,2026-08-03
BLND,1.0,1.93,1649068,1623153,3.18,3.46,0.9,1.1,7.2,강한매수,장대양봉,전고점돌파,0.93,4.02,2026-08-03
VITL,1.0,12.79,1182955,1225212,15.13,18.74,0.8,2.0,-1.5,매도주의,위꼬리음봉,완만한상승,0.2,-0.96,2026-08-03
VFC,1.0,14.92,10991780,11274017,164.0,168.14,1.0,4.1,0.1,중립,팽이도지,완만한상승,0.34,0.71,2026-08-03
MOMO,1.0,5.95,473364,480383,2.82,2.78,1.0,0.3,-1.0,중립,음봉,잔구간,0.38,-0.42,2026-08-03
BGS,1.0,3.57,2095302,2093488,7.48,7.78,1.0,0.0,1.1,매수관심,양봉,완만한상승,0.64,1.77,2026-08-03
ULCC,1.0,7.69,5034445,4965269,38.71,27.68,1.4,3.6,10.0,강한매수,장대양봉,전고점돌파,0.97,4.06,2026-08-03
QXO,1.0,14.09,17410328,18129032,245.31,278.33,0.9,2.0,3.9,강한매수,장대양봉,완만한상승,0.81,3.27,2026-08-03
DX,1.0,12.71,5098612,5055493,64.8,83.86,0.8,0.3,-0.3,매도주의,위꼬리음봉,완만한상승,0.21,-0.95,2026-08-03
DV,1.0,11.75,2185097,2109333,25.67,22.43,1.1,2.0,2.4,강한매수,양봉,전고점돌파,0.61,2.33,2026-08-03
QID,1.0,14.89,15259750,15669447,227.22,255.81,0.9,0.0,-3.5,강한매도,장대음봉,전저점이탈,0.09,-3.24,2026-08-03
REPL,1.0,11.91,11770443,11378331,140.19,92.69,1.5,-1.8,8.3,중립,양봉,잔구간,0.72,0.48,2026-08-03
REI,1.0,1.26,3313168,3356956,4.17,4.58,0.9,-3.2,5.0,강한매수,장대양봉,완만한상승,0.86,3.33,2026-08-03
GOF,1.0,10.49,1231853,1178562,12.92,12.95,1.0,0.2,-0.4,중립,음봉,잔구간,0.18,-0.54,2026-08-03
BSCR,1.0,19.615,591263,565668,11.6,11.43,1.0,-0.0,0.1,강한매수,장대양봉,전고점돌파,0.75,3.8,2026-08-03
CAG,1.0,14.91,15427237,15883340,230.02,226.39,1.0,0.2,2.5,강한매수,장대양봉,완만한상승,0.84,3.31,2026-08-03
LWLG,1.0,6.82,2820637,2801376,19.24,19.55,1.0,-3.9,9.8,강한매수,장대양봉,완만한상승,0.96,3.45,2026-08-03
BILI,1.0,19.24,1808900,1723939,34.8,34.12,1.0,0.2,0.6,매수관심,팽이도지,전고점돌파,0.5,1.5,2026-08-03
BHVN,1.0,13.37,1590030,1599590,21.26,26.65,0.8,0.1,-1.0,중립,팽이도지,잔구간,0.42,-0.05,2026-08-03
BRSP,1.0,5.13,2009594,1972379,10.31,8.75,1.2,1.0,1.4,매수관심,양봉,완만한상승,0.82,1.98,2026-08-03
BDJ,1.0,9.8,499501,478719,4.9,4.0,1.2,0.1,0.1,중립,팽이도지,전고점부근,0.53,-0.41,2026-08-03
BCYC,1.0,3.87,340369,344147,1.32,1.27,1.0,-1.3,1.6,중립,양봉,잔구간,0.74,0.495,2026-08-03
DBRG,1.0,15.83,3334739,3447615,52.79,49.08,1.1,-0.2,-0.1,매도주의,위꼬리음봉,잔구간,0.25,-0.9,2026-08-03
INN,1.0,6.91,884083,894548,6.11,6.75,0.9,3.9,-3.4,매도주의,장대음봉,잔구간,0.21,-1.175,2026-08-03
INFY,1.0,12.25,30556516,29583945,374.32,341.84,1.1,3.1,-1.2,중립,음봉,완만한상승,0.12,-0.26,2026-08-03
HUMA,1.0,0.689,3267166,3195930,2.25,2.8,0.8,1.0,4.4,중립,양봉,전고점부근,0.71,0.5,2026-08-03
CWH,1.0,6.72,2893357,2801271,19.44,16.95,1.1,1.6,6.8,강한매수,장대양봉,전고점돌파,0.96,4.05,2026-08-03
GILT,1.0,11.7,500184,478276,5.85,6.16,1.0,0.0,5.9,강한매수,장대양봉,전고점돌파,0.91,3.99,2026-08-03
SPT,1.0,8.55,921924,897591,7.88,7.4,1.1,3.5,-3.7,매도주의,장대음봉,잔구간,0.01,-1.295,2026-08-03
SPPP,1.0,13.16,534923,542174,7.04,7.18,1.0,-2.7,0.8,매수관심,장대양봉,잔구간,0.81,1.185,2026-08-03
AUR,1.0,6.79,28160468,29596461,191.21,167.92,1.1,0.3,4.9,중립,양봉,전고점부근,0.81,0.62,2026-08-03
GGT,1.0,4.09,329415,327679,1.35,1.37,1.0,0.2,0.0,중립,위꼬리양봉,완만한상승,0.22,-0.44,2026-08-03
GRNT,1.0,4.79,705610,689470,3.38,3.38,1.0,-2.7,3.7,매수관심,장대양봉,잔구간,0.97,1.28,2026-08-03
RLX,1.0,1.99,1471876,1509380,2.93,2.39,1.2,-0.5,-1.0,중립,음봉,잔구간,0.17,-0.55,2026-08-03
EH,1.0,5.42,622670,603694,3.37,3.84,0.9,0.4,5.2,강한매수,장대양봉,전고점부근,0.97,2.11,2026-08-03
EGHT,1.0,2.06,1861531,1818058,3.83,3.47,1.1,1.1,7.3,강한매수,장대양봉,전고점돌파,0.78,3.84,2026-08-03
CSIQ,1.0,15.52,1906499,1984106,29.59,29.89,1.0,0.0,2.9,중립,위꼬리양봉,완만한상승,0.38,-0.24,2026-08-03
CRON,1.0,2.83,901674,945186,2.55,2.52,1.0,0.4,-0.4,매도주의,위꼬리음봉,완만한상승,0.14,-1.03,2026-08-03
LITZ,1.0,13.57,852098,849585,11.56,15.66,0.7,8.3,-24.8,매도주의,장대음봉,잔구간,0.03,-1.28,2026-08-03
KSCP,1.0,1.57,1531634,1462648,2.4,7.36,0.3,1.8,-6.0,매도주의,장대음봉,잔구간,0.13,-1.22,2026-08-03
BULL,1.0,7.26,7202991,7207906,52.29,66.75,0.8,0.3,2.5,매수관심,장대양봉,잔구간,0.88,1.23,2026-08-03
SFL,1.0,12.38,1391042,1349873,17.22,16.96,1.0,-0.2,0.5,매수관심,양봉스프링,전고점부근,0.9,1.53,2026-08-03
CABA,1.0,2.69,1873050,1898499,5.04,5.59,0.9,-0.4,0.7,강한매수,양봉스프링,완만한상승,0.83,2.8,2026-08-03
BTQ,1.0,3.83,1185576,1204849,4.54,4.58,1.0,-0.3,10.7,강한매수,장대양봉,전고점돌파,0.97,4.06,2026-08-03
BTGO,1.0,5.06,784601,760606,3.97,4.47,0.9,0.2,3.9,중립,양봉,잔구간,0.66,0.445,2026-08-03
BTE,1.0,4.38,14183532,14665964,62.12,71.06,0.9,-4.2,0.2,중립,팽이도지,잔구간,0.72,0.13,2026-08-03
MSTY,1.0,12.51,990112,1036356,12.39,12.71,1.0,-1.1,2.2,중립,양봉,잔구간,0.76,0.505,2026-08-03
NCLH,1.0,19.76,19516472,18670425,385.65,334.15,1.2,2.5,4.0,강한매수,장대양봉,완만한상승,0.99,3.49,2026-08-03
BBAI,1.0,2.86,25542275,25947634,73.05,69.56,1.1,-1.8,4.4,중립,양봉,잔구간,0.8,0.53,2026-08-03
DSU,1.0,9.45,313515,327306,2.96,3.25,0.9,0.3,0.0,중립,위꼬리양봉,잔구간,0.09,-0.745,2026-08-03
SMPL,1.0,11.32,2476711,2513445,28.04,28.28,1.0,1.8,9.3,강한매수,장대양봉,전고점돌파,0.96,4.05,2026-08-03
NEA,1.0,11.27,863801,836048,9.74,9.47,1.0,0.3,-0.3,중립,음봉,완만한상승,0.3,-0.04,2026-08-03
NMZ,1.0,10.18,709211,676258,7.22,6.73,1.1,0.6,-0.4,중립,음봉,잔구간,0.5,-0.35,2026-08-03
NAD,1.0,11.68,571045,588404,6.67,7.01,1.0,0.1,-0.3,중립,음봉,잔구간,0.43,-0.39,2026-08-03
NABL,1.0,5.06,1600673,1632597,8.1,7.51,1.1,2.8,5.2,강한매수,장대양봉,전고점돌파,0.93,4.02,2026-08-03
NIO,1.0,4.81,23767549,22904468,114.32,108.61,1.1,-0.6,-0.8,중립,음봉,잔구간,0.38,-0.42,2026-08-03
ORC,1.0,6.47,6791512,6761538,43.94,38.62,1.1,0.2,-0.5,중립,음봉,잔구간,0.1,-0.59,2026-08-03
NUVB,1.0,6.16,5569348,5705177,34.31,42.85,0.8,0.5,-3.1,매도주의,음봉,전저점이탈,0.25,-1.75,2026-08-03
NTLA,1.0,10.77,3319884,3323273,35.76,37.18,1.0,-1.2,2.1,중립,양봉,잔구간,0.84,0.555,2026-08-03
NRDS,1.0,9.1,488929,467007,4.45,4.81,0.9,2.0,-0.9,매도주의,위꼬리음봉,완만한상승,0.17,-1.0,2026-08-03
ETHA,1.0,14.11,31521013,31138330,444.76,449.01,1.0,-1.2,1.5,매수관심,장대양봉,잔구간,0.87,1.22,2026-08-03
GNW,1.0,9.82,2599632,2511376,25.53,28.7,0.9,0.8,-0.9,중립,음봉,잔구간,0.07,-0.61,2026-08-03
EVLV,1.0,5.68,1784396,1867775,10.14,10.42,1.0,1.3,1.4,강한매수,장대양봉,완만한상승,0.85,3.32,2026-08-03
EVC,1.0,11.04,1356800,1292522,14.98,15.59,1.0,-1.4,-0.2,매도주의,위꼬리음봉,잔구간,0.14,-0.965,2026-08-03
PSKY,1.0,8.22,15179417,14745229,124.77,100.11,1.2,0.5,2.8,매수관심,장대양봉,잔구간,0.97,1.28,2026-08-03
SHEN,1.0,12.45,697359,707635,8.68,6.92,1.3,1.8,2.0,강한매수,장대양봉,완만한상승,0.61,3.03,2026-08-03
VTS,1.0,15.52,434543,415311,6.74,6.45,1.0,-1.8,1.3,중립,양봉,잔구간,0.84,0.555,2026-08-03
LUMN,1.0,6.45,12062375,11613252,77.8,70.0,1.1,0.2,0.9,중립,양봉,잔구간,0.73,0.49,2026-08-03
IMRX,1.0,4.17,497567,487695,2.07,2.77,0.7,0.4,0.6,중립,팽이도지,잔구간,0.54,0.025,2026-08-03
IMMX,1.0,8.42,1618167,1638507,13.62,17.08,0.8,-0.6,1.8,매수관심,양봉스프링,잔구간,0.98,1.04,2026-08-03
IREG,1.0,8.02,987964,973949,7.92,8.9,0.9,-2.4,17.6,매수관심,장대양봉,잔구간,0.9,1.24,2026-08-03
IKT,1.0,2.21,486556,493035,1.08,1.95,0.6,0.5,0.9,매수관심,팽이도지,완만한상승,0.42,0.8,2026-08-03
IHRT,1.0,3.98,599065,610085,2.38,2.32,1.0,1.4,9.3,강한매수,장대양봉,전고점돌파,0.91,3.99,2026-08-03
DBI,1.0,6.52,360199,355576,2.35,2.31,1.0,0.5,7.4,강한매수,장대양봉,전고점돌파,0.96,4.05,2026-08-03
RES,1.0,5.76,1624032,1621589,9.35,8.54,1.1,-1.0,3.7,중립,양봉,잔구간,0.7,0.47,2026-08-03
RQI,1.0,12.55,607772,611011,7.63,7.82,1.0,0.8,-1.0,매도주의,장대음봉,잔구간,0.07,-1.26,2026-08-03
ARCC,1.0,19.17,4655205,4723702,89.24,81.64,1.1,0.6,1.5,강한매수,장대양봉,전고점돌파,0.91,3.99,2026-08-03
OMER,1.0,12.56,1446064,1508569,18.16,16.98,1.1,3.5,2.5,강한매수,양봉,전고점돌파,0.96,2.75,2026-08-03
GDYN,1.0,6.82,2308670,2358461,15.75,13.71,1.1,4.5,-5.3,매도주의,장대음봉,잔구간,0.13,-1.22,2026-08-03
FOTO,1.0,19.19,332840,345328,6.39,6.2,1.0,-1.3,6.2,중립,양봉,잔구간,0.89,0.585,2026-08-03
RITM,1.0,10.06,7336605,7453531,73.81,68.23,1.1,0.6,1.2,중립,양봉,전고점부근,0.63,0.41,2026-08-03
RGTZ,1.0,4.04,3375419,3473494,13.64,17.62,0.8,-0.1,-14.3,강한매도,장대음봉,전저점이탈,0.19,-3.12,2026-08-03
VERX,1.0,13.4,2450706,2574611,32.84,31.48,1.0,2.4,1.4,매수관심,양봉,완만한상승,0.39,1.47,2026-08-03
TSLG,1.0,3.89,31448563,30279890,122.33,155.67,0.8,0.3,7.2,매수관심,장대양봉,잔구간,0.83,1.2,2026-08-03
POET,1.0,7.36,9932935,10444894,73.11,81.27,0.9,-3.9,9.5,매수관심,장대양봉,잔구간,0.95,1.27,2026-08-03
SXC,1.0,8.41,2372406,2266259,19.95,18.27,1.1,0.1,-0.9,중립,망치형,잔구간,0.83,0.7,2026-08-03
KEP,1.0,12.11,978863,988406,11.85,12.64,0.9,1.3,0.1,중립,팽이도지,잔구간,0.74,0.145,2026-08-03
CHA,1.0,11.15,394049,397017,4.39,4.45,1.0,1.4,-2.3,중립,음봉,잔구간,0.2,-0.53,2026-08-03
SVM,1.0,9.56,1856109,1839587,17.74,18.52,1.0,-0.6,2.8,강한매수,양봉,완만한상승,0.89,2.07,2026-08-03
SVCO,1.0,8.17,382364,367304,3.12,2.69,1.2,-1.2,6.2,강한매수,장대양봉,완만한상승,0.96,3.45,2026-08-03
IOVA,1.0,4.315,13022194,13343505,56.19,68.89,0.8,0.7,5.2,중립,양봉,잔구간,0.89,0.585,2026-08-03
JBIO,1.0,19.15,651162,660228,12.47,14.42,0.9,-1.2,-1.9,중립,음봉,잔구간,0.41,-0.405,2026-08-03
ANNX,1.0,5.25,2691798,2673278,14.13,12.83,1.1,-0.5,3.6,중립,양봉,잔구간,0.95,0.62,2026-08-03
ACHR,1.0,4.84,30668272,29965716,148.43,198.35,0.7,0.6,3.6,중립,양봉,잔구간,0.75,0.5,2026-08-03
VOXR,1.0,4.45,325653,333866,1.45,1.51,1.0,1.9,0.4,매수관심,양봉스프링,전고점부근,0.89,1.52,2026-08-03
CMPS,1.0,11.25,2774451,2718916,31.21,32.1,1.0,-0.8,-0.0,중립,팽이도지,잔구간,0.44,-0.035,2026-08-03
TSLZ,1.0,16.03,1543711,1578138,24.75,39.9,0.6,-0.2,-6.9,매도주의,장대음봉,잔구간,0.17,-1.2,2026-08-03
ARKO,1.0,7.59,538004,532442,4.08,4.26,1.0,0.9,-5.8,강한매도,장대음봉,전저점이탈,0.03,-3.31,2026-08-03
OSPN,1.0,15.87,380819,372359,6.04,5.77,1.0,1.8,0.7,매수관심,양봉,완만한상승,0.7,1.84,2026-08-03
NKLR,1.0,5.13,432460,439502,2.22,3.29,0.7,0.0,-0.2,중립,망치형,잔구간,0.74,0.645,2026-08-03
AAPD,1.0,11.46,13121506,13027835,150.37,137.51,1.1,-0.3,2.0,강한매수,장대양봉,완만한상승,0.91,3.39,2026-08-03
ZURA,1.0,5.52,435190,416418,2.4,2.69,0.9,0.6,1.1,강한매수,양봉스프링,완만한상승,0.91,2.89,2026-08-03
XRP,1.0,12.07,448914,445397,5.42,6.68,0.8,0.6,1.2,매수관심,양봉,완만한상승,0.7,1.84,2026-08-03
OEC,1.0,6.83,404626,410514,2.76,3.13,0.9,-9.3,11.5,강한매수,장대양봉,완만한상승,0.87,3.34,2026-08-03
NVDX,1.0,17.63,6959389,7063082,122.69,104.3,1.2,-3.2,9.3,강한매수,장대양봉,완만한상승,0.83,3.3,2026-08-03
RKLZ,1.0,4.04,6090915,6232239,24.61,31.71,0.8,4.7,-20.9,강한매도,장대음봉,전저점이탈,0.0,-3.35,2026-08-03
AGNC,1.0,10.64,23616055,22770772,251.27,253.21,1.0,0.4,-0.6,중립,음봉,잔구간,0.19,-0.535,2026-08-03
AGEN,1.0,7.82,1654258,1715537,12.94,12.94,1.0,2.0,2.2,매수관심,양봉,완만한상승,0.54,1.65,2026-08-03
AEVA,1.0,18.41,1551497,1559126,28.56,22.95,1.2,-1.4,6.5,강한매수,장대양봉,전고점돌파,0.89,3.97,2026-08-03
XE,1.0,17.39,5706542,5665617,99.24,103.56,1.0,-0.3,6.9,매수관심,양봉,완만한상승,0.64,1.77,2026-08-03
ABAT,1.0,2.14,3539318,3559282,7.57,7.01,1.1,-1.0,3.4,중립,양봉,잔구간,0.66,0.445,2026-08-03
ZENA,0.9,1.27,1513008,1641691,1.92,2.22,0.9,0.0,-0.8,중립,팽이도지,잔구간,0.29,-0.125,2026-08-03
XPRO,0.9,15.96,760074,887972,12.13,16.49,0.7,-1.9,2.0,매수관심,양봉,완만한상승,0.78,1.94,2026-08-03
ZGN,0.9,15.25,1020992,1119462,15.57,17.47,0.9,1.4,2.2,강한매수,장대양봉,전고점부근,0.96,2.1,2026-08-03
XPER,0.9,7.81,321519,358667,2.51,2.63,1.0,1.3,0.0,중립,팽이도지,전고점부근,0.45,-0.51,2026-08-03
XP,0.9,17.03,2870697,3078241,48.89,54.33,0.9,0.5,-0.6,중립,음봉,잔구간,0.36,-0.435,2026-08-03
SLN,0.9,10.68,536744,630840,5.73,6.83,0.8,0.4,1.4,중립,위꼬리양봉,완만한상승,0.39,-0.23,2026-08-03
ASM,0.9,5.53,2259802,2577052,12.5,18.84,0.7,-0.9,4.7,매수관심,장대양봉,잔구간,0.95,1.27,2026-08-03
ASTL,0.9,3.92,1038020,1177391,4.07,4.92,0.8,0.5,1.3,매수관심,양봉,완만한상승,0.48,1.58,2026-08-03
APLE,0.9,16.56,3000686,3270912,49.69,51.54,1.0,0.2,0.1,중립,위꼬리양봉,잔구간,0.23,-0.66,2026-08-03
ARBE,0.9,0.705,1504452,1594508,1.06,0.76,1.4,2.2,5.4,매수관심,양봉,완만한상승,0.64,1.77,2026-08-03
WOOF,0.9,2.91,1279246,1451597,3.72,3.83,1.0,1.1,3.1,강한매수,장대양봉,전고점돌파,0.88,3.96,2026-08-03
NFXL,0.9,16.06,862422,985668,13.85,18.29,0.8,2.9,1.6,매수관심,양봉,완만한상승,0.66,1.79,2026-08-03
MX,0.9,3.47,871101,978109,3.02,3.23,0.9,-0.3,6.8,매수관심,장대양봉,잔구간,0.93,1.26,2026-08-03
NAT,0.9,6.43,3058991,3543990,19.67,23.14,0.9,-0.6,-0.9,중립,팽이도지,잔구간,0.45,-0.03,2026-08-03
NCNO,0.9,19.2,2312260,2610061,44.4,40.49,1.1,3.1,0.9,중립,양봉,전고점부근,0.65,0.43,2026-08-03
NEWP,0.9,4.78,365995,395124,1.75,2.12,0.8,0.4,2.6,매수관심,양봉,전고점부근,0.97,0.81,2026-08-03
NRGV,0.9,3.05,3348314,3915655,10.21,12.02,0.8,0.0,7.0,강한매수,장대양봉,완만한상승,0.76,3.21,2026-08-03
NTSK,0.9,13.36,3063856,3314451,40.93,47.13,0.9,1.4,4.7,강한매수,장대양봉,전고점돌파,0.96,4.05,2026-08-03
NUAI,0.9,5.1,5370638,5977971,27.39,45.17,0.6,-5.4,15.6,매수관심,장대양봉,잔구간,0.99,1.295,2026-08-03
NUS,0.9,5.16,371606,422761,1.92,2.37,0.8,1.9,-2.5,중립,음봉,잔구간,0.04,-0.625,2026-08-03
BETA,0.9,19.39,1198473,1277109,23.24,26.14,0.9,0.2,2.2,강한매수,양봉,전고점돌파,0.59,2.31,2026-08-03
AXIA,0.9,10.56,1596568,1816674,16.86,20.43,0.8,-0.3,1.1,강한매수,양봉,완만한상승,0.87,2.04,2026-08-03
BITU,0.9,9.32,3616736,3899345,33.71,38.84,0.9,-0.9,3.6,매수관심,장대양봉,잔구간,0.86,1.215,2026-08-03
BITX,0.9,11.99,6176746,6858342,74.06,90.28,0.8,-0.9,3.8,매수관심,장대양봉,잔구간,0.85,1.21,2026-08-03
BLOX,0.9,13.86,343738,403933,4.76,4.89,1.0,-0.8,4.5,매수관심,장대양봉,잔구간,0.9,1.24,2026-08-03
BBDC,0.9,8.41,363485,403669,3.06,3.87,0.8,0.6,1.3,강한매수,장대양봉,완만한상승,0.88,3.36,2026-08-03
BORR,0.9,3.93,3411192,3704795,13.41,14.98,0.9,-1.2,-1.3,중립,음봉,잔구간,0.31,-0.465,2026-08-03
VYX,0.9,8.64,1448067,1689062,12.51,13.84,0.9,2.3,2.1,강한매수,장대양봉,완만한상승,0.84,3.31,2026-08-03
BSOL,0.9,10.11,1773855,2058640,17.93,24.59,0.7,-0.7,2.1,매수관심,장대양봉,잔구간,0.89,1.235,2026-08-03
PEB,0.9,19.39,2069029,2402141,40.12,45.0,0.9,1.4,0.2,매수관심,팽이도지,완만한상승,0.55,0.96,2026-08-03
PAGS,0.9,9.6,2135929,2402803,20.5,25.34,0.8,0.9,-1.3,중립,음봉,잔구간,0.16,-0.555,2026-08-03
MRAM,0.9,15.45,927377,1011699,14.33,15.97,0.9,-1.9,8.4,매수관심,장대양봉,잔구간,0.9,1.24,2026-08-03
MRTN,0.9,14.91,854186,900346,12.74,12.18,1.0,0.8,0.0,매수관심,양봉스프링,잔구간,0.82,0.94,2026-08-03
NBIG,0.9,17.99,3865415,4100717,69.54,50.93,1.4,-6.8,32.4,매수관심,장대양봉,잔구간,0.81,1.185,2026-08-03
MSTU,0.9,1.81,94094083,110340219,170.31,207.37,0.8,-3.4,6.5,중립,양봉,잔구간,0.78,0.52,2026-08-03
MSTW,0.9,3.22,376025,404477,1.21,1.36,0.9,-1.6,1.9,매수관심,양봉,수횡파,0.77,1.62,2026-08-03
MSTZ,0.9,11.53,8396493,9450696,96.81,101.73,1.0,2.9,-6.1,중립,음봉,잔구간,0.24,-0.505,2026-08-03
MUD,0.9,12.27,13960030,16054554,171.29,167.14,1.0,4.5,-5.1,매도주의,장대음봉,잔구간,0.11,-1.235,2026-08-03
MUZ,0.9,13.41,16137792,17963511,216.41,232.43,0.9,8.8,-9.7,매도주의,장대음봉,잔구간,0.1,-1.24,2026-08-03
TSDD,0.9,10.62,9111782,10425169,96.77,166.73,0.6,0.0,-7.1,매도주의,장대음봉,잔구간,0.16,-1.205,2026-08-03
PLTD,0.9,8.08,33614665,35979664,271.61,308.34,0.9,-2.9,0.9,중립,양봉,잔구간,0.38,0.28,2026-08-03
PLUG,0.9,2.08,48915829,55271040,101.74,96.68,1.1,-1.5,2.5,중립,양봉,잔구간,0.8,0.53,2026-08-03
PML,0.9,7.28,347776,395536,2.53,3.02,0.8,0.5,-0.8,매도주의,장대음봉,잔구간,0.0,-1.3,2026-08-03
PMT,0.9,9.44,1269014,1381282,11.98,15.71,0.8,-0.6,0.7,중립,위꼬리양봉,완만한상승,0.29,-0.35,2026-08-03
MGNX,0.9,3.82,497661,540091,1.9,2.99,0.6,0.8,2.7,중립,양봉,잔구간,0.76,0.505,2026-08-03
LYFT,0.9,16.38,10260615,11211238,168.07,195.34,0.9,1.0,2.2,강한매수,장대양봉,전고점돌파,0.96,4.05,2026-08-03
MITK,0.9,16.99,536502,587678,9.12,11.78,0.8,2.5,-0.7,중립,음봉,완만한상승,0.29,-0.05,2026-08-03
TJGC,0.9,5.3,375808,415102,1.99,3.21,0.6,-1.1,1.9,중립,양봉,전고점부근,0.53,0.29,2026-08-03
TLRY,0.9,4.64,5998174,6486559,27.83,23.04,1.2,2.4,-0.2,중립,위꼬리음봉,전고점돌파,0.14,-0.43,2026-08-03
TME,0.9,9.53,6191830,6658608,59.01,57.81,1.0,0.9,-0.0,강한매수,망치형,완만한상승,0.79,2.25,2026-08-03
BTG,0.9,3.85,15035186,16179872,57.89,67.34,0.9,0.5,2.1,강한매수,장대양봉,완만한상승,1.0,3.5,2026-08-03
CCC,0.9,6.3,9709245,10821639,61.17,65.2,0.9,2.3,1.1,강한매수,양봉스프링,완만한상승,0.79,2.75,2026-08-03
CCCC,0.9,3.5,2244210,2478608,7.85,9.69,0.8,0.6,0.0,매수관심,양봉스프링,잔구간,0.8,0.93,2026-08-03
BV,0.9,13.49,635131,693307,8.57,9.55,0.9,1.5,1.9,매수관심,장대양봉,잔구간,0.91,1.245,2026-08-03
CHPT,0.9,5.52,318819,341501,1.76,2.07,0.9,-0.4,1.5,중립,양봉,잔구간,0.58,0.4,2026-08-03
CBRG,0.9,4.89,8647581,9604688,42.29,52.53,0.8,-7.1,30.7,매수관심,장대양봉,잔구간,0.94,1.265,2026-08-03
VNDA,0.9,5.23,719844,775328,3.76,4.19,0.9,0.0,2.5,중립,양봉,잔구간,0.88,0.58,2026-08-03
VNM,0.9,17.5,717968,818358,12.56,13.26,0.9,2.6,0.5,강한매수,장대양봉,전고점돌파,0.85,3.92,2026-08-03
VTRS,0.9,17.63,8797332,9682534,155.1,169.5,0.9,1.0,-0.6,중립,망치형,잔구간,0.71,0.625,2026-08-03
KODK,0.9,8.46,653315,695858,5.53,6.56,0.8,-0.6,1.3,매수관심,장대양봉,전고점부근,0.81,1.92,2026-08-03
KREF,0.9,7.23,930905,1013833,6.73,11.73,0.6,1.4,2.4,매수관심,장대양봉,잔구간,0.76,1.155,2026-08-03
KURA,0.9,9.19,1154634,1301226,10.61,11.6,0.9,0.1,1.9,중립,양봉,잔구간,0.95,0.62,2026-08-03
LILAK,0.9,8.29,1226780,1360601,10.17,9.78,1.0,1.4,1.3,매수관심,양봉,완만한상승,0.56,1.67,2026-08-03
KYTX,0.9,7.51,822340,955924,6.18,6.57,0.9,0.1,2.8,강한매수,양봉,완만한상승,0.96,2.15,2026-08-03
LADR,0.9,9.66,1126636,1301879,10.88,13.44,0.8,0.3,0.7,중립,양봉,잔구간,0.39,0.285,2026-08-03
LPL,0.9,3.07,3706758,3997057,11.38,10.57,1.1,3.0,-0.6,중립,팽이도지,잔구간,0.41,-0.055,2026-08-03
TOYO,0.9,5.35,535148,590381,2.86,3.2,0.9,0.0,3.9,강한매수,양봉,완만한상승,1.0,2.2,2026-08-03
SANA,0.9,3.18,2490023,2736288,7.92,7.94,1.0,0.3,1.3,강한매수,양봉스프링,완만한상승,0.9,2.88,2026-08-03
SBS,0.9,5.43,6227074,7036903,33.81,35.81,0.9,0.7,-1.1,중립,음봉,잔구간,0.6,-0.29,2026-08-03
SBSW,0.9,8.94,4179947,4420125,37.37,39.81,0.9,-2.7,4.0,강한매수,장대양봉,완만한상승,0.98,3.48,2026-08-03
CLSK,0.9,14.65,19269589,20603153,282.3,328.0,0.9,-1.8,8.4,매수관심,장대양봉,잔구간,0.94,1.265,2026-08-03
CLYM,0.9,11.81,847528,924268,10.01,12.19,0.8,0.7,-1.5,중립,망치형,잔구간,0.72,0.63,2026-08-03
COLD,0.9,14.11,3170524,3450843,44.74,60.08,0.7,0.1,0.0,매수관심,팽이도지,완만한상승,0.66,1.09,2026-08-03
CRDL,0.9,1.31,778736,907045,1.02,1.01,1.0,1.6,1.6,강한매수,양봉스프링,완만한상승,0.83,2.8,2026-08-03
CRDU,0.9,13.76,1166378,1362129,16.05,16.18,1.0,-6.1,17.8,매수관심,장대양봉,잔구간,0.93,1.26,2026-08-03
SVC,0.9,7.88,1330881,1486309,10.49,14.02,0.7,1.1,-3.0,매도주의,장대음봉,전저점부근,0.12,-1.71,2026-08-03
SVV,0.9,10.63,678306,777158,7.21,6.82,1.1,0.5,3.1,강한매수,장대양봉,전고점돌파,0.8,3.86,2026-08-03
TALO,0.9,14.87,1697251,1940927,25.24,29.89,0.8,-4.0,2.1,중립,양봉,잔구간,0.62,0.42,2026-08-03
TU,0.9,9.59,8452251,9283105,81.06,103.88,0.8,-1.6,1.9,강한매수,양봉,완만한상승,0.89,2.07,2026-08-03
TV,0.9,2.8,1019252,1092781,2.85,3.1,0.9,0.0,0.0,매수관심,팽이도지,완만한상승,0.68,1.12,2026-08-03
KBDC,0.9,13.67,323374,355644,4.42,4.42,1.0,1.3,1.5,강한매수,양봉,완만한상승,0.87,2.04,2026-08-03
KD,0.9,13.92,4420854,5035787,61.54,54.88,1.1,2.9,-0.1,매도주의,위꼬리음봉,완만한상승,0.11,-1.07,2026-08-03
KEEL,0.9,4.2,29734501,34977720,124.88,141.39,0.9,-1.8,7.7,중립,양봉,잔구간,0.83,0.55,2026-08-03
PRTA,0.9,8.33,566000,609026,4.71,5.17,0.9,0.6,2.0,중립,양봉,잔구간,0.85,0.56,2026-08-03
KLC,0.9,5.41,390365,433710,2.11,2.32,0.9,2.1,-0.9,매수관심,팽이도지,완만한상승,0.46,0.85,2026-08-03
RXRX,0.9,3.18,14721699,17242253,46.82,52.76,0.9,1.0,5.0,강한매수,장대양봉,전고점돌파,0.9,3.98,2026-08-03
RYLD,0.9,16.18,542167,603598,8.77,10.07,0.9,0.4,0.7,강한매수,장대양봉,전고점돌파,0.92,4.0,2026-08-03
CWK,0.9,13.57,1567289,1698758,21.27,30.26,0.7,-2.4,3.6,강한매수,장대양봉,완만한상승,0.75,3.2,2026-08-03
DPRO,0.9,4.22,482797,567812,2.04,3.04,0.7,-1.4,3.4,매수관심,장대양봉,잔구간,0.75,1.15,2026-08-03
VFS,0.9,3.16,372742,400237,1.18,1.27,0.9,1.6,0.0,중립,팽이도지,완만한상승,0.38,0.76,2026-08-03
VIR,0.9,8.9,1241592,1402155,11.05,13.61,0.8,2.9,-0.1,매수관심,팽이도지,완만한상승,0.69,1.13,2026-08-03
PTEN,0.9,10.27,9029057,10022394,92.73,105.99,0.9,-1.9,-0.1,중립,팽이도지,잔구간,0.7,0.12,2026-08-03
HPK,0.9,7.03,373128,409931,2.62,3.22,0.8,-2.5,0.9,중립,팽이도지,잔구간,0.72,0.13,2026-08-03
HRZN,0.9,4.51,423590,469703,1.91,2.25,0.8,0.7,3.7,강한매수,장대양봉,완만한상승,0.95,3.44,2026-08-03
IBRX,0.9,7.15,8755817,9941998,62.6,66.27,0.9,0.1,-0.4,매도주의,위꼬리음봉,잔구간,0.16,-0.955,2026-08-03
IBX,0.9,16.53,719459,844984,11.89,18.11,0.7,4.2,-2.1,매도주의,장대음봉,완만한상승,0.32,-1.32,2026-08-03
IE,0.9,9.7,1307941,1468928,12.69,18.36,0.7,-0.5,6.6,강한매수,장대양봉,전고점돌파,0.97,4.06,2026-08-03
IREX,0.9,14.33,1564919,1680012,22.43,22.84,1.0,-2.4,18.7,매수관심,장대양봉,잔구간,0.92,1.25,2026-08-03
IMSR,0.9,5.06,1829653,1969371,9.26,12.64,0.7,-1.4,4.5,중립,양봉,잔구간,0.88,0.58,2026-08-03
INFQ,0.9,10.98,8167361,9050668,89.68,88.94,1.0,0.4,11.2,강한매수,장대양봉,전고점돌파,0.97,4.06,2026-08-03
JANX,0.9,15.32,558943,643825,8.56,12.19,0.7,0.5,0.5,중립,팽이도지,잔구간,0.73,0.14,2026-08-03
IPSC,0.9,1.98,572027,625323,1.13,1.42,0.8,1.5,-3.4,매도주의,장대음봉,잔구간,0.3,-1.12,2026-08-03
RELL,0.9,19.65,403075,425106,7.92,9.03,0.9,0.7,6.7,강한매수,장대양봉,완만한상승,0.89,3.37,2026-08-03
QFIN,0.9,13.86,932880,1000833,12.93,11.15,1.2,0.4,-0.6,중립,망치형,잔구간,0.59,0.555,2026-08-03
QSI,0.9,0.746,2706253,2928849,2.02,1.94,1.0,1.1,3.6,중립,양봉,잔구간,0.72,0.48,2026-08-03
QTRX,0.9,3.71,383623,419201,1.42,1.65,0.9,1.1,5.4,매수관심,장대양봉,잔구간,0.89,1.235,2026-08-03
UAA,0.9,6.78,6290482,7277427,42.65,50.59,0.8,1.8,0.1,중립,위꼬리양봉,완만한상승,0.27,-0.38,2026-08-03
UNG,0.9,10.11,6815082,7979384,68.9,82.43,0.8,0.5,0.0,강한매수,양봉스프링,완만한상승,0.82,2.78,2026-08-03
UPWK,0.9,9.54,2931974,3178964,27.97,30.19,0.9,4.4,-0.3,매수관심,팽이도지,완만한상승,0.58,1.0,2026-08-03
HIMX,0.9,12.78,1328881,1534873,16.98,16.47,1.0,-3.6,5.7,강한매수,장대양봉,완만한상승,0.82,3.28,2026-08-03
HIX,0.9,3.89,310908,345184,1.21,1.43,0.8,0.0,0.3,중립,위꼬리양봉,잔구간,0.25,-0.65,2026-08-03
SSL,0.9,11.24,829555,971815,9.32,13.26,0.7,-3.5,-0.4,중립,망치형,잔구간,0.59,0.555,2026-08-03
STNE,0.9,11.35,2818534,3042860,31.99,36.28,0.9,0.7,-0.9,중립,음봉,잔구간,0.43,-0.39,2026-08-03
DSGN,0.9,12.76,477911,516870,6.1,5.61,1.1,-1.1,6.0,강한매수,장대양봉,완만한상승,0.96,3.45,2026-08-03
DUOT,0.9,9.07,958670,1019656,8.7,7.14,1.2,0.5,4.9,중립,양봉,잔구간,0.54,0.375,2026-08-03
DVLT,0.9,0.356,9839091,10728165,3.51,4.23,0.8,-0.1,4.9,매수관심,장대양봉,잔구간,0.96,1.275,2026-08-03
DXC,0.9,10.97,4683604,5092430,51.38,49.19,1.0,2.8,-5.1,중립,음봉,잔구간,0.02,-0.64,2026-08-03
EAF,0.9,7.49,340689,383494,2.55,2.76,0.9,1.5,9.8,강한매수,장대양봉,완만한상승,0.88,3.36,2026-08-03
ERY,0.9,10.66,1087234,1176123,11.59,11.99,1.0,3.1,-0.4,중립,팽이도지,잔구간,0.5,0.0,2026-08-03
FMNB,0.9,15.98,435969,470192,6.97,7.51,0.9,0.9,-0.2,중립,팽이도지,완만한상승,0.37,0.74,2026-08-03
GLNK,0.9,7.285,344101,376981,2.51,2.63,1.0,0.8,-0.1,중립,팽이도지,잔구간,0.25,-0.15,2026-08-03
GBTG,0.9,9.43,1102011,1170723,10.39,11.45,0.9,0.0,-0.1,중립,음봉,잔구간,0.0,-0.65,2026-08-03
HCKT,0.9,11.31,306161,326140,3.46,4.16,0.8,1.8,3.7,강한매수,장대양봉,전고점부근,0.94,2.08,2026-08-03
RPC,0.9,9.13,426016,451494,3.89,3.99,1.0,1.7,4.1,강한매수,장대양봉,전고점돌파,0.79,3.85,2026-08-03
RR,0.9,1.52,5724562,6044163,8.7,8.61,1.0,0.0,7.0,매수관심,장대양봉,잔구간,0.87,1.22,2026-08-03
RETL,0.9,10.07,399769,452057,4.03,3.76,1.1,3.2,2.0,매수관심,양봉,완만한상승,0.57,1.68,2026-08-03
RGP,0.9,4.45,425722,463348,1.89,3.18,0.6,0.5,1.4,강한매수,양봉,전고점돌파,0.38,2.06,2026-08-03
EVEX,0.9,2.4,730165,837273,1.75,2.23,0.8,1.3,2.1,중립,양봉,잔구간,0.59,0.405,2026-08-03
EYPT,0.9,12.42,1479361,1629725,18.37,18.51,1.0,0.7,0.6,매수관심,양봉스프링,잔구간,0.82,0.94,2026-08-03
EOLS,0.9,6.05,587033,629560,3.55,3.62,1.0,1.2,2.4,매수관심,장대양봉,잔구간,0.96,1.275,2026-08-03
EQX,0.9,9.18,12418350,14038970,114.0,130.2,0.9,-0.3,2.9,매수관심,장대양봉,잔구간,0.97,1.28,2026-08-03
ERIC,0.9,10.08,11922236,13481853,120.18,143.89,0.8,1.6,1.1,강한매수,장대양봉,전고점돌파,0.93,4.02,2026-08-03
USAS,0.9,4.09,3530516,3890182,14.44,16.82,0.9,-1.0,8.2,매수관심,장대양봉,잔구간,1.0,1.3,2026-08-03
USOY,0.9,7.0,387096,429302,2.71,3.03,0.9,-5.3,0.7,중립,양봉,잔구간,0.77,0.51,2026-08-03
UUUU,0.9,12.15,5731958,6584968,69.64,72.54,1.0,0.1,6.1,매수관심,장대양봉,잔구간,0.91,1.245,2026-08-03
ETHT,0.9,10.1,1159423,1291293,11.71,15.5,0.8,-2.8,3.0,매수관심,장대양봉,잔구간,0.85,1.21,2026-08-03
ZSQR,0.9,5.14,309390,334209,1.59,1.98,0.8,4.4,2.4,매수관심,팽이도지,완만한상승,0.75,1.2,2026-08-03
SNDG,0.9,6.55,8652980,9737166,56.68,41.82,1.4,-8.1,22.9,매수관심,장대양봉,잔구간,0.87,1.22,2026-08-03
ADT,0.9,7.88,8821245,9349148,69.51,54.67,1.3,0.8,2.3,강한매수,장대양봉,전고점돌파,0.69,3.73,2026-08-03
AGNT,0.9,4.1,1802797,2004090,7.39,7.29,1.0,0.0,1.2,매수관심,양봉,완만한상승,0.5,1.6,2026-08-03
AGPU,0.9,8.44,316769,341616,2.67,8.02,0.3,1.1,-0.4,매도주의,위꼬리음봉,완만한상승,0.2,-0.96,2026-08-03
ALDX,0.9,1.53,784764,831130,1.2,1.6,0.8,0.6,-1.3,강한매수,망치형,수횡파,0.67,2.8,2026-08-03
ALTO,0.9,4.86,1713090,1861912,8.33,10.85,0.8,0.2,1.9,중립,양봉,잔구간,0.98,0.64,2026-08-03
NKTX,0.9,2.15,610000,696086,1.31,1.53,0.9,0.5,2.4,중립,양봉,잔구간,0.91,0.595,2026-08-03
ONDG,0.9,3.041,2499263,2689602,7.6,9.09,0.8,-2.1,25.6,매수관심,장대양봉,잔구간,0.92,1.25,2026-08-03
ONDS,0.9,8.37,55792297,60831919,466.98,862.96,0.5,-1.2,13.1,강한매수,장대양봉,전고점돌파,0.93,4.02,2026-08-03
NPKI,0.9,13.21,1147994,1216998,15.17,12.78,1.2,-0.7,6.5,매수관심,장대양봉,잔구간,0.92,1.25,2026-08-03
NVDY,0.9,12.3,2126046,2464667,26.15,28.31,0.9,-1.1,3.1,강한매수,장대양봉,완만한상승,0.82,3.28,2026-08-03
NVTS,0.9,11.52,16716927,19430875,192.58,183.82,1.0,-3.6,10.0,매수관심,장대양봉,잔구간,0.77,1.16,2026-08-03
ACHV,0.9,6.32,914033,1068211,5.78,6.18,0.9,-0.6,-0.9,중립,팽이도지,수횡파,0.4,0.48,2026-08-03
XMAX,0.8,8.78,570721,703885,5.01,4.85,1.0,0.0,1.9,매수관심,장대양봉,잔구간,0.87,1.22,2026-08-03
XXI,0.8,4.37,1350317,1642010,5.9,10.78,0.5,-0.2,2.6,중립,양봉,잔구간,0.45,0.32,2026-08-03
ABX,0.8,10.63,334481,429298,3.56,5.09,0.7,-0.3,3.4,강한매수,장대양봉,완만한상승,0.83,3.3,2026-08-03
ABSI,0.8,7.93,2220299,2734664,17.61,21.31,0.8,-1.0,3.0,매수관심,양봉,완만한상승,0.79,1.95,2026-08-03
OCGN,0.8,1.25,3549347,4514005,4.44,5.98,0.7,1.2,0.4,중립,팽이도지,수횡파,0.4,0.48,2026-08-03
ORBS,0.8,0.658,12682664,15209049,8.34,9.3,0.9,0.1,8.9,강한매수,장대양봉,전고점돌파,0.74,3.79,2026-08-03
NWBI,0.8,15.88,1074302,1277077,17.06,19.57,0.9,0.8,0.1,매수관심,팽이도지,완만한상승,0.7,1.14,2026-08-03
TDUP,0.8,6.21,1022587,1319389,6.35,8.27,0.8,1.6,5.8,강한매수,장대양봉,전고점돌파,0.9,3.98,2026-08-03
OMAH,0.8,18.96,819231,988127,15.53,19.26,0.8,0.5,0.3,매수관심,양봉,완만한상승,0.39,1.47,2026-08-03
SLDB,0.8,8.02,905525,1074493,7.26,8.33,0.9,-1.6,1.1,중립,팽이도지,잔구간,0.73,0.14,2026-08-03
SONO,0.8,15.77,2007761,2445208,31.66,35.81,0.9,2.8,4.6,강한매수,장대양봉,완만한상승,0.93,3.42,2026-08-03
AMPX,0.8,10.12,4597316,5749419,46.52,51.42,0.9,-1.7,7.2,강한매수,장대양봉,완만한상승,0.87,3.34,2026-08-03
ARLO,0.8,14.99,923132,1181656,13.84,14.98,0.9,1.0,0.9,중립,양봉,전고점부근,0.78,0.59,2026-08-03
ALLO,0.8,1.84,7039922,8430788,12.95,12.33,1.1,-0.5,-1.6,중립,음봉,잔구간,0.33,-0.45,2026-08-03
AIV,0.8,2.69,606398,763460,1.63,2.39,0.7,0.0,0.0,중립,위꼬리양봉,완만한상승,0.0,-0.7,2026-08-03
ANGX,0.8,4.21,896196,1177274,3.77,4.93,0.8,-0.7,4.5,매수관심,장대양봉,잔구간,0.86,1.215,2026-08-03
AESI,0.8,10.93,3979308,4984538,43.49,47.01,0.9,-3.2,4.7,매수관심,장대양봉,잔구간,0.83,1.2,2026-08-03
ZNTL,0.8,4.65,820500,1016222,3.82,5.74,0.7,1.1,-2.9,중립,음봉,잔구간,0.11,-0.585,2026-08-03
RIVN,0.8,15.355,22327451,27161956,342.84,445.46,0.8,1.2,-0.3,중립,팽이도지,완만한상승,0.37,0.74,2026-08-03
ERAS,0.8,17.84,2749390,3615802,49.05,64.0,0.8,-2.1,0.5,매수관심,양봉스프링,잔구간,0.83,0.95,2026-08-03
ENIC,0.8,4.51,395064,515413,1.78,2.48,0.7,-0.2,1.8,강한매수,장대양봉,완만한상승,0.91,3.39,2026-08-03
HDSN,0.8,6.23,344967,407060,2.15,2.45,0.9,2.3,0.8,중립,양봉,잔구간,0.67,0.45,2026-08-03
HAFN,0.8,7.61,799745,1051794,6.09,7.8,0.8,-0.7,-0.4,중립,망치형,잔구간,0.7,0.62,2026-08-03
GSOL,0.8,5.58,2150970,2862463,12.0,24.46,0.5,-0.7,2.0,매수관심,장대양봉,잔구간,0.8,1.18,2026-08-03
GROY,0.8,2.6,1618907,1927137,4.21,5.32,0.8,0.8,-0.8,중립,음봉,완만한상승,0.6,0.32,2026-08-03
GPRK,0.8,9.5,334162,430542,3.17,3.75,0.8,-2.6,0.0,중립,팽이도지,잔구간,0.35,-0.09,2026-08-03
FUTG,0.8,4.025,531924,648523,2.14,3.89,0.5,1.0,2.7,강한매수,양봉,전고점돌파,0.93,2.72,2026-08-03
GEVO,0.8,1.46,2365995,2840404,3.45,6.32,0.5,0.0,-1.4,중립,음봉,잔구간,0.17,-0.55,2026-08-03
GDXY,0.8,9.75,378239,491661,3.69,4.53,0.8,0.6,1.6,매수관심,장대양봉,잔구간,1.0,1.3,2026-08-03
GDRX,0.8,3.16,769892,924592,2.43,3.28,0.7,2.6,0.3,중립,위꼬리양봉,완만한상승,0.2,-0.46,2026-08-03
FNKO,0.8,5.78,1006553,1216404,5.82,5.52,1.1,1.7,-2.5,중립,음봉,잔구간,0.03,-0.63,2026-08-03
FDMT,0.8,10.09,463651,584384,4.68,7.09,0.7,-0.1,-0.8,중립,망치형,잔구간,0.64,0.585,2026-08-03
RKLX,0.8,19.11,2273313,2980302,43.44,52.09,0.8,-5.1,23.1,강한매수,장대양봉,완만한상승,0.98,3.48,2026-08-03
RNW,0.8,6.29,852445,1100258,5.36,6.63,0.8,0.0,1.1,매수관심,양봉,완만한상승,0.62,1.74,2026-08-03
EGY,0.8,5.27,866304,1042850,4.57,6.01,0.8,-3.9,2.9,매수관심,장대양봉,잔구간,0.8,1.18,2026-08-03
ECVT,0.8,12.05,821886,1040730,9.9,13.7,0.7,-0.6,0.5,중립,양봉,잔구간,0.5,0.35,2026-08-03
ETH,0.8,17.82,1249510,1647636,22.27,31.75,0.7,-1.4,1.5,매수관심,장대양봉,잔구간,0.86,1.215,2026-08-03
EBS,0.8,7.41,441012,563332,3.27,3.98,0.8,2.2,0.4,매수관심,양봉스프링,잔구간,0.98,1.04,2026-08-03
RLMD,0.8,5.3,1073351,1366804,5.69,8.35,0.7,-0.9,0.8,중립,팽이도지,잔구간,0.6,0.06,2026-08-03
RLAY,0.8,18.78,1603566,1992060,30.11,42.0,0.7,-1.3,1.0,매수관심,양봉스프링,잔구간,0.96,1.025,2026-08-03
SRXH,0.8,1.44,1066491,1335634,1.54,3.13,0.5,-0.7,5.1,중립,양봉,잔구간,0.71,0.475,2026-08-03
HLN,0.8,9.8,13100336,16502086,128.38,146.18,0.9,1.0,-1.7,매도주의,장대음봉,잔구간,0.12,-1.23,2026-08-03
HLLY,0.8,2.76,488814,581637,1.35,1.66,0.8,1.1,2.2,매수관심,양봉,완만한상승,0.75,1.9,2026-08-03
HLIT,0.8,11.8,1057208,1361933,12.48,15.14,0.8,-0.5,2.7,강한매수,장대양봉,완만한상승,0.93,3.42,2026-08-03
GSBD,0.8,8.82,682358,845372,6.02,6.44,0.9,0.3,2.1,강한매수,장대양봉,완만한상승,0.9,3.38,2026-08-03
URG,0.8,1.26,5587974,6982325,7.04,8.56,0.8,0.0,3.3,중립,양봉,잔구간,0.71,0.475,2026-08-03
UNCY,0.8,5.055,588065,733688,2.97,4.23,0.7,-0.2,1.1,중립,팽이도지,잔구간,0.6,0.06,2026-08-03
REAL,0.8,12.53,2037398,2454072,25.53,29.63,0.9,1.7,2.0,강한매수,장대양봉,전고점돌파,0.68,3.72,2026-08-03
IONL,0.8,13.26,807299,975746,10.7,9.66,1.1,-3.2,17.0,강한매수,장대양봉,전고점돌파,0.73,3.78,2026-08-03
JBS,0.8,13.76,5714568,7122671,78.63,75.55,1.0,-0.6,-1.2,중립,음봉,잔구간,0.44,-0.385,2026-08-03
IVVD,0.8,0.552,2455493,3061903,1.35,2.02,0.7,3.9,-0.8,매도주의,위꼬리음봉,잔구간,0.19,-0.935,2026-08-03
HTLD,0.8,12.25,650531,821822,7.97,10.62,0.8,0.0,0.2,중립,위꼬리양봉,전저점부근,0.26,-0.54,2026-08-03
QCML,0.8,12.92,527992,631011,6.82,8.37,0.8,-0.8,6.2,중립,양봉,잔구간,0.99,0.645,2026-08-03
DJT,0.8,10.01,4355269,5401795,43.6,47.03,0.9,0.5,1.0,중립,팽이도지,완만한상승,0.39,0.77,2026-08-03
VLY,0.8,14.5,5559352,7064478,80.61,114.35,0.7,0.7,0.8,매수관심,양봉,완만한상승,0.77,1.92,2026-08-03
VLN,0.8,1.63,640208,840854,1.04,1.41,0.7,-1.3,5.2,매수관심,장대양봉,잔구간,0.82,1.19,2026-08-03
VIVO,0.8,3.73,578739,682628,2.16,3.14,0.7,-2.0,6.6,강한매수,장대양봉,완만한상승,0.89,3.37,2026-08-03
VG,0.8,13.08,11548978,14589398,151.06,244.14,0.6,-5.1,3.0,중립,양봉,잔구간,0.62,0.42,2026-08-03
DRAL,0.8,9.11,448551,529712,4.09,6.23,0.7,-5.2,8.7,중립,양봉,잔구간,0.91,0.595,2026-08-03
DEI,0.8,11.9,1406770,1717260,16.74,20.45,0.8,0.0,0.7,중립,양봉,잔구간,0.63,0.43,2026-08-03
RZLV,0.8,2.57,6344087,7525373,16.3,17.91,0.9,0.4,5.3,강한매수,장대양봉,전고점돌파,0.87,3.94,2026-08-03
RWM,0.8,13.55,21968256,27422372,297.67,383.13,0.8,-0.5,-1.1,매도주의,장대음봉,전저점부근,0.15,-1.67,2026-08-03
RUN,0.8,10.43,7657644,9412552,79.87,95.39,0.8,0.1,6.2,강한매수,장대양봉,완만한상승,0.92,3.4,2026-08-03
JOBY,0.8,7.38,29320322,35215770,216.38,355.7,0.6,0.4,2.8,중립,양봉,잔구간,0.69,0.465,2026-08-03
ITUB,0.8,8.49,13177942,16332705,111.88,145.2,0.8,0.0,0.4,매수관심,양봉,완만한상승,0.7,1.84,2026-08-03
TTI,0.8,7.8,1755849,2190246,13.7,14.84,0.9,-2.6,4.0,강한매수,장대양봉,완만한상승,0.75,3.2,2026-08-03
TTD,0.8,18.3,14820530,18684267,271.22,291.19,0.9,3.4,-1.9,중립,음봉,완만한상승,0.08,-0.3,2026-08-03
TSLT,0.8,10.91,2971331,3612221,32.42,37.83,0.9,-0.7,7.7,매수관심,장대양봉,잔구간,0.82,1.19,2026-08-03
TAK,0.8,16.83,3154338,3998628,53.09,75.26,0.7,0.6,-2.1,매도주의,장대음봉,잔구간,0.0,-1.3,2026-08-03
CRK,0.8,13.41,2579833,3112141,34.6,34.07,1.0,0.1,1.1,강한매수,양봉스프링,완만한상승,0.78,2.74,2026-08-03
DBVT,0.8,13.58,304565,373360,4.14,4.97,0.8,-0.6,1.2,강한매수,양봉스프링,완만한상승,0.94,2.93,2026-08-03
CYRX,0.8,15.49,424397,502258,6.57,9.47,0.7,0.4,2.2,매수관심,장대양봉,잔구간,0.98,1.29,2026-08-03
COMP,0.8,11.75,8190722,10055915,96.24,125.32,0.8,1.4,1.7,매수관심,양봉,완만한상승,0.7,1.84,2026-08-03
COHH,0.8,6.69,482414,632575,3.23,3.02,1.1,-3.7,23.9,매수관심,장대양봉,잔구간,0.9,1.24,2026-08-03
CLB,0.8,10.71,635920,815422,6.81,9.79,0.7,-1.3,2.0,매수관심,장대양봉,잔구간,0.87,1.22,2026-08-03
SCZM,0.8,6.73,304646,367960,2.05,2.69,0.8,-1.1,5.3,강한매수,장대양봉,완만한상승,0.94,3.43,2026-08-03
SBET,0.8,6.22,7075721,9194075,44.01,53.3,0.8,-1.1,2.8,강한매수,양봉,완만한상승,0.83,2.0,2026-08-03
TNXP,0.8,10.665,347822,460303,3.71,5.12,0.7,1.0,5.5,매수관심,장대양봉,잔구간,0.97,1.28,2026-08-03
TMQ,0.8,3.2,924162,1094545,2.96,3.44,0.9,-0.3,2.6,중립,양봉,전고점부근,0.85,0.67,2026-08-03
LCID,0.8,7.7,9803110,11687687,75.48,115.98,0.7,1.3,3.0,매수관심,양봉,완만한상승,0.67,1.8,2026-08-03
LTBR,0.8,8.62,801528,1064268,6.91,9.78,0.7,-0.1,4.7,중립,양봉,잔구간,0.89,0.585,2026-08-03
LABD,0.8,9.29,6994735,8908991,64.98,66.48,1.0,-0.3,-0.2,매도주의,위꼬리음봉,잔구간,0.18,-0.94,2026-08-03
KYIV,0.8,13.68,420654,500872,5.75,6.93,0.8,1.3,-0.4,중립,팽이도지,수횡파,0.5,0.6,2026-08-03
LFMD,0.8,3.73,599755,727429,2.24,3.21,0.7,3.1,3.3,매수관심,장대양봉,잔구간,0.94,1.265,2026-08-03
KOPN,0.8,3.74,2932862,3555240,10.97,14.58,0.8,0.7,5.5,중립,양봉,잔구간,0.88,0.58,2026-08-03
SHMD,0.8,4.26,330727,398541,1.41,1.68,0.8,1.2,3.1,강한매수,양봉,완만한상승,0.86,2.03,2026-08-03
VNET,0.8,7.15,4860987,6042274,34.76,32.27,1.1,-1.8,1.6,중립,양봉,잔구간,0.78,0.52,2026-08-03
CERT,0.8,8.18,3668401,4749018,30.01,29.44,1.0,2.2,-1.1,중립,음봉,완만한상승,0.42,0.1,2026-08-03
BW,0.8,9.52,3005526,3577919,28.61,29.62,1.0,-3.0,5.3,중립,양봉,잔구간,0.75,0.5,2026-08-03
SGRY,0.8,16.06,1257190,1636605,20.19,26.29,0.8,0.2,4.1,강한매수,장대양봉,완만한상승,0.91,3.39,2026-08-03
SGML,0.8,10.46,1253020,1536149,13.11,16.38,0.8,-1.7,7.8,매수관심,장대양봉,잔구간,0.96,1.275,2026-08-03
SKHL,0.8,7.2,3936895,5045156,28.35,29.64,1.0,-5.5,3.9,중립,양봉,잔구간,0.84,0.555,2026-08-03
TMC,0.8,3.67,3314389,4014660,12.16,13.52,0.9,-0.3,3.4,중립,양봉,잔구간,0.91,0.595,2026-08-03
MNSO,0.8,12.85,439852,581271,5.65,8.35,0.7,-0.2,-1.0,매도주의,장대음봉,잔구간,0.31,-1.115,2026-08-03
LXRX,0.8,2.33,2053054,2578249,4.78,6.18,0.8,-0.9,1.7,중립,양봉,잔구간,0.92,0.6,2026-08-03
TSHA,0.8,5.78,1963182,2463804,11.35,12.94,0.9,0.5,-1.9,중립,음봉,잔구간,0.45,-0.38,2026-08-03
TRVI,0.8,17.9,1255643,1583833,22.48,32.53,0.7,0.4,-2.3,중립,음봉,잔구간,0.43,-0.39,2026-08-03
PBR,0.8,19.06,11126193,14273785,212.07,264.54,0.8,-2.1,0.3,중립,팽이도지,잔구간,0.47,-0.02,2026-08-03
MUX,0.8,17.83,550370,703153,9.81,13.08,0.8,-1.0,4.1,매수관심,장대양봉,잔구간,0.97,1.28,2026-08-03
MULL,0.8,16.71,10191093,12286169,170.29,198.13,0.9,-9.3,11.8,매수관심,장대양봉,잔구간,0.88,1.23,2026-08-03
PAR,0.8,17.34,642958,761842,11.15,14.75,0.8,1.5,0.8,중립,위꼬리양봉,완만한상승,0.17,-0.5,2026-08-03
PGX,0.8,10.75,2315320,2803937,24.89,32.98,0.8,0.1,0.1,중립,위꼬리양봉,완만한상승,0.25,-0.4,2026-08-03
MH,0.8,11.49,511215,612125,5.87,5.74,1.0,1.6,3.1,강한매수,장대양봉,전고점부근,0.91,2.04,2026-08-03
BTCZ,0.8,5.485,12803156,16906799,70.23,105.31,0.7,1.1,-4.1,매도주의,장대음봉,잔구간,0.12,-1.23,2026-08-03
BSCV,0.8,16.25,333226,415340,5.41,8.1,0.7,0.3,-0.1,중립,음봉,완만한상승,0.6,0.32,2026-08-03
BSCU,0.8,16.535,546239,672993,9.03,11.23,0.8,0.2,0.0,강한매수,양봉스프링,완만한상승,0.75,2.7,2026-08-03
WEAV,0.8,6.75,754797,942521,5.09,6.37,0.8,2.8,0.4,매수관심,팽이도지,완만한상승,0.59,1.01,2026-08-03
BBD,0.8,3.62,20211868,26849735,73.17,101.51,0.7,0.0,0.3,강한매수,양봉스프링,완만한상승,0.77,2.72,2026-08-03
BKKT,0.8,7.35,667308,797239,4.9,6.67,0.7,-1.5,4.1,중립,양봉,잔구간,0.84,0.555,2026-08-03
BIZD,0.8,12.74,2426869,2869723,30.92,36.52,0.8,0.8,1.9,강한매수,장대양봉,전고점돌파,0.86,3.93,2026-08-03
NVAX,0.8,7.41,2580452,3052346,19.12,21.74,0.9,0.7,0.5,중립,팽이도지,잔구간,0.43,-0.04,2026-08-03
NOMD,0.8,12.05,889247,1184081,10.72,19.32,0.6,1.6,-0.3,중립,팽이도지,완만한상승,0.33,0.7,2026-08-03
NNBR,0.8,3.62,978304,1272923,3.54,5.38,0.7,2.4,6.8,강한매수,장대양봉,완만한상승,0.83,3.3,2026-08-03
NAK,0.8,1.46,4029332,5033983,5.88,7.1,0.8,1.4,2.8,중립,양봉,잔구간,0.66,0.445,2026-08-03
NEXT,0.8,6.6,2995991,3903477,19.77,23.47,0.8,-3.0,1.2,중립,양봉,잔구간,0.77,0.51,2026-08-03
NEXN,0.8,10.29,374512,484003,3.85,4.84,0.8,0.5,-0.4,매도주의,위꼬리음봉,완만한상승,0.08,-1.1,2026-08-03
ORN,0.8,9.99,718716,935720,7.18,9.71,0.7,-1.2,3.4,매수관심,장대양봉,잔구간,0.62,1.07,2026-08-03
AVS,0.8,7.514,15291367,18747690,114.91,131.6,0.9,1.5,-2.0,중립,음봉,잔구간,0.04,-0.625,2026-08-03
AVPT,0.8,13.36,1594720,1914693,21.31,27.4,0.8,2.8,-0.3,중립,위꼬리음봉,전고점돌파,0.24,-0.31,2026-08-03
APLX,0.8,11.19,1978081,2523692,22.13,17.98,1.2,-3.1,18.4,매수관심,장대양봉,잔구간,0.84,1.205,2026-08-03
ASST,0.8,11.8,2275636,3001649,26.85,33.6,0.8,0.3,5.9,매수관심,장대양봉,잔구간,0.84,1.205,2026-08-03
ASPN,0.8,4.73,898322,1187031,4.25,4.81,0.9,-0.9,3.1,중립,양봉,잔구간,0.72,0.48,2026-08-03
SMWB,0.8,7.28,446014,537084,3.25,4.77,0.7,0.7,0.8,중립,위꼬리양봉,완만한상승,0.36,-0.27,2026-08-03
SMR,0.8,9.01,27709780,33205205,249.67,284.93,0.9,0.6,6.4,매수관심,장대양봉,전고점부근,0.86,1.98,2026-08-03
SMMT,0.8,13.045,3451628,4114678,45.03,58.74,0.8,0.7,-0.5,중립,팽이도지,잔구간,0.57,0.04,2026-08-03
SMCL,0.8,10.62,516331,658225,5.48,13.08,0.4,-2.7,4.3,중립,양봉,잔구간,0.81,0.535,2026-08-03
SLI,0.8,2.07,1466685,1934166,3.04,3.56,0.9,0.5,1.0,중립,팽이도지,잔구간,0.7,0.12,2026-08-03
XNDU,0.8,11.31,879337,1061185,9.95,10.62,0.9,-0.6,5.8,매수관심,장대양봉,전고점부근,0.85,1.97,2026-08-03
XPOF,0.8,6.65,494738,596781,3.29,4.68,0.7,1.1,0.9,매수관심,양봉,완만한상승,0.63,1.76,2026-08-03
AAL,0.8,16.04,53645496,69455253,860.47,1353.4,0.6,3.3,1.7,강한매수,양봉,전고점돌파,0.5,2.2,2026-08-03
YEXT,0.7,5.68,739868,1014120,4.2,5.17,0.8,2.6,1.4,매수관심,양봉,완만한상승,0.61,1.73,2026-08-03
SNXX,0.7,10.43,115915629,175900393,1209.0,1511.35,0.8,-9.1,22.9,매수관심,장대양봉,잔구간,0.85,1.21,2026-08-03
YMM,0.7,9.72,4781363,6673157,46.47,60.66,0.8,0.4,2.0,강한매수,장대양봉,전고점부근,0.96,2.1,2026-08-03
YMAX,0.7,7.5,890908,1336475,6.68,9.76,0.7,-0.3,2.0,강한매수,장대양봉,전고점돌파,0.83,3.9,2026-08-03
RGNX,0.7,9.96,812898,1186368,8.1,13.87,0.6,0.6,2.2,매수관심,양봉스프링,잔구간,0.93,1.01,2026-08-03
SES,0.7,0.59,17515183,24409967,10.34,12.92,0.8,2.6,4.5,중립,위꼬리양봉,완만한상승,0.35,-0.28,2026-08-03
STLA,0.7,5.65,23771962,32266015,134.31,135.07,1.0,2.4,-4.2,매도주의,장대음봉,잔구간,0.17,-1.2,2026-08-03
SNDU,0.7,16.5,16246994,23559363,268.08,315.85,0.8,-9.9,25.3,매수관심,장대양봉,잔구간,0.87,1.22,2026-08-03
SK,0.7,18.67,816509,1254590,15.24,28.05,0.5,-5.3,4.1,중립,양봉,잔구간,0.87,0.57,2026-08-03
SPDN,0.7,8.6,39947145,58148470,343.55,433.77,0.8,-0.2,-1.0,강한매도,장대음봉,전저점이탈,0.18,-3.13,2026-08-03
SHNY,0.7,7.92,526091,791795,4.17,5.61,0.7,-1.4,1.4,강한매수,양봉,완만한상승,0.95,2.14,2026-08-03
SHC,0.7,17.99,1727276,2385477,31.07,54.4,0.6,-0.2,1.0,강한매수,양봉,전고점돌파,0.47,2.16,2026-08-03
LYG,0.7,6.26,11580550,16217520,72.49,101.57,0.7,0.8,0.6,중립,양봉,전고점부근,0.88,0.71,2026-08-03
LPTH,0.7,11.18,1859789,2687742,20.79,32.71,0.6,-0.5,8.3,강한매수,장대양봉,완만한상승,0.91,3.39,2026-08-03
LTRX,0.7,5.66,424566,597560,2.4,3.62,0.7,1.9,3.3,강한매수,장대양봉,전고점돌파,0.9,3.98,2026-08-03
LSPD,0.7,10.27,701742,968169,7.21,10.88,0.7,2.4,-0.8,매도주의,위꼬리음봉,완만한상승,0.1,-1.08,2026-08-03
MRLN,0.7,3.89,706479,949041,2.75,5.16,0.5,-1.3,4.6,매수관심,양봉,완만한상승,0.66,1.79,2026-08-03
MBLY,0.7,8.08,5776417,8668742,46.67,80.94,0.6,0.4,1.4,매수관심,양봉,완만한상승,0.69,1.83,2026-08-03
MNRO,0.7,12.75,981821,1352354,12.52,17.09,0.7,0.0,4.1,강한매수,장대양봉,완만한상승,0.68,3.12,2026-08-03
MMED,0.7,19.1,921664,1369466,17.6,20.6,0.9,2.4,3.4,강한매수,장대양봉,전고점돌파,0.88,3.96,2026-08-03
PATH,0.7,13.05,40939120,59137491,534.26,985.01,0.5,2.2,0.0,매수관심,팽이도지,전고점돌파,0.59,1.61,2026-08-03
OSS,0.7,13.06,826404,1210208,10.79,13.29,0.8,-1.9,8.8,강한매수,장대양봉,완만한상승,0.95,3.44,2026-08-03
OGG,0.7,2.4,783900,1200738,1.88,4.17,0.5,-0.8,1.3,중립,양봉,전고점부근,0.62,0.39,2026-08-03
OBE,0.7,10.16,613264,931399,6.23,11.1,0.6,-6.2,1.0,중립,양봉,잔구간,0.5,0.35,2026-08-03
OGN,0.7,13.56,1908392,2627291,25.88,38.3,0.7,0.1,-0.1,중립,음봉,완만한상승,0.6,0.32,2026-08-03
TETH,0.7,9.315,725614,1040054,6.76,16.92,0.4,-1.4,1.5,매수관심,장대양봉,잔구간,0.82,1.19,2026-08-03
NVD,0.7,4.7,64582635,91647393,303.54,448.44,0.7,3.0,-8.6,매도주의,장대음봉,잔구간,0.18,-1.19,2026-08-03
OI,0.7,7.45,3105104,4268986,23.13,30.16,0.8,2.1,2.1,중립,양봉,잔구간,0.93,0.61,2026-08-03
NOWL,0.7,5.51,16749268,24852516,92.29,112.35,0.8,5.8,-0.6,매도주의,위꼬리음봉,완만한상승,0.07,-1.12,2026-08-03
TH,0.7,15.79,932611,1273404,14.73,14.88,1.0,0.1,3.7,매수관심,장대양봉,잔구간,0.86,1.215,2026-08-03
QYLD,0.7,17.91,3489254,5112306,62.49,83.33,0.7,0.0,1.0,강한매수,장대양봉,전고점돌파,0.95,4.04,2026-08-03
PPTA,0.7,19.07,759241,1143174,14.48,20.74,0.7,-0.3,3.9,강한매수,장대양봉,전고점돌파,0.95,4.04,2026-08-03
RBBN,0.7,2.12,585312,800009,1.24,1.83,0.7,0.0,-0.9,중립,망치형,잔구간,0.5,0.5,2026-08-03
QNST,0.7,15.61,418635,627973,6.53,11.24,0.6,1.6,-0.9,매도주의,위꼬리음봉,완만한상승,0.06,-1.13,2026-08-03
RKT,0.7,13.68,18988742,27460655,259.77,388.66,0.7,2.9,3.1,강한매수,장대양봉,완만한상승,0.81,3.27,2026-08-03
RAM,0.7,10.71,13970230,19021879,149.62,175.69,0.9,-5.7,8.8,중립,양봉,잔구간,0.88,0.58,2026-08-03
MSTX,0.7,8.26,4374517,6569456,36.13,57.48,0.6,-3.4,6.3,중립,양봉,잔구간,0.75,0.5,2026-08-03
NB,0.7,4.46,2244758,3009698,10.01,10.72,0.9,-0.1,4.9,매수관심,장대양봉,잔구간,0.91,1.245,2026-08-03
NFGC,0.7,1.45,917224,1262313,1.33,1.76,0.8,-0.7,7.4,매수관심,장대양봉,잔구간,0.91,1.245,2026-08-03
NOV,0.7,19.48,3110248,4326827,60.59,85.25,0.7,-2.4,2.7,강한매수,장대양봉,완만한상승,0.86,3.33,2026-08-03
UROY,0.7,3.41,3066402,4631309,10.46,12.99,0.8,0.0,0.3,매수관심,팽이도지,완만한상승,0.48,0.88,2026-08-03
ETHE,0.7,15.08,1398982,2046034,21.1,26.81,0.8,-1.3,1.5,매수관심,장대양봉,잔구간,0.86,1.215,2026-08-03
FETH,0.7,18.61,1327039,1807573,24.7,29.89,0.8,-1.3,1.5,매수관심,장대양봉,잔구간,0.84,1.205,2026-08-03
FUN,0.7,17.62,1126237,1729120,19.84,31.14,0.6,0.5,1.2,매수관심,양봉,완만한상승,0.36,1.43,2026-08-03
WEN,0.7,7.53,5038481,6719788,37.94,48.2,0.8,0.7,1.6,매수관심,양봉,완만한상승,0.59,1.71,2026-08-03
CADL,0.7,10.07,879390,1194811,8.86,11.11,0.8,-0.4,1.0,강한매수,양봉스프링,완만한상승,0.84,2.81,2026-08-03
BMNU,0.7,10.31,2383935,3567590,24.58,41.52,0.6,-3.6,4.9,중립,양봉,잔구간,0.85,0.56,2026-08-03
AVTX,0.7,18.05,572280,869798,10.33,15.87,0.7,0.1,-1.2,중립,팽이도지,잔구간,0.32,-0.11,2026-08-03
BITO,0.7,8.63,99650670,133629738,859.99,1889.16,0.5,-0.6,1.9,매수관심,장대양봉,잔구간,0.83,1.2,2026-08-03
BTDR,0.7,11.37,9406518,12799638,106.95,108.63,1.0,-2.3,10.6,매수관심,장대양봉,잔구간,0.93,1.26,2026-08-03
BTX,0.7,8.25,432483,591737,3.57,4.43,0.8,-2.2,4.8,매수관심,장대양봉,잔구간,1.0,1.3,2026-08-03
CGEM,0.7,16.25,386607,537556,6.28,8.75,0.7,0.0,-1.5,중립,음봉,잔구간,0.34,-0.445,2026-08-03
ASAN,0.7,8.53,4969705,6741527,42.39,48.7,0.9,3.0,-0.5,매도주의,위꼬리음봉,완만한상승,0.14,-1.03,2026-08-03
ASPI,0.7,4.14,2700899,3697840,11.18,15.05,0.7,-1.0,4.5,중립,양봉,전고점부근,0.76,0.56,2026-08-03
AQN,0.7,5.74,2774184,4154921,15.92,23.94,0.7,0.3,-2.0,강한매도,장대음봉,전저점이탈,0.13,-3.19,2026-08-03
ARDT,0.7,10.75,412589,628535,4.44,5.96,0.7,0.9,-0.2,매수관심,팽이도지,완만한상승,0.47,0.86,2026-08-03
AMPG,0.7,4.78,1450772,2162645,6.93,12.11,0.6,-2.2,5.1,중립,양봉,잔구간,0.94,0.615,2026-08-03
AEHG,0.7,9.602,345563,512181,3.32,3.66,0.9,-15.8,54.4,강한매수,장대양봉,완만한상승,0.97,3.46,2026-08-03
AIBZ,0.7,6.78,485943,700171,3.29,3.42,1.0,-2.5,8.3,중립,양봉,잔구간,0.59,0.405,2026-08-03
AG,0.7,15.7,8642587,12222302,135.69,180.06,0.8,-0.8,5.3,매수관심,장대양봉,잔구간,0.99,1.295,2026-08-03
AAUC,0.7,19.1,799035,1084606,15.26,24.02,0.6,-0.4,5.2,매수관심,장대양봉,잔구간,0.79,1.175,2026-08-03
XNCR,0.7,19.4,714422,1051725,13.86,26.4,0.5,-0.7,-3.3,중립,음봉,잔구간,0.27,-0.49,2026-08-03
AADX,0.7,19.22,908818,1212866,17.47,19.45,0.9,-0.4,3.2,매수관심,양봉,완만한상승,0.66,1.79,2026-08-03
BLCO,0.7,16.77,429056,595517,7.2,8.74,0.8,0.5,-1.3,중립,음봉,잔구간,0.4,-0.41,2026-08-03
WHWK,0.7,3.96,328983,469590,1.3,1.66,0.8,0.8,2.1,중립,양봉,전고점부근,0.85,0.67,2026-08-03
WRD,0.7,5.9,1218274,1759996,7.19,9.77,0.7,-0.2,1.5,매수관심,양봉,완만한상승,0.77,1.92,2026-08-03
BEKE,0.7,17.29,2191632,3145206,37.89,56.49,0.7,1.4,0.6,강한매수,양봉,전고점돌파,0.93,2.72,2026-08-03
XFOR,0.7,4.09,364079,539110,1.49,2.33,0.6,0.8,2.0,강한매수,양봉,완만한상승,0.93,2.12,2026-08-03
CRMD,0.7,7.55,856103,1183253,6.46,7.65,0.8,0.9,-0.7,중립,망치형,잔구간,0.64,0.585,2026-08-03
CRVS,0.7,13.37,580664,842987,7.76,10.62,0.7,-0.7,1.5,매수관심,양봉,완만한상승,0.75,1.9,2026-08-03
CGBD,0.7,10.26,327226,467189,3.36,6.3,0.5,0.2,2.5,강한매수,장대양봉,완만한상승,0.83,3.3,2026-08-03
CSAN,0.7,3.23,818576,1208152,2.64,3.16,0.8,-0.3,0.6,강한매수,양봉스프링,완만한상승,0.75,2.7,2026-08-03
GSIT,0.7,6.07,531075,722679,3.22,3.91,0.8,0.2,8.0,매수관심,장대양봉,잔구간,0.91,1.245,2026-08-03
HBAN,0.7,17.36,20217765,27582852,350.98,546.13,0.6,0.4,1.5,매수관심,장대양봉,잔구간,0.96,1.275,2026-08-03
IGR,0.7,4.67,342962,462493,1.6,2.07,0.8,0.0,-0.2,중립,팽이도지,잔구간,0.33,-0.1,2026-08-03
HIVE,0.7,2.89,10653015,15974161,30.79,49.68,0.6,-1.1,3.2,중립,양봉,잔구간,0.73,0.49,2026-08-03
EIDO,0.7,12.47,792851,1122506,9.89,15.37,0.6,-0.1,0.9,매수관심,장대양봉,전고점부근,0.85,1.97,2026-08-03
VFF,0.7,1.94,597832,887151,1.16,1.42,0.8,0.5,0.5,중립,위꼬리양봉,완만한상승,0.18,-0.48,2026-08-03
DNN,0.7,2.88,17480173,24851114,50.34,65.23,0.8,-0.4,2.9,중립,양봉,잔구간,0.73,0.49,2026-08-03
DRN,0.7,11.24,558807,750159,6.28,8.18,0.8,1.0,-0.2,중립,팽이도지,잔구간,0.66,0.095,2026-08-03
ENTX,0.7,2.96,1102167,1487237,3.26,35.82,0.1,-2.7,1.7,중립,팽이도지,잔구간,0.69,0.115,2026-08-03
EROC,0.7,10.96,987072,1489360,10.82,16.92,0.6,0.5,6.3,중립,양봉,잔구간,0.7,0.47,2026-08-03
EVTL,0.7,1.27,1447963,2202482,1.84,3.53,0.5,1.6,0.8,중립,위꼬리양봉,잔구간,0.27,-0.64,2026-08-03
EVH,0.7,3.14,3383829,5081538,10.63,20.23,0.5,1.0,0.6,중립,위꼬리양봉,잔구간,0.29,-0.625,2026-08-03
GLWG,0.7,13.29,1496469,2230522,19.89,26.57,0.7,-5.5,18.7,매수관심,장대양봉,잔구간,0.92,1.25,2026-08-03
FRSH,0.7,11.77,7631130,11718053,89.82,150.24,0.6,3.5,0.2,강한매도,위꼬리양봉,전고점부근,0.18,-2.83,2026-08-03
FWRD,0.7,14.67,481816,652598,7.07,13.52,0.5,2.6,1.7,중립,양봉,잔구간,0.87,0.57,2026-08-03
IQST,0.7,1.09,922152,1417226,1.01,1.79,0.6,-1.0,5.8,매수관심,장대양봉,잔구간,0.7,1.12,2026-08-03
LBGJ,0.7,4.19,346231,516870,1.45,7.66,0.2,0.0,12.0,중립,양봉,잔구간,0.94,0.615,2026-08-03
LASE,0.7,0.993,1381586,1893817,1.37,5.58,0.2,1.0,0.3,중립,팽이도지,잔구간,0.4,-0.06,2026-08-03
LILA,0.7,8.41,534284,741219,4.49,5.14,0.9,1.1,2.1,강한매수,장대양봉,완만한상승,0.79,3.25,2026-08-03
LEGN,0.7,19.01,2045216,2885999,38.88,63.97,0.6,-0.5,3.0,매수관심,장대양봉,잔구간,0.78,1.17,2026-08-03
INVZ,0.7,0.41,3403166,4745377,1.4,1.96,0.7,0.2,-4.6,매도주의,장대음봉,잔구간,0.29,-1.125,2026-08-03
TSLX,0.7,17.72,347485,463602,6.16,7.89,0.8,1.1,2.1,강한매수,장대양봉,완만한상승,0.81,3.27,2026-08-03
ITG,0.7,13.53,403097,584361,5.45,6.78,0.8,1.0,3.5,매수관심,양봉,수횡파,1.0,1.9,2026-08-03
TTDU,0.7,2.65,637798,975602,1.69,2.72,0.6,6.8,-4.0,중립,음봉,완만한상승,0.03,-0.36,2026-08-03
MIST,0.6,1.12,935450,1477813,1.05,1.41,0.7,0.9,0.0,매수관심,양봉스프링,잔구간,1.0,1.05,2026-08-03
MCHB,0.6,17.01,622821,976750,10.59,15.71,0.7,0.5,0.8,강한매수,양봉,전고점돌파,0.42,2.1,2026-08-03
NG,0.6,5.94,2975752,4766816,17.68,40.7,0.4,-0.5,2.4,매수관심,양봉,완만한상승,0.81,1.97,2026-08-03
NU,0.6,14.44,30458356,54322532,439.82,1352.33,0.3,0.9,-0.1,매수관심,팽이도지,완만한상승,0.66,1.09,2026-08-03
DFDV,0.6,2.65,385094,615252,1.02,1.68,0.6,0.0,3.5,중립,양봉,잔구간,0.9,0.59,2026-08-03
BB,0.6,8.52,9656851,15172751,82.28,142.34,0.6,-1.2,1.4,중립,양봉,잔구간,0.68,0.46,2026-08-03
WNC,0.6,12.46,927834,1678917,11.56,17.7,0.7,0.8,-1.6,중립,음봉,잔구간,0.32,-0.46,2026-08-03
BATL,0.6,1.41,5251443,9445597,7.4,21.08,0.4,-6.9,4.4,매수관심,장대양봉,잔구간,1.0,1.3,2026-08-03
AMKL,0.6,7.07,356930,612553,2.52,4.07,0.6,-7.1,11.9,매수관심,장대양봉,잔구간,0.96,1.275,2026-08-03
BZ,0.6,16.46,2177030,3476459,35.83,53.51,0.7,0.9,0.2,매수관심,양봉스프링,전고점부근,0.77,1.37,2026-08-03
VZLA,0.6,3.26,2756133,4715223,8.98,15.55,0.6,-1.0,4.8,강한매수,장대양봉,완만한상승,0.91,3.39,2026-08-03
BMNR,0.6,17.42,21896706,34625439,381.44,650.31,0.6,-1.9,2.7,중립,양봉,잔구간,0.86,0.565,2026-08-03
CARS,0.6,12.09,413612,637964,5.0,7.44,0.7,2.7,-0.7,중립,팽이도지,완만한상승,0.3,0.66,2026-08-03
CYH,0.6,2.92,1290083,2084611,3.77,7.96,0.5,0.4,4.3,강한매수,장대양봉,완만한상승,0.67,3.1,2026-08-03
VUZI,0.6,2.4,607823,991055,1.46,2.15,0.7,0.9,2.1,매수관심,양봉,완만한상승,0.53,1.64,2026-08-03
VSTM,0.6,5.69,1288075,2050739,7.33,12.13,0.6,0.2,-2.1,중립,음봉,잔구간,0.42,-0.4,2026-08-03
CDXS,0.6,1.45,806006,1324672,1.17,3.58,0.3,0.0,3.6,중립,양봉,잔구간,0.5,0.35,2026-08-03
BYRN,0.6,4.9,899457,1610843,4.41,4.54,1.0,0.7,7.0,강한매수,장대양봉,전고점돌파,0.8,3.86,2026-08-03
UTZ,0.6,14.17,2584296,4212045,36.62,163.75,0.2,0.4,0.0,강한매수,양봉스프링,완만한상승,0.75,2.7,2026-08-03
ETHW,0.6,13.36,668515,1200084,8.93,14.26,0.6,-1.3,1.4,매수관심,장대양봉,잔구간,0.85,1.21,2026-08-03
F,0.6,14.43,42705050,67867402,616.23,938.89,0.7,1.6,-3.2,매도주의,장대음봉,잔구간,0.0,-1.3,2026-08-03
IAG,0.6,14.75,3238288,5170193,47.76,76.33,0.6,-0.4,4.4,매수관심,장대양봉,잔구간,0.97,1.28,2026-08-03
KORU,0.6,15.87,36951899,64448363,586.43,707.3,0.8,-1.5,7.4,중립,양봉,잔구간,0.91,0.595,2026-08-03
JBLU,0.6,6.23,31817928,57519675,198.23,266.77,0.7,2.2,1.1,강한매도,위꼬리양봉,전고점부근,0.29,-2.7,2026-08-03
KLRA,0.6,17.32,357529,553688,6.19,9.32,0.7,0.7,1.5,매수관심,양봉,완만한상승,0.69,1.83,2026-08-03
LI,0.6,13.12,2650222,4137195,34.77,48.3,0.7,-3.7,-0.1,중립,팽이도지,잔구간,0.32,-0.11,2026-08-03
INMD,0.6,15.35,394622,634241,6.06,8.32,0.7,1.0,0.4,매수관심,양봉,완만한상승,0.68,1.82,2026-08-03
IRE,0.6,10.09,6402135,11223593,64.6,105.57,0.6,-1.8,17.8,매수관심,장대양봉,잔구간,0.91,1.245,2026-08-03
HL,0.6,14.43,19923323,33163570,287.49,675.62,0.4,-1.3,3.5,매수관심,장대양봉,잔구간,0.87,1.22,2026-08-03
HYLN,0.6,3.77,1670228,2590799,6.3,10.6,0.6,-0.8,6.8,중립,양봉,잔구간,0.82,0.54,2026-08-03
INV,0.6,3.34,991904,1537667,3.31,5.89,0.6,0.6,3.1,중립,양봉,잔구간,0.6,0.41,2026-08-03
NIQ,0.6,11.56,949693,1518964,10.98,16.35,0.7,1.9,1.6,매수관심,양봉,완만한상승,0.72,1.86,2026-08-03
NRXP,0.6,3.24,617220,1000938,2.0,3.42,0.6,0.0,2.9,중립,양봉,잔구간,0.61,0.415,2026-08-03
PONY,0.6,8.05,2304157,3927716,18.55,29.27,0.6,-0.3,2.5,중립,양봉,전고점부근,0.8,0.61,2026-08-03
NOK,0.6,9.36,61112479,102054059,572.01,1020.12,0.6,-2.9,5.5,강한매수,장대양봉,완만한상승,0.89,3.37,2026-08-03
MICC,0.6,18.37,533180,906321,9.79,18.48,0.5,0.5,-1.8,매도주의,장대음봉,잔구간,0.01,-1.295,2026-08-03
NXE,0.6,9.57,3474744,5391827,33.25,48.08,0.7,-0.2,4.8,강한매수,장대양봉,전고점돌파,0.83,3.9,2026-08-03
OPTX,0.6,6.97,332530,514915,2.32,3.31,0.7,1.1,5.6,매수관심,양봉,완만한상승,0.76,1.91,2026-08-03
QMCO,0.6,10.56,728085,1274373,7.69,10.66,0.7,-0.4,-0.4,중립,팽이도지,잔구간,0.45,-0.03,2026-08-03
RGTX,0.6,11.2,675335,1144047,7.56,9.02,0.8,-0.4,14.5,강한매수,장대양봉,완만한상승,0.82,3.28,2026-08-03
SKUU,0.6,18.66,11399988,18057368,212.72,298.85,0.7,-5.0,4.1,중립,양봉,잔구간,0.86,0.565,2026-08-03
SECZ,0.6,6.94,506007,872039,3.51,8.32,0.4,-2.4,6.6,강한매수,장대양봉,완만한상승,0.97,3.46,2026-08-03
QTTB,0.6,15.165,328943,531809,4.99,9.2,0.5,-1.1,-2.2,중립,음봉,수횡파,0.46,-0.15,2026-08-03
PALI,0.6,1.94,1027155,1756506,1.99,4.73,0.4,0.3,2.1,중립,양봉,잔구간,0.62,0.42,2026-08-03
RPD,0.6,10.18,1462541,2506718,14.89,24.1,0.6,3.4,2.0,중립,양봉,전고점부근,0.63,0.41,2026-08-03
ACB,0.6,2.83,736090,1216127,2.08,3.13,0.7,0.0,1.4,매수관심,장대양봉,전고점부근,0.62,1.69,2026-08-03
ABCL,0.6,5.83,3405575,5534115,19.85,27.23,0.7,-0.1,2.2,매수관심,양봉,완만한상승,0.55,1.66,2026-08-03
SMCY,0.6,4.54,496336,843819,2.25,4.23,0.5,-0.7,1.6,중립,양봉,잔구간,0.89,0.585,2026-08-03
SMCZ,0.6,7.12,655461,1025479,4.67,22.71,0.2,2.2,-3.7,중립,음봉,잔구간,0.22,-0.52,2026-08-03
SOUN,0.6,6.1,24613886,38414907,150.14,243.66,0.6,1.3,-1.8,중립,음봉,잔구간,0.21,-0.525,2026-08-03
SNDC,0.6,5.64,392357,610245,2.21,2.46,0.9,-4.3,16.0,중립,양봉,잔구간,0.84,0.555,2026-08-03
ZLAB,0.6,18.18,324305,527864,5.9,10.95,0.5,0.2,-0.7,중립,음봉,잔구간,0.1,-0.59,2026-08-03
SMCX,0.6,7.69,3937899,6095798,30.28,66.75,0.5,-2.7,4.6,중립,양봉,잔구간,0.83,0.55,2026-08-03
STDN,0.6,7.68,620197,1045535,4.76,9.78,0.5,0.3,-2.9,중립,음봉,잔구간,0.33,-0.45,2026-08-03
SSG,0.6,13.4,565704,872820,7.58,11.8,0.6,4.6,-7.5,매도주의,장대음봉,잔구간,0.13,-1.22,2026-08-03
SKHX,0.6,11.14,7229283,12505126,80.53,122.21,0.7,-5.6,3.8,매수관심,양봉스프링,잔구간,0.83,0.95,2026-08-03
MARA,0.6,11.75,27195395,44533911,319.55,650.84,0.5,-1.2,5.1,매수관심,장대양봉,잔구간,0.85,1.21,2026-08-03
MEI,0.6,14.07,330087,517389,4.64,7.26,0.6,-2.1,2.7,중립,양봉,잔구간,0.64,0.435,2026-08-03
MGNI,0.6,19.57,1193670,1887548,23.36,40.05,0.6,0.0,1.4,매수관심,양봉,완만한상승,0.36,1.43,2026-08-03
TRLV,0.6,8.6,584023,945947,5.02,6.52,0.8,-2.3,1.8,중립,양봉,잔구간,0.59,0.405,2026-08-03
ELVA,0.6,8.77,331937,530151,2.91,5.9,0.5,0.7,5.9,매수관심,장대양봉,잔구간,0.87,1.22,2026-08-03
ELME,0.6,1.64,739838,1323280,1.21,1.68,0.7,1.2,0.6,강한매도,위꼬리양봉,전고점부근,0.4,-2.5700000000000003,2026-08-03
EDIT,0.6,2.65,775116,1322601,2.05,3.37,0.6,0.8,1.9,중립,양봉,잔구간,1.0,0.65,2026-08-03
ENVX,0.6,4.22,5028403,8341561,21.22,26.96,0.8,-1.0,4.2,매수관심,장대양봉,잔구간,0.88,1.23,2026-08-03
UMC,0.6,18.69,12063279,20716593,225.46,331.44,0.7,-7.0,5.7,매수관심,장대양봉,잔구간,0.94,1.265,2026-08-03
LAR,0.6,6.23,1168938,1925495,7.28,11.57,0.6,-1.7,5.4,강한매수,장대양봉,완만한상승,0.94,3.43,2026-08-03
LAES,0.6,2.51,11540907,20252853,28.97,42.91,0.7,-0.8,7.3,강한매수,장대양봉,완만한상승,0.84,3.31,2026-08-03
LAB,0.6,0.866,1290149,2316638,1.12,1.8,0.6,-0.6,0.3,중립,위꼬리양봉,잔구간,0.2,-0.68,2026-08-03
WRN,0.6,2.1,734258,1200328,1.54,2.74,0.6,0.5,2.4,강한매수,장대양봉,완만한상승,0.94,3.43,2026-08-03
AEG,0.6,9.46,3386721,5490092,32.04,51.21,0.6,0.3,-0.1,매수관심,팽이도지,완만한상승,0.57,0.98,2026-08-03
WTTR,0.6,18.38,947765,1598407,17.42,33.4,0.5,-1.7,1.0,중립,팽이도지,잔구간,0.6,0.06,2026-08-03
BXBL,0.6,4.84,369053,573939,1.79,5.98,0.3,-0.7,6.4,매수관심,장대양봉,잔구간,0.69,1.115,2026-08-03
BZAI,0.6,0.835,1924661,3086926,1.61,3.04,0.5,-0.3,5.9,매수관심,장대양봉,잔구간,0.85,1.21,2026-08-03
DGXX,0.6,3.85,2066465,3296187,7.96,15.67,0.5,-1.6,6.4,중립,양봉,잔구간,0.77,0.51,2026-08-03
DRTS,0.6,11.92,330488,555122,3.94,7.36,0.5,-0.8,2.0,중립,양봉,잔구간,0.96,0.625,2026-08-03
CGAU,0.6,17.61,1425163,2397122,25.1,27.36,0.9,-1.1,3.6,강한매수,장대양봉,완만한상승,0.99,3.49,2026-08-03
DAMD,0.6,1.67,46920594,73760594,78.36,119.24,0.7,7.0,-9.2,매도주의,장대음봉,잔구간,0.19,-1.185,2026-08-03
VET,0.6,11.55,1134893,1860301,13.11,23.57,0.6,-4.6,1.6,중립,양봉,잔구간,0.95,0.62,2026-08-03
EXK,0.5,7.73,4291330,8702593,33.17,61.09,0.5,-0.8,3.6,매수관심,장대양봉,잔구간,0.98,1.29,2026-08-03
INTW,0.5,19.69,3558524,7357219,70.07,149.3,0.5,-4.1,5.8,중립,양봉,잔구간,0.87,0.57,2026-08-03
FSM,0.5,8.67,2934235,5419888,25.44,48.03,0.5,-0.1,3.0,강한매수,장대양봉,완만한상승,0.97,3.46,2026-08-03
ETHU,0.5,15.6,2961027,5770270,46.19,89.34,0.5,-3.1,3.3,매수관심,장대양봉,잔구간,0.85,1.21,2026-08-03
CX,0.5,11.84,3741199,8170694,44.3,88.98,0.5,0.0,0.2,중립,위꼬리양봉,잔구간,0.11,-0.735,2026-08-03
BANC,0.5,19.24,2981423,5977924,57.36,105.28,0.5,-0.7,1.2,매수관심,양봉,완만한상승,0.53,1.64,2026-08-03
RIG,0.5,5.15,28463366,52247374,146.59,248.94,0.6,-2.4,-0.8,중립,팽이도지,잔구간,0.38,-0.07,2026-08-03
NUWE,0.5,1.61,1703686,3511830,2.74,56.07,0.0,-4.0,-3.6,강한매수,망치형,전저점부근,0.64,2.92,2026-08-03
PACB,0.5,1.42,3553631,7044435,5.05,9.55,0.5,2.1,-0.7,중립,팽이도지,완만한상승,0.33,0.7,2026-08-03
QS,0.5,5.34,14428963,31188792,77.05,177.65,0.4,-0.4,2.7,중립,양봉,잔구간,0.54,0.375,2026-08-03
MSOS,0.5,4.21,1890732,3590939,7.96,14.0,0.6,0.0,-0.5,중립,팽이도지,잔구간,0.54,0.025,2026-08-03
MSDL,0.5,15.01,307344,612669,4.61,7.96,0.6,0.1,2.7,강한매수,장대양봉,완만한상승,0.89,3.37,2026-08-03
ACDC,0.5,4.11,912232,1705530,3.75,6.35,0.6,-2.7,4.6,중립,양봉,잔구간,0.88,0.58,2026-08-03
SIGA,0.5,3.21,515535,944864,1.65,3.41,0.5,1.2,-3.0,매도주의,장대음봉,잔구간,0.26,-1.145,2026-08-03
RWT,0.5,4.62,1420067,2746214,6.56,11.26,0.6,1.3,-0.2,매수관심,팽이도지,완만한상승,0.5,0.9,2026-08-03
LX,0.5,1.47,875268,1855555,1.29,3.09,0.4,0.0,0.7,중립,위꼬리양봉,완만한상승,0.33,-0.3,2026-08-03
LODE,0.5,3.02,1131966,2068205,3.42,5.92,0.6,0.4,9.8,매수관심,장대양봉,잔구간,0.97,1.28,2026-08-03
LBRT,0.5,18.98,4072313,7812729,77.29,153.54,0.5,-4.1,5.7,강한매수,장대양봉,완만한상승,0.94,3.43,2026-08-03
HYNX,0.5,18.62,1081927,2323423,20.15,39.2,0.5,-4.9,3.4,매수관심,양봉스프링,잔구간,0.83,0.95,2026-08-03
EVGO,0.5,1.61,1877836,3837969,3.02,5.66,0.5,0.6,1.3,매수관심,양봉,완만한상승,0.5,1.6,2026-08-03
MSOX,0.5,2.25,763188,1529245,1.72,3.6,0.5,-1.8,1.4,중립,팽이도지,잔구간,0.71,0.125,2026-08-03
LRMR,0.5,3.98,793828,1487528,3.16,5.02,0.6,0.3,3.9,중립,양봉,잔구간,0.92,0.6,2026-08-03
AMBP,0.5,4.8,1457212,2831866,6.99,20.84,0.3,2.1,-0.6,중립,음봉,완만한상승,0.1,-0.28,2026-08-03
AVTR,0.5,13.67,9035595,16984520,123.52,209.3,0.6,1.4,-2.1,매도주의,장대음봉,잔구간,0.24,-1.155,2026-08-03
BAK,0.5,2.32,812491,1691655,1.88,4.31,0.4,0.0,-0.4,중립,팽이도지,잔구간,0.52,0.01,2026-08-03
BMNZ,0.5,13.99,564590,1130906,7.9,15.6,0.5,3.1,-5.0,중립,음봉,잔구간,0.11,-0.585,2026-08-03
CLF,0.5,11.22,17322118,34097978,194.35,404.74,0.5,-0.3,-2.3,중립,음봉,잔구간,0.57,-0.31,2026-08-03
BLDP,0.5,2.67,3912162,7957052,10.45,23.98,0.4,1.5,-1.5,중립,망치형,잔구간,0.67,0.6,2026-08-03
FLG,0.5,14.22,3314193,6219275,47.13,79.62,0.6,0.9,-0.9,중립,음봉,완만한상승,0.04,-0.35,2026-08-03
VIVK,0.5,1.8,3469082,6398003,6.24,89.48,0.1,-4.6,-2.7,중립,망치형,잔구간,0.65,0.59,2026-08-03
CAPR,0.4,4.2,5166955,11921434,21.7,74.16,0.3,-1.9,11.3,매수관심,장대양봉,잔구간,1.0,1.3,2026-08-03
ARX,0.4,12.02,2056162,4596119,24.72,41.82,0.6,1.5,-0.3,매수관심,팽이도지,완만한상승,0.48,0.88,2026-08-03
SKDD,0.4,14.97,9041143,21183355,135.35,286.48,0.5,5.0,-3.7,중립,음봉,완만한상승,0.15,-0.22,2026-08-03
SKHU,0.4,14.71,1174022,3286706,17.27,48.02,0.4,-5.5,4.0,중립,양봉,잔구간,0.81,0.535,2026-08-03
PUMP,0.4,11.16,3206278,7205802,35.78,67.48,0.5,-3.3,4.0,중립,양봉,잔구간,0.96,0.625,2026-08-03
SKYQ,0.4,4.5,2207700,5453296,9.93,55.52,0.2,-7.7,4.9,중립,양봉,잔구간,0.92,0.6,2026-08-03
ITRG,0.4,2.14,926327,2268970,1.98,6.69,0.3,1.0,1.4,중립,양봉,잔구간,0.86,0.565,2026-08-03
VIV,0.4,12.72,705821,1790430,8.98,21.11,0.4,-0.1,-1.5,매도주의,장대음봉,잔구간,0.18,-1.19,2026-08-03
GAU,0.4,1.77,1143336,3088258,2.02,6.13,0.3,1.7,0.0,강한매수,양봉스프링,완만한상승,0.75,2.7,2026-08-03
CDZI,0.4,3.09,495357,1117221,1.53,3.74,0.4,0.3,3.0,중립,양봉,잔구간,0.62,0.42,2026-08-03
ZCMD,0.3,1.13,1128860,3528438,1.28,65.33,0.0,-2.7,2.7,중립,양봉,잔구간,0.71,0.475,2026-08-03
SKHZ,0.3,13.39,2062036,6854098,27.61,67.95,0.4,2.6,-1.7,매도주의,위꼬리음봉,완만한상승,0.17,-1.0,2026-08-03
GCTK,0.3,0.415,3542105,10243144,1.47,30.55,0.0,6.8,-18.6,매도주의,장대음봉,잔구간,0.18,-1.19,2026-08-03
TAC,0.3,12.34,578925,2059685,7.14,21.79,0.3,-2.4,1.1,매수관심,양봉,전저점부근,0.57,1.53,2026-08-03
MPLT,0.3,12.55,999857,3126979,12.55,33.99,0.4,-1.3,-2.3,중립,음봉,잔구간,0.44,-0.385,2026-08-03
TKC,0.3,5.52,1222533,4619255,6.75,20.28,0.3,2.4,0.2,중립,위꼬리양봉,잔구간,0.33,-0.6,2026-08-03
GRFS,0.3,7.86,373259,1195419,2.93,7.99,0.4,0.4,-0.5,중립,망치형,잔구간,0.71,0.625,2026-08-03
SEER,0.2,2.24,534568,2164857,1.2,3.47,0.3,-0.5,1.4,강한매수,장대양봉,전고점부근,1.0,2.15,2026-08-03
REF,0.2,16.84,900790,3744021,15.17,57.07,0.3,1.5,2.2,중립,무참고,정보부족,,0.0,2026-08-03
OTLK,0.2,0.913,5993462,31708824,5.47,23.77,0.2,-1.2,-5.3,매도주의,장대음봉,잔구간,0.17,-1.2,2026-08-03
WLDS,0.2,2.98,988211,4530806,2.94,24.31,0.1,-2.7,19.7,매수관심,양봉,완만한상승,0.63,1.76,2026-08-03
BIYA,0.2,3.1,565862,3212478,1.75,91.94,0.0,-2.9,-6.1,중립,음봉,잔구간,0.36,-0.435,2026-08-03
LVWR,0.1,1.68,1539602,20201379,2.59,44.29,0.1,-7.2,0.0,중립,팽이도지,잔구간,0.42,-0.05,2026-08-03
STAK,0.1,1.97,1073182,10885837,2.11,73.77,0.0,1.0,1.0,중립,팽이도지,잔구간,0.44,-0.035,2026-08-03
