ticker,ratio,latest_close,latest_volume,baseline_volume,dollar_volume_M,avg_dollar_vol_10d_M,dollar_surge_x,signal_gap_%,intraday_chg_%,candle_signal,candle_shape,candle_pos,close_pos,candle_score,latest_date
ADBT,395.7,0.344,136634809,345342,46.96,2.98,15.8,-11.6,-77.4,강한매도,장대음봉,전저점이탈,0.07,-3.27,2026-09-03
BIAF,312.9,12.78,19253783,61541,246.06,75.88,3.2,35.4,-3.2,강한매수,망치형,전고점돌파,0.68,2.72,2026-09-03
GIPR,176.2,0.523,124274066,705406,65.0,22.76,2.9,47.7,-10.2,중립,음봉,잔구간,0.4,-0.41,2026-09-03
LHAI,164.3,1.21,8425560,51290,10.19,10.3,1.0,20.0,-8.3,중립,음봉,잔구간,0.11,-0.585,2026-09-03
SPWR,149.3,0.402,292831509,1961687,117.72,1.06,111.6,8.2,46.2,강한매수,장대양봉,전고점돌파,0.72,3.76,2026-09-03
CHPT,103.5,9.08,44115506,426319,400.57,2.69,148.8,32.9,31.6,강한매수,장대양봉,전고점돌파,0.9,3.98,2026-09-03
TWG,85.0,0.5,13267125,156162,6.63,0.16,40.3,0.5,21.3,중립,양봉,잔구간,0.46,0.325,2026-09-03
TLYS,77.3,4.4,13522125,174974,59.5,2.16,27.6,45.7,-20.7,중립,음봉,전고점돌파,0.18,0.42,2026-09-03
MIMI,56.3,0.957,147514943,2619716,141.13,7.89,17.9,80.2,-17.2,중립,음봉,잔구간,0.37,-0.43,2026-09-03
PLAG,53.3,0.645,24402650,458043,15.74,3.01,5.2,0.5,6.8,중립,양봉,잔구간,0.93,0.61,2026-09-03
NYXH,44.3,1.76,4585569,103410,8.07,0.61,13.2,20.5,-3.3,매수관심,음봉,전고점돌파,0.61,0.93,2026-09-03
AEHL,37.8,7.45,21882283,578221,163.02,33.88,4.8,48.3,-7.5,중립,음봉,잔구간,0.51,-0.345,2026-09-03
DBGI,30.1,3.63,3226532,107138,11.71,1.09,10.8,-5.6,-14.0,매도주의,음봉,전저점이탈,0.38,-1.59,2026-09-03
NCT,26.8,0.507,24636703,918328,12.48,11.69,1.1,0.4,-89.7,강한매도,장대음봉,전저점이탈,0.0,-3.35,2026-09-03
GYGY,25.6,1.51,8259669,322407,12.47,12.35,1.0,17.3,-25.6,매도주의,장대음봉,잔구간,0.21,-1.175,2026-09-03
LITS,23.7,1.04,2486695,104881,2.59,0.19,13.6,0.0,0.0,중립,팽이도지,완만한상승,0.33,0.7,2026-09-03
HCTI,20.1,0.858,2267774,112948,1.94,0.15,13.0,9.0,-4.1,매도주의,위꼬리음봉,완만한상승,0.1,-1.08,2026-09-03
PBK,20.1,0.4,9649328,479556,3.86,0.33,11.9,0.2,-1.4,매수관심,팽이도지,전저점부근,0.55,0.81,2026-09-03
LULG,18.4,6.58,3947160,214422,25.97,1.2,21.7,2.9,0.3,매수관심,양봉스프링,잔구간,0.9,0.99,2026-09-03
AKAN,17.3,3.67,2300491,133182,8.44,1.37,6.2,1.1,-2.9,매도주의,장대음봉,잔구간,0.15,-1.21,2026-09-03
BTOG,17.0,2.21,1927511,113066,4.26,1.69,2.5,-3.9,-0.9,매도주의,팽이도지,전저점이탈,0.36,-0.92,2026-09-03
ANVS,16.6,1.38,7332095,441568,10.12,0.87,11.7,-2.9,-16.4,강한매도,장대음봉,전저점이탈,0.16,-3.16,2026-09-03
PLU,16.6,6.02,1250407,75139,7.53,0.47,16.1,-0.2,-16.3,강한매도,장대음봉,전저점이탈,0.25,-3.05,2026-09-03
VIOT,16.5,1.36,5447564,329938,7.41,9.83,0.8,-2.2,-21.8,중립,음봉,잔구간,0.19,-0.535,2026-09-03
RARE,15.3,14.85,27159724,1769938,403.32,70.22,5.7,-47.2,6.1,매수관심,장대양봉,전저점이탈,0.87,1.69,2026-09-03
CIEG,14.0,3.41,3094443,220505,10.55,1.02,10.3,0.0,-22.0,강한매도,장대음봉,전저점이탈,0.09,-3.24,2026-09-03
CHGG,13.7,0.979,9108105,665289,8.92,0.61,14.5,0.8,17.4,강한매수,장대양봉,전고점돌파,0.77,3.82,2026-09-03
CURR,12.6,3.0,5727997,455725,17.18,2.31,7.4,1.0,-25.9,매도주의,음봉,전저점이탈,0.05,-1.99,2026-09-03
ATER,12.4,0.618,1680648,135474,1.04,0.1,10.4,3.7,17.0,강한매수,장대양봉,전고점돌파,0.65,3.68,2026-09-03
PSNY,10.6,8.69,1263193,118808,10.98,2.14,5.1,-8.4,-20.9,강한매도,장대음봉,전저점이탈,0.22,-3.09,2026-09-03
HPEL,10.4,17.24,1430135,137012,24.66,4.15,5.9,-17.3,32.5,강한매수,장대양봉,완만한상승,0.97,3.46,2026-09-03
TCRX,10.0,0.371,3092974,309245,1.15,0.51,2.3,0.0,-2.7,중립,팽이도지,전저점부근,0.39,0.62,2026-09-03
CRDU,9.7,6.75,11323999,1161553,76.44,30.26,2.5,3.6,-4.9,매도주의,장대음봉,전저점부근,0.02,-1.83,2026-09-03
HEPS,9.2,2.68,934555,101662,2.5,0.36,6.9,0.0,0.0,중립,위꼬리양봉,완만한상승,0.2,-0.46,2026-09-03
LIDR,8.6,1.37,4597586,532063,6.3,20.52,0.3,1.4,-2.8,매도주의,위꼬리음봉,잔구간,0.03,-1.03,2026-09-03
CURV,8.2,2.23,894227,108968,1.99,0.3,6.6,0.9,-2.6,중립,팽이도지,잔구간,0.3,-0.12,2026-09-03
VHC,8.2,11.44,488567,59264,5.59,1.26,4.5,0.1,1.1,중립,팽이도지,잔구간,0.44,-0.035,2026-09-03
QVCG,7.9,16.41,841020,107067,13.8,2.09,6.6,0.5,-0.3,중립,팽이도지,완만한상승,0.29,0.65,2026-09-03
HCM,7.5,14.11,511724,68629,7.22,0.82,8.8,13.0,3.7,강한매수,장대양봉,전고점돌파,0.83,3.9,2026-09-03
ALMS,7.4,11.36,7550083,1014385,85.77,52.59,1.6,0.2,9.5,매수관심,장대양봉,잔구간,0.65,1.09,2026-09-03
SID,7.2,1.26,15455074,2160593,19.47,2.83,6.9,15.8,-7.0,중립,음봉,전고점돌파,0.36,0.63,2026-09-03
NXTT,7.0,5.93,384172,54868,2.28,4.6,0.5,-0.6,9.8,강한매수,장대양봉,완만한상승,0.71,3.15,2026-09-03
WOOF,6.8,2.52,10988667,1616888,27.69,5.17,5.4,18.6,-19.2,강한매도,장대음봉,전저점이탈,0.03,-3.31,2026-09-03
CNTB,6.7,1.93,3759862,561510,7.26,2.1,3.5,2.5,-31.8,강한매도,장대음봉,전저점이탈,0.03,-3.31,2026-09-03
INDO,6.3,3.11,621059,98996,1.93,0.59,3.3,5.4,-1.3,중립,팽이도지,전고점부근,0.36,-0.62,2026-09-03
BNC,6.1,3.29,1246744,203124,4.1,0.87,4.7,5.7,10.0,강한매수,장대양봉,전고점돌파,0.6,3.62,2026-09-03
EWZS,5.9,13.61,831769,140015,11.32,3.29,3.4,1.6,-0.9,중립,음봉,완만한상승,0.32,-0.02,2026-09-03
CAMP,5.8,4.49,1280634,222297,5.75,1.13,5.1,1.8,16.0,매수관심,장대양봉,잔구간,0.95,1.27,2026-09-03
TJGC,5.8,9.86,2679259,463143,26.42,11.81,2.2,0.0,-1.8,중립,팽이도지,잔구간,0.53,0.02,2026-09-03
RGC,5.7,6.48,416489,73639,2.7,0.71,3.8,0.2,2.5,매수관심,팽이도지,완만한상승,0.57,0.98,2026-09-03
IRD,5.2,4.6,4425604,846250,20.36,5.6,3.6,4.6,-1.2,매수관심,팽이도지,전고점돌파,0.58,1.6,2026-09-03
XTIA,5.2,1.01,2657967,515449,2.68,1.14,2.4,3.2,3.1,중립,위꼬리양봉,잔구간,0.35,-0.59,2026-09-03
GPRK,5.1,11.9,3857167,762543,45.9,7.0,6.6,8.6,-6.3,중립,음봉,완만한상승,0.08,-0.3,2026-09-03
SMZ,5.1,15.925,344521,68207,5.49,1.69,3.2,-2.9,-0.5,중립,망치형,잔구간,0.71,0.625,2026-09-03
MF,4.9,10.79,373039,75590,4.03,2.36,1.7,-5.4,-16.6,강한매도,장대음봉,전저점이탈,0.17,-3.15,2026-09-03
PL,4.8,18.35,31952856,6703904,586.33,112.28,5.2,-0.7,-7.6,강한매도,장대음봉,전저점이탈,0.23,-3.07,2026-09-03
ANNA,4.6,3.11,868093,186834,2.7,0.42,6.4,0.6,0.3,매수관심,팽이도지,완만한상승,0.42,0.8,2026-09-03
DH,4.6,1.04,1013460,218407,1.05,1.13,0.9,1.0,-1.0,중립,팽이도지,완만한상승,0.4,0.78,2026-09-03
MOB,4.5,4.97,423738,93569,2.11,0.71,3.0,1.5,-9.1,강한매도,장대음봉,전저점이탈,0.12,-3.21,2026-09-03
ASTI,4.4,3.02,622671,140596,1.88,0.55,3.4,3.7,-1.0,중립,팽이도지,완만한상승,0.36,0.73,2026-09-03
MNTK,4.4,2.25,446342,101762,1.0,0.43,2.3,0.0,5.6,강한매수,장대양봉,전고점돌파,1.0,4.1,2026-09-03
UDN,4.2,18.32,307493,73055,5.63,1.82,3.1,0.5,0.1,중립,위꼬리양봉,잔구간,0.44,-0.535,2026-09-03
VIVK,4.2,0.939,4739072,1134785,4.45,9.21,0.5,-0.1,4.3,매수관심,양봉,완만한상승,0.73,1.88,2026-09-03
SPAL,4.2,17.17,2507370,592454,43.05,9.34,4.6,0.7,12.1,강한매수,장대양봉,전고점돌파,0.77,3.82,2026-09-03
ALEC,4.2,2.51,2792296,658511,7.01,1.87,3.7,-0.7,-7.0,매도주의,장대음봉,잔구간,0.24,-1.155,2026-09-03
AVXX,4.2,4.69,1870009,441248,8.77,2.08,4.2,7.5,-5.1,중립,음봉,완만한상승,0.58,0.3,2026-09-03
EIDO,4.2,13.22,2910021,685905,38.47,12.85,3.0,1.8,-0.2,중립,위꼬리음봉,전고점돌파,0.0,-0.6,2026-09-03
HODU,4.2,16.86,385601,91355,6.5,1.85,3.5,11.3,19.3,강한매수,장대양봉,전고점돌파,0.99,4.09,2026-09-03
DSX,4.1,2.97,3366688,812189,10.0,3.39,2.9,0.0,-1.3,매도주의,위꼬리음봉,잔구간,0.2,-0.93,2026-09-03
NETG,4.1,16.675,325445,79890,5.43,1.12,4.8,6.0,2.8,매수관심,양봉,완만한상승,0.81,1.97,2026-09-03
DPRO,3.9,6.43,6284746,1591196,40.41,9.68,4.2,5.4,7.2,강한매수,장대양봉,전고점돌파,0.85,3.92,2026-09-03
ATAI,3.9,7.34,17481660,4481123,128.32,49.04,2.6,-0.1,-0.1,매도주의,위꼬리음봉,잔구간,0.18,-0.94,2026-09-03
MOMO,3.9,5.1,2521161,650937,12.86,3.19,4.0,0.3,-7.3,강한매도,장대음봉,전저점이탈,0.11,-3.22,2026-09-03
ORBS,3.9,0.97,29779923,7681189,28.88,11.09,2.6,0.6,15.0,강한매수,장대양봉,전고점돌파,0.68,3.72,2026-09-03
CONX,3.9,7.884,585994,151059,4.62,1.72,2.7,7.2,12.2,매수관심,장대양봉,잔구간,0.79,1.175,2026-09-03
PTN,3.8,13.08,534543,139131,6.99,1.11,6.3,-0.2,2.0,매수관심,팽이도지,완만한상승,0.45,0.84,2026-09-03
MODD,3.8,3.42,680256,177790,2.33,0.88,2.7,6.1,-6.8,중립,음봉,수횡파,0.47,-0.14,2026-09-03
IMDX,3.8,4.12,307816,80926,1.27,0.36,3.5,-0.7,3.5,중립,양봉,잔구간,0.73,0.49,2026-09-03
ENOV,3.8,19.4,2331206,612829,45.23,25.32,1.8,0.4,-4.3,강한매도,장대음봉,전저점이탈,0.24,-3.06,2026-09-03
HSDT,3.7,2.35,1057065,285715,2.48,1.0,2.5,2.4,10.3,중립,양봉,잔구간,0.75,0.5,2026-09-03
CLYM,3.7,14.59,5527183,1497389,80.64,21.31,3.8,-7.2,4.5,중립,양봉,잔구간,0.55,0.38,2026-09-03
IMUX,3.7,12.76,841955,227694,10.74,3.24,3.3,0.0,-10.4,매도주의,음봉,전저점이탈,0.36,-1.62,2026-09-03
SPCM,3.7,17.45,1413630,385405,24.67,7.47,3.3,1.2,11.5,강한매수,장대양봉,전고점돌파,0.77,3.82,2026-09-03
TENX,3.5,1.78,14092406,4000266,25.08,12.87,1.9,7.6,-10.6,매도주의,장대음봉,잔구간,0.04,-1.275,2026-09-03
QNC,3.5,1.75,1417745,408784,2.48,0.96,2.6,-1.1,-5.9,매도주의,음봉,전저점이탈,0.35,-1.63,2026-09-03
IDN,3.5,2.88,826642,236230,2.38,0.82,2.9,4.1,3.2,중립,양봉,잔구간,0.57,0.39,2026-09-03
TEO,3.4,12.97,464581,137852,6.03,2.08,2.9,1.0,-3.5,중립,음봉,잔구간,0.02,-0.64,2026-09-03
WSC,3.3,19.46,5998730,1840964,116.74,62.47,1.9,1.1,-1.7,중립,음봉,전저점부근,0.26,-0.24,2026-09-03
ISD,3.3,12.34,378982,114027,4.68,1.7,2.7,0.6,0.3,중립,양봉,잔구간,0.95,0.62,2026-09-03
JBIO,3.2,19.85,1381784,432053,27.43,11.99,2.3,-1.9,-5.5,강한매도,장대음봉,전저점이탈,0.06,-3.28,2026-09-03
MEI,3.2,15.32,2255188,694769,34.55,12.3,2.8,-16.6,1.5,중립,위꼬리양봉,전저점부근,0.19,-0.62,2026-09-03
MLN,3.2,17.0,677562,209419,11.52,3.5,3.3,0.3,-0.5,매도주의,장대음봉,전저점부근,0.05,-1.79,2026-09-03
AFYA,3.2,14.73,343464,106834,5.06,2.42,2.1,0.6,-1.8,매도주의,장대음봉,잔구간,0.09,-1.245,2026-09-03
SPCQ,3.2,11.4,2109324,653017,24.05,14.39,1.7,-1.3,-11.5,강한매도,장대음봉,전저점이탈,0.25,-3.05,2026-09-03
SUPX,3.1,8.97,1409461,460276,12.64,6.25,2.0,-2.0,9.5,매수관심,장대양봉,잔구간,0.72,1.13,2026-09-03
RDY,3.1,12.03,5505354,1803431,66.23,26.09,2.5,-1.0,-0.2,중립,팽이도지,잔구간,0.44,-0.035,2026-09-03
EGAN,3.1,7.11,332396,105782,2.36,0.67,3.6,1.9,-3.5,중립,음봉,잔구간,0.15,-0.56,2026-09-03
DAKT,3.1,19.48,1677265,546428,32.67,14.38,2.3,-0.3,2.1,강한매수,장대양봉,완만한상승,0.83,3.3,2026-09-03
SMMT,3.1,17.13,14922226,4770723,255.62,79.95,3.2,6.3,10.4,강한매수,장대양봉,전고점돌파,0.88,3.96,2026-09-03
CRCD,3.0,1.655,11007469,3724348,18.22,10.25,1.8,-8.1,-26.8,강한매도,장대음봉,전저점이탈,0.01,-3.34,2026-09-03
SNK,3.0,15.31,6051066,2006800,92.64,45.16,2.1,-0.7,-12.1,강한매도,장대음봉,전저점이탈,0.24,-3.06,2026-09-03
SPCG,3.0,15.87,2363468,779252,37.51,22.08,1.7,-1.4,-11.2,강한매도,장대음봉,전저점이탈,0.26,-3.04,2026-09-03
ZGN,3.0,12.65,2456776,823995,31.08,10.81,2.9,1.4,-0.6,중립,팽이도지,잔구간,0.49,-0.005,2026-09-03
NZF,2.9,11.92,1435971,492861,17.12,6.22,2.7,0.5,0.3,매수관심,양봉스프링,잔구간,1.0,1.05,2026-09-03
GMTL,2.9,11.07,357759,125337,3.96,1.88,2.1,5.2,-1.9,중립,팽이도지,잔구간,0.43,-0.04,2026-09-03
TSDD,2.9,7.39,13696556,4773355,101.22,44.96,2.3,-5.2,-6.2,매도주의,음봉,전저점이탈,0.41,-1.56,2026-09-03
SPCF,2.9,16.93,3734696,1273185,63.23,22.95,2.8,0.9,11.7,강한매수,장대양봉,전고점돌파,0.77,3.82,2026-09-03
UPB,2.9,6.08,1351772,460981,8.22,3.54,2.3,0.2,-6.3,매도주의,음봉,전저점이탈,0.43,-1.53,2026-09-03
SMST,2.9,17.96,2435629,842136,43.74,27.91,1.6,-8.0,-29.4,강한매도,장대음봉,전저점이탈,0.01,-3.34,2026-09-03
AEHG,2.9,5.61,2274538,796251,12.76,4.94,2.6,-1.1,-8.6,매도주의,장대음봉,잔구간,0.32,-1.11,2026-09-03
LPSN,2.8,3.1,743328,260935,2.3,0.92,2.5,4.2,-4.0,매도주의,장대음봉,완만한상승,0.18,-1.48,2026-09-03
TSLZ,2.8,11.15,5292372,1912891,59.01,24.77,2.4,-4.8,-6.4,매도주의,음봉,전저점이탈,0.41,-1.56,2026-09-03
KTUP,2.8,5.35,446677,161384,2.39,1.01,2.4,5.5,-3.9,중립,음봉,잔구간,0.55,-0.32,2026-09-03
SMCY,2.8,5.34,2373860,846480,12.68,5.1,2.5,-3.2,3.7,강한매수,장대양봉,완만한상승,0.93,3.42,2026-09-03
MHD,2.8,11.23,968601,350076,10.88,3.46,3.1,0.0,-0.7,중립,망치형,전저점이탈,0.62,0.39,2026-09-03
BEZ,2.8,8.41,2455326,874048,20.65,10.16,2.0,-1.8,-15.3,강한매도,장대음봉,전저점이탈,0.12,-3.21,2026-09-03
BRR,2.8,2.63,2695708,964794,7.09,2.32,3.1,2.2,11.4,강한매수,장대양봉,전고점돌파,0.82,3.88,2026-09-03
MSTZ,2.8,3.63,69375010,24877101,251.83,160.32,1.6,-7.9,-29.1,강한매도,장대음봉,전저점이탈,0.01,-3.34,2026-09-03
NNDM,2.8,1.6,3835607,1390678,6.14,2.24,2.7,1.3,0.0,중립,팽이도지,완만한상승,0.33,0.7,2026-09-03
JFB,2.7,4.945,1678453,629419,8.3,2.84,2.9,6.5,-2.1,중립,팽이도지,완만한상승,0.38,0.76,2026-09-03
SWBI,2.7,12.27,1358241,494669,16.67,7.46,2.2,0.0,-4.0,강한매도,장대음봉,전저점이탈,0.24,-3.06,2026-09-03
OPK,2.7,1.61,7548369,2801357,12.15,4.6,2.6,1.2,-5.8,매도주의,장대음봉,잔구간,0.14,-1.215,2026-09-03
PYPG,2.7,8.153,811665,305031,6.62,3.52,1.9,-0.2,7.8,매수관심,장대양봉,잔구간,0.94,1.265,2026-09-03
RDWU,2.6,5.95,1005194,380206,5.98,2.75,2.2,4.6,-3.7,중립,음봉,잔구간,0.4,-0.41,2026-09-03
BBNX,2.6,19.92,1403535,547131,27.96,14.99,1.9,2.5,0.1,강한매수,양봉스프링,완만한상승,0.77,2.72,2026-09-03
SSPC,2.6,9.28,25781572,9834530,239.25,123.57,1.9,-0.8,-12.2,강한매도,장대음봉,전저점이탈,0.22,-3.09,2026-09-03
FWRD,2.6,16.31,1147609,443707,18.72,8.23,2.3,1.0,1.1,매수관심,양봉,완만한상승,0.52,1.62,2026-09-03
COPY,2.6,16.05,350666,134356,5.63,3.67,1.5,1.0,-0.3,매수관심,팽이도지,전고점돌파,0.35,1.32,2026-09-03
SLP,2.6,18.42,426692,164138,7.86,2.85,2.8,0.1,-0.2,매도주의,장대음봉,잔구간,0.0,-1.3,2026-09-03
PSO,2.6,16.13,1118148,423648,18.04,7.01,2.6,0.8,-0.7,중립,음봉,잔구간,0.47,-0.37,2026-09-03
LHSW,2.5,4.36,924026,369330,4.03,1.63,2.5,4.6,12.4,강한매수,장대양봉,완만한상승,0.94,3.43,2026-09-03
BXBL,2.5,4.44,355711,140404,1.58,0.72,2.2,1.4,5.7,강한매수,장대양봉,완만한상승,0.8,3.26,2026-09-03
TSLQ,2.5,17.6,13055668,5199197,229.78,109.29,2.1,-5.0,-6.2,매도주의,음봉,전저점이탈,0.42,-1.55,2026-09-03
PAYP,2.5,16.93,1142894,462706,19.35,8.31,2.3,0.4,7.2,강한매수,장대양봉,전고점돌파,0.86,3.93,2026-09-03
JANX,2.5,19.8,1686575,675199,33.39,16.93,2.0,0.2,0.4,매수관심,팽이도지,완만한상승,0.58,1.0,2026-09-03
DIV,2.5,19.77,368240,146754,7.28,2.73,2.7,-0.3,-0.6,매도주의,장대음봉,수횡파,0.33,-1.6,2026-09-03
SNOY,2.4,11.87,370435,157416,4.4,2.27,1.9,18.4,-5.0,매도주의,장대음봉,전고점돌파,0.04,-1.05,2026-09-03
MDU,2.4,19.73,3190645,1331549,62.95,26.22,2.4,0.1,-0.5,중립,음봉,잔구간,0.27,-0.49,2026-09-03
OSTX,2.4,1.82,894277,376039,1.63,0.64,2.6,0.6,5.8,강한매수,장대양봉,전고점돌파,0.83,3.9,2026-09-03
CYPH,2.4,2.27,18422323,7570545,41.82,20.71,2.0,5.7,27.9,강한매수,장대양봉,전고점돌파,0.95,4.04,2026-09-03
RGTX,2.4,9.17,1384593,586060,12.7,6.94,1.8,-0.3,4.2,매수관심,장대양봉,잔구간,0.72,1.13,2026-09-03
APC,2.4,18.5,322152,131986,5.96,2.49,2.4,0.7,0.1,중립,팽이도지,잔구간,0.74,0.145,2026-09-03
EVGO,2.4,1.44,9321215,3901879,13.42,4.6,2.9,2.4,12.5,매수관심,장대양봉,잔구간,0.85,1.21,2026-09-03
SST,2.3,3.76,2132013,932615,8.02,3.31,2.4,8.0,15.7,강한매수,장대양봉,전고점돌파,0.84,3.91,2026-09-03
VIVO,2.3,3.92,619355,263595,2.43,1.29,1.9,0.4,0.6,강한매수,양봉스프링,완만한상승,0.89,2.87,2026-09-03
MARO,2.3,4.3,594962,255117,2.56,1.66,1.5,0.0,8.0,강한매수,장대양봉,완만한상승,0.82,3.28,2026-09-03
CIFU,2.3,11.32,782218,339974,8.85,6.95,1.3,-0.9,30.3,강한매수,장대양봉,완만한상승,0.94,3.43,2026-09-03
AVS,2.3,8.17,20714030,9176764,169.23,80.22,2.1,4.3,-1.6,중립,음봉,완만한상승,0.14,-0.23,2026-09-03
GORO,2.3,4.05,2688363,1154617,10.89,6.27,1.7,3.4,1.2,중립,위꼬리양봉,전고점돌파,0.45,0.44,2026-09-03
NWG,2.2,18.95,5386002,2489277,102.06,43.22,2.4,0.9,1.1,강한매수,장대양봉,전고점돌파,0.98,4.08,2026-09-03
RSKD,2.2,6.93,3768121,1697393,26.11,11.29,2.3,0.5,3.7,강한매수,양봉,전고점돌파,0.9,2.68,2026-09-03
RKLX,2.2,14.94,2904725,1295204,43.4,25.21,1.7,5.2,-2.8,중립,음봉,잔구간,0.56,-0.315,2026-09-03
SHIP,2.2,18.53,609457,282143,11.29,5.41,2.1,0.6,-1.0,중립,음봉,잔구간,0.4,-0.41,2026-09-03
LOFF,2.2,16.98,3832648,1741316,65.08,28.81,2.3,1.1,11.5,강한매수,장대양봉,전고점돌파,0.76,3.81,2026-09-03
MIST,2.2,1.21,2029408,934704,2.46,1.48,1.7,3.4,-0.8,매도주의,위꼬리음봉,완만한상승,0.23,-0.92,2026-09-03
NTSK,2.2,14.34,12955434,5922067,185.78,68.56,2.7,12.8,-7.5,매도주의,장대음봉,완만한상승,0.32,-1.32,2026-09-03
MOBX,2.2,1.03,1891482,841922,1.95,2.92,0.7,4.2,-7.6,매도주의,장대음봉,전저점부근,0.25,-1.55,2026-09-03
GBTG,2.2,9.49,2418053,1112817,22.95,22.93,1.0,0.1,0.0,매수관심,양봉스프링,전고점부근,1.0,1.65,2026-09-03
BULL,2.2,10.0,32701962,14628955,327.02,197.49,1.7,2.2,8.7,강한매수,장대양봉,전고점돌파,0.81,3.87,2026-09-03
BITX,2.2,19.18,19240991,8929990,369.04,276.26,1.3,3.1,8.3,강한매수,장대양봉,전고점돌파,0.98,4.08,2026-09-03
BMNZ,2.2,4.82,7962387,3657642,38.38,24.56,1.6,-6.6,-24.3,강한매도,장대음봉,전저점이탈,0.04,-3.3,2026-09-03
WVE,2.1,4.7,6161970,2975119,28.96,16.27,1.8,-1.6,-2.1,중립,음봉,잔구간,0.17,-0.55,2026-09-03
AUR,2.1,6.32,55341252,26679695,349.76,168.19,2.1,1.4,6.6,강한매수,장대양봉,전고점돌파,0.91,3.99,2026-09-03
GNW,2.1,10.38,6074408,2903052,63.05,26.52,2.4,2.7,-0.2,중립,위꼬리음봉,전고점돌파,0.05,-0.54,2026-09-03
VLN,2.1,1.67,1026416,493596,1.71,1.07,1.6,0.0,-3.5,강한매도,장대음봉,전저점이탈,0.33,-2.95,2026-09-03
HIVE,2.1,3.05,25734965,12540161,78.49,62.08,1.3,0.9,11.1,강한매수,장대양봉,완만한상승,0.87,3.34,2026-09-03
BLNK,2.1,0.594,2616003,1224265,1.55,0.6,2.6,2.6,11.6,매수관심,장대양봉,잔구간,0.86,1.215,2026-09-03
BSBR,2.1,6.02,7192952,3465012,43.3,20.6,2.1,1.4,0.8,강한매수,양봉,전고점돌파,0.9,2.68,2026-09-03
TSLT,2.1,14.48,5429221,2537287,78.62,34.3,2.3,4.7,5.8,강한매수,양봉,전고점돌파,0.59,2.31,2026-09-03
UNG,2.1,10.49,22245707,10618563,233.36,110.11,2.1,-0.3,-2.1,중립,음봉,잔구간,0.27,-0.49,2026-09-03
CABA,2.1,3.48,7437330,3520209,25.88,14.56,1.8,1.7,-4.1,중립,음봉,잔구간,0.04,-0.625,2026-09-03
TSL,2.1,14.3,936545,452392,13.39,6.32,2.1,3.2,3.5,강한매수,양봉,전고점돌파,0.58,2.3,2026-09-03
BTBT,2.1,1.63,47142568,22563394,76.84,51.95,1.5,1.4,15.6,강한매수,장대양봉,완만한상승,0.96,3.45,2026-09-03
AMRX,2.1,17.87,2753407,1284994,49.2,26.24,1.9,1.1,-2.1,매도주의,장대음봉,잔구간,0.26,-1.145,2026-09-03
MTRX,2.1,10.55,841419,397465,8.88,3.34,2.7,-4.6,1.8,매수관심,양봉스프링,전저점이탈,0.78,1.09,2026-09-03
SPAX,2.1,10.27,2487741,1181529,25.55,13.32,1.9,0.8,11.9,강한매수,장대양봉,전고점돌파,0.77,3.82,2026-09-03
AI,2.1,10.9,11978574,5790990,130.57,54.4,2.4,2.1,1.4,매수관심,양봉스프링,전고점부근,0.77,1.37,2026-09-03
ZNTL,2.1,4.11,1366548,635816,5.62,3.06,1.8,0.8,8.2,강한매수,장대양봉,전고점돌파,0.97,4.06,2026-09-03
PHR,2.1,11.1,1261675,599331,14.0,7.96,1.8,-7.0,0.7,중립,팽이도지,전저점이탈,0.5,-0.75,2026-09-03
YDES,2.1,3.67,672074,323258,2.47,0.74,3.3,-3.2,0.8,중립,팽이도지,잔구간,0.55,0.03,2026-09-03
ASAN,2.0,10.09,10178297,5047698,102.7,40.95,2.5,3.7,-0.7,중립,팽이도지,완만한상승,0.3,0.66,2026-09-03
FRVO,2.0,17.16,8563656,4294443,146.95,152.86,1.0,1.6,-6.1,매도주의,장대음봉,잔구간,0.21,-1.175,2026-09-03
XRPI,2.0,8.009,395646,198957,3.17,3.97,0.8,3.7,5.8,매수관심,장대양봉,잔구간,0.96,1.275,2026-09-03
GEMI,2.0,4.84,3643183,1785018,17.63,16.03,1.1,2.3,10.3,강한매수,장대양봉,완만한상승,0.95,3.44,2026-09-03
NNOX,2.0,0.713,1414213,722688,1.01,0.66,1.5,0.4,-7.1,강한매도,장대음봉,전저점이탈,0.03,-3.31,2026-09-03
SMCL,2.0,17.169,872172,446491,14.97,11.4,1.3,-2.5,7.4,강한매수,양봉,완만한상승,0.88,2.06,2026-09-03
SKHU,2.0,18.16,507239,256820,9.21,7.23,1.3,-5.4,3.7,매수관심,양봉,수횡파,0.84,1.71,2026-09-03
QTRX,2.0,2.58,842035,410865,2.17,1.32,1.6,0.8,-1.9,중립,망치형,잔구간,0.71,0.625,2026-09-03
BHR,2.0,1.86,600012,301702,1.12,0.75,1.5,1.0,-3.6,강한매도,장대음봉,전저점이탈,0.22,-3.09,2026-09-03
BLOX,2.0,14.25,500605,252979,7.13,4.69,1.5,1.5,5.6,강한매수,장대양봉,완만한상승,0.96,3.45,2026-09-03
HSHP,2.0,17.93,510732,256040,9.16,4.66,2.0,0.3,1.2,강한매수,양봉,전고점돌파,0.79,2.55,2026-09-03
AGMB,2.0,14.83,407964,200083,6.05,2.14,2.8,0.1,8.5,강한매수,장대양봉,전고점돌파,0.92,4.0,2026-09-03
WYFL,2.0,4.51,775676,389006,3.5,1.8,1.9,3.6,12.7,매수관심,장대양봉,잔구간,0.89,1.235,2026-09-03
AIB,2.0,1.26,1724411,880497,2.17,1.24,1.8,0.0,18.9,강한매수,장대양봉,완만한상승,0.95,3.44,2026-09-03
NMAD,2.0,3.655,326729,159592,1.19,0.83,1.4,0.3,-1.7,중립,팽이도지,전저점부근,0.27,0.47,2026-09-03
PLTZ,2.0,8.54,9954927,5016935,85.02,46.66,1.8,-3.6,-12.1,매도주의,장대음봉,잔구간,0.24,-1.155,2026-09-03
MAX,1.9,12.22,808361,426052,9.88,7.36,1.3,-2.2,-0.2,중립,팽이도지,수횡파,0.45,0.54,2026-09-03
CWK,1.9,13.48,2605142,1352003,35.12,21.56,1.6,2.2,1.1,중립,양봉,잔구간,0.49,0.345,2026-09-03
QCML,1.9,15.743,444229,230986,6.99,3.66,1.9,-0.3,-0.5,중립,망치형,잔구간,0.68,0.61,2026-09-03
DFH,1.9,13.8,1045134,550829,14.42,6.69,2.2,2.8,0.4,매수관심,양봉스프링,잔구간,0.76,0.905,2026-09-03
SBET,1.9,8.98,13224205,7125879,118.75,82.85,1.4,3.0,7.7,매수관심,장대양봉,잔구간,0.95,1.27,2026-09-03
ANY,1.9,2.5,410769,212621,1.03,1.6,0.6,0.0,14.2,매수관심,장대양봉,잔구간,0.91,1.245,2026-09-03
XXI,1.9,6.4,2187999,1172386,14.0,10.05,1.4,3.7,7.6,매수관심,장대양봉,잔구간,0.98,1.29,2026-09-03
XRPZ,1.9,15.99,1219608,646505,19.5,12.92,1.5,3.4,6.0,매수관심,장대양봉,잔구간,0.96,1.275,2026-09-03
BMM,1.9,6.09,370350,190215,2.26,1.38,1.6,2.3,-0.2,강한매수,망치형,완만한상승,0.78,2.24,2026-09-03
CRCG,1.9,19.83,5533150,2870910,109.72,61.58,1.8,7.7,23.4,강한매수,장대양봉,전고점돌파,0.99,4.09,2026-09-03
RITM,1.9,10.05,7661051,4065867,76.99,40.32,1.9,1.1,-0.8,중립,음봉,잔구간,0.54,-0.325,2026-09-03
MSTW,1.9,4.93,1740116,913815,8.58,3.87,2.2,4.8,15.7,강한매수,장대양봉,전고점돌파,1.0,4.1,2026-09-03
SENS,1.9,9.9,750548,403632,7.43,6.14,1.2,0.3,-0.7,중립,망치형,잔구간,0.71,0.625,2026-09-03
UTZ,1.9,14.22,2951559,1579850,41.97,37.18,1.1,0.0,0.1,매수관심,양봉,완만한상승,0.57,1.68,2026-09-03
THRY,1.9,1.92,1049200,563435,2.01,1.11,1.8,-0.5,2.7,매수관심,양봉,완만한상승,0.63,1.76,2026-09-03
TSLR,1.9,17.91,2430422,1305508,43.53,21.77,2.0,5.1,5.4,강한매수,양봉,전고점돌파,0.56,2.27,2026-09-03
KLAR,1.9,14.4,11863579,6363439,170.84,111.3,1.5,1.2,-2.2,중립,음봉,잔구간,0.09,-0.595,2026-09-03
LOT,1.9,1.16,1516849,809456,1.76,0.94,1.9,0.0,-2.5,중립,음봉,잔구간,0.2,-0.53,2026-09-03
MARA,1.9,11.6,69078681,36072686,801.31,583.65,1.4,1.2,9.4,강한매수,장대양봉,완만한상승,0.82,3.28,2026-09-03
LE,1.9,10.82,368939,189274,3.99,2.16,1.8,-3.5,-0.5,강한매도,위꼬리음봉,전저점이탈,0.23,-2.57,2026-09-03
BYND,1.9,11.27,1220318,645733,13.75,15.7,0.9,0.3,-2.8,강한매도,장대음봉,전저점이탈,0.04,-3.3,2026-09-03
SKHL,1.8,8.92,1747756,964675,15.59,10.14,1.5,-5.2,3.5,매수관심,양봉,수횡파,0.84,1.71,2026-09-03
CCXI,1.8,13.82,2027004,1147304,28.01,19.9,1.4,4.3,-0.1,중립,팽이도지,잔구간,0.31,-0.115,2026-09-03
HLN,1.8,9.86,16796629,9321384,165.61,89.6,1.8,-0.2,-0.4,중립,망치형,전저점이탈,0.82,0.63,2026-09-03
IART,1.8,16.44,998470,544264,16.41,9.3,1.8,1.7,-3.8,매도주의,장대음봉,잔구간,0.19,-1.185,2026-09-03
ESRT,1.8,4.42,3485624,1913992,15.41,9.79,1.6,0.7,0.0,중립,팽이도지,잔구간,0.55,0.03,2026-09-03
EPRX,1.8,7.5,401899,222066,3.01,3.06,1.0,0.9,-0.3,중립,팽이도지,전고점부근,0.54,-0.4,2026-09-03
ABOS,1.8,3.09,453410,246018,1.4,1.04,1.3,1.0,-1.3,중립,음봉,잔구간,0.35,-0.44,2026-09-03
XHLD,1.8,9.23,6508924,3670337,60.08,24.2,2.5,0.2,-0.3,중립,팽이도지,잔구간,0.39,-0.065,2026-09-03
FLNC,1.8,10.2,8677731,4774797,88.51,62.15,1.4,-5.2,1.9,매수관심,양봉,전저점부근,0.54,1.5,2026-09-03
GERN,1.8,1.51,14234297,7884815,21.49,15.37,1.4,-0.6,-4.4,중립,음봉,잔구간,0.25,-0.5,2026-09-03
BITI,1.8,18.12,2280205,1273387,41.32,39.5,1.0,-1.4,-4.5,강한매도,장대음봉,전저점이탈,0.01,-3.34,2026-09-03
FUBO,1.8,11.59,1795299,988606,20.81,11.91,1.7,7.3,-4.1,중립,음봉,전고점돌파,0.12,0.34,2026-09-03
CIM,1.8,11.57,1122377,635127,12.99,8.43,1.5,1.0,-0.2,중립,망치형,잔구간,0.71,0.625,2026-09-03
RNXT,1.8,2.37,3825185,2174521,9.07,3.04,3.0,0.0,-6.0,중립,망치형,잔구간,0.72,0.63,2026-09-03
FCEL,1.8,14.67,10075903,5623326,147.81,130.92,1.1,-0.8,2.7,중립,양봉,잔구간,0.73,0.49,2026-09-03
CNDT,1.8,1.89,1355064,760210,2.56,1.46,1.7,0.5,-0.5,매도주의,위꼬리음봉,완만한상승,0.08,-1.1,2026-09-03
S,1.8,19.8,16955217,9671046,335.71,185.14,1.8,2.0,-1.3,중립,음봉,완만한상승,0.55,0.26,2026-09-03
SPCH,1.8,10.13,37065183,20149250,375.47,188.62,2.0,0.8,11.7,강한매수,장대양봉,전고점돌파,0.76,3.81,2026-09-03
MQY,1.8,10.88,672993,372464,7.32,4.77,1.5,0.0,0.1,중립,팽이도지,잔구간,0.43,-0.04,2026-09-03
BIII,1.8,10.07,1013174,564209,10.2,7.51,1.4,-0.0,0.1,매수관심,양봉,완만한상승,0.6,1.72,2026-09-03
WNC,1.8,14.26,1260745,681610,17.98,8.39,2.1,1.1,-0.8,매수관심,망치형,전고점부근,0.85,0.97,2026-09-03
BTCS,1.8,1.5,3525063,1982024,5.29,4.99,1.1,4.0,15.4,매수관심,장대양봉,잔구간,0.92,1.25,2026-09-03
NIO,1.8,3.86,63075380,35753639,243.47,171.1,1.4,-1.8,1.8,매수관심,양봉,전저점부근,0.79,1.8,2026-09-03
NVOX,1.8,15.19,393513,221671,5.98,4.81,1.2,5.3,-2.0,중립,음봉,잔구간,0.66,-0.255,2026-09-03
BBCP,1.8,9.05,388204,217658,3.51,1.86,1.9,1.1,0.8,중립,팽이도지,잔구간,0.66,0.095,2026-09-03
KEP,1.8,12.0,1597313,888530,19.17,9.67,2.0,3.4,0.1,중립,팽이도지,잔구간,0.53,0.02,2026-09-03
TIGR,1.8,5.07,4178282,2346972,21.18,15.59,1.4,0.4,5.4,매수관심,장대양봉,잔구간,1.0,1.3,2026-09-03
IKT,1.8,2.52,564219,318916,1.42,0.98,1.5,0.0,0.8,중립,팽이도지,잔구간,0.4,-0.06,2026-09-03
TBI,1.8,9.92,329195,186575,3.27,1.93,1.7,1.5,-4.2,강한매도,장대음봉,전저점이탈,0.4,-2.87,2026-09-03
LYG,1.8,6.1,18021697,9795735,109.93,62.81,1.8,1.0,1.0,강한매수,장대양봉,전고점돌파,1.0,4.1,2026-09-03
SSYS,1.8,7.77,899097,511238,6.99,7.01,1.0,0.4,2.2,강한매수,양봉,완만한상승,0.97,2.16,2026-09-03
WSE,1.7,13.2,1841819,1105982,24.31,12.7,1.9,1.5,0.0,중립,팽이도지,완만한상승,0.36,0.73,2026-09-03
ABTC,1.7,9.34,2541442,1485372,23.74,16.28,1.5,3.9,14.2,강한매수,장대양봉,전고점부근,0.9,2.03,2026-09-03
GMEU,1.7,5.76,968053,561277,5.58,2.61,2.1,0.4,2.5,강한매수,장대양봉,전고점돌파,0.65,3.68,2026-09-03
GLNK,1.7,10.53,414961,249360,4.37,3.9,1.1,3.0,3.9,매수관심,장대양봉,잔구간,0.98,1.29,2026-09-03
GME.WS,1.7,2.8,1263167,749818,3.54,1.97,1.8,5.8,2.9,매수관심,팽이도지,완만한상승,0.49,0.89,2026-09-03
WRN,1.7,2.41,1392130,818688,3.36,2.46,1.4,2.5,-2.8,중립,음봉,잔구간,0.5,-0.35,2026-09-03
AVEX,1.7,16.32,1844468,1078827,30.1,22.14,1.4,2.3,1.4,매수관심,양봉스프링,잔구간,0.93,1.01,2026-09-03
HNRG,1.7,16.11,801846,476760,12.92,9.34,1.4,0.0,-1.5,강한매수,망치형,수횡파,0.69,2.83,2026-09-03
ICL,1.7,5.83,1519516,920388,8.86,6.56,1.4,1.2,-1.4,중립,음봉,잔구간,0.41,-0.405,2026-09-03
SLNH,1.7,1.2,13646307,7847979,16.38,10.42,1.6,2.8,8.1,중립,양봉,잔구간,0.6,0.41,2026-09-03
CCO,1.7,2.38,6570607,3964712,15.64,18.18,0.9,0.4,0.4,매수관심,양봉,완만한상승,0.67,1.8,2026-09-03
KYIV,1.7,14.27,781522,457608,11.15,5.4,2.1,0.8,4.2,강한매수,장대양봉,전고점돌파,0.88,3.96,2026-09-03
LBTYK,1.7,10.4,1622015,974829,16.87,12.57,1.3,0.0,-0.2,중립,팽이도지,수횡파,0.32,0.38,2026-09-03
INVZ,1.7,0.326,4066179,2429346,1.32,0.8,1.7,-1.0,1.2,중립,팽이도지,잔구간,0.56,0.035,2026-09-03
TRDA,1.7,7.17,395559,238961,2.84,1.74,1.6,0.1,-1.9,중립,음봉,잔구간,0.34,-0.445,2026-09-03
TSLL,1.7,10.38,152804922,90603715,1586.12,910.49,1.7,4.9,5.6,강한매수,양봉,전고점돌파,0.58,2.3,2026-09-03
WNTR,1.7,17.4,315140,181603,5.48,4.76,1.2,-3.4,-8.6,강한매도,장대음봉,전저점이탈,0.05,-3.29,2026-09-03
GSM,1.7,4.53,1389468,841030,6.29,4.9,1.3,0.7,-0.4,중립,팽이도지,전고점부근,0.42,-0.55,2026-09-03
VNM,1.7,17.9,1053992,616829,18.87,9.7,1.9,-0.5,-0.3,중립,음봉,전저점부근,0.41,-0.06,2026-09-03
AURA,1.7,7.37,875874,515017,6.46,4.74,1.4,1.1,-2.8,중립,음봉,잔구간,0.29,-0.475,2026-09-03
VSTM,1.7,7.98,2627109,1503299,20.96,13.64,1.5,0.1,-0.6,중립,팽이도지,잔구간,0.32,-0.11,2026-09-03
HLMN,1.7,7.68,1691066,1008812,12.99,8.31,1.6,0.1,1.2,중립,양봉,잔구간,0.71,0.475,2026-09-03
MIR,1.7,16.76,5538789,3323050,92.83,51.37,1.8,4.7,2.8,강한매수,양봉,전고점돌파,0.53,2.24,2026-09-03
SPCU,1.7,13.52,2569676,1510713,34.74,17.54,2.0,0.8,12.0,강한매수,장대양봉,전고점돌파,0.78,3.84,2026-09-03
METD,1.7,15.651,807125,477409,12.63,7.82,1.6,-2.1,-0.9,매도주의,음봉,전저점이탈,0.62,-1.31,2026-09-03
CLSK,1.7,12.58,23534016,13585557,296.06,218.61,1.4,0.8,10.2,매수관심,장대양봉,잔구간,0.94,1.265,2026-09-03
CLSX,1.7,12.35,848410,492937,10.48,5.99,1.7,1.3,20.6,매수관심,장대양봉,잔구간,0.94,1.265,2026-09-03
NRK,1.7,10.01,392050,235694,3.92,2.61,1.5,0.1,-0.7,강한매도,음봉,전저점이탈,0.0,-2.05,2026-09-03
CRBU,1.7,1.57,1349959,805988,2.12,1.5,1.4,0.6,-2.5,중립,음봉,잔구간,0.48,-0.36,2026-09-03
MSTX,1.7,17.33,13083653,7884569,226.74,145.94,1.6,7.9,25.1,강한매수,장대양봉,전고점돌파,0.99,4.09,2026-09-03
NAD,1.7,11.46,1051717,628207,12.05,7.1,1.7,0.4,0.1,강한매수,양봉스프링,완만한상승,0.75,2.7,2026-09-03
DHY,1.7,1.71,1172877,698645,2.01,1.2,1.7,0.6,-1.2,매도주의,장대음봉,잔구간,0.33,-1.1,2026-09-03
RCAX,1.7,3.116,432783,250176,1.35,0.88,1.5,8.4,-2.9,중립,음봉,완만한상승,0.41,0.09,2026-09-03
XP,1.7,20.0,8825833,5332070,176.52,99.57,1.8,3.8,-3.6,강한매도,장대음봉,전고점부근,0.35,-3.63,2026-09-03
PLTD,1.7,4.95,40694389,24130802,201.44,149.71,1.3,-1.9,-6.1,매도주의,장대음봉,잔구간,0.22,-1.17,2026-09-03
CNH,1.7,13.84,37561452,21806495,519.85,385.15,1.3,0.4,0.9,매수관심,양봉스프링,전고점부근,0.9,1.53,2026-09-03
APPX,1.7,12.93,1759619,1063416,22.75,16.28,1.4,2.3,-5.8,중립,음봉,잔구간,0.19,-0.535,2026-09-03
FWRG,1.7,11.7,1244330,738434,14.56,10.04,1.4,1.5,-4.8,강한매도,장대음봉,전저점이탈,0.11,-3.22,2026-09-03
FLO,1.7,6.45,12129904,6976112,78.24,58.97,1.3,-0.4,-3.0,매도주의,음봉,전저점이탈,0.33,-1.65,2026-09-03
EVMN,1.7,12.0,594235,346789,7.13,5.1,1.4,1.8,-5.5,강한매도,장대음봉,전저점이탈,0.3,-2.99,2026-09-03
ADCT,1.7,1.32,2774762,1675505,3.66,2.01,1.8,0.0,0.0,중립,팽이도지,완만한상승,0.29,0.65,2026-09-03
WLTH,1.6,9.33,1721658,1059419,16.06,10.94,1.5,1.0,2.5,매수관심,장대양봉,잔구간,0.79,1.175,2026-09-03
FMC,1.6,12.98,4903663,3116958,63.65,34.88,1.8,-0.2,-2.4,중립,음봉,잔구간,0.58,-0.3,2026-09-03
XRP,1.6,16.45,2683453,1704997,44.14,44.98,1.0,3.4,6.1,매수관심,장대양봉,잔구간,0.95,1.27,2026-09-03
PREF,1.6,18.77,307803,188595,5.78,5.35,1.1,0.1,0.1,매수관심,양봉,완만한상승,0.67,1.8,2026-09-03
CONL,1.6,6.48,28603216,17375046,185.35,148.89,1.2,7.4,11.9,매수관심,장대양봉,잔구간,0.79,1.175,2026-09-03
PBR.A,1.6,18.58,13347521,8107001,248.0,137.68,1.8,1.9,-3.0,매도주의,장대음봉,잔구간,0.05,-1.27,2026-09-03
ORCU,1.6,8.51,5618201,3410777,47.81,23.81,2.0,2.1,9.1,강한매수,장대양봉,완만한상승,0.73,3.18,2026-09-03
PAGS,1.6,9.96,4048942,2496148,40.33,22.68,1.8,0.8,0.4,강한매수,양봉스프링,전고점돌파,0.9,3.48,2026-09-03
AVTR,1.6,15.19,9319125,5836154,141.56,88.39,1.6,0.9,2.8,강한매수,장대양봉,전고점돌파,0.98,4.08,2026-09-03
VFC,1.6,13.14,8111106,5097624,106.58,78.76,1.4,2.0,-2.5,매도주의,장대음봉,잔구간,0.36,-1.085,2026-09-03
BTE,1.6,4.95,24529550,15393965,121.42,68.31,1.8,-0.2,-2.2,중립,음봉,잔구간,0.11,-0.585,2026-09-03
SMTK,1.6,2.38,440405,271611,1.05,3.98,0.3,-0.8,-5.2,중립,음봉,전저점부근,0.12,-0.41,2026-09-03
CYCU,1.6,3.59,813849,511683,2.92,1.98,1.5,3.3,14.7,매수관심,장대양봉,잔구간,0.73,1.14,2026-09-03
SGMT,1.6,10.92,1142062,720320,12.47,10.6,1.2,2.0,-2.5,중립,음봉,잔구간,0.48,-0.36,2026-09-03
RRGB,1.6,8.23,450579,285345,3.71,2.91,1.3,1.2,-3.9,매도주의,음봉,전저점이탈,0.48,-1.47,2026-09-03
CIFR,1.6,17.37,37199386,23244307,646.15,487.43,1.3,-0.5,15.0,강한매수,장대양봉,전고점부근,0.92,2.05,2026-09-03
MAT,1.6,14.3,4035509,2516197,57.71,45.97,1.3,0.1,-2.5,강한매도,장대음봉,전저점이탈,0.15,-3.17,2026-09-03
MFG,1.6,11.32,4031737,2573627,45.64,27.78,1.6,1.3,1.0,강한매수,장대양봉,전고점돌파,0.93,4.02,2026-09-03
ARDT,1.6,10.76,509470,325072,5.48,3.56,1.5,1.3,-2.6,매도주의,장대음봉,잔구간,0.06,-1.265,2026-09-03
MRLN,1.6,3.36,2117143,1326591,7.11,4.01,1.8,1.8,15.9,매수관심,장대양봉,잔구간,0.96,1.275,2026-09-03
CEPL,1.6,5.88,564787,349977,3.32,2.34,1.4,-0.2,6.7,중립,양봉,잔구간,0.82,0.54,2026-09-03
MSTY,1.6,16.29,2790211,1723809,45.45,32.96,1.4,2.2,10.7,강한매수,장대양봉,전고점돌파,0.99,4.09,2026-09-03
CPNG,1.6,15.51,24240944,14777430,375.98,205.81,1.8,1.1,-3.9,강한매도,장대음봉,전저점이탈,0.07,-3.27,2026-09-03
CMCO,1.6,18.25,606864,388381,11.08,6.81,1.6,1.3,2.8,강한매수,양봉,완만한상승,0.99,2.19,2026-09-03
NX,1.6,18.76,453699,281532,8.51,5.19,1.6,0.8,-1.7,중립,음봉,잔구간,0.01,-0.645,2026-09-03
RKLZ,1.6,4.198,3820060,2441386,16.04,12.58,1.3,-5.0,3.1,중립,양봉,잔구간,0.46,0.325,2026-09-03
ANGO,1.6,15.47,438279,268928,6.78,3.83,1.8,1.0,-2.0,매도주의,음봉,전저점이탈,0.46,-1.5,2026-09-03
OABI,1.6,4.75,2011179,1289940,9.55,8.83,1.1,0.8,-6.5,매도주의,장대음봉,잔구간,0.27,-1.14,2026-09-03
IHS,1.6,8.47,1916969,1168588,16.24,12.36,1.3,0.0,0.5,강한매수,양봉,전고점돌파,0.75,2.5,2026-09-03
GLAS,1.6,8.6,1064043,675815,9.15,4.86,1.9,0.2,0.4,매수관심,팽이도지,완만한상승,0.43,0.82,2026-09-03
GNLX,1.6,2.52,510440,314334,1.29,0.91,1.4,0.0,-1.2,중립,팽이도지,전저점이탈,0.5,-0.75,2026-09-03
VALE,1.6,15.31,43803444,27725510,670.63,451.26,1.5,1.6,-4.2,매도주의,장대음봉,잔구간,0.17,-1.2,2026-09-03
VREX,1.6,18.52,1091725,686784,20.22,12.88,1.6,0.1,0.2,강한매수,장대양봉,완만한상승,0.83,3.3,2026-09-03
VGZ,1.6,2.33,1382027,884840,3.22,2.16,1.5,2.7,1.3,중립,양봉,잔구간,0.68,0.46,2026-09-03
GPRO,1.6,1.39,179025133,114483294,248.84,131.05,1.9,5.3,-21.9,매도주의,장대음봉,잔구간,0.07,-1.26,2026-09-03
CAG,1.6,15.62,13056995,8398366,203.95,152.83,1.3,-1.0,-2.5,강한매도,장대음봉,전저점이탈,0.09,-3.24,2026-09-03
IOVA,1.6,8.7,14637233,8897939,127.34,131.83,1.0,0.3,0.6,중립,팽이도지,전고점부근,0.63,-0.29,2026-09-03
BBAR,1.6,15.09,1426678,899907,21.53,15.57,1.4,1.7,-2.8,중립,음봉,수횡파,0.27,-0.38,2026-09-03
CAN,1.6,0.393,27542613,17324419,10.83,12.82,0.8,9.9,16.3,매수관심,장대양봉,잔구간,0.99,1.295,2026-09-03
TAK,1.6,18.71,2853635,1794745,53.39,33.55,1.6,1.7,-0.2,매수관심,팽이도지,전고점돌파,0.6,1.62,2026-09-03
LABX,1.6,10.23,849828,544663,8.69,6.36,1.4,-4.0,10.7,강한매수,장대양봉,완만한상승,1.0,3.5,2026-09-03
LADR,1.6,9.82,1274913,776472,12.52,7.81,1.6,1.4,-1.3,중립,음봉,잔구간,0.36,-0.435,2026-09-03
EAF,1.6,6.3,392520,248031,2.47,1.88,1.3,0.4,-6.2,매도주의,장대음봉,전저점부근,0.07,-1.77,2026-09-03
LFTO,1.6,18.72,685824,432728,12.84,10.21,1.3,1.5,-1.4,중립,음봉,완만한상승,0.4,0.08,2026-09-03
YEXT,1.5,6.44,1646038,1113600,10.6,7.78,1.4,4.0,-5.4,매도주의,장대음봉,잔구간,0.08,-1.25,2026-09-03
VYGR,1.5,3.38,619979,400916,2.1,1.41,1.5,0.0,-4.5,매도주의,장대음봉,수횡파,0.15,-1.82,2026-09-03
ACHV,1.5,8.31,1532540,1052176,12.74,9.62,1.3,0.1,-2.1,중립,음봉,잔구간,0.24,-0.505,2026-09-03
VVR,1.5,2.93,1119251,756948,3.28,2.1,1.6,0.3,0.3,매수관심,양봉,완만한상승,0.67,1.8,2026-09-03
TMQ,1.5,3.27,1364050,897677,4.46,4.21,1.1,2.0,-7.9,강한매도,장대음봉,전저점이탈,0.11,-3.22,2026-09-03
LAR,1.5,6.82,2349361,1619094,16.02,12.57,1.3,2.2,-2.7,중립,음봉,잔구간,0.39,-0.415,2026-09-03
LUNR,1.5,14.7,6839264,4692101,100.54,97.48,1.0,2.2,-3.2,중립,음봉,잔구간,0.44,-0.385,2026-09-03
LMRI,1.5,11.9,339462,232210,4.04,4.45,0.9,1.7,-0.4,중립,팽이도지,잔구간,0.55,0.03,2026-09-03
BTDR,1.5,11.91,16210051,10701309,193.06,151.45,1.3,3.4,7.3,매수관심,장대양봉,전고점부근,0.85,1.97,2026-09-03
BBD,1.5,3.46,42591679,28206214,147.37,90.14,1.6,2.0,-1.7,매도주의,음봉,전고점부근,0.39,-1.28,2026-09-03
BTG,1.5,5.69,53083446,35643698,302.04,194.23,1.6,3.6,1.5,중립,양봉,잔구간,1.0,0.65,2026-09-03
PTON,1.5,5.38,9748290,6498544,52.45,32.63,1.6,0.4,0.6,중립,팽이도지,잔구간,0.53,0.02,2026-09-03
PRCH,1.5,18.06,1744306,1143863,31.5,16.92,1.9,1.4,0.4,매수관심,팽이도지,전고점돌파,0.44,1.43,2026-09-03
PMT,1.5,9.63,1314566,873901,12.66,11.1,1.1,0.9,0.3,매수관심,양봉스프링,전고점부근,0.88,1.51,2026-09-03
PFFD,1.5,18.23,964463,631516,17.58,12.8,1.4,0.1,0.4,매수관심,장대양봉,잔구간,0.78,1.17,2026-09-03
CMTG,1.5,1.6,943321,622635,1.51,1.15,1.3,2.6,2.6,중립,양봉,잔구간,0.87,0.57,2026-09-03
HSLV,1.5,5.92,889886,587703,5.27,3.74,1.4,3.7,1.4,매수관심,양봉스프링,전고점부근,0.93,1.57,2026-09-03
EOSE,1.5,3.5,23375058,15163691,81.81,93.13,0.9,-1.2,-1.8,매도주의,위꼬리음봉,잔구간,0.16,-0.955,2026-09-03
WULF,1.5,16.23,37184707,24243381,603.51,444.62,1.4,-0.5,10.1,매수관심,장대양봉,잔구간,0.99,1.295,2026-09-03
BTGO,1.5,7.52,2048410,1390019,15.4,11.98,1.3,0.8,5.5,강한매수,장대양봉,전고점돌파,0.66,3.69,2026-09-03
ASTX,1.5,11.08,3858443,2561837,42.75,34.94,1.2,2.1,-3.1,중립,음봉,잔구간,0.34,-0.445,2026-09-03
MAMA,1.5,15.96,705520,464403,11.26,7.79,1.4,-0.1,2.2,매수관심,양봉,완만한상승,0.74,1.89,2026-09-03
RXO,1.5,20.0,1781018,1183834,35.62,30.42,1.2,1.9,-0.8,중립,망치형,잔구간,0.75,0.65,2026-09-03
CRGY,1.5,13.96,6340060,4256850,88.51,67.35,1.3,-1.0,-1.2,중립,음봉,잔구간,0.15,-0.56,2026-09-03
CPRI,1.5,13.24,5186533,3485130,68.67,50.71,1.4,0.6,3.6,매수관심,장대양봉,잔구간,0.89,1.235,2026-09-03
NUVB,1.5,6.77,5275583,3597338,35.72,28.92,1.2,1.4,-3.7,중립,음봉,잔구간,0.25,-0.5,2026-09-03
NAK,1.5,1.51,4371634,2884113,6.6,5.88,1.1,1.3,-6.2,강한매도,장대음봉,전저점이탈,0.21,-3.1,2026-09-03
ETHT,1.5,17.61,2766895,1835941,48.73,45.15,1.1,2.2,8.1,강한매수,장대양봉,완만한상승,0.88,3.36,2026-09-03
UGP,1.5,7.16,4579018,3039510,32.79,19.08,1.7,1.3,-0.8,강한매수,망치형,완만한상승,0.66,2.09,2026-09-03
TAL,1.5,11.99,8161676,5325088,97.86,71.18,1.4,-0.8,-0.3,중립,팽이도지,잔구간,0.29,-0.125,2026-09-03
DRVN,1.5,13.58,1143146,780259,15.52,11.88,1.3,1.7,3.7,강한매수,장대양봉,전고점돌파,0.97,4.06,2026-09-03
BTCT,1.5,1.92,6670386,4504912,12.81,70.62,0.2,5.1,3.8,매수관심,양봉,완만한상승,0.5,1.6,2026-09-03
LYNX,1.5,13.08,597887,398625,7.82,11.99,0.7,-0.3,-0.2,중립,팽이도지,잔구간,0.59,0.055,2026-09-03
NKTX,1.5,2.79,730084,485605,2.04,1.44,1.4,0.2,0.7,매수관심,팽이도지,완만한상승,0.46,0.85,2026-09-03
NOK,1.5,9.77,82023571,54522568,801.37,548.96,1.5,-0.8,0.1,매수관심,양봉스프링,잔구간,0.94,1.015,2026-09-03
DEFT,1.5,0.679,2722437,1832905,1.85,2.09,0.9,0.1,4.5,매수관심,장대양봉,잔구간,1.0,1.3,2026-09-03
SHC,1.5,19.03,2469902,1678535,47.0,37.37,1.3,1.2,-0.8,중립,망치형,잔구간,0.7,0.62,2026-09-03
CRVS,1.5,14.65,938429,632195,13.75,8.92,1.5,1.3,1.9,중립,양봉,잔구간,0.91,0.595,2026-09-03
GOTU,1.5,2.2,665333,455189,1.46,0.74,2.0,-0.5,0.9,매수관심,팽이도지,완만한상승,0.5,0.9,2026-09-03
BSCU,1.5,16.465,759899,491497,12.51,11.66,1.1,0.2,-0.1,매도주의,장대음봉,잔구간,0.25,-1.15,2026-09-03
PYXS,1.5,3.565,812184,530101,2.9,1.85,1.6,-1.1,-3.9,중립,음봉,잔구간,0.4,-0.41,2026-09-03
CWVX,1.5,15.01,938486,621348,14.09,10.22,1.4,-2.6,11.6,매수관심,장대양봉,잔구간,0.95,1.27,2026-09-03
WDI,1.4,12.72,363075,260036,4.62,3.22,1.4,0.2,-0.6,매도주의,장대음봉,잔구간,0.38,-1.07,2026-09-03
WCMI,1.4,19.85,718075,529382,14.25,22.76,0.6,1.0,0.2,매수관심,양봉스프링,잔구간,0.93,1.01,2026-09-03
WDCX,1.4,16.825,1327670,930947,22.34,21.28,1.0,-2.2,-1.0,중립,망치형,잔구간,0.74,0.645,2026-09-03
XMAX,1.4,8.67,605412,448104,5.25,4.5,1.2,0.5,-1.7,강한매도,장대음봉,전저점이탈,0.06,-3.28,2026-09-03
FNB,1.4,18.47,4480657,3219341,82.76,56.37,1.5,0.5,0.5,매수관심,양봉,완만한상승,0.54,1.65,2026-09-03
BMBL,1.4,2.87,2999200,2110226,8.61,5.55,1.6,0.0,1.4,중립,위꼬리양봉,완만한상승,0.26,-0.39,2026-09-03
OCUL,1.4,10.64,2128709,1542061,22.65,21.74,1.0,0.7,-3.1,중립,음봉,잔구간,0.34,-0.445,2026-09-03
OXSQ,1.4,1.35,1544740,1133823,2.09,1.79,1.2,0.4,-0.7,중립,음봉,잔구간,0.0,-0.65,2026-09-03
PEB,1.4,17.73,2473539,1827963,43.86,33.47,1.3,0.7,-3.2,매도주의,장대음봉,잔구간,0.0,-1.3,2026-09-03
PLX,1.4,2.62,942012,673306,2.47,1.65,1.5,0.0,1.2,매수관심,양봉,완만한상승,0.53,1.64,2026-09-03
PROP,1.4,0.471,2168533,1542382,1.02,1.12,0.9,-0.2,3.3,중립,양봉,잔구간,0.94,0.615,2026-09-03
DFNS,1.4,10.18,995807,731847,10.14,27.14,0.4,-0.2,10.2,매수관심,장대양봉,잔구간,0.64,1.085,2026-09-03
SRAD,1.4,13.11,2288711,1645415,30.01,23.86,1.3,0.6,0.8,매수관심,양봉,완만한상승,0.74,1.89,2026-09-03
DLO,1.4,15.78,2672055,1870795,42.17,36.0,1.2,0.8,0.5,강한매도,위꼬리양봉,전고점부근,0.22,-2.79,2026-09-03
SBSW,1.4,13.12,7077090,5161941,92.85,71.92,1.3,2.9,1.5,강한매수,양봉,전고점돌파,0.96,2.75,2026-09-03
SECZ,1.4,7.1,1645905,1162798,11.69,10.05,1.2,0.3,8.7,강한매수,장대양봉,완만한상승,0.83,3.3,2026-09-03
CXDO,1.4,5.92,334366,241995,1.98,1.68,1.2,2.0,-2.1,중립,음봉,잔구간,0.09,-0.595,2026-09-03
SB,1.4,9.01,1043773,738852,9.4,7.21,1.3,0.2,-1.1,중립,음봉,잔구간,0.14,-0.565,2026-09-03
RWT,1.4,4.48,2018053,1424903,9.04,5.67,1.6,1.1,-1.3,중립,음봉,잔구간,0.54,-0.325,2026-09-03
RZLV,1.4,2.2,36084891,26615724,79.39,84.93,0.9,0.4,-6.0,강한매도,장대음봉,전저점이탈,0.26,-3.04,2026-09-03
BDN,1.4,3.05,2060123,1457481,6.28,5.13,1.2,1.7,-1.0,중립,음봉,잔구간,0.25,-0.5,2026-09-03
BGS,1.4,3.36,2255981,1557606,7.58,6.39,1.2,0.0,-2.6,강한매도,장대음봉,전저점이탈,0.25,-3.05,2026-09-03
DEC,1.4,15.72,1005381,719644,15.8,10.53,1.5,0.9,2.2,강한매수,양봉,전고점돌파,0.81,2.57,2026-09-03
CXM,1.4,6.24,6973727,4913617,43.52,37.24,1.2,0.3,-10.5,강한매도,장대음봉,전저점이탈,0.03,-3.31,2026-09-03
AMC,1.4,2.54,24538645,17739282,62.33,47.05,1.3,1.5,-5.2,강한매도,장대음봉,전저점이탈,0.09,-3.24,2026-09-03
QNRX,1.4,7.87,439230,325031,3.46,19.86,0.2,1.0,15.6,강한매수,장대양봉,완만한상승,0.93,3.42,2026-09-03
QTTB,1.4,12.8,491580,340730,6.29,6.25,1.0,-0.5,-5.3,강한매도,장대음봉,전저점이탈,0.07,-3.27,2026-09-03
RCEL,1.4,10.94,320143,229065,3.5,3.11,1.1,1.3,0.4,매수관심,팽이도지,전고점돌파,0.48,1.48,2026-09-03
ANGX,1.4,4.49,1185114,870580,5.32,4.1,1.3,1.3,-1.3,매도주의,위꼬리음봉,완만한상승,0.24,-0.91,2026-09-03
ANGI,1.4,4.86,1040203,749819,5.06,3.58,1.4,1.6,-3.6,중립,음봉,잔구간,0.02,-0.64,2026-09-03
OBIO,1.4,4.74,325585,230456,1.54,1.25,1.2,0.4,-4.6,강한매도,장대음봉,전저점이탈,0.12,-3.21,2026-09-03
CX,1.4,10.87,4698146,3417224,51.07,56.59,0.9,0.9,1.9,매수관심,장대양봉,잔구간,0.89,1.235,2026-09-03
NUV,1.4,8.88,653153,477365,5.8,4.01,1.4,0.0,-0.3,매도주의,음봉,전저점이탈,0.27,-1.73,2026-09-03
NOMD,1.4,11.5,1625763,1154049,18.7,16.88,1.1,0.5,-1.3,매도주의,음봉,전저점이탈,0.44,-1.52,2026-09-03
CSQR,1.4,18.36,933660,669888,17.14,15.34,1.1,0.4,1.5,중립,양봉,잔구간,0.38,0.28,2026-09-03
CRWG,1.4,18.03,961597,700201,17.34,15.65,1.1,-2.3,11.4,매수관심,장대양봉,잔구간,0.95,1.27,2026-09-03
MVST,1.4,0.7,9671210,6836942,6.77,5.63,1.2,-0.5,1.4,중립,양봉,잔구간,0.63,0.43,2026-09-03
MUD,1.4,10.42,5639083,4081147,58.76,50.82,1.2,-0.3,0.0,매도주의,위꼬리양봉,수횡파,0.04,-0.95,2026-09-03
PUSA,1.4,3.77,635728,466415,2.4,2.89,0.8,0.3,-2.1,중립,음봉,잔구간,0.28,-0.48,2026-09-03
PUBM,1.4,16.96,782716,548837,13.27,10.24,1.3,0.4,-2.8,중립,음봉,잔구간,0.16,-0.555,2026-09-03
AHCO,1.4,6.42,3210980,2316702,20.61,14.34,1.4,1.3,4.9,강한매수,장대양봉,전고점돌파,0.92,4.0,2026-09-03
MPT,1.4,4.04,8872072,6209703,35.84,29.47,1.2,1.0,-1.5,중립,음봉,잔구간,0.45,-0.38,2026-09-03
ARMG,1.4,15.92,692546,487341,11.03,9.11,1.2,-2.6,9.0,강한매수,양봉,완만한상승,0.91,2.09,2026-09-03
ARTV,1.4,11.125,365624,256200,4.07,2.99,1.4,0.3,-1.9,중립,음봉,잔구간,0.39,-0.415,2026-09-03
MICC,1.4,19.74,870873,636700,17.19,14.33,1.2,0.4,-0.9,중립,음봉,잔구간,0.45,-0.38,2026-09-03
STGW,1.4,8.9,1268690,880059,11.29,8.88,1.3,1.2,-0.1,중립,망치형,잔구간,0.73,0.64,2026-09-03
ASM,1.4,7.69,5356901,3741518,41.19,30.65,1.3,4.0,-1.4,강한매수,망치형,완만한상승,0.6,2.02,2026-09-03
JOBY,1.4,6.87,29588102,21210578,203.27,161.18,1.3,2.3,-1.6,중립,음봉,잔구간,0.22,-0.52,2026-09-03
ASTN,1.4,4.63,871544,639144,4.04,5.66,0.7,-2.6,4.0,매수관심,양봉,완만한상승,0.64,1.77,2026-09-03
ASTL,1.4,4.45,1118151,791051,4.98,5.35,0.9,1.5,0.0,매수관심,팽이도지,전고점돌파,0.68,1.72,2026-09-03
IMXI,1.4,14.46,415841,302134,6.01,4.94,1.2,1.1,-0.6,중립,음봉,완만한상승,0.6,0.32,2026-09-03
BTCZ,1.4,3.18,19522258,14271467,62.08,50.61,1.2,-2.6,-8.9,강한매도,장대음봉,전저점이탈,0.03,-3.31,2026-09-03
JBS,1.4,13.14,5934727,4317758,77.98,69.05,1.1,-1.4,-1.6,매도주의,음봉,전저점이탈,0.47,-1.49,2026-09-03
IQ,1.4,0.882,14398359,10265564,12.71,9.13,1.4,1.1,1.5,중립,위꼬리양봉,잔구간,0.22,-0.67,2026-09-03
TRLV,1.4,11.99,2080853,1491030,24.95,16.6,1.5,1.7,0.8,매수관심,팽이도지,완만한상승,0.73,1.18,2026-09-03
TROX,1.4,4.88,3382501,2356227,16.51,11.37,1.5,1.2,-5.8,강한매도,장대음봉,전저점이탈,0.06,-3.28,2026-09-03
STNE,1.4,10.32,6521465,4622056,67.3,73.84,0.9,3.4,-3.8,매도주의,장대음봉,잔구간,0.17,-1.2,2026-09-03
BITU,1.4,14.86,5275147,3653962,78.39,85.9,0.9,3.0,8.4,강한매수,장대양봉,전고점돌파,0.98,4.08,2026-09-03
BTQ,1.4,2.98,3837108,2666158,11.43,7.96,1.4,-0.9,-8.0,매도주의,장대음봉,잔구간,0.23,-1.16,2026-09-03
HSAI,1.4,18.46,2770566,1952083,51.14,30.85,1.7,5.5,5.5,매수관심,장대양봉,전고점부근,0.76,1.86,2026-09-03
IIIV,1.4,16.54,517252,375800,8.56,7.17,1.2,1.1,-2.6,중립,음봉,잔구간,0.5,-0.35,2026-09-03
HUYA,1.4,2.09,1287804,941654,2.69,3.72,0.7,0.5,0.0,중립,팽이도지,잔구간,0.5,0.0,2026-09-03
GRNT,1.4,5.08,2184259,1606249,11.1,7.45,1.5,-0.2,-1.4,중립,음봉,수횡파,0.42,-0.2,2026-09-03
HAWK,1.4,17.32,1582868,1125874,27.42,20.48,1.3,2.0,-3.8,매도주의,장대음봉,잔구간,0.28,-1.13,2026-09-03
UPXI,1.4,1.07,6349872,4451504,6.79,5.53,1.2,6.7,4.4,매수관심,장대양봉,잔구간,0.86,1.215,2026-09-03
BRBS,1.4,3.95,1451979,1015455,5.74,3.93,1.5,0.5,-0.5,중립,음봉,완만한상승,0.14,-0.23,2026-09-03
VERX,1.4,13.78,1863342,1345070,25.68,16.18,1.6,3.9,-1.6,중립,음봉,잔구간,0.19,-0.535,2026-09-03
XRPC,1.4,15.63,397204,280773,6.21,7.41,0.8,3.2,6.2,매수관심,장대양봉,잔구간,0.97,1.28,2026-09-03
ZURA,1.4,5.88,1776132,1244079,10.44,12.65,0.8,0.4,3.3,중립,양봉,잔구간,0.86,0.565,2026-09-03
AAOX,1.4,9.8,6446904,4596978,63.18,90.94,0.7,-3.0,-3.1,강한매수,망치형,전저점부근,0.51,2.76,2026-09-03
QXO,1.3,13.46,13293433,10436457,178.93,165.35,1.1,1.2,0.6,중립,위꼬리양봉,잔구간,0.42,-0.55,2026-09-03
ADBG,1.3,5.44,2263961,1767015,12.32,11.35,1.1,4.1,0.3,중립,위꼬리양봉,완만한상승,0.23,-0.42,2026-09-03
AADX,1.3,12.53,2043252,1627942,25.6,25.62,1.0,1.4,1.3,매수관심,양봉스프링,잔구간,0.86,0.965,2026-09-03
ARCO,1.3,8.25,1304690,990365,10.76,8.42,1.3,1.0,-0.5,강한매수,망치형,완만한상승,0.65,2.08,2026-09-03
METC,1.3,12.35,3337786,2511431,41.22,29.11,1.4,-1.1,-13.3,매도주의,장대음봉,잔구간,0.19,-1.185,2026-09-03
RDW,1.3,10.37,11882919,8972494,123.23,115.48,1.1,2.1,-1.7,중립,음봉,잔구간,0.37,-0.43,2026-09-03
FWDI,1.3,6.68,2788351,2159006,18.63,15.68,1.2,4.6,2.0,매수관심,양봉,완만한상승,0.65,1.78,2026-09-03
GDXD,1.3,15.38,5405553,4186245,83.14,78.44,1.1,-10.3,-1.3,매도주의,위꼬리음봉,잔구간,0.1,-0.99,2026-09-03
GBDC,1.3,12.97,1173998,937114,15.23,13.32,1.1,-0.2,0.3,매수관심,팽이도지,완만한상승,0.54,0.95,2026-09-03
WETO,1.3,3.22,5813263,4390819,18.72,51.63,0.4,3.6,-20.9,매도주의,장대음봉,전저점부근,0.17,-1.65,2026-09-03
FHTX,1.3,4.87,442157,344784,2.15,3.29,0.7,-0.2,-5.6,강한매도,장대음봉,전저점이탈,0.08,-3.25,2026-09-03
CLPT,1.3,14.05,640937,486945,9.01,9.19,1.0,0.1,-2.0,매도주의,음봉,전저점이탈,0.23,-1.77,2026-09-03
RLMD,1.3,4.37,847511,653300,3.7,3.91,0.9,0.2,-4.0,매도주의,장대음봉,잔구간,0.16,-1.205,2026-09-03
RPC,1.3,8.56,702755,533731,6.02,4.18,1.4,2.2,0.8,매수관심,양봉스프링,잔구간,0.86,0.965,2026-09-03
ERY,1.3,8.75,9766598,7528152,85.46,58.1,1.5,-0.2,1.6,중립,양봉,잔구간,0.96,0.625,2026-09-03
DOMO,1.3,3.79,1264197,961238,4.79,3.98,1.2,2.4,0.3,중립,팽이도지,완만한상승,0.41,0.79,2026-09-03
LENZ,1.3,5.83,835136,642894,4.87,3.05,1.6,1.7,-1.2,중립,망치형,전고점부근,0.56,0.62,2026-09-03
TAC,1.3,11.81,1373315,1085095,16.22,24.36,0.7,0.6,-0.8,중립,음봉,잔구간,0.36,-0.435,2026-09-03
LAND,1.3,9.76,1227720,909615,11.98,7.84,1.5,0.6,0.0,중립,팽이도지,전고점부근,0.69,-0.22,2026-09-03
KBWD,1.3,12.455,326119,249012,4.06,3.64,1.1,0.5,-0.3,매수관심,팽이도지,완만한상승,0.44,0.83,2026-09-03
TNYA,1.3,0.695,1555103,1163019,1.08,1.07,1.0,-0.1,-0.5,매도주의,위꼬리음봉,수횡파,0.22,-1.24,2026-09-03
NEA,1.3,11.0,1181113,942611,12.99,10.68,1.2,0.3,-0.3,중립,음봉,전저점부근,0.0,-0.55,2026-09-03
NEO,1.3,17.46,2247358,1703204,39.24,33.53,1.2,0.6,-0.2,중립,팽이도지,잔구간,0.48,-0.01,2026-09-03
ONDG,1.3,2.35,3791713,2855307,8.91,7.57,1.2,2.1,-2.5,매도주의,위꼬리음봉,잔구간,0.2,-0.93,2026-09-03
ATEC,1.3,9.33,1856101,1400252,17.32,13.4,1.3,1.5,0.0,중립,팽이도지,잔구간,0.69,0.115,2026-09-03
LAB,1.3,0.674,2120541,1623823,1.43,1.26,1.1,1.4,-1.3,중립,팽이도지,완만한상승,0.3,0.66,2026-09-03
HAFN,1.3,8.93,2412836,1831044,21.55,13.04,1.7,-0.1,0.7,중립,양봉,전고점부근,0.41,0.14,2026-09-03
AIIO,1.3,1.78,965731,733172,1.72,1.66,1.0,5.3,-0.6,중립,팽이도지,잔구간,0.36,-0.085,2026-09-03
BVS,1.3,14.36,670203,500704,9.62,8.16,1.2,0.9,-1.0,중립,망치형,잔구간,0.78,0.67,2026-09-03
SNDL,1.3,1.41,1297667,1028874,1.83,1.77,1.0,0.0,-0.7,중립,망치형,잔구간,0.67,0.6,2026-09-03
BUR,1.3,4.3,1647160,1223135,7.08,5.38,1.3,2.1,-0.9,중립,음봉,완만한상승,0.4,0.08,2026-09-03
LI,1.3,12.06,3174080,2492363,38.28,35.73,1.1,-0.3,0.8,강한매수,양봉스프링,완만한상승,0.8,2.76,2026-09-03
PANL,1.3,8.29,523580,388981,4.34,3.25,1.3,0.2,-0.5,중립,팽이도지,잔구간,0.51,0.005,2026-09-03
OWL,1.3,11.84,24068588,18549413,284.97,205.56,1.4,1.1,0.9,매수관심,팽이도지,완만한상승,0.63,1.06,2026-09-03
OSS,1.3,9.76,798277,620105,7.79,8.22,0.9,0.1,-0.9,중립,망치형,잔구간,0.65,0.59,2026-09-03
COMP,1.3,11.06,14975985,11905389,165.63,113.94,1.5,2.3,2.1,중립,양봉,잔구간,0.59,0.405,2026-09-03
BKKT,1.3,8.38,1473561,1111475,12.35,13.84,0.9,4.2,8.3,매수관심,장대양봉,잔구간,0.94,1.265,2026-09-03
VNDA,1.3,5.34,756161,602973,4.04,3.88,1.0,0.4,-3.8,매도주의,장대음봉,수횡파,0.15,-1.82,2026-09-03
DFDV,1.3,6.08,2717633,2083352,16.52,10.8,1.5,7.2,8.7,강한매수,장대양봉,전고점돌파,0.92,4.0,2026-09-03
GMRS,1.3,13.41,526262,410352,7.06,7.1,1.0,0.3,4.5,강한매수,장대양봉,완만한상승,0.94,3.43,2026-09-03
LUNL,1.3,3.8,1286080,991080,4.89,4.78,1.0,3.4,-5.2,중립,음봉,잔구간,0.5,-0.35,2026-09-03
MUC,1.3,10.43,528076,395872,5.51,3.92,1.4,0.1,-0.6,강한매도,장대음봉,전저점이탈,0.0,-3.35,2026-09-03
MPLT,1.3,13.14,863543,661100,11.35,7.78,1.5,1.1,-0.5,중립,팽이도지,완만한상승,0.37,0.74,2026-09-03
DRTS,1.3,14.62,630232,470358,9.21,10.52,0.9,4.7,-2.5,중립,음봉,잔구간,0.4,-0.41,2026-09-03
PERI,1.3,9.23,581225,432936,5.36,3.88,1.4,0.0,-1.8,중립,음봉,전저점부근,0.25,-0.25,2026-09-03
CNXU,1.3,5.27,305015,227165,1.61,2.13,0.8,-1.3,-4.0,매도주의,음봉,전저점이탈,0.12,-1.91,2026-09-03
COLD,1.3,14.11,3769850,2983769,53.19,49.68,1.1,1.1,-4.3,강한매도,장대음봉,전저점이탈,0.15,-3.17,2026-09-03
NVA,1.3,5.84,419053,319241,2.45,1.64,1.5,2.7,0.5,강한매수,양봉스프링,완만한상승,0.76,2.71,2026-09-03
OBE,1.3,12.03,825164,653021,9.93,7.04,1.4,1.0,-1.4,중립,음봉,잔구간,0.2,-0.53,2026-09-03
NVAX,1.3,10.34,6226630,4923794,64.38,59.05,1.1,0.9,-0.7,강한매수,망치형,완만한상승,0.76,2.21,2026-09-03
BAER,1.3,1.09,1048595,786294,1.14,1.35,0.8,5.2,-2.2,중립,음봉,잔구간,0.29,-0.475,2026-09-03
CERT,1.3,8.13,2125056,1618992,17.28,16.54,1.0,0.8,-2.6,중립,음봉,잔구간,0.31,-0.465,2026-09-03
ACB,1.3,3.89,1562037,1237496,6.08,5.06,1.2,0.0,-3.5,중립,음봉,수횡파,0.27,-0.38,2026-09-03
INTR,1.3,5.8,4264495,3236436,24.73,20.8,1.2,2.6,-3.8,매도주의,장대음봉,잔구간,0.21,-1.175,2026-09-03
FDUS,1.3,19.58,361667,272118,7.08,5.84,1.2,0.9,-1.0,중립,음봉,잔구간,0.34,-0.445,2026-09-03
VTEX,1.3,3.61,891790,675671,3.22,2.32,1.4,1.4,-1.1,중립,음봉,완만한상승,0.15,-0.22,2026-09-03
FCUV,1.3,19.69,393312,313268,7.74,2.88,2.7,1.3,28.2,강한매수,장대양봉,전고점돌파,0.94,4.03,2026-09-03
FNKO,1.3,5.69,1695861,1306827,9.65,7.7,1.3,1.2,-6.1,강한매도,장대음봉,전저점이탈,0.08,-3.25,2026-09-03
EVLV,1.3,4.97,2009944,1533613,9.99,8.75,1.1,0.2,-2.7,강한매도,장대음봉,전저점이탈,0.16,-3.16,2026-09-03
XPEV,1.3,11.14,7065872,5416919,78.71,105.75,0.7,-1.3,1.9,중립,양봉,잔구간,0.86,0.565,2026-09-03
DNN,1.3,3.41,30751870,22783516,104.86,102.41,1.0,2.8,3.0,강한매수,장대양봉,완만한상승,1.0,3.5,2026-09-03
YSS,1.3,8.51,2681333,2108481,22.82,25.41,0.9,2.0,-3.7,중립,음봉,잔구간,0.21,-0.525,2026-09-03
INO,1.3,1.36,4199673,3177279,5.71,4.79,1.2,0.7,-0.7,중립,팽이도지,완만한상승,0.3,0.66,2026-09-03
HPK,1.3,8.29,376293,279937,3.12,2.5,1.2,0.6,1.2,강한매수,양봉,완만한상승,1.0,2.2,2026-09-03
KRNT,1.3,16.05,307551,242210,4.94,4.11,1.2,0.7,-1.3,중립,음봉,잔구간,0.6,-0.29,2026-09-03
JPMpM,1.3,16.66,334795,253671,5.58,5.34,1.0,0.2,-0.4,매도주의,위꼬리음봉,잔구간,0.09,-0.995,2026-09-03
UNCY,1.3,5.3,836925,641350,4.44,3.6,1.2,0.2,1.9,중립,양봉,잔구간,0.85,0.56,2026-09-03
CCOI,1.3,9.98,1851915,1422788,18.48,15.96,1.2,0.0,-2.3,중립,망치형,잔구간,0.72,0.63,2026-09-03
IE,1.3,9.83,1944695,1520617,19.12,21.32,0.9,2.4,-4.8,강한매도,장대음봉,전저점이탈,0.2,-3.11,2026-09-03
USDE,1.3,8.765,6839576,5252836,59.95,125.46,0.5,8.1,8.1,중립,양봉,잔구간,0.84,0.555,2026-09-03
TTD,1.3,15.09,23640114,18557569,356.73,220.85,1.6,2.1,1.5,강한매수,양봉스프링,전고점돌파,0.88,3.46,2026-09-03
EGHT,1.3,1.92,1538391,1170107,2.95,2.37,1.2,1.1,3.2,매수관심,장대양봉,잔구간,0.75,1.15,2026-09-03
HYPD,1.3,3.3,535575,407248,1.77,2.38,0.7,1.3,6.5,매수관심,장대양봉,잔구간,0.87,1.22,2026-09-03
TSLG,1.3,5.16,72971107,55371263,376.53,245.31,1.5,5.2,5.5,강한매수,양봉,전고점돌파,0.57,2.28,2026-09-03
EIKN,1.3,10.96,384278,307407,4.21,4.61,0.9,0.6,-4.3,매도주의,장대음봉,잔구간,0.07,-1.26,2026-09-03
AUTL,1.3,2.29,1910186,1435103,4.37,4.14,1.1,0.9,1.3,중립,양봉,잔구간,0.5,0.35,2026-09-03
ATS,1.3,19.57,346196,260633,6.78,5.06,1.3,1.1,1.8,강한매수,양봉,완만한상승,0.93,2.12,2026-09-03
GRFS,1.3,7.88,513398,393817,4.05,2.84,1.4,0.9,-0.3,중립,팽이도지,완만한상승,0.39,0.77,2026-09-03
CIFG,1.3,4.59,1312786,1006697,6.03,5.21,1.2,-0.1,28.6,강한매수,장대양봉,완만한상승,0.91,3.39,2026-09-03
IVR,1.3,7.1,2849610,2274381,20.23,18.67,1.1,1.3,-1.8,강한매도,장대음봉,전저점이탈,0.13,-3.19,2026-09-03
TBCH,1.2,12.52,468108,376182,5.86,6.03,1.0,0.5,-0.1,매수관심,팽이도지,완만한상승,0.71,1.15,2026-09-03
ADT,1.2,7.51,7510573,6067832,56.4,43.91,1.3,1.2,-0.9,매도주의,장대음봉,완만한상승,0.09,-1.59,2026-09-03
LCTX,1.2,1.1,917013,741831,1.01,0.92,1.1,0.0,-0.9,중립,음봉,잔구간,0.43,-0.39,2026-09-03
LZ,1.2,6.4,2177222,1794234,13.93,13.56,1.0,1.5,-3.3,중립,음봉,잔구간,0.03,-0.63,2026-09-03
PRLD,1.2,5.25,577964,502360,3.03,4.37,0.7,0.2,-3.5,중립,음봉,전저점부근,0.27,-0.23,2026-09-03
DNP,1.2,10.75,833557,679873,8.96,6.45,1.4,0.1,-0.6,매도주의,음봉,전저점이탈,0.25,-1.75,2026-09-03
SOLZ,1.2,10.5,1826362,1496443,19.18,19.51,1.0,2.2,3.9,매수관심,장대양봉,잔구간,0.9,1.24,2026-09-03
GDRX,1.2,3.53,1460649,1231972,5.16,5.74,0.9,0.9,1.4,중립,양봉,잔구간,0.58,0.4,2026-09-03
RKT,1.2,14.22,27867632,23515272,396.28,312.78,1.3,2.9,1.9,중립,양봉,잔구간,0.75,0.5,2026-09-03
ETHA,1.2,19.02,43205013,36644092,821.76,942.31,0.9,1.2,4.2,강한매수,장대양봉,완만한상승,0.9,3.38,2026-09-03
VXX,1.2,17.62,9171102,7582743,161.59,126.18,1.3,-0.7,-1.6,강한매도,장대음봉,전저점이탈,0.0,-3.35,2026-09-03
SOFX,1.2,9.85,1430322,1211189,14.09,11.48,1.2,1.6,5.6,매수관심,장대양봉,잔구간,0.71,1.125,2026-09-03
CORZ,1.2,17.9,13694158,11875804,245.13,194.66,1.3,0.0,6.5,매수관심,장대양봉,잔구간,0.99,1.295,2026-09-03
BDTX,1.2,2.1,609843,515659,1.28,1.27,1.0,0.5,-2.3,중립,음봉,잔구간,0.38,-0.42,2026-09-03
RUN,1.2,8.93,7322369,6330937,65.39,59.55,1.1,0.2,-0.6,중립,팽이도지,잔구간,0.44,-0.035,2026-09-03
STUB,1.2,6.53,6854770,5729924,44.76,37.59,1.2,1.1,4.5,중립,양봉,잔구간,0.63,0.43,2026-09-03
RPD,1.2,11.47,2042975,1743087,23.43,21.11,1.1,2.9,0.7,매수관심,양봉스프링,잔구간,0.85,0.96,2026-09-03
RIG,1.2,6.02,43503813,36001583,261.89,207.88,1.3,0.8,-4.0,매도주의,장대음봉,잔구간,0.04,-1.275,2026-09-03
RCAT,1.2,8.54,6479374,5369065,55.33,54.36,1.0,4.7,-2.0,중립,음봉,완만한상승,0.43,0.12,2026-09-03
MFA,1.2,8.87,1580601,1283152,14.02,12.77,1.1,0.9,-0.3,중립,망치형,잔구간,0.54,0.525,2026-09-03
MBLY,1.2,8.32,3709372,2972180,30.86,28.52,1.1,0.9,-3.0,매도주의,장대음봉,잔구간,0.15,-1.21,2026-09-03
MNTS,1.2,4.15,581046,477997,2.41,2.53,1.0,0.7,-1.9,중립,음봉,잔구간,0.09,-0.595,2026-09-03
ZVRA,1.2,12.54,890552,719790,11.17,9.81,1.1,1.0,1.0,강한매수,양봉,전고점돌파,0.97,2.76,2026-09-03
ACP,1.2,5.0,434149,355071,2.17,2.03,1.1,-0.6,-1.2,강한매도,장대음봉,전저점이탈,0.14,-3.18,2026-09-03
AAOG,1.2,2.185,2072723,1723063,4.53,7.04,0.6,-1.5,-4.2,매도주의,음봉,전저점이탈,0.54,-1.4,2026-09-03
XERS,1.2,8.59,1598271,1312178,13.73,11.3,1.2,0.7,-0.6,중립,팽이도지,잔구간,0.49,-0.005,2026-09-03
SVOL,1.2,16.66,375998,320968,6.26,5.52,1.1,0.1,0.5,강한매수,장대양봉,전고점돌파,0.83,3.9,2026-09-03
GGB,1.2,4.95,12794437,10851125,63.33,52.66,1.2,1.6,-2.0,중립,음봉,잔구간,0.37,-0.43,2026-09-03
AIRS,1.2,2.54,813026,682917,2.07,1.92,1.1,0.4,2.8,매수관심,장대양봉,잔구간,0.82,1.19,2026-09-03
BTAL,1.2,12.32,611527,515549,7.53,6.74,1.1,0.5,-0.8,매도주의,장대음봉,잔구간,0.2,-1.18,2026-09-03
COHH,1.2,4.98,806232,692347,4.02,4.55,0.9,0.2,-3.3,중립,음봉,전저점부근,0.66,0.24,2026-09-03
SKHX,1.2,13.84,1986654,1631289,27.5,26.31,1.0,-4.6,3.3,매수관심,양봉,수횡파,0.87,1.74,2026-09-03
SKYX,1.2,1.29,1051783,868132,1.36,1.27,1.1,-0.8,1.6,매수관심,양봉,수횡파,0.42,1.2,2026-09-03
SMCX,1.2,12.3,5213783,4185118,64.13,62.81,1.0,-2.1,6.9,강한매수,양봉,완만한상승,0.86,2.03,2026-09-03
NHP,1.2,15.99,340464,280501,5.44,7.51,0.7,0.7,-1.7,매도주의,장대음봉,잔구간,0.37,-1.08,2026-09-03
NKLR,1.2,5.02,316433,265021,1.59,1.6,1.0,1.7,-4.7,매도주의,장대음봉,전저점부근,0.09,-1.74,2026-09-03
KYTX,1.2,8.35,595292,504693,4.97,6.07,0.8,1.1,-4.1,매도주의,장대음봉,잔구간,0.14,-1.215,2026-09-03
VIXY,1.2,16.95,2438967,2059921,41.34,40.19,1.0,-0.4,-1.5,매도주의,장대음봉,잔구간,0.03,-1.28,2026-09-03
GUTS,1.2,0.687,2462880,2080892,1.69,1.51,1.1,1.0,-3.7,매도주의,장대음봉,잔구간,0.01,-1.295,2026-09-03
SBH,1.2,16.47,1159254,949742,19.09,16.5,1.2,0.3,0.5,매수관심,양봉스프링,잔구간,0.91,0.995,2026-09-03
RYLD,1.2,16.21,556981,473839,9.03,7.81,1.2,0.3,0.0,매수관심,팽이도지,완만한상승,0.75,1.2,2026-09-03
SANA,1.2,3.92,2639107,2142420,10.35,8.98,1.2,1.0,-0.3,중립,망치형,잔구간,0.75,0.65,2026-09-03
SATL,1.2,4.63,3805437,3148693,17.62,19.66,0.9,2.3,-4.3,중립,음봉,잔구간,0.27,-0.49,2026-09-03
ONDL,1.2,5.9,1586286,1371617,9.36,7.92,1.2,2.2,-2.3,매도주의,위꼬리음봉,잔구간,0.21,-0.925,2026-09-03
ECAT,1.2,15.29,564950,482569,8.64,6.44,1.3,0.7,-0.3,중립,음봉,잔구간,0.35,-0.44,2026-09-03
CTOS,1.2,8.94,1198876,970720,10.72,8.24,1.3,0.6,-0.9,중립,음봉,잔구간,0.39,-0.415,2026-09-03
TLRY,1.2,4.53,3800418,3298445,17.22,15.94,1.1,1.5,-1.3,중립,음봉,잔구간,0.42,-0.4,2026-09-03
HE,1.2,11.09,2608346,2236972,28.93,25.3,1.1,0.5,0.8,중립,양봉,잔구간,0.56,0.385,2026-09-03
HBNC,1.2,19.67,549475,444653,10.81,8.74,1.2,0.7,-0.6,중립,음봉,완만한상승,0.07,-0.32,2026-09-03
PAYO,1.2,7.18,2115034,1730845,15.19,12.21,1.2,0.3,0.6,강한매수,장대양봉,전고점돌파,1.0,4.1,2026-09-03
NBIG,1.2,15.12,1781252,1522662,26.93,27.17,1.0,-1.2,7.3,중립,양봉,잔구간,0.93,0.61,2026-09-03
AEMD,1.2,1.93,683481,572808,1.32,15.17,0.1,-1.6,7.8,중립,양봉,잔구간,0.67,0.45,2026-09-03
GRPN,1.2,18.86,996652,847353,18.8,19.15,1.0,1.3,-1.1,매수관심,팽이도지,완만한상승,0.55,0.96,2026-09-03
CNTN,1.2,2.25,642800,515018,1.45,1.5,1.0,1.4,6.6,강한매수,장대양봉,완만한상승,0.94,3.43,2026-09-03
PCT,1.2,6.32,2925156,2428086,18.49,19.94,0.9,-0.2,0.0,중립,팽이도지,잔구간,0.6,0.06,2026-09-03
MUZ,1.2,9.15,11102660,8986846,101.59,77.71,1.3,-0.2,-0.5,매도주의,위꼬리음봉,수횡파,0.04,-1.45,2026-09-03
DAMD,1.2,1.75,31084523,26433357,54.4,45.39,1.2,1.1,-0.6,매도주의,위꼬리음봉,완만한상승,0.2,-0.96,2026-09-03
GME,1.2,19.23,7226764,6029545,138.97,118.69,1.2,0.2,1.2,강한매수,양봉,전고점돌파,0.6,2.32,2026-09-03
GRRR,1.2,13.72,1318100,1123813,18.08,18.99,1.0,0.4,-0.4,중립,팽이도지,완만한상승,0.41,0.79,2026-09-03
BLRK,1.2,10.09,425109,353832,4.29,3.05,1.4,0.2,-0.1,매도주의,음봉,전고점부근,0.5,-1.15,2026-09-03
SNAP,1.2,5.7,37517360,30852880,213.85,209.26,1.0,2.0,0.0,중립,위꼬리양봉,완만한상승,0.05,-0.64,2026-09-03
TRIN,1.2,18.35,932223,754860,17.11,14.88,1.1,1.0,-1.5,매도주의,장대음봉,잔구간,0.23,-1.16,2026-09-03
SGML,1.2,12.77,1404366,1178473,17.93,16.89,1.1,-0.4,-0.2,중립,팽이도지,잔구간,0.57,0.04,2026-09-03
APPS,1.2,10.88,3126169,2628953,34.01,26.93,1.3,2.2,8.8,매수관심,장대양봉,잔구간,0.94,1.265,2026-09-03
NXDR,1.2,2.25,2381558,1909522,5.36,4.12,1.3,0.9,-2.2,중립,음봉,잔구간,0.0,-0.65,2026-09-03
CCCC,1.2,3.74,2228464,1859983,8.33,8.51,1.0,1.1,-2.3,중립,음봉,잔구간,0.27,-0.49,2026-09-03
CDXS,1.2,1.42,1010687,816340,1.44,1.61,0.9,0.3,-4.1,강한매도,장대음봉,전저점이탈,0.11,-3.22,2026-09-03
IEP,1.2,6.94,695927,590679,4.83,7.35,0.7,0.0,2.1,강한매수,장대양봉,전고점돌파,0.94,4.03,2026-09-03
ICLN,1.2,17.63,7577516,6110076,133.59,125.76,1.1,0.3,1.2,강한매수,장대양봉,완만한상승,0.92,3.4,2026-09-03
UROY,1.2,4.44,2431942,2097448,10.8,9.12,1.2,1.2,2.3,중립,양봉,잔구간,0.94,0.615,2026-09-03
BSCQ,1.2,19.53,1142752,928668,22.32,20.01,1.1,0.0,0.0,중립,위꼬리양봉,완만한상승,0.0,-0.7,2026-09-03
NRGV,1.2,3.79,3858787,3257283,14.62,11.26,1.3,-0.6,7.4,매수관심,장대양봉,잔구간,0.9,1.24,2026-09-03
NPWR,1.2,1.82,675615,577880,1.23,2.03,0.6,1.7,1.1,중립,양봉,잔구간,0.71,0.475,2026-09-03
NXH,1.2,3.89,2378828,1942986,9.25,8.39,1.1,1.0,0.8,중립,위꼬리양봉,잔구간,0.17,-0.7,2026-09-03
OPRT,1.2,7.41,301209,248129,2.23,2.17,1.0,1.5,-1.8,중립,음봉,잔구간,0.06,-0.615,2026-09-03
ASG,1.2,5.15,323616,262941,1.67,1.12,1.5,0.4,0.8,매수관심,장대양봉,잔구간,1.0,1.3,2026-09-03
IVA,1.2,4.84,1041889,902529,5.04,3.61,1.4,4.5,-4.7,매도주의,장대음봉,잔구간,0.32,-1.11,2026-09-03
TU,1.2,9.74,6288007,5422849,61.25,51.14,1.2,1.1,0.6,중립,양봉,잔구간,0.75,0.5,2026-09-03
AXTX,1.2,5.08,11568296,9340813,58.77,66.69,0.9,-3.7,1.2,중립,팽이도지,잔구간,0.7,0.12,2026-09-03
FFAI,1.2,1.76,1108587,928967,1.95,2.86,0.7,0.0,-8.3,강한매도,장대음봉,전저점이탈,0.05,-3.29,2026-09-03
INMD,1.2,14.84,523009,434710,7.76,6.69,1.2,0.3,-1.0,중립,음봉,잔구간,0.26,-0.495,2026-09-03
IREZ,1.2,10.2,1995413,1624749,20.35,16.95,1.2,1.5,-11.2,강한매도,장대음봉,전저점이탈,0.06,-3.28,2026-09-03
ANIX,1.2,3.05,409261,336287,1.25,1.04,1.2,0.3,-2.9,매도주의,음봉,전저점이탈,0.23,-1.77,2026-09-03
NMR,1.2,10.62,705313,581756,7.49,6.07,1.2,1.9,1.7,강한매수,장대양봉,전고점돌파,0.95,4.04,2026-09-03
OFIX,1.2,9.31,335729,288253,3.13,2.91,1.1,1.3,-2.0,중립,음봉,잔구간,0.65,-0.26,2026-09-03
NWBI,1.2,15.51,1095540,914257,16.99,12.51,1.4,0.4,0.1,중립,위꼬리양봉,전고점돌파,0.26,0.21,2026-09-03
WTI,1.2,3.89,3129989,2690810,12.18,11.39,1.1,0.8,0.5,강한매수,양봉스프링,완만한상승,1.0,3.0,2026-09-03
ALM,1.2,17.84,6017023,4961317,107.34,111.69,1.0,1.6,-0.7,중립,망치형,잔구간,0.83,0.7,2026-09-03
VTRS,1.2,16.94,8032034,6964910,136.06,120.07,1.1,0.8,-1.6,중립,음봉,잔구간,0.28,-0.48,2026-09-03
BZAI,1.2,0.501,2808016,2303006,1.41,1.46,1.0,0.0,5.1,매수관심,양봉,완만한상승,0.82,1.98,2026-09-03
PURR,1.2,12.77,36490638,31164387,465.99,369.45,1.3,2.9,9.6,매수관심,장대양봉,잔구간,0.88,1.23,2026-09-03
EVTL,1.2,0.6,5880861,4710227,3.53,3.4,1.0,9.4,-6.3,중립,음봉,잔구간,0.14,-0.565,2026-09-03
EXK,1.2,11.47,9876211,7984648,113.28,106.52,1.1,4.2,-1.1,중립,망치형,잔구간,0.66,0.595,2026-09-03
CLVT,1.2,2.15,3973366,3251499,8.54,7.89,1.1,2.4,1.9,중립,위꼬리양봉,완만한상승,0.36,-0.27,2026-09-03
RES,1.2,6.47,1643030,1411645,10.63,8.92,1.2,0.0,-1.5,중립,음봉,잔구간,0.12,-0.58,2026-09-03
FRNM,1.1,16.9,967092,877785,16.34,12.9,1.3,-0.5,6.5,강한매수,장대양봉,전고점돌파,0.83,3.9,2026-09-03
PWP,1.1,16.93,867353,793951,14.68,13.03,1.1,2.1,1.1,매수관심,양봉스프링,잔구간,0.76,0.905,2026-09-03
PTLO,1.1,4.4,1188114,1072874,5.23,5.37,1.0,0.9,-3.1,중립,음봉,잔구간,0.36,-0.435,2026-09-03
CLBK,1.1,11.7,3410133,3031436,39.9,33.63,1.2,0.4,0.0,매수관심,팽이도지,완만한상승,0.51,0.91,2026-09-03
BORR,1.1,4.61,4339146,4074092,20.0,20.2,1.0,0.8,-4.9,매도주의,장대음봉,잔구간,0.16,-1.205,2026-09-03
SSL,1.1,12.35,1437400,1322572,17.75,17.42,1.0,-1.3,-1.4,중립,음봉,잔구간,0.06,-0.615,2026-09-03
CANE,1.1,11.39,371714,331658,4.23,3.44,1.2,-3.0,0.7,중립,양봉,잔구간,0.63,0.43,2026-09-03
CATX,1.1,3.12,931703,831928,2.91,2.79,1.0,-0.3,1.0,매수관심,양봉,완만한상승,0.82,1.98,2026-09-03
DGXX,1.1,3.72,2239560,2053060,8.33,9.11,0.9,2.0,6.3,매수관심,장대양봉,잔구간,0.79,1.175,2026-09-03
DJT,1.1,9.52,3729807,3344162,35.51,35.93,1.0,1.8,2.3,매수관심,양봉,완만한상승,0.57,1.68,2026-09-03
XFOR,1.1,4.04,409440,358667,1.65,2.02,0.8,0.5,-0.5,강한매수,망치형,완만한상승,0.63,2.06,2026-09-03
XRAY,1.1,11.43,3925070,3569992,44.86,38.32,1.2,1.9,-0.7,매수관심,팽이도지,완만한상승,0.51,0.91,2026-09-03
YMAX,1.1,7.69,1355033,1178413,10.42,8.98,1.2,2.1,0.9,중립,양봉,잔구간,0.79,0.525,2026-09-03
CFFN,1.1,8.8,805135,723881,7.09,6.47,1.1,0.6,0.7,강한매수,양봉,전고점돌파,0.82,2.58,2026-09-03
IONL,1.1,12.4,489242,427873,6.07,6.27,1.0,2.1,4.7,중립,양봉,잔구간,0.63,0.43,2026-09-03
CRCT,1.1,5.85,791315,708524,4.63,4.54,1.0,0.7,0.9,중립,위꼬리양봉,수횡파,0.44,-0.47,2026-09-03
CRK,1.1,14.95,2609387,2471621,39.01,49.4,0.8,-0.6,-3.2,매도주의,장대음봉,잔구간,0.06,-1.265,2026-09-03
NMFC,1.1,7.47,422863,390139,3.16,2.78,1.1,0.5,-0.3,중립,망치형,잔구간,0.67,0.6,2026-09-03
NMRK,1.1,14.915,1645651,1442120,24.54,21.04,1.2,2.1,0.7,중립,위꼬리양봉,잔구간,0.45,-0.53,2026-09-03
OGN,1.1,13.77,3922681,3531640,54.02,48.33,1.1,0.0,0.0,강한매수,양봉스프링,완만한상승,0.82,2.78,2026-09-03
NVTS,1.1,11.1,12144723,10653257,134.81,147.71,0.9,-0.9,-0.1,중립,팽이도지,잔구간,0.37,-0.08,2026-09-03
AMZD,1.1,8.458,9669984,9205167,81.79,81.16,1.0,-0.6,-1.0,매도주의,장대음봉,잔구간,0.08,-1.25,2026-09-03
ANNX,1.1,4.84,2313562,2059387,11.2,11.17,1.0,0.0,-1.8,중립,음봉,잔구간,0.27,-0.49,2026-09-03
AOD,1.1,10.75,526600,473260,5.66,4.72,1.2,0.3,0.7,강한매수,장대양봉,완만한상승,1.0,3.5,2026-09-03
SIGA,1.1,3.23,830215,738449,2.68,2.41,1.1,0.3,0.3,매수관심,팽이도지,완만한상승,0.6,1.02,2026-09-03
SION,1.1,6.75,1243913,1155019,8.4,8.63,1.0,0.0,-7.7,매도주의,장대음봉,잔구간,0.06,-1.265,2026-09-03
CDZI,1.1,4.01,842064,776749,3.38,4.18,0.8,0.0,-1.5,중립,음봉,수횡파,0.22,-0.44,2026-09-03
IFRX,1.1,2.23,666374,591228,1.49,2.43,0.6,0.4,-3.0,중립,음봉,잔구간,0.26,-0.495,2026-09-03
USAS,1.1,5.54,4635350,4220038,25.68,27.81,0.9,4.1,-1.9,중립,음봉,잔구간,0.48,-0.36,2026-09-03
USOY,1.1,7.345,314861,278439,2.31,1.91,1.2,-0.3,-0.2,중립,팽이도지,잔구간,0.4,-0.06,2026-09-03
BRCB,1.1,9.4,382998,357385,3.6,3.39,1.1,2.1,-3.5,매도주의,장대음봉,잔구간,0.22,-1.17,2026-09-03
BRSL,1.1,11.34,1502727,1369189,17.04,18.35,0.9,1.3,0.3,매수관심,양봉스프링,잔구간,0.88,0.98,2026-09-03
UAA,1.1,5.19,6729581,5989212,34.93,34.55,1.0,1.0,-0.2,중립,팽이도지,완만한상승,0.29,0.65,2026-09-03
UPWK,1.1,9.19,3212833,2801185,29.53,21.19,1.4,1.6,0.2,중립,위꼬리양봉,완만한상승,0.3,-0.34,2026-09-03
OCTV,1.1,19.98,2574349,2325460,51.44,38.37,1.3,4.0,1.1,강한매수,양봉스프링,완만한상승,0.79,2.75,2026-09-03
NRDS,1.1,9.91,537322,470420,5.32,5.73,0.9,1.3,-2.0,중립,음봉,잔구간,0.05,-0.62,2026-09-03
NTLA,1.1,12.68,3004964,2816315,38.1,41.45,0.9,0.8,-1.4,중립,음봉,잔구간,0.54,-0.325,2026-09-03
TRVI,1.1,17.06,1428042,1290688,24.36,25.05,1.0,0.2,-0.2,중립,망치형,잔구간,0.87,0.72,2026-09-03
TSSI,1.1,8.1,817184,735576,6.62,6.44,1.0,1.0,2.5,중립,양봉,잔구간,0.71,0.475,2026-09-03
TUYA,1.1,1.9,578343,516842,1.1,1.49,0.7,0.5,1.6,강한매수,장대양봉,완만한상승,0.67,3.1,2026-09-03
KEEL,1.1,3.35,37227783,35170581,124.71,117.78,1.1,1.3,6.3,매수관심,장대양봉,잔구간,0.88,1.23,2026-09-03
HIO,1.1,3.47,390732,354962,1.36,1.17,1.2,0.6,-0.6,매도주의,장대음봉,완만한상승,0.33,-1.3,2026-09-03
HNST,1.1,5.85,2576812,2361148,15.07,13.45,1.1,3.0,-0.7,강한매수,망치형,완만한상승,0.66,2.09,2026-09-03
HPP,1.1,12.74,555607,525882,7.08,7.89,0.9,1.3,-3.8,매도주의,장대음봉,잔구간,0.05,-1.27,2026-09-03
ENGN,1.1,1.83,634651,552257,1.16,1.28,0.9,0.5,-3.7,매도주의,장대음봉,잔구간,0.27,-1.14,2026-09-03
ONDS,1.1,7.63,73062016,69380158,557.46,491.46,1.1,1.1,-0.8,매도주의,위꼬리음봉,잔구간,0.24,-0.905,2026-09-03
OPRA,1.1,18.44,353445,319916,6.52,6.56,1.0,0.9,-1.0,중립,음봉,잔구간,0.1,-0.59,2026-09-03
SHNY,1.1,10.2,1275631,1205171,13.01,16.51,0.8,5.0,-0.4,중립,팽이도지,잔구간,0.26,-0.145,2026-09-03
SHO,1.1,11.01,2990770,2742335,32.93,23.26,1.4,0.5,-0.5,중립,음봉,잔구간,0.32,-0.46,2026-09-03
SIBN,1.1,18.64,632454,581095,11.79,12.25,1.0,1.5,-4.2,매도주의,장대음봉,전저점부근,0.08,-1.75,2026-09-03
JACK,1.1,15.16,560062,499318,8.49,9.17,0.9,-0.2,-4.2,강한매도,장대음봉,전저점이탈,0.22,-3.09,2026-09-03
JBGS,1.1,11.75,884806,837371,10.4,9.98,1.0,1.6,-3.1,매도주의,장대음봉,잔구간,0.05,-1.27,2026-09-03
JBI,1.1,5.01,2044021,1873406,10.24,8.97,1.1,1.8,0.8,매수관심,양봉,완만한상승,0.78,1.94,2026-09-03
NU,1.1,15.68,81820282,73322755,1282.94,1002.11,1.3,1.8,0.1,매수관심,팽이도지,전고점돌파,0.68,1.72,2026-09-03
SLDP,1.1,2.48,2617931,2380333,6.49,5.87,1.1,1.2,-0.4,중립,팽이도지,전고점부근,0.3,-0.69,2026-09-03
SLN,1.1,14.79,572406,508949,8.47,8.37,1.0,0.4,-0.4,매수관심,팽이도지,완만한상승,0.53,0.94,2026-09-03
KRP,1.1,14.92,962386,849402,14.36,14.28,1.0,0.1,-0.2,중립,망치형,잔구간,0.78,0.67,2026-09-03
VELO,1.1,11.58,784931,743022,9.09,10.93,0.8,1.5,-1.8,중립,음봉,잔구간,0.1,-0.59,2026-09-03
VFF,1.1,2.895,804126,719654,2.33,2.38,1.0,1.0,-0.9,강한매수,망치형,완만한상승,0.68,2.12,2026-09-03
VIV,1.1,11.89,1376702,1275409,16.37,13.81,1.2,1.5,-0.9,중립,음봉,완만한상승,0.32,-0.02,2026-09-03
VIXM,1.1,13.3,320507,303193,4.26,4.12,1.0,-0.2,-0.7,강한매도,장대음봉,전저점이탈,0.23,-3.07,2026-09-03
RXRX,1.1,3.44,13746067,11982626,47.29,52.77,0.9,1.6,0.1,매수관심,양봉스프링,잔구간,0.94,1.015,2026-09-03
OLOX,1.1,0.865,1363620,1247344,1.18,9.03,0.1,-0.5,-14.7,강한매도,장대음봉,전저점이탈,0.12,-3.21,2026-09-03
BSOL,1.1,14.46,4146239,3691180,59.95,69.17,0.9,2.1,3.8,매수관심,장대양봉,잔구간,0.87,1.22,2026-09-03
ENVX,1.1,3.37,4849974,4357402,16.34,18.89,0.9,0.3,0.9,중립,위꼬리양봉,완만한상승,0.42,-0.2,2026-09-03
TLK,1.1,14.81,520247,478526,7.7,7.79,1.0,0.7,-0.2,강한매수,망치형,완만한상승,0.59,2.01,2026-09-03
NAVI,1.1,9.48,1257144,1141390,11.92,9.67,1.2,0.9,-1.8,중립,음봉,잔구간,0.17,-0.55,2026-09-03
NBIZ,1.1,7.11,5084270,4627693,36.15,47.1,0.8,-0.1,-6.6,중립,음봉,잔구간,0.06,-0.615,2026-09-03
AEO,1.1,17.01,5192371,4839126,88.32,79.25,1.1,0.8,1.3,매수관심,양봉,완만한상승,0.79,1.95,2026-09-03
AES,1.1,14.78,9147169,8162338,135.2,127.14,1.1,0.1,-0.3,중립,음봉,잔구간,0.0,-0.65,2026-09-03
AESI,1.1,13.17,2618080,2421792,34.48,37.44,0.9,-0.6,1.7,매수관심,양봉,완만한상승,0.69,1.83,2026-09-03
HAPN,1.1,17.58,997007,887346,17.53,17.99,1.0,1.2,0.1,중립,팽이도지,완만한상승,0.41,0.79,2026-09-03
AVO,1.1,12.57,530902,465479,6.67,6.49,1.0,0.2,-1.7,매도주의,장대음봉,잔구간,0.26,-1.145,2026-09-03
AVPT,1.1,13.57,1527688,1348901,20.73,20.95,1.0,2.2,-0.6,중립,망치형,잔구간,0.58,0.55,2026-09-03
GPGI,1.1,13.96,2292019,2089605,32.0,21.92,1.5,1.5,-3.5,중립,음봉,잔구간,0.31,-0.465,2026-09-03
GPRE,1.1,14.96,2298141,2106572,34.38,27.59,1.2,-0.3,-1.4,중립,음봉,잔구간,0.42,-0.4,2026-09-03
UUUU,1.1,14.35,5662075,5364187,81.25,99.19,0.8,2.7,-2.2,중립,음봉,완만한상승,0.48,0.18,2026-09-03
UVXY,1.1,17.41,6103212,5543267,106.26,115.87,0.9,-1.0,-2.1,강한매도,장대음봉,전저점이탈,0.04,-3.3,2026-09-03
UWMC,1.1,1.46,12402531,11760391,18.11,17.19,1.1,2.1,-1.4,중립,팽이도지,완만한상승,0.26,0.61,2026-09-03
AEVA,1.1,15.26,1723767,1508994,26.3,24.45,1.1,0.2,0.4,중립,팽이도지,완만한상승,0.39,0.77,2026-09-03
BTX,1.1,8.82,465104,423680,4.1,3.62,1.1,0.2,-0.1,중립,팽이도지,잔구간,0.33,-0.1,2026-09-03
NEXA,1.1,13.85,905482,861215,12.54,14.18,0.9,1.2,2.6,중립,양봉,잔구간,0.67,0.45,2026-09-03
NEXT,1.1,7.42,2273491,2120167,16.87,17.91,0.9,0.7,-0.9,중립,음봉,수횡파,0.52,-0.08,2026-09-03
AIAI,1.1,4.2,384323,350328,1.61,10.78,0.1,3.0,10.2,강한매수,양봉,완만한상승,0.95,2.14,2026-09-03
ALHC,1.1,13.545,4191865,3877429,56.78,52.71,1.1,1.0,-1.3,중립,음봉,잔구간,0.46,-0.375,2026-09-03
ALIT,1.1,14.89,429169,385283,6.39,6.13,1.0,1.5,3.6,매수관심,장대양봉,잔구간,0.71,1.125,2026-09-03
SNDG,1.1,8.68,7122431,6545635,61.82,55.37,1.1,-1.4,0.7,중립,팽이도지,잔구간,0.61,0.065,2026-09-03
LFST,1.1,12.83,4197478,3693967,53.85,41.64,1.3,-0.1,-0.4,매도주의,위꼬리음봉,잔구간,0.21,-0.925,2026-09-03
GSIT,1.1,5.33,349204,318454,1.86,2.1,0.9,1.1,-1.3,중립,음봉,잔구간,0.22,-0.52,2026-09-03
GSOL,1.1,7.97,2853794,2601444,22.74,26.78,0.8,1.6,3.9,매수관심,장대양봉,잔구간,0.92,1.25,2026-09-03
VOD,1.1,16.58,2857090,2619157,47.37,42.6,1.1,3.7,-0.5,중립,음봉,전고점돌파,0.44,0.73,2026-09-03
BKD,1.1,11.94,4441769,4096707,53.03,55.3,1.0,0.5,-0.3,강한매수,망치형,완만한상승,0.7,2.14,2026-09-03
OSPN,1.1,16.755,361826,318801,6.06,5.61,1.1,1.4,2.2,강한매수,장대양봉,전고점부근,0.98,2.13,2026-09-03
OTF,1.1,11.43,2651997,2477652,30.31,30.09,1.0,1.4,-1.2,중립,음봉,완만한상승,0.49,0.19,2026-09-03
OTLK,1.1,0.649,6640789,6247337,4.31,5.6,0.8,-0.7,4.4,매수관심,양봉,완만한상승,0.66,1.79,2026-09-03
OXLC,1.1,9.66,651257,609337,6.29,6.99,0.9,1.4,-1.4,중립,음봉,완만한상승,0.39,0.07,2026-09-03
PACK,1.1,4.38,470433,409207,2.06,1.99,1.0,2.5,-3.3,중립,음봉,전저점부근,0.33,-0.15,2026-09-03
DXD,1.1,16.4,1378535,1228070,22.61,22.61,1.0,-1.2,-1.2,매도주의,장대음봉,잔구간,0.11,-1.235,2026-09-03
MX,1.1,3.04,382507,337483,1.16,1.06,1.1,-0.6,-1.9,매도주의,장대음봉,잔구간,0.0,-1.3,2026-09-03
MYI,1.1,10.51,310371,275259,3.26,2.97,1.1,0.2,-0.4,강한매도,장대음봉,전저점이탈,0.0,-3.35,2026-09-03
NAC,1.1,11.46,459755,414455,5.27,6.02,0.9,0.2,0.3,중립,양봉,잔구간,0.57,0.39,2026-09-03
CYRX,1.1,15.86,467639,425648,7.42,8.64,0.9,1.0,-0.4,중립,팽이도지,잔구간,0.48,-0.01,2026-09-03
DEI,1.1,11.28,1475753,1400914,16.65,14.57,1.1,1.8,-2.2,매도주의,장대음봉,전저점부근,0.1,-1.73,2026-09-03
SOFI,1.1,18.51,43721921,39113691,809.29,769.98,1.1,0.9,2.8,매수관심,장대양봉,잔구간,0.72,1.13,2026-09-03
LUMN,1.1,6.91,13730576,12947108,94.88,73.38,1.3,1.6,-0.1,매수관심,망치형,전고점부근,0.73,0.83,2026-09-03
LWLG,1.1,5.12,2629878,2464135,13.46,13.08,1.0,-0.2,1.6,중립,양봉,잔구간,0.63,0.43,2026-09-03
GO,1.1,12.3,2958377,2614122,36.39,29.93,1.2,0.3,2.1,강한매수,양봉,완만한상승,0.86,2.03,2026-09-03
EROC,1.1,11.71,1880532,1701870,22.02,25.48,0.9,1.4,3.0,중립,양봉,잔구간,0.87,0.57,2026-09-03
PEPG,1.1,3.18,514338,468131,1.64,1.96,0.8,0.0,0.0,매수관심,팽이도지,완만한상승,0.53,0.94,2026-09-03
PFLT,1.1,7.43,756733,668045,5.62,5.29,1.1,0.9,-0.9,중립,음봉,완만한상승,0.45,0.14,2026-09-03
PHK,1.1,4.5,711521,642644,3.2,3.1,1.0,0.0,-0.2,중립,음봉,전저점부근,0.0,-0.55,2026-09-03
CMPX,1.1,2.37,2559952,2240613,6.07,5.08,1.2,0.4,-2.9,매도주의,장대음봉,잔구간,0.26,-1.145,2026-09-03
SPCE,1.1,2.96,5287687,4819016,15.65,15.04,1.0,1.4,-1.0,중립,팽이도지,잔구간,0.29,-0.125,2026-09-03
SPIR,1.1,11.88,508822,477757,6.04,7.71,0.8,1.3,-1.5,중립,음봉,잔구간,0.63,-0.27,2026-09-03
SPPP,1.1,15.16,1099521,1015773,16.67,12.78,1.3,1.7,1.7,강한매수,양봉,완만한상승,0.88,2.06,2026-09-03
SPT,1.1,11.37,1560826,1415087,17.75,15.05,1.2,1.7,-1.4,중립,팽이도지,완만한상승,0.36,0.73,2026-09-03
DNUT,1.1,3.34,2146869,1982896,7.17,8.83,0.8,0.0,-4.0,매도주의,장대음봉,잔구간,0.06,-1.265,2026-09-03
PML,1.1,7.21,443776,390731,3.2,2.34,1.4,0.0,0.0,매수관심,팽이도지,전저점부근,0.67,0.95,2026-09-03
PPLT,1.1,16.49,3033144,2834137,50.02,57.79,0.9,1.8,1.4,중립,양봉,잔구간,0.67,0.45,2026-09-03
PRQR,1.1,2.09,697400,634686,1.46,2.53,0.6,0.5,-3.2,중립,음봉,잔구간,0.15,-0.56,2026-09-03
PSEC,1.1,2.19,4184437,3753507,9.16,9.71,0.9,0.7,-2.4,강한매도,장대음봉,전저점이탈,0.25,-3.05,2026-09-03
EVC,1.1,8.41,1138900,1043565,9.58,9.6,1.0,0.6,-0.5,매도주의,위꼬리음봉,완만한상승,0.19,-0.97,2026-09-03
GGT,1.1,4.05,484020,460786,1.96,1.99,1.0,0.2,0.0,중립,팽이도지,잔구간,0.5,0.0,2026-09-03
GLWG,1.1,12.564,469885,426500,5.9,6.02,1.0,-0.8,3.2,강한매수,양봉,완만한상승,0.97,2.16,2026-09-03
WB,1.1,6.76,1239942,1082891,8.38,12.07,0.7,0.0,-0.1,중립,팽이도지,전저점부근,0.39,0.62,2026-09-03
CLNE,1.1,1.62,1576651,1380098,2.55,2.72,0.9,0.0,-5.8,매도주의,장대음봉,잔구간,0.08,-1.25,2026-09-03
RLAY,1.1,19.01,2716788,2578685,51.65,51.48,1.0,0.2,2.5,매수관심,장대양봉,잔구간,0.88,1.23,2026-09-03
RLX,1.1,1.78,3266739,3105646,5.81,5.83,1.0,0.5,-3.8,매도주의,장대음봉,잔구간,0.12,-1.23,2026-09-03
FVRR,1.1,9.2,415958,376643,3.83,4.34,0.9,0.2,-2.6,중립,음봉,수횡파,0.08,-0.6,2026-09-03
DQ,1.1,12.56,976081,888598,12.26,16.46,0.7,-0.7,-1.8,중립,음봉,전저점부근,0.3,-0.19,2026-09-03
STWD,1.1,15.88,4108669,3904535,65.25,58.82,1.1,0.9,-0.5,중립,망치형,잔구간,0.53,0.52,2026-09-03
LOMA,1.1,10.14,406766,365079,4.12,3.69,1.1,1.0,-3.5,매도주의,장대음봉,잔구간,0.24,-1.155,2026-09-03
ARLO,1.1,13.48,1352367,1271836,18.23,14.79,1.2,1.2,2.1,강한매수,양봉,전고점돌파,0.96,2.75,2026-09-03
ARR,1.1,16.13,3685792,3244401,59.45,45.63,1.3,0.6,-0.7,중립,음봉,잔구간,0.44,-0.385,2026-09-03
MNKD,1.1,3.96,2331113,2151787,9.23,10.67,0.9,0.2,-2.2,매도주의,장대음봉,잔구간,0.0,-1.3,2026-09-03
MNSO,1.1,9.67,1482235,1375391,14.33,12.32,1.2,0.4,0.1,강한매수,양봉스프링,완만한상승,0.75,2.7,2026-09-03
MFM,1.1,5.32,338031,311769,1.8,1.33,1.3,0.6,-0.9,중립,음봉,잔구간,0.44,-0.385,2026-09-03
MH,1.1,13.23,426154,391597,5.64,7.13,0.8,1.7,1.2,중립,위꼬리양봉,잔구간,0.31,-0.615,2026-09-03
ACH,1.1,1.22,944063,856234,1.15,1.45,0.8,1.7,2.5,매수관심,양봉,완만한상승,0.5,1.6,2026-09-03
RERE,1.1,4.18,977269,918214,4.08,6.53,0.6,-0.2,-0.5,중립,팽이도지,잔구간,0.41,-0.055,2026-09-03
RBBN,1.1,1.99,606050,557761,1.21,1.31,0.9,0.5,1.0,중립,양봉,잔구간,0.83,0.55,2026-09-03
QUCY,1.1,1.52,1234240,1116417,1.88,1.35,1.4,-1.9,-3.2,중립,음봉,잔구간,0.0,-0.65,2026-09-03
AMCX,1.1,12.79,482626,439568,6.17,6.42,1.0,0.8,0.3,강한매수,양봉스프링,수횡파,0.81,3.47,2026-09-03
ALXO,1.0,2.03,603424,633972,1.22,1.19,1.0,0.5,-2.9,매도주의,장대음봉,수횡파,0.37,-1.56,2026-09-03
AAPD,1.0,10.62,13391296,13552143,142.22,114.93,1.2,0.2,-1.0,중립,음봉,전저점부근,0.43,-0.03,2026-09-03
AMPX,1.0,9.63,4108196,3922080,39.56,41.78,0.9,0.2,0.9,매수관심,양봉,완만한상승,0.75,1.9,2026-09-03
CMPS,1.0,13.29,1829382,1833738,24.31,29.0,0.8,-1.5,2.0,중립,양봉,잔구간,0.98,0.64,2026-09-03
QID,1.0,14.2,31882855,32186195,452.74,449.8,1.0,-0.5,-1.9,매도주의,장대음봉,잔구간,0.16,-1.205,2026-09-03
QNST,1.0,18.76,879213,895362,16.49,18.62,0.9,0.6,-2.9,중립,음봉,잔구간,0.08,-0.6,2026-09-03
CLB,1.0,12.53,431056,424257,5.4,5.49,1.0,0.5,-0.2,매도주의,위꼬리음봉,완만한상승,0.24,-0.91,2026-09-03
BOBS,1.0,16.43,586526,569745,9.64,10.45,0.9,2.7,-3.3,매도주의,장대음봉,잔구간,0.13,-1.22,2026-09-03
LRMR,1.0,3.83,684259,687862,2.62,3.33,0.8,0.8,-1.8,중립,음봉,잔구간,0.44,-0.385,2026-09-03
ARKO,1.0,4.83,859548,860295,4.15,4.26,1.0,0.4,1.5,중립,양봉,전고점부근,0.93,0.77,2026-09-03
MGTX,1.0,13.97,824113,798102,11.51,11.11,1.0,-0.4,-0.3,중립,팽이도지,잔구간,0.54,0.025,2026-09-03
MITK,1.0,18.85,595378,625142,11.22,13.31,0.8,2.9,2.0,매수관심,장대양봉,잔구간,0.76,1.155,2026-09-03
AQN,1.0,5.6,3322730,3394594,18.61,18.76,1.0,0.4,-0.9,중립,음봉,전저점부근,0.14,-0.38,2026-09-03
FIP,1.0,3.37,958072,1001314,3.23,3.65,0.9,0.0,-0.3,중립,망치형,잔구간,0.75,0.65,2026-09-03
CLF,1.0,12.28,11500414,11355967,141.23,173.14,0.8,2.7,-3.7,매도주의,장대음봉,잔구간,0.16,-1.205,2026-09-03
RGTI,1.0,15.18,14141354,13884785,214.67,257.52,0.8,-0.2,2.3,매수관심,장대양봉,잔구간,0.71,1.125,2026-09-03
RGTZ,1.0,3.59,3866616,3788173,13.88,14.23,1.0,0.0,-4.8,매도주의,장대음봉,잔구간,0.25,-1.15,2026-09-03
RPAY,1.0,3.88,319412,327527,1.24,1.5,0.8,1.0,0.3,매수관심,양봉스프링,잔구간,0.84,0.955,2026-09-03
PLAY,1.0,8.67,1817178,1786783,15.75,14.77,1.1,0.2,-7.4,매도주의,장대음봉,잔구간,0.14,-1.215,2026-09-03
ETHW,1.0,18.01,884084,914240,15.92,20.55,0.8,1.2,4.0,강한매수,장대양봉,완만한상승,0.89,3.37,2026-09-03
FSK,1.0,12.33,1341193,1382088,16.54,16.76,1.0,1.6,-1.0,중립,음봉,완만한상승,0.47,0.16,2026-09-03
FSOL,1.0,12.51,316273,315543,3.96,6.44,0.6,2.2,3.9,매수관심,장대양봉,잔구간,0.93,1.26,2026-09-03
LCID,1.0,4.6,11215344,11301436,51.59,66.87,0.8,1.9,-4.2,중립,음봉,잔구간,0.08,-0.6,2026-09-03
SOPH,1.0,8.3,698273,681596,5.8,5.18,1.1,0.2,0.0,강한매수,양봉스프링,완만한상승,0.86,2.83,2026-09-03
SRXH,1.0,1.56,726191,720537,1.13,1.2,0.9,-0.6,0.6,중립,팽이도지,잔구간,0.67,0.1,2026-09-03
DNOW,1.0,15.8,1460296,1505078,23.07,29.52,0.8,0.3,-0.3,중립,팽이도지,완만한상승,0.4,0.78,2026-09-03
STLA,1.0,5.49,18728884,19654349,102.82,113.97,0.9,1.5,2.6,강한매수,장대양봉,완만한상승,0.86,3.33,2026-09-03
SVC,1.0,7.61,1441541,1393272,10.97,11.17,1.0,0.3,-0.9,중립,음봉,잔구간,0.5,-0.35,2026-09-03
PRME,1.0,3.71,2312568,2275939,8.58,9.3,0.9,0.8,0.3,매수관심,양봉스프링,전고점부근,0.96,1.6,2026-09-03
RWM,1.0,13.64,18705997,18289986,255.15,214.12,1.2,-0.6,0.3,중립,양봉,잔구간,0.4,0.29,2026-09-03
GILT,1.0,10.3,468848,477564,4.83,5.76,0.8,2.1,-0.3,매수관심,팽이도지,완만한상승,0.52,0.92,2026-09-03
GDYN,1.0,8.2,938122,903277,7.69,7.64,1.0,1.3,3.1,강한매수,장대양봉,전고점돌파,1.0,4.1,2026-09-03
ERII,1.0,7.65,802475,815934,6.14,8.02,0.8,0.8,0.1,중립,팽이도지,잔구간,0.63,0.08,2026-09-03
PGX,1.0,10.52,3328862,3378838,35.02,44.19,0.8,0.0,-0.1,매도주의,위꼬리음봉,잔구간,0.18,-0.94,2026-09-03
CNNE,1.0,15.84,435538,420335,6.9,7.0,1.0,1.3,-0.9,중립,음봉,수횡파,0.37,-0.26,2026-09-03
CODI,1.0,11.55,450699,436780,5.21,6.59,0.8,1.3,-1.4,중립,음봉,잔구간,0.48,-0.36,2026-09-03
GROY,1.0,3.43,1592988,1607130,5.46,6.75,0.8,1.8,0.3,매수관심,팽이도지,완만한상승,0.5,0.9,2026-09-03
GT,1.0,6.11,6575648,6386370,40.18,42.93,0.9,1.3,-2.9,중립,음봉,잔구간,0.12,-0.58,2026-09-03
VLRS,1.0,6.64,322676,334727,2.14,2.92,0.7,0.2,0.5,중립,팽이도지,잔구간,0.72,0.13,2026-09-03
LAES,1.0,2.4,5669878,5818850,13.61,16.72,0.8,1.3,0.4,중립,위꼬리양봉,잔구간,0.4,-0.56,2026-09-03
DRN,1.0,10.41,1594873,1571029,16.6,15.62,1.1,1.5,1.9,매수관심,장대양봉,잔구간,0.96,1.275,2026-09-03
DX,1.0,12.83,4085587,4238602,52.42,57.55,0.9,0.8,-0.2,강한매수,망치형,완만한상승,0.67,2.1,2026-09-03
EBS,1.0,6.23,1098035,1146183,6.84,6.83,1.0,1.5,-5.0,중립,음봉,잔구간,0.41,-0.405,2026-09-03
MVIS,1.0,1.66,875077,851159,1.45,2.15,0.7,1.8,-1.2,중립,망치형,잔구간,0.7,0.62,2026-09-03
MRTN,1.0,14.16,517071,503307,7.32,6.64,1.1,0.9,0.3,매수관심,팽이도지,완만한상승,0.73,1.18,2026-09-03
DBI,1.0,5.15,576633,589581,2.97,2.84,1.0,0.8,-2.6,중립,음봉,전저점부근,0.19,-0.32,2026-09-03
DDD,1.0,3.32,1861377,1913133,6.18,6.98,0.9,0.9,-2.6,중립,음봉,잔구간,0.4,-0.41,2026-09-03
TCPC,1.0,4.06,487120,473970,1.98,2.53,0.8,-0.5,0.0,중립,팽이도지,잔구간,0.4,-0.06,2026-09-03
TDAY,1.0,6.47,2177602,2097325,14.09,16.24,0.9,1.4,1.3,매수관심,장대양봉,잔구간,0.85,1.21,2026-09-03
BIZD,1.0,13.35,3154724,3135028,42.12,40.08,1.1,0.7,-0.6,중립,팽이도지,잔구간,0.47,-0.02,2026-09-03
CORD,1.0,3.48,5439031,5330829,18.93,22.17,0.9,2.5,-11.2,매도주의,장대음봉,잔구간,0.04,-1.275,2026-09-03
PALI,1.0,2.045,1087072,1044887,2.22,2.76,0.8,1.0,1.7,강한매수,양봉,완만한상승,0.94,2.13,2026-09-03
PATH,1.0,18.22,62678731,60339448,1142.01,1067.82,1.1,2.3,-1.0,중립,팽이도지,완만한상승,0.34,0.71,2026-09-03
PAX,1.0,11.31,1042452,1063913,11.79,12.38,1.0,1.0,-1.1,중립,음봉,잔구간,0.38,-0.42,2026-09-03
AVAH,1.0,13.64,2289449,2365529,31.23,48.82,0.6,0.2,3.2,강한매수,장대양봉,완만한상승,1.0,3.5,2026-09-03
AVR,1.0,8.72,534387,546308,4.66,5.68,0.8,1.5,0.0,강한매수,양봉스프링,완만한상승,0.88,2.86,2026-09-03
GRAB,1.0,3.42,33035260,33339073,112.98,112.38,1.0,0.7,-3.8,강한매도,장대음봉,전저점이탈,0.13,-3.19,2026-09-03
VET,1.0,13.02,1275691,1313866,16.61,16.84,1.0,0.1,-1.2,중립,음봉,잔구간,0.34,-0.445,2026-09-03
VIPS,1.0,13.08,3396302,3559506,44.42,58.07,0.8,0.4,0.1,중립,팽이도지,잔구간,0.53,0.02,2026-09-03
TETH,1.0,12.57,1399622,1391001,17.59,18.25,1.0,1.2,4.1,강한매수,장대양봉,완만한상승,0.89,3.37,2026-09-03
BV,1.0,11.33,770095,804658,8.73,8.47,1.0,0.6,0.2,매수관심,팽이도지,완만한상승,0.46,0.85,2026-09-03
NFGC,1.0,1.89,1089701,1138141,2.06,2.9,0.7,3.2,-1.0,중립,팽이도지,잔구간,0.3,-0.12,2026-09-03
MTA,1.0,10.45,373424,378267,3.9,5.8,0.7,2.6,-4.5,매도주의,장대음봉,잔구간,0.16,-1.205,2026-09-03
MTUS,1.0,19.16,318275,309182,6.1,6.51,0.9,1.2,-3.3,매도주의,장대음봉,잔구간,0.04,-1.275,2026-09-03
LFMD,1.0,3.05,578796,586800,1.77,1.66,1.1,1.3,-1.9,중립,음봉,잔구간,0.21,-0.525,2026-09-03
LILA,1.0,8.77,311251,315627,2.73,3.27,0.8,-0.6,0.8,매수관심,양봉,완만한상승,0.66,1.79,2026-09-03
LILAK,1.0,8.68,1013527,1042061,8.8,12.44,0.7,0.0,0.6,매수관심,양봉,완만한상승,0.6,1.72,2026-09-03
LODE,1.0,3.22,822594,805531,2.65,2.94,0.9,1.5,-2.4,중립,음봉,잔구간,0.18,-0.54,2026-09-03
LABD,1.0,6.39,21269891,20320737,135.91,132.68,1.0,0.0,1.8,매수관심,양봉,완만한상승,0.54,1.65,2026-09-03
LAC,1.0,2.97,7006267,6987979,20.81,26.1,0.8,2.0,-3.3,매도주의,장대음봉,잔구간,0.15,-1.21,2026-09-03
TKC,1.0,5.06,2421205,2526765,12.25,12.52,1.0,0.0,-0.4,중립,음봉,잔구간,0.67,-0.25,2026-09-03
TME,1.0,8.2,8429176,8364054,69.12,100.95,0.7,-0.5,-1.8,매도주의,장대음봉,잔구간,0.28,-1.13,2026-09-03
CRSR,1.0,12.77,1145262,1168607,14.62,15.53,0.9,0.8,4.7,강한매수,장대양봉,전고점돌파,0.97,4.06,2026-09-03
CTMX,1.0,3.68,2557825,2481935,9.41,12.99,0.7,0.3,-1.3,중립,팽이도지,잔구간,0.33,-0.1,2026-09-03
CURI,1.0,2.9,1224984,1170896,3.55,3.12,1.1,1.7,-2.4,중립,음봉,잔구간,0.29,-0.475,2026-09-03
CVRX,1.0,3.01,614544,633908,1.85,2.5,0.7,1.3,-3.2,중립,음봉,잔구간,0.15,-0.56,2026-09-03
NCLH,1.0,15.59,13370561,13836559,208.45,246.4,0.8,0.8,-0.6,중립,망치형,잔구간,0.6,0.56,2026-09-03
NEOG,1.0,11.64,1492513,1541171,17.37,17.59,1.0,1.4,-2.8,매도주의,장대음봉,잔구간,0.23,-1.16,2026-09-03
NEOV,1.0,3.82,1329103,1270896,5.08,8.75,0.6,-0.3,1.3,매수관심,팽이도지,완만한상승,0.67,1.1,2026-09-03
AGEN,1.0,8.24,738723,731097,6.09,7.44,0.8,0.4,1.5,중립,양봉,잔구간,0.79,0.525,2026-09-03
AGNC,1.0,10.66,15770280,16451773,168.11,159.75,1.1,0.8,-0.4,중립,팽이도지,잔구간,0.46,-0.025,2026-09-03
AGNT,1.0,4.04,1239056,1241437,5.01,5.34,0.9,2.0,-0.7,중립,팽이도지,잔구간,0.33,-0.1,2026-09-03
VIR,1.0,11.45,2565558,2513682,29.38,24.07,1.2,0.3,-0.8,중립,망치형,잔구간,0.69,0.615,2026-09-03
SAFX,1.0,0.379,2703932,2578216,1.03,1.11,0.9,0.1,0.6,중립,위꼬리양봉,수횡파,0.3,-0.64,2026-09-03
SAN,1.0,15.05,8792356,8712620,132.32,219.15,0.6,1.2,0.9,강한매수,장대양봉,전고점돌파,1.0,4.1,2026-09-03
SBGI,1.0,13.93,427694,436018,5.96,5.45,1.1,1.2,0.1,매수관심,양봉스프링,잔구간,0.84,0.955,2026-09-03
SCZM,1.0,10.42,469703,479904,4.89,4.94,1.0,3.1,-0.8,중립,팽이도지,전고점부근,0.62,-0.31,2026-09-03
OMAH,1.0,18.41,746113,775178,13.74,19.58,0.7,0.2,0.4,강한매수,장대양봉,전고점돌파,0.89,3.97,2026-09-03
ELDN,1.0,2.93,1146438,1119671,3.36,3.41,1.0,2.7,-4.6,매도주의,장대음봉,잔구간,0.06,-1.265,2026-09-03
ARX,1.0,19.7,1635387,1632637,32.22,49.14,0.7,0.3,-0.3,매도주의,장대음봉,완만한상승,0.0,-1.7,2026-09-03
ITUB,1.0,8.22,19403485,19296132,159.5,154.21,1.0,2.1,-0.4,매수관심,팽이도지,전고점돌파,0.57,1.58,2026-09-03
SLDB,1.0,10.42,728483,744962,7.59,8.54,0.9,0.1,1.2,매수관심,양봉스프링,전고점부근,0.9,1.53,2026-09-03
AGRO,1.0,11.6,830853,836141,9.64,10.21,0.9,-0.3,-1.2,중립,망치형,잔구간,0.57,0.54,2026-09-03
NG,1.0,8.32,5185498,5341713,43.14,50.0,0.9,5.0,-3.0,매도주의,장대음봉,잔구간,0.31,-1.115,2026-09-03
ASPN,1.0,4.78,700419,727733,3.35,3.86,0.9,0.0,-2.8,매도주의,장대음봉,잔구간,0.05,-1.27,2026-09-03
TGB,1.0,8.4,5743466,5527347,48.25,52.2,0.9,2.9,-1.9,중립,음봉,잔구간,0.42,-0.4,2026-09-03
EMPD,1.0,3.41,463780,463272,1.58,1.37,1.2,1.8,5.3,강한매수,장대양봉,완만한상승,0.96,3.45,2026-09-03
OPFI,1.0,7.32,635182,639531,4.65,4.78,1.0,1.7,-0.5,중립,팽이도지,잔구간,0.3,-0.12,2026-09-03
ORN,1.0,9.15,343133,342597,3.14,3.25,1.0,1.5,-0.8,강한매수,망치형,완만한상승,0.68,2.12,2026-09-03
SGHC,1.0,14.17,2504416,2415006,35.49,33.95,1.0,1.3,1.4,중립,양봉,잔구간,0.84,0.555,2026-09-03
SHLS,1.0,7.03,3820403,3979982,26.86,37.85,0.7,-0.1,4.8,강한매수,장대양봉,완만한상승,0.87,3.34,2026-09-03
SIDU,1.0,2.12,2799152,2713066,5.93,6.44,0.9,2.3,-3.6,매도주의,장대음봉,잔구간,0.31,-1.115,2026-09-03
BRSP,1.0,4.66,897007,908338,4.18,4.52,0.9,0.9,-1.5,중립,음봉,잔구간,0.36,-0.435,2026-09-03
NVD,1.0,3.65,102291033,101037227,373.36,399.35,0.9,-1.1,-2.7,중립,음봉,잔구간,0.31,-0.465,2026-09-03
TONX,1.0,3.42,377856,377352,1.29,1.46,0.9,1.9,6.9,강한매수,장대양봉,완만한상승,0.81,3.27,2026-09-03
BCAT,1.0,16.05,442155,438724,7.1,8.3,0.9,0.2,0.8,강한매수,장대양봉,전고점돌파,1.0,4.1,2026-09-03
INN,1.0,5.72,775128,800294,4.43,4.37,1.0,1.4,-2.4,매도주의,장대음봉,잔구간,0.15,-1.21,2026-09-03
KOPN,1.0,4.27,3209838,3173027,13.71,15.3,0.9,1.4,-1.8,중립,음봉,잔구간,0.44,-0.385,2026-09-03
TWI,1.0,7.64,629793,642483,4.81,4.31,1.1,1.8,-1.4,강한매수,망치형,완만한상승,0.62,2.04,2026-09-03
UNIT,1.0,10.17,1887990,1919027,19.2,16.2,1.2,1.0,2.2,매수관심,장대양봉,잔구간,0.93,1.26,2026-09-03
UPBD,1.0,18.67,716375,745559,13.37,14.89,0.9,1.5,-2.1,중립,음봉,잔구간,0.35,-0.44,2026-09-03
URG,1.0,1.4,4976506,5145467,6.97,8.45,0.8,2.2,0.7,매수관심,양봉,완만한상승,0.75,1.9,2026-09-03
HUN,1.0,9.4,1912460,1975349,17.98,20.93,0.9,1.0,-4.2,매도주의,장대음봉,잔구간,0.11,-1.235,2026-09-03
OBDC,1.0,11.38,2678530,2708574,30.48,34.73,0.9,0.5,-0.4,매수관심,팽이도지,완만한상승,0.48,0.88,2026-09-03
OLMA,1.0,10.73,773316,753480,8.3,7.98,1.0,-1.1,0.2,중립,팽이도지,잔구간,0.38,-0.07,2026-09-03
CRNC,1.0,8.49,652384,647976,5.54,5.37,1.0,2.5,-2.6,매도주의,장대음봉,잔구간,0.21,-1.175,2026-09-03
CRON,1.0,3.26,1178776,1177542,3.84,5.09,0.8,1.2,-0.6,중립,망치형,잔구간,0.62,0.57,2026-09-03
INTW,1.0,19.22,3164177,3084005,60.82,58.27,1.0,-1.4,5.0,강한매수,양봉,완만한상승,0.84,2.01,2026-09-03
INV,1.0,1.1,3011295,2949546,3.31,4.74,0.7,-0.4,-1.8,강한매수,망치형,전저점부근,0.67,2.95,2026-09-03
ITRG,1.0,2.89,2070935,2171376,5.99,6.6,0.9,3.9,-0.7,중립,망치형,잔구간,0.8,0.68,2026-09-03
RAM,1.0,12.24,8672297,8375010,106.15,136.62,0.8,-2.0,1.5,매수관심,양봉스프링,잔구간,0.93,1.01,2026-09-03
FJET,1.0,2.78,779500,756818,2.17,2.18,1.0,0.4,-2.1,중립,음봉,전저점부근,0.29,-0.2,2026-09-03
EXFY,1.0,2.43,526673,516772,1.28,1.7,0.8,0.8,-2.0,중립,음봉,잔구간,0.12,-0.58,2026-09-03
EXG,1.0,10.0,364589,357047,3.65,3.33,1.1,0.4,-0.1,강한매수,망치형,완만한상승,0.63,2.06,2026-09-03
F,1.0,14.41,40628415,40652487,585.46,603.46,1.0,1.1,0.8,강한매수,양봉스프링,전고점돌파,0.85,3.42,2026-09-03
MAGN,1.0,12.4,377373,365790,4.68,4.49,1.0,1.3,-2.7,매도주의,장대음봉,수횡파,0.28,-1.66,2026-09-03
YMM,1.0,8.58,6382951,6643500,54.77,78.63,0.7,-0.5,-0.1,중립,팽이도지,잔구간,0.58,0.05,2026-09-03
ZENA,1.0,1.7,2107210,2022548,3.58,4.42,0.8,1.8,1.8,중립,위꼬리양봉,잔구간,0.27,-0.64,2026-09-03
BITO,1.0,11.01,84324837,84574993,928.42,979.18,0.9,1.5,4.3,강한매수,장대양봉,전고점돌파,0.98,4.08,2026-09-03
WRAP,1.0,1.68,831459,795676,1.4,1.29,1.1,1.8,-2.3,중립,음봉,잔구간,0.08,-0.6,2026-09-03
ACVA,1.0,6.7,2702963,2813744,18.11,19.79,0.9,1.0,-2.0,중립,음봉,잔구간,0.17,-0.55,2026-09-03
XRX,1.0,3.3,2308901,2265212,7.62,6.34,1.2,-0.9,4.8,강한매수,장대양봉,전고점돌파,0.96,4.05,2026-09-03
YALA,1.0,5.48,332060,332294,1.82,1.86,1.0,0.5,-0.9,중립,음봉,잔구간,0.11,-0.585,2026-09-03
ADAM,0.9,9.7,587629,663107,5.7,7.33,0.8,1.4,-0.4,중립,망치형,잔구간,0.66,0.595,2026-09-03
ACRS,0.9,5.95,1392061,1518753,8.28,10.89,0.8,1.0,-4.6,매도주의,장대음봉,잔구간,0.15,-1.21,2026-09-03
ALT,0.9,3.23,2552090,2774416,8.24,12.24,0.7,0.6,-2.1,중립,음봉,잔구간,0.31,-0.465,2026-09-03
ZSQR,0.9,3.04,359629,380879,1.09,1.35,0.8,0.7,-1.0,중립,팽이도지,잔구간,0.64,0.085,2026-09-03
WYFI,0.9,18.78,2485370,2730078,46.68,52.93,0.9,1.8,6.6,매수관심,장대양봉,잔구간,0.89,1.235,2026-09-03
ZH,0.9,2.56,392991,453273,1.01,1.03,1.0,0.8,-1.5,중립,음봉,전저점부근,0.0,-0.55,2026-09-03
XPRO,0.9,17.9,776708,823863,13.9,15.1,0.9,0.6,-3.6,매도주의,장대음봉,잔구간,0.06,-1.265,2026-09-03
AAL,0.9,12.97,55739634,64518255,722.94,868.8,0.8,0.0,-1.1,중립,음봉,전저점부근,0.14,-0.38,2026-09-03
FDMT,0.9,14.7,782446,877157,11.5,16.15,0.7,0.0,-1.6,중립,음봉,잔구간,0.64,-0.265,2026-09-03
FBRT,0.9,8.53,1642642,1888796,14.01,15.08,0.9,0.8,-0.6,중립,음봉,수횡파,0.52,-0.08,2026-09-03
EYE,0.9,16.87,2051610,2286811,34.61,39.14,0.9,1.2,-0.9,중립,팽이도지,잔구간,0.51,0.005,2026-09-03
FRSH,0.9,13.36,3524918,3871855,47.09,51.85,0.9,2.6,-1.3,중립,음봉,완만한상승,0.14,-0.23,2026-09-03
FPEI,0.9,18.97,415291,443589,7.88,11.67,0.7,0.1,-0.1,중립,음봉,잔구간,0.33,-0.45,2026-09-03
FPE,0.9,17.64,977767,1066369,17.25,18.7,0.9,0.1,0.0,매수관심,양봉스프링,잔구간,0.75,0.9,2026-09-03
CMBT,0.9,18.7,1149622,1327597,21.5,21.87,1.0,0.9,-1.1,중립,음봉,잔구간,0.37,-0.43,2026-09-03
REZI,0.9,19.53,1699546,1969463,33.19,45.13,0.7,0.6,0.2,매수관심,양봉스프링,잔구간,0.8,0.93,2026-09-03
REI,0.9,1.5,2539234,2889208,3.81,4.56,0.8,2.0,-2.0,매도주의,장대음봉,완만한상승,0.4,-1.22,2026-09-03
RCKT,0.9,3.79,1071388,1211750,4.06,5.47,0.7,1.0,-2.8,중립,음봉,잔구간,0.44,-0.385,2026-09-03
YMAG,0.9,11.33,932731,1061456,10.57,13.69,0.8,1.0,0.4,매수관심,양봉,완만한상승,0.48,1.58,2026-09-03
NUS,0.9,4.7,502863,547474,2.36,2.35,1.0,1.2,-3.9,매도주의,장대음봉,잔구간,0.24,-1.155,2026-09-03
BB,0.9,7.7,8279799,8999994,63.75,73.51,0.9,1.8,-0.6,중립,망치형,잔구간,0.71,0.625,2026-09-03
BANC,0.9,18.77,1765624,2031431,33.14,36.6,0.9,0.3,-0.7,매도주의,위꼬리음봉,잔구간,0.07,-1.01,2026-09-03
INFY,0.9,12.09,11957134,13076471,144.56,159.02,0.9,0.6,0.4,매수관심,팽이도지,완만한상승,0.69,1.13,2026-09-03
IREX,0.9,14.35,1574593,1673365,22.6,20.34,1.1,-1.8,12.3,강한매수,장대양봉,완만한상승,0.93,3.42,2026-09-03
IREG,0.9,8.11,1095955,1215199,8.89,7.58,1.2,-1.5,11.7,강한매수,장대양봉,완만한상승,0.93,3.42,2026-09-03
IRE,0.9,9.94,7954671,8500169,79.07,72.58,1.1,-1.6,11.9,강한매수,장대양봉,완만한상승,0.93,3.42,2026-09-03
CCC,0.9,7.22,5341774,5853785,38.57,51.26,0.8,1.4,-0.8,매도주의,위꼬리음봉,잔구간,0.07,-1.01,2026-09-03
SKDD,0.9,9.91,2825159,3194472,28.0,40.68,0.7,5.1,-3.3,중립,음봉,완만한상승,0.14,-0.23,2026-09-03
APLX,0.9,8.13,1102076,1289614,8.96,10.4,0.9,1.3,5.9,강한매수,양봉,완만한상승,0.94,2.13,2026-09-03
NWL,0.9,6.07,6991928,7521140,42.44,41.84,1.0,1.7,-0.2,강한매수,망치형,완만한상승,0.79,2.25,2026-09-03
OLN,0.9,16.97,2715258,2908318,46.08,51.1,0.9,0.8,-4.7,매도주의,장대음봉,전저점부근,0.11,-1.72,2026-09-03
OI,0.9,7.03,2407314,2778139,16.92,20.66,0.8,2.1,-2.6,중립,음봉,잔구간,0.44,-0.385,2026-09-03
ODD,0.9,14.13,674935,735135,9.54,10.94,0.9,2.3,-4.7,매도주의,장대음봉,수횡파,0.06,-1.93,2026-09-03
OCSL,0.9,13.13,438207,474373,5.75,6.33,0.9,-0.1,-0.2,중립,팽이도지,잔구간,0.42,-0.05,2026-09-03
USA,0.9,6.02,890148,1011838,5.36,6.12,0.9,0.8,0.7,강한매수,장대양봉,완만한상승,0.8,3.26,2026-09-03
ULCC,0.9,5.74,1956710,2072982,11.23,14.57,0.8,1.6,-0.9,중립,망치형,잔구간,0.73,0.64,2026-09-03
UEC,0.9,11.51,7857676,9042038,90.44,124.25,0.7,1.1,-2.0,중립,음봉,잔구간,0.3,-0.47,2026-09-03
UAVS,0.9,1.11,1479073,1618396,1.64,2.15,0.8,1.9,0.9,매수관심,팽이도지,완만한상승,0.5,0.9,2026-09-03
UA,0.9,5.1,2159621,2354933,11.01,11.4,1.0,0.6,0.8,중립,팽이도지,잔구간,0.5,0.0,2026-09-03
KOS,0.9,2.82,8850849,10338193,24.96,35.29,0.7,0.7,-4.4,매도주의,장대음봉,잔구간,0.07,-1.26,2026-09-03
KLC,0.9,2.69,652924,708089,1.76,1.94,0.9,0.8,6.3,강한매수,장대양봉,전고점돌파,1.0,4.1,2026-09-03
KD,0.9,13.34,2779460,3151178,37.08,45.61,0.8,1.4,0.5,중립,팽이도지,잔구간,0.39,-0.065,2026-09-03
TTI,0.9,6.94,1978039,2197171,13.73,13.61,1.0,2.3,2.4,강한매수,양봉,완만한상승,1.0,2.2,2026-09-03
TSHA,0.9,5.57,1878078,2025783,10.46,12.96,0.8,-0.4,-0.9,중립,음봉,잔구간,0.42,-0.4,2026-09-03
TRTX,0.9,7.85,592191,623876,4.65,6.26,0.7,0.9,-0.3,강한매수,망치형,완만한상승,0.63,2.06,2026-09-03
TRON,0.9,1.64,992970,1147239,1.63,4.61,0.4,1.3,4.5,중립,양봉,잔구간,0.64,0.435,2026-09-03
TRIP,0.9,9.29,2716604,2907946,25.24,26.75,0.9,1.0,-4.3,강한매도,장대음봉,전저점이탈,0.03,-3.31,2026-09-03
NMZ,0.9,9.88,720440,814722,7.12,7.96,0.9,0.6,0.3,중립,양봉,잔구간,1.0,0.65,2026-09-03
CRBP,0.9,11.46,475360,528954,5.45,7.52,0.7,0.3,-0.5,중립,망치형,잔구간,0.63,0.58,2026-09-03
COUR,0.9,6.01,4464312,4878502,26.83,26.97,1.0,1.6,-3.2,중립,음봉,잔구간,0.21,-0.525,2026-09-03
BBWI,0.9,18.97,5719331,6551338,108.5,146.61,0.7,0.3,2.0,강한매수,양봉,완만한상승,0.98,2.18,2026-09-03
BBDC,0.9,8.99,725999,782810,6.53,7.85,0.8,0.7,-2.0,매도주의,장대음봉,전저점부근,0.18,-1.63,2026-09-03
BSCR,0.9,19.615,501401,583550,9.83,11.03,0.9,0.1,-0.0,중립,음봉,완만한상승,0.5,0.2,2026-09-03
BRUN,0.9,16.94,2261927,2539696,38.32,41.18,0.9,0.1,2.2,매수관심,양봉스프링,잔구간,0.81,0.935,2026-09-03
BRBR,0.9,10.4,2368854,2733314,24.64,29.7,0.8,0.0,-3.0,중립,음봉,잔구간,0.01,-0.645,2026-09-03
IMSR,0.9,5.08,929604,1001198,4.72,5.52,0.9,1.0,-1.2,중립,음봉,잔구간,0.26,-0.495,2026-09-03
SFL,0.9,12.62,1262638,1357185,15.93,16.2,1.0,0.6,0.6,매수관심,양봉,완만한상승,0.68,1.82,2026-09-03
OPEN,0.9,3.13,21867479,24117829,68.45,89.75,0.8,3.9,-2.5,중립,음봉,잔구간,0.2,-0.53,2026-09-03
ONT,0.9,17.58,444128,486518,7.81,10.56,0.7,1.6,-0.1,중립,팽이도지,전고점부근,0.43,-0.53,2026-09-03
TIMB,0.9,18.7,390564,420693,7.3,11.0,0.7,3.2,-1.5,매도주의,장대음봉,전고점돌파,0.2,-0.86,2026-09-03
BW,0.9,7.13,3835853,4205964,27.35,36.92,0.7,-0.4,1.9,매수관심,양봉,완만한상승,0.45,1.54,2026-09-03
KVUE,0.9,18.95,18570436,20723786,351.91,359.64,1.0,0.3,-1.2,매도주의,장대음봉,잔구간,0.32,-1.11,2026-09-03
SMR,0.9,9.75,28750539,32673110,280.32,344.32,0.8,1.5,0.5,중립,위꼬리양봉,잔구간,0.32,-0.61,2026-09-03
SMPL,0.9,11.49,1918881,2082187,22.05,21.01,1.0,0.5,1.3,중립,양봉,잔구간,0.75,0.5,2026-09-03
SKHZ,0.9,11.165,1070495,1171675,11.95,15.76,0.8,2.4,-1.5,중립,음봉,완만한상승,0.12,-0.26,2026-09-03
NUAI,0.9,5.27,4352103,4677535,22.94,27.29,0.8,-1.2,3.7,매수관심,양봉,완만한상승,0.74,1.89,2026-09-03
JMIA,0.9,7.11,1560095,1750185,11.09,12.49,0.9,2.4,-3.1,매도주의,장대음봉,수횡파,0.16,-1.81,2026-09-03
JKS,0.9,12.19,953724,1009828,11.63,13.26,0.9,0.0,-2.2,매도주의,장대음봉,전저점부근,0.06,-1.78,2026-09-03
AVTX,0.9,19.0,674036,776131,12.81,15.67,0.8,1.2,-2.9,매도주의,장대음봉,잔구간,0.32,-1.11,2026-09-03
HTGC,0.9,17.72,1218170,1385139,21.59,30.04,0.7,0.5,-0.4,매수관심,팽이도지,완만한상승,0.52,0.92,2026-09-03
HR,0.9,19.27,2729307,2952580,52.59,60.63,0.9,0.5,-0.7,중립,음봉,잔구간,0.21,-0.525,2026-09-03
HOPE,0.9,14.0,676647,756343,9.47,11.3,0.8,1.1,-0.8,중립,음봉,완만한상승,0.0,-0.4,2026-09-03
HLF,0.9,12.17,1696651,1853058,20.65,23.67,0.9,1.0,-0.9,강한매수,망치형,완만한상승,0.58,2.0,2026-09-03
SABR,0.9,2.06,2555564,2931610,5.26,5.76,0.9,1.4,-2.8,매도주의,장대음봉,잔구간,0.21,-1.175,2026-09-03
RXT,0.9,3.29,5699496,6013780,18.75,21.27,0.9,2.0,7.2,매수관심,장대양봉,잔구간,0.84,1.205,2026-09-03
PAYS,0.9,12.96,599882,680495,7.77,9.9,0.8,1.2,2.2,중립,양봉,잔구간,0.74,0.495,2026-09-03
VITL,0.9,10.1,1018333,1187466,10.29,14.24,0.7,0.8,-1.0,중립,음봉,전저점부근,0.32,-0.17,2026-09-03
NB,0.9,4.1,2136439,2457225,8.76,12.54,0.7,1.2,-2.1,중립,음봉,잔구간,0.23,-0.51,2026-09-03
CTNM,0.9,17.57,320780,374009,5.64,6.46,0.9,0.9,1.0,매수관심,팽이도지,전고점돌파,0.72,1.76,2026-09-03
NMAX,0.9,10.86,791238,879687,8.59,9.88,0.9,0.9,-2.2,중립,음봉,수횡파,0.17,-0.5,2026-09-03
TLS,0.9,4.87,545764,621520,2.66,2.73,1.0,0.6,2.7,강한매수,장대양봉,완만한상승,0.73,3.18,2026-09-03
LION,0.9,11.1,1743023,1912760,19.35,22.26,0.9,0.5,-1.2,중립,음봉,잔구간,0.29,-0.475,2026-09-03
SNDQ,0.9,15.46,20025946,22386021,309.6,397.42,0.8,0.8,-0.8,중립,팽이도지,완만한상승,0.4,0.78,2026-09-03
NEWP,0.9,6.7,519562,584865,3.48,4.45,0.8,4.2,-3.7,매도주의,장대음봉,완만한상승,0.4,-1.22,2026-09-03
ASLE,0.9,5.64,428992,484593,2.42,2.55,0.9,0.5,2.5,매수관심,장대양봉,잔구간,0.88,1.23,2026-09-03
BUYW,0.9,14.61,335873,367858,4.91,5.5,0.9,0.1,0.3,매수관심,장대양봉,잔구간,1.0,1.3,2026-09-03
VERI,0.9,0.824,2502595,2651567,2.06,3.29,0.6,0.0,2.5,중립,양봉,잔구간,0.49,0.345,2026-09-03
ENGS,0.9,2.68,1114432,1174954,2.99,3.25,0.9,0.7,-0.4,중립,팽이도지,완만한상승,0.33,0.7,2026-09-03
GPK,0.9,10.7,3607555,4040585,38.6,46.77,0.8,0.5,-3.0,매도주의,음봉,전저점이탈,0.39,-1.58,2026-09-03
AUPH,0.9,16.12,752560,808200,12.13,16.76,0.7,0.4,-1.4,매도주의,장대음봉,잔구간,0.35,-1.09,2026-09-03
PACB,0.9,1.3,5151172,6059896,6.7,10.07,0.7,0.8,-2.3,중립,음봉,잔구간,0.29,-0.475,2026-09-03
OVID,0.9,2.78,1361893,1474413,3.79,3.91,1.0,3.3,-0.7,중립,팽이도지,잔구간,0.5,0.0,2026-09-03
TDUP,0.9,2.67,1812286,2015449,4.84,5.93,0.8,0.7,-2.2,중립,음봉,잔구간,0.31,-0.465,2026-09-03
SXC,0.9,10.19,922451,1003242,9.4,11.43,0.8,0.9,-4.4,매도주의,장대음봉,잔구간,0.27,-1.14,2026-09-03
LYFT,0.9,17.28,8794874,9440002,151.98,168.3,0.9,1.1,-1.5,중립,음봉,잔구간,0.11,-0.585,2026-09-03
DCH,0.9,6.67,2119707,2235988,14.14,15.52,0.9,1.5,0.2,매수관심,팽이도지,전고점돌파,0.4,1.38,2026-09-03
MSDL,0.9,15.2,315441,365862,4.79,5.73,0.8,0.9,-1.3,매도주의,장대음봉,잔구간,0.31,-1.115,2026-09-03
DUOT,0.9,8.78,852432,907262,7.48,8.8,0.9,2.0,0.0,중립,팽이도지,잔구간,0.43,-0.04,2026-09-03
VRRM,0.9,4.2,2651129,2897569,11.13,13.03,0.9,1.2,-1.2,중립,음봉,잔구간,0.35,-0.44,2026-09-03
VOXR,0.9,5.81,349626,396324,2.03,2.53,0.8,2.3,1.9,중립,양봉,잔구간,0.84,0.555,2026-09-03
GSBD,0.9,9.9,679545,772493,6.73,8.61,0.8,0.7,-1.0,중립,음봉,잔구간,0.43,-0.39,2026-09-03
PFXF,0.9,17.94,480614,560378,8.62,10.51,0.8,0.1,1.0,강한매수,장대양봉,완만한상승,1.0,3.5,2026-09-03
PENN,0.9,17.2,2114691,2394423,36.37,41.59,0.9,0.9,0.9,매수관심,양봉,완만한상승,0.77,1.92,2026-09-03
PDM,0.9,9.69,1241760,1348767,12.03,11.03,1.1,0.9,-1.0,매도주의,장대음봉,잔구간,0.24,-1.155,2026-09-03
EQX,0.9,13.12,10257290,11597184,134.58,173.11,0.8,3.9,0.0,매수관심,양봉스프링,잔구간,0.84,0.955,2026-09-03
GFR,0.9,6.2,866331,1016142,5.37,6.47,0.8,0.0,0.5,매수관심,팽이도지,완만한상승,0.62,1.04,2026-09-03
GEVO,0.9,1.64,1861357,2106827,3.05,3.67,0.8,0.0,-4.1,매도주의,장대음봉,잔구간,0.1,-1.24,2026-09-03
GGN,0.9,5.64,419272,443264,2.36,3.49,0.7,1.3,-0.4,중립,음봉,잔구간,0.5,-0.35,2026-09-03
EU,0.9,1.26,3080190,3278161,3.88,4.39,0.9,0.8,2.4,중립,양봉,잔구간,0.42,0.3,2026-09-03
BHC,0.9,6.76,2157917,2535741,14.59,20.67,0.7,1.1,-2.1,중립,음봉,잔구간,0.38,-0.42,2026-09-03
BCSF,0.9,11.87,429184,478030,5.09,5.18,1.0,0.7,-0.3,매수관심,팽이도지,완만한상승,0.53,0.94,2026-09-03
RR,0.9,1.72,7217698,7924024,12.41,14.15,0.9,2.2,-9.0,매도주의,장대음봉,잔구간,0.15,-1.21,2026-09-03
PONY,0.9,7.21,3216183,3451595,23.19,32.62,0.7,1.7,0.8,매수관심,양봉,완만한상승,0.74,1.89,2026-09-03
POET,0.9,7.33,6172755,6588081,45.25,54.14,0.8,-0.3,0.8,강한매수,양봉스프링,완만한상승,0.77,2.72,2026-09-03
PNNT,0.9,3.74,456223,501195,1.71,1.9,0.9,2.2,-1.1,중립,음봉,잔구간,0.48,-0.36,2026-09-03
GCTS,0.9,1.75,1448872,1545405,2.54,3.38,0.8,0.6,0.6,매수관심,양봉스프링,잔구간,1.0,1.05,2026-09-03
GCMG,0.9,13.35,443600,481174,5.92,6.27,0.9,1.5,0.6,강한매수,양봉스프링,완만한상승,0.89,2.87,2026-09-03
GAU,0.9,2.36,2964965,3145249,7.0,6.53,1.1,3.5,0.9,매수관심,양봉스프링,잔구간,1.0,1.05,2026-09-03
FUTG,0.9,4.994,829509,961170,4.14,9.86,0.4,0.6,6.5,매수관심,장대양봉,잔구간,0.92,1.25,2026-09-03
STTK,0.9,6.96,563925,603331,3.92,5.67,0.7,0.7,0.0,중립,팽이도지,잔구간,0.6,0.06,2026-09-03
STIM,0.9,2.72,773863,823005,2.1,2.5,0.8,0.7,-2.5,중립,음봉,잔구간,0.36,-0.435,2026-09-03
AREC,0.9,2.44,1329374,1527758,3.24,4.31,0.8,0.8,-0.8,중립,팽이도지,잔구간,0.43,-0.04,2026-09-03
ARDX,0.9,3.71,3470482,3724472,12.88,14.39,0.9,0.0,-2.4,매도주의,장대음봉,수횡파,0.17,-1.8,2026-09-03
SSG,0.9,12.23,320671,357522,3.92,5.47,0.7,1.9,-2.4,중립,음봉,잔구간,0.1,-0.59,2026-09-03
SRTA,0.9,5.37,757111,871572,4.07,5.35,0.8,0.9,-1.3,중립,음봉,잔구간,0.44,-0.385,2026-09-03
SPRY,0.9,5.67,1088187,1194120,6.17,8.67,0.7,0.7,-3.2,매도주의,장대음봉,잔구간,0.22,-1.17,2026-09-03
SPDN,0.9,8.47,25680349,29467855,217.51,248.09,0.9,-0.4,-0.7,매도주의,장대음봉,잔구간,0.25,-1.15,2026-09-03
SOUN,0.9,6.74,23514127,25518649,158.49,167.93,0.9,1.5,-2.1,중립,음봉,전저점부근,0.2,-0.31,2026-09-03
SONO,0.9,16.16,1431372,1549683,23.13,19.51,1.2,1.3,-0.2,매수관심,팽이도지,완만한상승,0.63,1.06,2026-09-03
FUN,0.9,15.03,1886181,2050242,28.35,28.09,1.0,-1.2,-1.7,중립,음봉,잔구간,0.47,-0.37,2026-09-03
FULC,0.9,3.84,1436135,1657719,5.51,5.22,1.1,0.5,-0.8,중립,음봉,수횡파,0.29,-0.35,2026-09-03
PLUG,0.9,2.11,41791913,46678092,88.18,118.78,0.7,1.0,0.0,중립,팽이도지,잔구간,0.67,0.1,2026-09-03
RILY,0.9,7.1,396291,433397,2.81,3.51,0.8,-1.6,3.6,매수관심,장대양봉,잔구간,0.84,1.205,2026-09-03
FINV,0.9,3.3,1820786,2039644,6.01,5.77,1.0,-1.2,-2.9,중립,음봉,잔구간,0.38,-0.42,2026-09-03
FIGS,0.9,15.2,1681779,1908350,25.56,33.5,0.8,1.1,0.3,중립,팽이도지,잔구간,0.69,0.115,2026-09-03
WEN,0.9,7.88,5936157,6708116,46.78,63.32,0.7,0.4,-4.7,매도주의,장대음봉,잔구간,0.12,-1.23,2026-09-03
CALY,0.9,15.72,1281916,1505583,20.15,23.78,0.8,0.6,-0.6,매수관심,팽이도지,완만한상승,0.51,0.91,2026-09-03
CAL,0.9,12.11,472196,510627,5.72,6.51,0.9,1.5,-2.4,중립,음봉,잔구간,0.44,-0.385,2026-09-03
SSP,0.9,3.33,430628,469543,1.43,1.69,0.8,1.5,0.9,매수관심,팽이도지,완만한상승,0.53,0.94,2026-09-03
MGNX,0.9,4.25,478599,520776,2.03,1.72,1.2,-0.7,-0.9,중립,망치형,잔구간,0.6,0.56,2026-09-03
MFIC,0.9,9.6,415457,447665,3.99,4.85,0.8,0.6,-1.3,매도주의,장대음봉,전저점부근,0.24,-1.56,2026-09-03
MDXG,0.9,4.43,841628,963666,3.73,4.22,0.9,-0.2,-2.4,중립,음봉,잔구간,0.32,-0.46,2026-09-03
ARVN,0.9,9.31,501476,540693,4.67,5.53,0.8,0.9,-3.8,매도주의,장대음봉,잔구간,0.21,-1.175,2026-09-03
ARI,0.9,6.88,1816965,2025447,12.5,16.1,0.8,0.6,-0.3,강한매수,망치형,완만한상승,0.8,2.26,2026-09-03
ARHS,0.9,8.4,771720,903785,6.48,9.25,0.7,1.8,-2.1,중립,음봉,잔구간,0.08,-0.6,2026-09-03
LSPD,0.9,10.57,534317,595760,5.65,6.61,0.9,1.4,0.1,중립,팽이도지,잔구간,0.4,-0.06,2026-09-03
SVRA,0.9,5.37,1240412,1433087,6.66,9.44,0.7,1.1,-2.7,매도주의,장대음봉,잔구간,0.35,-1.09,2026-09-03
WEAV,0.9,7.33,3639104,4274846,26.67,32.01,0.8,0.0,0.3,강한매수,장대양봉,전고점돌파,1.0,4.1,2026-09-03
VUZI,0.9,2.44,452412,497215,1.1,1.92,0.6,1.6,-1.6,중립,음봉,잔구간,0.5,-0.35,2026-09-03
VTS,0.9,17.41,374229,424798,6.52,7.59,0.9,0.5,-1.6,매도주의,장대음봉,잔구간,0.26,-1.145,2026-09-03
BMEA,0.9,1.91,1759412,1987417,3.36,4.81,0.7,-0.3,-1.0,중립,팽이도지,잔구간,0.5,0.0,2026-09-03
PTY,0.9,11.75,841789,928078,9.89,13.19,0.7,0.4,-0.5,매도주의,장대음봉,수횡파,0.24,-1.71,2026-09-03
PSQL,0.9,9.75,1668805,1948793,16.27,35.31,0.5,2.4,-21.9,강한매도,장대음봉,전저점이탈,0.06,-3.28,2026-09-03
PSNL,0.9,16.83,2494050,2909522,41.97,83.64,0.5,1.3,-0.7,강한매수,망치형,수횡파,0.7,2.84,2026-09-03
PSKY,0.9,11.04,9274103,10231497,102.39,103.99,1.0,1.5,-0.9,강한매수,망치형,완만한상승,0.63,2.06,2026-09-03
PSFE,0.9,6.79,350817,384672,2.38,2.13,1.1,1.7,0.9,중립,팽이도지,잔구간,0.69,0.115,2026-09-03
ALLO,0.9,1.98,4425096,4679891,8.76,9.82,0.9,1.0,-1.0,중립,망치형,잔구간,0.67,0.6,2026-09-03
QDEL,0.9,13.93,836790,920691,11.66,18.87,0.6,1.1,-1.2,중립,팽이도지,잔구간,0.4,-0.06,2026-09-03
ABAT,0.9,2.72,3558019,3959323,9.68,9.5,1.0,1.3,-3.7,매도주의,장대음봉,잔구간,0.2,-1.18,2026-09-03
ABX,0.9,9.75,344478,399851,3.36,4.1,0.8,1.1,0.7,매수관심,양봉스프링,잔구간,0.84,0.955,2026-09-03
ABUS,0.9,5.12,3226789,3571112,16.52,35.4,0.5,0.2,0.2,매수관심,팽이도지,완만한상승,0.42,0.8,2026-09-03
ABSI,0.9,8.8,2753313,3081654,24.23,27.03,0.9,1.2,-1.2,중립,망치형,잔구간,0.56,0.535,2026-09-03
ABR,0.9,5.19,3047419,3484989,15.82,16.97,0.9,0.8,-0.2,중립,팽이도지,잔구간,0.64,0.085,2026-09-03
ABEO,0.9,5.93,862019,953223,5.11,5.52,0.9,0.7,-1.0,중립,음봉,잔구간,0.43,-0.39,2026-09-03
FLG,0.8,13.48,3126187,3934234,42.14,53.88,0.8,0.6,-0.7,중립,음봉,잔구간,0.11,-0.585,2026-09-03
VYX,0.8,8.96,2555792,3192164,22.9,23.56,1.0,1.9,-2.1,중립,음봉,잔구간,0.39,-0.415,2026-09-03
GOOS,0.8,8.15,517277,629709,4.22,6.82,0.6,1.0,-1.0,중립,음봉,완만한상승,0.03,-0.36,2026-09-03
EQPT,0.8,18.14,1837900,2223763,33.34,40.27,0.8,-1.5,3.4,중립,양봉,잔구간,0.77,0.51,2026-09-03
ERAS,0.8,16.26,3762016,4943844,61.17,73.66,0.8,0.1,-0.7,중립,팽이도지,잔구간,0.35,-0.09,2026-09-03
FSM,0.8,12.66,4385018,5810471,55.51,72.29,0.8,3.8,-0.5,중립,팽이도지,잔구간,0.6,0.06,2026-09-03
RGNX,0.8,9.2,839248,1038302,7.72,14.82,0.5,-0.4,-3.8,매도주의,장대음봉,잔구간,0.36,-1.085,2026-09-03
RIVN,0.8,15.91,14345954,17811670,228.24,356.9,0.6,1.2,0.8,중립,양봉,잔구간,0.62,0.42,2026-09-03
AMBP,0.8,5.1,1029252,1371749,5.25,7.84,0.7,1.0,-0.6,중립,망치형,잔구간,0.66,0.595,2026-09-03
PLTK,0.8,2.24,1196134,1414031,2.68,3.43,0.8,-1.3,1.4,중립,양봉,잔구간,0.38,0.28,2026-09-03
CLOV,0.8,4.255,2945514,3472433,12.53,14.0,0.9,0.9,-2.0,중립,음봉,잔구간,0.23,-0.51,2026-09-03
RMIX,0.8,16.18,399993,489855,6.47,7.0,0.9,1.5,-1.3,중립,망치형,잔구간,0.71,0.625,2026-09-03
RMNI,0.8,5.1,512175,631250,2.61,2.9,0.9,0.4,-1.4,중립,음봉,전저점부근,0.15,-0.37,2026-09-03
CION,0.8,7.36,316917,409320,2.33,2.79,0.8,1.2,-2.4,매도주의,장대음봉,수횡파,0.1,-1.88,2026-09-03
GNL,0.8,9.14,1124162,1387229,10.27,15.09,0.7,0.7,-0.8,중립,음봉,잔구간,0.33,-0.45,2026-09-03
BLMN,0.8,9.73,1563702,2024593,15.21,20.36,0.7,1.2,-3.2,매도주의,장대음봉,전저점부근,0.26,-1.54,2026-09-03
BLDP,0.8,2.29,1670631,2136151,3.83,5.54,0.7,0.9,1.3,강한매수,양봉,완만한상승,0.86,2.03,2026-09-03
GRML,0.8,4.48,650078,828245,2.91,8.22,0.4,1.4,-9.3,매도주의,장대음봉,전저점부근,0.05,-1.79,2026-09-03
OMER,0.8,19.11,1165465,1379858,22.27,30.3,0.7,0.7,0.6,강한매수,양봉스프링,완만한상승,0.85,2.82,2026-09-03
RZLT,0.8,4.54,771933,939017,3.5,8.1,0.4,0.7,-1.1,중립,음봉,잔구간,0.48,-0.36,2026-09-03
GTM,0.8,4.12,4354984,5297265,17.94,19.41,0.9,0.7,0.0,중립,팽이도지,완만한상승,0.26,0.61,2026-09-03
GOGO,0.8,2.65,2062591,2499678,5.47,6.36,0.9,1.6,3.1,중립,양봉,잔구간,0.65,0.44,2026-09-03
BFLY,0.8,7.29,3939805,4822237,28.72,40.69,0.7,1.2,-5.2,강한매도,장대음봉,전저점이탈,0.11,-3.22,2026-09-03
PROK,0.8,1.92,751466,912346,1.44,1.83,0.8,0.5,0.0,중립,위꼬리양봉,완만한상승,0.25,-0.4,2026-09-03
BHVN,0.8,15.86,2259495,2907398,35.84,67.62,0.5,1.3,-0.2,중립,팽이도지,잔구간,0.48,-0.01,2026-09-03
BILI,0.8,15.5,2699775,3389268,41.85,57.56,0.7,-0.9,1.2,중립,양봉,잔구간,0.83,0.55,2026-09-03
COTY,0.8,2.93,4785506,6150552,14.02,21.3,0.7,0.7,0.3,매수관심,팽이도지,완만한상승,0.63,1.06,2026-09-03
CIG,0.8,2.15,3570094,4549482,7.68,8.79,0.9,2.3,-1.4,중립,장대음봉,전고점돌파,0.4,-0.62,2026-09-03
PDYN,0.8,5.68,579131,725893,3.29,4.22,0.8,1.7,2.5,매수관심,양봉,완만한상승,0.59,1.71,2026-09-03
AHRT,0.8,6.5,466144,551461,3.03,3.58,0.8,0.9,-0.5,중립,음봉,잔구간,0.2,-0.53,2026-09-03
HAYW,0.8,13.7,1566686,1901415,21.46,24.7,0.9,1.2,-0.7,중립,음봉,잔구간,0.41,-0.405,2026-09-03
EMBC,0.8,5.69,1160095,1387480,6.6,7.5,0.9,0.2,-0.2,중립,팽이도지,전고점부근,0.7,-0.21,2026-09-03
EH,0.8,4.56,548043,725215,2.5,4.61,0.5,0.0,0.9,중립,위꼬리양봉,잔구간,0.38,-0.57,2026-09-03
EGY,0.8,6.04,871581,1058614,5.26,7.83,0.7,0.0,-1.6,매도주의,장대음봉,잔구간,0.27,-1.14,2026-09-03
HIMX,0.8,13.56,538178,653346,7.3,10.32,0.7,-1.2,1.7,강한매수,양봉,완만한상승,0.85,2.02,2026-09-03
EFC,0.8,13.35,851644,1024367,11.37,13.44,0.8,0.7,-0.5,중립,음봉,완만한상승,0.44,0.13,2026-09-03
AXTL,0.8,1.96,899283,1093692,1.76,2.32,0.8,-2.5,-0.5,중립,팽이도지,잔구간,0.69,0.115,2026-09-03
HTLD,0.8,12.36,447653,580300,5.53,7.89,0.7,1.3,0.8,강한매수,양봉스프링,완만한상승,0.85,2.82,2026-09-03
SLS,0.8,13.7,5783361,6842972,79.23,122.55,0.6,-0.7,-2.6,중립,음봉,잔구간,0.15,-0.56,2026-09-03
NIQ,0.8,18.82,1006232,1187937,18.94,24.24,0.8,1.7,0.9,중립,팽이도지,잔구간,0.7,0.12,2026-09-03
SMU,0.8,6.735,1346135,1668283,9.07,10.47,0.9,3.0,1.0,중립,위꼬리양봉,잔구간,0.3,-0.62,2026-09-03
SMCZ,0.8,3.046,2741982,3423116,8.35,11.73,0.7,2.2,-6.9,중립,음봉,잔구간,0.12,-0.58,2026-09-03
NPKI,0.8,13.12,768259,906741,10.08,12.01,0.8,-0.5,-0.5,중립,망치형,잔구간,0.65,0.59,2026-09-03
SKYQ,0.8,2.7,609000,783069,1.64,2.08,0.8,0.0,1.9,강한매수,양봉스프링,완만한상승,0.84,2.81,2026-09-03
NOWL,0.8,8.55,6576594,8022308,56.23,58.09,1.0,6.1,6.3,강한매수,장대양봉,완만한상승,0.77,3.22,2026-09-03
NNE,0.8,17.65,1281018,1678000,22.61,28.31,0.8,0.7,-0.3,매도주의,위꼬리음봉,완만한상승,0.09,-1.09,2026-09-03
CTKB,0.8,4.7,485316,640389,2.28,3.35,0.7,0.2,0.0,매수관심,팽이도지,완만한상승,0.73,1.18,2026-09-03
OSG,0.8,4.71,565706,735079,2.66,2.65,1.0,2.2,2.6,강한매수,장대양봉,완만한상승,0.86,3.33,2026-09-03
ORC,0.8,6.52,3696190,4646002,24.1,29.02,0.8,0.6,-0.6,중립,음봉,잔구간,0.4,-0.41,2026-09-03
NVG,0.8,11.95,479744,607195,5.73,7.15,0.8,0.3,0.0,매도주의,위꼬리양봉,잔구간,0.0,-0.8,2026-09-03
CHA,0.8,11.36,1165985,1445518,13.25,13.92,1.0,0.0,-2.2,매도주의,장대음봉,잔구간,0.12,-1.23,2026-09-03
NXE,0.8,10.67,3565551,4447513,38.04,49.2,0.8,2.8,1.5,강한매수,장대양봉,완만한상승,0.66,3.09,2026-09-03
CERS,0.8,2.57,917117,1212130,2.36,4.1,0.6,1.5,-2.7,중립,음봉,잔구간,0.34,-0.445,2026-09-03
CGNT,0.8,8.48,481012,608313,4.08,5.81,0.7,0.4,0.4,중립,위꼬리양봉,완만한상승,0.37,-0.26,2026-09-03
HBAN,0.8,17.06,17764842,22390518,303.07,359.81,0.8,0.5,0.6,매수관심,양봉,완만한상승,0.73,1.88,2026-09-03
ORIC,0.8,12.74,916441,1092385,11.68,14.53,0.8,0.3,-3.3,중립,음봉,잔구간,0.18,-0.54,2026-09-03
SHOE,0.8,13.65,977280,1208038,13.34,13.11,1.0,1.1,0.1,강한매수,양봉스프링,완만한상승,0.98,2.98,2026-09-03
SES,0.8,0.507,5968638,7366783,3.02,4.88,0.6,1.5,-0.2,중립,팽이도지,잔구간,0.5,0.0,2026-09-03
OIS,0.8,8.86,389744,492835,3.45,4.53,0.8,0.3,-1.4,매도주의,장대음봉,잔구간,0.24,-1.155,2026-09-03
OCGN,0.8,1.35,2416083,3002082,3.26,4.49,0.7,1.1,1.1,강한매수,양봉스프링,완만한상승,1.0,3.0,2026-09-03
PD,0.8,14.1,1415609,1882912,19.96,24.7,0.8,2.1,0.3,매수관심,팽이도지,완만한상승,0.57,0.98,2026-09-03
PDI,0.8,15.29,2307375,2908244,35.28,54.34,0.6,0.2,-0.5,중립,음봉,잔구간,0.2,-0.53,2026-09-03
CWH,0.8,6.72,1129421,1445105,7.59,9.46,0.8,1.6,-2.6,중립,음봉,잔구간,0.2,-0.53,2026-09-03
NNBR,0.8,3.46,856481,1071135,2.96,4.83,0.6,0.6,1.2,강한매수,양봉스프링,완만한상승,0.87,2.84,2026-09-03
NMCO,0.8,10.14,599461,781329,6.08,5.05,1.2,0.9,2.8,매수관심,장대양봉,잔구간,0.67,1.1,2026-09-03
CRMD,0.8,8.47,707673,872996,5.99,8.41,0.7,0.9,-2.5,매도주의,장대음봉,잔구간,0.13,-1.22,2026-09-03
MSFD,0.8,10.095,1067212,1370770,10.77,12.2,0.9,-1.1,-1.6,중립,음봉,잔구간,0.4,-0.41,2026-09-03
MSOS,0.8,4.95,3518725,4299482,17.42,22.49,0.8,-0.4,0.0,중립,팽이도지,잔구간,0.38,-0.07,2026-09-03
SNXX,0.8,14.07,53853425,65365350,757.72,933.16,0.8,-1.3,1.7,매수관심,팽이도지,완만한상승,0.69,1.13,2026-09-03
SMWB,0.8,8.89,498745,614674,4.43,7.29,0.6,1.6,-0.1,중립,팽이도지,완만한상승,0.28,0.64,2026-09-03
AIRJ,0.8,4.45,726771,910850,3.23,5.45,0.6,1.8,-1.3,중립,음봉,잔구간,0.63,-0.27,2026-09-03
LDI,0.8,0.94,3253671,3881131,3.06,3.03,1.0,3.1,1.1,중립,위꼬리양봉,잔구간,0.33,-0.6,2026-09-03
LASE,0.8,1.4,876281,1058763,1.23,2.15,0.6,8.0,-6.0,매도주의,장대음봉,잔구간,0.17,-1.2,2026-09-03
KLRA,0.8,15.74,642523,761285,10.11,13.0,0.8,0.6,-1.3,매도주의,위꼬리음봉,잔구간,0.24,-0.905,2026-09-03
TFSL,0.8,17.5,625179,757017,10.94,14.13,0.8,0.0,0.2,중립,위꼬리양봉,잔구간,0.29,-0.625,2026-09-03
EC,0.8,17.2,1496760,1899380,25.74,29.89,0.9,0.4,-2.2,중립,음봉,잔구간,0.09,-0.595,2026-09-03
ATOM,0.8,3.94,378534,502085,1.49,1.99,0.7,0.5,-2.0,중립,음봉,잔구간,0.23,-0.51,2026-09-03
TK,0.8,13.47,447005,569206,6.02,7.59,0.8,0.1,0.7,매수관심,팽이도지,전고점돌파,0.69,1.73,2026-09-03
FPI,0.8,10.53,654037,829306,6.89,6.72,1.0,1.1,-0.4,매수관심,팽이도지,완만한상승,0.43,0.82,2026-09-03
FLYW,0.8,18.7,1073014,1350108,20.07,26.42,0.8,0.7,-1.4,중립,음봉,잔구간,0.2,-0.53,2026-09-03
XE,0.8,17.88,4624253,5450650,82.68,104.32,0.8,0.9,-2.1,중립,음봉,잔구간,0.12,-0.58,2026-09-03
ALTO,0.8,4.03,1289429,1599543,5.2,6.85,0.8,0.5,-2.4,매도주의,장대음봉,잔구간,0.14,-1.215,2026-09-03
BIOA,0.8,9.5,407282,522772,3.87,5.8,0.7,1.7,-4.0,매도주의,장대음봉,잔구간,0.15,-1.21,2026-09-03
WRD,0.8,5.89,1224473,1539423,7.21,12.07,0.6,2.3,-0.2,중립,팽이도지,완만한상승,0.4,0.78,2026-09-03
WU,0.8,7.25,5810694,7355798,42.13,55.63,0.8,1.2,-1.9,중립,음봉,잔구간,0.26,-0.495,2026-09-03
WWW,0.8,19.55,520301,622415,10.17,13.18,0.8,2.0,-0.6,중립,망치형,잔구간,0.8,0.68,2026-09-03
XHR,0.8,18.15,589906,781765,10.71,13.63,0.8,1.1,-2.6,매도주의,장대음봉,전저점부근,0.06,-1.78,2026-09-03
ADMA,0.8,9.58,1326117,1756308,12.7,16.54,0.8,0.1,0.6,매수관심,양봉스프링,잔구간,0.92,1.0,2026-09-03
ACCO,0.8,4.34,534076,683942,2.32,2.96,0.8,1.6,-1.4,매도주의,장대음봉,완만한상승,0.4,-1.22,2026-09-03
ACHR,0.8,5.76,16940721,21835933,97.58,152.23,0.6,2.7,-0.7,매도주의,위꼬리음봉,완만한상승,0.23,-0.92,2026-09-03
KULR,0.8,2.55,489330,598648,1.25,1.92,0.6,1.6,0.8,중립,위꼬리양봉,잔구간,0.22,-0.67,2026-09-03
KT,0.8,19.83,765388,983926,15.18,21.94,0.7,0.8,0.1,강한매수,양봉스프링,완만한상승,0.87,2.84,2026-09-03
KURA,0.8,13.15,1477983,1924771,19.44,31.43,0.6,1.1,-0.8,강한매수,망치형,완만한상승,0.68,2.12,2026-09-03
KZIA,0.8,12.16,413805,496030,5.03,5.71,0.9,0.1,-3.6,중립,음봉,전저점부근,0.13,-0.39,2026-09-03
TRX,0.8,1.21,2431734,2987335,2.94,3.7,0.8,3.4,0.0,매수관심,양봉스프링,잔구간,0.75,0.9,2026-09-03
JBLU,0.8,4.61,16320145,20197741,75.24,104.81,0.7,1.1,-1.7,중립,음봉,잔구간,0.37,-0.43,2026-09-03
BBAI,0.8,2.98,12799166,16779027,38.14,53.27,0.7,2.0,-1.0,중립,팽이도지,완만한상승,0.33,0.7,2026-09-03
SWIM,0.8,6.91,650561,820492,4.5,5.23,0.9,0.7,-0.1,중립,망치형,잔구간,0.73,0.64,2026-09-03
IRWD,0.8,4.29,1132595,1487730,4.86,6.85,0.7,0.9,-3.6,매도주의,장대음봉,잔구간,0.07,-1.26,2026-09-03
INDI,0.8,3.47,3281744,4088326,11.39,19.02,0.6,1.5,-4.3,매도주의,장대음봉,전저점부근,0.11,-1.72,2026-09-03
INFQ,0.8,12.66,5712528,7082745,72.32,114.37,0.6,0.9,-0.8,중립,팽이도지,잔구간,0.41,-0.055,2026-09-03
AZ,0.8,5.99,478242,570457,2.86,3.55,0.8,1.0,0.5,중립,팽이도지,잔구간,0.35,-0.09,2026-09-03
LPL,0.8,3.25,1810316,2151365,5.88,7.95,0.7,0.0,-0.3,중립,망치형,잔구간,0.83,0.7,2026-09-03
SY,0.8,2.82,451401,545140,1.27,5.13,0.2,-0.7,0.7,중립,위꼬리양봉,완만한상승,0.41,-0.21,2026-09-03
TASK,0.8,8.08,327066,422286,2.64,3.16,0.8,-0.1,0.4,매수관심,팽이도지,완만한상승,0.45,0.84,2026-09-03
LXU,0.8,11.23,545250,656516,6.12,7.29,0.8,-0.1,-2.6,중립,음봉,잔구간,0.27,-0.49,2026-09-03
DOLE,0.8,13.9,899082,1156724,12.5,14.78,0.8,0.6,-1.7,매도주의,장대음봉,잔구간,0.29,-1.125,2026-09-03
DRH,0.8,12.06,2033468,2649281,24.52,31.89,0.8,0.7,-2.6,매도주의,장대음봉,잔구간,0.05,-1.27,2026-09-03
CC,0.8,15.48,1355568,1622807,20.98,25.51,0.8,0.6,-1.9,중립,음봉,잔구간,0.44,-0.385,2026-09-03
SUZ,0.8,9.15,2221945,2921661,20.33,37.21,0.5,0.4,-0.3,매수관심,팽이도지,완만한상승,0.57,0.98,2026-09-03
MNTN,0.8,13.46,658774,876192,8.87,10.97,0.8,2.1,0.4,중립,팽이도지,전고점부근,0.61,-0.32,2026-09-03
HTZ,0.8,2.27,13963157,18030489,31.7,41.79,0.8,0.0,-1.7,중립,팽이도지,잔구간,0.53,0.02,2026-09-03
NABL,0.8,3.99,2009231,2509702,8.02,9.21,0.9,2.5,-2.0,중립,음봉,완만한상승,0.13,-0.24,2026-09-03
MQ,0.8,16.98,635341,748908,10.79,11.5,0.9,-0.1,1.1,강한매수,양봉,전고점돌파,0.59,2.31,2026-09-03
MUA,0.8,9.92,318409,412506,3.16,3.56,0.9,-0.1,0.1,중립,위꼬리양봉,잔구간,0.33,-0.6,2026-09-03
CBRG,0.8,3.24,9726785,11739129,31.51,32.74,1.0,-3.0,9.5,강한매수,장대양봉,완만한상승,0.94,3.43,2026-09-03
AQST,0.8,5.35,1832179,2343213,9.8,13.34,0.7,0.4,-0.9,중립,망치형,잔구간,0.58,0.55,2026-09-03
NAT,0.8,7.1,3988698,4733955,28.32,28.89,1.0,0.8,-0.4,중립,팽이도지,전고점부근,0.51,-0.44,2026-09-03
SOC,0.8,4.72,6011552,7081451,28.37,39.02,0.7,0.8,-1.5,중립,팽이도지,잔구간,0.31,-0.115,2026-09-03
MLTX,0.8,15.19,841991,1009859,12.79,15.97,0.8,0.1,0.7,중립,위꼬리양봉,완만한상승,0.45,-0.16,2026-09-03
BSCT,0.8,18.475,472657,572546,8.73,14.42,0.6,0.2,-0.0,중립,음봉,완만한상승,0.26,-0.09,2026-09-03
BSCV,0.8,16.165,354732,468702,5.73,7.97,0.7,0.3,-0.2,매도주의,장대음봉,잔구간,0.17,-1.2,2026-09-03
HLIT,0.8,11.605,866755,1111718,10.06,14.87,0.7,0.0,-1.6,매도주의,장대음봉,잔구간,0.26,-1.145,2026-09-03
HLLY,0.8,3.1,553613,728449,1.72,2.59,0.7,1.4,4.4,강한매수,장대양봉,전고점돌파,1.0,4.1,2026-09-03
HOWL,0.8,0.944,1330513,1762669,1.26,32.33,0.0,-2.8,-2.7,중립,음봉,잔구간,0.12,-0.58,2026-09-03
HRZN,0.8,4.86,758986,928347,3.69,3.61,1.0,0.6,0.6,강한매수,양봉스프링,완만한상승,0.81,2.77,2026-09-03
KREF,0.8,7.56,377502,459701,2.85,4.32,0.7,1.3,-1.7,매도주의,장대음봉,잔구간,0.3,-1.12,2026-09-03
DXC,0.8,11.67,1820002,2207423,21.24,25.18,0.8,1.2,-0.8,중립,팽이도지,완만한상승,0.35,0.72,2026-09-03
JPC,0.8,7.37,978316,1192492,7.21,9.53,0.8,0.0,0.1,중립,위꼬리양봉,잔구간,0.33,-0.6,2026-09-03
ASC,0.8,18.02,679032,803214,12.24,12.88,1.0,-0.1,-0.2,중립,팽이도지,잔구간,0.56,0.035,2026-09-03
JDST,0.8,19.71,817477,982570,16.11,24.48,0.7,-6.7,0.3,중립,위꼬리양봉,잔구간,0.16,-0.705,2026-09-03
DSL,0.8,10.54,503598,646553,5.31,6.06,0.9,0.3,-0.3,중립,음봉,잔구간,0.17,-0.55,2026-09-03
PK,0.7,15.08,3126741,4367093,47.15,62.41,0.8,1.0,-4.1,강한매도,장대음봉,전저점이탈,0.03,-3.31,2026-09-03
PBI,0.7,17.58,890397,1219525,15.65,25.3,0.6,0.5,0.5,중립,양봉,잔구간,0.96,0.625,2026-09-03
CSAN,0.7,2.94,2254218,3180295,6.63,8.28,0.8,1.7,-0.7,매수관심,팽이도지,완만한상승,0.5,0.9,2026-09-03
NEXN,0.7,9.61,362633,504351,3.48,5.62,0.6,1.4,-3.8,매도주의,장대음봉,잔구간,0.14,-1.215,2026-09-03
AIOT,0.7,3.04,1066581,1533965,3.24,4.49,0.7,1.0,0.3,강한매수,양봉스프링,완만한상승,0.86,2.83,2026-09-03
NN,0.7,15.72,1458135,2228636,22.92,35.0,0.7,1.1,1.3,매수관심,양봉,완만한상승,0.71,1.85,2026-09-03
ELPC,0.7,12.39,316198,476475,3.92,5.52,0.7,1.2,0.0,매수관심,팽이도지,전고점돌파,0.57,1.58,2026-09-03
APLE,0.7,15.58,1633263,2283609,25.45,35.7,0.7,0.6,-1.6,매도주의,장대음봉,잔구간,0.07,-1.26,2026-09-03
CRML,0.7,7.36,5061923,7780471,37.26,74.64,0.5,2.1,-1.2,매도주의,위꼬리음봉,완만한상승,0.17,-1.0,2026-09-03
CMRC,0.7,2.51,712399,972073,1.79,3.08,0.6,0.8,0.4,중립,팽이도지,완만한상승,0.37,0.74,2026-09-03
SERV,0.7,4.83,2198100,3040323,10.62,19.53,0.5,0.8,-1.6,중립,음봉,잔구간,0.18,-0.54,2026-09-03
SFIX,0.7,3.07,1120172,1604344,3.44,4.95,0.7,1.6,-2.2,중립,음봉,잔구간,0.32,-0.46,2026-09-03
SG,0.7,6.68,2626458,4031007,17.54,30.99,0.6,0.3,-1.0,중립,팽이도지,잔구간,0.4,-0.06,2026-09-03
OCFC,0.7,19.28,655444,877825,12.64,17.95,0.7,0.6,0.4,강한매수,양봉,전고점돌파,0.39,2.07,2026-09-03
PDBC,0.7,19.09,4036531,5731883,77.06,107.94,0.7,-0.2,0.4,중립,양봉,전고점부근,0.48,0.23,2026-09-03
HDSN,0.7,5.25,409740,609704,2.15,3.32,0.6,0.4,2.1,매수관심,장대양봉,잔구간,0.79,1.175,2026-09-03
QFIN,0.7,8.72,2256776,3429931,19.68,46.14,0.4,1.1,0.9,중립,팽이도지,잔구간,0.62,0.07,2026-09-03
PHAT,0.7,9.05,663058,913537,6.0,8.91,0.7,0.4,-2.7,매도주의,장대음봉,잔구간,0.2,-1.18,2026-09-03
PAR,0.7,18.9,568362,759178,10.74,15.18,0.7,2.6,-1.8,중립,음봉,잔구간,0.37,-0.43,2026-09-03
NVCR,0.7,17.64,613412,885199,10.82,18.92,0.6,0.6,-1.7,중립,음봉,잔구간,0.35,-0.44,2026-09-03
OPTU,0.7,1.04,1600064,2336879,1.66,2.11,0.8,0.0,2.0,중립,위꼬리양봉,완만한상승,0.33,-0.3,2026-09-03
NVDQ,0.7,8.275,6077047,8643453,50.29,74.02,0.7,-1.2,-2.2,중립,음봉,잔구간,0.36,-0.435,2026-09-03
CGC,0.7,0.973,1713467,2532260,1.67,3.85,0.4,1.1,-0.6,중립,팽이도지,잔구간,0.41,-0.055,2026-09-03
GTN,0.7,4.98,671480,1021620,3.34,4.54,0.7,2.0,-1.0,매도주의,위꼬리음봉,완만한상승,0.23,-0.92,2026-09-03
SAIL,0.7,19.39,2370369,3467304,45.96,65.04,0.7,2.8,3.0,강한매수,장대양봉,완만한상승,0.92,3.4,2026-09-03
GAB,0.7,5.69,433733,607721,2.47,3.59,0.7,0.4,0.2,매수관심,양봉,완만한상승,0.33,1.4,2026-09-03
CLBT,0.7,11.94,1361742,1948924,16.26,30.06,0.5,1.9,0.8,강한매수,양봉,완만한상승,0.85,2.02,2026-09-03
PLG,0.7,1.54,915607,1290724,1.41,2.31,0.6,3.9,-2.5,중립,음봉,잔구간,0.28,-0.48,2026-09-03
RDTL,0.7,13.88,388000,561752,5.39,9.34,0.6,0.6,-3.4,중립,음봉,잔구간,0.14,-0.565,2026-09-03
RC,0.7,1.76,611285,928408,1.08,1.96,0.5,1.1,-0.6,중립,팽이도지,잔구간,0.5,0.0,2026-09-03
QYLD,0.7,18.33,3702063,5645849,67.86,94.87,0.7,0.1,0.6,강한매수,장대양봉,전고점돌파,1.0,4.1,2026-09-03
QUBT,0.7,7.96,4699338,6473717,37.41,61.41,0.6,0.6,0.9,중립,양봉,잔구간,0.45,0.32,2026-09-03
AMPY,0.7,4.9,450117,612790,2.21,3.08,0.7,0.4,-2.4,매도주의,장대음봉,잔구간,0.25,-1.15,2026-09-03
AMPL,0.7,13.55,1398254,1985348,18.95,23.16,0.8,1.9,0.1,중립,위꼬리양봉,잔구간,0.19,-0.685,2026-09-03
REAL,0.7,10.06,1493241,2060619,15.02,31.14,0.5,0.7,-1.1,중립,음봉,잔구간,0.24,-0.505,2026-09-03
REPL,0.7,15.29,1353767,1884292,20.7,37.09,0.6,0.1,-4.4,매도주의,장대음봉,잔구간,0.27,-1.14,2026-09-03
BLZE,0.7,13.31,1128578,1625922,15.02,43.95,0.3,0.6,0.2,매수관심,양봉스프링,잔구간,0.88,0.98,2026-09-03
VWAV,0.7,0.61,1814943,2631817,1.11,2.05,0.5,-5.1,-1.1,매도주의,위꼬리음봉,전저점부근,0.0,-1.35,2026-09-03
FTRE,0.7,18.62,776308,1163606,14.45,19.66,0.7,1.7,-0.3,매수관심,팽이도지,완만한상승,0.54,0.95,2026-09-03
GENI,0.7,7.63,3312716,4924979,25.28,37.56,0.7,2.8,0.0,중립,팽이도지,완만한상승,0.31,0.67,2026-09-03
QBTS,0.7,16.82,11015874,15034574,185.29,293.27,0.6,0.5,1.4,중립,양봉,잔구간,0.69,0.465,2026-09-03
PUMP,0.7,11.24,2350452,3417781,26.42,33.02,0.8,-0.7,0.8,매수관심,양봉,완만한상승,0.74,1.89,2026-09-03
PRGO,0.7,14.27,1873661,2645681,26.74,38.93,0.7,1.5,-3.0,매도주의,장대음봉,수횡파,0.25,-1.7,2026-09-03
RQI,0.7,12.17,379863,548935,4.62,6.75,0.7,0.2,0.2,중립,양봉,잔구간,0.57,0.39,2026-09-03
BEKE,0.7,17.91,2702954,4105625,48.41,102.01,0.5,-0.8,0.6,중립,양봉,잔구간,0.76,0.505,2026-09-03
BCRX,0.7,10.09,1973960,2729614,19.92,25.0,0.8,-0.2,-0.6,중립,망치형,잔구간,0.54,0.525,2026-09-03
BGC,0.7,12.15,1918492,2648558,23.31,33.41,0.7,1.3,1.3,강한매수,장대양봉,완만한상승,0.79,3.25,2026-09-03
QS,0.7,5.45,10952752,16450550,59.69,98.74,0.6,1.5,-1.4,중립,음봉,잔구간,0.18,-0.54,2026-09-03
RXST,0.7,6.54,605386,883894,3.96,6.04,0.7,1.1,-8.0,매도주의,장대음봉,잔구간,0.1,-1.24,2026-09-03
GOF,0.7,9.45,1856616,2770867,17.55,51.25,0.3,0.0,0.5,매수관심,양봉,완만한상승,0.64,1.77,2026-09-03
VMET,0.7,10.27,337862,485599,3.47,6.6,0.5,1.6,-2.1,중립,음봉,잔구간,0.24,-0.505,2026-09-03
VNET,0.7,6.15,2953668,4002189,18.17,33.78,0.5,0.0,1.3,중립,팽이도지,잔구간,0.62,0.07,2026-09-03
EVEX,0.7,2.26,696831,957396,1.57,1.97,0.8,1.8,0.4,중립,팽이도지,잔구간,0.6,0.06,2026-09-03
BLND,0.7,1.51,1071763,1607436,1.62,2.42,0.7,2.0,-1.9,중립,음봉,완만한상승,0.14,-0.23,2026-09-03
VLY,0.7,13.9,4698958,6564533,65.32,90.8,0.7,0.5,0.1,중립,팽이도지,잔구간,0.49,-0.005,2026-09-03
MCHB,0.7,15.84,316660,464726,5.02,6.88,0.7,0.8,-0.2,중립,팽이도지,잔구간,0.27,-0.14,2026-09-03
BPRE,0.7,11.91,760712,1087541,9.06,11.74,0.8,0.4,-2.4,매도주의,장대음봉,잔구간,0.03,-1.28,2026-09-03
EOLS,0.7,9.05,734416,1042999,6.65,9.32,0.7,0.2,-0.3,중립,망치형,잔구간,0.74,0.645,2026-09-03
TBPH,0.7,17.08,301866,450948,5.16,7.83,0.7,0.0,0.1,매수관심,팽이도지,완만한상승,0.6,1.02,2026-09-03
ADTN,0.7,7.15,1102445,1543433,7.88,11.58,0.7,0.1,-5.0,강한매도,장대음봉,전저점이탈,0.07,-3.27,2026-09-03
TE,0.7,4.54,16409215,23576189,74.5,92.44,0.8,2.0,4.2,매수관심,장대양봉,잔구간,0.96,1.275,2026-09-03
TDOC,0.7,6.47,2566646,3558819,16.61,22.02,0.8,0.8,-0.6,중립,팽이도지,완만한상승,0.36,0.73,2026-09-03
ECVT,0.7,10.21,901234,1227688,9.2,13.16,0.7,1.0,-2.5,매도주의,장대음봉,잔구간,0.31,-1.115,2026-09-03
DNA,0.7,6.95,860360,1236476,5.98,8.91,0.7,1.8,-2.9,중립,음봉,잔구간,0.41,-0.405,2026-09-03
MBC,0.7,8.17,1304739,1940959,10.66,14.95,0.7,1.5,-1.3,중립,음봉,잔구간,0.23,-0.51,2026-09-03
MATV,0.7,12.52,382983,547039,4.79,7.43,0.6,0.0,0.3,매수관심,양봉스프링,잔구간,0.78,0.92,2026-09-03
SUPV,0.7,8.78,408783,605104,3.59,6.26,0.6,1.5,-2.3,중립,음봉,잔구간,0.33,-0.45,2026-09-03
BABX,0.7,17.745,469071,656651,8.32,29.3,0.3,-2.6,2.3,매수관심,양봉,전저점부근,0.86,1.88,2026-09-03
UMC,0.7,19.86,6069193,8979657,120.53,221.94,0.5,-2.0,1.5,중립,양봉,잔구간,0.82,0.54,2026-09-03
HYLN,0.7,3.66,1174667,1732156,4.3,7.33,0.6,1.1,1.7,매수관심,양봉,완만한상승,0.78,1.94,2026-09-03
HYT,0.7,8.27,568568,790687,4.7,6.78,0.7,0.4,-0.2,매도주의,장대음봉,완만한상승,0.2,-1.46,2026-09-03
UAMY,0.7,5.14,6660331,8955727,34.23,38.07,0.9,1.5,-4.3,매도주의,장대음봉,잔구간,0.09,-1.245,2026-09-03
IMTX,0.7,9.46,494337,752243,4.68,6.68,0.7,0.3,-0.7,중립,팽이도지,수횡파,0.47,0.56,2026-09-03
SVM,0.7,13.11,1728097,2434344,22.66,31.07,0.7,3.6,-1.0,강한매수,망치형,완만한상승,0.68,2.12,2026-09-03
MNRO,0.7,12.6,526560,798126,6.63,13.94,0.5,1.2,0.4,중립,팽이도지,잔구간,0.59,0.055,2026-09-03
IAUX,0.7,1.79,5704209,8250240,10.21,21.98,0.5,3.4,-1.6,중립,음봉,잔구간,0.43,-0.39,2026-09-03
IBRX,0.7,8.19,5271763,7604184,43.18,66.91,0.6,0.6,2.4,강한매수,양봉,완만한상승,0.94,2.13,2026-09-03
IGR,0.7,4.51,423443,651327,1.91,2.56,0.7,1.1,-0.4,중립,망치형,잔구간,0.68,0.61,2026-09-03
IMRX,0.7,5.04,424432,633291,2.14,2.77,0.8,1.3,-0.9,강한매수,망치형,완만한상승,0.63,2.06,2026-09-03
IMMX,0.7,13.83,987216,1356131,13.65,23.04,0.6,1.3,-2.2,중립,음봉,잔구간,0.5,-0.35,2026-09-03
USAR,0.7,17.69,7547463,11410308,133.51,241.52,0.6,1.1,-2.0,매도주의,장대음봉,잔구간,0.16,-1.205,2026-09-03
DC,0.7,6.12,796297,1110845,4.87,8.15,0.6,3.8,-2.7,매도주의,장대음봉,완만한상승,0.33,-1.3,2026-09-03
MYGN,0.7,3.23,959058,1390419,3.1,5.16,0.6,0.6,-0.6,매수관심,팽이도지,완만한상승,0.44,0.83,2026-09-03
MRAM,0.7,15.85,573372,793901,9.09,16.44,0.6,-0.1,-0.2,중립,팽이도지,잔구간,0.58,0.05,2026-09-03
CARS,0.7,11.79,301358,418883,3.55,5.67,0.6,1.2,-2.8,중립,음봉,잔구간,0.12,-0.58,2026-09-03
MSOX,0.7,2.99,1097675,1566388,3.28,5.1,0.6,1.7,-2.6,중립,음봉,잔구간,0.41,-0.405,2026-09-03
CAPR,0.7,9.28,4064904,5747510,37.72,83.38,0.5,-0.6,-5.6,매도주의,장대음봉,잔구간,0.18,-1.19,2026-09-03
CADL,0.7,12.97,628312,956820,8.15,14.71,0.6,0.1,-1.8,중립,음봉,잔구간,0.44,-0.385,2026-09-03
MLCO,0.7,5.18,1304971,1758211,6.76,8.11,0.8,0.0,0.0,중립,팽이도지,잔구간,0.67,0.1,2026-09-03
IRT,0.7,16.13,1709007,2508309,27.57,32.72,0.8,0.9,-2.1,매도주의,장대음봉,잔구간,0.0,-1.3,2026-09-03
TIC,0.7,9.29,838960,1252485,7.79,13.88,0.6,1.5,-2.2,중립,음봉,잔구간,0.19,-0.535,2026-09-03
DV,0.7,13.35,1616019,2225929,21.57,27.35,0.8,0.2,-0.2,중립,음봉,완만한상승,0.17,-0.2,2026-09-03
ECC,0.7,3.87,635014,866797,2.46,2.68,0.9,-0.5,0.5,매수관심,양봉,완만한상승,0.5,1.6,2026-09-03
KSS,0.7,19.34,3347726,4862166,64.75,108.86,0.6,1.0,-0.3,매수관심,망치형,전고점부근,0.75,0.85,2026-09-03
ASPI,0.7,3.9,1986629,2755904,7.75,12.58,0.6,0.5,-1.3,중립,음봉,잔구간,0.26,-0.495,2026-09-03
KRNY,0.7,10.06,502254,751066,5.05,7.26,0.7,0.7,-0.5,강한매도,위꼬리음봉,전고점부근,0.15,-3.37,2026-09-03
AEG,0.7,9.2,3419894,4777538,31.46,41.99,0.7,-1.4,0.9,매수관심,장대양봉,잔구간,1.0,1.3,2026-09-03
LXRX,0.7,2.26,1510144,2161880,3.41,6.31,0.5,0.4,0.4,중립,팽이도지,잔구간,0.75,0.15,2026-09-03
JQC,0.7,4.76,421136,603583,2.0,3.16,0.6,0.2,0.0,강한매수,양봉스프링,완만한상승,1.0,3.0,2026-09-03
TOYO,0.7,4.38,458177,670224,2.01,4.19,0.5,0.2,1.9,매수관심,양봉,완만한상승,0.53,1.64,2026-09-03
TV,0.7,2.66,669917,960270,1.78,2.85,0.6,0.0,0.0,중립,팽이도지,완만한상승,0.36,0.73,2026-09-03
IONZ,0.7,2.83,7366129,10602531,20.85,29.73,0.7,-2.3,-5.7,중립,음봉,잔구간,0.35,-0.44,2026-09-03
LTBR,0.7,7.48,396307,584458,2.96,4.7,0.6,1.5,-2.6,매도주의,장대음봉,잔구간,0.14,-1.215,2026-09-03
JFR,0.7,7.6,394654,588388,3.0,4.58,0.7,1.2,-1.3,매도주의,장대음봉,잔구간,0.09,-1.245,2026-09-03
IVVD,0.7,0.835,2577764,3630436,2.15,4.68,0.5,3.8,0.0,중립,팽이도지,잔구간,0.73,0.14,2026-09-03
KPTI,0.7,1.77,819676,1202257,1.45,2.15,0.7,0.0,-1.1,강한매수,망치형,수횡파,0.58,2.7,2026-09-03
FRMI,0.7,4.86,11021402,16260358,53.56,77.56,0.7,0.6,1.3,중립,양봉,잔구간,0.74,0.495,2026-09-03
EVH,0.7,4.26,1785240,2382496,7.61,11.05,0.7,-0.5,1.2,매수관심,양봉스프링,잔구간,0.91,0.995,2026-09-03
EYPT,0.7,4.565,2625997,3949954,11.99,24.15,0.5,-1.0,-3.7,중립,음봉,잔구간,0.24,-0.505,2026-09-03
FATE,0.7,2.42,715437,1045934,1.73,3.25,0.5,0.0,-1.2,중립,음봉,잔구간,0.19,-0.535,2026-09-03
ACI,0.7,12.59,4372251,5868209,55.05,77.2,0.7,0.4,0.5,매수관심,팽이도지,완만한상승,0.67,1.1,2026-09-03
BXMT,0.7,14.16,1441345,1979363,20.41,24.88,0.8,0.5,0.5,강한매수,양봉스프링,전고점돌파,0.95,3.54,2026-09-03
ABCL,0.7,11.57,3291671,4613698,38.08,65.5,0.6,1.9,-0.1,매수관심,팽이도지,완만한상승,0.55,0.96,2026-09-03
ADNT,0.7,19.57,564164,807248,11.04,15.97,0.7,2.4,-0.7,중립,망치형,전고점부근,0.58,0.65,2026-09-03
KVYO,0.7,19.76,4799959,6674873,94.85,110.19,0.9,2.3,0.0,중립,위꼬리양봉,완만한상승,0.22,-0.44,2026-09-03
ALOY,0.7,10.06,1164322,1598697,11.71,23.18,0.5,0.0,-1.5,중립,음봉,잔구간,0.21,-0.525,2026-09-03
FOSL,0.7,5.13,487585,677732,2.5,3.71,0.7,2.0,-0.2,중립,망치형,잔구간,0.69,0.615,2026-09-03
ALVO,0.7,5.38,673701,928933,3.62,7.06,0.5,0.6,0.2,매수관심,팽이도지,완만한상승,0.54,0.95,2026-09-03
ALMU,0.7,12.83,313857,433929,4.03,6.72,0.6,0.0,-0.2,중립,망치형,잔구간,0.76,0.655,2026-09-03
XPOF,0.7,4.93,353205,500386,1.74,2.89,0.6,1.4,-4.1,강한매도,장대음봉,전저점이탈,0.06,-3.28,2026-09-03
XPER,0.7,5.83,305993,427157,1.78,2.81,0.6,1.0,-1.2,중립,음봉,잔구간,0.11,-0.585,2026-09-03
ABEV,0.7,3.04,20307027,29058420,61.73,107.98,0.6,2.0,-0.3,매수관심,팽이도지,전고점돌파,0.36,1.33,2026-09-03
XIFR,0.6,12.01,482110,760073,5.79,9.64,0.6,1.4,-0.5,강한매수,망치형,완만한상승,0.64,2.07,2026-09-03
XNDU,0.6,10.02,1116246,1812549,11.18,18.47,0.6,0.8,0.0,중립,팽이도지,완만한상승,0.35,0.72,2026-09-03
WIT,0.6,1.8,6340323,10038958,11.41,16.79,0.7,0.6,-0.6,매도주의,위꼬리음봉,잔구간,0.25,-0.9,2026-09-03
FSCO,0.6,5.26,525050,816236,2.76,4.52,0.6,0.2,0.2,강한매수,양봉스프링,전고점돌파,1.0,3.6,2026-09-03
ACDC,0.6,5.12,797250,1349006,4.08,7.86,0.5,0.0,1.4,매수관심,양봉,완만한상승,0.69,1.83,2026-09-03
TMC,0.6,4.4,4795470,7660310,21.1,40.63,0.5,2.0,-6.0,매도주의,장대음봉,전저점부근,0.06,-1.78,2026-09-03
THM,0.6,2.58,517510,854157,1.34,2.06,0.6,4.0,-1.5,중립,음봉,잔구간,0.4,-0.41,2026-09-03
KC,0.6,10.48,789266,1424173,8.27,15.41,0.5,0.6,1.6,강한매수,양봉,완만한상승,0.94,2.13,2026-09-03
KDK,0.6,3.68,525996,827774,1.94,3.43,0.6,0.3,2.8,매수관심,장대양봉,잔구간,0.87,1.22,2026-09-03
LBTYA,0.6,10.66,1273729,2237106,13.58,21.25,0.6,0.5,-0.7,중립,음봉,수횡파,0.33,-0.3,2026-09-03
KODK,0.6,9.15,724067,1175926,6.63,9.17,0.7,-0.2,-0.2,중립,팽이도지,잔구간,0.33,-0.1,2026-09-03
EDIT,0.6,3.08,1378260,2371461,4.25,8.29,0.5,0.3,-0.3,매수관심,팽이도지,완만한상승,0.62,1.04,2026-09-03
JELD,0.6,2.27,1496489,2566957,3.4,4.97,0.7,1.7,-3.4,중립,음봉,잔구간,0.46,-0.375,2026-09-03
LITZ,0.6,9.0,1966846,3399105,17.7,25.28,0.7,-0.2,5.8,중립,양봉,잔구간,0.48,0.34,2026-09-03
ADUR,0.6,13.88,303453,547825,4.21,6.65,0.6,1.7,-1.1,중립,망치형,잔구간,0.69,0.615,2026-09-03
LTRX,0.6,5.22,1191273,2077510,6.22,8.34,0.7,-0.4,-0.4,중립,팽이도지,잔구간,0.35,-0.09,2026-09-03
DHC,0.6,7.67,674169,1217542,5.17,8.89,0.6,0.4,-0.1,중립,팽이도지,잔구간,0.29,-0.125,2026-09-03
TALO,0.6,17.29,1204106,1870235,20.82,32.13,0.6,0.1,0.2,매수관심,팽이도지,완만한상승,0.66,1.09,2026-09-03
LXEO,0.6,4.84,313344,567822,1.52,3.41,0.4,0.4,0.8,중립,팽이도지,잔구간,0.68,0.11,2026-09-03
MORT,0.6,9.75,507679,856343,4.95,7.53,0.7,0.6,-0.4,중립,음봉,잔구간,0.5,-0.35,2026-09-03
ARCT,0.6,15.56,849067,1493881,13.21,28.52,0.5,0.2,-7.2,매도주의,장대음봉,잔구간,0.13,-1.22,2026-09-03
HUMA,0.6,0.596,3016735,5428439,1.8,4.7,0.4,1.8,-1.9,중립,음봉,잔구간,0.46,-0.375,2026-09-03
TBLA,0.6,3.87,1581155,2496557,6.12,8.34,0.7,1.0,0.3,중립,위꼬리양봉,완만한상승,0.33,-0.3,2026-09-03
STLN,0.6,5.97,660924,1089899,3.95,7.42,0.5,0.0,-2.0,중립,음봉,잔구간,0.53,-0.33,2026-09-03
SUJA,0.6,10.19,480742,806146,4.9,7.8,0.6,2.1,-2.3,중립,음봉,잔구간,0.11,-0.585,2026-09-03
BATL,0.6,1.3,2283326,3743146,2.97,4.91,0.6,0.8,-2.3,매도주의,장대음봉,잔구간,0.25,-1.15,2026-09-03
SVV,0.6,10.27,619360,1079756,6.36,12.69,0.5,1.2,-1.0,매수관심,팽이도지,완만한상승,0.43,0.82,2026-09-03
UMH,0.6,15.95,566084,885174,9.03,13.43,0.7,1.0,-1.7,강한매도,장대음봉,전저점이탈,0.29,-3.0,2026-09-03
CSIQ,0.6,13.53,1574152,2822905,21.3,31.76,0.7,-0.4,1.7,매수관심,양봉,완만한상승,0.6,1.72,2026-09-03
ARRY,0.6,4.54,3669054,6244556,16.66,29.71,0.6,-0.2,-0.4,중립,팽이도지,잔구간,0.32,-0.11,2026-09-03
MRVI,0.6,7.37,2907996,4493556,21.43,50.61,0.4,0.0,-0.1,중립,팽이도지,잔구간,0.65,0.09,2026-09-03
MASS,0.6,10.04,307311,482189,3.09,5.42,0.6,0.6,-3.4,매도주의,음봉,전저점이탈,0.34,-1.64,2026-09-03
BZ,0.6,16.84,6047646,9633048,101.84,172.72,0.6,0.1,-2.7,매도주의,장대음봉,잔구간,0.08,-1.25,2026-09-03
STDN,0.6,14.7,661216,1108482,9.72,15.84,0.6,0.2,0.1,매수관심,팽이도지,완만한상승,0.46,0.85,2026-09-03
SSTK,0.6,5.77,581307,1006376,3.35,5.42,0.6,0.7,-0.3,매도주의,위꼬리음봉,완만한상승,0.07,-1.12,2026-09-03
RAMZ,0.6,17.14,304571,497207,5.22,10.44,0.5,1.8,-1.1,매도주의,위꼬리음봉,수횡파,0.08,-1.4,2026-09-03
QBTX,0.6,6.075,1561217,2407590,9.48,16.37,0.6,1.5,2.4,중립,양봉,잔구간,0.76,0.505,2026-09-03
EPM,0.6,3.7,302224,499410,1.12,2.31,0.5,0.8,0.0,매수관심,팽이도지,완만한상승,0.6,1.02,2026-09-03
RNW,0.6,6.83,1416159,2372252,9.67,18.3,0.5,0.3,0.0,매수관심,팽이도지,완만한상승,0.56,0.97,2026-09-03
RUM,0.6,9.04,2290249,3769997,20.7,43.1,0.5,0.6,2.1,중립,양봉,잔구간,0.92,0.6,2026-09-03
BETR,0.6,13.2,364776,639017,4.82,9.05,0.5,0.1,7.2,강한매수,장대양봉,완만한상승,0.77,3.22,2026-09-03
PGEN,0.6,7.14,2188672,3470884,15.63,33.25,0.5,-0.1,2.0,매수관심,장대양봉,잔구간,1.0,1.3,2026-09-03
AKBA,0.6,0.983,7456779,13075310,7.33,10.91,0.7,2.0,-1.7,중립,음봉,완만한상승,0.57,0.28,2026-09-03
CGBD,0.6,11.57,357744,626102,4.14,6.64,0.6,0.2,-0.1,매수관심,팽이도지,완만한상승,0.54,0.95,2026-09-03
VG,0.6,14.48,8320729,13464033,120.48,184.55,0.7,-0.3,-1.4,중립,음봉,잔구간,0.2,-0.53,2026-09-03
HELP,0.6,11.77,820944,1467268,9.66,22.26,0.4,0.3,-1.8,중립,음봉,잔구간,0.62,-0.28,2026-09-03
SITC,0.6,2.87,663942,1072142,1.91,2.86,0.7,0.7,-2.7,강한매도,장대음봉,전저점이탈,0.11,-3.22,2026-09-03
SLI,0.6,2.43,1064868,1771714,2.59,4.98,0.5,3.3,-2.4,중립,음봉,완만한상승,0.38,0.06,2026-09-03
VISN,0.6,6.37,6648351,11628311,42.35,96.84,0.4,-1.2,-0.3,중립,팽이도지,잔구간,0.27,-0.14,2026-09-03
AMPG,0.6,3.42,792370,1239507,2.71,5.48,0.5,1.8,1.2,강한매수,양봉스프링,완만한상승,0.88,2.86,2026-09-03
VZLA,0.6,4.17,3910675,6285329,16.31,25.08,0.7,2.9,-2.3,중립,음봉,완만한상승,0.45,0.14,2026-09-03
PTEN,0.6,12.55,5939378,10289537,74.54,107.14,0.7,-0.4,-4.2,매도주의,장대음봉,잔구간,0.1,-1.24,2026-09-03
CLM,0.6,6.75,1712514,2646295,11.56,16.27,0.7,0.2,1.8,매수관심,장대양봉,잔구간,0.86,1.215,2026-09-03
RLJ,0.6,10.89,1032102,1616372,11.24,19.46,0.6,0.8,-2.5,매도주의,장대음봉,전저점부근,0.06,-1.78,2026-09-03
PCG,0.6,13.96,65632679,116633056,916.23,1040.49,0.9,0.2,4.6,매수관심,장대양봉,잔구간,0.81,1.185,2026-09-03
OGG,0.6,2.99,667794,1183019,2.0,8.03,0.2,3.8,-0.7,중립,팽이도지,잔구간,0.33,-0.1,2026-09-03
PICS,0.6,11.71,488873,758942,5.72,8.26,0.7,2.1,2.6,강한매수,양봉,전고점돌파,0.56,2.27,2026-09-03
SGRY,0.6,14.17,1634224,2755168,23.16,44.4,0.5,1.1,0.3,중립,팽이도지,잔구간,0.6,0.06,2026-09-03
PDO,0.6,12.52,603991,986602,7.56,12.04,0.6,0.4,0.2,중립,팽이도지,잔구간,0.69,0.115,2026-09-03
GLUE,0.6,14.38,672732,1039359,9.67,16.28,0.6,2.0,-0.8,중립,망치형,잔구간,0.6,0.56,2026-09-03
VSTS,0.6,12.54,747813,1176966,9.38,12.85,0.7,0.6,2.5,강한매수,장대양봉,완만한상승,0.98,3.48,2026-09-03
RYAM,0.6,8.56,392994,640124,3.36,6.23,0.5,1.3,-1.6,중립,음봉,잔구간,0.41,-0.405,2026-09-03
NVDY,0.6,12.92,1433993,2308783,18.53,28.25,0.7,-0.2,0.8,매수관심,양봉,완만한상승,0.67,1.8,2026-09-03
ZIP,0.5,4.19,526413,1079014,2.21,6.13,0.4,0.9,-2.8,중립,음봉,수횡파,0.12,-0.56,2026-09-03
TH,0.5,18.54,715832,1523744,13.27,24.66,0.5,-0.1,0.9,중립,팽이도지,잔구간,0.57,0.04,2026-09-03
DSGN,0.5,15.03,376169,711557,5.65,9.5,0.6,-0.3,-3.0,매도주의,장대음봉,잔구간,0.3,-1.12,2026-09-03
LX,0.5,0.852,5113341,10511441,4.36,8.21,0.5,0.8,2.9,중립,양봉,잔구간,0.91,0.595,2026-09-03
LPTH,0.5,9.64,2486083,5056803,23.97,43.82,0.5,1.3,-0.3,중립,팽이도지,잔구간,0.68,0.11,2026-09-03
BAK,0.5,1.94,2067586,3957356,4.01,6.56,0.6,-1.0,-0.5,중립,망치형,잔구간,0.73,0.64,2026-09-03
SWVL,0.5,5.52,529567,1154383,2.92,20.08,0.1,0.0,8.7,중립,양봉,전고점부근,0.93,0.77,2026-09-03
NCMI,0.5,2.49,413688,849186,1.03,2.29,0.5,1.6,-2.4,중립,음봉,잔구간,0.4,-0.41,2026-09-03
CBRX,0.5,9.66,396476,820609,3.83,6.97,0.5,-2.6,9.5,강한매수,장대양봉,완만한상승,0.98,3.48,2026-09-03
GRND,0.5,15.66,542077,1039758,8.49,17.01,0.5,2.7,-2.7,매도주의,장대음봉,수횡파,0.14,-1.83,2026-09-03
SHMD,0.5,3.1,357770,783663,1.11,3.83,0.3,-0.9,-4.3,매도주의,장대음봉,잔구간,0.11,-1.235,2026-09-03
NVDS,0.5,17.744,391126,783800,6.94,11.6,0.6,-1.1,-1.7,중립,음봉,잔구간,0.36,-0.435,2026-09-03
CRF,0.5,6.49,996443,1905143,6.47,11.1,0.6,0.0,1.4,매수관심,장대양봉,잔구간,0.82,1.19,2026-09-03
CYH,0.5,2.91,726726,1343217,2.11,3.29,0.6,0.5,-0.2,중립,팽이도지,완만한상승,0.31,0.67,2026-09-03
DBRG,0.5,15.94,1921910,3880563,30.64,76.99,0.4,-0.1,-0.1,매도주의,장대음봉,잔구간,0.0,-1.3,2026-09-03
DAIC,0.5,3.34,3846717,7057600,12.85,116.4,0.1,13.3,-3.2,중립,음봉,완만한상승,0.42,0.1,2026-09-03
AVXL,0.5,2.85,421922,860062,1.2,2.9,0.4,0.3,-1.7,중립,음봉,잔구간,0.25,-0.5,2026-09-03
NGEN,0.5,2.32,434342,833760,1.01,1.6,0.6,0.4,-0.9,중립,망치형,잔구간,0.53,0.52,2026-09-03
OKLL,0.5,2.35,6288432,11991916,14.78,28.56,0.5,0.9,0.4,중립,위꼬리양봉,완만한상승,0.24,-0.41,2026-09-03
CRDL,0.5,2.16,976671,1982005,2.11,3.8,0.6,0.5,-0.9,중립,망치형,잔구간,0.65,0.59,2026-09-03
ERIC,0.5,10.13,5558644,11840657,56.31,93.35,0.6,0.8,0.1,중립,팽이도지,잔구간,0.68,0.11,2026-09-03
GDXY,0.5,11.53,607136,1129009,7.0,12.45,0.6,2.0,0.3,매수관심,양봉스프링,잔구간,0.96,1.025,2026-09-03
GENB,0.5,16.34,964048,1953571,15.75,36.67,0.4,0.7,-0.4,중립,팽이도지,잔구간,0.6,0.06,2026-09-03
REAX,0.5,18.4,698612,1493660,12.85,31.93,0.4,2.1,0.0,중립,팽이도지,잔구간,0.39,-0.065,2026-09-03
AAOZ,0.5,15.22,523242,1023936,7.96,21.75,0.4,2.6,2.7,중립,위꼬리양봉,전고점돌파,0.45,0.44,2026-09-03
SBS,0.5,5.13,6993172,13523020,35.87,64.95,0.6,2.4,-1.5,매도주의,장대음봉,완만한상승,0.38,-1.24,2026-09-03
EMAT,0.4,3.29,345742,908149,1.14,5.11,0.2,-1.2,-2.7,중립,음봉,잔구간,0.36,-0.435,2026-09-03
CRMG,0.4,10.62,2108536,4761833,22.39,35.14,0.6,3.6,2.0,중립,양봉,전고점부근,0.44,0.18,2026-09-03
SGLD,0.4,5.73,2230583,5698642,12.78,39.55,0.3,-10.4,-11.6,중립,무참고,정보부족,,0.0,2026-09-03
AIV,0.3,2.54,512040,1500973,1.3,3.64,0.4,0.0,-0.8,중립,음봉,잔구간,0.2,-0.53,2026-09-03
ENIC,0.3,4.38,361290,1189062,1.58,3.79,0.4,0.0,0.0,중립,팽이도지,잔구간,0.34,-0.095,2026-09-03
NCPL,0.3,0.629,8595075,33646281,5.4,50.79,0.1,-9.7,-32.4,매도주의,장대음봉,잔구간,0.13,-1.22,2026-09-03
SSM,0.3,3.5,305606,1206321,1.07,19.55,0.1,-10.2,-18.8,매도주의,장대음봉,잔구간,0.18,-1.19,2026-09-03
BRNX,0.3,3.04,737253,2323107,2.24,12.17,0.2,4.7,-8.2,중립,음봉,전저점부근,0.45,-0.01,2026-09-03
QBTZ,0.3,3.93,927506,2707705,3.65,11.32,0.3,-1.2,-3.4,매도주의,장대음봉,잔구간,0.26,-1.145,2026-09-03
PMI,0.2,4.49,306947,1802779,1.38,63.24,0.0,-0.9,-1.1,중립,망치형,잔구간,0.78,0.67,2026-09-03
